[stage3] beta=15.79 n_iter=120 centres=[{'P': 925.0, 'h': 200.0, 'pad': 0.04, 'seed': 7777, 'J_hard': 0.467815723076336, 'tag': 'P925_h200_pad0.040_s7777'}, {'P': 850.0, 'h': 200.0, 'pad': 0.04, 'seed': 1001, 'J_hard': 0.4154288926867705, 'tag': 'P850_h200_pad0.040_s1001'}, {'P': 925.0, 'h': 200.0, 'pad': 0.08, 'seed': 1001, 'J_hard': 0.38238615062688946, 'tag': 'P925_h200_pad0.080_s1001'}, {'P': 925.0, 'h': 160.0, 'pad': 0.04, 'seed': 1001, 'J_hard': 0.37869848102990306, 'tag': 'P925_h160_pad0.040_s1001'}, {'P': 925.0, 'h': 200.0, 'pad': 0.12, 'seed': 1001, 'J_hard': 0.36991323142014276, 'tag': 'P925_h200_pad0.120_s1001'}]
[P925_h200_pad0.040] it   0 J=0.43371 A_min=0.3956 A_mean=0.4451 |g|=5.89e-02 bin=0.166 S_flip=0.873 t=2s
[P925_h200_pad0.040] it   1 J=0.45464 A_min=0.4078 A_mean=0.4727 |g|=4.52e-02 bin=0.155 S_flip=0.933 t=4s
[P925_h200_pad0.040] it   2 J=0.44986 A_min=0.4036 A_mean=0.4682 |g|=5.24e-02 bin=0.145 S_flip=0.941 t=6s
[P925_h200_pad0.040] it   3 J=0.46419 A_min=0.4208 A_mean=0.4784 |g|=2.10e-02 bin=0.137 S_flip=0.928 t=7s
[P925_h200_pad0.040] it   4 J=0.46530 A_min=0.4217 A_mean=0.4800 |g|=1.60e-02 bin=0.130 S_flip=0.913 t=9s
[P925_h200_pad0.040] it   5 J=0.46025 A_min=0.4159 A_mean=0.4761 |g|=3.19e-02 bin=0.123 S_flip=0.906 t=10s
[P925_h200_pad0.040] it   6 J=0.46129 A_min=0.4170 A_mean=0.4770 |g|=3.10e-02 bin=0.116 S_flip=0.909 t=12s
[P925_h200_pad0.040] it   7 J=0.46660 A_min=0.4234 A_mean=0.4809 |g|=1.83e-02 bin=0.109 S_flip=0.919 t=13s
[P925_h200_pad0.040] it   8 J=0.46954 A_min=0.4278 A_mean=0.4822 |g|=5.13e-03 bin=0.103 S_flip=0.932 t=15s
[P925_h200_pad0.040] it   9 J=0.46800 A_min=0.4273 A_mean=0.4800 |g|=2.06e-02 bin=0.097 S_flip=0.942 t=16s
[P925_h200_pad0.040] it  10 J=0.46664 A_min=0.4264 A_mean=0.4786 |g|=2.79e-02 bin=0.092 S_flip=0.948 t=17s
[P925_h200_pad0.040] it  11 J=0.46868 A_min=0.4286 A_mean=0.4802 |g|=2.42e-02 bin=0.087 S_flip=0.949 t=19s
[P925_h200_pad0.040] it  12 J=0.47199 A_min=0.4322 A_mean=0.4830 |g|=1.25e-02 bin=0.083 S_flip=0.946 t=20s
[P925_h200_pad0.040] it  13 J=0.47325 A_min=0.4338 A_mean=0.4841 |g|=5.04e-03 bin=0.079 S_flip=0.942 t=21s
[P925_h200_pad0.040] it  14 J=0.47244 A_min=0.4334 A_mean=0.4833 |g|=1.53e-02 bin=0.076 S_flip=0.940 t=23s
[P925_h200_pad0.040] it  15 J=0.47210 A_min=0.4337 A_mean=0.4827 |g|=1.96e-02 bin=0.072 S_flip=0.940 t=24s
[P925_h200_pad0.040] it  16 J=0.47355 A_min=0.4358 A_mean=0.4836 |g|=1.65e-02 bin=0.069 S_flip=0.944 t=26s
[P925_h200_pad0.040] it  17 J=0.47568 A_min=0.4385 A_mean=0.4850 |g|=7.74e-03 bin=0.066 S_flip=0.951 t=27s
[P925_h200_pad0.040] it  18 J=0.47666 A_min=0.4399 A_mean=0.4856 |g|=6.99e-03 bin=0.062 S_flip=0.958 t=28s
[P925_h200_pad0.040] it  19 J=0.47644 A_min=0.4399 A_mean=0.4852 |g|=1.60e-02 bin=0.060 S_flip=0.964 t=30s
[P925_h200_pad0.040] it  20 J=0.47664 A_min=0.4404 A_mean=0.4852 |g|=1.93e-02 bin=0.057 S_flip=0.967 t=31s
[P925_h200_pad0.040] it  21 J=0.47804 A_min=0.4424 A_mean=0.4862 |g|=1.53e-02 bin=0.054 S_flip=0.968 t=33s
[P925_h200_pad0.040] it  22 J=0.47959 A_min=0.4445 A_mean=0.4874 |g|=6.41e-03 bin=0.052 S_flip=0.967 t=34s
[P925_h200_pad0.040] it  23 J=0.48016 A_min=0.4453 A_mean=0.4879 |g|=6.41e-03 bin=0.050 S_flip=0.965 t=35s
[P925_h200_pad0.040] it  24 J=0.48014 A_min=0.4453 A_mean=0.4879 |g|=1.33e-02 bin=0.048 S_flip=0.965 t=37s
[P925_h200_pad0.040] it  25 J=0.48069 A_min=0.4461 A_mean=0.4883 |g|=1.44e-02 bin=0.046 S_flip=0.967 t=38s
[P925_h200_pad0.040] it  26 J=0.48195 A_min=0.4480 A_mean=0.4892 |g|=9.12e-03 bin=0.044 S_flip=0.971 t=39s
[P925_h200_pad0.040] it  27 J=0.48296 A_min=0.4497 A_mean=0.4897 |g|=3.21e-03 bin=0.043 S_flip=0.976 t=41s
[P925_h200_pad0.040] it  28 J=0.48324 A_min=0.4506 A_mean=0.4897 |g|=1.04e-02 bin=0.041 S_flip=0.980 t=42s
[P925_h200_pad0.040] it  29 J=0.48351 A_min=0.4513 A_mean=0.4898 |g|=1.42e-02 bin=0.039 S_flip=0.983 t=44s
[P925_h200_pad0.040] it  30 J=0.48440 A_min=0.4526 A_mean=0.4905 |g|=1.14e-02 bin=0.038 S_flip=0.984 t=45s
[P925_h200_pad0.040] it  31 J=0.48539 A_min=0.4539 A_mean=0.4913 |g|=4.10e-03 bin=0.036 S_flip=0.984 t=46s
[P925_h200_pad0.040] it  32 J=0.48585 A_min=0.4545 A_mean=0.4917 |g|=6.87e-03 bin=0.035 S_flip=0.984 t=48s
[P925_h200_pad0.040] it  33 J=0.48616 A_min=0.4551 A_mean=0.4919 |g|=1.15e-02 bin=0.034 S_flip=0.984 t=49s
[P925_h200_pad0.040] it  34 J=0.48689 A_min=0.4563 A_mean=0.4924 |g|=9.75e-03 bin=0.033 S_flip=0.987 t=51s
[P925_h200_pad0.040] it  35 J=0.48776 A_min=0.4579 A_mean=0.4929 |g|=3.31e-03 bin=0.031 S_flip=0.990 t=52s
[P925_h200_pad0.040] it  36 J=0.48823 A_min=0.4590 A_mean=0.4932 |g|=6.94e-03 bin=0.030 S_flip=0.993 t=54s
[P925_h200_pad0.040] it  37 J=0.48855 A_min=0.4597 A_mean=0.4933 |g|=1.13e-02 bin=0.029 S_flip=0.996 t=56s
[P925_h200_pad0.040] it  38 J=0.48918 A_min=0.4607 A_mean=0.4938 |g|=9.39e-03 bin=0.027 S_flip=0.997 t=57s
[P925_h200_pad0.040] it  39 J=0.48986 A_min=0.4618 A_mean=0.4944 |g|=3.23e-03 bin=0.026 S_flip=0.997 t=58s
[P925_h200_pad0.040] it  40 J=0.49025 A_min=0.4624 A_mean=0.4947 |g|=6.21e-03 bin=0.025 S_flip=0.997 t=60s
[P925_h200_pad0.040] it  41 J=0.49062 A_min=0.4631 A_mean=0.4949 |g|=8.96e-03 bin=0.024 S_flip=0.998 t=61s
[P925_h200_pad0.040] it  42 J=0.49122 A_min=0.4641 A_mean=0.4954 |g|=5.72e-03 bin=0.023 S_flip=1.000 t=62s
[P925_h200_pad0.040] it  43 J=0.49174 A_min=0.4651 A_mean=0.4957 |g|=3.08e-03 bin=0.022 S_flip=1.002 t=63s
[P925_h200_pad0.040] it  44 J=0.49206 A_min=0.4657 A_mean=0.4959 |g|=7.92e-03 bin=0.022 S_flip=1.004 t=65s
[P925_h200_pad0.040] it  45 J=0.49248 A_min=0.4664 A_mean=0.4962 |g|=8.10e-03 bin=0.021 S_flip=1.005 t=67s
[P925_h200_pad0.040] it  46 J=0.49300 A_min=0.4672 A_mean=0.4967 |g|=3.58e-03 bin=0.020 S_flip=1.005 t=68s
[P925_h200_pad0.040] it  47 J=0.49340 A_min=0.4678 A_mean=0.4970 |g|=4.47e-03 bin=0.020 S_flip=1.006 t=70s
[P925_h200_pad0.040] it  48 J=0.49380 A_min=0.4684 A_mean=0.4973 |g|=6.75e-03 bin=0.019 S_flip=1.006 t=71s
[P925_h200_pad0.040] it  49 J=0.49429 A_min=0.4693 A_mean=0.4977 |g|=4.00e-03 bin=0.018 S_flip=1.008 t=73s
[P925_h200_pad0.040] it  50 J=0.49471 A_min=0.4701 A_mean=0.4980 |g|=3.21e-03 bin=0.017 S_flip=1.009 t=74s
[P925_h200_pad0.040] it  51 J=0.49505 A_min=0.4707 A_mean=0.4982 |g|=5.83e-03 bin=0.016 S_flip=1.011 t=76s
[P925_h200_pad0.040] it  52 J=0.49542 A_min=0.4713 A_mean=0.4986 |g|=4.11e-03 bin=0.016 S_flip=1.011 t=77s
[P925_h200_pad0.040] it  53 J=0.49576 A_min=0.4717 A_mean=0.4989 |g|=2.69e-03 bin=0.015 S_flip=1.012 t=79s
[P925_h200_pad0.040] it  54 J=0.49603 A_min=0.4722 A_mean=0.4991 |g|=5.60e-03 bin=0.014 S_flip=1.012 t=80s
[P925_h200_pad0.040] it  55 J=0.49637 A_min=0.4728 A_mean=0.4993 |g|=3.51e-03 bin=0.014 S_flip=1.013 t=82s
[P925_h200_pad0.040] it  56 J=0.49668 A_min=0.4735 A_mean=0.4995 |g|=4.36e-03 bin=0.013 S_flip=1.014 t=83s
[P925_h200_pad0.040] it  57 J=0.49694 A_min=0.4741 A_mean=0.4997 |g|=7.27e-03 bin=0.013 S_flip=1.015 t=85s
[P925_h200_pad0.040] it  58 J=0.49726 A_min=0.4746 A_mean=0.5000 |g|=3.48e-03 bin=0.012 S_flip=1.014 t=86s
[P925_h200_pad0.040] it  59 J=0.49749 A_min=0.4749 A_mean=0.5002 |g|=4.26e-03 bin=0.011 S_flip=1.014 t=87s
[P925_h200_pad0.040] it  60 J=0.49770 A_min=0.4752 A_mean=0.5003 |g|=6.29e-03 bin=0.011 S_flip=1.014 t=89s
[P925_h200_pad0.040] it  61 J=0.49796 A_min=0.4758 A_mean=0.5005 |g|=2.59e-03 bin=0.011 S_flip=1.015 t=90s
[P925_h200_pad0.040] it  62 J=0.49816 A_min=0.4763 A_mean=0.5007 |g|=4.37e-03 bin=0.010 S_flip=1.015 t=92s
[P925_h200_pad0.040] it  63 J=0.49836 A_min=0.4766 A_mean=0.5008 |g|=5.11e-03 bin=0.010 S_flip=1.016 t=93s
[P925_h200_pad0.040] it  64 J=0.49859 A_min=0.4769 A_mean=0.5010 |g|=2.10e-03 bin=0.009 S_flip=1.016 t=95s
[P925_h200_pad0.040] it  65 J=0.49877 A_min=0.4772 A_mean=0.5012 |g|=3.87e-03 bin=0.009 S_flip=1.016 t=96s
[P925_h200_pad0.040] it  66 J=0.49897 A_min=0.4775 A_mean=0.5014 |g|=4.50e-03 bin=0.009 S_flip=1.016 t=97s
[P925_h200_pad0.040] it  67 J=0.49920 A_min=0.4780 A_mean=0.5015 |g|=2.29e-03 bin=0.008 S_flip=1.017 t=99s
[P925_h200_pad0.040] it  68 J=0.49941 A_min=0.4784 A_mean=0.5017 |g|=3.98e-03 bin=0.008 S_flip=1.018 t=100s
[P925_h200_pad0.040] it  69 J=0.49961 A_min=0.4788 A_mean=0.5018 |g|=6.07e-03 bin=0.008 S_flip=1.019 t=101s
[P925_h200_pad0.040] it  70 J=0.49986 A_min=0.4791 A_mean=0.5021 |g|=4.37e-03 bin=0.007 S_flip=1.019 t=103s
[P925_h200_pad0.040] it  71 J=0.50007 A_min=0.4794 A_mean=0.5023 |g|=2.52e-03 bin=0.007 S_flip=1.018 t=104s
[P925_h200_pad0.040] it  72 J=0.50023 A_min=0.4796 A_mean=0.5024 |g|=5.69e-03 bin=0.007 S_flip=1.018 t=106s
[P925_h200_pad0.040] it  73 J=0.50042 A_min=0.4799 A_mean=0.5026 |g|=4.43e-03 bin=0.006 S_flip=1.018 t=107s
[P925_h200_pad0.040] it  74 J=0.50060 A_min=0.4802 A_mean=0.5027 |g|=2.05e-03 bin=0.006 S_flip=1.019 t=109s
[P925_h200_pad0.040] it  75 J=0.50073 A_min=0.4805 A_mean=0.5028 |g|=4.59e-03 bin=0.006 S_flip=1.020 t=110s
[P925_h200_pad0.040] it  76 J=0.50086 A_min=0.4806 A_mean=0.5029 |g|=4.15e-03 bin=0.005 S_flip=1.020 t=111s
[P925_h200_pad0.040] it  77 J=0.50098 A_min=0.4807 A_mean=0.5031 |g|=1.66e-03 bin=0.005 S_flip=1.020 t=113s
[P925_h200_pad0.040] it  78 J=0.50107 A_min=0.4808 A_mean=0.5032 |g|=3.41e-03 bin=0.005 S_flip=1.020 t=114s
[P925_h200_pad0.040] it  79 J=0.50115 A_min=0.4809 A_mean=0.5033 |g|=3.31e-03 bin=0.005 S_flip=1.020 t=116s
[P925_h200_pad0.040] it  80 J=0.50124 A_min=0.4810 A_mean=0.5033 |g|=1.54e-03 bin=0.005 S_flip=1.020 t=117s
[P925_h200_pad0.040] it  81 J=0.50131 A_min=0.4812 A_mean=0.5034 |g|=2.95e-03 bin=0.005 S_flip=1.021 t=118s
[P925_h200_pad0.040] it  82 J=0.50137 A_min=0.4813 A_mean=0.5034 |g|=3.41e-03 bin=0.004 S_flip=1.021 t=120s
[P925_h200_pad0.040] it  83 J=0.50144 A_min=0.4813 A_mean=0.5035 |g|=1.80e-03 bin=0.004 S_flip=1.021 t=121s
[P925_h200_pad0.040] it  84 J=0.50149 A_min=0.4814 A_mean=0.5036 |g|=2.32e-03 bin=0.004 S_flip=1.020 t=123s
[P925_h200_pad0.040] it  85 J=0.50154 A_min=0.4814 A_mean=0.5036 |g|=3.49e-03 bin=0.004 S_flip=1.020 t=124s
[P925_h200_pad0.040] it  86 J=0.50160 A_min=0.4815 A_mean=0.5037 |g|=2.54e-03 bin=0.004 S_flip=1.020 t=126s
[P925_h200_pad0.040] it  87 J=0.50165 A_min=0.4816 A_mean=0.5037 |g|=1.67e-03 bin=0.004 S_flip=1.020 t=127s
[P925_h200_pad0.040] it  88 J=0.50170 A_min=0.4817 A_mean=0.5037 |g|=2.44e-03 bin=0.004 S_flip=1.021 t=129s
[P925_h200_pad0.040] it  89 J=0.50175 A_min=0.4817 A_mean=0.5038 |g|=2.52e-03 bin=0.004 S_flip=1.021 t=130s
[P925_h200_pad0.040] it  90 J=0.50181 A_min=0.4818 A_mean=0.5038 |g|=2.07e-03 bin=0.004 S_flip=1.021 t=132s
[P925_h200_pad0.040] it  91 J=0.50186 A_min=0.4819 A_mean=0.5039 |g|=2.14e-03 bin=0.004 S_flip=1.021 t=133s
[P925_h200_pad0.040] it  92 J=0.50190 A_min=0.4820 A_mean=0.5039 |g|=2.12e-03 bin=0.003 S_flip=1.021 t=135s
[P925_h200_pad0.040] it  93 J=0.50195 A_min=0.4820 A_mean=0.5040 |g|=1.81e-03 bin=0.003 S_flip=1.021 t=136s
[P925_h200_pad0.040] it  94 J=0.50198 A_min=0.4821 A_mean=0.5040 |g|=1.66e-03 bin=0.003 S_flip=1.021 t=138s
[P925_h200_pad0.040] it  95 J=0.50201 A_min=0.4821 A_mean=0.5040 |g|=1.67e-03 bin=0.003 S_flip=1.021 t=139s
[P925_h200_pad0.040] it  96 J=0.50204 A_min=0.4822 A_mean=0.5040 |g|=1.72e-03 bin=0.003 S_flip=1.021 t=140s
[P925_h200_pad0.040] it  97 J=0.50206 A_min=0.4822 A_mean=0.5041 |g|=1.83e-03 bin=0.002 S_flip=1.021 t=142s
[P925_h200_pad0.040] it  98 J=0.50209 A_min=0.4823 A_mean=0.5041 |g|=1.75e-03 bin=0.002 S_flip=1.021 t=144s
[P925_h200_pad0.040] it  99 J=0.50211 A_min=0.4823 A_mean=0.5041 |g|=1.55e-03 bin=0.002 S_flip=1.021 t=145s
[P925_h200_pad0.040] it 100 J=0.50212 A_min=0.4823 A_mean=0.5041 |g|=1.48e-03 bin=0.002 S_flip=1.022 t=147s
[P925_h200_pad0.040] it 101 J=0.50214 A_min=0.4823 A_mean=0.5041 |g|=1.48e-03 bin=0.002 S_flip=1.022 t=148s
[P925_h200_pad0.040] it 102 J=0.50215 A_min=0.4824 A_mean=0.5041 |g|=1.41e-03 bin=0.002 S_flip=1.022 t=150s
[P925_h200_pad0.040] it 103 J=0.50215 A_min=0.4824 A_mean=0.5041 |g|=1.28e-03 bin=0.002 S_flip=1.022 t=151s
[P925_h200_pad0.040] it 104 J=0.50216 A_min=0.4824 A_mean=0.5041 |g|=1.13e-03 bin=0.002 S_flip=1.022 t=152s
[P925_h200_pad0.040] it 105 J=0.50216 A_min=0.4824 A_mean=0.5041 |g|=1.04e-03 bin=0.002 S_flip=1.022 t=154s
[P925_h200_pad0.040] it 106 J=0.50217 A_min=0.4824 A_mean=0.5041 |g|=1.02e-03 bin=0.002 S_flip=1.022 t=155s
[P925_h200_pad0.040] it 107 J=0.50217 A_min=0.4824 A_mean=0.5041 |g|=1.03e-03 bin=0.002 S_flip=1.022 t=156s
[P925_h200_pad0.040] it 108 J=0.50217 A_min=0.4824 A_mean=0.5042 |g|=1.00e-03 bin=0.001 S_flip=1.022 t=158s
[P925_h200_pad0.040] it 109 J=0.50217 A_min=0.4824 A_mean=0.5042 |g|=9.50e-04 bin=0.001 S_flip=1.022 t=159s
[P925_h200_pad0.040] it 110 J=0.50217 A_min=0.4824 A_mean=0.5042 |g|=8.84e-04 bin=0.001 S_flip=1.022 t=161s
[P925_h200_pad0.040] it 111 J=0.50218 A_min=0.4824 A_mean=0.5042 |g|=8.28e-04 bin=0.001 S_flip=1.022 t=162s
[P925_h200_pad0.040] it 112 J=0.50218 A_min=0.4824 A_mean=0.5042 |g|=7.86e-04 bin=0.001 S_flip=1.022 t=164s
[P925_h200_pad0.040] it 113 J=0.50218 A_min=0.4824 A_mean=0.5042 |g|=7.61e-04 bin=0.001 S_flip=1.022 t=165s
[P925_h200_pad0.040] it 114 J=0.50218 A_min=0.4824 A_mean=0.5042 |g|=7.53e-04 bin=0.001 S_flip=1.022 t=166s
[P925_h200_pad0.040] it 115 J=0.50218 A_min=0.4825 A_mean=0.5042 |g|=7.65e-04 bin=0.001 S_flip=1.022 t=168s
[P925_h200_pad0.040] it 116 J=0.50218 A_min=0.4825 A_mean=0.5042 |g|=8.03e-04 bin=0.001 S_flip=1.022 t=169s
[P925_h200_pad0.040] it 117 J=0.50218 A_min=0.4825 A_mean=0.5042 |g|=8.68e-04 bin=0.001 S_flip=1.022 t=171s
[P925_h200_pad0.040] it 118 J=0.50218 A_min=0.4825 A_mean=0.5042 |g|=9.64e-04 bin=0.001 S_flip=1.022 t=172s
[P925_h200_pad0.040] it 119 J=0.50218 A_min=0.4825 A_mean=0.5042 |g|=1.09e-03 bin=0.001 S_flip=1.022 t=174s
[P925_h200_pad0.040] done: J_soft=0.50218 J_hard=0.50217 A_hard=[0.5126, 0.5173, 0.4825] S_flip=1.022 wall=176s
[P975_h200_pad0.040] it   0 J=0.28642 A_min=0.2828 A_mean=0.2865 |g|=2.53e-02 bin=0.164 S_flip=0.875 t=1s
[P975_h200_pad0.040] it   1 J=0.31624 A_min=0.3127 A_mean=0.3163 |g|=2.26e-02 bin=0.153 S_flip=0.908 t=3s
[P975_h200_pad0.040] it   2 J=0.34418 A_min=0.3379 A_mean=0.3444 |g|=2.67e-02 bin=0.143 S_flip=0.936 t=4s
[P975_h200_pad0.040] it   3 J=0.37799 A_min=0.3690 A_mean=0.3788 |g|=3.36e-02 bin=0.134 S_flip=0.969 t=6s
[P975_h200_pad0.040] it   4 J=0.41728 A_min=0.4016 A_mean=0.4222 |g|=3.11e-02 bin=0.126 S_flip=1.005 t=7s
[P975_h200_pad0.040] it   5 J=0.44677 A_min=0.4294 A_mean=0.4555 |g|=1.54e-02 bin=0.118 S_flip=1.038 t=8s
[P975_h200_pad0.040] it   6 J=0.44555 A_min=0.4100 A_mean=0.4569 |g|=2.49e-02 bin=0.112 S_flip=1.063 t=10s
[P975_h200_pad0.040] it   7 J=0.43205 A_min=0.3881 A_mean=0.4471 |g|=4.13e-02 bin=0.104 S_flip=1.073 t=11s
[P975_h200_pad0.040] it   8 J=0.43378 A_min=0.3924 A_mean=0.4461 |g|=3.76e-02 bin=0.096 S_flip=1.075 t=13s
[P975_h200_pad0.040] it   9 J=0.44262 A_min=0.4075 A_mean=0.4505 |g|=2.71e-02 bin=0.089 S_flip=1.074 t=14s
[P975_h200_pad0.040] it  10 J=0.45045 A_min=0.4207 A_mean=0.4556 |g|=1.57e-02 bin=0.083 S_flip=1.069 t=16s
[P975_h200_pad0.040] it  11 J=0.45416 A_min=0.4265 A_mean=0.4586 |g|=7.69e-03 bin=0.077 S_flip=1.063 t=17s
[P975_h200_pad0.040] it  12 J=0.45423 A_min=0.4262 A_mean=0.4590 |g|=7.51e-03 bin=0.072 S_flip=1.057 t=18s
[P975_h200_pad0.040] it  13 J=0.45256 A_min=0.4235 A_mean=0.4578 |g|=1.09e-02 bin=0.067 S_flip=1.052 t=20s
[P975_h200_pad0.040] it  14 J=0.45095 A_min=0.4212 A_mean=0.4565 |g|=1.33e-02 bin=0.063 S_flip=1.049 t=21s
[P975_h200_pad0.040] it  15 J=0.45043 A_min=0.4206 A_mean=0.4560 |g|=1.44e-02 bin=0.060 S_flip=1.048 t=23s
[P975_h200_pad0.040] it  16 J=0.45126 A_min=0.4217 A_mean=0.4568 |g|=1.42e-02 bin=0.056 S_flip=1.050 t=24s
[P975_h200_pad0.040] it  17 J=0.45323 A_min=0.4243 A_mean=0.4587 |g|=1.31e-02 bin=0.053 S_flip=1.053 t=26s
[P975_h200_pad0.040] it  18 J=0.45583 A_min=0.4278 A_mean=0.4612 |g|=1.12e-02 bin=0.050 S_flip=1.058 t=27s
[P975_h200_pad0.040] it  19 J=0.45851 A_min=0.4315 A_mean=0.4637 |g|=8.70e-03 bin=0.048 S_flip=1.064 t=29s
[P975_h200_pad0.040] it  20 J=0.46077 A_min=0.4346 A_mean=0.4657 |g|=5.80e-03 bin=0.045 S_flip=1.070 t=30s
[P975_h200_pad0.040] it  21 J=0.46225 A_min=0.4366 A_mean=0.4670 |g|=3.11e-03 bin=0.043 S_flip=1.076 t=32s
[P975_h200_pad0.040] it  22 J=0.46287 A_min=0.4374 A_mean=0.4674 |g|=2.91e-03 bin=0.041 S_flip=1.081 t=34s
[P975_h200_pad0.040] it  23 J=0.46280 A_min=0.4371 A_mean=0.4673 |g|=5.21e-03 bin=0.039 S_flip=1.086 t=35s
[P975_h200_pad0.040] it  24 J=0.46241 A_min=0.4364 A_mean=0.4669 |g|=7.38e-03 bin=0.037 S_flip=1.089 t=37s
[P975_h200_pad0.040] it  25 J=0.46213 A_min=0.4358 A_mean=0.4666 |g|=8.73e-03 bin=0.035 S_flip=1.092 t=38s
[P975_h200_pad0.040] it  26 J=0.46223 A_min=0.4360 A_mean=0.4667 |g|=9.11e-03 bin=0.033 S_flip=1.093 t=40s
[P975_h200_pad0.040] it  27 J=0.46277 A_min=0.4370 A_mean=0.4672 |g|=8.58e-03 bin=0.032 S_flip=1.092 t=41s
[P975_h200_pad0.040] it  28 J=0.46361 A_min=0.4385 A_mean=0.4680 |g|=7.32e-03 bin=0.030 S_flip=1.091 t=43s
[P975_h200_pad0.040] it  29 J=0.46450 A_min=0.4403 A_mean=0.4689 |g|=5.66e-03 bin=0.029 S_flip=1.089 t=44s
[P975_h200_pad0.040] it  30 J=0.46525 A_min=0.4420 A_mean=0.4697 |g|=3.97e-03 bin=0.028 S_flip=1.086 t=45s
[P975_h200_pad0.040] it  31 J=0.46576 A_min=0.4433 A_mean=0.4702 |g|=2.79e-03 bin=0.026 S_flip=1.084 t=47s
[P975_h200_pad0.040] it  32 J=0.46603 A_min=0.4443 A_mean=0.4705 |g|=2.67e-03 bin=0.025 S_flip=1.081 t=48s
[P975_h200_pad0.040] it  33 J=0.46616 A_min=0.4449 A_mean=0.4706 |g|=3.32e-03 bin=0.024 S_flip=1.079 t=49s
[P975_h200_pad0.040] it  34 J=0.46624 A_min=0.4453 A_mean=0.4706 |g|=4.03e-03 bin=0.023 S_flip=1.077 t=50s
[P975_h200_pad0.040] it  35 J=0.46637 A_min=0.4456 A_mean=0.4706 |g|=4.49e-03 bin=0.022 S_flip=1.076 t=51s
[P975_h200_pad0.040] it  36 J=0.46661 A_min=0.4459 A_mean=0.4707 |g|=4.64e-03 bin=0.021 S_flip=1.075 t=53s
[P975_h200_pad0.040] it  37 J=0.46696 A_min=0.4464 A_mean=0.4709 |g|=4.47e-03 bin=0.020 S_flip=1.075 t=54s
[P975_h200_pad0.040] it  38 J=0.46739 A_min=0.4468 A_mean=0.4712 |g|=4.02e-03 bin=0.019 S_flip=1.075 t=55s
[P975_h200_pad0.040] it  39 J=0.46785 A_min=0.4473 A_mean=0.4714 |g|=3.35e-03 bin=0.019 S_flip=1.076 t=56s
[P975_h200_pad0.040] it  40 J=0.46828 A_min=0.4477 A_mean=0.4717 |g|=2.57e-03 bin=0.018 S_flip=1.077 t=58s
[P975_h200_pad0.040] it  41 J=0.46864 A_min=0.4481 A_mean=0.4718 |g|=1.89e-03 bin=0.017 S_flip=1.078 t=59s
[P975_h200_pad0.040] it  42 J=0.46890 A_min=0.4484 A_mean=0.4719 |g|=1.67e-03 bin=0.017 S_flip=1.079 t=60s
[P975_h200_pad0.040] it  43 J=0.46906 A_min=0.4486 A_mean=0.4718 |g|=2.02e-03 bin=0.016 S_flip=1.080 t=61s
[P975_h200_pad0.040] it  44 J=0.46918 A_min=0.4488 A_mean=0.4718 |g|=2.56e-03 bin=0.015 S_flip=1.080 t=63s
[P975_h200_pad0.040] it  45 J=0.46928 A_min=0.4490 A_mean=0.4718 |g|=3.03e-03 bin=0.015 S_flip=1.080 t=64s
[P975_h200_pad0.040] it  46 J=0.46940 A_min=0.4493 A_mean=0.4718 |g|=3.31e-03 bin=0.014 S_flip=1.080 t=66s
[P975_h200_pad0.040] it  47 J=0.46957 A_min=0.4497 A_mean=0.4719 |g|=3.38e-03 bin=0.014 S_flip=1.079 t=67s
[P975_h200_pad0.040] it  48 J=0.46978 A_min=0.4501 A_mean=0.4720 |g|=3.25e-03 bin=0.013 S_flip=1.078 t=69s
[P975_h200_pad0.040] it  49 J=0.47004 A_min=0.4505 A_mean=0.4723 |g|=2.94e-03 bin=0.013 S_flip=1.077 t=70s
[P975_h200_pad0.040] it  50 J=0.47030 A_min=0.4510 A_mean=0.4725 |g|=2.51e-03 bin=0.012 S_flip=1.076 t=72s
[P975_h200_pad0.040] it  51 J=0.47055 A_min=0.4515 A_mean=0.4727 |g|=2.08e-03 bin=0.012 S_flip=1.075 t=73s
[P975_h200_pad0.040] it  52 J=0.47076 A_min=0.4519 A_mean=0.4730 |g|=1.82e-03 bin=0.011 S_flip=1.074 t=74s
[P975_h200_pad0.040] it  53 J=0.47092 A_min=0.4522 A_mean=0.4731 |g|=1.83e-03 bin=0.011 S_flip=1.073 t=76s
[P975_h200_pad0.040] it  54 J=0.47106 A_min=0.4525 A_mean=0.4732 |g|=2.04e-03 bin=0.010 S_flip=1.072 t=77s
[P975_h200_pad0.040] it  55 J=0.47118 A_min=0.4528 A_mean=0.4733 |g|=2.26e-03 bin=0.010 S_flip=1.071 t=79s
[P975_h200_pad0.040] it  56 J=0.47130 A_min=0.4531 A_mean=0.4735 |g|=2.40e-03 bin=0.009 S_flip=1.071 t=80s
[P975_h200_pad0.040] it  57 J=0.47144 A_min=0.4534 A_mean=0.4736 |g|=2.43e-03 bin=0.009 S_flip=1.071 t=82s
[P975_h200_pad0.040] it  58 J=0.47160 A_min=0.4537 A_mean=0.4737 |g|=2.35e-03 bin=0.009 S_flip=1.071 t=83s
[P975_h200_pad0.040] it  59 J=0.47177 A_min=0.4540 A_mean=0.4738 |g|=2.19e-03 bin=0.008 S_flip=1.072 t=85s
[P975_h200_pad0.040] it  60 J=0.47193 A_min=0.4543 A_mean=0.4740 |g|=1.98e-03 bin=0.008 S_flip=1.072 t=86s
[P975_h200_pad0.040] it  61 J=0.47209 A_min=0.4545 A_mean=0.4741 |g|=1.74e-03 bin=0.007 S_flip=1.073 t=88s
[P975_h200_pad0.040] it  62 J=0.47223 A_min=0.4548 A_mean=0.4742 |g|=1.53e-03 bin=0.007 S_flip=1.073 t=89s
[P975_h200_pad0.040] it  63 J=0.47235 A_min=0.4550 A_mean=0.4743 |g|=1.45e-03 bin=0.007 S_flip=1.074 t=91s
[P975_h200_pad0.040] it  64 J=0.47246 A_min=0.4551 A_mean=0.4744 |g|=1.54e-03 bin=0.006 S_flip=1.074 t=92s
[P975_h200_pad0.040] it  65 J=0.47256 A_min=0.4553 A_mean=0.4744 |g|=1.67e-03 bin=0.006 S_flip=1.075 t=94s
[P975_h200_pad0.040] it  66 J=0.47266 A_min=0.4555 A_mean=0.4745 |g|=1.79e-03 bin=0.006 S_flip=1.075 t=95s
[P975_h200_pad0.040] it  67 J=0.47276 A_min=0.4557 A_mean=0.4746 |g|=1.89e-03 bin=0.006 S_flip=1.075 t=97s
[P975_h200_pad0.040] it  68 J=0.47287 A_min=0.4559 A_mean=0.4747 |g|=1.95e-03 bin=0.006 S_flip=1.075 t=98s
[P975_h200_pad0.040] it  69 J=0.47298 A_min=0.4561 A_mean=0.4748 |g|=1.94e-03 bin=0.006 S_flip=1.075 t=100s
[P975_h200_pad0.040] it  70 J=0.47309 A_min=0.4563 A_mean=0.4749 |g|=1.91e-03 bin=0.005 S_flip=1.075 t=101s
[P975_h200_pad0.040] it  71 J=0.47320 A_min=0.4565 A_mean=0.4750 |g|=1.91e-03 bin=0.005 S_flip=1.075 t=103s
[P975_h200_pad0.040] it  72 J=0.47331 A_min=0.4567 A_mean=0.4752 |g|=1.91e-03 bin=0.005 S_flip=1.074 t=104s
[P975_h200_pad0.040] it  73 J=0.47342 A_min=0.4569 A_mean=0.4753 |g|=1.92e-03 bin=0.005 S_flip=1.074 t=106s
[P975_h200_pad0.040] it  74 J=0.47353 A_min=0.4572 A_mean=0.4754 |g|=1.96e-03 bin=0.005 S_flip=1.074 t=107s
[P975_h200_pad0.040] it  75 J=0.47364 A_min=0.4574 A_mean=0.4755 |g|=2.01e-03 bin=0.005 S_flip=1.074 t=109s
[P975_h200_pad0.040] it  76 J=0.47374 A_min=0.4576 A_mean=0.4756 |g|=2.05e-03 bin=0.004 S_flip=1.074 t=110s
[P975_h200_pad0.040] it  77 J=0.47385 A_min=0.4578 A_mean=0.4757 |g|=2.02e-03 bin=0.004 S_flip=1.074 t=112s
[P975_h200_pad0.040] it  78 J=0.47395 A_min=0.4579 A_mean=0.4757 |g|=1.91e-03 bin=0.004 S_flip=1.074 t=113s
[P975_h200_pad0.040] it  79 J=0.47404 A_min=0.4581 A_mean=0.4758 |g|=1.78e-03 bin=0.004 S_flip=1.074 t=115s
[P975_h200_pad0.040] it  80 J=0.47412 A_min=0.4582 A_mean=0.4759 |g|=1.69e-03 bin=0.003 S_flip=1.074 t=116s
[P975_h200_pad0.040] it  81 J=0.47420 A_min=0.4583 A_mean=0.4759 |g|=1.67e-03 bin=0.003 S_flip=1.074 t=117s
[P975_h200_pad0.040] it  82 J=0.47427 A_min=0.4584 A_mean=0.4760 |g|=1.72e-03 bin=0.003 S_flip=1.074 t=118s
[P975_h200_pad0.040] it  83 J=0.47433 A_min=0.4586 A_mean=0.4760 |g|=1.81e-03 bin=0.003 S_flip=1.073 t=120s
[P975_h200_pad0.040] it  84 J=0.47440 A_min=0.4587 A_mean=0.4761 |g|=1.97e-03 bin=0.003 S_flip=1.073 t=121s
[P975_h200_pad0.040] it  85 J=0.47447 A_min=0.4588 A_mean=0.4761 |g|=2.24e-03 bin=0.003 S_flip=1.073 t=122s
[P975_h200_pad0.040] it  86 J=0.47456 A_min=0.4589 A_mean=0.4762 |g|=2.58e-03 bin=0.003 S_flip=1.073 t=124s
[P975_h200_pad0.040] it  87 J=0.47465 A_min=0.4591 A_mean=0.4763 |g|=2.72e-03 bin=0.003 S_flip=1.073 t=125s
[P975_h200_pad0.040] it  88 J=0.47475 A_min=0.4592 A_mean=0.4764 |g|=2.52e-03 bin=0.003 S_flip=1.073 t=126s
[P975_h200_pad0.040] it  89 J=0.47483 A_min=0.4594 A_mean=0.4764 |g|=2.06e-03 bin=0.002 S_flip=1.073 t=128s
[P975_h200_pad0.040] it  90 J=0.47489 A_min=0.4595 A_mean=0.4765 |g|=1.74e-03 bin=0.002 S_flip=1.073 t=129s
[P975_h200_pad0.040] it  91 J=0.47494 A_min=0.4595 A_mean=0.4765 |g|=1.51e-03 bin=0.002 S_flip=1.073 t=130s
[P975_h200_pad0.040] it  92 J=0.47497 A_min=0.4596 A_mean=0.4765 |g|=1.44e-03 bin=0.001 S_flip=1.073 t=131s
[P975_h200_pad0.040] it  93 J=0.47500 A_min=0.4596 A_mean=0.4765 |g|=1.55e-03 bin=0.001 S_flip=1.073 t=133s
[P975_h200_pad0.040] it  94 J=0.47503 A_min=0.4597 A_mean=0.4766 |g|=1.64e-03 bin=0.001 S_flip=1.073 t=134s
[P975_h200_pad0.040] it  95 J=0.47506 A_min=0.4597 A_mean=0.4766 |g|=1.61e-03 bin=0.001 S_flip=1.072 t=135s
[P975_h200_pad0.040] it  96 J=0.47509 A_min=0.4598 A_mean=0.4766 |g|=1.58e-03 bin=0.001 S_flip=1.072 t=136s
[P975_h200_pad0.040] it  97 J=0.47512 A_min=0.4598 A_mean=0.4766 |g|=1.71e-03 bin=0.001 S_flip=1.072 t=138s
[P975_h200_pad0.040] it  98 J=0.47514 A_min=0.4598 A_mean=0.4766 |g|=1.93e-03 bin=0.001 S_flip=1.072 t=139s
[P975_h200_pad0.040] it  99 J=0.47516 A_min=0.4599 A_mean=0.4767 |g|=1.95e-03 bin=0.001 S_flip=1.072 t=140s
[P975_h200_pad0.040] it 100 J=0.47518 A_min=0.4599 A_mean=0.4767 |g|=1.71e-03 bin=0.001 S_flip=1.072 t=141s
[P975_h200_pad0.040] it 101 J=0.47520 A_min=0.4599 A_mean=0.4767 |g|=1.38e-03 bin=0.001 S_flip=1.072 t=143s
[P975_h200_pad0.040] it 102 J=0.47521 A_min=0.4600 A_mean=0.4767 |g|=1.22e-03 bin=0.001 S_flip=1.072 t=144s
[P975_h200_pad0.040] it 103 J=0.47522 A_min=0.4600 A_mean=0.4767 |g|=1.18e-03 bin=0.001 S_flip=1.072 t=146s
[P975_h200_pad0.040] it 104 J=0.47522 A_min=0.4600 A_mean=0.4767 |g|=1.17e-03 bin=0.001 S_flip=1.072 t=147s
[P975_h200_pad0.040] it 105 J=0.47523 A_min=0.4600 A_mean=0.4767 |g|=1.17e-03 bin=0.001 S_flip=1.072 t=148s
[P975_h200_pad0.040] it 106 J=0.47523 A_min=0.4600 A_mean=0.4767 |g|=1.18e-03 bin=0.001 S_flip=1.072 t=150s
[P975_h200_pad0.040] it 107 J=0.47524 A_min=0.4600 A_mean=0.4767 |g|=1.21e-03 bin=0.000 S_flip=1.072 t=151s
[P975_h200_pad0.040] it 108 J=0.47524 A_min=0.4600 A_mean=0.4767 |g|=1.25e-03 bin=0.000 S_flip=1.072 t=153s
[P975_h200_pad0.040] it 109 J=0.47524 A_min=0.4600 A_mean=0.4767 |g|=1.31e-03 bin=0.000 S_flip=1.072 t=154s
[P975_h200_pad0.040] it 110 J=0.47525 A_min=0.4600 A_mean=0.4767 |g|=1.37e-03 bin=0.000 S_flip=1.072 t=156s
[P975_h200_pad0.040] it 111 J=0.47525 A_min=0.4600 A_mean=0.4767 |g|=1.44e-03 bin=0.000 S_flip=1.072 t=157s
[P975_h200_pad0.040] it 112 J=0.47525 A_min=0.4600 A_mean=0.4767 |g|=1.51e-03 bin=0.000 S_flip=1.072 t=159s
[P975_h200_pad0.040] it 113 J=0.47525 A_min=0.4600 A_mean=0.4767 |g|=1.57e-03 bin=0.000 S_flip=1.072 t=160s
[P975_h200_pad0.040] it 114 J=0.47525 A_min=0.4600 A_mean=0.4767 |g|=1.64e-03 bin=0.000 S_flip=1.072 t=162s
[P975_h200_pad0.040] it 115 J=0.47525 A_min=0.4600 A_mean=0.4767 |g|=1.69e-03 bin=0.000 S_flip=1.072 t=163s
[P975_h200_pad0.040] it 116 J=0.47525 A_min=0.4600 A_mean=0.4768 |g|=1.75e-03 bin=0.000 S_flip=1.072 t=165s
[P975_h200_pad0.040] it 117 J=0.47525 A_min=0.4600 A_mean=0.4768 |g|=1.79e-03 bin=0.000 S_flip=1.072 t=166s
[P975_h200_pad0.040] it 118 J=0.47525 A_min=0.4600 A_mean=0.4768 |g|=1.84e-03 bin=0.000 S_flip=1.072 t=168s
[P975_h200_pad0.040] it 119 J=0.47525 A_min=0.4600 A_mean=0.4768 |g|=1.88e-03 bin=0.000 S_flip=1.072 t=169s
[P975_h200_pad0.040] done: J_soft=0.47525 J_hard=0.47524 A_hard=[0.4763, 0.4939, 0.46] S_flip=1.072 wall=172s
[P875_h200_pad0.040] it   0 J=0.26815 A_min=0.2259 A_mean=0.2954 |g|=5.31e-02 bin=0.168 S_flip=0.871 t=1s
[P875_h200_pad0.040] it   1 J=0.36345 A_min=0.3387 A_mean=0.3762 |g|=8.94e-02 bin=0.164 S_flip=0.814 t=3s
[P875_h200_pad0.040] it   2 J=0.43259 A_min=0.3951 A_mean=0.4465 |g|=2.30e-02 bin=0.160 S_flip=0.755 t=5s
[P875_h200_pad0.040] it   3 J=0.40201 A_min=0.3520 A_mean=0.4372 |g|=7.45e-02 bin=0.155 S_flip=0.713 t=6s
[P875_h200_pad0.040] it   4 J=0.39126 A_min=0.3401 A_mean=0.4293 |g|=7.82e-02 bin=0.147 S_flip=0.706 t=8s
[P875_h200_pad0.040] it   5 J=0.40512 A_min=0.3514 A_mean=0.4418 |g|=7.90e-02 bin=0.139 S_flip=0.719 t=9s
[P875_h200_pad0.040] it   6 J=0.43257 A_min=0.3786 A_mean=0.4648 |g|=6.66e-02 bin=0.130 S_flip=0.743 t=10s
[P875_h200_pad0.040] it   7 J=0.45265 A_min=0.4063 A_mean=0.4735 |g|=1.46e-02 bin=0.121 S_flip=0.773 t=12s
[P875_h200_pad0.040] it   8 J=0.44218 A_min=0.4066 A_mean=0.4586 |g|=6.00e-02 bin=0.112 S_flip=0.799 t=13s
[P875_h200_pad0.040] it   9 J=0.42956 A_min=0.3965 A_mean=0.4479 |g|=8.09e-02 bin=0.105 S_flip=0.812 t=15s
[P875_h200_pad0.040] it  10 J=0.43458 A_min=0.3994 A_mean=0.4536 |g|=7.72e-02 bin=0.100 S_flip=0.812 t=16s
[P875_h200_pad0.040] it  11 J=0.45004 A_min=0.4092 A_mean=0.4689 |g|=5.21e-02 bin=0.096 S_flip=0.804 t=18s
[P875_h200_pad0.040] it  12 J=0.45894 A_min=0.4110 A_mean=0.4799 |g|=7.63e-03 bin=0.092 S_flip=0.791 t=19s
[P875_h200_pad0.040] it  13 J=0.45391 A_min=0.4025 A_mean=0.4782 |g|=3.82e-02 bin=0.089 S_flip=0.781 t=20s
[P875_h200_pad0.040] it  14 J=0.44718 A_min=0.3955 A_mean=0.4723 |g|=5.59e-02 bin=0.085 S_flip=0.777 t=22s
[P875_h200_pad0.040] it  15 J=0.44745 A_min=0.3964 A_mean=0.4717 |g|=5.65e-02 bin=0.080 S_flip=0.781 t=23s
[P875_h200_pad0.040] it  16 J=0.45395 A_min=0.4039 A_mean=0.4762 |g|=4.33e-02 bin=0.076 S_flip=0.791 t=25s
[P875_h200_pad0.040] it  17 J=0.46069 A_min=0.4126 A_mean=0.4803 |g|=1.71e-02 bin=0.071 S_flip=0.803 t=26s
[P875_h200_pad0.040] it  18 J=0.46181 A_min=0.4159 A_mean=0.4799 |g|=1.69e-02 bin=0.066 S_flip=0.816 t=28s
[P875_h200_pad0.040] it  19 J=0.45827 A_min=0.4139 A_mean=0.4765 |g|=4.00e-02 bin=0.062 S_flip=0.826 t=29s
[P875_h200_pad0.040] it  20 J=0.45612 A_min=0.4121 A_mean=0.4746 |g|=4.85e-02 bin=0.059 S_flip=0.831 t=30s
[P875_h200_pad0.040] it  21 J=0.45825 A_min=0.4139 A_mean=0.4764 |g|=4.33e-02 bin=0.056 S_flip=0.832 t=32s
[P875_h200_pad0.040] it  22 J=0.46249 A_min=0.4175 A_mean=0.4798 |g|=2.69e-02 bin=0.054 S_flip=0.830 t=33s
[P875_h200_pad0.040] it  23 J=0.46484 A_min=0.4191 A_mean=0.4819 |g|=5.62e-03 bin=0.052 S_flip=0.827 t=35s
[P875_h200_pad0.040] it  24 J=0.46399 A_min=0.4176 A_mean=0.4814 |g|=1.80e-02 bin=0.050 S_flip=0.824 t=36s
[P875_h200_pad0.040] it  25 J=0.46224 A_min=0.4155 A_mean=0.4800 |g|=3.03e-02 bin=0.048 S_flip=0.823 t=37s
[P875_h200_pad0.040] it  26 J=0.46220 A_min=0.4155 A_mean=0.4799 |g|=3.26e-02 bin=0.046 S_flip=0.824 t=39s
[P875_h200_pad0.040] it  27 J=0.46420 A_min=0.4179 A_mean=0.4815 |g|=2.55e-02 bin=0.044 S_flip=0.829 t=40s
[P875_h200_pad0.040] it  28 J=0.46656 A_min=0.4209 A_mean=0.4833 |g|=1.14e-02 bin=0.042 S_flip=0.835 t=42s
[P875_h200_pad0.040] it  29 J=0.46745 A_min=0.4224 A_mean=0.4839 |g|=7.43e-03 bin=0.040 S_flip=0.841 t=43s
[P875_h200_pad0.040] it  30 J=0.46681 A_min=0.4222 A_mean=0.4833 |g|=2.10e-02 bin=0.038 S_flip=0.847 t=45s
[P875_h200_pad0.040] it  31 J=0.46620 A_min=0.4219 A_mean=0.4828 |g|=2.80e-02 bin=0.036 S_flip=0.851 t=46s
[P875_h200_pad0.040] it  32 J=0.46684 A_min=0.4226 A_mean=0.4833 |g|=2.66e-02 bin=0.035 S_flip=0.853 t=48s
[P875_h200_pad0.040] it  33 J=0.46837 A_min=0.4240 A_mean=0.4846 |g|=1.80e-02 bin=0.033 S_flip=0.853 t=49s
[P875_h200_pad0.040] it  34 J=0.46955 A_min=0.4249 A_mean=0.4856 |g|=5.59e-03 bin=0.032 S_flip=0.853 t=51s
[P875_h200_pad0.040] it  35 J=0.46970 A_min=0.4247 A_mean=0.4859 |g|=9.06e-03 bin=0.031 S_flip=0.852 t=52s
[P875_h200_pad0.040] it  36 J=0.46935 A_min=0.4241 A_mean=0.4857 |g|=1.77e-02 bin=0.029 S_flip=0.852 t=53s
[P875_h200_pad0.040] it  37 J=0.46945 A_min=0.4242 A_mean=0.4858 |g|=2.03e-02 bin=0.028 S_flip=0.854 t=55s
[P875_h200_pad0.040] it  38 J=0.47027 A_min=0.4254 A_mean=0.4864 |g|=1.64e-02 bin=0.027 S_flip=0.857 t=56s
[P875_h200_pad0.040] it  39 J=0.47129 A_min=0.4269 A_mean=0.4869 |g|=7.94e-03 bin=0.026 S_flip=0.861 t=58s
[P875_h200_pad0.040] it  40 J=0.47184 A_min=0.4281 A_mean=0.4871 |g|=4.49e-03 bin=0.025 S_flip=0.866 t=59s
[P875_h200_pad0.040] it  41 J=0.47186 A_min=0.4286 A_mean=0.4869 |g|=1.28e-02 bin=0.023 S_flip=0.870 t=61s
[P875_h200_pad0.040] it  42 J=0.47188 A_min=0.4289 A_mean=0.4867 |g|=1.74e-02 bin=0.022 S_flip=0.873 t=62s
[P875_h200_pad0.040] it  43 J=0.47234 A_min=0.4295 A_mean=0.4870 |g|=1.65e-02 bin=0.021 S_flip=0.875 t=64s
[P875_h200_pad0.040] it  44 J=0.47309 A_min=0.4303 A_mean=0.4876 |g|=1.09e-02 bin=0.020 S_flip=0.876 t=66s
[P875_h200_pad0.040] it  45 J=0.47369 A_min=0.4308 A_mean=0.4881 |g|=3.52e-03 bin=0.020 S_flip=0.876 t=67s
[P875_h200_pad0.040] it  46 J=0.47393 A_min=0.4308 A_mean=0.4883 |g|=6.50e-03 bin=0.019 S_flip=0.877 t=69s
[P875_h200_pad0.040] it  47 J=0.47401 A_min=0.4308 A_mean=0.4884 |g|=1.16e-02 bin=0.018 S_flip=0.878 t=70s
[P875_h200_pad0.040] it  48 J=0.47426 A_min=0.4312 A_mean=0.4885 |g|=1.29e-02 bin=0.017 S_flip=0.879 t=72s
[P875_h200_pad0.040] it  49 J=0.47476 A_min=0.4320 A_mean=0.4887 |g|=1.01e-02 bin=0.017 S_flip=0.882 t=73s
[P875_h200_pad0.040] it  50 J=0.47531 A_min=0.4330 A_mean=0.4889 |g|=4.73e-03 bin=0.016 S_flip=0.885 t=75s
[P875_h200_pad0.040] it  51 J=0.47568 A_min=0.4338 A_mean=0.4890 |g|=4.21e-03 bin=0.015 S_flip=0.888 t=76s
[P875_h200_pad0.040] it  52 J=0.47588 A_min=0.4344 A_mean=0.4890 |g|=9.05e-03 bin=0.015 S_flip=0.891 t=78s
[P875_h200_pad0.040] it  53 J=0.47610 A_min=0.4348 A_mean=0.4890 |g|=1.15e-02 bin=0.014 S_flip=0.893 t=79s
[P875_h200_pad0.040] it  54 J=0.47646 A_min=0.4354 A_mean=0.4892 |g|=1.09e-02 bin=0.013 S_flip=0.895 t=81s
[P875_h200_pad0.040] it  55 J=0.47689 A_min=0.4359 A_mean=0.4895 |g|=7.83e-03 bin=0.013 S_flip=0.896 t=82s
[P875_h200_pad0.040] it  56 J=0.47728 A_min=0.4362 A_mean=0.4898 |g|=3.89e-03 bin=0.012 S_flip=0.896 t=83s
[P875_h200_pad0.040] it  57 J=0.47755 A_min=0.4365 A_mean=0.4900 |g|=3.73e-03 bin=0.012 S_flip=0.897 t=85s
[P875_h200_pad0.040] it  58 J=0.47778 A_min=0.4367 A_mean=0.4902 |g|=6.43e-03 bin=0.012 S_flip=0.898 t=86s
[P875_h200_pad0.040] it  59 J=0.47805 A_min=0.4371 A_mean=0.4903 |g|=7.30e-03 bin=0.011 S_flip=0.899 t=88s
[P875_h200_pad0.040] it  60 J=0.47839 A_min=0.4377 A_mean=0.4905 |g|=5.76e-03 bin=0.011 S_flip=0.901 t=89s
[P875_h200_pad0.040] it  61 J=0.47873 A_min=0.4383 A_mean=0.4907 |g|=3.21e-03 bin=0.010 S_flip=0.903 t=91s
[P875_h200_pad0.040] it  62 J=0.47901 A_min=0.4388 A_mean=0.4908 |g|=4.12e-03 bin=0.010 S_flip=0.905 t=93s
[P875_h200_pad0.040] it  63 J=0.47924 A_min=0.4393 A_mean=0.4909 |g|=6.62e-03 bin=0.009 S_flip=0.906 t=94s
[P875_h200_pad0.040] it  64 J=0.47946 A_min=0.4396 A_mean=0.4911 |g|=7.44e-03 bin=0.009 S_flip=0.908 t=96s
[P875_h200_pad0.040] it  65 J=0.47971 A_min=0.4399 A_mean=0.4913 |g|=6.17e-03 bin=0.009 S_flip=0.909 t=97s
[P875_h200_pad0.040] it  66 J=0.47995 A_min=0.4401 A_mean=0.4915 |g|=3.71e-03 bin=0.008 S_flip=0.909 t=99s
[P875_h200_pad0.040] it  67 J=0.48015 A_min=0.4403 A_mean=0.4917 |g|=2.46e-03 bin=0.008 S_flip=0.910 t=101s
[P875_h200_pad0.040] it  68 J=0.48034 A_min=0.4405 A_mean=0.4919 |g|=3.61e-03 bin=0.008 S_flip=0.911 t=102s
[P875_h200_pad0.040] it  69 J=0.48055 A_min=0.4407 A_mean=0.4920 |g|=4.20e-03 bin=0.008 S_flip=0.912 t=104s
[P875_h200_pad0.040] it  70 J=0.48076 A_min=0.4411 A_mean=0.4922 |g|=3.55e-03 bin=0.007 S_flip=0.913 t=105s
[P875_h200_pad0.040] it  71 J=0.48095 A_min=0.4414 A_mean=0.4923 |g|=2.51e-03 bin=0.007 S_flip=0.914 t=106s
[P875_h200_pad0.040] it  72 J=0.48111 A_min=0.4417 A_mean=0.4924 |g|=2.34e-03 bin=0.006 S_flip=0.915 t=108s
[P875_h200_pad0.040] it  73 J=0.48126 A_min=0.4419 A_mean=0.4925 |g|=3.14e-03 bin=0.006 S_flip=0.916 t=109s
[P875_h200_pad0.040] it  74 J=0.48140 A_min=0.4422 A_mean=0.4925 |g|=3.67e-03 bin=0.006 S_flip=0.917 t=110s
[P875_h200_pad0.040] it  75 J=0.48153 A_min=0.4423 A_mean=0.4926 |g|=3.52e-03 bin=0.006 S_flip=0.918 t=112s
[P875_h200_pad0.040] it  76 J=0.48166 A_min=0.4425 A_mean=0.4927 |g|=3.02e-03 bin=0.005 S_flip=0.918 t=113s
[P875_h200_pad0.040] it  77 J=0.48179 A_min=0.4427 A_mean=0.4928 |g|=2.81e-03 bin=0.005 S_flip=0.919 t=115s
[P875_h200_pad0.040] it  78 J=0.48192 A_min=0.4428 A_mean=0.4929 |g|=2.87e-03 bin=0.005 S_flip=0.919 t=116s
[P875_h200_pad0.040] it  79 J=0.48206 A_min=0.4430 A_mean=0.4930 |g|=2.82e-03 bin=0.005 S_flip=0.919 t=118s
[P875_h200_pad0.040] it  80 J=0.48218 A_min=0.4432 A_mean=0.4931 |g|=2.82e-03 bin=0.005 S_flip=0.920 t=119s
[P875_h200_pad0.040] it  81 J=0.48230 A_min=0.4434 A_mean=0.4931 |g|=3.05e-03 bin=0.005 S_flip=0.920 t=120s
[P875_h200_pad0.040] it  82 J=0.48243 A_min=0.4436 A_mean=0.4932 |g|=3.35e-03 bin=0.005 S_flip=0.921 t=122s
[P875_h200_pad0.040] it  83 J=0.48256 A_min=0.4439 A_mean=0.4932 |g|=3.49e-03 bin=0.004 S_flip=0.921 t=123s
[P875_h200_pad0.040] it  84 J=0.48270 A_min=0.4442 A_mean=0.4932 |g|=3.66e-03 bin=0.004 S_flip=0.922 t=125s
[P875_h200_pad0.040] it  85 J=0.48284 A_min=0.4445 A_mean=0.4933 |g|=4.19e-03 bin=0.004 S_flip=0.922 t=126s
[P875_h200_pad0.040] it  86 J=0.48297 A_min=0.4447 A_mean=0.4933 |g|=4.55e-03 bin=0.004 S_flip=0.922 t=128s
[P875_h200_pad0.040] it  87 J=0.48309 A_min=0.4449 A_mean=0.4934 |g|=4.57e-03 bin=0.004 S_flip=0.923 t=129s
[P875_h200_pad0.040] it  88 J=0.48321 A_min=0.4451 A_mean=0.4934 |g|=4.40e-03 bin=0.004 S_flip=0.923 t=131s
[P875_h200_pad0.040] it  89 J=0.48332 A_min=0.4453 A_mean=0.4935 |g|=4.20e-03 bin=0.004 S_flip=0.923 t=132s
[P875_h200_pad0.040] it  90 J=0.48342 A_min=0.4454 A_mean=0.4936 |g|=3.81e-03 bin=0.003 S_flip=0.924 t=134s
[P875_h200_pad0.040] it  91 J=0.48351 A_min=0.4455 A_mean=0.4937 |g|=3.13e-03 bin=0.003 S_flip=0.924 t=135s
[P875_h200_pad0.040] it  92 J=0.48358 A_min=0.4455 A_mean=0.4938 |g|=2.33e-03 bin=0.003 S_flip=0.924 t=136s
[P875_h200_pad0.040] it  93 J=0.48363 A_min=0.4455 A_mean=0.4938 |g|=1.95e-03 bin=0.002 S_flip=0.924 t=138s
[P875_h200_pad0.040] it  94 J=0.48367 A_min=0.4455 A_mean=0.4939 |g|=2.09e-03 bin=0.002 S_flip=0.925 t=140s
[P875_h200_pad0.040] it  95 J=0.48370 A_min=0.4455 A_mean=0.4940 |g|=2.24e-03 bin=0.002 S_flip=0.925 t=141s
[P875_h200_pad0.040] it  96 J=0.48374 A_min=0.4455 A_mean=0.4940 |g|=2.34e-03 bin=0.002 S_flip=0.925 t=142s
[P875_h200_pad0.040] it  97 J=0.48376 A_min=0.4455 A_mean=0.4940 |g|=2.49e-03 bin=0.002 S_flip=0.925 t=144s
[P875_h200_pad0.040] it  98 J=0.48379 A_min=0.4455 A_mean=0.4941 |g|=2.63e-03 bin=0.002 S_flip=0.925 t=146s
[P875_h200_pad0.040] it  99 J=0.48382 A_min=0.4456 A_mean=0.4941 |g|=2.71e-03 bin=0.002 S_flip=0.925 t=147s
[P875_h200_pad0.040] it 100 J=0.48385 A_min=0.4456 A_mean=0.4941 |g|=2.70e-03 bin=0.002 S_flip=0.925 t=149s
[P875_h200_pad0.040] it 101 J=0.48388 A_min=0.4457 A_mean=0.4941 |g|=2.56e-03 bin=0.002 S_flip=0.926 t=150s
[P875_h200_pad0.040] it 102 J=0.48390 A_min=0.4457 A_mean=0.4941 |g|=2.40e-03 bin=0.002 S_flip=0.926 t=151s
[P875_h200_pad0.040] it 103 J=0.48393 A_min=0.4458 A_mean=0.4941 |g|=2.44e-03 bin=0.002 S_flip=0.926 t=153s
[P875_h200_pad0.040] it 104 J=0.48395 A_min=0.4458 A_mean=0.4942 |g|=2.67e-03 bin=0.002 S_flip=0.926 t=154s
[P875_h200_pad0.040] it 105 J=0.48397 A_min=0.4458 A_mean=0.4942 |g|=2.98e-03 bin=0.002 S_flip=0.926 t=156s
[P875_h200_pad0.040] it 106 J=0.48398 A_min=0.4459 A_mean=0.4942 |g|=3.26e-03 bin=0.002 S_flip=0.927 t=157s
[P875_h200_pad0.040] it 107 J=0.48400 A_min=0.4459 A_mean=0.4942 |g|=3.48e-03 bin=0.002 S_flip=0.927 t=159s
[P875_h200_pad0.040] it 108 J=0.48402 A_min=0.4459 A_mean=0.4942 |g|=3.62e-03 bin=0.001 S_flip=0.927 t=160s
[P875_h200_pad0.040] it 109 J=0.48403 A_min=0.4460 A_mean=0.4942 |g|=3.74e-03 bin=0.001 S_flip=0.927 t=162s
[P875_h200_pad0.040] it 110 J=0.48405 A_min=0.4460 A_mean=0.4942 |g|=3.82e-03 bin=0.001 S_flip=0.927 t=163s
[P875_h200_pad0.040] it 111 J=0.48406 A_min=0.4460 A_mean=0.4942 |g|=3.89e-03 bin=0.001 S_flip=0.927 t=165s
[P875_h200_pad0.040] it 112 J=0.48406 A_min=0.4460 A_mean=0.4942 |g|=3.92e-03 bin=0.001 S_flip=0.927 t=166s
[P875_h200_pad0.040] it 113 J=0.48407 A_min=0.4460 A_mean=0.4942 |g|=3.95e-03 bin=0.001 S_flip=0.927 t=168s
[P875_h200_pad0.040] it 114 J=0.48408 A_min=0.4460 A_mean=0.4943 |g|=3.96e-03 bin=0.001 S_flip=0.927 t=170s
[P875_h200_pad0.040] it 115 J=0.48408 A_min=0.4460 A_mean=0.4943 |g|=3.98e-03 bin=0.001 S_flip=0.927 t=171s
[P875_h200_pad0.040] it 116 J=0.48409 A_min=0.4460 A_mean=0.4943 |g|=4.01e-03 bin=0.001 S_flip=0.927 t=173s
[P875_h200_pad0.040] it 117 J=0.48409 A_min=0.4460 A_mean=0.4943 |g|=4.06e-03 bin=0.001 S_flip=0.927 t=174s
[P875_h200_pad0.040] it 118 J=0.48409 A_min=0.4460 A_mean=0.4943 |g|=4.12e-03 bin=0.001 S_flip=0.927 t=176s
[P875_h200_pad0.040] it 119 J=0.48409 A_min=0.4460 A_mean=0.4943 |g|=4.20e-03 bin=0.001 S_flip=0.927 t=177s
[P875_h200_pad0.040] done: J_soft=0.48409 J_hard=0.48411 A_hard=[0.5272, 0.51, 0.4459] S_flip=0.927 wall=179s
[P925_h220_pad0.040] it   0 J=0.37879 A_min=0.3605 A_mean=0.3807 |g|=6.81e-02 bin=0.166 S_flip=0.873 t=1s
[P925_h220_pad0.040] it   1 J=0.46753 A_min=0.4363 A_mean=0.4763 |g|=4.52e-02 bin=0.155 S_flip=0.933 t=3s
[P925_h220_pad0.040] it   2 J=0.46482 A_min=0.4166 A_mean=0.4848 |g|=5.84e-02 bin=0.147 S_flip=0.985 t=4s
[P925_h220_pad0.040] it   3 J=0.45052 A_min=0.4024 A_mean=0.4730 |g|=6.68e-02 bin=0.136 S_flip=0.995 t=6s
[P925_h220_pad0.040] it   4 J=0.46683 A_min=0.4234 A_mean=0.4827 |g|=4.94e-02 bin=0.127 S_flip=0.988 t=7s
[P925_h220_pad0.040] it   5 J=0.48299 A_min=0.4420 A_mean=0.4951 |g|=2.09e-02 bin=0.118 S_flip=0.974 t=9s
[P925_h220_pad0.040] it   6 J=0.48550 A_min=0.4436 A_mean=0.4985 |g|=9.87e-03 bin=0.111 S_flip=0.960 t=10s
[P925_h220_pad0.040] it   7 J=0.47983 A_min=0.4365 A_mean=0.4946 |g|=2.46e-02 bin=0.104 S_flip=0.949 t=12s
[P925_h220_pad0.040] it   8 J=0.47522 A_min=0.4313 A_mean=0.4907 |g|=3.07e-02 bin=0.098 S_flip=0.945 t=13s
[P925_h220_pad0.040] it   9 J=0.47518 A_min=0.4313 A_mean=0.4906 |g|=3.08e-02 bin=0.092 S_flip=0.946 t=15s
[P925_h220_pad0.040] it  10 J=0.47906 A_min=0.4357 A_mean=0.4940 |g|=2.67e-02 bin=0.087 S_flip=0.951 t=16s
[P925_h220_pad0.040] it  11 J=0.48447 A_min=0.4419 A_mean=0.4984 |g|=1.90e-02 bin=0.082 S_flip=0.958 t=18s
[P925_h220_pad0.040] it  12 J=0.48867 A_min=0.4472 A_mean=0.5013 |g|=9.00e-03 bin=0.077 S_flip=0.967 t=19s
[P925_h220_pad0.040] it  13 J=0.48995 A_min=0.4494 A_mean=0.5016 |g|=6.69e-03 bin=0.073 S_flip=0.976 t=21s
[P925_h220_pad0.040] it  14 J=0.48873 A_min=0.4487 A_mean=0.5001 |g|=1.54e-02 bin=0.069 S_flip=0.983 t=22s
[P925_h220_pad0.040] it  15 J=0.48711 A_min=0.4472 A_mean=0.4986 |g|=2.14e-02 bin=0.065 S_flip=0.988 t=24s
[P925_h220_pad0.040] it  16 J=0.48701 A_min=0.4470 A_mean=0.4986 |g|=2.30e-02 bin=0.062 S_flip=0.990 t=25s
[P925_h220_pad0.040] it  17 J=0.48879 A_min=0.4489 A_mean=0.5001 |g|=2.04e-02 bin=0.059 S_flip=0.990 t=26s
[P925_h220_pad0.040] it  18 J=0.49138 A_min=0.4519 A_mean=0.5022 |g|=1.44e-02 bin=0.056 S_flip=0.988 t=28s
[P925_h220_pad0.040] it  19 J=0.49333 A_min=0.4546 A_mean=0.5036 |g|=7.02e-03 bin=0.053 S_flip=0.985 t=29s
[P925_h220_pad0.040] it  20 J=0.49389 A_min=0.4562 A_mean=0.5038 |g|=4.03e-03 bin=0.051 S_flip=0.982 t=31s
[P925_h220_pad0.040] it  21 J=0.49339 A_min=0.4568 A_mean=0.5029 |g|=8.91e-03 bin=0.048 S_flip=0.980 t=32s
[P925_h220_pad0.040] it  22 J=0.49273 A_min=0.4570 A_mean=0.5020 |g|=1.26e-02 bin=0.046 S_flip=0.979 t=34s
[P925_h220_pad0.040] it  23 J=0.49269 A_min=0.4576 A_mean=0.5017 |g|=1.39e-02 bin=0.044 S_flip=0.979 t=35s
[P925_h220_pad0.040] it  24 J=0.49350 A_min=0.4586 A_mean=0.5022 |g|=1.28e-02 bin=0.042 S_flip=0.981 t=37s
[P925_h220_pad0.040] it  25 J=0.49485 A_min=0.4599 A_mean=0.5034 |g|=9.80e-03 bin=0.040 S_flip=0.984 t=38s
[P925_h220_pad0.040] it  26 J=0.49616 A_min=0.4611 A_mean=0.5046 |g|=5.68e-03 bin=0.039 S_flip=0.987 t=40s
[P925_h220_pad0.040] it  27 J=0.49695 A_min=0.4616 A_mean=0.5052 |g|=3.92e-03 bin=0.037 S_flip=0.991 t=41s
[P925_h220_pad0.040] it  28 J=0.49716 A_min=0.4616 A_mean=0.5054 |g|=7.28e-03 bin=0.035 S_flip=0.994 t=43s
[P925_h220_pad0.040] it  29 J=0.49713 A_min=0.4616 A_mean=0.5052 |g|=1.05e-02 bin=0.034 S_flip=0.997 t=44s
[P925_h220_pad0.040] it  30 J=0.49731 A_min=0.4620 A_mean=0.5053 |g|=1.20e-02 bin=0.032 S_flip=0.998 t=45s
[P925_h220_pad0.040] it  31 J=0.49792 A_min=0.4630 A_mean=0.5057 |g|=1.12e-02 bin=0.031 S_flip=0.999 t=47s
[P925_h220_pad0.040] it  32 J=0.49880 A_min=0.4643 A_mean=0.5063 |g|=8.68e-03 bin=0.030 S_flip=0.998 t=48s
[P925_h220_pad0.040] it  33 J=0.49962 A_min=0.4656 A_mean=0.5069 |g|=5.15e-03 bin=0.028 S_flip=0.997 t=50s
[P925_h220_pad0.040] it  34 J=0.50013 A_min=0.4665 A_mean=0.5072 |g|=2.83e-03 bin=0.027 S_flip=0.996 t=51s
[P925_h220_pad0.040] it  35 J=0.50034 A_min=0.4670 A_mean=0.5073 |g|=4.57e-03 bin=0.026 S_flip=0.995 t=52s
[P925_h220_pad0.040] it  36 J=0.50045 A_min=0.4674 A_mean=0.5074 |g|=6.77e-03 bin=0.025 S_flip=0.995 t=54s
[P925_h220_pad0.040] it  37 J=0.50068 A_min=0.4679 A_mean=0.5075 |g|=7.80e-03 bin=0.024 S_flip=0.995 t=55s
[P925_h220_pad0.040] it  38 J=0.50115 A_min=0.4687 A_mean=0.5077 |g|=7.44e-03 bin=0.024 S_flip=0.996 t=57s
[P925_h220_pad0.040] it  39 J=0.50177 A_min=0.4697 A_mean=0.5081 |g|=5.82e-03 bin=0.023 S_flip=0.998 t=58s
[P925_h220_pad0.040] it  40 J=0.50239 A_min=0.4707 A_mean=0.5085 |g|=3.61e-03 bin=0.022 S_flip=1.000 t=60s
[P925_h220_pad0.040] it  41 J=0.50284 A_min=0.4716 A_mean=0.5087 |g|=3.22e-03 bin=0.021 S_flip=1.002 t=61s
[P925_h220_pad0.040] it  42 J=0.50313 A_min=0.4723 A_mean=0.5088 |g|=5.33e-03 bin=0.020 S_flip=1.004 t=62s
[P925_h220_pad0.040] it  43 J=0.50337 A_min=0.4729 A_mean=0.5088 |g|=7.08e-03 bin=0.020 S_flip=1.006 t=64s
[P925_h220_pad0.040] it  44 J=0.50373 A_min=0.4737 A_mean=0.5090 |g|=7.45e-03 bin=0.019 S_flip=1.007 t=65s
[P925_h220_pad0.040] it  45 J=0.50421 A_min=0.4746 A_mean=0.5093 |g|=6.34e-03 bin=0.018 S_flip=1.007 t=66s
[P925_h220_pad0.040] it  46 J=0.50472 A_min=0.4755 A_mean=0.5097 |g|=4.20e-03 bin=0.018 S_flip=1.007 t=68s
[P925_h220_pad0.040] it  47 J=0.50512 A_min=0.4763 A_mean=0.5100 |g|=2.52e-03 bin=0.017 S_flip=1.007 t=69s
[P925_h220_pad0.040] it  48 J=0.50538 A_min=0.4769 A_mean=0.5101 |g|=3.57e-03 bin=0.016 S_flip=1.007 t=70s
[P925_h220_pad0.040] it  49 J=0.50561 A_min=0.4775 A_mean=0.5103 |g|=5.10e-03 bin=0.016 S_flip=1.007 t=72s
[P925_h220_pad0.040] it  50 J=0.50590 A_min=0.4782 A_mean=0.5104 |g|=5.52e-03 bin=0.015 S_flip=1.008 t=73s
[P925_h220_pad0.040] it  51 J=0.50629 A_min=0.4789 A_mean=0.5107 |g|=4.63e-03 bin=0.015 S_flip=1.009 t=74s
[P925_h220_pad0.040] it  52 J=0.50670 A_min=0.4797 A_mean=0.5109 |g|=3.09e-03 bin=0.014 S_flip=1.011 t=76s
[P925_h220_pad0.040] it  53 J=0.50704 A_min=0.4803 A_mean=0.5112 |g|=2.90e-03 bin=0.013 S_flip=1.012 t=77s
[P925_h220_pad0.040] it  54 J=0.50730 A_min=0.4808 A_mean=0.5113 |g|=4.52e-03 bin=0.013 S_flip=1.013 t=78s
[P925_h220_pad0.040] it  55 J=0.50754 A_min=0.4813 A_mean=0.5114 |g|=5.77e-03 bin=0.012 S_flip=1.014 t=80s
[P925_h220_pad0.040] it  56 J=0.50782 A_min=0.4819 A_mean=0.5116 |g|=5.82e-03 bin=0.011 S_flip=1.015 t=81s
[P925_h220_pad0.040] it  57 J=0.50813 A_min=0.4825 A_mean=0.5118 |g|=4.86e-03 bin=0.011 S_flip=1.015 t=83s
[P925_h220_pad0.040] it  58 J=0.50844 A_min=0.4831 A_mean=0.5121 |g|=3.56e-03 bin=0.010 S_flip=1.015 t=84s
[P925_h220_pad0.040] it  59 J=0.50871 A_min=0.4836 A_mean=0.5123 |g|=2.62e-03 bin=0.010 S_flip=1.015 t=86s
[P925_h220_pad0.040] it  60 J=0.50895 A_min=0.4841 A_mean=0.5124 |g|=2.48e-03 bin=0.009 S_flip=1.015 t=87s
[P925_h220_pad0.040] it  61 J=0.50916 A_min=0.4845 A_mean=0.5126 |g|=2.86e-03 bin=0.009 S_flip=1.015 t=89s
[P925_h220_pad0.040] it  62 J=0.50935 A_min=0.4849 A_mean=0.5127 |g|=3.28e-03 bin=0.009 S_flip=1.015 t=90s
[P925_h220_pad0.040] it  63 J=0.50954 A_min=0.4852 A_mean=0.5129 |g|=3.40e-03 bin=0.008 S_flip=1.016 t=92s
[P925_h220_pad0.040] it  64 J=0.50974 A_min=0.4855 A_mean=0.5130 |g|=3.06e-03 bin=0.008 S_flip=1.016 t=94s
[P925_h220_pad0.040] it  65 J=0.50995 A_min=0.4859 A_mean=0.5131 |g|=2.47e-03 bin=0.008 S_flip=1.016 t=95s
[P925_h220_pad0.040] it  66 J=0.51015 A_min=0.4862 A_mean=0.5133 |g|=2.18e-03 bin=0.008 S_flip=1.017 t=97s
[P925_h220_pad0.040] it  67 J=0.51034 A_min=0.4866 A_mean=0.5134 |g|=2.56e-03 bin=0.007 S_flip=1.018 t=98s
[P925_h220_pad0.040] it  68 J=0.51051 A_min=0.4869 A_mean=0.5135 |g|=3.00e-03 bin=0.007 S_flip=1.018 t=100s
[P925_h220_pad0.040] it  69 J=0.51069 A_min=0.4872 A_mean=0.5137 |g|=3.09e-03 bin=0.007 S_flip=1.019 t=101s
[P925_h220_pad0.040] it  70 J=0.51086 A_min=0.4876 A_mean=0.5138 |g|=2.92e-03 bin=0.007 S_flip=1.019 t=103s
[P925_h220_pad0.040] it  71 J=0.51105 A_min=0.4879 A_mean=0.5139 |g|=2.68e-03 bin=0.007 S_flip=1.019 t=104s
[P925_h220_pad0.040] it  72 J=0.51124 A_min=0.4883 A_mean=0.5141 |g|=2.43e-03 bin=0.007 S_flip=1.019 t=105s
[P925_h220_pad0.040] it  73 J=0.51142 A_min=0.4887 A_mean=0.5142 |g|=2.32e-03 bin=0.006 S_flip=1.020 t=107s
[P925_h220_pad0.040] it  74 J=0.51158 A_min=0.4890 A_mean=0.5143 |g|=2.57e-03 bin=0.006 S_flip=1.020 t=108s
[P925_h220_pad0.040] it  75 J=0.51174 A_min=0.4894 A_mean=0.5144 |g|=3.03e-03 bin=0.006 S_flip=1.021 t=110s
[P925_h220_pad0.040] it  76 J=0.51193 A_min=0.4898 A_mean=0.5145 |g|=3.23e-03 bin=0.006 S_flip=1.021 t=111s
[P925_h220_pad0.040] it  77 J=0.51210 A_min=0.4902 A_mean=0.5147 |g|=3.40e-03 bin=0.005 S_flip=1.021 t=113s
[P925_h220_pad0.040] it  78 J=0.51228 A_min=0.4906 A_mean=0.5148 |g|=3.50e-03 bin=0.005 S_flip=1.021 t=114s
[P925_h220_pad0.040] it  79 J=0.51245 A_min=0.4909 A_mean=0.5149 |g|=3.17e-03 bin=0.005 S_flip=1.021 t=115s
[P925_h220_pad0.040] it  80 J=0.51259 A_min=0.4912 A_mean=0.5150 |g|=2.95e-03 bin=0.005 S_flip=1.021 t=117s
[P925_h220_pad0.040] it  81 J=0.51273 A_min=0.4915 A_mean=0.5151 |g|=2.93e-03 bin=0.005 S_flip=1.021 t=118s
[P925_h220_pad0.040] it  82 J=0.51287 A_min=0.4918 A_mean=0.5153 |g|=2.77e-03 bin=0.004 S_flip=1.021 t=120s
[P925_h220_pad0.040] it  83 J=0.51300 A_min=0.4920 A_mean=0.5154 |g|=2.79e-03 bin=0.004 S_flip=1.021 t=121s
[P925_h220_pad0.040] it  84 J=0.51312 A_min=0.4923 A_mean=0.5154 |g|=2.92e-03 bin=0.004 S_flip=1.021 t=122s
[P925_h220_pad0.040] it  85 J=0.51323 A_min=0.4925 A_mean=0.5155 |g|=2.99e-03 bin=0.004 S_flip=1.021 t=124s
[P925_h220_pad0.040] it  86 J=0.51334 A_min=0.4927 A_mean=0.5156 |g|=2.84e-03 bin=0.004 S_flip=1.022 t=125s
[P925_h220_pad0.040] it  87 J=0.51345 A_min=0.4929 A_mean=0.5157 |g|=2.69e-03 bin=0.003 S_flip=1.022 t=127s
[P925_h220_pad0.040] it  88 J=0.51356 A_min=0.4931 A_mean=0.5158 |g|=2.49e-03 bin=0.003 S_flip=1.022 t=128s
[P925_h220_pad0.040] it  89 J=0.51366 A_min=0.4933 A_mean=0.5159 |g|=2.34e-03 bin=0.003 S_flip=1.022 t=130s
[P925_h220_pad0.040] it  90 J=0.51374 A_min=0.4934 A_mean=0.5159 |g|=2.27e-03 bin=0.003 S_flip=1.023 t=131s
[P925_h220_pad0.040] it  91 J=0.51380 A_min=0.4935 A_mean=0.5160 |g|=2.51e-03 bin=0.003 S_flip=1.023 t=132s
[P925_h220_pad0.040] it  92 J=0.51386 A_min=0.4936 A_mean=0.5160 |g|=2.90e-03 bin=0.003 S_flip=1.023 t=134s
[P925_h220_pad0.040] it  93 J=0.51391 A_min=0.4937 A_mean=0.5161 |g|=3.18e-03 bin=0.002 S_flip=1.024 t=135s
[P925_h220_pad0.040] it  94 J=0.51395 A_min=0.4938 A_mean=0.5161 |g|=3.28e-03 bin=0.002 S_flip=1.024 t=137s
[P925_h220_pad0.040] it  95 J=0.51400 A_min=0.4939 A_mean=0.5161 |g|=3.17e-03 bin=0.002 S_flip=1.024 t=138s
[P925_h220_pad0.040] it  96 J=0.51404 A_min=0.4940 A_mean=0.5162 |g|=2.82e-03 bin=0.002 S_flip=1.024 t=139s
[P925_h220_pad0.040] it  97 J=0.51408 A_min=0.4941 A_mean=0.5162 |g|=2.11e-03 bin=0.002 S_flip=1.023 t=141s
[P925_h220_pad0.040] it  98 J=0.51412 A_min=0.4941 A_mean=0.5162 |g|=1.75e-03 bin=0.002 S_flip=1.023 t=142s
[P925_h220_pad0.040] it  99 J=0.51414 A_min=0.4942 A_mean=0.5162 |g|=2.41e-03 bin=0.002 S_flip=1.023 t=144s
[P925_h220_pad0.040] it 100 J=0.51415 A_min=0.4943 A_mean=0.5163 |g|=3.20e-03 bin=0.002 S_flip=1.023 t=145s
[P925_h220_pad0.040] it 101 J=0.51417 A_min=0.4943 A_mean=0.5163 |g|=3.59e-03 bin=0.001 S_flip=1.023 t=147s
[P925_h220_pad0.040] it 102 J=0.51419 A_min=0.4943 A_mean=0.5163 |g|=3.54e-03 bin=0.001 S_flip=1.023 t=148s
[P925_h220_pad0.040] it 103 J=0.51420 A_min=0.4944 A_mean=0.5163 |g|=3.17e-03 bin=0.001 S_flip=1.023 t=150s
[P925_h220_pad0.040] it 104 J=0.51422 A_min=0.4944 A_mean=0.5163 |g|=2.58e-03 bin=0.001 S_flip=1.023 t=151s
[P925_h220_pad0.040] it 105 J=0.51423 A_min=0.4944 A_mean=0.5163 |g|=2.03e-03 bin=0.001 S_flip=1.023 t=152s
[P925_h220_pad0.040] it 106 J=0.51424 A_min=0.4944 A_mean=0.5163 |g|=1.77e-03 bin=0.001 S_flip=1.023 t=154s
[P925_h220_pad0.040] it 107 J=0.51425 A_min=0.4945 A_mean=0.5163 |g|=1.78e-03 bin=0.001 S_flip=1.024 t=155s
[P925_h220_pad0.040] it 108 J=0.51426 A_min=0.4945 A_mean=0.5163 |g|=1.79e-03 bin=0.001 S_flip=1.024 t=157s
[P925_h220_pad0.040] it 109 J=0.51426 A_min=0.4945 A_mean=0.5163 |g|=1.73e-03 bin=0.001 S_flip=1.024 t=158s
[P925_h220_pad0.040] it 110 J=0.51427 A_min=0.4945 A_mean=0.5163 |g|=1.67e-03 bin=0.001 S_flip=1.024 t=160s
[P925_h220_pad0.040] it 111 J=0.51427 A_min=0.4945 A_mean=0.5163 |g|=1.66e-03 bin=0.001 S_flip=1.024 t=161s
[P925_h220_pad0.040] it 112 J=0.51427 A_min=0.4945 A_mean=0.5163 |g|=1.68e-03 bin=0.001 S_flip=1.024 t=163s
[P925_h220_pad0.040] it 113 J=0.51428 A_min=0.4945 A_mean=0.5163 |g|=1.72e-03 bin=0.001 S_flip=1.024 t=164s
[P925_h220_pad0.040] it 114 J=0.51428 A_min=0.4945 A_mean=0.5163 |g|=1.75e-03 bin=0.001 S_flip=1.024 t=166s
[P925_h220_pad0.040] it 115 J=0.51428 A_min=0.4945 A_mean=0.5163 |g|=1.77e-03 bin=0.001 S_flip=1.024 t=167s
[P925_h220_pad0.040] it 116 J=0.51428 A_min=0.4945 A_mean=0.5163 |g|=1.78e-03 bin=0.001 S_flip=1.024 t=168s
[P925_h220_pad0.040] it 117 J=0.51428 A_min=0.4945 A_mean=0.5163 |g|=1.79e-03 bin=0.001 S_flip=1.024 t=170s
[P925_h220_pad0.040] it 118 J=0.51428 A_min=0.4945 A_mean=0.5163 |g|=1.79e-03 bin=0.001 S_flip=1.024 t=171s
[P925_h220_pad0.040] it 119 J=0.51428 A_min=0.4945 A_mean=0.5163 |g|=1.79e-03 bin=0.001 S_flip=1.024 t=173s
[P925_h220_pad0.040] done: J_soft=0.51428 J_hard=0.51427 A_hard=[0.5227, 0.5319, 0.4945] S_flip=1.024 wall=175s
[P925_h180_pad0.040] it   0 J=0.43387 A_min=0.3877 A_mean=0.4529 |g|=4.44e-02 bin=0.166 S_flip=0.873 t=1s
[P925_h180_pad0.040] it   1 J=0.41910 A_min=0.3712 A_mean=0.4383 |g|=5.86e-02 bin=0.162 S_flip=0.819 t=3s
[P925_h180_pad0.040] it   2 J=0.43256 A_min=0.3849 A_mean=0.4515 |g|=4.50e-02 bin=0.152 S_flip=0.836 t=4s
[P925_h180_pad0.040] it   3 J=0.44525 A_min=0.4002 A_mean=0.4613 |g|=7.70e-03 bin=0.142 S_flip=0.867 t=6s
[P925_h180_pad0.040] it   4 J=0.43506 A_min=0.3915 A_mean=0.4522 |g|=4.76e-02 bin=0.133 S_flip=0.890 t=7s
[P925_h180_pad0.040] it   5 J=0.43581 A_min=0.3929 A_mean=0.4525 |g|=4.77e-02 bin=0.125 S_flip=0.894 t=9s
[P925_h180_pad0.040] it   6 J=0.44538 A_min=0.4024 A_mean=0.4600 |g|=2.38e-02 bin=0.119 S_flip=0.886 t=10s
[P925_h180_pad0.040] it   7 J=0.44777 A_min=0.4036 A_mean=0.4627 |g|=1.12e-02 bin=0.114 S_flip=0.875 t=12s
[P925_h180_pad0.040] it   8 J=0.44358 A_min=0.3984 A_mean=0.4596 |g|=3.19e-02 bin=0.109 S_flip=0.869 t=13s
[P925_h180_pad0.040] it   9 J=0.44295 A_min=0.3980 A_mean=0.4588 |g|=3.54e-02 bin=0.104 S_flip=0.872 t=15s
[P925_h180_pad0.040] it  10 J=0.44728 A_min=0.4035 A_mean=0.4618 |g|=2.43e-02 bin=0.099 S_flip=0.881 t=16s
[P925_h180_pad0.040] it  11 J=0.45097 A_min=0.4089 A_mean=0.4639 |g|=4.44e-03 bin=0.093 S_flip=0.894 t=18s
[P925_h180_pad0.040] it  12 J=0.45005 A_min=0.4093 A_mean=0.4624 |g|=2.13e-02 bin=0.088 S_flip=0.907 t=19s
[P925_h180_pad0.040] it  13 J=0.44813 A_min=0.4079 A_mean=0.4606 |g|=3.27e-02 bin=0.083 S_flip=0.915 t=21s
[P925_h180_pad0.040] it  14 J=0.44960 A_min=0.4097 A_mean=0.4617 |g|=3.01e-02 bin=0.080 S_flip=0.917 t=22s
[P925_h180_pad0.040] it  15 J=0.45296 A_min=0.4131 A_mean=0.4644 |g|=1.60e-02 bin=0.077 S_flip=0.915 t=24s
[P925_h180_pad0.040] it  16 J=0.45427 A_min=0.4139 A_mean=0.4657 |g|=5.86e-03 bin=0.074 S_flip=0.912 t=25s
[P925_h180_pad0.040] it  17 J=0.45327 A_min=0.4124 A_mean=0.4652 |g|=2.03e-02 bin=0.071 S_flip=0.910 t=27s
[P925_h180_pad0.040] it  18 J=0.45308 A_min=0.4121 A_mean=0.4650 |g|=2.52e-02 bin=0.068 S_flip=0.912 t=28s
[P925_h180_pad0.040] it  19 J=0.45502 A_min=0.4148 A_mean=0.4663 |g|=1.88e-02 bin=0.065 S_flip=0.918 t=30s
[P925_h180_pad0.040] it  20 J=0.45713 A_min=0.4181 A_mean=0.4676 |g|=4.90e-03 bin=0.062 S_flip=0.926 t=31s
[P925_h180_pad0.040] it  21 J=0.45742 A_min=0.4192 A_mean=0.4675 |g|=1.38e-02 bin=0.059 S_flip=0.935 t=33s
[P925_h180_pad0.040] it  22 J=0.45698 A_min=0.4193 A_mean=0.4670 |g|=2.34e-02 bin=0.056 S_flip=0.941 t=34s
[P925_h180_pad0.040] it  23 J=0.45788 A_min=0.4204 A_mean=0.4677 |g|=2.22e-02 bin=0.053 S_flip=0.943 t=36s
[P925_h180_pad0.040] it  24 J=0.45969 A_min=0.4223 A_mean=0.4692 |g|=1.13e-02 bin=0.051 S_flip=0.944 t=37s
[P925_h180_pad0.040] it  25 J=0.46053 A_min=0.4227 A_mean=0.4702 |g|=5.94e-03 bin=0.049 S_flip=0.943 t=39s
[P925_h180_pad0.040] it  26 J=0.46034 A_min=0.4222 A_mean=0.4702 |g|=1.74e-02 bin=0.047 S_flip=0.943 t=40s
[P925_h180_pad0.040] it  27 J=0.46081 A_min=0.4228 A_mean=0.4705 |g|=1.94e-02 bin=0.045 S_flip=0.946 t=41s
[P925_h180_pad0.040] it  28 J=0.46223 A_min=0.4250 A_mean=0.4714 |g|=1.07e-02 bin=0.043 S_flip=0.951 t=43s
[P925_h180_pad0.040] it  29 J=0.46316 A_min=0.4269 A_mean=0.4718 |g|=5.39e-03 bin=0.041 S_flip=0.957 t=45s
[P925_h180_pad0.040] it  30 J=0.46319 A_min=0.4274 A_mean=0.4716 |g|=1.66e-02 bin=0.039 S_flip=0.962 t=46s
[P925_h180_pad0.040] it  31 J=0.46362 A_min=0.4282 A_mean=0.4719 |g|=1.89e-02 bin=0.037 S_flip=0.965 t=48s
[P925_h180_pad0.040] it  32 J=0.46478 A_min=0.4295 A_mean=0.4729 |g|=1.09e-02 bin=0.036 S_flip=0.965 t=49s
[P925_h180_pad0.040] it  33 J=0.46554 A_min=0.4300 A_mean=0.4737 |g|=4.44e-03 bin=0.035 S_flip=0.965 t=50s
[P925_h180_pad0.040] it  34 J=0.46565 A_min=0.4299 A_mean=0.4739 |g|=1.47e-02 bin=0.033 S_flip=0.965 t=52s
[P925_h180_pad0.040] it  35 J=0.46619 A_min=0.4307 A_mean=0.4743 |g|=1.51e-02 bin=0.032 S_flip=0.967 t=53s
[P925_h180_pad0.040] it  36 J=0.46717 A_min=0.4325 A_mean=0.4748 |g|=5.39e-03 bin=0.030 S_flip=0.971 t=54s
[P925_h180_pad0.040] it  37 J=0.46763 A_min=0.4337 A_mean=0.4749 |g|=9.21e-03 bin=0.029 S_flip=0.975 t=56s
[P925_h180_pad0.040] it  38 J=0.46781 A_min=0.4342 A_mean=0.4749 |g|=1.63e-02 bin=0.027 S_flip=0.978 t=57s
[P925_h180_pad0.040] it  39 J=0.46849 A_min=0.4351 A_mean=0.4754 |g|=1.25e-02 bin=0.026 S_flip=0.978 t=58s
[P925_h180_pad0.040] it  40 J=0.46918 A_min=0.4357 A_mean=0.4761 |g|=2.44e-03 bin=0.025 S_flip=0.978 t=60s
[P925_h180_pad0.040] it  41 J=0.46938 A_min=0.4357 A_mean=0.4764 |g|=1.19e-02 bin=0.025 S_flip=0.978 t=61s
[P925_h180_pad0.040] it  42 J=0.46975 A_min=0.4362 A_mean=0.4767 |g|=1.36e-02 bin=0.024 S_flip=0.979 t=63s
[P925_h180_pad0.040] it  43 J=0.47046 A_min=0.4376 A_mean=0.4771 |g|=4.51e-03 bin=0.023 S_flip=0.982 t=64s
[P925_h180_pad0.040] it  44 J=0.47083 A_min=0.4385 A_mean=0.4772 |g|=9.52e-03 bin=0.023 S_flip=0.985 t=65s
[P925_h180_pad0.040] it  45 J=0.47111 A_min=0.4391 A_mean=0.4773 |g|=1.49e-02 bin=0.022 S_flip=0.987 t=67s
[P925_h180_pad0.040] it  46 J=0.47176 A_min=0.4398 A_mean=0.4779 |g|=8.62e-03 bin=0.021 S_flip=0.987 t=68s
[P925_h180_pad0.040] it  47 J=0.47223 A_min=0.4401 A_mean=0.4785 |g|=5.32e-03 bin=0.021 S_flip=0.987 t=70s
[P925_h180_pad0.040] it  48 J=0.47249 A_min=0.4402 A_mean=0.4788 |g|=1.26e-02 bin=0.020 S_flip=0.987 t=71s
[P925_h180_pad0.040] it  49 J=0.47300 A_min=0.4411 A_mean=0.4791 |g|=8.15e-03 bin=0.019 S_flip=0.989 t=73s
[P925_h180_pad0.040] it  50 J=0.47342 A_min=0.4421 A_mean=0.4793 |g|=4.19e-03 bin=0.017 S_flip=0.992 t=74s
[P925_h180_pad0.040] it  51 J=0.47363 A_min=0.4426 A_mean=0.4794 |g|=1.11e-02 bin=0.016 S_flip=0.994 t=75s
[P925_h180_pad0.040] it  52 J=0.47398 A_min=0.4430 A_mean=0.4797 |g|=8.23e-03 bin=0.016 S_flip=0.995 t=77s
[P925_h180_pad0.040] it  53 J=0.47431 A_min=0.4432 A_mean=0.4801 |g|=2.91e-03 bin=0.015 S_flip=0.994 t=78s
[P925_h180_pad0.040] it  54 J=0.47452 A_min=0.4433 A_mean=0.4803 |g|=9.15e-03 bin=0.015 S_flip=0.995 t=80s
[P925_h180_pad0.040] it  55 J=0.47488 A_min=0.4440 A_mean=0.4805 |g|=5.01e-03 bin=0.015 S_flip=0.996 t=81s
[P925_h180_pad0.040] it  56 J=0.47520 A_min=0.4447 A_mean=0.4807 |g|=6.51e-03 bin=0.014 S_flip=0.997 t=83s
[P925_h180_pad0.040] it  57 J=0.47546 A_min=0.4453 A_mean=0.4808 |g|=1.02e-02 bin=0.014 S_flip=0.997 t=84s
[P925_h180_pad0.040] it  58 J=0.47583 A_min=0.4456 A_mean=0.4812 |g|=3.45e-03 bin=0.013 S_flip=0.997 t=86s
[P925_h180_pad0.040] it  59 J=0.47604 A_min=0.4457 A_mean=0.4815 |g|=8.03e-03 bin=0.012 S_flip=0.997 t=87s
[P925_h180_pad0.040] it  60 J=0.47625 A_min=0.4460 A_mean=0.4816 |g|=9.46e-03 bin=0.012 S_flip=0.997 t=89s
[P925_h180_pad0.040] it  61 J=0.47652 A_min=0.4466 A_mean=0.4817 |g|=1.78e-03 bin=0.011 S_flip=0.998 t=90s
[P925_h180_pad0.040] it  62 J=0.47665 A_min=0.4470 A_mean=0.4818 |g|=7.99e-03 bin=0.010 S_flip=1.000 t=92s
[P925_h180_pad0.040] it  63 J=0.47681 A_min=0.4472 A_mean=0.4819 |g|=7.84e-03 bin=0.010 S_flip=1.000 t=94s
[P925_h180_pad0.040] it  64 J=0.47701 A_min=0.4473 A_mean=0.4821 |g|=1.89e-03 bin=0.010 S_flip=1.000 t=95s
[P925_h180_pad0.040] it  65 J=0.47713 A_min=0.4473 A_mean=0.4823 |g|=8.33e-03 bin=0.010 S_flip=1.000 t=97s
[P925_h180_pad0.040] it  66 J=0.47732 A_min=0.4476 A_mean=0.4825 |g|=6.76e-03 bin=0.009 S_flip=1.001 t=98s
[P925_h180_pad0.040] it  67 J=0.47751 A_min=0.4480 A_mean=0.4826 |g|=2.99e-03 bin=0.009 S_flip=1.002 t=100s
[P925_h180_pad0.040] it  68 J=0.47761 A_min=0.4482 A_mean=0.4826 |g|=9.03e-03 bin=0.008 S_flip=1.003 t=101s
[P925_h180_pad0.040] it  69 J=0.47776 A_min=0.4484 A_mean=0.4827 |g|=6.55e-03 bin=0.008 S_flip=1.003 t=103s
[P925_h180_pad0.040] it  70 J=0.47791 A_min=0.4485 A_mean=0.4829 |g|=3.00e-03 bin=0.008 S_flip=1.002 t=104s
[P925_h180_pad0.040] it  71 J=0.47803 A_min=0.4486 A_mean=0.4830 |g|=6.89e-03 bin=0.008 S_flip=1.002 t=106s
[P925_h180_pad0.040] it  72 J=0.47820 A_min=0.4490 A_mean=0.4831 |g|=3.12e-03 bin=0.008 S_flip=1.002 t=107s
[P925_h180_pad0.040] it  73 J=0.47833 A_min=0.4494 A_mean=0.4832 |g|=5.00e-03 bin=0.008 S_flip=1.003 t=109s
[P925_h180_pad0.040] it  74 J=0.47846 A_min=0.4496 A_mean=0.4832 |g|=6.98e-03 bin=0.008 S_flip=1.003 t=110s
[P925_h180_pad0.040] it  75 J=0.47863 A_min=0.4498 A_mean=0.4834 |g|=2.94e-03 bin=0.008 S_flip=1.002 t=112s
[P925_h180_pad0.040] it  76 J=0.47877 A_min=0.4500 A_mean=0.4835 |g|=4.89e-03 bin=0.007 S_flip=1.002 t=113s
[P925_h180_pad0.040] it  77 J=0.47890 A_min=0.4502 A_mean=0.4836 |g|=5.83e-03 bin=0.007 S_flip=1.002 t=115s
[P925_h180_pad0.040] it  78 J=0.47903 A_min=0.4505 A_mean=0.4837 |g|=2.57e-03 bin=0.006 S_flip=1.002 t=116s
[P925_h180_pad0.040] it  79 J=0.47912 A_min=0.4508 A_mean=0.4837 |g|=3.10e-03 bin=0.006 S_flip=1.003 t=118s
[P925_h180_pad0.040] it  80 J=0.47920 A_min=0.4510 A_mean=0.4837 |g|=4.04e-03 bin=0.005 S_flip=1.003 t=119s
[P925_h180_pad0.040] it  81 J=0.47928 A_min=0.4510 A_mean=0.4838 |g|=1.94e-03 bin=0.005 S_flip=1.003 t=121s
[P925_h180_pad0.040] it  82 J=0.47934 A_min=0.4511 A_mean=0.4839 |g|=2.62e-03 bin=0.005 S_flip=1.003 t=122s
[P925_h180_pad0.040] it  83 J=0.47940 A_min=0.4512 A_mean=0.4839 |g|=4.09e-03 bin=0.005 S_flip=1.003 t=123s
[P925_h180_pad0.040] it  84 J=0.47946 A_min=0.4513 A_mean=0.4840 |g|=2.84e-03 bin=0.004 S_flip=1.004 t=125s
[P925_h180_pad0.040] it  85 J=0.47953 A_min=0.4515 A_mean=0.4840 |g|=1.98e-03 bin=0.004 S_flip=1.004 t=126s
[P925_h180_pad0.040] it  86 J=0.47958 A_min=0.4517 A_mean=0.4840 |g|=3.87e-03 bin=0.004 S_flip=1.004 t=128s
[P925_h180_pad0.040] it  87 J=0.47964 A_min=0.4517 A_mean=0.4840 |g|=3.39e-03 bin=0.004 S_flip=1.004 t=129s
[P925_h180_pad0.040] it  88 J=0.47968 A_min=0.4518 A_mean=0.4841 |g|=1.37e-03 bin=0.004 S_flip=1.004 t=131s
[P925_h180_pad0.040] it  89 J=0.47971 A_min=0.4518 A_mean=0.4841 |g|=1.87e-03 bin=0.003 S_flip=1.004 t=132s
[P925_h180_pad0.040] it  90 J=0.47974 A_min=0.4518 A_mean=0.4841 |g|=2.45e-03 bin=0.003 S_flip=1.004 t=134s
[P925_h180_pad0.040] it  91 J=0.47976 A_min=0.4519 A_mean=0.4842 |g|=1.77e-03 bin=0.003 S_flip=1.005 t=135s
[P925_h180_pad0.040] it  92 J=0.47979 A_min=0.4520 A_mean=0.4842 |g|=1.83e-03 bin=0.003 S_flip=1.005 t=137s
[P925_h180_pad0.040] it  93 J=0.47981 A_min=0.4520 A_mean=0.4842 |g|=3.04e-03 bin=0.003 S_flip=1.005 t=138s
[P925_h180_pad0.040] it  94 J=0.47983 A_min=0.4521 A_mean=0.4842 |g|=3.20e-03 bin=0.003 S_flip=1.005 t=140s
[P925_h180_pad0.040] it  95 J=0.47985 A_min=0.4521 A_mean=0.4842 |g|=2.23e-03 bin=0.003 S_flip=1.005 t=141s
[P925_h180_pad0.040] it  96 J=0.47987 A_min=0.4521 A_mean=0.4842 |g|=1.27e-03 bin=0.003 S_flip=1.005 t=143s
[P925_h180_pad0.040] it  97 J=0.47988 A_min=0.4520 A_mean=0.4843 |g|=1.60e-03 bin=0.003 S_flip=1.005 t=144s
[P925_h180_pad0.040] it  98 J=0.47989 A_min=0.4520 A_mean=0.4843 |g|=2.10e-03 bin=0.002 S_flip=1.005 t=146s
[P925_h180_pad0.040] it  99 J=0.47990 A_min=0.4521 A_mean=0.4843 |g|=2.12e-03 bin=0.002 S_flip=1.005 t=147s
[P925_h180_pad0.040] it 100 J=0.47991 A_min=0.4521 A_mean=0.4843 |g|=1.76e-03 bin=0.002 S_flip=1.006 t=149s
[P925_h180_pad0.040] it 101 J=0.47992 A_min=0.4521 A_mean=0.4843 |g|=1.34e-03 bin=0.002 S_flip=1.006 t=150s
[P925_h180_pad0.040] it 102 J=0.47993 A_min=0.4521 A_mean=0.4843 |g|=1.31e-03 bin=0.002 S_flip=1.006 t=152s
[P925_h180_pad0.040] it 103 J=0.47994 A_min=0.4522 A_mean=0.4843 |g|=1.65e-03 bin=0.002 S_flip=1.006 t=153s
[P925_h180_pad0.040] it 104 J=0.47994 A_min=0.4522 A_mean=0.4843 |g|=1.96e-03 bin=0.002 S_flip=1.006 t=155s
[P925_h180_pad0.040] it 105 J=0.47995 A_min=0.4522 A_mean=0.4843 |g|=2.06e-03 bin=0.002 S_flip=1.006 t=156s
[P925_h180_pad0.040] it 106 J=0.47996 A_min=0.4522 A_mean=0.4843 |g|=1.94e-03 bin=0.002 S_flip=1.006 t=158s
[P925_h180_pad0.040] it 107 J=0.47996 A_min=0.4522 A_mean=0.4843 |g|=1.72e-03 bin=0.002 S_flip=1.006 t=159s
[P925_h180_pad0.040] it 108 J=0.47997 A_min=0.4522 A_mean=0.4843 |g|=1.53e-03 bin=0.002 S_flip=1.006 t=161s
[P925_h180_pad0.040] it 109 J=0.47997 A_min=0.4522 A_mean=0.4843 |g|=1.47e-03 bin=0.002 S_flip=1.006 t=162s
[P925_h180_pad0.040] it 110 J=0.47997 A_min=0.4522 A_mean=0.4843 |g|=1.53e-03 bin=0.002 S_flip=1.006 t=163s
[P925_h180_pad0.040] it 111 J=0.47998 A_min=0.4522 A_mean=0.4843 |g|=1.66e-03 bin=0.002 S_flip=1.006 t=164s
[P925_h180_pad0.040] it 112 J=0.47998 A_min=0.4523 A_mean=0.4843 |g|=1.78e-03 bin=0.002 S_flip=1.006 t=166s
[P925_h180_pad0.040] it 113 J=0.47998 A_min=0.4523 A_mean=0.4843 |g|=1.87e-03 bin=0.001 S_flip=1.006 t=167s
[P925_h180_pad0.040] it 114 J=0.47998 A_min=0.4523 A_mean=0.4843 |g|=1.95e-03 bin=0.001 S_flip=1.006 t=169s
[P925_h180_pad0.040] it 115 J=0.47998 A_min=0.4523 A_mean=0.4843 |g|=2.01e-03 bin=0.001 S_flip=1.006 t=170s
[P925_h180_pad0.040] it 116 J=0.47999 A_min=0.4523 A_mean=0.4843 |g|=2.08e-03 bin=0.001 S_flip=1.006 t=172s
[P925_h180_pad0.040] it 117 J=0.47999 A_min=0.4523 A_mean=0.4843 |g|=2.16e-03 bin=0.001 S_flip=1.006 t=173s
[P925_h180_pad0.040] it 118 J=0.47999 A_min=0.4523 A_mean=0.4843 |g|=2.25e-03 bin=0.001 S_flip=1.006 t=175s
[P925_h180_pad0.040] it 119 J=0.47999 A_min=0.4523 A_mean=0.4843 |g|=2.36e-03 bin=0.001 S_flip=1.006 t=176s
[P925_h180_pad0.040] done: J_soft=0.47999 J_hard=0.47999 A_hard=[0.5028, 0.498, 0.4522] S_flip=1.006 wall=179s
[P925_h200_pad0.070] it   0 J=0.43414 A_min=0.3925 A_mean=0.4501 |g|=2.17e-02 bin=0.152 S_flip=0.874 t=2s
[P925_h200_pad0.070] it   1 J=0.42576 A_min=0.3850 A_mean=0.4459 |g|=5.55e-02 bin=0.148 S_flip=0.832 t=3s
[P925_h200_pad0.070] it   2 J=0.44985 A_min=0.4062 A_mean=0.4664 |g|=2.18e-02 bin=0.138 S_flip=0.859 t=5s
[P925_h200_pad0.070] it   3 J=0.45063 A_min=0.4033 A_mean=0.4700 |g|=3.59e-02 bin=0.128 S_flip=0.886 t=6s
[P925_h200_pad0.070] it   4 J=0.45067 A_min=0.4022 A_mean=0.4711 |g|=4.37e-02 bin=0.121 S_flip=0.890 t=8s
[P925_h200_pad0.070] it   5 J=0.46000 A_min=0.4138 A_mean=0.4771 |g|=2.20e-02 bin=0.115 S_flip=0.879 t=10s
[P925_h200_pad0.070] it   6 J=0.46230 A_min=0.4192 A_mean=0.4764 |g|=1.09e-02 bin=0.110 S_flip=0.865 t=11s
[P925_h200_pad0.070] it   7 J=0.45920 A_min=0.4175 A_mean=0.4722 |g|=2.73e-02 bin=0.105 S_flip=0.857 t=13s
[P925_h200_pad0.070] it   8 J=0.46029 A_min=0.4188 A_mean=0.4733 |g|=2.67e-02 bin=0.099 S_flip=0.860 t=14s
[P925_h200_pad0.070] it   9 J=0.46458 A_min=0.4228 A_mean=0.4779 |g|=1.37e-02 bin=0.093 S_flip=0.869 t=16s
[P925_h200_pad0.070] it  10 J=0.46667 A_min=0.4244 A_mean=0.4800 |g|=8.68e-03 bin=0.088 S_flip=0.880 t=17s
[P925_h200_pad0.070] it  11 J=0.46563 A_min=0.4232 A_mean=0.4789 |g|=2.30e-02 bin=0.083 S_flip=0.889 t=19s
[P925_h200_pad0.070] it  12 J=0.46568 A_min=0.4238 A_mean=0.4784 |g|=2.69e-02 bin=0.078 S_flip=0.893 t=20s
[P925_h200_pad0.070] it  13 J=0.46827 A_min=0.4273 A_mean=0.4802 |g|=1.93e-02 bin=0.075 S_flip=0.892 t=22s
[P925_h200_pad0.070] it  14 J=0.47060 A_min=0.4300 A_mean=0.4822 |g|=5.49e-03 bin=0.071 S_flip=0.890 t=23s
[P925_h200_pad0.070] it  15 J=0.47072 A_min=0.4299 A_mean=0.4828 |g|=1.21e-02 bin=0.068 S_flip=0.887 t=25s
[P925_h200_pad0.070] it  16 J=0.47029 A_min=0.4292 A_mean=0.4826 |g|=2.03e-02 bin=0.065 S_flip=0.887 t=26s
[P925_h200_pad0.070] it  17 J=0.47144 A_min=0.4308 A_mean=0.4833 |g|=1.90e-02 bin=0.062 S_flip=0.890 t=27s
[P925_h200_pad0.070] it  18 J=0.47357 A_min=0.4342 A_mean=0.4843 |g|=9.40e-03 bin=0.059 S_flip=0.896 t=29s
[P925_h200_pad0.070] it  19 J=0.47472 A_min=0.4368 A_mean=0.4844 |g|=6.71e-03 bin=0.056 S_flip=0.904 t=30s
[P925_h200_pad0.070] it  20 J=0.47474 A_min=0.4377 A_mean=0.4838 |g|=1.65e-02 bin=0.054 S_flip=0.909 t=32s
[P925_h200_pad0.070] it  21 J=0.47536 A_min=0.4389 A_mean=0.4841 |g|=1.89e-02 bin=0.051 S_flip=0.913 t=33s
[P925_h200_pad0.070] it  22 J=0.47704 A_min=0.4407 A_mean=0.4856 |g|=1.25e-02 bin=0.049 S_flip=0.913 t=35s
[P925_h200_pad0.070] it  23 J=0.47841 A_min=0.4421 A_mean=0.4870 |g|=3.53e-03 bin=0.047 S_flip=0.913 t=36s
[P925_h200_pad0.070] it  24 J=0.47877 A_min=0.4423 A_mean=0.4875 |g|=1.16e-02 bin=0.045 S_flip=0.913 t=38s
[P925_h200_pad0.070] it  25 J=0.47920 A_min=0.4430 A_mean=0.4878 |g|=1.56e-02 bin=0.043 S_flip=0.914 t=39s
[P925_h200_pad0.070] it  26 J=0.48045 A_min=0.4451 A_mean=0.4885 |g|=1.09e-02 bin=0.041 S_flip=0.918 t=41s
[P925_h200_pad0.070] it  27 J=0.48162 A_min=0.4472 A_mean=0.4891 |g|=3.11e-03 bin=0.039 S_flip=0.923 t=42s
[P925_h200_pad0.070] it  28 J=0.48203 A_min=0.4482 A_mean=0.4892 |g|=1.13e-02 bin=0.037 S_flip=0.927 t=44s
[P925_h200_pad0.070] it  29 J=0.48243 A_min=0.4489 A_mean=0.4893 |g|=1.53e-02 bin=0.035 S_flip=0.930 t=45s
[P925_h200_pad0.070] it  30 J=0.48342 A_min=0.4503 A_mean=0.4901 |g|=1.10e-02 bin=0.034 S_flip=0.931 t=46s
[P925_h200_pad0.070] it  31 J=0.48432 A_min=0.4516 A_mean=0.4909 |g|=2.88e-03 bin=0.033 S_flip=0.931 t=48s
[P925_h200_pad0.070] it  32 J=0.48466 A_min=0.4521 A_mean=0.4911 |g|=9.70e-03 bin=0.031 S_flip=0.930 t=49s
[P925_h200_pad0.070] it  33 J=0.48513 A_min=0.4528 A_mean=0.4915 |g|=1.22e-02 bin=0.030 S_flip=0.932 t=51s
[P925_h200_pad0.070] it  34 J=0.48602 A_min=0.4543 A_mean=0.4921 |g|=6.32e-03 bin=0.029 S_flip=0.934 t=52s
[P925_h200_pad0.070] it  35 J=0.48666 A_min=0.4554 A_mean=0.4925 |g|=5.12e-03 bin=0.027 S_flip=0.937 t=54s
[P925_h200_pad0.070] it  36 J=0.48696 A_min=0.4560 A_mean=0.4926 |g|=1.16e-02 bin=0.026 S_flip=0.940 t=55s
[P925_h200_pad0.070] it  37 J=0.48754 A_min=0.4570 A_mean=0.4930 |g|=1.04e-02 bin=0.025 S_flip=0.941 t=57s
[P925_h200_pad0.070] it  38 J=0.48823 A_min=0.4579 A_mean=0.4936 |g|=3.09e-03 bin=0.024 S_flip=0.940 t=58s
[P925_h200_pad0.070] it  39 J=0.48859 A_min=0.4584 A_mean=0.4939 |g|=7.42e-03 bin=0.023 S_flip=0.940 t=60s
[P925_h200_pad0.070] it  40 J=0.48895 A_min=0.4589 A_mean=0.4942 |g|=9.99e-03 bin=0.023 S_flip=0.940 t=61s
[P925_h200_pad0.070] it  41 J=0.48954 A_min=0.4600 A_mean=0.4946 |g|=4.58e-03 bin=0.022 S_flip=0.942 t=63s
[P925_h200_pad0.070] it  42 J=0.48994 A_min=0.4608 A_mean=0.4948 |g|=5.51e-03 bin=0.021 S_flip=0.944 t=64s
[P925_h200_pad0.070] it  43 J=0.49021 A_min=0.4614 A_mean=0.4949 |g|=9.75e-03 bin=0.020 S_flip=0.945 t=65s
[P925_h200_pad0.070] it  44 J=0.49068 A_min=0.4621 A_mean=0.4953 |g|=6.24e-03 bin=0.019 S_flip=0.945 t=67s
[P925_h200_pad0.070] it  45 J=0.49109 A_min=0.4626 A_mean=0.4957 |g|=3.34e-03 bin=0.019 S_flip=0.944 t=68s
[P925_h200_pad0.070] it  46 J=0.49136 A_min=0.4629 A_mean=0.4959 |g|=8.17e-03 bin=0.018 S_flip=0.944 t=70s
[P925_h200_pad0.070] it  47 J=0.49174 A_min=0.4636 A_mean=0.4962 |g|=6.10e-03 bin=0.017 S_flip=0.944 t=71s
[P925_h200_pad0.070] it  48 J=0.49210 A_min=0.4644 A_mean=0.4964 |g|=2.13e-03 bin=0.016 S_flip=0.946 t=72s
[P925_h200_pad0.070] it  49 J=0.49232 A_min=0.4649 A_mean=0.4965 |g|=6.82e-03 bin=0.016 S_flip=0.947 t=74s
[P925_h200_pad0.070] it  50 J=0.49262 A_min=0.4654 A_mean=0.4968 |g|=6.38e-03 bin=0.015 S_flip=0.947 t=75s
[P925_h200_pad0.070] it  51 J=0.49295 A_min=0.4658 A_mean=0.4971 |g|=1.98e-03 bin=0.015 S_flip=0.946 t=77s
[P925_h200_pad0.070] it  52 J=0.49320 A_min=0.4661 A_mean=0.4973 |g|=5.38e-03 bin=0.014 S_flip=0.946 t=78s
[P925_h200_pad0.070] it  53 J=0.49351 A_min=0.4667 A_mean=0.4975 |g|=4.79e-03 bin=0.014 S_flip=0.946 t=79s
[P925_h200_pad0.070] it  54 J=0.49385 A_min=0.4673 A_mean=0.4977 |g|=2.81e-03 bin=0.013 S_flip=0.946 t=81s
[P925_h200_pad0.070] it  55 J=0.49412 A_min=0.4679 A_mean=0.4979 |g|=5.47e-03 bin=0.013 S_flip=0.947 t=82s
[P925_h200_pad0.070] it  56 J=0.49441 A_min=0.4682 A_mean=0.4982 |g|=2.65e-03 bin=0.012 S_flip=0.947 t=84s
[P925_h200_pad0.070] it  57 J=0.49464 A_min=0.4684 A_mean=0.4984 |g|=4.06e-03 bin=0.011 S_flip=0.947 t=85s
[P925_h200_pad0.070] it  58 J=0.49485 A_min=0.4687 A_mean=0.4986 |g|=5.13e-03 bin=0.011 S_flip=0.947 t=87s
[P925_h200_pad0.070] it  59 J=0.49508 A_min=0.4691 A_mean=0.4988 |g|=1.64e-03 bin=0.010 S_flip=0.948 t=88s
[P925_h200_pad0.070] it  60 J=0.49523 A_min=0.4694 A_mean=0.4989 |g|=4.74e-03 bin=0.009 S_flip=0.949 t=90s
[P925_h200_pad0.070] it  61 J=0.49536 A_min=0.4696 A_mean=0.4990 |g|=5.38e-03 bin=0.009 S_flip=0.950 t=91s
[P925_h200_pad0.070] it  62 J=0.49552 A_min=0.4697 A_mean=0.4992 |g|=1.94e-03 bin=0.009 S_flip=0.950 t=92s
[P925_h200_pad0.070] it  63 J=0.49564 A_min=0.4698 A_mean=0.4993 |g|=3.46e-03 bin=0.009 S_flip=0.949 t=94s
[P925_h200_pad0.070] it  64 J=0.49578 A_min=0.4700 A_mean=0.4994 |g|=3.49e-03 bin=0.008 S_flip=0.949 t=95s
[P925_h200_pad0.070] it  65 J=0.49592 A_min=0.4703 A_mean=0.4995 |g|=1.70e-03 bin=0.008 S_flip=0.950 t=97s
[P925_h200_pad0.070] it  66 J=0.49604 A_min=0.4705 A_mean=0.4996 |g|=4.33e-03 bin=0.008 S_flip=0.950 t=98s
[P925_h200_pad0.070] it  67 J=0.49618 A_min=0.4707 A_mean=0.4997 |g|=3.49e-03 bin=0.008 S_flip=0.950 t=99s
[P925_h200_pad0.070] it  68 J=0.49633 A_min=0.4708 A_mean=0.4999 |g|=2.42e-03 bin=0.008 S_flip=0.949 t=101s
[P925_h200_pad0.070] it  69 J=0.49646 A_min=0.4709 A_mean=0.5000 |g|=4.93e-03 bin=0.007 S_flip=0.949 t=102s
[P925_h200_pad0.070] it  70 J=0.49659 A_min=0.4711 A_mean=0.5001 |g|=3.82e-03 bin=0.007 S_flip=0.950 t=104s
[P925_h200_pad0.070] it  71 J=0.49670 A_min=0.4714 A_mean=0.5002 |g|=1.67e-03 bin=0.006 S_flip=0.950 t=105s
[P925_h200_pad0.070] it  72 J=0.49679 A_min=0.4715 A_mean=0.5002 |g|=3.26e-03 bin=0.006 S_flip=0.951 t=107s
[P925_h200_pad0.070] it  73 J=0.49688 A_min=0.4716 A_mean=0.5003 |g|=2.22e-03 bin=0.006 S_flip=0.951 t=108s
[P925_h200_pad0.070] it  74 J=0.49695 A_min=0.4716 A_mean=0.5004 |g|=1.41e-03 bin=0.005 S_flip=0.951 t=110s
[P925_h200_pad0.070] it  75 J=0.49701 A_min=0.4717 A_mean=0.5005 |g|=2.18e-03 bin=0.005 S_flip=0.951 t=112s
[P925_h200_pad0.070] it  76 J=0.49707 A_min=0.4717 A_mean=0.5005 |g|=1.48e-03 bin=0.005 S_flip=0.951 t=114s
[P925_h200_pad0.070] it  77 J=0.49712 A_min=0.4718 A_mean=0.5006 |g|=1.57e-03 bin=0.005 S_flip=0.952 t=115s
[P925_h200_pad0.070] it  78 J=0.49717 A_min=0.4719 A_mean=0.5006 |g|=2.07e-03 bin=0.004 S_flip=0.952 t=117s
[P925_h200_pad0.070] it  79 J=0.49721 A_min=0.4719 A_mean=0.5007 |g|=1.45e-03 bin=0.004 S_flip=0.952 t=118s
[P925_h200_pad0.070] it  80 J=0.49725 A_min=0.4719 A_mean=0.5007 |g|=1.08e-03 bin=0.004 S_flip=0.952 t=120s
[P925_h200_pad0.070] it  81 J=0.49728 A_min=0.4720 A_mean=0.5008 |g|=1.36e-03 bin=0.003 S_flip=0.952 t=121s
[P925_h200_pad0.070] it  82 J=0.49731 A_min=0.4720 A_mean=0.5008 |g|=1.18e-03 bin=0.003 S_flip=0.952 t=123s
[P925_h200_pad0.070] it  83 J=0.49734 A_min=0.4720 A_mean=0.5008 |g|=8.98e-04 bin=0.003 S_flip=0.953 t=124s
[P925_h200_pad0.070] it  84 J=0.49736 A_min=0.4720 A_mean=0.5008 |g|=1.01e-03 bin=0.003 S_flip=0.953 t=126s
[P925_h200_pad0.070] it  85 J=0.49738 A_min=0.4721 A_mean=0.5009 |g|=1.15e-03 bin=0.003 S_flip=0.953 t=127s
[P925_h200_pad0.070] it  86 J=0.49740 A_min=0.4721 A_mean=0.5009 |g|=1.12e-03 bin=0.003 S_flip=0.953 t=129s
[P925_h200_pad0.070] it  87 J=0.49743 A_min=0.4721 A_mean=0.5009 |g|=9.85e-04 bin=0.003 S_flip=0.953 t=131s
[P925_h200_pad0.070] it  88 J=0.49744 A_min=0.4721 A_mean=0.5009 |g|=8.65e-04 bin=0.003 S_flip=0.954 t=132s
[P925_h200_pad0.070] it  89 J=0.49746 A_min=0.4721 A_mean=0.5009 |g|=7.94e-04 bin=0.002 S_flip=0.954 t=134s
[P925_h200_pad0.070] it  90 J=0.49747 A_min=0.4721 A_mean=0.5009 |g|=7.61e-04 bin=0.002 S_flip=0.954 t=135s
[P925_h200_pad0.070] it  91 J=0.49748 A_min=0.4721 A_mean=0.5010 |g|=7.58e-04 bin=0.002 S_flip=0.954 t=137s
[P925_h200_pad0.070] it  92 J=0.49749 A_min=0.4721 A_mean=0.5010 |g|=7.71e-04 bin=0.002 S_flip=0.954 t=138s
[P925_h200_pad0.070] it  93 J=0.49750 A_min=0.4722 A_mean=0.5010 |g|=7.72e-04 bin=0.002 S_flip=0.955 t=140s
[P925_h200_pad0.070] it  94 J=0.49751 A_min=0.4722 A_mean=0.5010 |g|=7.49e-04 bin=0.002 S_flip=0.955 t=141s
[P925_h200_pad0.070] it  95 J=0.49751 A_min=0.4722 A_mean=0.5010 |g|=7.23e-04 bin=0.002 S_flip=0.955 t=143s
[P925_h200_pad0.070] it  96 J=0.49752 A_min=0.4722 A_mean=0.5010 |g|=7.16e-04 bin=0.001 S_flip=0.955 t=144s
[P925_h200_pad0.070] it  97 J=0.49752 A_min=0.4722 A_mean=0.5010 |g|=7.21e-04 bin=0.001 S_flip=0.955 t=146s
[P925_h200_pad0.070] it  98 J=0.49753 A_min=0.4722 A_mean=0.5010 |g|=7.12e-04 bin=0.001 S_flip=0.955 t=147s
[P925_h200_pad0.070] it  99 J=0.49753 A_min=0.4722 A_mean=0.5010 |g|=6.91e-04 bin=0.001 S_flip=0.955 t=149s
[P925_h200_pad0.070] it 100 J=0.49754 A_min=0.4722 A_mean=0.5010 |g|=6.86e-04 bin=0.001 S_flip=0.955 t=150s
[P925_h200_pad0.070] it 101 J=0.49754 A_min=0.4722 A_mean=0.5010 |g|=7.16e-04 bin=0.001 S_flip=0.955 t=151s
[P925_h200_pad0.070] it 102 J=0.49754 A_min=0.4722 A_mean=0.5010 |g|=7.79e-04 bin=0.001 S_flip=0.955 t=153s
[P925_h200_pad0.070] it 103 J=0.49755 A_min=0.4722 A_mean=0.5010 |g|=8.65e-04 bin=0.001 S_flip=0.955 t=154s
[P925_h200_pad0.070] it 104 J=0.49755 A_min=0.4722 A_mean=0.5010 |g|=9.55e-04 bin=0.001 S_flip=0.955 t=156s
[P925_h200_pad0.070] it 105 J=0.49755 A_min=0.4722 A_mean=0.5010 |g|=1.02e-03 bin=0.001 S_flip=0.955 t=157s
[P925_h200_pad0.070] it 106 J=0.49756 A_min=0.4722 A_mean=0.5010 |g|=1.04e-03 bin=0.001 S_flip=0.955 t=159s
[P925_h200_pad0.070] it 107 J=0.49756 A_min=0.4722 A_mean=0.5010 |g|=1.01e-03 bin=0.001 S_flip=0.955 t=160s
[P925_h200_pad0.070] it 108 J=0.49756 A_min=0.4723 A_mean=0.5010 |g|=9.65e-04 bin=0.001 S_flip=0.955 t=162s
[P925_h200_pad0.070] it 109 J=0.49757 A_min=0.4723 A_mean=0.5010 |g|=9.41e-04 bin=0.001 S_flip=0.955 t=163s
[P925_h200_pad0.070] it 110 J=0.49757 A_min=0.4723 A_mean=0.5010 |g|=9.43e-04 bin=0.001 S_flip=0.955 t=165s
[P925_h200_pad0.070] it 111 J=0.49757 A_min=0.4723 A_mean=0.5010 |g|=9.62e-04 bin=0.001 S_flip=0.955 t=166s
[P925_h200_pad0.070] it 112 J=0.49757 A_min=0.4723 A_mean=0.5010 |g|=9.90e-04 bin=0.001 S_flip=0.955 t=168s
[P925_h200_pad0.070] it 113 J=0.49757 A_min=0.4723 A_mean=0.5010 |g|=1.02e-03 bin=0.001 S_flip=0.955 t=169s
[P925_h200_pad0.070] it 114 J=0.49757 A_min=0.4723 A_mean=0.5010 |g|=1.06e-03 bin=0.001 S_flip=0.955 t=171s
[P925_h200_pad0.070] it 115 J=0.49757 A_min=0.4723 A_mean=0.5010 |g|=1.07e-03 bin=0.001 S_flip=0.955 t=172s
[P925_h200_pad0.070] it 116 J=0.49757 A_min=0.4723 A_mean=0.5010 |g|=1.10e-03 bin=0.001 S_flip=0.955 t=174s
[P925_h200_pad0.070] it 117 J=0.49758 A_min=0.4723 A_mean=0.5010 |g|=1.13e-03 bin=0.001 S_flip=0.955 t=175s
[P925_h200_pad0.070] it 118 J=0.49758 A_min=0.4723 A_mean=0.5010 |g|=1.16e-03 bin=0.001 S_flip=0.955 t=177s
[P925_h200_pad0.070] it 119 J=0.49758 A_min=0.4723 A_mean=0.5010 |g|=1.19e-03 bin=0.001 S_flip=0.956 t=178s
[P925_h200_pad0.070] done: J_soft=0.49758 J_hard=0.49757 A_hard=[0.5157, 0.5151, 0.4723] S_flip=0.956 wall=180s
[P925_h200_pad0.030] it   0 J=0.43369 A_min=0.3956 A_mean=0.4451 |g|=5.90e-02 bin=0.166 S_flip=0.873 t=1s
[P925_h200_pad0.030] it   1 J=0.45464 A_min=0.4078 A_mean=0.4727 |g|=4.53e-02 bin=0.155 S_flip=0.933 t=3s
[P925_h200_pad0.030] it   2 J=0.44985 A_min=0.4036 A_mean=0.4682 |g|=5.25e-02 bin=0.145 S_flip=0.941 t=4s
[P925_h200_pad0.030] it   3 J=0.46425 A_min=0.4208 A_mean=0.4785 |g|=2.09e-02 bin=0.137 S_flip=0.928 t=6s
[P925_h200_pad0.030] it   4 J=0.46528 A_min=0.4217 A_mean=0.4800 |g|=1.63e-02 bin=0.130 S_flip=0.913 t=7s
[P925_h200_pad0.030] it   5 J=0.46021 A_min=0.4159 A_mean=0.4761 |g|=3.21e-02 bin=0.123 S_flip=0.906 t=9s
[P925_h200_pad0.030] it   6 J=0.46135 A_min=0.4171 A_mean=0.4770 |g|=3.10e-02 bin=0.116 S_flip=0.910 t=10s
[P925_h200_pad0.030] it   7 J=0.46672 A_min=0.4235 A_mean=0.4809 |g|=1.80e-02 bin=0.109 S_flip=0.920 t=12s
[P925_h200_pad0.030] it   8 J=0.46957 A_min=0.4279 A_mean=0.4821 |g|=5.42e-03 bin=0.103 S_flip=0.932 t=13s
[P925_h200_pad0.030] it   9 J=0.46792 A_min=0.4273 A_mean=0.4799 |g|=2.10e-02 bin=0.097 S_flip=0.943 t=15s
[P925_h200_pad0.030] it  10 J=0.46664 A_min=0.4264 A_mean=0.4786 |g|=2.80e-02 bin=0.092 S_flip=0.949 t=16s
[P925_h200_pad0.030] it  11 J=0.46881 A_min=0.4288 A_mean=0.4803 |g|=2.40e-02 bin=0.087 S_flip=0.949 t=17s
[P925_h200_pad0.030] it  12 J=0.47212 A_min=0.4324 A_mean=0.4831 |g|=1.19e-02 bin=0.083 S_flip=0.946 t=19s
[P925_h200_pad0.030] it  13 J=0.47326 A_min=0.4339 A_mean=0.4841 |g|=5.54e-03 bin=0.079 S_flip=0.943 t=20s
[P925_h200_pad0.030] it  14 J=0.47239 A_min=0.4334 A_mean=0.4832 |g|=1.58e-02 bin=0.076 S_flip=0.940 t=21s
[P925_h200_pad0.030] it  15 J=0.47213 A_min=0.4338 A_mean=0.4827 |g|=1.97e-02 bin=0.073 S_flip=0.941 t=23s
[P925_h200_pad0.030] it  16 J=0.47369 A_min=0.4360 A_mean=0.4836 |g|=1.61e-02 bin=0.069 S_flip=0.945 t=24s
[P925_h200_pad0.030] it  17 J=0.47581 A_min=0.4387 A_mean=0.4851 |g|=7.14e-03 bin=0.066 S_flip=0.952 t=25s
[P925_h200_pad0.030] it  18 J=0.47669 A_min=0.4400 A_mean=0.4856 |g|=7.71e-03 bin=0.063 S_flip=0.959 t=26s
[P925_h200_pad0.030] it  19 J=0.47644 A_min=0.4399 A_mean=0.4851 |g|=1.65e-02 bin=0.060 S_flip=0.965 t=28s
[P925_h200_pad0.030] it  20 J=0.47672 A_min=0.4405 A_mean=0.4852 |g|=1.93e-02 bin=0.057 S_flip=0.968 t=29s
[P925_h200_pad0.030] it  21 J=0.47820 A_min=0.4426 A_mean=0.4863 |g|=1.48e-02 bin=0.055 S_flip=0.968 t=30s
[P925_h200_pad0.030] it  22 J=0.47972 A_min=0.4446 A_mean=0.4875 |g|=5.65e-03 bin=0.053 S_flip=0.967 t=31s
[P925_h200_pad0.030] it  23 J=0.48019 A_min=0.4453 A_mean=0.4880 |g|=7.19e-03 bin=0.051 S_flip=0.966 t=32s
[P925_h200_pad0.030] it  24 J=0.48017 A_min=0.4454 A_mean=0.4879 |g|=1.38e-02 bin=0.049 S_flip=0.966 t=34s
[P925_h200_pad0.030] it  25 J=0.48081 A_min=0.4463 A_mean=0.4884 |g|=1.42e-02 bin=0.047 S_flip=0.968 t=35s
[P925_h200_pad0.030] it  26 J=0.48211 A_min=0.4483 A_mean=0.4893 |g|=8.43e-03 bin=0.045 S_flip=0.972 t=36s
[P925_h200_pad0.030] it  27 J=0.48306 A_min=0.4499 A_mean=0.4898 |g|=3.63e-03 bin=0.043 S_flip=0.977 t=38s
[P925_h200_pad0.030] it  28 J=0.48330 A_min=0.4507 A_mean=0.4898 |g|=1.10e-02 bin=0.041 S_flip=0.981 t=39s
[P925_h200_pad0.030] it  29 J=0.48363 A_min=0.4515 A_mean=0.4899 |g|=1.42e-02 bin=0.039 S_flip=0.984 t=41s
[P925_h200_pad0.030] it  30 J=0.48457 A_min=0.4528 A_mean=0.4906 |g|=1.08e-02 bin=0.038 S_flip=0.985 t=42s
[P925_h200_pad0.030] it  31 J=0.48553 A_min=0.4541 A_mean=0.4914 |g|=3.45e-03 bin=0.037 S_flip=0.985 t=43s
[P925_h200_pad0.030] it  32 J=0.48594 A_min=0.4547 A_mean=0.4918 |g|=7.66e-03 bin=0.035 S_flip=0.985 t=45s
[P925_h200_pad0.030] it  33 J=0.48627 A_min=0.4553 A_mean=0.4920 |g|=1.17e-02 bin=0.034 S_flip=0.986 t=46s
[P925_h200_pad0.030] it  34 J=0.48706 A_min=0.4567 A_mean=0.4925 |g|=9.18e-03 bin=0.033 S_flip=0.988 t=48s
[P925_h200_pad0.030] it  35 J=0.48790 A_min=0.4582 A_mean=0.4930 |g|=2.81e-03 bin=0.031 S_flip=0.992 t=49s
[P925_h200_pad0.030] it  36 J=0.48834 A_min=0.4592 A_mean=0.4932 |g|=7.75e-03 bin=0.030 S_flip=0.995 t=50s
[P925_h200_pad0.030] it  37 J=0.48869 A_min=0.4599 A_mean=0.4934 |g|=1.14e-02 bin=0.029 S_flip=0.997 t=52s
[P925_h200_pad0.030] it  38 J=0.48937 A_min=0.4610 A_mean=0.4939 |g|=8.68e-03 bin=0.028 S_flip=0.998 t=53s
[P925_h200_pad0.030] it  39 J=0.49003 A_min=0.4621 A_mean=0.4945 |g|=2.75e-03 bin=0.027 S_flip=0.999 t=54s
[P925_h200_pad0.030] it  40 J=0.49041 A_min=0.4627 A_mean=0.4948 |g|=6.91e-03 bin=0.025 S_flip=0.999 t=56s
[P925_h200_pad0.030] it  41 J=0.49083 A_min=0.4635 A_mean=0.4951 |g|=8.72e-03 bin=0.024 S_flip=1.000 t=57s
[P925_h200_pad0.030] it  42 J=0.49144 A_min=0.4645 A_mean=0.4955 |g|=4.75e-03 bin=0.023 S_flip=1.002 t=58s
[P925_h200_pad0.030] it  43 J=0.49193 A_min=0.4655 A_mean=0.4958 |g|=3.94e-03 bin=0.022 S_flip=1.004 t=60s
[P925_h200_pad0.030] it  44 J=0.49225 A_min=0.4661 A_mean=0.4960 |g|=8.38e-03 bin=0.021 S_flip=1.006 t=61s
[P925_h200_pad0.030] it  45 J=0.49271 A_min=0.4668 A_mean=0.4964 |g|=7.56e-03 bin=0.021 S_flip=1.007 t=63s
[P925_h200_pad0.030] it  46 J=0.49322 A_min=0.4676 A_mean=0.4968 |g|=2.78e-03 bin=0.020 S_flip=1.007 t=64s
[P925_h200_pad0.030] it  47 J=0.49361 A_min=0.4681 A_mean=0.4972 |g|=5.32e-03 bin=0.019 S_flip=1.007 t=65s
[P925_h200_pad0.030] it  48 J=0.49402 A_min=0.4688 A_mean=0.4975 |g|=6.74e-03 bin=0.019 S_flip=1.008 t=66s
[P925_h200_pad0.030] it  49 J=0.49451 A_min=0.4697 A_mean=0.4978 |g|=3.33e-03 bin=0.018 S_flip=1.010 t=68s
[P925_h200_pad0.030] it  50 J=0.49491 A_min=0.4705 A_mean=0.4981 |g|=3.90e-03 bin=0.017 S_flip=1.011 t=69s
[P925_h200_pad0.030] it  51 J=0.49525 A_min=0.4711 A_mean=0.4984 |g|=6.11e-03 bin=0.016 S_flip=1.012 t=70s
[P925_h200_pad0.030] it  52 J=0.49564 A_min=0.4717 A_mean=0.4987 |g|=3.77e-03 bin=0.015 S_flip=1.013 t=71s
[P925_h200_pad0.030] it  53 J=0.49597 A_min=0.4722 A_mean=0.4990 |g|=3.16e-03 bin=0.015 S_flip=1.013 t=72s
[P925_h200_pad0.030] it  54 J=0.49625 A_min=0.4726 A_mean=0.4992 |g|=5.69e-03 bin=0.014 S_flip=1.014 t=73s
[P925_h200_pad0.030] it  55 J=0.49657 A_min=0.4732 A_mean=0.4995 |g|=3.00e-03 bin=0.013 S_flip=1.014 t=74s
[P925_h200_pad0.030] it  56 J=0.49685 A_min=0.4739 A_mean=0.4996 |g|=4.86e-03 bin=0.013 S_flip=1.015 t=76s
[P925_h200_pad0.030] it  57 J=0.49709 A_min=0.4744 A_mean=0.4998 |g|=7.17e-03 bin=0.012 S_flip=1.016 t=77s
[P925_h200_pad0.030] it  58 J=0.49739 A_min=0.4748 A_mean=0.5001 |g|=2.91e-03 bin=0.012 S_flip=1.016 t=78s
[P925_h200_pad0.030] it  59 J=0.49760 A_min=0.4751 A_mean=0.5003 |g|=4.72e-03 bin=0.011 S_flip=1.015 t=79s
[P925_h200_pad0.030] it  60 J=0.49780 A_min=0.4754 A_mean=0.5004 |g|=6.20e-03 bin=0.011 S_flip=1.015 t=80s
[P925_h200_pad0.030] it  61 J=0.49806 A_min=0.4760 A_mean=0.5006 |g|=2.29e-03 bin=0.010 S_flip=1.016 t=81s
[P925_h200_pad0.030] it  62 J=0.49825 A_min=0.4764 A_mean=0.5007 |g|=4.63e-03 bin=0.010 S_flip=1.017 t=82s
[P925_h200_pad0.030] it  63 J=0.49845 A_min=0.4768 A_mean=0.5009 |g|=4.94e-03 bin=0.009 S_flip=1.017 t=83s
[P925_h200_pad0.030] it  64 J=0.49867 A_min=0.4771 A_mean=0.5011 |g|=2.04e-03 bin=0.009 S_flip=1.017 t=85s
[P925_h200_pad0.030] it  65 J=0.49886 A_min=0.4774 A_mean=0.5012 |g|=4.30e-03 bin=0.009 S_flip=1.017 t=86s
[P925_h200_pad0.030] it  66 J=0.49907 A_min=0.4778 A_mean=0.5014 |g|=4.53e-03 bin=0.008 S_flip=1.018 t=87s
[P925_h200_pad0.030] it  67 J=0.49931 A_min=0.4782 A_mean=0.5016 |g|=2.29e-03 bin=0.008 S_flip=1.018 t=88s
[P925_h200_pad0.030] it  68 J=0.49952 A_min=0.4786 A_mean=0.5018 |g|=4.37e-03 bin=0.008 S_flip=1.019 t=89s
[P925_h200_pad0.030] it  69 J=0.49973 A_min=0.4790 A_mean=0.5019 |g|=6.08e-03 bin=0.008 S_flip=1.020 t=90s
[P925_h200_pad0.030] it  70 J=0.49998 A_min=0.4793 A_mean=0.5022 |g|=4.25e-03 bin=0.007 S_flip=1.020 t=91s
[P925_h200_pad0.030] it  71 J=0.50019 A_min=0.4796 A_mean=0.5024 |g|=2.61e-03 bin=0.007 S_flip=1.020 t=92s
[P925_h200_pad0.030] it  72 J=0.50033 A_min=0.4797 A_mean=0.5025 |g|=5.53e-03 bin=0.006 S_flip=1.019 t=94s
[P925_h200_pad0.030] it  73 J=0.50050 A_min=0.4800 A_mean=0.5027 |g|=4.02e-03 bin=0.006 S_flip=1.020 t=95s
[P925_h200_pad0.030] it  74 J=0.50065 A_min=0.4803 A_mean=0.5028 |g|=2.21e-03 bin=0.006 S_flip=1.020 t=96s
[P925_h200_pad0.030] it  75 J=0.50077 A_min=0.4805 A_mean=0.5029 |g|=4.75e-03 bin=0.005 S_flip=1.021 t=97s
[P925_h200_pad0.030] it  76 J=0.50088 A_min=0.4806 A_mean=0.5030 |g|=3.80e-03 bin=0.005 S_flip=1.021 t=98s
[P925_h200_pad0.030] it  77 J=0.50099 A_min=0.4807 A_mean=0.5031 |g|=1.78e-03 bin=0.005 S_flip=1.021 t=99s
[P925_h200_pad0.030] it  78 J=0.50107 A_min=0.4807 A_mean=0.5032 |g|=4.28e-03 bin=0.005 S_flip=1.020 t=100s
[P925_h200_pad0.030] it  79 J=0.50116 A_min=0.4809 A_mean=0.5033 |g|=3.66e-03 bin=0.005 S_flip=1.021 t=101s
[P925_h200_pad0.030] it  80 J=0.50125 A_min=0.4810 A_mean=0.5033 |g|=1.58e-03 bin=0.004 S_flip=1.021 t=103s
[P925_h200_pad0.030] it  81 J=0.50131 A_min=0.4812 A_mean=0.5034 |g|=3.79e-03 bin=0.004 S_flip=1.021 t=104s
[P925_h200_pad0.030] it  82 J=0.50137 A_min=0.4813 A_mean=0.5034 |g|=3.94e-03 bin=0.004 S_flip=1.021 t=105s
[P925_h200_pad0.030] it  83 J=0.50144 A_min=0.4813 A_mean=0.5035 |g|=1.59e-03 bin=0.004 S_flip=1.021 t=106s
[P925_h200_pad0.030] it  84 J=0.50149 A_min=0.4814 A_mean=0.5035 |g|=3.08e-03 bin=0.004 S_flip=1.021 t=107s
[P925_h200_pad0.030] it  85 J=0.50154 A_min=0.4814 A_mean=0.5036 |g|=4.10e-03 bin=0.004 S_flip=1.021 t=108s
[P925_h200_pad0.030] it  86 J=0.50160 A_min=0.4815 A_mean=0.5036 |g|=2.40e-03 bin=0.004 S_flip=1.021 t=109s
[P925_h200_pad0.030] it  87 J=0.50167 A_min=0.4817 A_mean=0.5037 |g|=2.45e-03 bin=0.004 S_flip=1.021 t=111s
[P925_h200_pad0.030] it  88 J=0.50173 A_min=0.4818 A_mean=0.5037 |g|=3.37e-03 bin=0.004 S_flip=1.021 t=112s
[P925_h200_pad0.030] it  89 J=0.50180 A_min=0.4819 A_mean=0.5038 |g|=2.63e-03 bin=0.004 S_flip=1.021 t=113s
[P925_h200_pad0.030] it  90 J=0.50187 A_min=0.4819 A_mean=0.5039 |g|=2.50e-03 bin=0.004 S_flip=1.021 t=114s
[P925_h200_pad0.030] it  91 J=0.50194 A_min=0.4820 A_mean=0.5039 |g|=3.48e-03 bin=0.004 S_flip=1.021 t=116s
[P925_h200_pad0.030] it  92 J=0.50201 A_min=0.4822 A_mean=0.5040 |g|=3.14e-03 bin=0.004 S_flip=1.021 t=117s
[P925_h200_pad0.030] it  93 J=0.50207 A_min=0.4823 A_mean=0.5041 |g|=2.26e-03 bin=0.003 S_flip=1.022 t=118s
[P925_h200_pad0.030] it  94 J=0.50212 A_min=0.4824 A_mean=0.5041 |g|=2.52e-03 bin=0.003 S_flip=1.022 t=119s
[P925_h200_pad0.030] it  95 J=0.50217 A_min=0.4825 A_mean=0.5041 |g|=2.91e-03 bin=0.003 S_flip=1.022 t=121s
[P925_h200_pad0.030] it  96 J=0.50221 A_min=0.4825 A_mean=0.5042 |g|=2.64e-03 bin=0.003 S_flip=1.022 t=123s
[P925_h200_pad0.030] it  97 J=0.50224 A_min=0.4826 A_mean=0.5042 |g|=1.84e-03 bin=0.003 S_flip=1.022 t=124s
[P925_h200_pad0.030] it  98 J=0.50226 A_min=0.4826 A_mean=0.5042 |g|=1.36e-03 bin=0.002 S_flip=1.022 t=126s
[P925_h200_pad0.030] it  99 J=0.50228 A_min=0.4826 A_mean=0.5042 |g|=1.77e-03 bin=0.002 S_flip=1.022 t=128s
[P925_h200_pad0.030] it 100 J=0.50230 A_min=0.4826 A_mean=0.5043 |g|=2.12e-03 bin=0.002 S_flip=1.022 t=129s
[P925_h200_pad0.030] it 101 J=0.50231 A_min=0.4827 A_mean=0.5043 |g|=1.97e-03 bin=0.002 S_flip=1.022 t=131s
[P925_h200_pad0.030] it 102 J=0.50232 A_min=0.4827 A_mean=0.5043 |g|=1.59e-03 bin=0.002 S_flip=1.022 t=133s
[P925_h200_pad0.030] it 103 J=0.50233 A_min=0.4827 A_mean=0.5043 |g|=1.57e-03 bin=0.002 S_flip=1.022 t=134s
[P925_h200_pad0.030] it 104 J=0.50234 A_min=0.4827 A_mean=0.5043 |g|=1.84e-03 bin=0.002 S_flip=1.022 t=136s
[P925_h200_pad0.030] it 105 J=0.50235 A_min=0.4827 A_mean=0.5043 |g|=1.94e-03 bin=0.002 S_flip=1.023 t=138s
[P925_h200_pad0.030] it 106 J=0.50236 A_min=0.4827 A_mean=0.5043 |g|=1.82e-03 bin=0.002 S_flip=1.023 t=139s
[P925_h200_pad0.030] it 107 J=0.50236 A_min=0.4828 A_mean=0.5043 |g|=1.66e-03 bin=0.002 S_flip=1.023 t=141s
[P925_h200_pad0.030] it 108 J=0.50237 A_min=0.4828 A_mean=0.5043 |g|=1.58e-03 bin=0.002 S_flip=1.023 t=142s
[P925_h200_pad0.030] it 109 J=0.50238 A_min=0.4828 A_mean=0.5043 |g|=1.54e-03 bin=0.002 S_flip=1.023 t=144s
[P925_h200_pad0.030] it 110 J=0.50238 A_min=0.4828 A_mean=0.5043 |g|=1.47e-03 bin=0.001 S_flip=1.023 t=145s
[P925_h200_pad0.030] it 111 J=0.50239 A_min=0.4828 A_mean=0.5043 |g|=1.35e-03 bin=0.001 S_flip=1.023 t=147s
[P925_h200_pad0.030] it 112 J=0.50239 A_min=0.4828 A_mean=0.5043 |g|=1.20e-03 bin=0.001 S_flip=1.023 t=148s
[P925_h200_pad0.030] it 113 J=0.50239 A_min=0.4828 A_mean=0.5043 |g|=1.08e-03 bin=0.001 S_flip=1.023 t=150s
[P925_h200_pad0.030] it 114 J=0.50239 A_min=0.4828 A_mean=0.5043 |g|=1.00e-03 bin=0.001 S_flip=1.023 t=151s
[P925_h200_pad0.030] it 115 J=0.50239 A_min=0.4828 A_mean=0.5043 |g|=9.85e-04 bin=0.001 S_flip=1.023 t=153s
[P925_h200_pad0.030] it 116 J=0.50239 A_min=0.4828 A_mean=0.5043 |g|=1.01e-03 bin=0.001 S_flip=1.023 t=154s
[P925_h200_pad0.030] it 117 J=0.50239 A_min=0.4828 A_mean=0.5043 |g|=1.07e-03 bin=0.001 S_flip=1.023 t=156s
[P925_h200_pad0.030] it 118 J=0.50239 A_min=0.4828 A_mean=0.5043 |g|=1.16e-03 bin=0.001 S_flip=1.023 t=157s
[P925_h200_pad0.030] it 119 J=0.50239 A_min=0.4828 A_mean=0.5043 |g|=1.26e-03 bin=0.001 S_flip=1.023 t=159s
[P925_h200_pad0.030] done: J_soft=0.50239 J_hard=0.50239 A_hard=[0.5128, 0.5174, 0.4828] S_flip=1.023 wall=161s
[P925_h240_pad0.040] it   0 J=0.34737 A_min=0.3236 A_mean=0.3521 |g|=4.84e-02 bin=0.166 S_flip=0.873 t=1s
[P925_h240_pad0.040] it   1 J=0.42535 A_min=0.4091 A_mean=0.4271 |g|=6.65e-02 bin=0.154 S_flip=0.924 t=3s
[P925_h240_pad0.040] it   2 J=0.49973 A_min=0.4679 A_mean=0.5069 |g|=3.12e-02 bin=0.145 S_flip=0.974 t=5s
[P925_h240_pad0.040] it   3 J=0.48817 A_min=0.4423 A_mean=0.5055 |g|=5.21e-02 bin=0.137 S_flip=1.019 t=6s
[P925_h240_pad0.040] it   4 J=0.46772 A_min=0.4213 A_mean=0.4889 |g|=6.39e-02 bin=0.127 S_flip=1.031 t=8s
[P925_h240_pad0.040] it   5 J=0.47827 A_min=0.4360 A_mean=0.4947 |g|=5.28e-02 bin=0.118 S_flip=1.028 t=9s
[P925_h240_pad0.040] it   6 J=0.49619 A_min=0.4567 A_mean=0.5084 |g|=3.38e-02 bin=0.109 S_flip=1.017 t=10s
[P925_h240_pad0.040] it   7 J=0.50694 A_min=0.4671 A_mean=0.5182 |g|=1.39e-02 bin=0.101 S_flip=1.004 t=12s
[P925_h240_pad0.040] it   8 J=0.50771 A_min=0.4664 A_mean=0.5199 |g|=1.16e-02 bin=0.094 S_flip=0.992 t=13s
[P925_h240_pad0.040] it   9 J=0.50367 A_min=0.4619 A_mean=0.5164 |g|=1.98e-02 bin=0.088 S_flip=0.983 t=15s
[P925_h240_pad0.040] it  10 J=0.50004 A_min=0.4586 A_mean=0.5124 |g|=2.44e-02 bin=0.083 S_flip=0.978 t=16s
[P925_h240_pad0.040] it  11 J=0.49920 A_min=0.4584 A_mean=0.5111 |g|=2.59e-02 bin=0.078 S_flip=0.977 t=17s
[P925_h240_pad0.040] it  12 J=0.50145 A_min=0.4612 A_mean=0.5129 |g|=2.48e-02 bin=0.073 S_flip=0.980 t=19s
[P925_h240_pad0.040] it  13 J=0.50587 A_min=0.4661 A_mean=0.5171 |g|=2.15e-02 bin=0.069 S_flip=0.984 t=20s
[P925_h240_pad0.040] it  14 J=0.51096 A_min=0.4716 A_mean=0.5219 |g|=1.61e-02 bin=0.065 S_flip=0.991 t=22s
[P925_h240_pad0.040] it  15 J=0.51508 A_min=0.4759 A_mean=0.5258 |g|=8.89e-03 bin=0.062 S_flip=0.998 t=24s
[P925_h240_pad0.040] it  16 J=0.51697 A_min=0.4777 A_mean=0.5276 |g|=3.45e-03 bin=0.059 S_flip=1.005 t=25s
[P925_h240_pad0.040] it  17 J=0.51647 A_min=0.4769 A_mean=0.5273 |g|=9.82e-03 bin=0.055 S_flip=1.012 t=27s
[P925_h240_pad0.040] it  18 J=0.51472 A_min=0.4748 A_mean=0.5261 |g|=1.64e-02 bin=0.053 S_flip=1.016 t=28s
[P925_h240_pad0.040] it  19 J=0.51340 A_min=0.4733 A_mean=0.5251 |g|=2.01e-02 bin=0.050 S_flip=1.019 t=30s
[P925_h240_pad0.040] it  20 J=0.51365 A_min=0.4737 A_mean=0.5252 |g|=2.04e-02 bin=0.047 S_flip=1.020 t=31s
[P925_h240_pad0.040] it  21 J=0.51539 A_min=0.4760 A_mean=0.5263 |g|=1.75e-02 bin=0.045 S_flip=1.018 t=33s
[P925_h240_pad0.040] it  22 J=0.51767 A_min=0.4793 A_mean=0.5276 |g|=1.25e-02 bin=0.043 S_flip=1.016 t=35s
[P925_h240_pad0.040] it  23 J=0.51942 A_min=0.4824 A_mean=0.5285 |g|=6.75e-03 bin=0.041 S_flip=1.013 t=36s
[P925_h240_pad0.040] it  24 J=0.52013 A_min=0.4845 A_mean=0.5284 |g|=3.63e-03 bin=0.039 S_flip=1.010 t=38s
[P925_h240_pad0.040] it  25 J=0.51994 A_min=0.4855 A_mean=0.5277 |g|=6.58e-03 bin=0.038 S_flip=1.007 t=39s
[P925_h240_pad0.040] it  26 J=0.51945 A_min=0.4859 A_mean=0.5269 |g|=9.70e-03 bin=0.036 S_flip=1.005 t=41s
[P925_h240_pad0.040] it  27 J=0.51921 A_min=0.4861 A_mean=0.5264 |g|=1.14e-02 bin=0.035 S_flip=1.004 t=42s
[P925_h240_pad0.040] it  28 J=0.51953 A_min=0.4866 A_mean=0.5267 |g|=1.16e-02 bin=0.033 S_flip=1.004 t=44s
[P925_h240_pad0.040] it  29 J=0.52038 A_min=0.4872 A_mean=0.5275 |g|=1.03e-02 bin=0.032 S_flip=1.005 t=45s
[P925_h240_pad0.040] it  30 J=0.52151 A_min=0.4880 A_mean=0.5287 |g|=8.02e-03 bin=0.031 S_flip=1.007 t=47s
[P925_h240_pad0.040] it  31 J=0.52255 A_min=0.4887 A_mean=0.5298 |g|=5.06e-03 bin=0.029 S_flip=1.009 t=48s
[P925_h240_pad0.040] it  32 J=0.52324 A_min=0.4890 A_mean=0.5306 |g|=2.78e-03 bin=0.028 S_flip=1.011 t=50s
[P925_h240_pad0.040] it  33 J=0.52351 A_min=0.4891 A_mean=0.5310 |g|=4.07e-03 bin=0.027 S_flip=1.013 t=51s
[P925_h240_pad0.040] it  34 J=0.52351 A_min=0.4890 A_mean=0.5310 |g|=6.59e-03 bin=0.026 S_flip=1.015 t=52s
[P925_h240_pad0.040] it  35 J=0.52350 A_min=0.4891 A_mean=0.5310 |g|=8.36e-03 bin=0.025 S_flip=1.016 t=54s
[P925_h240_pad0.040] it  36 J=0.52369 A_min=0.4895 A_mean=0.5310 |g|=8.95e-03 bin=0.024 S_flip=1.017 t=55s
[P925_h240_pad0.040] it  37 J=0.52417 A_min=0.4903 A_mean=0.5313 |g|=8.28e-03 bin=0.023 S_flip=1.017 t=56s
[P925_h240_pad0.040] it  38 J=0.52480 A_min=0.4913 A_mean=0.5317 |g|=6.55e-03 bin=0.022 S_flip=1.016 t=58s
[P925_h240_pad0.040] it  39 J=0.52540 A_min=0.4924 A_mean=0.5321 |g|=4.28e-03 bin=0.022 S_flip=1.015 t=60s
[P925_h240_pad0.040] it  40 J=0.52582 A_min=0.4932 A_mean=0.5323 |g|=2.55e-03 bin=0.021 S_flip=1.014 t=61s
[P925_h240_pad0.040] it  41 J=0.52606 A_min=0.4939 A_mean=0.5323 |g|=2.92e-03 bin=0.020 S_flip=1.013 t=62s
[P925_h240_pad0.040] it  42 J=0.52620 A_min=0.4944 A_mean=0.5323 |g|=4.18e-03 bin=0.019 S_flip=1.012 t=64s
[P925_h240_pad0.040] it  43 J=0.52635 A_min=0.4949 A_mean=0.5323 |g|=5.07e-03 bin=0.018 S_flip=1.012 t=65s
[P925_h240_pad0.040] it  44 J=0.52658 A_min=0.4955 A_mean=0.5324 |g|=5.34e-03 bin=0.017 S_flip=1.012 t=67s
[P925_h240_pad0.040] it  45 J=0.52691 A_min=0.4961 A_mean=0.5325 |g|=4.99e-03 bin=0.016 S_flip=1.013 t=68s
[P925_h240_pad0.040] it  46 J=0.52729 A_min=0.4968 A_mean=0.5328 |g|=4.16e-03 bin=0.016 S_flip=1.014 t=70s
[P925_h240_pad0.040] it  47 J=0.52767 A_min=0.4974 A_mean=0.5331 |g|=3.11e-03 bin=0.015 S_flip=1.015 t=71s
[P925_h240_pad0.040] it  48 J=0.52800 A_min=0.4980 A_mean=0.5333 |g|=2.41e-03 bin=0.015 S_flip=1.016 t=72s
[P925_h240_pad0.040] it  49 J=0.52826 A_min=0.4985 A_mean=0.5334 |g|=2.77e-03 bin=0.014 S_flip=1.017 t=74s
[P925_h240_pad0.040] it  50 J=0.52846 A_min=0.4989 A_mean=0.5335 |g|=3.81e-03 bin=0.014 S_flip=1.018 t=75s
[P925_h240_pad0.040] it  51 J=0.52866 A_min=0.4994 A_mean=0.5336 |g|=4.79e-03 bin=0.013 S_flip=1.019 t=77s
[P925_h240_pad0.040] it  52 J=0.52889 A_min=0.5000 A_mean=0.5337 |g|=5.30e-03 bin=0.013 S_flip=1.020 t=78s
[P925_h240_pad0.040] it  53 J=0.52919 A_min=0.5007 A_mean=0.5338 |g|=5.15e-03 bin=0.012 S_flip=1.020 t=80s
[P925_h240_pad0.040] it  54 J=0.52950 A_min=0.5014 A_mean=0.5340 |g|=4.29e-03 bin=0.011 S_flip=1.020 t=81s
[P925_h240_pad0.040] it  55 J=0.52979 A_min=0.5021 A_mean=0.5341 |g|=3.02e-03 bin=0.011 S_flip=1.020 t=83s
[P925_h240_pad0.040] it  56 J=0.53002 A_min=0.5027 A_mean=0.5342 |g|=2.26e-03 bin=0.010 S_flip=1.019 t=84s
[P925_h240_pad0.040] it  57 J=0.53020 A_min=0.5032 A_mean=0.5343 |g|=2.46e-03 bin=0.009 S_flip=1.019 t=86s
[P925_h240_pad0.040] it  58 J=0.53035 A_min=0.5037 A_mean=0.5343 |g|=2.86e-03 bin=0.009 S_flip=1.019 t=87s
[P925_h240_pad0.040] it  59 J=0.53051 A_min=0.5041 A_mean=0.5344 |g|=3.04e-03 bin=0.008 S_flip=1.019 t=89s
[P925_h240_pad0.040] it  60 J=0.53069 A_min=0.5045 A_mean=0.5345 |g|=3.01e-03 bin=0.008 S_flip=1.019 t=90s
[P925_h240_pad0.040] it  61 J=0.53088 A_min=0.5049 A_mean=0.5346 |g|=2.85e-03 bin=0.007 S_flip=1.019 t=92s
[P925_h240_pad0.040] it  62 J=0.53108 A_min=0.5052 A_mean=0.5348 |g|=2.57e-03 bin=0.007 S_flip=1.019 t=93s
[P925_h240_pad0.040] it  63 J=0.53126 A_min=0.5056 A_mean=0.5349 |g|=2.24e-03 bin=0.007 S_flip=1.020 t=94s
[P925_h240_pad0.040] it  64 J=0.53143 A_min=0.5059 A_mean=0.5350 |g|=1.98e-03 bin=0.006 S_flip=1.020 t=96s
[P925_h240_pad0.040] it  65 J=0.53158 A_min=0.5062 A_mean=0.5351 |g|=1.92e-03 bin=0.006 S_flip=1.020 t=97s
[P925_h240_pad0.040] it  66 J=0.53171 A_min=0.5065 A_mean=0.5352 |g|=2.01e-03 bin=0.006 S_flip=1.021 t=99s
[P925_h240_pad0.040] it  67 J=0.53183 A_min=0.5067 A_mean=0.5352 |g|=2.15e-03 bin=0.005 S_flip=1.021 t=100s
[P925_h240_pad0.040] it  68 J=0.53193 A_min=0.5070 A_mean=0.5353 |g|=2.20e-03 bin=0.005 S_flip=1.021 t=102s
[P925_h240_pad0.040] it  69 J=0.53203 A_min=0.5072 A_mean=0.5354 |g|=2.16e-03 bin=0.005 S_flip=1.021 t=104s
[P925_h240_pad0.040] it  70 J=0.53212 A_min=0.5074 A_mean=0.5354 |g|=2.09e-03 bin=0.005 S_flip=1.021 t=105s
[P925_h240_pad0.040] it  71 J=0.53219 A_min=0.5076 A_mean=0.5354 |g|=2.06e-03 bin=0.005 S_flip=1.021 t=107s
[P925_h240_pad0.040] it  72 J=0.53226 A_min=0.5078 A_mean=0.5355 |g|=2.10e-03 bin=0.004 S_flip=1.021 t=108s
[P925_h240_pad0.040] it  73 J=0.53234 A_min=0.5079 A_mean=0.5355 |g|=2.13e-03 bin=0.004 S_flip=1.021 t=110s
[P925_h240_pad0.040] it  74 J=0.53241 A_min=0.5081 A_mean=0.5356 |g|=2.11e-03 bin=0.004 S_flip=1.021 t=111s
[P925_h240_pad0.040] it  75 J=0.53248 A_min=0.5083 A_mean=0.5356 |g|=2.02e-03 bin=0.004 S_flip=1.021 t=113s
[P925_h240_pad0.040] it  76 J=0.53255 A_min=0.5085 A_mean=0.5356 |g|=1.85e-03 bin=0.004 S_flip=1.021 t=114s
[P925_h240_pad0.040] it  77 J=0.53262 A_min=0.5086 A_mean=0.5357 |g|=1.72e-03 bin=0.004 S_flip=1.021 t=116s
[P925_h240_pad0.040] it  78 J=0.53268 A_min=0.5088 A_mean=0.5357 |g|=1.77e-03 bin=0.004 S_flip=1.021 t=117s
[P925_h240_pad0.040] it  79 J=0.53275 A_min=0.5090 A_mean=0.5358 |g|=2.00e-03 bin=0.004 S_flip=1.021 t=119s
[P925_h240_pad0.040] it  80 J=0.53283 A_min=0.5091 A_mean=0.5358 |g|=2.18e-03 bin=0.003 S_flip=1.021 t=120s
[P925_h240_pad0.040] it  81 J=0.53292 A_min=0.5093 A_mean=0.5359 |g|=2.23e-03 bin=0.003 S_flip=1.021 t=122s
[P925_h240_pad0.040] it  82 J=0.53301 A_min=0.5095 A_mean=0.5359 |g|=2.22e-03 bin=0.003 S_flip=1.022 t=123s
[P925_h240_pad0.040] it  83 J=0.53309 A_min=0.5097 A_mean=0.5360 |g|=2.19e-03 bin=0.003 S_flip=1.022 t=125s
[P925_h240_pad0.040] it  84 J=0.53316 A_min=0.5098 A_mean=0.5360 |g|=2.00e-03 bin=0.003 S_flip=1.022 t=126s
[P925_h240_pad0.040] it  85 J=0.53323 A_min=0.5100 A_mean=0.5361 |g|=1.76e-03 bin=0.002 S_flip=1.022 t=128s
[P925_h240_pad0.040] it  86 J=0.53329 A_min=0.5101 A_mean=0.5361 |g|=1.78e-03 bin=0.002 S_flip=1.022 t=129s
[P925_h240_pad0.040] it  87 J=0.53334 A_min=0.5102 A_mean=0.5362 |g|=2.17e-03 bin=0.002 S_flip=1.023 t=130s
[P925_h240_pad0.040] it  88 J=0.53341 A_min=0.5103 A_mean=0.5362 |g|=2.13e-03 bin=0.002 S_flip=1.023 t=132s
[P925_h240_pad0.040] it  89 J=0.53346 A_min=0.5104 A_mean=0.5363 |g|=1.50e-03 bin=0.002 S_flip=1.023 t=133s
[P925_h240_pad0.040] it  90 J=0.53349 A_min=0.5104 A_mean=0.5363 |g|=1.28e-03 bin=0.002 S_flip=1.023 t=135s
[P925_h240_pad0.040] it  91 J=0.53351 A_min=0.5105 A_mean=0.5363 |g|=1.41e-03 bin=0.001 S_flip=1.023 t=136s
[P925_h240_pad0.040] it  92 J=0.53353 A_min=0.5105 A_mean=0.5363 |g|=1.59e-03 bin=0.001 S_flip=1.023 t=138s
[P925_h240_pad0.040] it  93 J=0.53355 A_min=0.5106 A_mean=0.5363 |g|=1.73e-03 bin=0.001 S_flip=1.023 t=139s
[P925_h240_pad0.040] it  94 J=0.53357 A_min=0.5106 A_mean=0.5363 |g|=1.77e-03 bin=0.001 S_flip=1.023 t=141s
[P925_h240_pad0.040] it  95 J=0.53359 A_min=0.5107 A_mean=0.5363 |g|=1.69e-03 bin=0.001 S_flip=1.023 t=142s
[P925_h240_pad0.040] it  96 J=0.53361 A_min=0.5107 A_mean=0.5364 |g|=1.62e-03 bin=0.001 S_flip=1.023 t=144s
[P925_h240_pad0.040] it  97 J=0.53363 A_min=0.5108 A_mean=0.5364 |g|=1.61e-03 bin=0.001 S_flip=1.023 t=145s
[P925_h240_pad0.040] it  98 J=0.53365 A_min=0.5108 A_mean=0.5364 |g|=1.67e-03 bin=0.001 S_flip=1.023 t=147s
[P925_h240_pad0.040] it  99 J=0.53367 A_min=0.5109 A_mean=0.5364 |g|=1.80e-03 bin=0.001 S_flip=1.023 t=148s
[P925_h240_pad0.040] it 100 J=0.53369 A_min=0.5109 A_mean=0.5364 |g|=1.99e-03 bin=0.001 S_flip=1.023 t=150s
[P925_h240_pad0.040] it 101 J=0.53371 A_min=0.5110 A_mean=0.5364 |g|=2.12e-03 bin=0.001 S_flip=1.023 t=151s
[P925_h240_pad0.040] it 102 J=0.53373 A_min=0.5110 A_mean=0.5364 |g|=2.19e-03 bin=0.001 S_flip=1.023 t=153s
[P925_h240_pad0.040] it 103 J=0.53374 A_min=0.5111 A_mean=0.5364 |g|=2.26e-03 bin=0.001 S_flip=1.023 t=155s
[P925_h240_pad0.040] it 104 J=0.53376 A_min=0.5111 A_mean=0.5364 |g|=2.37e-03 bin=0.001 S_flip=1.023 t=156s
[P925_h240_pad0.040] it 105 J=0.53377 A_min=0.5112 A_mean=0.5364 |g|=2.47e-03 bin=0.001 S_flip=1.024 t=157s
[P925_h240_pad0.040] it 106 J=0.53379 A_min=0.5112 A_mean=0.5365 |g|=2.50e-03 bin=0.001 S_flip=1.024 t=159s
[P925_h240_pad0.040] it 107 J=0.53380 A_min=0.5112 A_mean=0.5365 |g|=2.45e-03 bin=0.001 S_flip=1.024 t=160s
[P925_h240_pad0.040] it 108 J=0.53381 A_min=0.5113 A_mean=0.5365 |g|=2.38e-03 bin=0.001 S_flip=1.024 t=162s
[P925_h240_pad0.040] it 109 J=0.53381 A_min=0.5113 A_mean=0.5365 |g|=2.30e-03 bin=0.001 S_flip=1.024 t=163s
[P925_h240_pad0.040] it 110 J=0.53382 A_min=0.5113 A_mean=0.5365 |g|=2.21e-03 bin=0.001 S_flip=1.024 t=165s
[P925_h240_pad0.040] it 111 J=0.53383 A_min=0.5113 A_mean=0.5365 |g|=2.11e-03 bin=0.001 S_flip=1.024 t=166s
[P925_h240_pad0.040] it 112 J=0.53383 A_min=0.5114 A_mean=0.5365 |g|=2.00e-03 bin=0.001 S_flip=1.024 t=167s
[P925_h240_pad0.040] it 113 J=0.53383 A_min=0.5114 A_mean=0.5365 |g|=1.89e-03 bin=0.001 S_flip=1.024 t=168s
[P925_h240_pad0.040] it 114 J=0.53383 A_min=0.5114 A_mean=0.5365 |g|=1.81e-03 bin=0.001 S_flip=1.024 t=169s
[P925_h240_pad0.040] it 115 J=0.53384 A_min=0.5114 A_mean=0.5365 |g|=1.75e-03 bin=0.001 S_flip=1.024 t=171s
[P925_h240_pad0.040] it 116 J=0.53384 A_min=0.5114 A_mean=0.5365 |g|=1.70e-03 bin=0.001 S_flip=1.024 t=172s
[P925_h240_pad0.040] it 117 J=0.53384 A_min=0.5114 A_mean=0.5365 |g|=1.68e-03 bin=0.001 S_flip=1.024 t=173s
[P925_h240_pad0.040] it 118 J=0.53384 A_min=0.5114 A_mean=0.5365 |g|=1.67e-03 bin=0.001 S_flip=1.024 t=174s
[P925_h240_pad0.040] it 119 J=0.53384 A_min=0.5114 A_mean=0.5365 |g|=1.67e-03 bin=0.001 S_flip=1.024 t=175s
[P925_h240_pad0.040] done: J_soft=0.53384 J_hard=0.53385 A_hard=[0.5471, 0.5509, 0.5114] S_flip=1.024 wall=177s
[P850_h200_pad0.040] it   0 J=0.41297 A_min=0.3518 A_mean=0.4639 |g|=2.24e-03 bin=0.074 S_flip=0.203 t=1s
[P850_h200_pad0.040] it   1 J=0.41359 A_min=0.3521 A_mean=0.4654 |g|=3.94e-03 bin=0.070 S_flip=0.208 t=3s
[P850_h200_pad0.040] it   2 J=0.41448 A_min=0.3534 A_mean=0.4650 |g|=2.39e-03 bin=0.066 S_flip=0.216 t=4s
[P850_h200_pad0.040] it   3 J=0.41502 A_min=0.3540 A_mean=0.4652 |g|=2.92e-03 bin=0.063 S_flip=0.223 t=6s
[P850_h200_pad0.040] it   4 J=0.41568 A_min=0.3544 A_mean=0.4665 |g|=1.43e-03 bin=0.060 S_flip=0.229 t=7s
[P850_h200_pad0.040] it   5 J=0.41610 A_min=0.3548 A_mean=0.4670 |g|=2.21e-03 bin=0.057 S_flip=0.235 t=9s
[P850_h200_pad0.040] it   6 J=0.41654 A_min=0.3553 A_mean=0.4673 |g|=2.18e-03 bin=0.054 S_flip=0.241 t=10s
[P850_h200_pad0.040] it   7 J=0.41701 A_min=0.3558 A_mean=0.4676 |g|=1.39e-03 bin=0.052 S_flip=0.248 t=11s
[P850_h200_pad0.040] it   8 J=0.41738 A_min=0.3563 A_mean=0.4677 |g|=1.69e-03 bin=0.049 S_flip=0.255 t=13s
[P850_h200_pad0.040] it   9 J=0.41772 A_min=0.3567 A_mean=0.4678 |g|=2.03e-03 bin=0.047 S_flip=0.261 t=14s
[P850_h200_pad0.040] it  10 J=0.41811 A_min=0.3571 A_mean=0.4681 |g|=1.68e-03 bin=0.045 S_flip=0.267 t=16s
[P850_h200_pad0.040] it  11 J=0.41849 A_min=0.3575 A_mean=0.4684 |g|=1.34e-03 bin=0.043 S_flip=0.273 t=17s
[P850_h200_pad0.040] it  12 J=0.41883 A_min=0.3578 A_mean=0.4685 |g|=1.57e-03 bin=0.041 S_flip=0.278 t=18s
[P850_h200_pad0.040] it  13 J=0.41916 A_min=0.3582 A_mean=0.4686 |g|=1.72e-03 bin=0.039 S_flip=0.284 t=20s
[P850_h200_pad0.040] it  14 J=0.41951 A_min=0.3586 A_mean=0.4687 |g|=1.51e-03 bin=0.038 S_flip=0.290 t=21s
[P850_h200_pad0.040] it  15 J=0.41985 A_min=0.3590 A_mean=0.4688 |g|=1.34e-03 bin=0.036 S_flip=0.296 t=23s
[P850_h200_pad0.040] it  16 J=0.42017 A_min=0.3595 A_mean=0.4688 |g|=1.49e-03 bin=0.034 S_flip=0.301 t=24s
[P850_h200_pad0.040] it  17 J=0.42049 A_min=0.3599 A_mean=0.4688 |g|=1.63e-03 bin=0.033 S_flip=0.306 t=26s
[P850_h200_pad0.040] it  18 J=0.42081 A_min=0.3603 A_mean=0.4688 |g|=1.55e-03 bin=0.032 S_flip=0.311 t=27s
[P850_h200_pad0.040] it  19 J=0.42114 A_min=0.3607 A_mean=0.4688 |g|=1.37e-03 bin=0.030 S_flip=0.316 t=29s
[P850_h200_pad0.040] it  20 J=0.42145 A_min=0.3611 A_mean=0.4688 |g|=1.35e-03 bin=0.029 S_flip=0.321 t=30s
[P850_h200_pad0.040] it  21 J=0.42176 A_min=0.3615 A_mean=0.4687 |g|=1.46e-03 bin=0.028 S_flip=0.325 t=32s
[P850_h200_pad0.040] it  22 J=0.42206 A_min=0.3619 A_mean=0.4686 |g|=1.49e-03 bin=0.027 S_flip=0.330 t=33s
[P850_h200_pad0.040] it  23 J=0.42237 A_min=0.3623 A_mean=0.4685 |g|=1.41e-03 bin=0.026 S_flip=0.335 t=34s
[P850_h200_pad0.040] it  24 J=0.42268 A_min=0.3627 A_mean=0.4684 |g|=1.38e-03 bin=0.025 S_flip=0.339 t=36s
[P850_h200_pad0.040] it  25 J=0.42297 A_min=0.3632 A_mean=0.4682 |g|=1.47e-03 bin=0.024 S_flip=0.344 t=37s
[P850_h200_pad0.040] it  26 J=0.42327 A_min=0.3636 A_mean=0.4681 |g|=1.55e-03 bin=0.023 S_flip=0.348 t=38s
[P850_h200_pad0.040] it  27 J=0.42358 A_min=0.3641 A_mean=0.4679 |g|=1.52e-03 bin=0.022 S_flip=0.353 t=40s
[P850_h200_pad0.040] it  28 J=0.42389 A_min=0.3645 A_mean=0.4677 |g|=1.47e-03 bin=0.021 S_flip=0.357 t=41s
[P850_h200_pad0.040] it  29 J=0.42419 A_min=0.3650 A_mean=0.4675 |g|=1.49e-03 bin=0.020 S_flip=0.361 t=42s
[P850_h200_pad0.040] it  30 J=0.42450 A_min=0.3654 A_mean=0.4673 |g|=1.55e-03 bin=0.019 S_flip=0.366 t=44s
[P850_h200_pad0.040] it  31 J=0.42481 A_min=0.3659 A_mean=0.4671 |g|=1.55e-03 bin=0.018 S_flip=0.370 t=45s
[P850_h200_pad0.040] it  32 J=0.42512 A_min=0.3664 A_mean=0.4669 |g|=1.51e-03 bin=0.017 S_flip=0.374 t=46s
[P850_h200_pad0.040] it  33 J=0.42542 A_min=0.3669 A_mean=0.4667 |g|=1.55e-03 bin=0.016 S_flip=0.378 t=48s
[P850_h200_pad0.040] it  34 J=0.42572 A_min=0.3674 A_mean=0.4664 |g|=1.64e-03 bin=0.016 S_flip=0.382 t=49s
[P850_h200_pad0.040] it  35 J=0.42602 A_min=0.3679 A_mean=0.4662 |g|=1.66e-03 bin=0.015 S_flip=0.386 t=51s
[P850_h200_pad0.040] it  36 J=0.42633 A_min=0.3684 A_mean=0.4660 |g|=1.62e-03 bin=0.014 S_flip=0.389 t=52s
[P850_h200_pad0.040] it  37 J=0.42664 A_min=0.3688 A_mean=0.4658 |g|=1.60e-03 bin=0.014 S_flip=0.392 t=53s
[P850_h200_pad0.040] it  38 J=0.42694 A_min=0.3693 A_mean=0.4655 |g|=1.65e-03 bin=0.013 S_flip=0.395 t=55s
[P850_h200_pad0.040] it  39 J=0.42726 A_min=0.3698 A_mean=0.4652 |g|=1.74e-03 bin=0.013 S_flip=0.398 t=56s
[P850_h200_pad0.040] it  40 J=0.42758 A_min=0.3704 A_mean=0.4650 |g|=1.79e-03 bin=0.013 S_flip=0.401 t=58s
[P850_h200_pad0.040] it  41 J=0.42791 A_min=0.3709 A_mean=0.4648 |g|=1.77e-03 bin=0.012 S_flip=0.404 t=59s
[P850_h200_pad0.040] it  42 J=0.42824 A_min=0.3715 A_mean=0.4646 |g|=1.73e-03 bin=0.012 S_flip=0.407 t=60s
[P850_h200_pad0.040] it  43 J=0.42857 A_min=0.3720 A_mean=0.4644 |g|=1.79e-03 bin=0.011 S_flip=0.410 t=62s
[P850_h200_pad0.040] it  44 J=0.42891 A_min=0.3726 A_mean=0.4642 |g|=1.96e-03 bin=0.011 S_flip=0.413 t=63s
[P850_h200_pad0.040] it  45 J=0.42929 A_min=0.3732 A_mean=0.4640 |g|=2.11e-03 bin=0.011 S_flip=0.416 t=64s
[P850_h200_pad0.040] it  46 J=0.42969 A_min=0.3739 A_mean=0.4639 |g|=2.10e-03 bin=0.010 S_flip=0.419 t=66s
[P850_h200_pad0.040] it  47 J=0.43008 A_min=0.3745 A_mean=0.4638 |g|=2.04e-03 bin=0.010 S_flip=0.422 t=67s
[P850_h200_pad0.040] it  48 J=0.43047 A_min=0.3751 A_mean=0.4637 |g|=2.16e-03 bin=0.009 S_flip=0.425 t=68s
[P850_h200_pad0.040] it  49 J=0.43089 A_min=0.3757 A_mean=0.4636 |g|=2.23e-03 bin=0.009 S_flip=0.428 t=70s
[P850_h200_pad0.040] it  50 J=0.43131 A_min=0.3764 A_mean=0.4636 |g|=2.14e-03 bin=0.008 S_flip=0.431 t=71s
[P850_h200_pad0.040] it  51 J=0.43170 A_min=0.3770 A_mean=0.4635 |g|=2.05e-03 bin=0.008 S_flip=0.433 t=72s
[P850_h200_pad0.040] it  52 J=0.43212 A_min=0.3778 A_mean=0.4635 |g|=2.56e-03 bin=0.008 S_flip=0.436 t=74s
[P850_h200_pad0.040] it  53 J=0.43260 A_min=0.3786 A_mean=0.4634 |g|=2.73e-03 bin=0.007 S_flip=0.439 t=75s
[P850_h200_pad0.040] it  54 J=0.43305 A_min=0.3793 A_mean=0.4633 |g|=2.48e-03 bin=0.006 S_flip=0.442 t=77s
[P850_h200_pad0.040] it  55 J=0.43346 A_min=0.3799 A_mean=0.4631 |g|=2.10e-03 bin=0.006 S_flip=0.444 t=78s
[P850_h200_pad0.040] it  56 J=0.43384 A_min=0.3805 A_mean=0.4628 |g|=2.65e-03 bin=0.006 S_flip=0.446 t=80s
[P850_h200_pad0.040] it  57 J=0.43433 A_min=0.3813 A_mean=0.4625 |g|=3.52e-03 bin=0.006 S_flip=0.449 t=81s
[P850_h200_pad0.040] it  58 J=0.43482 A_min=0.3822 A_mean=0.4625 |g|=2.57e-03 bin=0.006 S_flip=0.451 t=83s
[P850_h200_pad0.040] it  59 J=0.43527 A_min=0.3830 A_mean=0.4625 |g|=2.64e-03 bin=0.005 S_flip=0.454 t=84s
[P850_h200_pad0.040] it  60 J=0.43575 A_min=0.3840 A_mean=0.4625 |g|=3.02e-03 bin=0.005 S_flip=0.457 t=86s
[P850_h200_pad0.040] it  61 J=0.43625 A_min=0.3849 A_mean=0.4626 |g|=3.06e-03 bin=0.005 S_flip=0.460 t=87s
[P850_h200_pad0.040] it  62 J=0.43671 A_min=0.3856 A_mean=0.4626 |g|=2.89e-03 bin=0.005 S_flip=0.462 t=88s
[P850_h200_pad0.040] it  63 J=0.43710 A_min=0.3861 A_mean=0.4625 |g|=2.28e-03 bin=0.004 S_flip=0.464 t=90s
[P850_h200_pad0.040] it  64 J=0.43753 A_min=0.3867 A_mean=0.4625 |g|=3.52e-03 bin=0.005 S_flip=0.466 t=91s
[P850_h200_pad0.040] it  65 J=0.43818 A_min=0.3876 A_mean=0.4627 |g|=3.84e-03 bin=0.005 S_flip=0.468 t=93s
[P850_h200_pad0.040] it  66 J=0.43875 A_min=0.3884 A_mean=0.4630 |g|=3.31e-03 bin=0.005 S_flip=0.470 t=94s
[P850_h200_pad0.040] it  67 J=0.43935 A_min=0.3892 A_mean=0.4633 |g|=3.34e-03 bin=0.004 S_flip=0.472 t=95s
[P850_h200_pad0.040] it  68 J=0.43984 A_min=0.3900 A_mean=0.4635 |g|=2.68e-03 bin=0.004 S_flip=0.474 t=97s
[P850_h200_pad0.040] it  69 J=0.44031 A_min=0.3907 A_mean=0.4637 |g|=3.15e-03 bin=0.003 S_flip=0.476 t=98s
[P850_h200_pad0.040] it  70 J=0.44086 A_min=0.3915 A_mean=0.4638 |g|=4.17e-03 bin=0.003 S_flip=0.477 t=100s
[P850_h200_pad0.040] it  71 J=0.44132 A_min=0.3923 A_mean=0.4638 |g|=2.32e-03 bin=0.003 S_flip=0.479 t=101s
[P850_h200_pad0.040] it  72 J=0.44155 A_min=0.3927 A_mean=0.4637 |g|=1.98e-03 bin=0.003 S_flip=0.480 t=102s
[P850_h200_pad0.040] it  73 J=0.44194 A_min=0.3933 A_mean=0.4638 |g|=4.07e-03 bin=0.003 S_flip=0.481 t=104s
[P850_h200_pad0.040] it  74 J=0.44251 A_min=0.3942 A_mean=0.4640 |g|=4.40e-03 bin=0.003 S_flip=0.482 t=105s
[P850_h200_pad0.040] it  75 J=0.44304 A_min=0.3951 A_mean=0.4642 |g|=3.24e-03 bin=0.003 S_flip=0.484 t=107s
[P850_h200_pad0.040] it  76 J=0.44343 A_min=0.3957 A_mean=0.4643 |g|=3.28e-03 bin=0.003 S_flip=0.486 t=109s
[P850_h200_pad0.040] it  77 J=0.44393 A_min=0.3965 A_mean=0.4643 |g|=4.47e-03 bin=0.003 S_flip=0.487 t=110s
[P850_h200_pad0.040] it  78 J=0.44442 A_min=0.3974 A_mean=0.4644 |g|=3.08e-03 bin=0.002 S_flip=0.488 t=112s
[P850_h200_pad0.040] it  79 J=0.44479 A_min=0.3979 A_mean=0.4644 |g|=3.62e-03 bin=0.002 S_flip=0.489 t=113s
[P850_h200_pad0.040] it  80 J=0.44522 A_min=0.3986 A_mean=0.4644 |g|=3.58e-03 bin=0.002 S_flip=0.490 t=115s
[P850_h200_pad0.040] it  81 J=0.44569 A_min=0.3993 A_mean=0.4646 |g|=4.79e-03 bin=0.002 S_flip=0.492 t=116s
[P850_h200_pad0.040] it  82 J=0.44619 A_min=0.4000 A_mean=0.4649 |g|=5.00e-03 bin=0.002 S_flip=0.493 t=118s
[P850_h200_pad0.040] it  83 J=0.44656 A_min=0.4004 A_mean=0.4651 |g|=3.07e-03 bin=0.002 S_flip=0.494 t=119s
[P850_h200_pad0.040] it  84 J=0.44680 A_min=0.4007 A_mean=0.4651 |g|=2.28e-03 bin=0.002 S_flip=0.495 t=120s
[P850_h200_pad0.040] it  85 J=0.44699 A_min=0.4009 A_mean=0.4652 |g|=3.24e-03 bin=0.002 S_flip=0.495 t=122s
[P850_h200_pad0.040] it  86 J=0.44728 A_min=0.4013 A_mean=0.4653 |g|=4.38e-03 bin=0.002 S_flip=0.495 t=123s
[P850_h200_pad0.040] it  87 J=0.44767 A_min=0.4018 A_mean=0.4656 |g|=5.56e-03 bin=0.002 S_flip=0.496 t=125s
[P850_h200_pad0.040] it  88 J=0.44814 A_min=0.4025 A_mean=0.4660 |g|=6.24e-03 bin=0.002 S_flip=0.497 t=126s
[P850_h200_pad0.040] it  89 J=0.44852 A_min=0.4031 A_mean=0.4664 |g|=4.16e-03 bin=0.001 S_flip=0.498 t=128s
[P850_h200_pad0.040] it  90 J=0.44881 A_min=0.4035 A_mean=0.4666 |g|=3.94e-03 bin=0.001 S_flip=0.499 t=129s
[P850_h200_pad0.040] it  91 J=0.44907 A_min=0.4038 A_mean=0.4669 |g|=4.74e-03 bin=0.001 S_flip=0.500 t=131s
[P850_h200_pad0.040] it  92 J=0.44931 A_min=0.4040 A_mean=0.4672 |g|=4.81e-03 bin=0.001 S_flip=0.500 t=132s
[P850_h200_pad0.040] it  93 J=0.44957 A_min=0.4044 A_mean=0.4673 |g|=5.42e-03 bin=0.001 S_flip=0.501 t=134s
[P850_h200_pad0.040] it  94 J=0.44986 A_min=0.4048 A_mean=0.4675 |g|=4.60e-03 bin=0.001 S_flip=0.502 t=135s
[P850_h200_pad0.040] it  95 J=0.45007 A_min=0.4051 A_mean=0.4676 |g|=4.99e-03 bin=0.001 S_flip=0.503 t=137s
[P850_h200_pad0.040] it  96 J=0.45027 A_min=0.4053 A_mean=0.4677 |g|=4.62e-03 bin=0.001 S_flip=0.503 t=138s
[P850_h200_pad0.040] it  97 J=0.45045 A_min=0.4055 A_mean=0.4678 |g|=3.44e-03 bin=0.001 S_flip=0.504 t=140s
[P850_h200_pad0.040] it  98 J=0.45058 A_min=0.4056 A_mean=0.4678 |g|=3.83e-03 bin=0.001 S_flip=0.504 t=141s
[P850_h200_pad0.040] it  99 J=0.45073 A_min=0.4058 A_mean=0.4679 |g|=5.06e-03 bin=0.001 S_flip=0.504 t=143s
[P850_h200_pad0.040] it 100 J=0.45088 A_min=0.4060 A_mean=0.4679 |g|=4.80e-03 bin=0.001 S_flip=0.505 t=144s
[P850_h200_pad0.040] it 101 J=0.45102 A_min=0.4062 A_mean=0.4679 |g|=4.62e-03 bin=0.001 S_flip=0.505 t=146s
[P850_h200_pad0.040] it 102 J=0.45113 A_min=0.4063 A_mean=0.4680 |g|=4.41e-03 bin=0.001 S_flip=0.505 t=148s
[P850_h200_pad0.040] it 103 J=0.45123 A_min=0.4064 A_mean=0.4681 |g|=4.42e-03 bin=0.001 S_flip=0.506 t=149s
[P850_h200_pad0.040] it 104 J=0.45132 A_min=0.4064 A_mean=0.4683 |g|=5.61e-03 bin=0.001 S_flip=0.506 t=151s
[P850_h200_pad0.040] it 105 J=0.45143 A_min=0.4066 A_mean=0.4684 |g|=7.16e-03 bin=0.000 S_flip=0.506 t=152s
[P850_h200_pad0.040] it 106 J=0.45152 A_min=0.4067 A_mean=0.4685 |g|=4.05e-03 bin=0.000 S_flip=0.507 t=153s
[P850_h200_pad0.040] it 107 J=0.45155 A_min=0.4068 A_mean=0.4685 |g|=2.05e-03 bin=0.000 S_flip=0.507 t=155s
[P850_h200_pad0.040] it 108 J=0.45157 A_min=0.4068 A_mean=0.4685 |g|=2.28e-03 bin=0.000 S_flip=0.507 t=156s
[P850_h200_pad0.040] it 109 J=0.45158 A_min=0.4068 A_mean=0.4685 |g|=2.86e-03 bin=0.000 S_flip=0.507 t=158s
[P850_h200_pad0.040] it 110 J=0.45160 A_min=0.4068 A_mean=0.4685 |g|=3.45e-03 bin=0.000 S_flip=0.507 t=159s
[P850_h200_pad0.040] it 111 J=0.45162 A_min=0.4068 A_mean=0.4685 |g|=3.97e-03 bin=0.000 S_flip=0.507 t=160s
[P850_h200_pad0.040] it 112 J=0.45164 A_min=0.4069 A_mean=0.4685 |g|=4.43e-03 bin=0.000 S_flip=0.507 t=162s
[P850_h200_pad0.040] it 113 J=0.45165 A_min=0.4069 A_mean=0.4685 |g|=4.75e-03 bin=0.000 S_flip=0.507 t=163s
[P850_h200_pad0.040] it 114 J=0.45167 A_min=0.4069 A_mean=0.4685 |g|=4.90e-03 bin=0.000 S_flip=0.507 t=165s
[P850_h200_pad0.040] it 115 J=0.45168 A_min=0.4069 A_mean=0.4685 |g|=4.92e-03 bin=0.000 S_flip=0.507 t=166s
[P850_h200_pad0.040] it 116 J=0.45169 A_min=0.4069 A_mean=0.4685 |g|=4.87e-03 bin=0.000 S_flip=0.507 t=167s
[P850_h200_pad0.040] it 117 J=0.45170 A_min=0.4069 A_mean=0.4685 |g|=4.82e-03 bin=0.000 S_flip=0.507 t=169s
[P850_h200_pad0.040] it 118 J=0.45170 A_min=0.4069 A_mean=0.4685 |g|=4.79e-03 bin=0.000 S_flip=0.507 t=170s
[P850_h200_pad0.040] it 119 J=0.45171 A_min=0.4069 A_mean=0.4685 |g|=4.80e-03 bin=0.000 S_flip=0.507 t=171s
[P850_h200_pad0.040] done: J_soft=0.45171 J_hard=0.45173 A_hard=[0.5147, 0.484, 0.4069] S_flip=0.508 wall=173s
[P900_h200_pad0.040] it   0 J=0.20577 A_min=0.1561 A_mean=0.2317 |g|=3.85e-03 bin=0.072 S_flip=0.205 t=1s
[P900_h200_pad0.040] it   1 J=0.20830 A_min=0.1589 A_mean=0.2340 |g|=4.36e-03 bin=0.069 S_flip=0.217 t=3s
[P900_h200_pad0.040] it   2 J=0.21130 A_min=0.1624 A_mean=0.2365 |g|=5.17e-03 bin=0.066 S_flip=0.229 t=4s
[P900_h200_pad0.040] it   3 J=0.21507 A_min=0.1669 A_mean=0.2393 |g|=6.44e-03 bin=0.063 S_flip=0.241 t=5s
[P900_h200_pad0.040] it   4 J=0.22012 A_min=0.1732 A_mean=0.2429 |g|=8.47e-03 bin=0.061 S_flip=0.252 t=7s
[P900_h200_pad0.040] it   5 J=0.22737 A_min=0.1825 A_mean=0.2478 |g|=1.18e-02 bin=0.058 S_flip=0.264 t=8s
[P900_h200_pad0.040] it   6 J=0.23846 A_min=0.1972 A_mean=0.2552 |g|=1.75e-02 bin=0.056 S_flip=0.275 t=9s
[P900_h200_pad0.040] it   7 J=0.25633 A_min=0.2221 A_mean=0.2672 |g|=2.69e-02 bin=0.054 S_flip=0.286 t=11s
[P900_h200_pad0.040] it   8 J=0.28507 A_min=0.2667 A_mean=0.2885 |g|=4.02e-02 bin=0.053 S_flip=0.295 t=12s
[P900_h200_pad0.040] it   9 J=0.32526 A_min=0.3152 A_mean=0.3267 |g|=4.69e-02 bin=0.051 S_flip=0.304 t=13s
[P900_h200_pad0.040] it  10 J=0.36224 A_min=0.3185 A_mean=0.3843 |g|=2.88e-02 bin=0.049 S_flip=0.312 t=15s
[P900_h200_pad0.040] it  11 J=0.37619 A_min=0.3165 A_mean=0.4234 |g|=4.61e-03 bin=0.048 S_flip=0.320 t=16s
[P900_h200_pad0.040] it  12 J=0.37098 A_min=0.3134 A_mean=0.4111 |g|=1.44e-02 bin=0.047 S_flip=0.328 t=18s
[P900_h200_pad0.040] it  13 J=0.35793 A_min=0.3105 A_mean=0.3859 |g|=2.56e-02 bin=0.045 S_flip=0.335 t=19s
[P900_h200_pad0.040] it  14 J=0.34781 A_min=0.3088 A_mean=0.3707 |g|=2.90e-02 bin=0.043 S_flip=0.342 t=20s
[P900_h200_pad0.040] it  15 J=0.34404 A_min=0.3083 A_mean=0.3655 |g|=2.91e-02 bin=0.041 S_flip=0.347 t=22s
[P900_h200_pad0.040] it  16 J=0.34561 A_min=0.3088 A_mean=0.3675 |g|=2.83e-02 bin=0.038 S_flip=0.351 t=23s
[P900_h200_pad0.040] it  17 J=0.35102 A_min=0.3101 A_mean=0.3749 |g|=2.67e-02 bin=0.036 S_flip=0.355 t=24s
[P900_h200_pad0.040] it  18 J=0.35869 A_min=0.3118 A_mean=0.3864 |g|=2.35e-02 bin=0.034 S_flip=0.358 t=26s
[P900_h200_pad0.040] it  19 J=0.36670 A_min=0.3136 A_mean=0.4003 |g|=1.84e-02 bin=0.032 S_flip=0.360 t=27s
[P900_h200_pad0.040] it  20 J=0.37320 A_min=0.3154 A_mean=0.4140 |g|=1.21e-02 bin=0.030 S_flip=0.362 t=28s
[P900_h200_pad0.040] it  21 J=0.37721 A_min=0.3170 A_mean=0.4238 |g|=6.24e-03 bin=0.028 S_flip=0.364 t=30s
[P900_h200_pad0.040] it  22 J=0.37876 A_min=0.3183 A_mean=0.4273 |g|=2.94e-03 bin=0.026 S_flip=0.366 t=31s
[P900_h200_pad0.040] it  23 J=0.37837 A_min=0.3193 A_mean=0.4248 |g|=5.72e-03 bin=0.025 S_flip=0.368 t=33s
[P900_h200_pad0.040] it  24 J=0.37672 A_min=0.3200 A_mean=0.4185 |g|=9.98e-03 bin=0.024 S_flip=0.370 t=34s
[P900_h200_pad0.040] it  25 J=0.37471 A_min=0.3206 A_mean=0.4118 |g|=1.36e-02 bin=0.022 S_flip=0.372 t=36s
[P900_h200_pad0.040] it  26 J=0.37327 A_min=0.3210 A_mean=0.4073 |g|=1.59e-02 bin=0.021 S_flip=0.375 t=38s
[P900_h200_pad0.040] it  27 J=0.37299 A_min=0.3213 A_mean=0.4061 |g|=1.66e-02 bin=0.020 S_flip=0.377 t=39s
[P900_h200_pad0.040] it  28 J=0.37395 A_min=0.3215 A_mean=0.4083 |g|=1.58e-02 bin=0.019 S_flip=0.380 t=40s
[P900_h200_pad0.040] it  29 J=0.37580 A_min=0.3217 A_mean=0.4130 |g|=1.37e-02 bin=0.019 S_flip=0.382 t=42s
[P900_h200_pad0.040] it  30 J=0.37798 A_min=0.3219 A_mean=0.4190 |g|=1.10e-02 bin=0.018 S_flip=0.385 t=43s
[P900_h200_pad0.040] it  31 J=0.38002 A_min=0.3221 A_mean=0.4247 |g|=8.22e-03 bin=0.017 S_flip=0.388 t=45s
