lam,R,T,A,T00,R00,n_orders,case,re_r,im_r,re_t,im_t
1200.0,0.03463595796917531,0.9653640420311819,-3.5715874702191286e-13,0.5600580886647583,0.03463595796917531,5,lossless_ITO,-0.0753936567242488,0.022993519197593792,-0.39343737377127064,0.4773641464451682
1201.0,0.034808691792776895,0.9651913082060128,1.2102541191438831e-12,0.5596205063759719,0.034808691792776895,5,lossless_ITO,-0.07560347139923418,0.02206443986334733,-0.39082549802794203,0.4790833383821757
1202.0,0.03498755005514848,0.9650124499451791,-3.276268145668837e-13,0.5591535236896864,0.03498755005514848,5,lossless_ITO,-0.07582367872491513,0.021146198341987194,-0.38819666361415267,0.4807732089169388
1203.0,0.035172531988925455,0.9648274680110813,-6.772360450213455e-15,0.5586566872075464,0.035172531988925455,5,lossless_ITO,-0.0760540987772148,0.02023874287184546,-0.38555056179362657,0.4824336194351069
1204.0,0.035363678144874164,0.9646363218552011,-7.527312106958561e-14,0.5581296041835335,0.035363678144874164,5,lossless_ITO,-0.076294730029553,0.019342337088449013,-0.38288758571039644,0.48406394931238256
1205.0,0.035560988068275665,0.9644390119317896,-6.52811138479592e-14,0.557571805359008,0.035560988068275665,5,lossless_ITO,-0.07654540736770576,0.01845694837140427,-0.38020744039762694,0.4856640223864117
1206.0,0.03576448188651499,0.9642355181133566,1.283417816466681e-13,0.5569828502247794,0.03576448188651499,5,lossless_ITO,-0.07680605732780243,0.017582705970237866,-0.37751018620210475,0.48723341452177804
1207.0,0.03597419972069126,0.9640258002794408,-1.3211653993039363e-13,0.5563623548279806,0.03597419972069126,5,lossless_ITO,-0.07707669916782811,0.016719886913804216,-0.37479623876703105,0.488771487601962
1208.0,0.03619014136208042,0.9638098586379102,9.325873406851315e-15,0.5557098249406627,0.03619014136208042,5,lossless_ITO,-0.07735718517991419,0.015868490925732726,-0.3720653269798288,0.4902780054748677
1209.0,0.03641234664776495,0.9635876533522407,-5.662137425588298e-15,0.555024882493443,0.03641234664776495,5,lossless_ITO,-0.07764754638146776,0.015028806402619221,-0.36931788287093825,0.4917523165999704
1210.0,0.036640795249720484,0.9633592047502909,-1.1435297153639112e-14,0.5543069399845553,0.036640795249720484,5,lossless_ITO,-0.07794755514553336,0.014200725914027601,-0.36655330762681726,0.4931943219583543
1211.0,0.036875546411177025,0.9631244535887236,9.936496070395151e-14,0.5535556909528792,0.036875546411177025,5,lossless_ITO,-0.0782573393711139,0.013384688190914651,-0.36377239881457746,0.49460316114889935
1212.0,0.03711661912839537,0.9628833808715944,1.021405182655144e-14,0.5527706964990262,0.03711661912839537,5,lossless_ITO,-0.07857685634267458,0.01258086829646543,-0.3609752698175026,0.49597834627122267
1213.0,0.037364011778689685,0.9626359882213864,-7.605027718682322e-14,0.5519514222223245,0.037364011778689685,5,lossless_ITO,-0.07890597509032915,0.011789329704087637,-0.3581617011136085,0.4973195315289099
1214.0,0.037617741928383054,0.9623822580716546,-3.7636560534792807e-14,0.551097409003543,0.037617741928383054,5,lossless_ITO,-0.07924465528587715,0.01101027837810381,-0.3553318315645479,0.4986261754169241
1215.0,0.03787782626369059,0.9621221737363006,8.770761894538737e-15,0.5502081967063395,0.03787782626369059,5,lossless_ITO,-0.07959285827041596,0.010243932128931266,-0.352485812796497,0.49989771986132675
1216.0,0.03814430059676692,0.9618556994032819,-4.873879078104437e-14,0.5492834372309022,0.03814430059676692,5,lossless_ITO,-0.0799506400257845,0.009490634633413653,-0.3496241522758366,0.5011334542973185
1217.0,0.03841715888419004,0.9615828411157599,5.007105841059456e-14,0.5483225712570663,0.03841715888419004,5,lossless_ITO,-0.08031787064147039,0.008750509346173219,-0.3467466874354204,0.502332936617406
1218.0,0.03869641354950011,0.9613035864505982,-9.836575998178887e-14,0.5473251410729869,0.03869641354950011,5,lossless_ITO,-0.08069451153170387,0.008023812468620994,-0.3438536152727892,0.5034955566465309
1219.0,0.03898209596516615,0.9610179040349016,-6.772360450213455e-14,0.5462908215284822,0.03898209596516615,5,lossless_ITO,-0.08108062043311526,0.007310918611520112,-0.34094548792849255,0.5046205736152809
1220.0,0.03927419370621112,0.9607258062937993,-1.0436096431476471e-14,0.545219043914012,0.03927419370621112,5,lossless_ITO,-0.08147605947279857,0.0066120012898981395,-0.33802219839022757,0.5057074688313592
1221.0,0.039572733880389774,0.9604272661196364,-2.609024107869118e-14,0.5441095039138465,0.039572733880389774,5,lossless_ITO,-0.08188088415876421,0.005927457996229846,-0.33508433376897695,0.5067554803589687
1222.0,0.03987767588362843,0.9601223241163666,4.9960036108132044e-15,0.5429614861553228,0.03987767588362843,5,lossless_ITO,-0.08229484343082444,0.005257402095116159,-0.33213149982953794,0.5077641258860431
1223.0,0.04018906224967004,0.9598109377503272,2.7755575615628914e-15,0.5417748491324825,0.04018906224967004,5,lossless_ITO,-0.08271808619078302,0.004602357260637957,-0.32916466052561155,0.5087325169092053
1224.0,0.040506889090759765,0.9594931109092394,8.881784197001252e-16,0.5405491909868332,0.040506889090759765,5,lossless_ITO,-0.08315055608007682,0.003962659465780782,-0.32618413288840886,0.5096599556726492
1225.0,0.04083112506038623,0.9591688749396164,-2.6645352591003757e-15,0.5392839575880713,0.04083112506038623,5,lossless_ITO,-0.08359208147377079,0.0033385740842517553,-0.323189934462182,0.5105457908044241
1226.0,0.0411617557628451,0.9588382442372057,-5.0737192225369654e-14,0.5379787572730073,0.0411617557628451,5,lossless_ITO,-0.0840425848557852,0.0027304785726555147,-0.3201824436017427,0.5113892631281812
1227.0,0.04149876117712625,0.95850123882284,3.375077994860476e-14,0.5366332163519819,0.04149876117712625,5,lossless_ITO,-0.0845019785993189,0.00213876695375792,-0.3171620696651822,0.5121895948666317
1228.0,0.041842140042566395,0.9581578599574512,-1.7541523789077473e-14,0.5352471636412236,0.041842140042566395,5,lossless_ITO,-0.08497027870031504,0.0015639274812353499,-0.31412957184777274,0.5129459495952898
1229.0,0.04219183569012134,0.9578081643098455,3.319566843629218e-14,0.5338200994403796,0.04219183569012134,5,lossless_ITO,-0.08544726344645126,0.0010063041256046512,-0.3110851043206972,0.5136575705016871
1230.0,0.04254780764792537,0.9574521923521143,-3.963496197911809e-14,0.5323517221632225,0.04254780764792537,5,lossless_ITO,-0.08593280731707759,0.00046634127881239884,-0.3080291816164029,0.5143236267922614
1231.0,0.042910034054474015,0.9570899659455121,1.3877787807814457e-14,0.5308419604877272,0.042910034054474015,5,lossless_ITO,-0.08642689089810521,-5.5431845707443195e-05,-0.30496266588174453,0.5149432559858127
1232.0,0.04327843178842865,0.956721568211618,-4.6629367034256575e-14,0.5292903917514844,0.04327843178842865,5,lossless_ITO,-0.08692923911607858,-0.0005586118929701289,-0.30188583929921287,0.5155156277716847
1233.0,0.04365293317958992,0.9563470668204426,-3.2529534621517087e-14,0.5276968218350327,0.04365293317958992,5,lossless_ITO,-0.08743967437391026,-0.0010427050325912957,-0.29879934419399595,0.5160398655780922
1234.0,0.044033459938737494,0.9559665400612518,1.0658141036401503e-14,0.5260611013541988,0.044033459938737494,5,lossless_ITO,-0.08795799874000435,-0.0015072015067237876,-0.2957038703848016,0.5165150799824187
1235.0,0.044419952478435915,0.9555800475215603,3.774758283725532e-15,0.5243833514879286,0.044419952478435915,5,lossless_ITO,-0.08848412478129003,-0.0019515209044869142,-0.2926004502564173,0.5169403891924966
1236.0,0.044812279781090196,0.9551877202188638,4.6074255521943996e-14,0.5226633205117698,0.044812279781090196,5,lossless_ITO,-0.08901768048560915,-0.0023751855576472636,-0.2894895781043895,0.5173148819077541
1237.0,0.04521035841439798,0.954789641585572,2.9976021664879227e-14,0.5209012579785276,0.04521035841439798,5,lossless_ITO,-0.08955853476066311,-0.0027775932629331423,-0.2863723865766203,0.5176376774246921
1238.0,0.04561402739282478,0.9543859726072087,-3.352873534367973e-14,0.5190970342095931,0.04561402739282478,5,lossless_ITO,-0.09010625542202695,-0.0031582338874220905,-0.28324949472772176,0.5179078359365812
1239.0,0.0460231405659386,0.9539768594340867,-2.531308496145357e-14,0.5172508157228479,0.0460231405659386,5,lossless_ITO,-0.09066051362813349,-0.0035165305056242824,-0.28012187561327123,0.5181244347493292
1240.0,0.046437535083636926,0.9535624649164163,-5.3179682879545e-14,0.5153628534124342,0.046437535083636926,5,lossless_ITO,-0.09122094865766628,-0.0038518963353046942,-0.2769905680512936,0.5182865527675314
1241.0,0.04685706816383555,0.9531429318360816,8.293365993949919e-14,0.5134337361935489,0.04685706816383555,5,lossless_ITO,-0.09178732089713992,-0.004163700059454989,-0.2738569385089615,0.518393344704543
1242.0,0.04728150519668517,0.9527184948033292,-1.432187701766452e-14,0.5114636712561423,0.04728150519668517,5,lossless_ITO,-0.09235905306667755,-0.004451383458065505,-0.270721895305266,0.5184438508807742
1243.0,0.047710626679391535,0.9522893733206408,-3.2307490016592055e-14,0.5094532137065351,0.047710626679391535,5,lossless_ITO,-0.09293567767219152,-0.00471434151526684,-0.2675866919007,0.518437178639131
1244.0,0.0481442348485838,0.9518557651514241,-7.882583474838611e-15,0.5074032927491618,0.0481442348485838,5,lossless_ITO,-0.09351685670609165,-0.004951940463721827,-0.2644528966290861,0.5183725501442993
1245.0,0.048582027351911757,0.9514179726480883,0.0,0.5053144651949686,0.048582027351911757,5,lossless_ITO,-0.0941018834664747,-0.005163608380595042,-0.26132166752032526,0.5182490366763959
1246.0,0.04902371813031942,0.950976281869746,-6.550315845288424e-14,0.5031876761697593,0.04902371813031942,5,lossless_ITO,-0.09469016906074215,-0.005348743963306757,-0.258194495750998,0.5180658184818764
1247.0,0.04946904523803772,0.9505309547619779,-1.5654144647214707e-14,0.5010242826822282,0.04946904523803772,5,lossless_ITO,-0.09528126464899078,-0.005506735321891942,-0.2550731705405585,0.5178222336438331
1248.0,0.04991762803117193,0.9500823719688132,1.4876988529977098e-14,0.49882528747474547,0.04991762803117193,5,lossless_ITO,-0.09587432021489647,-0.005637023870647129,-0.25195912168118156,0.5175174380071281
1249.0,0.0503691040438786,0.9496308959561515,-3.008704396734174e-14,0.49659212402899705,0.0503691040438786,5,lossless_ITO,-0.09646861394330086,-0.005739041806301026,-0.24885409560571742,0.5171507430436378
1250.0,0.05082308345035465,0.9491769165496531,-7.771561172376096e-15,0.4943264112624389,0.05082308345035465,5,lossless_ITO,-0.09706337874278007,-0.0058122401893020426,-0.24575992532063703,0.5167215191466279
1251.0,0.051279205998181504,0.9487207940017919,2.6645352591003757e-14,0.49203022703796034,0.051279205998181504,5,lossless_ITO,-0.0976580087361468,-0.005856086534283933,-0.24267870755489263,0.5162293571960049
1252.0,0.0517369713430852,0.948263028656929,-1.4210854715202004e-14,0.48970533554963147,0.0517369713430852,5,lossless_ITO,-0.09825145067924004,-0.005870095945973652,-0.23961225229031646,0.5156736346595712
1253.0,0.05219590251667083,0.9478040974833516,-2.2426505097428162e-14,0.4873539827305554,0.05219590251667083,5,lossless_ITO,-0.0988428020357269,-0.005853803817813863,-0.2365626496493948,0.5150539521983521
1254.0,0.05265555846851486,0.94734444153147,1.509903313490213e-14,0.48497890173262787,0.05265555846851486,5,lossless_ITO,-0.09943134442462104,-0.0058067835844202165,-0.2335322157528431,0.5143701806331709
1255.0,0.053115340192651746,0.9468846598074061,-5.784261958297066e-14,0.4825825535283034,0.053115340192651746,5,lossless_ITO,-0.10001587643356469,-0.005728656610174521,-0.23052303566165316,0.5136219629872838
1256.0,0.0535746781447464,0.9464253218552708,-1.7208456881689926e-14,0.4801679109627116,0.0535746781447464,5,lossless_ITO,-0.10059537157096621,-0.0056190881386889435,-0.2275374341635008,0.5128092190627832
1257.0,0.054032971080911645,0.9459670289190575,3.086420008457935e-14,0.4777382095459895,0.054032971080911645,5,lossless_ITO,-0.10116876690641408,-0.00547779777854962,-0.22457780491742327,0.5119319967311766
1258.0,0.054489665291775666,0.945510334708241,-1.6653345369377348e-14,0.47529719332425124,0.054489665291775666,5,lossless_ITO,-0.10173522476910324,-0.00530457259906747,-0.22164669815471832,0.5109906813910324
1259.0,0.0549440236070908,0.9450559763928994,9.769962616701378e-15,0.4728483964070515,0.0549440236070908,5,lossless_ITO,-0.102293379411936,-0.00509925331260197,-0.2187465019113854,0.5099854222615771
1260.0,0.055395436754765506,0.9446045632452211,1.3322676295501878e-14,0.47039610623540573,0.055395436754765506,5,lossless_ITO,-0.10284235984008594,-0.004861765369985616,-0.21587983467827004,0.50891692395571
1261.0,0.05584300720644604,0.9441569927936284,-7.4495964952348e-14,0.46794421932320507,0.05584300720644604,5,lossless_ITO,-0.10338046059115691,-0.004592083478140996,-0.21304913197576375,0.5077854441681019
1262.0,0.05628615456259825,0.9437138454374168,-1.4988010832439613e-14,0.46549780844044203,0.05628615456259825,5,lossless_ITO,-0.10390706859873938,-0.004290301671948438,-0.21025711517505966,0.5065922514676646
1263.0,0.05672400353277611,0.9432759964672124,1.1546319456101628e-14,0.4630615702857938,0.05672400353277611,5,lossless_ITO,-0.10442073386750994,-0.003956571936548192,-0.2075063224720583,0.5053381785120609
1264.0,0.05715583982363673,0.9428441601763399,2.3425705819590803e-14,0.4606408875686334,0.05715583982363673,5,lossless_ITO,-0.1049206015777715,-0.003591158097633218,-0.20479935401177188,0.5040246851878412
1265.0,0.05758061433308006,0.9424193856669894,-6.938893903907228e-14,0.458240852849193,0.05758061433308006,5,lossless_ITO,-0.10540490653273832,-0.003194388549688343,-0.20213873864123694,0.5026527801676522
1266.0,0.05799766519775805,0.942002334802271,-2.90878432451791e-14,0.45586754766693016,0.05799766519775805,5,lossless_ITO,-0.1058731634485271,-0.0027667320211545166,-0.1995269839548621,0.5012245627991958
1267.0,0.05840610661868545,0.9415938933813313,-1.6653345369377348e-14,0.45352690132157913,0.05840610661868545,5,lossless_ITO,-0.10632432375678597,-0.002308736492442176,-0.19696647516328616,0.49974190953154973
1268.0,0.058804783546004866,0.9411952164539876,7.549516567451064e-15,0.4512248033449297,0.058804783546004866,5,lossless_ITO,-0.10675668971888264,-0.0018210409897895241,-0.1944596079624322,0.49820646700416454
1269.0,0.059192988017319446,0.9408070119826559,2.4646951146678475e-14,0.44896790545561244,0.059192988017319446,5,lossless_ITO,-0.10717000615576477,-0.0013044168383615218,-0.19200849608107226,0.49662098558022266
1270.0,0.059569631816158264,0.9404303681838467,-4.9960036108132044e-15,0.4467626087707845,0.059569631816158264,5,lossless_ITO,-0.1075630671273975,-0.0007597188850007042,-0.18961523599703506,0.49498776159666635
1271.0,0.05993386121238903,0.9400661387875539,5.717648576819556e-14,0.44461565493312694,0.05993386121238903,5,lossless_ITO,-0.10793550074849467,-0.00018790531919232745,-0.18728160139067204,0.49330973163267466
1272.0,0.060284392386595095,0.9397156076133614,4.3520742565306136e-14,0.44253362431561605,0.060284392386595095,5,lossless_ITO,-0.10828591572816137,0.0004099647776337756,-0.18500945532701102,0.49158937849131606
1273.0,0.06062047378244681,0.9393795262175457,7.438494264988549e-15,0.44052342490409946,0.06062047378244681,5,lossless_ITO,-0.10861460550893576,0.00103276142588965,-0.18280000974809055,0.4898302165532683
1274.0,0.060940912042749436,0.9390590879572427,7.882583474838611e-15,0.4385917387311302,0.060940912042749436,5,lossless_ITO,-0.10892086245102128,0.001679266466171836,-0.18065454427910999,0.48803527781520345
1275.0,0.061244788770731175,0.9387552112292034,6.550315845288424e-14,0.4367452340709169,0.061244788770731175,5,lossless_ITO,-0.10920497631185366,0.002348228402139496,-0.17857378066444776,0.48620813263996066
1276.0,0.061530681831608876,0.9384693181683361,5.495603971894525e-14,0.43499043885611877,0.061530681831608876,5,lossless_ITO,-0.10946616829007993,0.00303829424056562,-0.17655862047249568,0.48435187029528526
1277.0,0.06179777812921489,0.9382022218705901,1.949551631241775e-13,0.4333336446004921,0.06179777812921489,5,lossless_ITO,-0.10970559011692593,0.0037481820274351263,-0.17460896975547893,0.48247042005358803
1278.0,0.062044913671259236,0.9379550863284334,3.0742075551870585e-13,0.4317808437627633,0.062044913671259236,5,lossless_ITO,-0.10992379428585553,0.004476586100080893,-0.17272470147800065,0.48056734478271756
1279.0,0.06227050331529384,0.9377294966840788,6.27387031215676e-13,0.43033789483093504,0.06227050331529384,5,lossless_ITO,-0.11012064331595717,0.005222138898231948,-0.1709057939622757,0.4786458900864138
1280.0,0.06247360962351954,0.9375263903765403,-5.984102102729594e-14,0.42900996421206283,0.06247360962351954,5,lossless_ITO,-0.11029808637135641,0.0059837061171279515,-0.1691510282142125,0.4767099320290533
1281.0,0.06265267139416565,0.9373473286057776,5.67323965583455e-14,0.42780202635172315,0.06265267139416565,5,lossless_ITO,-0.11045694601393596,0.0067601147954371305,-0.16745948437946107,0.47476278460233456
1282.0,0.06280620490024265,0.9371937950999001,-1.4277468096679513e-13,0.426718490280185,0.06280620490024265,5,lossless_ITO,-0.11059875937961938,0.007550358356552739,-0.16582968686203853,0.47280782501208973
1283.0,0.06293281556112312,0.9370671844387882,8.870681966755001e-14,0.4257630429722926,0.06293281556112312,5,lossless_ITO,-0.11072581770238199,0.008353666819660835,-0.1642595523585109,0.4708484067875367
1284.0,0.06303056093274124,0.9369694390673506,-9.192646643896296e-14,0.4249391461232954,0.06303056093274124,5,lossless_ITO,-0.11083966437902637,0.009169295678916674,-0.1627471989412898,0.4688874818133023
1285.0,0.06309753581007171,0.9369024641898847,4.363176486776865e-14,0.4242495235160534,0.06309753581007171,5,lossless_ITO,-0.11094256205020703,0.009996760565874781,-0.16129017923776548,0.46692796057835256
1286.0,0.06313165986361946,0.9368683401362596,1.2090328738167955e-13,0.423696279980923,0.06313165986361946,5,lossless_ITO,-0.11103699863728134,0.01083578439018696,-0.15988573656277374,0.464972562140603
1287.0,0.06313090581520522,0.9368690941848203,-2.55351295663786e-14,0.4232805989129471,0.06313090581520522,5,lossless_ITO,-0.11112621268652845,0.011686428104761844,-0.15853049873968478,0.46302385638801835
1288.0,0.06309259955925814,0.9369074004407414,4.440892098500626e-16,0.4230035006430687,0.06309259955925814,5,lossless_ITO,-0.11121261668934412,0.012548739774135467,-0.15722137635884303,0.4610840623020901
1289.0,0.06301411383621816,0.9369858861637761,5.773159728050814e-15,0.42286504969213423,0.06301411383621816,5,lossless_ITO,-0.11129937726751571,0.01342308575410707,-0.15595465296648559,0.4591552512643511
1290.0,0.0628926664793589,0.937107333520594,4.707345624410664e-14,0.42286453061680374,0.0628926664793589,5,lossless_ITO,-0.11138992497264111,0.014310047807104709,-0.15472624853725397,0.457239239474314
1291.0,0.06272562486924055,0.937274375130828,-6.850076061937216e-14,0.4230000272607209,0.06272562486924055,5,lossless_ITO,-0.11148854354148152,0.015210595359969326,-0.15353136099889145,0.45533754482940736
1292.0,0.06250976733051411,0.9374902326694136,7.227551890309769e-14,0.4232693282454961,0.06250976733051411,5,lossless_ITO,-0.11159878681574842,0.016125617839518935,-0.15236539132663093,0.4534513257936475
1293.0,0.06224212178139171,0.9377578782186065,1.7763568394002505e-15,0.423668829875686,0.06224212178139171,5,lossless_ITO,-0.11172518335283044,0.01705641820462081,-0.15122294181643187,0.45158134275770223
1294.0,0.061919791706895114,0.938080208293083,2.1871393585115584e-14,0.4241937068248043,0.061919791706895114,5,lossless_ITO,-0.11187277914383253,0.018004619143257405,-0.15009809697647314,0.4497278368403993
1295.0,0.06154034760146419,0.9384596523985737,-3.785860513971784e-14,0.4248373703456824,0.06154034760146419,5,lossless_ITO,-0.11204778692335604,0.01897245872585121,-0.1489840807861318,0.447890334276484
1296.0,0.06110103779561307,0.9388989622044254,-3.8413716652030416e-14,0.42559243989017126,0.06110103779561307,5,lossless_ITO,-0.11225601276663821,0.019962285383034628,-0.14787422042548967,0.44606767675849446
1297.0,0.060599763834797614,0.939400236165218,-1.554312234475219e-14,0.42644945025144076,0.060599763834797614,5,lossless_ITO,-0.11250461451237159,0.020977302375646045,-0.14676099989043165,0.4442577020085358
1298.0,0.06003490235698158,0.9399650976429826,3.574918139293004e-14,0.4273970596880047,0.06003490235698158,5,lossless_ITO,-0.11280162879153299,0.022021562797592042,-0.14563644311447563,0.4424570958982068
1299.0,0.059405745241227645,0.9405942547587236,4.873879078104437e-14,0.4284215349976284,0.059405745241227645,5,lossless_ITO,-0.11315658075688423,0.023100445035042105,-0.14449192030384447,0.4406610766735785
1300.0,0.05871161638052788,0.9412883836194487,2.3425705819590803e-14,0.42950778745844553,0.05871161638052788,5,lossless_ITO,-0.11357887050786408,0.02422017415111266,-0.14331919093446097,0.4388635326614606
1301.0,0.05795294211172132,0.942047057888258,2.0650148258027912e-14,0.43063814410517076,0.05795294211172132,5,lossless_ITO,-0.1140794357163551,0.025388837870971737,-0.1421096782642316,0.4370565150452392
1302.0,0.05713102910819879,0.9428689708918238,-2.2537527399890678e-14,0.43179270360626276,0.05713102910819879,5,lossless_ITO,-0.11467016506584704,0.026616480984988367,-0.1408550154647213,0.4352301544145736
1303.0,0.056248518198692435,0.9437514818013244,-1.687538997430238e-14,0.43294904686504454,0.056248518198692435,5,lossless_ITO,-0.11536434219640801,0.02791573805890596,-0.13954708176647554,0.4333723584962677
1304.0,0.055308408545706955,0.9446915914543547,-6.161737786669619e-14,0.43408328370513405,0.055308408545706955,5,lossless_ITO,-0.11617494264723466,0.02930139769406559,-0.13817909850740473,0.4314691152532495
1305.0,0.05431521681241511,0.9456847831875691,1.5765166949677223e-14,0.43516914911737425,0.05431521681241511,5,lossless_ITO,-0.11711605164286032,0.030791624030397202,-0.13674520433249462,0.4295039786711149
1306.0,0.053274742526157146,0.9467252574738456,-2.7755575615628914e-15,0.4361785153099652,0.053274742526157146,5,lossless_ITO,-0.11820209508142854,0.03240812738776633,-0.1352411363409979,0.4274581505361972
1307.0,0.05219458169953452,0.9478054183004683,-2.7755575615628914e-15,0.43708143052642223,0.05219458169953452,5,lossless_ITO,-0.11944801670909744,0.03417688136622865,-0.13366448135430042,0.42531034861210415
1308.0,0.05108278877072786,0.94891721122926,1.2101430968414206e-14,0.43784708001249817,0.05108278877072786,5,lossless_ITO,-0.12086699569344289,0.03612756158384772,-0.13201595077937653,0.4230373685139432
1309.0,0.04995110827375917,0.9500488917262446,-3.774758283725532e-15,0.4384427845548506,0.04995110827375917,5,lossless_ITO,-0.12247379427012861,0.038296106812284625,-0.13029834577761834,0.42061318793938685
1310.0,0.04881108731356064,0.951188912686429,1.0325074129013956e-14,0.4388357763968441,0.04881108731356064,5,lossless_ITO,-0.12427907523014248,0.0407225186116828,-0.12851917561658596,0.41801042021779417
1311.0,0.047678224501697966,0.9523217754982796,2.2426505097428162e-14,0.43899233498441037,0.047678224501697966,5,lossless_ITO,-0.12629339133167233,0.04345390784822578,-0.12668941954913127,0.41519939102259995
1312.0,0.04657091080370154,0.9534290891962953,3.1086244689504383e-15,0.43887889161223237,0.04657091080370154,5,lossless_ITO,-0.12852450235641938,0.046544012503237364,-0.12482492997704049,0.41214899625996476
1313.0,0.045510246776376384,0.9544897532236474,-2.375877272697835e-14,0.43846216691090933,0.045510246776376384,5,lossless_ITO,-0.1309756065770764,0.05005354976616405,-0.12294742714844761,0.40882715810857434
1314.0,0.044521925632638015,0.955478074367386,-2.398081733190338e-14,0.43770974174669747,0.044521925632638015,5,lossless_ITO,-0.1336455019947576,0.054051452514482234,-0.12108476222942065,0.4052011573329887
1315.0,0.04363714853361642,0.9563628514664485,-6.494804694057166e-14,0.43659097598952235,0.04363714853361642,5,lossless_ITO,-0.1365271934581147,0.05861533198211388,-0.1192716982792175,0.4012384641534111
1316.0,0.042892290499292614,0.9571077095006855,2.1871393585115584e-14,0.4350765761954959,0.042892290499292614,5,lossless_ITO,-0.13960453086988484,0.06383198382607297,-0.11755151190535905,0.39690743728650535
1317.0,0.04233292570802022,0.9576670742919584,2.1316282072803006e-14,0.43314152832343944,0.04233292570802022,5,lossless_ITO,-0.14285321849340102,0.06979812373744382,-0.11597554597876558,0.39217881809196264
1318.0,0.04201299386304941,0.9579870061369493,1.3322676295501878e-15,0.43076396099767705,0.04201299386304941,5,lossless_ITO,-0.14623542611018864,0.07662079064005445,-0.11460548302297051,0.387026741422122
1319.0,0.04199876095855958,0.9580012390414552,-1.4765966227514582e-14,0.4279283257678772,0.04199876095855958,5,lossless_ITO,-0.14969923829564363,0.08441737017532391,-0.11351309091609284,0.38143099423967275
1320.0,0.04236968325348525,0.957630316746487,2.7755575615628914e-14,0.4246244489494485,0.04236968325348525,5,lossless_ITO,-0.1531728719820904,0.0933165198023388,-0.11278244244516879,0.37537849491236924
1321.0,0.04322393637800506,0.9567760636219775,1.7430501486614958e-14,0.42085346947873775,0.04322393637800506,5,lossless_ITO,-0.15656465588775118,0.10345601063629406,-0.11250816252193546,0.3688673605250852
1322.0,0.044679857250910476,0.9553201427489906,9.892087149410145e-14,0.4166260632699865,0.044679857250910476,5,lossless_ITO,-0.15975501640545325,0.11498372577894189,-0.1127980085518728,0.3619089370926278
1323.0,0.046882147433177014,0.9531178525667963,2.6756374893466273e-14,0.4119683535463108,0.046882147433177014,5,lossless_ITO,-0.16259499282164575,0.12805436738501463,-0.11377048528857024,0.3545328492823368
1324.0,0.05000602432899735,0.9499939756710368,-3.419486915845482e-14,0.40692130258582343,0.05000602432899735,5,lossless_ITO,-0.1648975380997687,0.1428299863671213,-0.11555647766046596,0.34679041073571765
1325.0,0.05426602651178327,0.9457339734882082,8.548717289613705e-15,0.4015495814753043,0.05426602651178327,5,lossless_ITO,-0.16643895775014345,0.15947288818166283,-0.11829266968800087,0.33876159028853936
1326.0,0.059923001641882224,0.9400769983581534,-3.5638159090467525e-14,0.39593950693905855,0.059923001641882224,5,lossless_ITO,-0.16694824806702732,0.17814733864669674,-0.12212263609270507,0.3305588055502611
1327.0,0.067296988943083,0.9327030110568755,4.1522341120980855e-14,0.3902055826079396,0.067296988943083,5,lossless_ITO,-0.16610735259987644,0.19901485529514007,-0.12718921195785057,0.3223336306410753
1328.0,0.07678393103174992,0.9232160689682001,4.9960036108132044e-14,0.3844924990382508,0.07678393103174992,5,lossless_ITO,-0.16354808129619874,0.2222356154590398,-0.13362870375331887,0.3142819329655787
1329.0,0.08888212606325771,0.911117873936691,5.129230373768223e-14,0.3789776584872686,0.08888212606325771,5,lossless_ITO,-0.15885356915722754,0.24797488912530624,-0.14156210291099727,0.30664846974186344
1330.0,0.1042367390938156,0.8957632609061209,6.350475700855895e-14,0.37386957947982125,0.1042367390938156,5,lossless_ITO,-0.151551783302634,0.27642800201974776,-0.15109184274844856,0.29973114582788596
1331.0,0.12372292475531062,0.8762770752447236,-3.430589146091734e-14,0.3694099899955007,0.12372292475531062,5,lossless_ITO,-0.14111884205948932,0.3078693172865288,-0.16229446997123326,0.2938856942797182
1332.0,0.1486136408634986,0.8513863591365665,-6.505906924303417e-14,0.36587422077509246,0.1486136408634986,5,lossless_ITO,-0.1269663559393484,0.3427717505936276,-0.1752281780181982,0.28953517414942714
1333.0,0.18096108291460694,0.81903891708546,-6.683542608243442e-14,0.3635831913367306,0.18096108291460694,5,lossless_ITO,-0.10840936314263624,0.3820888359140088,-0.18996541930390057,0.2871985838579448
1334.0,0.22461749646043833,0.775382503539477,8.459899447643693e-14,0.3629664168712469,0.22461749646043833,5,lossless_ITO,-0.08455104935444518,0.4280325074830067,-0.20671789196020957,0.28760144803604504
1335.0,0.28887251770487216,0.71112748229525,-1.2212453270876722e-13,0.36495901679089093,0.28887251770487216,5,lossless_ITO,-0.05400764866544411,0.4869435115955923,-0.22632767028357528,0.2921731761594295
1336.0,0.41545862292463737,0.5845413770755115,-1.4876988529977098e-13,0.3783863881370474,0.41545862292463737,5,lossless_ITO,-0.015371807408165336,0.5933549459102476,-0.25521020516437387,0.3086567210452922
1337.0,0.687729492826477,0.31227050717350535,1.765254609153999e-14,0.31227050717350535,0.687729492826477,1,lossless_ITO,0.2539469479610118,0.6001026618454756,-0.2419404450772792,0.32300160872484973
1338.0,0.6383336181720343,0.36166638182782934,1.3639089857520048e-13,0.36166638182782934,0.6383336181720343,1,lossless_ITO,0.3338297393994807,0.5098539299123568,-0.2510198582044063,0.34369900686575544
1339.0,0.6145170853451589,0.385482914654766,7.510658761589184e-14,0.385482914654766,0.6145170853451589,1,lossless_ITO,0.3871402266587616,0.43918630215606747,-0.24688591990158099,0.36104209975166135
1340.0,0.600124039598277,0.39987596040172707,-4.052314039881821e-15,0.39987596040172707,0.600124039598277,1,lossless_ITO,0.42550908138780175,0.3759454366372818,-0.2388063475552058,0.3731621325174206
1341.0,0.5908138426768876,0.4091861573230457,6.666889262874065e-14,0.4091861573230457,0.5908138426768876,1,lossless_ITO,0.4536866507260906,0.3176614990292398,-0.2293827307377877,0.381085114099764
1342.0,0.5847928495764148,0.41520715042377987,-1.9462209621678994e-13,0.41520715042377987,0.5847928495764148,1,lossless_ITO,0.47436364603195524,0.26326674655475024,-0.21971332664583726,0.38567800988512047
1343.0,0.5811004608168143,0.4188995391830481,1.375566327510569e-13,0.4188995391830481,0.5811004608168143,1,lossless_ITO,0.4892319412847531,0.2121167183733057,-0.21036206241226812,0.3875930851254301
1344.0,0.5791299138739163,0.42087008612608184,1.8318679906315083e-15,0.42087008612608184,0.5791299138739163,1,lossless_ITO,0.49942326669860454,0.16374843524642546,-0.20164821019836562,0.3873311653070613
1345.0,0.5784557674492252,0.4215442325506907,8.409939411535561e-14,0.4215442325506907,0.5784557674492252,1,lossless_ITO,0.5057214210367955,0.11782167007148381,-0.1937670831874096,0.38528583702817343
1346.0,0.5787562828918189,0.4212437171081164,6.467049118441537e-14,0.4212437171081164,0.5787562828918189,1,lossless_ITO,0.5086871200014161,0.0740796679433835,-0.18684283407024396,0.38177671036206984
1347.0,0.5797748076850096,0.4202251923149522,3.824718319833664e-14,0.4202251923149522,0.5797748076850096,1,lossless_ITO,0.5087325945000618,0.03233522151598095,-0.18095719395776905,0.3770709947061537
1348.0,0.5812985457885452,0.4187014542116281,-1.7330581414398694e-13,0.4187014542116281,0.5812985457885452,1,lossless_ITO,0.5061684603387326,-0.007563368456462161,-0.17616018429193728,0.37139750769409097
1349.0,0.5831456790596907,0.41685432094037145,-6.217248937900877e-14,0.41685432094037145,0.5831456790596907,1,lossless_ITO,0.5012370020809956,-0.04570485959146464,-0.1724860519172121,0.36495780658983473
1350.0,0.5851578754919818,0.4148421245082581,-2.3991919562149633e-13,0.4148421245082581,0.5851578754919818,1,lossless_ITO,0.4941319058874343,-0.08215954155420185,-0.1699508808532764,0.3579318042946917
1350.25,0.5856699013947078,0.4143300986054268,-1.3455903058456897e-13,0.4143300986054268,0.5856699013947078,1,lossless_ITO,0.49203580163123356,-0.09101343994277639,-0.1694959890680963,0.35610335097671336
1350.5,0.5861813624919578,0.41381863750846715,-4.249933738265099e-13,0.41381863750846715,0.5861813624919578,1,lossless_ITO,0.4898165004303636,-0.09976433162351672,-0.16911262365789567,0.35425105389320616
1350.75,0.5866902972636531,0.4133097027361925,1.5443202272535927e-13,0.4133097027361925,0.5866902972636531,1,lossless_ITO,0.48747612376107075,-0.10841288290949647,-0.16880065754339643,0.35237724654585983
1351.0,0.5871947987714281,0.41280520122915554,-5.836442440454448e-13,0.41280520122915554,0.5871947987714281,1,lossless_ITO,0.48501670598973423,-0.11695967275378474,-0.16855993634895747,0.35048421077347336
1351.25,0.5876930064940461,0.41230699350597255,-1.865174681370263e-14,0.41230699350597255,0.5876930064940461,1,lossless_ITO,0.4824402453113532,-0.12540506738567755,-0.16839029135147657,0.3485741982994335
1351.5,0.5881830876479622,0.4118169123520231,1.4654943925052066e-14,0.4118169123520231,0.5881830876479622,1,lossless_ITO,0.4797488558053503,-0.13374884350310895,-0.16829156758000555,0.3466494928350132
1351.75,0.5886632523420209,0.41133674765828115,-3.0203617384927384e-13,0.41133674765828115,0.5886632523420209,1,lossless_ITO,0.4769446723289184,-0.1419905926566368,-0.16826357372422904,0.34471236293091556
1352.0,0.5891317585731626,0.4108682414267129,1.245115122117113e-13,0.4108682414267129,0.5891317585731626,1,lossless_ITO,0.4740298169204984,-0.15012985718128025,-0.16830606836921846,0.3427650448619145
1352.25,0.589586916027271,0.4104130839731658,-4.367617378875366e-13,0.4104130839731658,0.589586916027271,1,lossless_ITO,0.4710063638982904,-0.1581662337056985,-0.16841875426250935,0.3408097269319329
1352.5,0.590027097357068,0.4099729026429356,-3.6637359812630166e-15,0.4099729026429356,0.590027097357068,1,lossless_ITO,0.46787621286657094,-0.16609966751692354,-0.16860126746854662,0.33884849979874426
1352.75,0.5904507238366556,0.4095492761637445,-4.001243780749064e-13,0.4095492761637445,0.5904507238366556,1,lossless_ITO,0.4646411919476369,-0.17393014997475809,-0.16885320763071296,0.3368834009502672
1353.0,0.590856259905377,0.40914374009454724,7.571721027943568e-14,0.40914374009454724,0.590856259905377,1,lossless_ITO,0.46130309916303647,-0.18165762179808825,-0.16917414608213527,0.3349164313074561
1353.25,0.591242210330641,0.40875778966970955,-3.504974088741619e-13,0.40875778966970955,0.591242210330641,1,lossless_ITO,0.45786372908645623,-0.18928192956160408,-0.16956362747338455,0.332949564662744
1353.5,0.5916071146959276,0.40839288530421414,-1.417754802446325e-13,0.40839288530421414,0.5916071146959276,1,lossless_ITO,0.4543249496970984,-0.19680269193852207,-0.17002117047617427,0.3309847740454066
1353.75,0.5919495532698035,0.4080504467303968,-2.0028423364237824e-13,0.4080504467303968,0.5919495532698035,1,lossless_ITO,0.45068864827973193,-0.2042194494351193,-0.17054625840130222,0.3290240087694365
1354.0,0.5922681486573539,0.4077318513427801,-1.340039190722564e-13,0.4077318513427801,0.5922681486573539,1,lossless_ITO,0.44695671327205716,-0.21153171566318157,-0.17113833739261022,0.327069186503212
1354.25,0.5925615662054871,0.40743843379459366,-8.071321389024888e-14,0.40743843379459366,0.5925615662054871,1,lossless_ITO,0.4431310256768472,-0.21873900087335268,-0.17179681692532672,0.32512218953471805
1354.5,0.5928285151770069,0.4071714848226899,3.032574191763615e-13,0.4071714848226899,0.5928285151770069,1,lossless_ITO,0.4392134254658457,-0.2258408736451578,-0.1725210722186425,0.32318485337761566
1354.75,0.5930677460101403,0.4069322539891219,7.377431998634165e-13,0.4069322539891219,0.5930677460101403,1,lossless_ITO,0.43520574310084814,-0.23283690140797253,-0.1733104466066113,0.3212589778349616
1355.0,0.5932780493547449,0.4067219506452777,-2.2648549702353193e-14,0.4067219506452777,0.5932780493547449,1,lossless_ITO,0.4311098121524753,-0.2397266331446294,-0.17416425205933636,0.31934633081175284
1355.25,0.5934582552490214,0.40654174475151145,-5.328515406688439e-13,0.40654174475151145,0.5934582552490214,1,lossless_ITO,0.4269274926425807,-0.24650956911450755,-0.1750817678974915,0.31744865490127594
1355.5,0.5936072321808312,0.40639276781935774,-1.8895995879120164e-13,0.40639276781935774,0.5936072321808312,1,lossless_ITO,0.422660741160918,-0.25318506715857036,-0.17606223365688092,0.31556768684516157
1355.75,0.5937238906112512,0.4062761093892849,-5.360711874402568e-13,0.4062761093892849,0.5937238906112512,1,lossless_ITO,0.41831155447695967,-0.25975245106676637,-0.1771048499516766,0.31370513732103744
1356.0,0.5938071840172637,0.4061928159826428,9.348077867343818e-14,0.4061928159826428,0.5938071840172637,1,lossless_ITO,0.4138819498410509,-0.2662110478392128,-0.17820878000497936,0.311862683717663
1356.25,0.5938561091957407,0.4061438908048569,-5.976330541557218e-13,0.4061438908048569,0.5938561091957407,1,lossless_ITO,0.4093739314190088,-0.2725602369371945,-0.17937315449261176,0.31004196007790585
1356.5,0.5938697049139661,0.40613029508565945,3.744782262060653e-13,0.40613029508565945,0.5938697049139661,1,lossless_ITO,0.404789382747379,-0.278799586644072,-0.1805970886293427,0.3082445289666518
1356.75,0.5938470486527656,0.4061529513472557,-2.1316282072803006e-14,0.4061529513472557,0.5938470486527656,1,lossless_ITO,0.400130160339655,-0.2849287096806431,-0.1818796763845787,0.3064719102541886
1357.0,0.5937872558433517,0.4062127441567531,-1.0480505352461478e-13,0.4062127441567531,0.5937872558433517,1,lossless_ITO,0.3953981272350222,-0.29094721808552804,-0.1832199876521742,0.30472559059878285
1357.25,0.5936894801442716,0.40631051985589184,-1.6342482922482304e-13,0.40631051985589184,0.5936894801442716,1,lossless_ITO,0.3905951762663765,-0.2968546985752527,-0.1846170650377641,0.30300702892471787
1357.5,0.5935529160300925,0.4064470839702845,-3.7703173916270316e-13,0.4064470839702845,0.5935529160300925,1,lossless_ITO,0.38572330158428353,-0.3026506375859265,-0.1860699110339753,0.30131767222992933
1357.75,0.5933767992364498,0.4066232007636491,-9.892087149410145e-14,0.4066232007636491,0.5933767992364498,1,lossless_ITO,0.38078453632616216,-0.3083345095043183,-0.18757749605538931,0.2996589376741301
1358.0,0.5931604065498394,0.4068395934498189,3.417266469796232e-13,0.4068395934498189,0.5931604065498394,1,lossless_ITO,0.37578093057113005,-0.3139058065338387,-0.1891387623886835,0.2980322064028405
1358.25,0.5929030556011489,0.4070969443988763,-2.5146551507759796e-14,0.4070969443988763,0.5929030556011489,1,lossless_ITO,0.37071454668947734,-0.3193640453852914,-0.19075262585749073,0.2964388221031525
1358.5,0.592604103964354,0.40739589603555126,9.470202400052585e-14,0.40739589603555126,0.592604103964354,1,lossless_ITO,0.3655874454185094,-0.3247087822260344,-0.1924179796152638,0.2948800878896851
1358.75,0.5922629493165821,0.4077370506837542,-3.362865541589599e-13,0.4077370506837542,0.5922629493165821,1,lossless_ITO,0.36040169741655675,-0.3299396001057271,-0.19413369308896955,0.2933572688420819
1359.0,0.5918790294885973,0.4081209705112294,1.7330581414398694e-13,0.4081209705112294,0.5918790294885973,1,lossless_ITO,0.3551593868763515,-0.3350561061708565,-0.1958986120984164,0.29187159252813394
1359.25,0.5914518218098073,0.40854817819031297,-1.2023715356690445e-13,0.40854817819031297,0.5914518218098073,1,lossless_ITO,0.3498626035806671,-0.34005794006900936,-0.19771156142915133,0.2904242472563837
1359.5,0.5909808409144732,0.4090191590849661,5.606626274357041e-13,0.4090191590849661,0.5909808409144732,1,lossless_ITO,0.34451341959399095,-0.3449447944731071,-0.19957135129844059,0.2890163780090223
1359.75,0.5904656394146864,0.40953436058457066,7.429057369279235e-13,0.40953436058457066,0.5904656394146864,1,lossless_ITO,0.33911390901265837,-0.3497163948746108,-0.20147677429553154,0.28764909064517663
1360.0,0.5899058080784653,0.4100941919216683,-1.3355982986240633e-13,0.4100941919216683,0.5899058080784653,1,lossless_ITO,0.33366615426896074,-0.3543724940905651,-0.20342660479878247,0.28632345304797124
1360.25,0.5893009790688237,0.41069902093121624,-3.9968028886505635e-14,0.41069902093121624,0.5893009790688237,1,lossless_ITO,0.32817228058880055,-0.3589128453224698,-0.2054195910236047,0.28504050024373784
1360.5,0.5886508383107809,0.41134916168931446,-9.536815781530095e-14,0.41134916168931446,0.5886508383107809,1,lossless_ITO,0.32263456397869394,-0.3633371237457691,-0.20745442692532437,0.28380124851336536
1360.75,0.5879551184007772,0.41204488159889596,3.268496584496461e-13,0.41204488159889596,0.5879551184007772,1,lossless_ITO,0.31705532928665914,-0.3676450214782813,-0.20952977595644198,0.2826066759124876
1361.0,0.5872135954539335,0.4127864045463288,-2.6229018956769323e-13,0.4127864045463288,0.5872135954539335,1,lossless_ITO,0.31143691391209066,-0.37183627848924694,-0.21164428077655983,0.28145771589360236
1361.25,0.5864260791410723,0.4135739208591076,-1.7985612998927536e-13,0.4135739208591076,0.5864260791410723,1,lossless_ITO,0.30578158803293976,-0.3759107383279884,-0.2137965860146429,0.2803552473240939
1361.5,0.5855923784944446,0.41440762150525245,3.029798634202052e-13,0.41440762150525245,0.5855923784944446,1,lossless_ITO,0.3000913134357275,-0.37986850140673734,-0.2159854082147674,0.2793000698951369
1361.75,0.5847123224750795,0.4152876775246021,3.1835645231126364e-13,0.4152876775246021,0.5847123224750795,1,lossless_ITO,0.29436796648078256,-0.3837097427456456,-0.21820948094236484,0.27829293963496377
1362.0,0.5837857678976872,0.4162142321026206,-3.0780933357732465e-13,0.4162142321026206,0.5837857678976872,1,lossless_ITO,0.2886134142680727,-0.3874346550507247,-0.22046753525197488,0.27733457978211185
1362.25,0.5828126130574955,0.41718738694300345,-4.989897384177766e-13,0.41718738694300345,0.5828126130574955,1,lossless_ITO,0.28282960920332423,-0.39104339148194295,-0.2227582725920131,0.27642568978376114
1362.5,0.5817928456497873,0.41820715434999034,2.2237767183241886e-13,0.41820715434999034,0.5817928456497873,1,lossless_ITO,0.2770188787205303,-0.3945359070110866,-0.22508027759271482,0.27556696592872704
1362.75,0.5807265093458407,0.4192734906540595,9.980904991380157e-14,0.4192734906540595,0.5807265093458407,1,lossless_ITO,0.2711836488642272,-0.397912155116119,-0.2274320938632773,0.27475906626604263
1363.0,0.5796136904736542,0.42038630952647404,-1.2823075934420558e-13,0.42038630952647404,0.5796136904736542,1,lossless_ITO,0.2653263484794689,-0.40117214929839096,-0.2298122521532333,0.27400260036183893
1363.25,0.5784545090659841,0.4215454909338362,1.7974510768681284e-13,0.4215454909338362,0.5784545090659841,1,lossless_ITO,0.25944935885084675,-0.40431598854627937,-0.23221928683816612,0.2732981261647056
1363.5,0.5772490900719714,0.42275090992790343,1.2512213487525514e-13,0.42275090992790343,0.5772490900719714,1,lossless_ITO,0.2535548652804619,-0.40734392570123756,-0.23465178393894012,0.2726461442021808
1363.75,0.5759975830643775,0.42400241693553126,9.120482147295661e-14,0.42400241693553126,0.5759975830643775,1,lossless_ITO,0.24764499528877226,-0.4102562808679918,-0.23710834193458857,0.2720471111249981
1364.0,0.574700169268224,0.42529983073130895,4.670708264598034e-13,0.42529983073130895,0.574700169268224,1,lossless_ITO,0.24172186459850697,-0.41305341474944884,-0.23958755871387435,0.27150144349607797
1364.25,0.5733570535982379,0.42664294640190015,-1.3800072196090696e-13,0.42664294640190015,0.5733570535982379,1,lossless_ITO,0.23578754003315558,-0.4157357442286469,-0.24208804418747398,0.27100951711459337
1364.5,0.5719684401270331,0.4280315598730672,-1.0025313912365164e-13,0.4280315598730672,0.5719684401270331,1,lossless_ITO,0.2298439298553754,-0.41830378421682757,-0.24460845704727077,0.2705716666725864
1364.75,0.5705345492853066,0.42946545071440856,2.8488322811881517e-13,0.42946545071440856,0.5705345492853066,1,lossless_ITO,0.22389288786761188,-0.4207580914416721,-0.2471474734829914,0.2701881930919685
1365.0,0.5690556237575717,0.43094437624221016,2.1815882433884326e-13,0.43094437624221016,0.5690556237575717,1,lossless_ITO,0.2179362482087983,-0.4230992470987929,-0.24970377670762006,0.26985936567318053
1365.25,0.5675319415185665,0.43246805848136294,7.061018436615996e-14,0.43246805848136294,0.5675319415185665,1,lossless_ITO,0.2119758853439369,-0.42532783440807675,-0.2522760374636754,0.26958542244095174
1365.5,0.5659638600263761,0.4340361399734691,1.5476508963274682e-13,0.4340361399734691,0.5659638600263761,1,lossless_ITO,0.20601389646513915,-0.4274443805589723,-0.25486285257673696,0.2693665660246334
1365.75,0.5643517800304588,0.4356482199693067,2.3447910280083306e-13,0.4356482199693067,0.5643517800304588,1,lossless_ITO,0.20005242092794237,-0.4294494371214951,-0.2574628033500817,0.2692029581406727
1366.0,0.5626961317386154,0.43730386826114487,2.396971510165713e-13,0.43730386826114487,0.5626961317386154,1,lossless_ITO,0.19409357834185767,-0.4313436036273059,-0.2600744765662413,0.26909471931913254
1366.25,0.5609973725786597,0.4390026274212934,4.6906922790412864e-14,0.4390026274212934,0.5609973725786597,1,lossless_ITO,0.18813946165959614,-0.4331275284510635,-0.2626964675834089,0.2690419295614659
1366.5,0.5592559819815663,0.44074401801821206,2.2160051571518125e-13,0.44074401801821206,0.5592559819815663,1,lossless_ITO,0.18219211982493924,-0.4348019119276032,-0.26532738707937015,0.2690446297813849
1366.75,0.5574724639022286,0.44252753609857365,-8.022471575941381e-13,0.44252753609857365,0.5574724639022286,1,lossless_ITO,0.17625357176560022,-0.4363674997421565,-0.2679658571218395,0.26910282240087813
1367.0,0.5556473471013946,0.44435265289783427,7.711054017534025e-13,0.44435265289783427,0.5556473471013946,1,lossless_ITO,0.17032581014061965,-0.4378250803666951,-0.27061051057533225,0.26921647187175174
1367.25,0.5537811728014926,0.44621882719814676,3.6060043839825084e-13,0.44621882719814676,0.5537811728014926,1,lossless_ITO,0.16441075962099477,-0.43917549307694576,-0.27326000634417313,0.2693855081752178
1367.5,0.5518744573565529,0.4481255426438373,-3.902433931557425e-13,0.4481255426438373,0.5518744573565529,1,lossless_ITO,0.1585101546336674,-0.4404196482514261,-0.2759130733536541,0.26960983876367367
1367.75,0.5499277215539513,0.450072278446347,-2.9831692671677956e-13,0.450072278446347,0.5499277215539513,1,lossless_ITO,0.1526256593869031,-0.44155848996287955,-0.27856847003691193,0.2698893455715498
1368.0,0.5479415005467236,0.45205849945289167,3.8469227803261674e-13,0.45205849945289167,0.5479415005467236,1,lossless_ITO,0.14675890767188943,-0.44259298473247466,-0.28122497091813276,0.2702238836784169
1368.25,0.5459163525734618,0.45408364742657015,-3.197442310920451e-14,0.45408364742657015,0.5459163525734618,1,lossless_ITO,0.14091153340155624,-0.44352411580815776,-0.28388135606741743,0.27061327890868586
1368.5,0.5438528885071299,0.4561471114927097,1.6042722705833512e-13,0.4561471114927097,0.5438528885071299,1,lossless_ITO,0.13508526279958805,-0.44435287204869856,-0.2865363782194993,0.27105731686269674
1368.75,0.5417517450334592,0.4582482549661508,3.8996583739958623e-13,0.4582482549661508,0.5417517450334592,1,lossless_ITO,0.12928182029628843,-0.4450802684856938,-0.28918879610332554,0.2715557497713905
1369.0,0.5396135744919262,0.4603864255083384,-2.645661467681748e-13,0.4603864255083384,0.5396135744919262,1,lossless_ITO,0.12350289663781527,-0.4457073509748673,-0.29183738617825195,0.2721083000605345
1369.25,0.5374390384881153,0.4625609615118175,6.722400414105323e-14,0.4625609615118175,0.5374390384881153,1,lossless_ITO,0.11775013209000432,-0.44623519640344333,-0.29448094914626316,0.27271466345626894
1369.5,0.5352287898918843,0.46477121010839084,-2.751132655021138e-13,0.46477121010839084,0.5352287898918843,1,lossless_ITO,0.11202506806608103,-0.4466649135666233,-0.2971183279909708,0.27337451766141646
1369.75,0.532983486690342,0.4670165133104319,-7.739364704661966e-13,0.4670165133104319,0.532983486690342,1,lossless_ITO,0.10632919508139957,-0.44699763404474935,-0.29974839123884794,0.2740875184860111
1370.0,0.5307037963021775,0.46929620369745373,3.68816088780477e-13,0.46929620369745373,0.5307037963021775,1,lossless_ITO,0.10066396844761633,-0.44723450910601653,-0.30237002762182136,0.27485329879789294
1370.25,0.5283904067651917,0.4716095932344464,3.6193270602780103e-13,0.4716095932344464,0.5283904067651917,1,lossless_ITO,0.09503084075922008,-0.44737670779985206,-0.3049821344940229,0.2756714636705004
1370.5,0.5260440636268999,0.4739559363733552,-2.5512925105886097e-13,0.4739559363733552,0.5260440636268999,1,lossless_ITO,0.08943135901475868,-0.4474254178171193,-0.3075835824547208,0.2765415717663691
1370.75,0.5236655356575279,0.47633446434222804,2.440270208126094e-13,0.47633446434222804,0.5236655356575279,1,lossless_ITO,0.08386706407338224,-0.44738185389612595,-0.31017325205987734,0.2774631496368789
1371.0,0.5212556021923098,0.47874439780686334,8.268385975895853e-13,0.47874439780686334,0.5212556021923098,1,lossless_ITO,0.07833945695162015,-0.447247258198074,-0.3127500464717329,0.2784356979108327
1371.25,0.5188150329015777,0.48118496709771263,7.096545573404001e-13,0.48118496709771263,0.5188150329015777,1,lossless_ITO,0.07284994991549901,-0.44702289679999063,-0.3153129098025206,0.2794587026024275
1371.5,0.516344526893491,0.4836554731066717,-1.6264767310758543e-13,0.4836554731066717,0.516344526893491,1,lossless_ITO,0.06739972298203539,-0.4467100459367026,-0.3178608803214106,0.2805316703303218
1371.75,0.5138447655841725,0.4861552344157828,4.474198789239381e-14,0.4861552344157828,0.5138447655841725,1,lossless_ITO,0.06198987192035588,-0.4463099860524029,-0.32039303654954043,0.2816541041564848
1372.0,0.5113164306698053,0.48868356933068546,-4.907185768843192e-13,0.48868356933068546,0.5113164306698053,1,lossless_ITO,0.056621457284790344,-0.4458240012496188,-0.3229084793587573,0.28282549499750603
1372.25,0.5087602163180256,0.4912397836820173,-4.29101199017623e-14,0.4912397836820173,0.5087602163180256,1,lossless_ITO,0.05129553465950548,-0.4452533814888695,-0.325406320884117,0.28404531493942
1372.5,0.5061768684097134,0.49382313158981195,4.746203430272544e-13,0.49382313158981195,0.5061768684097134,1,lossless_ITO,0.04601324327884404,-0.44459943497111853,-0.3278856519184363,0.2853129934029687
1372.75,0.5035671476052674,0.49643285239494384,-2.112754415861673e-13,0.49643285239494384,0.5035671476052674,1,lossless_ITO,0.04077571402630023,-0.4438634839465492,-0.3303455758751311,0.28662793712107176
1373.0,0.5009318160510726,0.4990681839482085,7.188694084447889e-13,0.4990681839482085,0.5009318160510726,1,lossless_ITO,0.03558403921647174,-0.4430468611904853,-0.33278522006390465,0.2879895381168857
1373.25,0.4982716327757586,0.5017283672236319,6.095124405192109e-13,0.5017283672236319,0.4982716327757586,1,lossless_ITO,0.030439264336338145,-0.44215090731977913,-0.3352037388690768,0.28939717707538926
1373.5,0.49558734103620583,0.5044126589639341,-1.3988810110276972e-13,0.5044126589639341,0.49558734103620583,1,lossless_ITO,0.025342363674027507,-0.441176964209159,-0.33760032281381214,0.2908502321651882
1373.75,0.4928796785803063,0.5071203214199286,-2.348121697082206e-13,0.5071203214199286,0.4928796785803063,1,lossless_ITO,0.020294266320009052,-0.44012637636251234,-0.3399741890462571,0.29234807358482723
1374.0,0.49014938077516235,0.5098506192238855,9.521272659185342e-13,0.5098506192238855,0.49014938077516235,1,lossless_ITO,0.01529586492048085,-0.43900049099220273,-0.3423245781614509,0.29389006212704777
1374.25,0.4873971820009464,0.5126028179991433,-8.970602038971265e-14,0.5126028179991433,0.4873971820009464,1,lossless_ITO,0.010348020052103668,-0.4378006579107004,-0.34465075263252454,0.29547554866898945
1374.5,0.48462382123000025,0.5153761787695934,4.063416270128073e-13,0.5153761787695934,0.48462382123000025,1,lossless_ITO,0.005451572424707729,-0.43652823186103773,-0.3469519923811855,0.29710387066459
1374.75,0.4818300357097739,0.5181699642904538,-2.277067423506196e-13,0.5181699642904538,0.4818300357097739,1,lossless_ITO,0.0006073307297383701,-0.4351845694053469,-0.3492275992762226,0.2987743565758863
1375.0,0.47901655841130825,0.5209834415877765,9.15267861500979e-13,0.5209834415877765,0.47901655841130825,1,lossless_ITO,-0.004183932048269001,-0.43377102701892956,-0.35147689849606817,0.3004863279914971
1375.25,0.4761841133328151,0.5238158866668622,3.22741833258533e-13,0.5238158866668622,0.4761841133328151,1,lossless_ITO,-0.008921485951183278,-0.43228895766213427,-0.3536992411769908,0.30223910340587695
1375.5,0.4733334022057053,0.5266665977939307,3.6404212977458883e-13,0.5266665977939307,0.4733334022057053,1,lossless_ITO,-0.013604666284511985,-0.4307397016546725,-0.35589401239986024,0.3040320084455929
1375.75,0.4704651159961486,0.5295348840030659,7.854827899222983e-13,0.5295348840030659,0.4704651159961486,1,lossless_ITO,-0.01823284877378914,-0.4291245913714665,-0.35806062200843486,0.3058643685954501
1376.0,0.4675799385640321,0.5324200614359849,-1.6986412276764895e-14,0.5324200614359849,0.4675799385640321,1,lossless_ITO,-0.022805441049096847,-0.4274449525718716,-0.36019850142136023,0.30773550706177977
1376.25,0.464678561259642,0.5353214387404877,-1.2967404927621828e-13,0.5353214387404877,0.464678561259642,1,lossless_ITO,-0.02732185592721817,-0.42570211353795595,-0.36230709397084576,0.3096447341935868
1376.5,0.4617617284542873,0.5382382715451574,5.553335569175033e-13,0.5382382715451574,0.4617617284542873,1,lossless_ITO,-0.03178143467755627,-0.42389743714366634,-0.36438582761878147,0.3115913126473945
1376.75,0.4588301936384257,0.5411698063616683,-9.403589018575076e-14,0.5411698063616683,0.4588301936384257,1,lossless_ITO,-0.036183528555597394,-0.42203229529475106,-0.3664341446078578,0.31357448894438456
1377.0,0.4558847041117871,0.5441152958866871,1.5258905250448151e-12,0.5441152958866871,0.4558847041117871,1,lossless_ITO,-0.040527524995780606,-0.42010805865085454,-0.3684515108964644,0.3155935051092091
1377.25,0.4529259763175022,0.5470740236822065,2.913225216616411e-13,0.5470740236822065,0.4529259763175022,1,lossless_ITO,-0.04481288627005159,-0.4181260776973913,-0.37043742971592264,0.3176476184072658
1377.5,0.4499546215836124,0.5500453784171381,-7.503997423441433e-13,0.5500453784171381,0.4499546215836124,1,lossless_ITO,-0.049039262755726176,-0.41608762369870417,-0.37239148076240336,0.31973616149361234
1377.75,0.44697121619614405,0.5530287838034221,4.3376413572104866e-13,0.5530287838034221,0.44697121619614405,1,lossless_ITO,-0.05320636847517213,-0.413993933960504,-0.37431327528181424,0.32185849054978505
1378.0,0.44397632512489205,0.5560236748748701,2.3780977187470853e-13,0.5560236748748701,0.44397632512489205,1,lossless_ITO,-0.057313940174220396,-0.41184622820201555,-0.3762024413129738,0.32401396740474453
1378.25,0.4409705173348438,0.5590294826650364,1.197930643570544e-13,0.5590294826650364,0.4409705173348438,1,lossless_ITO,-0.061361713172905015,-0.40964572066140625,-0.37805861515154215,0.32620194737662217
1378.5,0.437954412663467,0.5620455873359511,5.818678872060445e-13,0.5620455873359511,0.437954412663467,1,lossless_ITO,-0.06534935312503908,-0.4073936597233185,-0.37988141811582804,0.3284217404633998
1378.75,0.43492863652972896,0.565071363468775,1.496136547984861e-12,0.565071363468775,0.43492863652972896,1,lossless_ITO,-0.06927652909046017,-0.40509129448381154,-0.3816704821852041,0.3306726469571985
1379.0,0.4318938044400613,0.5681061955598072,1.3145040611561853e-13,0.5681061955598072,0.4318938044400613,1,lossless_ITO,-0.07314293664255463,-0.4027398623074463,-0.38342545787163906,0.33295397017690465
1379.25,0.42885051862047485,0.5711494813794693,5.5844218138645374e-14,0.5711494813794693,0.42885051862047485,1,lossless_ITO,-0.07694830154041932,-0.4003405854960105,-0.38514601526221154,0.33526501963128774
1379.5,0.42579935828517446,0.5742006417143378,4.877209747178313e-13,0.5742006417143378,0.42579935828517446,1,lossless_ITO,-0.08069239170695042,-0.3978946620551612,-0.3868318477153906,0.3376051197321112
1379.75,0.42274088869502147,0.5772591113046637,3.148592497836944e-13,0.5772591113046637,0.42274088869502147,1,lossless_ITO,-0.08437500240821554,-0.39540327257989594,-0.38848266655475666,0.3399736027716631
1380.0,0.41967566414592306,0.5803243358538739,2.0305979120394113e-13,0.5803243358538739,0.41967566414592306,1,lossless_ITO,-0.08799595093512397,-0.39286758243568565,-0.39009819905592863,0.3423698067547511
1380.25,0.4166042246477607,0.583395775353661,-1.4217516053349755e-12,0.583395775353661,0.4166042246477607,1,lossless_ITO,-0.09155507999561545,-0.3902887383824518,-0.39167818930865905,0.34479307858742964
1380.5,0.4135270860989134,0.5864729139019104,-8.237854842718662e-13,0.5864729139019104,0.4135270860989134,1,lossless_ITO,-0.09505226888047526,-0.38766785883088706,-0.3932224014380237,0.34724278310773504
1380.75,0.4104447496948771,0.5895552503064461,-1.3231638007482616e-12,0.5895552503064461,0.4104447496948771,1,lossless_ITO,-0.09848741930287022,-0.3850060416936846,-0.394730614620072,0.3497182954650577
1381.0,0.407357705080417,0.5926422949200062,-4.2321701698710967e-13,0.5926422949200062,0.407357705080417,1,lossless_ITO,-0.10186045028319785,-0.38230436698832315,-0.3962026211531004,0.352218998685254
1381.25,0.4042664466036887,0.5957335533966245,-3.1319391524675666e-13,0.5957335533966245,0.4042664466036887,1,lossless_ITO,-0.10517127783445798,-0.3795639125246443,-0.3976382199936497,0.35474426935470804
1381.5,0.40117152248189036,0.5988284775204752,-2.365552198568821e-12,0.5988284775204752,0.40117152248189036,1,lossless_ITO,-0.10841975828031591,-0.3767858034419429,-0.39903719987995423,0.35729343292581894
1381.75,0.3980734866858827,0.6019265133125316,1.585731546072111e-12,0.6019265133125316,0.3980734866858827,1,lossless_ITO,-0.11160575056368237,-0.3739711676558102,-0.4003993592469388,0.3598658057335853
1382.0,0.3949728827061907,0.6050271172957884,-1.979083563696804e-12,0.6050271172957884,0.3949728827061907,1,lossless_ITO,-0.11472913568834313,-0.37112112001121855,-0.4017245121058744,0.3624607096653233
1382.25,0.39187021704347336,0.6081297829602385,-3.711808638229286e-12,0.6081297829602385,0.39187021704347336,1,lossless_ITO,-0.11778984517354563,-0.3682367347438879,-0.4030124959549664,0.36507749686603
1382.5,0.38876587952728425,0.6112341204738474,-1.131650329000422e-12,0.6112341204738474,0.38876587952728425,1,lossless_ITO,-0.12078794353036795,-0.36531896089749166,-0.4042631939149663,0.367715624793636
1382.75,0.3856602215279611,0.6143397784720184,2.0539125955565396e-14,0.6143397784720184,0.3856602215279611,1,lossless_ITO,-0.12372353254276068,-0.3623686982165489,-0.40547650495776383,0.37037458655651573
1383.0,0.3825535823406551,0.617446417657272,2.0727863869751673e-12,0.617446417657272,0.3825535823406551,1,lossless_ITO,-0.1265967201851268,-0.35938682357351537,-0.40665233437431275,0.37305388710513077
1383.25,0.37944630634319526,0.6205536936619291,-5.1243453924598725e-12,0.6205536936619291,0.37944630634319526,1,lossless_ITO,-0.1294076025751898,-0.3563742092923107,-0.40779058867232326,0.37575302721640413
1383.5,0.3763387943162212,0.6236612056837275,5.129230373768223e-14,0.6236612056837275,0.3763387943162212,1,lossless_ITO,-0.1321562142471716,-0.35333177955678363,-0.4088911630123775,0.3784714543386413
1383.75,0.3732314531901091,0.6267685468127127,-2.821742839387298e-12,0.6267685468127127,0.3732314531901091,1,lossless_ITO,-0.13484258388897477,-0.35026045895061353,-0.4099539570658683,0.38120860901203446
1384.0,0.370124679139307,0.6298753208561483,4.544697951303078e-12,0.6298753208561483,0.370124679139307,1,lossless_ITO,-0.13746675152808144,-0.347161154571189,-0.4109788794599863,0.38396394084135166
1384.25,0.3670188528458737,0.6329811471594354,-5.309197526059961e-12,0.6329811471594354,0.3670188528458737,1,lossless_ITO,-0.140028772351444,-0.3440347505448541,-0.4119658483711435,0.3867369133518421
1384.5,0.36391432481149333,0.63608567519825,-9.743317264110374e-12,0.63608567519825,0.36391432481149333,1,lossless_ITO,-0.1425287287095964,-0.3408820911571504,-0.41291479373726886,0.3895270186088227
1384.75,0.3608114300481281,0.6391885699433446,8.52728998523844e-12,0.6391885699433446,0.3608114300481281,1,lossless_ITO,-0.14496671448012136,-0.33770399637113024,-0.4138256527935575,0.3923337635916926
1385.0,0.3577104931045942,0.6422895068130239,8.238187909626049e-11,0.6422895068130239,0.3577104931045942,1,lossless_ITO,-0.1473428295339404,-0.3345012671962171,-0.4146983683472736,0.39515666559038976
1385.25,0.354611830846705,0.645388169142306,1.09889874977398e-11,0.645388169142306,0.354611830846705,1,lossless_ITO,-0.1496571770823051,-0.33127468868170784,-0.41553288794561766,0.39799524976411144
1385.5,0.35151575953029723,0.6484842404631888,6.514011552383181e-12,0.6484842404631888,0.35151575953029723,1,lossless_ITO,-0.15190985696167772,-0.32802503843069847,-0.4163291622565675,0.40084904188339426
1385.75,0.34842258815794697,0.6515774118546951,-1.2642109581406658e-11,0.6515774118546951,0.34842258815794697,1,lossless_ITO,-0.1541009720406994,-0.3247530788343636,-0.41708714636487576,0.40371757529826413
1386.0,0.3453326158341674,0.6546673841670703,-1.2376766278521245e-12,0.6546673841670703,0.3453326158341674,1,lossless_ITO,-0.15623062961454875,-0.3214595541604256,-0.41780679971472906,0.40660039348790394
1386.25,0.34224612715906083,0.6577538728393735,1.5656365093263958e-12,0.6577538728393735,0.34224612715906083,1,lossless_ITO,-0.15829894445440454,-0.31814518484265875,-0.4184880862219907,0.40949705504715495
1386.5,0.3391633773475256,0.6608366226526055,-1.3100631690576847e-13,0.6608366226526055,0.3391633773475256,1,lossless_ITO,-0.1603060485775113,-0.31481064942214054,-0.41913097509556163,0.4124071490437071
1386.75,0.3360846073230092,0.6639153926765391,4.516387264175137e-13,0.6639153926765391,0.3360846073230092,1,lossless_ITO,-0.16225207785682388,-0.3114566017445376,-0.4197354377051416,0.4153302803229324
1387.0,0.333010048883691,0.6669899511183017,-1.9927393068996935e-12,0.6669899511183017,0.333010048883691,1,lossless_ITO,-0.1641371674343579,-0.3080836769444638,-0.4203014464048546,0.4182660645015435
1387.25,0.3299399423319119,0.6700600576689437,-8.555378627761456e-13,0.6700600576689437,0.3299399423319119,1,lossless_ITO,-0.165961439349666,-0.30469251293524596,-0.4208289728354103,0.42121410993348474
1387.5,0.32687458900940625,0.6731254109886136,1.9801937867214292e-12,0.6731254109886136,0.32687458900940625,1,lossless_ITO,-0.16772496981340435,-0.30128381574669993,-0.42131798563325396,0.42417396294431453
1387.75,0.3238142992800705,0.6761857007194674,4.620748228489902e-13,0.6761857007194674,0.3238142992800705,1,lossless_ITO,-0.16942782865474365,-0.29785829785200413,-0.4217684566488451,0.42714516046928847
1388.0,0.32075937526430376,0.6792406247349619,7.343015084870785e-13,0.6792406247349619,0.32075937526430376,1,lossless_ITO,-0.17107009107675059,-0.2944166571912521,-0.42218036215092075,0.43012724788567
1388.25,0.317710083368055,0.682289916630906,1.0389467064442215e-12,0.682289916630906,0.317710083368055,1,lossless_ITO,-0.17265185325025384,-0.2909595425030095,-0.42255368291109746,0.43311980812291245
1388.5,0.3146665715371119,0.6853334284632049,-3.168576512280197e-13,0.6853334284632049,0.3146665715371119,1,lossless_ITO,-0.17417327558564755,-0.28748744748328625,-0.42288840240238385,0.4361225500297002
1388.75,0.31162895240855387,0.6883710475920697,-6.235012506294879e-13,0.6883710475920697,0.31162895240855387,1,lossless_ITO,-0.17563452543877167,-0.28400081202802646,-0.4231844999067074,0.4391352229426819
1389.0,0.3085973312489334,0.6914026687527739,-1.7073009672685657e-12,0.6914026687527739,0.3085973312489334,1,lossless_ITO,-0.17703575910941433,-0.28050005685660206,-0.4234419488148996,0.4421575877071604
1389.25,0.3055718251220006,0.694428174878612,-6.125100426856989e-13,0.694428174878612,0.3055718251220006,1,lossless_ITO,-0.1783771117225058,-0.2769856081780661,-0.42366071676897415,0.4451893962654916
1389.5,0.30255261979228354,0.6974473802074497,2.667865928174251e-13,0.6974473802074497,0.30255261979228354,1,lossless_ITO,-0.1796586713795209,-0.27345797208042383,-0.4238407690711314,0.44823033006709256
1389.75,0.2995399132680173,0.7004600867317856,1.9706458687096529e-13,0.7004600867317856,0.2995399132680173,1,lossless_ITO,-0.18088051253208748,-0.2699176638286438,-0.42398206974212965,0.4512800594587552
1390.0,0.296533897154682,0.703466102846066,-7.480682739924305e-13,0.703466102846066,0.296533897154682,1,lossless_ITO,-0.1820427056288514,-0.26636518404230936,-0.42408458092317713,0.4543382636632462
1390.25,0.2935347461131178,0.7064652538874552,-5.729861030090433e-13,0.7064652538874552,0.2935347461131178,1,lossless_ITO,-0.18314532101780134,-0.262801004694136,-0.4241482615046717,0.45740464245376883
1390.5,0.29054258582389325,0.7094574141756647,4.4209080840573733e-13,0.7094574141756647,0.29054258582389325,1,lossless_ITO,-0.18418843995758494,-0.25922552613495325,-0.42417306270569843,0.4604789517159837
1390.75,0.28755752567686327,0.7124424743237239,-5.870859354217828e-13,0.7124424743237239,0.28755752567686327,1,lossless_ITO,-0.1851721372917151,-0.25563911895807434,-0.42415892841781805,0.46356096865482566
1391.0,0.28457966985270905,0.7154203301470239,2.6711965972481266e-13,0.7154203301470239,0.28457966985270905,1,lossless_ITO,-0.1860964758559432,-0.25204213837405215,-0.4241057953718523,0.46665047995693576
1391.25,0.28160914184148145,0.7183908581585925,-7.394085344003543e-14,0.7183908581585925,0.28160914184148145,1,lossless_ITO,-0.18696149782411953,-0.24843495715194025,-0.42401359608158334,0.4697472547286393
1391.5,0.2786461572116656,0.7213538427883468,-1.2434497875801753e-14,0.7213538427883468,0.2786461572116656,1,lossless_ITO,-0.18776720424073706,-0.24481806497784525,-0.42388227130012357,0.47285096289074574
1391.75,0.2756909510067217,0.7243090489933349,-5.6621374255882984e-14,0.7243090489933349,0.2756909510067217,1,lossless_ITO,-0.18851358586291772,-0.2411919729673343,-0.423711763944008,0.47596125438215914
1392.0,0.27274375374324455,0.7272562462554175,1.3379297669757761e-12,0.7272562462554175,0.27274375374324455,1,lossless_ITO,-0.1892006316882065,-0.23755718152149433,-0.4235020159404076,0.4790777857686456
1392.25,0.26980474270389654,0.7301952572968327,-7.291944825738028e-13,0.7301952572968327,0.26980474270389654,1,lossless_ITO,-0.18982834037020246,-0.23391411313058721,-0.4232529581561904,0.4822002754781054
1392.5,0.266873895674254,0.7331261043264005,-6.544764730165298e-13,0.7331261043264005,0.266873895674254,1,lossless_ITO,-0.19039674684489755,-0.2302629081850917,-0.42296447541679777,0.48532867114669354
1392.75,0.2639511388766645,0.7360488611233273,8.215650382226158e-15,0.7360488611233273,0.2639511388766645,1,lossless_ITO,-0.19090587056840636,-0.2266036235437977,-0.42263642538620194,0.4884629859302801
1393.0,0.26103639644700066,0.7389636035529009,9.847678228425139e-14,0.7389636035529009,0.26103639644700066,1,lossless_ITO,-0.19135570058089768,-0.22293629986658414,-0.4222686462262125,0.4916032432376498
1393.25,0.2581296519212972,0.7418703480781845,5.182521078950231e-13,0.7418703480781845,0.2581296519212972,1,lossless_ITO,-0.19174618517503594,-0.21926104788015335,-0.42186097154865637,0.4947494062549953
1393.5,0.25523113125182256,0.7447688687478375,3.3995029014022293e-13,0.7447688687478375,0.25523113125182256,1,lossless_ITO,-0.19207721369611652,-0.215578308711634,-0.4214132837452416,0.4979011654240569
1393.75,0.25234111899107525,0.7476588810087765,1.482147737874584e-13,0.7476588810087765,0.25234111899107525,1,lossless_ITO,-0.19234866372590986,-0.21188860160584072,-0.4209254790172031,0.5010581457760819
1394.0,0.2494598973806176,0.7505401026191877,1.9473311851925246e-13,0.7505401026191877,0.2494598973806176,1,lossless_ITO,-0.1925604128447307,-0.20819243903652088,-0.420397453175935,0.5042199765509014
1394.25,0.24658769803795316,0.75341230196239,-3.4305891460917337e-13,0.75341230196239,0.24658769803795316,1,lossless_ITO,-0.19271234126399905,-0.2044902572855295,-0.41982908592071155,0.5073863478797886
1394.5,0.2437245569740521,0.7562754430260314,-8.348877145181177e-14,0.7562754430260314,0.2437245569740521,1,lossless_ITO,-0.19280433157756072,-0.2007822058483138,-0.41922018844291914,0.5105571823875737
1394.75,0.24087046176170313,0.759129538238547,-2.5013324744804777e-13,0.759129538238547,0.24087046176170313,1,lossless_ITO,-0.19283624289162693,-0.19706835326713545,-0.4185705388323503,0.5137324667459416
1395.0,0.2380254007478106,0.7619745992522181,-2.8754776337791554e-14,0.7619745992522181,0.2380254007478106,1,lossless_ITO,-0.1928079045839094,-0.1933487567629,-0.41787989532427205,0.5169121948706658
1395.25,0.23518938771106748,0.7648106122885829,3.496092304544618e-13,0.7648106122885829,0.23518938771106748,1,lossless_ITO,-0.19271911612984183,-0.1896234980357653,-0.41714800477011005,0.520096338876678
1395.5,0.2323625345561739,0.7676374654439669,-1.4088730182493236e-13,0.7676374654439669,0.2323625345561739,1,lossless_ITO,-0.19256965306660945,-0.18589279056414243,-0.4163746325174423,0.5232847619483227
1395.75,0.22954497875759536,0.7704550212423368,6.783462680459706e-14,0.7704550212423368,0.22954497875759536,1,lossless_ITO,-0.19235927205681302,-0.1821568757946197,-0.41555953950104096,0.5264773031656317
1396.0,0.22673685959083575,0.7732631404091801,-1.587618925213974e-14,0.7732631404091801,0.22673685959083575,1,lossless_ITO,-0.19208771054757945,-0.1784159885167656,-0.41470247323398574,0.5296738057951561
1396.25,0.22393830660870254,0.7760616933908294,4.68070027181966e-13,0.7760616933908294,0.22393830660870254,1,lossless_ITO,-0.19175468443901356,-0.17467033943738886,-0.4138031618497071,0.5328741315153115
1396.5,0.22114940430501717,0.7788505956951512,-1.6842083283563625e-13,0.7788505956951512,0.22114940430501717,1,lossless_ITO,-0.1913598802108636,-0.1709200616026807,-0.41286129579661335,0.5360782039687718
1396.75,0.2183702289940419,0.7816297710060387,-8.060219158778636e-14,0.7816297710060387,0.2183702289940419,1,lossless_ITO,-0.19090295449273076,-0.1671652637868244,-0.41187654050280115,0.5392859653556376
1397.0,0.2156008614610015,0.7843991385392718,-2.73225886360251e-13,0.7843991385392718,0.2156008614610015,1,lossless_ITO,-0.19038353403579633,-0.16340604881985588,-0.41084854059492076,0.542497361610416
1397.25,0.21284141140626628,0.7871585885934088,3.249622793077833e-13,0.7871585885934088,0.21284141140626628,1,lossless_ITO,-0.1898012202483471,-0.15964255032743835,-0.4097769314702976,0.5457123126819561
1397.5,0.21009208916649463,0.7899079108335613,-5.5844218138645374e-14,0.7899079108335613,0.21009208916649463,1,lossless_ITO,-0.18915560983616497,-0.15587504261237617,-0.40866137889726,0.5489306235719964
1397.75,0.2073531341606312,0.7926468658391257,2.431388423929093e-13,0.7926468658391257,0.2073531341606312,1,lossless_ITO,-0.18844628595435875,-0.15210383415411788,-0.4075015470478652,0.5521520709528362
1398.0,0.20462479157940033,0.795375208420863,-2.6334490144108713e-13,0.795375208420863,0.20462479157940033,1,lossless_ITO,-0.1876728131360268,-0.14832923221365824,-0.4062970863967641,0.555376431958548
1398.25,0.20190726580846846,0.7980927341914605,7.105427357601002e-14,0.7980927341914605,0.20190726580846846,1,lossless_ITO,-0.18683472032484622,-0.1445514703405123,-0.4050476050426518,0.5586035429585946
1398.5,0.19920058040194413,0.8007994195980723,-1.6431300764452317e-14,0.8007994195980723,0.19920058040194413,1,lossless_ITO,-0.18593144099703052,-0.14077048825462346,-0.40375257678111787,0.5618334777705345
1398.75,0.19650472214641554,0.8034952778532911,2.9332092310596636e-13,0.8034952778532911,0.19650472214641554,1,lossless_ITO,-0.18496234230393638,-0.13698614924076025,-0.40241141226683064,0.565066371409545
1399.0,0.1938196894796807,0.8061803105200613,2.580158309228864e-13,0.8061803105200613,0.1938196894796807,1,lossless_ITO,-0.1839267369677039,-0.1331983137414532,-0.4010234840615113,0.5683023605639481
1399.25,0.19114555192525218,0.8088544480749649,-2.170486013142181e-13,0.8088544480749649,0.19114555192525218,1,lossless_ITO,-0.18282390836426654,-0.1294069325453414,-0.39958816482855114,0.5715415083224676
1399.5,0.18848262500655683,0.8115173749936802,-2.369215934550084e-13,0.8115173749936802,0.18848262500655683,1,lossless_ITO,-0.18165320311063454,-0.12561232624322405,-0.398104953970379,0.5747835783256257
1399.75,0.1858312937378739,0.8141687062621039,2.220446049250313e-14,0.8141687062621039,0.1858312937378739,1,lossless_ITO,-0.18041397292061873,-0.12181491241379161,-0.3965733739487847,0.5780282558249425
1400.0,0.18319195476482342,0.816808045235546,-3.693712002927896e-13,0.816808045235546,0.18319195476482342,1,lossless_ITO,-0.1791055503349796,-0.11801511463455883,-0.39499293240853184,0.5812752213908173
1400.25,0.18056497112119754,0.8194350288791288,-3.262945469373335e-13,0.8194350288791288,0.18056497112119754,1,lossless_ITO,-0.17772722085681192,-0.11421328889039895,-0.39336308615371596,0.5845242104621245
1400.5,0.17795053603601219,0.8220494639636614,3.26405569239796e-13,0.8220494639636614,0.17795053603601219,1,lossless_ITO,-0.17627812915600582,-0.11040949985295989,-0.3916831262275241,0.587775194201248
1400.75,0.17534881466985525,0.8246511853302568,-1.120215031846783e-13,0.8246511853302568,0.17534881466985525,1,lossless_ITO,-0.17475733889073378,-0.10660374314244336,-0.3899522695551916,0.5910281997775497
1401.0,0.17275999196163164,0.8272400080384782,-1.0980105713542798e-13,0.8272400080384782,0.17275999196163164,1,lossless_ITO,-0.17316385496400943,-0.10279602074976768,-0.3881696909389074,0.5942832495031621
1401.25,0.1701842968675415,0.8298157031323858,7.260858581048524e-14,0.8298157031323858,0.1701842968675415,1,lossless_ITO,-0.17149663791547382,-0.09898637992869996,-0.3863345411871693,0.597540329543186
1401.5,0.1676220713895552,0.8323779286106335,-1.887379141862766e-13,0.8323779286106335,0.1676220713895552,1,lossless_ITO,-0.16975465748457086,-0.09517502777778564,-0.38444600895065545,0.6007992974854434
1401.75,0.16507370271388133,0.8349262972859246,1.9406698470447736e-13,0.8349262972859246,0.16507370271388133,1,lossless_ITO,-0.16793685176573808,-0.09136222112817882,-0.3825032672886541,0.6040599714731745
1402.0,0.16253960189388508,0.8374603981062465,-1.3156142841808105e-13,0.8374603981062465,0.16253960189388508,1,lossless_ITO,-0.1660421104794766,-0.08754823066847417,-0.3805054536450633,0.6073221593185006
1402.25,0.1600201943656757,0.8399798056343675,-4.318767565791859e-14,0.8399798056343675,0.1600201943656757,1,lossless_ITO,-0.16406926336844452,-0.08373332366328157,-0.378451657549565,0.6105856725874372
1402.5,0.15751588871508418,0.8424841112851341,-2.1826984664130578e-13,0.8424841112851341,0.15751588871508418,1,lossless_ITO,-0.16201704551364304,-0.0799177087918278,-0.37634088404348776,0.6138503713011028
1402.75,0.15502711286667523,0.844972887133264,6.072919944699606e-14,0.844972887133264,0.15502711286667523,1,lossless_ITO,-0.1598841190154241,-0.07610159423823082,-0.3741720810030433,0.6171161171521954
1403.0,0.1525543275061625,0.8474456724941041,-2.665645482125001e-13,0.8474456724941041,0.1525543275061625,1,lossless_ITO,-0.1576690796250798,-0.07228520855102649,-0.3719441477200729,0.6203827568163498
1403.25,0.15009805019772354,0.8499019498023583,-8.193445921733655e-14,0.8499019498023583,0.15009805019772354,1,lossless_ITO,-0.15537047732074272,-0.06846884077336568,-0.3696559572734958,0.6236500896922134
1403.5,0.14765892218704466,0.8523410778127877,1.6764367671839864e-13,0.8523410778127877,0.14765892218704466,1,lossless_ITO,-0.15298689011800407,-0.06465295694576856,-0.3673064323644367,0.6269177738951488
1403.75,0.1452376435138366,0.854762356486048,1.1535217225855376e-13,0.854762356486048,0.1452376435138366,1,lossless_ITO,-0.15051686499623307,-0.0608380892656577,-0.36489447943135656,0.6301854159634119
1404.0,0.14283495331757257,0.8571650466823211,1.0635936575909e-13,0.8571650466823211,0.14283495331757257,1,lossless_ITO,-0.14795889478183494,-0.057024800649948415,-0.3624189642381946,0.6334525996516499
1404.25,0.14045158995706,0.8595484100428324,1.0758061108617767e-13,0.8595484100428324,0.14045158995706,1,lossless_ITO,-0.1453113628732498,-0.05321361124041013,-0.3598786568780919,0.6367189455403507
1404.5,0.1380881691766871,0.8619118308234827,-1.6975310046518644e-13,0.8619118308234827,0.1380881691766871,1,lossless_ITO,-0.1425723654855845,-0.0494047726358694,-0.35727205863702444,0.6399842939274015
1404.75,0.13574531921116675,0.8642546807886352,1.9806378759312793e-13,0.8642546807886352,0.13574531921116675,1,lossless_ITO,-0.13973984207153556,-0.045598498700071155,-0.3545975416792582,0.6432485185971442
1405.0,0.13342372789914037,0.8665762721007889,7.072120666862247e-14,0.8665762721007889,0.13342372789914037,1,lossless_ITO,-0.13681162057827545,-0.04179504539061152,-0.3518533966691518,0.6465114625992205
1405.25,0.13112419798397307,0.8688758020157328,2.942091015256665e-13,0.8688758020157328,0.13112419798397307,1,lossless_ITO,-0.13378548912385774,-0.03799480959167656,-0.3490379028222925,0.6497728585676081
1405.5,0.1288478003932533,0.871152199606642,1.0469403122215226e-13,0.871152199606642,0.1288478003932533,1,lossless_ITO,-0.1306594412171086,-0.03419861737542007,-0.34614955982722795,0.6530320954502155
1405.75,0.1265957188493259,0.8734042811508083,-1.341149413747189e-13,0.8734042811508083,0.1265957188493259,1,lossless_ITO,-0.12743147975901797,-0.03040744435254661,-0.34318689018837223,0.6562884448719083
1406.0,0.12436920178963276,0.8756307982103486,1.865174681370263e-14,0.8756307982103486,0.12436920178963276,1,lossless_ITO,-0.12409954405834592,-0.02662232512899998,-0.3401483678970903,0.6595411346465628
1406.25,0.12216952870728438,0.877830471292706,9.658940314238862e-15,0.877830471292706,0.12216952870728438,1,lossless_ITO,-0.12066144072019645,-0.02284428462000687,-0.3370323543090341,0.6627894047585972
1406.5,0.11999790546139479,0.8800020945384287,1.765254609153999e-13,0.8800020945384287,0.11999790546139479,1,lossless_ITO,-0.11711462177630488,-0.019074124342672527,-0.333836895652993,0.6660326812516797
1406.75,0.11785558917345719,0.882144410826406,1.3677947663381929e-13,0.882144410826406,0.11785558917345719,1,lossless_ITO,-0.11345635286619023,-0.015312648041947874,-0.3305598871764238,0.6692703940296169
1407.0,0.11574393320176705,0.8842560667980501,1.8285373215576328e-13,0.8842560667980501,0.11574393320176705,1,lossless_ITO,-0.10968377150030495,-0.01156074137757579,-0.3271991292405347,0.6725019127647698
1407.25,0.11366440674153747,0.8863355932585913,-1.2878587085651816e-13,0.8863355932585913,0.11366440674153747,1,lossless_ITO,-0.10579390933539012,-0.007819404918997686,-0.3237523482265905,0.6757265206094544
1407.5,0.11161863847846622,0.8883813615216375,-1.0369483049998962e-13,0.8883813615216375,0.11161863847846622,1,lossless_ITO,-0.10178377605690817,-0.004089838950007252,-0.32021727187870813,0.6789433456872473
1407.75,0.10960838324160974,0.8903916167583859,4.440892098500626e-15,0.8903916167583859,0.10960838324160974,1,lossless_ITO,-0.09765028468171641,-0.0003733730085504483,-0.316591560043136,0.6821514187688121
1408.0,0.10763551678627828,0.8923644832143032,-5.814237979961945e-13,0.8923644832143032,0.10763551678627828,1,lossless_ITO,-0.09339022164388308,0.0033285516980499086,-0.3128727778687123,0.6853496881462268
1408.25,0.10570205583903516,0.8942979441613303,-3.6548541970660153e-13,0.8942979441613303,0.10570205583903516,1,lossless_ITO,-0.08900027348365375,0.007014347757816397,-0.30905841987597804,0.6885369921242595
1408.5,0.10381019980879914,0.8961898001913358,-1.3489209749195652e-13,0.8961898001913358,0.10381019980879914,1,lossless_ITO,-0.08447712326097961,0.010682196224595208,-0.3051459942790547,0.6917119899475568
1408.75,0.10196230107029637,0.8980376989296307,7.294165271787278e-14,0.8980376989296307,0.10196230107029637,1,lossless_ITO,-0.07981736757684837,0.014330114586240783,-0.30113294790382295,0.6948732176733539
1409.0,0.10016086202255739,0.8998391379777211,-2.7844393457598926e-13,0.8998391379777211,0.10016086202255739,1,lossless_ITO,-0.07501748471813294,0.017955972042904778,-0.2970166380490959,0.6980191013217905
1409.25,0.0984085156776937,0.9015914843220848,2.2148949341271873e-13,0.9015914843220848,0.0984085156776937,1,lossless_ITO,-0.070073733781919,0.021557548297845175,-0.29279424558652517,0.701148005891616
1409.5,0.09670795642476746,0.9032920435752332,-6.661338147750939e-16,0.9032920435752332,0.09670795642476746,1,lossless_ITO,-0.06498183304262242,0.025132727423311185,-0.288462500869347,0.7042583958388855
1409.75,0.09506205451136326,0.9049379454886503,-1.354472090042691e-14,0.9049379454886503,0.09506205451136326,1,lossless_ITO,-0.059737207581737284,0.02867926664473197,-0.28401790411138517,0.7073486477872023
1410.0,0.09347390292521489,0.9065260970747778,7.327471962526033e-15,0.9065260970747778,0.09347390292521489,1,lossless_ITO,-0.05433507442497332,0.03219470822690418,-0.279456800478936,0.7104169798257163
1410.25,0.09194686657926991,0.9080531334208796,-1.4943601911454607e-13,0.9080531334208796,0.09194686657926991,1,lossless_ITO,-0.048770578539108156,0.035676273336423536,-0.27477549593140316,0.7134613655168186
1410.5,0.0904846838278815,0.909515316171833,2.8554936193359026e-13,0.909515316171833,0.0904846838278815,1,lossless_ITO,-0.04303925076338816,0.03912058741705993,-0.26997064150103567,0.7164793077962543
1410.75,0.0890913643031567,0.9109086356976055,-7.6216810640517e-13,0.9109086356976055,0.0890913643031567,1,lossless_ITO,-0.03713663561599462,0.04252393590106418,-0.265038910527479,0.719468049553049
1411.0,0.08777116869702041,0.9122288313033202,-3.4061642395499803e-13,0.9122288313033202,0.08777116869702041,1,lossless_ITO,-0.031058157163964983,0.04588233507083184,-0.2599768837308507,0.7224246332189302
1411.25,0.08652860468018606,0.9134713953198251,-1.1213252548714081e-14,0.9134713953198251,0.08652860468018606,1,lossless_ITO,-0.02479899150833803,0.04919157879339231,-0.254780942659763,0.7253459413208648
1411.5,0.085368397611626,0.9146316023884349,-6.084022174945858e-14,0.9146316023884349,0.085368397611626,1,lossless_ITO,-0.018353650539763566,0.05244740709147011,-0.2494469257626329,0.7282288399793689
1411.75,0.084295593936522,0.9157044060631813,2.9676261448230434e-13,0.9157044060631813,0.084295593936522,1,lossless_ITO,-0.011716314049495746,0.055645267627500994,-0.2439704108640593,0.7310699845912428
1412.0,0.08331560940481643,0.9166843905950027,1.80855330711438e-13,0.9166843905950027,0.08331560940481643,1,lossless_ITO,-0.004880948553348863,0.05878021768853492,-0.23834681502118846,0.7338657411295207
1412.25,0.08243426201585999,0.9175657379842321,-9.214851104388799e-14,0.9175657379842321,0.08243426201585999,1,lossless_ITO,0.0021586270653826123,0.06184686345661272,-0.23257144834541796,0.7366121380917581
1412.5,0.08165781033813553,0.918342189661989,-1.2456702336294256e-13,0.918342189661989,0.08165781033813553,1,lossless_ITO,0.009408523612305153,0.06483924605747882,-0.2266396913429777,0.7393047728463326
1412.75,0.08099295180315585,0.9190070481969881,-1.438849039914203e-13,0.9190070481969881,0.08099295180315585,1,lossless_ITO,0.016874952886508365,0.06775090017111929,-0.2205468511201632,0.7419388632522347
1413.0,0.08044684448376807,0.9195531555167579,-5.259126467649367e-13,0.9195531555167579,0.08044684448376807,1,lossless_ITO,0.024564285307150935,0.07057484654178026,-0.2142881129667257,0.7445092447477455
1413.25,0.0800271379493043,0.9199728620508849,-1.8918200339612667e-13,0.9199728620508849,0.0800271379493043,1,lossless_ITO,0.03248305719876671,0.07330355725533555,-0.20785853364584955,0.7470103449628226
1413.5,0.07974200752008873,0.9202579924798278,8.348877145181177e-14,0.9202579924798278,0.07974200752008873,1,lossless_ITO,0.04063800972657544,0.07592892646262583,-0.20125300912195931,0.7494361636203974
1413.75,0.0796001939297937,0.920399806070418,-2.1171953079601735e-13,0.920399806070418,0.0796001939297937,1,lossless_ITO,0.04903603718697569,0.07844220663396129,-0.19446631586323573,0.7517802232364628
1414.0,0.07961104184735987,0.9203889581526866,-4.651834473179406e-14,0.9203889581526866,0.07961104184735987,1,lossless_ITO,0.05768415738782717,0.0808339534787974,-0.18749313358603423,0.7540355273435566
1414.25,0.0797845406082941,0.9202154593910934,6.125100426856989e-13,0.9202154593910934,0.0797845406082941,1,lossless_ITO,0.06658950986064033,0.08309397681365738,-0.1803280452368712,0.7561945243290097
1414.5,0.08013137144980004,0.9198686285503737,-1.7363888105137448e-13,0.9198686285503737,0.08013137144980004,1,lossless_ITO,0.07575938832448581,0.0852112936756112,-0.17296550949270142,0.7582490742622742
1414.75,0.0806629540121642,0.9193370459874017,4.340972026284362e-13,0.9193370459874017,0.0806629540121642,1,lossless_ITO,0.0852011689237201,0.08717405114820886,-0.1653999168561268,0.7601903893701127
1415.0,0.08139149325173657,0.9186085067478285,4.3498538104813633e-13,0.9186085067478285,0.08139149325173657,1,lossless_ITO,0.09492226154243638,0.08896945613823826,-0.15762562649390294,0.7620089808148641
1415.25,0.08233001671015489,0.9176699832897263,1.1890488593735427e-13,0.9176699832897263,0.08233001671015489,1,lossless_ITO,0.10492997477629673,0.09058369195338156,-0.14963707122847977,0.7636945928412782
1415.5,0.08349237241210948,0.9165076275873771,5.133671265866724e-13,0.9165076275873771,0.08349237241210948,1,lossless_ITO,0.11523115865399003,0.09200181910567506,-0.14142903764875508,0.7652361179315074
1415.75,0.08489328264313928,0.9151067173566426,2.1815882433884326e-13,0.9151067173566426,0.08489328264313928,1,lossless_ITO,0.12583239806891044,0.09320777048240314,-0.13299650673504254,0.7666216020332318
1416.0,0.08654839630978893,0.913451603690188,2.3092638912203256e-14,0.913451603690188,0.08654839630978893,1,lossless_ITO,0.1367400365856986,0.09418429720202137,-0.1243346308241264,0.7678382068473103
1416.25,0.08847437926611731,0.9115256207334718,4.1089354141377044e-13,0.9115256207334718,0.08847437926611731,1,lossless_ITO,0.14796033214992238,0.09491290561751409,-0.11543860686977182,0.7688721699521652
1416.5,0.09068914457688207,0.9093108554231271,-9.103828801926284e-15,0.9093108554231271,0.09068914457688207,1,lossless_ITO,0.1595001198066081,0.09537376756795746,-0.10630315150626259,0.7697087615569338
1416.75,0.09321184979987862,0.9067881502006351,-5.137001934940599e-13,0.9067881502006351,0.09321184979987862,1,lossless_ITO,0.17136610732096297,0.0955455198354983,-0.0969230566240933,0.7703321129213178
1417.0,0.0960629246654111,0.9039370753342139,3.750333377183779e-13,0.9039370753342139,0.0960629246654111,1,lossless_ITO,0.18356454552355295,0.09540513799993366,-0.08729344468359325,0.7707251141235353
1417.25,0.09926404125356719,0.9007359587460912,3.4150460237469815e-13,0.9007359587460912,0.09926404125356719,1,lossless_ITO,0.19610077562144057,0.09492784737468907,-0.07741011815968996,0.7708693363846888
1417.5,0.1028378204441846,0.8971621795555641,2.512434704726729e-13,0.8971621795555641,0.1028378204441846,1,lossless_ITO,0.2089780363460385,0.09408714873912205,-0.06727048615600262,0.7707450172908973
1417.75,0.10680800791917777,0.8931919920805964,2.2581936320875684e-13,0.8931919920805964,0.10680800791917777,1,lossless_ITO,0.22219814965487072,0.0928548061165454,-0.05687301445242123,0.770331079085146
1418.0,0.11119955713370966,0.8888004428656384,6.519229600598919e-13,0.8888004428656384,0.11119955713370966,1,lossless_ITO,0.23576163565568664,0.09120078268254961,-0.04621712685710643,0.7696050894020033
1418.25,0.1160387298864552,0.8839612701135664,-2.1538326677728037e-14,0.8839612701135664,0.1160387298864552,1,lossless_ITO,0.24966777552828484,0.08909313910651673,-0.035303148306657574,0.7685431924963728
1418.5,0.1213534663390422,0.87864653366119,-2.3225865675158275e-13,0.87864653366119,0.1213534663390422,1,lossless_ITO,0.2639152615528089,0.08649776594822978,-0.024131790450158,0.7671199354819819
1418.75,0.1271731850223488,0.8728268149773578,2.9343194540842887e-13,0.8728268149773578,0.1271731850223488,1,lossless_ITO,0.2785011845550506,0.08337834495573238,-0.012704935695624702,0.7653082136280495
1419.0,0.13352867152747794,0.8664713284721776,3.4450220454118607e-13,0.8664713284721776,0.13352867152747794,1,lossless_ITO,0.2934204667641377,0.07969632980704111,-0.0010260696536491857,0.7630792455243995
1419.25,0.14045197702434553,0.859548022976638,-9.835465775154262e-13,0.859548022976638,0.14045197702434553,1,lossless_ITO,0.30866541762235,0.07541095026676448,0.0108993841910964,0.7604025705312654
1419.5,0.14797614835168887,0.8520238516485192,-2.0805579481475434e-13,0.8520238516485192,0.14797614835168887,1,lossless_ITO,0.32422501961468586,0.07047934762504238,0.02306352099976401,0.7572461365866867
1419.75,0.15613520300384934,0.8438647969972519,-1.1012302181256928e-12,0.8438647969972519,0.15613520300384934,1,lossless_ITO,0.34008482007289487,0.06485657969007708,0.03545588383097886,0.7535763103762673
1420.0,0.16496400182691703,0.8350359981735562,-4.732880753977042e-13,0.8350359981735562,0.16496400182691703,1,lossless_ITO,0.35622659856048616,0.05849568744904898,0.048063218277597256,0.749357927268813
1420.25,0.1744979566604885,0.8255020433407185,-1.2070344723724702e-12,0.8255020433407185,0.1744979566604885,1,lossless_ITO,0.37262778009076625,0.051347892619343805,0.0608690299900308,0.7445544317333771
1420.5,0.1847724965496253,0.8152275034492621,1.1125544929768694e-12,0.8152275034492621,0.1847724965496253,1,lossless_ITO,0.3892605728940143,0.04336301402478404,0.07385292866892734,0.7391281728673389
1420.75,0.19582285487615883,0.8041771451244956,-6.543654507140673e-13,0.8041771451244956,0.19582285487615883,1,lossless_ITO,0.40609177496193427,0.034489676110402656,0.0869904919145981,0.7330405663056896
1421.0,0.20768369719094187,0.7923163028087289,3.291811268013589e-13,0.7923163028087289,0.20768369719094187,1,lossless_ITO,0.4230823540624623,0.02467564808526279,0.1002529525236038,0.726252346970763
1421.25,0.22038886825727347,0.7796111317427954,-6.88338275267597e-14,0.7796111317427954,0.22038886825727347,1,lossless_ITO,0.44018724466910103,0.013868095836233607,0.11360705406645687,0.7187237642920715
1421.5,0.23397171206778244,0.7660282879315838,6.337153024560394e-13,0.7660282879315838,0.23397171206778244,1,lossless_ITO,0.45735582706812283,0.002013319653756729,0.12701543748738595,0.7104144176613759
1421.75,0.24846384810032118,0.7515361519004304,-7.51620987671231e-13,0.7515361519004304,0.24846384810032118,1,lossless_ITO,0.4745303719216213,-0.010942182635753972,0.14043544610331832,0.7012840152728885
1422.0,0.263894176545157,0.7361058234557255,-8.825162822745369e-13,0.7361058234557255,0.263894176545157,1,lossless_ITO,0.4916451463699596,-0.02505075085883446,0.1538184431027511,0.6912930795748906
1422.25,0.2802875718597087,0.7197124281399714,3.199662756969701e-13,0.7197124281399714,0.2802875718597087,1,lossless_ITO,0.508625469451994,-0.04036223236166181,0.16710908581024295,0.6804039209631606
1422.5,0.2976624077039573,0.7023375922954057,6.369349492274523e-13,0.7023375922954057,0.2976624077039573,1,lossless_ITO,0.5253860410280983,-0.05692142598689448,0.18024402458579655,0.6685824941607158
1422.75,0.31603040398928306,0.6839695960122866,-1.5696333122150463e-12,0.6839695960122866,0.31603040398928306,1,lossless_ITO,0.5418320430840926,-0.07476760510466474,0.19315275587684977,0.6557987951878194
1423.0,0.3353958108663514,0.6646041891331584,4.901634653720066e-13,0.6646041891331584,0.3353958108663514,1,lossless_ITO,0.5578595257704048,-0.09393343017237804,0.20575791394739118,0.6420276872696675
1423.25,0.3557545700659875,0.6442454299343631,-3.504974088741619e-13,0.6442454299343631,0.3557545700659875,1,lossless_ITO,0.5733558666973446,-0.11444381617675486,0.21797561500997018,0.6272497598989107
1423.5,0.37709443830891193,0.6229055616911346,-4.651834473179406e-14,0.6229055616911346,0.37709443830891193,1,lossless_ITO,0.5882009663599974,-0.13631577482670698,0.22971637842423248,0.6114514890532827
1423.75,0.3993926809423736,0.6006073190571235,5.029310301551959e-13,0.6006073190571235,0.3993926809423736,1,lossless_ITO,0.6022667415892455,-0.15955575846844466,0.2408847019347883,0.5946271865314855
1424.0,0.4226143949635488,0.5773856050372069,-7.557288128623441e-13,0.5773856050372069,0.4226143949635488,1,lossless_ITO,0.6154176431689633,-0.18415749463866893,0.25137942332045293,0.5767806091987526
1424.25,0.44671105861035587,0.5532889413909811,-1.3369305662536135e-12,0.5532889413909811,0.44671105861035587,1,lossless_ITO,0.627511740071932,-0.21009994453570213,0.2610945105670866,0.5579264846273226
1424.5,0.47161870194096944,0.5283812980598229,-7.923661726749742e-13,0.5283812980598229,0.47161870194096944,1,lossless_ITO,0.6384020639741094,-0.23734473047173446,0.26992003198025977,0.5380924232365561
1424.75,0.49725762966124243,0.502742370338494,2.6356694604601216e-13,0.502742370338494,0.49725762966124243,1,lossless_ITO,0.6479390955751952,-0.26583514573189815,0.27774401808831845,0.5173196894225612
1425.0,0.5235320786152263,0.4764679213847246,4.907185768843192e-14,0.4764679213847246,0.5235320786152263,1,lossless_ITO,0.6559733322392653,-0.29549506224423683,0.2844543746037121,0.4956640399697756
1425.25,0.5503300809426047,0.4496699190577079,-3.126388037344441e-13,0.4496699190577079,0.5503300809426047,1,lossless_ITO,0.6623581155165873,-0.3262280170364361,0.2899409869018715,0.4731964268578945
1425.5,0.5775238726466074,0.42247612735224505,1.1475265182525618e-12,0.42247612735224505,0.5775238726466074,1,lossless_ITO,0.666952780093101,-0.35791687357490143,0.2940980707402837,0.45000327577923543
1425.75,0.6049705017605239,0.3950294982403563,-8.802403250740554e-13,0.3950294982403563,0.6049705017605239,1,lossless_ITO,0.6696259706456075,-0.3904236775440977,0.2968266434478031,0.4261866139380642
1426.0,0.6325130707802537,0.3674869292191001,6.462608226343036e-13,0.3674869292191001,0.6325130707802537,1,lossless_ITO,0.6702591673198439,-0.4235902244155325,0.298037157680775,0.4018636702474061
1426.25,0.6599826495561248,0.3400173504424958,1.3793410857942945e-12,0.3400173504424958,0.6599826495561248,1,lossless_ITO,0.6687502499807414,-0.45723942770395964,0.29765217194772814,0.37716588063126033
1426.5,0.6872008506954174,0.3127991493029367,1.6459611451580258e-12,0.3127991493029367,0.6872008506954174,1,lossless_ITO,0.6650168977860511,-0.49117753232755185,0.2956089068101584,0.3522372640018291
1426.75,0.7139826172984083,0.2860173827013501,2.416400413096653e-13,0.2860173827013501,0.7139826172984083,1,lossless_ITO,0.658999707438727,-0.5251966563869145,0.29186158660807004,0.32723254397570184
1427.0,0.7401395654108324,0.25986043458775043,1.4171996909340123e-12,0.25986043458775043,0.7401395654108324,1,lossless_ITO,0.6506648999286798,-0.5590781129632442,0.28638348160572913,0.3023146878585523
1427.25,0.7654834969038705,0.2345165030975999,-1.470407129389173e-12,0.2345165030975999,0.7654834969038705,1,lossless_ITO,0.6400065336138097,-0.5925960668363282,0.27916857868394507,0.27765218729454033
1427.488,0.7886865857022055,0.21131341429643427,1.3602174941951262e-12,0.21131341429643427,0.7886865857022055,1,lossless_ITO,0.6277222108692833,-0.6239576296243176,0.270700705401539,0.2545674311640108
1427.5,0.7898297473595302,0.21017025263973904,7.308043059595093e-13,0.21017025263973904,0.7898297473595302,1,lossless_ITO,0.6270483565929899,-0.6255210834182736,0.27023296766542887,0.2534164046005314
1427.588,0.7981290020755235,0.20187099792479177,-3.1527558341792883e-13,0.20187099792479177,0.7981290020755235,1,lossless_ITO,0.6219489818929338,-0.6369270271244101,0.2666847087805834,0.24501877596596564
1427.688,0.8073739526516559,0.19262604734779054,5.535572000781031e-13,0.19262604734779054,0.8073739526516559,1,lossless_ITO,0.6158202472972802,-0.6497525326406384,0.2624023490278744,0.2355750604338518
1427.75,0.813002055399521,0.18699794460009883,3.8019587478288486e-13,0.18699794460009883,0.813002055399521,1,lossless_ITO,0.6118442564511684,-0.6576259010546848,0.2596152347959028,0.22977728706896325
1427.788,0.8164109874615114,0.18358901253976484,-1.2762568779578487e-12,0.18358901253976484,0.8164109874615114,1,lossless_ITO,0.6093414573035101,-0.6624200755100931,0.25785759227011884,0.2262468215752653
1427.888,0.8252300518705216,0.1747699481307813,-1.3028744749732368e-12,0.1747699481307813,0.8252300518705216,1,lossless_ITO,0.6025187983425828,-0.6749158679306704,0.2530549559158283,0.2170443905390479
1427.988,0.8338215220491082,0.16617847795134516,-4.5335957210568267e-13,0.16617847795134516,0.8338215220491082,1,lossless_ITO,0.5953591741061404,-0.6872264528386224,0.24799949485293651,0.20797785676170633
1428.0,0.8348367641082625,0.1651632358929483,-1.2107537195049645e-12,0.1651632358929483,0.8348367641082625,1,lossless_ITO,0.5944777288654184,-0.6886906517069324,0.2473761091656863,0.2068994741122356
1428.088,0.8421762561069577,0.157823743893772,-7.296663273592685e-13,0.157823743893772,0.8421762561069577,1,lossless_ITO,0.5878701662964327,-0.6993387762846338,0.24269677334136588,0.19905701425887914
1428.188,0.8502857041767838,0.14971429582411203,-8.958667141456544e-13,0.14971429582411203,0.8502857041767838,1,lossless_ITO,0.5800599232346206,-0.7112403507999967,0.2371527862819496,0.19029124163484715
1428.25,0.8551868457264419,0.14481315427242222,1.1358969320696133e-12,0.14481315427242222,0.8551868457264419,1,lossless_ITO,0.5750600536081237,-0.7185082121571518,0.2335971549646143,0.18493830485493407
1428.288,0.8581418590412465,0.14185814095994737,-1.193878329530662e-12,0.14185814095994737,0.8581418590412465,1,lossless_ITO,0.5719371778414765,-0.7229191902230958,0.2313739698363738,0.181689548702157
1428.388,0.8657372419582225,0.13426275804043394,1.3435086376745176e-12,0.13426275804043394,0.8657372419582225,1,lossless_ITO,0.5635112477888121,-0.7343637921353228,0.22536720007085864,0.1732605884059317
1428.488,0.8730649242294455,0.12693507577028926,2.6526003615856553e-13,0.12693507577028926,0.8730649242294455,1,lossless_ITO,0.5547920019813404,-0.7455631727787995,0.21913976818648978,0.16501263052015042
1428.5,0.8739259485476281,0.12607405145160053,7.714107130851744e-13,0.12607405145160053,0.8739259485476281,1,lossless_ITO,0.553726469647119,-0.7468901181983164,0.21837800868035157,0.16403541670631197
1428.588,0.8801185459631349,0.11988145403693667,-7.155387393709134e-14,0.11988145403693667,0.8801185459631349,1,lossless_ITO,0.5457898245006636,-0.7565068992789911,0.212699353839502,0.15695353733936668
1428.688,0.886892331884077,0.11310766811457883,1.3441608937014848e-12,0.11310766811457883,0.886892331884077,1,lossless_ITO,0.5365155764266646,-0.7671851188384511,0.20605399685388628,0.14909074161420446
1428.75,0.89094924946244,0.10905075053692947,6.304956556846264e-13,0.10905075053692947,0.89094924946244,1,lossless_ITO,0.5306338469603618,-0.7736681959546383,0.2018346115715285,0.14431747096087794
1428.788,0.8933811041467594,0.1066188958543468,-1.106226221736506e-12,0.1066188958543468,0.8933811041467594,1,lossless_ITO,0.5269805557123879,-0.7775885848326847,0.19921206745939218,0.14143122678817285
1428.888,0.8995802920270426,0.10041970797289451,6.289413434501512e-14,0.10041970797289451,0.8995802920270426,1,lossless_ITO,0.5171964555033233,-0.7877086795616475,0.1921822353455636,0.13398150971632763
1428.988,0.905485938596143,0.09451406140439794,-5.409561687486075e-13,0.09451406140439794,0.905485938596143,1,lossless_ITO,0.5071753211525168,-0.7975374336706202,0.18497343771635485,0.12674762586261412
1429.0,0.9061747251572371,0.09382527484292555,-1.626199175319698e-13,0.09382527484292555,0.9061747251572371,1,lossless_ITO,0.5059574400556643,-0.7986969521399645,0.18409678884323408,0.12589433219100374
1429.088,0.9110946894043166,0.08890531059599302,-3.0961344599234053e-13,0.08890531059599302,0.9110946894043166,1,lossless_ITO,0.4969295342795245,-0.8070675165231209,0.17759486640207325,0.11973513567160092
1429.188,0.9164037303382134,0.08359626966115133,6.352418591148989e-13,0.08359626966115133,0.9164037303382134,1,lossless_ITO,0.4864719063896828,-0.8162921355168076,0.17005603256565202,0.11294919710239945
1429.25,0.9195438281622479,0.08045617183776843,-1.63202784619898e-14,0.08045617183776843,0.9195438281622479,1,lossless_ITO,0.47988752893695996,-0.8218552756376962,0.16530573330477627,0.10885775826074312
1429.288,0.9214108576116281,0.0785891423880293,3.425870698237077e-13,0.0785891423880293,0.9214108576116281,1,lossless_ITO,0.4758155404330619,-0.825205158114294,0.16236666750286538,0.10639447623339668
1429.388,0.9261145063888415,0.07388549361077192,3.865657793866717e-13,0.07388549361077192,0.9261145063888415,1,lossless_ITO,0.4649737276598052,-0.8338011741484981,0.15453664797312183,0.10007510148384591
1429.488,0.9305137426709427,0.0694862573280339,1.023431339675085e-12,0.0694862573280339,0.9305137426709427,1,lossless_ITO,0.4539598995900015,-0.8420754987412148,0.14657596038528017,0.09399466110842322
1429.5,0.9310211731934585,0.06897882680672901,-1.8746115770795768e-13,0.06897882680672901,0.9310211731934585,1,lossless_ITO,0.4526273223764842,-0.8430466044079864,0.14561237419608278,0.09328121504117894
1429.588,0.9346082522236878,0.06539174777566951,6.426664755920797e-13,0.06539174777566951,0.9346082522236878,1,lossless_ITO,0.4427875806131414,-0.8500241714821903,0.13849466542689373,0.08815620348377919
1429.688,0.9383983267658743,0.061601673237682494,-3.556807626203806e-12,0.061601673237682494,0.9383983267658743,1,lossless_ITO,0.43147034144989505,-0.8576439520692452,0.13030286331130228,0.08256224004257649
1429.75,0.9405956482231513,0.05940435177631574,5.32920929607883e-13,0.05940435177631574,0.9405956482231513,1,lossless_ITO,0.42438682791489674,-0.8622019082901398,0.1251728823614252,0.07921765800001168
1429.788,0.9418848475895416,0.058115152411445686,-9.87293580223536e-13,0.058115152411445686,0.9418848475895416,1,lossless_ITO,0.42002175375637263,-0.8649323125508024,0.12201065985444745,0.07721475074731288
1429.888,0.9450692668818509,0.05493073311765116,4.979489043321905e-13,0.05493073311765116,0.9450692668818509,1,lossless_ITO,0.408455346144136,-0.8718874263844472,0.11362813358501656,0.07211519195485291
1429.988,0.9479535868423313,0.052046413156617094,1.0515754933493326e-12,0.052046413156617094,0.9479535868423313,1,lossless_ITO,0.39678456186432,-0.878508154428886,0.10516530407672348,0.06726450657581685
1430.0,0.9482796533291555,0.05172034667017221,6.722539191983401e-13,0.05172034667017221,0.9482796533291555,1,lossless_ITO,0.3953776876277551,-0.8792801419343252,0.10414484085371534,0.06669917474741499
1430.088,0.9505403423659735,0.0494596576337009,3.2558677975913497e-13,0.0494596576337009,0.9505403423659735,1,lossless_ITO,0.3850226929772653,-0.8847940415341855,0.0966320835980391,0.06266312667747026
1430.188,0.9528325963771057,0.04716740362340752,-5.132283487085942e-13,0.04716740362340752,0.9528325963771057,1,lossless_ITO,0.37318272000081365,-0.8907453537192631,0.08803816151595396,0.058310947037022644
1430.25,0.9541074261023098,0.045892573897590834,9.93580218100476e-14,0.045892573897590834,0.9541074261023098,1,lossless_ITO,0.36580830330778763,-0.8942675142959501,0.08268362102535977,0.055737508171393245
1430.288,0.9548338808545467,0.045166119144823,6.303221833370287e-13,0.045166119144823,0.9548338808545467,1,lossless_ITO,0.3612773677316944,-0.8963629916719509,0.07939304252467494,0.05420738807493417
1430.388,0.9565481568326777,0.04345184316609834,1.2239723123919077e-12,0.04345184316609834,0.9565481568326777,1,lossless_ITO,0.3493191251456854,-0.9016484369333708,0.07070605951320162,0.05035143507186792
1430.488,0.9579797872900263,0.04202021270936332,6.103728633632954e-13,0.04202021270936332,0.9579797872900263,1,lossless_ITO,0.33732021643235666,-0.9066037268066642,0.06198635176869483,0.04674165668189902
1430.5,0.9581328104006285,0.04186718959964753,-2.760083828157178e-13,0.04186718959964753,0.9581328104006285,1,lossless_ITO,0.3358781844934244,-0.9071762916818776,0.06093821395184299,0.04632494339692232
1430.588,0.9591335094402378,0.04086649056028989,-5.276751258165291e-13,0.04086649056028989,0.9591335094402378,1,lossless_ITO,0.3252925743837589,-0.9112314279162238,0.0532428449282137,0.04337622447330368
1430.688,0.960014406597956,0.039985593402080216,-3.622102617839573e-14,0.039985593402080216,0.960014406597956,1,lossless_ITO,0.31324781627883985,-0.9155346085933624,0.04448423278455732,0.04025293336086617
1430.75,0.9604259065865631,0.03957409341433197,-8.950964969223207e-13,0.03957409341433197,0.9604259065865631,1,lossless_ITO,0.3057764325366979,-0.9180411408788647,0.03905002229736342,0.03843698724134019
1430.788,0.9606278798310495,0.03937212016980709,-8.5655788018002e-13,0.03937212016980709,0.9606278798310495,1,lossless_ITO,0.30119722223573403,-0.9195168103465918,0.03571896092650496,0.03736922274190131
1430.888,0.9609796195514448,0.03902038044854631,8.847089727481716e-15,0.03902038044854631,0.9609796195514448,1,lossless_ITO,0.2891517160679961,-0.923182018606669,0.026955212243553208,0.034722198187569525
1430.988,0.9610755772648364,0.03892442273658019,-1.4165821293765646e-12,0.03892442273658019,0.9610755772648364,1,lossless_ITO,0.2771218485911542,-0.9265346329995948,0.0182008942538431,0.03230865350795131
1431.0,0.9610701950777456,0.0389298049218701,3.8429676108009403e-13,0.0389298049218701,0.9610701950777456,1,lossless_ITO,0.2756798021878909,-0.9269161637736154,0.017151374809811132,0.0320345548713674
1431.088,0.9609219377260442,0.03907806227360135,3.5448033397500467e-13,0.03907806227360135,0.9609219377260442,1,lossless_ITO,0.2651177961772226,-0.929579434080436,0.009463637373599794,0.03012509532735784
1431.188,0.960525094542897,0.03947490545725564,-1.5266954367376684e-13,0.03947490545725564,0.960525094542897,1,lossless_ITO,0.25314940922816737,-0.9323215409798032,0.0007508287991628629,0.02816777393266729
1431.25,0.9601597938474112,0.039840206152676375,-8.761047443073267e-14,0.039840206152676375,0.9601597938474112,1,lossless_ITO,0.24575108956178443,-0.9338720098482614,-0.004635706945636044,0.02706610761101446
1431.288,0.9598916277699866,0.040108372230248074,-2.3467339183014246e-13,0.040108372230248074,0.9598916277699866,1,lossless_ITO,0.24122615372471096,-0.9347663999312317,-0.007930429692753723,0.02643269234820995
1431.388,0.9590282777877233,0.040971722212415976,-1.3923584507580244e-13,0.040971722212415976,0.9590282777877233,1,lossless_ITO,0.22935707661412086,-0.9369197619009704,-0.01657334688732934,0.024915623279109896
1431.488,0.9579419191694458,0.04205808083072703,-1.7285478604023297e-13,0.04205808083072703,0.9579419191694458,1,lossless_ITO,0.21755079976548292,-0.9387876526123754,-0.025171446850720612,0.023612131439160387
1431.5,0.9577969006103039,0.04220309938962598,7.015221736850208e-14,0.04220309938962598,0.9577969006103039,1,lossless_ITO,0.21613866028150885,-0.938992911254035,-0.02619991138056484,0.023469847153094435
1431.588,0.9566395354379192,0.04336046456254764,-4.668834763243979e-13,0.04336046456254764,0.9566395354379192,1,lossless_ITO,0.20581551602869746,-0.9403763430852101,-0.03371857207611206,0.022517595507144484
1431.688,0.9551281947991167,0.04487180520119813,-3.1483149420807877e-13,0.04487180520119813,0.9551281947991167,1,lossless_ITO,0.19415898729963355,-0.9416923208247322,-0.04220888513010182,0.021627229613239523
1431.75,0.9540893505466702,0.04591064945369267,-3.628833344926363e-13,0.04591064945369267,0.9540893505466702,1,lossless_ITO,0.1869747233974015,-0.9423741916570917,-0.04744191509412502,0.021175580300714356
1431.788,0.953415026922955,0.04658497307616932,8.756884106730922e-13,0.04658497307616932,0.953415026922955,1,lossless_ITO,0.18258854442366773,-0.9427422617884941,-0.050636868919884614,0.020936104257750155
1431.888,0.9515072008375366,0.0484927991623587,1.0470790900996008e-13,0.0484927991623587,0.9515072008375366,1,lossless_ITO,0.17111108884833282,-0.9435330032335607,-0.05899732565018871,0.020439166584948584
1431.988,0.9494119039642078,0.05058809603641121,-6.190395418492756e-13,0.05058809603641121,0.9494119039642078,1,lossless_ITO,0.15973309586271967,-0.944071517529967,-0.06728537458874512,0.02013125994693835
1432.0,0.9491482116911985,0.05085178830910002,-2.984695823826655e-13,0.05085178830910002,0.9491482116911985,1,lossless_ITO,0.15837471244199886,-0.9441195249175282,-0.06827485452804669,0.020106765889805877
1432.088,0.9471363212126684,0.05286367878783202,-5.004607839254049e-13,0.05286367878783202,0.9471363212126684,1,lossless_ITO,0.1484606133862063,-0.9443648872054359,-0.07549645293039103,0.020007142622776034
1432.188,0.9446876101295063,0.055312389870072615,4.2107983766470625e-13,0.055312389870072615,0.9446876101295063,1,lossless_ITO,0.13729924035665142,-0.9444202805738608,-0.0836263310742827,0.020061506340941084
1432.25,0.9430855870989662,0.05691441290149232,-4.58494353594574e-13,0.05691441290149232,0.9430855870989662,1,lossless_ITO,0.13043727711121106,-0.9443382811129155,-0.08862434580129648,0.020182497580406224
1432.288,0.9420728861181824,0.05792711388246505,-6.474543123857757e-13,0.05792711388246505,0.9420728861181824,1,lossless_ITO,0.12625415752013314,-0.9442449257254688,-0.09167109061093995,0.020288995488793395
1432.388,0.9392992086477221,0.06070079135221359,6.43166075953161e-14,0.06070079135221359,0.9392992086477221,1,lossless_ITO,0.11533014847437578,-0.9438460883105524,-0.09962710921454286,0.020684223617190956
1432.488,0.9363735667284295,0.06362643327241572,-8.452544220105551e-13,0.06362643327241572,0.9363735667284295,1,lossless_ITO,0.10453160921070592,-0.9432310514533888,-0.1074910536648612,0.02124178849690867
1432.5,0.9360126065573259,0.06398739344233809,3.3603675397841926e-13,0.06398739344233809,0.9360126065573259,1,lossless_ITO,0.10324441078087015,-0.9431430643542695,-0.10842839180721801,0.021319348622977796
1432.588,0.9333028655577496,0.06669713444072878,1.5216716775512396e-12,0.06669713444072878,0.9333028655577496,1,lossless_ITO,0.09386255845476643,-0.9424070968881434,-0.11525987226539677,0.021956286267890767
1432.688,0.9300939143747352,0.06990608562481465,4.501399253342697e-13,0.06990608562481465,0.9300939143747352,1,lossless_ITO,0.08332664869513012,-0.9413814873497293,-0.1229307867388129,0.022822324658844415
1432.75,0.9280378797764105,0.07196212022382951,-2.4001634013615103e-13,0.07196212022382951,0.9280378797764105,1,lossless_ITO,0.07686270888271318,-0.9406475100743135,-0.12763647313046653,0.02343301631248555
1432.788,0.9267534154305624,0.0732465845682296,1.207950406367786e-12,0.0732465845682296,0.9267534154305624,1,lossless_ITO,0.07292717782718516,-0.9401614501791766,-0.13050128365454716,0.023834535302076864
1432.888,0.9232879541060948,0.0767120458944005,-4.952704912852823e-13,0.0767120458944005,0.9232879541060948,1,lossless_ITO,0.06266710124667002,-0.9387541621664516,-0.13796910551189648,0.02498758513113384
1432.988,0.919703990077729,0.08029600992142275,8.482936575404665e-13,0.08029600992142275,0.919703990077729,1,lossless_ITO,0.05254904436154478,-0.9371667355761623,-0.14533224150369276,0.026276186896229778
1433.0,0.919266252873452,0.08073374712702218,-4.741623760295965e-13,0.08073374712702218,0.919266252873452,1,lossless_ITO,0.0513445341002412,-0.9369644740354295,-0.14620869629343772,0.026439679111603828
1433.088,0.9160078532479805,0.08399214675223168,-2.1219137558148304e-13,0.08399214675223168,0.9160078532479805,1,lossless_ITO,0.04257532585502377,-0.93540620710738,-0.15258891066927832,0.02769510738245523
1433.188,0.9122057554669376,0.0877942445332191,-1.5670797992584085e-13,0.0877942445332191,0.9122057554669376,1,lossless_ITO,0.032748018843405946,-0.9334795361414172,-0.15973751833950464,0.029239168289637112
1433.25,0.9097979123362792,0.09020208766411991,-3.990696662015125e-13,0.09020208766411991,0.9097979123362792,1,lossless_ITO,0.02672941711989174,-0.9322045799991672,-0.16411476880023423,0.030257086153940058
1433.288,0.9083037729710709,0.09169622702935848,-4.293787547737793e-13,0.09169622702935848,0.9083037729710709,1,lossless_ITO,0.023068921834269174,-0.9313935910770902,-0.16677667630583212,0.03090325696428921
1433.388,0.9043078337628985,0.0956921662370537,4.782285678572862e-14,0.0956921662370537,0.9043078337628985,1,lossless_ITO,0.01353954972534882,-0.9291551363758008,-0.17370520873438014,0.032682336392964674
1433.488,0.9002237129923341,0.09977628700780813,-1.4219181387886692e-13,0.09977628700780813,0.9002237129923341,1,lossless_ITO,0.004161146942456506,-0.9267708234965792,-0.18052214242371573,0.03457145205913907
1433.5,0.8997279611674082,0.10027203883280986,-2.1802004646076512e-13,0.10027203883280986,0.8997279611674082,1,lossless_ITO,0.0030459332231807523,-0.9264752157096017,-0.1813326360251274,0.03480530833975099
1433.588,0.8960570291559977,0.10394297084350883,4.934525010824586e-13,0.10394297084350883,0.8960570291559977,1,lossless_ITO,-0.0050652994481174,-0.9242471828320536,-0.1872266970727937,0.03656573805139757
1433.688,0.8918132410902871,0.10818675890898699,7.258638134999273e-13,0.10818675890898699,0.8918132410902871,1,lossless_ITO,-0.014139046687860923,-0.9215906166135066,-0.19381827558942072,0.03866042244919115
1433.75,0.8891457006996957,0.1108542993000378,2.6652291484907664e-13,0.1108542993000378,0.8891457006996957,1,lossless_ITO,-0.019687850926545514,-0.9198795451292515,-0.19784812497393572,0.04000749299472743
1433.788,0.887497645687005,0.11250235431243047,5.645761635975077e-13,0.11250235431243047,0.887497645687005,1,lossless_ITO,-0.023059583407135487,-0.9188073927292919,-0.20029645448998507,0.0408508320250804
1433.888,0.883115376286734,0.11688462371365896,-3.9293568399045853e-13,0.11688462371365896,0.883115376286734,1,lossless_ITO,-0.03182661689510924,-0.9159036394095529,-0.20666097443553905,0.043132396299838116
1433.988,0.8786714016998763,0.12132859829988132,2.4233393070005604e-13,0.12132859829988132,0.8786714016998763,1,lossless_ITO,-0.040440060585009596,-0.9128853407291713,-0.21291173092246454,0.045500650983751445
1434.0,0.8781342080133506,0.12186579198702904,-3.796685188461879e-13,0.12186579198702904,0.8781342080133506,1,lossless_ITO,-0.041463355740620156,-0.9125157261560038,-0.21365417728809774,0.04579045916336479
1434.088,0.8741705169502725,0.12582948305003458,-3.0705993303570267e-13,0.12582948305003458,0.8741705169502725,1,lossless_ITO,-0.048900039434746856,-0.9097583266883243,-0.2190487774919079,0.04795124566548236
1434.188,0.8696173003389958,0.13038269966100427,-2.7755575615628914e-17,0.13038269966100427,0.8696173003389958,1,lossless_ITO,-0.05720695863485564,-0.9065282387627651,-0.22507237309487574,0.05047997052878536
1434.25,0.8667699587975921,0.13323004120218357,2.2432056212551288e-13,0.13323004120218357,0.8667699587975921,1,lossless_ITO,-0.062280639533473736,-0.9044762261762347,-0.2287502001368961,0.052085221476802133
1434.288,0.8650161453021556,0.1349838546976574,1.8696155734687636e-13,0.1349838546976574,0.8650161453021556,1,lossless_ITO,-0.06536141973218529,-0.9032005466443231,-0.2309829226145672,0.053082743156520965
1434.388,0.8603712800099482,0.1396287199890006,1.0511869152907138e-12,0.1396287199890006,0.8603712800099482,1,lossless_ITO,-0.07336417197239559,-0.8997805593380983,-0.23678094227165775,0.05575559991316618
1434.488,0.8556867695861261,0.1443132304133514,5.224987109642143e-13,0.1443132304133514,0.8556867695861261,1,lossless_ITO,-0.08121610151337122,-0.8962734249905877,-0.24246705158214055,0.058494696150213035
1434.5,0.8551221512628187,0.144877848737192,-1.0658141036401503e-14,0.144877848737192,0.8551221512628187,1,lossless_ITO,-0.08214824460849474,-0.8958469511114353,-0.24314189733301522,0.05882766082169036
1434.588,0.8509665186003464,0.14903348139962258,3.097522238704187e-14,0.14903348139962258,0.8509665186003464,1,lossless_ITO,-0.08891822109087544,-0.8926841311745546,-0.24804196564777256,0.061296306069573564
1434.688,0.8462142738309179,0.15378572616918934,-1.0719203302755886e-13,0.15378572616918934,0.8462142738309179,1,lossless_ITO,-0.09647166011907815,-0.8890175056079134,-0.25350648776632684,0.06415682225969428
1434.75,0.8432533965517043,0.15674660344812721,1.6850409956248313e-13,0.15674660344812721,0.8432533965517043,1,lossless_ITO,-0.10108066311103625,-0.8867074160810591,-0.2568394373597416,0.06595838957680368
1434.788,0.8414336272636777,0.15856637273632668,-4.3298697960381105e-15,0.15856637273632668,0.8414336272636777,1,lossless_ITO,-0.10387765519219772,-0.8852782172685465,-0.2588615023402519,0.06707275493393894
1434.888,0.8366280192849896,0.16337198071528797,-2.776112673075204e-13,0.16337198071528797,0.8366280192849896,1,lossless_ITO,-0.1111375410213239,-0.8814707778574731,-0.2641079681053164,0.07004073090463149
1434.988,0.8318007420507554,0.16819925794932833,-8.37108160567368e-14,0.16819925794932833,0.8318007420507554,1,lossless_ITO,-0.11825274178112677,-0.877599543585067,-0.2692469116638713,0.07305749231578632
1435.0,0.8312201635628332,0.16877983643716263,4.135580766728708e-15,0.16877983643716263,0.8312201635628332,1,lossless_ITO,-0.11909691372674858,-0.8771309096279075,-0.26985641047387987,0.07342263158507709
1435.088,0.8269549547519596,0.17304504524778283,2.5759949728865195e-13,0.17304504524778283,0.8269549547519596,1,lossless_ITO,-0.12522474479114404,-0.8736687268949117,-0.27427940885038776,0.0761198877298099
1435.188,0.8220937432781116,0.17790625672183205,5.6371574075342323e-14,0.17790625672183205,0.8220937432781116,1,lossless_ITO,-0.13205501041355355,-0.8696824459090631,-0.27920652230046183,0.07922483424911113
1435.25,0.8190733556647446,0.18092664433551986,-2.644551244657123e-13,0.18092664433551986,0.8190733556647446,1,lossless_ITO,-0.13621924969730526,-0.86718485475214,-0.2822088872117607,0.08116995426763678
1435.288,0.8172200806122152,0.18277991938768204,1.0277889650467387e-13,0.18277991938768204,0.8172200806122152,1,lossless_ITO,-0.13874503931092685,-0.8656446935866349,-0.2840293478234825,0.08236934146308648
1435.388,0.8123368060550303,0.18766319394468925,2.804145804446989e-13,0.18766319394468925,0.8123368060550303,1,lossless_ITO,-0.14529640359862567,-0.8615593203852471,-0.2887490355416234,0.08555052490503086
1435.488,0.8074466284926222,0.19255337150743723,-5.939693181744587e-14,0.19255337150743723,0.8074466284926222,1,lossless_ITO,-0.15171073978854915,-0.8574300363366957,-0.2933667846035067,0.08876560455271143
1435.5,0.8068594672141816,0.1931405327853369,4.81531481355546e-13,0.1931405327853369,0.8068594672141816,1,lossless_ITO,-0.1524713317361091,-0.8569317424912951,-0.2939141228192556,0.08915356373637537
1435.588,0.8025521297839879,0.19744787021641855,-4.0648040489088544e-13,0.19744787021641855,0.8025521297839879,1,lossless_ITO,-0.15798974203992538,-0.8532604133504333,-0.29788383812874347,0.09201190315254162
1435.688,0.7976557682221809,0.20234423177767277,1.4635515022121126e-13,0.20234423177767277,0.7976557682221809,1,lossless_ITO,-0.16413515576066784,-0.8490538876977382,-0.3023014784134269,0.0952868444099862
1435.75,0.7946201189487309,0.20537988105073499,5.341560527227784e-13,0.20537988105073499,0.7946201189487309,1,lossless_ITO,-0.1678790077361596,-0.8464287635079222,-0.30499106633971784,0.0973306017683249
1435.788,0.7927598820502182,0.207240117949821,-3.9190872769268026e-14,0.207240117949821,0.7927598820502182,1,lossless_ITO,-0.1701487715525099,-0.8448137626513137,-0.30662102239040834,0.09858795105976872
1435.888,0.7878666930122548,0.21213330698821456,-4.693190280846693e-13,0.21213330698821456,0.7878666930122548,1,lossless_ITO,-0.1760324194832475,-0.8405432112592683,-0.31084381733389527,0.10191284283298586
1435.988,0.78297830992721,0.21702169007288336,-9.331424521974441e-14,0.21702169007288336,0.78297830992721,1,lossless_ITO,-0.1817879636883525,-0.8362452792297972,-0.3149712368087216,0.10525923434140115
1436.0,0.7823921229880566,0.21760787701220413,-2.60735877333218e-13,0.21760787701220413,0.7823921229880566,1,lossless_ITO,-0.18247011005168048,-0.8357278274164972,-0.31546018399799036,0.10566214102346733
1436.088,0.7780967230288309,0.22190327697123946,-7.038813976123492e-14,0.22190327697123946,0.7780967230288309,1,lossless_ITO,-0.1874173088501832,-0.8319228795736664,-0.3190046846873696,0.10862493926738538
1436.188,0.7732237639197068,0.2267762360803445,-5.132005931329786e-14,0.2267762360803445,0.7732237639197068,1,lossless_ITO,-0.19292244786660817,-0.8275787557223815,-0.32294562693848483,0.11200789866026231
1436.25,0.770207616886146,0.2297923831136546,1.9936829964706249e-13,0.2297923831136546,0.770207616886146,1,lossless_ITO,-0.19627414710789642,-0.8248756374237216,-0.32534320881187334,0.11411313668406292
1436.288,0.7683611440996918,0.23163885590029668,1.1518563880485999e-14,0.23163885590029668,0.7683611440996918,1,lossless_ITO,-0.1983054093296219,-0.8232155149526406,-0.32679555537414695,0.11540615539808671
1436.388,0.7635104778267183,0.23648952217315974,1.2193024367945782e-13,0.23648952217315974,0.7635104778267183,1,lossless_ITO,-0.20356822894800425,-0.8188356489010894,-0.33055596793325925,0.1188178385729665
1436.488,0.7586732858783285,0.24132671412148057,1.909306046599113e-13,0.24132671412148057,0.7586732858783285,1,lossless_ITO,-0.2087129459829311,-0.8144415371696427,-0.33422836599949135,0.12224116082783511
1436.5,0.7580937971873551,0.2419062028125387,1.061650767297806e-13,0.2419062028125387,0.7580937971873551,1,lossless_ITO,-0.20932247240468038,-0.8139133954136734,-0.3346632105427938,0.12265265978088072
1436.588,0.7538509992218351,0.24614900077841956,-2.5462965069777965e-13,0.24614900077841956,0.7538509992218351,1,lossless_ITO,-0.21374159996799133,-0.8100354508945656,-0.3378142519292301,0.12567441571776422
1436.688,0.7490449626029311,0.2509550373970772,-8.271161533457416e-15,0.2509550373970772,0.7490449626029311,1,lossless_ITO,-0.21865622767485493,-0.8056195562841952,-0.3413151267642185,0.12911597509346162
1436.75,0.7460739375236041,0.25392606247669164,-2.9570790260891044e-13,0.25392606247669164,0.7460739375236041,1,lossless_ITO,-0.22164692403427871,-0.8028776855896913,-0.3434436336298215,0.13125322845897566
1436.788,0.7442564380543475,0.2557435619455201,1.3239409568654992e-13,0.2557435619455201,0.7442564380543475,1,lossless_ITO,-0.2234588603201278,-0.8011959181190914,-0.34473248812212404,0.13256428651160826
1436.888,0.7394866083062671,0.260513391693702,3.086420008457935e-14,0.260513391693702,0.7394866083062671,1,lossless_ITO,-0.22815152099768382,-0.7967665031979958,-0.34806782825742427,0.1360178706823337
1436.988,0.7347365801252727,0.2652634198749191,-1.9173551635276453e-13,0.2652634198749191,0.7347365801252727,1,lossless_ITO,-0.23273622230666974,-0.7923331837470744,-0.35132263226819277,0.139475318944473
1437.0,0.7341679572515567,0.2658320427482189,2.2437607327674414e-13,0.2658320427482189,0.7341679572515567,1,lossless_ITO,-0.23327922671366477,-0.7918010085354301,-0.3517078669310987,0.13989040804923855
1437.088,0.7300073916226781,0.26999260837701394,3.0792035587978717e-13,0.26999260837701394,0.7300073916226781,1,lossless_ITO,-0.23721495993189887,-0.7878977446729162,-0.3544983736443538,0.14293528780395057
1437.188,0.725300034525159,0.2746999654747448,9.620082508376981e-14,0.2746999654747448,0.725300034525159,1,lossless_ITO,-0.2415896913498316,-0.7834619054110064,-0.3575965000698298,0.1463964823363259
1437.25,0.7223928486631298,0.27760715133667707,1.9312329513354598e-13,0.27760715133667707,0.7223928486631298,1,lossless_ITO,-0.24425064229504642,-0.7807122079437085,-0.35947898890053365,0.14854249312187012
1437.288,0.7206154415631622,0.2793845584366162,2.216560268664125e-13,0.2793845584366162,0.7206154415631622,1,lossless_ITO,-0.24586235182542515,-0.779027308511709,-0.3606184439863434,0.14985766497978867
1437.388,0.7159544809171263,0.28404551908337056,-4.968803146709888e-13,0.28404551908337056,0.7159544809171263,1,lossless_ITO,-0.2500348617664209,-0.7745955146355668,-0.36356562731553915,0.1533176594212441
1437.488,0.7113179590096625,0.2886820409904979,-1.6042722705833512e-13,0.2886820409904979,0.7113179590096625,1,lossless_ITO,-0.25410912509968386,-0.7701680055010348,-0.36643946022565754,0.1567753484085132
1437.5,0.710763254755173,0.28923674524492554,-9.853229343548264e-14,0.28923674524492554,0.710763254755173,1,lossless_ITO,-0.2545915242854376,-0.7696370598677761,-0.36677945752275737,0.15719006522644643
1437.588,0.7067066232394249,0.29329337676042166,1.5343282200319663e-13,0.29329337676042166,0.7067066232394249,1,lossless_ITO,-0.25808702778645876,-0.7657461867906123,-0.3692413400020471,0.16022967159263923
1437.688,0.7021211646211396,0.29787883537892346,-6.306066779870889e-14,0.29787883537892346,0.7021211646211396,1,lossless_ITO,-0.26197043647704044,-0.7613313909874482,-0.37197265002350977,0.16367962341960218
1437.75,0.6992914574119298,0.30070854258777513,2.950972799453666e-13,0.30070854258777513,0.6992914574119298,1,lossless_ITO,-0.26433150556151214,-0.7585983008662609,-0.3736312229804747,0.16581597822781485
1437.788,0.69756222033834,0.30243777966192126,-2.612909888455306e-13,0.30243777966192126,0.69756222033834,1,lossless_ITO,-0.2657611973077897,-0.7569248801421209,-0.3746347588444034,0.16712425107586643
1437.888,0.6930303762172904,0.30696962378287246,-1.628142065612792e-13,0.30696962378287246,0.6930303762172904,1,lossless_ITO,-0.2694611348184751,-0.7525278485750441,-0.37722901936806114,0.17056265247819424
1437.988,0.68852616911632,0.31147383088334957,3.304023721284466e-13,0.31147383088334957,0.68852616911632,1,lossless_ITO,-0.27307205099049836,-0.748141425508646,-0.3797567681088631,0.17399397431706673
1438.0,0.6879875452239957,0.31201245477583456,1.6969758931395518e-13,0.31201245477583456,0.6879875452239957,1,lossless_ITO,-0.2734994634072859,-0.7476158189243913,-0.3800556912068583,0.17440521841681345
1438.088,0.684050088473954,0.3159499115264198,-3.738120923912902e-13,0.3159499115264198,0.684050088473954,1,lossless_ITO,-0.2765957250707583,-0.7437666768656535,-0.3822193249726055,0.17741741073278744
1438.188,0.6796025749890334,0.3203974250113647,-3.9812597663058114e-13,0.3203974250113647,0.6796025749890334,1,lossless_ITO,-0.2800339158767599,-0.7394046041631297,-0.38461799461965307,0.18083220420092783
1438.25,0.6768596388839145,0.323140361116103,-1.7541523789077473e-14,0.323140361116103,0.6768596388839145,1,lossless_ITO,-0.28212342646258143,-0.7367069006063551,-0.3860736509202305,0.18294472112010174
1438.288,0.6751840257051033,0.324815974294859,3.774758283725532e-14,0.324815974294859,0.6751840257051033,1,lossless_ITO,-0.28338835832555226,-0.7350561498263646,-0.38695406412404054,0.18423764152606129
1438.388,0.6707947976535626,0.329205202346447,-9.658940314238862e-15,0.329205202346447,0.6707947976535626,1,lossless_ITO,-0.28666076145504205,-0.7307222011210431,-0.38922880162709256,0.18763305088577575
1438.488,0.6664352098470826,0.3335647901529469,-2.9476421303797906e-14,0.3335647901529469,0.6664352098470826,1,lossless_ITO,-0.28985280797201446,-0.7264035924446391,-0.39144345598359276,0.1910178001252746
1438.5,0.6659140649342182,0.3340859350655846,1.971756091734278e-13,0.3340859350655846,0.6659140649342182,1,lossless_ITO,-0.29023053251108766,-0.7258864279866544,-0.3917052355010195,0.19142322507303186
1438.588,0.6621055451884904,0.33789445481148367,2.5923707624997405e-14,0.33789445481148367,0.6621055451884904,1,lossless_ITO,-0.2929661538862344,-0.72210110753615,-0.3935992564734552,0.19439129511129166
1438.688,0.6578060523119104,0.34219394768796896,1.2068124277675452e-13,0.34219394768796896,0.6578060523119104,1,lossless_ITO,-0.29600242821269857,-0.7178154816223913,-0.39569741256342256,0.19775297813337506
1438.75,0.6551556150910485,0.344844384909308,-3.5649261320713777e-13,0.344844384909308,0.6551556150910485,1,lossless_ITO,-0.29784691660845997,-0.7151671641093504,-0.39696984284517817,0.19983105892406036
1438.788,0.6535369473439611,0.3464630526560251,1.3822276656583199e-14,0.3464630526560251,0.6535369473439611,1,lossless_ITO,-0.29896323273942416,-0.7135474034864688,-0.39773911372006016,0.20110232636222447
1438.888,0.6492984155953244,0.35070158440485416,-1.7857937351095643e-13,0.35070158440485416,0.6492984155953244,1,lossless_ITO,-0.3018501418628771,-0.7092975174684614,-0.3997255292714113,0.20443885035871848
1438.988,0.6450906131859414,0.35490938681429585,-2.3725466036239595e-13,0.35490938681429585,0.6450906131859414,1,lossless_ITO,-0.3046647024719555,-0.705066425400197,-0.4016578083076465,0.20776209263189258
1439.0,0.6445877482886928,0.3554122517114845,-1.773026170326375e-13,0.3554122517114845,0.6445877482886928,1,lossless_ITO,-0.30499766036262693,-0.7045599843677341,-0.4018860976344249,0.20815996858833774
1439.088,0.6409136679024452,0.3590863320980383,-4.835021272242557e-13,0.3590863320980383,0.6409136679024452,1,lossless_ITO,-0.30740843442518423,-0.7008546877402098,-0.4035370799525049,0.21107162680326239
1439.188,0.6367676774398949,0.3632323225600429,6.217248937900877e-14,0.3632323225600429,0.6367676774398949,1,lossless_ITO,-0.3100828329481351,-0.696662821957162,-0.4053644548084239,0.21436705886478366
1439.25,0.6342127413126879,0.3657872586872877,2.4424906541753444e-14,0.3657872586872877,0.6342127413126879,1,lossless_ITO,-0.31170678596721274,-0.6940740564026759,-0.406471843872631,0.21640298343320766
1439.288,0.6326527135487947,0.3673472864512029,2.3869795029440866e-15,0.3673472864512029,0.6326527135487947,1,lossless_ITO,-0.3126893664363167,-0.6924913070540438,-0.40714102356503057,0.21764802376031395
1439.388,0.6285688248466347,0.3714311751532745,9.08162434143378e-14,0.3714311751532745,0.6285688248466347,1,lossless_ITO,-0.31522947540694335,-0.6883405867480916,-0.4088678563495214,0.2209141829904773
1439.488,0.624516038131036,0.37548396186906413,-1.0008660566995786e-13,0.37548396186906413,0.624516038131036,1,lossless_ITO,-0.31770457263333907,-0.6842110710919815,-0.4105460028157581,0.22416522340278444
1439.5,0.6240317942806035,0.3759682057196751,-2.7861046802968303e-13,0.3759682057196751,0.6240317942806035,1,lossless_ITO,-0.3179972815786425,-0.6837169724382652,-0.41074415776233864,0.22455431830060418
1439.75,0.6140452172818538,0.38595478271812816,1.8041124150158794e-14,0.38595478271812816,0.6140452172818538,1,lossless_ITO,-0.3238910638700319,-0.6734949667852009,-0.41471932347669876,0.23260921040315105
1440.0,0.6042525667842764,0.39574743321600686,-2.832734047331087e-13,0.39574743321600686,0.6042525667842764,1,lossless_ITO,-0.3294089820367895,-0.66341308246947,-0.41841283668566537,0.2405637946991256
1440.25,0.5946528237177209,0.40534717628229366,-1.454392162258955e-14,0.40534717628229366,0.5946528237177209,1,lossless_ITO,-0.33457079551821306,-0.6534753839319494,-0.4218393948622358,0.2484149440188724
1440.5,0.5852446878700587,0.4147553121299645,-2.3203661214665772e-14,0.4147553121299645,0.5852446878700587,1,lossless_ITO,-0.33939508630747417,-0.6436852997148166,-0.4250128544663469,0.25616001024099117
1440.75,0.5760264240372694,0.4239735759627679,-3.735900477863652e-14,0.4239735759627679,0.5760264240372694,1,lossless_ITO,-0.3438994640316847,-0.6340454814892442,-0.42794635902018613,0.2637969330250974
1441.0,0.5669958632885393,0.433004136711118,3.4267033655055457e-13,0.433004136711118,0.5669958632885393,1,lossless_ITO,-0.3481006446923459,-0.6245578232459914,-0.43065238916267407,0.27132422646315263
1441.25,0.5581503317261406,0.44184966827382177,3.7636560534792807e-14,0.44184966827382177,0.5581503317261406,1,lossless_ITO,-0.35201455816001703,-0.6152233964324536,-0.4331428253440288,0.2787410293772623
1441.5,0.549486322433462,0.4505136775667498,-2.117750419472486e-13,0.4505136775667498,0.549486322433462,1,lossless_ITO,-0.3556565764849473,-0.6060420918832303,-0.43542906751104793,0.2860473780786799
1441.75,0.5410000131495062,0.45899998685055543,-6.161737786669619e-14,0.45899998685055543,0.5410000131495062,1,lossless_ITO,-0.3590412543046785,-0.5970131980928242,-0.43752189227817184,0.2932437676193018
1442.0,0.5326874545056134,0.46731254549424844,1.3816725541460073e-13,0.46731254549424844,0.5326874545056134,1,lossless_ITO,-0.36218228895739124,-0.5881356256131877,-0.43943143963666065,0.30033098204350656
1442.25,0.5245447638396217,0.4754552361604856,-1.0724754417879012e-13,0.4754552361604856,0.5245447638396217,1,lossless_ITO,-0.36509249049785386,-0.5794081429911666,-0.4411672110750052,0.30730991592608037
1442.5,0.5165685962364852,0.4834314037636756,-1.6081580511695392e-13,0.4834314037636756,0.5165685962364852,1,lossless_ITO,-0.3677836335223283,-0.5708299354202293,-0.44273802085098124,0.31418115104409156
1442.75,0.5087556432075945,0.49124435679232265,8.287814878826794e-14,0.49124435679232265,0.5087556432075945,1,lossless_ITO,-0.3702667892880226,-0.5624000594661449,-0.44415217950824903,0.32094537112366056
1443.0,0.5011024952576216,0.49889750474234934,2.9032332093947844e-14,0.49889750474234934,0.5011024952576216,1,lossless_ITO,-0.37255243942110583,-0.5541172979117313,-0.4454175572801346,0.32760347250003874
1443.25,0.49360555355879154,0.5063944464404861,7.223110998211268e-13,0.5063944464404861,0.49360555355879154,1,lossless_ITO,-0.3746505502499298,-0.5459800652330707,-0.44654162269742953,0.33415663618838976
1443.5,0.48626073504834627,0.5137392649515448,1.0891287871572786e-13,0.5137392649515448,0.48626073504834627,1,lossless_ITO,-0.37657071886288584,-0.5379860671424792,-0.44753150212167675,0.3406065863470882
1443.75,0.4790638720255791,0.5209361279743606,6.0285110237146e-14,0.5209361279743606,0.4790638720255791,1,lossless_ITO,-0.3783220179336982,-0.5301327651962051,-0.4483939141674972,0.34695523792171057
1444.0,0.472010843972628,0.5279891560274853,-1.1335377081422848e-13,0.5279891560274853,0.472010843972628,1,lossless_ITO,-0.3799129754919848,-0.5224175386526918,-0.4491351710217302,0.3532045741721781
1444.25,0.46509763861081627,0.5349023613890421,1.4155343563970746e-13,0.5349023613890421,0.46509763861081627,1,lossless_ITO,-0.38135158865547336,-0.5148377660919807,-0.4497611965982476,0.35935658512610164
1444.5,0.4583205027643311,0.541679497235555,1.1390888232654106e-13,0.541679497235555,0.4583205027643311,1,lossless_ITO,-0.38264530789932394,-0.5073910154513774,-0.4502775388044894,0.36541312392488406
1444.75,0.4516757778775453,0.548324222122333,1.2168044349891716e-13,0.548324222122333,0.4516757778775453,1,lossless_ITO,-0.38380113598011284,-0.5000748604426181,-0.4506894182467581,0.37137604643787914
1445.0,0.44515985344693565,0.5548401465528972,1.6719958750854857e-13,0.5548401465528972,0.44515985344693565,1,lossless_ITO,-0.3848256722930683,-0.49288683261339983,-0.4510017528963555,0.37724724795422876
1445.25,0.4387691500169579,0.5612308499831434,-1.0136336214827679e-13,0.5612308499831434,0.4387691500169579,1,lossless_ITO,-0.3857251420289133,-0.4858244070543367,-0.45121917561461244,0.3830286743562947
1445.5,0.4325000596692553,0.5674999403306634,8.126832540256146e-14,0.5674999403306634,0.4325000596692553,1,lossless_ITO,-0.386505434582347,-0.478884935424471,-0.45134605065792394,0.3887223731912749
1445.75,0.4263490268803154,0.5736509731196355,4.907185768843192e-14,0.5736509731196355,0.4263490268803154,1,lossless_ITO,-0.3871720961162878,-0.47206574796972806,-0.4513864801751212,0.39433041673097285
1446.0,0.420312574807546,0.5796874251923758,7.815970093361102e-14,0.5796874251923758,0.420312574807546,1,lossless_ITO,-0.3877303414969504,-0.465364190977374,-0.45134431694040184,0.39985487403579595
1446.25,0.4143873481105185,0.5856126518895319,-5.040412531798211e-14,0.5856126518895319,0.4143873481105185,1,lossless_ITO,-0.3881850623558246,-0.4587776851548612,-0.45122317806957735,0.40529776726243316
1446.5,0.40857022978555124,0.5914297702144494,-6.661338147750939e-16,0.5914297702144494,0.40857022978555124,1,lossless_ITO,-0.3885408184795401,-0.4523038767049398,-0.451026461912986,0.41066095795665297
1446.75,0.40285820282605755,0.5971417971739987,-5.6288307348495437e-14,0.5971417971739987,0.40285820282605755,1,lossless_ITO,-0.3888018958874647,-0.44594047483193505,-0.4507573669699704,0.41594627074303553
1447.0,0.39724830793706467,0.6027516920629205,1.4876988529977098e-14,0.6027516920629205,0.39724830793706467,1,lossless_ITO,-0.38897233228141226,-0.4396852044322326,-0.45041890263692536,0.42115552980378623
1447.25,0.3917375695309584,0.608262430469105,-6.339373470609644e-14,0.608262430469105,0.3917375695309584,1,lossless_ITO,-0.38905594529366533,-0.43353571751719955,-0.45001389438272993,0.4262906265617725
1447.5,0.38632278629388356,0.613677213706009,1.0735856648125264e-13,0.613677213706009,0.38632278629388356,1,lossless_ITO,-0.38905638225626316,-0.4274893317006601,-0.44954497414945727,0.43135371800249256
1447.75,0.3810007806896017,0.6189992193103713,2.708944180085382e-14,0.6189992193103713,0.3810007806896017,1,lossless_ITO,-0.38897706805647997,-0.4215433421653113,-0.44901458876981165,0.4363469915418867
1448.0,0.3757684743031291,0.6242315256967842,8.670841822322473e-14,0.6242315256967842,0.3757684743031291,1,lossless_ITO,-0.3888212002623207,-0.4156951205065471,-0.44842501169731924,0.4412725913469259
1448.25,0.3706229688193775,0.6293770311806229,-4.440892098500626e-16,0.6293770311806229,0.3706229688193775,1,lossless_ITO,-0.38859174731818846,-0.4099422231512776,-0.4477783604814498,0.44613253769697736
1448.5,0.3655617795569743,0.6344382204429521,7.360778653264788e-14,0.6344382204429521,0.3655617795569743,1,lossless_ITO,-0.38829142659679616,-0.4042826976222291,-0.44707663707551953,0.4509284973601891
1448.75,0.36058255044875404,0.6394174495512497,-3.774758283725532e-15,0.6394174495512497,0.36058255044875404,1,lossless_ITO,-0.38792277315964496,-0.3987147297639006,-0.4463217200208058,0.45566205180329616
1449.0,0.35568296461750687,0.6443170353824234,6.983302824892235e-14,0.6443170353824234,0.35568296461750687,1,lossless_ITO,-0.3874881626470503,-0.39323653451657337,-0.4455153616263019,0.4603347814404485
1449.25,0.3508606827411703,0.6491393172586778,1.5187850976872141e-13,0.6491393172586778,0.3508606827411703,1,lossless_ITO,-0.3869898244725853,-0.3878462800976258,-0.4446591821842844,0.46494832478054815
1449.5,0.34611317110116224,0.6538868288989024,-6.461498003318411e-14,0.6538868288989024,0.34611317110116224,1,lossless_ITO,-0.3864298639417754,-0.38254186705919185,-0.44375464114448865,0.4695045471106392
1449.75,0.3414379018645639,0.6585620981354872,-5.10702591327572e-14,0.6585620981354872,0.3414379018645639,1,lossless_ITO,-0.38581023314040613,-0.37732118842286,-0.442803060448908,0.4740053467012743
1450.0,0.3368324127166533,0.6631675872833737,-2.6978419498391304e-14,0.6631675872833737,0.3368324127166533,1,lossless_ITO,-0.3851327271983057,-0.3721822120780985,-0.4418056360001914,0.47845259566919296
1450.25,0.3322943280108102,0.6677056719890435,1.4632739464559563e-13,0.6677056719890435,0.3322943280108102,1,lossless_ITO,-0.3843989868376553,-0.3671230148749221,-0.44076344542013,0.48284811779991305
1450.5,0.3278214260582128,0.6721785739418068,-1.965094753586527e-14,0.6721785739418068,0.3278214260582128,1,lossless_ITO,-0.38361049767949246,-0.36214187891437166,-0.4396774667641017,0.48719362016363255
1450.75,0.32341154939813216,0.6765884506018465,2.1316282072803006e-14,0.6765884506018465,0.32341154939813216,1,lossless_ITO,-0.38276860363352316,-0.35723718246580627,-0.43854856630434513,0.4914907800963185
1451.0,0.3190625735744125,0.6809374264255205,6.705747068735946e-14,0.6809374264255205,0.3190625735744125,1,lossless_ITO,-0.38187451072143597,-0.3524073669175148,-0.4373774929851248,0.49574127559795894
1451.25,0.31477239753849356,0.6852276024614637,4.2743586448068527e-14,0.6852276024614637,0.31477239753849356,1,lossless_ITO,-0.3809292870788532,-0.3476509328150429,-0.4361648753472167,0.49994679476369047
1451.5,0.3105389248772498,0.6894610751228056,-5.551115123125783e-14,0.6894610751228056,0.3105389248772498,1,lossless_ITO,-0.37993386175309185,-0.3429664247304042,-0.4349112146142105,0.5041090547745922
1451.75,0.3063600730083792,0.6936399269916965,-7.571721027943568e-14,0.6936399269916965,0.3063600730083792,1,lossless_ITO,-0.3788890204408185,-0.33835245483023096,-0.4336168832982027,0.5082297931312763
1452.0,0.3022337706295753,0.6977662293704991,-7.438494264988549e-14,0.6977662293704991,0.3022337706295753,1,lossless_ITO,-0.3777954005774559,-0.3338077130061333,-0.4322821201623585,0.5123107707627328
1452.25,0.2981579448556133,0.7018420551444859,-9.9253938401489e-14,0.7018420551444859,0.2981579448556133,1,lossless_ITO,-0.37665348476204563,-0.32933096557962044,-0.43090702076560744,0.5163537858553633
1452.5,0.2941304992063948,0.7058695007937135,-1.0824674490095276e-13,0.7058695007937135,0.2941304992063948,1,lossless_ITO,-0.3754635915386838,-0.32492104443384723,-0.42949152282081715,0.5203606974815966
1452.75,0.290149315266554,0.7098506847333638,8.22675261247241e-14,0.7098506847333638,0.290149315266554,1,lossless_ITO,-0.3742258623036748,-0.3205768721634006,-0.42803539595495643,0.5243334256311306
1453.0,0.2862122422208574,0.7137877577792188,-7.616129948928574e-14,0.7137877577792188,0.2862122422208574,1,lossless_ITO,-0.37294024501949585,-0.316297475948927,-0.42653822546229936,0.5282739639450843
1453.25,0.28231709800062094,0.7176829019995365,-1.574296248918472e-13,0.7176829019995365,0.28231709800062094,1,lossless_ITO,-0.37160647348847764,-0.31208202398593426,-0.4249993968374383,0.5321843810122384
1453.5,0.27846170125959324,0.7215382987404438,-3.708144902248023e-14,0.7215382987404438,0.27846170125959324,1,lossless_ITO,-0.3702240422021553,-0.3079299135076923,-0.4234180885059195,0.5360667901732196
1453.75,0.2746437795230877,0.7253562204768145,9.781064846947629e-14,0.7253562204768145,0.2746437795230877,1,lossless_ITO,-0.3687921716842675,-0.3038406996610149,-0.42179321616242516,0.5399234476496761
1454.0,0.270860913579914,0.7291390864199873,9.869882688917642e-14,0.7291390864199873,0.270860913579914,1,lossless_ITO,-0.3673097614368064,-0.29981408776737983,-0.4201233789569368,0.543756815318745
1454.25,0.2671104531507216,0.7328895468492789,-4.440892098500626e-16,0.7328895468492789,0.2671104531507216,1,lossless_ITO,-0.36577532615450975,-0.2958499049541785,-0.4184067828399803,0.5475696552319991
1454.5,0.26338934792322244,0.7366106520769095,-1.318944953254686e-13,0.7366106520769095,0.26338934792322244,1,lossless_ITO,-0.36418690547049415,-0.29194797970589825,-0.4166411127304227,0.5513652151286712
1454.75,0.25969419102068125,0.7403058089791965,1.2223555501122974e-13,0.7403058089791965,0.25969419102068125,1,lossless_ITO,-0.36254195640807074,-0.2881083555518244,-0.41482347050196383,0.5551471952806155
1455.0,0.2560211452166737,0.7439788547833122,1.4210854715202004e-14,0.7439788547833122,0.2560211452166737,1,lossless_ITO,-0.3608372056221133,-0.2843313977979769,-0.4129502472185172,0.5589198394026181
1455.25,0.2523658288200405,0.7476341711800514,-9.192646643896296e-14,0.7476341711800514,0.2523658288200405,1,lossless_ITO,-0.3590684460780612,-0.2806179239806933,-0.41101694717532383,0.5626880714216042
1455.5,0.24872321509724143,0.7512767849027931,-3.452793606584237e-14,0.7512767849027931,0.24872321509724143,1,lossless_ITO,-0.3572302576076739,-0.27696947332117317,-0.4090179750687763,0.5664576226710005
1455.75,0.24508715811806564,0.7549128418818648,6.961098364399732e-14,0.7549128418818648,0.24508715811806564,1,lossless_ITO,-0.35531557316409595,-0.2733882295111678,-0.40694618344303823,0.5702355606403592
1456.0,0.24144985226777024,0.7585501477322977,-6.794564910705958e-14,0.7585501477322977,0.24144985226777024,1,lossless_ITO,-0.35331503983870904,-0.26987713216177833,-0.4047922719167849,0.5740309012993466
1456.25,0.23780102946147574,0.7621989705383895,1.34781075189494e-13,0.7621989705383895,0.23780102946147574,1,lossless_ITO,-0.35121603615853475,-0.26644008258271,-0.4025438867160834,0.5778555170300836
1456.5,0.2341266195321281,0.7658733804679475,-7.560618797697316e-14,0.7658733804679475,0.2341266195321281,1,lossless_ITO,-0.3490010919603164,-0.263082184456242,-0.400184171712911,0.5817256415111907
1456.75,0.23040673766315065,0.7695932623369656,-1.162403506782539e-13,0.7695932623369656,0.23040673766315065,1,lossless_ITO,-0.3466452716549717,-0.25981046573696276,-0.39768949755384825,0.5856641330862503
1457.0,0.22661191828390193,0.7733880817160379,6.017408793468348e-14,0.7733880817160379,0.22661191828390193,1,lossless_ITO,-0.3441115179824942,-0.2566348553111949,-0.39502540421849264,0.5897046796803258
1457.25,0.2226958299292634,0.7773041700708966,-1.5998313784848506e-13,0.7773041700708966,0.2226958299292634,1,lossless_ITO,-0.3413417799252242,-0.2535698236252836,-0.3921389172097815,0.5938999009600714
1457.5,0.21858001563764773,0.7814199843624451,-9.281464485866309e-14,0.7814199843624451,0.21858001563764773,1,lossless_ITO,-0.33823852811364197,-0.25063755874444127,-0.38894264165957826,0.5983382819884611
1457.75,0.21411788960894435,0.7858821103910155,4.007905118896815e-14,0.7858821103910155,0.21411788960894435,1,lossless_ITO,-0.3346213500536497,-0.2478748058438139,-0.38527743681913085,0.6031841096402715
1458.0,0.2089957007653421,0.7910042992347215,-6.361577931102147e-14,0.7910042992347215,0.2089957007653421,1,lossless_ITO,-0.33010679014736044,-0.2453515970453373,-0.3808087212433456,0.6087876230701265
1458.25,0.20238691064356262,0.7976130893563439,9.348077867343818e-14,0.7976130893563439,0.20238691064356262,1,lossless_ITO,-0.32368147765882593,-0.24324115833442977,-0.37465271303791375,0.61607246371164
1458.5,0.1911348723401356,0.8088651276599013,-3.68594044175552e-14,0.8088651276599013,0.1911348723401356,1,lossless_ITO,-0.31134756137168396,-0.2422775958366971,-0.3632344030768022,0.6286164335659301
1458.75,0.14448023799945128,0.8555197620011483,-5.99631455600047e-13,0.8555197620011483,0.14448023799945128,1,lossless_ITO,-0.2410122485509123,-0.2609942760937142,-0.29054481838084506,0.6864393393972663
1459.0,0.24411346547943022,0.7558865345204097,1.6009416015094757e-13,0.7558865345204097,0.24411346547943022,1,lossless_ITO,-0.36741914117669716,-0.23699481372804598,-0.4018926209033861,0.5739080717452921
1459.25,0.21510263656473924,0.7848973634351093,1.5143442055887135e-13,0.7848973634351093,0.21510263656473924,1,lossless_ITO,-0.33868402162363676,-0.23529138043117703,-0.38025819059407445,0.604134101322607
1459.5,0.2050688412352601,0.7949311587647542,-1.432187701766452e-14,0.7949311587647542,0.2050688412352601,1,lossless_ITO,-0.32677521270302734,-0.236322753096535,-0.36839581664701093,0.615639732999176
1459.75,0.19816181746181138,0.8018381825383886,-1.999511667349907e-13,0.8018381825383886,0.19816181746181138,1,lossless_ITO,-0.31592643457881164,-0.2405800368181581,-0.3551286802030375,0.6246909043342794
1460.0,0.19292593838465572,0.8070740616151891,1.5509815654013437e-13,0.8070740616151891,0.19292593838465572,1,lossless_ITO,-0.30080756805339365,-0.254055868379426,-0.33221170519722504,0.6343347553001119
1460.25,0.20736631435113226,0.7926336856485818,2.858824288409778e-13,0.7926336856485818,0.20736631435113226,1,lossless_ITO,-0.27244848270273186,-0.3185291539407529,-0.25735214006757984,0.638166852534587
1460.5,0.4342221797075435,0.5657778202918645,5.919709167301335e-13,0.5657778202918645,0.4342221797075435,1,lossless_ITO,-0.5722429887540778,-0.20225700831336357,-0.46714584188704755,0.4007057804331987
1460.75,0.22748486007580926,0.7725151399247174,-5.266898028821743e-13,0.7725151399247174,0.22748486007580926,1,lossless_ITO,-0.3869937211021953,-0.16791308529100324,-0.4287804113773924,0.5855454378279675
1461.0,0.2044531958441484,0.795546804155775,7.66053886991358e-14,0.795546804155775,0.2044531958441484,1,lossless_ITO,-0.35613835704889885,-0.1781745540185974,-0.40368127456731817,0.6109180442355848
1461.25,0.1949162127025748,0.8050837872974532,-2.7977620220553945e-14,0.8050837872974532,0.1949162127025748,1,lossless_ITO,-0.3428088319662959,-0.18208666163470033,-0.3907122194019673,0.6222735584100215
1461.5,0.1888108669785873,0.8111891330212897,1.2301271112846734e-13,0.8111891330212897,0.1888108669785873,1,lossless_ITO,-0.3345089710351341,-0.18348178929574854,-0.3818561622113019,0.6299107368660025
1461.75,0.18408874042155382,0.8159112595783401,1.0602629885170245e-13,0.8159112595783401,0.18408874042155382,1,lossless_ITO,-0.3282843053850818,-0.18378741486145023,-0.37471493504423153,0.6361150533408274
1462.0,0.18009523498310992,0.819904765017043,-1.5298873279334657e-13,0.819904765017043,0.18009523498310992,1,lossless_ITO,-0.323072227144379,-0.18365807674942913,-0.3682732516679982,0.6417082292572708
1462.25,0.17658231066298927,0.8234176893369303,8.049116928532385e-14,0.8234176893369303,0.17658231066298927,1,lossless_ITO,-0.3183815551248243,-0.18350251981722773,-0.3619314172588219,0.6471087792894262
1462.5,0.1734806238472343,0.8265193761527329,3.2862601528904634e-14,0.8265193761527329,0.1734806238472343,1,lossless_ITO,-0.3139315630148447,-0.18370220541596638,-0.35515565748635125,0.6526305306292294
1462.75,0.17086944583470384,0.8291305541654443,-1.482147737874584e-13,0.8291305541654443,0.17086944583470384,1,lossless_ITO,-0.30951601270796014,-0.1848003920229539,-0.3472063052609164,0.6586391570208026
1463.0,0.16911451377588105,0.8308854862240824,3.652633751016765e-14,0.8308854862240824,0.16911451377588105,1,lossless_ITO,-0.3049301125559617,-0.18789283214448993,-0.3365983884527144,0.6657588446258143
1463.25,0.1696331771091468,0.8303668228904122,4.409805853811122e-13,0.8303668228904122,0.1696331771091468,1,lossless_ITO,-0.2999574010362457,-0.1960259792290655,-0.3191514752886395,0.6754056313352889
1463.5,0.18146569710384808,0.8185343028959877,1.6420198534206065e-13,0.8185343028959877,0.18146569710384808,1,lossless_ITO,-0.2957136200432471,-0.2227952268733322,-0.27551239759459584,0.6912064461178821
1463.75,0.5578522611885894,0.4421477388155929,-4.182321156065427e-12,0.4421477388155929,0.5578522611885894,1,lossless_ITO,-0.507641799669405,-0.38206230936683216,0.035319016580216855,0.45723934120501575
1464.0,0.16588924640095595,0.8341107535989029,1.412203687323199e-13,0.8341107535989029,0.16588924640095595,1,lossless_ITO,-0.3348440406802016,-0.08919511260072532,-0.4301269584551017,0.5847453125318999
1464.25,0.14883658103631434,0.851163418963573,1.1268763699945339e-13,0.851163418963573,0.14883658103631434,1,lossless_ITO,-0.30747201941291935,-0.11982411149858485,-0.38990899190493483,0.634096461577075
1464.5,0.1441424300849165,0.8558575699150822,1.2212453270876722e-15,0.8558575699150822,0.1441424300849165,1,lossless_ITO,-0.2981311214509143,-0.12876621596834792,-0.37287563338855,0.6499896363664497
1464.75,0.14072980597361903,0.8592701940264313,-5.040412531798211e-14,0.8592701940264313,0.14072980597361903,1,lossless_ITO,-0.29202368344977403,-0.13202489754469487,-0.36243833568991674,0.65912636815276
1465.0,0.13755763868079046,0.8624423613192282,-1.865174681370263e-14,0.8624423613192282,0.13755763868079046,1,lossless_ITO,-0.28696553421204946,-0.1330273365965472,-0.35465561414780755,0.6658433331540352
1465.25,0.134412247135734,0.865587752864309,-4.296563105299356e-14,0.865587752864309,0.134412247135734,1,lossless_ITO,-0.2823158393020787,-0.13293918241040992,-0.34813617316518997,0.6714612690424379
1465.5,0.13121845332015108,0.868781546679907,-5.806466418789569e-14,0.868781546679907,0.13121845332015108,1,lossless_ITO,-0.2778019046050761,-0.1322825957125089,-0.34223802169293255,0.6765370370868936
1465.75,0.12792228049880744,0.8720777195014533,-2.6068036618198676e-13,0.8720777195014533,0.12792228049880744,1,lossless_ITO,-0.2732605101613005,-0.13135740210374935,-0.3365786381147296,0.6813790927848311
1466.0,0.12444797009689937,0.8755520299030125,8.815170815523743e-14,0.8755520299030125,0.12444797009689937,1,lossless_ITO,-0.2685407532502965,-0.13040891791433584,-0.330831064139983,0.6862329241537688
1466.25,0.12063982902425918,0.8793601709758474,-1.0658141036401503e-13,0.8793601709758474,0.12063982902425918,1,lossless_ITO,-0.2634109061013247,-0.12977784511443013,-0.3245294336843027,0.6914259738418301
1466.5,0.11606736495769805,0.8839326350422673,3.4638958368304884e-14,0.8839326350422673,0.11606736495769805,1,lossless_ITO,-0.2572900251516442,-0.13031785055082556,-0.31650926687783093,0.6977293850189807
1466.75,0.10885672969392313,0.891143270305858,2.1882495815361835e-13,0.891143270305858,0.10885672969392313,1,lossless_ITO,-0.24751061398486518,-0.13634394870962074,-0.30094400119818526,0.7086356793364977
1467.0,0.5198023244527952,0.48019767554536374,1.841082841735897e-12,0.48019767554536374,0.5198023244527952,1,lossless_ITO,-0.5326512779416195,-0.09397117320703458,-0.35436663280291114,0.3264070786759593
1467.25,0.12134352483495586,0.8786564751650963,-5.218048215738236e-14,0.8786564751650963,0.12134352483495586,1,lossless_ITO,-0.2603540009271342,-0.1024210693656673,-0.33102553759078046,0.6872743639468156
1467.5,0.11244008587042112,0.8875599141295915,-1.2545520178264269e-14,0.8875599141295915,0.11244008587042112,1,lossless_ITO,-0.24960433586228392,-0.10630907676583179,-0.31749521450478263,0.6988222168937249
1467.75,0.10698757491364105,0.8930124250862889,7.005507285384738e-14,0.8930124250862889,0.10698757491364105,1,lossless_ITO,-0.24228431163982933,-0.10585496408398332,-0.3093309866581815,0.705550208457734
1468.0,0.10206887683954402,0.8979311231603492,1.0680345496894006e-13,0.8979311231603492,0.10206887683954402,1,lossless_ITO,-0.2353723027842638,-0.10402640591262241,-0.3022801644983598,0.711354821407358
1468.25,0.09692214712786462,0.9030778528719777,1.5765166949677223e-13,0.9030778528719777,0.09692214712786462,1,lossless_ITO,-0.22799267441406668,-0.10129529668525805,-0.2952266790487109,0.7172224582992442
1468.5,0.09087651457099158,0.9091234854290634,-5.495603971894525e-14,0.9091234854290634,0.09087651457099158,1,lossless_ITO,-0.21927766650974423,-0.0974665883569748,-0.2873602747637033,0.723914804784004
1468.75,0.08251149038341013,0.9174885096165057,8.415490526658687e-14,0.9174885096165057,0.08251149038341013,1,lossless_ITO,-0.20721236291861844,-0.09146756530664685,-0.2771035999257774,0.7329357474544425
1469.0,0.06634715679592282,0.9336528432040984,-2.120525977034049e-14,0.9336528432040984,0.06634715679592282,1,lossless_ITO,-0.1828026584688517,-0.07858387086207119,-0.25757911577579934,0.7501365405855516
1469.25,0.06263972963402353,0.9373602703675887,-1.6122658763606523e-12,0.9373602703675887,0.06263972963402353,1,lossless_ITO,0.11744782930186759,-0.09332213391093419,0.0040909389624640136,0.7947380231690668
1469.5,0.13137399741673061,0.8686260025831118,1.5754064719430971e-13,0.8686260025831118,0.13137399741673061,1,lossless_ITO,-0.24980512199727845,-0.14214279922315454,-0.30177319137875225,0.6867787401869714
1469.75,0.10082631310621146,0.8991736868937182,7.027711745877241e-14,0.8991736868937182,0.10082631310621146,1,lossless_ITO,-0.22034975568748055,-0.11673565288556398,-0.2805245710202393,0.7165811057258392
1470.0,0.08518522412274501,0.9148147758771907,6.428191312579656e-14,0.9148147758771907,0.08518522412274501,1,lossless_ITO,-0.20236639701648323,-0.10689426878251224,-0.2665837927370172,0.7322212621370565
1470.25,0.06191611488593107,0.9380838851140612,7.771561172376096e-15,0.9380838851140612,0.06191611488593107,1,lossless_ITO,-0.1766350362300934,-0.09638029672745074,-0.24696872084066343,0.7552285161099398
1470.5,0.2799927798731335,0.7200072201271169,-2.503552920529728e-13,0.7200072201271169,0.2799927798731335,1,lossless_ITO,-0.15221802517769023,-0.2820981218500993,-0.10921109320167076,0.5904602439537081
1470.75,0.12880022303641883,0.8711997769637998,-2.1860291354869332e-13,0.8711997769637998,0.12880022303641883,1,lossless_ITO,-0.20453709662534197,-0.13619782573858374,-0.2484049942855757,0.6971447351566531
1471.0,0.10970586698839815,0.8902941330117136,-1.1168843627729075e-13,0.8902941330117136,0.10970586698839815,1,lossless_ITO,-0.18647997270150202,-0.12899327844419362,-0.2359275420194437,0.7150512702705908
1471.25,0.10438285786865344,0.8956171421311124,2.341460358934455e-13,0.8956171421311124,0.10438285786865344,1,lossless_ITO,-0.1722287139919687,-0.13324805297020703,-0.22085943421048343,0.7213064356944057
1471.5,0.10653917968408017,0.8934608203162423,-3.22519788653608e-13,0.8934608203162423,0.10653917968408017,1,lossless_ITO,-0.15823270222145158,-0.1472783237338044,-0.20108198446402198,0.7214071184322237
1471.75,0.12278572388507974,0.8772142761147719,1.4832579608992091e-13,0.8772142761147719,0.12278572388507974,1,lossless_ITO,-0.14587872719791906,-0.18124752654645013,-0.17129061854503777,0.7099114525526593
1472.0,0.19466632138088552,0.8053336786191211,-6.5503158452884236e-15,0.8053336786191211,0.19466632138088552,1,lossless_ITO,-0.16692367645640005,-0.2723415523742058,-0.12689067782068697,0.6503088031022574
1472.25,0.3468688150449568,0.6531311849547196,3.2363001167823313e-13,0.6531311849547196,0.3468688150449568,1,lossless_ITO,-0.44686345738275457,-0.2545477040004507,-0.27537816373176727,0.5021617212240641
1472.5,0.13282982977437174,0.8671701702256952,-6.694644838489694e-14,0.8671701702256952,0.13282982977437174,1,lossless_ITO,-0.33784787146889883,-0.009723803796251151,-0.3510758973939532,0.6860351072568925
1472.75,0.0791840229352347,0.9208159770648895,-1.2423395645555502e-13,0.9208159770648895,0.0791840229352347,1,lossless_ITO,-0.24460281448990046,-0.003508825585151698,-0.30186485101360166,0.738702437446815
1473.0,0.06432646636582025,0.9356735336340285,1.5121237595394632e-13,0.9356735336340285,0.06432646636582025,1,lossless_ITO,-0.20119491998776373,-0.01040170086383807,-0.2699022728705452,0.7559702972684987
1473.25,0.06413737539606595,0.9358626246041155,-1.8141044222375058e-13,0.9358626246041155,0.06413737539606595,1,lossless_ITO,-0.15665087701592273,-0.01084373303701025,-0.2331698654523598,0.7675911329511238
1473.5,0.051284545107720014,0.9487154548921649,1.1513012765362873e-13,0.9487154548921649,0.051284545107720014,1,lossless_ITO,-0.17486508001704293,-0.029013387232738386,-0.2479414848992902,0.7638042155440775
1473.75,0.04691394422563862,0.9530860557740125,3.488320743372242e-13,0.9530860557740125,0.04691394422563862,1,lossless_ITO,-0.15288365151996947,-0.02667993110042388,-0.22873488273244078,0.7718247765632699
1474.0,0.04350393822884796,0.9564960617710542,9.781064846947629e-14,0.9564960617710542,0.04350393822884796,1,lossless_ITO,-0.13683993317813636,-0.026679405566423453,-0.21455305522175075,0.7769361312341365
1474.25,0.040396239284799317,0.9596037607149559,2.44804176929847e-13,0.9596037607149559,0.040396239284799317,1,lossless_ITO,-0.12219531749948598,-0.026638817764012057,-0.20156972593019173,0.7813510392050206
1474.5,0.03750996758058155,0.9624900324193348,8.359979375427429e-14,0.9624900324193348,0.03750996758058155,1,lossless_ITO,-0.10789256559053528,-0.026437175100266164,-0.18890004084891998,0.785426483779824
1474.75,0.034833519099976167,0.9651664808999784,4.551914400963142e-14,0.9651664808999784,0.034833519099976167,1,lossless_ITO,-0.09341798453696532,-0.0261478128757634,-0.17610667900880278,0.7892763048214105
1475.0,0.032389807751446245,0.967610192248563,-9.325873406851315e-15,0.967610192248563,0.032389807751446245,1,lossless_ITO,-0.07842360956555061,-0.025875796746676255,-0.162887268422489,0.7929355674420863
1475.25,0.030230204726798708,0.9697697952727669,4.3443026953582375e-13,0.9697697952727669,0.030230204726798708,1,lossless_ITO,-0.06261707250370724,-0.025738717278916606,-0.1489836956134847,0.7963981200055278
1475.5,0.028437671567134587,0.9715623284327961,6.927791673660977e-14,0.9715623284327961,0.028437671567134587,1,lossless_ITO,-0.04571164455252308,-0.02587228101192518,-0.13414017205910395,0.7996254766263299
1475.75,0.02713686025032283,0.9728631397495392,1.3800072196090696e-13,0.9728631397495392,0.02713686025032283,1,lossless_ITO,-0.027393461542508324,-0.026444489337748955,-0.11807465574687497,0.8025439799224836
1476.0,0.026513008885728162,0.9734869911141358,1.3600232051658168e-13,0.9734869911141358,0.026513008885728162,1,lossless_ITO,-0.007291378648522695,-0.027678077384333255,-0.10045150783938826,0.8050328670300214
1476.25,0.026845030148656697,0.973154969851792,-4.4864112425102576e-13,0.973154969851792,0.026845030148656697,1,lossless_ITO,0.015058875898297575,-0.02988650725807407,-0.08084795769620134,0.8069003910332221
1476.5,0.0285644184106015,0.9714355815891386,2.5990321006474915e-13,0.9714355815891386,0.0285644184106015,1,lossless_ITO,0.04026469318124892,-0.03353541057100817,-0.058706204659788624,0.8078394034011833
1476.75,0.03236523038723931,0.9676347696125868,1.7397194795876203e-13,0.9676347696125868,0.03236523038723931,1,lossless_ITO,0.06915326129247723,-0.03935507884132092,-0.03325829586068787,0.8073426311967887
1477.0,0.039424028396077254,0.9605759716037757,1.4699352846037073e-13,0.9605759716037757,0.039424028396077254,1,lossless_ITO,0.10289698690204752,-0.04856323054323375,-0.003399707173651394,0.804530703495552
1477.25,0.05188215464904284,0.9481178453511132,-1.56097357262297e-13,0.9481178453511132,0.05188215464904284,1,lossless_ITO,0.14322780469884133,-0.06335084337213553,0.03253628186305285,0.7977698883075189
1477.5,0.07404230352968075,0.9259576964695362,7.830402992681229e-13,0.9259576964695362,0.07404230352968075,1,lossless_ITO,0.1928018442088818,-0.08808334557665831,0.07719717992430147,0.7837096380594349
1477.75,0.11588554717637727,0.8841144528253474,-1.7246204464527182e-12,0.8841144528253474,0.11588554717637727,1,lossless_ITO,0.2556601985008291,-0.13282160146376676,0.1349281310023037,0.7544022213964661
1478.0,0.2061226336686449,0.7938773663320957,-7.406297797274419e-13,0.7938773663320957,0.2061226336686449,1,lossless_ITO,0.3355532267405028,-0.22635086475087457,0.21160319333975666,0.6863266287527195
1478.25,0.4526749917232576,0.5473250082787103,-1.96787031114809e-12,0.5473250082787103,0.4526749917232576,1,lossless_ITO,0.3908118765407331,-0.4762154689994592,0.28274764245415185,0.48633638756461633
1478.5,0.70758988307643,0.2924101169237811,-2.1110890813247352e-13,0.2924101169237811,0.70758988307643,1,lossless_ITO,-0.22347254201230138,-0.7288213018231929,-0.20122126356730502,0.22209764651499694
1478.75,0.04257294689345312,0.9574270531082409,-1.6940893132755264e-12,0.9574270531082409,0.04257294689345312,1,lossless_ITO,-0.10430467389113951,-0.0689378153474397,-0.15977591576448583,0.7838590339057436
1479.0,0.06738404664866951,0.9326159533508688,4.617417559416026e-13,0.9326159533508688,0.06738404664866951,1,lossless_ITO,0.2190102634906851,-0.10007686848624492,0.11714936043519251,0.7904014496080435
1479.25,0.2593601253850033,0.740639874616004,-1.0073053502424045e-12,0.740639874616004,0.2593601253850033,1,lossless_ITO,0.4042483598792541,-0.2948635408551854,0.29725999313556944,0.6463868693987205
1479.5,0.5884674169124443,0.41153258308555435,2.0013435353405384e-12,0.41153258308555435,0.5884674169124443,1,lossless_ITO,0.43578288048220726,-0.6178010995569937,0.36354661586632425,0.3760575347327992
1479.75,0.9146412979335417,0.08535870206736174,-9.033884751374899e-13,0.08535870206736174,0.9146412979335417,1,lossless_ITO,0.17369311620148853,-0.9229718770182904,0.17885034201042152,0.08495276705377572
1480.0,0.9218671553723067,0.07813284462935137,-1.6580486983386322e-12,0.07813284462935137,0.9218671553723067,1,lossless_ITO,-0.22707327638985858,-0.9089458764359725,-0.1629553827383167,0.04786871392852044
1480.25,0.7012105850093849,0.29878941499198364,-1.3685719224554305e-12,0.29878941499198364,0.7012105850093849,1,lossless_ITO,-0.4367780022645053,-0.6824772038719582,-0.3688575049243897,0.2151056079456992
1480.5,0.4892315034929007,0.5107684965073163,-2.169375790117556e-13,0.5107684965073163,0.4892315034929007,1,lossless_ITO,-0.4732281276372464,-0.4741745399516297,-0.42535717855013333,0.3887507477835122
1480.75,0.33955447134013594,0.6604455286597399,1.241229341530925e-13,0.6604455286597399,0.33955447134013594,1,lossless_ITO,-0.4408969667118292,-0.3309773718152318,-0.4153069547663821,0.5160617756981187
1481.0,0.23735079555850927,0.7626492044416724,-1.816324868286756e-13,0.7626492044416724,0.23735079555850927,1,lossless_ITO,-0.3880580481611791,-0.23593741204560018,-0.3817864649236135,0.605597376470649
1481.25,0.16444066262312604,0.8355593373772406,-3.667066650336892e-13,0.8355593373772406,0.16444066262312604,1,lossless_ITO,-0.3293843776935034,-0.17083449361516986,-0.33948726023225867,0.6713747646718805
1481.5,0.10826087763325339,0.8917391223670448,-2.9820590441431705e-13,0.8917391223670448,0.10826087763325339,1,lossless_ITO,-0.26562850715503633,-0.12421450678953672,-0.2903357957590131,0.723938013635626
1481.75,0.06045438029110911,0.9395456197085683,3.226308109560705e-13,0.9395456197085683,0.06045438029110911,1,lossless_ITO,-0.185874160566876,-0.09113468119898727,-0.2248906112013995,0.7716429142099452
1482.0,0.03273426608763421,0.9672657339108839,1.481925693269659e-12,0.9672657339108839,0.03273426608763421,1,lossless_ITO,-0.03479637612040298,-0.09725321590324165,-0.08424491395253883,0.8122911263090924
1482.25,0.606975707053455,0.3930242929429334,3.6115554991056342e-12,0.3930242929429334,0.606975707053455,1,lossless_ITO,-0.24547219111437685,-0.559496996947083,-0.09211261010220075,0.32086706174206914
1482.5,0.1836510334684972,0.8163489665226514,8.851364086126523e-12,0.8163489665226514,0.1836510334684972,1,lossless_ITO,-0.3078864192661781,-0.14329179026644337,-0.29568123172043514,0.652479898416809
1482.75,0.09108244545375496,0.9089175545463094,-6.439293542825908e-14,0.9089175545463094,0.09108244545375496,1,lossless_ITO,-0.21937987967289652,-0.07319337192539471,-0.23898790808893117,0.7368931272825175
1483.0,0.047320035609668326,0.9526799643905006,-1.6897594434794883e-13,0.9526799643905006,0.047320035609668326,1,lossless_ITO,-0.15677894203587778,-0.039182576809744796,-0.19019837485715504,0.778248273695436
1483.25,0.01219813189669076,0.9878018681034831,-1.7386092565629951e-13,0.9878018681034831,0.01219813189669076,1,lossless_ITO,-0.09058621748988982,-0.005602955863639847,-0.13523621302563477,0.8121238005134694
1483.5,0.04294131804196195,0.957058681958388,-3.4994229736184934e-13,0.957058681958388,0.04294131804196195,1,lossless_ITO,0.04415431678920623,-0.019389773616718065,-0.034295697154828095,0.8013189492117799
1483.75,0.10383197635337733,0.896168023646806,-1.8340884366807586e-13,0.896168023646806,0.10383197635337733,1,lossless_ITO,0.027043660840231465,-0.10556649127287493,-0.04843672544731238,0.7534611933933792
1484.0,0.08002074290853267,0.9199792570915086,-4.1300296516055823e-14,0.9199792570915086,0.08002074290853267,1,lossless_ITO,0.038024654354636644,-0.09252398788297062,-0.029143735833403576,0.7720796637356111
1484.25,0.07129909091470661,0.9287009090855408,-2.474687121889474e-13,0.9287009090855408,0.07129909091470661,1,lossless_ITO,0.07395451467396885,-0.08612049861340887,0.011094903958258125,0.7807084736373041
1484.5,0.07223432511934731,0.9277656748807065,-5.384581669432009e-14,0.9277656748807065,0.07223432511934731,1,lossless_ITO,0.11768054554510321,-0.07902246342937119,0.06683450356735278,0.7809856477949038
1484.75,0.34862918613884913,0.6513708138571417,4.009237386526365e-12,0.6513708138571417,0.34862918613884913,1,lossless_ITO,0.3813898341426142,-0.3554069581461207,-0.09256265752104322,0.6050952369344889
1485.0,0.12852878573232845,0.8714712142667745,8.96949181594664e-13,0.8714712142667745,0.12852878573232845,1,lossless_ITO,0.19343490151014842,-0.2667861668616214,0.011667693924932996,0.7564011612077318
1485.25,0.14632600861336992,0.8536739913865455,8.448797217397441e-14,0.8536739913865455,0.14632600861336992,1,lossless_ITO,0.2574177524158645,-0.2307471777435397,0.15104696275391732,0.739202140968675
1485.5,0.19623319567488168,0.8037668043252932,-1.7497114868092467e-13,0.8037668043252932,0.19623319567488168,1,lossless_ITO,0.31602266777249377,-0.27836548465446975,0.2245930267068004,0.7008669918952254
1485.75,0.28509982263579564,0.7149001773634692,7.350786646043161e-13,0.7149001773634692,0.28509982263579564,1,lossless_ITO,0.37949392026760054,-0.37063784944712735,0.3078397261894836,0.6310255472914251
1486.0,0.4605088839505337,0.5394911160490785,3.878009025015672e-13,0.5394911160490785,0.4605088839505337,1,lossless_ITO,0.31757342482203543,-0.5069277236057811,0.2798303217590324,0.4830154139129207
1486.25,0.49677707326208176,0.5032229267380366,-1.1834977442504169e-13,0.5032229267380366,0.49677707326208176,1,lossless_ITO,0.3402688521463041,-0.5564815219146603,0.3031094423905678,0.4558336101818841
1486.5,0.6268529459119241,0.3731470540885518,-4.758970995055734e-13,0.3731470540885518,0.6268529459119241,1,lossless_ITO,0.3246821457031191,-0.6859307818174419,0.31829734062687537,0.3473988885513819
1486.75,0.7784443583190439,0.2215556416786087,2.3474000521161997e-12,0.2215556416786087,0.7784443583190439,1,lossless_ITO,0.2431081887758676,-0.8254971357070089,0.2803842043702378,0.21642191234149744
1487.0,0.9118538147454766,0.08814618525407064,4.528044605933701e-13,0.08814618525407064,0.9118538147454766,1,lossless_ITO,0.09023558407397003,-0.9364991056987155,0.17797485330802545,0.09517010470421822
1487.25,0.9798198970251493,0.020180102976773036,-1.922302594881131e-12,0.020180102976773036,0.9798198970251493,1,lossless_ITO,-0.1163546010994872,-0.9744593256486928,0.017584132688280046,0.023833221049206165
1487.5,0.9484846991243501,0.05151530087219548,3.4544450633333668e-12,0.05151530087219548,0.9484846991243501,1,lossless_ITO,-0.32817545180106544,-0.9120766724063822,-0.16564889168154173,0.03384700271240797
1487.75,0.822098803556885,0.17790119644434274,-1.227767887357345e-12,0.17790119644434274,0.822098803556885,1,lossless_ITO,-0.4889608662551369,-0.7609392482763514,-0.32305300317119356,0.125817092509229
1488.0,0.6367217496476697,0.36327825035119127,1.1390333121141794e-12,0.36327825035119127,0.6367217496476697,1,lossless_ITO,-0.5658166652729772,-0.5611018960860071,-0.42010133091626145,0.2723896442981974
1488.25,0.43303117357116305,0.5669688264279794,8.575362642204709e-13,0.5669688264279794,0.43303117357116305,1,lossless_ITO,-0.5540387282553105,-0.3533037647700757,-0.44558294231948115,0.44027273568309083
1488.5,0.24103139989746483,0.758968600102924,-3.888001032237298e-13,0.758968600102924,0.24103139989746483,1,lossless_ITO,-0.46040037331525785,-0.16591756013731007,-0.40038267989624865,0.6040322302996425
1488.75,0.08533594026348333,0.9146640597365917,-7.505107646466058e-14,0.9146640597365917,0.08533594026348333,1,lossless_ITO,-0.2881649921612095,-0.022281847289476686,-0.2841884370283096,0.7427933337644761
1489.0,0.004364231701217725,0.9956357682870665,1.171585051196189e-11,0.9956357682870665,0.004364231701217725,1,lossless_ITO,-0.03659604318010656,0.03948628966321044,-0.09238047952790994,0.8244390526082048
1489.25,0.0756245062965924,0.924375493704001,-5.933031843596837e-13,0.924375493704001,0.0756245062965924,1,lossless_ITO,0.2681993616859317,-0.057156090356637795,0.16165650690121444,0.7828192398132202
1489.5,0.3912415057679964,0.6087584942304791,1.524558257415265e-12,0.6087584942304791,0.3912415057679964,1,lossless_ITO,0.4829437895808456,-0.3965378461705209,0.3691782588963162,0.5327500894476442
1489.75,0.8376822033130387,0.16231779668611332,8.480161017843102e-13,0.16231779668611332,0.8376822033130387,1,lossless_ITO,0.3296560342663484,-0.846779835600961,0.2861953595093058,0.15180501103656577
1490.0,0.8587961154739963,0.14120388452951055,-3.5068059567322507e-12,0.14120388452951055,0.8587961154739963,1,lossless_ITO,-0.2292917510775896,-0.851646798240252,-0.1850616500707567,0.09865146018322152
1490.25,0.5316280459826738,0.4683719540189153,-1.5890622151459866e-12,0.4683719540189153,0.5316280459826738,1,lossless_ITO,0.28201188501534136,-0.573080991856288,0.23185230442194335,0.41268838622026505
1490.5,0.9730879197825633,0.026912080215295557,2.141183064185981e-12,0.026912080215295557,0.9730879197825633,1,lossless_ITO,-0.058643808640708506,-0.9753283747855968,0.0013274146351065653,0.0269571805106554
1490.75,0.9183239796756885,0.08167602031227389,1.2037648655649491e-11,0.08167602031227389,0.9183239796756885,1,lossless_ITO,-0.31265368478702893,-0.9026171262846565,-0.2186608927999182,0.05695635011859842
1491.0,0.8031001530317782,0.19689984696762586,5.95967719618784e-13,0.19689984696762586,0.8031001530317782,1,lossless_ITO,-0.4363103988384196,-0.7802848831313716,-0.33565907341569284,0.14551362569854306
1491.25,0.6871713404192729,0.3128286595806261,1.0103029524088925e-13,0.3128286595806261,0.6871713404192729,1,lossless_ITO,-0.4945252280745498,-0.6623888196098062,-0.39745837772505765,0.2388296587849074
1491.5,0.5795959699218701,0.42040403007740146,7.284173264565652e-13,0.42040403007740146,0.5795959699218701,1,lossless_ITO,-0.5159938593618927,-0.5558558800467387,-0.42705679688198717,0.32755651290989585
1491.75,0.47926605772076486,0.5207339422794819,-2.466915560717098e-13,0.5207339422794819,0.47926605772076486,1,lossless_ITO,-0.5133818275550763,-0.45869468334476476,-0.43501852840270555,0.4118113100738229
1492.0,0.3823536235806516,0.6176463764151676,4.180766843830952e-12,0.6176463764151676,0.3823536235806516,1,lossless_ITO,-0.49064054483967645,-0.36679424677589545,-0.42471704957808376,0.494488447126431
1492.25,0.284098821646842,0.7159011783504399,2.7180480088873082e-12,0.7159011783504399,0.284098821646842,1,lossless_ITO,-0.4440347385846881,-0.27548244609227235,-0.3928022100620683,0.5796164241190943
1492.5,0.18122837336318184,0.8187716266408354,-4.0172309923036664e-12,0.8187716266408354,0.18122837336318184,1,lossless_ITO,-0.3562779043413373,-0.18173707601038053,-0.3235860185720737,0.6703330632389469
1492.75,0.0941200727368662,0.905879927280402,-1.726818688041476e-11,0.905879927280402,0.0941200727368662,1,lossless_ITO,-0.17214255652499033,-0.10500323975457737,-0.1662250624882601,0.7499214374496032
1493.0,0.28328625393698026,0.7167137460621749,8.448797217397441e-13,0.7167137460621749,0.28328625393698026,1,lossless_ITO,0.18489164301632655,-0.29345319594980135,0.15080302834251152,0.5907169625744155
1493.25,0.7024060769841116,0.29759392299479304,2.10953476909026e-11,0.29759392299479304,0.7024060769841116,1,lossless_ITO,-0.18536209258477654,-0.7287607775491902,-0.21070556401361865,0.21392241054525007
1493.5,0.24126842743131333,0.7587315744081308,-1.839444041529248e-09,0.7587315744081308,0.24126842743131333,1,lossless_ITO,-0.3057968519355298,-0.36140856254550097,-0.33278429368510726,0.6253688752817601
1493.75,0.18002916788155882,0.8199708319448046,1.7363654958302277e-10,0.8199708319448046,0.18002916788155882,1,lossless_ITO,0.11864328267049729,-0.38414967581295323,0.17643825527795665,0.7173761450674513
1494.0,0.8786123254901185,0.1213876745294369,-1.9555371211232853e-11,0.1213876745294369,0.8786123254901185,1,lossless_ITO,-0.08335218830220409,-0.8950163919085758,0.14419085772760418,0.09758546908539933
1494.25,0.8643247534730237,0.13567524652815316,-1.1768919172538972e-12,0.13567524652815316,0.8643247534730237,1,lossless_ITO,-0.41803117440775006,-0.800155338618344,-0.22768351302204404,0.08274409052468615
1494.5,0.707040183013798,0.29295981699094675,-4.7447601403405315e-12,0.29295981699094675,0.707040183013798,1,lossless_ITO,-0.5183396596984964,-0.6418313421300639,-0.37637965815747365,0.21325249294530269
1494.75,0.5576591114355267,0.4423408885656672,-1.1939338406818933e-12,0.4423408885656672,0.5576591114355267,1,lossless_ITO,-0.5293375858319905,-0.5069242318434916,-0.4226424647171309,0.3564917231261576
1495.0,0.5013459755081233,0.49865402449021656,1.6601164887219966e-12,0.49865402449021656,0.5013459755081233,1,lossless_ITO,-0.44283007452385004,-0.43969618971882685,-0.31716015021044586,0.45641365881803203
1495.25,0.5601800965660356,0.43981990343307825,8.861245071045687e-13,0.43981990343307825,0.5601800965660356,1,lossless_ITO,-0.4509428033910225,-0.4739035612590373,-0.30435829423290184,0.3799020367129081
1495.5,0.5211858537503034,0.47881414624916596,5.306866057708248e-13,0.47881414624916596,0.5211858537503034,1,lossless_ITO,-0.4778933275374587,-0.4416784839198311,-0.3502833379356127,0.3908146048447669
1495.75,0.4751403483633745,0.5248596516361101,5.153655280309977e-13,0.5248596516361101,0.4751403483633745,1,lossless_ITO,-0.48320551579083293,-0.4034968572244175,-0.37111797043390576,0.4220730651179013
1496.0,0.4348478085147296,0.5651521914863838,-1.1134426713965695e-12,0.5651521914863838,0.4348478085147296,1,lossless_ITO,-0.47911603516017,-0.36966919328699877,-0.37865776308738625,0.453213701071841
1496.25,0.39953844298427466,0.600461557014506,1.2193579479458094e-12,0.600461557014506,0.39953844298427466,1,lossless_ITO,-0.4700204298394725,-0.3398914897891047,-0.3788950021971373,0.4820625591550418
1496.5,0.36754271246670106,0.6324572875322174,1.0815792705898275e-12,0.6324572875322174,0.36754271246670106,1,lossless_ITO,-0.45685950665724284,-0.3130212448514932,-0.37378699777238017,0.5091513174163783
1496.75,0.3372684316367576,0.6627315683630887,1.5376588891058418e-13,0.6627315683630887,0.3372684316367576,1,lossless_ITO,-0.4382254073217554,-0.2881144635830374,-0.36268155874932106,0.5356745007104939
1497.0,0.3076053402214045,0.6923946597787279,-1.3244960683778118e-13,0.6923946597787279,0.3076053402214045,1,lossless_ITO,-0.4076648475075513,-0.2655793651096866,-0.33988523523150543,0.563270802020729
1497.25,0.2951489957117988,0.7048510042873775,8.237854842718662e-13,0.7048510042873775,0.2951489957117988,1,lossless_ITO,-0.3337788354447298,-0.268372838672727,-0.27066319369190917,0.5841698798828385
1497.5,0.4066203287235973,0.5933796712737184,2.6842972289387035e-12,0.5933796712737184,0.4066203287235973,1,lossless_ITO,-0.5714674005743583,-0.25006849616577725,-0.4070679197992219,0.48657250785136175
1497.75,0.4204466263439568,0.5795533736537657,2.277511512716046e-12,0.5795533736537657,0.4204466263439568,1,lossless_ITO,-0.5105770119858491,-0.38983986272348153,-0.4344027293106257,0.45887740545065997
1498.0,0.3051102823544063,0.6948897176445716,1.0220713164699191e-12,0.6948897176445716,0.3051102823544063,1,lossless_ITO,-0.46929446000448394,-0.26214128100497885,-0.39987411094013714,0.559256608603044
1498.25,0.25585604970874426,0.7441439502922342,-9.78550573904613e-13,0.7441439502922342,0.25585604970874426,1,lossless_ITO,-0.43485167760339566,-0.21255977228100048,-0.3733044326902421,0.6026645260911107
1498.5,0.19887449657928807,0.8011255034212242,-5.123679258645097e-13,0.8011255034212242,0.19887449657928807,1,lossless_ITO,-0.3828013550931523,-0.15100515194857606,-0.33179760323939417,0.6531020104947618
1498.75,0.8826924002908865,0.11730759964839714,6.071639024884945e-11,0.11730759964839714,0.8826924002908865,1,lossless_ITO,0.23948129392020512,-0.8444592552763118,0.08900356980981945,0.0992411967085929
1499.0,0.29580736489987347,0.7041926350998418,2.8477220581635265e-13,0.7041926350998418,0.29580736489987347,1,lossless_ITO,-0.4516088237293463,-0.28764385944938153,-0.39392505899792585,0.5707756356725695
1499.25,0.23762410160593644,0.7623758983957034,-1.6397994073713562e-12,0.7623758983957034,0.23762410160593644,1,lossless_ITO,-0.4145123761191785,-0.22917745816559554,-0.36191925656570784,0.622107594003111
1499.5,0.20301207521602738,0.7969879247836483,3.2429614549300823e-13,0.7969879247836483,0.20301207521602738,1,lossless_ITO,-0.38299864768664665,-0.20224452576326765,-0.3344418377167417,0.6539964407155562
1499.75,0.17145418082803104,0.8285458191712748,6.942224572981104e-13,0.8285458191712748,0.17145418082803104,1,lossless_ITO,-0.3404648523673348,-0.1891043508078613,-0.2934409414758767,0.6856206645916639
1500.0,0.18085073777680577,0.8191492622243862,-1.1920464615400306e-12,0.8191492622243862,0.18085073777680577,1,lossless_ITO,-0.24971830920210775,-0.250777480741279,-0.16192099161502996,0.6987649653911493
1500.25,0.34783742850405425,0.6521625714965729,-6.270539643082884e-13,0.6521625714965729,0.34783742850405425,1,lossless_ITO,-0.5161401499214935,-0.18534937430729537,-0.3704101166199598,0.531173197811962
1500.5,0.1566452600670737,0.8433547399325417,3.8458125573015423e-13,0.8433547399325417,0.1566452600670737,1,lossless_ITO,-0.35802325294736814,-0.0623759706103951,-0.3019406631546413,0.6915043147874778
1500.75,0.3078952437405198,0.6921047562573579,2.1223023338734492e-12,0.6921047562573579,0.3078952437405198,1,lossless_ITO,-0.03559115188042705,-0.2035621247663883,-0.06354631565399818,0.5732208112546999
1501.0,0.28486911961769995,0.7151308803823646,-6.461498003318411e-14,0.7151308803823646,0.28486911961769995,1,lossless_ITO,-0.37067871848019485,-0.2542428613614718,-0.3451081263452659,0.5825732346501008
1501.25,0.15503843126375844,0.8449615687361409,1.0058620603103918e-13,0.8449615687361409,0.15503843126375844,1,lossless_ITO,-0.32354020344601053,-0.12891207332221005,-0.2988107621420016,0.6980741644553187
1501.5,0.11485855107477663,0.8851414489234053,1.8181012251261564e-12,0.8851414489234053,0.11485855107477663,1,lossless_ITO,0.07527299770912044,-0.0879397228380008,0.04329283957127498,0.7426035846065288
1501.75,0.3279923079622111,0.6720076920390501,-1.2612133559741778e-12,0.6720076920390501,0.3279923079622111,1,lossless_ITO,-0.3795987954486731,-0.3488986669829011,-0.3463352047305656,0.5338543586195781
1502.0,0.1868750190004724,0.8131249809990073,5.202505093393484e-13,0.8131249809990073,0.1868750190004724,1,lossless_ITO,-0.32639056968020513,-0.23160167616539706,-0.29936764226906165,0.6655702528633228
1502.25,0.09710182081611898,0.9028981791864549,-2.5738300379885004e-12,0.9028981791864549,0.09710182081611898,1,lossless_ITO,-0.11262731277787286,-0.2896326238500552,-0.03398485337666828,0.773053991985487
1502.5,0.37857275106746247,0.6214272489324504,8.715250743307479e-14,0.6214272489324504,0.37857275106746247,1,lossless_ITO,-0.5134668450271915,-0.2285080415864874,-0.4048739042698178,0.4881532883017879
1502.75,0.23129445267765913,0.7687055473205473,1.7935652962819404e-12,0.7687055473205473,0.23129445267765913,1,lossless_ITO,-0.4111251772621567,-0.15555367278121204,-0.3582106099592618,0.619448938833078
1503.0,0.17870517174938313,0.8212948282506477,-3.086420008457935e-14,0.8212948282506477,0.17870517174938313,1,lossless_ITO,-0.36500930063007375,-0.12501427861108816,-0.32645291254010783,0.6670400173992371
1503.25,0.13994312042762683,0.8600568795731058,-7.326361739501408e-13,0.8600568795731058,0.13994312042762683,1,lossless_ITO,-0.3256628228508247,-0.09769238012838813,-0.2966295153637279,0.7018987461073124
1503.5,0.1010512722360405,0.898948727764778,-8.184564137536654e-13,0.898948727764778,0.1010512722360405,1,lossless_ITO,-0.2783900691767068,-0.06660075982197391,-0.25935075584843337,0.7366021736140606
1503.75,0.05418102447947175,0.9458189755207639,-2.355893258254582e-13,0.9458189755207639,0.05418102447947175,1,lossless_ITO,-0.2020650651640683,-0.026294214888636258,-0.1978404681901867,0.7783732185779361
1504.0,0.004477298194234764,0.9955227018152407,-9.475531470570786e-12,0.9955227018152407,0.004477298194234764,1,lossless_ITO,-0.02284769203514536,0.015799233534132623,-0.05056664580427134,0.8245032221402965
1504.25,0.40081230563009373,0.5991876943802862,-1.0379919146430439e-11,0.5991876943802862,0.40081230563009373,1,lossless_ITO,0.4585388174476942,-0.39713164723233685,0.3647683569796552,0.5022295954432047
1504.5,0.7189735578210907,0.28102644217870143,2.078337502098293e-13,0.28102644217870143,0.7189735578210907,1,lossless_ITO,-0.36742176879960114,-0.706976205346614,-0.31226505271200605,0.21855461151115843
1504.75,0.4234494917691323,0.5765505082301645,7.032152637975742e-13,0.5765505082301645,0.4234494917691323,1,lossless_ITO,-0.4439772680762276,-0.41214737573362403,-0.38719831946009126,0.46560020557599396
1505.0,0.310430975782548,0.6895690242664676,-4.9015680403385886e-11,0.6895690242664676,0.310430975782548,1,lossless_ITO,-0.4163719168878544,-0.30411949210270267,-0.36892127619525883,0.5615075094023543
1505.25,0.24715584405002253,0.7528441559514061,-1.4286349880876514e-12,0.7528441559514061,0.24715584405002253,1,lossless_ITO,-0.3857267283280439,-0.24847837851561322,-0.3467878369278764,0.6157309565585898
1505.5,0.18581139714963052,0.8141886028501976,1.7197354651443675e-13,0.8141886028501976,0.18581139714963052,1,lossless_ITO,-0.34903762369444763,-0.20423873068266923,-0.3201883746762689,0.6691899095226188
1505.75,0.2805179223274525,0.7194820776717232,8.242295734817162e-13,0.7194820776717232,0.2805179223274525,1,lossless_ITO,-0.3031110938733548,-0.264939575981022,-0.2470338264547744,0.5931311674105504
1506.0,0.22099410458005525,0.7790058954196855,2.5934809855243657e-13,0.7790058954196855,0.22099410458005525,1,lossless_ITO,-0.2678390966706377,-0.23942558834095884,-0.2419492827234059,0.6410687629086382
1506.25,0.36871031747949334,0.6312896825235697,-3.0629943026383444e-12,0.6312896825235697,0.36871031747949334,1,lossless_ITO,-0.25860779863813754,-0.4085010776624294,-0.19321452789999968,0.5312362213427855
1506.5,0.29798562995975025,0.7020143700399714,2.7833291227352674e-13,0.7020143700399714,0.29798562995975025,1,lossless_ITO,-0.4540065282769313,-0.26991994710920764,-0.3576494495369161,0.5885168991238214
1506.75,0.21405243552965747,0.7859475644702845,5.806466418789569e-14,0.7859475644702845,0.21405243552965747,1,lossless_ITO,-0.40317690299331876,-0.1966010721465961,-0.33285793026278726,0.6558872892654558
1507.0,0.18817399134978846,0.8118260086511955,-9.838796444228137e-13,0.8118260086511955,0.18817399134978846,1,lossless_ITO,-0.3700187182976703,-0.17519027253090513,-0.3058647338166461,0.6797143579973045
1507.25,0.1753916524702199,0.8246083475300355,-2.554623179662485e-13,0.8246083475300355,0.1753916524702199,1,lossless_ITO,-0.3492284251270308,-0.16309805906187602,-0.29311493774106817,0.6882552726384252
1507.5,0.14806063791061944,0.8519393620895049,-1.2434497875801753e-13,0.8519393620895049,0.14806063791061944,1,lossless_ITO,-0.32793637744921345,-0.15197224596611242,-0.28309306996919714,0.7083412356865282
1507.75,0.12310097243402301,0.8768990275666041,-6.271649866107509e-13,0.8768990275666041,0.12310097243402301,1,lossless_ITO,-0.3028575118900049,-0.14591279105777033,-0.2620840538522344,0.7306971689258734
1508.0,0.1005529538041468,0.8994470461964067,-5.534461777756405e-13,0.8994470461964067,0.1005529538041468,1,lossless_ITO,-0.2670048646845491,-0.1503765439411633,-0.2203715492040887,0.755904408370367
1508.25,0.208814632286096,0.7911853673460832,3.6782077383890055e-10,0.7911853673460832,0.208814632286096,1,lossless_ITO,-0.231573792284411,-0.2450094977617947,-0.0811815344530924,0.7032660363886292
1508.5,0.23456768527961958,0.7654323147188975,1.4829248939918216e-12,0.7654323147188975,0.23456768527961958,1,lossless_ITO,-0.3450203389241695,-0.15594342864730582,-0.2694221340541654,0.6436072204433364
1508.75,0.10534251695761314,0.8946574830423117,7.51620987671231e-14,0.8946574830423117,0.10534251695761314,1,lossless_ITO,-0.257945964763384,-0.12264999321802933,-0.22770543899824125,0.7478677193167582
1509.0,0.33891620788266663,0.6610837921194436,-2.110200902905035e-12,0.6610837921194436,0.33891620788266663,1,lossless_ITO,-0.16259304148526155,-0.3941784971539015,0.08282917658588128,0.59769148863919
1509.25,0.2816666413037505,0.7183333586944212,1.8283152769527078e-12,0.7183333586944212,0.2816666413037505,1,lossless_ITO,-0.3813357666068715,-0.1717856547522374,-0.28373922894818615,0.59612858615635
1509.5,0.19436642583648384,0.805633574163225,2.9110047705671604e-13,0.805633574163225,0.19436642583648384,1,lossless_ITO,-0.3298595152191595,-0.13071095817087236,-0.2714059465295124,0.6677942724009304
1509.75,0.15768227530703535,0.8423177246931082,-1.4355183708403274e-13,0.8423177246931082,0.15768227530703535,1,lossless_ITO,-0.2975466755583016,-0.1164040844121092,-0.25263493470891996,0.6992860226285488
1510.0,0.13204121982807637,0.8679587801719882,-6.461498003318411e-14,0.8679587801719882,0.13204121982807637,1,lossless_ITO,-0.2666589873595749,-0.10766455505803413,-0.2304419498627931,0.7220828847157811
1510.25,0.10698537839903391,0.8930146216011638,-1.9773072068574038e-13,0.8930146216011638,0.10698537839903391,1,lossless_ITO,-0.22367370741109882,-0.10237113499987469,-0.19598113800744904,0.7453799934144695
1510.5,0.07603909681426663,0.9239609031861012,-3.6781688805831436e-13,0.9239609031861012,0.07603909681426663,1,lossless_ITO,-0.11022456860450824,-0.120242736315153,-0.09364970240107331,0.7786688903385812
1510.75,0.35902944825469146,0.640970551740379,4.92961227394062e-12,0.640970551740379,0.35902944825469146,1,lossless_ITO,-0.5541351671448239,-0.2028103535520024,-0.41253801709761745,0.5168560756001079
1511.0,0.10206337081290963,0.8979366291868985,1.9184653865522705e-13,0.8979366291868985,0.10206337081290963,1,lossless_ITO,-0.2739233894311538,-0.05753088606708304,-0.24038006072843618,0.7439908521400702
1511.25,0.04395235274680748,0.9560476472562456,-3.0531133177191805e-12,0.9560476472562456,0.04395235274680748,1,lossless_ITO,0.1201841410669684,-0.08606102518235065,0.09590484709961598,0.8031150338793142
1511.5,0.32583213047101905,0.6741678695321376,-3.156586103614245e-12,0.6741678695321376,0.32583213047101905,1,lossless_ITO,-0.45209557705184644,-0.2673534665561197,-0.35512696174216796,0.549758339208042
1511.75,0.19970188535141542,0.8002981146485665,1.8096635301390052e-14,0.8002981146485665,0.19970188535141542,1,lossless_ITO,-0.3684496389777915,-0.15907847041630407,-0.3039547184011044,0.6601046305496975
1512.0,0.1636184036586087,0.836381596339748,1.6433521210501567e-12,0.836381596339748,0.1636184036586087,1,lossless_ITO,-0.33282747329271095,-0.13191394413769567,-0.278106690577243,0.6921412948276524
1512.25,0.14443443866419575,0.8555655613355864,2.1782575743145571e-13,0.8555655613355864,0.14443443866419575,1,lossless_ITO,-0.31091713738644283,-0.11859014783585696,-0.26084993548305646,0.7094182183606099
1512.5,0.1314831528117394,0.8685168471883082,-4.7628567756419216e-14,0.8685168471883082,0.1314831528117394,1,lossless_ITO,-0.2948300402769169,-0.10960629524065063,-0.2466836888179979,0.7213893304787543
1512.75,0.12256252016546006,0.8774374798379803,-3.440359108708435e-12,0.8774374798379803,0.12256252016546006,1,lossless_ITO,-0.28295773596552765,-0.09960207612267641,-0.23074323501455535,0.7308105397480645
1513.0,0.10474938716154213,0.8952506128402767,-1.818878381243394e-12,0.8952506128402767,0.10474938716154213,1,lossless_ITO,-0.2588994182439364,-0.11429342751911525,-0.23855411678708247,0.7411474256989415
1513.25,0.09493732964772779,0.9050626703524862,-2.1405099914773018e-13,0.9050626703524862,0.09493732964772779,1,lossless_ITO,-0.24745175526531527,-0.10365000532479449,-0.2148222430727271,0.7533172763716005
1513.5,0.08312502224506964,0.9168749768652155,8.89714857343904e-10,0.9168749768652155,0.08312502224506964,1,lossless_ITO,-0.1759037801466824,-0.16030710848720447,-0.08655374613427087,0.7837041411686786
1513.75,0.12210941128773718,0.8778905887122994,-3.6637359812630166e-14,0.8778905887122994,0.12210941128773718,1,lossless_ITO,-0.2628066766912173,-0.09325335966151932,-0.22521406532187668,0.7282384805583562
1514.0,0.10700938341001429,0.892990616590098,-1.1235457009206584e-13,0.892990616590098,0.10700938341001429,1,lossless_ITO,-0.2437284937184217,-0.09429848346101705,-0.2086052956101757,0.7401948764314126
1514.25,0.09746416022051653,0.9025358397794712,1.2323475573339238e-14,0.9025358397794712,0.09746416022051653,1,lossless_ITO,-0.23331052516644796,-0.0892130121737367,-0.2003863644949859,0.7502376654322996
1514.5,0.09158296580470847,0.9084170341952862,5.329070518200751e-15,0.9084170341952862,0.09158296580470847,1,lossless_ITO,-0.2238311736124347,-0.08711904064855303,-0.19212808222960115,0.7556608761263218
1514.75,0.08683681171963833,0.9131631882804735,-1.1179945857975326e-13,0.9131631882804735,0.08683681171963833,1,lossless_ITO,-0.21496789685589962,-0.08549598494026703,-0.18446853584120118,0.7598988073375822
1515.0,0.08278198730181907,0.9172180126981455,3.5416114485542494e-14,0.9172180126981455,0.08278198730181907,1,lossless_ITO,-0.20646532963695885,-0.08433370743388152,-0.1774496613946829,0.763297847424372
1515.25,0.07895586961822793,0.9210441303817359,3.608224830031759e-14,0.9210441303817359,0.07895586961822793,1,lossless_ITO,-0.19865673154293711,-0.08397014042229234,-0.17219093891608603,0.7658615898979559
1515.5,0.06589723660790611,0.9341027633920982,-4.3298697960381105e-15,0.9341027633920982,0.06589723660790611,1,lossless_ITO,-0.19607426594656052,-0.08309327269959788,-0.17556467232401196,0.7740461581444907
1515.75,0.05399938539914444,0.9460006146006515,2.0405899192610377e-13,0.9460006146006515,0.05399938539914444,1,lossless_ITO,-0.18162401741846795,-0.07128841100789596,-0.14913507534496184,0.7908840681662427
1516.0,0.05942037227804815,0.9405796277220637,-1.1191048088221578e-13,0.9405796277220637,0.05942037227804815,1,lossless_ITO,-0.1678271973446075,-0.07203931311991532,-0.13579854801668173,0.7869208999148829
1516.25,0.059792599898672055,0.9402074001013193,8.659739592076221e-15,0.9402074001013193,0.059792599898672055,1,lossless_ITO,-0.1535713170029399,-0.07000619258365151,-0.12211882685032188,0.7868755099036642
1516.5,0.12388910367500101,0.8761108963249353,6.361577931102147e-14,0.8761108963249353,0.12388910367500101,1,lossless_ITO,-0.062122644043615005,-0.05226663264560283,-0.0544046558986548,0.7295730963337106
1516.75,0.04710476658028015,0.9528952334196653,5.4511950509095186e-14,0.9528952334196653,0.04710476658028015,1,lossless_ITO,-0.13428472673670117,-0.08395101229441504,-0.1104930337647327,0.7973870472421526
1517.0,0.04614858026744869,0.9538514197322567,2.9454216843305403e-13,0.9538514197322567,0.04614858026744869,1,lossless_ITO,-0.09342251917790229,-0.08679416923657116,-0.07075699974787444,0.800206657356849
1517.25,0.7759034451851268,0.22409655479869423,1.617900258210625e-11,0.22409655479869423,0.7759034451851268,1,lossless_ITO,-0.0975586661301926,-0.7575846388031396,0.08790765314855863,0.22841861327068033
1517.5,0.05413388074841379,0.9458661192527829,-1.1965983759409937e-12,0.9458661192527829,0.05413388074841379,1,lossless_ITO,-0.1954670478412085,-0.07146084868261551,-0.15529556465036223,0.7892282400774835
1517.75,0.04408162114649472,0.9559183788533343,1.709743457922741e-13,0.9559183788533343,0.04408162114649472,1,lossless_ITO,-0.15450298715862704,-0.07467737265262817,-0.1066656386694889,0.801967638192786
1518.0,0.052105944810594856,0.9478940551894315,-2.631228568361621e-14,0.9478940551894315,0.052105944810594856,1,lossless_ITO,-0.139224618604524,-0.0625830573285937,-0.11034131223528552,0.7902653111089971
1518.25,0.03795537767016324,0.9620446223297354,1.0136336214827679e-13,0.9620446223297354,0.03795537767016324,1,lossless_ITO,-0.12008845796561951,-0.06265166364723335,-0.09227331240227273,0.8026276851287389
1518.5,0.02984218657992921,0.9701578134200882,-1.7430501486614958e-14,0.9701578134200882,0.02984218657992921,1,lossless_ITO,-0.1043446373632359,-0.060743464704823086,-0.07595058985406912,0.8095295814273931
1518.75,0.028039306175188246,0.9719606938244713,3.405054016525355e-13,0.9719606938244713,0.028039306175188246,1,lossless_ITO,-0.08990260368132069,-0.0555305939876623,-0.06066910081356001,0.8105267894734546
1519.0,0.014565124503154753,0.9854348754969571,-1.1179945857975326e-13,0.9854348754969571,0.014565124503154753,1,lossless_ITO,-0.06890208893024186,-0.047074700286288546,-0.040323786910485784,0.8210253058066995
1519.25,0.0038075961696474375,0.9961924038299883,3.6426417437951386e-13,0.9961924038299883,0.0038075961696474375,1,lossless_ITO,-0.031893602019607836,-0.03264629671555186,-0.008750621537377047,0.8285845454385322
1519.5,0.03282040410709009,0.9671795958920717,8.382183835919932e-13,0.9671795958920717,0.03282040410709009,1,lossless_ITO,0.040656307722020335,-0.05653469615077261,0.035337858890079996,0.8077073126633448
1519.75,0.07110235837791627,0.9288976416221824,-9.85878045867139e-14,0.9288976416221824,0.07110235837791627,1,lossless_ITO,0.04886104497326649,-0.11743269869877837,0.03813365498226693,0.7821314696441529
1520.0,0.06930915278394442,0.930690847215923,1.325606291402437e-13,0.930690847215923,0.06930915278394442,1,lossless_ITO,0.05270118061861018,-0.13524193473614926,0.05291018042666019,0.7844584705129186
1521.0,0.14896083051570072,0.8510391694843319,-3.26405569239796e-14,0.8510391694843319,0.14896083051570072,1,lossless_ITO,0.0717010605959928,-0.16049575868718205,0.07055343993307939,0.7127549067957202
1522.0,0.6475718481268926,0.3524281518725013,6.06070749142873e-13,0.3524281518725013,0.6475718481268926,1,lossless_ITO,-0.3660656954846246,-0.6605842533962896,-0.28773311629874043,0.30013377213704073
1523.0,0.2825555843379071,0.7174444156613231,7.698286452750835e-13,0.7174444156613231,0.2825555843379071,1,lossless_ITO,-0.3986144506340563,-0.2562750681363081,-0.3024277007044422,0.6100884305853932
1524.0,0.0639115837270407,0.9360884162725007,4.585221091701897e-13,0.9360884162725007,0.0639115837270407,1,lossless_ITO,-0.19544137879911627,-0.09674991889257739,-0.15807935042996987,0.7823925318852868
1525.0,0.014787838883719394,0.9852121611163912,-1.1057821325266559e-13,0.9852121611163912,0.014787838883719394,1,lossless_ITO,-0.07228831418905102,-0.08273483341195795,-0.033704859851016344,0.8244889220002188
1526.0,0.06865619305951037,0.9313438069403599,1.2967404927621828e-13,0.9313438069403599,0.06865619305951037,1,lossless_ITO,-0.07929410226754297,-0.13387209362813607,-0.02953768297700256,0.7876414281149796
1527.0,0.06374337622065943,0.9362566237788549,4.85722573273506e-13,0.9362566237788549,0.06374337622065943,1,lossless_ITO,0.03124235981833734,-0.1619134808989933,0.06320905216817621,0.7860617688763522
1528.0,0.03861004039621345,0.9613899596591365,-5.5349946848082254e-11,0.9613899596591365,0.03861004039621345,1,lossless_ITO,-0.02737164672691883,-0.17306770635935886,0.07166764336330007,0.8107226441446872
1529.0,0.16231446635270247,0.8376855336478091,-5.115907697472721e-13,0.8376855336478091,0.16231446635270247,1,lossless_ITO,0.21884137427253625,-0.31981385002910706,0.3079865988533571,0.693827102422123
1530.0,0.21410587036311518,0.785894129636285,5.998535002049721e-13,0.785894129636285,0.21410587036311518,1,lossless_ITO,-0.08892030204008206,-0.24061332839982869,-0.02845771461436947,0.665776444710475
1531.0,0.03196177287748569,0.9680382271227757,-2.6134649999676185e-13,0.9680382271227757,0.03196177287748569,1,lossless_ITO,-0.14082600985130267,-0.09240503000583469,-0.06770454033692139,0.8150695400678251
1532.0,0.02144239078078948,0.9785576092194412,-2.3070434451710753e-13,0.9785576092194412,0.02144239078078948,1,lossless_ITO,0.03429580747565586,-0.10458368997701377,0.06260657398994841,0.8130110203485735
1533.0,0.0649587133932454,0.935041286607694,-9.394707234378075e-13,0.935041286607694,0.0649587133932454,1,lossless_ITO,0.13139338043327797,-0.18604565398719802,0.21029209681554742,0.7715175793923734
1534.0,0.1482405477212121,0.8517594522790537,-2.657873920952625e-13,0.8517594522790537,0.1482405477212121,1,lossless_ITO,0.0565930694428145,-0.18089671689276882,0.10278070919583328,0.7019790548708621
1535.0,0.2594140771703152,0.740585922829413,2.716715741257758e-13,0.740585922829413,0.2594140771703152,1,lossless_ITO,0.1880343658889405,-0.3580184179814089,0.2619396468449506,0.6152451870045907
1536.0,0.03555710025820336,0.9644428997408516,9.450218385609332e-13,0.9644428997408516,0.03555710025820336,1,lossless_ITO,-0.09995107912399659,-0.1544711179835396,-0.01859763811780966,0.815354850629613
1537.0,0.0144636386110605,0.9855363613889636,-2.4091839634365897e-14,0.9855363613889636,0.0144636386110605,1,lossless_ITO,-0.10885396112718265,-0.035782721669619016,-0.013286068195442655,0.8241379673145551
1538.0,0.06610593427840304,0.9338940657217575,-1.6053824936079764e-13,0.9338940657217575,0.06610593427840304,1,lossless_ITO,0.12875320366342824,-0.21503868826284295,0.21638270386131492,0.7730254752656495
1539.0,0.4212516165251762,0.5787483834644533,1.0370482250721125e-11,0.5787483834644533,0.4212516165251762,1,lossless_ITO,-0.4058186345458467,-0.26080744027011094,-0.14698259160335503,0.5185241535686907
1540.0,0.5445434178263647,0.4554565821745653,-9.300338277284936e-13,0.4554565821745653,0.5445434178263647,1,lossless_ITO,0.1884300170604547,-0.6186127475759464,0.23248717523264817,0.39385641068064775
1541.0,0.1844566555046621,0.8155433444856514,9.686584867552028e-12,0.8155433444856514,0.1844566555046621,1,lossless_ITO,-0.1982975643411652,-0.38046721395244437,-0.12158683041070119,0.7410426030658909
1542.0,0.3424523536680715,0.6575476463322985,-3.6992631180510216e-13,0.6575476463322985,0.3424523536680715,1,lossless_ITO,0.07763884518739306,-0.4813854791434677,0.21891487004805465,0.5710531570110925
1543.0,0.5873557655035938,0.41264423449650817,-1.0197398481182063e-13,0.41264423449650817,0.5873557655035938,1,lossless_ITO,0.07808295607090632,-0.6905650473074051,0.2672823328604895,0.36362703988345846
1544.0,0.22653191378314907,0.7734680862132529,3.5980107782052073e-12,0.7734680862132529,0.22653191378314907,1,lossless_ITO,-0.27404697771576636,-0.29749362972740045,-0.17663179203844817,0.6474948826367035
1545.0,0.4204075470764252,0.5795924529234491,1.2567724638756772e-13,0.5795924529234491,0.4204075470764252,1,lossless_ITO,-0.08993472198127894,-0.5091370816024665,0.11229443960628675,0.5347561477845935
1546.0,0.23286843826243972,0.7671315617443113,-6.751044168140652e-12,0.7671315617443113,0.23286843826243972,1,lossless_ITO,0.1956380041340242,-0.4404548130307088,0.3698909065847531,0.6224557742803841
1547.0,0.5936652634880202,0.4063347365115311,4.48696635402257e-13,0.4063347365115311,0.5936652634880202,1,lossless_ITO,0.15277395202160182,-0.7491442924060436,0.4176197305505846,0.31610828812964287
1548.0,0.8472529409631195,0.1527470590375578,-6.77347067323808e-13,0.1527470590375578,0.8472529409631195,1,lossless_ITO,-0.04929207029327054,-0.8849943298765804,0.20826227546348802,0.12338501871181923
1549.0,0.7496294818718827,0.2503705181286891,-5.718203688331869e-13,0.2503705181286891,0.7496294818718827,1,lossless_ITO,-0.16611383471197289,-0.7562265167531662,0.05861440751408449,0.28365606035186003
1550.0,0.24676364272182097,0.7532363572765399,1.6391332735565811e-12,0.7532363572765399,0.24676364272182097,1,lossless_ITO,-0.31958191593982377,-0.37461698529023146,-0.1525058451152986,0.7000323148572818
1551.0,0.2514434906951204,0.7485565093048963,-1.6653345369377348e-14,0.7485565093048963,0.2514434906951204,1,lossless_ITO,-0.15767344073065426,-0.4444793598038273,0.03319897280415159,0.7017837199247499
1552.0,0.3106096716931974,0.689390328306479,3.2363001167823313e-13,0.689390328306479,0.3106096716931974,1,lossless_ITO,-0.011350957197143519,-0.5489712243792678,0.2869547445470963,0.6189648538395595
1553.0,0.5153312279121409,0.4846687720875573,3.0175861809311755e-13,0.4846687720875573,0.5153312279121409,1,lossless_ITO,-0.05207807041736012,-0.6986442246126556,0.3159110710657827,0.4487333675160218
1554.0,0.6458070046211359,0.3541929953789607,-9.664491429361988e-14,0.3541929953789607,0.6458070046211359,1,lossless_ITO,-0.1231308737070661,-0.7659285404132293,0.30974184561019863,0.33490789258842585
1555.0,0.6627475785091048,0.33725242149011,7.85205234166142e-13,0.33725242149011,0.6627475785091048,1,lossless_ITO,-0.14190248778162573,-0.7683296578576658,0.33005166593568547,0.32031296041620316
1556.0,0.9031914333472354,0.09680856665248405,2.8055335832277706e-13,0.09680856665248405,0.9031914333472354,1,lossless_ITO,-0.29477641869360843,-0.9015238481105137,0.22922633663364098,0.07957062525489784
1557.0,0.9547835131143784,0.045216486885582045,3.958638972179074e-14,0.045216486885582045,0.9547835131143784,1,lossless_ITO,-0.5151303281688753,-0.818556714428798,0.0001374920102971827,0.050982635866030766
1558.0,0.6894678337911515,0.3105321662087589,8.959499808725013e-14,0.3105321662087589,0.6894678337911515,1,lossless_ITO,-0.1763221427109568,-0.7139079528914533,0.2544394208044216,0.3255057412905871
1559.0,0.9774214519999684,0.022578547998991626,1.0399354988255283e-12,0.022578547998991626,0.9774214519999684,1,lossless_ITO,-0.5256421137306881,-0.7724636955895512,-0.024713549430623587,0.05672618978101322
1560.0,0.6981131655774199,0.30188683442313347,-5.53335155473178e-13,0.30188683442313347,0.6981131655774199,1,lossless_ITO,-0.06508311808886441,-0.8146492083087102,0.3228600668407732,0.17262527762831498
1561.0,0.935088179806597,0.06491182019350306,-1.000310945187266e-13,0.06491182019350306,0.935088179806597,1,lossless_ITO,-0.5865964184752679,-0.7557485418455401,-0.16275398547115213,0.08774066333723851
1562.0,0.6077675261066147,0.39223247389819793,-4.8125947671451286e-12,0.39223247389819793,0.6077675261066147,1,lossless_ITO,0.04957612257318711,-0.7271637481964357,0.3533830381561575,0.34449075337932494
1563.0,0.8599766508571403,0.14002334914268177,1.779687508474126e-13,0.14002334914268177,0.8599766508571403,1,lossless_ITO,-0.4453967793712429,-0.79164963222163,0.016399167633085066,0.1370472856475687
1564.0,0.861353870050603,0.13864612994971026,-3.133049375492192e-13,0.13864612994971026,0.861353870050603,1,lossless_ITO,-0.5900319463858126,-0.7023480161982876,-0.1774983379567744,0.13216610767204592
1565.0,0.6305156851246047,0.36948431487531747,7.788214517745473e-14,0.36948431487531747,0.6305156851246047,1,lossless_ITO,-0.3206796482553923,-0.6538650849800737,0.18920569615389976,0.3809703850722038
1566.0,0.86510055875023,0.13489944124942727,3.427813588530171e-13,0.13489944124942727,0.86510055875023,1,lossless_ITO,-0.4628513633780668,-0.7562471392558487,0.11128828692831831,0.13357207848259262
1567.0,0.9708213392799071,0.029178660720494527,-4.016301180520543e-13,0.029178660720494527,0.9708213392799071,1,lossless_ITO,-0.6356771772888329,-0.7333165906913017,-0.045575592746387145,0.03178521455850207
1568.0,0.9192352806887163,0.08076471931123314,5.057065877167588e-14,0.08076471931123314,0.9192352806887163,1,lossless_ITO,-0.6525469070104528,-0.7020523948494645,-0.18790098589269055,0.08594287424333534
1569.0,0.8494883197538585,0.15051168024625133,-1.0985656828665924e-13,0.15051168024625133,0.8494883197538585,1,lossless_ITO,-0.6397203320708095,-0.6169554368024064,-0.11349559927390013,0.18925794960367262
1570.0,0.8187645186697967,0.18123548133046688,-2.635947016216278e-13,0.18123548133046688,0.8187645186697967,1,lossless_ITO,-0.706268183593576,-0.4659396828195978,-0.12113109923264227,0.18757451667601077
1571.0,0.9217169103904411,0.07828308960959897,-4.0092928976775966e-14,0.07828308960959897,0.9217169103904411,1,lossless_ITO,-0.687169060092745,-0.6634110521206135,-0.21005438450258407,0.07984466225599982
1572.0,0.811562758297743,0.18843724170205642,2.005340338229189e-13,0.18843724170205642,0.811562758297743,1,lossless_ITO,-0.6599235721241945,-0.5934916425967154,-0.2749661727773573,0.15626897665962136
1573.0,0.7918767876223541,0.2081232123777807,-1.3483658634072526e-13,0.2081232123777807,0.7918767876223541,1,lossless_ITO,-0.6303634811182914,-0.550357751413362,-0.19658875404420337,0.20579623388380378
1574.0,0.7519807121033453,0.24801928789657918,7.55506768257419e-14,0.24801928789657918,0.7519807121033453,1,lossless_ITO,-0.6809159841538821,-0.44729659713189135,-0.24524959741888042,0.2573384829469942
1575.0,0.411624293045026,0.5883757069559326,-9.585665594613602e-13,0.5883757069559326,0.411624293045026,1,lossless_ITO,-0.5204059311024104,-0.22443468045370377,-0.41954688201409707,0.43035264197594014
1576.0,0.9006159525959605,0.09938404740437543,-3.3592573167595674e-13,0.09938404740437543,0.9006159525959605,1,lossless_ITO,-0.32022837238200275,-0.8861632623273074,0.2160022686694735,0.07781730090288048
1577.0,0.7817043725183132,0.21829562748053838,1.1484702078234932e-12,0.21829562748053838,0.7817043725183132,1,lossless_ITO,-0.33333812926255,-0.7751158085699541,0.05258376786728367,0.15955702145205042
1578.0,0.81602356554849,0.18397643445137762,1.3239409568654992e-13,0.18397643445137762,0.81602356554849,1,lossless_ITO,-0.6848083566897437,-0.5396263153744588,-0.23275035739265412,0.020022938997920833
1579.0,0.7887835661637596,0.21121643383619032,5.012656956182582e-14,0.21121643383619032,0.7887835661637596,1,lossless_ITO,-0.6746976100933959,-0.530155665089119,-0.25856509630307295,0.15831259807461714
1580.0,0.7325773614741526,0.26742263852522435,6.230016502684066e-13,0.26742263852522435,0.7325773614741526,1,lossless_ITO,-0.7271956036720326,-0.3871573526987615,-0.30393198543288513,0.2358604513469814
1581.0,0.8019506120033542,0.19804938799640426,2.4158453015843406e-13,0.19804938799640426,0.8019506120033542,1,lossless_ITO,-0.6427164746574792,-0.581258415057631,-0.23221442454008612,0.1536208034532813
1582.0,0.7605364835114687,0.2394635164879087,6.225575610585565e-13,0.2394635164879087,0.7605364835114687,1,lossless_ITO,-0.6786194515104376,-0.5217830183267088,-0.34928523892690033,0.17906719243311675
1583.0,0.7274998343793897,0.27250016562074597,-1.3566925360919413e-13,0.27250016562074597,0.7274998343793897,1,lossless_ITO,-0.6809946815835607,-0.4819151226346024,-0.33285120133444857,0.24169221205733
1584.0,0.9301529693608481,0.06984703063766577,1.4861029073998111e-12,0.06984703063766577,0.9301529693608481,1,lossless_ITO,-0.44415479723340473,-0.7769158604568739,-0.19888904734324786,0.07246189360543666
1585.0,0.7320782780038652,0.26792172199615255,-1.7708057242771247e-14,0.26792172199615255,0.7320782780038652,1,lossless_ITO,-0.6988235926569151,-0.47880050345236425,-0.32985496893379135,0.24199018681575601
1586.0,0.7058582240450777,0.2941417759549365,-1.4210854715202004e-14,0.2941417759549365,0.7058582240450777,1,lossless_ITO,-0.7048107492844528,-0.4350009509401769,-0.33251602448899253,0.2701666660727348
1587.0,0.6818473333037349,0.31815266669625875,6.328271240363392e-15,0.31815266669625875,0.6818473333037349,1,lossless_ITO,-0.7053264391309981,-0.40496759565823537,-0.34221212314949584,0.2909224724227305
1588.0,0.6434634290158617,0.3565365709842626,-1.2434497875801753e-13,0.3565365709842626,0.6434634290158617,1,lossless_ITO,-0.6823301094582369,-0.3930361565373266,-0.3576588476901201,0.3116801930839076
1589.0,0.6343637611060151,0.36563623889400654,-2.1649348980190553e-14,0.36563623889400654,0.6343637611060151,1,lossless_ITO,-0.6936220689277928,-0.3619429137348371,-0.3523265018521718,0.3327146306291279
1590.0,0.6058328098571306,0.3941671901428604,8.992806499463768e-15,0.3941671901428604,0.6058328098571306,1,lossless_ITO,-0.6862956944864139,-0.33475812437516717,-0.3544122041372266,0.36206887128856696
1591.0,0.679656968265097,0.3203430317344468,4.561906408184768e-13,0.3203430317344468,0.679656968265097,1,lossless_ITO,-0.7192586610964931,-0.37928496240484766,-0.3357026073308183,0.28863649946804715
1592.0,0.4769908868086071,0.5230091131915255,-1.325606291402437e-13,0.5230091131915255,0.4769908868086071,1,lossless_ITO,-0.607702519354884,-0.2964793427841834,-0.3040423533872637,0.5172574678862689
1593.0,0.6038320334684885,0.3961679665315367,-2.5146551507759796e-14,0.3961679665315367,0.6038320334684885,1,lossless_ITO,-0.6998839492022227,-0.3005746237411306,-0.35032999391303643,0.35849398315615855
1594.0,0.5665919048484408,0.43340809515156237,-3.164135620181696e-15,0.43340809515156237,0.5665919048484408,1,lossless_ITO,-0.6852215965305251,-0.26877934994201297,-0.3467617214437297,0.39827056986503845
1595.0,0.467742237689434,0.5322577623106574,-9.137135492665038e-14,0.5322577623106574,0.467742237689434,1,lossless_ITO,-0.6215357692873524,-0.24067221637260414,-0.3755950787285917,0.45690405873959333
1596.0,0.6840081119648278,0.3159918880351906,-1.84297022087776e-14,0.3159918880351906,0.6840081119648278,1,lossless_ITO,-0.7360856841316976,-0.35937922978472536,-0.3497167914260622,0.29667575462128487
1597.0,0.5600386409571965,0.4399613590426529,1.5065726444163374e-13,0.4399613590426529,0.5600386409571965,1,lossless_ITO,-0.7228289365979554,-0.1877833537329892,-0.38974445751772424,0.3684524042202776
1598.0,0.4428458420422046,0.5571541579613881,-3.5926817076870066e-12,0.5571541579613881,0.4428458420422046,1,lossless_ITO,0.24439181322289016,-0.6118148689366429,0.447852059840293,0.42771819941045625
1599.0,0.6917275412227386,0.308272458777286,-2.4591439995447217e-14,0.308272458777286,0.6917275412227386,1,lossless_ITO,-0.726725197919673,-0.38883528919311017,-0.33804727815501023,0.2853427346585953
1600.0,0.6135468917136401,0.3864531082863585,1.4432899320127035e-15,0.3864531082863585,0.6135468917136401,1,lossless_ITO,-0.710832033097161,-0.30700706691819274,-0.3512987990300526,0.3555361219832188
1601.0,0.4908335852452306,0.509166414753301,1.468380972369232e-12,0.509166414753301,0.4908335852452306,1,lossless_ITO,-0.5667606704092863,-0.3950736585822032,-0.09087067476872694,0.4575628043310833
1602.0,0.40881764070754745,0.5911823592899367,2.5158763961030672e-12,0.5911823592899367,0.40881764070754745,1,lossless_ITO,-0.5928943200842062,0.11126763600792636,-0.25640285562018883,0.5205565255858703
1603.0,0.5685361842288852,0.43146381577097837,1.3644640972643174e-13,0.43146381577097837,0.5685361842288852,1,lossless_ITO,-0.6914529434752921,-0.27828879521833416,-0.3605669627238223,0.3971119394540999
1604.0,0.541471619197229,0.458528380802692,7.904787935331115e-14,0.458528380802692,0.541471619197229,1,lossless_ITO,-0.691221171883565,-0.24798270385304055,-0.3699340231004907,0.4218731102478495
1605.0,0.5419409760279843,0.4580590239720174,-1.7208456881689926e-15,0.4580590239720174,0.5419409760279843,1,lossless_ITO,-0.6731426860186464,-0.25374138210911124,-0.34580839818816883,0.4213355737717148
1606.0,0.493868678201185,0.5061313217987964,1.865174681370263e-14,0.5061313217987964,0.493868678201185,1,lossless_ITO,-0.664658161198958,-0.15819806262756456,-0.32579121472574296,0.4640482299485612
1607.0,0.5219972368426339,0.47800276315736195,4.163336342344337e-15,0.47800276315736195,0.5219972368426339,1,lossless_ITO,-0.6633609135726584,-0.2675457410591349,-0.3574245879964687,0.44177201184798687
1608.0,0.4680005843024062,0.5319994156976187,-2.4868995751603507e-14,0.5319994156976187,0.4680005843024062,1,lossless_ITO,-0.6323789314620232,-0.24300917536947925,-0.32195470024630785,0.5050681896678221
1609.0,0.4530544712064031,0.5469455287936286,-3.164135620181696e-14,0.5469455287936286,0.4530544712064031,1,lossless_ITO,-0.6341682562234242,-0.20414890036669173,-0.3427024707623087,0.4997853390275825
1610.0,0.5230689372573513,0.4769310627425873,6.145084441300241e-14,0.4769310627425873,0.5230689372573513,1,lossless_ITO,-0.6782746939889445,-0.21261606844015093,-0.3562811410685549,0.4389602922342968
1611.0,0.5202523101359893,0.4797476898639852,2.55351295663786e-14,0.4797476898639852,0.5202523101359893,1,lossless_ITO,-0.6839024531647947,-0.20601540521957767,-0.3586494559444074,0.4404201466087907
1612.0,0.4965333714157422,0.503466628584267,-9.325873406851315e-15,0.503466628584267,0.4965333714157422,1,lossless_ITO,-0.6691617148937639,-0.19183268901552014,-0.35087083696191895,0.4648669889044594
1613.0,0.45494741533475264,0.5450525846652203,2.708944180085382e-14,0.5450525846652203,0.45494741533475264,1,lossless_ITO,-0.6312330392720567,-0.16120527006750685,-0.3407246109134478,0.4921037199708205
1614.0,0.42447722505766633,0.5755227749424653,-1.3156142841808105e-13,0.5755227749424653,0.42447722505766633,1,lossless_ITO,-0.6084436066822532,-0.16330223170330077,-0.30790890455533976,0.5397252732627307
1615.0,0.4172649445629851,0.5827350554368798,1.3522516439934407e-13,0.5827350554368798,0.4172649445629851,1,lossless_ITO,-0.5829003421629926,-0.247135062973731,-0.4022109424543015,0.47622626173942545
1616.0,0.4512652383709874,0.5487347616289874,2.5202062658991053e-14,0.5487347616289874,0.4512652383709874,1,lossless_ITO,-0.6392837642673415,-0.17040608917666455,-0.3466907039642838,0.4969918302166827
1617.0,0.4746842915288243,0.525315708471178,-2.3314683517128287e-15,0.525315708471178,0.4746842915288243,1,lossless_ITO,-0.6552886838035835,-0.1788244572247304,-0.34852602261657284,0.48394691636495546
1618.0,0.4537446409163963,0.546255359083605,-1.3322676295501878e-15,0.546255359083605,0.4537446409163963,1,lossless_ITO,-0.6438612474897264,-0.1617416262038999,-0.34181508134087185,0.5017520626159765
1619.0,0.05645781287788737,0.943542187120401,1.7115198147621413e-12,0.943542187120401,0.05645781287788737,1,lossless_ITO,-0.14457504567719004,0.005444259492166925,-0.0031158392175894656,0.7815104865050156
1620.0,0.44517799178605644,0.5548220082139297,1.3877787807814457e-14,0.5548220082139297,0.44517799178605644,1,lossless_ITO,-0.6388423638177217,-0.15302268985821194,-0.3356870911643455,0.5111949297962307
1621.0,0.4408232779640518,0.559176722035962,-1.3766765505351941e-14,0.559176722035962,0.4408232779640518,1,lossless_ITO,-0.6365725632221338,-0.14916411276532504,-0.33313541162629595,0.5166095555679429
1622.0,0.4338788347395754,0.5661211652604106,1.3988810110276972e-14,0.5661211652604106,0.4338788347395754,1,lossless_ITO,-0.6318849956712326,-0.14480165288148156,-0.32667750590811706,0.5255007994901203
1623.0,0.42554942948637414,0.5744505705136498,-2.398081733190338e-14,0.5744505705136498,0.42554942948637414,1,lossless_ITO,-0.6295901084263792,-0.130371876566936,-0.3358123692813598,0.5245153390560506
1624.0,0.41424509296594636,0.5857549070340498,3.885780586188048e-15,0.5857549070340498,0.41424509296594636,1,lossless_ITO,-0.6210503076298085,-0.12519880505698563,-0.32609318493588757,0.5377959876722647
1625.0,0.4367173940063665,0.5632826059936148,1.8762769116165146e-14,0.5632826059936148,0.4367173940063665,1,lossless_ITO,-0.6352025194739824,-0.13968359788861873,-0.330160159357014,0.521332568917355
1626.0,0.41645083239528646,0.5835491676047162,-2.6645352591003757e-15,0.5835491676047162,0.41645083239528646,1,lossless_ITO,-0.622976994814298,-0.12395612092702987,-0.3233614977461329,0.5391856163114971
1627.0,0.41325408823326126,0.5867459117667533,-1.454392162258955e-14,0.5867459117667533,0.41325408823326126,1,lossless_ITO,-0.6208128496710004,-0.1189764447471321,-0.31846984644595167,0.5433615400078656
1628.0,0.40065231709939986,0.5993476829005795,2.0650148258027912e-14,0.5993476829005795,0.40065231709939986,1,lossless_ITO,-0.6106706369808886,-0.11093141130364167,-0.31352378973062417,0.5534945245210813
1629.0,0.35573087625232863,0.6442691237473648,3.0664359940146824e-13,0.6442691237473648,0.35573087625232863,1,lossless_ITO,-0.5689805685748481,-0.1322408278034715,-0.2675063570413828,0.6083535038523286
1630.0,0.4129815798258317,0.5870184201741695,-1.2212453270876722e-15,0.5870184201741695,0.4129815798258317,1,lossless_ITO,-0.6217667464190462,-0.09169069472075818,-0.31144008240385446,0.544226342425082
1631.0,0.39812571985689277,0.6018742801430915,1.5654144647214707e-14,0.6018742801430915,0.39812571985689277,1,lossless_ITO,-0.6144055505843248,-0.1111779864204568,-0.3192380024116261,0.5546338070017273
1632.0,0.3887529212462343,0.6112470787537625,3.219646771412954e-15,0.6112470787537625,0.3887529212462343,1,lossless_ITO,-0.6066188417183117,-0.09891505298223158,-0.3180043095856958,0.5605071181391736
1633.0,0.3842799274418522,0.6157200725581546,-6.8833827526759706e-15,0.6157200725581546,0.3842799274418522,1,lossless_ITO,-0.6034018620060966,-0.09155902858264536,-0.31095218738564206,0.5665814642554449
1634.0,0.37682029669228245,0.6231797033077124,5.10702591327572e-15,0.6231797033077124,0.37682029669228245,1,lossless_ITO,-0.5973643345372123,-0.08066672655332592,-0.30422120095551336,0.5739562590187777
1635.0,0.3524348364893692,0.6475651635106241,6.661338147750939e-15,0.6475651635106241,0.3524348364893692,1,lossless_ITO,-0.5755904287769427,-0.05231732117190829,-0.2918156083765698,0.5929245437417335
1636.0,0.42796447885211,0.5720355211477756,1.1446399383885364e-13,0.5720355211477756,0.42796447885211,1,lossless_ITO,-0.6314992801595417,-0.16460888110753014,-0.33246229975500263,0.5324134729770614
1637.0,0.39020337854329423,0.6097966214566969,8.881784197001252e-15,0.6097966214566969,0.39020337854329423,1,lossless_ITO,-0.6101867421184637,-0.10660912153091903,-0.31137293441794767,0.565470148487204
1638.0,0.44497643920397284,0.5550235607952895,7.377431998634165e-13,0.5550235607952895,0.44497643920397284,1,lossless_ITO,-0.6433616227815464,-0.09369594321161305,-0.23691047274709856,0.5581137796282254
1639.0,0.3684463710519312,0.6315536289480564,1.2323475573339238e-14,0.6315536289480564,0.3684463710519312,1,lossless_ITO,-0.5938656643629634,-0.09251821141557771,-0.30870508991530016,0.579846558327059
1640.0,0.3471333463459305,0.6528666536528008,1.2686518502391664e-12,0.6528666536528008,0.3471333463459305,1,lossless_ITO,-0.5865993979539479,0.002540468005179545,-0.27890687249999924,0.6105140814479718
1641.0,0.35926453642309675,0.6407354635768936,9.658940314238862e-15,0.6407354635768936,0.35926453642309675,1,lossless_ITO,-0.5883950034143155,-0.07915418574409197,-0.2994919843563361,0.5903229245497192
1642.0,0.36677231168779106,0.6332276883122065,2.4424906541753444e-15,0.6332276883122065,0.36677231168779106,1,lossless_ITO,-0.5898938438714926,-0.08543321604224177,-0.29634617960231535,0.5848235162049722
1643.0,0.35645114849551596,0.6435488515044849,-8.881784197001252e-16,0.6435488515044849,0.35645114849551596,1,lossless_ITO,-0.5842919275301071,-0.07497863385410707,-0.29243360902491256,0.594014406157542
1644.0,0.3513899676377065,0.6486100323622981,-4.6629367034256575e-15,0.6486100323622981,0.3513899676377065,1,lossless_ITO,-0.5889203749693112,-0.05349415614961651,-0.2978662085711683,0.597864938840229
1645.0,0.38338970482231277,0.616610295177711,-2.375877272697835e-14,0.616610295177711,0.38338970482231277,1,lossless_ITO,-0.6034405534487923,-0.08789767723657796,-0.29701449545016856,0.5754444876114124
1646.0,0.3694362903014128,0.6305637096986032,-1.5987211554602254e-14,0.6305637096986032,0.3694362903014128,1,lossless_ITO,-0.5960255121606676,-0.06589522103629017,-0.2792916745283755,0.5932749647737561
1647.0,0.3485120326493013,0.6514879673507052,-6.5503158452884236e-15,0.6514879673507052,0.3485120326493013,1,lossless_ITO,-0.5783165770330492,-0.06731010882193413,-0.28907894954187474,0.6002954170601417
1648.0,0.3166711379785538,0.6833288620360866,-1.4640400003429477e-11,0.6833288620360866,0.3166711379785538,1,lossless_ITO,-0.5508210266319936,0.007370832332301408,-0.25296043345555935,0.6268102904110394
1649.0,0.2785877735907508,0.7214122264100153,-7.661649092938205e-13,0.7214122264100153,0.2785877735907508,1,lossless_ITO,-0.5015830117651268,-0.01895859147382124,-0.23738375166093129,0.6567764796754534
1650.0,0.3071956253252305,0.6928043746747152,5.4289905904170155e-14,0.6928043746747152,0.3071956253252305,1,lossless_ITO,-0.5457398717394483,-0.020199147549457185,-0.2604368581189464,0.6346438449107519
1651.0,0.30908956048836644,0.6909104395114147,2.1882495815361835e-13,0.6909104395114147,0.30908956048836644,1,lossless_ITO,-0.5509916023184335,-0.02423233521182263,-0.26796070161891405,0.6339368050912672
1652.0,0.35332277029647696,0.6466772297035042,1.887379141862766e-14,0.6466772297035042,0.35332277029647696,1,lossless_ITO,-0.5757083245223069,-0.08436008011173735,-0.28347796024539396,0.5979838910634975
1653.0,0.3378381118938046,0.6621618881061831,1.2323475573339238e-14,0.6621618881061831,0.3378381118938046,1,lossless_ITO,-0.568898874129542,-0.06106217355769271,-0.2752765181519105,0.6126807505675896
1654.0,0.3454740865535337,0.6545259134464416,2.4646951146678475e-14,0.6545259134464416,0.3454740865535337,1,lossless_ITO,-0.5785813622046053,-0.052133712940878464,-0.28324356313781623,0.6060480426963204
1655.0,0.3413683019226605,0.6586316980773262,1.3211653993039363e-14,0.6586316980773262,0.3413683019226605,1,lossless_ITO,-0.5770005533268728,-0.04417575350414752,-0.28373556431163965,0.6069903988532199
1656.0,0.34455371006127494,0.6554462899386477,7.72715225139109e-14,0.6554462899386477,0.34455371006127494,1,lossless_ITO,-0.5774890049351733,-0.05161365535388298,-0.2782182751599107,0.6091394911326893
1657.0,0.32522005751557026,0.6747799424844293,4.440892098500626e-16,0.6747799424844293,0.32522005751557026,1,lossless_ITO,-0.5604565271368106,-0.04862622379550356,-0.27286503944819385,0.6215810738165376
1658.0,0.32713462408738164,0.6728653759126202,-1.7763568394002505e-15,0.6728653759126202,0.32713462408738164,1,lossless_ITO,-0.5625570153135858,-0.041673327184880773,-0.2690980622701811,0.6218605234985247
1659.0,0.32258145539785477,0.677418544602141,4.218847493575595e-15,0.677418544602141,0.32258145539785477,1,lossless_ITO,-0.5587153364766334,-0.038203532180366546,-0.26483485661020695,0.6263358227474316
1660.0,0.3168890350201881,0.6831109649798295,-1.7541523789077473e-14,0.6831109649798295,0.3168890350201881,1,lossless_ITO,-0.5534574451747292,-0.031872221534343395,-0.2600289408316842,0.6312540953969098
1661.0,0.3760764151550932,0.6239235848448087,9.803269307440132e-14,0.6239235848448087,0.3760764151550932,1,lossless_ITO,-0.603358449034268,-0.10338068368703825,-0.29403430417226706,0.5865037775655898
1662.0,0.3228724399901281,0.677127560009894,-2.220446049250313e-14,0.677127560009894,0.3228724399901281,1,lossless_ITO,-0.5602444548177389,-0.0427035649665992,-0.26400234491027086,0.6274083118523034
1663.0,0.3181274374787629,0.6818725625212444,-7.216449660063518e-15,0.6818725625212444,0.3181274374787629,1,lossless_ITO,-0.5560553522991213,-0.036722006431596,-0.259907924509643,0.6315607768253249
1664.0,0.31497956533089644,0.6850204346691002,3.3306690738754696e-15,0.6850204346691002,0.31497956533089644,1,lossless_ITO,-0.5533521835533063,-0.033211086833946094,-0.25710070752732894,0.6344097863936269
1665.0,0.31216964160464844,0.6878303583953408,1.0769163338864018e-14,0.6878303583953408,0.31216964160464844,1,lossless_ITO,-0.5509863736627993,-0.03010751424708276,-0.2545396914588794,0.6370097783710537
1666.0,0.3063579672782144,0.6936420327217914,-5.773159728050814e-15,0.6936420327217914,0.3063579672782144,1,lossless_ITO,-0.5465459616680929,-0.025418454385271856,-0.25233551846000535,0.6405410211637358
1667.0,0.3096444240352834,0.6903555759647,1.6653345369377348e-14,0.6903555759647,0.3096444240352834,1,lossless_ITO,-0.5484642284240351,-0.028949678552180266,-0.2513408433068646,0.6394038201189856
1668.0,0.30512968379117816,0.6948703162088231,-1.2212453270876722e-15,0.6948703162088231,0.30512968379117816,1,lossless_ITO,-0.5452505860773202,-0.02274792489592018,-0.24800398105280777,0.6435355023070773
1669.0,0.3026687097914033,0.6973312902086142,-1.7541523789077473e-14,0.6973312902086142,0.3026687097914033,1,lossless_ITO,-0.5426029782032435,-0.020713705372902895,-0.24493886151910876,0.6457375822374943
1670.0,0.30029420944950463,0.6997057905505024,-7.105427357601002e-15,0.6997057905505024,0.30029420944950463,1,lossless_ITO,-0.5406468005569575,-0.0237241527011703,-0.2474956848776088,0.6464417899195599
1671.0,0.29816753271177865,0.7018324672882058,1.554312234475219e-14,0.7018324672882058,0.29816753271177865,1,lossless_ITO,-0.5383873751828361,-0.017818196554184235,-0.24203804079795418,0.649345641102574
1672.0,0.25235849525231385,0.7476415047474062,2.7988722450800196e-13,0.7476415047474062,0.25235849525231385,1,lossless_ITO,-0.4979181005146998,0.015080206910893713,-0.21686698341783922,0.6836217163235006
1673.0,0.2949802281572994,0.7050197718427101,-9.547918011776346e-15,0.7050197718427101,0.2949802281572994,1,lossless_ITO,-0.5356095185777927,-0.012416306571719694,-0.23764545119191238,0.6526686669838616
1674.0,0.30233013838685113,0.6976698616131773,-2.842170943040401e-14,0.6976698616131773,0.30233013838685113,1,lossless_ITO,-0.5418116157123583,-0.024468058063787407,-0.241648770342528,0.647057966556986
1675.0,0.2941741726976756,0.7058258273023168,7.549516567451064e-15,0.7058258273023168,0.2941741726976756,1,lossless_ITO,-0.5356899621271691,-0.014660013669746952,-0.23694829853226482,0.6536616564552398
1676.0,0.2952194504180751,0.7047805495819428,-1.7985612998927536e-14,0.7047805495819428,0.2952194504180751,1,lossless_ITO,-0.5363482283351325,-0.0161869845165035,-0.23602880088409398,0.6532875082773693
1677.0,0.2896203761365833,0.7103796238634117,4.9960036108132044e-15,0.7103796238634117,0.2896203761365833,1,lossless_ITO,-0.5312654140884746,-0.01065823296492558,-0.23241221875190096,0.6576781320306541
1678.0,0.2870847048705383,0.7129152951294756,-1.3877787807814457e-14,0.7129152951294756,0.2870847048705383,1,lossless_ITO,-0.5270889450407689,-0.007849187626956071,-0.2275051268067443,0.6597248677718344
1679.0,0.28247631282632574,0.7175236871736621,1.2212453270876722e-14,0.7175236871736621,0.28247631282632574,1,lossless_ITO,-0.5244746553424968,0.0021156782846287227,-0.22460733157767654,0.6639584227913672
1680.0,0.2907404974667792,0.7092595025332143,6.439293542825908e-15,0.7092595025332143,0.2907404974667792,1,lossless_ITO,-0.5324383128925261,-0.009164871181737429,-0.2298938102264727,0.6580558692563604
1681.0,0.2913198249797265,0.70868017502026,1.3433698597964394e-14,0.70868017502026,0.2913198249797265,1,lossless_ITO,-0.5305003069660458,0.0046024826697913385,-0.2229817025565785,0.658782140631131
1682.0,0.28717279963796644,0.7128272003620308,2.6645352591003757e-15,0.7128272003620308,0.28717279963796644,1,lossless_ITO,-0.5291740296434424,-0.007405992725337027,-0.22647973216128822,0.6611118565184209
1683.0,0.2896028274148478,0.7103971725851991,-4.6851411639181606e-14,0.7103971725851991,0.2896028274148478,1,lossless_ITO,-0.5332662753849671,-0.008974399841923456,-0.22758958060954015,0.6603247130425323
1684.0,0.28588570327402035,0.7141142967259534,2.631228568361621e-14,0.7141142967259534,0.28588570327402035,1,lossless_ITO,-0.5283176423379017,-0.010618349300876365,-0.22589440237353087,0.6621542050007618
1685.0,0.2816059347214185,0.7183940652785722,9.325873406851315e-15,0.7183940652785722,0.2816059347214185,1,lossless_ITO,-0.5242232855603144,-0.003445311797774242,-0.22124201421124173,0.6659126314824642
1686.0,0.26211793189386584,0.7378820681080858,-1.9515500326861e-12,0.7378820681080858,0.26211793189386584,1,lossless_ITO,-0.4964958048859022,0.016639322028947728,-0.2000409290439219,0.678774821957768
1687.0,0.28241783431340367,0.7175821656866778,-8.137934770502397e-14,0.7175821656866778,0.28241783431340367,1,lossless_ITO,-0.5248548262597826,-0.004273436682618828,-0.22010909706317622,0.665840538964136
1688.0,0.2772513612087492,0.722748638791236,1.4765966227514582e-14,0.722748638791236,0.2772513612087492,1,lossless_ITO,-0.5200361192298331,0.0018841762321228708,-0.21563999300164843,0.6700288576359739
1689.0,0.27782346540988073,0.7221765345898974,2.2182256032010628e-13,0.7221765345898974,0.27782346540988073,1,lossless_ITO,-0.5217518876070628,-0.005618117223198209,-0.218185439151217,0.6695136355101116
1690.0,0.2770557851333688,0.7229442148666364,-5.218048215738236e-15,0.7229442148666364,0.2770557851333688,1,lossless_ITO,-0.520154302646942,0.0035442950234828227,-0.21339065988582487,0.6709878017310087
1691.0,0.27410817855853475,0.7258918214414729,-7.66053886991358e-15,0.7258918214414729,0.27410817855853475,1,lossless_ITO,-0.5173199452568568,0.004034381317729041,-0.21164327475621247,0.6730785927426259
1692.0,0.27224601824550415,0.7277539817544896,6.217248937900877e-15,0.7277539817544896,0.27224601824550415,1,lossless_ITO,-0.5155145797767066,0.006136490716580116,-0.20946969318100797,0.6747296713787235
1693.0,0.2705561367683323,0.7294438632316678,0.0,0.7294438632316678,0.2705561367683323,1,lossless_ITO,-0.5138908692710238,0.007897802183693584,-0.20749114246633432,0.6762317178142191
1694.0,0.2687213925437341,0.7312786074562619,3.885780586188048e-15,0.7312786074562619,0.2687213925437341,1,lossless_ITO,-0.5121576966096087,0.009742839003300113,-0.20546206355252566,0.6778346065188482
1695.0,0.28187622823244324,0.7181237717694791,-1.922240144835996e-12,0.7181237717694791,0.28187622823244324,1,lossless_ITO,-0.5239068267059661,-0.006699231425214246,-0.21309575473987957,0.6681154478288343
1696.0,0.2670286822319394,0.7329713177680783,-1.7763568394002505e-14,0.7329713177680783,0.2670286822319394,1,lossless_ITO,-0.5103961374817751,0.011195803086403687,-0.2023414324934767,0.6795929393200332
1697.0,0.2655923564095562,0.7344076435904373,6.5503158452884236e-15,0.7344076435904373,0.2655923564095562,1,lossless_ITO,-0.5089058916908635,0.013091528697873438,-0.20103570543375307,0.6807336139167165
1698.0,0.26603225088647153,0.7339677491135115,1.6986412276764895e-14,0.7339677491135115,0.26603225088647153,1,lossless_ITO,-0.5092565310996154,0.013433575935843003,-0.20016099492465392,0.6807280540484955
1699.0,0.26309710295502065,0.7369028970449089,7.049916206369744e-14,0.7369028970449089,0.26309710295502065,1,lossless_ITO,-0.5064646384947662,0.0155277863735089,-0.19747231325924297,0.6830750449447822
1700.0,0.26194947889715425,0.7380505211029286,-8.282263763703668e-14,0.7380505211029286,0.26194947889715425,1,lossless_ITO,-0.5053639591615149,0.016743534227556152,-0.19589607328631384,0.6841470000812799
