lam,R,T,A,T00,R00,n_orders,case,re_r,im_r,re_t,im_t
1200.0,0.022935381655431047,0.9770646183445928,-2.3869795029440866e-14,0.5834234452140431,0.022935381655431047,5,without_ITO,-0.03433219152799294,0.02519902577028091,-0.3759774767538082,0.5093201928631454
1201.0,0.022922804862950306,0.9770771951359172,1.1325385074201222e-12,0.5840087660753268,0.022922804862950306,5,without_ITO,-0.03407906040321107,0.023949121275655072,-0.3741115717224726,0.5110319184770714
1202.0,0.022914944521699957,0.9770850554785248,-2.2470914018413168e-13,0.5845853987941088,0.022914944521699957,5,without_ITO,-0.03383354540615924,0.022704763567286068,-0.37223829961199345,0.5127303803261972
1203.0,0.022911760186721263,0.9770882398133031,-2.4313884239290928e-14,0.5851534612395936,0.022911760186721263,5,without_ITO,-0.03359540115470194,0.021465653272826568,-0.37035731622016455,0.5144159378808846
1204.0,0.022913260394019808,0.9770867396060291,-4.8960835385969403e-14,0.5857126960206844,0.022913260394019808,5,without_ITO,-0.033364471767952875,0.020232036516653062,-0.3684689492810298,0.5160882361207813
1205.0,0.022919405401789855,0.9770805945982337,-2.353672812205332e-14,0.5862632257279039,0.022919405401789855,5,without_ITO,-0.03314052775213738,0.01900361596044836,-0.3665728565317775,0.5177476287171123
1206.0,0.022930180003866447,0.9770698199960388,9.470202400052585e-14,0.5868049872578885,0.022930180003866447,5,without_ITO,-0.03292338668046779,0.017780366395764913,-0.36466903212158563,0.5193941124423308
1207.0,0.022945590041846646,0.9770544099582767,-1.233457780358549e-13,0.5873377470153349,0.022945590041846646,5,without_ITO,-0.03271290553414208,0.016562522613089603,-0.3627578107211244,0.5210273461395888
1208.0,0.0229655978456247,0.9770344021543723,2.9976021664879227e-15,0.5878616318237226,0.0229655978456247,5,without_ITO,-0.032508875525055436,0.015349790783441675,-0.3608388509670973,0.5226476744385359
1209.0,0.022990208176771765,0.9770097918233187,-9.048317650695026e-14,0.5883764226643544,0.022990208176771765,5,without_ITO,-0.032311161039752734,0.01414239852193927,-0.358912490834272,0.5242547653099066
1210.0,0.023019366254333675,0.9769806337456829,-1.6542323066914832e-14,0.5888824129170077,0.023019366254333675,5,without_ITO,-0.032119535107947184,0.012939800513390165,-0.3569780466143111,0.5258492843557855
1211.0,0.02305309660546095,0.976946903394432,1.0702549957386509e-13,0.5893792254729703,0.02305309660546095,5,without_ITO,-0.0319339013989246,0.011742476296597082,-0.35503619889697324,0.5274305736862969
1212.0,0.023091383500476056,0.9769086164995107,1.3322676295501878e-14,0.5898668300807962,0.023091383500476056,5,without_ITO,-0.031754102372296256,0.010550386702407988,-0.35308694796688816,0.5289986458216384
1213.0,0.023134194748938765,0.9768658052511324,-7.116529587847253e-14,0.590345354974047,0.023134194748938765,5,without_ITO,-0.03157995758915233,0.009363244670575699,-0.3511299497949555,0.5305538295348509
1214.0,0.023181517865338706,0.9768184821347077,-4.6407322429331543e-14,0.5908147660245029,0.023181517865338706,5,without_ITO,-0.0314113207109864,0.008181016288177911,-0.3491652019561985,0.5320961269630822
1215.0,0.02323334109396914,0.9767666589060184,1.2434497875801753e-14,0.5912750318173959,0.02323334109396914,5,without_ITO,-0.031248048972547626,0.0070036667436505495,-0.3471927016550257,0.5336255407754396
1216.0,0.02328966873325094,0.9767103312668006,-5.1514348342607263e-14,0.5917259784204706,0.02328966873325094,5,without_ITO,-0.03109002728602206,0.005831400332396375,-0.3452127919692167,0.5351417701785396
1217.0,0.023350474258372295,0.9766495257415829,4.474198789239381e-14,0.5921677314035542,0.023350474258372295,5,without_ITO,-0.0309370936431263,0.004663935951992104,-0.3432251239385574,0.5366451305936683
1218.0,0.023415748552815686,0.9765842514472638,-7.949196856316121e-14,0.5926002667428129,0.023415748552815686,5,without_ITO,-0.030789115307099435,0.0035012363346161313,-0.34122969273456927,0.5381356261544734
1219.0,0.0234854970020242,0.976514502998035,-5.917488721252084e-14,0.5930234279362193,0.0234854970020242,5,without_ITO,-0.03064598438982913,0.002343496508291243,-0.3392268410530843,0.539612969176885
1220.0,0.023559697918191614,0.9764403020818255,-1.709743457922741e-14,0.5934373369642858,0.023559697918191614,5,without_ITO,-0.03050755089972046,0.0011904400786049707,-0.3372162149231738,0.5410774647234546
1221.0,0.02363835778347299,0.9763616422165446,-1.765254609153999e-14,0.5938418485447949,0.02363835778347299,5,without_ITO,-0.030373711444391216,4.225611249442096e-05,-0.3351981560306048,0.5425288337757147
1222.0,0.023721446527742013,0.9762785534722476,1.0436096431476471e-14,0.5942372057325588,0.023721446527742013,5,without_ITO,-0.030244303653269022,-0.001101554804939897,-0.33317195615072726,0.5439676547942228
1223.0,0.02380898491339043,0.9761910150866078,1.7763568394002505e-15,0.5946231429738076,0.02380898491339043,5,without_ITO,-0.03011924935653776,-0.0022405786667497596,-0.3311383045657973,0.5453933690165609
1224.0,0.02390096916227446,0.976099030837724,1.5543122344752192e-15,0.5949996589267778,0.02390096916227446,5,without_ITO,-0.02999843110242334,-0.003374863596364408,-0.3290971906951378,0.5468059946921673
1225.0,0.023997386590967142,0.9760026134090325,3.3306690738754696e-16,0.5953668673171275,0.023997386590967142,5,without_ITO,-0.02988171622840713,-0.0045046778085312544,-0.327048250111481,0.5482058190001022
1226.0,0.024098237765131394,0.9759017622349104,-4.18554080283684e-14,0.5957247594429105,0.024098237765131394,5,without_ITO,-0.029768994237674318,-0.0056300638466735276,-0.32499146698463116,0.5495928489352442
1227.0,0.024203524696399054,0.9757964753035793,2.1649348980190553e-14,0.5960733281805489,0.024203524696399054,5,without_ITO,-0.029660157033897072,-0.00675106481666321,-0.3229268236161991,0.5509670917414378
1228.0,0.024313259751681505,0.9756867402483299,-1.1435297153639112e-14,0.5964124657003972,0.024313259751681505,5,without_ITO,-0.02955511541425837,-0.007867511421444373,-0.3208546539670236,0.5523282982437603
1229.0,0.024427438216788066,0.9755725617831854,2.653433028854124e-14,0.5967422775567925,0.024427438216788066,5,without_ITO,-0.029453748568943006,-0.008979665131991443,-0.3187745835931002,0.5536767407651216
1230.0,0.02454606680128416,0.9754539331987573,-4.141131881851834e-14,0.5970627611579485,0.02454606680128416,5,without_ITO,-0.029355955390287514,-0.010087570581051586,-0.31668658847647474,0.5550124271998864
1231.0,0.02466916137695287,0.9753308386230377,9.43689570931383e-15,0.5973738242915886,0.02466916137695287,5,without_ITO,-0.02926165241491352,-0.011191066448008158,-0.31459099730134116,0.5563351209848053
1232.0,0.02479672368478979,0.9752032763152556,-4.54081217071689e-14,0.5976755657622009,0.02479672368478979,5,without_ITO,-0.029170726855449303,-0.012290409035346173,-0.3124874271539577,0.5576450830084894
1233.0,0.024928765640825013,0.9750712343591996,-2.4646951146678475e-14,0.5979679872169866,0.024928765640825013,5,without_ITO,-0.029083084198078868,-0.013385644323610113,-0.3103758467074115,0.5589423216410178
1234.0,0.025065301005423243,0.9749346989945668,9.992007221626409e-15,0.5982510916539434,0.025065301005423243,5,without_ITO,-0.02899863202607722,-0.014476818714338147,-0.308256221995608,0.5602268453646496
1235.0,0.02520635126770797,0.9747936487322889,3.1086244689504383e-15,0.598524807597158,0.02520635126770797,5,without_ITO,-0.028917294409311206,-0.01556378111800416,-0.3061288728435697,0.561498434289571
1236.0,0.025351927456678698,0.9746480725432867,3.4638958368304884e-14,0.5987892242405936,0.025351927456678698,5,without_ITO,-0.02883896827142518,-0.01664678083736948,-0.30399340377903117,0.5627573336630997
1237.0,0.025502054321029838,0.9744979456789429,2.731148640577885e-14,0.5990442805682676,0.025502054321029838,5,without_ITO,-0.028763581515342973,-0.017725671716124713,-0.3018501293458955,0.5640033319010314
1238.0,0.025656747879663957,0.9743432521203641,-2.808864252301646e-14,0.5992900608333681,0.025656747879663957,5,without_ITO,-0.0286910356315232,-0.018800699494560646,-0.2996986471784145,0.5652366662840875
1239.0,0.02581603215191205,0.9741839678481033,-1.5432100042289676e-14,0.5995265748096001,0.02581603215191205,5,without_ITO,-0.02862124851782477,-0.019871912350212684,-0.2975389082182845,0.566457345653363
1240.0,0.025979933410690968,0.9740200665893677,-5.861977570020827e-14,0.5997538336116002,0.025979933410690968,5,without_ITO,-0.028554140051698804,-0.020939358773257588,-0.29537086004085034,0.5676653788593882
1241.0,0.026148483858364824,0.9738515161415692,6.605826996519681e-14,0.5999717973888167,0.026148483858364824,5,without_ITO,-0.02848964586968261,-0.02200290218448009,-0.2931948049379708,0.5688605708325236
1242.0,0.026321710238003525,0.9736782897620083,-1.1879386363489175e-14,0.6001805402919775,0.026321710238003525,5,without_ITO,-0.028427675993721833,-0.02306278112734239,-0.29101032553845124,0.5700431425721725
1243.0,0.026499646093745804,0.9735003539062812,-2.6978419498391304e-14,0.6003800776310142,0.026499646093745804,5,without_ITO,-0.028368156293710728,-0.024119044898597952,-0.28881735843725265,0.5712131028984443
1244.0,0.026682330164863634,0.9733176698351376,-1.2212453270876722e-15,0.6005703858743737,0.026682330164863634,5,without_ITO,-0.02831102846304938,-0.025171563826836052,-0.28661619506140174,0.5723702691007893
1245.0,0.0268697980337426,0.9731302019662587,-1.2212453270876722e-15,0.6007515316181207,0.0268697980337426,5,without_ITO,-0.02825620861853173,-0.02622057095558672,-0.2844064055155908,0.5735148497012368
1246.0,0.027062091322333157,0.9729379086777172,-5.040412531798211e-14,0.6009235346329201,0.027062091322333157,5,without_ITO,-0.028203628644392284,-0.027266116227973813,-0.2821879140843427,0.5746468533611986
1247.0,0.02725925623035363,0.972740743769674,-2.7644553313166398e-14,0.6010863882310474,0.02725925623035363,5,without_ITO,-0.028153236588780065,-0.02830807665737789,-0.27996099974898847,0.5757661097219733
1248.0,0.027461337990314694,0.9725386620096752,1.0103029524088925e-14,0.6012401516030632,0.027461337990314694,5,without_ITO,-0.028104954504314494,-0.029346679690755773,-0.2777252188499264,0.5768728145955507
1249.0,0.027668387237939726,0.972331612762081,-2.0761170560490427e-14,0.6013848493864387,0.027668387237939726,5,without_ITO,-0.028058720415036764,-0.030381975750187196,-0.27548048186401636,0.5779669763663968
1250.0,0.02788045784021668,0.9721195421597977,-1.432187701766452e-14,0.601520507931395,0.02788045784021668,5,without_ITO,-0.02801447441318955,-0.03141401538288868,-0.2732266943206414,0.5790486032865932
1251.0,0.02809760761238558,0.9719023923875894,2.5091040356528538e-14,0.6016471440734522,0.02809760761238558,5,without_ITO,-0.027972173629723054,-0.03244268417580631,-0.27096411584395114,0.5801175414792347
1252.0,0.02831989617578898,0.9716801038242204,-9.43689570931383e-15,0.601764807580798,0.02831989617578898,5,without_ITO,-0.027931747969809767,-0.033468201929079844,-0.26869228217824437,0.5811739694297536
1253.0,0.028547387915340845,0.9714526120846765,-1.7319479184152442e-14,0.601873530457657,0.028547387915340845,5,without_ITO,-0.027893144016683108,-0.034490619422245405,-0.2664110827121985,0.5822178949700494
1254.0,0.028780150849321957,0.9712198491506703,7.771561172376096e-15,0.6019733482528535,0.028780150849321957,5,without_ITO,-0.027856326363512485,-0.03550982840483963,-0.2641207601356438,0.5832491766466832
1255.0,0.02901825679671165,0.9709817432033345,-4.618527782440651e-14,0.6020643042563285,0.02901825679671165,5,without_ITO,-0.027821230977386258,-0.03652604275558802,-0.2618208327043024,0.5842679796851397
1256.0,0.029261782031344632,0.9707382179686656,-1.021405182655144e-14,0.6021464369335466,0.029261782031344632,5,without_ITO,-0.027787811359872128,-0.03753931327644078,-0.25951117159407106,0.5852743114025797
1257.0,0.0295108071312186,0.9704891928687582,2.3203661214665772e-14,0.6022197870908361,0.0295108071312186,5,without_ITO,-0.027756023418413656,-0.03854969072525538,-0.2571916414156976,0.5862681789060568
1258.0,0.02976541612322295,0.9702345838767801,-2.9976021664879227e-15,0.6022844170090074,0.02976541612322295,5,without_ITO,-0.027725842794537547,-0.039557074697597505,-0.2548624585171067,0.5872494574054429
1259.0,0.0300256994229142,0.96997430057707,1.5765166949677223e-14,0.6023403624373538,0.0300256994229142,5,without_ITO,-0.02769721403990666,-0.04056167084902784,-0.2525231145478418,0.5882182940481266
1260.0,0.030291750297551177,0.9697082497024397,9.103828801926284e-15,0.6023877000154415,0.030291750297551177,5,without_ITO,-0.027670118962001444,-0.041563382525181436,-0.2501738107661813,0.5891745724747003
1261.0,0.030563671323903807,0.969436328676148,-5.184741524999481e-14,0.6024264299454116,0.030563671323903807,5,without_ITO,-0.027644488198318884,-0.04256255618903315,-0.24781366585190806,0.5901185490430961
1262.0,0.030841564691751585,0.9691584353082467,1.6653345369377348e-15,0.6024566673409277,0.030841564691751585,5,without_ITO,-0.02762032782695112,-0.04355894970978047,-0.2454432230019936,0.5910499885479263
1263.0,0.031125542797814057,0.9688744572021725,1.3433698597964394e-14,0.6024784422215234,0.031125542797814057,5,without_ITO,-0.027597592059770637,-0.04455276000167463,-0.24306194255963873,0.5919690196022306
1264.0,0.03141572036237335,0.9685842796376091,1.7541523789077473e-14,0.6024918621991605,0.03141572036237335,5,without_ITO,-0.0275762765334846,-0.045543897510896714,-0.24066999118533788,0.5928755428232829
1265.0,0.03171222469000574,0.9682877753100528,-5.861977570020827e-14,0.6024969045009578,0.03171222469000574,5,without_ITO,-0.027556320188444505,-0.046532691589233566,-0.2382664546521379,0.5937697777448967
1266.0,0.03201518098804901,0.9679848190119718,-2.0761170560490427e-14,0.6024937351656694,0.03201518098804901,5,without_ITO,-0.02753774613708493,-0.047518914903067366,-0.23585183713562932,0.5946515241283374
1267.0,0.03232472540875202,0.9676752745912636,-1.554312234475219e-14,0.6024824413389149,0.03232472540875202,5,without_ITO,-0.027520541971195023,-0.04850262189268095,-0.23342591760671694,0.5955208004127103
1268.0,0.03264100697049161,0.9673589930295056,2.7755575615628914e-15,0.6024629845605243,0.03264100697049161,5,without_ITO,-0.027504654015539864,-0.04948412845217898,-0.23098775303264624,0.5963777979169512
1269.0,0.03296417183361778,0.9670358281663707,1.1546319456101628e-14,0.6024355723150917,0.03296417183361778,5,without_ITO,-0.027490120469830126,-0.05046321793526998,-0.2285378127914254,0.5972223431169403
1270.0,0.033294382298915855,0.9667056177010958,-1.1657341758564144e-14,0.6024002313172244,0.033294382298915855,5,without_ITO,-0.027476917272534318,-0.05144007001463624,-0.2260754868924271,0.5980545309919171
1271.0,0.033631803415311926,0.9663681965846446,4.3520742565306136e-14,0.6023571334799803,0.033631803415311926,5,without_ITO,-0.027465071467122293,-0.052414605899773536,-0.22360086283368305,0.5988742926219064
1272.0,0.033976618624841304,0.9660233813751312,2.7422508708241367e-14,0.6023062222268848,0.033976618624841304,5,without_ITO,-0.0274545415919627,-0.053387122341699345,-0.2211129521504667,0.5996817807457732
1273.0,0.034329008299983636,0.9656709917000006,1.5765166949677223e-14,0.6022477656553606,0.034329008299983636,5,without_ITO,-0.027445389963009048,-0.0543574162335318,-0.21861216870655478,0.6004768581492321
1274.0,0.03468917252976851,0.9653108274701973,3.419486915845482e-14,0.6021817942863107,0.03468917252976851,5,without_ITO,-0.02743760957760455,-0.055325655643060245,-0.2160978499867962,0.6012595997593343
1275.0,0.035057315399394745,0.9649426846005443,6.09512440519211e-14,0.6021085247788961,0.035057315399394745,5,without_ITO,-0.02743125162824711,-0.05629176653016377,-0.21357002378685694,0.6020299545603789
1276.0,0.03543366300611332,0.9645663369938389,4.785061236134425e-14,0.6020278869338885,0.03543366300611332,5,without_ITO,-0.027426291009558845,-0.05725602456830314,-0.21102764571538593,0.6027880354623915
1277.0,0.03581843927072082,0.9641815607291678,1.113553693699032e-13,0.6019402172664003,0.03581843927072082,5,without_ITO,-0.027422820340875065,-0.05821823909482232,-0.20847106089782444,0.6035337424742457
1278.0,0.03621188797836601,0.9637881120211651,4.688471832992036e-13,0.6018456715343263,0.03621188797836601,5,without_ITO,-0.027420885582605914,-0.0591784548983903,-0.2058998912379517,0.6042670914347325
1279.0,0.036614274380235345,0.9633857256191686,5.960787419212465e-13,0.6017441734121324,0.036614274380235345,5,without_ITO,-0.02742047794258351,-0.06013693006812526,-0.20331304134026676,0.6049881644306032
1280.0,0.03702586312909077,0.9629741368709361,-2.6867397195928788e-14,0.6016361173034305,0.03702586312909077,5,without_ITO,-0.02742171833556628,-0.061093482266974336,-0.2007107936233499,0.6056968900609327
1281.0,0.03744694592603407,0.9625530540739187,4.729550084903167e-14,0.6015215565437513,0.03744694592603407,5,without_ITO,-0.02742464460392613,-0.062048253862061975,-0.19809236054657114,0.6063933062113595
1282.0,0.0378778273068171,0.9621221726932889,-1.0602629885170245e-13,0.6014006705740876,0.0378778273068171,5,without_ITO,-0.02742933455751173,-0.06300127528394739,-0.19545728096264628,0.6070774119331604
1283.0,0.03831882557862847,0.9616811744213025,6.905587213168474e-14,0.6012737927888312,0.03831882557862847,5,without_ITO,-0.027435911628244325,-0.06395247637829343,-0.19280541440785048,0.6077491930979648
1284.0,0.038770286118059154,0.9612297138819822,-4.1300296516055823e-14,0.6011409954574846,0.038770286118059154,5,without_ITO,-0.02744444225053,-0.06490198516642792,-0.1901359013976649,0.6084086706387318
1285.0,0.03923257077721014,0.9607674292227752,1.4654943925052066e-14,0.6010024955609947,0.03923257077721014,5,without_ITO,-0.027455038341765325,-0.06584982375294243,-0.18744820157086456,0.6090558417675984
1286.0,0.03970606335168483,0.9602939366482086,1.0658141036401503e-13,0.6008585244167444,0.03970606335168483,5,without_ITO,-0.02746782522088087,-0.0667960107769125,-0.18474174459488196,0.6096907028983561
1287.0,0.04019116720210195,0.9598088327979004,-2.3314683517128287e-15,0.6007094939298718,0.04019116720210195,5,without_ITO,-0.02748298244543712,-0.06774047298400121,-0.18201626937180115,0.6103132585349716
1288.0,0.04068831920218649,0.9593116807978013,1.2212453270876722e-14,0.6005555139861453,0.04068831920218649,5,without_ITO,-0.027500628714456354,-0.06868331415271706,-0.17927079566610682,0.6109235053174895
1289.0,0.04119797957304069,0.9588020204269787,-1.942890293094024e-14,0.6003968659650855,0.04119797957304069,5,without_ITO,-0.02752093761196317,-0.06962454012253085,-0.17650464988856598,0.6115214368625443
1290.0,0.041720638118650004,0.9582793618813077,4.2299497238218464e-14,0.6002338504807557,0.041720638118650004,5,without_ITO,-0.027544101979355418,-0.07056415136855164,-0.1737171189755951,0.6121070455283718
1291.0,0.04225681279709452,0.9577431872029718,-6.628031457012185e-14,0.6000669780338224,0.04225681279709452,5,without_ITO,-0.027570380373982184,-0.07150206527406767,-0.17090778382661753,0.6126803538137225
1292.0,0.042807064078503765,0.9571929359214392,5.706546346573305e-14,0.5998964155831142,0.042807064078503765,5,without_ITO,-0.0275999682936503,-0.07243835247805878,-0.16807550414709546,0.613241331091934
1293.0,0.04337198608904993,0.9566280139109624,-1.2323475573339238e-14,0.5997225312547794,0.04337198608904993,5,without_ITO,-0.02763312905073867,-0.07337299337461319,-0.1652194293069905,0.6137899649830875
1294.0,0.043952213847044064,0.9560477861529285,2.7422508708241367e-14,0.5995457192752867,0.043952213847044064,5,without_ITO,-0.027670154542059233,-0.07430595985057616,-0.16233865545224208,0.6143262409180598
1295.0,0.044548423496152054,0.9554515765038961,-4.8183679268731794e-14,0.5993666165637314,0.044548423496152054,5,without_ITO,-0.0277114184302929,-0.07523714930700857,-0.15943255175074708,0.6148501972192413
1296.0,0.04516134689591845,0.9548386531041178,-3.6193270602780103e-14,0.5991854747474762,0.04516134689591845,5,without_ITO,-0.027757232551213096,-0.07616658464891984,-0.15649976050973155,0.6153617707274703
1297.0,0.04579176536824926,0.9542082346317531,-2.3314683517128287e-15,0.5990027801516492,0.04579176536824926,5,without_ITO,-0.027807995310262124,-0.07709420534841475,-0.15353918986763287,0.6158609381293811
1298.0,0.04644051842899195,0.9535594815709814,2.6645352591003757e-14,0.5988190549218918,0.04644051842899195,5,without_ITO,-0.027864149123356552,-0.07801993693909756,-0.15054967419518775,0.616347671992148
1299.0,0.04710850685522619,0.9528914931447396,3.419486915845482e-14,0.5986351013890355,0.04710850685522619,5,without_ITO,-0.027926242000628543,-0.07894363808536362,-0.1475302911284469,0.6168220208538658
1300.0,0.04779670749931597,0.9522032925006578,2.6201263381153694e-14,0.5984512952733124,0.04779670749931597,5,without_ITO,-0.02799476826200087,-0.07986525891876173,-0.1444793791575286,0.6172838790152868
1301.0,0.04850617168502263,0.9514938283149691,8.326672684688674e-15,0.5982682857213255,0.04850617168502263,5,without_ITO,-0.028070337825266023,-0.08078467065863504,-0.14139550781712734,0.6177332018164501
1302.0,0.049238036465410355,0.9507619635346086,-1.8984813721090177e-14,0.5980867715137439,0.049238036465410355,5,without_ITO,-0.028153631342168417,-0.08170172070609985,-0.13827714096978444,0.618169936341709
1303.0,0.04999353258787789,0.9500064674121346,-1.2434497875801753e-14,0.5979077753773443,0.04999353258787789,5,without_ITO,-0.02824547305430558,-0.08261619424352074,-0.13512294153011012,0.618594127920152
1304.0,0.05077399997383125,0.9492260000262123,-4.3520742565306136e-14,0.5977318534563331,0.05077399997383125,5,without_ITO,-0.02834665577044393,-0.0835279232433894,-0.13193080868224896,0.6190056079544285
1305.0,0.051580894277336725,0.948419105722644,1.9317880628477724e-14,0.5975598809317285,0.051580894277336725,5,without_ITO,-0.028458136404031498,-0.08443665962569669,-0.12869881931736035,0.6194042876568931
1306.0,0.052415802877454315,0.9475841971225394,6.328271240363392e-15,0.5973928019950596,0.052415802877454315,5,without_ITO,-0.028580991658911425,-0.08534211235301936,-0.12542489272232824,0.6197900607103533
1307.0,0.053280461668052816,0.9467195383319438,3.4416913763379853e-15,0.597231936547696,0.053280461668052816,5,without_ITO,-0.028716507732713725,-0.0862439248577509,-0.12210707780537783,0.6201629372938456
1308.0,0.05417677145314606,0.9458232285468411,1.2878587085651816e-14,0.5970777910290138,0.05417677145314606,5,without_ITO,-0.02886591814961148,-0.08714173258743402,-0.11874230933252361,0.620522495683431
1309.0,0.055106826339309065,0.9448931736607,-9.103828801926284e-15,0.5969324804785202,0.055106826339309065,5,without_ITO,-0.02903100437423739,-0.08803503700064269,-0.11532882132775407,0.620868987696857
1310.0,0.05607292536147203,0.9439270746384825,4.551914400963142e-14,0.5967963607051211,0.05607292536147203,5,without_ITO,-0.029213321950694704,-0.0889233144513123,-0.1118627878438801,0.6212017509901242
1311.0,0.05707761637304962,0.9429223836269487,1.6653345369377348e-15,0.5966711246437563,0.05707761637304962,5,without_ITO,-0.029414976110485713,-0.08980590337010863,-0.10834131214181446,0.621520656928182
1312.0,0.05812372937824559,0.9418762706217536,7.771561172376096e-16,0.5965586072946206,0.05812372937824559,5,without_ITO,-0.029638382973761923,-0.09068204865372509,-0.10476116677561048,0.621825549060996
1313.0,0.05921440684438371,0.9407855931556203,-3.9968028886505635e-15,0.5964600898522987,0.05921440684438371,5,without_ITO,-0.029886154027722545,-0.0915508334097202,-0.10111817835841883,0.6221158529272035
1314.0,0.06035316489040546,0.9396468351096131,-1.8540724511240114e-14,0.5963772982001171,0.06035316489040546,5,without_ITO,-0.030161407318167854,-0.09241116723614456,-0.09740805527240036,0.6223910586595851
1315.0,0.06154396051683275,0.93845603948323,-6.272760089132134e-14,0.596312450372324,0.06154396051683275,5,without_ITO,-0.030467870020785992,-0.09326178429783627,-0.09362630425641086,0.6226507397830944
1316.0,0.0627912289117745,0.9372087710882431,-1.7541523789077473e-14,0.5962667831516264,0.0627912289117745,5,without_ITO,-0.030809620708464713,-0.09410103819336768,-0.08976704948124169,0.6228936980333201
1317.0,0.0641000403604681,0.9358999596395338,-1.887379141862766e-15,0.5962431285398476,0.0641000403604681,5,without_ITO,-0.031191880241099423,-0.09492711246383634,-0.08582487053352937,0.6231193600339321
1318.0,0.06547614360646246,0.9345238563935329,4.6629367034256575e-15,0.5962432933614213,0.06547614360646246,5,without_ITO,-0.03162053990387231,-0.09573763748874692,-0.08179277041888756,0.6233262512938952
1319.0,0.066926167441369,0.9330738325586618,-3.086420008457935e-14,0.5962699269569209,0.066926167441369,5,without_ITO,-0.032102885857191454,-0.0965298300256463,-0.07766338392010237,0.6235130000419421
1320.0,0.06845771749802361,0.931542282501963,1.3322676295501878e-14,0.5963244619651737,0.06845771749802361,5,without_ITO,-0.03264739524418908,-0.09729997208324181,-0.0734275170664385,0.6236770223410113
1321.0,0.07007974419334057,0.9299202558066352,2.4313884239290928e-14,0.5964098754366811,0.07007974419334057,5,without_ITO,-0.03326492240960155,-0.09804377538986508,-0.06907569408335858,0.6238160943335407
1322.0,0.07180271036614727,0.92819728963381,4.2743586448068527e-14,0.5965276428114056,0.07180271036614727,5,without_ITO,-0.03396852430295319,-0.09875547867126011,-0.06459612720402966,0.6239263504890493
1323.0,0.07363912479178918,0.9263608752081683,4.2521541843143495e-14,0.5966795705731589,0.07363912479178918,5,without_ITO,-0.03477485676051689,-0.0994279232039802,-0.05997556796358482,0.6240032464210952
1324.0,0.0756039454534746,0.9243960545465365,-1.1102230246251565e-14,0.5968651360153184,0.0756039454534746,5,without_ITO,-0.03570473615267186,-0.10005128159127563,-0.05519770435348931,0.624039598860846
1325.0,0.07771565352352588,0.9222843464764343,3.9745984281580604e-14,0.5970839006765298,0.07771565352352588,5,without_ITO,-0.03678579242455898,-0.10061317761947314,-0.05024403028863014,0.624026879586903
1326.0,0.07999715961666787,0.9200028403834047,-7.260858581048524e-14,0.5973310519147852,0.07999715961666787,5,without_ITO,-0.03805419237858221,-0.1010962349147429,-0.04509146236725382,0.6239518348549914
1327.0,0.08247777768906327,0.9175222223108968,3.9968028886505635e-14,0.5975970060266584,0.08247777768906327,5,without_ITO,-0.03955932525017722,-0.10147651208276504,-0.03971192504881849,0.6237956427346286
1328.0,0.08519610699036827,0.9148038930095219,1.0980105713542798e-13,0.5978629514679759,0.08519610699036827,5,without_ITO,-0.04137048534948129,-0.10171978866689002,-0.03407027444113291,0.6235301054720617
1329.0,0.0882051747695072,0.9117948252304884,4.440892098500626e-15,0.5980938425700272,0.0882051747695072,5,without_ITO,-0.043588820667488815,-0.10177582105223071,-0.028121526360633236,0.6231117776869953
1330.0,0.09158144926684096,0.9084185507331762,-1.7208456881689926e-14,0.5982219138513846,0.09158144926684096,5,without_ITO,-0.04636835608695322,-0.10156641102903874,-0.02180580008215571,0.6224688592641912
1331.0,0.09544431586435675,0.9045556841355639,7.938094626069869e-14,0.5981163691587478,0.09544431586435675,5,without_ITO,-0.049959400956132716,-0.10096501064399177,-0.01504037857663421,0.6214777939652628
1332.0,0.10000104459196846,0.8999989554080084,2.3092638912203256e-14,0.59750839756263,0.10000104459196846,5,without_ITO,-0.05480292372496599,-0.09975176413161152,-0.007702803589348428,0.6199071766565188
1333.0,0.10567336234302246,0.8943266376569929,-1.5432100042289676e-14,0.5957930890356163,0.10567336234302246,5,without_ITO,-0.061771308698384986,-0.09750892352810941,0.0004095540006149071,0.6172729556068338
1334.0,0.11355275367015767,0.8864472463297619,8.038014698286133e-14,0.5913838011570411,0.11355275367015767,5,without_ITO,-0.0729232599524329,-0.09332796557901801,0.009707259486509663,0.6123721145063751
1335.0,0.1279339975185823,0.8720660024814417,-2.398081733190338e-14,0.5787978255759167,0.1279339975185823,5,without_ITO,-0.09492137500771822,-0.08480160063755482,0.021468660499980252,0.601177083646294
1336.0,0.2001201973438098,0.7998798026562391,-4.8960835385969403e-14,0.5181196720169077,0.2001201973438098,5,without_ITO,-0.17864044964471498,-0.06513161580528182,0.049416269040181544,0.553558136940039
1337.0,0.07801934141671563,0.9219806585825147,7.69717622972621e-13,0.9219806585825147,0.07801934141671563,1,without_ITO,0.18771018945357704,0.16555322403618233,-0.14748567729970977,0.6475283756156385
1338.0,0.11383880966599942,0.8861611903338904,1.1013412404281553e-13,0.8861611903338904,0.11383880966599942,1,without_ITO,0.10876064189130927,-0.1169536878812758,0.055341110721024156,0.734447030320528
1339.0,0.1825034442524543,0.8174965557476611,-1.1535217225855376e-13,0.8174965557476611,0.1825034442524543,1,without_ITO,0.038695778820049306,-0.1408446824303083,0.10918132655214005,0.6670443620312173
1340.0,0.22749095317208698,0.7725090468278313,8.171241461241152e-14,0.7725090468278313,0.22749095317208698,1,without_ITO,0.0002396620614449757,-0.1384295976545758,0.1254651712967787,0.6173301039601987
1341.0,0.25735745578899094,0.7426425442110578,-4.873879078104437e-14,0.7426425442110578,0.25735745578899094,1,without_ITO,-0.021830798116074843,-0.12731035224937381,0.12635479793919338,0.578954092343872
1342.0,0.27626018826047827,0.7237398117394886,3.3084646133829665e-14,0.7237398117394886,0.27626018826047827,1,without_ITO,-0.03300852821673648,-0.11360539980491169,0.11928258230440963,0.5498275697213977
1343.0,0.2868992403360093,0.7131007596638548,1.3589129821411916e-13,0.7131007596638548,0.2868992403360093,1,without_ITO,-0.036489812870643595,-0.10030167779489368,0.10829915043644467,0.5286188582300171
1344.0,0.2914180222319772,0.7085819777679125,1.1024514634527804e-13,0.7085819777679125,0.2914180222319772,1,without_ITO,-0.03461856326916121,-0.08895380097160938,0.09599563259129107,0.5140420620385024
1345.0,0.29160848812338264,0.7083915118765686,4.873879078104437e-14,0.7083915118765686,0.29160848812338264,1,without_ITO,-0.029236990789089437,-0.08027098887043665,0.08404196549707844,0.5047852090913113
1346.0,0.2889416895030608,0.7110583104971854,-2.461364445593972e-13,0.7110583104971854,0.2889416895030608,1,without_ITO,-0.02178042236752556,-0.0744317229440673,0.07343764296509889,0.4995860891195379
1347.0,0.2845770860898213,0.715422913910272,-9.336975637097567e-14,0.715422913910272,0.2845770860898213,1,without_ITO,-0.013328315596049314,-0.07130031317402397,0.06469711713168116,0.4973158939880759
1348.0,0.27938856754540364,0.7206114324547994,-2.0305979120394113e-13,0.7206114324547994,0.27938856754540364,1,without_ITO,-0.004653069131801621,-0.07057809856849695,0.05799808404251451,0.4970271758965794
1349.0,0.27401384333455703,0.7259861566654,4.296563105299356e-14,0.7259861566654,0.27401384333455703,1,without_ITO,0.0037083998578557875,-0.07190533229488,0.05331062710943656,0.49796186062034675
1350.0,0.268903551069772,0.731096448930366,-1.3788969965844444e-13,0.731096448930366,0.268903551069772,1,without_ITO,0.011404289029370324,-0.07492035094197907,0.050478585808450965,0.4995382274891579
1350.25,0.2677068384761395,0.7322931615239817,-1.212363542890671e-13,0.7322931615239817,0.2677068384761395,1,without_ITO,0.013195364635836815,-0.07589794371825082,0.050035758293812155,0.4999787906188927
1350.5,0.26655086324451044,0.7334491367555156,-2.5979218776228663e-14,0.7334491367555156,0.26655086324451044,1,without_ITO,0.014927664233353066,-0.07695524027126038,0.049691591699040416,0.5004262214343358
1350.75,0.26543921359560474,0.7345607864043191,7.616129948928574e-14,0.7345607864043191,0.26543921359560474,1,without_ITO,0.016599015798638816,-0.0780876842508404,0.04944220773180882,0.5008755022255738
1351.0,0.2643752219025304,0.7356247780976377,-1.680877659282487e-13,0.7356247780976377,0.2643752219025304,1,without_ITO,0.01820749025047924,-0.07929091450337528,0.04928369141173314,0.5013220235822113
1351.25,0.26336201513097446,0.7366379848688909,1.346700528870315e-13,0.7366379848688909,0.26336201513097446,1,without_ITO,0.01975133424399919,-0.08056074501822902,0.049212112345945705,0.5017615385542062
1351.5,0.2624025806631209,0.7375974193368418,3.730349362740526e-14,0.7375974193368418,0.2624025806631209,1,without_ITO,0.021228843513520806,-0.08189309757264185,0.049223546242699916,0.502190083838618
1351.75,0.26149975542921783,0.7385002445707515,3.0753177782116836e-14,0.7385002445707515,0.26149975542921783,1,without_ITO,0.022638446059053102,-0.08328404297820685,0.04931405022897514,0.502604011096907
1352.0,0.26065624519108754,0.739343754809112,-1.9950707752514063e-13,0.739343754809112,0.26065624519108754,1,without_ITO,0.023978711099111122,-0.08472981584807504,0.04947966274366563,0.502999984236617
1352.25,0.2598746497665534,0.740125350233649,-2.0239365738916604e-13,0.740125350233649,0.2598746497665534,1,without_ITO,0.025248348085518485,-0.08622682908182105,0.04971640801243106,0.503374973374674
1352.5,0.25915748118271004,0.7408425188172807,9.325873406851315e-15,0.7408425188172807,0.25915748118271004,1,without_ITO,0.02644624938984591,-0.0877717279747397,0.05002030091015931,0.5037262746104659
1352.75,0.25850722548309213,0.7414927745171505,-2.425837308805967e-13,0.7414927745171505,0.25850722548309213,1,without_ITO,0.027571385153249833,-0.08936133970864574,0.050387362691214264,0.5040514490435075
1353.0,0.25792638363630715,0.7420736163635124,1.8041124150158794e-13,0.7420736163635124,0.25792638363630715,1,without_ITO,0.028622754523538796,-0.0909926494230433,0.05081362136726622,0.5043482919849754
1353.25,0.25741750645384814,0.7425824935463865,-2.347011474057581e-13,0.7425824935463865,0.25741750645384814,1,without_ITO,0.02959935237227493,-0.09266278234869058,0.05129510623267836,0.5046148116385024
1353.5,0.25698322957460934,0.7430167704255926,-2.0183854587685346e-13,0.7430167704255926,0.25698322957460934,1,without_ITO,0.030500118483155397,-0.09436896374226894,0.05182783696846117,0.5048491991116106
1353.75,0.2566262971785414,0.7433737028212618,1.9684254226604025e-13,0.7433737028212618,0.2566262971785414,1,without_ITO,0.031323951616536144,-0.09610853631370936,0.05240781278377716,0.5050498372310881
1354.0,0.25634959496779,0.7436504050324799,-2.6989521728637555e-13,0.7436504050324799,0.25634959496779,1,without_ITO,0.03206969835617715,-0.09787896072421343,0.053031002424081444,0.5052152975106868
1354.25,0.25615618750033425,0.7438438124997084,-4.263256414560601e-14,0.7438438124997084,0.25615618750033425,1,without_ITO,0.03273613423023569,-0.0996778108671863,0.053693332833012794,0.5053443350480621
1354.5,0.25604936008947954,0.7439506399102191,3.013145288832675e-13,0.7439506399102191,0.25604936008947954,1,without_ITO,0.033321950369474995,-0.10150277862178164,0.054390677651134846,0.5054358892652717
1354.75,0.2560326641252861,0.7439673358743798,3.340661081097096e-13,0.7439673358743798,0.2560326641252861,1,without_ITO,0.03382571420977226,-0.10335164944534109,0.055118839476563194,0.5054890725469494
1355.0,0.25610996369863825,0.7438900363011367,2.2504220709151923e-13,0.7438900363011367,0.25610996369863825,1,without_ITO,0.034245838460783024,-0.10522228518399596,0.05587352954894604,0.505503167043738
1355.25,0.2562854840442469,0.743714515955938,-1.8485213360008856e-13,0.743714515955938,0.2562854840442469,1,without_ITO,0.03458054675978525,-0.10711260120521582,0.05665034337401947,0.5054776235582953
1355.5,0.25656385671157395,0.7434361432884191,6.8833827526759706e-15,0.7434361432884191,0.25656385671157395,1,without_ITO,0.034827828583190945,-0.10902052309359478,0.057444729244465205,0.5054120586939812
1355.75,0.256950179509857,0.7430498204902897,-1.4666046155298318e-13,0.7430498204902897,0.256950179509857,1,without_ITO,0.03498542649094458,-0.1109439939211242,0.05825196343253621,0.5053062766309304
1356.0,0.2574500841315272,0.7425499158685804,-1.0769163338864018e-13,0.7425499158685804,0.2574500841315272,1,without_ITO,0.03505080466755239,-0.1128809626626811,0.05906711960721743,0.5051602866518731
1356.25,0.2580698164669627,0.7419301835331337,-9.636735853746359e-14,0.7419301835331337,0.2580698164669627,1,without_ITO,0.035021112654186004,-0.11482937405494875,0.05988503505727094,0.5049743259515045
1356.5,0.25881634549711957,0.7411836545026316,2.489120021209601e-13,0.7411836545026316,0.25881634549711957,1,without_ITO,0.03489315057288936,-0.11678718209059041,0.0607002769506397,0.5047488938895872
1356.75,0.25969745174726,0.740302548252688,5.1958437552457326e-14,0.740302548252688,0.25969745174726,1,without_ITO,0.03466328874304914,-0.11875227690436907,0.06150708568108872,0.5044847704015849
1357.0,0.260721830887695,0.739278169112372,-6.705747068735946e-14,0.739278169112372,0.260721830887695,1,without_ITO,0.03432739776506663,-0.1207224296628143,0.06229931614773099,0.504183054737497
1357.25,0.26189920942902195,0.7381007905708286,1.4943601911454607e-13,0.7381007905708286,0.26189920942902195,1,without_ITO,0.03388077441615925,-0.12269523284876904,0.06307037261101582,0.5038452188127329
1357.5,0.26324045755704906,0.7367595424432156,-2.646771690706373e-13,0.7367595424432156,0.26324045755704906,1,without_ITO,0.033318056438930904,-0.12466801118317095,0.06381313321468679,0.5034731735129324
1357.75,0.26475775138208923,0.7352422486179468,-3.608224830031759e-14,0.7352422486179468,0.26475775138208923,1,without_ITO,0.032633140031425756,-0.12663776875079757,0.06451987475029702,0.5030693639312838
1358.0,0.26646474822254573,0.7335352517771774,2.7688962234151404e-13,0.7335352517771774,0.26646474822254573,1,without_ITO,0.03181907426556885,-0.12860110002778624,0.06518218335763669,0.5026368827736927
1358.25,0.26837677790798947,0.7316232220922945,-2.8399504969911504e-13,0.7316232220922945,0.26837677790798947,1,without_ITO,0.030867936185719813,-0.1305540684874013,0.06579085225818987,0.5021796116425761
1358.5,0.2705110584568593,0.729488941543388,-2.4724666758402236e-13,0.729488941543388,0.2705110584568593,1,without_ITO,0.029770686241230387,-0.13249205512340378,0.06633576704458702,0.5017024003139241
1358.75,0.2728869212302901,0.7271130787696387,7.116529587847253e-14,0.7271130787696387,0.2728869212302901,1,without_ITO,0.028517001787045,-0.13440955437585747,0.06680577735740252,0.5012112932579054
1359.0,0.2755260523548443,0.7244739476451105,4.518607710224387e-14,0.7244739476451105,0.2755260523548443,1,without_ITO,0.02709508840336347,-0.13629991641383438,0.06718855746239046,0.5007138191855508
1359.25,0.27845274601747116,0.7215472539824692,5.96189764223709e-14,0.7215472539824692,0.27845274601747116,1,without_ITO,0.025491466137957497,-0.13815501877214914,0.06747045749907865,0.5002193616828272
1359.5,0.2816941602695038,0.7183058397309059,-4.0967229608668276e-13,0.7183058397309059,0.2816941602695038,1,without_ITO,0.023690728226389957,-0.1399648439290097,0.06763634906048333,0.4997396350449725
1359.75,0.28528051698633666,0.7147194830136263,3.708144902248023e-14,0.7147194830136263,0.28528051698633666,1,without_ITO,0.021675281769256427,-0.14171691156331745,0.0676694771512415,0.49928929514927994
1360.0,0.28924522685607096,0.7107547731443973,-4.68292071786891e-13,0.7107547731443973,0.28924522685607096,1,without_ITO,0.019425077151812076,-0.14339554240606397,0.06755133693119168,0.49888672852953747
1360.25,0.2936248384060356,0.7063751615934357,5.286882043264995e-13,0.7063751615934357,0.2936248384060356,1,without_ITO,0.016917352174306954,-0.1449808844150349,0.06726160987965134,0.4985550707866977
1360.5,0.2984586416346728,0.7015413583650754,2.517985819849855e-13,0.7015413583650754,0.2984586416346728,1,without_ITO,0.01412644720160236,-0.14644761893269748,0.06677822480000023,0.49832351606623637
1360.75,0.3037879506905931,0.6962120493091677,2.391420395042587e-13,0.6962120493091677,0.3037879506905931,1,without_ITO,0.011023686673141742,-0.1477633271913079,0.0660775902075451,0.4982290177792616
1361.0,0.30965459444108506,0.6903454055587717,1.432187701766452e-13,0.6903454055587717,0.30965459444108506,1,without_ITO,0.007577475891945351,-0.14888630463219008,0.0651351509901323,0.4983184764017415
1361.25,0.31609822990962333,0.6839017700911367,-7.600586826583822e-13,0.6839017700911367,0.31609822990962333,1,without_ITO,0.0037537644490057698,-0.14976269056062447,0.0639264664044261,0.49865154776780324
1361.5,0.32315190173576125,0.6768480982647507,-5.119238366546597e-13,0.6768480982647507,0.32315190173576125,1,without_ITO,-0.0004829014830259881,-0.15032272039524255,0.06242909522283416,0.49930424135513324
1361.75,0.3308340501334154,0.6691659498663667,2.1793677973391823e-13,0.6691659498663667,0.3308340501334154,1,without_ITO,-0.005166981133583798,-0.15047580376472497,0.06062599886704241,0.5003733087720057
1362.0,0.3391357676328951,0.6608642323671734,-6.850076061937216e-14,0.6608642323671734,0.3391357676328951,1,without_ITO,-0.01032759283496365,-0.15010444606265635,0.058511171950362144,0.5019814374285586
1362.25,0.3480006461730154,0.6519993538262648,7.19757586864489e-13,0.6519993538262648,0.3480006461730154,1,without_ITO,-0.01598093630431116,-0.14905707393284912,0.05609875398916222,0.5042828772784301
1362.5,0.3572935517916855,0.6427064482086099,-2.9543034685275416e-13,0.6427064482086099,0.3572935517916855,1,without_ITO,-0.022117527884974703,-0.14714046949381557,0.05343741560278875,0.5074683523610669
1362.75,0.36675529342314395,0.6332447065770754,-2.1938006966593093e-13,0.6332447065770754,0.36675529342314395,1,without_ITO,-0.028682307627144188,-0.14411348237160657,0.05063176875976306,0.5117673027918858
1363.0,0.37593868294640215,0.6240613170541783,-5.805356195764944e-13,0.6240613170541783,0.37593868294640215,1,without_ITO,-0.035544366554979556,-0.13968588418153488,0.04787313313598984,0.517442728630995
1363.25,0.38412638973867347,0.6158736102616094,-2.828848266744899e-13,0.6158736102616094,0.38412638973867347,1,without_ITO,-0.04245427317731881,-0.13353003498568358,0.04548011650064291,0.5247705167154979
1363.5,0.3902425441864806,0.6097574558133653,1.5420997812043424e-13,0.6097574558133653,0.3902425441864806,1,without_ITO,-0.048991046414947004,-0.12531812088169225,0.04394430446491253,0.5339908426134184
1363.75,0.3927944875932455,0.6072055124050066,1.7479351299698465e-12,0.6072055124050066,0.3927944875932455,1,without_ITO,-0.05451102631099833,-0.11480287813960405,0.04396490173772317,0.5452160954925523
1364.0,0.38992232040013025,0.6100776796008731,-1.0034195696562165e-12,0.6100776796008731,0.38992232040013025,1,without_ITO,-0.05813169165402071,-0.10195606386451272,0.04643610479517927,0.5582879167543771
1364.25,0.37966906696710867,0.6203309330336517,-7.603917495657697e-13,0.6203309330336517,0.37966906696710867,1,without_ITO,-0.058807637818258846,-0.08715348563603798,0.052331873580924185,0.572606574068989
1364.5,0.36055312269106543,0.6394468773091825,-2.4791280139879746e-13,0.6394468773091825,0.36055312269106543,1,without_ITO,-0.055558197643103546,-0.07133578151439807,0.06244293859081227,0.5870164652353279
1364.75,0.3323435784248536,0.667656421576567,-1.4206413823103503e-12,0.667656421576567,0.3323435784248536,1,without_ITO,-0.0478393959117801,-0.05600512738798785,0.07700257205816682,0.5998871099465419
1365.0,0.2966373856041645,0.7033626143956113,2.241540286718191e-13,0.7033626143956113,0.2966373856041645,1,without_ITO,-0.03590561472762355,-0.04292846328918615,0.095384045038071,0.6094877997865792
1365.25,0.2567211786301981,0.7432788213709342,-1.1323164628151972e-12,0.7432788213709342,0.2567211786301981,1,without_ITO,-0.020898794704375556,-0.033598217969839084,0.1161233452480491,0.6145497445995004
1365.5,0.21660283373793668,0.7833971662628854,-8.220091274324659e-13,0.7833971662628854,0.21660283373793668,1,without_ITO,-0.004526304603396286,-0.028741673093660325,0.13734627017298578,0.614693254845291
1365.75,0.17975678656772417,0.8202432134303127,1.9630963521422018e-12,0.8202432134303127,0.17975678656772417,1,without_ITO,0.01150020629502238,-0.02818474644813007,0.15736246680817867,0.6104478568526325
1366.0,0.1483215651482991,0.8516784348519479,-2.4702462297909733e-13,0.8516784348519479,0.1483215651482991,1,without_ITO,0.025920519486203553,-0.031100974535681503,0.17507273722914105,0.6029061748226817
1366.25,0.12302040111859196,0.8769795988821014,-6.933342788784103e-13,0.8769795988821014,0.12302040111859196,1,without_ITO,0.03807976087002374,-0.03641395186164398,0.19004010627001236,0.5932861670245018
1366.5,0.10355516733178917,0.8964448326678752,3.356204203441848e-13,0.8964448326678752,0.10355516733178917,1,without_ITO,0.04783198935930549,-0.04311703719445115,0.2023258726499886,0.5826290283054858
1366.75,0.08909888269631855,0.9109011173034818,1.9961809982760315e-13,0.9109011173034818,0.08909888269631855,1,without_ITO,0.05534874335200596,-0.050426826634184074,0.21226457497939158,0.5716844813868838
1367.0,0.07866919954558403,0.9213308004542686,1.4732659536775827e-13,0.9213308004542686,0.07866919954558403,1,without_ITO,0.06094701555790688,-0.057806356259419184,0.22028574724168454,0.560923310885769
1367.25,0.07133938709705859,0.928660612903139,-1.9750867608081535e-13,0.928660612903139,0.07133938709705859,1,without_ITO,0.06497653969506234,-0.0649242718803971,0.22680884404372212,0.5506020498506973
1367.5,0.0663263100041156,0.9336736899957621,1.2234657731369225e-13,0.9336736899957621,0.0663263100041156,1,without_ITO,0.06776125040761094,-0.07159775634030854,0.23219619351788226,0.5408327156596519
1367.75,0.06300778979414526,0.9369922102058575,-2.7755575615628914e-15,0.9369922102058575,0.06300778979414526,1,without_ITO,0.06957633042847688,-0.07774158110613863,0.2367404403782326,0.5316389290169268
1368.0,0.060907189966000655,0.9390928100336979,3.0142555118573e-13,0.9390928100336979,0.060907189966000655,1,without_ITO,0.07064469906555787,-0.08333023893374994,0.24066887635417064,0.5229948033104721
1368.25,0.05966729974136839,0.9403327002588364,-2.0483614804334138e-13,0.9403327002588364,0.05966729974136839,1,without_ITO,0.07114215102290605,-0.08837233227183539,0.24415393038055516,0.5148496809819189
1368.5,0.05902394427824395,0.9409760557215723,1.837419105754634e-13,0.9409760557215723,0.05902394427824395,1,without_ITO,0.07120530640233991,-0.09289424067194535,0.24732452424730716,0.5071429433715572
1368.75,0.05878331423931445,0.9412166857601734,5.121458812595847e-13,0.9412166857601734,0.05878331423931445,1,without_ITO,0.07093964596265345,-0.09693033193503428,0.2502762272013038,0.4998121962687165
1369.0,0.058803963122386976,0.9411960368774384,1.7463808177353712e-13,0.9411960368774384,0.058803963122386976,1,without_ITO,0.07042649237160398,-0.10051723503887236,0.2530794731246338,0.4927975774997827
1369.25,0.058983059473678004,0.9410169405265169,-1.9484414082171497e-13,0.9410169405265169,0.058983059473678004,1,without_ITO,0.06972869586547759,-0.1036906708480603,0.2557859290904895,0.4860437556350889
1369.5,0.059246128629014544,0.9407538713712507,-2.652322805829499e-13,0.9407538713712507,0.059246128629014544,1,without_ITO,0.06889510080561956,-0.10648385086665688,0.25843331974610445,0.47950059326931666
1369.75,0.05953948585047161,0.9404605141497429,-2.1449508835758024e-13,0.9404605141497429,0.05953948585047161,1,without_ITO,0.06796398482666077,-0.10892673929065635,0.26104898855880865,0.47312317291946693
1370.0,0.05982470008693132,0.9401752999130766,-7.882583474838611e-15,0.9401752999130766,0.05982470008693132,1,without_ITO,0.06696568236569295,-0.11104586310024231,0.2636525331660412,0.4668714412897013
1370.25,0.06007455714257093,0.9399254428572152,2.1382895454280515e-13,0.9399254428572152,0.06007455714257093,1,without_ITO,0.06592457470826418,-0.11286440291049404,0.2662577319349851,0.46070971345721384
1370.5,0.06027011678318759,0.9397298832166867,1.2567724638756772e-13,0.9397298832166867,0.06027011678318759,1,without_ITO,0.06486059977377312,-0.11440241273217275,0.26887392550225186,0.454606181042274
1370.75,0.060398592095331854,0.9396014079048691,-2.0095036745715333e-13,0.9396014079048691,0.060398592095331854,1,without_ITO,0.06379039122441477,-0.11567717223907381,0.2715070861066085,0.44853230729868065
1371.0,0.0604518021514759,0.9395481978483471,1.7696955012524995e-13,0.9395481978483471,0.0604518021514759,1,without_ITO,0.06272814589306908,-0.11670351591029293,0.27416058339090776,0.44246231538231523
1371.25,0.06042504726577639,0.9395749527348936,-6.699085730588195e-13,0.9395749527348936,0.06042504726577639,1,without_ITO,0.06168628829027589,-0.11749415079816478,0.27683575069168304,0.43637271968897867
1371.5,0.06031629576139316,0.9396837042381363,4.705125178361413e-13,0.9396837042381363,0.06031629576139316,1,without_ITO,0.06067598332281804,-0.11805996339794389,0.2795323382492784,0.4302418417031609
1371.75,0.0601255775702746,0.9398744224292015,5.239142453206114e-13,0.9398744224292015,0.0601255775702746,1,without_ITO,0.059707545933204376,-0.11841023535916956,0.2822487393473153,0.42404957477958044
1372.0,0.05985455944735636,0.9401454405538002,-1.156630347054488e-12,0.9401454405538002,0.05985455944735636,1,without_ITO,0.058790761395854096,-0.11855287356778466,0.28498216448803804,0.4177771326664587
1372.25,0.05950625020946926,0.9404937497908614,-3.306244167333716e-13,0.9404937497908614,0.05950625020946926,1,without_ITO,0.05793513928921873,-0.11849462699814409,0.2877287555417675,0.4114068322980715
1372.5,0.05908480230559951,0.9409151976933814,1.0190737143034312e-12,0.9409151976933814,0.05908480230559951,1,without_ITO,0.057150115694458825,-0.11824128380778481,0.290483623225154,0.40492196683226644
1372.75,0.058595390337153434,0.9414046096631203,-2.737809978725636e-13,0.9414046096631203,0.058595390337153434,1,without_ITO,0.05644521626696697,-0.117797872889633,0.2932409207624757,0.39830658071014274
1373.0,0.058044139586839884,0.9419558604126747,4.85500528668581e-13,0.9419558604126747,0.058044139586839884,1,without_ITO,0.055830193247298876,-0.11716883615633392,0.29599386310831094,0.3915453162016016
1373.25,0.0574380961944828,0.9425619038058024,-2.852162950262027e-13,0.9425619038058024,0.0574380961944828,1,without_ITO,0.05531514110727159,-0.11635818636057574,0.29873471248243655,0.3846233022637801
1373.5,0.05678523070579103,0.943214769294506,-2.9698465908722937e-13,0.943214769294506,0.05678523070579103,1,without_ITO,0.05491059660117814,-0.11536965630732104,0.3014547505992451,0.37752605204273965
1373.75,0.05609446979454058,0.943905530205811,-3.516076318987871e-13,0.943905530205811,0.05609446979454058,1,without_ITO,0.054627622502641277,-0.11420684344411573,0.30414421139779285,0.3702394267935857
1374.0,0.055375751195522294,0.9446242488055832,-1.1054490656192684e-12,0.9446242488055832,0.055375751195522294,1,without_ITO,0.054477878573750804,-0.11287335570921876,0.30679220626336645,0.36274961064964406
1374.25,0.05464009753324303,0.9453599024666011,1.5587531265737198e-13,0.9453599024666011,0.05464009753324303,1,without_ITO,0.054473680972005945,-0.11137295941327002,0.30938663868080984,0.3550431055915417
1374.5,0.05389970611404028,0.9461002938850018,9.57900425646585e-13,0.9461002938850018,0.05389970611404028,1,without_ITO,0.05462804884295108,-0.10970973226602493,0.3119141051118771,0.34710675941551306
1374.75,0.0531680508444696,0.9468319491549324,5.979661210631093e-13,0.9468319491549324,0.0531680508444696,1,without_ITO,0.05495474246220272,-0.10788821974533444,0.314359798225503,0.3389277933208957
1375.0,0.05245999488289304,0.947540005117663,-5.559996907322784e-13,0.947540005117663,0.05245999488289304,1,without_ITO,0.05546828914967983,-0.10591359838546797,0.31670739977068263,0.3304938614609807
1375.25,0.051791911601961525,0.9482080883979711,6.7390537594747e-14,0.9482080883979711,0.051791911601961525,1,without_ITO,0.05618399735339863,-0.10379184643381242,0.3189389702514296,0.3217931312936918
1375.5,0.05118181172194419,0.9488181882779851,7.061018436615996e-14,0.9488181882779851,0.05118181172194419,1,without_ITO,0.0571179615799523,-0.1015299198629076,0.3210348416158991,0.3128143696234758
1375.75,0.05064947544343688,0.9493505245568541,-2.9098945475425353e-13,0.9493505245568541,0.05064947544343688,1,without_ITO,0.05828703883881137,-0.09913594813165873,0.3229734905473427,0.3035471161216637
1376.0,0.050216583757559545,0.9497834162420341,4.063416270128073e-13,0.9497834162420341,0.050216583757559545,1,without_ITO,0.05970880513560295,-0.09661944015901547,0.3247314236800934,0.2939818745486864
1376.25,0.04990684402119621,0.9500931559765334,2.270406085358445e-12,0.9500931559765334,0.04990684402119621,1,without_ITO,0.06140147665374984,-0.09399150781151053,0.3262830670860706,0.28411037098931036
1376.5,0.04974609811968322,0.9502539018804916,-1.7486012637846216e-13,0.9502539018804916,0.04974609811968322,1,without_ITO,0.06338376719742833,-0.09126511816168119,0.32760066225996065,0.273925943599313
1376.75,0.04976241501120644,0.9502375849889403,-1.467714838554457e-13,0.9502375849889403,0.04976241501120644,1,without_ITO,0.06567477184034493,-0.08845530772735355,0.3286542411510958,0.26342373955666687
1377.0,0.04998616234757119,0.9500138376526067,-1.7785772854495008e-13,0.9500138376526067,0.04998616234757119,1,without_ITO,0.06829380082364744,-0.08557940993835227,0.3294116063742874,0.25260101567944826
1377.25,0.05045005359691864,0.9495499464039989,-9.175993298526919e-13,0.9495499464039989,0.05045005359691864,1,without_ITO,0.07126018709713189,-0.08265727485705376,0.32983834520204025,0.24145744319536191
1377.5,0.05118918546913771,0.9488108145315663,-7.041034422172743e-13,0.9488108145315663,0.05118918546913771,1,without_ITO,0.07459312103121107,-0.07971145376474018,0.3298978809749142,0.22999528370932026
1377.75,0.05224099604736511,0.947759003951151,1.4839240947139842e-12,0.947759003951151,0.05224099604736511,1,without_ITO,0.07831128370911233,-0.0767674576794902,0.329551532499292,0.21822002779242072
1378.0,0.05364515830500699,0.9463548416928167,2.176259172870232e-12,0.9463548416928167,0.05364515830500699,1,without_ITO,0.08243244873402478,-0.07385397195681764,0.3287586766999356,0.20614095003692812
1378.25,0.05544339095025984,0.9445566090510263,-1.2861933740282439e-12,0.9445566090510263,0.05544339095025984,1,without_ITO,0.08697301968352295,-0.07100303287335642,0.3274770084570409,0.19377167352642016
1378.5,0.05767914054106228,0.942320859459409,-4.71289673953379e-13,0.942320859459409,0.05767914054106228,1,without_ITO,0.09194743801539845,-0.06825016987162565,0.3256629260781214,0.18113086465656458
1378.75,0.06039720844458215,0.9396027915521082,3.3095748364075916e-12,0.9396027915521082,0.06039720844458215,1,without_ITO,0.09736766089888677,-0.06563442907635308,0.32327201833945135,0.1682426212490513
1379.0,0.06364325660831541,0.9363567433895041,2.1804780203638074e-12,0.9363567433895041,0.06364325660831541,1,without_ITO,0.10324255309170827,-0.06319833329228114,0.3202596596491729,0.15513692409401025
1379.25,0.06746318129648587,0.9325368187060681,-2.55395704584771e-12,0.9325368187060681,0.06746318129648587,1,without_ITO,0.10957721457022945,-0.06098774954582736,0.31658173272518825,0.14185008000092653
1379.5,0.07190236380284092,0.9280976361962134,9.456879723757083e-13,0.9280976361962134,0.07190236380284092,1,without_ITO,0.11637228800118626,-0.05905163767687063,0.312195474241095,0.12842506588184807
1379.75,0.07700476228504304,0.9229952377149113,4.5630166312093934e-14,0.9229952377149113,0.07700476228504304,1,without_ITO,0.12362321152652167,-0.057441670169979725,0.3070604676774407,0.11491183391385654
1380.0,0.08281187134256478,0.9171881286550777,2.35755859279152e-12,0.9171881286550777,0.08281187134256478,1,without_ITO,0.13131948638888052,-0.056211694824391256,0.30113976127168324,0.10136745414540808
1380.25,0.08936156884393771,0.9106384311572098,-1.1475265182525618e-12,0.9106384311572098,0.08936156884393771,1,without_ITO,0.13944399622382486,-0.055417031194772204,0.29440108533150233,0.08785605420691417
1380.5,0.09668688188880506,0.9033131181118419,-6.469269564490787e-13,0.9033131181118419,0.09668688188880506,1,without_ITO,0.14797242044378472,-0.05511360045406369,0.28681813032358217,0.07444851894249803
1380.75,0.1048146498540975,0.8951853501445509,1.3515855101786656e-12,0.8951853501445509,0.1048146498540975,1,without_ITO,0.15687271575097522,-0.05535688796667951,0.278371896081186,0.061222012075644386
1381.0,0.11376416977599063,0.886235830225324,-1.3146150834586479e-12,0.886235830225324,0.11376416977599063,1,without_ITO,0.16610476880895292,-0.056200746004795354,0.26905202788498295,0.04825919867133173
1381.25,0.12354582966055402,0.8764541703367908,2.655098363391062e-12,0.8764541703367908,0.12354582966055402,1,without_ITO,0.17562021311270687,-0.05769605046293014,0.25885812424017196,0.035647217735284356
1381.5,0.13415970707786734,0.8658402929175323,4.600431147139261e-12,0.8658402929175323,0.13415970707786734,1,without_ITO,0.1853623885698198,-0.059889208438377195,0.24780103193625097,0.023476453977385712
1381.75,0.14559461221410844,0.854405387781414,4.477640480615719e-12,0.854405387781414,0.14559461221410844,1,without_ITO,0.19526686921491615,-0.06282067610876385,0.23590366871715984,0.011838675868885373
1382.0,0.1578273289405842,0.8421726710585382,8.775202786637237e-13,0.8421726710585382,0.1578273289405842,1,without_ITO,0.20526222331018462,-0.06652350465938556,0.2232015949532674,0.000825050194426989
1382.25,0.1708222408094705,0.8291777591928292,-2.2997159732085493e-12,0.8291777591928292,0.1708222408094705,1,without_ITO,0.21527112328346437,-0.0710220176459494,0.20974315998205434,-0.009476042934117404
1382.5,0.18453159604998118,0.8154684039458364,4.18243217836789e-12,0.8154684039458364,0.18453159604998118,1,without_ITO,0.22521191242882943,-0.076330800297049,0.19558898513722328,-0.01898139655241883
1382.75,0.19889558978608546,0.8011044102192583,-5.3437254621258035e-12,0.8011044102192583,0.19889558978608546,1,without_ITO,0.23499994194572893,-0.08245370255860879,0.18081157917393303,-0.027614892755165144
1383.0,0.21384301712366532,0.7861569828832685,-6.933897900296415e-12,0.7861569828832685,0.21384301712366532,1,without_ITO,0.24454927003550903,-0.08938316515133987,0.16549437790298696,-0.035309521091764495
1383.25,0.2292923721016651,0.7707076278896814,8.65352234313832e-12,0.7707076278896814,0.2292923721016651,1,without_ITO,0.253774536278496,-0.09709989027039836,0.14973033808521344,-0.04200925126808975
1383.5,0.24515316992914557,0.7548468300769852,-6.130762564282577e-12,0.7548468300769852,0.24515316992914557,1,without_ITO,0.2625928181242635,-0.10557278234185336,0.1336203113671547,-0.047670588311020355
1383.75,0.26132808844556976,0.7386719115594853,-5.055067475723263e-12,0.7386719115594853,0.26132808844556976,1,without_ITO,0.27092575465634555,-0.11475954295321264,0.11727064751615927,-0.0522639411627205
1384.0,0.27771524802048836,0.7222847519636398,1.58718593823437e-11,0.7222847519636398,0.27771524802048836,1,without_ITO,0.27870143225317234,-0.12460761751071542,0.10079069672423044,-0.055774416788040855
1384.25,0.294210597833697,0.7057894021828357,-1.6532775148903056e-11,0.7057894021828357,0.294210597833697,1,without_ITO,0.28585600936936817,-0.1350554739353392,0.08429025732292661,-0.05820207254575487
1384.5,0.310710393370466,0.6892896066519828,-2.2448820580223128e-11,0.6892896066519828,0.310710393370466,1,without_ITO,0.2923350567557651,-0.14603421014094914,0.06787699732536796,-0.05956164678768974
1384.75,0.32711345081977705,0.6728865492010713,-2.0848323067923502e-11,0.6728865492010713,0.32711345081977705,1,without_ITO,0.2980944764343497,-0.15746927166418404,0.051654155708833006,-0.05988177946074285
1385.0,0.34332326728718837,0.6566767323887539,3.2405766958731874e-10,0.6566767323887539,0.34332326728718837,1,without_ITO,0.3031010685319198,-0.16928230848843298,0.035718442787142694,-0.0592038221957448
1385.25,0.35924988653401563,0.6407501134850687,-1.9084400726399053e-11,0.6407501134850687,0.35924988653401563,1,without_ITO,0.3073327196456723,-0.1813930638045479,0.020158258416042924,-0.057580299586880185
1385.5,0.37481140681734515,0.6251885931961167,-1.3461898262789873e-11,0.6251885931961167,0.37481140681734515,1,without_ITO,0.3107782185656937,-0.19372117746868944,0.005052307584682,-0.05507312101508275
1385.75,0.3899351916859004,0.6100648083155562,-1.4566126083082054e-12,0.6100648083155562,0.3899351916859004,1,without_ITO,0.3134367633214082,-0.2061879132242021,-0.009531426019773151,-0.05175161991070302
1386.0,0.40455866208239566,0.5954413379080374,9.566902825497436e-12,0.5954413379080374,0.40455866208239566,1,without_ITO,0.31531717508718093,-0.21871766821205374,-0.023536269221547546,-0.047690531598715
1386.25,0.41862971641576424,0.5813702835722365,1.1999290450148692e-11,0.5813702835722365,0.41862971641576424,1,without_ITO,0.3164368943671218,-0.23123925247289825,-0.03691705219361759,-0.042967994301136916
1386.5,0.43210683221147117,0.5678931677876554,8.734124534726107e-13,0.5678931677876554,0.43210683221147117,1,without_ITO,0.31682082233194075,-0.24368694149292489,-0.049639971639818245,-0.03766363965305039
1386.75,0.444958723222333,0.5550412767744339,3.2330804700109184e-12,0.5550412767744339,0.444958723222333,1,without_ITO,0.316500066639141,-0.2560011341445217,-0.0616820275664303,-0.03185690290498866
1387.0,0.457163792025494,0.5428362079794113,-4.905409412003792e-12,0.5428362079794113,0.457163792025494,1,without_ITO,0.31551068281595734,-0.2681287870210213,-0.07303026383722817,-0.02562554771374755
1387.25,0.46870934616631027,0.5312906538385369,-4.8472337255134335e-12,0.5312906538385369,0.46870934616631027,1,without_ITO,0.3138924595243662,-0.2800235614370498,-0.08368079839708126,-0.01904446464181971
1387.5,0.47959057692601403,0.52040942307092,3.0659919048048323e-12,0.52040942307092,0.47959057692601403,1,without_ITO,0.3116878198942502,-0.2916456374878391,-0.09363765926730143,-0.012184807929738334
1387.75,0.4898098475064988,0.5101901524939826,-4.813927034774679e-13,0.5101901524939826,0.4898098475064988,1,without_ITO,0.30894077830974415,-0.30296176495681937,-0.10291189649079227,-0.00511315026888049
1388.0,0.4993757775283225,0.5006242224706663,1.0111911308285926e-12,0.5006242224706663,0.4993757775283225,1,without_ITO,0.3056959940079235,-0.3139450272932385,-0.11152053348549955,0.002109083429957294
1388.25,0.5083023363950671,0.4916976636028605,2.0724533200677797e-12,0.4916976636028605,0.5083023363950671,1,without_ITO,0.3019979260030191,-0.32457452421818606,-0.11948554686470546,0.009426005114870545
1388.5,0.5166080854709073,0.48339191453012925,-1.0365597269412774e-12,0.48339191453012925,0.5166080854709073,1,without_ITO,0.2978900280161966,-0.3348351463090158,-0.1268329885824511,0.016787607731035298
1388.75,0.5243149834016081,0.4756850165995691,-1.1771694730100535e-12,0.4756850165995691,0.5243149834016081,1,without_ITO,0.2934142621594147,-0.3447167114268548,-0.1335917903512009,0.024149550682311855
1389.0,0.531447488097911,0.4685525119032802,-1.1911582831203305e-12,0.4685525119032802,0.531447488097911,1,without_ITO,0.288610721202356,-0.3542133080593491,-0.13979285310228742,0.0314729411741287
1389.25,0.5380317933963281,0.46196820660491505,-1.243172231824019e-12,0.46196820660491505,0.5380317933963281,1,without_ITO,0.2835173668360007,-0.3633226876702838,-0.14546828200762182,0.038724044187089884
1389.5,0.5440950989437909,0.45590490105546183,7.472356067239616e-13,0.45590490105546183,0.5440950989437909,1,without_ITO,0.2781699390041038,-0.3720455812152545,-0.15065068707644774,0.045873840482763634
1389.75,0.5496652253313079,0.4503347746682343,4.578004642041833e-13,0.4503347746682343,0.5496652253313079,1,without_ITO,0.27260176565355976,-0.380385398935816,-0.15537277560625112,0.05289782092005475
1390.0,0.554770195085738,0.44522980491361747,6.445399769461346e-13,0.44522980491361747,0.554770195085738,1,without_ITO,0.2668436797715191,-0.3883478271985835,-0.15966694086167887,0.05977566239779179
1390.25,0.5594378640190796,0.44056213598178706,-8.666400930223972e-13,0.44056213598178706,0.5594378640190796,1,without_ITO,0.2609240001406363,-0.39594043270020335,-0.1635649126092542,0.06649087012113783
1390.5,0.5636956489040136,0.43630435109453025,1.4561685190983553e-12,0.43630435109453025,0.5636956489040136,1,without_ITO,0.2548685119144926,-0.4031723550876374,-0.16709749869070187,0.07303046494035513
1390.75,0.5675702139236426,0.43242978607801397,-1.656563775043196e-12,0.43242978607801397,0.5675702139236426,1,without_ITO,0.24870060501694835,-0.4100538724121217,-0.17029432165928082,0.07938452911931956
1391.0,0.5710872670175439,0.4289127329808286,1.6275314429492482e-12,0.4289127329808286,0.5710872670175439,1,without_ITO,0.24244140451582302,-0.4165960792026029,-0.17318365420938026,0.08554582324050969
1391.25,0.574271398874211,0.42572860112567723,1.1179945857975326e-13,0.42572860112567723,0.574271398874211,1,without_ITO,0.23610994856721745,-0.42281058367591573,-0.17579230214410066,0.09150940050324707
1391.5,0.5771459290627673,0.4228540709379693,-7.365774656875601e-13,0.4228540709379693,0.5771459290627673,1,without_ITO,0.22972348135809129,-0.4287091591019943,-0.178145511660409,0.09727215713374343
1391.75,0.5797329582459669,0.42026704175408125,-4.8183679268731794e-14,0.42026704175408125,0.5797329582459669,1,without_ITO,0.22329745035678805,-0.4343037493506618,-0.18026701505568227,0.10283271769437152
1392.0,0.5820533633296148,0.41794663666856047,1.8247625632739073e-12,0.41794663666856047,0.5820533633296148,1,without_ITO,0.21684559591461575,-0.43960637115045015,-0.18217904398757118,0.1081912300310456
1392.25,0.5841268222224134,0.4158731777775313,5.5289106626332796e-14,0.4158731777775313,0.5841268222224134,1,without_ITO,0.2103799840985145,-0.4446290727776318,-0.183902364268231,0.1133492225368577
1392.5,0.5859719038120205,0.414028096189189,-1.2094769630266455e-12,0.414028096189189,0.5859719038120205,1,without_ITO,0.2039108243889998,-0.4493840542723332,-0.18545634632435973,0.11830964250223501
1392.75,0.5876059349280291,0.41239406507229753,-3.266831249959523e-13,0.41239406507229753,0.5876059349280291,1,without_ITO,0.19744691375926882,-0.45388327415140167,-0.18685892322489234,0.12307636192686204
1393.0,0.5890450031349618,0.4109549968642079,8.303358001171546e-13,0.4109549968642079,0.5890450031349618,1,without_ITO,0.19099587135565355,-0.4581383006263306,-0.1881266356814687,0.12765392100583284
1393.25,0.5903039811996857,0.40969601879900136,1.3128942377704789e-12,0.40969601879900136,0.5903039811996857,1,without_ITO,0.1845643919609417,-0.4621601849295228,-0.18927469417525955,0.13204729000579205
1393.5,0.59139652209161,0.4086034779078195,5.705436123548679e-13,0.4086034779078195,0.59139652209161,1,without_ITO,0.17815875127515948,-0.4659592082610353,-0.19031703412469464,0.136261479919217
1393.75,0.5923352530239849,0.40766474697592164,9.342526752220692e-14,0.40766474697592164,0.5923352530239849,1,without_ITO,0.17178450745953325,-0.46954518494115577,-0.19126645660718833,0.14030177918692086
1394.0,0.5931318631688229,0.40686813683106854,1.0852430065710905e-13,0.40686813683106854,0.5931318631688229,1,without_ITO,0.16544645792108303,-0.4729275405432938,-0.19213471055350537,0.14417376549469663
1394.25,0.5937971697976366,0.40620283020330966,-9.462985950392522e-13,0.40620283020330966,0.5937971697976366,1,without_ITO,0.15914861688502294,-0.47611535725243137,-0.1929325618568905,0.14788329360947994
1394.5,0.5943411982341884,0.4056588017660643,-2.5268676040468563e-13,0.4056588017660643,0.5943411982341884,1,without_ITO,0.15289398220407158,-0.47911751412507314,-0.19366986333527544,0.15143661296867814
1394.75,0.5947731653015235,0.4052268346983079,1.6864287744056128e-13,0.4052268346983079,0.5947731653015235,1,without_ITO,0.14668492392433408,-0.48194247917095845,-0.1943555918903287,0.15484007196706337
1395.0,0.595101518873876,0.40489848112603083,9.320322291728189e-14,0.40489848112603083,0.595101518873876,1,without_ITO,0.14052335352373208,-0.4845982580814492,-0.1949979088001554,0.15809999946626488
1395.25,0.5953339902902386,0.40466600970970573,5.56776846849516e-14,0.40466600970970573,0.5953339902902386,1,without_ITO,0.13441083252154942,-0.4870923858938927,-0.19560422277386832,0.16122263810611226
1395.5,0.5954776426136549,0.40452235738630865,3.647082635893639e-14,0.40452235738630865,0.5954776426136549,1,without_ITO,0.12834877403131087,-0.4894318858058896,-0.19618124965919786,0.16421403304690307
1395.75,0.5955389412791345,0.4044610587207892,7.627232179174825e-14,0.4044610587207892,0.5955389412791345,1,without_ITO,0.1223383313273389,-0.49162337067792017,-0.1967350732555725,0.16708011049769889
1396.0,0.595523803946558,0.4044761960533084,1.3355982986240633e-13,0.4044761960533084,0.595523803946558,1,without_ITO,0.11638038680856475,-0.4936730835769132,-0.1972711964083287,0.16982668825083042
1396.25,0.5954376428687741,0.40456235713104144,1.8446355554146976e-13,0.40456235713104144,0.5954376428687741,1,without_ITO,0.11047556335988731,-0.4955869226482137,-0.19779458738496786,0.17245947163224645
1396.5,0.5952854032970893,0.4047145967030332,-1.2256862191861728e-13,0.4047145967030332,0.5952854032970893,1,without_ITO,0.10462418377139406,-0.4973704796574817,-0.1983097227221858,0.1749840757568307
1396.75,0.5950715952722483,0.40492840472772296,2.8754776337791554e-14,0.40492840472772296,0.5950715952722483,1,without_ITO,0.09882637613937101,-0.4990290229598626,-0.1988206271258674,0.1774059710182436
1397.0,0.5948003278208533,0.405199672179594,-4.4736436777270683e-13,0.405199672179594,0.5948003278208533,1,without_ITO,0.09308212439623562,-0.5005675052041132,-0.19933091140100573,0.1797304629542482
1397.25,0.5944753428992053,0.40552465710064034,1.5432100042289676e-13,0.40552465710064034,0.5944753428992053,1,without_ITO,0.087391338741823,-0.5019905671900455,-0.19984380773543162,0.18196266548825737
1397.5,0.5941000529388134,0.40589994706180477,-6.181721801112872e-13,0.40589994706180477,0.5941000529388134,1,without_ITO,0.08175401629372042,-0.5033025219230017,-0.20036220233666752,0.18410743611730823
1397.75,0.5936775710240915,0.40632242897585436,5.417888360170764e-14,0.40632242897585436,0.5936775710240915,1,without_ITO,0.07617010926888818,-0.504507423853905,-0.2008886637482918,0.1861694526324038
1398.0,0.5932107352202436,0.40678926477966776,8.865130851631875e-14,0.40678926477966776,0.5932107352202436,1,without_ITO,0.0706394915637443,-0.5056090982608512,-0.20142546880438678,0.1881532360847946
1398.25,0.5927021255627545,0.40729787443728527,-3.9745984281580604e-14,0.40729787443728527,0.5927021255627545,1,without_ITO,0.06516187934332443,-0.506611174385606,-0.20197462683326423,0.1900631909115297
1398.5,0.5921540620501509,0.40784593794977486,7.427392034742297e-14,0.40784593794977486,0.5921540620501509,1,without_ITO,0.05973657030787205,-0.5075171441008375,-0.20253790376969588,0.19190371751035018
1398.75,0.5915686319840718,0.4084313680156413,2.8688162956314045e-13,0.4084313680156413,0.5915686319840718,1,without_ITO,0.05436274325500795,-0.5083302931469391,-0.20311684584248144,0.19367907846205581
1399.0,0.590947714025791,0.4090522859740803,1.2867484855405564e-13,0.4090522859740803,0.590947714025791,1,without_ITO,0.04903956133692858,-0.5090536926202326,-0.20371280011333767,0.1953933615057098
1399.25,0.5902930069681194,0.4097069930320376,-1.5698553568199713e-13,0.4097069930320376,0.5902930069681194,1,without_ITO,0.043766292022857256,-0.5096901961580458,-0.20432693163922283,0.19705044046557724
1399.5,0.5896060841966142,0.41039391580322904,1.567634910770721e-13,0.41039391580322904,0.5896060841966142,1,without_ITO,0.03854264321382117,-0.5102424178809992,-0.20496023335254818,0.19865385519090348
1399.75,0.588888386986137,0.41111161301392857,-6.55586696041155e-14,0.41111161301392857,0.588888386986137,1,without_ITO,0.03336841899900633,-0.5107128191442641,-0.205613539541457,0.20020696736167606
1400.0,0.5881412277372514,0.4118587722629736,-2.2504220709151923e-13,0.4118587722629736,0.5881412277372514,1,without_ITO,0.028243410596263036,-0.5111037376145418,-0.20628753923449766,0.20171301052474275
1400.25,0.5873657904875176,0.4126342095128186,-3.361755318564974e-13,0.4126342095128186,0.5873657904875176,1,without_ITO,0.0231673138777706,-0.5114174029998678,-0.2069827902796261,0.20317512551528036
1400.5,0.5865631048028775,0.41343689519665044,4.720113189193853e-13,0.41343689519665044,0.5865631048028775,1,without_ITO,0.018139478206687487,-0.5116559568027713,-0.2076997399814153,0.20459645596415502
1400.75,0.5857340808068396,0.4142659191933781,-2.177147351289932e-13,0.4142659191933781,0.5857340808068396,1,without_ITO,0.01315918044513864,-0.5118214189646235,-0.20843873327181772,0.2059800443172413
1401.0,0.5848795286328723,0.415120471367962,-8.342770918545739e-13,0.415120471367962,0.5848795286328723,1,without_ITO,0.00822571578703013,-0.5119156862160388,-0.20920002074709423,0.2073288032660487
1401.25,0.584000173762657,0.4159998262370098,3.331779296900095e-13,0.4159998262370098,0.584000173762657,1,without_ITO,0.0033384418025202978,-0.5119405390192215,-0.2099837655893242,0.2086455062614461
1401.5,0.5830966862654229,0.4169033137351888,-6.1167737541723e-13,0.4169033137351888,0.5830966862654229,1,without_ITO,-0.0015030966496547005,-0.5118976504581112,-0.21079004439969237,0.2099327497697489
1401.75,0.5821696721995397,0.41783032779999046,4.69790872870135e-13,0.41783032779999046,0.5821696721995397,1,without_ITO,-0.006299297050242014,-0.5117886051586443,-0.2116188574633742,0.2111930070656889
1402.0,0.5812196742297215,0.41878032577040525,-1.2678746941219288e-13,0.41878032577040525,0.5812196742297215,1,without_ITO,-0.01105054079357537,-0.5116149076553447,-0.2124701368001318,0.21242864787899082
1402.25,0.5802471739357231,0.4197528260645515,-2.7461366514103247e-13,0.4197528260645515,0.5802471739357231,1,without_ITO,-0.01575721259321128,-0.5113779873194222,-0.21334375349801302,0.2136419493283972
1402.5,0.5792525854749699,0.4207474145251784,-1.4832579608992091e-13,0.4207474145251784,0.5792525854749699,1,without_ITO,-0.02041975934952628,-0.5110791995120616,-0.21423952794172638,0.21483512014700992
1402.75,0.578236270092453,0.4217637299076741,-1.2712053631958042e-13,0.4217637299076741,0.578236270092453,1,without_ITO,-0.025038626396187813,-0.5107198283614536,-0.21515723223127364,0.2160102819894503
1403.0,0.5771985442591723,0.4228014557409686,-1.4088730182493236e-13,0.4228014557409686,0.5771985442591723,1,without_ITO,-0.02961423659499446,-0.5103010915828083,-0.21609659365517642,0.21716946615935243
1403.25,0.5761396921293576,0.42386030787052853,1.1390888232654106e-13,0.42386030787052853,0.5761396921293576,1,without_ITO,-0.03414695100515375,-0.5098241483410676,-0.2170572955046553,0.21831460396998337
1403.5,0.5750599955973177,0.42494000440240426,2.7805535651737046e-13,0.42494000440240426,0.5750599955973177,1,without_ITO,-0.03863695388570221,-0.5092901177674476,-0.21803896921874638,0.2194474909692303
1403.75,0.573959716278948,0.42604028372054914,5.028200078527334e-13,0.42604028372054914,0.573959716278948,1,without_ITO,-0.043084375127748764,-0.5087000799084611,-0.21904120554691683,0.22056983227665466
1404.0,0.5728390909720381,0.4271609090279671,-5.218048215738236e-15,0.4271609090279671,0.5728390909720381,1,without_ITO,-0.0474893302712871,-0.5080550766035966,-0.22006356091473944,0.22168325890441895
1404.25,0.5716983166765016,0.42830168332349217,6.217248937900877e-15,0.42830168332349217,0.5716983166765016,1,without_ITO,-0.05185199641222171,-0.5073561036082737,-0.22110556877517454,0.2227893563409276
1404.5,0.5705374963510705,0.42946250364865396,2.755018435607326e-13,0.42946250364865396,0.5705374963510705,1,without_ITO,-0.05617283430125719,-0.5066040729277979,-0.22216677004794244,0.2238897442345636
1404.75,0.5693566895936389,0.43064331040627213,8.892886427247504e-14,0.43064331040627213,0.5693566895936389,1,without_ITO,-0.06045235249201819,-0.5057998344543855,-0.22324669579272663,0.22498599910854963
1405.0,0.568155932134382,0.4318440678659027,-2.8466118351389014e-13,0.4318440678659027,0.568155932134382,1,without_ITO,-0.06469103084237515,-0.5049441880041372,-0.2243448617597468,0.22607963156771435
1405.25,0.5669352622338033,0.4330647377656921,5.045963646921336e-13,0.4330647377656921,0.5669352622338033,1,without_ITO,-0.06888923025754712,-0.504037904594679,-0.22546075829902237,0.22717205780358032
1405.5,0.5656947992766603,0.43430520072335854,-1.887379141862766e-14,0.43430520072335854,0.5656947992766603,1,without_ITO,-0.07304692735272345,-0.5030817934121623,-0.2265938129463784,0.22826450732818981
1405.75,0.5644346796707562,0.43556532032955125,-3.074762666699371e-13,0.43556532032955125,0.5644346796707562,1,without_ITO,-0.07716399864824852,-0.5020766654557185,-0.22774342236926312,0.2293581219771295
1406.0,0.5631550351658692,0.4368449648339976,1.3322676295501878e-13,0.4368449648339976,0.5631550351658692,1,without_ITO,-0.08124031348898919,-0.5010233191973419,-0.22890896539541364,0.23045398947079812
1406.25,0.5618559740528004,0.43814402594723534,-3.574918139293004e-14,0.43814402594723534,0.5618559740528004,1,without_ITO,-0.08527580225812881,-0.49992252437243523,-0.23008981525316846,0.23155316948172072
1406.5,0.5605375187251316,0.4394624812744451,4.233280392895722e-13,0.4394624812744451,0.5605375187251316,1,without_ITO,-0.08927065499193498,-0.49877496344567057,-0.23128537482646344,0.2326567694298085
1406.75,0.5591996623762422,0.44080033762365933,9.847678228425139e-14,0.44080033762365933,0.5591996623762422,1,without_ITO,-0.09322511017198032,-0.49758127415677667,-0.23249505063841552,0.23376587275832286
1407.0,0.5578423896069986,0.44215761039260437,3.97015753605956e-13,0.44215761039260437,0.5578423896069986,1,without_ITO,-0.09713938637245645,-0.4963420671918537,-0.2337182440047103,0.23488151655551656
1407.25,0.5564656852046985,0.4435343147954526,-1.511013536514838e-13,0.4435343147954526,0.5564656852046985,1,without_ITO,-0.1010136595771407,-0.49505793531554043,-0.2349543478231474,0.23600468482845918
1407.5,0.5550695594172936,0.4449304405831276,-4.212186155427844e-13,0.4449304405831276,0.5550695594172936,1,without_ITO,-0.1048479957651719,-0.4937294797535271,-0.2362027343740377,0.23713628351828753
1407.75,0.5536540273856916,0.4463459726139821,3.262945469373335e-13,0.4463459726139821,0.5536540273856916,1,without_ITO,-0.1086424243500862,-0.4923572930850785,-0.237462767221691,0.2382771685026829
1408.0,0.5522191024148275,0.44778089758543216,-2.596811654598241e-13,0.44778089758543216,0.5522191024148275,1,without_ITO,-0.11239696242104835,-0.490941953463518,-0.23873380596812246,0.23942815600382583
1408.25,0.5507648049443494,0.4492351950560207,-3.701483564100272e-13,0.4492351950560207,0.5507648049443494,1,without_ITO,-0.11611159295287554,-0.48948403431801846,-0.24001520260935386,0.24059001498159466
1408.5,0.5492911891396217,0.45070881086093717,-5.588862705963038e-13,0.45070881086093717,0.5492911891396217,1,without_ITO,-0.11978620014118724,-0.48798413354857006,-0.2413062883813547,0.2417634407698715
1408.75,0.5477983204662278,0.4522016795332036,5.686007220617739e-13,0.4522016795332036,0.5477983204662278,1,without_ITO,-0.12342064010446996,-0.4864428523215241,-0.2426063867703962,0.24294908275689442
1409.0,0.5462862681867511,0.4537137318135231,-2.741695759311824e-13,0.4537137318135231,0.5462862681867511,1,without_ITO,-0.12701476421877467,-0.4848607876603877,-0.24391481860251163,0.2441475544102075
1409.25,0.5447550810446842,0.4552449189556166,-3.007594173709549e-13,0.4552449189556166,0.5447550810446842,1,without_ITO,-0.13056847973154218,-0.48323850569048393,-0.24523091599901567,0.24535946054745703
1409.5,0.5432047103143336,0.4567952896859824,-3.1596947280831955e-13,0.4567952896859824,0.5432047103143336,1,without_ITO,-0.13408192536587038,-0.4815764540168758,-0.2465540639523463,0.2465854788938909
1409.75,0.541635079128588,0.45836492087185843,-4.4642067820177544e-13,0.45836492087185843,0.541635079128588,1,without_ITO,-0.13755528260189853,-0.4798750339441417,-0.2478836635508329,0.24782628560855874
1410.0,0.5400461067832111,0.4599538932170064,-2.1749269052406817e-13,0.4599538932170064,0.5400461067832111,1,without_ITO,-0.1409887146941139,-0.4781346271985114,-0.2492191192180985,0.2490825309870201
1410.25,0.538437742969589,0.46156225703018905,2.219335826225688e-13,0.46156225703018905,0.538437742969589,1,without_ITO,-0.14438229275943848,-0.4763556359779111,-0.25055982093183876,0.25035480578434366
1410.5,0.5368100738872497,0.46318992611270604,4.4297898682543746e-14,0.46318992611270604,0.5368100738872497,1,without_ITO,-0.1477357801169641,-0.4745386089367517,-0.25190508955429014,0.2516435344105238
1410.75,0.5351632274973666,0.4648367725030088,-3.7536640462576543e-13,0.4648367725030088,0.5351632274973666,1,without_ITO,-0.15104886719426913,-0.47268413725325403,-0.25325422824431415,0.2529490766316701
1411.0,0.5334973407548107,0.4665026592457502,-5.608846720406291e-13,0.4665026592457502,0.5334973407548107,1,without_ITO,-0.15432124795664337,-0.4707928175099964,-0.2546065406058902,0.25427176262944123
1411.25,0.5318125311059354,0.46818746889385143,2.1316282072803006e-13,0.46818746889385143,0.5318125311059354,1,without_ITO,-0.15755267690821517,-0.46886521759016775,-0.2559613460155295,0.25561192274562056
1411.5,0.5301088073995857,0.46989119260062945,-2.1510571102112408e-13,0.46989119260062945,0.5301088073995857,1,without_ITO,-0.16074313360863046,-0.46690176821923923,-0.2573180248870819,0.25696997807667793
1411.75,0.5283861504845888,0.4716138495155284,-1.1723955140041653e-13,0.4716138495155284,0.5283861504845888,1,without_ITO,-0.16389264392651004,-0.4649028558315201,-0.25867597631209277,0.2583463579950891
1412.0,0.5266445411880082,0.4733554588123442,-3.523847880160247e-13,0.4733554588123442,0.5266445411880082,1,without_ITO,-0.16700122242317894,-0.4628688558110665,-0.2600346036077635,0.2597414725627927
1412.25,0.5248839744115844,0.4751160255886244,-2.0883295093199195e-13,0.4751160255886244,0.5248839744115844,1,without_ITO,-0.170068847673865,-0.4608001501224567,-0.2613933073666182,0.2611556993711794
1412.5,0.5231045027659058,0.47689549723412034,-2.6145752229922437e-14,0.47689549723412034,0.5231045027659058,1,without_ITO,-0.1730953903788892,-0.45869718192210973,-0.26275146451361847,0.2625893408264189
1412.75,0.5213061971026618,0.4786938028973201,1.8096635301390052e-14,0.4786938028973201,0.5213061971026618,1,without_ITO,-0.17608069286315242,-0.4565604087895434,-0.2641084488261293,0.2640426651036759
1413.0,0.5194891328807073,0.48051086711940155,-1.088573675644966e-13,0.48051086711940155,0.5194891328807073,1,without_ITO,-0.17902459490763234,-0.4543902863575776,-0.26546363799975814,0.2655159206236113
1413.25,0.5176533872272094,0.48234661277257307,2.1749269052406817e-13,0.48234661277257307,0.5176533872272094,1,without_ITO,-0.18192693873652288,-0.4521872647720351,-0.2668164152320086,0.26700933964184986
1413.5,0.5157990297793095,0.48420097022043807,2.524647157997606e-13,0.48420097022043807,0.5157990297793095,1,without_ITO,-0.18478758289139263,-0.4499517772340561,-0.26816617357393596,0.2685231480052236
1413.75,0.513926131019122,0.48607386898035987,5.181410855925606e-13,0.48607386898035987,0.513926131019122,1,without_ITO,-0.1876063873767677,-0.44768425034913706,-0.2695123118902475,0.270057557372909
1414.0,0.5120347651366162,0.48796523486291593,4.679034937282722e-13,0.48796523486291593,0.5120347651366162,1,without_ITO,-0.19038320901283423,-0.445385107835809,-0.27085423356245736,0.27161276293677594
1414.25,0.5101250068964192,0.4898749931033637,2.1715962361668062e-13,0.4898749931033637,0.5101250068964192,1,without_ITO,-0.19311790607083057,-0.4430547667014617,-0.2721913479502534,0.2731889471079453
1414.5,0.5081969219942275,0.49180307800575307,1.942890293094024e-14,0.49180307800575307,0.5081969219942275,1,without_ITO,-0.19581035123861112,-0.44069362503023757,-0.2735230745769914,0.2747862896597456
1414.75,0.5062505758043452,0.4937494241952034,4.5141668181258865e-13,0.4937494241952034,0.5062505758043452,1,without_ITO,-0.19846041746617393,-0.4383020730809932,-0.27484883894480594,0.27640495951182525
1415.0,0.5042860363615511,0.495713963638222,2.2687407508215074e-13,0.495713963638222,0.5042860363615511,1,without_ITO,-0.20106797350000616,-0.4358804972259429,-0.2761680711263391,0.27804511226707684
1415.25,0.5023033905625519,0.4976966094377967,-3.4861002973229915e-13,0.4976966094377967,0.5023033905625519,1,without_ITO,-0.20363286313937823,-0.43342930097624677,-0.27748019893210063,0.27970687454485166
1415.5,0.5003027943643021,0.4996972056359814,-2.83550960489265e-13,0.4996972056359814,0.5003027943643021,1,without_ITO,-0.20615484560325892,-0.4309489701794349,-0.2787846277793358,0.2813902943769999
1415.75,0.4982844265290222,0.5017155734706934,2.843281166065026e-13,0.5017155734706934,0.4982844265290222,1,without_ITO,-0.20863366315531184,-0.428440014355452,-0.28008076177908936,0.2830953876459806
1416.0,0.4962484726582216,0.5037515273419866,-2.0816681711721685e-13,0.5037515273419866,0.4962484726582216,1,without_ITO,-0.2110690628582078,-0.4259029462866646,-0.28136801085012314,0.28482215430925373
1416.25,0.494195088419244,0.5058049115806623,9.370282327836321e-14,0.5058049115806623,0.494195088419244,1,without_ITO,-0.2134608386846918,-0.423338234288001,-0.28264580522587734,0.28657061540278556
1416.5,0.4921242862496381,0.5078757137500522,3.0964120156795616e-13,0.5078757137500522,0.4921242862496381,1,without_ITO,-0.2158089511728506,-0.42074615435239704,-0.28391363742677284,0.28834092664166294
1416.75,0.49003603975620114,0.5099639602437943,4.551914400963142e-15,0.5099639602437943,0.49003603975620114,1,without_ITO,-0.2181133907679803,-0.41812692460456247,-0.2851710175317909,0.29013327489590285
1417.0,0.487930319541509,0.5120696804585231,-3.2085445411667024e-14,0.5120696804585231,0.487930319541509,1,without_ITO,-0.2203741341959633,-0.41548075193865786,-0.28641745824184406,0.29194784293647036
1417.25,0.48580714111761875,0.5141928588821809,2.0028423364237824e-13,0.5141928588821809,0.48580714111761875,1,without_ITO,-0.2225910957055992,-0.4128078949653957,-0.28765245728817657,0.2937847619055187
1417.5,0.48366671270567496,0.5163332872942898,3.519406988061746e-14,0.5163332872942898,0.48366671270567496,1,without_ITO,-0.2247639892390696,-0.4101088582601977,-0.2888754472898345,0.2956439633606649
1417.75,0.48150929816766974,0.5184907018320161,3.141931159689193e-13,0.5184907018320161,0.48150929816766974,1,without_ITO,-0.22689248827195607,-0.4073842144959273,-0.2900858501622939,0.2975253162062733
1418.0,0.4793351699180083,0.520664830081488,5.037081862724335e-13,0.520664830081488,0.4793351699180083,1,without_ITO,-0.2289762766007566,-0.40463454300560453,-0.2912830949957821,0.29942867393569
1418.25,0.4771445701360491,0.5228554298638749,7.605027718682322e-14,0.5228554298638749,0.4771445701360491,1,without_ITO,-0.2310150829936254,-0.401860378770848,-0.29246663092041936,0.3013539137950384
1418.5,0.47493759161863075,0.5250624083814848,-1.1546319456101628e-13,0.5250624083814848,0.47493759161863075,1,without_ITO,-0.23300877827517075,-0.399062055433144,-0.29363596335541764,0.30330105712420136
1418.75,0.47271428838421975,0.5272857116155087,2.715605518233133e-13,0.5272857116155087,0.47271428838421975,1,without_ITO,-0.234957260746413,-0.3962398500008517,-0.294790613479302,0.3052701589962645
1419.0,0.47047471352017267,0.5295252864795567,2.7067237340361316e-13,0.5295252864795567,0.47047471352017267,1,without_ITO,-0.2368604199737221,-0.3933940326611537,-0.29593010498773137,0.3072612705492996
1419.25,0.46821893345678167,0.5317810665433833,-1.6497914145929826e-13,0.5317810665433833,0.46821893345678167,1,without_ITO,-0.2387181254784908,-0.3905248857861241,-0.29705395962509623,0.3092744248521181
1419.5,0.4659470719807687,0.5340529280192208,1.0547118733938987e-14,0.5340529280192208,0.4659470719807687,1,without_ITO,-0.24053019552885146,-0.38763276222614185,-0.29816168512049684,0.31130959255472235
1419.75,0.4636592690430303,0.5363407309569832,-1.354472090042691e-14,0.5363407309569832,0.4636592690430303,1,without_ITO,-0.24229643451421146,-0.38471803130869275,-0.29925278866426397,0.3133667234963668
1420.0,0.46135566662189875,0.538644333378268,-1.667554982986985e-13,0.538644333378268,0.46135566662189875,1,without_ITO,-0.24401664456593686,-0.3817810603275429,-0.30032678110712235,0.3154457611672703
1420.25,0.45903642351478113,0.5409635764856298,-4.1089354141377044e-13,0.5409635764856298,0.45903642351478113,1,without_ITO,-0.24569061553289095,-0.37882223417231364,-0.30138317306303514,0.3175466278849053
1420.5,0.456701760910199,0.5432982390897525,4.851674617611934e-14,0.5432982390897525,0.456701760910199,1,without_ITO,-0.24731809753945871,-0.3758420156601744,-0.30242146429463135,0.31966917851349036
1420.75,0.4543519195608783,0.5456480804386125,5.092593013955593e-13,0.5456480804386125,0.4543519195608783,1,without_ITO,-0.24889883498898957,-0.3728408891114885,-0.3034411564415074,0.32181324385249466
1421.0,0.45198714508967036,0.5480128549105121,-1.8252066524837574e-13,0.5480128549105121,0.45198714508967036,1,without_ITO,-0.25043257711312517,-0.3698193409773439,-0.30444175706170323,0.3239786456685166
1421.25,0.4496076447775373,0.5503923552226064,-1.4366285938649526e-13,0.5503923552226064,0.4496076447775373,1,without_ITO,-0.25191910233242204,-0.36677780274004546,-0.30542278903529263,0.326165241002406
1421.5,0.4472134552256234,0.5527865447743376,3.8968828164342995e-14,0.5527865447743376,0.4472134552256234,1,without_ITO,-0.2533582842529,-0.3637164759612038,-0.3063838159890731,0.32837305809779116
1421.75,0.4448045666119436,0.5551954333883079,-2.5146551507759796e-13,0.5551954333883079,0.4448045666119436,1,without_ITO,-0.2547500060398734,-0.36063549659073935,-0.30732440939502836,0.33060217052779023
1422.0,0.4423809651017302,0.557619034898341,-7.116529587847253e-14,0.557619034898341,0.4423809651017302,1,without_ITO,-0.256094133886523,-0.35753499121327503,-0.30824413803022294,0.33285265422153915
1422.25,0.43994269041558387,0.5600573095844024,1.3766765505351941e-14,0.5600573095844024,0.43994269041558387,1,without_ITO,-0.25739048973295253,-0.3544151533353702,-0.3091425571370756,0.33512452850561697
1422.5,0.437490012147563,0.5625099878524571,-2.0095036745715333e-14,0.5625099878524571,0.437490012147563,1,without_ITO,-0.25863877974407046,-0.3512764765542152,-0.31001918089346886,0.3374175742918568
1422.75,0.43502326353042664,0.5649767364701738,-6.004086117172847e-13,0.5649767364701738,0.43502326353042664,1,without_ITO,-0.2598386910865698,-0.34811953476083723,-0.3108735197373712,0.33973150387842976
1423.0,0.4325427847224791,0.5674572152767965,7.244205235679146e-13,0.5674572152767965,0.4325427847224791,1,without_ITO,-0.260989921177643,-0.3449449071309587,-0.3117050917593346,0.3420660191751302
1423.25,0.43004887537265457,0.5699511246276247,-2.7922109069322687e-13,0.5699511246276247,0.43004887537265457,1,without_ITO,-0.262092195367029,-0.34175311543226417,-0.31251342948572597,0.34442086088078133
1423.5,0.4275416496267489,0.5724583503731555,9.559020242022598e-14,0.5724583503731555,0.4275416496267489,1,without_ITO,-0.26314531201173225,-0.3385444326531706,-0.3132980964233592,0.3467959592165448
1423.75,0.42502117314685034,0.5749788268534886,-3.388400671155978e-13,0.5749788268534886,0.42502117314685034,1,without_ITO,-0.2641490759653034,-0.33531906427098224,-0.3140586612140332,0.34919129338724886
1424.0,0.42248750977596583,0.5775124902240667,-3.2529534621517087e-14,0.5775124902240667,0.42248750977596583,1,without_ITO,-0.265103278654934,-0.33207721005155677,-0.3147946897657466,0.35160684362735395
1424.25,0.4199407441942749,0.5800592558060271,-3.019806626980426e-13,0.5800592558060271,0.4199407441942749,1,without_ITO,-0.2660076913358136,-0.32881909404861887,-0.31550574255415387,0.3540425677923102
1424.5,0.41738105105460355,0.5826189489455066,-1.1013412404281553e-13,0.5826189489455066,0.41738105105460355,1,without_ITO,-0.2668620494037649,-0.32554505580515336,-0.3161913691891422,0.35649832923671126
1424.75,0.41480862949915465,0.5851913705007357,1.0969003483296547e-13,0.5851913705007357,0.41480862949915465,1,without_ITO,-0.2676660775624435,-0.322255463885274,-0.31685111781591796,0.35897396462843534
1425.0,0.41222368090600203,0.5877763190938514,1.4654943925052066e-13,0.5877763190938514,0.41222368090600203,1,without_ITO,-0.26841949684653277,-0.31895068654753805,-0.31748453757381406,0.36146930718123255
1425.25,0.40962640426868946,0.5903735957311516,1.5898393712632242e-13,0.5903735957311516,0.40962640426868946,1,without_ITO,-0.2691220252870331,-0.3156310857085439,-0.31809117867038866,0.36398419162766094
1425.5,0.4070169820459739,0.5929830179538815,1.4455103780619538e-13,0.5929830179538815,0.4070169820459739,1,without_ITO,-0.26977337956379377,-0.31229699838635866,-0.31867059259606556,0.3665184692453641
1425.75,0.4043955937004331,0.59560440629981,-2.431388423929093e-13,0.59560440629981,0.4043955937004331,1,without_ITO,-0.27037327073475936,-0.30894875461790045,-0.3192223304253399,0.3690719939148669
1426.0,0.40176242033942955,0.5982375796605586,1.1879386363489175e-14,0.5982375796605586,0.40176242033942955,1,without_ITO,-0.2709214028583702,-0.3055866836281711,-0.3197459421815673,0.37164461740669785
1426.25,0.39911764000738065,0.6008823599924482,1.7119639039719914e-13,0.6008823599924482,0.39911764000738065,1,without_ITO,-0.27141747318552417,-0.3022111076974891,-0.320240976625326,0.37423619449067724
1426.5,0.3964614131748675,0.6035385868249151,2.1738166822160565e-13,0.6035385868249151,0.3964614131748675,1,without_ITO,-0.2718611725256149,-0.29882232318925506,-0.32070698075749704,0.3768465984493788
1426.75,0.39379389675873855,0.6062061032412777,-1.6209256159527285e-14,0.6062061032412777,0.39379389675873855,1,without_ITO,-0.2722521820022013,-0.2954206190708387,-0.32114349855793617,0.3794757065483658
1427.0,0.3911152489580469,0.6088847510421345,-1.8141044222375058e-13,0.6088847510421345,0.3911152489580469,1,without_ITO,-0.27259017196787555,-0.292006283329994,-0.32155007044701045,0.3821233950986981
1427.25,0.38842565388113015,0.6115743461192847,-4.14890344302421e-13,0.6115743461192847,0.38842565388113015,1,without_ITO,-0.27287480116348384,-0.288579635282204,-0.3219262336276153,0.3847895134537816
1427.488,0.3858552476682652,0.6141447523320331,-2.9831692671677956e-13,0.6141447523320331,0.3858552476682652,1,without_ITO,-0.2730958675272537,-0.2853064358516789,-0.32225566424863944,0.387344547467332
1427.5,0.38572539634090175,0.6142746036593102,-2.1194157540094238e-13,0.6142746036593102,0.38572539634090175,1,without_ITO,-0.2731057191749167,-0.2851411233954829,-0.3222715261126596,0.387473804370224
1427.588,0.38477242698891345,0.615227573010934,1.525446435834965e-13,0.615227573010934,0.38477242698891345,1,without_ITO,-0.2731741560922585,-0.28392803434919733,-0.3223856375100536,0.38842294530752625
1427.688,0.38368796842284086,0.6163120315773631,-2.0405899192610377e-13,0.6163120315773631,0.38368796842284086,1,without_ITO,-0.2732437749082183,-0.2825478394123321,-0.3225105720858356,0.3895041881801461
1427.75,0.3830147905337855,0.6169852094658453,3.6914915568786455e-13,0.6169852094658453,0.3830147905337855,1,without_ITO,-0.27328257478331264,-0.2816912315805201,-0.32258548825246564,0.3901759792740094
1427.788,0.38260189243283554,0.617398107567819,-6.545874953189923e-13,0.617398107567819,0.38260189243283554,1,without_ITO,-0.27330470153492425,-0.28116588226808203,-0.32263043869980973,0.3905882572328635
1427.888,0.38151421961576554,0.6184857803843672,-1.326716514427062e-13,0.6184857803843672,0.38151421961576554,1,without_ITO,-0.2733569135429261,-0.27978219424048834,-0.3227452081280868,0.3916751334691091
1427.988,0.38042497070870873,0.619575029291654,-3.6270986214503864e-13,0.619575029291654,0.38042497070870873,1,without_ITO,-0.27340038851532555,-0.2783968067558007,-0.3228548511985518,0.3927647977463142
1428.0,0.3802941559160537,0.6197058440840606,-1.1435297153639112e-13,0.6197058440840606,0.3802941559160537,1,without_ITO,-0.27340501731896283,-0.27823044754998427,-0.322867662492345,0.3928957439017604
1428.088,0.3793341642296225,0.6206658357701559,2.2160051571518125e-13,0.6206658357701559,0.3793341642296225,1,without_ITO,-0.27343510391713555,-0.27700974826525415,-0.32295933863067794,0.39385723329230327
1428.188,0.3782418052500057,0.6217581947502029,-2.0861090632706691e-13,0.6217581947502029,0.3782418052500057,1,without_ITO,-0.2734610363019924,-0.2756210295813326,-0.3230586401716404,0.3949524377191455
1428.25,0.3775637631126213,0.622436236887102,2.76667577736589e-13,0.622436236887102,0.3775637631126213,1,without_ITO,-0.27347269290649756,-0.2747591921920097,-0.32311758924271666,0.39563285624337313
1428.288,0.37714789398381154,0.6228521060163129,-1.2445600106048005e-13,0.6228521060163129,0.37714789398381154,1,without_ITO,-0.2734781613357049,-0.2742306551250018,-0.3231527249390284,0.39605041388358664
1428.388,0.376052430595345,0.6239475694046612,-6.217248937900877e-15,0.6239475694046612,0.376052430595345,1,without_ITO,-0.27348645396608684,-0.272838629206914,-0.32324156169315676,0.3971511647639937
1428.488,0.3749554152102949,0.6250445847898485,-1.4344081478157023e-13,0.6250445847898485,0.3749554152102949,1,without_ITO,-0.273485888412542,-0.27144495604518415,-0.32332511882800247,0.39825469345064185
1428.5,0.37482366907429165,0.6251763309257307,-2.2315482794965646e-14,0.6251763309257307,0.37482366907429165,1,without_ITO,-0.2734852240246689,-0.27127760476780227,-0.323334789379062,0.3983873037126818
1428.588,0.3738568479140103,0.6261431520861633,-1.7363888105137448e-13,0.6261431520861633,0.3738568479140103,1,without_ITO,-0.2734764381580827,-0.27004963976393886,-0.3234033643636642,0.39936100314784323
1428.688,0.3727567287600094,0.6272432712394668,5.238032230181489e-13,0.6272432712394668,0.3727567287600094,1,without_ITO,-0.2734580759402302,-0.2686526844052547,-0.3234762659369602,0.4004700971688253
1428.75,0.37207387555274235,0.6279261244472583,-6.661338147750939e-16,0.6279261244472583,0.37207387555274235,1,without_ITO,-0.2734422035214853,-0.267785750677874,-0.32351876682548003,0.4011591352466361
1428.788,0.37165505777066,0.6283449422296901,-3.5005331966431186e-13,0.6283449422296901,0.37165505777066,1,without_ITO,-0.2734307737428026,-0.267254093928597,-0.32354379079359796,0.401581978938015
1428.888,0.37055183494111477,0.6294481650586611,2.241540286718191e-13,0.6294481650586611,0.37055183494111477,1,without_ITO,-0.27339450278340693,-0.26585387222299245,-0.3236059057774068,0.4026966519853729
1428.988,0.36944706024329876,0.6305529397569906,-2.893241202173158e-13,0.6305529397569906,0.36944706024329876,1,without_ITO,-0.27334923350988466,-0.26445202310492,-0.32366257732506315,0.40381411994962596
1429.0,0.3693143829921567,0.6306856170079108,-6.750155989720952e-14,0.6306856170079108,0.3693143829921567,1,without_ITO,-0.2733431950778853,-0.26428369202824037,-0.3236690105024552,0.4039484041000414
1429.088,0.3683407366658248,0.6316592633341693,5.88418203051333e-15,0.6316592633341693,0.3683407366658248,1,without_ITO,-0.27329493600483656,-0.26304855428556617,-0.32371377179982846,0.4049343833073809
1429.188,0.3672328846972267,0.6327671153024311,3.4217073618947325e-13,0.6327671153024311,0.3672328846972267,1,without_ITO,-0.2732315822362837,-0.2616434962137501,-0.32375945728433975,0.40605742377927023
1429.25,0.36654526070869237,0.6334547392912051,1.0258460747536446e-13,0.6334547392912051,0.36654526070869237,1,without_ITO,-0.27318774293601233,-0.2607715790620857,-0.3237850019972956,0.4067550925134201
1429.288,0.3661235312401647,0.6338764687597622,7.30526750203353e-14,0.6338764687597622,0.3661235312401647,1,without_ITO,-0.2731591450667898,-0.2602368876140788,-0.3237996026151208,0.4071832162056001
1429.388,0.36501270341778236,0.6349872965822501,-3.241851231905457e-14,0.6349872965822501,0.36501270341778236,1,without_ITO,-0.2730775975047671,-0.25882876741666416,-0.3238341767375883,0.4083117351964594
1429.488,0.3639004285717842,0.6360995714282741,-5.828670879282072e-14,0.6360995714282741,0.3639004285717842,1,without_ITO,-0.2729869127032306,-0.25741917475266407,-0.3238631487035674,0.4094429551380687
1429.5,0.36376685965654165,0.6362331403432273,2.310374114244951e-13,0.6362331403432273,0.36376685965654165,1,without_ITO,-0.27297541523493396,-0.2572499265489884,-0.32386624740899417,0.4095788818103984
1429.588,0.3627867342583247,0.6372132657414638,2.1160850849355484e-13,0.6372132657414638,0.3627867342583247,1,without_ITO,-0.2728870639605433,-0.25600814894917157,-0.3238864876741859,0.41057685019515805
1429.688,0.3616716482549782,0.6383283517454255,-4.036770917537069e-13,0.6383283517454255,0.3616716482549782,1,without_ITO,-0.27277802472126733,-0.25459572953662846,-0.32390416291891294,0.41171339430781473
1429.75,0.3609796082941691,0.6390203917057065,1.2445600106048005e-13,0.6390203917057065,0.3609796082941691,1,without_ITO,-0.2727057933371076,-0.25371934704682664,-0.32391226381426863,0.4124193704952004
1429.788,0.36055519855534257,0.6394448014450992,-4.417577414983498e-13,0.6394448014450992,0.36055519855534257,1,without_ITO,-0.27265976857759144,-0.25318195624502543,-0.32391614381977546,0.41285256119288927
1429.888,0.359437413376356,0.6405625866236738,-2.986499936241671e-14,0.6405625866236738,0.359437413376356,1,without_ITO,-0.27253226926829444,-0.25176686900931566,-0.32392239986829224,0.4139943243427172
1429.988,0.35831832115604706,0.6416816788438778,7.51620987671231e-14,0.6416816788438778,0.35831832115604706,1,without_ITO,-0.27239550068247564,-0.2503505079674373,-0.3239229006701672,0.41513865702601055
1430.0,0.3581839436153606,0.6418160563844656,1.73749903353837e-13,0.6418160563844656,0.3581839436153606,1,without_ITO,-0.27237846432233226,-0.2501804609566751,-0.3239225725746073,0.4152761483425943
1430.088,0.35719794807453825,0.6428020519253659,9.592326932761353e-14,0.6428020519253659,0.35719794807453825,1,without_ITO,-0.2722494363029015,-0.24893291024332254,-0.32391761553918097,0.41628553497279314
1430.188,0.35607630621579145,0.6439236937842654,-5.684341886080802e-14,0.6439236937842654,0.35607630621579145,1,without_ITO,-0.2720940463524132,-0.2475140945936331,-0.3239065114466812,0.4174349492179378
1430.25,0.355380254180676,0.6446197458191405,1.8351986597053838e-13,0.6446197458191405,0.355380254180676,1,without_ITO,-0.2719930075078712,-0.24663382259698785,-0.32389668966095775,0.41814885826259857
1430.288,0.35495340264691655,0.6450465973527869,2.965405698773793e-13,0.6450465973527869,0.35495340264691655,1,without_ITO,-0.27192929936538823,-0.2460940732153145,-0.3238895542353321,0.4185868963075729
1430.388,0.3538292444920948,0.6461707555078994,5.88418203051333e-15,0.6461707555078994,0.3538292444920948,1,without_ITO,-0.27175516322729304,-0.24467285833394725,-0.3238667093865402,0.41974137281829826
1430.488,0.3527038389378072,0.6472961610619515,2.412514632510465e-13,0.6472961610619515,0.3527038389378072,1,without_ITO,-0.27157160516683426,-0.2432504622143869,-0.3238379420155849,0.42089837534895397
1430.5,0.3525687067898191,0.6474312932100807,1.0014211682118912e-13,0.6474312932100807,0.3525687067898191,1,without_ITO,-0.271548943465589,-0.24307969588473188,-0.3238340902671348,0.42103738524062745
1430.588,0.35157719324137726,0.6484228067588997,-2.7700064464397656e-13,0.6484228067588997,0.35157719324137726,1,without_ITO,-0.27137859174873646,-0.24182689716829503,-0.3238032168628999,0.4220579005177674
1430.688,0.3504493147333463,0.6495506852668015,-1.4777068457760834e-13,0.6495506852668015,0.3504493147333463,1,without_ITO,-0.27117608886453926,-0.2404021755618196,-0.32376249828671344,0.423219944958651
1430.75,0.3497494141861649,0.6502505858137396,9.547918011776346e-14,0.6502505858137396,0.3497494141861649,1,without_ITO,-0.27104575623708416,-0.23951827278728738,-0.32373422708570737,0.42394167622064294
1430.788,0.3493202108229745,0.6506797891771281,-1.0258460747536446e-13,0.6506797891771281,0.3493202108229745,1,without_ITO,-0.2709640617252106,-0.2389763098194435,-0.323715750255198,0.4243845053211426
1430.888,0.348189889002973,0.6518101109965825,4.445332990599127e-13,0.6518101109965825,0.348189889002973,1,without_ITO,-0.270742474852153,-0.23754931243313382,-0.3236629363388437,0.42555157826493567
1430.988,0.3470583568550587,0.6529416431451185,-1.7719159473017498e-13,0.6529416431451185,0.3470583568550587,1,without_ITO,-0.270511292069466,-0.23612119596711884,-0.32360401970228636,0.42672116045908626
1431.0,0.3469224920264963,0.6530775079737544,-2.5068835896036035e-13,0.6530775079737544,0.3469224920264963,1,without_ITO,-0.27048290354614984,-0.23594974738845964,-0.3235965378385444,0.4268616787861425
1431.088,0.34592562331740495,0.6540743766826325,-3.7414515929867775e-14,0.6540743766826325,0.34592562331740495,1,without_ITO,-0.27027047688540135,-0.2346919747020773,-0.3235389633668392,0.4278932471981071
1431.188,0.3447917047247907,0.6552082952752498,-4.0523140398818214e-14,0.6552082952752498,0.3447917047247907,1,without_ITO,-0.27001999446366287,-0.23326167243528417,-0.32346773155894415,0.4290678258083382
1431.25,0.3440880884322338,0.6559119115673693,3.9690473130349346e-13,0.6559119115673693,0.3440880884322338,1,without_ITO,-0.269859825405769,-0.2323743541242736,-0.3234204509867392,0.4297973091220619
1431.288,0.34365662017906484,0.6563433798211415,-2.063904602778166e-13,0.6563433798211415,0.34365662017906484,1,without_ITO,-0.26975981041559843,-0.23183031648457098,-0.32339028885433524,0.4302448806764419
1431.388,0.34252038897219833,0.6574796110278716,-6.994405055138486e-14,0.6574796110278716,0.34252038897219833,1,without_ITO,-0.2694898900392635,-0.2303979343528304,-0.3233065996462098,0.43142439605989097
1431.488,0.3413830305872578,0.6586169694126642,7.793765632868599e-14,0.6586169694126642,0.3413830305872578,1,without_ITO,-0.2692101983173218,-0.22896455372829694,-0.32321662814291136,0.4326063560879819
1431.5,0.34124647276687203,0.6587535272327427,3.852473895449293e-13,0.6587535272327427,0.34124647276687203,1,without_ITO,-0.2691759770013207,-0.2287924822764949,-0.3232054076856288,0.4327483548129694
1431.588,0.3402445647004435,0.6597554352996553,-9.880984919163893e-14,0.6597554352996553,0.3402445647004435,1,without_ITO,-0.2689206999115786,-0.22753020248758804,-0.32312033836386234,0.4337907447606425
1431.688,0.33910501118725017,0.6608949888132016,-4.518607710224387e-13,0.6608949888132016,0.33910501118725017,1,without_ITO,-0.2686213591581894,-0.22609490870440407,-0.3230176941348627,0.4349775459440048
1431.75,0.33839795059929,0.6616020494005614,1.4854784069484595e-13,0.6616020494005614,0.33839795059929,1,without_ITO,-0.26843080929224183,-0.2252045656053095,-0.3229508475650463,0.4357145671115402
1431.788,0.3379643901233961,0.6620356098762412,3.6270986214503864e-13,0.6620356098762412,0.3379643901233961,1,without_ITO,-0.2683121400648407,-0.22465870065088034,-0.3229086590855346,0.4361667433706768
1431.888,0.3368227217959348,0.6631772782043444,-2.7911006839076435e-13,0.6631772782043444,0.3368227217959348,1,without_ITO,-0.26799300630785294,-0.2232216068080798,-0.3227931966449613,0.4373583206329499
1431.988,0.3356800266978654,0.6643199733023447,-2.1016521856154213e-13,0.6643199733023447,0.3356800266978654,1,without_ITO,-0.26766392122463323,-0.2217836558655663,-0.32267127003765245,0.4385522611848311
1432.0,0.33554283526860906,0.6644571647321658,-7.748246488858967e-13,0.6644571647321658,0.33554283526860906,1,without_ITO,-0.26762376053215,-0.22161104552566036,-0.3226562026987169,0.4386956920731485
1432.088,0.33453632489781854,0.6654636751021443,3.708144902248023e-14,0.6654636751021443,0.33453632489781854,1,without_ITO,-0.2673248475570899,-0.22034487590361063,-0.3225428421081157,0.4397485490421957
1432.188,0.33339163297343566,0.6666083670265119,5.240252676230739e-14,0.6666083670265119,0.33339163297343566,1,without_ITO,-0.26697574616863706,-0.21890529044734053,-0.3224078744612912,0.4409471721597359
1432.25,0.3326814335083893,0.6673185664915993,1.1435297153639112e-14,0.6673185664915993,0.3326814335083893,1,without_ITO,-0.2667542497777296,-0.21801235259583862,-0.3223208931475407,0.44169148657481955
1432.288,0.33224596637532877,0.6677540336248559,-1.8463008899516353e-13,0.6677540336248559,0.33224596637532877,1,without_ITO,-0.2666165768559011,-0.2174649215192005,-0.32226632801336225,0.44214811984603064
1432.388,0.33109934074695224,0.6689006592530438,3.9968028886505635e-15,0.6689006592530438,0.33109934074695224,1,without_ITO,-0.2662472988400146,-0.216023791341048,-0.32211816332180837,0.44335138131742263
1432.488,0.32995177193226544,0.6700482280678983,-1.637578961322106e-13,0.6700482280678983,0.32995177193226544,1,without_ITO,-0.2658678707622919,-0.21458192234256912,-0.32196334058046516,0.4445569456931874
1432.5,0.32981400105203507,0.6701859989478643,1.0058620603103918e-13,0.6701859989478643,0.32981400105203507,1,without_ITO,-0.26582165532289653,-0.21440884948699307,-0.32194431252654937,0.4447017676531696
1432.588,0.3288032759804703,0.6711967240189681,5.615508058554042e-13,0.6711967240189681,0.3288032759804703,1,without_ITO,-0.26547825067526826,-0.21313933717003009,-0.3218018196120514,0.4457648019910739
1432.688,0.3276538691533754,0.6723461308465383,8.626432901337466e-14,0.6723461308465383,0.3276538691533754,1,without_ITO,-0.26507839603750155,-0.21169605869128744,-0.32163355986230663,0.4469749391249429
1432.75,0.3269407866978974,0.6730592133020248,7.782663402622347e-14,0.6730592133020248,0.3269407866978974,1,without_ITO,-0.2648253274735979,-0.21080088797926338,-0.3215258366624936,0.4477263646772643
1432.788,0.326503567931136,0.6734964320682911,5.728750807065808e-13,0.6734964320682911,0.326503567931136,1,without_ITO,-0.2646682637049897,-0.21025211000982458,-0.3214585203928183,0.4481873458972223
1432.888,0.3253523890185375,0.674647610981815,-3.524958103184872e-13,0.674647610981815,0.3253523890185375,1,without_ITO,-0.2642478099252623,-0.2088075144647752,-0.32127665987460113,0.449402010999203
1432.988,0.3242003493496192,0.6757996506500104,3.703704010149522e-13,0.6757996506500104,0.3242003493496192,1,without_ITO,-0.26381699032838424,-0.20736229564613912,-0.32108793658149454,0.45061892300316114
1433.0,0.32406204755978174,0.6759379524400664,1.5187850976872141e-13,0.6759379524400664,0.32406204755978174,1,without_ITO,-0.2637645932639408,-0.20718882863359467,-0.3210648266114901,0.45076510288823285
1433.088,0.3230474674063447,0.676952532593462,1.9328982858723975e-13,0.676952532593462,0.3230474674063447,1,without_ITO,-0.26337576056130524,-0.2059164790773153,-0.32089230880647013,0.45183806891113093
1433.188,0.32189376944192793,0.6781062305583638,-2.9176661087149114e-13,0.6781062305583638,0.32189376944192793,1,without_ITO,-0.2629240794377482,-0.2044701002037742,-0.3206897369474948,0.45305942724180853
1433.25,0.3211780797107679,0.6788219202891637,6.838973831690964e-14,0.6788219202891637,0.3211780797107679,1,without_ITO,-0.26263877088733817,-0.20357308009832897,-0.3205606380232987,0.45381776966897003
1433.288,0.3207392847000087,0.6792607153000323,-4.0967229608668276e-14,0.6792607153000323,0.3207392847000087,1,without_ITO,-0.262461906851563,-0.2030231982407784,-0.3204801821116823,0.45428297330973455
1433.388,0.319584042746343,0.6804159572534877,1.6930901125533637e-13,0.6804159572534877,0.319584042746343,1,without_ITO,-0.26198920251733376,-0.20157581274354885,-0.3202636052791697,0.4555086821788855
1433.488,0.31842807347365343,0.6815719265263608,-1.4210854715202004e-14,0.6815719265263608,0.31842807347365343,1,without_ITO,-0.26150592597042177,-0.20012798361546308,-0.32003996730173023,0.45673652865925596
1433.5,0.31828930971641856,0.6817106902838737,-2.922107000813412e-13,0.6817106902838737,0.31828930971641856,1,without_ITO,-0.26144722040368634,-0.1999542162152299,-0.3200126543716255,0.4568840126791469
1433.588,0.31727140710307017,0.6827285928964654,4.64406291200703e-13,0.6827285928964654,0.31727140710307017,1,without_ITO,-0.2610120365623619,-0.19867975110970237,-0.31980922889947805,0.45796648730584005
1433.688,0.3161140741936872,0.683885925805827,4.858335955759685e-13,0.683885925805827,0.3161140741936872,1,without_ITO,-0.2605074934637195,-0.19723115583886308,-0.31957135066105546,0.4591985324127836
1433.75,0.31539620659207634,0.6846037934079178,5.88418203051333e-15,0.6846037934079178,0.31539620659207634,1,without_ITO,-0.26018930847895205,-0.19633286254703924,-0.31942026318912886,0.4599634368205083
1433.788,0.3149561056448661,0.6850438943544083,7.256417688950023e-13,0.6850438943544083,0.3149561056448661,1,without_ITO,-0.25999225566034206,-0.19578223878039536,-0.3193262930409988,0.46043263801022677
1433.888,0.31379753270265154,0.6862024672977323,-3.838040996129166e-13,0.6862024672977323,0.31379753270265154,1,without_ITO,-0.25946628195355975,-0.19433304128108686,-0.3190740163587262,0.46166877786132426
1433.988,0.3126383869624615,0.6873616130376197,-8.115730310009894e-14,0.6873616130376197,0.3126383869624615,1,without_ITO,-0.2589295309567065,-0.19288360506606794,-0.31881448079645947,0.46290692545754614
1434.0,0.3124992524959139,0.6875007475042965,-2.1038726316646716e-13,0.6875007475042965,0.3124992524959139,1,without_ITO,-0.2588643946311885,-0.19270965867488288,-0.31878284683630875,0.46305563682021633
1434.088,0.3114786977343665,0.6885213022659562,-3.226308109560705e-13,0.6885213022659562,0.3114786977343665,1,without_ITO,-0.2583819595562828,-0.19143396886221953,-0.31854764538213437,0.46414705697194897
1434.188,0.310318479440884,0.6896815205594069,-2.90878432451791e-13,0.6896815205594069,0.310318479440884,1,without_ITO,-0.2578235153070423,-0.18998415230484106,-0.31827346298122794,0.4653891653701999
1434.25,0.30959888245551365,0.6904011175442554,2.310374114244951e-13,0.6904011175442554,0.30959888245551365,1,without_ITO,-0.2574717947269283,-0.1890851811596812,-0.3180997583752466,0.46616026490639606
1434.288,0.30915774134834495,0.6908422586514669,1.8818280267396403e-13,0.6908422586514669,0.30915774134834495,1,without_ITO,-0.2572541415503753,-0.18853416840509862,-0.31799188367583014,0.46663324959359825
1434.388,0.30799649298853776,0.6920035070109136,5.486722187697524e-13,0.6920035070109136,0.30799649298853776,1,without_ITO,-0.25667378045131284,-0.187084030486813,-0.3177028567630088,0.46787930851459153
1434.488,0.3068347441745335,0.6931652558253475,1.1901590823981678e-13,0.6931652558253475,0.3068347441745335,1,without_ITO,-0.25608237298601655,-0.1856337522071912,-0.31740633074380353,0.469127340923023
1434.5,0.30669530116316446,0.6933046988369351,-9.958700530887654e-14,0.6933046988369351,0.30669530116316446,1,without_ITO,-0.2560106589272453,-0.1854597100427231,-0.3173702412062806,0.4692772373695502
1434.588,0.3056725050122852,0.6943274949873415,3.7325698087897763e-13,0.6943274949873415,0.3056725050122852,1,without_ITO,-0.2554798589280532,-0.18418334757322918,-0.3171022533101601,0.4703773455170087
1434.688,0.30450978591416183,0.6954902140860332,-1.9506618542664e-13,0.6954902140860332,0.30450978591416183,1,without_ITO,-0.25486617683404433,-0.18273283095517423,-0.31679057133150906,0.4716293208954989
1434.75,0.30378866374211233,0.6962113362582314,-3.4372504842394846e-13,0.6962113362582314,0.30378866374211233,1,without_ITO,-0.2544800579106432,-0.18183346086763563,-0.3165934858676228,0.47240653470082394
1434.788,0.30334659761059235,0.6966534023902847,-8.770761894538737e-13,0.6966534023902847,0.30334659761059235,1,without_ITO,-0.25424126402783,-0.18128221710539533,-0.31647123084013634,0.47288326554873683
1434.888,0.30218295115986077,0.6978170488399659,1.7330581414398694e-13,0.6978170488399659,0.30218295115986077,1,without_ITO,-0.25360505658492327,-0.17983152116958806,-0.31614417701837566,0.47413917785065224
1434.988,0.30101885796621747,0.6989811420334979,2.8466118351389014e-13,0.6989811420334979,0.30101885796621747,1,without_ITO,-0.2529574893190279,-0.17838075870561454,-0.31580935418368344,0.47539705605027965
1435.0,0.3008791373165395,0.6991208626830234,4.3709480479492413e-13,0.6991208626830234,0.3008791373165395,1,without_ITO,-0.25287901472430185,-0.17820666349409175,-0.31576865068933185,0.47554813345411534
1435.088,0.29985433312716014,0.7001456668728727,-3.2862601528904634e-14,0.7001456668728727,0.29985433312716014,1,without_ITO,-0.25229849804207216,-0.1769299499521444,-0.3154667072735311,0.47665689449350257
1435.188,0.2986894113371795,0.7013105886627766,4.3853809472693683e-14,0.7013105886627766,0.2986894113371795,1,without_ITO,-0.2516280307214678,-0.17547914006167598,-0.31511618918060486,0.47791866565124463
1435.25,0.2979669788868856,0.702033021112471,6.433742427702782e-13,0.702033021112471,0.2979669788868856,1,without_ITO,-0.2512065568657184,-0.1745796611953382,-0.31489489567486145,0.47870191876787316
1435.288,0.2975241346176897,0.7024758653823934,-8.304468224196171e-14,0.7024758653823934,0.2975241346176897,1,without_ITO,-0.2509460398225706,-0.1740283834373133,-0.31475775571238457,0.4791823338901157
1435.388,0.29635854549547175,0.7036414545039582,5.699885008425554e-13,0.7036414545039582,0.29635854549547175,1,without_ITO,-0.25025247779288196,-0.17257773504098128,-0.3143913626198997,0.4804478631550532
1435.488,0.2951926870039148,0.7048073129965635,-4.782840790085174e-13,0.7048073129965635,0.2951926870039148,1,without_ITO,-0.24954729705973022,-0.1711272503905208,-0.3140169655943634,0.4817152169738384
1435.5,0.2950527679454579,0.7049472320546187,-7.671641100159832e-14,0.7049472320546187,0.2950527679454579,1,without_ITO,-0.24946189233457297,-0.17095320589360402,-0.31397149798048957,0.4818674202943077
1435.588,0.29402660268429104,0.7059733973159765,-2.6756374893466273e-13,0.7059733973159765,0.29402660268429104,1,without_ITO,-0.24883045003044996,-0.16967698556710598,-0.31363452026860467,0.4829843584508772
1435.688,0.292860336596977,0.7071396634028906,1.3233858453531866e-13,0.7071396634028906,0.292860336596977,1,without_ITO,-0.24810188910046221,-0.16822699722202272,-0.3132439822201785,0.48425525026359045
1435.75,0.292137179871199,0.7078628201281266,6.743494651573201e-13,0.7078628201281266,0.292137179871199,1,without_ITO,-0.24764427771917702,-0.16732816837186182,-0.31299776495958365,0.48504406566439917
1435.788,0.2916939333265425,0.7083060666734359,2.1649348980190553e-14,0.7083060666734359,0.2916939333265425,1,without_ITO,-0.24736156665337927,-0.1667773425855763,-0.31284530697141294,0.48552785465515336
1435.888,0.29052743798761743,0.7094725620125473,-1.6475709685437323e-13,0.7094725620125473,0.29052743798761743,1,without_ITO,-0.24660943506495114,-0.16532807947474382,-0.3124384499920447,0.4868021334296137
1435.988,0.2893608962340313,0.7106391037660451,-7.638334409421077e-14,0.7106391037660451,0.2893608962340313,1,without_ITO,-0.24584544670824932,-0.16387926630302618,-0.3120233667004744,0.48807804794534143
1436.0,0.2892209102924347,0.71077908970747,9.536815781530095e-14,0.71077908970747,0.2892209102924347,1,without_ITO,-0.24575296906879562,-0.16370544175433216,-0.311973001778349,0.48823126575757947
1436.088,0.28819435159389273,0.7118056484063829,-2.7566837701442637e-13,0.7118056484063829,0.28819435159389273,1,without_ITO,-0.24506955185515494,-0.1624309586992672,-0.3116000110829861,0.4893555621533509
1436.188,0.287027832787247,0.7129721672123808,3.72257780156815e-13,0.7129721672123808,0.287027832787247,1,without_ITO,-0.24428168840081865,-0.16098319343691914,-0.31116832892088603,0.49063465708847537
1436.25,0.2863046144977707,0.7136953855015733,6.559197629485425e-13,0.7136953855015733,0.2863046144977707,1,without_ITO,-0.24378717292850305,-0.16008586465781266,-0.3108964790967654,0.4914284840885635
1436.288,0.28586136356768105,0.7141386364323017,1.7319479184152442e-14,0.7141386364323017,0.28586136356768105,1,without_ITO,-0.2434817889829719,-0.15953600094182274,-0.3107282624711493,0.4919153197264113
1436.388,0.28469496819591483,0.7153050318036333,4.5197179332490123e-13,0.7153050318036333,0.28469496819591483,1,without_ITO,-0.2426697851498042,-0.1580894122443789,-0.3102797532073505,0.493197536759397
1436.488,0.28352867146269894,0.7164713285369582,3.4283687000424834e-13,0.7164713285369582,0.28352867146269894,1,without_ITO,-0.24184560735373123,-0.15664345900323207,-0.3098227418110573,0.4944812945799401
1436.5,0.28338872368048673,0.7166112763194836,2.964295475749168e-14,0.7166112763194836,0.28338872368048673,1,without_ITO,-0.2417458845844244,-0.1564699888439679,-0.3097673262537536,0.49463544840180235
1436.588,0.2823624987031169,0.7176375012974442,-5.611067166455541e-13,0.7176375012974442,0.2823624987031169,1,without_ITO,-0.24100918493990872,-0.15519817352607457,-0.3093571681609363,0.4957665792683268
1436.688,0.28119647581142526,0.7188035241880029,5.718758799844181e-13,0.7188035241880029,0.28119647581142526,1,without_ITO,-0.240160446131629,-0.15375358878918066,-0.3088829713191928,0.4970533765805235
1436.75,0.2804736284693452,0.7195263715313671,-7.123190925995004e-13,0.7195263715313671,0.2804736284693452,1,without_ITO,-0.23962801084950486,-0.1528583128987826,-0.30858461165656914,0.49785194417418427
1436.788,0.2800306292613778,0.7199693707388174,-1.9517720772910252e-13,0.7199693707388174,0.2800306292613778,1,without_ITO,-0.23929931802325127,-0.1523097384556692,-0.3084000895220965,0.4983416719376538
1436.888,0.2788649861158269,0.7211350138846132,-4.4009240696141205e-13,0.7211350138846132,0.2788649861158269,1,without_ITO,-0.23842572656080763,-0.150866656896622,-0.30790846016483087,0.4996314504130092
1436.988,0.27769957404879425,0.7223004259517799,-5.740963260336684e-13,0.7223004259517799,0.27769957404879425,1,without_ITO,-0.23753959653582868,-0.1494243792115847,-0.30740801979219884,0.5009226967192185
1437.0,0.27755974146601586,0.722440258533868,1.162403506782539e-13,0.722440258533868,0.27755974146601586,1,without_ITO,-0.2374324147260094,-0.14925136160408414,-0.30734737180153776,0.501077744174676
1437.088,0.276534422600619,0.7234655773992951,8.593126210598712e-14,0.7234655773992951,0.276534422600619,1,without_ITO,-0.23664085268535456,-0.1479829428164906,-0.30689870482151466,0.5022153937658045
1437.188,0.2753695690991515,0.7246304309013158,-4.674038933671909e-13,0.7246304309013158,0.2753695690991515,1,without_ITO,-0.2357294251421279,-0.14654239491361631,-0.306380455141486,0.5035095158250841
1437.25,0.27464752730981445,0.7253524726902751,-8.959499808725013e-14,0.7253524726902751,0.27464752730981445,1,without_ITO,-0.235157940385846,-0.14564972383828956,-0.3060546274005611,0.5043125743884238
1437.288,0.2742050540875945,0.7257949459128537,-4.480860127387132e-13,0.7257949459128537,0.2742050540875945,1,without_ITO,-0.2348052456044588,-0.14510278670617915,-0.3058532115844216,0.5048050337692744
1437.388,0.27304091880285886,0.7269590811979245,-7.833733661755105e-13,0.7269590811979245,0.27304091880285886,1,without_ITO,-0.233868245108513,-0.14366417020541794,-0.30531691445303055,0.5061019179794938
1437.488,0.27187720518338326,0.7281227948162892,3.275157922644212e-13,0.7281227948162892,0.27187720518338326,1,without_ITO,-0.23291835401760827,-0.1422265982430661,-0.3047715035105197,0.5074001383391871
1437.5,0.27173758990321617,0.728262410096715,6.88338275267597e-14,0.728262410096715,0.27173758990321617,1,without_ITO,-0.2328034975069408,-0.14205416234019885,-0.3047054388686306,0.5075560131227832
1437.588,0.27071395588707803,0.72928604411268,2.419175970658216e-13,0.72928604411268,0.27071395588707803,1,without_ITO,-0.23195550202026985,-0.14079012448857908,-0.3042169179762998,0.508699664222815
1437.688,0.2695512143031126,0.7304487856966009,2.865485626557529e-13,0.7304487856966009,0.2695512143031126,1,without_ITO,-0.23097961812497875,-0.1393548034690154,-0.3036530965204342,0.5100004644821517
1437.75,0.2688305888211689,0.7311694111784786,3.526068326209497e-13,0.7311694111784786,0.2688305888211689,1,without_ITO,-0.23036799408346317,-0.1384655076023404,-0.3032988618187467,0.5108075867619729
1437.788,0.2683890245701113,0.731610975430143,-2.5424107263916085e-13,0.731610975430143,0.2683890245701113,1,without_ITO,-0.2299906306567832,-0.1379206905868861,-0.30307997725700064,0.5113025074359947
1437.888,0.2672274315896457,0.7327725684101891,1.652011860642233e-13,0.7327725684101891,0.2672274315896457,1,without_ITO,-0.2289884672512876,-0.13648784213947707,-0.30249749773865175,0.5126057608560622
1437.988,0.26606648104414327,0.7339335189560525,-1.9584334154387761e-13,0.7339335189560525,0.26606648104414327,1,without_ITO,-0.22797305485497546,-0.13505631533647278,-0.3019055949530035,0.5139101919558692
1438.0,0.26592721234942407,0.7340727876509721,-3.9612757518625585e-13,0.7340727876509721,0.26592721234942407,1,without_ITO,-0.22785031154063123,-0.13488462368640175,-0.30183393036184203,0.5140668012495594
1438.088,0.264906219163217,0.7350937808370137,-2.3070434451710753e-13,0.7350937808370137,0.264906219163217,1,without_ITO,-0.2269443194630451,-0.13362616800987848,-0.3013042051457237,0.5152157676664226
1438.188,0.2637466915601926,0.7362533084397003,1.071365218763276e-13,0.7362533084397003,0.2637466915601926,1,without_ITO,-0.22590218487620106,-0.1321974571473763,-0.30069326299236326,0.5165224560060099
1438.25,0.26302817331229833,0.736971826687099,6.02629057766535e-13,0.736971826687099,0.26302817331229833,1,without_ITO,-0.22524929839077729,-0.13131240290652402,-0.30030965260870945,0.517333147540075
1438.288,0.262587944170293,0.7374120558293651,3.419486915845482e-13,0.7374120558293651,0.262587944170293,1,without_ITO,-0.22484657357226545,-0.13077024007545912,-0.30007270217055276,0.517830225000727
1438.388,0.261430023776083,0.7385699762235918,3.2529534621517087e-13,0.7385699762235918,0.261430023776083,1,without_ITO,-0.22377740720490813,-0.12934457512024755,-0.2994424556885007,0.5191390420770531
1438.488,0.2602729780292302,0.7397270219714502,-6.804556917927584e-13,0.7397270219714502,0.2602729780292302,1,without_ITO,-0.22269460660295942,-0.1279205216333994,-0.2988024558796084,0.5204488740453961
1438.5,0.2601341936110228,0.7398658063884802,4.969358258222201e-13,0.7398658063884802,0.2601341936110228,1,without_ITO,-0.22256375051935107,-0.1277497463632612,-0.2987249972402723,0.5206061204827045
1438.588,0.25911685546634294,0.740883144533719,-6.195044477408373e-14,0.740883144533719,0.25911685546634294,1,without_ITO,-0.2215980917627342,-0.12649814001421567,-0.29815263439495465,0.5217596870852318
1438.688,0.2579617055331276,0.7420382944668119,6.050715484207103e-14,0.7420382944668119,0.2579617055331276,1,without_ITO,-0.22048778184538875,-0.1250774917325802,-0.2974929221963241,0.5230714467299562
1438.75,0.2572460230816697,0.7427539769186676,-3.3739677718358507e-13,0.7427539769186676,0.2572460230816697,1,without_ITO,-0.2197924260206414,-0.1241975876733945,-0.2970789029618608,0.5238851977156758
1438.788,0.25680757859901926,0.7431924214010368,-5.6066262743570405e-14,0.7431924214010368,0.25680757859901926,1,without_ITO,-0.21936359517090614,-0.12365863935174842,-0.29682324955025235,0.5243841178512064
1438.888,0.25565452598126714,0.7443454740188165,-8.359979375427429e-14,0.7443454740188165,0.25565452598126714,1,without_ITO,-0.21822544921337095,-0.12224164655630454,-0.29614354601988185,0.5256976646410844
1438.988,0.2545025999628853,0.7454974000370528,6.183942247162122e-14,0.7454974000370528,0.2545025999628853,1,without_ITO,-0.21707326059655457,-0.12082657817277481,-0.29545374045852946,0.5270120505980774
1439.0,0.25436444706748945,0.7456355529321446,3.659295089164516e-13,0.7456355529321446,0.25436444706748945,1,without_ITO,-0.21693405030523819,-0.12065690240903243,-0.2953702815297835,0.5271698315450086
1439.088,0.2533518535675818,0.7466481464325476,-1.2945200467129325e-13,0.7466481464325476,0.2533518535675818,1,without_ITO,-0.21590694480264294,-0.11941349988659666,-0.2947537608117785,0.5283272388015741
1439.188,0.25220233940483255,0.747797660595357,-1.8951507030351422e-13,0.747797660595357,0.25220233940483255,1,without_ITO,-0.2147264147671788,-0.1180024767969644,-0.2940435331753835,0.5296431932924914
1439.25,0.25149028271215423,0.7485097172874617,3.8402614421784165e-13,0.7485097172874617,0.25149028271215423,1,without_ITO,-0.21398730892395934,-0.11712870336101244,-0.2935980125951006,0.5304594541072367
1439.288,0.2510541106115208,0.748945889388696,-2.1671553440683056e-13,0.748945889388696,0.2510541106115208,1,without_ITO,-0.21353158186479493,-0.11659357459665459,-0.29332298244615046,0.5309598779766442
1439.388,0.2499072213847888,0.7500927786152525,-4.1300296516055823e-14,0.7500927786152525,0.2499072213847888,1,without_ITO,-0.21232235648045605,-0.11518686023954994,-0.29259203269790335,0.5322772560035756
1439.488,0.2487617270063594,0.7512382729933282,3.1241675912951905e-13,0.7512382729933282,0.2487617270063594,1,without_ITO,-0.2110986480019333,-0.11378240196995093,-0.2918506071718998,0.5335952897474638
1439.5,0.24862436408092953,0.7513756359193912,-3.207434318142077e-13,0.7513756359193912,0.24862436408092953,1,without_ITO,-0.21095082538076793,-0.1136140218758091,-0.2917609284605347,0.5337534960451357
1439.75,0.2457675615614805,0.7542324384381657,3.538280779480374e-13,0.7542324384381657,0.2457675615614805,1,without_ITO,-0.20782317802400552,-0.11011393214035925,-0.2898578248492312,0.5370513646972275
1440.0,0.242920789969773,0.757079210029802,4.249933738265099e-13,0.757079210029802,0.242920789969773,1,without_ITO,-0.2046029058331234,-0.10662956122340378,-0.287887464307475,0.5403524354438957
1440.25,0.2400850391993784,0.7599149608006888,-6.716849298982197e-14,0.7599149608006888,0.2400850391993784,1,without_ITO,-0.20128854562033915,-0.10316212717619,-0.2858486007196887,0.5436560156765211
1440.5,0.2372614604476483,0.7627385395524416,-8.992806499463768e-14,0.7627385395524416,0.2372614604476483,1,without_ITO,-0.19787875327328874,-0.0997130461057753,-0.2837400605607765,0.5469612403505161
1440.75,0.23445128301729945,0.7655487169823807,3.198552533945076e-13,0.7655487169823807,0.23445128301729945,1,without_ITO,-0.19437220569853836,-0.09628382780196082,-0.2815606772187731,0.5502671711829074
1441.0,0.231655788218594,0.7683442117813251,8.093525849517391e-14,0.7683442117813251,0.231655788218594,1,without_ITO,-0.19076756599930467,-0.09287604299441754,-0.2793092673626457,0.5535728286198631
1441.25,0.22887625188155172,0.771123748118248,2.0028423364237824e-13,0.771123748118248,0.22887625188155172,1,without_ITO,-0.18706339340314115,-0.08949125186553908,-0.276984569732002,0.5568772635489275
1441.5,0.2261137701122382,0.7738862298873492,4.1255887595070817e-13,0.7738862298873492,0.2261137701122382,1,without_ITO,-0.18325785151489904,-0.08613078826454135,-0.2745850467618396,0.560179776410491
1441.75,0.22336944635196482,0.7766305536485221,-4.869438186005937e-13,0.7766305536485221,0.22336944635196482,1,without_ITO,-0.17934894655949285,-0.08279599287971079,-0.27210904352442744,0.5634796936581749
1442.0,0.2206444562435235,0.7793555437568566,-3.800293413291911e-13,0.7793555437568566,0.2206444562435235,1,without_ITO,-0.1753346121871489,-0.07948829374158878,-0.2695548440060667,0.5667762904959384
1442.25,0.21794012592014916,0.782059874079428,4.227729277772596e-13,0.782059874079428,0.21794012592014916,1,without_ITO,-0.17121283577577834,-0.07620930279924704,-0.26692075618023414,0.5700686941248154
1442.5,0.21525815266487106,0.7847418473352031,-7.416289804496046e-14,0.7847418473352031,0.21525815266487106,1,without_ITO,-0.16698206687562234,-0.07296108761582609,-0.26420539033404566,0.5733556019452647
1442.75,0.21260038041303952,0.7873996195872779,-3.1741276274033225e-13,0.7873996195872779,0.21260038041303952,1,without_ITO,-0.16264088184781134,-0.06974589231565287,-0.26140743241967224,0.5766355580538887
1443.0,0.20996872786898013,0.7900312721314146,-3.9468428525424315e-13,0.7900312721314146,0.20996872786898013,1,without_ITO,-0.1581878654052733,-0.06656604836033081,-0.25852556339010807,0.5799070437413376
1443.25,0.20736513445972302,0.792634865540109,1.6797674362578618e-13,0.792634865540109,0.20736513445972302,1,without_ITO,-0.15362150016011422,-0.06342390789708247,-0.25555838312294243,0.5831685488406585
1443.5,0.2047913982531653,0.7952086017471329,-2.9820590441431705e-13,0.7952086017471329,0.2047913982531653,1,without_ITO,-0.14893980672554075,-0.06032164485215147,-0.252504162115064,0.5864187889890102
1443.75,0.2022493591557817,0.797750640843987,2.313704783318826e-13,0.797750640843987,0.2022493591557817,1,without_ITO,-0.14414064523043246,-0.0572614812476423,-0.2493610454482905,0.5896564774787818
1444.0,0.19974096260670943,0.8002590373935414,-2.509104035652854e-13,0.8002590373935414,0.19974096260670943,1,without_ITO,-0.13922182359174617,-0.054245765477841934,-0.24612712576908846,0.592880246107135
1444.25,0.19726829261188616,0.8027317073876287,4.851674617611934e-13,0.8027317073876287,0.19726829261188616,1,without_ITO,-0.1341811609076744,-0.05127701253176398,-0.2428004860696502,0.5960886035245172
1444.5,0.19483365535179165,0.8051663446489099,-7.015499292606364e-13,0.8051663446489099,0.19483365535179165,1,without_ITO,-0.129016688695532,-0.04835800575798804,-0.23937933836883177,0.5992798220023245
1444.75,0.1924394984635234,0.8075605015361768,2.998712389512548e-13,0.8075605015361768,0.1924394984635234,1,without_ITO,-0.12372648682099108,-0.04549169722948093,-0.2358619106334946,0.6024520439499519
1445.0,0.19008838865453428,0.8099116113458666,-4.0090153419214403e-13,0.8099116113458666,0.19008838865453428,1,without_ITO,-0.1183086272010595,-0.04268117999115617,-0.2322464072310691,0.6056033138350166
1445.25,0.1877830046897426,0.8122169953096163,6.410427744185654e-13,0.8122169953096163,0.1877830046897426,1,without_ITO,-0.11276114300071016,-0.03992967930094582,-0.22853098661592341,0.6087315909382682
1445.5,0.18552610792832752,0.8144738920717657,-9.314771176605063e-14,0.8144738920717657,0.18552610792832752,1,without_ITO,-0.1070819226765084,-0.037240516675589364,-0.22471368622477814,0.611834796258612
1445.75,0.18332059002393428,0.816679409976172,-1.0635936575909e-13,0.816679409976172,0.18332059002393428,1,without_ITO,-0.10126880597832355,-0.03461716801404596,-0.2207924876282644,0.6149107514809766
1446.0,0.18116949306913022,0.8188305069311482,-2.7844393457598926e-13,0.8188305069311482,0.18116949306913022,1,without_ITO,-0.09531962099649349,-0.03206328786753382,-0.21676534110878995,0.6179571544997252
1446.25,0.17907603944460304,0.820923960555011,3.859135233597044e-13,0.820923960555011,0.17907603944460304,1,without_ITO,-0.08923226460883221,-0.029582745302068003,-0.21263022098184436,0.620971538466678
1446.5,0.17704370085783205,0.822956299141914,2.539080057317733e-13,0.822956299141914,0.17704370085783205,1,without_ITO,-0.08300494901009858,-0.027179706764185352,-0.20838529854334406,0.6239511655408516
1446.75,0.17507612763634428,0.8249238723630022,6.534772722943671e-13,0.8249238723630022,0.17507612763634428,1,without_ITO,-0.0766360058444377,-0.024858549594028667,-0.20402880507186502,0.6268931286913012
1447.0,0.17317713039432273,0.8268228696058139,-1.3655743202889425e-13,0.8268228696058139,0.17317713039432273,1,without_ITO,-0.07012382207800982,-0.02262383945061769,-0.19955898614723785,0.6297943811100741
1447.25,0.17135064710266207,0.8286493528980082,-6.70241639966207e-13,0.8286493528980082,0.17135064710266207,1,without_ITO,-0.06346668304855685,-0.020480290540171975,-0.1949739894606067,0.6326517952011605
1447.5,0.16960064838318878,0.8303993516160514,7.598366380534571e-13,0.8303993516160514,0.16960064838318878,1,without_ITO,-0.056662254828826364,-0.018432652561259477,-0.19027149459035786,0.6354623415391581
1447.75,0.167931286892691,0.83206871310671,5.98965321785272e-13,0.83206871310671,0.167931286892691,1,without_ITO,-0.049708038418140255,-0.016485891211594494,-0.1854490296886864,0.6382228713718067
1448.0,0.1663469512292747,0.8336530487704026,3.22741833258533e-13,0.8336530487704026,0.1663469512292747,1,without_ITO,-0.042601536516433836,-0.014645252786968488,-0.18050408720711295,0.6409300388861108
1448.25,0.16485231627934793,0.8351476837204683,1.837419105754634e-13,0.8351476837204683,0.16485231627934793,1,without_ITO,-0.03534048874332135,-0.01291632370287088,-0.17543429015770312,0.6435802152734558
1448.5,0.16345244601024245,0.8365475539897306,2.6978419498391304e-14,0.8365475539897306,0.16345244601024245,1,without_ITO,-0.027923598834938834,-0.011305150759304938,-0.17023791389467183,0.6461692689076756
1448.75,0.1621526487197434,0.8378473512811385,-8.818501484597618e-13,0.8378473512811385,0.1621526487197434,1,without_ITO,-0.02034993863991391,-0.009818066770198641,-0.1649134636248181,0.6486928051635098
1449.0,0.1609584376768514,0.8390415623227694,3.7925218521195347e-13,0.8390415623227694,0.1609584376768514,1,without_ITO,-0.0126187479404275,-0.008461643202485547,-0.1594595310920684,0.6511462390509374
1449.25,0.15987551454861013,0.8401244854516512,-2.6134649999676185e-13,0.8401244854516512,0.15987551454861013,1,without_ITO,-0.004729256798579551,-0.007242670714497357,-0.15387466523110666,0.6535248427164639
1449.5,0.1589097357965784,0.8410902642026106,8.110179194886769e-13,0.8410902642026106,0.1589097357965784,1,without_ITO,0.003319912731655772,-0.006168121799818682,-0.14815693541588948,0.6558238820241019
1449.75,0.15806721858114106,0.8419327814191235,-2.645661467681748e-13,0.8419327814191235,0.15806721858114106,1,without_ITO,0.011530199799115293,-0.0052452762695729405,-0.14230432024174008,0.6580384252237216
1450.0,0.15735437690354137,0.8426456230974191,-9.60453938603223e-13,0.8426456230974191,0.15735437690354137,1,without_ITO,0.01990289871320794,-0.004481763436818054,-0.13631485375644242,0.6601632756824151
1450.25,0.1567779359845696,0.8432220640156051,-1.7463808177353712e-13,0.8432220640156051,0.1567779359845696,1,without_ITO,0.028439040373863023,-0.003885578186825278,-0.1301867098956279,0.6621929400165372
1450.5,0.15634494005512903,0.8436550599444446,4.2643666375852263e-13,0.8436550599444446,0.15634494005512903,1,without_ITO,0.037139061396848305,-0.0034650875762881617,-0.12391844396662986,0.6641215650670282
1450.75,0.1560627275775492,0.8439372724230347,-5.839773109528323e-13,0.8439372724230347,0.1560627275775492,1,without_ITO,0.046003045683134736,-0.0032290015674336092,-0.11750881693070876,0.6659430047152692
1451.0,0.15593892979892318,0.8440610702005241,5.526690216584029e-13,0.8440610702005241,0.15593892979892318,1,without_ITO,0.055030791417559954,-0.0031863711293783625,-0.11095674527979787,0.6676508348233494
1451.25,0.15598147557824807,0.8440185244217124,3.952393967665557e-14,0.8440185244217124,0.15598147557824807,1,without_ITO,0.06422180339284322,-0.0033465934861175994,-0.10426130506433054,0.669238349432426
1451.5,0.15619859990049234,0.8438014000987852,7.224221221235894e-13,0.8438014000987852,0.15619859990049234,1,without_ITO,0.07357532853732818,-0.003719422147184792,-0.09742170360463111,0.6706985612690662
1451.75,0.15659884961555695,0.8434011503847938,-3.5071945347908695e-13,0.8434011503847938,0.15659884961555695,1,without_ITO,0.08309026539217368,-0.004314972690712127,-0.09043734430058525,0.672024182731271
1452.0,0.15719108509168173,0.8428089149074016,9.166001291305292e-13,0.8428089149074016,0.15719108509168173,1,without_ITO,0.09276510907719948,-0.005143723828045843,-0.08330786582261827,0.6732076168050692
1452.25,0.15798448283736413,0.8420155171609948,1.6411316750009064e-12,0.8420155171609948,0.15798448283736413,1,without_ITO,0.10259793689176178,-0.006216519901897866,-0.07603315123949064,0.6742409542913121
1452.5,0.15898854524454775,0.8410114547561838,-7.315259509255156e-13,0.8410114547561838,0.15898854524454775,1,without_ITO,0.11258643964742865,-0.007544582334873429,-0.06861330249197578,0.6751159727537126
1452.75,0.16021309695272634,0.8397869030479361,-6.624700787938309e-13,0.8397869030479361,0.16021309695272634,1,without_ITO,0.12272781775394281,-0.009139503935409243,-0.06104871615996756,0.6758241237604647
1453.0,0.1616682788071644,0.8383317211928653,-2.964295475749168e-14,0.8383317211928653,0.1616682788071644,1,without_ITO,0.133018715580568,-0.0110132405475179,-0.05334013137800705,0.6763565289866358
1453.25,0.1633645180187755,0.8366354819806405,5.839773109528323e-13,0.8366354819806405,0.1633645180187755,1,without_ITO,0.1434550558729366,-0.013178073274923763,-0.045488754575432874,0.6767039798299201
1453.5,0.1653124263701265,0.8346875736289172,9.563461134121098e-13,0.8346875736289172,0.1653124263701265,1,without_ITO,0.15403162027558737,-0.015646482080286017,-0.037496581147798164,0.6768569558330408
1453.75,0.16752281172576433,0.8324771882745894,-3.5371705564557487e-13,0.8324771882745894,0.16752281172576433,1,without_ITO,0.16474233658253257,-0.018431161475500613,-0.02936618164032859,0.6768056662072991
1454.0,0.17000667128019104,0.8299933287203518,-5.428990590417015e-13,0.8299933287203518,0.17000667128019104,1,without_ITO,0.17558034687044266,-0.021545012627242677,-0.021100651664520412,0.6765400691923358
1454.25,0.1727752395931569,0.8272247604057122,1.1308731728831845e-12,0.8272247604057122,0.1727752395931569,1,without_ITO,0.18653822971604694,-0.02500120265446587,-0.01270344067015355,0.6760498703458354
1454.5,0.17584024447243068,0.8241597555262821,1.2871925747504065e-12,0.8241597555262821,0.17584024447243068,1,without_ITO,0.19760878582661046,-0.028813478363701517,-0.004177736323434498,0.675324437982632
1454.75,0.17921375242882456,0.8207862475719819,-8.064660050877137e-13,0.8207862475719819,0.17921375242882456,1,without_ITO,0.20878420888493476,-0.03299597306221669,0.004472905499061751,0.6743527972708065
1455.0,0.18290808150037058,0.8170919185008836,-1.2541079286165768e-12,0.8170919185008836,0.18290808150037058,1,without_ITO,0.22005575718390147,-0.03756309851041306,0.013244308294010602,0.6731236519298065
1455.25,0.18693563530594917,0.8130643646924697,1.581179631671148e-12,0.8130643646924697,0.18693563530594917,1,without_ITO,0.23141333491937488,-0.042529341632316864,0.02213134435629827,0.6716254580709043
1455.5,0.1913083723565111,0.8086916276427901,6.987743716990735e-13,0.8086916276427901,0.1913083723565111,1,without_ITO,0.24284434888186646,-0.04790861760731724,0.03112701736080765,0.6698466868944639
1455.75,0.1960380091069065,0.8039619908938926,-7.991385331251877e-13,0.8039619908938926,0.1960380091069065,1,without_ITO,0.25433468115884494,-0.05371452238866259,0.04022320670916598,0.6677758161133379
1456.0,0.20113606372986909,0.7988639362699841,1.467714838554457e-13,0.7988639362699841,0.20113606372986909,1,without_ITO,0.2658689955474509,-0.05996038824915956,0.04941089925401347,0.6654013448468583
1456.25,0.2066139221526982,0.7933860778486175,-1.3156142841808105e-12,0.7933860778486175,0.2066139221526982,1,without_ITO,0.2774309859143764,-0.0666593654646972,0.058680381912944675,0.6627117797490155
1456.5,0.21248326456448677,0.7875167354349261,5.871969577242453e-13,0.7875167354349261,0.21248326456448677,1,without_ITO,0.28900420112724845,-0.07382494087001712,0.06802191251324852,0.6596954119007246
1456.75,0.2187556855443088,0.7812443144548572,8.339995360984176e-13,0.7812443144548572,0.2187556855443088,1,without_ITO,0.3005711556836992,-0.08147047443250865,0.07742501107084665,0.6563404926327924
1457.0,0.2254424859447507,0.7745575140552949,-4.5630166312093934e-14,0.7745575140552949,0.2254424859447507,1,without_ITO,0.31211300054300684,-0.08960894713852535,0.08687818739810434,0.652635356361565
1457.25,0.23255449658850724,0.7674455034116512,-1.5842882561400984e-13,0.7674455034116512,0.23255449658850724,1,without_ITO,0.3236093517767139,-0.09825274874232959,0.0963687887984716,0.6485685420574702
1457.5,0.24010168204364726,0.7598983179570921,-7.392975120978917e-13,0.7598983179570921,0.24010168204364726,1,without_ITO,0.3350378714098817,-0.10741320050834335,0.10588263134363693,0.6441290582532707
1457.75,0.24809321798050388,0.7519067820198215,-3.254063685176334e-13,0.7519067820198215,0.24809321798050388,1,without_ITO,0.3463746536642329,-0.11710065250022633,0.11540429425614826,0.6393063807030717
1458.0,0.2565374469095952,0.7434625530911333,-7.284173264565652e-13,0.7434625530911333,0.2565374469095952,1,without_ITO,0.3575943575670468,-0.12732443297178309,0.12491720956788507,0.6340905105215331
1458.25,0.2654417727383296,0.7345582272627098,-1.0393907956540716e-12,0.7345582272627098,0.2654417727383296,1,without_ITO,0.368670245543707,-0.13809272384346644,0.13440367312476023,0.6284720678865099
1458.5,0.27481260087118853,0.7251873991278459,9.655609645164986e-13,0.7251873991278459,0.27481260087118853,1,without_ITO,0.37957428302520724,-0.14941249132096968,0.1438449072201169,0.6224423570784083
1458.75,0.28465515250307233,0.7153448474968149,1.127986593019159e-13,0.7153448474968149,0.28465515250307233,1,without_ITO,0.390277098897024,-0.1612892650541633,0.1532210010953407,0.6159935136278718
1459.0,0.29497330515596976,0.7050266948446929,-6.626921233987559e-13,0.7050266948446929,0.29497330515596976,1,without_ITO,0.4007480162344088,-0.17372694964107643,0.1625109065070883,0.6091186400630455
1459.25,0.3057694754317403,0.6942305245687034,-4.4375614294267507e-13,0.6942305245687034,0.3057694754317403,1,without_ITO,0.4109551499610312,-0.18672768742383217,0.17169248856315014,0.6018119164944791
1459.5,0.3170445608245509,0.6829554391742063,1.2427836537654002e-12,0.6829554391742063,0.3170445608245509,1,without_ITO,0.42086556427062616,-0.20029179250009854,0.18074262947057312,0.5940686710724039
1459.75,0.32879773485678254,0.6712022651419308,1.286637463238094e-12,0.6712022651419308,0.32879773485678254,1,without_ITO,0.4304453066548348,-0.21441750872076507,0.18963721792166868,0.5858855519221506
1460.0,0.3410262827627664,0.6589737172377097,-4.760636329592671e-13,0.6589737172377097,0.3410262827627664,1,without_ITO,0.4396595156350389,-0.2291008171349819,0.19835119826169328,0.5772606761215799
1460.25,0.35372531518427297,0.6462746848160673,-3.402833570476105e-13,0.6462746848160673,0.35372531518427297,1,without_ITO,0.44847247692873304,-0.24433509790645325,0.20685856119253948,0.5681938702650671
1460.5,0.3668871468862659,0.63311285311365,8.415490526658687e-14,0.63311285311365,0.3668871468862659,1,without_ITO,0.4568475484511081,-0.26011039259282775,0.21513218188999553,0.5586871648459318
1460.75,0.38050155664714796,0.6194984433545327,-1.680655614677562e-12,0.6194984433545327,0.38050155664714796,1,without_ITO,0.4647477379510756,-0.2764137234171492,0.22314427889629013,0.5487446617533296
1461.0,0.3945558281383842,0.6054441718613639,2.51909604287448e-13,0.6054441718613639,0.3945558281383842,1,without_ITO,0.47213605687773597,-0.2932291490543808,0.23086667369515912,0.538372547462651
1461.25,0.40903503777649947,0.5909649622259963,-2.495781359357352e-12,0.5909649622259963,0.40903503777649947,1,without_ITO,0.47897594863479276,-0.3105381148627404,0.23827114606409192,0.527578914754346
1461.5,0.42392317860781914,0.5760768213917863,3.9457326295178063e-13,0.5760768213917863,0.42392317860781914,1,without_ITO,0.4852319372428471,-0.32832079891635446,0.24533009270513073,0.5163729345627822
1461.75,0.43920214951596875,0.5607978504841108,-7.960299086562372e-14,0.5607978504841108,0.43920214951596875,1,without_ITO,0.49086921557134766,-0.34655490674014194,0.2520160543303773,0.504765617307053
1462.0,0.4548513682270946,0.5451486317722761,6.292744103575387e-13,0.5451486317722761,0.4548513682270946,1,without_ITO,0.49585372274559447,-0.3652152147947241,0.2583017015932234,0.49277013408063164
1462.25,0.47084724443862264,0.529152755561548,-1.7064127888488656e-13,0.529152755561548,0.47084724443862264,1,without_ITO,0.5001523022165052,-0.38427294957552,0.26415985371638995,0.4804022615590542
1462.5,0.4871615855387348,0.5128384144611446,1.20570220474292e-13,0.5128384144611446,0.4871615855387348,1,without_ITO,0.503732813237365,-0.4036939001310227,0.2695632757996677,0.4676816851426788
1462.75,0.5037630493293342,0.4962369506691838,1.4819812044208902e-12,0.4962369506691838,0.5037630493293342,1,without_ITO,0.5065651342884938,-0.42344016106995613,0.27448564577830864,0.45463094735243814
1463.0,0.5206177546389199,0.4793822453590372,2.0429213876127506e-12,0.4793822453590372,0.5206177546389199,1,without_ITO,0.5086216753936844,-0.4434708678292278,0.2789020226026931,0.44127501282260834
1463.25,0.5376898714512667,0.4623101285485273,2.060018822191978e-13,0.4623101285485273,0.5376898714512667,1,without_ITO,0.5098777345880259,-0.46374290470493207,0.2827891993946893,0.4276408288412443
1463.5,0.5549431379036882,0.4450568620970317,-7.199241203181828e-13,0.4450568620970317,0.5549431379036882,1,without_ITO,0.510311708631135,-0.48421270905606195,0.28612611614206646,0.4137561162691449
1463.75,0.5723398392265434,0.4276601607720488,1.4077627952246985e-12,0.4276601607720488,0.5723398392265434,1,without_ITO,0.509905032231443,-0.5048350604968501,0.2888936326792245,0.3996501818085786
1464.0,0.5898405979957465,0.41015940200338225,8.712475185745916e-13,0.41015940200338225,0.5898405979957465,1,without_ITO,0.5086423653467199,-0.5255628369164134,0.2910746204665195,0.3853541044566537
1464.25,0.6074044064492071,0.3925955935495961,1.1967649093946875e-12,0.3925955935495961,0.6074044064492071,1,without_ITO,0.5065118442526041,-0.5463470587906951,0.2926541418210913,0.3709007333575234
1464.5,0.6249882780747834,0.37501172192548105,-2.644551244657123e-13,0.37501172192548105,0.6249882780747834,1,without_ITO,0.5035054448937749,-0.5671364842957918,0.29361964088098874,0.3563250069725605
1464.75,0.642548153487646,0.3574518465135406,-1.1866618798705986e-12,0.3574518465135406,0.642548153487646,1,without_ITO,0.49961918911979364,-0.5878786885662601,0.29396124392358247,0.34166323635455187
1465.0,0.6600394331615642,0.3399605668380549,3.8086200859765995e-13,0.3399605668380549,0.6600394331615642,1,without_ITO,0.4948532506333615,-0.6085206984018796,0.2936719227067276,0.32695267792231597
1465.25,0.6774173625321976,0.3225826374668666,9.357514763053132e-13,0.3225826374668666,0.6774173625321976,1,without_ITO,0.48921201065617415,-0.6290094508229558,0.2927475960844418,0.31223121948242144
1465.5,0.6946375022511104,0.30536249774879426,9.531264666406969e-14,0.30536249774879426,0.6946375022511104,1,without_ITO,0.4827040202374985,-0.6492923506016405,0.29118718066682175,0.2975369860118393
1465.75,0.7116559565017742,0.28834404349667647,1.5493717420156372e-12,0.28834404349667647,0.7116559565017742,1,without_ITO,0.47534198651555715,-0.6693175412944579,0.2889926157101662,0.2829081443277654
1466.0,0.7284296804028922,0.2715703195986906,-1.5828449662080857e-12,0.2715703195986906,0.7284296804028922,1,without_ITO,0.4671427054446119,-0.6890342688495366,0.2861688641574993,0.2683826373688662
1466.25,0.7449168570070813,0.25508314299279494,1.237343560944737e-13,0.25508314299279494,0.7449168570070813,1,without_ITO,0.45812691392758154,-0.708393325999377,0.28272386923647463,0.25399785274540704
1466.5,0.7610773290989665,0.23892267090002886,1.0046130594076885e-12,0.23892267090002886,0.7610773290989665,1,without_ITO,0.4483190373540974,-0.7273475593019059,0.2786684473207211,0.23979023508458064
1466.75,0.7768727783180128,0.2231272216826938,-7.066291995982965e-13,0.2231272216826938,0.7768727783180128,1,without_ITO,0.43774701606226174,-0.7458520781253857,0.27401619207353844,0.22579511277776748
1467.0,0.792266962777337,0.2077330372207936,1.8694212844394542e-12,0.2077330372207936,0.792266962777337,1,without_ITO,0.4264420723926885,-0.7638645316541629,0.26878334731358977,0.2120464708225717
1467.25,0.8072257961401478,0.19277420386095942,-1.107197666883053e-12,0.19277420386095942,0.8072257961401478,1,without_ITO,0.41443856850149685,-0.7813451996936058,0.2629887158494931,0.19857686293522153
1467.5,0.8217171005188995,0.17828289947819687,2.9036772986046344e-12,0.17828289947819687,0.8217171005188995,1,without_ITO,0.4017741801379311,-0.7982567033619987,0.2566537323191937,0.185417623796823
1467.75,0.8357113860423202,0.16428861395778055,-1.0075273948473296e-13,0.16428861395778055,0.8357113860423202,1,without_ITO,0.38848922062790636,-0.8145649152003378,0.2498021206040153,0.1725981525394735
1468.0,0.8491821950719141,0.15081780492716423,9.21707155043805e-13,0.15081780492716423,0.8491821950719141,1,without_ITO,0.3746261299663134,-0.8302393564246499,0.24245959150450824,0.16014556942228958
1468.25,0.8621065401017901,0.13789345989873694,-5.270506253651774e-13,0.13789345989873694,0.8621065401017901,1,without_ITO,0.36022871171482607,-0.8452536997135993,0.23465338140480999,0.1480842699606066
1468.5,0.8744658149039624,0.1255341850956093,4.28351798476001e-13,0.1255341850956093,0.8744658149039624,1,without_ITO,0.34534053869750714,-0.8595868153345751,0.2264112949110102,0.13643500599497618
1468.75,0.8862446806872271,0.1137553193121757,5.97244476097103e-13,0.1137553193121757,0.8862446806872271,1,without_ITO,0.33000551819437796,-0.8732214617301486,0.21776190367150086,0.12521585106999644
1469.0,0.8974307076354658,0.10256929236587783,-1.3436751711282113e-12,0.10256929236587783,0.8974307076354658,1,without_ITO,0.31426790574581187,-0.8861438602664047,0.2087344913336474,0.11444249077656224
1469.25,0.908014007994917,0.09198599200600976,-9.268141809570807e-13,0.09198599200600976,0.908014007994917,1,without_ITO,0.2981725035740188,-0.8983432639638588,0.19935912536314843,0.10412853947815752
1469.5,0.917986353821684,0.08201364617935931,-1.0433459651792987e-12,0.08201364617935931,0.917986353821684,1,without_ITO,0.281765968908112,-0.9098109390389953,0.18966741071266668,0.09428639308436904
1469.75,0.9273423211776936,0.07265767882253621,-2.2976065494617615e-13,0.07265767882253621,0.9273423211776936,1,without_ITO,0.2650950900503384,-0.9205414845574373,0.1796914837306523,0.08492610852224505
1470.0,0.9360795354133287,0.06392046458575344,9.17890763396656e-13,0.06392046458575344,0.9360795354133287,1,without_ITO,0.2482059600702875,-0.9305331051085521,0.16946347738636663,0.07605511390536766
1470.25,0.9441987238833022,0.0558012761161614,5.3643200992326e-13,0.0558012761161614,0.9441987238833022,1,without_ITO,0.2311432395515035,-0.9397876569223371,0.1590150168101225,0.06767808728940557
1470.5,0.9517040128782637,0.048295987120134935,1.6013926296132297e-12,0.048295987120134935,0.9517040128782637,1,without_ITO,0.21394857167816095,-0.9483109651634227,0.14837617105266904,0.059796551475678514
1470.75,0.9586019517185894,0.041398048280579934,8.306480503428304e-13,0.041398048280579934,0.9586019517185894,1,without_ITO,0.19666161124337278,-0.9561116881842818,0.13757600074494744,0.05240977968710329
1471.0,0.9649011032754746,0.035098896724690354,-1.6497914145929826e-13,0.035098896724690354,0.9649011032754746,1,without_ITO,0.1793202904203155,-0.9632008371929606,0.12664267255733602,0.04551515859719331
1471.25,0.97061179147806,0.029388208522583583,-6.435650623526357e-13,0.029388208522583583,0.97061179147806,1,without_ITO,0.16196089787594514,-0.9695914781078543,0.1156034709331709,0.03910840366908821
1471.5,0.97574577327597,0.02425422672389464,1.3535353393656635e-13,0.02425422672389464,0.97574577327597,1,without_ITO,0.1446185913621948,-0.9752983533086712,0.10448509630552938,0.0331838793798525
1471.75,0.9803163295937734,0.01968367040707006,-8.434086762321158e-13,0.01968367040707006,0.9803163295937734,1,without_ITO,0.1273266947240438,-0.9803379738981306,0.09331319415623941,0.027734454511555425
1472.0,0.9843381453016747,0.015661854696473552,1.851709757749731e-12,0.015661854696473552,0.9843381453016747,1,without_ITO,0.11011642471009997,-0.984728471061932,0.08211214657047827,0.022751574818117973
1472.25,0.9878271258652235,0.012172874134817763,-4.1239581194396635e-14,0.012172874134817763,0.9878271258652235,1,without_ITO,0.09301679171670973,-0.9884893760993798,0.0709049738513871,0.018225405707778253
1472.5,0.9908002276031972,0.009199772395927485,8.753223840196611e-13,0.009199772395927485,0.9908002276031972,1,without_ITO,0.07605441574214777,-0.9916414147925782,0.05971318058470975,0.014144956166149636
1472.75,0.9932752234951375,0.0067247765039462745,9.161985406458406e-13,0.0067247765039462745,0.9932752234951375,1,without_ITO,0.05925370635460647,-0.994206233269816,0.04855684212943608,0.010498291611298366
1473.0,0.9952705212098397,0.00472947879054398,-3.83700016204358e-13,0.00472947879054398,0.9952705212098397,1,without_ITO,0.04263694517409178,-0.9962061837421163,0.03745463269343385,0.007272694290263679
1473.25,0.9968050037829197,0.0031949962168869367,1.9336702378192072e-13,0.0031949962168869367,0.9968050037829197,1,without_ITO,0.026224350485127612,-0.9976641367324688,0.026423845003922423,0.004454803432220882
1473.5,0.9978978825869095,0.002102117413792273,-7.017524582264567e-13,0.002102117413792273,0.9978978825869095,1,without_ITO,0.010034199069240968,-0.9986033091562261,0.015480451419929231,0.002030750798692974
1473.75,0.9985685758014962,0.0014314241978859788,6.178601467260458e-13,0.0014314241978859788,0.9985685758014962,1,without_ITO,-0.005917181211029798,-0.9990471198568771,0.004639080603273555,-1.3736955735474911e-05
1474.0,0.9988365868827535,0.00116341311761141,-3.6486222029785687e-13,0.00116341311761141,0.9988365868827535,1,without_ITO,-0.021615359754481256,-0.9990190464337773,-0.006086964996570577,-0.001693230055723454
1474.25,0.9987213909814044,0.0012786090187535469,-1.579912416171947e-13,0.0012786090187535469,0.9987213909814044,1,without_ITO,-0.03704775610473865,-0.9985424914402956,-0.01668569326994875,-0.003022494193397624
1474.5,0.9982423250252966,0.001757674974301696,4.0166437884070483e-13,0.001757674974301696,0.9982423250252966,1,without_ITO,-0.052203653514392157,-0.9976406515971684,-0.027146447270234346,-0.004016397481776871
1474.75,0.9974184897086447,0.002581510291740183,-3.848453673793717e-13,0.002581510291740183,0.9974184897086447,1,without_ITO,-0.06707398758791228,-0.9963364060937242,-0.03745977393293759,-0.004689806373466633
1475.0,0.9962686723515298,0.003731327648296958,1.7321474116149815e-13,0.003731327648296958,0.9962686723515298,1,without_ITO,-0.08165121181520457,-0.9946522279785459,-0.047617342232181156,-0.005057506210132688
1475.25,0.9948112940846723,0.005188705914316336,1.01138195041095e-12,0.005188705914316336,0.9948112940846723,1,without_ITO,-0.095929086357951,-0.9926101260947718,-0.05761180514656172,-0.005134135218987443
1475.5,0.9930644103496936,0.00693558965015736,1.4902402228900158e-13,0.00693558965015736,0.9930644103496936,1,without_ITO,-0.10990226065052189,-0.9902316547965859,-0.06743651288403238,-0.00493414490998389
1475.75,0.9910456532749067,0.00895434672514115,-4.7829795679632525e-14,0.00895434672514115,0.9910456532749067,1,without_ITO,-0.1235665506015105,-0.9875378394902199,-0.0770857099607369,-0.004471775120332161
1476.0,0.9887721774601456,0.011227822540494247,-6.398093860271459e-13,0.011227822540494247,0.9887721774601456,1,without_ITO,-0.13691896216258503,-0.984549111785326,-0.0865545578613213,-0.0037610082843040514
1476.25,0.9862605937287424,0.013739406271244434,1.3147469224428221e-14,0.013739406271244434,0.9862605937287424,1,without_ITO,-0.14995773759434256,-0.9812852299006808,-0.09583917466426306,-0.0028155152963556945
1476.5,0.9835268356205834,0.016473164379365413,5.1181281435219717e-14,0.016473164379365413,0.9835268356205834,1,without_ITO,-0.162682654837162,-0.9777651137591878,-0.10493685681249926,-0.0016485667657118329
1476.75,0.9805861929661824,0.01941380703394428,-1.2671461102620185e-13,0.01941380703394428,0.9805861929661824,1,without_ITO,-0.17509447596735717,-0.9740068969418446,-0.11384569502560897,-0.0002730085487111734
1477.0,0.9774533273661021,0.02254667263299769,9.001792367069328e-13,0.02254667263299769,0.9774533273661021,1,without_ITO,-0.1871947184262942,-0.9700279500950187,-0.12256441388980881,0.0012987481992492453
1477.25,0.974142260798473,0.025857739200956652,5.703562622194625e-13,0.025857739200956652,0.974142260798473,1,without_ITO,-0.19898560620413686,-0.9658448685223062,-0.13109233834047385,0.0030547433547013347
1477.5,0.9706663480301727,0.02933365197100335,-1.1760592499854283e-12,0.02933365197100335,0.9706663480301727,1,without_ITO,-0.2104700787331351,-0.9614734393211387,-0.1394294017329484,0.004983492808882652
1477.75,0.9670383029888838,0.03296169701248772,-1.3715417690463028e-12,0.03296169701248772,0.9670383029888838,1,without_ITO,-0.2216516220506748,-0.9569286764114243,-0.1475760249725692,0.007073983459447533
1478.0,0.9632702167181719,0.03672978328270104,-8.729614253688567e-13,0.03672978328270104,0.9632702167181719,1,without_ITO,-0.2325341736506129,-0.9522248439607914,-0.1555330473182491,0.009315668520226517
1478.25,0.959373652767508,0.04062634723286828,-3.7624764415156164e-13,0.04062634723286828,0.959373652767508,1,without_ITO,-0.24312184446375412,-0.9473755756393093,-0.16330152201349435,0.01169841271560972
1478.5,0.9553599284987158,0.04464007150072112,5.631189958776872e-13,0.04464007150072112,0.9553599284987158,1,without_ITO,-0.25341825656931544,-0.9423942226948024,-0.17088222538445277,0.014212311691302193
1478.75,0.9512399101055017,0.04876008989417232,3.259961744994655e-13,0.04876008989417232,0.9512399101055017,1,without_ITO,-0.2634272319505766,-0.9372935957906372,-0.17827615458208323,0.016847806235600782
1479.0,0.9470239408331106,0.05297605916620651,6.828981824469338e-13,0.05297605916620651,0.9470239408331106,1,without_ITO,-0.2731529711802219,-0.9320858760130818,-0.18548465804770273,0.01959572923273814
1479.25,0.9427217415742178,0.05727825842534182,4.403352682480488e-13,0.05727825842534182,0.9427217415742178,1,without_ITO,-0.2826002351550958,-0.9267824930872871,-0.19250957111389513,0.022447376677194857
1479.5,0.9383420843482014,0.06165791565099372,8.048492428081033e-13,0.06165791565099372,0.9383420843482014,1,without_ITO,-0.29177493855403386,-0.9213937254027113,-0.19935366129477197,0.025394738361886205
1479.75,0.9338931062718505,0.06610689372809836,5.112577028398846e-14,0.06610689372809836,0.9338931062718505,1,without_ITO,-0.30068332474414394,-0.9159290904434548,-0.206020021006756,0.02843030460047832
1480.0,0.9293824370844551,0.07061756291518799,3.568950690535644e-13,0.07061756291518799,0.9293824370844551,1,without_ITO,-0.3093316905615875,-0.9103975020813798,-0.21251186140567851,0.03154698279497023
1480.25,0.9248173230409944,0.07518267695976133,-7.557288128623441e-13,0.07518267695976133,0.9248173230409944,1,without_ITO,-0.31772617888079885,-0.9048074220246785,-0.21883235373513016,0.034738010297375714
1480.5,0.9202049572561062,0.07979504274375403,1.3979095658811502e-13,0.07979504274375403,0.9202049572561062,1,without_ITO,-0.32587225668749437,-0.8991672627932628,-0.22498423096575396,0.037996715775854666
1480.75,0.9155522132053104,0.08444778679501386,-3.2429614549300823e-13,0.08444778679501386,0.9155522132053104,1,without_ITO,-0.3337753064082484,-0.8934850588604193,-0.23097022528330075,0.04131669683856973
1481.0,0.9108655622185412,0.0891344377818386,-3.7980729672426605e-13,0.0891344377818386,0.9108655622185412,1,without_ITO,-0.3414407908602204,-0.8877683652969497,-0.23679319014432074,0.04469187771141803
1481.25,0.9061509719944297,0.09384902800635608,-7.858158568296858e-13,0.09384902800635608,0.9061509719944297,1,without_ITO,-0.3488744106448472,-0.8820241341207955,-0.24245621888916943,0.04811658464905351
1481.5,0.9014135679109218,0.09858643208910312,-2.4868995751603507e-14,0.09858643208910312,0.9014135679109218,1,without_ITO,-0.35608258264287823,-0.8762583026349,-0.24796301040898272,0.05158579974904111
1481.75,0.8966579950837574,0.10334200491606724,1.7533197116392785e-13,0.10334200491606724,0.8966579950837574,1,without_ITO,-0.3630718026661867,-0.8704762365763155,-0.2533173872040523,0.05509490586713084
1482.0,0.8918885558915275,0.1081114441084162,5.6316062924111066e-14,0.1081114441084162,0.8918885558915275,1,without_ITO,-0.36984844353092683,-0.8646828975790362,-0.2585231395216921,0.05863958634708611
1482.25,0.887109330757994,0.11289066924264599,-6.400158181207871e-13,0.11289066924264599,0.887109330757994,1,without_ITO,-0.376418612349172,-0.8588829894416732,-0.2635839127149951,0.06221573330967584
1482.5,0.8823244976267309,0.11767550237411352,-8.444495103177019e-13,0.11767550237411352,0.8823244976267309,1,without_ITO,-0.3827877718870616,-0.8530813448553167,-0.2685029112047801,0.06581920263977709
1482.75,0.8775380506261182,0.122461949373875,6.772360450213455e-15,0.122461949373875,0.8775380506261182,1,without_ITO,-0.38896119743639135,-0.8472825820678597,-0.27328324393859,0.06944601839588013
1483.0,0.8727537145449846,0.12724628545492966,8.570921750106208e-14,0.12724628545492966,0.8727537145449846,1,without_ITO,-0.394944110613684,-0.8414910006736416,-0.2779280251268442,0.07309243618772159
1483.25,0.8679749462086271,0.1320250537914424,-6.952771691715043e-14,0.1320250537914424,0.8679749462086271,1,without_ITO,-0.4007416848281999,-0.8357105831749257,-0.2824403769650841,0.07675494231255288
1483.5,0.8632049115175551,0.1367950884823532,9.173217740965356e-14,0.1367950884823532,0.8632049115175551,1,without_ITO,-0.40635907732655135,-0.8299449671450583,-0.28682345318638575,0.08043027190770409
1483.75,0.858446534909197,0.14155346509053798,2.650379915536405e-13,0.14155346509053798,0.858446534909197,1,without_ITO,-0.4118013729203288,-0.8241975050957682,-0.29108039411918124,0.08411537148273107
1484.0,0.8537025240769556,0.14629747592291623,1.2820300376858995e-13,0.14629747592291623,0.8537025240769556,1,without_ITO,-0.41707356350112534,-0.8184712942456227,-0.29521430917063474,0.08780737976847611
1484.25,0.8489753315835087,0.15102466841616294,3.283762151085057e-13,0.15102466841616294,0.8489753315835087,1,without_ITO,-0.4221805979249531,-0.8127691300333146,-0.29922831431364216,0.09150365775255782
1484.5,0.8442670167183177,0.15573298328080115,8.811285034937555e-13,0.15573298328080115,0.8442670167183177,1,without_ITO,-0.4271275272437842,-0.8070933394898138,-0.3031256450664432,0.09520189840504222
1484.75,0.8395794116377786,0.16042058836180795,4.134470543704083e-13,0.16042058836180795,0.8395794116377786,1,without_ITO,-0.43191931751655155,-0.8014459821332796,-0.3069095092807426,0.09889999827217152
1485.0,0.8349141839301363,0.16508581606949274,3.7098102367849606e-13,0.16508581606949274,0.8349141839301363,1,without_ITO,-0.4365607931408954,-0.7958289253315577,-0.3105830409820613,0.10259600802622373
1485.25,0.8302728843625918,0.16972711563802667,-6.185052470186747e-13,0.16972711563802667,0.8302728843625918,1,without_ITO,-0.4410566029166972,-0.7902439015905646,-0.31414927166036244,0.10628809376689816
1485.5,0.8256570656730741,0.17434293432766645,-7.405187574249794e-13,0.17434293432766645,0.8256570656730741,1,without_ITO,-0.44541112479471334,-0.7846926512286825,-0.31761105270341045,0.109974440634292
1485.75,0.8210681789550522,0.1789318210443457,6.020461906786068e-13,0.1789318210443457,0.8210681789550522,1,without_ITO,-0.449628588337526,-0.7791767970571137,-0.3209711498350798,0.11365333349769392
1486.0,0.8165075451583077,0.18349245484230822,-6.159239784864212e-13,0.18349245484230822,0.8165075451583077,1,without_ITO,-0.4537131126013898,-0.7736978098511974,-0.32423227154195555,0.1173231791325158
1486.25,0.8119763527111354,0.1880236472887142,1.5035195310986182e-13,0.1880236472887142,0.8119763527111354,1,without_ITO,-0.45766871585638796,-0.7682570053700808,-0.32739707545987534,0.12098250787312187
1486.5,0.807475634239645,0.19252436575982093,5.341005415715472e-13,0.19252436575982093,0.807475634239645,1,without_ITO,-0.46149934155640215,-0.7628555162853731,-0.3304681878670796,0.12462999244057568
1486.75,0.8030063065316617,0.19699369346901233,-6.740441538255482e-13,0.19699369346901233,0.8030063065316617,1,without_ITO,-0.46520882828528737,-0.7574943401686821,-0.3334481786141441,0.12826441560700796
1487.0,0.7985691882083932,0.2014308117924386,-8.317790900491673e-13,0.2014308117924386,0.7985691882083932,1,without_ITO,-0.46880090188563195,-0.7521743606039849,-0.3363395535900191,0.1318846555357344
1487.25,0.7941650124617226,0.20583498753885435,-5.76899639170847e-13,0.20583498753885435,0.7941650124617226,1,without_ITO,-0.4722791726628705,-0.7468963623374958,-0.3391447512258056,0.13548967498840406
1487.5,0.7897944512817577,0.21020554871888308,-6.408207298136404e-13,0.21020554871888308,0.7897944512817577,1,without_ITO,-0.4756471243015892,-0.7416610601934313,-0.34186613234059576,0.13907850094775287
1487.75,0.7854581022061238,0.214541897793463,4.1322500976548326e-13,0.214541897793463,0.7854581022061238,1,without_ITO,-0.47890813256620024,-0.7364690830156184,-0.34450599392957554,0.14265023495540302
1488.0,0.7811564875454198,0.21884351245439776,1.8246515409714448e-13,0.21884351245439776,0.7811564875454198,1,without_ITO,-0.48206547249747905,-0.7313209726154755,-0.34706657385606093,0.14620405339946804
1488.25,0.7768900456582604,0.2231099543414686,2.7103319588661634e-13,0.2231099543414686,0.7768900456582604,1,without_ITO,-0.48512233041860026,-0.7262171732304752,-0.34955005951695595,0.14973921449892455
1488.5,0.7726590951453174,0.2273409048552238,-5.411782133535326e-13,0.2273409048552238,0.7726590951453174,1,without_ITO,-0.488081833257854,-0.7211579886016873,-0.35195861064750184,0.15325508807943808
1488.75,0.7684638826352842,0.23153611736479143,-7.563394355258879e-14,0.23153611736479143,0.7684638826352842,1,without_ITO,-0.4909470170243951,-0.7161436391948068,-0.3542943330175911,0.1567511159656671
1489.0,0.7643046011759271,0.23569539882392243,1.504352198367087e-13,0.23569539882392243,0.7643046011759271,1,without_ITO,-0.4937208191171204,-0.7111742841286506,-0.3565592712647288,0.16022679640139317
1489.25,0.7601814420739987,0.23981855792659368,-5.924150059399835e-13,0.23981855792659368,0.7601814420739987,1,without_ITO,-0.49640605016988537,-0.7062500830529908,-0.3587553850462276,0.16368164012345465
1489.5,0.7560947386406406,0.24390526135922005,1.3936074516607277e-13,0.24390526135922005,0.7560947386406406,1,without_ITO,-0.4990053118072121,-0.7013713677209542,-0.36088448097890463,0.16711504827148904
1489.75,0.752044820308183,0.24795517969205716,-2.4014124022642136e-13,0.24795517969205716,0.752044820308183,1,without_ITO,-0.501521105440051,-0.6965384671927686,-0.36294829988135446,0.17052643341882595
1490.0,0.7480319672460087,0.2519680327537053,2.859934511434403e-13,0.2519680327537053,0.7480319672460087,1,without_ITO,-0.5039558662986173,-0.6917516534908298,-0.3649485437424655,0.17391525742802746
1490.25,0.7440563158865827,0.2559436841133253,9.198197759019422e-14,0.2559436841133253,0.7440563158865827,1,without_ITO,-0.5063120220880492,-0.6870110287889006,-0.3668869230578352,0.17728111168085
1490.5,0.7401175763634331,0.25988242363661096,-4.4075854077618715e-14,0.25988242363661096,0.7401175763634331,1,without_ITO,-0.5085921521219404,-0.6823161884636884,-0.36876528675358655,0.18062395880106052
1490.75,0.7362153406955879,0.26378465930458705,-1.7497114868092467e-13,0.26378465930458705,0.7362153406955879,1,without_ITO,-0.5107987912779631,-0.6776665894820679,-0.3705854619199304,0.18394387326359118
1491.0,0.7323491846836491,0.2676508153167267,-3.7575498268438423e-13,0.2676508153167267,0.7323491846836491,1,without_ITO,-0.5129343729944649,-0.6730616719997662,-0.37234920644130926,0.1872409547129344
1491.25,0.7285187883111737,0.27148121168915473,-3.284039706841213e-13,0.27148121168915473,0.7285187883111737,1,without_ITO,-0.5150011700431282,-0.6685010027472517,-0.37405815951401633,0.19051522416720315
1491.5,0.7247242831913779,0.2752757168088546,-2.3253621250773904e-13,0.2752757168088546,0.7247242831913779,1,without_ITO,-0.5170011245011248,-0.6639846885970409,-0.3757137008657372,0.19376632350591907
1491.75,0.7209658844840693,0.27903411551639346,-4.627409566637652e-13,0.27903411551639346,0.7209658844840693,1,without_ITO,-0.5189360693932895,-0.6595129371043382,-0.3773171314952213,0.19699382789767095
1492.0,0.7172437725867552,0.2827562274138055,-5.607181385869353e-13,0.2827562274138055,0.7172437725867552,1,without_ITO,-0.5208077967107668,-0.6550859153882188,-0.3788697290469512,0.20019734687637755
1492.25,0.7135580046894509,0.2864419953107692,-2.2004620348070603e-13,0.2864419953107692,0.7135580046894509,1,without_ITO,-0.5226181019619529,-0.6507036448680273,-0.38037278415804837,0.20337660097336763
1492.5,0.7099082523717084,0.2900917476282191,7.249756350802272e-14,0.2900917476282191,0.7099082523717084,1,without_ITO,-0.524368905840054,-0.6463656892853393,-0.3818277005262162,0.20653165035972246
1492.75,0.7062940868314549,0.2937059131677998,7.452927164308676e-13,0.2937059131677998,0.7062940868314549,1,without_ITO,-0.5260621026207855,-0.6420714946386017,-0.38323586989580233,0.20966265005068283
1493.0,0.702715072451179,0.2972849275484002,4.2077452633293433e-13,0.2972849275484002,0.702715072451179,1,without_ITO,-0.5276995157926584,-0.6378205005385948,-0.38459863500365515,0.21276976891535643
1493.25,0.6991708091801818,0.30082919081990356,-8.537615059367454e-14,0.30082919081990356,0.6991708091801818,1,without_ITO,-0.5292828825597228,-0.6336121905094194,-0.38591727624812944,0.21585315236315963
1493.5,0.6956610538623922,0.30433894613652923,1.0785816684233396e-12,0.30433894613652923,0.6956610538623922,1,without_ITO,-0.5308138064050749,-0.6294462359676314,-0.3871929719831854,0.21891281548702474
1493.75,0.6921855923318863,0.3078144076683538,-2.4003021792395884e-13,0.3078144076683538,0.6921855923318863,1,without_ITO,-0.5322938227025842,-0.6253223439384676,-0.3884268521807098,0.22194875355859864
1494.0,0.6887441986420108,0.31125580135592,2.0692336732963668e-12,0.31125580135592,0.6887441986420108,1,without_ITO,-0.5337244197882036,-0.6212402085409431,-0.38962001544173236,0.22496097735348788
1494.25,0.6853366247836253,0.3146633752175515,-1.176836406102666e-12,0.3146633752175515,0.6853366247836253,1,without_ITO,-0.5351070450128639,-0.6171994987454585,-0.39077353367657347,0.22794952208270403
1494.5,0.6819625687473285,0.3180374312523555,3.1596947280831955e-13,0.3180374312523555,0.6819625687473285,1,without_ITO,-0.5364431186002703,-0.6131998204945024,-0.3918884631977563,0.2309144755515151
1494.75,0.6786217108659889,0.3213782891347415,-7.303602167496592e-13,0.3213782891347415,0.6786217108659889,1,without_ITO,-0.537734019264433,-0.6092407598449032,-0.39296583252362755,0.23385594630134313
1495.0,0.6753137261575974,0.3246862738430005,-5.979106099118781e-13,0.3246862738430005,0.6753137261575974,1,without_ITO,-0.5389810809079747,-0.6053218976024495,-0.39400663932705854,0.23677405261401996
1495.25,0.6720382905247652,0.327961709475558,-3.2318592246838307e-13,0.327961709475558,0.6720382905247652,1,without_ITO,-0.5401855921560574,-0.60144281662776,-0.3950118497443766,0.2396689168757951
1495.5,0.6687950973293879,0.33120490267028807,3.2401858973685194e-13,0.33120490267028807,0.6687950973293879,1,without_ITO,-0.5413487924023562,-0.5976031214319377,-0.3959823948263691,0.24254065065234098
1495.75,0.6655838410156784,0.33441615898369514,6.264988527959758e-13,0.33441615898369514,0.6655838410156784,1,without_ITO,-0.5424718801334973,-0.5938024187077988,-0.39691917715124014,0.2453893689682629
1496.0,0.6624042122140399,0.33759578778615473,-1.9462209621678994e-13,0.33759578778615473,0.6624042122140399,1,without_ITO,-0.5435560163393371,-0.5900403114959418,-0.3978230733855684,0.2482151945155704
1496.25,0.6592558878862558,0.34074411211379585,-5.162537064506978e-14,0.34074411211379585,0.6592558878862558,1,without_ITO,-0.5446023292181648,-0.5863163874982091,-0.3986949379205322,0.2510182663498951
1496.5,0.6561385013631232,0.34386149863645854,4.1822101337629647e-13,0.34386149863645854,0.6561385013631232,1,without_ITO,-0.5456119248107983,-0.5826301836240004,-0.3995356113785783,0.2537987667046453
1496.75,0.6530516755819171,0.3469483244181363,-5.340172748447003e-14,0.3469483244181363,0.6530516755819171,1,without_ITO,-0.546585876145031,-0.5789812253587565,-0.4003459114130774,0.25655689138470905
1497.0,0.649995034144305,0.3500049658556095,8.548717289613705e-14,0.3500049658556095,0.649995034144305,1,without_ITO,-0.5475252208387733,-0.575369039831013,-0.40112663050894287,0.259292839779719
1497.25,0.6469682368440794,0.35303176315610124,-1.8068879725774423e-13,0.35303176315610124,0.6469682368440794,1,without_ITO,-0.5484309518472091,-0.5717931977714636,-0.4018785281970544,0.262006782751617
1497.5,0.6439710827315912,0.35602891726824815,1.6064927166326015e-13,0.35602891726824815,0.6439710827315912,1,without_ITO,-0.5493039901483155,-0.568253435183802,-0.40260230858717,0.26469876927886726
1497.75,0.6410034003080972,0.3589965996919131,-1.0325074129013956e-14,0.3589965996919131,0.6410034003080972,1,without_ITO,-0.5501452224770462,-0.564749523356501,-0.4032986513162896,0.2673688244930844
1498.0,0.6380650121922381,0.36193498780734557,4.163336342344337e-13,0.36193498780734557,0.6380650121922381,1,without_ITO,-0.5509555131467396,-0.5612812270710813,-0.40396822112116443,0.2700169813480066
1498.25,0.635155664130296,0.364844335869776,-7.19979631469414e-14,0.364844335869776,0.635155664130296,1,without_ITO,-0.5517357237412245,-0.5578482208058313,-0.4046116837136047,0.2726433449481685
1498.5,0.632274816477814,0.36772518352227207,-8.609779555968089e-14,0.36772518352227207,0.632274816477814,1,without_ITO,-0.5524867654886066,-0.5544498428541591,-0.40522974793679745,0.27524828238662163
1498.75,0.6294218685074062,0.370578131492627,-3.325117958752344e-14,0.370578131492627,0.6294218685074062,1,without_ITO,-0.5532095327858464,-0.5510853604326511,-0.4058231110380574,0.27783222078766656
1499.0,0.6265962312173462,0.3734037687827742,-1.2040368702059823e-13,0.3734037687827742,0.6265962312173462,1,without_ITO,-0.5539048841816588,-0.5477540556334679,-0.40639244297304505,0.2803955813255498
1499.25,0.6237974136944638,0.37620258630583137,-2.952083022478291e-13,0.37620258630583137,0.6237974136944638,1,without_ITO,-0.5545736232691577,-0.5444553271776673,-0.40693837091307833,0.2829387002337628
1499.5,0.6210252757996036,0.37897472420026185,1.3450351943333771e-13,0.37897472420026185,0.6210252757996036,1,without_ITO,-0.5552164445189418,-0.5411889879360914,-0.407461436048648,0.2854615970728734
1499.75,0.618279757444104,0.3817202425556796,2.16382467499443e-13,0.3817202425556796,0.618279757444104,1,without_ITO,-0.5558340073431978,-0.5379549453424929,-0.4079621538236128,0.28796421991939436
1500.0,0.6155607909266297,0.38443920907395435,-5.840883332552949e-13,0.38443920907395435,0.6155607909266297,1,without_ITO,-0.5564269585241375,-0.5347530980038075,-0.408441031990359,0.29044652511486857
1500.25,0.6128682351558108,0.3871317648441869,2.3314683517128287e-15,0.3871317648441869,0.6128682351558108,1,without_ITO,-0.556995946327361,-0.5315832582812714,-0.40889858168240717,0.2929085376810867
1500.5,0.610201682391576,0.389798317608241,1.829647544582258e-13,0.389798317608241,0.610201682391576,1,without_ITO,-0.5575416581222252,-0.5284449250217448,-0.40933534663140475,0.2953505295218369
1500.75,0.6075606658220903,0.39243933417786336,4.629630012686903e-14,0.39243933417786336,0.6075606658220903,1,without_ITO,-0.5580647709091255,-0.5253375282484964,-0.40975186321755047,0.29777283007523636
1501.0,0.604944726991354,0.395055273008915,-2.690625500179067e-13,0.395055273008915,0.604944726991354,1,without_ITO,-0.5585659371457188,-0.5222605085553469,-0.4101486490826979,0.300175764470986
1501.25,0.6023534458858586,0.39764655411416344,-2.2037927038809357e-14,0.39764655411416344,0.6023534458858586,1,without_ITO,-0.5590457801371633,-0.5192133524482946,-0.4105261995218792,0.3025596256159027
1501.5,0.5997865291239436,0.40021347087589393,1.6248113965389166e-13,0.40021347087589393,0.5997865291239436,1,without_ITO,-0.5595048801029043,-0.5161956958885884,-0.41088497692157816,0.3049245922899763
1501.75,0.597243715536244,0.40275628446374434,1.1657341758564144e-14,0.40275628446374434,0.597243715536244,1,without_ITO,-0.5599437950726454,-0.5132072131226295,-0.4112254272668305,0.3072708157049689
1502.0,0.594724745543828,0.4052752544560848,8.715250743307479e-14,0.4052752544560848,0.594724745543828,1,without_ITO,-0.5603630674715031,-0.5102475806533929,-0.4115479852352989,0.3095984476566046
1502.25,0.5922293529544863,0.4077706470451208,3.929079284148429e-13,0.4077706470451208,0.5922293529544863,1,without_ITO,-0.5607632259286603,-0.5073164675999366,-0.4118530755112575,0.3119076481004971
1502.5,0.5897572407480847,0.4102427592517524,1.6292522886374172e-13,0.4102427592517524,0.5897572407480847,1,without_ITO,-0.5611447892474649,-0.5044135072902438,-0.4121411156351961,0.31419860769128427
1502.75,0.5873081071164753,0.41269189288378444,-2.5973667661105537e-13,0.41269189288378444,0.5873081071164753,1,without_ITO,-0.561508262020124,-0.5015383278658845,-0.41241251256182987,0.3164715236880359
1503.0,0.5848816539452419,0.4151183460548847,-1.266209359584991e-13,0.4151183460548847,0.5848816539452419,1,without_ITO,-0.5618541336882416,-0.49869056223267216,-0.4126676619144792,0.3187265920364465
1503.25,0.5824775908359395,0.4175224091640846,-2.4147350785597155e-14,0.4175224091640846,0.5824775908359395,1,without_ITO,-0.5621828784977525,-0.49586985276334783,-0.4129069479486579,0.32096400355312293
1503.5,0.5800956468387183,0.41990435316145824,-1.765254609153999e-13,0.41990435316145824,0.5800956468387183,1,without_ITO,-0.5624949545587451,-0.4930758650280203,-0.41313074292686386,0.32318393286470004
1503.75,0.5777355579520091,0.422264442047867,1.238453783969362e-13,0.422264442047867,0.5777355579520091,1,without_ITO,-0.5627908063303227,-0.49030827310839187,-0.4133394089606314,0.3253865499637522
1504.0,0.5753970630742183,0.42460293692573053,5.112577028398846e-14,0.42460293692573053,0.5753970630742183,1,without_ITO,-0.5630708656383374,-0.4875667548386401,-0.41353329873995515,0.3275720239352373
1504.25,0.5730798962979242,0.426920103702087,-1.1213252548714081e-14,0.426920103702087,0.5730798962979242,1,without_ITO,-0.5633355529574342,-0.4848509827774293,-0.413712756393319,0.32974053014941096
1504.5,0.570783764299821,0.4292162357001821,-3.1086244689504383e-15,0.4292162357001821,0.570783764299821,1,without_ITO,-0.563585280054482,-0.48216059775584336,-0.4138781191384169,0.33189227153576284
1504.75,0.5685083704646597,0.4314916295353225,1.7763568394002505e-14,0.4314916295353225,0.5685083704646597,1,without_ITO,-0.5638204470388313,-0.4794952371511948,-0.41402971516837905,0.3340274560050934
1505.0,0.5662534227085483,0.43374657729135174,9.997558336749535e-14,0.43374657729135174,0.5662534227085483,1,without_ITO,-0.5640414418041253,-0.47685454404140326,-0.41416786328407496,0.3361462890640504
1505.25,0.5640186595348926,0.4359813404650698,3.758104938356155e-14,0.4359813404650698,0.5640186595348926,1,without_ITO,-0.5642486380136371,-0.47423819765267394,-0.4142928717769975,0.33824894915448345
1505.5,0.5618039264701928,0.438196073529918,-1.1085576900882188e-13,0.438196073529918,0.5618039264701928,1,without_ITO,-0.5644423894569961,-0.4716460026175364,-0.4144050356434019,0.34033551516372496
1505.75,0.5596090946069971,0.44039090539298875,1.4099832412739488e-14,0.44039090539298875,0.5596090946069971,1,without_ITO,-0.564623039819406,-0.46907779359781965,-0.41450464310247837,0.3424060428803206
1506.0,0.55743403416414,0.44256596583570784,1.5221157667610896e-13,0.44256596583570784,0.55743403416414,1,without_ITO,-0.564790925576227,-0.4665334043540759,-0.4145919773967713,0.3444605898938645
1506.25,0.5552785613033636,0.44472143869659286,4.3520742565306136e-14,0.44472143869659286,0.5552785613033636,1,without_ITO,-0.5649463799949986,-0.464012605663087,-0.41466731866128026,0.34649926607166964
1506.5,0.5531422820006431,0.44685771799934804,8.881784197001252e-15,0.44685771799934804,0.5531422820006431,1,without_ITO,-0.5650897424851942,-0.4615149232365927,-0.4147309471009415,0.3485223822519365
1506.75,0.5510247582778013,0.44897524172224673,-4.801714581503802e-14,0.44897524172224673,0.5510247582778013,1,without_ITO,-0.5652213431546488,-0.45903983206760257,-0.41478313386791393,0.3505302932858207
1507.0,0.5489255621866358,0.4510744378136294,-2.6517676943171864e-13,0.4510744378136294,0.5489255621866358,1,without_ITO,-0.5653414988976314,-0.4565868194737714,-0.4148241391271602,0.352523346831264
1507.25,0.5468443402970025,0.45315565970306715,-6.961098364399732e-14,0.45315565970306715,0.5468443402970025,1,without_ITO,-0.5654505105303556,-0.4541554602509449,-0.4148542116184464,0.35450182174675593
1507.5,0.5447810032951454,0.4552189967047712,8.337774914934926e-14,0.4552189967047712,0.5447810032951454,1,without_ITO,-0.565548655775642,-0.4517456374508958,-0.4148735890795342,0.3564657465566662
1507.75,0.5427355241098288,0.4572644758901315,3.963496197911809e-14,0.4572644758901315,0.5427355241098288,1,without_ITO,-0.5656362045254367,-0.4493573066779617,-0.4148825056375642,0.35841509094349083
1508.0,0.5407078722527379,0.4592921277472534,8.715250743307479e-15,0.4592921277472534,0.5407078722527379,1,without_ITO,-0.5657134229421038,-0.44699041950205753,-0.4148811933111386,0.3603498282470625
1508.25,0.5386979641892686,0.46130203581081214,-8.076872504148014e-14,0.46130203581081214,0.5386979641892686,1,without_ITO,-0.565780575127994,-0.44464486569457407,-0.4148698816550499,0.36226998305237196
1508.5,0.5367055173981771,0.4632944826017525,7.044365091246618e-14,0.4632944826017525,0.5367055173981771,1,without_ITO,-0.5658379262118023,-0.44232030352585905,-0.41484879486772414,0.36417577152802744
1508.75,0.534730205574281,0.46526979442570365,1.5376588891058418e-14,0.46526979442570365,0.534730205574281,1,without_ITO,-0.5658857340649797,-0.44001634070933227,-0.41481814951655027,0.3660674534297977
1509.0,0.5327717091178259,0.4672282908820734,1.006972283335017e-13,0.4672282908820734,0.5327717091178259,1,without_ITO,-0.5659242474742012,-0.4377325932023354,-0.4147781546414312,0.3679452837628205
1509.25,0.5308297377775792,0.46917026222231906,1.0169642905566434e-13,0.46917026222231906,0.5308297377775792,1,without_ITO,-0.5659537061332545,-0.43546871151127264,-0.4147290126090423,0.3698094909212372
1509.5,0.5289040973912853,0.4710959026087142,4.996003610813204e-16,0.4710959026087142,0.5289040973912853,1,without_ITO,-0.5659743407501118,-0.4332244581763042,-0.4146709219554816,0.3716602121702356
1509.75,0.5269946188380069,0.47300538116199525,-2.1649348980190553e-15,0.47300538116199525,0.5269946188380069,1,without_ITO,-0.5659863758042,-0.43099962504876077,-0.414604077260978,0.3734975616730936
1510.0,0.5251011348686179,0.47489886513115864,2.23487894857044e-13,0.47489886513115864,0.5251011348686179,1,without_ITO,-0.5659900302661839,-0.42879400633777043,-0.4145286688850718,0.3753216527310223
1510.25,0.5232234737954615,0.47677652620470445,-1.659783421814609e-13,0.47677652620470445,0.5232234737954615,1,without_ITO,-0.5659855177321562,-0.42660739128222414,-0.41444488279001607,0.3771326038682084
1510.5,0.5213614409779734,0.4786385590220551,-2.853273173286652e-14,0.4786385590220551,0.5213614409779734,1,without_ITO,-0.5659730463088372,-0.4244395426831221,-0.4143528995809125,0.37893055677218374
1510.75,0.5195148384163003,0.48048516158362653,7.316369732279782e-14,0.48048516158362653,0.5195148384163003,1,without_ITO,-0.565952818438551,-0.42229021967463753,-0.4142528950882303,0.3807156574154515
1511.0,0.5176834711112924,0.48231652888859966,1.0791367799356522e-13,0.48231652888859966,0.5176834711112924,1,without_ITO,-0.5659250310303271,-0.42015918510736056,-0.414145040723352,0.38248804989002594
1511.25,0.5158671500731136,0.48413284992701666,-1.3022916078853086e-13,0.48413284992701666,0.5158671500731136,1,without_ITO,-0.5658898756878868,-0.4180462090288738,-0.4140295037987817,0.384247873459109
1511.5,0.5140657012435739,0.4859342987563937,3.241851231905457e-14,0.4859342987563937,0.5140657012435739,1,without_ITO,-0.5658475391450989,-0.41595107900904027,-0.4139064483291582,0.3859952538386757
1511.75,0.5122789559642499,0.48772104403584327,-9.314771176605063e-14,0.48772104403584327,0.5122789559642499,1,without_ITO,-0.5657982034110908,-0.4138735890687044,-0.4137760347378145,0.38773031239175587
1512.0,0.5105067478503232,0.4894932521496795,-2.7200464103316335e-15,0.4894932521496795,0.5105067478503232,1,without_ITO,-0.5657420458688978,-0.4118135360523262,-0.4136384197871146,0.38945316913747846
1512.25,0.508748906844213,0.49125109315576226,2.4702462297909733e-14,0.49125109315576226,0.508748906844213,1,without_ITO,-0.5656792391954926,-0.409770712741848,-0.41349375619288414,0.39116394853335695
1512.5,0.5070052418015784,0.49299475819846217,-4.0523140398818214e-14,0.49299475819846217,0.5070052418015784,1,without_ITO,-0.5656099506755465,-0.4077448877238431,-0.41334219108596465,0.3928627964905491
1512.75,0.5052755588411333,0.49472444115882225,4.446443213623752e-14,0.49472444115882225,0.5052755588411333,1,without_ITO,-0.5655343426639976,-0.40573582665434105,-0.41318386724469947,0.39454986253401003
1513.0,0.5035596672949068,0.49644033270517096,-7.771561172376096e-14,0.49644033270517096,0.5035596672949068,1,without_ITO,-0.565452572902452,-0.4037432991430735,-0.41301892364726916,0.39622529398462814
1513.25,0.5018573997328791,0.4981426002670553,6.55586696041155e-14,0.4981426002670553,0.5018573997328791,1,without_ITO,-0.5653647957024062,-0.4017671018848186,-0.41284749758353123,0.39788921631938606
1513.5,0.500168670940648,0.499831329059489,-1.3700152123874432e-13,0.499831329059489,0.500168670940648,1,without_ITO,-0.5652711657633915,-0.3998071267240144,-0.4126697313534888,0.3995416752232718
1513.75,0.4984934155287094,0.501506584471349,-5.839773109528323e-14,0.501506584471349,0.4984934155287094,1,without_ITO,-0.5651718361256928,-0.397863288445058,-0.4124857673593405,0.40118269741449325
1514.0,0.4968315675910158,0.5031684324089116,7.260858581048524e-14,0.5031684324089116,0.4968315675910158,1,without_ITO,-0.5650669573082983,-0.39593550125302507,-0.41229574627078586,0.40281231053107636
1514.25,0.49518301955536503,0.5048169804446397,-4.773959005888173e-15,0.5048169804446397,0.49518301955536503,1,without_ITO,-0.5649566745717425,-0.39402363130491763,-0.41209980220519066,0.404430583598003
1514.5,0.4935475010828206,0.5064524989172421,-6.261657858885883e-14,0.5064524989172421,0.4935475010828206,1,without_ITO,-0.5648411185658234,-0.3921273571567653,-0.4118980470977805,0.4060377464254507
1514.75,0.4919247069047564,0.5080752930952201,2.3425705819590803e-14,0.5080752930952201,0.4919247069047564,1,without_ITO,-0.5647204118741458,-0.39024631748697863,-0.411690583288562,0.4076340644214002
1515.0,0.49031433847513123,0.5096856615249007,-3.186340080674199e-14,0.5096856615249007,0.49031433847513123,1,without_ITO,-0.5645946717252214,-0.3883801591711765,-0.41147750824525037,0.40921979766378364
1515.25,0.4887161540676008,0.5112838459324047,-5.551115123125783e-15,0.5112838459324047,0.4887161540676008,1,without_ITO,-0.5644640143352977,-0.3865285949732898,-0.4112589215128141,0.4107951513996538
1515.5,0.48713011646805027,0.5128698835319208,2.8976820942716586e-14,0.5128698835319208,0.48713011646805027,1,without_ITO,-0.5643285687382216,-0.38469157346527383,-0.4110349465284125,0.41236012983860443
1515.75,0.485556236996333,0.5144437630037315,-6.45039577307216e-14,0.5144437630037315,0.485556236996333,1,without_ITO,-0.5641884666335366,-0.382869099051488,-0.4108057127038656,0.4139146894598161
1516.0,0.483994524590872,0.5160054754091468,-1.8762769116165146e-14,0.5160054754091468,0.483994524590872,1,without_ITO,-0.5640438385454278,-0.38106117328372363,-0.4105713489594073,0.4154587891919251
1516.25,0.4824449470611578,0.5175550529387122,1.3000711618360583e-13,0.5175550529387122,0.4824449470611578,1,without_ITO,-0.5638948100388519,-0.37926775030668014,-0.4103319777885871,0.4169924288194159
1516.5,0.4809073168716526,0.5190926831283769,-2.9531932455029164e-14,0.5190926831283769,0.4809073168716526,1,without_ITO,-0.5637414895289704,-0.37748860565659137,-0.41008769654808813,0.41851576243880445
1516.75,0.47938141158753284,0.5206185884124409,2.631228568361621e-14,0.5206185884124409,0.47938141158753284,1,without_ITO,-0.5635839780587861,-0.37572347501871417,-0.40983859349152607,0.4200289795999175
1517.0,0.47786701318457325,0.5221329868155368,-1.1002310174035301e-13,0.5221329868155368,0.47786701318457325,1,without_ITO,-0.5634223729663532,-0.3739720994604029,-0.4095847535345797,0.42153226639944674
1517.25,0.47636392580172504,0.5236360741982988,-2.3869795029440866e-14,0.5236360741982988,0.47636392580172504,1,without_ITO,-0.5632567699976935,-0.3722342458068746,-0.40932626138021205,0.42302578779759764
1517.5,0.47487202820031543,0.5251279717997125,-2.786659791809143e-14,0.5251279717997125,0.47487202820031543,1,without_ITO,-0.5630872697596546,-0.37050976679875713,-0.4090632110958626,0.42450963530292485
1517.75,0.4733912183777608,0.5266087816221603,7.882583474838611e-14,0.5266087816221603,0.4733912183777608,1,without_ITO,-0.5629139725358088,-0.3687985373813757,-0.4087956978877775,0.42598388180892327
1518.0,0.47192139544809397,0.5280786045520223,-1.162403506782539e-13,0.5280786045520223,0.47192139544809397,1,without_ITO,-0.5627369764556337,-0.36710043388242747,-0.4085238152340122,0.42744859957141806
1518.25,0.47046245467047887,0.5295375453295287,-7.549516567451064e-15,0.5295375453295287,0.47046245467047887,1,without_ITO,-0.5625563769256269,-0.36541532831237655,-0.4082476540003367,0.4289038651604503
1518.5,0.4690142728371336,0.5309857271628573,9.103828801926284e-15,0.5309857271628573,0.4690142728371336,1,without_ITO,-0.562372264723023,-0.36374307163037045,-0.4079672996027852,0.43034977406697883
1518.75,0.4675767236113389,0.5324232763886482,1.2989609388114332e-14,0.5324232763886482,0.4675767236113389,1,without_ITO,-0.5621847277336733,-0.3620835113570769,-0.40768283461484456,0.4317864254459589
1519.0,0.46614968252637246,0.5338503174735595,6.80566714095221e-14,0.5338503174735595,0.46614968252637246,1,without_ITO,-0.5619938516082532,-0.36043649730653243,-0.4073943397089208,0.43321391712464696
1519.25,0.4647330293645246,0.5352669706354773,-1.9984014443252818e-15,0.5352669706354773,0.4647330293645246,1,without_ITO,-0.5617997201576145,-0.3588018843055453,-0.4071018941930902,0.4346323432083459
1519.5,0.46332665523167765,0.536673344768345,-2.275957200481571e-14,0.536673344768345,0.46332665523167765,1,without_ITO,-0.5616024164571911,-0.3571795402786796,-0.40680557757289165,0.4360417869692064
1519.75,0.4619304550640374,0.5380695449360104,-4.785061236134425e-14,0.5380695449360104,0.4619304550640374,1,without_ITO,-0.5614020219807382,-0.3555693376539091,-0.4065054682225921,0.4374423283102187
1520.0,0.4605443251622569,0.5394556748377293,1.3766765505351941e-14,0.5394556748377293,0.4605443251622569,1,without_ITO,-0.5611986163263997,-0.3539711505366775,-0.4062016429479842,0.43883404622047634
1521.0,0.4550981863360049,0.5449018136638846,1.1057821325266559e-13,0.5449018136638846,0.4550981863360049,1,without_ITO,-0.560356363446644,-0.34769576048550566,-0.40495059794114746,0.4443145284996724
1522.0,0.44980451549311384,0.550195484506874,1.2101430968414206e-14,0.550195484506874,0.44980451549311384,1,without_ITO,-0.5594717135751566,-0.3416021682863532,-0.40364567628461034,0.449660635302489
1523.0,0.44465849009766084,0.5553415099023575,-1.84297022087776e-14,0.5553415099023575,0.44465849009766084,1,without_ITO,-0.558549152796927,-0.3356844400373404,-0.4022913961302785,0.45487579638286496
1524.0,0.4396508905076406,0.5603491094923583,1.1102230246251565e-15,0.5603491094923583,0.4396508905076406,1,without_ITO,-0.557591922039372,-0.3299316685486886,-0.400890725788227,0.4599679929758507
1525.0,0.4347790816890047,0.5652209183110251,-2.9753977059954195e-14,0.5652209183110251,0.4347790816890047,1,without_ITO,-0.5566040769424934,-0.3243404633269323,-0.3994479735063709,0.4649386317292994
1526.0,0.4300360701366076,0.5699639298634067,-1.432187701766452e-14,0.5699639298634067,0.4300360701366076,1,without_ITO,-0.5555884752546696,-0.31890250690059485,-0.3979659260419169,0.46979362505698
1527.0,0.4254167073800241,0.5745832926199667,9.2148511043888e-15,0.5745832926199667,0.4254167073800241,1,without_ITO,-0.5545479816330373,-0.3136116048685412,-0.39644753041962144,0.4745370961986008
1528.0,0.4209161067731377,0.5790838932268588,3.4416913763379853e-15,0.5790838932268588,0.4209161067731377,1,without_ITO,-0.5534852030300692,-0.30846188396631546,-0.39489550454131556,0.47917297655955116
1529.0,0.416529627192916,0.5834703728070775,6.5503158452884236e-15,0.5834703728070775,0.416529627192916,1,without_ITO,-0.5524025121110382,-0.30344777220306746,-0.3933123564337448,0.4837050165131782
1530.0,0.412252857800125,0.5877471421998478,2.7200464103316335e-14,0.5877471421998478,0.412252857800125,1,without_ITO,-0.5513020681878736,-0.2985639803354004,-0.3917004015610538,0.48813679560763507
1531.0,0.4080816037865653,0.5919183962134509,-1.6209256159527285e-14,0.5919183962134509,0.4080816037865653,1,without_ITO,-0.5501858359418696,-0.29380548458538625,-0.39006177840607476,0.492471732206069
1532.0,0.40401313789856874,0.5959868621013712,6.006306563222097e-14,0.5959868621013712,0.40401313789856874,1,without_ITO,-0.549055963631887,-0.28916892548585565,-0.38839896651951045,0.49671178274146016
1533.0,0.4000411013227755,0.5999588986771971,2.7422508708241367e-14,0.5999588986771971,0.4000411013227755,1,without_ITO,-0.5479133570853741,-0.284646899828151,-0.3867127902146666,0.5008627153016114
1534.0,0.3961643752704981,0.6038356247295289,-2.6978419498391304e-14,0.6038356247295289,0.3961643752704981,1,without_ITO,-0.5467602176431982,-0.2802378870079575,-0.3850059499998785,0.504924921497068
1535.0,0.3923782420343546,0.6076217579657258,-8.049116928532385e-14,0.6076217579657258,0.3923782420343546,1,without_ITO,-0.5455975196518712,-0.27593636286281387,-0.38327949811877987,0.5089025683972968
1536.0,0.38867940586720184,0.6113205941328768,-7.860379014346108e-14,0.6113205941328768,0.38867940586720184,1,without_ITO,-0.544426472265859,-0.27173841288848377,-0.38153487147589954,0.5127983928673627
1537.0,0.38506471847398116,0.6149352815260963,-7.749356711883593e-14,0.6149352815260963,0.38506471847398116,1,without_ITO,-0.5432481675158498,-0.267640305850204,-0.3797733958717512,0.5166150182430226
1538.0,0.38153116992718106,0.6184688300728192,-2.220446049250313e-16,0.6184688300728192,0.38153116992718106,1,without_ITO,-0.5420635887741208,-0.26363848310283744,-0.3779962933975062,0.5203549607962761
1539.0,0.378075880100066,0.6219241198999398,-5.773159728050814e-15,0.6219241198999398,0.378075880100066,1,without_ITO,-0.5408736182487277,-0.2597295485982649,-0.3762046890374504,0.5240206358649239
1540.0,0.37469716422283833,0.625302835777197,-3.530509218307998e-14,0.625302835777197,0.37469716422283833,1,without_ITO,-0.5396794340568296,-0.25591144083277073,-0.37440016638434215,0.5276132367605503
1541.0,0.3713902104684945,0.6286097895314667,3.8746783559417963e-14,0.6286097895314667,0.3713902104684945,1,without_ITO,-0.5384809565442549,-0.2521786741117066,-0.3725825776999483,0.5311372676677173
1542.0,0.3681546098164919,0.6318453901834367,7.149836278586008e-14,0.6318453901834367,0.3681546098164919,1,without_ITO,-0.5372795838003,-0.2485306259003527,-0.3707538926397093,0.5345926395992677
1543.0,0.36498685284948695,0.6350131471505487,-3.5638159090467525e-14,0.6350131471505487,0.36498685284948695,1,without_ITO,-0.5360754603212778,-0.2449632837777825,-0.3689143492480795,0.5379825448201135
1544.0,0.36188459683142155,0.6381154031685913,-1.27675647831893e-14,0.6381154031685913,0.36188459683142155,1,without_ITO,-0.5348690450744851,-0.24147393777153564,-0.36706466119220277,0.5413089743871149
1545.0,0.3588455856555601,0.6411544143443927,4.718447854656915e-14,0.6411544143443927,0.3588455856555601,1,without_ITO,-0.533660723817353,-0.2380599922386971,-0.3652054706277162,0.5445738497395948
1546.0,0.35586764365188595,0.644132356348147,-3.297362383136715e-14,0.644132356348147,0.35586764365188595,1,without_ITO,-0.53245081119194,-0.2347189594455975,-0.36333735032758896,0.5477790272315965
1547.0,0.35294866955260124,0.6470513304474067,-7.882583474838611e-15,0.6470513304474067,0.35294866955260124,1,without_ITO,-0.5312395521062234,-0.23144845350741358,-0.36146080521311175,0.5509263025520628
1548.0,0.3500866305705969,0.649913369429415,-1.199040866595169e-14,0.649913369429415,0.3500866305705969,1,without_ITO,-0.5300271223799857,-0.22824618466039376,-0.3595762732684441,0.5540174150622276
1549.0,0.34727955653519754,0.652720443464771,3.141931159689193e-14,0.652720443464771,0.34727955653519754,1,without_ITO,-0.52881362861245,-0.22510995383606142,-0.3576841258023253,0.5570540520865978
1550.0,0.3445264360873493,0.6554735639126712,-2.042810365310288e-14,0.6554735639126712,0.3445264360873493,1,without_ITO,-0.5275995176921955,-0.22203861531352934,-0.35578525176756254,0.5600368980783158
1551.0,0.34182447680801464,0.6581755231920166,-3.11972669919669e-14,0.6581755231920166,0.34182447680801464,1,without_ITO,-0.5263843471922517,-0.21902913297613474,-0.3538793081430267,0.5629685330548994
1552.0,0.33917098767599146,0.6608290123239677,4.085620730620576e-14,0.6608290123239677,0.33917098767599146,1,without_ITO,-0.5251675924106426,-0.21607861867356148,-0.35196586975615757,0.5658514395286854
1553.0,0.3365659534130328,0.6634340465870191,-5.184741524999481e-14,0.6634340465870191,0.3365659534130328,1,without_ITO,-0.523949890454715,-0.2131870710778722,-0.35004620700181593,0.568685271642055
1554.0,0.334006739997669,0.6659932600023264,4.6629367034256575e-15,0.6659932600023264,0.334006739997669,1,without_ITO,-0.5227305551868011,-0.210351723449251,-0.34811974674610446,0.5714724615926826
1555.0,0.3314916264395015,0.6685083735605282,-2.964295475749168e-14,0.6685083735605282,0.3314916264395015,1,without_ITO,-0.5215092214192955,-0.20757082212501865,-0.34618642053099125,0.574214476103746
1556.0,0.32901890901978614,0.6709810909802332,-1.9317880628477724e-14,0.6709810909802332,0.32901890901978614,1,without_ITO,-0.5202854236914514,-0.20484267243584917,-0.3442460698051419,0.5769127625340538
1557.0,0.32658770890843386,0.673412291091582,-1.587618925213974e-14,0.673412291091582,0.32658770890843386,1,without_ITO,-0.5190590112473296,-0.20216648977947985,-0.34229904303346137,0.5795678908895792
1558.0,0.32419468886857433,0.6758053111314394,-1.3655743202889425e-14,0.6758053111314394,0.32419468886857433,1,without_ITO,-0.5178284326858209,-0.19953896185857103,-0.3403437635661374,0.5821830269968223
1559.0,0.3218389695805982,0.6781610304193928,8.992806499463768e-15,0.6781610304193928,0.3218389695805982,1,without_ITO,-0.516593266515733,-0.19695941761368538,-0.3383803417305214,0.5847587224198355
1560.0,0.3195196091484497,0.6804803908515947,-4.440892098500626e-14,0.6804803908515947,0.3195196091484497,1,without_ITO,-0.5153529402725014,-0.19442717430064263,-0.33640876026528493,0.5872955814335729
1561.0,0.31723403764660224,0.6827659623533662,3.1530333899354446e-14,0.6827659623533662,0.31723403764660224,1,without_ITO,-0.5141058260973976,-0.1919399362475932,-0.33442761159095774,0.5897959090831814
1562.0,0.3149804375061262,0.6850195624939026,-2.886579864025407e-14,0.6850195624939026,0.3149804375061262,1,without_ITO,-0.5128505010704977,-0.1894962855755006,-0.33243590580202476,0.5922611871263087
1563.0,0.3127569180357357,0.6872430819643083,-4.39648317751562e-14,0.6872430819643083,0.3127569180357357,1,without_ITO,-0.5115852758219553,-0.18709483808128058,-0.3304324259898519,0.594692939887771
1564.0,0.3105614915963241,0.6894385084036645,1.1324274851176597e-14,0.6894385084036645,0.3105614915963241,1,without_ITO,-0.510308141188796,-0.18473424015579085,-0.32841568369695895,0.5970927501701472
1565.0,0.30839204447025204,0.6916079555297601,-1.2101430968414206e-14,0.6916079555297601,0.30839204447025204,1,without_ITO,-0.5090167002220203,-0.18241316606798208,-0.3263838619475554,0.5994622785638198
1566.0,0.30624630083669685,0.6937536991632878,1.532107773982716e-14,0.6937536991632878,0.30624630083669685,1,without_ITO,-0.5077080807774497,-0.18013031586881903,-0.32433474176797666,0.6018032871468705
1567.0,0.30412177771851334,0.6958782222814656,2.1094237467877974e-14,0.6958782222814656,0.30412177771851334,1,without_ITO,-0.5063788220531131,-0.17788441434256547,-0.3222656064907644,0.6041176688906195
1568.0,0.30201646721146497,0.6979835327885279,7.216449660063518e-15,0.6979835327885279,0.30201646721146497,1,without_ITO,-0.5050252225029409,-0.17567493473477672,-0.32017378784708567,0.6064067164418964
1569.0,0.2999258050562471,0.7000741949437461,6.772360450213455e-15,0.7000741949437461,0.2999258050562471,1,without_ITO,-0.5036411691207967,-0.17349920087411963,-0.31805382187112846,0.6086742459343143
1570.0,0.29784775539516173,0.702152244604874,-3.574918139293004e-14,0.702152244604874,0.29784775539516173,1,without_ITO,-0.5022213400457541,-0.17135746728376428,-0.31590191886253616,0.6109212733724888
1571.0,0.29577751413072423,0.7042224858692783,-2.4424906541753444e-15,0.7042224858692783,0.29577751413072423,1,without_ITO,-0.500757348141885,-0.1692478845364611,-0.3137109345936331,0.6131514642436584
1572.0,0.2937103000156342,0.7062896999843664,-6.661338147750939e-16,0.7062896999843664,0.2937103000156342,1,without_ITO,-0.49923923563677863,-0.16716941329860935,-0.3114726352884297,0.615368167218155
1573.0,0.2916396500336176,0.7083603499663897,-7.327471962526033e-15,0.7083603499663897,0.2916396500336176,1,without_ITO,-0.497653658867985,-0.16512047998579146,-0.30917564542901554,0.6175760704889924
1574.0,0.28956086258834846,0.7104391374116583,-6.772360450213455e-15,0.7104391374116583,0.28956086258834846,1,without_ITO,-0.49598587446359965,-0.16310247392574606,-0.3068083642630892,0.619777594224312
1575.0,0.28746311939299796,0.7125368806069965,5.551115123125783e-15,0.7125368806069965,0.28746311939299796,1,without_ITO,-0.49421216974313964,-0.16111314423441583,-0.3043499999436697,0.6219806842392928
1576.0,0.28533640830526114,0.7146635916947499,-1.1102230246251565e-14,0.7146635916947499,0.28533640830526114,1,without_ITO,-0.49230357236159067,-0.15915372810598696,-0.3017761473565131,0.6241915504140578
1577.0,0.2831670263040954,0.7168329736958585,4.6074255521943996e-14,0.7168329736958585,0.2831670263040954,1,without_ITO,-0.49021917301806317,-0.1572261955372589,-0.2990517279293845,0.6264188335495147
1578.0,0.28093814297835384,0.7190618570216573,-1.1102230246251565e-14,0.7190618570216573,0.28093814297835384,1,without_ITO,-0.4879017138803294,-0.15533580495882113,-0.2961274637164518,0.6286725035817504
1579.0,0.2786251713240411,0.7213748286759207,3.8191672047105385e-14,0.7213748286759207,0.2786251713240411,1,without_ITO,-0.48526386474815847,-0.1534910889490302,-0.29292664584602124,0.63096745794613
1580.0,0.2762002730106856,0.7237997269892528,6.161737786669619e-14,0.7237997269892528,0.2762002730106856,1,without_ITO,-0.48217671864339695,-0.15171373570360863,-0.28933584359840137,0.6333178862868577
1581.0,0.2736261949887081,0.7263738050112276,6.428191312579656e-14,0.7263738050112276,0.2736261949887081,1,without_ITO,-0.4784288815967458,-0.15004678521817155,-0.28516543169698894,0.6357409019759135
1582.0,0.2708657135070894,0.7291342864929076,3.1086244689504383e-15,0.7291342864929076,0.2708657135070894,1,without_ITO,-0.473660708997771,-0.14858913622624595,-0.2800870734540119,0.6382439380474845
1583.0,0.2679154106116065,0.7320845893883335,5.995204332975845e-14,0.7320845893883335,0.2679154106116065,1,without_ITO,-0.4672085211038709,-0.1475865199997697,-0.27347895264464583,0.6407874161757307
1584.0,0.2649774044113252,0.7350225955888134,-1.3866685577568205e-13,0.7350225955888134,0.2649774044113252,1,without_ITO,-0.4577237141433302,-0.14774055553755444,-0.264026499919701,0.6431203499004162
1585.0,0.26342167182814946,0.7365783281717938,5.67323965583455e-14,0.7365783281717938,0.26342167182814946,1,without_ITO,-0.4421567036089044,-0.15152076215280819,-0.24853411622570265,0.6439306342942834
1586.0,0.2729586555667661,0.727041344433529,-2.949862576429041e-13,0.727041344433529,0.2729586555667661,1,without_ITO,-0.4139218968510485,-0.17078939309790636,-0.21845146378145444,0.6348787427909968
1587.0,0.36970350759554477,0.6302964924091229,-4.667710662431546e-12,0.6302964924091229,0.36970350759554477,1,without_ITO,-0.4042787138082005,-0.26741487865732005,-0.1845095745712232,0.5558950048045586
1588.0,0.41589006074068674,0.5841099392601373,-8.241185511792537e-13,0.5841099392601373,0.41589006074068674,1,without_ITO,-0.5537844852086379,-0.25540900637603925,-0.31222329240588326,0.5283110152481838
1589.0,0.3398268369040176,0.6601731630947093,1.273092742337667e-12,0.6601731630947093,0.3398268369040176,1,without_ITO,-0.5501287656129257,-0.18269219976356982,-0.3261213859894504,0.5906152742801173
1590.0,0.31040195273550764,0.6895980472642583,2.34035013590983e-13,0.6895980472642583,0.31040195273550764,1,without_ITO,-0.5336842912087505,-0.15988141072318277,-0.31663165727389964,0.6140641215630726
1591.0,0.29657645888213185,0.703423541117941,-7.283063041541027e-14,0.703423541117941,0.29657645888213185,1,without_ITO,-0.5229893066655238,-0.1500025127452619,-0.30872860064790764,0.6251538141867647
1592.0,0.2884770890533376,0.7115229109466211,4.1300296516055823e-14,0.7115229109466211,0.2884770890533376,1,without_ITO,-0.5158153547190927,-0.14434437519053997,-0.30273324016173503,0.6317932745151504
1593.0,0.28298567917573014,0.7170143208242645,5.329070518200751e-15,0.7170143208242645,0.28298567917573014,1,without_ITO,-0.5106383780131739,-0.14046378175832738,-0.297977545199029,0.636427834949394
1594.0,0.27887734538462783,0.7211226546153714,7.771561172376096e-16,0.7211226546153714,0.27887734538462783,1,without_ITO,-0.5066658532122185,-0.13747369815649657,-0.2940172375222327,0.6400057204600968
1595.0,0.2755860645996242,0.724413935400427,-5.1181281435219717e-14,0.724413935400427,0.2755860645996242,1,without_ITO,-0.5034677910432788,-0.13498811216028395,-0.2905871854099982,0.6429610667693101
1596.0,0.2728185854345571,0.7271814145653828,6.017408793468348e-14,0.7271814145653828,0.2728185854345571,1,without_ITO,-0.5007961915396899,-0.132816598947467,-0.2875267000094029,0.6455170810152707
1597.0,0.2704056894981913,0.7295943105018664,-5.773159728050814e-14,0.7295943105018664,0.2704056894981913,1,without_ITO,-0.4984959829206144,-0.13085338077447786,-0.2847309186033325,0.6478021676185634
1598.0,0.2682470187363537,0.7317529812636364,9.880984919163893e-15,0.7317529812636364,0.2682470187363537,1,without_ITO,-0.4964696112694561,-0.12903808699037286,-0.28213316923168635,0.6498918553071883
1599.0,0.26627819161612715,0.7337218083838423,3.0531133177191805e-14,0.7337218083838423,0.26627819161612715,1,without_ITO,-0.4946513687971763,-0.1273331768649325,-0.2796878622304035,0.6518343776153085
1600.0,0.2644547084337491,0.7355452915662473,3.6637359812630166e-15,0.7355452915662473,0.2644547084337491,1,without_ITO,-0.4929941768984538,-0.12571307806432164,-0.2773613325398726,0.6536632042856013
1601.0,0.2627455980088064,0.7372544019911841,9.43689570931383e-15,0.7372544019911841,0.2627455980088064,1,without_ITO,-0.4914642858741416,-0.1241603040694707,-0.275129119753138,0.655401618136052
1602.0,0.2611304756570907,0.7388695243429027,6.661338147750939e-15,0.7388695243429027,0.2611304756570907,1,without_ITO,-0.49003856544112034,-0.12266400736955617,-0.27297517364596585,0.6570645728019456
1603.0,0.25959264469927834,0.7404073553007255,-3.885780586188048e-15,0.7404073553007255,0.25959264469927834,1,without_ITO,-0.48869803684561985,-0.12121496168175842,-0.2708854034625791,0.6586646554317976
1604.0,0.2581200533869513,0.7418799466130834,-3.47499806707674e-14,0.7418799466130834,0.2581200533869513,1,without_ITO,-0.4874286579616663,-0.11980671062822419,-0.26884956068512783,0.660210854343414
1605.0,0.2567034378434553,0.7432965621565077,3.697042672001771e-14,0.7432965621565077,0.2567034378434553,1,without_ITO,-0.4862194881806017,-0.11843433095225776,-0.26685962580749545,0.6617100819984413
1606.0,0.25533554830194816,0.7446644516980532,-1.3322676295501878e-15,0.7446644516980532,0.25533554830194816,1,without_ITO,-0.48506187591197947,-0.11709398927121722,-0.26490923511519987,0.6631677540236339
1607.0,0.25401114470463215,0.7459888552953468,2.1094237467877974e-14,0.7459888552953468,0.25401114470463215,1,without_ITO,-0.48394934635994774,-0.11578310012728824,-0.26299391371043496,0.6645876710385616
1608.0,0.2527245110419311,0.7472754889580275,4.1300296516055823e-14,0.7472754889580275,0.2527245110419311,1,without_ITO,-0.4828753472295199,-0.11449828642536777,-0.26110821781041393,0.6659743614213676
1609.0,0.25147288416589836,0.7485271158341218,-2.020605904817785e-14,0.7485271158341218,0.25147288416589836,1,without_ITO,-0.48183617514701865,-0.11323843930350312,-0.2592500043099015,0.6673296686390934
1610.0,0.25025210454409286,0.749747895455899,8.104628079763643e-15,0.749747895455899,0.25025210454409286,1,without_ITO,-0.48082713908501024,-0.11200099614767606,-0.2574152004809748,0.6686569629770556
1611.0,0.24906053049424434,0.7509394695057569,-1.2212453270876722e-15,0.7509394695057569,0.24906053049424434,1,without_ITO,-0.4798459069929755,-0.11078541531461368,-0.2556026720398099,0.6699572658983984
1612.0,0.2478954370695353,0.752104562930478,-1.3322676295501878e-14,0.752104562930478,0.2478954370695353,1,without_ITO,-0.4788893645155827,-0.1095900511679306,-0.2538098117574986,0.6712327641616407
1613.0,0.24675492566232046,0.7532450743376786,8.881784197001252e-16,0.7532450743376786,0.24675492566232046,1,without_ITO,-0.47795523481672425,-0.10841386162664232,-0.252034931593506,0.6724849120872731
1614.0,0.2456373613638657,0.7543626386361343,0.0,0.7543626386361343,0.2456373613638657,1,without_ITO,-0.4770415714418273,-0.10725593684623583,-0.25027658933395847,0.6737149693731638
1615.0,0.24454132469226691,0.7554586753077353,-2.220446049250313e-15,0.7554586753077353,0.24454132469226691,1,without_ITO,-0.4761466993508491,-0.10611547464536025,-0.24853354505275788,0.6749240366976559
1616.0,0.24346557368500418,0.7565344263149677,2.808864252301646e-14,0.7565344263149677,0.24346557368500418,1,without_ITO,-0.4752691681479575,-0.10499176137698361,-0.2468047264832584,0.6761130836507796
1617.0,0.2424090138470745,0.7575909861529333,-7.771561172376096e-15,0.7575909861529333,0.2424090138470745,1,without_ITO,-0.47440771466529896,-0.10388415688507485,-0.24508920124670228,0.6772829708577365
1618.0,0.2413706741165363,0.7586293258834766,-1.2878587085651816e-14,0.7586293258834766,0.2413706741165363,1,without_ITO,-0.4735612327911335,-0.10279208256162925,-0.2433861544076456,0.6784344676583153
1619.0,0.24035011162696998,0.7596498883730144,1.5654144647214707e-14,0.7596498883730144,0.24035011162696998,1,without_ITO,-0.47272911050516914,-0.10171539167788947,-0.24169543021007905,0.67956784725754
1620.0,0.2393456940706095,0.7606543059293803,1.021405182655144e-14,0.7606543059293803,0.2393456940706095,1,without_ITO,-0.4719097593967877,-0.1006528373856857,-0.24001527337051762,0.6806845801800595
1621.0,0.23835756162620986,0.761642438373831,-4.0967229608668276e-14,0.761642438373831,0.23835756162620986,1,without_ITO,-0.4711031338007393,-0.09960473068721937,-0.2383462409138444,0.6817844041648126
1622.0,0.23738465232699535,0.7626153476729973,7.327471962526033e-15,0.7626153476729973,0.23738465232699535,1,without_ITO,-0.47030819015089737,-0.09857028047338003,-0.23668727529265257,0.6828682603883974
1623.0,0.23642597997215306,0.7635740200278581,-1.1213252548714081e-14,0.7635740200278581,0.23642597997215306,1,without_ITO,-0.4695239710544611,-0.09754874199371498,-0.23503738555477716,0.6839370274611581
1624.0,0.23548182423561873,0.7645181757643551,2.6201263381153694e-14,0.7645181757643551,0.23548182423561873,1,without_ITO,-0.46875062220385233,-0.09654048571089795,-0.23339726871679026,0.6849903482319968
1625.0,0.23455128528610564,0.7654487147138923,2.1094237467877974e-15,0.7654487147138923,0.23455128528610564,1,without_ITO,-0.4679872972948042,-0.09554480956289081,-0.23176601633375313,0.6860290381597121
1626.0,0.23363390944059642,0.7663660905594125,-8.881784197001252e-15,0.7663660905594125,0.23363390944059642,1,without_ITO,-0.4672335461467737,-0.09456139728739109,-0.2301433041679141,0.6870534815467818
1627.0,0.23272927584213426,0.7672707241578808,-1.4988010832439613e-14,0.7672707241578808,0.23272927584213426,1,without_ITO,-0.4664889592867924,-0.09358995000489555,-0.2285288383307587,0.6880640379426566
1628.0,0.2318373763020449,0.768162623697928,2.708944180085382e-14,0.768162623697928,0.2318373763020449,1,without_ITO,-0.46575349455554027,-0.09263052671386811,-0.22692288433770724,0.689060669414736
1629.0,0.2309570739969202,0.7690429260030877,-7.882583474838611e-15,0.7690429260030877,0.2309570739969202,1,without_ITO,-0.4650261442845293,-0.09168216989350397,-0.2253241304780784,0.6900444490305806
1630.0,0.23008841355004883,0.7699115864499246,2.653433028854124e-14,0.7699115864499246,0.23008841355004883,1,without_ITO,-0.4643069284442147,-0.09074496904536412,-0.2237328889544718,0.6910152972986366
1631.0,0.22923144562587042,0.770768554374121,8.659739592076221e-15,0.770768554374121,0.22923144562587042,1,without_ITO,-0.4635958820254485,-0.08981901070297271,-0.2221494808655251,0.6919731354765081
1632.0,0.2283851178691562,0.771614882130846,-2.1094237467877974e-15,0.771614882130846,0.2283851178691562,1,without_ITO,-0.46289208685369954,-0.08890339395764572,-0.2205726640965807,0.6929189639168916
1633.0,0.22754988600715909,0.7724501139928246,1.63202784619898e-14,0.7724501139928246,0.22754988600715909,1,without_ITO,-0.4621959421132285,-0.08799855381833262,-0.21900331435851533,0.6938523170928669
1634.0,0.22672510625307157,0.7732748937469209,7.549516567451064e-15,0.7732748937469209,0.22672510625307157,1,without_ITO,-0.46150689384118915,-0.08710394315284745,-0.2174407452153594,0.6947738031469688
1635.0,0.22591052146454202,0.7740894785354459,1.2101430968414206e-14,0.7740894785354459,0.22591052146454202,1,without_ITO,-0.46082472829139987,-0.08621935458798853,-0.21588480763577228,0.6956836562210392
1636.0,0.2251058871738524,0.7748941128261577,-1.0103029524088925e-14,0.7748941128261577,0.2251058871738524,1,without_ITO,-0.4601492459974729,-0.08534458839097543,-0.2143353630178622,0.6965821005243257
1637.0,0.22431097051788834,0.775689029482109,2.6645352591003757e-15,0.775689029482109,0.22431097051788834,1,without_ITO,-0.45948026038491563,-0.08447945193865813,-0.21279228214410736,0.697469351125247
1638.0,0.22352554929107984,0.7764744507089245,-4.3298697960381105e-15,0.7764744507089245,0.22352554929107984,1,without_ITO,-0.4588175965473767,-0.08362375924453813,-0.21125544426083595,0.6983456146533562
1639.0,0.22274941110263297,0.7772505888973499,1.7208456881689926e-14,0.7772505888973499,0.22274941110263297,1,without_ITO,-0.4581610901631456,-0.08277733053437034,-0.2097247362636195,0.69921108992499
1640.0,0.22198235262556787,0.7780176473744415,-9.325873406851315e-15,0.7780176473744415,0.22198235262556787,1,without_ITO,-0.4575105865346089,-0.0819399918646769,-0.208200051975876,0.700065968501982
1641.0,0.22122417892535898,0.7787758210746575,-1.6431300764452317e-14,0.7787758210746575,0.22122417892535898,1,without_ITO,-0.4568659397344365,-0.08111157477886087,-0.2066812915083338,0.7009104351919649
1642.0,0.22047504268537482,0.779524957314624,1.2212453270876722e-15,0.779524957314624,0.22047504268537482,1,without_ITO,-0.4562273161625099,-0.08029221310331963,-0.2051688654776069,0.7017443444272771
1643.0,0.21973408176434808,0.7802659182356556,-3.6637359812630166e-15,0.7802659182356556,0.21973408176434808,1,without_ITO,-0.45559397510837585,-0.07948115142997081,-0.2036616736788003,0.7025685201362053
1644.0,0.2190018002018553,0.7809981997981494,-4.773959005888173e-15,0.7809981997981494,0.2190018002018553,1,without_ITO,-0.45496639993833676,-0.07867882750992335,-0.2021606398761872,0.7033824843255516
1645.0,0.2182776915106706,0.7817223084893609,-3.141931159689193e-14,0.7817223084893609,0.2182776915106706,1,without_ITO,-0.4543441687606448,-0.0778847950135036,-0.20066517950465415,0.7041867227870516
1646.0,0.217561594941716,0.7824384050583081,-2.4091839634365897e-14,0.7824384050583081,0.217561594941716,1,without_ITO,-0.4537271696782466,-0.07709890889526036,-0.19917521676373684,0.7049813923497857
1647.0,0.21685302788910443,0.7831469721109043,-8.770761894538737e-15,0.7831469721109043,0.21685302788910443,1,without_ITO,-0.4531149987471813,-0.0763207445388552,-0.1976901827483812,0.7057669538964454
1648.0,0.21615249751328516,0.7838475024867194,-4.551914400963142e-15,0.7838475024867194,0.21615249751328516,1,without_ITO,-0.45250815000969696,-0.07555073434985304,-0.19621100369554803,0.7065429349960572
1649.0,0.21545952895815773,0.7845404710418352,6.994405055138486e-15,0.7845404710418352,0.21545952895815773,1,without_ITO,-0.4519062275082459,-0.07478845850868271,-0.19473711558997067,0.7073097910097953
1650.0,0.21477398179381907,0.7852260182062037,-2.275957200481571e-14,0.7852260182062037,0.21477398179381907,1,without_ITO,-0.45130913805375017,-0.07403378683554308,-0.19326845556991254,0.7080676617212889
1651.0,0.2140960382951867,0.7859039617048282,-1.4876988529977098e-14,0.7859039617048282,0.2140960382951867,1,without_ITO,-0.45071708458357357,-0.0732868659291221,-0.1918054541730972,0.7088163859966142
1652.0,0.2134249277651119,0.7865750722348779,1.021405182655144e-14,0.7865750722348779,0.2134249277651119,1,without_ITO,-0.45012939563774085,-0.07254702277717195,-0.1903470706190864,0.7095566934749408
1653.0,0.2127608427742523,0.7872391572257315,1.6209256159527285e-14,0.7872391572257315,0.2127608427742523,1,without_ITO,-0.449546282296795,-0.07181441268671848,-0.18889374159641142,0.7102884132780278
1654.0,0.2121039710444676,0.7878960289555323,0.0,0.7878960289555323,0.2121039710444676,1,without_ITO,-0.4489679540846503,-0.0710891842667242,-0.18744590014498014,0.7110113822810414
1655.0,0.21145356599027812,0.7885464340096914,3.0531133177191805e-14,0.7885464340096914,0.21145356599027812,1,without_ITO,-0.44839375594222153,-0.07037068778520565,-0.18600252038157755,0.711726303937702
1656.0,0.21081013223505213,0.7891898677649322,1.5654144647214707e-14,0.7891898677649322,0.21081013223505213,1,without_ITO,-0.4478241907822901,-0.06965934143391342,-0.18456452423551134,0.7124327226428805
1657.0,0.21017324390435865,0.7898267560956204,2.098321516541546e-14,0.7898267560956204,0.21017324390435865,1,without_ITO,-0.4472588988137234,-0.06895476953355674,-0.18313137724929254,0.7131310442918851
1658.0,0.2095424862019945,0.7904575137980077,-2.220446049250313e-15,0.7904575137980077,0.2095424862019945,1,without_ITO,-0.44669752694853293,-0.06825660801899198,-0.1817025520005099,0.7138216616799895
1659.0,0.20891836100794947,0.7910816389920499,6.661338147750939e-16,0.7910816389920499,0.20891836100794947,1,without_ITO,-0.4461405788777983,-0.06756526905439768,-0.18027896695017911,0.7145041266134632
1660.0,0.20830045733924174,0.7916995426607801,-2.1871393585115584e-14,0.7916995426607801,0.20830045733924174,1,without_ITO,-0.44558770486028315,-0.06688039115553872,-0.17886009617739668,0.7151788293103718
1661.0,0.2076886727981985,0.7923113272018034,-1.887379141862766e-15,0.7923113272018034,0.2076886727981985,1,without_ITO,-0.44503884270337524,-0.06620187454050394,-0.1774458974212373,0.7158458764078337
1662.0,0.2070829075740047,0.7929170924260256,-3.0309088572266774e-14,0.7929170924260256,0.2070829075740047,1,without_ITO,-0.44449393210951144,-0.06552962163414218,-0.1760363296296095,0.7165053722172078
1663.0,0.20648306433876853,0.7935169356612415,-9.992007221626409e-15,0.7935169356612415,0.20648306433876853,1,without_ITO,-0.4439529145728813,-0.06486353699784926,-0.17463135288660264,0.7171574188072669
1664.0,0.20588934105413717,0.7941106589458582,4.6629367034256575e-15,0.7941106589458582,0.20588934105413717,1,without_ITO,-0.44341601191893154,-0.06420377176332623,-0.1732314016104315,0.7178018520262569
1665.0,0.20530105752427902,0.7946989424757065,1.4432899320127035e-14,0.7946989424757065,0.20530105752427902,1,without_ITO,-0.4428826107575248,-0.06354974354768275,-0.1718354901819881,0.7184393001232595
1666.0,0.20471870743167173,0.795281292568333,-4.773959005888173e-15,0.795281292568333,0.20471870743167173,1,without_ITO,-0.4423532137949327,-0.06290184997082418,-0.1704445270151265,0.7190693330424024
1667.0,0.20414162186108117,0.7958583781389021,1.6653345369377348e-14,0.7958583781389021,0.20414162186108117,1,without_ITO,-0.4418272142865033,-0.06225952054458253,-0.1690575333369803,0.7196925657837733
1668.0,0.2035702918220599,0.7964297081779438,-3.6637359812630166e-15,0.7964297081779438,0.2035702918220599,1,without_ITO,-0.44130511415287016,-0.06162314864390655,-0.16767541435274247,0.7203085736151642
1669.0,0.20300405915870368,0.7969959408413155,-1.9206858326015208e-14,0.7969959408413155,0.20300405915870368,1,without_ITO,-0.4407863128904329,-0.06099217524044513,-0.16629719784998984,0.7209179587699438
1670.0,0.202443412123961,0.7975565878760429,-3.885780586188048e-15,0.7975565878760429,0.202443412123961,1,without_ITO,-0.44027131148699394,-0.06036698945911844,-0.16492378573257577,0.7215203018540277
1671.0,0.2018879841283314,0.7981120158716529,1.5654144647214707e-14,0.7981120158716529,0.2018879841283314,1,without_ITO,-0.4397597878360361,-0.059747274254917715,-0.16355467684266506,0.7221159443730684
1672.0,0.20133769647248254,0.7986623035275342,-1.6764367671839864e-14,0.7986623035275342,0.20133769647248254,1,without_ITO,-0.4392516960229873,-0.059132950805671804,-0.16218983904188308,0.7227049712175917
1673.0,0.20079247217547594,0.79920752782453,-5.88418203051333e-15,0.79920752782453,0.20079247217547594,1,without_ITO,-0.43874699122221034,-0.058523941873131494,-0.16082924084476113,0.72328746566196
1674.0,0.2002522359188595,0.7997477640811583,-1.7763568394002505e-14,0.7997477640811583,0.2002522359188595,1,without_ITO,-0.4382456296502047,-0.057920171759634154,-0.15947285138769096,0.7238635094114121
1675.0,0.19971691399359634,0.8002830860063952,8.43769498715119e-15,0.8002830860063952,0.19971691399359634,1,without_ITO,-0.4377475685218529,-0.057321566266804194,-0.15812064039999774,0.724433182646645
1676.0,0.199186434249537,0.8008135657504863,-2.3314683517128287e-14,0.8008135657504863,0.199186434249537,1,without_ITO,-0.4372527660094603,-0.056728052655549935,-0.15677257817713983,0.724996564066695
1677.0,0.19866072604692392,0.801339273953076,0.0,0.801339273953076,0.19866072604692392,1,without_ITO,-0.43676118120397106,-0.05613955960757428,-0.15542863555514216,0.7255537309299706
1678.0,0.19813999102437527,0.8018600089756344,-9.658940314238862e-15,0.8018600089756344,0.19813999102437527,1,without_ITO,-0.4362730410983559,-0.05555623571503016,-0.15408924059756995,0.7261045250677075
1679.0,0.19762361838774198,0.8023763816122684,-1.0436096431476471e-14,0.8023763816122684,0.19762361838774198,1,without_ITO,-0.43578777173548444,-0.05497757365285519,-0.15275345062078396,0.7266494909853239
1680.0,0.19711208201458574,0.8028879179853982,1.609823385706477e-14,0.8028879179853982,0.19711208201458574,1,without_ITO,-0.43530586807124444,-0.05440394155617523,-0.15142215027088834,0.7271882357138115
1681.0,0.1966047794774624,0.803395220522548,-1.0325074129013956e-14,0.803395220522548,0.1966047794774624,1,without_ITO,-0.4348267607156514,-0.053834841437554404,-0.1500944022490696,0.7277212932938678
1682.0,0.19610218171734037,0.8038978182826507,8.881784197001252e-15,0.8038978182826507,0.19610218171734037,1,without_ITO,-0.43435094324271284,-0.053270637296128485,-0.14877108767237307,0.728248275962174
1683.0,0.19560395830651361,0.8043960416934847,1.6653345369377348e-15,0.8043960416934847,0.19560395830651361,1,without_ITO,-0.4338781140471626,-0.05271105048870125,-0.14745172571194107,0.7287694831662129
1684.0,0.1951100480510297,0.8048899519489352,3.5083047578154947e-14,0.8048899519489352,0.1951100480510297,1,without_ITO,-0.433408237774776,-0.05215601873288086,-0.14613629043385962,0.7292849830328044
1685.0,0.194620129627963,0.8053798703720264,1.0547118733938987e-14,0.8053798703720264,0.194620129627963,1,without_ITO,-0.43294101771723437,-0.05160527376548238,-0.14482430721418976,0.7297950632720428
1686.0,0.19413466812192595,0.8058653318780875,-1.3433698597964394e-14,0.8058653318780875,0.19413466812192595,1,without_ITO,-0.4324769446027812,-0.051059171418031304,-0.14351665010407766,0.730299346395845
1687.0,0.1936536019668375,0.80634639803317,-7.549516567451064e-15,0.80634639803317,0.1936536019668375,1,without_ITO,-0.43201598302488514,-0.05051764814240794,-0.1422132911178554,0.7307979025608182
1688.0,0.1931763557574236,0.8068236442425674,9.103828801926284e-15,0.8068236442425674,0.1931763557574236,1,without_ITO,-0.43155757817605706,-0.04998023649934258,-0.14091331082004777,0.7312912314539475
1689.0,0.19270313398492303,0.8072968660150738,3.219646771412954e-15,0.8072968660150738,0.19270313398492303,1,without_ITO,-0.43110195924679884,-0.049447085308150854,-0.13961713311354115,0.7317791767143847
1690.0,0.19223388214482248,0.8077661178551685,8.992806499463768e-15,0.8077661178551685,0.19223388214482248,1,without_ITO,-0.4306490946458539,-0.048918138827454445,-0.13832473420845698,0.7322617998837583
1691.0,0.19176854674747215,0.8082314532525355,-7.66053886991358e-15,0.8082314532525355,0.19176854674747215,1,without_ITO,-0.43019895334214187,-0.04839334231806965,-0.1370360906323496,0.7327391614950384
1692.0,0.19130732796741273,0.8086926720325769,1.0436096431476471e-14,0.8086926720325769,0.19130732796741273,1,without_ITO,-0.4297517623265033,-0.04787283866099752,-0.13575162102516966,0.7332111126456274
1693.0,0.1908496677437921,0.8091503322562067,1.2212453270876722e-15,0.8091503322562067,0.1908496677437921,1,without_ITO,-0.4293069760609963,-0.047356180336372615,-0.1344704178959582,0.7336781305047948
1694.0,0.19039601968755296,0.8096039803124395,7.549516567451064e-15,0.8096039803124395,0.19039601968755296,1,without_ITO,-0.428865079449659,-0.04684370735661613,-0.133193341277481,0.7341398574638022
1695.0,0.1899460814857163,0.8100539185143177,-3.4083846855992306e-14,0.8100539185143177,0.1899460814857163,1,without_ITO,-0.4284257860840613,-0.0463351721709809,-0.13191992708545203,0.734596558645001
1696.0,0.1894995563208846,0.8105004436791265,-1.1102230246251565e-14,0.8105004436791265,0.1894995563208846,1,without_ITO,-0.42798881247436765,-0.04583033375868624,-0.1306497155204557,0.7350484916416602
1697.0,0.18905689358119004,0.8109431064187979,1.2101430968414206e-14,0.8109431064187979,0.18905689358119004,1,without_ITO,-0.4275546413220228,-0.045329526352610894,-0.12938356141459573,0.7354953060925533
1698.0,0.18861779704232082,0.8113822029576778,1.3322676295501878e-15,0.8113822029576778,0.18861779704232082,1,without_ITO,-0.4271229894662671,-0.04483250927053615,-0.12812100449765484,0.7359372594836313
1699.0,0.1881822205122115,0.8118177794878122,-2.3647750424515834e-14,0.8118177794878122,0.1881822205122115,1,without_ITO,-0.42669382983304427,-0.04433923505392803,-0.1268620235371992,0.7363744050074457
1700.0,0.1877501186091593,0.8122498813908388,1.9984014443252818e-15,0.8122498813908388,0.1877501186091593,1,without_ITO,-0.42626713578161274,-0.04384965705961124,-0.12560659754498132,0.7368067950333297
