[stage3] beta=15.79 n_iter=120 centres=[{'P': 925.0, 'h': 200.0, 'pad': 0.04, 'seed': 7777, 'J_hard': 0.467815723076336, 'tag': 'P925_h200_pad0.040_s7777'}, {'P': 850.0, 'h': 200.0, 'pad': 0.04, 'seed': 1001, 'J_hard': 0.4154288926867705, 'tag': 'P850_h200_pad0.040_s1001'}, {'P': 925.0, 'h': 200.0, 'pad': 0.08, 'seed': 1001, 'J_hard': 0.38238615062688946, 'tag': 'P925_h200_pad0.080_s1001'}, {'P': 925.0, 'h': 160.0, 'pad': 0.04, 'seed': 1001, 'J_hard': 0.37869848102990306, 'tag': 'P925_h160_pad0.040_s1001'}, {'P': 925.0, 'h': 200.0, 'pad': 0.12, 'seed': 1001, 'J_hard': 0.36991323142014276, 'tag': 'P925_h200_pad0.120_s1001'}]
[P925_h200_pad0.040] it   0 J=0.43371 A_min=0.3956 A_mean=0.4451 |g|=5.89e-02 bin=0.166 S_flip=0.873 t=2s
[P925_h200_pad0.040] it   1 J=0.45464 A_min=0.4078 A_mean=0.4727 |g|=4.52e-02 bin=0.155 S_flip=0.933 t=4s
[P925_h200_pad0.040] it   2 J=0.44986 A_min=0.4036 A_mean=0.4682 |g|=5.24e-02 bin=0.145 S_flip=0.941 t=6s
[P925_h200_pad0.040] it   3 J=0.46419 A_min=0.4208 A_mean=0.4784 |g|=2.10e-02 bin=0.137 S_flip=0.928 t=7s
[P925_h200_pad0.040] it   4 J=0.46530 A_min=0.4217 A_mean=0.4800 |g|=1.60e-02 bin=0.130 S_flip=0.913 t=9s
[P925_h200_pad0.040] it   5 J=0.46025 A_min=0.4159 A_mean=0.4761 |g|=3.19e-02 bin=0.123 S_flip=0.906 t=10s
[P925_h200_pad0.040] it   6 J=0.46129 A_min=0.4170 A_mean=0.4770 |g|=3.10e-02 bin=0.116 S_flip=0.909 t=12s
[P925_h200_pad0.040] it   7 J=0.46660 A_min=0.4234 A_mean=0.4809 |g|=1.83e-02 bin=0.109 S_flip=0.919 t=13s
[P925_h200_pad0.040] it   8 J=0.46954 A_min=0.4278 A_mean=0.4822 |g|=5.13e-03 bin=0.103 S_flip=0.932 t=15s
[P925_h200_pad0.040] it   9 J=0.46800 A_min=0.4273 A_mean=0.4800 |g|=2.06e-02 bin=0.097 S_flip=0.942 t=16s
[P925_h200_pad0.040] it  10 J=0.46664 A_min=0.4264 A_mean=0.4786 |g|=2.79e-02 bin=0.092 S_flip=0.948 t=17s
[P925_h200_pad0.040] it  11 J=0.46868 A_min=0.4286 A_mean=0.4802 |g|=2.42e-02 bin=0.087 S_flip=0.949 t=19s
[P925_h200_pad0.040] it  12 J=0.47199 A_min=0.4322 A_mean=0.4830 |g|=1.25e-02 bin=0.083 S_flip=0.946 t=20s
[P925_h200_pad0.040] it  13 J=0.47325 A_min=0.4338 A_mean=0.4841 |g|=5.04e-03 bin=0.079 S_flip=0.942 t=21s
[P925_h200_pad0.040] it  14 J=0.47244 A_min=0.4334 A_mean=0.4833 |g|=1.53e-02 bin=0.076 S_flip=0.940 t=23s
[P925_h200_pad0.040] it  15 J=0.47210 A_min=0.4337 A_mean=0.4827 |g|=1.96e-02 bin=0.072 S_flip=0.940 t=24s
[P925_h200_pad0.040] it  16 J=0.47355 A_min=0.4358 A_mean=0.4836 |g|=1.65e-02 bin=0.069 S_flip=0.944 t=26s
[P925_h200_pad0.040] it  17 J=0.47568 A_min=0.4385 A_mean=0.4850 |g|=7.74e-03 bin=0.066 S_flip=0.951 t=27s
[P925_h200_pad0.040] it  18 J=0.47666 A_min=0.4399 A_mean=0.4856 |g|=6.99e-03 bin=0.062 S_flip=0.958 t=28s
[P925_h200_pad0.040] it  19 J=0.47644 A_min=0.4399 A_mean=0.4852 |g|=1.60e-02 bin=0.060 S_flip=0.964 t=30s
[P925_h200_pad0.040] it  20 J=0.47664 A_min=0.4404 A_mean=0.4852 |g|=1.93e-02 bin=0.057 S_flip=0.967 t=31s
[P925_h200_pad0.040] it  21 J=0.47804 A_min=0.4424 A_mean=0.4862 |g|=1.53e-02 bin=0.054 S_flip=0.968 t=33s
[P925_h200_pad0.040] it  22 J=0.47959 A_min=0.4445 A_mean=0.4874 |g|=6.41e-03 bin=0.052 S_flip=0.967 t=34s
[P925_h200_pad0.040] it  23 J=0.48016 A_min=0.4453 A_mean=0.4879 |g|=6.41e-03 bin=0.050 S_flip=0.965 t=35s
[P925_h200_pad0.040] it  24 J=0.48014 A_min=0.4453 A_mean=0.4879 |g|=1.33e-02 bin=0.048 S_flip=0.965 t=37s
[P925_h200_pad0.040] it  25 J=0.48069 A_min=0.4461 A_mean=0.4883 |g|=1.44e-02 bin=0.046 S_flip=0.967 t=38s
[P925_h200_pad0.040] it  26 J=0.48195 A_min=0.4480 A_mean=0.4892 |g|=9.12e-03 bin=0.044 S_flip=0.971 t=39s
[P925_h200_pad0.040] it  27 J=0.48296 A_min=0.4497 A_mean=0.4897 |g|=3.21e-03 bin=0.043 S_flip=0.976 t=41s
[P925_h200_pad0.040] it  28 J=0.48324 A_min=0.4506 A_mean=0.4897 |g|=1.04e-02 bin=0.041 S_flip=0.980 t=42s
[P925_h200_pad0.040] it  29 J=0.48351 A_min=0.4513 A_mean=0.4898 |g|=1.42e-02 bin=0.039 S_flip=0.983 t=44s
[P925_h200_pad0.040] it  30 J=0.48440 A_min=0.4526 A_mean=0.4905 |g|=1.14e-02 bin=0.038 S_flip=0.984 t=45s
[P925_h200_pad0.040] it  31 J=0.48539 A_min=0.4539 A_mean=0.4913 |g|=4.10e-03 bin=0.036 S_flip=0.984 t=46s
[P925_h200_pad0.040] it  32 J=0.48585 A_min=0.4545 A_mean=0.4917 |g|=6.87e-03 bin=0.035 S_flip=0.984 t=48s
[P925_h200_pad0.040] it  33 J=0.48616 A_min=0.4551 A_mean=0.4919 |g|=1.15e-02 bin=0.034 S_flip=0.984 t=49s
[P925_h200_pad0.040] it  34 J=0.48689 A_min=0.4563 A_mean=0.4924 |g|=9.75e-03 bin=0.033 S_flip=0.987 t=51s
[P925_h200_pad0.040] it  35 J=0.48776 A_min=0.4579 A_mean=0.4929 |g|=3.31e-03 bin=0.031 S_flip=0.990 t=52s
[P925_h200_pad0.040] it  36 J=0.48823 A_min=0.4590 A_mean=0.4932 |g|=6.94e-03 bin=0.030 S_flip=0.993 t=54s
[P925_h200_pad0.040] it  37 J=0.48855 A_min=0.4597 A_mean=0.4933 |g|=1.13e-02 bin=0.029 S_flip=0.996 t=56s
[P925_h200_pad0.040] it  38 J=0.48918 A_min=0.4607 A_mean=0.4938 |g|=9.39e-03 bin=0.027 S_flip=0.997 t=57s
[P925_h200_pad0.040] it  39 J=0.48986 A_min=0.4618 A_mean=0.4944 |g|=3.23e-03 bin=0.026 S_flip=0.997 t=58s
[P925_h200_pad0.040] it  40 J=0.49025 A_min=0.4624 A_mean=0.4947 |g|=6.21e-03 bin=0.025 S_flip=0.997 t=60s
[P925_h200_pad0.040] it  41 J=0.49062 A_min=0.4631 A_mean=0.4949 |g|=8.96e-03 bin=0.024 S_flip=0.998 t=61s
[P925_h200_pad0.040] it  42 J=0.49122 A_min=0.4641 A_mean=0.4954 |g|=5.72e-03 bin=0.023 S_flip=1.000 t=62s
[P925_h200_pad0.040] it  43 J=0.49174 A_min=0.4651 A_mean=0.4957 |g|=3.08e-03 bin=0.022 S_flip=1.002 t=63s
[P925_h200_pad0.040] it  44 J=0.49206 A_min=0.4657 A_mean=0.4959 |g|=7.92e-03 bin=0.022 S_flip=1.004 t=65s
[P925_h200_pad0.040] it  45 J=0.49248 A_min=0.4664 A_mean=0.4962 |g|=8.10e-03 bin=0.021 S_flip=1.005 t=67s
[P925_h200_pad0.040] it  46 J=0.49300 A_min=0.4672 A_mean=0.4967 |g|=3.58e-03 bin=0.020 S_flip=1.005 t=68s
[P925_h200_pad0.040] it  47 J=0.49340 A_min=0.4678 A_mean=0.4970 |g|=4.47e-03 bin=0.020 S_flip=1.006 t=70s
[P925_h200_pad0.040] it  48 J=0.49380 A_min=0.4684 A_mean=0.4973 |g|=6.75e-03 bin=0.019 S_flip=1.006 t=71s
[P925_h200_pad0.040] it  49 J=0.49429 A_min=0.4693 A_mean=0.4977 |g|=4.00e-03 bin=0.018 S_flip=1.008 t=73s
[P925_h200_pad0.040] it  50 J=0.49471 A_min=0.4701 A_mean=0.4980 |g|=3.21e-03 bin=0.017 S_flip=1.009 t=74s
[P925_h200_pad0.040] it  51 J=0.49505 A_min=0.4707 A_mean=0.4982 |g|=5.83e-03 bin=0.016 S_flip=1.011 t=76s
[P925_h200_pad0.040] it  52 J=0.49542 A_min=0.4713 A_mean=0.4986 |g|=4.11e-03 bin=0.016 S_flip=1.011 t=77s
[P925_h200_pad0.040] it  53 J=0.49576 A_min=0.4717 A_mean=0.4989 |g|=2.69e-03 bin=0.015 S_flip=1.012 t=79s
[P925_h200_pad0.040] it  54 J=0.49603 A_min=0.4722 A_mean=0.4991 |g|=5.60e-03 bin=0.014 S_flip=1.012 t=80s
[P925_h200_pad0.040] it  55 J=0.49637 A_min=0.4728 A_mean=0.4993 |g|=3.51e-03 bin=0.014 S_flip=1.013 t=82s
[P925_h200_pad0.040] it  56 J=0.49668 A_min=0.4735 A_mean=0.4995 |g|=4.36e-03 bin=0.013 S_flip=1.014 t=83s
[P925_h200_pad0.040] it  57 J=0.49694 A_min=0.4741 A_mean=0.4997 |g|=7.27e-03 bin=0.013 S_flip=1.015 t=85s
[P925_h200_pad0.040] it  58 J=0.49726 A_min=0.4746 A_mean=0.5000 |g|=3.48e-03 bin=0.012 S_flip=1.014 t=86s
[P925_h200_pad0.040] it  59 J=0.49749 A_min=0.4749 A_mean=0.5002 |g|=4.26e-03 bin=0.011 S_flip=1.014 t=87s
[P925_h200_pad0.040] it  60 J=0.49770 A_min=0.4752 A_mean=0.5003 |g|=6.29e-03 bin=0.011 S_flip=1.014 t=89s
[P925_h200_pad0.040] it  61 J=0.49796 A_min=0.4758 A_mean=0.5005 |g|=2.59e-03 bin=0.011 S_flip=1.015 t=90s
[P925_h200_pad0.040] it  62 J=0.49816 A_min=0.4763 A_mean=0.5007 |g|=4.37e-03 bin=0.010 S_flip=1.015 t=92s
[P925_h200_pad0.040] it  63 J=0.49836 A_min=0.4766 A_mean=0.5008 |g|=5.11e-03 bin=0.010 S_flip=1.016 t=93s
[P925_h200_pad0.040] it  64 J=0.49859 A_min=0.4769 A_mean=0.5010 |g|=2.10e-03 bin=0.009 S_flip=1.016 t=95s
[P925_h200_pad0.040] it  65 J=0.49877 A_min=0.4772 A_mean=0.5012 |g|=3.87e-03 bin=0.009 S_flip=1.016 t=96s
[P925_h200_pad0.040] it  66 J=0.49897 A_min=0.4775 A_mean=0.5014 |g|=4.50e-03 bin=0.009 S_flip=1.016 t=97s
[P925_h200_pad0.040] it  67 J=0.49920 A_min=0.4780 A_mean=0.5015 |g|=2.29e-03 bin=0.008 S_flip=1.017 t=99s
[P925_h200_pad0.040] it  68 J=0.49941 A_min=0.4784 A_mean=0.5017 |g|=3.98e-03 bin=0.008 S_flip=1.018 t=100s
[P925_h200_pad0.040] it  69 J=0.49961 A_min=0.4788 A_mean=0.5018 |g|=6.07e-03 bin=0.008 S_flip=1.019 t=101s
[P925_h200_pad0.040] it  70 J=0.49986 A_min=0.4791 A_mean=0.5021 |g|=4.37e-03 bin=0.007 S_flip=1.019 t=103s
[P925_h200_pad0.040] it  71 J=0.50007 A_min=0.4794 A_mean=0.5023 |g|=2.52e-03 bin=0.007 S_flip=1.018 t=104s
[P925_h200_pad0.040] it  72 J=0.50023 A_min=0.4796 A_mean=0.5024 |g|=5.69e-03 bin=0.007 S_flip=1.018 t=106s
[P925_h200_pad0.040] it  73 J=0.50042 A_min=0.4799 A_mean=0.5026 |g|=4.43e-03 bin=0.006 S_flip=1.018 t=107s
[P925_h200_pad0.040] it  74 J=0.50060 A_min=0.4802 A_mean=0.5027 |g|=2.05e-03 bin=0.006 S_flip=1.019 t=109s
[P925_h200_pad0.040] it  75 J=0.50073 A_min=0.4805 A_mean=0.5028 |g|=4.59e-03 bin=0.006 S_flip=1.020 t=110s
[P925_h200_pad0.040] it  76 J=0.50086 A_min=0.4806 A_mean=0.5029 |g|=4.15e-03 bin=0.005 S_flip=1.020 t=111s
[P925_h200_pad0.040] it  77 J=0.50098 A_min=0.4807 A_mean=0.5031 |g|=1.66e-03 bin=0.005 S_flip=1.020 t=113s
[P925_h200_pad0.040] it  78 J=0.50107 A_min=0.4808 A_mean=0.5032 |g|=3.41e-03 bin=0.005 S_flip=1.020 t=114s
[P925_h200_pad0.040] it  79 J=0.50115 A_min=0.4809 A_mean=0.5033 |g|=3.31e-03 bin=0.005 S_flip=1.020 t=116s
[P925_h200_pad0.040] it  80 J=0.50124 A_min=0.4810 A_mean=0.5033 |g|=1.54e-03 bin=0.005 S_flip=1.020 t=117s
[P925_h200_pad0.040] it  81 J=0.50131 A_min=0.4812 A_mean=0.5034 |g|=2.95e-03 bin=0.005 S_flip=1.021 t=118s
[P925_h200_pad0.040] it  82 J=0.50137 A_min=0.4813 A_mean=0.5034 |g|=3.41e-03 bin=0.004 S_flip=1.021 t=120s
[P925_h200_pad0.040] it  83 J=0.50144 A_min=0.4813 A_mean=0.5035 |g|=1.80e-03 bin=0.004 S_flip=1.021 t=121s
[P925_h200_pad0.040] it  84 J=0.50149 A_min=0.4814 A_mean=0.5036 |g|=2.32e-03 bin=0.004 S_flip=1.020 t=123s
[P925_h200_pad0.040] it  85 J=0.50154 A_min=0.4814 A_mean=0.5036 |g|=3.49e-03 bin=0.004 S_flip=1.020 t=124s
[P925_h200_pad0.040] it  86 J=0.50160 A_min=0.4815 A_mean=0.5037 |g|=2.54e-03 bin=0.004 S_flip=1.020 t=126s
[P925_h200_pad0.040] it  87 J=0.50165 A_min=0.4816 A_mean=0.5037 |g|=1.67e-03 bin=0.004 S_flip=1.020 t=127s
[P925_h200_pad0.040] it  88 J=0.50170 A_min=0.4817 A_mean=0.5037 |g|=2.44e-03 bin=0.004 S_flip=1.021 t=129s
[P925_h200_pad0.040] it  89 J=0.50175 A_min=0.4817 A_mean=0.5038 |g|=2.52e-03 bin=0.004 S_flip=1.021 t=130s
[P925_h200_pad0.040] it  90 J=0.50181 A_min=0.4818 A_mean=0.5038 |g|=2.07e-03 bin=0.004 S_flip=1.021 t=132s
[P925_h200_pad0.040] it  91 J=0.50186 A_min=0.4819 A_mean=0.5039 |g|=2.14e-03 bin=0.004 S_flip=1.021 t=133s
[P925_h200_pad0.040] it  92 J=0.50190 A_min=0.4820 A_mean=0.5039 |g|=2.12e-03 bin=0.003 S_flip=1.021 t=135s
[P925_h200_pad0.040] it  93 J=0.50195 A_min=0.4820 A_mean=0.5040 |g|=1.81e-03 bin=0.003 S_flip=1.021 t=136s
[P925_h200_pad0.040] it  94 J=0.50198 A_min=0.4821 A_mean=0.5040 |g|=1.66e-03 bin=0.003 S_flip=1.021 t=138s
[P925_h200_pad0.040] it  95 J=0.50201 A_min=0.4821 A_mean=0.5040 |g|=1.67e-03 bin=0.003 S_flip=1.021 t=139s
[P925_h200_pad0.040] it  96 J=0.50204 A_min=0.4822 A_mean=0.5040 |g|=1.72e-03 bin=0.003 S_flip=1.021 t=140s
[P925_h200_pad0.040] it  97 J=0.50206 A_min=0.4822 A_mean=0.5041 |g|=1.83e-03 bin=0.002 S_flip=1.021 t=142s
[P925_h200_pad0.040] it  98 J=0.50209 A_min=0.4823 A_mean=0.5041 |g|=1.75e-03 bin=0.002 S_flip=1.021 t=144s
[P925_h200_pad0.040] it  99 J=0.50211 A_min=0.4823 A_mean=0.5041 |g|=1.55e-03 bin=0.002 S_flip=1.021 t=145s
[P925_h200_pad0.040] it 100 J=0.50212 A_min=0.4823 A_mean=0.5041 |g|=1.48e-03 bin=0.002 S_flip=1.022 t=147s
[P925_h200_pad0.040] it 101 J=0.50214 A_min=0.4823 A_mean=0.5041 |g|=1.48e-03 bin=0.002 S_flip=1.022 t=148s
[P925_h200_pad0.040] it 102 J=0.50215 A_min=0.4824 A_mean=0.5041 |g|=1.41e-03 bin=0.002 S_flip=1.022 t=150s
[P925_h200_pad0.040] it 103 J=0.50215 A_min=0.4824 A_mean=0.5041 |g|=1.28e-03 bin=0.002 S_flip=1.022 t=151s
[P925_h200_pad0.040] it 104 J=0.50216 A_min=0.4824 A_mean=0.5041 |g|=1.13e-03 bin=0.002 S_flip=1.022 t=152s
[P925_h200_pad0.040] it 105 J=0.50216 A_min=0.4824 A_mean=0.5041 |g|=1.04e-03 bin=0.002 S_flip=1.022 t=154s
[P925_h200_pad0.040] it 106 J=0.50217 A_min=0.4824 A_mean=0.5041 |g|=1.02e-03 bin=0.002 S_flip=1.022 t=155s
[P925_h200_pad0.040] it 107 J=0.50217 A_min=0.4824 A_mean=0.5041 |g|=1.03e-03 bin=0.002 S_flip=1.022 t=156s
[P925_h200_pad0.040] it 108 J=0.50217 A_min=0.4824 A_mean=0.5042 |g|=1.00e-03 bin=0.001 S_flip=1.022 t=158s
[P925_h200_pad0.040] it 109 J=0.50217 A_min=0.4824 A_mean=0.5042 |g|=9.50e-04 bin=0.001 S_flip=1.022 t=159s
[P925_h200_pad0.040] it 110 J=0.50217 A_min=0.4824 A_mean=0.5042 |g|=8.84e-04 bin=0.001 S_flip=1.022 t=161s
[P925_h200_pad0.040] it 111 J=0.50218 A_min=0.4824 A_mean=0.5042 |g|=8.28e-04 bin=0.001 S_flip=1.022 t=162s
[P925_h200_pad0.040] it 112 J=0.50218 A_min=0.4824 A_mean=0.5042 |g|=7.86e-04 bin=0.001 S_flip=1.022 t=164s
[P925_h200_pad0.040] it 113 J=0.50218 A_min=0.4824 A_mean=0.5042 |g|=7.61e-04 bin=0.001 S_flip=1.022 t=165s
[P925_h200_pad0.040] it 114 J=0.50218 A_min=0.4824 A_mean=0.5042 |g|=7.53e-04 bin=0.001 S_flip=1.022 t=166s
[P925_h200_pad0.040] it 115 J=0.50218 A_min=0.4825 A_mean=0.5042 |g|=7.65e-04 bin=0.001 S_flip=1.022 t=168s
[P925_h200_pad0.040] it 116 J=0.50218 A_min=0.4825 A_mean=0.5042 |g|=8.03e-04 bin=0.001 S_flip=1.022 t=169s
[P925_h200_pad0.040] it 117 J=0.50218 A_min=0.4825 A_mean=0.5042 |g|=8.68e-04 bin=0.001 S_flip=1.022 t=171s
[P925_h200_pad0.040] it 118 J=0.50218 A_min=0.4825 A_mean=0.5042 |g|=9.64e-04 bin=0.001 S_flip=1.022 t=172s
[P925_h200_pad0.040] it 119 J=0.50218 A_min=0.4825 A_mean=0.5042 |g|=1.09e-03 bin=0.001 S_flip=1.022 t=174s
[P925_h200_pad0.040] done: J_soft=0.50218 J_hard=0.50217 A_hard=[0.5126, 0.5173, 0.4825] S_flip=1.022 wall=176s
[P975_h200_pad0.040] it   0 J=0.28642 A_min=0.2828 A_mean=0.2865 |g|=2.53e-02 bin=0.164 S_flip=0.875 t=1s
[P975_h200_pad0.040] it   1 J=0.31624 A_min=0.3127 A_mean=0.3163 |g|=2.26e-02 bin=0.153 S_flip=0.908 t=3s
[P975_h200_pad0.040] it   2 J=0.34418 A_min=0.3379 A_mean=0.3444 |g|=2.67e-02 bin=0.143 S_flip=0.936 t=4s
[P975_h200_pad0.040] it   3 J=0.37799 A_min=0.3690 A_mean=0.3788 |g|=3.36e-02 bin=0.134 S_flip=0.969 t=6s
[P975_h200_pad0.040] it   4 J=0.41728 A_min=0.4016 A_mean=0.4222 |g|=3.11e-02 bin=0.126 S_flip=1.005 t=7s
[P975_h200_pad0.040] it   5 J=0.44677 A_min=0.4294 A_mean=0.4555 |g|=1.54e-02 bin=0.118 S_flip=1.038 t=8s
[P975_h200_pad0.040] it   6 J=0.44555 A_min=0.4100 A_mean=0.4569 |g|=2.49e-02 bin=0.112 S_flip=1.063 t=10s
[P975_h200_pad0.040] it   7 J=0.43205 A_min=0.3881 A_mean=0.4471 |g|=4.13e-02 bin=0.104 S_flip=1.073 t=11s
[P975_h200_pad0.040] it   8 J=0.43378 A_min=0.3924 A_mean=0.4461 |g|=3.76e-02 bin=0.096 S_flip=1.075 t=13s
[P975_h200_pad0.040] it   9 J=0.44262 A_min=0.4075 A_mean=0.4505 |g|=2.71e-02 bin=0.089 S_flip=1.074 t=14s
[P975_h200_pad0.040] it  10 J=0.45045 A_min=0.4207 A_mean=0.4556 |g|=1.57e-02 bin=0.083 S_flip=1.069 t=16s
[P975_h200_pad0.040] it  11 J=0.45416 A_min=0.4265 A_mean=0.4586 |g|=7.69e-03 bin=0.077 S_flip=1.063 t=17s
[P975_h200_pad0.040] it  12 J=0.45423 A_min=0.4262 A_mean=0.4590 |g|=7.51e-03 bin=0.072 S_flip=1.057 t=18s
[P975_h200_pad0.040] it  13 J=0.45256 A_min=0.4235 A_mean=0.4578 |g|=1.09e-02 bin=0.067 S_flip=1.052 t=20s
[P975_h200_pad0.040] it  14 J=0.45095 A_min=0.4212 A_mean=0.4565 |g|=1.33e-02 bin=0.063 S_flip=1.049 t=21s
[P975_h200_pad0.040] it  15 J=0.45043 A_min=0.4206 A_mean=0.4560 |g|=1.44e-02 bin=0.060 S_flip=1.048 t=23s
[P975_h200_pad0.040] it  16 J=0.45126 A_min=0.4217 A_mean=0.4568 |g|=1.42e-02 bin=0.056 S_flip=1.050 t=24s
[P975_h200_pad0.040] it  17 J=0.45323 A_min=0.4243 A_mean=0.4587 |g|=1.31e-02 bin=0.053 S_flip=1.053 t=26s
[P975_h200_pad0.040] it  18 J=0.45583 A_min=0.4278 A_mean=0.4612 |g|=1.12e-02 bin=0.050 S_flip=1.058 t=27s
[P975_h200_pad0.040] it  19 J=0.45851 A_min=0.4315 A_mean=0.4637 |g|=8.70e-03 bin=0.048 S_flip=1.064 t=29s
[P975_h200_pad0.040] it  20 J=0.46077 A_min=0.4346 A_mean=0.4657 |g|=5.80e-03 bin=0.045 S_flip=1.070 t=30s
[P975_h200_pad0.040] it  21 J=0.46225 A_min=0.4366 A_mean=0.4670 |g|=3.11e-03 bin=0.043 S_flip=1.076 t=32s
[P975_h200_pad0.040] it  22 J=0.46287 A_min=0.4374 A_mean=0.4674 |g|=2.91e-03 bin=0.041 S_flip=1.081 t=34s
[P975_h200_pad0.040] it  23 J=0.46280 A_min=0.4371 A_mean=0.4673 |g|=5.21e-03 bin=0.039 S_flip=1.086 t=35s
[P975_h200_pad0.040] it  24 J=0.46241 A_min=0.4364 A_mean=0.4669 |g|=7.38e-03 bin=0.037 S_flip=1.089 t=37s
[P975_h200_pad0.040] it  25 J=0.46213 A_min=0.4358 A_mean=0.4666 |g|=8.73e-03 bin=0.035 S_flip=1.092 t=38s
[P975_h200_pad0.040] it  26 J=0.46223 A_min=0.4360 A_mean=0.4667 |g|=9.11e-03 bin=0.033 S_flip=1.093 t=40s
[P975_h200_pad0.040] it  27 J=0.46277 A_min=0.4370 A_mean=0.4672 |g|=8.58e-03 bin=0.032 S_flip=1.092 t=41s
[P975_h200_pad0.040] it  28 J=0.46361 A_min=0.4385 A_mean=0.4680 |g|=7.32e-03 bin=0.030 S_flip=1.091 t=43s
[P975_h200_pad0.040] it  29 J=0.46450 A_min=0.4403 A_mean=0.4689 |g|=5.66e-03 bin=0.029 S_flip=1.089 t=44s
[P975_h200_pad0.040] it  30 J=0.46525 A_min=0.4420 A_mean=0.4697 |g|=3.97e-03 bin=0.028 S_flip=1.086 t=45s
[P975_h200_pad0.040] it  31 J=0.46576 A_min=0.4433 A_mean=0.4702 |g|=2.79e-03 bin=0.026 S_flip=1.084 t=47s
[P975_h200_pad0.040] it  32 J=0.46603 A_min=0.4443 A_mean=0.4705 |g|=2.67e-03 bin=0.025 S_flip=1.081 t=48s
[P975_h200_pad0.040] it  33 J=0.46616 A_min=0.4449 A_mean=0.4706 |g|=3.32e-03 bin=0.024 S_flip=1.079 t=49s
[P975_h200_pad0.040] it  34 J=0.46624 A_min=0.4453 A_mean=0.4706 |g|=4.03e-03 bin=0.023 S_flip=1.077 t=50s
[P975_h200_pad0.040] it  35 J=0.46637 A_min=0.4456 A_mean=0.4706 |g|=4.49e-03 bin=0.022 S_flip=1.076 t=51s
[P975_h200_pad0.040] it  36 J=0.46661 A_min=0.4459 A_mean=0.4707 |g|=4.64e-03 bin=0.021 S_flip=1.075 t=53s
[P975_h200_pad0.040] it  37 J=0.46696 A_min=0.4464 A_mean=0.4709 |g|=4.47e-03 bin=0.020 S_flip=1.075 t=54s
[P975_h200_pad0.040] it  38 J=0.46739 A_min=0.4468 A_mean=0.4712 |g|=4.02e-03 bin=0.019 S_flip=1.075 t=55s
[P975_h200_pad0.040] it  39 J=0.46785 A_min=0.4473 A_mean=0.4714 |g|=3.35e-03 bin=0.019 S_flip=1.076 t=56s
[P975_h200_pad0.040] it  40 J=0.46828 A_min=0.4477 A_mean=0.4717 |g|=2.57e-03 bin=0.018 S_flip=1.077 t=58s
[P975_h200_pad0.040] it  41 J=0.46864 A_min=0.4481 A_mean=0.4718 |g|=1.89e-03 bin=0.017 S_flip=1.078 t=59s
[P975_h200_pad0.040] it  42 J=0.46890 A_min=0.4484 A_mean=0.4719 |g|=1.67e-03 bin=0.017 S_flip=1.079 t=60s
[P975_h200_pad0.040] it  43 J=0.46906 A_min=0.4486 A_mean=0.4718 |g|=2.02e-03 bin=0.016 S_flip=1.080 t=61s
[P975_h200_pad0.040] it  44 J=0.46918 A_min=0.4488 A_mean=0.4718 |g|=2.56e-03 bin=0.015 S_flip=1.080 t=63s
[P975_h200_pad0.040] it  45 J=0.46928 A_min=0.4490 A_mean=0.4718 |g|=3.03e-03 bin=0.015 S_flip=1.080 t=64s
[P975_h200_pad0.040] it  46 J=0.46940 A_min=0.4493 A_mean=0.4718 |g|=3.31e-03 bin=0.014 S_flip=1.080 t=66s
[P975_h200_pad0.040] it  47 J=0.46957 A_min=0.4497 A_mean=0.4719 |g|=3.38e-03 bin=0.014 S_flip=1.079 t=67s
[P975_h200_pad0.040] it  48 J=0.46978 A_min=0.4501 A_mean=0.4720 |g|=3.25e-03 bin=0.013 S_flip=1.078 t=69s
[P975_h200_pad0.040] it  49 J=0.47004 A_min=0.4505 A_mean=0.4723 |g|=2.94e-03 bin=0.013 S_flip=1.077 t=70s
[P975_h200_pad0.040] it  50 J=0.47030 A_min=0.4510 A_mean=0.4725 |g|=2.51e-03 bin=0.012 S_flip=1.076 t=72s
[P975_h200_pad0.040] it  51 J=0.47055 A_min=0.4515 A_mean=0.4727 |g|=2.08e-03 bin=0.012 S_flip=1.075 t=73s
[P975_h200_pad0.040] it  52 J=0.47076 A_min=0.4519 A_mean=0.4730 |g|=1.82e-03 bin=0.011 S_flip=1.074 t=74s
[P975_h200_pad0.040] it  53 J=0.47092 A_min=0.4522 A_mean=0.4731 |g|=1.83e-03 bin=0.011 S_flip=1.073 t=76s
[P975_h200_pad0.040] it  54 J=0.47106 A_min=0.4525 A_mean=0.4732 |g|=2.04e-03 bin=0.010 S_flip=1.072 t=77s
[P975_h200_pad0.040] it  55 J=0.47118 A_min=0.4528 A_mean=0.4733 |g|=2.26e-03 bin=0.010 S_flip=1.071 t=79s
[P975_h200_pad0.040] it  56 J=0.47130 A_min=0.4531 A_mean=0.4735 |g|=2.40e-03 bin=0.009 S_flip=1.071 t=80s
[P975_h200_pad0.040] it  57 J=0.47144 A_min=0.4534 A_mean=0.4736 |g|=2.43e-03 bin=0.009 S_flip=1.071 t=82s
[P975_h200_pad0.040] it  58 J=0.47160 A_min=0.4537 A_mean=0.4737 |g|=2.35e-03 bin=0.009 S_flip=1.071 t=83s
[P975_h200_pad0.040] it  59 J=0.47177 A_min=0.4540 A_mean=0.4738 |g|=2.19e-03 bin=0.008 S_flip=1.072 t=85s
[P975_h200_pad0.040] it  60 J=0.47193 A_min=0.4543 A_mean=0.4740 |g|=1.98e-03 bin=0.008 S_flip=1.072 t=86s
[P975_h200_pad0.040] it  61 J=0.47209 A_min=0.4545 A_mean=0.4741 |g|=1.74e-03 bin=0.007 S_flip=1.073 t=88s
[P975_h200_pad0.040] it  62 J=0.47223 A_min=0.4548 A_mean=0.4742 |g|=1.53e-03 bin=0.007 S_flip=1.073 t=89s
[P975_h200_pad0.040] it  63 J=0.47235 A_min=0.4550 A_mean=0.4743 |g|=1.45e-03 bin=0.007 S_flip=1.074 t=91s
[P975_h200_pad0.040] it  64 J=0.47246 A_min=0.4551 A_mean=0.4744 |g|=1.54e-03 bin=0.006 S_flip=1.074 t=92s
[P975_h200_pad0.040] it  65 J=0.47256 A_min=0.4553 A_mean=0.4744 |g|=1.67e-03 bin=0.006 S_flip=1.075 t=94s
[P975_h200_pad0.040] it  66 J=0.47266 A_min=0.4555 A_mean=0.4745 |g|=1.79e-03 bin=0.006 S_flip=1.075 t=95s
[P975_h200_pad0.040] it  67 J=0.47276 A_min=0.4557 A_mean=0.4746 |g|=1.89e-03 bin=0.006 S_flip=1.075 t=97s
[P975_h200_pad0.040] it  68 J=0.47287 A_min=0.4559 A_mean=0.4747 |g|=1.95e-03 bin=0.006 S_flip=1.075 t=98s
[P975_h200_pad0.040] it  69 J=0.47298 A_min=0.4561 A_mean=0.4748 |g|=1.94e-03 bin=0.006 S_flip=1.075 t=100s
[P975_h200_pad0.040] it  70 J=0.47309 A_min=0.4563 A_mean=0.4749 |g|=1.91e-03 bin=0.005 S_flip=1.075 t=101s
[P975_h200_pad0.040] it  71 J=0.47320 A_min=0.4565 A_mean=0.4750 |g|=1.91e-03 bin=0.005 S_flip=1.075 t=103s
[P975_h200_pad0.040] it  72 J=0.47331 A_min=0.4567 A_mean=0.4752 |g|=1.91e-03 bin=0.005 S_flip=1.074 t=104s
[P975_h200_pad0.040] it  73 J=0.47342 A_min=0.4569 A_mean=0.4753 |g|=1.92e-03 bin=0.005 S_flip=1.074 t=106s
[P975_h200_pad0.040] it  74 J=0.47353 A_min=0.4572 A_mean=0.4754 |g|=1.96e-03 bin=0.005 S_flip=1.074 t=107s
[P975_h200_pad0.040] it  75 J=0.47364 A_min=0.4574 A_mean=0.4755 |g|=2.01e-03 bin=0.005 S_flip=1.074 t=109s
[P975_h200_pad0.040] it  76 J=0.47374 A_min=0.4576 A_mean=0.4756 |g|=2.05e-03 bin=0.004 S_flip=1.074 t=110s
[P975_h200_pad0.040] it  77 J=0.47385 A_min=0.4578 A_mean=0.4757 |g|=2.02e-03 bin=0.004 S_flip=1.074 t=112s
[P975_h200_pad0.040] it  78 J=0.47395 A_min=0.4579 A_mean=0.4757 |g|=1.91e-03 bin=0.004 S_flip=1.074 t=113s
[P975_h200_pad0.040] it  79 J=0.47404 A_min=0.4581 A_mean=0.4758 |g|=1.78e-03 bin=0.004 S_flip=1.074 t=115s
[P975_h200_pad0.040] it  80 J=0.47412 A_min=0.4582 A_mean=0.4759 |g|=1.69e-03 bin=0.003 S_flip=1.074 t=116s
[P975_h200_pad0.040] it  81 J=0.47420 A_min=0.4583 A_mean=0.4759 |g|=1.67e-03 bin=0.003 S_flip=1.074 t=117s
[P975_h200_pad0.040] it  82 J=0.47427 A_min=0.4584 A_mean=0.4760 |g|=1.72e-03 bin=0.003 S_flip=1.074 t=118s
[P975_h200_pad0.040] it  83 J=0.47433 A_min=0.4586 A_mean=0.4760 |g|=1.81e-03 bin=0.003 S_flip=1.073 t=120s
[P975_h200_pad0.040] it  84 J=0.47440 A_min=0.4587 A_mean=0.4761 |g|=1.97e-03 bin=0.003 S_flip=1.073 t=121s
[P975_h200_pad0.040] it  85 J=0.47447 A_min=0.4588 A_mean=0.4761 |g|=2.24e-03 bin=0.003 S_flip=1.073 t=122s
[P975_h200_pad0.040] it  86 J=0.47456 A_min=0.4589 A_mean=0.4762 |g|=2.58e-03 bin=0.003 S_flip=1.073 t=124s
[P975_h200_pad0.040] it  87 J=0.47465 A_min=0.4591 A_mean=0.4763 |g|=2.72e-03 bin=0.003 S_flip=1.073 t=125s
[P975_h200_pad0.040] it  88 J=0.47475 A_min=0.4592 A_mean=0.4764 |g|=2.52e-03 bin=0.003 S_flip=1.073 t=126s
[P975_h200_pad0.040] it  89 J=0.47483 A_min=0.4594 A_mean=0.4764 |g|=2.06e-03 bin=0.002 S_flip=1.073 t=128s
[P975_h200_pad0.040] it  90 J=0.47489 A_min=0.4595 A_mean=0.4765 |g|=1.74e-03 bin=0.002 S_flip=1.073 t=129s
[P975_h200_pad0.040] it  91 J=0.47494 A_min=0.4595 A_mean=0.4765 |g|=1.51e-03 bin=0.002 S_flip=1.073 t=130s
[P975_h200_pad0.040] it  92 J=0.47497 A_min=0.4596 A_mean=0.4765 |g|=1.44e-03 bin=0.001 S_flip=1.073 t=131s
[P975_h200_pad0.040] it  93 J=0.47500 A_min=0.4596 A_mean=0.4765 |g|=1.55e-03 bin=0.001 S_flip=1.073 t=133s
[P975_h200_pad0.040] it  94 J=0.47503 A_min=0.4597 A_mean=0.4766 |g|=1.64e-03 bin=0.001 S_flip=1.073 t=134s
[P975_h200_pad0.040] it  95 J=0.47506 A_min=0.4597 A_mean=0.4766 |g|=1.61e-03 bin=0.001 S_flip=1.072 t=135s
[P975_h200_pad0.040] it  96 J=0.47509 A_min=0.4598 A_mean=0.4766 |g|=1.58e-03 bin=0.001 S_flip=1.072 t=136s
[P975_h200_pad0.040] it  97 J=0.47512 A_min=0.4598 A_mean=0.4766 |g|=1.71e-03 bin=0.001 S_flip=1.072 t=138s
[P975_h200_pad0.040] it  98 J=0.47514 A_min=0.4598 A_mean=0.4766 |g|=1.93e-03 bin=0.001 S_flip=1.072 t=139s
[P975_h200_pad0.040] it  99 J=0.47516 A_min=0.4599 A_mean=0.4767 |g|=1.95e-03 bin=0.001 S_flip=1.072 t=140s
[P975_h200_pad0.040] it 100 J=0.47518 A_min=0.4599 A_mean=0.4767 |g|=1.71e-03 bin=0.001 S_flip=1.072 t=141s
[P975_h200_pad0.040] it 101 J=0.47520 A_min=0.4599 A_mean=0.4767 |g|=1.38e-03 bin=0.001 S_flip=1.072 t=143s
[P975_h200_pad0.040] it 102 J=0.47521 A_min=0.4600 A_mean=0.4767 |g|=1.22e-03 bin=0.001 S_flip=1.072 t=144s
[P975_h200_pad0.040] it 103 J=0.47522 A_min=0.4600 A_mean=0.4767 |g|=1.18e-03 bin=0.001 S_flip=1.072 t=146s
[P975_h200_pad0.040] it 104 J=0.47522 A_min=0.4600 A_mean=0.4767 |g|=1.17e-03 bin=0.001 S_flip=1.072 t=147s
[P975_h200_pad0.040] it 105 J=0.47523 A_min=0.4600 A_mean=0.4767 |g|=1.17e-03 bin=0.001 S_flip=1.072 t=148s
[P975_h200_pad0.040] it 106 J=0.47523 A_min=0.4600 A_mean=0.4767 |g|=1.18e-03 bin=0.001 S_flip=1.072 t=150s
[P975_h200_pad0.040] it 107 J=0.47524 A_min=0.4600 A_mean=0.4767 |g|=1.21e-03 bin=0.000 S_flip=1.072 t=151s
[P975_h200_pad0.040] it 108 J=0.47524 A_min=0.4600 A_mean=0.4767 |g|=1.25e-03 bin=0.000 S_flip=1.072 t=153s
[P975_h200_pad0.040] it 109 J=0.47524 A_min=0.4600 A_mean=0.4767 |g|=1.31e-03 bin=0.000 S_flip=1.072 t=154s
[P975_h200_pad0.040] it 110 J=0.47525 A_min=0.4600 A_mean=0.4767 |g|=1.37e-03 bin=0.000 S_flip=1.072 t=156s
[P975_h200_pad0.040] it 111 J=0.47525 A_min=0.4600 A_mean=0.4767 |g|=1.44e-03 bin=0.000 S_flip=1.072 t=157s
[P975_h200_pad0.040] it 112 J=0.47525 A_min=0.4600 A_mean=0.4767 |g|=1.51e-03 bin=0.000 S_flip=1.072 t=159s
[P975_h200_pad0.040] it 113 J=0.47525 A_min=0.4600 A_mean=0.4767 |g|=1.57e-03 bin=0.000 S_flip=1.072 t=160s
[P975_h200_pad0.040] it 114 J=0.47525 A_min=0.4600 A_mean=0.4767 |g|=1.64e-03 bin=0.000 S_flip=1.072 t=162s
[P975_h200_pad0.040] it 115 J=0.47525 A_min=0.4600 A_mean=0.4767 |g|=1.69e-03 bin=0.000 S_flip=1.072 t=163s
[P975_h200_pad0.040] it 116 J=0.47525 A_min=0.4600 A_mean=0.4768 |g|=1.75e-03 bin=0.000 S_flip=1.072 t=165s
[P975_h200_pad0.040] it 117 J=0.47525 A_min=0.4600 A_mean=0.4768 |g|=1.79e-03 bin=0.000 S_flip=1.072 t=166s
[P975_h200_pad0.040] it 118 J=0.47525 A_min=0.4600 A_mean=0.4768 |g|=1.84e-03 bin=0.000 S_flip=1.072 t=168s
[P975_h200_pad0.040] it 119 J=0.47525 A_min=0.4600 A_mean=0.4768 |g|=1.88e-03 bin=0.000 S_flip=1.072 t=169s
[P975_h200_pad0.040] done: J_soft=0.47525 J_hard=0.47524 A_hard=[0.4763, 0.4939, 0.46] S_flip=1.072 wall=172s
[P875_h200_pad0.040] it   0 J=0.26815 A_min=0.2259 A_mean=0.2954 |g|=5.31e-02 bin=0.168 S_flip=0.871 t=1s
[P875_h200_pad0.040] it   1 J=0.36345 A_min=0.3387 A_mean=0.3762 |g|=8.94e-02 bin=0.164 S_flip=0.814 t=3s
[P875_h200_pad0.040] it   2 J=0.43259 A_min=0.3951 A_mean=0.4465 |g|=2.30e-02 bin=0.160 S_flip=0.755 t=5s
[P875_h200_pad0.040] it   3 J=0.40201 A_min=0.3520 A_mean=0.4372 |g|=7.45e-02 bin=0.155 S_flip=0.713 t=6s
[P875_h200_pad0.040] it   4 J=0.39126 A_min=0.3401 A_mean=0.4293 |g|=7.82e-02 bin=0.147 S_flip=0.706 t=8s
[P875_h200_pad0.040] it   5 J=0.40512 A_min=0.3514 A_mean=0.4418 |g|=7.90e-02 bin=0.139 S_flip=0.719 t=9s
[P875_h200_pad0.040] it   6 J=0.43257 A_min=0.3786 A_mean=0.4648 |g|=6.66e-02 bin=0.130 S_flip=0.743 t=10s
[P875_h200_pad0.040] it   7 J=0.45265 A_min=0.4063 A_mean=0.4735 |g|=1.46e-02 bin=0.121 S_flip=0.773 t=12s
[P875_h200_pad0.040] it   8 J=0.44218 A_min=0.4066 A_mean=0.4586 |g|=6.00e-02 bin=0.112 S_flip=0.799 t=13s
[P875_h200_pad0.040] it   9 J=0.42956 A_min=0.3965 A_mean=0.4479 |g|=8.09e-02 bin=0.105 S_flip=0.812 t=15s
[P875_h200_pad0.040] it  10 J=0.43458 A_min=0.3994 A_mean=0.4536 |g|=7.72e-02 bin=0.100 S_flip=0.812 t=16s
[P875_h200_pad0.040] it  11 J=0.45004 A_min=0.4092 A_mean=0.4689 |g|=5.21e-02 bin=0.096 S_flip=0.804 t=18s
[P875_h200_pad0.040] it  12 J=0.45894 A_min=0.4110 A_mean=0.4799 |g|=7.63e-03 bin=0.092 S_flip=0.791 t=19s
[P875_h200_pad0.040] it  13 J=0.45391 A_min=0.4025 A_mean=0.4782 |g|=3.82e-02 bin=0.089 S_flip=0.781 t=20s
[P875_h200_pad0.040] it  14 J=0.44718 A_min=0.3955 A_mean=0.4723 |g|=5.59e-02 bin=0.085 S_flip=0.777 t=22s
[P875_h200_pad0.040] it  15 J=0.44745 A_min=0.3964 A_mean=0.4717 |g|=5.65e-02 bin=0.080 S_flip=0.781 t=23s
[P875_h200_pad0.040] it  16 J=0.45395 A_min=0.4039 A_mean=0.4762 |g|=4.33e-02 bin=0.076 S_flip=0.791 t=25s
[P875_h200_pad0.040] it  17 J=0.46069 A_min=0.4126 A_mean=0.4803 |g|=1.71e-02 bin=0.071 S_flip=0.803 t=26s
[P875_h200_pad0.040] it  18 J=0.46181 A_min=0.4159 A_mean=0.4799 |g|=1.69e-02 bin=0.066 S_flip=0.816 t=28s
[P875_h200_pad0.040] it  19 J=0.45827 A_min=0.4139 A_mean=0.4765 |g|=4.00e-02 bin=0.062 S_flip=0.826 t=29s
[P875_h200_pad0.040] it  20 J=0.45612 A_min=0.4121 A_mean=0.4746 |g|=4.85e-02 bin=0.059 S_flip=0.831 t=30s
[P875_h200_pad0.040] it  21 J=0.45825 A_min=0.4139 A_mean=0.4764 |g|=4.33e-02 bin=0.056 S_flip=0.832 t=32s
[P875_h200_pad0.040] it  22 J=0.46249 A_min=0.4175 A_mean=0.4798 |g|=2.69e-02 bin=0.054 S_flip=0.830 t=33s
[P875_h200_pad0.040] it  23 J=0.46484 A_min=0.4191 A_mean=0.4819 |g|=5.62e-03 bin=0.052 S_flip=0.827 t=35s
[P875_h200_pad0.040] it  24 J=0.46399 A_min=0.4176 A_mean=0.4814 |g|=1.80e-02 bin=0.050 S_flip=0.824 t=36s
[P875_h200_pad0.040] it  25 J=0.46224 A_min=0.4155 A_mean=0.4800 |g|=3.03e-02 bin=0.048 S_flip=0.823 t=37s
[P875_h200_pad0.040] it  26 J=0.46220 A_min=0.4155 A_mean=0.4799 |g|=3.26e-02 bin=0.046 S_flip=0.824 t=39s
[P875_h200_pad0.040] it  27 J=0.46420 A_min=0.4179 A_mean=0.4815 |g|=2.55e-02 bin=0.044 S_flip=0.829 t=40s
[P875_h200_pad0.040] it  28 J=0.46656 A_min=0.4209 A_mean=0.4833 |g|=1.14e-02 bin=0.042 S_flip=0.835 t=42s
[P875_h200_pad0.040] it  29 J=0.46745 A_min=0.4224 A_mean=0.4839 |g|=7.43e-03 bin=0.040 S_flip=0.841 t=43s
[P875_h200_pad0.040] it  30 J=0.46681 A_min=0.4222 A_mean=0.4833 |g|=2.10e-02 bin=0.038 S_flip=0.847 t=45s
[P875_h200_pad0.040] it  31 J=0.46620 A_min=0.4219 A_mean=0.4828 |g|=2.80e-02 bin=0.036 S_flip=0.851 t=46s
[P875_h200_pad0.040] it  32 J=0.46684 A_min=0.4226 A_mean=0.4833 |g|=2.66e-02 bin=0.035 S_flip=0.853 t=48s
[P875_h200_pad0.040] it  33 J=0.46837 A_min=0.4240 A_mean=0.4846 |g|=1.80e-02 bin=0.033 S_flip=0.853 t=49s
[P875_h200_pad0.040] it  34 J=0.46955 A_min=0.4249 A_mean=0.4856 |g|=5.59e-03 bin=0.032 S_flip=0.853 t=51s
[P875_h200_pad0.040] it  35 J=0.46970 A_min=0.4247 A_mean=0.4859 |g|=9.06e-03 bin=0.031 S_flip=0.852 t=52s
[P875_h200_pad0.040] it  36 J=0.46935 A_min=0.4241 A_mean=0.4857 |g|=1.77e-02 bin=0.029 S_flip=0.852 t=53s
[P875_h200_pad0.040] it  37 J=0.46945 A_min=0.4242 A_mean=0.4858 |g|=2.03e-02 bin=0.028 S_flip=0.854 t=55s
[P875_h200_pad0.040] it  38 J=0.47027 A_min=0.4254 A_mean=0.4864 |g|=1.64e-02 bin=0.027 S_flip=0.857 t=56s
[P875_h200_pad0.040] it  39 J=0.47129 A_min=0.4269 A_mean=0.4869 |g|=7.94e-03 bin=0.026 S_flip=0.861 t=58s
[P875_h200_pad0.040] it  40 J=0.47184 A_min=0.4281 A_mean=0.4871 |g|=4.49e-03 bin=0.025 S_flip=0.866 t=59s
[P875_h200_pad0.040] it  41 J=0.47186 A_min=0.4286 A_mean=0.4869 |g|=1.28e-02 bin=0.023 S_flip=0.870 t=61s
[P875_h200_pad0.040] it  42 J=0.47188 A_min=0.4289 A_mean=0.4867 |g|=1.74e-02 bin=0.022 S_flip=0.873 t=62s
[P875_h200_pad0.040] it  43 J=0.47234 A_min=0.4295 A_mean=0.4870 |g|=1.65e-02 bin=0.021 S_flip=0.875 t=64s
[P875_h200_pad0.040] it  44 J=0.47309 A_min=0.4303 A_mean=0.4876 |g|=1.09e-02 bin=0.020 S_flip=0.876 t=66s
[P875_h200_pad0.040] it  45 J=0.47369 A_min=0.4308 A_mean=0.4881 |g|=3.52e-03 bin=0.020 S_flip=0.876 t=67s
[P875_h200_pad0.040] it  46 J=0.47393 A_min=0.4308 A_mean=0.4883 |g|=6.50e-03 bin=0.019 S_flip=0.877 t=69s
[P875_h200_pad0.040] it  47 J=0.47401 A_min=0.4308 A_mean=0.4884 |g|=1.16e-02 bin=0.018 S_flip=0.878 t=70s
[P875_h200_pad0.040] it  48 J=0.47426 A_min=0.4312 A_mean=0.4885 |g|=1.29e-02 bin=0.017 S_flip=0.879 t=72s
[P875_h200_pad0.040] it  49 J=0.47476 A_min=0.4320 A_mean=0.4887 |g|=1.01e-02 bin=0.017 S_flip=0.882 t=73s
[P875_h200_pad0.040] it  50 J=0.47531 A_min=0.4330 A_mean=0.4889 |g|=4.73e-03 bin=0.016 S_flip=0.885 t=75s
[P875_h200_pad0.040] it  51 J=0.47568 A_min=0.4338 A_mean=0.4890 |g|=4.21e-03 bin=0.015 S_flip=0.888 t=76s
[P875_h200_pad0.040] it  52 J=0.47588 A_min=0.4344 A_mean=0.4890 |g|=9.05e-03 bin=0.015 S_flip=0.891 t=78s
[P875_h200_pad0.040] it  53 J=0.47610 A_min=0.4348 A_mean=0.4890 |g|=1.15e-02 bin=0.014 S_flip=0.893 t=79s
[P875_h200_pad0.040] it  54 J=0.47646 A_min=0.4354 A_mean=0.4892 |g|=1.09e-02 bin=0.013 S_flip=0.895 t=81s
[P875_h200_pad0.040] it  55 J=0.47689 A_min=0.4359 A_mean=0.4895 |g|=7.83e-03 bin=0.013 S_flip=0.896 t=82s
[P875_h200_pad0.040] it  56 J=0.47728 A_min=0.4362 A_mean=0.4898 |g|=3.89e-03 bin=0.012 S_flip=0.896 t=83s
[P875_h200_pad0.040] it  57 J=0.47755 A_min=0.4365 A_mean=0.4900 |g|=3.73e-03 bin=0.012 S_flip=0.897 t=85s
[P875_h200_pad0.040] it  58 J=0.47778 A_min=0.4367 A_mean=0.4902 |g|=6.43e-03 bin=0.012 S_flip=0.898 t=86s
[P875_h200_pad0.040] it  59 J=0.47805 A_min=0.4371 A_mean=0.4903 |g|=7.30e-03 bin=0.011 S_flip=0.899 t=88s
[P875_h200_pad0.040] it  60 J=0.47839 A_min=0.4377 A_mean=0.4905 |g|=5.76e-03 bin=0.011 S_flip=0.901 t=89s
[P875_h200_pad0.040] it  61 J=0.47873 A_min=0.4383 A_mean=0.4907 |g|=3.21e-03 bin=0.010 S_flip=0.903 t=91s
[P875_h200_pad0.040] it  62 J=0.47901 A_min=0.4388 A_mean=0.4908 |g|=4.12e-03 bin=0.010 S_flip=0.905 t=93s
[P875_h200_pad0.040] it  63 J=0.47924 A_min=0.4393 A_mean=0.4909 |g|=6.62e-03 bin=0.009 S_flip=0.906 t=94s
[P875_h200_pad0.040] it  64 J=0.47946 A_min=0.4396 A_mean=0.4911 |g|=7.44e-03 bin=0.009 S_flip=0.908 t=96s
[P875_h200_pad0.040] it  65 J=0.47971 A_min=0.4399 A_mean=0.4913 |g|=6.17e-03 bin=0.009 S_flip=0.909 t=97s
[P875_h200_pad0.040] it  66 J=0.47995 A_min=0.4401 A_mean=0.4915 |g|=3.71e-03 bin=0.008 S_flip=0.909 t=99s
[P875_h200_pad0.040] it  67 J=0.48015 A_min=0.4403 A_mean=0.4917 |g|=2.46e-03 bin=0.008 S_flip=0.910 t=101s
[P875_h200_pad0.040] it  68 J=0.48034 A_min=0.4405 A_mean=0.4919 |g|=3.61e-03 bin=0.008 S_flip=0.911 t=102s
[P875_h200_pad0.040] it  69 J=0.48055 A_min=0.4407 A_mean=0.4920 |g|=4.20e-03 bin=0.008 S_flip=0.912 t=104s
[P875_h200_pad0.040] it  70 J=0.48076 A_min=0.4411 A_mean=0.4922 |g|=3.55e-03 bin=0.007 S_flip=0.913 t=105s
[P875_h200_pad0.040] it  71 J=0.48095 A_min=0.4414 A_mean=0.4923 |g|=2.51e-03 bin=0.007 S_flip=0.914 t=106s
[P875_h200_pad0.040] it  72 J=0.48111 A_min=0.4417 A_mean=0.4924 |g|=2.34e-03 bin=0.006 S_flip=0.915 t=108s
[P875_h200_pad0.040] it  73 J=0.48126 A_min=0.4419 A_mean=0.4925 |g|=3.14e-03 bin=0.006 S_flip=0.916 t=109s
[P875_h200_pad0.040] it  74 J=0.48140 A_min=0.4422 A_mean=0.4925 |g|=3.67e-03 bin=0.006 S_flip=0.917 t=110s
[P875_h200_pad0.040] it  75 J=0.48153 A_min=0.4423 A_mean=0.4926 |g|=3.52e-03 bin=0.006 S_flip=0.918 t=112s
[P875_h200_pad0.040] it  76 J=0.48166 A_min=0.4425 A_mean=0.4927 |g|=3.02e-03 bin=0.005 S_flip=0.918 t=113s
[P875_h200_pad0.040] it  77 J=0.48179 A_min=0.4427 A_mean=0.4928 |g|=2.81e-03 bin=0.005 S_flip=0.919 t=115s
[P875_h200_pad0.040] it  78 J=0.48192 A_min=0.4428 A_mean=0.4929 |g|=2.87e-03 bin=0.005 S_flip=0.919 t=116s
[P875_h200_pad0.040] it  79 J=0.48206 A_min=0.4430 A_mean=0.4930 |g|=2.82e-03 bin=0.005 S_flip=0.919 t=118s
[P875_h200_pad0.040] it  80 J=0.48218 A_min=0.4432 A_mean=0.4931 |g|=2.82e-03 bin=0.005 S_flip=0.920 t=119s
[P875_h200_pad0.040] it  81 J=0.48230 A_min=0.4434 A_mean=0.4931 |g|=3.05e-03 bin=0.005 S_flip=0.920 t=120s
[P875_h200_pad0.040] it  82 J=0.48243 A_min=0.4436 A_mean=0.4932 |g|=3.35e-03 bin=0.005 S_flip=0.921 t=122s
[P875_h200_pad0.040] it  83 J=0.48256 A_min=0.4439 A_mean=0.4932 |g|=3.49e-03 bin=0.004 S_flip=0.921 t=123s
[P875_h200_pad0.040] it  84 J=0.48270 A_min=0.4442 A_mean=0.4932 |g|=3.66e-03 bin=0.004 S_flip=0.922 t=125s
[P875_h200_pad0.040] it  85 J=0.48284 A_min=0.4445 A_mean=0.4933 |g|=4.19e-03 bin=0.004 S_flip=0.922 t=126s
[P875_h200_pad0.040] it  86 J=0.48297 A_min=0.4447 A_mean=0.4933 |g|=4.55e-03 bin=0.004 S_flip=0.922 t=128s
[P875_h200_pad0.040] it  87 J=0.48309 A_min=0.4449 A_mean=0.4934 |g|=4.57e-03 bin=0.004 S_flip=0.923 t=129s
[P875_h200_pad0.040] it  88 J=0.48321 A_min=0.4451 A_mean=0.4934 |g|=4.40e-03 bin=0.004 S_flip=0.923 t=131s
[P875_h200_pad0.040] it  89 J=0.48332 A_min=0.4453 A_mean=0.4935 |g|=4.20e-03 bin=0.004 S_flip=0.923 t=132s
[P875_h200_pad0.040] it  90 J=0.48342 A_min=0.4454 A_mean=0.4936 |g|=3.81e-03 bin=0.003 S_flip=0.924 t=134s
[P875_h200_pad0.040] it  91 J=0.48351 A_min=0.4455 A_mean=0.4937 |g|=3.13e-03 bin=0.003 S_flip=0.924 t=135s
[P875_h200_pad0.040] it  92 J=0.48358 A_min=0.4455 A_mean=0.4938 |g|=2.33e-03 bin=0.003 S_flip=0.924 t=136s
[P875_h200_pad0.040] it  93 J=0.48363 A_min=0.4455 A_mean=0.4938 |g|=1.95e-03 bin=0.002 S_flip=0.924 t=138s
[P875_h200_pad0.040] it  94 J=0.48367 A_min=0.4455 A_mean=0.4939 |g|=2.09e-03 bin=0.002 S_flip=0.925 t=140s
[P875_h200_pad0.040] it  95 J=0.48370 A_min=0.4455 A_mean=0.4940 |g|=2.24e-03 bin=0.002 S_flip=0.925 t=141s
[P875_h200_pad0.040] it  96 J=0.48374 A_min=0.4455 A_mean=0.4940 |g|=2.34e-03 bin=0.002 S_flip=0.925 t=142s
[P875_h200_pad0.040] it  97 J=0.48376 A_min=0.4455 A_mean=0.4940 |g|=2.49e-03 bin=0.002 S_flip=0.925 t=144s
[P875_h200_pad0.040] it  98 J=0.48379 A_min=0.4455 A_mean=0.4941 |g|=2.63e-03 bin=0.002 S_flip=0.925 t=146s
[P875_h200_pad0.040] it  99 J=0.48382 A_min=0.4456 A_mean=0.4941 |g|=2.71e-03 bin=0.002 S_flip=0.925 t=147s
[P875_h200_pad0.040] it 100 J=0.48385 A_min=0.4456 A_mean=0.4941 |g|=2.70e-03 bin=0.002 S_flip=0.925 t=149s
[P875_h200_pad0.040] it 101 J=0.48388 A_min=0.4457 A_mean=0.4941 |g|=2.56e-03 bin=0.002 S_flip=0.926 t=150s
[P875_h200_pad0.040] it 102 J=0.48390 A_min=0.4457 A_mean=0.4941 |g|=2.40e-03 bin=0.002 S_flip=0.926 t=151s
[P875_h200_pad0.040] it 103 J=0.48393 A_min=0.4458 A_mean=0.4941 |g|=2.44e-03 bin=0.002 S_flip=0.926 t=153s
[P875_h200_pad0.040] it 104 J=0.48395 A_min=0.4458 A_mean=0.4942 |g|=2.67e-03 bin=0.002 S_flip=0.926 t=154s
[P875_h200_pad0.040] it 105 J=0.48397 A_min=0.4458 A_mean=0.4942 |g|=2.98e-03 bin=0.002 S_flip=0.926 t=156s
[P875_h200_pad0.040] it 106 J=0.48398 A_min=0.4459 A_mean=0.4942 |g|=3.26e-03 bin=0.002 S_flip=0.927 t=157s
[P875_h200_pad0.040] it 107 J=0.48400 A_min=0.4459 A_mean=0.4942 |g|=3.48e-03 bin=0.002 S_flip=0.927 t=159s
[P875_h200_pad0.040] it 108 J=0.48402 A_min=0.4459 A_mean=0.4942 |g|=3.62e-03 bin=0.001 S_flip=0.927 t=160s
[P875_h200_pad0.040] it 109 J=0.48403 A_min=0.4460 A_mean=0.4942 |g|=3.74e-03 bin=0.001 S_flip=0.927 t=162s
[P875_h200_pad0.040] it 110 J=0.48405 A_min=0.4460 A_mean=0.4942 |g|=3.82e-03 bin=0.001 S_flip=0.927 t=163s
[P875_h200_pad0.040] it 111 J=0.48406 A_min=0.4460 A_mean=0.4942 |g|=3.89e-03 bin=0.001 S_flip=0.927 t=165s
[P875_h200_pad0.040] it 112 J=0.48406 A_min=0.4460 A_mean=0.4942 |g|=3.92e-03 bin=0.001 S_flip=0.927 t=166s
[P875_h200_pad0.040] it 113 J=0.48407 A_min=0.4460 A_mean=0.4942 |g|=3.95e-03 bin=0.001 S_flip=0.927 t=168s
[P875_h200_pad0.040] it 114 J=0.48408 A_min=0.4460 A_mean=0.4943 |g|=3.96e-03 bin=0.001 S_flip=0.927 t=170s
[P875_h200_pad0.040] it 115 J=0.48408 A_min=0.4460 A_mean=0.4943 |g|=3.98e-03 bin=0.001 S_flip=0.927 t=171s
[P875_h200_pad0.040] it 116 J=0.48409 A_min=0.4460 A_mean=0.4943 |g|=4.01e-03 bin=0.001 S_flip=0.927 t=173s
[P875_h200_pad0.040] it 117 J=0.48409 A_min=0.4460 A_mean=0.4943 |g|=4.06e-03 bin=0.001 S_flip=0.927 t=174s
[P875_h200_pad0.040] it 118 J=0.48409 A_min=0.4460 A_mean=0.4943 |g|=4.12e-03 bin=0.001 S_flip=0.927 t=176s
[P875_h200_pad0.040] it 119 J=0.48409 A_min=0.4460 A_mean=0.4943 |g|=4.20e-03 bin=0.001 S_flip=0.927 t=177s
[P875_h200_pad0.040] done: J_soft=0.48409 J_hard=0.48411 A_hard=[0.5272, 0.51, 0.4459] S_flip=0.927 wall=179s
[P925_h220_pad0.040] it   0 J=0.37879 A_min=0.3605 A_mean=0.3807 |g|=6.81e-02 bin=0.166 S_flip=0.873 t=1s
[P925_h220_pad0.040] it   1 J=0.46753 A_min=0.4363 A_mean=0.4763 |g|=4.52e-02 bin=0.155 S_flip=0.933 t=3s
[P925_h220_pad0.040] it   2 J=0.46482 A_min=0.4166 A_mean=0.4848 |g|=5.84e-02 bin=0.147 S_flip=0.985 t=4s
[P925_h220_pad0.040] it   3 J=0.45052 A_min=0.4024 A_mean=0.4730 |g|=6.68e-02 bin=0.136 S_flip=0.995 t=6s
[P925_h220_pad0.040] it   4 J=0.46683 A_min=0.4234 A_mean=0.4827 |g|=4.94e-02 bin=0.127 S_flip=0.988 t=7s
[P925_h220_pad0.040] it   5 J=0.48299 A_min=0.4420 A_mean=0.4951 |g|=2.09e-02 bin=0.118 S_flip=0.974 t=9s
[P925_h220_pad0.040] it   6 J=0.48550 A_min=0.4436 A_mean=0.4985 |g|=9.87e-03 bin=0.111 S_flip=0.960 t=10s
[P925_h220_pad0.040] it   7 J=0.47983 A_min=0.4365 A_mean=0.4946 |g|=2.46e-02 bin=0.104 S_flip=0.949 t=12s
[P925_h220_pad0.040] it   8 J=0.47522 A_min=0.4313 A_mean=0.4907 |g|=3.07e-02 bin=0.098 S_flip=0.945 t=13s
[P925_h220_pad0.040] it   9 J=0.47518 A_min=0.4313 A_mean=0.4906 |g|=3.08e-02 bin=0.092 S_flip=0.946 t=15s
[P925_h220_pad0.040] it  10 J=0.47906 A_min=0.4357 A_mean=0.4940 |g|=2.67e-02 bin=0.087 S_flip=0.951 t=16s
[P925_h220_pad0.040] it  11 J=0.48447 A_min=0.4419 A_mean=0.4984 |g|=1.90e-02 bin=0.082 S_flip=0.958 t=18s
[P925_h220_pad0.040] it  12 J=0.48867 A_min=0.4472 A_mean=0.5013 |g|=9.00e-03 bin=0.077 S_flip=0.967 t=19s
[P925_h220_pad0.040] it  13 J=0.48995 A_min=0.4494 A_mean=0.5016 |g|=6.69e-03 bin=0.073 S_flip=0.976 t=21s
[P925_h220_pad0.040] it  14 J=0.48873 A_min=0.4487 A_mean=0.5001 |g|=1.54e-02 bin=0.069 S_flip=0.983 t=22s
[P925_h220_pad0.040] it  15 J=0.48711 A_min=0.4472 A_mean=0.4986 |g|=2.14e-02 bin=0.065 S_flip=0.988 t=24s
[P925_h220_pad0.040] it  16 J=0.48701 A_min=0.4470 A_mean=0.4986 |g|=2.30e-02 bin=0.062 S_flip=0.990 t=25s
[P925_h220_pad0.040] it  17 J=0.48879 A_min=0.4489 A_mean=0.5001 |g|=2.04e-02 bin=0.059 S_flip=0.990 t=26s
[P925_h220_pad0.040] it  18 J=0.49138 A_min=0.4519 A_mean=0.5022 |g|=1.44e-02 bin=0.056 S_flip=0.988 t=28s
[P925_h220_pad0.040] it  19 J=0.49333 A_min=0.4546 A_mean=0.5036 |g|=7.02e-03 bin=0.053 S_flip=0.985 t=29s
[P925_h220_pad0.040] it  20 J=0.49389 A_min=0.4562 A_mean=0.5038 |g|=4.03e-03 bin=0.051 S_flip=0.982 t=31s
[P925_h220_pad0.040] it  21 J=0.49339 A_min=0.4568 A_mean=0.5029 |g|=8.91e-03 bin=0.048 S_flip=0.980 t=32s
[P925_h220_pad0.040] it  22 J=0.49273 A_min=0.4570 A_mean=0.5020 |g|=1.26e-02 bin=0.046 S_flip=0.979 t=34s
[P925_h220_pad0.040] it  23 J=0.49269 A_min=0.4576 A_mean=0.5017 |g|=1.39e-02 bin=0.044 S_flip=0.979 t=35s
[P925_h220_pad0.040] it  24 J=0.49350 A_min=0.4586 A_mean=0.5022 |g|=1.28e-02 bin=0.042 S_flip=0.981 t=37s
[P925_h220_pad0.040] it  25 J=0.49485 A_min=0.4599 A_mean=0.5034 |g|=9.80e-03 bin=0.040 S_flip=0.984 t=38s
[P925_h220_pad0.040] it  26 J=0.49616 A_min=0.4611 A_mean=0.5046 |g|=5.68e-03 bin=0.039 S_flip=0.987 t=40s
[P925_h220_pad0.040] it  27 J=0.49695 A_min=0.4616 A_mean=0.5052 |g|=3.92e-03 bin=0.037 S_flip=0.991 t=41s
[P925_h220_pad0.040] it  28 J=0.49716 A_min=0.4616 A_mean=0.5054 |g|=7.28e-03 bin=0.035 S_flip=0.994 t=43s
[P925_h220_pad0.040] it  29 J=0.49713 A_min=0.4616 A_mean=0.5052 |g|=1.05e-02 bin=0.034 S_flip=0.997 t=44s
[P925_h220_pad0.040] it  30 J=0.49731 A_min=0.4620 A_mean=0.5053 |g|=1.20e-02 bin=0.032 S_flip=0.998 t=45s
[P925_h220_pad0.040] it  31 J=0.49792 A_min=0.4630 A_mean=0.5057 |g|=1.12e-02 bin=0.031 S_flip=0.999 t=47s
[P925_h220_pad0.040] it  32 J=0.49880 A_min=0.4643 A_mean=0.5063 |g|=8.68e-03 bin=0.030 S_flip=0.998 t=48s
[P925_h220_pad0.040] it  33 J=0.49962 A_min=0.4656 A_mean=0.5069 |g|=5.15e-03 bin=0.028 S_flip=0.997 t=50s
[P925_h220_pad0.040] it  34 J=0.50013 A_min=0.4665 A_mean=0.5072 |g|=2.83e-03 bin=0.027 S_flip=0.996 t=51s
[P925_h220_pad0.040] it  35 J=0.50034 A_min=0.4670 A_mean=0.5073 |g|=4.57e-03 bin=0.026 S_flip=0.995 t=52s
[P925_h220_pad0.040] it  36 J=0.50045 A_min=0.4674 A_mean=0.5074 |g|=6.77e-03 bin=0.025 S_flip=0.995 t=54s
[P925_h220_pad0.040] it  37 J=0.50068 A_min=0.4679 A_mean=0.5075 |g|=7.80e-03 bin=0.024 S_flip=0.995 t=55s
[P925_h220_pad0.040] it  38 J=0.50115 A_min=0.4687 A_mean=0.5077 |g|=7.44e-03 bin=0.024 S_flip=0.996 t=57s
[P925_h220_pad0.040] it  39 J=0.50177 A_min=0.4697 A_mean=0.5081 |g|=5.82e-03 bin=0.023 S_flip=0.998 t=58s
[P925_h220_pad0.040] it  40 J=0.50239 A_min=0.4707 A_mean=0.5085 |g|=3.61e-03 bin=0.022 S_flip=1.000 t=60s
[P925_h220_pad0.040] it  41 J=0.50284 A_min=0.4716 A_mean=0.5087 |g|=3.22e-03 bin=0.021 S_flip=1.002 t=61s
[P925_h220_pad0.040] it  42 J=0.50313 A_min=0.4723 A_mean=0.5088 |g|=5.33e-03 bin=0.020 S_flip=1.004 t=62s
[P925_h220_pad0.040] it  43 J=0.50337 A_min=0.4729 A_mean=0.5088 |g|=7.08e-03 bin=0.020 S_flip=1.006 t=64s
[P925_h220_pad0.040] it  44 J=0.50373 A_min=0.4737 A_mean=0.5090 |g|=7.45e-03 bin=0.019 S_flip=1.007 t=65s
[P925_h220_pad0.040] it  45 J=0.50421 A_min=0.4746 A_mean=0.5093 |g|=6.34e-03 bin=0.018 S_flip=1.007 t=66s
[P925_h220_pad0.040] it  46 J=0.50472 A_min=0.4755 A_mean=0.5097 |g|=4.20e-03 bin=0.018 S_flip=1.007 t=68s
[P925_h220_pad0.040] it  47 J=0.50512 A_min=0.4763 A_mean=0.5100 |g|=2.52e-03 bin=0.017 S_flip=1.007 t=69s
[P925_h220_pad0.040] it  48 J=0.50538 A_min=0.4769 A_mean=0.5101 |g|=3.57e-03 bin=0.016 S_flip=1.007 t=70s
[P925_h220_pad0.040] it  49 J=0.50561 A_min=0.4775 A_mean=0.5103 |g|=5.10e-03 bin=0.016 S_flip=1.007 t=72s
[P925_h220_pad0.040] it  50 J=0.50590 A_min=0.4782 A_mean=0.5104 |g|=5.52e-03 bin=0.015 S_flip=1.008 t=73s
[P925_h220_pad0.040] it  51 J=0.50629 A_min=0.4789 A_mean=0.5107 |g|=4.63e-03 bin=0.015 S_flip=1.009 t=74s
[P925_h220_pad0.040] it  52 J=0.50670 A_min=0.4797 A_mean=0.5109 |g|=3.09e-03 bin=0.014 S_flip=1.011 t=76s
[P925_h220_pad0.040] it  53 J=0.50704 A_min=0.4803 A_mean=0.5112 |g|=2.90e-03 bin=0.013 S_flip=1.012 t=77s
[P925_h220_pad0.040] it  54 J=0.50730 A_min=0.4808 A_mean=0.5113 |g|=4.52e-03 bin=0.013 S_flip=1.013 t=78s
[P925_h220_pad0.040] it  55 J=0.50754 A_min=0.4813 A_mean=0.5114 |g|=5.77e-03 bin=0.012 S_flip=1.014 t=80s
[P925_h220_pad0.040] it  56 J=0.50782 A_min=0.4819 A_mean=0.5116 |g|=5.82e-03 bin=0.011 S_flip=1.015 t=81s
[P925_h220_pad0.040] it  57 J=0.50813 A_min=0.4825 A_mean=0.5118 |g|=4.86e-03 bin=0.011 S_flip=1.015 t=83s
[P925_h220_pad0.040] it  58 J=0.50844 A_min=0.4831 A_mean=0.5121 |g|=3.56e-03 bin=0.010 S_flip=1.015 t=84s
[P925_h220_pad0.040] it  59 J=0.50871 A_min=0.4836 A_mean=0.5123 |g|=2.62e-03 bin=0.010 S_flip=1.015 t=86s
[P925_h220_pad0.040] it  60 J=0.50895 A_min=0.4841 A_mean=0.5124 |g|=2.48e-03 bin=0.009 S_flip=1.015 t=87s
[P925_h220_pad0.040] it  61 J=0.50916 A_min=0.4845 A_mean=0.5126 |g|=2.86e-03 bin=0.009 S_flip=1.015 t=89s
[P925_h220_pad0.040] it  62 J=0.50935 A_min=0.4849 A_mean=0.5127 |g|=3.28e-03 bin=0.009 S_flip=1.015 t=90s
[P925_h220_pad0.040] it  63 J=0.50954 A_min=0.4852 A_mean=0.5129 |g|=3.40e-03 bin=0.008 S_flip=1.016 t=92s
[P925_h220_pad0.040] it  64 J=0.50974 A_min=0.4855 A_mean=0.5130 |g|=3.06e-03 bin=0.008 S_flip=1.016 t=94s
[P925_h220_pad0.040] it  65 J=0.50995 A_min=0.4859 A_mean=0.5131 |g|=2.47e-03 bin=0.008 S_flip=1.016 t=95s
[P925_h220_pad0.040] it  66 J=0.51015 A_min=0.4862 A_mean=0.5133 |g|=2.18e-03 bin=0.008 S_flip=1.017 t=97s
[P925_h220_pad0.040] it  67 J=0.51034 A_min=0.4866 A_mean=0.5134 |g|=2.56e-03 bin=0.007 S_flip=1.018 t=98s
[P925_h220_pad0.040] it  68 J=0.51051 A_min=0.4869 A_mean=0.5135 |g|=3.00e-03 bin=0.007 S_flip=1.018 t=100s
[P925_h220_pad0.040] it  69 J=0.51069 A_min=0.4872 A_mean=0.5137 |g|=3.09e-03 bin=0.007 S_flip=1.019 t=101s
[P925_h220_pad0.040] it  70 J=0.51086 A_min=0.4876 A_mean=0.5138 |g|=2.92e-03 bin=0.007 S_flip=1.019 t=103s
[P925_h220_pad0.040] it  71 J=0.51105 A_min=0.4879 A_mean=0.5139 |g|=2.68e-03 bin=0.007 S_flip=1.019 t=104s
[P925_h220_pad0.040] it  72 J=0.51124 A_min=0.4883 A_mean=0.5141 |g|=2.43e-03 bin=0.007 S_flip=1.019 t=105s
[P925_h220_pad0.040] it  73 J=0.51142 A_min=0.4887 A_mean=0.5142 |g|=2.32e-03 bin=0.006 S_flip=1.020 t=107s
[P925_h220_pad0.040] it  74 J=0.51158 A_min=0.4890 A_mean=0.5143 |g|=2.57e-03 bin=0.006 S_flip=1.020 t=108s
[P925_h220_pad0.040] it  75 J=0.51174 A_min=0.4894 A_mean=0.5144 |g|=3.03e-03 bin=0.006 S_flip=1.021 t=110s
[P925_h220_pad0.040] it  76 J=0.51193 A_min=0.4898 A_mean=0.5145 |g|=3.23e-03 bin=0.006 S_flip=1.021 t=111s
[P925_h220_pad0.040] it  77 J=0.51210 A_min=0.4902 A_mean=0.5147 |g|=3.40e-03 bin=0.005 S_flip=1.021 t=113s
[P925_h220_pad0.040] it  78 J=0.51228 A_min=0.4906 A_mean=0.5148 |g|=3.50e-03 bin=0.005 S_flip=1.021 t=114s
[P925_h220_pad0.040] it  79 J=0.51245 A_min=0.4909 A_mean=0.5149 |g|=3.17e-03 bin=0.005 S_flip=1.021 t=115s
[P925_h220_pad0.040] it  80 J=0.51259 A_min=0.4912 A_mean=0.5150 |g|=2.95e-03 bin=0.005 S_flip=1.021 t=117s
[P925_h220_pad0.040] it  81 J=0.51273 A_min=0.4915 A_mean=0.5151 |g|=2.93e-03 bin=0.005 S_flip=1.021 t=118s
[P925_h220_pad0.040] it  82 J=0.51287 A_min=0.4918 A_mean=0.5153 |g|=2.77e-03 bin=0.004 S_flip=1.021 t=120s
[P925_h220_pad0.040] it  83 J=0.51300 A_min=0.4920 A_mean=0.5154 |g|=2.79e-03 bin=0.004 S_flip=1.021 t=121s
[P925_h220_pad0.040] it  84 J=0.51312 A_min=0.4923 A_mean=0.5154 |g|=2.92e-03 bin=0.004 S_flip=1.021 t=122s
[P925_h220_pad0.040] it  85 J=0.51323 A_min=0.4925 A_mean=0.5155 |g|=2.99e-03 bin=0.004 S_flip=1.021 t=124s
[P925_h220_pad0.040] it  86 J=0.51334 A_min=0.4927 A_mean=0.5156 |g|=2.84e-03 bin=0.004 S_flip=1.022 t=125s
[P925_h220_pad0.040] it  87 J=0.51345 A_min=0.4929 A_mean=0.5157 |g|=2.69e-03 bin=0.003 S_flip=1.022 t=127s
[P925_h220_pad0.040] it  88 J=0.51356 A_min=0.4931 A_mean=0.5158 |g|=2.49e-03 bin=0.003 S_flip=1.022 t=128s
[P925_h220_pad0.040] it  89 J=0.51366 A_min=0.4933 A_mean=0.5159 |g|=2.34e-03 bin=0.003 S_flip=1.022 t=130s
[P925_h220_pad0.040] it  90 J=0.51374 A_min=0.4934 A_mean=0.5159 |g|=2.27e-03 bin=0.003 S_flip=1.023 t=131s
[P925_h220_pad0.040] it  91 J=0.51380 A_min=0.4935 A_mean=0.5160 |g|=2.51e-03 bin=0.003 S_flip=1.023 t=132s
[P925_h220_pad0.040] it  92 J=0.51386 A_min=0.4936 A_mean=0.5160 |g|=2.90e-03 bin=0.003 S_flip=1.023 t=134s
[P925_h220_pad0.040] it  93 J=0.51391 A_min=0.4937 A_mean=0.5161 |g|=3.18e-03 bin=0.002 S_flip=1.024 t=135s
[P925_h220_pad0.040] it  94 J=0.51395 A_min=0.4938 A_mean=0.5161 |g|=3.28e-03 bin=0.002 S_flip=1.024 t=137s
[P925_h220_pad0.040] it  95 J=0.51400 A_min=0.4939 A_mean=0.5161 |g|=3.17e-03 bin=0.002 S_flip=1.024 t=138s
[P925_h220_pad0.040] it  96 J=0.51404 A_min=0.4940 A_mean=0.5162 |g|=2.82e-03 bin=0.002 S_flip=1.024 t=139s
[P925_h220_pad0.040] it  97 J=0.51408 A_min=0.4941 A_mean=0.5162 |g|=2.11e-03 bin=0.002 S_flip=1.023 t=141s
[P925_h220_pad0.040] it  98 J=0.51412 A_min=0.4941 A_mean=0.5162 |g|=1.75e-03 bin=0.002 S_flip=1.023 t=142s
[P925_h220_pad0.040] it  99 J=0.51414 A_min=0.4942 A_mean=0.5162 |g|=2.41e-03 bin=0.002 S_flip=1.023 t=144s
[P925_h220_pad0.040] it 100 J=0.51415 A_min=0.4943 A_mean=0.5163 |g|=3.20e-03 bin=0.002 S_flip=1.023 t=145s
[P925_h220_pad0.040] it 101 J=0.51417 A_min=0.4943 A_mean=0.5163 |g|=3.59e-03 bin=0.001 S_flip=1.023 t=147s
[P925_h220_pad0.040] it 102 J=0.51419 A_min=0.4943 A_mean=0.5163 |g|=3.54e-03 bin=0.001 S_flip=1.023 t=148s
[P925_h220_pad0.040] it 103 J=0.51420 A_min=0.4944 A_mean=0.5163 |g|=3.17e-03 bin=0.001 S_flip=1.023 t=150s
[P925_h220_pad0.040] it 104 J=0.51422 A_min=0.4944 A_mean=0.5163 |g|=2.58e-03 bin=0.001 S_flip=1.023 t=151s
[P925_h220_pad0.040] it 105 J=0.51423 A_min=0.4944 A_mean=0.5163 |g|=2.03e-03 bin=0.001 S_flip=1.023 t=152s
[P925_h220_pad0.040] it 106 J=0.51424 A_min=0.4944 A_mean=0.5163 |g|=1.77e-03 bin=0.001 S_flip=1.023 t=154s
[P925_h220_pad0.040] it 107 J=0.51425 A_min=0.4945 A_mean=0.5163 |g|=1.78e-03 bin=0.001 S_flip=1.024 t=155s
[P925_h220_pad0.040] it 108 J=0.51426 A_min=0.4945 A_mean=0.5163 |g|=1.79e-03 bin=0.001 S_flip=1.024 t=157s
[P925_h220_pad0.040] it 109 J=0.51426 A_min=0.4945 A_mean=0.5163 |g|=1.73e-03 bin=0.001 S_flip=1.024 t=158s
[P925_h220_pad0.040] it 110 J=0.51427 A_min=0.4945 A_mean=0.5163 |g|=1.67e-03 bin=0.001 S_flip=1.024 t=160s
[P925_h220_pad0.040] it 111 J=0.51427 A_min=0.4945 A_mean=0.5163 |g|=1.66e-03 bin=0.001 S_flip=1.024 t=161s
[P925_h220_pad0.040] it 112 J=0.51427 A_min=0.4945 A_mean=0.5163 |g|=1.68e-03 bin=0.001 S_flip=1.024 t=163s
[P925_h220_pad0.040] it 113 J=0.51428 A_min=0.4945 A_mean=0.5163 |g|=1.72e-03 bin=0.001 S_flip=1.024 t=164s
[P925_h220_pad0.040] it 114 J=0.51428 A_min=0.4945 A_mean=0.5163 |g|=1.75e-03 bin=0.001 S_flip=1.024 t=166s
[P925_h220_pad0.040] it 115 J=0.51428 A_min=0.4945 A_mean=0.5163 |g|=1.77e-03 bin=0.001 S_flip=1.024 t=167s
[P925_h220_pad0.040] it 116 J=0.51428 A_min=0.4945 A_mean=0.5163 |g|=1.78e-03 bin=0.001 S_flip=1.024 t=168s
[P925_h220_pad0.040] it 117 J=0.51428 A_min=0.4945 A_mean=0.5163 |g|=1.79e-03 bin=0.001 S_flip=1.024 t=170s
[P925_h220_pad0.040] it 118 J=0.51428 A_min=0.4945 A_mean=0.5163 |g|=1.79e-03 bin=0.001 S_flip=1.024 t=171s
[P925_h220_pad0.040] it 119 J=0.51428 A_min=0.4945 A_mean=0.5163 |g|=1.79e-03 bin=0.001 S_flip=1.024 t=173s
[P925_h220_pad0.040] done: J_soft=0.51428 J_hard=0.51427 A_hard=[0.5227, 0.5319, 0.4945] S_flip=1.024 wall=175s
[P925_h180_pad0.040] it   0 J=0.43387 A_min=0.3877 A_mean=0.4529 |g|=4.44e-02 bin=0.166 S_flip=0.873 t=1s
[P925_h180_pad0.040] it   1 J=0.41910 A_min=0.3712 A_mean=0.4383 |g|=5.86e-02 bin=0.162 S_flip=0.819 t=3s
[P925_h180_pad0.040] it   2 J=0.43256 A_min=0.3849 A_mean=0.4515 |g|=4.50e-02 bin=0.152 S_flip=0.836 t=4s
[P925_h180_pad0.040] it   3 J=0.44525 A_min=0.4002 A_mean=0.4613 |g|=7.70e-03 bin=0.142 S_flip=0.867 t=6s
[P925_h180_pad0.040] it   4 J=0.43506 A_min=0.3915 A_mean=0.4522 |g|=4.76e-02 bin=0.133 S_flip=0.890 t=7s
[P925_h180_pad0.040] it   5 J=0.43581 A_min=0.3929 A_mean=0.4525 |g|=4.77e-02 bin=0.125 S_flip=0.894 t=9s
[P925_h180_pad0.040] it   6 J=0.44538 A_min=0.4024 A_mean=0.4600 |g|=2.38e-02 bin=0.119 S_flip=0.886 t=10s
[P925_h180_pad0.040] it   7 J=0.44777 A_min=0.4036 A_mean=0.4627 |g|=1.12e-02 bin=0.114 S_flip=0.875 t=12s
[P925_h180_pad0.040] it   8 J=0.44358 A_min=0.3984 A_mean=0.4596 |g|=3.19e-02 bin=0.109 S_flip=0.869 t=13s
[P925_h180_pad0.040] it   9 J=0.44295 A_min=0.3980 A_mean=0.4588 |g|=3.54e-02 bin=0.104 S_flip=0.872 t=15s
[P925_h180_pad0.040] it  10 J=0.44728 A_min=0.4035 A_mean=0.4618 |g|=2.43e-02 bin=0.099 S_flip=0.881 t=16s
[P925_h180_pad0.040] it  11 J=0.45097 A_min=0.4089 A_mean=0.4639 |g|=4.44e-03 bin=0.093 S_flip=0.894 t=18s
[P925_h180_pad0.040] it  12 J=0.45005 A_min=0.4093 A_mean=0.4624 |g|=2.13e-02 bin=0.088 S_flip=0.907 t=19s
[P925_h180_pad0.040] it  13 J=0.44813 A_min=0.4079 A_mean=0.4606 |g|=3.27e-02 bin=0.083 S_flip=0.915 t=21s
[P925_h180_pad0.040] it  14 J=0.44960 A_min=0.4097 A_mean=0.4617 |g|=3.01e-02 bin=0.080 S_flip=0.917 t=22s
[P925_h180_pad0.040] it  15 J=0.45296 A_min=0.4131 A_mean=0.4644 |g|=1.60e-02 bin=0.077 S_flip=0.915 t=24s
[P925_h180_pad0.040] it  16 J=0.45427 A_min=0.4139 A_mean=0.4657 |g|=5.86e-03 bin=0.074 S_flip=0.912 t=25s
[P925_h180_pad0.040] it  17 J=0.45327 A_min=0.4124 A_mean=0.4652 |g|=2.03e-02 bin=0.071 S_flip=0.910 t=27s
[P925_h180_pad0.040] it  18 J=0.45308 A_min=0.4121 A_mean=0.4650 |g|=2.52e-02 bin=0.068 S_flip=0.912 t=28s
[P925_h180_pad0.040] it  19 J=0.45502 A_min=0.4148 A_mean=0.4663 |g|=1.88e-02 bin=0.065 S_flip=0.918 t=30s
[P925_h180_pad0.040] it  20 J=0.45713 A_min=0.4181 A_mean=0.4676 |g|=4.90e-03 bin=0.062 S_flip=0.926 t=31s
[P925_h180_pad0.040] it  21 J=0.45742 A_min=0.4192 A_mean=0.4675 |g|=1.38e-02 bin=0.059 S_flip=0.935 t=33s
[P925_h180_pad0.040] it  22 J=0.45698 A_min=0.4193 A_mean=0.4670 |g|=2.34e-02 bin=0.056 S_flip=0.941 t=34s
[P925_h180_pad0.040] it  23 J=0.45788 A_min=0.4204 A_mean=0.4677 |g|=2.22e-02 bin=0.053 S_flip=0.943 t=36s
[P925_h180_pad0.040] it  24 J=0.45969 A_min=0.4223 A_mean=0.4692 |g|=1.13e-02 bin=0.051 S_flip=0.944 t=37s
[P925_h180_pad0.040] it  25 J=0.46053 A_min=0.4227 A_mean=0.4702 |g|=5.94e-03 bin=0.049 S_flip=0.943 t=39s
[P925_h180_pad0.040] it  26 J=0.46034 A_min=0.4222 A_mean=0.4702 |g|=1.74e-02 bin=0.047 S_flip=0.943 t=40s
[P925_h180_pad0.040] it  27 J=0.46081 A_min=0.4228 A_mean=0.4705 |g|=1.94e-02 bin=0.045 S_flip=0.946 t=41s
[P925_h180_pad0.040] it  28 J=0.46223 A_min=0.4250 A_mean=0.4714 |g|=1.07e-02 bin=0.043 S_flip=0.951 t=43s
[P925_h180_pad0.040] it  29 J=0.46316 A_min=0.4269 A_mean=0.4718 |g|=5.39e-03 bin=0.041 S_flip=0.957 t=45s
[P925_h180_pad0.040] it  30 J=0.46319 A_min=0.4274 A_mean=0.4716 |g|=1.66e-02 bin=0.039 S_flip=0.962 t=46s
[P925_h180_pad0.040] it  31 J=0.46362 A_min=0.4282 A_mean=0.4719 |g|=1.89e-02 bin=0.037 S_flip=0.965 t=48s
[P925_h180_pad0.040] it  32 J=0.46478 A_min=0.4295 A_mean=0.4729 |g|=1.09e-02 bin=0.036 S_flip=0.965 t=49s
[P925_h180_pad0.040] it  33 J=0.46554 A_min=0.4300 A_mean=0.4737 |g|=4.44e-03 bin=0.035 S_flip=0.965 t=50s
[P925_h180_pad0.040] it  34 J=0.46565 A_min=0.4299 A_mean=0.4739 |g|=1.47e-02 bin=0.033 S_flip=0.965 t=52s
[P925_h180_pad0.040] it  35 J=0.46619 A_min=0.4307 A_mean=0.4743 |g|=1.51e-02 bin=0.032 S_flip=0.967 t=53s
[P925_h180_pad0.040] it  36 J=0.46717 A_min=0.4325 A_mean=0.4748 |g|=5.39e-03 bin=0.030 S_flip=0.971 t=54s
[P925_h180_pad0.040] it  37 J=0.46763 A_min=0.4337 A_mean=0.4749 |g|=9.21e-03 bin=0.029 S_flip=0.975 t=56s
[P925_h180_pad0.040] it  38 J=0.46781 A_min=0.4342 A_mean=0.4749 |g|=1.63e-02 bin=0.027 S_flip=0.978 t=57s
[P925_h180_pad0.040] it  39 J=0.46849 A_min=0.4351 A_mean=0.4754 |g|=1.25e-02 bin=0.026 S_flip=0.978 t=58s
[P925_h180_pad0.040] it  40 J=0.46918 A_min=0.4357 A_mean=0.4761 |g|=2.44e-03 bin=0.025 S_flip=0.978 t=60s
[P925_h180_pad0.040] it  41 J=0.46938 A_min=0.4357 A_mean=0.4764 |g|=1.19e-02 bin=0.025 S_flip=0.978 t=61s
[P925_h180_pad0.040] it  42 J=0.46975 A_min=0.4362 A_mean=0.4767 |g|=1.36e-02 bin=0.024 S_flip=0.979 t=63s
[P925_h180_pad0.040] it  43 J=0.47046 A_min=0.4376 A_mean=0.4771 |g|=4.51e-03 bin=0.023 S_flip=0.982 t=64s
[P925_h180_pad0.040] it  44 J=0.47083 A_min=0.4385 A_mean=0.4772 |g|=9.52e-03 bin=0.023 S_flip=0.985 t=65s
[P925_h180_pad0.040] it  45 J=0.47111 A_min=0.4391 A_mean=0.4773 |g|=1.49e-02 bin=0.022 S_flip=0.987 t=67s
[P925_h180_pad0.040] it  46 J=0.47176 A_min=0.4398 A_mean=0.4779 |g|=8.62e-03 bin=0.021 S_flip=0.987 t=68s
[P925_h180_pad0.040] it  47 J=0.47223 A_min=0.4401 A_mean=0.4785 |g|=5.32e-03 bin=0.021 S_flip=0.987 t=70s
[P925_h180_pad0.040] it  48 J=0.47249 A_min=0.4402 A_mean=0.4788 |g|=1.26e-02 bin=0.020 S_flip=0.987 t=71s
[P925_h180_pad0.040] it  49 J=0.47300 A_min=0.4411 A_mean=0.4791 |g|=8.15e-03 bin=0.019 S_flip=0.989 t=73s
[P925_h180_pad0.040] it  50 J=0.47342 A_min=0.4421 A_mean=0.4793 |g|=4.19e-03 bin=0.017 S_flip=0.992 t=74s
[P925_h180_pad0.040] it  51 J=0.47363 A_min=0.4426 A_mean=0.4794 |g|=1.11e-02 bin=0.016 S_flip=0.994 t=75s
[P925_h180_pad0.040] it  52 J=0.47398 A_min=0.4430 A_mean=0.4797 |g|=8.23e-03 bin=0.016 S_flip=0.995 t=77s
[P925_h180_pad0.040] it  53 J=0.47431 A_min=0.4432 A_mean=0.4801 |g|=2.91e-03 bin=0.015 S_flip=0.994 t=78s
[P925_h180_pad0.040] it  54 J=0.47452 A_min=0.4433 A_mean=0.4803 |g|=9.15e-03 bin=0.015 S_flip=0.995 t=80s
[P925_h180_pad0.040] it  55 J=0.47488 A_min=0.4440 A_mean=0.4805 |g|=5.01e-03 bin=0.015 S_flip=0.996 t=81s
[P925_h180_pad0.040] it  56 J=0.47520 A_min=0.4447 A_mean=0.4807 |g|=6.51e-03 bin=0.014 S_flip=0.997 t=83s
[P925_h180_pad0.040] it  57 J=0.47546 A_min=0.4453 A_mean=0.4808 |g|=1.02e-02 bin=0.014 S_flip=0.997 t=84s
[P925_h180_pad0.040] it  58 J=0.47583 A_min=0.4456 A_mean=0.4812 |g|=3.45e-03 bin=0.013 S_flip=0.997 t=86s
[P925_h180_pad0.040] it  59 J=0.47604 A_min=0.4457 A_mean=0.4815 |g|=8.03e-03 bin=0.012 S_flip=0.997 t=87s
[P925_h180_pad0.040] it  60 J=0.47625 A_min=0.4460 A_mean=0.4816 |g|=9.46e-03 bin=0.012 S_flip=0.997 t=89s
[P925_h180_pad0.040] it  61 J=0.47652 A_min=0.4466 A_mean=0.4817 |g|=1.78e-03 bin=0.011 S_flip=0.998 t=90s
[P925_h180_pad0.040] it  62 J=0.47665 A_min=0.4470 A_mean=0.4818 |g|=7.99e-03 bin=0.010 S_flip=1.000 t=92s
[P925_h180_pad0.040] it  63 J=0.47681 A_min=0.4472 A_mean=0.4819 |g|=7.84e-03 bin=0.010 S_flip=1.000 t=94s
[P925_h180_pad0.040] it  64 J=0.47701 A_min=0.4473 A_mean=0.4821 |g|=1.89e-03 bin=0.010 S_flip=1.000 t=95s
[P925_h180_pad0.040] it  65 J=0.47713 A_min=0.4473 A_mean=0.4823 |g|=8.33e-03 bin=0.010 S_flip=1.000 t=97s
[P925_h180_pad0.040] it  66 J=0.47732 A_min=0.4476 A_mean=0.4825 |g|=6.76e-03 bin=0.009 S_flip=1.001 t=98s
[P925_h180_pad0.040] it  67 J=0.47751 A_min=0.4480 A_mean=0.4826 |g|=2.99e-03 bin=0.009 S_flip=1.002 t=100s
[P925_h180_pad0.040] it  68 J=0.47761 A_min=0.4482 A_mean=0.4826 |g|=9.03e-03 bin=0.008 S_flip=1.003 t=101s
[P925_h180_pad0.040] it  69 J=0.47776 A_min=0.4484 A_mean=0.4827 |g|=6.55e-03 bin=0.008 S_flip=1.003 t=103s
[P925_h180_pad0.040] it  70 J=0.47791 A_min=0.4485 A_mean=0.4829 |g|=3.00e-03 bin=0.008 S_flip=1.002 t=104s
[P925_h180_pad0.040] it  71 J=0.47803 A_min=0.4486 A_mean=0.4830 |g|=6.89e-03 bin=0.008 S_flip=1.002 t=106s
[P925_h180_pad0.040] it  72 J=0.47820 A_min=0.4490 A_mean=0.4831 |g|=3.12e-03 bin=0.008 S_flip=1.002 t=107s
[P925_h180_pad0.040] it  73 J=0.47833 A_min=0.4494 A_mean=0.4832 |g|=5.00e-03 bin=0.008 S_flip=1.003 t=109s
[P925_h180_pad0.040] it  74 J=0.47846 A_min=0.4496 A_mean=0.4832 |g|=6.98e-03 bin=0.008 S_flip=1.003 t=110s
[P925_h180_pad0.040] it  75 J=0.47863 A_min=0.4498 A_mean=0.4834 |g|=2.94e-03 bin=0.008 S_flip=1.002 t=112s
[P925_h180_pad0.040] it  76 J=0.47877 A_min=0.4500 A_mean=0.4835 |g|=4.89e-03 bin=0.007 S_flip=1.002 t=113s
[P925_h180_pad0.040] it  77 J=0.47890 A_min=0.4502 A_mean=0.4836 |g|=5.83e-03 bin=0.007 S_flip=1.002 t=115s
[P925_h180_pad0.040] it  78 J=0.47903 A_min=0.4505 A_mean=0.4837 |g|=2.57e-03 bin=0.006 S_flip=1.002 t=116s
[P925_h180_pad0.040] it  79 J=0.47912 A_min=0.4508 A_mean=0.4837 |g|=3.10e-03 bin=0.006 S_flip=1.003 t=118s
[P925_h180_pad0.040] it  80 J=0.47920 A_min=0.4510 A_mean=0.4837 |g|=4.04e-03 bin=0.005 S_flip=1.003 t=119s
[P925_h180_pad0.040] it  81 J=0.47928 A_min=0.4510 A_mean=0.4838 |g|=1.94e-03 bin=0.005 S_flip=1.003 t=121s
[P925_h180_pad0.040] it  82 J=0.47934 A_min=0.4511 A_mean=0.4839 |g|=2.62e-03 bin=0.005 S_flip=1.003 t=122s
[P925_h180_pad0.040] it  83 J=0.47940 A_min=0.4512 A_mean=0.4839 |g|=4.09e-03 bin=0.005 S_flip=1.003 t=123s
[P925_h180_pad0.040] it  84 J=0.47946 A_min=0.4513 A_mean=0.4840 |g|=2.84e-03 bin=0.004 S_flip=1.004 t=125s
[P925_h180_pad0.040] it  85 J=0.47953 A_min=0.4515 A_mean=0.4840 |g|=1.98e-03 bin=0.004 S_flip=1.004 t=126s
[P925_h180_pad0.040] it  86 J=0.47958 A_min=0.4517 A_mean=0.4840 |g|=3.87e-03 bin=0.004 S_flip=1.004 t=128s
[P925_h180_pad0.040] it  87 J=0.47964 A_min=0.4517 A_mean=0.4840 |g|=3.39e-03 bin=0.004 S_flip=1.004 t=129s
[P925_h180_pad0.040] it  88 J=0.47968 A_min=0.4518 A_mean=0.4841 |g|=1.37e-03 bin=0.004 S_flip=1.004 t=131s
[P925_h180_pad0.040] it  89 J=0.47971 A_min=0.4518 A_mean=0.4841 |g|=1.87e-03 bin=0.003 S_flip=1.004 t=132s
[P925_h180_pad0.040] it  90 J=0.47974 A_min=0.4518 A_mean=0.4841 |g|=2.45e-03 bin=0.003 S_flip=1.004 t=134s
[P925_h180_pad0.040] it  91 J=0.47976 A_min=0.4519 A_mean=0.4842 |g|=1.77e-03 bin=0.003 S_flip=1.005 t=135s
[P925_h180_pad0.040] it  92 J=0.47979 A_min=0.4520 A_mean=0.4842 |g|=1.83e-03 bin=0.003 S_flip=1.005 t=137s
[P925_h180_pad0.040] it  93 J=0.47981 A_min=0.4520 A_mean=0.4842 |g|=3.04e-03 bin=0.003 S_flip=1.005 t=138s
[P925_h180_pad0.040] it  94 J=0.47983 A_min=0.4521 A_mean=0.4842 |g|=3.20e-03 bin=0.003 S_flip=1.005 t=140s
[P925_h180_pad0.040] it  95 J=0.47985 A_min=0.4521 A_mean=0.4842 |g|=2.23e-03 bin=0.003 S_flip=1.005 t=141s
[P925_h180_pad0.040] it  96 J=0.47987 A_min=0.4521 A_mean=0.4842 |g|=1.27e-03 bin=0.003 S_flip=1.005 t=143s
[P925_h180_pad0.040] it  97 J=0.47988 A_min=0.4520 A_mean=0.4843 |g|=1.60e-03 bin=0.003 S_flip=1.005 t=144s
[P925_h180_pad0.040] it  98 J=0.47989 A_min=0.4520 A_mean=0.4843 |g|=2.10e-03 bin=0.002 S_flip=1.005 t=146s
[P925_h180_pad0.040] it  99 J=0.47990 A_min=0.4521 A_mean=0.4843 |g|=2.12e-03 bin=0.002 S_flip=1.005 t=147s
[P925_h180_pad0.040] it 100 J=0.47991 A_min=0.4521 A_mean=0.4843 |g|=1.76e-03 bin=0.002 S_flip=1.006 t=149s
[P925_h180_pad0.040] it 101 J=0.47992 A_min=0.4521 A_mean=0.4843 |g|=1.34e-03 bin=0.002 S_flip=1.006 t=150s
[P925_h180_pad0.040] it 102 J=0.47993 A_min=0.4521 A_mean=0.4843 |g|=1.31e-03 bin=0.002 S_flip=1.006 t=152s
[P925_h180_pad0.040] it 103 J=0.47994 A_min=0.4522 A_mean=0.4843 |g|=1.65e-03 bin=0.002 S_flip=1.006 t=153s
[P925_h180_pad0.040] it 104 J=0.47994 A_min=0.4522 A_mean=0.4843 |g|=1.96e-03 bin=0.002 S_flip=1.006 t=155s
[P925_h180_pad0.040] it 105 J=0.47995 A_min=0.4522 A_mean=0.4843 |g|=2.06e-03 bin=0.002 S_flip=1.006 t=156s
[P925_h180_pad0.040] it 106 J=0.47996 A_min=0.4522 A_mean=0.4843 |g|=1.94e-03 bin=0.002 S_flip=1.006 t=158s
[P925_h180_pad0.040] it 107 J=0.47996 A_min=0.4522 A_mean=0.4843 |g|=1.72e-03 bin=0.002 S_flip=1.006 t=159s
[P925_h180_pad0.040] it 108 J=0.47997 A_min=0.4522 A_mean=0.4843 |g|=1.53e-03 bin=0.002 S_flip=1.006 t=161s
[P925_h180_pad0.040] it 109 J=0.47997 A_min=0.4522 A_mean=0.4843 |g|=1.47e-03 bin=0.002 S_flip=1.006 t=162s
[P925_h180_pad0.040] it 110 J=0.47997 A_min=0.4522 A_mean=0.4843 |g|=1.53e-03 bin=0.002 S_flip=1.006 t=163s
[P925_h180_pad0.040] it 111 J=0.47998 A_min=0.4522 A_mean=0.4843 |g|=1.66e-03 bin=0.002 S_flip=1.006 t=164s
[P925_h180_pad0.040] it 112 J=0.47998 A_min=0.4523 A_mean=0.4843 |g|=1.78e-03 bin=0.002 S_flip=1.006 t=166s
[P925_h180_pad0.040] it 113 J=0.47998 A_min=0.4523 A_mean=0.4843 |g|=1.87e-03 bin=0.001 S_flip=1.006 t=167s
[P925_h180_pad0.040] it 114 J=0.47998 A_min=0.4523 A_mean=0.4843 |g|=1.95e-03 bin=0.001 S_flip=1.006 t=169s
[P925_h180_pad0.040] it 115 J=0.47998 A_min=0.4523 A_mean=0.4843 |g|=2.01e-03 bin=0.001 S_flip=1.006 t=170s
[P925_h180_pad0.040] it 116 J=0.47999 A_min=0.4523 A_mean=0.4843 |g|=2.08e-03 bin=0.001 S_flip=1.006 t=172s
[P925_h180_pad0.040] it 117 J=0.47999 A_min=0.4523 A_mean=0.4843 |g|=2.16e-03 bin=0.001 S_flip=1.006 t=173s
[P925_h180_pad0.040] it 118 J=0.47999 A_min=0.4523 A_mean=0.4843 |g|=2.25e-03 bin=0.001 S_flip=1.006 t=175s
[P925_h180_pad0.040] it 119 J=0.47999 A_min=0.4523 A_mean=0.4843 |g|=2.36e-03 bin=0.001 S_flip=1.006 t=176s
[P925_h180_pad0.040] done: J_soft=0.47999 J_hard=0.47999 A_hard=[0.5028, 0.498, 0.4522] S_flip=1.006 wall=179s
[P925_h200_pad0.070] it   0 J=0.43414 A_min=0.3925 A_mean=0.4501 |g|=2.17e-02 bin=0.152 S_flip=0.874 t=2s
[P925_h200_pad0.070] it   1 J=0.42576 A_min=0.3850 A_mean=0.4459 |g|=5.55e-02 bin=0.148 S_flip=0.832 t=3s
[P925_h200_pad0.070] it   2 J=0.44985 A_min=0.4062 A_mean=0.4664 |g|=2.18e-02 bin=0.138 S_flip=0.859 t=5s
[P925_h200_pad0.070] it   3 J=0.45063 A_min=0.4033 A_mean=0.4700 |g|=3.59e-02 bin=0.128 S_flip=0.886 t=6s
[P925_h200_pad0.070] it   4 J=0.45067 A_min=0.4022 A_mean=0.4711 |g|=4.37e-02 bin=0.121 S_flip=0.890 t=8s
[P925_h200_pad0.070] it   5 J=0.46000 A_min=0.4138 A_mean=0.4771 |g|=2.20e-02 bin=0.115 S_flip=0.879 t=10s
[P925_h200_pad0.070] it   6 J=0.46230 A_min=0.4192 A_mean=0.4764 |g|=1.09e-02 bin=0.110 S_flip=0.865 t=11s
[P925_h200_pad0.070] it   7 J=0.45920 A_min=0.4175 A_mean=0.4722 |g|=2.73e-02 bin=0.105 S_flip=0.857 t=13s
[P925_h200_pad0.070] it   8 J=0.46029 A_min=0.4188 A_mean=0.4733 |g|=2.67e-02 bin=0.099 S_flip=0.860 t=14s
[P925_h200_pad0.070] it   9 J=0.46458 A_min=0.4228 A_mean=0.4779 |g|=1.37e-02 bin=0.093 S_flip=0.869 t=16s
[P925_h200_pad0.070] it  10 J=0.46667 A_min=0.4244 A_mean=0.4800 |g|=8.68e-03 bin=0.088 S_flip=0.880 t=17s
[P925_h200_pad0.070] it  11 J=0.46563 A_min=0.4232 A_mean=0.4789 |g|=2.30e-02 bin=0.083 S_flip=0.889 t=19s
[P925_h200_pad0.070] it  12 J=0.46568 A_min=0.4238 A_mean=0.4784 |g|=2.69e-02 bin=0.078 S_flip=0.893 t=20s
[P925_h200_pad0.070] it  13 J=0.46827 A_min=0.4273 A_mean=0.4802 |g|=1.93e-02 bin=0.075 S_flip=0.892 t=22s
[P925_h200_pad0.070] it  14 J=0.47060 A_min=0.4300 A_mean=0.4822 |g|=5.49e-03 bin=0.071 S_flip=0.890 t=23s
[P925_h200_pad0.070] it  15 J=0.47072 A_min=0.4299 A_mean=0.4828 |g|=1.21e-02 bin=0.068 S_flip=0.887 t=25s
[P925_h200_pad0.070] it  16 J=0.47029 A_min=0.4292 A_mean=0.4826 |g|=2.03e-02 bin=0.065 S_flip=0.887 t=26s
[P925_h200_pad0.070] it  17 J=0.47144 A_min=0.4308 A_mean=0.4833 |g|=1.90e-02 bin=0.062 S_flip=0.890 t=27s
[P925_h200_pad0.070] it  18 J=0.47357 A_min=0.4342 A_mean=0.4843 |g|=9.40e-03 bin=0.059 S_flip=0.896 t=29s
[P925_h200_pad0.070] it  19 J=0.47472 A_min=0.4368 A_mean=0.4844 |g|=6.71e-03 bin=0.056 S_flip=0.904 t=30s
[P925_h200_pad0.070] it  20 J=0.47474 A_min=0.4377 A_mean=0.4838 |g|=1.65e-02 bin=0.054 S_flip=0.909 t=32s
[P925_h200_pad0.070] it  21 J=0.47536 A_min=0.4389 A_mean=0.4841 |g|=1.89e-02 bin=0.051 S_flip=0.913 t=33s
[P925_h200_pad0.070] it  22 J=0.47704 A_min=0.4407 A_mean=0.4856 |g|=1.25e-02 bin=0.049 S_flip=0.913 t=35s
[P925_h200_pad0.070] it  23 J=0.47841 A_min=0.4421 A_mean=0.4870 |g|=3.53e-03 bin=0.047 S_flip=0.913 t=36s
[P925_h200_pad0.070] it  24 J=0.47877 A_min=0.4423 A_mean=0.4875 |g|=1.16e-02 bin=0.045 S_flip=0.913 t=38s
[P925_h200_pad0.070] it  25 J=0.47920 A_min=0.4430 A_mean=0.4878 |g|=1.56e-02 bin=0.043 S_flip=0.914 t=39s
[P925_h200_pad0.070] it  26 J=0.48045 A_min=0.4451 A_mean=0.4885 |g|=1.09e-02 bin=0.041 S_flip=0.918 t=41s
[P925_h200_pad0.070] it  27 J=0.48162 A_min=0.4472 A_mean=0.4891 |g|=3.11e-03 bin=0.039 S_flip=0.923 t=42s
[P925_h200_pad0.070] it  28 J=0.48203 A_min=0.4482 A_mean=0.4892 |g|=1.13e-02 bin=0.037 S_flip=0.927 t=44s
[P925_h200_pad0.070] it  29 J=0.48243 A_min=0.4489 A_mean=0.4893 |g|=1.53e-02 bin=0.035 S_flip=0.930 t=45s
[P925_h200_pad0.070] it  30 J=0.48342 A_min=0.4503 A_mean=0.4901 |g|=1.10e-02 bin=0.034 S_flip=0.931 t=46s
[P925_h200_pad0.070] it  31 J=0.48432 A_min=0.4516 A_mean=0.4909 |g|=2.88e-03 bin=0.033 S_flip=0.931 t=48s
[P925_h200_pad0.070] it  32 J=0.48466 A_min=0.4521 A_mean=0.4911 |g|=9.70e-03 bin=0.031 S_flip=0.930 t=49s
[P925_h200_pad0.070] it  33 J=0.48513 A_min=0.4528 A_mean=0.4915 |g|=1.22e-02 bin=0.030 S_flip=0.932 t=51s
[P925_h200_pad0.070] it  34 J=0.48602 A_min=0.4543 A_mean=0.4921 |g|=6.32e-03 bin=0.029 S_flip=0.934 t=52s
[P925_h200_pad0.070] it  35 J=0.48666 A_min=0.4554 A_mean=0.4925 |g|=5.12e-03 bin=0.027 S_flip=0.937 t=54s
[P925_h200_pad0.070] it  36 J=0.48696 A_min=0.4560 A_mean=0.4926 |g|=1.16e-02 bin=0.026 S_flip=0.940 t=55s
[P925_h200_pad0.070] it  37 J=0.48754 A_min=0.4570 A_mean=0.4930 |g|=1.04e-02 bin=0.025 S_flip=0.941 t=57s
[P925_h200_pad0.070] it  38 J=0.48823 A_min=0.4579 A_mean=0.4936 |g|=3.09e-03 bin=0.024 S_flip=0.940 t=58s
[P925_h200_pad0.070] it  39 J=0.48859 A_min=0.4584 A_mean=0.4939 |g|=7.42e-03 bin=0.023 S_flip=0.940 t=60s
[P925_h200_pad0.070] it  40 J=0.48895 A_min=0.4589 A_mean=0.4942 |g|=9.99e-03 bin=0.023 S_flip=0.940 t=61s
[P925_h200_pad0.070] it  41 J=0.48954 A_min=0.4600 A_mean=0.4946 |g|=4.58e-03 bin=0.022 S_flip=0.942 t=63s
[P925_h200_pad0.070] it  42 J=0.48994 A_min=0.4608 A_mean=0.4948 |g|=5.51e-03 bin=0.021 S_flip=0.944 t=64s
[P925_h200_pad0.070] it  43 J=0.49021 A_min=0.4614 A_mean=0.4949 |g|=9.75e-03 bin=0.020 S_flip=0.945 t=65s
[P925_h200_pad0.070] it  44 J=0.49068 A_min=0.4621 A_mean=0.4953 |g|=6.24e-03 bin=0.019 S_flip=0.945 t=67s
[P925_h200_pad0.070] it  45 J=0.49109 A_min=0.4626 A_mean=0.4957 |g|=3.34e-03 bin=0.019 S_flip=0.944 t=68s
[P925_h200_pad0.070] it  46 J=0.49136 A_min=0.4629 A_mean=0.4959 |g|=8.17e-03 bin=0.018 S_flip=0.944 t=70s
[P925_h200_pad0.070] it  47 J=0.49174 A_min=0.4636 A_mean=0.4962 |g|=6.10e-03 bin=0.017 S_flip=0.944 t=71s
[P925_h200_pad0.070] it  48 J=0.49210 A_min=0.4644 A_mean=0.4964 |g|=2.13e-03 bin=0.016 S_flip=0.946 t=72s
[P925_h200_pad0.070] it  49 J=0.49232 A_min=0.4649 A_mean=0.4965 |g|=6.82e-03 bin=0.016 S_flip=0.947 t=74s
[P925_h200_pad0.070] it  50 J=0.49262 A_min=0.4654 A_mean=0.4968 |g|=6.38e-03 bin=0.015 S_flip=0.947 t=75s
[P925_h200_pad0.070] it  51 J=0.49295 A_min=0.4658 A_mean=0.4971 |g|=1.98e-03 bin=0.015 S_flip=0.946 t=77s
[P925_h200_pad0.070] it  52 J=0.49320 A_min=0.4661 A_mean=0.4973 |g|=5.38e-03 bin=0.014 S_flip=0.946 t=78s
[P925_h200_pad0.070] it  53 J=0.49351 A_min=0.4667 A_mean=0.4975 |g|=4.79e-03 bin=0.014 S_flip=0.946 t=79s
[P925_h200_pad0.070] it  54 J=0.49385 A_min=0.4673 A_mean=0.4977 |g|=2.81e-03 bin=0.013 S_flip=0.946 t=81s
[P925_h200_pad0.070] it  55 J=0.49412 A_min=0.4679 A_mean=0.4979 |g|=5.47e-03 bin=0.013 S_flip=0.947 t=82s
[P925_h200_pad0.070] it  56 J=0.49441 A_min=0.4682 A_mean=0.4982 |g|=2.65e-03 bin=0.012 S_flip=0.947 t=84s
[P925_h200_pad0.070] it  57 J=0.49464 A_min=0.4684 A_mean=0.4984 |g|=4.06e-03 bin=0.011 S_flip=0.947 t=85s
[P925_h200_pad0.070] it  58 J=0.49485 A_min=0.4687 A_mean=0.4986 |g|=5.13e-03 bin=0.011 S_flip=0.947 t=87s
[P925_h200_pad0.070] it  59 J=0.49508 A_min=0.4691 A_mean=0.4988 |g|=1.64e-03 bin=0.010 S_flip=0.948 t=88s
[P925_h200_pad0.070] it  60 J=0.49523 A_min=0.4694 A_mean=0.4989 |g|=4.74e-03 bin=0.009 S_flip=0.949 t=90s
[P925_h200_pad0.070] it  61 J=0.49536 A_min=0.4696 A_mean=0.4990 |g|=5.38e-03 bin=0.009 S_flip=0.950 t=91s
[P925_h200_pad0.070] it  62 J=0.49552 A_min=0.4697 A_mean=0.4992 |g|=1.94e-03 bin=0.009 S_flip=0.950 t=92s
[P925_h200_pad0.070] it  63 J=0.49564 A_min=0.4698 A_mean=0.4993 |g|=3.46e-03 bin=0.009 S_flip=0.949 t=94s
[P925_h200_pad0.070] it  64 J=0.49578 A_min=0.4700 A_mean=0.4994 |g|=3.49e-03 bin=0.008 S_flip=0.949 t=95s
[P925_h200_pad0.070] it  65 J=0.49592 A_min=0.4703 A_mean=0.4995 |g|=1.70e-03 bin=0.008 S_flip=0.950 t=97s
[P925_h200_pad0.070] it  66 J=0.49604 A_min=0.4705 A_mean=0.4996 |g|=4.33e-03 bin=0.008 S_flip=0.950 t=98s
[P925_h200_pad0.070] it  67 J=0.49618 A_min=0.4707 A_mean=0.4997 |g|=3.49e-03 bin=0.008 S_flip=0.950 t=99s
[P925_h200_pad0.070] it  68 J=0.49633 A_min=0.4708 A_mean=0.4999 |g|=2.42e-03 bin=0.008 S_flip=0.949 t=101s
[P925_h200_pad0.070] it  69 J=0.49646 A_min=0.4709 A_mean=0.5000 |g|=4.93e-03 bin=0.007 S_flip=0.949 t=102s
[P925_h200_pad0.070] it  70 J=0.49659 A_min=0.4711 A_mean=0.5001 |g|=3.82e-03 bin=0.007 S_flip=0.950 t=104s
[P925_h200_pad0.070] it  71 J=0.49670 A_min=0.4714 A_mean=0.5002 |g|=1.67e-03 bin=0.006 S_flip=0.950 t=105s
[P925_h200_pad0.070] it  72 J=0.49679 A_min=0.4715 A_mean=0.5002 |g|=3.26e-03 bin=0.006 S_flip=0.951 t=107s
[P925_h200_pad0.070] it  73 J=0.49688 A_min=0.4716 A_mean=0.5003 |g|=2.22e-03 bin=0.006 S_flip=0.951 t=108s
[P925_h200_pad0.070] it  74 J=0.49695 A_min=0.4716 A_mean=0.5004 |g|=1.41e-03 bin=0.005 S_flip=0.951 t=110s
[P925_h200_pad0.070] it  75 J=0.49701 A_min=0.4717 A_mean=0.5005 |g|=2.18e-03 bin=0.005 S_flip=0.951 t=112s
[P925_h200_pad0.070] it  76 J=0.49707 A_min=0.4717 A_mean=0.5005 |g|=1.48e-03 bin=0.005 S_flip=0.951 t=114s
[P925_h200_pad0.070] it  77 J=0.49712 A_min=0.4718 A_mean=0.5006 |g|=1.57e-03 bin=0.005 S_flip=0.952 t=115s
[P925_h200_pad0.070] it  78 J=0.49717 A_min=0.4719 A_mean=0.5006 |g|=2.07e-03 bin=0.004 S_flip=0.952 t=117s
[P925_h200_pad0.070] it  79 J=0.49721 A_min=0.4719 A_mean=0.5007 |g|=1.45e-03 bin=0.004 S_flip=0.952 t=118s
[P925_h200_pad0.070] it  80 J=0.49725 A_min=0.4719 A_mean=0.5007 |g|=1.08e-03 bin=0.004 S_flip=0.952 t=120s
[P925_h200_pad0.070] it  81 J=0.49728 A_min=0.4720 A_mean=0.5008 |g|=1.36e-03 bin=0.003 S_flip=0.952 t=121s
[P925_h200_pad0.070] it  82 J=0.49731 A_min=0.4720 A_mean=0.5008 |g|=1.18e-03 bin=0.003 S_flip=0.952 t=123s
[P925_h200_pad0.070] it  83 J=0.49734 A_min=0.4720 A_mean=0.5008 |g|=8.98e-04 bin=0.003 S_flip=0.953 t=124s
[P925_h200_pad0.070] it  84 J=0.49736 A_min=0.4720 A_mean=0.5008 |g|=1.01e-03 bin=0.003 S_flip=0.953 t=126s
[P925_h200_pad0.070] it  85 J=0.49738 A_min=0.4721 A_mean=0.5009 |g|=1.15e-03 bin=0.003 S_flip=0.953 t=127s
[P925_h200_pad0.070] it  86 J=0.49740 A_min=0.4721 A_mean=0.5009 |g|=1.12e-03 bin=0.003 S_flip=0.953 t=129s
[P925_h200_pad0.070] it  87 J=0.49743 A_min=0.4721 A_mean=0.5009 |g|=9.85e-04 bin=0.003 S_flip=0.953 t=131s
[P925_h200_pad0.070] it  88 J=0.49744 A_min=0.4721 A_mean=0.5009 |g|=8.65e-04 bin=0.003 S_flip=0.954 t=132s
[P925_h200_pad0.070] it  89 J=0.49746 A_min=0.4721 A_mean=0.5009 |g|=7.94e-04 bin=0.002 S_flip=0.954 t=134s
[P925_h200_pad0.070] it  90 J=0.49747 A_min=0.4721 A_mean=0.5009 |g|=7.61e-04 bin=0.002 S_flip=0.954 t=135s
[P925_h200_pad0.070] it  91 J=0.49748 A_min=0.4721 A_mean=0.5010 |g|=7.58e-04 bin=0.002 S_flip=0.954 t=137s
[P925_h200_pad0.070] it  92 J=0.49749 A_min=0.4721 A_mean=0.5010 |g|=7.71e-04 bin=0.002 S_flip=0.954 t=138s
[P925_h200_pad0.070] it  93 J=0.49750 A_min=0.4722 A_mean=0.5010 |g|=7.72e-04 bin=0.002 S_flip=0.955 t=140s
[P925_h200_pad0.070] it  94 J=0.49751 A_min=0.4722 A_mean=0.5010 |g|=7.49e-04 bin=0.002 S_flip=0.955 t=141s
[P925_h200_pad0.070] it  95 J=0.49751 A_min=0.4722 A_mean=0.5010 |g|=7.23e-04 bin=0.002 S_flip=0.955 t=143s
[P925_h200_pad0.070] it  96 J=0.49752 A_min=0.4722 A_mean=0.5010 |g|=7.16e-04 bin=0.001 S_flip=0.955 t=144s
[P925_h200_pad0.070] it  97 J=0.49752 A_min=0.4722 A_mean=0.5010 |g|=7.21e-04 bin=0.001 S_flip=0.955 t=146s
[P925_h200_pad0.070] it  98 J=0.49753 A_min=0.4722 A_mean=0.5010 |g|=7.12e-04 bin=0.001 S_flip=0.955 t=147s
[P925_h200_pad0.070] it  99 J=0.49753 A_min=0.4722 A_mean=0.5010 |g|=6.91e-04 bin=0.001 S_flip=0.955 t=149s
[P925_h200_pad0.070] it 100 J=0.49754 A_min=0.4722 A_mean=0.5010 |g|=6.86e-04 bin=0.001 S_flip=0.955 t=150s
[P925_h200_pad0.070] it 101 J=0.49754 A_min=0.4722 A_mean=0.5010 |g|=7.16e-04 bin=0.001 S_flip=0.955 t=151s
[P925_h200_pad0.070] it 102 J=0.49754 A_min=0.4722 A_mean=0.5010 |g|=7.79e-04 bin=0.001 S_flip=0.955 t=153s
[P925_h200_pad0.070] it 103 J=0.49755 A_min=0.4722 A_mean=0.5010 |g|=8.65e-04 bin=0.001 S_flip=0.955 t=154s
[P925_h200_pad0.070] it 104 J=0.49755 A_min=0.4722 A_mean=0.5010 |g|=9.55e-04 bin=0.001 S_flip=0.955 t=156s
[P925_h200_pad0.070] it 105 J=0.49755 A_min=0.4722 A_mean=0.5010 |g|=1.02e-03 bin=0.001 S_flip=0.955 t=157s
[P925_h200_pad0.070] it 106 J=0.49756 A_min=0.4722 A_mean=0.5010 |g|=1.04e-03 bin=0.001 S_flip=0.955 t=159s
[P925_h200_pad0.070] it 107 J=0.49756 A_min=0.4722 A_mean=0.5010 |g|=1.01e-03 bin=0.001 S_flip=0.955 t=160s
[P925_h200_pad0.070] it 108 J=0.49756 A_min=0.4723 A_mean=0.5010 |g|=9.65e-04 bin=0.001 S_flip=0.955 t=162s
[P925_h200_pad0.070] it 109 J=0.49757 A_min=0.4723 A_mean=0.5010 |g|=9.41e-04 bin=0.001 S_flip=0.955 t=163s
[P925_h200_pad0.070] it 110 J=0.49757 A_min=0.4723 A_mean=0.5010 |g|=9.43e-04 bin=0.001 S_flip=0.955 t=165s
[P925_h200_pad0.070] it 111 J=0.49757 A_min=0.4723 A_mean=0.5010 |g|=9.62e-04 bin=0.001 S_flip=0.955 t=166s
[P925_h200_pad0.070] it 112 J=0.49757 A_min=0.4723 A_mean=0.5010 |g|=9.90e-04 bin=0.001 S_flip=0.955 t=168s
[P925_h200_pad0.070] it 113 J=0.49757 A_min=0.4723 A_mean=0.5010 |g|=1.02e-03 bin=0.001 S_flip=0.955 t=169s
[P925_h200_pad0.070] it 114 J=0.49757 A_min=0.4723 A_mean=0.5010 |g|=1.06e-03 bin=0.001 S_flip=0.955 t=171s
[P925_h200_pad0.070] it 115 J=0.49757 A_min=0.4723 A_mean=0.5010 |g|=1.07e-03 bin=0.001 S_flip=0.955 t=172s
[P925_h200_pad0.070] it 116 J=0.49757 A_min=0.4723 A_mean=0.5010 |g|=1.10e-03 bin=0.001 S_flip=0.955 t=174s
[P925_h200_pad0.070] it 117 J=0.49758 A_min=0.4723 A_mean=0.5010 |g|=1.13e-03 bin=0.001 S_flip=0.955 t=175s
[P925_h200_pad0.070] it 118 J=0.49758 A_min=0.4723 A_mean=0.5010 |g|=1.16e-03 bin=0.001 S_flip=0.955 t=177s
[P925_h200_pad0.070] it 119 J=0.49758 A_min=0.4723 A_mean=0.5010 |g|=1.19e-03 bin=0.001 S_flip=0.956 t=178s
[P925_h200_pad0.070] done: J_soft=0.49758 J_hard=0.49757 A_hard=[0.5157, 0.5151, 0.4723] S_flip=0.956 wall=180s
[P925_h200_pad0.030] it   0 J=0.43369 A_min=0.3956 A_mean=0.4451 |g|=5.90e-02 bin=0.166 S_flip=0.873 t=1s
[P925_h200_pad0.030] it   1 J=0.45464 A_min=0.4078 A_mean=0.4727 |g|=4.53e-02 bin=0.155 S_flip=0.933 t=3s
[P925_h200_pad0.030] it   2 J=0.44985 A_min=0.4036 A_mean=0.4682 |g|=5.25e-02 bin=0.145 S_flip=0.941 t=4s
[P925_h200_pad0.030] it   3 J=0.46425 A_min=0.4208 A_mean=0.4785 |g|=2.09e-02 bin=0.137 S_flip=0.928 t=6s
[P925_h200_pad0.030] it   4 J=0.46528 A_min=0.4217 A_mean=0.4800 |g|=1.63e-02 bin=0.130 S_flip=0.913 t=7s
[P925_h200_pad0.030] it   5 J=0.46021 A_min=0.4159 A_mean=0.4761 |g|=3.21e-02 bin=0.123 S_flip=0.906 t=9s
[P925_h200_pad0.030] it   6 J=0.46135 A_min=0.4171 A_mean=0.4770 |g|=3.10e-02 bin=0.116 S_flip=0.910 t=10s
[P925_h200_pad0.030] it   7 J=0.46672 A_min=0.4235 A_mean=0.4809 |g|=1.80e-02 bin=0.109 S_flip=0.920 t=12s
[P925_h200_pad0.030] it   8 J=0.46957 A_min=0.4279 A_mean=0.4821 |g|=5.42e-03 bin=0.103 S_flip=0.932 t=13s
[P925_h200_pad0.030] it   9 J=0.46792 A_min=0.4273 A_mean=0.4799 |g|=2.10e-02 bin=0.097 S_flip=0.943 t=15s
[P925_h200_pad0.030] it  10 J=0.46664 A_min=0.4264 A_mean=0.4786 |g|=2.80e-02 bin=0.092 S_flip=0.949 t=16s
[P925_h200_pad0.030] it  11 J=0.46881 A_min=0.4288 A_mean=0.4803 |g|=2.40e-02 bin=0.087 S_flip=0.949 t=17s
[P925_h200_pad0.030] it  12 J=0.47212 A_min=0.4324 A_mean=0.4831 |g|=1.19e-02 bin=0.083 S_flip=0.946 t=19s
[P925_h200_pad0.030] it  13 J=0.47326 A_min=0.4339 A_mean=0.4841 |g|=5.54e-03 bin=0.079 S_flip=0.943 t=20s
[P925_h200_pad0.030] it  14 J=0.47239 A_min=0.4334 A_mean=0.4832 |g|=1.58e-02 bin=0.076 S_flip=0.940 t=21s
[P925_h200_pad0.030] it  15 J=0.47213 A_min=0.4338 A_mean=0.4827 |g|=1.97e-02 bin=0.073 S_flip=0.941 t=23s
[P925_h200_pad0.030] it  16 J=0.47369 A_min=0.4360 A_mean=0.4836 |g|=1.61e-02 bin=0.069 S_flip=0.945 t=24s
[P925_h200_pad0.030] it  17 J=0.47581 A_min=0.4387 A_mean=0.4851 |g|=7.14e-03 bin=0.066 S_flip=0.952 t=25s
[P925_h200_pad0.030] it  18 J=0.47669 A_min=0.4400 A_mean=0.4856 |g|=7.71e-03 bin=0.063 S_flip=0.959 t=26s
[P925_h200_pad0.030] it  19 J=0.47644 A_min=0.4399 A_mean=0.4851 |g|=1.65e-02 bin=0.060 S_flip=0.965 t=28s
[P925_h200_pad0.030] it  20 J=0.47672 A_min=0.4405 A_mean=0.4852 |g|=1.93e-02 bin=0.057 S_flip=0.968 t=29s
[P925_h200_pad0.030] it  21 J=0.47820 A_min=0.4426 A_mean=0.4863 |g|=1.48e-02 bin=0.055 S_flip=0.968 t=30s
[P925_h200_pad0.030] it  22 J=0.47972 A_min=0.4446 A_mean=0.4875 |g|=5.65e-03 bin=0.053 S_flip=0.967 t=31s
[P925_h200_pad0.030] it  23 J=0.48019 A_min=0.4453 A_mean=0.4880 |g|=7.19e-03 bin=0.051 S_flip=0.966 t=32s
[P925_h200_pad0.030] it  24 J=0.48017 A_min=0.4454 A_mean=0.4879 |g|=1.38e-02 bin=0.049 S_flip=0.966 t=34s
[P925_h200_pad0.030] it  25 J=0.48081 A_min=0.4463 A_mean=0.4884 |g|=1.42e-02 bin=0.047 S_flip=0.968 t=35s
[P925_h200_pad0.030] it  26 J=0.48211 A_min=0.4483 A_mean=0.4893 |g|=8.43e-03 bin=0.045 S_flip=0.972 t=36s
[P925_h200_pad0.030] it  27 J=0.48306 A_min=0.4499 A_mean=0.4898 |g|=3.63e-03 bin=0.043 S_flip=0.977 t=38s
[P925_h200_pad0.030] it  28 J=0.48330 A_min=0.4507 A_mean=0.4898 |g|=1.10e-02 bin=0.041 S_flip=0.981 t=39s
[P925_h200_pad0.030] it  29 J=0.48363 A_min=0.4515 A_mean=0.4899 |g|=1.42e-02 bin=0.039 S_flip=0.984 t=41s
[P925_h200_pad0.030] it  30 J=0.48457 A_min=0.4528 A_mean=0.4906 |g|=1.08e-02 bin=0.038 S_flip=0.985 t=42s
[P925_h200_pad0.030] it  31 J=0.48553 A_min=0.4541 A_mean=0.4914 |g|=3.45e-03 bin=0.037 S_flip=0.985 t=43s
[P925_h200_pad0.030] it  32 J=0.48594 A_min=0.4547 A_mean=0.4918 |g|=7.66e-03 bin=0.035 S_flip=0.985 t=45s
[P925_h200_pad0.030] it  33 J=0.48627 A_min=0.4553 A_mean=0.4920 |g|=1.17e-02 bin=0.034 S_flip=0.986 t=46s
[P925_h200_pad0.030] it  34 J=0.48706 A_min=0.4567 A_mean=0.4925 |g|=9.18e-03 bin=0.033 S_flip=0.988 t=48s
[P925_h200_pad0.030] it  35 J=0.48790 A_min=0.4582 A_mean=0.4930 |g|=2.81e-03 bin=0.031 S_flip=0.992 t=49s
[P925_h200_pad0.030] it  36 J=0.48834 A_min=0.4592 A_mean=0.4932 |g|=7.75e-03 bin=0.030 S_flip=0.995 t=50s
[P925_h200_pad0.030] it  37 J=0.48869 A_min=0.4599 A_mean=0.4934 |g|=1.14e-02 bin=0.029 S_flip=0.997 t=52s
[P925_h200_pad0.030] it  38 J=0.48937 A_min=0.4610 A_mean=0.4939 |g|=8.68e-03 bin=0.028 S_flip=0.998 t=53s
[P925_h200_pad0.030] it  39 J=0.49003 A_min=0.4621 A_mean=0.4945 |g|=2.75e-03 bin=0.027 S_flip=0.999 t=54s
[P925_h200_pad0.030] it  40 J=0.49041 A_min=0.4627 A_mean=0.4948 |g|=6.91e-03 bin=0.025 S_flip=0.999 t=56s
[P925_h200_pad0.030] it  41 J=0.49083 A_min=0.4635 A_mean=0.4951 |g|=8.72e-03 bin=0.024 S_flip=1.000 t=57s
[P925_h200_pad0.030] it  42 J=0.49144 A_min=0.4645 A_mean=0.4955 |g|=4.75e-03 bin=0.023 S_flip=1.002 t=58s
[P925_h200_pad0.030] it  43 J=0.49193 A_min=0.4655 A_mean=0.4958 |g|=3.94e-03 bin=0.022 S_flip=1.004 t=60s
[P925_h200_pad0.030] it  44 J=0.49225 A_min=0.4661 A_mean=0.4960 |g|=8.38e-03 bin=0.021 S_flip=1.006 t=61s
[P925_h200_pad0.030] it  45 J=0.49271 A_min=0.4668 A_mean=0.4964 |g|=7.56e-03 bin=0.021 S_flip=1.007 t=63s
[P925_h200_pad0.030] it  46 J=0.49322 A_min=0.4676 A_mean=0.4968 |g|=2.78e-03 bin=0.020 S_flip=1.007 t=64s
[P925_h200_pad0.030] it  47 J=0.49361 A_min=0.4681 A_mean=0.4972 |g|=5.32e-03 bin=0.019 S_flip=1.007 t=65s
[P925_h200_pad0.030] it  48 J=0.49402 A_min=0.4688 A_mean=0.4975 |g|=6.74e-03 bin=0.019 S_flip=1.008 t=66s
[P925_h200_pad0.030] it  49 J=0.49451 A_min=0.4697 A_mean=0.4978 |g|=3.33e-03 bin=0.018 S_flip=1.010 t=68s
[P925_h200_pad0.030] it  50 J=0.49491 A_min=0.4705 A_mean=0.4981 |g|=3.90e-03 bin=0.017 S_flip=1.011 t=69s
[P925_h200_pad0.030] it  51 J=0.49525 A_min=0.4711 A_mean=0.4984 |g|=6.11e-03 bin=0.016 S_flip=1.012 t=70s
[P925_h200_pad0.030] it  52 J=0.49564 A_min=0.4717 A_mean=0.4987 |g|=3.77e-03 bin=0.015 S_flip=1.013 t=71s
[P925_h200_pad0.030] it  53 J=0.49597 A_min=0.4722 A_mean=0.4990 |g|=3.16e-03 bin=0.015 S_flip=1.013 t=72s
[P925_h200_pad0.030] it  54 J=0.49625 A_min=0.4726 A_mean=0.4992 |g|=5.69e-03 bin=0.014 S_flip=1.014 t=73s
[P925_h200_pad0.030] it  55 J=0.49657 A_min=0.4732 A_mean=0.4995 |g|=3.00e-03 bin=0.013 S_flip=1.014 t=74s
[P925_h200_pad0.030] it  56 J=0.49685 A_min=0.4739 A_mean=0.4996 |g|=4.86e-03 bin=0.013 S_flip=1.015 t=76s
[P925_h200_pad0.030] it  57 J=0.49709 A_min=0.4744 A_mean=0.4998 |g|=7.17e-03 bin=0.012 S_flip=1.016 t=77s
[P925_h200_pad0.030] it  58 J=0.49739 A_min=0.4748 A_mean=0.5001 |g|=2.91e-03 bin=0.012 S_flip=1.016 t=78s
[P925_h200_pad0.030] it  59 J=0.49760 A_min=0.4751 A_mean=0.5003 |g|=4.72e-03 bin=0.011 S_flip=1.015 t=79s
[P925_h200_pad0.030] it  60 J=0.49780 A_min=0.4754 A_mean=0.5004 |g|=6.20e-03 bin=0.011 S_flip=1.015 t=80s
[P925_h200_pad0.030] it  61 J=0.49806 A_min=0.4760 A_mean=0.5006 |g|=2.29e-03 bin=0.010 S_flip=1.016 t=81s
[P925_h200_pad0.030] it  62 J=0.49825 A_min=0.4764 A_mean=0.5007 |g|=4.63e-03 bin=0.010 S_flip=1.017 t=82s
[P925_h200_pad0.030] it  63 J=0.49845 A_min=0.4768 A_mean=0.5009 |g|=4.94e-03 bin=0.009 S_flip=1.017 t=83s
[P925_h200_pad0.030] it  64 J=0.49867 A_min=0.4771 A_mean=0.5011 |g|=2.04e-03 bin=0.009 S_flip=1.017 t=85s
[P925_h200_pad0.030] it  65 J=0.49886 A_min=0.4774 A_mean=0.5012 |g|=4.30e-03 bin=0.009 S_flip=1.017 t=86s
[P925_h200_pad0.030] it  66 J=0.49907 A_min=0.4778 A_mean=0.5014 |g|=4.53e-03 bin=0.008 S_flip=1.018 t=87s
[P925_h200_pad0.030] it  67 J=0.49931 A_min=0.4782 A_mean=0.5016 |g|=2.29e-03 bin=0.008 S_flip=1.018 t=88s
[P925_h200_pad0.030] it  68 J=0.49952 A_min=0.4786 A_mean=0.5018 |g|=4.37e-03 bin=0.008 S_flip=1.019 t=89s
[P925_h200_pad0.030] it  69 J=0.49973 A_min=0.4790 A_mean=0.5019 |g|=6.08e-03 bin=0.008 S_flip=1.020 t=90s
[P925_h200_pad0.030] it  70 J=0.49998 A_min=0.4793 A_mean=0.5022 |g|=4.25e-03 bin=0.007 S_flip=1.020 t=91s
[P925_h200_pad0.030] it  71 J=0.50019 A_min=0.4796 A_mean=0.5024 |g|=2.61e-03 bin=0.007 S_flip=1.020 t=92s
[P925_h200_pad0.030] it  72 J=0.50033 A_min=0.4797 A_mean=0.5025 |g|=5.53e-03 bin=0.006 S_flip=1.019 t=94s
[P925_h200_pad0.030] it  73 J=0.50050 A_min=0.4800 A_mean=0.5027 |g|=4.02e-03 bin=0.006 S_flip=1.020 t=95s
[P925_h200_pad0.030] it  74 J=0.50065 A_min=0.4803 A_mean=0.5028 |g|=2.21e-03 bin=0.006 S_flip=1.020 t=96s
[P925_h200_pad0.030] it  75 J=0.50077 A_min=0.4805 A_mean=0.5029 |g|=4.75e-03 bin=0.005 S_flip=1.021 t=97s
[P925_h200_pad0.030] it  76 J=0.50088 A_min=0.4806 A_mean=0.5030 |g|=3.80e-03 bin=0.005 S_flip=1.021 t=98s
[P925_h200_pad0.030] it  77 J=0.50099 A_min=0.4807 A_mean=0.5031 |g|=1.78e-03 bin=0.005 S_flip=1.021 t=99s
[P925_h200_pad0.030] it  78 J=0.50107 A_min=0.4807 A_mean=0.5032 |g|=4.28e-03 bin=0.005 S_flip=1.020 t=100s
[P925_h200_pad0.030] it  79 J=0.50116 A_min=0.4809 A_mean=0.5033 |g|=3.66e-03 bin=0.005 S_flip=1.021 t=101s
[P925_h200_pad0.030] it  80 J=0.50125 A_min=0.4810 A_mean=0.5033 |g|=1.58e-03 bin=0.004 S_flip=1.021 t=103s
[P925_h200_pad0.030] it  81 J=0.50131 A_min=0.4812 A_mean=0.5034 |g|=3.79e-03 bin=0.004 S_flip=1.021 t=104s
[P925_h200_pad0.030] it  82 J=0.50137 A_min=0.4813 A_mean=0.5034 |g|=3.94e-03 bin=0.004 S_flip=1.021 t=105s
[P925_h200_pad0.030] it  83 J=0.50144 A_min=0.4813 A_mean=0.5035 |g|=1.59e-03 bin=0.004 S_flip=1.021 t=106s
[P925_h200_pad0.030] it  84 J=0.50149 A_min=0.4814 A_mean=0.5035 |g|=3.08e-03 bin=0.004 S_flip=1.021 t=107s
[P925_h200_pad0.030] it  85 J=0.50154 A_min=0.4814 A_mean=0.5036 |g|=4.10e-03 bin=0.004 S_flip=1.021 t=108s
[P925_h200_pad0.030] it  86 J=0.50160 A_min=0.4815 A_mean=0.5036 |g|=2.40e-03 bin=0.004 S_flip=1.021 t=109s
[P925_h200_pad0.030] it  87 J=0.50167 A_min=0.4817 A_mean=0.5037 |g|=2.45e-03 bin=0.004 S_flip=1.021 t=111s
[P925_h200_pad0.030] it  88 J=0.50173 A_min=0.4818 A_mean=0.5037 |g|=3.37e-03 bin=0.004 S_flip=1.021 t=112s
[P925_h200_pad0.030] it  89 J=0.50180 A_min=0.4819 A_mean=0.5038 |g|=2.63e-03 bin=0.004 S_flip=1.021 t=113s
[P925_h200_pad0.030] it  90 J=0.50187 A_min=0.4819 A_mean=0.5039 |g|=2.50e-03 bin=0.004 S_flip=1.021 t=114s
[P925_h200_pad0.030] it  91 J=0.50194 A_min=0.4820 A_mean=0.5039 |g|=3.48e-03 bin=0.004 S_flip=1.021 t=116s
[P925_h200_pad0.030] it  92 J=0.50201 A_min=0.4822 A_mean=0.5040 |g|=3.14e-03 bin=0.004 S_flip=1.021 t=117s
[P925_h200_pad0.030] it  93 J=0.50207 A_min=0.4823 A_mean=0.5041 |g|=2.26e-03 bin=0.003 S_flip=1.022 t=118s
[P925_h200_pad0.030] it  94 J=0.50212 A_min=0.4824 A_mean=0.5041 |g|=2.52e-03 bin=0.003 S_flip=1.022 t=119s
[P925_h200_pad0.030] it  95 J=0.50217 A_min=0.4825 A_mean=0.5041 |g|=2.91e-03 bin=0.003 S_flip=1.022 t=121s
[P925_h200_pad0.030] it  96 J=0.50221 A_min=0.4825 A_mean=0.5042 |g|=2.64e-03 bin=0.003 S_flip=1.022 t=123s
[P925_h200_pad0.030] it  97 J=0.50224 A_min=0.4826 A_mean=0.5042 |g|=1.84e-03 bin=0.003 S_flip=1.022 t=124s
[P925_h200_pad0.030] it  98 J=0.50226 A_min=0.4826 A_mean=0.5042 |g|=1.36e-03 bin=0.002 S_flip=1.022 t=126s
[P925_h200_pad0.030] it  99 J=0.50228 A_min=0.4826 A_mean=0.5042 |g|=1.77e-03 bin=0.002 S_flip=1.022 t=128s
[P925_h200_pad0.030] it 100 J=0.50230 A_min=0.4826 A_mean=0.5043 |g|=2.12e-03 bin=0.002 S_flip=1.022 t=129s
[P925_h200_pad0.030] it 101 J=0.50231 A_min=0.4827 A_mean=0.5043 |g|=1.97e-03 bin=0.002 S_flip=1.022 t=131s
[P925_h200_pad0.030] it 102 J=0.50232 A_min=0.4827 A_mean=0.5043 |g|=1.59e-03 bin=0.002 S_flip=1.022 t=133s
[P925_h200_pad0.030] it 103 J=0.50233 A_min=0.4827 A_mean=0.5043 |g|=1.57e-03 bin=0.002 S_flip=1.022 t=134s
[P925_h200_pad0.030] it 104 J=0.50234 A_min=0.4827 A_mean=0.5043 |g|=1.84e-03 bin=0.002 S_flip=1.022 t=136s
[P925_h200_pad0.030] it 105 J=0.50235 A_min=0.4827 A_mean=0.5043 |g|=1.94e-03 bin=0.002 S_flip=1.023 t=138s
[P925_h200_pad0.030] it 106 J=0.50236 A_min=0.4827 A_mean=0.5043 |g|=1.82e-03 bin=0.002 S_flip=1.023 t=139s
[P925_h200_pad0.030] it 107 J=0.50236 A_min=0.4828 A_mean=0.5043 |g|=1.66e-03 bin=0.002 S_flip=1.023 t=141s
[P925_h200_pad0.030] it 108 J=0.50237 A_min=0.4828 A_mean=0.5043 |g|=1.58e-03 bin=0.002 S_flip=1.023 t=142s
[P925_h200_pad0.030] it 109 J=0.50238 A_min=0.4828 A_mean=0.5043 |g|=1.54e-03 bin=0.002 S_flip=1.023 t=144s
[P925_h200_pad0.030] it 110 J=0.50238 A_min=0.4828 A_mean=0.5043 |g|=1.47e-03 bin=0.001 S_flip=1.023 t=145s
[P925_h200_pad0.030] it 111 J=0.50239 A_min=0.4828 A_mean=0.5043 |g|=1.35e-03 bin=0.001 S_flip=1.023 t=147s
[P925_h200_pad0.030] it 112 J=0.50239 A_min=0.4828 A_mean=0.5043 |g|=1.20e-03 bin=0.001 S_flip=1.023 t=148s
[P925_h200_pad0.030] it 113 J=0.50239 A_min=0.4828 A_mean=0.5043 |g|=1.08e-03 bin=0.001 S_flip=1.023 t=150s
[P925_h200_pad0.030] it 114 J=0.50239 A_min=0.4828 A_mean=0.5043 |g|=1.00e-03 bin=0.001 S_flip=1.023 t=151s
[P925_h200_pad0.030] it 115 J=0.50239 A_min=0.4828 A_mean=0.5043 |g|=9.85e-04 bin=0.001 S_flip=1.023 t=153s
[P925_h200_pad0.030] it 116 J=0.50239 A_min=0.4828 A_mean=0.5043 |g|=1.01e-03 bin=0.001 S_flip=1.023 t=154s
[P925_h200_pad0.030] it 117 J=0.50239 A_min=0.4828 A_mean=0.5043 |g|=1.07e-03 bin=0.001 S_flip=1.023 t=156s
[P925_h200_pad0.030] it 118 J=0.50239 A_min=0.4828 A_mean=0.5043 |g|=1.16e-03 bin=0.001 S_flip=1.023 t=157s
[P925_h200_pad0.030] it 119 J=0.50239 A_min=0.4828 A_mean=0.5043 |g|=1.26e-03 bin=0.001 S_flip=1.023 t=159s
[P925_h200_pad0.030] done: J_soft=0.50239 J_hard=0.50239 A_hard=[0.5128, 0.5174, 0.4828] S_flip=1.023 wall=161s
[P925_h240_pad0.040] it   0 J=0.34737 A_min=0.3236 A_mean=0.3521 |g|=4.84e-02 bin=0.166 S_flip=0.873 t=1s
[P925_h240_pad0.040] it   1 J=0.42535 A_min=0.4091 A_mean=0.4271 |g|=6.65e-02 bin=0.154 S_flip=0.924 t=3s
[P925_h240_pad0.040] it   2 J=0.49973 A_min=0.4679 A_mean=0.5069 |g|=3.12e-02 bin=0.145 S_flip=0.974 t=5s
[P925_h240_pad0.040] it   3 J=0.48817 A_min=0.4423 A_mean=0.5055 |g|=5.21e-02 bin=0.137 S_flip=1.019 t=6s
[P925_h240_pad0.040] it   4 J=0.46772 A_min=0.4213 A_mean=0.4889 |g|=6.39e-02 bin=0.127 S_flip=1.031 t=8s
[P925_h240_pad0.040] it   5 J=0.47827 A_min=0.4360 A_mean=0.4947 |g|=5.28e-02 bin=0.118 S_flip=1.028 t=9s
[P925_h240_pad0.040] it   6 J=0.49619 A_min=0.4567 A_mean=0.5084 |g|=3.38e-02 bin=0.109 S_flip=1.017 t=10s
[P925_h240_pad0.040] it   7 J=0.50694 A_min=0.4671 A_mean=0.5182 |g|=1.39e-02 bin=0.101 S_flip=1.004 t=12s
[P925_h240_pad0.040] it   8 J=0.50771 A_min=0.4664 A_mean=0.5199 |g|=1.16e-02 bin=0.094 S_flip=0.992 t=13s
[P925_h240_pad0.040] it   9 J=0.50367 A_min=0.4619 A_mean=0.5164 |g|=1.98e-02 bin=0.088 S_flip=0.983 t=15s
[P925_h240_pad0.040] it  10 J=0.50004 A_min=0.4586 A_mean=0.5124 |g|=2.44e-02 bin=0.083 S_flip=0.978 t=16s
[P925_h240_pad0.040] it  11 J=0.49920 A_min=0.4584 A_mean=0.5111 |g|=2.59e-02 bin=0.078 S_flip=0.977 t=17s
[P925_h240_pad0.040] it  12 J=0.50145 A_min=0.4612 A_mean=0.5129 |g|=2.48e-02 bin=0.073 S_flip=0.980 t=19s
[P925_h240_pad0.040] it  13 J=0.50587 A_min=0.4661 A_mean=0.5171 |g|=2.15e-02 bin=0.069 S_flip=0.984 t=20s
[P925_h240_pad0.040] it  14 J=0.51096 A_min=0.4716 A_mean=0.5219 |g|=1.61e-02 bin=0.065 S_flip=0.991 t=22s
[P925_h240_pad0.040] it  15 J=0.51508 A_min=0.4759 A_mean=0.5258 |g|=8.89e-03 bin=0.062 S_flip=0.998 t=24s
[P925_h240_pad0.040] it  16 J=0.51697 A_min=0.4777 A_mean=0.5276 |g|=3.45e-03 bin=0.059 S_flip=1.005 t=25s
[P925_h240_pad0.040] it  17 J=0.51647 A_min=0.4769 A_mean=0.5273 |g|=9.82e-03 bin=0.055 S_flip=1.012 t=27s
[P925_h240_pad0.040] it  18 J=0.51472 A_min=0.4748 A_mean=0.5261 |g|=1.64e-02 bin=0.053 S_flip=1.016 t=28s
[P925_h240_pad0.040] it  19 J=0.51340 A_min=0.4733 A_mean=0.5251 |g|=2.01e-02 bin=0.050 S_flip=1.019 t=30s
[P925_h240_pad0.040] it  20 J=0.51365 A_min=0.4737 A_mean=0.5252 |g|=2.04e-02 bin=0.047 S_flip=1.020 t=31s
[P925_h240_pad0.040] it  21 J=0.51539 A_min=0.4760 A_mean=0.5263 |g|=1.75e-02 bin=0.045 S_flip=1.018 t=33s
[P925_h240_pad0.040] it  22 J=0.51767 A_min=0.4793 A_mean=0.5276 |g|=1.25e-02 bin=0.043 S_flip=1.016 t=35s
[P925_h240_pad0.040] it  23 J=0.51942 A_min=0.4824 A_mean=0.5285 |g|=6.75e-03 bin=0.041 S_flip=1.013 t=36s
[P925_h240_pad0.040] it  24 J=0.52013 A_min=0.4845 A_mean=0.5284 |g|=3.63e-03 bin=0.039 S_flip=1.010 t=38s
[P925_h240_pad0.040] it  25 J=0.51994 A_min=0.4855 A_mean=0.5277 |g|=6.58e-03 bin=0.038 S_flip=1.007 t=39s
[P925_h240_pad0.040] it  26 J=0.51945 A_min=0.4859 A_mean=0.5269 |g|=9.70e-03 bin=0.036 S_flip=1.005 t=41s
[P925_h240_pad0.040] it  27 J=0.51921 A_min=0.4861 A_mean=0.5264 |g|=1.14e-02 bin=0.035 S_flip=1.004 t=42s
[P925_h240_pad0.040] it  28 J=0.51953 A_min=0.4866 A_mean=0.5267 |g|=1.16e-02 bin=0.033 S_flip=1.004 t=44s
[P925_h240_pad0.040] it  29 J=0.52038 A_min=0.4872 A_mean=0.5275 |g|=1.03e-02 bin=0.032 S_flip=1.005 t=45s
[P925_h240_pad0.040] it  30 J=0.52151 A_min=0.4880 A_mean=0.5287 |g|=8.02e-03 bin=0.031 S_flip=1.007 t=47s
[P925_h240_pad0.040] it  31 J=0.52255 A_min=0.4887 A_mean=0.5298 |g|=5.06e-03 bin=0.029 S_flip=1.009 t=48s
[P925_h240_pad0.040] it  32 J=0.52324 A_min=0.4890 A_mean=0.5306 |g|=2.78e-03 bin=0.028 S_flip=1.011 t=50s
[P925_h240_pad0.040] it  33 J=0.52351 A_min=0.4891 A_mean=0.5310 |g|=4.07e-03 bin=0.027 S_flip=1.013 t=51s
[P925_h240_pad0.040] it  34 J=0.52351 A_min=0.4890 A_mean=0.5310 |g|=6.59e-03 bin=0.026 S_flip=1.015 t=52s
[P925_h240_pad0.040] it  35 J=0.52350 A_min=0.4891 A_mean=0.5310 |g|=8.36e-03 bin=0.025 S_flip=1.016 t=54s
[P925_h240_pad0.040] it  36 J=0.52369 A_min=0.4895 A_mean=0.5310 |g|=8.95e-03 bin=0.024 S_flip=1.017 t=55s
[P925_h240_pad0.040] it  37 J=0.52417 A_min=0.4903 A_mean=0.5313 |g|=8.28e-03 bin=0.023 S_flip=1.017 t=56s
[P925_h240_pad0.040] it  38 J=0.52480 A_min=0.4913 A_mean=0.5317 |g|=6.55e-03 bin=0.022 S_flip=1.016 t=58s
[P925_h240_pad0.040] it  39 J=0.52540 A_min=0.4924 A_mean=0.5321 |g|=4.28e-03 bin=0.022 S_flip=1.015 t=60s
[P925_h240_pad0.040] it  40 J=0.52582 A_min=0.4932 A_mean=0.5323 |g|=2.55e-03 bin=0.021 S_flip=1.014 t=61s
[P925_h240_pad0.040] it  41 J=0.52606 A_min=0.4939 A_mean=0.5323 |g|=2.92e-03 bin=0.020 S_flip=1.013 t=62s
[P925_h240_pad0.040] it  42 J=0.52620 A_min=0.4944 A_mean=0.5323 |g|=4.18e-03 bin=0.019 S_flip=1.012 t=64s
[P925_h240_pad0.040] it  43 J=0.52635 A_min=0.4949 A_mean=0.5323 |g|=5.07e-03 bin=0.018 S_flip=1.012 t=65s
[P925_h240_pad0.040] it  44 J=0.52658 A_min=0.4955 A_mean=0.5324 |g|=5.34e-03 bin=0.017 S_flip=1.012 t=67s
[P925_h240_pad0.040] it  45 J=0.52691 A_min=0.4961 A_mean=0.5325 |g|=4.99e-03 bin=0.016 S_flip=1.013 t=68s
[P925_h240_pad0.040] it  46 J=0.52729 A_min=0.4968 A_mean=0.5328 |g|=4.16e-03 bin=0.016 S_flip=1.014 t=70s
[P925_h240_pad0.040] it  47 J=0.52767 A_min=0.4974 A_mean=0.5331 |g|=3.11e-03 bin=0.015 S_flip=1.015 t=71s
[P925_h240_pad0.040] it  48 J=0.52800 A_min=0.4980 A_mean=0.5333 |g|=2.41e-03 bin=0.015 S_flip=1.016 t=72s
[P925_h240_pad0.040] it  49 J=0.52826 A_min=0.4985 A_mean=0.5334 |g|=2.77e-03 bin=0.014 S_flip=1.017 t=74s
[P925_h240_pad0.040] it  50 J=0.52846 A_min=0.4989 A_mean=0.5335 |g|=3.81e-03 bin=0.014 S_flip=1.018 t=75s
[P925_h240_pad0.040] it  51 J=0.52866 A_min=0.4994 A_mean=0.5336 |g|=4.79e-03 bin=0.013 S_flip=1.019 t=77s
[P925_h240_pad0.040] it  52 J=0.52889 A_min=0.5000 A_mean=0.5337 |g|=5.30e-03 bin=0.013 S_flip=1.020 t=78s
[P925_h240_pad0.040] it  53 J=0.52919 A_min=0.5007 A_mean=0.5338 |g|=5.15e-03 bin=0.012 S_flip=1.020 t=80s
[P925_h240_pad0.040] it  54 J=0.52950 A_min=0.5014 A_mean=0.5340 |g|=4.29e-03 bin=0.011 S_flip=1.020 t=81s
[P925_h240_pad0.040] it  55 J=0.52979 A_min=0.5021 A_mean=0.5341 |g|=3.02e-03 bin=0.011 S_flip=1.020 t=83s
[P925_h240_pad0.040] it  56 J=0.53002 A_min=0.5027 A_mean=0.5342 |g|=2.26e-03 bin=0.010 S_flip=1.019 t=84s
[P925_h240_pad0.040] it  57 J=0.53020 A_min=0.5032 A_mean=0.5343 |g|=2.46e-03 bin=0.009 S_flip=1.019 t=86s
[P925_h240_pad0.040] it  58 J=0.53035 A_min=0.5037 A_mean=0.5343 |g|=2.86e-03 bin=0.009 S_flip=1.019 t=87s
[P925_h240_pad0.040] it  59 J=0.53051 A_min=0.5041 A_mean=0.5344 |g|=3.04e-03 bin=0.008 S_flip=1.019 t=89s
[P925_h240_pad0.040] it  60 J=0.53069 A_min=0.5045 A_mean=0.5345 |g|=3.01e-03 bin=0.008 S_flip=1.019 t=90s
[P925_h240_pad0.040] it  61 J=0.53088 A_min=0.5049 A_mean=0.5346 |g|=2.85e-03 bin=0.007 S_flip=1.019 t=92s
[P925_h240_pad0.040] it  62 J=0.53108 A_min=0.5052 A_mean=0.5348 |g|=2.57e-03 bin=0.007 S_flip=1.019 t=93s
[P925_h240_pad0.040] it  63 J=0.53126 A_min=0.5056 A_mean=0.5349 |g|=2.24e-03 bin=0.007 S_flip=1.020 t=94s
[P925_h240_pad0.040] it  64 J=0.53143 A_min=0.5059 A_mean=0.5350 |g|=1.98e-03 bin=0.006 S_flip=1.020 t=96s
[P925_h240_pad0.040] it  65 J=0.53158 A_min=0.5062 A_mean=0.5351 |g|=1.92e-03 bin=0.006 S_flip=1.020 t=97s
[P925_h240_pad0.040] it  66 J=0.53171 A_min=0.5065 A_mean=0.5352 |g|=2.01e-03 bin=0.006 S_flip=1.021 t=99s
[P925_h240_pad0.040] it  67 J=0.53183 A_min=0.5067 A_mean=0.5352 |g|=2.15e-03 bin=0.005 S_flip=1.021 t=100s
[P925_h240_pad0.040] it  68 J=0.53193 A_min=0.5070 A_mean=0.5353 |g|=2.20e-03 bin=0.005 S_flip=1.021 t=102s
[P925_h240_pad0.040] it  69 J=0.53203 A_min=0.5072 A_mean=0.5354 |g|=2.16e-03 bin=0.005 S_flip=1.021 t=104s
[P925_h240_pad0.040] it  70 J=0.53212 A_min=0.5074 A_mean=0.5354 |g|=2.09e-03 bin=0.005 S_flip=1.021 t=105s
[P925_h240_pad0.040] it  71 J=0.53219 A_min=0.5076 A_mean=0.5354 |g|=2.06e-03 bin=0.005 S_flip=1.021 t=107s
[P925_h240_pad0.040] it  72 J=0.53226 A_min=0.5078 A_mean=0.5355 |g|=2.10e-03 bin=0.004 S_flip=1.021 t=108s
[P925_h240_pad0.040] it  73 J=0.53234 A_min=0.5079 A_mean=0.5355 |g|=2.13e-03 bin=0.004 S_flip=1.021 t=110s
[P925_h240_pad0.040] it  74 J=0.53241 A_min=0.5081 A_mean=0.5356 |g|=2.11e-03 bin=0.004 S_flip=1.021 t=111s
[P925_h240_pad0.040] it  75 J=0.53248 A_min=0.5083 A_mean=0.5356 |g|=2.02e-03 bin=0.004 S_flip=1.021 t=113s
[P925_h240_pad0.040] it  76 J=0.53255 A_min=0.5085 A_mean=0.5356 |g|=1.85e-03 bin=0.004 S_flip=1.021 t=114s
[P925_h240_pad0.040] it  77 J=0.53262 A_min=0.5086 A_mean=0.5357 |g|=1.72e-03 bin=0.004 S_flip=1.021 t=116s
[P925_h240_pad0.040] it  78 J=0.53268 A_min=0.5088 A_mean=0.5357 |g|=1.77e-03 bin=0.004 S_flip=1.021 t=117s
[P925_h240_pad0.040] it  79 J=0.53275 A_min=0.5090 A_mean=0.5358 |g|=2.00e-03 bin=0.004 S_flip=1.021 t=119s
[P925_h240_pad0.040] it  80 J=0.53283 A_min=0.5091 A_mean=0.5358 |g|=2.18e-03 bin=0.003 S_flip=1.021 t=120s
[P925_h240_pad0.040] it  81 J=0.53292 A_min=0.5093 A_mean=0.5359 |g|=2.23e-03 bin=0.003 S_flip=1.021 t=122s
[P925_h240_pad0.040] it  82 J=0.53301 A_min=0.5095 A_mean=0.5359 |g|=2.22e-03 bin=0.003 S_flip=1.022 t=123s
[P925_h240_pad0.040] it  83 J=0.53309 A_min=0.5097 A_mean=0.5360 |g|=2.19e-03 bin=0.003 S_flip=1.022 t=125s
[P925_h240_pad0.040] it  84 J=0.53316 A_min=0.5098 A_mean=0.5360 |g|=2.00e-03 bin=0.003 S_flip=1.022 t=126s
[P925_h240_pad0.040] it  85 J=0.53323 A_min=0.5100 A_mean=0.5361 |g|=1.76e-03 bin=0.002 S_flip=1.022 t=128s
[P925_h240_pad0.040] it  86 J=0.53329 A_min=0.5101 A_mean=0.5361 |g|=1.78e-03 bin=0.002 S_flip=1.022 t=129s
[P925_h240_pad0.040] it  87 J=0.53334 A_min=0.5102 A_mean=0.5362 |g|=2.17e-03 bin=0.002 S_flip=1.023 t=130s
[P925_h240_pad0.040] it  88 J=0.53341 A_min=0.5103 A_mean=0.5362 |g|=2.13e-03 bin=0.002 S_flip=1.023 t=132s
[P925_h240_pad0.040] it  89 J=0.53346 A_min=0.5104 A_mean=0.5363 |g|=1.50e-03 bin=0.002 S_flip=1.023 t=133s
[P925_h240_pad0.040] it  90 J=0.53349 A_min=0.5104 A_mean=0.5363 |g|=1.28e-03 bin=0.002 S_flip=1.023 t=135s
[P925_h240_pad0.040] it  91 J=0.53351 A_min=0.5105 A_mean=0.5363 |g|=1.41e-03 bin=0.001 S_flip=1.023 t=136s
[P925_h240_pad0.040] it  92 J=0.53353 A_min=0.5105 A_mean=0.5363 |g|=1.59e-03 bin=0.001 S_flip=1.023 t=138s
[P925_h240_pad0.040] it  93 J=0.53355 A_min=0.5106 A_mean=0.5363 |g|=1.73e-03 bin=0.001 S_flip=1.023 t=139s
[P925_h240_pad0.040] it  94 J=0.53357 A_min=0.5106 A_mean=0.5363 |g|=1.77e-03 bin=0.001 S_flip=1.023 t=141s
[P925_h240_pad0.040] it  95 J=0.53359 A_min=0.5107 A_mean=0.5363 |g|=1.69e-03 bin=0.001 S_flip=1.023 t=142s
[P925_h240_pad0.040] it  96 J=0.53361 A_min=0.5107 A_mean=0.5364 |g|=1.62e-03 bin=0.001 S_flip=1.023 t=144s
[P925_h240_pad0.040] it  97 J=0.53363 A_min=0.5108 A_mean=0.5364 |g|=1.61e-03 bin=0.001 S_flip=1.023 t=145s
[P925_h240_pad0.040] it  98 J=0.53365 A_min=0.5108 A_mean=0.5364 |g|=1.67e-03 bin=0.001 S_flip=1.023 t=147s
[P925_h240_pad0.040] it  99 J=0.53367 A_min=0.5109 A_mean=0.5364 |g|=1.80e-03 bin=0.001 S_flip=1.023 t=148s
[P925_h240_pad0.040] it 100 J=0.53369 A_min=0.5109 A_mean=0.5364 |g|=1.99e-03 bin=0.001 S_flip=1.023 t=150s
[P925_h240_pad0.040] it 101 J=0.53371 A_min=0.5110 A_mean=0.5364 |g|=2.12e-03 bin=0.001 S_flip=1.023 t=151s
[P925_h240_pad0.040] it 102 J=0.53373 A_min=0.5110 A_mean=0.5364 |g|=2.19e-03 bin=0.001 S_flip=1.023 t=153s
[P925_h240_pad0.040] it 103 J=0.53374 A_min=0.5111 A_mean=0.5364 |g|=2.26e-03 bin=0.001 S_flip=1.023 t=155s
[P925_h240_pad0.040] it 104 J=0.53376 A_min=0.5111 A_mean=0.5364 |g|=2.37e-03 bin=0.001 S_flip=1.023 t=156s
[P925_h240_pad0.040] it 105 J=0.53377 A_min=0.5112 A_mean=0.5364 |g|=2.47e-03 bin=0.001 S_flip=1.024 t=157s
[P925_h240_pad0.040] it 106 J=0.53379 A_min=0.5112 A_mean=0.5365 |g|=2.50e-03 bin=0.001 S_flip=1.024 t=159s
[P925_h240_pad0.040] it 107 J=0.53380 A_min=0.5112 A_mean=0.5365 |g|=2.45e-03 bin=0.001 S_flip=1.024 t=160s
[P925_h240_pad0.040] it 108 J=0.53381 A_min=0.5113 A_mean=0.5365 |g|=2.38e-03 bin=0.001 S_flip=1.024 t=162s
[P925_h240_pad0.040] it 109 J=0.53381 A_min=0.5113 A_mean=0.5365 |g|=2.30e-03 bin=0.001 S_flip=1.024 t=163s
[P925_h240_pad0.040] it 110 J=0.53382 A_min=0.5113 A_mean=0.5365 |g|=2.21e-03 bin=0.001 S_flip=1.024 t=165s
[P925_h240_pad0.040] it 111 J=0.53383 A_min=0.5113 A_mean=0.5365 |g|=2.11e-03 bin=0.001 S_flip=1.024 t=166s
[P925_h240_pad0.040] it 112 J=0.53383 A_min=0.5114 A_mean=0.5365 |g|=2.00e-03 bin=0.001 S_flip=1.024 t=167s
[P925_h240_pad0.040] it 113 J=0.53383 A_min=0.5114 A_mean=0.5365 |g|=1.89e-03 bin=0.001 S_flip=1.024 t=168s
[P925_h240_pad0.040] it 114 J=0.53383 A_min=0.5114 A_mean=0.5365 |g|=1.81e-03 bin=0.001 S_flip=1.024 t=169s
[P925_h240_pad0.040] it 115 J=0.53384 A_min=0.5114 A_mean=0.5365 |g|=1.75e-03 bin=0.001 S_flip=1.024 t=171s
[P925_h240_pad0.040] it 116 J=0.53384 A_min=0.5114 A_mean=0.5365 |g|=1.70e-03 bin=0.001 S_flip=1.024 t=172s
[P925_h240_pad0.040] it 117 J=0.53384 A_min=0.5114 A_mean=0.5365 |g|=1.68e-03 bin=0.001 S_flip=1.024 t=173s
[P925_h240_pad0.040] it 118 J=0.53384 A_min=0.5114 A_mean=0.5365 |g|=1.67e-03 bin=0.001 S_flip=1.024 t=174s
[P925_h240_pad0.040] it 119 J=0.53384 A_min=0.5114 A_mean=0.5365 |g|=1.67e-03 bin=0.001 S_flip=1.024 t=175s
[P925_h240_pad0.040] done: J_soft=0.53384 J_hard=0.53385 A_hard=[0.5471, 0.5509, 0.5114] S_flip=1.024 wall=177s
[P850_h200_pad0.040] it   0 J=0.41297 A_min=0.3518 A_mean=0.4639 |g|=2.24e-03 bin=0.074 S_flip=0.203 t=1s
[P850_h200_pad0.040] it   1 J=0.41359 A_min=0.3521 A_mean=0.4654 |g|=3.94e-03 bin=0.070 S_flip=0.208 t=3s
[P850_h200_pad0.040] it   2 J=0.41448 A_min=0.3534 A_mean=0.4650 |g|=2.39e-03 bin=0.066 S_flip=0.216 t=4s
[P850_h200_pad0.040] it   3 J=0.41502 A_min=0.3540 A_mean=0.4652 |g|=2.92e-03 bin=0.063 S_flip=0.223 t=6s
[P850_h200_pad0.040] it   4 J=0.41568 A_min=0.3544 A_mean=0.4665 |g|=1.43e-03 bin=0.060 S_flip=0.229 t=7s
[P850_h200_pad0.040] it   5 J=0.41610 A_min=0.3548 A_mean=0.4670 |g|=2.21e-03 bin=0.057 S_flip=0.235 t=9s
[P850_h200_pad0.040] it   6 J=0.41654 A_min=0.3553 A_mean=0.4673 |g|=2.18e-03 bin=0.054 S_flip=0.241 t=10s
[P850_h200_pad0.040] it   7 J=0.41701 A_min=0.3558 A_mean=0.4676 |g|=1.39e-03 bin=0.052 S_flip=0.248 t=11s
[P850_h200_pad0.040] it   8 J=0.41738 A_min=0.3563 A_mean=0.4677 |g|=1.69e-03 bin=0.049 S_flip=0.255 t=13s
[P850_h200_pad0.040] it   9 J=0.41772 A_min=0.3567 A_mean=0.4678 |g|=2.03e-03 bin=0.047 S_flip=0.261 t=14s
[P850_h200_pad0.040] it  10 J=0.41811 A_min=0.3571 A_mean=0.4681 |g|=1.68e-03 bin=0.045 S_flip=0.267 t=16s
[P850_h200_pad0.040] it  11 J=0.41849 A_min=0.3575 A_mean=0.4684 |g|=1.34e-03 bin=0.043 S_flip=0.273 t=17s
[P850_h200_pad0.040] it  12 J=0.41883 A_min=0.3578 A_mean=0.4685 |g|=1.57e-03 bin=0.041 S_flip=0.278 t=18s
[P850_h200_pad0.040] it  13 J=0.41916 A_min=0.3582 A_mean=0.4686 |g|=1.72e-03 bin=0.039 S_flip=0.284 t=20s
[P850_h200_pad0.040] it  14 J=0.41951 A_min=0.3586 A_mean=0.4687 |g|=1.51e-03 bin=0.038 S_flip=0.290 t=21s
[P850_h200_pad0.040] it  15 J=0.41985 A_min=0.3590 A_mean=0.4688 |g|=1.34e-03 bin=0.036 S_flip=0.296 t=23s
[P850_h200_pad0.040] it  16 J=0.42017 A_min=0.3595 A_mean=0.4688 |g|=1.49e-03 bin=0.034 S_flip=0.301 t=24s
[P850_h200_pad0.040] it  17 J=0.42049 A_min=0.3599 A_mean=0.4688 |g|=1.63e-03 bin=0.033 S_flip=0.306 t=26s
[P850_h200_pad0.040] it  18 J=0.42081 A_min=0.3603 A_mean=0.4688 |g|=1.55e-03 bin=0.032 S_flip=0.311 t=27s
[P850_h200_pad0.040] it  19 J=0.42114 A_min=0.3607 A_mean=0.4688 |g|=1.37e-03 bin=0.030 S_flip=0.316 t=29s
[P850_h200_pad0.040] it  20 J=0.42145 A_min=0.3611 A_mean=0.4688 |g|=1.35e-03 bin=0.029 S_flip=0.321 t=30s
[P850_h200_pad0.040] it  21 J=0.42176 A_min=0.3615 A_mean=0.4687 |g|=1.46e-03 bin=0.028 S_flip=0.325 t=32s
[P850_h200_pad0.040] it  22 J=0.42206 A_min=0.3619 A_mean=0.4686 |g|=1.49e-03 bin=0.027 S_flip=0.330 t=33s
[P850_h200_pad0.040] it  23 J=0.42237 A_min=0.3623 A_mean=0.4685 |g|=1.41e-03 bin=0.026 S_flip=0.335 t=34s
[P850_h200_pad0.040] it  24 J=0.42268 A_min=0.3627 A_mean=0.4684 |g|=1.38e-03 bin=0.025 S_flip=0.339 t=36s
[P850_h200_pad0.040] it  25 J=0.42297 A_min=0.3632 A_mean=0.4682 |g|=1.47e-03 bin=0.024 S_flip=0.344 t=37s
[P850_h200_pad0.040] it  26 J=0.42327 A_min=0.3636 A_mean=0.4681 |g|=1.55e-03 bin=0.023 S_flip=0.348 t=38s
[P850_h200_pad0.040] it  27 J=0.42358 A_min=0.3641 A_mean=0.4679 |g|=1.52e-03 bin=0.022 S_flip=0.353 t=40s
[P850_h200_pad0.040] it  28 J=0.42389 A_min=0.3645 A_mean=0.4677 |g|=1.47e-03 bin=0.021 S_flip=0.357 t=41s
[P850_h200_pad0.040] it  29 J=0.42419 A_min=0.3650 A_mean=0.4675 |g|=1.49e-03 bin=0.020 S_flip=0.361 t=42s
[P850_h200_pad0.040] it  30 J=0.42450 A_min=0.3654 A_mean=0.4673 |g|=1.55e-03 bin=0.019 S_flip=0.366 t=44s
[P850_h200_pad0.040] it  31 J=0.42481 A_min=0.3659 A_mean=0.4671 |g|=1.55e-03 bin=0.018 S_flip=0.370 t=45s
[P850_h200_pad0.040] it  32 J=0.42512 A_min=0.3664 A_mean=0.4669 |g|=1.51e-03 bin=0.017 S_flip=0.374 t=46s
[P850_h200_pad0.040] it  33 J=0.42542 A_min=0.3669 A_mean=0.4667 |g|=1.55e-03 bin=0.016 S_flip=0.378 t=48s
[P850_h200_pad0.040] it  34 J=0.42572 A_min=0.3674 A_mean=0.4664 |g|=1.64e-03 bin=0.016 S_flip=0.382 t=49s
[P850_h200_pad0.040] it  35 J=0.42602 A_min=0.3679 A_mean=0.4662 |g|=1.66e-03 bin=0.015 S_flip=0.386 t=51s
[P850_h200_pad0.040] it  36 J=0.42633 A_min=0.3684 A_mean=0.4660 |g|=1.62e-03 bin=0.014 S_flip=0.389 t=52s
[P850_h200_pad0.040] it  37 J=0.42664 A_min=0.3688 A_mean=0.4658 |g|=1.60e-03 bin=0.014 S_flip=0.392 t=53s
[P850_h200_pad0.040] it  38 J=0.42694 A_min=0.3693 A_mean=0.4655 |g|=1.65e-03 bin=0.013 S_flip=0.395 t=55s
[P850_h200_pad0.040] it  39 J=0.42726 A_min=0.3698 A_mean=0.4652 |g|=1.74e-03 bin=0.013 S_flip=0.398 t=56s
[P850_h200_pad0.040] it  40 J=0.42758 A_min=0.3704 A_mean=0.4650 |g|=1.79e-03 bin=0.013 S_flip=0.401 t=58s
[P850_h200_pad0.040] it  41 J=0.42791 A_min=0.3709 A_mean=0.4648 |g|=1.77e-03 bin=0.012 S_flip=0.404 t=59s
[P850_h200_pad0.040] it  42 J=0.42824 A_min=0.3715 A_mean=0.4646 |g|=1.73e-03 bin=0.012 S_flip=0.407 t=60s
[P850_h200_pad0.040] it  43 J=0.42857 A_min=0.3720 A_mean=0.4644 |g|=1.79e-03 bin=0.011 S_flip=0.410 t=62s
[P850_h200_pad0.040] it  44 J=0.42891 A_min=0.3726 A_mean=0.4642 |g|=1.96e-03 bin=0.011 S_flip=0.413 t=63s
[P850_h200_pad0.040] it  45 J=0.42929 A_min=0.3732 A_mean=0.4640 |g|=2.11e-03 bin=0.011 S_flip=0.416 t=64s
[P850_h200_pad0.040] it  46 J=0.42969 A_min=0.3739 A_mean=0.4639 |g|=2.10e-03 bin=0.010 S_flip=0.419 t=66s
[P850_h200_pad0.040] it  47 J=0.43008 A_min=0.3745 A_mean=0.4638 |g|=2.04e-03 bin=0.010 S_flip=0.422 t=67s
[P850_h200_pad0.040] it  48 J=0.43047 A_min=0.3751 A_mean=0.4637 |g|=2.16e-03 bin=0.009 S_flip=0.425 t=68s
[P850_h200_pad0.040] it  49 J=0.43089 A_min=0.3757 A_mean=0.4636 |g|=2.23e-03 bin=0.009 S_flip=0.428 t=70s
[P850_h200_pad0.040] it  50 J=0.43131 A_min=0.3764 A_mean=0.4636 |g|=2.14e-03 bin=0.008 S_flip=0.431 t=71s
[P850_h200_pad0.040] it  51 J=0.43170 A_min=0.3770 A_mean=0.4635 |g|=2.05e-03 bin=0.008 S_flip=0.433 t=72s
[P850_h200_pad0.040] it  52 J=0.43212 A_min=0.3778 A_mean=0.4635 |g|=2.56e-03 bin=0.008 S_flip=0.436 t=74s
[P850_h200_pad0.040] it  53 J=0.43260 A_min=0.3786 A_mean=0.4634 |g|=2.73e-03 bin=0.007 S_flip=0.439 t=75s
[P850_h200_pad0.040] it  54 J=0.43305 A_min=0.3793 A_mean=0.4633 |g|=2.48e-03 bin=0.006 S_flip=0.442 t=77s
[P850_h200_pad0.040] it  55 J=0.43346 A_min=0.3799 A_mean=0.4631 |g|=2.10e-03 bin=0.006 S_flip=0.444 t=78s
[P850_h200_pad0.040] it  56 J=0.43384 A_min=0.3805 A_mean=0.4628 |g|=2.65e-03 bin=0.006 S_flip=0.446 t=80s
[P850_h200_pad0.040] it  57 J=0.43433 A_min=0.3813 A_mean=0.4625 |g|=3.52e-03 bin=0.006 S_flip=0.449 t=81s
[P850_h200_pad0.040] it  58 J=0.43482 A_min=0.3822 A_mean=0.4625 |g|=2.57e-03 bin=0.006 S_flip=0.451 t=83s
[P850_h200_pad0.040] it  59 J=0.43527 A_min=0.3830 A_mean=0.4625 |g|=2.64e-03 bin=0.005 S_flip=0.454 t=84s
[P850_h200_pad0.040] it  60 J=0.43575 A_min=0.3840 A_mean=0.4625 |g|=3.02e-03 bin=0.005 S_flip=0.457 t=86s
[P850_h200_pad0.040] it  61 J=0.43625 A_min=0.3849 A_mean=0.4626 |g|=3.06e-03 bin=0.005 S_flip=0.460 t=87s
[P850_h200_pad0.040] it  62 J=0.43671 A_min=0.3856 A_mean=0.4626 |g|=2.89e-03 bin=0.005 S_flip=0.462 t=88s
[P850_h200_pad0.040] it  63 J=0.43710 A_min=0.3861 A_mean=0.4625 |g|=2.28e-03 bin=0.004 S_flip=0.464 t=90s
[P850_h200_pad0.040] it  64 J=0.43753 A_min=0.3867 A_mean=0.4625 |g|=3.52e-03 bin=0.005 S_flip=0.466 t=91s
[P850_h200_pad0.040] it  65 J=0.43818 A_min=0.3876 A_mean=0.4627 |g|=3.84e-03 bin=0.005 S_flip=0.468 t=93s
[P850_h200_pad0.040] it  66 J=0.43875 A_min=0.3884 A_mean=0.4630 |g|=3.31e-03 bin=0.005 S_flip=0.470 t=94s
[P850_h200_pad0.040] it  67 J=0.43935 A_min=0.3892 A_mean=0.4633 |g|=3.34e-03 bin=0.004 S_flip=0.472 t=95s
[P850_h200_pad0.040] it  68 J=0.43984 A_min=0.3900 A_mean=0.4635 |g|=2.68e-03 bin=0.004 S_flip=0.474 t=97s
[P850_h200_pad0.040] it  69 J=0.44031 A_min=0.3907 A_mean=0.4637 |g|=3.15e-03 bin=0.003 S_flip=0.476 t=98s
[P850_h200_pad0.040] it  70 J=0.44086 A_min=0.3915 A_mean=0.4638 |g|=4.17e-03 bin=0.003 S_flip=0.477 t=100s
[P850_h200_pad0.040] it  71 J=0.44132 A_min=0.3923 A_mean=0.4638 |g|=2.32e-03 bin=0.003 S_flip=0.479 t=101s
[P850_h200_pad0.040] it  72 J=0.44155 A_min=0.3927 A_mean=0.4637 |g|=1.98e-03 bin=0.003 S_flip=0.480 t=102s
[P850_h200_pad0.040] it  73 J=0.44194 A_min=0.3933 A_mean=0.4638 |g|=4.07e-03 bin=0.003 S_flip=0.481 t=104s
[P850_h200_pad0.040] it  74 J=0.44251 A_min=0.3942 A_mean=0.4640 |g|=4.40e-03 bin=0.003 S_flip=0.482 t=105s
[P850_h200_pad0.040] it  75 J=0.44304 A_min=0.3951 A_mean=0.4642 |g|=3.24e-03 bin=0.003 S_flip=0.484 t=107s
[P850_h200_pad0.040] it  76 J=0.44343 A_min=0.3957 A_mean=0.4643 |g|=3.28e-03 bin=0.003 S_flip=0.486 t=109s
[P850_h200_pad0.040] it  77 J=0.44393 A_min=0.3965 A_mean=0.4643 |g|=4.47e-03 bin=0.003 S_flip=0.487 t=110s
[P850_h200_pad0.040] it  78 J=0.44442 A_min=0.3974 A_mean=0.4644 |g|=3.08e-03 bin=0.002 S_flip=0.488 t=112s
[P850_h200_pad0.040] it  79 J=0.44479 A_min=0.3979 A_mean=0.4644 |g|=3.62e-03 bin=0.002 S_flip=0.489 t=113s
[P850_h200_pad0.040] it  80 J=0.44522 A_min=0.3986 A_mean=0.4644 |g|=3.58e-03 bin=0.002 S_flip=0.490 t=115s
[P850_h200_pad0.040] it  81 J=0.44569 A_min=0.3993 A_mean=0.4646 |g|=4.79e-03 bin=0.002 S_flip=0.492 t=116s
[P850_h200_pad0.040] it  82 J=0.44619 A_min=0.4000 A_mean=0.4649 |g|=5.00e-03 bin=0.002 S_flip=0.493 t=118s
[P850_h200_pad0.040] it  83 J=0.44656 A_min=0.4004 A_mean=0.4651 |g|=3.07e-03 bin=0.002 S_flip=0.494 t=119s
[P850_h200_pad0.040] it  84 J=0.44680 A_min=0.4007 A_mean=0.4651 |g|=2.28e-03 bin=0.002 S_flip=0.495 t=120s
[P850_h200_pad0.040] it  85 J=0.44699 A_min=0.4009 A_mean=0.4652 |g|=3.24e-03 bin=0.002 S_flip=0.495 t=122s
[P850_h200_pad0.040] it  86 J=0.44728 A_min=0.4013 A_mean=0.4653 |g|=4.38e-03 bin=0.002 S_flip=0.495 t=123s
[P850_h200_pad0.040] it  87 J=0.44767 A_min=0.4018 A_mean=0.4656 |g|=5.56e-03 bin=0.002 S_flip=0.496 t=125s
[P850_h200_pad0.040] it  88 J=0.44814 A_min=0.4025 A_mean=0.4660 |g|=6.24e-03 bin=0.002 S_flip=0.497 t=126s
[P850_h200_pad0.040] it  89 J=0.44852 A_min=0.4031 A_mean=0.4664 |g|=4.16e-03 bin=0.001 S_flip=0.498 t=128s
[P850_h200_pad0.040] it  90 J=0.44881 A_min=0.4035 A_mean=0.4666 |g|=3.94e-03 bin=0.001 S_flip=0.499 t=129s
[P850_h200_pad0.040] it  91 J=0.44907 A_min=0.4038 A_mean=0.4669 |g|=4.74e-03 bin=0.001 S_flip=0.500 t=131s
[P850_h200_pad0.040] it  92 J=0.44931 A_min=0.4040 A_mean=0.4672 |g|=4.81e-03 bin=0.001 S_flip=0.500 t=132s
[P850_h200_pad0.040] it  93 J=0.44957 A_min=0.4044 A_mean=0.4673 |g|=5.42e-03 bin=0.001 S_flip=0.501 t=134s
[P850_h200_pad0.040] it  94 J=0.44986 A_min=0.4048 A_mean=0.4675 |g|=4.60e-03 bin=0.001 S_flip=0.502 t=135s
[P850_h200_pad0.040] it  95 J=0.45007 A_min=0.4051 A_mean=0.4676 |g|=4.99e-03 bin=0.001 S_flip=0.503 t=137s
[P850_h200_pad0.040] it  96 J=0.45027 A_min=0.4053 A_mean=0.4677 |g|=4.62e-03 bin=0.001 S_flip=0.503 t=138s
[P850_h200_pad0.040] it  97 J=0.45045 A_min=0.4055 A_mean=0.4678 |g|=3.44e-03 bin=0.001 S_flip=0.504 t=140s
[P850_h200_pad0.040] it  98 J=0.45058 A_min=0.4056 A_mean=0.4678 |g|=3.83e-03 bin=0.001 S_flip=0.504 t=141s
[P850_h200_pad0.040] it  99 J=0.45073 A_min=0.4058 A_mean=0.4679 |g|=5.06e-03 bin=0.001 S_flip=0.504 t=143s
[P850_h200_pad0.040] it 100 J=0.45088 A_min=0.4060 A_mean=0.4679 |g|=4.80e-03 bin=0.001 S_flip=0.505 t=144s
[P850_h200_pad0.040] it 101 J=0.45102 A_min=0.4062 A_mean=0.4679 |g|=4.62e-03 bin=0.001 S_flip=0.505 t=146s
[P850_h200_pad0.040] it 102 J=0.45113 A_min=0.4063 A_mean=0.4680 |g|=4.41e-03 bin=0.001 S_flip=0.505 t=148s
[P850_h200_pad0.040] it 103 J=0.45123 A_min=0.4064 A_mean=0.4681 |g|=4.42e-03 bin=0.001 S_flip=0.506 t=149s
[P850_h200_pad0.040] it 104 J=0.45132 A_min=0.4064 A_mean=0.4683 |g|=5.61e-03 bin=0.001 S_flip=0.506 t=151s
[P850_h200_pad0.040] it 105 J=0.45143 A_min=0.4066 A_mean=0.4684 |g|=7.16e-03 bin=0.000 S_flip=0.506 t=152s
[P850_h200_pad0.040] it 106 J=0.45152 A_min=0.4067 A_mean=0.4685 |g|=4.05e-03 bin=0.000 S_flip=0.507 t=153s
[P850_h200_pad0.040] it 107 J=0.45155 A_min=0.4068 A_mean=0.4685 |g|=2.05e-03 bin=0.000 S_flip=0.507 t=155s
[P850_h200_pad0.040] it 108 J=0.45157 A_min=0.4068 A_mean=0.4685 |g|=2.28e-03 bin=0.000 S_flip=0.507 t=156s
[P850_h200_pad0.040] it 109 J=0.45158 A_min=0.4068 A_mean=0.4685 |g|=2.86e-03 bin=0.000 S_flip=0.507 t=158s
[P850_h200_pad0.040] it 110 J=0.45160 A_min=0.4068 A_mean=0.4685 |g|=3.45e-03 bin=0.000 S_flip=0.507 t=159s
[P850_h200_pad0.040] it 111 J=0.45162 A_min=0.4068 A_mean=0.4685 |g|=3.97e-03 bin=0.000 S_flip=0.507 t=160s
[P850_h200_pad0.040] it 112 J=0.45164 A_min=0.4069 A_mean=0.4685 |g|=4.43e-03 bin=0.000 S_flip=0.507 t=162s
[P850_h200_pad0.040] it 113 J=0.45165 A_min=0.4069 A_mean=0.4685 |g|=4.75e-03 bin=0.000 S_flip=0.507 t=163s
[P850_h200_pad0.040] it 114 J=0.45167 A_min=0.4069 A_mean=0.4685 |g|=4.90e-03 bin=0.000 S_flip=0.507 t=165s
[P850_h200_pad0.040] it 115 J=0.45168 A_min=0.4069 A_mean=0.4685 |g|=4.92e-03 bin=0.000 S_flip=0.507 t=166s
[P850_h200_pad0.040] it 116 J=0.45169 A_min=0.4069 A_mean=0.4685 |g|=4.87e-03 bin=0.000 S_flip=0.507 t=167s
[P850_h200_pad0.040] it 117 J=0.45170 A_min=0.4069 A_mean=0.4685 |g|=4.82e-03 bin=0.000 S_flip=0.507 t=169s
[P850_h200_pad0.040] it 118 J=0.45170 A_min=0.4069 A_mean=0.4685 |g|=4.79e-03 bin=0.000 S_flip=0.507 t=170s
[P850_h200_pad0.040] it 119 J=0.45171 A_min=0.4069 A_mean=0.4685 |g|=4.80e-03 bin=0.000 S_flip=0.507 t=171s
[P850_h200_pad0.040] done: J_soft=0.45171 J_hard=0.45173 A_hard=[0.5147, 0.484, 0.4069] S_flip=0.508 wall=173s
[P900_h200_pad0.040] it   0 J=0.20577 A_min=0.1561 A_mean=0.2317 |g|=3.85e-03 bin=0.072 S_flip=0.205 t=1s
[P900_h200_pad0.040] it   1 J=0.20830 A_min=0.1589 A_mean=0.2340 |g|=4.36e-03 bin=0.069 S_flip=0.217 t=3s
[P900_h200_pad0.040] it   2 J=0.21130 A_min=0.1624 A_mean=0.2365 |g|=5.17e-03 bin=0.066 S_flip=0.229 t=4s
[P900_h200_pad0.040] it   3 J=0.21507 A_min=0.1669 A_mean=0.2393 |g|=6.44e-03 bin=0.063 S_flip=0.241 t=5s
[P900_h200_pad0.040] it   4 J=0.22012 A_min=0.1732 A_mean=0.2429 |g|=8.47e-03 bin=0.061 S_flip=0.252 t=7s
[P900_h200_pad0.040] it   5 J=0.22737 A_min=0.1825 A_mean=0.2478 |g|=1.18e-02 bin=0.058 S_flip=0.264 t=8s
[P900_h200_pad0.040] it   6 J=0.23846 A_min=0.1972 A_mean=0.2552 |g|=1.75e-02 bin=0.056 S_flip=0.275 t=9s
[P900_h200_pad0.040] it   7 J=0.25633 A_min=0.2221 A_mean=0.2672 |g|=2.69e-02 bin=0.054 S_flip=0.286 t=11s
[P900_h200_pad0.040] it   8 J=0.28507 A_min=0.2667 A_mean=0.2885 |g|=4.02e-02 bin=0.053 S_flip=0.295 t=12s
[P900_h200_pad0.040] it   9 J=0.32526 A_min=0.3152 A_mean=0.3267 |g|=4.69e-02 bin=0.051 S_flip=0.304 t=13s
[P900_h200_pad0.040] it  10 J=0.36224 A_min=0.3185 A_mean=0.3843 |g|=2.88e-02 bin=0.049 S_flip=0.312 t=15s
[P900_h200_pad0.040] it  11 J=0.37619 A_min=0.3165 A_mean=0.4234 |g|=4.61e-03 bin=0.048 S_flip=0.320 t=16s
[P900_h200_pad0.040] it  12 J=0.37098 A_min=0.3134 A_mean=0.4111 |g|=1.44e-02 bin=0.047 S_flip=0.328 t=18s
[P900_h200_pad0.040] it  13 J=0.35793 A_min=0.3105 A_mean=0.3859 |g|=2.56e-02 bin=0.045 S_flip=0.335 t=19s
[P900_h200_pad0.040] it  14 J=0.34781 A_min=0.3088 A_mean=0.3707 |g|=2.90e-02 bin=0.043 S_flip=0.342 t=20s
[P900_h200_pad0.040] it  15 J=0.34404 A_min=0.3083 A_mean=0.3655 |g|=2.91e-02 bin=0.041 S_flip=0.347 t=22s
[P900_h200_pad0.040] it  16 J=0.34561 A_min=0.3088 A_mean=0.3675 |g|=2.83e-02 bin=0.038 S_flip=0.351 t=23s
[P900_h200_pad0.040] it  17 J=0.35102 A_min=0.3101 A_mean=0.3749 |g|=2.67e-02 bin=0.036 S_flip=0.355 t=24s
[P900_h200_pad0.040] it  18 J=0.35869 A_min=0.3118 A_mean=0.3864 |g|=2.35e-02 bin=0.034 S_flip=0.358 t=26s
[P900_h200_pad0.040] it  19 J=0.36670 A_min=0.3136 A_mean=0.4003 |g|=1.84e-02 bin=0.032 S_flip=0.360 t=27s
[P900_h200_pad0.040] it  20 J=0.37320 A_min=0.3154 A_mean=0.4140 |g|=1.21e-02 bin=0.030 S_flip=0.362 t=28s
[P900_h200_pad0.040] it  21 J=0.37721 A_min=0.3170 A_mean=0.4238 |g|=6.24e-03 bin=0.028 S_flip=0.364 t=30s
[P900_h200_pad0.040] it  22 J=0.37876 A_min=0.3183 A_mean=0.4273 |g|=2.94e-03 bin=0.026 S_flip=0.366 t=31s
[P900_h200_pad0.040] it  23 J=0.37837 A_min=0.3193 A_mean=0.4248 |g|=5.72e-03 bin=0.025 S_flip=0.368 t=33s
[P900_h200_pad0.040] it  24 J=0.37672 A_min=0.3200 A_mean=0.4185 |g|=9.98e-03 bin=0.024 S_flip=0.370 t=34s
[P900_h200_pad0.040] it  25 J=0.37471 A_min=0.3206 A_mean=0.4118 |g|=1.36e-02 bin=0.022 S_flip=0.372 t=36s
[P900_h200_pad0.040] it  26 J=0.37327 A_min=0.3210 A_mean=0.4073 |g|=1.59e-02 bin=0.021 S_flip=0.375 t=38s
[P900_h200_pad0.040] it  27 J=0.37299 A_min=0.3213 A_mean=0.4061 |g|=1.66e-02 bin=0.020 S_flip=0.377 t=39s
[P900_h200_pad0.040] it  28 J=0.37395 A_min=0.3215 A_mean=0.4083 |g|=1.58e-02 bin=0.019 S_flip=0.380 t=40s
[P900_h200_pad0.040] it  29 J=0.37580 A_min=0.3217 A_mean=0.4130 |g|=1.37e-02 bin=0.019 S_flip=0.382 t=42s
[P900_h200_pad0.040] it  30 J=0.37798 A_min=0.3219 A_mean=0.4190 |g|=1.10e-02 bin=0.018 S_flip=0.385 t=43s
[P900_h200_pad0.040] it  31 J=0.38002 A_min=0.3221 A_mean=0.4247 |g|=8.22e-03 bin=0.017 S_flip=0.388 t=45s
[P900_h200_pad0.040] it  32 J=0.38164 A_min=0.3222 A_mean=0.4293 |g|=5.66e-03 bin=0.016 S_flip=0.391 t=47s
[P900_h200_pad0.040] it  33 J=0.38273 A_min=0.3223 A_mean=0.4321 |g|=3.58e-03 bin=0.016 S_flip=0.394 t=50s
[P900_h200_pad0.040] it  34 J=0.38334 A_min=0.3225 A_mean=0.4333 |g|=2.43e-03 bin=0.015 S_flip=0.397 t=52s
[P900_h200_pad0.040] it  35 J=0.38354 A_min=0.3226 A_mean=0.4330 |g|=2.94e-03 bin=0.015 S_flip=0.400 t=53s
[P900_h200_pad0.040] it  36 J=0.38347 A_min=0.3228 A_mean=0.4319 |g|=4.31e-03 bin=0.014 S_flip=0.402 t=55s
[P900_h200_pad0.040] it  37 J=0.38330 A_min=0.3230 A_mean=0.4306 |g|=5.67e-03 bin=0.014 S_flip=0.405 t=56s
[P900_h200_pad0.040] it  38 J=0.38317 A_min=0.3233 A_mean=0.4294 |g|=6.74e-03 bin=0.013 S_flip=0.407 t=58s
[P900_h200_pad0.040] it  39 J=0.38321 A_min=0.3236 A_mean=0.4289 |g|=7.40e-03 bin=0.013 S_flip=0.409 t=59s
[P900_h200_pad0.040] it  40 J=0.38349 A_min=0.3239 A_mean=0.4291 |g|=7.59e-03 bin=0.012 S_flip=0.411 t=61s
[P900_h200_pad0.040] it  41 J=0.38400 A_min=0.3243 A_mean=0.4300 |g|=7.27e-03 bin=0.012 S_flip=0.412 t=62s
[P900_h200_pad0.040] it  42 J=0.38468 A_min=0.3246 A_mean=0.4315 |g|=6.49e-03 bin=0.011 S_flip=0.414 t=64s
[P900_h200_pad0.040] it  43 J=0.38541 A_min=0.3250 A_mean=0.4332 |g|=5.40e-03 bin=0.011 S_flip=0.415 t=65s
[P900_h200_pad0.040] it  44 J=0.38609 A_min=0.3253 A_mean=0.4349 |g|=4.18e-03 bin=0.010 S_flip=0.416 t=66s
[P900_h200_pad0.040] it  45 J=0.38665 A_min=0.3257 A_mean=0.4364 |g|=3.02e-03 bin=0.009 S_flip=0.417 t=68s
[P900_h200_pad0.040] it  46 J=0.38708 A_min=0.3259 A_mean=0.4375 |g|=2.18e-03 bin=0.009 S_flip=0.418 t=69s
[P900_h200_pad0.040] it  47 J=0.38738 A_min=0.3262 A_mean=0.4382 |g|=1.83e-03 bin=0.008 S_flip=0.419 t=71s
[P900_h200_pad0.040] it  48 J=0.38762 A_min=0.3264 A_mean=0.4388 |g|=1.89e-03 bin=0.008 S_flip=0.420 t=72s
[P900_h200_pad0.040] it  49 J=0.38781 A_min=0.3266 A_mean=0.4391 |g|=2.13e-03 bin=0.007 S_flip=0.421 t=73s
[P900_h200_pad0.040] it  50 J=0.38798 A_min=0.3268 A_mean=0.4394 |g|=2.39e-03 bin=0.007 S_flip=0.421 t=75s
[P900_h200_pad0.040] it  51 J=0.38814 A_min=0.3270 A_mean=0.4396 |g|=2.62e-03 bin=0.007 S_flip=0.422 t=76s
[P900_h200_pad0.040] it  52 J=0.38830 A_min=0.3271 A_mean=0.4398 |g|=2.76e-03 bin=0.006 S_flip=0.424 t=78s
[P900_h200_pad0.040] it  53 J=0.38848 A_min=0.3273 A_mean=0.4400 |g|=2.81e-03 bin=0.006 S_flip=0.425 t=79s
[P900_h200_pad0.040] it  54 J=0.38868 A_min=0.3275 A_mean=0.4403 |g|=2.78e-03 bin=0.006 S_flip=0.426 t=80s
[P900_h200_pad0.040] it  55 J=0.38890 A_min=0.3277 A_mean=0.4405 |g|=2.68e-03 bin=0.006 S_flip=0.427 t=82s
[P900_h200_pad0.040] it  56 J=0.38912 A_min=0.3279 A_mean=0.4408 |g|=2.55e-03 bin=0.006 S_flip=0.429 t=83s
[P900_h200_pad0.040] it  57 J=0.38934 A_min=0.3281 A_mean=0.4411 |g|=2.42e-03 bin=0.005 S_flip=0.430 t=85s
[P900_h200_pad0.040] it  58 J=0.38957 A_min=0.3283 A_mean=0.4413 |g|=2.25e-03 bin=0.005 S_flip=0.432 t=86s
[P900_h200_pad0.040] it  59 J=0.38978 A_min=0.3284 A_mean=0.4415 |g|=2.06e-03 bin=0.005 S_flip=0.433 t=87s
[P900_h200_pad0.040] it  60 J=0.38998 A_min=0.3286 A_mean=0.4416 |g|=1.88e-03 bin=0.005 S_flip=0.434 t=89s
[P900_h200_pad0.040] it  61 J=0.39017 A_min=0.3288 A_mean=0.4417 |g|=1.82e-03 bin=0.004 S_flip=0.435 t=90s
[P900_h200_pad0.040] it  62 J=0.39035 A_min=0.3290 A_mean=0.4418 |g|=1.87e-03 bin=0.004 S_flip=0.435 t=92s
[P900_h200_pad0.040] it  63 J=0.39053 A_min=0.3292 A_mean=0.4419 |g|=1.80e-03 bin=0.004 S_flip=0.436 t=93s
[P900_h200_pad0.040] it  64 J=0.39070 A_min=0.3294 A_mean=0.4419 |g|=1.72e-03 bin=0.004 S_flip=0.437 t=94s
[P900_h200_pad0.040] it  65 J=0.39086 A_min=0.3295 A_mean=0.4420 |g|=1.71e-03 bin=0.004 S_flip=0.437 t=96s
[P900_h200_pad0.040] it  66 J=0.39101 A_min=0.3297 A_mean=0.4420 |g|=1.71e-03 bin=0.004 S_flip=0.438 t=97s
[P900_h200_pad0.040] it  67 J=0.39114 A_min=0.3299 A_mean=0.4421 |g|=1.57e-03 bin=0.003 S_flip=0.439 t=99s
[P900_h200_pad0.040] it  68 J=0.39126 A_min=0.3300 A_mean=0.4421 |g|=1.43e-03 bin=0.003 S_flip=0.440 t=101s
[P900_h200_pad0.040] it  69 J=0.39136 A_min=0.3301 A_mean=0.4421 |g|=1.41e-03 bin=0.003 S_flip=0.441 t=102s
[P900_h200_pad0.040] it  70 J=0.39145 A_min=0.3302 A_mean=0.4421 |g|=1.35e-03 bin=0.002 S_flip=0.441 t=103s
[P900_h200_pad0.040] it  71 J=0.39153 A_min=0.3303 A_mean=0.4422 |g|=1.39e-03 bin=0.002 S_flip=0.442 t=105s
[P900_h200_pad0.040] it  72 J=0.39161 A_min=0.3304 A_mean=0.4422 |g|=1.52e-03 bin=0.002 S_flip=0.442 t=106s
[P900_h200_pad0.040] it  73 J=0.39169 A_min=0.3305 A_mean=0.4422 |g|=1.74e-03 bin=0.002 S_flip=0.442 t=107s
[P900_h200_pad0.040] it  74 J=0.39179 A_min=0.3306 A_mean=0.4422 |g|=1.89e-03 bin=0.002 S_flip=0.443 t=109s
[P900_h200_pad0.040] it  75 J=0.39188 A_min=0.3308 A_mean=0.4422 |g|=1.91e-03 bin=0.002 S_flip=0.444 t=110s
[P900_h200_pad0.040] it  76 J=0.39196 A_min=0.3309 A_mean=0.4422 |g|=1.96e-03 bin=0.002 S_flip=0.444 t=111s
[P900_h200_pad0.040] it  77 J=0.39204 A_min=0.3310 A_mean=0.4421 |g|=2.06e-03 bin=0.002 S_flip=0.445 t=113s
[P900_h200_pad0.040] it  78 J=0.39213 A_min=0.3311 A_mean=0.4421 |g|=2.10e-03 bin=0.002 S_flip=0.446 t=114s
[P900_h200_pad0.040] it  79 J=0.39221 A_min=0.3313 A_mean=0.4420 |g|=2.11e-03 bin=0.002 S_flip=0.447 t=115s
[P900_h200_pad0.040] it  80 J=0.39229 A_min=0.3314 A_mean=0.4420 |g|=2.06e-03 bin=0.002 S_flip=0.448 t=117s
[P900_h200_pad0.040] it  81 J=0.39235 A_min=0.3315 A_mean=0.4419 |g|=2.18e-03 bin=0.002 S_flip=0.449 t=118s
[P900_h200_pad0.040] it  82 J=0.39242 A_min=0.3316 A_mean=0.4419 |g|=2.41e-03 bin=0.002 S_flip=0.449 t=120s
[P900_h200_pad0.040] it  83 J=0.39248 A_min=0.3316 A_mean=0.4420 |g|=2.59e-03 bin=0.002 S_flip=0.450 t=121s
[P900_h200_pad0.040] it  84 J=0.39255 A_min=0.3317 A_mean=0.4421 |g|=2.57e-03 bin=0.002 S_flip=0.451 t=123s
[P900_h200_pad0.040] it  85 J=0.39262 A_min=0.3317 A_mean=0.4423 |g|=2.53e-03 bin=0.002 S_flip=0.451 t=124s
[P900_h200_pad0.040] it  86 J=0.39268 A_min=0.3317 A_mean=0.4425 |g|=2.50e-03 bin=0.002 S_flip=0.451 t=126s
[P900_h200_pad0.040] it  87 J=0.39274 A_min=0.3318 A_mean=0.4427 |g|=2.39e-03 bin=0.002 S_flip=0.451 t=127s
[P900_h200_pad0.040] it  88 J=0.39280 A_min=0.3318 A_mean=0.4429 |g|=2.22e-03 bin=0.001 S_flip=0.452 t=129s
[P900_h200_pad0.040] it  89 J=0.39285 A_min=0.3318 A_mean=0.4431 |g|=2.11e-03 bin=0.001 S_flip=0.452 t=130s
[P900_h200_pad0.040] it  90 J=0.39290 A_min=0.3318 A_mean=0.4432 |g|=2.07e-03 bin=0.001 S_flip=0.452 t=132s
[P900_h200_pad0.040] it  91 J=0.39295 A_min=0.3318 A_mean=0.4434 |g|=2.01e-03 bin=0.001 S_flip=0.452 t=134s
[P900_h200_pad0.040] it  92 J=0.39299 A_min=0.3318 A_mean=0.4435 |g|=2.10e-03 bin=0.001 S_flip=0.452 t=135s
[P900_h200_pad0.040] it  93 J=0.39303 A_min=0.3318 A_mean=0.4436 |g|=2.47e-03 bin=0.001 S_flip=0.453 t=137s
[P900_h200_pad0.040] it  94 J=0.39308 A_min=0.3319 A_mean=0.4437 |g|=2.78e-03 bin=0.001 S_flip=0.453 t=138s
[P900_h200_pad0.040] it  95 J=0.39314 A_min=0.3319 A_mean=0.4438 |g|=2.57e-03 bin=0.001 S_flip=0.453 t=140s
[P900_h200_pad0.040] it  96 J=0.39318 A_min=0.3320 A_mean=0.4439 |g|=2.18e-03 bin=0.001 S_flip=0.454 t=141s
[P900_h200_pad0.040] it  97 J=0.39321 A_min=0.3320 A_mean=0.4440 |g|=1.97e-03 bin=0.001 S_flip=0.454 t=143s
[P900_h200_pad0.040] it  98 J=0.39324 A_min=0.3320 A_mean=0.4441 |g|=2.03e-03 bin=0.001 S_flip=0.454 t=144s
[P900_h200_pad0.040] it  99 J=0.39326 A_min=0.3320 A_mean=0.4442 |g|=1.92e-03 bin=0.001 S_flip=0.454 t=145s
[P900_h200_pad0.040] it 100 J=0.39328 A_min=0.3320 A_mean=0.4443 |g|=1.55e-03 bin=0.001 S_flip=0.455 t=147s
[P900_h200_pad0.040] it 101 J=0.39329 A_min=0.3320 A_mean=0.4443 |g|=1.23e-03 bin=0.001 S_flip=0.455 t=148s
[P900_h200_pad0.040] it 102 J=0.39330 A_min=0.3320 A_mean=0.4443 |g|=1.15e-03 bin=0.001 S_flip=0.455 t=150s
[P900_h200_pad0.040] it 103 J=0.39330 A_min=0.3320 A_mean=0.4443 |g|=1.26e-03 bin=0.001 S_flip=0.455 t=151s
[P900_h200_pad0.040] it 104 J=0.39331 A_min=0.3320 A_mean=0.4443 |g|=1.42e-03 bin=0.001 S_flip=0.455 t=153s
[P900_h200_pad0.040] it 105 J=0.39332 A_min=0.3320 A_mean=0.4443 |g|=1.62e-03 bin=0.001 S_flip=0.455 t=154s
[P900_h200_pad0.040] it 106 J=0.39333 A_min=0.3320 A_mean=0.4443 |g|=1.87e-03 bin=0.001 S_flip=0.455 t=156s
[P900_h200_pad0.040] it 107 J=0.39334 A_min=0.3320 A_mean=0.4443 |g|=2.21e-03 bin=0.001 S_flip=0.455 t=157s
[P900_h200_pad0.040] it 108 J=0.39335 A_min=0.3321 A_mean=0.4443 |g|=2.68e-03 bin=0.001 S_flip=0.455 t=159s
[P900_h200_pad0.040] it 109 J=0.39336 A_min=0.3321 A_mean=0.4443 |g|=3.30e-03 bin=0.001 S_flip=0.455 t=160s
[P900_h200_pad0.040] it 110 J=0.39338 A_min=0.3321 A_mean=0.4443 |g|=3.96e-03 bin=0.001 S_flip=0.455 t=162s
[P900_h200_pad0.040] it 111 J=0.39339 A_min=0.3321 A_mean=0.4443 |g|=4.48e-03 bin=0.001 S_flip=0.455 t=163s
[P900_h200_pad0.040] it 112 J=0.39341 A_min=0.3321 A_mean=0.4443 |g|=4.67e-03 bin=0.001 S_flip=0.456 t=165s
[P900_h200_pad0.040] it 113 J=0.39343 A_min=0.3322 A_mean=0.4443 |g|=4.52e-03 bin=0.001 S_flip=0.456 t=166s
[P900_h200_pad0.040] it 114 J=0.39344 A_min=0.3322 A_mean=0.4443 |g|=4.19e-03 bin=0.000 S_flip=0.456 t=167s
[P900_h200_pad0.040] it 115 J=0.39345 A_min=0.3322 A_mean=0.4443 |g|=3.88e-03 bin=0.000 S_flip=0.456 t=169s
[P900_h200_pad0.040] it 116 J=0.39346 A_min=0.3322 A_mean=0.4443 |g|=3.65e-03 bin=0.000 S_flip=0.456 t=170s
[P900_h200_pad0.040] it 117 J=0.39346 A_min=0.3322 A_mean=0.4443 |g|=3.51e-03 bin=0.000 S_flip=0.456 t=172s
[P900_h200_pad0.040] it 118 J=0.39346 A_min=0.3322 A_mean=0.4443 |g|=3.43e-03 bin=0.000 S_flip=0.456 t=173s
[P900_h200_pad0.040] it 119 J=0.39346 A_min=0.3322 A_mean=0.4443 |g|=3.39e-03 bin=0.000 S_flip=0.456 t=174s
[P900_h200_pad0.040] done: J_soft=0.39346 J_hard=0.39345 A_hard=[0.5016, 0.499, 0.3322] S_flip=0.457 wall=176s
[P800_h200_pad0.040] it   0 J=0.24001 A_min=0.2182 A_mean=0.2431 |g|=5.37e-03 bin=0.076 S_flip=0.200 t=1s
[P800_h200_pad0.040] it   1 J=0.24456 A_min=0.2198 A_mean=0.2480 |g|=5.95e-03 bin=0.071 S_flip=0.196 t=3s
[P800_h200_pad0.040] it   2 J=0.24957 A_min=0.2216 A_mean=0.2540 |g|=6.40e-03 bin=0.067 S_flip=0.193 t=4s
[P800_h200_pad0.040] it   3 J=0.25489 A_min=0.2237 A_mean=0.2618 |g|=6.59e-03 bin=0.063 S_flip=0.189 t=5s
[P800_h200_pad0.040] it   4 J=0.26026 A_min=0.2263 A_mean=0.2715 |g|=6.46e-03 bin=0.059 S_flip=0.186 t=7s
[P800_h200_pad0.040] it   5 J=0.26539 A_min=0.2293 A_mean=0.2835 |g|=6.14e-03 bin=0.056 S_flip=0.183 t=8s
[P800_h200_pad0.040] it   6 J=0.27017 A_min=0.2331 A_mean=0.2976 |g|=5.90e-03 bin=0.053 S_flip=0.180 t=9s
[P800_h200_pad0.040] it   7 J=0.27477 A_min=0.2377 A_mean=0.3133 |g|=6.09e-03 bin=0.050 S_flip=0.178 t=11s
[P800_h200_pad0.040] it   8 J=0.27960 A_min=0.2435 A_mean=0.3296 |g|=6.86e-03 bin=0.047 S_flip=0.176 t=12s
[P800_h200_pad0.040] it   9 J=0.28523 A_min=0.2509 A_mean=0.3453 |g|=8.31e-03 bin=0.045 S_flip=0.175 t=14s
[P800_h200_pad0.040] it  10 J=0.29238 A_min=0.2607 A_mean=0.3591 |g|=1.06e-02 bin=0.042 S_flip=0.173 t=15s
[P800_h200_pad0.040] it  11 J=0.30213 A_min=0.2746 A_mean=0.3701 |g|=1.41e-02 bin=0.040 S_flip=0.171 t=16s
[P800_h200_pad0.040] it  12 J=0.31614 A_min=0.2869 A_mean=0.3784 |g|=1.93e-02 bin=0.038 S_flip=0.170 t=18s
[P800_h200_pad0.040] it  13 J=0.33676 A_min=0.2997 A_mean=0.3864 |g|=2.65e-02 bin=0.036 S_flip=0.169 t=19s
[P800_h200_pad0.040] it  14 J=0.36646 A_min=0.3211 A_mean=0.3992 |g|=3.46e-02 bin=0.034 S_flip=0.168 t=21s
[P800_h200_pad0.040] it  15 J=0.40487 A_min=0.3579 A_mean=0.4230 |g|=3.90e-02 bin=0.032 S_flip=0.167 t=22s
[P800_h200_pad0.040] it  16 J=0.43904 A_min=0.4187 A_mean=0.4551 |g|=2.40e-02 bin=0.030 S_flip=0.166 t=24s
[P800_h200_pad0.040] it  17 J=0.44004 A_min=0.3867 A_mean=0.4695 |g|=2.36e-02 bin=0.029 S_flip=0.165 t=25s
[P800_h200_pad0.040] it  18 J=0.42453 A_min=0.3707 A_mean=0.4567 |g|=3.73e-02 bin=0.028 S_flip=0.164 t=27s
[P800_h200_pad0.040] it  19 J=0.41477 A_min=0.3666 A_mean=0.4429 |g|=4.53e-02 bin=0.026 S_flip=0.164 t=28s
[P800_h200_pad0.040] it  20 J=0.41667 A_min=0.3710 A_mean=0.4426 |g|=4.80e-02 bin=0.025 S_flip=0.165 t=29s
[P800_h200_pad0.040] it  21 J=0.42926 A_min=0.3819 A_mean=0.4551 |g|=4.65e-02 bin=0.024 S_flip=0.166 t=31s
[P800_h200_pad0.040] it  22 J=0.44853 A_min=0.3983 A_mean=0.4738 |g|=4.05e-02 bin=0.023 S_flip=0.168 t=32s
[P800_h200_pad0.040] it  23 J=0.46864 A_min=0.4193 A_mean=0.4898 |g|=2.93e-02 bin=0.022 S_flip=0.170 t=34s
[P800_h200_pad0.040] it  24 J=0.48201 A_min=0.4434 A_mean=0.4964 |g|=1.59e-02 bin=0.021 S_flip=0.173 t=35s
[P800_h200_pad0.040] it  25 J=0.48323 A_min=0.4623 A_mean=0.4947 |g|=2.63e-02 bin=0.020 S_flip=0.175 t=37s
[P800_h200_pad0.040] it  26 J=0.47840 A_min=0.4418 A_mean=0.4916 |g|=3.96e-02 bin=0.019 S_flip=0.177 t=38s
[P800_h200_pad0.040] it  27 J=0.47689 A_min=0.4349 A_mean=0.4920 |g|=4.58e-02 bin=0.018 S_flip=0.178 t=40s
[P800_h200_pad0.040] it  28 J=0.48210 A_min=0.4403 A_mean=0.4969 |g|=4.78e-02 bin=0.017 S_flip=0.178 t=41s
[P800_h200_pad0.040] it  29 J=0.49338 A_min=0.4566 A_mean=0.5054 |g|=4.43e-02 bin=0.016 S_flip=0.177 t=42s
[P800_h200_pad0.040] it  30 J=0.50691 A_min=0.4820 A_mean=0.5150 |g|=3.09e-02 bin=0.016 S_flip=0.176 t=44s
[P800_h200_pad0.040] it  31 J=0.51603 A_min=0.4947 A_mean=0.5216 |g|=1.26e-02 bin=0.015 S_flip=0.177 t=45s
[P800_h200_pad0.040] it  32 J=0.51814 A_min=0.4895 A_mean=0.5233 |g|=1.69e-02 bin=0.014 S_flip=0.177 t=47s
[P800_h200_pad0.040] it  33 J=0.51750 A_min=0.4874 A_mean=0.5228 |g|=2.58e-02 bin=0.013 S_flip=0.176 t=49s
[P800_h200_pad0.040] it  34 J=0.51838 A_min=0.4894 A_mean=0.5233 |g|=2.90e-02 bin=0.012 S_flip=0.175 t=50s
[P800_h200_pad0.040] it  35 J=0.52203 A_min=0.4953 A_mean=0.5261 |g|=2.74e-02 bin=0.012 S_flip=0.175 t=52s
[P800_h200_pad0.040] it  36 J=0.52748 A_min=0.5041 A_mean=0.5303 |g|=2.16e-02 bin=0.012 S_flip=0.176 t=54s
[P800_h200_pad0.040] it  37 J=0.53266 A_min=0.5144 A_mean=0.5346 |g|=1.28e-02 bin=0.011 S_flip=0.177 t=55s
[P800_h200_pad0.040] it  38 J=0.53576 A_min=0.5249 A_mean=0.5376 |g|=5.45e-03 bin=0.011 S_flip=0.179 t=57s
[P800_h200_pad0.040] it  39 J=0.53623 A_min=0.5186 A_mean=0.5390 |g|=1.21e-02 bin=0.010 S_flip=0.179 t=59s
[P800_h200_pad0.040] it  40 J=0.53541 A_min=0.5114 A_mean=0.5394 |g|=1.90e-02 bin=0.009 S_flip=0.179 t=60s
[P800_h200_pad0.040] it  41 J=0.53520 A_min=0.5086 A_mean=0.5398 |g|=2.20e-02 bin=0.009 S_flip=0.178 t=61s
[P800_h200_pad0.040] it  42 J=0.53647 A_min=0.5105 A_mean=0.5408 |g|=2.11e-02 bin=0.008 S_flip=0.178 t=63s
[P800_h200_pad0.040] it  43 J=0.53890 A_min=0.5165 A_mean=0.5421 |g|=1.67e-02 bin=0.008 S_flip=0.177 t=64s
[P800_h200_pad0.040] it  44 J=0.54146 A_min=0.5249 A_mean=0.5434 |g|=9.94e-03 bin=0.008 S_flip=0.176 t=66s
[P800_h200_pad0.040] it  45 J=0.54312 A_min=0.5341 A_mean=0.5440 |g|=3.70e-03 bin=0.008 S_flip=0.176 t=67s
[P800_h200_pad0.040] it  46 J=0.54338 A_min=0.5370 A_mean=0.5437 |g|=8.20e-03 bin=0.008 S_flip=0.177 t=69s
[P800_h200_pad0.040] it  47 J=0.54290 A_min=0.5356 A_mean=0.5431 |g|=1.34e-02 bin=0.007 S_flip=0.177 t=70s
[P800_h200_pad0.040] it  48 J=0.54276 A_min=0.5357 A_mean=0.5430 |g|=1.56e-02 bin=0.007 S_flip=0.177 t=72s
[P800_h200_pad0.040] it  49 J=0.54343 A_min=0.5374 A_mean=0.5436 |g|=1.48e-02 bin=0.006 S_flip=0.177 t=73s
[P800_h200_pad0.040] it  50 J=0.54461 A_min=0.5403 A_mean=0.5447 |g|=1.12e-02 bin=0.006 S_flip=0.177 t=75s
[P800_h200_pad0.040] it  51 J=0.54569 A_min=0.5420 A_mean=0.5458 |g|=6.33e-03 bin=0.006 S_flip=0.177 t=76s
[P800_h200_pad0.040] it  52 J=0.54625 A_min=0.5378 A_mean=0.5466 |g|=1.78e-03 bin=0.005 S_flip=0.177 t=77s
[P800_h200_pad0.040] it  53 J=0.54628 A_min=0.5337 A_mean=0.5471 |g|=4.20e-03 bin=0.005 S_flip=0.176 t=79s
[P800_h200_pad0.040] it  54 J=0.54602 A_min=0.5305 A_mean=0.5472 |g|=7.68e-03 bin=0.005 S_flip=0.176 t=80s
[P800_h200_pad0.040] it  55 J=0.54580 A_min=0.5286 A_mean=0.5473 |g|=9.88e-03 bin=0.005 S_flip=0.175 t=82s
[P800_h200_pad0.040] it  56 J=0.54585 A_min=0.5284 A_mean=0.5474 |g|=1.03e-02 bin=0.005 S_flip=0.175 t=83s
[P800_h200_pad0.040] it  57 J=0.54619 A_min=0.5298 A_mean=0.5475 |g|=9.07e-03 bin=0.004 S_flip=0.175 t=85s
[P800_h200_pad0.040] it  58 J=0.54664 A_min=0.5323 A_mean=0.5476 |g|=6.46e-03 bin=0.004 S_flip=0.174 t=86s
[P800_h200_pad0.040] it  59 J=0.54700 A_min=0.5353 A_mean=0.5476 |g|=3.25e-03 bin=0.004 S_flip=0.174 t=87s
[P800_h200_pad0.040] it  60 J=0.54715 A_min=0.5381 A_mean=0.5475 |g|=1.11e-03 bin=0.004 S_flip=0.174 t=89s
[P800_h200_pad0.040] it  61 J=0.54712 A_min=0.5405 A_mean=0.5473 |g|=3.23e-03 bin=0.004 S_flip=0.173 t=90s
[P800_h200_pad0.040] it  62 J=0.54702 A_min=0.5421 A_mean=0.5471 |g|=5.17e-03 bin=0.004 S_flip=0.173 t=91s
[P800_h200_pad0.040] it  63 J=0.54696 A_min=0.5430 A_mean=0.5470 |g|=6.20e-03 bin=0.003 S_flip=0.173 t=93s
[P800_h200_pad0.040] it  64 J=0.54700 A_min=0.5430 A_mean=0.5471 |g|=6.28e-03 bin=0.003 S_flip=0.172 t=94s
[P800_h200_pad0.040] it  65 J=0.54713 A_min=0.5424 A_mean=0.5472 |g|=5.49e-03 bin=0.003 S_flip=0.172 t=96s
[P800_h200_pad0.040] it  66 J=0.54731 A_min=0.5413 A_mean=0.5475 |g|=4.04e-03 bin=0.003 S_flip=0.172 t=98s
[P800_h200_pad0.040] it  67 J=0.54745 A_min=0.5398 A_mean=0.5477 |g|=2.24e-03 bin=0.003 S_flip=0.172 t=99s
[P800_h200_pad0.040] it  68 J=0.54752 A_min=0.5382 A_mean=0.5479 |g|=8.80e-04 bin=0.003 S_flip=0.172 t=101s
[P800_h200_pad0.040] it  69 J=0.54752 A_min=0.5368 A_mean=0.5480 |g|=1.82e-03 bin=0.003 S_flip=0.172 t=102s
[P800_h200_pad0.040] it  70 J=0.54749 A_min=0.5358 A_mean=0.5481 |g|=3.01e-03 bin=0.003 S_flip=0.172 t=103s
[P800_h200_pad0.040] it  71 J=0.54747 A_min=0.5352 A_mean=0.5482 |g|=3.79e-03 bin=0.002 S_flip=0.172 t=104s
[P800_h200_pad0.040] it  72 J=0.54747 A_min=0.5350 A_mean=0.5482 |g|=4.03e-03 bin=0.002 S_flip=0.172 t=106s
[P800_h200_pad0.040] it  73 J=0.54751 A_min=0.5353 A_mean=0.5482 |g|=3.72e-03 bin=0.002 S_flip=0.172 t=107s
[P800_h200_pad0.040] it  74 J=0.54756 A_min=0.5359 A_mean=0.5482 |g|=2.97e-03 bin=0.002 S_flip=0.172 t=108s
[P800_h200_pad0.040] it  75 J=0.54762 A_min=0.5368 A_mean=0.5481 |g|=2.02e-03 bin=0.002 S_flip=0.172 t=109s
[P800_h200_pad0.040] it  76 J=0.54766 A_min=0.5377 A_mean=0.5481 |g|=1.16e-03 bin=0.002 S_flip=0.173 t=111s
[P800_h200_pad0.040] it  77 J=0.54768 A_min=0.5385 A_mean=0.5480 |g|=9.64e-04 bin=0.002 S_flip=0.173 t=112s
[P800_h200_pad0.040] it  78 J=0.54768 A_min=0.5393 A_mean=0.5480 |g|=1.54e-03 bin=0.002 S_flip=0.173 t=113s
[P800_h200_pad0.040] it  79 J=0.54767 A_min=0.5399 A_mean=0.5479 |g|=2.19e-03 bin=0.002 S_flip=0.174 t=114s
[P800_h200_pad0.040] it  80 J=0.54767 A_min=0.5402 A_mean=0.5479 |g|=2.65e-03 bin=0.002 S_flip=0.174 t=115s
[P800_h200_pad0.040] it  81 J=0.54768 A_min=0.5403 A_mean=0.5479 |g|=2.84e-03 bin=0.002 S_flip=0.175 t=117s
[P800_h200_pad0.040] it  82 J=0.54770 A_min=0.5402 A_mean=0.5479 |g|=2.75e-03 bin=0.002 S_flip=0.175 t=118s
[P800_h200_pad0.040] it  83 J=0.54773 A_min=0.5399 A_mean=0.5480 |g|=2.40e-03 bin=0.002 S_flip=0.175 t=119s
[P800_h200_pad0.040] it  84 J=0.54775 A_min=0.5394 A_mean=0.5481 |g|=1.86e-03 bin=0.002 S_flip=0.175 t=120s
[P800_h200_pad0.040] it  85 J=0.54778 A_min=0.5389 A_mean=0.5481 |g|=1.30e-03 bin=0.002 S_flip=0.175 t=121s
[P800_h200_pad0.040] it  86 J=0.54779 A_min=0.5384 A_mean=0.5482 |g|=1.07e-03 bin=0.002 S_flip=0.175 t=122s
[P800_h200_pad0.040] it  87 J=0.54780 A_min=0.5381 A_mean=0.5482 |g|=1.25e-03 bin=0.001 S_flip=0.174 t=124s
[P800_h200_pad0.040] it  88 J=0.54780 A_min=0.5378 A_mean=0.5482 |g|=1.49e-03 bin=0.001 S_flip=0.174 t=125s
[P800_h200_pad0.040] it  89 J=0.54781 A_min=0.5378 A_mean=0.5483 |g|=1.62e-03 bin=0.001 S_flip=0.175 t=126s
[P800_h200_pad0.040] it  90 J=0.54782 A_min=0.5378 A_mean=0.5483 |g|=1.63e-03 bin=0.001 S_flip=0.175 t=127s
[P800_h200_pad0.040] it  91 J=0.54783 A_min=0.5379 A_mean=0.5483 |g|=1.56e-03 bin=0.001 S_flip=0.175 t=129s
[P800_h200_pad0.040] it  92 J=0.54784 A_min=0.5380 A_mean=0.5483 |g|=1.47e-03 bin=0.001 S_flip=0.175 t=130s
[P800_h200_pad0.040] it  93 J=0.54785 A_min=0.5382 A_mean=0.5483 |g|=1.39e-03 bin=0.001 S_flip=0.176 t=131s
[P800_h200_pad0.040] it  94 J=0.54786 A_min=0.5384 A_mean=0.5483 |g|=1.35e-03 bin=0.001 S_flip=0.176 t=133s
[P800_h200_pad0.040] it  95 J=0.54787 A_min=0.5385 A_mean=0.5483 |g|=1.34e-03 bin=0.001 S_flip=0.176 t=134s
[P800_h200_pad0.040] it  96 J=0.54788 A_min=0.5387 A_mean=0.5482 |g|=1.34e-03 bin=0.001 S_flip=0.176 t=136s
[P800_h200_pad0.040] it  97 J=0.54788 A_min=0.5388 A_mean=0.5482 |g|=1.32e-03 bin=0.001 S_flip=0.176 t=137s
[P800_h200_pad0.040] it  98 J=0.54789 A_min=0.5389 A_mean=0.5482 |g|=1.27e-03 bin=0.001 S_flip=0.176 t=139s
[P800_h200_pad0.040] it  99 J=0.54789 A_min=0.5390 A_mean=0.5482 |g|=1.20e-03 bin=0.001 S_flip=0.176 t=140s
[P800_h200_pad0.040] it 100 J=0.54790 A_min=0.5391 A_mean=0.5482 |g|=1.11e-03 bin=0.001 S_flip=0.177 t=142s
[P800_h200_pad0.040] it 101 J=0.54790 A_min=0.5391 A_mean=0.5482 |g|=1.01e-03 bin=0.000 S_flip=0.177 t=143s
[P800_h200_pad0.040] it 102 J=0.54791 A_min=0.5392 A_mean=0.5482 |g|=8.96e-04 bin=0.000 S_flip=0.177 t=145s
[P800_h200_pad0.040] it 103 J=0.54791 A_min=0.5392 A_mean=0.5482 |g|=7.90e-04 bin=0.000 S_flip=0.177 t=146s
[P800_h200_pad0.040] it 104 J=0.54791 A_min=0.5392 A_mean=0.5482 |g|=6.94e-04 bin=0.000 S_flip=0.177 t=148s
[P800_h200_pad0.040] it 105 J=0.54791 A_min=0.5393 A_mean=0.5482 |g|=6.10e-04 bin=0.000 S_flip=0.177 t=150s
[P800_h200_pad0.040] it 106 J=0.54792 A_min=0.5393 A_mean=0.5482 |g|=5.39e-04 bin=0.000 S_flip=0.177 t=151s
[P800_h200_pad0.040] it 107 J=0.54792 A_min=0.5393 A_mean=0.5482 |g|=4.80e-04 bin=0.000 S_flip=0.177 t=153s
[P800_h200_pad0.040] it 108 J=0.54792 A_min=0.5393 A_mean=0.5482 |g|=4.30e-04 bin=0.000 S_flip=0.177 t=154s
[P800_h200_pad0.040] it 109 J=0.54792 A_min=0.5393 A_mean=0.5482 |g|=3.89e-04 bin=0.000 S_flip=0.177 t=155s
[P800_h200_pad0.040] it 110 J=0.54792 A_min=0.5393 A_mean=0.5482 |g|=3.55e-04 bin=0.000 S_flip=0.177 t=157s
[P800_h200_pad0.040] it 111 J=0.54792 A_min=0.5393 A_mean=0.5482 |g|=3.27e-04 bin=0.000 S_flip=0.177 t=158s
[P800_h200_pad0.040] it 112 J=0.54792 A_min=0.5393 A_mean=0.5482 |g|=3.02e-04 bin=0.000 S_flip=0.177 t=160s
[P800_h200_pad0.040] it 113 J=0.54792 A_min=0.5393 A_mean=0.5482 |g|=2.81e-04 bin=0.000 S_flip=0.177 t=161s
[P800_h200_pad0.040] it 114 J=0.54792 A_min=0.5393 A_mean=0.5482 |g|=2.63e-04 bin=0.000 S_flip=0.177 t=162s
[P800_h200_pad0.040] it 115 J=0.54792 A_min=0.5393 A_mean=0.5482 |g|=2.46e-04 bin=0.000 S_flip=0.177 t=164s
[P800_h200_pad0.040] it 116 J=0.54792 A_min=0.5393 A_mean=0.5482 |g|=2.32e-04 bin=0.000 S_flip=0.177 t=165s
[P800_h200_pad0.040] it 117 J=0.54792 A_min=0.5393 A_mean=0.5482 |g|=2.19e-04 bin=0.000 S_flip=0.177 t=166s
[P800_h200_pad0.040] it 118 J=0.54792 A_min=0.5393 A_mean=0.5482 |g|=2.07e-04 bin=0.000 S_flip=0.177 t=168s
[P800_h200_pad0.040] it 119 J=0.54792 A_min=0.5393 A_mean=0.5482 |g|=1.95e-04 bin=0.000 S_flip=0.177 t=169s
[P800_h200_pad0.040] done: J_soft=0.54792 J_hard=0.54792 A_hard=[0.5522, 0.5393, 0.5533] S_flip=0.178 wall=171s
[P850_h220_pad0.040] it   0 J=0.26804 A_min=0.2291 A_mean=0.2857 |g|=3.02e-02 bin=0.074 S_flip=0.203 t=2s
[P850_h220_pad0.040] it   1 J=0.31585 A_min=0.2919 A_mean=0.3222 |g|=5.66e-02 bin=0.072 S_flip=0.210 t=3s
[P850_h220_pad0.040] it   2 J=0.38972 A_min=0.3704 A_mean=0.3931 |g|=6.34e-02 bin=0.070 S_flip=0.217 t=5s
[P850_h220_pad0.040] it   3 J=0.43165 A_min=0.3731 A_mean=0.4738 |g|=8.65e-03 bin=0.069 S_flip=0.224 t=6s
[P850_h220_pad0.040] it   4 J=0.42063 A_min=0.3696 A_mean=0.4519 |g|=3.29e-02 bin=0.068 S_flip=0.230 t=8s
[P850_h220_pad0.040] it   5 J=0.39683 A_min=0.3652 A_mean=0.4161 |g|=5.35e-02 bin=0.065 S_flip=0.236 t=9s
[P850_h220_pad0.040] it   6 J=0.39253 A_min=0.3643 A_mean=0.4107 |g|=5.43e-02 bin=0.062 S_flip=0.240 t=11s
[P850_h220_pad0.040] it   7 J=0.40328 A_min=0.3661 A_mean=0.4247 |g|=4.86e-02 bin=0.058 S_flip=0.243 t=12s
[P850_h220_pad0.040] it   8 J=0.41913 A_min=0.3692 A_mean=0.4493 |g|=3.36e-02 bin=0.054 S_flip=0.246 t=13s
[P850_h220_pad0.040] it   9 J=0.43012 A_min=0.3719 A_mean=0.4717 |g|=1.46e-02 bin=0.050 S_flip=0.248 t=15s
[P850_h220_pad0.040] it  10 J=0.43330 A_min=0.3737 A_mean=0.4778 |g|=2.46e-03 bin=0.047 S_flip=0.250 t=16s
[P850_h220_pad0.040] it  11 J=0.43057 A_min=0.3745 A_mean=0.4668 |g|=1.45e-02 bin=0.044 S_flip=0.252 t=18s
[P850_h220_pad0.040] it  12 J=0.42484 A_min=0.3747 A_mean=0.4506 |g|=2.66e-02 bin=0.042 S_flip=0.254 t=19s
[P850_h220_pad0.040] it  13 J=0.42046 A_min=0.3748 A_mean=0.4404 |g|=3.34e-02 bin=0.040 S_flip=0.257 t=21s
[P850_h220_pad0.040] it  14 J=0.42031 A_min=0.3749 A_mean=0.4400 |g|=3.36e-02 bin=0.038 S_flip=0.260 t=22s
[P850_h220_pad0.040] it  15 J=0.42392 A_min=0.3751 A_mean=0.4478 |g|=2.84e-02 bin=0.036 S_flip=0.263 t=24s
[P850_h220_pad0.040] it  16 J=0.42882 A_min=0.3753 A_mean=0.4602 |g|=1.99e-02 bin=0.035 S_flip=0.266 t=26s
[P850_h220_pad0.040] it  17 J=0.43267 A_min=0.3753 A_mean=0.4719 |g|=1.09e-02 bin=0.033 S_flip=0.270 t=27s
[P850_h220_pad0.040] it  18 J=0.43450 A_min=0.3750 A_mean=0.4788 |g|=3.44e-03 bin=0.032 S_flip=0.273 t=29s
[P850_h220_pad0.040] it  19 J=0.43448 A_min=0.3746 A_mean=0.4799 |g|=4.61e-03 bin=0.030 S_flip=0.277 t=30s
[P850_h220_pad0.040] it  20 J=0.43326 A_min=0.3740 A_mean=0.4772 |g|=9.98e-03 bin=0.029 S_flip=0.280 t=32s
[P850_h220_pad0.040] it  21 J=0.43169 A_min=0.3736 A_mean=0.4733 |g|=1.43e-02 bin=0.028 S_flip=0.283 t=33s
[P850_h220_pad0.040] it  22 J=0.43065 A_min=0.3735 A_mean=0.4707 |g|=1.68e-02 bin=0.027 S_flip=0.286 t=35s
[P850_h220_pad0.040] it  23 J=0.43064 A_min=0.3736 A_mean=0.4705 |g|=1.72e-02 bin=0.026 S_flip=0.288 t=36s
[P850_h220_pad0.040] it  24 J=0.43164 A_min=0.3741 A_mean=0.4725 |g|=1.55e-02 bin=0.024 S_flip=0.290 t=38s
[P850_h220_pad0.040] it  25 J=0.43321 A_min=0.3746 A_mean=0.4760 |g|=1.24e-02 bin=0.023 S_flip=0.292 t=39s
[P850_h220_pad0.040] it  26 J=0.43477 A_min=0.3753 A_mean=0.4795 |g|=8.59e-03 bin=0.022 S_flip=0.293 t=41s
[P850_h220_pad0.040] it  27 J=0.43590 A_min=0.3759 A_mean=0.4819 |g|=4.74e-03 bin=0.021 S_flip=0.295 t=43s
[P850_h220_pad0.040] it  28 J=0.43644 A_min=0.3763 A_mean=0.4826 |g|=2.00e-03 bin=0.020 S_flip=0.296 t=44s
[P850_h220_pad0.040] it  29 J=0.43646 A_min=0.3767 A_mean=0.4818 |g|=3.56e-03 bin=0.019 S_flip=0.297 t=46s
[P850_h220_pad0.040] it  30 J=0.43614 A_min=0.3769 A_mean=0.4801 |g|=6.20e-03 bin=0.019 S_flip=0.299 t=47s
[P850_h220_pad0.040] it  31 J=0.43578 A_min=0.3771 A_mean=0.4785 |g|=8.23e-03 bin=0.018 S_flip=0.300 t=49s
[P850_h220_pad0.040] it  32 J=0.43560 A_min=0.3772 A_mean=0.4776 |g|=9.32e-03 bin=0.017 S_flip=0.302 t=50s
[P850_h220_pad0.040] it  33 J=0.43573 A_min=0.3773 A_mean=0.4778 |g|=9.38e-03 bin=0.016 S_flip=0.303 t=52s
[P850_h220_pad0.040] it  34 J=0.43616 A_min=0.3774 A_mean=0.4790 |g|=8.52e-03 bin=0.016 S_flip=0.305 t=53s
[P850_h220_pad0.040] it  35 J=0.43675 A_min=0.3775 A_mean=0.4809 |g|=6.99e-03 bin=0.015 S_flip=0.307 t=55s
[P850_h220_pad0.040] it  36 J=0.43735 A_min=0.3776 A_mean=0.4828 |g|=5.12e-03 bin=0.014 S_flip=0.309 t=56s
[P850_h220_pad0.040] it  37 J=0.43783 A_min=0.3777 A_mean=0.4843 |g|=3.20e-03 bin=0.014 S_flip=0.311 t=58s
[P850_h220_pad0.040] it  38 J=0.43813 A_min=0.3778 A_mean=0.4852 |g|=1.77e-03 bin=0.013 S_flip=0.313 t=59s
[P850_h220_pad0.040] it  39 J=0.43826 A_min=0.3779 A_mean=0.4855 |g|=2.06e-03 bin=0.013 S_flip=0.315 t=60s
[P850_h220_pad0.040] it  40 J=0.43826 A_min=0.3779 A_mean=0.4854 |g|=3.37e-03 bin=0.012 S_flip=0.316 t=62s
[P850_h220_pad0.040] it  41 J=0.43821 A_min=0.3780 A_mean=0.4852 |g|=4.59e-03 bin=0.012 S_flip=0.318 t=63s
[P850_h220_pad0.040] it  42 J=0.43820 A_min=0.3781 A_mean=0.4849 |g|=5.42e-03 bin=0.011 S_flip=0.319 t=64s
[P850_h220_pad0.040] it  43 J=0.43828 A_min=0.3782 A_mean=0.4850 |g|=5.74e-03 bin=0.011 S_flip=0.321 t=66s
[P850_h220_pad0.040] it  44 J=0.43845 A_min=0.3783 A_mean=0.4853 |g|=5.52e-03 bin=0.011 S_flip=0.322 t=67s
[P850_h220_pad0.040] it  45 J=0.43870 A_min=0.3785 A_mean=0.4858 |g|=4.85e-03 bin=0.010 S_flip=0.323 t=69s
[P850_h220_pad0.040] it  46 J=0.43898 A_min=0.3786 A_mean=0.4865 |g|=3.86e-03 bin=0.010 S_flip=0.324 t=70s
[P850_h220_pad0.040] it  47 J=0.43923 A_min=0.3787 A_mean=0.4870 |g|=2.76e-03 bin=0.009 S_flip=0.325 t=72s
[P850_h220_pad0.040] it  48 J=0.43942 A_min=0.3789 A_mean=0.4874 |g|=1.83e-03 bin=0.009 S_flip=0.327 t=74s
[P850_h220_pad0.040] it  49 J=0.43954 A_min=0.3789 A_mean=0.4876 |g|=1.54e-03 bin=0.009 S_flip=0.328 t=75s
[P850_h220_pad0.040] it  50 J=0.43962 A_min=0.3790 A_mean=0.4876 |g|=1.93e-03 bin=0.008 S_flip=0.329 t=77s
[P850_h220_pad0.040] it  51 J=0.43967 A_min=0.3791 A_mean=0.4876 |g|=2.43e-03 bin=0.008 S_flip=0.330 t=78s
[P850_h220_pad0.040] it  52 J=0.43973 A_min=0.3792 A_mean=0.4877 |g|=2.80e-03 bin=0.007 S_flip=0.331 t=80s
[P850_h220_pad0.040] it  53 J=0.43980 A_min=0.3793 A_mean=0.4877 |g|=2.97e-03 bin=0.007 S_flip=0.332 t=81s
[P850_h220_pad0.040] it  54 J=0.43991 A_min=0.3794 A_mean=0.4879 |g|=2.97e-03 bin=0.007 S_flip=0.333 t=83s
[P850_h220_pad0.040] it  55 J=0.44003 A_min=0.3794 A_mean=0.4882 |g|=2.84e-03 bin=0.007 S_flip=0.334 t=85s
[P850_h220_pad0.040] it  56 J=0.44018 A_min=0.3795 A_mean=0.4884 |g|=2.58e-03 bin=0.007 S_flip=0.334 t=86s
[P850_h220_pad0.040] it  57 J=0.44033 A_min=0.3797 A_mean=0.4887 |g|=2.20e-03 bin=0.006 S_flip=0.335 t=88s
[P850_h220_pad0.040] it  58 J=0.44047 A_min=0.3798 A_mean=0.4890 |g|=1.81e-03 bin=0.006 S_flip=0.336 t=89s
[P850_h220_pad0.040] it  59 J=0.44058 A_min=0.3799 A_mean=0.4891 |g|=1.62e-03 bin=0.006 S_flip=0.338 t=91s
[P850_h220_pad0.040] it  60 J=0.44068 A_min=0.3800 A_mean=0.4892 |g|=1.79e-03 bin=0.006 S_flip=0.339 t=92s
[P850_h220_pad0.040] it  61 J=0.44075 A_min=0.3801 A_mean=0.4892 |g|=2.13e-03 bin=0.005 S_flip=0.340 t=94s
[P850_h220_pad0.040] it  62 J=0.44083 A_min=0.3802 A_mean=0.4892 |g|=2.42e-03 bin=0.005 S_flip=0.341 t=95s
[P850_h220_pad0.040] it  63 J=0.44090 A_min=0.3803 A_mean=0.4892 |g|=2.55e-03 bin=0.005 S_flip=0.342 t=97s
[P850_h220_pad0.040] it  64 J=0.44098 A_min=0.3804 A_mean=0.4893 |g|=2.54e-03 bin=0.005 S_flip=0.343 t=98s
[P850_h220_pad0.040] it  65 J=0.44106 A_min=0.3805 A_mean=0.4894 |g|=2.43e-03 bin=0.004 S_flip=0.343 t=99s
[P850_h220_pad0.040] it  66 J=0.44114 A_min=0.3806 A_mean=0.4895 |g|=2.26e-03 bin=0.004 S_flip=0.344 t=100s
[P850_h220_pad0.040] it  67 J=0.44123 A_min=0.3806 A_mean=0.4896 |g|=2.10e-03 bin=0.004 S_flip=0.345 t=102s
[P850_h220_pad0.040] it  68 J=0.44130 A_min=0.3807 A_mean=0.4898 |g|=1.97e-03 bin=0.004 S_flip=0.345 t=103s
[P850_h220_pad0.040] it  69 J=0.44138 A_min=0.3807 A_mean=0.4899 |g|=1.87e-03 bin=0.004 S_flip=0.346 t=104s
[P850_h220_pad0.040] it  70 J=0.44145 A_min=0.3808 A_mean=0.4900 |g|=1.76e-03 bin=0.003 S_flip=0.346 t=106s
[P850_h220_pad0.040] it  71 J=0.44152 A_min=0.3808 A_mean=0.4902 |g|=1.63e-03 bin=0.003 S_flip=0.347 t=107s
[P850_h220_pad0.040] it  72 J=0.44159 A_min=0.3809 A_mean=0.4903 |g|=1.50e-03 bin=0.003 S_flip=0.348 t=108s
[P850_h220_pad0.040] it  73 J=0.44164 A_min=0.3809 A_mean=0.4904 |g|=1.38e-03 bin=0.003 S_flip=0.348 t=110s
[P850_h220_pad0.040] it  74 J=0.44169 A_min=0.3810 A_mean=0.4905 |g|=1.33e-03 bin=0.003 S_flip=0.349 t=111s
[P850_h220_pad0.040] it  75 J=0.44174 A_min=0.3810 A_mean=0.4906 |g|=1.36e-03 bin=0.003 S_flip=0.349 t=113s
[P850_h220_pad0.040] it  76 J=0.44179 A_min=0.3810 A_mean=0.4906 |g|=1.40e-03 bin=0.003 S_flip=0.349 t=114s
[P850_h220_pad0.040] it  77 J=0.44183 A_min=0.3811 A_mean=0.4907 |g|=1.44e-03 bin=0.003 S_flip=0.350 t=116s
[P850_h220_pad0.040] it  78 J=0.44189 A_min=0.3811 A_mean=0.4907 |g|=1.53e-03 bin=0.003 S_flip=0.350 t=117s
[P850_h220_pad0.040] it  79 J=0.44194 A_min=0.3812 A_mean=0.4908 |g|=1.59e-03 bin=0.002 S_flip=0.350 t=119s
[P850_h220_pad0.040] it  80 J=0.44199 A_min=0.3812 A_mean=0.4908 |g|=1.35e-03 bin=0.002 S_flip=0.351 t=120s
[P850_h220_pad0.040] it  81 J=0.44202 A_min=0.3813 A_mean=0.4909 |g|=1.01e-03 bin=0.002 S_flip=0.351 t=121s
[P850_h220_pad0.040] it  82 J=0.44205 A_min=0.3813 A_mean=0.4909 |g|=9.06e-04 bin=0.002 S_flip=0.351 t=123s
[P850_h220_pad0.040] it  83 J=0.44207 A_min=0.3813 A_mean=0.4909 |g|=9.86e-04 bin=0.002 S_flip=0.351 t=124s
[P850_h220_pad0.040] it  84 J=0.44210 A_min=0.3813 A_mean=0.4909 |g|=1.09e-03 bin=0.002 S_flip=0.352 t=126s
[P850_h220_pad0.040] it  85 J=0.44212 A_min=0.3814 A_mean=0.4910 |g|=1.17e-03 bin=0.002 S_flip=0.352 t=127s
[P850_h220_pad0.040] it  86 J=0.44215 A_min=0.3814 A_mean=0.4910 |g|=1.22e-03 bin=0.002 S_flip=0.352 t=128s
[P850_h220_pad0.040] it  87 J=0.44218 A_min=0.3814 A_mean=0.4910 |g|=1.25e-03 bin=0.002 S_flip=0.352 t=130s
[P850_h220_pad0.040] it  88 J=0.44220 A_min=0.3815 A_mean=0.4910 |g|=1.25e-03 bin=0.002 S_flip=0.352 t=131s
[P850_h220_pad0.040] it  89 J=0.44223 A_min=0.3815 A_mean=0.4910 |g|=1.18e-03 bin=0.002 S_flip=0.352 t=132s
[P850_h220_pad0.040] it  90 J=0.44225 A_min=0.3815 A_mean=0.4910 |g|=1.24e-03 bin=0.002 S_flip=0.353 t=134s
[P850_h220_pad0.040] it  91 J=0.44227 A_min=0.3815 A_mean=0.4910 |g|=1.35e-03 bin=0.002 S_flip=0.353 t=135s
[P850_h220_pad0.040] it  92 J=0.44230 A_min=0.3816 A_mean=0.4910 |g|=1.48e-03 bin=0.002 S_flip=0.353 t=137s
[P850_h220_pad0.040] it  93 J=0.44232 A_min=0.3816 A_mean=0.4910 |g|=1.73e-03 bin=0.002 S_flip=0.353 t=138s
[P850_h220_pad0.040] it  94 J=0.44235 A_min=0.3816 A_mean=0.4910 |g|=1.77e-03 bin=0.002 S_flip=0.354 t=139s
[P850_h220_pad0.040] it  95 J=0.44237 A_min=0.3817 A_mean=0.4910 |g|=1.61e-03 bin=0.002 S_flip=0.354 t=141s
[P850_h220_pad0.040] it  96 J=0.44239 A_min=0.3817 A_mean=0.4910 |g|=1.64e-03 bin=0.001 S_flip=0.355 t=142s
[P850_h220_pad0.040] it  97 J=0.44241 A_min=0.3817 A_mean=0.4910 |g|=2.00e-03 bin=0.001 S_flip=0.355 t=144s
[P850_h220_pad0.040] it  98 J=0.44244 A_min=0.3817 A_mean=0.4911 |g|=2.20e-03 bin=0.001 S_flip=0.355 t=145s
[P850_h220_pad0.040] it  99 J=0.44246 A_min=0.3818 A_mean=0.4911 |g|=1.85e-03 bin=0.001 S_flip=0.355 t=147s
[P850_h220_pad0.040] it 100 J=0.44248 A_min=0.3818 A_mean=0.4911 |g|=1.57e-03 bin=0.001 S_flip=0.356 t=148s
[P850_h220_pad0.040] it 101 J=0.44249 A_min=0.3818 A_mean=0.4911 |g|=1.56e-03 bin=0.001 S_flip=0.356 t=150s
[P850_h220_pad0.040] it 102 J=0.44250 A_min=0.3818 A_mean=0.4911 |g|=1.55e-03 bin=0.001 S_flip=0.356 t=151s
[P850_h220_pad0.040] it 103 J=0.44251 A_min=0.3818 A_mean=0.4911 |g|=1.49e-03 bin=0.001 S_flip=0.356 t=153s
[P850_h220_pad0.040] it 104 J=0.44252 A_min=0.3818 A_mean=0.4911 |g|=1.53e-03 bin=0.001 S_flip=0.356 t=154s
[P850_h220_pad0.040] it 105 J=0.44253 A_min=0.3818 A_mean=0.4911 |g|=1.71e-03 bin=0.001 S_flip=0.356 t=155s
[P850_h220_pad0.040] it 106 J=0.44253 A_min=0.3818 A_mean=0.4911 |g|=2.02e-03 bin=0.001 S_flip=0.356 t=157s
[P850_h220_pad0.040] it 107 J=0.44254 A_min=0.3818 A_mean=0.4912 |g|=2.43e-03 bin=0.001 S_flip=0.356 t=158s
[P850_h220_pad0.040] it 108 J=0.44255 A_min=0.3819 A_mean=0.4912 |g|=2.86e-03 bin=0.001 S_flip=0.357 t=159s
[P850_h220_pad0.040] it 109 J=0.44256 A_min=0.3819 A_mean=0.4912 |g|=3.20e-03 bin=0.001 S_flip=0.357 t=161s
[P850_h220_pad0.040] it 110 J=0.44257 A_min=0.3819 A_mean=0.4912 |g|=3.35e-03 bin=0.001 S_flip=0.357 t=162s
[P850_h220_pad0.040] it 111 J=0.44258 A_min=0.3819 A_mean=0.4912 |g|=3.29e-03 bin=0.001 S_flip=0.357 t=163s
[P850_h220_pad0.040] it 112 J=0.44258 A_min=0.3819 A_mean=0.4912 |g|=3.13e-03 bin=0.001 S_flip=0.357 t=165s
[P850_h220_pad0.040] it 113 J=0.44259 A_min=0.3819 A_mean=0.4912 |g|=2.96e-03 bin=0.001 S_flip=0.357 t=166s
[P850_h220_pad0.040] it 114 J=0.44259 A_min=0.3819 A_mean=0.4912 |g|=2.83e-03 bin=0.001 S_flip=0.358 t=168s
[P850_h220_pad0.040] it 115 J=0.44260 A_min=0.3819 A_mean=0.4912 |g|=2.72e-03 bin=0.001 S_flip=0.358 t=169s
[P850_h220_pad0.040] it 116 J=0.44260 A_min=0.3819 A_mean=0.4912 |g|=2.65e-03 bin=0.001 S_flip=0.358 t=170s
[P850_h220_pad0.040] it 117 J=0.44260 A_min=0.3819 A_mean=0.4912 |g|=2.60e-03 bin=0.001 S_flip=0.358 t=172s
[P850_h220_pad0.040] it 118 J=0.44260 A_min=0.3819 A_mean=0.4912 |g|=2.57e-03 bin=0.001 S_flip=0.358 t=173s
[P850_h220_pad0.040] it 119 J=0.44260 A_min=0.3819 A_mean=0.4912 |g|=2.57e-03 bin=0.001 S_flip=0.358 t=175s
[P850_h220_pad0.040] done: J_soft=0.44260 J_hard=0.44261 A_hard=[0.5532, 0.5382, 0.382] S_flip=0.359 wall=177s
[P850_h180_pad0.040] it   0 J=0.27060 A_min=0.2292 A_mean=0.2836 |g|=1.34e-02 bin=0.074 S_flip=0.203 t=1s
[P850_h180_pad0.040] it   1 J=0.28809 A_min=0.2453 A_mean=0.3017 |g|=1.85e-02 bin=0.069 S_flip=0.202 t=3s
[P850_h180_pad0.040] it   2 J=0.31287 A_min=0.2710 A_mean=0.3266 |g|=2.56e-02 bin=0.065 S_flip=0.200 t=4s
[P850_h180_pad0.040] it   3 J=0.34601 A_min=0.3131 A_mean=0.3621 |g|=3.15e-02 bin=0.060 S_flip=0.199 t=6s
[P850_h180_pad0.040] it   4 J=0.37970 A_min=0.3397 A_mean=0.4076 |g|=2.35e-02 bin=0.057 S_flip=0.198 t=7s
[P850_h180_pad0.040] it   5 J=0.39286 A_min=0.3329 A_mean=0.4417 |g|=4.07e-03 bin=0.053 S_flip=0.196 t=8s
[P850_h180_pad0.040] it   6 J=0.38590 A_min=0.3256 A_mean=0.4365 |g|=1.52e-02 bin=0.050 S_flip=0.196 t=10s
[P850_h180_pad0.040] it   7 J=0.37498 A_min=0.3211 A_mean=0.4141 |g|=2.47e-02 bin=0.047 S_flip=0.197 t=11s
[P850_h180_pad0.040] it   8 J=0.36979 A_min=0.3202 A_mean=0.4027 |g|=2.84e-02 bin=0.045 S_flip=0.199 t=13s
[P850_h180_pad0.040] it   9 J=0.37207 A_min=0.3218 A_mean=0.4056 |g|=2.73e-02 bin=0.042 S_flip=0.203 t=14s
[P850_h180_pad0.040] it  10 J=0.37904 A_min=0.3251 A_mean=0.4179 |g|=2.30e-02 bin=0.040 S_flip=0.207 t=16s
[P850_h180_pad0.040] it  11 J=0.38716 A_min=0.3291 A_mean=0.4329 |g|=1.70e-02 bin=0.038 S_flip=0.212 t=17s
[P850_h180_pad0.040] it  12 J=0.39384 A_min=0.3331 A_mean=0.4445 |g|=1.07e-02 bin=0.036 S_flip=0.216 t=19s
[P850_h180_pad0.040] it  13 J=0.39790 A_min=0.3365 A_mean=0.4492 |g|=4.95e-03 bin=0.035 S_flip=0.220 t=20s
[P850_h180_pad0.040] it  14 J=0.39911 A_min=0.3392 A_mean=0.4469 |g|=2.94e-03 bin=0.033 S_flip=0.224 t=22s
[P850_h180_pad0.040] it  15 J=0.39793 A_min=0.3410 A_mean=0.4405 |g|=7.88e-03 bin=0.032 S_flip=0.228 t=23s
[P850_h180_pad0.040] it  16 J=0.39561 A_min=0.3420 A_mean=0.4336 |g|=1.23e-02 bin=0.030 S_flip=0.231 t=24s
[P850_h180_pad0.040] it  17 J=0.39370 A_min=0.3425 A_mean=0.4290 |g|=1.49e-02 bin=0.029 S_flip=0.234 t=26s
[P850_h180_pad0.040] it  18 J=0.39318 A_min=0.3426 A_mean=0.4277 |g|=1.56e-02 bin=0.027 S_flip=0.236 t=27s
[P850_h180_pad0.040] it  19 J=0.39416 A_min=0.3427 A_mean=0.4296 |g|=1.46e-02 bin=0.026 S_flip=0.238 t=29s
[P850_h180_pad0.040] it  20 J=0.39614 A_min=0.3426 A_mean=0.4339 |g|=1.24e-02 bin=0.025 S_flip=0.240 t=30s
[P850_h180_pad0.040] it  21 J=0.39838 A_min=0.3424 A_mean=0.4393 |g|=9.45e-03 bin=0.023 S_flip=0.242 t=31s
[P850_h180_pad0.040] it  22 J=0.40025 A_min=0.3421 A_mean=0.4446 |g|=6.31e-03 bin=0.022 S_flip=0.244 t=33s
[P850_h180_pad0.040] it  23 J=0.40143 A_min=0.3417 A_mean=0.4487 |g|=3.42e-03 bin=0.021 S_flip=0.245 t=34s
[P850_h180_pad0.040] it  24 J=0.40189 A_min=0.3412 A_mean=0.4512 |g|=1.61e-03 bin=0.020 S_flip=0.247 t=36s
[P850_h180_pad0.040] it  25 J=0.40181 A_min=0.3407 A_mean=0.4522 |g|=2.53e-03 bin=0.019 S_flip=0.248 t=38s
[P850_h180_pad0.040] it  26 J=0.40143 A_min=0.3402 A_mean=0.4520 |g|=4.13e-03 bin=0.018 S_flip=0.249 t=39s
[P850_h180_pad0.040] it  27 J=0.40099 A_min=0.3400 A_mean=0.4513 |g|=5.43e-03 bin=0.018 S_flip=0.251 t=40s
[P850_h180_pad0.040] it  28 J=0.40068 A_min=0.3398 A_mean=0.4507 |g|=6.27e-03 bin=0.017 S_flip=0.252 t=42s
[P850_h180_pad0.040] it  29 J=0.40064 A_min=0.3399 A_mean=0.4504 |g|=6.60e-03 bin=0.016 S_flip=0.253 t=44s
[P850_h180_pad0.040] it  30 J=0.40089 A_min=0.3401 A_mean=0.4506 |g|=6.42e-03 bin=0.016 S_flip=0.255 t=45s
[P850_h180_pad0.040] it  31 J=0.40136 A_min=0.3405 A_mean=0.4513 |g|=5.77e-03 bin=0.015 S_flip=0.256 t=47s
[P850_h180_pad0.040] it  32 J=0.40195 A_min=0.3409 A_mean=0.4521 |g|=4.76e-03 bin=0.014 S_flip=0.258 t=48s
[P850_h180_pad0.040] it  33 J=0.40251 A_min=0.3414 A_mean=0.4528 |g|=3.53e-03 bin=0.014 S_flip=0.260 t=50s
[P850_h180_pad0.040] it  34 J=0.40296 A_min=0.3419 A_mean=0.4531 |g|=2.27e-03 bin=0.013 S_flip=0.262 t=51s
[P850_h180_pad0.040] it  35 J=0.40324 A_min=0.3423 A_mean=0.4530 |g|=1.35e-03 bin=0.013 S_flip=0.263 t=53s
[P850_h180_pad0.040] it  36 J=0.40335 A_min=0.3426 A_mean=0.4525 |g|=1.52e-03 bin=0.012 S_flip=0.265 t=54s
[P850_h180_pad0.040] it  37 J=0.40333 A_min=0.3429 A_mean=0.4518 |g|=2.37e-03 bin=0.012 S_flip=0.267 t=56s
[P850_h180_pad0.040] it  38 J=0.40325 A_min=0.3431 A_mean=0.4511 |g|=3.23e-03 bin=0.011 S_flip=0.268 t=57s
[P850_h180_pad0.040] it  39 J=0.40317 A_min=0.3432 A_mean=0.4506 |g|=3.91e-03 bin=0.011 S_flip=0.270 t=59s
[P850_h180_pad0.040] it  40 J=0.40316 A_min=0.3434 A_mean=0.4503 |g|=4.37e-03 bin=0.010 S_flip=0.271 t=60s
[P850_h180_pad0.040] it  41 J=0.40325 A_min=0.3434 A_mean=0.4504 |g|=4.57e-03 bin=0.010 S_flip=0.272 t=62s
[P850_h180_pad0.040] it  42 J=0.40344 A_min=0.3435 A_mean=0.4508 |g|=4.49e-03 bin=0.010 S_flip=0.272 t=63s
[P850_h180_pad0.040] it  43 J=0.40370 A_min=0.3435 A_mean=0.4515 |g|=4.02e-03 bin=0.009 S_flip=0.273 t=65s
[P850_h180_pad0.040] it  44 J=0.40397 A_min=0.3435 A_mean=0.4523 |g|=3.15e-03 bin=0.009 S_flip=0.273 t=66s
[P850_h180_pad0.040] it  45 J=0.40419 A_min=0.3435 A_mean=0.4530 |g|=2.06e-03 bin=0.009 S_flip=0.274 t=68s
[P850_h180_pad0.040] it  46 J=0.40433 A_min=0.3435 A_mean=0.4534 |g|=1.23e-03 bin=0.008 S_flip=0.274 t=69s
[P850_h180_pad0.040] it  47 J=0.40439 A_min=0.3435 A_mean=0.4536 |g|=1.17e-03 bin=0.008 S_flip=0.275 t=71s
[P850_h180_pad0.040] it  48 J=0.40441 A_min=0.3435 A_mean=0.4537 |g|=1.56e-03 bin=0.008 S_flip=0.275 t=72s
[P850_h180_pad0.040] it  49 J=0.40443 A_min=0.3436 A_mean=0.4537 |g|=1.91e-03 bin=0.007 S_flip=0.276 t=73s
[P850_h180_pad0.040] it  50 J=0.40446 A_min=0.3436 A_mean=0.4536 |g|=2.10e-03 bin=0.007 S_flip=0.277 t=75s
[P850_h180_pad0.040] it  51 J=0.40452 A_min=0.3437 A_mean=0.4536 |g|=2.13e-03 bin=0.006 S_flip=0.278 t=76s
[P850_h180_pad0.040] it  52 J=0.40459 A_min=0.3438 A_mean=0.4536 |g|=2.02e-03 bin=0.006 S_flip=0.279 t=78s
[P850_h180_pad0.040] it  53 J=0.40468 A_min=0.3439 A_mean=0.4537 |g|=1.81e-03 bin=0.006 S_flip=0.280 t=79s
[P850_h180_pad0.040] it  54 J=0.40478 A_min=0.3440 A_mean=0.4537 |g|=1.53e-03 bin=0.006 S_flip=0.281 t=81s
[P850_h180_pad0.040] it  55 J=0.40486 A_min=0.3441 A_mean=0.4537 |g|=1.23e-03 bin=0.005 S_flip=0.282 t=82s
[P850_h180_pad0.040] it  56 J=0.40494 A_min=0.3442 A_mean=0.4537 |g|=9.96e-04 bin=0.005 S_flip=0.283 t=83s
[P850_h180_pad0.040] it  57 J=0.40500 A_min=0.3443 A_mean=0.4537 |g|=8.80e-04 bin=0.005 S_flip=0.283 t=85s
[P850_h180_pad0.040] it  58 J=0.40504 A_min=0.3444 A_mean=0.4536 |g|=9.16e-04 bin=0.005 S_flip=0.284 t=86s
[P850_h180_pad0.040] it  59 J=0.40508 A_min=0.3445 A_mean=0.4535 |g|=1.05e-03 bin=0.005 S_flip=0.285 t=88s
[P850_h180_pad0.040] it  60 J=0.40511 A_min=0.3445 A_mean=0.4534 |g|=1.20e-03 bin=0.004 S_flip=0.286 t=89s
[P850_h180_pad0.040] it  61 J=0.40514 A_min=0.3446 A_mean=0.4533 |g|=1.34e-03 bin=0.004 S_flip=0.287 t=90s
[P850_h180_pad0.040] it  62 J=0.40516 A_min=0.3447 A_mean=0.4533 |g|=1.43e-03 bin=0.004 S_flip=0.288 t=92s
[P850_h180_pad0.040] it  63 J=0.40520 A_min=0.3447 A_mean=0.4532 |g|=1.48e-03 bin=0.004 S_flip=0.289 t=93s
[P850_h180_pad0.040] it  64 J=0.40523 A_min=0.3448 A_mean=0.4532 |g|=1.48e-03 bin=0.004 S_flip=0.289 t=94s
[P850_h180_pad0.040] it  65 J=0.40527 A_min=0.3448 A_mean=0.4532 |g|=1.44e-03 bin=0.003 S_flip=0.290 t=96s
[P850_h180_pad0.040] it  66 J=0.40531 A_min=0.3449 A_mean=0.4532 |g|=1.37e-03 bin=0.003 S_flip=0.291 t=97s
[P850_h180_pad0.040] it  67 J=0.40535 A_min=0.3449 A_mean=0.4533 |g|=1.28e-03 bin=0.003 S_flip=0.291 t=99s
[P850_h180_pad0.040] it  68 J=0.40539 A_min=0.3449 A_mean=0.4533 |g|=1.18e-03 bin=0.003 S_flip=0.292 t=100s
[P850_h180_pad0.040] it  69 J=0.40543 A_min=0.3450 A_mean=0.4533 |g|=1.07e-03 bin=0.003 S_flip=0.292 t=102s
[P850_h180_pad0.040] it  70 J=0.40547 A_min=0.3450 A_mean=0.4534 |g|=9.63e-04 bin=0.003 S_flip=0.293 t=103s
[P850_h180_pad0.040] it  71 J=0.40550 A_min=0.3450 A_mean=0.4534 |g|=8.79e-04 bin=0.003 S_flip=0.293 t=105s
[P850_h180_pad0.040] it  72 J=0.40552 A_min=0.3450 A_mean=0.4534 |g|=8.20e-04 bin=0.002 S_flip=0.294 t=106s
[P850_h180_pad0.040] it  73 J=0.40555 A_min=0.3450 A_mean=0.4535 |g|=7.87e-04 bin=0.002 S_flip=0.294 t=108s
[P850_h180_pad0.040] it  74 J=0.40557 A_min=0.3451 A_mean=0.4535 |g|=7.81e-04 bin=0.002 S_flip=0.295 t=109s
[P850_h180_pad0.040] it  75 J=0.40559 A_min=0.3451 A_mean=0.4535 |g|=8.01e-04 bin=0.002 S_flip=0.295 t=110s
[P850_h180_pad0.040] it  76 J=0.40561 A_min=0.3451 A_mean=0.4535 |g|=8.42e-04 bin=0.002 S_flip=0.295 t=112s
[P850_h180_pad0.040] it  77 J=0.40563 A_min=0.3451 A_mean=0.4535 |g|=8.76e-04 bin=0.002 S_flip=0.296 t=113s
[P850_h180_pad0.040] it  78 J=0.40565 A_min=0.3451 A_mean=0.4535 |g|=8.82e-04 bin=0.002 S_flip=0.296 t=115s
[P850_h180_pad0.040] it  79 J=0.40567 A_min=0.3452 A_mean=0.4535 |g|=8.68e-04 bin=0.002 S_flip=0.297 t=116s
[P850_h180_pad0.040] it  80 J=0.40569 A_min=0.3452 A_mean=0.4535 |g|=8.41e-04 bin=0.002 S_flip=0.297 t=118s
[P850_h180_pad0.040] it  81 J=0.40571 A_min=0.3452 A_mean=0.4534 |g|=8.03e-04 bin=0.001 S_flip=0.297 t=120s
[P850_h180_pad0.040] it  82 J=0.40572 A_min=0.3452 A_mean=0.4534 |g|=7.73e-04 bin=0.001 S_flip=0.298 t=121s
[P850_h180_pad0.040] it  83 J=0.40574 A_min=0.3453 A_mean=0.4534 |g|=7.73e-04 bin=0.001 S_flip=0.298 t=123s
[P850_h180_pad0.040] it  84 J=0.40575 A_min=0.3453 A_mean=0.4534 |g|=8.20e-04 bin=0.001 S_flip=0.298 t=124s
[P850_h180_pad0.040] it  85 J=0.40577 A_min=0.3453 A_mean=0.4534 |g|=9.06e-04 bin=0.001 S_flip=0.298 t=125s
[P850_h180_pad0.040] it  86 J=0.40578 A_min=0.3453 A_mean=0.4534 |g|=1.00e-03 bin=0.001 S_flip=0.298 t=127s
[P850_h180_pad0.040] it  87 J=0.40580 A_min=0.3454 A_mean=0.4534 |g|=1.05e-03 bin=0.001 S_flip=0.299 t=128s
[P850_h180_pad0.040] it  88 J=0.40582 A_min=0.3454 A_mean=0.4534 |g|=9.92e-04 bin=0.001 S_flip=0.299 t=130s
[P850_h180_pad0.040] it  89 J=0.40583 A_min=0.3454 A_mean=0.4533 |g|=8.21e-04 bin=0.001 S_flip=0.299 t=131s
[P850_h180_pad0.040] it  90 J=0.40584 A_min=0.3454 A_mean=0.4533 |g|=6.90e-04 bin=0.001 S_flip=0.300 t=133s
[P850_h180_pad0.040] it  91 J=0.40585 A_min=0.3454 A_mean=0.4533 |g|=6.33e-04 bin=0.001 S_flip=0.300 t=135s
[P850_h180_pad0.040] it  92 J=0.40585 A_min=0.3454 A_mean=0.4533 |g|=6.22e-04 bin=0.001 S_flip=0.300 t=136s
[P850_h180_pad0.040] it  93 J=0.40586 A_min=0.3455 A_mean=0.4533 |g|=6.34e-04 bin=0.001 S_flip=0.300 t=138s
[P850_h180_pad0.040] it  94 J=0.40586 A_min=0.3455 A_mean=0.4533 |g|=6.60e-04 bin=0.001 S_flip=0.300 t=139s
[P850_h180_pad0.040] it  95 J=0.40587 A_min=0.3455 A_mean=0.4533 |g|=6.96e-04 bin=0.001 S_flip=0.300 t=141s
[P850_h180_pad0.040] it  96 J=0.40587 A_min=0.3455 A_mean=0.4533 |g|=7.33e-04 bin=0.001 S_flip=0.300 t=142s
[P850_h180_pad0.040] it  97 J=0.40588 A_min=0.3455 A_mean=0.4533 |g|=7.66e-04 bin=0.001 S_flip=0.300 t=143s
[P850_h180_pad0.040] it  98 J=0.40588 A_min=0.3455 A_mean=0.4533 |g|=7.88e-04 bin=0.001 S_flip=0.300 t=145s
[P850_h180_pad0.040] it  99 J=0.40589 A_min=0.3455 A_mean=0.4533 |g|=7.98e-04 bin=0.001 S_flip=0.300 t=146s
[P850_h180_pad0.040] it 100 J=0.40589 A_min=0.3455 A_mean=0.4533 |g|=7.95e-04 bin=0.001 S_flip=0.300 t=148s
[P850_h180_pad0.040] it 101 J=0.40590 A_min=0.3455 A_mean=0.4533 |g|=7.78e-04 bin=0.001 S_flip=0.300 t=150s
[P850_h180_pad0.040] it 102 J=0.40590 A_min=0.3455 A_mean=0.4533 |g|=7.51e-04 bin=0.001 S_flip=0.301 t=151s
[P850_h180_pad0.040] it 103 J=0.40590 A_min=0.3455 A_mean=0.4533 |g|=7.18e-04 bin=0.001 S_flip=0.301 t=153s
[P850_h180_pad0.040] it 104 J=0.40591 A_min=0.3455 A_mean=0.4533 |g|=6.84e-04 bin=0.001 S_flip=0.301 t=154s
[P850_h180_pad0.040] it 105 J=0.40591 A_min=0.3455 A_mean=0.4533 |g|=6.53e-04 bin=0.001 S_flip=0.301 t=155s
[P850_h180_pad0.040] it 106 J=0.40591 A_min=0.3455 A_mean=0.4533 |g|=6.29e-04 bin=0.000 S_flip=0.301 t=157s
[P850_h180_pad0.040] it 107 J=0.40591 A_min=0.3455 A_mean=0.4533 |g|=6.12e-04 bin=0.000 S_flip=0.301 t=158s
[P850_h180_pad0.040] it 108 J=0.40592 A_min=0.3455 A_mean=0.4533 |g|=6.00e-04 bin=0.000 S_flip=0.301 t=160s
[P850_h180_pad0.040] it 109 J=0.40592 A_min=0.3455 A_mean=0.4533 |g|=5.94e-04 bin=0.000 S_flip=0.301 t=161s
[P850_h180_pad0.040] it 110 J=0.40592 A_min=0.3455 A_mean=0.4533 |g|=5.92e-04 bin=0.000 S_flip=0.302 t=162s
[P850_h180_pad0.040] it 111 J=0.40592 A_min=0.3455 A_mean=0.4533 |g|=5.92e-04 bin=0.000 S_flip=0.302 t=164s
[P850_h180_pad0.040] it 112 J=0.40592 A_min=0.3455 A_mean=0.4533 |g|=5.94e-04 bin=0.000 S_flip=0.302 t=165s
[P850_h180_pad0.040] it 113 J=0.40592 A_min=0.3455 A_mean=0.4533 |g|=5.94e-04 bin=0.000 S_flip=0.302 t=167s
[P850_h180_pad0.040] it 114 J=0.40592 A_min=0.3455 A_mean=0.4533 |g|=5.93e-04 bin=0.000 S_flip=0.302 t=168s
[P850_h180_pad0.040] it 115 J=0.40592 A_min=0.3455 A_mean=0.4533 |g|=5.88e-04 bin=0.000 S_flip=0.302 t=169s
[P850_h180_pad0.040] it 116 J=0.40592 A_min=0.3455 A_mean=0.4533 |g|=5.79e-04 bin=0.000 S_flip=0.302 t=171s
[P850_h180_pad0.040] it 117 J=0.40592 A_min=0.3455 A_mean=0.4533 |g|=5.65e-04 bin=0.000 S_flip=0.302 t=172s
[P850_h180_pad0.040] it 118 J=0.40592 A_min=0.3455 A_mean=0.4533 |g|=5.47e-04 bin=0.000 S_flip=0.302 t=174s
[P850_h180_pad0.040] it 119 J=0.40592 A_min=0.3455 A_mean=0.4533 |g|=5.24e-04 bin=0.000 S_flip=0.302 t=175s
[P850_h180_pad0.040] done: J_soft=0.40592 J_hard=0.40592 A_hard=[0.513, 0.5013, 0.3455] S_flip=0.302 wall=177s
[P850_h200_pad0.070] it   0 J=0.30051 A_min=0.2565 A_mean=0.3153 |g|=1.89e-02 bin=0.067 S_flip=0.201 t=2s
[P850_h200_pad0.070] it   1 J=0.32532 A_min=0.2844 A_mean=0.3392 |g|=2.49e-02 bin=0.062 S_flip=0.199 t=3s
[P850_h200_pad0.070] it   2 J=0.35668 A_min=0.3267 A_mean=0.3712 |g|=2.91e-02 bin=0.058 S_flip=0.197 t=4s
[P850_h200_pad0.070] it   3 J=0.38763 A_min=0.3491 A_mean=0.4109 |g|=2.27e-02 bin=0.054 S_flip=0.195 t=6s
[P850_h200_pad0.070] it   4 J=0.40360 A_min=0.3458 A_mean=0.4468 |g|=6.41e-03 bin=0.051 S_flip=0.193 t=7s
[P850_h200_pad0.070] it   5 J=0.40348 A_min=0.3414 A_mean=0.4584 |g|=5.88e-03 bin=0.047 S_flip=0.191 t=9s
[P850_h200_pad0.070] it   6 J=0.39727 A_min=0.3377 A_mean=0.4470 |g|=1.25e-02 bin=0.045 S_flip=0.191 t=10s
[P850_h200_pad0.070] it   7 J=0.39083 A_min=0.3355 A_mean=0.4313 |g|=1.75e-02 bin=0.042 S_flip=0.193 t=12s
[P850_h200_pad0.070] it   8 J=0.38761 A_min=0.3351 A_mean=0.4229 |g|=1.98e-02 bin=0.040 S_flip=0.196 t=13s
[P850_h200_pad0.070] it   9 J=0.38842 A_min=0.3361 A_mean=0.4233 |g|=1.96e-02 bin=0.038 S_flip=0.199 t=14s
[P850_h200_pad0.070] it  10 J=0.39218 A_min=0.3379 A_mean=0.4302 |g|=1.74e-02 bin=0.036 S_flip=0.204 t=16s
[P850_h200_pad0.070] it  11 J=0.39722 A_min=0.3402 A_mean=0.4403 |g|=1.42e-02 bin=0.034 S_flip=0.208 t=17s
[P850_h200_pad0.070] it  12 J=0.40209 A_min=0.3427 A_mean=0.4502 |g|=1.05e-02 bin=0.033 S_flip=0.213 t=19s
[P850_h200_pad0.070] it  13 J=0.40590 A_min=0.3450 A_mean=0.4572 |g|=6.91e-03 bin=0.031 S_flip=0.218 t=20s
[P850_h200_pad0.070] it  14 J=0.40832 A_min=0.3469 A_mean=0.4599 |g|=3.66e-03 bin=0.030 S_flip=0.222 t=22s
[P850_h200_pad0.070] it  15 J=0.40932 A_min=0.3485 A_mean=0.4586 |g|=1.57e-03 bin=0.028 S_flip=0.226 t=23s
[P850_h200_pad0.070] it  16 J=0.40910 A_min=0.3497 A_mean=0.4546 |g|=3.52e-03 bin=0.027 S_flip=0.230 t=25s
[P850_h200_pad0.070] it  17 J=0.40808 A_min=0.3504 A_mean=0.4497 |g|=6.16e-03 bin=0.026 S_flip=0.233 t=26s
[P850_h200_pad0.070] it  18 J=0.40685 A_min=0.3509 A_mean=0.4454 |g|=8.24e-03 bin=0.025 S_flip=0.236 t=28s
[P850_h200_pad0.070] it  19 J=0.40594 A_min=0.3512 A_mean=0.4426 |g|=9.49e-03 bin=0.023 S_flip=0.239 t=29s
[P850_h200_pad0.070] it  20 J=0.40568 A_min=0.3513 A_mean=0.4417 |g|=9.88e-03 bin=0.022 S_flip=0.241 t=31s
[P850_h200_pad0.070] it  21 J=0.40611 A_min=0.3514 A_mean=0.4426 |g|=9.49e-03 bin=0.021 S_flip=0.243 t=32s
[P850_h200_pad0.070] it  22 J=0.40705 A_min=0.3514 A_mean=0.4450 |g|=8.50e-03 bin=0.020 S_flip=0.245 t=34s
[P850_h200_pad0.070] it  23 J=0.40823 A_min=0.3514 A_mean=0.4482 |g|=7.11e-03 bin=0.019 S_flip=0.247 t=36s
[P850_h200_pad0.070] it  24 J=0.40937 A_min=0.3513 A_mean=0.4517 |g|=5.54e-03 bin=0.018 S_flip=0.248 t=37s
[P850_h200_pad0.070] it  25 J=0.41029 A_min=0.3511 A_mean=0.4550 |g|=3.95e-03 bin=0.017 S_flip=0.250 t=39s
[P850_h200_pad0.070] it  26 J=0.41091 A_min=0.3509 A_mean=0.4577 |g|=2.50e-03 bin=0.017 S_flip=0.251 t=40s
[P850_h200_pad0.070] it  27 J=0.41123 A_min=0.3506 A_mean=0.4596 |g|=1.43e-03 bin=0.016 S_flip=0.253 t=42s
[P850_h200_pad0.070] it  28 J=0.41131 A_min=0.3504 A_mean=0.4607 |g|=1.30e-03 bin=0.015 S_flip=0.254 t=43s
[P850_h200_pad0.070] it  29 J=0.41124 A_min=0.3502 A_mean=0.4612 |g|=1.93e-03 bin=0.015 S_flip=0.256 t=45s
[P850_h200_pad0.070] it  30 J=0.41110 A_min=0.3500 A_mean=0.4613 |g|=2.62e-03 bin=0.014 S_flip=0.257 t=46s
[P850_h200_pad0.070] it  31 J=0.41096 A_min=0.3499 A_mean=0.4612 |g|=3.19e-03 bin=0.014 S_flip=0.258 t=48s
[P850_h200_pad0.070] it  32 J=0.41090 A_min=0.3499 A_mean=0.4611 |g|=3.57e-03 bin=0.013 S_flip=0.260 t=49s
[P850_h200_pad0.070] it  33 J=0.41093 A_min=0.3500 A_mean=0.4611 |g|=3.72e-03 bin=0.013 S_flip=0.261 t=50s
[P850_h200_pad0.070] it  34 J=0.41106 A_min=0.3501 A_mean=0.4612 |g|=3.62e-03 bin=0.012 S_flip=0.263 t=52s
[P850_h200_pad0.070] it  35 J=0.41127 A_min=0.3503 A_mean=0.4614 |g|=3.31e-03 bin=0.012 S_flip=0.264 t=53s
[P850_h200_pad0.070] it  36 J=0.41153 A_min=0.3505 A_mean=0.4617 |g|=2.83e-03 bin=0.011 S_flip=0.266 t=54s
[P850_h200_pad0.070] it  37 J=0.41178 A_min=0.3507 A_mean=0.4618 |g|=2.26e-03 bin=0.011 S_flip=0.268 t=56s
[P850_h200_pad0.070] it  38 J=0.41201 A_min=0.3510 A_mean=0.4618 |g|=1.69e-03 bin=0.010 S_flip=0.269 t=57s
[P850_h200_pad0.070] it  39 J=0.41217 A_min=0.3512 A_mean=0.4617 |g|=1.28e-03 bin=0.010 S_flip=0.271 t=59s
[P850_h200_pad0.070] it  40 J=0.41228 A_min=0.3515 A_mean=0.4613 |g|=1.17e-03 bin=0.009 S_flip=0.273 t=60s
[P850_h200_pad0.070] it  41 J=0.41234 A_min=0.3517 A_mean=0.4609 |g|=1.37e-03 bin=0.009 S_flip=0.274 t=62s
[P850_h200_pad0.070] it  42 J=0.41237 A_min=0.3518 A_mean=0.4605 |g|=1.70e-03 bin=0.008 S_flip=0.276 t=63s
[P850_h200_pad0.070] it  43 J=0.41238 A_min=0.3520 A_mean=0.4601 |g|=2.04e-03 bin=0.008 S_flip=0.277 t=65s
[P850_h200_pad0.070] it  44 J=0.41239 A_min=0.3521 A_mean=0.4598 |g|=2.36e-03 bin=0.008 S_flip=0.279 t=66s
[P850_h200_pad0.070] it  45 J=0.41242 A_min=0.3522 A_mean=0.4597 |g|=2.62e-03 bin=0.007 S_flip=0.280 t=67s
[P850_h200_pad0.070] it  46 J=0.41248 A_min=0.3523 A_mean=0.4598 |g|=2.83e-03 bin=0.007 S_flip=0.281 t=69s
[P850_h200_pad0.070] it  47 J=0.41258 A_min=0.3523 A_mean=0.4600 |g|=2.98e-03 bin=0.007 S_flip=0.282 t=70s
[P850_h200_pad0.070] it  48 J=0.41273 A_min=0.3524 A_mean=0.4605 |g|=3.01e-03 bin=0.007 S_flip=0.282 t=72s
[P850_h200_pad0.070] it  49 J=0.41290 A_min=0.3524 A_mean=0.4611 |g|=2.84e-03 bin=0.007 S_flip=0.283 t=73s
[P850_h200_pad0.070] it  50 J=0.41307 A_min=0.3524 A_mean=0.4618 |g|=2.33e-03 bin=0.007 S_flip=0.283 t=74s
[P850_h200_pad0.070] it  51 J=0.41322 A_min=0.3523 A_mean=0.4625 |g|=1.55e-03 bin=0.006 S_flip=0.284 t=76s
[P850_h200_pad0.070] it  52 J=0.41331 A_min=0.3523 A_mean=0.4631 |g|=1.17e-03 bin=0.006 S_flip=0.284 t=77s
[P850_h200_pad0.070] it  53 J=0.41334 A_min=0.3523 A_mean=0.4634 |g|=1.56e-03 bin=0.006 S_flip=0.285 t=79s
[P850_h200_pad0.070] it  54 J=0.41337 A_min=0.3523 A_mean=0.4635 |g|=1.97e-03 bin=0.006 S_flip=0.285 t=80s
[P850_h200_pad0.070] it  55 J=0.41341 A_min=0.3523 A_mean=0.4636 |g|=2.15e-03 bin=0.005 S_flip=0.286 t=82s
[P850_h200_pad0.070] it  56 J=0.41348 A_min=0.3524 A_mean=0.4637 |g|=2.15e-03 bin=0.005 S_flip=0.287 t=83s
[P850_h200_pad0.070] it  57 J=0.41356 A_min=0.3525 A_mean=0.4638 |g|=2.02e-03 bin=0.005 S_flip=0.288 t=84s
[P850_h200_pad0.070] it  58 J=0.41366 A_min=0.3526 A_mean=0.4639 |g|=1.81e-03 bin=0.004 S_flip=0.289 t=86s
[P850_h200_pad0.070] it  59 J=0.41376 A_min=0.3527 A_mean=0.4639 |g|=1.54e-03 bin=0.004 S_flip=0.290 t=87s
[P850_h200_pad0.070] it  60 J=0.41385 A_min=0.3528 A_mean=0.4640 |g|=1.29e-03 bin=0.004 S_flip=0.291 t=89s
[P850_h200_pad0.070] it  61 J=0.41393 A_min=0.3529 A_mean=0.4639 |g|=1.10e-03 bin=0.004 S_flip=0.292 t=91s
[P850_h200_pad0.070] it  62 J=0.41400 A_min=0.3530 A_mean=0.4639 |g|=9.92e-04 bin=0.003 S_flip=0.293 t=92s
[P850_h200_pad0.070] it  63 J=0.41406 A_min=0.3530 A_mean=0.4638 |g|=9.80e-04 bin=0.003 S_flip=0.294 t=94s
[P850_h200_pad0.070] it  64 J=0.41410 A_min=0.3531 A_mean=0.4638 |g|=1.04e-03 bin=0.003 S_flip=0.295 t=95s
[P850_h200_pad0.070] it  65 J=0.41414 A_min=0.3532 A_mean=0.4637 |g|=1.13e-03 bin=0.003 S_flip=0.295 t=97s
[P850_h200_pad0.070] it  66 J=0.41417 A_min=0.3532 A_mean=0.4637 |g|=1.22e-03 bin=0.003 S_flip=0.296 t=98s
[P850_h200_pad0.070] it  67 J=0.41421 A_min=0.3533 A_mean=0.4637 |g|=1.31e-03 bin=0.003 S_flip=0.296 t=100s
[P850_h200_pad0.070] it  68 J=0.41424 A_min=0.3533 A_mean=0.4637 |g|=1.37e-03 bin=0.003 S_flip=0.296 t=101s
[P850_h200_pad0.070] it  69 J=0.41428 A_min=0.3534 A_mean=0.4637 |g|=1.41e-03 bin=0.003 S_flip=0.297 t=103s
[P850_h200_pad0.070] it  70 J=0.41432 A_min=0.3534 A_mean=0.4637 |g|=1.42e-03 bin=0.003 S_flip=0.297 t=104s
[P850_h200_pad0.070] it  71 J=0.41437 A_min=0.3535 A_mean=0.4638 |g|=1.43e-03 bin=0.003 S_flip=0.298 t=106s
[P850_h200_pad0.070] it  72 J=0.41441 A_min=0.3535 A_mean=0.4639 |g|=1.42e-03 bin=0.003 S_flip=0.298 t=107s
[P850_h200_pad0.070] it  73 J=0.41446 A_min=0.3535 A_mean=0.4640 |g|=1.39e-03 bin=0.003 S_flip=0.299 t=109s
[P850_h200_pad0.070] it  74 J=0.41451 A_min=0.3536 A_mean=0.4641 |g|=1.34e-03 bin=0.002 S_flip=0.299 t=110s
[P850_h200_pad0.070] it  75 J=0.41456 A_min=0.3536 A_mean=0.4642 |g|=1.27e-03 bin=0.002 S_flip=0.300 t=112s
[P850_h200_pad0.070] it  76 J=0.41460 A_min=0.3536 A_mean=0.4643 |g|=1.18e-03 bin=0.002 S_flip=0.300 t=113s
[P850_h200_pad0.070] it  77 J=0.41464 A_min=0.3537 A_mean=0.4644 |g|=1.08e-03 bin=0.002 S_flip=0.301 t=115s
[P850_h200_pad0.070] it  78 J=0.41467 A_min=0.3537 A_mean=0.4645 |g|=9.89e-04 bin=0.002 S_flip=0.301 t=116s
[P850_h200_pad0.070] it  79 J=0.41470 A_min=0.3537 A_mean=0.4645 |g|=9.20e-04 bin=0.002 S_flip=0.301 t=118s
[P850_h200_pad0.070] it  80 J=0.41472 A_min=0.3537 A_mean=0.4646 |g|=8.84e-04 bin=0.001 S_flip=0.302 t=119s
[P850_h200_pad0.070] it  81 J=0.41474 A_min=0.3537 A_mean=0.4647 |g|=8.83e-04 bin=0.001 S_flip=0.302 t=121s
[P850_h200_pad0.070] it  82 J=0.41477 A_min=0.3537 A_mean=0.4648 |g|=9.07e-04 bin=0.001 S_flip=0.302 t=122s
[P850_h200_pad0.070] it  83 J=0.41479 A_min=0.3537 A_mean=0.4648 |g|=9.34e-04 bin=0.001 S_flip=0.302 t=123s
[P850_h200_pad0.070] it  84 J=0.41481 A_min=0.3537 A_mean=0.4648 |g|=9.46e-04 bin=0.001 S_flip=0.302 t=125s
[P850_h200_pad0.070] it  85 J=0.41483 A_min=0.3538 A_mean=0.4649 |g|=9.32e-04 bin=0.001 S_flip=0.303 t=126s
[P850_h200_pad0.070] it  86 J=0.41485 A_min=0.3538 A_mean=0.4649 |g|=8.95e-04 bin=0.001 S_flip=0.303 t=128s
[P850_h200_pad0.070] it  87 J=0.41487 A_min=0.3538 A_mean=0.4649 |g|=8.44e-04 bin=0.001 S_flip=0.303 t=129s
[P850_h200_pad0.070] it  88 J=0.41488 A_min=0.3538 A_mean=0.4650 |g|=8.04e-04 bin=0.001 S_flip=0.303 t=131s
[P850_h200_pad0.070] it  89 J=0.41490 A_min=0.3538 A_mean=0.4650 |g|=8.04e-04 bin=0.001 S_flip=0.304 t=132s
[P850_h200_pad0.070] it  90 J=0.41491 A_min=0.3538 A_mean=0.4650 |g|=8.30e-04 bin=0.001 S_flip=0.304 t=134s
[P850_h200_pad0.070] it  91 J=0.41492 A_min=0.3538 A_mean=0.4650 |g|=8.28e-04 bin=0.001 S_flip=0.304 t=136s
[P850_h200_pad0.070] it  92 J=0.41493 A_min=0.3539 A_mean=0.4650 |g|=7.89e-04 bin=0.001 S_flip=0.304 t=137s
[P850_h200_pad0.070] it  93 J=0.41494 A_min=0.3539 A_mean=0.4650 |g|=7.66e-04 bin=0.001 S_flip=0.304 t=139s
[P850_h200_pad0.070] it  94 J=0.41495 A_min=0.3539 A_mean=0.4651 |g|=7.82e-04 bin=0.001 S_flip=0.304 t=140s
[P850_h200_pad0.070] it  95 J=0.41496 A_min=0.3539 A_mean=0.4651 |g|=8.23e-04 bin=0.001 S_flip=0.304 t=142s
[P850_h200_pad0.070] it  96 J=0.41497 A_min=0.3539 A_mean=0.4651 |g|=8.55e-04 bin=0.001 S_flip=0.304 t=143s
[P850_h200_pad0.070] it  97 J=0.41497 A_min=0.3539 A_mean=0.4651 |g|=8.51e-04 bin=0.001 S_flip=0.304 t=145s
[P850_h200_pad0.070] it  98 J=0.41498 A_min=0.3539 A_mean=0.4651 |g|=8.13e-04 bin=0.001 S_flip=0.304 t=146s
[P850_h200_pad0.070] it  99 J=0.41499 A_min=0.3539 A_mean=0.4651 |g|=7.68e-04 bin=0.000 S_flip=0.305 t=148s
[P850_h200_pad0.070] it 100 J=0.41499 A_min=0.3539 A_mean=0.4651 |g|=7.30e-04 bin=0.000 S_flip=0.305 t=149s
[P850_h200_pad0.070] it 101 J=0.41500 A_min=0.3539 A_mean=0.4651 |g|=6.92e-04 bin=0.000 S_flip=0.305 t=151s
[P850_h200_pad0.070] it 102 J=0.41500 A_min=0.3539 A_mean=0.4652 |g|=6.51e-04 bin=0.000 S_flip=0.305 t=152s
[P850_h200_pad0.070] it 103 J=0.41500 A_min=0.3539 A_mean=0.4652 |g|=6.07e-04 bin=0.000 S_flip=0.305 t=154s
[P850_h200_pad0.070] it 104 J=0.41501 A_min=0.3539 A_mean=0.4652 |g|=5.67e-04 bin=0.000 S_flip=0.305 t=155s
[P850_h200_pad0.070] it 105 J=0.41501 A_min=0.3539 A_mean=0.4652 |g|=5.38e-04 bin=0.000 S_flip=0.305 t=156s
[P850_h200_pad0.070] it 106 J=0.41501 A_min=0.3539 A_mean=0.4652 |g|=5.24e-04 bin=0.000 S_flip=0.305 t=158s
[P850_h200_pad0.070] it 107 J=0.41501 A_min=0.3539 A_mean=0.4652 |g|=5.27e-04 bin=0.000 S_flip=0.305 t=159s
[P850_h200_pad0.070] it 108 J=0.41501 A_min=0.3539 A_mean=0.4652 |g|=5.46e-04 bin=0.000 S_flip=0.305 t=161s
[P850_h200_pad0.070] it 109 J=0.41501 A_min=0.3539 A_mean=0.4652 |g|=5.78e-04 bin=0.000 S_flip=0.305 t=162s
[P850_h200_pad0.070] it 110 J=0.41501 A_min=0.3539 A_mean=0.4652 |g|=6.22e-04 bin=0.000 S_flip=0.305 t=163s
[P850_h200_pad0.070] it 111 J=0.41501 A_min=0.3539 A_mean=0.4652 |g|=6.73e-04 bin=0.000 S_flip=0.305 t=165s
[P850_h200_pad0.070] it 112 J=0.41501 A_min=0.3539 A_mean=0.4652 |g|=7.29e-04 bin=0.000 S_flip=0.305 t=166s
[P850_h200_pad0.070] it 113 J=0.41501 A_min=0.3539 A_mean=0.4652 |g|=7.87e-04 bin=0.000 S_flip=0.305 t=167s
[P850_h200_pad0.070] it 114 J=0.41502 A_min=0.3539 A_mean=0.4652 |g|=8.44e-04 bin=0.000 S_flip=0.305 t=169s
[P850_h200_pad0.070] it 115 J=0.41502 A_min=0.3539 A_mean=0.4652 |g|=8.98e-04 bin=0.000 S_flip=0.305 t=170s
[P850_h200_pad0.070] it 116 J=0.41502 A_min=0.3539 A_mean=0.4652 |g|=9.48e-04 bin=0.000 S_flip=0.305 t=172s
[P850_h200_pad0.070] it 117 J=0.41502 A_min=0.3539 A_mean=0.4652 |g|=9.92e-04 bin=0.000 S_flip=0.305 t=173s
[P850_h200_pad0.070] it 118 J=0.41502 A_min=0.3539 A_mean=0.4652 |g|=1.03e-03 bin=0.000 S_flip=0.305 t=175s
[P850_h200_pad0.070] it 119 J=0.41502 A_min=0.3539 A_mean=0.4652 |g|=1.06e-03 bin=0.000 S_flip=0.305 t=176s
[P850_h200_pad0.070] done: J_soft=0.41502 J_hard=0.41501 A_hard=[0.5231, 0.5187, 0.3539] S_flip=0.305 wall=178s
[P850_h200_pad0.030] it   0 J=0.41297 A_min=0.3518 A_mean=0.4640 |g|=2.26e-03 bin=0.074 S_flip=0.203 t=2s
[P850_h200_pad0.030] it   1 J=0.41357 A_min=0.3521 A_mean=0.4654 |g|=4.15e-03 bin=0.070 S_flip=0.208 t=3s
[P850_h200_pad0.030] it   2 J=0.41447 A_min=0.3534 A_mean=0.4649 |g|=2.63e-03 bin=0.066 S_flip=0.216 t=4s
[P850_h200_pad0.030] it   3 J=0.41502 A_min=0.3540 A_mean=0.4652 |g|=3.04e-03 bin=0.063 S_flip=0.223 t=6s
[P850_h200_pad0.030] it   4 J=0.41569 A_min=0.3544 A_mean=0.4666 |g|=1.43e-03 bin=0.060 S_flip=0.229 t=7s
[P850_h200_pad0.030] it   5 J=0.41609 A_min=0.3548 A_mean=0.4670 |g|=2.43e-03 bin=0.057 S_flip=0.235 t=9s
[P850_h200_pad0.030] it   6 J=0.41655 A_min=0.3553 A_mean=0.4673 |g|=2.23e-03 bin=0.054 S_flip=0.241 t=10s
[P850_h200_pad0.030] it   7 J=0.41703 A_min=0.3558 A_mean=0.4676 |g|=1.36e-03 bin=0.052 S_flip=0.248 t=11s
[P850_h200_pad0.030] it   8 J=0.41738 A_min=0.3563 A_mean=0.4677 |g|=1.87e-03 bin=0.049 S_flip=0.255 t=12s
[P850_h200_pad0.030] it   9 J=0.41774 A_min=0.3567 A_mean=0.4678 |g|=2.13e-03 bin=0.047 S_flip=0.261 t=14s
[P850_h200_pad0.030] it  10 J=0.41814 A_min=0.3571 A_mean=0.4682 |g|=1.63e-03 bin=0.045 S_flip=0.267 t=15s
[P850_h200_pad0.030] it  11 J=0.41851 A_min=0.3575 A_mean=0.4684 |g|=1.37e-03 bin=0.043 S_flip=0.273 t=17s
[P850_h200_pad0.030] it  12 J=0.41884 A_min=0.3579 A_mean=0.4685 |g|=1.72e-03 bin=0.041 S_flip=0.279 t=18s
[P850_h200_pad0.030] it  13 J=0.41919 A_min=0.3583 A_mean=0.4686 |g|=1.78e-03 bin=0.039 S_flip=0.284 t=19s
[P850_h200_pad0.030] it  14 J=0.41955 A_min=0.3587 A_mean=0.4687 |g|=1.47e-03 bin=0.038 S_flip=0.290 t=21s
[P850_h200_pad0.030] it  15 J=0.41989 A_min=0.3591 A_mean=0.4688 |g|=1.38e-03 bin=0.036 S_flip=0.296 t=22s
[P850_h200_pad0.030] it  16 J=0.42021 A_min=0.3595 A_mean=0.4688 |g|=1.62e-03 bin=0.034 S_flip=0.302 t=24s
[P850_h200_pad0.030] it  17 J=0.42053 A_min=0.3599 A_mean=0.4688 |g|=1.70e-03 bin=0.033 S_flip=0.307 t=25s
[P850_h200_pad0.030] it  18 J=0.42087 A_min=0.3603 A_mean=0.4688 |g|=1.52e-03 bin=0.032 S_flip=0.312 t=27s
[P850_h200_pad0.030] it  19 J=0.42120 A_min=0.3607 A_mean=0.4688 |g|=1.36e-03 bin=0.030 S_flip=0.317 t=28s
[P850_h200_pad0.030] it  20 J=0.42152 A_min=0.3611 A_mean=0.4687 |g|=1.44e-03 bin=0.029 S_flip=0.322 t=29s
[P850_h200_pad0.030] it  21 J=0.42183 A_min=0.3616 A_mean=0.4686 |g|=1.56e-03 bin=0.028 S_flip=0.326 t=31s
[P850_h200_pad0.030] it  22 J=0.42215 A_min=0.3620 A_mean=0.4686 |g|=1.51e-03 bin=0.027 S_flip=0.331 t=32s
[P850_h200_pad0.030] it  23 J=0.42247 A_min=0.3624 A_mean=0.4685 |g|=1.40e-03 bin=0.026 S_flip=0.336 t=34s
[P850_h200_pad0.030] it  24 J=0.42278 A_min=0.3629 A_mean=0.4683 |g|=1.44e-03 bin=0.025 S_flip=0.341 t=35s
[P850_h200_pad0.030] it  25 J=0.42308 A_min=0.3633 A_mean=0.4682 |g|=1.56e-03 bin=0.024 S_flip=0.345 t=37s
[P850_h200_pad0.030] it  26 J=0.42339 A_min=0.3638 A_mean=0.4680 |g|=1.58e-03 bin=0.023 S_flip=0.350 t=38s
[P850_h200_pad0.030] it  27 J=0.42371 A_min=0.3643 A_mean=0.4678 |g|=1.50e-03 bin=0.022 S_flip=0.355 t=40s
[P850_h200_pad0.030] it  28 J=0.42403 A_min=0.3647 A_mean=0.4676 |g|=1.46e-03 bin=0.021 S_flip=0.359 t=41s
[P850_h200_pad0.030] it  29 J=0.42434 A_min=0.3652 A_mean=0.4674 |g|=1.51e-03 bin=0.020 S_flip=0.363 t=42s
[P850_h200_pad0.030] it  30 J=0.42464 A_min=0.3656 A_mean=0.4672 |g|=1.53e-03 bin=0.019 S_flip=0.368 t=44s
[P850_h200_pad0.030] it  31 J=0.42495 A_min=0.3661 A_mean=0.4670 |g|=1.50e-03 bin=0.018 S_flip=0.372 t=45s
[P850_h200_pad0.030] it  32 J=0.42526 A_min=0.3666 A_mean=0.4668 |g|=1.51e-03 bin=0.017 S_flip=0.376 t=47s
[P850_h200_pad0.030] it  33 J=0.42556 A_min=0.3671 A_mean=0.4665 |g|=1.60e-03 bin=0.017 S_flip=0.380 t=48s
[P850_h200_pad0.030] it  34 J=0.42586 A_min=0.3676 A_mean=0.4663 |g|=1.65e-03 bin=0.016 S_flip=0.384 t=50s
[P850_h200_pad0.030] it  35 J=0.42617 A_min=0.3681 A_mean=0.4661 |g|=1.61e-03 bin=0.015 S_flip=0.388 t=51s
[P850_h200_pad0.030] it  36 J=0.42647 A_min=0.3686 A_mean=0.4658 |g|=1.58e-03 bin=0.015 S_flip=0.391 t=53s
[P850_h200_pad0.030] it  37 J=0.42678 A_min=0.3691 A_mean=0.4655 |g|=1.64e-03 bin=0.014 S_flip=0.394 t=54s
[P850_h200_pad0.030] it  38 J=0.42709 A_min=0.3696 A_mean=0.4653 |g|=1.72e-03 bin=0.014 S_flip=0.397 t=55s
[P850_h200_pad0.030] it  39 J=0.42742 A_min=0.3701 A_mean=0.4650 |g|=1.77e-03 bin=0.013 S_flip=0.400 t=57s
[P850_h200_pad0.030] it  40 J=0.42775 A_min=0.3707 A_mean=0.4648 |g|=1.78e-03 bin=0.013 S_flip=0.403 t=58s
[P850_h200_pad0.030] it  41 J=0.42809 A_min=0.3713 A_mean=0.4645 |g|=1.78e-03 bin=0.013 S_flip=0.406 t=60s
[P850_h200_pad0.030] it  42 J=0.42842 A_min=0.3719 A_mean=0.4643 |g|=1.77e-03 bin=0.012 S_flip=0.409 t=61s
[P850_h200_pad0.030] it  43 J=0.42877 A_min=0.3724 A_mean=0.4641 |g|=1.89e-03 bin=0.012 S_flip=0.412 t=63s
[P850_h200_pad0.030] it  44 J=0.42914 A_min=0.3731 A_mean=0.4639 |g|=2.07e-03 bin=0.012 S_flip=0.414 t=64s
[P850_h200_pad0.030] it  45 J=0.42955 A_min=0.3737 A_mean=0.4637 |g|=2.19e-03 bin=0.011 S_flip=0.418 t=66s
[P850_h200_pad0.030] it  46 J=0.42997 A_min=0.3744 A_mean=0.4635 |g|=2.14e-03 bin=0.011 S_flip=0.421 t=67s
[P850_h200_pad0.030] it  47 J=0.43039 A_min=0.3751 A_mean=0.4633 |g|=2.18e-03 bin=0.010 S_flip=0.424 t=69s
[P850_h200_pad0.030] it  48 J=0.43082 A_min=0.3758 A_mean=0.4631 |g|=2.41e-03 bin=0.010 S_flip=0.428 t=70s
[P850_h200_pad0.030] it  49 J=0.43128 A_min=0.3765 A_mean=0.4630 |g|=2.44e-03 bin=0.009 S_flip=0.431 t=71s
[P850_h200_pad0.030] it  50 J=0.43173 A_min=0.3773 A_mean=0.4630 |g|=2.13e-03 bin=0.009 S_flip=0.435 t=73s
[P850_h200_pad0.030] it  51 J=0.43215 A_min=0.3780 A_mean=0.4629 |g|=2.37e-03 bin=0.008 S_flip=0.438 t=74s
[P850_h200_pad0.030] it  52 J=0.43261 A_min=0.3789 A_mean=0.4629 |g|=2.81e-03 bin=0.008 S_flip=0.442 t=75s
[P850_h200_pad0.030] it  53 J=0.43307 A_min=0.3796 A_mean=0.4627 |g|=2.59e-03 bin=0.007 S_flip=0.445 t=76s
[P850_h200_pad0.030] it  54 J=0.43348 A_min=0.3803 A_mean=0.4626 |g|=2.11e-03 bin=0.007 S_flip=0.447 t=78s
[P850_h200_pad0.030] it  55 J=0.43385 A_min=0.3808 A_mean=0.4624 |g|=2.02e-03 bin=0.006 S_flip=0.449 t=79s
[P850_h200_pad0.030] it  56 J=0.43427 A_min=0.3816 A_mean=0.4622 |g|=2.98e-03 bin=0.006 S_flip=0.451 t=80s
[P850_h200_pad0.030] it  57 J=0.43477 A_min=0.3825 A_mean=0.4621 |g|=2.42e-03 bin=0.006 S_flip=0.454 t=81s
[P850_h200_pad0.030] it  58 J=0.43518 A_min=0.3832 A_mean=0.4621 |g|=2.25e-03 bin=0.006 S_flip=0.457 t=83s
[P850_h200_pad0.030] it  59 J=0.43559 A_min=0.3840 A_mean=0.4620 |g|=2.49e-03 bin=0.005 S_flip=0.459 t=84s
[P850_h200_pad0.030] it  60 J=0.43606 A_min=0.3848 A_mean=0.4620 |g|=2.94e-03 bin=0.005 S_flip=0.461 t=85s
[P850_h200_pad0.030] it  61 J=0.43654 A_min=0.3856 A_mean=0.4620 |g|=2.72e-03 bin=0.005 S_flip=0.464 t=87s
[P850_h200_pad0.030] it  62 J=0.43698 A_min=0.3862 A_mean=0.4620 |g|=2.33e-03 bin=0.004 S_flip=0.466 t=88s
[P850_h200_pad0.030] it  63 J=0.43733 A_min=0.3867 A_mean=0.4619 |g|=2.28e-03 bin=0.004 S_flip=0.467 t=90s
[P850_h200_pad0.030] it  64 J=0.43780 A_min=0.3873 A_mean=0.4621 |g|=4.16e-03 bin=0.005 S_flip=0.469 t=91s
[P850_h200_pad0.030] it  65 J=0.43846 A_min=0.3883 A_mean=0.4624 |g|=3.58e-03 bin=0.005 S_flip=0.471 t=92s
[P850_h200_pad0.030] it  66 J=0.43904 A_min=0.3891 A_mean=0.4628 |g|=3.56e-03 bin=0.005 S_flip=0.473 t=94s
[P850_h200_pad0.030] it  67 J=0.43966 A_min=0.3900 A_mean=0.4632 |g|=3.34e-03 bin=0.004 S_flip=0.476 t=95s
[P850_h200_pad0.030] it  68 J=0.44017 A_min=0.3906 A_mean=0.4635 |g|=3.06e-03 bin=0.004 S_flip=0.477 t=97s
[P850_h200_pad0.030] it  69 J=0.44069 A_min=0.3914 A_mean=0.4636 |g|=3.46e-03 bin=0.004 S_flip=0.479 t=98s
[P850_h200_pad0.030] it  70 J=0.44133 A_min=0.3923 A_mean=0.4637 |g|=4.28e-03 bin=0.003 S_flip=0.480 t=100s
[P850_h200_pad0.030] it  71 J=0.44177 A_min=0.3930 A_mean=0.4638 |g|=1.84e-03 bin=0.003 S_flip=0.482 t=101s
[P850_h200_pad0.030] it  72 J=0.44201 A_min=0.3933 A_mean=0.4638 |g|=2.26e-03 bin=0.003 S_flip=0.482 t=103s
[P850_h200_pad0.030] it  73 J=0.44247 A_min=0.3940 A_mean=0.4640 |g|=4.55e-03 bin=0.003 S_flip=0.483 t=104s
[P850_h200_pad0.030] it  74 J=0.44310 A_min=0.3950 A_mean=0.4644 |g|=4.48e-03 bin=0.003 S_flip=0.485 t=106s
[P850_h200_pad0.030] it  75 J=0.44360 A_min=0.3959 A_mean=0.4646 |g|=3.13e-03 bin=0.003 S_flip=0.487 t=107s
[P850_h200_pad0.030] it  76 J=0.44403 A_min=0.3966 A_mean=0.4648 |g|=3.96e-03 bin=0.003 S_flip=0.488 t=109s
[P850_h200_pad0.030] it  77 J=0.44456 A_min=0.3975 A_mean=0.4650 |g|=4.12e-03 bin=0.003 S_flip=0.490 t=110s
[P850_h200_pad0.030] it  78 J=0.44502 A_min=0.3981 A_mean=0.4651 |g|=3.67e-03 bin=0.002 S_flip=0.491 t=112s
[P850_h200_pad0.030] it  79 J=0.44549 A_min=0.3987 A_mean=0.4652 |g|=4.25e-03 bin=0.002 S_flip=0.492 t=113s
[P850_h200_pad0.030] it  80 J=0.44598 A_min=0.3993 A_mean=0.4654 |g|=4.36e-03 bin=0.002 S_flip=0.492 t=115s
[P850_h200_pad0.030] it  81 J=0.44657 A_min=0.4001 A_mean=0.4657 |g|=4.94e-03 bin=0.002 S_flip=0.493 t=116s
[P850_h200_pad0.030] it  82 J=0.44712 A_min=0.4008 A_mean=0.4659 |g|=4.11e-03 bin=0.002 S_flip=0.495 t=118s
[P850_h200_pad0.030] it  83 J=0.44747 A_min=0.4012 A_mean=0.4659 |g|=3.09e-03 bin=0.002 S_flip=0.495 t=119s
[P850_h200_pad0.030] it  84 J=0.44772 A_min=0.4015 A_mean=0.4659 |g|=2.86e-03 bin=0.002 S_flip=0.495 t=121s
[P850_h200_pad0.030] it  85 J=0.44796 A_min=0.4018 A_mean=0.4660 |g|=4.37e-03 bin=0.002 S_flip=0.495 t=122s
[P850_h200_pad0.030] it  86 J=0.44833 A_min=0.4023 A_mean=0.4662 |g|=5.17e-03 bin=0.002 S_flip=0.496 t=124s
[P850_h200_pad0.030] it  87 J=0.44872 A_min=0.4027 A_mean=0.4666 |g|=5.76e-03 bin=0.002 S_flip=0.497 t=125s
[P850_h200_pad0.030] it  88 J=0.44922 A_min=0.4033 A_mean=0.4670 |g|=6.06e-03 bin=0.002 S_flip=0.498 t=126s
[P850_h200_pad0.030] it  89 J=0.44973 A_min=0.4040 A_mean=0.4676 |g|=6.69e-03 bin=0.002 S_flip=0.499 t=128s
[P850_h200_pad0.030] it  90 J=0.45012 A_min=0.4044 A_mean=0.4680 |g|=4.78e-03 bin=0.001 S_flip=0.500 t=129s
[P850_h200_pad0.030] it  91 J=0.45045 A_min=0.4049 A_mean=0.4684 |g|=3.49e-03 bin=0.001 S_flip=0.502 t=131s
[P850_h200_pad0.030] it  92 J=0.45063 A_min=0.4051 A_mean=0.4686 |g|=3.84e-03 bin=0.001 S_flip=0.502 t=132s
[P850_h200_pad0.030] it  93 J=0.45085 A_min=0.4055 A_mean=0.4688 |g|=4.75e-03 bin=0.001 S_flip=0.503 t=134s
[P850_h200_pad0.030] it  94 J=0.45110 A_min=0.4059 A_mean=0.4690 |g|=4.68e-03 bin=0.001 S_flip=0.504 t=135s
[P850_h200_pad0.030] it  95 J=0.45129 A_min=0.4062 A_mean=0.4691 |g|=4.38e-03 bin=0.001 S_flip=0.505 t=137s
[P850_h200_pad0.030] it  96 J=0.45146 A_min=0.4064 A_mean=0.4691 |g|=4.59e-03 bin=0.001 S_flip=0.505 t=139s
[P850_h200_pad0.030] it  97 J=0.45168 A_min=0.4067 A_mean=0.4692 |g|=5.49e-03 bin=0.001 S_flip=0.505 t=140s
[P850_h200_pad0.030] it  98 J=0.45192 A_min=0.4070 A_mean=0.4693 |g|=5.85e-03 bin=0.001 S_flip=0.506 t=142s
[P850_h200_pad0.030] it  99 J=0.45212 A_min=0.4072 A_mean=0.4694 |g|=3.68e-03 bin=0.001 S_flip=0.506 t=143s
[P850_h200_pad0.030] it 100 J=0.45222 A_min=0.4073 A_mean=0.4695 |g|=2.96e-03 bin=0.001 S_flip=0.507 t=145s
[P850_h200_pad0.030] it 101 J=0.45231 A_min=0.4074 A_mean=0.4695 |g|=4.09e-03 bin=0.001 S_flip=0.507 t=146s
[P850_h200_pad0.030] it 102 J=0.45242 A_min=0.4075 A_mean=0.4696 |g|=6.80e-03 bin=0.001 S_flip=0.507 t=148s
[P850_h200_pad0.030] it 103 J=0.45253 A_min=0.4077 A_mean=0.4696 |g|=4.23e-03 bin=0.001 S_flip=0.507 t=149s
[P850_h200_pad0.030] it 104 J=0.45260 A_min=0.4078 A_mean=0.4696 |g|=4.14e-03 bin=0.001 S_flip=0.507 t=150s
[P850_h200_pad0.030] it 105 J=0.45267 A_min=0.4079 A_mean=0.4696 |g|=4.88e-03 bin=0.001 S_flip=0.507 t=152s
[P850_h200_pad0.030] it 106 J=0.45274 A_min=0.4080 A_mean=0.4695 |g|=4.54e-03 bin=0.001 S_flip=0.507 t=153s
[P850_h200_pad0.030] it 107 J=0.45280 A_min=0.4081 A_mean=0.4695 |g|=3.52e-03 bin=0.001 S_flip=0.507 t=155s
[P850_h200_pad0.030] it 108 J=0.45284 A_min=0.4082 A_mean=0.4694 |g|=3.00e-03 bin=0.001 S_flip=0.507 t=156s
[P850_h200_pad0.030] it 109 J=0.45286 A_min=0.4082 A_mean=0.4694 |g|=2.89e-03 bin=0.001 S_flip=0.507 t=157s
[P850_h200_pad0.030] it 110 J=0.45288 A_min=0.4082 A_mean=0.4694 |g|=2.94e-03 bin=0.001 S_flip=0.508 t=159s
[P850_h200_pad0.030] it 111 J=0.45290 A_min=0.4083 A_mean=0.4694 |g|=3.26e-03 bin=0.001 S_flip=0.508 t=160s
[P850_h200_pad0.030] it 112 J=0.45292 A_min=0.4083 A_mean=0.4694 |g|=3.94e-03 bin=0.001 S_flip=0.508 t=162s
[P850_h200_pad0.030] it 113 J=0.45293 A_min=0.4083 A_mean=0.4694 |g|=4.87e-03 bin=0.001 S_flip=0.508 t=163s
[P850_h200_pad0.030] it 114 J=0.45295 A_min=0.4083 A_mean=0.4694 |g|=5.83e-03 bin=0.000 S_flip=0.508 t=164s
[P850_h200_pad0.030] it 115 J=0.45296 A_min=0.4084 A_mean=0.4694 |g|=6.56e-03 bin=0.000 S_flip=0.508 t=166s
[P850_h200_pad0.030] it 116 J=0.45298 A_min=0.4084 A_mean=0.4694 |g|=7.00e-03 bin=0.000 S_flip=0.508 t=167s
[P850_h200_pad0.030] it 117 J=0.45298 A_min=0.4084 A_mean=0.4694 |g|=7.22e-03 bin=0.000 S_flip=0.508 t=169s
[P850_h200_pad0.030] it 118 J=0.45299 A_min=0.4084 A_mean=0.4694 |g|=7.35e-03 bin=0.000 S_flip=0.508 t=170s
[P850_h200_pad0.030] it 119 J=0.45299 A_min=0.4084 A_mean=0.4694 |g|=7.48e-03 bin=0.000 S_flip=0.508 t=171s
[P850_h200_pad0.030] done: J_soft=0.45299 J_hard=0.45300 A_hard=[0.5145, 0.4855, 0.4084] S_flip=0.508 wall=173s
[P750_h200_pad0.040] it   0 J=0.18870 A_min=0.1663 A_mean=0.1945 |g|=1.66e-03 bin=0.078 S_flip=0.196 t=1s
[P750_h200_pad0.040] it   1 J=0.18955 A_min=0.1672 A_mean=0.1953 |g|=1.64e-03 bin=0.074 S_flip=0.198 t=3s
[P750_h200_pad0.040] it   2 J=0.19036 A_min=0.1681 A_mean=0.1961 |g|=1.63e-03 bin=0.070 S_flip=0.200 t=4s
[P750_h200_pad0.040] it   3 J=0.19113 A_min=0.1689 A_mean=0.1969 |g|=1.62e-03 bin=0.067 S_flip=0.201 t=6s
[P750_h200_pad0.040] it   4 J=0.19187 A_min=0.1697 A_mean=0.1976 |g|=1.62e-03 bin=0.064 S_flip=0.203 t=7s
[P750_h200_pad0.040] it   5 J=0.19259 A_min=0.1705 A_mean=0.1983 |g|=1.61e-03 bin=0.061 S_flip=0.204 t=8s
[P750_h200_pad0.040] it   6 J=0.19328 A_min=0.1713 A_mean=0.1990 |g|=1.61e-03 bin=0.058 S_flip=0.205 t=10s
[P750_h200_pad0.040] it   7 J=0.19395 A_min=0.1721 A_mean=0.1997 |g|=1.62e-03 bin=0.056 S_flip=0.206 t=11s
[P750_h200_pad0.040] it   8 J=0.19460 A_min=0.1728 A_mean=0.2003 |g|=1.62e-03 bin=0.053 S_flip=0.208 t=13s
[P750_h200_pad0.040] it   9 J=0.19524 A_min=0.1735 A_mean=0.2010 |g|=1.63e-03 bin=0.051 S_flip=0.208 t=14s
[P750_h200_pad0.040] it  10 J=0.19586 A_min=0.1743 A_mean=0.2016 |g|=1.64e-03 bin=0.048 S_flip=0.209 t=16s
[P750_h200_pad0.040] it  11 J=0.19647 A_min=0.1750 A_mean=0.2022 |g|=1.65e-03 bin=0.046 S_flip=0.210 t=17s
[P750_h200_pad0.040] it  12 J=0.19708 A_min=0.1757 A_mean=0.2028 |g|=1.66e-03 bin=0.044 S_flip=0.211 t=18s
[P750_h200_pad0.040] it  13 J=0.19767 A_min=0.1764 A_mean=0.2033 |g|=1.67e-03 bin=0.043 S_flip=0.211 t=20s
[P750_h200_pad0.040] it  14 J=0.19826 A_min=0.1771 A_mean=0.2039 |g|=1.69e-03 bin=0.041 S_flip=0.211 t=21s
[P750_h200_pad0.040] it  15 J=0.19884 A_min=0.1778 A_mean=0.2045 |g|=1.70e-03 bin=0.039 S_flip=0.212 t=23s
[P750_h200_pad0.040] it  16 J=0.19942 A_min=0.1785 A_mean=0.2050 |g|=1.72e-03 bin=0.037 S_flip=0.212 t=24s
[P750_h200_pad0.040] it  17 J=0.19999 A_min=0.1792 A_mean=0.2056 |g|=1.73e-03 bin=0.036 S_flip=0.211 t=26s
[P750_h200_pad0.040] it  18 J=0.20056 A_min=0.1799 A_mean=0.2061 |g|=1.75e-03 bin=0.034 S_flip=0.211 t=27s
[P750_h200_pad0.040] it  19 J=0.20113 A_min=0.1807 A_mean=0.2067 |g|=1.77e-03 bin=0.033 S_flip=0.211 t=29s
[P750_h200_pad0.040] it  20 J=0.20169 A_min=0.1814 A_mean=0.2072 |g|=1.78e-03 bin=0.032 S_flip=0.210 t=30s
[P750_h200_pad0.040] it  21 J=0.20225 A_min=0.1821 A_mean=0.2077 |g|=1.79e-03 bin=0.030 S_flip=0.210 t=31s
[P750_h200_pad0.040] it  22 J=0.20281 A_min=0.1829 A_mean=0.2082 |g|=1.79e-03 bin=0.029 S_flip=0.209 t=33s
[P750_h200_pad0.040] it  23 J=0.20336 A_min=0.1836 A_mean=0.2088 |g|=1.80e-03 bin=0.028 S_flip=0.208 t=34s
[P750_h200_pad0.040] it  24 J=0.20391 A_min=0.1843 A_mean=0.2093 |g|=1.82e-03 bin=0.027 S_flip=0.207 t=36s
[P750_h200_pad0.040] it  25 J=0.20445 A_min=0.1851 A_mean=0.2098 |g|=1.82e-03 bin=0.026 S_flip=0.206 t=37s
[P750_h200_pad0.040] it  26 J=0.20499 A_min=0.1858 A_mean=0.2103 |g|=1.80e-03 bin=0.025 S_flip=0.205 t=39s
[P750_h200_pad0.040] it  27 J=0.20551 A_min=0.1865 A_mean=0.2108 |g|=1.77e-03 bin=0.024 S_flip=0.204 t=40s
[P750_h200_pad0.040] it  28 J=0.20603 A_min=0.1873 A_mean=0.2112 |g|=1.77e-03 bin=0.023 S_flip=0.202 t=41s
[P750_h200_pad0.040] it  29 J=0.20653 A_min=0.1880 A_mean=0.2117 |g|=1.76e-03 bin=0.022 S_flip=0.201 t=43s
[P750_h200_pad0.040] it  30 J=0.20702 A_min=0.1887 A_mean=0.2122 |g|=1.73e-03 bin=0.021 S_flip=0.199 t=44s
[P750_h200_pad0.040] it  31 J=0.20749 A_min=0.1894 A_mean=0.2126 |g|=1.69e-03 bin=0.020 S_flip=0.198 t=46s
[P750_h200_pad0.040] it  32 J=0.20794 A_min=0.1901 A_mean=0.2130 |g|=1.64e-03 bin=0.019 S_flip=0.196 t=47s
[P750_h200_pad0.040] it  33 J=0.20837 A_min=0.1907 A_mean=0.2134 |g|=1.59e-03 bin=0.018 S_flip=0.195 t=48s
[P750_h200_pad0.040] it  34 J=0.20878 A_min=0.1914 A_mean=0.2137 |g|=1.51e-03 bin=0.017 S_flip=0.193 t=50s
[P750_h200_pad0.040] it  35 J=0.20915 A_min=0.1919 A_mean=0.2141 |g|=1.47e-03 bin=0.017 S_flip=0.192 t=51s
[P750_h200_pad0.040] it  36 J=0.20951 A_min=0.1925 A_mean=0.2144 |g|=1.44e-03 bin=0.016 S_flip=0.190 t=52s
[P750_h200_pad0.040] it  37 J=0.20984 A_min=0.1931 A_mean=0.2147 |g|=1.34e-03 bin=0.015 S_flip=0.188 t=54s
[P750_h200_pad0.040] it  38 J=0.21013 A_min=0.1936 A_mean=0.2149 |g|=1.18e-03 bin=0.014 S_flip=0.187 t=55s
[P750_h200_pad0.040] it  39 J=0.21038 A_min=0.1941 A_mean=0.2152 |g|=1.05e-03 bin=0.014 S_flip=0.186 t=57s
[P750_h200_pad0.040] it  40 J=0.21060 A_min=0.1945 A_mean=0.2153 |g|=1.06e-03 bin=0.013 S_flip=0.185 t=58s
[P750_h200_pad0.040] it  41 J=0.21082 A_min=0.1949 A_mean=0.2155 |g|=1.12e-03 bin=0.013 S_flip=0.183 t=60s
[P750_h200_pad0.040] it  42 J=0.21104 A_min=0.1953 A_mean=0.2157 |g|=1.10e-03 bin=0.012 S_flip=0.180 t=61s
[P750_h200_pad0.040] it  43 J=0.21123 A_min=0.1957 A_mean=0.2159 |g|=9.35e-04 bin=0.012 S_flip=0.179 t=63s
[P750_h200_pad0.040] it  44 J=0.21138 A_min=0.1960 A_mean=0.2160 |g|=7.58e-04 bin=0.011 S_flip=0.179 t=64s
[P750_h200_pad0.040] it  45 J=0.21150 A_min=0.1963 A_mean=0.2161 |g|=6.79e-04 bin=0.011 S_flip=0.179 t=65s
[P750_h200_pad0.040] it  46 J=0.21160 A_min=0.1965 A_mean=0.2162 |g|=6.81e-04 bin=0.010 S_flip=0.179 t=67s
[P750_h200_pad0.040] it  47 J=0.21170 A_min=0.1967 A_mean=0.2162 |g|=7.30e-04 bin=0.010 S_flip=0.178 t=68s
[P750_h200_pad0.040] it  48 J=0.21180 A_min=0.1970 A_mean=0.2163 |g|=7.93e-04 bin=0.010 S_flip=0.176 t=69s
[P750_h200_pad0.040] it  49 J=0.21191 A_min=0.1973 A_mean=0.2164 |g|=8.01e-04 bin=0.009 S_flip=0.174 t=71s
[P750_h200_pad0.040] it  50 J=0.21200 A_min=0.1975 A_mean=0.2165 |g|=7.02e-04 bin=0.009 S_flip=0.172 t=72s
[P750_h200_pad0.040] it  51 J=0.21208 A_min=0.1977 A_mean=0.2165 |g|=5.64e-04 bin=0.008 S_flip=0.172 t=74s
[P750_h200_pad0.040] it  52 J=0.21213 A_min=0.1978 A_mean=0.2166 |g|=4.78e-04 bin=0.008 S_flip=0.172 t=75s
[P750_h200_pad0.040] it  53 J=0.21217 A_min=0.1979 A_mean=0.2166 |g|=4.46e-04 bin=0.007 S_flip=0.172 t=77s
[P750_h200_pad0.040] it  54 J=0.21221 A_min=0.1980 A_mean=0.2166 |g|=4.34e-04 bin=0.007 S_flip=0.172 t=78s
[P750_h200_pad0.040] it  55 J=0.21223 A_min=0.1981 A_mean=0.2166 |g|=4.28e-04 bin=0.007 S_flip=0.173 t=80s
[P750_h200_pad0.040] it  56 J=0.21226 A_min=0.1982 A_mean=0.2167 |g|=4.25e-04 bin=0.007 S_flip=0.173 t=81s
[P750_h200_pad0.040] it  57 J=0.21228 A_min=0.1983 A_mean=0.2167 |g|=4.24e-04 bin=0.007 S_flip=0.173 t=82s
[P750_h200_pad0.040] it  58 J=0.21230 A_min=0.1984 A_mean=0.2167 |g|=4.25e-04 bin=0.007 S_flip=0.173 t=84s
[P750_h200_pad0.040] it  59 J=0.21232 A_min=0.1984 A_mean=0.2167 |g|=4.28e-04 bin=0.007 S_flip=0.173 t=85s
[P750_h200_pad0.040] it  60 J=0.21234 A_min=0.1985 A_mean=0.2167 |g|=4.31e-04 bin=0.007 S_flip=0.174 t=87s
[P750_h200_pad0.040] it  61 J=0.21236 A_min=0.1986 A_mean=0.2167 |g|=4.35e-04 bin=0.007 S_flip=0.174 t=88s
[P750_h200_pad0.040] it  62 J=0.21238 A_min=0.1987 A_mean=0.2167 |g|=4.39e-04 bin=0.006 S_flip=0.174 t=90s
[P750_h200_pad0.040] it  63 J=0.21240 A_min=0.1987 A_mean=0.2167 |g|=4.45e-04 bin=0.006 S_flip=0.174 t=91s
[P750_h200_pad0.040] it  64 J=0.21242 A_min=0.1988 A_mean=0.2167 |g|=4.54e-04 bin=0.006 S_flip=0.175 t=93s
[P750_h200_pad0.040] it  65 J=0.21243 A_min=0.1988 A_mean=0.2168 |g|=4.68e-04 bin=0.006 S_flip=0.175 t=94s
[P750_h200_pad0.040] it  66 J=0.21245 A_min=0.1989 A_mean=0.2168 |g|=4.92e-04 bin=0.006 S_flip=0.175 t=96s
[P750_h200_pad0.040] it  67 J=0.21247 A_min=0.1990 A_mean=0.2168 |g|=5.27e-04 bin=0.006 S_flip=0.175 t=97s
[P750_h200_pad0.040] it  68 J=0.21249 A_min=0.1990 A_mean=0.2168 |g|=5.75e-04 bin=0.005 S_flip=0.175 t=98s
[P750_h200_pad0.040] it  69 J=0.21251 A_min=0.1991 A_mean=0.2168 |g|=6.38e-04 bin=0.005 S_flip=0.174 t=100s
[P750_h200_pad0.040] it  70 J=0.21253 A_min=0.1991 A_mean=0.2168 |g|=7.08e-04 bin=0.005 S_flip=0.174 t=101s
[P750_h200_pad0.040] it  71 J=0.21255 A_min=0.1992 A_mean=0.2168 |g|=7.75e-04 bin=0.005 S_flip=0.173 t=103s
[P750_h200_pad0.040] it  72 J=0.21258 A_min=0.1992 A_mean=0.2169 |g|=8.30e-04 bin=0.004 S_flip=0.172 t=104s
[P750_h200_pad0.040] it  73 J=0.21261 A_min=0.1993 A_mean=0.2169 |g|=8.65e-04 bin=0.004 S_flip=0.171 t=106s
[P750_h200_pad0.040] it  74 J=0.21264 A_min=0.1993 A_mean=0.2169 |g|=8.58e-04 bin=0.004 S_flip=0.170 t=107s
[P750_h200_pad0.040] it  75 J=0.21267 A_min=0.1994 A_mean=0.2169 |g|=7.61e-04 bin=0.003 S_flip=0.169 t=108s
[P750_h200_pad0.040] it  76 J=0.21269 A_min=0.1994 A_mean=0.2170 |g|=5.82e-04 bin=0.003 S_flip=0.168 t=110s
[P750_h200_pad0.040] it  77 J=0.21271 A_min=0.1995 A_mean=0.2170 |g|=4.40e-04 bin=0.003 S_flip=0.168 t=111s
[P750_h200_pad0.040] it  78 J=0.21272 A_min=0.1995 A_mean=0.2170 |g|=3.80e-04 bin=0.003 S_flip=0.169 t=113s
[P750_h200_pad0.040] it  79 J=0.21273 A_min=0.1995 A_mean=0.2170 |g|=3.60e-04 bin=0.002 S_flip=0.169 t=114s
[P750_h200_pad0.040] it  80 J=0.21274 A_min=0.1995 A_mean=0.2170 |g|=3.49e-04 bin=0.002 S_flip=0.169 t=116s
[P750_h200_pad0.040] it  81 J=0.21275 A_min=0.1995 A_mean=0.2170 |g|=3.39e-04 bin=0.002 S_flip=0.170 t=117s
[P750_h200_pad0.040] it  82 J=0.21275 A_min=0.1995 A_mean=0.2170 |g|=3.29e-04 bin=0.002 S_flip=0.170 t=119s
[P750_h200_pad0.040] it  83 J=0.21276 A_min=0.1996 A_mean=0.2170 |g|=3.18e-04 bin=0.002 S_flip=0.170 t=120s
[P750_h200_pad0.040] it  84 J=0.21277 A_min=0.1996 A_mean=0.2170 |g|=3.07e-04 bin=0.002 S_flip=0.171 t=122s
[P750_h200_pad0.040] it  85 J=0.21277 A_min=0.1996 A_mean=0.2170 |g|=2.98e-04 bin=0.002 S_flip=0.171 t=123s
[P750_h200_pad0.040] it  86 J=0.21277 A_min=0.1996 A_mean=0.2170 |g|=2.92e-04 bin=0.002 S_flip=0.171 t=125s
[P750_h200_pad0.040] it  87 J=0.21278 A_min=0.1996 A_mean=0.2170 |g|=2.89e-04 bin=0.002 S_flip=0.171 t=126s
[P750_h200_pad0.040] it  88 J=0.21278 A_min=0.1996 A_mean=0.2170 |g|=2.89e-04 bin=0.001 S_flip=0.171 t=128s
[P750_h200_pad0.040] it  89 J=0.21278 A_min=0.1996 A_mean=0.2170 |g|=2.92e-04 bin=0.001 S_flip=0.172 t=129s
[P750_h200_pad0.040] it  90 J=0.21279 A_min=0.1996 A_mean=0.2170 |g|=2.95e-04 bin=0.001 S_flip=0.172 t=131s
[P750_h200_pad0.040] it  91 J=0.21279 A_min=0.1996 A_mean=0.2170 |g|=2.98e-04 bin=0.001 S_flip=0.172 t=132s
[P750_h200_pad0.040] it  92 J=0.21279 A_min=0.1996 A_mean=0.2170 |g|=3.01e-04 bin=0.001 S_flip=0.172 t=134s
[P750_h200_pad0.040] it  93 J=0.21279 A_min=0.1996 A_mean=0.2170 |g|=3.02e-04 bin=0.001 S_flip=0.172 t=135s
[P750_h200_pad0.040] it  94 J=0.21280 A_min=0.1996 A_mean=0.2170 |g|=3.04e-04 bin=0.001 S_flip=0.172 t=137s
[P750_h200_pad0.040] it  95 J=0.21280 A_min=0.1996 A_mean=0.2170 |g|=3.07e-04 bin=0.001 S_flip=0.172 t=138s
[P750_h200_pad0.040] it  96 J=0.21280 A_min=0.1996 A_mean=0.2170 |g|=3.12e-04 bin=0.001 S_flip=0.172 t=140s
[P750_h200_pad0.040] it  97 J=0.21280 A_min=0.1996 A_mean=0.2170 |g|=3.18e-04 bin=0.001 S_flip=0.172 t=141s
[P750_h200_pad0.040] it  98 J=0.21280 A_min=0.1996 A_mean=0.2170 |g|=3.24e-04 bin=0.001 S_flip=0.172 t=143s
[P750_h200_pad0.040] it  99 J=0.21281 A_min=0.1996 A_mean=0.2170 |g|=3.31e-04 bin=0.001 S_flip=0.172 t=144s
[P750_h200_pad0.040] it 100 J=0.21281 A_min=0.1996 A_mean=0.2171 |g|=3.36e-04 bin=0.001 S_flip=0.173 t=146s
[P750_h200_pad0.040] it 101 J=0.21281 A_min=0.1996 A_mean=0.2171 |g|=3.40e-04 bin=0.001 S_flip=0.173 t=147s
[P750_h200_pad0.040] it 102 J=0.21281 A_min=0.1996 A_mean=0.2171 |g|=3.42e-04 bin=0.001 S_flip=0.173 t=149s
[P750_h200_pad0.040] it 103 J=0.21281 A_min=0.1996 A_mean=0.2171 |g|=3.44e-04 bin=0.001 S_flip=0.173 t=150s
[P750_h200_pad0.040] it 104 J=0.21281 A_min=0.1996 A_mean=0.2171 |g|=3.46e-04 bin=0.001 S_flip=0.173 t=152s
[P750_h200_pad0.040] it 105 J=0.21281 A_min=0.1996 A_mean=0.2171 |g|=3.48e-04 bin=0.001 S_flip=0.173 t=153s
[P750_h200_pad0.040] it 106 J=0.21281 A_min=0.1996 A_mean=0.2171 |g|=3.50e-04 bin=0.001 S_flip=0.173 t=155s
[P750_h200_pad0.040] it 107 J=0.21281 A_min=0.1996 A_mean=0.2171 |g|=3.53e-04 bin=0.001 S_flip=0.173 t=156s
[P750_h200_pad0.040] it 108 J=0.21282 A_min=0.1996 A_mean=0.2171 |g|=3.56e-04 bin=0.001 S_flip=0.173 t=158s
[P750_h200_pad0.040] it 109 J=0.21282 A_min=0.1996 A_mean=0.2171 |g|=3.59e-04 bin=0.001 S_flip=0.173 t=160s
[P750_h200_pad0.040] it 110 J=0.21282 A_min=0.1997 A_mean=0.2171 |g|=3.62e-04 bin=0.001 S_flip=0.173 t=161s
[P750_h200_pad0.040] it 111 J=0.21282 A_min=0.1997 A_mean=0.2171 |g|=3.64e-04 bin=0.001 S_flip=0.173 t=163s
[P750_h200_pad0.040] it 112 J=0.21282 A_min=0.1997 A_mean=0.2171 |g|=3.65e-04 bin=0.001 S_flip=0.173 t=164s
[P750_h200_pad0.040] it 113 J=0.21282 A_min=0.1997 A_mean=0.2171 |g|=3.66e-04 bin=0.001 S_flip=0.173 t=166s
[P750_h200_pad0.040] it 114 J=0.21282 A_min=0.1997 A_mean=0.2171 |g|=3.67e-04 bin=0.001 S_flip=0.173 t=167s
[P750_h200_pad0.040] it 115 J=0.21282 A_min=0.1997 A_mean=0.2171 |g|=3.68e-04 bin=0.001 S_flip=0.174 t=169s
[P750_h200_pad0.040] it 116 J=0.21282 A_min=0.1997 A_mean=0.2171 |g|=3.68e-04 bin=0.000 S_flip=0.174 t=170s
[P750_h200_pad0.040] it 117 J=0.21282 A_min=0.1997 A_mean=0.2171 |g|=3.70e-04 bin=0.000 S_flip=0.174 t=172s
[P750_h200_pad0.040] it 118 J=0.21282 A_min=0.1997 A_mean=0.2171 |g|=3.72e-04 bin=0.000 S_flip=0.174 t=173s
[P750_h200_pad0.040] it 119 J=0.21282 A_min=0.1997 A_mean=0.2171 |g|=3.74e-04 bin=0.000 S_flip=0.174 t=174s
[P750_h200_pad0.040] done: J_soft=0.21282 J_hard=0.21282 A_hard=[0.1998, 0.2517, 0.1997] S_flip=0.175 wall=176s
[P925_h200_pad0.080] it   0 J=0.37916 A_min=0.3209 A_mean=0.4230 |g|=6.27e-03 bin=0.097 S_flip=0.366 t=2s
[P925_h200_pad0.080] it   1 J=0.38006 A_min=0.3201 A_mean=0.4263 |g|=7.38e-03 bin=0.090 S_flip=0.358 t=3s
[P925_h200_pad0.080] it   2 J=0.38171 A_min=0.3215 A_mean=0.4286 |g|=6.38e-03 bin=0.086 S_flip=0.368 t=4s
[P925_h200_pad0.080] it   3 J=0.38367 A_min=0.3235 A_mean=0.4305 |g|=3.48e-03 bin=0.082 S_flip=0.382 t=6s
[P925_h200_pad0.080] it   4 J=0.38469 A_min=0.3256 A_mean=0.4300 |g|=4.32e-03 bin=0.079 S_flip=0.396 t=7s
[P925_h200_pad0.080] it   5 J=0.38571 A_min=0.3274 A_mean=0.4300 |g|=5.42e-03 bin=0.075 S_flip=0.406 t=8s
[P925_h200_pad0.080] it   6 J=0.38726 A_min=0.3288 A_mean=0.4315 |g|=4.90e-03 bin=0.071 S_flip=0.414 t=10s
[P925_h200_pad0.080] it   7 J=0.38899 A_min=0.3300 A_mean=0.4335 |g|=3.89e-03 bin=0.067 S_flip=0.419 t=11s
[P925_h200_pad0.080] it   8 J=0.39055 A_min=0.3312 A_mean=0.4351 |g|=3.67e-03 bin=0.063 S_flip=0.424 t=12s
[P925_h200_pad0.080] it   9 J=0.39195 A_min=0.3326 A_mean=0.4360 |g|=4.11e-03 bin=0.060 S_flip=0.429 t=14s
[P925_h200_pad0.080] it  10 J=0.39333 A_min=0.3342 A_mean=0.4364 |g|=4.39e-03 bin=0.057 S_flip=0.435 t=15s
[P925_h200_pad0.080] it  11 J=0.39477 A_min=0.3360 A_mean=0.4366 |g|=4.25e-03 bin=0.054 S_flip=0.442 t=17s
[P925_h200_pad0.080] it  12 J=0.39623 A_min=0.3381 A_mean=0.4365 |g|=3.86e-03 bin=0.052 S_flip=0.450 t=18s
[P925_h200_pad0.080] it  13 J=0.39763 A_min=0.3402 A_mean=0.4363 |g|=3.54e-03 bin=0.049 S_flip=0.458 t=20s
[P925_h200_pad0.080] it  14 J=0.39893 A_min=0.3423 A_mean=0.4361 |g|=3.48e-03 bin=0.047 S_flip=0.465 t=21s
[P925_h200_pad0.080] it  15 J=0.40017 A_min=0.3443 A_mean=0.4359 |g|=3.61e-03 bin=0.045 S_flip=0.472 t=23s
[P925_h200_pad0.080] it  16 J=0.40140 A_min=0.3461 A_mean=0.4359 |g|=3.70e-03 bin=0.042 S_flip=0.477 t=25s
[P925_h200_pad0.080] it  17 J=0.40265 A_min=0.3478 A_mean=0.4361 |g|=3.66e-03 bin=0.040 S_flip=0.482 t=26s
[P925_h200_pad0.080] it  18 J=0.40392 A_min=0.3494 A_mean=0.4365 |g|=3.53e-03 bin=0.039 S_flip=0.486 t=27s
[P925_h200_pad0.080] it  19 J=0.40519 A_min=0.3508 A_mean=0.4370 |g|=3.40e-03 bin=0.037 S_flip=0.489 t=29s
[P925_h200_pad0.080] it  20 J=0.40643 A_min=0.3523 A_mean=0.4376 |g|=3.31e-03 bin=0.035 S_flip=0.492 t=31s
[P925_h200_pad0.080] it  21 J=0.40766 A_min=0.3537 A_mean=0.4382 |g|=3.32e-03 bin=0.033 S_flip=0.495 t=32s
[P925_h200_pad0.080] it  22 J=0.40888 A_min=0.3551 A_mean=0.4388 |g|=3.39e-03 bin=0.032 S_flip=0.498 t=33s
[P925_h200_pad0.080] it  23 J=0.41013 A_min=0.3567 A_mean=0.4393 |g|=3.43e-03 bin=0.031 S_flip=0.501 t=35s
[P925_h200_pad0.080] it  24 J=0.41138 A_min=0.3583 A_mean=0.4399 |g|=3.35e-03 bin=0.029 S_flip=0.505 t=36s
[P925_h200_pad0.080] it  25 J=0.41260 A_min=0.3599 A_mean=0.4405 |g|=3.21e-03 bin=0.028 S_flip=0.508 t=38s
[P925_h200_pad0.080] it  26 J=0.41378 A_min=0.3615 A_mean=0.4411 |g|=3.12e-03 bin=0.026 S_flip=0.512 t=39s
[P925_h200_pad0.080] it  27 J=0.41491 A_min=0.3632 A_mean=0.4416 |g|=3.09e-03 bin=0.025 S_flip=0.516 t=41s
[P925_h200_pad0.080] it  28 J=0.41596 A_min=0.3648 A_mean=0.4421 |g|=3.12e-03 bin=0.024 S_flip=0.519 t=42s
[P925_h200_pad0.080] it  29 J=0.41695 A_min=0.3661 A_mean=0.4426 |g|=3.16e-03 bin=0.023 S_flip=0.521 t=44s
[P925_h200_pad0.080] it  30 J=0.41791 A_min=0.3673 A_mean=0.4432 |g|=3.11e-03 bin=0.022 S_flip=0.523 t=45s
[P925_h200_pad0.080] it  31 J=0.41886 A_min=0.3683 A_mean=0.4437 |g|=2.98e-03 bin=0.021 S_flip=0.524 t=46s
[P925_h200_pad0.080] it  32 J=0.41979 A_min=0.3694 A_mean=0.4443 |g|=2.81e-03 bin=0.020 S_flip=0.525 t=48s
[P925_h200_pad0.080] it  33 J=0.42066 A_min=0.3704 A_mean=0.4448 |g|=2.61e-03 bin=0.019 S_flip=0.526 t=49s
[P925_h200_pad0.080] it  34 J=0.42144 A_min=0.3712 A_mean=0.4453 |g|=2.47e-03 bin=0.018 S_flip=0.527 t=50s
[P925_h200_pad0.080] it  35 J=0.42215 A_min=0.3720 A_mean=0.4457 |g|=2.49e-03 bin=0.017 S_flip=0.528 t=51s
[P925_h200_pad0.080] it  36 J=0.42285 A_min=0.3728 A_mean=0.4462 |g|=2.72e-03 bin=0.017 S_flip=0.529 t=52s
[P925_h200_pad0.080] it  37 J=0.42362 A_min=0.3738 A_mean=0.4465 |g|=3.09e-03 bin=0.016 S_flip=0.530 t=54s
[P925_h200_pad0.080] it  38 J=0.42447 A_min=0.3750 A_mean=0.4469 |g|=3.24e-03 bin=0.016 S_flip=0.532 t=55s
[P925_h200_pad0.080] it  39 J=0.42533 A_min=0.3761 A_mean=0.4474 |g|=3.39e-03 bin=0.015 S_flip=0.534 t=56s
[P925_h200_pad0.080] it  40 J=0.42620 A_min=0.3771 A_mean=0.4480 |g|=3.41e-03 bin=0.014 S_flip=0.536 t=57s
[P925_h200_pad0.080] it  41 J=0.42708 A_min=0.3780 A_mean=0.4485 |g|=3.27e-03 bin=0.014 S_flip=0.539 t=58s
[P925_h200_pad0.080] it  42 J=0.42794 A_min=0.3791 A_mean=0.4491 |g|=3.09e-03 bin=0.013 S_flip=0.542 t=59s
[P925_h200_pad0.080] it  43 J=0.42876 A_min=0.3803 A_mean=0.4495 |g|=2.90e-03 bin=0.013 S_flip=0.545 t=61s
[P925_h200_pad0.080] it  44 J=0.42948 A_min=0.3815 A_mean=0.4498 |g|=2.64e-03 bin=0.012 S_flip=0.548 t=62s
[P925_h200_pad0.080] it  45 J=0.43008 A_min=0.3824 A_mean=0.4502 |g|=2.59e-03 bin=0.011 S_flip=0.551 t=63s
[P925_h200_pad0.080] it  46 J=0.43060 A_min=0.3831 A_mean=0.4506 |g|=2.72e-03 bin=0.010 S_flip=0.553 t=64s
[P925_h200_pad0.080] it  47 J=0.43113 A_min=0.3835 A_mean=0.4511 |g|=2.72e-03 bin=0.010 S_flip=0.554 t=65s
[P925_h200_pad0.080] it  48 J=0.43168 A_min=0.3839 A_mean=0.4517 |g|=2.51e-03 bin=0.010 S_flip=0.555 t=66s
[P925_h200_pad0.080] it  49 J=0.43220 A_min=0.3843 A_mean=0.4523 |g|=2.39e-03 bin=0.009 S_flip=0.556 t=68s
[P925_h200_pad0.080] it  50 J=0.43270 A_min=0.3847 A_mean=0.4528 |g|=2.35e-03 bin=0.009 S_flip=0.557 t=69s
[P925_h200_pad0.080] it  51 J=0.43320 A_min=0.3852 A_mean=0.4532 |g|=2.38e-03 bin=0.009 S_flip=0.558 t=70s
[P925_h200_pad0.080] it  52 J=0.43370 A_min=0.3857 A_mean=0.4537 |g|=2.43e-03 bin=0.008 S_flip=0.559 t=71s
[P925_h200_pad0.080] it  53 J=0.43419 A_min=0.3862 A_mean=0.4542 |g|=2.36e-03 bin=0.008 S_flip=0.560 t=73s
[P925_h200_pad0.080] it  54 J=0.43465 A_min=0.3866 A_mean=0.4546 |g|=2.31e-03 bin=0.008 S_flip=0.561 t=74s
[P925_h200_pad0.080] it  55 J=0.43509 A_min=0.3869 A_mean=0.4551 |g|=2.47e-03 bin=0.007 S_flip=0.562 t=75s
[P925_h200_pad0.080] it  56 J=0.43550 A_min=0.3872 A_mean=0.4556 |g|=2.23e-03 bin=0.007 S_flip=0.563 t=77s
[P925_h200_pad0.080] it  57 J=0.43586 A_min=0.3875 A_mean=0.4560 |g|=2.42e-03 bin=0.007 S_flip=0.564 t=78s
[P925_h200_pad0.080] it  58 J=0.43625 A_min=0.3880 A_mean=0.4564 |g|=2.56e-03 bin=0.007 S_flip=0.564 t=79s
[P925_h200_pad0.080] it  59 J=0.43667 A_min=0.3885 A_mean=0.4568 |g|=2.32e-03 bin=0.007 S_flip=0.566 t=80s
[P925_h200_pad0.080] it  60 J=0.43705 A_min=0.3889 A_mean=0.4572 |g|=2.36e-03 bin=0.006 S_flip=0.567 t=81s
[P925_h200_pad0.080] it  61 J=0.43743 A_min=0.3893 A_mean=0.4576 |g|=2.73e-03 bin=0.006 S_flip=0.568 t=83s
[P925_h200_pad0.080] it  62 J=0.43786 A_min=0.3897 A_mean=0.4580 |g|=2.96e-03 bin=0.006 S_flip=0.568 t=84s
[P925_h200_pad0.080] it  63 J=0.43830 A_min=0.3902 A_mean=0.4583 |g|=2.85e-03 bin=0.005 S_flip=0.569 t=85s
[P925_h200_pad0.080] it  64 J=0.43872 A_min=0.3908 A_mean=0.4585 |g|=2.76e-03 bin=0.005 S_flip=0.570 t=86s
[P925_h200_pad0.080] it  65 J=0.43913 A_min=0.3915 A_mean=0.4585 |g|=2.72e-03 bin=0.005 S_flip=0.570 t=87s
[P925_h200_pad0.080] it  66 J=0.43955 A_min=0.3922 A_mean=0.4586 |g|=2.74e-03 bin=0.005 S_flip=0.571 t=88s
[P925_h200_pad0.080] it  67 J=0.43992 A_min=0.3929 A_mean=0.4587 |g|=2.21e-03 bin=0.004 S_flip=0.572 t=90s
[P925_h200_pad0.080] it  68 J=0.44021 A_min=0.3934 A_mean=0.4588 |g|=2.00e-03 bin=0.004 S_flip=0.573 t=91s
[P925_h200_pad0.080] it  69 J=0.44045 A_min=0.3938 A_mean=0.4589 |g|=1.92e-03 bin=0.003 S_flip=0.573 t=92s
[P925_h200_pad0.080] it  70 J=0.44067 A_min=0.3940 A_mean=0.4591 |g|=2.19e-03 bin=0.003 S_flip=0.574 t=94s
[P925_h200_pad0.080] it  71 J=0.44091 A_min=0.3943 A_mean=0.4592 |g|=2.19e-03 bin=0.003 S_flip=0.574 t=95s
[P925_h200_pad0.080] it  72 J=0.44115 A_min=0.3945 A_mean=0.4594 |g|=2.51e-03 bin=0.003 S_flip=0.574 t=97s
[P925_h200_pad0.080] it  73 J=0.44138 A_min=0.3947 A_mean=0.4596 |g|=2.20e-03 bin=0.003 S_flip=0.574 t=98s
[P925_h200_pad0.080] it  74 J=0.44157 A_min=0.3949 A_mean=0.4597 |g|=1.83e-03 bin=0.003 S_flip=0.574 t=100s
[P925_h200_pad0.080] it  75 J=0.44173 A_min=0.3951 A_mean=0.4598 |g|=2.10e-03 bin=0.002 S_flip=0.574 t=101s
[P925_h200_pad0.080] it  76 J=0.44194 A_min=0.3953 A_mean=0.4599 |g|=2.99e-03 bin=0.003 S_flip=0.574 t=103s
[P925_h200_pad0.080] it  77 J=0.44222 A_min=0.3957 A_mean=0.4601 |g|=3.66e-03 bin=0.003 S_flip=0.574 t=104s
[P925_h200_pad0.080] it  78 J=0.44246 A_min=0.3961 A_mean=0.4602 |g|=2.15e-03 bin=0.002 S_flip=0.575 t=105s
[P925_h200_pad0.080] it  79 J=0.44260 A_min=0.3963 A_mean=0.4604 |g|=2.06e-03 bin=0.002 S_flip=0.575 t=107s
[P925_h200_pad0.080] it  80 J=0.44274 A_min=0.3965 A_mean=0.4605 |g|=1.99e-03 bin=0.002 S_flip=0.575 t=108s
[P925_h200_pad0.080] it  81 J=0.44285 A_min=0.3967 A_mean=0.4605 |g|=1.56e-03 bin=0.002 S_flip=0.576 t=110s
[P925_h200_pad0.080] it  82 J=0.44293 A_min=0.3969 A_mean=0.4606 |g|=1.69e-03 bin=0.002 S_flip=0.577 t=111s
[P925_h200_pad0.080] it  83 J=0.44303 A_min=0.3971 A_mean=0.4606 |g|=2.25e-03 bin=0.002 S_flip=0.577 t=113s
[P925_h200_pad0.080] it  84 J=0.44318 A_min=0.3973 A_mean=0.4607 |g|=3.02e-03 bin=0.002 S_flip=0.577 t=114s
[P925_h200_pad0.080] it  85 J=0.44333 A_min=0.3976 A_mean=0.4608 |g|=2.32e-03 bin=0.002 S_flip=0.578 t=116s
[P925_h200_pad0.080] it  86 J=0.44344 A_min=0.3977 A_mean=0.4608 |g|=1.99e-03 bin=0.001 S_flip=0.578 t=117s
[P925_h200_pad0.080] it  87 J=0.44353 A_min=0.3978 A_mean=0.4609 |g|=2.08e-03 bin=0.001 S_flip=0.579 t=118s
[P925_h200_pad0.080] it  88 J=0.44361 A_min=0.3979 A_mean=0.4610 |g|=1.96e-03 bin=0.001 S_flip=0.579 t=120s
[P925_h200_pad0.080] it  89 J=0.44369 A_min=0.3979 A_mean=0.4611 |g|=2.36e-03 bin=0.001 S_flip=0.579 t=122s
[P925_h200_pad0.080] it  90 J=0.44379 A_min=0.3979 A_mean=0.4612 |g|=2.89e-03 bin=0.001 S_flip=0.579 t=123s
[P925_h200_pad0.080] it  91 J=0.44389 A_min=0.3978 A_mean=0.4614 |g|=3.38e-03 bin=0.001 S_flip=0.578 t=125s
[P925_h200_pad0.080] it  92 J=0.44400 A_min=0.3977 A_mean=0.4616 |g|=3.63e-03 bin=0.001 S_flip=0.578 t=126s
[P925_h200_pad0.080] it  93 J=0.44409 A_min=0.3977 A_mean=0.4617 |g|=2.36e-03 bin=0.001 S_flip=0.578 t=128s
[P925_h200_pad0.080] it  94 J=0.44415 A_min=0.3977 A_mean=0.4618 |g|=2.90e-03 bin=0.001 S_flip=0.578 t=129s
[P925_h200_pad0.080] it  95 J=0.44421 A_min=0.3978 A_mean=0.4618 |g|=3.69e-03 bin=0.001 S_flip=0.578 t=130s
[P925_h200_pad0.080] it  96 J=0.44429 A_min=0.3979 A_mean=0.4619 |g|=3.70e-03 bin=0.001 S_flip=0.578 t=131s
[P925_h200_pad0.080] it  97 J=0.44439 A_min=0.3980 A_mean=0.4620 |g|=5.04e-03 bin=0.001 S_flip=0.578 t=133s
[P925_h200_pad0.080] it  98 J=0.44450 A_min=0.3981 A_mean=0.4621 |g|=4.91e-03 bin=0.001 S_flip=0.578 t=134s
[P925_h200_pad0.080] it  99 J=0.44458 A_min=0.3982 A_mean=0.4621 |g|=2.19e-03 bin=0.001 S_flip=0.578 t=135s
[P925_h200_pad0.080] it 100 J=0.44461 A_min=0.3983 A_mean=0.4622 |g|=2.02e-03 bin=0.001 S_flip=0.578 t=136s
[P925_h200_pad0.080] it 101 J=0.44463 A_min=0.3983 A_mean=0.4621 |g|=2.11e-03 bin=0.001 S_flip=0.578 t=138s
[P925_h200_pad0.080] it 102 J=0.44466 A_min=0.3984 A_mean=0.4621 |g|=2.06e-03 bin=0.001 S_flip=0.578 t=139s
[P925_h200_pad0.080] it 103 J=0.44468 A_min=0.3984 A_mean=0.4621 |g|=2.26e-03 bin=0.001 S_flip=0.578 t=140s
[P925_h200_pad0.080] it 104 J=0.44471 A_min=0.3985 A_mean=0.4621 |g|=2.88e-03 bin=0.001 S_flip=0.578 t=141s
[P925_h200_pad0.080] it 105 J=0.44474 A_min=0.3986 A_mean=0.4622 |g|=3.73e-03 bin=0.001 S_flip=0.578 t=143s
[P925_h200_pad0.080] it 106 J=0.44478 A_min=0.3986 A_mean=0.4622 |g|=4.52e-03 bin=0.001 S_flip=0.578 t=144s
[P925_h200_pad0.080] it 107 J=0.44482 A_min=0.3987 A_mean=0.4622 |g|=4.82e-03 bin=0.001 S_flip=0.578 t=146s
[P925_h200_pad0.080] it 108 J=0.44487 A_min=0.3988 A_mean=0.4622 |g|=4.43e-03 bin=0.001 S_flip=0.578 t=147s
[P925_h200_pad0.080] it 109 J=0.44491 A_min=0.3989 A_mean=0.4622 |g|=3.88e-03 bin=0.001 S_flip=0.578 t=148s
[P925_h200_pad0.080] it 110 J=0.44494 A_min=0.3989 A_mean=0.4623 |g|=3.82e-03 bin=0.001 S_flip=0.578 t=150s
[P925_h200_pad0.080] it 111 J=0.44496 A_min=0.3990 A_mean=0.4623 |g|=3.72e-03 bin=0.001 S_flip=0.578 t=151s
[P925_h200_pad0.080] it 112 J=0.44498 A_min=0.3990 A_mean=0.4623 |g|=3.72e-03 bin=0.001 S_flip=0.578 t=152s
[P925_h200_pad0.080] it 113 J=0.44499 A_min=0.3991 A_mean=0.4623 |g|=3.83e-03 bin=0.001 S_flip=0.578 t=154s
[P925_h200_pad0.080] it 114 J=0.44501 A_min=0.3991 A_mean=0.4623 |g|=3.83e-03 bin=0.001 S_flip=0.578 t=155s
[P925_h200_pad0.080] it 115 J=0.44502 A_min=0.3991 A_mean=0.4623 |g|=3.71e-03 bin=0.000 S_flip=0.578 t=157s
[P925_h200_pad0.080] it 116 J=0.44502 A_min=0.3991 A_mean=0.4623 |g|=3.60e-03 bin=0.000 S_flip=0.578 t=158s
[P925_h200_pad0.080] it 117 J=0.44503 A_min=0.3991 A_mean=0.4623 |g|=3.54e-03 bin=0.000 S_flip=0.578 t=159s
[P925_h200_pad0.080] it 118 J=0.44503 A_min=0.3992 A_mean=0.4623 |g|=3.54e-03 bin=0.000 S_flip=0.579 t=161s
[P925_h200_pad0.080] it 119 J=0.44503 A_min=0.3992 A_mean=0.4623 |g|=3.59e-03 bin=0.000 S_flip=0.579 t=162s
[P925_h200_pad0.080] done: J_soft=0.44503 J_hard=0.44507 A_hard=[0.5038, 0.4837, 0.3993] S_flip=0.579 wall=164s
[P975_h200_pad0.080] it   0 J=0.24381 A_min=0.1996 A_mean=0.2629 |g|=2.22e-02 bin=0.096 S_flip=0.369 t=1s
[P975_h200_pad0.080] it   1 J=0.27141 A_min=0.2393 A_mean=0.2802 |g|=3.57e-02 bin=0.096 S_flip=0.393 t=3s
[P975_h200_pad0.080] it   2 J=0.31425 A_min=0.3080 A_mean=0.3146 |g|=4.95e-02 bin=0.097 S_flip=0.419 t=4s
[P975_h200_pad0.080] it   3 J=0.35778 A_min=0.3231 A_mean=0.3663 |g|=3.17e-02 bin=0.099 S_flip=0.446 t=5s
[P975_h200_pad0.080] it   4 J=0.37501 A_min=0.3229 A_mean=0.4012 |g|=8.57e-03 bin=0.102 S_flip=0.475 t=7s
[P975_h200_pad0.080] it   5 J=0.37587 A_min=0.3230 A_mean=0.4043 |g|=6.83e-03 bin=0.103 S_flip=0.503 t=8s
[P975_h200_pad0.080] it   6 J=0.37044 A_min=0.3239 A_mean=0.3984 |g|=1.34e-02 bin=0.102 S_flip=0.525 t=10s
[P975_h200_pad0.080] it   7 J=0.36519 A_min=0.3254 A_mean=0.3941 |g|=1.66e-02 bin=0.097 S_flip=0.541 t=11s
[P975_h200_pad0.080] it   8 J=0.36307 A_min=0.3273 A_mean=0.3925 |g|=1.70e-02 bin=0.092 S_flip=0.552 t=13s
[P975_h200_pad0.080] it   9 J=0.36379 A_min=0.3292 A_mean=0.3929 |g|=1.64e-02 bin=0.085 S_flip=0.558 t=14s
[P975_h200_pad0.080] it  10 J=0.36640 A_min=0.3309 A_mean=0.3945 |g|=1.52e-02 bin=0.078 S_flip=0.562 t=16s
[P975_h200_pad0.080] it  11 J=0.37004 A_min=0.3323 A_mean=0.3967 |g|=1.36e-02 bin=0.072 S_flip=0.563 t=17s
[P975_h200_pad0.080] it  12 J=0.37401 A_min=0.3334 A_mean=0.3991 |g|=1.16e-02 bin=0.066 S_flip=0.563 t=19s
[P975_h200_pad0.080] it  13 J=0.37775 A_min=0.3343 A_mean=0.4015 |g|=9.49e-03 bin=0.060 S_flip=0.563 t=20s
[P975_h200_pad0.080] it  14 J=0.38092 A_min=0.3352 A_mean=0.4037 |g|=7.41e-03 bin=0.055 S_flip=0.562 t=21s
[P975_h200_pad0.080] it  15 J=0.38341 A_min=0.3359 A_mean=0.4057 |g|=5.74e-03 bin=0.051 S_flip=0.560 t=23s
[P975_h200_pad0.080] it  16 J=0.38528 A_min=0.3366 A_mean=0.4074 |g|=4.69e-03 bin=0.047 S_flip=0.559 t=24s
[P975_h200_pad0.080] it  17 J=0.38667 A_min=0.3373 A_mean=0.4087 |g|=4.27e-03 bin=0.044 S_flip=0.557 t=26s
[P975_h200_pad0.080] it  18 J=0.38776 A_min=0.3381 A_mean=0.4097 |g|=4.29e-03 bin=0.041 S_flip=0.556 t=27s
[P975_h200_pad0.080] it  19 J=0.38868 A_min=0.3389 A_mean=0.4105 |g|=4.49e-03 bin=0.039 S_flip=0.555 t=29s
[P975_h200_pad0.080] it  20 J=0.38954 A_min=0.3399 A_mean=0.4112 |g|=4.75e-03 bin=0.037 S_flip=0.555 t=30s
[P975_h200_pad0.080] it  21 J=0.39042 A_min=0.3408 A_mean=0.4119 |g|=4.97e-03 bin=0.035 S_flip=0.555 t=32s
[P975_h200_pad0.080] it  22 J=0.39134 A_min=0.3419 A_mean=0.4126 |g|=5.11e-03 bin=0.033 S_flip=0.555 t=33s
[P975_h200_pad0.080] it  23 J=0.39234 A_min=0.3431 A_mean=0.4134 |g|=5.20e-03 bin=0.031 S_flip=0.555 t=35s
[P975_h200_pad0.080] it  24 J=0.39343 A_min=0.3443 A_mean=0.4143 |g|=5.25e-03 bin=0.030 S_flip=0.556 t=37s
[P975_h200_pad0.080] it  25 J=0.39461 A_min=0.3456 A_mean=0.4153 |g|=5.21e-03 bin=0.028 S_flip=0.557 t=38s
[P975_h200_pad0.080] it  26 J=0.39584 A_min=0.3470 A_mean=0.4163 |g|=5.04e-03 bin=0.027 S_flip=0.559 t=40s
[P975_h200_pad0.080] it  27 J=0.39710 A_min=0.3484 A_mean=0.4174 |g|=4.85e-03 bin=0.026 S_flip=0.561 t=41s
[P975_h200_pad0.080] it  28 J=0.39838 A_min=0.3499 A_mean=0.4184 |g|=4.67e-03 bin=0.025 S_flip=0.563 t=43s
[P975_h200_pad0.080] it  29 J=0.39969 A_min=0.3514 A_mean=0.4194 |g|=4.39e-03 bin=0.023 S_flip=0.566 t=44s
[P975_h200_pad0.080] it  30 J=0.40092 A_min=0.3530 A_mean=0.4204 |g|=4.01e-03 bin=0.022 S_flip=0.569 t=46s
[P975_h200_pad0.080] it  31 J=0.40206 A_min=0.3545 A_mean=0.4212 |g|=3.70e-03 bin=0.021 S_flip=0.572 t=48s
[P975_h200_pad0.080] it  32 J=0.40313 A_min=0.3561 A_mean=0.4218 |g|=3.54e-03 bin=0.021 S_flip=0.574 t=49s
[P975_h200_pad0.080] it  33 J=0.40415 A_min=0.3578 A_mean=0.4224 |g|=3.41e-03 bin=0.020 S_flip=0.577 t=51s
[P975_h200_pad0.080] it  34 J=0.40508 A_min=0.3594 A_mean=0.4229 |g|=3.24e-03 bin=0.019 S_flip=0.581 t=52s
[P975_h200_pad0.080] it  35 J=0.40589 A_min=0.3608 A_mean=0.4235 |g|=3.25e-03 bin=0.018 S_flip=0.583 t=54s
[P975_h200_pad0.080] it  36 J=0.40661 A_min=0.3621 A_mean=0.4240 |g|=3.40e-03 bin=0.017 S_flip=0.586 t=55s
[P975_h200_pad0.080] it  37 J=0.40732 A_min=0.3634 A_mean=0.4244 |g|=3.66e-03 bin=0.016 S_flip=0.589 t=57s
[P975_h200_pad0.080] it  38 J=0.40804 A_min=0.3648 A_mean=0.4249 |g|=3.88e-03 bin=0.016 S_flip=0.591 t=58s
[P975_h200_pad0.080] it  39 J=0.40874 A_min=0.3660 A_mean=0.4254 |g|=4.06e-03 bin=0.015 S_flip=0.593 t=59s
[P975_h200_pad0.080] it  40 J=0.40945 A_min=0.3669 A_mean=0.4260 |g|=4.18e-03 bin=0.014 S_flip=0.595 t=61s
[P975_h200_pad0.080] it  41 J=0.41019 A_min=0.3677 A_mean=0.4268 |g|=4.15e-03 bin=0.013 S_flip=0.596 t=62s
[P975_h200_pad0.080] it  42 J=0.41093 A_min=0.3682 A_mean=0.4275 |g|=4.02e-03 bin=0.012 S_flip=0.597 t=64s
[P975_h200_pad0.080] it  43 J=0.41169 A_min=0.3688 A_mean=0.4283 |g|=3.95e-03 bin=0.012 S_flip=0.597 t=65s
[P975_h200_pad0.080] it  44 J=0.41250 A_min=0.3694 A_mean=0.4291 |g|=4.01e-03 bin=0.012 S_flip=0.598 t=66s
[P975_h200_pad0.080] it  45 J=0.41338 A_min=0.3701 A_mean=0.4299 |g|=4.01e-03 bin=0.011 S_flip=0.599 t=68s
[P975_h200_pad0.080] it  46 J=0.41426 A_min=0.3709 A_mean=0.4307 |g|=3.79e-03 bin=0.011 S_flip=0.600 t=69s
[P975_h200_pad0.080] it  47 J=0.41509 A_min=0.3716 A_mean=0.4314 |g|=3.61e-03 bin=0.010 S_flip=0.601 t=71s
[P975_h200_pad0.080] it  48 J=0.41586 A_min=0.3722 A_mean=0.4321 |g|=3.65e-03 bin=0.010 S_flip=0.601 t=72s
[P975_h200_pad0.080] it  49 J=0.41662 A_min=0.3728 A_mean=0.4328 |g|=3.89e-03 bin=0.009 S_flip=0.602 t=74s
[P975_h200_pad0.080] it  50 J=0.41739 A_min=0.3734 A_mean=0.4335 |g|=4.10e-03 bin=0.009 S_flip=0.603 t=75s
[P975_h200_pad0.080] it  51 J=0.41817 A_min=0.3739 A_mean=0.4342 |g|=3.92e-03 bin=0.009 S_flip=0.604 t=77s
[P975_h200_pad0.080] it  52 J=0.41894 A_min=0.3745 A_mean=0.4350 |g|=3.62e-03 bin=0.008 S_flip=0.605 t=78s
[P975_h200_pad0.080] it  53 J=0.41973 A_min=0.3754 A_mean=0.4356 |g|=4.03e-03 bin=0.008 S_flip=0.607 t=80s
[P975_h200_pad0.080] it  54 J=0.42066 A_min=0.3767 A_mean=0.4361 |g|=4.65e-03 bin=0.008 S_flip=0.609 t=81s
[P975_h200_pad0.080] it  55 J=0.42161 A_min=0.3783 A_mean=0.4366 |g|=4.04e-03 bin=0.007 S_flip=0.611 t=83s
[P975_h200_pad0.080] it  56 J=0.42244 A_min=0.3796 A_mean=0.4370 |g|=3.46e-03 bin=0.007 S_flip=0.613 t=84s
[P975_h200_pad0.080] it  57 J=0.42319 A_min=0.3807 A_mean=0.4374 |g|=3.43e-03 bin=0.006 S_flip=0.615 t=86s
[P975_h200_pad0.080] it  58 J=0.42394 A_min=0.3819 A_mean=0.4379 |g|=3.90e-03 bin=0.006 S_flip=0.616 t=87s
[P975_h200_pad0.080] it  59 J=0.42470 A_min=0.3829 A_mean=0.4383 |g|=4.13e-03 bin=0.006 S_flip=0.617 t=89s
[P975_h200_pad0.080] it  60 J=0.42555 A_min=0.3841 A_mean=0.4389 |g|=4.51e-03 bin=0.006 S_flip=0.618 t=90s
[P975_h200_pad0.080] it  61 J=0.42643 A_min=0.3853 A_mean=0.4395 |g|=4.14e-03 bin=0.006 S_flip=0.618 t=92s
[P975_h200_pad0.080] it  62 J=0.42726 A_min=0.3866 A_mean=0.4400 |g|=4.09e-03 bin=0.006 S_flip=0.619 t=93s
[P975_h200_pad0.080] it  63 J=0.42810 A_min=0.3882 A_mean=0.4405 |g|=4.15e-03 bin=0.005 S_flip=0.620 t=95s
[P975_h200_pad0.080] it  64 J=0.42885 A_min=0.3898 A_mean=0.4408 |g|=3.55e-03 bin=0.005 S_flip=0.623 t=96s
[P975_h200_pad0.080] it  65 J=0.42947 A_min=0.3909 A_mean=0.4411 |g|=4.04e-03 bin=0.004 S_flip=0.624 t=97s
[P975_h200_pad0.080] it  66 J=0.43025 A_min=0.3921 A_mean=0.4416 |g|=4.80e-03 bin=0.004 S_flip=0.625 t=99s
[P975_h200_pad0.080] it  67 J=0.43100 A_min=0.3933 A_mean=0.4421 |g|=4.17e-03 bin=0.004 S_flip=0.625 t=100s
[P975_h200_pad0.080] it  68 J=0.43169 A_min=0.3944 A_mean=0.4426 |g|=4.29e-03 bin=0.004 S_flip=0.626 t=102s
[P975_h200_pad0.080] it  69 J=0.43239 A_min=0.3956 A_mean=0.4430 |g|=4.66e-03 bin=0.004 S_flip=0.628 t=103s
[P975_h200_pad0.080] it  70 J=0.43310 A_min=0.3965 A_mean=0.4436 |g|=4.22e-03 bin=0.003 S_flip=0.629 t=105s
[P975_h200_pad0.080] it  71 J=0.43359 A_min=0.3971 A_mean=0.4440 |g|=3.41e-03 bin=0.003 S_flip=0.630 t=106s
[P975_h200_pad0.080] it  72 J=0.43406 A_min=0.3976 A_mean=0.4443 |g|=4.37e-03 bin=0.003 S_flip=0.631 t=108s
[P975_h200_pad0.080] it  73 J=0.43468 A_min=0.3982 A_mean=0.4448 |g|=5.77e-03 bin=0.003 S_flip=0.631 t=109s
[P975_h200_pad0.080] it  74 J=0.43542 A_min=0.3989 A_mean=0.4454 |g|=6.17e-03 bin=0.003 S_flip=0.630 t=111s
[P975_h200_pad0.080] it  75 J=0.43619 A_min=0.3994 A_mean=0.4460 |g|=8.01e-03 bin=0.004 S_flip=0.630 t=112s
[P975_h200_pad0.080] it  76 J=0.43710 A_min=0.4001 A_mean=0.4468 |g|=7.93e-03 bin=0.004 S_flip=0.631 t=113s
[P975_h200_pad0.080] it  77 J=0.43777 A_min=0.4007 A_mean=0.4473 |g|=4.70e-03 bin=0.004 S_flip=0.633 t=115s
[P975_h200_pad0.080] it  78 J=0.43824 A_min=0.4011 A_mean=0.4477 |g|=4.04e-03 bin=0.003 S_flip=0.634 t=116s
[P975_h200_pad0.080] it  79 J=0.43861 A_min=0.4014 A_mean=0.4480 |g|=3.90e-03 bin=0.003 S_flip=0.635 t=118s
[P975_h200_pad0.080] it  80 J=0.43903 A_min=0.4019 A_mean=0.4484 |g|=4.88e-03 bin=0.003 S_flip=0.635 t=119s
[P975_h200_pad0.080] it  81 J=0.43966 A_min=0.4028 A_mean=0.4488 |g|=6.46e-03 bin=0.003 S_flip=0.636 t=121s
[P975_h200_pad0.080] it  82 J=0.44036 A_min=0.4038 A_mean=0.4493 |g|=6.32e-03 bin=0.003 S_flip=0.637 t=122s
[P975_h200_pad0.080] it  83 J=0.44095 A_min=0.4046 A_mean=0.4497 |g|=4.45e-03 bin=0.002 S_flip=0.638 t=123s
[P975_h200_pad0.080] it  84 J=0.44134 A_min=0.4051 A_mean=0.4500 |g|=4.43e-03 bin=0.002 S_flip=0.638 t=125s
[P975_h200_pad0.080] it  85 J=0.44181 A_min=0.4057 A_mean=0.4503 |g|=6.11e-03 bin=0.002 S_flip=0.639 t=126s
[P975_h200_pad0.080] it  86 J=0.44226 A_min=0.4064 A_mean=0.4506 |g|=4.10e-03 bin=0.002 S_flip=0.640 t=128s
[P975_h200_pad0.080] it  87 J=0.44268 A_min=0.4073 A_mean=0.4508 |g|=5.96e-03 bin=0.002 S_flip=0.641 t=129s
[P975_h200_pad0.080] it  88 J=0.44307 A_min=0.4083 A_mean=0.4509 |g|=5.15e-03 bin=0.002 S_flip=0.643 t=131s
[P975_h200_pad0.080] it  89 J=0.44341 A_min=0.4092 A_mean=0.4509 |g|=3.77e-03 bin=0.001 S_flip=0.644 t=132s
[P975_h200_pad0.080] it  90 J=0.44362 A_min=0.4098 A_mean=0.4510 |g|=3.10e-03 bin=0.001 S_flip=0.645 t=133s
[P975_h200_pad0.080] it  91 J=0.44374 A_min=0.4100 A_mean=0.4511 |g|=2.86e-03 bin=0.001 S_flip=0.645 t=135s
[P975_h200_pad0.080] it  92 J=0.44392 A_min=0.4104 A_mean=0.4512 |g|=5.21e-03 bin=0.001 S_flip=0.646 t=136s
[P975_h200_pad0.080] it  93 J=0.44422 A_min=0.4110 A_mean=0.4513 |g|=5.50e-03 bin=0.001 S_flip=0.646 t=138s
[P975_h200_pad0.080] it  94 J=0.44454 A_min=0.4116 A_mean=0.4515 |g|=7.50e-03 bin=0.001 S_flip=0.647 t=139s
[P975_h200_pad0.080] it  95 J=0.44485 A_min=0.4123 A_mean=0.4517 |g|=4.40e-03 bin=0.001 S_flip=0.648 t=141s
[P975_h200_pad0.080] it  96 J=0.44502 A_min=0.4128 A_mean=0.4518 |g|=4.81e-03 bin=0.001 S_flip=0.648 t=142s
[P975_h200_pad0.080] it  97 J=0.44514 A_min=0.4130 A_mean=0.4518 |g|=3.95e-03 bin=0.001 S_flip=0.648 t=144s
[P975_h200_pad0.080] it  98 J=0.44520 A_min=0.4131 A_mean=0.4519 |g|=3.17e-03 bin=0.001 S_flip=0.648 t=146s
[P975_h200_pad0.080] it  99 J=0.44524 A_min=0.4131 A_mean=0.4519 |g|=3.14e-03 bin=0.001 S_flip=0.648 t=147s
[P975_h200_pad0.080] it 100 J=0.44530 A_min=0.4131 A_mean=0.4520 |g|=4.10e-03 bin=0.001 S_flip=0.648 t=148s
[P975_h200_pad0.080] it 101 J=0.44540 A_min=0.4132 A_mean=0.4521 |g|=5.35e-03 bin=0.001 S_flip=0.648 t=150s
[P975_h200_pad0.080] it 102 J=0.44549 A_min=0.4132 A_mean=0.4522 |g|=4.39e-03 bin=0.001 S_flip=0.647 t=151s
[P975_h200_pad0.080] it 103 J=0.44556 A_min=0.4132 A_mean=0.4523 |g|=4.73e-03 bin=0.001 S_flip=0.647 t=153s
[P975_h200_pad0.080] it 104 J=0.44563 A_min=0.4132 A_mean=0.4524 |g|=5.61e-03 bin=0.001 S_flip=0.647 t=154s
[P975_h200_pad0.080] it 105 J=0.44572 A_min=0.4132 A_mean=0.4525 |g|=7.43e-03 bin=0.001 S_flip=0.647 t=156s
[P975_h200_pad0.080] it 106 J=0.44582 A_min=0.4132 A_mean=0.4526 |g|=7.66e-03 bin=0.001 S_flip=0.646 t=157s
[P975_h200_pad0.080] it 107 J=0.44592 A_min=0.4132 A_mean=0.4527 |g|=6.84e-03 bin=0.001 S_flip=0.646 t=159s
[P975_h200_pad0.080] it 108 J=0.44600 A_min=0.4132 A_mean=0.4528 |g|=7.00e-03 bin=0.001 S_flip=0.646 t=161s
[P975_h200_pad0.080] it 109 J=0.44608 A_min=0.4132 A_mean=0.4529 |g|=7.41e-03 bin=0.001 S_flip=0.646 t=162s
[P975_h200_pad0.080] it 110 J=0.44615 A_min=0.4132 A_mean=0.4530 |g|=7.27e-03 bin=0.001 S_flip=0.646 t=163s
[P975_h200_pad0.080] it 111 J=0.44620 A_min=0.4131 A_mean=0.4531 |g|=6.53e-03 bin=0.001 S_flip=0.646 t=165s
[P975_h200_pad0.080] it 112 J=0.44624 A_min=0.4131 A_mean=0.4532 |g|=5.89e-03 bin=0.001 S_flip=0.646 t=166s
[P975_h200_pad0.080] it 113 J=0.44627 A_min=0.4130 A_mean=0.4532 |g|=5.11e-03 bin=0.001 S_flip=0.646 t=168s
[P975_h200_pad0.080] it 114 J=0.44629 A_min=0.4130 A_mean=0.4533 |g|=4.18e-03 bin=0.000 S_flip=0.646 t=169s
[P975_h200_pad0.080] it 115 J=0.44630 A_min=0.4130 A_mean=0.4533 |g|=3.35e-03 bin=0.000 S_flip=0.646 t=171s
[P975_h200_pad0.080] it 116 J=0.44631 A_min=0.4130 A_mean=0.4533 |g|=2.77e-03 bin=0.000 S_flip=0.646 t=172s
[P975_h200_pad0.080] it 117 J=0.44631 A_min=0.4129 A_mean=0.4533 |g|=2.41e-03 bin=0.000 S_flip=0.646 t=173s
[P975_h200_pad0.080] it 118 J=0.44631 A_min=0.4129 A_mean=0.4533 |g|=2.20e-03 bin=0.000 S_flip=0.646 t=175s
[P975_h200_pad0.080] it 119 J=0.44632 A_min=0.4129 A_mean=0.4533 |g|=2.07e-03 bin=0.000 S_flip=0.646 t=176s
[P975_h200_pad0.080] done: J_soft=0.44632 J_hard=0.44633 A_hard=[0.4784, 0.4688, 0.4128] S_flip=0.646 wall=177s
[P875_h200_pad0.080] it   0 J=0.25297 A_min=0.2064 A_mean=0.2706 |g|=6.20e-03 bin=0.098 S_flip=0.363 t=1s
[P875_h200_pad0.080] it   1 J=0.25860 A_min=0.2110 A_mean=0.2775 |g|=7.21e-03 bin=0.091 S_flip=0.359 t=2s
[P875_h200_pad0.080] it   2 J=0.26539 A_min=0.2170 A_mean=0.2852 |g|=8.71e-03 bin=0.084 S_flip=0.353 t=3s
[P875_h200_pad0.080] it   3 J=0.27397 A_min=0.2253 A_mean=0.2942 |g|=1.10e-02 bin=0.077 S_flip=0.347 t=5s
[P875_h200_pad0.080] it   4 J=0.28527 A_min=0.2371 A_mean=0.3053 |g|=1.44e-02 bin=0.071 S_flip=0.340 t=6s
[P875_h200_pad0.080] it   5 J=0.30062 A_min=0.2544 A_mean=0.3197 |g|=1.92e-02 bin=0.065 S_flip=0.332 t=7s
[P875_h200_pad0.080] it   6 J=0.32138 A_min=0.2807 A_mean=0.3394 |g|=2.51e-02 bin=0.059 S_flip=0.324 t=8s
[P875_h200_pad0.080] it   7 J=0.34728 A_min=0.3210 A_mean=0.3665 |g|=2.84e-02 bin=0.054 S_flip=0.316 t=9s
[P875_h200_pad0.080] it   8 J=0.37207 A_min=0.3291 A_mean=0.4000 |g|=2.10e-02 bin=0.049 S_flip=0.309 t=11s
[P875_h200_pad0.080] it   9 J=0.38449 A_min=0.3256 A_mean=0.4304 |g|=5.88e-03 bin=0.044 S_flip=0.302 t=12s
[P875_h200_pad0.080] it  10 J=0.38422 A_min=0.3221 A_mean=0.4400 |g|=5.78e-03 bin=0.041 S_flip=0.296 t=13s
[P875_h200_pad0.080] it  11 J=0.37839 A_min=0.3194 A_mean=0.4277 |g|=1.27e-02 bin=0.038 S_flip=0.293 t=14s
[P875_h200_pad0.080] it  12 J=0.37155 A_min=0.3178 A_mean=0.4101 |g|=1.83e-02 bin=0.035 S_flip=0.293 t=15s
[P875_h200_pad0.080] it  13 J=0.36723 A_min=0.3173 A_mean=0.3993 |g|=2.11e-02 bin=0.033 S_flip=0.295 t=17s
[P875_h200_pad0.080] it  14 J=0.36678 A_min=0.3178 A_mean=0.3973 |g|=2.14e-02 bin=0.031 S_flip=0.298 t=18s
[P875_h200_pad0.080] it  15 J=0.36959 A_min=0.3190 A_mean=0.4024 |g|=1.99e-02 bin=0.030 S_flip=0.302 t=19s
[P875_h200_pad0.080] it  16 J=0.37427 A_min=0.3206 A_mean=0.4120 |g|=1.69e-02 bin=0.028 S_flip=0.307 t=20s
[P875_h200_pad0.080] it  17 J=0.37936 A_min=0.3225 A_mean=0.4232 |g|=1.33e-02 bin=0.027 S_flip=0.312 t=21s
[P875_h200_pad0.080] it  18 J=0.38381 A_min=0.3243 A_mean=0.4330 |g|=9.52e-03 bin=0.026 S_flip=0.317 t=23s
[P875_h200_pad0.080] it  19 J=0.38710 A_min=0.3261 A_mean=0.4393 |g|=6.14e-03 bin=0.024 S_flip=0.322 t=24s
[P875_h200_pad0.080] it  20 J=0.38913 A_min=0.3276 A_mean=0.4415 |g|=3.27e-03 bin=0.023 S_flip=0.327 t=25s
[P875_h200_pad0.080] it  21 J=0.38998 A_min=0.3289 A_mean=0.4401 |g|=1.54e-03 bin=0.022 S_flip=0.331 t=26s
[P875_h200_pad0.080] it  22 J=0.38987 A_min=0.3299 A_mean=0.4365 |g|=3.00e-03 bin=0.021 S_flip=0.335 t=28s
[P875_h200_pad0.080] it  23 J=0.38912 A_min=0.3307 A_mean=0.4321 |g|=5.16e-03 bin=0.020 S_flip=0.339 t=29s
[P875_h200_pad0.080] it  24 J=0.38813 A_min=0.3312 A_mean=0.4281 |g|=6.97e-03 bin=0.019 S_flip=0.342 t=30s
[P875_h200_pad0.080] it  25 J=0.38730 A_min=0.3316 A_mean=0.4253 |g|=8.19e-03 bin=0.018 S_flip=0.344 t=32s
[P875_h200_pad0.080] it  26 J=0.38690 A_min=0.3318 A_mean=0.4239 |g|=8.72e-03 bin=0.018 S_flip=0.346 t=33s
[P875_h200_pad0.080] it  27 J=0.38699 A_min=0.3319 A_mean=0.4239 |g|=8.56e-03 bin=0.017 S_flip=0.347 t=34s
[P875_h200_pad0.080] it  28 J=0.38750 A_min=0.3319 A_mean=0.4252 |g|=7.82e-03 bin=0.016 S_flip=0.349 t=35s
[P875_h200_pad0.080] it  29 J=0.38826 A_min=0.3319 A_mean=0.4272 |g|=6.76e-03 bin=0.015 S_flip=0.350 t=37s
[P875_h200_pad0.080] it  30 J=0.38907 A_min=0.3318 A_mean=0.4296 |g|=5.64e-03 bin=0.014 S_flip=0.350 t=38s
[P875_h200_pad0.080] it  31 J=0.38983 A_min=0.3317 A_mean=0.4320 |g|=4.61e-03 bin=0.013 S_flip=0.351 t=40s
[P875_h200_pad0.080] it  32 J=0.39048 A_min=0.3316 A_mean=0.4343 |g|=3.73e-03 bin=0.012 S_flip=0.351 t=41s
[P875_h200_pad0.080] it  33 J=0.39099 A_min=0.3315 A_mean=0.4363 |g|=2.99e-03 bin=0.012 S_flip=0.352 t=43s
[P875_h200_pad0.080] it  34 J=0.39138 A_min=0.3313 A_mean=0.4381 |g|=2.36e-03 bin=0.011 S_flip=0.352 t=44s
[P875_h200_pad0.080] it  35 J=0.39165 A_min=0.3312 A_mean=0.4396 |g|=1.83e-03 bin=0.011 S_flip=0.352 t=46s
[P875_h200_pad0.080] it  36 J=0.39182 A_min=0.3310 A_mean=0.4408 |g|=1.42e-03 bin=0.010 S_flip=0.352 t=47s
[P875_h200_pad0.080] it  37 J=0.39191 A_min=0.3309 A_mean=0.4418 |g|=1.20e-03 bin=0.010 S_flip=0.353 t=49s
[P875_h200_pad0.080] it  38 J=0.39193 A_min=0.3308 A_mean=0.4424 |g|=1.29e-03 bin=0.010 S_flip=0.353 t=50s
[P875_h200_pad0.080] it  39 J=0.39191 A_min=0.3307 A_mean=0.4429 |g|=1.65e-03 bin=0.010 S_flip=0.353 t=52s
[P875_h200_pad0.080] it  40 J=0.39188 A_min=0.3306 A_mean=0.4431 |g|=2.08e-03 bin=0.009 S_flip=0.353 t=53s
[P875_h200_pad0.080] it  41 J=0.39184 A_min=0.3306 A_mean=0.4432 |g|=2.48e-03 bin=0.009 S_flip=0.353 t=54s
[P875_h200_pad0.080] it  42 J=0.39184 A_min=0.3306 A_mean=0.4433 |g|=2.75e-03 bin=0.009 S_flip=0.354 t=56s
[P875_h200_pad0.080] it  43 J=0.39188 A_min=0.3306 A_mean=0.4434 |g|=2.88e-03 bin=0.009 S_flip=0.354 t=57s
[P875_h200_pad0.080] it  44 J=0.39197 A_min=0.3307 A_mean=0.4435 |g|=2.84e-03 bin=0.008 S_flip=0.354 t=59s
[P875_h200_pad0.080] it  45 J=0.39209 A_min=0.3308 A_mean=0.4436 |g|=2.66e-03 bin=0.008 S_flip=0.355 t=60s
[P875_h200_pad0.080] it  46 J=0.39223 A_min=0.3309 A_mean=0.4437 |g|=2.36e-03 bin=0.008 S_flip=0.356 t=62s
[P875_h200_pad0.080] it  47 J=0.39238 A_min=0.3311 A_mean=0.4438 |g|=2.00e-03 bin=0.007 S_flip=0.356 t=63s
[P875_h200_pad0.080] it  48 J=0.39252 A_min=0.3312 A_mean=0.4437 |g|=1.64e-03 bin=0.007 S_flip=0.357 t=65s
[P875_h200_pad0.080] it  49 J=0.39265 A_min=0.3314 A_mean=0.4437 |g|=1.36e-03 bin=0.007 S_flip=0.357 t=66s
[P875_h200_pad0.080] it  50 J=0.39275 A_min=0.3315 A_mean=0.4435 |g|=1.25e-03 bin=0.006 S_flip=0.358 t=67s
[P875_h200_pad0.080] it  51 J=0.39284 A_min=0.3316 A_mean=0.4434 |g|=1.31e-03 bin=0.006 S_flip=0.358 t=69s
[P875_h200_pad0.080] it  52 J=0.39291 A_min=0.3318 A_mean=0.4432 |g|=1.47e-03 bin=0.006 S_flip=0.359 t=70s
[P875_h200_pad0.080] it  53 J=0.39298 A_min=0.3319 A_mean=0.4431 |g|=1.65e-03 bin=0.006 S_flip=0.359 t=72s
[P875_h200_pad0.080] it  54 J=0.39305 A_min=0.3320 A_mean=0.4431 |g|=1.83e-03 bin=0.006 S_flip=0.359 t=73s
[P875_h200_pad0.080] it  55 J=0.39314 A_min=0.3321 A_mean=0.4431 |g|=1.95e-03 bin=0.005 S_flip=0.359 t=75s
[P875_h200_pad0.080] it  56 J=0.39323 A_min=0.3322 A_mean=0.4433 |g|=1.98e-03 bin=0.005 S_flip=0.359 t=76s
[P875_h200_pad0.080] it  57 J=0.39334 A_min=0.3323 A_mean=0.4435 |g|=1.92e-03 bin=0.005 S_flip=0.359 t=78s
[P875_h200_pad0.080] it  58 J=0.39344 A_min=0.3323 A_mean=0.4437 |g|=1.78e-03 bin=0.005 S_flip=0.359 t=79s
[P875_h200_pad0.080] it  59 J=0.39355 A_min=0.3324 A_mean=0.4440 |g|=1.61e-03 bin=0.005 S_flip=0.359 t=81s
[P875_h200_pad0.080] it  60 J=0.39364 A_min=0.3324 A_mean=0.4443 |g|=1.47e-03 bin=0.004 S_flip=0.360 t=82s
[P875_h200_pad0.080] it  61 J=0.39373 A_min=0.3325 A_mean=0.4446 |g|=1.37e-03 bin=0.004 S_flip=0.360 t=84s
[P875_h200_pad0.080] it  62 J=0.39381 A_min=0.3325 A_mean=0.4448 |g|=1.32e-03 bin=0.004 S_flip=0.360 t=85s
[P875_h200_pad0.080] it  63 J=0.39389 A_min=0.3326 A_mean=0.4450 |g|=1.32e-03 bin=0.004 S_flip=0.360 t=86s
[P875_h200_pad0.080] it  64 J=0.39397 A_min=0.3326 A_mean=0.4452 |g|=1.33e-03 bin=0.004 S_flip=0.361 t=88s
[P875_h200_pad0.080] it  65 J=0.39404 A_min=0.3327 A_mean=0.4453 |g|=1.30e-03 bin=0.004 S_flip=0.361 t=89s
[P875_h200_pad0.080] it  66 J=0.39411 A_min=0.3327 A_mean=0.4455 |g|=1.25e-03 bin=0.003 S_flip=0.361 t=91s
[P875_h200_pad0.080] it  67 J=0.39418 A_min=0.3328 A_mean=0.4456 |g|=1.19e-03 bin=0.003 S_flip=0.362 t=93s
[P875_h200_pad0.080] it  68 J=0.39424 A_min=0.3328 A_mean=0.4457 |g|=1.17e-03 bin=0.003 S_flip=0.362 t=94s
[P875_h200_pad0.080] it  69 J=0.39430 A_min=0.3329 A_mean=0.4458 |g|=1.17e-03 bin=0.003 S_flip=0.362 t=96s
[P875_h200_pad0.080] it  70 J=0.39436 A_min=0.3329 A_mean=0.4460 |g|=1.16e-03 bin=0.003 S_flip=0.363 t=97s
[P875_h200_pad0.080] it  71 J=0.39441 A_min=0.3330 A_mean=0.4461 |g|=1.15e-03 bin=0.003 S_flip=0.363 t=99s
[P875_h200_pad0.080] it  72 J=0.39447 A_min=0.3330 A_mean=0.4462 |g|=1.13e-03 bin=0.003 S_flip=0.363 t=101s
[P875_h200_pad0.080] it  73 J=0.39451 A_min=0.3330 A_mean=0.4464 |g|=1.12e-03 bin=0.003 S_flip=0.364 t=102s
[P875_h200_pad0.080] it  74 J=0.39456 A_min=0.3331 A_mean=0.4465 |g|=1.16e-03 bin=0.002 S_flip=0.364 t=104s
[P875_h200_pad0.080] it  75 J=0.39461 A_min=0.3331 A_mean=0.4466 |g|=1.27e-03 bin=0.002 S_flip=0.364 t=105s
[P875_h200_pad0.080] it  76 J=0.39467 A_min=0.3331 A_mean=0.4468 |g|=1.44e-03 bin=0.002 S_flip=0.365 t=106s
[P875_h200_pad0.080] it  77 J=0.39472 A_min=0.3332 A_mean=0.4468 |g|=1.63e-03 bin=0.002 S_flip=0.365 t=108s
[P875_h200_pad0.080] it  78 J=0.39478 A_min=0.3332 A_mean=0.4469 |g|=1.81e-03 bin=0.002 S_flip=0.366 t=109s
[P875_h200_pad0.080] it  79 J=0.39485 A_min=0.3333 A_mean=0.4470 |g|=2.00e-03 bin=0.002 S_flip=0.366 t=111s
[P875_h200_pad0.080] it  80 J=0.39492 A_min=0.3334 A_mean=0.4470 |g|=2.15e-03 bin=0.002 S_flip=0.367 t=112s
[P875_h200_pad0.080] it  81 J=0.39499 A_min=0.3335 A_mean=0.4470 |g|=2.04e-03 bin=0.002 S_flip=0.368 t=114s
[P875_h200_pad0.080] it  82 J=0.39505 A_min=0.3335 A_mean=0.4471 |g|=1.67e-03 bin=0.002 S_flip=0.369 t=115s
[P875_h200_pad0.080] it  83 J=0.39510 A_min=0.3336 A_mean=0.4471 |g|=1.32e-03 bin=0.001 S_flip=0.369 t=116s
[P875_h200_pad0.080] it  84 J=0.39514 A_min=0.3336 A_mean=0.4471 |g|=1.22e-03 bin=0.001 S_flip=0.370 t=118s
[P875_h200_pad0.080] it  85 J=0.39518 A_min=0.3337 A_mean=0.4471 |g|=1.19e-03 bin=0.001 S_flip=0.370 t=119s
[P875_h200_pad0.080] it  86 J=0.39520 A_min=0.3337 A_mean=0.4472 |g|=1.12e-03 bin=0.001 S_flip=0.371 t=121s
[P875_h200_pad0.080] it  87 J=0.39523 A_min=0.3337 A_mean=0.4472 |g|=1.13e-03 bin=0.001 S_flip=0.371 t=122s
[P875_h200_pad0.080] it  88 J=0.39525 A_min=0.3337 A_mean=0.4472 |g|=1.17e-03 bin=0.001 S_flip=0.371 t=123s
[P875_h200_pad0.080] it  89 J=0.39527 A_min=0.3338 A_mean=0.4473 |g|=1.25e-03 bin=0.001 S_flip=0.371 t=125s
[P875_h200_pad0.080] it  90 J=0.39530 A_min=0.3338 A_mean=0.4473 |g|=1.33e-03 bin=0.001 S_flip=0.371 t=126s
[P875_h200_pad0.080] it  91 J=0.39532 A_min=0.3338 A_mean=0.4474 |g|=1.29e-03 bin=0.001 S_flip=0.371 t=127s
[P875_h200_pad0.080] it  92 J=0.39534 A_min=0.3338 A_mean=0.4474 |g|=1.19e-03 bin=0.001 S_flip=0.372 t=129s
[P875_h200_pad0.080] it  93 J=0.39536 A_min=0.3338 A_mean=0.4474 |g|=1.07e-03 bin=0.001 S_flip=0.372 t=130s
[P875_h200_pad0.080] it  94 J=0.39538 A_min=0.3338 A_mean=0.4475 |g|=9.67e-04 bin=0.001 S_flip=0.372 t=132s
[P875_h200_pad0.080] it  95 J=0.39539 A_min=0.3339 A_mean=0.4475 |g|=9.26e-04 bin=0.001 S_flip=0.372 t=133s
[P875_h200_pad0.080] it  96 J=0.39540 A_min=0.3339 A_mean=0.4475 |g|=9.86e-04 bin=0.001 S_flip=0.372 t=135s
[P875_h200_pad0.080] it  97 J=0.39541 A_min=0.3339 A_mean=0.4476 |g|=1.14e-03 bin=0.001 S_flip=0.372 t=136s
[P875_h200_pad0.080] it  98 J=0.39542 A_min=0.3339 A_mean=0.4476 |g|=1.36e-03 bin=0.001 S_flip=0.372 t=137s
[P875_h200_pad0.080] it  99 J=0.39543 A_min=0.3339 A_mean=0.4477 |g|=1.55e-03 bin=0.001 S_flip=0.372 t=139s
[P875_h200_pad0.080] it 100 J=0.39544 A_min=0.3339 A_mean=0.4477 |g|=1.64e-03 bin=0.001 S_flip=0.373 t=140s
[P875_h200_pad0.080] it 101 J=0.39546 A_min=0.3339 A_mean=0.4477 |g|=1.67e-03 bin=0.001 S_flip=0.373 t=142s
[P875_h200_pad0.080] it 102 J=0.39547 A_min=0.3339 A_mean=0.4478 |g|=1.65e-03 bin=0.001 S_flip=0.373 t=144s
[P875_h200_pad0.080] it 103 J=0.39548 A_min=0.3339 A_mean=0.4478 |g|=1.58e-03 bin=0.001 S_flip=0.373 t=145s
[P875_h200_pad0.080] it 104 J=0.39549 A_min=0.3339 A_mean=0.4478 |g|=1.55e-03 bin=0.001 S_flip=0.373 t=147s
[P875_h200_pad0.080] it 105 J=0.39550 A_min=0.3339 A_mean=0.4479 |g|=1.60e-03 bin=0.001 S_flip=0.373 t=148s
[P875_h200_pad0.080] it 106 J=0.39551 A_min=0.3339 A_mean=0.4479 |g|=1.71e-03 bin=0.001 S_flip=0.373 t=150s
[P875_h200_pad0.080] it 107 J=0.39552 A_min=0.3339 A_mean=0.4479 |g|=1.84e-03 bin=0.001 S_flip=0.373 t=152s
[P875_h200_pad0.080] it 108 J=0.39553 A_min=0.3339 A_mean=0.4480 |g|=1.90e-03 bin=0.001 S_flip=0.374 t=153s
[P875_h200_pad0.080] it 109 J=0.39553 A_min=0.3339 A_mean=0.4480 |g|=1.86e-03 bin=0.000 S_flip=0.374 t=155s
[P875_h200_pad0.080] it 110 J=0.39554 A_min=0.3339 A_mean=0.4480 |g|=1.72e-03 bin=0.000 S_flip=0.374 t=156s
[P875_h200_pad0.080] it 111 J=0.39555 A_min=0.3339 A_mean=0.4480 |g|=1.57e-03 bin=0.000 S_flip=0.374 t=158s
[P875_h200_pad0.080] it 112 J=0.39555 A_min=0.3339 A_mean=0.4480 |g|=1.44e-03 bin=0.000 S_flip=0.374 t=159s
[P875_h200_pad0.080] it 113 J=0.39555 A_min=0.3339 A_mean=0.4481 |g|=1.34e-03 bin=0.000 S_flip=0.374 t=161s
[P875_h200_pad0.080] it 114 J=0.39555 A_min=0.3339 A_mean=0.4481 |g|=1.28e-03 bin=0.000 S_flip=0.374 t=163s
[P875_h200_pad0.080] it 115 J=0.39556 A_min=0.3339 A_mean=0.4481 |g|=1.23e-03 bin=0.000 S_flip=0.374 t=164s
[P875_h200_pad0.080] it 116 J=0.39556 A_min=0.3339 A_mean=0.4481 |g|=1.20e-03 bin=0.000 S_flip=0.374 t=166s
[P875_h200_pad0.080] it 117 J=0.39556 A_min=0.3339 A_mean=0.4481 |g|=1.19e-03 bin=0.000 S_flip=0.374 t=167s
[P875_h200_pad0.080] it 118 J=0.39556 A_min=0.3339 A_mean=0.4481 |g|=1.18e-03 bin=0.000 S_flip=0.374 t=169s
[P875_h200_pad0.080] it 119 J=0.39556 A_min=0.3339 A_mean=0.4481 |g|=1.17e-03 bin=0.000 S_flip=0.374 t=170s
[P875_h200_pad0.080] done: J_soft=0.39556 J_hard=0.39556 A_hard=[0.5067, 0.5034, 0.334] S_flip=0.375 wall=172s
[P925_h220_pad0.080] it   0 J=0.37116 A_min=0.3401 A_mean=0.3769 |g|=4.73e-02 bin=0.097 S_flip=0.366 t=1s
[P925_h220_pad0.080] it   1 J=0.39989 A_min=0.3418 A_mean=0.4394 |g|=9.09e-03 bin=0.099 S_flip=0.392 t=3s
[P925_h220_pad0.080] it   2 J=0.39905 A_min=0.3425 A_mean=0.4421 |g|=1.17e-02 bin=0.099 S_flip=0.414 t=4s
[P925_h220_pad0.080] it   3 J=0.39264 A_min=0.3431 A_mean=0.4321 |g|=2.22e-02 bin=0.095 S_flip=0.428 t=6s
[P925_h220_pad0.080] it   4 J=0.39308 A_min=0.3439 A_mean=0.4328 |g|=2.23e-02 bin=0.089 S_flip=0.433 t=7s
[P925_h220_pad0.080] it   5 J=0.39816 A_min=0.3447 A_mean=0.4402 |g|=1.67e-02 bin=0.082 S_flip=0.434 t=9s
[P925_h220_pad0.080] it   6 J=0.40305 A_min=0.3454 A_mean=0.4481 |g|=9.05e-03 bin=0.076 S_flip=0.432 t=10s
[P925_h220_pad0.080] it   7 J=0.40552 A_min=0.3458 A_mean=0.4521 |g|=3.47e-03 bin=0.070 S_flip=0.430 t=12s
[P925_h220_pad0.080] it   8 J=0.40590 A_min=0.3461 A_mean=0.4510 |g|=5.23e-03 bin=0.065 S_flip=0.428 t=13s
[P925_h220_pad0.080] it   9 J=0.40535 A_min=0.3464 A_mean=0.4475 |g|=8.73e-03 bin=0.061 S_flip=0.428 t=15s
[P925_h220_pad0.080] it  10 J=0.40498 A_min=0.3469 A_mean=0.4448 |g|=1.09e-02 bin=0.057 S_flip=0.429 t=16s
[P925_h220_pad0.080] it  11 J=0.40547 A_min=0.3475 A_mean=0.4448 |g|=1.14e-02 bin=0.054 S_flip=0.432 t=17s
[P925_h220_pad0.080] it  12 J=0.40683 A_min=0.3484 A_mean=0.4474 |g|=1.03e-02 bin=0.052 S_flip=0.437 t=19s
[P925_h220_pad0.080] it  13 J=0.40864 A_min=0.3495 A_mean=0.4513 |g|=8.30e-03 bin=0.049 S_flip=0.443 t=20s
[P925_h220_pad0.080] it  14 J=0.41043 A_min=0.3508 A_mean=0.4549 |g|=6.03e-03 bin=0.047 S_flip=0.449 t=22s
[P925_h220_pad0.080] it  15 J=0.41187 A_min=0.3522 A_mean=0.4571 |g|=4.11e-03 bin=0.045 S_flip=0.456 t=23s
[P925_h220_pad0.080] it  16 J=0.41283 A_min=0.3537 A_mean=0.4578 |g|=3.54e-03 bin=0.043 S_flip=0.463 t=24s
[P925_h220_pad0.080] it  17 J=0.41339 A_min=0.3552 A_mean=0.4573 |g|=4.59e-03 bin=0.042 S_flip=0.470 t=26s
[P925_h220_pad0.080] it  18 J=0.41375 A_min=0.3567 A_mean=0.4564 |g|=6.02e-03 bin=0.040 S_flip=0.475 t=28s
[P925_h220_pad0.080] it  19 J=0.41419 A_min=0.3580 A_mean=0.4558 |g|=7.03e-03 bin=0.038 S_flip=0.480 t=29s
[P925_h220_pad0.080] it  20 J=0.41489 A_min=0.3592 A_mean=0.4556 |g|=7.33e-03 bin=0.036 S_flip=0.483 t=30s
[P925_h220_pad0.080] it  21 J=0.41590 A_min=0.3603 A_mean=0.4561 |g|=6.95e-03 bin=0.035 S_flip=0.485 t=32s
[P925_h220_pad0.080] it  22 J=0.41710 A_min=0.3612 A_mean=0.4569 |g|=6.08e-03 bin=0.033 S_flip=0.487 t=33s
[P925_h220_pad0.080] it  23 J=0.41835 A_min=0.3621 A_mean=0.4579 |g|=5.00e-03 bin=0.031 S_flip=0.487 t=34s
[P925_h220_pad0.080] it  24 J=0.41952 A_min=0.3629 A_mean=0.4588 |g|=4.07e-03 bin=0.030 S_flip=0.488 t=36s
[P925_h220_pad0.080] it  25 J=0.42055 A_min=0.3637 A_mean=0.4593 |g|=3.60e-03 bin=0.028 S_flip=0.488 t=37s
[P925_h220_pad0.080] it  26 J=0.42146 A_min=0.3645 A_mean=0.4596 |g|=3.61e-03 bin=0.027 S_flip=0.489 t=39s
[P925_h220_pad0.080] it  27 J=0.42230 A_min=0.3654 A_mean=0.4597 |g|=3.88e-03 bin=0.026 S_flip=0.490 t=40s
[P925_h220_pad0.080] it  28 J=0.42312 A_min=0.3664 A_mean=0.4598 |g|=4.27e-03 bin=0.025 S_flip=0.491 t=42s
[P925_h220_pad0.080] it  29 J=0.42401 A_min=0.3676 A_mean=0.4598 |g|=4.58e-03 bin=0.024 S_flip=0.493 t=43s
[P925_h220_pad0.080] it  30 J=0.42498 A_min=0.3689 A_mean=0.4600 |g|=4.56e-03 bin=0.023 S_flip=0.495 t=44s
[P925_h220_pad0.080] it  31 J=0.42600 A_min=0.3702 A_mean=0.4603 |g|=4.32e-03 bin=0.022 S_flip=0.498 t=46s
[P925_h220_pad0.080] it  32 J=0.42704 A_min=0.3717 A_mean=0.4607 |g|=4.19e-03 bin=0.021 S_flip=0.501 t=47s
[P925_h220_pad0.080] it  33 J=0.42815 A_min=0.3733 A_mean=0.4610 |g|=3.99e-03 bin=0.020 S_flip=0.504 t=48s
[P925_h220_pad0.080] it  34 J=0.42920 A_min=0.3749 A_mean=0.4613 |g|=3.63e-03 bin=0.019 S_flip=0.508 t=50s
[P925_h220_pad0.080] it  35 J=0.43016 A_min=0.3764 A_mean=0.4616 |g|=3.55e-03 bin=0.018 S_flip=0.511 t=51s
[P925_h220_pad0.080] it  36 J=0.43106 A_min=0.3778 A_mean=0.4619 |g|=3.78e-03 bin=0.018 S_flip=0.514 t=53s
[P925_h220_pad0.080] it  37 J=0.43198 A_min=0.3794 A_mean=0.4621 |g|=4.17e-03 bin=0.017 S_flip=0.517 t=54s
[P925_h220_pad0.080] it  38 J=0.43291 A_min=0.3809 A_mean=0.4624 |g|=4.32e-03 bin=0.016 S_flip=0.519 t=55s
[P925_h220_pad0.080] it  39 J=0.43379 A_min=0.3821 A_mean=0.4629 |g|=4.24e-03 bin=0.015 S_flip=0.521 t=57s
[P925_h220_pad0.080] it  40 J=0.43463 A_min=0.3831 A_mean=0.4634 |g|=4.03e-03 bin=0.014 S_flip=0.522 t=58s
[P925_h220_pad0.080] it  41 J=0.43549 A_min=0.3840 A_mean=0.4640 |g|=4.01e-03 bin=0.013 S_flip=0.523 t=60s
[P925_h220_pad0.080] it  42 J=0.43639 A_min=0.3851 A_mean=0.4645 |g|=4.01e-03 bin=0.013 S_flip=0.524 t=61s
[P925_h220_pad0.080] it  43 J=0.43728 A_min=0.3861 A_mean=0.4651 |g|=3.77e-03 bin=0.012 S_flip=0.524 t=62s
[P925_h220_pad0.080] it  44 J=0.43813 A_min=0.3869 A_mean=0.4657 |g|=3.51e-03 bin=0.012 S_flip=0.524 t=64s
[P925_h220_pad0.080] it  45 J=0.43893 A_min=0.3875 A_mean=0.4663 |g|=3.42e-03 bin=0.011 S_flip=0.524 t=65s
[P925_h220_pad0.080] it  46 J=0.43971 A_min=0.3882 A_mean=0.4670 |g|=3.57e-03 bin=0.011 S_flip=0.524 t=67s
[P925_h220_pad0.080] it  47 J=0.44052 A_min=0.3888 A_mean=0.4676 |g|=3.81e-03 bin=0.011 S_flip=0.524 t=68s
[P925_h220_pad0.080] it  48 J=0.44137 A_min=0.3897 A_mean=0.4681 |g|=4.47e-03 bin=0.011 S_flip=0.525 t=69s
[P925_h220_pad0.080] it  49 J=0.44236 A_min=0.3908 A_mean=0.4685 |g|=4.82e-03 bin=0.010 S_flip=0.527 t=71s
[P925_h220_pad0.080] it  50 J=0.44333 A_min=0.3920 A_mean=0.4689 |g|=4.47e-03 bin=0.010 S_flip=0.529 t=72s
[P925_h220_pad0.080] it  51 J=0.44421 A_min=0.3932 A_mean=0.4693 |g|=4.10e-03 bin=0.009 S_flip=0.532 t=73s
[P925_h220_pad0.080] it  52 J=0.44503 A_min=0.3943 A_mean=0.4696 |g|=3.91e-03 bin=0.009 S_flip=0.535 t=75s
[P925_h220_pad0.080] it  53 J=0.44576 A_min=0.3954 A_mean=0.4699 |g|=3.55e-03 bin=0.008 S_flip=0.538 t=76s
[P925_h220_pad0.080] it  54 J=0.44649 A_min=0.3965 A_mean=0.4702 |g|=3.86e-03 bin=0.008 S_flip=0.540 t=77s
[P925_h220_pad0.080] it  55 J=0.44739 A_min=0.3981 A_mean=0.4705 |g|=4.13e-03 bin=0.008 S_flip=0.543 t=79s
[P925_h220_pad0.080] it  56 J=0.44815 A_min=0.3995 A_mean=0.4707 |g|=3.53e-03 bin=0.007 S_flip=0.546 t=80s
[P925_h220_pad0.080] it  57 J=0.44869 A_min=0.4006 A_mean=0.4709 |g|=3.48e-03 bin=0.007 S_flip=0.548 t=82s
[P925_h220_pad0.080] it  58 J=0.44915 A_min=0.4014 A_mean=0.4711 |g|=3.80e-03 bin=0.007 S_flip=0.550 t=83s
[P925_h220_pad0.080] it  59 J=0.44961 A_min=0.4021 A_mean=0.4714 |g|=4.03e-03 bin=0.006 S_flip=0.552 t=85s
[P925_h220_pad0.080] it  60 J=0.45011 A_min=0.4025 A_mean=0.4718 |g|=3.96e-03 bin=0.006 S_flip=0.553 t=86s
[P925_h220_pad0.080] it  61 J=0.45065 A_min=0.4028 A_mean=0.4722 |g|=3.68e-03 bin=0.006 S_flip=0.553 t=88s
[P925_h220_pad0.080] it  62 J=0.45120 A_min=0.4031 A_mean=0.4727 |g|=3.43e-03 bin=0.006 S_flip=0.553 t=90s
[P925_h220_pad0.080] it  63 J=0.45180 A_min=0.4036 A_mean=0.4730 |g|=3.77e-03 bin=0.006 S_flip=0.553 t=91s
[P925_h220_pad0.080] it  64 J=0.45243 A_min=0.4043 A_mean=0.4733 |g|=4.25e-03 bin=0.005 S_flip=0.553 t=93s
[P925_h220_pad0.080] it  65 J=0.45302 A_min=0.4053 A_mean=0.4734 |g|=3.73e-03 bin=0.005 S_flip=0.554 t=94s
[P925_h220_pad0.080] it  66 J=0.45357 A_min=0.4062 A_mean=0.4736 |g|=3.45e-03 bin=0.005 S_flip=0.555 t=96s
[P925_h220_pad0.080] it  67 J=0.45410 A_min=0.4070 A_mean=0.4739 |g|=3.40e-03 bin=0.005 S_flip=0.556 t=97s
[P925_h220_pad0.080] it  68 J=0.45460 A_min=0.4078 A_mean=0.4742 |g|=3.02e-03 bin=0.004 S_flip=0.557 t=99s
[P925_h220_pad0.080] it  69 J=0.45497 A_min=0.4083 A_mean=0.4744 |g|=2.47e-03 bin=0.004 S_flip=0.557 t=100s
[P925_h220_pad0.080] it  70 J=0.45526 A_min=0.4085 A_mean=0.4747 |g|=2.52e-03 bin=0.003 S_flip=0.557 t=101s
[P925_h220_pad0.080] it  71 J=0.45558 A_min=0.4088 A_mean=0.4749 |g|=2.95e-03 bin=0.003 S_flip=0.558 t=103s
[P925_h220_pad0.080] it  72 J=0.45593 A_min=0.4091 A_mean=0.4752 |g|=3.37e-03 bin=0.003 S_flip=0.558 t=104s
[P925_h220_pad0.080] it  73 J=0.45633 A_min=0.4096 A_mean=0.4754 |g|=3.08e-03 bin=0.003 S_flip=0.559 t=105s
[P925_h220_pad0.080] it  74 J=0.45663 A_min=0.4099 A_mean=0.4756 |g|=2.34e-03 bin=0.003 S_flip=0.559 t=106s
[P925_h220_pad0.080] it  75 J=0.45689 A_min=0.4102 A_mean=0.4757 |g|=2.82e-03 bin=0.003 S_flip=0.559 t=107s
[P925_h220_pad0.080] it  76 J=0.45720 A_min=0.4105 A_mean=0.4759 |g|=3.69e-03 bin=0.003 S_flip=0.560 t=109s
[P925_h220_pad0.080] it  77 J=0.45761 A_min=0.4112 A_mean=0.4761 |g|=4.72e-03 bin=0.003 S_flip=0.561 t=110s
[P925_h220_pad0.080] it  78 J=0.45801 A_min=0.4120 A_mean=0.4761 |g|=3.70e-03 bin=0.003 S_flip=0.562 t=111s
[P925_h220_pad0.080] it  79 J=0.45834 A_min=0.4127 A_mean=0.4762 |g|=3.94e-03 bin=0.003 S_flip=0.562 t=112s
[P925_h220_pad0.080] it  80 J=0.45867 A_min=0.4134 A_mean=0.4763 |g|=3.48e-03 bin=0.003 S_flip=0.563 t=114s
[P925_h220_pad0.080] it  81 J=0.45899 A_min=0.4140 A_mean=0.4764 |g|=3.95e-03 bin=0.003 S_flip=0.563 t=115s
[P925_h220_pad0.080] it  82 J=0.45929 A_min=0.4143 A_mean=0.4767 |g|=4.19e-03 bin=0.002 S_flip=0.564 t=116s
[P925_h220_pad0.080] it  83 J=0.45962 A_min=0.4145 A_mean=0.4770 |g|=5.53e-03 bin=0.002 S_flip=0.564 t=118s
[P925_h220_pad0.080] it  84 J=0.45998 A_min=0.4148 A_mean=0.4774 |g|=3.98e-03 bin=0.002 S_flip=0.565 t=120s
[P925_h220_pad0.080] it  85 J=0.46024 A_min=0.4150 A_mean=0.4776 |g|=3.30e-03 bin=0.002 S_flip=0.565 t=123s
[P925_h220_pad0.080] it  86 J=0.46042 A_min=0.4152 A_mean=0.4777 |g|=3.00e-03 bin=0.002 S_flip=0.566 t=124s
[P925_h220_pad0.080] it  87 J=0.46058 A_min=0.4153 A_mean=0.4778 |g|=3.06e-03 bin=0.002 S_flip=0.566 t=126s
[P925_h220_pad0.080] it  88 J=0.46073 A_min=0.4154 A_mean=0.4779 |g|=2.88e-03 bin=0.002 S_flip=0.567 t=127s
[P925_h220_pad0.080] it  89 J=0.46088 A_min=0.4154 A_mean=0.4781 |g|=3.63e-03 bin=0.002 S_flip=0.567 t=129s
[P925_h220_pad0.080] it  90 J=0.46106 A_min=0.4155 A_mean=0.4782 |g|=4.32e-03 bin=0.002 S_flip=0.567 t=130s
[P925_h220_pad0.080] it  91 J=0.46125 A_min=0.4157 A_mean=0.4784 |g|=4.17e-03 bin=0.001 S_flip=0.567 t=132s
[P925_h220_pad0.080] it  92 J=0.46139 A_min=0.4158 A_mean=0.4785 |g|=3.24e-03 bin=0.001 S_flip=0.568 t=134s
[P925_h220_pad0.080] it  93 J=0.46149 A_min=0.4159 A_mean=0.4786 |g|=3.62e-03 bin=0.001 S_flip=0.568 t=135s
[P925_h220_pad0.080] it  94 J=0.46162 A_min=0.4160 A_mean=0.4787 |g|=4.28e-03 bin=0.001 S_flip=0.568 t=137s
[P925_h220_pad0.080] it  95 J=0.46176 A_min=0.4161 A_mean=0.4788 |g|=4.62e-03 bin=0.001 S_flip=0.568 t=138s
[P925_h220_pad0.080] it  96 J=0.46188 A_min=0.4163 A_mean=0.4789 |g|=3.33e-03 bin=0.001 S_flip=0.569 t=139s
[P925_h220_pad0.080] it  97 J=0.46196 A_min=0.4164 A_mean=0.4790 |g|=3.12e-03 bin=0.001 S_flip=0.569 t=141s
[P925_h220_pad0.080] it  98 J=0.46204 A_min=0.4165 A_mean=0.4790 |g|=4.12e-03 bin=0.001 S_flip=0.569 t=142s
[P925_h220_pad0.080] it  99 J=0.46213 A_min=0.4166 A_mean=0.4791 |g|=5.28e-03 bin=0.001 S_flip=0.570 t=144s
[P925_h220_pad0.080] it 100 J=0.46224 A_min=0.4168 A_mean=0.4792 |g|=5.13e-03 bin=0.001 S_flip=0.570 t=145s
[P925_h220_pad0.080] it 101 J=0.46234 A_min=0.4169 A_mean=0.4793 |g|=5.18e-03 bin=0.001 S_flip=0.571 t=147s
[P925_h220_pad0.080] it 102 J=0.46244 A_min=0.4171 A_mean=0.4794 |g|=5.62e-03 bin=0.001 S_flip=0.571 t=148s
[P925_h220_pad0.080] it 103 J=0.46252 A_min=0.4172 A_mean=0.4795 |g|=3.62e-03 bin=0.001 S_flip=0.571 t=150s
[P925_h220_pad0.080] it 104 J=0.46258 A_min=0.4173 A_mean=0.4795 |g|=3.78e-03 bin=0.001 S_flip=0.571 t=151s
[P925_h220_pad0.080] it 105 J=0.46265 A_min=0.4174 A_mean=0.4796 |g|=5.09e-03 bin=0.001 S_flip=0.571 t=152s
[P925_h220_pad0.080] it 106 J=0.46272 A_min=0.4175 A_mean=0.4796 |g|=5.71e-03 bin=0.001 S_flip=0.571 t=154s
[P925_h220_pad0.080] it 107 J=0.46279 A_min=0.4176 A_mean=0.4797 |g|=5.15e-03 bin=0.000 S_flip=0.571 t=155s
[P925_h220_pad0.080] it 108 J=0.46285 A_min=0.4177 A_mean=0.4798 |g|=4.59e-03 bin=0.000 S_flip=0.571 t=157s
[P925_h220_pad0.080] it 109 J=0.46289 A_min=0.4178 A_mean=0.4798 |g|=4.37e-03 bin=0.000 S_flip=0.571 t=158s
[P925_h220_pad0.080] it 110 J=0.46292 A_min=0.4178 A_mean=0.4798 |g|=4.19e-03 bin=0.000 S_flip=0.571 t=160s
[P925_h220_pad0.080] it 111 J=0.46294 A_min=0.4179 A_mean=0.4798 |g|=3.82e-03 bin=0.000 S_flip=0.571 t=161s
[P925_h220_pad0.080] it 112 J=0.46296 A_min=0.4179 A_mean=0.4798 |g|=3.20e-03 bin=0.000 S_flip=0.571 t=162s
[P925_h220_pad0.080] it 113 J=0.46297 A_min=0.4180 A_mean=0.4798 |g|=2.94e-03 bin=0.000 S_flip=0.571 t=164s
[P925_h220_pad0.080] it 114 J=0.46297 A_min=0.4180 A_mean=0.4798 |g|=3.08e-03 bin=0.000 S_flip=0.571 t=165s
[P925_h220_pad0.080] it 115 J=0.46298 A_min=0.4180 A_mean=0.4798 |g|=3.40e-03 bin=0.000 S_flip=0.571 t=167s
[P925_h220_pad0.080] it 116 J=0.46298 A_min=0.4180 A_mean=0.4798 |g|=3.75e-03 bin=0.000 S_flip=0.571 t=168s
[P925_h220_pad0.080] it 117 J=0.46298 A_min=0.4180 A_mean=0.4798 |g|=4.05e-03 bin=0.000 S_flip=0.571 t=169s
[P925_h220_pad0.080] it 118 J=0.46298 A_min=0.4180 A_mean=0.4798 |g|=4.26e-03 bin=0.000 S_flip=0.571 t=171s
[P925_h220_pad0.080] it 119 J=0.46298 A_min=0.4180 A_mean=0.4798 |g|=4.38e-03 bin=0.000 S_flip=0.571 t=172s
[P925_h220_pad0.080] done: J_soft=0.46298 J_hard=0.46296 A_hard=[0.5253, 0.4963, 0.4179] S_flip=0.572 wall=174s
[P925_h180_pad0.080] it   0 J=0.31446 A_min=0.2747 A_mean=0.3444 |g|=1.91e-02 bin=0.097 S_flip=0.366 t=1s
[P925_h180_pad0.080] it   1 J=0.33726 A_min=0.3115 A_mean=0.3681 |g|=2.15e-02 bin=0.088 S_flip=0.350 t=3s
[P925_h180_pad0.080] it   2 J=0.35762 A_min=0.3079 A_mean=0.3948 |g|=1.41e-02 bin=0.080 S_flip=0.334 t=4s
[P925_h180_pad0.080] it   3 J=0.36470 A_min=0.3044 A_mean=0.4123 |g|=2.70e-03 bin=0.073 S_flip=0.319 t=6s
[P925_h180_pad0.080] it   4 J=0.36089 A_min=0.3019 A_mean=0.4084 |g|=1.16e-02 bin=0.067 S_flip=0.309 t=7s
[P925_h180_pad0.080] it   5 J=0.35598 A_min=0.3011 A_mean=0.3982 |g|=1.80e-02 bin=0.063 S_flip=0.308 t=9s
[P925_h180_pad0.080] it   6 J=0.35541 A_min=0.3014 A_mean=0.3966 |g|=1.89e-02 bin=0.059 S_flip=0.314 t=10s
[P925_h180_pad0.080] it   7 J=0.35843 A_min=0.3024 A_mean=0.4023 |g|=1.60e-02 bin=0.056 S_flip=0.323 t=11s
[P925_h180_pad0.080] it   8 J=0.36250 A_min=0.3039 A_mean=0.4099 |g|=1.16e-02 bin=0.053 S_flip=0.335 t=13s
[P925_h180_pad0.080] it   9 J=0.36589 A_min=0.3055 A_mean=0.4152 |g|=7.22e-03 bin=0.051 S_flip=0.347 t=14s
[P925_h180_pad0.080] it  10 J=0.36792 A_min=0.3071 A_mean=0.4168 |g|=3.81e-03 bin=0.048 S_flip=0.358 t=16s
[P925_h180_pad0.080] it  11 J=0.36864 A_min=0.3087 A_mean=0.4155 |g|=2.71e-03 bin=0.046 S_flip=0.369 t=17s
[P925_h180_pad0.080] it  12 J=0.36845 A_min=0.3100 A_mean=0.4129 |g|=4.35e-03 bin=0.044 S_flip=0.379 t=18s
[P925_h180_pad0.080] it  13 J=0.36789 A_min=0.3111 A_mean=0.4103 |g|=6.11e-03 bin=0.042 S_flip=0.387 t=20s
[P925_h180_pad0.080] it  14 J=0.36750 A_min=0.3120 A_mean=0.4086 |g|=7.21e-03 bin=0.040 S_flip=0.394 t=21s
[P925_h180_pad0.080] it  15 J=0.36757 A_min=0.3127 A_mean=0.4082 |g|=7.60e-03 bin=0.038 S_flip=0.399 t=22s
[P925_h180_pad0.080] it  16 J=0.36817 A_min=0.3132 A_mean=0.4089 |g|=7.39e-03 bin=0.036 S_flip=0.403 t=24s
[P925_h180_pad0.080] it  17 J=0.36919 A_min=0.3135 A_mean=0.4106 |g|=6.70e-03 bin=0.035 S_flip=0.406 t=25s
[P925_h180_pad0.080] it  18 J=0.37041 A_min=0.3137 A_mean=0.4129 |g|=5.71e-03 bin=0.033 S_flip=0.408 t=26s
[P925_h180_pad0.080] it  19 J=0.37163 A_min=0.3138 A_mean=0.4154 |g|=4.62e-03 bin=0.031 S_flip=0.409 t=28s
[P925_h180_pad0.080] it  20 J=0.37269 A_min=0.3138 A_mean=0.4177 |g|=3.68e-03 bin=0.030 S_flip=0.410 t=29s
[P925_h180_pad0.080] it  21 J=0.37355 A_min=0.3139 A_mean=0.4197 |g|=3.19e-03 bin=0.029 S_flip=0.412 t=31s
[P925_h180_pad0.080] it  22 J=0.37423 A_min=0.3141 A_mean=0.4212 |g|=3.29e-03 bin=0.027 S_flip=0.414 t=32s
[P925_h180_pad0.080] it  23 J=0.37483 A_min=0.3145 A_mean=0.4223 |g|=3.75e-03 bin=0.026 S_flip=0.416 t=34s
[P925_h180_pad0.080] it  24 J=0.37544 A_min=0.3150 A_mean=0.4231 |g|=4.24e-03 bin=0.025 S_flip=0.418 t=35s
[P925_h180_pad0.080] it  25 J=0.37614 A_min=0.3157 A_mean=0.4237 |g|=4.58e-03 bin=0.024 S_flip=0.422 t=37s
[P925_h180_pad0.080] it  26 J=0.37699 A_min=0.3166 A_mean=0.4242 |g|=4.71e-03 bin=0.023 S_flip=0.426 t=38s
[P925_h180_pad0.080] it  27 J=0.37796 A_min=0.3178 A_mean=0.4246 |g|=4.63e-03 bin=0.022 S_flip=0.430 t=39s
[P925_h180_pad0.080] it  28 J=0.37902 A_min=0.3191 A_mean=0.4248 |g|=4.37e-03 bin=0.021 S_flip=0.435 t=41s
[P925_h180_pad0.080] it  29 J=0.38010 A_min=0.3206 A_mean=0.4249 |g|=3.98e-03 bin=0.020 S_flip=0.441 t=42s
[P925_h180_pad0.080] it  30 J=0.38113 A_min=0.3222 A_mean=0.4247 |g|=3.60e-03 bin=0.020 S_flip=0.446 t=44s
[P925_h180_pad0.080] it  31 J=0.38207 A_min=0.3237 A_mean=0.4243 |g|=3.35e-03 bin=0.019 S_flip=0.452 t=45s
[P925_h180_pad0.080] it  32 J=0.38292 A_min=0.3253 A_mean=0.4238 |g|=3.29e-03 bin=0.018 S_flip=0.457 t=47s
[P925_h180_pad0.080] it  33 J=0.38369 A_min=0.3268 A_mean=0.4233 |g|=3.40e-03 bin=0.017 S_flip=0.462 t=48s
[P925_h180_pad0.080] it  34 J=0.38442 A_min=0.3281 A_mean=0.4228 |g|=3.62e-03 bin=0.017 S_flip=0.466 t=50s
[P925_h180_pad0.080] it  35 J=0.38513 A_min=0.3293 A_mean=0.4226 |g|=3.85e-03 bin=0.016 S_flip=0.470 t=51s
[P925_h180_pad0.080] it  36 J=0.38587 A_min=0.3304 A_mean=0.4225 |g|=4.05e-03 bin=0.015 S_flip=0.473 t=53s
[P925_h180_pad0.080] it  37 J=0.38666 A_min=0.3314 A_mean=0.4226 |g|=4.14e-03 bin=0.015 S_flip=0.476 t=55s
[P925_h180_pad0.080] it  38 J=0.38750 A_min=0.3323 A_mean=0.4227 |g|=3.97e-03 bin=0.014 S_flip=0.479 t=56s
[P925_h180_pad0.080] it  39 J=0.38832 A_min=0.3332 A_mean=0.4230 |g|=3.50e-03 bin=0.013 S_flip=0.482 t=58s
[P925_h180_pad0.080] it  40 J=0.38906 A_min=0.3339 A_mean=0.4232 |g|=3.06e-03 bin=0.012 S_flip=0.484 t=59s
[P925_h180_pad0.080] it  41 J=0.38972 A_min=0.3346 A_mean=0.4234 |g|=2.75e-03 bin=0.012 S_flip=0.485 t=61s
[P925_h180_pad0.080] it  42 J=0.39032 A_min=0.3352 A_mean=0.4236 |g|=2.64e-03 bin=0.011 S_flip=0.486 t=62s
[P925_h180_pad0.080] it  43 J=0.39091 A_min=0.3359 A_mean=0.4237 |g|=2.73e-03 bin=0.011 S_flip=0.487 t=64s
[P925_h180_pad0.080] it  44 J=0.39149 A_min=0.3367 A_mean=0.4238 |g|=2.74e-03 bin=0.010 S_flip=0.489 t=65s
[P925_h180_pad0.080] it  45 J=0.39207 A_min=0.3374 A_mean=0.4238 |g|=2.72e-03 bin=0.010 S_flip=0.490 t=67s
[P925_h180_pad0.080] it  46 J=0.39263 A_min=0.3382 A_mean=0.4239 |g|=2.74e-03 bin=0.009 S_flip=0.491 t=68s
[P925_h180_pad0.080] it  47 J=0.39316 A_min=0.3388 A_mean=0.4240 |g|=2.42e-03 bin=0.009 S_flip=0.492 t=70s
[P925_h180_pad0.080] it  48 J=0.39362 A_min=0.3393 A_mean=0.4242 |g|=2.57e-03 bin=0.008 S_flip=0.493 t=72s
[P925_h180_pad0.080] it  49 J=0.39413 A_min=0.3399 A_mean=0.4244 |g|=2.74e-03 bin=0.008 S_flip=0.494 t=73s
[P925_h180_pad0.080] it  50 J=0.39465 A_min=0.3406 A_mean=0.4246 |g|=3.00e-03 bin=0.008 S_flip=0.495 t=75s
[P925_h180_pad0.080] it  51 J=0.39524 A_min=0.3414 A_mean=0.4248 |g|=3.00e-03 bin=0.008 S_flip=0.496 t=76s
[P925_h180_pad0.080] it  52 J=0.39582 A_min=0.3422 A_mean=0.4251 |g|=2.95e-03 bin=0.007 S_flip=0.498 t=78s
[P925_h180_pad0.080] it  53 J=0.39637 A_min=0.3429 A_mean=0.4253 |g|=2.46e-03 bin=0.007 S_flip=0.500 t=79s
[P925_h180_pad0.080] it  54 J=0.39678 A_min=0.3434 A_mean=0.4256 |g|=2.12e-03 bin=0.006 S_flip=0.502 t=81s
[P925_h180_pad0.080] it  55 J=0.39715 A_min=0.3437 A_mean=0.4260 |g|=2.08e-03 bin=0.006 S_flip=0.502 t=83s
[P925_h180_pad0.080] it  56 J=0.39751 A_min=0.3442 A_mean=0.4262 |g|=2.07e-03 bin=0.005 S_flip=0.503 t=84s
[P925_h180_pad0.080] it  57 J=0.39786 A_min=0.3446 A_mean=0.4264 |g|=2.34e-03 bin=0.005 S_flip=0.504 t=86s
[P925_h180_pad0.080] it  58 J=0.39829 A_min=0.3453 A_mean=0.4265 |g|=2.68e-03 bin=0.005 S_flip=0.506 t=87s
[P925_h180_pad0.080] it  59 J=0.39865 A_min=0.3459 A_mean=0.4266 |g|=2.31e-03 bin=0.005 S_flip=0.507 t=88s
[P925_h180_pad0.080] it  60 J=0.39899 A_min=0.3463 A_mean=0.4269 |g|=2.48e-03 bin=0.004 S_flip=0.507 t=90s
[P925_h180_pad0.080] it  61 J=0.39933 A_min=0.3467 A_mean=0.4271 |g|=2.29e-03 bin=0.004 S_flip=0.508 t=92s
[P925_h180_pad0.080] it  62 J=0.39965 A_min=0.3471 A_mean=0.4274 |g|=2.13e-03 bin=0.004 S_flip=0.508 t=93s
[P925_h180_pad0.080] it  63 J=0.39990 A_min=0.3473 A_mean=0.4277 |g|=1.89e-03 bin=0.004 S_flip=0.509 t=95s
[P925_h180_pad0.080] it  64 J=0.40015 A_min=0.3474 A_mean=0.4281 |g|=2.15e-03 bin=0.004 S_flip=0.509 t=96s
[P925_h180_pad0.080] it  65 J=0.40039 A_min=0.3476 A_mean=0.4285 |g|=1.72e-03 bin=0.004 S_flip=0.510 t=98s
[P925_h180_pad0.080] it  66 J=0.40057 A_min=0.3476 A_mean=0.4288 |g|=1.77e-03 bin=0.004 S_flip=0.510 t=99s
[P925_h180_pad0.080] it  67 J=0.40078 A_min=0.3478 A_mean=0.4292 |g|=2.33e-03 bin=0.004 S_flip=0.510 t=101s
[P925_h180_pad0.080] it  68 J=0.40111 A_min=0.3481 A_mean=0.4295 |g|=3.74e-03 bin=0.004 S_flip=0.510 t=102s
[P925_h180_pad0.080] it  69 J=0.40155 A_min=0.3487 A_mean=0.4297 |g|=3.61e-03 bin=0.004 S_flip=0.511 t=104s
[P925_h180_pad0.080] it  70 J=0.40193 A_min=0.3491 A_mean=0.4299 |g|=2.48e-03 bin=0.003 S_flip=0.511 t=105s
[P925_h180_pad0.080] it  71 J=0.40217 A_min=0.3493 A_mean=0.4301 |g|=2.22e-03 bin=0.003 S_flip=0.511 t=106s
[P925_h180_pad0.080] it  72 J=0.40239 A_min=0.3495 A_mean=0.4304 |g|=1.99e-03 bin=0.003 S_flip=0.511 t=108s
[P925_h180_pad0.080] it  73 J=0.40260 A_min=0.3496 A_mean=0.4307 |g|=2.10e-03 bin=0.003 S_flip=0.511 t=109s
[P925_h180_pad0.080] it  74 J=0.40280 A_min=0.3497 A_mean=0.4309 |g|=1.95e-03 bin=0.002 S_flip=0.511 t=111s
[P925_h180_pad0.080] it  75 J=0.40298 A_min=0.3499 A_mean=0.4311 |g|=1.91e-03 bin=0.002 S_flip=0.511 t=112s
[P925_h180_pad0.080] it  76 J=0.40312 A_min=0.3499 A_mean=0.4313 |g|=1.73e-03 bin=0.002 S_flip=0.511 t=114s
[P925_h180_pad0.080] it  77 J=0.40322 A_min=0.3500 A_mean=0.4315 |g|=1.58e-03 bin=0.002 S_flip=0.511 t=115s
[P925_h180_pad0.080] it  78 J=0.40332 A_min=0.3500 A_mean=0.4317 |g|=1.62e-03 bin=0.002 S_flip=0.511 t=117s
[P925_h180_pad0.080] it  79 J=0.40344 A_min=0.3501 A_mean=0.4318 |g|=2.31e-03 bin=0.002 S_flip=0.511 t=118s
[P925_h180_pad0.080] it  80 J=0.40360 A_min=0.3502 A_mean=0.4320 |g|=2.95e-03 bin=0.002 S_flip=0.511 t=120s
[P925_h180_pad0.080] it  81 J=0.40377 A_min=0.3505 A_mean=0.4321 |g|=2.59e-03 bin=0.002 S_flip=0.512 t=121s
[P925_h180_pad0.080] it  82 J=0.40390 A_min=0.3506 A_mean=0.4322 |g|=1.51e-03 bin=0.002 S_flip=0.512 t=122s
[P925_h180_pad0.080] it  83 J=0.40398 A_min=0.3507 A_mean=0.4323 |g|=1.65e-03 bin=0.002 S_flip=0.512 t=124s
[P925_h180_pad0.080] it  84 J=0.40408 A_min=0.3508 A_mean=0.4324 |g|=2.94e-03 bin=0.002 S_flip=0.513 t=125s
[P925_h180_pad0.080] it  85 J=0.40424 A_min=0.3510 A_mean=0.4324 |g|=3.58e-03 bin=0.002 S_flip=0.513 t=127s
[P925_h180_pad0.080] it  86 J=0.40440 A_min=0.3513 A_mean=0.4325 |g|=2.64e-03 bin=0.002 S_flip=0.513 t=128s
[P925_h180_pad0.080] it  87 J=0.40452 A_min=0.3515 A_mean=0.4325 |g|=2.43e-03 bin=0.002 S_flip=0.514 t=129s
[P925_h180_pad0.080] it  88 J=0.40467 A_min=0.3517 A_mean=0.4326 |g|=4.11e-03 bin=0.002 S_flip=0.514 t=131s
[P925_h180_pad0.080] it  89 J=0.40485 A_min=0.3519 A_mean=0.4326 |g|=2.78e-03 bin=0.001 S_flip=0.514 t=132s
[P925_h180_pad0.080] it  90 J=0.40495 A_min=0.3520 A_mean=0.4328 |g|=2.36e-03 bin=0.001 S_flip=0.514 t=134s
[P925_h180_pad0.080] it  91 J=0.40503 A_min=0.3521 A_mean=0.4329 |g|=1.67e-03 bin=0.001 S_flip=0.514 t=135s
[P925_h180_pad0.080] it  92 J=0.40508 A_min=0.3521 A_mean=0.4329 |g|=1.35e-03 bin=0.001 S_flip=0.514 t=137s
[P925_h180_pad0.080] it  93 J=0.40513 A_min=0.3522 A_mean=0.4329 |g|=2.14e-03 bin=0.001 S_flip=0.514 t=138s
[P925_h180_pad0.080] it  94 J=0.40521 A_min=0.3523 A_mean=0.4330 |g|=3.55e-03 bin=0.001 S_flip=0.515 t=140s
[P925_h180_pad0.080] it  95 J=0.40529 A_min=0.3523 A_mean=0.4330 |g|=2.25e-03 bin=0.001 S_flip=0.515 t=141s
[P925_h180_pad0.080] it  96 J=0.40533 A_min=0.3524 A_mean=0.4331 |g|=1.30e-03 bin=0.001 S_flip=0.515 t=143s
[P925_h180_pad0.080] it  97 J=0.40535 A_min=0.3524 A_mean=0.4331 |g|=9.91e-04 bin=0.001 S_flip=0.514 t=144s
[P925_h180_pad0.080] it  98 J=0.40536 A_min=0.3524 A_mean=0.4332 |g|=8.24e-04 bin=0.000 S_flip=0.514 t=146s
[P925_h180_pad0.080] it  99 J=0.40537 A_min=0.3524 A_mean=0.4332 |g|=1.06e-03 bin=0.000 S_flip=0.514 t=147s
[P925_h180_pad0.080] it 100 J=0.40538 A_min=0.3524 A_mean=0.4332 |g|=1.93e-03 bin=0.000 S_flip=0.514 t=149s
[P925_h180_pad0.080] it 101 J=0.40541 A_min=0.3524 A_mean=0.4332 |g|=2.71e-03 bin=0.000 S_flip=0.514 t=150s
[P925_h180_pad0.080] it 102 J=0.40543 A_min=0.3525 A_mean=0.4332 |g|=2.14e-03 bin=0.000 S_flip=0.515 t=152s
[P925_h180_pad0.080] it 103 J=0.40545 A_min=0.3525 A_mean=0.4331 |g|=1.76e-03 bin=0.000 S_flip=0.515 t=153s
[P925_h180_pad0.080] it 104 J=0.40547 A_min=0.3525 A_mean=0.4331 |g|=2.15e-03 bin=0.001 S_flip=0.515 t=154s
[P925_h180_pad0.080] it 105 J=0.40549 A_min=0.3526 A_mean=0.4331 |g|=2.64e-03 bin=0.001 S_flip=0.515 t=156s
[P925_h180_pad0.080] it 106 J=0.40551 A_min=0.3526 A_mean=0.4331 |g|=2.37e-03 bin=0.001 S_flip=0.515 t=157s
[P925_h180_pad0.080] it 107 J=0.40553 A_min=0.3527 A_mean=0.4331 |g|=1.80e-03 bin=0.000 S_flip=0.515 t=159s
[P925_h180_pad0.080] it 108 J=0.40554 A_min=0.3527 A_mean=0.4331 |g|=1.64e-03 bin=0.000 S_flip=0.515 t=160s
[P925_h180_pad0.080] it 109 J=0.40555 A_min=0.3527 A_mean=0.4331 |g|=1.71e-03 bin=0.000 S_flip=0.515 t=162s
[P925_h180_pad0.080] it 110 J=0.40555 A_min=0.3527 A_mean=0.4331 |g|=1.84e-03 bin=0.000 S_flip=0.515 t=163s
[P925_h180_pad0.080] it 111 J=0.40556 A_min=0.3527 A_mean=0.4331 |g|=1.87e-03 bin=0.000 S_flip=0.515 t=165s
[P925_h180_pad0.080] it 112 J=0.40556 A_min=0.3528 A_mean=0.4331 |g|=1.78e-03 bin=0.000 S_flip=0.515 t=166s
[P925_h180_pad0.080] it 113 J=0.40557 A_min=0.3528 A_mean=0.4330 |g|=1.61e-03 bin=0.000 S_flip=0.515 t=168s
[P925_h180_pad0.080] it 114 J=0.40557 A_min=0.3528 A_mean=0.4330 |g|=1.43e-03 bin=0.000 S_flip=0.515 t=169s
[P925_h180_pad0.080] it 115 J=0.40557 A_min=0.3528 A_mean=0.4330 |g|=1.27e-03 bin=0.000 S_flip=0.515 t=171s
[P925_h180_pad0.080] it 116 J=0.40557 A_min=0.3528 A_mean=0.4330 |g|=1.17e-03 bin=0.000 S_flip=0.515 t=172s
[P925_h180_pad0.080] it 117 J=0.40557 A_min=0.3528 A_mean=0.4330 |g|=1.10e-03 bin=0.000 S_flip=0.515 t=174s
[P925_h180_pad0.080] it 118 J=0.40558 A_min=0.3528 A_mean=0.4330 |g|=1.07e-03 bin=0.000 S_flip=0.515 t=175s
[P925_h180_pad0.080] it 119 J=0.40558 A_min=0.3528 A_mean=0.4330 |g|=1.05e-03 bin=0.000 S_flip=0.515 t=177s
[P925_h180_pad0.080] done: J_soft=0.40558 J_hard=0.40557 A_hard=[0.4847, 0.4615, 0.3528] S_flip=0.515 wall=179s
[P925_h200_pad0.110] it   0 J=0.31943 A_min=0.2813 A_mean=0.3463 |g|=1.87e-02 bin=0.086 S_flip=0.354 t=1s
[P925_h200_pad0.110] it   1 J=0.34086 A_min=0.3178 A_mean=0.3666 |g|=2.10e-02 bin=0.078 S_flip=0.336 t=3s
[P925_h200_pad0.110] it   2 J=0.36102 A_min=0.3171 A_mean=0.3891 |g|=1.62e-02 bin=0.070 S_flip=0.318 t=4s
[P925_h200_pad0.110] it   3 J=0.37189 A_min=0.3162 A_mean=0.4068 |g|=5.35e-03 bin=0.063 S_flip=0.300 t=6s
[P925_h200_pad0.110] it   4 J=0.37217 A_min=0.3153 A_mean=0.4094 |g|=5.83e-03 bin=0.058 S_flip=0.286 t=7s
[P925_h200_pad0.110] it   5 J=0.36751 A_min=0.3146 A_mean=0.4005 |g|=1.34e-02 bin=0.053 S_flip=0.279 t=9s
[P925_h200_pad0.110] it   6 J=0.36409 A_min=0.3144 A_mean=0.3937 |g|=1.69e-02 bin=0.050 S_flip=0.281 t=10s
[P925_h200_pad0.110] it   7 J=0.36398 A_min=0.3145 A_mean=0.3936 |g|=1.71e-02 bin=0.047 S_flip=0.287 t=12s
[P925_h200_pad0.110] it   8 J=0.36632 A_min=0.3148 A_mean=0.3985 |g|=1.49e-02 bin=0.045 S_flip=0.297 t=13s
[P925_h200_pad0.110] it   9 J=0.36958 A_min=0.3152 A_mean=0.4053 |g|=1.15e-02 bin=0.042 S_flip=0.308 t=14s
[P925_h200_pad0.110] it  10 J=0.37253 A_min=0.3158 A_mean=0.4116 |g|=7.92e-03 bin=0.041 S_flip=0.319 t=16s
[P925_h200_pad0.110] it  11 J=0.37460 A_min=0.3163 A_mean=0.4156 |g|=4.70e-03 bin=0.039 S_flip=0.330 t=17s
[P925_h200_pad0.110] it  12 J=0.37568 A_min=0.3169 A_mean=0.4172 |g|=2.33e-03 bin=0.037 S_flip=0.341 t=19s
[P925_h200_pad0.110] it  13 J=0.37595 A_min=0.3174 A_mean=0.4170 |g|=2.13e-03 bin=0.035 S_flip=0.350 t=21s
[P925_h200_pad0.110] it  14 J=0.37569 A_min=0.3179 A_mean=0.4159 |g|=3.52e-03 bin=0.034 S_flip=0.358 t=22s
[P925_h200_pad0.110] it  15 J=0.37525 A_min=0.3183 A_mean=0.4147 |g|=4.80e-03 bin=0.032 S_flip=0.365 t=24s
[P925_h200_pad0.110] it  16 J=0.37489 A_min=0.3186 A_mean=0.4139 |g|=5.67e-03 bin=0.031 S_flip=0.371 t=25s
[P925_h200_pad0.110] it  17 J=0.37480 A_min=0.3189 A_mean=0.4137 |g|=6.08e-03 bin=0.029 S_flip=0.375 t=27s
[P925_h200_pad0.110] it  18 J=0.37504 A_min=0.3190 A_mean=0.4143 |g|=6.07e-03 bin=0.028 S_flip=0.378 t=28s
[P925_h200_pad0.110] it  19 J=0.37556 A_min=0.3192 A_mean=0.4154 |g|=5.72e-03 bin=0.027 S_flip=0.380 t=30s
[P925_h200_pad0.110] it  20 J=0.37627 A_min=0.3192 A_mean=0.4170 |g|=5.08e-03 bin=0.026 S_flip=0.382 t=32s
[P925_h200_pad0.110] it  21 J=0.37705 A_min=0.3193 A_mean=0.4188 |g|=4.22e-03 bin=0.025 S_flip=0.383 t=33s
[P925_h200_pad0.110] it  22 J=0.37777 A_min=0.3192 A_mean=0.4206 |g|=3.29e-03 bin=0.023 S_flip=0.384 t=35s
[P925_h200_pad0.110] it  23 J=0.37835 A_min=0.3192 A_mean=0.4222 |g|=2.43e-03 bin=0.022 S_flip=0.385 t=36s
[P925_h200_pad0.110] it  24 J=0.37878 A_min=0.3192 A_mean=0.4236 |g|=1.88e-03 bin=0.021 S_flip=0.386 t=38s
[P925_h200_pad0.110] it  25 J=0.37908 A_min=0.3192 A_mean=0.4245 |g|=1.80e-03 bin=0.020 S_flip=0.387 t=39s
[P925_h200_pad0.110] it  26 J=0.37928 A_min=0.3192 A_mean=0.4252 |g|=2.07e-03 bin=0.019 S_flip=0.388 t=41s
[P925_h200_pad0.110] it  27 J=0.37944 A_min=0.3193 A_mean=0.4257 |g|=2.40e-03 bin=0.018 S_flip=0.389 t=43s
[P925_h200_pad0.110] it  28 J=0.37961 A_min=0.3194 A_mean=0.4262 |g|=2.66e-03 bin=0.017 S_flip=0.390 t=44s
[P925_h200_pad0.110] it  29 J=0.37982 A_min=0.3196 A_mean=0.4266 |g|=2.80e-03 bin=0.016 S_flip=0.391 t=46s
[P925_h200_pad0.110] it  30 J=0.38007 A_min=0.3198 A_mean=0.4270 |g|=2.84e-03 bin=0.015 S_flip=0.393 t=48s
[P925_h200_pad0.110] it  31 J=0.38038 A_min=0.3200 A_mean=0.4275 |g|=2.78e-03 bin=0.015 S_flip=0.395 t=49s
[P925_h200_pad0.110] it  32 J=0.38072 A_min=0.3203 A_mean=0.4280 |g|=2.66e-03 bin=0.014 S_flip=0.397 t=51s
[P925_h200_pad0.110] it  33 J=0.38108 A_min=0.3207 A_mean=0.4285 |g|=2.50e-03 bin=0.013 S_flip=0.400 t=52s
[P925_h200_pad0.110] it  34 J=0.38146 A_min=0.3210 A_mean=0.4289 |g|=2.35e-03 bin=0.013 S_flip=0.402 t=54s
[P925_h200_pad0.110] it  35 J=0.38183 A_min=0.3214 A_mean=0.4293 |g|=2.20e-03 bin=0.013 S_flip=0.405 t=55s
[P925_h200_pad0.110] it  36 J=0.38219 A_min=0.3219 A_mean=0.4296 |g|=2.05e-03 bin=0.012 S_flip=0.407 t=57s
[P925_h200_pad0.110] it  37 J=0.38252 A_min=0.3223 A_mean=0.4298 |g|=1.98e-03 bin=0.012 S_flip=0.410 t=58s
[P925_h200_pad0.110] it  38 J=0.38283 A_min=0.3227 A_mean=0.4299 |g|=1.94e-03 bin=0.011 S_flip=0.413 t=60s
[P925_h200_pad0.110] it  39 J=0.38311 A_min=0.3232 A_mean=0.4300 |g|=2.03e-03 bin=0.011 S_flip=0.415 t=61s
[P925_h200_pad0.110] it  40 J=0.38340 A_min=0.3236 A_mean=0.4301 |g|=2.16e-03 bin=0.010 S_flip=0.417 t=62s
[P925_h200_pad0.110] it  41 J=0.38368 A_min=0.3240 A_mean=0.4302 |g|=2.28e-03 bin=0.010 S_flip=0.419 t=64s
[P925_h200_pad0.110] it  42 J=0.38399 A_min=0.3245 A_mean=0.4304 |g|=2.40e-03 bin=0.010 S_flip=0.421 t=65s
[P925_h200_pad0.110] it  43 J=0.38431 A_min=0.3249 A_mean=0.4306 |g|=2.43e-03 bin=0.009 S_flip=0.422 t=67s
[P925_h200_pad0.110] it  44 J=0.38463 A_min=0.3253 A_mean=0.4308 |g|=2.46e-03 bin=0.009 S_flip=0.424 t=68s
[P925_h200_pad0.110] it  45 J=0.38497 A_min=0.3257 A_mean=0.4310 |g|=2.44e-03 bin=0.008 S_flip=0.425 t=69s
[P925_h200_pad0.110] it  46 J=0.38530 A_min=0.3260 A_mean=0.4313 |g|=2.38e-03 bin=0.008 S_flip=0.426 t=71s
[P925_h200_pad0.110] it  47 J=0.38562 A_min=0.3263 A_mean=0.4316 |g|=2.37e-03 bin=0.008 S_flip=0.427 t=72s
[P925_h200_pad0.110] it  48 J=0.38595 A_min=0.3267 A_mean=0.4319 |g|=2.43e-03 bin=0.007 S_flip=0.428 t=74s
[P925_h200_pad0.110] it  49 J=0.38630 A_min=0.3270 A_mean=0.4322 |g|=2.41e-03 bin=0.007 S_flip=0.428 t=75s
[P925_h200_pad0.110] it  50 J=0.38663 A_min=0.3273 A_mean=0.4324 |g|=2.38e-03 bin=0.007 S_flip=0.429 t=77s
[P925_h200_pad0.110] it  51 J=0.38699 A_min=0.3277 A_mean=0.4327 |g|=2.69e-03 bin=0.007 S_flip=0.430 t=78s
[P925_h200_pad0.110] it  52 J=0.38739 A_min=0.3282 A_mean=0.4329 |g|=2.73e-03 bin=0.006 S_flip=0.431 t=80s
[P925_h200_pad0.110] it  53 J=0.38777 A_min=0.3286 A_mean=0.4332 |g|=2.64e-03 bin=0.006 S_flip=0.432 t=81s
[P925_h200_pad0.110] it  54 J=0.38815 A_min=0.3289 A_mean=0.4335 |g|=2.77e-03 bin=0.006 S_flip=0.433 t=83s
[P925_h200_pad0.110] it  55 J=0.38854 A_min=0.3293 A_mean=0.4338 |g|=2.80e-03 bin=0.005 S_flip=0.434 t=84s
[P925_h200_pad0.110] it  56 J=0.38891 A_min=0.3297 A_mean=0.4341 |g|=2.66e-03 bin=0.005 S_flip=0.435 t=86s
[P925_h200_pad0.110] it  57 J=0.38926 A_min=0.3300 A_mean=0.4343 |g|=2.53e-03 bin=0.005 S_flip=0.437 t=87s
[P925_h200_pad0.110] it  58 J=0.38960 A_min=0.3304 A_mean=0.4345 |g|=2.68e-03 bin=0.005 S_flip=0.438 t=89s
[P925_h200_pad0.110] it  59 J=0.38997 A_min=0.3308 A_mean=0.4347 |g|=2.65e-03 bin=0.004 S_flip=0.439 t=90s
[P925_h200_pad0.110] it  60 J=0.39030 A_min=0.3312 A_mean=0.4348 |g|=2.17e-03 bin=0.004 S_flip=0.440 t=92s
[P925_h200_pad0.110] it  61 J=0.39060 A_min=0.3316 A_mean=0.4348 |g|=2.74e-03 bin=0.004 S_flip=0.441 t=93s
[P925_h200_pad0.110] it  62 J=0.39103 A_min=0.3323 A_mean=0.4348 |g|=3.06e-03 bin=0.004 S_flip=0.443 t=95s
[P925_h200_pad0.110] it  63 J=0.39135 A_min=0.3328 A_mean=0.4347 |g|=2.06e-03 bin=0.004 S_flip=0.445 t=96s
[P925_h200_pad0.110] it  64 J=0.39163 A_min=0.3332 A_mean=0.4348 |g|=2.19e-03 bin=0.004 S_flip=0.446 t=98s
[P925_h200_pad0.110] it  65 J=0.39192 A_min=0.3336 A_mean=0.4348 |g|=2.67e-03 bin=0.003 S_flip=0.448 t=99s
[P925_h200_pad0.110] it  66 J=0.39224 A_min=0.3340 A_mean=0.4348 |g|=2.42e-03 bin=0.003 S_flip=0.449 t=101s
[P925_h200_pad0.110] it  67 J=0.39252 A_min=0.3345 A_mean=0.4347 |g|=2.57e-03 bin=0.003 S_flip=0.450 t=102s
[P925_h200_pad0.110] it  68 J=0.39278 A_min=0.3349 A_mean=0.4347 |g|=2.08e-03 bin=0.003 S_flip=0.451 t=104s
[P925_h200_pad0.110] it  69 J=0.39300 A_min=0.3352 A_mean=0.4347 |g|=2.52e-03 bin=0.003 S_flip=0.452 t=105s
[P925_h200_pad0.110] it  70 J=0.39330 A_min=0.3357 A_mean=0.4346 |g|=3.06e-03 bin=0.003 S_flip=0.453 t=107s
[P925_h200_pad0.110] it  71 J=0.39363 A_min=0.3362 A_mean=0.4345 |g|=2.68e-03 bin=0.002 S_flip=0.455 t=108s
[P925_h200_pad0.110] it  72 J=0.39385 A_min=0.3365 A_mean=0.4346 |g|=2.12e-03 bin=0.002 S_flip=0.455 t=110s
[P925_h200_pad0.110] it  73 J=0.39404 A_min=0.3367 A_mean=0.4346 |g|=2.46e-03 bin=0.002 S_flip=0.456 t=111s
[P925_h200_pad0.110] it  74 J=0.39433 A_min=0.3371 A_mean=0.4345 |g|=3.63e-03 bin=0.002 S_flip=0.457 t=113s
[P925_h200_pad0.110] it  75 J=0.39467 A_min=0.3376 A_mean=0.4345 |g|=3.36e-03 bin=0.002 S_flip=0.458 t=114s
[P925_h200_pad0.110] it  76 J=0.39492 A_min=0.3379 A_mean=0.4346 |g|=2.82e-03 bin=0.002 S_flip=0.458 t=116s
[P925_h200_pad0.110] it  77 J=0.39513 A_min=0.3381 A_mean=0.4347 |g|=2.75e-03 bin=0.002 S_flip=0.458 t=117s
[P925_h200_pad0.110] it  78 J=0.39538 A_min=0.3383 A_mean=0.4348 |g|=3.17e-03 bin=0.002 S_flip=0.459 t=119s
[P925_h200_pad0.110] it  79 J=0.39561 A_min=0.3385 A_mean=0.4350 |g|=3.54e-03 bin=0.002 S_flip=0.459 t=120s
[P925_h200_pad0.110] it  80 J=0.39589 A_min=0.3387 A_mean=0.4351 |g|=3.80e-03 bin=0.002 S_flip=0.460 t=122s
[P925_h200_pad0.110] it  81 J=0.39617 A_min=0.3391 A_mean=0.4351 |g|=2.54e-03 bin=0.002 S_flip=0.461 t=123s
[P925_h200_pad0.110] it  82 J=0.39632 A_min=0.3393 A_mean=0.4351 |g|=2.59e-03 bin=0.002 S_flip=0.462 t=125s
[P925_h200_pad0.110] it  83 J=0.39649 A_min=0.3397 A_mean=0.4350 |g|=3.01e-03 bin=0.001 S_flip=0.462 t=126s
[P925_h200_pad0.110] it  84 J=0.39670 A_min=0.3400 A_mean=0.4349 |g|=2.66e-03 bin=0.001 S_flip=0.463 t=128s
[P925_h200_pad0.110] it  85 J=0.39679 A_min=0.3401 A_mean=0.4349 |g|=1.72e-03 bin=0.001 S_flip=0.463 t=129s
[P925_h200_pad0.110] it  86 J=0.39685 A_min=0.3402 A_mean=0.4349 |g|=1.80e-03 bin=0.001 S_flip=0.463 t=131s
[P925_h200_pad0.110] it  87 J=0.39694 A_min=0.3404 A_mean=0.4349 |g|=2.55e-03 bin=0.001 S_flip=0.464 t=132s
[P925_h200_pad0.110] it  88 J=0.39705 A_min=0.3406 A_mean=0.4348 |g|=2.36e-03 bin=0.001 S_flip=0.464 t=134s
[P925_h200_pad0.110] it  89 J=0.39719 A_min=0.3408 A_mean=0.4347 |g|=4.12e-03 bin=0.001 S_flip=0.464 t=136s
[P925_h200_pad0.110] it  90 J=0.39739 A_min=0.3412 A_mean=0.4347 |g|=4.63e-03 bin=0.001 S_flip=0.465 t=137s
[P925_h200_pad0.110] it  91 J=0.39755 A_min=0.3414 A_mean=0.4347 |g|=3.35e-03 bin=0.001 S_flip=0.465 t=139s
[P925_h200_pad0.110] it  92 J=0.39770 A_min=0.3416 A_mean=0.4347 |g|=3.02e-03 bin=0.001 S_flip=0.465 t=141s
[P925_h200_pad0.110] it  93 J=0.39780 A_min=0.3417 A_mean=0.4347 |g|=2.11e-03 bin=0.001 S_flip=0.465 t=142s
[P925_h200_pad0.110] it  94 J=0.39786 A_min=0.3418 A_mean=0.4347 |g|=1.69e-03 bin=0.001 S_flip=0.465 t=144s
[P925_h200_pad0.110] it  95 J=0.39791 A_min=0.3419 A_mean=0.4348 |g|=1.67e-03 bin=0.001 S_flip=0.466 t=146s
[P925_h200_pad0.110] it  96 J=0.39794 A_min=0.3419 A_mean=0.4348 |g|=1.01e-03 bin=0.000 S_flip=0.466 t=147s
[P925_h200_pad0.110] it  97 J=0.39796 A_min=0.3419 A_mean=0.4348 |g|=1.08e-03 bin=0.000 S_flip=0.466 t=149s
[P925_h200_pad0.110] it  98 J=0.39798 A_min=0.3419 A_mean=0.4348 |g|=1.79e-03 bin=0.000 S_flip=0.466 t=150s
[P925_h200_pad0.110] it  99 J=0.39802 A_min=0.3420 A_mean=0.4348 |g|=3.45e-03 bin=0.000 S_flip=0.466 t=152s
[P925_h200_pad0.110] it 100 J=0.39808 A_min=0.3421 A_mean=0.4348 |g|=3.32e-03 bin=0.000 S_flip=0.466 t=154s
[P925_h200_pad0.110] it 101 J=0.39814 A_min=0.3421 A_mean=0.4349 |g|=3.56e-03 bin=0.000 S_flip=0.466 t=155s
[P925_h200_pad0.110] it 102 J=0.39820 A_min=0.3422 A_mean=0.4349 |g|=4.18e-03 bin=0.001 S_flip=0.466 t=157s
[P925_h200_pad0.110] it 103 J=0.39825 A_min=0.3423 A_mean=0.4348 |g|=1.77e-03 bin=0.000 S_flip=0.466 t=158s
[P925_h200_pad0.110] it 104 J=0.39827 A_min=0.3423 A_mean=0.4348 |g|=1.21e-03 bin=0.000 S_flip=0.466 t=160s
[P925_h200_pad0.110] it 105 J=0.39827 A_min=0.3423 A_mean=0.4348 |g|=1.13e-03 bin=0.000 S_flip=0.466 t=161s
[P925_h200_pad0.110] it 106 J=0.39828 A_min=0.3423 A_mean=0.4348 |g|=1.18e-03 bin=0.000 S_flip=0.466 t=163s
[P925_h200_pad0.110] it 107 J=0.39829 A_min=0.3423 A_mean=0.4348 |g|=1.31e-03 bin=0.000 S_flip=0.466 t=165s
[P925_h200_pad0.110] it 108 J=0.39829 A_min=0.3424 A_mean=0.4348 |g|=1.47e-03 bin=0.000 S_flip=0.466 t=166s
[P925_h200_pad0.110] it 109 J=0.39830 A_min=0.3424 A_mean=0.4348 |g|=1.61e-03 bin=0.000 S_flip=0.466 t=168s
[P925_h200_pad0.110] it 110 J=0.39830 A_min=0.3424 A_mean=0.4348 |g|=1.70e-03 bin=0.000 S_flip=0.466 t=169s
[P925_h200_pad0.110] it 111 J=0.39831 A_min=0.3424 A_mean=0.4348 |g|=1.74e-03 bin=0.000 S_flip=0.466 t=171s
[P925_h200_pad0.110] it 112 J=0.39831 A_min=0.3424 A_mean=0.4348 |g|=1.75e-03 bin=0.000 S_flip=0.466 t=172s
[P925_h200_pad0.110] it 113 J=0.39832 A_min=0.3424 A_mean=0.4348 |g|=1.76e-03 bin=0.000 S_flip=0.466 t=174s
[P925_h200_pad0.110] it 114 J=0.39832 A_min=0.3424 A_mean=0.4348 |g|=1.80e-03 bin=0.000 S_flip=0.466 t=175s
[P925_h200_pad0.110] it 115 J=0.39832 A_min=0.3424 A_mean=0.4348 |g|=1.85e-03 bin=0.000 S_flip=0.466 t=177s
[P925_h200_pad0.110] it 116 J=0.39832 A_min=0.3424 A_mean=0.4347 |g|=1.90e-03 bin=0.000 S_flip=0.466 t=178s
[P925_h200_pad0.110] it 117 J=0.39832 A_min=0.3424 A_mean=0.4347 |g|=1.95e-03 bin=0.000 S_flip=0.466 t=180s
[P925_h200_pad0.110] it 118 J=0.39832 A_min=0.3425 A_mean=0.4347 |g|=1.99e-03 bin=0.000 S_flip=0.466 t=181s
[P925_h200_pad0.110] it 119 J=0.39832 A_min=0.3425 A_mean=0.4347 |g|=2.01e-03 bin=0.000 S_flip=0.466 t=183s
[P925_h200_pad0.110] done: J_soft=0.39832 J_hard=0.39832 A_hard=[0.5054, 0.4566, 0.3424] S_flip=0.466 wall=185s
[P925_h200_pad0.050] it   0 J=0.37916 A_min=0.3209 A_mean=0.4230 |g|=6.34e-03 bin=0.097 S_flip=0.366 t=1s
[P925_h200_pad0.050] it   1 J=0.38000 A_min=0.3201 A_mean=0.4262 |g|=7.72e-03 bin=0.090 S_flip=0.358 t=3s
[P925_h200_pad0.050] it   2 J=0.38175 A_min=0.3215 A_mean=0.4287 |g|=6.46e-03 bin=0.086 S_flip=0.368 t=4s
[P925_h200_pad0.050] it   3 J=0.38373 A_min=0.3236 A_mean=0.4306 |g|=3.45e-03 bin=0.082 S_flip=0.383 t=6s
[P925_h200_pad0.050] it   4 J=0.38472 A_min=0.3257 A_mean=0.4299 |g|=4.53e-03 bin=0.079 S_flip=0.397 t=7s
[P925_h200_pad0.050] it   5 J=0.38578 A_min=0.3275 A_mean=0.4300 |g|=5.57e-03 bin=0.075 S_flip=0.407 t=9s
[P925_h200_pad0.050] it   6 J=0.38741 A_min=0.3289 A_mean=0.4317 |g|=4.91e-03 bin=0.071 S_flip=0.415 t=11s
[P925_h200_pad0.050] it   7 J=0.38920 A_min=0.3301 A_mean=0.4338 |g|=3.87e-03 bin=0.067 S_flip=0.420 t=12s
[P925_h200_pad0.050] it   8 J=0.39078 A_min=0.3314 A_mean=0.4353 |g|=3.79e-03 bin=0.064 S_flip=0.425 t=13s
[P925_h200_pad0.050] it   9 J=0.39220 A_min=0.3328 A_mean=0.4361 |g|=4.32e-03 bin=0.060 S_flip=0.431 t=15s
[P925_h200_pad0.050] it  10 J=0.39363 A_min=0.3345 A_mean=0.4365 |g|=4.57e-03 bin=0.057 S_flip=0.438 t=16s
[P925_h200_pad0.050] it  11 J=0.39515 A_min=0.3365 A_mean=0.4366 |g|=4.35e-03 bin=0.055 S_flip=0.445 t=18s
[P925_h200_pad0.050] it  12 J=0.39667 A_min=0.3387 A_mean=0.4365 |g|=3.91e-03 bin=0.052 S_flip=0.453 t=19s
[P925_h200_pad0.050] it  13 J=0.39812 A_min=0.3409 A_mean=0.4362 |g|=3.60e-03 bin=0.050 S_flip=0.462 t=21s
[P925_h200_pad0.050] it  14 J=0.39947 A_min=0.3431 A_mean=0.4359 |g|=3.60e-03 bin=0.047 S_flip=0.469 t=22s
[P925_h200_pad0.050] it  15 J=0.40076 A_min=0.3452 A_mean=0.4357 |g|=3.76e-03 bin=0.045 S_flip=0.476 t=23s
[P925_h200_pad0.050] it  16 J=0.40207 A_min=0.3471 A_mean=0.4358 |g|=3.85e-03 bin=0.043 S_flip=0.482 t=25s
[P925_h200_pad0.050] it  17 J=0.40341 A_min=0.3489 A_mean=0.4361 |g|=3.79e-03 bin=0.041 S_flip=0.487 t=26s
[P925_h200_pad0.050] it  18 J=0.40479 A_min=0.3505 A_mean=0.4366 |g|=3.66e-03 bin=0.039 S_flip=0.491 t=27s
[P925_h200_pad0.050] it  19 J=0.40617 A_min=0.3521 A_mean=0.4372 |g|=3.55e-03 bin=0.037 S_flip=0.495 t=29s
[P925_h200_pad0.050] it  20 J=0.40753 A_min=0.3536 A_mean=0.4378 |g|=3.52e-03 bin=0.035 S_flip=0.499 t=30s
[P925_h200_pad0.050] it  21 J=0.40887 A_min=0.3552 A_mean=0.4384 |g|=3.54e-03 bin=0.033 S_flip=0.502 t=32s
[P925_h200_pad0.050] it  22 J=0.41019 A_min=0.3569 A_mean=0.4391 |g|=3.54e-03 bin=0.032 S_flip=0.506 t=33s
[P925_h200_pad0.050] it  23 J=0.41151 A_min=0.3586 A_mean=0.4397 |g|=3.43e-03 bin=0.030 S_flip=0.510 t=34s
[P925_h200_pad0.050] it  24 J=0.41280 A_min=0.3604 A_mean=0.4403 |g|=3.29e-03 bin=0.029 S_flip=0.513 t=36s
[P925_h200_pad0.050] it  25 J=0.41405 A_min=0.3621 A_mean=0.4409 |g|=3.28e-03 bin=0.028 S_flip=0.517 t=37s
[P925_h200_pad0.050] it  26 J=0.41531 A_min=0.3638 A_mean=0.4416 |g|=3.40e-03 bin=0.027 S_flip=0.520 t=38s
[P925_h200_pad0.050] it  27 J=0.41660 A_min=0.3656 A_mean=0.4422 |g|=3.59e-03 bin=0.026 S_flip=0.523 t=40s
[P925_h200_pad0.050] it  28 J=0.41794 A_min=0.3672 A_mean=0.4429 |g|=3.68e-03 bin=0.025 S_flip=0.526 t=42s
[P925_h200_pad0.050] it  29 J=0.41930 A_min=0.3688 A_mean=0.4437 |g|=3.48e-03 bin=0.024 S_flip=0.529 t=43s
[P925_h200_pad0.050] it  30 J=0.42057 A_min=0.3702 A_mean=0.4444 |g|=3.19e-03 bin=0.022 S_flip=0.532 t=44s
[P925_h200_pad0.050] it  31 J=0.42173 A_min=0.3717 A_mean=0.4450 |g|=3.05e-03 bin=0.021 S_flip=0.536 t=46s
[P925_h200_pad0.050] it  32 J=0.42280 A_min=0.3733 A_mean=0.4455 |g|=2.91e-03 bin=0.020 S_flip=0.539 t=48s
[P925_h200_pad0.050] it  33 J=0.42375 A_min=0.3747 A_mean=0.4460 |g|=2.82e-03 bin=0.019 S_flip=0.541 t=49s
[P925_h200_pad0.050] it  34 J=0.42462 A_min=0.3759 A_mean=0.4464 |g|=2.85e-03 bin=0.018 S_flip=0.543 t=51s
[P925_h200_pad0.050] it  35 J=0.42545 A_min=0.3769 A_mean=0.4470 |g|=2.88e-03 bin=0.017 S_flip=0.545 t=52s
[P925_h200_pad0.050] it  36 J=0.42630 A_min=0.3778 A_mean=0.4476 |g|=2.92e-03 bin=0.017 S_flip=0.546 t=54s
[P925_h200_pad0.050] it  37 J=0.42721 A_min=0.3788 A_mean=0.4482 |g|=3.19e-03 bin=0.016 S_flip=0.548 t=55s
[P925_h200_pad0.050] it  38 J=0.42821 A_min=0.3798 A_mean=0.4489 |g|=3.58e-03 bin=0.016 S_flip=0.550 t=56s
[P925_h200_pad0.050] it  39 J=0.42926 A_min=0.3809 A_mean=0.4496 |g|=3.69e-03 bin=0.015 S_flip=0.552 t=58s
[P925_h200_pad0.050] it  40 J=0.43025 A_min=0.3820 A_mean=0.4503 |g|=3.62e-03 bin=0.015 S_flip=0.555 t=59s
[P925_h200_pad0.050] it  41 J=0.43116 A_min=0.3831 A_mean=0.4508 |g|=3.40e-03 bin=0.014 S_flip=0.558 t=61s
[P925_h200_pad0.050] it  42 J=0.43202 A_min=0.3843 A_mean=0.4513 |g|=3.12e-03 bin=0.013 S_flip=0.561 t=62s
[P925_h200_pad0.050] it  43 J=0.43287 A_min=0.3857 A_mean=0.4517 |g|=2.82e-03 bin=0.013 S_flip=0.564 t=64s
[P925_h200_pad0.050] it  44 J=0.43359 A_min=0.3871 A_mean=0.4519 |g|=2.90e-03 bin=0.012 S_flip=0.567 t=65s
[P925_h200_pad0.050] it  45 J=0.43423 A_min=0.3882 A_mean=0.4523 |g|=3.58e-03 bin=0.012 S_flip=0.569 t=66s
[P925_h200_pad0.050] it  46 J=0.43493 A_min=0.3891 A_mean=0.4529 |g|=3.89e-03 bin=0.012 S_flip=0.571 t=68s
[P925_h200_pad0.050] it  47 J=0.43566 A_min=0.3897 A_mean=0.4536 |g|=3.31e-03 bin=0.011 S_flip=0.572 t=69s
[P925_h200_pad0.050] it  48 J=0.43631 A_min=0.3901 A_mean=0.4544 |g|=2.69e-03 bin=0.010 S_flip=0.574 t=71s
[P925_h200_pad0.050] it  49 J=0.43689 A_min=0.3903 A_mean=0.4551 |g|=2.34e-03 bin=0.009 S_flip=0.575 t=72s
[P925_h200_pad0.050] it  50 J=0.43744 A_min=0.3905 A_mean=0.4558 |g|=2.40e-03 bin=0.009 S_flip=0.575 t=74s
[P925_h200_pad0.050] it  51 J=0.43797 A_min=0.3909 A_mean=0.4564 |g|=2.90e-03 bin=0.009 S_flip=0.575 t=75s
[P925_h200_pad0.050] it  52 J=0.43854 A_min=0.3914 A_mean=0.4569 |g|=3.49e-03 bin=0.009 S_flip=0.576 t=76s
[P925_h200_pad0.050] it  53 J=0.43917 A_min=0.3923 A_mean=0.4573 |g|=3.46e-03 bin=0.008 S_flip=0.577 t=78s
[P925_h200_pad0.050] it  54 J=0.43985 A_min=0.3932 A_mean=0.4578 |g|=3.66e-03 bin=0.008 S_flip=0.579 t=79s
[P925_h200_pad0.050] it  55 J=0.44060 A_min=0.3942 A_mean=0.4583 |g|=4.09e-03 bin=0.008 S_flip=0.581 t=80s
[P925_h200_pad0.050] it  56 J=0.44135 A_min=0.3951 A_mean=0.4588 |g|=3.36e-03 bin=0.008 S_flip=0.584 t=82s
[P925_h200_pad0.050] it  57 J=0.44196 A_min=0.3958 A_mean=0.4593 |g|=2.89e-03 bin=0.007 S_flip=0.586 t=83s
[P925_h200_pad0.050] it  58 J=0.44254 A_min=0.3964 A_mean=0.4598 |g|=3.06e-03 bin=0.007 S_flip=0.589 t=85s
[P925_h200_pad0.050] it  59 J=0.44315 A_min=0.3971 A_mean=0.4603 |g|=3.06e-03 bin=0.007 S_flip=0.591 t=86s
[P925_h200_pad0.050] it  60 J=0.44371 A_min=0.3979 A_mean=0.4608 |g|=2.84e-03 bin=0.006 S_flip=0.593 t=88s
[P925_h200_pad0.050] it  61 J=0.44418 A_min=0.3985 A_mean=0.4612 |g|=2.73e-03 bin=0.006 S_flip=0.595 t=89s
[P925_h200_pad0.050] it  62 J=0.44461 A_min=0.3991 A_mean=0.4615 |g|=2.93e-03 bin=0.005 S_flip=0.597 t=90s
[P925_h200_pad0.050] it  63 J=0.44502 A_min=0.3996 A_mean=0.4617 |g|=2.86e-03 bin=0.005 S_flip=0.598 t=92s
[P925_h200_pad0.050] it  64 J=0.44539 A_min=0.4001 A_mean=0.4620 |g|=2.73e-03 bin=0.005 S_flip=0.599 t=93s
[P925_h200_pad0.050] it  65 J=0.44575 A_min=0.4004 A_mean=0.4623 |g|=2.79e-03 bin=0.005 S_flip=0.600 t=95s
[P925_h200_pad0.050] it  66 J=0.44616 A_min=0.4008 A_mean=0.4626 |g|=3.09e-03 bin=0.005 S_flip=0.600 t=96s
[P925_h200_pad0.050] it  67 J=0.44661 A_min=0.4011 A_mean=0.4631 |g|=3.54e-03 bin=0.005 S_flip=0.600 t=98s
[P925_h200_pad0.050] it  68 J=0.44710 A_min=0.4016 A_mean=0.4635 |g|=3.43e-03 bin=0.004 S_flip=0.600 t=99s
[P925_h200_pad0.050] it  69 J=0.44751 A_min=0.4021 A_mean=0.4638 |g|=3.03e-03 bin=0.004 S_flip=0.601 t=101s
[P925_h200_pad0.050] it  70 J=0.44787 A_min=0.4027 A_mean=0.4640 |g|=2.49e-03 bin=0.004 S_flip=0.603 t=102s
[P925_h200_pad0.050] it  71 J=0.44817 A_min=0.4031 A_mean=0.4642 |g|=2.26e-03 bin=0.003 S_flip=0.604 t=104s
[P925_h200_pad0.050] it  72 J=0.44842 A_min=0.4034 A_mean=0.4643 |g|=2.06e-03 bin=0.003 S_flip=0.604 t=105s
[P925_h200_pad0.050] it  73 J=0.44861 A_min=0.4037 A_mean=0.4644 |g|=2.18e-03 bin=0.003 S_flip=0.604 t=107s
[P925_h200_pad0.050] it  74 J=0.44876 A_min=0.4039 A_mean=0.4644 |g|=2.29e-03 bin=0.003 S_flip=0.604 t=108s
[P925_h200_pad0.050] it  75 J=0.44892 A_min=0.4042 A_mean=0.4644 |g|=2.54e-03 bin=0.003 S_flip=0.604 t=110s
[P925_h200_pad0.050] it  76 J=0.44915 A_min=0.4046 A_mean=0.4645 |g|=3.48e-03 bin=0.003 S_flip=0.604 t=111s
[P925_h200_pad0.050] it  77 J=0.44949 A_min=0.4051 A_mean=0.4647 |g|=4.04e-03 bin=0.003 S_flip=0.604 t=113s
[P925_h200_pad0.050] it  78 J=0.44981 A_min=0.4056 A_mean=0.4649 |g|=2.91e-03 bin=0.003 S_flip=0.605 t=114s
[P925_h200_pad0.050] it  79 J=0.45005 A_min=0.4060 A_mean=0.4651 |g|=2.52e-03 bin=0.002 S_flip=0.606 t=115s
[P925_h200_pad0.050] it  80 J=0.45028 A_min=0.4063 A_mean=0.4653 |g|=3.73e-03 bin=0.002 S_flip=0.606 t=117s
[P925_h200_pad0.050] it  81 J=0.45057 A_min=0.4066 A_mean=0.4656 |g|=4.28e-03 bin=0.002 S_flip=0.607 t=118s
[P925_h200_pad0.050] it  82 J=0.45084 A_min=0.4069 A_mean=0.4658 |g|=2.43e-03 bin=0.002 S_flip=0.607 t=119s
[P925_h200_pad0.050] it  83 J=0.45097 A_min=0.4071 A_mean=0.4659 |g|=2.03e-03 bin=0.002 S_flip=0.607 t=121s
[P925_h200_pad0.050] it  84 J=0.45107 A_min=0.4072 A_mean=0.4659 |g|=2.32e-03 bin=0.002 S_flip=0.607 t=122s
[P925_h200_pad0.050] it  85 J=0.45117 A_min=0.4073 A_mean=0.4661 |g|=2.58e-03 bin=0.002 S_flip=0.607 t=123s
[P925_h200_pad0.050] it  86 J=0.45128 A_min=0.4074 A_mean=0.4662 |g|=2.34e-03 bin=0.002 S_flip=0.608 t=125s
[P925_h200_pad0.050] it  87 J=0.45140 A_min=0.4075 A_mean=0.4663 |g|=3.09e-03 bin=0.002 S_flip=0.608 t=126s
[P925_h200_pad0.050] it  88 J=0.45157 A_min=0.4077 A_mean=0.4664 |g|=3.86e-03 bin=0.002 S_flip=0.609 t=127s
[P925_h200_pad0.050] it  89 J=0.45175 A_min=0.4079 A_mean=0.4666 |g|=3.05e-03 bin=0.002 S_flip=0.609 t=129s
[P925_h200_pad0.050] it  90 J=0.45189 A_min=0.4080 A_mean=0.4667 |g|=2.11e-03 bin=0.001 S_flip=0.610 t=130s
[P925_h200_pad0.050] it  91 J=0.45197 A_min=0.4081 A_mean=0.4668 |g|=1.93e-03 bin=0.001 S_flip=0.610 t=132s
[P925_h200_pad0.050] it  92 J=0.45204 A_min=0.4082 A_mean=0.4668 |g|=2.05e-03 bin=0.001 S_flip=0.610 t=133s
[P925_h200_pad0.050] it  93 J=0.45210 A_min=0.4082 A_mean=0.4669 |g|=2.39e-03 bin=0.001 S_flip=0.610 t=134s
[P925_h200_pad0.050] it  94 J=0.45218 A_min=0.4083 A_mean=0.4670 |g|=2.95e-03 bin=0.001 S_flip=0.610 t=136s
[P925_h200_pad0.050] it  95 J=0.45228 A_min=0.4084 A_mean=0.4670 |g|=3.48e-03 bin=0.001 S_flip=0.610 t=137s
[P925_h200_pad0.050] it  96 J=0.45239 A_min=0.4086 A_mean=0.4671 |g|=3.30e-03 bin=0.001 S_flip=0.611 t=139s
[P925_h200_pad0.050] it  97 J=0.45247 A_min=0.4088 A_mean=0.4671 |g|=2.53e-03 bin=0.001 S_flip=0.611 t=140s
[P925_h200_pad0.050] it  98 J=0.45253 A_min=0.4089 A_mean=0.4671 |g|=2.64e-03 bin=0.001 S_flip=0.611 t=141s
[P925_h200_pad0.050] it  99 J=0.45259 A_min=0.4090 A_mean=0.4671 |g|=3.01e-03 bin=0.001 S_flip=0.611 t=143s
[P925_h200_pad0.050] it 100 J=0.45264 A_min=0.4091 A_mean=0.4671 |g|=2.72e-03 bin=0.001 S_flip=0.612 t=144s
[P925_h200_pad0.050] it 101 J=0.45268 A_min=0.4092 A_mean=0.4672 |g|=2.64e-03 bin=0.001 S_flip=0.612 t=145s
[P925_h200_pad0.050] it 102 J=0.45272 A_min=0.4092 A_mean=0.4672 |g|=2.64e-03 bin=0.001 S_flip=0.611 t=147s
[P925_h200_pad0.050] it 103 J=0.45275 A_min=0.4092 A_mean=0.4672 |g|=2.39e-03 bin=0.001 S_flip=0.611 t=148s
[P925_h200_pad0.050] it 104 J=0.45278 A_min=0.4092 A_mean=0.4673 |g|=1.67e-03 bin=0.001 S_flip=0.611 t=150s
[P925_h200_pad0.050] it 105 J=0.45280 A_min=0.4092 A_mean=0.4673 |g|=1.48e-03 bin=0.001 S_flip=0.611 t=151s
[P925_h200_pad0.050] it 106 J=0.45281 A_min=0.4092 A_mean=0.4673 |g|=1.73e-03 bin=0.001 S_flip=0.611 t=153s
[P925_h200_pad0.050] it 107 J=0.45283 A_min=0.4092 A_mean=0.4673 |g|=1.83e-03 bin=0.000 S_flip=0.611 t=154s
[P925_h200_pad0.050] it 108 J=0.45284 A_min=0.4092 A_mean=0.4674 |g|=2.03e-03 bin=0.000 S_flip=0.611 t=156s
[P925_h200_pad0.050] it 109 J=0.45285 A_min=0.4092 A_mean=0.4674 |g|=2.55e-03 bin=0.000 S_flip=0.611 t=157s
[P925_h200_pad0.050] it 110 J=0.45286 A_min=0.4093 A_mean=0.4674 |g|=3.06e-03 bin=0.000 S_flip=0.611 t=158s
[P925_h200_pad0.050] it 111 J=0.45287 A_min=0.4093 A_mean=0.4674 |g|=3.10e-03 bin=0.000 S_flip=0.611 t=160s
[P925_h200_pad0.050] it 112 J=0.45288 A_min=0.4093 A_mean=0.4673 |g|=2.61e-03 bin=0.000 S_flip=0.611 t=161s
[P925_h200_pad0.050] it 113 J=0.45289 A_min=0.4093 A_mean=0.4673 |g|=1.95e-03 bin=0.000 S_flip=0.611 t=163s
[P925_h200_pad0.050] it 114 J=0.45289 A_min=0.4094 A_mean=0.4673 |g|=1.44e-03 bin=0.000 S_flip=0.612 t=164s
[P925_h200_pad0.050] it 115 J=0.45289 A_min=0.4094 A_mean=0.4673 |g|=1.11e-03 bin=0.000 S_flip=0.612 t=166s
[P925_h200_pad0.050] it 116 J=0.45289 A_min=0.4094 A_mean=0.4673 |g|=9.13e-04 bin=0.000 S_flip=0.612 t=167s
[P925_h200_pad0.050] it 117 J=0.45289 A_min=0.4094 A_mean=0.4673 |g|=7.91e-04 bin=0.000 S_flip=0.612 t=169s
[P925_h200_pad0.050] it 118 J=0.45289 A_min=0.4094 A_mean=0.4673 |g|=7.08e-04 bin=0.000 S_flip=0.612 t=170s
[P925_h200_pad0.050] it 119 J=0.45289 A_min=0.4094 A_mean=0.4673 |g|=6.43e-04 bin=0.000 S_flip=0.612 t=172s
[P925_h200_pad0.050] done: J_soft=0.45289 J_hard=0.45289 A_hard=[0.5024, 0.4902, 0.4094] S_flip=0.612 wall=174s
[P925_h240_pad0.080] it   0 J=0.31362 A_min=0.2589 A_mean=0.3444 |g|=4.82e-02 bin=0.097 S_flip=0.366 t=1s
[P925_h240_pad0.080] it   1 J=0.38005 A_min=0.3455 A_mean=0.3920 |g|=7.03e-02 bin=0.099 S_flip=0.391 t=3s
[P925_h240_pad0.080] it   2 J=0.43293 A_min=0.3828 A_mean=0.4602 |g|=1.85e-02 bin=0.102 S_flip=0.418 t=4s
[P925_h240_pad0.080] it   3 J=0.43235 A_min=0.3781 A_mean=0.4772 |g|=1.72e-02 bin=0.104 S_flip=0.444 t=6s
[P925_h240_pad0.080] it   4 J=0.41716 A_min=0.3745 A_mean=0.4579 |g|=3.54e-02 bin=0.102 S_flip=0.462 t=8s
[P925_h240_pad0.080] it   5 J=0.41195 A_min=0.3741 A_mean=0.4519 |g|=3.85e-02 bin=0.096 S_flip=0.470 t=9s
[P925_h240_pad0.080] it   6 J=0.41726 A_min=0.3759 A_mean=0.4589 |g|=3.48e-02 bin=0.087 S_flip=0.471 t=11s
[P925_h240_pad0.080] it   7 J=0.42691 A_min=0.3787 A_mean=0.4714 |g|=2.68e-02 bin=0.079 S_flip=0.470 t=12s
[P925_h240_pad0.080] it   8 J=0.43560 A_min=0.3815 A_mean=0.4825 |g|=1.67e-02 bin=0.072 S_flip=0.467 t=13s
[P925_h240_pad0.080] it   9 J=0.44083 A_min=0.3838 A_mean=0.4872 |g|=7.88e-03 bin=0.065 S_flip=0.463 t=15s
[P925_h240_pad0.080] it  10 J=0.44266 A_min=0.3855 A_mean=0.4846 |g|=3.56e-03 bin=0.060 S_flip=0.461 t=17s
[P925_h240_pad0.080] it  11 J=0.44208 A_min=0.3868 A_mean=0.4774 |g|=8.27e-03 bin=0.055 S_flip=0.458 t=18s
[P925_h240_pad0.080] it  12 J=0.44036 A_min=0.3877 A_mean=0.4697 |g|=1.37e-02 bin=0.051 S_flip=0.457 t=20s
[P925_h240_pad0.080] it  13 J=0.43889 A_min=0.3884 A_mean=0.4646 |g|=1.73e-02 bin=0.048 S_flip=0.457 t=22s
[P925_h240_pad0.080] it  14 J=0.43869 A_min=0.3889 A_mean=0.4634 |g|=1.83e-02 bin=0.046 S_flip=0.458 t=23s
[P925_h240_pad0.080] it  15 J=0.43992 A_min=0.3893 A_mean=0.4660 |g|=1.70e-02 bin=0.044 S_flip=0.460 t=25s
[P925_h240_pad0.080] it  16 J=0.44206 A_min=0.3896 A_mean=0.4713 |g|=1.39e-02 bin=0.042 S_flip=0.463 t=26s
[P925_h240_pad0.080] it  17 J=0.44434 A_min=0.3899 A_mean=0.4779 |g|=1.02e-02 bin=0.040 S_flip=0.467 t=28s
[P925_h240_pad0.080] it  18 J=0.44624 A_min=0.3901 A_mean=0.4844 |g|=6.63e-03 bin=0.038 S_flip=0.471 t=29s
[P925_h240_pad0.080] it  19 J=0.44753 A_min=0.3903 A_mean=0.4897 |g|=3.85e-03 bin=0.036 S_flip=0.475 t=31s
[P925_h240_pad0.080] it  20 J=0.44822 A_min=0.3905 A_mean=0.4934 |g|=2.83e-03 bin=0.035 S_flip=0.479 t=32s
[P925_h240_pad0.080] it  21 J=0.44845 A_min=0.3907 A_mean=0.4956 |g|=3.90e-03 bin=0.033 S_flip=0.482 t=34s
[P925_h240_pad0.080] it  22 J=0.44842 A_min=0.3909 A_mean=0.4966 |g|=5.43e-03 bin=0.032 S_flip=0.485 t=35s
[P925_h240_pad0.080] it  23 J=0.44834 A_min=0.3912 A_mean=0.4970 |g|=6.72e-03 bin=0.031 S_flip=0.487 t=37s
[P925_h240_pad0.080] it  24 J=0.44836 A_min=0.3915 A_mean=0.4972 |g|=7.55e-03 bin=0.029 S_flip=0.489 t=38s
[P925_h240_pad0.080] it  25 J=0.44860 A_min=0.3920 A_mean=0.4974 |g|=7.88e-03 bin=0.028 S_flip=0.490 t=40s
[P925_h240_pad0.080] it  26 J=0.44908 A_min=0.3924 A_mean=0.4978 |g|=7.70e-03 bin=0.027 S_flip=0.490 t=41s
[P925_h240_pad0.080] it  27 J=0.44975 A_min=0.3929 A_mean=0.4983 |g|=7.10e-03 bin=0.025 S_flip=0.490 t=43s
[P925_h240_pad0.080] it  28 J=0.45052 A_min=0.3934 A_mean=0.4988 |g|=6.19e-03 bin=0.024 S_flip=0.490 t=44s
[P925_h240_pad0.080] it  29 J=0.45129 A_min=0.3939 A_mean=0.4992 |g|=5.10e-03 bin=0.023 S_flip=0.489 t=46s
[P925_h240_pad0.080] it  30 J=0.45199 A_min=0.3944 A_mean=0.4994 |g|=4.01e-03 bin=0.022 S_flip=0.488 t=47s
[P925_h240_pad0.080] it  31 J=0.45257 A_min=0.3949 A_mean=0.4992 |g|=3.08e-03 bin=0.021 S_flip=0.487 t=49s
[P925_h240_pad0.080] it  32 J=0.45303 A_min=0.3954 A_mean=0.4988 |g|=2.56e-03 bin=0.020 S_flip=0.487 t=50s
[P925_h240_pad0.080] it  33 J=0.45338 A_min=0.3958 A_mean=0.4982 |g|=2.57e-03 bin=0.019 S_flip=0.486 t=52s
[P925_h240_pad0.080] it  34 J=0.45366 A_min=0.3963 A_mean=0.4975 |g|=2.94e-03 bin=0.019 S_flip=0.485 t=53s
[P925_h240_pad0.080] it  35 J=0.45391 A_min=0.3967 A_mean=0.4969 |g|=3.41e-03 bin=0.018 S_flip=0.485 t=55s
[P925_h240_pad0.080] it  36 J=0.45419 A_min=0.3971 A_mean=0.4966 |g|=3.83e-03 bin=0.017 S_flip=0.485 t=56s
[P925_h240_pad0.080] it  37 J=0.45451 A_min=0.3975 A_mean=0.4966 |g|=4.11e-03 bin=0.017 S_flip=0.486 t=58s
[P925_h240_pad0.080] it  38 J=0.45491 A_min=0.3979 A_mean=0.4969 |g|=4.20e-03 bin=0.016 S_flip=0.487 t=59s
[P925_h240_pad0.080] it  39 J=0.45537 A_min=0.3983 A_mean=0.4975 |g|=4.05e-03 bin=0.015 S_flip=0.488 t=61s
[P925_h240_pad0.080] it  40 J=0.45587 A_min=0.3988 A_mean=0.4984 |g|=3.65e-03 bin=0.015 S_flip=0.489 t=62s
[P925_h240_pad0.080] it  41 J=0.45636 A_min=0.3992 A_mean=0.4993 |g|=3.19e-03 bin=0.014 S_flip=0.491 t=63s
[P925_h240_pad0.080] it  42 J=0.45684 A_min=0.3997 A_mean=0.5001 |g|=2.90e-03 bin=0.014 S_flip=0.492 t=65s
[P925_h240_pad0.080] it  43 J=0.45730 A_min=0.4001 A_mean=0.5009 |g|=2.79e-03 bin=0.013 S_flip=0.494 t=67s
[P925_h240_pad0.080] it  44 J=0.45773 A_min=0.4007 A_mean=0.5015 |g|=2.75e-03 bin=0.012 S_flip=0.496 t=68s
[P925_h240_pad0.080] it  45 J=0.45813 A_min=0.4012 A_mean=0.5019 |g|=2.80e-03 bin=0.012 S_flip=0.497 t=69s
[P925_h240_pad0.080] it  46 J=0.45848 A_min=0.4017 A_mean=0.5022 |g|=2.94e-03 bin=0.011 S_flip=0.499 t=71s
[P925_h240_pad0.080] it  47 J=0.45881 A_min=0.4022 A_mean=0.5024 |g|=3.19e-03 bin=0.011 S_flip=0.500 t=72s
[P925_h240_pad0.080] it  48 J=0.45918 A_min=0.4027 A_mean=0.5025 |g|=3.56e-03 bin=0.010 S_flip=0.501 t=74s
[P925_h240_pad0.080] it  49 J=0.45959 A_min=0.4034 A_mean=0.5026 |g|=3.74e-03 bin=0.010 S_flip=0.503 t=75s
[P925_h240_pad0.080] it  50 J=0.45999 A_min=0.4039 A_mean=0.5027 |g|=3.83e-03 bin=0.010 S_flip=0.504 t=77s
[P925_h240_pad0.080] it  51 J=0.46041 A_min=0.4044 A_mean=0.5028 |g|=4.01e-03 bin=0.009 S_flip=0.504 t=79s
[P925_h240_pad0.080] it  52 J=0.46086 A_min=0.4049 A_mean=0.5029 |g|=3.99e-03 bin=0.009 S_flip=0.505 t=80s
[P925_h240_pad0.080] it  53 J=0.46131 A_min=0.4054 A_mean=0.5029 |g|=3.86e-03 bin=0.008 S_flip=0.506 t=82s
[P925_h240_pad0.080] it  54 J=0.46178 A_min=0.4059 A_mean=0.5029 |g|=3.68e-03 bin=0.008 S_flip=0.506 t=83s
[P925_h240_pad0.080] it  55 J=0.46226 A_min=0.4065 A_mean=0.5029 |g|=3.54e-03 bin=0.007 S_flip=0.507 t=85s
[P925_h240_pad0.080] it  56 J=0.46274 A_min=0.4071 A_mean=0.5028 |g|=3.29e-03 bin=0.007 S_flip=0.509 t=86s
[P925_h240_pad0.080] it  57 J=0.46318 A_min=0.4077 A_mean=0.5027 |g|=2.73e-03 bin=0.007 S_flip=0.510 t=88s
[P925_h240_pad0.080] it  58 J=0.46352 A_min=0.4081 A_mean=0.5027 |g|=2.40e-03 bin=0.006 S_flip=0.511 t=89s
[P925_h240_pad0.080] it  59 J=0.46385 A_min=0.4085 A_mean=0.5027 |g|=2.64e-03 bin=0.006 S_flip=0.511 t=91s
[P925_h240_pad0.080] it  60 J=0.46422 A_min=0.4090 A_mean=0.5028 |g|=2.88e-03 bin=0.006 S_flip=0.512 t=92s
[P925_h240_pad0.080] it  61 J=0.46459 A_min=0.4095 A_mean=0.5028 |g|=2.95e-03 bin=0.005 S_flip=0.513 t=94s
[P925_h240_pad0.080] it  62 J=0.46504 A_min=0.4101 A_mean=0.5029 |g|=3.66e-03 bin=0.005 S_flip=0.514 t=96s
[P925_h240_pad0.080] it  63 J=0.46548 A_min=0.4107 A_mean=0.5030 |g|=3.35e-03 bin=0.005 S_flip=0.514 t=97s
[P925_h240_pad0.080] it  64 J=0.46585 A_min=0.4112 A_mean=0.5032 |g|=3.34e-03 bin=0.005 S_flip=0.515 t=99s
[P925_h240_pad0.080] it  65 J=0.46625 A_min=0.4117 A_mean=0.5034 |g|=4.17e-03 bin=0.005 S_flip=0.515 t=100s
[P925_h240_pad0.080] it  66 J=0.46673 A_min=0.4123 A_mean=0.5035 |g|=3.79e-03 bin=0.005 S_flip=0.515 t=102s
[P925_h240_pad0.080] it  67 J=0.46708 A_min=0.4127 A_mean=0.5037 |g|=3.11e-03 bin=0.004 S_flip=0.515 t=103s
[P925_h240_pad0.080] it  68 J=0.46739 A_min=0.4130 A_mean=0.5038 |g|=2.93e-03 bin=0.004 S_flip=0.516 t=105s
[P925_h240_pad0.080] it  69 J=0.46771 A_min=0.4135 A_mean=0.5038 |g|=2.69e-03 bin=0.004 S_flip=0.516 t=106s
[P925_h240_pad0.080] it  70 J=0.46805 A_min=0.4140 A_mean=0.5039 |g|=3.74e-03 bin=0.004 S_flip=0.517 t=108s
[P925_h240_pad0.080] it  71 J=0.46850 A_min=0.4147 A_mean=0.5040 |g|=4.16e-03 bin=0.004 S_flip=0.518 t=109s
[P925_h240_pad0.080] it  72 J=0.46894 A_min=0.4154 A_mean=0.5041 |g|=3.50e-03 bin=0.003 S_flip=0.520 t=110s
[P925_h240_pad0.080] it  73 J=0.46931 A_min=0.4160 A_mean=0.5042 |g|=3.56e-03 bin=0.003 S_flip=0.521 t=112s
[P925_h240_pad0.080] it  74 J=0.46968 A_min=0.4165 A_mean=0.5044 |g|=3.73e-03 bin=0.003 S_flip=0.522 t=113s
[P925_h240_pad0.080] it  75 J=0.47000 A_min=0.4169 A_mean=0.5046 |g|=3.64e-03 bin=0.003 S_flip=0.523 t=115s
[P925_h240_pad0.080] it  76 J=0.47030 A_min=0.4173 A_mean=0.5047 |g|=3.67e-03 bin=0.003 S_flip=0.524 t=116s
[P925_h240_pad0.080] it  77 J=0.47059 A_min=0.4176 A_mean=0.5049 |g|=4.25e-03 bin=0.003 S_flip=0.525 t=118s
[P925_h240_pad0.080] it  78 J=0.47093 A_min=0.4180 A_mean=0.5049 |g|=4.41e-03 bin=0.002 S_flip=0.526 t=119s
[P925_h240_pad0.080] it  79 J=0.47127 A_min=0.4184 A_mean=0.5050 |g|=4.13e-03 bin=0.002 S_flip=0.526 t=120s
[P925_h240_pad0.080] it  80 J=0.47152 A_min=0.4187 A_mean=0.5051 |g|=3.03e-03 bin=0.002 S_flip=0.527 t=122s
[P925_h240_pad0.080] it  81 J=0.47171 A_min=0.4190 A_mean=0.5052 |g|=3.06e-03 bin=0.002 S_flip=0.527 t=123s
[P925_h240_pad0.080] it  82 J=0.47193 A_min=0.4194 A_mean=0.5052 |g|=3.93e-03 bin=0.002 S_flip=0.528 t=125s
[P925_h240_pad0.080] it  83 J=0.47224 A_min=0.4200 A_mean=0.5052 |g|=5.13e-03 bin=0.002 S_flip=0.529 t=126s
[P925_h240_pad0.080] it  84 J=0.47258 A_min=0.4206 A_mean=0.5052 |g|=5.17e-03 bin=0.002 S_flip=0.529 t=128s
[P925_h240_pad0.080] it  85 J=0.47286 A_min=0.4210 A_mean=0.5052 |g|=4.51e-03 bin=0.002 S_flip=0.530 t=129s
[P925_h240_pad0.080] it  86 J=0.47307 A_min=0.4212 A_mean=0.5053 |g|=4.66e-03 bin=0.002 S_flip=0.530 t=131s
[P925_h240_pad0.080] it  87 J=0.47330 A_min=0.4214 A_mean=0.5053 |g|=4.61e-03 bin=0.002 S_flip=0.529 t=132s
[P925_h240_pad0.080] it  88 J=0.47355 A_min=0.4218 A_mean=0.5054 |g|=4.55e-03 bin=0.002 S_flip=0.529 t=134s
[P925_h240_pad0.080] it  89 J=0.47374 A_min=0.4220 A_mean=0.5054 |g|=5.35e-03 bin=0.002 S_flip=0.529 t=136s
[P925_h240_pad0.080] it  90 J=0.47395 A_min=0.4222 A_mean=0.5054 |g|=6.62e-03 bin=0.002 S_flip=0.529 t=137s
[P925_h240_pad0.080] it  91 J=0.47423 A_min=0.4225 A_mean=0.5055 |g|=6.86e-03 bin=0.002 S_flip=0.529 t=139s
[P925_h240_pad0.080] it  92 J=0.47449 A_min=0.4228 A_mean=0.5056 |g|=5.64e-03 bin=0.002 S_flip=0.529 t=140s
[P925_h240_pad0.080] it  93 J=0.47470 A_min=0.4230 A_mean=0.5056 |g|=5.23e-03 bin=0.002 S_flip=0.530 t=142s
[P925_h240_pad0.080] it  94 J=0.47494 A_min=0.4233 A_mean=0.5056 |g|=8.16e-03 bin=0.002 S_flip=0.530 t=143s
[P925_h240_pad0.080] it  95 J=0.47532 A_min=0.4239 A_mean=0.5056 |g|=8.20e-03 bin=0.002 S_flip=0.531 t=145s
[P925_h240_pad0.080] it  96 J=0.47555 A_min=0.4242 A_mean=0.5056 |g|=5.13e-03 bin=0.001 S_flip=0.531 t=147s
[P925_h240_pad0.080] it  97 J=0.47570 A_min=0.4244 A_mean=0.5056 |g|=4.51e-03 bin=0.001 S_flip=0.531 t=148s
[P925_h240_pad0.080] it  98 J=0.47583 A_min=0.4246 A_mean=0.5057 |g|=4.44e-03 bin=0.001 S_flip=0.532 t=150s
[P925_h240_pad0.080] it  99 J=0.47595 A_min=0.4248 A_mean=0.5057 |g|=4.98e-03 bin=0.001 S_flip=0.532 t=151s
[P925_h240_pad0.080] it 100 J=0.47605 A_min=0.4249 A_mean=0.5058 |g|=4.25e-03 bin=0.001 S_flip=0.532 t=152s
[P925_h240_pad0.080] it 101 J=0.47612 A_min=0.4250 A_mean=0.5059 |g|=3.68e-03 bin=0.001 S_flip=0.532 t=154s
[P925_h240_pad0.080] it 102 J=0.47619 A_min=0.4251 A_mean=0.5059 |g|=3.89e-03 bin=0.001 S_flip=0.532 t=155s
[P925_h240_pad0.080] it 103 J=0.47627 A_min=0.4251 A_mean=0.5060 |g|=4.41e-03 bin=0.001 S_flip=0.532 t=157s
[P925_h240_pad0.080] it 104 J=0.47633 A_min=0.4252 A_mean=0.5061 |g|=3.13e-03 bin=0.001 S_flip=0.533 t=158s
[P925_h240_pad0.080] it 105 J=0.47636 A_min=0.4252 A_mean=0.5062 |g|=2.89e-03 bin=0.001 S_flip=0.533 t=160s
[P925_h240_pad0.080] it 106 J=0.47639 A_min=0.4252 A_mean=0.5062 |g|=3.48e-03 bin=0.001 S_flip=0.533 t=161s
[P925_h240_pad0.080] it 107 J=0.47641 A_min=0.4252 A_mean=0.5062 |g|=4.15e-03 bin=0.001 S_flip=0.533 t=162s
[P925_h240_pad0.080] it 108 J=0.47643 A_min=0.4252 A_mean=0.5062 |g|=4.42e-03 bin=0.001 S_flip=0.533 t=164s
[P925_h240_pad0.080] it 109 J=0.47645 A_min=0.4252 A_mean=0.5062 |g|=4.05e-03 bin=0.000 S_flip=0.533 t=166s
[P925_h240_pad0.080] it 110 J=0.47647 A_min=0.4253 A_mean=0.5062 |g|=3.24e-03 bin=0.000 S_flip=0.533 t=167s
[P925_h240_pad0.080] it 111 J=0.47648 A_min=0.4253 A_mean=0.5062 |g|=2.42e-03 bin=0.000 S_flip=0.533 t=169s
[P925_h240_pad0.080] it 112 J=0.47649 A_min=0.4253 A_mean=0.5062 |g|=1.78e-03 bin=0.000 S_flip=0.533 t=170s
[P925_h240_pad0.080] it 113 J=0.47650 A_min=0.4253 A_mean=0.5062 |g|=1.34e-03 bin=0.000 S_flip=0.533 t=172s
[P925_h240_pad0.080] it 114 J=0.47650 A_min=0.4253 A_mean=0.5062 |g|=1.05e-03 bin=0.000 S_flip=0.533 t=173s
[P925_h240_pad0.080] it 115 J=0.47650 A_min=0.4253 A_mean=0.5062 |g|=8.65e-04 bin=0.000 S_flip=0.533 t=175s
[P925_h240_pad0.080] it 116 J=0.47650 A_min=0.4253 A_mean=0.5062 |g|=7.38e-04 bin=0.000 S_flip=0.534 t=176s
[P925_h240_pad0.080] it 117 J=0.47650 A_min=0.4253 A_mean=0.5062 |g|=6.50e-04 bin=0.000 S_flip=0.534 t=177s
[P925_h240_pad0.080] it 118 J=0.47650 A_min=0.4253 A_mean=0.5062 |g|=5.84e-04 bin=0.000 S_flip=0.534 t=179s
[P925_h240_pad0.080] it 119 J=0.47650 A_min=0.4253 A_mean=0.5062 |g|=5.33e-04 bin=0.000 S_flip=0.534 t=180s
[P925_h240_pad0.080] done: J_soft=0.47650 J_hard=0.47651 A_hard=[0.58, 0.5133, 0.4253] S_flip=0.534 wall=182s
[P925_h160_pad0.040] it   0 J=0.37765 A_min=0.3205 A_mean=0.4173 |g|=5.13e-03 bin=0.130 S_flip=0.476 t=1s
[P925_h160_pad0.040] it   1 J=0.38083 A_min=0.3230 A_mean=0.4203 |g|=5.53e-03 bin=0.123 S_flip=0.489 t=3s
[P925_h160_pad0.040] it   2 J=0.38369 A_min=0.3272 A_mean=0.4202 |g|=4.25e-03 bin=0.117 S_flip=0.510 t=4s
[P925_h160_pad0.040] it   3 J=0.38593 A_min=0.3307 A_mean=0.4198 |g|=4.53e-03 bin=0.110 S_flip=0.528 t=6s
[P925_h160_pad0.040] it   4 J=0.38806 A_min=0.3333 A_mean=0.4202 |g|=4.23e-03 bin=0.104 S_flip=0.541 t=7s
[P925_h160_pad0.040] it   5 J=0.39004 A_min=0.3357 A_mean=0.4205 |g|=4.03e-03 bin=0.098 S_flip=0.551 t=9s
[P925_h160_pad0.040] it   6 J=0.39188 A_min=0.3383 A_mean=0.4206 |g|=4.35e-03 bin=0.093 S_flip=0.560 t=10s
[P925_h160_pad0.040] it   7 J=0.39376 A_min=0.3410 A_mean=0.4208 |g|=4.40e-03 bin=0.089 S_flip=0.571 t=11s
[P925_h160_pad0.040] it   8 J=0.39568 A_min=0.3439 A_mean=0.4212 |g|=4.21e-03 bin=0.085 S_flip=0.581 t=13s
[P925_h160_pad0.040] it   9 J=0.39756 A_min=0.3467 A_mean=0.4217 |g|=4.25e-03 bin=0.081 S_flip=0.591 t=14s
[P925_h160_pad0.040] it  10 J=0.39943 A_min=0.3493 A_mean=0.4223 |g|=4.37e-03 bin=0.078 S_flip=0.600 t=16s
[P925_h160_pad0.040] it  11 J=0.40132 A_min=0.3519 A_mean=0.4232 |g|=4.19e-03 bin=0.074 S_flip=0.607 t=17s
[P925_h160_pad0.040] it  12 J=0.40319 A_min=0.3543 A_mean=0.4240 |g|=3.85e-03 bin=0.071 S_flip=0.613 t=18s
[P925_h160_pad0.040] it  13 J=0.40494 A_min=0.3567 A_mean=0.4249 |g|=3.68e-03 bin=0.068 S_flip=0.619 t=20s
[P925_h160_pad0.040] it  14 J=0.40656 A_min=0.3590 A_mean=0.4256 |g|=3.59e-03 bin=0.065 S_flip=0.625 t=21s
[P925_h160_pad0.040] it  15 J=0.40808 A_min=0.3612 A_mean=0.4263 |g|=3.34e-03 bin=0.062 S_flip=0.631 t=23s
[P925_h160_pad0.040] it  16 J=0.40946 A_min=0.3633 A_mean=0.4269 |g|=3.03e-03 bin=0.059 S_flip=0.638 t=24s
[P925_h160_pad0.040] it  17 J=0.41071 A_min=0.3652 A_mean=0.4275 |g|=2.91e-03 bin=0.056 S_flip=0.644 t=26s
[P925_h160_pad0.040] it  18 J=0.41184 A_min=0.3669 A_mean=0.4281 |g|=2.86e-03 bin=0.054 S_flip=0.650 t=27s
[P925_h160_pad0.040] it  19 J=0.41289 A_min=0.3684 A_mean=0.4287 |g|=2.72e-03 bin=0.051 S_flip=0.655 t=28s
[P925_h160_pad0.040] it  20 J=0.41385 A_min=0.3697 A_mean=0.4293 |g|=2.61e-03 bin=0.049 S_flip=0.660 t=30s
[P925_h160_pad0.040] it  21 J=0.41474 A_min=0.3708 A_mean=0.4299 |g|=2.61e-03 bin=0.047 S_flip=0.665 t=31s
[P925_h160_pad0.040] it  22 J=0.41557 A_min=0.3718 A_mean=0.4305 |g|=2.60e-03 bin=0.045 S_flip=0.670 t=33s
[P925_h160_pad0.040] it  23 J=0.41636 A_min=0.3727 A_mean=0.4312 |g|=2.44e-03 bin=0.043 S_flip=0.675 t=34s
[P925_h160_pad0.040] it  24 J=0.41710 A_min=0.3735 A_mean=0.4319 |g|=2.26e-03 bin=0.041 S_flip=0.681 t=36s
[P925_h160_pad0.040] it  25 J=0.41779 A_min=0.3742 A_mean=0.4325 |g|=2.20e-03 bin=0.039 S_flip=0.686 t=37s
[P925_h160_pad0.040] it  26 J=0.41843 A_min=0.3749 A_mean=0.4332 |g|=2.16e-03 bin=0.038 S_flip=0.691 t=38s
[P925_h160_pad0.040] it  27 J=0.41904 A_min=0.3754 A_mean=0.4337 |g|=2.02e-03 bin=0.036 S_flip=0.695 t=40s
[P925_h160_pad0.040] it  28 J=0.41961 A_min=0.3760 A_mean=0.4342 |g|=1.89e-03 bin=0.035 S_flip=0.699 t=41s
[P925_h160_pad0.040] it  29 J=0.42011 A_min=0.3765 A_mean=0.4347 |g|=1.80e-03 bin=0.033 S_flip=0.703 t=43s
[P925_h160_pad0.040] it  30 J=0.42056 A_min=0.3769 A_mean=0.4352 |g|=1.64e-03 bin=0.032 S_flip=0.707 t=44s
[P925_h160_pad0.040] it  31 J=0.42097 A_min=0.3772 A_mean=0.4356 |g|=1.51e-03 bin=0.030 S_flip=0.711 t=46s
[P925_h160_pad0.040] it  32 J=0.42132 A_min=0.3776 A_mean=0.4360 |g|=1.47e-03 bin=0.029 S_flip=0.714 t=47s
[P925_h160_pad0.040] it  33 J=0.42165 A_min=0.3779 A_mean=0.4362 |g|=1.44e-03 bin=0.028 S_flip=0.717 t=48s
[P925_h160_pad0.040] it  34 J=0.42196 A_min=0.3783 A_mean=0.4365 |g|=1.48e-03 bin=0.027 S_flip=0.720 t=50s
[P925_h160_pad0.040] it  35 J=0.42227 A_min=0.3786 A_mean=0.4367 |g|=1.55e-03 bin=0.026 S_flip=0.723 t=51s
[P925_h160_pad0.040] it  36 J=0.42257 A_min=0.3790 A_mean=0.4370 |g|=1.53e-03 bin=0.025 S_flip=0.725 t=53s
[P925_h160_pad0.040] it  37 J=0.42288 A_min=0.3794 A_mean=0.4372 |g|=1.56e-03 bin=0.024 S_flip=0.728 t=54s
[P925_h160_pad0.040] it  38 J=0.42317 A_min=0.3798 A_mean=0.4374 |g|=1.56e-03 bin=0.023 S_flip=0.731 t=56s
[P925_h160_pad0.040] it  39 J=0.42346 A_min=0.3802 A_mean=0.4375 |g|=1.45e-03 bin=0.022 S_flip=0.733 t=57s
[P925_h160_pad0.040] it  40 J=0.42371 A_min=0.3807 A_mean=0.4376 |g|=1.39e-03 bin=0.021 S_flip=0.736 t=59s
[P925_h160_pad0.040] it  41 J=0.42395 A_min=0.3811 A_mean=0.4376 |g|=1.33e-03 bin=0.020 S_flip=0.738 t=61s
[P925_h160_pad0.040] it  42 J=0.42416 A_min=0.3815 A_mean=0.4377 |g|=1.23e-03 bin=0.019 S_flip=0.740 t=62s
[P925_h160_pad0.040] it  43 J=0.42436 A_min=0.3819 A_mean=0.4377 |g|=1.20e-03 bin=0.018 S_flip=0.741 t=64s
[P925_h160_pad0.040] it  44 J=0.42454 A_min=0.3822 A_mean=0.4377 |g|=1.16e-03 bin=0.017 S_flip=0.743 t=65s
[P925_h160_pad0.040] it  45 J=0.42471 A_min=0.3826 A_mean=0.4377 |g|=1.10e-03 bin=0.017 S_flip=0.744 t=67s
[P925_h160_pad0.040] it  46 J=0.42486 A_min=0.3829 A_mean=0.4377 |g|=1.08e-03 bin=0.016 S_flip=0.745 t=68s
[P925_h160_pad0.040] it  47 J=0.42501 A_min=0.3833 A_mean=0.4377 |g|=1.06e-03 bin=0.015 S_flip=0.746 t=69s
[P925_h160_pad0.040] it  48 J=0.42515 A_min=0.3836 A_mean=0.4377 |g|=1.07e-03 bin=0.014 S_flip=0.747 t=71s
[P925_h160_pad0.040] it  49 J=0.42529 A_min=0.3839 A_mean=0.4377 |g|=1.08e-03 bin=0.014 S_flip=0.748 t=72s
[P925_h160_pad0.040] it  50 J=0.42541 A_min=0.3842 A_mean=0.4377 |g|=1.05e-03 bin=0.013 S_flip=0.749 t=74s
[P925_h160_pad0.040] it  51 J=0.42553 A_min=0.3844 A_mean=0.4377 |g|=9.90e-04 bin=0.013 S_flip=0.750 t=75s
[P925_h160_pad0.040] it  52 J=0.42564 A_min=0.3847 A_mean=0.4376 |g|=9.51e-04 bin=0.012 S_flip=0.750 t=76s
[P925_h160_pad0.040] it  53 J=0.42574 A_min=0.3849 A_mean=0.4376 |g|=9.38e-04 bin=0.012 S_flip=0.751 t=78s
[P925_h160_pad0.040] it  54 J=0.42583 A_min=0.3852 A_mean=0.4376 |g|=9.25e-04 bin=0.011 S_flip=0.751 t=79s
[P925_h160_pad0.040] it  55 J=0.42592 A_min=0.3854 A_mean=0.4376 |g|=9.04e-04 bin=0.011 S_flip=0.752 t=80s
[P925_h160_pad0.040] it  56 J=0.42601 A_min=0.3855 A_mean=0.4376 |g|=8.96e-04 bin=0.010 S_flip=0.752 t=82s
[P925_h160_pad0.040] it  57 J=0.42609 A_min=0.3857 A_mean=0.4377 |g|=9.12e-04 bin=0.010 S_flip=0.753 t=83s
[P925_h160_pad0.040] it  58 J=0.42617 A_min=0.3859 A_mean=0.4377 |g|=9.37e-04 bin=0.010 S_flip=0.753 t=84s
[P925_h160_pad0.040] it  59 J=0.42625 A_min=0.3860 A_mean=0.4377 |g|=9.54e-04 bin=0.010 S_flip=0.753 t=86s
[P925_h160_pad0.040] it  60 J=0.42633 A_min=0.3862 A_mean=0.4377 |g|=9.67e-04 bin=0.009 S_flip=0.754 t=87s
[P925_h160_pad0.040] it  61 J=0.42641 A_min=0.3863 A_mean=0.4377 |g|=9.95e-04 bin=0.009 S_flip=0.754 t=88s
[P925_h160_pad0.040] it  62 J=0.42648 A_min=0.3865 A_mean=0.4378 |g|=1.06e-03 bin=0.009 S_flip=0.754 t=90s
[P925_h160_pad0.040] it  63 J=0.42656 A_min=0.3866 A_mean=0.4378 |g|=1.19e-03 bin=0.008 S_flip=0.755 t=91s
[P925_h160_pad0.040] it  64 J=0.42665 A_min=0.3868 A_mean=0.4378 |g|=1.41e-03 bin=0.008 S_flip=0.755 t=93s
[P925_h160_pad0.040] it  65 J=0.42676 A_min=0.3870 A_mean=0.4379 |g|=1.65e-03 bin=0.008 S_flip=0.755 t=94s
[P925_h160_pad0.040] it  66 J=0.42687 A_min=0.3871 A_mean=0.4379 |g|=1.61e-03 bin=0.007 S_flip=0.756 t=96s
[P925_h160_pad0.040] it  67 J=0.42698 A_min=0.3873 A_mean=0.4380 |g|=1.36e-03 bin=0.007 S_flip=0.756 t=97s
[P925_h160_pad0.040] it  68 J=0.42708 A_min=0.3874 A_mean=0.4381 |g|=1.10e-03 bin=0.006 S_flip=0.757 t=98s
[P925_h160_pad0.040] it  69 J=0.42715 A_min=0.3876 A_mean=0.4381 |g|=1.03e-03 bin=0.006 S_flip=0.758 t=100s
[P925_h160_pad0.040] it  70 J=0.42722 A_min=0.3877 A_mean=0.4382 |g|=1.07e-03 bin=0.005 S_flip=0.759 t=101s
[P925_h160_pad0.040] it  71 J=0.42728 A_min=0.3878 A_mean=0.4382 |g|=1.04e-03 bin=0.005 S_flip=0.759 t=102s
[P925_h160_pad0.040] it  72 J=0.42733 A_min=0.3879 A_mean=0.4382 |g|=9.40e-04 bin=0.005 S_flip=0.759 t=104s
[P925_h160_pad0.040] it  73 J=0.42738 A_min=0.3880 A_mean=0.4382 |g|=8.11e-04 bin=0.005 S_flip=0.760 t=105s
[P925_h160_pad0.040] it  74 J=0.42742 A_min=0.3881 A_mean=0.4382 |g|=8.21e-04 bin=0.005 S_flip=0.760 t=106s
[P925_h160_pad0.040] it  75 J=0.42745 A_min=0.3882 A_mean=0.4382 |g|=9.55e-04 bin=0.004 S_flip=0.760 t=108s
[P925_h160_pad0.040] it  76 J=0.42749 A_min=0.3882 A_mean=0.4382 |g|=1.09e-03 bin=0.004 S_flip=0.760 t=109s
[P925_h160_pad0.040] it  77 J=0.42753 A_min=0.3883 A_mean=0.4382 |g|=1.13e-03 bin=0.004 S_flip=0.760 t=110s
[P925_h160_pad0.040] it  78 J=0.42757 A_min=0.3884 A_mean=0.4382 |g|=1.06e-03 bin=0.004 S_flip=0.761 t=112s
[P925_h160_pad0.040] it  79 J=0.42761 A_min=0.3884 A_mean=0.4382 |g|=9.25e-04 bin=0.004 S_flip=0.761 t=113s
[P925_h160_pad0.040] it  80 J=0.42764 A_min=0.3885 A_mean=0.4382 |g|=8.98e-04 bin=0.004 S_flip=0.762 t=115s
[P925_h160_pad0.040] it  81 J=0.42767 A_min=0.3885 A_mean=0.4383 |g|=1.04e-03 bin=0.003 S_flip=0.762 t=116s
[P925_h160_pad0.040] it  82 J=0.42769 A_min=0.3886 A_mean=0.4383 |g|=1.13e-03 bin=0.003 S_flip=0.762 t=117s
[P925_h160_pad0.040] it  83 J=0.42771 A_min=0.3886 A_mean=0.4383 |g|=1.07e-03 bin=0.003 S_flip=0.762 t=119s
[P925_h160_pad0.040] it  84 J=0.42773 A_min=0.3887 A_mean=0.4382 |g|=9.14e-04 bin=0.003 S_flip=0.762 t=120s
[P925_h160_pad0.040] it  85 J=0.42775 A_min=0.3888 A_mean=0.4382 |g|=8.11e-04 bin=0.003 S_flip=0.762 t=122s
[P925_h160_pad0.040] it  86 J=0.42777 A_min=0.3888 A_mean=0.4382 |g|=8.76e-04 bin=0.003 S_flip=0.762 t=123s
[P925_h160_pad0.040] it  87 J=0.42779 A_min=0.3889 A_mean=0.4382 |g|=9.94e-04 bin=0.003 S_flip=0.762 t=124s
[P925_h160_pad0.040] it  88 J=0.42782 A_min=0.3889 A_mean=0.4382 |g|=1.02e-03 bin=0.003 S_flip=0.763 t=126s
[P925_h160_pad0.040] it  89 J=0.42784 A_min=0.3890 A_mean=0.4382 |g|=9.30e-04 bin=0.002 S_flip=0.763 t=127s
[P925_h160_pad0.040] it  90 J=0.42785 A_min=0.3890 A_mean=0.4382 |g|=7.89e-04 bin=0.002 S_flip=0.763 t=129s
[P925_h160_pad0.040] it  91 J=0.42787 A_min=0.3890 A_mean=0.4382 |g|=6.62e-04 bin=0.002 S_flip=0.763 t=130s
[P925_h160_pad0.040] it  92 J=0.42788 A_min=0.3891 A_mean=0.4382 |g|=5.86e-04 bin=0.002 S_flip=0.763 t=132s
[P925_h160_pad0.040] it  93 J=0.42789 A_min=0.3891 A_mean=0.4382 |g|=5.66e-04 bin=0.002 S_flip=0.763 t=133s
[P925_h160_pad0.040] it  94 J=0.42789 A_min=0.3891 A_mean=0.4382 |g|=5.82e-04 bin=0.002 S_flip=0.763 t=134s
[P925_h160_pad0.040] it  95 J=0.42790 A_min=0.3891 A_mean=0.4382 |g|=6.20e-04 bin=0.001 S_flip=0.763 t=136s
[P925_h160_pad0.040] it  96 J=0.42791 A_min=0.3892 A_mean=0.4382 |g|=6.67e-04 bin=0.001 S_flip=0.763 t=137s
[P925_h160_pad0.040] it  97 J=0.42791 A_min=0.3892 A_mean=0.4382 |g|=7.10e-04 bin=0.001 S_flip=0.763 t=139s
[P925_h160_pad0.040] it  98 J=0.42792 A_min=0.3892 A_mean=0.4382 |g|=7.33e-04 bin=0.001 S_flip=0.763 t=140s
[P925_h160_pad0.040] it  99 J=0.42792 A_min=0.3892 A_mean=0.4382 |g|=7.42e-04 bin=0.001 S_flip=0.763 t=142s
[P925_h160_pad0.040] it 100 J=0.42793 A_min=0.3892 A_mean=0.4382 |g|=7.51e-04 bin=0.001 S_flip=0.763 t=143s
[P925_h160_pad0.040] it 101 J=0.42793 A_min=0.3893 A_mean=0.4382 |g|=7.66e-04 bin=0.001 S_flip=0.763 t=145s
[P925_h160_pad0.040] it 102 J=0.42794 A_min=0.3893 A_mean=0.4382 |g|=7.83e-04 bin=0.001 S_flip=0.763 t=146s
[P925_h160_pad0.040] it 103 J=0.42794 A_min=0.3893 A_mean=0.4382 |g|=7.90e-04 bin=0.001 S_flip=0.763 t=147s
[P925_h160_pad0.040] it 104 J=0.42794 A_min=0.3893 A_mean=0.4381 |g|=7.76e-04 bin=0.001 S_flip=0.763 t=149s
[P925_h160_pad0.040] it 105 J=0.42795 A_min=0.3893 A_mean=0.4381 |g|=7.42e-04 bin=0.001 S_flip=0.763 t=150s
[P925_h160_pad0.040] it 106 J=0.42795 A_min=0.3893 A_mean=0.4381 |g|=6.97e-04 bin=0.001 S_flip=0.763 t=151s
[P925_h160_pad0.040] it 107 J=0.42795 A_min=0.3893 A_mean=0.4381 |g|=6.52e-04 bin=0.001 S_flip=0.763 t=152s
[P925_h160_pad0.040] it 108 J=0.42796 A_min=0.3893 A_mean=0.4381 |g|=6.16e-04 bin=0.001 S_flip=0.763 t=154s
[P925_h160_pad0.040] it 109 J=0.42796 A_min=0.3894 A_mean=0.4381 |g|=5.92e-04 bin=0.001 S_flip=0.763 t=155s
[P925_h160_pad0.040] it 110 J=0.42796 A_min=0.3894 A_mean=0.4381 |g|=5.78e-04 bin=0.001 S_flip=0.763 t=156s
[P925_h160_pad0.040] it 111 J=0.42796 A_min=0.3894 A_mean=0.4381 |g|=5.72e-04 bin=0.001 S_flip=0.763 t=158s
[P925_h160_pad0.040] it 112 J=0.42796 A_min=0.3894 A_mean=0.4381 |g|=5.73e-04 bin=0.001 S_flip=0.763 t=159s
[P925_h160_pad0.040] it 113 J=0.42796 A_min=0.3894 A_mean=0.4381 |g|=5.77e-04 bin=0.001 S_flip=0.763 t=160s
[P925_h160_pad0.040] it 114 J=0.42796 A_min=0.3894 A_mean=0.4381 |g|=5.84e-04 bin=0.001 S_flip=0.763 t=161s
[P925_h160_pad0.040] it 115 J=0.42796 A_min=0.3894 A_mean=0.4381 |g|=5.93e-04 bin=0.001 S_flip=0.763 t=163s
[P925_h160_pad0.040] it 116 J=0.42796 A_min=0.3894 A_mean=0.4381 |g|=6.03e-04 bin=0.000 S_flip=0.763 t=164s
[P925_h160_pad0.040] it 117 J=0.42796 A_min=0.3894 A_mean=0.4381 |g|=6.14e-04 bin=0.000 S_flip=0.763 t=165s
[P925_h160_pad0.040] it 118 J=0.42796 A_min=0.3894 A_mean=0.4381 |g|=6.25e-04 bin=0.000 S_flip=0.763 t=166s
[P925_h160_pad0.040] it 119 J=0.42796 A_min=0.3894 A_mean=0.4381 |g|=6.37e-04 bin=0.000 S_flip=0.763 t=167s
[P925_h160_pad0.040] done: J_soft=0.42796 J_hard=0.42796 A_hard=[0.466, 0.4589, 0.3894] S_flip=0.763 wall=169s
[P975_h160_pad0.040] it   0 J=0.24377 A_min=0.2111 A_mean=0.2514 |g|=2.73e-02 bin=0.127 S_flip=0.479 t=1s
[P975_h160_pad0.040] it   1 J=0.27779 A_min=0.2654 A_mean=0.2787 |g|=3.30e-02 bin=0.126 S_flip=0.525 t=3s
[P975_h160_pad0.040] it   2 J=0.31350 A_min=0.2903 A_mean=0.3257 |g|=3.17e-02 bin=0.123 S_flip=0.572 t=4s
[P975_h160_pad0.040] it   3 J=0.34658 A_min=0.3072 A_mean=0.3787 |g|=2.68e-02 bin=0.120 S_flip=0.619 t=5s
[P975_h160_pad0.040] it   4 J=0.36804 A_min=0.3137 A_mean=0.4039 |g|=1.19e-02 bin=0.117 S_flip=0.665 t=7s
[P975_h160_pad0.040] it   5 J=0.37173 A_min=0.3182 A_mean=0.4015 |g|=9.49e-03 bin=0.112 S_flip=0.709 t=8s
[P975_h160_pad0.040] it   6 J=0.36689 A_min=0.3214 A_mean=0.3924 |g|=1.70e-02 bin=0.105 S_flip=0.743 t=10s
[P975_h160_pad0.040] it   7 J=0.36413 A_min=0.3246 A_mean=0.3881 |g|=1.91e-02 bin=0.098 S_flip=0.766 t=11s
[P975_h160_pad0.040] it   8 J=0.36510 A_min=0.3282 A_mean=0.3884 |g|=1.87e-02 bin=0.091 S_flip=0.782 t=12s
[P975_h160_pad0.040] it   9 J=0.36864 A_min=0.3319 A_mean=0.3915 |g|=1.75e-02 bin=0.084 S_flip=0.793 t=13s
[P975_h160_pad0.040] it  10 J=0.37363 A_min=0.3357 A_mean=0.3960 |g|=1.59e-02 bin=0.078 S_flip=0.802 t=15s
[P975_h160_pad0.040] it  11 J=0.37925 A_min=0.3394 A_mean=0.4011 |g|=1.42e-02 bin=0.073 S_flip=0.808 t=16s
[P975_h160_pad0.040] it  12 J=0.38488 A_min=0.3430 A_mean=0.4060 |g|=1.23e-02 bin=0.068 S_flip=0.812 t=17s
[P975_h160_pad0.040] it  13 J=0.39011 A_min=0.3463 A_mean=0.4104 |g|=1.04e-02 bin=0.064 S_flip=0.815 t=19s
[P975_h160_pad0.040] it  14 J=0.39462 A_min=0.3494 A_mean=0.4140 |g|=8.39e-03 bin=0.060 S_flip=0.817 t=20s
[P975_h160_pad0.040] it  15 J=0.39822 A_min=0.3522 A_mean=0.4167 |g|=6.41e-03 bin=0.056 S_flip=0.819 t=22s
[P975_h160_pad0.040] it  16 J=0.40082 A_min=0.3546 A_mean=0.4183 |g|=4.59e-03 bin=0.053 S_flip=0.820 t=23s
[P975_h160_pad0.040] it  17 J=0.40247 A_min=0.3566 A_mean=0.4192 |g|=3.16e-03 bin=0.050 S_flip=0.820 t=25s
[P975_h160_pad0.040] it  18 J=0.40332 A_min=0.3583 A_mean=0.4193 |g|=2.56e-03 bin=0.047 S_flip=0.821 t=26s
[P975_h160_pad0.040] it  19 J=0.40357 A_min=0.3596 A_mean=0.4191 |g|=2.93e-03 bin=0.045 S_flip=0.822 t=28s
[P975_h160_pad0.040] it  20 J=0.40348 A_min=0.3607 A_mean=0.4186 |g|=3.65e-03 bin=0.042 S_flip=0.822 t=29s
[P975_h160_pad0.040] it  21 J=0.40326 A_min=0.3616 A_mean=0.4182 |g|=4.30e-03 bin=0.040 S_flip=0.823 t=31s
[P975_h160_pad0.040] it  22 J=0.40306 A_min=0.3622 A_mean=0.4178 |g|=4.74e-03 bin=0.038 S_flip=0.824 t=32s
[P975_h160_pad0.040] it  23 J=0.40301 A_min=0.3628 A_mean=0.4177 |g|=4.95e-03 bin=0.037 S_flip=0.825 t=34s
[P975_h160_pad0.040] it  24 J=0.40313 A_min=0.3633 A_mean=0.4178 |g|=4.96e-03 bin=0.035 S_flip=0.826 t=35s
[P975_h160_pad0.040] it  25 J=0.40342 A_min=0.3636 A_mean=0.4180 |g|=4.84e-03 bin=0.033 S_flip=0.827 t=37s
[P975_h160_pad0.040] it  26 J=0.40384 A_min=0.3640 A_mean=0.4185 |g|=4.66e-03 bin=0.031 S_flip=0.828 t=39s
[P975_h160_pad0.040] it  27 J=0.40437 A_min=0.3643 A_mean=0.4190 |g|=4.46e-03 bin=0.030 S_flip=0.828 t=40s
[P975_h160_pad0.040] it  28 J=0.40498 A_min=0.3646 A_mean=0.4196 |g|=4.29e-03 bin=0.029 S_flip=0.828 t=41s
[P975_h160_pad0.040] it  29 J=0.40566 A_min=0.3650 A_mean=0.4202 |g|=4.15e-03 bin=0.027 S_flip=0.828 t=43s
[P975_h160_pad0.040] it  30 J=0.40637 A_min=0.3655 A_mean=0.4208 |g|=4.02e-03 bin=0.026 S_flip=0.827 t=44s
[P975_h160_pad0.040] it  31 J=0.40712 A_min=0.3660 A_mean=0.4215 |g|=3.83e-03 bin=0.025 S_flip=0.826 t=46s
[P975_h160_pad0.040] it  32 J=0.40786 A_min=0.3666 A_mean=0.4221 |g|=3.57e-03 bin=0.024 S_flip=0.825 t=47s
[P975_h160_pad0.040] it  33 J=0.40857 A_min=0.3672 A_mean=0.4227 |g|=3.30e-03 bin=0.023 S_flip=0.823 t=48s
[P975_h160_pad0.040] it  34 J=0.40923 A_min=0.3678 A_mean=0.4232 |g|=3.08e-03 bin=0.022 S_flip=0.821 t=50s
[P975_h160_pad0.040] it  35 J=0.40986 A_min=0.3684 A_mean=0.4237 |g|=2.89e-03 bin=0.021 S_flip=0.820 t=51s
[P975_h160_pad0.040] it  36 J=0.41045 A_min=0.3690 A_mean=0.4241 |g|=2.70e-03 bin=0.020 S_flip=0.818 t=52s
[P975_h160_pad0.040] it  37 J=0.41099 A_min=0.3695 A_mean=0.4245 |g|=2.47e-03 bin=0.019 S_flip=0.816 t=54s
[P975_h160_pad0.040] it  38 J=0.41147 A_min=0.3701 A_mean=0.4249 |g|=2.25e-03 bin=0.018 S_flip=0.814 t=55s
[P975_h160_pad0.040] it  39 J=0.41189 A_min=0.3705 A_mean=0.4252 |g|=2.09e-03 bin=0.017 S_flip=0.812 t=57s
[P975_h160_pad0.040] it  40 J=0.41226 A_min=0.3709 A_mean=0.4254 |g|=2.01e-03 bin=0.017 S_flip=0.811 t=58s
[P975_h160_pad0.040] it  41 J=0.41260 A_min=0.3713 A_mean=0.4257 |g|=2.04e-03 bin=0.016 S_flip=0.810 t=60s
[P975_h160_pad0.040] it  42 J=0.41294 A_min=0.3716 A_mean=0.4259 |g|=2.13e-03 bin=0.015 S_flip=0.808 t=61s
[P975_h160_pad0.040] it  43 J=0.41329 A_min=0.3720 A_mean=0.4261 |g|=2.16e-03 bin=0.015 S_flip=0.808 t=62s
[P975_h160_pad0.040] it  44 J=0.41362 A_min=0.3724 A_mean=0.4263 |g|=2.01e-03 bin=0.014 S_flip=0.807 t=64s
[P975_h160_pad0.040] it  45 J=0.41393 A_min=0.3728 A_mean=0.4265 |g|=1.79e-03 bin=0.013 S_flip=0.807 t=65s
[P975_h160_pad0.040] it  46 J=0.41419 A_min=0.3731 A_mean=0.4266 |g|=1.64e-03 bin=0.012 S_flip=0.807 t=67s
[P975_h160_pad0.040] it  47 J=0.41443 A_min=0.3734 A_mean=0.4267 |g|=1.58e-03 bin=0.012 S_flip=0.807 t=68s
[P975_h160_pad0.040] it  48 J=0.41464 A_min=0.3737 A_mean=0.4268 |g|=1.58e-03 bin=0.011 S_flip=0.807 t=70s
[P975_h160_pad0.040] it  49 J=0.41485 A_min=0.3740 A_mean=0.4269 |g|=1.66e-03 bin=0.011 S_flip=0.807 t=71s
[P975_h160_pad0.040] it  50 J=0.41506 A_min=0.3743 A_mean=0.4270 |g|=1.78e-03 bin=0.010 S_flip=0.807 t=73s
[P975_h160_pad0.040] it  51 J=0.41529 A_min=0.3747 A_mean=0.4271 |g|=1.99e-03 bin=0.010 S_flip=0.807 t=74s
[P975_h160_pad0.040] it  52 J=0.41554 A_min=0.3752 A_mean=0.4271 |g|=2.12e-03 bin=0.010 S_flip=0.807 t=76s
[P975_h160_pad0.040] it  53 J=0.41580 A_min=0.3756 A_mean=0.4272 |g|=1.97e-03 bin=0.010 S_flip=0.808 t=77s
[P975_h160_pad0.040] it  54 J=0.41604 A_min=0.3761 A_mean=0.4273 |g|=1.85e-03 bin=0.009 S_flip=0.808 t=78s
[P975_h160_pad0.040] it  55 J=0.41626 A_min=0.3765 A_mean=0.4273 |g|=1.88e-03 bin=0.009 S_flip=0.808 t=80s
[P975_h160_pad0.040] it  56 J=0.41647 A_min=0.3769 A_mean=0.4274 |g|=1.93e-03 bin=0.009 S_flip=0.808 t=81s
[P975_h160_pad0.040] it  57 J=0.41667 A_min=0.3774 A_mean=0.4274 |g|=2.01e-03 bin=0.008 S_flip=0.808 t=82s
[P975_h160_pad0.040] it  58 J=0.41686 A_min=0.3777 A_mean=0.4275 |g|=2.07e-03 bin=0.008 S_flip=0.808 t=84s
[P975_h160_pad0.040] it  59 J=0.41703 A_min=0.3781 A_mean=0.4276 |g|=2.04e-03 bin=0.008 S_flip=0.808 t=85s
[P975_h160_pad0.040] it  60 J=0.41720 A_min=0.3783 A_mean=0.4276 |g|=1.91e-03 bin=0.007 S_flip=0.808 t=87s
[P975_h160_pad0.040] it  61 J=0.41736 A_min=0.3786 A_mean=0.4277 |g|=1.81e-03 bin=0.007 S_flip=0.808 t=88s
[P975_h160_pad0.040] it  62 J=0.41755 A_min=0.3789 A_mean=0.4278 |g|=1.96e-03 bin=0.007 S_flip=0.808 t=90s
[P975_h160_pad0.040] it  63 J=0.41775 A_min=0.3792 A_mean=0.4279 |g|=2.05e-03 bin=0.007 S_flip=0.808 t=91s
[P975_h160_pad0.040] it  64 J=0.41795 A_min=0.3795 A_mean=0.4280 |g|=1.76e-03 bin=0.006 S_flip=0.808 t=93s
[P975_h160_pad0.040] it  65 J=0.41811 A_min=0.3798 A_mean=0.4281 |g|=1.62e-03 bin=0.006 S_flip=0.809 t=94s
[P975_h160_pad0.040] it  66 J=0.41825 A_min=0.3800 A_mean=0.4282 |g|=1.64e-03 bin=0.006 S_flip=0.809 t=96s
[P975_h160_pad0.040] it  67 J=0.41838 A_min=0.3803 A_mean=0.4282 |g|=1.60e-03 bin=0.005 S_flip=0.809 t=97s
[P975_h160_pad0.040] it  68 J=0.41850 A_min=0.3805 A_mean=0.4283 |g|=1.46e-03 bin=0.005 S_flip=0.809 t=98s
[P975_h160_pad0.040] it  69 J=0.41862 A_min=0.3807 A_mean=0.4283 |g|=1.34e-03 bin=0.005 S_flip=0.809 t=100s
[P975_h160_pad0.040] it  70 J=0.41872 A_min=0.3809 A_mean=0.4284 |g|=1.26e-03 bin=0.005 S_flip=0.809 t=101s
[P975_h160_pad0.040] it  71 J=0.41881 A_min=0.3811 A_mean=0.4284 |g|=1.23e-03 bin=0.005 S_flip=0.809 t=103s
[P975_h160_pad0.040] it  72 J=0.41889 A_min=0.3812 A_mean=0.4284 |g|=1.21e-03 bin=0.004 S_flip=0.809 t=104s
[P975_h160_pad0.040] it  73 J=0.41896 A_min=0.3814 A_mean=0.4285 |g|=1.19e-03 bin=0.004 S_flip=0.808 t=106s
[P975_h160_pad0.040] it  74 J=0.41903 A_min=0.3815 A_mean=0.4285 |g|=1.22e-03 bin=0.004 S_flip=0.808 t=107s
[P975_h160_pad0.040] it  75 J=0.41909 A_min=0.3816 A_mean=0.4285 |g|=1.21e-03 bin=0.004 S_flip=0.808 t=108s
[P975_h160_pad0.040] it  76 J=0.41915 A_min=0.3817 A_mean=0.4286 |g|=1.09e-03 bin=0.003 S_flip=0.808 t=110s
[P975_h160_pad0.040] it  77 J=0.41920 A_min=0.3818 A_mean=0.4286 |g|=8.94e-04 bin=0.003 S_flip=0.808 t=111s
[P975_h160_pad0.040] it  78 J=0.41923 A_min=0.3818 A_mean=0.4286 |g|=7.69e-04 bin=0.003 S_flip=0.808 t=113s
[P975_h160_pad0.040] it  79 J=0.41926 A_min=0.3818 A_mean=0.4286 |g|=7.67e-04 bin=0.003 S_flip=0.808 t=114s
[P975_h160_pad0.040] it  80 J=0.41928 A_min=0.3819 A_mean=0.4287 |g|=8.37e-04 bin=0.003 S_flip=0.808 t=116s
[P975_h160_pad0.040] it  81 J=0.41931 A_min=0.3819 A_mean=0.4287 |g|=9.87e-04 bin=0.003 S_flip=0.808 t=117s
[P975_h160_pad0.040] it  82 J=0.41934 A_min=0.3820 A_mean=0.4287 |g|=1.20e-03 bin=0.003 S_flip=0.808 t=119s
[P975_h160_pad0.040] it  83 J=0.41937 A_min=0.3820 A_mean=0.4287 |g|=1.44e-03 bin=0.003 S_flip=0.808 t=120s
[P975_h160_pad0.040] it  84 J=0.41942 A_min=0.3821 A_mean=0.4287 |g|=1.78e-03 bin=0.003 S_flip=0.808 t=122s
[P975_h160_pad0.040] it  85 J=0.41947 A_min=0.3823 A_mean=0.4287 |g|=2.12e-03 bin=0.002 S_flip=0.808 t=123s
[P975_h160_pad0.040] it  86 J=0.41954 A_min=0.3824 A_mean=0.4287 |g|=2.06e-03 bin=0.002 S_flip=0.808 t=125s
[P975_h160_pad0.040] it  87 J=0.41959 A_min=0.3826 A_mean=0.4287 |g|=1.95e-03 bin=0.002 S_flip=0.808 t=126s
[P975_h160_pad0.040] it  88 J=0.41964 A_min=0.3827 A_mean=0.4287 |g|=1.78e-03 bin=0.002 S_flip=0.808 t=128s
[P975_h160_pad0.040] it  89 J=0.41968 A_min=0.3828 A_mean=0.4287 |g|=1.81e-03 bin=0.002 S_flip=0.808 t=129s
[P975_h160_pad0.040] it  90 J=0.41973 A_min=0.3829 A_mean=0.4287 |g|=1.96e-03 bin=0.002 S_flip=0.808 t=130s
[P975_h160_pad0.040] it  91 J=0.41978 A_min=0.3831 A_mean=0.4287 |g|=1.86e-03 bin=0.002 S_flip=0.808 t=132s
[P975_h160_pad0.040] it  92 J=0.41982 A_min=0.3832 A_mean=0.4287 |g|=1.40e-03 bin=0.002 S_flip=0.808 t=133s
[P975_h160_pad0.040] it  93 J=0.41984 A_min=0.3832 A_mean=0.4287 |g|=1.33e-03 bin=0.002 S_flip=0.808 t=135s
[P975_h160_pad0.040] it  94 J=0.41987 A_min=0.3833 A_mean=0.4287 |g|=1.61e-03 bin=0.002 S_flip=0.808 t=136s
[P975_h160_pad0.040] it  95 J=0.41990 A_min=0.3833 A_mean=0.4287 |g|=2.02e-03 bin=0.002 S_flip=0.808 t=138s
[P975_h160_pad0.040] it  96 J=0.41994 A_min=0.3834 A_mean=0.4287 |g|=2.26e-03 bin=0.002 S_flip=0.808 t=139s
[P975_h160_pad0.040] it  97 J=0.41998 A_min=0.3834 A_mean=0.4288 |g|=2.06e-03 bin=0.002 S_flip=0.808 t=140s
[P975_h160_pad0.040] it  98 J=0.42001 A_min=0.3835 A_mean=0.4288 |g|=1.60e-03 bin=0.002 S_flip=0.809 t=142s
[P975_h160_pad0.040] it  99 J=0.42003 A_min=0.3835 A_mean=0.4288 |g|=1.51e-03 bin=0.001 S_flip=0.809 t=143s
[P975_h160_pad0.040] it 100 J=0.42005 A_min=0.3835 A_mean=0.4288 |g|=1.68e-03 bin=0.001 S_flip=0.809 t=145s
[P975_h160_pad0.040] it 101 J=0.42007 A_min=0.3836 A_mean=0.4288 |g|=1.90e-03 bin=0.001 S_flip=0.809 t=146s
[P975_h160_pad0.040] it 102 J=0.42009 A_min=0.3836 A_mean=0.4288 |g|=1.91e-03 bin=0.001 S_flip=0.809 t=148s
[P975_h160_pad0.040] it 103 J=0.42011 A_min=0.3836 A_mean=0.4288 |g|=1.67e-03 bin=0.001 S_flip=0.809 t=149s
[P975_h160_pad0.040] it 104 J=0.42012 A_min=0.3836 A_mean=0.4289 |g|=1.38e-03 bin=0.001 S_flip=0.809 t=151s
[P975_h160_pad0.040] it 105 J=0.42013 A_min=0.3836 A_mean=0.4289 |g|=1.18e-03 bin=0.001 S_flip=0.809 t=152s
[P975_h160_pad0.040] it 106 J=0.42014 A_min=0.3836 A_mean=0.4289 |g|=1.08e-03 bin=0.001 S_flip=0.809 t=153s
[P975_h160_pad0.040] it 107 J=0.42015 A_min=0.3837 A_mean=0.4289 |g|=1.04e-03 bin=0.001 S_flip=0.809 t=155s
[P975_h160_pad0.040] it 108 J=0.42015 A_min=0.3837 A_mean=0.4289 |g|=1.03e-03 bin=0.001 S_flip=0.809 t=156s
[P975_h160_pad0.040] it 109 J=0.42015 A_min=0.3837 A_mean=0.4289 |g|=1.02e-03 bin=0.001 S_flip=0.809 t=157s
[P975_h160_pad0.040] it 110 J=0.42016 A_min=0.3837 A_mean=0.4289 |g|=1.00e-03 bin=0.001 S_flip=0.809 t=159s
[P975_h160_pad0.040] it 111 J=0.42016 A_min=0.3837 A_mean=0.4289 |g|=9.82e-04 bin=0.001 S_flip=0.809 t=160s
[P975_h160_pad0.040] it 112 J=0.42016 A_min=0.3837 A_mean=0.4289 |g|=9.59e-04 bin=0.001 S_flip=0.809 t=162s
[P975_h160_pad0.040] it 113 J=0.42016 A_min=0.3837 A_mean=0.4289 |g|=9.37e-04 bin=0.001 S_flip=0.809 t=163s
[P975_h160_pad0.040] it 114 J=0.42016 A_min=0.3837 A_mean=0.4289 |g|=9.16e-04 bin=0.001 S_flip=0.809 t=165s
[P975_h160_pad0.040] it 115 J=0.42017 A_min=0.3837 A_mean=0.4289 |g|=8.95e-04 bin=0.001 S_flip=0.809 t=166s
[P975_h160_pad0.040] it 116 J=0.42017 A_min=0.3837 A_mean=0.4289 |g|=8.74e-04 bin=0.001 S_flip=0.809 t=167s
[P975_h160_pad0.040] it 117 J=0.42017 A_min=0.3837 A_mean=0.4289 |g|=8.53e-04 bin=0.001 S_flip=0.809 t=169s
[P975_h160_pad0.040] it 118 J=0.42017 A_min=0.3837 A_mean=0.4289 |g|=8.32e-04 bin=0.000 S_flip=0.809 t=170s
[P975_h160_pad0.040] it 119 J=0.42017 A_min=0.3837 A_mean=0.4289 |g|=8.11e-04 bin=0.000 S_flip=0.809 t=171s
[P975_h160_pad0.040] done: J_soft=0.42017 J_hard=0.42017 A_hard=[0.4487, 0.4543, 0.3837] S_flip=0.810 wall=173s
[P875_h160_pad0.040] it   0 J=0.22877 A_min=0.2059 A_mean=0.2329 |g|=1.13e-02 bin=0.132 S_flip=0.471 t=1s
[P875_h160_pad0.040] it   1 J=0.24081 A_min=0.2111 A_mean=0.2463 |g|=1.20e-02 bin=0.121 S_flip=0.443 t=3s
[P875_h160_pad0.040] it   2 J=0.25380 A_min=0.2181 A_mean=0.2620 |g|=1.26e-02 bin=0.111 S_flip=0.419 t=4s
[P875_h160_pad0.040] it   3 J=0.26796 A_min=0.2279 A_mean=0.2792 |g|=1.41e-02 bin=0.101 S_flip=0.398 t=6s
[P875_h160_pad0.040] it   4 J=0.28466 A_min=0.2424 A_mean=0.2978 |g|=1.75e-02 bin=0.092 S_flip=0.381 t=7s
[P875_h160_pad0.040] it   5 J=0.30565 A_min=0.2644 A_mean=0.3200 |g|=2.22e-02 bin=0.084 S_flip=0.366 t=9s
[P875_h160_pad0.040] it   6 J=0.33101 A_min=0.2992 A_mean=0.3488 |g|=2.52e-02 bin=0.077 S_flip=0.353 t=10s
[P875_h160_pad0.040] it   7 J=0.35460 A_min=0.3155 A_mean=0.3837 |g|=1.81e-02 bin=0.070 S_flip=0.342 t=12s
[P875_h160_pad0.040] it   8 J=0.36319 A_min=0.3047 A_mean=0.4098 |g|=5.19e-03 bin=0.064 S_flip=0.334 t=13s
[P875_h160_pad0.040] it   9 J=0.35723 A_min=0.2957 A_mean=0.4106 |g|=1.34e-02 bin=0.059 S_flip=0.329 t=15s
[P875_h160_pad0.040] it  10 J=0.34878 A_min=0.2904 A_mean=0.3977 |g|=1.95e-02 bin=0.055 S_flip=0.329 t=16s
[P875_h160_pad0.040] it  11 J=0.34417 A_min=0.2886 A_mean=0.3885 |g|=2.22e-02 bin=0.051 S_flip=0.333 t=17s
[P875_h160_pad0.040] it  12 J=0.34474 A_min=0.2896 A_mean=0.3883 |g|=2.21e-02 bin=0.048 S_flip=0.339 t=19s
[P875_h160_pad0.040] it  13 J=0.34926 A_min=0.2925 A_mean=0.3952 |g|=2.02e-02 bin=0.046 S_flip=0.347 t=20s
[P875_h160_pad0.040] it  14 J=0.35581 A_min=0.2967 A_mean=0.4051 |g|=1.70e-02 bin=0.044 S_flip=0.356 t=22s
[P875_h160_pad0.040] it  15 J=0.36259 A_min=0.3017 A_mean=0.4141 |g|=1.31e-02 bin=0.042 S_flip=0.365 t=23s
[P875_h160_pad0.040] it  16 J=0.36823 A_min=0.3070 A_mean=0.4192 |g|=8.82e-03 bin=0.040 S_flip=0.374 t=25s
[P875_h160_pad0.040] it  17 J=0.37185 A_min=0.3120 A_mean=0.4192 |g|=4.79e-03 bin=0.038 S_flip=0.383 t=26s
[P875_h160_pad0.040] it  18 J=0.37309 A_min=0.3165 A_mean=0.4152 |g|=4.33e-03 bin=0.036 S_flip=0.392 t=28s
[P875_h160_pad0.040] it  19 J=0.37239 A_min=0.3200 A_mean=0.4094 |g|=7.75e-03 bin=0.034 S_flip=0.399 t=29s
[P875_h160_pad0.040] it  20 J=0.37086 A_min=0.3225 A_mean=0.4040 |g|=1.08e-02 bin=0.033 S_flip=0.406 t=31s
[P875_h160_pad0.040] it  21 J=0.36967 A_min=0.3241 A_mean=0.4004 |g|=1.27e-02 bin=0.031 S_flip=0.411 t=32s
[P875_h160_pad0.040] it  22 J=0.36951 A_min=0.3250 A_mean=0.3994 |g|=1.35e-02 bin=0.030 S_flip=0.414 t=34s
[P875_h160_pad0.040] it  23 J=0.37060 A_min=0.3253 A_mean=0.4010 |g|=1.36e-02 bin=0.029 S_flip=0.416 t=35s
[P875_h160_pad0.040] it  24 J=0.37275 A_min=0.3252 A_mean=0.4047 |g|=1.27e-02 bin=0.028 S_flip=0.417 t=37s
[P875_h160_pad0.040] it  25 J=0.37543 A_min=0.3247 A_mean=0.4100 |g|=1.04e-02 bin=0.026 S_flip=0.417 t=38s
[P875_h160_pad0.040] it  26 J=0.37782 A_min=0.3239 A_mean=0.4154 |g|=6.96e-03 bin=0.025 S_flip=0.417 t=40s
[P875_h160_pad0.040] it  27 J=0.37937 A_min=0.3230 A_mean=0.4196 |g|=3.70e-03 bin=0.023 S_flip=0.417 t=41s
[P875_h160_pad0.040] it  28 J=0.38010 A_min=0.3222 A_mean=0.4224 |g|=2.22e-03 bin=0.022 S_flip=0.417 t=43s
[P875_h160_pad0.040] it  29 J=0.38036 A_min=0.3216 A_mean=0.4240 |g|=2.66e-03 bin=0.021 S_flip=0.418 t=44s
[P875_h160_pad0.040] it  30 J=0.38044 A_min=0.3211 A_mean=0.4249 |g|=3.49e-03 bin=0.020 S_flip=0.420 t=45s
[P875_h160_pad0.040] it  31 J=0.38053 A_min=0.3209 A_mean=0.4254 |g|=4.12e-03 bin=0.019 S_flip=0.421 t=47s
[P875_h160_pad0.040] it  32 J=0.38073 A_min=0.3210 A_mean=0.4257 |g|=4.53e-03 bin=0.018 S_flip=0.423 t=48s
[P875_h160_pad0.040] it  33 J=0.38109 A_min=0.3214 A_mean=0.4259 |g|=4.71e-03 bin=0.018 S_flip=0.425 t=50s
[P875_h160_pad0.040] it  34 J=0.38160 A_min=0.3220 A_mean=0.4261 |g|=4.71e-03 bin=0.017 S_flip=0.427 t=51s
[P875_h160_pad0.040] it  35 J=0.38226 A_min=0.3228 A_mean=0.4263 |g|=4.53e-03 bin=0.017 S_flip=0.430 t=53s
[P875_h160_pad0.040] it  36 J=0.38302 A_min=0.3238 A_mean=0.4264 |g|=4.20e-03 bin=0.017 S_flip=0.433 t=54s
[P875_h160_pad0.040] it  37 J=0.38382 A_min=0.3248 A_mean=0.4265 |g|=3.75e-03 bin=0.016 S_flip=0.435 t=56s
[P875_h160_pad0.040] it  38 J=0.38461 A_min=0.3259 A_mean=0.4265 |g|=3.35e-03 bin=0.016 S_flip=0.438 t=57s
[P875_h160_pad0.040] it  39 J=0.38536 A_min=0.3270 A_mean=0.4265 |g|=3.14e-03 bin=0.015 S_flip=0.441 t=59s
[P875_h160_pad0.040] it  40 J=0.38606 A_min=0.3281 A_mean=0.4264 |g|=3.06e-03 bin=0.015 S_flip=0.443 t=60s
[P875_h160_pad0.040] it  41 J=0.38668 A_min=0.3291 A_mean=0.4262 |g|=3.09e-03 bin=0.014 S_flip=0.446 t=61s
[P875_h160_pad0.040] it  42 J=0.38721 A_min=0.3301 A_mean=0.4259 |g|=3.19e-03 bin=0.014 S_flip=0.449 t=63s
[P875_h160_pad0.040] it  43 J=0.38766 A_min=0.3309 A_mean=0.4257 |g|=3.28e-03 bin=0.013 S_flip=0.452 t=64s
[P875_h160_pad0.040] it  44 J=0.38804 A_min=0.3317 A_mean=0.4254 |g|=3.39e-03 bin=0.012 S_flip=0.455 t=65s
[P875_h160_pad0.040] it  45 J=0.38837 A_min=0.3324 A_mean=0.4252 |g|=3.50e-03 bin=0.011 S_flip=0.458 t=67s
[P875_h160_pad0.040] it  46 J=0.38869 A_min=0.3330 A_mean=0.4250 |g|=3.56e-03 bin=0.011 S_flip=0.461 t=68s
[P875_h160_pad0.040] it  47 J=0.38899 A_min=0.3335 A_mean=0.4250 |g|=3.51e-03 bin=0.010 S_flip=0.463 t=70s
[P875_h160_pad0.040] it  48 J=0.38928 A_min=0.3339 A_mean=0.4250 |g|=3.35e-03 bin=0.009 S_flip=0.465 t=71s
[P875_h160_pad0.040] it  49 J=0.38958 A_min=0.3342 A_mean=0.4252 |g|=3.11e-03 bin=0.009 S_flip=0.467 t=73s
[P875_h160_pad0.040] it  50 J=0.38988 A_min=0.3344 A_mean=0.4255 |g|=2.83e-03 bin=0.008 S_flip=0.468 t=74s
[P875_h160_pad0.040] it  51 J=0.39018 A_min=0.3346 A_mean=0.4258 |g|=2.58e-03 bin=0.008 S_flip=0.470 t=76s
[P875_h160_pad0.040] it  52 J=0.39048 A_min=0.3348 A_mean=0.4261 |g|=2.27e-03 bin=0.007 S_flip=0.471 t=77s
[P875_h160_pad0.040] it  53 J=0.39074 A_min=0.3350 A_mean=0.4263 |g|=1.92e-03 bin=0.007 S_flip=0.472 t=79s
[P875_h160_pad0.040] it  54 J=0.39097 A_min=0.3351 A_mean=0.4266 |g|=1.69e-03 bin=0.006 S_flip=0.473 t=80s
[P875_h160_pad0.040] it  55 J=0.39118 A_min=0.3352 A_mean=0.4268 |g|=1.67e-03 bin=0.006 S_flip=0.474 t=82s
[P875_h160_pad0.040] it  56 J=0.39139 A_min=0.3354 A_mean=0.4269 |g|=1.76e-03 bin=0.006 S_flip=0.475 t=83s
[P875_h160_pad0.040] it  57 J=0.39160 A_min=0.3356 A_mean=0.4270 |g|=1.81e-03 bin=0.006 S_flip=0.477 t=84s
[P875_h160_pad0.040] it  58 J=0.39182 A_min=0.3359 A_mean=0.4271 |g|=1.97e-03 bin=0.006 S_flip=0.478 t=86s
[P875_h160_pad0.040] it  59 J=0.39205 A_min=0.3361 A_mean=0.4271 |g|=2.00e-03 bin=0.005 S_flip=0.479 t=87s
[P875_h160_pad0.040] it  60 J=0.39227 A_min=0.3364 A_mean=0.4272 |g|=2.09e-03 bin=0.005 S_flip=0.480 t=89s
[P875_h160_pad0.040] it  61 J=0.39250 A_min=0.3367 A_mean=0.4273 |g|=2.25e-03 bin=0.005 S_flip=0.482 t=90s
[P875_h160_pad0.040] it  62 J=0.39276 A_min=0.3370 A_mean=0.4274 |g|=2.14e-03 bin=0.005 S_flip=0.483 t=92s
[P875_h160_pad0.040] it  63 J=0.39299 A_min=0.3374 A_mean=0.4274 |g|=1.63e-03 bin=0.004 S_flip=0.485 t=93s
[P875_h160_pad0.040] it  64 J=0.39315 A_min=0.3376 A_mean=0.4274 |g|=1.42e-03 bin=0.004 S_flip=0.486 t=95s
[P875_h160_pad0.040] it  65 J=0.39330 A_min=0.3378 A_mean=0.4274 |g|=1.49e-03 bin=0.004 S_flip=0.487 t=96s
[P875_h160_pad0.040] it  66 J=0.39346 A_min=0.3381 A_mean=0.4274 |g|=1.75e-03 bin=0.004 S_flip=0.488 t=98s
[P875_h160_pad0.040] it  67 J=0.39363 A_min=0.3383 A_mean=0.4275 |g|=1.96e-03 bin=0.004 S_flip=0.489 t=99s
[P875_h160_pad0.040] it  68 J=0.39382 A_min=0.3386 A_mean=0.4275 |g|=2.28e-03 bin=0.004 S_flip=0.490 t=101s
[P875_h160_pad0.040] it  69 J=0.39401 A_min=0.3390 A_mean=0.4274 |g|=2.13e-03 bin=0.004 S_flip=0.491 t=102s
[P875_h160_pad0.040] it  70 J=0.39420 A_min=0.3393 A_mean=0.4274 |g|=2.34e-03 bin=0.004 S_flip=0.492 t=103s
[P875_h160_pad0.040] it  71 J=0.39437 A_min=0.3396 A_mean=0.4274 |g|=2.04e-03 bin=0.003 S_flip=0.494 t=104s
[P875_h160_pad0.040] it  72 J=0.39449 A_min=0.3398 A_mean=0.4274 |g|=1.70e-03 bin=0.003 S_flip=0.495 t=106s
[P875_h160_pad0.040] it  73 J=0.39457 A_min=0.3399 A_mean=0.4273 |g|=1.39e-03 bin=0.003 S_flip=0.495 t=107s
[P875_h160_pad0.040] it  74 J=0.39465 A_min=0.3401 A_mean=0.4273 |g|=1.47e-03 bin=0.003 S_flip=0.496 t=109s
[P875_h160_pad0.040] it  75 J=0.39475 A_min=0.3403 A_mean=0.4273 |g|=1.74e-03 bin=0.003 S_flip=0.497 t=110s
[P875_h160_pad0.040] it  76 J=0.39486 A_min=0.3405 A_mean=0.4273 |g|=1.98e-03 bin=0.003 S_flip=0.497 t=111s
[P875_h160_pad0.040] it  77 J=0.39499 A_min=0.3407 A_mean=0.4272 |g|=2.26e-03 bin=0.003 S_flip=0.498 t=113s
[P875_h160_pad0.040] it  78 J=0.39512 A_min=0.3409 A_mean=0.4273 |g|=2.15e-03 bin=0.002 S_flip=0.499 t=114s
[P875_h160_pad0.040] it  79 J=0.39523 A_min=0.3411 A_mean=0.4273 |g|=2.21e-03 bin=0.002 S_flip=0.500 t=116s
[P875_h160_pad0.040] it  80 J=0.39535 A_min=0.3412 A_mean=0.4274 |g|=1.93e-03 bin=0.002 S_flip=0.501 t=117s
[P875_h160_pad0.040] it  81 J=0.39545 A_min=0.3413 A_mean=0.4275 |g|=1.83e-03 bin=0.002 S_flip=0.501 t=118s
[P875_h160_pad0.040] it  82 J=0.39553 A_min=0.3414 A_mean=0.4275 |g|=2.14e-03 bin=0.002 S_flip=0.502 t=120s
[P875_h160_pad0.040] it  83 J=0.39565 A_min=0.3415 A_mean=0.4276 |g|=2.85e-03 bin=0.002 S_flip=0.502 t=121s
[P875_h160_pad0.040] it  84 J=0.39577 A_min=0.3417 A_mean=0.4276 |g|=2.62e-03 bin=0.002 S_flip=0.503 t=123s
[P875_h160_pad0.040] it  85 J=0.39587 A_min=0.3418 A_mean=0.4276 |g|=2.16e-03 bin=0.002 S_flip=0.504 t=124s
[P875_h160_pad0.040] it  86 J=0.39594 A_min=0.3419 A_mean=0.4277 |g|=1.88e-03 bin=0.002 S_flip=0.504 t=125s
[P875_h160_pad0.040] it  87 J=0.39600 A_min=0.3419 A_mean=0.4277 |g|=1.59e-03 bin=0.002 S_flip=0.505 t=127s
[P875_h160_pad0.040] it  88 J=0.39606 A_min=0.3420 A_mean=0.4277 |g|=1.52e-03 bin=0.002 S_flip=0.505 t=128s
[P875_h160_pad0.040] it  89 J=0.39611 A_min=0.3421 A_mean=0.4277 |g|=1.63e-03 bin=0.002 S_flip=0.505 t=130s
[P875_h160_pad0.040] it  90 J=0.39616 A_min=0.3421 A_mean=0.4278 |g|=1.46e-03 bin=0.001 S_flip=0.505 t=131s
[P875_h160_pad0.040] it  91 J=0.39621 A_min=0.3422 A_mean=0.4278 |g|=1.94e-03 bin=0.001 S_flip=0.506 t=133s
[P875_h160_pad0.040] it  92 J=0.39627 A_min=0.3422 A_mean=0.4278 |g|=3.00e-03 bin=0.001 S_flip=0.506 t=134s
[P875_h160_pad0.040] it  93 J=0.39635 A_min=0.3424 A_mean=0.4278 |g|=2.92e-03 bin=0.001 S_flip=0.506 t=135s
[P875_h160_pad0.040] it  94 J=0.39641 A_min=0.3425 A_mean=0.4278 |g|=1.48e-03 bin=0.001 S_flip=0.507 t=137s
[P875_h160_pad0.040] it  95 J=0.39643 A_min=0.3425 A_mean=0.4279 |g|=9.88e-04 bin=0.001 S_flip=0.507 t=138s
[P875_h160_pad0.040] it  96 J=0.39645 A_min=0.3425 A_mean=0.4279 |g|=9.90e-04 bin=0.001 S_flip=0.507 t=139s
[P875_h160_pad0.040] it  97 J=0.39646 A_min=0.3425 A_mean=0.4279 |g|=1.09e-03 bin=0.001 S_flip=0.507 t=141s
[P875_h160_pad0.040] it  98 J=0.39647 A_min=0.3425 A_mean=0.4279 |g|=1.17e-03 bin=0.001 S_flip=0.507 t=142s
[P875_h160_pad0.040] it  99 J=0.39649 A_min=0.3425 A_mean=0.4279 |g|=1.16e-03 bin=0.001 S_flip=0.507 t=143s
[P875_h160_pad0.040] it 100 J=0.39650 A_min=0.3426 A_mean=0.4279 |g|=1.11e-03 bin=0.001 S_flip=0.507 t=145s
[P875_h160_pad0.040] it 101 J=0.39651 A_min=0.3426 A_mean=0.4279 |g|=1.05e-03 bin=0.001 S_flip=0.507 t=146s
[P875_h160_pad0.040] it 102 J=0.39652 A_min=0.3426 A_mean=0.4279 |g|=9.49e-04 bin=0.001 S_flip=0.507 t=147s
[P875_h160_pad0.040] it 103 J=0.39652 A_min=0.3426 A_mean=0.4279 |g|=8.54e-04 bin=0.001 S_flip=0.508 t=149s
[P875_h160_pad0.040] it 104 J=0.39653 A_min=0.3425 A_mean=0.4279 |g|=7.96e-04 bin=0.001 S_flip=0.508 t=150s
[P875_h160_pad0.040] it 105 J=0.39653 A_min=0.3425 A_mean=0.4279 |g|=7.86e-04 bin=0.001 S_flip=0.508 t=151s
[P875_h160_pad0.040] it 106 J=0.39653 A_min=0.3425 A_mean=0.4279 |g|=8.15e-04 bin=0.001 S_flip=0.508 t=153s
[P875_h160_pad0.040] it 107 J=0.39654 A_min=0.3425 A_mean=0.4279 |g|=8.71e-04 bin=0.001 S_flip=0.508 t=154s
[P875_h160_pad0.040] it 108 J=0.39654 A_min=0.3425 A_mean=0.4280 |g|=9.43e-04 bin=0.001 S_flip=0.508 t=156s
[P875_h160_pad0.040] it 109 J=0.39654 A_min=0.3425 A_mean=0.4280 |g|=1.02e-03 bin=0.001 S_flip=0.508 t=157s
[P875_h160_pad0.040] it 110 J=0.39654 A_min=0.3425 A_mean=0.4280 |g|=1.11e-03 bin=0.001 S_flip=0.508 t=158s
[P875_h160_pad0.040] it 111 J=0.39655 A_min=0.3425 A_mean=0.4280 |g|=1.19e-03 bin=0.000 S_flip=0.508 t=160s
[P875_h160_pad0.040] it 112 J=0.39655 A_min=0.3425 A_mean=0.4280 |g|=1.27e-03 bin=0.000 S_flip=0.508 t=161s
[P875_h160_pad0.040] it 113 J=0.39655 A_min=0.3425 A_mean=0.4280 |g|=1.34e-03 bin=0.000 S_flip=0.508 t=163s
[P875_h160_pad0.040] it 114 J=0.39655 A_min=0.3425 A_mean=0.4280 |g|=1.40e-03 bin=0.000 S_flip=0.508 t=164s
[P875_h160_pad0.040] it 115 J=0.39655 A_min=0.3425 A_mean=0.4280 |g|=1.45e-03 bin=0.000 S_flip=0.508 t=166s
[P875_h160_pad0.040] it 116 J=0.39655 A_min=0.3425 A_mean=0.4280 |g|=1.49e-03 bin=0.000 S_flip=0.508 t=167s
[P875_h160_pad0.040] it 117 J=0.39655 A_min=0.3425 A_mean=0.4280 |g|=1.51e-03 bin=0.000 S_flip=0.508 t=169s
[P875_h160_pad0.040] it 118 J=0.39655 A_min=0.3425 A_mean=0.4280 |g|=1.52e-03 bin=0.000 S_flip=0.508 t=170s
[P875_h160_pad0.040] it 119 J=0.39655 A_min=0.3425 A_mean=0.4280 |g|=1.52e-03 bin=0.000 S_flip=0.508 t=172s
[P875_h160_pad0.040] done: J_soft=0.39655 J_hard=0.39655 A_hard=[0.4912, 0.4504, 0.3425] S_flip=0.508 wall=174s
[P925_h140_pad0.040] it   0 J=0.28458 A_min=0.2444 A_mean=0.3009 |g|=1.62e-02 bin=0.130 S_flip=0.476 t=2s
[P925_h140_pad0.040] it   1 J=0.30555 A_min=0.2654 A_mean=0.3252 |g|=1.76e-02 bin=0.119 S_flip=0.450 t=3s
[P925_h140_pad0.040] it   2 J=0.32768 A_min=0.2961 A_mean=0.3508 |g|=1.82e-02 bin=0.109 S_flip=0.429 t=4s
[P925_h140_pad0.040] it   3 J=0.34699 A_min=0.3107 A_mean=0.3756 |g|=1.36e-02 bin=0.099 S_flip=0.412 t=6s
[P925_h140_pad0.040] it   4 J=0.35488 A_min=0.3007 A_mean=0.3906 |g|=5.48e-03 bin=0.091 S_flip=0.399 t=7s
[P925_h140_pad0.040] it   5 J=0.35051 A_min=0.2924 A_mean=0.3904 |g|=1.34e-02 bin=0.084 S_flip=0.393 t=9s
[P925_h140_pad0.040] it   6 J=0.34520 A_min=0.2888 A_mean=0.3853 |g|=1.88e-02 bin=0.079 S_flip=0.397 t=10s
[P925_h140_pad0.040] it   7 J=0.34481 A_min=0.2892 A_mean=0.3844 |g|=1.98e-02 bin=0.074 S_flip=0.407 t=12s
[P925_h140_pad0.040] it   8 J=0.34872 A_min=0.2924 A_mean=0.3880 |g|=1.82e-02 bin=0.070 S_flip=0.422 t=13s
[P925_h140_pad0.040] it   9 J=0.35465 A_min=0.2973 A_mean=0.3931 |g|=1.49e-02 bin=0.067 S_flip=0.438 t=15s
[P925_h140_pad0.040] it  10 J=0.36043 A_min=0.3034 A_mean=0.3969 |g|=1.06e-02 bin=0.064 S_flip=0.455 t=17s
[P925_h140_pad0.040] it  11 J=0.36451 A_min=0.3096 A_mean=0.3982 |g|=6.24e-03 bin=0.061 S_flip=0.471 t=18s
[P925_h140_pad0.040] it  12 J=0.36624 A_min=0.3153 A_mean=0.3970 |g|=4.46e-03 bin=0.058 S_flip=0.487 t=20s
[P925_h140_pad0.040] it  13 J=0.36606 A_min=0.3199 A_mean=0.3945 |g|=6.94e-03 bin=0.056 S_flip=0.501 t=22s
[P925_h140_pad0.040] it  14 J=0.36514 A_min=0.3229 A_mean=0.3920 |g|=9.68e-03 bin=0.053 S_flip=0.513 t=23s
[P925_h140_pad0.040] it  15 J=0.36467 A_min=0.3247 A_mean=0.3907 |g|=1.13e-02 bin=0.051 S_flip=0.523 t=25s
[P925_h140_pad0.040] it  16 J=0.36532 A_min=0.3256 A_mean=0.3910 |g|=1.16e-02 bin=0.048 S_flip=0.529 t=26s
[P925_h140_pad0.040] it  17 J=0.36708 A_min=0.3260 A_mean=0.3929 |g|=1.07e-02 bin=0.046 S_flip=0.533 t=28s
[P925_h140_pad0.040] it  18 J=0.36946 A_min=0.3260 A_mean=0.3957 |g|=8.85e-03 bin=0.043 S_flip=0.535 t=29s
[P925_h140_pad0.040] it  19 J=0.37182 A_min=0.3255 A_mean=0.3985 |g|=6.41e-03 bin=0.040 S_flip=0.537 t=30s
[P925_h140_pad0.040] it  20 J=0.37364 A_min=0.3247 A_mean=0.4009 |g|=4.10e-03 bin=0.038 S_flip=0.537 t=32s
[P925_h140_pad0.040] it  21 J=0.37475 A_min=0.3238 A_mean=0.4025 |g|=3.23e-03 bin=0.036 S_flip=0.537 t=33s
[P925_h140_pad0.040] it  22 J=0.37526 A_min=0.3230 A_mean=0.4034 |g|=4.33e-03 bin=0.035 S_flip=0.538 t=35s
[P925_h140_pad0.040] it  23 J=0.37548 A_min=0.3225 A_mean=0.4036 |g|=5.87e-03 bin=0.033 S_flip=0.539 t=36s
[P925_h140_pad0.040] it  24 J=0.37577 A_min=0.3227 A_mean=0.4036 |g|=6.99e-03 bin=0.032 S_flip=0.542 t=37s
[P925_h140_pad0.040] it  25 J=0.37639 A_min=0.3235 A_mean=0.4037 |g|=7.40e-03 bin=0.031 S_flip=0.545 t=39s
[P925_h140_pad0.040] it  26 J=0.37739 A_min=0.3249 A_mean=0.4040 |g|=7.01e-03 bin=0.030 S_flip=0.550 t=40s
[P925_h140_pad0.040] it  27 J=0.37864 A_min=0.3268 A_mean=0.4044 |g|=5.85e-03 bin=0.028 S_flip=0.556 t=41s
[P925_h140_pad0.040] it  28 J=0.37987 A_min=0.3288 A_mean=0.4047 |g|=4.07e-03 bin=0.028 S_flip=0.562 t=43s
[P925_h140_pad0.040] it  29 J=0.38079 A_min=0.3308 A_mean=0.4048 |g|=2.47e-03 bin=0.027 S_flip=0.569 t=44s
[P925_h140_pad0.040] it  30 J=0.38121 A_min=0.3323 A_mean=0.4046 |g|=3.89e-03 bin=0.026 S_flip=0.576 t=46s
[P925_h140_pad0.040] it  31 J=0.38128 A_min=0.3332 A_mean=0.4042 |g|=6.70e-03 bin=0.025 S_flip=0.582 t=47s
[P925_h140_pad0.040] it  32 J=0.38147 A_min=0.3338 A_mean=0.4041 |g|=8.20e-03 bin=0.024 S_flip=0.586 t=49s
[P925_h140_pad0.040] it  33 J=0.38209 A_min=0.3343 A_mean=0.4044 |g|=7.64e-03 bin=0.023 S_flip=0.589 t=50s
[P925_h140_pad0.040] it  34 J=0.38297 A_min=0.3348 A_mean=0.4051 |g|=5.67e-03 bin=0.022 S_flip=0.591 t=52s
[P925_h140_pad0.040] it  35 J=0.38381 A_min=0.3353 A_mean=0.4056 |g|=3.52e-03 bin=0.020 S_flip=0.592 t=53s
[P925_h140_pad0.040] it  36 J=0.38444 A_min=0.3357 A_mean=0.4060 |g|=2.22e-03 bin=0.019 S_flip=0.593 t=55s
[P925_h140_pad0.040] it  37 J=0.38485 A_min=0.3359 A_mean=0.4062 |g|=2.31e-03 bin=0.018 S_flip=0.595 t=56s
[P925_h140_pad0.040] it  38 J=0.38514 A_min=0.3362 A_mean=0.4063 |g|=2.87e-03 bin=0.016 S_flip=0.597 t=58s
[P925_h140_pad0.040] it  39 J=0.38544 A_min=0.3365 A_mean=0.4064 |g|=3.25e-03 bin=0.015 S_flip=0.599 t=59s
[P925_h140_pad0.040] it  40 J=0.38581 A_min=0.3371 A_mean=0.4065 |g|=3.41e-03 bin=0.015 S_flip=0.601 t=61s
[P925_h140_pad0.040] it  41 J=0.38629 A_min=0.3378 A_mean=0.4067 |g|=3.27e-03 bin=0.014 S_flip=0.604 t=62s
[P925_h140_pad0.040] it  42 J=0.38682 A_min=0.3387 A_mean=0.4069 |g|=2.69e-03 bin=0.013 S_flip=0.607 t=64s
[P925_h140_pad0.040] it  43 J=0.38727 A_min=0.3395 A_mean=0.4071 |g|=2.01e-03 bin=0.012 S_flip=0.610 t=65s
[P925_h140_pad0.040] it  44 J=0.38761 A_min=0.3401 A_mean=0.4072 |g|=1.67e-03 bin=0.012 S_flip=0.613 t=67s
[P925_h140_pad0.040] it  45 J=0.38787 A_min=0.3407 A_mean=0.4073 |g|=1.78e-03 bin=0.011 S_flip=0.615 t=69s
[P925_h140_pad0.040] it  46 J=0.38810 A_min=0.3412 A_mean=0.4074 |g|=2.16e-03 bin=0.011 S_flip=0.618 t=70s
[P925_h140_pad0.040] it  47 J=0.38833 A_min=0.3417 A_mean=0.4075 |g|=2.63e-03 bin=0.011 S_flip=0.620 t=72s
[P925_h140_pad0.040] it  48 J=0.38860 A_min=0.3422 A_mean=0.4075 |g|=3.00e-03 bin=0.010 S_flip=0.622 t=73s
[P925_h140_pad0.040] it  49 J=0.38890 A_min=0.3428 A_mean=0.4076 |g|=3.10e-03 bin=0.010 S_flip=0.624 t=75s
[P925_h140_pad0.040] it  50 J=0.38920 A_min=0.3432 A_mean=0.4077 |g|=2.96e-03 bin=0.009 S_flip=0.626 t=76s
[P925_h140_pad0.040] it  51 J=0.38951 A_min=0.3436 A_mean=0.4078 |g|=2.62e-03 bin=0.009 S_flip=0.627 t=77s
[P925_h140_pad0.040] it  52 J=0.38979 A_min=0.3439 A_mean=0.4079 |g|=2.19e-03 bin=0.008 S_flip=0.627 t=79s
[P925_h140_pad0.040] it  53 J=0.39004 A_min=0.3441 A_mean=0.4080 |g|=1.79e-03 bin=0.008 S_flip=0.628 t=80s
[P925_h140_pad0.040] it  54 J=0.39026 A_min=0.3444 A_mean=0.4080 |g|=1.54e-03 bin=0.007 S_flip=0.629 t=81s
[P925_h140_pad0.040] it  55 J=0.39045 A_min=0.3446 A_mean=0.4081 |g|=1.52e-03 bin=0.007 S_flip=0.629 t=83s
[P925_h140_pad0.040] it  56 J=0.39063 A_min=0.3448 A_mean=0.4081 |g|=1.66e-03 bin=0.007 S_flip=0.630 t=84s
[P925_h140_pad0.040] it  57 J=0.39082 A_min=0.3450 A_mean=0.4081 |g|=1.98e-03 bin=0.007 S_flip=0.630 t=86s
[P925_h140_pad0.040] it  58 J=0.39104 A_min=0.3454 A_mean=0.4082 |g|=2.33e-03 bin=0.006 S_flip=0.631 t=87s
[P925_h140_pad0.040] it  59 J=0.39129 A_min=0.3458 A_mean=0.4082 |g|=2.19e-03 bin=0.006 S_flip=0.633 t=89s
[P925_h140_pad0.040] it  60 J=0.39152 A_min=0.3462 A_mean=0.4083 |g|=1.93e-03 bin=0.006 S_flip=0.634 t=90s
[P925_h140_pad0.040] it  61 J=0.39173 A_min=0.3465 A_mean=0.4084 |g|=1.75e-03 bin=0.005 S_flip=0.635 t=91s
[P925_h140_pad0.040] it  62 J=0.39191 A_min=0.3468 A_mean=0.4084 |g|=1.57e-03 bin=0.005 S_flip=0.636 t=93s
[P925_h140_pad0.040] it  63 J=0.39206 A_min=0.3471 A_mean=0.4085 |g|=1.50e-03 bin=0.005 S_flip=0.637 t=94s
[P925_h140_pad0.040] it  64 J=0.39221 A_min=0.3473 A_mean=0.4085 |g|=1.49e-03 bin=0.005 S_flip=0.637 t=95s
[P925_h140_pad0.040] it  65 J=0.39236 A_min=0.3475 A_mean=0.4086 |g|=1.57e-03 bin=0.004 S_flip=0.638 t=97s
[P925_h140_pad0.040] it  66 J=0.39251 A_min=0.3478 A_mean=0.4087 |g|=1.66e-03 bin=0.004 S_flip=0.639 t=98s
[P925_h140_pad0.040] it  67 J=0.39266 A_min=0.3480 A_mean=0.4088 |g|=1.56e-03 bin=0.004 S_flip=0.639 t=99s
[P925_h140_pad0.040] it  68 J=0.39280 A_min=0.3482 A_mean=0.4088 |g|=1.51e-03 bin=0.004 S_flip=0.640 t=101s
[P925_h140_pad0.040] it  69 J=0.39293 A_min=0.3485 A_mean=0.4089 |g|=1.63e-03 bin=0.004 S_flip=0.641 t=102s
[P925_h140_pad0.040] it  70 J=0.39306 A_min=0.3488 A_mean=0.4090 |g|=1.60e-03 bin=0.004 S_flip=0.642 t=104s
[P925_h140_pad0.040] it  71 J=0.39317 A_min=0.3490 A_mean=0.4091 |g|=1.35e-03 bin=0.003 S_flip=0.643 t=105s
[P925_h140_pad0.040] it  72 J=0.39325 A_min=0.3491 A_mean=0.4091 |g|=1.33e-03 bin=0.003 S_flip=0.644 t=106s
[P925_h140_pad0.040] it  73 J=0.39333 A_min=0.3493 A_mean=0.4092 |g|=1.34e-03 bin=0.003 S_flip=0.645 t=108s
[P925_h140_pad0.040] it  74 J=0.39340 A_min=0.3494 A_mean=0.4092 |g|=1.31e-03 bin=0.003 S_flip=0.646 t=109s
[P925_h140_pad0.040] it  75 J=0.39346 A_min=0.3495 A_mean=0.4093 |g|=1.29e-03 bin=0.003 S_flip=0.646 t=110s
[P925_h140_pad0.040] it  76 J=0.39352 A_min=0.3496 A_mean=0.4093 |g|=1.42e-03 bin=0.003 S_flip=0.647 t=112s
[P925_h140_pad0.040] it  77 J=0.39359 A_min=0.3498 A_mean=0.4093 |g|=1.75e-03 bin=0.003 S_flip=0.647 t=113s
[P925_h140_pad0.040] it  78 J=0.39368 A_min=0.3499 A_mean=0.4094 |g|=1.99e-03 bin=0.003 S_flip=0.648 t=114s
[P925_h140_pad0.040] it  79 J=0.39378 A_min=0.3501 A_mean=0.4094 |g|=2.00e-03 bin=0.003 S_flip=0.648 t=116s
[P925_h140_pad0.040] it  80 J=0.39388 A_min=0.3503 A_mean=0.4094 |g|=2.10e-03 bin=0.003 S_flip=0.649 t=117s
[P925_h140_pad0.040] it  81 J=0.39399 A_min=0.3505 A_mean=0.4095 |g|=2.19e-03 bin=0.002 S_flip=0.649 t=118s
[P925_h140_pad0.040] it  82 J=0.39409 A_min=0.3506 A_mean=0.4095 |g|=1.95e-03 bin=0.002 S_flip=0.650 t=120s
[P925_h140_pad0.040] it  83 J=0.39418 A_min=0.3507 A_mean=0.4095 |g|=1.76e-03 bin=0.002 S_flip=0.650 t=121s
[P925_h140_pad0.040] it  84 J=0.39426 A_min=0.3508 A_mean=0.4095 |g|=1.70e-03 bin=0.002 S_flip=0.650 t=123s
[P925_h140_pad0.040] it  85 J=0.39432 A_min=0.3509 A_mean=0.4095 |g|=1.29e-03 bin=0.002 S_flip=0.651 t=124s
[P925_h140_pad0.040] it  86 J=0.39436 A_min=0.3510 A_mean=0.4095 |g|=9.61e-04 bin=0.001 S_flip=0.651 t=125s
[P925_h140_pad0.040] it  87 J=0.39439 A_min=0.3510 A_mean=0.4096 |g|=9.79e-04 bin=0.001 S_flip=0.651 t=127s
[P925_h140_pad0.040] it  88 J=0.39443 A_min=0.3511 A_mean=0.4096 |g|=1.15e-03 bin=0.001 S_flip=0.651 t=128s
[P925_h140_pad0.040] it  89 J=0.39446 A_min=0.3511 A_mean=0.4096 |g|=1.42e-03 bin=0.001 S_flip=0.651 t=130s
[P925_h140_pad0.040] it  90 J=0.39450 A_min=0.3511 A_mean=0.4096 |g|=1.44e-03 bin=0.001 S_flip=0.651 t=131s
[P925_h140_pad0.040] it  91 J=0.39454 A_min=0.3512 A_mean=0.4096 |g|=1.27e-03 bin=0.001 S_flip=0.652 t=133s
[P925_h140_pad0.040] it  92 J=0.39457 A_min=0.3512 A_mean=0.4096 |g|=1.20e-03 bin=0.001 S_flip=0.652 t=134s
[P925_h140_pad0.040] it  93 J=0.39459 A_min=0.3512 A_mean=0.4097 |g|=1.35e-03 bin=0.001 S_flip=0.652 t=136s
[P925_h140_pad0.040] it  94 J=0.39462 A_min=0.3513 A_mean=0.4097 |g|=1.63e-03 bin=0.001 S_flip=0.652 t=137s
[P925_h140_pad0.040] it  95 J=0.39465 A_min=0.3513 A_mean=0.4097 |g|=1.75e-03 bin=0.001 S_flip=0.652 t=139s
[P925_h140_pad0.040] it  96 J=0.39468 A_min=0.3513 A_mean=0.4097 |g|=1.56e-03 bin=0.001 S_flip=0.652 t=140s
[P925_h140_pad0.040] it  97 J=0.39470 A_min=0.3513 A_mean=0.4097 |g|=1.30e-03 bin=0.001 S_flip=0.652 t=142s
[P925_h140_pad0.040] it  98 J=0.39472 A_min=0.3513 A_mean=0.4097 |g|=1.28e-03 bin=0.001 S_flip=0.652 t=143s
[P925_h140_pad0.040] it  99 J=0.39474 A_min=0.3513 A_mean=0.4097 |g|=1.51e-03 bin=0.001 S_flip=0.652 t=145s
[P925_h140_pad0.040] it 100 J=0.39476 A_min=0.3514 A_mean=0.4098 |g|=1.78e-03 bin=0.001 S_flip=0.652 t=146s
[P925_h140_pad0.040] it 101 J=0.39478 A_min=0.3514 A_mean=0.4098 |g|=1.83e-03 bin=0.001 S_flip=0.652 t=148s
[P925_h140_pad0.040] it 102 J=0.39479 A_min=0.3514 A_mean=0.4098 |g|=1.77e-03 bin=0.001 S_flip=0.652 t=149s
[P925_h140_pad0.040] it 103 J=0.39481 A_min=0.3514 A_mean=0.4098 |g|=1.94e-03 bin=0.001 S_flip=0.652 t=151s
[P925_h140_pad0.040] it 104 J=0.39483 A_min=0.3515 A_mean=0.4098 |g|=2.25e-03 bin=0.001 S_flip=0.652 t=152s
[P925_h140_pad0.040] it 105 J=0.39484 A_min=0.3515 A_mean=0.4098 |g|=2.38e-03 bin=0.001 S_flip=0.652 t=154s
[P925_h140_pad0.040] it 106 J=0.39486 A_min=0.3515 A_mean=0.4098 |g|=2.33e-03 bin=0.001 S_flip=0.652 t=155s
[P925_h140_pad0.040] it 107 J=0.39488 A_min=0.3515 A_mean=0.4098 |g|=2.19e-03 bin=0.001 S_flip=0.652 t=156s
[P925_h140_pad0.040] it 108 J=0.39489 A_min=0.3515 A_mean=0.4098 |g|=2.05e-03 bin=0.001 S_flip=0.652 t=158s
[P925_h140_pad0.040] it 109 J=0.39490 A_min=0.3515 A_mean=0.4098 |g|=1.91e-03 bin=0.000 S_flip=0.652 t=159s
[P925_h140_pad0.040] it 110 J=0.39491 A_min=0.3515 A_mean=0.4098 |g|=1.72e-03 bin=0.000 S_flip=0.652 t=160s
[P925_h140_pad0.040] it 111 J=0.39491 A_min=0.3515 A_mean=0.4098 |g|=1.51e-03 bin=0.000 S_flip=0.652 t=162s
[P925_h140_pad0.040] it 112 J=0.39492 A_min=0.3515 A_mean=0.4098 |g|=1.32e-03 bin=0.000 S_flip=0.652 t=163s
[P925_h140_pad0.040] it 113 J=0.39492 A_min=0.3515 A_mean=0.4099 |g|=1.18e-03 bin=0.000 S_flip=0.652 t=164s
[P925_h140_pad0.040] it 114 J=0.39492 A_min=0.3515 A_mean=0.4099 |g|=1.08e-03 bin=0.000 S_flip=0.652 t=166s
[P925_h140_pad0.040] it 115 J=0.39492 A_min=0.3515 A_mean=0.4099 |g|=1.01e-03 bin=0.000 S_flip=0.652 t=167s
[P925_h140_pad0.040] it 116 J=0.39492 A_min=0.3515 A_mean=0.4099 |g|=9.53e-04 bin=0.000 S_flip=0.652 t=168s
[P925_h140_pad0.040] it 117 J=0.39492 A_min=0.3515 A_mean=0.4099 |g|=9.04e-04 bin=0.000 S_flip=0.652 t=170s
[P925_h140_pad0.040] it 118 J=0.39492 A_min=0.3515 A_mean=0.4099 |g|=8.58e-04 bin=0.000 S_flip=0.652 t=171s
[P925_h140_pad0.040] it 119 J=0.39492 A_min=0.3515 A_mean=0.4099 |g|=8.13e-04 bin=0.000 S_flip=0.652 t=172s
[P925_h140_pad0.040] done: J_soft=0.39492 J_hard=0.39492 A_hard=[0.4514, 0.4267, 0.3515] S_flip=0.652 wall=174s
[P925_h160_pad0.070] it   0 J=0.33227 A_min=0.3039 A_mean=0.3531 |g|=1.89e-02 bin=0.121 S_flip=0.475 t=1s
[P925_h160_pad0.070] it   1 J=0.35389 A_min=0.3168 A_mean=0.3808 |g|=1.56e-02 bin=0.110 S_flip=0.449 t=3s
[P925_h160_pad0.070] it   2 J=0.36585 A_min=0.3110 A_mean=0.4043 |g|=6.07e-03 bin=0.101 S_flip=0.427 t=4s
[P925_h160_pad0.070] it   3 J=0.36582 A_min=0.3055 A_mean=0.4127 |g|=8.70e-03 bin=0.093 S_flip=0.415 t=6s
[P925_h160_pad0.070] it   4 J=0.36301 A_min=0.3033 A_mean=0.4109 |g|=1.40e-02 bin=0.088 S_flip=0.415 t=7s
[P925_h160_pad0.070] it   5 J=0.36346 A_min=0.3043 A_mean=0.4106 |g|=1.59e-02 bin=0.084 S_flip=0.426 t=8s
[P925_h160_pad0.070] it   6 J=0.36735 A_min=0.3078 A_mean=0.4137 |g|=1.51e-02 bin=0.080 S_flip=0.443 t=10s
[P925_h160_pad0.070] it   7 J=0.37275 A_min=0.3131 A_mean=0.4173 |g|=1.25e-02 bin=0.077 S_flip=0.463 t=11s
[P925_h160_pad0.070] it   8 J=0.37754 A_min=0.3193 A_mean=0.4184 |g|=8.15e-03 bin=0.073 S_flip=0.486 t=13s
[P925_h160_pad0.070] it   9 J=0.38010 A_min=0.3250 A_mean=0.4162 |g|=4.60e-03 bin=0.069 S_flip=0.508 t=14s
[P925_h160_pad0.070] it  10 J=0.38030 A_min=0.3290 A_mean=0.4124 |g|=7.59e-03 bin=0.065 S_flip=0.528 t=16s
[P925_h160_pad0.070] it  11 J=0.37977 A_min=0.3311 A_mean=0.4096 |g|=1.06e-02 bin=0.061 S_flip=0.543 t=17s
[P925_h160_pad0.070] it  12 J=0.38009 A_min=0.3323 A_mean=0.4090 |g|=1.16e-02 bin=0.058 S_flip=0.552 t=18s
[P925_h160_pad0.070] it  13 J=0.38167 A_min=0.3334 A_mean=0.4105 |g|=1.12e-02 bin=0.054 S_flip=0.558 t=20s
[P925_h160_pad0.070] it  14 J=0.38416 A_min=0.3344 A_mean=0.4135 |g|=9.74e-03 bin=0.052 S_flip=0.561 t=21s
[P925_h160_pad0.070] it  15 J=0.38690 A_min=0.3353 A_mean=0.4170 |g|=7.48e-03 bin=0.049 S_flip=0.562 t=23s
[P925_h160_pad0.070] it  16 J=0.38923 A_min=0.3359 A_mean=0.4201 |g|=4.82e-03 bin=0.047 S_flip=0.562 t=24s
[P925_h160_pad0.070] it  17 J=0.39075 A_min=0.3362 A_mean=0.4223 |g|=3.28e-03 bin=0.045 S_flip=0.562 t=25s
[P925_h160_pad0.070] it  18 J=0.39150 A_min=0.3363 A_mean=0.4234 |g|=4.66e-03 bin=0.043 S_flip=0.562 t=27s
[P925_h160_pad0.070] it  19 J=0.39189 A_min=0.3367 A_mean=0.4236 |g|=6.65e-03 bin=0.041 S_flip=0.564 t=28s
[P925_h160_pad0.070] it  20 J=0.39245 A_min=0.3375 A_mean=0.4236 |g|=7.76e-03 bin=0.039 S_flip=0.568 t=30s
[P925_h160_pad0.070] it  21 J=0.39347 A_min=0.3390 A_mean=0.4238 |g|=7.69e-03 bin=0.037 S_flip=0.573 t=31s
[P925_h160_pad0.070] it  22 J=0.39490 A_min=0.3409 A_mean=0.4242 |g|=6.59e-03 bin=0.035 S_flip=0.580 t=33s
[P925_h160_pad0.070] it  23 J=0.39644 A_min=0.3429 A_mean=0.4247 |g|=4.93e-03 bin=0.033 S_flip=0.588 t=34s
[P925_h160_pad0.070] it  24 J=0.39777 A_min=0.3448 A_mean=0.4250 |g|=3.48e-03 bin=0.032 S_flip=0.596 t=36s
[P925_h160_pad0.070] it  25 J=0.39877 A_min=0.3465 A_mean=0.4251 |g|=3.23e-03 bin=0.030 S_flip=0.603 t=37s
[P925_h160_pad0.070] it  26 J=0.39945 A_min=0.3478 A_mean=0.4250 |g|=4.04e-03 bin=0.029 S_flip=0.610 t=39s
[P925_h160_pad0.070] it  27 J=0.39997 A_min=0.3489 A_mean=0.4250 |g|=4.99e-03 bin=0.027 S_flip=0.617 t=40s
[P925_h160_pad0.070] it  28 J=0.40049 A_min=0.3498 A_mean=0.4251 |g|=5.64e-03 bin=0.026 S_flip=0.622 t=42s
[P925_h160_pad0.070] it  29 J=0.40118 A_min=0.3507 A_mean=0.4255 |g|=5.84e-03 bin=0.025 S_flip=0.625 t=43s
[P925_h160_pad0.070] it  30 J=0.40206 A_min=0.3517 A_mean=0.4261 |g|=5.54e-03 bin=0.024 S_flip=0.628 t=45s
[P925_h160_pad0.070] it  31 J=0.40303 A_min=0.3527 A_mean=0.4268 |g|=4.76e-03 bin=0.023 S_flip=0.629 t=46s
[P925_h160_pad0.070] it  32 J=0.40396 A_min=0.3535 A_mean=0.4275 |g|=3.66e-03 bin=0.022 S_flip=0.630 t=48s
[P925_h160_pad0.070] it  33 J=0.40474 A_min=0.3542 A_mean=0.4281 |g|=2.63e-03 bin=0.021 S_flip=0.631 t=49s
[P925_h160_pad0.070] it  34 J=0.40537 A_min=0.3548 A_mean=0.4285 |g|=2.42e-03 bin=0.020 S_flip=0.631 t=51s
[P925_h160_pad0.070] it  35 J=0.40587 A_min=0.3554 A_mean=0.4288 |g|=2.91e-03 bin=0.020 S_flip=0.632 t=52s
[P925_h160_pad0.070] it  36 J=0.40630 A_min=0.3559 A_mean=0.4291 |g|=3.46e-03 bin=0.019 S_flip=0.633 t=54s
[P925_h160_pad0.070] it  37 J=0.40670 A_min=0.3564 A_mean=0.4293 |g|=3.81e-03 bin=0.018 S_flip=0.635 t=55s
[P925_h160_pad0.070] it  38 J=0.40714 A_min=0.3570 A_mean=0.4295 |g|=3.76e-03 bin=0.017 S_flip=0.637 t=57s
[P925_h160_pad0.070] it  39 J=0.40765 A_min=0.3577 A_mean=0.4297 |g|=3.40e-03 bin=0.017 S_flip=0.640 t=58s
[P925_h160_pad0.070] it  40 J=0.40822 A_min=0.3586 A_mean=0.4300 |g|=2.78e-03 bin=0.016 S_flip=0.643 t=59s
[P925_h160_pad0.070] it  41 J=0.40873 A_min=0.3594 A_mean=0.4301 |g|=2.07e-03 bin=0.016 S_flip=0.647 t=61s
[P925_h160_pad0.070] it  42 J=0.40909 A_min=0.3600 A_mean=0.4303 |g|=2.19e-03 bin=0.015 S_flip=0.651 t=62s
[P925_h160_pad0.070] it  43 J=0.40937 A_min=0.3605 A_mean=0.4304 |g|=2.70e-03 bin=0.014 S_flip=0.654 t=63s
[P925_h160_pad0.070] it  44 J=0.40964 A_min=0.3609 A_mean=0.4305 |g|=2.97e-03 bin=0.013 S_flip=0.656 t=65s
[P925_h160_pad0.070] it  45 J=0.40996 A_min=0.3613 A_mean=0.4306 |g|=2.92e-03 bin=0.013 S_flip=0.657 t=66s
[P925_h160_pad0.070] it  46 J=0.41033 A_min=0.3618 A_mean=0.4308 |g|=2.70e-03 bin=0.012 S_flip=0.658 t=68s
[P925_h160_pad0.070] it  47 J=0.41071 A_min=0.3623 A_mean=0.4309 |g|=2.35e-03 bin=0.012 S_flip=0.659 t=69s
[P925_h160_pad0.070] it  48 J=0.41107 A_min=0.3627 A_mean=0.4311 |g|=1.99e-03 bin=0.011 S_flip=0.660 t=70s
[P925_h160_pad0.070] it  49 J=0.41138 A_min=0.3631 A_mean=0.4312 |g|=1.82e-03 bin=0.011 S_flip=0.661 t=72s
[P925_h160_pad0.070] it  50 J=0.41166 A_min=0.3635 A_mean=0.4312 |g|=1.92e-03 bin=0.010 S_flip=0.661 t=73s
[P925_h160_pad0.070] it  51 J=0.41191 A_min=0.3638 A_mean=0.4313 |g|=2.17e-03 bin=0.010 S_flip=0.662 t=74s
[P925_h160_pad0.070] it  52 J=0.41217 A_min=0.3642 A_mean=0.4314 |g|=2.35e-03 bin=0.010 S_flip=0.663 t=76s
[P925_h160_pad0.070] it  53 J=0.41243 A_min=0.3646 A_mean=0.4316 |g|=2.26e-03 bin=0.009 S_flip=0.664 t=77s
[P925_h160_pad0.070] it  54 J=0.41268 A_min=0.3649 A_mean=0.4317 |g|=1.99e-03 bin=0.009 S_flip=0.666 t=79s
[P925_h160_pad0.070] it  55 J=0.41292 A_min=0.3652 A_mean=0.4319 |g|=1.73e-03 bin=0.008 S_flip=0.667 t=80s
[P925_h160_pad0.070] it  56 J=0.41315 A_min=0.3655 A_mean=0.4320 |g|=1.59e-03 bin=0.008 S_flip=0.669 t=81s
[P925_h160_pad0.070] it  57 J=0.41335 A_min=0.3659 A_mean=0.4321 |g|=1.60e-03 bin=0.008 S_flip=0.671 t=83s
[P925_h160_pad0.070] it  58 J=0.41352 A_min=0.3662 A_mean=0.4321 |g|=1.81e-03 bin=0.007 S_flip=0.673 t=84s
[P925_h160_pad0.070] it  59 J=0.41366 A_min=0.3664 A_mean=0.4322 |g|=1.98e-03 bin=0.007 S_flip=0.674 t=86s
[P925_h160_pad0.070] it  60 J=0.41380 A_min=0.3666 A_mean=0.4322 |g|=1.99e-03 bin=0.007 S_flip=0.675 t=87s
[P925_h160_pad0.070] it  61 J=0.41396 A_min=0.3668 A_mean=0.4323 |g|=1.85e-03 bin=0.007 S_flip=0.675 t=88s
[P925_h160_pad0.070] it  62 J=0.41411 A_min=0.3670 A_mean=0.4323 |g|=1.65e-03 bin=0.006 S_flip=0.675 t=90s
[P925_h160_pad0.070] it  63 J=0.41426 A_min=0.3672 A_mean=0.4324 |g|=1.51e-03 bin=0.006 S_flip=0.675 t=91s
[P925_h160_pad0.070] it  64 J=0.41439 A_min=0.3674 A_mean=0.4324 |g|=1.56e-03 bin=0.006 S_flip=0.675 t=92s
[P925_h160_pad0.070] it  65 J=0.41452 A_min=0.3676 A_mean=0.4325 |g|=1.72e-03 bin=0.006 S_flip=0.676 t=94s
[P925_h160_pad0.070] it  66 J=0.41466 A_min=0.3678 A_mean=0.4326 |g|=1.84e-03 bin=0.006 S_flip=0.676 t=95s
[P925_h160_pad0.070] it  67 J=0.41480 A_min=0.3680 A_mean=0.4327 |g|=1.70e-03 bin=0.006 S_flip=0.677 t=97s
[P925_h160_pad0.070] it  68 J=0.41494 A_min=0.3681 A_mean=0.4328 |g|=1.39e-03 bin=0.005 S_flip=0.678 t=98s
[P925_h160_pad0.070] it  69 J=0.41504 A_min=0.3683 A_mean=0.4329 |g|=1.20e-03 bin=0.005 S_flip=0.679 t=99s
[P925_h160_pad0.070] it  70 J=0.41513 A_min=0.3684 A_mean=0.4329 |g|=1.11e-03 bin=0.005 S_flip=0.680 t=101s
[P925_h160_pad0.070] it  71 J=0.41520 A_min=0.3685 A_mean=0.4330 |g|=1.11e-03 bin=0.004 S_flip=0.681 t=102s
[P925_h160_pad0.070] it  72 J=0.41526 A_min=0.3686 A_mean=0.4331 |g|=1.21e-03 bin=0.004 S_flip=0.682 t=104s
[P925_h160_pad0.070] it  73 J=0.41533 A_min=0.3687 A_mean=0.4331 |g|=1.26e-03 bin=0.004 S_flip=0.682 t=105s
[P925_h160_pad0.070] it  74 J=0.41539 A_min=0.3688 A_mean=0.4332 |g|=1.22e-03 bin=0.004 S_flip=0.683 t=106s
[P925_h160_pad0.070] it  75 J=0.41545 A_min=0.3688 A_mean=0.4332 |g|=1.23e-03 bin=0.004 S_flip=0.683 t=108s
[P925_h160_pad0.070] it  76 J=0.41551 A_min=0.3689 A_mean=0.4332 |g|=1.32e-03 bin=0.004 S_flip=0.683 t=109s
[P925_h160_pad0.070] it  77 J=0.41557 A_min=0.3690 A_mean=0.4333 |g|=1.39e-03 bin=0.003 S_flip=0.683 t=111s
[P925_h160_pad0.070] it  78 J=0.41563 A_min=0.3690 A_mean=0.4333 |g|=1.33e-03 bin=0.003 S_flip=0.683 t=112s
[P925_h160_pad0.070] it  79 J=0.41569 A_min=0.3691 A_mean=0.4333 |g|=1.28e-03 bin=0.003 S_flip=0.683 t=114s
[P925_h160_pad0.070] it  80 J=0.41574 A_min=0.3691 A_mean=0.4334 |g|=1.29e-03 bin=0.003 S_flip=0.683 t=115s
[P925_h160_pad0.070] it  81 J=0.41578 A_min=0.3692 A_mean=0.4334 |g|=1.27e-03 bin=0.003 S_flip=0.684 t=116s
[P925_h160_pad0.070] it  82 J=0.41582 A_min=0.3692 A_mean=0.4334 |g|=1.16e-03 bin=0.002 S_flip=0.684 t=117s
[P925_h160_pad0.070] it  83 J=0.41585 A_min=0.3693 A_mean=0.4334 |g|=1.03e-03 bin=0.002 S_flip=0.685 t=119s
[P925_h160_pad0.070] it  84 J=0.41588 A_min=0.3694 A_mean=0.4335 |g|=1.05e-03 bin=0.002 S_flip=0.685 t=120s
[P925_h160_pad0.070] it  85 J=0.41592 A_min=0.3694 A_mean=0.4335 |g|=1.12e-03 bin=0.002 S_flip=0.685 t=121s
[P925_h160_pad0.070] it  86 J=0.41595 A_min=0.3695 A_mean=0.4335 |g|=1.12e-03 bin=0.002 S_flip=0.686 t=122s
[P925_h160_pad0.070] it  87 J=0.41598 A_min=0.3695 A_mean=0.4335 |g|=1.18e-03 bin=0.002 S_flip=0.686 t=123s
[P925_h160_pad0.070] it  88 J=0.41601 A_min=0.3696 A_mean=0.4335 |g|=1.35e-03 bin=0.002 S_flip=0.686 t=124s
[P925_h160_pad0.070] it  89 J=0.41604 A_min=0.3697 A_mean=0.4334 |g|=1.43e-03 bin=0.002 S_flip=0.687 t=125s
[P925_h160_pad0.070] it  90 J=0.41607 A_min=0.3698 A_mean=0.4334 |g|=1.31e-03 bin=0.002 S_flip=0.687 t=127s
[P925_h160_pad0.070] it  91 J=0.41609 A_min=0.3698 A_mean=0.4334 |g|=1.14e-03 bin=0.001 S_flip=0.687 t=128s
[P925_h160_pad0.070] it  92 J=0.41611 A_min=0.3699 A_mean=0.4334 |g|=1.03e-03 bin=0.001 S_flip=0.687 t=129s
[P925_h160_pad0.070] it  93 J=0.41613 A_min=0.3699 A_mean=0.4334 |g|=9.84e-04 bin=0.001 S_flip=0.688 t=130s
[P925_h160_pad0.070] it  94 J=0.41614 A_min=0.3699 A_mean=0.4334 |g|=9.87e-04 bin=0.001 S_flip=0.688 t=131s
[P925_h160_pad0.070] it  95 J=0.41616 A_min=0.3699 A_mean=0.4334 |g|=9.11e-04 bin=0.001 S_flip=0.688 t=132s
[P925_h160_pad0.070] it  96 J=0.41617 A_min=0.3699 A_mean=0.4334 |g|=8.15e-04 bin=0.001 S_flip=0.688 t=134s
[P925_h160_pad0.070] it  97 J=0.41618 A_min=0.3700 A_mean=0.4334 |g|=7.73e-04 bin=0.001 S_flip=0.688 t=135s
[P925_h160_pad0.070] it  98 J=0.41619 A_min=0.3700 A_mean=0.4334 |g|=7.79e-04 bin=0.001 S_flip=0.688 t=136s
[P925_h160_pad0.070] it  99 J=0.41619 A_min=0.3700 A_mean=0.4334 |g|=8.65e-04 bin=0.001 S_flip=0.688 t=137s
[P925_h160_pad0.070] it 100 J=0.41620 A_min=0.3700 A_mean=0.4334 |g|=9.61e-04 bin=0.001 S_flip=0.688 t=138s
[P925_h160_pad0.070] it 101 J=0.41621 A_min=0.3700 A_mean=0.4334 |g|=9.76e-04 bin=0.001 S_flip=0.688 t=139s
[P925_h160_pad0.070] it 102 J=0.41621 A_min=0.3700 A_mean=0.4335 |g|=9.10e-04 bin=0.001 S_flip=0.689 t=141s
[P925_h160_pad0.070] it 103 J=0.41622 A_min=0.3700 A_mean=0.4335 |g|=8.34e-04 bin=0.001 S_flip=0.689 t=142s
[P925_h160_pad0.070] it 104 J=0.41622 A_min=0.3700 A_mean=0.4335 |g|=7.80e-04 bin=0.001 S_flip=0.689 t=143s
[P925_h160_pad0.070] it 105 J=0.41623 A_min=0.3700 A_mean=0.4335 |g|=7.42e-04 bin=0.001 S_flip=0.689 t=144s
[P925_h160_pad0.070] it 106 J=0.41623 A_min=0.3700 A_mean=0.4335 |g|=7.19e-04 bin=0.001 S_flip=0.689 t=146s
[P925_h160_pad0.070] it 107 J=0.41623 A_min=0.3701 A_mean=0.4335 |g|=7.16e-04 bin=0.001 S_flip=0.689 t=147s
[P925_h160_pad0.070] it 108 J=0.41623 A_min=0.3701 A_mean=0.4335 |g|=7.34e-04 bin=0.001 S_flip=0.689 t=148s
[P925_h160_pad0.070] it 109 J=0.41623 A_min=0.3701 A_mean=0.4335 |g|=7.74e-04 bin=0.001 S_flip=0.689 t=149s
[P925_h160_pad0.070] it 110 J=0.41624 A_min=0.3701 A_mean=0.4335 |g|=8.33e-04 bin=0.000 S_flip=0.689 t=151s
[P925_h160_pad0.070] it 111 J=0.41624 A_min=0.3701 A_mean=0.4335 |g|=9.07e-04 bin=0.000 S_flip=0.689 t=152s
[P925_h160_pad0.070] it 112 J=0.41624 A_min=0.3701 A_mean=0.4335 |g|=9.90e-04 bin=0.000 S_flip=0.689 t=153s
[P925_h160_pad0.070] it 113 J=0.41624 A_min=0.3701 A_mean=0.4335 |g|=1.08e-03 bin=0.000 S_flip=0.689 t=154s
[P925_h160_pad0.070] it 114 J=0.41624 A_min=0.3701 A_mean=0.4335 |g|=1.17e-03 bin=0.000 S_flip=0.689 t=155s
[P925_h160_pad0.070] it 115 J=0.41624 A_min=0.3701 A_mean=0.4335 |g|=1.24e-03 bin=0.000 S_flip=0.689 t=156s
[P925_h160_pad0.070] it 116 J=0.41624 A_min=0.3701 A_mean=0.4335 |g|=1.31e-03 bin=0.000 S_flip=0.689 t=158s
[P925_h160_pad0.070] it 117 J=0.41624 A_min=0.3701 A_mean=0.4335 |g|=1.36e-03 bin=0.000 S_flip=0.689 t=159s
[P925_h160_pad0.070] it 118 J=0.41624 A_min=0.3701 A_mean=0.4335 |g|=1.39e-03 bin=0.000 S_flip=0.689 t=160s
[P925_h160_pad0.070] it 119 J=0.41624 A_min=0.3701 A_mean=0.4335 |g|=1.40e-03 bin=0.000 S_flip=0.689 t=161s
[P925_h160_pad0.070] done: J_soft=0.41624 J_hard=0.41623 A_hard=[0.4705, 0.4599, 0.3701] S_flip=0.689 wall=163s
[P925_h160_pad0.030] it   0 J=0.37765 A_min=0.3205 A_mean=0.4173 |g|=5.16e-03 bin=0.130 S_flip=0.476 t=1s
[P925_h160_pad0.030] it   1 J=0.38085 A_min=0.3230 A_mean=0.4204 |g|=5.60e-03 bin=0.123 S_flip=0.489 t=3s
[P925_h160_pad0.030] it   2 J=0.38374 A_min=0.3273 A_mean=0.4202 |g|=4.27e-03 bin=0.117 S_flip=0.510 t=4s
[P925_h160_pad0.030] it   3 J=0.38599 A_min=0.3308 A_mean=0.4198 |g|=4.57e-03 bin=0.110 S_flip=0.529 t=5s
[P925_h160_pad0.030] it   4 J=0.38813 A_min=0.3334 A_mean=0.4202 |g|=4.26e-03 bin=0.104 S_flip=0.541 t=6s
[P925_h160_pad0.030] it   5 J=0.39013 A_min=0.3359 A_mean=0.4205 |g|=4.05e-03 bin=0.099 S_flip=0.551 t=8s
[P925_h160_pad0.030] it   6 J=0.39198 A_min=0.3384 A_mean=0.4206 |g|=4.39e-03 bin=0.094 S_flip=0.561 t=9s
[P925_h160_pad0.030] it   7 J=0.39388 A_min=0.3412 A_mean=0.4208 |g|=4.43e-03 bin=0.089 S_flip=0.572 t=11s
[P925_h160_pad0.030] it   8 J=0.39581 A_min=0.3441 A_mean=0.4212 |g|=4.23e-03 bin=0.085 S_flip=0.583 t=13s
[P925_h160_pad0.030] it   9 J=0.39770 A_min=0.3469 A_mean=0.4217 |g|=4.29e-03 bin=0.081 S_flip=0.593 t=14s
[P925_h160_pad0.030] it  10 J=0.39958 A_min=0.3496 A_mean=0.4223 |g|=4.41e-03 bin=0.078 S_flip=0.602 t=15s
[P925_h160_pad0.030] it  11 J=0.40149 A_min=0.3522 A_mean=0.4232 |g|=4.21e-03 bin=0.074 S_flip=0.609 t=17s
[P925_h160_pad0.030] it  12 J=0.40336 A_min=0.3546 A_mean=0.4241 |g|=3.86e-03 bin=0.071 S_flip=0.615 t=18s
[P925_h160_pad0.030] it  13 J=0.40512 A_min=0.3570 A_mean=0.4249 |g|=3.72e-03 bin=0.068 S_flip=0.621 t=20s
[P925_h160_pad0.030] it  14 J=0.40675 A_min=0.3593 A_mean=0.4256 |g|=3.62e-03 bin=0.065 S_flip=0.627 t=21s
[P925_h160_pad0.030] it  15 J=0.40827 A_min=0.3615 A_mean=0.4263 |g|=3.34e-03 bin=0.062 S_flip=0.633 t=23s
[P925_h160_pad0.030] it  16 J=0.40966 A_min=0.3636 A_mean=0.4270 |g|=3.03e-03 bin=0.059 S_flip=0.640 t=24s
[P925_h160_pad0.030] it  17 J=0.41090 A_min=0.3656 A_mean=0.4276 |g|=2.93e-03 bin=0.056 S_flip=0.646 t=25s
[P925_h160_pad0.030] it  18 J=0.41204 A_min=0.3672 A_mean=0.4282 |g|=2.88e-03 bin=0.054 S_flip=0.652 t=27s
[P925_h160_pad0.030] it  19 J=0.41310 A_min=0.3687 A_mean=0.4288 |g|=2.73e-03 bin=0.051 S_flip=0.658 t=28s
[P925_h160_pad0.030] it  20 J=0.41407 A_min=0.3700 A_mean=0.4294 |g|=2.62e-03 bin=0.049 S_flip=0.662 t=30s
[P925_h160_pad0.030] it  21 J=0.41497 A_min=0.3711 A_mean=0.4300 |g|=2.64e-03 bin=0.047 S_flip=0.667 t=31s
[P925_h160_pad0.030] it  22 J=0.41581 A_min=0.3722 A_mean=0.4307 |g|=2.62e-03 bin=0.045 S_flip=0.672 t=32s
[P925_h160_pad0.030] it  23 J=0.41662 A_min=0.3731 A_mean=0.4314 |g|=2.44e-03 bin=0.043 S_flip=0.678 t=34s
[P925_h160_pad0.030] it  24 J=0.41737 A_min=0.3739 A_mean=0.4321 |g|=2.28e-03 bin=0.041 S_flip=0.683 t=35s
[P925_h160_pad0.030] it  25 J=0.41807 A_min=0.3746 A_mean=0.4327 |g|=2.23e-03 bin=0.040 S_flip=0.689 t=37s
[P925_h160_pad0.030] it  26 J=0.41874 A_min=0.3752 A_mean=0.4334 |g|=2.15e-03 bin=0.038 S_flip=0.693 t=38s
[P925_h160_pad0.030] it  27 J=0.41936 A_min=0.3758 A_mean=0.4339 |g|=1.97e-03 bin=0.036 S_flip=0.698 t=40s
[P925_h160_pad0.030] it  28 J=0.41991 A_min=0.3763 A_mean=0.4345 |g|=1.86e-03 bin=0.035 S_flip=0.702 t=41s
[P925_h160_pad0.030] it  29 J=0.42041 A_min=0.3768 A_mean=0.4349 |g|=1.78e-03 bin=0.033 S_flip=0.706 t=43s
[P925_h160_pad0.030] it  30 J=0.42087 A_min=0.3772 A_mean=0.4354 |g|=1.65e-03 bin=0.032 S_flip=0.710 t=44s
[P925_h160_pad0.030] it  31 J=0.42127 A_min=0.3776 A_mean=0.4358 |g|=1.55e-03 bin=0.031 S_flip=0.714 t=46s
[P925_h160_pad0.030] it  32 J=0.42164 A_min=0.3780 A_mean=0.4362 |g|=1.53e-03 bin=0.029 S_flip=0.718 t=48s
[P925_h160_pad0.030] it  33 J=0.42199 A_min=0.3783 A_mean=0.4365 |g|=1.53e-03 bin=0.028 S_flip=0.721 t=49s
[P925_h160_pad0.030] it  34 J=0.42233 A_min=0.3787 A_mean=0.4367 |g|=1.58e-03 bin=0.027 S_flip=0.724 t=51s
[P925_h160_pad0.030] it  35 J=0.42266 A_min=0.3791 A_mean=0.4370 |g|=1.59e-03 bin=0.026 S_flip=0.727 t=52s
[P925_h160_pad0.030] it  36 J=0.42297 A_min=0.3794 A_mean=0.4373 |g|=1.52e-03 bin=0.025 S_flip=0.730 t=53s
[P925_h160_pad0.030] it  37 J=0.42327 A_min=0.3798 A_mean=0.4375 |g|=1.55e-03 bin=0.024 S_flip=0.732 t=55s
[P925_h160_pad0.030] it  38 J=0.42354 A_min=0.3803 A_mean=0.4377 |g|=1.54e-03 bin=0.023 S_flip=0.735 t=56s
[P925_h160_pad0.030] it  39 J=0.42380 A_min=0.3807 A_mean=0.4377 |g|=1.40e-03 bin=0.022 S_flip=0.737 t=58s
[P925_h160_pad0.030] it  40 J=0.42404 A_min=0.3812 A_mean=0.4377 |g|=1.41e-03 bin=0.021 S_flip=0.739 t=59s
[P925_h160_pad0.030] it  41 J=0.42426 A_min=0.3816 A_mean=0.4378 |g|=1.36e-03 bin=0.020 S_flip=0.741 t=61s
[P925_h160_pad0.030] it  42 J=0.42447 A_min=0.3820 A_mean=0.4378 |g|=1.20e-03 bin=0.019 S_flip=0.743 t=62s
[P925_h160_pad0.030] it  43 J=0.42465 A_min=0.3824 A_mean=0.4379 |g|=1.23e-03 bin=0.018 S_flip=0.745 t=63s
[P925_h160_pad0.030] it  44 J=0.42483 A_min=0.3827 A_mean=0.4379 |g|=1.18e-03 bin=0.017 S_flip=0.746 t=65s
[P925_h160_pad0.030] it  45 J=0.42499 A_min=0.3831 A_mean=0.4378 |g|=1.10e-03 bin=0.017 S_flip=0.747 t=66s
[P925_h160_pad0.030] it  46 J=0.42514 A_min=0.3834 A_mean=0.4378 |g|=1.11e-03 bin=0.016 S_flip=0.748 t=67s
[P925_h160_pad0.030] it  47 J=0.42528 A_min=0.3837 A_mean=0.4378 |g|=1.10e-03 bin=0.015 S_flip=0.750 t=69s
[P925_h160_pad0.030] it  48 J=0.42542 A_min=0.3840 A_mean=0.4379 |g|=1.10e-03 bin=0.015 S_flip=0.751 t=70s
[P925_h160_pad0.030] it  49 J=0.42556 A_min=0.3843 A_mean=0.4379 |g|=1.12e-03 bin=0.014 S_flip=0.752 t=72s
[P925_h160_pad0.030] it  50 J=0.42569 A_min=0.3846 A_mean=0.4379 |g|=1.10e-03 bin=0.014 S_flip=0.752 t=73s
[P925_h160_pad0.030] it  51 J=0.42582 A_min=0.3849 A_mean=0.4379 |g|=1.06e-03 bin=0.013 S_flip=0.753 t=75s
[P925_h160_pad0.030] it  52 J=0.42594 A_min=0.3851 A_mean=0.4379 |g|=1.07e-03 bin=0.013 S_flip=0.754 t=76s
[P925_h160_pad0.030] it  53 J=0.42606 A_min=0.3853 A_mean=0.4379 |g|=1.12e-03 bin=0.012 S_flip=0.754 t=77s
[P925_h160_pad0.030] it  54 J=0.42617 A_min=0.3856 A_mean=0.4379 |g|=1.17e-03 bin=0.012 S_flip=0.755 t=79s
[P925_h160_pad0.030] it  55 J=0.42629 A_min=0.3858 A_mean=0.4379 |g|=1.22e-03 bin=0.011 S_flip=0.755 t=80s
[P925_h160_pad0.030] it  56 J=0.42642 A_min=0.3860 A_mean=0.4380 |g|=1.34e-03 bin=0.011 S_flip=0.756 t=81s
[P925_h160_pad0.030] it  57 J=0.42655 A_min=0.3862 A_mean=0.4380 |g|=1.52e-03 bin=0.011 S_flip=0.757 t=83s
[P925_h160_pad0.030] it  58 J=0.42670 A_min=0.3864 A_mean=0.4381 |g|=1.64e-03 bin=0.011 S_flip=0.757 t=84s
[P925_h160_pad0.030] it  59 J=0.42686 A_min=0.3867 A_mean=0.4382 |g|=1.59e-03 bin=0.010 S_flip=0.758 t=85s
[P925_h160_pad0.030] it  60 J=0.42702 A_min=0.3869 A_mean=0.4383 |g|=1.46e-03 bin=0.010 S_flip=0.759 t=86s
[P925_h160_pad0.030] it  61 J=0.42716 A_min=0.3871 A_mean=0.4384 |g|=1.42e-03 bin=0.009 S_flip=0.760 t=88s
[P925_h160_pad0.030] it  62 J=0.42730 A_min=0.3874 A_mean=0.4385 |g|=1.48e-03 bin=0.009 S_flip=0.761 t=89s
[P925_h160_pad0.030] it  63 J=0.42743 A_min=0.3877 A_mean=0.4385 |g|=1.43e-03 bin=0.008 S_flip=0.762 t=90s
[P925_h160_pad0.030] it  64 J=0.42754 A_min=0.3879 A_mean=0.4385 |g|=1.26e-03 bin=0.008 S_flip=0.763 t=92s
[P925_h160_pad0.030] it  65 J=0.42765 A_min=0.3882 A_mean=0.4385 |g|=1.15e-03 bin=0.007 S_flip=0.763 t=93s
[P925_h160_pad0.030] it  66 J=0.42775 A_min=0.3884 A_mean=0.4385 |g|=1.15e-03 bin=0.007 S_flip=0.764 t=95s
[P925_h160_pad0.030] it  67 J=0.42784 A_min=0.3886 A_mean=0.4385 |g|=1.17e-03 bin=0.006 S_flip=0.764 t=96s
[P925_h160_pad0.030] it  68 J=0.42794 A_min=0.3889 A_mean=0.4385 |g|=1.10e-03 bin=0.006 S_flip=0.765 t=97s
[P925_h160_pad0.030] it  69 J=0.42802 A_min=0.3891 A_mean=0.4385 |g|=9.82e-04 bin=0.006 S_flip=0.765 t=99s
[P925_h160_pad0.030] it  70 J=0.42809 A_min=0.3893 A_mean=0.4385 |g|=9.12e-04 bin=0.005 S_flip=0.766 t=100s
[P925_h160_pad0.030] it  71 J=0.42815 A_min=0.3894 A_mean=0.4385 |g|=9.19e-04 bin=0.005 S_flip=0.766 t=101s
[P925_h160_pad0.030] it  72 J=0.42820 A_min=0.3896 A_mean=0.4384 |g|=9.30e-04 bin=0.005 S_flip=0.766 t=103s
[P925_h160_pad0.030] it  73 J=0.42825 A_min=0.3897 A_mean=0.4384 |g|=9.09e-04 bin=0.004 S_flip=0.766 t=104s
[P925_h160_pad0.030] it  74 J=0.42830 A_min=0.3898 A_mean=0.4384 |g|=9.09e-04 bin=0.004 S_flip=0.766 t=106s
[P925_h160_pad0.030] it  75 J=0.42834 A_min=0.3900 A_mean=0.4384 |g|=9.77e-04 bin=0.004 S_flip=0.766 t=107s
[P925_h160_pad0.030] it  76 J=0.42839 A_min=0.3901 A_mean=0.4384 |g|=1.08e-03 bin=0.004 S_flip=0.766 t=108s
[P925_h160_pad0.030] it  77 J=0.42844 A_min=0.3902 A_mean=0.4384 |g|=1.15e-03 bin=0.004 S_flip=0.766 t=110s
[P925_h160_pad0.030] it  78 J=0.42849 A_min=0.3903 A_mean=0.4384 |g|=1.16e-03 bin=0.004 S_flip=0.767 t=112s
[P925_h160_pad0.030] it  79 J=0.42853 A_min=0.3904 A_mean=0.4385 |g|=1.11e-03 bin=0.004 S_flip=0.767 t=113s
[P925_h160_pad0.030] it  80 J=0.42858 A_min=0.3905 A_mean=0.4385 |g|=1.05e-03 bin=0.004 S_flip=0.767 t=114s
[P925_h160_pad0.030] it  81 J=0.42862 A_min=0.3906 A_mean=0.4385 |g|=1.04e-03 bin=0.003 S_flip=0.767 t=116s
[P925_h160_pad0.030] it  82 J=0.42865 A_min=0.3907 A_mean=0.4385 |g|=1.05e-03 bin=0.003 S_flip=0.767 t=117s
[P925_h160_pad0.030] it  83 J=0.42868 A_min=0.3907 A_mean=0.4385 |g|=1.00e-03 bin=0.003 S_flip=0.767 t=119s
[P925_h160_pad0.030] it  84 J=0.42871 A_min=0.3908 A_mean=0.4385 |g|=9.59e-04 bin=0.003 S_flip=0.767 t=120s
[P925_h160_pad0.030] it  85 J=0.42873 A_min=0.3909 A_mean=0.4385 |g|=9.58e-04 bin=0.003 S_flip=0.767 t=122s
[P925_h160_pad0.030] it  86 J=0.42876 A_min=0.3910 A_mean=0.4384 |g|=1.02e-03 bin=0.003 S_flip=0.767 t=123s
[P925_h160_pad0.030] it  87 J=0.42878 A_min=0.3910 A_mean=0.4384 |g|=1.10e-03 bin=0.003 S_flip=0.767 t=124s
[P925_h160_pad0.030] it  88 J=0.42881 A_min=0.3911 A_mean=0.4384 |g|=1.14e-03 bin=0.003 S_flip=0.767 t=126s
[P925_h160_pad0.030] it  89 J=0.42883 A_min=0.3912 A_mean=0.4384 |g|=1.09e-03 bin=0.002 S_flip=0.767 t=127s
[P925_h160_pad0.030] it  90 J=0.42885 A_min=0.3912 A_mean=0.4384 |g|=9.84e-04 bin=0.002 S_flip=0.767 t=129s
[P925_h160_pad0.030] it  91 J=0.42887 A_min=0.3913 A_mean=0.4384 |g|=8.60e-04 bin=0.002 S_flip=0.767 t=130s
[P925_h160_pad0.030] it  92 J=0.42889 A_min=0.3913 A_mean=0.4384 |g|=7.88e-04 bin=0.002 S_flip=0.767 t=131s
[P925_h160_pad0.030] it  93 J=0.42890 A_min=0.3914 A_mean=0.4384 |g|=7.72e-04 bin=0.002 S_flip=0.768 t=133s
[P925_h160_pad0.030] it  94 J=0.42891 A_min=0.3914 A_mean=0.4384 |g|=7.82e-04 bin=0.002 S_flip=0.768 t=134s
[P925_h160_pad0.030] it  95 J=0.42892 A_min=0.3915 A_mean=0.4383 |g|=7.99e-04 bin=0.002 S_flip=0.768 t=135s
[P925_h160_pad0.030] it  96 J=0.42893 A_min=0.3915 A_mean=0.4383 |g|=8.12e-04 bin=0.002 S_flip=0.768 t=137s
[P925_h160_pad0.030] it  97 J=0.42894 A_min=0.3916 A_mean=0.4383 |g|=8.19e-04 bin=0.002 S_flip=0.768 t=138s
[P925_h160_pad0.030] it  98 J=0.42895 A_min=0.3916 A_mean=0.4383 |g|=8.26e-04 bin=0.001 S_flip=0.768 t=139s
[P925_h160_pad0.030] it  99 J=0.42896 A_min=0.3916 A_mean=0.4383 |g|=8.43e-04 bin=0.001 S_flip=0.768 t=141s
[P925_h160_pad0.030] it 100 J=0.42897 A_min=0.3916 A_mean=0.4383 |g|=8.82e-04 bin=0.001 S_flip=0.768 t=142s
[P925_h160_pad0.030] it 101 J=0.42897 A_min=0.3916 A_mean=0.4383 |g|=9.65e-04 bin=0.001 S_flip=0.768 t=144s
[P925_h160_pad0.030] it 102 J=0.42898 A_min=0.3917 A_mean=0.4383 |g|=1.10e-03 bin=0.001 S_flip=0.768 t=145s
[P925_h160_pad0.030] it 103 J=0.42899 A_min=0.3917 A_mean=0.4383 |g|=1.28e-03 bin=0.001 S_flip=0.768 t=146s
[P925_h160_pad0.030] it 104 J=0.42899 A_min=0.3917 A_mean=0.4383 |g|=1.40e-03 bin=0.001 S_flip=0.768 t=148s
[P925_h160_pad0.030] it 105 J=0.42900 A_min=0.3917 A_mean=0.4383 |g|=1.34e-03 bin=0.001 S_flip=0.768 t=149s
[P925_h160_pad0.030] it 106 J=0.42901 A_min=0.3917 A_mean=0.4383 |g|=1.11e-03 bin=0.001 S_flip=0.768 t=151s
[P925_h160_pad0.030] it 107 J=0.42901 A_min=0.3917 A_mean=0.4383 |g|=8.41e-04 bin=0.001 S_flip=0.768 t=152s
[P925_h160_pad0.030] it 108 J=0.42902 A_min=0.3917 A_mean=0.4383 |g|=6.50e-04 bin=0.001 S_flip=0.768 t=154s
[P925_h160_pad0.030] it 109 J=0.42902 A_min=0.3917 A_mean=0.4383 |g|=5.43e-04 bin=0.001 S_flip=0.768 t=155s
[P925_h160_pad0.030] it 110 J=0.42902 A_min=0.3918 A_mean=0.4383 |g|=4.88e-04 bin=0.001 S_flip=0.768 t=157s
[P925_h160_pad0.030] it 111 J=0.42902 A_min=0.3918 A_mean=0.4383 |g|=4.58e-04 bin=0.001 S_flip=0.768 t=158s
[P925_h160_pad0.030] it 112 J=0.42902 A_min=0.3918 A_mean=0.4383 |g|=4.41e-04 bin=0.001 S_flip=0.768 t=159s
[P925_h160_pad0.030] it 113 J=0.42902 A_min=0.3918 A_mean=0.4383 |g|=4.30e-04 bin=0.001 S_flip=0.768 t=161s
[P925_h160_pad0.030] it 114 J=0.42903 A_min=0.3918 A_mean=0.4383 |g|=4.24e-04 bin=0.001 S_flip=0.768 t=162s
[P925_h160_pad0.030] it 115 J=0.42903 A_min=0.3918 A_mean=0.4383 |g|=4.21e-04 bin=0.000 S_flip=0.768 t=163s
[P925_h160_pad0.030] it 116 J=0.42903 A_min=0.3918 A_mean=0.4383 |g|=4.20e-04 bin=0.000 S_flip=0.768 t=165s
[P925_h160_pad0.030] it 117 J=0.42903 A_min=0.3918 A_mean=0.4383 |g|=4.21e-04 bin=0.000 S_flip=0.768 t=166s
[P925_h160_pad0.030] it 118 J=0.42903 A_min=0.3918 A_mean=0.4383 |g|=4.24e-04 bin=0.000 S_flip=0.768 t=167s
[P925_h160_pad0.030] it 119 J=0.42903 A_min=0.3918 A_mean=0.4383 |g|=4.28e-04 bin=0.000 S_flip=0.768 t=169s
[P925_h160_pad0.030] done: J_soft=0.42903 J_hard=0.42903 A_hard=[0.4665, 0.4566, 0.3918] S_flip=0.769 wall=171s
[P925_h200_pad0.120] it   0 J=0.36911 A_min=0.3141 A_mean=0.4016 |g|=2.02e-03 bin=0.043 S_flip=0.105 t=1s
[P925_h200_pad0.120] it   1 J=0.36979 A_min=0.3145 A_mean=0.4025 |g|=1.60e-03 bin=0.042 S_flip=0.108 t=3s
[P925_h200_pad0.120] it   2 J=0.37029 A_min=0.3148 A_mean=0.4031 |g|=1.52e-03 bin=0.040 S_flip=0.111 t=4s
[P925_h200_pad0.120] it   3 J=0.37074 A_min=0.3151 A_mean=0.4037 |g|=1.56e-03 bin=0.038 S_flip=0.114 t=6s
[P925_h200_pad0.120] it   4 J=0.37119 A_min=0.3154 A_mean=0.4044 |g|=1.58e-03 bin=0.037 S_flip=0.117 t=7s
[P925_h200_pad0.120] it   5 J=0.37164 A_min=0.3157 A_mean=0.4052 |g|=1.56e-03 bin=0.035 S_flip=0.120 t=8s
[P925_h200_pad0.120] it   6 J=0.37208 A_min=0.3160 A_mean=0.4060 |g|=1.51e-03 bin=0.034 S_flip=0.123 t=10s
[P925_h200_pad0.120] it   7 J=0.37252 A_min=0.3163 A_mean=0.4069 |g|=1.45e-03 bin=0.032 S_flip=0.126 t=12s
[P925_h200_pad0.120] it   8 J=0.37294 A_min=0.3165 A_mean=0.4077 |g|=1.39e-03 bin=0.031 S_flip=0.129 t=13s
[P925_h200_pad0.120] it   9 J=0.37334 A_min=0.3168 A_mean=0.4086 |g|=1.35e-03 bin=0.030 S_flip=0.131 t=15s
[P925_h200_pad0.120] it  10 J=0.37372 A_min=0.3170 A_mean=0.4094 |g|=1.32e-03 bin=0.029 S_flip=0.134 t=17s
[P925_h200_pad0.120] it  11 J=0.37408 A_min=0.3173 A_mean=0.4101 |g|=1.30e-03 bin=0.028 S_flip=0.136 t=21s
[P925_h200_pad0.120] it  12 J=0.37443 A_min=0.3175 A_mean=0.4108 |g|=1.29e-03 bin=0.027 S_flip=0.139 t=23s
[P925_h200_pad0.120] it  13 J=0.37477 A_min=0.3177 A_mean=0.4115 |g|=1.27e-03 bin=0.026 S_flip=0.141 t=25s
[P925_h200_pad0.120] it  14 J=0.37509 A_min=0.3179 A_mean=0.4122 |g|=1.25e-03 bin=0.025 S_flip=0.144 t=26s
[P925_h200_pad0.120] it  15 J=0.37541 A_min=0.3181 A_mean=0.4128 |g|=1.22e-03 bin=0.024 S_flip=0.146 t=28s
[P925_h200_pad0.120] it  16 J=0.37571 A_min=0.3183 A_mean=0.4134 |g|=1.21e-03 bin=0.023 S_flip=0.148 t=29s
[P925_h200_pad0.120] it  17 J=0.37601 A_min=0.3185 A_mean=0.4140 |g|=1.19e-03 bin=0.022 S_flip=0.150 t=31s
[P925_h200_pad0.120] it  18 J=0.37629 A_min=0.3186 A_mean=0.4145 |g|=1.18e-03 bin=0.021 S_flip=0.153 t=32s
[P925_h200_pad0.120] it  19 J=0.37657 A_min=0.3188 A_mean=0.4151 |g|=1.16e-03 bin=0.021 S_flip=0.155 t=34s
[P925_h200_pad0.120] it  20 J=0.37683 A_min=0.3190 A_mean=0.4156 |g|=1.15e-03 bin=0.020 S_flip=0.157 t=35s
[P925_h200_pad0.120] it  21 J=0.37709 A_min=0.3191 A_mean=0.4162 |g|=1.13e-03 bin=0.019 S_flip=0.159 t=36s
[P925_h200_pad0.120] it  22 J=0.37734 A_min=0.3193 A_mean=0.4167 |g|=1.12e-03 bin=0.019 S_flip=0.161 t=38s
[P925_h200_pad0.120] it  23 J=0.37758 A_min=0.3194 A_mean=0.4172 |g|=1.11e-03 bin=0.018 S_flip=0.164 t=39s
[P925_h200_pad0.120] it  24 J=0.37781 A_min=0.3196 A_mean=0.4177 |g|=1.10e-03 bin=0.017 S_flip=0.166 t=40s
[P925_h200_pad0.120] it  25 J=0.37804 A_min=0.3197 A_mean=0.4182 |g|=1.10e-03 bin=0.017 S_flip=0.169 t=42s
[P925_h200_pad0.120] it  26 J=0.37826 A_min=0.3199 A_mean=0.4187 |g|=1.09e-03 bin=0.016 S_flip=0.171 t=43s
[P925_h200_pad0.120] it  27 J=0.37847 A_min=0.3200 A_mean=0.4192 |g|=1.09e-03 bin=0.015 S_flip=0.174 t=45s
[P925_h200_pad0.120] it  28 J=0.37868 A_min=0.3201 A_mean=0.4196 |g|=1.07e-03 bin=0.015 S_flip=0.177 t=46s
[P925_h200_pad0.120] it  29 J=0.37888 A_min=0.3203 A_mean=0.4200 |g|=1.05e-03 bin=0.014 S_flip=0.180 t=48s
[P925_h200_pad0.120] it  30 J=0.37907 A_min=0.3204 A_mean=0.4204 |g|=1.02e-03 bin=0.013 S_flip=0.182 t=49s
[P925_h200_pad0.120] it  31 J=0.37925 A_min=0.3205 A_mean=0.4207 |g|=9.93e-04 bin=0.013 S_flip=0.185 t=50s
[P925_h200_pad0.120] it  32 J=0.37942 A_min=0.3207 A_mean=0.4210 |g|=9.60e-04 bin=0.012 S_flip=0.188 t=52s
[P925_h200_pad0.120] it  33 J=0.37958 A_min=0.3208 A_mean=0.4212 |g|=9.31e-04 bin=0.011 S_flip=0.191 t=53s
[P925_h200_pad0.120] it  34 J=0.37973 A_min=0.3209 A_mean=0.4215 |g|=9.09e-04 bin=0.011 S_flip=0.194 t=55s
[P925_h200_pad0.120] it  35 J=0.37987 A_min=0.3210 A_mean=0.4217 |g|=8.92e-04 bin=0.010 S_flip=0.197 t=56s
[P925_h200_pad0.120] it  36 J=0.38001 A_min=0.3211 A_mean=0.4218 |g|=8.78e-04 bin=0.010 S_flip=0.200 t=57s
[P925_h200_pad0.120] it  37 J=0.38013 A_min=0.3213 A_mean=0.4220 |g|=8.62e-04 bin=0.009 S_flip=0.203 t=59s
[P925_h200_pad0.120] it  38 J=0.38024 A_min=0.3214 A_mean=0.4221 |g|=8.43e-04 bin=0.009 S_flip=0.205 t=60s
[P925_h200_pad0.120] it  39 J=0.38034 A_min=0.3215 A_mean=0.4222 |g|=8.26e-04 bin=0.008 S_flip=0.208 t=61s
[P925_h200_pad0.120] it  40 J=0.38043 A_min=0.3215 A_mean=0.4223 |g|=8.13e-04 bin=0.008 S_flip=0.210 t=63s
[P925_h200_pad0.120] it  41 J=0.38052 A_min=0.3216 A_mean=0.4225 |g|=8.00e-04 bin=0.008 S_flip=0.211 t=64s
[P925_h200_pad0.120] it  42 J=0.38060 A_min=0.3217 A_mean=0.4226 |g|=7.84e-04 bin=0.007 S_flip=0.213 t=65s
[P925_h200_pad0.120] it  43 J=0.38067 A_min=0.3217 A_mean=0.4227 |g|=7.60e-04 bin=0.007 S_flip=0.214 t=67s
[P925_h200_pad0.120] it  44 J=0.38074 A_min=0.3218 A_mean=0.4229 |g|=7.29e-04 bin=0.007 S_flip=0.214 t=68s
[P925_h200_pad0.120] it  45 J=0.38081 A_min=0.3218 A_mean=0.4230 |g|=6.94e-04 bin=0.007 S_flip=0.215 t=69s
[P925_h200_pad0.120] it  46 J=0.38087 A_min=0.3219 A_mean=0.4232 |g|=6.62e-04 bin=0.006 S_flip=0.216 t=71s
[P925_h200_pad0.120] it  47 J=0.38093 A_min=0.3219 A_mean=0.4233 |g|=6.41e-04 bin=0.006 S_flip=0.217 t=72s
[P925_h200_pad0.120] it  48 J=0.38099 A_min=0.3219 A_mean=0.4235 |g|=6.33e-04 bin=0.006 S_flip=0.217 t=73s
[P925_h200_pad0.120] it  49 J=0.38104 A_min=0.3220 A_mean=0.4236 |g|=6.35e-04 bin=0.006 S_flip=0.218 t=75s
[P925_h200_pad0.120] it  50 J=0.38109 A_min=0.3220 A_mean=0.4237 |g|=6.42e-04 bin=0.005 S_flip=0.219 t=76s
[P925_h200_pad0.120] it  51 J=0.38114 A_min=0.3220 A_mean=0.4238 |g|=6.50e-04 bin=0.005 S_flip=0.220 t=78s
[P925_h200_pad0.120] it  52 J=0.38119 A_min=0.3221 A_mean=0.4239 |g|=6.61e-04 bin=0.005 S_flip=0.220 t=79s
[P925_h200_pad0.120] it  53 J=0.38124 A_min=0.3221 A_mean=0.4239 |g|=6.77e-04 bin=0.004 S_flip=0.221 t=80s
[P925_h200_pad0.120] it  54 J=0.38129 A_min=0.3222 A_mean=0.4240 |g|=6.94e-04 bin=0.004 S_flip=0.221 t=82s
[P925_h200_pad0.120] it  55 J=0.38134 A_min=0.3222 A_mean=0.4240 |g|=7.00e-04 bin=0.004 S_flip=0.222 t=83s
[P925_h200_pad0.120] it  56 J=0.38138 A_min=0.3222 A_mean=0.4241 |g|=6.75e-04 bin=0.004 S_flip=0.222 t=85s
[P925_h200_pad0.120] it  57 J=0.38143 A_min=0.3223 A_mean=0.4241 |g|=6.17e-04 bin=0.003 S_flip=0.223 t=87s
[P925_h200_pad0.120] it  58 J=0.38146 A_min=0.3223 A_mean=0.4242 |g|=5.52e-04 bin=0.003 S_flip=0.224 t=88s
[P925_h200_pad0.120] it  59 J=0.38150 A_min=0.3223 A_mean=0.4243 |g|=5.03e-04 bin=0.003 S_flip=0.224 t=90s
[P925_h200_pad0.120] it  60 J=0.38152 A_min=0.3224 A_mean=0.4243 |g|=4.71e-04 bin=0.002 S_flip=0.225 t=91s
[P925_h200_pad0.120] it  61 J=0.38155 A_min=0.3224 A_mean=0.4244 |g|=4.50e-04 bin=0.002 S_flip=0.226 t=92s
[P925_h200_pad0.120] it  62 J=0.38157 A_min=0.3224 A_mean=0.4244 |g|=4.38e-04 bin=0.002 S_flip=0.226 t=94s
[P925_h200_pad0.120] it  63 J=0.38159 A_min=0.3224 A_mean=0.4245 |g|=4.32e-04 bin=0.002 S_flip=0.226 t=95s
[P925_h200_pad0.120] it  64 J=0.38160 A_min=0.3224 A_mean=0.4245 |g|=4.33e-04 bin=0.002 S_flip=0.226 t=96s
[P925_h200_pad0.120] it  65 J=0.38162 A_min=0.3224 A_mean=0.4245 |g|=4.40e-04 bin=0.002 S_flip=0.226 t=98s
[P925_h200_pad0.120] it  66 J=0.38164 A_min=0.3224 A_mean=0.4246 |g|=4.50e-04 bin=0.002 S_flip=0.226 t=99s
[P925_h200_pad0.120] it  67 J=0.38165 A_min=0.3225 A_mean=0.4246 |g|=4.63e-04 bin=0.002 S_flip=0.226 t=101s
[P925_h200_pad0.120] it  68 J=0.38167 A_min=0.3225 A_mean=0.4246 |g|=4.78e-04 bin=0.001 S_flip=0.226 t=102s
[P925_h200_pad0.120] it  69 J=0.38169 A_min=0.3225 A_mean=0.4246 |g|=4.91e-04 bin=0.001 S_flip=0.226 t=103s
[P925_h200_pad0.120] it  70 J=0.38170 A_min=0.3225 A_mean=0.4246 |g|=4.97e-04 bin=0.001 S_flip=0.226 t=105s
[P925_h200_pad0.120] it  71 J=0.38172 A_min=0.3225 A_mean=0.4247 |g|=4.96e-04 bin=0.001 S_flip=0.226 t=106s
[P925_h200_pad0.120] it  72 J=0.38173 A_min=0.3225 A_mean=0.4247 |g|=4.89e-04 bin=0.001 S_flip=0.226 t=108s
[P925_h200_pad0.120] it  73 J=0.38174 A_min=0.3226 A_mean=0.4247 |g|=4.85e-04 bin=0.001 S_flip=0.226 t=110s
[P925_h200_pad0.120] it  74 J=0.38176 A_min=0.3226 A_mean=0.4247 |g|=4.84e-04 bin=0.001 S_flip=0.227 t=111s
[P925_h200_pad0.120] it  75 J=0.38177 A_min=0.3226 A_mean=0.4247 |g|=4.71e-04 bin=0.001 S_flip=0.227 t=113s
[P925_h200_pad0.120] it  76 J=0.38178 A_min=0.3226 A_mean=0.4246 |g|=4.40e-04 bin=0.001 S_flip=0.227 t=114s
[P925_h200_pad0.120] it  77 J=0.38179 A_min=0.3226 A_mean=0.4246 |g|=4.01e-04 bin=0.001 S_flip=0.228 t=116s
[P925_h200_pad0.120] it  78 J=0.38180 A_min=0.3226 A_mean=0.4246 |g|=3.67e-04 bin=0.001 S_flip=0.229 t=117s
[P925_h200_pad0.120] it  79 J=0.38181 A_min=0.3226 A_mean=0.4246 |g|=3.45e-04 bin=0.001 S_flip=0.229 t=119s
[P925_h200_pad0.120] it  80 J=0.38181 A_min=0.3227 A_mean=0.4246 |g|=3.34e-04 bin=0.001 S_flip=0.229 t=120s
[P925_h200_pad0.120] it  81 J=0.38182 A_min=0.3227 A_mean=0.4246 |g|=3.40e-04 bin=0.001 S_flip=0.230 t=122s
[P925_h200_pad0.120] it  82 J=0.38183 A_min=0.3227 A_mean=0.4246 |g|=3.65e-04 bin=0.001 S_flip=0.230 t=123s
[P925_h200_pad0.120] it  83 J=0.38183 A_min=0.3227 A_mean=0.4246 |g|=4.07e-04 bin=0.001 S_flip=0.230 t=124s
[P925_h200_pad0.120] it  84 J=0.38184 A_min=0.3227 A_mean=0.4246 |g|=4.63e-04 bin=0.001 S_flip=0.230 t=126s
[P925_h200_pad0.120] it  85 J=0.38184 A_min=0.3227 A_mean=0.4246 |g|=5.27e-04 bin=0.001 S_flip=0.230 t=127s
[P925_h200_pad0.120] it  86 J=0.38185 A_min=0.3227 A_mean=0.4246 |g|=5.96e-04 bin=0.001 S_flip=0.230 t=129s
[P925_h200_pad0.120] it  87 J=0.38186 A_min=0.3227 A_mean=0.4246 |g|=6.56e-04 bin=0.001 S_flip=0.230 t=130s
[P925_h200_pad0.120] it  88 J=0.38186 A_min=0.3227 A_mean=0.4246 |g|=6.72e-04 bin=0.001 S_flip=0.230 t=132s
[P925_h200_pad0.120] it  89 J=0.38187 A_min=0.3227 A_mean=0.4246 |g|=6.16e-04 bin=0.001 S_flip=0.230 t=133s
[P925_h200_pad0.120] it  90 J=0.38188 A_min=0.3227 A_mean=0.4246 |g|=5.14e-04 bin=0.001 S_flip=0.230 t=135s
[P925_h200_pad0.120] it  91 J=0.38189 A_min=0.3227 A_mean=0.4247 |g|=4.33e-04 bin=0.000 S_flip=0.231 t=136s
[P925_h200_pad0.120] it  92 J=0.38189 A_min=0.3227 A_mean=0.4247 |g|=3.93e-04 bin=0.000 S_flip=0.231 t=138s
[P925_h200_pad0.120] it  93 J=0.38189 A_min=0.3227 A_mean=0.4247 |g|=3.73e-04 bin=0.000 S_flip=0.231 t=140s
[P925_h200_pad0.120] it  94 J=0.38190 A_min=0.3227 A_mean=0.4247 |g|=3.56e-04 bin=0.000 S_flip=0.231 t=141s
[P925_h200_pad0.120] it  95 J=0.38190 A_min=0.3227 A_mean=0.4247 |g|=3.38e-04 bin=0.000 S_flip=0.231 t=142s
[P925_h200_pad0.120] it  96 J=0.38190 A_min=0.3227 A_mean=0.4247 |g|=3.22e-04 bin=0.000 S_flip=0.231 t=144s
[P925_h200_pad0.120] it  97 J=0.38190 A_min=0.3227 A_mean=0.4247 |g|=3.10e-04 bin=0.000 S_flip=0.231 t=145s
[P925_h200_pad0.120] it  98 J=0.38191 A_min=0.3227 A_mean=0.4247 |g|=3.02e-04 bin=0.000 S_flip=0.231 t=147s
[P925_h200_pad0.120] it  99 J=0.38191 A_min=0.3227 A_mean=0.4247 |g|=2.97e-04 bin=0.000 S_flip=0.232 t=148s
[P925_h200_pad0.120] it 100 J=0.38191 A_min=0.3227 A_mean=0.4247 |g|=2.96e-04 bin=0.000 S_flip=0.232 t=149s
[P925_h200_pad0.120] it 101 J=0.38191 A_min=0.3227 A_mean=0.4247 |g|=3.00e-04 bin=0.000 S_flip=0.232 t=151s
[P925_h200_pad0.120] it 102 J=0.38191 A_min=0.3227 A_mean=0.4247 |g|=3.13e-04 bin=0.000 S_flip=0.232 t=152s
[P925_h200_pad0.120] it 103 J=0.38191 A_min=0.3227 A_mean=0.4247 |g|=3.35e-04 bin=0.000 S_flip=0.232 t=153s
[P925_h200_pad0.120] it 104 J=0.38191 A_min=0.3227 A_mean=0.4247 |g|=3.66e-04 bin=0.000 S_flip=0.232 t=155s
[P925_h200_pad0.120] it 105 J=0.38191 A_min=0.3228 A_mean=0.4247 |g|=4.05e-04 bin=0.000 S_flip=0.232 t=156s
[P925_h200_pad0.120] it 106 J=0.38191 A_min=0.3228 A_mean=0.4247 |g|=4.51e-04 bin=0.000 S_flip=0.232 t=157s
[P925_h200_pad0.120] it 107 J=0.38191 A_min=0.3228 A_mean=0.4247 |g|=5.01e-04 bin=0.000 S_flip=0.232 t=159s
[P925_h200_pad0.120] it 108 J=0.38191 A_min=0.3228 A_mean=0.4247 |g|=5.51e-04 bin=0.000 S_flip=0.232 t=160s
[P925_h200_pad0.120] it 109 J=0.38192 A_min=0.3228 A_mean=0.4247 |g|=5.98e-04 bin=0.000 S_flip=0.232 t=161s
[P925_h200_pad0.120] it 110 J=0.38192 A_min=0.3228 A_mean=0.4247 |g|=6.38e-04 bin=0.000 S_flip=0.232 t=163s
[P925_h200_pad0.120] it 111 J=0.38192 A_min=0.3228 A_mean=0.4247 |g|=6.68e-04 bin=0.000 S_flip=0.232 t=164s
[P925_h200_pad0.120] it 112 J=0.38192 A_min=0.3228 A_mean=0.4247 |g|=6.87e-04 bin=0.000 S_flip=0.232 t=165s
[P925_h200_pad0.120] it 113 J=0.38192 A_min=0.3228 A_mean=0.4247 |g|=6.98e-04 bin=0.000 S_flip=0.232 t=167s
[P925_h200_pad0.120] it 114 J=0.38192 A_min=0.3228 A_mean=0.4247 |g|=7.04e-04 bin=0.000 S_flip=0.232 t=168s
[P925_h200_pad0.120] it 115 J=0.38192 A_min=0.3228 A_mean=0.4247 |g|=7.07e-04 bin=0.000 S_flip=0.232 t=169s
[P925_h200_pad0.120] it 116 J=0.38192 A_min=0.3228 A_mean=0.4247 |g|=7.11e-04 bin=0.000 S_flip=0.232 t=171s
[P925_h200_pad0.120] it 117 J=0.38192 A_min=0.3228 A_mean=0.4247 |g|=7.18e-04 bin=0.000 S_flip=0.232 t=172s
[P925_h200_pad0.120] it 118 J=0.38192 A_min=0.3228 A_mean=0.4247 |g|=7.28e-04 bin=0.000 S_flip=0.232 t=174s
[P925_h200_pad0.120] it 119 J=0.38192 A_min=0.3228 A_mean=0.4247 |g|=7.42e-04 bin=0.000 S_flip=0.232 t=175s
[P925_h200_pad0.120] done: J_soft=0.38192 J_hard=0.38192 A_hard=[0.4738, 0.4775, 0.3228] S_flip=0.231 wall=177s
[P975_h200_pad0.120] it   0 J=0.22619 A_min=0.1752 A_mean=0.2553 |g|=3.67e-03 bin=0.042 S_flip=0.107 t=1s
[P975_h200_pad0.120] it   1 J=0.22826 A_min=0.1778 A_mean=0.2564 |g|=3.97e-03 bin=0.041 S_flip=0.110 t=3s
[P975_h200_pad0.120] it   2 J=0.23056 A_min=0.1808 A_mean=0.2576 |g|=4.32e-03 bin=0.039 S_flip=0.113 t=4s
[P975_h200_pad0.120] it   3 J=0.23312 A_min=0.1842 A_mean=0.2589 |g|=4.76e-03 bin=0.038 S_flip=0.116 t=6s
[P975_h200_pad0.120] it   4 J=0.23603 A_min=0.1881 A_mean=0.2603 |g|=5.33e-03 bin=0.037 S_flip=0.119 t=7s
[P975_h200_pad0.120] it   5 J=0.23938 A_min=0.1928 A_mean=0.2619 |g|=6.05e-03 bin=0.036 S_flip=0.121 t=9s
[P975_h200_pad0.120] it   6 J=0.24331 A_min=0.1985 A_mean=0.2638 |g|=6.92e-03 bin=0.035 S_flip=0.125 t=10s
[P975_h200_pad0.120] it   7 J=0.24795 A_min=0.2054 A_mean=0.2661 |g|=7.86e-03 bin=0.034 S_flip=0.129 t=11s
[P975_h200_pad0.120] it   8 J=0.25339 A_min=0.2140 A_mean=0.2689 |g|=8.79e-03 bin=0.032 S_flip=0.134 t=13s
[P975_h200_pad0.120] it   9 J=0.25967 A_min=0.2243 A_mean=0.2723 |g|=9.76e-03 bin=0.031 S_flip=0.140 t=14s
[P975_h200_pad0.120] it  10 J=0.26691 A_min=0.2372 A_mean=0.2765 |g|=1.10e-02 bin=0.030 S_flip=0.147 t=15s
[P975_h200_pad0.120] it  11 J=0.27531 A_min=0.2534 A_mean=0.2819 |g|=1.25e-02 bin=0.029 S_flip=0.152 t=17s
[P975_h200_pad0.120] it  12 J=0.28506 A_min=0.2695 A_mean=0.2893 |g|=1.39e-02 bin=0.029 S_flip=0.157 t=18s
[P975_h200_pad0.120] it  13 J=0.29595 A_min=0.2732 A_mean=0.2992 |g|=1.46e-02 bin=0.028 S_flip=0.164 t=20s
[P975_h200_pad0.120] it  14 J=0.30740 A_min=0.2797 A_mean=0.3119 |g|=1.46e-02 bin=0.027 S_flip=0.172 t=21s
[P975_h200_pad0.120] it  15 J=0.31914 A_min=0.2906 A_mean=0.3272 |g|=1.50e-02 bin=0.026 S_flip=0.181 t=22s
[P975_h200_pad0.120] it  16 J=0.33152 A_min=0.3077 A_mean=0.3443 |g|=1.59e-02 bin=0.026 S_flip=0.188 t=24s
[P975_h200_pad0.120] it  17 J=0.34411 A_min=0.3160 A_mean=0.3607 |g|=1.47e-02 bin=0.025 S_flip=0.195 t=25s
[P975_h200_pad0.120] it  18 J=0.35417 A_min=0.3142 A_mean=0.3726 |g|=9.90e-03 bin=0.025 S_flip=0.204 t=27s
[P975_h200_pad0.120] it  19 J=0.35899 A_min=0.3125 A_mean=0.3779 |g|=4.34e-03 bin=0.024 S_flip=0.213 t=28s
[P975_h200_pad0.120] it  20 J=0.35856 A_min=0.3111 A_mean=0.3775 |g|=5.31e-03 bin=0.023 S_flip=0.221 t=29s
[P975_h200_pad0.120] it  21 J=0.35505 A_min=0.3102 A_mean=0.3744 |g|=9.07e-03 bin=0.023 S_flip=0.227 t=31s
[P975_h200_pad0.120] it  22 J=0.35099 A_min=0.3098 A_mean=0.3710 |g|=1.16e-02 bin=0.022 S_flip=0.232 t=32s
[P975_h200_pad0.120] it  23 J=0.34797 A_min=0.3098 A_mean=0.3687 |g|=1.29e-02 bin=0.021 S_flip=0.236 t=34s
[P975_h200_pad0.120] it  24 J=0.34660 A_min=0.3102 A_mean=0.3677 |g|=1.35e-02 bin=0.020 S_flip=0.240 t=35s
[P975_h200_pad0.120] it  25 J=0.34691 A_min=0.3108 A_mean=0.3681 |g|=1.35e-02 bin=0.019 S_flip=0.242 t=36s
[P975_h200_pad0.120] it  26 J=0.34863 A_min=0.3116 A_mean=0.3696 |g|=1.32e-02 bin=0.018 S_flip=0.243 t=38s
[P975_h200_pad0.120] it  27 J=0.35142 A_min=0.3125 A_mean=0.3720 |g|=1.24e-02 bin=0.017 S_flip=0.244 t=39s
[P975_h200_pad0.120] it  28 J=0.35483 A_min=0.3136 A_mean=0.3750 |g|=1.11e-02 bin=0.016 S_flip=0.245 t=41s
[P975_h200_pad0.120] it  29 J=0.35840 A_min=0.3147 A_mean=0.3782 |g|=9.53e-03 bin=0.015 S_flip=0.246 t=42s
[P975_h200_pad0.120] it  30 J=0.36175 A_min=0.3159 A_mean=0.3813 |g|=7.91e-03 bin=0.014 S_flip=0.248 t=43s
[P975_h200_pad0.120] it  31 J=0.36456 A_min=0.3171 A_mean=0.3842 |g|=5.92e-03 bin=0.013 S_flip=0.248 t=45s
[P975_h200_pad0.120] it  32 J=0.36656 A_min=0.3182 A_mean=0.3864 |g|=3.90e-03 bin=0.012 S_flip=0.247 t=46s
[P975_h200_pad0.120] it  33 J=0.36772 A_min=0.3192 A_mean=0.3879 |g|=2.64e-03 bin=0.012 S_flip=0.246 t=47s
[P975_h200_pad0.120] it  34 J=0.36815 A_min=0.3201 A_mean=0.3887 |g|=3.26e-03 bin=0.011 S_flip=0.245 t=49s
[P975_h200_pad0.120] it  35 J=0.36807 A_min=0.3210 A_mean=0.3889 |g|=4.93e-03 bin=0.011 S_flip=0.245 t=50s
[P975_h200_pad0.120] it  36 J=0.36778 A_min=0.3217 A_mean=0.3889 |g|=6.41e-03 bin=0.011 S_flip=0.246 t=51s
[P975_h200_pad0.120] it  37 J=0.36762 A_min=0.3223 A_mean=0.3890 |g|=7.43e-03 bin=0.010 S_flip=0.247 t=53s
[P975_h200_pad0.120] it  38 J=0.36779 A_min=0.3229 A_mean=0.3894 |g|=8.04e-03 bin=0.010 S_flip=0.249 t=54s
[P975_h200_pad0.120] it  39 J=0.36839 A_min=0.3234 A_mean=0.3902 |g|=8.21e-03 bin=0.010 S_flip=0.251 t=55s
[P975_h200_pad0.120] it  40 J=0.36934 A_min=0.3239 A_mean=0.3913 |g|=7.93e-03 bin=0.010 S_flip=0.253 t=56s
[P975_h200_pad0.120] it  41 J=0.37054 A_min=0.3242 A_mean=0.3926 |g|=7.17e-03 bin=0.009 S_flip=0.254 t=58s
[P975_h200_pad0.120] it  42 J=0.37179 A_min=0.3246 A_mean=0.3939 |g|=5.83e-03 bin=0.008 S_flip=0.255 t=59s
[P975_h200_pad0.120] it  43 J=0.37290 A_min=0.3249 A_mean=0.3950 |g|=4.25e-03 bin=0.008 S_flip=0.256 t=60s
[P975_h200_pad0.120] it  44 J=0.37377 A_min=0.3251 A_mean=0.3958 |g|=3.05e-03 bin=0.007 S_flip=0.256 t=62s
[P975_h200_pad0.120] it  45 J=0.37444 A_min=0.3253 A_mean=0.3964 |g|=2.39e-03 bin=0.007 S_flip=0.256 t=63s
[P975_h200_pad0.120] it  46 J=0.37495 A_min=0.3256 A_mean=0.3968 |g|=2.02e-03 bin=0.006 S_flip=0.257 t=65s
[P975_h200_pad0.120] it  47 J=0.37533 A_min=0.3258 A_mean=0.3971 |g|=1.92e-03 bin=0.006 S_flip=0.257 t=66s
[P975_h200_pad0.120] it  48 J=0.37560 A_min=0.3259 A_mean=0.3973 |g|=2.03e-03 bin=0.006 S_flip=0.258 t=68s
[P975_h200_pad0.120] it  49 J=0.37582 A_min=0.3261 A_mean=0.3975 |g|=2.26e-03 bin=0.006 S_flip=0.258 t=69s
[P975_h200_pad0.120] it  50 J=0.37600 A_min=0.3263 A_mean=0.3976 |g|=2.58e-03 bin=0.006 S_flip=0.259 t=70s
[P975_h200_pad0.120] it  51 J=0.37618 A_min=0.3265 A_mean=0.3978 |g|=2.94e-03 bin=0.006 S_flip=0.260 t=72s
[P975_h200_pad0.120] it  52 J=0.37637 A_min=0.3267 A_mean=0.3980 |g|=3.17e-03 bin=0.005 S_flip=0.261 t=73s
[P975_h200_pad0.120] it  53 J=0.37658 A_min=0.3269 A_mean=0.3982 |g|=3.22e-03 bin=0.005 S_flip=0.262 t=74s
[P975_h200_pad0.120] it  54 J=0.37680 A_min=0.3271 A_mean=0.3985 |g|=3.17e-03 bin=0.005 S_flip=0.262 t=76s
[P975_h200_pad0.120] it  55 J=0.37704 A_min=0.3273 A_mean=0.3988 |g|=3.02e-03 bin=0.005 S_flip=0.263 t=77s
[P975_h200_pad0.120] it  56 J=0.37730 A_min=0.3275 A_mean=0.3992 |g|=2.77e-03 bin=0.004 S_flip=0.263 t=79s
[P975_h200_pad0.120] it  57 J=0.37757 A_min=0.3277 A_mean=0.3996 |g|=2.45e-03 bin=0.004 S_flip=0.262 t=80s
[P975_h200_pad0.120] it  58 J=0.37782 A_min=0.3278 A_mean=0.4000 |g|=2.12e-03 bin=0.004 S_flip=0.262 t=81s
[P975_h200_pad0.120] it  59 J=0.37804 A_min=0.3280 A_mean=0.4004 |g|=1.86e-03 bin=0.003 S_flip=0.262 t=83s
[P975_h200_pad0.120] it  60 J=0.37823 A_min=0.3281 A_mean=0.4007 |g|=1.68e-03 bin=0.003 S_flip=0.263 t=84s
[P975_h200_pad0.120] it  61 J=0.37840 A_min=0.3282 A_mean=0.4010 |g|=1.66e-03 bin=0.003 S_flip=0.263 t=85s
[P975_h200_pad0.120] it  62 J=0.37857 A_min=0.3284 A_mean=0.4013 |g|=1.64e-03 bin=0.003 S_flip=0.263 t=87s
[P975_h200_pad0.120] it  63 J=0.37873 A_min=0.3285 A_mean=0.4016 |g|=1.63e-03 bin=0.003 S_flip=0.263 t=88s
[P975_h200_pad0.120] it  64 J=0.37888 A_min=0.3287 A_mean=0.4019 |g|=1.74e-03 bin=0.003 S_flip=0.264 t=90s
[P975_h200_pad0.120] it  65 J=0.37903 A_min=0.3288 A_mean=0.4022 |g|=1.93e-03 bin=0.003 S_flip=0.264 t=91s
[P975_h200_pad0.120] it  66 J=0.37919 A_min=0.3290 A_mean=0.4025 |g|=2.09e-03 bin=0.003 S_flip=0.264 t=93s
[P975_h200_pad0.120] it  67 J=0.37934 A_min=0.3291 A_mean=0.4027 |g|=2.07e-03 bin=0.003 S_flip=0.265 t=94s
[P975_h200_pad0.120] it  68 J=0.37948 A_min=0.3292 A_mean=0.4029 |g|=2.03e-03 bin=0.003 S_flip=0.266 t=95s
[P975_h200_pad0.120] it  69 J=0.37962 A_min=0.3293 A_mean=0.4031 |g|=2.02e-03 bin=0.002 S_flip=0.268 t=97s
[P975_h200_pad0.120] it  70 J=0.37976 A_min=0.3294 A_mean=0.4033 |g|=2.05e-03 bin=0.002 S_flip=0.269 t=98s
[P975_h200_pad0.120] it  71 J=0.37989 A_min=0.3295 A_mean=0.4035 |g|=2.08e-03 bin=0.002 S_flip=0.270 t=100s
[P975_h200_pad0.120] it  72 J=0.38003 A_min=0.3296 A_mean=0.4037 |g|=2.06e-03 bin=0.002 S_flip=0.271 t=102s
[P975_h200_pad0.120] it  73 J=0.38016 A_min=0.3297 A_mean=0.4039 |g|=1.96e-03 bin=0.002 S_flip=0.272 t=103s
[P975_h200_pad0.120] it  74 J=0.38028 A_min=0.3298 A_mean=0.4040 |g|=1.99e-03 bin=0.002 S_flip=0.273 t=104s
[P975_h200_pad0.120] it  75 J=0.38041 A_min=0.3299 A_mean=0.4041 |g|=2.12e-03 bin=0.002 S_flip=0.273 t=106s
[P975_h200_pad0.120] it  76 J=0.38054 A_min=0.3300 A_mean=0.4042 |g|=1.94e-03 bin=0.002 S_flip=0.274 t=107s
[P975_h200_pad0.120] it  77 J=0.38065 A_min=0.3301 A_mean=0.4043 |g|=1.60e-03 bin=0.002 S_flip=0.275 t=109s
[P975_h200_pad0.120] it  78 J=0.38073 A_min=0.3302 A_mean=0.4043 |g|=1.49e-03 bin=0.002 S_flip=0.276 t=110s
[P975_h200_pad0.120] it  79 J=0.38081 A_min=0.3302 A_mean=0.4044 |g|=1.56e-03 bin=0.002 S_flip=0.276 t=112s
[P975_h200_pad0.120] it  80 J=0.38088 A_min=0.3303 A_mean=0.4044 |g|=1.50e-03 bin=0.001 S_flip=0.277 t=113s
[P975_h200_pad0.120] it  81 J=0.38094 A_min=0.3303 A_mean=0.4044 |g|=1.34e-03 bin=0.001 S_flip=0.278 t=115s
[P975_h200_pad0.120] it  82 J=0.38098 A_min=0.3303 A_mean=0.4044 |g|=1.37e-03 bin=0.001 S_flip=0.279 t=116s
[P975_h200_pad0.120] it  83 J=0.38103 A_min=0.3304 A_mean=0.4044 |g|=1.48e-03 bin=0.001 S_flip=0.280 t=117s
[P975_h200_pad0.120] it  84 J=0.38107 A_min=0.3304 A_mean=0.4045 |g|=1.58e-03 bin=0.001 S_flip=0.280 t=119s
[P975_h200_pad0.120] it  85 J=0.38111 A_min=0.3305 A_mean=0.4045 |g|=1.68e-03 bin=0.001 S_flip=0.281 t=120s
[P975_h200_pad0.120] it  86 J=0.38115 A_min=0.3305 A_mean=0.4046 |g|=1.72e-03 bin=0.001 S_flip=0.281 t=122s
[P975_h200_pad0.120] it  87 J=0.38120 A_min=0.3306 A_mean=0.4046 |g|=1.78e-03 bin=0.001 S_flip=0.281 t=123s
[P975_h200_pad0.120] it  88 J=0.38125 A_min=0.3306 A_mean=0.4047 |g|=1.82e-03 bin=0.001 S_flip=0.281 t=125s
[P975_h200_pad0.120] it  89 J=0.38130 A_min=0.3306 A_mean=0.4048 |g|=1.69e-03 bin=0.001 S_flip=0.281 t=126s
[P975_h200_pad0.120] it  90 J=0.38134 A_min=0.3307 A_mean=0.4048 |g|=1.66e-03 bin=0.001 S_flip=0.281 t=127s
[P975_h200_pad0.120] it  91 J=0.38138 A_min=0.3307 A_mean=0.4049 |g|=2.09e-03 bin=0.001 S_flip=0.280 t=129s
[P975_h200_pad0.120] it  92 J=0.38144 A_min=0.3308 A_mean=0.4050 |g|=2.40e-03 bin=0.001 S_flip=0.280 t=130s
[P975_h200_pad0.120] it  93 J=0.38149 A_min=0.3308 A_mean=0.4050 |g|=2.03e-03 bin=0.001 S_flip=0.280 t=132s
[P975_h200_pad0.120] it  94 J=0.38154 A_min=0.3308 A_mean=0.4051 |g|=1.57e-03 bin=0.001 S_flip=0.280 t=133s
[P975_h200_pad0.120] it  95 J=0.38156 A_min=0.3309 A_mean=0.4051 |g|=1.20e-03 bin=0.000 S_flip=0.280 t=135s
[P975_h200_pad0.120] it  96 J=0.38158 A_min=0.3309 A_mean=0.4051 |g|=1.08e-03 bin=0.000 S_flip=0.281 t=137s
[P975_h200_pad0.120] it  97 J=0.38159 A_min=0.3309 A_mean=0.4052 |g|=1.05e-03 bin=0.000 S_flip=0.281 t=138s
[P975_h200_pad0.120] it  98 J=0.38161 A_min=0.3309 A_mean=0.4052 |g|=1.02e-03 bin=0.000 S_flip=0.281 t=140s
[P975_h200_pad0.120] it  99 J=0.38162 A_min=0.3309 A_mean=0.4052 |g|=1.00e-03 bin=0.000 S_flip=0.282 t=141s
[P975_h200_pad0.120] it 100 J=0.38163 A_min=0.3309 A_mean=0.4052 |g|=9.97e-04 bin=0.000 S_flip=0.282 t=143s
[P975_h200_pad0.120] it 101 J=0.38163 A_min=0.3309 A_mean=0.4052 |g|=9.87e-04 bin=0.000 S_flip=0.282 t=144s
[P975_h200_pad0.120] it 102 J=0.38164 A_min=0.3309 A_mean=0.4052 |g|=1.06e-03 bin=0.000 S_flip=0.282 t=146s
[P975_h200_pad0.120] it 103 J=0.38165 A_min=0.3309 A_mean=0.4053 |g|=1.35e-03 bin=0.000 S_flip=0.282 t=147s
[P975_h200_pad0.120] it 104 J=0.38166 A_min=0.3309 A_mean=0.4053 |g|=1.93e-03 bin=0.000 S_flip=0.282 t=149s
[P975_h200_pad0.120] it 105 J=0.38167 A_min=0.3309 A_mean=0.4053 |g|=2.76e-03 bin=0.000 S_flip=0.282 t=150s
[P975_h200_pad0.120] it 106 J=0.38169 A_min=0.3309 A_mean=0.4054 |g|=3.41e-03 bin=0.000 S_flip=0.282 t=152s
[P975_h200_pad0.120] it 107 J=0.38171 A_min=0.3310 A_mean=0.4054 |g|=3.00e-03 bin=0.000 S_flip=0.281 t=153s
[P975_h200_pad0.120] it 108 J=0.38172 A_min=0.3310 A_mean=0.4054 |g|=1.84e-03 bin=0.000 S_flip=0.281 t=155s
[P975_h200_pad0.120] it 109 J=0.38173 A_min=0.3310 A_mean=0.4055 |g|=9.61e-04 bin=0.000 S_flip=0.281 t=156s
[P975_h200_pad0.120] it 110 J=0.38174 A_min=0.3310 A_mean=0.4055 |g|=5.29e-04 bin=0.000 S_flip=0.281 t=158s
[P975_h200_pad0.120] it 111 J=0.38174 A_min=0.3310 A_mean=0.4055 |g|=3.44e-04 bin=0.000 S_flip=0.281 t=159s
[P975_h200_pad0.120] it 112 J=0.38174 A_min=0.3310 A_mean=0.4055 |g|=2.62e-04 bin=0.000 S_flip=0.281 t=160s
[P975_h200_pad0.120] it 113 J=0.38174 A_min=0.3310 A_mean=0.4055 |g|=2.20e-04 bin=0.000 S_flip=0.281 t=162s
[P975_h200_pad0.120] it 114 J=0.38174 A_min=0.3310 A_mean=0.4055 |g|=1.92e-04 bin=0.000 S_flip=0.281 t=163s
[P975_h200_pad0.120] it 115 J=0.38174 A_min=0.3310 A_mean=0.4055 |g|=1.71e-04 bin=0.000 S_flip=0.281 t=164s
[P975_h200_pad0.120] it 116 J=0.38174 A_min=0.3310 A_mean=0.4055 |g|=1.52e-04 bin=0.000 S_flip=0.281 t=166s
[P975_h200_pad0.120] it 117 J=0.38174 A_min=0.3310 A_mean=0.4055 |g|=1.35e-04 bin=0.000 S_flip=0.281 t=167s
[P975_h200_pad0.120] it 118 J=0.38174 A_min=0.3310 A_mean=0.4055 |g|=1.19e-04 bin=0.000 S_flip=0.281 t=168s
[P975_h200_pad0.120] it 119 J=0.38174 A_min=0.3310 A_mean=0.4055 |g|=1.04e-04 bin=0.000 S_flip=0.281 t=169s
[P975_h200_pad0.120] done: J_soft=0.38174 J_hard=0.38174 A_hard=[0.4337, 0.4517, 0.331] S_flip=0.282 wall=171s
[P875_h200_pad0.120] it   0 J=0.24653 A_min=0.1992 A_mean=0.2649 |g|=1.94e-03 bin=0.045 S_flip=0.103 t=1s
[P875_h200_pad0.120] it   1 J=0.24732 A_min=0.2000 A_mean=0.2658 |g|=2.01e-03 bin=0.042 S_flip=0.104 t=3s
[P875_h200_pad0.120] it   2 J=0.24813 A_min=0.2007 A_mean=0.2667 |g|=2.08e-03 bin=0.040 S_flip=0.105 t=4s
[P875_h200_pad0.120] it   3 J=0.24897 A_min=0.2015 A_mean=0.2677 |g|=2.16e-03 bin=0.038 S_flip=0.106 t=5s
[P875_h200_pad0.120] it   4 J=0.24985 A_min=0.2023 A_mean=0.2686 |g|=2.25e-03 bin=0.037 S_flip=0.107 t=6s
[P875_h200_pad0.120] it   5 J=0.25077 A_min=0.2031 A_mean=0.2696 |g|=2.35e-03 bin=0.035 S_flip=0.108 t=8s
[P875_h200_pad0.120] it   6 J=0.25173 A_min=0.2040 A_mean=0.2706 |g|=2.45e-03 bin=0.033 S_flip=0.109 t=10s
[P875_h200_pad0.120] it   7 J=0.25274 A_min=0.2050 A_mean=0.2717 |g|=2.52e-03 bin=0.032 S_flip=0.111 t=11s
[P875_h200_pad0.120] it   8 J=0.25380 A_min=0.2060 A_mean=0.2728 |g|=2.58e-03 bin=0.030 S_flip=0.113 t=13s
[P875_h200_pad0.120] it   9 J=0.25488 A_min=0.2071 A_mean=0.2740 |g|=2.60e-03 bin=0.028 S_flip=0.115 t=14s
[P875_h200_pad0.120] it  10 J=0.25596 A_min=0.2081 A_mean=0.2751 |g|=2.61e-03 bin=0.027 S_flip=0.118 t=15s
[P875_h200_pad0.120] it  11 J=0.25703 A_min=0.2092 A_mean=0.2762 |g|=2.61e-03 bin=0.025 S_flip=0.120 t=17s
[P875_h200_pad0.120] it  12 J=0.25809 A_min=0.2102 A_mean=0.2773 |g|=2.61e-03 bin=0.023 S_flip=0.122 t=18s
[P875_h200_pad0.120] it  13 J=0.25913 A_min=0.2112 A_mean=0.2783 |g|=2.64e-03 bin=0.022 S_flip=0.123 t=20s
[P875_h200_pad0.120] it  14 J=0.26018 A_min=0.2123 A_mean=0.2794 |g|=2.68e-03 bin=0.021 S_flip=0.124 t=21s
[P875_h200_pad0.120] it  15 J=0.26122 A_min=0.2133 A_mean=0.2804 |g|=2.75e-03 bin=0.020 S_flip=0.125 t=23s
[P875_h200_pad0.120] it  16 J=0.26228 A_min=0.2144 A_mean=0.2815 |g|=2.85e-03 bin=0.019 S_flip=0.125 t=24s
[P875_h200_pad0.120] it  17 J=0.26337 A_min=0.2155 A_mean=0.2826 |g|=2.98e-03 bin=0.018 S_flip=0.124 t=25s
[P875_h200_pad0.120] it  18 J=0.26449 A_min=0.2166 A_mean=0.2837 |g|=3.12e-03 bin=0.017 S_flip=0.124 t=27s
[P875_h200_pad0.120] it  19 J=0.26565 A_min=0.2178 A_mean=0.2848 |g|=3.25e-03 bin=0.016 S_flip=0.123 t=28s
[P875_h200_pad0.120] it  20 J=0.26684 A_min=0.2191 A_mean=0.2859 |g|=3.39e-03 bin=0.016 S_flip=0.123 t=30s
[P875_h200_pad0.120] it  21 J=0.26806 A_min=0.2203 A_mean=0.2871 |g|=3.56e-03 bin=0.015 S_flip=0.122 t=31s
[P875_h200_pad0.120] it  22 J=0.26931 A_min=0.2217 A_mean=0.2882 |g|=3.80e-03 bin=0.014 S_flip=0.122 t=32s
[P875_h200_pad0.120] it  23 J=0.27056 A_min=0.2230 A_mean=0.2894 |g|=4.09e-03 bin=0.013 S_flip=0.121 t=34s
[P875_h200_pad0.120] it  24 J=0.27178 A_min=0.2243 A_mean=0.2905 |g|=4.41e-03 bin=0.013 S_flip=0.121 t=35s
[P875_h200_pad0.120] it  25 J=0.27301 A_min=0.2256 A_mean=0.2916 |g|=4.79e-03 bin=0.012 S_flip=0.120 t=36s
[P875_h200_pad0.120] it  26 J=0.27428 A_min=0.2270 A_mean=0.2928 |g|=5.26e-03 bin=0.012 S_flip=0.120 t=38s
[P875_h200_pad0.120] it  27 J=0.27561 A_min=0.2285 A_mean=0.2940 |g|=5.80e-03 bin=0.011 S_flip=0.118 t=39s
[P875_h200_pad0.120] it  28 J=0.27694 A_min=0.2300 A_mean=0.2952 |g|=6.36e-03 bin=0.011 S_flip=0.118 t=40s
[P875_h200_pad0.120] it  29 J=0.27822 A_min=0.2314 A_mean=0.2963 |g|=6.90e-03 bin=0.011 S_flip=0.117 t=42s
[P875_h200_pad0.120] it  30 J=0.27953 A_min=0.2329 A_mean=0.2974 |g|=7.46e-03 bin=0.010 S_flip=0.117 t=43s
[P875_h200_pad0.120] it  31 J=0.28087 A_min=0.2344 A_mean=0.2986 |g|=8.06e-03 bin=0.010 S_flip=0.116 t=45s
[P875_h200_pad0.120] it  32 J=0.28224 A_min=0.2360 A_mean=0.2998 |g|=8.71e-03 bin=0.010 S_flip=0.116 t=46s
[P875_h200_pad0.120] it  33 J=0.28364 A_min=0.2376 A_mean=0.3010 |g|=9.40e-03 bin=0.009 S_flip=0.117 t=47s
[P875_h200_pad0.120] it  34 J=0.28504 A_min=0.2393 A_mean=0.3022 |g|=1.01e-02 bin=0.009 S_flip=0.118 t=49s
[P875_h200_pad0.120] it  35 J=0.28642 A_min=0.2409 A_mean=0.3033 |g|=1.09e-02 bin=0.008 S_flip=0.119 t=50s
[P875_h200_pad0.120] it  36 J=0.28778 A_min=0.2426 A_mean=0.3045 |g|=1.17e-02 bin=0.008 S_flip=0.118 t=52s
[P875_h200_pad0.120] it  37 J=0.28912 A_min=0.2442 A_mean=0.3056 |g|=1.26e-02 bin=0.008 S_flip=0.117 t=53s
[P875_h200_pad0.120] it  38 J=0.29048 A_min=0.2458 A_mean=0.3068 |g|=1.36e-02 bin=0.008 S_flip=0.115 t=55s
[P875_h200_pad0.120] it  39 J=0.29189 A_min=0.2475 A_mean=0.3080 |g|=1.47e-02 bin=0.008 S_flip=0.114 t=56s
[P875_h200_pad0.120] it  40 J=0.29336 A_min=0.2494 A_mean=0.3092 |g|=1.59e-02 bin=0.008 S_flip=0.114 t=57s
[P875_h200_pad0.120] it  41 J=0.29486 A_min=0.2513 A_mean=0.3105 |g|=1.71e-02 bin=0.008 S_flip=0.114 t=59s
[P875_h200_pad0.120] it  42 J=0.29635 A_min=0.2531 A_mean=0.3118 |g|=1.83e-02 bin=0.007 S_flip=0.115 t=60s
[P875_h200_pad0.120] it  43 J=0.29776 A_min=0.2550 A_mean=0.3130 |g|=1.96e-02 bin=0.007 S_flip=0.115 t=62s
[P875_h200_pad0.120] it  44 J=0.29911 A_min=0.2567 A_mean=0.3141 |g|=2.09e-02 bin=0.007 S_flip=0.115 t=63s
[P875_h200_pad0.120] it  45 J=0.30041 A_min=0.2584 A_mean=0.3152 |g|=2.23e-02 bin=0.007 S_flip=0.115 t=64s
[P875_h200_pad0.120] it  46 J=0.30170 A_min=0.2602 A_mean=0.3164 |g|=2.37e-02 bin=0.007 S_flip=0.113 t=66s
[P875_h200_pad0.120] it  47 J=0.30300 A_min=0.2619 A_mean=0.3175 |g|=2.53e-02 bin=0.007 S_flip=0.113 t=67s
[P875_h200_pad0.120] it  48 J=0.30434 A_min=0.2637 A_mean=0.3186 |g|=2.69e-02 bin=0.007 S_flip=0.113 t=68s
[P875_h200_pad0.120] it  49 J=0.30570 A_min=0.2656 A_mean=0.3198 |g|=2.85e-02 bin=0.007 S_flip=0.114 t=70s
[P875_h200_pad0.120] it  50 J=0.30706 A_min=0.2676 A_mean=0.3210 |g|=3.02e-02 bin=0.006 S_flip=0.115 t=71s
[P875_h200_pad0.120] it  51 J=0.30831 A_min=0.2694 A_mean=0.3221 |g|=3.18e-02 bin=0.006 S_flip=0.116 t=73s
[P875_h200_pad0.120] it  52 J=0.30943 A_min=0.2710 A_mean=0.3231 |g|=3.36e-02 bin=0.006 S_flip=0.116 t=74s
[P875_h200_pad0.120] it  53 J=0.31045 A_min=0.2725 A_mean=0.3240 |g|=3.54e-02 bin=0.006 S_flip=0.115 t=75s
[P875_h200_pad0.120] it  54 J=0.31140 A_min=0.2739 A_mean=0.3249 |g|=3.72e-02 bin=0.005 S_flip=0.114 t=77s
[P875_h200_pad0.120] it  55 J=0.31234 A_min=0.2753 A_mean=0.3257 |g|=3.92e-02 bin=0.006 S_flip=0.113 t=78s
[P875_h200_pad0.120] it  56 J=0.31327 A_min=0.2768 A_mean=0.3266 |g|=4.12e-02 bin=0.005 S_flip=0.113 t=80s
[P875_h200_pad0.120] it  57 J=0.31413 A_min=0.2781 A_mean=0.3274 |g|=4.32e-02 bin=0.005 S_flip=0.113 t=81s
[P875_h200_pad0.120] it  58 J=0.31491 A_min=0.2794 A_mean=0.3281 |g|=4.53e-02 bin=0.005 S_flip=0.113 t=82s
[P875_h200_pad0.120] it  59 J=0.31565 A_min=0.2806 A_mean=0.3288 |g|=4.76e-02 bin=0.005 S_flip=0.114 t=84s
[P875_h200_pad0.120] it  60 J=0.31644 A_min=0.2818 A_mean=0.3296 |g|=4.99e-02 bin=0.005 S_flip=0.114 t=85s
[P875_h200_pad0.120] it  61 J=0.31731 A_min=0.2833 A_mean=0.3304 |g|=5.24e-02 bin=0.005 S_flip=0.114 t=87s
[P875_h200_pad0.120] it  62 J=0.31824 A_min=0.2848 A_mean=0.3313 |g|=5.48e-02 bin=0.005 S_flip=0.115 t=88s
[P875_h200_pad0.120] it  63 J=0.31909 A_min=0.2862 A_mean=0.3321 |g|=5.73e-02 bin=0.005 S_flip=0.116 t=89s
[P875_h200_pad0.120] it  64 J=0.31987 A_min=0.2875 A_mean=0.3329 |g|=5.99e-02 bin=0.005 S_flip=0.116 t=91s
[P875_h200_pad0.120] it  65 J=0.32059 A_min=0.2888 A_mean=0.3336 |g|=6.25e-02 bin=0.005 S_flip=0.117 t=92s
[P875_h200_pad0.120] it  66 J=0.32121 A_min=0.2899 A_mean=0.3342 |g|=6.53e-02 bin=0.005 S_flip=0.118 t=94s
[P875_h200_pad0.120] it  67 J=0.32179 A_min=0.2909 A_mean=0.3347 |g|=6.82e-02 bin=0.005 S_flip=0.118 t=95s
[P875_h200_pad0.120] it  68 J=0.32240 A_min=0.2920 A_mean=0.3353 |g|=7.12e-02 bin=0.005 S_flip=0.118 t=96s
[P875_h200_pad0.120] it  69 J=0.32305 A_min=0.2932 A_mean=0.3360 |g|=7.44e-02 bin=0.005 S_flip=0.119 t=98s
[P875_h200_pad0.120] it  70 J=0.32366 A_min=0.2943 A_mean=0.3367 |g|=7.76e-02 bin=0.005 S_flip=0.119 t=99s
[P875_h200_pad0.120] it  71 J=0.32420 A_min=0.2953 A_mean=0.3372 |g|=8.09e-02 bin=0.004 S_flip=0.119 t=101s
[P875_h200_pad0.120] it  72 J=0.32467 A_min=0.2962 A_mean=0.3377 |g|=8.43e-02 bin=0.004 S_flip=0.118 t=102s
[P875_h200_pad0.120] it  73 J=0.32513 A_min=0.2971 A_mean=0.3382 |g|=8.79e-02 bin=0.004 S_flip=0.118 t=104s
[P875_h200_pad0.120] it  74 J=0.32552 A_min=0.2979 A_mean=0.3386 |g|=9.16e-02 bin=0.004 S_flip=0.119 t=105s
[P875_h200_pad0.120] it  75 J=0.32583 A_min=0.2985 A_mean=0.3390 |g|=9.54e-02 bin=0.004 S_flip=0.120 t=107s
[P875_h200_pad0.120] it  76 J=0.32612 A_min=0.2990 A_mean=0.3393 |g|=9.94e-02 bin=0.004 S_flip=0.119 t=108s
[P875_h200_pad0.120] it  77 J=0.32642 A_min=0.2996 A_mean=0.3396 |g|=1.03e-01 bin=0.004 S_flip=0.119 t=110s
[P875_h200_pad0.120] it  78 J=0.32671 A_min=0.3002 A_mean=0.3399 |g|=1.08e-01 bin=0.004 S_flip=0.119 t=111s
[P875_h200_pad0.120] it  79 J=0.32700 A_min=0.3008 A_mean=0.3402 |g|=1.12e-01 bin=0.004 S_flip=0.119 t=113s
[P875_h200_pad0.120] it  80 J=0.32725 A_min=0.3014 A_mean=0.3405 |g|=1.17e-01 bin=0.004 S_flip=0.119 t=114s
[P875_h200_pad0.120] it  81 J=0.32749 A_min=0.3020 A_mean=0.3408 |g|=1.21e-01 bin=0.004 S_flip=0.119 t=115s
[P875_h200_pad0.120] it  82 J=0.32770 A_min=0.3024 A_mean=0.3411 |g|=1.26e-01 bin=0.004 S_flip=0.120 t=117s
[P875_h200_pad0.120] it  83 J=0.32787 A_min=0.3028 A_mean=0.3413 |g|=1.31e-01 bin=0.004 S_flip=0.121 t=118s
[P875_h200_pad0.120] it  84 J=0.32800 A_min=0.3031 A_mean=0.3414 |g|=1.36e-01 bin=0.004 S_flip=0.120 t=119s
[P875_h200_pad0.120] it  85 J=0.32814 A_min=0.3035 A_mean=0.3416 |g|=1.42e-01 bin=0.004 S_flip=0.119 t=121s
[P875_h200_pad0.120] it  86 J=0.32827 A_min=0.3038 A_mean=0.3418 |g|=1.48e-01 bin=0.004 S_flip=0.118 t=122s
[P875_h200_pad0.120] it  87 J=0.32840 A_min=0.3041 A_mean=0.3419 |g|=1.53e-01 bin=0.004 S_flip=0.118 t=124s
[P875_h200_pad0.120] it  88 J=0.32849 A_min=0.3043 A_mean=0.3420 |g|=1.59e-01 bin=0.004 S_flip=0.118 t=125s
[P875_h200_pad0.120] it  89 J=0.32853 A_min=0.3044 A_mean=0.3421 |g|=1.66e-01 bin=0.004 S_flip=0.118 t=126s
[P875_h200_pad0.120] it  90 J=0.32856 A_min=0.3044 A_mean=0.3421 |g|=1.72e-01 bin=0.004 S_flip=0.118 t=128s
[P875_h200_pad0.120] it  91 J=0.32856 A_min=0.3045 A_mean=0.3421 |g|=1.79e-01 bin=0.003 S_flip=0.118 t=129s
[P875_h200_pad0.120] it  92 J=0.32855 A_min=0.3045 A_mean=0.3421 |g|=1.86e-01 bin=0.003 S_flip=0.118 t=130s
[P875_h200_pad0.120] it  93 J=0.32854 A_min=0.3045 A_mean=0.3421 |g|=1.93e-01 bin=0.003 S_flip=0.118 t=132s
[P875_h200_pad0.120] it  94 J=0.32854 A_min=0.3045 A_mean=0.3421 |g|=2.01e-01 bin=0.003 S_flip=0.118 t=133s
[P875_h200_pad0.120] it  95 J=0.32852 A_min=0.3045 A_mean=0.3420 |g|=2.08e-01 bin=0.003 S_flip=0.118 t=134s
[P875_h200_pad0.120] it  96 J=0.32849 A_min=0.3044 A_mean=0.3420 |g|=2.16e-01 bin=0.003 S_flip=0.118 t=136s
[P875_h200_pad0.120] it  97 J=0.32846 A_min=0.3044 A_mean=0.3420 |g|=2.24e-01 bin=0.003 S_flip=0.118 t=137s
[P875_h200_pad0.120] it  98 J=0.32844 A_min=0.3044 A_mean=0.3420 |g|=2.33e-01 bin=0.003 S_flip=0.118 t=139s
[P875_h200_pad0.120] it  99 J=0.32840 A_min=0.3043 A_mean=0.3419 |g|=2.41e-01 bin=0.003 S_flip=0.118 t=140s
[P875_h200_pad0.120] it 100 J=0.32836 A_min=0.3043 A_mean=0.3419 |g|=2.50e-01 bin=0.003 S_flip=0.119 t=142s
[P875_h200_pad0.120] it 101 J=0.32829 A_min=0.3042 A_mean=0.3418 |g|=2.60e-01 bin=0.003 S_flip=0.119 t=143s
[P875_h200_pad0.120] it 102 J=0.32822 A_min=0.3041 A_mean=0.3417 |g|=2.69e-01 bin=0.003 S_flip=0.119 t=145s
[P875_h200_pad0.120] it 103 J=0.32814 A_min=0.3039 A_mean=0.3416 |g|=2.79e-01 bin=0.003 S_flip=0.119 t=146s
[P875_h200_pad0.120] it 104 J=0.32807 A_min=0.3038 A_mean=0.3416 |g|=2.89e-01 bin=0.003 S_flip=0.120 t=147s
[P875_h200_pad0.120] it 105 J=0.32800 A_min=0.3037 A_mean=0.3415 |g|=2.99e-01 bin=0.003 S_flip=0.120 t=149s
[P875_h200_pad0.120] it 106 J=0.32793 A_min=0.3036 A_mean=0.3414 |g|=3.09e-01 bin=0.003 S_flip=0.121 t=151s
[P875_h200_pad0.120] it 107 J=0.32785 A_min=0.3035 A_mean=0.3413 |g|=3.20e-01 bin=0.003 S_flip=0.121 t=152s
[P875_h200_pad0.120] it 108 J=0.32777 A_min=0.3034 A_mean=0.3413 |g|=3.31e-01 bin=0.003 S_flip=0.122 t=153s
[P875_h200_pad0.120] it 109 J=0.32768 A_min=0.3033 A_mean=0.3412 |g|=3.41e-01 bin=0.003 S_flip=0.122 t=155s
[P875_h200_pad0.120] it 110 J=0.32757 A_min=0.3031 A_mean=0.3410 |g|=3.53e-01 bin=0.003 S_flip=0.123 t=156s
[P875_h200_pad0.120] it 111 J=0.32745 A_min=0.3029 A_mean=0.3409 |g|=3.64e-01 bin=0.003 S_flip=0.123 t=158s
[P875_h200_pad0.120] it 112 J=0.32731 A_min=0.3027 A_mean=0.3408 |g|=3.75e-01 bin=0.003 S_flip=0.124 t=159s
[P875_h200_pad0.120] it 113 J=0.32717 A_min=0.3024 A_mean=0.3406 |g|=3.86e-01 bin=0.003 S_flip=0.124 t=160s
[P875_h200_pad0.120] it 114 J=0.32701 A_min=0.3021 A_mean=0.3404 |g|=3.97e-01 bin=0.003 S_flip=0.125 t=162s
[P875_h200_pad0.120] it 115 J=0.32685 A_min=0.3019 A_mean=0.3402 |g|=4.09e-01 bin=0.003 S_flip=0.126 t=163s
[P875_h200_pad0.120] it 116 J=0.32668 A_min=0.3016 A_mean=0.3401 |g|=4.20e-01 bin=0.003 S_flip=0.126 t=165s
[P875_h200_pad0.120] it 117 J=0.32651 A_min=0.3013 A_mean=0.3399 |g|=4.31e-01 bin=0.003 S_flip=0.127 t=166s
[P875_h200_pad0.120] it 118 J=0.32634 A_min=0.3010 A_mean=0.3397 |g|=4.42e-01 bin=0.003 S_flip=0.127 t=167s
[P875_h200_pad0.120] it 119 J=0.32616 A_min=0.3006 A_mean=0.3395 |g|=4.52e-01 bin=0.002 S_flip=0.128 t=169s
[P875_h200_pad0.120] done: J_soft=0.32616 J_hard=0.32012 A_hard=[0.394, 0.2905, 0.3146] S_flip=0.147 wall=171s
[P925_h220_pad0.120] it   0 J=0.30906 A_min=0.2851 A_mean=0.3131 |g|=1.72e-02 bin=0.043 S_flip=0.105 t=1s
[P925_h220_pad0.120] it   1 J=0.32560 A_min=0.3145 A_mean=0.3265 |g|=1.89e-02 bin=0.042 S_flip=0.107 t=3s
[P925_h220_pad0.120] it   2 J=0.34339 A_min=0.3387 A_mean=0.3436 |g|=1.91e-02 bin=0.042 S_flip=0.110 t=4s
[P925_h220_pad0.120] it   3 J=0.36046 A_min=0.3397 A_mean=0.3643 |g|=1.70e-02 bin=0.041 S_flip=0.112 t=6s
[P925_h220_pad0.120] it   4 J=0.37423 A_min=0.3383 A_mean=0.3861 |g|=1.25e-02 bin=0.040 S_flip=0.115 t=7s
[P925_h220_pad0.120] it   5 J=0.38264 A_min=0.3366 A_mean=0.4029 |g|=6.72e-03 bin=0.039 S_flip=0.118 t=8s
[P925_h220_pad0.120] it   6 J=0.38535 A_min=0.3348 A_mean=0.4094 |g|=2.91e-03 bin=0.039 S_flip=0.123 t=10s
[P925_h220_pad0.120] it   7 J=0.38375 A_min=0.3331 A_mean=0.4069 |g|=6.06e-03 bin=0.038 S_flip=0.128 t=11s
[P925_h220_pad0.120] it   8 J=0.38011 A_min=0.3320 A_mean=0.4010 |g|=1.00e-02 bin=0.036 S_flip=0.132 t=13s
[P925_h220_pad0.120] it   9 J=0.37677 A_min=0.3314 A_mean=0.3962 |g|=1.27e-02 bin=0.035 S_flip=0.136 t=14s
[P925_h220_pad0.120] it  10 J=0.37523 A_min=0.3315 A_mean=0.3941 |g|=1.40e-02 bin=0.034 S_flip=0.139 t=16s
[P925_h220_pad0.120] it  11 J=0.37584 A_min=0.3320 A_mean=0.3949 |g|=1.39e-02 bin=0.032 S_flip=0.142 t=17s
[P925_h220_pad0.120] it  12 J=0.37817 A_min=0.3329 A_mean=0.3979 |g|=1.29e-02 bin=0.030 S_flip=0.144 t=18s
[P925_h220_pad0.120] it  13 J=0.38141 A_min=0.3340 A_mean=0.4023 |g|=1.10e-02 bin=0.028 S_flip=0.146 t=20s
[P925_h220_pad0.120] it  14 J=0.38475 A_min=0.3352 A_mean=0.4073 |g|=8.62e-03 bin=0.027 S_flip=0.147 t=21s
[P925_h220_pad0.120] it  15 J=0.38760 A_min=0.3364 A_mean=0.4119 |g|=6.20e-03 bin=0.025 S_flip=0.149 t=23s
[P925_h220_pad0.120] it  16 J=0.38967 A_min=0.3375 A_mean=0.4154 |g|=4.06e-03 bin=0.024 S_flip=0.149 t=24s
[P925_h220_pad0.120] it  17 J=0.39092 A_min=0.3385 A_mean=0.4176 |g|=2.58e-03 bin=0.023 S_flip=0.150 t=25s
[P925_h220_pad0.120] it  18 J=0.39148 A_min=0.3393 A_mean=0.4184 |g|=2.47e-03 bin=0.022 S_flip=0.150 t=27s
[P925_h220_pad0.120] it  19 J=0.39155 A_min=0.3401 A_mean=0.4182 |g|=3.57e-03 bin=0.021 S_flip=0.151 t=28s
[P925_h220_pad0.120] it  20 J=0.39137 A_min=0.3407 A_mean=0.4175 |g|=4.89e-03 bin=0.020 S_flip=0.152 t=30s
[P925_h220_pad0.120] it  21 J=0.39120 A_min=0.3412 A_mean=0.4169 |g|=6.02e-03 bin=0.020 S_flip=0.153 t=31s
[P925_h220_pad0.120] it  22 J=0.39126 A_min=0.3415 A_mean=0.4168 |g|=6.73e-03 bin=0.019 S_flip=0.154 t=32s
[P925_h220_pad0.120] it  23 J=0.39166 A_min=0.3418 A_mean=0.4175 |g|=6.92e-03 bin=0.018 S_flip=0.156 t=34s
[P925_h220_pad0.120] it  24 J=0.39240 A_min=0.3420 A_mean=0.4190 |g|=6.55e-03 bin=0.017 S_flip=0.157 t=35s
[P925_h220_pad0.120] it  25 J=0.39337 A_min=0.3421 A_mean=0.4210 |g|=5.70e-03 bin=0.017 S_flip=0.159 t=37s
[P925_h220_pad0.120] it  26 J=0.39440 A_min=0.3422 A_mean=0.4231 |g|=4.54e-03 bin=0.016 S_flip=0.162 t=39s
[P925_h220_pad0.120] it  27 J=0.39533 A_min=0.3422 A_mean=0.4250 |g|=3.30e-03 bin=0.015 S_flip=0.165 t=40s
[P925_h220_pad0.120] it  28 J=0.39606 A_min=0.3423 A_mean=0.4265 |g|=2.29e-03 bin=0.014 S_flip=0.169 t=41s
[P925_h220_pad0.120] it  29 J=0.39658 A_min=0.3423 A_mean=0.4274 |g|=1.78e-03 bin=0.013 S_flip=0.172 t=43s
[P925_h220_pad0.120] it  30 J=0.39694 A_min=0.3423 A_mean=0.4280 |g|=1.80e-03 bin=0.013 S_flip=0.174 t=44s
[P925_h220_pad0.120] it  31 J=0.39718 A_min=0.3424 A_mean=0.4283 |g|=2.07e-03 bin=0.012 S_flip=0.176 t=46s
[P925_h220_pad0.120] it  32 J=0.39736 A_min=0.3425 A_mean=0.4286 |g|=2.38e-03 bin=0.011 S_flip=0.176 t=47s
[P925_h220_pad0.120] it  33 J=0.39751 A_min=0.3426 A_mean=0.4287 |g|=2.67e-03 bin=0.011 S_flip=0.177 t=48s
[P925_h220_pad0.120] it  34 J=0.39765 A_min=0.3427 A_mean=0.4289 |g|=2.91e-03 bin=0.011 S_flip=0.178 t=50s
[P925_h220_pad0.120] it  35 J=0.39783 A_min=0.3428 A_mean=0.4292 |g|=3.09e-03 bin=0.010 S_flip=0.178 t=51s
[P925_h220_pad0.120] it  36 J=0.39805 A_min=0.3429 A_mean=0.4297 |g|=3.19e-03 bin=0.010 S_flip=0.179 t=53s
[P925_h220_pad0.120] it  37 J=0.39833 A_min=0.3430 A_mean=0.4303 |g|=3.15e-03 bin=0.010 S_flip=0.180 t=54s
[P925_h220_pad0.120] it  38 J=0.39864 A_min=0.3432 A_mean=0.4311 |g|=2.90e-03 bin=0.009 S_flip=0.181 t=55s
[P925_h220_pad0.120] it  39 J=0.39896 A_min=0.3433 A_mean=0.4319 |g|=2.47e-03 bin=0.009 S_flip=0.182 t=57s
[P925_h220_pad0.120] it  40 J=0.39926 A_min=0.3434 A_mean=0.4327 |g|=1.97e-03 bin=0.008 S_flip=0.183 t=58s
[P925_h220_pad0.120] it  41 J=0.39950 A_min=0.3435 A_mean=0.4334 |g|=1.54e-03 bin=0.008 S_flip=0.184 t=59s
[P925_h220_pad0.120] it  42 J=0.39969 A_min=0.3436 A_mean=0.4340 |g|=1.24e-03 bin=0.007 S_flip=0.185 t=60s
[P925_h220_pad0.120] it  43 J=0.39984 A_min=0.3437 A_mean=0.4345 |g|=1.07e-03 bin=0.007 S_flip=0.186 t=62s
[P925_h220_pad0.120] it  44 J=0.39996 A_min=0.3437 A_mean=0.4349 |g|=1.02e-03 bin=0.006 S_flip=0.186 t=63s
[P925_h220_pad0.120] it  45 J=0.40006 A_min=0.3438 A_mean=0.4352 |g|=1.05e-03 bin=0.006 S_flip=0.187 t=64s
[P925_h220_pad0.120] it  46 J=0.40014 A_min=0.3438 A_mean=0.4355 |g|=1.12e-03 bin=0.006 S_flip=0.188 t=66s
[P925_h220_pad0.120] it  47 J=0.40022 A_min=0.3439 A_mean=0.4358 |g|=1.20e-03 bin=0.006 S_flip=0.190 t=67s
[P925_h220_pad0.120] it  48 J=0.40031 A_min=0.3439 A_mean=0.4361 |g|=1.26e-03 bin=0.005 S_flip=0.192 t=69s
[P925_h220_pad0.120] it  49 J=0.40039 A_min=0.3439 A_mean=0.4363 |g|=1.29e-03 bin=0.005 S_flip=0.194 t=70s
[P925_h220_pad0.120] it  50 J=0.40048 A_min=0.3440 A_mean=0.4366 |g|=1.29e-03 bin=0.005 S_flip=0.196 t=71s
[P925_h220_pad0.120] it  51 J=0.40056 A_min=0.3440 A_mean=0.4368 |g|=1.27e-03 bin=0.005 S_flip=0.199 t=73s
[P925_h220_pad0.120] it  52 J=0.40065 A_min=0.3440 A_mean=0.4371 |g|=1.20e-03 bin=0.005 S_flip=0.201 t=74s
[P925_h220_pad0.120] it  53 J=0.40073 A_min=0.3440 A_mean=0.4373 |g|=1.09e-03 bin=0.004 S_flip=0.204 t=75s
[P925_h220_pad0.120] it  54 J=0.40080 A_min=0.3440 A_mean=0.4375 |g|=9.67e-04 bin=0.004 S_flip=0.206 t=77s
[P925_h220_pad0.120] it  55 J=0.40087 A_min=0.3440 A_mean=0.4376 |g|=8.78e-04 bin=0.004 S_flip=0.209 t=78s
[P925_h220_pad0.120] it  56 J=0.40093 A_min=0.3440 A_mean=0.4378 |g|=8.41e-04 bin=0.004 S_flip=0.210 t=79s
[P925_h220_pad0.120] it  57 J=0.40099 A_min=0.3440 A_mean=0.4379 |g|=8.44e-04 bin=0.004 S_flip=0.211 t=81s
[P925_h220_pad0.120] it  58 J=0.40104 A_min=0.3441 A_mean=0.4380 |g|=8.67e-04 bin=0.004 S_flip=0.212 t=82s
[P925_h220_pad0.120] it  59 J=0.40109 A_min=0.3441 A_mean=0.4381 |g|=8.96e-04 bin=0.004 S_flip=0.213 t=84s
[P925_h220_pad0.120] it  60 J=0.40113 A_min=0.3441 A_mean=0.4382 |g|=9.31e-04 bin=0.003 S_flip=0.213 t=85s
[P925_h220_pad0.120] it  61 J=0.40118 A_min=0.3441 A_mean=0.4383 |g|=9.82e-04 bin=0.003 S_flip=0.213 t=87s
[P925_h220_pad0.120] it  62 J=0.40123 A_min=0.3441 A_mean=0.4384 |g|=1.05e-03 bin=0.003 S_flip=0.213 t=88s
[P925_h220_pad0.120] it  63 J=0.40128 A_min=0.3441 A_mean=0.4385 |g|=1.11e-03 bin=0.003 S_flip=0.213 t=90s
[P925_h220_pad0.120] it  64 J=0.40133 A_min=0.3441 A_mean=0.4386 |g|=1.15e-03 bin=0.003 S_flip=0.212 t=91s
[P925_h220_pad0.120] it  65 J=0.40138 A_min=0.3442 A_mean=0.4387 |g|=1.16e-03 bin=0.003 S_flip=0.212 t=93s
[P925_h220_pad0.120] it  66 J=0.40143 A_min=0.3442 A_mean=0.4388 |g|=1.16e-03 bin=0.003 S_flip=0.212 t=94s
[P925_h220_pad0.120] it  67 J=0.40149 A_min=0.3442 A_mean=0.4390 |g|=1.18e-03 bin=0.003 S_flip=0.213 t=95s
[P925_h220_pad0.120] it  68 J=0.40153 A_min=0.3443 A_mean=0.4391 |g|=1.23e-03 bin=0.002 S_flip=0.213 t=96s
[P925_h220_pad0.120] it  69 J=0.40159 A_min=0.3443 A_mean=0.4392 |g|=1.32e-03 bin=0.002 S_flip=0.213 t=98s
[P925_h220_pad0.120] it  70 J=0.40164 A_min=0.3443 A_mean=0.4393 |g|=1.37e-03 bin=0.002 S_flip=0.214 t=99s
[P925_h220_pad0.120] it  71 J=0.40169 A_min=0.3444 A_mean=0.4395 |g|=1.38e-03 bin=0.002 S_flip=0.214 t=100s
[P925_h220_pad0.120] it  72 J=0.40175 A_min=0.3444 A_mean=0.4396 |g|=1.36e-03 bin=0.002 S_flip=0.214 t=101s
[P925_h220_pad0.120] it  73 J=0.40181 A_min=0.3444 A_mean=0.4397 |g|=1.25e-03 bin=0.002 S_flip=0.215 t=103s
[P925_h220_pad0.120] it  74 J=0.40185 A_min=0.3445 A_mean=0.4398 |g|=1.06e-03 bin=0.002 S_flip=0.216 t=104s
[P925_h220_pad0.120] it  75 J=0.40189 A_min=0.3445 A_mean=0.4399 |g|=9.68e-04 bin=0.002 S_flip=0.216 t=106s
[P925_h220_pad0.120] it  76 J=0.40193 A_min=0.3445 A_mean=0.4400 |g|=9.83e-04 bin=0.002 S_flip=0.217 t=108s
[P925_h220_pad0.120] it  77 J=0.40197 A_min=0.3445 A_mean=0.4401 |g|=1.04e-03 bin=0.001 S_flip=0.217 t=110s
[P925_h220_pad0.120] it  78 J=0.40200 A_min=0.3446 A_mean=0.4402 |g|=1.03e-03 bin=0.001 S_flip=0.217 t=111s
[P925_h220_pad0.120] it  79 J=0.40203 A_min=0.3446 A_mean=0.4402 |g|=9.31e-04 bin=0.001 S_flip=0.218 t=113s
[P925_h220_pad0.120] it  80 J=0.40206 A_min=0.3446 A_mean=0.4403 |g|=8.47e-04 bin=0.001 S_flip=0.218 t=114s
[P925_h220_pad0.120] it  81 J=0.40208 A_min=0.3446 A_mean=0.4403 |g|=7.56e-04 bin=0.001 S_flip=0.218 t=116s
[P925_h220_pad0.120] it  82 J=0.40210 A_min=0.3446 A_mean=0.4404 |g|=6.57e-04 bin=0.001 S_flip=0.218 t=117s
[P925_h220_pad0.120] it  83 J=0.40211 A_min=0.3446 A_mean=0.4404 |g|=6.16e-04 bin=0.001 S_flip=0.219 t=118s
[P925_h220_pad0.120] it  84 J=0.40213 A_min=0.3447 A_mean=0.4405 |g|=6.03e-04 bin=0.001 S_flip=0.219 t=120s
[P925_h220_pad0.120] it  85 J=0.40214 A_min=0.3447 A_mean=0.4405 |g|=5.99e-04 bin=0.001 S_flip=0.220 t=121s
[P925_h220_pad0.120] it  86 J=0.40215 A_min=0.3447 A_mean=0.4405 |g|=6.29e-04 bin=0.001 S_flip=0.220 t=123s
[P925_h220_pad0.120] it  87 J=0.40215 A_min=0.3447 A_mean=0.4406 |g|=7.02e-04 bin=0.001 S_flip=0.220 t=124s
[P925_h220_pad0.120] it  88 J=0.40216 A_min=0.3447 A_mean=0.4406 |g|=8.05e-04 bin=0.001 S_flip=0.220 t=125s
[P925_h220_pad0.120] it  89 J=0.40217 A_min=0.3447 A_mean=0.4406 |g|=8.92e-04 bin=0.001 S_flip=0.220 t=127s
[P925_h220_pad0.120] it  90 J=0.40219 A_min=0.3447 A_mean=0.4407 |g|=9.27e-04 bin=0.001 S_flip=0.220 t=128s
[P925_h220_pad0.120] it  91 J=0.40220 A_min=0.3447 A_mean=0.4407 |g|=9.47e-04 bin=0.001 S_flip=0.220 t=129s
[P925_h220_pad0.120] it  92 J=0.40221 A_min=0.3447 A_mean=0.4407 |g|=9.93e-04 bin=0.001 S_flip=0.220 t=131s
[P925_h220_pad0.120] it  93 J=0.40222 A_min=0.3447 A_mean=0.4408 |g|=1.03e-03 bin=0.001 S_flip=0.220 t=132s
[P925_h220_pad0.120] it  94 J=0.40224 A_min=0.3447 A_mean=0.4408 |g|=1.04e-03 bin=0.001 S_flip=0.220 t=134s
[P925_h220_pad0.120] it  95 J=0.40225 A_min=0.3447 A_mean=0.4408 |g|=1.07e-03 bin=0.001 S_flip=0.220 t=135s
[P925_h220_pad0.120] it  96 J=0.40226 A_min=0.3447 A_mean=0.4408 |g|=1.19e-03 bin=0.001 S_flip=0.220 t=137s
[P925_h220_pad0.120] it  97 J=0.40227 A_min=0.3448 A_mean=0.4409 |g|=1.48e-03 bin=0.001 S_flip=0.220 t=138s
[P925_h220_pad0.120] it  98 J=0.40228 A_min=0.3448 A_mean=0.4409 |g|=1.98e-03 bin=0.000 S_flip=0.220 t=139s
[P925_h220_pad0.120] it  99 J=0.40230 A_min=0.3448 A_mean=0.4409 |g|=2.50e-03 bin=0.000 S_flip=0.220 t=141s
[P925_h220_pad0.120] it 100 J=0.40233 A_min=0.3448 A_mean=0.4410 |g|=2.59e-03 bin=0.000 S_flip=0.219 t=142s
[P925_h220_pad0.120] it 101 J=0.40235 A_min=0.3448 A_mean=0.4410 |g|=2.23e-03 bin=0.000 S_flip=0.219 t=144s
[P925_h220_pad0.120] it 102 J=0.40237 A_min=0.3449 A_mean=0.4410 |g|=1.88e-03 bin=0.000 S_flip=0.219 t=145s
[P925_h220_pad0.120] it 103 J=0.40238 A_min=0.3449 A_mean=0.4411 |g|=1.56e-03 bin=0.000 S_flip=0.219 t=146s
[P925_h220_pad0.120] it 104 J=0.40240 A_min=0.3449 A_mean=0.4411 |g|=1.48e-03 bin=0.000 S_flip=0.219 t=148s
[P925_h220_pad0.120] it 105 J=0.40241 A_min=0.3449 A_mean=0.4411 |g|=1.68e-03 bin=0.000 S_flip=0.219 t=149s
[P925_h220_pad0.120] it 106 J=0.40242 A_min=0.3449 A_mean=0.4411 |g|=1.78e-03 bin=0.000 S_flip=0.218 t=151s
[P925_h220_pad0.120] it 107 J=0.40243 A_min=0.3449 A_mean=0.4411 |g|=1.62e-03 bin=0.000 S_flip=0.218 t=152s
[P925_h220_pad0.120] it 108 J=0.40244 A_min=0.3449 A_mean=0.4411 |g|=1.45e-03 bin=0.000 S_flip=0.218 t=154s
[P925_h220_pad0.120] it 109 J=0.40244 A_min=0.3449 A_mean=0.4412 |g|=1.42e-03 bin=0.000 S_flip=0.218 t=155s
[P925_h220_pad0.120] it 110 J=0.40245 A_min=0.3449 A_mean=0.4412 |g|=1.50e-03 bin=0.000 S_flip=0.218 t=157s
[P925_h220_pad0.120] it 111 J=0.40245 A_min=0.3449 A_mean=0.4412 |g|=1.60e-03 bin=0.000 S_flip=0.218 t=158s
[P925_h220_pad0.120] it 112 J=0.40245 A_min=0.3449 A_mean=0.4412 |g|=1.65e-03 bin=0.000 S_flip=0.218 t=159s
[P925_h220_pad0.120] it 113 J=0.40246 A_min=0.3449 A_mean=0.4412 |g|=1.65e-03 bin=0.000 S_flip=0.218 t=161s
[P925_h220_pad0.120] it 114 J=0.40246 A_min=0.3450 A_mean=0.4412 |g|=1.60e-03 bin=0.000 S_flip=0.218 t=162s
[P925_h220_pad0.120] it 115 J=0.40246 A_min=0.3450 A_mean=0.4412 |g|=1.54e-03 bin=0.000 S_flip=0.218 t=164s
[P925_h220_pad0.120] it 116 J=0.40246 A_min=0.3450 A_mean=0.4412 |g|=1.48e-03 bin=0.000 S_flip=0.218 t=165s
[P925_h220_pad0.120] it 117 J=0.40246 A_min=0.3450 A_mean=0.4412 |g|=1.44e-03 bin=0.000 S_flip=0.218 t=166s
[P925_h220_pad0.120] it 118 J=0.40247 A_min=0.3450 A_mean=0.4412 |g|=1.42e-03 bin=0.000 S_flip=0.218 t=168s
[P925_h220_pad0.120] it 119 J=0.40247 A_min=0.3450 A_mean=0.4412 |g|=1.42e-03 bin=0.000 S_flip=0.218 t=169s
[P925_h220_pad0.120] done: J_soft=0.40247 J_hard=0.40248 A_hard=[0.475, 0.5035, 0.345] S_flip=0.219 wall=171s
[P925_h180_pad0.120] it   0 J=0.30203 A_min=0.2642 A_mean=0.3262 |g|=8.30e-03 bin=0.043 S_flip=0.105 t=1s
[P925_h180_pad0.120] it   1 J=0.30937 A_min=0.2757 A_mean=0.3331 |g|=8.83e-03 bin=0.041 S_flip=0.105 t=3s
[P925_h180_pad0.120] it   2 J=0.31711 A_min=0.2891 A_mean=0.3406 |g|=9.19e-03 bin=0.038 S_flip=0.105 t=4s
[P925_h180_pad0.120] it   3 J=0.32501 A_min=0.3015 A_mean=0.3487 |g|=9.21e-03 bin=0.036 S_flip=0.106 t=6s
[P925_h180_pad0.120] it   4 J=0.33266 A_min=0.3013 A_mean=0.3571 |g|=8.68e-03 bin=0.034 S_flip=0.107 t=7s
[P925_h180_pad0.120] it   5 J=0.33948 A_min=0.3010 A_mean=0.3653 |g|=7.63e-03 bin=0.031 S_flip=0.110 t=8s
[P925_h180_pad0.120] it   6 J=0.34508 A_min=0.3007 A_mean=0.3728 |g|=6.26e-03 bin=0.029 S_flip=0.112 t=10s
[P925_h180_pad0.120] it   7 J=0.34932 A_min=0.3003 A_mean=0.3794 |g|=4.87e-03 bin=0.027 S_flip=0.114 t=11s
[P925_h180_pad0.120] it   8 J=0.35232 A_min=0.2999 A_mean=0.3848 |g|=3.61e-03 bin=0.025 S_flip=0.116 t=13s
[P925_h180_pad0.120] it   9 J=0.35430 A_min=0.2994 A_mean=0.3891 |g|=2.58e-03 bin=0.024 S_flip=0.117 t=14s
[P925_h180_pad0.120] it  10 J=0.35550 A_min=0.2990 A_mean=0.3923 |g|=1.78e-03 bin=0.022 S_flip=0.117 t=16s
[P925_h180_pad0.120] it  11 J=0.35615 A_min=0.2986 A_mean=0.3945 |g|=1.20e-03 bin=0.021 S_flip=0.117 t=17s
[P925_h180_pad0.120] it  12 J=0.35642 A_min=0.2983 A_mean=0.3960 |g|=8.86e-04 bin=0.020 S_flip=0.117 t=19s
[P925_h180_pad0.120] it  13 J=0.35644 A_min=0.2980 A_mean=0.3969 |g|=8.69e-04 bin=0.019 S_flip=0.118 t=20s
[P925_h180_pad0.120] it  14 J=0.35633 A_min=0.2977 A_mean=0.3974 |g|=1.03e-03 bin=0.018 S_flip=0.118 t=22s
[P925_h180_pad0.120] it  15 J=0.35616 A_min=0.2976 A_mean=0.3975 |g|=1.22e-03 bin=0.017 S_flip=0.118 t=23s
[P925_h180_pad0.120] it  16 J=0.35599 A_min=0.2974 A_mean=0.3976 |g|=1.40e-03 bin=0.016 S_flip=0.119 t=24s
[P925_h180_pad0.120] it  17 J=0.35583 A_min=0.2973 A_mean=0.3975 |g|=1.55e-03 bin=0.015 S_flip=0.119 t=26s
[P925_h180_pad0.120] it  18 J=0.35572 A_min=0.2973 A_mean=0.3975 |g|=1.66e-03 bin=0.014 S_flip=0.120 t=27s
[P925_h180_pad0.120] it  19 J=0.35566 A_min=0.2973 A_mean=0.3974 |g|=1.74e-03 bin=0.014 S_flip=0.121 t=28s
[P925_h180_pad0.120] it  20 J=0.35565 A_min=0.2973 A_mean=0.3974 |g|=1.80e-03 bin=0.013 S_flip=0.122 t=30s
[P925_h180_pad0.120] it  21 J=0.35570 A_min=0.2974 A_mean=0.3974 |g|=1.82e-03 bin=0.013 S_flip=0.123 t=31s
[P925_h180_pad0.120] it  22 J=0.35578 A_min=0.2975 A_mean=0.3974 |g|=1.81e-03 bin=0.012 S_flip=0.124 t=32s
[P925_h180_pad0.120] it  23 J=0.35591 A_min=0.2976 A_mean=0.3975 |g|=1.78e-03 bin=0.012 S_flip=0.125 t=34s
[P925_h180_pad0.120] it  24 J=0.35607 A_min=0.2977 A_mean=0.3975 |g|=1.72e-03 bin=0.011 S_flip=0.126 t=35s
[P925_h180_pad0.120] it  25 J=0.35625 A_min=0.2979 A_mean=0.3976 |g|=1.63e-03 bin=0.011 S_flip=0.128 t=36s
[P925_h180_pad0.120] it  26 J=0.35644 A_min=0.2981 A_mean=0.3977 |g|=1.53e-03 bin=0.010 S_flip=0.129 t=38s
[P925_h180_pad0.120] it  27 J=0.35664 A_min=0.2982 A_mean=0.3978 |g|=1.41e-03 bin=0.010 S_flip=0.131 t=39s
[P925_h180_pad0.120] it  28 J=0.35683 A_min=0.2984 A_mean=0.3978 |g|=1.29e-03 bin=0.009 S_flip=0.133 t=41s
[P925_h180_pad0.120] it  29 J=0.35702 A_min=0.2986 A_mean=0.3978 |g|=1.18e-03 bin=0.009 S_flip=0.135 t=42s
[P925_h180_pad0.120] it  30 J=0.35719 A_min=0.2988 A_mean=0.3978 |g|=1.07e-03 bin=0.008 S_flip=0.136 t=43s
[P925_h180_pad0.120] it  31 J=0.35734 A_min=0.2990 A_mean=0.3978 |g|=9.73e-04 bin=0.008 S_flip=0.138 t=45s
[P925_h180_pad0.120] it  32 J=0.35748 A_min=0.2991 A_mean=0.3977 |g|=8.84e-04 bin=0.007 S_flip=0.140 t=46s
[P925_h180_pad0.120] it  33 J=0.35760 A_min=0.2993 A_mean=0.3976 |g|=8.04e-04 bin=0.007 S_flip=0.141 t=48s
[P925_h180_pad0.120] it  34 J=0.35770 A_min=0.2995 A_mean=0.3975 |g|=7.33e-04 bin=0.007 S_flip=0.143 t=49s
[P925_h180_pad0.120] it  35 J=0.35779 A_min=0.2996 A_mean=0.3974 |g|=6.72e-04 bin=0.006 S_flip=0.144 t=51s
[P925_h180_pad0.120] it  36 J=0.35786 A_min=0.2997 A_mean=0.3973 |g|=6.20e-04 bin=0.006 S_flip=0.146 t=52s
[P925_h180_pad0.120] it  37 J=0.35792 A_min=0.2999 A_mean=0.3972 |g|=5.76e-04 bin=0.005 S_flip=0.147 t=53s
[P925_h180_pad0.120] it  38 J=0.35797 A_min=0.3000 A_mean=0.3971 |g|=5.40e-04 bin=0.005 S_flip=0.149 t=55s
[P925_h180_pad0.120] it  39 J=0.35802 A_min=0.3001 A_mean=0.3969 |g|=5.12e-04 bin=0.005 S_flip=0.150 t=56s
[P925_h180_pad0.120] it  40 J=0.35805 A_min=0.3002 A_mean=0.3968 |g|=4.91e-04 bin=0.005 S_flip=0.151 t=57s
[P925_h180_pad0.120] it  41 J=0.35808 A_min=0.3003 A_mean=0.3967 |g|=4.78e-04 bin=0.004 S_flip=0.153 t=59s
[P925_h180_pad0.120] it  42 J=0.35810 A_min=0.3004 A_mean=0.3966 |g|=4.70e-04 bin=0.004 S_flip=0.154 t=60s
[P925_h180_pad0.120] it  43 J=0.35812 A_min=0.3004 A_mean=0.3965 |g|=4.67e-04 bin=0.004 S_flip=0.155 t=61s
[P925_h180_pad0.120] it  44 J=0.35813 A_min=0.3005 A_mean=0.3964 |g|=4.69e-04 bin=0.004 S_flip=0.157 t=63s
[P925_h180_pad0.120] it  45 J=0.35815 A_min=0.3006 A_mean=0.3963 |g|=4.75e-04 bin=0.004 S_flip=0.158 t=64s
[P925_h180_pad0.120] it  46 J=0.35816 A_min=0.3006 A_mean=0.3963 |g|=4.85e-04 bin=0.003 S_flip=0.159 t=65s
[P925_h180_pad0.120] it  47 J=0.35817 A_min=0.3006 A_mean=0.3962 |g|=4.98e-04 bin=0.003 S_flip=0.160 t=67s
[P925_h180_pad0.120] it  48 J=0.35817 A_min=0.3007 A_mean=0.3961 |g|=5.14e-04 bin=0.003 S_flip=0.161 t=68s
[P925_h180_pad0.120] it  49 J=0.35818 A_min=0.3007 A_mean=0.3961 |g|=5.33e-04 bin=0.003 S_flip=0.162 t=70s
[P925_h180_pad0.120] it  50 J=0.35819 A_min=0.3008 A_mean=0.3961 |g|=5.54e-04 bin=0.003 S_flip=0.163 t=71s
[P925_h180_pad0.120] it  51 J=0.35820 A_min=0.3008 A_mean=0.3960 |g|=5.77e-04 bin=0.003 S_flip=0.163 t=72s
[P925_h180_pad0.120] it  52 J=0.35820 A_min=0.3008 A_mean=0.3960 |g|=6.02e-04 bin=0.003 S_flip=0.164 t=74s
[P925_h180_pad0.120] it  53 J=0.35821 A_min=0.3008 A_mean=0.3960 |g|=6.28e-04 bin=0.003 S_flip=0.165 t=75s
[P925_h180_pad0.120] it  54 J=0.35822 A_min=0.3009 A_mean=0.3960 |g|=6.54e-04 bin=0.002 S_flip=0.165 t=77s
[P925_h180_pad0.120] it  55 J=0.35823 A_min=0.3009 A_mean=0.3960 |g|=6.79e-04 bin=0.002 S_flip=0.166 t=78s
[P925_h180_pad0.120] it  56 J=0.35825 A_min=0.3009 A_mean=0.3960 |g|=7.04e-04 bin=0.002 S_flip=0.167 t=79s
[P925_h180_pad0.120] it  57 J=0.35826 A_min=0.3009 A_mean=0.3960 |g|=7.32e-04 bin=0.002 S_flip=0.167 t=81s
[P925_h180_pad0.120] it  58 J=0.35827 A_min=0.3009 A_mean=0.3960 |g|=7.63e-04 bin=0.002 S_flip=0.168 t=82s
[P925_h180_pad0.120] it  59 J=0.35828 A_min=0.3009 A_mean=0.3960 |g|=8.01e-04 bin=0.002 S_flip=0.168 t=83s
[P925_h180_pad0.120] it  60 J=0.35830 A_min=0.3009 A_mean=0.3961 |g|=8.49e-04 bin=0.002 S_flip=0.169 t=85s
[P925_h180_pad0.120] it  61 J=0.35831 A_min=0.3009 A_mean=0.3961 |g|=9.16e-04 bin=0.002 S_flip=0.169 t=86s
[P925_h180_pad0.120] it  62 J=0.35832 A_min=0.3009 A_mean=0.3961 |g|=1.01e-03 bin=0.002 S_flip=0.169 t=88s
[P925_h180_pad0.120] it  63 J=0.35834 A_min=0.3010 A_mean=0.3962 |g|=1.12e-03 bin=0.002 S_flip=0.170 t=89s
[P925_h180_pad0.120] it  64 J=0.35835 A_min=0.3010 A_mean=0.3962 |g|=1.22e-03 bin=0.002 S_flip=0.170 t=90s
[P925_h180_pad0.120] it  65 J=0.35835 A_min=0.3010 A_mean=0.3962 |g|=1.31e-03 bin=0.002 S_flip=0.171 t=92s
[P925_h180_pad0.120] it  66 J=0.35836 A_min=0.3010 A_mean=0.3962 |g|=1.40e-03 bin=0.002 S_flip=0.171 t=93s
[P925_h180_pad0.120] it  67 J=0.35837 A_min=0.3010 A_mean=0.3962 |g|=1.49e-03 bin=0.002 S_flip=0.171 t=95s
[P925_h180_pad0.120] it  68 J=0.35837 A_min=0.3010 A_mean=0.3963 |g|=1.58e-03 bin=0.001 S_flip=0.172 t=96s
[P925_h180_pad0.120] it  69 J=0.35838 A_min=0.3010 A_mean=0.3963 |g|=1.68e-03 bin=0.001 S_flip=0.172 t=97s
[P925_h180_pad0.120] it  70 J=0.35838 A_min=0.3010 A_mean=0.3963 |g|=1.77e-03 bin=0.001 S_flip=0.172 t=99s
[P925_h180_pad0.120] it  71 J=0.35838 A_min=0.3010 A_mean=0.3963 |g|=1.85e-03 bin=0.001 S_flip=0.173 t=100s
[P925_h180_pad0.120] it  72 J=0.35839 A_min=0.3010 A_mean=0.3963 |g|=1.94e-03 bin=0.001 S_flip=0.173 t=102s
[P925_h180_pad0.120] it  73 J=0.35839 A_min=0.3010 A_mean=0.3963 |g|=2.03e-03 bin=0.001 S_flip=0.173 t=103s
[P925_h180_pad0.120] it  74 J=0.35839 A_min=0.3010 A_mean=0.3963 |g|=2.11e-03 bin=0.001 S_flip=0.173 t=105s
[P925_h180_pad0.120] it  75 J=0.35839 A_min=0.3010 A_mean=0.3963 |g|=2.17e-03 bin=0.001 S_flip=0.174 t=106s
[P925_h180_pad0.120] it  76 J=0.35839 A_min=0.3010 A_mean=0.3963 |g|=2.24e-03 bin=0.001 S_flip=0.174 t=107s
[P925_h180_pad0.120] it  77 J=0.35839 A_min=0.3010 A_mean=0.3963 |g|=2.32e-03 bin=0.001 S_flip=0.174 t=109s
[P925_h180_pad0.120] it  78 J=0.35839 A_min=0.3010 A_mean=0.3963 |g|=2.39e-03 bin=0.001 S_flip=0.175 t=110s
[P925_h180_pad0.120] it  79 J=0.35839 A_min=0.3010 A_mean=0.3963 |g|=2.45e-03 bin=0.001 S_flip=0.175 t=112s
[P925_h180_pad0.120] it  80 J=0.35839 A_min=0.3010 A_mean=0.3963 |g|=2.51e-03 bin=0.001 S_flip=0.175 t=113s
[P925_h180_pad0.120] it  81 J=0.35839 A_min=0.3010 A_mean=0.3963 |g|=2.55e-03 bin=0.001 S_flip=0.176 t=114s
[P925_h180_pad0.120] it  82 J=0.35839 A_min=0.3009 A_mean=0.3963 |g|=2.59e-03 bin=0.001 S_flip=0.176 t=116s
[P925_h180_pad0.120] it  83 J=0.35838 A_min=0.3009 A_mean=0.3963 |g|=2.62e-03 bin=0.001 S_flip=0.176 t=117s
[P925_h180_pad0.120] it  84 J=0.35838 A_min=0.3009 A_mean=0.3963 |g|=2.65e-03 bin=0.001 S_flip=0.177 t=118s
[P925_h180_pad0.120] it  85 J=0.35838 A_min=0.3009 A_mean=0.3963 |g|=2.68e-03 bin=0.001 S_flip=0.177 t=120s
[P925_h180_pad0.120] it  86 J=0.35838 A_min=0.3009 A_mean=0.3963 |g|=2.69e-03 bin=0.001 S_flip=0.177 t=121s
[P925_h180_pad0.120] it  87 J=0.35838 A_min=0.3009 A_mean=0.3963 |g|=2.69e-03 bin=0.001 S_flip=0.177 t=123s
[P925_h180_pad0.120] it  88 J=0.35837 A_min=0.3009 A_mean=0.3963 |g|=2.69e-03 bin=0.001 S_flip=0.178 t=124s
[P925_h180_pad0.120] it  89 J=0.35837 A_min=0.3009 A_mean=0.3963 |g|=2.68e-03 bin=0.001 S_flip=0.178 t=125s
[P925_h180_pad0.120] it  90 J=0.35837 A_min=0.3009 A_mean=0.3963 |g|=2.66e-03 bin=0.001 S_flip=0.178 t=126s
[P925_h180_pad0.120] it  91 J=0.35837 A_min=0.3009 A_mean=0.3963 |g|=2.64e-03 bin=0.001 S_flip=0.178 t=128s
[P925_h180_pad0.120] it  92 J=0.35836 A_min=0.3009 A_mean=0.3963 |g|=2.61e-03 bin=0.001 S_flip=0.179 t=129s
[P925_h180_pad0.120] it  93 J=0.35836 A_min=0.3009 A_mean=0.3963 |g|=2.56e-03 bin=0.000 S_flip=0.179 t=131s
[P925_h180_pad0.120] it  94 J=0.35836 A_min=0.3010 A_mean=0.3963 |g|=2.50e-03 bin=0.000 S_flip=0.179 t=132s
[P925_h180_pad0.120] it  95 J=0.35836 A_min=0.3010 A_mean=0.3962 |g|=2.43e-03 bin=0.000 S_flip=0.179 t=134s
[P925_h180_pad0.120] it  96 J=0.35835 A_min=0.3010 A_mean=0.3962 |g|=2.35e-03 bin=0.000 S_flip=0.179 t=135s
[P925_h180_pad0.120] it  97 J=0.35835 A_min=0.3010 A_mean=0.3962 |g|=2.27e-03 bin=0.000 S_flip=0.179 t=137s
[P925_h180_pad0.120] it  98 J=0.35835 A_min=0.3010 A_mean=0.3962 |g|=2.18e-03 bin=0.000 S_flip=0.179 t=138s
[P925_h180_pad0.120] it  99 J=0.35835 A_min=0.3010 A_mean=0.3962 |g|=2.09e-03 bin=0.000 S_flip=0.180 t=139s
[P925_h180_pad0.120] it 100 J=0.35834 A_min=0.3010 A_mean=0.3962 |g|=1.98e-03 bin=0.000 S_flip=0.180 t=141s
[P925_h180_pad0.120] it 101 J=0.35834 A_min=0.3010 A_mean=0.3962 |g|=1.88e-03 bin=0.000 S_flip=0.180 t=142s
[P925_h180_pad0.120] it 102 J=0.35834 A_min=0.3010 A_mean=0.3962 |g|=1.77e-03 bin=0.000 S_flip=0.180 t=144s
[P925_h180_pad0.120] it 103 J=0.35834 A_min=0.3010 A_mean=0.3962 |g|=1.65e-03 bin=0.000 S_flip=0.180 t=145s
[P925_h180_pad0.120] it 104 J=0.35834 A_min=0.3010 A_mean=0.3962 |g|=1.53e-03 bin=0.000 S_flip=0.180 t=146s
[P925_h180_pad0.120] it 105 J=0.35833 A_min=0.3010 A_mean=0.3962 |g|=1.42e-03 bin=0.000 S_flip=0.180 t=148s
[P925_h180_pad0.120] it 106 J=0.35833 A_min=0.3010 A_mean=0.3962 |g|=1.30e-03 bin=0.000 S_flip=0.180 t=149s
[P925_h180_pad0.120] it 107 J=0.35833 A_min=0.3010 A_mean=0.3962 |g|=1.19e-03 bin=0.000 S_flip=0.180 t=151s
[P925_h180_pad0.120] it 108 J=0.35833 A_min=0.3010 A_mean=0.3962 |g|=1.07e-03 bin=0.000 S_flip=0.180 t=152s
[P925_h180_pad0.120] it 109 J=0.35833 A_min=0.3010 A_mean=0.3962 |g|=9.66e-04 bin=0.000 S_flip=0.180 t=154s
[P925_h180_pad0.120] it 110 J=0.35833 A_min=0.3010 A_mean=0.3962 |g|=8.62e-04 bin=0.000 S_flip=0.180 t=155s
[P925_h180_pad0.120] it 111 J=0.35833 A_min=0.3010 A_mean=0.3961 |g|=7.63e-04 bin=0.000 S_flip=0.180 t=156s
[P925_h180_pad0.120] it 112 J=0.35833 A_min=0.3010 A_mean=0.3961 |g|=6.71e-04 bin=0.000 S_flip=0.181 t=158s
[P925_h180_pad0.120] it 113 J=0.35833 A_min=0.3010 A_mean=0.3961 |g|=5.85e-04 bin=0.000 S_flip=0.181 t=159s
[P925_h180_pad0.120] it 114 J=0.35832 A_min=0.3010 A_mean=0.3961 |g|=5.07e-04 bin=0.000 S_flip=0.181 t=160s
[P925_h180_pad0.120] it 115 J=0.35832 A_min=0.3010 A_mean=0.3961 |g|=4.35e-04 bin=0.000 S_flip=0.181 t=162s
[P925_h180_pad0.120] it 116 J=0.35832 A_min=0.3010 A_mean=0.3961 |g|=3.71e-04 bin=0.000 S_flip=0.181 t=163s
[P925_h180_pad0.120] it 117 J=0.35832 A_min=0.3010 A_mean=0.3961 |g|=3.14e-04 bin=0.000 S_flip=0.181 t=165s
[P925_h180_pad0.120] it 118 J=0.35832 A_min=0.3010 A_mean=0.3961 |g|=2.64e-04 bin=0.000 S_flip=0.181 t=166s
[P925_h180_pad0.120] it 119 J=0.35832 A_min=0.3010 A_mean=0.3961 |g|=2.20e-04 bin=0.000 S_flip=0.181 t=168s
[P925_h180_pad0.120] done: J_soft=0.35832 J_hard=0.35832 A_hard=[0.4544, 0.4331, 0.301] S_flip=0.181 wall=170s
[P925_h200_pad0.150] it   0 J=0.27472 A_min=0.2248 A_mean=0.3030 |g|=3.42e-03 bin=0.035 S_flip=0.094 t=1s
[P925_h200_pad0.150] it   1 J=0.27667 A_min=0.2272 A_mean=0.3045 |g|=3.47e-03 bin=0.033 S_flip=0.095 t=3s
[P925_h200_pad0.150] it   2 J=0.27862 A_min=0.2296 A_mean=0.3061 |g|=3.51e-03 bin=0.031 S_flip=0.095 t=4s
[P925_h200_pad0.150] it   3 J=0.28055 A_min=0.2320 A_mean=0.3076 |g|=3.55e-03 bin=0.029 S_flip=0.095 t=5s
[P925_h200_pad0.150] it   4 J=0.28240 A_min=0.2344 A_mean=0.3090 |g|=3.60e-03 bin=0.027 S_flip=0.095 t=7s
[P925_h200_pad0.150] it   5 J=0.28415 A_min=0.2366 A_mean=0.3104 |g|=3.66e-03 bin=0.025 S_flip=0.095 t=8s
[P925_h200_pad0.150] it   6 J=0.28578 A_min=0.2386 A_mean=0.3116 |g|=3.73e-03 bin=0.024 S_flip=0.095 t=9s
[P925_h200_pad0.150] it   7 J=0.28729 A_min=0.2406 A_mean=0.3128 |g|=3.82e-03 bin=0.022 S_flip=0.095 t=11s
[P925_h200_pad0.150] it   8 J=0.28872 A_min=0.2424 A_mean=0.3138 |g|=3.93e-03 bin=0.021 S_flip=0.095 t=12s
[P925_h200_pad0.150] it   9 J=0.29007 A_min=0.2442 A_mean=0.3148 |g|=4.07e-03 bin=0.020 S_flip=0.094 t=13s
[P925_h200_pad0.150] it  10 J=0.29137 A_min=0.2459 A_mean=0.3158 |g|=4.23e-03 bin=0.019 S_flip=0.094 t=15s
[P925_h200_pad0.150] it  11 J=0.29261 A_min=0.2475 A_mean=0.3167 |g|=4.41e-03 bin=0.018 S_flip=0.093 t=16s
[P925_h200_pad0.150] it  12 J=0.29378 A_min=0.2491 A_mean=0.3175 |g|=4.60e-03 bin=0.017 S_flip=0.093 t=18s
[P925_h200_pad0.150] it  13 J=0.29491 A_min=0.2507 A_mean=0.3183 |g|=4.81e-03 bin=0.016 S_flip=0.093 t=19s
[P925_h200_pad0.150] it  14 J=0.29597 A_min=0.2521 A_mean=0.3191 |g|=5.02e-03 bin=0.015 S_flip=0.092 t=21s
[P925_h200_pad0.150] it  15 J=0.29699 A_min=0.2535 A_mean=0.3198 |g|=5.26e-03 bin=0.015 S_flip=0.092 t=22s
[P925_h200_pad0.150] it  16 J=0.29794 A_min=0.2548 A_mean=0.3204 |g|=5.50e-03 bin=0.014 S_flip=0.092 t=24s
[P925_h200_pad0.150] it  17 J=0.29882 A_min=0.2561 A_mean=0.3210 |g|=5.74e-03 bin=0.014 S_flip=0.093 t=25s
[P925_h200_pad0.150] it  18 J=0.29967 A_min=0.2573 A_mean=0.3216 |g|=6.01e-03 bin=0.013 S_flip=0.094 t=26s
[P925_h200_pad0.150] it  19 J=0.30050 A_min=0.2585 A_mean=0.3222 |g|=6.30e-03 bin=0.013 S_flip=0.095 t=28s
[P925_h200_pad0.150] it  20 J=0.30132 A_min=0.2597 A_mean=0.3227 |g|=6.61e-03 bin=0.012 S_flip=0.096 t=29s
[P925_h200_pad0.150] it  21 J=0.30214 A_min=0.2609 A_mean=0.3233 |g|=6.96e-03 bin=0.012 S_flip=0.097 t=31s
[P925_h200_pad0.150] it  22 J=0.30298 A_min=0.2621 A_mean=0.3238 |g|=7.32e-03 bin=0.012 S_flip=0.098 t=32s
[P925_h200_pad0.150] it  23 J=0.30383 A_min=0.2634 A_mean=0.3244 |g|=7.69e-03 bin=0.012 S_flip=0.099 t=33s
[P925_h200_pad0.150] it  24 J=0.30467 A_min=0.2647 A_mean=0.3250 |g|=8.06e-03 bin=0.011 S_flip=0.100 t=35s
[P925_h200_pad0.150] it  25 J=0.30550 A_min=0.2660 A_mean=0.3255 |g|=8.44e-03 bin=0.011 S_flip=0.100 t=36s
[P925_h200_pad0.150] it  26 J=0.30628 A_min=0.2672 A_mean=0.3260 |g|=8.83e-03 bin=0.010 S_flip=0.100 t=37s
[P925_h200_pad0.150] it  27 J=0.30700 A_min=0.2683 A_mean=0.3265 |g|=9.23e-03 bin=0.009 S_flip=0.100 t=39s
[P925_h200_pad0.150] it  28 J=0.30767 A_min=0.2694 A_mean=0.3270 |g|=9.65e-03 bin=0.009 S_flip=0.099 t=40s
[P925_h200_pad0.150] it  29 J=0.30828 A_min=0.2703 A_mean=0.3274 |g|=1.01e-02 bin=0.008 S_flip=0.099 t=42s
[P925_h200_pad0.150] it  30 J=0.30882 A_min=0.2711 A_mean=0.3278 |g|=1.05e-02 bin=0.008 S_flip=0.099 t=43s
[P925_h200_pad0.150] it  31 J=0.30930 A_min=0.2719 A_mean=0.3282 |g|=1.10e-02 bin=0.007 S_flip=0.099 t=44s
[P925_h200_pad0.150] it  32 J=0.30972 A_min=0.2726 A_mean=0.3285 |g|=1.15e-02 bin=0.007 S_flip=0.099 t=46s
[P925_h200_pad0.150] it  33 J=0.31010 A_min=0.2732 A_mean=0.3288 |g|=1.21e-02 bin=0.007 S_flip=0.100 t=47s
[P925_h200_pad0.150] it  34 J=0.31044 A_min=0.2737 A_mean=0.3291 |g|=1.26e-02 bin=0.006 S_flip=0.100 t=49s
[P925_h200_pad0.150] it  35 J=0.31074 A_min=0.2742 A_mean=0.3293 |g|=1.32e-02 bin=0.006 S_flip=0.101 t=50s
[P925_h200_pad0.150] it  36 J=0.31101 A_min=0.2746 A_mean=0.3296 |g|=1.38e-02 bin=0.006 S_flip=0.101 t=51s
[P925_h200_pad0.150] it  37 J=0.31125 A_min=0.2750 A_mean=0.3298 |g|=1.44e-02 bin=0.006 S_flip=0.101 t=53s
[P925_h200_pad0.150] it  38 J=0.31146 A_min=0.2753 A_mean=0.3299 |g|=1.51e-02 bin=0.006 S_flip=0.101 t=54s
[P925_h200_pad0.150] it  39 J=0.31165 A_min=0.2756 A_mean=0.3301 |g|=1.57e-02 bin=0.006 S_flip=0.101 t=55s
[P925_h200_pad0.150] it  40 J=0.31182 A_min=0.2759 A_mean=0.3303 |g|=1.64e-02 bin=0.006 S_flip=0.100 t=57s
[P925_h200_pad0.150] it  41 J=0.31199 A_min=0.2762 A_mean=0.3304 |g|=1.71e-02 bin=0.006 S_flip=0.100 t=58s
[P925_h200_pad0.150] it  42 J=0.31214 A_min=0.2764 A_mean=0.3306 |g|=1.79e-02 bin=0.005 S_flip=0.100 t=59s
[P925_h200_pad0.150] it  43 J=0.31229 A_min=0.2766 A_mean=0.3307 |g|=1.87e-02 bin=0.005 S_flip=0.100 t=61s
[P925_h200_pad0.150] it  44 J=0.31243 A_min=0.2769 A_mean=0.3308 |g|=1.95e-02 bin=0.005 S_flip=0.101 t=62s
[P925_h200_pad0.150] it  45 J=0.31255 A_min=0.2771 A_mean=0.3310 |g|=2.03e-02 bin=0.005 S_flip=0.101 t=63s
[P925_h200_pad0.150] it  46 J=0.31267 A_min=0.2773 A_mean=0.3311 |g|=2.12e-02 bin=0.005 S_flip=0.102 t=65s
[P925_h200_pad0.150] it  47 J=0.31277 A_min=0.2775 A_mean=0.3312 |g|=2.21e-02 bin=0.005 S_flip=0.102 t=66s
[P925_h200_pad0.150] it  48 J=0.31287 A_min=0.2776 A_mean=0.3313 |g|=2.30e-02 bin=0.005 S_flip=0.103 t=68s
[P925_h200_pad0.150] it  49 J=0.31295 A_min=0.2778 A_mean=0.3313 |g|=2.40e-02 bin=0.005 S_flip=0.104 t=69s
[P925_h200_pad0.150] it  50 J=0.31303 A_min=0.2779 A_mean=0.3314 |g|=2.50e-02 bin=0.005 S_flip=0.105 t=70s
[P925_h200_pad0.150] it  51 J=0.31309 A_min=0.2780 A_mean=0.3315 |g|=2.61e-02 bin=0.004 S_flip=0.106 t=72s
[P925_h200_pad0.150] it  52 J=0.31314 A_min=0.2781 A_mean=0.3315 |g|=2.72e-02 bin=0.004 S_flip=0.107 t=73s
[P925_h200_pad0.150] it  53 J=0.31318 A_min=0.2782 A_mean=0.3316 |g|=2.84e-02 bin=0.004 S_flip=0.107 t=75s
[P925_h200_pad0.150] it  54 J=0.31321 A_min=0.2782 A_mean=0.3316 |g|=2.95e-02 bin=0.004 S_flip=0.108 t=76s
[P925_h200_pad0.150] it  55 J=0.31322 A_min=0.2783 A_mean=0.3316 |g|=3.08e-02 bin=0.004 S_flip=0.108 t=77s
[P925_h200_pad0.150] it  56 J=0.31323 A_min=0.2783 A_mean=0.3316 |g|=3.20e-02 bin=0.004 S_flip=0.108 t=79s
[P925_h200_pad0.150] it  57 J=0.31324 A_min=0.2783 A_mean=0.3316 |g|=3.33e-02 bin=0.004 S_flip=0.108 t=80s
[P925_h200_pad0.150] it  58 J=0.31325 A_min=0.2783 A_mean=0.3316 |g|=3.47e-02 bin=0.004 S_flip=0.108 t=81s
[P925_h200_pad0.150] it  59 J=0.31325 A_min=0.2783 A_mean=0.3317 |g|=3.61e-02 bin=0.004 S_flip=0.108 t=83s
[P925_h200_pad0.150] it  60 J=0.31326 A_min=0.2784 A_mean=0.3317 |g|=3.76e-02 bin=0.004 S_flip=0.108 t=84s
[P925_h200_pad0.150] it  61 J=0.31327 A_min=0.2784 A_mean=0.3317 |g|=3.92e-02 bin=0.004 S_flip=0.108 t=85s
[P925_h200_pad0.150] it  62 J=0.31328 A_min=0.2784 A_mean=0.3317 |g|=4.08e-02 bin=0.004 S_flip=0.107 t=87s
[P925_h200_pad0.150] it  63 J=0.31330 A_min=0.2784 A_mean=0.3317 |g|=4.24e-02 bin=0.004 S_flip=0.107 t=88s
[P925_h200_pad0.150] it  64 J=0.31331 A_min=0.2785 A_mean=0.3317 |g|=4.42e-02 bin=0.004 S_flip=0.107 t=90s
[P925_h200_pad0.150] it  65 J=0.31332 A_min=0.2785 A_mean=0.3318 |g|=4.60e-02 bin=0.004 S_flip=0.107 t=91s
[P925_h200_pad0.150] it  66 J=0.31333 A_min=0.2785 A_mean=0.3318 |g|=4.79e-02 bin=0.004 S_flip=0.107 t=93s
[P925_h200_pad0.150] it  67 J=0.31334 A_min=0.2785 A_mean=0.3318 |g|=4.98e-02 bin=0.004 S_flip=0.107 t=94s
[P925_h200_pad0.150] it  68 J=0.31335 A_min=0.2786 A_mean=0.3318 |g|=5.19e-02 bin=0.004 S_flip=0.107 t=95s
[P925_h200_pad0.150] it  69 J=0.31337 A_min=0.2786 A_mean=0.3318 |g|=5.40e-02 bin=0.004 S_flip=0.107 t=97s
[P925_h200_pad0.150] it  70 J=0.31338 A_min=0.2786 A_mean=0.3319 |g|=5.62e-02 bin=0.004 S_flip=0.107 t=98s
[P925_h200_pad0.150] it  71 J=0.31340 A_min=0.2786 A_mean=0.3319 |g|=5.85e-02 bin=0.004 S_flip=0.108 t=99s
[P925_h200_pad0.150] it  72 J=0.31341 A_min=0.2787 A_mean=0.3319 |g|=6.09e-02 bin=0.004 S_flip=0.108 t=101s
[P925_h200_pad0.150] it  73 J=0.31342 A_min=0.2787 A_mean=0.3319 |g|=6.34e-02 bin=0.004 S_flip=0.108 t=102s
[P925_h200_pad0.150] it  74 J=0.31343 A_min=0.2787 A_mean=0.3319 |g|=6.60e-02 bin=0.004 S_flip=0.108 t=104s
[P925_h200_pad0.150] it  75 J=0.31343 A_min=0.2787 A_mean=0.3319 |g|=6.87e-02 bin=0.004 S_flip=0.108 t=105s
[P925_h200_pad0.150] it  76 J=0.31341 A_min=0.2787 A_mean=0.3319 |g|=7.14e-02 bin=0.004 S_flip=0.108 t=106s
[P925_h200_pad0.150] it  77 J=0.31340 A_min=0.2787 A_mean=0.3319 |g|=7.43e-02 bin=0.004 S_flip=0.108 t=108s
[P925_h200_pad0.150] it  78 J=0.31337 A_min=0.2786 A_mean=0.3319 |g|=7.72e-02 bin=0.004 S_flip=0.109 t=109s
[P925_h200_pad0.150] it  79 J=0.31334 A_min=0.2786 A_mean=0.3319 |g|=8.03e-02 bin=0.004 S_flip=0.109 t=111s
[P925_h200_pad0.150] it  80 J=0.31330 A_min=0.2785 A_mean=0.3318 |g|=8.34e-02 bin=0.004 S_flip=0.109 t=112s
[P925_h200_pad0.150] it  81 J=0.31326 A_min=0.2785 A_mean=0.3318 |g|=8.66e-02 bin=0.004 S_flip=0.109 t=114s
[P925_h200_pad0.150] it  82 J=0.31322 A_min=0.2784 A_mean=0.3318 |g|=9.00e-02 bin=0.004 S_flip=0.110 t=115s
[P925_h200_pad0.150] it  83 J=0.31318 A_min=0.2784 A_mean=0.3317 |g|=9.34e-02 bin=0.004 S_flip=0.110 t=117s
[P925_h200_pad0.150] it  84 J=0.31314 A_min=0.2783 A_mean=0.3317 |g|=9.70e-02 bin=0.004 S_flip=0.111 t=118s
[P925_h200_pad0.150] it  85 J=0.31311 A_min=0.2782 A_mean=0.3317 |g|=1.01e-01 bin=0.004 S_flip=0.112 t=120s
[P925_h200_pad0.150] it  86 J=0.31307 A_min=0.2782 A_mean=0.3316 |g|=1.05e-01 bin=0.004 S_flip=0.113 t=121s
[P925_h200_pad0.150] it  87 J=0.31302 A_min=0.2781 A_mean=0.3316 |g|=1.08e-01 bin=0.004 S_flip=0.114 t=123s
[P925_h200_pad0.150] it  88 J=0.31297 A_min=0.2780 A_mean=0.3316 |g|=1.12e-01 bin=0.004 S_flip=0.115 t=124s
[P925_h200_pad0.150] it  89 J=0.31292 A_min=0.2780 A_mean=0.3315 |g|=1.17e-01 bin=0.004 S_flip=0.115 t=125s
[P925_h200_pad0.150] it  90 J=0.31286 A_min=0.2779 A_mean=0.3315 |g|=1.21e-01 bin=0.003 S_flip=0.116 t=127s
[P925_h200_pad0.150] it  91 J=0.31280 A_min=0.2778 A_mean=0.3314 |g|=1.25e-01 bin=0.003 S_flip=0.117 t=128s
[P925_h200_pad0.150] it  92 J=0.31273 A_min=0.2777 A_mean=0.3314 |g|=1.30e-01 bin=0.003 S_flip=0.117 t=129s
[P925_h200_pad0.150] it  93 J=0.31266 A_min=0.2776 A_mean=0.3313 |g|=1.34e-01 bin=0.003 S_flip=0.118 t=131s
[P925_h200_pad0.150] it  94 J=0.31259 A_min=0.2774 A_mean=0.3312 |g|=1.39e-01 bin=0.003 S_flip=0.118 t=132s
[P925_h200_pad0.150] it  95 J=0.31251 A_min=0.2773 A_mean=0.3312 |g|=1.44e-01 bin=0.003 S_flip=0.119 t=133s
[P925_h200_pad0.150] it  96 J=0.31242 A_min=0.2772 A_mean=0.3311 |g|=1.49e-01 bin=0.003 S_flip=0.119 t=135s
[P925_h200_pad0.150] it  97 J=0.31234 A_min=0.2770 A_mean=0.3310 |g|=1.54e-01 bin=0.003 S_flip=0.120 t=136s
[P925_h200_pad0.150] it  98 J=0.31225 A_min=0.2769 A_mean=0.3310 |g|=1.59e-01 bin=0.003 S_flip=0.120 t=137s
[P925_h200_pad0.150] it  99 J=0.31216 A_min=0.2768 A_mean=0.3309 |g|=1.64e-01 bin=0.003 S_flip=0.121 t=139s
[P925_h200_pad0.150] it 100 J=0.31207 A_min=0.2766 A_mean=0.3308 |g|=1.69e-01 bin=0.003 S_flip=0.121 t=140s
[P925_h200_pad0.150] it 101 J=0.31197 A_min=0.2765 A_mean=0.3307 |g|=1.74e-01 bin=0.003 S_flip=0.122 t=142s
[P925_h200_pad0.150] it 102 J=0.31187 A_min=0.2763 A_mean=0.3306 |g|=1.80e-01 bin=0.003 S_flip=0.123 t=143s
[P925_h200_pad0.150] it 103 J=0.31176 A_min=0.2761 A_mean=0.3305 |g|=1.85e-01 bin=0.003 S_flip=0.123 t=144s
[P925_h200_pad0.150] it 104 J=0.31165 A_min=0.2760 A_mean=0.3304 |g|=1.90e-01 bin=0.003 S_flip=0.124 t=146s
[P925_h200_pad0.150] it 105 J=0.31154 A_min=0.2758 A_mean=0.3303 |g|=1.96e-01 bin=0.003 S_flip=0.124 t=147s
[P925_h200_pad0.150] it 106 J=0.31143 A_min=0.2756 A_mean=0.3302 |g|=2.01e-01 bin=0.003 S_flip=0.125 t=149s
[P925_h200_pad0.150] it 107 J=0.31131 A_min=0.2754 A_mean=0.3301 |g|=2.06e-01 bin=0.003 S_flip=0.126 t=150s
[P925_h200_pad0.150] it 108 J=0.31119 A_min=0.2752 A_mean=0.3300 |g|=2.11e-01 bin=0.003 S_flip=0.126 t=151s
[P925_h200_pad0.150] it 109 J=0.31106 A_min=0.2750 A_mean=0.3299 |g|=2.16e-01 bin=0.003 S_flip=0.127 t=153s
[P925_h200_pad0.150] it 110 J=0.31093 A_min=0.2748 A_mean=0.3298 |g|=2.20e-01 bin=0.003 S_flip=0.128 t=154s
[P925_h200_pad0.150] it 111 J=0.31080 A_min=0.2746 A_mean=0.3297 |g|=2.25e-01 bin=0.003 S_flip=0.129 t=155s
[P925_h200_pad0.150] it 112 J=0.31067 A_min=0.2744 A_mean=0.3296 |g|=2.29e-01 bin=0.002 S_flip=0.129 t=157s
[P925_h200_pad0.150] it 113 J=0.31053 A_min=0.2742 A_mean=0.3295 |g|=2.33e-01 bin=0.002 S_flip=0.130 t=158s
[P925_h200_pad0.150] it 114 J=0.31039 A_min=0.2740 A_mean=0.3294 |g|=2.36e-01 bin=0.002 S_flip=0.131 t=159s
[P925_h200_pad0.150] it 115 J=0.31025 A_min=0.2738 A_mean=0.3292 |g|=2.40e-01 bin=0.002 S_flip=0.132 t=161s
[P925_h200_pad0.150] it 116 J=0.31011 A_min=0.2735 A_mean=0.3291 |g|=2.42e-01 bin=0.002 S_flip=0.132 t=162s
[P925_h200_pad0.150] it 117 J=0.30996 A_min=0.2733 A_mean=0.3290 |g|=2.44e-01 bin=0.002 S_flip=0.133 t=163s
[P925_h200_pad0.150] it 118 J=0.30982 A_min=0.2731 A_mean=0.3289 |g|=2.46e-01 bin=0.002 S_flip=0.134 t=165s
[P925_h200_pad0.150] it 119 J=0.30967 A_min=0.2729 A_mean=0.3288 |g|=2.47e-01 bin=0.002 S_flip=0.135 t=166s
[P925_h200_pad0.150] done: J_soft=0.30967 J_hard=0.30682 A_hard=[0.3997, 0.2684, 0.311] S_flip=0.150 wall=168s
[P925_h200_pad0.090] it   0 J=0.36907 A_min=0.3141 A_mean=0.4016 |g|=2.25e-03 bin=0.044 S_flip=0.105 t=1s
[P925_h200_pad0.090] it   1 J=0.36980 A_min=0.3145 A_mean=0.4025 |g|=1.67e-03 bin=0.042 S_flip=0.108 t=3s
[P925_h200_pad0.090] it   2 J=0.37032 A_min=0.3148 A_mean=0.4031 |g|=1.61e-03 bin=0.040 S_flip=0.111 t=4s
[P925_h200_pad0.090] it   3 J=0.37079 A_min=0.3152 A_mean=0.4037 |g|=1.69e-03 bin=0.039 S_flip=0.114 t=5s
[P925_h200_pad0.090] it   4 J=0.37126 A_min=0.3155 A_mean=0.4045 |g|=1.72e-03 bin=0.037 S_flip=0.117 t=7s
[P925_h200_pad0.090] it   5 J=0.37175 A_min=0.3158 A_mean=0.4053 |g|=1.67e-03 bin=0.036 S_flip=0.120 t=8s
[P925_h200_pad0.090] it   6 J=0.37225 A_min=0.3161 A_mean=0.4063 |g|=1.58e-03 bin=0.034 S_flip=0.123 t=9s
[P925_h200_pad0.090] it   7 J=0.37272 A_min=0.3164 A_mean=0.4073 |g|=1.50e-03 bin=0.033 S_flip=0.125 t=11s
[P925_h200_pad0.090] it   8 J=0.37317 A_min=0.3167 A_mean=0.4082 |g|=1.45e-03 bin=0.031 S_flip=0.128 t=12s
[P925_h200_pad0.090] it   9 J=0.37360 A_min=0.3170 A_mean=0.4091 |g|=1.44e-03 bin=0.030 S_flip=0.131 t=13s
[P925_h200_pad0.090] it  10 J=0.37401 A_min=0.3173 A_mean=0.4099 |g|=1.43e-03 bin=0.029 S_flip=0.133 t=15s
[P925_h200_pad0.090] it  11 J=0.37441 A_min=0.3175 A_mean=0.4107 |g|=1.43e-03 bin=0.028 S_flip=0.136 t=16s
[P925_h200_pad0.090] it  12 J=0.37480 A_min=0.3178 A_mean=0.4115 |g|=1.41e-03 bin=0.027 S_flip=0.139 t=17s
[P925_h200_pad0.090] it  13 J=0.37518 A_min=0.3180 A_mean=0.4122 |g|=1.38e-03 bin=0.026 S_flip=0.141 t=18s
[P925_h200_pad0.090] it  14 J=0.37555 A_min=0.3183 A_mean=0.4129 |g|=1.35e-03 bin=0.025 S_flip=0.144 t=20s
[P925_h200_pad0.090] it  15 J=0.37591 A_min=0.3185 A_mean=0.4135 |g|=1.32e-03 bin=0.024 S_flip=0.146 t=21s
[P925_h200_pad0.090] it  16 J=0.37626 A_min=0.3187 A_mean=0.4141 |g|=1.30e-03 bin=0.023 S_flip=0.149 t=22s
[P925_h200_pad0.090] it  17 J=0.37659 A_min=0.3190 A_mean=0.4147 |g|=1.29e-03 bin=0.022 S_flip=0.151 t=24s
[P925_h200_pad0.090] it  18 J=0.37691 A_min=0.3192 A_mean=0.4153 |g|=1.28e-03 bin=0.022 S_flip=0.153 t=25s
[P925_h200_pad0.090] it  19 J=0.37723 A_min=0.3194 A_mean=0.4159 |g|=1.27e-03 bin=0.021 S_flip=0.156 t=27s
[P925_h200_pad0.090] it  20 J=0.37753 A_min=0.3196 A_mean=0.4165 |g|=1.26e-03 bin=0.020 S_flip=0.159 t=28s
[P925_h200_pad0.090] it  21 J=0.37782 A_min=0.3198 A_mean=0.4171 |g|=1.23e-03 bin=0.019 S_flip=0.161 t=29s
[P925_h200_pad0.090] it  22 J=0.37810 A_min=0.3200 A_mean=0.4176 |g|=1.19e-03 bin=0.019 S_flip=0.164 t=31s
[P925_h200_pad0.090] it  23 J=0.37837 A_min=0.3202 A_mean=0.4182 |g|=1.16e-03 bin=0.018 S_flip=0.167 t=32s
[P925_h200_pad0.090] it  24 J=0.37862 A_min=0.3203 A_mean=0.4187 |g|=1.13e-03 bin=0.017 S_flip=0.171 t=33s
[P925_h200_pad0.090] it  25 J=0.37887 A_min=0.3205 A_mean=0.4193 |g|=1.10e-03 bin=0.016 S_flip=0.174 t=35s
[P925_h200_pad0.090] it  26 J=0.37910 A_min=0.3207 A_mean=0.4197 |g|=1.09e-03 bin=0.016 S_flip=0.177 t=36s
[P925_h200_pad0.090] it  27 J=0.37932 A_min=0.3208 A_mean=0.4202 |g|=1.07e-03 bin=0.015 S_flip=0.181 t=37s
[P925_h200_pad0.090] it  28 J=0.37952 A_min=0.3210 A_mean=0.4206 |g|=1.04e-03 bin=0.014 S_flip=0.184 t=38s
[P925_h200_pad0.090] it  29 J=0.37972 A_min=0.3211 A_mean=0.4209 |g|=1.02e-03 bin=0.013 S_flip=0.188 t=39s
[P925_h200_pad0.090] it  30 J=0.37991 A_min=0.3212 A_mean=0.4212 |g|=9.96e-04 bin=0.013 S_flip=0.191 t=41s
[P925_h200_pad0.090] it  31 J=0.38009 A_min=0.3214 A_mean=0.4215 |g|=9.94e-04 bin=0.012 S_flip=0.194 t=42s
[P925_h200_pad0.090] it  32 J=0.38026 A_min=0.3215 A_mean=0.4217 |g|=1.01e-03 bin=0.012 S_flip=0.197 t=44s
[P925_h200_pad0.090] it  33 J=0.38042 A_min=0.3217 A_mean=0.4220 |g|=1.05e-03 bin=0.011 S_flip=0.200 t=45s
[P925_h200_pad0.090] it  34 J=0.38059 A_min=0.3218 A_mean=0.4222 |g|=1.10e-03 bin=0.011 S_flip=0.202 t=46s
[P925_h200_pad0.090] it  35 J=0.38075 A_min=0.3219 A_mean=0.4224 |g|=1.14e-03 bin=0.010 S_flip=0.204 t=48s
[P925_h200_pad0.090] it  36 J=0.38091 A_min=0.3221 A_mean=0.4227 |g|=1.14e-03 bin=0.010 S_flip=0.206 t=49s
[P925_h200_pad0.090] it  37 J=0.38107 A_min=0.3222 A_mean=0.4229 |g|=1.11e-03 bin=0.009 S_flip=0.207 t=50s
[P925_h200_pad0.090] it  38 J=0.38122 A_min=0.3223 A_mean=0.4231 |g|=1.06e-03 bin=0.009 S_flip=0.208 t=52s
[P925_h200_pad0.090] it  39 J=0.38136 A_min=0.3225 A_mean=0.4232 |g|=1.04e-03 bin=0.008 S_flip=0.209 t=53s
[P925_h200_pad0.090] it  40 J=0.38149 A_min=0.3226 A_mean=0.4234 |g|=1.04e-03 bin=0.008 S_flip=0.209 t=54s
[P925_h200_pad0.090] it  41 J=0.38162 A_min=0.3227 A_mean=0.4235 |g|=1.06e-03 bin=0.008 S_flip=0.209 t=56s
[P925_h200_pad0.090] it  42 J=0.38174 A_min=0.3228 A_mean=0.4237 |g|=1.07e-03 bin=0.007 S_flip=0.209 t=57s
[P925_h200_pad0.090] it  43 J=0.38186 A_min=0.3229 A_mean=0.4238 |g|=1.04e-03 bin=0.007 S_flip=0.209 t=59s
[P925_h200_pad0.090] it  44 J=0.38197 A_min=0.3230 A_mean=0.4240 |g|=9.85e-04 bin=0.007 S_flip=0.209 t=60s
[P925_h200_pad0.090] it  45 J=0.38207 A_min=0.3231 A_mean=0.4241 |g|=9.17e-04 bin=0.006 S_flip=0.210 t=61s
[P925_h200_pad0.090] it  46 J=0.38217 A_min=0.3232 A_mean=0.4242 |g|=8.57e-04 bin=0.006 S_flip=0.210 t=63s
[P925_h200_pad0.090] it  47 J=0.38226 A_min=0.3233 A_mean=0.4243 |g|=8.09e-04 bin=0.006 S_flip=0.210 t=64s
[P925_h200_pad0.090] it  48 J=0.38234 A_min=0.3234 A_mean=0.4245 |g|=7.75e-04 bin=0.005 S_flip=0.210 t=65s
[P925_h200_pad0.090] it  49 J=0.38241 A_min=0.3234 A_mean=0.4246 |g|=7.58e-04 bin=0.005 S_flip=0.210 t=67s
[P925_h200_pad0.090] it  50 J=0.38249 A_min=0.3235 A_mean=0.4247 |g|=7.52e-04 bin=0.005 S_flip=0.211 t=68s
[P925_h200_pad0.090] it  51 J=0.38256 A_min=0.3236 A_mean=0.4248 |g|=7.53e-04 bin=0.005 S_flip=0.210 t=70s
[P925_h200_pad0.090] it  52 J=0.38262 A_min=0.3236 A_mean=0.4250 |g|=7.63e-04 bin=0.005 S_flip=0.210 t=71s
[P925_h200_pad0.090] it  53 J=0.38269 A_min=0.3237 A_mean=0.4251 |g|=7.74e-04 bin=0.004 S_flip=0.210 t=73s
[P925_h200_pad0.090] it  54 J=0.38275 A_min=0.3237 A_mean=0.4252 |g|=7.65e-04 bin=0.004 S_flip=0.209 t=74s
[P925_h200_pad0.090] it  55 J=0.38281 A_min=0.3238 A_mean=0.4253 |g|=7.14e-04 bin=0.004 S_flip=0.209 t=75s
[P925_h200_pad0.090] it  56 J=0.38286 A_min=0.3238 A_mean=0.4254 |g|=6.39e-04 bin=0.004 S_flip=0.209 t=77s
[P925_h200_pad0.090] it  57 J=0.38290 A_min=0.3238 A_mean=0.4254 |g|=5.87e-04 bin=0.003 S_flip=0.209 t=78s
[P925_h200_pad0.090] it  58 J=0.38294 A_min=0.3239 A_mean=0.4255 |g|=5.80e-04 bin=0.003 S_flip=0.209 t=79s
[P925_h200_pad0.090] it  59 J=0.38298 A_min=0.3239 A_mean=0.4256 |g|=6.00e-04 bin=0.003 S_flip=0.209 t=81s
[P925_h200_pad0.090] it  60 J=0.38301 A_min=0.3239 A_mean=0.4256 |g|=6.22e-04 bin=0.003 S_flip=0.209 t=82s
[P925_h200_pad0.090] it  61 J=0.38305 A_min=0.3240 A_mean=0.4256 |g|=6.45e-04 bin=0.003 S_flip=0.209 t=83s
[P925_h200_pad0.090] it  62 J=0.38308 A_min=0.3240 A_mean=0.4257 |g|=6.78e-04 bin=0.003 S_flip=0.209 t=85s
[P925_h200_pad0.090] it  63 J=0.38311 A_min=0.3240 A_mean=0.4257 |g|=7.32e-04 bin=0.003 S_flip=0.209 t=86s
[P925_h200_pad0.090] it  64 J=0.38315 A_min=0.3241 A_mean=0.4257 |g|=8.17e-04 bin=0.003 S_flip=0.209 t=87s
[P925_h200_pad0.090] it  65 J=0.38318 A_min=0.3241 A_mean=0.4257 |g|=9.63e-04 bin=0.003 S_flip=0.208 t=89s
[P925_h200_pad0.090] it  66 J=0.38323 A_min=0.3242 A_mean=0.4257 |g|=1.21e-03 bin=0.003 S_flip=0.208 t=90s
[P925_h200_pad0.090] it  67 J=0.38329 A_min=0.3242 A_mean=0.4257 |g|=1.52e-03 bin=0.003 S_flip=0.209 t=91s
[P925_h200_pad0.090] it  68 J=0.38337 A_min=0.3243 A_mean=0.4259 |g|=1.60e-03 bin=0.003 S_flip=0.210 t=93s
[P925_h200_pad0.090] it  69 J=0.38345 A_min=0.3244 A_mean=0.4261 |g|=1.28e-03 bin=0.002 S_flip=0.211 t=94s
[P925_h200_pad0.090] it  70 J=0.38351 A_min=0.3244 A_mean=0.4263 |g|=9.91e-04 bin=0.002 S_flip=0.213 t=95s
[P925_h200_pad0.090] it  71 J=0.38356 A_min=0.3244 A_mean=0.4264 |g|=8.53e-04 bin=0.002 S_flip=0.214 t=97s
[P925_h200_pad0.090] it  72 J=0.38360 A_min=0.3245 A_mean=0.4265 |g|=7.90e-04 bin=0.001 S_flip=0.215 t=98s
[P925_h200_pad0.090] it  73 J=0.38364 A_min=0.3245 A_mean=0.4265 |g|=7.54e-04 bin=0.001 S_flip=0.216 t=100s
[P925_h200_pad0.090] it  74 J=0.38367 A_min=0.3245 A_mean=0.4265 |g|=7.23e-04 bin=0.001 S_flip=0.217 t=101s
[P925_h200_pad0.090] it  75 J=0.38370 A_min=0.3246 A_mean=0.4266 |g|=6.81e-04 bin=0.001 S_flip=0.218 t=102s
[P925_h200_pad0.090] it  76 J=0.38372 A_min=0.3246 A_mean=0.4266 |g|=6.44e-04 bin=0.001 S_flip=0.218 t=104s
[P925_h200_pad0.090] it  77 J=0.38375 A_min=0.3246 A_mean=0.4266 |g|=6.29e-04 bin=0.001 S_flip=0.219 t=105s
[P925_h200_pad0.090] it  78 J=0.38377 A_min=0.3246 A_mean=0.4266 |g|=6.23e-04 bin=0.001 S_flip=0.219 t=106s
[P925_h200_pad0.090] it  79 J=0.38379 A_min=0.3247 A_mean=0.4266 |g|=6.06e-04 bin=0.001 S_flip=0.220 t=108s
[P925_h200_pad0.090] it  80 J=0.38380 A_min=0.3247 A_mean=0.4266 |g|=5.95e-04 bin=0.001 S_flip=0.220 t=109s
[P925_h200_pad0.090] it  81 J=0.38382 A_min=0.3247 A_mean=0.4266 |g|=6.11e-04 bin=0.001 S_flip=0.220 t=111s
[P925_h200_pad0.090] it  82 J=0.38384 A_min=0.3247 A_mean=0.4266 |g|=6.41e-04 bin=0.001 S_flip=0.220 t=112s
[P925_h200_pad0.090] it  83 J=0.38385 A_min=0.3247 A_mean=0.4266 |g|=6.46e-04 bin=0.001 S_flip=0.220 t=113s
[P925_h200_pad0.090] it  84 J=0.38387 A_min=0.3247 A_mean=0.4266 |g|=6.29e-04 bin=0.001 S_flip=0.221 t=115s
[P925_h200_pad0.090] it  85 J=0.38388 A_min=0.3247 A_mean=0.4267 |g|=6.36e-04 bin=0.001 S_flip=0.221 t=116s
[P925_h200_pad0.090] it  86 J=0.38389 A_min=0.3248 A_mean=0.4267 |g|=6.82e-04 bin=0.001 S_flip=0.221 t=118s
[P925_h200_pad0.090] it  87 J=0.38390 A_min=0.3248 A_mean=0.4267 |g|=7.45e-04 bin=0.001 S_flip=0.221 t=119s
[P925_h200_pad0.090] it  88 J=0.38392 A_min=0.3248 A_mean=0.4267 |g|=7.88e-04 bin=0.001 S_flip=0.221 t=121s
[P925_h200_pad0.090] it  89 J=0.38393 A_min=0.3248 A_mean=0.4267 |g|=7.83e-04 bin=0.001 S_flip=0.221 t=122s
[P925_h200_pad0.090] it  90 J=0.38394 A_min=0.3248 A_mean=0.4268 |g|=7.38e-04 bin=0.001 S_flip=0.221 t=123s
[P925_h200_pad0.090] it  91 J=0.38395 A_min=0.3248 A_mean=0.4268 |g|=6.96e-04 bin=0.001 S_flip=0.221 t=125s
[P925_h200_pad0.090] it  92 J=0.38396 A_min=0.3248 A_mean=0.4268 |g|=6.72e-04 bin=0.001 S_flip=0.221 t=126s
[P925_h200_pad0.090] it  93 J=0.38397 A_min=0.3248 A_mean=0.4268 |g|=6.63e-04 bin=0.001 S_flip=0.221 t=128s
[P925_h200_pad0.090] it  94 J=0.38398 A_min=0.3248 A_mean=0.4268 |g|=6.85e-04 bin=0.001 S_flip=0.221 t=129s
[P925_h200_pad0.090] it  95 J=0.38399 A_min=0.3249 A_mean=0.4268 |g|=7.73e-04 bin=0.000 S_flip=0.222 t=130s
[P925_h200_pad0.090] it  96 J=0.38399 A_min=0.3249 A_mean=0.4268 |g|=9.24e-04 bin=0.000 S_flip=0.222 t=132s
[P925_h200_pad0.090] it  97 J=0.38400 A_min=0.3249 A_mean=0.4268 |g|=1.10e-03 bin=0.000 S_flip=0.222 t=133s
[P925_h200_pad0.090] it  98 J=0.38401 A_min=0.3249 A_mean=0.4268 |g|=1.25e-03 bin=0.000 S_flip=0.222 t=134s
[P925_h200_pad0.090] it  99 J=0.38402 A_min=0.3249 A_mean=0.4269 |g|=1.27e-03 bin=0.000 S_flip=0.221 t=136s
[P925_h200_pad0.090] it 100 J=0.38403 A_min=0.3249 A_mean=0.4269 |g|=1.15e-03 bin=0.000 S_flip=0.221 t=137s
[P925_h200_pad0.090] it 101 J=0.38404 A_min=0.3249 A_mean=0.4269 |g|=9.57e-04 bin=0.000 S_flip=0.221 t=138s
[P925_h200_pad0.090] it 102 J=0.38405 A_min=0.3249 A_mean=0.4270 |g|=7.95e-04 bin=0.000 S_flip=0.222 t=140s
[P925_h200_pad0.090] it 103 J=0.38405 A_min=0.3249 A_mean=0.4270 |g|=7.37e-04 bin=0.000 S_flip=0.222 t=141s
[P925_h200_pad0.090] it 104 J=0.38406 A_min=0.3249 A_mean=0.4270 |g|=7.66e-04 bin=0.000 S_flip=0.222 t=142s
[P925_h200_pad0.090] it 105 J=0.38406 A_min=0.3249 A_mean=0.4270 |g|=8.23e-04 bin=0.000 S_flip=0.222 t=144s
[P925_h200_pad0.090] it 106 J=0.38406 A_min=0.3249 A_mean=0.4270 |g|=8.60e-04 bin=0.000 S_flip=0.222 t=145s
[P925_h200_pad0.090] it 107 J=0.38407 A_min=0.3249 A_mean=0.4270 |g|=8.55e-04 bin=0.000 S_flip=0.222 t=146s
[P925_h200_pad0.090] it 108 J=0.38407 A_min=0.3249 A_mean=0.4270 |g|=8.15e-04 bin=0.000 S_flip=0.222 t=148s
[P925_h200_pad0.090] it 109 J=0.38407 A_min=0.3249 A_mean=0.4270 |g|=7.60e-04 bin=0.000 S_flip=0.222 t=149s
[P925_h200_pad0.090] it 110 J=0.38407 A_min=0.3249 A_mean=0.4270 |g|=7.09e-04 bin=0.000 S_flip=0.222 t=151s
[P925_h200_pad0.090] it 111 J=0.38407 A_min=0.3249 A_mean=0.4270 |g|=6.75e-04 bin=0.000 S_flip=0.222 t=152s
[P925_h200_pad0.090] it 112 J=0.38407 A_min=0.3249 A_mean=0.4270 |g|=6.62e-04 bin=0.000 S_flip=0.222 t=154s
[P925_h200_pad0.090] it 113 J=0.38407 A_min=0.3249 A_mean=0.4270 |g|=6.66e-04 bin=0.000 S_flip=0.222 t=155s
[P925_h200_pad0.090] it 114 J=0.38408 A_min=0.3249 A_mean=0.4270 |g|=6.82e-04 bin=0.000 S_flip=0.222 t=157s
[P925_h200_pad0.090] it 115 J=0.38408 A_min=0.3249 A_mean=0.4270 |g|=7.04e-04 bin=0.000 S_flip=0.222 t=158s
[P925_h200_pad0.090] it 116 J=0.38408 A_min=0.3249 A_mean=0.4270 |g|=7.28e-04 bin=0.000 S_flip=0.222 t=160s
[P925_h200_pad0.090] it 117 J=0.38408 A_min=0.3249 A_mean=0.4270 |g|=7.50e-04 bin=0.000 S_flip=0.222 t=161s
[P925_h200_pad0.090] it 118 J=0.38408 A_min=0.3249 A_mean=0.4270 |g|=7.70e-04 bin=0.000 S_flip=0.222 t=162s
[P925_h200_pad0.090] it 119 J=0.38408 A_min=0.3249 A_mean=0.4270 |g|=7.85e-04 bin=0.000 S_flip=0.222 t=164s
[P925_h200_pad0.090] done: J_soft=0.38408 J_hard=0.38407 A_hard=[0.4722, 0.4838, 0.3249] S_flip=0.222 wall=166s
[P925_h240_pad0.120] it   0 J=0.27874 A_min=0.2177 A_mean=0.3298 |g|=6.87e-03 bin=0.043 S_flip=0.105 t=1s
[P925_h240_pad0.120] it   1 J=0.28398 A_min=0.2233 A_mean=0.3329 |g|=8.08e-03 bin=0.042 S_flip=0.107 t=3s
[P925_h240_pad0.120] it   2 J=0.29036 A_min=0.2304 A_mean=0.3365 |g|=9.67e-03 bin=0.041 S_flip=0.110 t=4s
[P925_h240_pad0.120] it   3 J=0.29832 A_min=0.2393 A_mean=0.3408 |g|=1.19e-02 bin=0.040 S_flip=0.112 t=5s
[P925_h240_pad0.120] it   4 J=0.30847 A_min=0.2510 A_mean=0.3461 |g|=1.48e-02 bin=0.039 S_flip=0.114 t=7s
[P925_h240_pad0.120] it   5 J=0.32154 A_min=0.2665 A_mean=0.3530 |g|=1.84e-02 bin=0.038 S_flip=0.117 t=8s
[P925_h240_pad0.120] it   6 J=0.33820 A_min=0.2873 A_mean=0.3618 |g|=2.22e-02 bin=0.037 S_flip=0.121 t=10s
[P925_h240_pad0.120] it   7 J=0.35851 A_min=0.3150 A_mean=0.3733 |g|=2.53e-02 bin=0.036 S_flip=0.126 t=11s
[P925_h240_pad0.120] it   8 J=0.38095 A_min=0.3507 A_mean=0.3879 |g|=2.52e-02 bin=0.035 S_flip=0.131 t=12s
[P925_h240_pad0.120] it   9 J=0.40107 A_min=0.3849 A_mean=0.4048 |g|=1.89e-02 bin=0.034 S_flip=0.135 t=14s
[P925_h240_pad0.120] it  10 J=0.41268 A_min=0.3800 A_mean=0.4196 |g|=8.07e-03 bin=0.034 S_flip=0.139 t=15s
[P925_h240_pad0.120] it  11 J=0.41393 A_min=0.3749 A_mean=0.4244 |g|=5.44e-03 bin=0.033 S_flip=0.145 t=17s
[P925_h240_pad0.120] it  12 J=0.40857 A_min=0.3705 A_mean=0.4186 |g|=1.24e-02 bin=0.032 S_flip=0.151 t=18s
[P925_h240_pad0.120] it  13 J=0.40141 A_min=0.3673 A_mean=0.4098 |g|=1.79e-02 bin=0.031 S_flip=0.157 t=19s
[P925_h240_pad0.120] it  14 J=0.39617 A_min=0.3658 A_mean=0.4036 |g|=2.10e-02 bin=0.030 S_flip=0.160 t=21s
[P925_h240_pad0.120] it  15 J=0.39452 A_min=0.3657 A_mean=0.4018 |g|=2.21e-02 bin=0.029 S_flip=0.163 t=22s
[P925_h240_pad0.120] it  16 J=0.39638 A_min=0.3667 A_mean=0.4038 |g|=2.15e-02 bin=0.027 S_flip=0.165 t=23s
[P925_h240_pad0.120] it  17 J=0.40077 A_min=0.3686 A_mean=0.4088 |g|=1.96e-02 bin=0.026 S_flip=0.167 t=24s
[P925_h240_pad0.120] it  18 J=0.40639 A_min=0.3709 A_mean=0.4155 |g|=1.65e-02 bin=0.024 S_flip=0.168 t=26s
[P925_h240_pad0.120] it  19 J=0.41197 A_min=0.3735 A_mean=0.4225 |g|=1.29e-02 bin=0.023 S_flip=0.169 t=27s
[P925_h240_pad0.120] it  20 J=0.41666 A_min=0.3761 A_mean=0.4285 |g|=9.29e-03 bin=0.021 S_flip=0.170 t=29s
[P925_h240_pad0.120] it  21 J=0.42001 A_min=0.3786 A_mean=0.4324 |g|=5.98e-03 bin=0.020 S_flip=0.171 t=30s
[P925_h240_pad0.120] it  22 J=0.42193 A_min=0.3808 A_mean=0.4340 |g|=3.52e-03 bin=0.019 S_flip=0.171 t=31s
[P925_h240_pad0.120] it  23 J=0.42254 A_min=0.3828 A_mean=0.4335 |g|=4.16e-03 bin=0.018 S_flip=0.171 t=33s
[P925_h240_pad0.120] it  24 J=0.42218 A_min=0.3844 A_mean=0.4318 |g|=7.09e-03 bin=0.018 S_flip=0.170 t=35s
[P925_h240_pad0.120] it  25 J=0.42141 A_min=0.3857 A_mean=0.4298 |g|=1.00e-02 bin=0.017 S_flip=0.171 t=36s
[P925_h240_pad0.120] it  26 J=0.42088 A_min=0.3866 A_mean=0.4285 |g|=1.22e-02 bin=0.016 S_flip=0.172 t=38s
[P925_h240_pad0.120] it  27 J=0.42104 A_min=0.3872 A_mean=0.4284 |g|=1.31e-02 bin=0.016 S_flip=0.173 t=39s
[P925_h240_pad0.120] it  28 J=0.42205 A_min=0.3875 A_mean=0.4298 |g|=1.28e-02 bin=0.015 S_flip=0.175 t=40s
[P925_h240_pad0.120] it  29 J=0.42375 A_min=0.3875 A_mean=0.4324 |g|=1.13e-02 bin=0.015 S_flip=0.176 t=42s
[P925_h240_pad0.120] it  30 J=0.42574 A_min=0.3873 A_mean=0.4358 |g|=9.04e-03 bin=0.014 S_flip=0.177 t=43s
[P925_h240_pad0.120] it  31 J=0.42764 A_min=0.3870 A_mean=0.4393 |g|=6.59e-03 bin=0.013 S_flip=0.179 t=44s
[P925_h240_pad0.120] it  32 J=0.42919 A_min=0.3866 A_mean=0.4425 |g|=4.48e-03 bin=0.013 S_flip=0.182 t=46s
[P925_h240_pad0.120] it  33 J=0.43030 A_min=0.3862 A_mean=0.4451 |g|=3.02e-03 bin=0.012 S_flip=0.185 t=47s
[P925_h240_pad0.120] it  34 J=0.43103 A_min=0.3858 A_mean=0.4470 |g|=2.54e-03 bin=0.011 S_flip=0.188 t=48s
[P925_h240_pad0.120] it  35 J=0.43150 A_min=0.3855 A_mean=0.4484 |g|=2.89e-03 bin=0.011 S_flip=0.190 t=50s
[P925_h240_pad0.120] it  36 J=0.43182 A_min=0.3852 A_mean=0.4494 |g|=3.49e-03 bin=0.010 S_flip=0.193 t=51s
[P925_h240_pad0.120] it  37 J=0.43210 A_min=0.3850 A_mean=0.4502 |g|=4.05e-03 bin=0.010 S_flip=0.195 t=53s
[P925_h240_pad0.120] it  38 J=0.43241 A_min=0.3850 A_mean=0.4510 |g|=4.42e-03 bin=0.010 S_flip=0.197 t=54s
[P925_h240_pad0.120] it  39 J=0.43277 A_min=0.3850 A_mean=0.4518 |g|=4.54e-03 bin=0.009 S_flip=0.199 t=55s
[P925_h240_pad0.120] it  40 J=0.43318 A_min=0.3851 A_mean=0.4527 |g|=4.46e-03 bin=0.008 S_flip=0.202 t=57s
[P925_h240_pad0.120] it  41 J=0.43362 A_min=0.3852 A_mean=0.4535 |g|=4.26e-03 bin=0.008 S_flip=0.204 t=58s
[P925_h240_pad0.120] it  42 J=0.43408 A_min=0.3854 A_mean=0.4544 |g|=3.97e-03 bin=0.007 S_flip=0.206 t=60s
[P925_h240_pad0.120] it  43 J=0.43454 A_min=0.3856 A_mean=0.4552 |g|=3.56e-03 bin=0.007 S_flip=0.207 t=61s
[P925_h240_pad0.120] it  44 J=0.43497 A_min=0.3858 A_mean=0.4559 |g|=3.06e-03 bin=0.006 S_flip=0.207 t=62s
[P925_h240_pad0.120] it  45 J=0.43534 A_min=0.3859 A_mean=0.4566 |g|=2.58e-03 bin=0.006 S_flip=0.208 t=64s
[P925_h240_pad0.120] it  46 J=0.43567 A_min=0.3861 A_mean=0.4571 |g|=2.23e-03 bin=0.006 S_flip=0.208 t=65s
[P925_h240_pad0.120] it  47 J=0.43597 A_min=0.3863 A_mean=0.4577 |g|=2.00e-03 bin=0.006 S_flip=0.209 t=67s
[P925_h240_pad0.120] it  48 J=0.43625 A_min=0.3864 A_mean=0.4582 |g|=1.92e-03 bin=0.006 S_flip=0.209 t=68s
[P925_h240_pad0.120] it  49 J=0.43653 A_min=0.3865 A_mean=0.4587 |g|=1.97e-03 bin=0.006 S_flip=0.210 t=69s
[P925_h240_pad0.120] it  50 J=0.43681 A_min=0.3866 A_mean=0.4592 |g|=2.00e-03 bin=0.006 S_flip=0.210 t=71s
[P925_h240_pad0.120] it  51 J=0.43707 A_min=0.3867 A_mean=0.4598 |g|=1.89e-03 bin=0.005 S_flip=0.212 t=72s
[P925_h240_pad0.120] it  52 J=0.43730 A_min=0.3868 A_mean=0.4602 |g|=1.73e-03 bin=0.005 S_flip=0.213 t=73s
[P925_h240_pad0.120] it  53 J=0.43749 A_min=0.3868 A_mean=0.4607 |g|=1.62e-03 bin=0.005 S_flip=0.215 t=74s
[P925_h240_pad0.120] it  54 J=0.43766 A_min=0.3869 A_mean=0.4610 |g|=1.58e-03 bin=0.004 S_flip=0.216 t=76s
[P925_h240_pad0.120] it  55 J=0.43781 A_min=0.3869 A_mean=0.4614 |g|=1.65e-03 bin=0.004 S_flip=0.217 t=77s
[P925_h240_pad0.120] it  56 J=0.43795 A_min=0.3870 A_mean=0.4616 |g|=1.75e-03 bin=0.004 S_flip=0.218 t=78s
[P925_h240_pad0.120] it  57 J=0.43810 A_min=0.3871 A_mean=0.4619 |g|=1.77e-03 bin=0.004 S_flip=0.218 t=80s
[P925_h240_pad0.120] it  58 J=0.43823 A_min=0.3871 A_mean=0.4622 |g|=1.67e-03 bin=0.003 S_flip=0.219 t=81s
[P925_h240_pad0.120] it  59 J=0.43835 A_min=0.3871 A_mean=0.4625 |g|=1.48e-03 bin=0.003 S_flip=0.219 t=82s
[P925_h240_pad0.120] it  60 J=0.43845 A_min=0.3872 A_mean=0.4627 |g|=1.30e-03 bin=0.003 S_flip=0.220 t=84s
[P925_h240_pad0.120] it  61 J=0.43853 A_min=0.3872 A_mean=0.4629 |g|=1.25e-03 bin=0.003 S_flip=0.221 t=85s
[P925_h240_pad0.120] it  62 J=0.43862 A_min=0.3872 A_mean=0.4632 |g|=1.28e-03 bin=0.003 S_flip=0.222 t=86s
[P925_h240_pad0.120] it  63 J=0.43870 A_min=0.3872 A_mean=0.4634 |g|=1.28e-03 bin=0.003 S_flip=0.222 t=88s
[P925_h240_pad0.120] it  64 J=0.43878 A_min=0.3871 A_mean=0.4636 |g|=1.27e-03 bin=0.002 S_flip=0.223 t=89s
[P925_h240_pad0.120] it  65 J=0.43886 A_min=0.3871 A_mean=0.4639 |g|=1.33e-03 bin=0.002 S_flip=0.224 t=90s
[P925_h240_pad0.120] it  66 J=0.43894 A_min=0.3871 A_mean=0.4641 |g|=1.53e-03 bin=0.002 S_flip=0.225 t=92s
[P925_h240_pad0.120] it  67 J=0.43903 A_min=0.3871 A_mean=0.4644 |g|=1.90e-03 bin=0.002 S_flip=0.226 t=93s
[P925_h240_pad0.120] it  68 J=0.43915 A_min=0.3871 A_mean=0.4647 |g|=2.39e-03 bin=0.003 S_flip=0.227 t=94s
[P925_h240_pad0.120] it  69 J=0.43930 A_min=0.3871 A_mean=0.4652 |g|=2.70e-03 bin=0.003 S_flip=0.228 t=96s
[P925_h240_pad0.120] it  70 J=0.43946 A_min=0.3870 A_mean=0.4657 |g|=2.43e-03 bin=0.002 S_flip=0.230 t=97s
[P925_h240_pad0.120] it  71 J=0.43960 A_min=0.3870 A_mean=0.4662 |g|=1.99e-03 bin=0.002 S_flip=0.232 t=98s
[P925_h240_pad0.120] it  72 J=0.43972 A_min=0.3869 A_mean=0.4666 |g|=1.80e-03 bin=0.002 S_flip=0.233 t=100s
[P925_h240_pad0.120] it  73 J=0.43982 A_min=0.3869 A_mean=0.4670 |g|=1.61e-03 bin=0.002 S_flip=0.234 t=101s
[P925_h240_pad0.120] it  74 J=0.43991 A_min=0.3868 A_mean=0.4673 |g|=1.54e-03 bin=0.002 S_flip=0.235 t=103s
[P925_h240_pad0.120] it  75 J=0.43998 A_min=0.3868 A_mean=0.4676 |g|=1.54e-03 bin=0.002 S_flip=0.236 t=104s
[P925_h240_pad0.120] it  76 J=0.44005 A_min=0.3867 A_mean=0.4679 |g|=1.51e-03 bin=0.002 S_flip=0.237 t=105s
[P925_h240_pad0.120] it  77 J=0.44011 A_min=0.3867 A_mean=0.4681 |g|=1.50e-03 bin=0.002 S_flip=0.238 t=107s
[P925_h240_pad0.120] it  78 J=0.44017 A_min=0.3867 A_mean=0.4684 |g|=1.56e-03 bin=0.002 S_flip=0.239 t=108s
[P925_h240_pad0.120] it  79 J=0.44023 A_min=0.3867 A_mean=0.4685 |g|=1.52e-03 bin=0.002 S_flip=0.241 t=109s
[P925_h240_pad0.120] it  80 J=0.44027 A_min=0.3867 A_mean=0.4687 |g|=1.42e-03 bin=0.001 S_flip=0.242 t=111s
[P925_h240_pad0.120] it  81 J=0.44031 A_min=0.3867 A_mean=0.4688 |g|=1.39e-03 bin=0.001 S_flip=0.243 t=112s
[P925_h240_pad0.120] it  82 J=0.44035 A_min=0.3867 A_mean=0.4688 |g|=1.44e-03 bin=0.001 S_flip=0.243 t=113s
[P925_h240_pad0.120] it  83 J=0.44038 A_min=0.3867 A_mean=0.4689 |g|=1.56e-03 bin=0.001 S_flip=0.243 t=115s
[P925_h240_pad0.120] it  84 J=0.44042 A_min=0.3867 A_mean=0.4690 |g|=1.64e-03 bin=0.001 S_flip=0.244 t=116s
[P925_h240_pad0.120] it  85 J=0.44046 A_min=0.3867 A_mean=0.4691 |g|=1.56e-03 bin=0.001 S_flip=0.244 t=117s
[P925_h240_pad0.120] it  86 J=0.44049 A_min=0.3867 A_mean=0.4692 |g|=1.39e-03 bin=0.001 S_flip=0.244 t=119s
[P925_h240_pad0.120] it  87 J=0.44052 A_min=0.3868 A_mean=0.4693 |g|=1.24e-03 bin=0.001 S_flip=0.244 t=120s
[P925_h240_pad0.120] it  88 J=0.44055 A_min=0.3868 A_mean=0.4693 |g|=1.12e-03 bin=0.001 S_flip=0.245 t=122s
[P925_h240_pad0.120] it  89 J=0.44057 A_min=0.3868 A_mean=0.4694 |g|=1.02e-03 bin=0.001 S_flip=0.245 t=123s
[P925_h240_pad0.120] it  90 J=0.44059 A_min=0.3867 A_mean=0.4695 |g|=1.03e-03 bin=0.001 S_flip=0.245 t=124s
[P925_h240_pad0.120] it  91 J=0.44061 A_min=0.3867 A_mean=0.4695 |g|=1.18e-03 bin=0.001 S_flip=0.245 t=126s
[P925_h240_pad0.120] it  92 J=0.44062 A_min=0.3868 A_mean=0.4696 |g|=1.46e-03 bin=0.001 S_flip=0.245 t=127s
[P925_h240_pad0.120] it  93 J=0.44065 A_min=0.3868 A_mean=0.4696 |g|=1.79e-03 bin=0.001 S_flip=0.245 t=128s
[P925_h240_pad0.120] it  94 J=0.44067 A_min=0.3868 A_mean=0.4697 |g|=2.00e-03 bin=0.001 S_flip=0.245 t=130s
[P925_h240_pad0.120] it  95 J=0.44070 A_min=0.3868 A_mean=0.4697 |g|=1.93e-03 bin=0.001 S_flip=0.246 t=131s
[P925_h240_pad0.120] it  96 J=0.44073 A_min=0.3868 A_mean=0.4698 |g|=1.68e-03 bin=0.001 S_flip=0.246 t=133s
[P925_h240_pad0.120] it  97 J=0.44075 A_min=0.3868 A_mean=0.4698 |g|=1.42e-03 bin=0.001 S_flip=0.246 t=134s
[P925_h240_pad0.120] it  98 J=0.44077 A_min=0.3868 A_mean=0.4699 |g|=1.24e-03 bin=0.001 S_flip=0.246 t=135s
[P925_h240_pad0.120] it  99 J=0.44078 A_min=0.3868 A_mean=0.4699 |g|=1.11e-03 bin=0.001 S_flip=0.246 t=137s
[P925_h240_pad0.120] it 100 J=0.44079 A_min=0.3868 A_mean=0.4699 |g|=9.98e-04 bin=0.001 S_flip=0.247 t=138s
[P925_h240_pad0.120] it 101 J=0.44079 A_min=0.3868 A_mean=0.4700 |g|=8.94e-04 bin=0.001 S_flip=0.247 t=140s
[P925_h240_pad0.120] it 102 J=0.44080 A_min=0.3868 A_mean=0.4700 |g|=8.29e-04 bin=0.001 S_flip=0.247 t=141s
[P925_h240_pad0.120] it 103 J=0.44080 A_min=0.3868 A_mean=0.4700 |g|=8.21e-04 bin=0.001 S_flip=0.247 t=143s
[P925_h240_pad0.120] it 104 J=0.44081 A_min=0.3868 A_mean=0.4700 |g|=8.58e-04 bin=0.001 S_flip=0.247 t=144s
[P925_h240_pad0.120] it 105 J=0.44081 A_min=0.3868 A_mean=0.4700 |g|=9.23e-04 bin=0.001 S_flip=0.247 t=145s
[P925_h240_pad0.120] it 106 J=0.44081 A_min=0.3868 A_mean=0.4700 |g|=1.01e-03 bin=0.001 S_flip=0.247 t=147s
[P925_h240_pad0.120] it 107 J=0.44082 A_min=0.3868 A_mean=0.4700 |g|=1.12e-03 bin=0.001 S_flip=0.247 t=148s
[P925_h240_pad0.120] it 108 J=0.44082 A_min=0.3868 A_mean=0.4700 |g|=1.27e-03 bin=0.001 S_flip=0.247 t=149s
[P925_h240_pad0.120] it 109 J=0.44082 A_min=0.3868 A_mean=0.4700 |g|=1.46e-03 bin=0.001 S_flip=0.247 t=151s
[P925_h240_pad0.120] it 110 J=0.44083 A_min=0.3868 A_mean=0.4701 |g|=1.68e-03 bin=0.000 S_flip=0.247 t=152s
[P925_h240_pad0.120] it 111 J=0.44083 A_min=0.3868 A_mean=0.4701 |g|=1.92e-03 bin=0.000 S_flip=0.247 t=153s
[P925_h240_pad0.120] it 112 J=0.44083 A_min=0.3868 A_mean=0.4701 |g|=2.17e-03 bin=0.000 S_flip=0.247 t=155s
[P925_h240_pad0.120] it 113 J=0.44083 A_min=0.3868 A_mean=0.4701 |g|=2.38e-03 bin=0.000 S_flip=0.247 t=156s
[P925_h240_pad0.120] it 114 J=0.44084 A_min=0.3868 A_mean=0.4701 |g|=2.54e-03 bin=0.000 S_flip=0.247 t=158s
[P925_h240_pad0.120] it 115 J=0.44084 A_min=0.3868 A_mean=0.4701 |g|=2.65e-03 bin=0.000 S_flip=0.247 t=159s
[P925_h240_pad0.120] it 116 J=0.44084 A_min=0.3868 A_mean=0.4701 |g|=2.73e-03 bin=0.000 S_flip=0.247 t=160s
[P925_h240_pad0.120] it 117 J=0.44084 A_min=0.3868 A_mean=0.4701 |g|=2.78e-03 bin=0.000 S_flip=0.247 t=162s
[P925_h240_pad0.120] it 118 J=0.44085 A_min=0.3868 A_mean=0.4701 |g|=2.84e-03 bin=0.000 S_flip=0.247 t=163s
[P925_h240_pad0.120] it 119 J=0.44085 A_min=0.3868 A_mean=0.4701 |g|=2.91e-03 bin=0.000 S_flip=0.247 t=165s
[P925_h240_pad0.120] done: J_soft=0.44085 J_hard=0.44086 A_hard=[0.5081, 0.5155, 0.3868] S_flip=0.248 wall=166s
[stage3] finalists: [{"P": 800.0, "h": 200.0, "pad": 0.04, "J_hard": 0.5479234284128942, "tag": "P800_h200_pad0.040"}, {"P": 925.0, "h": 240.0, "pad": 0.04, "J_hard": 0.5338497780830828, "tag": "P925_h240_pad0.040"}, {"P": 925.0, "h": 220.0, "pad": 0.04, "J_hard": 0.5142674632353322, "tag": "P925_h220_pad0.040"}]
