[stage2] beta=15.79 n_iter=100 order=[5, 5] angles=[(0.0, 0.0), (20.0, 0.0), (20.0, 90.0)]
[P700_h120_pad0.040_s333] it   0 J=0.06986 A_min=0.0630 A_mean=0.0707 |g|=1.26e-03 bin=0.792 S_flip=0.048 t=1s
[P700_h120_pad0.040_s333] it   1 J=0.07062 A_min=0.0637 A_mean=0.0715 |g|=1.32e-03 bin=0.789 S_flip=0.049 t=2s
[P700_h120_pad0.040_s333] it   2 J=0.07147 A_min=0.0646 A_mean=0.0723 |g|=1.38e-03 bin=0.785 S_flip=0.051 t=3s
[P700_h120_pad0.040_s333] it   3 J=0.07240 A_min=0.0655 A_mean=0.0732 |g|=1.44e-03 bin=0.781 S_flip=0.052 t=4s
[P700_h120_pad0.040_s333] it   4 J=0.07343 A_min=0.0665 A_mean=0.0743 |g|=1.52e-03 bin=0.776 S_flip=0.054 t=5s
[P700_h120_pad0.040_s333] it   5 J=0.07458 A_min=0.0676 A_mean=0.0754 |g|=1.60e-03 bin=0.771 S_flip=0.055 t=6s
[P700_h120_pad0.040_s333] it   6 J=0.07584 A_min=0.0688 A_mean=0.0767 |g|=1.69e-03 bin=0.765 S_flip=0.057 t=7s
[P700_h120_pad0.040_s333] it   7 J=0.07724 A_min=0.0702 A_mean=0.0781 |g|=1.79e-03 bin=0.759 S_flip=0.059 t=8s
[P700_h120_pad0.040_s333] it   8 J=0.07877 A_min=0.0717 A_mean=0.0797 |g|=1.91e-03 bin=0.752 S_flip=0.061 t=9s
[P700_h120_pad0.040_s333] it   9 J=0.08046 A_min=0.0733 A_mean=0.0814 |g|=2.04e-03 bin=0.744 S_flip=0.063 t=10s
[P700_h120_pad0.040_s333] it  10 J=0.08230 A_min=0.0751 A_mean=0.0832 |g|=2.18e-03 bin=0.735 S_flip=0.066 t=11s
[P700_h120_pad0.040_s333] it  11 J=0.08431 A_min=0.0771 A_mean=0.0852 |g|=2.34e-03 bin=0.725 S_flip=0.068 t=12s
[P700_h120_pad0.040_s333] it  12 J=0.08651 A_min=0.0792 A_mean=0.0874 |g|=2.51e-03 bin=0.714 S_flip=0.071 t=12s
[P700_h120_pad0.040_s333] it  13 J=0.08890 A_min=0.0816 A_mean=0.0898 |g|=2.69e-03 bin=0.702 S_flip=0.074 t=13s
[P700_h120_pad0.040_s333] it  14 J=0.09149 A_min=0.0841 A_mean=0.0924 |g|=2.89e-03 bin=0.689 S_flip=0.076 t=14s
[P700_h120_pad0.040_s333] it  15 J=0.09431 A_min=0.0868 A_mean=0.0953 |g|=3.10e-03 bin=0.674 S_flip=0.079 t=15s
[P700_h120_pad0.040_s333] it  16 J=0.09736 A_min=0.0898 A_mean=0.0983 |g|=3.30e-03 bin=0.657 S_flip=0.082 t=16s
[P700_h120_pad0.040_s333] it  17 J=0.10066 A_min=0.0930 A_mean=0.1017 |g|=3.49e-03 bin=0.638 S_flip=0.084 t=17s
[P700_h120_pad0.040_s333] it  18 J=0.10420 A_min=0.0965 A_mean=0.1052 |g|=3.65e-03 bin=0.616 S_flip=0.086 t=18s
[P700_h120_pad0.040_s333] it  19 J=0.10797 A_min=0.1002 A_mean=0.1090 |g|=3.77e-03 bin=0.591 S_flip=0.088 t=19s
[P700_h120_pad0.040_s333] it  20 J=0.11194 A_min=0.1040 A_mean=0.1130 |g|=3.82e-03 bin=0.562 S_flip=0.090 t=20s
[P700_h120_pad0.040_s333] it  21 J=0.11603 A_min=0.1080 A_mean=0.1171 |g|=3.80e-03 bin=0.530 S_flip=0.091 t=21s
[P700_h120_pad0.040_s333] it  22 J=0.12018 A_min=0.1120 A_mean=0.1213 |g|=3.70e-03 bin=0.495 S_flip=0.092 t=22s
[P700_h120_pad0.040_s333] it  23 J=0.12426 A_min=0.1160 A_mean=0.1254 |g|=3.52e-03 bin=0.458 S_flip=0.093 t=23s
[P700_h120_pad0.040_s333] it  24 J=0.12819 A_min=0.1198 A_mean=0.1293 |g|=3.29e-03 bin=0.419 S_flip=0.094 t=24s
[P700_h120_pad0.040_s333] it  25 J=0.13186 A_min=0.1234 A_mean=0.1330 |g|=3.01e-03 bin=0.379 S_flip=0.094 t=24s
[P700_h120_pad0.040_s333] it  26 J=0.13521 A_min=0.1267 A_mean=0.1364 |g|=2.72e-03 bin=0.340 S_flip=0.095 t=25s
[P700_h120_pad0.040_s333] it  27 J=0.13818 A_min=0.1296 A_mean=0.1394 |g|=2.44e-03 bin=0.304 S_flip=0.096 t=26s
[P700_h120_pad0.040_s333] it  28 J=0.14077 A_min=0.1322 A_mean=0.1420 |g|=2.19e-03 bin=0.269 S_flip=0.097 t=27s
[P700_h120_pad0.040_s333] it  29 J=0.14300 A_min=0.1344 A_mean=0.1442 |g|=1.97e-03 bin=0.239 S_flip=0.099 t=28s
[P700_h120_pad0.040_s333] it  30 J=0.14490 A_min=0.1363 A_mean=0.1461 |g|=1.80e-03 bin=0.211 S_flip=0.100 t=29s
[P700_h120_pad0.040_s333] it  31 J=0.14650 A_min=0.1379 A_mean=0.1477 |g|=1.66e-03 bin=0.187 S_flip=0.103 t=30s
[P700_h120_pad0.040_s333] it  32 J=0.14785 A_min=0.1393 A_mean=0.1491 |g|=1.54e-03 bin=0.166 S_flip=0.105 t=31s
[P700_h120_pad0.040_s333] it  33 J=0.14899 A_min=0.1405 A_mean=0.1502 |g|=1.45e-03 bin=0.147 S_flip=0.108 t=32s
[P700_h120_pad0.040_s333] it  34 J=0.14996 A_min=0.1415 A_mean=0.1512 |g|=1.37e-03 bin=0.132 S_flip=0.111 t=33s
[P700_h120_pad0.040_s333] it  35 J=0.15077 A_min=0.1423 A_mean=0.1520 |g|=1.30e-03 bin=0.118 S_flip=0.114 t=34s
[P700_h120_pad0.040_s333] it  36 J=0.15147 A_min=0.1430 A_mean=0.1527 |g|=1.24e-03 bin=0.106 S_flip=0.118 t=34s
[P700_h120_pad0.040_s333] it  37 J=0.15207 A_min=0.1436 A_mean=0.1534 |g|=1.19e-03 bin=0.096 S_flip=0.121 t=35s
[P700_h120_pad0.040_s333] it  38 J=0.15259 A_min=0.1442 A_mean=0.1539 |g|=1.14e-03 bin=0.087 S_flip=0.125 t=36s
[P700_h120_pad0.040_s333] it  39 J=0.15303 A_min=0.1446 A_mean=0.1543 |g|=1.09e-03 bin=0.080 S_flip=0.129 t=37s
[P700_h120_pad0.040_s333] it  40 J=0.15342 A_min=0.1450 A_mean=0.1547 |g|=1.05e-03 bin=0.073 S_flip=0.133 t=38s
[P700_h120_pad0.040_s333] it  41 J=0.15376 A_min=0.1454 A_mean=0.1551 |g|=1.01e-03 bin=0.067 S_flip=0.137 t=39s
[P700_h120_pad0.040_s333] it  42 J=0.15405 A_min=0.1457 A_mean=0.1553 |g|=9.70e-04 bin=0.061 S_flip=0.141 t=40s
[P700_h120_pad0.040_s333] it  43 J=0.15431 A_min=0.1460 A_mean=0.1556 |g|=9.36e-04 bin=0.056 S_flip=0.144 t=41s
[P700_h120_pad0.040_s333] it  44 J=0.15454 A_min=0.1462 A_mean=0.1558 |g|=9.05e-04 bin=0.052 S_flip=0.148 t=42s
[P700_h120_pad0.040_s333] it  45 J=0.15474 A_min=0.1464 A_mean=0.1560 |g|=8.77e-04 bin=0.048 S_flip=0.152 t=43s
[P700_h120_pad0.040_s333] it  46 J=0.15492 A_min=0.1466 A_mean=0.1562 |g|=8.51e-04 bin=0.044 S_flip=0.156 t=44s
[P700_h120_pad0.040_s333] it  47 J=0.15508 A_min=0.1468 A_mean=0.1564 |g|=8.27e-04 bin=0.041 S_flip=0.159 t=45s
[P700_h120_pad0.040_s333] it  48 J=0.15522 A_min=0.1469 A_mean=0.1565 |g|=8.05e-04 bin=0.038 S_flip=0.163 t=46s
[P700_h120_pad0.040_s333] it  49 J=0.15535 A_min=0.1470 A_mean=0.1567 |g|=7.85e-04 bin=0.035 S_flip=0.166 t=47s
[P700_h120_pad0.040_s333] it  50 J=0.15546 A_min=0.1471 A_mean=0.1568 |g|=7.68e-04 bin=0.033 S_flip=0.169 t=48s
[P700_h120_pad0.040_s333] it  51 J=0.15556 A_min=0.1473 A_mean=0.1569 |g|=7.52e-04 bin=0.030 S_flip=0.172 t=49s
[P700_h120_pad0.040_s333] it  52 J=0.15566 A_min=0.1474 A_mean=0.1570 |g|=7.38e-04 bin=0.028 S_flip=0.175 t=50s
[P700_h120_pad0.040_s333] it  53 J=0.15574 A_min=0.1474 A_mean=0.1571 |g|=7.25e-04 bin=0.026 S_flip=0.178 t=51s
[P700_h120_pad0.040_s333] it  54 J=0.15582 A_min=0.1475 A_mean=0.1571 |g|=7.15e-04 bin=0.025 S_flip=0.181 t=52s
[P700_h120_pad0.040_s333] it  55 J=0.15589 A_min=0.1476 A_mean=0.1572 |g|=7.06e-04 bin=0.023 S_flip=0.183 t=53s
[P700_h120_pad0.040_s333] it  56 J=0.15595 A_min=0.1477 A_mean=0.1573 |g|=6.98e-04 bin=0.022 S_flip=0.186 t=53s
[P700_h120_pad0.040_s333] it  57 J=0.15601 A_min=0.1477 A_mean=0.1573 |g|=6.92e-04 bin=0.020 S_flip=0.188 t=54s
[P700_h120_pad0.040_s333] it  58 J=0.15606 A_min=0.1478 A_mean=0.1574 |g|=6.87e-04 bin=0.019 S_flip=0.190 t=55s
[P700_h120_pad0.040_s333] it  59 J=0.15611 A_min=0.1478 A_mean=0.1574 |g|=6.82e-04 bin=0.018 S_flip=0.192 t=56s
[P700_h120_pad0.040_s333] it  60 J=0.15616 A_min=0.1479 A_mean=0.1575 |g|=6.77e-04 bin=0.016 S_flip=0.195 t=57s
[P700_h120_pad0.040_s333] it  61 J=0.15620 A_min=0.1479 A_mean=0.1575 |g|=6.73e-04 bin=0.015 S_flip=0.197 t=58s
[P700_h120_pad0.040_s333] it  62 J=0.15624 A_min=0.1480 A_mean=0.1576 |g|=6.67e-04 bin=0.014 S_flip=0.199 t=59s
[P700_h120_pad0.040_s333] it  63 J=0.15628 A_min=0.1480 A_mean=0.1576 |g|=6.61e-04 bin=0.013 S_flip=0.201 t=60s
[P700_h120_pad0.040_s333] it  64 J=0.15631 A_min=0.1480 A_mean=0.1576 |g|=6.54e-04 bin=0.012 S_flip=0.203 t=61s
[P700_h120_pad0.040_s333] it  65 J=0.15634 A_min=0.1481 A_mean=0.1577 |g|=6.45e-04 bin=0.011 S_flip=0.205 t=62s
[P700_h120_pad0.040_s333] it  66 J=0.15637 A_min=0.1481 A_mean=0.1577 |g|=6.36e-04 bin=0.011 S_flip=0.207 t=63s
[P700_h120_pad0.040_s333] it  67 J=0.15640 A_min=0.1481 A_mean=0.1577 |g|=6.26e-04 bin=0.010 S_flip=0.209 t=64s
[P700_h120_pad0.040_s333] it  68 J=0.15643 A_min=0.1482 A_mean=0.1578 |g|=6.17e-04 bin=0.009 S_flip=0.210 t=64s
[P700_h120_pad0.040_s333] it  69 J=0.15645 A_min=0.1482 A_mean=0.1578 |g|=6.06e-04 bin=0.008 S_flip=0.212 t=65s
[P700_h120_pad0.040_s333] it  70 J=0.15647 A_min=0.1482 A_mean=0.1578 |g|=5.96e-04 bin=0.008 S_flip=0.213 t=66s
[P700_h120_pad0.040_s333] it  71 J=0.15649 A_min=0.1482 A_mean=0.1578 |g|=5.83e-04 bin=0.007 S_flip=0.214 t=67s
[P700_h120_pad0.040_s333] it  72 J=0.15651 A_min=0.1483 A_mean=0.1578 |g|=5.70e-04 bin=0.006 S_flip=0.216 t=68s
[P700_h120_pad0.040_s333] it  73 J=0.15652 A_min=0.1483 A_mean=0.1579 |g|=5.58e-04 bin=0.006 S_flip=0.217 t=69s
[P700_h120_pad0.040_s333] it  74 J=0.15654 A_min=0.1483 A_mean=0.1579 |g|=5.49e-04 bin=0.005 S_flip=0.218 t=70s
[P700_h120_pad0.040_s333] it  75 J=0.15655 A_min=0.1483 A_mean=0.1579 |g|=5.44e-04 bin=0.005 S_flip=0.219 t=70s
[P700_h120_pad0.040_s333] it  76 J=0.15656 A_min=0.1483 A_mean=0.1579 |g|=5.46e-04 bin=0.005 S_flip=0.219 t=71s
[P700_h120_pad0.040_s333] it  77 J=0.15657 A_min=0.1483 A_mean=0.1579 |g|=5.51e-04 bin=0.004 S_flip=0.220 t=72s
[P700_h120_pad0.040_s333] it  78 J=0.15658 A_min=0.1483 A_mean=0.1579 |g|=5.59e-04 bin=0.004 S_flip=0.221 t=73s
[P700_h120_pad0.040_s333] it  79 J=0.15659 A_min=0.1483 A_mean=0.1579 |g|=5.65e-04 bin=0.004 S_flip=0.221 t=74s
[P700_h120_pad0.040_s333] it  80 J=0.15659 A_min=0.1484 A_mean=0.1579 |g|=5.69e-04 bin=0.004 S_flip=0.222 t=75s
[P700_h120_pad0.040_s333] it  81 J=0.15660 A_min=0.1484 A_mean=0.1579 |g|=5.68e-04 bin=0.003 S_flip=0.222 t=76s
[P700_h120_pad0.040_s333] it  82 J=0.15661 A_min=0.1484 A_mean=0.1579 |g|=5.64e-04 bin=0.003 S_flip=0.223 t=77s
[P700_h120_pad0.040_s333] it  83 J=0.15661 A_min=0.1484 A_mean=0.1579 |g|=5.56e-04 bin=0.003 S_flip=0.223 t=78s
[P700_h120_pad0.040_s333] it  84 J=0.15662 A_min=0.1484 A_mean=0.1580 |g|=5.46e-04 bin=0.003 S_flip=0.223 t=79s
[P700_h120_pad0.040_s333] it  85 J=0.15662 A_min=0.1484 A_mean=0.1580 |g|=5.35e-04 bin=0.003 S_flip=0.224 t=80s
[P700_h120_pad0.040_s333] it  86 J=0.15663 A_min=0.1484 A_mean=0.1580 |g|=5.25e-04 bin=0.002 S_flip=0.224 t=80s
[P700_h120_pad0.040_s333] it  87 J=0.15663 A_min=0.1484 A_mean=0.1580 |g|=5.16e-04 bin=0.002 S_flip=0.224 t=81s
[P700_h120_pad0.040_s333] it  88 J=0.15663 A_min=0.1484 A_mean=0.1580 |g|=5.06e-04 bin=0.002 S_flip=0.225 t=82s
[P700_h120_pad0.040_s333] it  89 J=0.15663 A_min=0.1484 A_mean=0.1580 |g|=4.97e-04 bin=0.002 S_flip=0.225 t=83s
[P700_h120_pad0.040_s333] it  90 J=0.15664 A_min=0.1484 A_mean=0.1580 |g|=4.86e-04 bin=0.002 S_flip=0.225 t=84s
[P700_h120_pad0.040_s333] it  91 J=0.15664 A_min=0.1484 A_mean=0.1580 |g|=4.75e-04 bin=0.002 S_flip=0.225 t=85s
[P700_h120_pad0.040_s333] it  92 J=0.15664 A_min=0.1484 A_mean=0.1580 |g|=4.62e-04 bin=0.001 S_flip=0.226 t=86s
[P700_h120_pad0.040_s333] it  93 J=0.15664 A_min=0.1484 A_mean=0.1580 |g|=4.50e-04 bin=0.001 S_flip=0.226 t=87s
[P700_h120_pad0.040_s333] it  94 J=0.15664 A_min=0.1484 A_mean=0.1580 |g|=4.38e-04 bin=0.001 S_flip=0.226 t=88s
[P700_h120_pad0.040_s333] it  95 J=0.15664 A_min=0.1484 A_mean=0.1580 |g|=4.27e-04 bin=0.001 S_flip=0.226 t=89s
[P700_h120_pad0.040_s333] it  96 J=0.15664 A_min=0.1484 A_mean=0.1580 |g|=4.17e-04 bin=0.001 S_flip=0.226 t=90s
[P700_h120_pad0.040_s333] it  97 J=0.15664 A_min=0.1484 A_mean=0.1580 |g|=4.08e-04 bin=0.001 S_flip=0.227 t=91s
[P700_h120_pad0.040_s333] it  98 J=0.15664 A_min=0.1484 A_mean=0.1580 |g|=3.99e-04 bin=0.001 S_flip=0.227 t=92s
[P700_h120_pad0.040_s333] it  99 J=0.15664 A_min=0.1484 A_mean=0.1580 |g|=3.92e-04 bin=0.001 S_flip=0.227 t=93s
[P700_h120_pad0.040_s333] done: J_soft=0.15664 J_hard=0.15664 A_hard=[0.1484, 0.1769, 0.1486] S_flip=0.228 wall=94s
[P700_h120_pad0.040_s1001] it   0 J=0.06908 A_min=0.0622 A_mean=0.0699 |g|=1.22e-03 bin=0.793 S_flip=0.056 t=1s
[P700_h120_pad0.040_s1001] it   1 J=0.06979 A_min=0.0629 A_mean=0.0706 |g|=1.28e-03 bin=0.790 S_flip=0.057 t=2s
[P700_h120_pad0.040_s1001] it   2 J=0.07057 A_min=0.0637 A_mean=0.0714 |g|=1.34e-03 bin=0.786 S_flip=0.058 t=3s
[P700_h120_pad0.040_s1001] it   3 J=0.07144 A_min=0.0645 A_mean=0.0723 |g|=1.40e-03 bin=0.782 S_flip=0.060 t=4s
[P700_h120_pad0.040_s1001] it   4 J=0.07241 A_min=0.0655 A_mean=0.0733 |g|=1.47e-03 bin=0.778 S_flip=0.062 t=5s
[P700_h120_pad0.040_s1001] it   5 J=0.07347 A_min=0.0665 A_mean=0.0743 |g|=1.56e-03 bin=0.773 S_flip=0.063 t=6s
[P700_h120_pad0.040_s1001] it   6 J=0.07465 A_min=0.0677 A_mean=0.0755 |g|=1.65e-03 bin=0.767 S_flip=0.066 t=6s
[P700_h120_pad0.040_s1001] it   7 J=0.07594 A_min=0.0689 A_mean=0.0768 |g|=1.75e-03 bin=0.761 S_flip=0.068 t=7s
[P700_h120_pad0.040_s1001] it   8 J=0.07736 A_min=0.0703 A_mean=0.0782 |g|=1.86e-03 bin=0.754 S_flip=0.070 t=8s
[P700_h120_pad0.040_s1001] it   9 J=0.07892 A_min=0.0718 A_mean=0.0798 |g|=1.99e-03 bin=0.746 S_flip=0.073 t=9s
[P700_h120_pad0.040_s1001] it  10 J=0.08063 A_min=0.0735 A_mean=0.0815 |g|=2.14e-03 bin=0.738 S_flip=0.075 t=10s
[P700_h120_pad0.040_s1001] it  11 J=0.08250 A_min=0.0753 A_mean=0.0834 |g|=2.30e-03 bin=0.729 S_flip=0.078 t=11s
[P700_h120_pad0.040_s1001] it  12 J=0.08453 A_min=0.0773 A_mean=0.0854 |g|=2.48e-03 bin=0.719 S_flip=0.080 t=12s
[P700_h120_pad0.040_s1001] it  13 J=0.08676 A_min=0.0795 A_mean=0.0877 |g|=2.68e-03 bin=0.708 S_flip=0.083 t=13s
[P700_h120_pad0.040_s1001] it  14 J=0.08918 A_min=0.0819 A_mean=0.0901 |g|=2.89e-03 bin=0.696 S_flip=0.086 t=14s
[P700_h120_pad0.040_s1001] it  15 J=0.09183 A_min=0.0844 A_mean=0.0928 |g|=3.12e-03 bin=0.683 S_flip=0.088 t=14s
[P700_h120_pad0.040_s1001] it  16 J=0.09472 A_min=0.0873 A_mean=0.0957 |g|=3.35e-03 bin=0.668 S_flip=0.091 t=15s
[P700_h120_pad0.040_s1001] it  17 J=0.09787 A_min=0.0903 A_mean=0.0988 |g|=3.58e-03 bin=0.650 S_flip=0.092 t=16s
[P700_h120_pad0.040_s1001] it  18 J=0.10131 A_min=0.0937 A_mean=0.1023 |g|=3.78e-03 bin=0.631 S_flip=0.094 t=17s
[P700_h120_pad0.040_s1001] it  19 J=0.10502 A_min=0.0973 A_mean=0.1060 |g|=3.95e-03 bin=0.608 S_flip=0.095 t=18s
[P700_h120_pad0.040_s1001] it  20 J=0.10900 A_min=0.1012 A_mean=0.1100 |g|=4.06e-03 bin=0.582 S_flip=0.095 t=19s
[P700_h120_pad0.040_s1001] it  21 J=0.11318 A_min=0.1053 A_mean=0.1142 |g|=4.09e-03 bin=0.552 S_flip=0.095 t=20s
[P700_h120_pad0.040_s1001] it  22 J=0.11750 A_min=0.1095 A_mean=0.1186 |g|=4.02e-03 bin=0.518 S_flip=0.094 t=21s
[P700_h120_pad0.040_s1001] it  23 J=0.12183 A_min=0.1137 A_mean=0.1229 |g|=3.86e-03 bin=0.480 S_flip=0.094 t=22s
[P700_h120_pad0.040_s1001] it  24 J=0.12606 A_min=0.1178 A_mean=0.1272 |g|=3.61e-03 bin=0.440 S_flip=0.093 t=23s
[P700_h120_pad0.040_s1001] it  25 J=0.13007 A_min=0.1217 A_mean=0.1312 |g|=3.31e-03 bin=0.399 S_flip=0.092 t=23s
[P700_h120_pad0.040_s1001] it  26 J=0.13375 A_min=0.1253 A_mean=0.1349 |g|=2.98e-03 bin=0.358 S_flip=0.092 t=24s
[P700_h120_pad0.040_s1001] it  27 J=0.13703 A_min=0.1286 A_mean=0.1382 |g|=2.65e-03 bin=0.319 S_flip=0.092 t=25s
[P700_h120_pad0.040_s1001] it  28 J=0.13991 A_min=0.1314 A_mean=0.1411 |g|=2.35e-03 bin=0.282 S_flip=0.093 t=26s
[P700_h120_pad0.040_s1001] it  29 J=0.14237 A_min=0.1338 A_mean=0.1436 |g|=2.10e-03 bin=0.249 S_flip=0.094 t=27s
[P700_h120_pad0.040_s1001] it  30 J=0.14446 A_min=0.1359 A_mean=0.1457 |g|=1.89e-03 bin=0.219 S_flip=0.096 t=28s
[P700_h120_pad0.040_s1001] it  31 J=0.14621 A_min=0.1377 A_mean=0.1474 |g|=1.72e-03 bin=0.193 S_flip=0.098 t=29s
[P700_h120_pad0.040_s1001] it  32 J=0.14768 A_min=0.1392 A_mean=0.1489 |g|=1.59e-03 bin=0.171 S_flip=0.100 t=30s
[P700_h120_pad0.040_s1001] it  33 J=0.14891 A_min=0.1404 A_mean=0.1502 |g|=1.48e-03 bin=0.151 S_flip=0.102 t=31s
[P700_h120_pad0.040_s1001] it  34 J=0.14994 A_min=0.1415 A_mean=0.1512 |g|=1.38e-03 bin=0.135 S_flip=0.105 t=32s
[P700_h120_pad0.040_s1001] it  35 J=0.15080 A_min=0.1423 A_mean=0.1521 |g|=1.30e-03 bin=0.120 S_flip=0.108 t=32s
[P700_h120_pad0.040_s1001] it  36 J=0.15154 A_min=0.1431 A_mean=0.1528 |g|=1.23e-03 bin=0.108 S_flip=0.111 t=33s
[P700_h120_pad0.040_s1001] it  37 J=0.15216 A_min=0.1437 A_mean=0.1534 |g|=1.17e-03 bin=0.098 S_flip=0.114 t=34s
[P700_h120_pad0.040_s1001] it  38 J=0.15269 A_min=0.1443 A_mean=0.1540 |g|=1.12e-03 bin=0.089 S_flip=0.117 t=35s
[P700_h120_pad0.040_s1001] it  39 J=0.15315 A_min=0.1448 A_mean=0.1544 |g|=1.07e-03 bin=0.081 S_flip=0.120 t=36s
[P700_h120_pad0.040_s1001] it  40 J=0.15355 A_min=0.1452 A_mean=0.1548 |g|=1.03e-03 bin=0.074 S_flip=0.123 t=37s
[P700_h120_pad0.040_s1001] it  41 J=0.15389 A_min=0.1455 A_mean=0.1552 |g|=9.86e-04 bin=0.067 S_flip=0.126 t=38s
[P700_h120_pad0.040_s1001] it  42 J=0.15419 A_min=0.1458 A_mean=0.1555 |g|=9.51e-04 bin=0.062 S_flip=0.129 t=39s
[P700_h120_pad0.040_s1001] it  43 J=0.15445 A_min=0.1461 A_mean=0.1558 |g|=9.18e-04 bin=0.057 S_flip=0.132 t=40s
[P700_h120_pad0.040_s1001] it  44 J=0.15468 A_min=0.1463 A_mean=0.1560 |g|=8.88e-04 bin=0.052 S_flip=0.135 t=40s
[P700_h120_pad0.040_s1001] it  45 J=0.15488 A_min=0.1465 A_mean=0.1562 |g|=8.61e-04 bin=0.048 S_flip=0.138 t=41s
[P700_h120_pad0.040_s1001] it  46 J=0.15506 A_min=0.1467 A_mean=0.1564 |g|=8.37e-04 bin=0.045 S_flip=0.141 t=42s
[P700_h120_pad0.040_s1001] it  47 J=0.15522 A_min=0.1469 A_mean=0.1565 |g|=8.14e-04 bin=0.041 S_flip=0.144 t=43s
[P700_h120_pad0.040_s1001] it  48 J=0.15536 A_min=0.1470 A_mean=0.1567 |g|=7.93e-04 bin=0.038 S_flip=0.146 t=44s
[P700_h120_pad0.040_s1001] it  49 J=0.15548 A_min=0.1472 A_mean=0.1568 |g|=7.73e-04 bin=0.035 S_flip=0.149 t=45s
[P700_h120_pad0.040_s1001] it  50 J=0.15560 A_min=0.1473 A_mean=0.1569 |g|=7.55e-04 bin=0.033 S_flip=0.151 t=46s
[P700_h120_pad0.040_s1001] it  51 J=0.15570 A_min=0.1474 A_mean=0.1570 |g|=7.39e-04 bin=0.031 S_flip=0.153 t=47s
[P700_h120_pad0.040_s1001] it  52 J=0.15579 A_min=0.1475 A_mean=0.1571 |g|=7.24e-04 bin=0.028 S_flip=0.155 t=48s
[P700_h120_pad0.040_s1001] it  53 J=0.15587 A_min=0.1476 A_mean=0.1572 |g|=7.10e-04 bin=0.026 S_flip=0.157 t=49s
[P700_h120_pad0.040_s1001] it  54 J=0.15595 A_min=0.1477 A_mean=0.1573 |g|=6.97e-04 bin=0.025 S_flip=0.159 t=49s
[P700_h120_pad0.040_s1001] it  55 J=0.15602 A_min=0.1477 A_mean=0.1573 |g|=6.85e-04 bin=0.023 S_flip=0.161 t=50s
[P700_h120_pad0.040_s1001] it  56 J=0.15608 A_min=0.1478 A_mean=0.1574 |g|=6.75e-04 bin=0.021 S_flip=0.163 t=51s
[P700_h120_pad0.040_s1001] it  57 J=0.15613 A_min=0.1478 A_mean=0.1575 |g|=6.66e-04 bin=0.020 S_flip=0.164 t=52s
[P700_h120_pad0.040_s1001] it  58 J=0.15619 A_min=0.1479 A_mean=0.1575 |g|=6.57e-04 bin=0.018 S_flip=0.166 t=53s
[P700_h120_pad0.040_s1001] it  59 J=0.15623 A_min=0.1480 A_mean=0.1576 |g|=6.50e-04 bin=0.017 S_flip=0.167 t=54s
[P700_h120_pad0.040_s1001] it  60 J=0.15628 A_min=0.1480 A_mean=0.1576 |g|=6.45e-04 bin=0.016 S_flip=0.169 t=55s
[P700_h120_pad0.040_s1001] it  61 J=0.15632 A_min=0.1480 A_mean=0.1577 |g|=6.40e-04 bin=0.015 S_flip=0.170 t=56s
[P700_h120_pad0.040_s1001] it  62 J=0.15635 A_min=0.1481 A_mean=0.1577 |g|=6.36e-04 bin=0.014 S_flip=0.171 t=57s
[P700_h120_pad0.040_s1001] it  63 J=0.15639 A_min=0.1481 A_mean=0.1577 |g|=6.33e-04 bin=0.013 S_flip=0.173 t=58s
[P700_h120_pad0.040_s1001] it  64 J=0.15642 A_min=0.1482 A_mean=0.1578 |g|=6.31e-04 bin=0.012 S_flip=0.174 t=59s
[P700_h120_pad0.040_s1001] it  65 J=0.15645 A_min=0.1482 A_mean=0.1578 |g|=6.29e-04 bin=0.011 S_flip=0.175 t=60s
[P700_h120_pad0.040_s1001] it  66 J=0.15648 A_min=0.1482 A_mean=0.1578 |g|=6.26e-04 bin=0.010 S_flip=0.176 t=61s
[P700_h120_pad0.040_s1001] it  67 J=0.15650 A_min=0.1482 A_mean=0.1578 |g|=6.23e-04 bin=0.010 S_flip=0.177 t=62s
[P700_h120_pad0.040_s1001] it  68 J=0.15652 A_min=0.1483 A_mean=0.1579 |g|=6.19e-04 bin=0.009 S_flip=0.178 t=62s
[P700_h120_pad0.040_s1001] it  69 J=0.15655 A_min=0.1483 A_mean=0.1579 |g|=6.15e-04 bin=0.008 S_flip=0.179 t=63s
[P700_h120_pad0.040_s1001] it  70 J=0.15657 A_min=0.1483 A_mean=0.1579 |g|=6.09e-04 bin=0.008 S_flip=0.180 t=64s
[P700_h120_pad0.040_s1001] it  71 J=0.15658 A_min=0.1483 A_mean=0.1579 |g|=6.05e-04 bin=0.007 S_flip=0.181 t=65s
[P700_h120_pad0.040_s1001] it  72 J=0.15660 A_min=0.1483 A_mean=0.1579 |g|=6.01e-04 bin=0.007 S_flip=0.182 t=66s
[P700_h120_pad0.040_s1001] it  73 J=0.15662 A_min=0.1484 A_mean=0.1580 |g|=6.01e-04 bin=0.006 S_flip=0.183 t=67s
[P700_h120_pad0.040_s1001] it  74 J=0.15663 A_min=0.1484 A_mean=0.1580 |g|=6.03e-04 bin=0.006 S_flip=0.183 t=68s
[P700_h120_pad0.040_s1001] it  75 J=0.15664 A_min=0.1484 A_mean=0.1580 |g|=6.10e-04 bin=0.005 S_flip=0.184 t=69s
[P700_h120_pad0.040_s1001] it  76 J=0.15665 A_min=0.1484 A_mean=0.1580 |g|=6.19e-04 bin=0.005 S_flip=0.185 t=70s
[P700_h120_pad0.040_s1001] it  77 J=0.15667 A_min=0.1484 A_mean=0.1580 |g|=6.28e-04 bin=0.005 S_flip=0.186 t=71s
[P700_h120_pad0.040_s1001] it  78 J=0.15668 A_min=0.1484 A_mean=0.1580 |g|=6.36e-04 bin=0.004 S_flip=0.186 t=72s
[P700_h120_pad0.040_s1001] it  79 J=0.15669 A_min=0.1484 A_mean=0.1580 |g|=6.40e-04 bin=0.004 S_flip=0.187 t=73s
[P700_h120_pad0.040_s1001] it  80 J=0.15669 A_min=0.1485 A_mean=0.1580 |g|=6.38e-04 bin=0.004 S_flip=0.188 t=73s
[P700_h120_pad0.040_s1001] it  81 J=0.15670 A_min=0.1485 A_mean=0.1580 |g|=6.30e-04 bin=0.003 S_flip=0.188 t=74s
[P700_h120_pad0.040_s1001] it  82 J=0.15671 A_min=0.1485 A_mean=0.1581 |g|=6.18e-04 bin=0.003 S_flip=0.189 t=75s
[P700_h120_pad0.040_s1001] it  83 J=0.15672 A_min=0.1485 A_mean=0.1581 |g|=6.08e-04 bin=0.003 S_flip=0.190 t=76s
[P700_h120_pad0.040_s1001] it  84 J=0.15672 A_min=0.1485 A_mean=0.1581 |g|=6.00e-04 bin=0.003 S_flip=0.190 t=77s
[P700_h120_pad0.040_s1001] it  85 J=0.15673 A_min=0.1485 A_mean=0.1581 |g|=5.99e-04 bin=0.002 S_flip=0.191 t=78s
[P700_h120_pad0.040_s1001] it  86 J=0.15673 A_min=0.1485 A_mean=0.1581 |g|=6.02e-04 bin=0.002 S_flip=0.192 t=79s
[P700_h120_pad0.040_s1001] it  87 J=0.15673 A_min=0.1485 A_mean=0.1581 |g|=6.09e-04 bin=0.002 S_flip=0.192 t=80s
[P700_h120_pad0.040_s1001] it  88 J=0.15674 A_min=0.1485 A_mean=0.1581 |g|=6.19e-04 bin=0.002 S_flip=0.193 t=81s
[P700_h120_pad0.040_s1001] it  89 J=0.15674 A_min=0.1485 A_mean=0.1581 |g|=6.29e-04 bin=0.002 S_flip=0.194 t=82s
[P700_h120_pad0.040_s1001] it  90 J=0.15674 A_min=0.1485 A_mean=0.1581 |g|=6.39e-04 bin=0.002 S_flip=0.194 t=83s
[P700_h120_pad0.040_s1001] it  91 J=0.15674 A_min=0.1485 A_mean=0.1581 |g|=6.49e-04 bin=0.001 S_flip=0.195 t=84s
[P700_h120_pad0.040_s1001] it  92 J=0.15675 A_min=0.1485 A_mean=0.1581 |g|=6.58e-04 bin=0.001 S_flip=0.195 t=85s
[P700_h120_pad0.040_s1001] it  93 J=0.15675 A_min=0.1485 A_mean=0.1581 |g|=6.66e-04 bin=0.001 S_flip=0.195 t=86s
[P700_h120_pad0.040_s1001] it  94 J=0.15675 A_min=0.1485 A_mean=0.1581 |g|=6.75e-04 bin=0.001 S_flip=0.196 t=86s
[P700_h120_pad0.040_s1001] it  95 J=0.15675 A_min=0.1485 A_mean=0.1581 |g|=6.83e-04 bin=0.001 S_flip=0.196 t=87s
[P700_h120_pad0.040_s1001] it  96 J=0.15675 A_min=0.1485 A_mean=0.1581 |g|=6.92e-04 bin=0.001 S_flip=0.196 t=88s
[P700_h120_pad0.040_s1001] it  97 J=0.15675 A_min=0.1485 A_mean=0.1581 |g|=7.00e-04 bin=0.001 S_flip=0.197 t=89s
[P700_h120_pad0.040_s1001] it  98 J=0.15675 A_min=0.1485 A_mean=0.1581 |g|=7.10e-04 bin=0.001 S_flip=0.197 t=90s
[P700_h120_pad0.040_s1001] it  99 J=0.15675 A_min=0.1485 A_mean=0.1581 |g|=7.19e-04 bin=0.001 S_flip=0.197 t=91s
[P700_h120_pad0.040_s1001] done: J_soft=0.15675 J_hard=0.15675 A_hard=[0.1485, 0.1771, 0.1487] S_flip=0.199 wall=92s
[P700_h120_pad0.040_s7777] it   0 J=0.06987 A_min=0.0630 A_mean=0.0707 |g|=1.26e-03 bin=0.793 S_flip=0.050 t=1s
[P700_h120_pad0.040_s7777] it   1 J=0.07064 A_min=0.0638 A_mean=0.0715 |g|=1.31e-03 bin=0.789 S_flip=0.051 t=2s
[P700_h120_pad0.040_s7777] it   2 J=0.07149 A_min=0.0646 A_mean=0.0723 |g|=1.37e-03 bin=0.786 S_flip=0.052 t=3s
[P700_h120_pad0.040_s7777] it   3 J=0.07244 A_min=0.0655 A_mean=0.0733 |g|=1.44e-03 bin=0.782 S_flip=0.054 t=4s
[P700_h120_pad0.040_s7777] it   4 J=0.07349 A_min=0.0665 A_mean=0.0743 |g|=1.51e-03 bin=0.777 S_flip=0.055 t=5s
[P700_h120_pad0.040_s7777] it   5 J=0.07465 A_min=0.0677 A_mean=0.0755 |g|=1.60e-03 bin=0.772 S_flip=0.057 t=6s
[P700_h120_pad0.040_s7777] it   6 J=0.07594 A_min=0.0689 A_mean=0.0768 |g|=1.69e-03 bin=0.766 S_flip=0.058 t=7s
[P700_h120_pad0.040_s7777] it   7 J=0.07736 A_min=0.0703 A_mean=0.0782 |g|=1.79e-03 bin=0.759 S_flip=0.060 t=8s
[P700_h120_pad0.040_s7777] it   8 J=0.07893 A_min=0.0718 A_mean=0.0798 |g|=1.91e-03 bin=0.752 S_flip=0.062 t=9s
[P700_h120_pad0.040_s7777] it   9 J=0.08065 A_min=0.0735 A_mean=0.0815 |g|=2.03e-03 bin=0.744 S_flip=0.064 t=9s
[P700_h120_pad0.040_s7777] it  10 J=0.08254 A_min=0.0754 A_mean=0.0834 |g|=2.17e-03 bin=0.735 S_flip=0.066 t=10s
[P700_h120_pad0.040_s7777] it  11 J=0.08460 A_min=0.0774 A_mean=0.0855 |g|=2.33e-03 bin=0.725 S_flip=0.068 t=11s
[P700_h120_pad0.040_s7777] it  12 J=0.08685 A_min=0.0796 A_mean=0.0878 |g|=2.50e-03 bin=0.714 S_flip=0.070 t=12s
[P700_h120_pad0.040_s7777] it  13 J=0.08930 A_min=0.0820 A_mean=0.0902 |g|=2.68e-03 bin=0.701 S_flip=0.073 t=13s
[P700_h120_pad0.040_s7777] it  14 J=0.09195 A_min=0.0845 A_mean=0.0929 |g|=2.87e-03 bin=0.688 S_flip=0.075 t=14s
[P700_h120_pad0.040_s7777] it  15 J=0.09482 A_min=0.0873 A_mean=0.0958 |g|=3.07e-03 bin=0.672 S_flip=0.077 t=15s
[P700_h120_pad0.040_s7777] it  16 J=0.09793 A_min=0.0904 A_mean=0.0989 |g|=3.27e-03 bin=0.655 S_flip=0.078 t=16s
[P700_h120_pad0.040_s7777] it  17 J=0.10128 A_min=0.0936 A_mean=0.1023 |g|=3.45e-03 bin=0.635 S_flip=0.080 t=17s
[P700_h120_pad0.040_s7777] it  18 J=0.10485 A_min=0.0971 A_mean=0.1058 |g|=3.60e-03 bin=0.613 S_flip=0.081 t=18s
[P700_h120_pad0.040_s7777] it  19 J=0.10864 A_min=0.1008 A_mean=0.1097 |g|=3.71e-03 bin=0.587 S_flip=0.081 t=19s
[P700_h120_pad0.040_s7777] it  20 J=0.11260 A_min=0.1046 A_mean=0.1136 |g|=3.75e-03 bin=0.558 S_flip=0.081 t=20s
[P700_h120_pad0.040_s7777] it  21 J=0.11667 A_min=0.1086 A_mean=0.1177 |g|=3.72e-03 bin=0.526 S_flip=0.081 t=20s
[P700_h120_pad0.040_s7777] it  22 J=0.12076 A_min=0.1125 A_mean=0.1218 |g|=3.61e-03 bin=0.491 S_flip=0.080 t=21s
[P700_h120_pad0.040_s7777] it  23 J=0.12477 A_min=0.1164 A_mean=0.1259 |g|=3.43e-03 bin=0.453 S_flip=0.079 t=22s
[P700_h120_pad0.040_s7777] it  24 J=0.12860 A_min=0.1202 A_mean=0.1297 |g|=3.18e-03 bin=0.414 S_flip=0.078 t=23s
[P700_h120_pad0.040_s7777] it  25 J=0.13216 A_min=0.1236 A_mean=0.1333 |g|=2.90e-03 bin=0.375 S_flip=0.077 t=24s
[P700_h120_pad0.040_s7777] it  26 J=0.13539 A_min=0.1268 A_mean=0.1365 |g|=2.61e-03 bin=0.337 S_flip=0.077 t=25s
[P700_h120_pad0.040_s7777] it  27 J=0.13825 A_min=0.1296 A_mean=0.1394 |g|=2.34e-03 bin=0.300 S_flip=0.077 t=26s
[P700_h120_pad0.040_s7777] it  28 J=0.14073 A_min=0.1321 A_mean=0.1419 |g|=2.10e-03 bin=0.266 S_flip=0.077 t=27s
[P700_h120_pad0.040_s7777] it  29 J=0.14285 A_min=0.1342 A_mean=0.1440 |g|=1.90e-03 bin=0.236 S_flip=0.078 t=28s
[P700_h120_pad0.040_s7777] it  30 J=0.14465 A_min=0.1360 A_mean=0.1458 |g|=1.74e-03 bin=0.208 S_flip=0.079 t=29s
[P700_h120_pad0.040_s7777] it  31 J=0.14617 A_min=0.1375 A_mean=0.1474 |g|=1.62e-03 bin=0.185 S_flip=0.081 t=30s
[P700_h120_pad0.040_s7777] it  32 J=0.14745 A_min=0.1388 A_mean=0.1487 |g|=1.53e-03 bin=0.164 S_flip=0.082 t=30s
[P700_h120_pad0.040_s7777] it  33 J=0.14853 A_min=0.1399 A_mean=0.1498 |g|=1.45e-03 bin=0.146 S_flip=0.084 t=31s
[P700_h120_pad0.040_s7777] it  34 J=0.14945 A_min=0.1409 A_mean=0.1507 |g|=1.39e-03 bin=0.131 S_flip=0.086 t=32s
[P700_h120_pad0.040_s7777] it  35 J=0.15024 A_min=0.1417 A_mean=0.1515 |g|=1.34e-03 bin=0.117 S_flip=0.088 t=33s
[P700_h120_pad0.040_s7777] it  36 J=0.15091 A_min=0.1424 A_mean=0.1522 |g|=1.29e-03 bin=0.106 S_flip=0.091 t=34s
[P700_h120_pad0.040_s7777] it  37 J=0.15150 A_min=0.1430 A_mean=0.1528 |g|=1.25e-03 bin=0.096 S_flip=0.093 t=35s
[P700_h120_pad0.040_s7777] it  38 J=0.15200 A_min=0.1435 A_mean=0.1533 |g|=1.20e-03 bin=0.087 S_flip=0.095 t=36s
[P700_h120_pad0.040_s7777] it  39 J=0.15245 A_min=0.1439 A_mean=0.1537 |g|=1.16e-03 bin=0.079 S_flip=0.098 t=37s
[P700_h120_pad0.040_s7777] it  40 J=0.15284 A_min=0.1443 A_mean=0.1541 |g|=1.12e-03 bin=0.072 S_flip=0.100 t=38s
[P700_h120_pad0.040_s7777] it  41 J=0.15318 A_min=0.1447 A_mean=0.1545 |g|=1.08e-03 bin=0.066 S_flip=0.103 t=39s
[P700_h120_pad0.040_s7777] it  42 J=0.15348 A_min=0.1450 A_mean=0.1548 |g|=1.05e-03 bin=0.061 S_flip=0.105 t=40s
[P700_h120_pad0.040_s7777] it  43 J=0.15375 A_min=0.1453 A_mean=0.1550 |g|=1.01e-03 bin=0.056 S_flip=0.107 t=41s
[P700_h120_pad0.040_s7777] it  44 J=0.15399 A_min=0.1455 A_mean=0.1553 |g|=9.78e-04 bin=0.052 S_flip=0.110 t=42s
[P700_h120_pad0.040_s7777] it  45 J=0.15420 A_min=0.1457 A_mean=0.1555 |g|=9.46e-04 bin=0.048 S_flip=0.112 t=43s
[P700_h120_pad0.040_s7777] it  46 J=0.15439 A_min=0.1459 A_mean=0.1557 |g|=9.16e-04 bin=0.044 S_flip=0.115 t=44s
[P700_h120_pad0.040_s7777] it  47 J=0.15456 A_min=0.1461 A_mean=0.1558 |g|=8.88e-04 bin=0.041 S_flip=0.117 t=45s
[P700_h120_pad0.040_s7777] it  48 J=0.15471 A_min=0.1463 A_mean=0.1560 |g|=8.62e-04 bin=0.038 S_flip=0.120 t=46s
[P700_h120_pad0.040_s7777] it  49 J=0.15484 A_min=0.1464 A_mean=0.1561 |g|=8.38e-04 bin=0.035 S_flip=0.122 t=47s
[P700_h120_pad0.040_s7777] it  50 J=0.15497 A_min=0.1465 A_mean=0.1563 |g|=8.15e-04 bin=0.033 S_flip=0.124 t=48s
[P700_h120_pad0.040_s7777] it  51 J=0.15508 A_min=0.1467 A_mean=0.1564 |g|=7.94e-04 bin=0.030 S_flip=0.126 t=49s
[P700_h120_pad0.040_s7777] it  52 J=0.15518 A_min=0.1468 A_mean=0.1565 |g|=7.75e-04 bin=0.028 S_flip=0.128 t=50s
[P700_h120_pad0.040_s7777] it  53 J=0.15526 A_min=0.1468 A_mean=0.1566 |g|=7.57e-04 bin=0.026 S_flip=0.130 t=51s
[P700_h120_pad0.040_s7777] it  54 J=0.15535 A_min=0.1469 A_mean=0.1566 |g|=7.40e-04 bin=0.024 S_flip=0.132 t=52s
[P700_h120_pad0.040_s7777] it  55 J=0.15542 A_min=0.1470 A_mean=0.1567 |g|=7.25e-04 bin=0.023 S_flip=0.134 t=53s
[P700_h120_pad0.040_s7777] it  56 J=0.15549 A_min=0.1471 A_mean=0.1568 |g|=7.11e-04 bin=0.021 S_flip=0.136 t=54s
[P700_h120_pad0.040_s7777] it  57 J=0.15555 A_min=0.1471 A_mean=0.1568 |g|=6.97e-04 bin=0.020 S_flip=0.138 t=55s
[P700_h120_pad0.040_s7777] it  58 J=0.15560 A_min=0.1472 A_mean=0.1569 |g|=6.85e-04 bin=0.018 S_flip=0.140 t=56s
[P700_h120_pad0.040_s7777] it  59 J=0.15566 A_min=0.1473 A_mean=0.1569 |g|=6.74e-04 bin=0.017 S_flip=0.142 t=57s
[P700_h120_pad0.040_s7777] it  60 J=0.15570 A_min=0.1473 A_mean=0.1570 |g|=6.64e-04 bin=0.016 S_flip=0.144 t=58s
[P700_h120_pad0.040_s7777] it  61 J=0.15574 A_min=0.1473 A_mean=0.1570 |g|=6.55e-04 bin=0.015 S_flip=0.145 t=59s
[P700_h120_pad0.040_s7777] it  62 J=0.15578 A_min=0.1474 A_mean=0.1571 |g|=6.47e-04 bin=0.014 S_flip=0.147 t=60s
[P700_h120_pad0.040_s7777] it  63 J=0.15582 A_min=0.1474 A_mean=0.1571 |g|=6.39e-04 bin=0.013 S_flip=0.149 t=61s
[P700_h120_pad0.040_s7777] it  64 J=0.15585 A_min=0.1475 A_mean=0.1572 |g|=6.33e-04 bin=0.012 S_flip=0.150 t=62s
[P700_h120_pad0.040_s7777] it  65 J=0.15588 A_min=0.1475 A_mean=0.1572 |g|=6.27e-04 bin=0.011 S_flip=0.151 t=63s
[P700_h120_pad0.040_s7777] it  66 J=0.15591 A_min=0.1475 A_mean=0.1572 |g|=6.21e-04 bin=0.010 S_flip=0.152 t=64s
[P700_h120_pad0.040_s7777] it  67 J=0.15594 A_min=0.1475 A_mean=0.1572 |g|=6.17e-04 bin=0.010 S_flip=0.154 t=65s
[P700_h120_pad0.040_s7777] it  68 J=0.15596 A_min=0.1476 A_mean=0.1573 |g|=6.13e-04 bin=0.009 S_flip=0.155 t=65s
[P700_h120_pad0.040_s7777] it  69 J=0.15598 A_min=0.1476 A_mean=0.1573 |g|=6.10e-04 bin=0.008 S_flip=0.156 t=66s
[P700_h120_pad0.040_s7777] it  70 J=0.15600 A_min=0.1476 A_mean=0.1573 |g|=6.07e-04 bin=0.008 S_flip=0.157 t=67s
[P700_h120_pad0.040_s7777] it  71 J=0.15602 A_min=0.1476 A_mean=0.1573 |g|=6.06e-04 bin=0.007 S_flip=0.157 t=68s
[P700_h120_pad0.040_s7777] it  72 J=0.15604 A_min=0.1477 A_mean=0.1573 |g|=6.04e-04 bin=0.007 S_flip=0.158 t=69s
[P700_h120_pad0.040_s7777] it  73 J=0.15605 A_min=0.1477 A_mean=0.1574 |g|=6.03e-04 bin=0.006 S_flip=0.159 t=70s
[P700_h120_pad0.040_s7777] it  74 J=0.15607 A_min=0.1477 A_mean=0.1574 |g|=6.00e-04 bin=0.006 S_flip=0.159 t=71s
[P700_h120_pad0.040_s7777] it  75 J=0.15608 A_min=0.1477 A_mean=0.1574 |g|=5.96e-04 bin=0.005 S_flip=0.160 t=72s
[P700_h120_pad0.040_s7777] it  76 J=0.15609 A_min=0.1477 A_mean=0.1574 |g|=5.90e-04 bin=0.005 S_flip=0.160 t=73s
[P700_h120_pad0.040_s7777] it  77 J=0.15610 A_min=0.1477 A_mean=0.1574 |g|=5.83e-04 bin=0.005 S_flip=0.161 t=74s
[P700_h120_pad0.040_s7777] it  78 J=0.15611 A_min=0.1477 A_mean=0.1574 |g|=5.75e-04 bin=0.004 S_flip=0.162 t=75s
[P700_h120_pad0.040_s7777] it  79 J=0.15612 A_min=0.1477 A_mean=0.1574 |g|=5.68e-04 bin=0.004 S_flip=0.162 t=76s
[P700_h120_pad0.040_s7777] it  80 J=0.15613 A_min=0.1478 A_mean=0.1574 |g|=5.61e-04 bin=0.004 S_flip=0.163 t=77s
[P700_h120_pad0.040_s7777] it  81 J=0.15614 A_min=0.1478 A_mean=0.1574 |g|=5.55e-04 bin=0.003 S_flip=0.163 t=78s
[P700_h120_pad0.040_s7777] it  82 J=0.15614 A_min=0.1478 A_mean=0.1574 |g|=5.52e-04 bin=0.003 S_flip=0.164 t=79s
[P700_h120_pad0.040_s7777] it  83 J=0.15615 A_min=0.1478 A_mean=0.1575 |g|=5.51e-04 bin=0.003 S_flip=0.164 t=79s
[P700_h120_pad0.040_s7777] it  84 J=0.15615 A_min=0.1478 A_mean=0.1575 |g|=5.52e-04 bin=0.003 S_flip=0.165 t=80s
[P700_h120_pad0.040_s7777] it  85 J=0.15616 A_min=0.1478 A_mean=0.1575 |g|=5.55e-04 bin=0.002 S_flip=0.165 t=81s
[P700_h120_pad0.040_s7777] it  86 J=0.15616 A_min=0.1478 A_mean=0.1575 |g|=5.61e-04 bin=0.002 S_flip=0.165 t=82s
[P700_h120_pad0.040_s7777] it  87 J=0.15617 A_min=0.1478 A_mean=0.1575 |g|=5.69e-04 bin=0.002 S_flip=0.166 t=83s
[P700_h120_pad0.040_s7777] it  88 J=0.15617 A_min=0.1478 A_mean=0.1575 |g|=5.81e-04 bin=0.002 S_flip=0.166 t=84s
[P700_h120_pad0.040_s7777] it  89 J=0.15617 A_min=0.1478 A_mean=0.1575 |g|=5.95e-04 bin=0.002 S_flip=0.166 t=85s
[P700_h120_pad0.040_s7777] it  90 J=0.15617 A_min=0.1478 A_mean=0.1575 |g|=6.12e-04 bin=0.002 S_flip=0.166 t=86s
[P700_h120_pad0.040_s7777] it  91 J=0.15617 A_min=0.1478 A_mean=0.1575 |g|=6.31e-04 bin=0.002 S_flip=0.166 t=87s
[P700_h120_pad0.040_s7777] it  92 J=0.15618 A_min=0.1478 A_mean=0.1575 |g|=6.52e-04 bin=0.002 S_flip=0.167 t=88s
[P700_h120_pad0.040_s7777] it  93 J=0.15618 A_min=0.1478 A_mean=0.1575 |g|=6.74e-04 bin=0.001 S_flip=0.167 t=88s
[P700_h120_pad0.040_s7777] it  94 J=0.15618 A_min=0.1478 A_mean=0.1575 |g|=6.97e-04 bin=0.001 S_flip=0.167 t=89s
[P700_h120_pad0.040_s7777] it  95 J=0.15618 A_min=0.1478 A_mean=0.1575 |g|=7.21e-04 bin=0.001 S_flip=0.167 t=90s
[P700_h120_pad0.040_s7777] it  96 J=0.15618 A_min=0.1478 A_mean=0.1575 |g|=7.47e-04 bin=0.001 S_flip=0.167 t=91s
[P700_h120_pad0.040_s7777] it  97 J=0.15618 A_min=0.1478 A_mean=0.1575 |g|=7.75e-04 bin=0.001 S_flip=0.168 t=92s
[P700_h120_pad0.040_s7777] it  98 J=0.15618 A_min=0.1478 A_mean=0.1575 |g|=8.04e-04 bin=0.001 S_flip=0.168 t=93s
[P700_h120_pad0.040_s7777] it  99 J=0.15618 A_min=0.1478 A_mean=0.1575 |g|=8.34e-04 bin=0.001 S_flip=0.168 t=94s
[P700_h120_pad0.040_s7777] done: J_soft=0.15618 J_hard=0.15618 A_hard=[0.1478, 0.1762, 0.1485] S_flip=0.171 wall=95s
[P700_h120_pad0.080_s333] it   0 J=0.08636 A_min=0.0789 A_mean=0.0873 |g|=1.44e-03 bin=0.657 S_flip=0.053 t=1s
[P700_h120_pad0.080_s333] it   1 J=0.08685 A_min=0.0793 A_mean=0.0878 |g|=1.50e-03 bin=0.655 S_flip=0.054 t=2s
[P700_h120_pad0.080_s333] it   2 J=0.08739 A_min=0.0799 A_mean=0.0883 |g|=1.57e-03 bin=0.653 S_flip=0.056 t=3s
[P700_h120_pad0.080_s333] it   3 J=0.08800 A_min=0.0805 A_mean=0.0889 |g|=1.64e-03 bin=0.650 S_flip=0.057 t=4s
[P700_h120_pad0.080_s333] it   4 J=0.08868 A_min=0.0811 A_mean=0.0896 |g|=1.73e-03 bin=0.646 S_flip=0.058 t=5s
[P700_h120_pad0.080_s333] it   5 J=0.08946 A_min=0.0819 A_mean=0.0904 |g|=1.83e-03 bin=0.642 S_flip=0.060 t=6s
[P700_h120_pad0.080_s333] it   6 J=0.09034 A_min=0.0827 A_mean=0.0913 |g|=1.94e-03 bin=0.638 S_flip=0.061 t=7s
[P700_h120_pad0.080_s333] it   7 J=0.09134 A_min=0.0837 A_mean=0.0923 |g|=2.06e-03 bin=0.632 S_flip=0.063 t=8s
[P700_h120_pad0.080_s333] it   8 J=0.09249 A_min=0.0848 A_mean=0.0935 |g|=2.20e-03 bin=0.626 S_flip=0.065 t=8s
[P700_h120_pad0.080_s333] it   9 J=0.09381 A_min=0.0861 A_mean=0.0948 |g|=2.34e-03 bin=0.619 S_flip=0.067 t=9s
[P700_h120_pad0.080_s333] it  10 J=0.09533 A_min=0.0875 A_mean=0.0963 |g|=2.50e-03 bin=0.612 S_flip=0.069 t=10s
[P700_h120_pad0.080_s333] it  11 J=0.09707 A_min=0.0892 A_mean=0.0980 |g|=2.67e-03 bin=0.602 S_flip=0.071 t=11s
[P700_h120_pad0.080_s333] it  12 J=0.09905 A_min=0.0911 A_mean=0.1000 |g|=2.84e-03 bin=0.592 S_flip=0.073 t=12s
[P700_h120_pad0.080_s333] it  13 J=0.10130 A_min=0.0933 A_mean=0.1023 |g|=3.01e-03 bin=0.579 S_flip=0.075 t=13s
[P700_h120_pad0.080_s333] it  14 J=0.10383 A_min=0.0958 A_mean=0.1048 |g|=3.17e-03 bin=0.565 S_flip=0.077 t=14s
[P700_h120_pad0.080_s333] it  15 J=0.10665 A_min=0.0985 A_mean=0.1077 |g|=3.31e-03 bin=0.548 S_flip=0.079 t=15s
[P700_h120_pad0.080_s333] it  16 J=0.10976 A_min=0.1015 A_mean=0.1108 |g|=3.42e-03 bin=0.529 S_flip=0.081 t=16s
[P700_h120_pad0.080_s333] it  17 J=0.11311 A_min=0.1048 A_mean=0.1141 |g|=3.48e-03 bin=0.506 S_flip=0.082 t=17s
[P700_h120_pad0.080_s333] it  18 J=0.11667 A_min=0.1082 A_mean=0.1177 |g|=3.48e-03 bin=0.481 S_flip=0.084 t=18s
[P700_h120_pad0.080_s333] it  19 J=0.12036 A_min=0.1118 A_mean=0.1214 |g|=3.42e-03 bin=0.452 S_flip=0.085 t=19s
[P700_h120_pad0.080_s333] it  20 J=0.12408 A_min=0.1154 A_mean=0.1252 |g|=3.28e-03 bin=0.422 S_flip=0.086 t=20s
[P700_h120_pad0.080_s333] it  21 J=0.12774 A_min=0.1190 A_mean=0.1288 |g|=3.09e-03 bin=0.389 S_flip=0.087 t=21s
[P700_h120_pad0.080_s333] it  22 J=0.13124 A_min=0.1224 A_mean=0.1323 |g|=2.84e-03 bin=0.355 S_flip=0.089 t=22s
[P700_h120_pad0.080_s333] it  23 J=0.13448 A_min=0.1256 A_mean=0.1356 |g|=2.57e-03 bin=0.322 S_flip=0.090 t=22s
[P700_h120_pad0.080_s333] it  24 J=0.13742 A_min=0.1284 A_mean=0.1385 |g|=2.29e-03 bin=0.289 S_flip=0.091 t=23s
[P700_h120_pad0.080_s333] it  25 J=0.14001 A_min=0.1310 A_mean=0.1411 |g|=2.03e-03 bin=0.258 S_flip=0.092 t=24s
[P700_h120_pad0.080_s333] it  26 J=0.14226 A_min=0.1332 A_mean=0.1434 |g|=1.79e-03 bin=0.230 S_flip=0.094 t=25s
[P700_h120_pad0.080_s333] it  27 J=0.14417 A_min=0.1351 A_mean=0.1453 |g|=1.58e-03 bin=0.204 S_flip=0.096 t=26s
[P700_h120_pad0.080_s333] it  28 J=0.14579 A_min=0.1367 A_mean=0.1469 |g|=1.41e-03 bin=0.182 S_flip=0.099 t=27s
[P700_h120_pad0.080_s333] it  29 J=0.14714 A_min=0.1380 A_mean=0.1483 |g|=1.27e-03 bin=0.162 S_flip=0.101 t=28s
[P700_h120_pad0.080_s333] it  30 J=0.14826 A_min=0.1392 A_mean=0.1494 |g|=1.17e-03 bin=0.144 S_flip=0.104 t=29s
[P700_h120_pad0.080_s333] it  31 J=0.14920 A_min=0.1401 A_mean=0.1504 |g|=1.08e-03 bin=0.129 S_flip=0.107 t=30s
[P700_h120_pad0.080_s333] it  32 J=0.14999 A_min=0.1409 A_mean=0.1512 |g|=1.02e-03 bin=0.116 S_flip=0.110 t=30s
[P700_h120_pad0.080_s333] it  33 J=0.15065 A_min=0.1416 A_mean=0.1518 |g|=9.65e-04 bin=0.105 S_flip=0.114 t=31s
[P700_h120_pad0.080_s333] it  34 J=0.15121 A_min=0.1422 A_mean=0.1524 |g|=9.22e-04 bin=0.095 S_flip=0.117 t=32s
[P700_h120_pad0.080_s333] it  35 J=0.15169 A_min=0.1427 A_mean=0.1529 |g|=8.86e-04 bin=0.086 S_flip=0.121 t=33s
[P700_h120_pad0.080_s333] it  36 J=0.15210 A_min=0.1431 A_mean=0.1533 |g|=8.54e-04 bin=0.079 S_flip=0.124 t=34s
[P700_h120_pad0.080_s333] it  37 J=0.15246 A_min=0.1435 A_mean=0.1537 |g|=8.26e-04 bin=0.072 S_flip=0.128 t=35s
[P700_h120_pad0.080_s333] it  38 J=0.15277 A_min=0.1438 A_mean=0.1540 |g|=8.00e-04 bin=0.066 S_flip=0.132 t=36s
[P700_h120_pad0.080_s333] it  39 J=0.15304 A_min=0.1441 A_mean=0.1542 |g|=7.76e-04 bin=0.061 S_flip=0.136 t=37s
[P700_h120_pad0.080_s333] it  40 J=0.15327 A_min=0.1443 A_mean=0.1545 |g|=7.54e-04 bin=0.056 S_flip=0.139 t=38s
[P700_h120_pad0.080_s333] it  41 J=0.15348 A_min=0.1445 A_mean=0.1547 |g|=7.33e-04 bin=0.051 S_flip=0.143 t=38s
[P700_h120_pad0.080_s333] it  42 J=0.15367 A_min=0.1447 A_mean=0.1549 |g|=7.14e-04 bin=0.047 S_flip=0.147 t=39s
[P700_h120_pad0.080_s333] it  43 J=0.15383 A_min=0.1449 A_mean=0.1550 |g|=6.95e-04 bin=0.044 S_flip=0.151 t=40s
[P700_h120_pad0.080_s333] it  44 J=0.15398 A_min=0.1450 A_mean=0.1552 |g|=6.78e-04 bin=0.041 S_flip=0.154 t=41s
[P700_h120_pad0.080_s333] it  45 J=0.15411 A_min=0.1452 A_mean=0.1553 |g|=6.61e-04 bin=0.038 S_flip=0.158 t=42s
[P700_h120_pad0.080_s333] it  46 J=0.15422 A_min=0.1453 A_mean=0.1554 |g|=6.45e-04 bin=0.035 S_flip=0.161 t=43s
[P700_h120_pad0.080_s333] it  47 J=0.15433 A_min=0.1454 A_mean=0.1555 |g|=6.30e-04 bin=0.032 S_flip=0.165 t=44s
[P700_h120_pad0.080_s333] it  48 J=0.15442 A_min=0.1455 A_mean=0.1556 |g|=6.15e-04 bin=0.030 S_flip=0.168 t=45s
[P700_h120_pad0.080_s333] it  49 J=0.15451 A_min=0.1456 A_mean=0.1557 |g|=6.01e-04 bin=0.028 S_flip=0.172 t=46s
[P700_h120_pad0.080_s333] it  50 J=0.15458 A_min=0.1457 A_mean=0.1558 |g|=5.87e-04 bin=0.026 S_flip=0.175 t=47s
[P700_h120_pad0.080_s333] it  51 J=0.15465 A_min=0.1458 A_mean=0.1559 |g|=5.73e-04 bin=0.024 S_flip=0.178 t=48s
[P700_h120_pad0.080_s333] it  52 J=0.15471 A_min=0.1458 A_mean=0.1559 |g|=5.59e-04 bin=0.022 S_flip=0.181 t=48s
[P700_h120_pad0.080_s333] it  53 J=0.15477 A_min=0.1459 A_mean=0.1560 |g|=5.46e-04 bin=0.020 S_flip=0.184 t=49s
[P700_h120_pad0.080_s333] it  54 J=0.15482 A_min=0.1459 A_mean=0.1560 |g|=5.33e-04 bin=0.019 S_flip=0.187 t=50s
[P700_h120_pad0.080_s333] it  55 J=0.15486 A_min=0.1460 A_mean=0.1561 |g|=5.21e-04 bin=0.017 S_flip=0.190 t=51s
[P700_h120_pad0.080_s333] it  56 J=0.15490 A_min=0.1460 A_mean=0.1561 |g|=5.10e-04 bin=0.016 S_flip=0.193 t=52s
[P700_h120_pad0.080_s333] it  57 J=0.15494 A_min=0.1461 A_mean=0.1562 |g|=5.00e-04 bin=0.015 S_flip=0.195 t=53s
[P700_h120_pad0.080_s333] it  58 J=0.15497 A_min=0.1461 A_mean=0.1562 |g|=4.91e-04 bin=0.014 S_flip=0.197 t=54s
[P700_h120_pad0.080_s333] it  59 J=0.15500 A_min=0.1461 A_mean=0.1562 |g|=4.83e-04 bin=0.013 S_flip=0.199 t=55s
[P700_h120_pad0.080_s333] it  60 J=0.15502 A_min=0.1462 A_mean=0.1562 |g|=4.78e-04 bin=0.012 S_flip=0.201 t=56s
[P700_h120_pad0.080_s333] it  61 J=0.15505 A_min=0.1462 A_mean=0.1563 |g|=4.73e-04 bin=0.011 S_flip=0.202 t=57s
[P700_h120_pad0.080_s333] it  62 J=0.15507 A_min=0.1462 A_mean=0.1563 |g|=4.71e-04 bin=0.010 S_flip=0.204 t=58s
[P700_h120_pad0.080_s333] it  63 J=0.15509 A_min=0.1462 A_mean=0.1563 |g|=4.71e-04 bin=0.010 S_flip=0.205 t=58s
[P700_h120_pad0.080_s333] it  64 J=0.15511 A_min=0.1462 A_mean=0.1563 |g|=4.72e-04 bin=0.009 S_flip=0.207 t=59s
[P700_h120_pad0.080_s333] it  65 J=0.15512 A_min=0.1463 A_mean=0.1563 |g|=4.76e-04 bin=0.008 S_flip=0.208 t=60s
[P700_h120_pad0.080_s333] it  66 J=0.15514 A_min=0.1463 A_mean=0.1564 |g|=4.82e-04 bin=0.008 S_flip=0.209 t=61s
[P700_h120_pad0.080_s333] it  67 J=0.15515 A_min=0.1463 A_mean=0.1564 |g|=4.90e-04 bin=0.007 S_flip=0.209 t=62s
[P700_h120_pad0.080_s333] it  68 J=0.15516 A_min=0.1463 A_mean=0.1564 |g|=4.99e-04 bin=0.007 S_flip=0.210 t=63s
[P700_h120_pad0.080_s333] it  69 J=0.15518 A_min=0.1463 A_mean=0.1564 |g|=5.11e-04 bin=0.007 S_flip=0.211 t=64s
[P700_h120_pad0.080_s333] it  70 J=0.15519 A_min=0.1463 A_mean=0.1564 |g|=5.24e-04 bin=0.006 S_flip=0.211 t=65s
[P700_h120_pad0.080_s333] it  71 J=0.15520 A_min=0.1463 A_mean=0.1564 |g|=5.37e-04 bin=0.006 S_flip=0.212 t=66s
[P700_h120_pad0.080_s333] it  72 J=0.15521 A_min=0.1464 A_mean=0.1564 |g|=5.48e-04 bin=0.005 S_flip=0.212 t=67s
[P700_h120_pad0.080_s333] it  73 J=0.15522 A_min=0.1464 A_mean=0.1564 |g|=5.55e-04 bin=0.005 S_flip=0.212 t=68s
[P700_h120_pad0.080_s333] it  74 J=0.15523 A_min=0.1464 A_mean=0.1565 |g|=5.59e-04 bin=0.005 S_flip=0.213 t=69s
[P700_h120_pad0.080_s333] it  75 J=0.15524 A_min=0.1464 A_mean=0.1565 |g|=5.58e-04 bin=0.004 S_flip=0.213 t=70s
[P700_h120_pad0.080_s333] it  76 J=0.15525 A_min=0.1464 A_mean=0.1565 |g|=5.56e-04 bin=0.004 S_flip=0.213 t=71s
[P700_h120_pad0.080_s333] it  77 J=0.15526 A_min=0.1464 A_mean=0.1565 |g|=5.54e-04 bin=0.004 S_flip=0.213 t=72s
[P700_h120_pad0.080_s333] it  78 J=0.15527 A_min=0.1464 A_mean=0.1565 |g|=5.55e-04 bin=0.004 S_flip=0.213 t=73s
[P700_h120_pad0.080_s333] it  79 J=0.15527 A_min=0.1464 A_mean=0.1565 |g|=5.59e-04 bin=0.003 S_flip=0.213 t=74s
[P700_h120_pad0.080_s333] it  80 J=0.15528 A_min=0.1464 A_mean=0.1565 |g|=5.67e-04 bin=0.003 S_flip=0.213 t=75s
[P700_h120_pad0.080_s333] it  81 J=0.15529 A_min=0.1464 A_mean=0.1565 |g|=5.77e-04 bin=0.003 S_flip=0.213 t=75s
[P700_h120_pad0.080_s333] it  82 J=0.15529 A_min=0.1465 A_mean=0.1565 |g|=5.87e-04 bin=0.003 S_flip=0.213 t=76s
[P700_h120_pad0.080_s333] it  83 J=0.15530 A_min=0.1465 A_mean=0.1565 |g|=5.95e-04 bin=0.002 S_flip=0.213 t=77s
[P700_h120_pad0.080_s333] it  84 J=0.15530 A_min=0.1465 A_mean=0.1565 |g|=6.00e-04 bin=0.002 S_flip=0.214 t=78s
[P700_h120_pad0.080_s333] it  85 J=0.15531 A_min=0.1465 A_mean=0.1565 |g|=6.01e-04 bin=0.002 S_flip=0.214 t=79s
[P700_h120_pad0.080_s333] it  86 J=0.15531 A_min=0.1465 A_mean=0.1565 |g|=5.99e-04 bin=0.002 S_flip=0.214 t=80s
[P700_h120_pad0.080_s333] it  87 J=0.15531 A_min=0.1465 A_mean=0.1565 |g|=5.93e-04 bin=0.002 S_flip=0.214 t=81s
[P700_h120_pad0.080_s333] it  88 J=0.15532 A_min=0.1465 A_mean=0.1565 |g|=5.86e-04 bin=0.002 S_flip=0.214 t=82s
[P700_h120_pad0.080_s333] it  89 J=0.15532 A_min=0.1465 A_mean=0.1565 |g|=5.78e-04 bin=0.001 S_flip=0.214 t=83s
[P700_h120_pad0.080_s333] it  90 J=0.15532 A_min=0.1465 A_mean=0.1566 |g|=5.71e-04 bin=0.001 S_flip=0.214 t=84s
[P700_h120_pad0.080_s333] it  91 J=0.15532 A_min=0.1465 A_mean=0.1566 |g|=5.65e-04 bin=0.001 S_flip=0.214 t=85s
[P700_h120_pad0.080_s333] it  92 J=0.15532 A_min=0.1465 A_mean=0.1566 |g|=5.59e-04 bin=0.001 S_flip=0.214 t=86s
[P700_h120_pad0.080_s333] it  93 J=0.15532 A_min=0.1465 A_mean=0.1566 |g|=5.56e-04 bin=0.001 S_flip=0.214 t=87s
[P700_h120_pad0.080_s333] it  94 J=0.15533 A_min=0.1465 A_mean=0.1566 |g|=5.53e-04 bin=0.001 S_flip=0.215 t=88s
[P700_h120_pad0.080_s333] it  95 J=0.15533 A_min=0.1465 A_mean=0.1566 |g|=5.52e-04 bin=0.001 S_flip=0.215 t=88s
[P700_h120_pad0.080_s333] it  96 J=0.15533 A_min=0.1465 A_mean=0.1566 |g|=5.52e-04 bin=0.001 S_flip=0.215 t=89s
[P700_h120_pad0.080_s333] it  97 J=0.15533 A_min=0.1465 A_mean=0.1566 |g|=5.52e-04 bin=0.001 S_flip=0.215 t=90s
[P700_h120_pad0.080_s333] it  98 J=0.15533 A_min=0.1465 A_mean=0.1566 |g|=5.53e-04 bin=0.001 S_flip=0.215 t=91s
[P700_h120_pad0.080_s333] it  99 J=0.15533 A_min=0.1465 A_mean=0.1566 |g|=5.55e-04 bin=0.001 S_flip=0.215 t=92s
[P700_h120_pad0.080_s333] done: J_soft=0.15533 J_hard=0.15533 A_hard=[0.1465, 0.1746, 0.1485] S_flip=0.218 wall=93s
[P700_h120_pad0.080_s1001] it   0 J=0.08549 A_min=0.0780 A_mean=0.0864 |g|=1.43e-03 bin=0.656 S_flip=0.058 t=1s
[P700_h120_pad0.080_s1001] it   1 J=0.08594 A_min=0.0785 A_mean=0.0869 |g|=1.49e-03 bin=0.654 S_flip=0.059 t=2s
[P700_h120_pad0.080_s1001] it   2 J=0.08644 A_min=0.0789 A_mean=0.0874 |g|=1.56e-03 bin=0.652 S_flip=0.060 t=3s
[P700_h120_pad0.080_s1001] it   3 J=0.08699 A_min=0.0795 A_mean=0.0879 |g|=1.64e-03 bin=0.649 S_flip=0.061 t=4s
[P700_h120_pad0.080_s1001] it   4 J=0.08762 A_min=0.0801 A_mean=0.0886 |g|=1.72e-03 bin=0.646 S_flip=0.063 t=5s
[P700_h120_pad0.080_s1001] it   5 J=0.08833 A_min=0.0808 A_mean=0.0893 |g|=1.82e-03 bin=0.642 S_flip=0.064 t=5s
[P700_h120_pad0.080_s1001] it   6 J=0.08914 A_min=0.0815 A_mean=0.0901 |g|=1.93e-03 bin=0.638 S_flip=0.066 t=6s
[P700_h120_pad0.080_s1001] it   7 J=0.09007 A_min=0.0824 A_mean=0.0910 |g|=2.06e-03 bin=0.633 S_flip=0.067 t=7s
[P700_h120_pad0.080_s1001] it   8 J=0.09113 A_min=0.0835 A_mean=0.0921 |g|=2.20e-03 bin=0.627 S_flip=0.069 t=8s
[P700_h120_pad0.080_s1001] it   9 J=0.09236 A_min=0.0847 A_mean=0.0933 |g|=2.35e-03 bin=0.621 S_flip=0.071 t=9s
[P700_h120_pad0.080_s1001] it  10 J=0.09378 A_min=0.0860 A_mean=0.0947 |g|=2.52e-03 bin=0.614 S_flip=0.072 t=10s
[P700_h120_pad0.080_s1001] it  11 J=0.09542 A_min=0.0876 A_mean=0.0964 |g|=2.69e-03 bin=0.606 S_flip=0.074 t=11s
[P700_h120_pad0.080_s1001] it  12 J=0.09730 A_min=0.0895 A_mean=0.0983 |g|=2.88e-03 bin=0.596 S_flip=0.076 t=12s
[P700_h120_pad0.080_s1001] it  13 J=0.09945 A_min=0.0915 A_mean=0.1004 |g|=3.07e-03 bin=0.585 S_flip=0.077 t=13s
[P700_h120_pad0.080_s1001] it  14 J=0.10190 A_min=0.0939 A_mean=0.1029 |g|=3.25e-03 bin=0.572 S_flip=0.078 t=14s
[P700_h120_pad0.080_s1001] it  15 J=0.10466 A_min=0.0966 A_mean=0.1057 |g|=3.42e-03 bin=0.557 S_flip=0.079 t=15s
[P700_h120_pad0.080_s1001] it  16 J=0.10774 A_min=0.0996 A_mean=0.1087 |g|=3.56e-03 bin=0.539 S_flip=0.079 t=16s
[P700_h120_pad0.080_s1001] it  17 J=0.11110 A_min=0.1029 A_mean=0.1121 |g|=3.65e-03 bin=0.518 S_flip=0.080 t=17s
[P700_h120_pad0.080_s1001] it  18 J=0.11472 A_min=0.1064 A_mean=0.1158 |g|=3.68e-03 bin=0.494 S_flip=0.079 t=18s
[P700_h120_pad0.080_s1001] it  19 J=0.11852 A_min=0.1101 A_mean=0.1196 |g|=3.64e-03 bin=0.466 S_flip=0.079 t=19s
[P700_h120_pad0.080_s1001] it  20 J=0.12241 A_min=0.1139 A_mean=0.1235 |g|=3.52e-03 bin=0.436 S_flip=0.078 t=20s
[P700_h120_pad0.080_s1001] it  21 J=0.12627 A_min=0.1176 A_mean=0.1273 |g|=3.33e-03 bin=0.403 S_flip=0.078 t=20s
[P700_h120_pad0.080_s1001] it  22 J=0.13000 A_min=0.1212 A_mean=0.1311 |g|=3.08e-03 bin=0.369 S_flip=0.077 t=21s
[P700_h120_pad0.080_s1001] it  23 J=0.13349 A_min=0.1246 A_mean=0.1346 |g|=2.78e-03 bin=0.334 S_flip=0.077 t=22s
[P700_h120_pad0.080_s1001] it  24 J=0.13667 A_min=0.1277 A_mean=0.1378 |g|=2.48e-03 bin=0.300 S_flip=0.077 t=23s
[P700_h120_pad0.080_s1001] it  25 J=0.13948 A_min=0.1305 A_mean=0.1406 |g|=2.18e-03 bin=0.268 S_flip=0.078 t=24s
[P700_h120_pad0.080_s1001] it  26 J=0.14192 A_min=0.1329 A_mean=0.1431 |g|=1.90e-03 bin=0.238 S_flip=0.079 t=25s
[P700_h120_pad0.080_s1001] it  27 J=0.14399 A_min=0.1350 A_mean=0.1451 |g|=1.67e-03 bin=0.211 S_flip=0.080 t=26s
[P700_h120_pad0.080_s1001] it  28 J=0.14573 A_min=0.1367 A_mean=0.1469 |g|=1.47e-03 bin=0.187 S_flip=0.082 t=27s
[P700_h120_pad0.080_s1001] it  29 J=0.14719 A_min=0.1381 A_mean=0.1484 |g|=1.31e-03 bin=0.166 S_flip=0.084 t=28s
[P700_h120_pad0.080_s1001] it  30 J=0.14839 A_min=0.1393 A_mean=0.1496 |g|=1.18e-03 bin=0.147 S_flip=0.086 t=29s
[P700_h120_pad0.080_s1001] it  31 J=0.14939 A_min=0.1404 A_mean=0.1506 |g|=1.08e-03 bin=0.131 S_flip=0.089 t=30s
[P700_h120_pad0.080_s1001] it  32 J=0.15022 A_min=0.1412 A_mean=0.1514 |g|=1.00e-03 bin=0.118 S_flip=0.091 t=31s
[P700_h120_pad0.080_s1001] it  33 J=0.15091 A_min=0.1419 A_mean=0.1521 |g|=9.38e-04 bin=0.106 S_flip=0.094 t=32s
[P700_h120_pad0.080_s1001] it  34 J=0.15149 A_min=0.1425 A_mean=0.1527 |g|=8.87e-04 bin=0.096 S_flip=0.097 t=33s
[P700_h120_pad0.080_s1001] it  35 J=0.15199 A_min=0.1430 A_mean=0.1532 |g|=8.44e-04 bin=0.087 S_flip=0.100 t=34s
[P700_h120_pad0.080_s1001] it  36 J=0.15240 A_min=0.1434 A_mean=0.1536 |g|=8.08e-04 bin=0.079 S_flip=0.103 t=34s
[P700_h120_pad0.080_s1001] it  37 J=0.15276 A_min=0.1438 A_mean=0.1540 |g|=7.77e-04 bin=0.072 S_flip=0.106 t=35s
[P700_h120_pad0.080_s1001] it  38 J=0.15307 A_min=0.1441 A_mean=0.1543 |g|=7.50e-04 bin=0.066 S_flip=0.109 t=36s
[P700_h120_pad0.080_s1001] it  39 J=0.15334 A_min=0.1444 A_mean=0.1546 |g|=7.25e-04 bin=0.061 S_flip=0.112 t=37s
[P700_h120_pad0.080_s1001] it  40 J=0.15358 A_min=0.1446 A_mean=0.1548 |g|=7.03e-04 bin=0.056 S_flip=0.115 t=38s
[P700_h120_pad0.080_s1001] it  41 J=0.15378 A_min=0.1449 A_mean=0.1550 |g|=6.83e-04 bin=0.051 S_flip=0.118 t=39s
[P700_h120_pad0.080_s1001] it  42 J=0.15396 A_min=0.1450 A_mean=0.1552 |g|=6.64e-04 bin=0.048 S_flip=0.122 t=40s
[P700_h120_pad0.080_s1001] it  43 J=0.15412 A_min=0.1452 A_mean=0.1553 |g|=6.47e-04 bin=0.044 S_flip=0.125 t=41s
[P700_h120_pad0.080_s1001] it  44 J=0.15426 A_min=0.1454 A_mean=0.1555 |g|=6.31e-04 bin=0.041 S_flip=0.127 t=42s
[P700_h120_pad0.080_s1001] it  45 J=0.15439 A_min=0.1455 A_mean=0.1556 |g|=6.15e-04 bin=0.038 S_flip=0.130 t=43s
[P700_h120_pad0.080_s1001] it  46 J=0.15450 A_min=0.1456 A_mean=0.1557 |g|=6.01e-04 bin=0.035 S_flip=0.133 t=44s
[P700_h120_pad0.080_s1001] it  47 J=0.15460 A_min=0.1457 A_mean=0.1558 |g|=5.87e-04 bin=0.032 S_flip=0.136 t=45s
[P700_h120_pad0.080_s1001] it  48 J=0.15469 A_min=0.1458 A_mean=0.1559 |g|=5.74e-04 bin=0.030 S_flip=0.139 t=46s
[P700_h120_pad0.080_s1001] it  49 J=0.15477 A_min=0.1459 A_mean=0.1560 |g|=5.61e-04 bin=0.028 S_flip=0.141 t=47s
[P700_h120_pad0.080_s1001] it  50 J=0.15484 A_min=0.1460 A_mean=0.1561 |g|=5.49e-04 bin=0.026 S_flip=0.144 t=48s
[P700_h120_pad0.080_s1001] it  51 J=0.15490 A_min=0.1460 A_mean=0.1561 |g|=5.38e-04 bin=0.024 S_flip=0.146 t=49s
[P700_h120_pad0.080_s1001] it  52 J=0.15496 A_min=0.1461 A_mean=0.1562 |g|=5.26e-04 bin=0.022 S_flip=0.148 t=49s
[P700_h120_pad0.080_s1001] it  53 J=0.15501 A_min=0.1462 A_mean=0.1562 |g|=5.15e-04 bin=0.021 S_flip=0.150 t=50s
[P700_h120_pad0.080_s1001] it  54 J=0.15506 A_min=0.1462 A_mean=0.1563 |g|=5.05e-04 bin=0.019 S_flip=0.152 t=51s
[P700_h120_pad0.080_s1001] it  55 J=0.15510 A_min=0.1463 A_mean=0.1563 |g|=4.95e-04 bin=0.018 S_flip=0.154 t=52s
[P700_h120_pad0.080_s1001] it  56 J=0.15514 A_min=0.1463 A_mean=0.1564 |g|=4.86e-04 bin=0.016 S_flip=0.155 t=53s
[P700_h120_pad0.080_s1001] it  57 J=0.15517 A_min=0.1463 A_mean=0.1564 |g|=4.77e-04 bin=0.015 S_flip=0.156 t=54s
[P700_h120_pad0.080_s1001] it  58 J=0.15520 A_min=0.1464 A_mean=0.1564 |g|=4.69e-04 bin=0.014 S_flip=0.158 t=55s
[P700_h120_pad0.080_s1001] it  59 J=0.15523 A_min=0.1464 A_mean=0.1565 |g|=4.61e-04 bin=0.013 S_flip=0.159 t=56s
[P700_h120_pad0.080_s1001] it  60 J=0.15526 A_min=0.1464 A_mean=0.1565 |g|=4.54e-04 bin=0.012 S_flip=0.160 t=57s
[P700_h120_pad0.080_s1001] it  61 J=0.15528 A_min=0.1464 A_mean=0.1565 |g|=4.48e-04 bin=0.011 S_flip=0.161 t=58s
[P700_h120_pad0.080_s1001] it  62 J=0.15530 A_min=0.1465 A_mean=0.1565 |g|=4.42e-04 bin=0.010 S_flip=0.162 t=59s
[P700_h120_pad0.080_s1001] it  63 J=0.15532 A_min=0.1465 A_mean=0.1566 |g|=4.36e-04 bin=0.010 S_flip=0.163 t=60s
[P700_h120_pad0.080_s1001] it  64 J=0.15534 A_min=0.1465 A_mean=0.1566 |g|=4.31e-04 bin=0.009 S_flip=0.163 t=60s
[P700_h120_pad0.080_s1001] it  65 J=0.15535 A_min=0.1465 A_mean=0.1566 |g|=4.26e-04 bin=0.008 S_flip=0.164 t=61s
[P700_h120_pad0.080_s1001] it  66 J=0.15537 A_min=0.1465 A_mean=0.1566 |g|=4.22e-04 bin=0.008 S_flip=0.165 t=62s
[P700_h120_pad0.080_s1001] it  67 J=0.15538 A_min=0.1466 A_mean=0.1566 |g|=4.17e-04 bin=0.007 S_flip=0.166 t=63s
[P700_h120_pad0.080_s1001] it  68 J=0.15539 A_min=0.1466 A_mean=0.1566 |g|=4.13e-04 bin=0.007 S_flip=0.166 t=64s
[P700_h120_pad0.080_s1001] it  69 J=0.15540 A_min=0.1466 A_mean=0.1566 |g|=4.09e-04 bin=0.006 S_flip=0.167 t=65s
[P700_h120_pad0.080_s1001] it  70 J=0.15541 A_min=0.1466 A_mean=0.1567 |g|=4.05e-04 bin=0.006 S_flip=0.168 t=66s
[P700_h120_pad0.080_s1001] it  71 J=0.15542 A_min=0.1466 A_mean=0.1567 |g|=4.02e-04 bin=0.005 S_flip=0.168 t=67s
[P700_h120_pad0.080_s1001] it  72 J=0.15543 A_min=0.1466 A_mean=0.1567 |g|=4.00e-04 bin=0.005 S_flip=0.169 t=68s
[P700_h120_pad0.080_s1001] it  73 J=0.15544 A_min=0.1466 A_mean=0.1567 |g|=3.99e-04 bin=0.005 S_flip=0.170 t=69s
[P700_h120_pad0.080_s1001] it  74 J=0.15544 A_min=0.1466 A_mean=0.1567 |g|=3.99e-04 bin=0.004 S_flip=0.170 t=70s
[P700_h120_pad0.080_s1001] it  75 J=0.15545 A_min=0.1466 A_mean=0.1567 |g|=3.99e-04 bin=0.004 S_flip=0.171 t=71s
[P700_h120_pad0.080_s1001] it  76 J=0.15545 A_min=0.1466 A_mean=0.1567 |g|=4.01e-04 bin=0.004 S_flip=0.171 t=72s
[P700_h120_pad0.080_s1001] it  77 J=0.15546 A_min=0.1466 A_mean=0.1567 |g|=4.02e-04 bin=0.004 S_flip=0.172 t=72s
[P700_h120_pad0.080_s1001] it  78 J=0.15546 A_min=0.1467 A_mean=0.1567 |g|=4.04e-04 bin=0.003 S_flip=0.172 t=73s
[P700_h120_pad0.080_s1001] it  79 J=0.15547 A_min=0.1467 A_mean=0.1567 |g|=4.06e-04 bin=0.003 S_flip=0.173 t=74s
[P700_h120_pad0.080_s1001] it  80 J=0.15547 A_min=0.1467 A_mean=0.1567 |g|=4.06e-04 bin=0.003 S_flip=0.173 t=75s
[P700_h120_pad0.080_s1001] it  81 J=0.15548 A_min=0.1467 A_mean=0.1567 |g|=4.07e-04 bin=0.003 S_flip=0.173 t=76s
[P700_h120_pad0.080_s1001] it  82 J=0.15548 A_min=0.1467 A_mean=0.1567 |g|=4.06e-04 bin=0.003 S_flip=0.174 t=77s
[P700_h120_pad0.080_s1001] it  83 J=0.15548 A_min=0.1467 A_mean=0.1567 |g|=4.06e-04 bin=0.002 S_flip=0.174 t=78s
[P700_h120_pad0.080_s1001] it  84 J=0.15549 A_min=0.1467 A_mean=0.1567 |g|=4.06e-04 bin=0.002 S_flip=0.174 t=79s
[P700_h120_pad0.080_s1001] it  85 J=0.15549 A_min=0.1467 A_mean=0.1567 |g|=4.06e-04 bin=0.002 S_flip=0.175 t=80s
[P700_h120_pad0.080_s1001] it  86 J=0.15549 A_min=0.1467 A_mean=0.1567 |g|=4.08e-04 bin=0.002 S_flip=0.175 t=81s
[P700_h120_pad0.080_s1001] it  87 J=0.15549 A_min=0.1467 A_mean=0.1567 |g|=4.11e-04 bin=0.002 S_flip=0.175 t=82s
[P700_h120_pad0.080_s1001] it  88 J=0.15549 A_min=0.1467 A_mean=0.1567 |g|=4.15e-04 bin=0.002 S_flip=0.175 t=83s
[P700_h120_pad0.080_s1001] it  89 J=0.15550 A_min=0.1467 A_mean=0.1567 |g|=4.21e-04 bin=0.002 S_flip=0.175 t=84s
[P700_h120_pad0.080_s1001] it  90 J=0.15550 A_min=0.1467 A_mean=0.1567 |g|=4.27e-04 bin=0.001 S_flip=0.175 t=85s
[P700_h120_pad0.080_s1001] it  91 J=0.15550 A_min=0.1467 A_mean=0.1567 |g|=4.34e-04 bin=0.001 S_flip=0.176 t=86s
[P700_h120_pad0.080_s1001] it  92 J=0.15550 A_min=0.1467 A_mean=0.1567 |g|=4.42e-04 bin=0.001 S_flip=0.176 t=87s
[P700_h120_pad0.080_s1001] it  93 J=0.15550 A_min=0.1467 A_mean=0.1567 |g|=4.52e-04 bin=0.001 S_flip=0.176 t=88s
[P700_h120_pad0.080_s1001] it  94 J=0.15550 A_min=0.1467 A_mean=0.1567 |g|=4.62e-04 bin=0.001 S_flip=0.176 t=89s
[P700_h120_pad0.080_s1001] it  95 J=0.15550 A_min=0.1467 A_mean=0.1567 |g|=4.74e-04 bin=0.001 S_flip=0.176 t=90s
[P700_h120_pad0.080_s1001] it  96 J=0.15550 A_min=0.1467 A_mean=0.1567 |g|=4.87e-04 bin=0.001 S_flip=0.176 t=91s
[P700_h120_pad0.080_s1001] it  97 J=0.15550 A_min=0.1467 A_mean=0.1567 |g|=5.01e-04 bin=0.001 S_flip=0.176 t=92s
[P700_h120_pad0.080_s1001] it  98 J=0.15550 A_min=0.1467 A_mean=0.1567 |g|=5.18e-04 bin=0.001 S_flip=0.176 t=93s
[P700_h120_pad0.080_s1001] it  99 J=0.15551 A_min=0.1467 A_mean=0.1567 |g|=5.36e-04 bin=0.001 S_flip=0.176 t=94s
[P700_h120_pad0.080_s1001] done: J_soft=0.15551 J_hard=0.15551 A_hard=[0.1467, 0.175, 0.1486] S_flip=0.178 wall=95s
[P700_h120_pad0.080_s7777] it   0 J=0.08687 A_min=0.0794 A_mean=0.0878 |g|=1.44e-03 bin=0.658 S_flip=0.050 t=1s
[P700_h120_pad0.080_s7777] it   1 J=0.08738 A_min=0.0799 A_mean=0.0883 |g|=1.50e-03 bin=0.656 S_flip=0.051 t=2s
[P700_h120_pad0.080_s7777] it   2 J=0.08795 A_min=0.0804 A_mean=0.0889 |g|=1.57e-03 bin=0.653 S_flip=0.052 t=3s
[P700_h120_pad0.080_s7777] it   3 J=0.08858 A_min=0.0810 A_mean=0.0895 |g|=1.64e-03 bin=0.650 S_flip=0.053 t=4s
[P700_h120_pad0.080_s7777] it   4 J=0.08929 A_min=0.0817 A_mean=0.0902 |g|=1.73e-03 bin=0.647 S_flip=0.054 t=5s
[P700_h120_pad0.080_s7777] it   5 J=0.09009 A_min=0.0825 A_mean=0.0910 |g|=1.83e-03 bin=0.643 S_flip=0.055 t=6s
[P700_h120_pad0.080_s7777] it   6 J=0.09101 A_min=0.0834 A_mean=0.0920 |g|=1.94e-03 bin=0.638 S_flip=0.057 t=7s
[P700_h120_pad0.080_s7777] it   7 J=0.09205 A_min=0.0844 A_mean=0.0930 |g|=2.06e-03 bin=0.633 S_flip=0.058 t=8s
[P700_h120_pad0.080_s7777] it   8 J=0.09324 A_min=0.0855 A_mean=0.0942 |g|=2.19e-03 bin=0.627 S_flip=0.060 t=9s
[P700_h120_pad0.080_s7777] it   9 J=0.09460 A_min=0.0868 A_mean=0.0956 |g|=2.34e-03 bin=0.620 S_flip=0.061 t=10s
[P700_h120_pad0.080_s7777] it  10 J=0.09616 A_min=0.0884 A_mean=0.0971 |g|=2.49e-03 bin=0.611 S_flip=0.063 t=11s
[P700_h120_pad0.080_s7777] it  11 J=0.09794 A_min=0.0901 A_mean=0.0989 |g|=2.66e-03 bin=0.602 S_flip=0.064 t=12s
[P700_h120_pad0.080_s7777] it  12 J=0.09996 A_min=0.0920 A_mean=0.1009 |g|=2.82e-03 bin=0.591 S_flip=0.066 t=12s
[P700_h120_pad0.080_s7777] it  13 J=0.10225 A_min=0.0943 A_mean=0.1032 |g|=2.99e-03 bin=0.578 S_flip=0.067 t=13s
[P700_h120_pad0.080_s7777] it  14 J=0.10482 A_min=0.0967 A_mean=0.1058 |g|=3.14e-03 bin=0.563 S_flip=0.068 t=14s
[P700_h120_pad0.080_s7777] it  15 J=0.10767 A_min=0.0995 A_mean=0.1087 |g|=3.27e-03 bin=0.546 S_flip=0.069 t=15s
[P700_h120_pad0.080_s7777] it  16 J=0.11078 A_min=0.1025 A_mean=0.1118 |g|=3.36e-03 bin=0.526 S_flip=0.070 t=16s
[P700_h120_pad0.080_s7777] it  17 J=0.11413 A_min=0.1058 A_mean=0.1152 |g|=3.41e-03 bin=0.503 S_flip=0.070 t=17s
[P700_h120_pad0.080_s7777] it  18 J=0.11766 A_min=0.1092 A_mean=0.1187 |g|=3.40e-03 bin=0.477 S_flip=0.070 t=18s
[P700_h120_pad0.080_s7777] it  19 J=0.12129 A_min=0.1127 A_mean=0.1223 |g|=3.32e-03 bin=0.449 S_flip=0.070 t=19s
[P700_h120_pad0.080_s7777] it  20 J=0.12494 A_min=0.1162 A_mean=0.1260 |g|=3.18e-03 bin=0.417 S_flip=0.070 t=20s
[P700_h120_pad0.080_s7777] it  21 J=0.12850 A_min=0.1197 A_mean=0.1296 |g|=2.98e-03 bin=0.385 S_flip=0.069 t=21s
[P700_h120_pad0.080_s7777] it  22 J=0.13188 A_min=0.1230 A_mean=0.1330 |g|=2.74e-03 bin=0.351 S_flip=0.069 t=21s
[P700_h120_pad0.080_s7777] it  23 J=0.13501 A_min=0.1260 A_mean=0.1361 |g|=2.47e-03 bin=0.318 S_flip=0.069 t=22s
[P700_h120_pad0.080_s7777] it  24 J=0.13782 A_min=0.1288 A_mean=0.1389 |g|=2.20e-03 bin=0.285 S_flip=0.070 t=23s
[P700_h120_pad0.080_s7777] it  25 J=0.14030 A_min=0.1312 A_mean=0.1414 |g|=1.94e-03 bin=0.255 S_flip=0.070 t=24s
[P700_h120_pad0.080_s7777] it  26 J=0.14244 A_min=0.1333 A_mean=0.1436 |g|=1.71e-03 bin=0.227 S_flip=0.072 t=25s
[P700_h120_pad0.080_s7777] it  27 J=0.14426 A_min=0.1351 A_mean=0.1454 |g|=1.52e-03 bin=0.201 S_flip=0.073 t=26s
[P700_h120_pad0.080_s7777] it  28 J=0.14579 A_min=0.1366 A_mean=0.1469 |g|=1.36e-03 bin=0.179 S_flip=0.075 t=27s
[P700_h120_pad0.080_s7777] it  29 J=0.14707 A_min=0.1379 A_mean=0.1482 |g|=1.24e-03 bin=0.159 S_flip=0.077 t=28s
[P700_h120_pad0.080_s7777] it  30 J=0.14813 A_min=0.1390 A_mean=0.1493 |g|=1.15e-03 bin=0.142 S_flip=0.079 t=29s
[P700_h120_pad0.080_s7777] it  31 J=0.14902 A_min=0.1399 A_mean=0.1502 |g|=1.08e-03 bin=0.127 S_flip=0.082 t=29s
[P700_h120_pad0.080_s7777] it  32 J=0.14977 A_min=0.1406 A_mean=0.1509 |g|=1.03e-03 bin=0.114 S_flip=0.084 t=30s
[P700_h120_pad0.080_s7777] it  33 J=0.15040 A_min=0.1413 A_mean=0.1516 |g|=9.87e-04 bin=0.103 S_flip=0.086 t=31s
[P700_h120_pad0.080_s7777] it  34 J=0.15094 A_min=0.1418 A_mean=0.1521 |g|=9.53e-04 bin=0.093 S_flip=0.089 t=32s
[P700_h120_pad0.080_s7777] it  35 J=0.15140 A_min=0.1423 A_mean=0.1526 |g|=9.25e-04 bin=0.085 S_flip=0.091 t=33s
[P700_h120_pad0.080_s7777] it  36 J=0.15179 A_min=0.1427 A_mean=0.1530 |g|=9.00e-04 bin=0.077 S_flip=0.094 t=34s
[P700_h120_pad0.080_s7777] it  37 J=0.15214 A_min=0.1431 A_mean=0.1533 |g|=8.77e-04 bin=0.071 S_flip=0.097 t=35s
[P700_h120_pad0.080_s7777] it  38 J=0.15244 A_min=0.1434 A_mean=0.1536 |g|=8.55e-04 bin=0.065 S_flip=0.099 t=36s
[P700_h120_pad0.080_s7777] it  39 J=0.15271 A_min=0.1437 A_mean=0.1539 |g|=8.34e-04 bin=0.060 S_flip=0.102 t=37s
[P700_h120_pad0.080_s7777] it  40 J=0.15295 A_min=0.1439 A_mean=0.1541 |g|=8.14e-04 bin=0.055 S_flip=0.105 t=38s
[P700_h120_pad0.080_s7777] it  41 J=0.15316 A_min=0.1441 A_mean=0.1544 |g|=7.94e-04 bin=0.051 S_flip=0.107 t=38s
[P700_h120_pad0.080_s7777] it  42 J=0.15335 A_min=0.1443 A_mean=0.1545 |g|=7.74e-04 bin=0.047 S_flip=0.110 t=39s
[P700_h120_pad0.080_s7777] it  43 J=0.15352 A_min=0.1445 A_mean=0.1547 |g|=7.55e-04 bin=0.043 S_flip=0.113 t=40s
[P700_h120_pad0.080_s7777] it  44 J=0.15367 A_min=0.1447 A_mean=0.1549 |g|=7.36e-04 bin=0.040 S_flip=0.115 t=41s
[P700_h120_pad0.080_s7777] it  45 J=0.15380 A_min=0.1448 A_mean=0.1550 |g|=7.18e-04 bin=0.037 S_flip=0.118 t=42s
[P700_h120_pad0.080_s7777] it  46 J=0.15392 A_min=0.1449 A_mean=0.1551 |g|=7.01e-04 bin=0.035 S_flip=0.120 t=43s
[P700_h120_pad0.080_s7777] it  47 J=0.15403 A_min=0.1451 A_mean=0.1552 |g|=6.84e-04 bin=0.032 S_flip=0.123 t=44s
[P700_h120_pad0.080_s7777] it  48 J=0.15413 A_min=0.1452 A_mean=0.1553 |g|=6.69e-04 bin=0.030 S_flip=0.125 t=44s
[P700_h120_pad0.080_s7777] it  49 J=0.15422 A_min=0.1453 A_mean=0.1554 |g|=6.54e-04 bin=0.028 S_flip=0.127 t=45s
[P700_h120_pad0.080_s7777] it  50 J=0.15430 A_min=0.1453 A_mean=0.1555 |g|=6.40e-04 bin=0.026 S_flip=0.130 t=46s
[P700_h120_pad0.080_s7777] it  51 J=0.15437 A_min=0.1454 A_mean=0.1556 |g|=6.28e-04 bin=0.024 S_flip=0.132 t=47s
[P700_h120_pad0.080_s7777] it  52 J=0.15444 A_min=0.1455 A_mean=0.1556 |g|=6.17e-04 bin=0.023 S_flip=0.134 t=48s
[P700_h120_pad0.080_s7777] it  53 J=0.15450 A_min=0.1455 A_mean=0.1557 |g|=6.07e-04 bin=0.021 S_flip=0.136 t=49s
[P700_h120_pad0.080_s7777] it  54 J=0.15455 A_min=0.1456 A_mean=0.1558 |g|=5.98e-04 bin=0.020 S_flip=0.138 t=50s
[P700_h120_pad0.080_s7777] it  55 J=0.15460 A_min=0.1457 A_mean=0.1558 |g|=5.91e-04 bin=0.019 S_flip=0.139 t=51s
[P700_h120_pad0.080_s7777] it  56 J=0.15465 A_min=0.1457 A_mean=0.1559 |g|=5.85e-04 bin=0.017 S_flip=0.141 t=52s
[P700_h120_pad0.080_s7777] it  57 J=0.15469 A_min=0.1458 A_mean=0.1559 |g|=5.80e-04 bin=0.016 S_flip=0.143 t=53s
[P700_h120_pad0.080_s7777] it  58 J=0.15473 A_min=0.1458 A_mean=0.1559 |g|=5.76e-04 bin=0.015 S_flip=0.144 t=54s
[P700_h120_pad0.080_s7777] it  59 J=0.15476 A_min=0.1458 A_mean=0.1560 |g|=5.72e-04 bin=0.014 S_flip=0.146 t=55s
[P700_h120_pad0.080_s7777] it  60 J=0.15480 A_min=0.1459 A_mean=0.1560 |g|=5.69e-04 bin=0.013 S_flip=0.148 t=56s
[P700_h120_pad0.080_s7777] it  61 J=0.15483 A_min=0.1459 A_mean=0.1560 |g|=5.66e-04 bin=0.013 S_flip=0.149 t=56s
[P700_h120_pad0.080_s7777] it  62 J=0.15486 A_min=0.1459 A_mean=0.1561 |g|=5.64e-04 bin=0.012 S_flip=0.151 t=57s
[P700_h120_pad0.080_s7777] it  63 J=0.15488 A_min=0.1460 A_mean=0.1561 |g|=5.62e-04 bin=0.011 S_flip=0.152 t=58s
[P700_h120_pad0.080_s7777] it  64 J=0.15491 A_min=0.1460 A_mean=0.1561 |g|=5.60e-04 bin=0.010 S_flip=0.153 t=59s
[P700_h120_pad0.080_s7777] it  65 J=0.15493 A_min=0.1460 A_mean=0.1561 |g|=5.58e-04 bin=0.010 S_flip=0.155 t=60s
[P700_h120_pad0.080_s7777] it  66 J=0.15495 A_min=0.1460 A_mean=0.1562 |g|=5.56e-04 bin=0.009 S_flip=0.156 t=61s
[P700_h120_pad0.080_s7777] it  67 J=0.15497 A_min=0.1461 A_mean=0.1562 |g|=5.54e-04 bin=0.008 S_flip=0.157 t=62s
[P700_h120_pad0.080_s7777] it  68 J=0.15499 A_min=0.1461 A_mean=0.1562 |g|=5.51e-04 bin=0.008 S_flip=0.158 t=63s
[P700_h120_pad0.080_s7777] it  69 J=0.15501 A_min=0.1461 A_mean=0.1562 |g|=5.46e-04 bin=0.007 S_flip=0.159 t=63s
[P700_h120_pad0.080_s7777] it  70 J=0.15503 A_min=0.1461 A_mean=0.1562 |g|=5.40e-04 bin=0.007 S_flip=0.160 t=64s
[P700_h120_pad0.080_s7777] it  71 J=0.15504 A_min=0.1461 A_mean=0.1563 |g|=5.33e-04 bin=0.006 S_flip=0.161 t=65s
[P700_h120_pad0.080_s7777] it  72 J=0.15505 A_min=0.1462 A_mean=0.1563 |g|=5.25e-04 bin=0.006 S_flip=0.162 t=66s
[P700_h120_pad0.080_s7777] it  73 J=0.15506 A_min=0.1462 A_mean=0.1563 |g|=5.17e-04 bin=0.005 S_flip=0.163 t=67s
[P700_h120_pad0.080_s7777] it  74 J=0.15508 A_min=0.1462 A_mean=0.1563 |g|=5.09e-04 bin=0.005 S_flip=0.163 t=68s
[P700_h120_pad0.080_s7777] it  75 J=0.15509 A_min=0.1462 A_mean=0.1563 |g|=5.01e-04 bin=0.005 S_flip=0.164 t=69s
[P700_h120_pad0.080_s7777] it  76 J=0.15509 A_min=0.1462 A_mean=0.1563 |g|=4.95e-04 bin=0.004 S_flip=0.164 t=70s
[P700_h120_pad0.080_s7777] it  77 J=0.15510 A_min=0.1462 A_mean=0.1563 |g|=4.89e-04 bin=0.004 S_flip=0.165 t=71s
[P700_h120_pad0.080_s7777] it  78 J=0.15511 A_min=0.1462 A_mean=0.1563 |g|=4.84e-04 bin=0.004 S_flip=0.165 t=72s
[P700_h120_pad0.080_s7777] it  79 J=0.15512 A_min=0.1462 A_mean=0.1563 |g|=4.79e-04 bin=0.003 S_flip=0.166 t=73s
[P700_h120_pad0.080_s7777] it  80 J=0.15512 A_min=0.1462 A_mean=0.1563 |g|=4.74e-04 bin=0.003 S_flip=0.166 t=74s
[P700_h120_pad0.080_s7777] it  81 J=0.15513 A_min=0.1462 A_mean=0.1563 |g|=4.70e-04 bin=0.003 S_flip=0.167 t=75s
[P700_h120_pad0.080_s7777] it  82 J=0.15513 A_min=0.1462 A_mean=0.1563 |g|=4.68e-04 bin=0.003 S_flip=0.167 t=76s
[P700_h120_pad0.080_s7777] it  83 J=0.15513 A_min=0.1462 A_mean=0.1564 |g|=4.67e-04 bin=0.003 S_flip=0.167 t=77s
[P700_h120_pad0.080_s7777] it  84 J=0.15514 A_min=0.1463 A_mean=0.1564 |g|=4.69e-04 bin=0.002 S_flip=0.167 t=78s
[P700_h120_pad0.080_s7777] it  85 J=0.15514 A_min=0.1463 A_mean=0.1564 |g|=4.74e-04 bin=0.002 S_flip=0.168 t=78s
[P700_h120_pad0.080_s7777] it  86 J=0.15514 A_min=0.1463 A_mean=0.1564 |g|=4.83e-04 bin=0.002 S_flip=0.168 t=79s
[P700_h120_pad0.080_s7777] it  87 J=0.15515 A_min=0.1463 A_mean=0.1564 |g|=4.95e-04 bin=0.002 S_flip=0.168 t=80s
[P700_h120_pad0.080_s7777] it  88 J=0.15515 A_min=0.1463 A_mean=0.1564 |g|=5.09e-04 bin=0.002 S_flip=0.168 t=81s
[P700_h120_pad0.080_s7777] it  89 J=0.15515 A_min=0.1463 A_mean=0.1564 |g|=5.25e-04 bin=0.002 S_flip=0.168 t=82s
[P700_h120_pad0.080_s7777] it  90 J=0.15515 A_min=0.1463 A_mean=0.1564 |g|=5.41e-04 bin=0.002 S_flip=0.169 t=83s
[P700_h120_pad0.080_s7777] it  91 J=0.15515 A_min=0.1463 A_mean=0.1564 |g|=5.56e-04 bin=0.001 S_flip=0.169 t=84s
[P700_h120_pad0.080_s7777] it  92 J=0.15516 A_min=0.1463 A_mean=0.1564 |g|=5.70e-04 bin=0.001 S_flip=0.169 t=85s
[P700_h120_pad0.080_s7777] it  93 J=0.15516 A_min=0.1463 A_mean=0.1564 |g|=5.82e-04 bin=0.001 S_flip=0.169 t=86s
[P700_h120_pad0.080_s7777] it  94 J=0.15516 A_min=0.1463 A_mean=0.1564 |g|=5.92e-04 bin=0.001 S_flip=0.169 t=87s
[P700_h120_pad0.080_s7777] it  95 J=0.15516 A_min=0.1463 A_mean=0.1564 |g|=6.01e-04 bin=0.001 S_flip=0.169 t=88s
[P700_h120_pad0.080_s7777] it  96 J=0.15516 A_min=0.1463 A_mean=0.1564 |g|=6.09e-04 bin=0.001 S_flip=0.170 t=89s
[P700_h120_pad0.080_s7777] it  97 J=0.15516 A_min=0.1463 A_mean=0.1564 |g|=6.19e-04 bin=0.001 S_flip=0.170 t=90s
[P700_h120_pad0.080_s7777] it  98 J=0.15516 A_min=0.1463 A_mean=0.1564 |g|=6.30e-04 bin=0.001 S_flip=0.170 t=91s
[P700_h120_pad0.080_s7777] it  99 J=0.15516 A_min=0.1463 A_mean=0.1564 |g|=6.43e-04 bin=0.001 S_flip=0.170 t=92s
[P700_h120_pad0.080_s7777] done: J_soft=0.15516 J_hard=0.15516 A_hard=[0.1463, 0.1744, 0.1485] S_flip=0.173 wall=93s
[P700_h120_pad0.120_s333] it   0 J=0.08915 A_min=0.0813 A_mean=0.0901 |g|=1.73e-03 bin=0.536 S_flip=0.057 t=1s
[P700_h120_pad0.120_s333] it   1 J=0.08972 A_min=0.0818 A_mean=0.0907 |g|=1.80e-03 bin=0.535 S_flip=0.058 t=2s
[P700_h120_pad0.120_s333] it   2 J=0.09035 A_min=0.0824 A_mean=0.0913 |g|=1.88e-03 bin=0.532 S_flip=0.059 t=3s
[P700_h120_pad0.120_s333] it   3 J=0.09106 A_min=0.0831 A_mean=0.0920 |g|=1.96e-03 bin=0.530 S_flip=0.060 t=4s
[P700_h120_pad0.120_s333] it   4 J=0.09185 A_min=0.0839 A_mean=0.0928 |g|=2.06e-03 bin=0.527 S_flip=0.062 t=5s
[P700_h120_pad0.120_s333] it   5 J=0.09274 A_min=0.0847 A_mean=0.0937 |g|=2.17e-03 bin=0.524 S_flip=0.063 t=6s
[P700_h120_pad0.120_s333] it   6 J=0.09376 A_min=0.0857 A_mean=0.0947 |g|=2.29e-03 bin=0.519 S_flip=0.065 t=7s
[P700_h120_pad0.120_s333] it   7 J=0.09493 A_min=0.0869 A_mean=0.0959 |g|=2.42e-03 bin=0.515 S_flip=0.066 t=8s
[P700_h120_pad0.120_s333] it   8 J=0.09626 A_min=0.0882 A_mean=0.0973 |g|=2.56e-03 bin=0.509 S_flip=0.068 t=9s
[P700_h120_pad0.120_s333] it   9 J=0.09780 A_min=0.0897 A_mean=0.0988 |g|=2.71e-03 bin=0.503 S_flip=0.070 t=10s
[P700_h120_pad0.120_s333] it  10 J=0.09956 A_min=0.0914 A_mean=0.1006 |g|=2.86e-03 bin=0.495 S_flip=0.072 t=11s
[P700_h120_pad0.120_s333] it  11 J=0.10157 A_min=0.0933 A_mean=0.1026 |g|=3.02e-03 bin=0.486 S_flip=0.074 t=12s
[P700_h120_pad0.120_s333] it  12 J=0.10385 A_min=0.0955 A_mean=0.1049 |g|=3.17e-03 bin=0.475 S_flip=0.076 t=13s
[P700_h120_pad0.120_s333] it  13 J=0.10641 A_min=0.0980 A_mean=0.1074 |g|=3.31e-03 bin=0.463 S_flip=0.077 t=14s
[P700_h120_pad0.120_s333] it  14 J=0.10926 A_min=0.1008 A_mean=0.1103 |g|=3.42e-03 bin=0.448 S_flip=0.079 t=15s
[P700_h120_pad0.120_s333] it  15 J=0.11236 A_min=0.1038 A_mean=0.1134 |g|=3.50e-03 bin=0.431 S_flip=0.081 t=16s
[P700_h120_pad0.120_s333] it  16 J=0.11570 A_min=0.1071 A_mean=0.1167 |g|=3.52e-03 bin=0.411 S_flip=0.082 t=17s
[P700_h120_pad0.120_s333] it  17 J=0.11920 A_min=0.1105 A_mean=0.1203 |g|=3.49e-03 bin=0.388 S_flip=0.084 t=17s
[P700_h120_pad0.120_s333] it  18 J=0.12280 A_min=0.1140 A_mean=0.1239 |g|=3.39e-03 bin=0.364 S_flip=0.085 t=18s
[P700_h120_pad0.120_s333] it  19 J=0.12638 A_min=0.1175 A_mean=0.1274 |g|=3.23e-03 bin=0.337 S_flip=0.087 t=19s
[P700_h120_pad0.120_s333] it  20 J=0.12986 A_min=0.1208 A_mean=0.1309 |g|=3.02e-03 bin=0.309 S_flip=0.088 t=20s
[P700_h120_pad0.120_s333] it  21 J=0.13314 A_min=0.1241 A_mean=0.1342 |g|=2.78e-03 bin=0.281 S_flip=0.089 t=21s
[P700_h120_pad0.120_s333] it  22 J=0.13614 A_min=0.1270 A_mean=0.1372 |g|=2.51e-03 bin=0.253 S_flip=0.091 t=22s
[P700_h120_pad0.120_s333] it  23 J=0.13883 A_min=0.1296 A_mean=0.1399 |g|=2.24e-03 bin=0.226 S_flip=0.092 t=23s
[P700_h120_pad0.120_s333] it  24 J=0.14118 A_min=0.1319 A_mean=0.1423 |g|=1.98e-03 bin=0.202 S_flip=0.094 t=24s
[P700_h120_pad0.120_s333] it  25 J=0.14319 A_min=0.1339 A_mean=0.1443 |g|=1.75e-03 bin=0.179 S_flip=0.096 t=25s
[P700_h120_pad0.120_s333] it  26 J=0.14488 A_min=0.1356 A_mean=0.1460 |g|=1.54e-03 bin=0.159 S_flip=0.098 t=26s
[P700_h120_pad0.120_s333] it  27 J=0.14629 A_min=0.1370 A_mean=0.1474 |g|=1.37e-03 bin=0.141 S_flip=0.101 t=27s
[P700_h120_pad0.120_s333] it  28 J=0.14745 A_min=0.1382 A_mean=0.1486 |g|=1.21e-03 bin=0.125 S_flip=0.104 t=27s
[P700_h120_pad0.120_s333] it  29 J=0.14841 A_min=0.1391 A_mean=0.1495 |g|=1.09e-03 bin=0.112 S_flip=0.106 t=28s
[P700_h120_pad0.120_s333] it  30 J=0.14919 A_min=0.1399 A_mean=0.1503 |g|=9.78e-04 bin=0.100 S_flip=0.109 t=29s
[P700_h120_pad0.120_s333] it  31 J=0.14983 A_min=0.1406 A_mean=0.1510 |g|=8.87e-04 bin=0.090 S_flip=0.113 t=30s
[P700_h120_pad0.120_s333] it  32 J=0.15037 A_min=0.1411 A_mean=0.1515 |g|=8.10e-04 bin=0.082 S_flip=0.116 t=31s
[P700_h120_pad0.120_s333] it  33 J=0.15081 A_min=0.1415 A_mean=0.1520 |g|=7.45e-04 bin=0.074 S_flip=0.119 t=32s
[P700_h120_pad0.120_s333] it  34 J=0.15118 A_min=0.1419 A_mean=0.1523 |g|=6.91e-04 bin=0.067 S_flip=0.123 t=33s
[P700_h120_pad0.120_s333] it  35 J=0.15149 A_min=0.1422 A_mean=0.1526 |g|=6.45e-04 bin=0.062 S_flip=0.126 t=33s
[P700_h120_pad0.120_s333] it  36 J=0.15175 A_min=0.1425 A_mean=0.1529 |g|=6.07e-04 bin=0.056 S_flip=0.129 t=34s
[P700_h120_pad0.120_s333] it  37 J=0.15198 A_min=0.1427 A_mean=0.1531 |g|=5.74e-04 bin=0.052 S_flip=0.133 t=35s
[P700_h120_pad0.120_s333] it  38 J=0.15217 A_min=0.1429 A_mean=0.1533 |g|=5.47e-04 bin=0.048 S_flip=0.136 t=36s
[P700_h120_pad0.120_s333] it  39 J=0.15234 A_min=0.1431 A_mean=0.1535 |g|=5.24e-04 bin=0.044 S_flip=0.140 t=37s
[P700_h120_pad0.120_s333] it  40 J=0.15248 A_min=0.1433 A_mean=0.1536 |g|=5.05e-04 bin=0.040 S_flip=0.143 t=38s
[P700_h120_pad0.120_s333] it  41 J=0.15261 A_min=0.1434 A_mean=0.1538 |g|=4.90e-04 bin=0.037 S_flip=0.147 t=39s
[P700_h120_pad0.120_s333] it  42 J=0.15272 A_min=0.1435 A_mean=0.1539 |g|=4.77e-04 bin=0.035 S_flip=0.150 t=40s
[P700_h120_pad0.120_s333] it  43 J=0.15282 A_min=0.1436 A_mean=0.1540 |g|=4.66e-04 bin=0.032 S_flip=0.153 t=41s
[P700_h120_pad0.120_s333] it  44 J=0.15290 A_min=0.1437 A_mean=0.1541 |g|=4.58e-04 bin=0.030 S_flip=0.156 t=42s
[P700_h120_pad0.120_s333] it  45 J=0.15298 A_min=0.1438 A_mean=0.1541 |g|=4.51e-04 bin=0.028 S_flip=0.159 t=43s
[P700_h120_pad0.120_s333] it  46 J=0.15305 A_min=0.1438 A_mean=0.1542 |g|=4.46e-04 bin=0.026 S_flip=0.162 t=44s
[P700_h120_pad0.120_s333] it  47 J=0.15311 A_min=0.1439 A_mean=0.1543 |g|=4.41e-04 bin=0.024 S_flip=0.165 t=45s
[P700_h120_pad0.120_s333] it  48 J=0.15317 A_min=0.1440 A_mean=0.1543 |g|=4.35e-04 bin=0.022 S_flip=0.168 t=46s
[P700_h120_pad0.120_s333] it  49 J=0.15322 A_min=0.1440 A_mean=0.1544 |g|=4.29e-04 bin=0.020 S_flip=0.171 t=47s
[P700_h120_pad0.120_s333] it  50 J=0.15326 A_min=0.1441 A_mean=0.1544 |g|=4.21e-04 bin=0.019 S_flip=0.174 t=48s
[P700_h120_pad0.120_s333] it  51 J=0.15331 A_min=0.1441 A_mean=0.1545 |g|=4.10e-04 bin=0.017 S_flip=0.176 t=49s
[P700_h120_pad0.120_s333] it  52 J=0.15334 A_min=0.1442 A_mean=0.1545 |g|=3.97e-04 bin=0.016 S_flip=0.179 t=50s
[P700_h120_pad0.120_s333] it  53 J=0.15338 A_min=0.1442 A_mean=0.1545 |g|=3.82e-04 bin=0.015 S_flip=0.182 t=50s
[P700_h120_pad0.120_s333] it  54 J=0.15341 A_min=0.1442 A_mean=0.1546 |g|=3.65e-04 bin=0.013 S_flip=0.185 t=51s
[P700_h120_pad0.120_s333] it  55 J=0.15344 A_min=0.1443 A_mean=0.1546 |g|=3.47e-04 bin=0.012 S_flip=0.188 t=52s
[P700_h120_pad0.120_s333] it  56 J=0.15346 A_min=0.1443 A_mean=0.1546 |g|=3.29e-04 bin=0.011 S_flip=0.190 t=53s
[P700_h120_pad0.120_s333] it  57 J=0.15348 A_min=0.1443 A_mean=0.1546 |g|=3.13e-04 bin=0.010 S_flip=0.193 t=54s
[P700_h120_pad0.120_s333] it  58 J=0.15350 A_min=0.1443 A_mean=0.1547 |g|=2.98e-04 bin=0.009 S_flip=0.195 t=55s
[P700_h120_pad0.120_s333] it  59 J=0.15352 A_min=0.1443 A_mean=0.1547 |g|=2.86e-04 bin=0.008 S_flip=0.197 t=56s
[P700_h120_pad0.120_s333] it  60 J=0.15353 A_min=0.1444 A_mean=0.1547 |g|=2.77e-04 bin=0.008 S_flip=0.198 t=57s
[P700_h120_pad0.120_s333] it  61 J=0.15354 A_min=0.1444 A_mean=0.1547 |g|=2.70e-04 bin=0.007 S_flip=0.200 t=58s
[P700_h120_pad0.120_s333] it  62 J=0.15355 A_min=0.1444 A_mean=0.1547 |g|=2.65e-04 bin=0.006 S_flip=0.201 t=59s
[P700_h120_pad0.120_s333] it  63 J=0.15356 A_min=0.1444 A_mean=0.1547 |g|=2.63e-04 bin=0.006 S_flip=0.202 t=60s
[P700_h120_pad0.120_s333] it  64 J=0.15357 A_min=0.1444 A_mean=0.1547 |g|=2.62e-04 bin=0.005 S_flip=0.203 t=61s
[P700_h120_pad0.120_s333] it  65 J=0.15357 A_min=0.1444 A_mean=0.1547 |g|=2.63e-04 bin=0.005 S_flip=0.204 t=62s
[P700_h120_pad0.120_s333] it  66 J=0.15358 A_min=0.1444 A_mean=0.1547 |g|=2.66e-04 bin=0.005 S_flip=0.205 t=63s
[P700_h120_pad0.120_s333] it  67 J=0.15358 A_min=0.1444 A_mean=0.1547 |g|=2.71e-04 bin=0.004 S_flip=0.206 t=64s
[P700_h120_pad0.120_s333] it  68 J=0.15359 A_min=0.1444 A_mean=0.1548 |g|=2.78e-04 bin=0.004 S_flip=0.207 t=64s
[P700_h120_pad0.120_s333] it  69 J=0.15359 A_min=0.1444 A_mean=0.1548 |g|=2.88e-04 bin=0.004 S_flip=0.207 t=65s
[P700_h120_pad0.120_s333] it  70 J=0.15360 A_min=0.1444 A_mean=0.1548 |g|=3.01e-04 bin=0.004 S_flip=0.208 t=66s
[P700_h120_pad0.120_s333] it  71 J=0.15360 A_min=0.1444 A_mean=0.1548 |g|=3.19e-04 bin=0.003 S_flip=0.208 t=67s
[P700_h120_pad0.120_s333] it  72 J=0.15360 A_min=0.1444 A_mean=0.1548 |g|=3.41e-04 bin=0.003 S_flip=0.209 t=68s
[P700_h120_pad0.120_s333] it  73 J=0.15361 A_min=0.1444 A_mean=0.1548 |g|=3.70e-04 bin=0.003 S_flip=0.209 t=69s
[P700_h120_pad0.120_s333] it  74 J=0.15361 A_min=0.1444 A_mean=0.1548 |g|=4.04e-04 bin=0.003 S_flip=0.209 t=70s
[P700_h120_pad0.120_s333] it  75 J=0.15362 A_min=0.1445 A_mean=0.1548 |g|=4.44e-04 bin=0.003 S_flip=0.209 t=71s
[P700_h120_pad0.120_s333] it  76 J=0.15362 A_min=0.1445 A_mean=0.1548 |g|=4.89e-04 bin=0.003 S_flip=0.209 t=72s
[P700_h120_pad0.120_s333] it  77 J=0.15362 A_min=0.1445 A_mean=0.1548 |g|=5.32e-04 bin=0.002 S_flip=0.209 t=73s
[P700_h120_pad0.120_s333] it  78 J=0.15363 A_min=0.1445 A_mean=0.1548 |g|=5.68e-04 bin=0.002 S_flip=0.209 t=74s
[P700_h120_pad0.120_s333] it  79 J=0.15363 A_min=0.1445 A_mean=0.1548 |g|=5.88e-04 bin=0.002 S_flip=0.209 t=74s
[P700_h120_pad0.120_s333] it  80 J=0.15364 A_min=0.1445 A_mean=0.1548 |g|=5.89e-04 bin=0.002 S_flip=0.209 t=75s
[P700_h120_pad0.120_s333] it  81 J=0.15364 A_min=0.1445 A_mean=0.1548 |g|=5.72e-04 bin=0.002 S_flip=0.209 t=76s
[P700_h120_pad0.120_s333] it  82 J=0.15365 A_min=0.1445 A_mean=0.1548 |g|=5.44e-04 bin=0.002 S_flip=0.209 t=77s
[P700_h120_pad0.120_s333] it  83 J=0.15365 A_min=0.1445 A_mean=0.1548 |g|=5.10e-04 bin=0.002 S_flip=0.209 t=78s
[P700_h120_pad0.120_s333] it  84 J=0.15366 A_min=0.1445 A_mean=0.1548 |g|=4.78e-04 bin=0.001 S_flip=0.209 t=79s
[P700_h120_pad0.120_s333] it  85 J=0.15366 A_min=0.1445 A_mean=0.1548 |g|=4.50e-04 bin=0.001 S_flip=0.209 t=80s
[P700_h120_pad0.120_s333] it  86 J=0.15366 A_min=0.1445 A_mean=0.1548 |g|=4.25e-04 bin=0.001 S_flip=0.209 t=81s
[P700_h120_pad0.120_s333] it  87 J=0.15367 A_min=0.1445 A_mean=0.1548 |g|=4.04e-04 bin=0.001 S_flip=0.209 t=82s
[P700_h120_pad0.120_s333] it  88 J=0.15367 A_min=0.1445 A_mean=0.1548 |g|=3.85e-04 bin=0.001 S_flip=0.209 t=83s
[P700_h120_pad0.120_s333] it  89 J=0.15367 A_min=0.1445 A_mean=0.1548 |g|=3.67e-04 bin=0.001 S_flip=0.210 t=83s
[P700_h120_pad0.120_s333] it  90 J=0.15367 A_min=0.1445 A_mean=0.1548 |g|=3.51e-04 bin=0.001 S_flip=0.210 t=84s
[P700_h120_pad0.120_s333] it  91 J=0.15367 A_min=0.1445 A_mean=0.1548 |g|=3.36e-04 bin=0.001 S_flip=0.210 t=85s
[P700_h120_pad0.120_s333] it  92 J=0.15367 A_min=0.1445 A_mean=0.1548 |g|=3.23e-04 bin=0.001 S_flip=0.210 t=86s
[P700_h120_pad0.120_s333] it  93 J=0.15367 A_min=0.1445 A_mean=0.1548 |g|=3.12e-04 bin=0.001 S_flip=0.210 t=87s
[P700_h120_pad0.120_s333] it  94 J=0.15367 A_min=0.1445 A_mean=0.1548 |g|=3.03e-04 bin=0.001 S_flip=0.210 t=87s
[P700_h120_pad0.120_s333] it  95 J=0.15367 A_min=0.1445 A_mean=0.1548 |g|=2.95e-04 bin=0.001 S_flip=0.210 t=88s
[P700_h120_pad0.120_s333] it  96 J=0.15367 A_min=0.1445 A_mean=0.1548 |g|=2.89e-04 bin=0.000 S_flip=0.210 t=89s
[P700_h120_pad0.120_s333] it  97 J=0.15367 A_min=0.1445 A_mean=0.1548 |g|=2.83e-04 bin=0.000 S_flip=0.211 t=90s
[P700_h120_pad0.120_s333] it  98 J=0.15367 A_min=0.1445 A_mean=0.1548 |g|=2.78e-04 bin=0.000 S_flip=0.211 t=91s
[P700_h120_pad0.120_s333] it  99 J=0.15367 A_min=0.1445 A_mean=0.1548 |g|=2.71e-04 bin=0.000 S_flip=0.211 t=92s
[P700_h120_pad0.120_s333] done: J_soft=0.15367 J_hard=0.15367 A_hard=[0.1445, 0.1724, 0.1476] S_flip=0.212 wall=93s
[P700_h120_pad0.120_s1001] it   0 J=0.08813 A_min=0.0803 A_mean=0.0891 |g|=1.72e-03 bin=0.536 S_flip=0.053 t=1s
[P700_h120_pad0.120_s1001] it   1 J=0.08866 A_min=0.0808 A_mean=0.0896 |g|=1.79e-03 bin=0.534 S_flip=0.054 t=2s
[P700_h120_pad0.120_s1001] it   2 J=0.08924 A_min=0.0814 A_mean=0.0902 |g|=1.87e-03 bin=0.532 S_flip=0.055 t=3s
[P700_h120_pad0.120_s1001] it   3 J=0.08989 A_min=0.0820 A_mean=0.0909 |g|=1.96e-03 bin=0.530 S_flip=0.056 t=4s
[P700_h120_pad0.120_s1001] it   4 J=0.09062 A_min=0.0827 A_mean=0.0916 |g|=2.05e-03 bin=0.527 S_flip=0.057 t=5s
[P700_h120_pad0.120_s1001] it   5 J=0.09144 A_min=0.0835 A_mean=0.0924 |g|=2.16e-03 bin=0.524 S_flip=0.058 t=6s
[P700_h120_pad0.120_s1001] it   6 J=0.09239 A_min=0.0844 A_mean=0.0934 |g|=2.29e-03 bin=0.520 S_flip=0.059 t=7s
[P700_h120_pad0.120_s1001] it   7 J=0.09347 A_min=0.0855 A_mean=0.0945 |g|=2.42e-03 bin=0.516 S_flip=0.060 t=8s
[P700_h120_pad0.120_s1001] it   8 J=0.09472 A_min=0.0867 A_mean=0.0957 |g|=2.57e-03 bin=0.511 S_flip=0.062 t=9s
[P700_h120_pad0.120_s1001] it   9 J=0.09617 A_min=0.0881 A_mean=0.0972 |g|=2.73e-03 bin=0.505 S_flip=0.063 t=10s
[P700_h120_pad0.120_s1001] it  10 J=0.09783 A_min=0.0897 A_mean=0.0988 |g|=2.89e-03 bin=0.498 S_flip=0.064 t=11s
[P700_h120_pad0.120_s1001] it  11 J=0.09975 A_min=0.0916 A_mean=0.1007 |g|=3.07e-03 bin=0.490 S_flip=0.065 t=12s
[P700_h120_pad0.120_s1001] it  12 J=0.10194 A_min=0.0937 A_mean=0.1029 |g|=3.24e-03 bin=0.480 S_flip=0.065 t=13s
[P700_h120_pad0.120_s1001] it  13 J=0.10443 A_min=0.0961 A_mean=0.1054 |g|=3.40e-03 bin=0.469 S_flip=0.066 t=14s
[P700_h120_pad0.120_s1001] it  14 J=0.10722 A_min=0.0988 A_mean=0.1082 |g|=3.54e-03 bin=0.455 S_flip=0.066 t=15s
[P700_h120_pad0.120_s1001] it  15 J=0.11031 A_min=0.1018 A_mean=0.1113 |g|=3.64e-03 bin=0.440 S_flip=0.066 t=15s
[P700_h120_pad0.120_s1001] it  16 J=0.11367 A_min=0.1051 A_mean=0.1147 |g|=3.69e-03 bin=0.421 S_flip=0.066 t=16s
[P700_h120_pad0.120_s1001] it  17 J=0.11723 A_min=0.1086 A_mean=0.1183 |g|=3.69e-03 bin=0.400 S_flip=0.065 t=17s
[P700_h120_pad0.120_s1001] it  18 J=0.12094 A_min=0.1122 A_mean=0.1220 |g|=3.61e-03 bin=0.376 S_flip=0.064 t=18s
[P700_h120_pad0.120_s1001] it  19 J=0.12468 A_min=0.1158 A_mean=0.1257 |g|=3.46e-03 bin=0.349 S_flip=0.063 t=19s
[P700_h120_pad0.120_s1001] it  20 J=0.12834 A_min=0.1194 A_mean=0.1294 |g|=3.25e-03 bin=0.321 S_flip=0.062 t=20s
[P700_h120_pad0.120_s1001] it  21 J=0.13183 A_min=0.1228 A_mean=0.1329 |g|=2.99e-03 bin=0.293 S_flip=0.062 t=20s
[P700_h120_pad0.120_s1001] it  22 J=0.13505 A_min=0.1260 A_mean=0.1361 |g|=2.71e-03 bin=0.264 S_flip=0.062 t=21s
[P700_h120_pad0.120_s1001] it  23 J=0.13794 A_min=0.1288 A_mean=0.1390 |g|=2.41e-03 bin=0.236 S_flip=0.062 t=22s
[P700_h120_pad0.120_s1001] it  24 J=0.14048 A_min=0.1313 A_mean=0.1416 |g|=2.13e-03 bin=0.210 S_flip=0.063 t=23s
[P700_h120_pad0.120_s1001] it  25 J=0.14265 A_min=0.1334 A_mean=0.1438 |g|=1.88e-03 bin=0.186 S_flip=0.064 t=24s
[P700_h120_pad0.120_s1001] it  26 J=0.14448 A_min=0.1352 A_mean=0.1456 |g|=1.65e-03 bin=0.165 S_flip=0.066 t=25s
[P700_h120_pad0.120_s1001] it  27 J=0.14600 A_min=0.1367 A_mean=0.1471 |g|=1.45e-03 bin=0.146 S_flip=0.068 t=26s
[P700_h120_pad0.120_s1001] it  28 J=0.14725 A_min=0.1380 A_mean=0.1484 |g|=1.29e-03 bin=0.129 S_flip=0.070 t=27s
[P700_h120_pad0.120_s1001] it  29 J=0.14827 A_min=0.1390 A_mean=0.1494 |g|=1.15e-03 bin=0.115 S_flip=0.073 t=28s
[P700_h120_pad0.120_s1001] it  30 J=0.14911 A_min=0.1398 A_mean=0.1502 |g|=1.03e-03 bin=0.103 S_flip=0.075 t=29s
[P700_h120_pad0.120_s1001] it  31 J=0.14979 A_min=0.1405 A_mean=0.1509 |g|=9.34e-04 bin=0.092 S_flip=0.078 t=30s
[P700_h120_pad0.120_s1001] it  32 J=0.15036 A_min=0.1411 A_mean=0.1515 |g|=8.51e-04 bin=0.083 S_flip=0.081 t=31s
[P700_h120_pad0.120_s1001] it  33 J=0.15082 A_min=0.1416 A_mean=0.1520 |g|=7.81e-04 bin=0.075 S_flip=0.084 t=31s
[P700_h120_pad0.120_s1001] it  34 J=0.15121 A_min=0.1420 A_mean=0.1524 |g|=7.21e-04 bin=0.068 S_flip=0.087 t=32s
[P700_h120_pad0.120_s1001] it  35 J=0.15154 A_min=0.1423 A_mean=0.1527 |g|=6.71e-04 bin=0.062 S_flip=0.090 t=33s
[P700_h120_pad0.120_s1001] it  36 J=0.15181 A_min=0.1426 A_mean=0.1530 |g|=6.28e-04 bin=0.057 S_flip=0.093 t=34s
[P700_h120_pad0.120_s1001] it  37 J=0.15205 A_min=0.1428 A_mean=0.1532 |g|=5.92e-04 bin=0.052 S_flip=0.096 t=35s
[P700_h120_pad0.120_s1001] it  38 J=0.15225 A_min=0.1430 A_mean=0.1534 |g|=5.61e-04 bin=0.048 S_flip=0.099 t=36s
[P700_h120_pad0.120_s1001] it  39 J=0.15242 A_min=0.1432 A_mean=0.1536 |g|=5.35e-04 bin=0.044 S_flip=0.102 t=37s
[P700_h120_pad0.120_s1001] it  40 J=0.15257 A_min=0.1434 A_mean=0.1537 |g|=5.14e-04 bin=0.041 S_flip=0.106 t=38s
[P700_h120_pad0.120_s1001] it  41 J=0.15270 A_min=0.1435 A_mean=0.1539 |g|=4.95e-04 bin=0.038 S_flip=0.109 t=39s
[P700_h120_pad0.120_s1001] it  42 J=0.15281 A_min=0.1436 A_mean=0.1540 |g|=4.80e-04 bin=0.035 S_flip=0.112 t=40s
[P700_h120_pad0.120_s1001] it  43 J=0.15291 A_min=0.1437 A_mean=0.1541 |g|=4.68e-04 bin=0.032 S_flip=0.115 t=40s
[P700_h120_pad0.120_s1001] it  44 J=0.15300 A_min=0.1438 A_mean=0.1542 |g|=4.58e-04 bin=0.030 S_flip=0.118 t=41s
[P700_h120_pad0.120_s1001] it  45 J=0.15308 A_min=0.1439 A_mean=0.1542 |g|=4.50e-04 bin=0.028 S_flip=0.120 t=42s
[P700_h120_pad0.120_s1001] it  46 J=0.15315 A_min=0.1440 A_mean=0.1543 |g|=4.45e-04 bin=0.026 S_flip=0.123 t=43s
[P700_h120_pad0.120_s1001] it  47 J=0.15321 A_min=0.1440 A_mean=0.1544 |g|=4.41e-04 bin=0.024 S_flip=0.126 t=44s
[P700_h120_pad0.120_s1001] it  48 J=0.15327 A_min=0.1441 A_mean=0.1544 |g|=4.38e-04 bin=0.022 S_flip=0.129 t=45s
[P700_h120_pad0.120_s1001] it  49 J=0.15332 A_min=0.1441 A_mean=0.1545 |g|=4.36e-04 bin=0.021 S_flip=0.131 t=46s
[P700_h120_pad0.120_s1001] it  50 J=0.15336 A_min=0.1442 A_mean=0.1545 |g|=4.34e-04 bin=0.019 S_flip=0.134 t=47s
[P700_h120_pad0.120_s1001] it  51 J=0.15341 A_min=0.1442 A_mean=0.1546 |g|=4.32e-04 bin=0.018 S_flip=0.137 t=48s
[P700_h120_pad0.120_s1001] it  52 J=0.15344 A_min=0.1443 A_mean=0.1546 |g|=4.27e-04 bin=0.017 S_flip=0.139 t=49s
[P700_h120_pad0.120_s1001] it  53 J=0.15348 A_min=0.1443 A_mean=0.1547 |g|=4.21e-04 bin=0.015 S_flip=0.142 t=50s
[P700_h120_pad0.120_s1001] it  54 J=0.15351 A_min=0.1443 A_mean=0.1547 |g|=4.12e-04 bin=0.014 S_flip=0.144 t=51s
[P700_h120_pad0.120_s1001] it  55 J=0.15354 A_min=0.1444 A_mean=0.1547 |g|=4.02e-04 bin=0.013 S_flip=0.147 t=52s
[P700_h120_pad0.120_s1001] it  56 J=0.15357 A_min=0.1444 A_mean=0.1547 |g|=3.91e-04 bin=0.012 S_flip=0.149 t=53s
[P700_h120_pad0.120_s1001] it  57 J=0.15359 A_min=0.1444 A_mean=0.1548 |g|=3.81e-04 bin=0.011 S_flip=0.151 t=54s
[P700_h120_pad0.120_s1001] it  58 J=0.15362 A_min=0.1445 A_mean=0.1548 |g|=3.70e-04 bin=0.010 S_flip=0.153 t=55s
[P700_h120_pad0.120_s1001] it  59 J=0.15364 A_min=0.1445 A_mean=0.1548 |g|=3.61e-04 bin=0.009 S_flip=0.154 t=56s
[P700_h120_pad0.120_s1001] it  60 J=0.15365 A_min=0.1445 A_mean=0.1548 |g|=3.52e-04 bin=0.009 S_flip=0.155 t=57s
[P700_h120_pad0.120_s1001] it  61 J=0.15367 A_min=0.1445 A_mean=0.1548 |g|=3.45e-04 bin=0.008 S_flip=0.157 t=57s
[P700_h120_pad0.120_s1001] it  62 J=0.15368 A_min=0.1445 A_mean=0.1549 |g|=3.39e-04 bin=0.007 S_flip=0.158 t=58s
[P700_h120_pad0.120_s1001] it  63 J=0.15370 A_min=0.1445 A_mean=0.1549 |g|=3.34e-04 bin=0.007 S_flip=0.158 t=59s
[P700_h120_pad0.120_s1001] it  64 J=0.15371 A_min=0.1446 A_mean=0.1549 |g|=3.30e-04 bin=0.006 S_flip=0.159 t=60s
[P700_h120_pad0.120_s1001] it  65 J=0.15372 A_min=0.1446 A_mean=0.1549 |g|=3.26e-04 bin=0.006 S_flip=0.160 t=61s
[P700_h120_pad0.120_s1001] it  66 J=0.15373 A_min=0.1446 A_mean=0.1549 |g|=3.22e-04 bin=0.005 S_flip=0.161 t=62s
[P700_h120_pad0.120_s1001] it  67 J=0.15373 A_min=0.1446 A_mean=0.1549 |g|=3.19e-04 bin=0.005 S_flip=0.161 t=63s
[P700_h120_pad0.120_s1001] it  68 J=0.15374 A_min=0.1446 A_mean=0.1549 |g|=3.15e-04 bin=0.005 S_flip=0.162 t=64s
[P700_h120_pad0.120_s1001] it  69 J=0.15375 A_min=0.1446 A_mean=0.1549 |g|=3.12e-04 bin=0.004 S_flip=0.163 t=65s
[P700_h120_pad0.120_s1001] it  70 J=0.15376 A_min=0.1446 A_mean=0.1549 |g|=3.08e-04 bin=0.004 S_flip=0.163 t=66s
[P700_h120_pad0.120_s1001] it  71 J=0.15376 A_min=0.1446 A_mean=0.1549 |g|=3.04e-04 bin=0.004 S_flip=0.164 t=67s
[P700_h120_pad0.120_s1001] it  72 J=0.15377 A_min=0.1446 A_mean=0.1549 |g|=3.00e-04 bin=0.003 S_flip=0.164 t=68s
[P700_h120_pad0.120_s1001] it  73 J=0.15377 A_min=0.1446 A_mean=0.1549 |g|=2.95e-04 bin=0.003 S_flip=0.165 t=69s
[P700_h120_pad0.120_s1001] it  74 J=0.15377 A_min=0.1446 A_mean=0.1549 |g|=2.91e-04 bin=0.003 S_flip=0.165 t=70s
[P700_h120_pad0.120_s1001] it  75 J=0.15378 A_min=0.1446 A_mean=0.1550 |g|=2.86e-04 bin=0.003 S_flip=0.166 t=71s
[P700_h120_pad0.120_s1001] it  76 J=0.15378 A_min=0.1446 A_mean=0.1550 |g|=2.81e-04 bin=0.003 S_flip=0.166 t=72s
[P700_h120_pad0.120_s1001] it  77 J=0.15378 A_min=0.1446 A_mean=0.1550 |g|=2.77e-04 bin=0.002 S_flip=0.167 t=72s
[P700_h120_pad0.120_s1001] it  78 J=0.15379 A_min=0.1446 A_mean=0.1550 |g|=2.73e-04 bin=0.002 S_flip=0.167 t=73s
[P700_h120_pad0.120_s1001] it  79 J=0.15379 A_min=0.1446 A_mean=0.1550 |g|=2.69e-04 bin=0.002 S_flip=0.168 t=74s
[P700_h120_pad0.120_s1001] it  80 J=0.15379 A_min=0.1446 A_mean=0.1550 |g|=2.66e-04 bin=0.002 S_flip=0.168 t=75s
[P700_h120_pad0.120_s1001] it  81 J=0.15379 A_min=0.1447 A_mean=0.1550 |g|=2.64e-04 bin=0.002 S_flip=0.168 t=76s
[P700_h120_pad0.120_s1001] it  82 J=0.15379 A_min=0.1447 A_mean=0.1550 |g|=2.62e-04 bin=0.002 S_flip=0.169 t=77s
[P700_h120_pad0.120_s1001] it  83 J=0.15380 A_min=0.1447 A_mean=0.1550 |g|=2.61e-04 bin=0.001 S_flip=0.169 t=78s
[P700_h120_pad0.120_s1001] it  84 J=0.15380 A_min=0.1447 A_mean=0.1550 |g|=2.59e-04 bin=0.001 S_flip=0.169 t=79s
[P700_h120_pad0.120_s1001] it  85 J=0.15380 A_min=0.1447 A_mean=0.1550 |g|=2.57e-04 bin=0.001 S_flip=0.170 t=80s
[P700_h120_pad0.120_s1001] it  86 J=0.15380 A_min=0.1447 A_mean=0.1550 |g|=2.56e-04 bin=0.001 S_flip=0.170 t=80s
[P700_h120_pad0.120_s1001] it  87 J=0.15380 A_min=0.1447 A_mean=0.1550 |g|=2.54e-04 bin=0.001 S_flip=0.170 t=81s
[P700_h120_pad0.120_s1001] it  88 J=0.15380 A_min=0.1447 A_mean=0.1550 |g|=2.52e-04 bin=0.001 S_flip=0.170 t=82s
[P700_h120_pad0.120_s1001] it  89 J=0.15380 A_min=0.1447 A_mean=0.1550 |g|=2.51e-04 bin=0.001 S_flip=0.171 t=83s
[P700_h120_pad0.120_s1001] it  90 J=0.15380 A_min=0.1447 A_mean=0.1550 |g|=2.51e-04 bin=0.001 S_flip=0.171 t=84s
[P700_h120_pad0.120_s1001] it  91 J=0.15380 A_min=0.1447 A_mean=0.1550 |g|=2.52e-04 bin=0.001 S_flip=0.171 t=85s
[P700_h120_pad0.120_s1001] it  92 J=0.15380 A_min=0.1447 A_mean=0.1550 |g|=2.53e-04 bin=0.001 S_flip=0.171 t=86s
[P700_h120_pad0.120_s1001] it  93 J=0.15380 A_min=0.1447 A_mean=0.1550 |g|=2.56e-04 bin=0.001 S_flip=0.171 t=87s
[P700_h120_pad0.120_s1001] it  94 J=0.15380 A_min=0.1447 A_mean=0.1550 |g|=2.60e-04 bin=0.001 S_flip=0.172 t=88s
[P700_h120_pad0.120_s1001] it  95 J=0.15380 A_min=0.1447 A_mean=0.1550 |g|=2.65e-04 bin=0.001 S_flip=0.172 t=88s
[P700_h120_pad0.120_s1001] it  96 J=0.15380 A_min=0.1447 A_mean=0.1550 |g|=2.70e-04 bin=0.001 S_flip=0.172 t=89s
[P700_h120_pad0.120_s1001] it  97 J=0.15380 A_min=0.1447 A_mean=0.1550 |g|=2.78e-04 bin=0.000 S_flip=0.172 t=90s
[P700_h120_pad0.120_s1001] it  98 J=0.15380 A_min=0.1447 A_mean=0.1550 |g|=2.86e-04 bin=0.000 S_flip=0.172 t=91s
[P700_h120_pad0.120_s1001] it  99 J=0.15380 A_min=0.1447 A_mean=0.1550 |g|=2.97e-04 bin=0.000 S_flip=0.172 t=92s
[P700_h120_pad0.120_s1001] done: J_soft=0.15380 J_hard=0.15380 A_hard=[0.1447, 0.1726, 0.1477] S_flip=0.174 wall=93s
[P700_h120_pad0.120_s7777] it   0 J=0.08971 A_min=0.0818 A_mean=0.0907 |g|=1.73e-03 bin=0.539 S_flip=0.053 t=1s
[P700_h120_pad0.120_s7777] it   1 J=0.09030 A_min=0.0824 A_mean=0.0913 |g|=1.80e-03 bin=0.537 S_flip=0.054 t=2s
[P700_h120_pad0.120_s7777] it   2 J=0.09095 A_min=0.0830 A_mean=0.0919 |g|=1.88e-03 bin=0.535 S_flip=0.055 t=3s
[P700_h120_pad0.120_s7777] it   3 J=0.09168 A_min=0.0837 A_mean=0.0927 |g|=1.97e-03 bin=0.533 S_flip=0.056 t=4s
[P700_h120_pad0.120_s7777] it   4 J=0.09249 A_min=0.0845 A_mean=0.0935 |g|=2.06e-03 bin=0.530 S_flip=0.057 t=5s
[P700_h120_pad0.120_s7777] it   5 J=0.09341 A_min=0.0854 A_mean=0.0944 |g|=2.17e-03 bin=0.526 S_flip=0.059 t=6s
[P700_h120_pad0.120_s7777] it   6 J=0.09446 A_min=0.0864 A_mean=0.0954 |g|=2.29e-03 bin=0.522 S_flip=0.060 t=7s
[P700_h120_pad0.120_s7777] it   7 J=0.09565 A_min=0.0876 A_mean=0.0966 |g|=2.41e-03 bin=0.517 S_flip=0.061 t=8s
[P700_h120_pad0.120_s7777] it   8 J=0.09703 A_min=0.0889 A_mean=0.0980 |g|=2.55e-03 bin=0.512 S_flip=0.063 t=8s
[P700_h120_pad0.120_s7777] it   9 J=0.09860 A_min=0.0904 A_mean=0.0996 |g|=2.70e-03 bin=0.505 S_flip=0.064 t=9s
[P700_h120_pad0.120_s7777] it  10 J=0.10039 A_min=0.0922 A_mean=0.1014 |g|=2.85e-03 bin=0.497 S_flip=0.066 t=10s
[P700_h120_pad0.120_s7777] it  11 J=0.10244 A_min=0.0941 A_mean=0.1034 |g|=3.00e-03 bin=0.488 S_flip=0.067 t=11s
[P700_h120_pad0.120_s7777] it  12 J=0.10475 A_min=0.0964 A_mean=0.1058 |g|=3.15e-03 bin=0.477 S_flip=0.068 t=12s
[P700_h120_pad0.120_s7777] it  13 J=0.10734 A_min=0.0989 A_mean=0.1084 |g|=3.28e-03 bin=0.464 S_flip=0.069 t=13s
[P700_h120_pad0.120_s7777] it  14 J=0.11020 A_min=0.1017 A_mean=0.1112 |g|=3.38e-03 bin=0.449 S_flip=0.070 t=14s
[P700_h120_pad0.120_s7777] it  15 J=0.11332 A_min=0.1047 A_mean=0.1144 |g|=3.45e-03 bin=0.432 S_flip=0.071 t=15s
[P700_h120_pad0.120_s7777] it  16 J=0.11666 A_min=0.1080 A_mean=0.1177 |g|=3.46e-03 bin=0.411 S_flip=0.071 t=16s
[P700_h120_pad0.120_s7777] it  17 J=0.12014 A_min=0.1113 A_mean=0.1212 |g|=3.42e-03 bin=0.389 S_flip=0.071 t=17s
[P700_h120_pad0.120_s7777] it  18 J=0.12370 A_min=0.1148 A_mean=0.1248 |g|=3.31e-03 bin=0.364 S_flip=0.071 t=18s
[P700_h120_pad0.120_s7777] it  19 J=0.12724 A_min=0.1183 A_mean=0.1283 |g|=3.14e-03 bin=0.337 S_flip=0.071 t=19s
[P700_h120_pad0.120_s7777] it  20 J=0.13065 A_min=0.1216 A_mean=0.1317 |g|=2.92e-03 bin=0.309 S_flip=0.071 t=20s
[P700_h120_pad0.120_s7777] it  21 J=0.13386 A_min=0.1247 A_mean=0.1349 |g|=2.67e-03 bin=0.281 S_flip=0.072 t=21s
[P700_h120_pad0.120_s7777] it  22 J=0.13679 A_min=0.1276 A_mean=0.1379 |g|=2.40e-03 bin=0.253 S_flip=0.072 t=22s
[P700_h120_pad0.120_s7777] it  23 J=0.13941 A_min=0.1302 A_mean=0.1405 |g|=2.13e-03 bin=0.227 S_flip=0.073 t=23s
[P700_h120_pad0.120_s7777] it  24 J=0.14168 A_min=0.1324 A_mean=0.1428 |g|=1.87e-03 bin=0.202 S_flip=0.075 t=24s
[P700_h120_pad0.120_s7777] it  25 J=0.14363 A_min=0.1343 A_mean=0.1447 |g|=1.64e-03 bin=0.179 S_flip=0.077 t=25s
[P700_h120_pad0.120_s7777] it  26 J=0.14526 A_min=0.1359 A_mean=0.1464 |g|=1.44e-03 bin=0.159 S_flip=0.079 t=25s
[P700_h120_pad0.120_s7777] it  27 J=0.14662 A_min=0.1373 A_mean=0.1477 |g|=1.26e-03 bin=0.141 S_flip=0.082 t=26s
[P700_h120_pad0.120_s7777] it  28 J=0.14774 A_min=0.1384 A_mean=0.1489 |g|=1.12e-03 bin=0.126 S_flip=0.084 t=27s
[P700_h120_pad0.120_s7777] it  29 J=0.14866 A_min=0.1393 A_mean=0.1498 |g|=9.93e-04 bin=0.112 S_flip=0.087 t=28s
[P700_h120_pad0.120_s7777] it  30 J=0.14941 A_min=0.1401 A_mean=0.1505 |g|=8.91e-04 bin=0.101 S_flip=0.090 t=29s
[P700_h120_pad0.120_s7777] it  31 J=0.15003 A_min=0.1407 A_mean=0.1512 |g|=8.07e-04 bin=0.091 S_flip=0.094 t=30s
[P700_h120_pad0.120_s7777] it  32 J=0.15054 A_min=0.1412 A_mean=0.1517 |g|=7.37e-04 bin=0.082 S_flip=0.097 t=31s
[P700_h120_pad0.120_s7777] it  33 J=0.15096 A_min=0.1417 A_mean=0.1521 |g|=6.79e-04 bin=0.074 S_flip=0.100 t=32s
[P700_h120_pad0.120_s7777] it  34 J=0.15131 A_min=0.1420 A_mean=0.1525 |g|=6.31e-04 bin=0.068 S_flip=0.104 t=33s
[P700_h120_pad0.120_s7777] it  35 J=0.15160 A_min=0.1423 A_mean=0.1528 |g|=5.92e-04 bin=0.062 S_flip=0.107 t=33s
[P700_h120_pad0.120_s7777] it  36 J=0.15185 A_min=0.1426 A_mean=0.1530 |g|=5.59e-04 bin=0.056 S_flip=0.111 t=34s
[P700_h120_pad0.120_s7777] it  37 J=0.15207 A_min=0.1428 A_mean=0.1532 |g|=5.33e-04 bin=0.052 S_flip=0.114 t=35s
[P700_h120_pad0.120_s7777] it  38 J=0.15225 A_min=0.1430 A_mean=0.1534 |g|=5.10e-04 bin=0.048 S_flip=0.117 t=36s
[P700_h120_pad0.120_s7777] it  39 J=0.15241 A_min=0.1432 A_mean=0.1536 |g|=4.92e-04 bin=0.044 S_flip=0.121 t=37s
[P700_h120_pad0.120_s7777] it  40 J=0.15255 A_min=0.1433 A_mean=0.1537 |g|=4.76e-04 bin=0.041 S_flip=0.124 t=38s
[P700_h120_pad0.120_s7777] it  41 J=0.15267 A_min=0.1434 A_mean=0.1538 |g|=4.63e-04 bin=0.037 S_flip=0.128 t=39s
[P700_h120_pad0.120_s7777] it  42 J=0.15277 A_min=0.1435 A_mean=0.1539 |g|=4.52e-04 bin=0.035 S_flip=0.131 t=40s
[P700_h120_pad0.120_s7777] it  43 J=0.15287 A_min=0.1436 A_mean=0.1540 |g|=4.42e-04 bin=0.032 S_flip=0.135 t=41s
[P700_h120_pad0.120_s7777] it  44 J=0.15295 A_min=0.1437 A_mean=0.1541 |g|=4.34e-04 bin=0.030 S_flip=0.138 t=42s
[P700_h120_pad0.120_s7777] it  45 J=0.15302 A_min=0.1438 A_mean=0.1542 |g|=4.27e-04 bin=0.027 S_flip=0.141 t=43s
[P700_h120_pad0.120_s7777] it  46 J=0.15309 A_min=0.1439 A_mean=0.1542 |g|=4.22e-04 bin=0.025 S_flip=0.144 t=44s
[P700_h120_pad0.120_s7777] it  47 J=0.15314 A_min=0.1439 A_mean=0.1543 |g|=4.18e-04 bin=0.024 S_flip=0.147 t=45s
[P700_h120_pad0.120_s7777] it  48 J=0.15319 A_min=0.1440 A_mean=0.1544 |g|=4.15e-04 bin=0.022 S_flip=0.150 t=46s
[P700_h120_pad0.120_s7777] it  49 J=0.15324 A_min=0.1440 A_mean=0.1544 |g|=4.15e-04 bin=0.020 S_flip=0.152 t=46s
[P700_h120_pad0.120_s7777] it  50 J=0.15328 A_min=0.1441 A_mean=0.1544 |g|=4.15e-04 bin=0.019 S_flip=0.155 t=47s
[P700_h120_pad0.120_s7777] it  51 J=0.15332 A_min=0.1441 A_mean=0.1545 |g|=4.18e-04 bin=0.018 S_flip=0.157 t=48s
[P700_h120_pad0.120_s7777] it  52 J=0.15335 A_min=0.1442 A_mean=0.1545 |g|=4.22e-04 bin=0.016 S_flip=0.159 t=49s
[P700_h120_pad0.120_s7777] it  53 J=0.15339 A_min=0.1442 A_mean=0.1545 |g|=4.28e-04 bin=0.015 S_flip=0.162 t=50s
[P700_h120_pad0.120_s7777] it  54 J=0.15341 A_min=0.1442 A_mean=0.1546 |g|=4.36e-04 bin=0.014 S_flip=0.164 t=51s
[P700_h120_pad0.120_s7777] it  55 J=0.15344 A_min=0.1443 A_mean=0.1546 |g|=4.44e-04 bin=0.013 S_flip=0.166 t=52s
[P700_h120_pad0.120_s7777] it  56 J=0.15347 A_min=0.1443 A_mean=0.1546 |g|=4.54e-04 bin=0.012 S_flip=0.168 t=53s
[P700_h120_pad0.120_s7777] it  57 J=0.15349 A_min=0.1443 A_mean=0.1547 |g|=4.63e-04 bin=0.012 S_flip=0.170 t=53s
[P700_h120_pad0.120_s7777] it  58 J=0.15352 A_min=0.1443 A_mean=0.1547 |g|=4.70e-04 bin=0.011 S_flip=0.171 t=54s
[P700_h120_pad0.120_s7777] it  59 J=0.15354 A_min=0.1444 A_mean=0.1547 |g|=4.75e-04 bin=0.010 S_flip=0.173 t=55s
[P700_h120_pad0.120_s7777] it  60 J=0.15356 A_min=0.1444 A_mean=0.1547 |g|=4.76e-04 bin=0.009 S_flip=0.174 t=56s
[P700_h120_pad0.120_s7777] it  61 J=0.15358 A_min=0.1444 A_mean=0.1547 |g|=4.72e-04 bin=0.009 S_flip=0.175 t=57s
[P700_h120_pad0.120_s7777] it  62 J=0.15360 A_min=0.1444 A_mean=0.1548 |g|=4.64e-04 bin=0.008 S_flip=0.177 t=58s
[P700_h120_pad0.120_s7777] it  63 J=0.15362 A_min=0.1444 A_mean=0.1548 |g|=4.53e-04 bin=0.007 S_flip=0.178 t=59s
[P700_h120_pad0.120_s7777] it  64 J=0.15363 A_min=0.1445 A_mean=0.1548 |g|=4.39e-04 bin=0.007 S_flip=0.179 t=60s
[P700_h120_pad0.120_s7777] it  65 J=0.15365 A_min=0.1445 A_mean=0.1548 |g|=4.25e-04 bin=0.006 S_flip=0.179 t=61s
[P700_h120_pad0.120_s7777] it  66 J=0.15366 A_min=0.1445 A_mean=0.1548 |g|=4.12e-04 bin=0.005 S_flip=0.180 t=62s
[P700_h120_pad0.120_s7777] it  67 J=0.15367 A_min=0.1445 A_mean=0.1548 |g|=4.01e-04 bin=0.005 S_flip=0.181 t=63s
[P700_h120_pad0.120_s7777] it  68 J=0.15368 A_min=0.1445 A_mean=0.1549 |g|=3.91e-04 bin=0.005 S_flip=0.181 t=63s
[P700_h120_pad0.120_s7777] it  69 J=0.15369 A_min=0.1445 A_mean=0.1549 |g|=3.82e-04 bin=0.004 S_flip=0.182 t=64s
[P700_h120_pad0.120_s7777] it  70 J=0.15370 A_min=0.1445 A_mean=0.1549 |g|=3.76e-04 bin=0.004 S_flip=0.182 t=65s
[P700_h120_pad0.120_s7777] it  71 J=0.15371 A_min=0.1446 A_mean=0.1549 |g|=3.70e-04 bin=0.004 S_flip=0.182 t=66s
[P700_h120_pad0.120_s7777] it  72 J=0.15371 A_min=0.1446 A_mean=0.1549 |g|=3.65e-04 bin=0.003 S_flip=0.183 t=67s
[P700_h120_pad0.120_s7777] it  73 J=0.15372 A_min=0.1446 A_mean=0.1549 |g|=3.62e-04 bin=0.003 S_flip=0.183 t=68s
[P700_h120_pad0.120_s7777] it  74 J=0.15372 A_min=0.1446 A_mean=0.1549 |g|=3.58e-04 bin=0.003 S_flip=0.183 t=69s
[P700_h120_pad0.120_s7777] it  75 J=0.15373 A_min=0.1446 A_mean=0.1549 |g|=3.54e-04 bin=0.003 S_flip=0.184 t=69s
[P700_h120_pad0.120_s7777] it  76 J=0.15373 A_min=0.1446 A_mean=0.1549 |g|=3.50e-04 bin=0.002 S_flip=0.184 t=70s
[P700_h120_pad0.120_s7777] it  77 J=0.15374 A_min=0.1446 A_mean=0.1549 |g|=3.46e-04 bin=0.002 S_flip=0.184 t=71s
[P700_h120_pad0.120_s7777] it  78 J=0.15374 A_min=0.1446 A_mean=0.1549 |g|=3.40e-04 bin=0.002 S_flip=0.184 t=72s
[P700_h120_pad0.120_s7777] it  79 J=0.15375 A_min=0.1446 A_mean=0.1549 |g|=3.34e-04 bin=0.002 S_flip=0.185 t=73s
[P700_h120_pad0.120_s7777] it  80 J=0.15375 A_min=0.1446 A_mean=0.1549 |g|=3.28e-04 bin=0.002 S_flip=0.185 t=74s
[P700_h120_pad0.120_s7777] it  81 J=0.15375 A_min=0.1446 A_mean=0.1549 |g|=3.21e-04 bin=0.002 S_flip=0.185 t=75s
[P700_h120_pad0.120_s7777] it  82 J=0.15375 A_min=0.1446 A_mean=0.1549 |g|=3.13e-04 bin=0.002 S_flip=0.185 t=76s
[P700_h120_pad0.120_s7777] it  83 J=0.15376 A_min=0.1446 A_mean=0.1549 |g|=3.05e-04 bin=0.001 S_flip=0.185 t=76s
[P700_h120_pad0.120_s7777] it  84 J=0.15376 A_min=0.1446 A_mean=0.1549 |g|=2.98e-04 bin=0.001 S_flip=0.186 t=77s
[P700_h120_pad0.120_s7777] it  85 J=0.15376 A_min=0.1446 A_mean=0.1549 |g|=2.90e-04 bin=0.001 S_flip=0.186 t=78s
[P700_h120_pad0.120_s7777] it  86 J=0.15376 A_min=0.1446 A_mean=0.1549 |g|=2.82e-04 bin=0.001 S_flip=0.186 t=79s
[P700_h120_pad0.120_s7777] it  87 J=0.15376 A_min=0.1446 A_mean=0.1549 |g|=2.75e-04 bin=0.001 S_flip=0.186 t=80s
[P700_h120_pad0.120_s7777] it  88 J=0.15376 A_min=0.1446 A_mean=0.1549 |g|=2.69e-04 bin=0.001 S_flip=0.187 t=81s
[P700_h120_pad0.120_s7777] it  89 J=0.15376 A_min=0.1446 A_mean=0.1549 |g|=2.63e-04 bin=0.001 S_flip=0.187 t=82s
[P700_h120_pad0.120_s7777] it  90 J=0.15376 A_min=0.1446 A_mean=0.1549 |g|=2.57e-04 bin=0.001 S_flip=0.187 t=83s
[P700_h120_pad0.120_s7777] it  91 J=0.15376 A_min=0.1446 A_mean=0.1549 |g|=2.52e-04 bin=0.001 S_flip=0.187 t=83s
[P700_h120_pad0.120_s7777] it  92 J=0.15376 A_min=0.1446 A_mean=0.1549 |g|=2.48e-04 bin=0.001 S_flip=0.187 t=84s
[P700_h120_pad0.120_s7777] it  93 J=0.15376 A_min=0.1446 A_mean=0.1549 |g|=2.44e-04 bin=0.001 S_flip=0.188 t=85s
[P700_h120_pad0.120_s7777] it  94 J=0.15376 A_min=0.1446 A_mean=0.1549 |g|=2.39e-04 bin=0.001 S_flip=0.188 t=86s
[P700_h120_pad0.120_s7777] it  95 J=0.15376 A_min=0.1446 A_mean=0.1549 |g|=2.34e-04 bin=0.001 S_flip=0.188 t=87s
[P700_h120_pad0.120_s7777] it  96 J=0.15376 A_min=0.1446 A_mean=0.1549 |g|=2.29e-04 bin=0.000 S_flip=0.188 t=88s
[P700_h120_pad0.120_s7777] it  97 J=0.15376 A_min=0.1446 A_mean=0.1549 |g|=2.23e-04 bin=0.000 S_flip=0.188 t=89s
[P700_h120_pad0.120_s7777] it  98 J=0.15376 A_min=0.1446 A_mean=0.1549 |g|=2.16e-04 bin=0.000 S_flip=0.188 t=90s
[P700_h120_pad0.120_s7777] it  99 J=0.15376 A_min=0.1446 A_mean=0.1549 |g|=2.08e-04 bin=0.000 S_flip=0.188 t=91s
[P700_h120_pad0.120_s7777] done: J_soft=0.15376 J_hard=0.15376 A_hard=[0.1446, 0.1725, 0.1477] S_flip=0.189 wall=92s
[P700_h140_pad0.040_s333] it   0 J=0.07024 A_min=0.0634 A_mean=0.0711 |g|=1.40e-03 bin=0.792 S_flip=0.048 t=1s
[P700_h140_pad0.040_s333] it   1 J=0.07114 A_min=0.0643 A_mean=0.0720 |g|=1.47e-03 bin=0.789 S_flip=0.049 t=2s
[P700_h140_pad0.040_s333] it   2 J=0.07214 A_min=0.0653 A_mean=0.0730 |g|=1.53e-03 bin=0.785 S_flip=0.051 t=3s
[P700_h140_pad0.040_s333] it   3 J=0.07326 A_min=0.0664 A_mean=0.0741 |g|=1.61e-03 bin=0.781 S_flip=0.052 t=4s
[P700_h140_pad0.040_s333] it   4 J=0.07449 A_min=0.0676 A_mean=0.0754 |g|=1.69e-03 bin=0.776 S_flip=0.054 t=4s
[P700_h140_pad0.040_s333] it   5 J=0.07586 A_min=0.0689 A_mean=0.0767 |g|=1.78e-03 bin=0.770 S_flip=0.055 t=5s
[P700_h140_pad0.040_s333] it   6 J=0.07737 A_min=0.0704 A_mean=0.0783 |g|=1.89e-03 bin=0.764 S_flip=0.057 t=6s
[P700_h140_pad0.040_s333] it   7 J=0.07904 A_min=0.0720 A_mean=0.0799 |g|=2.00e-03 bin=0.757 S_flip=0.059 t=7s
[P700_h140_pad0.040_s333] it   8 J=0.08088 A_min=0.0738 A_mean=0.0818 |g|=2.12e-03 bin=0.750 S_flip=0.061 t=8s
[P700_h140_pad0.040_s333] it   9 J=0.08290 A_min=0.0757 A_mean=0.0838 |g|=2.26e-03 bin=0.741 S_flip=0.064 t=9s
[P700_h140_pad0.040_s333] it  10 J=0.08511 A_min=0.0779 A_mean=0.0861 |g|=2.41e-03 bin=0.732 S_flip=0.066 t=10s
[P700_h140_pad0.040_s333] it  11 J=0.08752 A_min=0.0802 A_mean=0.0885 |g|=2.58e-03 bin=0.722 S_flip=0.068 t=11s
[P700_h140_pad0.040_s333] it  12 J=0.09015 A_min=0.0828 A_mean=0.0911 |g|=2.76e-03 bin=0.710 S_flip=0.071 t=12s
[P700_h140_pad0.040_s333] it  13 J=0.09300 A_min=0.0855 A_mean=0.0940 |g|=2.95e-03 bin=0.697 S_flip=0.074 t=12s
[P700_h140_pad0.040_s333] it  14 J=0.09609 A_min=0.0885 A_mean=0.0971 |g|=3.16e-03 bin=0.683 S_flip=0.076 t=13s
[P700_h140_pad0.040_s333] it  15 J=0.09943 A_min=0.0917 A_mean=0.1005 |g|=3.36e-03 bin=0.667 S_flip=0.079 t=14s
[P700_h140_pad0.040_s333] it  16 J=0.10302 A_min=0.0952 A_mean=0.1041 |g|=3.56e-03 bin=0.649 S_flip=0.082 t=15s
[P700_h140_pad0.040_s333] it  17 J=0.10688 A_min=0.0990 A_mean=0.1080 |g|=3.74e-03 bin=0.628 S_flip=0.084 t=16s
[P700_h140_pad0.040_s333] it  18 J=0.11099 A_min=0.1029 A_mean=0.1121 |g|=3.87e-03 bin=0.605 S_flip=0.086 t=17s
[P700_h140_pad0.040_s333] it  19 J=0.11531 A_min=0.1071 A_mean=0.1164 |g|=3.96e-03 bin=0.578 S_flip=0.088 t=18s
[P700_h140_pad0.040_s333] it  20 J=0.11980 A_min=0.1114 A_mean=0.1210 |g|=3.97e-03 bin=0.548 S_flip=0.090 t=18s
[P700_h140_pad0.040_s333] it  21 J=0.12437 A_min=0.1159 A_mean=0.1256 |g|=3.91e-03 bin=0.514 S_flip=0.091 t=19s
[P700_h140_pad0.040_s333] it  22 J=0.12893 A_min=0.1203 A_mean=0.1301 |g|=3.77e-03 bin=0.478 S_flip=0.093 t=20s
[P700_h140_pad0.040_s333] it  23 J=0.13335 A_min=0.1245 A_mean=0.1346 |g|=3.55e-03 bin=0.440 S_flip=0.094 t=21s
[P700_h140_pad0.040_s333] it  24 J=0.13754 A_min=0.1286 A_mean=0.1388 |g|=3.29e-03 bin=0.401 S_flip=0.094 t=21s
[P700_h140_pad0.040_s333] it  25 J=0.14141 A_min=0.1324 A_mean=0.1427 |g|=3.00e-03 bin=0.362 S_flip=0.095 t=22s
[P700_h140_pad0.040_s333] it  26 J=0.14489 A_min=0.1358 A_mean=0.1462 |g|=2.71e-03 bin=0.325 S_flip=0.096 t=23s
[P700_h140_pad0.040_s333] it  27 J=0.14796 A_min=0.1388 A_mean=0.1493 |g|=2.44e-03 bin=0.290 S_flip=0.097 t=24s
[P700_h140_pad0.040_s333] it  28 J=0.15063 A_min=0.1415 A_mean=0.1520 |g|=2.20e-03 bin=0.257 S_flip=0.099 t=25s
[P700_h140_pad0.040_s333] it  29 J=0.15291 A_min=0.1438 A_mean=0.1543 |g|=2.00e-03 bin=0.228 S_flip=0.101 t=25s
[P700_h140_pad0.040_s333] it  30 J=0.15485 A_min=0.1457 A_mean=0.1562 |g|=1.83e-03 bin=0.202 S_flip=0.103 t=26s
[P700_h140_pad0.040_s333] it  31 J=0.15649 A_min=0.1474 A_mean=0.1579 |g|=1.68e-03 bin=0.180 S_flip=0.106 t=27s
[P700_h140_pad0.040_s333] it  32 J=0.15787 A_min=0.1489 A_mean=0.1593 |g|=1.57e-03 bin=0.160 S_flip=0.108 t=28s
[P700_h140_pad0.040_s333] it  33 J=0.15904 A_min=0.1501 A_mean=0.1605 |g|=1.46e-03 bin=0.143 S_flip=0.112 t=29s
[P700_h140_pad0.040_s333] it  34 J=0.16003 A_min=0.1511 A_mean=0.1615 |g|=1.37e-03 bin=0.128 S_flip=0.115 t=29s
[P700_h140_pad0.040_s333] it  35 J=0.16086 A_min=0.1520 A_mean=0.1623 |g|=1.30e-03 bin=0.115 S_flip=0.119 t=30s
[P700_h140_pad0.040_s333] it  36 J=0.16158 A_min=0.1527 A_mean=0.1630 |g|=1.23e-03 bin=0.104 S_flip=0.122 t=31s
[P700_h140_pad0.040_s333] it  37 J=0.16218 A_min=0.1534 A_mean=0.1636 |g|=1.17e-03 bin=0.094 S_flip=0.126 t=32s
[P700_h140_pad0.040_s333] it  38 J=0.16270 A_min=0.1540 A_mean=0.1642 |g|=1.11e-03 bin=0.086 S_flip=0.130 t=32s
[P700_h140_pad0.040_s333] it  39 J=0.16315 A_min=0.1544 A_mean=0.1646 |g|=1.06e-03 bin=0.078 S_flip=0.134 t=33s
[P700_h140_pad0.040_s333] it  40 J=0.16354 A_min=0.1548 A_mean=0.1650 |g|=1.02e-03 bin=0.071 S_flip=0.138 t=34s
[P700_h140_pad0.040_s333] it  41 J=0.16388 A_min=0.1552 A_mean=0.1654 |g|=9.83e-04 bin=0.065 S_flip=0.142 t=35s
[P700_h140_pad0.040_s333] it  42 J=0.16417 A_min=0.1555 A_mean=0.1657 |g|=9.50e-04 bin=0.060 S_flip=0.146 t=36s
[P700_h140_pad0.040_s333] it  43 J=0.16443 A_min=0.1558 A_mean=0.1659 |g|=9.21e-04 bin=0.055 S_flip=0.150 t=37s
[P700_h140_pad0.040_s333] it  44 J=0.16466 A_min=0.1561 A_mean=0.1662 |g|=8.95e-04 bin=0.051 S_flip=0.154 t=38s
[P700_h140_pad0.040_s333] it  45 J=0.16486 A_min=0.1563 A_mean=0.1664 |g|=8.72e-04 bin=0.047 S_flip=0.157 t=39s
[P700_h140_pad0.040_s333] it  46 J=0.16504 A_min=0.1565 A_mean=0.1665 |g|=8.51e-04 bin=0.044 S_flip=0.161 t=39s
[P700_h140_pad0.040_s333] it  47 J=0.16520 A_min=0.1566 A_mean=0.1667 |g|=8.33e-04 bin=0.040 S_flip=0.165 t=40s
[P700_h140_pad0.040_s333] it  48 J=0.16534 A_min=0.1568 A_mean=0.1668 |g|=8.16e-04 bin=0.037 S_flip=0.168 t=41s
[P700_h140_pad0.040_s333] it  49 J=0.16547 A_min=0.1569 A_mean=0.1670 |g|=8.01e-04 bin=0.035 S_flip=0.172 t=42s
[P700_h140_pad0.040_s333] it  50 J=0.16558 A_min=0.1570 A_mean=0.1671 |g|=7.87e-04 bin=0.032 S_flip=0.175 t=43s
[P700_h140_pad0.040_s333] it  51 J=0.16569 A_min=0.1571 A_mean=0.1672 |g|=7.74e-04 bin=0.030 S_flip=0.178 t=44s
[P700_h140_pad0.040_s333] it  52 J=0.16578 A_min=0.1571 A_mean=0.1673 |g|=7.62e-04 bin=0.027 S_flip=0.181 t=45s
[P700_h140_pad0.040_s333] it  53 J=0.16587 A_min=0.1572 A_mean=0.1674 |g|=7.51e-04 bin=0.025 S_flip=0.184 t=46s
[P700_h140_pad0.040_s333] it  54 J=0.16595 A_min=0.1573 A_mean=0.1675 |g|=7.39e-04 bin=0.024 S_flip=0.187 t=47s
[P700_h140_pad0.040_s333] it  55 J=0.16602 A_min=0.1573 A_mean=0.1675 |g|=7.27e-04 bin=0.022 S_flip=0.190 t=48s
[P700_h140_pad0.040_s333] it  56 J=0.16608 A_min=0.1574 A_mean=0.1676 |g|=7.14e-04 bin=0.020 S_flip=0.192 t=48s
[P700_h140_pad0.040_s333] it  57 J=0.16614 A_min=0.1574 A_mean=0.1677 |g|=7.01e-04 bin=0.019 S_flip=0.194 t=49s
[P700_h140_pad0.040_s333] it  58 J=0.16620 A_min=0.1575 A_mean=0.1677 |g|=6.87e-04 bin=0.017 S_flip=0.197 t=50s
[P700_h140_pad0.040_s333] it  59 J=0.16625 A_min=0.1575 A_mean=0.1678 |g|=6.73e-04 bin=0.016 S_flip=0.199 t=51s
[P700_h140_pad0.040_s333] it  60 J=0.16629 A_min=0.1576 A_mean=0.1678 |g|=6.61e-04 bin=0.015 S_flip=0.201 t=52s
[P700_h140_pad0.040_s333] it  61 J=0.16633 A_min=0.1576 A_mean=0.1679 |g|=6.52e-04 bin=0.014 S_flip=0.203 t=53s
[P700_h140_pad0.040_s333] it  62 J=0.16637 A_min=0.1576 A_mean=0.1679 |g|=6.45e-04 bin=0.013 S_flip=0.204 t=54s
[P700_h140_pad0.040_s333] it  63 J=0.16640 A_min=0.1576 A_mean=0.1679 |g|=6.41e-04 bin=0.012 S_flip=0.206 t=55s
[P700_h140_pad0.040_s333] it  64 J=0.16643 A_min=0.1577 A_mean=0.1680 |g|=6.39e-04 bin=0.012 S_flip=0.208 t=56s
[P700_h140_pad0.040_s333] it  65 J=0.16646 A_min=0.1577 A_mean=0.1680 |g|=6.40e-04 bin=0.011 S_flip=0.209 t=56s
[P700_h140_pad0.040_s333] it  66 J=0.16649 A_min=0.1577 A_mean=0.1680 |g|=6.44e-04 bin=0.010 S_flip=0.210 t=57s
[P700_h140_pad0.040_s333] it  67 J=0.16651 A_min=0.1577 A_mean=0.1680 |g|=6.50e-04 bin=0.010 S_flip=0.212 t=58s
[P700_h140_pad0.040_s333] it  68 J=0.16653 A_min=0.1578 A_mean=0.1681 |g|=6.60e-04 bin=0.009 S_flip=0.213 t=59s
[P700_h140_pad0.040_s333] it  69 J=0.16656 A_min=0.1578 A_mean=0.1681 |g|=6.73e-04 bin=0.009 S_flip=0.214 t=60s
[P700_h140_pad0.040_s333] it  70 J=0.16658 A_min=0.1578 A_mean=0.1681 |g|=6.91e-04 bin=0.008 S_flip=0.215 t=61s
[P700_h140_pad0.040_s333] it  71 J=0.16660 A_min=0.1578 A_mean=0.1681 |g|=7.13e-04 bin=0.008 S_flip=0.215 t=62s
[P700_h140_pad0.040_s333] it  72 J=0.16662 A_min=0.1578 A_mean=0.1681 |g|=7.41e-04 bin=0.007 S_flip=0.216 t=63s
[P700_h140_pad0.040_s333] it  73 J=0.16663 A_min=0.1578 A_mean=0.1682 |g|=7.73e-04 bin=0.007 S_flip=0.217 t=64s
[P700_h140_pad0.040_s333] it  74 J=0.16665 A_min=0.1578 A_mean=0.1682 |g|=8.10e-04 bin=0.007 S_flip=0.217 t=65s
[P700_h140_pad0.040_s333] it  75 J=0.16667 A_min=0.1578 A_mean=0.1682 |g|=8.54e-04 bin=0.006 S_flip=0.217 t=66s
[P700_h140_pad0.040_s333] it  76 J=0.16669 A_min=0.1579 A_mean=0.1682 |g|=9.04e-04 bin=0.006 S_flip=0.218 t=67s
[P700_h140_pad0.040_s333] it  77 J=0.16671 A_min=0.1579 A_mean=0.1682 |g|=9.55e-04 bin=0.006 S_flip=0.218 t=68s
[P700_h140_pad0.040_s333] it  78 J=0.16672 A_min=0.1579 A_mean=0.1683 |g|=9.94e-04 bin=0.005 S_flip=0.218 t=69s
[P700_h140_pad0.040_s333] it  79 J=0.16674 A_min=0.1579 A_mean=0.1683 |g|=1.00e-03 bin=0.005 S_flip=0.218 t=70s
[P700_h140_pad0.040_s333] it  80 J=0.16676 A_min=0.1579 A_mean=0.1683 |g|=9.75e-04 bin=0.004 S_flip=0.218 t=71s
[P700_h140_pad0.040_s333] it  81 J=0.16677 A_min=0.1579 A_mean=0.1683 |g|=9.44e-04 bin=0.004 S_flip=0.218 t=71s
[P700_h140_pad0.040_s333] it  82 J=0.16679 A_min=0.1579 A_mean=0.1683 |g|=9.39e-04 bin=0.004 S_flip=0.218 t=72s
[P700_h140_pad0.040_s333] it  83 J=0.16680 A_min=0.1579 A_mean=0.1683 |g|=9.59e-04 bin=0.003 S_flip=0.218 t=73s
[P700_h140_pad0.040_s333] it  84 J=0.16681 A_min=0.1579 A_mean=0.1683 |g|=9.85e-04 bin=0.003 S_flip=0.218 t=74s
[P700_h140_pad0.040_s333] it  85 J=0.16682 A_min=0.1579 A_mean=0.1684 |g|=9.96e-04 bin=0.003 S_flip=0.218 t=75s
[P700_h140_pad0.040_s333] it  86 J=0.16683 A_min=0.1579 A_mean=0.1684 |g|=9.70e-04 bin=0.003 S_flip=0.218 t=76s
[P700_h140_pad0.040_s333] it  87 J=0.16684 A_min=0.1579 A_mean=0.1684 |g|=8.96e-04 bin=0.002 S_flip=0.219 t=77s
[P700_h140_pad0.040_s333] it  88 J=0.16684 A_min=0.1579 A_mean=0.1684 |g|=7.87e-04 bin=0.002 S_flip=0.219 t=78s
[P700_h140_pad0.040_s333] it  89 J=0.16685 A_min=0.1579 A_mean=0.1684 |g|=6.70e-04 bin=0.002 S_flip=0.219 t=79s
[P700_h140_pad0.040_s333] it  90 J=0.16685 A_min=0.1579 A_mean=0.1684 |g|=5.70e-04 bin=0.002 S_flip=0.220 t=80s
[P700_h140_pad0.040_s333] it  91 J=0.16685 A_min=0.1579 A_mean=0.1684 |g|=4.98e-04 bin=0.001 S_flip=0.220 t=80s
[P700_h140_pad0.040_s333] it  92 J=0.16686 A_min=0.1579 A_mean=0.1684 |g|=4.51e-04 bin=0.001 S_flip=0.220 t=81s
[P700_h140_pad0.040_s333] it  93 J=0.16686 A_min=0.1579 A_mean=0.1684 |g|=4.21e-04 bin=0.001 S_flip=0.220 t=82s
[P700_h140_pad0.040_s333] it  94 J=0.16686 A_min=0.1579 A_mean=0.1684 |g|=4.03e-04 bin=0.001 S_flip=0.221 t=83s
[P700_h140_pad0.040_s333] it  95 J=0.16686 A_min=0.1579 A_mean=0.1684 |g|=3.92e-04 bin=0.001 S_flip=0.221 t=84s
[P700_h140_pad0.040_s333] it  96 J=0.16686 A_min=0.1579 A_mean=0.1684 |g|=3.86e-04 bin=0.001 S_flip=0.221 t=85s
[P700_h140_pad0.040_s333] it  97 J=0.16686 A_min=0.1579 A_mean=0.1684 |g|=3.82e-04 bin=0.001 S_flip=0.221 t=86s
[P700_h140_pad0.040_s333] it  98 J=0.16686 A_min=0.1579 A_mean=0.1684 |g|=3.81e-04 bin=0.001 S_flip=0.221 t=87s
[P700_h140_pad0.040_s333] it  99 J=0.16686 A_min=0.1579 A_mean=0.1684 |g|=3.82e-04 bin=0.001 S_flip=0.221 t=88s
[P700_h140_pad0.040_s333] done: J_soft=0.16686 J_hard=0.16686 A_hard=[0.1585, 0.1888, 0.1579] S_flip=0.223 wall=89s
[P700_h140_pad0.040_s1001] it   0 J=0.06939 A_min=0.0626 A_mean=0.0702 |g|=1.36e-03 bin=0.793 S_flip=0.056 t=1s
[P700_h140_pad0.040_s1001] it   1 J=0.07024 A_min=0.0634 A_mean=0.0711 |g|=1.42e-03 bin=0.789 S_flip=0.057 t=2s
[P700_h140_pad0.040_s1001] it   2 J=0.07117 A_min=0.0643 A_mean=0.0720 |g|=1.49e-03 bin=0.786 S_flip=0.058 t=3s
[P700_h140_pad0.040_s1001] it   3 J=0.07221 A_min=0.0653 A_mean=0.0731 |g|=1.56e-03 bin=0.782 S_flip=0.060 t=4s
[P700_h140_pad0.040_s1001] it   4 J=0.07337 A_min=0.0665 A_mean=0.0742 |g|=1.65e-03 bin=0.777 S_flip=0.062 t=5s
[P700_h140_pad0.040_s1001] it   5 J=0.07464 A_min=0.0677 A_mean=0.0755 |g|=1.74e-03 bin=0.772 S_flip=0.063 t=6s
[P700_h140_pad0.040_s1001] it   6 J=0.07606 A_min=0.0691 A_mean=0.0769 |g|=1.84e-03 bin=0.766 S_flip=0.065 t=7s
[P700_h140_pad0.040_s1001] it   7 J=0.07761 A_min=0.0706 A_mean=0.0785 |g|=1.95e-03 bin=0.759 S_flip=0.068 t=8s
[P700_h140_pad0.040_s1001] it   8 J=0.07933 A_min=0.0723 A_mean=0.0802 |g|=2.08e-03 bin=0.752 S_flip=0.070 t=9s
[P700_h140_pad0.040_s1001] it   9 J=0.08121 A_min=0.0741 A_mean=0.0821 |g|=2.22e-03 bin=0.744 S_flip=0.072 t=9s
[P700_h140_pad0.040_s1001] it  10 J=0.08327 A_min=0.0761 A_mean=0.0842 |g|=2.37e-03 bin=0.736 S_flip=0.075 t=10s
[P700_h140_pad0.040_s1001] it  11 J=0.08553 A_min=0.0783 A_mean=0.0865 |g|=2.54e-03 bin=0.726 S_flip=0.078 t=11s
[P700_h140_pad0.040_s1001] it  12 J=0.08798 A_min=0.0807 A_mean=0.0889 |g|=2.74e-03 bin=0.715 S_flip=0.080 t=12s
[P700_h140_pad0.040_s1001] it  13 J=0.09066 A_min=0.0833 A_mean=0.0916 |g|=2.94e-03 bin=0.704 S_flip=0.083 t=13s
[P700_h140_pad0.040_s1001] it  14 J=0.09357 A_min=0.0861 A_mean=0.0946 |g|=3.17e-03 bin=0.691 S_flip=0.085 t=14s
[P700_h140_pad0.040_s1001] it  15 J=0.09674 A_min=0.0892 A_mean=0.0977 |g|=3.40e-03 bin=0.676 S_flip=0.088 t=15s
[P700_h140_pad0.040_s1001] it  16 J=0.10019 A_min=0.0925 A_mean=0.1012 |g|=3.63e-03 bin=0.660 S_flip=0.090 t=16s
[P700_h140_pad0.040_s1001] it  17 J=0.10393 A_min=0.0961 A_mean=0.1050 |g|=3.85e-03 bin=0.641 S_flip=0.091 t=17s
[P700_h140_pad0.040_s1001] it  18 J=0.10796 A_min=0.1000 A_mean=0.1090 |g|=4.04e-03 bin=0.620 S_flip=0.092 t=18s
[P700_h140_pad0.040_s1001] it  19 J=0.11227 A_min=0.1042 A_mean=0.1134 |g|=4.18e-03 bin=0.595 S_flip=0.093 t=19s
[P700_h140_pad0.040_s1001] it  20 J=0.11683 A_min=0.1086 A_mean=0.1180 |g|=4.24e-03 bin=0.567 S_flip=0.093 t=19s
[P700_h140_pad0.040_s1001] it  21 J=0.12155 A_min=0.1132 A_mean=0.1227 |g|=4.21e-03 bin=0.535 S_flip=0.093 t=20s
[P700_h140_pad0.040_s1001] it  22 J=0.12634 A_min=0.1178 A_mean=0.1275 |g|=4.09e-03 bin=0.499 S_flip=0.092 t=21s
[P700_h140_pad0.040_s1001] it  23 J=0.13106 A_min=0.1224 A_mean=0.1323 |g|=3.88e-03 bin=0.461 S_flip=0.091 t=22s
[P700_h140_pad0.040_s1001] it  24 J=0.13559 A_min=0.1268 A_mean=0.1368 |g|=3.59e-03 bin=0.420 S_flip=0.091 t=23s
[P700_h140_pad0.040_s1001] it  25 J=0.13981 A_min=0.1309 A_mean=0.1411 |g|=3.27e-03 bin=0.380 S_flip=0.090 t=24s
[P700_h140_pad0.040_s1001] it  26 J=0.14362 A_min=0.1346 A_mean=0.1449 |g|=2.94e-03 bin=0.340 S_flip=0.090 t=25s
[P700_h140_pad0.040_s1001] it  27 J=0.14700 A_min=0.1380 A_mean=0.1483 |g|=2.62e-03 bin=0.302 S_flip=0.090 t=26s
[P700_h140_pad0.040_s1001] it  28 J=0.14993 A_min=0.1409 A_mean=0.1513 |g|=2.34e-03 bin=0.268 S_flip=0.091 t=27s
[P700_h140_pad0.040_s1001] it  29 J=0.15242 A_min=0.1434 A_mean=0.1538 |g|=2.10e-03 bin=0.236 S_flip=0.093 t=28s
[P700_h140_pad0.040_s1001] it  30 J=0.15454 A_min=0.1455 A_mean=0.1559 |g|=1.90e-03 bin=0.209 S_flip=0.094 t=29s
[P700_h140_pad0.040_s1001] it  31 J=0.15631 A_min=0.1473 A_mean=0.1577 |g|=1.73e-03 bin=0.185 S_flip=0.096 t=30s
[P700_h140_pad0.040_s1001] it  32 J=0.15780 A_min=0.1488 A_mean=0.1592 |g|=1.59e-03 bin=0.164 S_flip=0.098 t=31s
[P700_h140_pad0.040_s1001] it  33 J=0.15904 A_min=0.1501 A_mean=0.1605 |g|=1.48e-03 bin=0.146 S_flip=0.101 t=32s
[P700_h140_pad0.040_s1001] it  34 J=0.16009 A_min=0.1512 A_mean=0.1615 |g|=1.37e-03 bin=0.130 S_flip=0.103 t=33s
[P700_h140_pad0.040_s1001] it  35 J=0.16096 A_min=0.1521 A_mean=0.1624 |g|=1.29e-03 bin=0.117 S_flip=0.106 t=33s
[P700_h140_pad0.040_s1001] it  36 J=0.16170 A_min=0.1529 A_mean=0.1632 |g|=1.21e-03 bin=0.105 S_flip=0.109 t=34s
[P700_h140_pad0.040_s1001] it  37 J=0.16233 A_min=0.1536 A_mean=0.1638 |g|=1.15e-03 bin=0.095 S_flip=0.111 t=35s
[P700_h140_pad0.040_s1001] it  38 J=0.16287 A_min=0.1541 A_mean=0.1644 |g|=1.09e-03 bin=0.086 S_flip=0.114 t=36s
[P700_h140_pad0.040_s1001] it  39 J=0.16332 A_min=0.1546 A_mean=0.1648 |g|=1.04e-03 bin=0.079 S_flip=0.117 t=37s
[P700_h140_pad0.040_s1001] it  40 J=0.16372 A_min=0.1550 A_mean=0.1652 |g|=9.97e-04 bin=0.072 S_flip=0.120 t=38s
[P700_h140_pad0.040_s1001] it  41 J=0.16406 A_min=0.1554 A_mean=0.1656 |g|=9.60e-04 bin=0.066 S_flip=0.123 t=39s
[P700_h140_pad0.040_s1001] it  42 J=0.16435 A_min=0.1557 A_mean=0.1659 |g|=9.28e-04 bin=0.060 S_flip=0.125 t=40s
[P700_h140_pad0.040_s1001] it  43 J=0.16461 A_min=0.1560 A_mean=0.1661 |g|=8.99e-04 bin=0.056 S_flip=0.128 t=41s
[P700_h140_pad0.040_s1001] it  44 J=0.16484 A_min=0.1562 A_mean=0.1664 |g|=8.73e-04 bin=0.051 S_flip=0.131 t=42s
[P700_h140_pad0.040_s1001] it  45 J=0.16504 A_min=0.1564 A_mean=0.1666 |g|=8.50e-04 bin=0.047 S_flip=0.133 t=43s
[P700_h140_pad0.040_s1001] it  46 J=0.16521 A_min=0.1566 A_mean=0.1667 |g|=8.29e-04 bin=0.044 S_flip=0.136 t=44s
[P700_h140_pad0.040_s1001] it  47 J=0.16537 A_min=0.1567 A_mean=0.1669 |g|=8.10e-04 bin=0.040 S_flip=0.138 t=44s
[P700_h140_pad0.040_s1001] it  48 J=0.16551 A_min=0.1568 A_mean=0.1670 |g|=7.92e-04 bin=0.037 S_flip=0.141 t=45s
[P700_h140_pad0.040_s1001] it  49 J=0.16564 A_min=0.1570 A_mean=0.1672 |g|=7.76e-04 bin=0.035 S_flip=0.143 t=46s
[P700_h140_pad0.040_s1001] it  50 J=0.16575 A_min=0.1570 A_mean=0.1673 |g|=7.61e-04 bin=0.032 S_flip=0.146 t=47s
[P700_h140_pad0.040_s1001] it  51 J=0.16585 A_min=0.1571 A_mean=0.1674 |g|=7.47e-04 bin=0.030 S_flip=0.148 t=48s
[P700_h140_pad0.040_s1001] it  52 J=0.16594 A_min=0.1572 A_mean=0.1675 |g|=7.35e-04 bin=0.028 S_flip=0.150 t=49s
[P700_h140_pad0.040_s1001] it  53 J=0.16603 A_min=0.1573 A_mean=0.1676 |g|=7.25e-04 bin=0.026 S_flip=0.152 t=50s
[P700_h140_pad0.040_s1001] it  54 J=0.16610 A_min=0.1573 A_mean=0.1676 |g|=7.18e-04 bin=0.024 S_flip=0.154 t=51s
[P700_h140_pad0.040_s1001] it  55 J=0.16617 A_min=0.1574 A_mean=0.1677 |g|=7.13e-04 bin=0.022 S_flip=0.155 t=52s
[P700_h140_pad0.040_s1001] it  56 J=0.16624 A_min=0.1574 A_mean=0.1678 |g|=7.10e-04 bin=0.021 S_flip=0.157 t=52s
[P700_h140_pad0.040_s1001] it  57 J=0.16629 A_min=0.1575 A_mean=0.1678 |g|=7.10e-04 bin=0.020 S_flip=0.158 t=53s
[P700_h140_pad0.040_s1001] it  58 J=0.16635 A_min=0.1575 A_mean=0.1679 |g|=7.12e-04 bin=0.018 S_flip=0.159 t=54s
[P700_h140_pad0.040_s1001] it  59 J=0.16640 A_min=0.1576 A_mean=0.1679 |g|=7.14e-04 bin=0.017 S_flip=0.161 t=55s
[P700_h140_pad0.040_s1001] it  60 J=0.16645 A_min=0.1576 A_mean=0.1680 |g|=7.15e-04 bin=0.016 S_flip=0.162 t=56s
[P700_h140_pad0.040_s1001] it  61 J=0.16649 A_min=0.1576 A_mean=0.1680 |g|=7.13e-04 bin=0.015 S_flip=0.163 t=57s
[P700_h140_pad0.040_s1001] it  62 J=0.16653 A_min=0.1577 A_mean=0.1681 |g|=7.05e-04 bin=0.014 S_flip=0.164 t=58s
[P700_h140_pad0.040_s1001] it  63 J=0.16657 A_min=0.1577 A_mean=0.1681 |g|=6.91e-04 bin=0.013 S_flip=0.165 t=59s
[P700_h140_pad0.040_s1001] it  64 J=0.16661 A_min=0.1577 A_mean=0.1682 |g|=6.72e-04 bin=0.012 S_flip=0.166 t=60s
[P700_h140_pad0.040_s1001] it  65 J=0.16664 A_min=0.1577 A_mean=0.1682 |g|=6.47e-04 bin=0.011 S_flip=0.166 t=61s
[P700_h140_pad0.040_s1001] it  66 J=0.16667 A_min=0.1578 A_mean=0.1682 |g|=6.20e-04 bin=0.010 S_flip=0.167 t=62s
[P700_h140_pad0.040_s1001] it  67 J=0.16670 A_min=0.1578 A_mean=0.1682 |g|=5.94e-04 bin=0.009 S_flip=0.168 t=63s
[P700_h140_pad0.040_s1001] it  68 J=0.16672 A_min=0.1578 A_mean=0.1683 |g|=5.72e-04 bin=0.009 S_flip=0.169 t=64s
[P700_h140_pad0.040_s1001] it  69 J=0.16674 A_min=0.1578 A_mean=0.1683 |g|=5.55e-04 bin=0.008 S_flip=0.170 t=65s
[P700_h140_pad0.040_s1001] it  70 J=0.16676 A_min=0.1578 A_mean=0.1683 |g|=5.42e-04 bin=0.007 S_flip=0.170 t=66s
[P700_h140_pad0.040_s1001] it  71 J=0.16678 A_min=0.1578 A_mean=0.1683 |g|=5.34e-04 bin=0.007 S_flip=0.171 t=67s
[P700_h140_pad0.040_s1001] it  72 J=0.16679 A_min=0.1578 A_mean=0.1683 |g|=5.29e-04 bin=0.006 S_flip=0.172 t=67s
[P700_h140_pad0.040_s1001] it  73 J=0.16681 A_min=0.1579 A_mean=0.1684 |g|=5.26e-04 bin=0.006 S_flip=0.173 t=68s
[P700_h140_pad0.040_s1001] it  74 J=0.16682 A_min=0.1579 A_mean=0.1684 |g|=5.24e-04 bin=0.006 S_flip=0.173 t=69s
[P700_h140_pad0.040_s1001] it  75 J=0.16683 A_min=0.1579 A_mean=0.1684 |g|=5.24e-04 bin=0.005 S_flip=0.174 t=70s
[P700_h140_pad0.040_s1001] it  76 J=0.16684 A_min=0.1579 A_mean=0.1684 |g|=5.25e-04 bin=0.005 S_flip=0.175 t=71s
[P700_h140_pad0.040_s1001] it  77 J=0.16685 A_min=0.1579 A_mean=0.1684 |g|=5.29e-04 bin=0.005 S_flip=0.175 t=72s
[P700_h140_pad0.040_s1001] it  78 J=0.16686 A_min=0.1579 A_mean=0.1684 |g|=5.36e-04 bin=0.004 S_flip=0.176 t=73s
[P700_h140_pad0.040_s1001] it  79 J=0.16686 A_min=0.1579 A_mean=0.1684 |g|=5.46e-04 bin=0.004 S_flip=0.176 t=74s
[P700_h140_pad0.040_s1001] it  80 J=0.16687 A_min=0.1579 A_mean=0.1684 |g|=5.57e-04 bin=0.004 S_flip=0.177 t=75s
[P700_h140_pad0.040_s1001] it  81 J=0.16688 A_min=0.1579 A_mean=0.1684 |g|=5.69e-04 bin=0.004 S_flip=0.177 t=76s
[P700_h140_pad0.040_s1001] it  82 J=0.16688 A_min=0.1579 A_mean=0.1684 |g|=5.79e-04 bin=0.003 S_flip=0.177 t=76s
[P700_h140_pad0.040_s1001] it  83 J=0.16689 A_min=0.1579 A_mean=0.1684 |g|=5.85e-04 bin=0.003 S_flip=0.178 t=77s
[P700_h140_pad0.040_s1001] it  84 J=0.16689 A_min=0.1579 A_mean=0.1684 |g|=5.87e-04 bin=0.003 S_flip=0.178 t=78s
[P700_h140_pad0.040_s1001] it  85 J=0.16690 A_min=0.1579 A_mean=0.1684 |g|=5.85e-04 bin=0.003 S_flip=0.179 t=79s
[P700_h140_pad0.040_s1001] it  86 J=0.16690 A_min=0.1579 A_mean=0.1685 |g|=5.79e-04 bin=0.003 S_flip=0.179 t=80s
[P700_h140_pad0.040_s1001] it  87 J=0.16690 A_min=0.1579 A_mean=0.1685 |g|=5.71e-04 bin=0.002 S_flip=0.180 t=81s
[P700_h140_pad0.040_s1001] it  88 J=0.16691 A_min=0.1579 A_mean=0.1685 |g|=5.61e-04 bin=0.002 S_flip=0.180 t=82s
[P700_h140_pad0.040_s1001] it  89 J=0.16691 A_min=0.1579 A_mean=0.1685 |g|=5.51e-04 bin=0.002 S_flip=0.181 t=83s
[P700_h140_pad0.040_s1001] it  90 J=0.16691 A_min=0.1579 A_mean=0.1685 |g|=5.41e-04 bin=0.002 S_flip=0.181 t=84s
[P700_h140_pad0.040_s1001] it  91 J=0.16691 A_min=0.1579 A_mean=0.1685 |g|=5.32e-04 bin=0.002 S_flip=0.182 t=85s
[P700_h140_pad0.040_s1001] it  92 J=0.16692 A_min=0.1579 A_mean=0.1685 |g|=5.24e-04 bin=0.002 S_flip=0.182 t=86s
[P700_h140_pad0.040_s1001] it  93 J=0.16692 A_min=0.1579 A_mean=0.1685 |g|=5.17e-04 bin=0.002 S_flip=0.182 t=86s
[P700_h140_pad0.040_s1001] it  94 J=0.16692 A_min=0.1579 A_mean=0.1685 |g|=5.12e-04 bin=0.001 S_flip=0.183 t=87s
[P700_h140_pad0.040_s1001] it  95 J=0.16692 A_min=0.1579 A_mean=0.1685 |g|=5.08e-04 bin=0.001 S_flip=0.183 t=88s
[P700_h140_pad0.040_s1001] it  96 J=0.16692 A_min=0.1579 A_mean=0.1685 |g|=5.06e-04 bin=0.001 S_flip=0.183 t=89s
[P700_h140_pad0.040_s1001] it  97 J=0.16692 A_min=0.1579 A_mean=0.1685 |g|=5.06e-04 bin=0.001 S_flip=0.184 t=90s
[P700_h140_pad0.040_s1001] it  98 J=0.16692 A_min=0.1579 A_mean=0.1685 |g|=5.09e-04 bin=0.001 S_flip=0.184 t=91s
[P700_h140_pad0.040_s1001] it  99 J=0.16692 A_min=0.1579 A_mean=0.1685 |g|=5.14e-04 bin=0.001 S_flip=0.184 t=92s
[P700_h140_pad0.040_s1001] done: J_soft=0.16692 J_hard=0.16692 A_hard=[0.1586, 0.1889, 0.1579] S_flip=0.187 wall=93s
[P700_h140_pad0.040_s7777] it   0 J=0.07019 A_min=0.0634 A_mean=0.0710 |g|=1.40e-03 bin=0.793 S_flip=0.050 t=1s
[P700_h140_pad0.040_s7777] it   1 J=0.07110 A_min=0.0643 A_mean=0.0719 |g|=1.46e-03 bin=0.789 S_flip=0.051 t=2s
[P700_h140_pad0.040_s7777] it   2 J=0.07211 A_min=0.0652 A_mean=0.0730 |g|=1.53e-03 bin=0.785 S_flip=0.052 t=3s
[P700_h140_pad0.040_s7777] it   3 J=0.07324 A_min=0.0663 A_mean=0.0741 |g|=1.61e-03 bin=0.781 S_flip=0.054 t=4s
[P700_h140_pad0.040_s7777] it   4 J=0.07449 A_min=0.0676 A_mean=0.0753 |g|=1.69e-03 bin=0.776 S_flip=0.055 t=5s
[P700_h140_pad0.040_s7777] it   5 J=0.07588 A_min=0.0689 A_mean=0.0767 |g|=1.78e-03 bin=0.771 S_flip=0.057 t=6s
[P700_h140_pad0.040_s7777] it   6 J=0.07741 A_min=0.0704 A_mean=0.0783 |g|=1.89e-03 bin=0.765 S_flip=0.058 t=6s
[P700_h140_pad0.040_s7777] it   7 J=0.07911 A_min=0.0720 A_mean=0.0800 |g|=2.00e-03 bin=0.758 S_flip=0.060 t=7s
[P700_h140_pad0.040_s7777] it   8 J=0.08099 A_min=0.0739 A_mean=0.0819 |g|=2.12e-03 bin=0.750 S_flip=0.062 t=8s
[P700_h140_pad0.040_s7777] it   9 J=0.08305 A_min=0.0759 A_mean=0.0840 |g|=2.26e-03 bin=0.742 S_flip=0.064 t=9s
[P700_h140_pad0.040_s7777] it  10 J=0.08530 A_min=0.0780 A_mean=0.0862 |g|=2.41e-03 bin=0.732 S_flip=0.066 t=10s
[P700_h140_pad0.040_s7777] it  11 J=0.08777 A_min=0.0804 A_mean=0.0887 |g|=2.58e-03 bin=0.722 S_flip=0.068 t=11s
[P700_h140_pad0.040_s7777] it  12 J=0.09045 A_min=0.0830 A_mean=0.0914 |g|=2.76e-03 bin=0.710 S_flip=0.070 t=12s
[P700_h140_pad0.040_s7777] it  13 J=0.09337 A_min=0.0859 A_mean=0.0943 |g|=2.95e-03 bin=0.697 S_flip=0.072 t=13s
[P700_h140_pad0.040_s7777] it  14 J=0.09653 A_min=0.0889 A_mean=0.0975 |g|=3.15e-03 bin=0.682 S_flip=0.074 t=14s
[P700_h140_pad0.040_s7777] it  15 J=0.09993 A_min=0.0922 A_mean=0.1009 |g|=3.35e-03 bin=0.666 S_flip=0.076 t=15s
[P700_h140_pad0.040_s7777] it  16 J=0.10359 A_min=0.0957 A_mean=0.1046 |g|=3.54e-03 bin=0.647 S_flip=0.077 t=15s
[P700_h140_pad0.040_s7777] it  17 J=0.10750 A_min=0.0995 A_mean=0.1086 |g|=3.70e-03 bin=0.626 S_flip=0.078 t=16s
[P700_h140_pad0.040_s7777] it  18 J=0.11165 A_min=0.1035 A_mean=0.1127 |g|=3.83e-03 bin=0.602 S_flip=0.079 t=17s
[P700_h140_pad0.040_s7777] it  19 J=0.11599 A_min=0.1077 A_mean=0.1171 |g|=3.90e-03 bin=0.575 S_flip=0.079 t=18s
[P700_h140_pad0.040_s7777] it  20 J=0.12048 A_min=0.1120 A_mean=0.1216 |g|=3.90e-03 bin=0.544 S_flip=0.079 t=19s
[P700_h140_pad0.040_s7777] it  21 J=0.12501 A_min=0.1164 A_mean=0.1262 |g|=3.82e-03 bin=0.511 S_flip=0.079 t=20s
[P700_h140_pad0.040_s7777] it  22 J=0.12950 A_min=0.1207 A_mean=0.1307 |g|=3.66e-03 bin=0.475 S_flip=0.078 t=21s
[P700_h140_pad0.040_s7777] it  23 J=0.13384 A_min=0.1249 A_mean=0.1350 |g|=3.44e-03 bin=0.437 S_flip=0.077 t=22s
[P700_h140_pad0.040_s7777] it  24 J=0.13791 A_min=0.1289 A_mean=0.1391 |g|=3.17e-03 bin=0.398 S_flip=0.076 t=23s
[P700_h140_pad0.040_s7777] it  25 J=0.14165 A_min=0.1325 A_mean=0.1429 |g|=2.88e-03 bin=0.359 S_flip=0.075 t=24s
[P700_h140_pad0.040_s7777] it  26 J=0.14499 A_min=0.1357 A_mean=0.1463 |g|=2.60e-03 bin=0.322 S_flip=0.075 t=25s
[P700_h140_pad0.040_s7777] it  27 J=0.14793 A_min=0.1386 A_mean=0.1492 |g|=2.34e-03 bin=0.287 S_flip=0.075 t=26s
[P700_h140_pad0.040_s7777] it  28 J=0.15047 A_min=0.1412 A_mean=0.1518 |g|=2.12e-03 bin=0.255 S_flip=0.076 t=27s
[P700_h140_pad0.040_s7777] it  29 J=0.15264 A_min=0.1433 A_mean=0.1540 |g|=1.94e-03 bin=0.227 S_flip=0.077 t=27s
[P700_h140_pad0.040_s7777] it  30 J=0.15448 A_min=0.1452 A_mean=0.1558 |g|=1.79e-03 bin=0.201 S_flip=0.078 t=28s
[P700_h140_pad0.040_s7777] it  31 J=0.15604 A_min=0.1468 A_mean=0.1574 |g|=1.68e-03 bin=0.179 S_flip=0.079 t=29s
[P700_h140_pad0.040_s7777] it  32 J=0.15736 A_min=0.1481 A_mean=0.1587 |g|=1.58e-03 bin=0.159 S_flip=0.081 t=30s
[P700_h140_pad0.040_s7777] it  33 J=0.15848 A_min=0.1493 A_mean=0.1599 |g|=1.50e-03 bin=0.143 S_flip=0.083 t=31s
[P700_h140_pad0.040_s7777] it  34 J=0.15943 A_min=0.1503 A_mean=0.1608 |g|=1.42e-03 bin=0.128 S_flip=0.085 t=32s
[P700_h140_pad0.040_s7777] it  35 J=0.16025 A_min=0.1512 A_mean=0.1617 |g|=1.36e-03 bin=0.115 S_flip=0.087 t=33s
[P700_h140_pad0.040_s7777] it  36 J=0.16095 A_min=0.1519 A_mean=0.1624 |g|=1.30e-03 bin=0.104 S_flip=0.089 t=34s
[P700_h140_pad0.040_s7777] it  37 J=0.16155 A_min=0.1526 A_mean=0.1630 |g|=1.24e-03 bin=0.094 S_flip=0.091 t=35s
[P700_h140_pad0.040_s7777] it  38 J=0.16207 A_min=0.1531 A_mean=0.1635 |g|=1.19e-03 bin=0.086 S_flip=0.093 t=36s
[P700_h140_pad0.040_s7777] it  39 J=0.16253 A_min=0.1536 A_mean=0.1640 |g|=1.14e-03 bin=0.078 S_flip=0.095 t=37s
[P700_h140_pad0.040_s7777] it  40 J=0.16292 A_min=0.1540 A_mean=0.1644 |g|=1.10e-03 bin=0.072 S_flip=0.098 t=38s
[P700_h140_pad0.040_s7777] it  41 J=0.16327 A_min=0.1544 A_mean=0.1647 |g|=1.05e-03 bin=0.066 S_flip=0.100 t=39s
[P700_h140_pad0.040_s7777] it  42 J=0.16357 A_min=0.1547 A_mean=0.1650 |g|=1.01e-03 bin=0.061 S_flip=0.102 t=40s
[P700_h140_pad0.040_s7777] it  43 J=0.16384 A_min=0.1550 A_mean=0.1653 |g|=9.80e-04 bin=0.056 S_flip=0.104 t=41s
[P700_h140_pad0.040_s7777] it  44 J=0.16408 A_min=0.1553 A_mean=0.1655 |g|=9.47e-04 bin=0.051 S_flip=0.107 t=41s
[P700_h140_pad0.040_s7777] it  45 J=0.16429 A_min=0.1555 A_mean=0.1657 |g|=9.18e-04 bin=0.047 S_flip=0.109 t=42s
[P700_h140_pad0.040_s7777] it  46 J=0.16447 A_min=0.1557 A_mean=0.1659 |g|=8.90e-04 bin=0.044 S_flip=0.111 t=43s
[P700_h140_pad0.040_s7777] it  47 J=0.16464 A_min=0.1559 A_mean=0.1661 |g|=8.66e-04 bin=0.041 S_flip=0.113 t=44s
[P700_h140_pad0.040_s7777] it  48 J=0.16479 A_min=0.1560 A_mean=0.1663 |g|=8.43e-04 bin=0.038 S_flip=0.116 t=45s
[P700_h140_pad0.040_s7777] it  49 J=0.16492 A_min=0.1562 A_mean=0.1664 |g|=8.22e-04 bin=0.035 S_flip=0.118 t=46s
[P700_h140_pad0.040_s7777] it  50 J=0.16504 A_min=0.1563 A_mean=0.1665 |g|=8.03e-04 bin=0.032 S_flip=0.120 t=47s
[P700_h140_pad0.040_s7777] it  51 J=0.16515 A_min=0.1564 A_mean=0.1666 |g|=7.85e-04 bin=0.030 S_flip=0.122 t=48s
[P700_h140_pad0.040_s7777] it  52 J=0.16525 A_min=0.1565 A_mean=0.1667 |g|=7.69e-04 bin=0.028 S_flip=0.124 t=49s
[P700_h140_pad0.040_s7777] it  53 J=0.16534 A_min=0.1566 A_mean=0.1668 |g|=7.54e-04 bin=0.026 S_flip=0.126 t=50s
[P700_h140_pad0.040_s7777] it  54 J=0.16542 A_min=0.1567 A_mean=0.1669 |g|=7.39e-04 bin=0.024 S_flip=0.127 t=51s
[P700_h140_pad0.040_s7777] it  55 J=0.16549 A_min=0.1568 A_mean=0.1670 |g|=7.26e-04 bin=0.022 S_flip=0.129 t=52s
[P700_h140_pad0.040_s7777] it  56 J=0.16556 A_min=0.1569 A_mean=0.1670 |g|=7.13e-04 bin=0.021 S_flip=0.131 t=53s
[P700_h140_pad0.040_s7777] it  57 J=0.16562 A_min=0.1569 A_mean=0.1671 |g|=7.00e-04 bin=0.019 S_flip=0.133 t=54s
[P700_h140_pad0.040_s7777] it  58 J=0.16567 A_min=0.1570 A_mean=0.1672 |g|=6.89e-04 bin=0.018 S_flip=0.134 t=55s
[P700_h140_pad0.040_s7777] it  59 J=0.16572 A_min=0.1571 A_mean=0.1672 |g|=6.78e-04 bin=0.017 S_flip=0.136 t=55s
[P700_h140_pad0.040_s7777] it  60 J=0.16577 A_min=0.1571 A_mean=0.1673 |g|=6.68e-04 bin=0.016 S_flip=0.137 t=56s
[P700_h140_pad0.040_s7777] it  61 J=0.16581 A_min=0.1572 A_mean=0.1673 |g|=6.58e-04 bin=0.015 S_flip=0.139 t=57s
[P700_h140_pad0.040_s7777] it  62 J=0.16585 A_min=0.1572 A_mean=0.1673 |g|=6.50e-04 bin=0.014 S_flip=0.140 t=58s
[P700_h140_pad0.040_s7777] it  63 J=0.16589 A_min=0.1572 A_mean=0.1674 |g|=6.42e-04 bin=0.013 S_flip=0.142 t=59s
[P700_h140_pad0.040_s7777] it  64 J=0.16592 A_min=0.1573 A_mean=0.1674 |g|=6.36e-04 bin=0.012 S_flip=0.143 t=60s
[P700_h140_pad0.040_s7777] it  65 J=0.16595 A_min=0.1573 A_mean=0.1674 |g|=6.30e-04 bin=0.011 S_flip=0.145 t=60s
[P700_h140_pad0.040_s7777] it  66 J=0.16598 A_min=0.1573 A_mean=0.1675 |g|=6.24e-04 bin=0.010 S_flip=0.146 t=61s
[P700_h140_pad0.040_s7777] it  67 J=0.16600 A_min=0.1574 A_mean=0.1675 |g|=6.18e-04 bin=0.010 S_flip=0.147 t=62s
[P700_h140_pad0.040_s7777] it  68 J=0.16603 A_min=0.1574 A_mean=0.1675 |g|=6.12e-04 bin=0.009 S_flip=0.149 t=63s
[P700_h140_pad0.040_s7777] it  69 J=0.16605 A_min=0.1574 A_mean=0.1675 |g|=6.09e-04 bin=0.008 S_flip=0.150 t=64s
[P700_h140_pad0.040_s7777] it  70 J=0.16607 A_min=0.1574 A_mean=0.1676 |g|=6.09e-04 bin=0.008 S_flip=0.151 t=65s
[P700_h140_pad0.040_s7777] it  71 J=0.16609 A_min=0.1575 A_mean=0.1676 |g|=6.11e-04 bin=0.007 S_flip=0.153 t=66s
[P700_h140_pad0.040_s7777] it  72 J=0.16610 A_min=0.1575 A_mean=0.1676 |g|=6.15e-04 bin=0.007 S_flip=0.154 t=67s
[P700_h140_pad0.040_s7777] it  73 J=0.16612 A_min=0.1575 A_mean=0.1676 |g|=6.17e-04 bin=0.006 S_flip=0.155 t=67s
[P700_h140_pad0.040_s7777] it  74 J=0.16613 A_min=0.1575 A_mean=0.1676 |g|=6.14e-04 bin=0.006 S_flip=0.156 t=68s
[P700_h140_pad0.040_s7777] it  75 J=0.16615 A_min=0.1575 A_mean=0.1676 |g|=6.05e-04 bin=0.006 S_flip=0.157 t=69s
[P700_h140_pad0.040_s7777] it  76 J=0.16616 A_min=0.1575 A_mean=0.1677 |g|=5.93e-04 bin=0.005 S_flip=0.158 t=70s
[P700_h140_pad0.040_s7777] it  77 J=0.16617 A_min=0.1576 A_mean=0.1677 |g|=5.80e-04 bin=0.005 S_flip=0.159 t=71s
[P700_h140_pad0.040_s7777] it  78 J=0.16618 A_min=0.1576 A_mean=0.1677 |g|=5.70e-04 bin=0.004 S_flip=0.159 t=72s
[P700_h140_pad0.040_s7777] it  79 J=0.16619 A_min=0.1576 A_mean=0.1677 |g|=5.65e-04 bin=0.004 S_flip=0.160 t=824s
[stage2] beta=15.79 n_iter=100 order=[5, 5] angles=[(0.0, 0.0), (20.0, 0.0), (20.0, 90.0)]
[stage2] P700_h120_pad0.040_s333: cached J_hard=0.15664
[stage2] P700_h120_pad0.040_s1001: cached J_hard=0.15675
[stage2] P700_h120_pad0.040_s7777: cached J_hard=0.15618
[stage2] P700_h120_pad0.080_s333: cached J_hard=0.15533
[stage2] P700_h120_pad0.080_s1001: cached J_hard=0.15551
[stage2] P700_h120_pad0.080_s7777: cached J_hard=0.15516
[stage2] P700_h120_pad0.120_s333: cached J_hard=0.15367
[stage2] P700_h120_pad0.120_s1001: cached J_hard=0.15380
[stage2] P700_h120_pad0.120_s7777: cached J_hard=0.15376
[stage2] P700_h140_pad0.040_s333: cached J_hard=0.16686
[stage2] P700_h140_pad0.040_s1001: cached J_hard=0.16692
[P700_h140_pad0.040_s7777] it   0 J=0.07019 A_min=0.0634 A_mean=0.0710 |g|=1.40e-03 bin=0.793 S_flip=0.050 t=9s
[P700_h140_pad0.040_s7777] it   1 J=0.07110 A_min=0.0643 A_mean=0.0719 |g|=1.46e-03 bin=0.789 S_flip=0.051 t=11s
[P700_h140_pad0.040_s7777] it   2 J=0.07211 A_min=0.0652 A_mean=0.0730 |g|=1.53e-03 bin=0.785 S_flip=0.052 t=12s
[P700_h140_pad0.040_s7777] it   3 J=0.07324 A_min=0.0663 A_mean=0.0741 |g|=1.61e-03 bin=0.781 S_flip=0.054 t=13s
[P700_h140_pad0.040_s7777] it   4 J=0.07449 A_min=0.0676 A_mean=0.0753 |g|=1.69e-03 bin=0.776 S_flip=0.055 t=14s
[P700_h140_pad0.040_s7777] it   5 J=0.07588 A_min=0.0689 A_mean=0.0767 |g|=1.78e-03 bin=0.771 S_flip=0.057 t=15s
[P700_h140_pad0.040_s7777] it   6 J=0.07741 A_min=0.0704 A_mean=0.0783 |g|=1.89e-03 bin=0.765 S_flip=0.058 t=17s
[P700_h140_pad0.040_s7777] it   7 J=0.07911 A_min=0.0720 A_mean=0.0800 |g|=2.00e-03 bin=0.758 S_flip=0.060 t=18s
[P700_h140_pad0.040_s7777] it   8 J=0.08099 A_min=0.0739 A_mean=0.0819 |g|=2.12e-03 bin=0.750 S_flip=0.062 t=20s
[P700_h140_pad0.040_s7777] it   9 J=0.08305 A_min=0.0759 A_mean=0.0840 |g|=2.26e-03 bin=0.742 S_flip=0.064 t=21s
[P700_h140_pad0.040_s7777] it  10 J=0.08530 A_min=0.0780 A_mean=0.0862 |g|=2.41e-03 bin=0.732 S_flip=0.066 t=22s
[P700_h140_pad0.040_s7777] it  11 J=0.08777 A_min=0.0804 A_mean=0.0887 |g|=2.58e-03 bin=0.722 S_flip=0.068 t=24s
[P700_h140_pad0.040_s7777] it  12 J=0.09045 A_min=0.0830 A_mean=0.0914 |g|=2.76e-03 bin=0.710 S_flip=0.070 t=25s
[P700_h140_pad0.040_s7777] it  13 J=0.09337 A_min=0.0859 A_mean=0.0943 |g|=2.95e-03 bin=0.697 S_flip=0.072 t=27s
[P700_h140_pad0.040_s7777] it  14 J=0.09653 A_min=0.0889 A_mean=0.0975 |g|=3.15e-03 bin=0.682 S_flip=0.074 t=28s
[P700_h140_pad0.040_s7777] it  15 J=0.09993 A_min=0.0922 A_mean=0.1009 |g|=3.35e-03 bin=0.666 S_flip=0.076 t=29s
[P700_h140_pad0.040_s7777] it  16 J=0.10359 A_min=0.0957 A_mean=0.1046 |g|=3.54e-03 bin=0.647 S_flip=0.077 t=30s
[P700_h140_pad0.040_s7777] it  17 J=0.10750 A_min=0.0995 A_mean=0.1086 |g|=3.70e-03 bin=0.626 S_flip=0.078 t=32s
[P700_h140_pad0.040_s7777] it  18 J=0.11165 A_min=0.1035 A_mean=0.1127 |g|=3.83e-03 bin=0.602 S_flip=0.079 t=33s
[P700_h140_pad0.040_s7777] it  19 J=0.11599 A_min=0.1077 A_mean=0.1171 |g|=3.90e-03 bin=0.575 S_flip=0.079 t=34s
[P700_h140_pad0.040_s7777] it  20 J=0.12048 A_min=0.1120 A_mean=0.1216 |g|=3.90e-03 bin=0.544 S_flip=0.079 t=36s
[P700_h140_pad0.040_s7777] it  21 J=0.12501 A_min=0.1164 A_mean=0.1262 |g|=3.82e-03 bin=0.511 S_flip=0.079 t=37s
[P700_h140_pad0.040_s7777] it  22 J=0.12950 A_min=0.1207 A_mean=0.1307 |g|=3.66e-03 bin=0.475 S_flip=0.078 t=39s
[P700_h140_pad0.040_s7777] it  23 J=0.13384 A_min=0.1249 A_mean=0.1350 |g|=3.44e-03 bin=0.437 S_flip=0.077 t=40s
[P700_h140_pad0.040_s7777] it  24 J=0.13791 A_min=0.1289 A_mean=0.1391 |g|=3.17e-03 bin=0.398 S_flip=0.076 t=41s
[P700_h140_pad0.040_s7777] it  25 J=0.14165 A_min=0.1325 A_mean=0.1429 |g|=2.88e-03 bin=0.359 S_flip=0.075 t=42s
[P700_h140_pad0.040_s7777] it  26 J=0.14499 A_min=0.1357 A_mean=0.1463 |g|=2.60e-03 bin=0.322 S_flip=0.075 t=44s
[P700_h140_pad0.040_s7777] it  27 J=0.14793 A_min=0.1386 A_mean=0.1492 |g|=2.34e-03 bin=0.287 S_flip=0.075 t=45s
[P700_h140_pad0.040_s7777] it  28 J=0.15047 A_min=0.1412 A_mean=0.1518 |g|=2.12e-03 bin=0.255 S_flip=0.076 t=46s
[P700_h140_pad0.040_s7777] it  29 J=0.15264 A_min=0.1433 A_mean=0.1540 |g|=1.94e-03 bin=0.227 S_flip=0.077 t=48s
[P700_h140_pad0.040_s7777] it  30 J=0.15448 A_min=0.1452 A_mean=0.1558 |g|=1.79e-03 bin=0.201 S_flip=0.078 t=49s
[P700_h140_pad0.040_s7777] it  31 J=0.15604 A_min=0.1468 A_mean=0.1574 |g|=1.68e-03 bin=0.179 S_flip=0.079 t=50s
[P700_h140_pad0.040_s7777] it  32 J=0.15736 A_min=0.1481 A_mean=0.1587 |g|=1.58e-03 bin=0.159 S_flip=0.081 t=52s
[P700_h140_pad0.040_s7777] it  33 J=0.15848 A_min=0.1493 A_mean=0.1599 |g|=1.50e-03 bin=0.143 S_flip=0.083 t=53s
[P700_h140_pad0.040_s7777] it  34 J=0.15943 A_min=0.1503 A_mean=0.1608 |g|=1.42e-03 bin=0.128 S_flip=0.085 t=54s
[P700_h140_pad0.040_s7777] it  35 J=0.16025 A_min=0.1512 A_mean=0.1617 |g|=1.36e-03 bin=0.115 S_flip=0.087 t=56s
[P700_h140_pad0.040_s7777] it  36 J=0.16095 A_min=0.1519 A_mean=0.1624 |g|=1.30e-03 bin=0.104 S_flip=0.089 t=57s
[P700_h140_pad0.040_s7777] it  37 J=0.16155 A_min=0.1526 A_mean=0.1630 |g|=1.24e-03 bin=0.094 S_flip=0.091 t=58s
[P700_h140_pad0.040_s7777] it  38 J=0.16207 A_min=0.1531 A_mean=0.1635 |g|=1.19e-03 bin=0.086 S_flip=0.093 t=60s
[P700_h140_pad0.040_s7777] it  39 J=0.16253 A_min=0.1536 A_mean=0.1640 |g|=1.14e-03 bin=0.078 S_flip=0.095 t=61s
[P700_h140_pad0.040_s7777] it  40 J=0.16292 A_min=0.1540 A_mean=0.1644 |g|=1.10e-03 bin=0.072 S_flip=0.098 t=62s
[P700_h140_pad0.040_s7777] it  41 J=0.16327 A_min=0.1544 A_mean=0.1647 |g|=1.05e-03 bin=0.066 S_flip=0.100 t=64s
[P700_h140_pad0.040_s7777] it  42 J=0.16357 A_min=0.1547 A_mean=0.1650 |g|=1.01e-03 bin=0.061 S_flip=0.102 t=65s
[P700_h140_pad0.040_s7777] it  43 J=0.16384 A_min=0.1550 A_mean=0.1653 |g|=9.80e-04 bin=0.056 S_flip=0.104 t=66s
[P700_h140_pad0.040_s7777] it  44 J=0.16408 A_min=0.1553 A_mean=0.1655 |g|=9.47e-04 bin=0.051 S_flip=0.107 t=68s
[P700_h140_pad0.040_s7777] it  45 J=0.16429 A_min=0.1555 A_mean=0.1657 |g|=9.18e-04 bin=0.047 S_flip=0.109 t=69s
[P700_h140_pad0.040_s7777] it  46 J=0.16447 A_min=0.1557 A_mean=0.1659 |g|=8.90e-04 bin=0.044 S_flip=0.111 t=70s
[P700_h140_pad0.040_s7777] it  47 J=0.16464 A_min=0.1559 A_mean=0.1661 |g|=8.66e-04 bin=0.041 S_flip=0.113 t=71s
[P700_h140_pad0.040_s7777] it  48 J=0.16479 A_min=0.1560 A_mean=0.1663 |g|=8.43e-04 bin=0.038 S_flip=0.116 t=73s
[P700_h140_pad0.040_s7777] it  49 J=0.16492 A_min=0.1562 A_mean=0.1664 |g|=8.22e-04 bin=0.035 S_flip=0.118 t=74s
[P700_h140_pad0.040_s7777] it  50 J=0.16504 A_min=0.1563 A_mean=0.1665 |g|=8.03e-04 bin=0.032 S_flip=0.120 t=75s
[P700_h140_pad0.040_s7777] it  51 J=0.16515 A_min=0.1564 A_mean=0.1666 |g|=7.85e-04 bin=0.030 S_flip=0.122 t=77s
[P700_h140_pad0.040_s7777] it  52 J=0.16525 A_min=0.1565 A_mean=0.1667 |g|=7.69e-04 bin=0.028 S_flip=0.124 t=78s
[P700_h140_pad0.040_s7777] it  53 J=0.16534 A_min=0.1566 A_mean=0.1668 |g|=7.54e-04 bin=0.026 S_flip=0.126 t=79s
[P700_h140_pad0.040_s7777] it  54 J=0.16542 A_min=0.1567 A_mean=0.1669 |g|=7.39e-04 bin=0.024 S_flip=0.127 t=81s
[P700_h140_pad0.040_s7777] it  55 J=0.16549 A_min=0.1568 A_mean=0.1670 |g|=7.26e-04 bin=0.022 S_flip=0.129 t=82s
[P700_h140_pad0.040_s7777] it  56 J=0.16556 A_min=0.1569 A_mean=0.1670 |g|=7.13e-04 bin=0.021 S_flip=0.131 t=83s
[P700_h140_pad0.040_s7777] it  57 J=0.16562 A_min=0.1569 A_mean=0.1671 |g|=7.00e-04 bin=0.019 S_flip=0.133 t=85s
[P700_h140_pad0.040_s7777] it  58 J=0.16567 A_min=0.1570 A_mean=0.1672 |g|=6.89e-04 bin=0.018 S_flip=0.134 t=86s
[P700_h140_pad0.040_s7777] it  59 J=0.16572 A_min=0.1571 A_mean=0.1672 |g|=6.78e-04 bin=0.017 S_flip=0.136 t=87s
[P700_h140_pad0.040_s7777] it  60 J=0.16577 A_min=0.1571 A_mean=0.1673 |g|=6.68e-04 bin=0.016 S_flip=0.137 t=89s
[P700_h140_pad0.040_s7777] it  61 J=0.16581 A_min=0.1572 A_mean=0.1673 |g|=6.58e-04 bin=0.015 S_flip=0.139 t=90s
[P700_h140_pad0.040_s7777] it  62 J=0.16585 A_min=0.1572 A_mean=0.1673 |g|=6.50e-04 bin=0.014 S_flip=0.140 t=92s
[P700_h140_pad0.040_s7777] it  63 J=0.16589 A_min=0.1572 A_mean=0.1674 |g|=6.42e-04 bin=0.013 S_flip=0.142 t=93s
[P700_h140_pad0.040_s7777] it  64 J=0.16592 A_min=0.1573 A_mean=0.1674 |g|=6.36e-04 bin=0.012 S_flip=0.143 t=94s
[P700_h140_pad0.040_s7777] it  65 J=0.16595 A_min=0.1573 A_mean=0.1674 |g|=6.30e-04 bin=0.011 S_flip=0.145 t=96s
[P700_h140_pad0.040_s7777] it  66 J=0.16598 A_min=0.1573 A_mean=0.1675 |g|=6.24e-04 bin=0.010 S_flip=0.146 t=97s
[P700_h140_pad0.040_s7777] it  67 J=0.16600 A_min=0.1574 A_mean=0.1675 |g|=6.18e-04 bin=0.010 S_flip=0.147 t=99s
[P700_h140_pad0.040_s7777] it  68 J=0.16603 A_min=0.1574 A_mean=0.1675 |g|=6.12e-04 bin=0.009 S_flip=0.149 t=100s
[P700_h140_pad0.040_s7777] it  69 J=0.16605 A_min=0.1574 A_mean=0.1675 |g|=6.09e-04 bin=0.008 S_flip=0.150 t=101s
[P700_h140_pad0.040_s7777] it  70 J=0.16607 A_min=0.1574 A_mean=0.1676 |g|=6.09e-04 bin=0.008 S_flip=0.151 t=103s
[P700_h140_pad0.040_s7777] it  71 J=0.16609 A_min=0.1575 A_mean=0.1676 |g|=6.11e-04 bin=0.007 S_flip=0.153 t=104s
[P700_h140_pad0.040_s7777] it  72 J=0.16610 A_min=0.1575 A_mean=0.1676 |g|=6.15e-04 bin=0.007 S_flip=0.154 t=105s
[P700_h140_pad0.040_s7777] it  73 J=0.16612 A_min=0.1575 A_mean=0.1676 |g|=6.17e-04 bin=0.006 S_flip=0.155 t=107s
[P700_h140_pad0.040_s7777] it  74 J=0.16613 A_min=0.1575 A_mean=0.1676 |g|=6.14e-04 bin=0.006 S_flip=0.156 t=108s
[P700_h140_pad0.040_s7777] it  75 J=0.16615 A_min=0.1575 A_mean=0.1676 |g|=6.05e-04 bin=0.006 S_flip=0.157 t=109s
[P700_h140_pad0.040_s7777] it  76 J=0.16616 A_min=0.1575 A_mean=0.1677 |g|=5.93e-04 bin=0.005 S_flip=0.158 t=111s
[P700_h140_pad0.040_s7777] it  77 J=0.16617 A_min=0.1576 A_mean=0.1677 |g|=5.80e-04 bin=0.005 S_flip=0.159 t=112s
[P700_h140_pad0.040_s7777] it  78 J=0.16618 A_min=0.1576 A_mean=0.1677 |g|=5.70e-04 bin=0.004 S_flip=0.159 t=113s
[P700_h140_pad0.040_s7777] it  79 J=0.16619 A_min=0.1576 A_mean=0.1677 |g|=5.65e-04 bin=0.004 S_flip=0.160 t=114s
[P700_h140_pad0.040_s7777] it  80 J=0.16620 A_min=0.1576 A_mean=0.1677 |g|=5.66e-04 bin=0.004 S_flip=0.160 t=116s
[P700_h140_pad0.040_s7777] it  81 J=0.16620 A_min=0.1576 A_mean=0.1677 |g|=5.70e-04 bin=0.003 S_flip=0.161 t=117s
[P700_h140_pad0.040_s7777] it  82 J=0.16621 A_min=0.1576 A_mean=0.1677 |g|=5.77e-04 bin=0.003 S_flip=0.161 t=118s
[P700_h140_pad0.040_s7777] it  83 J=0.16621 A_min=0.1576 A_mean=0.1677 |g|=5.85e-04 bin=0.003 S_flip=0.161 t=120s
[P700_h140_pad0.040_s7777] it  84 J=0.16622 A_min=0.1576 A_mean=0.1677 |g|=5.91e-04 bin=0.003 S_flip=0.162 t=121s
[P700_h140_pad0.040_s7777] it  85 J=0.16622 A_min=0.1576 A_mean=0.1677 |g|=5.96e-04 bin=0.003 S_flip=0.162 t=122s
[P700_h140_pad0.040_s7777] it  86 J=0.16623 A_min=0.1576 A_mean=0.1677 |g|=5.97e-04 bin=0.002 S_flip=0.163 t=123s
[P700_h140_pad0.040_s7777] it  87 J=0.16623 A_min=0.1576 A_mean=0.1677 |g|=5.96e-04 bin=0.002 S_flip=0.163 t=125s
[P700_h140_pad0.040_s7777] it  88 J=0.16623 A_min=0.1576 A_mean=0.1677 |g|=5.93e-04 bin=0.002 S_flip=0.164 t=126s
[P700_h140_pad0.040_s7777] it  89 J=0.16624 A_min=0.1576 A_mean=0.1677 |g|=5.88e-04 bin=0.002 S_flip=0.164 t=127s
[P700_h140_pad0.040_s7777] it  90 J=0.16624 A_min=0.1576 A_mean=0.1677 |g|=5.83e-04 bin=0.002 S_flip=0.164 t=129s
[P700_h140_pad0.040_s7777] it  91 J=0.16624 A_min=0.1576 A_mean=0.1677 |g|=5.77e-04 bin=0.002 S_flip=0.165 t=130s
[P700_h140_pad0.040_s7777] it  92 J=0.16624 A_min=0.1576 A_mean=0.1677 |g|=5.71e-04 bin=0.002 S_flip=0.165 t=131s
[P700_h140_pad0.040_s7777] it  93 J=0.16624 A_min=0.1577 A_mean=0.1677 |g|=5.64e-04 bin=0.001 S_flip=0.165 t=133s
[P700_h140_pad0.040_s7777] it  94 J=0.16624 A_min=0.1577 A_mean=0.1677 |g|=5.57e-04 bin=0.001 S_flip=0.166 t=134s
[P700_h140_pad0.040_s7777] it  95 J=0.16625 A_min=0.1577 A_mean=0.1677 |g|=5.50e-04 bin=0.001 S_flip=0.166 t=135s
[P700_h140_pad0.040_s7777] it  96 J=0.16625 A_min=0.1577 A_mean=0.1677 |g|=5.43e-04 bin=0.001 S_flip=0.166 t=137s
[P700_h140_pad0.040_s7777] it  97 J=0.16625 A_min=0.1577 A_mean=0.1677 |g|=5.36e-04 bin=0.001 S_flip=0.166 t=138s
[P700_h140_pad0.040_s7777] it  98 J=0.16625 A_min=0.1577 A_mean=0.1677 |g|=5.30e-04 bin=0.001 S_flip=0.167 t=139s
[P700_h140_pad0.040_s7777] it  99 J=0.16625 A_min=0.1577 A_mean=0.1677 |g|=5.24e-04 bin=0.001 S_flip=0.167 t=141s
[P700_h140_pad0.040_s7777] done: J_soft=0.16625 J_hard=0.16625 A_hard=[0.1577, 0.1878, 0.1578] S_flip=0.169 wall=143s
[P700_h140_pad0.080_s333] it   0 J=0.09001 A_min=0.0824 A_mean=0.0910 |g|=1.57e-03 bin=0.657 S_flip=0.053 t=1s
[P700_h140_pad0.080_s333] it   1 J=0.09062 A_min=0.0830 A_mean=0.0916 |g|=1.64e-03 bin=0.655 S_flip=0.054 t=3s
[P700_h140_pad0.080_s333] it   2 J=0.09129 A_min=0.0836 A_mean=0.0923 |g|=1.71e-03 bin=0.652 S_flip=0.056 t=4s
[P700_h140_pad0.080_s333] it   3 J=0.09204 A_min=0.0844 A_mean=0.0930 |g|=1.80e-03 bin=0.649 S_flip=0.057 t=5s
[P700_h140_pad0.080_s333] it   4 J=0.09289 A_min=0.0852 A_mean=0.0939 |g|=1.89e-03 bin=0.646 S_flip=0.058 t=7s
[P700_h140_pad0.080_s333] it   5 J=0.09384 A_min=0.0861 A_mean=0.0948 |g|=2.00e-03 bin=0.642 S_flip=0.060 t=8s
[P700_h140_pad0.080_s333] it   6 J=0.09493 A_min=0.0871 A_mean=0.0959 |g|=2.12e-03 bin=0.637 S_flip=0.061 t=9s
[P700_h140_pad0.080_s333] it   7 J=0.09617 A_min=0.0883 A_mean=0.0972 |g|=2.25e-03 bin=0.631 S_flip=0.063 t=11s
[P700_h140_pad0.080_s333] it   8 J=0.09758 A_min=0.0897 A_mean=0.0986 |g|=2.39e-03 bin=0.625 S_flip=0.065 t=12s
[P700_h140_pad0.080_s333] it   9 J=0.09919 A_min=0.0912 A_mean=0.1002 |g|=2.55e-03 bin=0.618 S_flip=0.067 t=13s
[P700_h140_pad0.080_s333] it  10 J=0.10104 A_min=0.0930 A_mean=0.1021 |g|=2.72e-03 bin=0.609 S_flip=0.069 t=15s
[P700_h140_pad0.080_s333] it  11 J=0.10314 A_min=0.0950 A_mean=0.1042 |g|=2.89e-03 bin=0.599 S_flip=0.071 t=16s
[P700_h140_pad0.080_s333] it  12 J=0.10552 A_min=0.0973 A_mean=0.1066 |g|=3.06e-03 bin=0.588 S_flip=0.073 t=17s
[P700_h140_pad0.080_s333] it  13 J=0.10820 A_min=0.0999 A_mean=0.1093 |g|=3.22e-03 bin=0.574 S_flip=0.075 t=19s
[P700_h140_pad0.080_s333] it  14 J=0.11119 A_min=0.1028 A_mean=0.1123 |g|=3.37e-03 bin=0.558 S_flip=0.077 t=20s
[P700_h140_pad0.080_s333] it  15 J=0.11449 A_min=0.1060 A_mean=0.1156 |g|=3.49e-03 bin=0.540 S_flip=0.079 t=22s
[P700_h140_pad0.080_s333] it  16 J=0.11807 A_min=0.1094 A_mean=0.1192 |g|=3.56e-03 bin=0.519 S_flip=0.080 t=23s
[P700_h140_pad0.080_s333] it  17 J=0.12188 A_min=0.1131 A_mean=0.1230 |g|=3.58e-03 bin=0.495 S_flip=0.082 t=25s
[P700_h140_pad0.080_s333] it  18 J=0.12586 A_min=0.1169 A_mean=0.1270 |g|=3.54e-03 bin=0.468 S_flip=0.083 t=26s
[P700_h140_pad0.080_s333] it  19 J=0.12990 A_min=0.1208 A_mean=0.1311 |g|=3.42e-03 bin=0.438 S_flip=0.085 t=28s
[P700_h140_pad0.080_s333] it  20 J=0.13392 A_min=0.1247 A_mean=0.1351 |g|=3.24e-03 bin=0.406 S_flip=0.086 t=29s
[P700_h140_pad0.080_s333] it  21 J=0.13779 A_min=0.1284 A_mean=0.1390 |g|=3.01e-03 bin=0.373 S_flip=0.087 t=31s
[P700_h140_pad0.080_s333] it  22 J=0.14142 A_min=0.1319 A_mean=0.1426 |g|=2.74e-03 bin=0.339 S_flip=0.088 t=32s
[P700_h140_pad0.080_s333] it  23 J=0.14474 A_min=0.1352 A_mean=0.1460 |g|=2.46e-03 bin=0.307 S_flip=0.090 t=34s
[P700_h140_pad0.080_s333] it  24 J=0.14771 A_min=0.1381 A_mean=0.1489 |g|=2.19e-03 bin=0.275 S_flip=0.091 t=35s
[P700_h140_pad0.080_s333] it  25 J=0.15030 A_min=0.1406 A_mean=0.1516 |g|=1.94e-03 bin=0.246 S_flip=0.093 t=37s
[P700_h140_pad0.080_s333] it  26 J=0.15253 A_min=0.1428 A_mean=0.1538 |g|=1.72e-03 bin=0.219 S_flip=0.095 t=38s
[P700_h140_pad0.080_s333] it  27 J=0.15443 A_min=0.1447 A_mean=0.1557 |g|=1.53e-03 bin=0.195 S_flip=0.097 t=39s
[P700_h140_pad0.080_s333] it  28 J=0.15603 A_min=0.1463 A_mean=0.1573 |g|=1.38e-03 bin=0.174 S_flip=0.100 t=41s
[P700_h140_pad0.080_s333] it  29 J=0.15737 A_min=0.1477 A_mean=0.1587 |g|=1.26e-03 bin=0.156 S_flip=0.102 t=42s
[P700_h140_pad0.080_s333] it  30 J=0.15849 A_min=0.1488 A_mean=0.1598 |g|=1.17e-03 bin=0.139 S_flip=0.105 t=43s
[P700_h140_pad0.080_s333] it  31 J=0.15943 A_min=0.1498 A_mean=0.1607 |g|=1.09e-03 bin=0.125 S_flip=0.109 t=45s
[P700_h140_pad0.080_s333] it  32 J=0.16023 A_min=0.1506 A_mean=0.1615 |g|=1.03e-03 bin=0.113 S_flip=0.112 t=46s
[P700_h140_pad0.080_s333] it  33 J=0.16090 A_min=0.1513 A_mean=0.1622 |g|=9.73e-04 bin=0.102 S_flip=0.115 t=48s
[P700_h140_pad0.080_s333] it  34 J=0.16147 A_min=0.1519 A_mean=0.1628 |g|=9.28e-04 bin=0.093 S_flip=0.119 t=49s
[P700_h140_pad0.080_s333] it  35 J=0.16196 A_min=0.1524 A_mean=0.1633 |g|=8.89e-04 bin=0.084 S_flip=0.123 t=50s
[P700_h140_pad0.080_s333] it  36 J=0.16238 A_min=0.1528 A_mean=0.1637 |g|=8.55e-04 bin=0.077 S_flip=0.127 t=52s
[P700_h140_pad0.080_s333] it  37 J=0.16275 A_min=0.1532 A_mean=0.1641 |g|=8.24e-04 bin=0.071 S_flip=0.130 t=53s
[P700_h140_pad0.080_s333] it  38 J=0.16307 A_min=0.1536 A_mean=0.1644 |g|=7.96e-04 bin=0.065 S_flip=0.134 t=55s
[P700_h140_pad0.080_s333] it  39 J=0.16334 A_min=0.1539 A_mean=0.1647 |g|=7.71e-04 bin=0.060 S_flip=0.138 t=56s
[P700_h140_pad0.080_s333] it  40 J=0.16358 A_min=0.1541 A_mean=0.1649 |g|=7.48e-04 bin=0.055 S_flip=0.142 t=58s
[P700_h140_pad0.080_s333] it  41 J=0.16380 A_min=0.1544 A_mean=0.1651 |g|=7.27e-04 bin=0.051 S_flip=0.146 t=59s
[P700_h140_pad0.080_s333] it  42 J=0.16399 A_min=0.1546 A_mean=0.1653 |g|=7.07e-04 bin=0.047 S_flip=0.149 t=60s
[P700_h140_pad0.080_s333] it  43 J=0.16415 A_min=0.1547 A_mean=0.1655 |g|=6.89e-04 bin=0.043 S_flip=0.153 t=62s
[P700_h140_pad0.080_s333] it  44 J=0.16430 A_min=0.1549 A_mean=0.1657 |g|=6.72e-04 bin=0.040 S_flip=0.157 t=63s
[P700_h140_pad0.080_s333] it  45 J=0.16443 A_min=0.1550 A_mean=0.1658 |g|=6.57e-04 bin=0.037 S_flip=0.160 t=65s
[P700_h140_pad0.080_s333] it  46 J=0.16455 A_min=0.1552 A_mean=0.1659 |g|=6.42e-04 bin=0.035 S_flip=0.164 t=66s
[P700_h140_pad0.080_s333] it  47 J=0.16466 A_min=0.1553 A_mean=0.1660 |g|=6.29e-04 bin=0.032 S_flip=0.167 t=68s
[P700_h140_pad0.080_s333] it  48 J=0.16475 A_min=0.1554 A_mean=0.1661 |g|=6.17e-04 bin=0.030 S_flip=0.170 t=69s
[P700_h140_pad0.080_s333] it  49 J=0.16484 A_min=0.1555 A_mean=0.1662 |g|=6.06e-04 bin=0.028 S_flip=0.173 t=70s
[P700_h140_pad0.080_s333] it  50 J=0.16491 A_min=0.1556 A_mean=0.1663 |g|=5.96e-04 bin=0.026 S_flip=0.176 t=72s
[P700_h140_pad0.080_s333] it  51 J=0.16498 A_min=0.1557 A_mean=0.1664 |g|=5.86e-04 bin=0.024 S_flip=0.179 t=73s
[P700_h140_pad0.080_s333] it  52 J=0.16504 A_min=0.1557 A_mean=0.1664 |g|=5.77e-04 bin=0.022 S_flip=0.182 t=75s
[P700_h140_pad0.080_s333] it  53 J=0.16510 A_min=0.1558 A_mean=0.1665 |g|=5.69e-04 bin=0.021 S_flip=0.185 t=76s
[P700_h140_pad0.080_s333] it  54 J=0.16515 A_min=0.1559 A_mean=0.1665 |g|=5.60e-04 bin=0.019 S_flip=0.188 t=78s
[P700_h140_pad0.080_s333] it  55 J=0.16520 A_min=0.1559 A_mean=0.1666 |g|=5.51e-04 bin=0.018 S_flip=0.191 t=79s
[P700_h140_pad0.080_s333] it  56 J=0.16525 A_min=0.1560 A_mean=0.1666 |g|=5.42e-04 bin=0.016 S_flip=0.194 t=81s
[P700_h140_pad0.080_s333] it  57 J=0.16529 A_min=0.1560 A_mean=0.1667 |g|=5.33e-04 bin=0.015 S_flip=0.196 t=82s
[P700_h140_pad0.080_s333] it  58 J=0.16532 A_min=0.1561 A_mean=0.1667 |g|=5.22e-04 bin=0.014 S_flip=0.199 t=83s
[P700_h140_pad0.080_s333] it  59 J=0.16536 A_min=0.1561 A_mean=0.1667 |g|=5.11e-04 bin=0.013 S_flip=0.201 t=85s
[P700_h140_pad0.080_s333] it  60 J=0.16539 A_min=0.1561 A_mean=0.1668 |g|=5.00e-04 bin=0.012 S_flip=0.204 t=86s
[P700_h140_pad0.080_s333] it  61 J=0.16542 A_min=0.1562 A_mean=0.1668 |g|=4.89e-04 bin=0.011 S_flip=0.206 t=88s
[P700_h140_pad0.080_s333] it  62 J=0.16544 A_min=0.1562 A_mean=0.1668 |g|=4.79e-04 bin=0.010 S_flip=0.208 t=89s
[P700_h140_pad0.080_s333] it  63 J=0.16546 A_min=0.1562 A_mean=0.1668 |g|=4.69e-04 bin=0.009 S_flip=0.210 t=90s
[P700_h140_pad0.080_s333] it  64 J=0.16548 A_min=0.1562 A_mean=0.1669 |g|=4.61e-04 bin=0.008 S_flip=0.211 t=92s
[P700_h140_pad0.080_s333] it  65 J=0.16550 A_min=0.1563 A_mean=0.1669 |g|=4.53e-04 bin=0.008 S_flip=0.213 t=93s
[P700_h140_pad0.080_s333] it  66 J=0.16552 A_min=0.1563 A_mean=0.1669 |g|=4.47e-04 bin=0.007 S_flip=0.214 t=95s
[P700_h140_pad0.080_s333] it  67 J=0.16553 A_min=0.1563 A_mean=0.1669 |g|=4.42e-04 bin=0.007 S_flip=0.216 t=96s
[P700_h140_pad0.080_s333] it  68 J=0.16555 A_min=0.1563 A_mean=0.1669 |g|=4.38e-04 bin=0.006 S_flip=0.217 t=97s
[P700_h140_pad0.080_s333] it  69 J=0.16556 A_min=0.1563 A_mean=0.1669 |g|=4.34e-04 bin=0.006 S_flip=0.218 t=99s
[P700_h140_pad0.080_s333] it  70 J=0.16557 A_min=0.1563 A_mean=0.1670 |g|=4.32e-04 bin=0.005 S_flip=0.219 t=100s
[P700_h140_pad0.080_s333] it  71 J=0.16558 A_min=0.1564 A_mean=0.1670 |g|=4.31e-04 bin=0.005 S_flip=0.220 t=102s
[P700_h140_pad0.080_s333] it  72 J=0.16559 A_min=0.1564 A_mean=0.1670 |g|=4.32e-04 bin=0.005 S_flip=0.221 t=103s
[P700_h140_pad0.080_s333] it  73 J=0.16560 A_min=0.1564 A_mean=0.1670 |g|=4.36e-04 bin=0.004 S_flip=0.221 t=105s
[P700_h140_pad0.080_s333] it  74 J=0.16560 A_min=0.1564 A_mean=0.1670 |g|=4.41e-04 bin=0.004 S_flip=0.222 t=106s
[P700_h140_pad0.080_s333] it  75 J=0.16561 A_min=0.1564 A_mean=0.1670 |g|=4.49e-04 bin=0.004 S_flip=0.223 t=108s
[P700_h140_pad0.080_s333] it  76 J=0.16562 A_min=0.1564 A_mean=0.1670 |g|=4.56e-04 bin=0.003 S_flip=0.223 t=109s
[P700_h140_pad0.080_s333] it  77 J=0.16562 A_min=0.1564 A_mean=0.1670 |g|=4.62e-04 bin=0.003 S_flip=0.224 t=110s
[P700_h140_pad0.080_s333] it  78 J=0.16563 A_min=0.1564 A_mean=0.1670 |g|=4.66e-04 bin=0.003 S_flip=0.224 t=112s
[P700_h140_pad0.080_s333] it  79 J=0.16564 A_min=0.1564 A_mean=0.1670 |g|=4.66e-04 bin=0.003 S_flip=0.225 t=113s
[P700_h140_pad0.080_s333] it  80 J=0.16564 A_min=0.1564 A_mean=0.1670 |g|=4.62e-04 bin=0.003 S_flip=0.225 t=115s
[P700_h140_pad0.080_s333] it  81 J=0.16565 A_min=0.1564 A_mean=0.1670 |g|=4.54e-04 bin=0.002 S_flip=0.225 t=116s
[P700_h140_pad0.080_s333] it  82 J=0.16565 A_min=0.1564 A_mean=0.1670 |g|=4.44e-04 bin=0.002 S_flip=0.226 t=117s
[P700_h140_pad0.080_s333] it  83 J=0.16565 A_min=0.1564 A_mean=0.1670 |g|=4.31e-04 bin=0.002 S_flip=0.226 t=118s
[P700_h140_pad0.080_s333] it  84 J=0.16566 A_min=0.1565 A_mean=0.1670 |g|=4.18e-04 bin=0.002 S_flip=0.227 t=120s
[P700_h140_pad0.080_s333] it  85 J=0.16566 A_min=0.1565 A_mean=0.1670 |g|=4.05e-04 bin=0.002 S_flip=0.227 t=121s
[P700_h140_pad0.080_s333] it  86 J=0.16566 A_min=0.1565 A_mean=0.1671 |g|=3.93e-04 bin=0.002 S_flip=0.227 t=123s
[P700_h140_pad0.080_s333] it  87 J=0.16566 A_min=0.1565 A_mean=0.1671 |g|=3.81e-04 bin=0.001 S_flip=0.228 t=124s
[P700_h140_pad0.080_s333] it  88 J=0.16566 A_min=0.1565 A_mean=0.1671 |g|=3.71e-04 bin=0.001 S_flip=0.228 t=125s
[P700_h140_pad0.080_s333] it  89 J=0.16567 A_min=0.1565 A_mean=0.1671 |g|=3.61e-04 bin=0.001 S_flip=0.228 t=127s
[P700_h140_pad0.080_s333] it  90 J=0.16567 A_min=0.1565 A_mean=0.1671 |g|=3.52e-04 bin=0.001 S_flip=0.228 t=128s
[P700_h140_pad0.080_s333] it  91 J=0.16567 A_min=0.1565 A_mean=0.1671 |g|=3.44e-04 bin=0.001 S_flip=0.228 t=129s
[P700_h140_pad0.080_s333] it  92 J=0.16567 A_min=0.1565 A_mean=0.1671 |g|=3.38e-04 bin=0.001 S_flip=0.229 t=131s
[P700_h140_pad0.080_s333] it  93 J=0.16567 A_min=0.1565 A_mean=0.1671 |g|=3.33e-04 bin=0.001 S_flip=0.229 t=132s
[P700_h140_pad0.080_s333] it  94 J=0.16567 A_min=0.1565 A_mean=0.1671 |g|=3.30e-04 bin=0.001 S_flip=0.229 t=133s
[P700_h140_pad0.080_s333] it  95 J=0.16567 A_min=0.1565 A_mean=0.1671 |g|=3.29e-04 bin=0.001 S_flip=0.229 t=135s
[P700_h140_pad0.080_s333] it  96 J=0.16567 A_min=0.1565 A_mean=0.1671 |g|=3.30e-04 bin=0.000 S_flip=0.229 t=136s
[P700_h140_pad0.080_s333] it  97 J=0.16567 A_min=0.1565 A_mean=0.1671 |g|=3.32e-04 bin=0.000 S_flip=0.229 t=138s
[P700_h140_pad0.080_s333] it  98 J=0.16567 A_min=0.1565 A_mean=0.1671 |g|=3.37e-04 bin=0.000 S_flip=0.229 t=139s
[P700_h140_pad0.080_s333] it  99 J=0.16567 A_min=0.1565 A_mean=0.1671 |g|=3.44e-04 bin=0.000 S_flip=0.229 t=141s
[P700_h140_pad0.080_s333] done: J_soft=0.16567 J_hard=0.16567 A_hard=[0.1565, 0.1863, 0.1584] S_flip=0.229 wall=142s
[P700_h140_pad0.080_s1001] it   0 J=0.08907 A_min=0.0815 A_mean=0.0900 |g|=1.56e-03 bin=0.656 S_flip=0.058 t=1s
[P700_h140_pad0.080_s1001] it   1 J=0.08964 A_min=0.0820 A_mean=0.0906 |g|=1.63e-03 bin=0.654 S_flip=0.059 t=3s
[P700_h140_pad0.080_s1001] it   2 J=0.09026 A_min=0.0826 A_mean=0.0912 |g|=1.71e-03 bin=0.652 S_flip=0.060 t=4s
[P700_h140_pad0.080_s1001] it   3 J=0.09096 A_min=0.0833 A_mean=0.0919 |g|=1.79e-03 bin=0.649 S_flip=0.061 t=6s
[P700_h140_pad0.080_s1001] it   4 J=0.09175 A_min=0.0841 A_mean=0.0927 |g|=1.89e-03 bin=0.645 S_flip=0.062 t=7s
[P700_h140_pad0.080_s1001] it   5 J=0.09263 A_min=0.0849 A_mean=0.0936 |g|=2.00e-03 bin=0.642 S_flip=0.064 t=9s
[P700_h140_pad0.080_s1001] it   6 J=0.09365 A_min=0.0859 A_mean=0.0946 |g|=2.12e-03 bin=0.637 S_flip=0.065 t=10s
[P700_h140_pad0.080_s1001] it   7 J=0.09480 A_min=0.0870 A_mean=0.0958 |g|=2.25e-03 bin=0.632 S_flip=0.067 t=12s
[P700_h140_pad0.080_s1001] it   8 J=0.09613 A_min=0.0883 A_mean=0.0971 |g|=2.40e-03 bin=0.626 S_flip=0.069 t=13s
[P700_h140_pad0.080_s1001] it   9 J=0.09765 A_min=0.0898 A_mean=0.0987 |g|=2.57e-03 bin=0.619 S_flip=0.070 t=15s
[P700_h140_pad0.080_s1001] it  10 J=0.09940 A_min=0.0914 A_mean=0.1004 |g|=2.74e-03 bin=0.612 S_flip=0.072 t=16s
[P700_h140_pad0.080_s1001] it  11 J=0.10140 A_min=0.0934 A_mean=0.1024 |g|=2.93e-03 bin=0.603 S_flip=0.073 t=17s
[P700_h140_pad0.080_s1001] it  12 J=0.10369 A_min=0.0956 A_mean=0.1047 |g|=3.12e-03 bin=0.592 S_flip=0.075 t=19s
[P700_h140_pad0.080_s1001] it  13 J=0.10630 A_min=0.0981 A_mean=0.1073 |g|=3.30e-03 bin=0.580 S_flip=0.076 t=20s
[P700_h140_pad0.080_s1001] it  14 J=0.10923 A_min=0.1009 A_mean=0.1103 |g|=3.48e-03 bin=0.566 S_flip=0.077 t=21s
[P700_h140_pad0.080_s1001] it  15 J=0.11249 A_min=0.1041 A_mean=0.1136 |g|=3.62e-03 bin=0.549 S_flip=0.077 t=23s
[P700_h140_pad0.080_s1001] it  16 J=0.11608 A_min=0.1075 A_mean=0.1172 |g|=3.73e-03 bin=0.529 S_flip=0.078 t=24s
[P700_h140_pad0.080_s1001] it  17 J=0.11994 A_min=0.1113 A_mean=0.1210 |g|=3.77e-03 bin=0.506 S_flip=0.077 t=25s
[P700_h140_pad0.080_s1001] it  18 J=0.12402 A_min=0.1152 A_mean=0.1251 |g|=3.75e-03 bin=0.480 S_flip=0.077 t=27s
[P700_h140_pad0.080_s1001] it  19 J=0.12823 A_min=0.1192 A_mean=0.1294 |g|=3.65e-03 bin=0.451 S_flip=0.077 t=28s
[P700_h140_pad0.080_s1001] it  20 J=0.13244 A_min=0.1233 A_mean=0.1336 |g|=3.48e-03 bin=0.419 S_flip=0.076 t=29s
[P700_h140_pad0.080_s1001] it  21 J=0.13654 A_min=0.1273 A_mean=0.1377 |g|=3.24e-03 bin=0.386 S_flip=0.075 t=31s
[P700_h140_pad0.080_s1001] it  22 J=0.14041 A_min=0.1310 A_mean=0.1416 |g|=2.95e-03 bin=0.352 S_flip=0.075 t=32s
[P700_h140_pad0.080_s1001] it  23 J=0.14397 A_min=0.1345 A_mean=0.1452 |g|=2.64e-03 bin=0.318 S_flip=0.075 t=33s
[P700_h140_pad0.080_s1001] it  24 J=0.14716 A_min=0.1376 A_mean=0.1484 |g|=2.34e-03 bin=0.285 S_flip=0.075 t=35s
[P700_h140_pad0.080_s1001] it  25 J=0.14995 A_min=0.1403 A_mean=0.1512 |g|=2.05e-03 bin=0.254 S_flip=0.076 t=36s
[P700_h140_pad0.080_s1001] it  26 J=0.15235 A_min=0.1427 A_mean=0.1536 |g|=1.80e-03 bin=0.226 S_flip=0.077 t=38s
[P700_h140_pad0.080_s1001] it  27 J=0.15438 A_min=0.1447 A_mean=0.1557 |g|=1.59e-03 bin=0.201 S_flip=0.078 t=39s
[P700_h140_pad0.080_s1001] it  28 J=0.15609 A_min=0.1464 A_mean=0.1574 |g|=1.42e-03 bin=0.178 S_flip=0.080 t=40s
[P700_h140_pad0.080_s1001] it  29 J=0.15751 A_min=0.1479 A_mean=0.1588 |g|=1.28e-03 bin=0.159 S_flip=0.082 t=42s
[P700_h140_pad0.080_s1001] it  30 J=0.15870 A_min=0.1491 A_mean=0.1600 |g|=1.16e-03 bin=0.142 S_flip=0.084 t=43s
[P700_h140_pad0.080_s1001] it  31 J=0.15969 A_min=0.1501 A_mean=0.1610 |g|=1.07e-03 bin=0.127 S_flip=0.087 t=44s
[P700_h140_pad0.080_s1001] it  32 J=0.16051 A_min=0.1509 A_mean=0.1618 |g|=9.95e-04 bin=0.114 S_flip=0.089 t=46s
[P700_h140_pad0.080_s1001] it  33 J=0.16121 A_min=0.1517 A_mean=0.1625 |g|=9.33e-04 bin=0.103 S_flip=0.092 t=47s
[P700_h140_pad0.080_s1001] it  34 J=0.16179 A_min=0.1523 A_mean=0.1631 |g|=8.82e-04 bin=0.093 S_flip=0.095 t=48s
[P700_h140_pad0.080_s1001] it  35 J=0.16229 A_min=0.1528 A_mean=0.1636 |g|=8.38e-04 bin=0.085 S_flip=0.097 t=50s
[P700_h140_pad0.080_s1001] it  36 J=0.16271 A_min=0.1532 A_mean=0.1641 |g|=8.01e-04 bin=0.077 S_flip=0.100 t=51s
[P700_h140_pad0.080_s1001] it  37 J=0.16308 A_min=0.1536 A_mean=0.1644 |g|=7.68e-04 bin=0.071 S_flip=0.103 t=52s
[P700_h140_pad0.080_s1001] it  38 J=0.16339 A_min=0.1540 A_mean=0.1648 |g|=7.39e-04 bin=0.065 S_flip=0.106 t=54s
[P700_h140_pad0.080_s1001] it  39 J=0.16366 A_min=0.1542 A_mean=0.1650 |g|=7.14e-04 bin=0.060 S_flip=0.109 t=55s
[P700_h140_pad0.080_s1001] it  40 J=0.16390 A_min=0.1545 A_mean=0.1653 |g|=6.91e-04 bin=0.055 S_flip=0.112 t=56s
[P700_h140_pad0.080_s1001] it  41 J=0.16411 A_min=0.1547 A_mean=0.1655 |g|=6.71e-04 bin=0.051 S_flip=0.115 t=57s
[P700_h140_pad0.080_s1001] it  42 J=0.16429 A_min=0.1549 A_mean=0.1657 |g|=6.52e-04 bin=0.047 S_flip=0.118 t=59s
[P700_h140_pad0.080_s1001] it  43 J=0.16445 A_min=0.1551 A_mean=0.1658 |g|=6.36e-04 bin=0.043 S_flip=0.121 t=60s
[P700_h140_pad0.080_s1001] it  44 J=0.16459 A_min=0.1553 A_mean=0.1660 |g|=6.20e-04 bin=0.040 S_flip=0.124 t=61s
[P700_h140_pad0.080_s1001] it  45 J=0.16472 A_min=0.1554 A_mean=0.1661 |g|=6.06e-04 bin=0.037 S_flip=0.127 t=63s
[P700_h140_pad0.080_s1001] it  46 J=0.16483 A_min=0.1555 A_mean=0.1662 |g|=5.93e-04 bin=0.034 S_flip=0.129 t=64s
[P700_h140_pad0.080_s1001] it  47 J=0.16493 A_min=0.1556 A_mean=0.1663 |g|=5.81e-04 bin=0.032 S_flip=0.132 t=65s
[P700_h140_pad0.080_s1001] it  48 J=0.16502 A_min=0.1557 A_mean=0.1664 |g|=5.70e-04 bin=0.030 S_flip=0.135 t=67s
[P700_h140_pad0.080_s1001] it  49 J=0.16510 A_min=0.1558 A_mean=0.1665 |g|=5.61e-04 bin=0.028 S_flip=0.137 t=68s
[P700_h140_pad0.080_s1001] it  50 J=0.16517 A_min=0.1559 A_mean=0.1666 |g|=5.52e-04 bin=0.026 S_flip=0.140 t=69s
[P700_h140_pad0.080_s1001] it  51 J=0.16523 A_min=0.1560 A_mean=0.1666 |g|=5.45e-04 bin=0.024 S_flip=0.142 t=71s
[P700_h140_pad0.080_s1001] it  52 J=0.16529 A_min=0.1560 A_mean=0.1667 |g|=5.39e-04 bin=0.022 S_flip=0.144 t=72s
[P700_h140_pad0.080_s1001] it  53 J=0.16534 A_min=0.1561 A_mean=0.1667 |g|=5.33e-04 bin=0.021 S_flip=0.147 t=73s
[P700_h140_pad0.080_s1001] it  54 J=0.16539 A_min=0.1561 A_mean=0.1668 |g|=5.29e-04 bin=0.019 S_flip=0.149 t=75s
[P700_h140_pad0.080_s1001] it  55 J=0.16544 A_min=0.1562 A_mean=0.1668 |g|=5.27e-04 bin=0.018 S_flip=0.151 t=76s
[P700_h140_pad0.080_s1001] it  56 J=0.16548 A_min=0.1562 A_mean=0.1669 |g|=5.24e-04 bin=0.017 S_flip=0.153 t=77s
[P700_h140_pad0.080_s1001] it  57 J=0.16551 A_min=0.1563 A_mean=0.1669 |g|=5.23e-04 bin=0.016 S_flip=0.154 t=78s
[P700_h140_pad0.080_s1001] it  58 J=0.16555 A_min=0.1563 A_mean=0.1669 |g|=5.21e-04 bin=0.014 S_flip=0.156 t=80s
[P700_h140_pad0.080_s1001] it  59 J=0.16558 A_min=0.1564 A_mean=0.1670 |g|=5.19e-04 bin=0.013 S_flip=0.158 t=81s
[P700_h140_pad0.080_s1001] it  60 J=0.16561 A_min=0.1564 A_mean=0.1670 |g|=5.15e-04 bin=0.012 S_flip=0.159 t=82s
[P700_h140_pad0.080_s1001] it  61 J=0.16564 A_min=0.1564 A_mean=0.1670 |g|=5.10e-04 bin=0.011 S_flip=0.160 t=84s
[P700_h140_pad0.080_s1001] it  62 J=0.16566 A_min=0.1565 A_mean=0.1671 |g|=5.01e-04 bin=0.011 S_flip=0.161 t=85s
[P700_h140_pad0.080_s1001] it  63 J=0.16569 A_min=0.1565 A_mean=0.1671 |g|=4.90e-04 bin=0.010 S_flip=0.162 t=86s
[P700_h140_pad0.080_s1001] it  64 J=0.16571 A_min=0.1565 A_mean=0.1671 |g|=4.76e-04 bin=0.009 S_flip=0.163 t=87s
[P700_h140_pad0.080_s1001] it  65 J=0.16573 A_min=0.1565 A_mean=0.1671 |g|=4.62e-04 bin=0.008 S_flip=0.164 t=89s
[P700_h140_pad0.080_s1001] it  66 J=0.16574 A_min=0.1566 A_mean=0.1672 |g|=4.47e-04 bin=0.008 S_flip=0.165 t=90s
[P700_h140_pad0.080_s1001] it  67 J=0.16576 A_min=0.1566 A_mean=0.1672 |g|=4.33e-04 bin=0.007 S_flip=0.166 t=91s
[P700_h140_pad0.080_s1001] it  68 J=0.16577 A_min=0.1566 A_mean=0.1672 |g|=4.21e-04 bin=0.006 S_flip=0.166 t=93s
[P700_h140_pad0.080_s1001] it  69 J=0.16579 A_min=0.1566 A_mean=0.1672 |g|=4.12e-04 bin=0.006 S_flip=0.167 t=94s
[P700_h140_pad0.080_s1001] it  70 J=0.16580 A_min=0.1566 A_mean=0.1672 |g|=4.04e-04 bin=0.006 S_flip=0.168 t=95s
[P700_h140_pad0.080_s1001] it  71 J=0.16581 A_min=0.1566 A_mean=0.1672 |g|=3.98e-04 bin=0.005 S_flip=0.168 t=97s
[P700_h140_pad0.080_s1001] it  72 J=0.16582 A_min=0.1567 A_mean=0.1672 |g|=3.93e-04 bin=0.005 S_flip=0.169 t=98s
[P700_h140_pad0.080_s1001] it  73 J=0.16582 A_min=0.1567 A_mean=0.1672 |g|=3.90e-04 bin=0.004 S_flip=0.170 t=99s
[P700_h140_pad0.080_s1001] it  74 J=0.16583 A_min=0.1567 A_mean=0.1672 |g|=3.88e-04 bin=0.004 S_flip=0.170 t=101s
[P700_h140_pad0.080_s1001] it  75 J=0.16584 A_min=0.1567 A_mean=0.1672 |g|=3.86e-04 bin=0.004 S_flip=0.171 t=102s
[P700_h140_pad0.080_s1001] it  76 J=0.16584 A_min=0.1567 A_mean=0.1673 |g|=3.85e-04 bin=0.004 S_flip=0.171 t=103s
[P700_h140_pad0.080_s1001] it  77 J=0.16585 A_min=0.1567 A_mean=0.1673 |g|=3.84e-04 bin=0.003 S_flip=0.172 t=104s
[P700_h140_pad0.080_s1001] it  78 J=0.16585 A_min=0.1567 A_mean=0.1673 |g|=3.83e-04 bin=0.003 S_flip=0.172 t=106s
[P700_h140_pad0.080_s1001] it  79 J=0.16586 A_min=0.1567 A_mean=0.1673 |g|=3.82e-04 bin=0.003 S_flip=0.173 t=107s
[P700_h140_pad0.080_s1001] it  80 J=0.16586 A_min=0.1567 A_mean=0.1673 |g|=3.81e-04 bin=0.003 S_flip=0.173 t=109s
[P700_h140_pad0.080_s1001] it  81 J=0.16586 A_min=0.1567 A_mean=0.1673 |g|=3.81e-04 bin=0.003 S_flip=0.173 t=110s
[P700_h140_pad0.080_s1001] it  82 J=0.16587 A_min=0.1567 A_mean=0.1673 |g|=3.81e-04 bin=0.002 S_flip=0.174 t=112s
[P700_h140_pad0.080_s1001] it  83 J=0.16587 A_min=0.1567 A_mean=0.1673 |g|=3.82e-04 bin=0.002 S_flip=0.174 t=113s
[P700_h140_pad0.080_s1001] it  84 J=0.16587 A_min=0.1567 A_mean=0.1673 |g|=3.83e-04 bin=0.002 S_flip=0.175 t=114s
[P700_h140_pad0.080_s1001] it  85 J=0.16587 A_min=0.1567 A_mean=0.1673 |g|=3.86e-04 bin=0.002 S_flip=0.175 t=116s
[P700_h140_pad0.080_s1001] it  86 J=0.16588 A_min=0.1567 A_mean=0.1673 |g|=3.90e-04 bin=0.002 S_flip=0.176 t=117s
[P700_h140_pad0.080_s1001] it  87 J=0.16588 A_min=0.1567 A_mean=0.1673 |g|=3.94e-04 bin=0.002 S_flip=0.176 t=118s
[P700_h140_pad0.080_s1001] it  88 J=0.16588 A_min=0.1567 A_mean=0.1673 |g|=3.99e-04 bin=0.002 S_flip=0.176 t=120s
[P700_h140_pad0.080_s1001] it  89 J=0.16588 A_min=0.1567 A_mean=0.1673 |g|=4.05e-04 bin=0.002 S_flip=0.177 t=121s
[P700_h140_pad0.080_s1001] it  90 J=0.16588 A_min=0.1567 A_mean=0.1673 |g|=4.10e-04 bin=0.001 S_flip=0.177 t=123s
[P700_h140_pad0.080_s1001] it  91 J=0.16588 A_min=0.1567 A_mean=0.1673 |g|=4.17e-04 bin=0.001 S_flip=0.178 t=124s
[P700_h140_pad0.080_s1001] it  92 J=0.16588 A_min=0.1567 A_mean=0.1673 |g|=4.23e-04 bin=0.001 S_flip=0.178 t=125s
[P700_h140_pad0.080_s1001] it  93 J=0.16589 A_min=0.1567 A_mean=0.1673 |g|=4.29e-04 bin=0.001 S_flip=0.178 t=127s
[P700_h140_pad0.080_s1001] it  94 J=0.16589 A_min=0.1567 A_mean=0.1673 |g|=4.36e-04 bin=0.001 S_flip=0.179 t=128s
[P700_h140_pad0.080_s1001] it  95 J=0.16589 A_min=0.1567 A_mean=0.1673 |g|=4.44e-04 bin=0.001 S_flip=0.179 t=130s
[P700_h140_pad0.080_s1001] it  96 J=0.16589 A_min=0.1567 A_mean=0.1673 |g|=4.52e-04 bin=0.001 S_flip=0.179 t=131s
[P700_h140_pad0.080_s1001] it  97 J=0.16589 A_min=0.1568 A_mean=0.1673 |g|=4.61e-04 bin=0.001 S_flip=0.179 t=132s
[P700_h140_pad0.080_s1001] it  98 J=0.16589 A_min=0.1568 A_mean=0.1673 |g|=4.71e-04 bin=0.001 S_flip=0.180 t=134s
[P700_h140_pad0.080_s1001] it  99 J=0.16589 A_min=0.1568 A_mean=0.1673 |g|=4.82e-04 bin=0.001 S_flip=0.180 t=135s
[P700_h140_pad0.080_s1001] done: J_soft=0.16589 J_hard=0.16589 A_hard=[0.1568, 0.1867, 0.1584] S_flip=0.183 wall=137s
[P700_h140_pad0.080_s7777] it   0 J=0.09054 A_min=0.0829 A_mean=0.0915 |g|=1.57e-03 bin=0.658 S_flip=0.050 t=1s
[P700_h140_pad0.080_s7777] it   1 J=0.09117 A_min=0.0835 A_mean=0.0921 |g|=1.64e-03 bin=0.656 S_flip=0.051 t=3s
[P700_h140_pad0.080_s7777] it   2 J=0.09186 A_min=0.0842 A_mean=0.0928 |g|=1.71e-03 bin=0.653 S_flip=0.052 t=4s
[P700_h140_pad0.080_s7777] it   3 J=0.09264 A_min=0.0849 A_mean=0.0936 |g|=1.80e-03 bin=0.650 S_flip=0.053 t=6s
[P700_h140_pad0.080_s7777] it   4 J=0.09351 A_min=0.0858 A_mean=0.0945 |g|=1.89e-03 bin=0.647 S_flip=0.054 t=7s
[P700_h140_pad0.080_s7777] it   5 J=0.09450 A_min=0.0867 A_mean=0.0955 |g|=2.00e-03 bin=0.642 S_flip=0.055 t=8s
[P700_h140_pad0.080_s7777] it   6 J=0.09562 A_min=0.0878 A_mean=0.0966 |g|=2.12e-03 bin=0.637 S_flip=0.057 t=10s
[P700_h140_pad0.080_s7777] it   7 J=0.09690 A_min=0.0890 A_mean=0.0979 |g|=2.25e-03 bin=0.632 S_flip=0.058 t=11s
[P700_h140_pad0.080_s7777] it   8 J=0.09836 A_min=0.0904 A_mean=0.0994 |g|=2.39e-03 bin=0.625 S_flip=0.060 t=12s
[P700_h140_pad0.080_s7777] it   9 J=0.10002 A_min=0.0920 A_mean=0.1010 |g|=2.55e-03 bin=0.618 S_flip=0.061 t=14s
[P700_h140_pad0.080_s7777] it  10 J=0.10191 A_min=0.0938 A_mean=0.1029 |g|=2.71e-03 bin=0.609 S_flip=0.062 t=15s
[P700_h140_pad0.080_s7777] it  11 J=0.10406 A_min=0.0959 A_mean=0.1051 |g|=2.87e-03 bin=0.599 S_flip=0.064 t=17s
[P700_h140_pad0.080_s7777] it  12 J=0.10648 A_min=0.0982 A_mean=0.1075 |g|=3.04e-03 bin=0.587 S_flip=0.065 t=18s
[P700_h140_pad0.080_s7777] it  13 J=0.10921 A_min=0.1009 A_mean=0.1103 |g|=3.20e-03 bin=0.573 S_flip=0.066 t=19s
[P700_h140_pad0.080_s7777] it  14 J=0.11223 A_min=0.1038 A_mean=0.1133 |g|=3.33e-03 bin=0.557 S_flip=0.067 t=21s
[P700_h140_pad0.080_s7777] it  15 J=0.11555 A_min=0.1069 A_mean=0.1166 |g|=3.44e-03 bin=0.538 S_flip=0.068 t=22s
[P700_h140_pad0.080_s7777] it  16 J=0.11913 A_min=0.1104 A_mean=0.1202 |g|=3.50e-03 bin=0.516 S_flip=0.068 t=23s
[P700_h140_pad0.080_s7777] it  17 J=0.12292 A_min=0.1140 A_mean=0.1240 |g|=3.50e-03 bin=0.492 S_flip=0.069 t=25s
[P700_h140_pad0.080_s7777] it  18 J=0.12685 A_min=0.1178 A_mean=0.1280 |g|=3.44e-03 bin=0.464 S_flip=0.068 t=26s
[P700_h140_pad0.080_s7777] it  19 J=0.13082 A_min=0.1216 A_mean=0.1320 |g|=3.32e-03 bin=0.434 S_flip=0.068 t=27s
[P700_h140_pad0.080_s7777] it  20 J=0.13474 A_min=0.1254 A_mean=0.1359 |g|=3.13e-03 bin=0.402 S_flip=0.068 t=29s
[P700_h140_pad0.080_s7777] it  21 J=0.13849 A_min=0.1290 A_mean=0.1397 |g|=2.89e-03 bin=0.369 S_flip=0.068 t=30s
[P700_h140_pad0.080_s7777] it  22 J=0.14199 A_min=0.1324 A_mean=0.1432 |g|=2.63e-03 bin=0.336 S_flip=0.068 t=32s
[P700_h140_pad0.080_s7777] it  23 J=0.14518 A_min=0.1355 A_mean=0.1464 |g|=2.35e-03 bin=0.303 S_flip=0.068 t=33s
[P700_h140_pad0.080_s7777] it  24 J=0.14801 A_min=0.1383 A_mean=0.1492 |g|=2.09e-03 bin=0.272 S_flip=0.069 t=34s
[P700_h140_pad0.080_s7777] it  25 J=0.15048 A_min=0.1407 A_mean=0.1517 |g|=1.85e-03 bin=0.244 S_flip=0.070 t=36s
[P700_h140_pad0.080_s7777] it  26 J=0.15260 A_min=0.1428 A_mean=0.1539 |g|=1.65e-03 bin=0.217 S_flip=0.071 t=37s
[P700_h140_pad0.080_s7777] it  27 J=0.15440 A_min=0.1446 A_mean=0.1557 |g|=1.48e-03 bin=0.193 S_flip=0.073 t=39s
[P700_h140_pad0.080_s7777] it  28 J=0.15592 A_min=0.1461 A_mean=0.1572 |g|=1.35e-03 bin=0.172 S_flip=0.075 t=40s
[P700_h140_pad0.080_s7777] it  29 J=0.15719 A_min=0.1474 A_mean=0.1585 |g|=1.25e-03 bin=0.154 S_flip=0.077 t=41s
[P700_h140_pad0.080_s7777] it  30 J=0.15826 A_min=0.1485 A_mean=0.1596 |g|=1.16e-03 bin=0.138 S_flip=0.079 t=43s
[P700_h140_pad0.080_s7777] it  31 J=0.15916 A_min=0.1494 A_mean=0.1605 |g|=1.10e-03 bin=0.124 S_flip=0.081 t=44s
[P700_h140_pad0.080_s7777] it  32 J=0.15992 A_min=0.1502 A_mean=0.1612 |g|=1.05e-03 bin=0.112 S_flip=0.084 t=45s
[P700_h140_pad0.080_s7777] it  33 J=0.16056 A_min=0.1508 A_mean=0.1619 |g|=1.01e-03 bin=0.101 S_flip=0.086 t=47s
[P700_h140_pad0.080_s7777] it  34 J=0.16112 A_min=0.1514 A_mean=0.1624 |g|=9.75e-04 bin=0.092 S_flip=0.088 t=48s
[P700_h140_pad0.080_s7777] it  35 J=0.16160 A_min=0.1519 A_mean=0.1629 |g|=9.43e-04 bin=0.084 S_flip=0.091 t=49s
[P700_h140_pad0.080_s7777] it  36 J=0.16201 A_min=0.1524 A_mean=0.1633 |g|=9.13e-04 bin=0.076 S_flip=0.093 t=51s
[P700_h140_pad0.080_s7777] it  37 J=0.16237 A_min=0.1527 A_mean=0.1637 |g|=8.86e-04 bin=0.070 S_flip=0.096 t=52s
[P700_h140_pad0.080_s7777] it  38 J=0.16269 A_min=0.1531 A_mean=0.1640 |g|=8.60e-04 bin=0.064 S_flip=0.099 t=54s
[P700_h140_pad0.080_s7777] it  39 J=0.16297 A_min=0.1534 A_mean=0.1643 |g|=8.35e-04 bin=0.059 S_flip=0.101 t=55s
[P700_h140_pad0.080_s7777] it  40 J=0.16321 A_min=0.1536 A_mean=0.1645 |g|=8.11e-04 bin=0.055 S_flip=0.104 t=56s
[P700_h140_pad0.080_s7777] it  41 J=0.16343 A_min=0.1539 A_mean=0.1648 |g|=7.89e-04 bin=0.050 S_flip=0.106 t=58s
[P700_h140_pad0.080_s7777] it  42 J=0.16362 A_min=0.1541 A_mean=0.1650 |g|=7.67e-04 bin=0.047 S_flip=0.109 t=59s
[P700_h140_pad0.080_s7777] it  43 J=0.16380 A_min=0.1543 A_mean=0.1651 |g|=7.46e-04 bin=0.043 S_flip=0.112 t=60s
[P700_h140_pad0.080_s7777] it  44 J=0.16395 A_min=0.1544 A_mean=0.1653 |g|=7.27e-04 bin=0.040 S_flip=0.114 t=61s
[P700_h140_pad0.080_s7777] it  45 J=0.16409 A_min=0.1546 A_mean=0.1654 |g|=7.08e-04 bin=0.037 S_flip=0.117 t=63s
[P700_h140_pad0.080_s7777] it  46 J=0.16421 A_min=0.1547 A_mean=0.1656 |g|=6.90e-04 bin=0.034 S_flip=0.119 t=64s
[P700_h140_pad0.080_s7777] it  47 J=0.16432 A_min=0.1548 A_mean=0.1657 |g|=6.74e-04 bin=0.032 S_flip=0.122 t=65s
[P700_h140_pad0.080_s7777] it  48 J=0.16442 A_min=0.1550 A_mean=0.1658 |g|=6.58e-04 bin=0.030 S_flip=0.124 t=67s
[P700_h140_pad0.080_s7777] it  49 J=0.16451 A_min=0.1551 A_mean=0.1659 |g|=6.43e-04 bin=0.027 S_flip=0.127 t=68s
[P700_h140_pad0.080_s7777] it  50 J=0.16459 A_min=0.1551 A_mean=0.1659 |g|=6.29e-04 bin=0.025 S_flip=0.129 t=70s
[P700_h140_pad0.080_s7777] it  51 J=0.16467 A_min=0.1552 A_mean=0.1660 |g|=6.16e-04 bin=0.024 S_flip=0.132 t=71s
[P700_h140_pad0.080_s7777] it  52 J=0.16473 A_min=0.1553 A_mean=0.1661 |g|=6.04e-04 bin=0.022 S_flip=0.134 t=72s
[P700_h140_pad0.080_s7777] it  53 J=0.16479 A_min=0.1554 A_mean=0.1661 |g|=5.92e-04 bin=0.020 S_flip=0.136 t=74s
[P700_h140_pad0.080_s7777] it  54 J=0.16484 A_min=0.1554 A_mean=0.1662 |g|=5.82e-04 bin=0.019 S_flip=0.138 t=75s
[P700_h140_pad0.080_s7777] it  55 J=0.16489 A_min=0.1555 A_mean=0.1663 |g|=5.71e-04 bin=0.018 S_flip=0.141 t=76s
[P700_h140_pad0.080_s7777] it  56 J=0.16494 A_min=0.1555 A_mean=0.1663 |g|=5.62e-04 bin=0.016 S_flip=0.143 t=78s
[P700_h140_pad0.080_s7777] it  57 J=0.16498 A_min=0.1556 A_mean=0.1663 |g|=5.54e-04 bin=0.015 S_flip=0.145 t=79s
[P700_h140_pad0.080_s7777] it  58 J=0.16502 A_min=0.1556 A_mean=0.1664 |g|=5.47e-04 bin=0.014 S_flip=0.146 t=80s
[P700_h140_pad0.080_s7777] it  59 J=0.16505 A_min=0.1557 A_mean=0.1664 |g|=5.40e-04 bin=0.013 S_flip=0.148 t=82s
[P700_h140_pad0.080_s7777] it  60 J=0.16508 A_min=0.1557 A_mean=0.1664 |g|=5.34e-04 bin=0.012 S_flip=0.150 t=83s
[P700_h140_pad0.080_s7777] it  61 J=0.16511 A_min=0.1557 A_mean=0.1665 |g|=5.29e-04 bin=0.011 S_flip=0.152 t=84s
[P700_h140_pad0.080_s7777] it  62 J=0.16513 A_min=0.1558 A_mean=0.1665 |g|=5.25e-04 bin=0.011 S_flip=0.154 t=86s
[P700_h140_pad0.080_s7777] it  63 J=0.16516 A_min=0.1558 A_mean=0.1665 |g|=5.21e-04 bin=0.010 S_flip=0.155 t=87s
[P700_h140_pad0.080_s7777] it  64 J=0.16518 A_min=0.1558 A_mean=0.1665 |g|=5.16e-04 bin=0.009 S_flip=0.157 t=88s
[P700_h140_pad0.080_s7777] it  65 J=0.16520 A_min=0.1558 A_mean=0.1666 |g|=5.12e-04 bin=0.009 S_flip=0.158 t=90s
[P700_h140_pad0.080_s7777] it  66 J=0.16522 A_min=0.1559 A_mean=0.1666 |g|=5.07e-04 bin=0.008 S_flip=0.160 t=91s
[P700_h140_pad0.080_s7777] it  67 J=0.16524 A_min=0.1559 A_mean=0.1666 |g|=5.02e-04 bin=0.007 S_flip=0.161 t=92s
[P700_h140_pad0.080_s7777] it  68 J=0.16525 A_min=0.1559 A_mean=0.1666 |g|=4.98e-04 bin=0.007 S_flip=0.163 t=94s
[P700_h140_pad0.080_s7777] it  69 J=0.16527 A_min=0.1559 A_mean=0.1666 |g|=4.94e-04 bin=0.006 S_flip=0.164 t=95s
[P700_h140_pad0.080_s7777] it  70 J=0.16528 A_min=0.1559 A_mean=0.1666 |g|=4.92e-04 bin=0.006 S_flip=0.165 t=97s
[P700_h140_pad0.080_s7777] it  71 J=0.16529 A_min=0.1560 A_mean=0.1667 |g|=4.90e-04 bin=0.006 S_flip=0.166 t=98s
[P700_h140_pad0.080_s7777] it  72 J=0.16530 A_min=0.1560 A_mean=0.1667 |g|=4.90e-04 bin=0.005 S_flip=0.167 t=99s
[P700_h140_pad0.080_s7777] it  73 J=0.16531 A_min=0.1560 A_mean=0.1667 |g|=4.91e-04 bin=0.005 S_flip=0.168 t=101s
[P700_h140_pad0.080_s7777] it  74 J=0.16532 A_min=0.1560 A_mean=0.1667 |g|=4.93e-04 bin=0.004 S_flip=0.169 t=102s
[P700_h140_pad0.080_s7777] it  75 J=0.16533 A_min=0.1560 A_mean=0.1667 |g|=4.95e-04 bin=0.004 S_flip=0.169 t=104s
[P700_h140_pad0.080_s7777] it  76 J=0.16534 A_min=0.1560 A_mean=0.1667 |g|=4.98e-04 bin=0.004 S_flip=0.170 t=105s
[P700_h140_pad0.080_s7777] it  77 J=0.16535 A_min=0.1560 A_mean=0.1667 |g|=5.00e-04 bin=0.004 S_flip=0.170 t=107s
[P700_h140_pad0.080_s7777] it  78 J=0.16535 A_min=0.1560 A_mean=0.1667 |g|=5.02e-04 bin=0.003 S_flip=0.171 t=108s
[P700_h140_pad0.080_s7777] it  79 J=0.16536 A_min=0.1560 A_mean=0.1667 |g|=5.03e-04 bin=0.003 S_flip=0.171 t=109s
[P700_h140_pad0.080_s7777] it  80 J=0.16537 A_min=0.1560 A_mean=0.1667 |g|=5.04e-04 bin=0.003 S_flip=0.172 t=111s
[P700_h140_pad0.080_s7777] it  81 J=0.16537 A_min=0.1561 A_mean=0.1667 |g|=5.03e-04 bin=0.003 S_flip=0.172 t=112s
[P700_h140_pad0.080_s7777] it  82 J=0.16538 A_min=0.1561 A_mean=0.1667 |g|=5.02e-04 bin=0.002 S_flip=0.172 t=113s
[P700_h140_pad0.080_s7777] it  83 J=0.16538 A_min=0.1561 A_mean=0.1668 |g|=5.00e-04 bin=0.002 S_flip=0.172 t=115s
[P700_h140_pad0.080_s7777] it  84 J=0.16539 A_min=0.1561 A_mean=0.1668 |g|=4.99e-04 bin=0.002 S_flip=0.173 t=116s
[P700_h140_pad0.080_s7777] it  85 J=0.16539 A_min=0.1561 A_mean=0.1668 |g|=4.99e-04 bin=0.002 S_flip=0.173 t=118s
[P700_h140_pad0.080_s7777] it  86 J=0.16539 A_min=0.1561 A_mean=0.1668 |g|=5.00e-04 bin=0.002 S_flip=0.173 t=119s
[P700_h140_pad0.080_s7777] it  87 J=0.16539 A_min=0.1561 A_mean=0.1668 |g|=5.04e-04 bin=0.002 S_flip=0.173 t=120s
[P700_h140_pad0.080_s7777] it  88 J=0.16540 A_min=0.1561 A_mean=0.1668 |g|=5.08e-04 bin=0.002 S_flip=0.173 t=122s
[P700_h140_pad0.080_s7777] it  89 J=0.16540 A_min=0.1561 A_mean=0.1668 |g|=5.15e-04 bin=0.001 S_flip=0.174 t=123s
[P700_h140_pad0.080_s7777] it  90 J=0.16540 A_min=0.1561 A_mean=0.1668 |g|=5.23e-04 bin=0.001 S_flip=0.174 t=124s
[P700_h140_pad0.080_s7777] it  91 J=0.16540 A_min=0.1561 A_mean=0.1668 |g|=5.32e-04 bin=0.001 S_flip=0.174 t=126s
[P700_h140_pad0.080_s7777] it  92 J=0.16540 A_min=0.1561 A_mean=0.1668 |g|=5.44e-04 bin=0.001 S_flip=0.174 t=127s
[P700_h140_pad0.080_s7777] it  93 J=0.16540 A_min=0.1561 A_mean=0.1668 |g|=5.56e-04 bin=0.001 S_flip=0.174 t=128s
[P700_h140_pad0.080_s7777] it  94 J=0.16541 A_min=0.1561 A_mean=0.1668 |g|=5.71e-04 bin=0.001 S_flip=0.174 t=130s
[P700_h140_pad0.080_s7777] it  95 J=0.16541 A_min=0.1561 A_mean=0.1668 |g|=5.87e-04 bin=0.001 S_flip=0.175 t=131s
[P700_h140_pad0.080_s7777] it  96 J=0.16541 A_min=0.1561 A_mean=0.1668 |g|=6.05e-04 bin=0.001 S_flip=0.175 t=132s
[P700_h140_pad0.080_s7777] it  97 J=0.16541 A_min=0.1561 A_mean=0.1668 |g|=6.25e-04 bin=0.001 S_flip=0.175 t=134s
[P700_h140_pad0.080_s7777] it  98 J=0.16541 A_min=0.1561 A_mean=0.1668 |g|=6.46e-04 bin=0.001 S_flip=0.175 t=135s
[P700_h140_pad0.080_s7777] it  99 J=0.16541 A_min=0.1561 A_mean=0.1668 |g|=6.68e-04 bin=0.001 S_flip=0.175 t=136s
[P700_h140_pad0.080_s7777] done: J_soft=0.16541 J_hard=0.16541 A_hard=[0.1561, 0.1859, 0.1583] S_flip=0.178 wall=138s
[P700_h140_pad0.120_s333] it   0 J=0.09430 A_min=0.0862 A_mean=0.0953 |g|=1.93e-03 bin=0.536 S_flip=0.057 t=1s
[P700_h140_pad0.120_s333] it   1 J=0.09502 A_min=0.0869 A_mean=0.0960 |g|=2.00e-03 bin=0.535 S_flip=0.058 t=3s
[P700_h140_pad0.120_s333] it   2 J=0.09582 A_min=0.0877 A_mean=0.0968 |g|=2.09e-03 bin=0.532 S_flip=0.059 t=4s
[P700_h140_pad0.120_s333] it   3 J=0.09671 A_min=0.0885 A_mean=0.0977 |g|=2.18e-03 bin=0.530 S_flip=0.060 t=5s
[P700_h140_pad0.120_s333] it   4 J=0.09771 A_min=0.0895 A_mean=0.0987 |g|=2.29e-03 bin=0.527 S_flip=0.062 t=6s
[P700_h140_pad0.120_s333] it   5 J=0.09883 A_min=0.0906 A_mean=0.0999 |g|=2.41e-03 bin=0.523 S_flip=0.063 t=8s
[P700_h140_pad0.120_s333] it   6 J=0.10011 A_min=0.0918 A_mean=0.1012 |g|=2.53e-03 bin=0.519 S_flip=0.065 t=9s
[P700_h140_pad0.120_s333] it   7 J=0.10157 A_min=0.0932 A_mean=0.1026 |g|=2.67e-03 bin=0.514 S_flip=0.066 t=10s
[P700_h140_pad0.120_s333] it   8 J=0.10323 A_min=0.0948 A_mean=0.1043 |g|=2.82e-03 bin=0.508 S_flip=0.068 t=12s
[P700_h140_pad0.120_s333] it   9 J=0.10513 A_min=0.0967 A_mean=0.1062 |g|=2.97e-03 bin=0.501 S_flip=0.070 t=13s
[P700_h140_pad0.120_s333] it  10 J=0.10729 A_min=0.0988 A_mean=0.1084 |g|=3.13e-03 bin=0.493 S_flip=0.072 t=14s
[P700_h140_pad0.120_s333] it  11 J=0.10973 A_min=0.1011 A_mean=0.1108 |g|=3.28e-03 bin=0.483 S_flip=0.073 t=16s
[P700_h140_pad0.120_s333] it  12 J=0.11247 A_min=0.1038 A_mean=0.1136 |g|=3.42e-03 bin=0.471 S_flip=0.075 t=17s
[P700_h140_pad0.120_s333] it  13 J=0.11552 A_min=0.1067 A_mean=0.1166 |g|=3.53e-03 bin=0.457 S_flip=0.077 t=19s
[P700_h140_pad0.120_s333] it  14 J=0.11885 A_min=0.1099 A_mean=0.1200 |g|=3.61e-03 bin=0.440 S_flip=0.079 t=20s
[P700_h140_pad0.120_s333] it  15 J=0.12243 A_min=0.1134 A_mean=0.1235 |g|=3.64e-03 bin=0.422 S_flip=0.080 t=21s
[P700_h140_pad0.120_s333] it  16 J=0.12621 A_min=0.1171 A_mean=0.1273 |g|=3.62e-03 bin=0.400 S_flip=0.082 t=23s
[P700_h140_pad0.120_s333] it  17 J=0.13010 A_min=0.1208 A_mean=0.1312 |g|=3.52e-03 bin=0.376 S_flip=0.083 t=24s
[P700_h140_pad0.120_s333] it  18 J=0.13400 A_min=0.1246 A_mean=0.1352 |g|=3.37e-03 bin=0.350 S_flip=0.084 t=25s
[P700_h140_pad0.120_s333] it  19 J=0.13781 A_min=0.1283 A_mean=0.1390 |g|=3.16e-03 bin=0.323 S_flip=0.086 t=26s
[P700_h140_pad0.120_s333] it  20 J=0.14143 A_min=0.1318 A_mean=0.1426 |g|=2.91e-03 bin=0.294 S_flip=0.087 t=28s
[P700_h140_pad0.120_s333] it  21 J=0.14477 A_min=0.1351 A_mean=0.1460 |g|=2.63e-03 bin=0.266 S_flip=0.089 t=29s
[P700_h140_pad0.120_s333] it  22 J=0.14777 A_min=0.1380 A_mean=0.1490 |g|=2.35e-03 bin=0.239 S_flip=0.090 t=30s
[P700_h140_pad0.120_s333] it  23 J=0.15041 A_min=0.1406 A_mean=0.1516 |g|=2.08e-03 bin=0.214 S_flip=0.092 t=32s
[P700_h140_pad0.120_s333] it  24 J=0.15269 A_min=0.1429 A_mean=0.1539 |g|=1.82e-03 bin=0.190 S_flip=0.094 t=33s
[P700_h140_pad0.120_s333] it  25 J=0.15461 A_min=0.1448 A_mean=0.1558 |g|=1.60e-03 bin=0.169 S_flip=0.096 t=34s
[P700_h140_pad0.120_s333] it  26 J=0.15622 A_min=0.1464 A_mean=0.1575 |g|=1.41e-03 bin=0.150 S_flip=0.099 t=36s
[P700_h140_pad0.120_s333] it  27 J=0.15755 A_min=0.1477 A_mean=0.1588 |g|=1.24e-03 bin=0.134 S_flip=0.101 t=37s
[P700_h140_pad0.120_s333] it  28 J=0.15864 A_min=0.1488 A_mean=0.1599 |g|=1.10e-03 bin=0.120 S_flip=0.104 t=38s
[P700_h140_pad0.120_s333] it  29 J=0.15954 A_min=0.1497 A_mean=0.1608 |g|=9.77e-04 bin=0.107 S_flip=0.107 t=39s
[P700_h140_pad0.120_s333] it  30 J=0.16027 A_min=0.1505 A_mean=0.1615 |g|=8.76e-04 bin=0.096 S_flip=0.110 t=41s
[P700_h140_pad0.120_s333] it  31 J=0.16088 A_min=0.1511 A_mean=0.1621 |g|=7.90e-04 bin=0.087 S_flip=0.113 t=42s
[P700_h140_pad0.120_s333] it  32 J=0.16138 A_min=0.1516 A_mean=0.1626 |g|=7.18e-04 bin=0.079 S_flip=0.117 t=43s
[P700_h140_pad0.120_s333] it  33 J=0.16179 A_min=0.1520 A_mean=0.1631 |g|=6.57e-04 bin=0.072 S_flip=0.120 t=45s
[P700_h140_pad0.120_s333] it  34 J=0.16214 A_min=0.1524 A_mean=0.1634 |g|=6.05e-04 bin=0.066 S_flip=0.123 t=46s
[P700_h140_pad0.120_s333] it  35 J=0.16244 A_min=0.1527 A_mean=0.1637 |g|=5.62e-04 bin=0.060 S_flip=0.127 t=48s
[P700_h140_pad0.120_s333] it  36 J=0.16269 A_min=0.1529 A_mean=0.1640 |g|=5.26e-04 bin=0.055 S_flip=0.130 t=49s
[P700_h140_pad0.120_s333] it  37 J=0.16290 A_min=0.1532 A_mean=0.1642 |g|=4.96e-04 bin=0.051 S_flip=0.134 t=51s
[P700_h140_pad0.120_s333] it  38 J=0.16308 A_min=0.1533 A_mean=0.1644 |g|=4.71e-04 bin=0.047 S_flip=0.137 t=52s
[P700_h140_pad0.120_s333] it  39 J=0.16324 A_min=0.1535 A_mean=0.1645 |g|=4.51e-04 bin=0.043 S_flip=0.141 t=53s
[P700_h140_pad0.120_s333] it  40 J=0.16337 A_min=0.1537 A_mean=0.1647 |g|=4.33e-04 bin=0.040 S_flip=0.144 t=55s
[P700_h140_pad0.120_s333] it  41 J=0.16349 A_min=0.1538 A_mean=0.1648 |g|=4.19e-04 bin=0.037 S_flip=0.148 t=56s
[P700_h140_pad0.120_s333] it  42 J=0.16360 A_min=0.1539 A_mean=0.1649 |g|=4.08e-04 bin=0.034 S_flip=0.151 t=58s
[P700_h140_pad0.120_s333] it  43 J=0.16369 A_min=0.1540 A_mean=0.1650 |g|=3.99e-04 bin=0.032 S_flip=0.154 t=59s
[P700_h140_pad0.120_s333] it  44 J=0.16377 A_min=0.1541 A_mean=0.1651 |g|=3.91e-04 bin=0.029 S_flip=0.157 t=60s
[P700_h140_pad0.120_s333] it  45 J=0.16384 A_min=0.1541 A_mean=0.1651 |g|=3.86e-04 bin=0.027 S_flip=0.160 t=62s
[P700_h140_pad0.120_s333] it  46 J=0.16390 A_min=0.1542 A_mean=0.1652 |g|=3.83e-04 bin=0.025 S_flip=0.163 t=63s
[P700_h140_pad0.120_s333] it  47 J=0.16395 A_min=0.1543 A_mean=0.1652 |g|=3.81e-04 bin=0.024 S_flip=0.165 t=65s
[P700_h140_pad0.120_s333] it  48 J=0.16400 A_min=0.1543 A_mean=0.1653 |g|=3.80e-04 bin=0.022 S_flip=0.168 t=66s
[P700_h140_pad0.120_s333] it  49 J=0.16405 A_min=0.1544 A_mean=0.1653 |g|=3.80e-04 bin=0.020 S_flip=0.170 t=68s
[P700_h140_pad0.120_s333] it  50 J=0.16409 A_min=0.1544 A_mean=0.1654 |g|=3.80e-04 bin=0.019 S_flip=0.173 t=69s
[P700_h140_pad0.120_s333] it  51 J=0.16413 A_min=0.1544 A_mean=0.1654 |g|=3.79e-04 bin=0.018 S_flip=0.175 t=71s
[P700_h140_pad0.120_s333] it  52 J=0.16416 A_min=0.1545 A_mean=0.1655 |g|=3.77e-04 bin=0.016 S_flip=0.178 t=72s
[P700_h140_pad0.120_s333] it  53 J=0.16419 A_min=0.1545 A_mean=0.1655 |g|=3.73e-04 bin=0.015 S_flip=0.181 t=74s
[P700_h140_pad0.120_s333] it  54 J=0.16422 A_min=0.1546 A_mean=0.1655 |g|=3.67e-04 bin=0.014 S_flip=0.183 t=75s
[P700_h140_pad0.120_s333] it  55 J=0.16425 A_min=0.1546 A_mean=0.1655 |g|=3.57e-04 bin=0.013 S_flip=0.186 t=76s
[P700_h140_pad0.120_s333] it  56 J=0.16427 A_min=0.1546 A_mean=0.1656 |g|=3.44e-04 bin=0.012 S_flip=0.188 t=78s
[P700_h140_pad0.120_s333] it  57 J=0.16429 A_min=0.1546 A_mean=0.1656 |g|=3.29e-04 bin=0.011 S_flip=0.191 t=79s
[P700_h140_pad0.120_s333] it  58 J=0.16431 A_min=0.1547 A_mean=0.1656 |g|=3.12e-04 bin=0.010 S_flip=0.193 t=81s
[P700_h140_pad0.120_s333] it  59 J=0.16433 A_min=0.1547 A_mean=0.1656 |g|=2.95e-04 bin=0.009 S_flip=0.196 t=82s
[P700_h140_pad0.120_s333] it  60 J=0.16435 A_min=0.1547 A_mean=0.1656 |g|=2.78e-04 bin=0.008 S_flip=0.198 t=84s
[P700_h140_pad0.120_s333] it  61 J=0.16436 A_min=0.1547 A_mean=0.1657 |g|=2.64e-04 bin=0.007 S_flip=0.199 t=85s
[P700_h140_pad0.120_s333] it  62 J=0.16437 A_min=0.1547 A_mean=0.1657 |g|=2.51e-04 bin=0.007 S_flip=0.201 t=86s
[P700_h140_pad0.120_s333] it  63 J=0.16438 A_min=0.1547 A_mean=0.1657 |g|=2.41e-04 bin=0.006 S_flip=0.203 t=88s
[P700_h140_pad0.120_s333] it  64 J=0.16439 A_min=0.1547 A_mean=0.1657 |g|=2.33e-04 bin=0.005 S_flip=0.204 t=89s
[P700_h140_pad0.120_s333] it  65 J=0.16440 A_min=0.1548 A_mean=0.1657 |g|=2.26e-04 bin=0.005 S_flip=0.205 t=91s
[P700_h140_pad0.120_s333] it  66 J=0.16440 A_min=0.1548 A_mean=0.1657 |g|=2.21e-04 bin=0.005 S_flip=0.206 t=92s
[P700_h140_pad0.120_s333] it  67 J=0.16441 A_min=0.1548 A_mean=0.1657 |g|=2.17e-04 bin=0.004 S_flip=0.207 t=93s
[P700_h140_pad0.120_s333] it  68 J=0.16441 A_min=0.1548 A_mean=0.1657 |g|=2.13e-04 bin=0.004 S_flip=0.207 t=94s
[P700_h140_pad0.120_s333] it  69 J=0.16442 A_min=0.1548 A_mean=0.1657 |g|=2.10e-04 bin=0.004 S_flip=0.208 t=96s
[P700_h140_pad0.120_s333] it  70 J=0.16442 A_min=0.1548 A_mean=0.1657 |g|=2.08e-04 bin=0.003 S_flip=0.209 t=97s
[P700_h140_pad0.120_s333] it  71 J=0.16442 A_min=0.1548 A_mean=0.1657 |g|=2.05e-04 bin=0.003 S_flip=0.209 t=98s
[P700_h140_pad0.120_s333] it  72 J=0.16443 A_min=0.1548 A_mean=0.1657 |g|=2.02e-04 bin=0.003 S_flip=0.210 t=99s
[P700_h140_pad0.120_s333] it  73 J=0.16443 A_min=0.1548 A_mean=0.1657 |g|=2.00e-04 bin=0.003 S_flip=0.210 t=101s
[P700_h140_pad0.120_s333] it  74 J=0.16443 A_min=0.1548 A_mean=0.1657 |g|=1.97e-04 bin=0.002 S_flip=0.211 t=102s
[P700_h140_pad0.120_s333] it  75 J=0.16443 A_min=0.1548 A_mean=0.1657 |g|=1.95e-04 bin=0.002 S_flip=0.211 t=104s
[P700_h140_pad0.120_s333] it  76 J=0.16444 A_min=0.1548 A_mean=0.1657 |g|=1.92e-04 bin=0.002 S_flip=0.212 t=105s
[P700_h140_pad0.120_s333] it  77 J=0.16444 A_min=0.1548 A_mean=0.1657 |g|=1.90e-04 bin=0.002 S_flip=0.212 t=107s
[P700_h140_pad0.120_s333] it  78 J=0.16444 A_min=0.1548 A_mean=0.1657 |g|=1.88e-04 bin=0.002 S_flip=0.212 t=108s
[P700_h140_pad0.120_s333] it  79 J=0.16444 A_min=0.1548 A_mean=0.1657 |g|=1.86e-04 bin=0.002 S_flip=0.213 t=110s
[P700_h140_pad0.120_s333] it  80 J=0.16444 A_min=0.1548 A_mean=0.1657 |g|=1.83e-04 bin=0.001 S_flip=0.213 t=111s
[P700_h140_pad0.120_s333] it  81 J=0.16444 A_min=0.1548 A_mean=0.1657 |g|=1.81e-04 bin=0.001 S_flip=0.213 t=112s
[P700_h140_pad0.120_s333] it  82 J=0.16444 A_min=0.1548 A_mean=0.1657 |g|=1.78e-04 bin=0.001 S_flip=0.213 t=114s
[P700_h140_pad0.120_s333] it  83 J=0.16444 A_min=0.1548 A_mean=0.1657 |g|=1.74e-04 bin=0.001 S_flip=0.214 t=115s
[P700_h140_pad0.120_s333] it  84 J=0.16445 A_min=0.1548 A_mean=0.1657 |g|=1.70e-04 bin=0.001 S_flip=0.214 t=117s
[P700_h140_pad0.120_s333] it  85 J=0.16445 A_min=0.1548 A_mean=0.1657 |g|=1.66e-04 bin=0.001 S_flip=0.214 t=118s
[P700_h140_pad0.120_s333] it  86 J=0.16445 A_min=0.1548 A_mean=0.1657 |g|=1.61e-04 bin=0.001 S_flip=0.214 t=120s
[P700_h140_pad0.120_s333] it  87 J=0.16445 A_min=0.1548 A_mean=0.1657 |g|=1.56e-04 bin=0.001 S_flip=0.214 t=121s
[P700_h140_pad0.120_s333] it  88 J=0.16445 A_min=0.1548 A_mean=0.1657 |g|=1.51e-04 bin=0.001 S_flip=0.215 t=123s
[P700_h140_pad0.120_s333] it  89 J=0.16445 A_min=0.1548 A_mean=0.1657 |g|=1.47e-04 bin=0.001 S_flip=0.215 t=124s
[P700_h140_pad0.120_s333] it  90 J=0.16445 A_min=0.1548 A_mean=0.1657 |g|=1.43e-04 bin=0.001 S_flip=0.215 t=125s
[P700_h140_pad0.120_s333] it  91 J=0.16445 A_min=0.1548 A_mean=0.1657 |g|=1.39e-04 bin=0.001 S_flip=0.215 t=127s
[P700_h140_pad0.120_s333] it  92 J=0.16445 A_min=0.1548 A_mean=0.1657 |g|=1.36e-04 bin=0.001 S_flip=0.215 t=128s
[P700_h140_pad0.120_s333] it  93 J=0.16445 A_min=0.1548 A_mean=0.1657 |g|=1.33e-04 bin=0.001 S_flip=0.215 t=129s
[P700_h140_pad0.120_s333] it  94 J=0.16445 A_min=0.1548 A_mean=0.1657 |g|=1.31e-04 bin=0.000 S_flip=0.215 t=131s
[P700_h140_pad0.120_s333] it  95 J=0.16445 A_min=0.1548 A_mean=0.1657 |g|=1.30e-04 bin=0.000 S_flip=0.215 t=132s
[P700_h140_pad0.120_s333] it  96 J=0.16445 A_min=0.1548 A_mean=0.1657 |g|=1.29e-04 bin=0.000 S_flip=0.216 t=133s
[P700_h140_pad0.120_s333] it  97 J=0.16445 A_min=0.1548 A_mean=0.1657 |g|=1.28e-04 bin=0.000 S_flip=0.216 t=135s
[P700_h140_pad0.120_s333] it  98 J=0.16445 A_min=0.1548 A_mean=0.1657 |g|=1.28e-04 bin=0.000 S_flip=0.216 t=136s
[P700_h140_pad0.120_s333] it  99 J=0.16445 A_min=0.1548 A_mean=0.1657 |g|=1.28e-04 bin=0.000 S_flip=0.216 t=138s
[P700_h140_pad0.120_s333] done: J_soft=0.16445 J_hard=0.16445 A_hard=[0.1548, 0.1843, 0.1582] S_flip=0.216 wall=139s
[P700_h140_pad0.120_s1001] it   0 J=0.09317 A_min=0.0851 A_mean=0.0942 |g|=1.92e-03 bin=0.536 S_flip=0.053 t=1s
[P700_h140_pad0.120_s1001] it   1 J=0.09384 A_min=0.0858 A_mean=0.0949 |g|=2.00e-03 bin=0.534 S_flip=0.054 t=3s
[P700_h140_pad0.120_s1001] it   2 J=0.09459 A_min=0.0865 A_mean=0.0956 |g|=2.08e-03 bin=0.532 S_flip=0.055 t=4s
[P700_h140_pad0.120_s1001] it   3 J=0.09542 A_min=0.0873 A_mean=0.0964 |g|=2.18e-03 bin=0.530 S_flip=0.056 t=5s
[P700_h140_pad0.120_s1001] it   4 J=0.09635 A_min=0.0882 A_mean=0.0974 |g|=2.29e-03 bin=0.527 S_flip=0.057 t=7s
[P700_h140_pad0.120_s1001] it   5 J=0.09741 A_min=0.0892 A_mean=0.0984 |g|=2.41e-03 bin=0.524 S_flip=0.058 t=8s
[P700_h140_pad0.120_s1001] it   6 J=0.09861 A_min=0.0904 A_mean=0.0996 |g|=2.54e-03 bin=0.520 S_flip=0.059 t=10s
[P700_h140_pad0.120_s1001] it   7 J=0.09998 A_min=0.0917 A_mean=0.1010 |g|=2.69e-03 bin=0.515 S_flip=0.060 t=11s
[P700_h140_pad0.120_s1001] it   8 J=0.10156 A_min=0.0932 A_mean=0.1026 |g|=2.84e-03 bin=0.510 S_flip=0.061 t=12s
[P700_h140_pad0.120_s1001] it   9 J=0.10337 A_min=0.0950 A_mean=0.1044 |g|=3.01e-03 bin=0.503 S_flip=0.062 t=14s
[P700_h140_pad0.120_s1001] it  10 J=0.10544 A_min=0.0970 A_mean=0.1065 |g|=3.18e-03 bin=0.496 S_flip=0.063 t=15s
[P700_h140_pad0.120_s1001] it  11 J=0.10780 A_min=0.0993 A_mean=0.1089 |g|=3.35e-03 bin=0.487 S_flip=0.063 t=17s
[P700_h140_pad0.120_s1001] it  12 J=0.11048 A_min=0.1019 A_mean=0.1115 |g|=3.51e-03 bin=0.476 S_flip=0.064 t=18s
[P700_h140_pad0.120_s1001] it  13 J=0.11347 A_min=0.1048 A_mean=0.1145 |g|=3.65e-03 bin=0.464 S_flip=0.064 t=19s
[P700_h140_pad0.120_s1001] it  14 J=0.11679 A_min=0.1080 A_mean=0.1179 |g|=3.75e-03 bin=0.448 S_flip=0.064 t=21s
[P700_h140_pad0.120_s1001] it  15 J=0.12039 A_min=0.1115 A_mean=0.1215 |g|=3.81e-03 bin=0.431 S_flip=0.064 t=22s
[P700_h140_pad0.120_s1001] it  16 J=0.12423 A_min=0.1152 A_mean=0.1253 |g|=3.81e-03 bin=0.410 S_flip=0.063 t=23s
[P700_h140_pad0.120_s1001] it  17 J=0.12823 A_min=0.1190 A_mean=0.1294 |g|=3.74e-03 bin=0.387 S_flip=0.063 t=25s
[P700_h140_pad0.120_s1001] it  18 J=0.13228 A_min=0.1230 A_mean=0.1334 |g|=3.59e-03 bin=0.362 S_flip=0.062 t=26s
[P700_h140_pad0.120_s1001] it  19 J=0.13628 A_min=0.1269 A_mean=0.1374 |g|=3.38e-03 bin=0.334 S_flip=0.061 t=27s
[P700_h140_pad0.120_s1001] it  20 J=0.14010 A_min=0.1306 A_mean=0.1413 |g|=3.12e-03 bin=0.305 S_flip=0.060 t=29s
[P700_h140_pad0.120_s1001] it  21 J=0.14366 A_min=0.1341 A_mean=0.1448 |g|=2.82e-03 bin=0.277 S_flip=0.060 t=30s
[P700_h140_pad0.120_s1001] it  22 J=0.14687 A_min=0.1372 A_mean=0.1481 |g|=2.52e-03 bin=0.248 S_flip=0.060 t=31s
[P700_h140_pad0.120_s1001] it  23 J=0.14970 A_min=0.1400 A_mean=0.1509 |g|=2.22e-03 bin=0.222 S_flip=0.061 t=33s
[P700_h140_pad0.120_s1001] it  24 J=0.15213 A_min=0.1424 A_mean=0.1534 |g|=1.95e-03 bin=0.197 S_flip=0.062 t=34s
[P700_h140_pad0.120_s1001] it  25 J=0.15420 A_min=0.1444 A_mean=0.1554 |g|=1.71e-03 bin=0.175 S_flip=0.063 t=35s
[P700_h140_pad0.120_s1001] it  26 J=0.15592 A_min=0.1461 A_mean=0.1572 |g|=1.49e-03 bin=0.155 S_flip=0.065 t=37s
[P700_h140_pad0.120_s1001] it  27 J=0.15734 A_min=0.1475 A_mean=0.1586 |g|=1.31e-03 bin=0.138 S_flip=0.067 t=38s
[P700_h140_pad0.120_s1001] it  28 J=0.15850 A_min=0.1487 A_mean=0.1598 |g|=1.16e-03 bin=0.123 S_flip=0.069 t=39s
[P700_h140_pad0.120_s1001] it  29 J=0.15945 A_min=0.1496 A_mean=0.1607 |g|=1.03e-03 bin=0.110 S_flip=0.072 t=41s
[P700_h140_pad0.120_s1001] it  30 J=0.16023 A_min=0.1504 A_mean=0.1615 |g|=9.23e-04 bin=0.098 S_flip=0.074 t=42s
[P700_h140_pad0.120_s1001] it  31 J=0.16087 A_min=0.1511 A_mean=0.1621 |g|=8.30e-04 bin=0.089 S_flip=0.077 t=43s
[P700_h140_pad0.120_s1001] it  32 J=0.16139 A_min=0.1516 A_mean=0.1627 |g|=7.52e-04 bin=0.080 S_flip=0.080 t=45s
[P700_h140_pad0.120_s1001] it  33 J=0.16183 A_min=0.1521 A_mean=0.1631 |g|=6.86e-04 bin=0.073 S_flip=0.083 t=46s
[P700_h140_pad0.120_s1001] it  34 J=0.16219 A_min=0.1524 A_mean=0.1635 |g|=6.30e-04 bin=0.066 S_flip=0.085 t=48s
[P700_h140_pad0.120_s1001] it  35 J=0.16250 A_min=0.1528 A_mean=0.1638 |g|=5.82e-04 bin=0.061 S_flip=0.088 t=49s
[P700_h140_pad0.120_s1001] it  36 J=0.16276 A_min=0.1530 A_mean=0.1640 |g|=5.42e-04 bin=0.056 S_flip=0.091 t=50s
[P700_h140_pad0.120_s1001] it  37 J=0.16298 A_min=0.1532 A_mean=0.1643 |g|=5.09e-04 bin=0.051 S_flip=0.095 t=52s
[P700_h140_pad0.120_s1001] it  38 J=0.16316 A_min=0.1534 A_mean=0.1645 |g|=4.81e-04 bin=0.047 S_flip=0.098 t=53s
[P700_h140_pad0.120_s1001] it  39 J=0.16333 A_min=0.1536 A_mean=0.1646 |g|=4.57e-04 bin=0.043 S_flip=0.101 t=54s
[P700_h140_pad0.120_s1001] it  40 J=0.16347 A_min=0.1538 A_mean=0.1648 |g|=4.37e-04 bin=0.040 S_flip=0.104 t=56s
[P700_h140_pad0.120_s1001] it  41 J=0.16359 A_min=0.1539 A_mean=0.1649 |g|=4.20e-04 bin=0.037 S_flip=0.107 t=57s
[P700_h140_pad0.120_s1001] it  42 J=0.16369 A_min=0.1540 A_mean=0.1650 |g|=4.07e-04 bin=0.034 S_flip=0.110 t=58s
[P700_h140_pad0.120_s1001] it  43 J=0.16378 A_min=0.1541 A_mean=0.1651 |g|=3.95e-04 bin=0.032 S_flip=0.113 t=59s
[P700_h140_pad0.120_s1001] it  44 J=0.16386 A_min=0.1542 A_mean=0.1652 |g|=3.86e-04 bin=0.029 S_flip=0.115 t=61s
[P700_h140_pad0.120_s1001] it  45 J=0.16393 A_min=0.1542 A_mean=0.1652 |g|=3.79e-04 bin=0.027 S_flip=0.118 t=62s
[P700_h140_pad0.120_s1001] it  46 J=0.16400 A_min=0.1543 A_mean=0.1653 |g|=3.75e-04 bin=0.025 S_flip=0.121 t=63s
[P700_h140_pad0.120_s1001] it  47 J=0.16405 A_min=0.1544 A_mean=0.1653 |g|=3.72e-04 bin=0.023 S_flip=0.123 t=65s
[P700_h140_pad0.120_s1001] it  48 J=0.16410 A_min=0.1544 A_mean=0.1654 |g|=3.71e-04 bin=0.022 S_flip=0.126 t=66s
[P700_h140_pad0.120_s1001] it  49 J=0.16414 A_min=0.1545 A_mean=0.1654 |g|=3.71e-04 bin=0.020 S_flip=0.128 t=67s
[P700_h140_pad0.120_s1001] it  50 J=0.16418 A_min=0.1545 A_mean=0.1655 |g|=3.73e-04 bin=0.019 S_flip=0.130 t=68s
[P700_h140_pad0.120_s1001] it  51 J=0.16422 A_min=0.1546 A_mean=0.1655 |g|=3.76e-04 bin=0.018 S_flip=0.133 t=70s
[P700_h140_pad0.120_s1001] it  52 J=0.16425 A_min=0.1546 A_mean=0.1656 |g|=3.79e-04 bin=0.017 S_flip=0.135 t=71s
[P700_h140_pad0.120_s1001] it  53 J=0.16428 A_min=0.1546 A_mean=0.1656 |g|=3.81e-04 bin=0.015 S_flip=0.138 t=72s
[P700_h140_pad0.120_s1001] it  54 J=0.16431 A_min=0.1547 A_mean=0.1656 |g|=3.82e-04 bin=0.014 S_flip=0.140 t=74s
[P700_h140_pad0.120_s1001] it  55 J=0.16434 A_min=0.1547 A_mean=0.1656 |g|=3.81e-04 bin=0.013 S_flip=0.142 t=75s
[P700_h140_pad0.120_s1001] it  56 J=0.16436 A_min=0.1547 A_mean=0.1657 |g|=3.78e-04 bin=0.012 S_flip=0.145 t=76s
[P700_h140_pad0.120_s1001] it  57 J=0.16439 A_min=0.1547 A_mean=0.1657 |g|=3.72e-04 bin=0.011 S_flip=0.147 t=78s
[P700_h140_pad0.120_s1001] it  58 J=0.16441 A_min=0.1548 A_mean=0.1657 |g|=3.63e-04 bin=0.010 S_flip=0.149 t=79s
[P700_h140_pad0.120_s1001] it  59 J=0.16443 A_min=0.1548 A_mean=0.1657 |g|=3.53e-04 bin=0.010 S_flip=0.152 t=80s
[P700_h140_pad0.120_s1001] it  60 J=0.16444 A_min=0.1548 A_mean=0.1657 |g|=3.42e-04 bin=0.009 S_flip=0.153 t=82s
[P700_h140_pad0.120_s1001] it  61 J=0.16446 A_min=0.1548 A_mean=0.1658 |g|=3.31e-04 bin=0.008 S_flip=0.155 t=83s
[P700_h140_pad0.120_s1001] it  62 J=0.16447 A_min=0.1548 A_mean=0.1658 |g|=3.21e-04 bin=0.007 S_flip=0.157 t=84s
[P700_h140_pad0.120_s1001] it  63 J=0.16448 A_min=0.1549 A_mean=0.1658 |g|=3.13e-04 bin=0.007 S_flip=0.158 t=86s
[P700_h140_pad0.120_s1001] it  64 J=0.16450 A_min=0.1549 A_mean=0.1658 |g|=3.05e-04 bin=0.006 S_flip=0.159 t=87s
[P700_h140_pad0.120_s1001] it  65 J=0.16451 A_min=0.1549 A_mean=0.1658 |g|=2.99e-04 bin=0.006 S_flip=0.160 t=88s
[P700_h140_pad0.120_s1001] it  66 J=0.16451 A_min=0.1549 A_mean=0.1658 |g|=2.95e-04 bin=0.005 S_flip=0.161 t=90s
[P700_h140_pad0.120_s1001] it  67 J=0.16452 A_min=0.1549 A_mean=0.1658 |g|=2.91e-04 bin=0.005 S_flip=0.162 t=91s
[P700_h140_pad0.120_s1001] it  68 J=0.16453 A_min=0.1549 A_mean=0.1658 |g|=2.88e-04 bin=0.005 S_flip=0.163 t=92s
[P700_h140_pad0.120_s1001] it  69 J=0.16454 A_min=0.1549 A_mean=0.1658 |g|=2.87e-04 bin=0.004 S_flip=0.163 t=94s
[P700_h140_pad0.120_s1001] it  70 J=0.16454 A_min=0.1549 A_mean=0.1659 |g|=2.85e-04 bin=0.004 S_flip=0.164 t=95s
[P700_h140_pad0.120_s1001] it  71 J=0.16455 A_min=0.1549 A_mean=0.1659 |g|=2.84e-04 bin=0.004 S_flip=0.164 t=97s
[P700_h140_pad0.120_s1001] it  72 J=0.16455 A_min=0.1549 A_mean=0.1659 |g|=2.83e-04 bin=0.003 S_flip=0.165 t=98s
[P700_h140_pad0.120_s1001] it  73 J=0.16456 A_min=0.1549 A_mean=0.1659 |g|=2.82e-04 bin=0.003 S_flip=0.165 t=99s
[P700_h140_pad0.120_s1001] it  74 J=0.16456 A_min=0.1549 A_mean=0.1659 |g|=2.81e-04 bin=0.003 S_flip=0.166 t=101s
[P700_h140_pad0.120_s1001] it  75 J=0.16456 A_min=0.1549 A_mean=0.1659 |g|=2.81e-04 bin=0.003 S_flip=0.166 t=102s
[P700_h140_pad0.120_s1001] it  76 J=0.16457 A_min=0.1549 A_mean=0.1659 |g|=2.80e-04 bin=0.003 S_flip=0.166 t=103s
[P700_h140_pad0.120_s1001] it  77 J=0.16457 A_min=0.1550 A_mean=0.1659 |g|=2.79e-04 bin=0.002 S_flip=0.167 t=105s
[P700_h140_pad0.120_s1001] it  78 J=0.16457 A_min=0.1550 A_mean=0.1659 |g|=2.79e-04 bin=0.002 S_flip=0.167 t=106s
[P700_h140_pad0.120_s1001] it  79 J=0.16457 A_min=0.1550 A_mean=0.1659 |g|=2.79e-04 bin=0.002 S_flip=0.167 t=107s
[P700_h140_pad0.120_s1001] it  80 J=0.16458 A_min=0.1550 A_mean=0.1659 |g|=2.79e-04 bin=0.002 S_flip=0.168 t=109s
[P700_h140_pad0.120_s1001] it  81 J=0.16458 A_min=0.1550 A_mean=0.1659 |g|=2.79e-04 bin=0.002 S_flip=0.168 t=110s
[P700_h140_pad0.120_s1001] it  82 J=0.16458 A_min=0.1550 A_mean=0.1659 |g|=2.78e-04 bin=0.002 S_flip=0.168 t=112s
[P700_h140_pad0.120_s1001] it  83 J=0.16458 A_min=0.1550 A_mean=0.1659 |g|=2.77e-04 bin=0.002 S_flip=0.168 t=113s
[P700_h140_pad0.120_s1001] it  84 J=0.16458 A_min=0.1550 A_mean=0.1659 |g|=2.76e-04 bin=0.001 S_flip=0.168 t=114s
[P700_h140_pad0.120_s1001] it  85 J=0.16459 A_min=0.1550 A_mean=0.1659 |g|=2.75e-04 bin=0.001 S_flip=0.169 t=116s
[P700_h140_pad0.120_s1001] it  86 J=0.16459 A_min=0.1550 A_mean=0.1659 |g|=2.73e-04 bin=0.001 S_flip=0.169 t=117s
[P700_h140_pad0.120_s1001] it  87 J=0.16459 A_min=0.1550 A_mean=0.1659 |g|=2.73e-04 bin=0.001 S_flip=0.169 t=118s
[P700_h140_pad0.120_s1001] it  88 J=0.16459 A_min=0.1550 A_mean=0.1659 |g|=2.73e-04 bin=0.001 S_flip=0.169 t=120s
[P700_h140_pad0.120_s1001] it  89 J=0.16459 A_min=0.1550 A_mean=0.1659 |g|=2.74e-04 bin=0.001 S_flip=0.169 t=121s
[P700_h140_pad0.120_s1001] it  90 J=0.16459 A_min=0.1550 A_mean=0.1659 |g|=2.76e-04 bin=0.001 S_flip=0.170 t=122s
[P700_h140_pad0.120_s1001] it  91 J=0.16459 A_min=0.1550 A_mean=0.1659 |g|=2.79e-04 bin=0.001 S_flip=0.170 t=124s
[P700_h140_pad0.120_s1001] it  92 J=0.16459 A_min=0.1550 A_mean=0.1659 |g|=2.83e-04 bin=0.001 S_flip=0.170 t=125s
[P700_h140_pad0.120_s1001] it  93 J=0.16459 A_min=0.1550 A_mean=0.1659 |g|=2.89e-04 bin=0.001 S_flip=0.170 t=127s
[P700_h140_pad0.120_s1001] it  94 J=0.16459 A_min=0.1550 A_mean=0.1659 |g|=2.95e-04 bin=0.001 S_flip=0.170 t=128s
[P700_h140_pad0.120_s1001] it  95 J=0.16459 A_min=0.1550 A_mean=0.1659 |g|=3.02e-04 bin=0.001 S_flip=0.170 t=129s
[P700_h140_pad0.120_s1001] it  96 J=0.16459 A_min=0.1550 A_mean=0.1659 |g|=3.10e-04 bin=0.001 S_flip=0.170 t=131s
[P700_h140_pad0.120_s1001] it  97 J=0.16459 A_min=0.1550 A_mean=0.1659 |g|=3.17e-04 bin=0.001 S_flip=0.171 t=132s
[P700_h140_pad0.120_s1001] it  98 J=0.16459 A_min=0.1550 A_mean=0.1659 |g|=3.25e-04 bin=0.000 S_flip=0.171 t=134s
[P700_h140_pad0.120_s1001] it  99 J=0.16459 A_min=0.1550 A_mean=0.1659 |g|=3.33e-04 bin=0.000 S_flip=0.171 t=135s
[P700_h140_pad0.120_s1001] done: J_soft=0.16459 J_hard=0.16460 A_hard=[0.155, 0.1845, 0.1582] S_flip=0.172 wall=137s
[P700_h140_pad0.120_s7777] it   0 J=0.09490 A_min=0.0868 A_mean=0.0959 |g|=1.93e-03 bin=0.539 S_flip=0.053 t=1s
[P700_h140_pad0.120_s7777] it   1 J=0.09564 A_min=0.0875 A_mean=0.0967 |g|=2.01e-03 bin=0.537 S_flip=0.054 t=3s
[P700_h140_pad0.120_s7777] it   2 J=0.09646 A_min=0.0883 A_mean=0.0975 |g|=2.09e-03 bin=0.535 S_flip=0.055 t=5s
[P700_h140_pad0.120_s7777] it   3 J=0.09738 A_min=0.0892 A_mean=0.0984 |g|=2.19e-03 bin=0.532 S_flip=0.056 t=6s
[P700_h140_pad0.120_s7777] it   4 J=0.09840 A_min=0.0902 A_mean=0.0994 |g|=2.29e-03 bin=0.529 S_flip=0.057 t=7s
[P700_h140_pad0.120_s7777] it   5 J=0.09956 A_min=0.0913 A_mean=0.1006 |g|=2.41e-03 bin=0.526 S_flip=0.059 t=9s
[P700_h140_pad0.120_s7777] it   6 J=0.10087 A_min=0.0925 A_mean=0.1019 |g|=2.53e-03 bin=0.521 S_flip=0.060 t=10s
[P700_h140_pad0.120_s7777] it   7 J=0.10236 A_min=0.0940 A_mean=0.1034 |g|=2.67e-03 bin=0.516 S_flip=0.061 t=12s
[P700_h140_pad0.120_s7777] it   8 J=0.10406 A_min=0.0956 A_mean=0.1051 |g|=2.82e-03 bin=0.510 S_flip=0.063 t=13s
[P700_h140_pad0.120_s7777] it   9 J=0.10599 A_min=0.0975 A_mean=0.1071 |g|=2.96e-03 bin=0.503 S_flip=0.064 t=14s
[P700_h140_pad0.120_s7777] it  10 J=0.10819 A_min=0.0996 A_mean=0.1093 |g|=3.12e-03 bin=0.495 S_flip=0.065 t=16s
[P700_h140_pad0.120_s7777] it  11 J=0.11067 A_min=0.1020 A_mean=0.1117 |g|=3.26e-03 bin=0.484 S_flip=0.067 t=17s
[P700_h140_pad0.120_s7777] it  12 J=0.11344 A_min=0.1047 A_mean=0.1145 |g|=3.39e-03 bin=0.472 S_flip=0.068 t=18s
[P700_h140_pad0.120_s7777] it  13 J=0.11651 A_min=0.1076 A_mean=0.1176 |g|=3.50e-03 bin=0.458 S_flip=0.069 t=20s
[P700_h140_pad0.120_s7777] it  14 J=0.11986 A_min=0.1109 A_mean=0.1210 |g|=3.56e-03 bin=0.441 S_flip=0.069 t=21s
[P700_h140_pad0.120_s7777] it  15 J=0.12344 A_min=0.1143 A_mean=0.1246 |g|=3.58e-03 bin=0.422 S_flip=0.070 t=22s
[P700_h140_pad0.120_s7777] it  16 J=0.12720 A_min=0.1180 A_mean=0.1283 |g|=3.54e-03 bin=0.401 S_flip=0.070 t=24s
[P700_h140_pad0.120_s7777] it  17 J=0.13106 A_min=0.1217 A_mean=0.1322 |g|=3.43e-03 bin=0.376 S_flip=0.070 t=25s
[P700_h140_pad0.120_s7777] it  18 J=0.13491 A_min=0.1254 A_mean=0.1361 |g|=3.27e-03 bin=0.350 S_flip=0.070 t=27s
[P700_h140_pad0.120_s7777] it  19 J=0.13865 A_min=0.1291 A_mean=0.1398 |g|=3.05e-03 bin=0.323 S_flip=0.070 t=28s
[P700_h140_pad0.120_s7777] it  20 J=0.14219 A_min=0.1325 A_mean=0.1434 |g|=2.79e-03 bin=0.295 S_flip=0.070 t=30s
[P700_h140_pad0.120_s7777] it  21 J=0.14544 A_min=0.1357 A_mean=0.1466 |g|=2.51e-03 bin=0.267 S_flip=0.071 t=31s
[P700_h140_pad0.120_s7777] it  22 J=0.14836 A_min=0.1386 A_mean=0.1496 |g|=2.23e-03 bin=0.240 S_flip=0.072 t=32s
[P700_h140_pad0.120_s7777] it  23 J=0.15092 A_min=0.1411 A_mean=0.1521 |g|=1.96e-03 bin=0.214 S_flip=0.073 t=34s
[P700_h140_pad0.120_s7777] it  24 J=0.15311 A_min=0.1432 A_mean=0.1543 |g|=1.71e-03 bin=0.191 S_flip=0.075 t=35s
[P700_h140_pad0.120_s7777] it  25 J=0.15497 A_min=0.1451 A_mean=0.1562 |g|=1.49e-03 bin=0.170 S_flip=0.077 t=37s
[P700_h140_pad0.120_s7777] it  26 J=0.15652 A_min=0.1466 A_mean=0.1578 |g|=1.30e-03 bin=0.151 S_flip=0.080 t=38s
[P700_h140_pad0.120_s7777] it  27 J=0.15780 A_min=0.1479 A_mean=0.1590 |g|=1.14e-03 bin=0.135 S_flip=0.082 t=40s
[P700_h140_pad0.120_s7777] it  28 J=0.15885 A_min=0.1490 A_mean=0.1601 |g|=1.00e-03 bin=0.120 S_flip=0.085 t=41s
[P700_h140_pad0.120_s7777] it  29 J=0.15972 A_min=0.1498 A_mean=0.1610 |g|=8.89e-04 bin=0.108 S_flip=0.088 t=43s
[P700_h140_pad0.120_s7777] it  30 J=0.16042 A_min=0.1506 A_mean=0.1617 |g|=7.94e-04 bin=0.097 S_flip=0.091 t=44s
[P700_h140_pad0.120_s7777] it  31 J=0.16100 A_min=0.1512 A_mean=0.1623 |g|=7.16e-04 bin=0.088 S_flip=0.094 t=46s
[P700_h140_pad0.120_s7777] it  32 J=0.16148 A_min=0.1516 A_mean=0.1628 |g|=6.51e-04 bin=0.079 S_flip=0.098 t=47s
[P700_h140_pad0.120_s7777] it  33 J=0.16188 A_min=0.1521 A_mean=0.1632 |g|=5.97e-04 bin=0.072 S_flip=0.101 t=48s
[P700_h140_pad0.120_s7777] it  34 J=0.16222 A_min=0.1524 A_mean=0.1635 |g|=5.53e-04 bin=0.066 S_flip=0.104 t=50s
[P700_h140_pad0.120_s7777] it  35 J=0.16250 A_min=0.1527 A_mean=0.1638 |g|=5.16e-04 bin=0.060 S_flip=0.108 t=51s
[P700_h140_pad0.120_s7777] it  36 J=0.16274 A_min=0.1529 A_mean=0.1640 |g|=4.87e-04 bin=0.055 S_flip=0.111 t=53s
[P700_h140_pad0.120_s7777] it  37 J=0.16294 A_min=0.1532 A_mean=0.1642 |g|=4.62e-04 bin=0.051 S_flip=0.115 t=54s
[P700_h140_pad0.120_s7777] it  38 J=0.16312 A_min=0.1533 A_mean=0.1644 |g|=4.42e-04 bin=0.047 S_flip=0.118 t=56s
[P700_h140_pad0.120_s7777] it  39 J=0.16327 A_min=0.1535 A_mean=0.1646 |g|=4.26e-04 bin=0.043 S_flip=0.122 t=57s
[P700_h140_pad0.120_s7777] it  40 J=0.16340 A_min=0.1536 A_mean=0.1647 |g|=4.12e-04 bin=0.040 S_flip=0.125 t=59s
[P700_h140_pad0.120_s7777] it  41 J=0.16352 A_min=0.1538 A_mean=0.1648 |g|=4.01e-04 bin=0.037 S_flip=0.129 t=60s
[P700_h140_pad0.120_s7777] it  42 J=0.16362 A_min=0.1539 A_mean=0.1649 |g|=3.92e-04 bin=0.034 S_flip=0.132 t=61s
[P700_h140_pad0.120_s7777] it  43 J=0.16370 A_min=0.1540 A_mean=0.1650 |g|=3.84e-04 bin=0.032 S_flip=0.135 t=63s
[P700_h140_pad0.120_s7777] it  44 J=0.16378 A_min=0.1540 A_mean=0.1651 |g|=3.77e-04 bin=0.029 S_flip=0.138 t=64s
[P700_h140_pad0.120_s7777] it  45 J=0.16385 A_min=0.1541 A_mean=0.1651 |g|=3.70e-04 bin=0.027 S_flip=0.142 t=66s
[P700_h140_pad0.120_s7777] it  46 J=0.16391 A_min=0.1542 A_mean=0.1652 |g|=3.65e-04 bin=0.025 S_flip=0.145 t=67s
[P700_h140_pad0.120_s7777] it  47 J=0.16396 A_min=0.1542 A_mean=0.1652 |g|=3.60e-04 bin=0.023 S_flip=0.148 t=68s
[P700_h140_pad0.120_s7777] it  48 J=0.16401 A_min=0.1543 A_mean=0.1653 |g|=3.56e-04 bin=0.022 S_flip=0.151 t=70s
[P700_h140_pad0.120_s7777] it  49 J=0.16405 A_min=0.1543 A_mean=0.1653 |g|=3.53e-04 bin=0.020 S_flip=0.153 t=71s
[P700_h140_pad0.120_s7777] it  50 J=0.16409 A_min=0.1544 A_mean=0.1654 |g|=3.50e-04 bin=0.019 S_flip=0.156 t=73s
[P700_h140_pad0.120_s7777] it  51 J=0.16412 A_min=0.1544 A_mean=0.1654 |g|=3.49e-04 bin=0.017 S_flip=0.158 t=74s
[P700_h140_pad0.120_s7777] it  52 J=0.16415 A_min=0.1544 A_mean=0.1654 |g|=3.48e-04 bin=0.016 S_flip=0.161 t=75s
[P700_h140_pad0.120_s7777] it  53 J=0.16418 A_min=0.1545 A_mean=0.1655 |g|=3.47e-04 bin=0.015 S_flip=0.163 t=77s
[P700_h140_pad0.120_s7777] it  54 J=0.16420 A_min=0.1545 A_mean=0.1655 |g|=3.48e-04 bin=0.014 S_flip=0.166 t=78s
[P700_h140_pad0.120_s7777] it  55 J=0.16422 A_min=0.1545 A_mean=0.1655 |g|=3.49e-04 bin=0.013 S_flip=0.168 t=80s
[P700_h140_pad0.120_s7777] it  56 J=0.16424 A_min=0.1546 A_mean=0.1655 |g|=3.51e-04 bin=0.012 S_flip=0.170 t=81s
[P700_h140_pad0.120_s7777] it  57 J=0.16426 A_min=0.1546 A_mean=0.1656 |g|=3.55e-04 bin=0.011 S_flip=0.172 t=82s
[P700_h140_pad0.120_s7777] it  58 J=0.16427 A_min=0.1546 A_mean=0.1656 |g|=3.60e-04 bin=0.010 S_flip=0.174 t=84s
[P700_h140_pad0.120_s7777] it  59 J=0.16429 A_min=0.1546 A_mean=0.1656 |g|=3.67e-04 bin=0.010 S_flip=0.176 t=85s
[P700_h140_pad0.120_s7777] it  60 J=0.16430 A_min=0.1546 A_mean=0.1656 |g|=3.75e-04 bin=0.009 S_flip=0.177 t=87s
[P700_h140_pad0.120_s7777] it  61 J=0.16432 A_min=0.1546 A_mean=0.1656 |g|=3.86e-04 bin=0.008 S_flip=0.179 t=88s
[P700_h140_pad0.120_s7777] it  62 J=0.16433 A_min=0.1547 A_mean=0.1656 |g|=3.98e-04 bin=0.008 S_flip=0.181 t=89s
[P700_h140_pad0.120_s7777] it  63 J=0.16434 A_min=0.1547 A_mean=0.1656 |g|=4.12e-04 bin=0.007 S_flip=0.182 t=91s
[P700_h140_pad0.120_s7777] it  64 J=0.16435 A_min=0.1547 A_mean=0.1656 |g|=4.26e-04 bin=0.007 S_flip=0.184 t=93s
[P700_h140_pad0.120_s7777] it  65 J=0.16436 A_min=0.1547 A_mean=0.1657 |g|=4.40e-04 bin=0.007 S_flip=0.185 t=94s
[P700_h140_pad0.120_s7777] it  66 J=0.16437 A_min=0.1547 A_mean=0.1657 |g|=4.54e-04 bin=0.006 S_flip=0.187 t=96s
[P700_h140_pad0.120_s7777] it  67 J=0.16438 A_min=0.1547 A_mean=0.1657 |g|=4.66e-04 bin=0.006 S_flip=0.188 t=97s
[P700_h140_pad0.120_s7777] it  68 J=0.16439 A_min=0.1547 A_mean=0.1657 |g|=4.78e-04 bin=0.005 S_flip=0.189 t=98s
[P700_h140_pad0.120_s7777] it  69 J=0.16440 A_min=0.1547 A_mean=0.1657 |g|=4.89e-04 bin=0.005 S_flip=0.190 t=100s
[P700_h140_pad0.120_s7777] it  70 J=0.16441 A_min=0.1548 A_mean=0.1657 |g|=4.98e-04 bin=0.005 S_flip=0.191 t=101s
[P700_h140_pad0.120_s7777] it  71 J=0.16442 A_min=0.1548 A_mean=0.1657 |g|=5.04e-04 bin=0.004 S_flip=0.192 t=103s
[P700_h140_pad0.120_s7777] it  72 J=0.16443 A_min=0.1548 A_mean=0.1657 |g|=5.03e-04 bin=0.004 S_flip=0.192 t=104s
[P700_h140_pad0.120_s7777] it  73 J=0.16444 A_min=0.1548 A_mean=0.1657 |g|=4.95e-04 bin=0.004 S_flip=0.193 t=106s
[P700_h140_pad0.120_s7777] it  74 J=0.16445 A_min=0.1548 A_mean=0.1658 |g|=4.81e-04 bin=0.003 S_flip=0.193 t=108s
[P700_h140_pad0.120_s7777] it  75 J=0.16446 A_min=0.1548 A_mean=0.1658 |g|=4.62e-04 bin=0.003 S_flip=0.193 t=109s
[P700_h140_pad0.120_s7777] it  76 J=0.16446 A_min=0.1548 A_mean=0.1658 |g|=4.44e-04 bin=0.003 S_flip=0.194 t=111s
[P700_h140_pad0.120_s7777] it  77 J=0.16447 A_min=0.1548 A_mean=0.1658 |g|=4.27e-04 bin=0.003 S_flip=0.194 t=112s
[P700_h140_pad0.120_s7777] it  78 J=0.16447 A_min=0.1548 A_mean=0.1658 |g|=4.13e-04 bin=0.002 S_flip=0.194 t=114s
[P700_h140_pad0.120_s7777] it  79 J=0.16448 A_min=0.1548 A_mean=0.1658 |g|=4.02e-04 bin=0.002 S_flip=0.195 t=115s
[P700_h140_pad0.120_s7777] it  80 J=0.16448 A_min=0.1548 A_mean=0.1658 |g|=3.95e-04 bin=0.002 S_flip=0.195 t=117s
[P700_h140_pad0.120_s7777] it  81 J=0.16448 A_min=0.1549 A_mean=0.1658 |g|=3.90e-04 bin=0.002 S_flip=0.195 t=118s
[P700_h140_pad0.120_s7777] it  82 J=0.16449 A_min=0.1549 A_mean=0.1658 |g|=3.87e-04 bin=0.002 S_flip=0.195 t=120s
[P700_h140_pad0.120_s7777] it  83 J=0.16449 A_min=0.1549 A_mean=0.1658 |g|=3.87e-04 bin=0.002 S_flip=0.195 t=121s
[P700_h140_pad0.120_s7777] it  84 J=0.16449 A_min=0.1549 A_mean=0.1658 |g|=3.88e-04 bin=0.001 S_flip=0.195 t=122s
[P700_h140_pad0.120_s7777] it  85 J=0.16449 A_min=0.1549 A_mean=0.1658 |g|=3.90e-04 bin=0.001 S_flip=0.196 t=124s
[P700_h140_pad0.120_s7777] it  86 J=0.16450 A_min=0.1549 A_mean=0.1658 |g|=3.93e-04 bin=0.001 S_flip=0.196 t=125s
[P700_h140_pad0.120_s7777] it  87 J=0.16450 A_min=0.1549 A_mean=0.1658 |g|=3.98e-04 bin=0.001 S_flip=0.196 t=126s
[P700_h140_pad0.120_s7777] it  88 J=0.16450 A_min=0.1549 A_mean=0.1658 |g|=4.02e-04 bin=0.001 S_flip=0.196 t=128s
[P700_h140_pad0.120_s7777] it  89 J=0.16450 A_min=0.1549 A_mean=0.1658 |g|=4.08e-04 bin=0.001 S_flip=0.196 t=129s
[P700_h140_pad0.120_s7777] it  90 J=0.16450 A_min=0.1549 A_mean=0.1658 |g|=4.13e-04 bin=0.001 S_flip=0.196 t=131s
[P700_h140_pad0.120_s7777] it  91 J=0.16450 A_min=0.1549 A_mean=0.1658 |g|=4.19e-04 bin=0.001 S_flip=0.196 t=132s
[P700_h140_pad0.120_s7777] it  92 J=0.16450 A_min=0.1549 A_mean=0.1658 |g|=4.24e-04 bin=0.001 S_flip=0.197 t=134s
[P700_h140_pad0.120_s7777] it  93 J=0.16450 A_min=0.1549 A_mean=0.1658 |g|=4.29e-04 bin=0.001 S_flip=0.197 t=135s
[P700_h140_pad0.120_s7777] it  94 J=0.16450 A_min=0.1549 A_mean=0.1658 |g|=4.33e-04 bin=0.001 S_flip=0.197 t=136s
[P700_h140_pad0.120_s7777] it  95 J=0.16450 A_min=0.1549 A_mean=0.1658 |g|=4.37e-04 bin=0.001 S_flip=0.197 t=138s
[P700_h140_pad0.120_s7777] it  96 J=0.16450 A_min=0.1549 A_mean=0.1658 |g|=4.40e-04 bin=0.001 S_flip=0.197 t=139s
[P700_h140_pad0.120_s7777] it  97 J=0.16450 A_min=0.1549 A_mean=0.1658 |g|=4.44e-04 bin=0.001 S_flip=0.197 t=140s
[P700_h140_pad0.120_s7777] it  98 J=0.16450 A_min=0.1549 A_mean=0.1658 |g|=4.47e-04 bin=0.000 S_flip=0.197 t=142s
[P700_h140_pad0.120_s7777] it  99 J=0.16450 A_min=0.1549 A_mean=0.1658 |g|=4.50e-04 bin=0.000 S_flip=0.197 t=143s
[P700_h140_pad0.120_s7777] done: J_soft=0.16450 J_hard=0.16451 A_hard=[0.1549, 0.1844, 0.1582] S_flip=0.199 wall=145s
[P700_h160_pad0.040_s333] it   0 J=0.07020 A_min=0.0634 A_mean=0.0710 |g|=1.51e-03 bin=0.792 S_flip=0.048 t=1s
[P700_h160_pad0.040_s333] it   1 J=0.07121 A_min=0.0644 A_mean=0.0721 |g|=1.58e-03 bin=0.789 S_flip=0.049 t=3s
[P700_h160_pad0.040_s333] it   2 J=0.07234 A_min=0.0655 A_mean=0.0732 |g|=1.65e-03 bin=0.785 S_flip=0.051 t=4s
[P700_h160_pad0.040_s333] it   3 J=0.07360 A_min=0.0667 A_mean=0.0745 |g|=1.74e-03 bin=0.780 S_flip=0.052 t=5s
[P700_h160_pad0.040_s333] it   4 J=0.07500 A_min=0.0680 A_mean=0.0759 |g|=1.83e-03 bin=0.775 S_flip=0.054 t=7s
[P700_h160_pad0.040_s333] it   5 J=0.07655 A_min=0.0695 A_mean=0.0774 |g|=1.93e-03 bin=0.770 S_flip=0.055 t=8s
[P700_h160_pad0.040_s333] it   6 J=0.07826 A_min=0.0712 A_mean=0.0792 |g|=2.04e-03 bin=0.763 S_flip=0.057 t=9s
[P700_h160_pad0.040_s333] it   7 J=0.08016 A_min=0.0730 A_mean=0.0811 |g|=2.16e-03 bin=0.756 S_flip=0.059 t=11s
[P700_h160_pad0.040_s333] it   8 J=0.08226 A_min=0.0751 A_mean=0.0832 |g|=2.29e-03 bin=0.748 S_flip=0.061 t=12s
[P700_h160_pad0.040_s333] it   9 J=0.08456 A_min=0.0773 A_mean=0.0855 |g|=2.44e-03 bin=0.740 S_flip=0.064 t=13s
[P700_h160_pad0.040_s333] it  10 J=0.08708 A_min=0.0797 A_mean=0.0881 |g|=2.60e-03 bin=0.730 S_flip=0.066 t=15s
[P700_h160_pad0.040_s333] it  11 J=0.08983 A_min=0.0824 A_mean=0.0908 |g|=2.77e-03 bin=0.719 S_flip=0.069 t=16s
[P700_h160_pad0.040_s333] it  12 J=0.09282 A_min=0.0853 A_mean=0.0938 |g|=2.96e-03 bin=0.707 S_flip=0.071 t=17s
[P700_h160_pad0.040_s333] it  13 J=0.09606 A_min=0.0884 A_mean=0.0971 |g|=3.16e-03 bin=0.694 S_flip=0.074 t=19s
[P700_h160_pad0.040_s333] it  14 J=0.09956 A_min=0.0918 A_mean=0.1006 |g|=3.36e-03 bin=0.679 S_flip=0.077 t=20s
[P700_h160_pad0.040_s333] it  15 J=0.10334 A_min=0.0954 A_mean=0.1044 |g|=3.57e-03 bin=0.662 S_flip=0.079 t=21s
[P700_h160_pad0.040_s333] it  16 J=0.10739 A_min=0.0993 A_mean=0.1085 |g|=3.76e-03 bin=0.643 S_flip=0.082 t=23s
[P700_h160_pad0.040_s333] it  17 J=0.11171 A_min=0.1034 A_mean=0.1129 |g|=3.93e-03 bin=0.621 S_flip=0.084 t=24s
[P700_h160_pad0.040_s333] it  18 J=0.11628 A_min=0.1078 A_mean=0.1175 |g|=4.05e-03 bin=0.596 S_flip=0.087 t=25s
[P700_h160_pad0.040_s333] it  19 J=0.12106 A_min=0.1124 A_mean=0.1223 |g|=4.12e-03 bin=0.568 S_flip=0.089 t=27s
[P700_h160_pad0.040_s333] it  20 J=0.12598 A_min=0.1171 A_mean=0.1273 |g|=4.11e-03 bin=0.537 S_flip=0.090 t=28s
[P700_h160_pad0.040_s333] it  21 J=0.13095 A_min=0.1219 A_mean=0.1323 |g|=4.02e-03 bin=0.503 S_flip=0.092 t=29s
[P700_h160_pad0.040_s333] it  22 J=0.13586 A_min=0.1266 A_mean=0.1372 |g|=3.85e-03 bin=0.466 S_flip=0.093 t=31s
[P700_h160_pad0.040_s333] it  23 J=0.14058 A_min=0.1312 A_mean=0.1419 |g|=3.62e-03 bin=0.428 S_flip=0.094 t=32s
[P700_h160_pad0.040_s333] it  24 J=0.14502 A_min=0.1354 A_mean=0.1464 |g|=3.34e-03 bin=0.389 S_flip=0.095 t=33s
[P700_h160_pad0.040_s333] it  25 J=0.14908 A_min=0.1394 A_mean=0.1505 |g|=3.04e-03 bin=0.351 S_flip=0.097 t=35s
[P700_h160_pad0.040_s333] it  26 J=0.15271 A_min=0.1430 A_mean=0.1542 |g|=2.75e-03 bin=0.314 S_flip=0.098 t=36s
[P700_h160_pad0.040_s333] it  27 J=0.15590 A_min=0.1461 A_mean=0.1574 |g|=2.47e-03 bin=0.280 S_flip=0.099 t=38s
[P700_h160_pad0.040_s333] it  28 J=0.15865 A_min=0.1489 A_mean=0.1601 |g|=2.23e-03 bin=0.249 S_flip=0.101 t=39s
[P700_h160_pad0.040_s333] it  29 J=0.16100 A_min=0.1513 A_mean=0.1625 |g|=2.02e-03 bin=0.222 S_flip=0.103 t=40s
[P700_h160_pad0.040_s333] it  30 J=0.16298 A_min=0.1533 A_mean=0.1645 |g|=1.84e-03 bin=0.197 S_flip=0.106 t=42s
[P700_h160_pad0.040_s333] it  31 J=0.16465 A_min=0.1551 A_mean=0.1662 |g|=1.69e-03 bin=0.175 S_flip=0.108 t=43s
[P700_h160_pad0.040_s333] it  32 J=0.16606 A_min=0.1566 A_mean=0.1676 |g|=1.56e-03 bin=0.156 S_flip=0.111 t=44s
[P700_h160_pad0.040_s333] it  33 J=0.16724 A_min=0.1578 A_mean=0.1688 |g|=1.45e-03 bin=0.140 S_flip=0.115 t=46s
[P700_h160_pad0.040_s333] it  34 J=0.16823 A_min=0.1589 A_mean=0.1698 |g|=1.36e-03 bin=0.126 S_flip=0.118 t=47s
[P700_h160_pad0.040_s333] it  35 J=0.16907 A_min=0.1599 A_mean=0.1707 |g|=1.28e-03 bin=0.113 S_flip=0.122 t=48s
[P700_h160_pad0.040_s333] it  36 J=0.16978 A_min=0.1606 A_mean=0.1714 |g|=1.21e-03 bin=0.102 S_flip=0.126 t=50s
[P700_h160_pad0.040_s333] it  37 J=0.17038 A_min=0.1613 A_mean=0.1720 |g|=1.15e-03 bin=0.093 S_flip=0.130 t=51s
[P700_h160_pad0.040_s333] it  38 J=0.17090 A_min=0.1619 A_mean=0.1726 |g|=1.10e-03 bin=0.085 S_flip=0.134 t=53s
[P700_h160_pad0.040_s333] it  39 J=0.17134 A_min=0.1624 A_mean=0.1730 |g|=1.05e-03 bin=0.077 S_flip=0.138 t=54s
[P700_h160_pad0.040_s333] it  40 J=0.17173 A_min=0.1627 A_mean=0.1734 |g|=1.01e-03 bin=0.071 S_flip=0.142 t=56s
[P700_h160_pad0.040_s333] it  41 J=0.17206 A_min=0.1630 A_mean=0.1737 |g|=9.83e-04 bin=0.065 S_flip=0.146 t=57s
[P700_h160_pad0.040_s333] it  42 J=0.17235 A_min=0.1632 A_mean=0.1740 |g|=9.55e-04 bin=0.060 S_flip=0.150 t=58s
[P700_h160_pad0.040_s333] it  43 J=0.17261 A_min=0.1634 A_mean=0.1743 |g|=9.30e-04 bin=0.055 S_flip=0.154 t=60s
[P700_h160_pad0.040_s333] it  44 J=0.17284 A_min=0.1636 A_mean=0.1745 |g|=9.09e-04 bin=0.051 S_flip=0.158 t=61s
[P700_h160_pad0.040_s333] it  45 J=0.17304 A_min=0.1637 A_mean=0.1747 |g|=8.89e-04 bin=0.047 S_flip=0.162 t=63s
[P700_h160_pad0.040_s333] it  46 J=0.17322 A_min=0.1639 A_mean=0.1749 |g|=8.71e-04 bin=0.043 S_flip=0.165 t=64s
[P700_h160_pad0.040_s333] it  47 J=0.17338 A_min=0.1640 A_mean=0.1751 |g|=8.55e-04 bin=0.040 S_flip=0.169 t=66s
[P700_h160_pad0.040_s333] it  48 J=0.17352 A_min=0.1641 A_mean=0.1752 |g|=8.40e-04 bin=0.037 S_flip=0.173 t=67s
[P700_h160_pad0.040_s333] it  49 J=0.17365 A_min=0.1642 A_mean=0.1754 |g|=8.26e-04 bin=0.035 S_flip=0.176 t=69s
[P700_h160_pad0.040_s333] it  50 J=0.17377 A_min=0.1643 A_mean=0.1755 |g|=8.14e-04 bin=0.032 S_flip=0.179 t=70s
[P700_h160_pad0.040_s333] it  51 J=0.17387 A_min=0.1644 A_mean=0.1756 |g|=8.04e-04 bin=0.030 S_flip=0.182 t=72s
[P700_h160_pad0.040_s333] it  52 J=0.17397 A_min=0.1644 A_mean=0.1757 |g|=7.97e-04 bin=0.028 S_flip=0.185 t=73s
[P700_h160_pad0.040_s333] it  53 J=0.17406 A_min=0.1645 A_mean=0.1758 |g|=7.92e-04 bin=0.026 S_flip=0.188 t=75s
[P700_h160_pad0.040_s333] it  54 J=0.17414 A_min=0.1645 A_mean=0.1759 |g|=7.89e-04 bin=0.024 S_flip=0.190 t=76s
[P700_h160_pad0.040_s333] it  55 J=0.17422 A_min=0.1646 A_mean=0.1759 |g|=7.87e-04 bin=0.023 S_flip=0.193 t=78s
[P700_h160_pad0.040_s333] it  56 J=0.17429 A_min=0.1646 A_mean=0.1760 |g|=7.83e-04 bin=0.021 S_flip=0.195 t=79s
[P700_h160_pad0.040_s333] it  57 J=0.17436 A_min=0.1647 A_mean=0.1761 |g|=7.74e-04 bin=0.020 S_flip=0.197 t=80s
[P700_h160_pad0.040_s333] it  58 J=0.17442 A_min=0.1647 A_mean=0.1762 |g|=7.58e-04 bin=0.018 S_flip=0.200 t=82s
[P700_h160_pad0.040_s333] it  59 J=0.17448 A_min=0.1648 A_mean=0.1762 |g|=7.33e-04 bin=0.017 S_flip=0.202 t=83s
[P700_h160_pad0.040_s333] it  60 J=0.17453 A_min=0.1648 A_mean=0.1763 |g|=7.01e-04 bin=0.016 S_flip=0.204 t=84s
[P700_h160_pad0.040_s333] it  61 J=0.17457 A_min=0.1648 A_mean=0.1763 |g|=6.68e-04 bin=0.014 S_flip=0.205 t=86s
[P700_h160_pad0.040_s333] it  62 J=0.17462 A_min=0.1649 A_mean=0.1764 |g|=6.38e-04 bin=0.013 S_flip=0.207 t=87s
[P700_h160_pad0.040_s333] it  63 J=0.17465 A_min=0.1649 A_mean=0.1764 |g|=6.14e-04 bin=0.012 S_flip=0.209 t=89s
[P700_h160_pad0.040_s333] it  64 J=0.17469 A_min=0.1649 A_mean=0.1764 |g|=5.98e-04 bin=0.012 S_flip=0.210 t=90s
[P700_h160_pad0.040_s333] it  65 J=0.17472 A_min=0.1649 A_mean=0.1765 |g|=5.89e-04 bin=0.011 S_flip=0.212 t=91s
[P700_h160_pad0.040_s333] it  66 J=0.17474 A_min=0.1649 A_mean=0.1765 |g|=5.85e-04 bin=0.010 S_flip=0.213 t=93s
[P700_h160_pad0.040_s333] it  67 J=0.17477 A_min=0.1650 A_mean=0.1765 |g|=5.86e-04 bin=0.010 S_flip=0.215 t=94s
[P700_h160_pad0.040_s333] it  68 J=0.17479 A_min=0.1650 A_mean=0.1765 |g|=5.90e-04 bin=0.009 S_flip=0.216 t=96s
[P700_h160_pad0.040_s333] it  69 J=0.17481 A_min=0.1650 A_mean=0.1766 |g|=5.98e-04 bin=0.008 S_flip=0.217 t=97s
[P700_h160_pad0.040_s333] it  70 J=0.17483 A_min=0.1650 A_mean=0.1766 |g|=6.10e-04 bin=0.008 S_flip=0.218 t=99s
[P700_h160_pad0.040_s333] it  71 J=0.17484 A_min=0.1650 A_mean=0.1766 |g|=6.27e-04 bin=0.007 S_flip=0.219 t=100s
[P700_h160_pad0.040_s333] it  72 J=0.17486 A_min=0.1650 A_mean=0.1766 |g|=6.48e-04 bin=0.007 S_flip=0.220 t=101s
[P700_h160_pad0.040_s333] it  73 J=0.17488 A_min=0.1650 A_mean=0.1766 |g|=6.73e-04 bin=0.007 S_flip=0.220 t=103s
[P700_h160_pad0.040_s333] it  74 J=0.17489 A_min=0.1650 A_mean=0.1766 |g|=7.06e-04 bin=0.006 S_flip=0.221 t=104s
[P700_h160_pad0.040_s333] it  75 J=0.17491 A_min=0.1650 A_mean=0.1767 |g|=7.50e-04 bin=0.006 S_flip=0.222 t=105s
[P700_h160_pad0.040_s333] it  76 J=0.17492 A_min=0.1650 A_mean=0.1767 |g|=8.09e-04 bin=0.006 S_flip=0.222 t=107s
[P700_h160_pad0.040_s333] it  77 J=0.17494 A_min=0.1651 A_mean=0.1767 |g|=8.87e-04 bin=0.005 S_flip=0.222 t=108s
[P700_h160_pad0.040_s333] it  78 J=0.17495 A_min=0.1651 A_mean=0.1767 |g|=9.78e-04 bin=0.005 S_flip=0.222 t=110s
[P700_h160_pad0.040_s333] it  79 J=0.17497 A_min=0.1651 A_mean=0.1767 |g|=1.06e-03 bin=0.005 S_flip=0.222 t=111s
[P700_h160_pad0.040_s333] it  80 J=0.17499 A_min=0.1651 A_mean=0.1767 |g|=1.08e-03 bin=0.004 S_flip=0.222 t=113s
[P700_h160_pad0.040_s333] it  81 J=0.17500 A_min=0.1651 A_mean=0.1768 |g|=9.84e-04 bin=0.004 S_flip=0.222 t=114s
[P700_h160_pad0.040_s333] it  82 J=0.17501 A_min=0.1651 A_mean=0.1768 |g|=8.04e-04 bin=0.004 S_flip=0.223 t=116s
[P700_h160_pad0.040_s333] it  83 J=0.17502 A_min=0.1651 A_mean=0.1768 |g|=6.36e-04 bin=0.003 S_flip=0.223 t=117s
[P700_h160_pad0.040_s333] it  84 J=0.17503 A_min=0.1651 A_mean=0.1768 |g|=5.37e-04 bin=0.003 S_flip=0.223 t=118s
[P700_h160_pad0.040_s333] it  85 J=0.17504 A_min=0.1651 A_mean=0.1768 |g|=4.92e-04 bin=0.003 S_flip=0.224 t=120s
[P700_h160_pad0.040_s333] it  86 J=0.17504 A_min=0.1651 A_mean=0.1768 |g|=4.72e-04 bin=0.003 S_flip=0.224 t=121s
[P700_h160_pad0.040_s333] it  87 J=0.17504 A_min=0.1651 A_mean=0.1768 |g|=4.62e-04 bin=0.002 S_flip=0.224 t=123s
[P700_h160_pad0.040_s333] it  88 J=0.17505 A_min=0.1651 A_mean=0.1768 |g|=4.55e-04 bin=0.002 S_flip=0.224 t=124s
[P700_h160_pad0.040_s333] it  89 J=0.17505 A_min=0.1651 A_mean=0.1768 |g|=4.51e-04 bin=0.002 S_flip=0.225 t=125s
[P700_h160_pad0.040_s333] it  90 J=0.17505 A_min=0.1651 A_mean=0.1768 |g|=4.48e-04 bin=0.002 S_flip=0.225 t=127s
[P700_h160_pad0.040_s333] it  91 J=0.17505 A_min=0.1651 A_mean=0.1768 |g|=4.46e-04 bin=0.002 S_flip=0.225 t=128s
[P700_h160_pad0.040_s333] it  92 J=0.17505 A_min=0.1651 A_mean=0.1768 |g|=4.45e-04 bin=0.002 S_flip=0.226 t=129s
[P700_h160_pad0.040_s333] it  93 J=0.17505 A_min=0.1651 A_mean=0.1768 |g|=4.46e-04 bin=0.002 S_flip=0.226 t=131s
[P700_h160_pad0.040_s333] it  94 J=0.17505 A_min=0.1651 A_mean=0.1768 |g|=4.47e-04 bin=0.002 S_flip=0.226 t=132s
[P700_h160_pad0.040_s333] it  95 J=0.17505 A_min=0.1651 A_mean=0.1768 |g|=4.50e-04 bin=0.001 S_flip=0.226 t=134s
[P700_h160_pad0.040_s333] it  96 J=0.17505 A_min=0.1651 A_mean=0.1768 |g|=4.54e-04 bin=0.001 S_flip=0.227 t=135s
[P700_h160_pad0.040_s333] it  97 J=0.17505 A_min=0.1651 A_mean=0.1768 |g|=4.59e-04 bin=0.001 S_flip=0.227 t=136s
[P700_h160_pad0.040_s333] it  98 J=0.17505 A_min=0.1651 A_mean=0.1768 |g|=4.66e-04 bin=0.001 S_flip=0.227 t=138s
[P700_h160_pad0.040_s333] it  99 J=0.17505 A_min=0.1651 A_mean=0.1768 |g|=4.73e-04 bin=0.001 S_flip=0.227 t=139s
[P700_h160_pad0.040_s333] done: J_soft=0.17505 J_hard=0.17505 A_hard=[0.1667, 0.1986, 0.1651] S_flip=0.231 wall=142s
[P700_h160_pad0.040_s1001] it   0 J=0.06930 A_min=0.0625 A_mean=0.0701 |g|=1.47e-03 bin=0.793 S_flip=0.056 t=2s
[P700_h160_pad0.040_s1001] it   1 J=0.07026 A_min=0.0635 A_mean=0.0711 |g|=1.53e-03 bin=0.789 S_flip=0.057 t=3s
[P700_h160_pad0.040_s1001] it   2 J=0.07132 A_min=0.0645 A_mean=0.0722 |g|=1.61e-03 bin=0.786 S_flip=0.058 t=5s
[P700_h160_pad0.040_s1001] it   3 J=0.07249 A_min=0.0656 A_mean=0.0733 |g|=1.69e-03 bin=0.781 S_flip=0.060 t=7s
[P700_h160_pad0.040_s1001] it   4 J=0.07380 A_min=0.0669 A_mean=0.0747 |g|=1.78e-03 bin=0.777 S_flip=0.062 t=8s
[P700_h160_pad0.040_s1001] it   5 J=0.07525 A_min=0.0683 A_mean=0.0761 |g|=1.88e-03 bin=0.771 S_flip=0.063 t=10s
[P700_h160_pad0.040_s1001] it   6 J=0.07686 A_min=0.0699 A_mean=0.0778 |g|=1.99e-03 bin=0.765 S_flip=0.066 t=11s
[P700_h160_pad0.040_s1001] it   7 J=0.07864 A_min=0.0716 A_mean=0.0795 |g|=2.11e-03 bin=0.758 S_flip=0.068 t=13s
[P700_h160_pad0.040_s1001] it   8 J=0.08060 A_min=0.0735 A_mean=0.0815 |g|=2.24e-03 bin=0.751 S_flip=0.070 t=14s
[P700_h160_pad0.040_s1001] it   9 J=0.08275 A_min=0.0756 A_mean=0.0837 |g|=2.39e-03 bin=0.743 S_flip=0.072 t=16s
[P700_h160_pad0.040_s1001] it  10 J=0.08511 A_min=0.0778 A_mean=0.0861 |g|=2.56e-03 bin=0.734 S_flip=0.075 t=17s
[P700_h160_pad0.040_s1001] it  11 J=0.08769 A_min=0.0803 A_mean=0.0887 |g|=2.74e-03 bin=0.724 S_flip=0.078 t=19s
[P700_h160_pad0.040_s1001] it  12 J=0.09051 A_min=0.0831 A_mean=0.0915 |g|=2.94e-03 bin=0.713 S_flip=0.080 t=20s
[P700_h160_pad0.040_s1001] it  13 J=0.09357 A_min=0.0860 A_mean=0.0946 |g|=3.15e-03 bin=0.700 S_flip=0.083 t=22s
[P700_h160_pad0.040_s1001] it  14 J=0.09690 A_min=0.0892 A_mean=0.0979 |g|=3.38e-03 bin=0.687 S_flip=0.085 t=23s
[P700_h160_pad0.040_s1001] it  15 J=0.10051 A_min=0.0927 A_mean=0.1016 |g|=3.62e-03 bin=0.671 S_flip=0.087 t=24s
[P700_h160_pad0.040_s1001] it  16 J=0.10442 A_min=0.0965 A_mean=0.1055 |g|=3.85e-03 bin=0.654 S_flip=0.089 t=26s
[P700_h160_pad0.040_s1001] it  17 J=0.10864 A_min=0.1005 A_mean=0.1098 |g|=4.06e-03 bin=0.634 S_flip=0.091 t=27s
[P700_h160_pad0.040_s1001] it  18 J=0.11316 A_min=0.1049 A_mean=0.1143 |g|=4.24e-03 bin=0.612 S_flip=0.092 t=29s
[P700_h160_pad0.040_s1001] it  19 J=0.11797 A_min=0.1095 A_mean=0.1192 |g|=4.35e-03 bin=0.585 S_flip=0.092 t=30s
[P700_h160_pad0.040_s1001] it  20 J=0.12300 A_min=0.1143 A_mean=0.1242 |g|=4.39e-03 bin=0.556 S_flip=0.092 t=32s
[P700_h160_pad0.040_s1001] it  21 J=0.12816 A_min=0.1193 A_mean=0.1294 |g|=4.33e-03 bin=0.522 S_flip=0.092 t=33s
[P700_h160_pad0.040_s1001] it  22 J=0.13334 A_min=0.1243 A_mean=0.1346 |g|=4.17e-03 bin=0.486 S_flip=0.091 t=35s
[P700_h160_pad0.040_s1001] it  23 J=0.13839 A_min=0.1291 A_mean=0.1397 |g|=3.93e-03 bin=0.447 S_flip=0.090 t=36s
[P700_h160_pad0.040_s1001] it  24 J=0.14318 A_min=0.1338 A_mean=0.1446 |g|=3.62e-03 bin=0.407 S_flip=0.089 t=37s
[P700_h160_pad0.040_s1001] it  25 J=0.14760 A_min=0.1381 A_mean=0.1490 |g|=3.29e-03 bin=0.367 S_flip=0.089 t=39s
[P700_h160_pad0.040_s1001] it  26 J=0.15157 A_min=0.1419 A_mean=0.1530 |g|=2.95e-03 bin=0.328 S_flip=0.089 t=40s
[P700_h160_pad0.040_s1001] it  27 J=0.15506 A_min=0.1454 A_mean=0.1565 |g|=2.63e-03 bin=0.292 S_flip=0.089 t=42s
[P700_h160_pad0.040_s1001] it  28 J=0.15806 A_min=0.1484 A_mean=0.1595 |g|=2.35e-03 bin=0.258 S_flip=0.090 t=43s
[P700_h160_pad0.040_s1001] it  29 J=0.16061 A_min=0.1510 A_mean=0.1621 |g|=2.11e-03 bin=0.229 S_flip=0.091 t=44s
[P700_h160_pad0.040_s1001] it  30 J=0.16276 A_min=0.1532 A_mean=0.1643 |g|=1.90e-03 bin=0.202 S_flip=0.093 t=46s
[P700_h160_pad0.040_s1001] it  31 J=0.16455 A_min=0.1550 A_mean=0.1661 |g|=1.73e-03 bin=0.179 S_flip=0.095 t=47s
[P700_h160_pad0.040_s1001] it  32 J=0.16605 A_min=0.1566 A_mean=0.1676 |g|=1.58e-03 bin=0.159 S_flip=0.097 t=48s
[P700_h160_pad0.040_s1001] it  33 J=0.16730 A_min=0.1580 A_mean=0.1689 |g|=1.46e-03 bin=0.142 S_flip=0.099 t=50s
[P700_h160_pad0.040_s1001] it  34 J=0.16834 A_min=0.1591 A_mean=0.1700 |g|=1.35e-03 bin=0.127 S_flip=0.101 t=51s
[P700_h160_pad0.040_s1001] it  35 J=0.16921 A_min=0.1601 A_mean=0.1709 |g|=1.26e-03 bin=0.114 S_flip=0.104 t=53s
[P700_h160_pad0.040_s1001] it  36 J=0.16995 A_min=0.1609 A_mean=0.1716 |g|=1.19e-03 bin=0.103 S_flip=0.106 t=54s
[P700_h160_pad0.040_s1001] it  37 J=0.17057 A_min=0.1615 A_mean=0.1722 |g|=1.12e-03 bin=0.094 S_flip=0.109 t=56s
[P700_h160_pad0.040_s1001] it  38 J=0.17109 A_min=0.1621 A_mean=0.1728 |g|=1.07e-03 bin=0.085 S_flip=0.111 t=57s
[P700_h160_pad0.040_s1001] it  39 J=0.17154 A_min=0.1624 A_mean=0.1732 |g|=1.02e-03 bin=0.077 S_flip=0.114 t=58s
[P700_h160_pad0.040_s1001] it  40 J=0.17193 A_min=0.1628 A_mean=0.1736 |g|=9.87e-04 bin=0.071 S_flip=0.116 t=60s
[P700_h160_pad0.040_s1001] it  41 J=0.17227 A_min=0.1630 A_mean=0.1740 |g|=9.54e-04 bin=0.065 S_flip=0.119 t=61s
[P700_h160_pad0.040_s1001] it  42 J=0.17256 A_min=0.1632 A_mean=0.1743 |g|=9.26e-04 bin=0.060 S_flip=0.122 t=63s
[P700_h160_pad0.040_s1001] it  43 J=0.17281 A_min=0.1634 A_mean=0.1745 |g|=9.01e-04 bin=0.055 S_flip=0.124 t=64s
[P700_h160_pad0.040_s1001] it  44 J=0.17304 A_min=0.1636 A_mean=0.1748 |g|=8.79e-04 bin=0.051 S_flip=0.127 t=65s
[P700_h160_pad0.040_s1001] it  45 J=0.17323 A_min=0.1638 A_mean=0.1750 |g|=8.59e-04 bin=0.047 S_flip=0.129 t=67s
[P700_h160_pad0.040_s1001] it  46 J=0.17341 A_min=0.1639 A_mean=0.1751 |g|=8.41e-04 bin=0.043 S_flip=0.131 t=68s
[P700_h160_pad0.040_s1001] it  47 J=0.17357 A_min=0.1640 A_mean=0.1753 |g|=8.25e-04 bin=0.040 S_flip=0.134 t=70s
[P700_h160_pad0.040_s1001] it  48 J=0.17371 A_min=0.1641 A_mean=0.1754 |g|=8.09e-04 bin=0.037 S_flip=0.136 t=71s
[P700_h160_pad0.040_s1001] it  49 J=0.17384 A_min=0.1642 A_mean=0.1756 |g|=7.95e-04 bin=0.034 S_flip=0.138 t=72s
[P700_h160_pad0.040_s1001] it  50 J=0.17395 A_min=0.1643 A_mean=0.1757 |g|=7.80e-04 bin=0.032 S_flip=0.141 t=74s
[P700_h160_pad0.040_s1001] it  51 J=0.17405 A_min=0.1644 A_mean=0.1758 |g|=7.65e-04 bin=0.030 S_flip=0.143 t=75s
[P700_h160_pad0.040_s1001] it  52 J=0.17415 A_min=0.1645 A_mean=0.1759 |g|=7.48e-04 bin=0.028 S_flip=0.145 t=76s
[P700_h160_pad0.040_s1001] it  53 J=0.17423 A_min=0.1645 A_mean=0.1760 |g|=7.31e-04 bin=0.026 S_flip=0.147 t=78s
[P700_h160_pad0.040_s1001] it  54 J=0.17431 A_min=0.1646 A_mean=0.1761 |g|=7.13e-04 bin=0.024 S_flip=0.149 t=79s
[P700_h160_pad0.040_s1001] it  55 J=0.17438 A_min=0.1646 A_mean=0.1761 |g|=6.97e-04 bin=0.022 S_flip=0.151 t=80s
[P700_h160_pad0.040_s1001] it  56 J=0.17444 A_min=0.1647 A_mean=0.1762 |g|=6.83e-04 bin=0.021 S_flip=0.153 t=82s
[P700_h160_pad0.040_s1001] it  57 J=0.17450 A_min=0.1647 A_mean=0.1763 |g|=6.73e-04 bin=0.019 S_flip=0.155 t=83s
[P700_h160_pad0.040_s1001] it  58 J=0.17455 A_min=0.1648 A_mean=0.1763 |g|=6.68e-04 bin=0.018 S_flip=0.157 t=85s
[P700_h160_pad0.040_s1001] it  59 J=0.17460 A_min=0.1648 A_mean=0.1764 |g|=6.70e-04 bin=0.017 S_flip=0.159 t=86s
[P700_h160_pad0.040_s1001] it  60 J=0.17465 A_min=0.1648 A_mean=0.1764 |g|=6.77e-04 bin=0.016 S_flip=0.160 t=88s
[P700_h160_pad0.040_s1001] it  61 J=0.17469 A_min=0.1649 A_mean=0.1764 |g|=6.91e-04 bin=0.015 S_flip=0.162 t=89s
[P700_h160_pad0.040_s1001] it  62 J=0.17473 A_min=0.1649 A_mean=0.1765 |g|=7.11e-04 bin=0.014 S_flip=0.163 t=91s
[P700_h160_pad0.040_s1001] it  63 J=0.17476 A_min=0.1649 A_mean=0.1765 |g|=7.36e-04 bin=0.013 S_flip=0.165 t=92s
[P700_h160_pad0.040_s1001] it  64 J=0.17480 A_min=0.1649 A_mean=0.1766 |g|=7.61e-04 bin=0.012 S_flip=0.166 t=93s
[P700_h160_pad0.040_s1001] it  65 J=0.17484 A_min=0.1650 A_mean=0.1766 |g|=7.81e-04 bin=0.011 S_flip=0.167 t=95s
[P700_h160_pad0.040_s1001] it  66 J=0.17487 A_min=0.1650 A_mean=0.1766 |g|=7.88e-04 bin=0.011 S_flip=0.168 t=96s
[P700_h160_pad0.040_s1001] it  67 J=0.17490 A_min=0.1650 A_mean=0.1767 |g|=7.76e-04 bin=0.010 S_flip=0.170 t=97s
[P700_h160_pad0.040_s1001] it  68 J=0.17493 A_min=0.1650 A_mean=0.1767 |g|=7.43e-04 bin=0.009 S_flip=0.171 t=99s
[P700_h160_pad0.040_s1001] it  69 J=0.17496 A_min=0.1650 A_mean=0.1767 |g|=6.90e-04 bin=0.008 S_flip=0.172 t=100s
[P700_h160_pad0.040_s1001] it  70 J=0.17499 A_min=0.1651 A_mean=0.1768 |g|=6.24e-04 bin=0.008 S_flip=0.174 t=102s
[P700_h160_pad0.040_s1001] it  71 J=0.17501 A_min=0.1651 A_mean=0.1768 |g|=5.57e-04 bin=0.007 S_flip=0.175 t=103s
[P700_h160_pad0.040_s1001] it  72 J=0.17503 A_min=0.1651 A_mean=0.1768 |g|=5.03e-04 bin=0.006 S_flip=0.176 t=104s
[P700_h160_pad0.040_s1001] it  73 J=0.17504 A_min=0.1651 A_mean=0.1768 |g|=4.66e-04 bin=0.006 S_flip=0.177 t=106s
[P700_h160_pad0.040_s1001] it  74 J=0.17505 A_min=0.1651 A_mean=0.1768 |g|=4.44e-04 bin=0.005 S_flip=0.179 t=107s
[P700_h160_pad0.040_s1001] it  75 J=0.17506 A_min=0.1651 A_mean=0.1768 |g|=4.31e-04 bin=0.005 S_flip=0.180 t=109s
[P700_h160_pad0.040_s1001] it  76 J=0.17507 A_min=0.1651 A_mean=0.1768 |g|=4.22e-04 bin=0.005 S_flip=0.181 t=110s
[P700_h160_pad0.040_s1001] it  77 J=0.17508 A_min=0.1651 A_mean=0.1768 |g|=4.16e-04 bin=0.004 S_flip=0.182 t=112s
[P700_h160_pad0.040_s1001] it  78 J=0.17509 A_min=0.1651 A_mean=0.1769 |g|=4.10e-04 bin=0.004 S_flip=0.183 t=113s
[P700_h160_pad0.040_s1001] it  79 J=0.17509 A_min=0.1651 A_mean=0.1769 |g|=4.05e-04 bin=0.004 S_flip=0.183 t=115s
[P700_h160_pad0.040_s1001] it  80 J=0.17510 A_min=0.1651 A_mean=0.1769 |g|=4.01e-04 bin=0.003 S_flip=0.184 t=116s
[P700_h160_pad0.040_s1001] it  81 J=0.17510 A_min=0.1651 A_mean=0.1769 |g|=3.97e-04 bin=0.003 S_flip=0.185 t=117s
[P700_h160_pad0.040_s1001] it  82 J=0.17511 A_min=0.1651 A_mean=0.1769 |g|=3.95e-04 bin=0.003 S_flip=0.186 t=119s
[P700_h160_pad0.040_s1001] it  83 J=0.17511 A_min=0.1651 A_mean=0.1769 |g|=3.95e-04 bin=0.003 S_flip=0.187 t=120s
[P700_h160_pad0.040_s1001] it  84 J=0.17511 A_min=0.1651 A_mean=0.1769 |g|=3.96e-04 bin=0.002 S_flip=0.187 t=122s
[P700_h160_pad0.040_s1001] it  85 J=0.17512 A_min=0.1651 A_mean=0.1769 |g|=4.00e-04 bin=0.002 S_flip=0.188 t=123s
[P700_h160_pad0.040_s1001] it  86 J=0.17512 A_min=0.1652 A_mean=0.1769 |g|=4.04e-04 bin=0.002 S_flip=0.188 t=124s
[P700_h160_pad0.040_s1001] it  87 J=0.17512 A_min=0.1652 A_mean=0.1769 |g|=4.11e-04 bin=0.002 S_flip=0.189 t=126s
[P700_h160_pad0.040_s1001] it  88 J=0.17512 A_min=0.1652 A_mean=0.1769 |g|=4.18e-04 bin=0.002 S_flip=0.189 t=127s
[P700_h160_pad0.040_s1001] it  89 J=0.17512 A_min=0.1652 A_mean=0.1769 |g|=4.28e-04 bin=0.002 S_flip=0.189 t=129s
[P700_h160_pad0.040_s1001] it  90 J=0.17513 A_min=0.1652 A_mean=0.1769 |g|=4.39e-04 bin=0.001 S_flip=0.190 t=130s
[P700_h160_pad0.040_s1001] it  91 J=0.17513 A_min=0.1652 A_mean=0.1769 |g|=4.53e-04 bin=0.001 S_flip=0.190 t=131s
[P700_h160_pad0.040_s1001] it  92 J=0.17513 A_min=0.1652 A_mean=0.1769 |g|=4.68e-04 bin=0.001 S_flip=0.190 t=133s
[P700_h160_pad0.040_s1001] it  93 J=0.17513 A_min=0.1652 A_mean=0.1769 |g|=4.84e-04 bin=0.001 S_flip=0.191 t=134s
[P700_h160_pad0.040_s1001] it  94 J=0.17513 A_min=0.1652 A_mean=0.1769 |g|=5.01e-04 bin=0.001 S_flip=0.191 t=135s
[P700_h160_pad0.040_s1001] it  95 J=0.17513 A_min=0.1652 A_mean=0.1769 |g|=5.17e-04 bin=0.001 S_flip=0.191 t=137s
[P700_h160_pad0.040_s1001] it  96 J=0.17513 A_min=0.1652 A_mean=0.1769 |g|=5.33e-04 bin=0.001 S_flip=0.191 t=138s
[P700_h160_pad0.040_s1001] it  97 J=0.17513 A_min=0.1652 A_mean=0.1769 |g|=5.48e-04 bin=0.001 S_flip=0.191 t=140s
[P700_h160_pad0.040_s1001] it  98 J=0.17513 A_min=0.1652 A_mean=0.1769 |g|=5.60e-04 bin=0.001 S_flip=0.191 t=141s
[P700_h160_pad0.040_s1001] it  99 J=0.17513 A_min=0.1652 A_mean=0.1769 |g|=5.69e-04 bin=0.001 S_flip=0.191 t=142s
[P700_h160_pad0.040_s1001] done: J_soft=0.17513 J_hard=0.17514 A_hard=[0.1668, 0.1988, 0.1652] S_flip=0.193 wall=144s
[P700_h160_pad0.040_s7777] it   0 J=0.07012 A_min=0.0633 A_mean=0.0709 |g|=1.51e-03 bin=0.793 S_flip=0.050 t=1s
[P700_h160_pad0.040_s7777] it   1 J=0.07114 A_min=0.0643 A_mean=0.0720 |g|=1.58e-03 bin=0.789 S_flip=0.051 t=3s
[P700_h160_pad0.040_s7777] it   2 J=0.07228 A_min=0.0654 A_mean=0.0731 |g|=1.65e-03 bin=0.785 S_flip=0.052 t=4s
[P700_h160_pad0.040_s7777] it   3 J=0.07354 A_min=0.0666 A_mean=0.0744 |g|=1.74e-03 bin=0.781 S_flip=0.054 t=6s
[P700_h160_pad0.040_s7777] it   4 J=0.07495 A_min=0.0680 A_mean=0.0758 |g|=1.83e-03 bin=0.776 S_flip=0.055 t=7s
[P700_h160_pad0.040_s7777] it   5 J=0.07652 A_min=0.0695 A_mean=0.0774 |g|=1.93e-03 bin=0.770 S_flip=0.057 t=9s
[P700_h160_pad0.040_s7777] it   6 J=0.07827 A_min=0.0712 A_mean=0.0792 |g|=2.04e-03 bin=0.764 S_flip=0.058 t=10s
[P700_h160_pad0.040_s7777] it   7 J=0.08019 A_min=0.0730 A_mean=0.0811 |g|=2.16e-03 bin=0.757 S_flip=0.060 t=11s
[P700_h160_pad0.040_s7777] it   8 J=0.08233 A_min=0.0751 A_mean=0.0833 |g|=2.30e-03 bin=0.749 S_flip=0.062 t=13s
[P700_h160_pad0.040_s7777] it   9 J=0.08467 A_min=0.0774 A_mean=0.0856 |g|=2.44e-03 bin=0.740 S_flip=0.064 t=14s
[P700_h160_pad0.040_s7777] it  10 J=0.08724 A_min=0.0798 A_mean=0.0882 |g|=2.60e-03 bin=0.730 S_flip=0.066 t=16s
[P700_h160_pad0.040_s7777] it  11 J=0.09005 A_min=0.0826 A_mean=0.0910 |g|=2.78e-03 bin=0.719 S_flip=0.068 t=17s
[P700_h160_pad0.040_s7777] it  12 J=0.09311 A_min=0.0855 A_mean=0.0941 |g|=2.96e-03 bin=0.707 S_flip=0.070 t=18s
[P700_h160_pad0.040_s7777] it  13 J=0.09642 A_min=0.0887 A_mean=0.0975 |g|=3.16e-03 bin=0.693 S_flip=0.072 t=20s
[P700_h160_pad0.040_s7777] it  14 J=0.10001 A_min=0.0921 A_mean=0.1011 |g|=3.36e-03 bin=0.678 S_flip=0.074 t=21s
[P700_h160_pad0.040_s7777] it  15 J=0.10386 A_min=0.0958 A_mean=0.1049 |g|=3.56e-03 bin=0.661 S_flip=0.075 t=23s
[P700_h160_pad0.040_s7777] it  16 J=0.10799 A_min=0.0998 A_mean=0.1091 |g|=3.74e-03 bin=0.641 S_flip=0.077 t=24s
[P700_h160_pad0.040_s7777] it  17 J=0.11237 A_min=0.1040 A_mean=0.1135 |g|=3.90e-03 bin=0.619 S_flip=0.078 t=25s
[P700_h160_pad0.040_s7777] it  18 J=0.11699 A_min=0.1084 A_mean=0.1182 |g|=4.01e-03 bin=0.594 S_flip=0.078 t=27s
[P700_h160_pad0.040_s7777] it  19 J=0.12180 A_min=0.1130 A_mean=0.1230 |g|=4.06e-03 bin=0.565 S_flip=0.078 t=28s
[P700_h160_pad0.040_s7777] it  20 J=0.12671 A_min=0.1177 A_mean=0.1280 |g|=4.03e-03 bin=0.534 S_flip=0.078 t=30s
[P700_h160_pad0.040_s7777] it  21 J=0.13164 A_min=0.1224 A_mean=0.1329 |g|=3.92e-03 bin=0.500 S_flip=0.077 t=31s
[P700_h160_pad0.040_s7777] it  22 J=0.13647 A_min=0.1270 A_mean=0.1378 |g|=3.73e-03 bin=0.463 S_flip=0.076 t=33s
[P700_h160_pad0.040_s7777] it  23 J=0.14108 A_min=0.1314 A_mean=0.1424 |g|=3.49e-03 bin=0.425 S_flip=0.075 t=34s
[P700_h160_pad0.040_s7777] it  24 J=0.14538 A_min=0.1356 A_mean=0.1467 |g|=3.20e-03 bin=0.386 S_flip=0.075 t=35s
[P700_h160_pad0.040_s7777] it  25 J=0.14929 A_min=0.1394 A_mean=0.1507 |g|=2.91e-03 bin=0.349 S_flip=0.074 t=37s
[P700_h160_pad0.040_s7777] it  26 J=0.15277 A_min=0.1428 A_mean=0.1542 |g|=2.63e-03 bin=0.313 S_flip=0.074 t=38s
[P700_h160_pad0.040_s7777] it  27 J=0.15581 A_min=0.1457 A_mean=0.1572 |g|=2.38e-03 bin=0.279 S_flip=0.074 t=40s
[P700_h160_pad0.040_s7777] it  28 J=0.15843 A_min=0.1484 A_mean=0.1599 |g|=2.16e-03 bin=0.249 S_flip=0.075 t=41s
[P700_h160_pad0.040_s7777] it  29 J=0.16066 A_min=0.1506 A_mean=0.1621 |g|=1.98e-03 bin=0.221 S_flip=0.076 t=42s
[P700_h160_pad0.040_s7777] it  30 J=0.16255 A_min=0.1526 A_mean=0.1641 |g|=1.83e-03 bin=0.197 S_flip=0.077 t=44s
[P700_h160_pad0.040_s7777] it  31 J=0.16415 A_min=0.1542 A_mean=0.1657 |g|=1.70e-03 bin=0.175 S_flip=0.078 t=45s
[P700_h160_pad0.040_s7777] it  32 J=0.16550 A_min=0.1557 A_mean=0.1670 |g|=1.59e-03 bin=0.157 S_flip=0.080 t=47s
[P700_h160_pad0.040_s7777] it  33 J=0.16664 A_min=0.1569 A_mean=0.1682 |g|=1.50e-03 bin=0.140 S_flip=0.082 t=48s
[P700_h160_pad0.040_s7777] it  34 J=0.16761 A_min=0.1580 A_mean=0.1692 |g|=1.42e-03 bin=0.126 S_flip=0.084 t=50s
[P700_h160_pad0.040_s7777] it  35 J=0.16843 A_min=0.1589 A_mean=0.1700 |g|=1.34e-03 bin=0.114 S_flip=0.086 t=51s
[P700_h160_pad0.040_s7777] it  36 J=0.16913 A_min=0.1596 A_mean=0.1707 |g|=1.28e-03 bin=0.103 S_flip=0.087 t=53s
[P700_h160_pad0.040_s7777] it  37 J=0.16974 A_min=0.1603 A_mean=0.1713 |g|=1.22e-03 bin=0.094 S_flip=0.089 t=54s
[P700_h160_pad0.040_s7777] it  38 J=0.17026 A_min=0.1609 A_mean=0.1719 |g|=1.16e-03 bin=0.085 S_flip=0.092 t=55s
[P700_h160_pad0.040_s7777] it  39 J=0.17071 A_min=0.1614 A_mean=0.1723 |g|=1.12e-03 bin=0.078 S_flip=0.094 t=57s
[P700_h160_pad0.040_s7777] it  40 J=0.17110 A_min=0.1618 A_mean=0.1727 |g|=1.07e-03 bin=0.071 S_flip=0.096 t=58s
[P700_h160_pad0.040_s7777] it  41 J=0.17144 A_min=0.1622 A_mean=0.1731 |g|=1.04e-03 bin=0.066 S_flip=0.098 t=60s
[P700_h160_pad0.040_s7777] it  42 J=0.17174 A_min=0.1626 A_mean=0.1734 |g|=1.00e-03 bin=0.060 S_flip=0.100 t=61s
[P700_h160_pad0.040_s7777] it  43 J=0.17201 A_min=0.1629 A_mean=0.1736 |g|=9.71e-04 bin=0.056 S_flip=0.102 t=62s
[P700_h160_pad0.040_s7777] it  44 J=0.17224 A_min=0.1631 A_mean=0.1739 |g|=9.43e-04 bin=0.051 S_flip=0.104 t=64s
[P700_h160_pad0.040_s7777] it  45 J=0.17245 A_min=0.1634 A_mean=0.1741 |g|=9.18e-04 bin=0.047 S_flip=0.106 t=65s
[P700_h160_pad0.040_s7777] it  46 J=0.17263 A_min=0.1636 A_mean=0.1743 |g|=8.95e-04 bin=0.044 S_flip=0.109 t=66s
[P700_h160_pad0.040_s7777] it  47 J=0.17280 A_min=0.1638 A_mean=0.1745 |g|=8.75e-04 bin=0.041 S_flip=0.111 t=68s
[P700_h160_pad0.040_s7777] it  48 J=0.17295 A_min=0.1640 A_mean=0.1746 |g|=8.56e-04 bin=0.038 S_flip=0.113 t=69s
[P700_h160_pad0.040_s7777] it  49 J=0.17308 A_min=0.1641 A_mean=0.1747 |g|=8.39e-04 bin=0.035 S_flip=0.115 t=71s
[P700_h160_pad0.040_s7777] it  50 J=0.17320 A_min=0.1642 A_mean=0.1749 |g|=8.24e-04 bin=0.033 S_flip=0.117 t=72s
[P700_h160_pad0.040_s7777] it  51 J=0.17331 A_min=0.1644 A_mean=0.1750 |g|=8.11e-04 bin=0.030 S_flip=0.119 t=74s
[P700_h160_pad0.040_s7777] it  52 J=0.17341 A_min=0.1644 A_mean=0.1751 |g|=7.99e-04 bin=0.028 S_flip=0.121 t=75s
[P700_h160_pad0.040_s7777] it  53 J=0.17350 A_min=0.1645 A_mean=0.1752 |g|=7.90e-04 bin=0.026 S_flip=0.123 t=77s
[P700_h160_pad0.040_s7777] it  54 J=0.17358 A_min=0.1646 A_mean=0.1753 |g|=7.83e-04 bin=0.024 S_flip=0.125 t=78s
[P700_h160_pad0.040_s7777] it  55 J=0.17366 A_min=0.1646 A_mean=0.1753 |g|=7.77e-04 bin=0.023 S_flip=0.127 t=79s
[P700_h160_pad0.040_s7777] it  56 J=0.17373 A_min=0.1647 A_mean=0.1754 |g|=7.72e-04 bin=0.021 S_flip=0.128 t=81s
[P700_h160_pad0.040_s7777] it  57 J=0.17380 A_min=0.1647 A_mean=0.1755 |g|=7.66e-04 bin=0.020 S_flip=0.130 t=82s
[P700_h160_pad0.040_s7777] it  58 J=0.17386 A_min=0.1648 A_mean=0.1755 |g|=7.60e-04 bin=0.018 S_flip=0.132 t=84s
[P700_h160_pad0.040_s7777] it  59 J=0.17391 A_min=0.1648 A_mean=0.1756 |g|=7.50e-04 bin=0.017 S_flip=0.133 t=85s
[P700_h160_pad0.040_s7777] it  60 J=0.17397 A_min=0.1648 A_mean=0.1756 |g|=7.37e-04 bin=0.016 S_flip=0.135 t=87s
[P700_h160_pad0.040_s7777] it  61 J=0.17402 A_min=0.1649 A_mean=0.1757 |g|=7.20e-04 bin=0.014 S_flip=0.136 t=88s
[P700_h160_pad0.040_s7777] it  62 J=0.17406 A_min=0.1649 A_mean=0.1757 |g|=7.01e-04 bin=0.013 S_flip=0.137 t=90s
[P700_h160_pad0.040_s7777] it  63 J=0.17410 A_min=0.1649 A_mean=0.1758 |g|=6.81e-04 bin=0.012 S_flip=0.139 t=91s
[P700_h160_pad0.040_s7777] it  64 J=0.17414 A_min=0.1650 A_mean=0.1758 |g|=6.62e-04 bin=0.012 S_flip=0.140 t=93s
[P700_h160_pad0.040_s7777] it  65 J=0.17417 A_min=0.1650 A_mean=0.1759 |g|=6.46e-04 bin=0.011 S_flip=0.141 t=94s
[P700_h160_pad0.040_s7777] it  66 J=0.17420 A_min=0.1650 A_mean=0.1759 |g|=6.33e-04 bin=0.010 S_flip=0.142 t=96s
[P700_h160_pad0.040_s7777] it  67 J=0.17423 A_min=0.1650 A_mean=0.1759 |g|=6.22e-04 bin=0.009 S_flip=0.144 t=97s
[P700_h160_pad0.040_s7777] it  68 J=0.17425 A_min=0.1650 A_mean=0.1759 |g|=6.15e-04 bin=0.009 S_flip=0.145 t=98s
[P700_h160_pad0.040_s7777] it  69 J=0.17427 A_min=0.1651 A_mean=0.1760 |g|=6.10e-04 bin=0.008 S_flip=0.146 t=100s
[P700_h160_pad0.040_s7777] it  70 J=0.17429 A_min=0.1651 A_mean=0.1760 |g|=6.07e-04 bin=0.008 S_flip=0.147 t=101s
[P700_h160_pad0.040_s7777] it  71 J=0.17431 A_min=0.1651 A_mean=0.1760 |g|=6.05e-04 bin=0.007 S_flip=0.148 t=103s
[P700_h160_pad0.040_s7777] it  72 J=0.17433 A_min=0.1651 A_mean=0.1760 |g|=6.01e-04 bin=0.007 S_flip=0.149 t=104s
[P700_h160_pad0.040_s7777] it  73 J=0.17435 A_min=0.1651 A_mean=0.1760 |g|=5.95e-04 bin=0.006 S_flip=0.150 t=106s
[P700_h160_pad0.040_s7777] it  74 J=0.17436 A_min=0.1651 A_mean=0.1761 |g|=5.90e-04 bin=0.006 S_flip=0.151 t=107s
[P700_h160_pad0.040_s7777] it  75 J=0.17437 A_min=0.1651 A_mean=0.1761 |g|=5.89e-04 bin=0.006 S_flip=0.152 t=109s
[P700_h160_pad0.040_s7777] it  76 J=0.17438 A_min=0.1651 A_mean=0.1761 |g|=5.93e-04 bin=0.005 S_flip=0.152 t=110s
[P700_h160_pad0.040_s7777] it  77 J=0.17440 A_min=0.1651 A_mean=0.1761 |g|=6.05e-04 bin=0.005 S_flip=0.153 t=112s
[P700_h160_pad0.040_s7777] it  78 J=0.17441 A_min=0.1651 A_mean=0.1761 |g|=6.24e-04 bin=0.005 S_flip=0.154 t=113s
[P700_h160_pad0.040_s7777] it  79 J=0.17441 A_min=0.1652 A_mean=0.1761 |g|=6.45e-04 bin=0.004 S_flip=0.154 t=114s
[P700_h160_pad0.040_s7777] it  80 J=0.17442 A_min=0.1652 A_mean=0.1761 |g|=6.65e-04 bin=0.004 S_flip=0.155 t=116s
[P700_h160_pad0.040_s7777] it  81 J=0.17443 A_min=0.1652 A_mean=0.1761 |g|=6.78e-04 bin=0.004 S_flip=0.156 t=117s
[P700_h160_pad0.040_s7777] it  82 J=0.17444 A_min=0.1652 A_mean=0.1761 |g|=6.77e-04 bin=0.004 S_flip=0.156 t=119s
[P700_h160_pad0.040_s7777] it  83 J=0.17445 A_min=0.1652 A_mean=0.1761 |g|=6.62e-04 bin=0.003 S_flip=0.157 t=120s
[P700_h160_pad0.040_s7777] it  84 J=0.17445 A_min=0.1652 A_mean=0.1761 |g|=6.35e-04 bin=0.003 S_flip=0.157 t=121s
[P700_h160_pad0.040_s7777] it  85 J=0.17446 A_min=0.1652 A_mean=0.1762 |g|=6.02e-04 bin=0.003 S_flip=0.158 t=123s
[P700_h160_pad0.040_s7777] it  86 J=0.17447 A_min=0.1652 A_mean=0.1762 |g|=5.68e-04 bin=0.003 S_flip=0.158 t=124s
[P700_h160_pad0.040_s7777] it  87 J=0.17447 A_min=0.1652 A_mean=0.1762 |g|=5.38e-04 bin=0.003 S_flip=0.159 t=126s
[P700_h160_pad0.040_s7777] it  88 J=0.17447 A_min=0.1652 A_mean=0.1762 |g|=5.14e-04 bin=0.002 S_flip=0.159 t=127s
[P700_h160_pad0.040_s7777] it  89 J=0.17448 A_min=0.1652 A_mean=0.1762 |g|=4.97e-04 bin=0.002 S_flip=0.160 t=129s
[P700_h160_pad0.040_s7777] it  90 J=0.17448 A_min=0.1652 A_mean=0.1762 |g|=4.86e-04 bin=0.002 S_flip=0.160 t=130s
[P700_h160_pad0.040_s7777] it  91 J=0.17448 A_min=0.1652 A_mean=0.1762 |g|=4.80e-04 bin=0.002 S_flip=0.160 t=131s
[P700_h160_pad0.040_s7777] it  92 J=0.17448 A_min=0.1652 A_mean=0.1762 |g|=4.78e-04 bin=0.002 S_flip=0.160 t=133s
[P700_h160_pad0.040_s7777] it  93 J=0.17448 A_min=0.1652 A_mean=0.1762 |g|=4.81e-04 bin=0.002 S_flip=0.161 t=134s
[P700_h160_pad0.040_s7777] it  94 J=0.17448 A_min=0.1652 A_mean=0.1762 |g|=4.86e-04 bin=0.002 S_flip=0.161 t=135s
[P700_h160_pad0.040_s7777] it  95 J=0.17448 A_min=0.1652 A_mean=0.1762 |g|=4.93e-04 bin=0.002 S_flip=0.161 t=136s
[P700_h160_pad0.040_s7777] it  96 J=0.17448 A_min=0.1652 A_mean=0.1762 |g|=5.02e-04 bin=0.001 S_flip=0.161 t=138s
[P700_h160_pad0.040_s7777] it  97 J=0.17448 A_min=0.1652 A_mean=0.1762 |g|=5.12e-04 bin=0.001 S_flip=0.162 t=139s
[P700_h160_pad0.040_s7777] it  98 J=0.17448 A_min=0.1652 A_mean=0.1762 |g|=5.23e-04 bin=0.001 S_flip=0.162 t=141s
[P700_h160_pad0.040_s7777] it  99 J=0.17448 A_min=0.1652 A_mean=0.1762 |g|=5.34e-04 bin=0.001 S_flip=0.162 t=142s
[P700_h160_pad0.040_s7777] done: J_soft=0.17448 J_hard=0.17449 A_hard=[0.1658, 0.1976, 0.1652] S_flip=0.165 wall=144s
[P700_h160_pad0.080_s333] it   0 J=0.09277 A_min=0.0850 A_mean=0.0938 |g|=1.67e-03 bin=0.657 S_flip=0.053 t=1s
[P700_h160_pad0.080_s333] it   1 J=0.09347 A_min=0.0857 A_mean=0.0945 |g|=1.74e-03 bin=0.655 S_flip=0.054 t=3s
[P700_h160_pad0.080_s333] it   2 J=0.09425 A_min=0.0865 A_mean=0.0953 |g|=1.82e-03 bin=0.652 S_flip=0.056 t=4s
[P700_h160_pad0.080_s333] it   3 J=0.09513 A_min=0.0873 A_mean=0.0961 |g|=1.91e-03 bin=0.649 S_flip=0.057 t=6s
[P700_h160_pad0.080_s333] it   4 J=0.09611 A_min=0.0882 A_mean=0.0971 |g|=2.01e-03 bin=0.645 S_flip=0.058 t=7s
[P700_h160_pad0.080_s333] it   5 J=0.09721 A_min=0.0893 A_mean=0.0983 |g|=2.12e-03 bin=0.641 S_flip=0.060 t=8s
[P700_h160_pad0.080_s333] it   6 J=0.09847 A_min=0.0905 A_mean=0.0995 |g|=2.25e-03 bin=0.636 S_flip=0.061 t=10s
[P700_h160_pad0.080_s333] it   7 J=0.09990 A_min=0.0918 A_mean=0.1010 |g|=2.39e-03 bin=0.630 S_flip=0.063 t=11s
[P700_h160_pad0.080_s333] it   8 J=0.10153 A_min=0.0934 A_mean=0.1026 |g|=2.54e-03 bin=0.624 S_flip=0.065 t=12s
[P700_h160_pad0.080_s333] it   9 J=0.10339 A_min=0.0952 A_mean=0.1045 |g|=2.70e-03 bin=0.616 S_flip=0.067 t=14s
[P700_h160_pad0.080_s333] it  10 J=0.10550 A_min=0.0972 A_mean=0.1066 |g|=2.87e-03 bin=0.607 S_flip=0.069 t=15s
[P700_h160_pad0.080_s333] it  11 J=0.10790 A_min=0.0995 A_mean=0.1090 |g|=3.05e-03 bin=0.597 S_flip=0.071 t=17s
[P700_h160_pad0.080_s333] it  12 J=0.11060 A_min=0.1021 A_mean=0.1117 |g|=3.22e-03 bin=0.584 S_flip=0.073 t=18s
[P700_h160_pad0.080_s333] it  13 J=0.11363 A_min=0.1050 A_mean=0.1148 |g|=3.38e-03 bin=0.570 S_flip=0.075 t=19s
[P700_h160_pad0.080_s333] it  14 J=0.11699 A_min=0.1082 A_mean=0.1181 |g|=3.51e-03 bin=0.553 S_flip=0.077 t=21s
[P700_h160_pad0.080_s333] it  15 J=0.12066 A_min=0.1117 A_mean=0.1218 |g|=3.61e-03 bin=0.534 S_flip=0.078 t=22s
[P700_h160_pad0.080_s333] it  16 J=0.12461 A_min=0.1155 A_mean=0.1258 |g|=3.66e-03 bin=0.511 S_flip=0.080 t=24s
[P700_h160_pad0.080_s333] it  17 J=0.12878 A_min=0.1194 A_mean=0.1300 |g|=3.66e-03 bin=0.486 S_flip=0.082 t=25s
[P700_h160_pad0.080_s333] it  18 J=0.13307 A_min=0.1235 A_mean=0.1343 |g|=3.58e-03 bin=0.458 S_flip=0.083 t=27s
[P700_h160_pad0.080_s333] it  19 J=0.13740 A_min=0.1277 A_mean=0.1387 |g|=3.43e-03 bin=0.427 S_flip=0.085 t=28s
[P700_h160_pad0.080_s333] it  20 J=0.14164 A_min=0.1318 A_mean=0.1429 |g|=3.23e-03 bin=0.395 S_flip=0.086 t=30s
[P700_h160_pad0.080_s333] it  21 J=0.14569 A_min=0.1356 A_mean=0.1470 |g|=2.98e-03 bin=0.362 S_flip=0.087 t=31s
[P700_h160_pad0.080_s333] it  22 J=0.14945 A_min=0.1393 A_mean=0.1508 |g|=2.71e-03 bin=0.329 S_flip=0.089 t=33s
[P700_h160_pad0.080_s333] it  23 J=0.15286 A_min=0.1426 A_mean=0.1542 |g|=2.43e-03 bin=0.297 S_flip=0.090 t=34s
[P700_h160_pad0.080_s333] it  24 J=0.15589 A_min=0.1455 A_mean=0.1573 |g|=2.16e-03 bin=0.266 S_flip=0.092 t=35s
[P700_h160_pad0.080_s333] it  25 J=0.15853 A_min=0.1481 A_mean=0.1599 |g|=1.92e-03 bin=0.238 S_flip=0.094 t=37s
[P700_h160_pad0.080_s333] it  26 J=0.16079 A_min=0.1504 A_mean=0.1622 |g|=1.71e-03 bin=0.213 S_flip=0.096 t=38s
[P700_h160_pad0.080_s333] it  27 J=0.16271 A_min=0.1523 A_mean=0.1641 |g|=1.54e-03 bin=0.190 S_flip=0.098 t=39s
[P700_h160_pad0.080_s333] it  28 J=0.16433 A_min=0.1539 A_mean=0.1657 |g|=1.39e-03 bin=0.170 S_flip=0.101 t=41s
[P700_h160_pad0.080_s333] it  29 J=0.16569 A_min=0.1553 A_mean=0.1671 |g|=1.28e-03 bin=0.152 S_flip=0.104 t=42s
[P700_h160_pad0.080_s333] it  30 J=0.16683 A_min=0.1565 A_mean=0.1683 |g|=1.18e-03 bin=0.136 S_flip=0.107 t=44s
[P700_h160_pad0.080_s333] it  31 J=0.16779 A_min=0.1575 A_mean=0.1692 |g|=1.10e-03 bin=0.123 S_flip=0.110 t=45s
[P700_h160_pad0.080_s333] it  32 J=0.16860 A_min=0.1584 A_mean=0.1701 |g|=1.04e-03 bin=0.111 S_flip=0.114 t=47s
[P700_h160_pad0.080_s333] it  33 J=0.16929 A_min=0.1591 A_mean=0.1708 |g|=9.83e-04 bin=0.100 S_flip=0.117 t=48s
[P700_h160_pad0.080_s333] it  34 J=0.16987 A_min=0.1597 A_mean=0.1713 |g|=9.37e-04 bin=0.091 S_flip=0.121 t=49s
[P700_h160_pad0.080_s333] it  35 J=0.17038 A_min=0.1603 A_mean=0.1719 |g|=8.96e-04 bin=0.083 S_flip=0.125 t=51s
[P700_h160_pad0.080_s333] it  36 J=0.17081 A_min=0.1607 A_mean=0.1723 |g|=8.60e-04 bin=0.076 S_flip=0.128 t=52s
[P700_h160_pad0.080_s333] it  37 J=0.17118 A_min=0.1612 A_mean=0.1727 |g|=8.29e-04 bin=0.070 S_flip=0.132 t=54s
[P700_h160_pad0.080_s333] it  38 J=0.17151 A_min=0.1615 A_mean=0.1730 |g|=8.01e-04 bin=0.064 S_flip=0.136 t=55s
[P700_h160_pad0.080_s333] it  39 J=0.17179 A_min=0.1618 A_mean=0.1733 |g|=7.77e-04 bin=0.059 S_flip=0.140 t=56s
[P700_h160_pad0.080_s333] it  40 J=0.17204 A_min=0.1621 A_mean=0.1735 |g|=7.54e-04 bin=0.054 S_flip=0.144 t=58s
[P700_h160_pad0.080_s333] it  41 J=0.17226 A_min=0.1624 A_mean=0.1738 |g|=7.34e-04 bin=0.050 S_flip=0.148 t=59s
[P700_h160_pad0.080_s333] it  42 J=0.17245 A_min=0.1626 A_mean=0.1740 |g|=7.16e-04 bin=0.046 S_flip=0.152 t=61s
[P700_h160_pad0.080_s333] it  43 J=0.17262 A_min=0.1628 A_mean=0.1741 |g|=6.99e-04 bin=0.043 S_flip=0.155 t=62s
[P700_h160_pad0.080_s333] it  44 J=0.17277 A_min=0.1629 A_mean=0.1743 |g|=6.84e-04 bin=0.040 S_flip=0.159 t=64s
[P700_h160_pad0.080_s333] it  45 J=0.17290 A_min=0.1631 A_mean=0.1744 |g|=6.70e-04 bin=0.037 S_flip=0.163 t=65s
[P700_h160_pad0.080_s333] it  46 J=0.17302 A_min=0.1632 A_mean=0.1745 |g|=6.57e-04 bin=0.034 S_flip=0.166 t=66s
[P700_h160_pad0.080_s333] it  47 J=0.17313 A_min=0.1634 A_mean=0.1747 |g|=6.45e-04 bin=0.032 S_flip=0.169 t=68s
[P700_h160_pad0.080_s333] it  48 J=0.17323 A_min=0.1635 A_mean=0.1748 |g|=6.33e-04 bin=0.030 S_flip=0.172 t=69s
[P700_h160_pad0.080_s333] it  49 J=0.17331 A_min=0.1636 A_mean=0.1748 |g|=6.23e-04 bin=0.028 S_flip=0.175 t=71s
[P700_h160_pad0.080_s333] it  50 J=0.17339 A_min=0.1637 A_mean=0.1749 |g|=6.14e-04 bin=0.026 S_flip=0.178 t=72s
[P700_h160_pad0.080_s333] it  51 J=0.17346 A_min=0.1638 A_mean=0.1750 |g|=6.05e-04 bin=0.024 S_flip=0.180 t=74s
[P700_h160_pad0.080_s333] it  52 J=0.17353 A_min=0.1638 A_mean=0.1751 |g|=5.98e-04 bin=0.023 S_flip=0.183 t=75s
[P700_h160_pad0.080_s333] it  53 J=0.17358 A_min=0.1639 A_mean=0.1751 |g|=5.92e-04 bin=0.021 S_flip=0.185 t=77s
[P700_h160_pad0.080_s333] it  54 J=0.17364 A_min=0.1640 A_mean=0.1752 |g|=5.88e-04 bin=0.020 S_flip=0.187 t=78s
[P700_h160_pad0.080_s333] it  55 J=0.17369 A_min=0.1640 A_mean=0.1752 |g|=5.86e-04 bin=0.019 S_flip=0.189 t=80s
[P700_h160_pad0.080_s333] it  56 J=0.17373 A_min=0.1641 A_mean=0.1753 |g|=5.86e-04 bin=0.018 S_flip=0.191 t=81s
[P700_h160_pad0.080_s333] it  57 J=0.17377 A_min=0.1641 A_mean=0.1753 |g|=5.88e-04 bin=0.017 S_flip=0.192 t=83s
[P700_h160_pad0.080_s333] it  58 J=0.17381 A_min=0.1642 A_mean=0.1754 |g|=5.91e-04 bin=0.016 S_flip=0.194 t=84s
[P700_h160_pad0.080_s333] it  59 J=0.17385 A_min=0.1642 A_mean=0.1754 |g|=5.96e-04 bin=0.015 S_flip=0.195 t=85s
[P700_h160_pad0.080_s333] it  60 J=0.17388 A_min=0.1643 A_mean=0.1754 |g|=6.02e-04 bin=0.014 S_flip=0.197 t=87s
[P700_h160_pad0.080_s333] it  61 J=0.17391 A_min=0.1643 A_mean=0.1755 |g|=6.08e-04 bin=0.013 S_flip=0.198 t=88s
[P700_h160_pad0.080_s333] it  62 J=0.17394 A_min=0.1644 A_mean=0.1755 |g|=6.15e-04 bin=0.012 S_flip=0.200 t=90s
[P700_h160_pad0.080_s333] it  63 J=0.17397 A_min=0.1644 A_mean=0.1755 |g|=6.21e-04 bin=0.012 S_flip=0.201 t=91s
[P700_h160_pad0.080_s333] it  64 J=0.17400 A_min=0.1644 A_mean=0.1756 |g|=6.27e-04 bin=0.011 S_flip=0.202 t=92s
[P700_h160_pad0.080_s333] it  65 J=0.17403 A_min=0.1645 A_mean=0.1756 |g|=6.32e-04 bin=0.010 S_flip=0.204 t=94s
[P700_h160_pad0.080_s333] it  66 J=0.17405 A_min=0.1645 A_mean=0.1756 |g|=6.33e-04 bin=0.010 S_flip=0.205 t=95s
[P700_h160_pad0.080_s333] it  67 J=0.17408 A_min=0.1646 A_mean=0.1756 |g|=6.27e-04 bin=0.009 S_flip=0.206 t=96s
[P700_h160_pad0.080_s333] it  68 J=0.17410 A_min=0.1646 A_mean=0.1757 |g|=6.10e-04 bin=0.008 S_flip=0.207 t=98s
[P700_h160_pad0.080_s333] it  69 J=0.17412 A_min=0.1646 A_mean=0.1757 |g|=5.82e-04 bin=0.008 S_flip=0.209 t=99s
[P700_h160_pad0.080_s333] it  70 J=0.17414 A_min=0.1646 A_mean=0.1757 |g|=5.47e-04 bin=0.007 S_flip=0.210 t=100s
[P700_h160_pad0.080_s333] it  71 J=0.17415 A_min=0.1647 A_mean=0.1757 |g|=5.15e-04 bin=0.007 S_flip=0.211 t=102s
[P700_h160_pad0.080_s333] it  72 J=0.17417 A_min=0.1647 A_mean=0.1757 |g|=4.90e-04 bin=0.006 S_flip=0.212 t=103s
[P700_h160_pad0.080_s333] it  73 J=0.17418 A_min=0.1647 A_mean=0.1757 |g|=4.73e-04 bin=0.006 S_flip=0.213 t=105s
[P700_h160_pad0.080_s333] it  74 J=0.17419 A_min=0.1647 A_mean=0.1758 |g|=4.62e-04 bin=0.005 S_flip=0.214 t=106s
[P700_h160_pad0.080_s333] it  75 J=0.17420 A_min=0.1647 A_mean=0.1758 |g|=4.54e-04 bin=0.005 S_flip=0.215 t=107s
[P700_h160_pad0.080_s333] it  76 J=0.17421 A_min=0.1648 A_mean=0.1758 |g|=4.47e-04 bin=0.004 S_flip=0.216 t=109s
[P700_h160_pad0.080_s333] it  77 J=0.17422 A_min=0.1648 A_mean=0.1758 |g|=4.40e-04 bin=0.004 S_flip=0.217 t=110s
[P700_h160_pad0.080_s333] it  78 J=0.17422 A_min=0.1648 A_mean=0.1758 |g|=4.33e-04 bin=0.004 S_flip=0.217 t=112s
[P700_h160_pad0.080_s333] it  79 J=0.17423 A_min=0.1648 A_mean=0.1758 |g|=4.27e-04 bin=0.003 S_flip=0.218 t=113s
[P700_h160_pad0.080_s333] it  80 J=0.17423 A_min=0.1648 A_mean=0.1758 |g|=4.21e-04 bin=0.003 S_flip=0.219 t=114s
[P700_h160_pad0.080_s333] it  81 J=0.17424 A_min=0.1648 A_mean=0.1758 |g|=4.17e-04 bin=0.003 S_flip=0.220 t=116s
[P700_h160_pad0.080_s333] it  82 J=0.17424 A_min=0.1648 A_mean=0.1758 |g|=4.16e-04 bin=0.002 S_flip=0.220 t=117s
[P700_h160_pad0.080_s333] it  83 J=0.17425 A_min=0.1648 A_mean=0.1758 |g|=4.16e-04 bin=0.002 S_flip=0.221 t=119s
[P700_h160_pad0.080_s333] it  84 J=0.17425 A_min=0.1648 A_mean=0.1758 |g|=4.18e-04 bin=0.002 S_flip=0.222 t=120s
[P700_h160_pad0.080_s333] it  85 J=0.17425 A_min=0.1648 A_mean=0.1758 |g|=4.23e-04 bin=0.002 S_flip=0.222 t=122s
[P700_h160_pad0.080_s333] it  86 J=0.17425 A_min=0.1648 A_mean=0.1758 |g|=4.30e-04 bin=0.002 S_flip=0.223 t=123s
[P700_h160_pad0.080_s333] it  87 J=0.17426 A_min=0.1648 A_mean=0.1758 |g|=4.40e-04 bin=0.001 S_flip=0.223 t=125s
[P700_h160_pad0.080_s333] it  88 J=0.17426 A_min=0.1648 A_mean=0.1758 |g|=4.51e-04 bin=0.001 S_flip=0.223 t=126s
[P700_h160_pad0.080_s333] it  89 J=0.17426 A_min=0.1648 A_mean=0.1758 |g|=4.64e-04 bin=0.001 S_flip=0.224 t=127s
[P700_h160_pad0.080_s333] it  90 J=0.17426 A_min=0.1648 A_mean=0.1758 |g|=4.78e-04 bin=0.001 S_flip=0.224 t=129s
[P700_h160_pad0.080_s333] it  91 J=0.17426 A_min=0.1648 A_mean=0.1758 |g|=4.92e-04 bin=0.001 S_flip=0.224 t=130s
[P700_h160_pad0.080_s333] it  92 J=0.17426 A_min=0.1648 A_mean=0.1758 |g|=5.07e-04 bin=0.001 S_flip=0.224 t=132s
[P700_h160_pad0.080_s333] it  93 J=0.17426 A_min=0.1648 A_mean=0.1758 |g|=5.21e-04 bin=0.001 S_flip=0.225 t=133s
[P700_h160_pad0.080_s333] it  94 J=0.17426 A_min=0.1648 A_mean=0.1758 |g|=5.35e-04 bin=0.001 S_flip=0.225 t=135s
[P700_h160_pad0.080_s333] it  95 J=0.17426 A_min=0.1648 A_mean=0.1758 |g|=5.48e-04 bin=0.001 S_flip=0.225 t=136s
[P700_h160_pad0.080_s333] it  96 J=0.17426 A_min=0.1648 A_mean=0.1758 |g|=5.60e-04 bin=0.001 S_flip=0.225 t=138s
[P700_h160_pad0.080_s333] it  97 J=0.17426 A_min=0.1648 A_mean=0.1758 |g|=5.71e-04 bin=0.001 S_flip=0.225 t=139s
[P700_h160_pad0.080_s333] it  98 J=0.17426 A_min=0.1648 A_mean=0.1758 |g|=5.83e-04 bin=0.001 S_flip=0.225 t=141s
[P700_h160_pad0.080_s333] it  99 J=0.17426 A_min=0.1648 A_mean=0.1758 |g|=5.95e-04 bin=0.000 S_flip=0.226 t=142s
[P700_h160_pad0.080_s333] done: J_soft=0.17426 J_hard=0.17426 A_hard=[0.1648, 0.1964, 0.1663] S_flip=0.227 wall=144s
[P700_h160_pad0.080_s1001] it   0 J=0.09179 A_min=0.0841 A_mean=0.0928 |g|=1.66e-03 bin=0.656 S_flip=0.058 t=1s
[P700_h160_pad0.080_s1001] it   1 J=0.09245 A_min=0.0847 A_mean=0.0934 |g|=1.73e-03 bin=0.654 S_flip=0.059 t=3s
[P700_h160_pad0.080_s1001] it   2 J=0.09318 A_min=0.0854 A_mean=0.0942 |g|=1.81e-03 bin=0.652 S_flip=0.060 t=4s
[P700_h160_pad0.080_s1001] it   3 J=0.09399 A_min=0.0862 A_mean=0.0950 |g|=1.91e-03 bin=0.649 S_flip=0.061 t=5s
[P700_h160_pad0.080_s1001] it   4 J=0.09491 A_min=0.0871 A_mean=0.0959 |g|=2.01e-03 bin=0.645 S_flip=0.062 t=7s
[P700_h160_pad0.080_s1001] it   5 J=0.09595 A_min=0.0881 A_mean=0.0970 |g|=2.13e-03 bin=0.641 S_flip=0.064 t=8s
[P700_h160_pad0.080_s1001] it   6 J=0.09714 A_min=0.0892 A_mean=0.0982 |g|=2.25e-03 bin=0.637 S_flip=0.065 t=9s
[P700_h160_pad0.080_s1001] it   7 J=0.09848 A_min=0.0905 A_mean=0.0995 |g|=2.40e-03 bin=0.631 S_flip=0.067 t=11s
[P700_h160_pad0.080_s1001] it   8 J=0.10003 A_min=0.0920 A_mean=0.1011 |g|=2.56e-03 bin=0.625 S_flip=0.068 t=12s
[P700_h160_pad0.080_s1001] it   9 J=0.10179 A_min=0.0937 A_mean=0.1029 |g|=2.73e-03 bin=0.618 S_flip=0.070 t=14s
[P700_h160_pad0.080_s1001] it  10 J=0.10382 A_min=0.0956 A_mean=0.1049 |g|=2.91e-03 bin=0.610 S_flip=0.071 t=15s
[P700_h160_pad0.080_s1001] it  11 J=0.10612 A_min=0.0978 A_mean=0.1072 |g|=3.10e-03 bin=0.600 S_flip=0.073 t=16s
[P700_h160_pad0.080_s1001] it  12 J=0.10875 A_min=0.1003 A_mean=0.1098 |g|=3.29e-03 bin=0.589 S_flip=0.074 t=18s
[P700_h160_pad0.080_s1001] it  13 J=0.11171 A_min=0.1032 A_mean=0.1128 |g|=3.47e-03 bin=0.576 S_flip=0.075 t=19s
[P700_h160_pad0.080_s1001] it  14 J=0.11503 A_min=0.1063 A_mean=0.1162 |g|=3.63e-03 bin=0.561 S_flip=0.076 t=20s
[P700_h160_pad0.080_s1001] it  15 J=0.11869 A_min=0.1098 A_mean=0.1198 |g|=3.76e-03 bin=0.543 S_flip=0.076 t=22s
[P700_h160_pad0.080_s1001] it  16 J=0.12267 A_min=0.1137 A_mean=0.1239 |g|=3.84e-03 bin=0.522 S_flip=0.076 t=23s
[P700_h160_pad0.080_s1001] it  17 J=0.12692 A_min=0.1177 A_mean=0.1281 |g|=3.86e-03 bin=0.497 S_flip=0.076 t=25s
[P700_h160_pad0.080_s1001] it  18 J=0.13135 A_min=0.1220 A_mean=0.1326 |g|=3.80e-03 bin=0.470 S_flip=0.076 t=26s
[P700_h160_pad0.080_s1001] it  19 J=0.13586 A_min=0.1263 A_mean=0.1371 |g|=3.66e-03 bin=0.440 S_flip=0.075 t=28s
[P700_h160_pad0.080_s1001] it  20 J=0.14032 A_min=0.1306 A_mean=0.1416 |g|=3.45e-03 bin=0.408 S_flip=0.074 t=29s
[P700_h160_pad0.080_s1001] it  21 J=0.14460 A_min=0.1347 A_mean=0.1459 |g|=3.19e-03 bin=0.374 S_flip=0.074 t=30s
[P700_h160_pad0.080_s1001] it  22 J=0.14861 A_min=0.1386 A_mean=0.1499 |g|=2.89e-03 bin=0.340 S_flip=0.073 t=32s
[P700_h160_pad0.080_s1001] it  23 J=0.15225 A_min=0.1421 A_mean=0.1536 |g|=2.58e-03 bin=0.307 S_flip=0.073 t=33s
[P700_h160_pad0.080_s1001] it  24 J=0.15549 A_min=0.1452 A_mean=0.1568 |g|=2.28e-03 bin=0.275 S_flip=0.073 t=35s
[P700_h160_pad0.080_s1001] it  25 J=0.15830 A_min=0.1480 A_mean=0.1597 |g|=2.01e-03 bin=0.245 S_flip=0.074 t=36s
[P700_h160_pad0.080_s1001] it  26 J=0.16071 A_min=0.1504 A_mean=0.1621 |g|=1.77e-03 bin=0.219 S_flip=0.075 t=37s
[P700_h160_pad0.080_s1001] it  27 J=0.16275 A_min=0.1524 A_mean=0.1642 |g|=1.57e-03 bin=0.195 S_flip=0.077 t=39s
[P700_h160_pad0.080_s1001] it  28 J=0.16446 A_min=0.1542 A_mean=0.1659 |g|=1.41e-03 bin=0.173 S_flip=0.078 t=40s
[P700_h160_pad0.080_s1001] it  29 J=0.16589 A_min=0.1556 A_mean=0.1673 |g|=1.27e-03 bin=0.155 S_flip=0.080 t=42s
[P700_h160_pad0.080_s1001] it  30 J=0.16709 A_min=0.1569 A_mean=0.1685 |g|=1.16e-03 bin=0.138 S_flip=0.082 t=43s
[P700_h160_pad0.080_s1001] it  31 J=0.16808 A_min=0.1579 A_mean=0.1696 |g|=1.07e-03 bin=0.124 S_flip=0.085 t=44s
[P700_h160_pad0.080_s1001] it  32 J=0.16892 A_min=0.1588 A_mean=0.1704 |g|=9.98e-04 bin=0.112 S_flip=0.087 t=46s
[P700_h160_pad0.080_s1001] it  33 J=0.16962 A_min=0.1595 A_mean=0.1711 |g|=9.35e-04 bin=0.101 S_flip=0.090 t=48s
[P700_h160_pad0.080_s1001] it  34 J=0.17021 A_min=0.1602 A_mean=0.1717 |g|=8.83e-04 bin=0.092 S_flip=0.092 t=49s
[P700_h160_pad0.080_s1001] it  35 J=0.17072 A_min=0.1607 A_mean=0.1722 |g|=8.38e-04 bin=0.084 S_flip=0.095 t=51s
[P700_h160_pad0.080_s1001] it  36 J=0.17115 A_min=0.1612 A_mean=0.1727 |g|=8.00e-04 bin=0.076 S_flip=0.098 t=52s
[P700_h160_pad0.080_s1001] it  37 J=0.17152 A_min=0.1616 A_mean=0.1730 |g|=7.68e-04 bin=0.070 S_flip=0.101 t=54s
[P700_h160_pad0.080_s1001] it  38 J=0.17184 A_min=0.1619 A_mean=0.1734 |g|=7.40e-04 bin=0.064 S_flip=0.103 t=55s
[P700_h160_pad0.080_s1001] it  39 J=0.17212 A_min=0.1623 A_mean=0.1736 |g|=7.15e-04 bin=0.059 S_flip=0.106 t=56s
[P700_h160_pad0.080_s1001] it  40 J=0.17236 A_min=0.1625 A_mean=0.1739 |g|=6.93e-04 bin=0.054 S_flip=0.109 t=58s
[P700_h160_pad0.080_s1001] it  41 J=0.17257 A_min=0.1628 A_mean=0.1741 |g|=6.74e-04 bin=0.050 S_flip=0.112 t=59s
[P700_h160_pad0.080_s1001] it  42 J=0.17275 A_min=0.1630 A_mean=0.1743 |g|=6.57e-04 bin=0.046 S_flip=0.115 t=61s
[P700_h160_pad0.080_s1001] it  43 J=0.17291 A_min=0.1632 A_mean=0.1745 |g|=6.42e-04 bin=0.043 S_flip=0.117 t=62s
[P700_h160_pad0.080_s1001] it  44 J=0.17306 A_min=0.1633 A_mean=0.1746 |g|=6.28e-04 bin=0.040 S_flip=0.120 t=63s
[P700_h160_pad0.080_s1001] it  45 J=0.17319 A_min=0.1635 A_mean=0.1747 |g|=6.16e-04 bin=0.037 S_flip=0.123 t=65s
[P700_h160_pad0.080_s1001] it  46 J=0.17330 A_min=0.1636 A_mean=0.1748 |g|=6.04e-04 bin=0.034 S_flip=0.125 t=66s
[P700_h160_pad0.080_s1001] it  47 J=0.17340 A_min=0.1637 A_mean=0.1749 |g|=5.94e-04 bin=0.032 S_flip=0.128 t=68s
[P700_h160_pad0.080_s1001] it  48 J=0.17349 A_min=0.1638 A_mean=0.1750 |g|=5.84e-04 bin=0.029 S_flip=0.130 t=69s
[P700_h160_pad0.080_s1001] it  49 J=0.17357 A_min=0.1639 A_mean=0.1751 |g|=5.75e-04 bin=0.027 S_flip=0.133 t=70s
[P700_h160_pad0.080_s1001] it  50 J=0.17364 A_min=0.1640 A_mean=0.1752 |g|=5.65e-04 bin=0.026 S_flip=0.135 t=72s
[P700_h160_pad0.080_s1001] it  51 J=0.17371 A_min=0.1641 A_mean=0.1753 |g|=5.56e-04 bin=0.024 S_flip=0.137 t=73s
[P700_h160_pad0.080_s1001] it  52 J=0.17377 A_min=0.1642 A_mean=0.1753 |g|=5.45e-04 bin=0.022 S_flip=0.139 t=75s
[P700_h160_pad0.080_s1001] it  53 J=0.17382 A_min=0.1642 A_mean=0.1754 |g|=5.34e-04 bin=0.021 S_flip=0.141 t=76s
[P700_h160_pad0.080_s1001] it  54 J=0.17387 A_min=0.1643 A_mean=0.1754 |g|=5.23e-04 bin=0.019 S_flip=0.143 t=78s
[P700_h160_pad0.080_s1001] it  55 J=0.17392 A_min=0.1644 A_mean=0.1755 |g|=5.11e-04 bin=0.018 S_flip=0.145 t=79s
[P700_h160_pad0.080_s1001] it  56 J=0.17396 A_min=0.1644 A_mean=0.1755 |g|=5.00e-04 bin=0.017 S_flip=0.147 t=81s
[P700_h160_pad0.080_s1001] it  57 J=0.17399 A_min=0.1644 A_mean=0.1756 |g|=4.90e-04 bin=0.016 S_flip=0.149 t=82s
[P700_h160_pad0.080_s1001] it  58 J=0.17403 A_min=0.1645 A_mean=0.1756 |g|=4.82e-04 bin=0.015 S_flip=0.151 t=84s
[P700_h160_pad0.080_s1001] it  59 J=0.17405 A_min=0.1645 A_mean=0.1756 |g|=4.75e-04 bin=0.014 S_flip=0.153 t=85s
[P700_h160_pad0.080_s1001] it  60 J=0.17408 A_min=0.1646 A_mean=0.1756 |g|=4.70e-04 bin=0.013 S_flip=0.155 t=87s
[P700_h160_pad0.080_s1001] it  61 J=0.17410 A_min=0.1646 A_mean=0.1757 |g|=4.66e-04 bin=0.012 S_flip=0.157 t=88s
[P700_h160_pad0.080_s1001] it  62 J=0.17413 A_min=0.1646 A_mean=0.1757 |g|=4.64e-04 bin=0.011 S_flip=0.159 t=90s
[P700_h160_pad0.080_s1001] it  63 J=0.17415 A_min=0.1647 A_mean=0.1757 |g|=4.63e-04 bin=0.011 S_flip=0.161 t=92s
[P700_h160_pad0.080_s1001] it  64 J=0.17417 A_min=0.1647 A_mean=0.1757 |g|=4.63e-04 bin=0.010 S_flip=0.163 t=94s
[P700_h160_pad0.080_s1001] it  65 J=0.17418 A_min=0.1647 A_mean=0.1758 |g|=4.64e-04 bin=0.009 S_flip=0.165 t=95s
[P700_h160_pad0.080_s1001] it  66 J=0.17420 A_min=0.1647 A_mean=0.1758 |g|=4.66e-04 bin=0.009 S_flip=0.166 t=97s
[P700_h160_pad0.080_s1001] it  67 J=0.17421 A_min=0.1647 A_mean=0.1758 |g|=4.68e-04 bin=0.008 S_flip=0.168 t=98s
[P700_h160_pad0.080_s1001] it  68 J=0.17423 A_min=0.1648 A_mean=0.1758 |g|=4.71e-04 bin=0.008 S_flip=0.170 t=100s
[P700_h160_pad0.080_s1001] it  69 J=0.17424 A_min=0.1648 A_mean=0.1758 |g|=4.75e-04 bin=0.007 S_flip=0.171 t=101s
[P700_h160_pad0.080_s1001] it  70 J=0.17425 A_min=0.1648 A_mean=0.1758 |g|=4.79e-04 bin=0.007 S_flip=0.173 t=102s
[P700_h160_pad0.080_s1001] it  71 J=0.17426 A_min=0.1648 A_mean=0.1758 |g|=4.84e-04 bin=0.006 S_flip=0.174 t=104s
[P700_h160_pad0.080_s1001] it  72 J=0.17427 A_min=0.1648 A_mean=0.1759 |g|=4.90e-04 bin=0.006 S_flip=0.175 t=105s
[P700_h160_pad0.080_s1001] it  73 J=0.17428 A_min=0.1648 A_mean=0.1759 |g|=4.97e-04 bin=0.005 S_flip=0.176 t=107s
[P700_h160_pad0.080_s1001] it  74 J=0.17429 A_min=0.1649 A_mean=0.1759 |g|=5.05e-04 bin=0.005 S_flip=0.177 t=108s
[P700_h160_pad0.080_s1001] it  75 J=0.17430 A_min=0.1649 A_mean=0.1759 |g|=5.13e-04 bin=0.005 S_flip=0.178 t=110s
[P700_h160_pad0.080_s1001] it  76 J=0.17431 A_min=0.1649 A_mean=0.1759 |g|=5.22e-04 bin=0.004 S_flip=0.179 t=111s
[P700_h160_pad0.080_s1001] it  77 J=0.17432 A_min=0.1649 A_mean=0.1759 |g|=5.32e-04 bin=0.004 S_flip=0.179 t=113s
[P700_h160_pad0.080_s1001] it  78 J=0.17432 A_min=0.1649 A_mean=0.1759 |g|=5.43e-04 bin=0.004 S_flip=0.180 t=114s
[P700_h160_pad0.080_s1001] it  79 J=0.17433 A_min=0.1649 A_mean=0.1759 |g|=5.55e-04 bin=0.004 S_flip=0.180 t=116s
[P700_h160_pad0.080_s1001] it  80 J=0.17434 A_min=0.1649 A_mean=0.1759 |g|=5.71e-04 bin=0.003 S_flip=0.181 t=117s
[P700_h160_pad0.080_s1001] it  81 J=0.17434 A_min=0.1649 A_mean=0.1759 |g|=5.89e-04 bin=0.003 S_flip=0.181 t=118s
[P700_h160_pad0.080_s1001] it  82 J=0.17435 A_min=0.1649 A_mean=0.1759 |g|=6.11e-04 bin=0.003 S_flip=0.182 t=120s
[P700_h160_pad0.080_s1001] it  83 J=0.17435 A_min=0.1649 A_mean=0.1759 |g|=6.37e-04 bin=0.003 S_flip=0.182 t=121s
[P700_h160_pad0.080_s1001] it  84 J=0.17436 A_min=0.1650 A_mean=0.1759 |g|=6.67e-04 bin=0.003 S_flip=0.182 t=123s
[P700_h160_pad0.080_s1001] it  85 J=0.17436 A_min=0.1650 A_mean=0.1759 |g|=7.02e-04 bin=0.003 S_flip=0.183 t=124s
[P700_h160_pad0.080_s1001] it  86 J=0.17437 A_min=0.1650 A_mean=0.1760 |g|=7.42e-04 bin=0.002 S_flip=0.183 t=126s
[P700_h160_pad0.080_s1001] it  87 J=0.17437 A_min=0.1650 A_mean=0.1760 |g|=7.88e-04 bin=0.002 S_flip=0.183 t=127s
[P700_h160_pad0.080_s1001] it  88 J=0.17438 A_min=0.1650 A_mean=0.1760 |g|=8.38e-04 bin=0.002 S_flip=0.184 t=129s
[P700_h160_pad0.080_s1001] it  89 J=0.17438 A_min=0.1650 A_mean=0.1760 |g|=8.90e-04 bin=0.002 S_flip=0.184 t=130s
[P700_h160_pad0.080_s1001] it  90 J=0.17438 A_min=0.1650 A_mean=0.1760 |g|=9.44e-04 bin=0.002 S_flip=0.184 t=132s
[P700_h160_pad0.080_s1001] it  91 J=0.17439 A_min=0.1650 A_mean=0.1760 |g|=1.00e-03 bin=0.002 S_flip=0.185 t=133s
[P700_h160_pad0.080_s1001] it  92 J=0.17439 A_min=0.1650 A_mean=0.1760 |g|=1.06e-03 bin=0.002 S_flip=0.185 t=134s
[P700_h160_pad0.080_s1001] it  93 J=0.17439 A_min=0.1650 A_mean=0.1760 |g|=1.12e-03 bin=0.002 S_flip=0.185 t=136s
[P700_h160_pad0.080_s1001] it  94 J=0.17439 A_min=0.1650 A_mean=0.1760 |g|=1.18e-03 bin=0.001 S_flip=0.185 t=137s
[P700_h160_pad0.080_s1001] it  95 J=0.17440 A_min=0.1650 A_mean=0.1760 |g|=1.25e-03 bin=0.001 S_flip=0.186 t=139s
[P700_h160_pad0.080_s1001] it  96 J=0.17440 A_min=0.1650 A_mean=0.1760 |g|=1.31e-03 bin=0.001 S_flip=0.186 t=140s
Killed
