Te_K,lambda_nm,eps_re,eps_im,T,R,A,Fx,Fy,Fz,Ftot,mean_Ez2_over_Einc2,within_trusted_Te(<=6000K)
300,1240.0,0.314874,0.353650,0.870224,0.017164,0.112612,0.029358,0.001260,0.081958,0.112576,1.988529,1
300,1242.0,0.304956,0.356087,0.866875,0.016975,0.116150,0.029515,0.001282,0.085316,0.116113,2.059159,1
300,1244.0,0.295027,0.358527,0.863054,0.017004,0.119942,0.029667,0.001305,0.088931,0.119903,2.135227,1
300,1246.0,0.285085,0.360973,0.858704,0.017281,0.124015,0.029814,0.001330,0.092831,0.123975,2.217329,1
300,1248.0,0.275129,0.363423,0.853750,0.017839,0.128411,0.029955,0.001357,0.097058,0.128370,2.306340,1
300,1250.0,0.265160,0.365879,0.848121,0.018715,0.133165,0.030089,0.001386,0.101647,0.133122,2.403022,1
300,1252.0,0.255180,0.368340,0.841721,0.019951,0.138328,0.030215,0.001418,0.106650,0.138283,2.508475,1
300,1254.0,0.245185,0.370807,0.834444,0.021599,0.143957,0.030331,0.001453,0.112126,0.143911,2.623917,1
300,1256.0,0.235179,0.373278,0.826164,0.023716,0.150120,0.030438,0.001491,0.118143,0.150071,2.750782,1
300,1258.0,0.225159,0.375754,0.816730,0.026372,0.156897,0.030532,0.001533,0.124781,0.156846,2.890802,1
300,1260.0,0.215127,0.378236,0.805965,0.029651,0.164384,0.030612,0.001580,0.132139,0.164331,3.046009,1
300,1262.0,0.205081,0.380723,0.793653,0.033652,0.172695,0.030676,0.001631,0.140332,0.172639,3.218835,1
300,1264.0,0.195023,0.383216,0.779554,0.038489,0.181957,0.030721,0.001689,0.149488,0.181897,3.411953,1
300,1266.0,0.184951,0.385712,0.763325,0.044325,0.192351,0.030743,0.001753,0.159793,0.192288,3.629284,1
300,1268.0,0.174868,0.388216,0.744627,0.051324,0.204050,0.030738,0.001825,0.171421,0.203984,3.874387,1
300,1270.0,0.164770,0.390723,0.722988,0.059718,0.217294,0.030701,0.001905,0.184618,0.217223,4.152403,1
300,1272.0,0.154660,0.393236,0.697867,0.069783,0.232350,0.030624,0.001996,0.199655,0.232275,4.468950,1
300,1274.0,0.144537,0.395755,0.668624,0.081854,0.249522,0.030499,0.002099,0.216844,0.249441,4.830386,1
300,1276.0,0.134401,0.398279,0.634534,0.096330,0.269135,0.030315,0.002214,0.236519,0.269048,5.243507,1
300,1278.0,0.124252,0.400809,0.594824,0.113674,0.291501,0.030060,0.002344,0.259004,0.291408,5.714688,1
300,1280.0,0.114090,0.403344,0.548788,0.134374,0.316838,0.029717,0.002486,0.284533,0.316736,6.248258,1
300,1282.0,0.103915,0.405883,0.496121,0.158815,0.345064,0.029273,0.002640,0.313042,0.344954,6.841976,1
300,1284.0,0.093728,0.408430,0.437053,0.187252,0.375695,0.028712,0.002798,0.344067,0.375576,7.484840,1
300,1286.0,0.083527,0.410981,0.373775,0.219147,0.407078,0.028035,0.002947,0.375968,0.406950,8.140710,1
300,1288.0,0.073314,0.413537,0.310938,0.252922,0.436140,0.027264,0.003066,0.405674,0.436004,8.743218,1
300,1290.0,0.063087,0.416099,0.256966,0.285201,0.457833,0.026466,0.003120,0.428106,0.457692,9.184122,1
300,1292.0,0.052848,0.418667,0.223982,0.310466,0.465552,0.025761,0.003073,0.436576,0.465410,9.322796,1
300,1294.0,0.042595,0.421240,0.223766,0.322639,0.453595,0.025306,0.002897,0.425256,0.453459,9.039570,1
300,1296.0,0.032330,0.423818,0.261787,0.317670,0.420544,0.025229,0.002599,0.392591,0.420419,8.307257,1
300,1298.0,0.022051,0.426402,0.332852,0.296177,0.370971,0.025561,0.002221,0.343081,0.370863,7.226778,1
300,1300.0,0.011758,0.428992,0.422819,0.263330,0.313851,0.026215,0.001825,0.285721,0.313762,5.991417,1
300,1302.0,0.001454,0.431587,0.515900,0.226025,0.258075,0.027044,0.001464,0.229495,0.258003,4.790798,1
300,1304.0,-0.008863,0.434188,0.601325,0.189648,0.209027,0.027915,0.001166,0.179889,0.208969,3.738491,1
300,1306.0,-0.019194,0.436794,0.673545,0.157456,0.168999,0.028736,0.000936,0.139282,0.168954,2.881724,1
300,1308.0,-0.029538,0.439406,0.731921,0.130442,0.137637,0.029469,0.000766,0.107366,0.137600,2.211568,1
300,1310.0,-0.039895,0.442025,0.777540,0.108634,0.113826,0.030098,0.000645,0.083052,0.113796,1.703211,1
300,1312.0,-0.050265,0.444648,0.812622,0.091368,0.096010,0.030632,0.000561,0.064791,0.095984,1.322894,1
300,1314.0,-0.060647,0.447277,0.839277,0.077893,0.082830,0.031081,0.000505,0.051221,0.082807,1.041268,1
300,1316.0,-0.071045,0.449912,0.859337,0.067493,0.073170,0.031458,0.000469,0.041222,0.073149,0.834355,1
300,1318.0,-0.081452,0.452552,0.874283,0.059554,0.066162,0.031777,0.000448,0.033918,0.066143,0.683557,1
300,1320.0,-0.091875,0.455199,0.885255,0.053586,0.061159,0.032047,0.000437,0.028657,0.061140,0.575029,1
300,1322.0,-0.102311,0.457851,0.893189,0.049165,0.057646,0.032278,0.000433,0.024917,0.057628,0.497838,1
300,1324.0,-0.112759,0.460509,0.898740,0.045989,0.055270,0.032476,0.000436,0.022340,0.055252,0.444452,1
300,1326.0,-0.123220,0.463171,0.902423,0.043816,0.053761,0.032648,0.000442,0.020652,0.053742,0.409135,1
300,1328.0,-0.133694,0.465842,0.904650,0.042441,0.052909,0.032799,0.000451,0.019640,0.052890,0.387432,1
300,1330.0,-0.144181,0.468517,0.905728,0.041712,0.052559,0.032931,0.000463,0.019145,0.052539,0.376080,1
300,1332.0,-0.154682,0.471198,0.905891,0.041510,0.052599,0.033049,0.000476,0.019053,0.052578,0.372697,1
300,1334.0,-0.165196,0.473885,0.905327,0.041735,0.052938,0.033155,0.000490,0.019270,0.052916,0.375377,1
300,1336.0,-0.175723,0.476577,0.904184,0.042309,0.053507,0.033251,0.000506,0.019728,0.053485,0.382695,1
300,1338.0,-0.186262,0.479276,0.902578,0.043166,0.054256,0.033339,0.000522,0.020372,0.054233,0.393549,1
300,1340.0,-0.196815,0.481981,0.900602,0.044255,0.055143,0.033420,0.000539,0.021160,0.055119,0.407085,1
300,1342.0,-0.207381,0.484691,0.898331,0.045533,0.056136,0.033495,0.000556,0.022059,0.056110,0.422639,1
300,1344.0,-0.217960,0.487407,0.895828,0.046963,0.057209,0.033566,0.000574,0.023042,0.057182,0.439664,1
300,1346.0,-0.228552,0.490130,0.893136,0.048521,0.058343,0.033634,0.000591,0.024090,0.058315,0.457787,1
300,1348.0,-0.239158,0.492859,0.890304,0.050174,0.059521,0.033699,0.000610,0.025184,0.059492,0.476634,1
300,1350.0,-0.249776,0.495593,0.887357,0.051910,0.060733,0.033761,0.000628,0.026313,0.060702,0.495987,1
300,1352.0,-0.260407,0.498333,0.884331,0.053705,0.061964,0.033823,0.000647,0.027463,0.061932,0.515586,1
300,1354.0,-0.271052,0.501079,0.881243,0.055549,0.063208,0.033883,0.000665,0.028627,0.063175,0.535286,1
300,1356.0,-0.281710,0.503832,0.878108,0.057433,0.064459,0.033942,0.000684,0.029799,0.064425,0.554971,1
300,1358.0,-0.292380,0.506590,0.874952,0.059339,0.065709,0.034001,0.000703,0.030970,0.065674,0.574473,1
300,1360.0,-0.303064,0.509355,0.871784,0.061263,0.066953,0.034060,0.000722,0.032135,0.066917,0.593721,1
400,1240.0,0.317453,0.353337,0.870656,0.017174,0.112170,0.029343,0.001259,0.081532,0.112134,1.979937,1
400,1242.0,0.307543,0.355772,0.867336,0.016976,0.115689,0.029501,0.001281,0.084870,0.115652,2.050195,1
400,1244.0,0.297622,0.358211,0.863546,0.016995,0.119460,0.029654,0.001304,0.088463,0.119421,2.125867,1
400,1246.0,0.287688,0.360655,0.859229,0.017260,0.123511,0.029802,0.001329,0.092340,0.123471,2.207547,1
400,1248.0,0.277740,0.363104,0.854312,0.017805,0.127883,0.029944,0.001356,0.096542,0.127842,2.296110,1
400,1250.0,0.267780,0.365558,0.848723,0.018666,0.132612,0.030079,0.001385,0.101105,0.132569,2.392313,1
400,1252.0,0.257808,0.368017,0.842366,0.019887,0.137748,0.030206,0.001417,0.106080,0.137703,2.497254,1
400,1254.0,0.247822,0.370482,0.835135,0.021517,0.143348,0.030324,0.001452,0.111526,0.143302,2.612150,1
400,1256.0,0.237824,0.372952,0.826905,0.023616,0.149479,0.030432,0.001490,0.117510,0.149431,2.738430,1
400,1258.0,0.227812,0.375427,0.817525,0.026252,0.156223,0.030528,0.001532,0.124113,0.156172,2.877826,1
400,1260.0,0.217788,0.377907,0.806818,0.029508,0.163674,0.030610,0.001578,0.131433,0.163621,3.032367,1
400,1262.0,0.207751,0.380393,0.794569,0.033485,0.171946,0.030676,0.001630,0.139585,0.171890,3.204483,1
400,1264.0,0.197701,0.382884,0.780537,0.038297,0.181166,0.030723,0.001687,0.148698,0.181107,3.396851,1
400,1266.0,0.187638,0.385378,0.764378,0.044105,0.191517,0.030748,0.001751,0.158956,0.191454,3.613392,1
400,1268.0,0.177563,0.387881,0.745755,0.051076,0.203169,0.030746,0.001823,0.170535,0.203103,3.857677,1
400,1270.0,0.167473,0.390387,0.724194,0.059441,0.216365,0.030712,0.001904,0.183679,0.216295,4.134863,1
400,1272.0,0.157372,0.392898,0.699150,0.069477,0.231372,0.030639,0.001995,0.198664,0.231297,4.450598,1
400,1274.0,0.147257,0.395416,0.669982,0.081521,0.248497,0.030518,0.002097,0.215801,0.248416,4.811290,1
400,1276.0,0.137130,0.397937,0.635956,0.095976,0.268067,0.030339,0.002213,0.235429,0.267981,5.223817,1
400,1278.0,0.126989,0.400466,0.596291,0.113308,0.290401,0.030089,0.002342,0.257877,0.290308,5.694683,1
400,1280.0,0.116836,0.402999,0.550261,0.134014,0.315725,0.029752,0.002485,0.283387,0.315624,6.228415,1
400,1282.0,0.106669,0.405537,0.497540,0.158489,0.343971,0.029313,0.002639,0.311910,0.343862,6.823047,1
400,1284.0,0.096491,0.408082,0.438324,0.187004,0.374672,0.028758,0.002798,0.342997,0.374553,7.467941,1
400,1286.0,0.086298,0.410632,0.374767,0.219042,0.406192,0.028085,0.002948,0.375031,0.406064,8.127325,1
400,1288.0,0.076093,0.413186,0.311492,0.253038,0.435470,0.027317,0.003068,0.404950,0.435334,8.735023,1
400,1290.0,0.065875,0.415746,0.256940,0.285613,0.457447,0.026516,0.003124,0.427666,0.457306,9.182449,1
400,1292.0,0.055644,0.418313,0.223333,0.311206,0.465462,0.025807,0.003077,0.436436,0.465320,9.327690,1
400,1294.0,0.045400,0.420884,0.222620,0.323654,0.453726,0.025343,0.002902,0.425345,0.453590,9.049115,1
400,1296.0,0.035143,0.423461,0.260433,0.318817,0.420750,0.025256,0.002603,0.392766,0.420626,8.317997,1
400,1298.0,0.024873,0.426043,0.331605,0.297285,0.371110,0.025578,0.002223,0.343201,0.371003,7.235408,1
400,1300.0,0.014589,0.428631,0.421875,0.264273,0.313852,0.026224,0.001825,0.285714,0.313763,5.996295,1
400,1302.0,0.004293,0.431225,0.515296,0.226760,0.257944,0.027046,0.001463,0.229363,0.257872,4.792073,1
400,1304.0,-0.006016,0.433823,0.601001,0.190190,0.208809,0.027911,0.001164,0.179676,0.208751,3.737215,1
400,1306.0,-0.016338,0.436429,0.673412,0.157846,0.168742,0.028728,0.000933,0.139036,0.168697,2.879048,1
400,1308.0,-0.026673,0.439039,0.731902,0.130722,0.137376,0.029457,0.000763,0.107120,0.137339,2.208341,1
400,1310.0,-0.037022,0.441656,0.777583,0.108837,0.113580,0.030083,0.000643,0.082824,0.113549,1.699945,1
400,1312.0,-0.047383,0.444277,0.812695,0.091519,0.095787,0.030614,0.000559,0.064588,0.095761,1.319843,1
400,1314.0,-0.057757,0.446905,0.839362,0.078007,0.082631,0.031061,0.000503,0.051044,0.082608,1.038523,1
400,1316.0,-0.068145,0.449538,0.859425,0.067582,0.072993,0.031437,0.000467,0.041068,0.072972,0.831923,1
400,1318.0,-0.078544,0.452177,0.874372,0.059625,0.066003,0.031755,0.000446,0.033783,0.065984,0.681400,1
400,1320.0,-0.088958,0.454822,0.885343,0.053643,0.061014,0.032024,0.000435,0.028536,0.060995,0.573093,1
400,1322.0,-0.099385,0.457472,0.893278,0.049211,0.057511,0.032254,0.000432,0.024807,0.057493,0.496069,1
400,1324.0,-0.109825,0.460128,0.898830,0.046027,0.055143,0.032452,0.000434,0.022238,0.055124,0.442799,1
400,1326.0,-0.120277,0.462789,0.902516,0.043846,0.053638,0.032623,0.000440,0.020556,0.053619,0.407553,1
400,1328.0,-0.130743,0.465457,0.904747,0.042466,0.052788,0.032773,0.000450,0.019546,0.052769,0.385886,1
400,1330.0,-0.141221,0.468131,0.905830,0.041731,0.052438,0.032906,0.000461,0.019051,0.052418,0.374540,1
400,1332.0,-0.151713,0.470810,0.905999,0.041525,0.052476,0.033024,0.000474,0.018958,0.052456,0.371140,1
400,1334.0,-0.162218,0.473496,0.905441,0.041746,0.052813,0.033129,0.000489,0.019173,0.052791,0.373786,1
400,1336.0,-0.172736,0.476186,0.904305,0.042316,0.053379,0.033225,0.000504,0.019628,0.053357,0.381058,1
400,1338.0,-0.183267,0.478883,0.902706,0.043170,0.054124,0.033313,0.000520,0.020268,0.054101,0.391857,1
400,1340.0,-0.193811,0.481586,0.900736,0.044257,0.055007,0.033394,0.000537,0.021052,0.054982,0.405332,1
400,1342.0,-0.204368,0.484294,0.898472,0.045533,0.055995,0.033469,0.000554,0.021946,0.055969,0.420823,1
400,1344.0,-0.214938,0.487009,0.895976,0.046962,0.057063,0.033540,0.000572,0.022925,0.057036,0.437785,1
400,1346.0,-0.225521,0.489730,0.893290,0.048518,0.058193,0.033607,0.000589,0.023968,0.058165,0.455846,1
400,1348.0,-0.236118,0.492458,0.890464,0.050170,0.059366,0.033672,0.000607,0.025058,0.059337,0.474633,1
400,1350.0,-0.246727,0.495190,0.887522,0.051905,0.060573,0.033735,0.000626,0.026183,0.060543,0.493931,1
400,1352.0,-0.257350,0.497928,0.884500,0.053700,0.061800,0.033796,0.000644,0.027329,0.061768,0.513480,1
400,1354.0,-0.267985,0.500672,0.881417,0.055543,0.063040,0.033855,0.000663,0.028489,0.063007,0.533136,1
400,1356.0,-0.278635,0.503424,0.878286,0.057427,0.064287,0.033914,0.000681,0.029658,0.064253,0.552783,1
400,1358.0,-0.289296,0.506180,0.875134,0.059333,0.065533,0.033973,0.000700,0.030825,0.065498,0.572254,1
400,1360.0,-0.299971,0.508943,0.871969,0.061256,0.066775,0.034032,0.000719,0.031987,0.066739,0.591480,1
500,1240.0,0.320758,0.352935,0.871205,0.017188,0.111607,0.029325,0.001258,0.080989,0.111572,1.968992,1
500,1242.0,0.310859,0.355368,0.867921,0.016978,0.115101,0.029483,0.001280,0.084301,0.115064,2.038776,1
500,1244.0,0.300948,0.357805,0.864172,0.016983,0.118845,0.029638,0.001303,0.087867,0.118807,2.113943,1
500,1246.0,0.291025,0.360247,0.859898,0.017233,0.122869,0.029786,0.001328,0.091715,0.122829,2.195086,1
500,1248.0,0.281088,0.362694,0.855028,0.017762,0.127211,0.029930,0.001355,0.095886,0.127170,2.283076,1
500,1250.0,0.271138,0.365146,0.849488,0.018605,0.131907,0.030066,0.001384,0.100415,0.131865,2.378667,1
500,1252.0,0.261176,0.367604,0.843186,0.019805,0.137008,0.030194,0.001416,0.105354,0.136964,2.482956,1
500,1254.0,0.251201,0.370067,0.836014,0.021414,0.142572,0.030314,0.001450,0.110761,0.142526,2.597153,1
500,1256.0,0.241214,0.372535,0.827848,0.023489,0.148663,0.030424,0.001488,0.116703,0.148615,2.722686,1
500,1258.0,0.231212,0.375008,0.818537,0.026099,0.155364,0.030522,0.001530,0.123262,0.155314,2.861282,1
500,1260.0,0.221199,0.377485,0.807904,0.029327,0.162769,0.030606,0.001577,0.130533,0.162716,3.014969,1
500,1262.0,0.211173,0.379969,0.795735,0.033273,0.170991,0.030675,0.001628,0.138633,0.170936,3.186176,1
500,1264.0,0.201133,0.382458,0.781789,0.038053,0.180159,0.030725,0.001685,0.147690,0.180100,3.377580,1
500,1266.0,0.191081,0.384951,0.765721,0.043826,0.190452,0.030754,0.001749,0.157888,0.190391,3.593105,1
500,1268.0,0.181016,0.387451,0.747194,0.050760,0.202045,0.030756,0.001821,0.169403,0.201980,3.836336,1
500,1270.0,0.170937,0.389955,0.725733,0.059088,0.215179,0.030726,0.001901,0.182482,0.215109,4.112448,1
500,1272.0,0.160847,0.392465,0.700790,0.069087,0.230123,0.030658,0.001992,0.197398,0.230048,4.427128,1
500,1274.0,0.150743,0.394980,0.671718,0.081096,0.247186,0.030543,0.002095,0.214468,0.247106,4.786848,1
500,1276.0,0.140626,0.397500,0.637777,0.095522,0.266700,0.030370,0.002210,0.234034,0.266614,5.198586,1
500,1278.0,0.130496,0.400027,0.598170,0.112838,0.288992,0.030126,0.002340,0.256433,0.288899,5.669014,1
500,1280.0,0.120354,0.402558,0.552154,0.133549,0.314297,0.029797,0.002483,0.281917,0.314197,6.202904,1
500,1282.0,0.110198,0.405094,0.499368,0.158066,0.342566,0.029365,0.002638,0.310454,0.342457,6.798651,1
500,1284.0,0.100031,0.407636,0.439967,0.186680,0.373352,0.028817,0.002798,0.341620,0.373234,7.446080,1
500,1286.0,0.089849,0.410184,0.376057,0.218898,0.405045,0.028150,0.002950,0.373819,0.404918,8.109905,1
500,1288.0,0.079655,0.412736,0.312226,0.253176,0.434598,0.027384,0.003071,0.404008,0.434463,8.724213,1
500,1290.0,0.069448,0.415294,0.256931,0.286131,0.456939,0.026582,0.003129,0.427087,0.456798,9.180000,1
500,1292.0,0.059227,0.417859,0.222518,0.312147,0.465335,0.025866,0.003084,0.436244,0.465194,9.333720,1
500,1294.0,0.048995,0.420428,0.221161,0.324951,0.453888,0.025391,0.002909,0.425452,0.453752,9.061202,1
500,1296.0,0.038748,0.423002,0.258699,0.320289,0.421012,0.025291,0.002609,0.392988,0.420888,8.331702,1
500,1298.0,0.028489,0.425582,0.330004,0.298708,0.371288,0.025600,0.002227,0.343354,0.371181,7.246459,1
500,1300.0,0.018216,0.428169,0.420661,0.265486,0.313853,0.026235,0.001826,0.285703,0.313764,6.002550,1
500,1302.0,0.007931,0.430760,0.514518,0.227705,0.257776,0.027048,0.001462,0.229194,0.257705,4.793710,1
500,1304.0,-0.002367,0.433357,0.600583,0.190887,0.208530,0.027906,0.001161,0.179405,0.208473,3.735584,1
500,1306.0,-0.012678,0.435960,0.673239,0.158347,0.168414,0.028717,0.000930,0.138721,0.168369,2.875624,1
500,1308.0,-0.023002,0.438568,0.731877,0.131081,0.137043,0.029441,0.000760,0.106805,0.137006,2.204214,1
500,1310.0,-0.033340,0.441183,0.777637,0.109098,0.113265,0.030064,0.000640,0.082532,0.113235,1.695770,1
500,1312.0,-0.043689,0.443802,0.812786,0.091712,0.095501,0.030591,0.000556,0.064328,0.095476,1.315944,1
500,1314.0,-0.054052,0.446427,0.839469,0.078154,0.082376,0.031036,0.000501,0.050817,0.082354,1.035018,1
500,1316.0,-0.064430,0.449058,0.859537,0.067697,0.072766,0.031410,0.000465,0.040871,0.072746,0.828817,1
500,1318.0,-0.074818,0.451695,0.874484,0.059716,0.065800,0.031726,0.000444,0.033611,0.065781,0.678646,1
500,1320.0,-0.085220,0.454338,0.885455,0.053716,0.060829,0.031994,0.000433,0.028383,0.060810,0.570622,1
500,1322.0,-0.095636,0.456986,0.893390,0.049270,0.057340,0.032223,0.000430,0.024668,0.057321,0.493812,1
500,1324.0,-0.106064,0.459640,0.898945,0.046075,0.054980,0.032420,0.000432,0.022109,0.054962,0.440690,1
500,1326.0,-0.116506,0.462298,0.902635,0.043885,0.053481,0.032591,0.000439,0.020432,0.053462,0.405535,1
500,1328.0,-0.126960,0.464965,0.904870,0.042497,0.052633,0.032741,0.000448,0.019425,0.052614,0.383912,1
500,1330.0,-0.137427,0.467636,0.905961,0.041756,0.052284,0.032873,0.000459,0.018931,0.052264,0.372574,1
500,1332.0,-0.147908,0.470313,0.906137,0.041543,0.052320,0.032991,0.000472,0.018836,0.052300,0.369153,1
500,1334.0,-0.158402,0.472997,0.905587,0.041760,0.052653,0.033096,0.000487,0.019049,0.052632,0.371755,1
500,1336.0,-0.168909,0.475685,0.904459,0.042325,0.053215,0.033192,0.000502,0.019499,0.053193,0.378967,1
500,1338.0,-0.179428,0.478379,0.902869,0.043176,0.053955,0.033279,0.000518,0.020135,0.053932,0.389694,1
500,1340.0,-0.189961,0.481080,0.900908,0.044259,0.054832,0.033360,0.000535,0.020913,0.054808,0.403092,1
500,1342.0,-0.200507,0.483786,0.898652,0.045533,0.055815,0.033435,0.000552,0.021802,0.055789,0.418501,1
500,1344.0,-0.211065,0.486499,0.896164,0.046960,0.056876,0.033506,0.000569,0.022775,0.056850,0.435381,1
500,1346.0,-0.221637,0.489218,0.893486,0.048514,0.058000,0.033573,0.000587,0.023813,0.057973,0.453361,1
500,1348.0,-0.232223,0.491943,0.890667,0.050165,0.059168,0.033638,0.000604,0.024897,0.059139,0.472072,1
500,1350.0,-0.242821,0.494673,0.887732,0.051899,0.060368,0.033700,0.000623,0.026016,0.060339,0.491298,1
500,1352.0,-0.253432,0.497408,0.884717,0.053693,0.061590,0.033761,0.000641,0.027157,0.061559,0.510782,1
500,1354.0,-0.264056,0.500151,0.881640,0.055536,0.062825,0.033821,0.000659,0.028312,0.062792,0.530379,1
500,1356.0,-0.274694,0.502900,0.878514,0.057419,0.064067,0.033879,0.000678,0.029476,0.064034,0.549977,1
500,1358.0,-0.285344,0.505653,0.875367,0.059324,0.065309,0.033938,0.000697,0.030640,0.065274,0.569408,1
500,1360.0,-0.296007,0.508414,0.872206,0.061247,0.066547,0.033997,0.000716,0.031799,0.066511,0.588602,1
600,1240.0,0.324780,0.352446,0.871866,0.017207,0.110927,0.029301,0.001257,0.080334,0.110892,1.955772,1
600,1242.0,0.314894,0.354877,0.868628,0.016981,0.114391,0.029461,0.001278,0.083615,0.114355,2.024981,1
600,1244.0,0.304997,0.357311,0.864926,0.016970,0.118104,0.029617,0.001301,0.087148,0.118066,2.099537,1
600,1246.0,0.295086,0.359751,0.860705,0.017202,0.122093,0.029767,0.001326,0.090961,0.122054,2.180031,1
600,1248.0,0.285162,0.362196,0.855890,0.017711,0.126399,0.029912,0.001353,0.095093,0.126358,2.267326,1
600,1250.0,0.275225,0.364645,0.850412,0.018532,0.131056,0.030050,0.001382,0.099582,0.131014,2.362177,1
600,1252.0,0.265276,0.367101,0.844176,0.019708,0.136116,0.030180,0.001414,0.104478,0.136072,2.465674,1
600,1254.0,0.255314,0.369561,0.837076,0.021290,0.141634,0.030302,0.001448,0.109838,0.141588,2.579024,1
600,1256.0,0.245339,0.372027,0.828987,0.023336,0.147677,0.030414,0.001486,0.115729,0.147630,2.703650,1
600,1258.0,0.235351,0.374497,0.819759,0.025915,0.154326,0.030515,0.001528,0.122233,0.154276,2.841275,1
600,1260.0,0.225350,0.376973,0.809217,0.029109,0.161675,0.030602,0.001574,0.129446,0.161622,2.993923,1
600,1262.0,0.215337,0.379454,0.797144,0.033018,0.169837,0.030674,0.001626,0.137482,0.169782,3.164022,1
600,1264.0,0.205311,0.381941,0.783302,0.037758,0.178940,0.030728,0.001683,0.146471,0.178882,3.354250,1
600,1266.0,0.195271,0.384431,0.767346,0.043489,0.189165,0.030760,0.001747,0.156597,0.189103,3.568533,1
600,1268.0,0.185220,0.386929,0.748937,0.050379,0.200685,0.030767,0.001818,0.168034,0.200620,3.810473,1
600,1270.0,0.175154,0.389430,0.727597,0.058660,0.213742,0.030743,0.001899,0.181031,0.213673,4.085265,1
600,1272.0,0.165076,0.391937,0.702778,0.068613,0.228609,0.030681,0.001989,0.195865,0.228535,4.398642,1
600,1274.0,0.154986,0.394450,0.673826,0.080579,0.245595,0.030572,0.002092,0.212852,0.245516,4.757148,1
600,1276.0,0.144882,0.396967,0.639990,0.094970,0.265040,0.030407,0.002208,0.232341,0.264955,5.167887,1
600,1278.0,0.134766,0.399492,0.600459,0.112264,0.287277,0.030171,0.002338,0.254676,0.287185,5.637726,1
600,1280.0,0.124636,0.402020,0.554463,0.132979,0.312558,0.029851,0.002481,0.280126,0.312458,6.171739,1
600,1282.0,0.114494,0.404554,0.501605,0.157544,0.340850,0.029428,0.002637,0.308677,0.340742,6.768753,1
600,1284.0,0.104339,0.407094,0.441988,0.186276,0.371736,0.028889,0.002798,0.339932,0.371619,7.419169,1
600,1286.0,0.094171,0.409639,0.377657,0.218709,0.403634,0.028229,0.002951,0.372328,0.403508,8.088302,1
600,1288.0,0.083990,0.412188,0.313154,0.253327,0.433519,0.027467,0.003075,0.402842,0.433384,8.710591,1
600,1290.0,0.073796,0.414744,0.256954,0.286745,0.456300,0.026664,0.003135,0.426362,0.456160,9.176559,1
600,1292.0,0.063589,0.417306,0.221555,0.313280,0.465165,0.025940,0.003092,0.435992,0.465024,9.340687,1
600,1294.0,0.053370,0.419873,0.219400,0.326526,0.454074,0.025451,0.002917,0.425570,0.453938,9.075689,1
600,1296.0,0.043137,0.422445,0.256592,0.322082,0.421326,0.025335,0.002616,0.393252,0.421202,8.348295,1
600,1298.0,0.032891,0.425022,0.328051,0.300445,0.371504,0.025628,0.002231,0.343538,0.371397,7.259894,1
600,1300.0,0.022631,0.427606,0.419177,0.266968,0.313856,0.026250,0.001827,0.285690,0.313767,6.010169,1
600,1302.0,0.012360,0.430195,0.513567,0.228860,0.257573,0.027052,0.001461,0.228989,0.257502,4.795709,1
600,1304.0,0.002075,0.432789,0.600071,0.191738,0.208191,0.027901,0.001158,0.179075,0.208134,3.733605,1
600,1306.0,-0.008222,0.435389,0.673026,0.158959,0.168016,0.028705,0.000927,0.138339,0.167971,2.871466,1
600,1308.0,-0.018533,0.437995,0.731843,0.131519,0.136638,0.029422,0.000756,0.106423,0.136602,2.199205,1
600,1310.0,-0.028857,0.440607,0.777700,0.109416,0.112884,0.030040,0.000636,0.082178,0.112854,1.690706,1
600,1312.0,-0.039194,0.443224,0.812896,0.091948,0.095156,0.030564,0.000553,0.064013,0.095130,1.311216,1
600,1314.0,-0.049543,0.445847,0.839598,0.078334,0.082068,0.031005,0.000498,0.050543,0.082046,1.030769,1
600,1316.0,-0.059907,0.448475,0.859672,0.067836,0.072492,0.031377,0.000462,0.040632,0.072471,0.825054,1
600,1318.0,-0.070281,0.451109,0.874620,0.059827,0.065554,0.031691,0.000441,0.033402,0.065535,0.675310,1
600,1320.0,-0.080670,0.453749,0.885590,0.053805,0.060604,0.031958,0.000431,0.028198,0.060586,0.567630,1
600,1322.0,-0.091073,0.456394,0.893526,0.049342,0.057131,0.032186,0.000428,0.024500,0.057113,0.491078,1
600,1324.0,-0.101488,0.459045,0.899084,0.046134,0.054783,0.032382,0.000430,0.021952,0.054765,0.438135,1
600,1326.0,-0.111915,0.461702,0.902778,0.043932,0.053290,0.032553,0.000436,0.020283,0.053272,0.403091,1
600,1328.0,-0.122356,0.464365,0.905020,0.042534,0.052446,0.032702,0.000446,0.019279,0.052427,0.381523,1
600,1330.0,-0.132810,0.467034,0.906118,0.041785,0.052096,0.032834,0.000457,0.018786,0.052077,0.370194,1
600,1332.0,-0.143276,0.469708,0.906303,0.041566,0.052131,0.032951,0.000470,0.018689,0.052111,0.366745,1
600,1334.0,-0.153757,0.472389,0.905764,0.041776,0.052460,0.033056,0.000484,0.018898,0.052439,0.369294,1
600,1336.0,-0.164250,0.475074,0.904646,0.042337,0.053017,0.033152,0.000500,0.019344,0.052995,0.376432,1
600,1338.0,-0.174755,0.477766,0.903066,0.043183,0.053751,0.033239,0.000515,0.019974,0.053728,0.387072,1
600,1340.0,-0.185275,0.480465,0.901117,0.044262,0.054621,0.033319,0.000532,0.020746,0.054597,0.400374,1
600,1342.0,-0.195807,0.483168,0.898871,0.045533,0.055596,0.033394,0.000549,0.021628,0.055571,0.415683,1
600,1344.0,-0.206351,0.485877,0.896393,0.046957,0.056650,0.033465,0.000566,0.022593,0.056624,0.432462,1
600,1346.0,-0.216909,0.488594,0.893724,0.048509,0.057767,0.033532,0.000583,0.023624,0.057739,0.450343,1
600,1348.0,-0.227481,0.491316,0.890915,0.050159,0.058927,0.033596,0.000601,0.024701,0.058898,0.468958,1
600,1350.0,-0.238065,0.494043,0.887988,0.051892,0.060120,0.033658,0.000619,0.025813,0.060091,0.488095,1
600,1352.0,-0.248663,0.496776,0.884981,0.053684,0.061335,0.033719,0.000637,0.026948,0.061304,0.507498,1
600,1354.0,-0.259273,0.499516,0.881911,0.055526,0.062563,0.033778,0.000655,0.028098,0.062531,0.527023,1
600,1356.0,-0.269897,0.502262,0.878792,0.057409,0.063800,0.033837,0.000674,0.029256,0.063767,0.546558,1
600,1358.0,-0.280533,0.505013,0.875650,0.059314,0.065036,0.033895,0.000692,0.030414,0.065002,0.565938,1
600,1360.0,-0.291182,0.507771,0.872494,0.061237,0.066269,0.033953,0.000711,0.031569,0.066233,0.585092,1
800,1240.0,0.334936,0.351211,0.873506,0.017258,0.109236,0.029242,0.001254,0.078706,0.109201,1.922880,1
800,1242.0,0.325082,0.353636,0.870378,0.016996,0.112626,0.029405,0.001275,0.081910,0.112590,1.990659,1
800,1244.0,0.315217,0.356065,0.866796,0.016945,0.116259,0.029563,0.001298,0.085361,0.116222,2.063692,1
800,1246.0,0.305338,0.358498,0.862704,0.017132,0.120164,0.029717,0.001323,0.089086,0.120126,2.142563,1
800,1248.0,0.295447,0.360937,0.858031,0.017591,0.124379,0.029865,0.001349,0.093125,0.124339,2.228125,1
800,1250.0,0.285542,0.363381,0.852704,0.018357,0.128939,0.030008,0.001378,0.097512,0.128898,2.321124,1
800,1252.0,0.275626,0.365830,0.846633,0.019473,0.133894,0.030143,0.001410,0.102299,0.133851,2.422639,1
800,1254.0,0.265696,0.368285,0.839711,0.020989,0.139300,0.030270,0.001444,0.107542,0.139256,2.533865,1
800,1256.0,0.255754,0.370744,0.831815,0.022962,0.145223,0.030388,0.001482,0.113307,0.145176,2.656214,1
800,1258.0,0.245799,0.373209,0.822797,0.025462,0.151741,0.030495,0.001523,0.119674,0.151692,2.791398,1
800,1260.0,0.235831,0.375678,0.812480,0.028570,0.158949,0.030590,0.001569,0.126739,0.158898,2.941430,1
800,1262.0,0.225851,0.378153,0.800652,0.032387,0.166961,0.030670,0.001620,0.134617,0.166907,3.108730,1
800,1264.0,0.215857,0.380634,0.787073,0.037026,0.175901,0.030733,0.001677,0.143434,0.175844,3.295980,1
800,1266.0,0.205850,0.383118,0.771398,0.042650,0.185951,0.030776,0.001741,0.153375,0.185891,3.507107,1
800,1268.0,0.195832,0.385609,0.753287,0.049427,0.197286,0.030794,0.001812,0.164617,0.197223,3.745745,1
800,1270.0,0.185799,0.388105,0.732259,0.057592,0.210150,0.030783,0.001892,0.177407,0.210082,4.017144,1
800,1272.0,0.175755,0.390606,0.707757,0.067426,0.224817,0.030736,0.001983,0.192026,0.224744,4.327136,1
800,1274.0,0.165698,0.393112,0.679115,0.079280,0.241606,0.030644,0.002086,0.208799,0.241528,4.682445,1
800,1276.0,0.155627,0.395623,0.645559,0.093574,0.260868,0.030497,0.002201,0.228085,0.260784,5.090473,1
800,1278.0,0.145543,0.398141,0.606238,0.110805,0.282957,0.030283,0.002332,0.250252,0.282867,5.558569,1
800,1280.0,0.135447,0.400664,0.560320,0.131521,0.308159,0.029985,0.002477,0.275599,0.308060,6.092553,1
800,1282.0,0.125338,0.403191,0.507315,0.156194,0.336492,0.029586,0.002634,0.304164,0.336385,6.692343,1
800,1284.0,0.115217,0.405724,0.447190,0.185204,0.367606,0.029070,0.002798,0.335622,0.367490,7.349809,1
800,1286.0,0.105082,0.408263,0.381836,0.218166,0.399999,0.028430,0.002956,0.368488,0.399874,8.031859,1
800,1288.0,0.094934,0.410806,0.315667,0.253632,0.430701,0.027679,0.003086,0.399803,0.430568,8.673957,1
800,1290.0,0.084774,0.413356,0.257188,0.288220,0.454593,0.026874,0.003152,0.424427,0.454454,9.165614,1
800,1292.0,0.074600,0.415911,0.219261,0.316085,0.464654,0.026132,0.003113,0.435268,0.464513,9.356442,1
800,1294.0,0.064415,0.418471,0.215030,0.330479,0.454491,0.025610,0.002940,0.425806,0.454356,9.111146,1
800,1296.0,0.054215,0.421037,0.251285,0.326618,0.422097,0.025453,0.002635,0.393887,0.421974,8.389734,1
800,1298.0,0.044003,0.423608,0.323098,0.304857,0.372045,0.025705,0.002242,0.343991,0.371938,7.293732,1
800,1300.0,0.033777,0.426185,0.415401,0.270735,0.313863,0.026291,0.001831,0.285653,0.313775,6.029434,1
800,1302.0,0.023539,0.428768,0.511141,0.231795,0.257064,0.027064,0.001458,0.228471,0.256993,4.800791,1
800,1304.0,0.013289,0.431355,0.598759,0.193898,0.207342,0.027889,0.001152,0.178245,0.207286,3.728646,1
800,1306.0,0.003025,0.433949,0.672473,0.160510,0.167017,0.028674,0.000918,0.137380,0.166972,2.861021,1
800,1308.0,-0.007252,0.436548,0.731747,0.132629,0.135624,0.029376,0.000747,0.105465,0.135588,2.186628,1
800,1310.0,-0.017542,0.439154,0.777849,0.110222,0.111929,0.029981,0.000627,0.081292,0.111900,1.678002,1
800,1312.0,-0.027844,0.441764,0.813164,0.092546,0.094290,0.030495,0.000545,0.063226,0.094265,1.299368,1
800,1314.0,-0.038160,0.444380,0.839915,0.078788,0.081297,0.030928,0.000490,0.049857,0.081275,1.020131,1
800,1316.0,-0.048490,0.447001,0.860005,0.068190,0.071805,0.031294,0.000455,0.040037,0.071786,0.815637,1
800,1318.0,-0.058830,0.449629,0.874955,0.060107,0.064938,0.031603,0.000435,0.032881,0.064919,0.666967,1
800,1320.0,-0.069185,0.452263,0.885925,0.054031,0.060044,0.031866,0.000425,0.027735,0.060026,0.560149,1
800,1322.0,-0.079553,0.454901,0.893863,0.049525,0.056611,0.032092,0.000422,0.024080,0.056593,0.484245,1
800,1324.0,-0.089933,0.457546,0.899428,0.046282,0.054290,0.032286,0.000424,0.021562,0.054272,0.431752,1
800,1326.0,-0.100326,0.460195,0.903134,0.044052,0.052814,0.032455,0.000431,0.019910,0.052796,0.396985,1
800,1328.0,-0.110733,0.462852,0.905393,0.042630,0.051977,0.032603,0.000440,0.018916,0.051959,0.375551,1
800,1330.0,-0.121152,0.465514,0.906512,0.041860,0.051628,0.032734,0.000451,0.018424,0.051609,0.364242,1
800,1332.0,-0.131584,0.468181,0.906720,0.041623,0.051657,0.032850,0.000464,0.018323,0.051638,0.360724,1
800,1334.0,-0.142030,0.470856,0.906206,0.041817,0.051977,0.032955,0.000478,0.018523,0.051956,0.363135,1
800,1336.0,-0.152489,0.473534,0.905115,0.042365,0.052521,0.033050,0.000493,0.018956,0.052499,0.370086,1
800,1338.0,-0.162960,0.476219,0.903562,0.043199,0.053239,0.033137,0.000509,0.019571,0.053217,0.380503,1
800,1340.0,-0.173444,0.478910,0.901639,0.044269,0.054092,0.033217,0.000525,0.020327,0.054068,0.393559,1
800,1342.0,-0.183942,0.481607,0.899420,0.045532,0.055049,0.033292,0.000541,0.021191,0.055024,0.408611,1
800,1344.0,-0.194451,0.484309,0.896967,0.046949,0.056084,0.033362,0.000558,0.022139,0.056059,0.425130,1
800,1346.0,-0.204974,0.487019,0.894323,0.048496,0.057181,0.033428,0.000575,0.023151,0.057154,0.442754,1
800,1348.0,-0.215512,0.489734,0.891537,0.050141,0.058322,0.033492,0.000592,0.024210,0.058294,0.461123,1
800,1350.0,-0.226061,0.492455,0.888632,0.051871,0.059497,0.033553,0.000610,0.025305,0.059468,0.480027,1
800,1352.0,-0.236623,0.495180,0.885645,0.053661,0.060694,0.033613,0.000628,0.026423,0.060664,0.499217,1
800,1354.0,-0.247198,0.497913,0.882593,0.055501,0.061906,0.033672,0.000645,0.027557,0.061874,0.518550,1
800,1356.0,-0.257787,0.500652,0.879491,0.057383,0.063127,0.033730,0.000663,0.028701,0.063094,0.537917,1
800,1358.0,-0.268388,0.503396,0.876365,0.059287,0.064349,0.033787,0.000682,0.029847,0.064315,0.557156,1
800,1360.0,-0.279002,0.506147,0.873223,0.061209,0.065569,0.033845,0.000700,0.030990,0.065534,0.576197,1
1000,1240.0,0.347801,0.349647,0.875521,0.017333,0.107146,0.029165,0.001250,0.076697,0.107112,1.882194,1
1000,1242.0,0.337988,0.352064,0.872530,0.017027,0.110443,0.029331,0.001271,0.079807,0.110408,1.948198,1
1000,1244.0,0.328164,0.354486,0.869096,0.016925,0.113979,0.029493,0.001294,0.083156,0.113943,2.019341,1
1000,1246.0,0.318326,0.356912,0.865164,0.017057,0.117779,0.029651,0.001318,0.086773,0.117741,2.096195,1
1000,1248.0,0.308476,0.359343,0.860664,0.017454,0.121881,0.029804,0.001345,0.090694,0.121843,2.179600,1
1000,1250.0,0.298613,0.361779,0.855527,0.018152,0.126321,0.029951,0.001373,0.094956,0.126281,2.270292,1
1000,1252.0,0.288738,0.364221,0.849659,0.019194,0.131147,0.030092,0.001404,0.099608,0.131105,2.369332,1
1000,1254.0,0.278849,0.366668,0.842959,0.020628,0.136413,0.030226,0.001439,0.104705,0.136369,2.477902,1
1000,1256.0,0.268949,0.369120,0.835304,0.022511,0.142185,0.030351,0.001476,0.110312,0.142139,2.597396,1
1000,1258.0,0.259034,0.371576,0.826547,0.024913,0.148540,0.030466,0.001517,0.116509,0.148493,2.729511,1
1000,1260.0,0.249108,0.374038,0.816514,0.027913,0.155572,0.030570,0.001563,0.123389,0.155522,2.876244,1
1000,1262.0,0.239169,0.376505,0.804993,0.031613,0.163393,0.030660,0.001614,0.131067,0.163341,3.040003,1
1000,1264.0,0.229217,0.378978,0.791745,0.036127,0.172129,0.030735,0.001670,0.139668,0.172073,3.223467,1
1000,1266.0,0.219252,0.381454,0.776427,0.041615,0.181958,0.030790,0.001733,0.149376,0.181900,3.430559,1
1000,1268.0,0.209276,0.383938,0.758695,0.048247,0.193058,0.030823,0.001804,0.160368,0.192996,3.664947,1
1000,1270.0,0.199285,0.386426,0.738068,0.056260,0.205672,0.030829,0.001884,0.172893,0.205606,3.931934,1
1000,1272.0,0.189282,0.388919,0.713978,0.065941,0.220080,0.030800,0.001975,0.187234,0.220010,4.237464,1
1000,1274.0,0.179267,0.391417,0.685746,0.077645,0.236610,0.030730,0.002078,0.203726,0.236534,4.588469,1
1000,1276.0,0.169238,0.393920,0.652569,0.091806,0.255625,0.030608,0.002194,0.222741,0.255543,4.992698,1
1000,1278.0,0.159196,0.396431,0.613551,0.108943,0.277506,0.030421,0.002325,0.244672,0.277418,5.458081,1
1000,1280.0,0.149142,0.398945,0.567784,0.129637,0.302578,0.030152,0.002472,0.269858,0.302482,5.991353,1
1000,1282.0,0.139076,0.401464,0.514658,0.154418,0.330923,0.029785,0.002632,0.298402,0.330819,6.593802,1
1000,1284.0,0.128996,0.403990,0.453973,0.183747,0.362280,0.029300,0.002800,0.330066,0.362166,7.259192,1
1000,1286.0,0.118904,0.406520,0.387408,0.217342,0.395250,0.028687,0.002964,0.363476,0.395127,7.956582,1
1000,1288.0,0.108798,0.409056,0.319196,0.253856,0.426948,0.027955,0.003101,0.395761,0.426817,8.623016,1
1000,1290.0,0.098681,0.411597,0.257843,0.289925,0.452232,0.027152,0.003175,0.421768,0.452095,9.147110,1
1000,1292.0,0.088550,0.414144,0.216648,0.319515,0.463837,0.026389,0.003143,0.434166,0.463698,9.372563,1
1000,1294.0,0.078406,0.416696,0.209657,0.335432,0.454912,0.025826,0.002971,0.425980,0.454777,9.153685,1
1000,1296.0,0.068250,0.419254,0.244596,0.332378,0.423027,0.025615,0.002662,0.394627,0.422904,8.441252,1
1000,1298.0,0.058080,0.421817,0.316783,0.310497,0.372720,0.025813,0.002260,0.344541,0.372614,7.336418,1
1000,1300.0,0.047897,0.424386,0.410560,0.275562,0.313878,0.026351,0.001838,0.285601,0.313791,6.053899,1
1000,1302.0,0.037702,0.426960,0.508018,0.235553,0.256429,0.027085,0.001457,0.227817,0.256358,4.807306,1
1000,1304.0,0.027494,0.429539,0.597061,0.196661,0.206278,0.027878,0.001145,0.177199,0.206223,3.722445,1
1000,1306.0,0.017273,0.432125,0.671745,0.162490,0.165765,0.028637,0.000909,0.136175,0.165721,2.847900,1
1000,1308.0,0.007039,0.434716,0.731601,0.134045,0.134354,0.029318,0.000737,0.104264,0.134319,2.170845,1
1000,1310.0,-0.003208,0.437313,0.778017,0.111248,0.110735,0.029907,0.000617,0.080183,0.110706,1.662083,1
1000,1312.0,-0.013467,0.439914,0.813484,0.093306,0.093210,0.030407,0.000535,0.062243,0.093185,1.284543,1
1000,1314.0,-0.023739,0.442522,0.840300,0.079366,0.080334,0.030831,0.000481,0.049001,0.080313,1.006836,1
1000,1316.0,-0.034026,0.445135,0.860411,0.068640,0.070949,0.031189,0.000447,0.039295,0.070930,0.803882,1
1000,1318.0,-0.044323,0.447754,0.875365,0.060465,0.064170,0.031492,0.000427,0.032233,0.064152,0.656560,1
1000,1320.0,-0.054634,0.450380,0.886337,0.054319,0.059345,0.031750,0.000417,0.027160,0.059327,0.550824,1
1000,1322.0,-0.064959,0.453010,0.894279,0.049758,0.055963,0.031972,0.000415,0.023558,0.055945,0.475732,1
1000,1324.0,-0.075296,0.455646,0.899853,0.046471,0.053676,0.032164,0.000417,0.021077,0.053659,0.423801,1
1000,1326.0,-0.085646,0.458286,0.903575,0.044204,0.052220,0.032331,0.000424,0.019448,0.052203,0.389379,1
1000,1328.0,-0.096008,0.460935,0.905856,0.042752,0.051393,0.032478,0.000433,0.018464,0.051375,0.368111,1
1000,1330.0,-0.106384,0.463588,0.907001,0.041955,0.051044,0.032608,0.000444,0.017974,0.051026,0.356825,1
1000,1332.0,-0.116772,0.466247,0.907239,0.041695,0.051067,0.032723,0.000457,0.017867,0.051048,0.353216,1
1000,1334.0,-0.127175,0.468913,0.906757,0.041869,0.051374,0.032828,0.000471,0.018056,0.051354,0.355449,1
1000,1336.0,-0.137589,0.471582,0.905699,0.042399,0.051902,0.032922,0.000485,0.018474,0.051881,0.362157,1
1000,1338.0,-0.148016,0.474258,0.904181,0.043219,0.052600,0.033008,0.000500,0.019070,0.052578,0.372287,1
1000,1340.0,-0.158457,0.476941,0.902293,0.044277,0.053431,0.033088,0.000516,0.019804,0.053408,0.385027,1
1000,1342.0,-0.168910,0.479629,0.900107,0.045529,0.054364,0.033162,0.000532,0.020646,0.054340,0.399745,1
1000,1344.0,-0.179376,0.482323,0.897688,0.046937,0.055375,0.033232,0.000548,0.021571,0.055351,0.415925,1
1000,1346.0,-0.189855,0.485024,0.895075,0.048477,0.056448,0.033297,0.000565,0.022559,0.056422,0.433213,1
1000,1348.0,-0.200348,0.487730,0.892319,0.050117,0.057564,0.033361,0.000582,0.023595,0.057537,0.451257,1
1000,1350.0,-0.210853,0.490442,0.889442,0.051842,0.058715,0.033421,0.000599,0.024667,0.058688,0.469852,1
1000,1352.0,-0.221371,0.493159,0.886481,0.053630,0.059889,0.033481,0.000616,0.025764,0.059860,0.488754,1
1000,1354.0,-0.231902,0.495882,0.883454,0.055468,0.061079,0.033538,0.000633,0.026877,0.061049,0.507827,1
1000,1356.0,-0.242446,0.498612,0.880374,0.057347,0.062279,0.033595,0.000651,0.028002,0.062248,0.526961,1
1000,1358.0,-0.253003,0.501347,0.877268,0.059250,0.063482,0.033652,0.000668,0.029130,0.063450,0.546000,1
1000,1360.0,-0.263572,0.504089,0.874144,0.061171,0.064685,0.033708,0.000686,0.030257,0.064651,0.564875,1
1250,1240.0,0.367437,0.347260,0.878469,0.017468,0.104063,0.029042,0.001244,0.073744,0.104030,1.822155,1
1250,1242.0,0.357686,0.349666,0.875678,0.017096,0.107225,0.029213,0.001265,0.076714,0.107192,1.885533,1
1250,1244.0,0.347925,0.352075,0.872462,0.016922,0.110616,0.029381,0.001287,0.079913,0.110581,1.953874,1
1250,1246.0,0.338150,0.354490,0.868766,0.016972,0.114261,0.029545,0.001311,0.083369,0.114225,2.027736,1
1250,1248.0,0.328362,0.356910,0.864523,0.017279,0.118198,0.029705,0.001338,0.087118,0.118160,2.107935,1
1250,1250.0,0.318562,0.359334,0.859664,0.017877,0.122459,0.029860,0.001366,0.091194,0.122420,2.195189,1
1250,1252.0,0.308750,0.361764,0.854100,0.018808,0.127092,0.030009,0.001397,0.095646,0.127052,2.290537,1
1250,1254.0,0.298924,0.364200,0.847729,0.020120,0.132151,0.030152,0.001431,0.100526,0.132109,2.395132,1
1250,1256.0,0.289087,0.366640,0.840432,0.021870,0.137698,0.030287,0.001468,0.105899,0.137654,2.510344,1
1250,1258.0,0.279236,0.369085,0.832066,0.024124,0.143810,0.030414,0.001509,0.111841,0.143764,2.637839,1
1250,1260.0,0.269373,0.371534,0.822457,0.026964,0.150579,0.030532,0.001554,0.118445,0.150530,2.779586,1
1250,1262.0,0.259498,0.373990,0.811398,0.030488,0.158113,0.030637,0.001604,0.125822,0.158063,2.937967,1
1250,1264.0,0.249609,0.376451,0.798651,0.034810,0.166539,0.030728,0.001660,0.134097,0.166485,3.115649,1
1250,1266.0,0.239708,0.378915,0.783876,0.040092,0.176033,0.030803,0.001723,0.143450,0.175976,3.316533,1
1250,1268.0,0.229795,0.381387,0.766727,0.046502,0.186771,0.030858,0.001794,0.154059,0.186711,3.544326,1
1250,1270.0,0.219867,0.383863,0.746719,0.054281,0.199000,0.030889,0.001874,0.166174,0.198937,3.804382,1
1250,1272.0,0.209929,0.386344,0.723277,0.063719,0.213004,0.030889,0.001964,0.180083,0.212936,4.102787,1
1250,1274.0,0.199977,0.388830,0.695701,0.075180,0.229119,0.030851,0.002067,0.196128,0.229046,4.446739,1
1250,1276.0,0.190013,0.391321,0.663152,0.089117,0.247730,0.030766,0.002184,0.214702,0.247652,4.844464,1
1250,1278.0,0.180035,0.393819,0.624670,0.106078,0.269252,0.030620,0.002317,0.236230,0.269167,5.304704,1
1250,1280.0,0.170046,0.396322,0.579236,0.126697,0.294068,0.030399,0.002466,0.261111,0.293975,5.835519,1
1250,1282.0,0.160043,0.398829,0.526065,0.151583,0.322352,0.030082,0.002630,0.289540,0.322251,6.440241,1
1250,1284.0,0.150028,0.401342,0.464698,0.181324,0.353979,0.029649,0.002804,0.321415,0.353869,7.115564,1
1250,1286.0,0.140000,0.403861,0.396476,0.215804,0.387719,0.029084,0.002977,0.355538,0.387600,7.834084,1
1250,1288.0,0.129960,0.406383,0.325306,0.253852,0.420842,0.028387,0.003126,0.389200,0.420714,8.535827,1
1250,1290.0,0.119906,0.408912,0.259618,0.292169,0.448212,0.027595,0.003214,0.417268,0.448077,9.108920,1
1250,1292.0,0.109840,0.411448,0.213316,0.324463,0.462221,0.026809,0.003193,0.432081,0.462083,9.388705,1
1250,1294.0,0.099762,0.413987,0.201837,0.342854,0.455309,0.026187,0.003026,0.425963,0.455175,9.213225,1
1250,1296.0,0.089670,0.416532,0.234479,0.341186,0.424335,0.025893,0.002709,0.395611,0.424213,8.517601,1
1250,1298.0,0.079566,0.419082,0.307063,0.319210,0.373727,0.026002,0.002293,0.345326,0.373622,7.401120,1
1250,1300.0,0.069448,0.421639,0.403045,0.283044,0.313911,0.026461,0.001854,0.285509,0.313824,6.091372,1
1250,1302.0,0.059318,0.424201,0.503145,0.241376,0.255478,0.027129,0.001458,0.226822,0.255409,4.817441,1
1250,1304.0,0.049176,0.426767,0.594389,0.200932,0.204679,0.027870,0.001138,0.175617,0.204625,3.713183,1
1250,1306.0,0.039020,0.429340,0.670572,0.165545,0.163884,0.028586,0.000896,0.134359,0.163841,2.828140,1
1250,1308.0,0.028852,0.431918,0.731327,0.136224,0.132449,0.029233,0.000723,0.102460,0.132415,2.147095,1
1250,1310.0,0.018671,0.434503,0.778228,0.112825,0.108947,0.029795,0.000602,0.078522,0.108919,1.638177,1
1250,1312.0,0.008477,0.437092,0.813932,0.094474,0.091594,0.030275,0.000521,0.060774,0.091570,1.262323,1
1250,1314.0,-0.001729,0.439687,0.840850,0.080254,0.078896,0.030683,0.000468,0.047725,0.078876,0.986945,1
1250,1316.0,-0.011950,0.442287,0.860997,0.069331,0.069672,0.031028,0.000434,0.038190,0.069653,0.786320,1
1250,1318.0,-0.022181,0.444893,0.875962,0.061013,0.063025,0.031322,0.000415,0.031270,0.063008,0.641032,1
1250,1320.0,-0.032426,0.447505,0.886938,0.054760,0.058302,0.031574,0.000406,0.026305,0.058285,0.536923,1
1250,1322.0,-0.042685,0.450122,0.894888,0.050116,0.054996,0.031791,0.000404,0.022784,0.054979,0.463050,1
1250,1324.0,-0.052955,0.452745,0.900479,0.046761,0.052760,0.031979,0.000407,0.020358,0.052743,0.411960,1
1250,1326.0,-0.063238,0.455373,0.904227,0.044438,0.051335,0.032143,0.000414,0.018762,0.051318,0.378052,1
1250,1328.0,-0.073535,0.458009,0.906541,0.042938,0.050522,0.032287,0.000423,0.017795,0.050505,0.357030,1
1250,1330.0,-0.083844,0.460649,0.907726,0.042100,0.050174,0.032416,0.000434,0.017307,0.050156,0.345772,1
1250,1332.0,-0.094165,0.463294,0.908010,0.041804,0.050186,0.032530,0.000446,0.017191,0.050168,0.342019,1
1250,1334.0,-0.104501,0.465947,0.907578,0.041947,0.050475,0.032633,0.000460,0.017363,0.050455,0.343976,1
1250,1336.0,-0.114849,0.468604,0.906573,0.042450,0.050977,0.032727,0.000474,0.017757,0.050957,0.350309,1
1250,1338.0,-0.125209,0.471266,0.905108,0.043247,0.051645,0.032812,0.000488,0.018324,0.051624,0.359993,1
1250,1340.0,-0.135582,0.473936,0.903273,0.044285,0.052442,0.032892,0.000503,0.019026,0.052421,0.372239,1
1250,1342.0,-0.145969,0.476610,0.901140,0.045520,0.053340,0.032965,0.000519,0.019833,0.053317,0.386435,1
1250,1344.0,-0.156367,0.479291,0.898772,0.046915,0.054313,0.033034,0.000534,0.020721,0.054290,0.402080,1
1250,1346.0,-0.166778,0.481978,0.896209,0.048444,0.055348,0.033099,0.000550,0.021674,0.055323,0.418835,1
1250,1348.0,-0.177204,0.484671,0.893499,0.050075,0.056426,0.033162,0.000566,0.022673,0.056401,0.436358,1
1250,1350.0,-0.187641,0.487369,0.890666,0.051793,0.057540,0.033222,0.000583,0.023709,0.057514,0.454453,1
1250,1352.0,-0.198092,0.490073,0.887747,0.053576,0.058677,0.033280,0.000599,0.024771,0.058650,0.472885,1
1250,1354.0,-0.208555,0.492783,0.884758,0.055410,0.059832,0.033336,0.000615,0.025852,0.059804,0.491523,1
1250,1356.0,-0.219032,0.495499,0.881713,0.057288,0.060999,0.033392,0.000632,0.026945,0.060970,0.510264,1
1250,1358.0,-0.229520,0.498221,0.878640,0.059189,0.062171,0.033447,0.000649,0.028045,0.062141,0.528954,1
1250,1360.0,-0.240022,0.500949,0.875546,0.061109,0.063345,0.033502,0.000666,0.029145,0.063313,0.547531,1
1500,1240.0,0.390630,0.344440,0.881761,0.017657,0.100583,0.028892,0.001237,0.070422,0.100551,1.754329,1
1500,1242.0,0.380954,0.346832,0.879195,0.017212,0.103593,0.029068,0.001258,0.073235,0.103560,1.814734,1
1500,1244.0,0.371266,0.349229,0.876223,0.016956,0.106821,0.029241,0.001280,0.076266,0.106787,1.879899,1
1500,1246.0,0.361565,0.351630,0.872794,0.016915,0.110291,0.029412,0.001304,0.079541,0.110257,1.950362,1
1500,1248.0,0.351851,0.354036,0.868840,0.017120,0.114040,0.029579,0.001330,0.083095,0.114004,2.026911,1
1500,1250.0,0.342125,0.356446,0.864296,0.017605,0.118099,0.029742,0.001358,0.086961,0.118061,2.110244,1
1500,1252.0,0.332387,0.358863,0.859075,0.018411,0.122514,0.029901,0.001389,0.091185,0.122475,2.201368,1
1500,1254.0,0.322636,0.361284,0.853079,0.019585,0.127336,0.030054,0.001422,0.095819,0.127296,2.301406,1
1500,1256.0,0.312874,0.363710,0.846191,0.021182,0.132627,0.030202,0.001459,0.100924,0.132585,2.411689,1
1500,1258.0,0.303097,0.366141,0.838271,0.023268,0.138461,0.030342,0.001499,0.106575,0.138417,2.533845,1
1500,1260.0,0.293309,0.368577,0.829151,0.025923,0.144926,0.030474,0.001544,0.112861,0.144880,2.669805,1
1500,1262.0,0.283509,0.371019,0.818626,0.029244,0.152130,0.030596,0.001594,0.119891,0.152082,2.821910,1
1500,1264.0,0.273695,0.373466,0.806461,0.033344,0.160195,0.030707,0.001650,0.127788,0.160144,2.992799,1
1500,1266.0,0.263869,0.375916,0.792320,0.038382,0.169297,0.030804,0.001712,0.136728,0.169243,3.186333,1
1500,1268.0,0.254031,0.378374,0.775859,0.044530,0.179610,0.030884,0.001782,0.146887,0.179553,3.406233,1
1500,1270.0,0.244179,0.380836,0.756592,0.052027,0.191381,0.030943,0.001862,0.158515,0.191320,3.657882,1
1500,1272.0,0.234316,0.383302,0.733936,0.061168,0.204896,0.030975,0.001953,0.171903,0.204831,3.947485,1
1500,1274.0,0.224440,0.385775,0.707173,0.072326,0.220501,0.030975,0.002056,0.187399,0.220431,4.282486,1
1500,1276.0,0.214551,0.388252,0.675431,0.085970,0.238599,0.030934,0.002174,0.205416,0.238524,4.671583,1
1500,1278.0,0.204650,0.390735,0.637679,0.102680,0.259641,0.030839,0.002308,0.226412,0.259559,5.124365,1
1500,1280.0,0.194736,0.393223,0.592785,0.123144,0.284071,0.030674,0.002460,0.250848,0.283982,5.650324,1
1500,1282.0,0.184809,0.395716,0.539767,0.148065,0.312168,0.030420,0.002629,0.279022,0.312071,6.255108,1
1500,1284.0,0.174871,0.398215,0.477859,0.178178,0.343963,0.030054,0.002812,0.310991,0.343857,6.938863,1
1500,1286.0,0.164919,0.400719,0.407986,0.213574,0.378440,0.029554,0.002996,0.345774,0.378324,7.678675,1
1500,1288.0,0.154955,0.403227,0.333600,0.253316,0.413084,0.028910,0.003160,0.380888,0.412959,8.418918,1
1500,1290.0,0.144978,0.405741,0.262921,0.294248,0.442831,0.028145,0.003265,0.411288,0.442698,9.048539,1
1500,1292.0,0.134989,0.408262,0.210440,0.329829,0.459730,0.027344,0.003260,0.428991,0.459595,9.394289,1
1500,1294.0,0.124987,0.410787,0.193254,0.351368,0.455378,0.026658,0.003099,0.425489,0.455246,9.274663,1
1500,1296.0,0.114972,0.413317,0.222718,0.351586,0.425696,0.026265,0.002776,0.396533,0.425574,8.603868,1
1500,1298.0,0.104944,0.415853,0.295479,0.329647,0.374874,0.026263,0.002341,0.346165,0.374769,7.476706,1
1500,1300.0,0.094903,0.418394,0.393983,0.292053,0.313965,0.026619,0.001880,0.285380,0.313879,6.135833,1
1500,1302.0,0.084851,0.420941,0.497226,0.248386,0.254388,0.027200,0.001466,0.225654,0.254320,4.829746,1
1500,1304.0,0.074786,0.423493,0.591109,0.206060,0.202831,0.027871,0.001133,0.173774,0.202778,3.702604,1
1500,1306.0,0.064708,0.426051,0.669090,0.169200,0.161710,0.028532,0.000885,0.132251,0.161668,2.805257,1
1500,1308.0,0.054617,0.428614,0.730923,0.138825,0.130252,0.029137,0.000708,0.100374,0.130219,2.119608,1
1500,1310.0,0.044513,0.431184,0.778406,0.114705,0.106889,0.029666,0.000587,0.076609,0.106862,1.610574,1
1500,1312.0,0.034397,0.433757,0.814398,0.095866,0.089737,0.030120,0.000506,0.059088,0.089714,1.236732,1
1500,1314.0,0.024269,0.436337,0.841443,0.081311,0.077246,0.030508,0.000453,0.046265,0.077226,0.964087,1
1500,1316.0,0.014126,0.438922,0.861639,0.070154,0.068207,0.030839,0.000421,0.036929,0.068189,0.766176,1
1500,1318.0,0.003973,0.441514,0.876621,0.061666,0.061713,0.031122,0.000402,0.030171,0.061696,0.623247,1
1500,1320.0,-0.006194,0.444111,0.887606,0.055286,0.057108,0.031366,0.000394,0.025333,0.057092,0.521021,1
1500,1322.0,-0.016375,0.446712,0.895569,0.050542,0.053888,0.031576,0.000392,0.021904,0.053872,0.448556,1
1500,1324.0,-0.026567,0.449320,0.901182,0.047107,0.051711,0.031760,0.000395,0.019540,0.051695,0.398436,1
1500,1326.0,-0.036772,0.451932,0.904962,0.044716,0.050322,0.031920,0.000402,0.017983,0.050306,0.365120,1
1500,1328.0,-0.046989,0.454553,0.907317,0.043158,0.049525,0.032062,0.000411,0.017034,0.049508,0.344377,1
1500,1330.0,-0.057220,0.457177,0.908552,0.042271,0.049177,0.032189,0.000422,0.016549,0.049160,0.333146,1
1500,1332.0,-0.067463,0.459807,0.908891,0.041932,0.049177,0.032302,0.000434,0.016423,0.049160,0.329219,1
1500,1334.0,-0.077719,0.462444,0.908518,0.042038,0.049444,0.032405,0.000447,0.016574,0.049426,0.330846,1
1500,1336.0,-0.087988,0.465085,0.907575,0.042508,0.049917,0.032497,0.000461,0.016940,0.049898,0.336731,1
1500,1338.0,-0.098269,0.467732,0.906174,0.043276,0.050550,0.032582,0.000475,0.017473,0.050531,0.345881,1
1500,1340.0,-0.108563,0.470387,0.904402,0.044289,0.051308,0.032661,0.000489,0.018137,0.051288,0.357533,1
1500,1342.0,-0.118870,0.473045,0.902333,0.045504,0.052163,0.032734,0.000504,0.018904,0.052142,0.371097,1
1500,1344.0,-0.129189,0.475710,0.900026,0.046882,0.053093,0.032803,0.000519,0.019749,0.053070,0.386092,1
1500,1346.0,-0.139521,0.478381,0.897522,0.048397,0.054081,0.032867,0.000534,0.020657,0.054058,0.402191,1
1500,1348.0,-0.149867,0.481058,0.894869,0.050017,0.055114,0.032929,0.000549,0.021612,0.055090,0.419069,1
1500,1350.0,-0.160224,0.483741,0.892091,0.051727,0.056183,0.032988,0.000564,0.022605,0.056158,0.436537,1
1500,1352.0,-0.170595,0.486428,0.889222,0.053503,0.057275,0.033045,0.000580,0.023624,0.057250,0.454371,1
1500,1354.0,-0.180978,0.489122,0.886280,0.055333,0.058387,0.033101,0.000596,0.024664,0.058360,0.472446,1
1500,1356.0,-0.191375,0.491823,0.883280,0.057208,0.059513,0.033155,0.000611,0.025718,0.059485,0.490666,1
1500,1358.0,-0.201783,0.494528,0.880247,0.059107,0.060646,0.033209,0.000627,0.026780,0.060617,0.508885,1
1500,1360.0,-0.212204,0.497240,0.877190,0.061027,0.061783,0.033263,0.000643,0.027847,0.061753,0.527042,1
2000,1240.0,0.445780,0.337736,0.888828,0.018216,0.092957,0.028508,0.001221,0.063199,0.092928,1.605628,1
2000,1242.0,0.436279,0.340095,0.886748,0.017616,0.095636,0.028695,0.001241,0.065670,0.095606,1.659513,1
2000,1244.0,0.426767,0.342459,0.884307,0.017184,0.098509,0.028881,0.001263,0.068335,0.098479,1.717693,1
2000,1246.0,0.417242,0.344828,0.881455,0.016946,0.101599,0.029065,0.001286,0.071215,0.101567,1.780665,1
2000,1248.0,0.407705,0.347202,0.878133,0.016930,0.104937,0.029248,0.001312,0.074344,0.104904,1.849148,1
2000,1250.0,0.398155,0.349580,0.874279,0.017169,0.108552,0.029429,0.001339,0.077750,0.108518,1.923787,1
2000,1252.0,0.388594,0.351963,0.869813,0.017701,0.112487,0.029607,0.001370,0.081475,0.112451,2.005510,1
2000,1254.0,0.379020,0.354352,0.864643,0.018569,0.116788,0.029782,0.001402,0.085566,0.116751,2.095356,1
2000,1256.0,0.369435,0.356745,0.858662,0.019828,0.121511,0.029955,0.001439,0.090079,0.121472,2.194565,1
2000,1258.0,0.359836,0.359143,0.851738,0.021538,0.126724,0.030123,0.001478,0.095083,0.126684,2.304657,1
2000,1260.0,0.350226,0.361546,0.843714,0.023776,0.132510,0.030287,0.001523,0.100659,0.132468,2.427450,1
2000,1262.0,0.340604,0.363955,0.834395,0.026636,0.138969,0.030446,0.001572,0.106908,0.138925,2.565160,1
2000,1264.0,0.330968,0.366368,0.823557,0.030227,0.146216,0.030598,0.001627,0.113946,0.146170,2.720316,1
2000,1266.0,0.321321,0.368785,0.810881,0.034702,0.154417,0.030742,0.001689,0.121938,0.154369,2.896620,1
2000,1268.0,0.311662,0.371209,0.796027,0.040231,0.163742,0.030877,0.001759,0.131055,0.163690,3.097743,1
2000,1270.0,0.301989,0.373637,0.778519,0.047052,0.174429,0.030999,0.001838,0.141537,0.174374,3.329008,1
2000,1272.0,0.292305,0.376071,0.757771,0.055463,0.186766,0.031106,0.001929,0.153672,0.186707,3.596711,1
2000,1274.0,0.282609,0.378509,0.733046,0.065847,0.201106,0.031192,0.002033,0.167818,0.201043,3.908623,1
2000,1276.0,0.272900,0.380952,0.703417,0.078701,0.217881,0.031251,0.002154,0.184409,0.217813,4.274191,1
2000,1278.0,0.263179,0.383402,0.667739,0.094661,0.237600,0.031274,0.002292,0.203960,0.237526,4.704514,1
2000,1280.0,0.253446,0.385855,0.624655,0.114520,0.260826,0.031246,0.002451,0.227047,0.260745,5.211868,1
2000,1282.0,0.243700,0.388314,0.572776,0.139176,0.288048,0.031150,0.002632,0.254177,0.287959,5.806756,1
2000,1284.0,0.233942,0.390778,0.510661,0.169692,0.319648,0.030960,0.002834,0.285756,0.319550,6.497140,1
2000,1286.0,0.224172,0.393248,0.438196,0.206672,0.355132,0.030646,0.003046,0.321333,0.355024,7.271462,1
2000,1288.0,0.214389,0.395722,0.357531,0.249852,0.392617,0.030175,0.003249,0.359075,0.392499,8.087298,1
2000,1290.0,0.204594,0.398201,0.275877,0.296650,0.427473,0.029533,0.003402,0.394411,0.427347,8.841549,1
2000,1292.0,0.194787,0.400687,0.208450,0.340278,0.451272,0.028757,0.003444,0.418940,0.451141,9.347631,1
2000,1294.0,0.184967,0.403177,0.176104,0.370209,0.453688,0.027962,0.003309,0.422287,0.453558,9.378606,1
2000,1296.0,0.175135,0.405673,0.195915,0.376070,0.428015,0.027338,0.002975,0.397582,0.427895,8.789169,1
2000,1298.0,0.165290,0.408173,0.267648,0.354988,0.377363,0.027043,0.002495,0.347722,0.377260,7.651639,1
2000,1300.0,0.155432,0.410680,0.371676,0.314177,0.314148,0.027110,0.001976,0.284978,0.314063,6.242280,1
2000,1302.0,0.145563,0.413191,0.482455,0.265605,0.251940,0.027447,0.001510,0.222918,0.251874,4.860674,1
2000,1304.0,0.135682,0.415708,0.582783,0.218597,0.198620,0.027922,0.001142,0.169505,0.198569,3.679304,1
2000,1306.0,0.125788,0.418230,0.665159,0.178088,0.156753,0.028433,0.000873,0.127409,0.156714,2.753089,1
2000,1308.0,0.115881,0.420758,0.729622,0.145119,0.125259,0.028923,0.000685,0.095620,0.125228,2.056914,1
2000,1310.0,0.105962,0.423291,0.778532,0.119240,0.102227,0.029365,0.000560,0.072277,0.102202,1.547845,1
2000,1312.0,0.096031,0.425829,0.815239,0.099217,0.085545,0.029755,0.000477,0.055291,0.085524,1.178819,1
2000,1314.0,0.086087,0.428373,0.842614,0.083855,0.073531,0.030095,0.000425,0.042993,0.073512,0.912558,1
2000,1316.0,0.076130,0.430922,0.862951,0.072135,0.064914,0.030390,0.000393,0.034114,0.064897,0.720918,1
2000,1318.0,0.066162,0.433477,0.877994,0.063241,0.058765,0.030646,0.000376,0.027729,0.058750,0.583402,1
2000,1320.0,0.056181,0.436038,0.889018,0.056554,0.054427,0.030869,0.000368,0.023175,0.054413,0.485475,1
2000,1322.0,0.046187,0.438604,0.897027,0.051570,0.051402,0.031065,0.000367,0.019956,0.051388,0.416215,1
2000,1324.0,0.036180,0.441175,0.902702,0.047939,0.049358,0.031238,0.000370,0.017735,0.049344,0.368298,1
2000,1326.0,0.026162,0.443751,0.906565,0.045387,0.048048,0.031392,0.000377,0.016265,0.048034,0.336324,1
2000,1328.0,0.016131,0.446334,0.909023,0.043689,0.047288,0.031529,0.000386,0.015358,0.047273,0.316211,1
2000,1330.0,0.006088,0.448922,0.910377,0.042680,0.046942,0.031651,0.000396,0.014879,0.046927,0.305032,1
2000,1332.0,-0.003967,0.451515,0.910849,0.042235,0.046916,0.031762,0.000408,0.014730,0.046900,0.300693,1
2000,1334.0,-0.014036,0.454115,0.910619,0.042247,0.047134,0.031863,0.000420,0.014834,0.047117,0.301545,1
2000,1336.0,-0.024117,0.456719,0.909824,0.042635,0.047540,0.031955,0.000433,0.015136,0.047523,0.306376,1
2000,1338.0,-0.034210,0.459329,0.908575,0.043332,0.048093,0.032039,0.000446,0.015591,0.048076,0.314261,1
2000,1340.0,-0.044316,0.461946,0.906957,0.044283,0.048760,0.032118,0.000459,0.016166,0.048742,0.324496,1
2000,1342.0,-0.054434,0.464567,0.905039,0.045444,0.049517,0.032190,0.000472,0.016836,0.049498,0.336539,1
2000,1344.0,-0.064564,0.467194,0.902881,0.046776,0.050343,0.032258,0.000485,0.017580,0.050323,0.349950,1
2000,1346.0,-0.074707,0.469828,0.900522,0.048254,0.051225,0.032322,0.000499,0.018383,0.051204,0.364432,1
2000,1348.0,-0.084864,0.472467,0.898008,0.049843,0.052148,0.032383,0.000512,0.019232,0.052127,0.379692,1
2000,1350.0,-0.095031,0.475112,0.895363,0.051530,0.053107,0.032442,0.000526,0.020118,0.053085,0.395562,1
2000,1352.0,-0.105212,0.477761,0.892621,0.053288,0.054091,0.032498,0.000539,0.021032,0.054068,0.411843,1
2000,1354.0,-0.115405,0.480417,0.889799,0.055106,0.055095,0.032552,0.000553,0.021968,0.055072,0.428424,1
2000,1356.0,-0.125611,0.483079,0.886911,0.056972,0.056117,0.032604,0.000567,0.022921,0.056092,0.445221,1
2000,1358.0,-0.135828,0.485746,0.883984,0.058868,0.057148,0.032656,0.000580,0.023887,0.057123,0.462106,1
2000,1360.0,-0.146059,0.488420,0.881025,0.060786,0.058189,0.032707,0.000594,0.024861,0.058163,0.479030,1
2500,1240.0,0.509525,0.329986,0.895820,0.019020,0.085159,0.028026,0.001202,0.055905,0.085133,1.453681,1
2500,1242.0,0.500227,0.332309,0.894225,0.018268,0.087507,0.028223,0.001222,0.058035,0.087480,1.500942,1
2500,1244.0,0.490918,0.334635,0.892314,0.017663,0.090023,0.028419,0.001243,0.060333,0.089995,1.552011,1
2500,1246.0,0.481596,0.336966,0.890043,0.017228,0.092729,0.028616,0.001266,0.062818,0.092700,1.607330,1
2500,1248.0,0.472262,0.339302,0.887357,0.016991,0.095652,0.028813,0.001291,0.065518,0.095622,1.667547,1
2500,1250.0,0.462917,0.341643,0.884201,0.016981,0.098818,0.029010,0.001318,0.068459,0.098787,1.733242,1
2500,1252.0,0.453560,0.343989,0.880502,0.017233,0.102264,0.029207,0.001348,0.071678,0.102232,1.805251,1
2500,1254.0,0.444191,0.346340,0.876178,0.017789,0.106033,0.029403,0.001380,0.075216,0.106000,1.884516,1
2500,1256.0,0.434810,0.348695,0.871130,0.018698,0.110173,0.029599,0.001416,0.079124,0.110138,1.972159,1
2500,1258.0,0.425417,0.351055,0.865237,0.020016,0.114746,0.029794,0.001455,0.083461,0.114710,2.069570,1
2500,1260.0,0.416012,0.353419,0.858356,0.021817,0.119827,0.029989,0.001499,0.088301,0.119789,2.178411,1
2500,1262.0,0.406596,0.355789,0.850307,0.024187,0.125506,0.030183,0.001548,0.093736,0.125467,2.300728,1
2500,1264.0,0.397167,0.358165,0.840881,0.027230,0.131889,0.030376,0.001602,0.099869,0.131847,2.438873,1
2500,1266.0,0.387726,0.360543,0.829781,0.031091,0.139127,0.030567,0.001664,0.106853,0.139084,2.596296,1
2500,1268.0,0.378274,0.362928,0.816685,0.035935,0.147380,0.030757,0.001733,0.114844,0.147334,2.776498,1
2500,1270.0,0.368808,0.365318,0.801138,0.041990,0.156872,0.030943,0.001813,0.124067,0.156823,2.984571,1
2500,1272.0,0.359331,0.367712,0.782572,0.049549,0.167880,0.031125,0.001904,0.134798,0.167827,3.226668,1
2500,1274.0,0.349843,0.370111,0.760254,0.058996,0.180750,0.031301,0.002010,0.147383,0.180694,3.510560,1
2500,1276.0,0.340342,0.372515,0.733242,0.070838,0.195920,0.031467,0.002133,0.162260,0.195859,3.846008,1
2500,1278.0,0.330829,0.374925,0.700325,0.085744,0.213931,0.031617,0.002276,0.179972,0.213865,4.245048,1
2500,1280.0,0.321304,0.377339,0.659981,0.104590,0.235428,0.031744,0.002443,0.201169,0.235356,4.722051,1
2500,1282.0,0.311767,0.379758,0.610480,0.128441,0.261079,0.031832,0.002637,0.226530,0.260999,5.291752,1
2500,1284.0,0.302219,0.382183,0.549730,0.158679,0.291591,0.031859,0.002860,0.256784,0.291503,5.969714,1
2500,1286.0,0.292658,0.384613,0.476478,0.196476,0.327046,0.031792,0.003105,0.292051,0.326948,6.757212,1
2500,1288.0,0.283085,0.387047,0.391161,0.242447,0.366392,0.031585,0.003356,0.331342,0.366283,7.629953,1
2500,1290.0,0.273500,0.389486,0.299060,0.295053,0.405887,0.031183,0.003573,0.371011,0.405768,8.503095,1
2500,1292.0,0.263903,0.391932,0.214888,0.347899,0.437213,0.030553,0.003685,0.402849,0.437087,9.189390,1
2500,1294.0,0.254295,0.394382,0.162913,0.388820,0.448267,0.029732,0.003602,0.414806,0.448140,9.417916,1
2500,1296.0,0.244674,0.396837,0.167858,0.403322,0.428820,0.028880,0.003271,0.396551,0.428701,8.961574,1
2500,1298.0,0.235040,0.399297,0.235450,0.384864,0.379686,0.028214,0.002740,0.348629,0.379583,7.842151,1
2500,1300.0,0.225394,0.401763,0.344735,0.340848,0.314416,0.027879,0.002141,0.284313,0.314334,6.365956,1
2500,1302.0,0.215737,0.404233,0.464225,0.286414,0.249360,0.027861,0.001603,0.219832,0.249296,4.899624,1
2500,1304.0,0.206068,0.406709,0.572270,0.233653,0.194076,0.028057,0.001182,0.164789,0.194028,3.656069,1
2500,1306.0,0.196386,0.409190,0.659930,0.188672,0.151398,0.028359,0.000881,0.122121,0.151361,2.697125,1
2500,1308.0,0.186693,0.411677,0.727552,0.152562,0.119886,0.028696,0.000676,0.090486,0.119857,1.989405,1
2500,1310.0,0.176986,0.414169,0.778183,0.124579,0.097238,0.029027,0.000541,0.067648,0.097215,1.480601,1
2500,1312.0,0.167269,0.416666,0.815769,0.103152,0.081078,0.029335,0.000454,0.051269,0.081059,1.117108,1
2500,1314.0,0.157539,0.419168,0.843572,0.086843,0.069585,0.029616,0.000400,0.039552,0.069568,0.857965,1
2500,1316.0,0.147796,0.421676,0.864114,0.074462,0.061424,0.029867,0.000368,0.031173,0.061409,0.673211,1
2500,1318.0,0.138043,0.424189,0.879263,0.065092,0.055646,0.030092,0.000351,0.025189,0.055632,0.541582,1
2500,1320.0,0.128276,0.426708,0.890361,0.058047,0.051592,0.030293,0.000343,0.020943,0.051579,0.448304,1
2500,1322.0,0.118497,0.429231,0.898443,0.052782,0.048775,0.030472,0.000342,0.017947,0.048762,0.382498,1
2500,1324.0,0.108706,0.431760,0.904207,0.048922,0.046872,0.030634,0.000346,0.015879,0.046859,0.336956,1
2500,1326.0,0.098903,0.434294,0.908176,0.046176,0.045648,0.030779,0.000352,0.014504,0.045635,0.306431,1
2500,1328.0,0.089088,0.436835,0.910759,0.044313,0.044928,0.030910,0.000361,0.013643,0.044914,0.287005,1
2500,1330.0,0.079261,0.439380,0.912255,0.043159,0.044586,0.031030,0.000371,0.013172,0.044572,0.275893,1
2500,1332.0,0.069422,0.441931,0.912881,0.042586,0.044533,0.031138,0.000382,0.012999,0.044520,0.271120,1
2500,1334.0,0.059570,0.444488,0.912814,0.042484,0.044702,0.031238,0.000393,0.013056,0.044687,0.271142,1
2500,1336.0,0.049707,0.447049,0.912190,0.042771,0.045039,0.031330,0.000405,0.013290,0.045024,0.274829,1
2500,1338.0,0.039831,0.449616,0.911115,0.043377,0.045508,0.031414,0.000417,0.013662,0.045493,0.281329,1
2500,1340.0,0.029943,0.452190,0.909672,0.044249,0.046080,0.031493,0.000429,0.014142,0.046064,0.289995,1
2500,1342.0,0.020043,0.454767,0.907928,0.045340,0.046731,0.031567,0.000440,0.014708,0.046715,0.300333,1
2500,1344.0,0.010131,0.457351,0.905942,0.046613,0.047445,0.031635,0.000452,0.015340,0.047428,0.311947,1
2500,1346.0,0.000207,0.459942,0.903751,0.048039,0.048210,0.031700,0.000464,0.016028,0.048192,0.324567,1
2500,1348.0,-0.009731,0.462538,0.901401,0.049586,0.049013,0.031762,0.000476,0.016757,0.048995,0.337933,1
2500,1350.0,-0.019679,0.465138,0.898914,0.051238,0.049848,0.031820,0.000488,0.017521,0.049829,0.351895,1
2500,1352.0,-0.029640,0.467744,0.896323,0.052969,0.050708,0.031876,0.000500,0.018313,0.050689,0.366282,1
2500,1354.0,-0.039613,0.470356,0.893646,0.054766,0.051588,0.031930,0.000512,0.019127,0.051568,0.380996,1
2500,1356.0,-0.049599,0.472974,0.890896,0.056619,0.052485,0.031982,0.000523,0.019959,0.052465,0.395969,1
2500,1358.0,-0.059596,0.475597,0.888099,0.058506,0.053395,0.032033,0.000535,0.020806,0.053374,0.411089,1
2500,1360.0,-0.069606,0.478226,0.885264,0.060421,0.054316,0.032083,0.000547,0.021664,0.054293,0.426316,1
3000,1240.0,0.578728,0.321573,0.902209,0.020040,0.077751,0.027463,0.001180,0.049085,0.077727,1.309728,1
3000,1242.0,0.569650,0.323855,0.901058,0.019150,0.079792,0.027667,0.001200,0.050901,0.079768,1.350799,1
3000,1244.0,0.560562,0.326141,0.899634,0.018387,0.081978,0.027872,0.001221,0.052861,0.081953,1.395208,1
3000,1246.0,0.551461,0.328431,0.897899,0.017773,0.084328,0.028079,0.001244,0.054980,0.084303,1.443348,1
3000,1248.0,0.542349,0.330727,0.895803,0.017330,0.086866,0.028288,0.001268,0.057284,0.086840,1.495788,1
3000,1250.0,0.533224,0.333026,0.893297,0.017088,0.089614,0.028498,0.001295,0.059794,0.089587,1.553044,1
3000,1252.0,0.524090,0.335331,0.890316,0.017079,0.092605,0.028710,0.001324,0.062543,0.092577,1.615859,1
3000,1254.0,0.514943,0.337641,0.886785,0.017339,0.095876,0.028924,0.001356,0.065567,0.095846,1.685068,1
3000,1256.0,0.505785,0.339955,0.882617,0.017914,0.099469,0.029140,0.001391,0.068907,0.099438,1.761673,1
3000,1258.0,0.496614,0.342273,0.877703,0.018858,0.103439,0.029358,0.001430,0.072619,0.103407,1.846916,1
3000,1260.0,0.487432,0.344596,0.871914,0.020236,0.107851,0.029580,0.001473,0.076765,0.107818,1.942292,1
3000,1262.0,0.478239,0.346925,0.865086,0.022128,0.112786,0.029805,0.001521,0.081426,0.112752,2.049644,1
3000,1264.0,0.469034,0.349258,0.857029,0.024632,0.118339,0.030033,0.001575,0.086694,0.118302,2.171110,1
3000,1266.0,0.459817,0.351595,0.847474,0.027882,0.124645,0.030266,0.001636,0.092704,0.124606,2.309830,1
3000,1268.0,0.450590,0.353938,0.836120,0.032032,0.131848,0.030504,0.001706,0.099597,0.131807,2.469042,1
3000,1270.0,0.441349,0.356285,0.822546,0.037300,0.140154,0.030748,0.001785,0.107576,0.140110,2.653475,1
3000,1272.0,0.432097,0.358637,0.806217,0.043965,0.149818,0.030999,0.001877,0.116895,0.149771,2.868933,1
3000,1274.0,0.422835,0.360994,0.786432,0.052400,0.161168,0.031257,0.001984,0.127877,0.161119,3.122883,1
3000,1276.0,0.413559,0.363355,0.762269,0.063104,0.174627,0.031523,0.002109,0.140942,0.174574,3.424929,1
3000,1278.0,0.404272,0.365723,0.732508,0.076755,0.190737,0.031796,0.002256,0.156626,0.190678,3.787349,1
3000,1280.0,0.394974,0.368094,0.695555,0.094270,0.210176,0.032073,0.002431,0.175608,0.210111,4.225595,1
3000,1282.0,0.385664,0.370470,0.649450,0.116826,0.233724,0.032347,0.002636,0.198669,0.233653,4.757271,1
3000,1284.0,0.376343,0.372852,0.591610,0.146056,0.262335,0.032606,0.002879,0.226771,0.262255,5.403913,1
3000,1286.0,0.367009,0.375238,0.519742,0.183656,0.296602,0.032821,0.003156,0.260536,0.296513,6.178648,1
3000,1288.0,0.357664,0.377629,0.432464,0.231182,0.336354,0.032943,0.003459,0.299852,0.336255,7.077024,1
3000,1290.0,0.348308,0.380025,0.332405,0.288515,0.379080,0.032893,0.003751,0.342325,0.378969,8.040970,1
3000,1292.0,0.338939,0.382427,0.232136,0.350508,0.417356,0.032561,0.003956,0.380719,0.417235,8.900427,1
3000,1294.0,0.329560,0.384833,0.157697,0.404243,0.438060,0.031865,0.003956,0.402115,0.437936,9.356301,1
3000,1296.0,0.320167,0.387244,0.142318,0.430635,0.427047,0.030862,0.003655,0.392412,0.426929,9.087717,1
3000,1298.0,0.310763,0.389660,0.201277,0.417428,0.381295,0.029791,0.003076,0.348326,0.381192,8.029094,1
3000,1300.0,0.301347,0.392082,0.314392,0.370913,0.314695,0.028946,0.002382,0.283285,0.314613,6.499534,1
3000,1302.0,0.291920,0.394508,0.443147,0.310016,0.246838,0.028459,0.001749,0.216567,0.246775,4.945836,1
3000,1304.0,0.282481,0.396939,0.559851,0.250627,0.189522,0.028286,0.001258,0.159931,0.189475,3.635628,1
3000,1306.0,0.273031,0.399376,0.653486,0.200497,0.146017,0.028319,0.000913,0.116749,0.145982,2.641840,1
3000,1308.0,0.263568,0.401818,0.724676,0.160814,0.114510,0.028466,0.000683,0.085335,0.114484,1.922192,1
3000,1310.0,0.254093,0.404266,0.777259,0.130467,0.092275,0.028663,0.000534,0.063056,0.092254,1.413914,1
3000,1312.0,0.244607,0.406717,0.815862,0.107482,0.076656,0.028877,0.000440,0.047320,0.076638,1.056287,1
3000,1314.0,0.235110,0.409175,0.844181,0.090127,0.065691,0.029091,0.000382,0.036203,0.065676,0.804497,1
3000,1316.0,0.225599,0.411637,0.864989,0.077024,0.057987,0.029294,0.000348,0.028331,0.057974,0.626755,1
3000,1318.0,0.216079,0.414105,0.880291,0.067132,0.052578,0.029485,0.000330,0.022751,0.052565,0.501064,1
3000,1320.0,0.206545,0.416578,0.891499,0.059696,0.048805,0.029661,0.000322,0.018811,0.048793,0.412449,1
3000,1322.0,0.196999,0.419056,0.899685,0.054122,0.046193,0.029823,0.000320,0.016038,0.046181,0.350099,1
3000,1324.0,0.187442,0.421540,0.905560,0.050010,0.044430,0.029972,0.000324,0.014122,0.044418,0.306937,1
3000,1326.0,0.177874,0.424027,0.909656,0.047052,0.043292,0.030109,0.000330,0.012841,0.043281,0.277878,1
3000,1328.0,0.168293,0.426522,0.912380,0.045006,0.042614,0.030235,0.000338,0.012029,0.042603,0.259168,1
3000,1330.0,0.158701,0.429022,0.914031,0.043689,0.042279,0.030351,0.000348,0.011568,0.042267,0.248162,1
3000,1332.0,0.149097,0.431526,0.914823,0.042971,0.042206,0.030459,0.000358,0.011377,0.042193,0.243001,1
3000,1334.0,0.139481,0.434037,0.914931,0.042740,0.042329,0.030558,0.000368,0.011390,0.042316,0.242239,1
3000,1336.0,0.129853,0.436551,0.914487,0.042910,0.042603,0.030650,0.000379,0.011561,0.042590,0.244830,1
3000,1338.0,0.120213,0.439071,0.913594,0.043411,0.042994,0.030736,0.000390,0.011855,0.042981,0.249985,1
3000,1340.0,0.110562,0.441598,0.912336,0.044189,0.043476,0.030816,0.000401,0.012245,0.043462,0.257112,1
3000,1342.0,0.100898,0.444129,0.910776,0.045197,0.044027,0.030891,0.000412,0.012710,0.044013,0.265760,1
3000,1344.0,0.091223,0.446666,0.908971,0.046395,0.044634,0.030961,0.000423,0.013235,0.044619,0.275572,1
3000,1346.0,0.081537,0.449209,0.906958,0.047757,0.045285,0.031028,0.000434,0.013808,0.045269,0.286304,1
3000,1348.0,0.071837,0.451758,0.904782,0.049249,0.045970,0.031091,0.000444,0.014419,0.045954,0.297725,1
3000,1350.0,0.062126,0.454310,0.902463,0.050854,0.046683,0.031151,0.000454,0.015062,0.046667,0.309703,1
3000,1352.0,0.052404,0.456868,0.900036,0.052546,0.047418,0.031208,0.000465,0.015729,0.047402,0.322086,1
3000,1354.0,0.042670,0.459433,0.897515,0.054313,0.048172,0.031263,0.000475,0.016417,0.048155,0.334792,1
3000,1356.0,0.032923,0.462003,0.894916,0.056142,0.048942,0.031316,0.000485,0.017123,0.048924,0.347762,1
3000,1358.0,0.023165,0.464578,0.892264,0.058013,0.049723,0.031367,0.000495,0.017843,0.049705,0.360904,1
3000,1360.0,0.013395,0.467159,0.889566,0.059918,0.050516,0.031418,0.000505,0.018575,0.050497,0.374185,1
3500,1240.0,0.651008,0.312785,0.907774,0.021223,0.071003,0.026837,0.001156,0.042989,0.070982,1.179303,1
3500,1242.0,0.642160,0.315025,0.907009,0.020217,0.072774,0.027046,0.001175,0.044531,0.072752,1.214878,1
3500,1244.0,0.633302,0.317269,0.906012,0.019317,0.074671,0.027258,0.001196,0.046195,0.074648,1.253368,1
3500,1246.0,0.624432,0.319517,0.904746,0.018546,0.076708,0.027472,0.001218,0.047995,0.076685,1.295115,1
3500,1248.0,0.615550,0.321770,0.903171,0.017923,0.078906,0.027689,0.001242,0.049951,0.078883,1.340618,1
3500,1250.0,0.606657,0.324027,0.901239,0.017475,0.081286,0.027909,0.001269,0.052083,0.081261,1.390332,1
3500,1252.0,0.597754,0.326289,0.898894,0.017232,0.083874,0.028133,0.001297,0.054418,0.083849,1.444911,1
3500,1254.0,0.588839,0.328556,0.896071,0.017226,0.086703,0.028360,0.001329,0.056988,0.086677,1.505087,1
3500,1256.0,0.579914,0.330827,0.892690,0.017500,0.089810,0.028592,0.001363,0.059827,0.089783,1.571746,1
3500,1258.0,0.570975,0.333102,0.888655,0.018102,0.093243,0.028829,0.001402,0.062984,0.093214,1.645984,1
3500,1260.0,0.562027,0.335381,0.883850,0.019092,0.097058,0.029072,0.001444,0.066512,0.097028,1.729127,1
3500,1262.0,0.553068,0.337666,0.878131,0.020543,0.101326,0.029321,0.001492,0.070482,0.101295,1.822816,1
3500,1264.0,0.544096,0.339956,0.871326,0.022545,0.106129,0.029578,0.001545,0.074973,0.106097,1.928958,1
3500,1266.0,0.535113,0.342249,0.863191,0.025221,0.111588,0.029845,0.001606,0.080103,0.111554,2.050366,1
3500,1268.0,0.526120,0.344548,0.853456,0.028714,0.117830,0.030123,0.001675,0.085996,0.117794,2.189969,1
3500,1270.0,0.517114,0.346851,0.841735,0.033226,0.125039,0.030415,0.001754,0.092832,0.125001,2.352063,1
3500,1272.0,0.508098,0.349159,0.827536,0.039018,0.133446,0.030723,0.001846,0.100836,0.133405,2.541982,1
3500,1274.0,0.499071,0.351471,0.810207,0.046443,0.143350,0.031050,0.001953,0.110303,0.143306,2.766674,1
3500,1276.0,0.490031,0.353788,0.788875,0.055981,0.155145,0.031401,0.002079,0.121617,0.155097,3.035240,1
3500,1278.0,0.480981,0.356111,0.762359,0.068294,0.169346,0.031780,0.002229,0.135286,0.169294,3.359614,1
3500,1280.0,0.471919,0.358438,0.729070,0.084302,0.186628,0.032190,0.002408,0.151973,0.186571,3.755378,1
3500,1282.0,0.462846,0.360769,0.686953,0.105234,0.207813,0.032634,0.002623,0.172492,0.207749,4.241510,1
3500,1284.0,0.453762,0.363106,0.633126,0.132879,0.233995,0.033111,0.002882,0.197931,0.233924,4.843267,1
3500,1286.0,0.444666,0.365447,0.564518,0.169335,0.266147,0.033607,0.003188,0.229272,0.266067,5.582911,1
3500,1288.0,0.435559,0.367792,0.478124,0.217008,0.304868,0.034083,0.003539,0.267155,0.304778,6.473951,1
3500,1290.0,0.426440,0.370143,0.373684,0.277336,0.348980,0.034456,0.003908,0.310513,0.348877,7.488461,1
3500,1292.0,0.417311,0.372500,0.260198,0.347186,0.392616,0.034561,0.004220,0.353721,0.392502,8.489648,1
3500,1294.0,0.408170,0.374860,0.162903,0.414285,0.422811,0.034180,0.004336,0.384175,0.422692,9.176710,1
3500,1296.0,0.399017,0.377225,0.122593,0.455482,0.421925,0.033181,0.004102,0.384526,0.421808,9.141595,1
3500,1298.0,0.389852,0.379595,0.167509,0.450817,0.381674,0.031736,0.003493,0.346341,0.381571,8.195031,1
3500,1300.0,0.380676,0.381971,0.281901,0.403245,0.314854,0.030301,0.002695,0.281775,0.314771,6.636034,1
3500,1302.0,0.371490,0.384351,0.419850,0.335685,0.244465,0.029235,0.001946,0.213223,0.244403,4.998138,1
3500,1304.0,0.362292,0.386736,0.545853,0.268998,0.185149,0.028604,0.001368,0.155132,0.185104,3.619558,1
3500,1306.0,0.353082,0.389126,0.645986,0.213177,0.140837,0.028313,0.000968,0.111522,0.140804,2.590041,1
3500,1308.0,0.343861,0.391521,0.721053,0.169588,0.109358,0.028236,0.000706,0.080391,0.109333,1.858455,1
3500,1310.0,0.334628,0.393922,0.775762,0.136694,0.087544,0.028282,0.000539,0.058703,0.087524,1.350865,1
3500,1312.0,0.325384,0.396327,0.815491,0.112049,0.072460,0.028393,0.000435,0.043617,0.072445,0.999141,1
3500,1314.0,0.316129,0.398737,0.844400,0.093590,0.062010,0.028534,0.000371,0.033091,0.061996,0.754590,1
3500,1316.0,0.306861,0.401152,0.865529,0.079727,0.054744,0.028687,0.000334,0.025711,0.054732,0.583659,1
3500,1318.0,0.297584,0.403573,0.881027,0.069288,0.049685,0.028842,0.000314,0.020518,0.049674,0.463685,1
3500,1320.0,0.288293,0.405999,0.892380,0.061442,0.046178,0.028993,0.000304,0.016870,0.046168,0.379536,1
3500,1322.0,0.278991,0.408429,0.900695,0.055545,0.043760,0.029138,0.000302,0.014309,0.043749,0.320491,1
3500,1324.0,0.269679,0.410864,0.906702,0.051168,0.042130,0.029275,0.000305,0.012539,0.042119,0.279613,1
3500,1326.0,0.260355,0.413304,0.910938,0.047987,0.041075,0.029404,0.000311,0.011350,0.041065,0.251977,1
3500,1328.0,0.251019,0.415751,0.913815,0.045746,0.040440,0.029525,0.000318,0.010586,0.040430,0.233992,1
3500,1330.0,0.241672,0.418202,0.915628,0.044256,0.040116,0.029638,0.000327,0.010140,0.040105,0.223142,1
3500,1332.0,0.232314,0.420658,0.916590,0.043383,0.040026,0.029744,0.000337,0.009935,0.040015,0.217678,1
3500,1334.0,0.222943,0.423121,0.916875,0.043012,0.040113,0.029843,0.000347,0.009912,0.040102,0.216246,1
3500,1336.0,0.213561,0.425586,0.916611,0.043054,0.040334,0.029936,0.000357,0.010030,0.040323,0.217872,1
3500,1338.0,0.204168,0.428058,0.915902,0.043440,0.040658,0.030023,0.000368,0.010256,0.040646,0.221829,1
3500,1340.0,0.194764,0.430536,0.914827,0.044112,0.041061,0.030105,0.000378,0.010566,0.041049,0.227570,1
3500,1342.0,0.185347,0.433018,0.913450,0.045025,0.041525,0.030182,0.000388,0.010943,0.041513,0.234684,1
3500,1344.0,0.175920,0.435505,0.911825,0.046138,0.042037,0.030255,0.000398,0.011372,0.042024,0.242848,1
3500,1346.0,0.166482,0.437999,0.909989,0.047423,0.042587,0.030324,0.000407,0.011843,0.042574,0.251837,1
3500,1348.0,0.157030,0.440498,0.907986,0.048848,0.043166,0.030389,0.000417,0.012347,0.043152,0.261448,1
3500,1350.0,0.147568,0.443001,0.905836,0.050395,0.043769,0.030451,0.000426,0.012878,0.043755,0.271559,1
3500,1352.0,0.138095,0.445510,0.903572,0.052037,0.044391,0.030511,0.000435,0.013431,0.044377,0.282039,1
3500,1354.0,0.128610,0.448024,0.901209,0.053762,0.045029,0.030568,0.000444,0.014002,0.045014,0.292816,1
3500,1356.0,0.119112,0.450544,0.898763,0.055557,0.045680,0.030623,0.000453,0.014589,0.045665,0.303839,1
3500,1358.0,0.109605,0.453069,0.896257,0.057401,0.046342,0.030676,0.000462,0.015189,0.046326,0.315027,1
3500,1360.0,0.100085,0.455600,0.893700,0.059286,0.047014,0.030727,0.000471,0.015800,0.046998,0.326357,1
4000,1240.0,0.724625,0.303835,0.912485,0.022517,0.064998,0.026168,0.001130,0.037682,0.064979,1.064162,1
4000,1242.0,0.716011,0.306033,0.912047,0.021414,0.066539,0.026380,0.001148,0.038991,0.066520,1.095005,1
4000,1244.0,0.707387,0.308233,0.911411,0.020401,0.068188,0.026595,0.001169,0.040404,0.068168,1.128393,1
4000,1246.0,0.698752,0.310438,0.910545,0.019497,0.069958,0.026814,0.001190,0.041933,0.069937,1.164626,1
4000,1248.0,0.690106,0.312648,0.909414,0.018720,0.071866,0.027037,0.001214,0.043594,0.071845,1.204139,1
4000,1250.0,0.681448,0.314861,0.907974,0.018095,0.073931,0.027264,0.001240,0.045404,0.073908,1.247333,1
4000,1252.0,0.672781,0.317079,0.906177,0.017649,0.076174,0.027496,0.001268,0.047388,0.076151,1.294778,1
4000,1254.0,0.664102,0.319302,0.903963,0.017411,0.078625,0.027733,0.001299,0.049570,0.078601,1.347117,1
4000,1256.0,0.655414,0.321529,0.901264,0.017421,0.081315,0.027976,0.001333,0.051982,0.081291,1.405127,1
4000,1258.0,0.646712,0.323760,0.897993,0.017721,0.084286,0.028226,0.001370,0.054664,0.084260,1.469773,1
4000,1260.0,0.638002,0.325996,0.894048,0.018366,0.087586,0.028484,0.001412,0.057663,0.087559,1.542222,1
4000,1262.0,0.629280,0.328236,0.889299,0.019424,0.091277,0.028752,0.001459,0.061038,0.091249,1.623921,1
4000,1264.0,0.620546,0.330482,0.883595,0.020975,0.095430,0.029031,0.001512,0.064859,0.095401,1.716560,1
4000,1266.0,0.611802,0.332730,0.876718,0.023132,0.100151,0.029324,0.001571,0.069225,0.100120,1.822632,1
4000,1268.0,0.603048,0.334985,0.868424,0.026025,0.105551,0.029632,0.001640,0.074247,0.105519,1.944754,1
4000,1270.0,0.594281,0.337243,0.858367,0.029841,0.111793,0.029961,0.001718,0.080080,0.111758,2.086773,1
4000,1272.0,0.585504,0.339505,0.846100,0.034820,0.119080,0.030313,0.001809,0.086921,0.119043,2.253505,1
4000,1274.0,0.576717,0.341773,0.831027,0.041292,0.127682,0.030695,0.001916,0.095032,0.127643,2.451281,1
4000,1276.0,0.567917,0.344044,0.812339,0.049707,0.137954,0.031113,0.002042,0.104757,0.137912,2.688501,1
4000,1278.0,0.559107,0.346322,0.788927,0.060698,0.150375,0.031577,0.002193,0.116559,0.150329,2.976380,1
4000,1280.0,0.550287,0.348603,0.759264,0.075156,0.165580,0.032096,0.002375,0.131059,0.165530,3.329942,1
4000,1282.0,0.541455,0.350888,0.721301,0.094314,0.184384,0.032681,0.002596,0.149051,0.184328,3.768315,1
4000,1284.0,0.532613,0.353179,0.672047,0.120023,0.207931,0.033346,0.002866,0.171656,0.207868,4.318375,1
4000,1286.0,0.523758,0.355475,0.607943,0.154638,0.237419,0.034093,0.003194,0.200061,0.237348,5.008257,1
4000,1288.0,0.514894,0.357774,0.524758,0.201222,0.274020,0.034907,0.003585,0.235447,0.273939,5.865324,1
4000,1290.0,0.506018,0.360078,0.419581,0.262659,0.317760,0.035722,0.004024,0.277920,0.317666,6.889779,1
4000,1292.0,0.497131,0.362389,0.297096,0.338249,0.364654,0.036354,0.004447,0.323748,0.364549,7.987074,1
4000,1294.0,0.488234,0.364702,0.179072,0.417850,0.403078,0.036466,0.004703,0.361795,0.402964,8.882810,1
4000,1296.0,0.479325,0.367021,0.111064,0.475822,0.413114,0.035680,0.004578,0.372741,0.412999,9.107812,1
4000,1298.0,0.470404,0.369344,0.136332,0.483271,0.380397,0.033972,0.003970,0.342352,0.380294,8.325467,1
4000,1300.0,0.461473,0.371673,0.248472,0.436790,0.314738,0.031911,0.003068,0.279675,0.314655,6.769071,1
4000,1302.0,0.452531,0.374006,0.394944,0.362790,0.242266,0.030170,0.002189,0.209846,0.242205,5.055058,1
4000,1304.0,0.443578,0.376343,0.530611,0.288337,0.181052,0.029000,0.001507,0.150500,0.181008,3.608472,1
4000,1306.0,0.434614,0.378686,0.637623,0.226404,0.135973,0.028334,0.001042,0.106565,0.135941,2.543145,1
4000,1308.0,0.425639,0.381034,0.716795,0.178664,0.104541,0.028007,0.000742,0.075768,0.104517,1.799796,1
4000,1310.0,0.416652,0.383387,0.773758,0.143098,0.083144,0.027889,0.000553,0.054684,0.083126,1.292954,1
4000,1312.0,0.407655,0.385744,0.814691,0.116733,0.068576,0.027889,0.000437,0.040235,0.068561,0.946963,1
4000,1314.0,0.398646,0.388107,0.844248,0.097140,0.058611,0.027956,0.000366,0.030277,0.058599,0.709321,1
4000,1316.0,0.389625,0.390474,0.865745,0.082500,0.051755,0.028058,0.000325,0.023361,0.051744,0.544814,1
4000,1318.0,0.380596,0.392846,0.881475,0.071506,0.047020,0.028178,0.000302,0.018530,0.047009,0.430188,1
4000,1320.0,0.371554,0.395223,0.893000,0.063243,0.043758,0.028305,0.000291,0.015153,0.043748,0.350195,1
4000,1322.0,0.362500,0.397605,0.901466,0.057016,0.041517,0.028433,0.000287,0.012788,0.041508,0.294224,1
4000,1324.0,0.353436,0.399992,0.907621,0.052369,0.040010,0.028558,0.000289,0.011154,0.040001,0.255477,1
4000,1326.0,0.344361,0.402383,0.912008,0.048959,0.039033,0.028679,0.000294,0.010051,0.039024,0.229190,1
4000,1328.0,0.335275,0.404781,0.915042,0.046518,0.038440,0.028795,0.000301,0.009335,0.038431,0.211918,1
4000,1330.0,0.326177,0.407183,0.917020,0.044851,0.038130,0.028905,0.000310,0.008905,0.038120,0.201273,1
4000,1332.0,0.317069,0.409590,0.918152,0.043817,0.038031,0.029010,0.000319,0.008692,0.038021,0.195601,1
4000,1334.0,0.307949,0.412003,0.918611,0.043299,0.038090,0.029109,0.000329,0.008642,0.038080,0.193633,1
4000,1336.0,0.298818,0.414419,0.918524,0.043207,0.038268,0.029203,0.000338,0.008717,0.038258,0.194461,1
4000,1338.0,0.289676,0.416841,0.917993,0.043470,0.038538,0.029291,0.000348,0.008888,0.038527,0.197409,1
4000,1340.0,0.280523,0.419269,0.917095,0.044029,0.038876,0.029375,0.000358,0.009132,0.038866,0.201972,1
4000,1342.0,0.271358,0.421701,0.915893,0.044839,0.039268,0.029455,0.000367,0.009435,0.039257,0.207774,1
4000,1344.0,0.262184,0.424138,0.914441,0.045858,0.039701,0.029530,0.000376,0.009783,0.039690,0.214516,1
4000,1346.0,0.252997,0.426582,0.912776,0.047058,0.040166,0.029602,0.000385,0.010167,0.040154,0.221997,1
4000,1348.0,0.243799,0.429031,0.910938,0.048406,0.040656,0.029670,0.000394,0.010580,0.040644,0.230030,1
4000,1350.0,0.234590,0.431483,0.908949,0.049884,0.041166,0.029735,0.000403,0.011016,0.041154,0.238506,1
4000,1352.0,0.225370,0.433941,0.906841,0.051467,0.041692,0.029797,0.000411,0.011471,0.041679,0.247308,1
4000,1354.0,0.216139,0.436404,0.904630,0.053140,0.042230,0.029857,0.000419,0.011941,0.042217,0.256372,1
4000,1356.0,0.206896,0.438874,0.902330,0.054890,0.042779,0.029914,0.000427,0.012425,0.042766,0.265651,1
4000,1358.0,0.197643,0.441347,0.899965,0.056698,0.043337,0.029969,0.000435,0.012919,0.043324,0.275078,1
4000,1360.0,0.188378,0.443827,0.897544,0.058553,0.043903,0.030023,0.000443,0.013423,0.043889,0.284630,1
4500,1240.0,0.798332,0.294874,0.916409,0.023874,0.059717,0.025471,0.001101,0.033127,0.059700,0.963962,1
4500,1242.0,0.789953,0.297029,0.916241,0.022694,0.061065,0.025685,0.001120,0.034243,0.061047,0.990800,1
4500,1244.0,0.781564,0.299186,0.915907,0.021587,0.062506,0.025902,0.001139,0.035446,0.062488,1.019868,1
4500,1246.0,0.773164,0.301348,0.915376,0.020573,0.064051,0.026123,0.001161,0.036748,0.064032,1.051430,1
4500,1248.0,0.764753,0.303514,0.914617,0.019667,0.065716,0.026349,0.001184,0.038163,0.065697,1.085866,1
4500,1250.0,0.756332,0.305684,0.913592,0.018893,0.067515,0.026580,0.001209,0.039706,0.067495,1.123527,1
4500,1252.0,0.747901,0.307858,0.912257,0.018274,0.069469,0.026817,0.001237,0.041395,0.069448,1.164914,1
4500,1254.0,0.739459,0.310037,0.910560,0.017838,0.071602,0.027060,0.001267,0.043254,0.071580,1.210590,1
4500,1256.0,0.731007,0.312220,0.908440,0.017619,0.073941,0.027311,0.001300,0.045308,0.073919,1.261237,1
4500,1258.0,0.722543,0.314408,0.905820,0.017658,0.076522,0.027570,0.001337,0.047592,0.076499,1.317702,1
4500,1260.0,0.714070,0.316599,0.902610,0.018003,0.079387,0.027839,0.001378,0.050147,0.079363,1.381011,1
4500,1262.0,0.705586,0.318795,0.898694,0.018716,0.082590,0.028119,0.001424,0.053022,0.082565,1.452440,1
4500,1264.0,0.697091,0.320996,0.893937,0.019870,0.086193,0.028414,0.001475,0.056278,0.086167,1.533478,1
4500,1266.0,0.688585,0.323199,0.888147,0.021567,0.090286,0.028725,0.001534,0.060000,0.090259,1.626329,1
4500,1268.0,0.680070,0.325409,0.881104,0.023928,0.094968,0.029055,0.001601,0.064283,0.094939,1.733314,1
4500,1270.0,0.671543,0.327622,0.872500,0.027120,0.100380,0.029411,0.001678,0.069261,0.100350,1.857852,1
4500,1272.0,0.663006,0.329840,0.861933,0.031365,0.106702,0.029795,0.001768,0.075106,0.106669,2.004251,1
4500,1274.0,0.654459,0.332062,0.848861,0.036967,0.114172,0.030218,0.001873,0.082046,0.114137,2.178209,1
4500,1276.0,0.645900,0.334288,0.832548,0.044345,0.123107,0.030686,0.001998,0.090385,0.123069,2.387352,1
4500,1278.0,0.637331,0.336520,0.811971,0.054090,0.133939,0.031214,0.002149,0.100536,0.133898,2.641992,1
4500,1280.0,0.628751,0.338756,0.785694,0.067051,0.147255,0.031817,0.002331,0.113062,0.147210,2.956199,1
4500,1282.0,0.620161,0.340996,0.751749,0.084426,0.163825,0.032512,0.002554,0.128709,0.163775,3.348434,1
4500,1284.0,0.611561,0.343241,0.707168,0.108057,0.184775,0.033327,0.002830,0.148562,0.184719,3.845609,1
4500,1286.0,0.602949,0.345490,0.648169,0.140425,0.211405,0.034281,0.003173,0.173888,0.211341,4.478847,1
4500,1288.0,0.594327,0.347743,0.569726,0.185027,0.245247,0.035388,0.003594,0.206192,0.245173,5.284715,1
4500,1290.0,0.585694,0.350001,0.466818,0.245916,0.287266,0.036615,0.004091,0.246475,0.287181,6.286154,1
4500,1292.0,0.577051,0.352265,0.339819,0.324847,0.335334,0.037798,0.004616,0.292822,0.335236,7.431717,1
4500,1294.0,0.568397,0.354532,0.205065,0.414934,0.380001,0.038533,0.005022,0.336336,0.379892,8.494643,1
4500,1296.0,0.559732,0.356804,0.108953,0.490321,0.400727,0.038183,0.005045,0.357386,0.400614,8.982667,1
4500,1298.0,0.551056,0.359080,0.109570,0.513247,0.377183,0.036389,0.004482,0.336209,0.377080,8.409778,1
4500,1300.0,0.542369,0.361362,0.215224,0.470581,0.314195,0.033726,0.003488,0.276898,0.314112,6.893063,1
4500,1302.0,0.533672,0.363648,0.368988,0.390791,0.240221,0.031238,0.002467,0.206455,0.240160,5.115021,1
4500,1304.0,0.524965,0.365938,0.514436,0.308301,0.177263,0.029458,0.001670,0.146092,0.177219,3.602363,1
4500,1306.0,0.516247,0.368234,0.628590,0.239942,0.131468,0.028374,0.001130,0.101933,0.131437,2.501646,1
4500,1308.0,0.507518,0.370534,0.712028,0.187875,0.100097,0.027777,0.000787,0.071510,0.100074,1.746784,1
4500,1310.0,0.498777,0.372839,0.771335,0.149560,0.079105,0.027486,0.000574,0.051028,0.079088,1.240658,1
4500,1312.0,0.490027,0.375148,0.813529,0.121446,0.065025,0.027374,0.000444,0.037194,0.065011,0.900099,1
4500,1314.0,0.481266,0.377463,0.843778,0.100711,0.055512,0.027366,0.000365,0.027769,0.055500,0.668919,1
4500,1316.0,0.472493,0.379782,0.865676,0.085293,0.049031,0.027418,0.000319,0.021284,0.049021,0.510358,1
4500,1318.0,0.463711,0.382106,0.881666,0.073743,0.044591,0.027503,0.000293,0.016786,0.044582,0.400647,1
4500,1320.0,0.454917,0.384435,0.893385,0.065064,0.041551,0.027607,0.000280,0.013656,0.041542,0.324457,1
4500,1322.0,0.446112,0.386768,0.902019,0.058509,0.039472,0.027718,0.000275,0.011470,0.039464,0.271294,1
4500,1324.0,0.437297,0.389106,0.908331,0.053592,0.038076,0.027832,0.000276,0.009959,0.038068,0.234504,1
4500,1326.0,0.428471,0.391448,0.912876,0.049953,0.037171,0.027946,0.000281,0.008936,0.037163,0.209469,1
4500,1328.0,0.419635,0.393797,0.916070,0.047311,0.036619,0.028058,0.000287,0.008266,0.036611,0.192888,1
4500,1330.0,0.410787,0.396150,0.918212,0.045464,0.036324,0.028166,0.000295,0.007855,0.036315,0.182483,1
4500,1332.0,0.401929,0.398507,0.919511,0.044268,0.036221,0.028269,0.000304,0.007639,0.036212,0.176689,1
4500,1334.0,0.393060,0.400871,0.920139,0.043601,0.036260,0.028368,0.000313,0.007570,0.036251,0.174314,1
4500,1336.0,0.384180,0.403238,0.920222,0.043372,0.036405,0.028463,0.000322,0.007611,0.036396,0.174504,1
4500,1338.0,0.375290,0.405610,0.919861,0.043508,0.036632,0.028553,0.000331,0.007738,0.036622,0.176632,1
4500,1340.0,0.366388,0.407988,0.919131,0.043950,0.036919,0.028639,0.000341,0.007930,0.036909,0.180229,1
4500,1342.0,0.357476,0.410370,0.918096,0.044651,0.037253,0.028720,0.000350,0.008173,0.037243,0.184945,1
4500,1344.0,0.348554,0.412757,0.916807,0.045571,0.037622,0.028798,0.000358,0.008455,0.037612,0.190509,1
4500,1346.0,0.339620,0.415151,0.915302,0.046680,0.038018,0.028872,0.000367,0.008769,0.038008,0.196733,1
4500,1348.0,0.330675,0.417549,0.913620,0.047945,0.038436,0.028943,0.000375,0.009107,0.038425,0.203447,1
4500,1350.0,0.321720,0.419951,0.911783,0.049347,0.038870,0.029011,0.000383,0.009465,0.038859,0.210551,1
4500,1352.0,0.312754,0.422358,0.909821,0.050862,0.039317,0.029076,0.000391,0.009839,0.039306,0.217940,1
4500,1354.0,0.303777,0.424770,0.907752,0.052474,0.039774,0.029138,0.000398,0.010226,0.039762,0.225556,1
4500,1356.0,0.294788,0.427189,0.905589,0.054172,0.040239,0.029198,0.000406,0.010624,0.040228,0.233355,1
4500,1358.0,0.285790,0.429611,0.903355,0.055934,0.040711,0.029256,0.000413,0.011031,0.040699,0.241280,1
4500,1360.0,0.276781,0.432039,0.901060,0.057751,0.041189,0.029312,0.000420,0.011445,0.041177,0.249310,1
5000,1240.0,0.871251,0.286009,0.919647,0.025258,0.055094,0.024762,0.001072,0.029245,0.055079,0.877374,1
5000,1242.0,0.863104,0.288121,0.919702,0.024016,0.056281,0.024975,0.001090,0.030201,0.056265,0.900852,1
5000,1244.0,0.854947,0.290236,0.919616,0.022835,0.057549,0.025192,0.001109,0.031231,0.057532,0.926296,1
5000,1246.0,0.846780,0.292355,0.919362,0.021731,0.058906,0.025414,0.001130,0.032346,0.058889,0.953936,1
5000,1248.0,0.838602,0.294478,0.918913,0.020719,0.060368,0.025641,0.001152,0.033557,0.060351,0.984108,1
5000,1250.0,0.830415,0.296604,0.918235,0.019819,0.061946,0.025874,0.001177,0.034878,0.061928,1.017120,1
5000,1252.0,0.822217,0.298736,0.917287,0.019054,0.063659,0.026113,0.001203,0.036324,0.063640,1.053414,1
5000,1254.0,0.814009,0.300872,0.916025,0.018449,0.065526,0.026359,0.001233,0.037914,0.065507,1.093485,1
5000,1256.0,0.805792,0.303011,0.914392,0.018036,0.067572,0.026614,0.001265,0.039673,0.067552,1.137931,1
5000,1258.0,0.797563,0.305155,0.912322,0.017850,0.069828,0.026879,0.001301,0.041628,0.069807,1.187500,1
5000,1260.0,0.789325,0.307302,0.909734,0.017936,0.072330,0.027154,0.001341,0.043813,0.072309,1.243096,1
5000,1262.0,0.781076,0.309455,0.906525,0.018350,0.075125,0.027443,0.001386,0.046274,0.075103,1.305843,1
5000,1264.0,0.772817,0.311611,0.902574,0.019159,0.078267,0.027748,0.001436,0.049060,0.078244,1.377057,1
5000,1266.0,0.764548,0.313771,0.897711,0.020455,0.081834,0.028071,0.001494,0.052245,0.081810,1.458682,1
5000,1268.0,0.756269,0.315936,0.891741,0.022347,0.085912,0.028416,0.001559,0.055911,0.085886,1.552777,1
5000,1270.0,0.747979,0.318105,0.884386,0.024989,0.090625,0.028790,0.001635,0.060173,0.090598,1.662374,1
5000,1272.0,0.739679,0.320278,0.875286,0.028584,0.096130,0.029197,0.001723,0.065181,0.096100,1.791312,1
5000,1274.0,0.731369,0.322456,0.863956,0.033409,0.102635,0.029648,0.001826,0.071131,0.102604,1.944684,1
5000,1276.0,0.723049,0.324637,0.849725,0.039851,0.110424,0.030152,0.001949,0.078289,0.110390,2.129356,1
5000,1278.0,0.714718,0.326824,0.831661,0.048459,0.119880,0.030726,0.002097,0.087021,0.119844,2.354692,1
5000,1280.0,0.706377,0.329014,0.808435,0.060030,0.131535,0.031388,0.002278,0.097829,0.131495,2.633633,1
5000,1282.0,0.698025,0.331209,0.778197,0.075703,0.146100,0.032164,0.002500,0.111391,0.146056,2.983522,1
5000,1284.0,0.689665,0.333408,0.738092,0.097267,0.164641,0.033091,0.002779,0.128722,0.164591,3.430298,1
5000,1286.0,0.681292,0.335612,0.684303,0.127226,0.188471,0.034205,0.003129,0.151080,0.188414,4.005930,1
5000,1288.0,0.672910,0.337819,0.611387,0.169309,0.219304,0.035548,0.003568,0.180121,0.219238,4.752134,1
5000,1290.0,0.664518,0.340032,0.512835,0.228411,0.258754,0.037130,0.004109,0.217437,0.258677,5.708167,1
5000,1292.0,0.656115,0.342250,0.385266,0.308454,0.306280,0.038833,0.004721,0.262636,0.306190,6.860672,1
5000,1294.0,0.647703,0.344471,0.238668,0.406366,0.354966,0.040247,0.005275,0.309342,0.354863,8.041053,1
5000,1296.0,0.639279,0.346696,0.116316,0.498424,0.385261,0.040525,0.005473,0.339154,0.385151,8.772930,1
5000,1298.0,0.630845,0.348926,0.088570,0.539515,0.371915,0.038869,0.005000,0.327943,0.371812,8.441724,1
5000,1300.0,0.622400,0.351161,0.183150,0.503753,0.313097,0.035686,0.003939,0.273388,0.313013,7.003398,1
5000,1302.0,0.613946,0.353401,0.342481,0.419226,0.238293,0.032411,0.002772,0.203049,0.238232,5.176509,1
5000,1304.0,0.605481,0.355644,0.497605,0.328617,0.173778,0.029963,0.001848,0.141924,0.173735,3.600888,1
5000,1306.0,0.597006,0.357893,0.619064,0.253612,0.127324,0.028427,0.001228,0.097639,0.127294,2.465510,1
5000,1308.0,0.588521,0.360146,0.706877,0.197099,0.096024,0.027545,0.000838,0.067620,0.096003,1.699396,1
5000,1310.0,0.580024,0.362404,0.768584,0.155995,0.075421,0.027075,0.000600,0.047730,0.075405,1.193880,1
5000,1312.0,0.571518,0.364666,0.812077,0.126126,0.061797,0.026851,0.000455,0.034478,0.061784,0.858377,1
5000,1314.0,0.563002,0.366933,0.843046,0.104254,0.052700,0.026770,0.000368,0.025551,0.052689,0.633161,1
5000,1316.0,0.554473,0.369204,0.865371,0.088067,0.046562,0.026774,0.000316,0.019462,0.046552,0.480042,1
5000,1318.0,0.545937,0.371480,0.881642,0.075970,0.042388,0.026827,0.000287,0.015266,0.042379,0.374799,1
5000,1320.0,0.537389,0.373761,0.893571,0.066882,0.039547,0.026908,0.000272,0.012360,0.039539,0.302052,1
5000,1322.0,0.528830,0.376047,0.902383,0.060004,0.037613,0.027004,0.000266,0.010336,0.037605,0.251429,1
5000,1324.0,0.520261,0.378337,0.908861,0.054821,0.036318,0.027108,0.000265,0.008937,0.036310,0.216415,1
5000,1326.0,0.511682,0.380630,0.913566,0.050956,0.035478,0.027215,0.000269,0.007987,0.035471,0.192532,1
5000,1328.0,0.503092,0.382931,0.916920,0.048116,0.034964,0.027322,0.000275,0.007359,0.034956,0.176606,1
5000,1330.0,0.494492,0.385235,0.919224,0.046090,0.034685,0.027428,0.000282,0.006968,0.034678,0.166462,1
5000,1332.0,0.485882,0.387544,0.920686,0.044732,0.034582,0.027530,0.000290,0.006753,0.034574,0.160616,1
5000,1334.0,0.477261,0.389858,0.921476,0.043917,0.034607,0.027629,0.000299,0.006670,0.034599,0.157940,1
5000,1336.0,0.468629,0.392176,0.921722,0.043550,0.034728,0.027724,0.000308,0.006687,0.034719,0.157634,1
5000,1338.0,0.459988,0.394499,0.921521,0.043558,0.034921,0.027816,0.000317,0.006779,0.034912,0.159107,1
5000,1340.0,0.451335,0.396828,0.920951,0.043881,0.035168,0.027903,0.000326,0.006930,0.035159,0.161925,1
5000,1342.0,0.442673,0.399160,0.920073,0.044472,0.035456,0.027987,0.000334,0.007125,0.035447,0.165762,1
5000,1344.0,0.434000,0.401498,0.918937,0.045289,0.035774,0.028067,0.000343,0.007355,0.035765,0.170368,1
5000,1346.0,0.425317,0.403842,0.917581,0.046303,0.036116,0.028144,0.000351,0.007612,0.036107,0.175565,1
5000,1348.0,0.416622,0.406190,0.916044,0.047480,0.036476,0.028217,0.000359,0.007891,0.036467,0.181201,1
5000,1350.0,0.407917,0.408542,0.914348,0.048802,0.036850,0.028288,0.000367,0.008186,0.036840,0.187181,1
5000,1352.0,0.399202,0.410899,0.912523,0.050244,0.037234,0.028355,0.000374,0.008495,0.037224,0.193411,1
5000,1354.0,0.390477,0.413261,0.910584,0.051790,0.037625,0.028420,0.000381,0.008814,0.037615,0.199837,1
5000,1356.0,0.381741,0.415629,0.908547,0.053429,0.038024,0.028482,0.000388,0.009143,0.038013,0.206418,1
5000,1358.0,0.372995,0.418000,0.906434,0.055139,0.038427,0.028543,0.000394,0.009479,0.038416,0.213103,1
5000,1360.0,0.364238,0.420378,0.904256,0.056910,0.038834,0.028601,0.000401,0.009822,0.038824,0.219873,1
6000,1240.0,1.012476,0.268840,0.924495,0.028005,0.047500,0.023343,0.001011,0.023133,0.047487,0.738341,1
6000,1242.0,1.004778,0.270869,0.924880,0.026680,0.048441,0.023552,0.001027,0.023848,0.048427,0.756656,1
6000,1244.0,0.997071,0.272902,0.925165,0.025392,0.049443,0.023766,0.001046,0.024618,0.049429,0.776529,1
6000,1246.0,0.989354,0.274937,0.925328,0.024156,0.050515,0.023985,0.001065,0.025451,0.050501,0.798142,1
6000,1248.0,0.981628,0.276977,0.925349,0.022984,0.051667,0.024210,0.001086,0.026356,0.051652,0.821758,1
6000,1250.0,0.973892,0.279021,0.925198,0.021894,0.052908,0.024441,0.001109,0.027342,0.052893,0.847620,1
6000,1252.0,0.966148,0.281068,0.924844,0.020904,0.054252,0.024680,0.001135,0.028422,0.054237,0.876077,1
6000,1254.0,0.958393,0.283120,0.924249,0.020036,0.055715,0.024927,0.001162,0.029610,0.055699,0.907518,1
6000,1256.0,0.950629,0.285176,0.923369,0.019315,0.057315,0.025184,0.001193,0.030922,0.057299,0.942412,1
6000,1258.0,0.942855,0.287235,0.922152,0.018773,0.059076,0.025451,0.001227,0.032381,0.059059,0.981348,1
6000,1260.0,0.935072,0.289297,0.920530,0.018445,0.061025,0.025731,0.001264,0.034011,0.061007,1.025039,1
6000,1262.0,0.927280,0.291365,0.918423,0.018379,0.063197,0.026027,0.001307,0.035846,0.063179,1.074368,1
6000,1264.0,0.919478,0.293436,0.915734,0.018631,0.065635,0.026339,0.001354,0.037922,0.065616,1.130373,1
6000,1266.0,0.911666,0.295510,0.912326,0.019276,0.068398,0.026673,0.001408,0.040296,0.068378,1.194588,1
6000,1268.0,0.903845,0.297590,0.908043,0.020406,0.071551,0.027033,0.001470,0.043027,0.071530,1.268638,1
6000,1270.0,0.896013,0.299672,0.902662,0.022148,0.075190,0.027424,0.001542,0.046203,0.075168,1.354926,1
6000,1272.0,0.888173,0.301759,0.895893,0.024671,0.079436,0.027854,0.001625,0.049934,0.079412,1.456502,1
6000,1274.0,0.880324,0.303850,0.887341,0.028209,0.084450,0.028333,0.001723,0.054369,0.084425,1.577437,1
6000,1276.0,0.872464,0.305944,0.876461,0.033087,0.090452,0.028875,0.001840,0.059710,0.090425,1.723252,1
6000,1278.0,0.864594,0.308044,0.862481,0.039773,0.097746,0.029498,0.001981,0.066237,0.097716,1.901563,1
6000,1280.0,0.856716,0.310147,0.844292,0.048954,0.106754,0.030227,0.002154,0.074341,0.106722,2.123054,1
6000,1282.0,0.848827,0.312254,0.820305,0.061633,0.118062,0.031094,0.002370,0.084562,0.118026,2.402415,1
6000,1284.0,0.840930,0.314366,0.788010,0.079420,0.132570,0.032152,0.002642,0.097736,0.132530,2.762326,1
6000,1286.0,0.833022,0.316482,0.743842,0.104685,0.151473,0.033462,0.002991,0.114975,0.151427,3.232856,1
6000,1288.0,0.825105,0.318600,0.682279,0.141209,0.176513,0.035110,0.003443,0.137907,0.176459,3.857876,1
6000,1290.0,0.817178,0.320724,0.595415,0.194691,0.209893,0.037188,0.004028,0.168614,0.209830,4.692921,1
6000,1292.0,0.809242,0.322853,0.474778,0.272053,0.253169,0.039711,0.004756,0.208627,0.253093,5.777234,1
6000,1294.0,0.801296,0.324984,0.318432,0.377495,0.304074,0.042405,0.005553,0.256027,0.303984,7.054222,1
6000,1296.0,0.793340,0.327121,0.155278,0.496566,0.348156,0.044257,0.006127,0.297672,0.348055,8.160684,1
6000,1298.0,0.785374,0.329261,0.066570,0.577893,0.355538,0.043560,0.005962,0.305916,0.355438,8.345043,1
6000,1300.0,0.777398,0.331406,0.125736,0.565381,0.308883,0.039785,0.004871,0.264144,0.308799,7.169937,1
6000,1302.0,0.769414,0.333555,0.289489,0.475899,0.234612,0.034951,0.003427,0.196172,0.234550,5.298755,1
6000,1304.0,0.761419,0.335708,0.462877,0.369492,0.167631,0.031056,0.002233,0.134301,0.167589,3.609829,1
6000,1306.0,0.753415,0.337866,0.599114,0.280850,0.120035,0.028545,0.001438,0.090024,0.120007,2.407968,1
6000,1308.0,0.745401,0.340028,0.695835,0.215265,0.088899,0.027069,0.000949,0.060862,0.088880,1.620059,1
6000,1310.0,0.737377,0.342194,0.762421,0.168565,0.069015,0.026243,0.000657,0.042100,0.069000,1.115259,1
6000,1312.0,0.729344,0.344364,0.808561,0.135231,0.056207,0.025801,0.000482,0.029913,0.056196,0.788630,1
6000,1314.0,0.721301,0.346539,0.841018,0.111143,0.047839,0.025582,0.000377,0.021870,0.047830,0.573835,1
6000,1316.0,0.713247,0.348718,0.864239,0.093470,0.042291,0.025497,0.000315,0.016471,0.042284,0.430135,1
6000,1318.0,0.705186,0.350902,0.881107,0.080320,0.038572,0.025491,0.000279,0.012795,0.038565,0.332562,1
6000,1320.0,0.697114,0.353090,0.893485,0.070446,0.036069,0.025532,0.000260,0.010271,0.036063,0.265695,1
6000,1322.0,0.689031,0.355282,0.902672,0.062948,0.034380,0.025601,0.000251,0.008521,0.034374,0.219405,1
6000,1324.0,0.680939,0.357479,0.909489,0.057256,0.033256,0.025687,0.000249,0.007313,0.033249,0.187432,1
6000,1326.0,0.672838,0.359679,0.914516,0.052955,0.032529,0.025782,0.000250,0.006489,0.032522,0.165550,1
6000,1328.0,0.664727,0.361886,0.918186,0.049732,0.032082,0.025882,0.000255,0.005939,0.032076,0.150807,1
6000,1330.0,0.656606,0.364096,0.920801,0.047363,0.031837,0.025983,0.000261,0.005586,0.031831,0.141203,1
6000,1332.0,0.648475,0.366310,0.922570,0.045690,0.031739,0.026084,0.000269,0.005381,0.031733,0.135390,1
6000,1334.0,0.640334,0.368530,0.923666,0.044585,0.031749,0.026182,0.000276,0.005284,0.031743,0.132349,1
6000,1336.0,0.632184,0.370753,0.924213,0.043948,0.031838,0.026279,0.000285,0.005268,0.031831,0.131365,1
6000,1338.0,0.624024,0.372980,0.924310,0.043704,0.031986,0.026372,0.000293,0.005314,0.031979,0.131915,1
6000,1340.0,0.615854,0.375214,0.924031,0.043791,0.032177,0.026463,0.000301,0.005407,0.032170,0.133613,1
6000,1342.0,0.607674,0.377450,0.923438,0.044161,0.032401,0.026550,0.000309,0.005535,0.032394,0.136175,1
6000,1344.0,0.599486,0.379692,0.922580,0.044772,0.032648,0.026633,0.000317,0.005690,0.032641,0.139383,1
6000,1346.0,0.591287,0.381939,0.921494,0.045592,0.032914,0.026714,0.000324,0.005867,0.032906,0.143080,1
6000,1348.0,0.583077,0.384191,0.920219,0.046590,0.033192,0.026792,0.000332,0.006060,0.033184,0.147138,1
6000,1350.0,0.574858,0.386446,0.918776,0.047745,0.033479,0.026867,0.000339,0.006266,0.033471,0.151471,1
6000,1352.0,0.566630,0.388705,0.917194,0.049032,0.033774,0.026939,0.000346,0.006482,0.033766,0.156000,1
6000,1354.0,0.558392,0.390970,0.915490,0.050437,0.034073,0.027008,0.000352,0.006705,0.034065,0.160679,1
6000,1356.0,0.550143,0.393240,0.913677,0.051946,0.034376,0.027075,0.000358,0.006935,0.034368,0.165472,1
6000,1358.0,0.541886,0.395514,0.911779,0.053539,0.034682,0.027139,0.000365,0.007169,0.034673,0.170337,1
6000,1360.0,0.533618,0.397793,0.909805,0.055206,0.034989,0.027202,0.000370,0.007408,0.034980,0.175256,1
7000,1240.0,1.145463,0.252672,0.927766,0.030624,0.041610,0.021969,0.000950,0.018680,0.041599,0.634372,0
7000,1242.0,1.138188,0.254624,0.928369,0.029254,0.042377,0.022171,0.000965,0.019229,0.042366,0.649046,0
7000,1244.0,1.130905,0.256578,0.928905,0.027902,0.043194,0.022379,0.000982,0.019821,0.043182,0.664990,0
7000,1246.0,1.123613,0.258536,0.929353,0.026582,0.044065,0.022592,0.001001,0.020461,0.044053,0.682351,0
7000,1248.0,1.116312,0.260498,0.929698,0.025302,0.045000,0.022812,0.001020,0.021156,0.044988,0.701343,0
7000,1250.0,1.109001,0.262462,0.929913,0.024082,0.046005,0.023038,0.001042,0.021913,0.045993,0.722162,0
7000,1252.0,1.101683,0.264431,0.929974,0.022933,0.047092,0.023272,0.001066,0.022742,0.047079,0.745090,0
7000,1254.0,1.094355,0.266404,0.929851,0.021877,0.048272,0.023514,0.001092,0.023653,0.048259,0.770440,0
7000,1256.0,1.087019,0.268380,0.929506,0.020934,0.049561,0.023767,0.001120,0.024660,0.049547,0.798590,0
7000,1258.0,1.079673,0.270360,0.928895,0.020130,0.050975,0.024031,0.001152,0.025778,0.050961,0.830016,0
7000,1260.0,1.072320,0.272342,0.927966,0.019497,0.052538,0.024308,0.001187,0.027028,0.052523,0.865293,0
7000,1262.0,1.064957,0.274330,0.926651,0.019073,0.054276,0.024601,0.001227,0.028434,0.054261,0.905132,0
7000,1264.0,1.057584,0.276321,0.924870,0.018907,0.056223,0.024912,0.001271,0.030024,0.056207,0.950368,0
7000,1266.0,1.050203,0.278314,0.922515,0.019061,0.058424,0.025245,0.001322,0.031841,0.058407,1.002240,0
7000,1268.0,1.042814,0.280313,0.919455,0.019613,0.060932,0.025605,0.001380,0.033930,0.060914,1.062054,0
7000,1270.0,1.035414,0.282315,0.915510,0.020670,0.063820,0.025998,0.001447,0.036357,0.063801,1.131749,0
7000,1272.0,1.028007,0.284320,0.910443,0.022375,0.067183,0.026431,0.001524,0.039208,0.067163,1.213789,0
7000,1274.0,1.020591,0.286330,0.903929,0.024923,0.071148,0.026916,0.001616,0.042595,0.071127,1.311463,0
7000,1276.0,1.013165,0.288342,0.895521,0.028591,0.075888,0.027466,0.001726,0.046674,0.075866,1.429253,0
7000,1278.0,1.005730,0.290360,0.884579,0.033778,0.081643,0.028101,0.001859,0.051659,0.081618,1.573368,0
7000,1280.0,0.998286,0.292381,0.870178,0.041072,0.088749,0.028848,0.002021,0.057853,0.088723,1.752588,0
7000,1282.0,0.990834,0.294405,0.850977,0.051343,0.097680,0.029745,0.002224,0.065681,0.097650,1.979140,0
7000,1284.0,0.983373,0.296434,0.824822,0.066005,0.109173,0.030848,0.002483,0.075809,0.109140,2.272231,0
7000,1286.0,0.975902,0.298467,0.788557,0.087197,0.124247,0.032233,0.002818,0.089159,0.124209,2.658285,0
7000,1288.0,0.968423,0.300502,0.737067,0.118465,0.144469,0.034014,0.003259,0.107152,0.144425,3.178065,0
7000,1290.0,0.960935,0.302542,0.662361,0.165560,0.172078,0.036342,0.003848,0.131837,0.172026,3.889848,0
7000,1292.0,0.953437,0.304587,0.553702,0.236766,0.209533,0.039352,0.004623,0.165495,0.209469,4.857673,0
7000,1294.0,0.945931,0.306635,0.400915,0.341422,0.257662,0.042989,0.005571,0.209026,0.257585,6.103865,0
7000,1296.0,0.938416,0.308687,0.215467,0.476414,0.308119,0.046405,0.006471,0.255152,0.308028,7.412735,0
7000,1298.0,0.930891,0.310742,0.070866,0.596078,0.333057,0.047322,0.006716,0.278923,0.332961,8.062164,0
7000,1300.0,0.923356,0.312803,0.080953,0.617276,0.301771,0.043732,0.005756,0.252198,0.301687,7.252830,0
7000,1302.0,0.915814,0.314867,0.238722,0.530379,0.230900,0.037568,0.004095,0.189175,0.230838,5.413032,0
7000,1304.0,0.908263,0.316934,0.427875,0.409741,0.162384,0.032179,0.002626,0.127538,0.162343,3.631127,0
7000,1306.0,0.900702,0.319006,0.578696,0.307423,0.113881,0.028650,0.001649,0.083555,0.113854,2.367064,0
7000,1308.0,0.893132,0.321082,0.684336,0.232737,0.082927,0.026576,0.001059,0.055274,0.082909,1.558129,0
7000,1310.0,0.885553,0.323163,0.755788,0.180530,0.063682,0.025408,0.000714,0.037548,0.063669,1.053230,0
7000,1312.0,0.877965,0.325247,0.804571,0.143854,0.051574,0.024764,0.000510,0.026290,0.051565,0.733852,0
7000,1314.0,0.870369,0.327335,0.838523,0.117661,0.043816,0.024424,0.000389,0.018995,0.043808,0.527628,0
7000,1316.0,0.862761,0.329427,0.862657,0.098591,0.038752,0.024261,0.000317,0.014167,0.038745,0.391611,0
7000,1318.0,0.855147,0.331524,0.880141,0.084459,0.035400,0.024205,0.000275,0.010914,0.035394,0.300243,0
7000,1320.0,0.847523,0.333625,0.892979,0.073853,0.033168,0.024213,0.000252,0.008697,0.033162,0.238106,0
7000,1322.0,0.839889,0.335729,0.902547,0.065780,0.031673,0.024261,0.000240,0.007167,0.031668,0.195295,0
7000,1324.0,0.832246,0.337838,0.909702,0.059613,0.030685,0.024332,0.000235,0.006113,0.030680,0.165775,0
7000,1326.0,0.824595,0.339950,0.915043,0.054907,0.030049,0.024417,0.000236,0.005392,0.030044,0.145529,0
7000,1328.0,0.816934,0.342068,0.919012,0.051328,0.029660,0.024510,0.000239,0.004906,0.029655,0.131791,0
7000,1330.0,0.809264,0.344190,0.921919,0.048635,0.029446,0.024607,0.000244,0.004589,0.029440,0.122701,0
7000,1332.0,0.801585,0.346315,0.923974,0.046668,0.029358,0.024705,0.000251,0.004397,0.029353,0.117018,0
7000,1334.0,0.793897,0.348446,0.925348,0.045289,0.029363,0.024804,0.000258,0.004296,0.029358,0.113810,0
7000,1336.0,0.786199,0.350579,0.926168,0.044397,0.029435,0.024900,0.000265,0.004263,0.029429,0.112429,0
7000,1338.0,0.778493,0.352717,0.926531,0.043913,0.029556,0.024995,0.000273,0.004282,0.029550,0.112400,0
7000,1340.0,0.770778,0.354860,0.926512,0.043774,0.029713,0.025088,0.000281,0.004339,0.029707,0.113380,0
7000,1342.0,0.763053,0.357006,0.926172,0.043931,0.029897,0.025177,0.000288,0.004425,0.029891,0.115113,0
7000,1344.0,0.755320,0.359158,0.925560,0.044341,0.030099,0.025264,0.000295,0.004534,0.030093,0.117405,0
7000,1346.0,0.747577,0.361314,0.924712,0.044972,0.030316,0.025347,0.000303,0.004660,0.030310,0.120117,0
7000,1348.0,0.739824,0.363475,0.923666,0.045792,0.030542,0.025428,0.000309,0.004798,0.030536,0.123135,0
7000,1350.0,0.732063,0.365638,0.922444,0.046780,0.030776,0.025506,0.000316,0.004947,0.030769,0.126384,0
7000,1352.0,0.724293,0.367806,0.921074,0.047912,0.031014,0.025582,0.000322,0.005103,0.031007,0.129795,0
7000,1354.0,0.716513,0.369979,0.919574,0.049172,0.031255,0.025654,0.000329,0.005265,0.031248,0.133325,0
7000,1356.0,0.708724,0.372157,0.917956,0.050546,0.031498,0.025725,0.000334,0.005431,0.031490,0.136945,0
7000,1358.0,0.700926,0.374338,0.916244,0.052015,0.031741,0.025793,0.000340,0.005602,0.031734,0.140615,0
7000,1360.0,0.693119,0.376525,0.914446,0.053569,0.031986,0.025858,0.000345,0.005774,0.031978,0.144322,0
8000,1240.0,1.269148,0.237636,0.929986,0.033062,0.036952,0.020668,0.000891,0.015383,0.036942,0.555463,0
8000,1242.0,1.262266,0.239515,0.930736,0.031670,0.037595,0.020863,0.000905,0.015816,0.037585,0.567520,0
8000,1244.0,1.255377,0.241397,0.931441,0.030282,0.038278,0.021064,0.000921,0.016283,0.038267,0.580641,0
8000,1246.0,1.248479,0.243282,0.932085,0.028909,0.039005,0.021270,0.000938,0.016787,0.038995,0.594948,0
8000,1248.0,1.241573,0.245171,0.932656,0.027560,0.039784,0.021482,0.000957,0.017335,0.039774,0.610617,0
8000,1250.0,1.234659,0.247063,0.933130,0.026249,0.040621,0.021701,0.000977,0.017932,0.040610,0.627813,0
8000,1252.0,1.227737,0.248958,0.933487,0.024989,0.041523,0.021928,0.000999,0.018586,0.041512,0.646768,0
8000,1254.0,1.220806,0.250857,0.933701,0.023797,0.042502,0.022163,0.001023,0.019304,0.042490,0.667741,0
8000,1256.0,1.213868,0.252760,0.933742,0.022691,0.043567,0.022409,0.001050,0.020097,0.043556,0.691045,0
8000,1258.0,1.206920,0.254665,0.933572,0.021693,0.044735,0.022666,0.001079,0.020978,0.044723,0.717074,0
8000,1260.0,1.199965,0.256574,0.933147,0.020831,0.046022,0.022936,0.001112,0.021962,0.046010,0.746303,0
8000,1262.0,1.193002,0.258487,0.932411,0.020137,0.047452,0.023222,0.001149,0.023068,0.047439,0.779320,0
8000,1264.0,1.186030,0.260403,0.931297,0.019655,0.049048,0.023526,0.001191,0.024318,0.049035,0.816813,0
8000,1266.0,1.179049,0.262321,0.929716,0.019434,0.050850,0.023852,0.001238,0.025746,0.050836,0.859804,0
8000,1268.0,1.172061,0.264245,0.927558,0.019544,0.052898,0.024205,0.001292,0.027387,0.052884,0.909371,0
8000,1270.0,1.165063,0.266172,0.924673,0.020075,0.055252,0.024591,0.001354,0.029292,0.055236,0.967112,0
8000,1272.0,1.158058,0.268101,0.920865,0.021148,0.057987,0.025017,0.001427,0.031527,0.057970,1.035057,0
8000,1274.0,1.151045,0.270035,0.915862,0.022933,0.061205,0.025494,0.001512,0.034182,0.061188,1.115921,0
8000,1276.0,1.144022,0.271971,0.909291,0.025664,0.065045,0.026036,0.001614,0.037375,0.065026,1.213402,0
8000,1278.0,1.136992,0.273913,0.900617,0.029685,0.069698,0.026664,0.001737,0.041276,0.069678,1.332639,0
8000,1280.0,1.129953,0.275857,0.889060,0.035502,0.075437,0.027403,0.001889,0.046123,0.075415,1.480923,0
8000,1282.0,1.122906,0.277805,0.873483,0.043872,0.082645,0.028293,0.002079,0.052249,0.082621,1.668473,0
8000,1284.0,1.115851,0.279757,0.852043,0.056030,0.091927,0.029392,0.002321,0.060186,0.091899,1.911502,0
8000,1286.0,1.108787,0.281712,0.821990,0.073878,0.104132,0.030782,0.002635,0.070683,0.104101,2.232763,0
8000,1288.0,1.101715,0.283670,0.778748,0.100641,0.120611,0.032589,0.003054,0.084931,0.120575,2.668461,0
8000,1290.0,1.094634,0.285632,0.714809,0.141770,0.143421,0.034999,0.003624,0.104754,0.143377,3.273751,0
8000,1292.0,1.087545,0.287600,0.618888,0.205874,0.175239,0.038232,0.004399,0.132554,0.175185,4.120606,0
8000,1294.0,1.080448,0.289569,0.476305,0.305159,0.218536,0.042432,0.005417,0.170621,0.218470,5.276037,0
8000,1296.0,1.073342,0.291542,0.283945,0.446156,0.269898,0.047080,0.006547,0.216191,0.269818,6.650169,0
8000,1298.0,1.066227,0.293519,0.096370,0.596452,0.307178,0.049824,0.007206,0.250058,0.307088,7.651945,0
8000,1300.0,1.059103,0.295501,0.050864,0.657179,0.291958,0.047164,0.006520,0.238191,0.291875,7.251068,0
8000,1302.0,1.051973,0.297486,0.192062,0.581009,0.226929,0.040087,0.004733,0.182048,0.226867,5.513443,0
8000,1304.0,1.044833,0.299474,0.393572,0.448616,0.157812,0.033261,0.003006,0.121505,0.157772,3.661037,0
8000,1306.0,1.037685,0.301466,0.558405,0.332966,0.108628,0.028720,0.001849,0.078034,0.108603,2.339259,0
8000,1308.0,1.030528,0.303463,0.672807,0.249323,0.077870,0.026067,0.001161,0.050624,0.077853,1.509909,0
8000,1310.0,1.023362,0.305463,0.749026,0.191779,0.059194,0.024582,0.000765,0.033835,0.059182,1.004082,0
8000,1312.0,1.016189,0.307466,0.800389,0.151922,0.047688,0.023759,0.000535,0.023385,0.047679,0.690505,0
8000,1314.0,1.009007,0.309474,0.835805,0.123754,0.040441,0.023313,0.000400,0.016721,0.040434,0.491281,0
8000,1316.0,1.001815,0.311486,0.860838,0.103385,0.035777,0.023086,0.000320,0.012366,0.035771,0.361524,0
8000,1318.0,0.994617,0.313501,0.878929,0.088346,0.032725,0.022988,0.000272,0.009459,0.032720,0.275183,0
8000,1320.0,0.987409,0.315521,0.892221,0.077068,0.030711,0.022970,0.000245,0.007491,0.030706,0.216861,0
8000,1322.0,0.980193,0.317544,0.902161,0.068465,0.029373,0.022999,0.000231,0.006139,0.029368,0.176851,0
8000,1324.0,0.972968,0.319571,0.909643,0.061863,0.028495,0.023057,0.000225,0.005208,0.028490,0.149311,0
8000,1326.0,0.965735,0.321601,0.915282,0.056785,0.027933,0.023134,0.000224,0.004570,0.027928,0.130400,0
8000,1328.0,0.958493,0.323637,0.919533,0.052876,0.027591,0.023222,0.000226,0.004138,0.027586,0.117502,0
8000,1330.0,0.951243,0.325676,0.922711,0.049886,0.027403,0.023316,0.000230,0.003853,0.027398,0.108873,0
8000,1332.0,0.943984,0.327718,0.925026,0.047647,0.027327,0.023412,0.000236,0.003675,0.027323,0.103355,0
8000,1334.0,0.936716,0.329766,0.926654,0.046014,0.027332,0.023510,0.000242,0.003575,0.027327,0.100087,0
8000,1336.0,0.929440,0.331816,0.927721,0.044885,0.027395,0.023606,0.000249,0.003534,0.027390,0.098471,0
8000,1338.0,0.922156,0.333871,0.928324,0.044177,0.027499,0.023702,0.000256,0.003537,0.027494,0.098074,0
8000,1340.0,0.914863,0.335931,0.928539,0.043826,0.027635,0.023796,0.000263,0.003571,0.027630,0.098582,0
8000,1342.0,0.907561,0.337993,0.928425,0.043782,0.027793,0.023887,0.000270,0.003631,0.027788,0.099762,0
8000,1344.0,0.900252,0.340060,0.928031,0.044003,0.027966,0.023975,0.000277,0.003709,0.027961,0.101439,0
8000,1346.0,0.892934,0.342132,0.927395,0.044454,0.028151,0.024061,0.000284,0.003801,0.028146,0.103487,0
8000,1348.0,0.885605,0.344208,0.926552,0.045104,0.028344,0.024144,0.000290,0.003904,0.028338,0.105804,0
8000,1350.0,0.878270,0.346287,0.925527,0.045931,0.028542,0.024224,0.000296,0.004015,0.028536,0.108321,0
8000,1352.0,0.870925,0.348369,0.924345,0.046912,0.028743,0.024302,0.000302,0.004132,0.028737,0.110978,0
8000,1354.0,0.863573,0.350457,0.923024,0.048030,0.028946,0.024377,0.000308,0.004254,0.028940,0.113735,0
8000,1356.0,0.856210,0.352549,0.921579,0.049272,0.029149,0.024450,0.000314,0.004380,0.029143,0.116565,0
8000,1358.0,0.848841,0.354645,0.920030,0.050617,0.029353,0.024521,0.000319,0.004507,0.029347,0.119435,0
8000,1360.0,0.841462,0.356745,0.918387,0.052056,0.029557,0.024589,0.000324,0.004637,0.029550,0.122331,0
