Te_K,lambda_nm,eps_re,eps_im,T,R,A,Fx,Fy,Fz,Ftot,mean_Ez2_over_Einc2,within_trusted_Te(<=6000K)
300,1200.0,0.510537,0.305969,0.673263,0.042554,0.284183,0.050731,0.003762,0.229648,0.284141,6.232459,1
300,1202.0,0.500874,0.308307,0.676220,0.035168,0.288612,0.052337,0.003898,0.232334,0.288569,6.267960,1
300,1204.0,0.491200,0.310651,0.678670,0.028443,0.292887,0.053976,0.004045,0.234822,0.292843,6.297746,1
300,1206.0,0.481510,0.313000,0.680517,0.022421,0.297062,0.055645,0.004203,0.237169,0.297017,6.323445,1
300,1208.0,0.471810,0.315353,0.681641,0.017144,0.301215,0.057338,0.004373,0.239458,0.301170,6.347342,1
300,1210.0,0.462097,0.317711,0.681913,0.012637,0.305450,0.059049,0.004556,0.241800,0.305404,6.372378,1
300,1212.0,0.452370,0.320071,0.681201,0.008908,0.309891,0.060771,0.004751,0.244323,0.309844,6.401952,1
300,1214.0,0.442632,0.322439,0.679365,0.005951,0.314684,0.062500,0.004958,0.247178,0.314636,6.439805,1
300,1216.0,0.432880,0.324811,0.676298,0.003727,0.319975,0.064230,0.005180,0.250515,0.319925,6.489775,1
300,1218.0,0.423116,0.327187,0.671878,0.002202,0.325919,0.065957,0.005417,0.254494,0.325868,6.555717,1
300,1220.0,0.413340,0.329568,0.666023,0.001319,0.332658,0.067681,0.005670,0.259254,0.332605,6.640977,1
300,1222.0,0.403551,0.331954,0.658666,0.001022,0.340312,0.069400,0.005944,0.264914,0.340257,6.748228,1
300,1224.0,0.393749,0.334346,0.649770,0.001262,0.348968,0.071116,0.006240,0.271554,0.348910,6.879128,1
300,1226.0,0.383933,0.336741,0.639323,0.002006,0.358672,0.072837,0.006566,0.279209,0.358612,7.034223,1
300,1228.0,0.374107,0.339142,0.627331,0.003242,0.369427,0.074570,0.006928,0.287867,0.369364,7.212749,1
300,1230.0,0.364266,0.341548,0.613828,0.004988,0.381184,0.076326,0.007336,0.297457,0.381119,7.412574,1
300,1232.0,0.354413,0.343959,0.598814,0.007301,0.393885,0.078118,0.007804,0.307893,0.393816,7.631261,1
300,1234.0,0.344547,0.346374,0.582254,0.010278,0.407468,0.079979,0.008350,0.319066,0.407395,7.865805,1
300,1236.0,0.334669,0.348795,0.564041,0.014060,0.421899,0.081939,0.008997,0.330887,0.421823,8.113718,1
300,1238.0,0.324778,0.351221,0.543990,0.018833,0.437177,0.084036,0.009775,0.343286,0.437097,8.373148,1
300,1240.0,0.314874,0.353650,0.521735,0.024854,0.453410,0.086326,0.010728,0.356272,0.453326,8.644129,1
300,1242.0,0.304956,0.356087,0.496628,0.032489,0.470882,0.088905,0.011916,0.369972,0.470794,8.929504,1
300,1244.0,0.295027,0.358527,0.467543,0.042308,0.490149,0.091924,0.013434,0.384698,0.490056,9.236577,1
300,1246.0,0.285085,0.360973,0.432341,0.055330,0.512329,0.095676,0.015435,0.401120,0.512230,9.580985,1
300,1248.0,0.275129,0.363423,0.386209,0.073859,0.539933,0.100820,0.018227,0.420781,0.539827,9.998841,1
300,1250.0,0.265160,0.365879,0.313455,0.105477,0.581068,0.109628,0.022609,0.448716,0.580953,10.608085,1
300,1252.0,0.255180,0.368340,0.161127,0.179444,0.659429,0.116854,0.032960,0.509481,0.659295,11.983282,1
300,1254.0,0.245185,0.370807,0.137804,0.192331,0.669864,0.103239,0.044172,0.522316,0.669727,12.222944,1
300,1256.0,0.235179,0.373278,0.107721,0.206890,0.685389,0.092864,0.064238,0.528144,0.685246,12.297085,1
300,1258.0,0.225159,0.375754,0.067613,0.221528,0.710859,0.082882,0.102296,0.525527,0.710705,12.174860,1
300,1260.0,0.215127,0.378236,0.022382,0.215402,0.762216,0.072575,0.164125,0.525340,0.762040,12.109916,1
300,1262.0,0.205081,0.380723,0.015230,0.144297,0.840472,0.065810,0.195383,0.579082,0.840275,13.282589,1
300,1264.0,0.195023,0.383216,0.053343,0.064701,0.881956,0.065210,0.142877,0.673675,0.881762,15.376108,1
300,1266.0,0.184951,0.385712,0.075702,0.035074,0.889224,0.064595,0.087566,0.736879,0.889041,16.736298,1
300,1268.0,0.174868,0.388216,0.078689,0.027858,0.893453,0.062494,0.056365,0.774417,0.893276,17.503048,1
300,1270.0,0.164770,0.390723,0.073465,0.025550,0.900986,0.059719,0.039597,0.801495,0.900811,18.027163,1
300,1272.0,0.154660,0.393236,0.065416,0.023572,0.911011,0.056777,0.030001,0.824060,0.910838,18.445235,1
300,1274.0,0.144537,0.395755,0.056693,0.021089,0.922218,0.053878,0.024083,0.844082,0.922044,18.802683,1
300,1276.0,0.134401,0.398279,0.048180,0.018155,0.933665,0.051109,0.020184,0.862197,0.933490,19.114486,1
300,1278.0,0.124252,0.400809,0.040263,0.014996,0.944741,0.048503,0.017470,0.878590,0.944564,19.385280,1
300,1280.0,0.114090,0.403344,0.033113,0.011836,0.955052,0.046073,0.015494,0.893306,0.954873,19.616757,1
300,1282.0,0.103915,0.405883,0.026799,0.008860,0.964340,0.043819,0.014000,0.906340,0.964160,19.809356,1
300,1284.0,0.093728,0.408430,0.021316,0.006202,0.972482,0.041735,0.012831,0.917734,0.972300,19.964424,1
300,1286.0,0.083527,0.410981,0.016657,0.003960,0.979383,0.039815,0.011894,0.927489,0.979199,20.082627,1
300,1288.0,0.073314,0.413537,0.012774,0.002197,0.985029,0.038050,0.011125,0.935669,0.984843,20.165846,1
300,1290.0,0.063087,0.416099,0.009611,0.000947,0.989443,0.036427,0.010481,0.942347,0.989255,20.216075,1
300,1292.0,0.052848,0.418667,0.007120,0.000224,0.992656,0.034942,0.009935,0.947590,0.992467,20.235168,1
300,1294.0,0.042595,0.421240,0.005236,0.000022,0.994741,0.033584,0.009466,0.951501,0.994551,20.225855,1
300,1296.0,0.032330,0.423818,0.003900,0.000325,0.995775,0.032344,0.009059,0.954180,0.995583,20.190549,1
300,1298.0,0.022051,0.426402,0.003047,0.001103,0.995850,0.031212,0.008704,0.955741,0.995656,20.132053,1
300,1300.0,0.011758,0.428992,0.002621,0.002324,0.995055,0.030182,0.008391,0.956288,0.994861,20.052806,1
300,1302.0,0.001454,0.431587,0.002568,0.003944,0.993488,0.029246,0.008116,0.955931,0.993292,19.955434,1
300,1304.0,-0.008863,0.434188,0.002835,0.005926,0.991240,0.028394,0.007872,0.954776,0.991042,19.842394,1
300,1306.0,-0.019194,0.436794,0.003375,0.008220,0.988405,0.027622,0.007657,0.952927,0.988206,19.715971,1
300,1308.0,-0.029538,0.439406,0.004148,0.010788,0.985064,0.026923,0.007466,0.950475,0.984864,19.578266,1
300,1310.0,-0.039895,0.442025,0.005112,0.013583,0.981305,0.026291,0.007298,0.947515,0.981103,19.431357,1
300,1312.0,-0.050265,0.444648,0.006234,0.016566,0.977200,0.025720,0.007150,0.944127,0.976997,19.277053,1
300,1314.0,-0.060647,0.447277,0.007483,0.019700,0.972817,0.025206,0.007020,0.940387,0.972612,19.116901,1
300,1316.0,-0.071045,0.449912,0.008835,0.022946,0.968219,0.024743,0.006907,0.936363,0.968013,18.952436,1
300,1318.0,-0.081452,0.452552,0.010266,0.026270,0.963465,0.024329,0.006809,0.932119,0.963257,18.784947,1
300,1320.0,-0.091875,0.455199,0.011754,0.029638,0.958608,0.023959,0.006726,0.927714,0.958399,18.615679,1
300,1322.0,-0.102311,0.457851,0.013288,0.033031,0.953681,0.023628,0.006656,0.923185,0.953470,18.445423,1
300,1324.0,-0.112759,0.460509,0.014851,0.036421,0.948728,0.023335,0.006599,0.918581,0.948515,18.275104,1
300,1326.0,-0.123220,0.463171,0.016429,0.039781,0.943790,0.023078,0.006553,0.913945,0.943575,18.105655,1
300,1328.0,-0.133694,0.465842,0.018017,0.043090,0.938893,0.022852,0.006518,0.909306,0.938676,17.937513,1
300,1330.0,-0.144181,0.468517,0.019609,0.046338,0.934052,0.022656,0.006493,0.904685,0.933833,17.771176,1
300,1332.0,-0.154682,0.471198,0.021195,0.049503,0.929302,0.022487,0.006477,0.900117,0.929081,17.607281,1
300,1334.0,-0.165196,0.473885,0.022771,0.052576,0.924653,0.022345,0.006471,0.895613,0.924429,17.445982,1
300,1336.0,-0.175723,0.476577,0.024336,0.055545,0.920119,0.022227,0.006472,0.891193,0.919893,17.287711,1
300,1338.0,-0.186262,0.479276,0.025888,0.058396,0.915716,0.022132,0.006482,0.886873,0.915487,17.132648,1
300,1340.0,-0.196815,0.481981,0.027426,0.061122,0.911451,0.022058,0.006500,0.882662,0.911220,16.980941,1
300,1342.0,-0.207381,0.484691,0.028949,0.063719,0.907331,0.022005,0.006525,0.878568,0.907098,16.832774,1
300,1344.0,-0.217960,0.487407,0.030454,0.066179,0.903367,0.021971,0.006557,0.874603,0.903131,16.688250,1
300,1346.0,-0.228552,0.490130,0.031948,0.068502,0.899550,0.021955,0.006595,0.870761,0.899311,16.547202,1
300,1348.0,-0.239158,0.492859,0.033428,0.070675,0.895898,0.021957,0.006640,0.867059,0.895655,16.409968,1
300,1350.0,-0.249776,0.495593,0.034900,0.072702,0.892399,0.021976,0.006690,0.863488,0.892154,16.276337,1
300,1352.0,-0.260407,0.498333,0.036360,0.074577,0.889064,0.022010,0.006747,0.860058,0.888816,16.146452,1
300,1354.0,-0.271052,0.501079,0.037813,0.076303,0.885884,0.022061,0.006809,0.856763,0.885633,16.020105,1
300,1356.0,-0.281710,0.503832,0.039264,0.077882,0.882854,0.022126,0.006876,0.853597,0.882600,15.897136,1
300,1358.0,-0.292380,0.506590,0.040711,0.079304,0.879985,0.022207,0.006949,0.850572,0.879728,15.777801,1
300,1360.0,-0.303064,0.509355,0.042159,0.080571,0.877270,0.022301,0.007026,0.847681,0.877009,15.661851,1
300,1362.0,-0.313762,0.512125,0.043611,0.081687,0.874702,0.022410,0.007109,0.844919,0.874438,15.549221,1
300,1364.0,-0.324471,0.514903,0.045069,0.082653,0.872278,0.022533,0.007196,0.842282,0.872011,15.439709,1
300,1366.0,-0.335195,0.517686,0.046532,0.083469,0.869998,0.022669,0.007287,0.839771,0.869727,15.333371,1
300,1368.0,-0.345932,0.520474,0.048011,0.084138,0.867851,0.022818,0.007383,0.837375,0.867577,15.229976,1
300,1370.0,-0.356681,0.523269,0.049505,0.084656,0.865839,0.022981,0.007484,0.835097,0.865561,15.129517,1
300,1372.0,-0.367444,0.526071,0.051013,0.085025,0.863962,0.023157,0.007589,0.832935,0.863680,15.031869,1
300,1374.0,-0.378220,0.528877,0.052543,0.085256,0.862201,0.023346,0.007697,0.830873,0.861916,14.936834,1
300,1376.0,-0.389009,0.531691,0.054092,0.085346,0.860562,0.023547,0.007810,0.828916,0.860273,14.844380,1
300,1378.0,-0.399811,0.534511,0.055670,0.085295,0.859035,0.023762,0.007927,0.827054,0.858743,14.754289,1
300,1380.0,-0.410626,0.537336,0.057272,0.085102,0.857625,0.023991,0.008048,0.825290,0.857329,14.666685,1
400,1200.0,0.512955,0.305684,0.674094,0.042569,0.283337,0.050685,0.003762,0.228848,0.283295,6.216528,1
400,1202.0,0.503300,0.308022,0.677045,0.035178,0.287777,0.052290,0.003898,0.231548,0.287735,6.252532,1
400,1204.0,0.493633,0.310364,0.679489,0.028447,0.292065,0.053928,0.004044,0.234049,0.292021,6.282817,1
400,1206.0,0.483952,0.312711,0.681331,0.022418,0.296252,0.055596,0.004203,0.236409,0.296208,6.308997,1
400,1208.0,0.474260,0.315063,0.682450,0.017133,0.300417,0.057288,0.004373,0.238710,0.300372,6.333344,1
400,1210.0,0.464554,0.317419,0.682719,0.012619,0.304662,0.058999,0.004555,0.241062,0.304616,6.358783,1
400,1212.0,0.454836,0.319778,0.682004,0.008884,0.309112,0.060721,0.004750,0.243594,0.309065,6.388702,1
400,1214.0,0.445106,0.322145,0.680168,0.005921,0.313911,0.062450,0.004958,0.246455,0.313863,6.426831,1
400,1216.0,0.435361,0.324515,0.677102,0.003693,0.319205,0.064181,0.005180,0.249795,0.319156,6.477005,1
400,1218.0,0.425606,0.326890,0.672686,0.002164,0.325150,0.065911,0.005416,0.253772,0.325099,6.543080,1
400,1220.0,0.415838,0.329270,0.666835,0.001277,0.331887,0.067636,0.005670,0.258529,0.331835,6.628410,1
400,1222.0,0.406056,0.331654,0.659485,0.000978,0.339537,0.069357,0.005943,0.264182,0.339483,6.735683,1
400,1224.0,0.396262,0.334044,0.650596,0.001216,0.348188,0.071077,0.006240,0.270814,0.348131,6.866577,1
400,1226.0,0.386455,0.336438,0.640158,0.001956,0.357886,0.072802,0.006565,0.278460,0.357827,7.021656,1
400,1228.0,0.376637,0.338837,0.628176,0.003188,0.368636,0.074540,0.006927,0.287107,0.368574,7.200174,1
400,1230.0,0.366804,0.341242,0.614682,0.004929,0.380389,0.076302,0.007335,0.296686,0.380323,7.400009,1
400,1232.0,0.356959,0.343652,0.599678,0.007237,0.393085,0.078101,0.007802,0.307112,0.393016,7.618719,1
400,1234.0,0.347101,0.346065,0.583129,0.010207,0.406664,0.079970,0.008347,0.318274,0.406592,7.853288,1
400,1236.0,0.337231,0.348485,0.564926,0.013983,0.421091,0.081939,0.008993,0.330082,0.421015,8.101201,1
400,1238.0,0.327348,0.350909,0.544885,0.018752,0.436363,0.084046,0.009771,0.342466,0.436283,8.360577,1
400,1240.0,0.317453,0.353337,0.522639,0.024774,0.452587,0.086349,0.010722,0.355432,0.452503,8.631412,1
400,1242.0,0.307543,0.355772,0.497539,0.032416,0.470045,0.088941,0.011908,0.369107,0.469957,8.916517,1
400,1244.0,0.297622,0.358211,0.468455,0.042253,0.489293,0.091976,0.013423,0.383801,0.489200,9.223172,1
400,1246.0,0.287688,0.360655,0.433246,0.055308,0.511446,0.095746,0.015421,0.400181,0.511348,9.566990,1
400,1248.0,0.277740,0.363104,0.387091,0.073893,0.539016,0.100913,0.018209,0.419789,0.538911,9.984062,1
400,1250.0,0.267780,0.365558,0.314278,0.105613,0.580110,0.109757,0.022583,0.447654,0.579994,10.592272,1
400,1252.0,0.257808,0.368017,0.161721,0.179988,0.658292,0.117037,0.032903,0.508217,0.658157,11.964038,1
400,1254.0,0.247822,0.370482,0.138289,0.193136,0.668575,0.103408,0.044053,0.520976,0.668438,12.202254,1
400,1256.0,0.237824,0.372952,0.108104,0.207916,0.683980,0.093023,0.064011,0.526805,0.683838,12.276604,1
400,1258.0,0.227812,0.375427,0.067896,0.222827,0.709278,0.083026,0.101888,0.524210,0.709124,12.154938,1
400,1260.0,0.217788,0.377907,0.022526,0.217138,0.760335,0.072688,0.163622,0.523849,0.760160,12.086060,1
400,1262.0,0.207751,0.380393,0.015274,0.146163,0.838563,0.065879,0.195380,0.577107,0.838367,13.248779,1
400,1264.0,0.197701,0.382884,0.053708,0.065917,0.880375,0.065298,0.143140,0.671743,0.880182,15.345314,1
400,1266.0,0.187638,0.385378,0.076280,0.035939,0.887781,0.064718,0.087721,0.735159,0.887598,16.711672,1
400,1268.0,0.177563,0.387881,0.079280,0.028642,0.892077,0.062631,0.056444,0.772826,0.891901,17.482165,1
400,1270.0,0.167473,0.390387,0.074001,0.026316,0.899683,0.059860,0.039645,0.800004,0.899509,18.009138,1
400,1272.0,0.157372,0.392898,0.065884,0.024321,0.909795,0.056917,0.030037,0.822668,0.909622,18.429936,1
400,1274.0,0.147257,0.395416,0.057093,0.021808,0.921099,0.054015,0.024114,0.842797,0.920926,18.790180,1
400,1276.0,0.137130,0.397937,0.048517,0.018830,0.932653,0.051241,0.020212,0.861025,0.932478,19.104874,1
400,1278.0,0.126989,0.400466,0.040543,0.015615,0.943842,0.048630,0.017498,0.877537,0.943665,19.378628,1
400,1280.0,0.116836,0.402999,0.033341,0.012389,0.954270,0.046194,0.015521,0.892376,0.954091,19.613092,1
400,1282.0,0.106669,0.405537,0.026982,0.009341,0.963677,0.043935,0.014026,0.905536,0.963497,19.808660,1
400,1284.0,0.096491,0.408082,0.021458,0.006605,0.971937,0.041844,0.012856,0.917054,0.971755,19.966639,1
400,1286.0,0.086298,0.410632,0.016764,0.004283,0.978953,0.039918,0.011919,0.926933,0.978770,20.087654,1
400,1288.0,0.076093,0.413186,0.012850,0.002438,0.984713,0.038147,0.011148,0.935232,0.984527,20.173555,1
400,1290.0,0.065875,0.415746,0.009660,0.001106,0.989234,0.036518,0.010503,0.942026,0.989047,20.226311,1
400,1292.0,0.055644,0.418313,0.007148,0.000303,0.992549,0.035027,0.009956,0.947378,0.992360,20.247752,1
400,1294.0,0.045400,0.420884,0.005246,0.000025,0.994729,0.033662,0.009486,0.951391,0.994539,20.240598,1
400,1296.0,0.035143,0.423461,0.003896,0.000254,0.995850,0.032417,0.009078,0.954164,0.995658,20.207249,1
400,1298.0,0.024873,0.426043,0.003032,0.000964,0.996004,0.031280,0.008721,0.955811,0.995811,20.150511,1
400,1300.0,0.014589,0.428631,0.002598,0.002120,0.995282,0.030244,0.008407,0.956437,0.995088,20.072822,1
400,1302.0,0.004293,0.431225,0.002539,0.003682,0.993779,0.029302,0.008130,0.956151,0.993583,19.976811,1
400,1304.0,-0.006016,0.433823,0.002804,0.005610,0.991587,0.028446,0.007884,0.955060,0.991390,19.864944,1
400,1306.0,-0.016338,0.436429,0.003343,0.007856,0.988801,0.027669,0.007667,0.953266,0.988603,19.739513,1
400,1308.0,-0.026673,0.439039,0.004116,0.010382,0.985502,0.026965,0.007475,0.950862,0.985302,19.602635,1
400,1310.0,-0.037022,0.441656,0.005082,0.013139,0.981779,0.026329,0.007305,0.947944,0.981578,19.456398,1
400,1312.0,-0.047383,0.444277,0.006207,0.016090,0.977703,0.025754,0.007155,0.944591,0.977501,19.302623,1
400,1314.0,-0.057757,0.446905,0.007461,0.019195,0.973344,0.025236,0.007024,0.940880,0.973140,19.142872,1
400,1316.0,-0.068145,0.449538,0.008816,0.022419,0.968765,0.024770,0.006909,0.936880,0.968559,18.978692,1
400,1318.0,-0.078544,0.452177,0.010252,0.025724,0.964024,0.024351,0.006810,0.932655,0.963817,18.811383,1
400,1320.0,-0.088958,0.454822,0.011745,0.029077,0.959177,0.023978,0.006726,0.928265,0.958969,18.642204,1
400,1322.0,-0.099385,0.457472,0.013284,0.032459,0.954256,0.023644,0.006654,0.923748,0.954046,18.471956,1
400,1324.0,-0.109825,0.460128,0.014852,0.035842,0.949306,0.023348,0.006595,0.919150,0.949093,18.301577,1
400,1326.0,-0.120277,0.462789,0.016435,0.039197,0.944368,0.023087,0.006548,0.914519,0.944154,18.132008,1
400,1328.0,-0.130743,0.465457,0.018027,0.042505,0.939468,0.022858,0.006511,0.909882,0.939252,17.963693,1
400,1330.0,-0.141221,0.468131,0.019624,0.045754,0.934622,0.022659,0.006485,0.905260,0.934404,17.797140,1
400,1332.0,-0.151713,0.470810,0.021213,0.048922,0.929866,0.022488,0.006468,0.900689,0.929645,17.632993,1
400,1334.0,-0.162218,0.473496,0.022792,0.052000,0.925208,0.022343,0.006460,0.896182,0.924985,17.471414,1
400,1336.0,-0.172736,0.476186,0.024360,0.054976,0.920664,0.022223,0.006460,0.891756,0.920439,17.312839,1
400,1338.0,-0.183267,0.478883,0.025914,0.057836,0.916250,0.022125,0.006469,0.887429,0.916023,17.157453,1
400,1340.0,-0.193811,0.481586,0.027453,0.060572,0.911975,0.022049,0.006486,0.883210,0.911744,17.005409,1
400,1342.0,-0.204368,0.484294,0.028977,0.063181,0.907842,0.021993,0.006509,0.879107,0.907610,16.856895,1
400,1344.0,-0.214938,0.487009,0.030482,0.065653,0.903865,0.021957,0.006540,0.875133,0.903630,16.712018,1
400,1346.0,-0.225521,0.489730,0.031976,0.067989,0.900035,0.021938,0.006577,0.871281,0.899797,16.570614,1
400,1348.0,-0.236118,0.492458,0.033454,0.070177,0.896369,0.021938,0.006621,0.867569,0.896128,16.433024,1
400,1350.0,-0.246727,0.495190,0.034924,0.072219,0.892857,0.021955,0.006670,0.863988,0.892613,16.299036,1
400,1352.0,-0.257350,0.497928,0.036382,0.074110,0.889508,0.021987,0.006726,0.860548,0.889261,16.168798,1
400,1354.0,-0.267985,0.500672,0.037832,0.075852,0.886315,0.022036,0.006787,0.857243,0.886065,16.042103,1
400,1356.0,-0.278635,0.503424,0.039280,0.077448,0.883271,0.022099,0.006853,0.854066,0.883018,15.918791,1
400,1358.0,-0.289296,0.506180,0.040723,0.078888,0.880389,0.022177,0.006925,0.851031,0.880133,15.799121,1
400,1360.0,-0.299971,0.508943,0.042167,0.080172,0.877661,0.022269,0.007001,0.848130,0.877401,15.682843,1
400,1362.0,-0.310660,0.511711,0.043614,0.081306,0.875080,0.022376,0.007083,0.845358,0.874817,15.569895,1
400,1364.0,-0.321361,0.514487,0.045066,0.082290,0.872643,0.022496,0.007169,0.842712,0.872377,15.460074,1
400,1366.0,-0.332075,0.517268,0.046524,0.083125,0.870351,0.022630,0.007259,0.840191,0.870081,15.353438,1
400,1368.0,-0.342803,0.520055,0.047995,0.083812,0.868192,0.022777,0.007355,0.837787,0.867919,15.249755,1
400,1370.0,-0.353543,0.522847,0.049482,0.084349,0.866169,0.022938,0.007454,0.835500,0.865892,15.149018,1
400,1372.0,-0.364298,0.525648,0.050983,0.084737,0.864280,0.023112,0.007558,0.833329,0.863999,15.051102,1
400,1374.0,-0.375064,0.528452,0.052505,0.084987,0.862508,0.023298,0.007666,0.831260,0.862224,14.955811,1
400,1376.0,-0.385844,0.531264,0.054045,0.085096,0.860859,0.023498,0.007778,0.829295,0.860571,14.863112,1
400,1378.0,-0.396637,0.534082,0.055613,0.085065,0.859322,0.023711,0.007894,0.827426,0.859031,14.772785,1
400,1380.0,-0.407443,0.536906,0.057206,0.084892,0.857902,0.023937,0.008015,0.825656,0.857607,14.684958,1
500,1200.0,0.516053,0.305320,0.675158,0.042589,0.282253,0.050627,0.003761,0.227823,0.282211,6.196071,1
500,1202.0,0.506408,0.307655,0.678102,0.035190,0.286708,0.052229,0.003897,0.230539,0.286666,6.232713,1
500,1204.0,0.496751,0.309996,0.680539,0.028451,0.291011,0.053866,0.004044,0.233057,0.290968,6.263632,1
500,1206.0,0.487080,0.312341,0.682374,0.022413,0.295213,0.055533,0.004202,0.235434,0.295169,6.290423,1
500,1208.0,0.477399,0.314691,0.683488,0.017120,0.299393,0.057225,0.004372,0.237751,0.299348,6.315341,1
500,1210.0,0.467703,0.317046,0.683752,0.012597,0.303651,0.058935,0.004554,0.240116,0.303605,6.341292,1
500,1212.0,0.457995,0.319403,0.683034,0.008854,0.308112,0.060657,0.004749,0.242659,0.308065,6.371648,1
500,1214.0,0.448276,0.321767,0.681197,0.005885,0.312918,0.062387,0.004957,0.245526,0.312870,6.410129,1
500,1216.0,0.438541,0.324136,0.678133,0.003650,0.318217,0.064119,0.005179,0.248870,0.318168,6.460561,1
500,1218.0,0.428796,0.326509,0.673720,0.002117,0.324163,0.065850,0.005416,0.252846,0.324112,6.526803,1
500,1220.0,0.419038,0.328887,0.667876,0.001226,0.330898,0.067578,0.005669,0.257597,0.330845,6.612221,1
500,1222.0,0.409267,0.331269,0.660534,0.000924,0.338543,0.069303,0.005942,0.263242,0.338488,6.719520,1
500,1224.0,0.399484,0.333658,0.651655,0.001158,0.347187,0.071027,0.006239,0.269863,0.347130,6.850401,1
500,1226.0,0.389687,0.336050,0.641228,0.001895,0.356877,0.072757,0.006564,0.277496,0.356818,7.005456,1
500,1228.0,0.379879,0.338447,0.629258,0.003122,0.367620,0.074502,0.006926,0.286130,0.367558,7.183961,1
500,1230.0,0.370057,0.340850,0.615777,0.004857,0.379366,0.076271,0.007333,0.295696,0.379301,7.383804,1
500,1232.0,0.360222,0.343257,0.600786,0.007157,0.392057,0.078079,0.007800,0.306109,0.391988,7.602542,1
500,1234.0,0.350375,0.345669,0.584250,0.010119,0.405631,0.079958,0.008345,0.317256,0.405559,7.837140,1
500,1236.0,0.340515,0.348087,0.566060,0.013887,0.420052,0.081939,0.008989,0.329048,0.419976,8.085055,1
500,1238.0,0.330643,0.350509,0.546032,0.018652,0.435316,0.084059,0.009765,0.341412,0.435236,8.344359,1
500,1240.0,0.320758,0.352935,0.523797,0.024675,0.451528,0.086377,0.010714,0.354353,0.451444,8.615008,1
500,1242.0,0.310859,0.355368,0.498705,0.032326,0.468969,0.088986,0.011898,0.367996,0.468881,8.899769,1
500,1244.0,0.300948,0.357805,0.469623,0.042186,0.488191,0.092041,0.013410,0.382648,0.488099,9.205884,1
500,1246.0,0.291025,0.360247,0.434405,0.055283,0.510312,0.095835,0.015404,0.398975,0.510213,9.548944,1
500,1248.0,0.281088,0.362694,0.388221,0.073940,0.537838,0.101033,0.018185,0.418515,0.537733,9.965004,1
500,1250.0,0.271138,0.365146,0.315332,0.105791,0.578877,0.109921,0.022551,0.446289,0.578762,10.571876,1
500,1252.0,0.261176,0.367604,0.162481,0.180690,0.656829,0.117271,0.032832,0.506593,0.656695,11.939210,1
500,1254.0,0.251201,0.370067,0.138910,0.194175,0.666916,0.103625,0.043902,0.519252,0.666780,12.175530,1
500,1256.0,0.241214,0.372535,0.108593,0.209238,0.682169,0.093225,0.063722,0.525080,0.682027,12.250127,1
500,1258.0,0.231212,0.375008,0.068259,0.224496,0.707246,0.083210,0.101367,0.522516,0.707093,12.129195,1
500,1260.0,0.221199,0.377485,0.022713,0.219365,0.757922,0.072834,0.162977,0.521937,0.757748,12.055384,1
500,1262.0,0.211173,0.379969,0.015331,0.148562,0.836107,0.065968,0.195372,0.574571,0.835911,13.205271,1
500,1264.0,0.201133,0.382458,0.054174,0.067488,0.878338,0.065411,0.143480,0.669255,0.878145,15.305467,1
500,1266.0,0.191081,0.384951,0.077023,0.037061,0.885916,0.064875,0.087922,0.732937,0.885734,16.679666,1
500,1268.0,0.181016,0.387451,0.080040,0.029663,0.890297,0.062808,0.056546,0.770767,0.890121,17.454909,1
500,1270.0,0.170937,0.389955,0.074691,0.027317,0.897993,0.060042,0.039706,0.798071,0.897819,17.985501,1
500,1272.0,0.160847,0.392465,0.066485,0.025302,0.908213,0.057097,0.030082,0.820861,0.908040,18.409757,1
500,1274.0,0.150743,0.394980,0.057607,0.022752,0.919641,0.054191,0.024153,0.841124,0.919468,18.773555,1
500,1276.0,0.140626,0.397500,0.048950,0.019720,0.931330,0.051411,0.020249,0.859496,0.931156,19.091932,1
500,1278.0,0.130496,0.400027,0.040903,0.016434,0.942663,0.048794,0.017533,0.876160,0.942487,19.369465,1
500,1280.0,0.120354,0.402558,0.033635,0.013126,0.953240,0.046351,0.015555,0.891156,0.953062,19.607750,1
500,1282.0,0.110198,0.405094,0.027217,0.009985,0.962798,0.044084,0.014060,0.904475,0.962619,19.807120,1
500,1284.0,0.100031,0.407636,0.021641,0.007149,0.971209,0.041985,0.012889,0.916153,0.971028,19.968836,1
500,1286.0,0.089849,0.410184,0.016901,0.004724,0.978375,0.040052,0.011951,0.926190,0.978192,20.093465,1
500,1288.0,0.079655,0.412736,0.012948,0.002773,0.984279,0.038272,0.011179,0.934643,0.984094,20.182818,1
500,1290.0,0.069448,0.415294,0.009725,0.001337,0.988939,0.036635,0.010533,0.941584,0.988752,20.238832,1
500,1292.0,0.059227,0.417859,0.007184,0.000431,0.992385,0.035136,0.009984,0.947076,0.992197,20.263303,1
500,1294.0,0.048995,0.420428,0.005260,0.000054,0.994687,0.033764,0.009512,0.951221,0.994497,20.258939,1
500,1296.0,0.038748,0.423002,0.003891,0.000188,0.995921,0.032512,0.009102,0.954116,0.995730,20.228124,1
500,1298.0,0.028489,0.425582,0.003013,0.000809,0.996178,0.031367,0.008743,0.955876,0.995986,20.173666,1
500,1300.0,0.018216,0.428169,0.002569,0.001882,0.995549,0.030324,0.008427,0.956604,0.995356,20.098002,1
500,1302.0,0.007931,0.430760,0.002503,0.003367,0.994129,0.029376,0.008148,0.956410,0.993934,20.003762,1
500,1304.0,-0.002367,0.433357,0.002764,0.005225,0.992011,0.028513,0.007901,0.955400,0.991814,19.893425,1
500,1306.0,-0.012678,0.435960,0.003302,0.007409,0.989289,0.027731,0.007682,0.953679,0.989091,19.769293,1
500,1308.0,-0.023002,0.438568,0.004076,0.009879,0.986045,0.027021,0.007487,0.951338,0.985846,19.633500,1
500,1310.0,-0.033340,0.441183,0.005045,0.012587,0.982368,0.026379,0.007315,0.948474,0.982168,19.488147,1
500,1312.0,-0.043689,0.443802,0.006174,0.015495,0.978331,0.025798,0.007163,0.945168,0.978129,19.335073,1
500,1314.0,-0.054052,0.446427,0.007432,0.018565,0.974003,0.025275,0.007030,0.941495,0.973800,19.175857,1
500,1316.0,-0.064430,0.449058,0.008794,0.021758,0.969448,0.024804,0.006913,0.937527,0.969244,19.012062,1
500,1318.0,-0.074818,0.451695,0.010236,0.025038,0.964726,0.024381,0.006812,0.933327,0.964520,18.845002,1
500,1320.0,-0.085220,0.454338,0.011735,0.028372,0.959893,0.024003,0.006725,0.928957,0.959685,18.675953,1
500,1322.0,-0.095636,0.456986,0.013281,0.031739,0.954980,0.023665,0.006652,0.924454,0.954771,18.505732,1
500,1324.0,-0.106064,0.459640,0.014855,0.035111,0.950034,0.023365,0.006591,0.919867,0.949822,18.335289,1
500,1326.0,-0.116506,0.462298,0.016444,0.038460,0.945096,0.023100,0.006541,0.915242,0.944883,18.165578,1
500,1328.0,-0.126960,0.464965,0.018042,0.041765,0.940193,0.022868,0.006503,0.910607,0.939978,17.997054,1
500,1330.0,-0.137427,0.467636,0.019643,0.045014,0.935342,0.022665,0.006475,0.905985,0.935125,17.830233,1
500,1332.0,-0.147908,0.470313,0.021237,0.048186,0.930577,0.022490,0.006456,0.901411,0.930358,17.665773,1
500,1334.0,-0.158402,0.472997,0.022821,0.051270,0.925909,0.022342,0.006447,0.896899,0.925687,17.503843,1
500,1336.0,-0.168909,0.475685,0.024391,0.054255,0.921354,0.022218,0.006445,0.892466,0.921130,17.344886,1
500,1338.0,-0.179428,0.478379,0.025948,0.057126,0.916926,0.022117,0.006453,0.888130,0.916700,17.189092,1
500,1340.0,-0.189961,0.481080,0.027489,0.059875,0.912636,0.022038,0.006467,0.883902,0.912407,17.036621,1
500,1342.0,-0.200507,0.483786,0.029014,0.062498,0.908488,0.021979,0.006490,0.879788,0.908257,16.887668,1
500,1344.0,-0.211065,0.486499,0.030520,0.064985,0.904495,0.021939,0.006519,0.875803,0.904261,16.742344,1
500,1346.0,-0.221637,0.489218,0.032013,0.067339,0.900648,0.021918,0.006554,0.871938,0.900411,16.600487,1
500,1348.0,-0.232223,0.491943,0.033490,0.069545,0.896965,0.021915,0.006597,0.868214,0.896726,16.462442,1
500,1350.0,-0.242821,0.494673,0.034958,0.071606,0.893436,0.021929,0.006645,0.864619,0.893193,16.328000,1
500,1352.0,-0.253432,0.497408,0.036413,0.073517,0.890070,0.021958,0.006699,0.861167,0.889824,16.197312,1
500,1354.0,-0.264056,0.500151,0.037860,0.075281,0.886859,0.022004,0.006759,0.857848,0.886611,16.070174,1
500,1356.0,-0.274694,0.502900,0.039303,0.076899,0.883798,0.022064,0.006824,0.854659,0.883546,15.946425,1
500,1358.0,-0.285344,0.505653,0.040741,0.078360,0.880899,0.022140,0.006894,0.851611,0.880644,15.826327,1
500,1360.0,-0.296007,0.508414,0.042179,0.079667,0.878154,0.022229,0.006969,0.848697,0.877895,15.709632,1
500,1362.0,-0.306685,0.511180,0.043620,0.080824,0.875557,0.022333,0.007049,0.845912,0.875295,15.596277,1
500,1364.0,-0.317374,0.513954,0.045065,0.081831,0.873104,0.022451,0.007134,0.843254,0.872839,15.486061,1
500,1366.0,-0.328077,0.516732,0.046515,0.082690,0.870796,0.022582,0.007224,0.840721,0.870527,15.379044,1
500,1368.0,-0.338793,0.519517,0.047978,0.083401,0.868621,0.022726,0.007318,0.838305,0.868349,15.274992,1
500,1370.0,-0.349522,0.522307,0.049455,0.083962,0.866583,0.022884,0.007416,0.836007,0.866308,15.173898,1
500,1372.0,-0.360265,0.525105,0.050946,0.084374,0.864680,0.023055,0.007519,0.833827,0.864401,15.075640,1
500,1374.0,-0.371020,0.527907,0.052458,0.084648,0.862894,0.023239,0.007626,0.831747,0.862612,14.980021,1
500,1376.0,-0.381788,0.530716,0.053987,0.084782,0.861231,0.023435,0.007737,0.829773,0.860945,14.887008,1
500,1378.0,-0.392569,0.533533,0.055543,0.084775,0.859682,0.023645,0.007852,0.827895,0.859392,14.796381,1
500,1380.0,-0.403364,0.536354,0.057124,0.084627,0.858249,0.023868,0.007971,0.826117,0.857956,14.708267,1
600,1200.0,0.519824,0.304876,0.676454,0.042613,0.280934,0.050556,0.003760,0.226576,0.280892,6.171113,1
600,1202.0,0.510191,0.307209,0.679389,0.035205,0.285406,0.052156,0.003896,0.229312,0.285364,6.208522,1
600,1204.0,0.500547,0.309548,0.681817,0.028456,0.289727,0.053791,0.004043,0.231850,0.289684,6.240201,1
600,1206.0,0.490889,0.311891,0.683644,0.022408,0.293948,0.055457,0.004201,0.234246,0.293904,6.267727,1
600,1208.0,0.481219,0.314239,0.684751,0.017104,0.298145,0.057147,0.004371,0.236582,0.298100,6.293332,1
600,1210.0,0.471536,0.316591,0.685009,0.012572,0.302419,0.058857,0.004553,0.238963,0.302373,6.319900,1
600,1212.0,0.461841,0.318946,0.684288,0.008820,0.306892,0.060579,0.004748,0.241518,0.306845,6.350784,1
600,1214.0,0.452134,0.321308,0.682451,0.005842,0.311707,0.062310,0.004956,0.244394,0.311660,6.389687,1
600,1216.0,0.442412,0.323675,0.679388,0.003601,0.317011,0.064044,0.005178,0.247741,0.316962,6.440429,1
600,1218.0,0.432679,0.326045,0.674980,0.002062,0.322958,0.065777,0.005415,0.251716,0.322908,6.506872,1
600,1220.0,0.422934,0.328421,0.669143,0.001167,0.329690,0.067508,0.005669,0.256461,0.329637,6.592392,1
600,1222.0,0.413176,0.330801,0.661811,0.000861,0.337328,0.069237,0.005942,0.262096,0.337274,6.699717,1
600,1224.0,0.403405,0.333187,0.652944,0.001092,0.345964,0.070966,0.006238,0.268703,0.345907,6.830579,1
600,1226.0,0.393621,0.335577,0.642530,0.001825,0.355645,0.072702,0.006563,0.276321,0.355586,6.985599,1
600,1228.0,0.383825,0.337972,0.630574,0.003047,0.366379,0.074454,0.006925,0.284938,0.366317,7.164081,1
600,1230.0,0.374016,0.340372,0.617109,0.004774,0.378117,0.076233,0.007332,0.294487,0.378052,7.363929,1
600,1232.0,0.364194,0.342778,0.602134,0.007066,0.390801,0.078051,0.007798,0.304883,0.390732,7.582696,1
600,1234.0,0.354359,0.345187,0.585614,0.010018,0.404368,0.079942,0.008341,0.316013,0.404296,7.817329,1
600,1236.0,0.344512,0.347602,0.567441,0.013777,0.418783,0.081937,0.008985,0.327785,0.418707,8.065243,1
600,1238.0,0.334653,0.350022,0.547428,0.018536,0.434037,0.084073,0.009759,0.340125,0.433957,8.324462,1
600,1240.0,0.324780,0.352446,0.525207,0.024559,0.450234,0.086409,0.010706,0.353036,0.450151,8.594883,1
600,1242.0,0.314894,0.354877,0.500124,0.032222,0.467653,0.089040,0.011887,0.366639,0.467566,8.879224,1
600,1244.0,0.304997,0.357311,0.471045,0.042109,0.486846,0.092119,0.013395,0.381240,0.486753,9.184681,1
600,1246.0,0.295086,0.359751,0.435817,0.055258,0.508925,0.095942,0.015383,0.397502,0.508827,9.526812,1
600,1248.0,0.285162,0.362196,0.389598,0.074004,0.536399,0.101177,0.018158,0.416960,0.536294,9.941632,1
600,1250.0,0.275225,0.364645,0.316616,0.106014,0.577371,0.110121,0.022513,0.444623,0.577256,10.546862,1
600,1252.0,0.265276,0.367101,0.163405,0.181553,0.655041,0.117554,0.032746,0.504608,0.654908,11.908741,1
600,1254.0,0.255314,0.369561,0.139663,0.195449,0.664888,0.103888,0.043720,0.517144,0.664752,12.142692,1
600,1256.0,0.245339,0.372027,0.109189,0.210857,0.679954,0.093470,0.063374,0.522970,0.679813,12.217553,1
600,1258.0,0.235351,0.374497,0.068701,0.226533,0.704766,0.083433,0.100738,0.520443,0.704614,12.097543,1
600,1260.0,0.225350,0.376973,0.022942,0.222077,0.754981,0.073011,0.162190,0.519607,0.754808,12.017891,1
600,1262.0,0.215337,0.379454,0.015398,0.151498,0.833104,0.066075,0.195355,0.571480,0.832910,13.152048,1
600,1264.0,0.205311,0.381941,0.054742,0.069417,0.875840,0.065547,0.143896,0.666206,0.875649,15.256394,1
600,1266.0,0.195271,0.384431,0.077930,0.038445,0.883625,0.065066,0.088169,0.730208,0.883444,16.640042,1
600,1268.0,0.185220,0.386929,0.080969,0.030929,0.888102,0.063023,0.056673,0.768232,0.887927,17.420991,1
600,1270.0,0.175154,0.389430,0.075533,0.028562,0.895905,0.060264,0.039783,0.795686,0.895732,17.955922,1
600,1272.0,0.165076,0.391937,0.067220,0.026527,0.906254,0.057318,0.030139,0.818625,0.906082,18.384331,1
600,1274.0,0.154986,0.394450,0.058235,0.023935,0.917830,0.054407,0.024201,0.839049,0.917657,18.752410,1
600,1276.0,0.144882,0.396967,0.049479,0.020839,0.929681,0.051620,0.020294,0.857594,0.929508,19.075237,1
600,1278.0,0.134766,0.399492,0.041343,0.017470,0.941187,0.048994,0.017577,0.874441,0.941012,19.357346,1
600,1280.0,0.124636,0.402020,0.033994,0.014062,0.951944,0.046542,0.015598,0.889627,0.951767,19.600270,1
600,1282.0,0.114494,0.404554,0.027504,0.010810,0.961686,0.044266,0.014102,0.903139,0.961507,19.804266,1
600,1284.0,0.104339,0.407094,0.021865,0.007854,0.970282,0.042159,0.012930,0.915012,0.970101,19.970535,1
600,1286.0,0.094171,0.409639,0.017069,0.005302,0.977629,0.040215,0.011990,0.925241,0.977447,20.099577,1
600,1288.0,0.083990,0.412188,0.013067,0.003223,0.983709,0.038426,0.011217,0.933881,0.983525,20.193153,1
600,1290.0,0.073796,0.414744,0.009803,0.001658,0.988538,0.036780,0.010569,0.941003,0.988352,20.253159,1
600,1292.0,0.063589,0.417306,0.007229,0.000627,0.992144,0.035272,0.010019,0.946666,0.991957,20.281352,1
600,1294.0,0.053370,0.419873,0.005276,0.000128,0.994596,0.033891,0.009545,0.950972,0.994407,20.280419,1
600,1296.0,0.043137,0.422445,0.003885,0.000146,0.995969,0.032629,0.009133,0.954017,0.995779,20.252728,1
600,1298.0,0.032891,0.425022,0.002990,0.000656,0.996354,0.031476,0.008771,0.955915,0.996162,20.201085,1
600,1300.0,0.022631,0.427606,0.002534,0.001627,0.995839,0.030424,0.008453,0.956769,0.995646,20.127926,1
600,1302.0,0.012360,0.430195,0.002460,0.003018,0.994522,0.029468,0.008171,0.956688,0.994328,20.035884,1
600,1304.0,0.002075,0.432789,0.002716,0.004789,0.992495,0.028597,0.007921,0.955780,0.992299,19.927450,1
600,1306.0,-0.008222,0.435389,0.003253,0.006895,0.989852,0.027807,0.007700,0.954148,0.989655,19.804939,1
600,1308.0,-0.018533,0.437995,0.004028,0.009296,0.986677,0.027090,0.007503,0.951886,0.986478,19.670504,1
600,1310.0,-0.028857,0.440607,0.005000,0.011943,0.983058,0.026441,0.007328,0.949089,0.982858,19.526263,1
600,1312.0,-0.039194,0.443224,0.006133,0.014798,0.979069,0.025854,0.007173,0.945840,0.978868,19.374076,1
600,1314.0,-0.049543,0.445847,0.007398,0.017821,0.974781,0.025325,0.007037,0.942216,0.974578,19.215544,1
600,1316.0,-0.059907,0.448475,0.008767,0.020976,0.970257,0.024848,0.006918,0.938287,0.970053,19.052248,1
600,1318.0,-0.070281,0.451109,0.010216,0.024225,0.965559,0.024419,0.006815,0.934120,0.965354,18.885520,1
600,1320.0,-0.080670,0.453749,0.011724,0.027533,0.960743,0.024036,0.006726,0.929775,0.960536,18.716655,1
600,1322.0,-0.091073,0.456394,0.013277,0.030881,0.955841,0.023692,0.006650,0.925291,0.955633,18.546489,1
600,1324.0,-0.101488,0.459045,0.014860,0.034240,0.950901,0.023387,0.006586,0.920717,0.950690,18.375990,1
600,1326.0,-0.111915,0.461702,0.016456,0.037579,0.945965,0.023117,0.006535,0.916100,0.945752,18.206126,1
600,1328.0,-0.122356,0.464365,0.018061,0.040880,0.941059,0.022880,0.006494,0.911470,0.940845,18.037363,1
600,1330.0,-0.132810,0.467034,0.019669,0.044129,0.936201,0.022673,0.006463,0.906849,0.935985,17.870233,1
600,1332.0,-0.143276,0.469708,0.021269,0.047304,0.931427,0.022494,0.006443,0.902272,0.931209,17.705406,1
600,1334.0,-0.153757,0.472389,0.022857,0.050396,0.926747,0.022342,0.006431,0.897754,0.926526,17.543061,1
600,1336.0,-0.164250,0.475074,0.024432,0.053390,0.922177,0.022213,0.006428,0.893313,0.921955,17.383650,1
600,1338.0,-0.174755,0.477766,0.025992,0.056274,0.917734,0.022109,0.006433,0.888968,0.917509,17.227371,1
600,1340.0,-0.185275,0.480465,0.027536,0.059038,0.913427,0.022025,0.006446,0.884728,0.913199,17.074389,1
600,1342.0,-0.195807,0.483168,0.029062,0.061678,0.909261,0.021963,0.006466,0.880601,0.909030,16.924909,1
600,1344.0,-0.206351,0.485877,0.030568,0.064184,0.905248,0.021920,0.006493,0.876602,0.905015,16.779048,1
600,1346.0,-0.216909,0.488594,0.032060,0.066558,0.901381,0.021895,0.006527,0.872723,0.901146,16.636645,1
600,1348.0,-0.227481,0.491316,0.033536,0.068786,0.897678,0.021888,0.006568,0.868984,0.897440,16.498053,1
600,1350.0,-0.238065,0.494043,0.035002,0.070871,0.894127,0.021898,0.006614,0.865374,0.893886,16.363062,1
600,1352.0,-0.248663,0.496776,0.036454,0.072806,0.890740,0.021925,0.006667,0.861905,0.890496,16.231831,1
600,1354.0,-0.259273,0.499516,0.037896,0.074595,0.887509,0.021967,0.006725,0.858571,0.887262,16.104156,1
600,1356.0,-0.269897,0.502262,0.039334,0.076238,0.884427,0.022023,0.006788,0.855365,0.884177,15.979879,1
600,1358.0,-0.280533,0.505013,0.040766,0.077726,0.881508,0.022095,0.006857,0.852302,0.881254,15.859263,1
600,1360.0,-0.291182,0.507771,0.042197,0.079061,0.878742,0.022182,0.006931,0.849372,0.878485,15.742062,1
600,1362.0,-0.301846,0.510534,0.043630,0.080245,0.876125,0.022282,0.007009,0.846573,0.875865,15.628214,1
600,1364.0,-0.312521,0.513305,0.045066,0.081281,0.873652,0.022396,0.007093,0.843900,0.873389,15.517519,1
600,1366.0,-0.323210,0.516081,0.046506,0.082168,0.871325,0.022524,0.007181,0.841353,0.871058,15.410040,1
600,1368.0,-0.333913,0.518862,0.047959,0.082908,0.869132,0.022665,0.007274,0.838923,0.868862,15.305539,1
600,1370.0,-0.344627,0.521650,0.049426,0.083499,0.867076,0.022819,0.007371,0.836612,0.866802,15.204013,1
600,1372.0,-0.355356,0.524445,0.050905,0.083941,0.865155,0.022987,0.007472,0.834419,0.864878,15.105340,1
600,1374.0,-0.366097,0.527244,0.052403,0.084244,0.863352,0.023167,0.007578,0.832327,0.863072,15.009320,1
600,1376.0,-0.376851,0.530050,0.053919,0.084408,0.861673,0.023360,0.007687,0.830341,0.861389,14.915926,1
600,1378.0,-0.387619,0.532864,0.055461,0.084431,0.860108,0.023566,0.007801,0.828453,0.859820,14.824934,1
600,1380.0,-0.398399,0.535682,0.057027,0.084313,0.858661,0.023786,0.007919,0.826664,0.858369,14.736472,1
800,1200.0,0.529343,0.303756,0.679725,0.042669,0.277607,0.050378,0.003758,0.223429,0.277566,6.107850,1
800,1202.0,0.519742,0.306084,0.682639,0.035240,0.282121,0.051973,0.003894,0.226213,0.282080,6.147137,1
800,1204.0,0.510129,0.308416,0.685046,0.028468,0.286486,0.053603,0.004041,0.228800,0.286444,6.180688,1
800,1206.0,0.500502,0.310754,0.686853,0.022396,0.290751,0.055265,0.004199,0.231244,0.290707,6.210028,1
800,1208.0,0.490864,0.313097,0.687942,0.017069,0.294989,0.056952,0.004369,0.233624,0.294945,6.237329,1
800,1210.0,0.481213,0.315443,0.688187,0.012513,0.299300,0.058660,0.004551,0.236044,0.299255,6.265422,1
800,1212.0,0.471549,0.317792,0.687457,0.008739,0.303804,0.060383,0.004746,0.238629,0.303758,6.297609,1
800,1214.0,0.461874,0.320149,0.685617,0.005742,0.308641,0.062115,0.004954,0.241525,0.308594,6.337556,1
800,1216.0,0.452183,0.322510,0.682558,0.003486,0.313956,0.063852,0.005176,0.244880,0.313908,6.389061,1
800,1218.0,0.442483,0.324875,0.678162,0.001935,0.319904,0.065590,0.005413,0.248851,0.319854,6.455989,1
800,1220.0,0.432769,0.327244,0.672343,0.001031,0.326626,0.067328,0.005667,0.253579,0.326574,6.541745,1
800,1222.0,0.423043,0.329619,0.665034,0.000718,0.334247,0.069067,0.005940,0.259187,0.334194,6.649114,1
800,1224.0,0.413303,0.331999,0.656197,0.000943,0.342860,0.070809,0.006237,0.265758,0.342804,6.779900,1
800,1226.0,0.403551,0.334383,0.645816,0.001668,0.352516,0.072560,0.006562,0.273336,0.352457,6.934804,1
800,1228.0,0.393788,0.336772,0.633897,0.002878,0.363225,0.074331,0.006922,0.281910,0.363164,7.113201,1
800,1230.0,0.384010,0.339167,0.620470,0.004588,0.374941,0.076132,0.007328,0.291416,0.374877,7.313038,1
800,1232.0,0.374221,0.341567,0.605535,0.006859,0.387607,0.077977,0.007793,0.301769,0.387539,7.531858,1
800,1234.0,0.364418,0.343970,0.589056,0.009787,0.401157,0.079899,0.008333,0.312854,0.401086,7.766563,1
800,1236.0,0.354603,0.346379,0.570923,0.013524,0.415553,0.081929,0.008973,0.324576,0.415478,8.014472,1
800,1238.0,0.344776,0.348793,0.550949,0.018268,0.430783,0.084106,0.009743,0.336855,0.430704,8.273476,1
800,1240.0,0.334936,0.351211,0.528764,0.024293,0.446944,0.086488,0.010684,0.349689,0.446861,8.543330,1
800,1242.0,0.325082,0.353636,0.503707,0.031985,0.464309,0.089172,0.011858,0.363192,0.464222,8.826612,1
800,1244.0,0.315217,0.356065,0.474635,0.041941,0.483424,0.092312,0.013356,0.377664,0.483333,9.130400,1
800,1246.0,0.305338,0.358498,0.439380,0.055220,0.505400,0.096209,0.015332,0.393763,0.505303,9.470165,1
800,1248.0,0.295447,0.360937,0.393073,0.074188,0.532739,0.101536,0.018089,0.413011,0.532636,9.881808,1
800,1250.0,0.285542,0.363381,0.319856,0.106603,0.573541,0.110619,0.022418,0.440391,0.573427,10.482821,1
800,1252.0,0.275626,0.365830,0.165733,0.183771,0.650496,0.118264,0.032535,0.499565,0.650364,11.830663,1
800,1254.0,0.265696,0.368285,0.141561,0.198712,0.659727,0.104545,0.043270,0.511778,0.659593,12.058329,1
800,1256.0,0.255754,0.370744,0.110689,0.214990,0.674321,0.094084,0.062509,0.517589,0.674182,12.133671,1
800,1258.0,0.245799,0.373209,0.069820,0.231709,0.698471,0.083993,0.099168,0.515160,0.698322,12.016105,1
800,1260.0,0.235831,0.375678,0.023534,0.228931,0.747535,0.073457,0.160196,0.513712,0.747365,11.922498,1
800,1262.0,0.225851,0.378153,0.015562,0.158973,0.825465,0.066344,0.195280,0.563649,0.825273,13.016465,1
800,1264.0,0.215857,0.380634,0.056174,0.074373,0.869453,0.065887,0.144960,0.658416,0.869263,15.129774,1
800,1266.0,0.205850,0.383118,0.080238,0.042024,0.877737,0.065549,0.088810,0.723199,0.877558,16.536804,1
800,1268.0,0.195832,0.385609,0.083332,0.034233,0.882436,0.063569,0.057001,0.761692,0.882262,17.331799,1
800,1270.0,0.185799,0.388105,0.077676,0.031838,0.890486,0.060827,0.039981,0.789508,0.890316,17.877350,1
800,1272.0,0.175755,0.390606,0.069086,0.029770,0.901144,0.057878,0.030286,0.812810,0.900974,18.315965,1
800,1274.0,0.165698,0.393112,0.059830,0.027090,0.913080,0.054955,0.024328,0.833627,0.912910,18.694626,1
800,1276.0,0.155627,0.395623,0.050824,0.023845,0.925331,0.052151,0.020411,0.852597,0.925159,19.028511,1
800,1278.0,0.145543,0.398141,0.042460,0.020274,0.937266,0.049506,0.017690,0.869896,0.937092,19.322050,1
800,1280.0,0.135447,0.400664,0.034907,0.016621,0.948472,0.047033,0.015709,0.885554,0.948296,19.576611,1
800,1282.0,0.125338,0.403191,0.028235,0.013092,0.958673,0.044735,0.014210,0.899551,0.958496,19.792259,1
800,1284.0,0.115217,0.405724,0.022435,0.009834,0.967731,0.042604,0.013036,0.911912,0.967552,19.970041,1
800,1286.0,0.105082,0.408263,0.017498,0.006966,0.975536,0.040637,0.012094,0.922625,0.975355,20.110283,1
800,1288.0,0.094934,0.410806,0.013374,0.004563,0.982063,0.038824,0.011317,0.931739,0.981880,20.214614,1
800,1290.0,0.084774,0.413356,0.010006,0.002672,0.987322,0.037154,0.010665,0.939319,0.987138,20.284823,1
800,1292.0,0.074600,0.415911,0.007344,0.001319,0.991337,0.035622,0.010110,0.945419,0.991151,20.322561,1
800,1294.0,0.064415,0.418471,0.005320,0.000507,0.994173,0.034218,0.009631,0.950137,0.993986,20.330461,1
800,1296.0,0.054215,0.421037,0.003873,0.000226,0.995902,0.032933,0.009213,0.953567,0.995713,20.310840,1
800,1298.0,0.044003,0.423608,0.002934,0.000452,0.996614,0.031758,0.008846,0.955820,0.996424,20.266498,1
800,1300.0,0.033777,0.426185,0.002446,0.001156,0.996397,0.030686,0.008522,0.956999,0.996206,20.199863,1
800,1302.0,0.023539,0.428768,0.002352,0.002301,0.995347,0.029709,0.008234,0.957212,0.995155,20.113568,1
800,1304.0,0.013289,0.431355,0.002596,0.003847,0.993557,0.028819,0.007978,0.956567,0.993363,20.010136,1
800,1306.0,0.003025,0.433949,0.003130,0.005748,0.991122,0.028010,0.007749,0.955168,0.990927,19.891910,1
800,1308.0,-0.007252,0.436548,0.003908,0.007965,0.988127,0.027274,0.007546,0.953111,0.987931,19.761092,1
800,1310.0,-0.017542,0.439154,0.004888,0.010450,0.984662,0.026608,0.007364,0.950492,0.984464,19.619838,1
800,1312.0,-0.027844,0.441764,0.006035,0.013162,0.980802,0.026005,0.007203,0.947395,0.980603,19.470063,1
800,1314.0,-0.038160,0.444380,0.007316,0.016064,0.976620,0.025459,0.007061,0.943900,0.976420,19.313417,1
800,1316.0,-0.048490,0.447001,0.008704,0.019114,0.972182,0.024967,0.006935,0.940079,0.971981,19.151528,1
800,1318.0,-0.058830,0.449629,0.010173,0.022277,0.967550,0.024524,0.006825,0.935998,0.967347,18.985774,1
800,1320.0,-0.069185,0.452263,0.011702,0.025515,0.962783,0.024126,0.006730,0.931722,0.962578,18.817501,1
800,1322.0,-0.079553,0.454901,0.013277,0.028809,0.957914,0.023770,0.006648,0.927291,0.957708,18.647593,1
800,1324.0,-0.089933,0.457546,0.014880,0.032127,0.952994,0.023452,0.006578,0.922756,0.952786,18.477058,1
800,1326.0,-0.100326,0.460195,0.016496,0.035439,0.948065,0.023169,0.006521,0.918165,0.947856,18.306904,1
800,1328.0,-0.110733,0.462852,0.018120,0.038724,0.943156,0.022920,0.006474,0.913550,0.942945,18.137629,1
800,1330.0,-0.121152,0.465514,0.019745,0.041969,0.938286,0.022702,0.006438,0.908933,0.938073,17.969797,1
800,1332.0,-0.131584,0.468181,0.021359,0.045149,0.933491,0.022512,0.006412,0.904352,0.933276,17.804114,1
800,1334.0,-0.142030,0.470856,0.022961,0.048255,0.928784,0.022348,0.006395,0.899824,0.928567,17.640785,1
800,1336.0,-0.152489,0.473534,0.024547,0.051271,0.924182,0.022210,0.006386,0.895366,0.923962,17.480286,1
800,1338.0,-0.162960,0.476219,0.026116,0.054183,0.919701,0.022095,0.006386,0.890998,0.919479,17.322830,1
800,1340.0,-0.173444,0.478910,0.027666,0.056982,0.915352,0.022002,0.006394,0.886732,0.915128,17.168605,1
800,1342.0,-0.183942,0.481607,0.029196,0.059663,0.911141,0.021929,0.006410,0.882575,0.910914,17.017833,1
800,1344.0,-0.194451,0.484309,0.030703,0.062215,0.907081,0.021877,0.006432,0.878543,0.906852,16.870650,1
800,1346.0,-0.204974,0.487019,0.032195,0.064639,0.903166,0.021843,0.006462,0.874629,0.902934,16.726903,1
800,1348.0,-0.215512,0.489734,0.033667,0.066921,0.899412,0.021827,0.006498,0.870853,0.899178,16.586955,1
800,1350.0,-0.226061,0.492455,0.035127,0.069063,0.895810,0.021828,0.006540,0.867205,0.895573,16.450604,1
800,1352.0,-0.236623,0.495180,0.036570,0.071058,0.892371,0.021845,0.006588,0.863698,0.892131,16.318022,1
800,1354.0,-0.247198,0.497913,0.038002,0.072909,0.889088,0.021878,0.006642,0.860325,0.888845,16.189011,1
800,1356.0,-0.257787,0.500652,0.039427,0.074618,0.885955,0.021927,0.006701,0.857081,0.885709,16.063416,1
800,1358.0,-0.268388,0.503396,0.040844,0.076172,0.882984,0.021990,0.006766,0.853979,0.882734,15.941508,1
800,1360.0,-0.279002,0.506147,0.042258,0.077575,0.880167,0.022067,0.006836,0.851011,0.879914,15.823040,1
800,1362.0,-0.289631,0.508903,0.043671,0.078829,0.877500,0.022159,0.006911,0.848174,0.877244,15.707958,1
800,1364.0,-0.300271,0.511666,0.045085,0.079936,0.874978,0.022265,0.006991,0.845464,0.874719,15.596064,1
800,1366.0,-0.310925,0.514435,0.046501,0.080895,0.872604,0.022384,0.007075,0.842882,0.872341,15.487426,1
800,1368.0,-0.321592,0.517210,0.047928,0.081708,0.870364,0.022516,0.007164,0.840418,0.870098,15.381800,1
800,1370.0,-0.332270,0.519990,0.049366,0.082372,0.868262,0.022661,0.007258,0.838074,0.867993,15.279188,1
800,1372.0,-0.342964,0.522778,0.050815,0.082888,0.866297,0.022820,0.007356,0.835849,0.866024,15.179471,1
800,1374.0,-0.353670,0.525570,0.052282,0.083266,0.864452,0.022992,0.007458,0.833726,0.864176,15.082448,1
800,1376.0,-0.364388,0.528369,0.053764,0.083504,0.862732,0.023176,0.007564,0.831712,0.862452,14.988096,1
800,1378.0,-0.375120,0.531175,0.055270,0.083603,0.861127,0.023373,0.007674,0.829796,0.860844,14.896183,1
800,1380.0,-0.385864,0.533986,0.056797,0.083561,0.859642,0.023583,0.007789,0.827982,0.859355,14.806845,1
1000,1200.0,0.541403,0.302337,0.683865,0.042733,0.273402,0.050155,0.003756,0.219451,0.273362,6.027253,1
1000,1202.0,0.531841,0.304658,0.686754,0.035281,0.277964,0.051742,0.003891,0.222290,0.277923,6.068810,1
1000,1204.0,0.522268,0.306984,0.689136,0.028484,0.282380,0.053366,0.004038,0.224934,0.282338,6.104632,1
1000,1206.0,0.512681,0.309314,0.690919,0.022385,0.286695,0.055022,0.004196,0.227435,0.286653,6.136177,1
1000,1208.0,0.503083,0.311649,0.691987,0.017030,0.290983,0.056706,0.004366,0.229868,0.290940,6.165549,1
1000,1210.0,0.493472,0.313989,0.692214,0.012448,0.295338,0.058411,0.004548,0.232334,0.295294,6.195506,1
1000,1212.0,0.483848,0.316331,0.691474,0.008650,0.299876,0.060133,0.004743,0.234955,0.299831,6.229285,1
1000,1214.0,0.474212,0.318680,0.689629,0.005633,0.304738,0.061867,0.004951,0.237874,0.304692,6.270505,1
1000,1216.0,0.464562,0.321034,0.686575,0.003360,0.310065,0.063607,0.005173,0.241237,0.310017,6.322932,1
1000,1218.0,0.454902,0.323392,0.682192,0.001797,0.316011,0.065351,0.005411,0.245200,0.315962,6.390433,1
1000,1220.0,0.445229,0.325754,0.676394,0.000887,0.322719,0.067098,0.005665,0.249905,0.322668,6.476447,1
1000,1222.0,0.435542,0.328121,0.669115,0.000569,0.330316,0.068849,0.005939,0.255475,0.330263,6.583823,1
1000,1224.0,0.425843,0.330495,0.660314,0.000789,0.338896,0.070606,0.006235,0.262000,0.338841,6.714460,1
1000,1226.0,0.416132,0.332871,0.649975,0.001507,0.348517,0.072376,0.006560,0.269524,0.348460,6.869160,1
1000,1228.0,0.406409,0.335253,0.638102,0.002706,0.359192,0.074170,0.006920,0.278042,0.359131,7.047391,1
1000,1230.0,0.396672,0.337640,0.624723,0.004400,0.370878,0.075998,0.007325,0.287491,0.370814,7.247159,1
1000,1232.0,0.386923,0.340032,0.609837,0.006646,0.383517,0.077876,0.007787,0.297787,0.383450,7.466005,1
1000,1234.0,0.377160,0.342428,0.593409,0.009546,0.397044,0.079836,0.008325,0.308813,0.396974,7.700777,1
1000,1236.0,0.367387,0.344830,0.575328,0.013256,0.411416,0.081910,0.008960,0.320471,0.411342,7.948670,1
1000,1238.0,0.357600,0.347237,0.555405,0.017981,0.426614,0.084138,0.009725,0.332674,0.426536,8.207408,1
1000,1240.0,0.347801,0.349647,0.533264,0.024007,0.442729,0.086578,0.010659,0.345411,0.442648,8.476556,1
1000,1242.0,0.337988,0.352064,0.508240,0.031734,0.460026,0.089329,0.011823,0.358788,0.459940,8.758507,1
1000,1244.0,0.328164,0.354486,0.479178,0.041777,0.479045,0.092547,0.013310,0.373098,0.478954,9.060176,1
1000,1246.0,0.318326,0.356912,0.443892,0.055219,0.500889,0.096535,0.015270,0.388987,0.500793,9.396908,1
1000,1248.0,0.308476,0.359343,0.397473,0.074472,0.528056,0.101980,0.018006,0.407968,0.527953,9.804451,1
1000,1250.0,0.298613,0.361779,0.323959,0.107402,0.568639,0.111239,0.022303,0.434985,0.568527,10.399995,1
1000,1252.0,0.288738,0.364221,0.168669,0.186653,0.644677,0.119153,0.032278,0.493115,0.644547,11.729523,1
1000,1254.0,0.278849,0.366668,0.143951,0.202937,0.653112,0.105367,0.042718,0.504894,0.652979,11.948603,1
1000,1256.0,0.268949,0.369120,0.112580,0.220318,0.667103,0.094852,0.061444,0.510669,0.666966,12.024161,1
1000,1258.0,0.259034,0.371576,0.071241,0.238323,0.690435,0.084694,0.097222,0.508373,0.690288,11.909880,1
1000,1260.0,0.249108,0.374038,0.024307,0.237623,0.738070,0.074020,0.157662,0.506222,0.737903,11.800175,1
1000,1262.0,0.239169,0.376505,0.015757,0.168568,0.815675,0.066679,0.195117,0.553689,0.815486,12.842423,1
1000,1264.0,0.229217,0.378978,0.057981,0.080816,0.861203,0.066311,0.146337,0.648367,0.861016,14.963962,1
1000,1266.0,0.219252,0.381454,0.083196,0.046727,0.870078,0.066161,0.089654,0.714086,0.869901,16.399633,1
1000,1268.0,0.209276,0.383938,0.086362,0.038632,0.875006,0.064265,0.057436,0.753134,0.874835,17.211661,1
1000,1270.0,0.199285,0.386426,0.080421,0.036249,0.883330,0.061547,0.040245,0.781370,0.883162,17.769970,1
1000,1272.0,0.189282,0.388919,0.071475,0.034181,0.894344,0.058596,0.030481,0.805100,0.894177,18.220913,1
1000,1274.0,0.179267,0.391417,0.061871,0.031421,0.906708,0.055659,0.024495,0.826385,0.906540,18.612484,1
1000,1276.0,0.169238,0.393920,0.052544,0.028014,0.919442,0.052835,0.020567,0.845870,0.919272,18.959986,1
1000,1278.0,0.159196,0.396431,0.043890,0.024209,0.931900,0.050166,0.017840,0.863723,0.931729,19.267719,1
1000,1280.0,0.149142,0.398945,0.036077,0.020263,0.943660,0.047667,0.015856,0.879964,0.943487,19.536836,1
1000,1282.0,0.139076,0.401464,0.029173,0.016394,0.954433,0.045341,0.014354,0.894562,0.954258,19.767156,1
1000,1284.0,0.128996,0.403990,0.023167,0.012762,0.964071,0.043182,0.013177,0.907535,0.963894,19.959527,1
1000,1286.0,0.118904,0.406520,0.018050,0.009495,0.972454,0.041186,0.012231,0.918858,0.972276,20.114046,1
1000,1288.0,0.108798,0.409056,0.013771,0.006681,0.979549,0.039344,0.011450,0.928574,0.979368,20.232168,1
1000,1290.0,0.098681,0.411597,0.010269,0.004373,0.985358,0.037645,0.010793,0.936738,0.985176,20.315533,1
1000,1292.0,0.088550,0.414144,0.007495,0.002606,0.989898,0.036084,0.010232,0.943399,0.989715,20.365648,1
1000,1294.0,0.078406,0.416696,0.005380,0.001389,0.993231,0.034651,0.009747,0.948648,0.993046,20.385066,1
1000,1296.0,0.068250,0.419254,0.003861,0.000717,0.995423,0.033338,0.009323,0.952575,0.995236,20.376029,1
1000,1298.0,0.058080,0.421817,0.002867,0.000570,0.996563,0.032135,0.008949,0.955291,0.996375,20.341322,1
1000,1300.0,0.047897,0.424386,0.002339,0.000923,0.996738,0.031036,0.008617,0.956896,0.996549,20.283349,1
1000,1302.0,0.037702,0.426960,0.002218,0.001741,0.996041,0.030033,0.008321,0.957496,0.995851,20.204740,1
1000,1304.0,0.027494,0.429539,0.002449,0.002985,0.994566,0.029118,0.008057,0.957201,0.994375,20.108049,1
1000,1306.0,0.017273,0.432125,0.002978,0.004611,0.992410,0.028285,0.007820,0.956113,0.992218,19.995650,1
1000,1308.0,0.007039,0.434716,0.003761,0.006580,0.989659,0.027526,0.007608,0.954331,0.989465,19.869800,1
1000,1310.0,-0.003208,0.437313,0.004754,0.008843,0.986403,0.026838,0.007418,0.951952,0.986208,19.732700,1
1000,1312.0,-0.013467,0.439914,0.005918,0.011361,0.982721,0.026213,0.007249,0.949063,0.982525,19.586332,1
1000,1314.0,-0.023739,0.442522,0.007221,0.014091,0.978688,0.025647,0.007098,0.945745,0.978490,19.432408,1
1000,1316.0,-0.034026,0.445135,0.008633,0.016996,0.974371,0.025135,0.006964,0.942073,0.974172,19.272615,1
1000,1318.0,-0.044323,0.447754,0.010130,0.020035,0.969835,0.024674,0.006846,0.938115,0.969635,19.108386,1
1000,1320.0,-0.054634,0.450380,0.011687,0.023172,0.965141,0.024258,0.006743,0.933939,0.964939,18.941132,1
1000,1322.0,-0.064959,0.453010,0.013290,0.026384,0.960326,0.023884,0.006653,0.929586,0.960123,18.771798,1
1000,1324.0,-0.075296,0.455646,0.014921,0.029639,0.955440,0.023550,0.006575,0.925110,0.955235,18.601445,1
1000,1326.0,-0.085646,0.458286,0.016564,0.032906,0.950530,0.023252,0.006510,0.920562,0.950324,18.431131,1
1000,1328.0,-0.096008,0.460935,0.018213,0.036162,0.945625,0.022987,0.006456,0.915974,0.945417,18.261394,1
1000,1330.0,-0.106384,0.463588,0.019862,0.039391,0.940747,0.022754,0.006413,0.911371,0.940537,18.092843,1
1000,1332.0,-0.116772,0.466247,0.021497,0.042570,0.935933,0.022549,0.006379,0.906793,0.935722,17.926229,1
1000,1334.0,-0.127175,0.468913,0.023117,0.045685,0.931198,0.022372,0.006355,0.902258,0.930985,17.761793,1
1000,1336.0,-0.137589,0.471582,0.024718,0.048722,0.926560,0.022220,0.006340,0.897785,0.926345,17.600038,1
1000,1338.0,-0.148016,0.474258,0.026299,0.051664,0.922037,0.022092,0.006333,0.893394,0.921819,17.441202,1
1000,1340.0,-0.158457,0.476941,0.027858,0.054503,0.917640,0.021986,0.006335,0.889099,0.917420,17.285501,1
1000,1342.0,-0.168910,0.479629,0.029394,0.057230,0.913376,0.021901,0.006344,0.884909,0.913154,17.133182,1
1000,1344.0,-0.179376,0.482323,0.030904,0.059835,0.909261,0.021836,0.006361,0.880839,0.909036,16.984403,1
1000,1346.0,-0.189855,0.485024,0.032395,0.062319,0.905286,0.021790,0.006384,0.876885,0.905059,16.839021,1
1000,1348.0,-0.200348,0.487730,0.033864,0.064665,0.901472,0.021762,0.006414,0.873065,0.901242,16.697418,1
1000,1350.0,-0.210853,0.490442,0.035317,0.066876,0.897807,0.021752,0.006451,0.869372,0.897574,16.559397,1
1000,1352.0,-0.221371,0.493159,0.036750,0.068945,0.894305,0.021758,0.006493,0.865819,0.894070,16.425152,1
1000,1354.0,-0.231902,0.495882,0.038169,0.070873,0.890958,0.021779,0.006542,0.862399,0.890720,16.294491,1
1000,1356.0,-0.242446,0.498612,0.039578,0.072661,0.887761,0.021816,0.006596,0.859108,0.887520,16.167264,1
1000,1358.0,-0.253003,0.501347,0.040975,0.074299,0.884726,0.021868,0.006655,0.855958,0.884482,16.043751,1
1000,1360.0,-0.263572,0.504089,0.042367,0.075786,0.881846,0.021935,0.006720,0.852944,0.881599,15.923708,1
1000,1362.0,-0.274156,0.506836,0.043755,0.077128,0.879117,0.022015,0.006790,0.850061,0.878867,15.807088,1
1000,1364.0,-0.284751,0.509591,0.045142,0.078323,0.876535,0.022110,0.006865,0.847306,0.876281,15.693697,1
1000,1366.0,-0.295360,0.512351,0.046528,0.079372,0.874100,0.022218,0.006945,0.844681,0.873843,15.583610,1
1000,1368.0,-0.305983,0.515116,0.047922,0.080276,0.871802,0.022339,0.007029,0.842174,0.871542,15.476578,1
1000,1370.0,-0.316617,0.517887,0.049325,0.081032,0.869643,0.022473,0.007118,0.839788,0.869380,15.372604,1
1000,1372.0,-0.327265,0.520666,0.050735,0.081641,0.867623,0.022621,0.007212,0.837523,0.867356,15.271578,1
1000,1374.0,-0.337926,0.523449,0.052161,0.082114,0.865724,0.022781,0.007309,0.835363,0.865454,15.173294,1
1000,1376.0,-0.348600,0.526239,0.053600,0.082447,0.863953,0.022954,0.007411,0.833314,0.863679,15.077736,1
1000,1378.0,-0.359286,0.529036,0.055061,0.082641,0.862298,0.023140,0.007518,0.831363,0.862021,14.984666,1
1000,1380.0,-0.369985,0.531838,0.056540,0.082695,0.860765,0.023338,0.007628,0.829517,0.860484,14.894223,1
1250,1200.0,0.559809,0.300172,0.690167,0.042818,0.267015,0.049819,0.003752,0.213406,0.266976,5.903510,1
1250,1202.0,0.550308,0.302482,0.693023,0.035337,0.271639,0.051393,0.003887,0.216319,0.271600,5.948296,1
1250,1204.0,0.540796,0.304796,0.695370,0.028508,0.276122,0.053006,0.004034,0.219042,0.276082,5.987367,1
1250,1206.0,0.531270,0.307116,0.697118,0.022375,0.280507,0.054653,0.004192,0.221620,0.280466,6.022084,1
1250,1208.0,0.521732,0.309441,0.698155,0.016985,0.284860,0.056330,0.004362,0.224126,0.284818,6.054444,1
1250,1210.0,0.512182,0.311769,0.698357,0.012369,0.289274,0.058032,0.004544,0.226655,0.289231,6.087096,1
1250,1212.0,0.502619,0.314100,0.697599,0.008542,0.293859,0.059752,0.004739,0.229324,0.293815,6.123179,1
1250,1214.0,0.493045,0.316439,0.695748,0.005500,0.298752,0.061486,0.004947,0.232273,0.298706,6.166232,1
1250,1216.0,0.483456,0.318781,0.692699,0.003210,0.304091,0.063231,0.005170,0.235643,0.304044,6.219969,1
1250,1218.0,0.473857,0.321128,0.688334,0.001637,0.310029,0.064983,0.005408,0.239590,0.309981,6.288252,1
1250,1220.0,0.464245,0.323479,0.682567,0.000723,0.316710,0.066742,0.005663,0.244256,0.316660,6.374564,1
1250,1222.0,0.454620,0.325836,0.675331,0.000405,0.324263,0.068508,0.005937,0.249766,0.324212,6.481848,1
1250,1224.0,0.444983,0.328198,0.666583,0.000628,0.332789,0.070287,0.006234,0.256215,0.332735,6.612141,1
1250,1226.0,0.435333,0.330563,0.656306,0.001344,0.342350,0.072084,0.006558,0.263651,0.342293,6.766406,1
1250,1228.0,0.425672,0.332934,0.644500,0.002535,0.352965,0.073911,0.006918,0.272077,0.352906,6.944256,1
1250,1230.0,0.415997,0.335310,0.631193,0.004209,0.364598,0.075780,0.007320,0.281435,0.364536,7.143804,1
1250,1232.0,0.406310,0.337691,0.616383,0.006425,0.377191,0.077706,0.007780,0.291640,0.377126,7.362599,1
1250,1234.0,0.396610,0.340075,0.600033,0.009287,0.390680,0.079722,0.008314,0.302575,0.390611,7.597417,1
1250,1236.0,0.386898,0.342466,0.582031,0.012957,0.405013,0.081863,0.008943,0.314134,0.404940,7.845272,1
1250,1238.0,0.377174,0.344861,0.562184,0.017654,0.420162,0.084167,0.009700,0.326220,0.420086,8.103626,1
1250,1240.0,0.367437,0.347260,0.540113,0.023678,0.436209,0.086695,0.010623,0.338810,0.436129,8.371739,1
1250,1242.0,0.357686,0.349666,0.515141,0.031455,0.453404,0.089547,0.011775,0.351998,0.453320,8.651703,1
1250,1244.0,0.347925,0.352075,0.486097,0.041626,0.472277,0.092882,0.013245,0.366061,0.472188,8.950154,1
1250,1246.0,0.338150,0.354490,0.450765,0.055315,0.493921,0.097011,0.015183,0.381633,0.493827,9.282219,1
1250,1248.0,0.328362,0.356910,0.404178,0.074999,0.520823,0.102633,0.017888,0.400202,0.520723,9.683382,1
1250,1250.0,0.318562,0.359334,0.330211,0.108718,0.561071,0.112160,0.022140,0.426660,0.560961,10.270362,1
1250,1252.0,0.308750,0.361764,0.173123,0.191187,0.635691,0.120485,0.031912,0.483165,0.635562,11.570894,1
1250,1254.0,0.298924,0.364200,0.147570,0.209558,0.642873,0.106596,0.041916,0.494231,0.642743,11.775534,1
1250,1256.0,0.289087,0.366640,0.115445,0.228623,0.655932,0.095998,0.059886,0.499914,0.655798,11.850526,1
1250,1258.0,0.279236,0.369085,0.073416,0.248528,0.678056,0.085744,0.094344,0.497824,0.677913,11.741491,1
1250,1260.0,0.269373,0.371534,0.025539,0.250886,0.723574,0.074872,0.153791,0.494750,0.723413,11.610466,1
1250,1262.0,0.259498,0.373990,0.016028,0.183444,0.800527,0.067182,0.194725,0.538437,0.800344,12.572647,1
1250,1264.0,0.249609,0.376451,0.060713,0.090975,0.848312,0.066940,0.148506,0.632683,0.848128,14.699984,1
1250,1266.0,0.239708,0.378915,0.087775,0.054229,0.857996,0.067091,0.091018,0.699713,0.857822,16.177221,1
1250,1268.0,0.229795,0.381387,0.091062,0.045771,0.863167,0.065333,0.058146,0.739521,0.863000,17.013597,1
1250,1270.0,0.219867,0.383863,0.084672,0.043513,0.871815,0.062655,0.040676,0.768319,0.871650,17.589821,1
1250,1272.0,0.209929,0.386344,0.075169,0.041534,0.883297,0.059704,0.030800,0.792628,0.883132,18.058215,1
1250,1274.0,0.199977,0.388830,0.065026,0.038727,0.896247,0.056748,0.024768,0.814566,0.896082,18.468334,1
1250,1276.0,0.190013,0.391321,0.055204,0.035134,0.909662,0.053897,0.020819,0.834780,0.909495,18.835676,1
1250,1278.0,0.180035,0.393819,0.046103,0.031022,0.922875,0.051195,0.018083,0.853430,0.922707,19.164340,1
1250,1280.0,0.170046,0.396322,0.037889,0.026666,0.935445,0.048659,0.016093,0.870523,0.935275,19.455154,1
1250,1282.0,0.160043,0.398829,0.030629,0.022308,0.947064,0.046294,0.014587,0.886011,0.946892,19.707561,1
1250,1284.0,0.150028,0.401342,0.024306,0.018124,0.957569,0.044094,0.013406,0.899896,0.957396,19.922089,1
1250,1286.0,0.140000,0.403861,0.018912,0.014262,0.966825,0.042056,0.012454,0.912140,0.966650,20.098478,1
1250,1288.0,0.129960,0.406383,0.014392,0.010823,0.974785,0.040171,0.011668,0.922769,0.974608,20.237897,1
1250,1290.0,0.119906,0.408912,0.010685,0.007875,0.981440,0.038428,0.011004,0.931829,0.981261,20.341741,1
1250,1292.0,0.109840,0.411448,0.007739,0.005467,0.986794,0.036824,0.010435,0.939355,0.986614,20.411274,1
1250,1294.0,0.099762,0.413987,0.005483,0.003615,0.990902,0.035348,0.009940,0.945432,0.990720,20.448906,1
1250,1296.0,0.089670,0.416532,0.003851,0.002326,0.993823,0.033993,0.009506,0.950140,0.993640,20.456742,1
1250,1298.0,0.079566,0.419082,0.002772,0.001586,0.995642,0.032749,0.009121,0.953587,0.995458,20.437518,1
1250,1300.0,0.069448,0.421639,0.002182,0.001375,0.996443,0.031610,0.008778,0.955870,0.996257,20.393589,1
1250,1302.0,0.059318,0.424201,0.002022,0.001662,0.996316,0.030568,0.008471,0.957091,0.996129,20.327553,1
1250,1304.0,0.049176,0.426767,0.002231,0.002414,0.995355,0.029614,0.008194,0.957359,0.995167,20.242003,1
1250,1306.0,0.039020,0.429340,0.002756,0.003588,0.993657,0.028744,0.007945,0.956778,0.993468,20.139339,1
1250,1308.0,0.028852,0.431918,0.003548,0.005143,0.991309,0.027950,0.007720,0.955448,0.991119,20.021900,1
1250,1310.0,0.018671,0.434503,0.004560,0.007035,0.988405,0.027228,0.007518,0.953468,0.988214,19.891943,1
1250,1312.0,0.008477,0.437092,0.005754,0.009220,0.985026,0.026571,0.007336,0.950927,0.984834,19.751543,1
1250,1314.0,-0.001729,0.439687,0.007094,0.011657,0.981249,0.025973,0.007172,0.947910,0.981056,19.602505,1
1250,1316.0,-0.011950,0.442287,0.008548,0.014306,0.977146,0.025431,0.007025,0.944495,0.976951,19.446600,1
1250,1318.0,-0.022181,0.444893,0.010090,0.017127,0.972783,0.024940,0.006894,0.940753,0.972587,19.285343,1
1250,1320.0,-0.032426,0.447505,0.011693,0.020081,0.968226,0.024497,0.006778,0.936754,0.968029,19.120246,1
1250,1322.0,-0.042685,0.450122,0.013343,0.023141,0.963516,0.024096,0.006676,0.932545,0.963318,18.952344,1
1250,1324.0,-0.052955,0.452745,0.015021,0.026274,0.958706,0.023736,0.006587,0.928183,0.958506,18.782784,1
1250,1326.0,-0.063238,0.455373,0.016709,0.029446,0.953845,0.023413,0.006509,0.923721,0.953644,18.612696,1
1250,1328.0,-0.073535,0.458009,0.018400,0.032634,0.948966,0.023125,0.006444,0.919195,0.948763,18.442685,1
1250,1330.0,-0.083844,0.460649,0.020087,0.035820,0.944093,0.022868,0.006389,0.914631,0.943888,18.273427,1
1250,1332.0,-0.094165,0.463294,0.021758,0.038976,0.939266,0.022641,0.006344,0.910075,0.939060,18.105747,1
1250,1334.0,-0.104501,0.465947,0.023408,0.042089,0.934503,0.022442,0.006309,0.905544,0.934295,17.939942,1
1250,1336.0,-0.114849,0.468604,0.025036,0.045141,0.929824,0.022269,0.006283,0.901062,0.929614,17.776561,1
1250,1338.0,-0.125209,0.471266,0.026638,0.048115,0.925247,0.022120,0.006266,0.896649,0.925035,17.615881,1
1250,1340.0,-0.135582,0.473936,0.028214,0.050999,0.920787,0.021994,0.006258,0.892321,0.920573,17.458160,1
1250,1342.0,-0.145969,0.476610,0.029761,0.053786,0.916453,0.021889,0.006257,0.888090,0.916237,17.303688,1
1250,1344.0,-0.156367,0.479291,0.031277,0.056462,0.912261,0.021805,0.006264,0.883973,0.912043,17.152661,1
1250,1346.0,-0.166778,0.481978,0.032769,0.059026,0.908204,0.021740,0.006278,0.879966,0.907984,17.004951,1
1250,1348.0,-0.177204,0.484671,0.034234,0.061463,0.904304,0.021694,0.006299,0.876088,0.904081,16.860971,1
1250,1350.0,-0.187641,0.487369,0.035677,0.063773,0.900550,0.021665,0.006326,0.872333,0.900324,16.720535,1
1250,1352.0,-0.198092,0.490073,0.037097,0.065947,0.896957,0.021653,0.006360,0.868715,0.896728,16.583870,1
1250,1354.0,-0.208555,0.492783,0.038496,0.067986,0.893518,0.021657,0.006400,0.865230,0.893287,16.450797,1
1250,1356.0,-0.219032,0.495499,0.039881,0.069892,0.890227,0.021676,0.006446,0.861872,0.889993,16.321172,1
1250,1358.0,-0.229520,0.498221,0.041250,0.071650,0.887099,0.021711,0.006497,0.858655,0.886863,16.195293,1
1250,1360.0,-0.240022,0.500949,0.042609,0.073264,0.884127,0.021760,0.006554,0.855573,0.883887,16.072921,1
1250,1362.0,-0.250537,0.503682,0.043960,0.074735,0.881305,0.021823,0.006616,0.852623,0.881063,15.954019,1
1250,1364.0,-0.261064,0.506423,0.045305,0.076063,0.878633,0.021900,0.006684,0.849803,0.878387,15.838402,1
1250,1366.0,-0.271605,0.509169,0.046645,0.077246,0.876109,0.021991,0.006756,0.847114,0.875861,15.726156,1
1250,1368.0,-0.282159,0.511921,0.047988,0.078287,0.873724,0.022095,0.006833,0.844545,0.873473,15.617023,1
1250,1370.0,-0.292725,0.514678,0.049336,0.079183,0.871480,0.022212,0.006915,0.842099,0.871225,15.511012,1
1250,1372.0,-0.303305,0.517443,0.050689,0.079933,0.869377,0.022342,0.007001,0.839776,0.869119,15.408023,1
1250,1374.0,-0.313897,0.520212,0.052053,0.080548,0.867398,0.022485,0.007092,0.837560,0.867137,15.307848,1
1250,1376.0,-0.324501,0.522988,0.053426,0.081025,0.865549,0.022640,0.007187,0.835457,0.865284,15.210478,1
1250,1378.0,-0.335119,0.525771,0.054817,0.081363,0.863819,0.022809,0.007287,0.833456,0.863551,15.115665,1
1250,1380.0,-0.345749,0.528559,0.056224,0.081562,0.862214,0.022990,0.007390,0.831562,0.861942,15.023557,1
1500,1200.0,0.581551,0.297614,0.697566,0.042898,0.259536,0.049427,0.003746,0.206325,0.259498,5.756694,1
1500,1202.0,0.572121,0.299911,0.700389,0.035393,0.264218,0.050986,0.003882,0.209311,0.264180,5.804932,1
1500,1204.0,0.562681,0.302213,0.702700,0.028534,0.268765,0.052585,0.004029,0.212112,0.268726,5.847507,1
1500,1206.0,0.553226,0.304520,0.704412,0.022371,0.273217,0.054221,0.004187,0.214769,0.273177,5.885667,1
1500,1208.0,0.543761,0.306832,0.705414,0.016950,0.277636,0.055889,0.004357,0.217349,0.277595,5.921286,1
1500,1210.0,0.534282,0.309147,0.705588,0.012306,0.282106,0.057584,0.004539,0.219941,0.282064,5.956886,1
1500,1212.0,0.524791,0.311465,0.704810,0.008454,0.286736,0.059300,0.004734,0.222659,0.286693,5.995485,1
1500,1214.0,0.515289,0.313791,0.702951,0.005394,0.291655,0.061035,0.004943,0.225634,0.291612,6.040526,1
1500,1216.0,0.505773,0.316121,0.699906,0.003094,0.297000,0.062783,0.005166,0.229006,0.296955,6.095655,1
1500,1218.0,0.496246,0.318454,0.695560,0.001520,0.302921,0.064542,0.005405,0.232928,0.302874,6.164717,1
1500,1220.0,0.486707,0.320793,0.689827,0.000612,0.309562,0.066312,0.005660,0.237541,0.309513,6.251231,1
1500,1222.0,0.477155,0.323136,0.682638,0.000307,0.317055,0.068096,0.005935,0.242974,0.317005,6.358246,1
1500,1224.0,0.467590,0.325485,0.673950,0.000544,0.325506,0.069897,0.006233,0.249324,0.325454,6.487956,1
1500,1226.0,0.458013,0.327837,0.663742,0.001272,0.334986,0.071723,0.006557,0.256651,0.334931,6.641512,1
1500,1228.0,0.448425,0.330194,0.652014,0.002465,0.345521,0.073587,0.006916,0.264960,0.345464,6.818713,1
1500,1230.0,0.438823,0.332557,0.638790,0.004128,0.357081,0.075501,0.007318,0.274202,0.357021,7.017817,1
1500,1232.0,0.429209,0.334925,0.624068,0.006320,0.369613,0.077481,0.007775,0.284293,0.369549,7.236406,1
1500,1234.0,0.419582,0.337295,0.607809,0.009143,0.383049,0.079562,0.008304,0.295116,0.382981,7.471192,1
1500,1236.0,0.409944,0.339673,0.589899,0.012768,0.397332,0.081778,0.008927,0.306556,0.397262,7.718986,1
1500,1238.0,0.400293,0.342055,0.570144,0.017430,0.412426,0.084170,0.009675,0.318507,0.412351,7.976936,1
1500,1240.0,0.390630,0.344440,0.548156,0.023449,0.428394,0.086800,0.010587,0.330929,0.428316,8.243927,1
1500,1242.0,0.380954,0.346832,0.523249,0.031276,0.445475,0.089770,0.011724,0.343898,0.445392,8.521656,1
1500,1244.0,0.371266,0.349229,0.494230,0.041590,0.464180,0.093243,0.013175,0.357674,0.464092,8.816392,1
1500,1246.0,0.361565,0.351630,0.458848,0.055561,0.485591,0.097537,0.015088,0.372874,0.485499,9.142956,1
1500,1248.0,0.351851,0.354036,0.412069,0.075748,0.512183,0.103368,0.017760,0.390957,0.512084,9.536487,1
1500,1250.0,0.342125,0.356446,0.337570,0.110395,0.552035,0.113209,0.021966,0.416752,0.551927,10.113133,1
1500,1252.0,0.332387,0.358863,0.178335,0.196706,0.624959,0.122018,0.031515,0.471300,0.624833,11.377992,1
1500,1254.0,0.322636,0.361284,0.151794,0.217598,0.630608,0.108005,0.041028,0.481449,0.630481,11.563536,1
1500,1256.0,0.312874,0.363710,0.118793,0.238658,0.642548,0.097311,0.058148,0.486959,0.642418,11.636392,1
1500,1258.0,0.303097,0.366141,0.075988,0.260716,0.663296,0.086951,0.091096,0.485111,0.663157,11.533608,1
1500,1260.0,0.293309,0.368577,0.027069,0.266511,0.706420,0.075864,0.149242,0.481158,0.706264,11.382085,1
1500,1262.0,0.283509,0.371019,0.016306,0.201304,0.782390,0.067757,0.194042,0.520414,0.782213,12.249098,1
1500,1264.0,0.273695,0.373466,0.063880,0.103422,0.832698,0.067647,0.151178,0.613694,0.832519,14.372771,1
1500,1266.0,0.263869,0.375916,0.093276,0.063522,0.843202,0.068180,0.092757,0.682096,0.843033,15.895722,1
1500,1268.0,0.254031,0.378374,0.096722,0.054788,0.848489,0.066597,0.059060,0.722669,0.848326,16.758281,1
1500,1270.0,0.244179,0.380836,0.089780,0.052848,0.857372,0.063974,0.041233,0.752005,0.857211,17.353176,1
1500,1272.0,0.234316,0.383302,0.079600,0.051120,0.869280,0.061027,0.031210,0.776883,0.869120,17.839938,1
1500,1274.0,0.224440,0.385775,0.068805,0.048379,0.882816,0.058054,0.025115,0.799486,0.882655,18.270009,1
1500,1276.0,0.214551,0.388252,0.058389,0.044668,0.896943,0.055173,0.021139,0.820468,0.896780,18.659127,1
1500,1278.0,0.204650,0.390735,0.048755,0.040276,0.910968,0.052437,0.018389,0.839978,0.910804,19.011165,1
1500,1280.0,0.194736,0.393223,0.040065,0.035507,0.924428,0.049862,0.016392,0.858009,0.924262,19.326573,1
1500,1282.0,0.184809,0.395716,0.032380,0.030625,0.936995,0.047455,0.014881,0.874491,0.936827,19.604350,1
1500,1284.0,0.174871,0.398215,0.025682,0.025831,0.948487,0.045210,0.013695,0.889413,0.948318,19.844644,1
1500,1286.0,0.164919,0.400719,0.019958,0.021292,0.958750,0.043126,0.012738,0.902714,0.958578,20.046755,1
1500,1288.0,0.154955,0.403227,0.015151,0.017129,0.967719,0.041193,0.011945,0.914408,0.967546,20.211496,1
1500,1290.0,0.144978,0.405741,0.011198,0.013429,0.975373,0.039403,0.011273,0.924521,0.975197,20.339944,1
1500,1292.0,0.134989,0.408262,0.008046,0.010255,0.981699,0.037750,0.010695,0.933077,0.981522,20.433051,1
1500,1294.0,0.124987,0.410787,0.005621,0.007637,0.986742,0.036226,0.010191,0.940147,0.986564,20.493019,1
1500,1296.0,0.114972,0.413317,0.003855,0.005594,0.990552,0.034823,0.009746,0.945803,0.990372,20.521755,1
1500,1298.0,0.104944,0.415853,0.002673,0.004120,0.993208,0.033532,0.009349,0.950146,0.993027,20.521913,1
1500,1300.0,0.094903,0.418394,0.002010,0.003203,0.994787,0.032345,0.008993,0.953266,0.994605,20.495750,1
1500,1302.0,0.084851,0.420941,0.001802,0.002822,0.995375,0.031258,0.008673,0.955262,0.995192,20.445802,1
1500,1304.0,0.074786,0.423493,0.001987,0.002946,0.995067,0.030260,0.008382,0.956241,0.994883,20.374678,1
1500,1306.0,0.064708,0.426051,0.002508,0.003535,0.993957,0.029347,0.008119,0.956306,0.993772,20.284791,1
1500,1308.0,0.054617,0.428614,0.003313,0.004552,0.992134,0.028512,0.007879,0.955557,0.991948,20.178553,1
1500,1310.0,0.044513,0.431184,0.004353,0.005952,0.989694,0.027749,0.007662,0.954096,0.989507,20.058271,1
1500,1312.0,0.034397,0.433757,0.005586,0.007694,0.986720,0.027053,0.007464,0.952014,0.986532,19.926120,1
1500,1314.0,0.024269,0.436337,0.006973,0.009734,0.983292,0.026418,0.007285,0.949400,0.983103,19.784005,1
1500,1316.0,0.014126,0.438922,0.008482,0.012032,0.979486,0.025840,0.007124,0.946332,0.979296,19.633787,1
1500,1318.0,0.003973,0.441514,0.010082,0.014546,0.975371,0.025315,0.006977,0.942888,0.975180,19.477076,1
1500,1320.0,-0.006194,0.444111,0.011747,0.017236,0.971017,0.024838,0.006847,0.939141,0.970825,19.315496,1
1500,1322.0,-0.016375,0.446712,0.013459,0.020072,0.966469,0.024405,0.006729,0.935142,0.966276,19.150192,1
1500,1324.0,-0.026567,0.449320,0.015197,0.023019,0.961784,0.024013,0.006625,0.930951,0.961590,18.982408,1
1500,1326.0,-0.036772,0.451932,0.016945,0.026040,0.957015,0.023661,0.006534,0.926625,0.956819,18.813364,1
1500,1328.0,-0.046989,0.454553,0.018691,0.029111,0.952198,0.023343,0.006454,0.922204,0.952001,18.643743,1
1500,1330.0,-0.057220,0.457177,0.020431,0.032210,0.947359,0.023058,0.006385,0.917717,0.947160,18.474307,1
1500,1332.0,-0.067463,0.459807,0.022149,0.035308,0.942543,0.022804,0.006326,0.913213,0.942343,18.305967,1
1500,1334.0,-0.077719,0.462444,0.023842,0.038387,0.937771,0.022579,0.006278,0.908713,0.937570,18.139090,1
1500,1336.0,-0.087988,0.465085,0.025505,0.041429,0.933065,0.022380,0.006239,0.904243,0.932862,17.974283,1
1500,1338.0,-0.098269,0.467732,0.027138,0.044416,0.928446,0.022206,0.006209,0.899826,0.928241,17.811873,1
1500,1340.0,-0.108563,0.470387,0.028737,0.047332,0.923930,0.022055,0.006188,0.895480,0.923723,17.652173,1
1500,1342.0,-0.118870,0.473045,0.030302,0.050168,0.919529,0.021927,0.006175,0.891219,0.919321,17.495524,1
1500,1344.0,-0.129189,0.475710,0.031829,0.052909,0.915262,0.021819,0.006170,0.887062,0.915051,17.342172,1
1500,1346.0,-0.139521,0.478381,0.033326,0.055552,0.911122,0.021731,0.006173,0.883006,0.910909,17.192010,1
1500,1348.0,-0.149867,0.481058,0.034788,0.058079,0.907133,0.021662,0.006182,0.879073,0.906917,17.045489,1
1500,1350.0,-0.160224,0.483741,0.036223,0.060492,0.903284,0.021611,0.006199,0.875257,0.903067,16.902440,1
1500,1352.0,-0.170595,0.486428,0.037628,0.062779,0.899593,0.021576,0.006222,0.871575,0.899373,16.763131,1
1500,1354.0,-0.180978,0.489122,0.039006,0.064940,0.896054,0.021559,0.006251,0.868022,0.895831,16.627401,1
1500,1356.0,-0.191375,0.491823,0.040365,0.066974,0.892661,0.021556,0.006287,0.864593,0.892436,16.495119,1
1500,1358.0,-0.201783,0.494528,0.041701,0.068868,0.889431,0.021570,0.006328,0.861305,0.889203,16.366602,1
1500,1360.0,-0.212204,0.497240,0.043021,0.070624,0.886355,0.021598,0.006375,0.858152,0.886124,16.241617,1
1500,1362.0,-0.222639,0.499957,0.044328,0.072241,0.883431,0.021640,0.006428,0.855130,0.883197,16.120146,1
1500,1364.0,-0.233086,0.502682,0.045624,0.073720,0.880656,0.021696,0.006486,0.852238,0.880420,16.002013,1
1500,1366.0,-0.243546,0.505411,0.046909,0.075058,0.878033,0.021766,0.006549,0.849479,0.877794,15.887319,1
1500,1368.0,-0.254019,0.508147,0.048193,0.076258,0.875549,0.021849,0.006617,0.846841,0.875307,15.775795,1
1500,1370.0,-0.264504,0.510887,0.049478,0.077315,0.873208,0.021945,0.006690,0.844328,0.872962,15.667461,1
1500,1372.0,-0.275003,0.513636,0.050761,0.078228,0.871010,0.022055,0.006767,0.841940,0.870762,15.562227,1
1500,1374.0,-0.285514,0.516389,0.052052,0.079009,0.868939,0.022177,0.006850,0.839661,0.868687,15.459884,1
1500,1376.0,-0.296037,0.519148,0.053347,0.079652,0.867001,0.022311,0.006936,0.837498,0.866746,15.360435,1
1500,1378.0,-0.306574,0.521914,0.054656,0.080159,0.865184,0.022458,0.007028,0.835440,0.864926,15.263617,1
1500,1380.0,-0.317123,0.524685,0.055977,0.080528,0.863495,0.022618,0.007123,0.833492,0.863233,15.169590,1
2000,1200.0,0.633248,0.291531,0.714839,0.043008,0.242153,0.048518,0.003731,0.189869,0.242118,5.408061,1
2000,1202.0,0.623989,0.293799,0.717614,0.035477,0.246909,0.050038,0.003868,0.192968,0.246873,5.463001,1
2000,1204.0,0.614718,0.296070,0.719864,0.028587,0.251549,0.051602,0.004015,0.195896,0.251512,5.512500,1
2000,1206.0,0.605434,0.298347,0.721509,0.022389,0.256102,0.053206,0.004174,0.198685,0.256065,5.557554,1
2000,1208.0,0.596140,0.300628,0.722445,0.016934,0.260621,0.054848,0.004344,0.201391,0.260583,5.599756,1
2000,1210.0,0.586833,0.302913,0.722560,0.012261,0.265178,0.056523,0.004527,0.204090,0.265139,5.641333,1
2000,1212.0,0.577513,0.305201,0.721740,0.008391,0.269869,0.058225,0.004723,0.206882,0.269830,5.685017,1
2000,1214.0,0.568183,0.307496,0.719859,0.005329,0.274812,0.059952,0.004932,0.209887,0.274772,5.734005,1
2000,1216.0,0.558838,0.309794,0.716820,0.003046,0.280134,0.061701,0.005157,0.213234,0.280092,5.791752,1
2000,1218.0,0.549484,0.312097,0.712510,0.001511,0.285979,0.063469,0.005398,0.217069,0.285936,5.862020,1
2000,1220.0,0.540117,0.314404,0.706845,0.000665,0.292490,0.065259,0.005655,0.221531,0.292445,5.948377,1
2000,1222.0,0.530738,0.316716,0.699756,0.000439,0.299805,0.067073,0.005933,0.226753,0.299759,6.054066,1
2000,1224.0,0.521346,0.319034,0.691196,0.000762,0.308042,0.068916,0.006232,0.232844,0.307993,6.181629,1
2000,1226.0,0.511943,0.321355,0.681142,0.001571,0.317287,0.070801,0.006559,0.239877,0.317236,6.332664,1
2000,1228.0,0.502528,0.323680,0.669587,0.002825,0.327588,0.072739,0.006918,0.247877,0.327534,6.507457,1
2000,1230.0,0.493100,0.326012,0.656553,0.004515,0.338932,0.074747,0.007318,0.256811,0.338876,6.704685,1
2000,1232.0,0.483660,0.328347,0.642032,0.006689,0.351279,0.076843,0.007770,0.266606,0.351219,6.922127,1
2000,1234.0,0.474208,0.330687,0.625985,0.009451,0.364563,0.079064,0.008291,0.277145,0.364500,7.156445,1
2000,1236.0,0.464744,0.333032,0.608295,0.012986,0.378719,0.081450,0.008902,0.288300,0.378652,7.404046,1
2000,1238.0,0.455269,0.335382,0.588760,0.017557,0.393682,0.084041,0.009632,0.299939,0.393612,7.661355,1
2000,1240.0,0.445780,0.337736,0.566980,0.023534,0.409486,0.086906,0.010521,0.311985,0.409412,7.926297,1
2000,1242.0,0.436279,0.340095,0.542240,0.031435,0.426325,0.090149,0.011628,0.324470,0.426247,8.199512,1
2000,1244.0,0.426767,0.342459,0.513301,0.042028,0.444671,0.093943,0.013039,0.337606,0.444588,8.486212,1
2000,1246.0,0.417242,0.344828,0.477828,0.056603,0.465569,0.098621,0.014902,0.351957,0.465481,8.800308,1
2000,1248.0,0.407705,0.347202,0.430623,0.077919,0.491458,0.104942,0.017506,0.368915,0.491364,9.175954,1
2000,1250.0,0.398155,0.349580,0.354892,0.114699,0.530409,0.115524,0.021624,0.393158,0.530306,9.727991,1
2000,1252.0,0.388594,0.351963,0.190515,0.210207,0.599278,0.125475,0.030724,0.442959,0.599158,10.903434,1
2000,1254.0,0.379020,0.354352,0.161613,0.237315,0.601072,0.111153,0.039166,0.450634,0.600953,11.035164,1
2000,1256.0,0.369435,0.356745,0.126583,0.263151,0.610265,0.100234,0.054444,0.455466,0.610144,11.096328,1
2000,1258.0,0.359836,0.359143,0.082083,0.289999,0.627918,0.089647,0.084042,0.454102,0.627790,11.006730,1
2000,1260.0,0.350226,0.361546,0.030990,0.303206,0.665804,0.078134,0.138706,0.448822,0.665662,10.823631,1
2000,1262.0,0.340604,0.363955,0.016787,0.244503,0.738709,0.069040,0.191487,0.478019,0.738546,11.469642,1
2000,1264.0,0.330968,0.366368,0.070977,0.134542,0.794481,0.069145,0.158023,0.567146,0.794313,13.539925,1
2000,1266.0,0.321321,0.368785,0.106654,0.086928,0.806418,0.070679,0.097528,0.638051,0.806258,15.156822,1
2000,1268.0,0.311662,0.371209,0.110589,0.078175,0.811236,0.069576,0.061605,0.679900,0.811082,16.070813,1
2000,1270.0,0.301989,0.373637,0.102245,0.077733,0.820022,0.067108,0.042779,0.709983,0.819870,16.699118,1
2000,1272.0,0.292305,0.376071,0.090368,0.077253,0.832379,0.064188,0.032333,0.735706,0.832227,17.219253,1
2000,1274.0,0.282609,0.378509,0.077968,0.075226,0.846806,0.061190,0.026051,0.759413,0.846654,17.687388,1
2000,1276.0,0.272900,0.380952,0.066109,0.071712,0.862179,0.058259,0.021988,0.781779,0.862025,18.119937,1
2000,1278.0,0.263179,0.383402,0.055190,0.067069,0.877741,0.055457,0.019195,0.802933,0.877586,18.520326,1
2000,1280.0,0.253446,0.385855,0.045357,0.061668,0.892976,0.052809,0.017176,0.822834,0.892818,18.888181,1
2000,1282.0,0.243700,0.388314,0.036657,0.055837,0.907506,0.050320,0.015651,0.841376,0.907347,19.221512,1
2000,1284.0,0.233942,0.390778,0.029059,0.049831,0.921110,0.047989,0.014454,0.858506,0.920949,19.519575,1
2000,1286.0,0.224172,0.393248,0.022545,0.043869,0.933586,0.045813,0.013486,0.874124,0.933423,19.780628,1
2000,1288.0,0.214389,0.395722,0.017050,0.038119,0.944831,0.043785,0.012680,0.888201,0.944666,20.004585,1
2000,1290.0,0.204594,0.398201,0.012506,0.032710,0.954784,0.041896,0.011994,0.900728,0.954617,20.191706,1
2000,1292.0,0.194787,0.400687,0.008856,0.027747,0.963397,0.040142,0.011399,0.911688,0.963229,20.342088,1
2000,1294.0,0.184967,0.403177,0.006021,0.023296,0.970684,0.038515,0.010875,0.921124,0.970514,20.457326,1
2000,1296.0,0.175135,0.405673,0.003928,0.019407,0.976665,0.037008,0.010408,0.929077,0.976494,20.538730,1
2000,1298.0,0.165290,0.408173,0.002497,0.016100,0.981403,0.035613,0.009987,0.935630,0.981230,20.588613,1
2000,1300.0,0.155432,0.410680,0.001658,0.013387,0.984955,0.034325,0.009604,0.940853,0.984781,20.608875,1
2000,1302.0,0.145563,0.413191,0.001338,0.011270,0.987391,0.033135,0.009254,0.944827,0.987216,20.601766,1
2000,1304.0,0.135682,0.415708,0.001470,0.009732,0.988798,0.032037,0.008933,0.947652,0.988622,20.569825,1
2000,1306.0,0.125788,0.418230,0.001989,0.008748,0.989263,0.031027,0.008638,0.949422,0.989086,20.515373,1
2000,1308.0,0.115881,0.420758,0.002836,0.008288,0.988876,0.030095,0.008365,0.950238,0.988699,20.440913,1
2000,1310.0,0.105962,0.423291,0.003956,0.008315,0.987729,0.029239,0.008114,0.950198,0.987551,20.348781,1
2000,1312.0,0.096031,0.425829,0.005299,0.008790,0.985911,0.028452,0.007882,0.949398,0.985732,20.241321,1
2000,1314.0,0.086087,0.428373,0.006820,0.009673,0.983506,0.027729,0.007667,0.947930,0.983327,20.120622,1
2000,1316.0,0.076130,0.430922,0.008481,0.010923,0.980596,0.027066,0.007470,0.945880,0.980415,19.988718,1
2000,1318.0,0.066162,0.433477,0.010247,0.012499,0.977254,0.026457,0.007288,0.943328,0.977073,19.847405,1
2000,1320.0,0.056181,0.436038,0.012084,0.014356,0.973560,0.025900,0.007121,0.940357,0.973378,19.698552,1
2000,1322.0,0.046187,0.438604,0.013972,0.016460,0.969567,0.025390,0.006968,0.937027,0.969385,19.543552,1
2000,1324.0,0.036180,0.441175,0.015886,0.018772,0.965342,0.024923,0.006828,0.933407,0.965158,19.383874,1
2000,1326.0,0.026162,0.443751,0.017804,0.021252,0.960944,0.024497,0.006701,0.929561,0.960760,19.220939,1
2000,1328.0,0.016131,0.446334,0.019715,0.023869,0.956416,0.024109,0.006587,0.925535,0.956231,19.055622,1
2000,1330.0,0.006088,0.448922,0.021608,0.026598,0.951794,0.023755,0.006483,0.921369,0.951608,18.888892,1
2000,1332.0,-0.003967,0.451515,0.023468,0.029401,0.947131,0.023435,0.006391,0.917118,0.946944,18.721875,1
2000,1334.0,-0.014036,0.454115,0.025289,0.032257,0.942454,0.023144,0.006310,0.912812,0.942266,18.555115,1
2000,1336.0,-0.024117,0.456719,0.027066,0.035141,0.937792,0.022881,0.006238,0.908484,0.937603,18.389370,1
2000,1338.0,-0.034210,0.459329,0.028796,0.038032,0.933172,0.022645,0.006176,0.904160,0.932981,18.225089,1
2000,1340.0,-0.044316,0.461946,0.030477,0.040909,0.928614,0.022434,0.006123,0.899865,0.928422,18.062732,1
2000,1342.0,-0.054434,0.464567,0.032105,0.043756,0.924138,0.022246,0.006080,0.895620,0.923945,17.902778,1
2000,1344.0,-0.064564,0.467194,0.033678,0.046554,0.919768,0.022080,0.006044,0.891449,0.919573,17.745602,1
2000,1346.0,-0.074707,0.469828,0.035204,0.049296,0.915501,0.021934,0.006017,0.887353,0.915304,17.591165,1
2000,1348.0,-0.084864,0.472467,0.036677,0.051961,0.911362,0.021809,0.005998,0.883358,0.911164,17.440013,1
2000,1350.0,-0.095031,0.475112,0.038106,0.054547,0.907347,0.021702,0.005986,0.879459,0.907147,17.292033,1
2000,1352.0,-0.105212,0.477761,0.039487,0.057037,0.903476,0.021613,0.005981,0.875680,0.903274,17.147601,1
2000,1354.0,-0.115405,0.480417,0.040826,0.059428,0.899746,0.021541,0.005984,0.872018,0.899542,17.006614,1
2000,1356.0,-0.125611,0.483079,0.042129,0.061717,0.896155,0.021485,0.005993,0.868471,0.895949,16.868974,1
2000,1358.0,-0.135828,0.485746,0.043394,0.063888,0.892719,0.021445,0.006009,0.865057,0.892510,16.735056,1
2000,1360.0,-0.146059,0.488420,0.044627,0.065940,0.889433,0.021420,0.006030,0.861772,0.889222,16.604654,1
2000,1362.0,-0.156303,0.491098,0.045833,0.067871,0.886296,0.021410,0.006058,0.858615,0.886083,16.477795,1
2000,1364.0,-0.166557,0.493785,0.047014,0.069678,0.883308,0.021414,0.006092,0.855586,0.883093,16.354339,1
2000,1366.0,-0.176826,0.496476,0.048171,0.071356,0.880473,0.021432,0.006132,0.852692,0.880256,16.234427,1
2000,1368.0,-0.187107,0.499172,0.049314,0.072908,0.877778,0.021464,0.006177,0.849918,0.877558,16.117770,1
2000,1370.0,-0.197399,0.501874,0.050444,0.074328,0.875228,0.021508,0.006227,0.847270,0.875005,16.004414,1
2000,1372.0,-0.207706,0.504584,0.051562,0.075613,0.872825,0.021566,0.006283,0.844750,0.872599,15.894303,1
2000,1374.0,-0.218024,0.507297,0.052676,0.076772,0.870552,0.021637,0.006343,0.842343,0.870323,15.787227,1
2000,1376.0,-0.228354,0.510017,0.053783,0.077799,0.868418,0.021720,0.006409,0.840058,0.868186,15.683223,1
2000,1378.0,-0.238697,0.512744,0.054894,0.078696,0.866410,0.021816,0.006479,0.837881,0.866175,15.581994,1
2000,1380.0,-0.249052,0.515475,0.056007,0.079459,0.864534,0.021924,0.006554,0.835819,0.864297,15.483730,1
2500,1200.0,0.693002,0.284501,0.733989,0.043014,0.222997,0.047502,0.003708,0.171754,0.222965,5.012977,1
2500,1202.0,0.683939,0.286734,0.736758,0.035498,0.227744,0.048974,0.003846,0.174891,0.227711,5.073250,1
2500,1204.0,0.674866,0.288970,0.738981,0.028622,0.232397,0.050492,0.003994,0.177878,0.232364,5.128466,1
2500,1206.0,0.665779,0.291212,0.740584,0.022437,0.236979,0.052055,0.004153,0.180736,0.236944,5.179360,1
2500,1208.0,0.656682,0.293458,0.741472,0.016999,0.241528,0.053660,0.004325,0.183509,0.241494,5.227224,1
2500,1210.0,0.647572,0.295707,0.741542,0.012350,0.246108,0.055303,0.004508,0.186261,0.246072,5.273963,1
2500,1212.0,0.638451,0.297959,0.740685,0.008517,0.250798,0.056981,0.004705,0.189076,0.250762,5.321985,1
2500,1214.0,0.629319,0.300219,0.738785,0.005510,0.255705,0.058690,0.004916,0.192061,0.255667,5.374185,1
2500,1216.0,0.620174,0.302482,0.735750,0.003308,0.260942,0.060428,0.005143,0.195332,0.260903,5.433770,1
2500,1218.0,0.611018,0.304749,0.731472,0.001882,0.266646,0.062195,0.005385,0.199025,0.266606,5.504346,1
2500,1220.0,0.601851,0.307020,0.725872,0.001173,0.272955,0.063993,0.005646,0.203275,0.272914,5.589457,1
2500,1222.0,0.592671,0.309296,0.718880,0.001110,0.280011,0.065825,0.005927,0.208216,0.279968,5.692496,1
2500,1224.0,0.583480,0.311577,0.710448,0.001612,0.287940,0.067701,0.006230,0.213964,0.287895,5.816335,1
2500,1226.0,0.574276,0.313862,0.700549,0.002602,0.296849,0.069632,0.006559,0.220610,0.296802,5.963069,1
2500,1228.0,0.565063,0.316151,0.689174,0.004018,0.306808,0.071635,0.006921,0.228202,0.306758,6.133591,1
2500,1230.0,0.555835,0.318446,0.676340,0.005829,0.317831,0.073728,0.007322,0.236728,0.317778,6.327191,1
2500,1232.0,0.546597,0.320745,0.662038,0.008065,0.329898,0.075935,0.007773,0.246135,0.329842,6.542076,1
2500,1234.0,0.537346,0.323048,0.646226,0.010816,0.342958,0.078296,0.008289,0.256315,0.342899,6.775079,1
2500,1236.0,0.528084,0.325357,0.628786,0.014273,0.356942,0.080854,0.008890,0.267135,0.356879,7.022348,1
2500,1238.0,0.518811,0.327669,0.609510,0.018724,0.371766,0.083656,0.009606,0.278439,0.371700,7.279590,1
2500,1240.0,0.509525,0.329986,0.587984,0.024590,0.387426,0.086773,0.010474,0.290109,0.387356,7.543607,1
2500,1242.0,0.500227,0.332309,0.563468,0.032466,0.404066,0.090318,0.011553,0.302121,0.403992,7.813647,1
2500,1244.0,0.490918,0.334635,0.534668,0.043232,0.422101,0.094470,0.012929,0.314624,0.422023,8.093431,1
2500,1246.0,0.481596,0.336966,0.499155,0.058321,0.442524,0.099582,0.014746,0.328112,0.442440,8.395485,1
2500,1248.0,0.472262,0.339302,0.451542,0.080729,0.467729,0.106458,0.017294,0.343888,0.467640,8.752602,1
2500,1250.0,0.462917,0.341643,0.374494,0.119702,0.505804,0.117884,0.021348,0.366473,0.505705,9.278386,1
2500,1252.0,0.453560,0.343989,0.204232,0.225658,0.570110,0.129139,0.030050,0.410808,0.569996,10.346442,1
2500,1254.0,0.444191,0.346340,0.172581,0.260272,0.567147,0.114422,0.037407,0.415205,0.567035,10.402798,1
2500,1256.0,0.434810,0.348695,0.135277,0.291694,0.573028,0.103237,0.050857,0.418822,0.572915,10.439168,1
2500,1258.0,0.425417,0.351055,0.089033,0.323651,0.587316,0.092420,0.077039,0.417740,0.587199,10.358670,1
2500,1260.0,0.416012,0.353419,0.035912,0.344210,0.619878,0.080545,0.127341,0.411864,0.619750,10.160767,1
2500,1262.0,0.406596,0.355789,0.017083,0.294528,0.688389,0.070368,0.186985,0.430888,0.688241,10.576048,1
2500,1264.0,0.397167,0.358165,0.077966,0.172303,0.749731,0.070475,0.166737,0.512362,0.749574,12.512196,1
2500,1266.0,0.387726,0.360543,0.122384,0.114907,0.762709,0.073319,0.104326,0.584912,0.762558,14.212156,1
2500,1268.0,0.378274,0.362928,0.127187,0.107067,0.765746,0.072879,0.065299,0.627423,0.765601,15.168807,1
2500,1270.0,0.368808,0.365318,0.117081,0.109628,0.773291,0.070630,0.045000,0.657519,0.773149,15.817353,1
2500,1272.0,0.359331,0.367712,0.103094,0.111728,0.785178,0.067764,0.033905,0.683368,0.785037,16.357866,1
2500,1274.0,0.349843,0.370111,0.088746,0.111514,0.799740,0.064758,0.027322,0.707518,0.799597,16.852601,1
2500,1276.0,0.340342,0.372515,0.075172,0.109105,0.815723,0.061794,0.023111,0.730674,0.815579,17.319024,1
2500,1278.0,0.330829,0.374925,0.062749,0.104958,0.832293,0.058947,0.020242,0.752958,0.832148,17.760271,1
2500,1280.0,0.321304,0.377339,0.051593,0.099532,0.848876,0.056245,0.018182,0.774302,0.848728,18.175247,1
2500,1282.0,0.311767,0.379758,0.041725,0.093231,0.865043,0.053696,0.016634,0.794564,0.864894,18.561034,1
2500,1284.0,0.302219,0.382183,0.033094,0.086374,0.880532,0.051297,0.015423,0.813661,0.880381,18.915991,1
2500,1286.0,0.292658,0.384613,0.025670,0.079236,0.895094,0.049049,0.014444,0.831447,0.894940,19.237294,1
2500,1288.0,0.283085,0.387047,0.019381,0.072038,0.908580,0.046943,0.013629,0.847853,0.908425,19.523854,1
2500,1290.0,0.273500,0.389486,0.014151,0.064959,0.920891,0.044971,0.012932,0.862831,0.920733,19.774964,1
2500,1292.0,0.263903,0.391932,0.009920,0.058150,0.931930,0.043129,0.012324,0.876318,0.931771,19.989675,1
2500,1294.0,0.254295,0.394382,0.006604,0.051720,0.941675,0.041411,0.011785,0.888319,0.941515,20.168745,1
2500,1296.0,0.244674,0.396837,0.004128,0.045763,0.950109,0.039810,0.011300,0.898837,0.949947,20.312635,1
2500,1298.0,0.235040,0.399297,0.002404,0.040331,0.957264,0.038318,0.010858,0.907925,0.957101,20.423079,1
2500,1300.0,0.225394,0.401763,0.001357,0.035473,0.963170,0.036930,0.010452,0.915623,0.963005,20.501363,1
2500,1302.0,0.215737,0.404233,0.000909,0.031222,0.967869,0.035642,0.010077,0.921985,0.967703,20.549198,1
2500,1304.0,0.206068,0.406709,0.000985,0.027584,0.971431,0.034444,0.009727,0.927094,0.971264,20.568843,1
2500,1306.0,0.196386,0.409190,0.001512,0.024560,0.973928,0.033333,0.009401,0.931026,0.973760,20.562306,1
2500,1308.0,0.186693,0.411677,0.002426,0.022134,0.975441,0.032303,0.009096,0.933874,0.975272,20.532023,1
2500,1310.0,0.176986,0.414169,0.003661,0.020287,0.976052,0.031348,0.008810,0.935724,0.975883,20.480186,1
2500,1312.0,0.167269,0.416666,0.005160,0.018991,0.975848,0.030465,0.008542,0.936672,0.975678,20.409194,1
2500,1314.0,0.157539,0.419168,0.006872,0.018212,0.974916,0.029647,0.008290,0.936808,0.974745,20.321225,1
2500,1316.0,0.147796,0.421676,0.008751,0.017916,0.973334,0.028890,0.008054,0.936219,0.973163,20.218404,1
2500,1318.0,0.138043,0.424189,0.010753,0.018065,0.971181,0.028190,0.007833,0.934986,0.971010,20.102657,1
2500,1320.0,0.128276,0.426708,0.012840,0.018619,0.968542,0.027544,0.007627,0.933199,0.968370,19.976058,1
2500,1322.0,0.118497,0.429231,0.014985,0.019537,0.965478,0.026946,0.007434,0.930925,0.965305,19.840248,1
2500,1324.0,0.108706,0.431760,0.017158,0.020780,0.962062,0.026394,0.007254,0.928240,0.961889,19.696909,1
2500,1326.0,0.098903,0.434294,0.019331,0.022308,0.958361,0.025885,0.007087,0.925215,0.958188,19.547662,1
2500,1328.0,0.089088,0.436835,0.021490,0.024085,0.954425,0.025416,0.006932,0.921903,0.954251,19.393591,1
2500,1330.0,0.079261,0.439380,0.023622,0.026080,0.950298,0.024983,0.006789,0.918352,0.950124,19.235901,1
2500,1332.0,0.069422,0.441931,0.025705,0.028252,0.946043,0.024584,0.006657,0.914627,0.945868,19.075953,1
2500,1334.0,0.059570,0.444488,0.027733,0.030571,0.941696,0.024217,0.006535,0.910767,0.941520,18.914510,1
2500,1336.0,0.049707,0.447049,0.029699,0.033011,0.937290,0.023880,0.006425,0.906809,0.937114,18.752507,1
2500,1338.0,0.039831,0.449616,0.031597,0.035543,0.932860,0.023571,0.006324,0.902788,0.932683,18.590547,1
2500,1340.0,0.029943,0.452190,0.033424,0.038141,0.928435,0.023288,0.006233,0.898735,0.928257,18.429273,1
2500,1342.0,0.020043,0.454767,0.035176,0.040784,0.924040,0.023030,0.006152,0.894679,0.923860,18.269340,1
2500,1344.0,0.010131,0.457351,0.036850,0.043445,0.919705,0.022794,0.006079,0.890652,0.919525,18.111294,1
2500,1346.0,0.000207,0.459942,0.038452,0.046114,0.915434,0.022580,0.006016,0.886657,0.915253,17.955188,1
2500,1348.0,-0.009731,0.462538,0.039978,0.048765,0.911257,0.022387,0.005960,0.882727,0.911075,17.801695,1
2500,1350.0,-0.019679,0.465138,0.041437,0.051392,0.907171,0.022214,0.005913,0.878860,0.906987,17.650785,1
2500,1352.0,-0.029640,0.467744,0.042824,0.053972,0.903204,0.022059,0.005874,0.875086,0.903019,17.502977,1
2500,1354.0,-0.039613,0.470356,0.044146,0.056496,0.899358,0.021921,0.005843,0.871408,0.899172,17.358253,1
2500,1356.0,-0.049599,0.472974,0.045410,0.058959,0.895631,0.021801,0.005818,0.867825,0.895444,17.216577,1
2500,1358.0,-0.059596,0.475597,0.046613,0.061342,0.892045,0.021696,0.005801,0.864358,0.891856,17.078394,1
2500,1360.0,-0.069606,0.478226,0.047764,0.063640,0.888596,0.021608,0.005791,0.861006,0.888405,16.943548,1
2500,1362.0,-0.079628,0.480860,0.048867,0.065847,0.885286,0.021534,0.005787,0.857772,0.885094,16.812137,1
2500,1364.0,-0.089662,0.483501,0.049925,0.067956,0.882119,0.021475,0.005790,0.854659,0.881925,16.684073,1
2500,1366.0,-0.099709,0.486148,0.050940,0.069958,0.879102,0.021430,0.005800,0.851675,0.878905,16.559560,1
2500,1368.0,-0.109768,0.488799,0.051924,0.071857,0.876219,0.021399,0.005815,0.848806,0.876021,16.438289,1
2500,1370.0,-0.119838,0.491456,0.052878,0.073644,0.873478,0.021381,0.005836,0.846060,0.873278,16.320348,1
2500,1372.0,-0.129921,0.494121,0.053804,0.075311,0.870885,0.021377,0.005864,0.843442,0.870683,16.205734,1
2500,1374.0,-0.140017,0.496789,0.054710,0.076867,0.868423,0.021385,0.005896,0.840936,0.868218,16.094243,1
2500,1376.0,-0.150124,0.499463,0.055596,0.078302,0.866102,0.021406,0.005935,0.838555,0.865895,15.985958,1
2500,1378.0,-0.160243,0.502145,0.056471,0.079620,0.863909,0.021439,0.005978,0.836282,0.863700,15.880549,1
2500,1380.0,-0.170375,0.504830,0.057335,0.080813,0.861852,0.021485,0.006027,0.834128,0.861640,15.778244,1
3000,1200.0,0.757872,0.276869,0.753504,0.042910,0.203586,0.046433,0.003675,0.153449,0.203557,4.602186,1
3000,1202.0,0.749023,0.279064,0.756321,0.035446,0.208233,0.047849,0.003814,0.156541,0.208203,4.665757,1
3000,1204.0,0.740164,0.281262,0.758564,0.028624,0.212812,0.049314,0.003963,0.159505,0.212782,4.724783,1
3000,1206.0,0.731291,0.283465,0.760166,0.022498,0.217336,0.050827,0.004123,0.162355,0.217305,4.779751,1
3000,1208.0,0.722408,0.285673,0.761039,0.017125,0.221836,0.052387,0.004295,0.165123,0.221804,4.831662,1
3000,1210.0,0.713514,0.287884,0.761088,0.012551,0.226361,0.053989,0.004479,0.167860,0.226328,4.882096,1
3000,1212.0,0.704608,0.290098,0.760212,0.008809,0.230979,0.055632,0.004677,0.170637,0.230945,4.933124,1
3000,1214.0,0.695691,0.292319,0.758304,0.005915,0.235781,0.057312,0.004889,0.173545,0.235747,4.987318,1
3000,1216.0,0.686761,0.294543,0.755277,0.003854,0.240869,0.059028,0.005118,0.176688,0.240834,5.047590,1
3000,1218.0,0.677822,0.296771,0.751031,0.002601,0.246368,0.060781,0.005362,0.180188,0.246331,5.117324,1
3000,1220.0,0.668871,0.299003,0.745490,0.002101,0.252409,0.062573,0.005626,0.184172,0.252371,5.199966,1
3000,1222.0,0.659908,0.301240,0.738585,0.002282,0.259133,0.064410,0.005910,0.188774,0.259093,5.298972,1
3000,1224.0,0.650934,0.303482,0.730270,0.003057,0.266674,0.066301,0.006218,0.194114,0.266632,5.417481,1
3000,1226.0,0.641948,0.305728,0.720515,0.004332,0.275153,0.068260,0.006552,0.200298,0.275110,5.558066,1
3000,1228.0,0.632952,0.307977,0.709310,0.006024,0.284666,0.070308,0.006918,0.207395,0.284621,5.722282,1
3000,1230.0,0.623943,0.310233,0.696669,0.008071,0.295260,0.072467,0.007322,0.215423,0.295212,5.910194,1
3000,1232.0,0.614923,0.312492,0.682580,0.010475,0.306945,0.074764,0.007774,0.224356,0.306894,6.120699,1
3000,1234.0,0.605891,0.314755,0.667006,0.013298,0.319697,0.077246,0.008289,0.234108,0.319642,6.351125,1
3000,1236.0,0.596848,0.317024,0.649827,0.016716,0.333457,0.079961,0.008886,0.244553,0.333400,6.597682,1
3000,1238.0,0.587794,0.319296,0.630836,0.021027,0.348137,0.082963,0.009592,0.255521,0.348076,6.855590,1
3000,1240.0,0.578728,0.321573,0.609609,0.026692,0.363699,0.086330,0.010446,0.266858,0.363634,7.120574,1
3000,1242.0,0.569650,0.323855,0.585380,0.034383,0.380237,0.090180,0.011504,0.278484,0.380168,7.390316,1
3000,1244.0,0.560562,0.326141,0.556804,0.045096,0.398101,0.094706,0.012853,0.290468,0.398027,7.666666,1
3000,1246.0,0.551461,0.328431,0.521354,0.060430,0.418215,0.100276,0.014637,0.303224,0.418137,7.960295,1
3000,1248.0,0.542349,0.330727,0.473446,0.083628,0.442926,0.107743,0.017147,0.317951,0.442842,8.302293,1
3000,1250.0,0.533224,0.333026,0.395177,0.124445,0.480377,0.120080,0.021178,0.339026,0.480284,8.805551,1
3000,1252.0,0.524090,0.335331,0.218781,0.241105,0.540114,0.132738,0.029572,0.377695,0.540006,9.758085,1
3000,1254.0,0.514943,0.337641,0.184113,0.284162,0.531725,0.117529,0.035906,0.378185,0.531620,9.719391,1
3000,1256.0,0.505785,0.339955,0.144388,0.321717,0.533895,0.106034,0.047686,0.380071,0.533791,9.716852,1
3000,1258.0,0.496614,0.342273,0.096425,0.358879,0.544696,0.094991,0.070704,0.378895,0.544589,9.636485,1
3000,1260.0,0.487432,0.344596,0.041575,0.386224,0.572202,0.082847,0.116263,0.372976,0.572086,9.436995,1
3000,1262.0,0.478239,0.346925,0.017242,0.347368,0.635390,0.071631,0.180401,0.383225,0.635257,9.646500,1
3000,1264.0,0.469034,0.349258,0.083356,0.214526,0.702118,0.071357,0.176817,0.453798,0.701972,11.364631,1
3000,1266.0,0.459817,0.351595,0.139346,0.144543,0.716111,0.075758,0.113487,0.526725,0.715970,13.124049,1
3000,1268.0,0.450590,0.353938,0.145714,0.138362,0.715924,0.076177,0.070365,0.569248,0.715790,14.111911,1
3000,1270.0,0.441349,0.356285,0.133563,0.145565,0.720871,0.074206,0.047993,0.598541,0.720740,14.763594,1
3000,1272.0,0.432097,0.358637,0.117104,0.151747,0.731149,0.071413,0.035954,0.623651,0.731018,15.306149,1
3000,1274.0,0.422835,0.360994,0.100530,0.154633,0.744837,0.068413,0.028918,0.647374,0.744705,15.809460,1
3000,1276.0,0.413559,0.363355,0.085043,0.154449,0.760508,0.065435,0.024474,0.670466,0.760375,16.292542,1
3000,1278.0,0.404272,0.365723,0.070976,0.151793,0.777231,0.062564,0.021481,0.693051,0.777096,16.758549,1
3000,1280.0,0.394974,0.368094,0.058394,0.147236,0.794370,0.059834,0.019352,0.715047,0.794233,17.205927,1
3000,1282.0,0.385664,0.370470,0.047280,0.141266,0.811454,0.057254,0.017765,0.736296,0.811315,17.631108,1
3000,1284.0,0.376343,0.372852,0.037551,0.134268,0.828181,0.054820,0.016532,0.756688,0.828040,18.031744,1
3000,1286.0,0.367009,0.375238,0.029163,0.126572,0.844265,0.052532,0.015541,0.776049,0.844122,18.404123,1
3000,1288.0,0.357664,0.377629,0.022030,0.118450,0.859520,0.050381,0.014718,0.794276,0.859375,18.746259,1
3000,1290.0,0.348308,0.380025,0.016066,0.110127,0.873806,0.048358,0.014015,0.811286,0.873659,19.056535,1
3000,1292.0,0.338939,0.382427,0.011212,0.101803,0.886985,0.046460,0.013402,0.826974,0.886836,19.332951,1
3000,1294.0,0.329560,0.384833,0.007377,0.093629,0.898994,0.044680,0.012856,0.841308,0.898844,19.575345,1
3000,1296.0,0.320167,0.387244,0.004483,0.085743,0.909775,0.043012,0.012361,0.854249,0.909622,19.783212,1
3000,1298.0,0.310763,0.389660,0.002437,0.078236,0.919327,0.041449,0.011907,0.865816,0.919173,19.957535,1
3000,1300.0,0.301347,0.392082,0.001162,0.071196,0.927642,0.039987,0.011487,0.876014,0.927487,20.098790,1
3000,1302.0,0.291920,0.394508,0.000574,0.064697,0.934729,0.038619,0.011094,0.884860,0.934573,20.207926,1
3000,1304.0,0.282481,0.396939,0.000591,0.058775,0.940634,0.037340,0.010724,0.892413,0.940476,20.286705,1
3000,1306.0,0.273031,0.399376,0.001136,0.053465,0.945399,0.036145,0.010374,0.898721,0.945241,20.336583,1
3000,1308.0,0.263568,0.401818,0.002136,0.048772,0.949092,0.035029,0.010043,0.903860,0.948933,20.359714,1
3000,1310.0,0.254093,0.404266,0.003517,0.044708,0.951775,0.033989,0.009729,0.907897,0.951615,20.357925,1
3000,1312.0,0.244607,0.406717,0.005216,0.041259,0.953525,0.033018,0.009430,0.910916,0.953364,20.333486,1
3000,1314.0,0.235110,0.409175,0.007171,0.038408,0.954421,0.032113,0.009146,0.913001,0.954260,20.288492,1
3000,1316.0,0.225599,0.411637,0.009328,0.036136,0.954536,0.031269,0.008875,0.914229,0.954374,20.225014,1
3000,1318.0,0.216079,0.414105,0.011639,0.034416,0.953945,0.030483,0.008618,0.914681,0.953782,20.144977,1
3000,1320.0,0.206545,0.416578,0.014054,0.033214,0.952732,0.029751,0.008375,0.914443,0.952569,20.050551,1
3000,1322.0,0.196999,0.419056,0.016542,0.032494,0.950964,0.029069,0.008143,0.913590,0.950801,19.943558,1
3000,1324.0,0.187442,0.421540,0.019065,0.032217,0.948718,0.028433,0.007924,0.912198,0.948555,19.825821,1
3000,1326.0,0.177874,0.424027,0.021588,0.032349,0.946063,0.027841,0.007717,0.910342,0.945899,19.699102,1
3000,1328.0,0.168293,0.426522,0.024093,0.032853,0.943055,0.027290,0.007521,0.908080,0.942891,19.564670,1
3000,1330.0,0.158701,0.429022,0.026562,0.033693,0.939745,0.026776,0.007337,0.905467,0.939580,19.423949,1
3000,1332.0,0.149097,0.431526,0.028969,0.034828,0.936203,0.026299,0.007164,0.902576,0.936038,19.278517,1
3000,1334.0,0.139481,0.434037,0.031304,0.036222,0.932473,0.025854,0.007001,0.899454,0.932309,19.129364,1
3000,1336.0,0.129853,0.436551,0.033556,0.037846,0.928597,0.025440,0.006849,0.896144,0.928432,18.977601,1
3000,1338.0,0.120213,0.439071,0.035718,0.039669,0.924613,0.025055,0.006707,0.892686,0.924448,18.823996,1
3000,1340.0,0.110562,0.441598,0.037784,0.041658,0.920558,0.024697,0.006575,0.889120,0.920392,18.669392,1
3000,1342.0,0.100898,0.444129,0.039749,0.043786,0.916465,0.024364,0.006453,0.885482,0.916299,18.514642,1
3000,1344.0,0.091223,0.446666,0.041606,0.046021,0.912373,0.024056,0.006340,0.881810,0.912206,18.360479,1
3000,1346.0,0.081537,0.449209,0.043365,0.048347,0.908288,0.023770,0.006236,0.878115,0.908121,18.207081,1
3000,1348.0,0.071837,0.451758,0.045017,0.050736,0.904248,0.023505,0.006141,0.874434,0.904080,18.055258,1
3000,1350.0,0.062126,0.454310,0.046573,0.053174,0.900253,0.023260,0.006054,0.870769,0.900084,17.905091,1
3000,1352.0,0.052404,0.456868,0.048027,0.055635,0.896338,0.023035,0.005976,0.867158,0.896169,17.757266,1
3000,1354.0,0.042670,0.459433,0.049386,0.058103,0.892511,0.022827,0.005906,0.863608,0.892341,17.611882,1
3000,1356.0,0.032923,0.462003,0.050658,0.060568,0.888774,0.022637,0.005844,0.860123,0.888603,17.468981,1
3000,1358.0,0.023165,0.464578,0.051841,0.063009,0.885151,0.022463,0.005789,0.856726,0.884978,17.329097,1
3000,1360.0,0.013395,0.467159,0.052944,0.065415,0.881641,0.022305,0.005742,0.853421,0.881468,17.192145,1
3000,1362.0,0.003612,0.469744,0.053970,0.067777,0.878253,0.022162,0.005702,0.850214,0.878078,17.058317,1
3000,1364.0,-0.006181,0.472337,0.054927,0.070082,0.874992,0.022034,0.005669,0.847112,0.874816,16.927600,1
3000,1366.0,-0.015987,0.474935,0.055815,0.072318,0.871868,0.021921,0.005643,0.844127,0.871691,16.800278,1
3000,1368.0,-0.025805,0.477538,0.056647,0.074486,0.868867,0.021821,0.005624,0.841244,0.868689,16.676036,1
3000,1370.0,-0.035634,0.480146,0.057427,0.076574,0.865999,0.021734,0.005611,0.838474,0.865819,16.555014,1
3000,1372.0,-0.045476,0.482761,0.058155,0.078571,0.863273,0.021661,0.005605,0.835826,0.863092,16.437285,1
3000,1374.0,-0.055329,0.485380,0.058844,0.080483,0.860673,0.021600,0.005604,0.833286,0.860490,16.322664,1
3000,1376.0,-0.065194,0.488005,0.059492,0.082294,0.858214,0.021552,0.005610,0.830867,0.858029,16.211294,1
3000,1378.0,-0.075071,0.490638,0.060111,0.084010,0.855879,0.021516,0.005622,0.828555,0.855692,16.102815,1
3000,1380.0,-0.084959,0.493274,0.060701,0.085620,0.853679,0.021493,0.005639,0.826359,0.853491,15.997506,1
3500,1200.0,0.825627,0.268898,0.772276,0.042720,0.185004,0.045341,0.003629,0.136008,0.184978,4.200008,1
3500,1202.0,0.817000,0.271052,0.775196,0.035328,0.189476,0.046698,0.003769,0.138981,0.189449,4.264812,1
3500,1204.0,0.808364,0.273212,0.777509,0.028587,0.193904,0.048106,0.003919,0.141851,0.193876,4.325661,1
3500,1206.0,0.799715,0.275375,0.779154,0.022550,0.198296,0.049564,0.004080,0.144623,0.198268,4.382817,1
3500,1208.0,0.791057,0.277543,0.780051,0.017276,0.202673,0.051072,0.004252,0.147320,0.202645,4.437011,1
3500,1210.0,0.782386,0.279714,0.780110,0.012815,0.207075,0.052627,0.004437,0.149981,0.207045,4.489520,1
3500,1212.0,0.773705,0.281887,0.779241,0.009203,0.211556,0.054226,0.004636,0.152664,0.211526,4.542091,1
3500,1214.0,0.765014,0.284068,0.777343,0.006462,0.216195,0.055869,0.004849,0.155447,0.216164,4.596965,1
3500,1216.0,0.756309,0.286252,0.774335,0.004584,0.221081,0.057553,0.005078,0.158418,0.221049,4.656742,1
3500,1218.0,0.747595,0.288439,0.770124,0.003552,0.226324,0.059280,0.005324,0.161687,0.226291,4.724540,1
3500,1220.0,0.738871,0.290631,0.764637,0.003314,0.232049,0.061054,0.005590,0.165371,0.232015,4.803633,1
3500,1222.0,0.730134,0.292827,0.757810,0.003801,0.238389,0.062880,0.005877,0.169597,0.238353,4.897451,1
3500,1224.0,0.721387,0.295028,0.749597,0.004920,0.245483,0.064769,0.006188,0.174488,0.245446,5.009302,1
3500,1226.0,0.712628,0.297232,0.739968,0.006568,0.253464,0.066738,0.006527,0.180160,0.253424,5.142152,1
3500,1228.0,0.703860,0.299440,0.728911,0.008640,0.262450,0.068809,0.006898,0.186702,0.262408,5.298200,1
3500,1230.0,0.695078,0.301654,0.716439,0.011041,0.272520,0.071007,0.007307,0.194161,0.272476,5.478363,1
3500,1232.0,0.686286,0.303872,0.702544,0.013733,0.283723,0.073367,0.007764,0.202546,0.283676,5.682445,1
3500,1234.0,0.677483,0.306093,0.687190,0.016736,0.296074,0.075940,0.008282,0.211803,0.296024,5.908613,1
3500,1236.0,0.668669,0.308320,0.670266,0.020189,0.309545,0.078783,0.008879,0.221830,0.309492,6.153589,1
3500,1238.0,0.659844,0.310551,0.651568,0.024372,0.324059,0.081959,0.009582,0.232462,0.324003,6.412560,1
3500,1240.0,0.651008,0.312785,0.630674,0.029758,0.339567,0.085554,0.010429,0.243524,0.339507,6.680503,1
3500,1242.0,0.642160,0.315025,0.606801,0.037077,0.356122,0.089697,0.011476,0.254884,0.356057,6.953629,1
3500,1244.0,0.633302,0.317269,0.578559,0.047433,0.374008,0.094592,0.012809,0.266537,0.373939,7.231743,1
3500,1246.0,0.624432,0.319517,0.543328,0.062593,0.394078,0.100629,0.014576,0.278799,0.394004,7.523288,1
3500,1248.0,0.615550,0.321770,0.495329,0.086044,0.418627,0.108711,0.017073,0.292764,0.418547,7.857393,1
3500,1250.0,0.606657,0.324027,0.416107,0.127972,0.455921,0.122012,0.021126,0.312694,0.455832,8.347198,1
3500,1252.0,0.597754,0.326289,0.233772,0.254685,0.511543,0.136144,0.029316,0.345980,0.511440,9.186400,1
3500,1254.0,0.588839,0.328556,0.195911,0.306798,0.497292,0.120330,0.034705,0.342160,0.497194,9.036698,1
3500,1256.0,0.579914,0.330827,0.153663,0.350810,0.495527,0.108473,0.045029,0.341929,0.495431,8.982929,1
3500,1258.0,0.570975,0.333102,0.104001,0.393177,0.502823,0.097200,0.065275,0.340251,0.502726,8.891918,1
3500,1260.0,0.562027,0.335381,0.047707,0.426638,0.525656,0.084876,0.106153,0.334523,0.525552,8.696612,1
3500,1262.0,0.553068,0.337666,0.017478,0.399503,0.583019,0.072779,0.171959,0.338161,0.582900,8.745558,1
3500,1264.0,0.544096,0.339956,0.085788,0.259523,0.654689,0.071635,0.187204,0.395716,0.654554,10.181230,1
3500,1266.0,0.535113,0.342249,0.156325,0.173132,0.670543,0.077713,0.125185,0.467513,0.670411,11.966794,1
3500,1268.0,0.526120,0.344548,0.165467,0.168607,0.665926,0.079204,0.076984,0.509613,0.665801,12.977821,1
3500,1270.0,0.517114,0.346851,0.151111,0.181906,0.666982,0.077566,0.051826,0.537469,0.666860,13.617768,1
3500,1272.0,0.508098,0.349159,0.131869,0.193577,0.674554,0.074853,0.038485,0.561095,0.674433,14.144678,1
3500,1274.0,0.499071,0.351471,0.112839,0.200781,0.686380,0.071863,0.030808,0.583588,0.686259,14.637868,1
3500,1276.0,0.490031,0.353788,0.095293,0.203911,0.700796,0.068876,0.026027,0.605770,0.700674,15.118467,1
3500,1278.0,0.480981,0.356111,0.079498,0.203754,0.716748,0.065997,0.022847,0.627781,0.716625,15.589984,1
3500,1280.0,0.471919,0.358438,0.065444,0.201019,0.733537,0.063260,0.020611,0.649540,0.733412,16.050724,1
3500,1282.0,0.462846,0.360769,0.053059,0.196289,0.750651,0.060674,0.018963,0.670886,0.750524,16.496816,1
3500,1284.0,0.453762,0.363106,0.042221,0.190019,0.767760,0.058235,0.017696,0.691699,0.767631,16.925501,1
3500,1286.0,0.444666,0.365447,0.032863,0.182586,0.784551,0.055941,0.016687,0.711792,0.784419,17.332522,1
3500,1288.0,0.435559,0.367792,0.024880,0.174310,0.800810,0.053780,0.015855,0.731042,0.800676,17.715265,1
3500,1290.0,0.426440,0.370143,0.018177,0.165453,0.816370,0.051743,0.015149,0.749342,0.816234,18.071425,1
3500,1292.0,0.417311,0.372500,0.012689,0.156253,0.831058,0.049826,0.014535,0.766559,0.830920,18.398160,1
3500,1294.0,0.408170,0.374860,0.008322,0.146898,0.844780,0.048022,0.013989,0.782629,0.844640,18.694483,1
3500,1296.0,0.399017,0.377225,0.004995,0.137565,0.857440,0.046325,0.013495,0.797478,0.857298,18.958988,1
3500,1298.0,0.389852,0.379595,0.002613,0.128382,0.869005,0.044727,0.013040,0.811094,0.868862,19.191888,1
3500,1300.0,0.380676,0.381971,0.001096,0.119473,0.879431,0.043224,0.012616,0.823446,0.879286,19.392796,1
3500,1302.0,0.371490,0.384351,0.000358,0.110953,0.888689,0.041812,0.012217,0.834514,0.888543,19.561806,1
3500,1304.0,0.362292,0.386736,0.000312,0.102891,0.896797,0.040482,0.011838,0.844329,0.896650,19.700045,1
3500,1306.0,0.353082,0.389126,0.000875,0.095359,0.903765,0.039234,0.011477,0.852906,0.903617,19.808243,1
3500,1308.0,0.343861,0.391521,0.001970,0.088391,0.909639,0.038060,0.011131,0.860298,0.909489,19.888093,1
3500,1310.0,0.334628,0.393922,0.003516,0.082032,0.914452,0.036958,0.010799,0.866544,0.914302,19.940856,1
3500,1312.0,0.325384,0.396327,0.005441,0.076293,0.918266,0.035924,0.010480,0.871711,0.918115,19.968477,1
3500,1314.0,0.316129,0.398737,0.007677,0.071179,0.921144,0.034953,0.010173,0.875866,0.920992,19.972780,1
3500,1316.0,0.306861,0.401152,0.010162,0.066692,0.923146,0.034042,0.009877,0.879075,0.922994,19.955604,1
3500,1318.0,0.297584,0.403573,0.012838,0.062825,0.924337,0.033186,0.009592,0.881405,0.924184,19.918712,1
3500,1320.0,0.288293,0.405999,0.015649,0.059558,0.924793,0.032384,0.009319,0.882937,0.924640,19.864204,1
3500,1322.0,0.278991,0.408429,0.018555,0.056862,0.924583,0.031631,0.009056,0.883742,0.924429,19.793965,1
3500,1324.0,0.269679,0.410864,0.021512,0.054711,0.923778,0.030924,0.008803,0.883896,0.923623,19.709837,1
3500,1326.0,0.260355,0.413304,0.024476,0.053077,0.922447,0.030261,0.008561,0.883470,0.922292,19.613619,1
3500,1328.0,0.251019,0.415751,0.027424,0.051928,0.920648,0.029639,0.008330,0.882525,0.920493,19.506692,1
3500,1330.0,0.241672,0.418202,0.030333,0.051231,0.918437,0.029054,0.008109,0.881119,0.918282,19.390637,1
3500,1332.0,0.232314,0.420658,0.033168,0.050945,0.915886,0.028505,0.007898,0.879328,0.915732,19.267181,1
3500,1334.0,0.222943,0.423121,0.035917,0.051035,0.913048,0.027990,0.007697,0.877206,0.912893,19.137512,1
3500,1336.0,0.213561,0.425586,0.038565,0.051468,0.909966,0.027505,0.007506,0.874799,0.909811,19.002884,1
3500,1338.0,0.204168,0.428058,0.041101,0.052214,0.906685,0.027051,0.007325,0.872154,0.906529,18.864212,1
3500,1340.0,0.194764,0.430536,0.043516,0.053238,0.903247,0.026623,0.007154,0.869314,0.903091,18.722527,1
3500,1342.0,0.185347,0.433018,0.045802,0.054506,0.899692,0.026222,0.006992,0.866323,0.899537,18.578869,1
3500,1344.0,0.175920,0.435505,0.047949,0.055984,0.896067,0.025844,0.006839,0.863228,0.895911,18.434162,1
3500,1346.0,0.166482,0.437999,0.049967,0.057650,0.892383,0.025490,0.006696,0.860041,0.892227,18.288718,1
3500,1348.0,0.157030,0.440498,0.051845,0.059475,0.888680,0.025157,0.006561,0.856806,0.888524,18.143480,1
3500,1350.0,0.147568,0.443001,0.053595,0.061438,0.884967,0.024844,0.006435,0.853531,0.884810,17.998657,1
3500,1352.0,0.138095,0.445510,0.055208,0.063509,0.881283,0.024551,0.006317,0.850258,0.881126,17.855112,1
3500,1354.0,0.128610,0.448024,0.056691,0.065667,0.877643,0.024276,0.006208,0.847001,0.877485,17.713074,1
3500,1356.0,0.119112,0.450544,0.058053,0.067895,0.874051,0.024018,0.006107,0.843769,0.873894,17.572685,1
3500,1358.0,0.109605,0.453069,0.059292,0.070172,0.870536,0.023777,0.006013,0.840588,0.870378,17.434571,1
3500,1360.0,0.100085,0.455600,0.060416,0.072481,0.867103,0.023551,0.005928,0.837465,0.866944,17.298737,1
3500,1362.0,0.090553,0.458135,0.061431,0.074808,0.863761,0.023341,0.005850,0.834410,0.863601,17.165485,1
3500,1364.0,0.081011,0.460677,0.062343,0.077135,0.860522,0.023146,0.005779,0.831437,0.860362,17.034898,1
3500,1366.0,0.071456,0.463224,0.063155,0.079446,0.857400,0.022964,0.005715,0.828559,0.857239,16.907351,1
3500,1368.0,0.061890,0.465776,0.063880,0.081739,0.854381,0.022796,0.005659,0.825764,0.854219,16.782537,1
3500,1370.0,0.052313,0.468333,0.064523,0.084000,0.851477,0.022641,0.005609,0.823065,0.851315,16.660665,1
3500,1372.0,0.042724,0.470897,0.065085,0.086211,0.848703,0.022499,0.005567,0.820474,0.848540,16.541896,1
3500,1374.0,0.033123,0.473465,0.065580,0.088376,0.846044,0.022369,0.005530,0.817980,0.845879,16.426079,1
3500,1376.0,0.023511,0.476038,0.066009,0.090474,0.843517,0.022252,0.005501,0.815599,0.843351,16.313436,1
3500,1378.0,0.013888,0.478619,0.066383,0.092510,0.841107,0.022147,0.005477,0.813316,0.840940,16.203585,1
3500,1380.0,0.004253,0.481203,0.066704,0.094470,0.838826,0.022053,0.005460,0.811145,0.838658,16.096861,1
4000,1200.0,0.894634,0.260779,0.789629,0.042485,0.167886,0.044243,0.003572,0.120047,0.167862,3.822542,1
4000,1202.0,0.886235,0.262893,0.792698,0.035171,0.172131,0.045543,0.003712,0.122852,0.172107,3.886856,1
4000,1204.0,0.877826,0.265012,0.795126,0.028519,0.176355,0.046892,0.003863,0.125576,0.176330,3.947831,1
4000,1206.0,0.869405,0.267135,0.796857,0.022583,0.180561,0.048293,0.004024,0.128219,0.180535,4.005533,1
4000,1208.0,0.860974,0.269262,0.797815,0.017423,0.184763,0.049746,0.004196,0.130795,0.184737,4.060456,1
4000,1210.0,0.852533,0.271392,0.797918,0.013091,0.188990,0.051248,0.004381,0.133334,0.188964,4.113603,1
4000,1212.0,0.844080,0.273525,0.797083,0.009628,0.193289,0.052799,0.004579,0.135883,0.193261,4.166421,1
4000,1214.0,0.835618,0.275664,0.795217,0.007060,0.197723,0.054398,0.004792,0.138506,0.197695,4.220837,1
4000,1216.0,0.827143,0.277807,0.792243,0.005387,0.202370,0.056043,0.005021,0.141277,0.202341,4.279137,1
4000,1218.0,0.818659,0.279953,0.788075,0.004597,0.207328,0.057736,0.005268,0.144295,0.207298,4.344150,1
4000,1220.0,0.810165,0.282103,0.782643,0.004647,0.212709,0.059480,0.005535,0.147663,0.212678,4.418928,1
4000,1222.0,0.801659,0.284257,0.775887,0.005472,0.218640,0.061283,0.005824,0.151501,0.218608,4.506793,1
4000,1224.0,0.793143,0.286417,0.767761,0.006981,0.225258,0.063157,0.006137,0.155930,0.225224,4.611110,1
4000,1226.0,0.784615,0.288579,0.758236,0.009062,0.232702,0.065117,0.006480,0.161070,0.232666,4.735124,1
4000,1228.0,0.776078,0.290745,0.747300,0.011592,0.241108,0.067190,0.006855,0.167026,0.241070,4.881581,1
4000,1230.0,0.767529,0.292917,0.734968,0.014448,0.250585,0.069403,0.007269,0.173872,0.250545,5.052226,1
4000,1232.0,0.758970,0.295093,0.721231,0.017547,0.261222,0.071796,0.007732,0.181652,0.261179,5.247881,1
4000,1234.0,0.750399,0.297271,0.706065,0.020855,0.273080,0.074427,0.008255,0.190353,0.273035,5.467825,1
4000,1236.0,0.741818,0.299456,0.689368,0.024452,0.286180,0.077362,0.008857,0.199912,0.286131,5.709753,1
4000,1238.0,0.733227,0.301644,0.670954,0.028566,0.300480,0.080675,0.009563,0.210191,0.300428,5.969411,1
4000,1240.0,0.724625,0.303835,0.650410,0.033644,0.315946,0.084464,0.010410,0.221015,0.315890,6.241633,1
4000,1242.0,0.716011,0.306033,0.626953,0.040433,0.332614,0.088874,0.011456,0.232225,0.332554,6.521607,1
4000,1244.0,0.707387,0.308233,0.599165,0.050115,0.350720,0.094122,0.012787,0.243747,0.350656,6.807257,1
4000,1246.0,0.698752,0.310438,0.564346,0.064601,0.371052,0.100624,0.014554,0.255804,0.370983,7.104661,1
4000,1248.0,0.690106,0.312648,0.516540,0.087596,0.395863,0.109338,0.017064,0.269385,0.395788,7.440894,1
4000,1250.0,0.681448,0.314861,0.436774,0.129604,0.433622,0.123661,0.021190,0.288687,0.433537,7.930682,1
4000,1252.0,0.672781,0.317079,0.249058,0.264996,0.485946,0.139344,0.029275,0.317230,0.485848,8.667683,1
4000,1254.0,0.664102,0.319302,0.207892,0.326534,0.465574,0.122791,0.033789,0.308903,0.465483,8.394797,1
4000,1256.0,0.655414,0.321529,0.163031,0.377171,0.459799,0.110518,0.042858,0.306335,0.459710,8.280518,1
4000,1258.0,0.646712,0.323760,0.111651,0.424698,0.463652,0.099000,0.060741,0.303822,0.463563,8.168984,1
4000,1260.0,0.638002,0.325996,0.054102,0.463700,0.482198,0.086558,0.097274,0.298274,0.482105,7.977484,1
4000,1262.0,0.629280,0.328236,0.018075,0.448369,0.533556,0.073798,0.162172,0.297479,0.533450,7.914464,1
4000,1264.0,0.620546,0.330482,0.084409,0.306325,0.609266,0.071311,0.196360,0.341471,0.609142,9.037439,1
4000,1266.0,0.611802,0.332730,0.172050,0.199066,0.628884,0.078989,0.139314,0.410457,0.628760,10.806917,1
4000,1268.0,0.603048,0.334985,0.185876,0.194962,0.619162,0.081789,0.085268,0.451987,0.619044,11.838937,1
4000,1270.0,0.594281,0.337243,0.169341,0.215396,0.615262,0.080541,0.056530,0.478078,0.615149,12.458116,1
4000,1272.0,0.585504,0.339505,0.147057,0.233699,0.619243,0.077906,0.041480,0.499746,0.619132,12.956322,1
4000,1274.0,0.576717,0.341773,0.125371,0.246209,0.628420,0.074916,0.032953,0.520440,0.628309,13.424401,1
4000,1276.0,0.567917,0.344044,0.105650,0.253533,0.640817,0.071916,0.027717,0.541072,0.640705,13.886202,1
4000,1278.0,0.559107,0.346322,0.088071,0.256704,0.655224,0.069030,0.024280,0.561802,0.655112,14.345870,1
4000,1280.0,0.550287,0.348603,0.072529,0.256605,0.670866,0.066294,0.021893,0.582565,0.670752,14.801827,1
4000,1282.0,0.541455,0.350888,0.058881,0.253926,0.687193,0.063718,0.020155,0.603204,0.687077,15.250199,1
4000,1284.0,0.532613,0.353179,0.046952,0.249198,0.703850,0.061293,0.018835,0.623603,0.703731,15.688092,1
4000,1286.0,0.523758,0.355475,0.036647,0.242844,0.720509,0.059016,0.017797,0.643575,0.720388,16.111054,1
4000,1288.0,0.514894,0.357774,0.027837,0.235223,0.736940,0.056873,0.016951,0.662993,0.736818,16.516150,1
4000,1290.0,0.506018,0.360078,0.020413,0.226627,0.752960,0.054853,0.016241,0.681741,0.752835,16.900693,1
4000,1292.0,0.497131,0.362389,0.014304,0.217319,0.768377,0.052951,0.015629,0.699670,0.768250,17.261306,1
4000,1294.0,0.488234,0.364702,0.009411,0.207516,0.783073,0.051158,0.015089,0.716697,0.782944,17.596403,1
4000,1296.0,0.479325,0.367021,0.005652,0.197423,0.796925,0.049467,0.014602,0.732725,0.796794,17.903896,1
4000,1298.0,0.470404,0.369344,0.002929,0.187196,0.809875,0.047870,0.014154,0.747718,0.809742,18.183340,1
4000,1300.0,0.461473,0.371673,0.001161,0.176990,0.821850,0.046364,0.013737,0.761614,0.821715,18.433598,1
4000,1302.0,0.452531,0.374006,0.000261,0.166951,0.832788,0.044942,0.013343,0.774366,0.832652,18.653971,1
4000,1304.0,0.443578,0.376343,0.000140,0.157181,0.842679,0.043598,0.012968,0.785976,0.842542,18.844933,1
4000,1306.0,0.434614,0.378686,0.000713,0.147785,0.851502,0.042330,0.012608,0.796426,0.851364,19.006450,1
4000,1308.0,0.425639,0.381034,0.001897,0.138826,0.859278,0.041132,0.012260,0.805746,0.859138,19.139660,1
4000,1310.0,0.416652,0.383387,0.003607,0.130382,0.866011,0.040002,0.011923,0.813946,0.865870,19.245159,1
4000,1312.0,0.407655,0.385744,0.005765,0.122494,0.871741,0.038934,0.011596,0.821069,0.871599,19.324423,1
4000,1314.0,0.398646,0.388107,0.008297,0.115191,0.876511,0.037927,0.011278,0.827164,0.876369,19.378858,1
4000,1316.0,0.389625,0.390474,0.011134,0.108503,0.880363,0.036975,0.010969,0.832276,0.880220,19.409924,1
4000,1318.0,0.380596,0.392846,0.014209,0.102446,0.883344,0.036077,0.010668,0.836456,0.883200,19.419070,1
4000,1320.0,0.371554,0.395223,0.017458,0.097022,0.885520,0.035229,0.010376,0.839771,0.885376,19.408167,1
4000,1322.0,0.362500,0.397605,0.020837,0.092213,0.886951,0.034428,0.010092,0.842287,0.886806,19.379020,1
4000,1324.0,0.353436,0.399992,0.024289,0.088010,0.887701,0.033671,0.009816,0.844069,0.887556,19.333352,1
4000,1326.0,0.344361,0.402383,0.027766,0.084401,0.887833,0.032956,0.009549,0.845182,0.887687,19.272869,1
4000,1328.0,0.335275,0.404781,0.031235,0.081364,0.887401,0.032281,0.009291,0.845683,0.887255,19.198969,1
4000,1330.0,0.326177,0.407183,0.034671,0.078869,0.886461,0.031643,0.009041,0.845632,0.886315,19.113290,1
4000,1332.0,0.317069,0.409590,0.038028,0.076886,0.885086,0.031039,0.008800,0.845101,0.884940,19.017609,1
4000,1334.0,0.307949,0.412003,0.041291,0.075380,0.883329,0.030468,0.008568,0.844147,0.883183,18.913247,1
4000,1336.0,0.298818,0.414419,0.044438,0.074324,0.881238,0.029928,0.008345,0.842819,0.881092,18.801539,1
4000,1338.0,0.289676,0.416841,0.047456,0.073688,0.878856,0.029416,0.008131,0.841163,0.878710,18.683501,1
4000,1340.0,0.280523,0.419269,0.050329,0.073437,0.876234,0.028932,0.007925,0.839230,0.876088,18.560308,1
4000,1342.0,0.271358,0.421701,0.053049,0.073538,0.873414,0.028473,0.007729,0.837065,0.873267,18.433157,1
4000,1344.0,0.262184,0.424138,0.055600,0.073953,0.870447,0.028039,0.007541,0.834721,0.870301,18.303128,1
4000,1346.0,0.252997,0.426582,0.057991,0.074658,0.867351,0.027626,0.007362,0.832216,0.867205,18.170665,1
4000,1348.0,0.243799,0.429031,0.060209,0.075622,0.864169,0.027235,0.007192,0.829595,0.864022,18.036819,1
4000,1350.0,0.234590,0.431483,0.062265,0.076823,0.860912,0.026865,0.007030,0.826871,0.860766,17.901930,1
4000,1352.0,0.225370,0.433941,0.064146,0.078225,0.857629,0.026513,0.006876,0.824093,0.857483,17.767020,1
4000,1354.0,0.216139,0.436404,0.065862,0.079802,0.854336,0.026179,0.006731,0.821279,0.854190,17.632457,1
4000,1356.0,0.206896,0.438874,0.067421,0.081535,0.851045,0.025862,0.006593,0.818442,0.850898,17.498489,1
4000,1358.0,0.197643,0.441347,0.068817,0.083398,0.847785,0.025562,0.006464,0.815612,0.847638,17.365824,1
4000,1360.0,0.188378,0.443827,0.070062,0.085374,0.844564,0.025278,0.006342,0.812798,0.844417,17.234571,1
4000,1362.0,0.179102,0.446310,0.071159,0.087441,0.841400,0.025008,0.006227,0.810017,0.841252,17.105147,1
4000,1364.0,0.169815,0.448801,0.072117,0.089577,0.838306,0.024752,0.006121,0.807285,0.838158,16.977739,1
4000,1366.0,0.160517,0.451296,0.072937,0.091763,0.835300,0.024510,0.006021,0.804621,0.835152,16.852820,1
4000,1368.0,0.151207,0.453796,0.073635,0.093995,0.832370,0.024281,0.005929,0.802013,0.832222,16.730104,1
4000,1370.0,0.141887,0.456301,0.074215,0.096253,0.829532,0.024065,0.005843,0.799475,0.829383,16.609872,1
4000,1372.0,0.132554,0.458813,0.074681,0.098517,0.826802,0.023861,0.005765,0.797027,0.826653,16.492386,1
4000,1374.0,0.123211,0.461329,0.075046,0.100785,0.824170,0.023669,0.005693,0.794658,0.824020,16.377546,1
4000,1376.0,0.113857,0.463850,0.075311,0.103033,0.821656,0.023488,0.005628,0.792389,0.821505,16.265657,1
4000,1378.0,0.104492,0.466378,0.075492,0.105264,0.819244,0.023319,0.005570,0.790204,0.819093,16.156328,1
4000,1380.0,0.095115,0.468910,0.075590,0.107461,0.816949,0.023161,0.005518,0.788118,0.816797,16.049956,1
4500,1200.0,0.963727,0.252650,0.805243,0.042247,0.152510,0.043150,0.003504,0.105835,0.152489,3.478435,1
4500,1202.0,0.955555,0.254724,0.808497,0.035002,0.156501,0.044393,0.003644,0.108443,0.156479,3.541006,1
4500,1204.0,0.947374,0.256802,0.811077,0.028432,0.160491,0.045685,0.003794,0.110990,0.160469,3.600840,1
4500,1206.0,0.939181,0.258884,0.812928,0.022593,0.164479,0.047029,0.003955,0.113473,0.164456,3.657838,1
4500,1208.0,0.930979,0.260971,0.813981,0.017546,0.168473,0.048425,0.004127,0.115898,0.168450,3.712294,1
4500,1210.0,0.922766,0.263060,0.814161,0.013343,0.172496,0.049874,0.004311,0.118288,0.172472,3.764969,1
4500,1212.0,0.914542,0.265152,0.813387,0.010029,0.176584,0.051374,0.004508,0.120678,0.176559,3.817043,1
4500,1214.0,0.906310,0.267250,0.811574,0.007635,0.180791,0.052924,0.004720,0.123122,0.180765,3.870150,1
4500,1216.0,0.898065,0.269351,0.808651,0.006167,0.185182,0.054525,0.004948,0.125683,0.185156,3.926284,1
4500,1218.0,0.889811,0.271456,0.804537,0.005620,0.189843,0.056178,0.005194,0.128444,0.189816,3.987973,1
4500,1220.0,0.881547,0.273565,0.799165,0.005961,0.194874,0.057887,0.005460,0.131499,0.194846,4.058026,1
4500,1222.0,0.873273,0.275677,0.792476,0.007130,0.200394,0.059659,0.005749,0.134957,0.200364,4.139587,1
4500,1224.0,0.864987,0.277795,0.784426,0.009041,0.206532,0.061505,0.006063,0.138933,0.206502,4.235986,1
4500,1226.0,0.856691,0.279915,0.774987,0.011582,0.213431,0.063445,0.006407,0.143547,0.213399,4.350615,1
4500,1228.0,0.848387,0.282040,0.764145,0.014618,0.221237,0.065502,0.006786,0.148915,0.221203,4.486628,1
4500,1230.0,0.840070,0.284169,0.751917,0.018000,0.230083,0.067710,0.007204,0.155133,0.230047,4.646488,1
4500,1232.0,0.831743,0.286303,0.738298,0.021608,0.240093,0.070109,0.007672,0.162275,0.240055,4.832013,1
4500,1234.0,0.823405,0.288439,0.723275,0.025345,0.251380,0.072766,0.008201,0.170372,0.251339,5.043733,1
4500,1236.0,0.815058,0.290581,0.706762,0.029219,0.264019,0.075756,0.008810,0.179409,0.263975,5.280668,1
4500,1238.0,0.806701,0.292726,0.688595,0.033376,0.278028,0.079164,0.009523,0.189294,0.277981,5.539725,1
4500,1240.0,0.798332,0.294874,0.668392,0.038191,0.293418,0.083107,0.010377,0.199882,0.293366,5.816356,1
4500,1242.0,0.789953,0.297029,0.645387,0.044371,0.310242,0.087744,0.011430,0.211012,0.310186,6.105508,1
4500,1244.0,0.781564,0.299186,0.618161,0.053117,0.328722,0.093319,0.012772,0.222571,0.328662,6.403819,1
4500,1246.0,0.773164,0.301348,0.583960,0.066435,0.349604,0.100276,0.014558,0.234704,0.349539,6.715273,1
4500,1248.0,0.764753,0.303514,0.536680,0.088193,0.375127,0.109640,0.017108,0.248307,0.375055,7.065089,1
4500,1250.0,0.756332,0.305684,0.456885,0.129051,0.414063,0.125053,0.021357,0.267572,0.413982,7.571316,1
4500,1252.0,0.747901,0.307858,0.264623,0.271212,0.464165,0.142392,0.029433,0.292246,0.464071,8.224231,1
4500,1254.0,0.739459,0.310037,0.220096,0.342392,0.437513,0.124952,0.033117,0.279358,0.437427,7.818730,1
4500,1256.0,0.731007,0.312220,0.172529,0.399724,0.427747,0.112200,0.041098,0.274367,0.427665,7.637532,1
4500,1258.0,0.722543,0.314408,0.119365,0.452358,0.428277,0.100416,0.056979,0.270800,0.428196,7.497718,1
4500,1260.0,0.714070,0.316599,0.060641,0.496466,0.442893,0.087890,0.089613,0.265306,0.442809,7.306356,1
4500,1262.0,0.705586,0.318795,0.019264,0.492445,0.488291,0.074688,0.151686,0.261823,0.488197,7.172129,1
4500,1264.0,0.697091,0.320996,0.079179,0.354307,0.566514,0.070529,0.202671,0.293200,0.566400,7.989209,1
4500,1266.0,0.688585,0.323199,0.185204,0.222191,0.592605,0.079480,0.155398,0.357609,0.592488,9.693143,1
4500,1268.0,0.680070,0.325409,0.206470,0.215687,0.577843,0.083842,0.095255,0.398635,0.577733,10.748741,1
4500,1270.0,0.671543,0.327622,0.188040,0.243751,0.568209,0.083060,0.062112,0.422932,0.568104,11.344696,1
4500,1272.0,0.663006,0.329840,0.162511,0.269525,0.567965,0.080498,0.044915,0.442449,0.567862,11.806994,1
4500,1274.0,0.654459,0.332062,0.137987,0.288051,0.573961,0.077488,0.035315,0.461057,0.573859,12.240426,1
4500,1276.0,0.645900,0.334288,0.115988,0.300182,0.583831,0.074460,0.029501,0.479767,0.583729,12.672210,1
4500,1278.0,0.637331,0.336520,0.096580,0.307255,0.596166,0.071557,0.025732,0.498773,0.596063,13.107345,1
4500,1280.0,0.628751,0.338756,0.079543,0.310362,0.610095,0.068821,0.023147,0.518023,0.609991,13.544529,1
4500,1282.0,0.620161,0.340996,0.064648,0.310326,0.625026,0.066256,0.021289,0.537376,0.624920,13.980073,1
4500,1284.0,0.611561,0.343241,0.051658,0.307762,0.640580,0.063853,0.019895,0.556724,0.640472,14.411132,1
4500,1286.0,0.602949,0.345490,0.040440,0.303140,0.656420,0.061604,0.018814,0.575892,0.656310,14.833320,1
4500,1288.0,0.594327,0.347743,0.030837,0.296855,0.672308,0.059494,0.017946,0.594756,0.672196,15.243640,1
4500,1290.0,0.585694,0.350001,0.022723,0.289224,0.688054,0.057510,0.017226,0.613203,0.687940,15.639286,1
4500,1292.0,0.577051,0.352265,0.016017,0.280525,0.703458,0.055644,0.016615,0.631083,0.703342,16.016655,1
4500,1294.0,0.568397,0.354532,0.010616,0.270996,0.718389,0.053885,0.016081,0.648304,0.718271,16.373820,1
4500,1296.0,0.559732,0.356804,0.006432,0.260857,0.732710,0.052228,0.015604,0.664759,0.732590,16.708276,1
4500,1298.0,0.551056,0.359080,0.003368,0.250284,0.746347,0.050661,0.015169,0.680396,0.746226,17.019121,1
4500,1300.0,0.542369,0.361362,0.001343,0.239452,0.759205,0.049180,0.014765,0.695136,0.759082,17.304667,1
4500,1302.0,0.533672,0.363648,0.000269,0.228531,0.771201,0.047780,0.014385,0.708910,0.771076,17.563594,1
4500,1304.0,0.524965,0.365938,0.000056,0.217643,0.782301,0.046453,0.014022,0.721699,0.782174,17.795820,1
4500,1306.0,0.516247,0.368234,0.000618,0.206923,0.792458,0.045198,0.013673,0.733459,0.792330,18.000635,1
4500,1308.0,0.507518,0.370534,0.001871,0.196458,0.801670,0.044007,0.013334,0.744199,0.801541,18.178633,1
4500,1310.0,0.498777,0.372839,0.003727,0.186357,0.809916,0.042879,0.013005,0.753902,0.809785,18.329755,1
4500,1312.0,0.490027,0.375148,0.006104,0.176684,0.817212,0.041810,0.012682,0.762588,0.817080,18.454961,1
4500,1314.0,0.481266,0.377463,0.008922,0.167498,0.823579,0.040795,0.012366,0.770285,0.823446,18.555171,1
4500,1316.0,0.472493,0.379782,0.012107,0.158853,0.829040,0.039833,0.012056,0.777018,0.828906,18.631387,1
4500,1318.0,0.463711,0.382106,0.015587,0.150790,0.833624,0.038920,0.011751,0.782818,0.833489,18.684657,1
4500,1320.0,0.454917,0.384435,0.019287,0.143335,0.837378,0.038054,0.011452,0.787736,0.837242,18.716496,1
4500,1322.0,0.446112,0.386768,0.023160,0.136489,0.840352,0.037231,0.011159,0.791826,0.840216,18.728517,1
4500,1324.0,0.437297,0.389106,0.027140,0.130261,0.842599,0.036449,0.010871,0.795142,0.842462,18.722200,1
4500,1326.0,0.428471,0.391448,0.031170,0.124662,0.844168,0.035707,0.010590,0.797734,0.844032,18.699047,1
4500,1328.0,0.419635,0.393797,0.035212,0.119678,0.845110,0.035002,0.010316,0.799655,0.844973,18.660370,1
4500,1330.0,0.410787,0.396150,0.039233,0.115292,0.845475,0.034332,0.010048,0.800958,0.845338,18.607764,1
4500,1332.0,0.401929,0.398507,0.043181,0.111488,0.845331,0.033694,0.009787,0.801712,0.845193,18.542942,1
4500,1334.0,0.393060,0.400871,0.047033,0.108237,0.844730,0.033087,0.009533,0.801972,0.844593,18.467274,1
4500,1336.0,0.384180,0.403238,0.050763,0.105518,0.843718,0.032510,0.009287,0.801784,0.843581,18.382105,1
4500,1338.0,0.375290,0.405610,0.054351,0.103309,0.842340,0.031960,0.009048,0.801194,0.842202,18.288485,1
4500,1340.0,0.366388,0.407988,0.057778,0.101578,0.840644,0.031436,0.008817,0.800254,0.840506,18.187675,1
4500,1342.0,0.357476,0.410370,0.061031,0.100292,0.838677,0.030936,0.008594,0.799010,0.838540,18.080968,1
4500,1344.0,0.348554,0.412757,0.064089,0.099418,0.836493,0.030460,0.008378,0.797518,0.836356,17.969552,1
4500,1346.0,0.339620,0.415151,0.066961,0.098927,0.834112,0.030004,0.008171,0.795799,0.833975,17.853981,1
4500,1348.0,0.330675,0.417549,0.069627,0.098795,0.831578,0.029570,0.007971,0.793899,0.831441,17.735374,1
4500,1350.0,0.321720,0.419951,0.072100,0.098992,0.828908,0.029155,0.007780,0.791836,0.828771,17.614187,1
4500,1352.0,0.312754,0.422358,0.074362,0.099485,0.826152,0.028759,0.007596,0.789660,0.826015,17.491568,1
4500,1354.0,0.303777,0.424770,0.076423,0.100244,0.823333,0.028380,0.007420,0.787396,0.823196,17.368015,1
4500,1356.0,0.294788,0.427189,0.078290,0.101245,0.820465,0.028017,0.007251,0.785059,0.820328,17.243873,1
4500,1358.0,0.285790,0.429611,0.079956,0.102466,0.817579,0.027670,0.007090,0.782681,0.817442,17.119920,1
4500,1360.0,0.276781,0.432039,0.081431,0.103881,0.814688,0.027338,0.006937,0.780275,0.814551,16.996364,1
4500,1362.0,0.267760,0.434471,0.082720,0.105468,0.811812,0.027021,0.006791,0.777862,0.811674,16.873731,1
4500,1364.0,0.258730,0.436910,0.083830,0.107201,0.808969,0.026717,0.006653,0.775462,0.808832,16.752317,1
4500,1366.0,0.249687,0.439354,0.084763,0.109056,0.806181,0.026426,0.006521,0.773097,0.806044,16.632679,1
4500,1368.0,0.240634,0.441802,0.085536,0.111027,0.803437,0.026147,0.006397,0.770755,0.803300,16.514568,1
4500,1370.0,0.231571,0.444255,0.086153,0.113093,0.800754,0.025881,0.006280,0.768456,0.800617,16.398335,1
4500,1372.0,0.222496,0.446715,0.086617,0.115228,0.798155,0.025626,0.006169,0.766221,0.798017,16.284343,1
4500,1374.0,0.213410,0.449178,0.086944,0.117427,0.795629,0.025383,0.006066,0.764043,0.795491,16.172549,1
4500,1376.0,0.204314,0.451647,0.087134,0.119663,0.793202,0.025150,0.005969,0.761945,0.793064,16.063341,1
4500,1378.0,0.195208,0.454122,0.087205,0.121936,0.790858,0.024928,0.005878,0.759913,0.790720,15.956336,1
4500,1380.0,0.186090,0.456601,0.087159,0.124227,0.788614,0.024717,0.005794,0.757965,0.788475,15.851989,1
5000,1200.0,1.032081,0.244608,0.819044,0.042042,0.138914,0.042064,0.003427,0.093403,0.138895,3.170776,1
5000,1202.0,1.024134,0.246642,0.822509,0.034847,0.142644,0.043254,0.003567,0.095803,0.142624,3.230792,1
5000,1204.0,1.016178,0.248680,0.825267,0.028344,0.146389,0.044492,0.003716,0.098161,0.146369,3.288639,1
5000,1206.0,1.008210,0.250722,0.827268,0.022587,0.150145,0.045780,0.003876,0.100469,0.150124,3.344082,1
5000,1208.0,1.000234,0.252768,0.828445,0.017638,0.153917,0.047122,0.004046,0.102728,0.153896,3.397244,1
5000,1210.0,0.992248,0.254817,0.828727,0.013551,0.157722,0.048516,0.004228,0.104955,0.157700,3.448679,1
5000,1212.0,0.984251,0.256868,0.828039,0.010373,0.161587,0.049964,0.004424,0.107177,0.161565,3.499332,1
5000,1214.0,0.976245,0.258926,0.826302,0.008139,0.165559,0.051466,0.004634,0.109437,0.165536,3.550579,1
5000,1216.0,0.968228,0.260986,0.823448,0.006861,0.169691,0.053020,0.004860,0.111788,0.169667,3.604139,1
5000,1218.0,0.960202,0.263050,0.819400,0.006542,0.174059,0.054630,0.005103,0.114300,0.174034,3.662258,1
5000,1220.0,0.952166,0.265118,0.814094,0.007156,0.178750,0.056299,0.005368,0.117058,0.178725,3.727482,1
5000,1222.0,0.944120,0.267189,0.807473,0.008654,0.183873,0.058034,0.005655,0.120158,0.183847,3.802746,1
5000,1224.0,0.936063,0.269265,0.799493,0.010956,0.189551,0.059847,0.005968,0.123708,0.189523,3.891262,1
5000,1226.0,0.927997,0.271344,0.790125,0.013954,0.195921,0.061756,0.006311,0.127824,0.195892,3.996457,1
5000,1228.0,0.919921,0.273427,0.779355,0.017510,0.203135,0.063787,0.006690,0.132627,0.203104,4.121737,1
5000,1230.0,0.911834,0.275515,0.767200,0.021459,0.211341,0.065973,0.007111,0.138226,0.211309,4.270124,1
5000,1232.0,0.903738,0.277606,0.753658,0.025648,0.220695,0.068358,0.007582,0.144721,0.220660,4.444307,1
5000,1234.0,0.895631,0.279700,0.738726,0.029923,0.231351,0.071014,0.008116,0.152184,0.231314,4.646047,1
5000,1236.0,0.887514,0.281800,0.722338,0.034215,0.243447,0.074024,0.008731,0.160651,0.243406,4.875869,1
5000,1238.0,0.879388,0.283903,0.704363,0.038566,0.257071,0.077488,0.009453,0.170086,0.257027,5.132296,1
5000,1240.0,0.871251,0.286009,0.684457,0.043238,0.272304,0.081538,0.010319,0.180400,0.272257,5.412168,1
5000,1242.0,0.863104,0.288121,0.661902,0.048836,0.289261,0.086359,0.011387,0.191463,0.289209,5.711168,1
5000,1244.0,0.854947,0.290236,0.635308,0.056500,0.308192,0.092223,0.012750,0.203162,0.308135,6.025662,1
5000,1246.0,0.846780,0.292355,0.601910,0.068243,0.329847,0.099617,0.014571,0.215597,0.329785,6.358340,1
5000,1248.0,0.838602,0.294478,0.555498,0.088003,0.356499,0.109642,0.017188,0.229600,0.356430,6.733263,1
5000,1250.0,0.830415,0.296604,0.476253,0.126394,0.397353,0.126229,0.021613,0.249432,0.397274,7.274066,1
5000,1252.0,0.822217,0.298736,0.280492,0.273017,0.446491,0.145374,0.029777,0.271249,0.446400,7.866423,1
5000,1254.0,0.814009,0.300872,0.232603,0.353966,0.413431,0.126882,0.032651,0.253817,0.413350,7.320316,1
5000,1256.0,0.805792,0.303011,0.182232,0.418026,0.399742,0.113584,0.039669,0.246413,0.399666,7.067828,1
5000,1258.0,0.797563,0.305155,0.127182,0.475722,0.397096,0.101506,0.053843,0.241672,0.397021,6.894138,1
5000,1260.0,0.789325,0.307302,0.067274,0.524623,0.408103,0.088907,0.083039,0.236081,0.408027,6.698201,1
5000,1262.0,0.781076,0.309455,0.021167,0.531083,0.447750,0.075449,0.141111,0.231106,0.447666,6.521770,1
5000,1264.0,0.772817,0.311611,0.070899,0.402658,0.526443,0.069506,0.204999,0.251834,0.526340,7.068730,1
5000,1266.0,0.764548,0.313771,0.194494,0.243660,0.561846,0.079158,0.172557,0.310020,0.561735,8.655718,1
5000,1268.0,0.756269,0.315936,0.226799,0.230187,0.543014,0.085334,0.106903,0.350672,0.542909,9.738971,1
5000,1270.0,0.747979,0.318105,0.207107,0.265749,0.527144,0.085118,0.068564,0.373364,0.527046,10.314733,1
5000,1272.0,0.739679,0.320278,0.178195,0.299553,0.522253,0.082628,0.048765,0.390765,0.522158,10.739090,1
5000,1274.0,0.731369,0.322456,0.150666,0.324571,0.524763,0.079578,0.037863,0.407229,0.524669,11.133460,1
5000,1276.0,0.723049,0.324637,0.126283,0.341883,0.531833,0.076502,0.031349,0.423890,0.531740,11.529172,1
5000,1278.0,0.714718,0.326824,0.104999,0.353189,0.541811,0.073566,0.027177,0.440974,0.541718,11.932254,1
5000,1280.0,0.706377,0.329014,0.086458,0.359834,0.553708,0.070817,0.024348,0.458447,0.553613,12.341753,1
5000,1282.0,0.698025,0.331209,0.070331,0.362793,0.566877,0.068256,0.022338,0.476186,0.566780,12.754252,1
5000,1284.0,0.689665,0.333408,0.056308,0.362781,0.580911,0.065872,0.020849,0.494092,0.580813,13.167041,1
5000,1286.0,0.681292,0.335612,0.044211,0.360322,0.595467,0.063653,0.019709,0.512006,0.595368,13.575951,1
5000,1288.0,0.672910,0.337819,0.033850,0.355847,0.610303,0.061580,0.018807,0.529815,0.610201,13.978080,1
5000,1290.0,0.664518,0.340032,0.025077,0.349698,0.625225,0.059638,0.018070,0.547413,0.625121,14.370688,1
5000,1292.0,0.656115,0.342250,0.017802,0.342164,0.640034,0.057817,0.017454,0.564658,0.639929,14.750178,1
5000,1294.0,0.647703,0.344471,0.011911,0.333493,0.654596,0.056106,0.016923,0.581459,0.654489,15.114492,1
5000,1296.0,0.639279,0.346696,0.007315,0.323917,0.668768,0.054496,0.016456,0.597707,0.668659,15.460954,1
5000,1298.0,0.630845,0.348926,0.003912,0.313621,0.682467,0.052976,0.016035,0.613345,0.682355,15.788397,1
5000,1300.0,0.622400,0.351161,0.001623,0.302791,0.695586,0.051540,0.015647,0.628285,0.695473,16.094807,1
5000,1302.0,0.613946,0.353401,0.000361,0.291610,0.708029,0.050183,0.015285,0.642447,0.707914,16.378453,1
5000,1304.0,0.605481,0.355644,0.000035,0.280216,0.719749,0.048895,0.014940,0.655797,0.719632,16.638849,1
5000,1306.0,0.597006,0.357893,0.000561,0.268762,0.730677,0.047675,0.014609,0.668275,0.730559,16.874764,1
5000,1308.0,0.588521,0.360146,0.001854,0.257351,0.740796,0.046516,0.014287,0.679873,0.740676,17.086340,1
5000,1310.0,0.580024,0.362404,0.003823,0.246115,0.750061,0.045416,0.013973,0.690552,0.749940,17.272958,1
5000,1312.0,0.571518,0.364666,0.006387,0.235143,0.758471,0.044370,0.013664,0.700315,0.758349,17.435099,1
5000,1314.0,0.563002,0.366933,0.009461,0.224512,0.766027,0.043375,0.013359,0.709170,0.765904,17.573212,1
5000,1316.0,0.554473,0.369204,0.012967,0.214302,0.772732,0.042427,0.013058,0.717122,0.772608,17.687841,1
5000,1318.0,0.545937,0.371480,0.016828,0.204575,0.778597,0.041525,0.012761,0.724186,0.778472,17.779607,1
5000,1320.0,0.537389,0.373761,0.020965,0.195383,0.783652,0.040665,0.012466,0.730394,0.783526,17.849619,1
5000,1322.0,0.528830,0.376047,0.025323,0.186744,0.787934,0.039845,0.012175,0.735787,0.787807,17.899224,1
5000,1324.0,0.520261,0.378337,0.029831,0.178689,0.791480,0.039063,0.011887,0.740403,0.791353,17.929588,1
5000,1326.0,0.511682,0.380630,0.034423,0.171249,0.794329,0.038317,0.011603,0.744281,0.794201,17.941934,1
5000,1328.0,0.503092,0.382931,0.039055,0.164426,0.796519,0.037605,0.011323,0.747463,0.796391,17.937409,1
5000,1330.0,0.494492,0.385235,0.043688,0.158216,0.798096,0.036924,0.011047,0.749996,0.797967,17.917478,1
5000,1332.0,0.485882,0.387544,0.048262,0.152622,0.799116,0.036274,0.010776,0.751937,0.798988,17.883698,1
5000,1334.0,0.477261,0.389858,0.052747,0.147622,0.799631,0.035652,0.010511,0.753339,0.799503,17.837407,1
5000,1336.0,0.468629,0.392176,0.057112,0.143208,0.799680,0.035057,0.010251,0.754243,0.799551,17.779886,1
5000,1338.0,0.459988,0.394499,0.061331,0.139364,0.799305,0.034488,0.009997,0.754691,0.799176,17.712158,1
5000,1340.0,0.451335,0.396828,0.065380,0.136067,0.798553,0.033943,0.009749,0.754732,0.798424,17.635499,1
5000,1342.0,0.442673,0.399160,0.069240,0.133289,0.797471,0.033420,0.009508,0.754415,0.797342,17.551235,1
5000,1344.0,0.434000,0.401498,0.072885,0.131002,0.796113,0.032919,0.009273,0.753791,0.795984,17.460605,1
5000,1346.0,0.425317,0.403842,0.076323,0.129178,0.794499,0.032438,0.009045,0.752886,0.794370,17.364236,1
5000,1348.0,0.416622,0.406190,0.079529,0.127797,0.792674,0.031977,0.008824,0.751744,0.792545,17.263269,1
5000,1350.0,0.407917,0.408542,0.082513,0.126830,0.790657,0.031534,0.008610,0.750384,0.790528,17.158251,1
5000,1352.0,0.399202,0.410899,0.085255,0.126245,0.788500,0.031108,0.008404,0.748860,0.788371,17.050411,1
5000,1354.0,0.390477,0.413261,0.087761,0.126011,0.786229,0.030698,0.008204,0.747198,0.786100,16.940352,1
5000,1356.0,0.381741,0.415629,0.090039,0.126101,0.783860,0.030304,0.008011,0.745416,0.783731,16.828504,1
5000,1358.0,0.372995,0.418000,0.092079,0.126495,0.781426,0.029925,0.007826,0.743547,0.781298,16.715686,1
5000,1360.0,0.364238,0.420378,0.093891,0.127167,0.778943,0.029560,0.007647,0.741607,0.778814,16.602200,1
5000,1362.0,0.355470,0.422759,0.095479,0.128089,0.776433,0.029208,0.007476,0.739620,0.776304,16.488664,1
5000,1364.0,0.346693,0.425147,0.096848,0.129233,0.773918,0.028869,0.007312,0.737609,0.773790,16.375467,1
5000,1366.0,0.337904,0.427539,0.098001,0.130577,0.771423,0.028543,0.007154,0.735598,0.771295,16.263244,1
5000,1368.0,0.329105,0.429936,0.098955,0.132108,0.768937,0.028228,0.007003,0.733577,0.768809,16.151785,1
5000,1370.0,0.320296,0.432337,0.099715,0.133804,0.766481,0.027925,0.006860,0.731568,0.766353,16.041502,1
5000,1372.0,0.311475,0.434746,0.100282,0.135639,0.764079,0.027632,0.006723,0.729596,0.763951,15.932851,1
5000,1374.0,0.302645,0.437157,0.100674,0.137601,0.761725,0.027350,0.006592,0.727655,0.761597,15.825848,1
5000,1376.0,0.293804,0.439574,0.100891,0.139663,0.759446,0.027078,0.006468,0.725772,0.759318,15.720960,1
5000,1378.0,0.284953,0.441997,0.100952,0.141820,0.757227,0.026816,0.006351,0.723932,0.757099,15.617816,1
5000,1380.0,0.276092,0.444423,0.100858,0.144054,0.755088,0.026563,0.006240,0.722156,0.754959,15.516927,1
6000,1200.0,1.164463,0.229033,0.841587,0.041821,0.116592,0.039929,0.003256,0.073391,0.116576,2.660832,1
6000,1202.0,1.156952,0.230990,0.845515,0.034661,0.119824,0.041026,0.003393,0.075389,0.119808,2.714643,1
6000,1204.0,1.149432,0.232950,0.848683,0.028223,0.123094,0.042165,0.003539,0.077374,0.123078,2.767271,1
6000,1206.0,1.141902,0.234915,0.851041,0.022563,0.126396,0.043352,0.003694,0.079333,0.126379,2.818286,1
6000,1208.0,1.134363,0.236883,0.852527,0.017744,0.129729,0.044590,0.003860,0.081262,0.129712,2.867551,1
6000,1210.0,1.126815,0.238853,0.853075,0.013823,0.133102,0.045882,0.004037,0.083164,0.133084,2.915298,1
6000,1212.0,1.119257,0.240826,0.852621,0.010848,0.136531,0.047230,0.004227,0.085056,0.136513,2.962095,1
6000,1214.0,1.111691,0.242805,0.851090,0.008861,0.140049,0.048634,0.004430,0.086966,0.140030,3.008889,1
6000,1216.0,1.104114,0.244786,0.848422,0.007884,0.143694,0.050095,0.004649,0.088930,0.143674,3.056941,1
6000,1218.0,1.096529,0.246770,0.844546,0.007934,0.147520,0.051616,0.004885,0.090998,0.147500,3.107988,1
6000,1220.0,1.088935,0.248758,0.839402,0.009001,0.151597,0.053201,0.005141,0.093234,0.151576,3.164080,1
6000,1222.0,1.081331,0.250750,0.832932,0.011057,0.156011,0.054856,0.005420,0.095713,0.155989,3.227687,1
6000,1224.0,1.073718,0.252746,0.825091,0.014043,0.160865,0.056593,0.005726,0.098524,0.160842,3.301655,1
6000,1226.0,1.066095,0.254745,0.815846,0.017870,0.166284,0.058427,0.006062,0.101771,0.166260,3.389223,1
6000,1228.0,1.058464,0.256747,0.805177,0.022410,0.172413,0.060385,0.006435,0.105567,0.172387,3.493922,1
6000,1230.0,1.050823,0.258754,0.793098,0.027491,0.179411,0.062500,0.006851,0.110033,0.179384,3.619369,1
6000,1232.0,1.043172,0.260764,0.779605,0.032929,0.187465,0.064819,0.007321,0.115298,0.187437,3.769427,1
6000,1234.0,1.035511,0.262777,0.764713,0.038493,0.196794,0.067417,0.007857,0.121489,0.196763,3.947821,1
6000,1236.0,1.027842,0.264795,0.748391,0.043977,0.207633,0.070391,0.008479,0.128728,0.207599,4.157912,1
6000,1238.0,1.020164,0.266816,0.730572,0.049212,0.220216,0.073862,0.009215,0.137103,0.220179,4.401961,1
6000,1240.0,1.012476,0.268840,0.711025,0.054167,0.234808,0.077999,0.010103,0.146666,0.234768,4.681102,1
6000,1242.0,1.004778,0.270869,0.689183,0.059086,0.251731,0.083042,0.011209,0.157436,0.251687,4.995270,1
6000,1244.0,0.997071,0.272902,0.663829,0.064722,0.271449,0.089342,0.012634,0.169423,0.271399,5.344168,1
6000,1246.0,0.989354,0.274937,0.632341,0.072744,0.294915,0.097506,0.014562,0.182791,0.294859,5.732327,1
6000,1248.0,0.981628,0.276977,0.588523,0.086756,0.324722,0.108858,0.017386,0.198414,0.324659,6.186358,1
6000,1250.0,0.973892,0.279021,0.512094,0.116432,0.371474,0.128070,0.022322,0.221007,0.371399,6.851272,1
6000,1252.0,0.966148,0.281068,0.313166,0.263827,0.423007,0.151505,0.030982,0.240432,0.422919,7.411014,1
6000,1254.0,0.958393,0.283120,0.258820,0.364495,0.376684,0.130349,0.032206,0.214054,0.376610,6.560593,1
6000,1256.0,0.950629,0.285176,0.202535,0.442112,0.355353,0.115740,0.037547,0.201998,0.355285,6.156261,1
6000,1258.0,0.942855,0.287235,0.143325,0.509874,0.346801,0.102972,0.048952,0.194814,0.346737,5.904123,1
6000,1260.0,0.935072,0.289297,0.080803,0.567766,0.351431,0.090200,0.072505,0.188662,0.351367,5.685960,1
6000,1262.0,0.927280,0.291365,0.027096,0.592297,0.380607,0.076594,0.121387,0.182558,0.380538,5.471606,1
6000,1264.0,0.919478,0.293436,0.050655,0.495429,0.453915,0.067515,0.197318,0.188997,0.453830,5.633528,1
6000,1266.0,0.911666,0.295510,0.197440,0.289646,0.512914,0.076325,0.204924,0.231565,0.512815,6.864793,1
6000,1268.0,0.903845,0.297590,0.264585,0.242676,0.492739,0.086639,0.134572,0.271432,0.492644,8.003045,1
6000,1270.0,0.896013,0.299672,0.246121,0.289859,0.464021,0.087994,0.084013,0.291927,0.463933,8.560971,1
6000,1272.0,0.888173,0.301759,0.210400,0.340490,0.449109,0.085694,0.057635,0.305698,0.449027,8.916862,1
6000,1274.0,0.880324,0.303850,0.176395,0.379312,0.444294,0.082512,0.043445,0.318257,0.444214,9.233806,1
6000,1276.0,0.872464,0.305944,0.146918,0.407504,0.445578,0.079276,0.035177,0.331046,0.445499,9.554088,1
6000,1278.0,0.864594,0.308044,0.121709,0.427622,0.450669,0.076221,0.029999,0.344370,0.450591,9.886342,1
6000,1280.0,0.856716,0.310147,0.100096,0.441638,0.458266,0.073401,0.026560,0.358227,0.458187,10.230380,1
6000,1282.0,0.848827,0.312254,0.081509,0.450916,0.467575,0.070811,0.024163,0.372520,0.467495,10.583324,1
6000,1284.0,0.840930,0.314366,0.065468,0.456420,0.478112,0.068434,0.022424,0.387173,0.478031,10.942754,1
6000,1286.0,0.833022,0.316482,0.051683,0.458807,0.489511,0.066249,0.021122,0.402057,0.489429,11.305046,1
6000,1288.0,0.825105,0.318600,0.039885,0.458599,0.501516,0.064233,0.020117,0.417082,0.501433,11.667652,1
6000,1290.0,0.817178,0.320724,0.029873,0.456193,0.513934,0.062365,0.019319,0.432165,0.513849,12.028182,1
6000,1292.0,0.809242,0.322853,0.021526,0.451898,0.526576,0.060631,0.018670,0.447188,0.526489,12.383406,1
6000,1294.0,0.801296,0.324984,0.014708,0.445984,0.539308,0.059016,0.018130,0.462074,0.539220,12.731372,1
6000,1296.0,0.793340,0.327121,0.009318,0.438687,0.551995,0.057508,0.017669,0.476727,0.551904,13.069508,1
6000,1298.0,0.785374,0.329261,0.005248,0.430204,0.564548,0.056094,0.017267,0.491095,0.564456,13.396532,1
6000,1300.0,0.777398,0.331406,0.002416,0.420724,0.576860,0.054767,0.016907,0.505093,0.576766,13.710278,1
6000,1302.0,0.769414,0.333555,0.000736,0.410436,0.588828,0.053518,0.016579,0.518636,0.588732,14.008722,1
6000,1304.0,0.761419,0.335708,0.000120,0.399489,0.600391,0.052337,0.016272,0.531685,0.600294,14.290993,1
6000,1306.0,0.753415,0.337866,0.000486,0.388047,0.611467,0.051221,0.015983,0.544165,0.611368,14.555321,1
6000,1308.0,0.745401,0.340028,0.001752,0.376233,0.622016,0.050162,0.015703,0.556050,0.621915,14.801290,1
6000,1310.0,0.737377,0.342194,0.003828,0.364200,0.631972,0.049158,0.015432,0.567281,0.631870,15.027583,1
6000,1312.0,0.729344,0.344364,0.006633,0.352060,0.641307,0.048202,0.015165,0.577837,0.641204,15.233992,1
6000,1314.0,0.721301,0.346539,0.010080,0.339923,0.649997,0.047292,0.014900,0.587701,0.649892,15.420251,1
6000,1316.0,0.713247,0.348718,0.014089,0.327896,0.658016,0.046422,0.014636,0.596851,0.657910,15.586181,1
6000,1318.0,0.705186,0.350902,0.018577,0.316075,0.665348,0.045592,0.014373,0.605276,0.665241,15.731697,1
6000,1320.0,0.697114,0.353090,0.023457,0.304550,0.671993,0.044798,0.014109,0.612978,0.671885,15.857149,1
6000,1322.0,0.689031,0.355282,0.028668,0.293368,0.677963,0.044036,0.013845,0.619973,0.677855,15.963323,1
6000,1324.0,0.680939,0.357479,0.034129,0.282601,0.683271,0.043306,0.013580,0.626275,0.683161,16.050737,1
6000,1326.0,0.672838,0.359679,0.039760,0.272315,0.687925,0.042606,0.013315,0.631894,0.687815,16.120002,1
6000,1328.0,0.664727,0.361886,0.045509,0.262543,0.691948,0.041933,0.013049,0.636855,0.691837,16.171846,1
6000,1330.0,0.656606,0.364096,0.051326,0.253309,0.695365,0.041285,0.012784,0.641185,0.695254,16.207333,1
6000,1332.0,0.648475,0.366310,0.057134,0.244654,0.698213,0.040662,0.012520,0.644920,0.698101,16.227562,1
6000,1334.0,0.640334,0.368530,0.062892,0.236579,0.700528,0.040061,0.012257,0.648098,0.700416,16.233638,1
6000,1336.0,0.632184,0.370753,0.068559,0.229103,0.702338,0.039483,0.011995,0.650747,0.702225,16.226575,1
6000,1338.0,0.624024,0.372980,0.074096,0.222232,0.703672,0.038924,0.011736,0.652899,0.703559,16.207206,1
6000,1340.0,0.615854,0.375214,0.079468,0.215961,0.704571,0.038386,0.011480,0.654592,0.704458,16.176673,1
6000,1342.0,0.607674,0.377450,0.084645,0.210283,0.705072,0.037865,0.011227,0.655868,0.704959,16.136204,1
6000,1344.0,0.599486,0.379692,0.089590,0.205187,0.705224,0.037362,0.010977,0.656771,0.705110,16.086976,1
6000,1346.0,0.591287,0.381939,0.094304,0.200649,0.705047,0.036875,0.010732,0.657327,0.704933,16.029663,1
6000,1348.0,0.583077,0.384191,0.098751,0.196670,0.704579,0.036404,0.010491,0.657570,0.704466,15.965322,1
6000,1350.0,0.574858,0.386446,0.102939,0.193221,0.703840,0.035948,0.010255,0.657524,0.703727,15.894588,1
6000,1352.0,0.566630,0.388705,0.106836,0.190283,0.702881,0.035506,0.010023,0.657238,0.702768,15.818713,1
6000,1354.0,0.558392,0.390970,0.110445,0.187826,0.701729,0.035078,0.009798,0.656740,0.701616,15.738424,1
6000,1356.0,0.550143,0.393240,0.113771,0.185826,0.700403,0.034662,0.009577,0.656052,0.700290,15.654251,1
6000,1358.0,0.541886,0.395514,0.116794,0.184271,0.698935,0.034258,0.009362,0.655201,0.698822,15.567021,1
6000,1360.0,0.533618,0.397793,0.119526,0.183132,0.697342,0.033867,0.009153,0.654210,0.697230,15.477166,1
6000,1362.0,0.525340,0.400075,0.121966,0.182382,0.695652,0.033487,0.008949,0.653103,0.695539,15.385421,1
6000,1364.0,0.517053,0.402365,0.124118,0.181993,0.693889,0.033117,0.008752,0.651908,0.693777,15.292310,1
6000,1366.0,0.508755,0.404658,0.125978,0.181941,0.692081,0.032758,0.008561,0.650650,0.691968,15.198563,1
6000,1368.0,0.500448,0.406955,0.127571,0.182210,0.690219,0.032408,0.008375,0.649324,0.690107,15.104052,1
6000,1370.0,0.492132,0.409256,0.128895,0.182778,0.688327,0.032068,0.008196,0.647951,0.688215,15.009274,1
6000,1372.0,0.483804,0.411565,0.129950,0.183616,0.686433,0.031737,0.008022,0.646561,0.686321,14.914817,1
6000,1374.0,0.475468,0.413876,0.130759,0.184706,0.684535,0.031415,0.007855,0.645153,0.684423,14.820811,1
6000,1376.0,0.467122,0.416192,0.131317,0.186020,0.682663,0.031101,0.007694,0.643756,0.682551,14.727828,1
6000,1378.0,0.458766,0.418514,0.131647,0.187549,0.680804,0.030795,0.007538,0.642359,0.680693,14.635552,1
6000,1380.0,0.450400,0.420839,0.131747,0.189272,0.678981,0.030498,0.007389,0.640982,0.678869,14.544563,1
7000,1200.0,1.289125,0.214366,0.858513,0.041917,0.099570,0.037856,0.003075,0.058626,0.099556,2.270942,0
7000,1202.0,1.282024,0.216250,0.862918,0.034709,0.102374,0.038877,0.003207,0.060277,0.102360,2.318413,0
7000,1204.0,1.274915,0.218138,0.866526,0.028245,0.105228,0.039933,0.003347,0.061934,0.105214,2.365483,0
7000,1206.0,1.267795,0.220029,0.869285,0.022588,0.108127,0.041032,0.003497,0.063584,0.108112,2.411602,0
7000,1208.0,1.260669,0.221923,0.871131,0.017802,0.111067,0.042180,0.003656,0.065216,0.111052,2.456462,0
7000,1210.0,1.253534,0.223820,0.872003,0.013946,0.114052,0.043380,0.003826,0.066830,0.114037,2.500064,0
7000,1212.0,1.246389,0.225719,0.871839,0.011069,0.117092,0.044635,0.004008,0.068434,0.117077,2.542705,0
7000,1214.0,1.239238,0.227623,0.870572,0.009217,0.120211,0.045949,0.004203,0.070044,0.120195,2.585011,0
7000,1216.0,1.232075,0.229530,0.868145,0.008421,0.123434,0.047322,0.004412,0.071684,0.123418,2.627892,0
7000,1218.0,1.224906,0.231440,0.864490,0.008706,0.126803,0.048758,0.004637,0.073391,0.126786,2.672673,0
7000,1220.0,1.217728,0.233353,0.859549,0.010080,0.130371,0.050260,0.004882,0.075212,0.130354,2.720982,0
7000,1222.0,1.210540,0.235270,0.853262,0.012531,0.134206,0.051835,0.005149,0.077204,0.134188,2.774847,0
7000,1224.0,1.203344,0.237190,0.845580,0.016027,0.138392,0.053493,0.005441,0.079439,0.138373,2.836696,0
7000,1226.0,1.196139,0.239113,0.836463,0.020502,0.143035,0.055249,0.005764,0.082002,0.143015,2.909413,0
7000,1228.0,1.188927,0.241040,0.825880,0.025856,0.148265,0.057128,0.006123,0.084993,0.148244,2.996318,0
7000,1230.0,1.181705,0.242970,0.813834,0.031933,0.154233,0.059159,0.006525,0.088526,0.154210,3.101099,0
7000,1232.0,1.174474,0.244904,0.800313,0.038560,0.161127,0.061388,0.006982,0.092733,0.161103,3.228055,0
7000,1234.0,1.167234,0.246840,0.785329,0.045481,0.169190,0.063893,0.007508,0.097764,0.169164,3.381983,0
7000,1236.0,1.159986,0.248782,0.768866,0.052422,0.178711,0.066771,0.008123,0.103789,0.178684,3.568167,0
7000,1238.0,1.152729,0.250726,0.750908,0.059064,0.190028,0.070158,0.008857,0.110983,0.189998,3.792015,0
7000,1240.0,1.145463,0.252672,0.731322,0.065108,0.203570,0.074248,0.009755,0.119533,0.203536,4.059241,0
7000,1242.0,1.138188,0.254624,0.709724,0.070373,0.219903,0.079333,0.010887,0.129645,0.219865,4.375933,0
7000,1244.0,1.130905,0.256578,0.685173,0.074993,0.239833,0.085856,0.012372,0.141562,0.239790,4.749418,0
7000,1246.0,1.123613,0.258536,0.655417,0.079807,0.264777,0.094583,0.014425,0.155720,0.264727,5.193176,0
7000,1248.0,1.116312,0.260498,0.614657,0.087259,0.298085,0.107160,0.017515,0.173352,0.298027,5.746881,0
7000,1250.0,1.109001,0.262462,0.542751,0.104519,0.352729,0.129300,0.023152,0.200206,0.352658,6.597987,0
7000,1252.0,1.101683,0.264431,0.346667,0.240098,0.413235,0.158353,0.032840,0.221955,0.413148,7.271907,0
7000,1254.0,1.094355,0.266404,0.286862,0.360310,0.352827,0.133701,0.032284,0.186772,0.352757,6.083601,0
7000,1256.0,1.087019,0.268380,0.224305,0.451717,0.323978,0.117460,0.036126,0.170330,0.323916,5.515973,0
7000,1258.0,1.079673,0.270360,0.160369,0.529624,0.310007,0.103846,0.045343,0.160761,0.309950,5.176224,0
7000,1260.0,1.072320,0.272342,0.094753,0.596062,0.309186,0.090814,0.064556,0.153761,0.309131,4.922580,0
7000,1262.0,1.064957,0.274330,0.035317,0.635141,0.329541,0.077274,0.104816,0.147394,0.329484,4.692002,0
7000,1264.0,1.057584,0.276321,0.033361,0.574742,0.391897,0.066197,0.178671,0.146959,0.391827,4.651801,0
7000,1266.0,1.050203,0.278314,0.178104,0.350717,0.471179,0.071594,0.225650,0.173848,0.471091,5.472170,0
7000,1268.0,1.042814,0.280313,0.294067,0.242559,0.463374,0.085784,0.165923,0.211578,0.463285,6.622739,0
7000,1270.0,1.035414,0.282315,0.285712,0.290733,0.423555,0.089510,0.102650,0.231315,0.423475,7.200546,0
7000,1272.0,1.028007,0.284320,0.244029,0.357803,0.398167,0.087569,0.067989,0.242536,0.398094,7.508422,0
7000,1274.0,1.020591,0.286330,0.203045,0.411009,0.385946,0.084225,0.049617,0.252035,0.385877,7.759892,0
7000,1276.0,1.013165,0.288342,0.168005,0.450338,0.381657,0.080766,0.039153,0.261670,0.381589,8.012882,0
7000,1278.0,1.005730,0.290360,0.138581,0.479242,0.382177,0.077528,0.032736,0.271846,0.382110,8.279601,0
7000,1280.0,0.998286,0.292381,0.113749,0.500467,0.385784,0.074579,0.028549,0.282589,0.385717,8.560693,0
7000,1282.0,0.990834,0.294405,0.092647,0.515872,0.391481,0.071911,0.025678,0.293825,0.391414,8.853678,0
7000,1284.0,0.983373,0.296434,0.074589,0.526736,0.398675,0.069494,0.023627,0.305486,0.398607,9.156300,0
7000,1286.0,0.975902,0.298467,0.059153,0.533891,0.406956,0.067303,0.022116,0.317468,0.406888,9.465369,0
7000,1288.0,0.968423,0.300502,0.045973,0.537982,0.416045,0.065306,0.020970,0.329699,0.415976,9.778646,0
7000,1290.0,0.960935,0.302542,0.034783,0.539477,0.425740,0.063477,0.020078,0.342114,0.425670,10.094085,0
7000,1292.0,0.953437,0.304587,0.025420,0.538719,0.435861,0.061799,0.019370,0.354619,0.435789,10.408915,0
7000,1294.0,0.945931,0.306635,0.017722,0.536002,0.446276,0.060253,0.018796,0.367154,0.446202,10.721438,0
7000,1296.0,0.938416,0.308687,0.011568,0.531572,0.456860,0.058825,0.018320,0.379641,0.456785,11.029407,0
7000,1298.0,0.930891,0.310742,0.006837,0.525633,0.467529,0.057499,0.017917,0.392037,0.467453,11.331663,0
7000,1300.0,0.923356,0.312803,0.003445,0.518371,0.478185,0.056266,0.017569,0.404272,0.478107,11.626219,0
7000,1302.0,0.915814,0.314867,0.001303,0.509969,0.488728,0.055116,0.017261,0.416272,0.488649,11.911151,0
7000,1304.0,0.908263,0.316934,0.000323,0.500575,0.499102,0.054037,0.016983,0.428000,0.499021,12.185547,0
7000,1306.0,0.900702,0.319006,0.000427,0.490351,0.509222,0.053025,0.016727,0.439388,0.509140,12.447555,0
7000,1308.0,0.893132,0.321082,0.001534,0.479420,0.519045,0.052072,0.016485,0.450404,0.518961,12.696563,0
7000,1310.0,0.885553,0.323163,0.003562,0.467938,0.528500,0.051172,0.016254,0.460989,0.528415,12.931018,0
7000,1312.0,0.877965,0.325247,0.006428,0.456023,0.537549,0.050320,0.016029,0.471113,0.537462,13.150378,0
7000,1314.0,0.870369,0.327335,0.010051,0.443795,0.546155,0.049511,0.015808,0.480747,0.546067,13.354014,0
7000,1316.0,0.862761,0.329427,0.014349,0.431370,0.554281,0.048742,0.015588,0.489861,0.554191,13.541351,0
7000,1318.0,0.855147,0.331524,0.019242,0.418862,0.561896,0.048008,0.015368,0.498430,0.561806,13.711888,0
7000,1320.0,0.847523,0.333625,0.024638,0.406380,0.568982,0.047307,0.015146,0.506438,0.568891,13.865457,0
7000,1322.0,0.839889,0.335729,0.030474,0.393989,0.575537,0.046635,0.014922,0.513888,0.575445,14.002419,0
7000,1324.0,0.832246,0.337838,0.036664,0.381784,0.581552,0.045990,0.014695,0.520773,0.581458,14.122796,0
7000,1326.0,0.824595,0.339950,0.043122,0.369859,0.587019,0.045371,0.014465,0.527089,0.586925,14.226709,0
7000,1328.0,0.816934,0.342068,0.049787,0.358268,0.591944,0.044774,0.014233,0.532842,0.591850,14.314509,0
7000,1330.0,0.809264,0.344190,0.056604,0.347058,0.596338,0.044198,0.013998,0.538046,0.596242,14.386860,0
7000,1332.0,0.801585,0.346315,0.063483,0.336301,0.600216,0.043642,0.013761,0.542717,0.600120,14.444392,0
7000,1334.0,0.793897,0.348446,0.070375,0.326022,0.603603,0.043104,0.013522,0.546881,0.603507,14.487910,0
7000,1336.0,0.786199,0.350579,0.077227,0.316261,0.606512,0.042583,0.013281,0.550550,0.606414,14.518106,0
7000,1338.0,0.778493,0.352717,0.083992,0.307048,0.608960,0.042078,0.013040,0.553745,0.608862,14.535559,0
7000,1340.0,0.770778,0.354860,0.090624,0.298399,0.610977,0.041588,0.012798,0.556493,0.610879,14.541171,0
7000,1342.0,0.763053,0.357006,0.097081,0.290329,0.612590,0.041112,0.012557,0.558823,0.612492,14.535955,0
7000,1344.0,0.755320,0.359158,0.103316,0.282847,0.613837,0.040649,0.012316,0.560773,0.613738,14.520900,0
7000,1346.0,0.747577,0.361314,0.109324,0.275941,0.614734,0.040199,0.012077,0.562360,0.614636,14.496628,0
7000,1348.0,0.739824,0.363475,0.115057,0.269632,0.615311,0.039760,0.011839,0.563612,0.615212,14.464011,0
7000,1350.0,0.732063,0.365638,0.120517,0.263897,0.615585,0.039333,0.011604,0.564549,0.615486,14.423675,0
7000,1352.0,0.724293,0.367806,0.125662,0.258739,0.615599,0.038917,0.011371,0.565212,0.615500,14.376764,0
7000,1354.0,0.716513,0.369979,0.130489,0.254131,0.615380,0.038511,0.011142,0.565628,0.615281,14.324017,0
7000,1356.0,0.708724,0.372157,0.135000,0.250055,0.614945,0.038114,0.010915,0.565817,0.614846,14.265984,0
7000,1358.0,0.700926,0.374338,0.139165,0.246513,0.614322,0.037727,0.010693,0.565803,0.614223,14.203421,0
7000,1360.0,0.693119,0.376525,0.142992,0.243479,0.613528,0.037349,0.010475,0.565606,0.613429,14.136816,0
7000,1362.0,0.685302,0.378715,0.146478,0.240931,0.612590,0.036979,0.010261,0.565252,0.612491,14.066932,0
7000,1364.0,0.677477,0.380911,0.149622,0.238844,0.611535,0.036618,0.010051,0.564767,0.611436,13.994350,0
7000,1366.0,0.669642,0.383110,0.152416,0.237198,0.610386,0.036265,0.009846,0.564176,0.610287,13.919820,0
7000,1368.0,0.661798,0.385314,0.154885,0.235976,0.609140,0.035919,0.009646,0.563476,0.609041,13.843286,0
7000,1370.0,0.653946,0.387522,0.157024,0.235158,0.607818,0.035580,0.009451,0.562688,0.607720,13.765272,0
7000,1372.0,0.646082,0.389736,0.158830,0.234720,0.606451,0.035249,0.009261,0.561842,0.606352,13.686429,0
7000,1374.0,0.638211,0.391952,0.160326,0.234636,0.605038,0.034925,0.009076,0.560939,0.604940,13.606968,0
7000,1376.0,0.630330,0.394174,0.161506,0.234883,0.603610,0.034607,0.008896,0.560009,0.603512,13.527508,0
7000,1378.0,0.622441,0.396401,0.162394,0.235448,0.602158,0.034296,0.008722,0.559042,0.602060,13.447794,0
7000,1380.0,0.614542,0.398631,0.162985,0.236314,0.600701,0.033991,0.008553,0.558059,0.600603,13.368426,0
8000,1200.0,1.405065,0.200726,0.871208,0.042330,0.086462,0.035860,0.002894,0.047697,0.086451,1.973146,0
8000,1202.0,1.398345,0.202542,0.876076,0.035009,0.088915,0.036819,0.003020,0.049064,0.088903,2.014868,0
8000,1204.0,1.391619,0.204362,0.880127,0.028449,0.091424,0.037807,0.003154,0.050451,0.091412,2.056793,0
8000,1206.0,1.384882,0.206184,0.883300,0.022716,0.093983,0.038832,0.003297,0.051842,0.093971,2.098306,0
8000,1208.0,1.378139,0.208011,0.885530,0.017879,0.096590,0.039901,0.003449,0.053227,0.096578,2.138983,0
8000,1210.0,1.371388,0.209839,0.886757,0.013998,0.099245,0.041020,0.003611,0.054601,0.099232,2.178669,0
8000,1212.0,1.364628,0.211669,0.886919,0.011125,0.101956,0.042194,0.003784,0.055965,0.101943,2.217462,0
8000,1214.0,1.357861,0.213504,0.885954,0.009308,0.104738,0.043426,0.003968,0.057331,0.104725,2.255751,0
8000,1216.0,1.351084,0.215342,0.883806,0.008583,0.107611,0.044718,0.004167,0.058712,0.107597,2.294181,0
8000,1218.0,1.344301,0.217182,0.880411,0.008982,0.110606,0.046075,0.004380,0.060137,0.110592,2.333760,0
8000,1220.0,1.337510,0.219026,0.875710,0.010526,0.113764,0.047500,0.004611,0.061638,0.113749,2.375772,0
8000,1222.0,1.330710,0.220872,0.869641,0.013220,0.117138,0.049000,0.004863,0.063260,0.117123,2.421873,0
8000,1224.0,1.323902,0.222723,0.862150,0.017052,0.120798,0.050583,0.005140,0.065059,0.120782,2.474099,0
8000,1226.0,1.317086,0.224575,0.853186,0.021984,0.124831,0.052265,0.005445,0.067104,0.124814,2.534943,0
8000,1228.0,1.310263,0.226431,0.842707,0.027945,0.129347,0.054066,0.005786,0.069478,0.129330,2.607383,0
8000,1230.0,1.303430,0.228291,0.830702,0.034814,0.134484,0.056015,0.006168,0.072282,0.134465,2.694886,0
8000,1232.0,1.296590,0.230154,0.817138,0.042447,0.140416,0.058153,0.006604,0.075638,0.140396,2.801708,0
8000,1234.0,1.289741,0.232019,0.802013,0.050607,0.147380,0.060556,0.007109,0.079694,0.147358,2.932976,0
8000,1236.0,1.282885,0.233889,0.785304,0.059017,0.155680,0.063319,0.007703,0.084634,0.155656,3.094887,0
8000,1238.0,1.276020,0.235761,0.767003,0.067298,0.165699,0.066579,0.008419,0.090674,0.165673,3.294765,0
8000,1240.0,1.269148,0.237636,0.747038,0.074995,0.177967,0.070546,0.009305,0.098087,0.177938,3.541725,0
8000,1242.0,1.262266,0.239515,0.725158,0.081602,0.193240,0.075544,0.010438,0.107224,0.193207,3.847467,0
8000,1244.0,1.255377,0.241397,0.700696,0.086651,0.212653,0.082093,0.011954,0.118568,0.212616,4.228139,0
8000,1246.0,1.248479,0.243282,0.671862,0.089943,0.238196,0.091126,0.014105,0.132921,0.238152,4.710779,0
8000,1248.0,1.241573,0.245171,0.633571,0.092106,0.274322,0.104678,0.017457,0.152135,0.274270,5.358791,0
8000,1250.0,1.234659,0.247063,0.566459,0.096135,0.337407,0.129815,0.023900,0.183623,0.337338,6.428685,0
8000,1252.0,1.227737,0.248958,0.379746,0.205990,0.414264,0.166304,0.035314,0.212558,0.414176,7.396874,0
8000,1254.0,1.220806,0.250857,0.316632,0.344547,0.338821,0.137272,0.032795,0.168686,0.338753,5.835016,0
8000,1256.0,1.213868,0.252760,0.247600,0.450040,0.302359,0.119050,0.035210,0.148042,0.302302,5.090484,0
8000,1258.0,1.206920,0.254665,0.178401,0.538313,0.283286,0.104423,0.042606,0.136205,0.283234,4.655808,0
8000,1260.0,1.199965,0.256574,0.109172,0.613100,0.277728,0.091020,0.058429,0.128230,0.277679,4.357530,0
8000,1262.0,1.193002,0.258487,0.045081,0.664067,0.290852,0.077566,0.091526,0.121711,0.290803,4.111916,0
8000,1264.0,1.186030,0.260403,0.022972,0.636135,0.340893,0.065497,0.156931,0.118408,0.340836,3.977185,0
8000,1266.0,1.179049,0.262321,0.143682,0.427486,0.428832,0.066535,0.229035,0.133186,0.428756,4.447865,0
8000,1268.0,1.172061,0.264245,0.309111,0.244766,0.446123,0.082922,0.196644,0.166474,0.446040,5.527777,0
8000,1270.0,1.165063,0.266172,0.324362,0.275178,0.400460,0.089910,0.123988,0.186487,0.400385,6.157205,0
8000,1272.0,1.158058,0.268101,0.279190,0.356147,0.364662,0.088648,0.079758,0.196189,0.364595,6.441024,0
8000,1274.0,1.151045,0.270035,0.230985,0.423968,0.345046,0.085171,0.056356,0.203457,0.344984,6.642240,0
8000,1276.0,1.144022,0.271971,0.189911,0.474594,0.335495,0.081452,0.043287,0.210695,0.335435,6.840292,0
8000,1278.0,1.136992,0.273913,0.155935,0.512155,0.331910,0.077988,0.035427,0.218436,0.331852,7.052363,0
8000,1280.0,1.129953,0.275857,0.127680,0.540272,0.332048,0.074870,0.030384,0.226736,0.331990,7.280106,0
8000,1282.0,1.122906,0.277805,0.103952,0.561395,0.334652,0.072085,0.026976,0.235534,0.334595,7.521317,0
8000,1284.0,1.115851,0.279757,0.083828,0.577181,0.338991,0.069594,0.024571,0.244768,0.338933,7.773766,0
8000,1286.0,1.108787,0.281712,0.066727,0.588682,0.344591,0.067362,0.022820,0.254350,0.344533,8.034525,0
8000,1288.0,1.101715,0.283670,0.052173,0.596690,0.351137,0.065351,0.021508,0.264219,0.351078,8.301532,0
8000,1290.0,1.094634,0.285632,0.039825,0.601765,0.358410,0.063529,0.020501,0.274320,0.358350,8.572973,0
8000,1292.0,1.087545,0.287600,0.029472,0.604299,0.366228,0.061875,0.019714,0.284579,0.366168,8.846447,0
8000,1294.0,1.080448,0.289569,0.020916,0.604623,0.374462,0.060367,0.019086,0.294946,0.374400,9.120477,0
8000,1296.0,1.073342,0.291542,0.014012,0.602997,0.382991,0.058988,0.018578,0.305362,0.382928,9.393133,0
8000,1298.0,1.066227,0.293519,0.008626,0.599640,0.391734,0.057721,0.018158,0.315791,0.391670,9.663416,0
8000,1300.0,1.059103,0.295501,0.004661,0.594736,0.400603,0.056555,0.017805,0.326178,0.400537,9.929587,0
8000,1302.0,1.051973,0.297486,0.002027,0.588466,0.409507,0.055477,0.017502,0.336461,0.409440,10.189940,0
8000,1304.0,1.044833,0.299474,0.000633,0.580975,0.418392,0.054476,0.017237,0.346610,0.418324,10.443649,0
8000,1306.0,1.037685,0.301466,0.000402,0.572416,0.427182,0.053546,0.017001,0.356566,0.427113,10.688977,0
8000,1308.0,1.030528,0.303463,0.001256,0.562910,0.435834,0.052678,0.016784,0.366301,0.435763,10.925292,0
8000,1310.0,1.023362,0.305463,0.003114,0.552605,0.444280,0.051865,0.016583,0.375760,0.444208,11.151053,0
8000,1312.0,1.016189,0.307466,0.005900,0.541619,0.452480,0.051102,0.016391,0.384915,0.452407,11.365608,0
8000,1314.0,1.009007,0.309474,0.009535,0.530069,0.460396,0.050384,0.016205,0.393734,0.460322,11.568192,0
8000,1316.0,1.001815,0.311486,0.013939,0.518074,0.467987,0.049704,0.016022,0.402185,0.467912,11.758076,0
8000,1318.0,0.994617,0.313501,0.019034,0.505748,0.475217,0.049060,0.015840,0.410240,0.475141,11.934572,0
8000,1320.0,0.987409,0.315521,0.024731,0.493209,0.482060,0.048448,0.015657,0.417876,0.481982,12.097229,0
8000,1322.0,0.980193,0.317544,0.030966,0.480531,0.488504,0.047864,0.015472,0.425088,0.488425,12.246147,0
8000,1324.0,0.972968,0.319571,0.037650,0.467820,0.494530,0.047306,0.015284,0.431861,0.494451,12.381041,0
8000,1326.0,0.965735,0.321601,0.044695,0.455182,0.500122,0.046770,0.015093,0.438179,0.500042,12.501723,0
8000,1328.0,0.958493,0.323637,0.052038,0.442686,0.505276,0.046256,0.014897,0.444041,0.505194,12.608279,0
8000,1330.0,0.951243,0.325676,0.059619,0.430392,0.509989,0.045759,0.014697,0.449451,0.509907,12.701072,0
8000,1332.0,0.943984,0.327718,0.067339,0.418395,0.514266,0.045280,0.014494,0.454410,0.514184,12.780367,0
8000,1334.0,0.936716,0.329766,0.075144,0.406736,0.518120,0.044816,0.014287,0.458934,0.518036,12.846705,0
8000,1336.0,0.929440,0.331816,0.082974,0.395474,0.521552,0.044366,0.014076,0.463026,0.521468,12.900507,0
8000,1338.0,0.922156,0.333871,0.090773,0.384654,0.524573,0.043928,0.013862,0.466698,0.524488,12.942124,0
8000,1340.0,0.914863,0.335931,0.098487,0.374313,0.527200,0.043503,0.013646,0.469966,0.527115,12.972218,0
8000,1342.0,0.907561,0.337993,0.106066,0.364482,0.529452,0.043088,0.013428,0.472851,0.529366,12.991569,0
8000,1344.0,0.900252,0.340060,0.113451,0.355194,0.531355,0.042683,0.013208,0.475378,0.531269,13.000952,0
8000,1346.0,0.892934,0.342132,0.120633,0.346444,0.532923,0.042288,0.012987,0.477562,0.532837,13.000897,0
8000,1348.0,0.885605,0.344208,0.127552,0.338273,0.534175,0.041902,0.012766,0.479421,0.534089,12.992075,0
8000,1350.0,0.878270,0.346287,0.134207,0.330668,0.535125,0.041523,0.012545,0.480971,0.535039,12.975049,0
8000,1352.0,0.870925,0.348369,0.140542,0.323650,0.535809,0.041153,0.012325,0.482245,0.535722,12.950797,0
8000,1354.0,0.863573,0.350457,0.146550,0.317202,0.536248,0.040789,0.012105,0.483266,0.536161,12.920011,0
8000,1356.0,0.856210,0.352549,0.152228,0.311313,0.536459,0.040433,0.011887,0.484052,0.536372,12.883209,0
8000,1358.0,0.848841,0.354645,0.157538,0.306000,0.536462,0.040083,0.011671,0.484620,0.536375,12.841043,0
8000,1360.0,0.841462,0.356745,0.162482,0.301243,0.536275,0.039740,0.011458,0.484990,0.536188,12.794000,0
8000,1362.0,0.834074,0.358848,0.167054,0.297025,0.535921,0.039403,0.011247,0.485184,0.535835,12.742812,0
8000,1364.0,0.826679,0.360958,0.171246,0.293328,0.535426,0.039072,0.011039,0.485227,0.535339,12.688064,0
8000,1366.0,0.819274,0.363071,0.175048,0.290142,0.534810,0.038747,0.010835,0.485141,0.534723,12.630471,0
8000,1368.0,0.811860,0.365187,0.178483,0.287446,0.534071,0.038427,0.010634,0.484924,0.533985,12.570029,0
8000,1370.0,0.804439,0.367307,0.181541,0.285228,0.533231,0.038113,0.010436,0.484595,0.533144,12.507253,0
8000,1372.0,0.797008,0.369434,0.184216,0.283468,0.532316,0.037804,0.010243,0.484182,0.532229,12.442801,0
8000,1374.0,0.789569,0.371562,0.186533,0.282138,0.531329,0.037500,0.010054,0.483689,0.531243,12.376931,0
8000,1376.0,0.782121,0.373696,0.188479,0.281221,0.530299,0.037201,0.009870,0.483142,0.530213,12.310266,0
8000,1378.0,0.774665,0.375835,0.190081,0.280701,0.529218,0.036906,0.009689,0.482536,0.529131,12.242605,0
8000,1380.0,0.767201,0.377976,0.191331,0.280565,0.528105,0.036617,0.009514,0.481887,0.528018,12.174536,0
