t_fs,I_Wcm2@1.00e+08,Te_K@1.00e+08,Tl_K@1.00e+08,A@1.00e+08,T@1.00e+08,I_Wcm2@1.00e+09,Te_K@1.00e+09,Tl_K@1.00e+09,A@1.00e+09,T@1.00e+09,I_Wcm2@5.01e+09,Te_K@5.01e+09,Tl_K@5.01e+09,A@5.01e+09,T@5.01e+09,I_Wcm2@1.00e+10,Te_K@1.00e+10,Tl_K@1.00e+10,A@1.00e+10,T@1.00e+10
-450.00,0.00145519,300,300,0.993488,0.00256753,0.0145519,300,300,0.993488,0.00256753,0.0729323,300,300,0.993488,0.00256753,0.145519,300,300,0.993488,0.00256753
-448.00,0.00181566,300,300,0.993488,0.00256753,0.0181566,300,300,0.993488,0.00256753,0.0909988,300,300,0.993488,0.00256753,0.181566,300,300,0.993488,0.00256753
-446.00,0.0022632,300,300,0.993488,0.00256753,0.022632,300,300,0.993488,0.00256753,0.113429,300,300,0.993488,0.00256753,0.22632,300,300,0.993488,0.00256753
-444.00,0.00281827,300,300,0.993488,0.00256753,0.0281827,300,300,0.993488,0.00256753,0.141248,300,300,0.993488,0.00256753,0.281827,300,300,0.993488,0.00256753
-442.00,0.00350601,300,300,0.993488,0.00256753,0.0350601,300,300,0.993488,0.00256753,0.175717,300,300,0.993488,0.00256753,0.350601,300,300,0.993488,0.00256753
-440.00,0.00435729,300,300,0.993488,0.00256753,0.0435729,300,300,0.993488,0.00256753,0.218382,300,300,0.993488,0.00256753,0.435729,300,300,0.993488,0.00256753
-438.00,0.00540993,300,300,0.993488,0.00256753,0.0540993,300,300,0.993488,0.00256753,0.271139,300,300,0.993488,0.00256753,0.540993,300,300,0.993488,0.00256753
-436.00,0.00671024,300,300,0.993488,0.00256753,0.0671024,300,300,0.993488,0.00256753,0.336309,300,300,0.993488,0.00256753,0.671024,300,300,0.993488,0.00256753
-434.00,0.00831489,300,300,0.993488,0.00256753,0.0831489,300,300,0.993488,0.00256753,0.416732,300,300,0.993488,0.00256753,0.831489,300,300,0.993488,0.00256753
-432.00,0.0102931,300,300,0.993488,0.00256753,0.102931,300,300,0.993488,0.00256753,0.515878,300,300,0.993488,0.00256753,1.02931,300,300,0.993488,0.00256753
-430.00,0.0127294,300,300,0.993488,0.00256753,0.127294,300,300,0.993488,0.00256753,0.637984,300,300,0.993488,0.00256753,1.27294,300,300,0.993488,0.00256753
-428.00,0.0157269,300,300,0.993488,0.00256753,0.157269,300,300,0.993488,0.00256753,0.788213,300,300,0.993488,0.00256753,1.57269,300,300,0.993488,0.00256753
-426.00,0.0194111,300,300,0.993488,0.00256753,0.194111,300,300,0.993488,0.00256753,0.972859,300,300,0.993488,0.00256753,1.94111,300,300,0.993488,0.00256753
-424.00,0.0239347,300,300,0.993488,0.00256753,0.239347,300,300,0.993488,0.00256753,1.19958,300,300,0.993488,0.00256753,2.39347,300,300,0.993488,0.00256753
-422.00,0.0294834,300,300,0.993488,0.00256753,0.294834,300,300,0.993488,0.00256753,1.47767,300,300,0.993488,0.00256753,2.94834,300,300,0.993488,0.00256753
-420.00,0.0362827,300,300,0.993488,0.00256753,0.362827,300,300,0.993488,0.00256753,1.81844,300,300,0.993488,0.00256753,3.62827,300,300,0.993488,0.00256753
-418.00,0.044606,300,300,0.993488,0.00256753,0.44606,300,300,0.993488,0.00256753,2.23559,300,300,0.993488,0.00256753,4.4606,300,300,0.993488,0.00256753
-416.00,0.0547846,300,300,0.993488,0.00256753,0.547846,300,300,0.993488,0.00256753,2.74573,300,300,0.993488,0.00256753,5.47846,300,300,0.993488,0.00256753
-414.00,0.0672196,300,300,0.993488,0.00256753,0.672196,300,300,0.993488,0.00256753,3.36896,300,300,0.993488,0.00256753,6.72196,300,300,0.993488,0.00256753
-412.00,0.0823957,300,300,0.993488,0.00256753,0.823957,300,300,0.993488,0.00256753,4.12957,300,300,0.993488,0.00256753,8.23957,300,300,0.993488,0.00256753
-410.00,0.100899,300,300,0.993488,0.00256753,1.00899,300,300,0.993488,0.00256753,5.05692,300,300,0.993488,0.00256753,10.0899,300,300,0.993488,0.00256753
-408.00,0.123435,300,300,0.993488,0.00256753,1.23435,300,300,0.993488,0.00256753,6.18641,300,300,0.993488,0.00256753,12.3435,300,300,0.993488,0.00256753
-406.00,0.150856,300,300,0.993488,0.00256753,1.50856,300,300,0.993488,0.00256753,7.56073,300,300,0.993488,0.00256753,15.0856,300,300,0.993488,0.00256753
-404.00,0.184187,300,300,0.993488,0.00256753,1.84187,300,300,0.993488,0.00256753,9.23124,300,300,0.993488,0.00256753,18.4187,300,300,0.993488,0.00256753
-402.00,0.224661,300,300,0.993488,0.00256753,2.24661,300,300,0.993488,0.00256753,11.2597,300,300,0.993488,0.00256753,22.4661,300,300,0.993488,0.00256753
-400.00,0.273759,300,300,0.993488,0.00256753,2.73759,300,300,0.993488,0.00256753,13.7205,300,300,0.993488,0.00256753,27.3759,300,300,0.993488,0.00256753
-398.00,0.333259,300,300,0.993488,0.00256753,3.33259,300,300,0.993488,0.00256753,16.7025,300,300,0.993488,0.00256753,33.3259,300,300,0.993488,0.00256753
-396.00,0.40529,300,300,0.993488,0.00256753,4.0529,300,300,0.993488,0.00256753,20.3126,300,300,0.993488,0.00256753,40.529,300,300,0.993488,0.00256753
-394.00,0.492404,300,300,0.993488,0.00256753,4.92404,300,300,0.993488,0.00256753,24.6786,300,300,0.993488,0.00256753,49.2404,300,300,0.993488,0.00256753
-392.00,0.597653,300,300,0.993488,0.00256753,5.97653,300,300,0.993488,0.00256753,29.9536,300,300,0.993488,0.00256753,59.7653,300,300,0.993488,0.00256753
-390.00,0.724684,300,300,0.993488,0.00256753,7.24684,300,300,0.993488,0.00256753,36.3203,300,300,0.993488,0.00256753,72.4684,300,300,0.993488,0.00256753
-388.00,0.87785,300,300,0.993488,0.00256753,8.7785,300,300,0.993488,0.00256753,43.9967,300,300,0.993488,0.00256753,87.785,300,300,0.993488,0.00256753
-386.00,1.06234,300,300,0.993488,0.00256753,10.6234,300,300,0.993488,0.00256753,53.2432,300,300,0.993488,0.00256753,106.234,300,300,0.993488,0.00256753
-384.00,1.28434,300,300,0.993488,0.00256753,12.8434,300,300,0.993488,0.00256753,64.3694,300,300,0.993488,0.00256753,128.434,300,300,0.993488,0.00256753
-382.00,1.5512,300,300,0.993488,0.00256753,15.512,300,300,0.993488,0.00256753,77.7439,300,300,0.993488,0.00256753,155.12,300,300,0.993488,0.00256753
-380.00,1.87165,300,300,0.993488,0.00256753,18.7165,300,300,0.993488,0.00256753,93.8049,300,300,0.993488,0.00256753,187.165,300,300,0.993488,0.00256753
-378.00,2.25609,300,300,0.993488,0.00256753,22.5609,300,300,0.993488,0.00256753,113.072,300,300,0.993488,0.00256753,225.609,300,300,0.993488,0.00256753
-376.00,2.71681,300,300,0.993488,0.00256753,27.1681,300,300,0.993488,0.00256753,136.163,300,300,0.993488,0.00256753,271.681,300,300,0.993488,0.00256753
-374.00,3.26839,300,300,0.993488,0.00256753,32.6839,300,300,0.993488,0.00256753,163.808,300,300,0.993488,0.00256753,326.839,300,300,0.993488,0.00256753
-372.00,3.92808,300,300,0.993488,0.00256753,39.2808,300,300,0.993488,0.00256753,196.87,300,300,0.993488,0.00256753,392.808,300,300,0.993488,0.00256753
-370.00,4.71627,300,300,0.993488,0.00256753,47.1627,300,300,0.993488,0.00256753,236.374,300,300,0.993488,0.00256753,471.627,300,300,0.993488,0.00256753
-368.00,5.65704,300,300,0.993488,0.00256753,56.5704,300,300,0.993488,0.00256753,283.524,300,300,0.993488,0.00256753,565.704,300.001,300,0.993488,0.00256753
-366.00,6.77878,300,300,0.993488,0.00256753,67.7878,300,300,0.993488,0.00256753,339.744,300,300,0.993488,0.00256753,677.878,300.001,300,0.993488,0.00256753
-364.00,8.11494,300,300,0.993488,0.00256753,81.1494,300,300,0.993488,0.00256753,406.71,300,300,0.993488,0.00256753,811.494,300.001,300,0.993488,0.00256753
-362.00,9.7049,300,300,0.993488,0.00256753,97.049,300,300,0.993488,0.00256753,486.397,300,300,0.993488,0.00256753,970.49,300.001,300,0.993488,0.00256753
-360.00,11.595,300,300,0.993488,0.00256753,115.95,300,300,0.993488,0.00256753,581.124,300.001,300,0.993488,0.00256753,1159.5,300.001,300,0.993488,0.00256753
-358.00,13.8394,300,300,0.993488,0.00256753,138.394,300,300,0.993488,0.00256753,693.615,300.001,300,0.993488,0.00256753,1383.94,300.001,300,0.993488,0.00256753
-356.00,16.5021,300,300,0.993488,0.00256753,165.021,300,300,0.993488,0.00256753,827.066,300.001,300,0.993488,0.00256753,1650.21,300.002,300,0.993488,0.00256753
-354.00,19.6577,300,300,0.993488,0.00256753,196.577,300,300,0.993488,0.00256753,985.22,300.001,300,0.993488,0.00256753,1965.77,300.002,300,0.993488,0.00256753
-352.00,23.3937,300,300,0.993488,0.00256753,233.937,300,300,0.993488,0.00256753,1172.46,300.001,300,0.993488,0.00256753,2339.37,300.002,300,0.993488,0.00256753
-350.00,27.8122,300,300,0.993488,0.00256753,278.122,300,300,0.993488,0.00256753,1393.91,300.001,300,0.993488,0.00256753,2781.22,300.003,300,0.993488,0.00256753
-348.00,33.0327,300,300,0.993488,0.00256753,330.327,300,300,0.993488,0.00256753,1655.56,300.002,300,0.993488,0.00256753,3303.27,300.003,300,0.993488,0.00256753
-346.00,39.1945,300,300,0.993488,0.00256753,391.945,300,300,0.993488,0.00256753,1964.38,300.002,300,0.993488,0.00256753,3919.45,300.004,300,0.993488,0.00256753
-344.00,46.4599,300,300,0.993488,0.00256753,464.599,300,300,0.993488,0.00256753,2328.51,300.002,300,0.993488,0.00256753,4645.99,300.005,300,0.993488,0.00256753
-342.00,55.0177,300,300,0.993488,0.00256753,550.177,300.001,300,0.993488,0.00256753,2757.42,300.003,300,0.993488,0.00256753,5501.77,300.005,300,0.993488,0.00256753
-340.00,65.0877,300,300,0.993488,0.00256753,650.877,300.001,300,0.993488,0.00256753,3262.11,300.003,300,0.993488,0.00256753,6508.77,300.006,300,0.993488,0.00256753
-338.00,76.925,300,300,0.993488,0.00256753,769.25,300.001,300,0.993488,0.00256753,3855.38,300.004,300,0.993488,0.00256753,7692.5,300.008,300,0.993488,0.00256753
-336.00,90.8255,300,300,0.993488,0.00256753,908.255,300.001,300,0.993488,0.00256753,4552.06,300.005,300,0.993488,0.00256753,9082.55,300.009,300,0.993488,0.00256753
-334.00,107.132,300,300,0.993488,0.00256753,1071.32,300.001,300,0.993488,0.00256753,5369.32,300.005,300,0.993488,0.00256753,10713.2,300.011,300,0.993488,0.00256753
-332.00,126.242,300,300,0.993488,0.00256753,1262.42,300.001,300,0.993488,0.00256753,6327.08,300.006,300,0.993488,0.00256753,12624.2,300.013,300,0.993488,0.00256753
-330.00,148.614,300,300,0.993488,0.00256753,1486.14,300.002,300,0.993488,0.00256753,7448.34,300.008,300,0.993488,0.00256753,14861.4,300.015,300,0.993488,0.00256753
-328.00,174.778,300,300,0.993488,0.00256753,1747.78,300.002,300,0.993488,0.00256753,8759.65,300.009,300,0.993488,0.00256753,17477.8,300.018,300,0.993488,0.00256753
-326.00,205.346,300,300,0.993488,0.00256753,2053.46,300.002,300,0.993488,0.00256753,10291.7,300.011,300,0.993488,0.00256753,20534.6,300.021,300,0.993488,0.00256753
-324.00,241.023,300,300,0.993488,0.00256753,2410.23,300.002,300,0.993488,0.00256753,12079.7,300.012,300,0.993488,0.00256753,24102.3,300.025,300,0.993488,0.00256753
-322.00,282.619,300,300,0.993488,0.00256753,2826.19,300.003,300,0.993488,0.00256753,14164.5,300.015,300,0.993488,0.00256753,28261.9,300.029,300,0.993488,0.00256753
-320.00,331.067,300,300,0.993488,0.00256753,3310.67,300.003,300,0.993488,0.00256753,16592.7,300.017,300,0.993488,0.00256753,33106.7,300.034,300,0.993488,0.00256752
-318.00,387.439,300,300,0.993488,0.00256753,3874.39,300.004,300,0.993488,0.00256753,19417.9,300.02,300,0.993488,0.00256753,38743.9,300.04,300,0.993488,0.00256752
-316.00,452.962,300,300,0.993488,0.00256753,4529.62,300.005,300,0.993488,0.00256753,22701.9,300.024,300,0.993488,0.00256753,45296.2,300.047,300,0.993488,0.00256752
-314.00,529.045,300.001,300,0.993488,0.00256753,5290.45,300.006,300,0.993488,0.00256753,26515.1,300.028,300,0.993488,0.00256753,52904.5,300.055,300,0.993488,0.00256752
-312.00,617.299,300.001,300,0.993488,0.00256753,6172.99,300.006,300,0.993488,0.00256753,30938.2,300.033,300,0.993488,0.00256752,61729.9,300.065,300,0.993488,0.00256752
-310.00,719.565,300.001,300,0.993488,0.00256753,7195.65,300.008,300,0.993488,0.00256753,36063.7,300.038,300,0.993488,0.00256752,71956.5,300.076,300,0.993488,0.00256751
-308.00,837.946,300.001,300,0.993488,0.00256753,8379.46,300.009,300,0.993488,0.00256753,41996.8,300.045,300,0.993488,0.00256752,83794.6,300.089,300,0.993488,0.00256751
-306.00,974.842,300.001,300,0.993488,0.00256753,9748.42,300.01,300,0.993488,0.00256753,48857.8,300.052,300,0.993488,0.00256752,97484.2,300.104,300,0.993488,0.00256751
-304.00,1132.99,300.001,300,0.993488,0.00256753,11329.9,300.012,300,0.993488,0.00256753,56783.8,300.061,300,0.993488,0.00256752,113299,300.121,300,0.993488,0.0025675
-302.00,1315.49,300.001,300,0.993488,0.00256753,13154.9,300.014,300,0.993488,0.00256753,65930.5,300.071,300,0.993488,0.00256752,131549,300.141,300,0.993488,0.0025675
-300.00,1525.88,300.002,300,0.993488,0.00256753,15258.8,300.016,300,0.993488,0.00256753,76475.1,300.083,300,0.993488,0.00256751,152588,300.165,300,0.993488,0.00256749
-298.00,1768.18,300.002,300,0.993488,0.00256753,17681.8,300.019,300,0.993488,0.00256753,88618.8,300.096,300,0.993488,0.00256751,176818,300.192,300,0.993489,0.00256749
-296.00,2046.93,300.002,300,0.993488,0.00256753,20469.3,300.022,300,0.993488,0.00256753,102590,300.112,300,0.993488,0.00256751,204693,300.223,300,0.993489,0.00256748
-294.00,2367.3,300.003,300,0.993488,0.00256753,23673,300.026,300,0.993488,0.00256753,118646,300.13,300,0.993488,0.0025675,236730,300.259,300,0.993489,0.00256747
-292.00,2735.1,300.003,300,0.993488,0.00256753,27351,300.03,300,0.993488,0.00256753,137080,300.15,300,0.993488,0.0025675,273510,300.3,300,0.993489,0.00256746
-290.00,3156.95,300.003,300,0.993488,0.00256753,31569.5,300.035,300,0.993488,0.00256752,158222,300.174,300,0.993489,0.00256749,315695,300.348,300,0.993489,0.00256745
-288.00,3640.26,300.004,300,0.993488,0.00256753,36402.6,300.04,300,0.993488,0.00256752,182445,300.202,300,0.993489,0.00256748,364026,300.403,300,0.993489,0.00256743
-286.00,4193.43,300.005,300,0.993488,0.00256753,41934.3,300.047,300,0.993488,0.00256752,210169,300.234,300,0.993489,0.00256748,419343,300.466,300,0.993489,0.00256742
-284.00,4825.89,300.005,300,0.993488,0.00256753,48258.9,300.054,300,0.993488,0.00256752,241868,300.27,300,0.993489,0.00256747,482589,300.539,300,0.993489,0.0025674
-282.00,5548.28,300.006,300,0.993488,0.00256753,55482.8,300.062,300,0.993488,0.00256752,278073,300.312,300,0.993489,0.00256746,554828,300.622,300,0.99349,0.00256738
-280.00,6372.51,300.007,300,0.993488,0.00256753,63725.1,300.072,300,0.993488,0.00256752,319382,300.36,300,0.993489,0.00256745,637251,300.717,300.001,0.99349,0.00256736
-278.00,7311.98,300.008,300,0.993488,0.00256753,73119.8,300.083,300,0.993488,0.00256751,366467,300.415,300,0.993489,0.00256743,731198,300.827,300.001,0.99349,0.00256733
-276.00,8381.69,300.01,300,0.993488,0.00256753,83816.9,300.095,300,0.993488,0.00256751,420079,300.477,300,0.993489,0.00256742,838169,300.952,300.001,0.99349,0.0025673
-274.00,9598.41,300.011,300,0.993488,0.00256753,95984.1,300.11,300,0.993488,0.00256751,481060,300.549,300,0.993489,0.0025674,959841,301.095,300.001,0.993491,0.00256727
-272.00,10980.9,300.013,300,0.993488,0.00256753,109809,300.126,300,0.993488,0.0025675,550351,300.631,300,0.99349,0.00256738,1.09809e+06,301.258,300.001,0.993491,0.00256723
-270.00,12550.2,300.014,300,0.993488,0.00256753,125502,300.145,300,0.993488,0.0025675,629001,300.724,300.001,0.99349,0.00256736,1.25502e+06,301.443,300.001,0.993492,0.00256718
-268.00,14329.6,300.017,300,0.993488,0.00256753,143296,300.166,300,0.993488,0.00256749,718183,300.83,300.001,0.99349,0.00256733,1.43296e+06,301.655,300.001,0.993492,0.00256713
-266.00,16345.2,300.019,300,0.993488,0.00256753,163452,300.19,300,0.993489,0.00256749,819201,300.951,300.001,0.99349,0.0025673,1.63452e+06,301.896,300.002,0.993493,0.00256707
-264.00,18625.9,300.022,300,0.993488,0.00256753,186259,300.217,300,0.993489,0.00256748,933508,301.089,300.001,0.993491,0.00256727,1.86259e+06,302.17,300.002,0.993494,0.002567
-262.00,21204,300.025,300,0.993488,0.00256753,212040,300.249,300,0.993489,0.00256747,1.06272e+06,301.245,300.001,0.993491,0.00256723,2.1204e+06,302.48,300.002,0.993494,0.00256693
-260.00,24115.1,300.028,300,0.993488,0.00256753,241151,300.284,300,0.993489,0.00256746,1.20862e+06,301.422,300.001,0.993492,0.00256719,2.41151e+06,302.833,300.002,0.993495,0.00256684
-258.00,27398.8,300.032,300,0.993488,0.00256752,273988,300.324,300,0.993489,0.00256745,1.37319e+06,301.623,300.001,0.993492,0.00256714,2.73988e+06,303.232,300.003,0.993496,0.00256674
-256.00,31099,300.037,300,0.993488,0.00256752,310990,300.37,300,0.993489,0.00256744,1.55864e+06,301.85,300.002,0.993493,0.00256708,3.1099e+06,303.683,300.003,0.993498,0.00256663
-254.00,35264.1,300.042,300,0.993488,0.00256752,352641,300.421,300,0.993489,0.00256743,1.76739e+06,302.107,300.002,0.993493,0.00256702,3.52641e+06,304.193,300.003,0.993499,0.00256651
-252.00,39947.7,300.048,300,0.993488,0.00256752,399477,300.479,300,0.993489,0.00256742,2.00213e+06,302.397,300.002,0.993494,0.00256695,3.99477e+06,304.769,300.004,0.9935,0.00256637
-250.00,45208.7,300.055,300,0.993488,0.00256752,452087,300.545,300,0.993489,0.0025674,2.2658e+06,302.724,300.002,0.993495,0.00256687,4.52087e+06,305.418,300.005,0.993502,0.00256621
-248.00,51112.2,300.062,300,0.993488,0.00256752,511122,300.619,300.001,0.99349,0.00256738,2.56168e+06,303.093,300.003,0.993496,0.00256678,5.11122e+06,306.149,300.005,0.993504,0.00256603
-246.00,57729.6,300.07,300,0.993488,0.00256752,577296,300.702,300.001,0.99349,0.00256736,2.89334e+06,303.509,300.003,0.993497,0.00256668,5.77296e+06,306.972,300.006,0.993506,0.00256582
-244.00,65139.6,300.08,300,0.993488,0.00256751,651396,300.796,300.001,0.99349,0.00256734,3.26471e+06,303.976,300.003,0.993498,0.00256656,6.51396e+06,307.895,300.007,0.993508,0.00256559
-242.00,73428.2,300.09,300,0.993488,0.00256751,734282,300.902,300.001,0.99349,0.00256731,3.68013e+06,304.5,300.004,0.9935,0.00256643,7.34282e+06,308.932,300.008,0.993511,0.00256533
-240.00,82690,300.102,300,0.993488,0.00256751,826900,301.02,300.001,0.993491,0.00256728,4.14432e+06,305.089,300.004,0.993501,0.00256629,8.269e+06,310.093,300.009,0.993514,0.00256504
-238.00,93028.2,300.115,300,0.993488,0.0025675,930282,301.153,300.001,0.993491,0.00256725,4.66245e+06,305.748,300.005,0.993503,0.00256613,9.30282e+06,311.392,300.01,0.993518,0.00256472
-236.00,104556,300.13,300,0.993488,0.0025675,1.04556e+06,301.302,300.001,0.993491,0.00256722,5.2402e+06,306.486,300.006,0.993505,0.00256594,1.04556e+07,312.844,300.011,0.993521,0.00256435
-234.00,117396,300.147,300,0.993488,0.0025675,1.17396e+06,301.469,300.001,0.993492,0.00256718,5.88374e+06,307.311,300.006,0.993507,0.00256574,1.17396e+07,314.464,300.013,0.993526,0.00256394
-232.00,131683,300.166,300,0.993488,0.00256749,1.31683e+06,301.655,300.001,0.993492,0.00256713,6.5998e+06,308.232,300.007,0.993509,0.00256551,1.31683e+07,316.269,300.015,0.993531,0.00256348
-230.00,147564,300.187,300,0.993489,0.00256749,1.47564e+06,301.864,300.002,0.993493,0.00256708,7.39571e+06,309.259,300.008,0.993512,0.00256525,1.47564e+07,318.278,300.017,0.993536,0.00256297
-228.00,165197,300.21,300,0.993489,0.00256748,1.65197e+06,302.096,300.002,0.993493,0.00256702,8.27944e+06,310.403,300.009,0.993515,0.00256497,1.65197e+07,320.51,300.019,0.993542,0.00256239
-226.00,184754,300.236,300,0.993489,0.00256748,1.84754e+06,302.355,300.002,0.993494,0.00256696,9.25964e+06,311.675,300.011,0.993518,0.00256465,1.84754e+07,322.986,300.021,0.993549,0.00256175
-224.00,206423,300.265,300,0.993489,0.00256747,2.06423e+06,302.644,300.002,0.993495,0.00256689,1.03457e+07,313.088,300.012,0.993522,0.00256429,2.06423e+07,325.728,300.024,0.993556,0.00256103
-222.00,230407,300.297,300,0.993489,0.00256746,2.30407e+06,302.965,300.003,0.993496,0.00256681,1.15477e+07,314.656,300.014,0.993526,0.00256389,2.30407e+07,328.76,300.027,0.993565,0.00256023
-220.00,256924,300.333,300,0.993489,0.00256745,2.56924e+06,303.321,300.003,0.993497,0.00256672,1.28767e+07,316.392,300.015,0.993531,0.00256345,2.56924e+07,332.107,300.03,0.993574,0.00255934
-218.00,286210,300.373,300,0.993489,0.00256744,2.8621e+06,303.717,300.003,0.993498,0.00256663,1.43445e+07,318.312,300.017,0.993536,0.00256296,2.8621e+07,335.796,300.034,0.993584,0.00255834
-216.00,318520,300.417,300,0.993489,0.00256743,3.1852e+06,304.155,300.004,0.993499,0.00256652,1.59638e+07,320.433,300.02,0.993542,0.00256241,3.1852e+07,339.854,300.038,0.993596,0.00255724
-214.00,354129,300.466,300,0.993489,0.00256742,3.54129e+06,304.641,300.004,0.9935,0.0025664,1.77485e+07,322.772,300.022,0.993548,0.0025618,3.54129e+07,344.311,300.043,0.993608,0.00255601
-212.00,393330,300.521,300,0.993489,0.00256741,3.9333e+06,305.178,300.005,0.993501,0.00256627,1.97132e+07,325.348,300.025,0.993555,0.00256113,3.9333e+07,349.198,300.048,0.993623,0.00255464
-210.00,436440,300.581,300.001,0.99349,0.00256739,4.3644e+06,305.771,300.006,0.993503,0.00256612,2.18738e+07,328.18,300.028,0.993563,0.00256038,4.3644e+07,354.546,300.054,0.993638,0.00255313
-208.00,483799,300.647,300.001,0.99349,0.00256738,4.83799e+06,306.426,300.006,0.993505,0.00256596,2.42474e+07,331.289,300.031,0.993572,0.00255956,4.83799e+07,360.39,300.061,0.993656,0.00255144
-206.00,535767,300.72,300.001,0.99349,0.00256736,5.35767e+06,307.147,300.007,0.993506,0.00256578,2.6852e+07,334.697,300.035,0.993581,0.00255864,5.35767e+07,366.764,300.068,0.993675,0.00254958
-204.00,592734,300.801,300.001,0.99349,0.00256734,5.92734e+06,307.941,300.008,0.993509,0.00256558,2.97071e+07,338.425,300.039,0.993592,0.00255763,5.92734e+07,373.702,300.076,0.993696,0.00254751
-202.00,655111,300.89,300.001,0.99349,0.00256732,6.55111e+06,308.815,300.009,0.993511,0.00256536,3.28333e+07,342.498,300.043,0.993603,0.00255651,6.55111e+07,381.241,300.085,0.993719,0.00254522
-200.00,723340,300.987,300.001,0.993491,0.00256729,7.2334e+06,309.774,300.01,0.993513,0.00256512,3.62529e+07,346.941,300.048,0.993616,0.00255528,7.2334e+07,389.415,300.094,0.993745,0.00254269
-198.00,797887,301.095,300.001,0.993491,0.00256727,7.97887e+06,310.826,300.011,0.993516,0.00256486,3.99891e+07,351.777,300.054,0.99363,0.00255391,7.97887e+07,398.264,300.105,0.993773,0.00253989
-196.00,879250,301.213,300.001,0.993491,0.00256724,8.7925e+06,311.978,300.012,0.993519,0.00256457,4.40669e+07,357.035,300.06,0.993646,0.00255241,8.7925e+07,407.823,300.116,0.993804,0.0025368
-194.00,967955,301.342,300.001,0.993491,0.00256721,9.67955e+06,313.239,300.014,0.993523,0.00256425,4.85127e+07,362.743,300.067,0.993663,0.00255076,9.67955e+07,418.13,300.129,0.993838,0.00253339
-192.00,1.06456e+06,301.484,300.002,0.993492,0.00256717,1.06456e+07,314.616,300.015,0.993526,0.0025639,5.33543e+07,368.926,300.074,0.993681,0.00254894,1.06456e+08,429.224,300.143,0.993876,0.00252962
-190.00,1.16965e+06,301.639,300.002,0.993492,0.00256713,1.16965e+07,316.119,300.017,0.99353,0.00256352,5.86214e+07,375.613,300.082,0.993702,0.00254693,1.16965e+08,441.142,300.158,0.993917,0.00252547
-188.00,1.28385e+06,301.808,300.002,0.993493,0.00256709,1.28385e+07,317.757,300.019,0.993535,0.0025631,6.4345e+07,382.832,300.091,0.993724,0.00254473,1.28385e+08,453.923,300.175,0.993961,0.0025209
-186.00,1.40781e+06,301.993,300.002,0.993493,0.00256705,1.40781e+07,319.54,300.021,0.993539,0.00256264,7.05578e+07,390.611,300.101,0.993749,0.00254232,1.40781e+08,467.603,300.193,0.99401,0.00251588
-184.00,1.54222e+06,302.195,300.002,0.993494,0.002567,1.54222e+07,321.478,300.023,0.993545,0.00256214,7.72943e+07,398.98,300.112,0.993775,0.00253966,1.54222e+08,482.22,300.212,0.994063,0.00251035
-182.00,1.6878e+06,302.415,300.003,0.993494,0.00256694,1.6878e+07,323.582,300.026,0.99355,0.00256159,8.45904e+07,407.967,300.123,0.993805,0.00253675,1.6878e+08,497.811,300.234,0.994121,0.00250427
-180.00,1.8453e+06,302.654,300.003,0.993495,0.00256689,1.8453e+07,325.861,300.029,0.993557,0.002561,9.24841e+07,417.6,300.136,0.993837,0.00253357,1.8453e+08,514.414,300.257,0.994184,0.0024976
-178.00,2.01551e+06,302.915,300.003,0.993496,0.00256682,2.01551e+07,328.329,300.032,0.993563,0.00256034,1.01015e+08,427.91,300.15,0.993871,0.00253007,2.01551e+08,532.063,300.282,0.994252,0.00249028
-176.00,2.19925e+06,303.197,300.004,0.993496,0.00256675,2.19925e+07,330.996,300.035,0.993571,0.00255963,1.10224e+08,438.923,300.165,0.993909,0.00252626,2.19925e+08,550.796,300.309,0.994325,0.00248226
-174.00,2.39738e+06,303.504,300.004,0.993497,0.00256668,2.39738e+07,333.874,300.039,0.993579,0.00255886,1.20153e+08,450.669,300.181,0.99395,0.00252208,2.39738e+08,570.647,300.339,0.994404,0.00247348
-172.00,2.61078e+06,303.836,300.004,0.993498,0.0025666,2.61078e+07,336.976,300.043,0.993588,0.00255802,1.30849e+08,463.176,300.199,0.993994,0.00251752,2.61078e+08,591.651,300.37,0.994488,0.00246388
-170.00,2.84037e+06,304.196,300.005,0.993499,0.00256651,2.84037e+07,340.314,300.047,0.993597,0.00255711,1.42356e+08,476.469,300.218,0.994042,0.00251254,2.84037e+08,613.843,300.404,0.994579,0.00245339
-168.00,3.08711e+06,304.584,300.005,0.9935,0.00256641,3.08711e+07,343.902,300.052,0.993607,0.00255612,1.54722e+08,490.578,300.239,0.994094,0.00250711,3.08711e+08,637.255,300.441,0.994676,0.00244193
-166.00,3.35198e+06,305.004,300.006,0.993501,0.00256631,3.35198e+07,347.751,300.057,0.993618,0.00255505,1.67997e+08,505.526,300.261,0.99415,0.00250119,3.35198e+08,661.921,300.48,0.994778,0.00242945
-164.00,3.63598e+06,305.457,300.006,0.993502,0.0025662,3.63598e+07,351.876,300.063,0.99363,0.00255389,1.82231e+08,521.341,300.285,0.99421,0.00249475,3.63598e+08,687.874,300.522,0.994886,0.00241585
-162.00,3.94017e+06,305.945,300.007,0.993503,0.00256608,3.94017e+07,356.289,300.069,0.993643,0.00255263,1.97476e+08,538.047,300.311,0.994275,0.00248775,3.94017e+08,715.148,300.568,0.995,0.00240107
-160.00,4.26559e+06,306.471,300.008,0.993505,0.00256595,4.26559e+07,361.006,300.075,0.993657,0.00255126,2.13786e+08,555.668,300.338,0.994344,0.00248013,4.26559e+08,743.775,300.616,0.995119,0.00238501
-158.00,4.61334e+06,307.036,300.009,0.993506,0.00256581,4.61334e+07,366.037,300.082,0.993672,0.00254979,2.31215e+08,574.229,300.368,0.994418,0.00247187,4.61334e+08,773.787,300.667,0.995242,0.00236759
-156.00,4.98453e+06,307.642,300.009,0.993508,0.00256566,4.98453e+07,371.398,300.09,0.993689,0.0025482,2.49818e+08,593.751,300.4,0.994497,0.0024629,4.98453e+08,805.215,300.723,0.995368,0.00234871
-154.00,5.38027e+06,308.293,300.01,0.993509,0.00256549,5.38027e+07,377.1,300.098,0.993706,0.00254648,2.69652e+08,614.257,300.434,0.994581,0.00245319,5.38027e+08,838.091,300.781,0.995497,0.00232829
-152.00,5.80171e+06,308.989,300.011,0.993511,0.00256532,5.80171e+07,383.156,300.107,0.993725,0.00254463,2.90774e+08,635.769,300.471,0.994669,0.00244267,5.80171e+08,872.445,300.844,0.995627,0.00230624
-150.00,6.25e+06,309.735,300.012,0.993513,0.00256513,6.25e+07,389.578,300.117,0.993745,0.00254264,3.13242e+08,658.305,300.51,0.994763,0.0024313,6.25e+08,908.31,300.91,0.995755,0.00228245
-148.00,6.72629e+06,310.532,300.013,0.993515,0.00256493,6.72629e+07,396.379,300.128,0.993767,0.00254049,3.37113e+08,681.886,300.552,0.994861,0.00241903,6.72629e+08,945.716,300.981,0.99588,0.00225685
-146.00,7.23175e+06,311.383,300.015,0.993518,0.00256472,7.23175e+07,403.571,300.139,0.99379,0.00253818,3.62446e+08,706.534,300.596,0.994964,0.00240579,7.23175e+08,984.693,301.055,0.995998,0.00222932
-144.00,7.76753e+06,312.291,300.016,0.99352,0.00256449,7.76753e+07,411.164,300.151,0.993815,0.0025357,3.89299e+08,732.265,300.643,0.995071,0.00239153,7.76753e+08,1025.27,301.135,0.996106,0.00219979
-142.00,8.33479e+06,313.257,300.017,0.993523,0.00256425,8.33479e+07,419.17,300.164,0.993842,0.00253304,4.17729e+08,759.099,300.693,0.995182,0.00237619,8.33479e+08,1067.49,301.219,0.9962,0.00216815
-140.00,8.93465e+06,314.285,300.019,0.993525,0.00256399,8.93465e+07,427.6,300.178,0.99387,0.00253018,4.47793e+08,787.051,300.746,0.995295,0.0023597,8.93465e+08,1111.37,301.307,0.996274,0.00213434
-138.00,9.56826e+06,315.377,300.021,0.993528,0.00256371,9.56826e+07,436.462,300.193,0.993901,0.00252712,4.79549e+08,816.14,300.803,0.995411,0.002342,9.56826e+08,1156.94,301.401,0.996322,0.00209828
-136.00,1.02367e+07,316.536,300.022,0.993531,0.00256341,1.02367e+08,445.767,300.208,0.993933,0.00252384,5.1305e+08,846.38,300.863,0.995529,0.00232304,1.02367e+09,1204.24,301.5,0.996338,0.0020599
-134.00,1.0941e+07,317.764,300.024,0.993535,0.0025631,1.0941e+08,455.523,300.225,0.993967,0.00252032,5.48351e+08,877.787,300.926,0.995646,0.00230275,1.0941e+09,1253.3,301.605,0.996313,0.00201914
-132.00,1.16823e+07,319.064,300.026,0.993538,0.00256276,1.16823e+08,465.738,300.244,0.994003,0.00251657,5.85503e+08,910.375,300.993,0.995762,0.00228106,1.16823e+09,1304.14,301.715,0.996237,0.00197595
-130.00,1.24616e+07,320.439,300.029,0.993542,0.00256241,1.24616e+08,476.418,300.263,0.994042,0.00251256,6.24557e+08,944.158,301.063,0.995875,0.00225793,1.24616e+09,1356.8,301.831,0.996099,0.00193031
-128.00,1.32796e+07,321.89,300.031,0.993546,0.00256203,1.32796e+08,487.573,300.283,0.994083,0.00250828,6.65559e+08,979.151,301.138,0.995982,0.00223329,1.32796e+09,1411.31,301.953,0.995888,0.00188221
-126.00,1.41375e+07,323.421,300.034,0.99355,0.00256163,1.41375e+08,499.205,300.305,0.994126,0.00250372,7.08554e+08,1015.36,301.216,0.996081,0.00220708,1.41375e+09,1467.69,302.081,0.995588,0.00183166
-124.00,1.5036e+07,325.033,300.036,0.993554,0.00256121,1.5036e+08,511.322,300.328,0.994172,0.00249886,7.53583e+08,1052.81,301.299,0.99617,0.00217925,1.5036e+09,1525.97,302.215,0.995182,0.00177869
-122.00,1.59757e+07,326.73,300.039,0.993559,0.00256077,1.59757e+08,523.926,300.353,0.99422,0.00249368,8.00684e+08,1091.51,301.385,0.996244,0.00214976,1.59757e+09,1586.18,302.357,0.994654,0.00172336
-120.00,1.69576e+07,328.512,300.042,0.993564,0.0025603,1.69576e+08,537.023,300.378,0.994271,0.00248818,8.49891e+08,1131.45,301.477,0.996299,0.00211856,1.69576e+09,1648.33,302.505,0.993984,0.00166575
-118.00,1.7982e+07,330.382,300.046,0.993569,0.0025598,1.7982e+08,550.614,300.406,0.994324,0.00248234,9.01233e+08,1172.67,301.572,0.996332,0.00208562,1.7982e+09,1712.46,302.66,0.993151,0.00160597
-116.00,1.90495e+07,332.343,300.049,0.993575,0.00255927,1.90495e+08,564.702,300.435,0.99438,0.00247614,9.54735e+08,1215.16,301.673,0.996336,0.00205091,1.90495e+09,1778.58,302.823,0.992131,0.00154415
-114.00,2.01605e+07,334.394,300.053,0.99358,0.00255872,2.01605e+08,579.288,300.465,0.994438,0.00246957,1.01042e+09,1258.93,301.778,0.996307,0.0020144,2.01605e+09,1846.7,302.993,0.990898,0.00148048
-112.00,2.13152e+07,336.539,300.057,0.993586,0.00255814,2.13152e+08,594.372,300.498,0.994499,0.00246261,1.06829e+09,1303.99,301.889,0.996237,0.00197607,2.13152e+09,1916.84,303.17,0.989425,0.00141518
-110.00,2.25139e+07,338.779,300.061,0.993593,0.00255753,2.25139e+08,609.954,300.532,0.994563,0.00245525,1.12837e+09,1350.35,302.004,0.99612,0.00193594,2.25139e+09,1988.99,303.356,0.987679,0.00134852
-108.00,2.37566e+07,341.114,300.066,0.993599,0.00255689,2.37566e+08,626.033,300.567,0.994629,0.00244747,1.19065e+09,1398.02,302.125,0.995946,0.00189401,2.37566e+09,2063.16,303.55,0.985628,0.0012808
-106.00,2.50432e+07,343.547,300.07,0.993606,0.00255622,2.50432e+08,642.606,300.605,0.994698,0.00243926,1.25513e+09,1446.98,302.251,0.995708,0.0018503,2.50432e+09,2139.35,303.753,0.983243,0.00121232
-104.00,2.63734e+07,346.077,300.075,0.993613,0.00255552,2.63734e+08,659.67,300.645,0.994769,0.0024306,1.3218e+09,1497.26,302.383,0.995394,0.00180486,2.63734e+09,2217.54,303.964,0.980491,0.00114339
-102.00,2.77469e+07,348.705,300.081,0.993621,0.00255478,2.77469e+08,677.223,300.686,0.994842,0.00242149,1.39064e+09,1548.84,302.521,0.994995,0.00175774,2.77469e+09,2297.72,304.184,0.977344,0.00107439
-100.00,2.91632e+07,351.433,300.086,0.993629,0.00255401,2.91632e+08,695.26,300.729,0.994917,0.0024119,1.46162e+09,1601.73,302.664,0.994499,0.00170899,2.91632e+09,2379.84,304.413,0.973766,0.0010057
-98.00,3.06216e+07,354.259,300.092,0.993637,0.00255321,3.06216e+08,713.776,300.775,0.994994,0.00240182,1.53472e+09,1655.92,302.813,0.993893,0.0016587,3.06216e+09,2463.89,304.652,0.969725,0.000937784
-96.00,3.21213e+07,357.185,300.099,0.993646,0.00255237,3.21213e+08,732.765,300.822,0.995073,0.00239125,1.60988e+09,1711.41,302.969,0.993166,0.00160695,3.21213e+09,2549.81,304.9,0.965187,0.000871119
-94.00,3.36611e+07,360.21,300.105,0.993655,0.0025515,3.36611e+08,752.22,300.872,0.995153,0.00238017,1.68705e+09,1768.18,303.131,0.992303,0.00155388,3.36611e+09,2637.56,305.158,0.960125,0.000806138
-92.00,3.52401e+07,363.333,300.112,0.993664,0.00255059,3.52401e+08,772.135,300.924,0.995235,0.00236856,1.76619e+09,1826.23,303.299,0.991289,0.0014996,3.52401e+09,2727.06,305.426,0.954521,0.000743222
-90.00,3.68567e+07,366.553,300.119,0.993674,0.00254964,3.68567e+08,792.501,300.978,0.995317,0.00235642,1.84721e+09,1885.53,303.474,0.990109,0.00144428,3.68567e+09,2818.25,305.704,0.948358,0.000682764
-88.00,3.85096e+07,369.87,300.127,0.993684,0.00254866,3.85096e+08,813.308,301.035,0.9954,0.00234375,1.93005e+09,1946.08,303.656,0.988746,0.00138808,3.85096e+09,2911.04,305.992,0.941622,0.000625171
-86.00,4.01969e+07,373.282,300.135,0.993695,0.00254764,4.01969e+08,834.548,301.094,0.995483,0.00233053,2.01462e+09,2007.85,303.844,0.987183,0.00133121,4.01969e+09,3005.35,306.291,0.934301,0.000570863
-84.00,4.19168e+07,376.786,300.144,0.993705,0.00254658,4.19168e+08,856.209,301.155,0.995566,0.00231675,2.10082e+09,2070.81,304.04,0.985402,0.00127387,4.19168e+09,3101.08,306.6,0.92639,0.000520229
-82.00,4.36672e+07,380.382,300.152,0.993716,0.00254548,4.36672e+08,878.28,301.219,0.995648,0.00230242,2.18854e+09,2134.93,304.242,0.983389,0.00121626,4.36672e+09,3198.11,306.92,0.917898,0.000473529
-80.00,4.54459e+07,384.066,300.162,0.993728,0.00254435,4.54459e+08,900.751,301.285,0.995729,0.00228753,2.27769e+09,2200.18,304.452,0.981129,0.00115857,4.54459e+09,3296.34,307.252,0.90884,0.000430978
-78.00,4.72505e+07,387.837,300.171,0.99374,0.00254318,4.72505e+08,923.606,301.354,0.995807,0.00227208,2.36813e+09,2266.52,304.67,0.978608,0.00110102,4.72505e+09,3395.65,307.594,0.899236,0.000392777
-76.00,4.90782e+07,391.691,300.181,0.993752,0.00254198,4.90782e+08,946.835,301.425,0.995884,0.00225607,2.45974e+09,2333.91,304.894,0.975811,0.00104385,4.90782e+09,3495.91,307.948,0.889111,0.000359101
-74.00,5.09265e+07,395.626,300.192,0.993765,0.00254073,5.09265e+08,970.421,301.5,0.995956,0.0022395,2.55237e+09,2402.31,305.127,0.972724,0.000987304,5.09265e+09,3597,308.312,0.878494,0.000330088
-72.00,5.27923e+07,399.638,300.203,0.993778,0.00253945,5.27923e+08,994.351,301.576,0.996025,0.00222237,2.64588e+09,2471.65,305.367,0.969333,0.000931648,5.27923e+09,3698.77,308.689,0.867424,0.000305767
-70.00,5.46726e+07,403.723,300.214,0.993791,0.00253814,5.46726e+08,1018.61,301.656,0.99609,0.0022047,2.74012e+09,2541.88,305.615,0.965624,0.000877151,5.46726e+09,3801.1,309.076,0.855948,0.000286115
-68.00,5.6564e+07,407.877,300.226,0.993804,0.00253678,5.6564e+08,1043.18,301.738,0.996149,0.00218648,2.83491e+09,2612.94,305.871,0.961589,0.000824043,5.6564e+09,3903.85,309.476,0.844112,0.000271078
-66.00,5.84632e+07,412.097,300.239,0.993818,0.0025354,5.84632e+08,1068.05,301.823,0.996201,0.00216773,2.9301e+09,2684.77,306.135,0.957224,0.000772514,5.84632e+09,4006.89,309.886,0.831967,0.000260578
-64.00,6.03666e+07,416.378,300.251,0.993833,0.00253397,6.03666e+08,1093.19,301.91,0.996246,0.00214846,3.0255e+09,2757.3,306.407,0.952527,0.000722756,6.03666e+09,4110.09,310.309,0.819566,0.000254501
-62.00,6.22706e+07,420.716,300.265,0.993847,0.00253252,6.22706e+08,1118.59,302.001,0.996284,0.00212869,3.12092e+09,2830.46,306.687,0.947498,0.000674957,6.22706e+09,4213.32,310.743,0.80696,0.000252694
-60.00,6.41713e+07,425.105,300.279,0.993862,0.00253103,6.41713e+08,1144.24,302.095,0.996312,0.00210843,3.21618e+09,2904.16,306.976,0.942138,0.000629303,6.41713e+09,4316.45,311.188,0.794201,0.000254978
-58.00,6.60649e+07,429.541,300.293,0.993877,0.00252952,6.60649e+08,1170.1,302.191,0.99633,0.00208769,3.31109e+09,2978.33,307.272,0.936447,0.000585977,6.60649e+09,4419.36,311.645,0.781343,0.000261155
-56.00,6.79473e+07,434.017,300.308,0.993892,0.00252797,6.79473e+08,1196.17,302.29,0.996338,0.00206651,3.40543e+09,3052.89,307.578,0.930432,0.000545149,6.79473e+09,4521.93,312.114,0.768436,0.000271012
-54.00,6.98146e+07,438.53,300.323,0.993908,0.00252639,6.98146e+08,1222.42,302.392,0.996334,0.0020449,3.49902e+09,3127.76,307.891,0.924102,0.000506925,6.98146e+09,4624.05,312.594,0.75553,0.000284326
-52.00,7.16624e+07,443.072,300.339,0.993923,0.00252479,7.16624e+08,1248.82,302.497,0.996317,0.00202289,3.59163e+09,3202.84,308.213,0.917473,0.000471373,7.16624e+09,4725.6,313.085,0.74267,0.000300874
-50.00,7.34867e+07,447.639,300.355,0.993939,0.00252317,7.34867e+08,1275.37,302.606,0.996286,0.0020005,3.68306e+09,3278.05,308.543,0.910561,0.000438543,7.34867e+09,4826.5,313.588,0.729897,0.000320428
-48.00,7.52832e+07,452.224,300.372,0.993955,0.00252152,7.52832e+08,1302.03,302.717,0.996241,0.00197776,3.7731e+09,3353.3,308.882,0.903385,0.000408477,7.52832e+09,4926.64,314.102,0.717254,0.000342754
-46.00,7.70476e+07,456.821,300.389,0.993972,0.00251985,7.70476e+08,1328.79,302.831,0.99618,0.0019547,3.86153e+09,3428.51,309.229,0.895964,0.0003812,7.70476e+09,5025.94,314.628,0.704777,0.000367616
-44.00,7.87757e+07,461.423,300.407,0.993988,0.00251817,7.87757e+08,1355.61,302.948,0.996103,0.00193135,3.94814e+09,3503.58,309.585,0.888319,0.000356727,7.87757e+09,5124.3,315.164,0.692499,0.000394797
-42.00,8.04631e+07,466.025,300.426,0.994005,0.00251646,8.04631e+08,1382.48,303.068,0.996009,0.00190775,4.03271e+09,3578.43,309.949,0.880473,0.00033505,8.04631e+09,5221.66,315.711,0.68044,0.00042412
-40.00,8.21058e+07,470.619,300.445,0.994021,0.00251475,8.21058e+08,1409.37,303.191,0.995897,0.00188393,4.11504e+09,3652.97,310.322,0.872451,0.000316114,8.21058e+09,5317.92,316.269,0.668618,0.000455409
-38.00,8.36994e+07,475.2,300.464,0.994038,0.00251302,8.36994e+08,1436.27,303.317,0.995766,0.00185992,4.19491e+09,3727.11,310.702,0.864279,0.000299848,8.36994e+09,5413.04,316.838,0.657051,0.00048849
-36.00,8.52399e+07,479.76,300.484,0.994054,0.00251129,8.52399e+08,1463.13,303.446,0.995615,0.00183577,4.27211e+09,3800.78,311.091,0.855984,0.000286169,8.52399e+09,5506.93,317.418,0.645753,0.000523189
-34.00,8.67231e+07,484.293,300.504,0.994071,0.00250955,8.67231e+08,1489.94,303.579,0.995445,0.00181151,4.34645e+09,3873.88,311.489,0.847594,0.000274987,8.67231e+09,5599.53,318.008,0.634739,0.000559334
-32.00,8.81453e+07,488.792,300.525,0.994088,0.00250781,8.81453e+08,1516.67,303.714,0.995254,0.00178718,4.41773e+09,3946.34,311.894,0.839135,0.000266201,8.81453e+09,5690.79,318.608,0.624019,0.000596759
-30.00,8.95025e+07,493.25,300.547,0.994104,0.00250607,8.95025e+08,1543.3,303.852,0.995042,0.00176282,4.48575e+09,4018.09,312.308,0.830632,0.000259707,8.95025e+09,5780.65,319.218,0.613604,0.000635298
-28.00,9.07911e+07,497.661,300.569,0.994121,0.00250433,9.07911e+08,1569.8,303.993,0.994809,0.00173846,4.55033e+09,4089.05,312.729,0.822112,0.000255388,9.07911e+09,5869.06,319.838,0.603502,0.000674792
-26.00,9.20074e+07,502.016,300.591,0.994137,0.0025026,9.20074e+08,1596.15,304.137,0.994556,0.00171415,4.61129e+09,4159.15,313.159,0.813598,0.000253121,9.20074e+09,5955.98,320.469,0.593722,0.000715088
-24.00,9.31482e+07,506.311,300.614,0.994153,0.00250088,9.31482e+08,1622.31,304.284,0.994281,0.00168992,4.66847e+09,4228.32,313.596,0.805113,0.000252777,9.31482e+09,6041.36,321.108,0.584266,0.000756037
-22.00,9.42102e+07,510.537,300.638,0.994169,0.00249917,9.42102e+08,1648.26,304.434,0.993985,0.00166582,4.7217e+09,4296.51,314.041,0.79668,0.000254226,9.42102e+09,6125.17,321.757,0.575137,0.000797514
-20.00,9.51905e+07,514.688,300.662,0.994185,0.00249749,9.51905e+08,1673.98,304.587,0.993669,0.00164187,4.77082e+09,4363.64,314.493,0.788319,0.000257338,9.51905e+09,6207.36,322.416,0.566329,0.000839415
-18.00,9.60861e+07,518.758,300.686,0.9942,0.00249582,9.60861e+08,1699.44,304.743,0.993332,0.00161813,4.81571e+09,4429.66,314.953,0.78005,0.000261981,9.60861e+09,6287.91,323.084,0.557837,0.000881635
-16.00,9.68946e+07,522.74,300.711,0.994216,0.00249417,9.68946e+08,1724.62,304.901,0.992976,0.00159461,4.85624e+09,4494.52,315.42,0.771892,0.000268026,9.68946e+09,6366.78,323.76,0.549656,0.000924074
-14.00,9.76137e+07,526.626,300.736,0.994231,0.00249256,9.76137e+08,1749.48,305.063,0.992601,0.00157137,4.89227e+09,4558.16,315.895,0.763861,0.000275344,9.76137e+09,6443.93,324.445,0.54178,0.000966634
-12.00,9.82412e+07,530.412,300.762,0.994245,0.00249097,9.82412e+08,1774,305.227,0.992207,0.00154844,4.92372e+09,4620.55,316.376,0.755972,0.000283813,9.82412e+09,6519.35,325.139,0.534204,0.00100922
-10.00,9.87753e+07,534.091,300.788,0.994259,0.00248942,9.87753e+08,1798.16,305.394,0.991796,0.00152584,4.95049e+09,4681.63,316.865,0.748239,0.000293313,9.87753e+09,6592.99,325.841,0.526921,0.00105173
-8.00,9.92145e+07,537.656,300.814,0.994273,0.00248791,9.92145e+08,1821.93,305.563,0.991369,0.00150362,4.9725e+09,4741.36,317.36,0.740674,0.000303727,9.92145e+09,6664.84,326.551,0.519926,0.00109409
-6.00,9.95574e+07,541.101,300.841,0.994287,0.00248644,9.95574e+08,1845.28,305.735,0.990926,0.00148181,4.98969e+09,4799.71,317.862,0.733286,0.000314943,9.95574e+09,6734.87,327.269,0.513212,0.0011362
-4.00,9.9803e+07,544.421,300.868,0.9943,0.00248502,9.9803e+08,1868.2,305.91,0.990469,0.00146042,5.002e+09,4856.65,318.37,0.726087,0.000326849,9.9803e+09,6803.06,327.995,0.506775,0.00117797
-2.00,9.99507e+07,547.611,300.896,0.994312,0.00248364,9.99507e+08,1890.66,306.087,0.99,0.00143951,5.0094e+09,4912.13,318.884,0.719084,0.000339343,9.99507e+09,6869.38,328.728,0.500606,0.00121933
-0.00,1e+08,550.664,300.924,0.994324,0.00248232,1e+09,1912.64,306.267,0.989519,0.00141908,5.01187e+09,4966.13,319.405,0.712284,0.000352323,1e+10,6933.83,329.469,0.494701,0.00126019
2.00,9.99507e+07,553.575,300.952,0.994336,0.00248105,9.99507e+08,1934.11,306.449,0.989028,0.00139917,5.0094e+09,5018.62,319.931,0.705694,0.000365695,9.99507e+09,6996.37,330.216,0.489054,0.00130048
4.00,9.9803e+07,556.34,300.981,0.994347,0.00247984,9.9803e+08,1955.05,306.634,0.98853,0.00137979,5.002e+09,5069.59,320.464,0.699318,0.000379369,9.9803e+09,7057,330.971,0.483656,0.00134013
6.00,9.95574e+07,558.953,301.01,0.994357,0.00247869,9.95574e+08,1975.44,306.821,0.988025,0.00136098,4.98969e+09,5119,321.001,0.693158,0.000393269,9.95574e+09,7115.7,331.732,0.478504,0.00137906
8.00,9.92145e+07,561.411,301.039,0.994367,0.0024776,9.92145e+08,1995.26,307.01,0.987516,0.00134275,4.9725e+09,5166.84,321.545,0.687217,0.000407318,9.92145e+09,7172.46,332.5,0.47359,0.00141722
10.00,9.87753e+07,563.708,301.068,0.994376,0.00247658,9.87753e+08,2014.5,307.201,0.987003,0.00132512,4.95049e+09,5213.1,322.093,0.681496,0.000421447,9.87753e+09,7227.27,333.273,0.468909,0.00145453
12.00,9.82412e+07,565.841,301.098,0.994384,0.00247563,9.82412e+08,2033.13,307.394,0.986491,0.00130811,4.92372e+09,5257.75,322.647,0.675995,0.000435587,9.82412e+09,7280.11,334.053,0.464455,0.00149093
14.00,9.76137e+07,567.806,301.128,0.994392,0.00247476,9.76137e+08,2051.13,307.59,0.985979,0.00129172,4.89227e+09,5300.78,323.205,0.670715,0.000449674,9.76137e+09,7330.99,334.838,0.460221,0.00152638
16.00,9.68946e+07,569.599,301.158,0.994399,0.00247395,9.68946e+08,2068.49,307.787,0.985471,0.00127597,4.85624e+09,5342.19,323.768,0.665656,0.000463647,9.68946e+09,7379.88,335.629,0.456203,0.00156082
18.00,9.60861e+07,571.218,301.189,0.994406,0.00247322,9.60861e+08,2085.2,307.987,0.984968,0.00126087,4.81571e+09,5381.96,324.336,0.660817,0.00047745,9.60861e+09,7426.8,336.426,0.452393,0.00159419
20.00,9.51905e+07,572.659,301.219,0.994412,0.00247258,9.51905e+08,2101.23,308.188,0.984472,0.00124643,4.77082e+09,5420.09,324.908,0.656198,0.000491028,9.51905e+09,7471.73,337.227,0.448788,0.00162646
22.00,9.42102e+07,573.92,301.25,0.994417,0.00247201,9.42102e+08,2116.57,308.391,0.983986,0.00123266,4.7217e+09,5456.58,325.484,0.651796,0.000504333,9.42102e+09,7514.67,338.033,0.445381,0.00165758
24.00,9.31482e+07,574.998,301.28,0.994421,0.00247152,9.31482e+08,2131.22,308.595,0.983511,0.00121956,4.66847e+09,5491.41,326.064,0.647612,0.000517317,9.31482e+09,7555.63,338.844,0.442167,0.0016875
26.00,9.20074e+07,575.892,301.311,0.994425,0.00247111,9.20074e+08,2145.16,308.801,0.983049,0.00120715,4.61129e+09,5524.59,326.648,0.643642,0.000529938,9.20074e+09,7594.6,339.66,0.439141,0.0017162
28.00,9.07911e+07,576.6,301.342,0.994428,0.00247079,9.07911e+08,2158.38,309.009,0.982602,0.00119541,4.55033e+09,5556.12,327.235,0.639886,0.000542156,9.07911e+09,7631.58,340.479,0.436298,0.00174364
30.00,8.95025e+07,577.12,301.373,0.99443,0.00247056,8.95025e+08,2170.87,309.218,0.982171,0.00118436,4.48575e+09,5586,327.826,0.63634,0.000553936,8.95025e+09,7666.59,341.302,0.433633,0.00176979
32.00,8.81453e+07,577.451,301.404,0.994431,0.00247041,8.81453e+08,2182.62,309.428,0.981759,0.00117399,4.41773e+09,5614.23,328.42,0.633003,0.000565243,8.81453e+09,7699.62,342.13,0.431141,0.00179463
34.00,8.67231e+07,577.593,301.436,0.994432,0.00247034,8.67231e+08,2193.62,309.64,0.981366,0.00116432,4.34645e+09,5640.82,329.017,0.629871,0.000576049,8.67231e+09,7730.68,342.96,0.428818,0.00181812
36.00,8.52399e+07,577.546,301.467,0.994431,0.00247036,8.52399e+08,2203.88,309.853,0.980995,0.00115533,4.27211e+09,5665.78,329.617,0.626943,0.000586326,8.52399e+09,7759.78,343.794,0.42666,0.00184026
38.00,8.36994e+07,577.309,301.498,0.99443,0.00247047,8.36994e+08,2213.37,310.067,0.980646,0.00114703,4.19491e+09,5689.1,330.22,0.624216,0.000596052,8.36994e+09,7786.94,344.631,0.424662,0.00186101
40.00,8.21058e+07,576.882,301.529,0.994429,0.00247066,8.21058e+08,2222.11,310.282,0.980321,0.00113941,4.11504e+09,5710.81,330.825,0.621686,0.000605204,8.21058e+09,7812.15,345.471,0.42282,0.00188038
42.00,8.04631e+07,576.267,301.56,0.994426,0.00247094,8.04631e+08,2230.08,310.498,0.980021,0.00113248,4.03271e+09,5730.92,331.432,0.61935,0.000613765,8.04631e+09,7835.44,346.314,0.421131,0.00189835
44.00,7.87757e+07,575.464,301.591,0.994423,0.00247131,7.87757e+08,2237.29,310.714,0.979747,0.00112623,3.94814e+09,5749.42,332.041,0.617207,0.000621719,7.87757e+09,7856.81,347.159,0.41959,0.0019149
46.00,7.70476e+07,574.475,301.622,0.994419,0.00247176,7.70476e+08,2243.74,310.932,0.9795,0.00112065,3.86153e+09,5766.35,332.653,0.615252,0.000629054,7.70476e+09,7876.29,348.006,0.418194,0.00193004
48.00,7.52832e+07,573.301,301.652,0.994414,0.00247229,7.52832e+08,2249.41,311.15,0.97928,0.00111575,3.7731e+09,5781.71,333.266,0.613482,0.00063576,7.52832e+09,7893.88,348.855,0.416939,0.00194377
50.00,7.34867e+07,571.943,301.683,0.994409,0.0024729,7.34867e+08,2254.33,311.369,0.979089,0.00111151,3.68306e+09,5795.51,333.88,0.611896,0.000641828,7.34867e+09,7909.62,349.706,0.415823,0.00195607
52.00,7.16624e+07,570.405,301.713,0.994403,0.00247359,7.16624e+08,2258.48,311.588,0.978926,0.00110793,3.59163e+09,5807.78,334.496,0.610489,0.000647253,7.16624e+09,7923.51,350.559,0.414841,0.00196697
54.00,6.98146e+07,568.689,301.743,0.994396,0.00247436,6.98146e+08,2261.87,311.807,0.978792,0.00110501,3.49902e+09,5818.53,335.114,0.609258,0.000652031,6.98146e+09,7935.57,351.413,0.413992,0.00197645
56.00,6.79473e+07,566.798,301.773,0.994388,0.00247521,6.79473e+08,2264.52,312.027,0.978688,0.00110274,3.40543e+09,5827.78,335.732,0.6082,0.000656161,6.79473e+09,7945.84,352.268,0.413272,0.00198453
58.00,6.60649e+07,564.735,301.803,0.99438,0.00247613,6.60649e+08,2266.41,312.247,0.978613,0.00110112,3.31109e+09,5835.56,336.351,0.607313,0.000659644,6.60649e+09,7954.32,353.124,0.412678,0.00199122
60.00,6.41713e+07,562.503,301.832,0.994371,0.00247712,6.41713e+08,2267.56,312.467,0.978567,0.00110013,3.21618e+09,5841.87,336.971,0.606593,0.000662483,6.41713e+09,7961.05,353.98,0.412208,0.00199654
62.00,6.22706e+07,560.106,301.862,0.994362,0.00247818,6.22706e+08,2267.98,312.688,0.97855,0.00109977,3.12092e+09,5846.75,337.592,0.606037,0.000664681,6.22706e+09,7966.06,354.838,0.411859,0.00200049
64.00,6.03666e+07,557.548,301.891,0.994351,0.00247931,6.03666e+08,2267.67,312.908,0.978563,0.00110004,3.0255e+09,5850.22,338.213,0.605643,0.000666245,6.03666e+09,7969.36,355.696,0.411629,0.0020031
66.00,5.84632e+07,554.834,301.919,0.994341,0.0024805,5.84632e+08,2266.64,313.128,0.978604,0.00110092,2.9301e+09,5852.29,338.834,0.605407,0.000667183,5.84632e+09,7970.98,356.553,0.411517,0.00200439
68.00,5.6564e+07,551.969,301.948,0.994329,0.00248175,5.6564e+08,2264.9,313.348,0.978673,0.00110241,2.83491e+09,5853,339.455,0.605326,0.000667504,5.6564e+09,7970.96,357.411,0.411518,0.00200437
70.00,5.46726e+07,548.956,301.976,0.994318,0.00248306,5.46726e+08,2262.46,313.568,0.978769,0.00110451,2.74012e+09,5852.37,340.076,0.605398,0.000667218,5.46726e+09,7969.32,358.269,0.411632,0.00200307
72.00,5.27923e+07,545.802,302.003,0.994305,0.00248442,5.27923e+08,2259.34,313.787,0.978892,0.00110719,2.64588e+09,5850.42,340.697,0.60562,0.000666339,5.27923e+09,7966.09,359.126,0.411857,0.00200052
74.00,5.09265e+07,542.511,302.031,0.994292,0.00248584,5.09265e+08,2255.54,314.006,0.979041,0.00111046,2.55237e+09,5847.19,341.318,0.605988,0.000664878,5.09265e+09,7961.31,359.983,0.41219,0.00199674
76.00,4.90782e+07,539.089,302.058,0.994279,0.0024873,4.90782e+08,2251.08,314.225,0.979216,0.00111431,2.45974e+09,5842.69,341.938,0.6065,0.000662852,4.90782e+09,7955,360.839,0.41263,0.00199176
78.00,4.72505e+07,535.541,302.084,0.994265,0.00248881,4.72505e+08,2245.96,314.443,0.979414,0.00111873,2.36813e+09,5836.96,342.557,0.607153,0.000660275,4.72505e+09,7947.21,361.694,0.413176,0.00198561
80.00,4.54459e+07,531.875,302.11,0.994251,0.00249036,4.54459e+08,2240.21,314.66,0.979635,0.0011237,2.27769e+09,5830.02,343.176,0.607944,0.000657164,4.54459e+09,7937.96,362.548,0.413824,0.00197832
82.00,4.36672e+07,528.096,302.136,0.994236,0.00249195,4.36672e+08,2233.84,314.877,0.979879,0.00112922,2.18854e+09,5821.91,343.793,0.608871,0.000653537,4.36672e+09,7927.28,363.401,0.414575,0.00196993
84.00,4.19168e+07,524.21,302.161,0.994221,0.00249356,4.19168e+08,2226.85,315.092,0.980143,0.00113529,2.10082e+09,5812.65,344.41,0.609931,0.000649413,4.19168e+09,7915.22,364.253,0.415426,0.00196046
86.00,4.01969e+07,520.224,302.186,0.994206,0.00249521,4.01969e+08,2219.27,315.307,0.980427,0.00114188,2.01462e+09,5802.27,345.026,0.611121,0.000644811,4.01969e+09,7901.8,365.103,0.416377,0.00194995
88.00,3.85096e+07,516.145,302.21,0.99419,0.00249689,3.85096e+08,2211.12,315.521,0.980729,0.001149,1.93005e+09,5790.79,345.64,0.612437,0.000639751,3.85096e+09,7887.07,365.951,0.417424,0.00193845
90.00,3.68567e+07,511.979,302.234,0.994174,0.00249859,3.68567e+08,2202.4,315.735,0.981049,0.00115663,1.84721e+09,5778.26,346.253,0.613879,0.000634253,3.68567e+09,7871.05,366.798,0.418568,0.00192597
92.00,3.52401e+07,507.733,302.257,0.994158,0.00250031,3.52401e+08,2193.13,315.947,0.981384,0.00116475,1.76619e+09,5764.71,346.864,0.615441,0.000628339,3.52401e+09,7853.8,367.642,0.419806,0.00191256
94.00,3.36611e+07,503.415,302.28,0.994142,0.00250204,3.36611e+08,2183.33,316.158,0.981734,0.00117337,1.68705e+09,5750.15,347.473,0.617123,0.000622032,3.36611e+09,7835.33,368.485,0.421138,0.00189827
96.00,3.21213e+07,499.031,302.303,0.994126,0.00250379,3.21213e+08,2173.01,316.367,0.982096,0.00118247,1.60988e+09,5734.62,348.081,0.618921,0.000615351,3.21213e+09,7815.69,369.325,0.422562,0.00188311
98.00,3.06216e+07,494.589,302.325,0.994109,0.00250554,3.06216e+08,2162.19,316.576,0.982471,0.00119203,1.53472e+09,5718.16,348.687,0.620832,0.000608322,3.06216e+09,7794.92,370.162,0.424077,0.00186714
100.00,2.91632e+07,490.096,302.346,0.994092,0.0025073,2.91632e+08,2150.9,316.783,0.982856,0.00120205,1.46162e+09,5700.79,349.291,0.622853,0.000600965,2.91632e+09,7773.06,370.998,0.425681,0.00185039
102.00,2.77469e+07,485.559,302.367,0.994076,0.00250906,2.77469e+08,2139.13,316.989,0.98325,0.00121251,1.39064e+09,5682.54,349.893,0.624982,0.000593304,2.77469e+09,7750.13,371.83,0.427374,0.0018329
104.00,2.63734e+07,480.985,302.387,0.994059,0.00251082,2.63734e+08,2126.92,317.194,0.983652,0.00122341,1.3218e+09,5663.45,350.493,0.627216,0.000585363,2.63734e+09,7726.19,372.66,0.429153,0.00181471
106.00,2.50432e+07,476.382,302.407,0.994042,0.00251257,2.50432e+08,2114.27,317.397,0.98406,0.00123472,1.25513e+09,5643.54,351.09,0.629551,0.000577164,2.50432e+09,7701.26,373.487,0.431018,0.00179586
108.00,2.37566e+07,471.757,302.427,0.994025,0.00251432,2.37566e+08,2101.21,317.599,0.984473,0.00124645,1.19065e+09,5622.85,351.685,0.631986,0.000568731,2.37566e+09,7675.38,374.312,0.432967,0.00177639
110.00,2.25139e+07,467.118,302.445,0.994008,0.00251606,2.25139e+08,2087.76,317.799,0.98489,0.00125856,1.12837e+09,5601.41,352.278,0.634517,0.000560087,2.25139e+09,7648.59,375.133,0.435,0.00175632
112.00,2.13152e+07,462.471,302.464,0.993992,0.00251778,2.13152e+08,2073.91,317.998,0.985309,0.00127106,1.06829e+09,5579.24,352.868,0.63714,0.000551255,2.13152e+09,7620.92,375.951,0.437114,0.00173571
114.00,2.01605e+07,457.824,302.481,0.993975,0.00251949,2.01605e+08,2059.71,318.195,0.98573,0.00128393,1.01042e+09,5556.38,353.456,0.639855,0.000542258,2.01605e+09,7592.42,376.765,0.439309,0.00171459
116.00,1.90495e+07,453.183,302.499,0.993959,0.00252117,1.90495e+08,2045.15,318.39,0.986151,0.00129715,9.54735e+08,5532.85,354.041,0.642656,0.000533119,1.90495e+09,7563.11,377.577,0.441583,0.001693
118.00,1.7982e+07,448.556,302.515,0.993943,0.00252284,1.7982e+08,2030.27,318.584,0.98657,0.00131071,9.01233e+08,5508.69,354.623,0.645542,0.00052386,1.7982e+09,7533.04,378.384,0.443935,0.00167097
120.00,1.69576e+07,443.949,302.532,0.993926,0.00252448,1.69576e+08,2015.07,318.776,0.986988,0.0013246,8.49891e+08,5483.92,355.202,0.64851,0.000514504,1.69576e+09,7502.24,379.189,0.446363,0.00164854
122.00,1.59757e+07,439.37,302.547,0.993911,0.0025261,1.59757e+08,1999.56,318.966,0.987403,0.00133881,8.00684e+08,5458.58,355.778,0.651555,0.000505071,1.59757e+09,7470.74,379.99,0.448867,0.00162575
124.00,1.5036e+07,434.823,302.562,0.993895,0.00252769,1.5036e+08,1983.78,319.154,0.987813,0.00135331,7.53583e+08,5432.68,356.352,0.654677,0.000495585,1.5036e+09,7438.57,380.787,0.451445,0.00160262
126.00,1.41375e+07,430.317,302.577,0.993879,0.00252925,1.41375e+08,1967.72,319.341,0.988218,0.0013681,7.08554e+08,5406.27,356.922,0.657871,0.000486065,1.41375e+09,7405.78,381.58,0.454095,0.0015792
128.00,1.32796e+07,425.856,302.591,0.993864,0.00253078,1.32796e+08,1951.42,319.526,0.988618,0.00138315,6.65559e+08,5379.35,357.49,0.661134,0.000476533,1.32796e+09,7372.39,382.369,0.456816,0.00155552
130.00,1.24616e+07,421.446,302.605,0.993849,0.00253227,1.24616e+08,1934.87,319.709,0.989011,0.00139846,6.24557e+08,5351.97,358.054,0.664464,0.000467008,1.24616e+09,7338.43,383.155,0.459606,0.0015316
132.00,1.16823e+07,417.094,302.618,0.993835,0.00253373,1.16823e+08,1918.1,319.89,0.989396,0.00141401,5.85503e+08,5324.15,358.615,0.667858,0.000457509,1.16823e+09,7303.94,383.937,0.462466,0.00150749
134.00,1.0941e+07,412.804,302.631,0.993821,0.00253516,1.0941e+08,1901.13,320.069,0.989773,0.00142977,5.48351e+08,5295.91,359.173,0.671312,0.000448057,1.0941e+09,7268.95,384.714,0.465391,0.00148321
136.00,1.02367e+07,408.582,302.643,0.993807,0.00253655,1.02367e+08,1883.95,320.246,0.990142,0.00144575,5.1305e+08,5267.28,359.728,0.674824,0.000438669,1.02367e+09,7233.48,385.488,0.468383,0.00145879
138.00,9.56826e+06,404.432,302.655,0.993793,0.00253791,9.56826e+07,1866.6,320.421,0.990502,0.00146192,4.79549e+08,5238.28,360.279,0.67839,0.000429363,9.56826e+08,7197.58,386.258,0.471438,0.00143426
140.00,8.93465e+06,400.358,302.666,0.99378,0.00253922,8.93465e+07,1849.08,320.594,0.990852,0.00147826,4.47793e+08,5208.94,360.827,0.682009,0.000420157,8.93465e+08,7161.25,387.023,0.474555,0.00140964
142.00,8.33479e+06,396.365,302.677,0.993767,0.0025405,8.33479e+07,1831.4,320.766,0.991192,0.00149477,4.17729e+08,5179.28,361.371,0.685677,0.000411066,8.33479e+08,7124.55,387.784,0.477734,0.00138498
144.00,7.76753e+06,392.457,302.687,0.993755,0.00254174,7.76753e+07,1813.59,320.935,0.991521,0.00151142,3.89299e+08,5149.32,361.912,0.68939,0.000402107,7.76753e+08,7087.48,388.541,0.480972,0.00136028
146.00,7.23175e+06,388.636,302.697,0.993742,0.00254293,7.23175e+07,1795.64,321.102,0.99184,0.00152819,3.62446e+08,5119.09,362.45,0.693147,0.000393294,7.23175e+08,7050.09,389.294,0.484268,0.00133558
148.00,6.72629e+06,384.907,302.706,0.993731,0.00254409,6.72629e+07,1777.58,321.267,0.992148,0.00154509,3.37113e+08,5088.6,362.984,0.696945,0.000384643,6.72629e+08,7012.38,390.042,0.487621,0.00131089
150.00,6.25e+06,381.271,302.715,0.993719,0.00254521,6.25e+07,1759.41,321.43,0.992444,0.00156208,3.13242e+08,5057.88,363.515,0.700781,0.000376168,6.25e+08,6974.4,390.786,0.491029,0.00128625
152.00,5.80171e+06,377.732,302.724,0.993708,0.00254629,5.80171e+07,1741.14,321.591,0.992729,0.00157916,2.90774e+08,5026.94,364.042,0.704651,0.00036788,5.80171e+08,6936.15,391.525,0.49449,0.00126168
154.00,5.38027e+06,374.292,302.732,0.993698,0.00254733,5.38027e+07,1722.8,321.75,0.993003,0.00159631,2.69652e+08,4995.81,364.566,0.708555,0.000359794,5.38027e+08,6897.67,392.261,0.498004,0.00123718
156.00,4.98453e+06,370.951,302.74,0.993687,0.00254833,4.98453e+07,1704.38,321.907,0.993264,0.00161352,2.49818e+08,4964.5,365.086,0.712488,0.000351922,4.98453e+08,6858.98,392.991,0.501568,0.00121279
158.00,4.61334e+06,367.712,302.748,0.993678,0.0025493,4.61334e+07,1685.89,322.062,0.993514,0.00163077,2.31215e+08,4933.04,365.602,0.716448,0.000344275,4.61334e+08,6820.1,393.718,0.505181,0.00118853
160.00,4.26559e+06,364.575,302.755,0.993668,0.00255022,4.26559e+07,1667.36,322.214,0.993753,0.00164805,2.13786e+08,4901.43,366.115,0.720432,0.000336868,4.26559e+08,6781.05,394.439,0.508842,0.0011644
162.00,3.94017e+06,361.542,302.761,0.993659,0.00255111,3.94017e+07,1648.78,322.365,0.993979,0.00166534,1.97476e+08,4869.7,366.624,0.724437,0.000329712,3.94017e+08,6741.84,395.157,0.512549,0.00114044
164.00,3.63598e+06,358.613,302.768,0.99365,0.00255196,3.63598e+07,1630.16,322.513,0.994194,0.00168264,1.82231e+08,4837.86,367.13,0.728461,0.000322818,3.63598e+08,6702.51,395.87,0.516302,0.00111664
166.00,3.35198e+06,355.787,302.774,0.993642,0.00255277,3.35198e+07,1611.52,322.659,0.994397,0.00169992,1.67997e+08,4805.93,367.632,0.7325,0.000316197,3.35198e+08,6663.06,396.578,0.520097,0.00109303
168.00,3.08711e+06,353.065,302.78,0.993634,0.00255355,3.08711e+07,1592.86,322.804,0.994588,0.00171719,1.54722e+08,4773.92,368.13,0.736551,0.00030986,3.08711e+08,6623.52,397.282,0.523935,0.00106963
170.00,2.84037e+06,350.446,302.785,0.993626,0.00255429,2.84037e+07,1574.19,322.946,0.994769,0.00173442,1.42356e+08,4741.84,368.624,0.740613,0.000303815,2.84037e+08,6583.9,397.981,0.527813,0.00104644
172.00,2.61078e+06,347.928,302.791,0.993619,0.002555,2.61078e+07,1555.52,323.085,0.994937,0.0017516,1.30849e+08,4709.71,369.115,0.744682,0.000298073,2.61078e+08,6544.22,398.676,0.531731,0.00102348
174.00,2.39738e+06,345.512,302.796,0.993612,0.00255567,2.39738e+07,1536.86,323.223,0.995095,0.00176873,1.20153e+08,4677.55,369.602,0.748757,0.000292642,2.39738e+08,6504.49,399.366,0.535687,0.00100075
176.00,2.19925e+06,343.194,302.8,0.993605,0.00255632,2.19925e+07,1518.21,323.359,0.995242,0.00178578,1.10224e+08,4645.35,370.086,0.752833,0.000287529,2.19925e+08,6464.72,400.051,0.539679,0.000978279
178.00,2.01551e+06,340.975,302.805,0.993599,0.00255693,2.01551e+07,1499.57,323.493,0.995378,0.00180276,1.01015e+08,4613.14,370.566,0.75691,0.000282742,2.01551e+08,6424.94,400.732,0.543707,0.000956064
180.00,1.8453e+06,338.852,302.809,0.993593,0.00255751,1.8453e+07,1480.96,323.624,0.995504,0.00181965,9.24841e+07,4580.92,371.042,0.760984,0.000278288,1.8453e+08,6385.15,401.409,0.547769,0.000934117
182.00,1.6878e+06,336.824,302.813,0.993587,0.00255806,1.6878e+07,1462.39,323.753,0.99562,0.00183644,8.45904e+07,4548.71,371.515,0.765055,0.000274172,1.6878e+08,6345.37,402.081,0.551864,0.000912447
184.00,1.54222e+06,334.887,302.817,0.993582,0.00255859,1.54222e+07,1443.85,323.881,0.995725,0.00185312,7.72943e+07,4516.52,371.983,0.769118,0.000270402,1.54222e+08,6305.6,402.748,0.55599,0.000891061
186.00,1.40781e+06,333.041,302.82,0.993576,0.00255909,1.40781e+07,1425.35,324.006,0.995821,0.00186968,7.05578e+07,4484.35,372.448,0.773173,0.000266982,1.40781e+08,6265.87,403.411,0.560148,0.000869967
188.00,1.28385e+06,331.282,302.823,0.993572,0.00255956,1.28385e+07,1406.91,324.129,0.995908,0.00188612,6.4345e+07,4452.21,372.91,0.777217,0.000263918,1.28385e+08,6226.17,404.069,0.564334,0.00084917
190.00,1.16965e+06,329.609,302.826,0.993567,0.00256,1.16965e+07,1388.51,324.25,0.995985,0.00190242,5.86214e+07,4420.11,373.368,0.781248,0.000261214,1.16965e+08,6186.52,404.723,0.568549,0.000828677
192.00,1.06456e+06,328.019,302.829,0.993563,0.00256043,1.06456e+07,1370.18,324.369,0.996054,0.00191858,5.33543e+07,4388.06,373.822,0.785265,0.000258875,1.06456e+08,6146.93,405.372,0.572791,0.000808492
194.00,967955,326.509,302.832,0.993558,0.00256082,9.67955e+06,1351.91,324.485,0.996115,0.00193458,4.85127e+07,4356.07,374.272,0.789264,0.000256905,9.67955e+07,6107.41,406.017,0.577059,0.00078862
196.00,879250,325.076,302.835,0.993554,0.0025612,8.7925e+06,1333.71,324.6,0.996167,0.00195043,4.40669e+07,4324.13,374.719,0.793245,0.000255307,8.7925e+07,6067.96,406.657,0.581353,0.000769065
198.00,797887,323.719,302.837,0.993551,0.00256156,7.97887e+06,1315.58,324.713,0.996212,0.00196611,3.99891e+07,4292.27,375.162,0.797205,0.000254085,7.97887e+07,6028.6,407.293,0.58567,0.00074983
200.00,723340,322.433,302.839,0.993547,0.00256189,7.2334e+06,1297.53,324.823,0.99625,0.00198161,3.62529e+07,4260.48,375.602,0.801144,0.000253242,7.2334e+07,5989.32,407.924,0.590011,0.00073092
202.00,655111,321.217,302.842,0.993544,0.00256221,6.55111e+06,1279.56,324.932,0.99628,0.00199694,3.28333e+07,4228.77,376.038,0.805058,0.000252781,6.55111e+07,5950.14,408.55,0.594374,0.000712337
204.00,592734,320.067,302.844,0.993541,0.00256251,5.92734e+06,1261.67,325.039,0.996304,0.00201208,2.97071e+07,4197.15,376.47,0.808947,0.000252702,5.92734e+07,5911.07,409.172,0.598757,0.000694087
206.00,535767,318.981,302.845,0.993538,0.00256279,5.35767e+06,1243.88,325.143,0.996321,0.00202703,2.6852e+07,4165.62,376.899,0.812808,0.00025301,5.35767e+07,5872.1,409.79,0.603158,0.000676176
208.00,483799,317.956,302.847,0.993535,0.00256305,4.83799e+06,1226.17,325.246,0.996332,0.00204179,2.42474e+07,4134.18,377.324,0.816642,0.000253704,4.83799e+07,5833.25,410.403,0.607577,0.000658607
210.00,436440,316.99,302.849,0.993533,0.0025633,4.3644e+06,1208.56,325.346,0.996338,0.00205634,2.18738e+07,4102.83,377.745,0.820445,0.000254787,4.3644e+07,5794.51,411.012,0.612011,0.000641387
212.00,393330,316.08,302.85,0.99353,0.00256353,3.9333e+06,1191.06,325.445,0.996337,0.00207069,1.97132e+07,4071.59,378.163,0.824218,0.000256259,3.9333e+07,5755.9,411.616,0.616458,0.000624518
214.00,354129,315.222,302.852,0.993528,0.00256375,3.54129e+06,1173.65,325.541,0.996332,0.00208483,1.77485e+07,4040.46,378.578,0.827958,0.000258122,3.54129e+07,5717.41,412.216,0.620918,0.000608004
216.00,318520,314.416,302.853,0.993526,0.00256395,3.1852e+06,1156.35,325.636,0.996322,0.00209875,1.59638e+07,4009.43,378.988,0.831665,0.000260376,3.1852e+07,5679.05,412.812,0.625389,0.000591848
218.00,286210,313.657,302.854,0.993524,0.00256415,2.8621e+06,1139.16,325.728,0.996307,0.00211246,1.43445e+07,3978.52,379.396,0.835337,0.000263021,2.8621e+07,5640.83,413.403,0.62987,0.000576054
220.00,256924,312.945,302.856,0.993522,0.00256433,2.56924e+06,1122.08,325.819,0.996288,0.00212595,1.28767e+07,3947.71,379.799,0.838974,0.000266057,2.56924e+07,5602.75,413.99,0.634358,0.000560625
222.00,230407,312.275,302.857,0.99352,0.0025645,2.30407e+06,1105.11,325.908,0.996265,0.00213921,1.15477e+07,3917.03,380.2,0.842574,0.000269483,2.30407e+07,5564.81,414.572,0.638853,0.000545561
224.00,206423,311.647,302.858,0.993518,0.00256465,2.06423e+06,1088.27,325.995,0.996238,0.00215225,1.03457e+07,3886.46,380.596,0.846135,0.000273299,2.06423e+07,5527.01,415.15,0.643354,0.000530867
226.00,184754,311.058,302.859,0.993517,0.0025648,1.84754e+06,1071.55,326.08,0.996208,0.00216506,9.25964e+06,3856.01,380.99,0.849659,0.000277503,1.84754e+07,5489.35,415.724,0.647859,0.000516542
228.00,165197,310.506,302.86,0.993515,0.00256494,1.65197e+06,1054.95,326.163,0.996174,0.00217764,8.27944e+06,3825.69,381.379,0.853142,0.000282094,1.65197e+07,5451.84,416.294,0.652366,0.00050259
230.00,147564,309.989,302.86,0.993514,0.00256507,1.47564e+06,1038.48,326.244,0.996138,0.00218999,7.39571e+06,3795.49,381.766,0.856586,0.00028707,1.47564e+07,5414.49,416.859,0.656876,0.00048901
232.00,131683,309.504,302.861,0.993513,0.00256519,1.31683e+06,1022.13,326.323,0.996099,0.0022021,6.5998e+06,3765.41,382.149,0.859988,0.000292431,1.31683e+07,5377.28,417.42,0.661386,0.000475805
234.00,117396,309.051,302.862,0.993511,0.00256531,1.17396e+06,1005.93,326.401,0.996057,0.00221398,5.88374e+06,3735.46,382.528,0.863347,0.000298175,1.17396e+07,5340.23,417.977,0.665896,0.000462975
236.00,104556,308.627,302.863,0.99351,0.00256541,1.04556e+06,989.856,326.476,0.996013,0.00222561,5.2402e+06,3705.64,382.904,0.866665,0.000304299,1.04556e+07,5303.33,418.529,0.670404,0.00045052
238.00,93028.2,308.23,302.863,0.993509,0.00256551,930282,973.925,326.55,0.995967,0.00223701,4.66245e+06,3675.94,383.277,0.869938,0.000310803,9.30282e+06,5266.58,419.077,0.67491,0.000438442
240.00,82690,307.86,302.864,0.993508,0.0025656,826900,958.135,326.622,0.995919,0.00224817,4.14432e+06,3646.38,383.646,0.873168,0.000317684,8.269e+06,5229.99,419.622,0.679412,0.00042674
242.00,73428.2,307.513,302.864,0.993507,0.00256569,734282,942.492,326.692,0.99587,0.00225909,3.68013e+06,3616.94,384.012,0.876353,0.00032494,7.34282e+06,5193.56,420.161,0.68391,0.000415415
244.00,65139.6,307.19,302.865,0.993507,0.00256577,651396,926.996,326.761,0.995819,0.00226976,3.26471e+06,3587.64,384.375,0.879493,0.000332569,6.51396e+06,5157.29,420.697,0.688402,0.000404466
246.00,57729.6,306.888,302.865,0.993506,0.00256584,577296,911.652,326.828,0.995767,0.0022802,2.89334e+06,3558.46,384.734,0.882587,0.00034057,5.77296e+06,5121.17,421.229,0.692888,0.000393894
248.00,51112.2,306.607,302.866,0.993505,0.00256591,511122,896.463,326.893,0.995714,0.0022904,2.56168e+06,3529.42,385.09,0.885635,0.000348939,5.11122e+06,5085.22,421.756,0.697367,0.000383697
250.00,45208.7,306.344,302.866,0.993504,0.00256598,452087,881.432,326.956,0.99566,0.00230035,2.2658e+06,3500.51,385.443,0.888637,0.000357674,4.52087e+06,5049.42,422.28,0.701838,0.000373877
252.00,39947.7,306.099,302.867,0.993504,0.00256604,399477,866.561,327.018,0.995605,0.00231007,2.00213e+06,3471.73,385.792,0.891591,0.000366774,3.99477e+06,5013.78,422.799,0.706301,0.000364431
254.00,35264.1,305.871,302.867,0.993503,0.0025661,352641,851.855,327.078,0.99555,0.00231954,1.76739e+06,3443.09,386.138,0.894498,0.000376233,3.52641e+06,4978.3,423.314,0.710753,0.00035536
256.00,31099,305.659,302.867,0.993503,0.00256615,310990,837.316,327.136,0.995494,0.00232878,1.55864e+06,3414.58,386.481,0.897357,0.000386045,3.1099e+06,4942.99,423.825,0.715195,0.000346663
258.00,27398.8,305.461,302.868,0.993502,0.0025662,273988,822.948,327.193,0.995438,0.00233778,1.37319e+06,3386.2,386.82,0.900169,0.000396207,2.73988e+06,4907.83,424.333,0.719626,0.000338345
260.00,24115.1,305.276,302.868,0.993502,0.00256624,241151,808.754,327.248,0.995382,0.00234655,1.20862e+06,3357.95,387.157,0.902934,0.000406712,2.41151e+06,4872.83,424.836,0.724042,0.000330405
262.00,21204,305.104,302.868,0.993501,0.00256628,212040,794.737,327.301,0.995326,0.00235508,1.06272e+06,3329.83,387.49,0.90565,0.000417556,2.1204e+06,4838,425.335,0.728444,0.000322846
264.00,18625.9,304.945,302.868,0.993501,0.00256632,186259,780.901,327.353,0.995271,0.00236337,933508,3301.85,387.82,0.908319,0.000428733,1.86259e+06,4803.32,425.83,0.73283,0.000315668
266.00,16345.2,304.796,302.869,0.9935,0.00256636,163452,767.249,327.403,0.995215,0.00237143,819201,3274,388.146,0.91094,0.00044024,1.63452e+06,4768.8,426.321,0.737199,0.000308874
268.00,14329.6,304.658,302.869,0.9935,0.00256639,143296,753.784,327.452,0.99516,0.00237926,718183,3246.28,388.47,0.913512,0.00045207,1.43296e+06,4734.44,426.809,0.74155,0.000302465
270.00,12550.2,304.529,302.869,0.9935,0.00256643,125502,740.511,327.499,0.995105,0.00238687,629001,3218.7,388.79,0.916037,0.000464218,1.25502e+06,4700.24,427.292,0.745882,0.000296441
272.00,10980.9,304.41,302.869,0.993499,0.00256646,109809,727.433,327.545,0.995051,0.00239424,550351,3191.24,389.108,0.918514,0.000476681,1.09809e+06,4666.2,427.772,0.750193,0.000290803
274.00,9598.41,304.299,302.869,0.993499,0.00256648,95984.1,714.552,327.589,0.994997,0.0024014,481060,3163.92,389.422,0.920943,0.000489452,959841,4632.32,428.247,0.754482,0.000285553
276.00,8381.69,304.195,302.869,0.993499,0.00256651,83816.9,701.873,327.632,0.994945,0.00240833,420079,3136.73,389.733,0.923324,0.000502528,838169,4598.6,428.719,0.758749,0.00028069
278.00,7311.98,304.1,302.87,0.993499,0.00256653,73119.8,689.399,327.674,0.994893,0.00241504,366467,3109.67,390.041,0.925657,0.000515904,731198,4565.03,429.187,0.762993,0.000276215
280.00,6372.51,304.011,302.87,0.993498,0.00256655,63725.1,677.134,327.714,0.994841,0.00242153,319382,3082.75,390.346,0.927942,0.000529574,637251,4531.63,429.651,0.767212,0.000272128
282.00,5548.28,303.928,302.87,0.993498,0.00256657,55482.8,665.081,327.753,0.994791,0.00242782,278073,3055.95,390.648,0.930179,0.000543534,554828,4498.38,430.111,0.771406,0.000268431
284.00,4825.89,303.851,302.87,0.993498,0.00256659,48258.9,653.243,327.79,0.994742,0.00243389,241868,3029.28,390.946,0.932368,0.000557779,482589,4465.28,430.568,0.775573,0.000265122
286.00,4193.43,303.78,302.87,0.993498,0.00256661,41934.3,641.623,327.826,0.994694,0.00243975,210169,3002.74,391.242,0.93451,0.000572305,419343,4432.34,431.02,0.779713,0.000262202
288.00,3640.26,303.713,302.87,0.993498,0.00256663,36402.6,630.224,327.861,0.994646,0.00244541,182445,2976.34,391.535,0.936604,0.000587107,364026,4399.56,431.469,0.783825,0.000259673
290.00,3156.95,303.652,302.87,0.993497,0.00256664,31569.5,619.051,327.894,0.9946,0.00245087,158222,2950.06,391.825,0.938651,0.000602177,315695,4366.93,431.915,0.787907,0.000257533
292.00,2735.1,303.595,302.87,0.993497,0.00256666,27351,608.106,327.926,0.994555,0.00245613,137080,2923.91,392.111,0.940651,0.000617506,273510,4334.46,432.356,0.791959,0.000255783
294.00,2367.3,303.542,302.87,0.993497,0.00256667,23673,597.391,327.957,0.994512,0.0024612,118646,2897.89,392.395,0.942605,0.000633087,236730,4302.14,432.794,0.79598,0.000254424
296.00,2046.93,303.493,302.871,0.993497,0.00256668,20469.3,586.911,327.987,0.994469,0.00246607,102590,2872,392.676,0.944513,0.000648911,204693,4269.97,433.228,0.799969,0.000253454
298.00,1768.18,303.447,302.871,0.993497,0.00256669,17681.8,576.667,328.016,0.994428,0.00247076,88618.8,2846.23,392.954,0.946376,0.00066497,176818,4237.96,433.658,0.803925,0.000252875
300.00,1525.88,303.405,302.871,0.993497,0.0025667,15258.8,566.663,328.043,0.994388,0.00247527,76475.1,2820.59,393.229,0.948193,0.000681257,152588,4206.1,434.085,0.807847,0.000252685
302.00,1315.49,303.366,302.871,0.993497,0.00256671,13154.9,556.9,328.069,0.994349,0.00247959,65930.5,2795.08,393.501,0.949966,0.000697764,131549,4174.39,434.508,0.811735,0.000252885
304.00,1132.99,303.33,302.871,0.993497,0.00256672,11329.9,547.38,328.095,0.994311,0.00248374,56783.8,2769.7,393.77,0.951696,0.000714483,113299,4142.84,434.928,0.815588,0.000253474
306.00,974.842,303.296,302.871,0.993497,0.00256673,9748.42,538.106,328.119,0.994275,0.00248772,48857.8,2744.44,394.036,0.953381,0.000731407,97484.2,4111.43,435.344,0.819404,0.000254451
308.00,837.946,303.265,302.871,0.993496,0.00256674,8379.46,529.078,328.142,0.99424,0.00249153,41996.8,2719.31,394.3,0.955023,0.000748529,83794.6,4080.17,435.756,0.823184,0.000255816
310.00,719.565,303.236,302.871,0.993496,0.00256674,7195.65,520.299,328.164,0.994206,0.00249518,36063.7,2694.31,394.56,0.956623,0.000765841,71956.5,4049.07,436.165,0.826926,0.000257567
312.00,617.299,303.209,302.871,0.993496,0.00256675,6172.99,511.769,328.185,0.994174,0.00249867,30938.2,2669.43,394.818,0.95818,0.000783337,61729.9,4018.11,436.571,0.83063,0.000259705
314.00,529.045,303.184,302.871,0.993496,0.00256676,5290.45,503.489,328.205,0.994142,0.00250201,26515.1,2644.67,395.073,0.959696,0.00080101,52904.5,3987.3,436.972,0.834296,0.000262228
316.00,452.962,303.161,302.871,0.993496,0.00256676,4529.62,495.459,328.225,0.994112,0.0025052,22701.9,2620.04,395.325,0.96117,0.000818853,45296.2,3956.64,437.371,0.837922,0.000265136
318.00,387.439,303.14,302.871,0.993496,0.00256677,3874.39,487.68,328.243,0.994083,0.00250824,19417.9,2595.53,395.574,0.962603,0.000836859,38743.9,3926.13,437.765,0.841508,0.000268425
320.00,331.067,303.12,302.871,0.993496,0.00256677,3310.67,480.15,328.261,0.994056,0.00251114,16592.7,2571.15,395.821,0.963996,0.000855022,33106.7,3895.76,438.157,0.845054,0.000272095
322.00,282.619,303.102,302.871,0.993496,0.00256678,2826.19,472.869,328.277,0.994029,0.0025139,14164.5,2546.89,396.064,0.965348,0.000873336,28261.9,3865.54,438.545,0.848559,0.000276144
324.00,241.023,303.085,302.871,0.993496,0.00256678,2410.23,465.837,328.293,0.994004,0.00251653,12079.7,2522.76,396.305,0.966661,0.000891794,24102.3,3835.47,438.929,0.852022,0.000280569
326.00,205.346,303.069,302.871,0.993496,0.00256678,2053.46,459.051,328.308,0.99398,0.00251904,10291.7,2498.74,396.543,0.967935,0.00091039,20534.6,3805.54,439.31,0.855442,0.000285369
328.00,174.778,303.054,302.871,0.993496,0.00256679,1747.78,452.51,328.323,0.993956,0.00252142,8759.65,2474.85,396.779,0.96917,0.000929117,17477.8,3775.75,439.687,0.85882,0.000290541
330.00,148.614,303.041,302.871,0.993496,0.00256679,1486.14,446.212,328.336,0.993934,0.00252368,7448.34,2451.08,397.012,0.970366,0.000947967,14861.4,3746.12,440.062,0.862155,0.000296085
332.00,126.242,303.028,302.871,0.993496,0.00256679,1262.42,440.153,328.349,0.993913,0.00252582,6327.08,2427.44,397.242,0.971526,0.000966929,12624.2,3716.62,440.432,0.865446,0.000301996
334.00,107.132,303.017,302.871,0.993496,0.0025668,1071.32,434.332,328.362,0.993893,0.00252786,5369.32,2403.91,397.469,0.972649,0.000985995,10713.2,3687.27,440.8,0.868693,0.000308275
336.00,90.8255,303.006,302.871,0.993496,0.0025668,908.255,428.744,328.373,0.993874,0.00252979,4552.06,2380.51,397.694,0.973736,0.00100516,9082.55,3658.06,441.164,0.871896,0.000314917
338.00,76.925,302.996,302.871,0.993496,0.0025668,769.25,423.386,328.384,0.993856,0.00253162,3855.38,2357.22,397.916,0.974788,0.0010244,7692.5,3628.99,441.525,0.875054,0.000321921
340.00,65.0877,302.987,302.871,0.993496,0.0025668,650.877,418.254,328.395,0.993839,0.00253335,3262.11,2334.06,398.135,0.975805,0.00104373,6508.77,3600.06,441.882,0.878166,0.000329285
342.00,55.0177,302.978,302.871,0.993496,0.00256681,550.177,413.343,328.404,0.993822,0.00253498,2757.42,2311.02,398.352,0.976789,0.00106312,5501.77,3571.27,442.237,0.881233,0.000337006
344.00,46.4599,302.97,302.871,0.993496,0.00256681,464.599,408.65,328.414,0.993807,0.00253653,2328.51,2288.1,398.566,0.977739,0.00108257,4645.99,3542.63,442.587,0.884253,0.000345082
346.00,39.1945,302.963,302.871,0.993496,0.00256681,391.945,404.168,328.423,0.993792,0.00253799,1964.38,2265.29,398.778,0.978657,0.00110207,3919.45,3514.12,442.935,0.887228,0.000353511
348.00,33.0327,302.956,302.871,0.993496,0.00256681,330.327,399.892,328.431,0.993778,0.00253937,1655.56,2242.61,398.987,0.979543,0.00112162,3303.27,3485.76,443.28,0.890155,0.000362289
350.00,27.8122,302.95,302.871,0.993496,0.00256681,278.122,395.817,328.439,0.993765,0.00254067,1393.91,2220.05,399.194,0.980398,0.00114121,2781.22,3457.53,443.621,0.893036,0.000371414
352.00,23.3937,302.944,302.871,0.993496,0.00256682,233.937,391.938,328.446,0.993753,0.0025419,1172.46,2197.6,399.397,0.981223,0.00116083,2339.37,3429.44,443.959,0.895871,0.00038088
354.00,19.6577,302.939,302.871,0.993496,0.00256682,196.577,388.249,328.453,0.993741,0.00254305,985.22,2175.28,399.599,0.982017,0.00118046,1965.77,3401.49,444.293,0.898658,0.000390681
356.00,16.5021,302.934,302.871,0.993496,0.00256682,165.021,384.743,328.459,0.99373,0.00254414,827.066,2153.07,399.798,0.982782,0.00120012,1650.21,3373.68,444.625,0.901399,0.000400814
358.00,13.8394,302.929,302.871,0.993496,0.00256682,138.394,381.415,328.466,0.99372,0.00254517,693.615,2130.98,399.994,0.983519,0.00121978,1383.94,3346,444.954,0.904092,0.000411272
360.00,11.595,302.925,302.871,0.993496,0.00256682,115.95,378.258,328.471,0.99371,0.00254613,581.124,2109.01,400.188,0.984227,0.00123944,1159.5,3318.46,445.279,0.906739,0.000422052
362.00,9.7049,302.921,302.871,0.993496,0.00256682,97.049,375.267,328.477,0.993701,0.00254704,486.397,2087.16,400.379,0.984908,0.0012591,970.49,3291.06,445.601,0.909339,0.000433147
364.00,8.11494,302.917,302.871,0.993496,0.00256682,81.1494,372.435,328.482,0.993692,0.00254789,406.71,2065.43,400.568,0.985562,0.00127875,811.494,3263.79,445.92,0.911892,0.000444554
366.00,6.77878,302.914,302.871,0.993496,0.00256682,67.7878,369.755,328.487,0.993684,0.00254869,339.744,2043.81,400.754,0.986189,0.00129838,677.878,3236.66,446.236,0.914398,0.000456266
368.00,5.65704,302.911,302.871,0.993496,0.00256682,56.5704,367.222,328.491,0.993676,0.00254944,283.524,2022.31,400.938,0.98679,0.00131798,565.704,3209.66,446.549,0.916857,0.000468281
370.00,4.71627,302.908,302.871,0.993496,0.00256682,47.1627,364.83,328.496,0.993669,0.00255015,236.374,2000.93,401.119,0.987367,0.00133756,471.627,3182.79,446.859,0.919269,0.000480592
372.00,3.92808,302.905,302.871,0.993496,0.00256682,39.2808,362.571,328.499,0.993662,0.00255081,196.87,1979.66,401.299,0.987918,0.00135709,392.808,3156.06,447.165,0.921635,0.000493195
374.00,3.26839,302.903,302.871,0.993496,0.00256683,32.6839,360.442,328.503,0.993656,0.00255143,163.808,1958.52,401.475,0.988445,0.00137659,326.839,3129.47,447.469,0.923954,0.000506085
376.00,2.71681,302.9,302.871,0.993496,0.00256683,27.1681,358.434,328.507,0.99365,0.00255201,136.163,1937.49,401.649,0.988949,0.00139604,271.681,3103,447.77,0.926226,0.000519257
378.00,2.25609,302.898,302.871,0.993495,0.00256683,22.5609,356.543,328.51,0.993644,0.00255255,113.072,1916.58,401.821,0.98943,0.00141542,225.609,3076.67,448.067,0.928452,0.000532708
380.00,1.87165,302.896,302.871,0.993495,0.00256683,18.7165,354.764,328.513,0.993639,0.00255306,93.8049,1895.78,401.991,0.989889,0.00143474,187.165,3050.47,448.362,0.930632,0.000546432
382.00,1.5512,302.894,302.871,0.993495,0.00256683,15.512,353.089,328.516,0.993634,0.00255354,77.7439,1875.1,402.158,0.990327,0.00145399,155.12,3024.4,448.654,0.932765,0.000560425
384.00,1.28434,302.893,302.871,0.993495,0.00256683,12.8434,351.515,328.519,0.993629,0.00255399,64.3694,1854.54,402.323,0.990744,0.00147316,128.434,2998.46,448.942,0.934852,0.000574682
386.00,1.06234,302.891,302.871,0.993495,0.00256683,10.6234,350.036,328.521,0.993625,0.00255441,53.2432,1834.1,402.485,0.991141,0.00149225,106.234,2972.66,449.228,0.936893,0.000589198
388.00,0.87785,302.89,302.871,0.993495,0.00256683,8.7785,348.646,328.523,0.993621,0.0025548,43.9967,1813.77,402.645,0.991518,0.00151124,87.785,2946.98,449.511,0.938889,0.000603965
390.00,0.724684,302.888,302.871,0.993495,0.00256683,7.24684,347.341,328.526,0.993617,0.00255516,36.3203,1793.56,402.803,0.991876,0.00153014,72.4684,2921.43,449.791,0.940839,0.000618976
392.00,0.597653,302.887,302.871,0.993495,0.00256683,5.97653,346.117,328.528,0.993614,0.00255551,29.9536,1773.47,402.959,0.992216,0.00154893,59.7653,2896.01,450.068,0.942744,0.000634222
394.00,0.492404,302.886,302.871,0.993495,0.00256683,4.92404,344.969,328.53,0.99361,0.00255583,24.6786,1753.49,403.112,0.992538,0.00156762,49.2404,2870.72,450.342,0.944606,0.000649696
396.00,0.40529,302.885,302.871,0.993495,0.00256683,4.0529,343.893,328.531,0.993607,0.00255612,20.3126,1733.63,403.263,0.992843,0.00158618,40.529,2845.56,450.614,0.946423,0.000665391
398.00,0.333259,302.884,302.871,0.993495,0.00256683,3.33259,342.884,328.533,0.993604,0.0025564,16.7025,1713.89,403.412,0.993131,0.00160463,33.3259,2820.53,450.882,0.948198,0.000681297
400.00,0.273759,302.883,302.871,0.993495,0.00256683,2.73759,341.939,328.535,0.993602,0.00255666,13.7205,1694.27,403.558,0.993403,0.00162295,27.3759,2795.63,451.147,0.949929,0.00069741
402.00,0.224661,302.882,302.871,0.993495,0.00256683,2.24661,341.054,328.536,0.993599,0.00255691,11.2597,1674.77,403.703,0.993659,0.00164114,22.4661,2770.85,451.41,0.951618,0.00071372
404.00,0.184187,302.881,302.871,0.993495,0.00256683,1.84187,340.225,328.537,0.993597,0.00255714,9.23124,1655.38,403.845,0.9939,0.0016592,18.4187,2746.2,451.67,0.953265,0.000730221
406.00,0.150856,302.881,302.871,0.993495,0.00256683,1.50856,339.45,328.539,0.993595,0.00255735,7.56073,1636.11,403.985,0.994126,0.00167711,15.0856,2721.68,451.927,0.95487,0.000746907
408.00,0.123435,302.88,302.871,0.993495,0.00256683,1.23435,338.725,328.54,0.993592,0.00255755,6.18641,1616.96,404.122,0.994339,0.00169488,12.3435,2697.28,452.182,0.956435,0.000763769
410.00,0.100899,302.879,302.871,0.993495,0.00256683,1.00899,338.046,328.541,0.993591,0.00255773,5.05692,1597.93,404.258,0.994538,0.0017125,10.0899,2673.01,452.433,0.957958,0.000780803
412.00,0.0823957,302.879,302.871,0.993495,0.00256683,0.823957,337.412,328.542,0.993589,0.0025579,4.12957,1579.02,404.391,0.994723,0.00172997,8.23957,2648.86,452.682,0.959442,0.000798
414.00,0.0672196,302.878,302.871,0.993495,0.00256683,0.672196,336.819,328.543,0.993587,0.00255807,3.36896,1560.23,404.523,0.994896,0.00174728,6.72196,2624.84,452.928,0.960885,0.000815355
416.00,0.0547846,302.878,302.871,0.993495,0.00256683,0.547846,336.265,328.544,0.993586,0.00255822,2.74573,1541.55,404.652,0.995057,0.00176442,5.47846,2600.95,453.171,0.962289,0.00083286
418.00,0.044606,302.877,302.871,0.993495,0.00256683,0.44606,335.747,328.545,0.993584,0.00255836,2.23559,1523,404.779,0.995205,0.0017814,4.4606,2577.18,453.412,0.963655,0.000850511
420.00,0.0362827,302.877,302.871,0.993495,0.00256683,0.362827,335.263,328.545,0.993583,0.00255849,1.81844,1504.57,404.904,0.995343,0.00179821,3.62827,2553.53,453.65,0.964981,0.000868301
422.00,0.0294834,302.876,302.871,0.993495,0.00256683,0.294834,334.811,328.546,0.993581,0.00255861,1.47767,1486.26,405.027,0.995469,0.00181485,2.94834,2530.01,453.885,0.96627,0.000886224
424.00,0.0239347,302.876,302.871,0.993495,0.00256683,0.239347,334.389,328.547,0.99358,0.00255872,1.19958,1468.07,405.147,0.995585,0.00183131,2.39347,2506.61,454.118,0.967521,0.000904273
426.00,0.0194111,302.876,302.871,0.993495,0.00256683,0.194111,333.995,328.548,0.993579,0.00255883,0.972859,1450,405.266,0.995691,0.00184759,1.94111,2483.33,454.348,0.968735,0.000922444
428.00,0.0157269,302.875,302.871,0.993495,0.00256683,0.157269,333.628,328.548,0.993578,0.00255893,0.788213,1432.06,405.383,0.995787,0.00186369,1.57269,2460.18,454.575,0.969912,0.000940727
430.00,0.0127294,302.875,302.871,0.993495,0.00256683,0.127294,333.284,328.549,0.993577,0.00255902,0.637984,1414.24,405.498,0.995874,0.0018796,1.27294,2437.15,454.8,0.971053,0.000959114
432.00,0.0102931,302.875,302.871,0.993495,0.00256683,0.102931,332.964,328.549,0.993576,0.00255911,0.515878,1396.54,405.61,0.995953,0.00189532,1.02931,2414.24,455.022,0.972159,0.000977597
434.00,0.00831489,302.875,302.871,0.993495,0.00256683,0.0831489,332.665,328.55,0.993575,0.00255919,0.416732,1378.97,405.721,0.996022,0.00191084,0.831489,2391.46,455.241,0.973231,0.000996166
436.00,0.00671024,302.874,302.871,0.993495,0.00256683,0.0671024,332.386,328.55,0.993575,0.00255926,0.336309,1361.52,405.829,0.996084,0.00192617,0.671024,2368.8,455.458,0.974268,0.00101481
438.00,0.00540993,302.874,302.871,0.993495,0.00256683,0.0540993,332.126,328.551,0.993574,0.00255933,0.271139,1344.2,405.936,0.996138,0.00194131,0.540993,2346.26,455.672,0.975273,0.00103353
440.00,0.00435729,302.874,302.871,0.993495,0.00256683,0.0435729,331.884,328.551,0.993573,0.0025594,0.218382,1327.01,406.041,0.996185,0.00195624,0.435729,2323.84,455.884,0.976245,0.00105231
442.00,0.00350601,302.874,302.871,0.993495,0.00256683,0.0350601,331.657,328.551,0.993573,0.00255946,0.175717,1309.94,406.144,0.996225,0.00197096,0.350601,2301.54,456.093,0.977185,0.00107114
444.00,0.00281827,302.874,302.871,0.993495,0.00256683,0.0281827,331.446,328.552,0.993572,0.00255951,0.141248,1293,406.245,0.996258,0.00198548,0.281827,2279.36,456.3,0.978094,0.00109003
446.00,0.0022632,302.873,302.871,0.993495,0.00256683,0.022632,331.249,328.552,0.993571,0.00255957,0.113429,1276.2,406.344,0.996285,0.0019998,0.22632,2257.3,456.504,0.978972,0.00110895
448.00,0.00181566,302.873,302.871,0.993495,0.00256683,0.0181566,331.066,328.552,0.993571,0.00255962,0.0909988,1259.52,406.441,0.996306,0.0020139,0.181566,2235.37,456.706,0.979821,0.0011279
450.00,0.00145519,302.873,302.871,0.993495,0.00256683,0.0145519,330.895,328.553,0.99357,0.00255966,0.0729323,1242.97,406.536,0.996322,0.00202779,0.145519,2213.55,456.905,0.980639,0.00114688
452.00,0.00116514,302.873,302.871,0.993495,0.00256683,0.0116514,330.735,328.553,0.99357,0.0025597,0.0583951,1226.56,406.629,0.996332,0.00204147,0.116514,2191.86,457.102,0.98143,0.00116587
454.00,0.000931976,302.873,302.871,0.993495,0.00256683,0.00931976,330.587,328.553,0.99357,0.00255974,0.0467094,1210.28,406.721,0.996337,0.00205493,0.0931976,2170.28,457.296,0.982191,0.00118488
456.00,0.00074474,302.873,302.871,0.993495,0.00256683,0.0074474,330.448,328.553,0.993569,0.00255978,0.0373254,1194.14,406.81,0.996338,0.00206817,0.074474,2148.82,457.488,0.982926,0.00120389
458.00,0.000594534,302.873,302.871,0.993495,0.00256683,0.00594534,330.319,328.553,0.993569,0.00255981,0.0297973,1178.13,406.898,0.996334,0.0020812,0.0594534,2127.49,457.677,0.983633,0.0012229
460.00,0.000474155,302.873,302.871,0.993495,0.00256683,0.00474155,330.198,328.554,0.993569,0.00255985,0.0237641,1162.26,406.984,0.996326,0.00209401,0.0474155,2106.27,457.864,0.984314,0.0012419
462.00,0.000377778,302.872,302.871,0.993495,0.00256683,0.00377778,330.086,328.554,0.993568,0.00255988,0.0189337,1146.52,407.068,0.996314,0.0021066,0.0377778,2085.18,458.049,0.984968,0.00126089
464.00,0.000300693,302.872,302.871,0.993495,0.00256683,0.00300693,329.982,328.554,0.993568,0.0025599,0.0150704,1130.93,407.151,0.996299,0.00211897,0.0300693,2064.2,458.231,0.985598,0.00127986
466.00,0.000239102,302.872,302.871,0.993495,0.00256683,0.00239102,329.884,328.554,0.993568,0.00255993,0.0119835,1115.48,407.231,0.99628,0.00213113,0.0239102,2043.34,458.41,0.986202,0.0012988
468.00,0.000189939,302.872,302.871,0.993495,0.00256683,0.00189939,329.793,328.554,0.993567,0.00255995,0.00951951,1100.17,407.31,0.996258,0.00214306,0.0189939,2022.6,458.588,0.986783,0.00131772
470.00,0.000150736,302.872,302.871,0.993495,0.00256683,0.00150736,329.709,328.554,0.993567,0.00255998,0.00755471,1085,407.387,0.996233,0.00215476,0.0150736,2001.98,458.763,0.987339,0.00133659
472.00,0.000119507,302.872,302.871,0.993495,0.00256683,0.00119507,329.63,328.555,0.993567,0.00256,0.00598953,1069.98,407.463,0.996205,0.00216625,0.0119507,1981.48,458.936,0.987872,0.00135542
474.00,9.46541e-05,302.872,302.871,0.993495,0.00256683,0.000946541,329.556,328.555,0.993567,0.00256002,0.00474394,1055.11,407.537,0.996175,0.00217752,0.00946541,1961.1,459.106,0.988382,0.00137421
476.00,7.48959e-05,302.872,302.871,0.993495,0.00256683,0.000748959,329.488,328.555,0.993567,0.00256004,0.00375369,1040.39,407.609,0.996142,0.00218856,0.00748959,1940.83,459.274,0.98887,0.00139294
478.00,5.92037e-05,302.872,302.871,0.993495,0.00256683,0.000592037,329.424,328.555,0.993566,0.00256005,0.00296721,1025.82,407.679,0.996108,0.00219938,0.00592037,1920.69,459.44,0.989337,0.0014116
480.00,4.67532e-05,302.872,302.871,0.993495,0.00256683,0.000467532,329.365,328.555,0.993566,0.00256007,0.00234321,1011.39,407.748,0.996071,0.00220999,0.00467532,1900.67,459.603,0.989783,0.0014302
482.00,3.68847e-05,302.872,302.871,0.993495,0.00256683,0.000368847,329.309,328.555,0.993566,0.00256008,0.00184861,997.126,407.815,0.996033,0.00222037,0.00368847,1880.76,459.765,0.990209,0.00144872
484.00,2.90705e-05,302.872,302.871,0.993495,0.00256683,0.000290705,329.258,328.555,0.993566,0.0025601,0.00145697,983.014,407.881,0.995993,0.00223052,0.00290705,1860.97,459.924,0.990616,0.00146717
486.00,2.28892e-05,302.872,302.871,0.993495,0.00256683,0.000228892,329.21,328.555,0.993566,0.00256011,0.00114718,969.059,407.945,0.995952,0.00224046,0.00228892,1841.3,460.08,0.991003,0.00148552
488.00,1.80045e-05,302.872,302.871,0.993495,0.00256683,0.000180045,329.165,328.555,0.993566,0.00256012,0.00090236,955.263,408.007,0.99591,0.00225018,0.00180045,1821.76,460.235,0.991372,0.00150378
490.00,1.41482e-05,302.872,302.871,0.993495,0.00256683,0.000141482,329.123,328.555,0.993566,0.00256013,0.000709091,941.628,408.068,0.995867,0.00225968,0.00141482,1802.33,460.387,0.991723,0.00152194
492.00,1.1107e-05,302.872,302.871,0.993495,0.00256683,0.00011107,329.084,328.555,0.993565,0.00256014,0.000556667,928.155,408.128,0.995823,0.00226897,0.0011107,1783.02,460.537,0.992056,0.00154
494.00,8.71086e-06,302.872,302.871,0.993495,0.00256683,8.71086e-05,329.048,328.555,0.993565,0.00256015,0.000436577,914.848,408.185,0.995778,0.00227804,0.000871086,1763.82,460.685,0.992373,0.00155795
496.00,6.82494e-06,302.872,302.871,0.993495,0.00256683,6.82494e-05,329.014,328.556,0.993565,0.00256016,0.000342057,901.706,408.242,0.995732,0.00228689,0.000682494,1744.75,460.831,0.992674,0.00157579
498.00,5.34205e-06,302.872,302.871,0.993495,0.00256683,5.34205e-05,328.983,328.556,0.993565,0.00256017,0.000267737,888.734,408.297,0.995686,0.00229553,0.000534205,1725.8,460.974,0.992959,0.0015935
500.00,4.17724e-06,302.872,302.871,0.993495,0.00256683,4.17724e-05,328.954,328.556,0.993565,0.00256018,0.000209358,875.931,408.35,0.99564,0.00230396,0.000417724,1706.97,461.116,0.993228,0.0016111
502.00,3.26319e-06,302.872,302.871,0.993495,0.00256683,3.26319e-05,328.926,328.556,0.993565,0.00256019,0.000163547,863.301,408.402,0.995593,0.00231218,0.000326319,1688.26,461.255,0.993483,0.00162856
504.00,2.54664e-06,302.872,302.871,0.993495,0.00256683,2.54664e-05,328.901,328.556,0.993565,0.00256019,0.000127634,850.845,408.453,0.995546,0.00232019,0.000254664,1669.67,461.392,0.993723,0.00164589
506.00,1.98547e-06,302.872,302.871,0.993495,0.00256683,1.98547e-05,328.877,328.556,0.993565,0.0025602,9.95093e-05,838.566,408.502,0.995499,0.00232799,0.000198547,1651.2,461.527,0.99395,0.00166309
508.00,1.54644e-06,302.872,302.871,0.993495,0.00256683,1.54644e-05,328.855,328.556,0.993565,0.0025602,7.75055e-05,826.464,408.55,0.995452,0.00233559,0.000154644,1632.85,461.66,0.994163,0.00168014
510.00,1.2033e-06,302.872,302.871,0.993495,0.00256683,1.2033e-05,328.835,328.556,0.993565,0.00256021,6.03077e-05,814.543,408.596,0.995405,0.00234299,0.00012033,1614.62,461.791,0.994364,0.00169705
512.00,9.35374e-07,302.872,302.871,0.993495,0.00256683,9.35374e-06,328.816,328.556,0.993565,0.00256021,4.68798e-05,802.804,408.641,0.995359,0.00235018,9.35374e-05,1596.51,461.92,0.994552,0.00171381
514.00,7.2639e-07,302.872,302.871,0.993495,0.00256683,7.2639e-06,328.798,328.556,0.993565,0.00256022,3.64057e-05,791.248,408.685,0.995312,0.00235718,7.2639e-05,1578.53,462.047,0.994728,0.00173042
516.00,5.63541e-07,302.872,302.871,0.993495,0.00256683,5.63541e-06,328.781,328.556,0.993565,0.00256022,2.8244e-05,779.878,408.727,0.995266,0.00236398,5.63541e-05,1560.67,462.172,0.994892,0.00174687
518.00,4.36771e-07,302.872,302.871,0.993495,0.00256683,4.36771e-06,328.766,328.556,0.993565,0.00256023,2.18904e-05,768.695,408.768,0.995221,0.00237058,4.36771e-05,1542.93,462.295,0.995045,0.00176316
520.00,3.38184e-07,302.872,302.871,0.993495,0.00256683,3.38184e-06,328.752,328.556,0.993565,0.00256023,1.69494e-05,757.702,408.808,0.995176,0.002377,3.38184e-05,1525.31,462.415,0.995187,0.00177929
522.00,2.61593e-07,302.872,302.871,0.993495,0.00256683,2.61593e-06,328.738,328.556,0.993564,0.00256024,1.31107e-05,746.9,408.847,0.995132,0.00238322,2.61593e-05,1507.82,462.534,0.995319,0.00179526
524.00,2.02148e-07,302.872,302.871,0.993495,0.00256683,2.02148e-06,328.726,328.556,0.993564,0.00256024,1.01314e-05,736.289,408.885,0.995088,0.00238926,2.02148e-05,1490.45,462.651,0.995441,0.00181105
526.00,1.56057e-07,302.872,302.871,0.993495,0.00256683,1.56057e-06,328.714,328.556,0.993564,0.00256024,7.8214e-06,725.873,408.921,0.995045,0.00239511,1.56057e-05,1473.2,462.766,0.995553,0.00182667
528.00,1.20357e-07,302.872,302.871,0.993495,0.00256683,1.20357e-06,328.703,328.556,0.993564,0.00256024,6.03214e-06,715.653,408.956,0.995002,0.00240079,1.20357e-05,1456.08,462.879,0.995656,0.00184212
530.00,9.27323e-08,302.872,302.871,0.993495,0.00256683,9.27323e-07,328.693,328.556,0.993564,0.00256025,4.64762e-06,705.629,408.99,0.99496,0.00240628,9.27323e-06,1439.09,462.99,0.995751,0.00185739
532.00,7.13776e-08,302.872,302.871,0.993495,0.00256683,7.13776e-07,328.684,328.556,0.993564,0.00256025,3.57736e-06,695.804,409.023,0.994919,0.00241161,7.13776e-06,1422.22,463.099,0.995836,0.00187248
534.00,5.48864e-08,302.871,302.871,0.993495,0.00256683,5.48864e-07,328.675,328.556,0.993564,0.00256025,2.75084e-06,686.177,409.055,0.994879,0.00241676,5.48864e-06,1405.48,463.206,0.995914,0.00188739
536.00,4.21638e-08,302.871,302.871,0.993495,0.00256683,4.21638e-07,328.667,328.556,0.993564,0.00256025,2.1132e-06,676.751,409.085,0.99484,0.00242174,4.21638e-06,1388.87,463.311,0.995984,0.00190211
538.00,3.23584e-08,302.871,302.871,0.993495,0.00256683,3.23584e-07,328.659,328.556,0.993564,0.00256026,1.62176e-06,667.527,409.115,0.994801,0.00242655,3.23584e-06,1372.38,463.414,0.996046,0.00191664
540.00,2.48088e-08,302.871,302.871,0.993495,0.00256683,2.48088e-07,328.652,328.556,0.993564,0.00256026,1.24338e-06,658.504,409.143,0.994764,0.0024312,2.48088e-06,1356.03,463.516,0.996102,0.00193099
542.00,1.90018e-08,302.871,302.871,0.993495,0.00256683,1.90018e-07,328.646,328.556,0.993564,0.00256026,9.52347e-07,649.684,409.171,0.994727,0.00243569,1.90018e-06,1339.8,463.615,0.996151,0.00194514
544.00,1.45398e-08,302.871,302.871,0.993495,0.00256683,1.45398e-07,328.639,328.556,0.993564,0.00256026,7.28715e-07,641.067,409.198,0.994691,0.00244003,1.45398e-06,1323.7,463.713,0.996193,0.0019591
546.00,1.11145e-08,302.871,302.871,0.993495,0.00256683,1.11145e-07,328.634,328.556,0.993564,0.00256026,5.57047e-07,632.654,409.223,0.994656,0.00244421,1.11145e-06,1307.74,463.809,0.996229,0.00197286
548.00,8.48785e-09,302.871,302.871,0.993495,0.00256683,8.48785e-08,328.628,328.556,0.993564,0.00256026,4.254e-07,624.443,409.248,0.994623,0.00244825,8.48785e-07,1291.91,463.903,0.99626,0.00198642
550.00,6.47554e-09,302.871,302.871,0.993495,0.00256683,6.47554e-08,328.623,328.556,0.993564,0.00256027,3.24546e-07,616.437,409.272,0.99459,0.00245214,6.47554e-07,1276.21,463.996,0.996285,0.00199979
552.00,4.93544e-09,302.871,302.871,0.993495,0.00256683,4.93544e-08,328.619,328.556,0.993564,0.00256027,2.47358e-07,608.634,409.295,0.994558,0.00245588,4.93544e-07,1260.64,464.086,0.996305,0.00201295
554.00,3.75792e-09,302.871,302.871,0.993495,0.00256683,3.75792e-08,328.615,328.556,0.993564,0.00256027,1.88342e-07,601.034,409.317,0.994526,0.00245949,3.75792e-07,1245.21,464.175,0.99632,0.00202592
556.00,2.85852e-09,302.871,302.871,0.993495,0.00256683,2.85852e-08,328.611,328.556,0.993564,0.00256027,1.43265e-07,593.637,409.338,0.994496,0.00246295,2.85852e-07,1229.91,464.262,0.99633,0.00203868
558.00,2.17223e-09,302.871,302.871,0.993495,0.00256683,2.17223e-08,328.607,328.556,0.993564,0.00256027,1.08869e-07,586.442,409.358,0.994467,0.00246629,2.17223e-07,1214.76,464.348,0.996336,0.00205124
560.00,1.64909e-09,302.871,302.871,0.993495,0.00256683,1.64909e-08,328.603,328.556,0.993564,0.00256027,8.26501e-08,579.448,409.378,0.994439,0.0024695,1.64909e-07,1199.73,464.431,0.996338,0.00206359
562.00,1.2507e-09,302.871,302.871,0.993495,0.00256683,1.2507e-08,328.6,328.556,0.993564,0.00256027,6.26834e-08,572.654,409.397,0.994412,0.00247258,1.2507e-07,1184.85,464.513,0.996336,0.00207574
564.00,9.47618e-10,302.871,302.871,0.993495,0.00256683,9.47618e-09,328.597,328.556,0.993564,0.00256027,4.74934e-08,566.058,409.415,0.994385,0.00247554,9.47618e-08,1170.11,464.594,0.99633,0.00208769
566.00,7.17276e-10,302.871,302.871,0.993495,0.00256683,7.17276e-09,328.594,328.556,0.993564,0.00256027,3.59489e-08,559.66,409.432,0.99436,0.00247838,7.17276e-08,1155.51,464.672,0.996321,0.00209943
568.00,5.42389e-10,302.871,302.871,0.993495,0.00256683,5.42389e-09,328.592,328.556,0.993564,0.00256027,2.71838e-08,553.457,409.449,0.994335,0.0024811,5.42389e-08,1141.05,464.749,0.996309,0.00211096
570.00,4.09739e-10,302.871,302.871,0.993495,0.00256683,4.09739e-09,328.589,328.556,0.993564,0.00256027,2.05356e-08,547.447,409.464,0.994312,0.00248371,4.09739e-08,1126.73,464.825,0.996294,0.00212229
572.00,3.09226e-10,302.871,302.871,0.993495,0.00256683,3.09226e-09,328.587,328.556,0.993564,0.00256028,1.5498e-08,541.629,409.48,0.994289,0.00248622,3.09226e-08,1112.56,464.899,0.996276,0.00213341
574.00,2.3314e-10,302.871,302.871,0.993495,0.00256683,2.3314e-09,328.585,328.556,0.993564,0.00256028,1.16847e-08,536,409.494,0.994267,0.00248862,2.3314e-08,1098.54,464.971,0.996255,0.00214432
576.00,1.75602e-10,302.871,302.871,0.993495,0.00256683,1.75602e-09,328.583,328.556,0.993564,0.00256028,8.80093e-09,530.558,409.508,0.994246,0.00249091,1.75602e-08,1084.66,465.041,0.996232,0.00215503
578.00,1.32133e-10,302.871,302.871,0.993495,0.00256683,1.32133e-09,328.581,328.556,0.993564,0.00256028,6.62235e-09,525.3,409.521,0.994225,0.00249311,1.32133e-08,1070.93,465.11,0.996207,0.00216553
580.00,9.93272e-11,302.871,302.871,0.993495,0.00256683,9.93272e-10,328.579,328.556,0.993564,0.00256028,4.97815e-09,520.223,409.534,0.994206,0.00249521,9.93272e-09,1057.35,465.178,0.996179,0.00217583
582.00,7.45927e-11,302.871,302.871,0.993495,0.00256683,7.45927e-10,328.578,328.556,0.993564,0.00256028,3.73849e-09,515.324,409.546,0.994187,0.00249723,7.45927e-09,1043.92,465.244,0.99615,0.00218593
584.00,5.59623e-11,302.871,302.871,0.993495,0.00256683,5.59623e-10,328.576,328.556,0.993564,0.00256028,2.80476e-09,510.601,409.558,0.994169,0.00249915,5.59623e-09,1030.64,465.308,0.996119,0.00219582
586.00,4.19438e-11,302.871,302.871,0.993495,0.00256683,4.19438e-10,328.575,328.556,0.993564,0.00256028,2.10217e-09,506.049,409.569,0.994152,0.00250098,4.19438e-09,1017.51,465.371,0.996087,0.0022055
588.00,3.14059e-11,302.871,302.871,0.993495,0.00256683,3.14059e-10,328.574,328.556,0.993564,0.00256028,1.57402e-09,501.666,409.58,0.994136,0.00250274,3.14059e-09,1004.54,465.433,0.996053,0.00221498
590.00,2.34923e-11,302.871,302.871,0.993495,0.00256683,2.34923e-10,328.572,328.556,0.993564,0.00256028,1.17741e-09,497.448,409.59,0.99412,0.00250441,2.34923e-09,991.729,465.493,0.996018,0.00222426
592.00,1.75555e-11,302.871,302.871,0.993495,0.00256683,1.75555e-10,328.571,328.556,0.993564,0.00256028,8.79859e-10,493.391,409.6,0.994105,0.00250601,1.75555e-09,979.072,465.551,0.995982,0.00223334
594.00,1.31061e-11,302.871,302.871,0.993495,0.00256683,1.31061e-10,328.57,328.556,0.993564,0.00256028,6.56859e-10,489.492,409.609,0.99409,0.00250753,1.31061e-09,966.574,465.609,0.995945,0.00224222
596.00,9.77469e-12,302.871,302.871,0.993495,0.00256683,9.77469e-11,328.569,328.556,0.993564,0.00256028,4.89895e-10,485.747,409.618,0.994076,0.00250899,9.77469e-10,954.236,465.664,0.995907,0.0022509
598.00,7.28292e-12,302.871,302.871,0.993495,0.00256683,7.28292e-11,328.568,328.556,0.993564,0.00256028,3.65011e-10,482.152,409.626,0.994063,0.00251037,7.28292e-10,942.06,465.719,0.995868,0.00225938
600.00,5.42101e-12,302.871,302.871,0.993495,0.00256683,5.42101e-11,328.568,328.556,0.993564,0.00256028,2.71694e-10,478.702,409.634,0.99405,0.00251169,5.42101e-10,930.046,465.772,0.995829,0.00226767
602.00,4.03113e-12,302.871,302.871,0.993495,0.00256683,4.03113e-11,328.567,328.556,0.993564,0.00256028,2.02035e-10,475.395,409.642,0.994038,0.00251295,4.03113e-10,918.196,465.823,0.995789,0.00227576
604.00,2.99464e-12,302.871,302.871,0.993495,0.00256683,2.99464e-11,328.566,328.556,0.993564,0.00256028,1.50088e-10,472.226,409.649,0.994027,0.00251414,2.99464e-10,906.512,465.874,0.995749,0.00228366
606.00,2.22247e-12,302.871,302.871,0.993495,0.00256683,2.22247e-11,328.565,328.556,0.993564,0.00256028,1.11387e-10,469.191,409.656,0.994016,0.00251528,2.22247e-10,894.994,465.923,0.995708,0.00229137
608.00,1.64777e-12,302.871,302.871,0.993495,0.00256683,1.64777e-11,328.565,328.556,0.993564,0.00256028,8.25843e-11,466.286,409.662,0.994005,0.00251637,1.64777e-10,883.645,465.97,0.995668,0.00229889
610.00,1.22048e-12,302.871,302.871,0.993495,0.00256683,1.22048e-11,328.564,328.556,0.993564,0.00256028,6.1169e-11,463.506,409.668,0.993995,0.0025174,1.22048e-10,872.464,466.017,0.995627,0.00230623
612.00,9.03103e-13,302.871,302.871,0.993495,0.00256683,9.03103e-12,328.564,328.556,0.993564,0.00256028,4.52624e-11,460.849,409.674,0.993986,0.00251838,9.03103e-11,861.454,466.062,0.995586,0.00231337
614.00,6.67598e-13,302.871,302.871,0.993495,0.00256683,6.67598e-12,328.563,328.556,0.993564,0.00256028,3.34591e-11,458.309,409.68,0.993977,0.00251931,6.67598e-11,850.615,466.106,0.995545,0.00232034
616.00,4.9302e-13,302.871,302.871,0.993495,0.00256683,4.9302e-12,328.563,328.556,0.993564,0.00256028,2.47095e-11,455.883,409.685,0.993968,0.00252019,4.9302e-11,839.949,466.149,0.995504,0.00232712
618.00,3.63736e-13,302.871,302.871,0.993495,0.00256683,3.63736e-12,328.562,328.556,0.993564,0.00256028,1.823e-11,453.566,409.69,0.99396,0.00252103,3.63736e-11,829.457,466.19,0.995464,0.00233372
620.00,2.68089e-13,302.871,302.871,0.993495,0.00256683,2.68089e-12,328.562,328.556,0.993564,0.00256028,1.34363e-11,451.356,409.695,0.993952,0.00252183,2.68089e-11,819.139,466.23,0.995423,0.00234015
622.00,1.97399e-13,302.871,302.871,0.993495,0.00256683,1.97399e-12,328.561,328.556,0.993564,0.00256028,9.89337e-12,449.247,409.7,0.993945,0.00252259,1.97399e-11,808.998,466.27,0.995383,0.0023464
624.00,1.45205e-13,302.871,302.871,0.993495,0.00256683,1.45205e-12,328.561,328.556,0.993564,0.00256028,7.27748e-12,447.236,409.704,0.993938,0.00252331,1.45205e-11,799.032,466.308,0.995344,0.00235248
626.00,1.06706e-13,302.871,302.871,0.993495,0.00256683,1.06706e-12,328.561,328.556,0.993564,0.00256028,5.34798e-12,445.32,409.708,0.993931,0.00252399,1.06706e-11,789.244,466.345,0.995304,0.00235838
628.00,7.83377e-14,302.871,302.871,0.993495,0.00256683,7.83377e-13,328.56,328.556,0.993564,0.00256028,3.92619e-12,443.495,409.712,0.993925,0.00252464,7.83377e-12,779.635,466.38,0.995265,0.00236412
630.00,5.74544e-14,302.871,302.871,0.993495,0.00256683,5.74544e-13,328.56,328.556,0.993564,0.00256028,2.87954e-12,441.756,409.716,0.993919,0.00252526,5.74544e-12,770.204,466.415,0.995227,0.0023697
632.00,4.20967e-14,302.871,302.871,0.993495,0.00256683,4.20967e-13,328.56,328.556,0.993564,0.00256028,2.10983e-12,440.102,409.719,0.993913,0.00252584,4.20967e-12,760.952,466.449,0.995189,0.00237511
634.00,3.08137e-14,302.871,302.871,0.993495,0.00256683,3.08137e-13,328.56,328.556,0.993564,0.00256028,1.54435e-12,438.527,409.723,0.993908,0.00252639,3.08137e-12,751.881,466.482,0.995152,0.00238036
636.00,2.25327e-14,302.871,302.871,0.993495,0.00256683,2.25327e-13,328.559,328.556,0.993564,0.00256028,1.12931e-12,437.029,409.726,0.993902,0.00252692,2.25327e-12,742.99,466.513,0.995115,0.00238546
638.00,1.64609e-14,302.871,302.871,0.993495,0.00256683,1.64609e-13,328.559,328.556,0.993564,0.00256028,8.24998e-13,435.604,409.729,0.993898,0.00252742,1.64609e-12,734.28,466.544,0.995079,0.0023904
640.00,1.20134e-14,302.871,302.871,0.993495,0.00256683,1.20134e-13,328.559,328.556,0.993564,0.00256028,6.02095e-13,434.25,409.732,0.993893,0.00252789,1.20134e-12,725.75,466.574,0.995044,0.00239518
642.00,8.75888e-15,302.871,302.871,0.993495,0.00256683,8.75888e-14,328.559,328.556,0.993564,0.00256028,4.38984e-13,432.963,409.734,0.993888,0.00252833,8.75888e-13,717.402,466.602,0.995009,0.00239982
644.00,6.37976e-15,302.871,302.871,0.993495,0.00256683,6.37976e-14,328.559,328.556,0.993564,0.00256028,3.19745e-13,431.741,409.737,0.993884,0.00252876,6.37976e-13,709.234,466.63,0.994975,0.00240432
646.00,4.64228e-15,302.871,302.871,0.993495,0.00256683,4.64228e-14,328.558,328.556,0.993564,0.00256028,2.32665e-13,430.58,409.739,0.99388,0.00252916,4.64228e-13,701.248,466.657,0.994942,0.00240867
648.00,3.37467e-15,302.871,302.871,0.993495,0.00256683,3.37467e-14,328.558,328.556,0.993564,0.00256028,1.69134e-13,429.477,409.742,0.993877,0.00252954,3.37467e-13,693.442,466.683,0.994909,0.00241288
650.00,2.45077e-15,302.871,302.871,0.993495,0.00256683,2.45077e-14,328.558,328.556,0.993564,0.00256028,1.22829e-13,428.43,409.744,0.993873,0.0025299,2.45077e-13,685.816,466.708,0.994878,0.00241695
652.00,1.77806e-15,302.871,302.871,0.993495,0.00256683,1.77806e-14,328.558,328.556,0.993564,0.00256028,8.9114e-14,427.437,409.746,0.99387,0.00253024,1.77806e-13,678.37,466.732,0.994847,0.00242089
654.00,1.28873e-15,302.871,302.871,0.993495,0.00256683,1.28873e-14,328.558,328.556,0.993564,0.00256028,6.45893e-14,426.494,409.748,0.993866,0.00253056,1.28873e-13,671.103,466.756,0.994816,0.00242469
656.00,9.33142e-16,302.871,302.871,0.993495,0.00256683,9.33142e-15,328.558,328.556,0.993564,0.00256028,4.67679e-14,425.6,409.75,0.993863,0.00253086,9.33142e-14,664.014,466.778,0.994787,0.00242837
658.00,6.75004e-16,302.871,302.871,0.993495,0.00256683,6.75004e-15,328.558,328.556,0.993564,0.00256028,3.38303e-14,424.753,409.751,0.993861,0.00253115,6.75004e-14,657.104,466.8,0.994758,0.00243192
660.00,4.87795e-16,302.871,302.871,0.993495,0.00256683,4.87795e-15,328.558,328.556,0.993564,0.00256028,2.44477e-14,423.949,409.753,0.993858,0.00253143,4.87795e-14,650.369,466.821,0.99473,0.00243535
662.00,3.5216e-16,302.871,302.871,0.993495,0.00256683,3.5216e-15,328.557,328.556,0.993564,0.00256028,1.76498e-14,423.187,409.755,0.993855,0.00253168,3.5216e-14,643.809,466.842,0.994703,0.00243866
664.00,2.53988e-16,302.871,302.871,0.993495,0.00256683,2.53988e-15,328.557,328.556,0.993564,0.00256028,1.27296e-14,422.464,409.756,0.993853,0.00253193,2.53988e-14,637.424,466.861,0.994676,0.00244185
666.00,1.83004e-16,302.871,302.871,0.993495,0.00256683,1.83004e-15,328.557,328.556,0.993564,0.00256028,9.17192e-15,421.78,409.757,0.993851,0.00253216,1.83004e-14,631.211,466.88,0.994651,0.00244493
668.00,1.31728e-16,302.871,302.871,0.993495,0.00256683,1.31728e-15,328.557,328.556,0.993564,0.00256028,6.60204e-15,421.131,409.759,0.993848,0.00253238,1.31728e-14,625.169,466.898,0.994626,0.00244789
670.00,9.47258e-17,302.871,302.871,0.993495,0.00256683,9.47258e-16,328.557,328.556,0.993564,0.00256028,4.74754e-15,420.517,409.76,0.993846,0.00253259,9.47258e-15,619.297,466.916,0.994601,0.00245075
672.00,6.80503e-17,302.871,302.871,0.993495,0.00256683,6.80503e-16,328.557,328.556,0.993564,0.00256028,3.4106e-15,419.935,409.761,0.993844,0.00253278,6.80503e-15,613.592,466.932,0.994578,0.00245351
674.00,4.88387e-17,302.871,302.871,0.993495,0.00256683,4.88387e-16,328.557,328.556,0.993564,0.00256028,2.44773e-15,419.384,409.762,0.993843,0.00253297,4.88387e-15,608.054,466.949,0.994555,0.00245616
676.00,3.50163e-17,302.871,302.871,0.993495,0.00256683,3.50163e-16,328.557,328.556,0.993564,0.00256028,1.75497e-15,418.862,409.763,0.993841,0.00253314,3.50163e-15,602.679,466.964,0.994533,0.00245871
678.00,2.50811e-17,302.871,302.871,0.993495,0.00256683,2.50811e-16,328.557,328.556,0.993564,0.00256028,1.25703e-15,418.368,409.764,0.993839,0.00253331,2.50811e-15,597.465,466.979,0.994512,0.00246116
680.00,1.79472e-17,302.871,302.871,0.993495,0.00256683,1.79472e-16,328.557,328.556,0.993564,0.00256028,8.9949e-16,417.901,409.765,0.993838,0.00253346,1.79472e-15,592.411,466.994,0.994491,0.00246352
682.00,1.28297e-17,302.871,302.871,0.993495,0.00256683,1.28297e-16,328.557,328.556,0.993564,0.00256028,6.4301e-16,417.458,409.766,0.993836,0.00253361,1.28297e-15,587.514,467.008,0.994472,0.00246579
684.00,9.16243e-18,302.871,302.871,0.993495,0.00256683,9.16243e-17,328.557,328.556,0.993564,0.00256028,4.59209e-16,417.039,409.767,0.993835,0.00253375,9.16243e-16,582.772,467.021,0.994452,0.00246798
686.00,6.53696e-18,302.871,302.871,0.993495,0.00256683,6.53696e-17,328.557,328.556,0.993564,0.00256028,3.27624e-16,416.642,409.768,0.993833,0.00253389,6.53696e-16,578.182,467.034,0.994434,0.00247007
688.00,4.65921e-18,302.871,302.871,0.993495,0.00256683,4.65921e-17,328.557,328.556,0.993564,0.00256028,2.33514e-16,416.267,409.769,0.993832,0.00253401,4.65921e-16,573.741,467.046,0.994416,0.00247209
690.00,3.31758e-18,302.871,302.871,0.993495,0.00256683,3.31758e-17,328.557,328.556,0.993564,0.00256028,1.66273e-16,415.912,409.769,0.993831,0.00253413,3.31758e-16,569.447,467.058,0.994399,0.00247402
692.00,2.35994e-18,302.871,302.871,0.993495,0.00256683,2.35994e-17,328.557,328.556,0.993564,0.00256028,1.18277e-16,415.577,409.77,0.99383,0.00253424,2.35994e-16,565.297,467.069,0.994382,0.00247588
694.00,1.67708e-18,302.871,302.871,0.993495,0.00256683,1.67708e-17,328.557,328.556,0.993564,0.00256028,8.40532e-17,415.259,409.771,0.993829,0.00253435,1.67708e-16,561.287,467.08,0.994366,0.00247766
696.00,1.19063e-18,302.871,302.871,0.993495,0.00256683,1.19063e-17,328.557,328.556,0.993564,0.00256028,5.96731e-17,414.959,409.771,0.993828,0.00253445,1.19063e-16,557.416,467.09,0.994351,0.00247937
698.00,8.44451e-19,302.871,302.871,0.993495,0.00256683,8.44451e-18,328.557,328.556,0.993564,0.00256028,4.23228e-17,414.675,409.772,0.993827,0.00253454,8.44451e-17,553.68,467.1,0.994336,0.002481
700.00,5.98333e-19,302.871,302.871,0.993495,0.00256683,5.98333e-18,328.557,328.556,0.993564,0.00256028,2.99877e-17,414.406,409.772,0.993826,0.00253463,5.98333e-17,550.076,467.11,0.994322,0.00248257
702.00,4.23528e-19,302.871,302.871,0.993495,0.00256683,4.23528e-18,328.557,328.556,0.993564,0.00256028,2.12267e-17,414.152,409.773,0.993825,0.00253471,4.23528e-17,546.601,467.119,0.994308,0.00248408
704.00,2.99498e-19,302.871,302.871,0.993495,0.00256683,2.99498e-18,328.557,328.556,0.993564,0.00256028,1.50105e-17,413.912,409.773,0.993824,0.00253479,2.99498e-17,543.252,467.128,0.994295,0.00248552
706.00,2.11582e-19,302.871,302.871,0.993495,0.00256683,2.11582e-18,328.557,328.556,0.993564,0.00256028,1.06042e-17,413.684,409.774,0.993824,0.00253487,2.11582e-17,540.026,467.136,0.994283,0.0024869
708.00,1.49325e-19,302.871,302.871,0.993495,0.00256683,1.49325e-18,328.556,328.556,0.993564,0.00256028,7.48399e-18,413.47,409.774,0.993823,0.00253494,1.49325e-17,536.919,467.144,0.99427,0.00248823
710.00,1.05284e-19,302.871,302.871,0.993495,0.00256683,1.05284e-18,328.556,328.556,0.993564,0.00256028,5.27668e-18,413.266,409.775,0.993822,0.00253501,1.05284e-17,533.929,467.152,0.994259,0.00248949
712.00,7.41583e-20,302.871,302.871,0.993495,0.00256683,7.41583e-19,328.556,328.556,0.993564,0.00256028,3.71672e-18,413.074,409.775,0.993822,0.00253507,7.41583e-18,531.052,467.159,0.994248,0.00249071
714.00,5.21832e-20,302.871,302.871,0.993495,0.00256683,5.21832e-19,328.556,328.556,0.993564,0.00256028,2.61536e-18,412.893,409.775,0.993821,0.00253513,5.21832e-18,528.286,467.166,0.994237,0.00249187
716.00,3.66838e-20,302.871,302.871,0.993495,0.00256683,3.66838e-19,328.556,328.556,0.993564,0.00256028,1.83854e-18,412.721,409.776,0.99382,0.00253519,3.66838e-18,525.626,467.173,0.994227,0.00249298
718.00,2.57626e-20,302.871,302.871,0.993495,0.00256683,2.57626e-19,328.556,328.556,0.993564,0.00256028,1.29119e-18,412.559,409.776,0.99382,0.00253524,2.57626e-18,523.071,467.179,0.994217,0.00249404
720.00,1.80749e-20,302.871,302.871,0.993495,0.00256683,1.80749e-19,328.556,328.556,0.993564,0.00256028,9.0589e-19,412.406,409.776,0.993819,0.00253529,1.80749e-18,520.616,467.186,0.994207,0.00249505
722.00,1.26688e-20,302.871,302.871,0.993495,0.00256683,1.26688e-19,328.556,328.556,0.993564,0.00256028,6.34942e-19,412.261,409.777,0.993819,0.00253534,1.26688e-18,518.258,467.191,0.994198,0.00249602
724.00,8.87084e-21,302.871,302.871,0.993495,0.00256683,8.87084e-20,328.556,328.556,0.993564,0.00256028,4.44595e-19,412.124,409.777,0.993818,0.00253539,8.87084e-19,515.996,467.197,0.99419,0.00249695
726.00,6.20536e-21,302.871,302.871,0.993495,0.00256683,6.20536e-20,328.556,328.556,0.993564,0.00256028,3.11005e-19,411.995,409.777,0.993818,0.00253543,6.20536e-19,513.825,467.202,0.994182,0.00249784
728.00,4.33652e-21,302.871,302.871,0.993495,0.00256683,4.33652e-20,328.556,328.556,0.993564,0.00256028,2.17341e-19,411.873,409.777,0.993818,0.00253547,4.33652e-19,511.742,467.208,0.994174,0.00249869
730.00,3.02752e-21,302.871,302.871,0.993495,0.00256683,3.02752e-20,328.556,328.556,0.993564,0.00256028,1.51735e-19,411.757,409.778,0.993817,0.00253551,3.02752e-19,509.745,467.212,0.994166,0.00249949
732.00,2.11157e-21,302.871,302.871,0.993495,0.00256683,2.11157e-20,328.556,328.556,0.993564,0.00256028,1.05829e-19,411.648,409.778,0.993817,0.00253554,2.11157e-19,507.831,467.217,0.994159,0.00250027
734.00,1.47128e-21,302.871,302.871,0.993495,0.00256683,1.47128e-20,328.556,328.556,0.993564,0.00256028,7.37386e-20,411.545,409.778,0.993816,0.00253558,1.47128e-19,505.996,467.222,0.994152,0.00250101
736.00,1.02413e-21,302.871,302.871,0.993495,0.00256683,1.02413e-20,328.556,328.556,0.993564,0.00256028,5.13283e-20,411.447,409.778,0.993816,0.00253561,1.02413e-19,504.239,467.226,0.994145,0.00250171
738.00,7.1218e-22,302.871,302.871,0.993495,0.00256683,7.1218e-21,328.556,328.556,0.993564,0.00256028,3.56936e-20,411.355,409.778,0.993816,0.00253564,7.1218e-20,502.556,467.23,0.994139,0.00250238
740.00,4.94761e-22,302.871,302.871,0.993495,0.00256683,4.94761e-21,328.556,328.556,0.993564,0.00256028,2.47968e-20,411.268,409.779,0.993816,0.00253567,4.94761e-20,500.945,467.234,0.994133,0.00250303
742.00,3.43378e-22,302.871,302.871,0.993495,0.00256683,3.43378e-21,328.556,328.556,0.993564,0.00256028,1.72097e-20,411.186,409.779,0.993815,0.0025357,3.43378e-20,499.402,467.238,0.994127,0.00250364
744.00,2.38079e-22,302.871,302.871,0.993495,0.00256683,2.38079e-21,328.556,328.556,0.993564,0.00256028,1.19322e-20,411.108,409.779,0.993815,0.00253572,2.38079e-20,497.927,467.241,0.994122,0.00250422
746.00,1.64908e-22,302.871,302.871,0.993495,0.00256683,1.64908e-21,328.556,328.556,0.993564,0.00256028,8.265e-21,411.035,409.779,0.993815,0.00253575,1.64908e-20,496.515,467.244,0.994116,0.00250478
748.00,1.14113e-22,302.871,302.871,0.993495,0.00256683,1.14113e-21,328.556,328.556,0.993564,0.00256028,5.71921e-21,410.965,409.779,0.993815,0.00253577,1.14113e-20,495.164,467.248,0.994111,0.00250531
750.00,7.88861e-23,302.871,302.871,0.993495,0.00256683,7.88861e-22,328.556,328.556,0.993564,0.00256028,3.95367e-21,410.9,409.779,0.993814,0.00253579,7.88861e-21,493.873,467.251,0.994106,0.00250582
752.00,5.448e-23,302.871,302.871,0.993495,0.00256683,5.448e-22,328.556,328.556,0.993564,0.00256028,2.73047e-21,410.838,409.779,0.993814,0.00253581,5.448e-21,492.639,467.254,0.994102,0.00250631
754.00,3.75877e-23,302.871,302.871,0.993495,0.00256683,3.75877e-22,328.556,328.556,0.993564,0.00256028,1.88385e-21,410.779,409.78,0.993814,0.00253583,3.75877e-21,491.459,467.256,0.994097,0.00250677
756.00,2.59075e-23,302.871,302.871,0.993495,0.00256683,2.59075e-22,328.556,328.556,0.993564,0.00256028,1.29845e-21,410.724,409.78,0.993814,0.00253585,2.59075e-21,490.331,467.259,0.994093,0.00250721
758.00,1.78393e-23,302.871,302.871,0.993495,0.00256683,1.78393e-22,328.556,328.556,0.993564,0.00256028,8.94083e-22,410.672,409.78,0.993814,0.00253587,1.78393e-21,489.254,467.262,0.994089,0.00250763
760.00,1.22716e-23,302.871,302.871,0.993495,0.00256683,1.22716e-22,328.556,328.556,0.993564,0.00256028,6.15038e-22,410.622,409.78,0.993813,0.00253588,1.22716e-21,488.226,467.264,0.994085,0.00250803
762.00,8.43331e-24,302.871,302.871,0.993495,0.00256683,8.43331e-23,328.556,328.556,0.993564,0.00256028,4.22667e-22,410.576,409.78,0.993813,0.0025359,8.43331e-22,487.243,467.266,0.994082,0.00250841
764.00,5.78983e-24,302.871,302.871,0.993495,0.00256683,5.78983e-23,328.556,328.556,0.993564,0.00256028,2.90179e-22,410.532,409.78,0.993813,0.00253591,5.78983e-22,486.305,467.269,0.994078,0.00250877
766.00,3.97105e-24,302.871,302.871,0.993495,0.00256683,3.97105e-23,328.556,328.556,0.993564,0.00256028,1.99024e-22,410.49,409.78,0.993813,0.00253593,3.97105e-22,485.409,467.271,0.994075,0.00250912
768.00,2.72093e-24,302.871,302.871,0.993495,0.00256683,2.72093e-23,328.556,328.556,0.993564,0.00256028,1.36369e-22,410.451,409.78,0.993813,0.00253594,2.72093e-22,484.555,467.273,0.994072,0.00250945
770.00,1.86252e-24,302.871,302.871,0.993495,0.00256683,1.86252e-23,328.556,328.556,0.993564,0.00256028,9.3347e-23,410.414,409.78,0.993813,0.00253595,1.86252e-22,483.739,467.275,0.994069,0.00250976
772.00,1.27367e-24,302.871,302.871,0.993495,0.00256683,1.27367e-23,328.556,328.556,0.993564,0.00256028,6.38346e-23,410.379,409.78,0.993813,0.00253596,1.27367e-22,482.96,467.276,0.994066,0.00251006
774.00,8.70128e-25,302.871,302.871,0.993495,0.00256683,8.70128e-24,328.556,328.556,0.993564,0.00256028,4.36097e-23,410.346,409.78,0.993813,0.00253597,8.70128e-23,482.218,467.278,0.994063,0.00251035
776.00,5.93857e-25,302.871,302.871,0.993495,0.00256683,5.93857e-24,328.556,328.556,0.993564,0.00256028,2.97634e-23,410.314,409.78,0.993812,0.00253598,5.93857e-23,481.509,467.28,0.994061,0.00251062
778.00,4.04905e-25,302.871,302.871,0.993495,0.00256683,4.04905e-24,328.556,328.556,0.993564,0.00256028,2.02933e-23,410.285,409.78,0.993812,0.00253599,4.04905e-23,480.833,467.281,0.994058,0.00251088
780.00,2.75801e-25,302.871,302.871,0.993495,0.00256683,2.75801e-24,328.556,328.556,0.993564,0.00256028,1.38228e-23,410.257,409.781,0.993812,0.002536,2.75801e-23,480.189,467.283,0.994056,0.00251112
782.00,1.87677e-25,302.871,302.871,0.993495,0.00256683,1.87677e-24,328.556,328.556,0.993564,0.00256028,9.40612e-24,410.23,409.781,0.993812,0.00253601,1.87677e-23,479.574,467.284,0.994054,0.00251136
784.00,1.27584e-25,302.871,302.871,0.993495,0.00256683,1.27584e-24,328.556,328.556,0.993564,0.00256028,6.39436e-24,410.206,409.781,0.993812,0.00253602,1.27584e-23,478.989,467.286,0.994051,0.00251158
786.00,8.66473e-26,302.871,302.871,0.993495,0.00256683,8.66473e-25,328.556,328.556,0.993564,0.00256028,4.34265e-24,410.182,409.781,0.993812,0.00253603,8.66473e-24,478.43,467.287,0.994049,0.00251179
788.00,5.87876e-26,302.871,302.871,0.993495,0.00256683,5.87876e-25,328.556,328.556,0.993564,0.00256028,2.94636e-24,410.16,409.781,0.993812,0.00253603,5.87876e-24,477.898,467.288,0.994048,0.002512
790.00,3.98463e-26,302.871,302.871,0.993495,0.00256683,3.98463e-25,328.556,328.556,0.993564,0.00256028,1.99704e-24,410.139,409.781,0.993812,0.00253604,3.98463e-24,477.39,467.289,0.994046,0.00251219
792.00,2.69812e-26,302.871,302.871,0.993495,0.00256683,2.69812e-25,328.556,328.556,0.993564,0.00256028,1.35226e-24,410.119,409.781,0.993812,0.00253605,2.69812e-24,476.907,467.29,0.994044,0.00251237
794.00,1.82519e-26,302.871,302.871,0.993495,0.00256683,1.82519e-25,328.556,328.556,0.993564,0.00256028,9.1476e-25,410.1,409.781,0.993812,0.00253605,1.82519e-24,476.446,467.291,0.994042,0.00251255
796.00,1.23346e-26,302.871,302.871,0.993495,0.00256683,1.23346e-25,328.556,328.556,0.993564,0.00256028,6.18194e-25,410.083,409.781,0.993812,0.00253606,1.23346e-24,476.007,467.292,0.994041,0.00251272
798.00,8.3275e-27,302.871,302.871,0.993495,0.00256683,8.3275e-26,328.556,328.556,0.993564,0.00256028,4.17364e-25,410.066,409.781,0.993812,0.00253606,8.3275e-25,475.589,467.293,0.994039,0.00251287
800.00,5.61663e-27,302.871,302.871,0.993495,0.00256683,5.61663e-26,328.556,328.556,0.993564,0.00256028,2.81498e-25,410.05,409.781,0.993812,0.00253607,5.61663e-25,475.19,467.294,0.994038,0.00251303
802.00,3.78451e-27,302.871,302.871,0.993495,0.00256683,3.78451e-26,328.556,328.556,0.993564,0.00256028,1.89675e-25,410.035,409.781,0.993811,0.00253607,3.78451e-25,474.81,467.295,0.994036,0.00251317
804.00,2.5475e-27,302.871,302.871,0.993495,0.00256683,2.5475e-26,328.556,328.556,0.993564,0.00256028,1.27678e-25,410.021,409.781,0.993811,0.00253608,2.5475e-25,474.449,467.296,0.994035,0.00251331
806.00,1.71314e-27,302.871,302.871,0.993495,0.00256683,1.71314e-26,328.556,328.556,0.993564,0.00256028,8.58601e-26,410.008,409.781,0.993811,0.00253608,1.71314e-25,474.104,467.297,0.994034,0.00251344
808.00,1.15091e-27,302.871,302.871,0.993495,0.00256683,1.15091e-26,328.556,328.556,0.993564,0.00256028,5.7682e-26,409.995,409.781,0.993811,0.00253609,1.15091e-25,473.776,467.298,0.994033,0.00251356
810.00,7.72434e-28,302.871,302.871,0.993495,0.00256683,7.72434e-27,328.556,328.556,0.993564,0.00256028,3.87134e-26,409.983,409.781,0.993811,0.00253609,7.72434e-26,473.464,467.298,0.994031,0.00251368
812.00,5.1791e-28,302.871,302.871,0.993495,0.00256683,5.1791e-27,328.556,328.556,0.993564,0.00256028,2.5957e-26,409.972,409.781,0.993811,0.0025361,5.1791e-26,473.167,467.299,0.99403,0.00251379
814.00,3.46911e-28,302.871,302.871,0.993495,0.00256683,3.46911e-27,328.556,328.556,0.993564,0.00256028,1.73868e-26,409.962,409.781,0.993811,0.0025361,3.46911e-26,472.883,467.3,0.994029,0.0025139
816.00,2.32143e-28,302.871,302.871,0.993495,0.00256683,2.32143e-27,328.556,328.556,0.993564,0.00256028,1.16347e-26,409.952,409.781,0.993811,0.0025361,2.32143e-26,472.614,467.3,0.994028,0.002514
818.00,1.5519e-28,302.871,302.871,0.993495,0.00256683,1.5519e-27,328.556,328.556,0.993564,0.00256028,7.77791e-27,409.942,409.781,0.993811,0.00253611,1.5519e-26,472.357,467.301,0.994027,0.00251409
820.00,1.03644e-28,302.871,302.871,0.993495,0.00256683,1.03644e-27,328.556,328.556,0.993564,0.00256028,5.19449e-27,409.933,409.781,0.993811,0.00253611,1.03644e-26,472.112,467.301,0.994026,0.00251419
822.00,6.91505e-29,302.871,302.871,0.993495,0.00256683,6.91505e-28,328.556,328.556,0.993564,0.00256028,3.46573e-27,409.925,409.781,0.993811,0.00253611,6.91505e-27,471.88,467.302,0.994026,0.00251427
824.00,4.60913e-29,302.871,302.871,0.993495,0.00256683,4.60913e-28,328.556,328.556,0.993564,0.00256028,2.31004e-27,409.917,409.781,0.993811,0.00253611,4.60913e-27,471.658,467.302,0.994025,0.00251436
826.00,3.06913e-29,302.871,302.871,0.993495,0.00256683,3.06913e-28,328.556,328.556,0.993564,0.00256028,1.53821e-27,409.909,409.781,0.993811,0.00253612,3.06913e-27,471.447,467.303,0.994024,0.00251444
828.00,2.04166e-29,302.871,302.871,0.993495,0.00256683,2.04166e-28,328.556,328.556,0.993564,0.00256028,1.02325e-27,409.902,409.781,0.993811,0.00253612,2.04166e-27,471.246,467.303,0.994023,0.00251451
830.00,1.35682e-29,302.871,302.871,0.993495,0.00256683,1.35682e-28,328.556,328.556,0.993564,0.00256028,6.8002e-28,409.896,409.781,0.993811,0.00253612,1.35682e-27,471.055,467.304,0.994023,0.00251458
832.00,9.0081e-30,302.871,302.871,0.993495,0.00256683,9.0081e-29,328.556,328.556,0.993564,0.00256028,4.51475e-28,409.889,409.781,0.993811,0.00253612,9.0081e-28,470.874,467.304,0.994022,0.00251465
834.00,5.97471e-30,302.871,302.871,0.993495,0.00256683,5.97471e-29,328.556,328.556,0.993564,0.00256028,2.99445e-28,409.883,409.781,0.993811,0.00253612,5.97471e-28,470.7,467.305,0.994021,0.00251472
836.00,3.95887e-30,302.871,302.871,0.993495,0.00256683,3.95887e-29,328.556,328.556,0.993564,0.00256028,1.98414e-28,409.878,409.781,0.993811,0.00253613,3.95887e-28,470.536,467.305,0.994021,0.00251478
838.00,2.62059e-30,302.871,302.871,0.993495,0.00256683,2.62059e-29,328.556,328.556,0.993564,0.00256028,1.3134e-28,409.872,409.781,0.993811,0.00253613,2.62059e-28,470.379,467.305,0.99402,0.00251484
840.00,1.733e-30,302.871,302.871,0.993495,0.00256683,1.733e-29,328.556,328.556,0.993564,0.00256028,8.68555e-29,409.867,409.781,0.993811,0.00253613,1.733e-28,470.23,467.306,0.99402,0.00251489
842.00,1.1449e-30,302.871,302.871,0.993495,0.00256683,1.1449e-29,328.556,328.556,0.993564,0.00256028,5.7381e-29,409.862,409.781,0.993811,0.00253613,1.1449e-28,470.088,467.306,0.994019,0.00251495
844.00,7.55632e-31,302.871,302.871,0.993495,0.00256683,7.55632e-30,328.556,328.556,0.993564,0.00256028,3.78713e-29,409.858,409.781,0.993811,0.00253613,7.55632e-29,469.953,467.306,0.994019,0.002515
846.00,4.98224e-31,302.871,302.871,0.993495,0.00256683,4.98224e-30,328.556,328.556,0.993564,0.00256028,2.49704e-29,409.854,409.781,0.993811,0.00253613,4.98224e-29,469.824,467.307,0.994018,0.00251505
848.00,3.28179e-31,302.871,302.871,0.993495,0.00256683,3.28179e-30,328.556,328.556,0.993564,0.00256028,1.64479e-29,409.85,409.781,0.993811,0.00253614,3.28179e-29,469.702,467.307,0.994018,0.00251509
850.00,2.15958e-31,302.871,302.871,0.993495,0.00256683,2.15958e-30,328.556,328.556,0.993564,0.00256028,1.08235e-29,409.846,409.781,0.993811,0.00253614,2.15958e-29,469.585,467.307,0.994017,0.00251514
852.00,1.41971e-31,302.871,302.871,0.993495,0.00256683,1.41971e-30,328.556,328.556,0.993564,0.00256028,7.1154e-30,409.842,409.781,0.993811,0.00253614,1.41971e-29,469.475,467.307,0.994017,0.00251518
854.00,9.32398e-32,302.871,302.871,0.993495,0.00256683,9.32398e-31,328.556,328.556,0.993564,0.00256028,4.67306e-30,409.839,409.781,0.993811,0.00253614,9.32398e-30,469.369,467.308,0.994017,0.00251522
856.00,6.11752e-32,302.871,302.871,0.993495,0.00256683,6.11752e-31,328.556,328.556,0.993564,0.00256028,3.06602e-30,409.836,409.781,0.993811,0.00253614,6.11752e-30,469.269,467.308,0.994016,0.00251525
858.00,4.00978e-32,302.871,302.871,0.993495,0.00256683,4.00978e-31,328.556,328.556,0.993564,0.00256028,2.00965e-30,409.833,409.781,0.993811,0.00253614,4.00978e-30,469.174,467.308,0.994016,0.00251529
860.00,2.62566e-32,302.871,302.871,0.993495,0.00256683,2.62566e-31,328.556,328.556,0.993564,0.00256028,1.31595e-30,409.83,409.781,0.993811,0.00253614,2.62566e-30,469.083,467.308,0.994016,0.00251532
862.00,1.71762e-32,302.871,302.871,0.993495,0.00256683,1.71762e-31,328.556,328.556,0.993564,0.00256028,8.6085e-31,409.827,409.781,0.993811,0.00253614,1.71762e-30,468.996,467.308,0.994015,0.00251536
864.00,1.12251e-32,302.871,302.871,0.993495,0.00256683,1.12251e-31,328.556,328.556,0.993564,0.00256028,5.62586e-31,409.825,409.781,0.993811,0.00253614,1.12251e-30,468.914,467.309,0.994015,0.00251539
866.00,7.32862e-33,302.871,302.871,0.993495,0.00256683,7.32862e-32,328.556,328.556,0.993564,0.00256028,3.67301e-31,409.822,409.781,0.993811,0.00253614,7.32862e-31,468.836,467.309,0.994015,0.00251542
868.00,4.77999e-33,302.871,302.871,0.993495,0.00256683,4.77999e-32,328.556,328.556,0.993564,0.00256028,2.39567e-31,409.82,409.781,0.993811,0.00253615,4.77999e-31,468.762,467.309,0.994014,0.00251544
870.00,3.11461e-33,302.871,302.871,0.993495,0.00256683,3.11461e-32,328.556,328.556,0.993564,0.00256028,1.561e-31,409.818,409.781,0.993811,0.00253615,3.11461e-31,468.691,467.309,0.994014,0.00251547
872.00,2.02746e-33,302.871,302.871,0.993495,0.00256683,2.02746e-32,328.556,328.556,0.993564,0.00256028,1.01614e-31,409.816,409.781,0.993811,0.00253615,2.02746e-31,468.624,467.309,0.994014,0.00251549
874.00,1.31848e-33,302.871,302.871,0.993495,0.00256683,1.31848e-32,328.556,328.556,0.993564,0.00256028,6.60805e-32,409.814,409.781,0.993811,0.00253615,1.31848e-31,468.56,467.309,0.994014,0.00251552
876.00,8.56575e-34,302.871,302.871,0.993495,0.00256683,8.56575e-33,328.556,328.556,0.993564,0.00256028,4.29305e-32,409.812,409.781,0.993811,0.00253615,8.56575e-32,468.499,467.31,0.994013,0.00251554
878.00,5.55942e-34,302.871,302.871,0.993495,0.00256683,5.55942e-33,328.556,328.556,0.993564,0.00256028,2.78631e-32,409.81,409.781,0.993811,0.00253615,5.55942e-32,468.441,467.31,0.994013,0.00251556
880.00,3.60467e-34,302.871,302.871,0.993495,0.00256683,3.60467e-33,328.556,328.556,0.993564,0.00256028,1.80662e-32,409.809,409.781,0.993811,0.00253615,3.60467e-32,468.386,467.31,0.994013,0.00251558
882.00,2.33493e-34,302.871,302.871,0.993495,0.00256683,2.33493e-33,328.556,328.556,0.993564,0.00256028,1.17024e-32,409.807,409.781,0.993811,0.00253615,2.33493e-32,468.333,467.31,0.994013,0.0025156
884.00,1.51096e-34,302.871,302.871,0.993495,0.00256683,1.51096e-33,328.556,328.556,0.993564,0.00256028,7.57276e-33,409.806,409.781,0.993811,0.00253615,1.51096e-32,468.283,467.31,0.994013,0.00251562
886.00,9.768e-35,302.871,302.871,0.993495,0.00256683,9.768e-34,328.556,328.556,0.993564,0.00256028,4.8956e-33,409.805,409.781,0.993811,0.00253615,9.768e-33,468.236,467.31,0.994012,0.00251564
888.00,6.30855e-35,302.871,302.871,0.993495,0.00256683,6.30855e-34,328.556,328.556,0.993564,0.00256028,3.16176e-33,409.803,409.781,0.993811,0.00253615,6.30855e-33,468.191,467.31,0.994012,0.00251566
890.00,4.07029e-35,302.871,302.871,0.993495,0.00256683,4.07029e-34,328.556,328.556,0.993564,0.00256028,2.03998e-33,409.802,409.781,0.993811,0.00253615,4.07029e-33,468.148,467.31,0.994012,0.00251567
892.00,2.62357e-35,302.871,302.871,0.993495,0.00256683,2.62357e-34,328.556,328.556,0.993564,0.00256028,1.3149e-33,409.801,409.781,0.993811,0.00253615,2.62357e-33,468.107,467.31,0.994012,0.00251569
894.00,1.6894e-35,302.871,302.871,0.993495,0.00256683,1.6894e-34,328.556,328.556,0.993564,0.00256028,8.46704e-34,409.8,409.781,0.993811,0.00253615,1.6894e-33,468.068,467.31,0.994012,0.0025157
896.00,1.08678e-35,302.871,302.871,0.993495,0.00256683,1.08678e-34,328.556,328.556,0.993564,0.00256028,5.44682e-34,409.799,409.781,0.993811,0.00253615,1.08678e-33,468.031,467.311,0.994012,0.00251572
898.00,6.98435e-36,302.871,302.871,0.993495,0.00256683,6.98435e-35,328.556,328.556,0.993564,0.00256028,3.50047e-34,409.798,409.781,0.993811,0.00253615,6.98435e-34,467.996,467.311,0.994012,0.00251573
900.00,4.48416e-36,302.871,302.871,0.993495,0.00256683,4.48416e-35,328.556,328.556,0.993564,0.00256028,2.2474e-34,409.797,409.781,0.993811,0.00253615,4.48416e-34,467.963,467.311,0.994011,0.00251574
902.00,2.87612e-36,302.871,302.871,0.993495,0.00256683,2.87612e-35,328.556,328.556,0.993564,0.00256028,1.44148e-34,409.796,409.781,0.993811,0.00253615,2.87612e-34,467.931,467.311,0.994011,0.00251575
904.00,1.84292e-36,302.871,302.871,0.993495,0.00256683,1.84292e-35,328.556,328.556,0.993564,0.00256028,9.23647e-35,409.795,409.781,0.993811,0.00253615,1.84292e-34,467.901,467.311,0.994011,0.00251576
906.00,1.17971e-36,302.871,302.871,0.993495,0.00256683,1.17971e-35,328.556,328.556,0.993564,0.00256028,5.91257e-35,409.794,409.781,0.993811,0.00253615,1.17971e-34,467.872,467.311,0.994011,0.00251578
908.00,7.5443e-37,302.871,302.871,0.993495,0.00256683,7.5443e-36,328.556,328.556,0.993564,0.00256028,3.78111e-35,409.794,409.781,0.993811,0.00253615,7.5443e-35,467.844,467.311,0.994011,0.00251579
910.00,4.81984e-37,302.871,302.871,0.993495,0.00256683,4.81984e-36,328.556,328.556,0.993564,0.00256028,2.41564e-35,409.793,409.781,0.993811,0.00253615,4.81984e-35,467.818,467.311,0.994011,0.0025158
912.00,3.07623e-37,302.871,302.871,0.993495,0.00256683,3.07623e-36,328.556,328.556,0.993564,0.00256028,1.54177e-35,409.792,409.781,0.993811,0.00253615,3.07623e-35,467.794,467.311,0.994011,0.0025158
914.00,1.96145e-37,302.871,302.871,0.993495,0.00256683,1.96145e-36,328.556,328.556,0.993564,0.00256028,9.83053e-36,409.792,409.781,0.993811,0.00253615,1.96145e-35,467.77,467.311,0.994011,0.00251581
916.00,1.24942e-37,302.871,302.871,0.993495,0.00256683,1.24942e-36,328.556,328.556,0.993564,0.00256028,6.26191e-36,409.791,409.781,0.993811,0.00253616,1.24942e-35,467.748,467.311,0.994011,0.00251582
918.00,7.95076e-38,302.871,302.871,0.993495,0.00256683,7.95076e-37,328.556,328.556,0.993564,0.00256028,3.98482e-36,409.791,409.781,0.993811,0.00253616,7.95076e-36,467.726,467.311,0.994011,0.00251583
920.00,5.05455e-38,302.871,302.871,0.993495,0.00256683,5.05455e-37,328.556,328.556,0.993564,0.00256028,2.53327e-36,409.79,409.781,0.993811,0.00253616,5.05455e-36,467.706,467.311,0.994011,0.00251584
922.00,3.21017e-38,302.871,302.871,0.993495,0.00256683,3.21017e-37,328.556,328.556,0.993564,0.00256028,1.60889e-36,409.79,409.781,0.993811,0.00253616,3.21017e-36,467.687,467.311,0.99401,0.00251584
924.00,2.03678e-38,302.871,302.871,0.993495,0.00256683,2.03678e-37,328.556,328.556,0.993564,0.00256028,1.02081e-36,409.789,409.781,0.993811,0.00253616,2.03678e-36,467.669,467.311,0.99401,0.00251585
926.00,1.29102e-38,302.871,302.871,0.993495,0.00256683,1.29102e-37,328.556,328.556,0.993564,0.00256028,6.47044e-37,409.789,409.781,0.993811,0.00253616,1.29102e-36,467.651,467.311,0.99401,0.00251586
928.00,8.17514e-39,302.871,302.871,0.993495,0.00256683,8.17514e-38,328.556,328.556,0.993564,0.00256028,4.09727e-37,409.788,409.781,0.993811,0.00253616,8.17514e-37,467.635,467.311,0.99401,0.00251586
930.00,5.17164e-39,302.871,302.871,0.993495,0.00256683,5.17164e-38,328.556,328.556,0.993564,0.00256028,2.59196e-37,409.788,409.781,0.993811,0.00253616,5.17164e-37,467.619,467.311,0.99401,0.00251587
932.00,3.26838e-39,302.871,302.871,0.993495,0.00256683,3.26838e-38,328.556,328.556,0.993564,0.00256028,1.63807e-37,409.788,409.781,0.993811,0.00253616,3.26838e-37,467.604,467.312,0.99401,0.00251588
934.00,2.06352e-39,302.871,302.871,0.993495,0.00256683,2.06352e-38,328.556,328.556,0.993564,0.00256028,1.03421e-37,409.787,409.781,0.993811,0.00253616,2.06352e-37,467.59,467.312,0.99401,0.00251588
936.00,1.30154e-39,302.871,302.871,0.993495,0.00256683,1.30154e-38,328.556,328.556,0.993564,0.00256028,6.52316e-38,409.787,409.781,0.993811,0.00253616,1.30154e-37,467.576,467.312,0.99401,0.00251589
938.00,8.20121e-40,302.871,302.871,0.993495,0.00256683,8.20121e-39,328.556,328.556,0.993564,0.00256028,4.11034e-38,409.787,409.781,0.993811,0.00253616,8.20121e-38,467.563,467.312,0.99401,0.00251589
940.00,5.16262e-40,302.871,302.871,0.993495,0.00256683,5.16262e-39,328.556,328.556,0.993564,0.00256028,2.58744e-38,409.786,409.781,0.993811,0.00253616,5.16262e-38,467.551,467.312,0.99401,0.0025159
942.00,3.24664e-40,302.871,302.871,0.993495,0.00256683,3.24664e-39,328.556,328.556,0.993564,0.00256028,1.62718e-38,409.786,409.781,0.993811,0.00253616,3.24664e-38,467.539,467.312,0.99401,0.0025159
944.00,2.03972e-40,302.871,302.871,0.993495,0.00256683,2.03972e-39,328.556,328.556,0.993564,0.00256028,1.02228e-38,409.786,409.781,0.993811,0.00253616,2.03972e-38,467.528,467.312,0.99401,0.0025159
946.00,1.2802e-40,302.871,302.871,0.993495,0.00256683,1.2802e-39,328.556,328.556,0.993564,0.00256028,6.41621e-39,409.786,409.781,0.993811,0.00253616,1.2802e-38,467.517,467.312,0.99401,0.00251591
948.00,8.02709e-41,302.871,302.871,0.993495,0.00256683,8.02709e-40,328.556,328.556,0.993564,0.00256028,4.02307e-39,409.785,409.781,0.993811,0.00253616,8.02709e-39,467.507,467.312,0.99401,0.00251591
950.00,5.02817e-41,302.871,302.871,0.993495,0.00256683,5.02817e-40,328.556,328.556,0.993564,0.00256028,2.52005e-39,409.785,409.781,0.993811,0.00253616,5.02817e-39,467.498,467.312,0.99401,0.00251591
952.00,3.14654e-41,302.871,302.871,0.993495,0.00256683,3.14654e-40,328.556,328.556,0.993564,0.00256028,1.577e-39,409.785,409.781,0.993811,0.00253616,3.14654e-39,467.489,467.312,0.99401,0.00251592
954.00,1.96711e-41,302.871,302.871,0.993495,0.00256683,1.96711e-40,328.556,328.556,0.993564,0.00256028,9.8589e-40,409.785,409.781,0.993811,0.00253616,1.96711e-39,467.48,467.312,0.99401,0.00251592
956.00,1.22856e-41,302.871,302.871,0.993495,0.00256683,1.22856e-40,328.556,328.556,0.993564,0.00256028,6.15737e-40,409.785,409.781,0.993811,0.00253616,1.22856e-39,467.472,467.312,0.99401,0.00251592
958.00,7.6654e-42,302.871,302.871,0.993495,0.00256683,7.6654e-41,328.556,328.556,0.993564,0.00256028,3.8418e-40,409.784,409.781,0.993811,0.00253616,7.6654e-40,467.464,467.312,0.99401,0.00251593
960.00,4.77799e-42,302.871,302.871,0.993495,0.00256683,4.77799e-41,328.556,328.556,0.993564,0.00256028,2.39467e-40,409.784,409.781,0.993811,0.00253616,4.77799e-40,467.457,467.312,0.99401,0.00251593
962.00,2.97528e-42,302.871,302.871,0.993495,0.00256683,2.97528e-41,328.556,328.556,0.993564,0.00256028,1.49117e-40,409.784,409.781,0.993811,0.00253616,2.97528e-40,467.45,467.312,0.99401,0.00251593
964.00,1.8509e-42,302.871,302.871,0.993495,0.00256683,1.8509e-41,328.556,328.556,0.993564,0.00256028,9.27647e-41,409.784,409.781,0.993811,0.00253616,1.8509e-40,467.443,467.312,0.99401,0.00251594
966.00,1.1503e-42,302.871,302.871,0.993495,0.00256683,1.1503e-41,328.556,328.556,0.993564,0.00256028,5.76514e-41,409.784,409.781,0.993811,0.00253616,1.1503e-40,467.436,467.312,0.99401,0.00251594
968.00,7.1418e-43,302.871,302.871,0.993495,0.00256683,7.1418e-42,328.556,328.556,0.993564,0.00256028,3.57938e-41,409.784,409.781,0.993811,0.00253616,7.1418e-41,467.43,467.312,0.99401,0.00251594
970.00,4.42974e-43,302.871,302.871,0.993495,0.00256683,4.42974e-42,328.556,328.556,0.993564,0.00256028,2.22013e-41,409.784,409.781,0.993811,0.00253616,4.42974e-41,467.425,467.312,0.99401,0.00251594
972.00,2.74486e-43,302.871,302.871,0.993495,0.00256683,2.74486e-42,328.556,328.556,0.993564,0.00256028,1.37569e-41,409.783,409.781,0.993811,0.00253616,2.74486e-41,467.419,467.312,0.99401,0.00251594
974.00,1.69916e-43,302.871,302.871,0.993495,0.00256683,1.69916e-42,328.556,328.556,0.993564,0.00256028,8.51597e-42,409.783,409.781,0.993811,0.00253616,1.69916e-41,467.414,467.312,0.99401,0.00251595
976.00,1.0508e-43,302.871,302.871,0.993495,0.00256683,1.0508e-42,328.556,328.556,0.993564,0.00256028,5.26648e-42,409.783,409.781,0.993811,0.00253616,1.0508e-41,467.409,467.312,0.994009,0.00251595
978.00,6.49199e-44,302.871,302.871,0.993495,0.00256683,6.49199e-43,328.556,328.556,0.993564,0.00256028,3.2537e-42,409.783,409.781,0.993811,0.00253616,6.49199e-42,467.404,467.312,0.994009,0.00251595
980.00,4.00689e-44,302.871,302.871,0.993495,0.00256683,4.00689e-43,328.556,328.556,0.993564,0.00256028,2.0082e-42,409.783,409.781,0.993811,0.00253616,4.00689e-42,467.4,467.312,0.994009,0.00251595
982.00,2.47064e-44,302.871,302.871,0.993495,0.00256683,2.47064e-43,328.556,328.556,0.993564,0.00256028,1.23825e-42,409.783,409.781,0.993811,0.00253616,2.47064e-42,467.395,467.312,0.994009,0.00251595
984.00,1.52189e-44,302.871,302.871,0.993495,0.00256683,1.52189e-43,328.556,328.556,0.993564,0.00256028,7.6275e-43,409.783,409.781,0.993811,0.00253616,1.52189e-42,467.391,467.312,0.994009,0.00251595
986.00,9.36543e-45,302.871,302.871,0.993495,0.00256683,9.36543e-44,328.556,328.556,0.993564,0.00256028,4.69383e-43,409.783,409.781,0.993811,0.00253616,9.36543e-43,467.387,467.312,0.994009,0.00251596
988.00,5.75764e-45,302.871,302.871,0.993495,0.00256683,5.75764e-44,328.556,328.556,0.993564,0.00256028,2.88566e-43,409.783,409.781,0.993811,0.00253616,5.75764e-43,467.384,467.312,0.994009,0.00251596
990.00,3.53617e-45,302.871,302.871,0.993495,0.00256683,3.53617e-44,328.556,328.556,0.993564,0.00256028,1.77228e-43,409.783,409.781,0.993811,0.00253616,3.53617e-43,467.38,467.312,0.994009,0.00251596
992.00,2.16967e-45,302.871,302.871,0.993495,0.00256683,2.16967e-44,328.556,328.556,0.993564,0.00256028,1.08741e-43,409.783,409.781,0.993811,0.00253616,2.16967e-43,467.377,467.312,0.994009,0.00251596
994.00,1.32992e-45,302.871,302.871,0.993495,0.00256683,1.32992e-44,328.556,328.556,0.993564,0.00256028,6.66541e-44,409.783,409.781,0.993811,0.00253616,1.32992e-43,467.374,467.312,0.994009,0.00251596
996.00,8.14388e-46,302.871,302.871,0.993495,0.00256683,8.14388e-45,328.556,328.556,0.993564,0.00256028,4.08161e-44,409.782,409.781,0.993811,0.00253616,8.14388e-44,467.371,467.312,0.994009,0.00251596
998.00,4.98205e-46,302.871,302.871,0.993495,0.00256683,4.98205e-45,328.556,328.556,0.993564,0.00256028,2.49694e-44,409.782,409.781,0.993811,0.00253616,4.98205e-44,467.368,467.312,0.994009,0.00251596
1000.00,3.04478e-46,302.871,302.871,0.993495,0.00256683,3.04478e-45,328.556,328.556,0.993564,0.00256028,1.52601e-44,409.782,409.781,0.993811,0.00253616,3.04478e-44,467.365,467.312,0.994009,0.00251596
1002.00,1.85899e-46,302.871,302.871,0.993495,0.00256683,1.85899e-45,328.556,328.556,0.993564,0.00256028,9.31701e-45,409.782,409.781,0.993811,0.00253616,1.85899e-44,467.363,467.312,0.994009,0.00251597
1004.00,1.13388e-46,302.871,302.871,0.993495,0.00256683,1.13388e-45,328.556,328.556,0.993564,0.00256028,5.68288e-45,409.782,409.781,0.993811,0.00253616,1.13388e-44,467.36,467.312,0.994009,0.00251597
1006.00,6.90927e-47,302.871,302.871,0.993495,0.00256683,6.90927e-46,328.556,328.556,0.993564,0.00256028,3.46284e-45,409.782,409.781,0.993811,0.00253616,6.90927e-45,467.358,467.312,0.994009,0.00251597
1008.00,4.20599e-47,302.871,302.871,0.993495,0.00256683,4.20599e-46,328.556,328.556,0.993564,0.00256028,2.10799e-45,409.782,409.781,0.993811,0.00253616,4.20599e-45,467.356,467.312,0.994009,0.00251597
1010.00,2.55785e-47,302.871,302.871,0.993495,0.00256683,2.55785e-46,328.556,328.556,0.993564,0.00256028,1.28196e-45,409.782,409.781,0.993811,0.00253616,2.55785e-45,467.353,467.312,0.994009,0.00251597
1012.00,1.55402e-47,302.871,302.871,0.993495,0.00256683,1.55402e-46,328.556,328.556,0.993564,0.00256028,7.78853e-46,409.782,409.781,0.993811,0.00253616,1.55402e-45,467.351,467.312,0.994009,0.00251597
1014.00,9.43206e-48,302.871,302.871,0.993495,0.00256683,9.43206e-47,328.556,328.556,0.993564,0.00256028,4.72723e-46,409.782,409.781,0.993811,0.00253616,9.43206e-46,467.349,467.312,0.994009,0.00251597
1016.00,5.71913e-48,302.871,302.871,0.993495,0.00256683,5.71913e-47,328.556,328.556,0.993564,0.00256028,2.86635e-46,409.782,409.781,0.993811,0.00253616,5.71913e-46,467.348,467.312,0.994009,0.00251597
1018.00,3.46438e-48,302.871,302.871,0.993495,0.00256683,3.46438e-47,328.556,328.556,0.993564,0.00256028,1.7363e-46,409.782,409.781,0.993811,0.00253616,3.46438e-46,467.346,467.312,0.994009,0.00251597
1020.00,2.09649e-48,302.871,302.871,0.993495,0.00256683,2.09649e-47,328.556,328.556,0.993564,0.00256028,1.05073e-46,409.782,409.781,0.993811,0.00253616,2.09649e-46,467.344,467.312,0.994009,0.00251597
1022.00,1.26745e-48,302.871,302.871,0.993495,0.00256683,1.26745e-47,328.556,328.556,0.993564,0.00256028,6.3523e-47,409.782,409.781,0.993811,0.00253616,1.26745e-46,467.343,467.312,0.994009,0.00251597
1024.00,7.65494e-49,302.871,302.871,0.993495,0.00256683,7.65494e-48,328.556,328.556,0.993564,0.00256028,3.83656e-47,409.782,409.781,0.993811,0.00253616,7.65494e-47,467.341,467.312,0.994009,0.00251597
1026.00,4.61875e-49,302.871,302.871,0.993495,0.00256683,4.61875e-48,328.556,328.556,0.993564,0.00256028,2.31486e-47,409.782,409.781,0.993811,0.00253616,4.61875e-47,467.34,467.312,0.994009,0.00251597
1028.00,2.78406e-49,302.871,302.871,0.993495,0.00256683,2.78406e-48,328.556,328.556,0.993564,0.00256028,1.39534e-47,409.782,409.781,0.993811,0.00253616,2.78406e-47,467.338,467.312,0.994009,0.00251597
1030.00,1.67651e-49,302.871,302.871,0.993495,0.00256683,1.67651e-48,328.556,328.556,0.993564,0.00256028,8.40243e-48,409.782,409.781,0.993811,0.00253616,1.67651e-47,467.337,467.312,0.994009,0.00251597
1032.00,1.00856e-49,302.871,302.871,0.993495,0.00256683,1.00856e-48,328.556,328.556,0.993564,0.00256028,5.05479e-48,409.782,409.781,0.993811,0.00253616,1.00856e-47,467.336,467.312,0.994009,0.00251598
1034.00,6.0614e-50,302.871,302.871,0.993495,0.00256683,6.0614e-49,328.556,328.556,0.993564,0.00256028,3.0379e-48,409.782,409.781,0.993811,0.00253616,6.0614e-48,467.335,467.312,0.994009,0.00251598
1036.00,3.63928e-50,302.871,302.871,0.993495,0.00256683,3.63928e-49,328.556,328.556,0.993564,0.00256028,1.82396e-48,409.782,409.781,0.993811,0.00253616,3.63928e-48,467.334,467.312,0.994009,0.00251598
1038.00,2.18287e-50,302.871,302.871,0.993495,0.00256683,2.18287e-49,328.556,328.556,0.993564,0.00256028,1.09403e-48,409.782,409.781,0.993811,0.00253616,2.18287e-48,467.333,467.312,0.994009,0.00251598
1040.00,1.30802e-50,302.871,302.871,0.993495,0.00256683,1.30802e-49,328.556,328.556,0.993564,0.00256028,6.55563e-49,409.782,409.781,0.993811,0.00253616,1.30802e-48,467.332,467.312,0.994009,0.00251598
1042.00,7.83019e-51,302.871,302.871,0.993495,0.00256683,7.83019e-50,328.556,328.556,0.993564,0.00256028,3.92439e-49,409.782,409.781,0.993811,0.00253616,7.83019e-49,467.331,467.312,0.994009,0.00251598
1044.00,4.68276e-51,302.871,302.871,0.993495,0.00256683,4.68276e-50,328.556,328.556,0.993564,0.00256028,2.34694e-49,409.782,409.781,0.993811,0.00253616,4.68276e-49,467.33,467.312,0.994009,0.00251598
1046.00,2.79771e-51,302.871,302.871,0.993495,0.00256683,2.79771e-50,328.556,328.556,0.993564,0.00256028,1.40218e-49,409.782,409.781,0.993811,0.00253616,2.79771e-49,467.329,467.312,0.994009,0.00251598
1048.00,1.66984e-51,302.871,302.871,0.993495,0.00256683,1.66984e-50,328.556,328.556,0.993564,0.00256028,8.36904e-50,409.782,409.781,0.993811,0.00253616,1.66984e-49,467.328,467.312,0.994009,0.00251598
1050.00,9.95682e-52,302.871,302.871,0.993495,0.00256683,9.95682e-51,328.556,328.556,0.993564,0.00256028,4.99023e-50,409.782,409.781,0.993811,0.00253616,9.95682e-50,467.327,467.312,0.994009,0.00251598
1052.00,5.93113e-52,302.871,302.871,0.993495,0.00256683,5.93113e-51,328.556,328.556,0.993564,0.00256028,2.97261e-50,409.782,409.781,0.993811,0.00253616,5.93113e-50,467.327,467.312,0.994009,0.00251598
1054.00,3.52961e-52,302.871,302.871,0.993495,0.00256683,3.52961e-51,328.556,328.556,0.993564,0.00256028,1.76899e-50,409.782,409.781,0.993811,0.00253616,3.52961e-50,467.326,467.312,0.994009,0.00251598
1056.00,2.09839e-52,302.871,302.871,0.993495,0.00256683,2.09839e-51,328.556,328.556,0.993564,0.00256028,1.05169e-50,409.782,409.781,0.993811,0.00253616,2.09839e-50,467.325,467.312,0.994009,0.00251598
1058.00,1.24629e-52,302.871,302.871,0.993495,0.00256683,1.24629e-51,328.556,328.556,0.993564,0.00256028,6.24625e-51,409.782,409.781,0.993811,0.00253616,1.24629e-50,467.325,467.312,0.994009,0.00251598
1060.00,7.39476e-53,302.871,302.871,0.993495,0.00256683,7.39476e-52,328.556,328.556,0.993564,0.00256028,3.70616e-51,409.782,409.781,0.993811,0.00253616,7.39476e-51,467.324,467.312,0.994009,0.00251598
1062.00,4.38329e-53,302.871,302.871,0.993495,0.00256683,4.38329e-52,328.556,328.556,0.993564,0.00256028,2.19685e-51,409.782,409.781,0.993811,0.00253616,4.38329e-51,467.323,467.312,0.994009,0.00251598
1064.00,2.59566e-53,302.871,302.871,0.993495,0.00256683,2.59566e-52,328.556,328.556,0.993564,0.00256028,1.30091e-51,409.782,409.781,0.993811,0.00253616,2.59566e-51,467.323,467.312,0.994009,0.00251598
1066.00,1.53556e-53,302.871,302.871,0.993495,0.00256683,1.53556e-52,328.556,328.556,0.993564,0.00256028,7.69605e-52,409.782,409.781,0.993811,0.00253616,1.53556e-51,467.322,467.312,0.994009,0.00251598
1068.00,9.07528e-54,302.871,302.871,0.993495,0.00256683,9.07528e-53,328.556,328.556,0.993564,0.00256028,4.54841e-52,409.782,409.781,0.993811,0.00253616,9.07528e-52,467.322,467.312,0.994009,0.00251598
1070.00,5.35826e-54,302.871,302.871,0.993495,0.00256683,5.35826e-53,328.556,328.556,0.993564,0.00256028,2.68549e-52,409.782,409.781,0.993811,0.00253616,5.35826e-52,467.321,467.312,0.994009,0.00251598
1072.00,3.16052e-54,302.871,302.871,0.993495,0.00256683,3.16052e-53,328.556,328.556,0.993564,0.00256028,1.58401e-52,409.782,409.781,0.993811,0.00253616,3.16052e-52,467.321,467.312,0.994009,0.00251598
1074.00,1.86237e-54,302.871,302.871,0.993495,0.00256683,1.86237e-53,328.556,328.556,0.993564,0.00256028,9.33397e-53,409.782,409.781,0.993811,0.00253616,1.86237e-52,467.32,467.312,0.994009,0.00251598
1076.00,1.09634e-54,302.871,302.871,0.993495,0.00256683,1.09634e-53,328.556,328.556,0.993564,0.00256028,5.49472e-53,409.782,409.781,0.993811,0.00253616,1.09634e-52,467.32,467.312,0.994009,0.00251598
1078.00,6.44758e-55,302.871,302.871,0.993495,0.00256683,6.44758e-54,328.556,328.556,0.993564,0.00256028,3.23145e-53,409.782,409.781,0.993811,0.00253616,6.44758e-53,467.32,467.312,0.994009,0.00251598
1080.00,3.78809e-55,302.871,302.871,0.993495,0.00256683,3.78809e-54,328.556,328.556,0.993564,0.00256028,1.89854e-53,409.782,409.781,0.993811,0.00253616,3.78809e-53,467.319,467.312,0.994009,0.00251598
1082.00,2.22339e-55,302.871,302.871,0.993495,0.00256683,2.22339e-54,328.556,328.556,0.993564,0.00256028,1.11433e-53,409.782,409.781,0.993811,0.00253616,2.22339e-53,467.319,467.312,0.994009,0.00251598
1084.00,1.30371e-55,302.871,302.871,0.993495,0.00256683,1.30371e-54,328.556,328.556,0.993564,0.00256028,6.53404e-54,409.782,409.781,0.993811,0.00253616,1.30371e-53,467.319,467.312,0.994009,0.00251598
1086.00,7.63696e-56,302.871,302.871,0.993495,0.00256683,7.63696e-55,328.556,328.556,0.993564,0.00256028,3.82755e-54,409.782,409.781,0.993811,0.00253616,7.63696e-54,467.318,467.312,0.994009,0.00251598
1088.00,4.46921e-56,302.871,302.871,0.993495,0.00256683,4.46921e-55,328.556,328.556,0.993564,0.00256028,2.23991e-54,409.782,409.781,0.993811,0.00253616,4.46921e-54,467.318,467.312,0.994009,0.00251598
1090.00,2.61284e-56,302.871,302.871,0.993495,0.00256683,2.61284e-55,328.556,328.556,0.993564,0.00256028,1.30952e-54,409.782,409.781,0.993811,0.00253616,2.61284e-54,467.318,467.312,0.994009,0.00251598
1092.00,1.52605e-56,302.871,302.871,0.993495,0.00256683,1.52605e-55,328.556,328.556,0.993564,0.00256028,7.64835e-55,409.782,409.781,0.993811,0.00253616,1.52605e-54,467.317,467.312,0.994009,0.00251598
1094.00,8.90417e-57,302.871,302.871,0.993495,0.00256683,8.90417e-56,328.556,328.556,0.993564,0.00256028,4.46266e-55,409.782,409.781,0.993811,0.00253616,8.90417e-55,467.317,467.312,0.994009,0.00251598
1096.00,5.19029e-57,302.871,302.871,0.993495,0.00256683,5.19029e-56,328.556,328.556,0.993564,0.00256028,2.60131e-55,409.782,409.781,0.993811,0.00253616,5.19029e-55,467.317,467.312,0.994009,0.00251598
1098.00,3.02247e-57,302.871,302.871,0.993495,0.00256683,3.02247e-56,328.556,328.556,0.993564,0.00256028,1.51482e-55,409.782,409.781,0.993811,0.00253616,3.02247e-55,467.317,467.312,0.994009,0.00251598
1100.00,1.75834e-57,302.871,302.871,0.993495,0.00256683,1.75834e-56,328.556,328.556,0.993564,0.00256028,8.81258e-56,409.782,409.781,0.993811,0.00253616,1.75834e-55,467.316,467.312,0.994009,0.00251598
1102.00,1.02192e-57,302.871,302.871,0.993495,0.00256683,1.02192e-56,328.556,328.556,0.993564,0.00256028,5.12173e-56,409.782,409.781,0.993811,0.00253616,1.02192e-55,467.316,467.312,0.994009,0.00251598
1104.00,5.93338e-58,302.871,302.871,0.993495,0.00256683,5.93338e-57,328.556,328.556,0.993564,0.00256028,2.97373e-56,409.782,409.781,0.993811,0.00253616,5.93338e-56,467.316,467.312,0.994009,0.00251598
1106.00,3.44159e-58,302.871,302.871,0.993495,0.00256683,3.44159e-57,328.556,328.556,0.993564,0.00256028,1.72488e-56,409.782,409.781,0.993811,0.00253616,3.44159e-56,467.316,467.312,0.994009,0.00251598
1108.00,1.99429e-58,302.871,302.871,0.993495,0.00256683,1.99429e-57,328.556,328.556,0.993564,0.00256028,9.99514e-57,409.782,409.781,0.993811,0.00253616,1.99429e-56,467.316,467.312,0.994009,0.00251598
1110.00,1.15449e-58,302.871,302.871,0.993495,0.00256683,1.15449e-57,328.556,328.556,0.993564,0.00256028,5.78615e-57,409.782,409.781,0.993811,0.00253616,1.15449e-56,467.316,467.312,0.994009,0.00251598
1112.00,6.67671e-59,302.871,302.871,0.993495,0.00256683,6.67671e-58,328.556,328.556,0.993564,0.00256028,3.34628e-57,409.782,409.781,0.993811,0.00253616,6.67671e-57,467.315,467.312,0.994009,0.00251598
1114.00,3.85751e-59,302.871,302.871,0.993495,0.00256683,3.85751e-58,328.556,328.556,0.993564,0.00256028,1.93334e-57,409.782,409.781,0.993811,0.00253616,3.85751e-57,467.315,467.312,0.994009,0.00251598
1116.00,2.22651e-59,302.871,302.871,0.993495,0.00256683,2.22651e-58,328.556,328.556,0.993564,0.00256028,1.1159e-57,409.782,409.781,0.993811,0.00253616,2.22651e-57,467.315,467.312,0.994009,0.00251598
1118.00,1.28385e-59,302.871,302.871,0.993495,0.00256683,1.28385e-58,328.556,328.556,0.993564,0.00256028,6.43447e-58,409.782,409.781,0.993811,0.00253616,1.28385e-57,467.315,467.312,0.994009,0.00251598
1120.00,7.39559e-60,302.871,302.871,0.993495,0.00256683,7.39559e-59,328.556,328.556,0.993564,0.00256028,3.70658e-58,409.782,409.781,0.993811,0.00253616,7.39559e-58,467.315,467.312,0.994009,0.00251598
1122.00,4.25604e-60,302.871,302.871,0.993495,0.00256683,4.25604e-59,328.556,328.556,0.993564,0.00256028,2.13307e-58,409.782,409.781,0.993811,0.00253616,4.25604e-58,467.315,467.312,0.994009,0.00251598
1124.00,2.44686e-60,302.871,302.871,0.993495,0.00256683,2.44686e-59,328.556,328.556,0.993564,0.00256028,1.22634e-58,409.782,409.781,0.993811,0.00253616,2.44686e-58,467.315,467.312,0.994009,0.00251598
1126.00,1.40535e-60,302.871,302.871,0.993495,0.00256683,1.40535e-59,328.556,328.556,0.993564,0.00256028,7.04345e-59,409.782,409.781,0.993811,0.00253616,1.40535e-58,467.314,467.312,0.994009,0.00251598
1128.00,8.06368e-61,302.871,302.871,0.993495,0.00256683,8.06368e-60,328.556,328.556,0.993564,0.00256028,4.04141e-59,409.782,409.781,0.993811,0.00253616,8.06368e-59,467.314,467.312,0.994009,0.00251598
1130.00,4.62225e-61,302.871,302.871,0.993495,0.00256683,4.62225e-60,328.556,328.556,0.993564,0.00256028,2.31661e-59,409.782,409.781,0.993811,0.00253616,4.62225e-59,467.314,467.312,0.994009,0.00251598
1132.00,2.64694e-61,302.871,302.871,0.993495,0.00256683,2.64694e-60,328.556,328.556,0.993564,0.00256028,1.32661e-59,409.781,409.781,0.993811,0.00253616,2.64694e-59,467.314,467.312,0.994009,0.00251598
1134.00,1.51429e-61,302.871,302.871,0.993495,0.00256683,1.51429e-60,328.556,328.556,0.993564,0.00256028,7.58941e-60,409.781,409.781,0.993811,0.00253616,1.51429e-59,467.314,467.312,0.994009,0.00251598
1136.00,8.65453e-62,302.871,302.871,0.993495,0.00256683,8.65453e-61,328.556,328.556,0.993564,0.00256028,4.33754e-60,409.781,409.781,0.993811,0.00253616,8.65453e-60,467.314,467.312,0.994009,0.00251598
1138.00,4.94141e-62,302.871,302.871,0.993495,0.00256683,4.94141e-61,328.556,328.556,0.993564,0.00256028,2.47657e-60,409.781,409.781,0.993811,0.00253616,4.94141e-60,467.314,467.312,0.994009,0.00251598
1140.00,2.81858e-62,302.871,302.871,0.993495,0.00256683,2.81858e-61,328.556,328.556,0.993564,0.00256028,1.41263e-60,409.781,409.781,0.993811,0.00253616,2.81858e-60,467.314,467.312,0.994009,0.00251598
1142.00,1.60613e-62,302.871,302.871,0.993495,0.00256683,1.60613e-61,328.556,328.556,0.993564,0.00256028,8.04972e-61,409.781,409.781,0.993811,0.00253616,1.60613e-60,467.314,467.312,0.994009,0.00251598
1144.00,9.14331e-63,302.871,302.871,0.993495,0.00256683,9.14331e-62,328.556,328.556,0.993564,0.00256028,4.58251e-61,409.781,409.781,0.993811,0.00253616,9.14331e-61,467.314,467.312,0.994009,0.00251598
1146.00,5.19994e-63,302.871,302.871,0.993495,0.00256683,5.19994e-62,328.556,328.556,0.993564,0.00256028,2.60614e-61,409.781,409.781,0.993811,0.00253616,5.19994e-61,467.314,467.312,0.994009,0.00251598
1148.00,2.95437e-63,302.871,302.871,0.993495,0.00256683,2.95437e-62,328.556,328.556,0.993564,0.00256028,1.48069e-61,409.781,409.781,0.993811,0.00253616,2.95437e-61,467.313,467.312,0.994009,0.00251598
1150.00,1.67688e-63,302.871,302.871,0.993495,0.00256683,1.67688e-62,328.556,328.556,0.993564,0.00256028,8.40433e-62,409.781,409.781,0.993811,0.00253616,1.67688e-61,467.313,467.312,0.994009,0.00251598
1152.00,9.50853e-64,302.871,302.871,0.993495,0.00256683,9.50853e-63,328.556,328.556,0.993564,0.00256028,4.76556e-62,409.781,409.781,0.993811,0.00253616,9.50853e-62,467.313,467.312,0.994009,0.00251598
1154.00,5.38636e-64,302.871,302.871,0.993495,0.00256683,5.38636e-63,328.556,328.556,0.993564,0.00256028,2.69958e-62,409.781,409.781,0.993811,0.00253616,5.38636e-62,467.313,467.312,0.994009,0.00251598
1156.00,3.04824e-64,302.871,302.871,0.993495,0.00256683,3.04824e-63,328.556,328.556,0.993564,0.00256028,1.52774e-62,409.781,409.781,0.993811,0.00253616,3.04824e-62,467.313,467.312,0.994009,0.00251598
1158.00,1.72336e-64,302.871,302.871,0.993495,0.00256683,1.72336e-63,328.556,328.556,0.993564,0.00256028,8.63725e-63,409.781,409.781,0.993811,0.00253616,1.72336e-62,467.313,467.312,0.994009,0.00251598
1160.00,9.7336e-65,302.871,302.871,0.993495,0.00256683,9.7336e-64,328.556,328.556,0.993564,0.00256028,4.87835e-63,409.781,409.781,0.993811,0.00253616,9.7336e-63,467.313,467.312,0.994009,0.00251598
1162.00,5.49216e-65,302.871,302.871,0.993495,0.00256683,5.49216e-64,328.556,328.556,0.993564,0.00256028,2.7526e-63,409.781,409.781,0.993811,0.00253616,5.49216e-63,467.313,467.312,0.994009,0.00251598
1164.00,3.09588e-65,302.871,302.871,0.993495,0.00256683,3.09588e-64,328.556,328.556,0.993564,0.00256028,1.55162e-63,409.781,409.781,0.993811,0.00253616,3.09588e-63,467.313,467.312,0.994009,0.00251598
1166.00,1.7434e-65,302.871,302.871,0.993495,0.00256683,1.7434e-64,328.556,328.556,0.993564,0.00256028,8.73772e-64,409.781,409.781,0.993811,0.00253616,1.7434e-63,467.313,467.312,0.994009,0.00251598
1168.00,9.80806e-66,302.871,302.871,0.993495,0.00256683,9.80806e-65,328.556,328.556,0.993564,0.00256028,4.91567e-64,409.781,409.781,0.993811,0.00253616,9.80806e-64,467.313,467.312,0.994009,0.00251598
1170.00,5.51239e-66,302.871,302.871,0.993495,0.00256683,5.51239e-65,328.556,328.556,0.993564,0.00256028,2.76274e-64,409.781,409.781,0.993811,0.00253616,5.51239e-64,467.313,467.312,0.994009,0.00251598
1172.00,3.09506e-66,302.871,302.871,0.993495,0.00256683,3.09506e-65,328.556,328.556,0.993564,0.00256028,1.55121e-64,409.781,409.781,0.993811,0.00253616,3.09506e-64,467.313,467.312,0.994009,0.00251598
1174.00,1.73608e-66,302.871,302.871,0.993495,0.00256683,1.73608e-65,328.556,328.556,0.993564,0.00256028,8.70102e-65,409.781,409.781,0.993811,0.00253616,1.73608e-64,467.313,467.312,0.994009,0.00251598
1176.00,9.72843e-67,302.871,302.871,0.993495,0.00256683,9.72843e-66,328.556,328.556,0.993564,0.00256028,4.87577e-65,409.781,409.781,0.993811,0.00253616,9.72843e-65,467.313,467.312,0.994009,0.00251598
1178.00,5.44612e-67,302.871,302.871,0.993495,0.00256683,5.44612e-66,328.556,328.556,0.993564,0.00256028,2.72953e-65,409.781,409.781,0.993811,0.00253616,5.44612e-65,467.313,467.312,0.994009,0.00251598
1180.00,3.04582e-67,302.871,302.871,0.993495,0.00256683,3.04582e-66,328.556,328.556,0.993564,0.00256028,1.52652e-65,409.781,409.781,0.993811,0.00253616,3.04582e-65,467.313,467.312,0.994009,0.00251598
1182.00,1.70174e-67,302.871,302.871,0.993495,0.00256683,1.70174e-66,328.556,328.556,0.993564,0.00256028,8.52888e-66,409.781,409.781,0.993811,0.00253616,1.70174e-65,467.313,467.312,0.994009,0.00251598
1184.00,9.49844e-68,302.871,302.871,0.993495,0.00256683,9.49844e-67,328.556,328.556,0.993564,0.00256028,4.7605e-66,409.781,409.781,0.993811,0.00253616,9.49844e-66,467.313,467.312,0.994009,0.00251598
1186.00,5.29644e-68,302.871,302.871,0.993495,0.00256683,5.29644e-67,328.556,328.556,0.993564,0.00256028,2.65451e-66,409.781,409.781,0.993811,0.00253616,5.29644e-66,467.313,467.312,0.994009,0.00251598
1188.00,2.95045e-68,302.871,302.871,0.993495,0.00256683,2.95045e-67,328.556,328.556,0.993564,0.00256028,1.47873e-66,409.781,409.781,0.993811,0.00253616,2.95045e-66,467.313,467.312,0.994009,0.00251598
1190.00,1.64197e-68,302.871,302.871,0.993495,0.00256683,1.64197e-67,328.556,328.556,0.993564,0.00256028,8.22932e-67,409.781,409.781,0.993811,0.00253616,1.64197e-66,467.313,467.312,0.994009,0.00251598
1192.00,9.12876e-69,302.871,302.871,0.993495,0.00256683,9.12876e-68,328.556,328.556,0.993564,0.00256028,4.57522e-67,409.781,409.781,0.993811,0.00253616,9.12876e-67,467.313,467.312,0.994009,0.00251598
1194.00,5.07027e-69,302.871,302.871,0.993495,0.00256683,5.07027e-68,328.556,328.556,0.993564,0.00256028,2.54116e-67,409.781,409.781,0.993811,0.00253616,5.07027e-67,467.313,467.312,0.994009,0.00251598
1196.00,2.81334e-69,302.871,302.871,0.993495,0.00256683,2.81334e-68,328.556,328.556,0.993564,0.00256028,1.41001e-67,409.781,409.781,0.993811,0.00253616,2.81334e-67,467.313,467.312,0.994009,0.00251598
1198.00,1.5595e-69,302.871,302.871,0.993495,0.00256683,1.5595e-68,328.556,328.556,0.993564,0.00256028,7.81603e-68,409.781,409.781,0.993811,0.00253616,1.5595e-67,467.313,467.312,0.994009,0.00251598
1200.00,8.63617e-70,302.871,302.871,0.993495,0.00256683,8.63617e-69,328.556,328.556,0.993564,0.00256028,4.32834e-68,409.781,409.781,0.993811,0.00253616,8.63617e-68,467.313,467.312,0.994009,0.00251598
