tag,theta,phi,R_cross,R_co,R_cross_21,R_co_22,T_cross,T_co,abs_rx,abs_ry,abs_rxy,abs_ryx,dphi_r_deg,pb_phase_err_deg,R_total_x,R_total_y,T_total_x,T_total_y,A_x,A_y,rxx_re,rxx_im,rxy_re,rxy_im,ryx_re,ryx_im,ryy_re,ryy_im,txx_re,txx_im,tyy_re,tyy_im
A_P271_H200_s11_g96_o9,0,0,0.5261953473091125,0.06445839256048203,0.5261686444282532,0.06438831984996796,0.021051812916994095,0.0332789309322834,0.75282222032547,0.7838810086250305,2.415342805761611e-06,0.00014173318049870431,-218.51193237304688,38.511924743652344,0.5667412877082825,0.6144694089889526,0.006761253345757723,0.10186566412448883,0.4264974594116211,0.2836649417877197,0.4711061120033264,-0.5871970057487488,-9.803825378185138e-07,-2.207426405220758e-06,0.00013032460992690176,-5.5711665481794626e-05,-0.764557957649231,0.17297551035881042,-0.08107472211122513,0.01371032651513815,-0.19226491451263428,-0.25475451350212097
A_P271_H200_s11_g96_o9,0,45,0.5261953473091125,0.06445839256048203,0.5261686444282532,0.06438831984996796,0.021051812916994095,0.0332789309322834,0.75282222032547,0.7838810086250305,2.415342805761611e-06,0.00014173318049870431,-218.51193237304688,38.511924743652344,0.5667412877082825,0.6144694089889526,0.006761253345757723,0.10186566412448883,0.4264974594116211,0.2836649417877197,0.4711061120033264,-0.5871970057487488,-9.803825378185138e-07,-2.207426405220758e-06,0.00013032460992690176,-5.5711665481794626e-05,-0.764557957649231,0.17297551035881042,-0.08107472211122513,0.01371032651513815,-0.19226491451263428,-0.25475451350212097
A_P271_H200_s11_g96_o9,0,90,0.5261953473091125,0.06445839256048203,0.5261686444282532,0.06438831984996796,0.021051812916994095,0.0332789309322834,0.75282222032547,0.7838810086250305,2.415342805761611e-06,0.00014173318049870431,-218.51193237304688,38.511924743652344,0.5667412877082825,0.6144694089889526,0.006761253345757723,0.10186566412448883,0.4264974594116211,0.2836649417877197,0.4711061120033264,-0.5871970057487488,-9.803825378185138e-07,-2.207426405220758e-06,0.00013032460992690176,-5.5711665481794626e-05,-0.764557957649231,0.17297551035881042,-0.08107472211122513,0.01371032651513815,-0.19226491451263428,-0.25475451350212097
A_P271_H200_s11_g96_o9,5,0,0.41168972849845886,0.09954415261745453,0.4117319583892822,0.09954699873924255,0.03548126667737961,0.019276004284620285,0.6390213966369629,0.7836864590644836,3.7012559914728627e-05,7.835421274648979e-05,-231.43934631347656,51.43933868408203,0.40834835171699524,0.6141644716262817,0.006973324343562126,0.10252965986728668,0.5846783518791199,0.2833058834075928,0.27335578203201294,-0.5776028037071228,1.941549089679029e-05,3.1511401175521314e-05,-6.99295342201367e-05,-3.534462666721083e-05,-0.762873113155365,0.1794131100177765,0.08350059390068054,-0.0008788759587332606,-0.1952487826347351,-0.25378647446632385
A_P271_H200_s11_g96_o9,5,45,0.4768064022064209,0.08131541311740875,0.4502541124820709,0.08761439472436905,0.024301720783114433,0.022114915773272514,0.6925464272499084,0.7849227786064148,0.01022752933204174,0.012705008499324322,-225.7974395751953,45.79743576049805,0.47978195548057556,0.6162083745002747,0.0005164655740372837,0.09750443696975708,0.5197015404701233,0.28628718852996826,0.3624858856201172,-0.5901055335998535,0.007814262993633747,0.00659845769405365,-0.0014325566589832306,0.012623986229300499,-0.7658957242965698,0.17177751660346985,0.010599716566503048,0.013883915729820728,-0.19153375923633575,-0.24642400443553925
A_P271_H200_s11_g96_o9,5,90,0.5241521596908569,0.06796743720769882,0.5238540768623352,0.0681791678071022,0.019700607284903526,0.029180312529206276,0.7525907158851624,0.7859770655632019,3.3529366191942245e-05,0.0004178686940576881,-219.57618713378906,39.576175689697266,0.5663929581642151,0.6177599430084229,0.006049669347703457,0.09175568073987961,0.4275573790073395,0.29048436880111694,0.466583251953125,-0.5905022025108337,2.363228668400552e-05,-2.3785149096511304e-05,-0.00019471047562547028,0.00036973244277760386,-0.768486738204956,0.1648882031440735,-0.07536759227514267,0.019215211272239685,-0.1877213716506958,-0.2377316951751709
A_P271_H200_s11_g96_o9,10,0,0.22735267877578735,0.17069029808044434,0.22757141292095184,0.1705397218465805,0.07646224647760391,0.04128303378820419,0.42625921964645386,0.7838731408119202,3.658786226878874e-05,0.0002168850478483364,-260.2044677734375,80.2044906616211,0.18169696629047394,0.6144571304321289,0.13070937991142273,0.10495693981647491,0.6875936985015869,0.2805859446525574,-0.0347817987203598,-0.42483779788017273,-3.608486440498382e-05,-6.0460179156507365e-06,-6.956425932003185e-05,-0.0002054262295132503,-0.7589872479438782,0.19594766199588776,0.3362792432308197,-0.13276128470897675,-0.20399139821529388,-0.25168323516845703
A_P271_H200_s11_g96_o9,10,45,0.3692673444747925,0.12300240248441696,0.2841431796550751,0.14854785799980164,0.031361039727926254,0.015253718011081219,0.548905074596405,0.787462055683136,0.03954252600669861,0.044765129685401917,-243.94512939453125,63.94514083862305,0.303300678730011,0.6216601133346558,0.04540164768695831,0.08510538190603256,0.6512976884841919,0.2932344973087311,0.13001567125320435,-0.5332848429679871,0.03304878622293472,0.021711498498916626,0.003216532990336418,0.04464942216873169,-0.7692297101020813,0.16847006976604462,0.20406706631183624,-0.035447511821985245,-0.18813832104206085,-0.22015996277332306
A_P271_H200_s11_g96_o9,10,90,0.5133387446403503,0.07983167469501495,0.5132504105567932,0.07995282858610153,0.015399380587041378,0.01895870640873909,0.7509586811065674,0.7889453172683716,5.535892341868021e-06,0.00022274622460827231,-222.98573303222656,42.98575210571289,0.5639389753341675,0.6224347352981567,0.004542679991573095,0.06419559568166733,0.4315183460712433,0.31336966156959534,0.45359736680984497,-0.5984883904457092,-1.6589365259278566e-06,5.281480298435781e-06,-0.00015514891128987074,0.00015982709010131657,-0.7773022651672363,0.13504034280776978,-0.05737245827913284,0.0353703647851944,-0.1751774400472641,-0.1830531507730484
A_P271_H200_s11_g96_o9,15,0,0.13041742146015167,0.21777012944221497,0.13058070838451385,0.21774230897426605,0.11437099426984787,0.08666931092739105,0.28634294867515564,0.783912181854248,2.7224123186897486e-05,0.0002695009170565754,-292.8754577636719,112.8754653930664,0.08199235796928406,0.6145182847976685,0.29427370429039,0.10796952992677689,0.6237338781356812,0.27751219272613525,-0.1811985820531845,-0.22171908617019653,-2.1426001694635488e-05,-1.6795218471088447e-05,-0.0002654139534570277,-4.675662421504967e-05,-0.7520883679389954,0.22109133005142212,0.45808276534080505,-0.29057493805885315,-0.21686747670173645,-0.24685627222061157
A_P271_H200_s11_g96_o9,15,45,0.2825278341770172,0.16396154463291168,0.1427445411682129,0.21296562254428864,0.03715340420603752,0.025920869782567024,0.40573957562446594,0.7895181775093079,0.0841677337884903,0.08456864207983017,-266.5144348144531,86.51443481445312,0.17177645862102509,0.6304231286048889,0.15739566087722778,0.07011564821004868,0.6708278656005859,0.2994612157344818,-0.05902476608753204,-0.40142330527305603,0.07463154196739197,0.038914524018764496,0.020101241767406464,0.08214496821165085,-0.7726914286613464,0.1621323823928833,0.36103227734565735,-0.13724751770496368,-0.18227191269397736,-0.17778056859970093
A_P271_H200_s11_g96_o9,15,90,0.48127883672714233,0.10156312584877014,0.4812566637992859,0.10165276378393173,0.009974970482289791,0.008943761698901653,0.746097207069397,0.7804424166679382,3.261708843638189e-05,0.00017319872858934104,-229.3062286376953,49.30624008178711,0.5566611289978027,0.6090903878211975,0.004631412215530872,0.03320983424782753,0.43870747089385986,0.35769978165626526,0.4336192011833191,-0.6071535348892212,-2.9266147976159118e-05,1.4400245163415093e-05,-0.00014172423107083887,9.955923451343551e-05,-0.7772796750068665,0.07019048929214478,-0.023732390254735947,0.06378224492073059,-0.16503629088401794,-0.07728427648544312
A_P271_H200_s11_g96_o9,20,0,0.09349346160888672,0.23965351283550262,0.09362982958555222,0.23957236111164093,0.13951531052589417,0.11803601682186127,0.225375697016716,0.7845731377601624,9.731369937071577e-05,0.00017035796190612018,-325.68707275390625,145.68710327148438,0.05079423636198044,0.6155549883842468,0.40526947379112244,0.11004207283258438,0.5439362525939941,0.2744029462337494,-0.21706610918045044,-0.06063419580459595,-7.367906073341146e-05,-6.357162783388048e-05,2.730628511926625e-05,-0.0001681552967056632,-0.7431293725967407,0.25162214040756226,0.49804529547691345,-0.39651021361351013,-0.23196202516555786,-0.23714064061641693
A_P271_H200_s11_g96_o9,20,45,0.2436874508857727,0.18975070118904114,0.0628349632024765,0.25458669662475586,0.04059198871254921,0.03608405590057373,0.30825600028038025,0.78719562292099,0.14285631477832794,0.12551206350326538,-289.6090393066406,109.60905456542969,0.11077503859996796,0.6400848627090454,0.26991426944732666,0.06136968731880188,0.6193106770515442,0.2985454499721527,-0.15828755497932434,-0.26451241970062256,0.13035130500793457,0.05845052748918533,0.04328523203730583,0.11781200021505356,-0.7719683647155762,0.15408360958099365,0.4470687508583069,-0.2308698445558548,-0.17523978650569916,-0.12234820425510406
A_P271_H200_s11_g96_o9,20,90,0.40096479654312134,0.13207180798053741,0.40086832642555237,0.1319739669561386,0.012591896578669548,0.0164981409907341,0.733285129070282,0.7267543077468872,2.637126272020396e-05,0.00012818783579859883,120.30271911621094,59.697288513183594,0.5377070903778076,0.5281718373298645,0.012552519328892231,0.045474011451005936,0.44974038004875183,0.42635414004325867,0.40733641386032104,-0.6097410321235657,-1.776041062839795e-05,1.9493878426146694e-05,0.00012774337665177882,1.0665347872418351e-05,-0.7254431843757629,-0.043634504079818726,0.03086848556995392,0.10769911110401154,-0.1925143003463745,0.09171833097934723
A_P271_H200_s11_g96_o9,25,0,0.0823688805103302,0.2508251965045929,0.08223965764045715,0.2508668005466461,0.15713924169540405,0.13223280012607574,0.2140299677848816,0.7877129912376404,0.00011872847971972078,0.00013292506628204137,1.428889274597168,178.5711212158203,0.04580884426832199,0.6204917430877686,0.46685317158699036,0.11162490397691727,0.48733797669410706,0.2678833603858948,-0.20188839733600616,0.07106265425682068,0.00010314104292774573,5.880797471036203e-05,5.208384391153231e-05,0.00012229614367242903,-0.7362745404243469,0.2799849808216095,0.5089664459228516,-0.4558577835559845,-0.24870233237743378,-0.22309651970863342
A_P271_H200_s11_g96_o9,25,45,0.24242761731147766,0.20085608959197998,0.027667606249451637,0.26845240592956543,0.046198390424251556,0.04067481681704521,0.2476537823677063,0.7759767174720764,0.2186272293329239,0.16773055493831635,-311.1038513183594,131.1038818359375,0.08946593850851059,0.6499377489089966,0.3509422838687897,0.07098372280597687,0.5595917701721191,0.27907854318618774,-0.19506366550922394,-0.15258623659610748,0.2023250162601471,0.08283992111682892,0.06965707242488861,0.1525825411081314,-0.7620735764503479,0.14623181521892548,0.48863551020622253,-0.2926296293735504,-0.16870997846126556,-0.06144129857420921
A_P271_H200_s11_g96_o9,25,90,0.25513848662376404,0.14955484867095947,0.2552986741065979,0.1496644765138626,0.050318147987127304,0.06487297266721725,0.6985312104225159,0.567195475101471,6.674471660517156e-05,0.00023187175975181162,105.45919799804688,74.54080963134766,0.48794591426849365,0.3217107057571411,0.0453832671046257,0.18507994711399078,0.46667081117630005,0.4932093620300293,0.37836119532585144,-0.5871870517730713,-6.538139132317156e-05,1.3421273251879029e-05,-0.00022513601288665086,-5.548232002183795e-05,-0.541426956653595,-0.1690194308757782,0.11412325501441956,0.1798863261938095,-0.32185304164886475,0.2854655385017395
A_P271_H200_s11_g96_o9,30,0,0.086204893887043,0.26067933440208435,0.08626946061849594,0.2611221373081207,0.16729092597961426,0.1311093121767044,0.25436902046203613,0.7934558391571045,0.0002587131748441607,0.00020002802193630487,-30.071956634521484,149.92803955078125,0.06470363587141037,0.6295722126960754,0.4883190393447876,0.10819563269615173,0.44697731733322144,0.2622321546077728,-0.15642297267913818,0.20058774948120117,-5.8670997532317415e-05,-0.00025197266950272024,0.00015683121455367655,0.0001241578720510006,-0.7357826232910156,0.29697829484939575,0.5102662444114685,-0.4774383008480072,-0.25975051522254944,-0.20180509984493256
A_P271_H200_s11_g96_o9,30,45,0.27116459608078003,0.20203593373298645,0.02429564855992794,0.2557046413421631,0.058587152510881424,0.04695659875869751,0.20211537182331085,0.7517143487930298,0.3190312087535858,0.2132951319217682,-330.738525390625,150.73854064941406,0.08634543418884277,0.6668553352355957,0.3978314995765686,0.1094825267791748,0.5158230662345886,0.2236621379852295,-0.19210979342460632,-0.06280486285686493,0.29862314462661743,0.11227253079414368,0.1016414687037468,0.18752020597457886,-0.7375054359436035,0.1454654335975647,0.5060219764709473,-0.32781943678855896,-0.1624404937028885,-0.005108019802719355
A_P271_H200_s11_g96_o9,30,90,0.101630799472332,0.11498101055622101,0.10198292136192322,0.11516144871711731,0.14793428778648376,0.14452889561653137,0.5988532304763794,0.2740999162197113,0.00017253671830985695,0.0004660151316784322,85.36493682861328,94.63507080078125,0.3586254119873047,0.07513079047203064,0.15192079544067383,0.4334826171398163,0.4894537925720215,0.4913865625858307,0.33357250690460205,-0.49734753370285034,-0.00015873347001615912,-6.762105476809666e-05,-0.0003975763393100351,-0.00024311139713972807,-0.21455764770507812,-0.1705748438835144,0.22579321265220642,0.31770649552345276,-0.5412847399711609,0.37482452392578125
A_P271_H200_s11_g96_o9,35,0,0.10274146497249603,0.2823266386985779,0.1027565598487854,0.2824515700340271,0.1735220104455948,0.1090855523943901,0.3741450905799866,0.7939091324806213,4.933666787110269e-05,0.00010455513256601989,-52.78749465942383,127.2125244140625,0.13998456299304962,0.6302917003631592,0.45602238178253174,0.10925507545471191,0.40399307012557983,0.2604532241821289,-0.09650538861751556,0.3614847958087921,1.3055523595539853e-05,-4.75779379485175e-05,9.868687629932538e-05,3.4535150916781276e-05,-0.7347168922424316,0.30080366134643555,0.5079394578933716,-0.4449942708015442,-0.2803623378276825,-0.17507724463939667
A_P271_H200_s11_g96_o9,35,45,0.34125569462776184,0.2008565366268158,0.057518694549798965,0.217859148979187,0.07807254791259766,0.06256371736526489,0.15207432210445404,0.7130579948425293,0.46359074115753174,0.2664496600627899,8.45602035522461,171.5439910888672,0.0941220223903656,0.7233680486679077,0.4119533896446228,0.1819351315498352,0.4939245581626892,0.09469681978225708,-0.1516149789094925,0.01181095838546753,0.441537082195282,0.1412847638130188,0.14983925223350525,0.22032615542411804,-0.6950322985649109,0.15931661427021027,0.5019980669021606,-0.3524622321128845,-0.1545785367488861,0.030630677938461304
A_P271_H200_s11_g96_o9,35,90,0.014625249430537224,0.03494289889931679,0.014524550177156925,0.03501070290803909,0.24370072782039642,0.2611406445503235,0.2831587493419647,0.13756594061851501,0.000184980861376971,0.0003469869843684137,-58.41535186767578,121.58464813232422,0.08017899841070175,0.018924420699477196,0.4347773492336273,0.5755794048309326,0.4850436747074127,0.40549618005752563,0.14230218529701233,-0.24480392038822174,0.0001724019821267575,6.704829138470814e-05,0.0002482020063325763,-0.00024247831606771797,0.13752394914627075,-0.003398522734642029,0.249911367893219,0.6101813912391663,-0.691648542881012,0.31177181005477905
A_P271_H200_s11_g96_o9,40,0,0.16120736300945282,0.2568874955177307,0.16117337346076965,0.25669944286346436,0.09360138326883316,0.066210076212883,0.33773183822631836,0.8496498465538025,0.00016895013686735183,9.167085954686627e-05,-70.53899383544922,109.46101379394531,0.11406280100345612,0.7219048738479614,0.23859305679798126,0.08095317333936691,0.647344172000885,0.19714194536209106,-0.013705551624298096,0.3374536335468292,0.0001617404486751184,4.882802386418916e-05,-9.165932715404779e-05,1.4541633390763309e-06,-0.811935544013977,0.2503308653831482,0.3245307505130768,-0.36506548523902893,-0.24568429589271545,-0.14350053668022156
A_P271_H200_s11_g96_o9,40,45,0.5383785367012024,0.2025349885225296,0.18002177774906158,0.15367932617664337,0.09612549841403961,0.08570682257413864,0.07047462463378906,0.6490731239318848,0.7231244444847107,0.35417959094047546,-43.10854721069336,136.89144897460938,0.1304098516702652,0.9442049264907837,0.3759075701236725,0.2721136808395386,0.4936825931072235,-0.21631860733032227,-0.03454595059156418,0.061426788568496704,0.7086559534072876,0.14392942190170288,0.25215357542037964,0.24872025847434998,-0.6189011335372925,0.19559480249881744,0.45048585534095764,-0.38402679562568665,-0.13675957918167114,0.023539546877145767
A_P271_H200_s11_g96_o9,40,90,0.2151096761226654,0.00045165474875830114,0.21510644257068634,0.0004523631068877876,0.11236586421728134,0.20821906626224518,0.4627618193626404,0.4658021628856659,7.496729085687548e-05,9.297210635850206e-05,-174.76419067382812,5.235821723937988,0.21414852142333984,0.21697165071964264,0.2772936224937439,0.36381596326828003,0.5085578560829163,0.4192124009132385,-0.3591824173927307,-0.29178160429000854,-4.782438918482512e-05,-5.7731471315491945e-05,-8.249123493442312e-05,-4.288365744287148e-05,0.3868352174758911,0.2594805657863617,0.06722161918878555,0.5222785472869873,-0.5470854043960571,0.2539951801300049
A_P271_H200_s11_g96_o9,45,0,0.0,0.0,0.0,0.0,0.0,0.0,0.0,0.0,0.0,0.0,0.0,180.0,0.0,0.0,0.0,0.0,1.0,1.0,0.0,0.0,0.0,0.0,0.0,0.0,0.0,0.0,0.0,0.0,0.0,0.0
A_P271_H200_s11_g96_o9,45,45,0.0,0.0,0.0,0.0,0.0,0.0,0.0,0.0,0.0,0.0,0.0,180.0,0.0,0.0,0.0,0.0,1.0,1.0,0.0,0.0,0.0,0.0,0.0,0.0,0.0,0.0,0.0,0.0,0.0,0.0
A_P271_H200_s11_g96_o9,45,90,0.0,0.0,0.0,0.0,0.0,0.0,0.0,0.0,0.0,0.0,0.0,180.0,0.0,0.0,0.0,0.0,1.0,1.0,0.0,0.0,0.0,0.0,0.0,0.0,0.0,0.0,0.0,0.0,0.0,0.0
A_P271_H200_s11_g96_o9,50,0,0.0,0.0,0.0,0.0,0.0,0.0,0.0,0.0,0.0,0.0,0.0,180.0,0.0,0.0,0.0,0.0,1.0,1.0,0.0,0.0,0.0,0.0,0.0,0.0,0.0,0.0,0.0,0.0,0.0,0.0
A_P271_H200_s11_g96_o9,50,45,0.0,0.0,0.0,0.0,0.0,0.0,0.0,0.0,0.0,0.0,0.0,180.0,0.0,0.0,0.0,0.0,1.0,1.0,0.0,0.0,0.0,0.0,0.0,0.0,0.0,0.0,0.0,0.0,0.0,0.0
A_P271_H200_s11_g96_o9,50,90,0.0,0.0,0.0,0.0,0.0,0.0,0.0,0.0,0.0,0.0,0.0,180.0,0.0,0.0,0.0,0.0,1.0,1.0,0.0,0.0,0.0,0.0,0.0,0.0,0.0,0.0,0.0,0.0,0.0,0.0
A_P271_H200_s11_g96_o9,55,0,0.0,0.0,0.0,0.0,0.0,0.0,0.0,0.0,0.0,0.0,0.0,180.0,0.0,0.0,0.0,0.0,1.0,1.0,0.0,0.0,0.0,0.0,0.0,0.0,0.0,0.0,0.0,0.0,0.0,0.0
A_P271_H200_s11_g96_o9,55,45,0.0,0.0,0.0,0.0,0.0,0.0,0.0,0.0,0.0,0.0,0.0,180.0,0.0,0.0,0.0,0.0,1.0,1.0,0.0,0.0,0.0,0.0,0.0,0.0,0.0,0.0,0.0,0.0,0.0,0.0
A_P271_H200_s11_g96_o9,55,90,0.0,0.0,0.0,0.0,0.0,0.0,0.0,0.0,0.0,0.0,0.0,180.0,0.0,0.0,0.0,0.0,1.0,1.0,0.0,0.0,0.0,0.0,0.0,0.0,0.0,0.0,0.0,0.0,0.0,0.0
A_P271_H200_s11_g96_o9,60,0,0.0,0.0,0.0,0.0,0.0,0.0,0.0,0.0,0.0,0.0,0.0,180.0,0.0,0.0,0.0,0.0,1.0,1.0,0.0,0.0,0.0,0.0,0.0,0.0,0.0,0.0,0.0,0.0,0.0,0.0
A_P271_H200_s11_g96_o9,60,45,0.0,0.0,0.0,0.0,0.0,0.0,0.0,0.0,0.0,0.0,0.0,180.0,0.0,0.0,0.0,0.0,1.0,1.0,0.0,0.0,0.0,0.0,0.0,0.0,0.0,0.0,0.0,0.0,0.0,0.0
A_P271_H200_s11_g96_o9,60,90,0.0,0.0,0.0,0.0,0.0,0.0,0.0,0.0,0.0,0.0,0.0,180.0,0.0,0.0,0.0,0.0,1.0,1.0,0.0,0.0,0.0,0.0,0.0,0.0,0.0,0.0,0.0,0.0,0.0,0.0
A_P271_H185_s11_g96_o9,0,0,0.5261270999908447,0.08063100278377533,0.5261451005935669,0.08053070306777954,0.03883446753025055,0.041573137044906616,0.8012561798095703,0.7559249401092529,1.6037998648243956e-05,0.00016535751638002694,-222.64065551757812,42.640663146972656,0.6420114636421204,0.5714225172996521,0.003879089141264558,0.156943216919899,0.35410943627357483,0.2716342806816101,0.15574276447296143,-0.7859743237495422,-3.1377649065689184e-06,1.5728059224784374e-05,7.14661437086761e-05,-0.00014911640028003603,-0.6103811860084534,0.4459341764450073,-0.03125699982047081,0.05387081578373909,-0.36220768094062805,-0.16046439111232758
A_P271_H185_s11_g96_o9,0,45,0.5261270999908447,0.08063100278377533,0.5261451005935669,0.08053070306777954,0.03883446753025055,0.041573137044906616,0.8012561798095703,0.7559249401092529,1.6037998648243956e-05,0.00016535751638002694,-222.64065551757812,42.640663146972656,0.6420114636421204,0.5714225172996521,0.003879089141264558,0.156943216919899,0.35410943627357483,0.2716342806816101,0.15574276447296143,-0.7859743237495422,-3.1377649065689184e-06,1.5728059224784374e-05,7.14661437086761e-05,-0.00014911640028003603,-0.6103811860084534,0.4459341764450073,-0.03125699982047081,0.05387081578373909,-0.36220768094062805,-0.16046439111232758
A_P271_H185_s11_g96_o9,0,90,0.5261270999908447,0.08063100278377533,0.5261451005935669,0.08053070306777954,0.03883446753025055,0.041573137044906616,0.8012561798095703,0.7559249401092529,1.6037998648243956e-05,0.00016535751638002694,-222.64065551757812,42.640663146972656,0.6420114636421204,0.5714225172996521,0.003879089141264558,0.156943216919899,0.35410943627357483,0.2716342806816101,0.15574276447296143,-0.7859743237495422,-3.1377649065689184e-06,1.5728059224784374e-05,7.14661437086761e-05,-0.00014911640028003603,-0.6103811860084534,0.4459341764450073,-0.03125699982047081,0.05387081578373909,-0.36220768094062805,-0.16046439111232758
A_P271_H185_s11_g96_o9,5,0,0.46819961071014404,0.10144785791635513,0.4683837294578552,0.10131571441888809,0.05377019941806793,0.028268957510590553,0.7551062107086182,0.7544279098510742,5.300984776113182e-05,0.00029968275339342654,-229.90394592285156,49.903968811035156,0.5701854825019836,0.5691614747047424,0.004098384641110897,0.15998093783855438,0.4257161319255829,0.270857572555542,0.05050384998321533,-0.7534154057502747,5.062372292741202e-05,-1.5725223420304246e-05,-3.178673796355724e-05,-0.00029799219919368625,-0.6083181500434875,0.44621801376342773,0.05821746215224266,0.026627419516444206,-0.366065114736557,-0.16117464005947113
A_P271_H185_s11_g96_o9,5,45,0.5036942362785339,0.088797926902771,0.4888208508491516,0.09605170786380768,0.043240126222372055,0.032661933451890945,0.7771897315979004,0.7571086883544922,0.008114547468721867,0.007848076522350311,-226.6607666015625,46.66077423095703,0.6040854454040527,0.5732794404029846,0.002292240969836712,0.1543547660112381,0.3936223089694977,0.2723658084869385,0.09922996163368225,-0.7708289623260498,0.007591575384140015,-0.002865983173251152,0.0018548807129263878,0.007625727914273739,-0.6124840378761292,0.44505825638771057,0.019467437639832497,0.04296586662530899,-0.360405296087265,-0.15630044043064117
A_P271_H185_s11_g96_o9,5,90,0.5259996056556702,0.08287172019481659,0.5260992050170898,0.08293256163597107,0.0381617471575737,0.037993431091308594,0.8001307845115662,0.7600617408752441,3.794348594965413e-05,0.00015135339344851673,-223.2239532470703,43.223960876464844,0.6402092576026917,0.5776938796043396,0.0038178609684109688,0.14851443469524384,0.35597288608551025,0.27379167079925537,0.15296274423599243,-0.7853735685348511,2.1766267309430987e-05,3.1079540349310264e-05,-0.00014634976105298847,3.859529533656314e-05,-0.6168087720870972,0.4441179633140564,-0.02385127916932106,0.05699959769845009,-0.3547367751598358,-0.15058636665344238
A_P271_H185_s11_g96_o9,10,0,0.33210521936416626,0.1491110920906067,0.3319661319255829,0.14903247356414795,0.09411684423685074,0.02023708075284958,0.6366767287254333,0.7462290525436401,0.00018420811102259904,4.56730522273574e-05,-247.35000610351562,67.35001373291016,0.4053572714328766,0.5568578839302063,0.062324073165655136,0.16645924746990204,0.5323187112808228,0.27668285369873047,-0.15423524379730225,-0.6177124977111816,0.00011555114178918302,0.00014345927047543228,-4.562056710710749e-05,2.188941152780899e-06,-0.5985463857650757,0.44564566016197205,0.23500525951385498,-0.08424130082130432,-0.3733958601951599,-0.16442252695560455
A_P271_H185_s11_g96_o9,10,45,0.443315327167511,0.10840687900781631,0.3871268332004547,0.13802693784236908,0.052496302872896194,0.016622815281152725,0.7085483074188232,0.756953775882721,0.03164323419332504,0.029241062700748444,-237.0172882080078,57.01730728149414,0.502895712852478,0.5739803314208984,0.021421482786536217,0.1448078602552414,0.47568279504776,0.281211793422699,-0.03511267900466919,-0.7076777815818787,0.029801636934280396,-0.010637516155838966,0.010690687224268913,0.027216702699661255,-0.6137583255767822,0.44303464889526367,0.14240999519824982,-0.0031087996903806925,-0.35137268900871277,-0.14405125379562378
A_P271_H185_s11_g96_o9,10,90,0.5217365026473999,0.08811001479625702,0.5217950344085693,0.08808145672082901,0.03525904193520546,0.026878487318754196,0.7950395941734314,0.7665737271308899,2.3883449102868326e-05,4.014284422737546e-05,-224.63729858398438,44.637290954589844,0.6320879459381104,0.5876352787017822,0.004508574027568102,0.11972640454769135,0.36340346932411194,0.29263830184936523,0.14798212051391602,-0.7811461091041565,-2.381930607953109e-05,1.749226612446364e-06,2.1174840014737129e-07,-4.014228397863917e-05,-0.6307243704795837,0.4356856942176819,0.0012615483719855547,0.06713402271270752,-0.3250308632850647,-0.11866485327482224
A_P271_H185_s11_g96_o9,15,0,0.20571015775203705,0.19214846193790436,0.20552320778369904,0.19226793944835663,0.14041101932525635,0.043043795973062515,0.5026523470878601,0.7368788123130798,1.9983719539595768e-05,0.00020528121967799962,-267.9254150390625,87.92544555664062,0.252659410238266,0.5429903864860535,0.1881154328584671,0.1785883605480194,0.5592251420021057,0.2784212529659271,-0.28805088996887207,-0.4119296669960022,1.3584525731857866e-05,-1.4656387065770105e-05,0.0001693662052275613,0.00011599771823966876,-0.5881986021995544,0.4438612461090088,0.3567175269126892,-0.24671433866024017,-0.3882909119129181,-0.16678886115550995
A_P271_H185_s11_g96_o9,15,45,0.37370845675468445,0.1284044086933136,0.25672784447669983,0.19517797231674194,0.060412220656871796,0.008928276598453522,0.6125234961509705,0.7547779679298401,0.06918030232191086,0.06601547449827194,-250.73822021484375,70.73823547363281,0.37954309582710266,0.5744757056236267,0.08682658523321152,0.1325952410697937,0.53363037109375,0.2929290533065796,-0.1709674596786499,-0.5881795287132263,0.06598605215549469,-0.020778730511665344,0.032038573175668716,0.057719774544239044,-0.6147097945213318,0.4379744529724121,0.27267947793006897,-0.08835189789533615,-0.33659201860427856,-0.12574921548366547
A_P271_H185_s11_g96_o9,15,90,0.5056155323982239,0.09787784516811371,0.50555020570755,0.09787557274103165,0.030740974470973015,0.01274168025702238,0.781566321849823,0.772057831287384,3.376854465386714e-06,4.9255202611675486e-05,-227.49417114257812,47.494163513183594,0.6108459234237671,0.5960732698440552,0.01021623145788908,0.07675149291753769,0.37893784046173096,0.32717522978782654,0.1441819965839386,-0.7681519985198975,-3.2021544029703364e-06,-1.0720789305196377e-06,4.169694511801936e-05,2.6219073333777487e-05,-0.6556323170661926,0.4077003598213196,0.04893738031387329,0.08843844383955002,-0.2719579041004181,-0.052824098616838455
A_P271_H185_s11_g96_o9,20,0,0.12255630642175674,0.21340033411979675,0.12253093719482422,0.2132524698972702,0.175062894821167,0.07781472057104111,0.38972097635269165,0.7210116386413574,7.96458771219477e-05,0.0001044152959366329,-288.84918212890625,108.84920501708984,0.15188245475292206,0.5198577642440796,0.31421831250190735,0.19163361191749573,0.533899188041687,0.2885086238384247,-0.3230220079421997,-0.21803489327430725,6.701787788188085e-05,4.3035674025304615e-05,-4.5441279326041695e-06,-0.00010431637201691046,-0.5748237371444702,0.43524178862571716,0.40479323267936707,-0.38776373863220215,-0.4033554494380951,-0.17011167109012604
A_P271_H185_s11_g96_o9,20,45,0.3239450454711914,0.13912460207939148,0.1383812576532364,0.24735596776008606,0.062045805156230927,0.01028329785913229,0.5129501819610596,0.7465257048606873,0.12172147631645203,0.11650040745735168,-265.1112976074219,85.11129760742188,0.27669021487236023,0.5721167325973511,0.18082685768604279,0.12383498251438141,0.5424829125404358,0.3040482997894287,-0.25798651576042175,-0.4433518052101135,0.11814820766448975,-0.029276598244905472,0.06817807257175446,0.09446743130683899,-0.6108909249305725,0.42908376455307007,0.3684540390968323,-0.18328110873699188,-0.3166968524456024,-0.10380695760250092
A_P271_H185_s11_g96_o9,20,90,0.4513230323791504,0.11113579571247101,0.451404869556427,0.11110936850309372,0.0277523435652256,0.012224456295371056,0.7444179654121399,0.7555230855941772,9.102367766899988e-05,1.9714172594831325e-05,-232.77442932128906,52.774452209472656,0.554158091545105,0.5708151459693909,0.035150423645973206,0.04480883106589317,0.410691499710083,0.38437601923942566,0.15075597167015076,-0.7289929389953613,-9.0962385002058e-05,3.339913064337452e-06,-4.429100044944789e-06,1.92101979337167e-05,-0.6816883683204651,0.3257546126842499,0.12953919172286987,0.1355360448360443,-0.1980278640985489,0.07479162514209747
A_P271_H185_s11_g96_o9,25,0,0.07244852185249329,0.21663953363895416,0.072606660425663,0.21639154851436615,0.19742698967456818,0.1085282564163208,0.300581693649292,0.6983816027641296,3.910377199645154e-05,0.00033617697772569954,-313.30767822265625,133.3076934814453,0.0903494656085968,0.48773685097694397,0.40975421667099,0.2026328146457672,0.4998963475227356,0.3096303641796112,-0.29556581377983093,-0.05468274652957916,3.247206404921599e-05,2.1786925572087057e-05,-0.00031287287129089236,-0.00012298590445425361,-0.5634903907775879,0.4125717282295227,0.41679149866104126,-0.4858383238315582,-0.41540154814720154,-0.17341960966587067
A_P271_H185_s11_g96_o9,25,45,0.30726999044418335,0.13851867616176605,0.051893360912799835,0.28083792328834534,0.05902465432882309,0.015019739978015423,0.4234689474105835,0.7271799445152283,0.19354833662509918,0.18150034546852112,-279.0758056640625,99.0758056640625,0.21226832270622253,0.5662516355514526,0.2706502079963684,0.12761902809143066,0.5170814394950867,0.3061293363571167,-0.2929821014404297,-0.3057571351528168,0.19089874625205994,-0.03191596269607544,0.11961625516414642,0.13650761544704437,-0.597832977771759,0.4139884412288666,0.4279727339744568,-0.2579251825809479,-0.29285934567451477,-0.08371783792972565
A_P271_H185_s11_g96_o9,25,90,0.3007122874259949,0.112751804292202,0.3006669878959656,0.11280110478401184,0.04088924452662468,0.08335951715707779,0.6342436075210571,0.6516649723052979,6.0013640904799104e-05,2.561709152359981e-05,-242.95761108398438,62.957611083984375,0.40226495265960693,0.42466723918914795,0.12582822144031525,0.12261015176773071,0.471906840801239,0.45272260904312134,0.1645558774471283,-0.6125245690345764,5.926201993133873e-05,-9.46837735682493e-06,-1.2508914551290218e-05,2.235536703665275e-05,-0.6374130845069885,0.13554254174232483,0.24414849281311035,0.257331907749176,-0.15629471838474274,0.3133402466773987
A_P271_H185_s11_g96_o9,30,0,0.03814516216516495,0.19028325378894806,0.038234420120716095,0.19010266661643982,0.1991574615240097,0.12830889225006104,0.2456645518541336,0.6296144127845764,6.975223186600488e-06,0.000300623825751245,10.662895202636719,169.3371124267578,0.060351163148880005,0.39641430974006653,0.4700736105442047,0.18509556353092194,0.46957525610923767,0.4184901714324951,-0.22582583129405975,0.09671485424041748,2.4874864266166696e-06,6.516605481010629e-06,-0.00029521743999794126,-5.6756969570415094e-05,-0.5229124426841736,0.3506806492805481,0.4195772111415863,-0.5422439575195312,-0.3935346007347107,-0.1738564819097519
A_P271_H185_s11_g96_o9,30,45,0.32890236377716064,0.12822040915489197,0.006006520241498947,0.28758835792541504,0.055698003619909286,0.021964631974697113,0.3456699848175049,0.6903066635131836,0.29073622822761536,0.2649133801460266,-292.35986328125,112.35987091064453,0.18966683745384216,0.5610508322715759,0.3347160220146179,0.1512170135974884,0.47561711072921753,0.28773215413093567,-0.290635883808136,-0.1871323585510254,0.2896198630332947,-0.025453656911849976,0.18999060988426208,0.18461492657661438,-0.5664059519767761,0.39459800720214844,0.46014419198036194,-0.30359360575675964,-0.2643519937992096,-0.0704052597284317
A_P271_H185_s11_g96_o9,30,90,0.05228472873568535,0.06389161944389343,0.052283670753240585,0.063895583152771,0.08226348459720612,0.3191390633583069,0.3400663435459137,0.34162917733192444,4.139971133554354e-05,4.85615964862518e-05,84.26492309570312,95.7350845336914,0.11564511805772781,0.11671049147844315,0.35853925347328186,0.4443525969982147,0.5258156061172485,0.43893691897392273,0.05509769916534424,-0.3355731964111328,-4.054277087561786e-05,-8.379733117180876e-06,-1.4423874745261855e-05,4.6370038035092875e-05,-0.32989680767059326,-0.08876141905784607,0.2644674777984619,0.5372114777565002,-0.30659446120262146,0.5919057726860046
A_P271_H185_s11_g96_o9,35,0,0.04844244197010994,0.23209737241268158,0.04843758046627045,0.23224151134490967,0.23214216530323029,0.10076665878295898,0.3005334436893463,0.6862205266952515,6.0797618061769754e-05,9.39892852329649e-05,-27.015174865722656,152.9848175048828,0.09032035619020462,0.4708985984325409,0.4793183505535126,0.18638405203819275,0.4303613007068634,0.34271731972694397,-0.11885128170251846,0.2760339081287384,-4.436117160366848e-05,-4.1574472561478615e-05,8.650816016597673e-05,3.6746747355209664e-05,-0.5280567407608032,0.4382404386997223,0.4308883845806122,-0.5418980717658997,-0.421624094247818,-0.09282873570919037
A_P271_H185_s11_g96_o9,35,45,0.4033258259296417,0.10943198949098587,0.016283011063933372,0.26130685210227966,0.0550522543489933,0.03276184946298599,0.27379733324050903,0.6271222233772278,0.4243384599685669,0.37687841057777405,-304.47882080078125,124.47882080078125,0.21700230240821838,0.573345422744751,0.35858091711997986,0.1954440176486969,0.42441681027412415,0.23121055960655212,-0.25868770480155945,-0.08969753980636597,0.42422690987586975,-0.009729146957397461,0.29218590259552,0.23804354667663574,-0.50478196144104,0.3721255660057068,0.46461933851242065,-0.3258136510848999,-0.22893695533275604,-0.07022658735513687
A_P271_H185_s11_g96_o9,35,90,0.0883566215634346,0.02480008639395237,0.08837053179740906,0.02477651834487915,0.06977672874927521,0.4818664491176605,0.44058388471603394,0.1794145107269287,0.0002145832113455981,8.863418770488352e-05,-143.5398712158203,36.460113525390625,0.19411417841911316,0.032189611345529556,0.42480501532554626,0.6783159375190735,0.3810807764530182,0.28949445486068726,-0.39378705620765686,-0.19760039448738098,0.000157317757839337,0.00014593519154004753,6.929268420208246e-05,-5.526791937882081e-05,0.17678961157798767,-0.03057776391506195,-0.034193649888038635,0.650873064994812,-0.5602651238441467,0.6036711931228638
A_P271_H185_s11_g96_o9,40,0,0.109812431037426,0.2356356382369995,0.1099528968334198,0.23540456593036652,0.1411474198102951,0.07938327640295029,0.34201642870903015,0.7575158476829529,8.568168414058164e-05,0.00021060285507701337,-60.99201965332031,119.00797271728516,0.11697528511285782,0.573830246925354,0.2754141092300415,0.1657063364982605,0.6076105833053589,0.2604634165763855,-0.013558030128479004,0.34174758195877075,8.516158413840458e-05,-9.426325959793758e-06,-5.822159437229857e-05,-0.0002023951819865033,-0.6765283942222595,0.34079259634017944,0.27805331349372864,-0.4450847804546356,-0.39286676049232483,-0.10659283399581909
A_P271_H185_s11_g96_o9,40,45,0.6059096455574036,0.0734650045633316,0.13420046865940094,0.18825596570968628,0.05306214839220047,0.044385675340890884,0.18176065385341644,0.5139527320861816,0.6307522654533386,0.5538938641548157,-308.122802734375,128.122802734375,0.33983534574508667,0.6619958281517029,0.3165729343891144,0.2356865108013153,0.34359171986579895,0.10231766104698181,-0.17913100123405457,-0.030806206166744232,0.6307333707809448,-0.004882499575614929,0.472898930311203,0.28838348388671875,-0.3812252879142761,0.3446950316429138,0.4129413664340973,-0.3373408019542694,-0.178751602768898,-0.08115115016698837
A_P271_H185_s11_g96_o9,40,90,0.37211427092552185,0.0049531892873346806,0.37219178676605225,0.004955410957336426,0.045394495129585266,0.24146515130996704,0.680378794670105,0.5397216081619263,5.8260175137547776e-05,5.717126987292431e-05,-179.458740234375,0.541241466999054,0.462915301322937,0.29129940271377563,0.1741119921207428,0.39974361658096313,0.3629727065563202,0.30895698070526123,-0.61189204454422,-0.2974952459335327,-5.823186074849218e-05,-1.8161086927648284e-06,-5.419127410277724e-05,1.821702426241245e-05,0.48760107159614563,0.2313971370458603,-0.02046220749616623,0.4167652726173401,-0.4455249607563019,0.44861024618148804
A_P271_H185_s11_g96_o9,45,0,0.0,0.0,0.0,0.0,0.0,0.0,0.0,0.0,0.0,0.0,0.0,180.0,0.0,0.0,0.0,0.0,1.0,1.0,0.0,0.0,0.0,0.0,0.0,0.0,0.0,0.0,0.0,0.0,0.0,0.0
A_P271_H185_s11_g96_o9,45,45,0.0,0.0,0.0,0.0,0.0,0.0,0.0,0.0,0.0,0.0,0.0,180.0,0.0,0.0,0.0,0.0,1.0,1.0,0.0,0.0,0.0,0.0,0.0,0.0,0.0,0.0,0.0,0.0,0.0,0.0
A_P271_H185_s11_g96_o9,45,90,0.0,0.0,0.0,0.0,0.0,0.0,0.0,0.0,0.0,0.0,0.0,180.0,0.0,0.0,0.0,0.0,1.0,1.0,0.0,0.0,0.0,0.0,0.0,0.0,0.0,0.0,0.0,0.0,0.0,0.0
A_P271_H185_s11_g96_o9,50,0,0.0,0.0,0.0,0.0,0.0,0.0,0.0,0.0,0.0,0.0,0.0,180.0,0.0,0.0,0.0,0.0,1.0,1.0,0.0,0.0,0.0,0.0,0.0,0.0,0.0,0.0,0.0,0.0,0.0,0.0
A_P271_H185_s11_g96_o9,50,45,0.0,0.0,0.0,0.0,0.0,0.0,0.0,0.0,0.0,0.0,0.0,180.0,0.0,0.0,0.0,0.0,1.0,1.0,0.0,0.0,0.0,0.0,0.0,0.0,0.0,0.0,0.0,0.0,0.0,0.0
A_P271_H185_s11_g96_o9,50,90,0.0,0.0,0.0,0.0,0.0,0.0,0.0,0.0,0.0,0.0,0.0,180.0,0.0,0.0,0.0,0.0,1.0,1.0,0.0,0.0,0.0,0.0,0.0,0.0,0.0,0.0,0.0,0.0,0.0,0.0
A_P271_H185_s11_g96_o9,55,0,0.0,0.0,0.0,0.0,0.0,0.0,0.0,0.0,0.0,0.0,0.0,180.0,0.0,0.0,0.0,0.0,1.0,1.0,0.0,0.0,0.0,0.0,0.0,0.0,0.0,0.0,0.0,0.0,0.0,0.0
A_P271_H185_s11_g96_o9,55,45,0.0,0.0,0.0,0.0,0.0,0.0,0.0,0.0,0.0,0.0,0.0,180.0,0.0,0.0,0.0,0.0,1.0,1.0,0.0,0.0,0.0,0.0,0.0,0.0,0.0,0.0,0.0,0.0,0.0,0.0
A_P271_H185_s11_g96_o9,55,90,0.0,0.0,0.0,0.0,0.0,0.0,0.0,0.0,0.0,0.0,0.0,180.0,0.0,0.0,0.0,0.0,1.0,1.0,0.0,0.0,0.0,0.0,0.0,0.0,0.0,0.0,0.0,0.0,0.0,0.0
A_P271_H185_s11_g96_o9,60,0,0.0,0.0,0.0,0.0,0.0,0.0,0.0,0.0,0.0,0.0,0.0,180.0,0.0,0.0,0.0,0.0,1.0,1.0,0.0,0.0,0.0,0.0,0.0,0.0,0.0,0.0,0.0,0.0,0.0,0.0
A_P271_H185_s11_g96_o9,60,45,0.0,0.0,0.0,0.0,0.0,0.0,0.0,0.0,0.0,0.0,0.0,180.0,0.0,0.0,0.0,0.0,1.0,1.0,0.0,0.0,0.0,0.0,0.0,0.0,0.0,0.0,0.0,0.0,0.0,0.0
A_P271_H185_s11_g96_o9,60,90,0.0,0.0,0.0,0.0,0.0,0.0,0.0,0.0,0.0,0.0,0.0,180.0,0.0,0.0,0.0,0.0,1.0,1.0,0.0,0.0,0.0,0.0,0.0,0.0,0.0,0.0,0.0,0.0,0.0,0.0
A_P262_H185_s11_g96_o9,0,0,0.4908086657524109,0.11336036026477814,0.4918711483478546,0.1135861799120903,0.05920811742544174,0.03274386748671532,0.806697428226471,0.7475728392601013,2.8150203434051946e-05,0.0008129065972752869,-231.2019805908203,51.20197677612305,0.6507614254951477,0.5588651299476624,0.005746158771216869,0.17802730202674866,0.34349241852760315,0.263107568025589,0.030117422342300415,-0.8061349987983704,-1.1501385415613186e-05,2.5693425413919613e-05,-0.0008088144240900874,-8.146393520291895e-05,-0.5997096300125122,0.4463334083557129,0.03793376684188843,0.06562438607215881,-0.38145941495895386,-0.18032194674015045
A_P262_H185_s11_g96_o9,0,45,0.4908086657524109,0.11336036026477814,0.4918711483478546,0.1135861799120903,0.05920811742544174,0.03274386748671532,0.806697428226471,0.7475728392601013,2.8150203434051946e-05,0.0008129065972752869,-231.2019805908203,51.20197677612305,0.6507614254951477,0.5588651299476624,0.005746158771216869,0.17802730202674866,0.34349241852760315,0.263107568025589,0.030117422342300415,-0.8061349987983704,-1.1501385415613186e-05,2.5693425413919613e-05,-0.0008088144240900874,-8.146393520291895e-05,-0.5997096300125122,0.4463334083557129,0.03793376684188843,0.06562438607215881,-0.38145941495895386,-0.18032194674015045
A_P262_H185_s11_g96_o9,0,90,0.4908086657524109,0.11336036026477814,0.4918711483478546,0.1135861799120903,0.05920811742544174,0.03274386748671532,0.806697428226471,0.7475728392601013,2.8150203434051946e-05,0.0008129065972752869,-231.2019805908203,51.20197677612305,0.6507614254951477,0.5588651299476624,0.005746158771216869,0.17802730202674866,0.34349241852760315,0.263107568025589,0.030117422342300415,-0.8061349987983704,-1.1501385415613186e-05,2.5693425413919613e-05,-0.0008088144240900874,-8.146393520291895e-05,-0.5997096300125122,0.4463334083557129,0.03793376684188843,0.06562438607215881,-0.38145941495895386,-0.18032194674015045
A_P262_H185_s11_g96_o9,5,0,0.3836464285850525,0.126699298620224,0.3842800557613373,0.12661394476890564,0.07042332738637924,0.02837441861629486,0.6842907071113586,0.743630051612854,5.372035957407206e-05,0.0005371739971451461,-239.62522888183594,59.62523651123047,0.46825405955314636,0.552985668182373,0.018125535920262337,0.1796092391014099,0.5136203765869141,0.26740509271621704,-0.07654082775115967,-0.6799965500831604,3.2887004635995254e-05,-4.247731340001337e-05,-0.00042449828470125794,-0.00032917640055529773,-0.5954713225364685,0.44542065262794495,0.12874799966812134,-0.03935929015278816,-0.38277679681777954,-0.18190975487232208
A_P262_H185_s11_g96_o9,5,45,0.4451213479042053,0.1177186369895935,0.42007318139076233,0.1250070184469223,0.060874272137880325,0.027981936931610107,0.7397779226303101,0.7486070394515991,0.01061074249446392,0.011126665398478508,-235.81405639648438,55.814048767089844,0.5473951697349548,0.560525119304657,0.008590859360992908,0.17650587856769562,0.4440139830112457,0.2629690170288086,-0.030565619468688965,-0.7391462326049805,0.010608001612126827,-0.0002411743625998497,0.006193393841385841,0.009243622422218323,-0.6013535857200623,0.44585463404655457,0.0912511870265007,0.011469800025224686,-0.38132625818252563,-0.17618894577026367
A_P262_H185_s11_g96_o9,5,90,0.4900057315826416,0.11494283378124237,0.4901874363422394,0.11486896872520447,0.058173809200525284,0.03012983128428459,0.8051168322563171,0.7495276927947998,2.9586180971818976e-05,0.000210062789847143,-231.5570526123047,51.55703353881836,0.6482131481170654,0.5617917776107788,0.0065084826201200485,0.17012517154216766,0.34527838230133057,0.26808303594589233,0.027045100927352905,-0.8046624660491943,2.8683389245998114e-05,-7.252951036207378e-06,-7.086947152856737e-05,-0.00019774703832808882,-0.6023733615875244,0.4460248053073883,0.04405798390507698,0.06758216768503189,-0.3753741383552551,-0.17093686759471893
A_P262_H185_s11_g96_o9,10,0,0.22507797181606293,0.16130933165550232,0.2245810329914093,0.16154032945632935,0.10335960984230042,0.05175714194774628,0.4766973555088043,0.7384227514266968,0.00010084253153763711,0.0004695641982834786,-259.62298583984375,79.62300109863281,0.22724059224128723,0.545268177986145,0.12254802882671356,0.18729296326637268,0.6502113938331604,0.2674388587474823,-0.21317170560359955,-0.4263779819011688,7.65835284255445e-05,6.560624024132267e-05,0.0003152706485707313,0.00034798699198290706,-0.5901939868927002,0.44377830624580383,0.24768127501010895,-0.2473897635936737,-0.39176300168037415,-0.1838877648115158
A_P262_H185_s11_g96_o9,10,45,0.3536922335624695,0.12861718237400055,0.27376410365104675,0.1556144803762436,0.0639091283082962,0.026236642152071,0.5935859680175781,0.7457261085510254,0.04007375240325928,0.04037877917289734,-247.32070922851562,67.32073211669922,0.35397475957870483,0.5577133297920227,0.052143339067697525,0.16754335165023804,0.5938819050788879,0.27474331855773926,-0.14234325289726257,-0.5762661695480347,0.04001447558403015,-0.0021788347512483597,0.025152990594506264,0.03158754110336304,-0.5990375280380249,0.44414129853248596,0.19163233041763306,-0.11781054735183716,-0.37342384457588196,-0.16520708799362183
A_P262_H185_s11_g96_o9,10,90,0.4837936460971832,0.1188933476805687,0.48421505093574524,0.11872877925634384,0.05501993000507355,0.02236730419099331,0.7992873191833496,0.7528415322303772,2.3875178158050403e-05,0.0004096684860996902,-232.63441467285156,52.634403228759766,0.6388604044914246,0.5667703747749329,0.009435009211301804,0.1453312486410141,0.35170459747314453,0.28789836168289185,0.01973310112953186,-0.7990437150001526,3.680371719383402e-06,-2.3589807824464515e-05,-0.0001352042454527691,-0.00038671446964144707,-0.6094404458999634,0.4419872462749481,0.06297245621681213,0.0739530399441719,-0.353996604681015,-0.14148370921611786
A_P262_H185_s11_g96_o9,15,0,0.13006135821342468,0.1902736872434616,0.130356565117836,0.1901550143957138,0.1361784040927887,0.0939592719078064,0.3373352885246277,0.7259830236434937,0.00011476977670099586,0.0004223706782795489,-284.18304443359375,104.18304443359375,0.11379527300596237,0.5270513296127319,0.2632274627685547,0.19753165543079376,0.6229772567749023,0.2754170298576355,-0.26338061690330505,-0.21077416837215424,-8.452493784716353e-05,7.763785106362775e-05,-0.000421457109041512,2.77649760391796e-05,-0.5786660313606262,0.43840280175209045,0.29867619276046753,-0.4171566665172577,-0.40289655327796936,-0.18763265013694763
A_P262_H185_s11_g96_o9,15,45,0.2857002019882202,0.14269058406352997,0.14693880081176758,0.1938157081604004,0.06516274809837341,0.03335476666688919,0.454262375831604,0.7408373355865479,0.08564026653766632,0.08134383708238602,-262.5635681152344,82.56358337402344,0.21297112107276917,0.5561742186546326,0.140821173787117,0.15734553337097168,0.6462077498435974,0.28648024797439575,-0.22019289433956146,-0.39732781052589417,0.08543530851602554,-0.005921442061662674,0.056822460144758224,0.058206766843795776,-0.596057653427124,0.439949095249176,0.26783236861228943,-0.2525995671749115,-0.3622179925441742,-0.14849747717380524
A_P262_H185_s11_g96_o9,15,90,0.4663521945476532,0.12437660247087479,0.4664340019226074,0.12430927902460098,0.051165178418159485,0.011827756650745869,0.7851417064666748,0.7516812682151794,2.56938292295672e-05,0.00014251765969675034,-234.57948303222656,54.5794792175293,0.6164475083351135,0.565024733543396,0.017902376130223274,0.10810477286577225,0.36565011739730835,0.32687050104141235,0.012309253215789795,-0.7850452065467834,2.277643943671137e-05,-1.1891454050783068e-05,-9.960793249774724e-06,-0.00014216914132703096,-0.6193152070045471,0.4259969890117645,0.10048751533031464,0.08834376186132431,-0.3178199827671051,-0.08423322439193726
A_P262_H185_s11_g96_o9,20,0,0.08287467062473297,0.20392246544361115,0.08288054168224335,0.20382654666900635,0.15972083806991577,0.13155050575733185,0.2622780203819275,0.7104326486587524,5.234386844676919e-05,6.0109083278803155e-05,-310.4938049316406,130.49380493164062,0.0687897577881813,0.5047145485877991,0.37280192971229553,0.2097320705652237,0.558408260345459,0.2855533957481384,-0.25600123405456543,-0.05703616142272949,3.137706153211184e-05,4.189702303847298e-05,-4.4313244870863855e-05,-4.06132749048993e-05,-0.5677791833877563,0.42701444029808044,0.3094666302204132,-0.5263385772705078,-0.4161694049835205,-0.19114156067371368
A_P262_H185_s11_g96_o9,20,45,0.25803181529045105,0.15197697281837463,0.06317354738712311,0.22478999197483063,0.06175808981060982,0.03848360478878021,0.3557221293449402,0.7292952537536621,0.1477620154619217,0.13315005600452423,-279.2639465332031,99.2639389038086,0.14426717162132263,0.5537051558494568,0.23275607824325562,0.15038874745368958,0.6229767203330994,0.29590609669685364,-0.2538266181945801,-0.24921932816505432,0.14748863875865936,-0.008984215557575226,0.10014795511960983,0.087745800614357,-0.588054895401001,0.4313502311706543,0.31247013807296753,-0.3517458736896515,-0.3466831147670746,-0.12902241945266724
A_P262_H185_s11_g96_o9,20,90,0.42009034752845764,0.12704865634441376,0.4199589192867279,0.12694014608860016,0.050207529217004776,0.007619905285537243,0.7506052255630493,0.728443443775177,2.2431544493883848e-05,0.00017903199477586895,-237.59327697753906,57.593284606933594,0.5634082555770874,0.5306298732757568,0.041717447340488434,0.07400524616241455,0.39487430453300476,0.3953648805618286,0.012102484703063965,-0.750507652759552,2.2368378267856315e-05,1.6822094721646863e-06,0.00014873269537929446,-9.965461504179984e-05,-0.6212137937545776,0.3804251551628113,0.1644929051399231,0.1210763081908226,-0.27153149247169495,0.01660996489226818
A_P262_H185_s11_g96_o9,25,0,0.0585256963968277,0.20278389751911163,0.05840903893113136,0.20300859212875366,0.17282448709011078,0.15988585352897644,0.22281090915203094,0.6878098845481873,1.4540969459631015e-05,0.0002488575119059533,19.536239624023438,160.46376037597656,0.04964476451277733,0.47308242321014404,0.4451785087585449,0.220073401927948,0.5051767230033875,0.30684417486190796,-0.21400238573551178,0.06202966719865799,-1.32086242956575e-05,6.080464572733035e-06,0.00014666715287603438,0.00020104428404010832,-0.55855393409729,0.40137261152267456,0.30491703748703003,-0.5934678316116333,-0.42572513222694397,-0.19705715775489807
A_P262_H185_s11_g96_o9,25,45,0.2654411196708679,0.1532025933265686,0.016701266169548035,0.2400594800710678,0.05475129932165146,0.037654533982276917,0.2928510308265686,0.7054086923599243,0.2296793907880783,0.19821389019489288,-296.00701904296875,116.00701904296875,0.12505047023296356,0.5503540635108948,0.30218058824539185,0.15401390194892883,0.5727689266204834,0.2956320345401764,-0.2588832378387451,-0.1368984580039978,0.2295369803905487,-0.00808684527873993,0.15684404969215393,0.12119691073894501,-0.5697967410087585,0.41585221886634827,0.33824801445007324,-0.4101582467556,-0.3269732892513275,-0.1114746555685997
A_P262_H185_s11_g96_o9,25,90,0.31055137515068054,0.11126073449850082,0.3106398582458496,0.11118794232606888,0.06421086192131042,0.037865690886974335,0.6576215624809265,0.6412283778190613,4.474391971598379e-05,0.00017810369899962097,-241.7840576171875,61.78407669067383,0.43246614933013916,0.41117382049560547,0.11299315840005875,0.09135807305574417,0.4545406997203827,0.49746811389923096,0.02299964427947998,-0.6572192311286926,2.9143495339667425e-05,-3.3951069781323895e-05,1.1469116543594282e-05,-0.00017773403669707477,-0.5752898454666138,0.28322333097457886,0.2630256116390228,0.20930980145931244,-0.24319873750209808,0.1794782429933548
A_P262_H185_s11_g96_o9,30,0,0.04834471270442009,0.18247656524181366,0.04837813600897789,0.18251954019069672,0.17107824981212616,0.17956013977527618,0.2198008894920349,0.6429669260978699,0.00010026805102825165,4.9926373321795836e-05,-18.352432250976562,161.64756774902344,0.04831243306398392,0.41340646147727966,0.48573848605155945,0.2155231386423111,0.46594908833503723,0.37107038497924805,-0.13918741047382355,0.17011554539203644,-9.982070332625881e-05,-9.460911314818077e-06,2.7013467843062244e-05,-4.198708484182134e-05,-0.5431287288665771,0.34411871433258057,0.29636549949645996,-0.6307979226112366,-0.4148889482021332,-0.20830334722995758
A_P262_H185_s11_g96_o9,30,45,0.3074549734592438,0.1444767862558365,0.007942852564156055,0.2338196337223053,0.0476485937833786,0.03409995511174202,0.2494720220565796,0.6622759103775024,0.3364182412624359,0.28226104378700256,-311.5198059082031,131.5198211669922,0.14190758764743805,0.5517866015434265,0.3408489227294922,0.17362837493419647,0.517243504524231,0.2745850086212158,-0.24395790696144104,-0.052161574363708496,0.33641818165779114,-0.00021214038133621216,0.23216667771339417,0.1605301797389984,-0.53298419713974,0.3931122422218323,0.3513442873954773,-0.4350358545780182,-0.301820307970047,-0.09983185678720474
A_P262_H185_s11_g96_o9,30,90,0.11927979439496994,0.06415273994207382,0.11919032782316208,0.06407769024372101,0.09432748705148697,0.16477857530117035,0.4258432686328888,0.4305322468280792,4.332087701186538e-05,0.0002285319787915796,-252.5037384033203,72.50375366210938,0.18134254217147827,0.18535801768302917,0.2897205948829651,0.2286100536584854,0.5289368629455566,0.5860319137573242,-0.03236651420593262,-0.42461147904396057,2.808303906931542e-05,-3.2985470170388e-05,0.00020675479026976973,-9.736179345054552e-05,-0.39958861470222473,0.1602715253829956,0.31689852476119995,0.4350813925266266,-0.29443615674972534,0.37671926617622375
A_P262_H185_s11_g96_o9,35,0,0.04332154616713524,0.15089693665504456,0.043408818542957306,0.15090566873550415,0.15941253304481506,0.14957323670387268,0.2874751687049866,0.5530741214752197,0.00011313801951473579,0.00011316636664560065,-47.44102478027344,132.5589599609375,0.08264198899269104,0.3058909773826599,0.48851001262664795,0.1295115351676941,0.4288480281829834,0.564597487449646,-0.016056746244430542,0.28702640533447266,-6.76181516610086e-05,-9.070830856217071e-05,-4.4737411371897906e-05,-0.00010394801938673481,-0.42764168977737427,0.3507329225540161,0.2856963276863098,-0.6378774046897888,-0.3339427709579468,-0.13414084911346436
A_P262_H185_s11_g96_o9,35,45,0.39829105138778687,0.12398088723421097,0.0534212663769722,0.20071260631084442,0.04248704016208649,0.03267255052924156,0.2089838981628418,0.5909996628761292,0.4766889810562134,0.3952450454235077,35.42670440673828,144.57330322265625,0.19989292323589325,0.5765129923820496,0.34284263849258423,0.20592451095581055,0.45726442337036133,0.2175624966621399,-0.20878732204437256,0.009062200784683228,0.47646623849868774,0.014570355415344238,0.33826813101768494,0.2044341117143631,-0.4662722945213318,0.36314016580581665,0.3455985188484192,-0.4349096715450287,-0.2663159668445587,-0.09613732248544693
A_P262_H185_s11_g96_o9,35,90,0.050055958330631256,0.05114195868372917,0.05005219951272011,0.05110887810587883,0.06948055326938629,0.3325096368789673,0.42764222621917725,0.13957476615905762,6.615817255806178e-05,6.395789387170225e-05,-271.0284729003906,91.02848052978516,0.18287786841392517,0.019481118768453598,0.3870519697666168,0.4171786606311798,0.4300701320171356,0.5633401870727539,-0.373304158449173,-0.20861898362636566,-6.606536044273525e-05,-3.503110065139481e-06,1.7672347894404083e-05,-6.146787927718833e-05,-0.07026542723178864,0.12059803307056427,0.09663411974906921,0.6145842671394348,-0.41661298274993896,0.4935709536075592
A_P262_H185_s11_g96_o9,40,0,0.1903591752052307,0.20746135711669922,0.19028827548027039,0.20754167437553406,0.16720885038375854,0.11895928531885147,0.4876473546028137,0.7468939423561096,0.00012029114441247657,0.00022019687457941473,-87.2967529296875,92.7032470703125,0.2377999871969223,0.5578505396842957,0.40640267729759216,0.16584992408752441,0.35579732060432434,0.27629953622817993,0.21728402376174927,0.4365634024143219,7.528995047323406e-05,9.381568088429049e-05,0.00021984988416079432,1.2356822480796836e-05,-0.6522124409675598,0.3639635443687439,0.26392027735710144,-0.5803005695343018,-0.395577996969223,-0.09678832441568375
A_P262_H185_s11_g96_o9,40,45,0.6053625345230103,0.08164665848016739,0.20839855074882507,0.13074667751789093,0.03672482445836067,0.033212121576070786,0.1361832320690155,0.46741214394569397,0.6815427541732788,0.569766640663147,29.59602928161621,150.4039764404297,0.3431798815727234,0.682974636554718,0.28724154829978943,0.22419419884681702,0.3695785701274872,0.09283116459846497,-0.13265304267406464,0.030806541442871094,0.6813256740570068,0.017199203372001648,0.5164856314659119,0.2405756562948227,-0.3436722457408905,0.3168019950389862,0.29311603307724,-0.41009241342544556,-0.21218256652355194,-0.09530229866504669
A_P262_H185_s11_g96_o9,40,90,0.34073588252067566,0.03366667404770851,0.34064459800720215,0.03362555056810379,0.039760004729032516,0.27602335810661316,0.7649400234222412,0.40440014004707336,1.408100433764048e-05,0.00011083457502536476,-186.98773193359375,6.987730979919434,0.5851332545280457,0.16353946924209595,0.19767352938652039,0.43378445506095886,0.21719321608543396,0.4026760756969452,-0.7281729578971863,-0.23430192470550537,4.048955815960653e-06,1.3486313036992215e-05,-3.0425329896388575e-05,-0.00010657674283720553,0.3670337200164795,0.1697814166545868,-0.06847311556339264,0.439300537109375,-0.46631142497062683,0.46512162685394287
A_P262_H185_s11_g96_o9,45,0,0.0,0.0,0.0,0.0,0.0,0.0,0.0,0.0,0.0,0.0,0.0,180.0,0.0,0.0,0.0,0.0,1.0,1.0,0.0,0.0,0.0,0.0,0.0,0.0,0.0,0.0,0.0,0.0,0.0,0.0
A_P262_H185_s11_g96_o9,45,45,0.0,0.0,0.0,0.0,0.0,0.0,0.0,0.0,0.0,0.0,0.0,180.0,0.0,0.0,0.0,0.0,1.0,1.0,0.0,0.0,0.0,0.0,0.0,0.0,0.0,0.0,0.0,0.0,0.0,0.0
A_P262_H185_s11_g96_o9,45,90,0.0,0.0,0.0,0.0,0.0,0.0,0.0,0.0,0.0,0.0,0.0,180.0,0.0,0.0,0.0,0.0,1.0,1.0,0.0,0.0,0.0,0.0,0.0,0.0,0.0,0.0,0.0,0.0,0.0,0.0
A_P262_H185_s11_g96_o9,50,0,0.0,0.0,0.0,0.0,0.0,0.0,0.0,0.0,0.0,0.0,0.0,180.0,0.0,0.0,0.0,0.0,1.0,1.0,0.0,0.0,0.0,0.0,0.0,0.0,0.0,0.0,0.0,0.0,0.0,0.0
A_P262_H185_s11_g96_o9,50,45,0.0,0.0,0.0,0.0,0.0,0.0,0.0,0.0,0.0,0.0,0.0,180.0,0.0,0.0,0.0,0.0,1.0,1.0,0.0,0.0,0.0,0.0,0.0,0.0,0.0,0.0,0.0,0.0,0.0,0.0
A_P262_H185_s11_g96_o9,50,90,0.0,0.0,0.0,0.0,0.0,0.0,0.0,0.0,0.0,0.0,0.0,180.0,0.0,0.0,0.0,0.0,1.0,1.0,0.0,0.0,0.0,0.0,0.0,0.0,0.0,0.0,0.0,0.0,0.0,0.0
A_P262_H185_s11_g96_o9,55,0,0.0,0.0,0.0,0.0,0.0,0.0,0.0,0.0,0.0,0.0,0.0,180.0,0.0,0.0,0.0,0.0,1.0,1.0,0.0,0.0,0.0,0.0,0.0,0.0,0.0,0.0,0.0,0.0,0.0,0.0
A_P262_H185_s11_g96_o9,55,45,0.0,0.0,0.0,0.0,0.0,0.0,0.0,0.0,0.0,0.0,0.0,180.0,0.0,0.0,0.0,0.0,1.0,1.0,0.0,0.0,0.0,0.0,0.0,0.0,0.0,0.0,0.0,0.0,0.0,0.0
A_P262_H185_s11_g96_o9,55,90,0.0,0.0,0.0,0.0,0.0,0.0,0.0,0.0,0.0,0.0,0.0,180.0,0.0,0.0,0.0,0.0,1.0,1.0,0.0,0.0,0.0,0.0,0.0,0.0,0.0,0.0,0.0,0.0,0.0,0.0
A_P262_H185_s11_g96_o9,60,0,0.0,0.0,0.0,0.0,0.0,0.0,0.0,0.0,0.0,0.0,0.0,180.0,0.0,0.0,0.0,0.0,1.0,1.0,0.0,0.0,0.0,0.0,0.0,0.0,0.0,0.0,0.0,0.0,0.0,0.0
A_P262_H185_s11_g96_o9,60,45,0.0,0.0,0.0,0.0,0.0,0.0,0.0,0.0,0.0,0.0,0.0,180.0,0.0,0.0,0.0,0.0,1.0,1.0,0.0,0.0,0.0,0.0,0.0,0.0,0.0,0.0,0.0,0.0,0.0,0.0
A_P262_H185_s11_g96_o9,60,90,0.0,0.0,0.0,0.0,0.0,0.0,0.0,0.0,0.0,0.0,0.0,180.0,0.0,0.0,0.0,0.0,1.0,1.0,0.0,0.0,0.0,0.0,0.0,0.0,0.0,0.0,0.0,0.0,0.0,0.0
B_P271_H215_s11_g96_o9,0,0,0.5048607587814331,0.004552029073238373,0.5048467516899109,0.004551135003566742,0.03533848002552986,0.021334534510970116,0.6885203123092651,0.7380720973014832,2.3777813112246804e-05,1.3546675290854182e-05,169.8997802734375,10.100224494934082,0.47406020760536194,0.5447503924369812,0.006483879406005144,0.10690925270318985,0.5194559693336487,0.34834036231040955,0.6883912682533264,-0.013329386711120605,1.2619248082046397e-05,2.0152891011093743e-05,1.0521729564061388e-05,-8.53262099553831e-06,-0.7290034890174866,-0.11534452438354492,-0.06779168546199799,0.04345238208770752,-0.001819753204472363,-0.32696473598480225
B_P271_H215_s11_g96_o9,0,45,0.5048607587814331,0.004552029073238373,0.5048467516899109,0.004551135003566742,0.03533848002552986,0.021334534510970116,0.6885203123092651,0.7380720973014832,2.3777813112246804e-05,1.3546675290854182e-05,169.8997802734375,10.100224494934082,0.47406020760536194,0.5447503924369812,0.006483879406005144,0.10690925270318985,0.5194559693336487,0.34834036231040955,0.6883912682533264,-0.013329386711120605,1.2619248082046397e-05,2.0152891011093743e-05,1.0521729564061388e-05,-8.53262099553831e-06,-0.7290034890174866,-0.11534452438354492,-0.06779168546199799,0.04345238208770752,-0.001819753204472363,-0.32696473598480225
B_P271_H215_s11_g96_o9,0,90,0.5048607587814331,0.004552029073238373,0.5048467516899109,0.004551135003566742,0.03533848002552986,0.021334534510970116,0.6885203123092651,0.7380720973014832,2.3777813112246804e-05,1.3546675290854182e-05,169.8997802734375,10.100224494934082,0.47406020760536194,0.5447503924369812,0.006483879406005144,0.10690925270318985,0.5194559693336487,0.34834036231040955,0.6883912682533264,-0.013329386711120605,1.2619248082046397e-05,2.0152891011093743e-05,1.0521729564061388e-05,-8.53262099553831e-06,-0.7290034890174866,-0.11534452438354492,-0.06779168546199799,0.04345238208770752,-0.001819753204472363,-0.32696473598480225
B_P271_H215_s11_g96_o9,5,0,0.4173955023288727,0.02363204024732113,0.41751450300216675,0.023601779714226723,0.056716322898864746,0.008791282773017883,0.579361081123352,0.7392459511756897,5.5287622672040015e-05,0.0001021133066387847,156.86166381835938,23.13834571838379,0.3356592655181885,0.5464845895767212,0.0244479738175869,0.10658486932516098,0.6398927569389343,0.34693053364753723,0.5602712631225586,-0.14749714732170105,-5.412537939264439e-05,1.1276732948317658e-05,-1.119264925364405e-05,-0.00010149803711101413,-0.7313356995582581,-0.10785472393035889,0.056383166462183,0.14583855867385864,-0.006078481674194336,-0.3264167904853821
B_P271_H215_s11_g96_o9,5,45,0.4712214767932892,0.01259702816605568,0.4512411057949066,0.014956136234104633,0.04182175174355507,0.011540338397026062,0.6330971717834473,0.7409651279449463,0.008660390973091125,0.009972576051950455,162.51634216308594,17.483659744262695,0.40091148018836975,0.5491043329238892,0.011306993663311005,0.1006874293088913,0.587781548500061,0.35020822286605835,0.6266078352928162,-0.09041357040405273,0.0044779968447983265,0.0074128215201199055,-0.0068466151133179665,0.007250940892845392,-0.7312818765640259,-0.11939918994903564,-0.007119785062968731,0.10549310594797134,-0.004080937709659338,-0.31719809770584106
B_P271_H215_s11_g96_o9,5,90,0.5054309368133545,0.005945861339569092,0.5055592060089111,0.005930929910391569,0.033087097108364105,0.01730138435959816,0.6863613128662109,0.7428156733512878,5.94711527810432e-05,7.912147702882066e-05,168.4729461669922,11.527063369750977,0.4710918664932251,0.5517750978469849,0.007111949380487204,0.09362293779850006,0.5217961668968201,0.35460197925567627,0.6861448884010315,-0.01723569631576538,-5.644421253236942e-05,-1.8731489035417326e-05,2.793464227579534e-05,-7.402610208373517e-05,-0.7313314080238342,-0.1301133930683136,-0.06671912968158722,0.051576562225818634,-0.0025054297875612974,-0.30596840381622314
B_P271_H215_s11_g96_o9,10,0,0.22475282847881317,0.09841013699769974,0.2245507836341858,0.09842894226312637,0.10411553084850311,0.035970818251371384,0.30642858147621155,0.7431313395500183,3.300051685073413e-05,0.0002744788071140647,123.66519165039062,56.33481216430664,0.09389854967594147,0.5522441864013672,0.17436333000659943,0.10595700889825821,0.7317381501197815,0.3417988121509552,0.19847427308559418,-0.23346614837646484,2.9884720788686536e-05,1.3997766473039519e-05,0.00022126201656647027,0.00016242456331383437,-0.738051176071167,-0.08674456924200058,0.37264686822891235,0.18840749561786652,-0.01898191124200821,-0.3249564468860626
B_P271_H215_s11_g96_o9,10,45,0.37093955278396606,0.04909270256757736,0.30089062452316284,0.0633113756775856,0.053578101098537445,0.00808769278228283,0.469560831785202,0.7491183280944824,0.035672396421432495,0.03600294888019562,142.52651977539062,37.47349166870117,0.2217835783958435,0.5624507665634155,0.07555865496397018,0.08218429982662201,0.7026577591896057,0.35536491870880127,0.416533499956131,-0.216765359044075,0.021157624199986458,0.028720634058117867,-0.017139920964837074,0.0316612608730793,-0.7377809286117554,-0.12983661890029907,0.18347802758216858,0.20025266706943512,-0.011679137125611305,-0.28512993454933167
B_P271_H215_s11_g96_o9,10,90,0.5036022663116455,0.01153809204697609,0.5034739971160889,0.011543243192136288,0.02557266503572464,0.007842323742806911,0.6791783571243286,0.7542375922203064,1.4827332961431239e-06,9.234133176505566e-05,163.83035278320312,16.169652938842773,0.46128323674201965,0.5688743591308594,0.009797724895179272,0.05702657997608185,0.5289190411567688,0.37409907579421997,0.6785863637924194,-0.02835175395011902,5.849202580066049e-07,-1.362485363642918e-06,1.3430552314730448e-07,9.234123717760667e-05,-0.732537567615509,-0.17961925268173218,-0.0626082494854927,0.07666750252246857,-0.009508566930890083,-0.23861300945281982
B_P271_H215_s11_g96_o9,15,0,0.11768610775470734,0.17017269134521484,0.11764288693666458,0.1701112538576126,0.1322886198759079,0.08865854144096375,0.11774604022502899,0.7494989633560181,4.5112908992450684e-05,0.00031325785676017404,53.51287841796875,126.48712921142578,0.013864227570593357,0.5617486834526062,0.339207261800766,0.10297680646181107,0.6469285488128662,0.33527451753616333,-0.06318718194961548,-0.09935547411441803,3.2428073609480634e-05,3.136231316602789e-05,0.0003131503181066364,8.207392966141924e-06,-0.7476439476013184,-0.05269930511713028,0.5784541964530945,0.06780727952718735,-0.038333941251039505,-0.3186021149158478
B_P271_H215_s11_g96_o9,15,45,0.26324790716171265,0.10922300815582275,0.14862506091594696,0.13778656721115112,0.056105274707078934,0.02952003851532936,0.26669761538505554,0.7595062851905823,0.0801146999001503,0.06698377430438995,113.0611801147461,66.93882751464844,0.07561444491147995,0.5832681655883789,0.20779076218605042,0.057738691568374634,0.7165948152542114,0.35899314284324646,0.14987798035144806,-0.22059965133666992,0.05354909598827362,0.05958908796310425,-0.015002574771642685,0.06528206914663315,-0.745217502117157,-0.14663095772266388,0.4051142632961273,0.19276858866214752,-0.02476656250655651,-0.23224380612373352
B_P271_H215_s11_g96_o9,15,90,0.4836462438106537,0.02565520815551281,0.4835985600948334,0.025696128606796265,0.013755638152360916,0.0023913320619612932,0.6649404168128967,0.759243369102478,4.67940371891018e-05,8.666775102028623e-05,155.1065216064453,24.89348602294922,0.44214576482772827,0.5764504671096802,0.01748926378786564,0.014941402710974216,0.5403649806976318,0.4086081385612488,0.6636244654655457,-0.0418127179145813,4.370909300632775e-05,1.6709194824215956e-05,-8.597883424954489e-05,1.0905914678005502e-05,-0.7074369788169861,-0.27565085887908936,-0.05417599901556969,0.12063988298177719,-0.04343857616186142,-0.11425622552633286
B_P271_H215_s11_g96_o9,20,0,0.08986765891313553,0.21401700377464294,0.08996887505054474,0.21385297179222107,0.14250890910625458,0.11510784924030304,0.17486223578453064,0.759690523147583,1.1700036338879727e-05,0.00018953598919324577,338.9985656738281,158.99856567382812,0.030576836317777634,0.5771296620368958,0.417534738779068,0.09803120791912079,0.5518884658813477,0.32483911514282227,-0.1641508787870407,0.060260191559791565,-4.9232553465117235e-06,1.0613784070301335e-05,8.063406130531803e-05,-0.00017152853251900524,-0.759608268737793,-0.011178625747561455,0.6447412967681885,-0.0429346077144146,-0.06296493113040924,-0.3067028224468231
B_P271_H215_s11_g96_o9,20,45,0.2062157243490219,0.16463682055473328,0.07318216562271118,0.18991251289844513,0.051219210028648376,0.04930754378437996,0.13098318874835968,0.7671616673469543,0.1400315761566162,0.0929778441786766,62.402854919433594,117.5971450805664,0.02580147609114647,0.6081458926200867,0.3210805356502533,0.03827787935733795,0.6531180143356323,0.3535762429237366,-0.03381539136171341,-0.12654294073581696,0.09925517439842224,0.09877881407737732,-0.0020916275680065155,0.09295431524515152,-0.7485809326171875,-0.16782008111476898,0.5419198870658875,0.11946594715118408,-0.04357488080859184,-0.16336680948734283
B_P271_H215_s11_g96_o9,20,90,0.4098784327507019,0.05418906360864639,0.40982821583747864,0.054190341383218765,0.0074962591752409935,0.024911686778068542,0.6383618116378784,0.721512496471405,1.441109816369135e-05,5.4360330977942795e-05,140.5516815185547,39.44831848144531,0.4075058102607727,0.5205802917480469,0.03689481317996979,0.027793072164058685,0.5555993914604187,0.45162662863731384,0.6363299489021301,-0.05089223384857178,2.733482233452378e-06,-1.4149481103231665e-05,-6.518608188343933e-06,5.396807682700455e-05,-0.5919251441955566,-0.41255897283554077,-0.039397843182086945,0.18799607455730438,-0.15563593804836273,0.05975386127829552
B_P271_H215_s11_g96_o9,25,0,0.09081555902957916,0.24722586572170258,0.09090084582567215,0.24710707366466522,0.1439630091190338,0.11760310083627701,0.27738457918167114,0.7740201354026794,3.483268301351927e-05,0.00021663136431016028,-43.278770446777344,136.72122192382812,0.07694225013256073,0.5991071462631226,0.43514305353164673,0.08809331059455872,0.48791468143463135,0.3127995431423187,-0.19379177689552307,0.19846147298812866,8.369815077458043e-06,3.3812157198553905e-05,0.00017427992133889347,-0.00012866877659689635,-0.7733393311500549,0.03245709463953972,0.6510180830955505,-0.10638793557882309,-0.08695629984140396,-0.2837814390659332
B_P271_H215_s11_g96_o9,25,45,0.1911579668521881,0.2088596373796463,0.06080624833703041,0.20324549078941345,0.05140860378742218,0.058554552495479584,0.12984594702720642,0.7664783596992493,0.21776296198368073,0.11090337485074997,-6.909952163696289,173.0900421142578,0.029159527271986008,0.6349097490310669,0.3827716112136841,0.03697842359542847,0.5880688428878784,0.32811182737350464,-0.12880706787109375,-0.01639235019683838,0.1578121930360794,0.15005339682102203,0.014094382524490356,0.11000411957502365,-0.7431815266609192,-0.1875375211238861,0.6007512807846069,0.05194966867566109,-0.06718309223651886,-0.08479194343090057
B_P271_H215_s11_g96_o9,25,90,0.25391897559165955,0.08806279301643372,0.2540297210216522,0.08817828446626663,0.037602499127388,0.1001773476600647,0.5866549611091614,0.5831172466278076,4.0348215406993404e-05,0.00019314116798341274,119.00112915039062,60.99887466430664,0.34416407346725464,0.34002572298049927,0.08322133123874664,0.19257758557796478,0.5726146101951599,0.46739667654037476,0.5853383541107178,-0.03928154706954956,3.0357077775988728e-05,-2.6578682081890292e-05,-0.00012770846660714597,-0.00014489327440969646,-0.3162253499031067,-0.489925742149353,-0.01956499181687832,0.28781649470329285,-0.3951007127761841,0.19097909331321716
B_P271_H215_s11_g96_o9,30,0,0.10641460865736008,0.2838905453681946,0.10666286200284958,0.28342998027801514,0.13920769095420837,0.09958068281412125,0.3823450207710266,0.7963731288909912,4.9827001930680126e-05,0.000440484524006024,-54.429779052734375,125.57019805908203,0.1461879014968872,0.6342101693153381,0.4105348289012909,0.06774173676967621,0.4432772696018219,0.29804807901382446,-0.19600066542625427,0.3282856345176697,6.05950117460452e-06,4.945717955706641e-05,5.823939136462286e-05,-0.0004366174398455769,-0.7936595678329468,0.06568586826324463,0.6270169019699097,-0.13184933364391327,-0.11264672875404358,-0.23463258147239685
B_P271_H215_s11_g96_o9,30,45,0.19829802215099335,0.25105276703834534,0.09028655290603638,0.1819399744272232,0.06469357758760452,0.06789343059062958,0.18852098286151886,0.7542123794555664,0.3209378719329834,0.11916258186101913,317.65411376953125,137.65411376953125,0.04973988234996796,0.6718374490737915,0.4016939103603363,0.0659741759300232,0.5485662221908569,0.2621883749961853,-0.16786536574363708,0.08579849451780319,0.2366948276758194,0.21674102544784546,0.03447858989238739,0.11406554281711578,-0.7275726795196533,-0.19868141412734985,0.6164411902427673,0.0034835583064705133,-0.09097976237535477,-0.009155182167887688
B_P271_H215_s11_g96_o9,30,90,0.08536350727081299,0.09055373072624207,0.0853770449757576,0.09059472382068634,0.12267936766147614,0.19911985099315643,0.47074925899505615,0.3609488904476166,0.00013973611930850893,0.00021959898003842682,88.24494171142578,91.75505828857422,0.22160491347312927,0.1302841156721115,0.19316858053207397,0.45028063654899597,0.5852264761924744,0.4194352328777313,0.4701881408691406,0.022977471351623535,-7.707296026637778e-05,-0.0001165587455034256,-0.0001750055089360103,-0.00013265285815577954,0.028651297092437744,-0.3598099648952484,-0.013740384951233864,0.43929460644721985,-0.6532931327819824,0.15326006710529327
B_P271_H215_s11_g96_o9,35,0,0.12668101489543915,0.330315500497818,0.12649506330490112,0.3306625485420227,0.12919074296951294,0.07014556229114532,0.5094996094703674,0.8090514540672302,3.350773476995528e-05,0.000314217759296298,-60.353233337402344,119.64675903320312,0.25958994030952454,0.6545642614364624,0.33903416991233826,0.05940242111682892,0.4013759195804596,0.2860333323478699,-0.20849215984344482,0.4648880362510681,-3.184770685038529e-05,1.0415942597319372e-05,4.667146276915446e-05,0.00031073231366463006,-0.8053381443023682,0.0774257555603981,0.5712869763374329,-0.1125403344631195,-0.14228183031082153,-0.19788455963134766
B_P271_H215_s11_g96_o9,35,45,0.22385722398757935,0.307803750038147,0.17028972506523132,0.13182097673416138,0.09321225434541702,0.08837313950061798,0.24739570915699005,0.7322980165481567,0.4712581932544708,0.11925826966762543,295.17852783203125,115.17850494384766,0.07542717456817627,0.7583446502685547,0.38762006163597107,0.129013791680336,0.5369527339935303,0.11264155805110931,-0.16146084666252136,0.18744340538978577,0.36041247844696045,0.30362334847450256,0.06855437159538269,0.09758500009775162,-0.7054504752159119,-0.19646887481212616,0.6073759198188782,-0.039477888494729996,-0.10250519216060638,0.04888199269771576
B_P271_H215_s11_g96_o9,35,90,0.02105173096060753,0.03682165965437889,0.021122220903635025,0.03675546869635582,0.1827477514743805,0.3027200996875763,0.1385824829339981,0.3107181787490845,0.0002344220847589895,0.0003784424625337124,68.61422729492188,111.38578033447266,0.01920524798333645,0.09654583781957626,0.40084677934646606,0.5696887373924255,0.5799479484558105,0.33376544713974,0.08101904392242432,0.11243228614330292,-0.00014467361324932426,0.00018445395107846707,-0.00011551618081284687,0.00036038135294802487,0.3009687066078186,-0.0772244781255722,-0.1514211744070053,0.6147503852844238,-0.7547242641448975,0.008943856693804264
B_P271_H215_s11_g96_o9,40,0,0.15989135205745697,0.24943271279335022,0.16015635430812836,0.24917759001255035,0.06806521117687225,0.028273433446884155,0.33706554770469666,0.8396694660186768,1.0386698704678565e-05,0.0003311657637823373,-71.61170196533203,108.38829040527344,0.11361329257488251,0.7050448060035706,0.15500077605247498,0.037768010050058365,0.7313859462738037,0.2571871876716614,-0.08080586791038513,0.3272362947463989,9.84490634436952e-06,3.3107910439866828e-06,0.00010325480252504349,-0.0003146572853438556,-0.8370608687400818,0.06613541394472122,0.3640204966068268,-0.14996598660945892,-0.15674787759780884,-0.11488302797079086
B_P271_H215_s11_g96_o9,40,45,0.3133387565612793,0.4108489453792572,0.40157774090766907,0.06568857282400131,0.1324450969696045,0.12180880457162857,0.3126815855503082,0.708604633808136,0.7556518912315369,0.14336659014225006,265.7359313964844,85.7359390258789,0.11832375824451447,1.0731303691864014,0.3404218256473541,0.21921370923519135,0.5412544012069702,-0.2923440933227539,-0.056923799216747284,0.30745643377304077,0.6292570233345032,0.41838422417640686,0.13842728734016418,0.03730771318078041,-0.6852429509162903,-0.18045112490653992,0.5686113238334656,-0.10800114274024963,-0.08083527535200119,0.07034038007259369
B_P271_H215_s11_g96_o9,40,90,0.12159517407417297,0.012628766708076,0.1215483695268631,0.012597708962857723,0.12483491748571396,0.18709149956703186,0.25157803297042847,0.4528559446334839,0.00013874442083761096,1.9251157937105745e-05,-163.01388549804688,16.98609733581543,0.0632915049791336,0.20507852733135223,0.2802313268184662,0.34358203411102295,0.6564772129058838,0.4513394236564636,-0.17653495073318481,-0.17923983931541443,-4.8134923417819664e-05,-0.000130127024021931,4.553088729153387e-06,1.870498454081826e-05,0.3981679081916809,0.21573324501514435,-0.09795641154050827,0.5202267169952393,-0.5860838890075684,0.009362339973449707
B_P271_H215_s11_g96_o9,45,0,0.0,0.0,0.0,0.0,0.0,0.0,0.0,0.0,0.0,0.0,0.0,180.0,0.0,0.0,0.0,0.0,1.0,1.0,0.0,0.0,0.0,0.0,0.0,0.0,0.0,0.0,0.0,0.0,0.0,0.0
B_P271_H215_s11_g96_o9,45,45,0.0,0.0,0.0,0.0,0.0,0.0,0.0,0.0,0.0,0.0,0.0,180.0,0.0,0.0,0.0,0.0,1.0,1.0,0.0,0.0,0.0,0.0,0.0,0.0,0.0,0.0,0.0,0.0,0.0,0.0
B_P271_H215_s11_g96_o9,45,90,0.0,0.0,0.0,0.0,0.0,0.0,0.0,0.0,0.0,0.0,0.0,180.0,0.0,0.0,0.0,0.0,1.0,1.0,0.0,0.0,0.0,0.0,0.0,0.0,0.0,0.0,0.0,0.0,0.0,0.0
B_P271_H215_s11_g96_o9,50,0,0.0,0.0,0.0,0.0,0.0,0.0,0.0,0.0,0.0,0.0,0.0,180.0,0.0,0.0,0.0,0.0,1.0,1.0,0.0,0.0,0.0,0.0,0.0,0.0,0.0,0.0,0.0,0.0,0.0,0.0
B_P271_H215_s11_g96_o9,50,45,0.0,0.0,0.0,0.0,0.0,0.0,0.0,0.0,0.0,0.0,0.0,180.0,0.0,0.0,0.0,0.0,1.0,1.0,0.0,0.0,0.0,0.0,0.0,0.0,0.0,0.0,0.0,0.0,0.0,0.0
B_P271_H215_s11_g96_o9,50,90,0.0,0.0,0.0,0.0,0.0,0.0,0.0,0.0,0.0,0.0,0.0,180.0,0.0,0.0,0.0,0.0,1.0,1.0,0.0,0.0,0.0,0.0,0.0,0.0,0.0,0.0,0.0,0.0,0.0,0.0
B_P271_H215_s11_g96_o9,55,0,0.0,0.0,0.0,0.0,0.0,0.0,0.0,0.0,0.0,0.0,0.0,180.0,0.0,0.0,0.0,0.0,1.0,1.0,0.0,0.0,0.0,0.0,0.0,0.0,0.0,0.0,0.0,0.0,0.0,0.0
B_P271_H215_s11_g96_o9,55,45,0.0,0.0,0.0,0.0,0.0,0.0,0.0,0.0,0.0,0.0,0.0,180.0,0.0,0.0,0.0,0.0,1.0,1.0,0.0,0.0,0.0,0.0,0.0,0.0,0.0,0.0,0.0,0.0,0.0,0.0
B_P271_H215_s11_g96_o9,55,90,0.0,0.0,0.0,0.0,0.0,0.0,0.0,0.0,0.0,0.0,0.0,180.0,0.0,0.0,0.0,0.0,1.0,1.0,0.0,0.0,0.0,0.0,0.0,0.0,0.0,0.0,0.0,0.0,0.0,0.0
B_P271_H215_s11_g96_o9,60,0,0.0,0.0,0.0,0.0,0.0,0.0,0.0,0.0,0.0,0.0,0.0,180.0,0.0,0.0,0.0,0.0,1.0,1.0,0.0,0.0,0.0,0.0,0.0,0.0,0.0,0.0,0.0,0.0,0.0,0.0
B_P271_H215_s11_g96_o9,60,45,0.0,0.0,0.0,0.0,0.0,0.0,0.0,0.0,0.0,0.0,0.0,180.0,0.0,0.0,0.0,0.0,1.0,1.0,0.0,0.0,0.0,0.0,0.0,0.0,0.0,0.0,0.0,0.0,0.0,0.0
B_P271_H215_s11_g96_o9,60,90,0.0,0.0,0.0,0.0,0.0,0.0,0.0,0.0,0.0,0.0,0.0,180.0,0.0,0.0,0.0,0.0,1.0,1.0,0.0,0.0,0.0,0.0,0.0,0.0,0.0,0.0,0.0,0.0,0.0,0.0
B_P271_H230_s11_g96_o9,0,0,0.42501479387283325,0.005276010371744633,0.4253125786781311,0.005283815786242485,0.03472325950860977,0.0902743712067604,0.6817435026168823,0.6293750405311584,2.0659794245148078e-05,0.0002302904613316059,191.8788604736328,11.878846168518066,0.4647742509841919,0.39611294865608215,0.016172030940651894,0.23384027183055878,0.5190536975860596,0.37004679441452026,0.6306276917457581,0.25900372862815857,1.9245022485847585e-05,7.513734090025537e-06,5.4468408052343875e-05,-0.00022375631670001894,-0.6189369559288025,-0.11414888501167297,-0.03996991738677025,-0.12072417885065079,0.05752716213464737,-0.48013633489608765
B_P271_H230_s11_g96_o9,0,45,0.42501479387283325,0.005276010371744633,0.4253125786781311,0.005283815786242485,0.03472325950860977,0.0902743712067604,0.6817435026168823,0.6293750405311584,2.0659794245148078e-05,0.0002302904613316059,191.8788604736328,11.878846168518066,0.4647742509841919,0.39611294865608215,0.016172030940651894,0.23384027183055878,0.5190536975860596,0.37004679441452026,0.6306276917457581,0.25900372862815857,1.9245022485847585e-05,7.513734090025537e-06,5.4468408052343875e-05,-0.00022375631670001894,-0.6189369559288025,-0.11414888501167297,-0.03996991738677025,-0.12072417885065079,0.05752716213464737,-0.48013633489608765
B_P271_H230_s11_g96_o9,0,90,0.42501479387283325,0.005276010371744633,0.4253125786781311,0.005283815786242485,0.03472325950860977,0.0902743712067604,0.6817435026168823,0.6293750405311584,2.0659794245148078e-05,0.0002302904613316059,191.8788604736328,11.878846168518066,0.4647742509841919,0.39611294865608215,0.016172030940651894,0.23384027183055878,0.5190536975860596,0.37004679441452026,0.6306276917457581,0.25900372862815857,1.9245022485847585e-05,7.513734090025537e-06,5.4468408052343875e-05,-0.00022375631670001894,-0.6189369559288025,-0.11414888501167297,-0.03996991738677025,-0.12072417885065079,0.05752716213464737,-0.48013633489608765
B_P271_H230_s11_g96_o9,5,0,0.279751181602478,0.010773816145956516,0.27931448817253113,0.010792962275445461,0.06999698281288147,0.059553928673267365,0.42645272612571716,0.631482720375061,0.00017986026068683714,0.00033739180071279407,176.3438262939453,3.656187057495117,0.18186204135417938,0.39877045154571533,0.027735786512494087,0.23132415115833282,0.7904021739959717,0.36990541219711304,0.42410948872566223,0.04464387893676758,-1.8178341633756645e-05,0.0001789392699720338,-0.0002745287783909589,0.00019613052427303046,-0.6225190758705139,-0.10602091997861862,0.1620039939880371,0.038605328649282455,0.050262220203876495,-0.4783281683921814
B_P271_H230_s11_g96_o9,5,45,0.3642127513885498,0.002276525367051363,0.33072370290756226,0.0020318918395787477,0.04910767450928688,0.0623784139752388,0.5448794960975647,0.6339558959007263,0.015212648548185825,0.014824303798377514,182.3641357421875,2.364133358001709,0.29711341857910156,0.40213149785995483,0.004147356376051903,0.22400079667568207,0.698739230632782,0.3738676905632019,0.5309724807739258,0.12231883406639099,0.0022876649163663387,0.015039656311273575,-0.007193729281425476,0.012961876578629017,-0.6231200695037842,-0.11671097576618195,0.060689862817525864,-0.013453938998281956,0.05306355655193329,-0.4701504707336426
B_P271_H230_s11_g96_o9,5,90,0.429539293050766,0.004017771687358618,0.4298265278339386,0.004077285062521696,0.032426804304122925,0.08283423632383347,0.6806562542915344,0.6357418298721313,3.9683662180323154e-05,0.00048339206841774285,190.3833465576172,10.383336067199707,0.4632931649684906,0.40416768193244934,0.014621162787079811,0.21557936072349548,0.5220856666564941,0.38025298714637756,0.6316446661949158,0.25360989570617676,1.3056582247372717e-05,-3.747424125322141e-05,0.0004816007858607918,-4.1576284274924546e-05,-0.6229957938194275,-0.1266646534204483,-0.0421869158744812,-0.11331366747617722,0.05584569275379181,-0.46093451976776123
B_P271_H230_s11_g96_o9,10,0,0.1167415902018547,0.08869480341672897,0.11685183644294739,0.08834737539291382,0.11606345325708389,0.11628647893667221,0.04476942867040634,0.6392425894737244,0.00024333152396138757,0.00044539046939462423,188.87777709960938,8.87777042388916,0.002004500012844801,0.4086311459541321,0.23904331028461456,0.2259969264268875,0.7589522004127502,0.3653719425201416,0.04293683171272278,0.012677937746047974,8.685320790391415e-05,0.0002273032150696963,0.00029247647034935653,-0.0003359020338393748,-0.6336677074432373,-0.08423969149589539,0.4880883991718292,0.02850654348731041,0.027539415284991264,-0.47459298372268677
B_P271_H230_s11_g96_o9,10,45,0.23901823163032532,0.04230618104338646,0.15872423350811005,0.04489264637231827,0.06900796294212341,0.06278973072767258,0.24347122013568878,0.6486477851867676,0.05351003259420395,0.04534103721380234,166.01419067382812,13.985823631286621,0.061334043741226196,0.4236072599887848,0.10894396901130676,0.1965891569852829,0.8297220468521118,0.3798035979270935,0.24318355321884155,-0.01183183491230011,0.022577272728085518,0.04851381480693817,-0.006627436261624098,0.0448540598154068,-0.6362936496734619,-0.1259934902191162,0.31775206327438354,0.07209071516990662,0.0401848703622818,-0.4402759075164795
B_P271_H230_s11_g96_o9,10,90,0.4407613277435303,0.001188892056234181,0.4408876597881317,0.0011852225288748741,0.026284368708729744,0.06024937704205513,0.6769771575927734,0.6524761319160461,8.607819472672418e-05,0.00012687232811003923,185.5543975830078,5.554392337799072,0.45829808712005615,0.4257251024246216,0.010522731579840183,0.16269154846668243,0.5311791896820068,0.4115833640098572,0.6326287984848022,0.24099552631378174,6.895809201523662e-05,5.1519284170353785e-05,7.1621002462052274e-06,-0.00012667001283261925,-0.6293519139289856,-0.1721663475036621,-0.047693755477666855,-0.09081768989562988,0.047189682722091675,-0.40058043599128723
B_P271_H230_s11_g96_o9,15,0,0.07810238003730774,0.14992298185825348,0.0780394896864891,0.14992772042751312,0.13607856631278992,0.1607598215341568,0.1710924506187439,0.65323805809021,8.219105802709237e-05,9.360042895423248e-05,310.00927734375,130.00927734375,0.029272636398673058,0.4267199635505676,0.3752357065677643,0.21840430796146393,0.5954916477203369,0.35487574338912964,-0.11987641453742981,0.12207485735416412,3.983094575232826e-05,7.189482130343094e-05,5.35065119038336e-05,7.679904229007661e-05,-0.651250958442688,-0.05091308429837227,0.6091504693031311,-0.0645865648984909,-0.009143783710896969,-0.46724799275398254
B_P271_H230_s11_g96_o9,15,45,0.17175333201885223,0.10907742381095886,0.07914567738771439,0.1072385385632515,0.06753812730312347,0.08745228499174118,0.024322496727108955,0.671502947807312,0.1026843935251236,0.07185489684343338,228.53245544433594,48.53244400024414,0.005754710175096989,0.46146029233932495,0.26045361161231995,0.1555672436952591,0.733791708946228,0.38297247886657715,0.011913739144802094,0.021204873919487,0.05947820842266083,0.0837044045329094,0.008464266546070576,0.07135462760925293,-0.6564894318580627,-0.14120128750801086,0.5018043518066406,0.02936379425227642,0.02069251611828804,-0.39014723896980286
B_P271_H230_s11_g96_o9,15,90,0.4460010230541229,0.0004930520663037896,0.44605621695518494,0.0005003440310247242,0.014682800509035587,0.029131606221199036,0.6693518161773682,0.667097270488739,6.285633571678773e-05,0.0002271692210342735,176.1823272705078,3.8176796436309814,0.4480319023132324,0.4450187683105469,0.005728835705667734,0.08185771107673645,0.5462392568588257,0.4731235206127167,0.6317177414894104,0.22127938270568848,-5.480776962940581e-05,-3.0773808248341084e-05,-0.00019787774363067,-0.00011158069537486881,-0.6135093569755554,-0.26196375489234924,-0.05489775910973549,-0.052105870097875595,0.009370644576847553,-0.28595438599586487
B_P271_H230_s11_g96_o9,20,0,0.07496383786201477,0.19133996963500977,0.07505171000957489,0.1911972165107727,0.1468280702829361,0.16664855182170868,0.28153547644615173,0.6732685565948486,2.6324332793592475e-05,0.00018762100080493838,307.8324890136719,127.8324966430664,0.07926226407289505,0.45329055190086365,0.42101815342903137,0.2062046229839325,0.4997195899486542,0.34050479531288147,-0.17507222294807434,0.22048117220401764,-1.5461295333807357e-05,-2.1305371774360538e-05,-4.417056334204972e-05,-0.0001823474740376696,-0.6732292771339417,-0.0072701070457696915,0.6373389959335327,-0.12172555923461914,-0.05497981980443001,-0.4507569670677185
B_P271_H230_s11_g96_o9,20,45,0.15917518734931946,0.1670447438955307,0.06878353655338287,0.1446538269519806,0.05522933602333069,0.08732876181602478,0.1387263834476471,0.696443498134613,0.16371065378189087,0.09261513501405716,305.14263916015625,125.14263153076172,0.027822572737932205,0.5118347406387329,0.35159415006637573,0.11043736338615417,0.6205832958221436,0.3777278959751129,-0.10364162921905518,0.09221401065587997,0.10578297823667526,0.1249445378780365,0.02438666857779026,0.08934681862592697,-0.6780521273612976,-0.15899336338043213,0.579902172088623,-0.024289000779390335,-0.0067396326921880245,-0.32130295038223267
B_P271_H230_s11_g96_o9,20,90,0.4064730405807495,0.012293669395148754,0.40657731890678406,0.012296202592551708,0.005126390140503645,0.010866215452551842,0.6549038887023926,0.63932865858078,2.797744127747137e-05,5.8614132285583764e-05,160.31529235839844,19.684715270996094,0.4288991093635559,0.40874114632606506,0.0037643834948539734,0.02825741097331047,0.5673364996910095,0.5630014538764954,0.6240423917770386,0.1986711323261261,3.6009714676765725e-06,-2.774473250610754e-05,8.688906746101566e-06,-5.796653567813337e-05,-0.5082700252532959,-0.3878178894519806,-0.06082525476813316,0.008037696592509747,-0.11136221140623093,-0.12592008709907532
B_P271_H230_s11_g96_o9,25,0,0.08162005990743637,0.22945216298103333,0.08137305825948715,0.2293141931295395,0.15194262564182281,0.1508389264345169,0.366948664188385,0.6979312896728516,0.0002783557283692062,0.00018662342336028814,-54.728912353515625,125.27111053466797,0.13465134799480438,0.48710817098617554,0.4177083969116211,0.1877586841583252,0.44764024019241333,0.32513314485549927,-0.19336840510368347,0.31186532974243164,-0.00014800367353018373,0.00023574737133458257,-0.00016487206448800862,8.743858052184805e-05,-0.6966512799263,0.04225011542439461,0.6289880275726318,-0.14860151708126068,-0.10102342814207077,-0.4213702976703644
B_P271_H230_s11_g96_o9,25,45,0.17205509543418884,0.21819168329238892,0.08771032840013504,0.15454955399036407,0.043937914073467255,0.0703161284327507,0.2212902307510376,0.7158206701278687,0.24338583648204803,0.10909353196620941,300.8123474121094,120.81234741210938,0.06087076663970947,0.571635901927948,0.391853004693985,0.07663602381944656,0.5472762584686279,0.35172808170318604,-0.1563621610403061,0.15658940374851227,0.1641996204853058,0.1796528697013855,0.03841223940253258,0.10210728645324707,-0.694114089012146,-0.17494244873523712,0.6049100756645203,-0.056739263236522675,-0.04173069819808006,-0.2378382682800293
B_P271_H230_s11_g96_o9,25,90,0.27860313653945923,0.04574000835418701,0.2787048816680908,0.04591832309961319,0.024602748453617096,0.04456529766321182,0.6280447840690613,0.5045056343078613,2.564679380157031e-05,0.00040002929745242,137.29083251953125,42.70917510986328,0.3944404125213623,0.25452592968940735,0.01267718430608511,0.12578798830509186,0.5928823947906494,0.6196861267089844,0.6006932854652405,0.18332439661026,-6.203008069860516e-06,2.488535210432019e-05,-0.0002386513806413859,-0.0003210435388609767,-0.2546834945678711,-0.435502290725708,-0.0630853921175003,0.0932580828666687,-0.3538653254508972,-0.02381843514740467
B_P271_H230_s11_g96_o9,30,0,0.09428209066390991,0.2763122022151947,0.09408704191446304,0.27641505002975464,0.1472608596086502,0.12085765600204468,0.45445287227630615,0.7311421632766724,0.0003031788219232112,0.00040619089850224555,-56.75041580200195,123.24958801269531,0.20652757585048676,0.5345689654350281,0.3772640824317932,0.15876498818397522,0.41620832681655884,0.3066660463809967,-0.20027202367782593,0.4079442620277405,6.380464037647471e-05,0.0002963888691738248,0.00028724255389533937,0.00028719811234623194,-0.7255328893661499,0.09039285778999329,0.5952726602554321,-0.1513754278421402,-0.1392844021320343,-0.3733159899711609
B_P271_H230_s11_g96_o9,30,45,0.19867172837257385,0.2708250880241394,0.1284126341342926,0.13876546919345856,0.041667692363262177,0.05451996996998787,0.2763066589832306,0.7236239910125732,0.3499605357646942,0.11927062273025513,293.90216064453125,113.90216064453125,0.0905708521604538,0.646104097366333,0.3997742831707001,0.07279088348150253,0.5096548795700073,0.28110501170158386,-0.17187350988388062,0.21634432673454285,0.24431990087032318,0.2505596876144409,0.05331788212060928,0.10668966919183731,-0.7003751993179321,-0.18195125460624695,0.6037518382072449,-0.07560104131698608,-0.08072013407945633,-0.15017810463905334
B_P271_H230_s11_g96_o9,30,90,0.12393077462911606,0.08152923732995987,0.12392587959766388,0.08149358630180359,0.08886019885540009,0.10880797356367111,0.5730744004249573,0.28716757893562317,7.003665086813271e-05,8.80582956597209e-05,104.93639373779297,75.06361389160156,0.32841426134109497,0.08246522396802902,0.05021106079220772,0.34499311447143555,0.6213746666908264,0.5725416541099548,0.539561927318573,0.1930989921092987,1.8098036889568903e-05,-6.765791476937011e-05,-8.709047688171268e-05,1.3019711332162842e-05,0.02380448579788208,-0.28617924451828003,-0.062296926975250244,0.21524424850940704,-0.5823653340339661,-0.07644446939229965
B_P271_H230_s11_g96_o9,35,0,0.10959998518228531,0.34392064809799194,0.10956701636314392,0.34398797154426575,0.14027920365333557,0.06852489709854126,0.5632932186126709,0.767969012260437,0.00017703408957459033,0.0002528898767195642,-57.19488525390625,122.80513763427734,0.3172993063926697,0.5897764563560486,0.28959789872169495,0.1276976317167282,0.3931027948856354,0.282525897026062,-0.2352566123008728,0.5118139982223511,9.853675146587193e-05,0.00014707677473779768,0.00020460238738451153,0.00014863091928418726,-0.7602713704109192,0.10846133530139923,0.5253961682319641,-0.11643277108669281,-0.20159946382045746,-0.2950512766838074
B_P271_H230_s11_g96_o9,35,45,0.2429574429988861,0.3375210762023926,0.2083999216556549,0.09871164709329605,0.052977144718170166,0.05437597632408142,0.31911176443099976,0.7179645299911499,0.5048643946647644,0.12408366054296494,283.73370361328125,103.73370361328125,0.11722907423973083,0.7703611254692078,0.38096338510513306,0.11185725778341293,0.5018075108528137,0.1177816167473793,-0.14776864647865295,0.2828369736671448,0.37300896644592285,0.3402239680290222,0.07829130440950394,0.09626643359661102,-0.6970866918563843,-0.17188133299350739,0.5844353437423706,-0.09620636701583862,-0.1134587898850441,-0.07288545370101929
B_P271_H230_s11_g96_o9,35,90,0.02718992717564106,0.09336493909358978,0.02726171724498272,0.09333986788988113,0.16632920503616333,0.15639826655387878,0.4324342608451843,0.2327161729335785,0.00011052704212488607,0.0004984606057405472,48.92118835449219,131.0788116455078,0.18699964880943298,0.0541568286716938,0.16606953740119934,0.47908613085746765,0.6469308137893677,0.46675702929496765,0.32950156927108765,0.2800501883029938,-0.0001101516027119942,-9.102278454520274e-06,0.0004201096307951957,0.00026827392866835,0.23012426495552063,-0.03463581204414368,-0.09339308738708496,0.3966695964336395,-0.6679438352584839,-0.18148592114448547
B_P271_H230_s11_g96_o9,40,0,0.1441357284784317,0.24757955968379974,0.14454516768455505,0.24728642404079437,0.0603131540119648,0.039541468024253845,0.317624568939209,0.8262332081794739,0.00010379863670095801,0.00045424693962559104,-66.86894989013672,113.13103485107422,0.10088557749986649,0.6826612949371338,0.11604587733745575,0.08370448648929596,0.7830685377120972,0.23363421857357025,-0.08407735824584961,0.3062945604324341,-2.278457577631343e-05,-0.0001012670763884671,3.5224624298280105e-05,-0.00045287911780178547,-0.8186249136924744,0.11186869442462921,0.30254775285720825,-0.15655893087387085,-0.18424996733665466,-0.22306151688098907
B_P271_H230_s11_g96_o9,40,45,0.3608764708042145,0.4483672082424164,0.43379098176956177,0.046616844832897186,0.07613995671272278,0.0731009691953659,0.3685953915119171,0.7053055167198181,0.7971128821372986,0.14472097158432007,261.58148193359375,81.58148956298828,0.15680672228336334,1.1328448057174683,0.32718005776405334,0.19210436940193176,0.5160132646560669,-0.3249491751194,-0.021862655878067017,0.36794644594192505,0.658019483089447,0.44988811016082764,0.1359470784664154,0.04962409660220146,-0.6903529167175293,-0.14446000754833221,0.5345040559768677,-0.14638449251651764,-0.12071433663368225,-0.026358380913734436
B_P271_H230_s11_g96_o9,40,90,0.04202965646982193,0.03542729839682579,0.04195640608668327,0.03541336581110954,0.1335107833147049,0.15260528028011322,0.029318206012248993,0.39238643646240234,0.0001061742877936922,0.00022937556786928326,124.84353637695312,55.15646743774414,0.0008596098050475121,0.15396712720394135,0.24177658557891846,0.3303146958351135,0.7573637962341309,0.5157181620597839,-0.027151286602020264,0.011061865836381912,9.19259327929467e-05,-5.3128169383853674e-05,-0.00014139125414658338,-0.00018061467562802136,0.32912135124206543,0.21364983916282654,-0.14957603812217712,0.4684053361415863,-0.5580112934112549,-0.13761575520038605
B_P271_H230_s11_g96_o9,45,0,0.0,0.0,0.0,0.0,0.0,0.0,0.0,0.0,0.0,0.0,0.0,180.0,0.0,0.0,0.0,0.0,1.0,1.0,0.0,0.0,0.0,0.0,0.0,0.0,0.0,0.0,0.0,0.0,0.0,0.0
B_P271_H230_s11_g96_o9,45,45,0.0,0.0,0.0,0.0,0.0,0.0,0.0,0.0,0.0,0.0,0.0,180.0,0.0,0.0,0.0,0.0,1.0,1.0,0.0,0.0,0.0,0.0,0.0,0.0,0.0,0.0,0.0,0.0,0.0,0.0
B_P271_H230_s11_g96_o9,45,90,0.0,0.0,0.0,0.0,0.0,0.0,0.0,0.0,0.0,0.0,0.0,180.0,0.0,0.0,0.0,0.0,1.0,1.0,0.0,0.0,0.0,0.0,0.0,0.0,0.0,0.0,0.0,0.0,0.0,0.0
B_P271_H230_s11_g96_o9,50,0,0.0,0.0,0.0,0.0,0.0,0.0,0.0,0.0,0.0,0.0,0.0,180.0,0.0,0.0,0.0,0.0,1.0,1.0,0.0,0.0,0.0,0.0,0.0,0.0,0.0,0.0,0.0,0.0,0.0,0.0
B_P271_H230_s11_g96_o9,50,45,0.0,0.0,0.0,0.0,0.0,0.0,0.0,0.0,0.0,0.0,0.0,180.0,0.0,0.0,0.0,0.0,1.0,1.0,0.0,0.0,0.0,0.0,0.0,0.0,0.0,0.0,0.0,0.0,0.0,0.0
B_P271_H230_s11_g96_o9,50,90,0.0,0.0,0.0,0.0,0.0,0.0,0.0,0.0,0.0,0.0,0.0,180.0,0.0,0.0,0.0,0.0,1.0,1.0,0.0,0.0,0.0,0.0,0.0,0.0,0.0,0.0,0.0,0.0,0.0,0.0
B_P271_H230_s11_g96_o9,55,0,0.0,0.0,0.0,0.0,0.0,0.0,0.0,0.0,0.0,0.0,0.0,180.0,0.0,0.0,0.0,0.0,1.0,1.0,0.0,0.0,0.0,0.0,0.0,0.0,0.0,0.0,0.0,0.0,0.0,0.0
B_P271_H230_s11_g96_o9,55,45,0.0,0.0,0.0,0.0,0.0,0.0,0.0,0.0,0.0,0.0,0.0,180.0,0.0,0.0,0.0,0.0,1.0,1.0,0.0,0.0,0.0,0.0,0.0,0.0,0.0,0.0,0.0,0.0,0.0,0.0
B_P271_H230_s11_g96_o9,55,90,0.0,0.0,0.0,0.0,0.0,0.0,0.0,0.0,0.0,0.0,0.0,180.0,0.0,0.0,0.0,0.0,1.0,1.0,0.0,0.0,0.0,0.0,0.0,0.0,0.0,0.0,0.0,0.0,0.0,0.0
B_P271_H230_s11_g96_o9,60,0,0.0,0.0,0.0,0.0,0.0,0.0,0.0,0.0,0.0,0.0,0.0,180.0,0.0,0.0,0.0,0.0,1.0,1.0,0.0,0.0,0.0,0.0,0.0,0.0,0.0,0.0,0.0,0.0,0.0,0.0
B_P271_H230_s11_g96_o9,60,45,0.0,0.0,0.0,0.0,0.0,0.0,0.0,0.0,0.0,0.0,0.0,180.0,0.0,0.0,0.0,0.0,1.0,1.0,0.0,0.0,0.0,0.0,0.0,0.0,0.0,0.0,0.0,0.0,0.0,0.0
B_P271_H230_s11_g96_o9,60,90,0.0,0.0,0.0,0.0,0.0,0.0,0.0,0.0,0.0,0.0,0.0,180.0,0.0,0.0,0.0,0.0,1.0,1.0,0.0,0.0,0.0,0.0,0.0,0.0,0.0,0.0,0.0,0.0,0.0,0.0
B_P262_H215_s11_g96_o9,0,0,0.4564717411994934,0.03709571063518524,0.4563998281955719,0.03700803220272064,0.07699952274560928,0.0475824810564518,0.727210283279419,0.6768608093261719,0.00017191225197166204,7.726341573288664e-05,-211.5673828125,31.56736946105957,0.5288348197937012,0.4581405818462372,0.005859375,0.2433687448501587,0.46530580520629883,0.29849064350128174,0.5366218090057373,-0.49078696966171265,-0.00015570130199193954,7.287610787898302e-05,7.09014420863241e-05,3.070214006584138e-05,-0.6646979451179504,0.1277388036251068,-0.01900949515402317,0.07414603233337402,-0.20844730734825134,-0.44712239503860474
B_P262_H215_s11_g96_o9,0,45,0.4564717411994934,0.03709571063518524,0.4563998281955719,0.03700803220272064,0.07699952274560928,0.0475824810564518,0.727210283279419,0.6768608093261719,0.00017191225197166204,7.726341573288664e-05,-211.5673828125,31.56736946105957,0.5288348197937012,0.4581405818462372,0.005859375,0.2433687448501587,0.46530580520629883,0.29849064350128174,0.5366218090057373,-0.49078696966171265,-0.00015570130199193954,7.287610787898302e-05,7.09014420863241e-05,3.070214006584138e-05,-0.6646979451179504,0.1277388036251068,-0.01900949515402317,0.07414603233337402,-0.20844730734825134,-0.44712239503860474
B_P262_H215_s11_g96_o9,0,90,0.4564717411994934,0.03709571063518524,0.4563998281955719,0.03700803220272064,0.07699952274560928,0.0475824810564518,0.727210283279419,0.6768608093261719,0.00017191225197166204,7.726341573288664e-05,-211.5673828125,31.56736946105957,0.5288348197937012,0.4581405818462372,0.005859375,0.2433687448501587,0.46530580520629883,0.29849064350128174,0.5366218090057373,-0.49078696966171265,-0.00015570130199193954,7.287610787898302e-05,7.09014420863241e-05,3.070214006584138e-05,-0.6646979451179504,0.1277388036251068,-0.01900949515402317,0.07414603233337402,-0.20844730734825134,-0.44712239503860474
B_P262_H215_s11_g96_o9,5,0,0.3675939738750458,0.009994996711611748,0.3674342632293701,0.009988907724618912,0.03485517203807831,0.09671507775783539,0.5404917597770691,0.6803533434867859,9.569522080710158e-05,0.00023162574507296085,-193.52862548828125,13.528619766235352,0.2921313941478729,0.4628806710243225,0.02023114636540413,0.2428652048110962,0.687637448310852,0.2942541241645813,0.49015313386917114,-0.22777456045150757,-9.527918155072257e-05,-8.913638339436147e-06,0.00020185286120977253,0.00011360416829120368,-0.6669408679008484,0.1344267874956131,0.004909871611744165,-0.14215128123760223,-0.2160089910030365,-0.44295069575309753
B_P262_H215_s11_g96_o9,5,45,0.4207606613636017,0.016044175252318382,0.4019152820110321,0.018679680302739143,0.05246945098042488,0.06992783397436142,0.6260550618171692,0.6817479729652405,0.02235386334359646,0.013225103728473186,-202.72061157226562,22.720609664916992,0.3921198546886444,0.4652799963951111,0.0022781805600970984,0.23559747636318207,0.6056019067764282,0.29912251234054565,0.521460235118866,-0.34644508361816406,0.022327100858092308,-0.0010935263708233833,0.012912333011627197,0.002859198022633791,-0.6694967746734619,0.12866386771202087,-0.0150245176628232,-0.04340273514389992,-0.21088556945323944,-0.437082976102829
B_P262_H215_s11_g96_o9,5,90,0.45929965376853943,0.04014439880847931,0.4596831500530243,0.040200840681791306,0.07434891164302826,0.04360194504261017,0.725956380367279,0.6872519850730896,5.538351979339495e-05,0.0003123395435977727,-212.81112670898438,32.811119079589844,0.5270127654075623,0.4723152816295624,0.0064415778033435345,0.2293732911348343,0.4665456712245941,0.29831141233444214,0.5308151841163635,-0.49522510170936584,-5.508304457180202e-05,5.76128468310344e-06,-0.0002697872114367783,-0.00015738759248051792,-0.6763855814933777,0.1217285692691803,-0.015119167044758797,0.07882111519575119,-0.2095041126012802,-0.4306754171848297
B_P262_H215_s11_g96_o9,10,0,0.2167975753545761,0.05566297098994255,0.21656404435634613,0.05578125640749931,0.04275505244731903,0.1741674840450287,0.2713707983493805,0.6864136457443237,1.5990957763278857e-05,0.0002653530682437122,-149.78042602539062,30.219560623168945,0.07364217936992645,0.47116369009017944,0.19325745105743408,0.2403852343559265,0.7331003546714783,0.28845107555389404,0.2590314745903015,0.08089999854564667,1.417825501448533e-06,1.592797889315989e-05,0.00014132932119537145,0.00022458465537056327,-0.6691559553146362,0.15295107662677765,0.17948928475379944,-0.4012991487979889,-0.23276911675930023,-0.43151333928108215
B_P262_H215_s11_g96_o9,10,45,0.33560213446617126,0.02007044106721878,0.28194087743759155,0.020404716953635216,0.02679779753088951,0.1146390289068222,0.41147562861442566,0.6935745477676392,0.07606271654367447,0.04329914227128029,-180.71644592285156,0.7164422273635864,0.17118701338768005,0.4868311882019043,0.07455644011497498,0.21651843190193176,0.7542564868927002,0.29665037989616394,0.40325865149497986,-0.08182087540626526,0.07541957497596741,0.009870382957160473,0.039747051894664764,0.01717519946396351,-0.6813955307006836,0.12940561771392822,0.06556274741888046,-0.2615441083908081,-0.21726301312446594,-0.4105294346809387
B_P262_H215_s11_g96_o9,10,90,0.4560789465904236,0.05094779655337334,0.45595240592956543,0.050914160907268524,0.06468028575181961,0.03046702966094017,0.7222914099693298,0.7015615701675415,5.246530236036051e-06,0.00012186919775558636,-216.92654418945312,36.92655944824219,0.5217048525810242,0.49218863248825073,0.008596345782279968,0.18173688650131226,0.46969878673553467,0.326074481010437,0.5130579471588135,-0.5084057450294495,-1.195261845055029e-08,-5.2465165936155245e-06,0.00010831523104570806,5.585617691394873e-05,-0.6950497627258301,0.09536468982696533,-0.003221499500796199,0.09265796095132828,-0.19498133659362793,-0.3791031241416931
B_P262_H215_s11_g96_o9,15,0,0.14092709124088287,0.12238913774490356,0.14092285931110382,0.12241547554731369,0.08555896580219269,0.2050495445728302,0.21105645596981049,0.694341242313385,2.0758507162099704e-05,0.00010080647916765884,-97.26134490966797,82.73863220214844,0.04454483836889267,0.48210975527763367,0.3457469344139099,0.23539718985557556,0.6097082495689392,0.2824930250644684,0.08017228543758392,0.19523635506629944,1.9310478819534183e-05,7.617153642058838e-06,0.0001008058461593464,3.5715606827579904e-07,-0.6704817414283752,0.1804550737142563,0.3247632086277008,-0.4901793599128723,-0.2550503611564636,-0.41273054480552673
B_P262_H215_s11_g96_o9,15,45,0.26497960090637207,0.072813481092453,0.18499743938446045,0.05905996635556221,0.026723941788077354,0.13311585783958435,0.24670155346393585,0.7037011384963989,0.14097055792808533,0.07694655656814575,-148.8915252685547,31.10847282409668,0.06678242981433868,0.515067994594574,0.2015911489725113,0.1867470145225525,0.7316264510154724,0.29818499088287354,0.2314654290676117,0.08535461127758026,0.1361800730228424,0.036437422037124634,0.06579208374023438,0.039902061223983765,-0.6910828351974487,0.13266435265541077,0.19485612213611603,-0.39680615067481995,-0.21996603906154633,-0.36832040548324585
B_P262_H215_s11_g96_o9,15,90,0.43769869208335876,0.0756940096616745,0.4377279579639435,0.07560228556394577,0.04583882912993431,0.011877705343067646,0.7152684926986694,0.7177144289016724,1.9533224985934794e-05,0.00018058772548101842,-225.1472625732422,45.14725875854492,0.5116090774536133,0.5151140093803406,0.013649438507854939,0.10170045495033264,0.47474148869514465,0.3831855356693268,0.4830578565597534,-0.5275074243545532,6.480118827312253e-06,-1.84270156751154e-05,0.000160207535373047,-8.33395024528727e-05,-0.7170998454093933,0.0296953022480011,0.01817735657095909,0.11540764570236206,-0.17653459310531616,-0.26558613777160645
B_P262_H215_s11_g96_o9,20,0,0.1127205640077591,0.16539070010185242,0.11294961720705032,0.1652037650346756,0.11718350648880005,0.20745326578617096,0.25155311822891235,0.7021293044090271,4.778883157996461e-05,0.0003177444450557232,-72.72073364257812,107.27925872802734,0.06327907741069794,0.4929855465888977,0.42199209332466125,0.2275112271308899,0.5147287845611572,0.2795032262802124,0.0013192594051361084,0.2515496611595154,-3.82423386326991e-05,-2.8658261726377532e-05,-2.6511777832638472e-05,-0.00031663646223023534,-0.6693381071090698,0.21206621825695038,0.3952554166316986,-0.5155242085456848,-0.27762502431869507,-0.3878602385520935
B_P262_H215_s11_g96_o9,20,45,0.23847512900829315,0.13315191864967346,0.1344107985496521,0.09759756922721863,0.031022390350699425,0.11789924651384354,0.1883637011051178,0.7135676741600037,0.21529901027679443,0.11234810203313828,-110.94406127929688,69.05593872070312,0.048102978616952896,0.5555324554443359,0.3013046979904175,0.15366196632385254,0.6505923271179199,0.2908055782318115,0.10058971494436264,0.15925638377666473,0.20368067920207977,0.069769948720932,0.08999431133270264,0.06725414097309113,-0.6996535062789917,0.14022764563560486,0.2957155406475067,-0.4476025104522705,-0.22319260239601135,-0.3092978298664093
B_P262_H215_s11_g96_o9,20,90,0.3635176122188568,0.1261366754770279,0.3635036051273346,0.12616851925849915,0.026774033904075623,0.007868451997637749,0.7026252150535583,0.696881890296936,7.204375287983567e-05,0.0001181278275907971,118.99632263183594,61.003684997558594,0.49368220567703247,0.4856443703174591,0.024621877819299698,0.044682715088129044,0.48169592022895813,0.46967294812202454,0.4400762915611267,-0.5477362871170044,-7.12944456608966e-05,-1.0363617548136972e-05,-8.47850096761249e-05,8.225379133364186e-05,-0.6867467164993286,-0.11841996759176254,0.05237526074051857,0.14791443943977356,-0.20396386086940765,-0.05551082268357277
B_P262_H215_s11_g96_o9,25,0,0.1087811216711998,0.19626887142658234,0.10885632783174515,0.1961347758769989,0.13923360407352448,0.1926877200603485,0.30623161792755127,0.7185146808624268,1.3966524420538917e-05,0.00014737930905539542,-66.60059356689453,113.39940643310547,0.09377782791852951,0.5162633657455444,0.4492636024951935,0.21466036140918732,0.4569585621356964,0.26907628774642944,-0.01641128957271576,0.30579155683517456,-3.648789515864337e-06,1.3481473615684081e-05,-6.2359802541323e-05,-0.00013353618851397187,-0.6737676858901978,0.24960049986839294,0.42215728759765625,-0.5206215381622314,-0.30435943603515625,-0.34932175278663635
B_P262_H215_s11_g96_o9,25,45,0.24889329075813293,0.1838395744562149,0.1175711378455162,0.11941738426685333,0.031146598979830742,0.08745872974395752,0.19292627274990082,0.7180137038230896,0.3062015771865845,0.15230847895145416,-84.86088562011719,95.13911437988281,0.060418419539928436,0.6093031167984009,0.35958707332611084,0.13255886733531952,0.5799944996833801,0.2581380009651184,0.0231073796749115,0.19153745472431183,0.2868940234184265,0.10701040178537369,0.11706531047821045,0.09743502736091614,-0.7022761106491089,0.1495055854320526,0.35652729868888855,-0.4570194482803345,-0.22924654185771942,-0.2400050163269043
B_P262_H215_s11_g96_o9,25,90,0.18933317065238953,0.17974673211574554,0.1893606036901474,0.17986243963241577,0.06855279952287674,0.06167881563305855,0.679172694683075,0.5263339281082153,5.770470670540817e-05,8.819450158625841e-05,91.52962493896484,88.47038269042969,0.46127554774284363,0.2770273983478546,0.048474568873643875,0.2118661254644394,0.4902498424053192,0.5111064910888672,0.38251563906669617,-0.5612106323242188,5.728558971895836e-05,6.942227173567517e-06,-8.225705096265301e-05,-3.181269494234584e-05,-0.4426756501197815,-0.2847203314304352,0.1050851047039032,0.1934722363948822,-0.41815170645713806,0.19239352643489838
B_P262_H215_s11_g96_o9,30,0,0.12166061252355576,0.21975529193878174,0.12167283892631531,0.21971091628074646,0.1488741785287857,0.1699945479631424,0.3730466365814209,0.7373166680335999,1.2991256880923174e-05,6.824137381045148e-05,-69.1124038696289,110.88758850097656,0.1391637921333313,0.5436358451843262,0.4417673349380493,0.1960357278585434,0.4190688729286194,0.26032841205596924,0.00811527669429779,0.37295836210250854,-1.0708872650866397e-05,-7.35478079150198e-06,-6.500863673863932e-05,-2.0754820070578717e-05,-0.6829797625541687,0.27780306339263916,0.42357397079467773,-0.5122035145759583,-0.3200427293777466,-0.30595484375953674
B_P262_H215_s11_g96_o9,30,45,0.2928999364376068,0.22338703274726868,0.12821640074253082,0.12097262591123581,0.029649322852492332,0.056594837456941605,0.20761564373970032,0.710016667842865,0.42263269424438477,0.19907209277153015,-74.12150573730469,105.87849426269531,0.08273395150899887,0.6827421188354492,0.3852018117904663,0.13626472651958466,0.5320642590522766,0.18099315464496613,-0.00953894853591919,0.20739638805389404,0.3963080644607544,0.14682750403881073,0.1502043753862381,0.13064587116241455,-0.6911293864250183,0.16267701983451843,0.38615304231643677,-0.44757065176963806,-0.23549941182136536,-0.16619347035884857
B_P262_H215_s11_g96_o9,30,90,0.0688144788146019,0.14921635389328003,0.06885597854852676,0.14915311336517334,0.20781219005584717,0.12831373512744904,0.6327552199363708,0.1888406127691269,8.097112731775269e-05,8.90708361112047e-06,47.74449920654297,132.25550842285156,0.4003791809082031,0.03566078469157219,0.10009284317493439,0.5720883011817932,0.4995279908180237,0.3922508955001831,0.3047376573085785,-0.5545395612716675,-7.315640687011182e-05,-3.4705375583143905e-05,4.190321305941325e-06,-7.859856850700453e-06,-0.061337947845458984,-0.17860132455825806,0.1822093427181244,0.2586359679698944,-0.7278047204017639,0.20588481426239014
B_P262_H215_s11_g96_o9,35,0,0.163465216755867,0.2410551905632019,0.16346757113933563,0.24109427630901337,0.143723726272583,0.13720479607582092,0.4660031795501709,0.7693656086921692,3.1323190341936424e-05,8.612862438894808e-05,-77.49853515625,102.50145721435547,0.2171589583158493,0.5919234156608582,0.3979235291481018,0.16372881829738617,0.3849174976348877,0.24434776604175568,0.07666705548763275,0.45965325832366943,2.79959240288008e-05,1.404886097589042e-05,8.578692359151319e-05,7.664423719688784e-06,-0.7134899497032166,0.28784632682800293,0.403975248336792,-0.48448678851127625,-0.31732603907585144,-0.2510637640953064
B_P262_H215_s11_g96_o9,35,45,0.38606202602386475,0.25266963243484497,0.17643430829048157,0.10244390368461609,0.03122122958302498,0.03743213415145874,0.21160483360290527,0.6833755970001221,0.5822130441665649,0.2585713267326355,-75.60177612304688,104.39822387695312,0.11163574457168579,0.8059742450714111,0.38222917914390564,0.1763504296541214,0.506135106086731,0.017675325274467468,0.004761919379234314,0.2115512490272522,0.5535225868225098,0.180512472987175,0.19809632003307343,0.16618359088897705,-0.657919704914093,0.18478058278560638,0.3852164149284363,-0.4327602982521057,-0.24119833111763,-0.09634605050086975
B_P262_H215_s11_g96_o9,35,90,0.08087475597858429,0.07838091254234314,0.08082608133554459,0.0783911868929863,0.3279367685317993,0.130034938454628,0.5313562750816345,0.1900879293680191,0.00014852138701826334,0.00015332574548665434,-91.3980712890625,88.60194396972656,0.28233951330184937,0.03613344207406044,0.21427710354328156,0.701676070690155,0.5033833980560303,0.26219046115875244,0.18442589044570923,-0.49832379817962646,5.9411042457213625e-05,0.0001361210161121562,2.2259326215134934e-05,0.00015170137339737266,0.17660805583000183,0.07030658423900604,0.28608107566833496,0.36391571164131165,-0.8305436968803406,0.10896438360214233
B_P262_H215_s11_g96_o9,40,0,0.27810123562812805,0.2352144867181778,0.27811211347579956,0.23508864641189575,0.13002122938632965,0.08461238443851471,0.6139050722122192,0.8060007095336914,6.80764060234651e-05,6.899396248627454e-05,-94.98021697998047,85.019775390625,0.37687942385673523,0.6496371626853943,0.2926163971424103,0.136748269200325,0.3305041491985321,0.2136145681142807,0.22652903199195862,0.5705822110176086,4.6033947000978515e-05,5.0152499170508236e-05,-3.726267095771618e-05,-5.8065998018719256e-05,-0.7721124291419983,0.2312563955783844,0.3481910228729248,-0.4139799475669861,-0.3296940326690674,-0.16748161613941193
B_P262_H215_s11_g96_o9,40,45,0.6124794483184814,0.2697127163410187,0.3232249617576599,0.0703597143292427,0.035817764699459076,0.03490597754716873,0.20713308453559875,0.6240643858909607,0.8476886749267578,0.3533274829387665,-99.09284973144531,80.90715789794922,0.16774442791938782,1.108032464981079,0.3305809497833252,0.2400519996881485,0.5016746520996094,-0.3480844497680664,0.10006393492221832,0.1813596487045288,0.8295892477035522,0.17423494160175323,0.2928481698036194,0.1976872682571411,-0.5871902108192444,0.2113385647535324,0.32947781682014465,-0.4177106022834778,-0.23571421205997467,-0.04401356726884842
B_P262_H215_s11_g96_o9,40,90,0.1493968516588211,0.026549553498625755,0.14912153780460358,0.026585636660456657,0.3617865741252899,0.14840734004974365,0.32241445779800415,0.4976970851421356,4.623005952453241e-05,0.00031361536821350455,-139.87156677246094,40.12841796875,0.10395117849111557,0.24770238995552063,0.4443451464176178,0.576664924621582,0.4517036974430084,0.17563271522521973,-0.11199873685836792,-0.30233651399612427,3.15829056489747e-05,-3.376001404831186e-05,0.00025292797363363206,-0.00018542395264375955,0.43298211693763733,0.24541574716567993,0.34610629081726074,0.5696975588798523,-0.7547457814216614,0.08380797505378723
B_P262_H215_s11_g96_o9,45,0,0.0,0.0,0.0,0.0,0.0,0.0,0.0,0.0,0.0,0.0,0.0,180.0,0.0,0.0,0.0,0.0,1.0,1.0,0.0,0.0,0.0,0.0,0.0,0.0,0.0,0.0,0.0,0.0,0.0,0.0
B_P262_H215_s11_g96_o9,45,45,0.0,0.0,0.0,0.0,0.0,0.0,0.0,0.0,0.0,0.0,0.0,180.0,0.0,0.0,0.0,0.0,1.0,1.0,0.0,0.0,0.0,0.0,0.0,0.0,0.0,0.0,0.0,0.0,0.0,0.0
B_P262_H215_s11_g96_o9,45,90,0.0,0.0,0.0,0.0,0.0,0.0,0.0,0.0,0.0,0.0,0.0,180.0,0.0,0.0,0.0,0.0,1.0,1.0,0.0,0.0,0.0,0.0,0.0,0.0,0.0,0.0,0.0,0.0,0.0,0.0
B_P262_H215_s11_g96_o9,50,0,0.0,0.0,0.0,0.0,0.0,0.0,0.0,0.0,0.0,0.0,0.0,180.0,0.0,0.0,0.0,0.0,1.0,1.0,0.0,0.0,0.0,0.0,0.0,0.0,0.0,0.0,0.0,0.0,0.0,0.0
B_P262_H215_s11_g96_o9,50,45,0.0,0.0,0.0,0.0,0.0,0.0,0.0,0.0,0.0,0.0,0.0,180.0,0.0,0.0,0.0,0.0,1.0,1.0,0.0,0.0,0.0,0.0,0.0,0.0,0.0,0.0,0.0,0.0,0.0,0.0
B_P262_H215_s11_g96_o9,50,90,0.0,0.0,0.0,0.0,0.0,0.0,0.0,0.0,0.0,0.0,0.0,180.0,0.0,0.0,0.0,0.0,1.0,1.0,0.0,0.0,0.0,0.0,0.0,0.0,0.0,0.0,0.0,0.0,0.0,0.0
B_P262_H215_s11_g96_o9,55,0,0.0,0.0,0.0,0.0,0.0,0.0,0.0,0.0,0.0,0.0,0.0,180.0,0.0,0.0,0.0,0.0,1.0,1.0,0.0,0.0,0.0,0.0,0.0,0.0,0.0,0.0,0.0,0.0,0.0,0.0
B_P262_H215_s11_g96_o9,55,45,0.0,0.0,0.0,0.0,0.0,0.0,0.0,0.0,0.0,0.0,0.0,180.0,0.0,0.0,0.0,0.0,1.0,1.0,0.0,0.0,0.0,0.0,0.0,0.0,0.0,0.0,0.0,0.0,0.0,0.0
B_P262_H215_s11_g96_o9,55,90,0.0,0.0,0.0,0.0,0.0,0.0,0.0,0.0,0.0,0.0,0.0,180.0,0.0,0.0,0.0,0.0,1.0,1.0,0.0,0.0,0.0,0.0,0.0,0.0,0.0,0.0,0.0,0.0,0.0,0.0
B_P262_H215_s11_g96_o9,60,0,0.0,0.0,0.0,0.0,0.0,0.0,0.0,0.0,0.0,0.0,0.0,180.0,0.0,0.0,0.0,0.0,1.0,1.0,0.0,0.0,0.0,0.0,0.0,0.0,0.0,0.0,0.0,0.0,0.0,0.0
B_P262_H215_s11_g96_o9,60,45,0.0,0.0,0.0,0.0,0.0,0.0,0.0,0.0,0.0,0.0,0.0,180.0,0.0,0.0,0.0,0.0,1.0,1.0,0.0,0.0,0.0,0.0,0.0,0.0,0.0,0.0,0.0,0.0,0.0,0.0
B_P262_H215_s11_g96_o9,60,90,0.0,0.0,0.0,0.0,0.0,0.0,0.0,0.0,0.0,0.0,0.0,180.0,0.0,0.0,0.0,0.0,1.0,1.0,0.0,0.0,0.0,0.0,0.0,0.0,0.0,0.0,0.0,0.0,0.0,0.0
