K_per_nm,K_over_k0,lambda_qnm_nm,omega_real,omega_imag,Q,linewidth_THz,eps_ito_cont_real,eps_ito_cont_imag,eps_ito_meas_real,eps_ito_meas_imag,Ez_to_Ex_rms,Ez_to_Ex_max,Ez_flatness_cv,Ez_flatness_max_min,Ez_intensity_localization_fraction,air_decay_length_nm,glass_decay_length_nm,max_boundary_condition_residual,outside_air_lightline,outside_glass_lightline,bound_or_leaky,Lambda_10_nm,Lambda_11_nm,Lambda_20_nm,pole_residual,physical_branch,continuity_ok
0.006375000000000004,1.455235459182902,1434.276714607803,1.3133111261754886,-0.10949492365034293,5.99713248063156,34.85331668484351,-0.1708362318690173,0.0406729144369041,-0.07848109072849065,0.702567881396315,14.459040041586439,7.771579255420178,0.002238418525114572,1.007574416081383,0.8168682604867973,214.66368420025628,512.8306913049146,1.9967469797560823e-10,True,True,bound,985.597695243856,1393.8456276575257,1971.195390487712,6.870578131677491e-16,True,True
0.006500000000000004,1.4836706109909754,1434.1811359496387,1.3133986496493688,-0.11034034473997362,5.951579418863083,35.122422575661226,-0.1703713596379699,0.035472191377520466,-0.07796813865265637,0.7024297080635258,14.491286969560687,7.718853351160988,0.0022886283856239364,1.0077560531705274,0.8288323072999957,207.15149333835288,455.23941376647815,2.0194546023106554e-10,True,True,bound,966.6438934122434,1367.0409040487273,1933.2877868244868,7.884318198314588e-16,True,True
0.006625000000000004,1.5120500525910607,1434.0363281751347,1.3135312755332154,-0.11104122153712039,5.9146110667294405,35.34551858918988,-0.169609631615375,0.031157849111556814,-0.07719104096533597,0.7022204001156401,14.525505905145414,7.677072291424862,0.0023269048084359344,1.0079024458933166,0.8394452177536731,200.25582568829446,407.5689041877294,2.0038050042690583e-10,True,True,bound,948.4053293855974,1341.2476794440342,1896.8106587711948,1.1705065935984338e-15,True,True
0.006750000000000004,1.5404138728554808,1433.882342652023,1.3136723364798286,-0.11161372973021179,5.884904749868966,35.527753606972084,-0.16878160707066092,0.027633492893152926,-0.0763647677061593,0.701997870724139,14.546916301314184,7.638011804841356,0.002359560344781051,1.0080331336691772,0.8486024756154876,193.8925018345607,368.6911661381694,1.9661135340329504e-10,True,True,bound,930.8422677303084,1316.4097594543298,1861.6845354606169,5.582495395355895e-16,True,True
0.006875000000000004,1.5687883215832026,1433.7436701449449,1.313799395618901,-0.11208077624870161,5.86094886023829,35.67641913111512,-0.16802938570973192,0.024759304017443147,-0.0756207298107442,0.7017975096967918,14.548437832261023,7.596966706008935,0.002390846964864982,1.0081610862566832,0.8563993905376779,187.99397025140692,336.9798648611523,1.9193480871883152e-10,True,True,bound,913.9178628624846,1292.4750365551602,1827.8357257249693,1.110712163103964e-15,True,True
0.0070000000000000045,1.5971877352448272,1433.6323586996757,1.3139014028794322,-0.11246438727525665,5.841410933327978,35.7985263133167,-0.1674238742023415,0.022399899133185328,-0.07502354178290761,0.701636708079882,14.528368710030628,7.551845305588184,0.0024231837828681472,1.0082935528375714,0.8630136151519888,182.50521291592054,310.88440568970054,1.8711222772052207e-10,True,True,bound,897.5979010256546,1269.3951251881037,1795.195802051309,4.7271214720367993e-17,True,True
0.007125000000000005,1.6256187213919662,1433.5527951334823,1.313974325677668,-0.11278279751879204,5.825242654841628,35.8998794416962,-0.16699189151157556,0.020442863358798174,-0.07459670681317719,0.7015217843755511,14.487870152990745,7.50208294897617,0.002457781224629252,1.0084340355623047,0.8686333674060642,177.3806043256774,289.1378026051131,1.825235836953797e-10,True,True,bound,881.8505694287132,1247.125035272523,1763.7011388574265,2.8968512156193863e-15,True,True
0.007250000000000005,1.654083538140783,1433.5052943025912,1.314017865713751,-0.11305017915114456,5.811657600104065,35.98498965865797,-0.16673665316339337,0.01880070186682213,-0.07434188889120551,0.7014531787357986,14.429305491790698,7.447879146085472,0.002495158352269245,1.0085840323539281,0.8734273168770288,172.58169979588135,270.7686825900675,1.7830463780087394e-10,True,True,bound,866.6462492661493,1225.6228794919623,1733.2924985322986,1.7773357397650273e-15,True,True
0.007375000000000005,1.6825822019082508,1433.4882398849886,1.3140334987749758,-0.11327729322669478,5.80007458399135,36.057282314197096,-0.1666500493868619,0.017406935300032542,-0.07425040238875333,0.7014285480317861,14.355353251400334,7.38976100716736,0.0025354688414720677,1.0087438356947307,0.8775367064011449,168.0756945059935,255.04891583471158,1.7449504410888029e-10,True,True,bound,851.957329787062,1204.8496103480306,1703.914659574124,1.3333178188316912e-15,True,True
0.007500000000000005,1.711113665950971,1433.4992326423112,1.3140234221380047,-0.11347227804507273,5.790063638345468,36.119347909542554,-0.1667192651772651,0.016211275720264182,-0.07430937168728227,0.7014444241680823,14.268594022297362,7.328358336654721,0.0025786846977411664,1.0089132842362205,0.8810765479001724,163.83432084213453,241.43420483008916,1.7107383906707637e-10,True,True,bound,837.7580409572776,1184.7687835088968,1675.5160819145551,8.911617415655978e-16,True,True
0.007625000000000005,1.7396764443922585,1433.5356688068007,1.3139900236153212,-0.11364132110703959,5.7813038902357725,36.17315598735738,-0.16693013750003916,0.01517549084488477,-0.07450483187741233,0.7014970482529513,14.171345973526,7.264296304919721,0.00262469454617493,1.0090919659121431,0.8841396057031575,159.83303023929318,229.51492091343638,1.6800660918009177e-10,True,True,bound,824.0243025809287,1165.3463444349804,1648.0486051618575,1.3330755246117479e-15,True,True
0.007750000000000005,1.7682689305872872,1433.5950146849286,1.3139356289703874,-0.11378917204660942,5.7735529898758005,36.22021840310402,-0.1672687658457277,0.014270238748148012,-0.07482319959938043,0.7015827658872789,14.065620134539286,7.198148978174668,0.0026733546494488595,1.0092794300083787,0.8868006653526087,156.05036589148438,218.97935675275775,1.6525675705414028e-10,True,True,bound,810.7335880231719,1146.550435653771,1621.4671760463439,2.2693074087393234e-16,True,True
0.007875000000000005,1.796889552671235,1433.674925202336,1.3138623925106396,-0.11391951823068679,5.766625477866185,36.26170888212218,-0.1677222211260605,0.013472746830691338,-0.07525190704926084,0.7016981972561176,13.953129080761812,7.130423047190211,0.0027245146324997496,1.0094751499504289,0.8891202626111101,152.46746923411422,209.58727633879354,1.6278246640333013e-10,True,True,bound,797.864800911693,1128.3512223894256,1595.729601823386,1.249000902703301e-16,True,True
0.008000000000000005,1.8255368438880348,1433.7732844040358,1.3137722593930286,-0.11403525609927002,5.7603775548562055,36.298549389898064,-0.1682788007458904,0.012765133786326616,-0.07577961776810656,0.7018402947640363,13.835316645520859,7.061555927732721,0.0027780298726977743,1.0096786980999193,0.8911477047516894,149.06768406514703,201.15108882549802,1.6054655708936805e-10,True,True,bound,785.3981633974478,1110.7207345395907,1570.7963267948955,7.676151381197371e-17,True,True
0.008125000000000005,1.8542094689955735,1433.8882082493838,1.313666962648769,-0.11413868710012333,5.7546963086074845,36.33147250000755,-0.16892806231330892,0.012133197408531105,-0.07639624056950257,0.7020063464503564,13.71339351095669,6.991920248009459,0.002833766930132811,1.0098896185513062,0.8929234425352179,145.83623431433978,193.5224318779847,1.585192343989937e-10,True,True,bound,773.3151147297947,1093.6327232389817,1546.6302294595894,4.468809375567422e-16,True,True
0.008250000000000006,1.8829062285750253,1434.0180303247903,1.3135480359910299,-0.11423166002201028,5.749492022342729,36.361066700191564,-0.16966075538645997,0.011565533861842984,-0.07709285215216936,0.7021939549205305,13.58837198004588,6.921830768343188,0.0028916053970724762,1.0101075502541217,0.8944809096811559,142.75995878102407,186.5825395404434,1.5667505627584965e-10,True,True,bound,761.5982190520706,1077.0625304626335,1523.1964381041412,2.284638062329178e-16,True,True
0.008375000000000006,1.911626052745552,1434.161280887469,1.3134168328287572,-0.11431567533654305,5.744692619634553,36.38780960539818,-0.1704687119189603,0.011052892023351205,-0.07786158417920064,0.7024010067878778,13.461097283001589,6.851551826389179,0.002951437956549905,1.0103321685780722,0.8958479454217279,139.82709078432276,180.2352555126653,1.5498906764991623e-10,True,True,bound,750.2310814542784,1060.9869703064749,1500.4621629085568,7.1158361742159665e-16,True,True
0.008500000000000006,1.940367990309253,1434.3166643803145,1.3132745467491802,-0.11439196249786639,5.740239602820325,36.4120925630363,-0.1713447256167986,0.010587695200495014,-0.07869550233197672,0.7026256400117752,13.332274660839547,6.781304435643021,0.0030131695967338347,1.0105631833155593,0.8970478970612145,137.02707373943994,174.40190627493513,1.534426177260263e-10,True,True,bound,739.1982714328919,1045.3842207431442,1478.3965428657839,2.3714374201337736e-16,True,True
0.008625000000000006,1.969131196437318,1434.4830378392935,1.313122231229813,-0.11446153784128367,5.736085046536041,36.434239082680655,-0.1722824346496865,0.010163682949057812,-0.07958849026832102,0.7028662125887155,13.202492307514015,6.7112726826388265,0.003076716478146407,1.0108003356029183,0.8981004786839908,134.3504058013983,169.01749372602583,1.520196258468856e-10,True,True,bound,728.4852530063283,1030.2337247903451,1456.9705060126566,1.1816581352998428e-15,True,True
0.008750000000000006,1.9979149204537912,1434.6593912217284,1.3129608176229006,-0.11452524842754461,5.732189345363248,36.45451879214208,-0.17327621403122828,0.009775639895730501,-0.08053514397194146,0.7031212740690791,13.072240586083948,6.641609322180338,0.0031420047099675365,1.0110433945220947,0.8990224441319858,131.78850824552703,164.02783404703004,1.507057147464412e-10,True,True,bound,718.0783208205237,1015.516100150483,1436.1566416410474,2.6645352591003757e-15,True,True
0.008875000000000006,2.0267184944451,1434.8448299815861,1.3127911311030245,-0.11458380559924404,5.7285195069122645,36.47315811880097,-0.17432107984963574,0.009419188245099661,-0.08153067821515414,0.703389540354137,12.941928031746244,6.572440589347126,0.0032089691623994883,1.0112921537652688,0.8998281180775004,129.33361338244146,159.38738283918244,1.4948746372019166e-10,True,True,bound,707.9645416540374,1001.2130564863917,1415.9290833080747,1.3809469408819051e-15,True,True
0.009000000000000006,2.0555413229860773,1435.0385598762891,1.3126139045847227,-0.11463781092602819,5.725047844082207,36.490348548222954,-0.175412605493515,0.009090627395940477,-0.0825708450323393,0.7036698717391777,12.81189464612754,6.503870298152737,0.0032775523729118663,1.0115464442602924,0.9005298181188678,126.97866865713534,155.05756372025493,1.4835486854298038e-10,True,True,bound,698.1317007977314,987.3073195907473,1396.2634015954627,3.3392145628535048e-15,True,True
0.009125000000000006,2.0843828740471118,1435.2398738355687,1.312429790760299,-0.1146877764595928,5.721750962809446,36.50625307152501,-0.176546849076614,0.008786808770910757,-0.08365186328393777,0.7039612539461748,12.682422936252852,6.435983313777971,0.003347703567644335,1.0118061685568278,0.9011381926654057,124.71725423605577,151.00547043135327,1.472989151404167e-10,True,True,bound,688.568252841598,973.7825617881343,1377.136505683196,1.1437633870571704e-15,True,True
0.009250000000000006,2.1132426710353993,1435.4481406653576,1.3122393724622785,-0.11473414069121629,5.718608970950962,36.52101126481608,-0.17772029089307084,0.00850503723523855,-0.08477035808300656,0.7042627818143579,12.553747088052223,6.368848485922048,0.0034193778004564085,1.0120711107262061,0.9016624933100621,122.54351189540786,147.2028490678793,1.4630979796208045e-10,True,True,bound,679.2632764518467,960.6233379801866,1358.5265529036933,4.451256158392793e-16,True,True
0.009375000000000007,2.1421202858731827,1435.662795350369,1.312043171564639,-0.11477728123193802,5.715604854384496,36.53474332542313,-0.1789297796495748,0.008242992788061754,-0.08592330880134663,0.7045736453190031,12.426060601611054,6.3025211240919115,0.00349253520298667,1.0123412000245537,0.9021107958819307,120.45208342494533,143.62529258879144,1.4538305741363954e-10,True,True,bound,670.2064327658221,947.8150268071174,1340.4128655316442,2.4430778180663574e-15,True,True
0.009500000000000007,2.1710153329984743,1435.8833307323791,1.311841656625464,-0.11481752497006634,5.712723980801143,36.54755330512636,-0.18017248627419713,0.007998667854174664,-0.08710800446468268,0.704893117575607,12.299522659094722,6.237045086205098,0.0035671403351626393,1.0126163297552782,0.9024901810166546,118.4380570801229,140.25159778687572,1.4451535628829205e-10,True,True,bound,661.3879270715349,935.3437764543922,1322.7758541430699,8.883436022343782e-16,True,True
0.009625000000000007,2.1999274641731406,1436.1092903640013,1.3116352494533452,-0.11485515626976699,5.70995370191579,36.55953171985102,-0.18144586421456177,0.007770316686595821,-0.08832200545609484,0.7052205445434343,12.17426344801177,6.172454541982806,0.0036431616244403018,1.0128963781913958,0.9028068825758044,116.49692087064979,137.06324776327213,1.436941597943498e-10,True,True,bound,652.7984734732033,923.1964546822572,1305.5969469464067,2.348059816405024e-15,True,True
0.009750000000000007,2.2288563639906935,1436.3402623630805,1.3114243307570117,-0.11489042363578807,5.707283032197413,36.570757671115196,-0.18274761527019345,0.007556414249393579,-0.08956311055382334,0.7055553361968917,12.050388622132408,6.108775463313294,0.0037205708822892355,1.013181307746239,0.9030664103622831,114.62452167923162,134.04399221893647,1.4292257905448114e-10,True,True,bound,644.429262274829,911.3606026991514,1288.858524549658,3.110217397863117e-15,True,True
0.009875000000000007,2.2578017459869946,1436.5758741174575,1.3112092450153747,-0.11492354516766291,5.704702387584897,36.58130058215651,-0.18407566013485566,0.007355622580126673,-0.09082932855880335,0.7058969589069183,11.927983049131852,6.046026885489845,0.0037993428873346214,1.0134710047504074,0.9032736521544983,112.81702937121504,131.1795046244815,1.4219133781851496e-10,True,True,bound,636.2719298409703,899.8243925384027,1272.5438596819406,7.66100937612874e-16,True,True
0.010000000000000007,2.286763349268773,1436.8157877122326,1.3109903046848437,-0.11495471305144708,5.702203371592604,36.591221627696434,-0.1854281129453974,0.007166763097426597,-0.09211885383858016,0.706244928838603,11.807113966861749,5.984221976081073,0.0038794550257180427,1.013765416792841,0.9034329589982666,111.07090519202798,128.45710029141756,1.4149804138067447e-10,True,True,bound,628.3185307179582,888.5765876316726,1256.6370614359164,1.340960339552329e-15,True,True
0.010125000000000007,2.3157409355862564,1437.0596959713446,1.3107677938428621,-0.11498409728082415,5.699778599129196,36.60057491840505,-0.18680325924045915,0.006988793667332026,-0.09343004513365138,0.7065988062548207,11.687833648051642,5.923368942127363,0.003960886980433036,1.01406451304981,0.9035482168654508,109.38287386097174,125.8655030497121,1.4083848791883224e-10,True,True,bound,620.5615118202056,877.6065063028865,1241.1230236404112,4.445478324869644e-15,True,True
0.010250000000000007,2.3447342867865415,1437.3073190221849,1.3105419713512076,-0.11501184875707446,5.697421550536528,36.60940848765172,-0.18819953682470603,0.006820789504064755,-0.09476140719930023,0.7069581905340039,11.570181655293188,5.863471801266529,0.004043620462525408,1.0143681630123427,0.9036229071486468,107.74989886191659,123.3946509934005,1.4021050863053394e-10,True,True,bound,612.993688505325,866.9039879333391,1225.98737701065,1.666918088586977e-15,True,True
0.010375000000000007,2.373743202593593,1437.5584013063585,1.310313073609472,-0.1150381018852501,5.695126450002202,36.61776511789328,-0.1896155191131359,0.006661927179917193,-0.09611157484233093,0.7073227158263156,11.454186753594822,5.804531038148021,0.004127638978071706,1.014676438127783,0.9036601579648603,106.16916050757725,121.03553383782372,1.3961485360003004e-10,True,True,bound,605.6082223787548,856.4593615726965,1211.2164447575096,2.3342249135012627e-15,True,True
0.010500000000000008,2.402767498668695,1437.8127089717887,1.3100813169580994,-0.11506297675929951,5.69288816375167,36.625683036220785,-0.19104990059643745,0.006511471171128716,-0.09747929890842855,0.7076920473733056,11.339868535953439,5.746544163965156,0.004212927625753872,1.0149892045286066,0.9036627878538741,104.63803641730436,118.78005601705875,1.3904469909959102e-10,True,True,bound,598.3986006837697,846.2634167920692,1196.7972013675394,6.715626674156517e-16,True,True
0.010625000000000008,2.431807004912134,1438.070027591558,1.3098468997810513,-0.11508658100992229,5.690702114385176,36.63319650254997,-0.19250148412454982,0.006368762483937893,-0.09886343406667093,0.7080658782412916,11.22723880776452,5.689506194010842,0.004299472920624601,1.0153064095318358,0.9036333431525878,103.1540841010998,116.62092086621047,1.3849888055201892e-10,True,True,bound,591.3586171463136,836.3073765945154,1182.7172342926272,1.4482806871654104e-15,True,True
0.010750000000000008,2.460861563972694,1438.3301601633673,1.3096100043503962,-0.11510901137421217,5.688564208465557,36.640336309254145,-0.19396916975242506,0.006233208996048331,-0.10026292807974603,0.7084439265255147,11.11630276803627,5.633410055734561,0.004387262640328087,1.0156281279599757,0.9035741300863757,101.71502538675585,114.55153217322858,1.379780577613437e-10,True,True,bound,584.4823541562401,826.5828722155094,1168.9647083124803,3.109112351893849e-15,True,True
0.010875000000000008,2.4899310299365407,1438.592925350602,1.3093707984486198,-0.1151303550346427,5.686470775038566,36.64713020737653,-0.1954519449313339,0.006104277219878008,-0.10167681236994344,0.70882593289676,11.007060018956505,5.578246937766582,0.004476285690606803,1.0159542413205924,0.9034872424275492,100.31873246415813,112.56591011661828,1.3747783118064034e-10,True,True,bound,577.7641661774328,817.0819196613081,1155.5283323548656,9.08308965607604e-16,True,True
0.011000000000000008,2.5190152671712975,1438.858155931977,1.3091294367989836,-0.11515069076589993,5.684418513217733,36.653603271678485,-0.1969488758620881,0.005981485249905942,-0.10310419376541065,0.7092116582557527,10.899505430104478,5.524006588705554,0.004566531987403406,1.0162847093726095,0.9033745854183864,98.96321535210961,110.65861917881107,1.3699737082620936e-10,True,True,bound,571.1986642890529,807.7968978469751,1142.3973285781058,1.337049038453915e-15,True,True
0.011125000000000008,2.548114149304641,1439.125697431669,1.3088860623297227,-0.11517008992090677,5.68240444732049,36.659778214500776,-0.1984590998540008,0.005864396700679974,-0.10454424717978922,0.7096008817470022,10.793629879275745,5.470677573075685,0.004657992353274491,1.01661954576935,0.9032378965338396,97.646610619533,108.82470607718956,1.3653497748813315e-10,True,True,bound,564.7807017689512,798.720528208245,1129.5614035379024,4.812357599115505e-16,True,True
0.011250000000000008,2.5772275583197812,1439.3954069060585,1.3086408072940232,-0.11518861728168413,5.680425888323025,36.6656756566011,-0.19998181855672081,0.0057526154772648405,-0.10599620916258277,0.709993398888623,10.68942088833204,5.418247490704778,0.004750658426170478,1.0169587672031999,0.9030787635600274,96.36717121539759,107.05964611359502,1.3609105327304206e-10,True,True,bound,558.505360638185,789.8458556725978,1117.01072127637,1.1058862159352145e-17,True,True
0.011375000000000008,2.6063553837527227,1439.667151866682,1.3083937942645272,-0.11520633179613227,5.678480400625223,36.67131436167888,-0.20151629195139575,0.0056457812480875235,-0.10745937214571342,0.7103890200078152,10.58686316954311,5.3667031648081585,0.004844522578927112,1.0173022818803958,0.9028986403845612,95.12325728086539,105.35929662954287,1.35664498379753e-10,True,True,bound,552.3679390927105,781.1662308849868,1104.735878185421,2.4640239599089905e-15,True,True
0.011500000000000008,2.6354975219783383,1439.9408093219558,1.3081451370183983,-0.11522328721814638,5.676565773296129,36.6767114401304,-0.20306183300406344,0.005543565512801154,-0.10893307928006905,0.7107875689995092,10.485939095451995,5.316030803257971,0.004939577848053686,1.017650073373513,0.9026988608293716,93.91332783349866,103.7198564842195,1.3525038448966584e-10,True,True,bound,546.3639397547462,772.6752935927587,1092.7278795094924,1.1189168970715937e-15,True,True
0.011625000000000009,2.6646538755741336,1440.2162649227118,1.307894941326703,-0.11523953266551241,5.67467999511471,36.681882526632485,-0.2046178028979715,0.005445668176108532,-0.11041671985255558,0.7111888821262078,10.386629103268927,5.2662161368410585,0.005035817870609228,1.0180021294211405,0.9024806508032386,92.73593322737071,102.1378306577813,1.348533632163005e-10,True,True,bound,540.4890586821145,764.366957102514,1080.978117364229,5.290453350259402e-16,True,True
0.011750000000000009,2.693824352752104,1440.4934121986869,1.3076433056599372,-0.1152551131076179,5.67282123283738,36.68684193538577,-0.20618360677316305,0.0053518145533767965,-0.11190972511822896,0.7115928070422017,10.288912043110995,5.217244537741522,0.0051332368281304915,1.0183585292297312,0.9022451390073284,91.58970830494025,100.60999923286036,1.3446801291053448e-10,True,True,bound,534.7391750791134,756.2353937290831,1069.4783501582267,1.8308690535873803e-15,True,True
0.011875000000000009,2.7230088668504138,1440.7721518748835,1.3073903218198997,-0.11527006979304358,5.670987812218707,36.69160279622131,-0.20775868991159063,0.0052617527460184655,-0.11341156469459088,0.7119992017480632,10.1927654779947,5.1691011210066025,0.005231829396721619,1.0187191653855794,0.9019933663907304,90.47336616689743,99.13339012972479,1.3409374644748207e-10,True,True,bound,529.1103416572279,748.2750211635138,1058.2206833144558,4.001522404989816e-15,True,True
0.012000000000000009,2.752207335877723,1441.0523912582307,1.3071360755067167,-0.1152844406254885,5.669178201389126,36.69617717426122,-0.20934253431440153,0.005175251334574377,-0.11492174332857509,0.7124079336508913,10.098165942307016,5.1217708313522285,0.00533159070253933,1.0190840271750525,0.9017262945229566,89.38569249511933,97.70525507085877,1.3373410546396847e-10,True,True,bound,523.5987755982985,740.4804896930605,1047.197551196597,1.9230827039795177e-15,True,True
0.012125000000000009,2.7814196821039765,1441.3340436862522,1.3068806468286571,-0.11529826049515168,5.667390996257102,36.70057617540078,-0.21093465562516966,0.005092097345625697,-0.11643979799535902,0.7128188787630056,10.005089164487844,5.07523851732434,0.005432516282013353,1.0194531050042945,0.9014448130253813,88.32554037159898,96.32304833322192,1.3338461383649097e-10,True,True,bound,518.2008500766665,732.8466702116887,1036.401700153333,1.6851410017800578e-15,True,True
0.01225000000000001,2.8106458316922445,1441.6170280305507,1.3066241107613603,-0.115311561571594,5.665624907655555,36.70481003952926,-0.21253460035898053,0.005012094455452607,-0.11796529530644477,0.7132319209756018,9.913510258821605,5.029488994544231,0.005534602046230412,1.01982639030568,0.9011497461827034,87.29182554291307,94.98440791456969,1.3304450573417847e-10,True,True,bound,512.913086300374,725.3686429646307,1025.826172600748,3.184960834954641e-16,True,True
0.01237500000000001,2.8398857143669303,1441.9012682488476,1.3063665375622426,-0.11532437356319414,5.663878749995528,36.708888223117285,-0.21414194340243897,0.004935061398957463,-0.11949782902972017,0.7136469514388017,9.823403890529548,4.984507099521599,0.005637844248987681,1.0202039290697669,0.900841858838076,86.28352208561827,93.68713879670356,1.3271596141839193e-10,True,True,bound,507.73214603471365,718.041686975089,1015.4642920694273,2.442624674211643e-15,True,True
0.01250000000000001,2.8691392631142465,1442.1866929801188,1.3061079931451152,-0.11533672394755,5.662151431226167,36.71281947255593,-0.21575628575418326,0.004860830557074876,-0.12103701790780659,0.7140638679824829,9.734744417758343,4.940277735311519,0.0057422394580858085,1.0205856925589236,0.9005218616608134,85.29965843304011,92.42919803554312,1.3239504122714866e-10,True,True,bound,502.6548245743665,710.861270105338,1005.309649148733,2.6150138291386834e-16,True,True
0.01262500000000001,2.898406413911381,1442.4732351780635,1.3058485394194017,-0.11534863817654403,5.660441943929876,36.716611889430986,-0.2173772524792965,0.00478924669979127,-0.12258250365336587,0.7144825745560457,9.647506013553588,4.896785910114304,0.005847784529488213,1.02097164290179,0.9001904158632209,84.33931372834991,91.20868144720289,1.3208331455639959e-10,True,True,bound,497.67804413303617,703.8230397082555,995.3560882660723,6.108450077132356e-15,True,True
0.01275000000000001,2.9276871054812217,1442.7608317787242,1.3055882345978107,-0.11536013985925667,5.65874935740661,36.72027298874617,-0.2190044908543327,0.0047201658651857105,-0.12413394918904515,0.7149029807646007,9.561662770477348,4.854016769766383,0.005954476584020614,1.0213617748977792,0.8998481374325948,83.40161447270135,90.02381169220926,1.3178114413627653e-10,True,True,bound,492.79884762192796,696.9228138287627,985.5976952438559,9.26122322580861e-16,True,True
0.01287500000000001,2.9569812790698706,1443.049423398594,1.305327133475842,-0.11537125092546391,5.657072810622267,36.72380975096597,-0.22063766868247248,0.004653454357665728,-0.1256910370677078,0.7153250014620853,9.477188790161074,4.811955624940649,0.006062312986327586,1.0217560840255626,0.899495600935579,82.48573144059756,88.87292758772236,1.3148438619408961e-10,True,True,bound,488.0143927906471,690.1565729178039,976.0287855812942,1.9984437955238797e-15,True,True
0.01300000000000001,2.9862888782445562,1443.3389540599992,1.3050652876860902,-0.11538199177207654,5.65541150591373,36.727228668628754,-0.22227647276091966,0.004588987850904225,-0.1272534680186276,0.7157485563682997,9.394058259775091,4.770587973765178,0.006171291325834717,1.0221545663929041,0.8991333429443981,81.59087683764464,87.75447450104244,1.311975367404119e-10,True,True,bound,483.32194670612165,683.5204520243635,966.6438934122433,1.776412755929583e-15,True,True
0.01312500000000001,3.0156098487097793,1443.629370940901,1.3048027459299774,-0.11539238139455679,5.653764703358165,36.73053578817794,-0.22392060748458809,0.004526650582961995,-0.12882095962912468,0.7161735697246909,9.312245517124609,4.729899520472624,0.006281409399501289,1.022557218691184,0.8987618651281793,80.7163016784768,86.66699569751634,1.3091829349907858e-10,True,True,bound,478.7188805470157,677.0107334336552,957.4377610940314,1.2911735039838217e-15,True,True
0.01325000000000001,3.044944138139838,1443.920624146628,1.3045395541892137,-0.11540243750507628,5.652131715726672,36.73373674757285,-0.2255697935721952,0.0044663346327555664,-0.13039324510099518,0.7165999699491211,9.231725105856802,4.689876190612672,0.0063926651961687215,1.0229640754349516,0.8983816370468807,79.86129336495439,85.60912453281291,1.3064432365194418e-10,True,True,bound,474.2026646927986,670.623839722017,948.4053293855972,2.9390639202185724e-16,True,True
0.01337500000000001,3.0742916960260462,1444.2126665013122,1.3042757559190414,-0.11541217663894696,5.6505119039532135,36.73683681016676,-0.22722376690232116,0.004407939268458349,-0.13197007212646106,0.7170276893393487,9.152471822063596,4.650504143288285,0.006505056882338096,1.023375131931575,0.8979930986807325,79.02517344678469,84.57957739390409,1.303763257033329e-10,True,True,bound,469.770864088193,664.3563272012505,939.541728176386,2.6081650029287517e-16,True,True
0.01350000000000001,3.1036524735371867,1444.505453357068,1.304011392225068,-0.11542161425065683,5.6489046730588734,36.73984089527597,-0.22888227744852463,0.0043513703596543005,-0.13355120181796679,0.7174566638420308,9.074460753397899,4.611769780816849,0.0066185827892267,1.023790351264776,0.8975966627239216,78.20729554852625,83.57714730536543,1.3011542860691046e-10,True,True,bound,465.42113386515416,658.2048797271649,930.8422677303083,1.2475403097526092e-15,True,True
0.01362500000000001,3.1330264233918794,1444.7989424191746,1.3037465020253012,-0.11543076480067467,5.647309468479243,36.74275360581067,-0.2305450883037632,0.004296539846092339,-0.13513640779996272,0.7178868327825366,8.997667311673721,4.573659756164496,0.006733241400972299,1.0242097320924737,0.8971927166677863,77.40704344854421,82.60069812813724,1.2985898025777001e-10,True,True,bound,461.15121520584086,652.1663028489339,922.3024304116817,2.4530796759594182e-15,True,True
0.01375000000000001,3.162413499741704,1445.0930935857045,1.3034811221988165,-0.11543964183403914,5.645725772749518,36.745579253290565,-0.23221197478546562,0.004243365256806537,-0.1367254753846147,0.7183181386097053,8.9220672597954,4.5361609784566514,0.006849031343869397,1.0246332734820596,0.8967816246957296,76.62382929691091,81.64915928693343,1.296103698981149e-10,True,True,bound,456.95893143124226,646.2375182775801,913.9178628624845,4.480748784706529e-16,True,True
0.01387500000000001,3.1918136580640537,1445.387868800229,1.3032152877223284,-0.11544825805162406,5.644153102507532,36.74832188052935,-0.23388272361358586,0.004191769274126275,-0.1383182008522573,0.7187505266142831,8.847636733752804,4.4992606168291225,0.0069659513765328845,1.0250609748844228,0.8963637294093905,75.85709196051322,80.72152097028102,1.2936597421311748e-10,True,True,bound,452.8421843012311,640.4155586534577,905.6843686024622,7.140532790082181e-16,True,True
0.01400000000000001,3.221226855063774,1445.6832319163568,1.3029490317958092,-0.11545662537486213,5.642591005779971,36.750985282236925,-0.23555713215470986,0.004141679337775544,-0.13991439077147835,0.7191839446894153,8.774352260324223,4.462946102849319,0.007084000380899226,1.0254928361101785,0.895939353403397,75.10629548476055,79.81682975390859,1.2912609582774503e-10,True,True,bound,448.7989505128272,634.6975625940518,897.5979010256544,4.3299090254311925e-15,True,True
0.01412500000000001,3.250653048582783,1445.9791485730163,1.3026823859581653,-0.11546475500461538,5.641039059521212,36.7535730237584,-0.23723500772613848,0.004093027284834797,-0.14151386123541354,0.7196183432573333,8.702190771048414,4.4272051317086,0.007203177353982063,1.0259288573078733,0.8955088007039358,74.37092766229358,78.93418460403436,1.288921729971337e-10,True,True,bound,444.82727838439513,629.080770004724,889.6545567687903,4.597123584660591e-16,True,True
0.014250000000000011,3.2800921975169217,1446.2755860794882,1.302415380193887,-0.11547265747479965,5.639496867377983,36.756088458143324,-0.23891616695438023,0.00404574902184153,-0.1431164372121361,0.7200536751514396,8.63112961295494,4.392025662360152,0.007323481400311096,1.026369038943989,0.8950723580847362,73.6504986999966,78.07273322216807,1.2866262032221522e-10,True,True,bound,440.92528471435656,623.5625176362614,881.8505694287131,1.1108566150610354e-15,True,True
0.014375000000000011,3.309544261739383,1446.5725133093138,1.3021480430314807,-0.11548034270129906,5.637964057656164,36.75853474171565,-0.24060043518319718,0.003999784225738442,-0.14472195187510664,0.7204898956058409,8.561146556482246,4.357395916755524,0.007444911724988001,1.0268133817845668,0.8946302962724499,72.94453997642168,77.23166869744578,1.2843634585686758e-10,True,True,bound,437.09115180379695,618.140234874207,874.1823036075939,4.564220731436263e-16,True,True
0.014500000000000011,3.3390092020301134,1446.8699006022778,1.3018804016344245,-0.11548782002664576,5.63644028146886,36.76091484829572,-0.2422876459267287,0.0039550760707571,-0.1463302461680568,0.7209269619955716,8.492219800957413,4.32330437831261,0.007567467627302635,1.0272619045330398,0.8941828710521577,72.25260288245636,76.41022643635877,1.2821687314463366e-10,True,True,bound,433.3231246330746,612.811439745981,866.6462492661492,1.12154285329549e-15,True,True
0.014625000000000011,3.3684869800106765,1447.1677196737644,1.3016124818852963,-0.11549509826088492,5.634925211047323,36.763231582208,-0.24397764036373948,0.0039115709786571844,-0.14794116836453705,0.7213648336462017,8.424327977966236,4.28973978973148,0.007691148494857344,1.0277146300708133,0.8937303242825232,71.57425773871437,75.60768134309404,1.279997826035027e-10,True,True,bound,429.61950818321924,607.5737351327675,859.2390163664385,3.7749490170245055e-15,True,True
0.014750000000000011,3.3979775580840683,1447.465943530832,1.3013443084636764,-0.11550218571899952,5.633418538198329,36.765487590193786,-0.2456702668694004,0.0038692183900282187,-0.14955457367914518,0.7218034715986722,8.357450152900729,4.256691150259445,0.007815953798153084,1.028171520396037,0.8932728848291066,70.90909278371238,74.8233452266442,1.2778666610324445e-10,True,True,bound,425.97866489353095,602.4248051740153,851.9573297870619,4.2956090073875686e-16,True,True
0.014875000000000011,3.4274808993790855,1447.7645463944423,1.30107590491835,-0.11550909025522715,5.631919972893528,36.76768537233456,-0.2473653805814089,0.0038279705546157496,-0.1511703238438289,0.7222428385156049,8.291565824936624,4.224147712494121,0.007941883085594906,1.0286325773159868,0.8928107694234171,70.2567132274196,74.05656441342337,1.27577580101321e-10,True,True,bound,422.39901224736684,597.3624118532252,844.7980244947337,1.3509668095109742e-15,True,True
0.015000000000000012,3.456996967698829,1448.0635036273097,1.3008072937343027,-0.11551581929456542,5.630429241977859,36.76982729208045,-0.2490628429974744,0.003787782338852143,-0.15278828667183086,0.7226828986784861,8.226654925660569,4.192098978801411,0.00806893597888111,1.0290978028645241,0.8923441834545568,69.61674036524009,73.30671754639432,1.2737284815377664e-10,True,True,bound,418.8790204786388,592.3843917544483,837.7580409572776,9.481948226935867e-16,True,True
0.015125000000000012,3.486525727473012,1448.362791666911,1.3005384963949338,-0.11552237986173032,5.628946087985544,36.77191558546801,-0.25076252160160584,0.0037486110489739276,-0.15440833566187095,0.7231236179533685,8.16269781654171,4.1605346974161534,0.008197112168740115,1.029567199290836,0.8918733216995053,68.98881074791382,72.57321355370901,1.2717081440017272e-10,True,True,bound,415.41721039203844,587.4886529796182,830.8344207840769,3.6448967864377696e-16,True,True
0.015250000000000012,3.51606714371374,1448.6623879632164,1.3002695334398935,-0.11552877860780453,5.627470268053427,36.77395236960261,-0.25246428951676014,0.0037104162682741735,-0.15603034962289417,0.7235649637699743,8.099675285416499,4.129444858283897,0.008326411410986955,1.030040769049019,0.8913983689975683,68.37257540320707,71.8554897716285,1.269723630929485e-10,True,True,bound,412.0121512904644,582.6731722174902,824.0243025809287,3.145003458140743e-16,True,True
0.015375000000000012,3.545621181974483,1448.9622709207658,1.300000424518892,-0.1155350218347869,5.6260015529225,36.775939650472786,-0.25416802518173354,0.0036731597071918715,-0.15765421243415306,0.7240069049305312,8.037568542136242,4.098819688695243,0.008456833522870036,1.0305185147884326,0.8909195008738878,67.76769910561202,71.15301020804606,1.2677705945708252e-10,True,True,bound,408.66245900355,577.9359919555594,817.3249180071,6.505213034913027e-17,True,True
0.015500000000000012,3.5751878083119726,1449.2624198447327,1.299731188441814,-0.11554111551823375,5.6245397260194405,36.77787933015719,-0.2558736120503107,0.0036368050650731625,-0.15927981279340953,0.7244494114894398,7.976359213507361,4.068649648757067,0.008588378379684946,1.0310004393447556,0.8904368841164668,67.17385969058942,70.46526393431827,1.265847434774217e-10,True,True,bound,405.3667940115859,573.2752178268855,810.7335880231718,2.5874052774677684e-15,True,True
0.01562500000000001,3.6047669892507948,1449.5628148906608,1.2994618432254248,-0.115547065328162,5.623084582610815,36.77977321347827,-0.257580938310912,0.0036013179025647223,-0.16090704407277104,0.7248924545497654,7.916029337639243,4.038925426739549,0.008721045911631642,1.0314865457316909,0.8899506773106949,66.5907474101751,69.79176359433332,1.2639551710443935e-10,True,True,bound,402.12385965949323,568.6890160842705,804.2477193189865,2.6667137931081388e-15,True,True
0.01575000000000001,3.634358691750455,1449.8634370175787,1.299192406136948,-0.1155528766483679,5.6216359290234,36.78162301415159,-0.25928989662508917,0.003566665523691654,-0.16253580397445316,0.7253360062967125,7.856561357799267,4.00963793433239,0.008854836100896437,1.0319768371332623,0.8894610313350108,66.01806432702972,69.13204402083387,1.2620935588017745e-10,True,True,bound,398.9324004558465,564.1756111947128,797.864800911693,1.5368398249457896e-15,True,True
0.01587500000000001,3.6639628831747206,1450.164267944236,1.298922893734744,-0.11555855459429915,5.620193581924672,36.783430360474725,-0.2610003838834545,0.003532816866783966,-0.1641659942353866,0.7257800400003716,7.797938115863882,3.9807783018397505,0.00898974897893775,1.0324713168966526,0.8889680898209205,65.4555237442474,68.48566094998074,1.2602599091377275e-10,True,True,bound,395.79120045225716,559.7332835475103,791.5824009045143,1.3344029824088958e-15,True,True
0.01600000000000001,3.6935795312630724,1450.4652901082113,1.2986533219063272,-0.11556410402960562,5.618757367658185,36.785196800595514,-0.26271230097762066,0.0034997424034771615,-0.16579752026443426,0.726224530095067,7.7401428454412065,3.9523378733385788,0.009125784623962335,1.0329699885255497,0.8884719895803874,64.90284966845228,67.85218982600644,1.258446745153673e-10,True,True,bound,392.6990816987239,555.3603672697953,785.3981633974478,6.671771070576449e-16,True,True
0.01612500000000001,3.7232086041040855,1450.7664866276832,1.2983837059039147,-0.11556952958148041,5.617327121629021,36.78692380739526,-0.2644255525870043,0.0034674140451095748,-0.16743029095512005,0.7266694521091741,7.683159164733673,3.924308201822622,0.009262943158573707,1.0334728556739479,0.8879728610032129,64.3597763039081,67.23122468857952,1.2566760909793764e-10,True,True,bound,389.65490277082677,551.055248143673,779.3098055416535,5.926312547699517e-16,True,True
0.01625000000000001,3.7528500701106067,1451.0678412656512,1.2981140603776966,-0.11557483565489333,5.615902687735017,36.78861278301941,-0.2661400469793205,0.0034358050558864423,-0.16906421862596469,0.7271147824896944,7.626971069198613,3.896681044350488,0.009401224747580917,1.0339799221403752,0.8874708284268776,63.82604757554336,66.62237713618882,1.254919754216143e-10,True,True,bound,386.65755736489734,546.8163616194909,773.3151147297947,4.045666694963796e-15,True,True
0.01637500000000001,3.782503897996582,1451.369338396435,1.2978443994069981,-0.11558002644580904,5.614483917839847,36.79026506308499,-0.2678556958237608,0.0034048899722503986,-0.17069921894209067,0.727560498476827,7.571562924058248,3.8694483572139102,0.00954062959595469,1.0344911918625146,0.8869660104810383,63.30141667895608,66.02527535947489,1.2531804506617237e-10,True,True,bound,383.70597295753174,542.6421909201055,767.4119459150635,8.979418945756483e-16,True,True
0.01650000000000001,3.8121700567554178,1451.6709629742784,1.2975747365294852,-0.11558510595347289,5.613070671284435,36.791881920591344,-0.269572414015943,0.003374644527946271,-0.17233521085206813,0.7280065779793287,7.516919456704139,3.8426022911401083,0.009681157946918486,1.0350066689121862,0.8864585204086698,62.78564565561184,65.4395632389885,1.2514773995513974e-10,True,True,bound,380.7991095260353,538.5312652313168,761.5982190520706,1.5662206859420539e-15,True,True
0.01662500000000001,3.841848515639754,1451.972700503903,1.2973050847685617,-0.11559007799184032,5.6116628144335206,36.79346456955818,-0.2712901195137243,0.0033450455843196236,-0.17397211625655715,0.7284529996663595,7.463025749034213,3.816135186539612,0.00982281008016588,1.0355263574906604,0.8859484663657176,62.278504991582565,64.86489950235386,1.2497951164022e-10,True,True,bound,377.9359583265914,534.4821579739385,755.8719166531828,2.0069830500016104e-15,True,True
0.01675000000000001,3.871539244142555,1452.2745370128744,1.297035456659084,-0.11559494620021853,5.610260220254474,36.79501416841296,-0.27300873318313057,0.00331607106542634,-0.17560985979517985,0.7288997429730574,7.409867229756646,3.7900395688096356,0.009965586310193219,1.0360502687378115,0.8854359517008933,61.77977323829845,64.30095693626059,1.2481244906191345e-10,True,True,bound,375.1155407271392,530.4934851532374,750.2310814542784,2.2773748573922217e-16,True,True
0.01687500000000001,3.901242211979416,1452.57645902565,1.2967658642715147,-0.11559971405318321,5.608862767925706,36.7965318231475,-0.2747281786536795,0.0032876998975700537,-0.1772483685340545,0.7293467881734245,7.357429666689816,3.7643081437013355,0.010109486984739098,1.0365784284096768,0.8849210752171396,61.28923665389843,63.7474216491105,1.2464925110488592e-10,True,True,bound,372.3369070921234,526.5639037817319,744.6738141842468,3.895820209656348e-15,True,True
0.01700000000000001,3.930957389072,1452.8784535391885,1.296496319234626,-0.11560438486982694,5.607470342472343,36.79801859026174,-0.2764483821824064,0.003259911952920847,-0.1788875719800091,0.7297941162546935,7.305699159083183,3.738933792757661,0.010254512483323023,1.0371108123688841,0.884403931416166,60.80668886386865,63.20399238050899,1.2448657729227228e-10,True,True,bound,369.59913571644597,522.6921103715721,739.1982714328919,1.3367426123483965e-15,True,True
0.017125000000000012,3.9606847455325176,1453.1805080000129,1.2962268327568545,-0.11560896182239112,5.606082834426948,36.79947547951152,-0.27816927252599255,0.0032326879968984455,-0.18052740204010884,0.7302417088316392,7.254662129980879,3.7139095688275616,0.010400663215876658,1.0376474252831387,0.8838846107273232,60.33193053975385,62.670379854116895,1.2432539850444683e-10,True,True,bound,366.90133180610695,518.8768394929475,733.8026636122139,2.6650060354812097e-15,True,True
0.017250000000000012,3.990424251649194,1453.4826102826257,1.2959574156463987,-0.11561344794432928,5.604700139513329,36.80090345647506,-0.2798907808204709,0.0032060096390278477,-0.18216779306866618,0.7306895479924977,7.204305318647195,3.689228691661385,0.010547939621458214,1.038188271930023,0.8833631997219444,59.86476909481393,62.1463061706753,1.2416834163472638e-10,True,True,bound,364.24262650316416,515.1168623951726,728.4852530063283,1.1191613787397886e-15,True,True
0.017375000000000012,4.0201758778726315,1453.7847486691853,1.2956880783301477,-0.11561784613784419,5.603322158351648,36.80230344495221,-0.2816128404679188,0.0031798592870050406,-0.18380868172012668,0.7311376162996379,7.15461577306875,3.664884543590771,0.010696342167047882,1.0387333571938706,0.8828397813142785,59.405018395578914,61.63150423828352,1.240111431923637e-10,True,True,bound,361.6221759527817,511.4109856872936,723.2443519055633,1.3326752723775333e-15,True,True
0.017500000000000012,4.049939594803023,1454.0869118303533,1.2954188308715187,-0.11562215918093924,5.601948796183152,36.8036763292089,-0.2833353870297377,0.003154220103730746,-0.1854500067150943,0.7315858968630199,7.105580842547924,3.640870665296342,0.010845871346414763,1.03928268606283,0.8823144349499251,58.95249848832905,61.125717237252225,1.2385786795486366e-10,True,True,bound,359.03916041026184,507.7580500752415,718.0783208205237,8.896765104808213e-16,True,True
0.017625000000000012,4.0797153731781535,1454.3890888072422,1.2951496829872764,-0.11562638973401937,5.600579962613068,36.805022956078325,-0.28505835812602465,0.0031290759670911327,-0.18709170863903257,0.7320343734115868,7.057188170398103,3.6171807516650665,0.010996527679052601,1.03983626362611,0.8817872367827185,58.50703533959524,60.62869811707448,1.2370498752065448e-10,True,True,bound,356.4927833860756,504.15692915272206,712.9855667721512,1.3617188588215086e-15,True,True
0.017750000000000012,4.109503183862128,1454.69126899438,1.2948806440634042,-0.11563054034607533,5.5992155713702605,36.806344136929454,-0.28678169334064796,0.003104411432282244,-0.18873372977409902,0.7324830303409562,7.009425686750454,3.593808647738962,0.011148311709179012,1.0403940950714046,0.8812582598408563,58.06846058983781,60.1402091232563,1.235536602209434e-10,True,True,bound,353.9822708270187,500.60652824319584,707.9645416540374,3.665450751105893e-15,True,True
0.017875000000000012,4.139302997834793,1454.9934421236348,1.2946117231700858,-0.11563461346048125,5.597855540082409,36.80764064951242,-0.28850533413166746,0.003080211696494297,-0.19037601417544742,0.7329318525401717,6.962281601480326,3.570748344756272,0.011301224004792372,1.04095618568246,0.880727574183029,57.636611319519275,59.660021351930354,1.234046843213739e-10,True,True,bound,351.5068703317249,497.1057832904462,703.0137406634498,1.112375810431525e-15,True,True
0.018000000000000013,4.169114786181782,1455.2955982490287,1.2943429290758597,-0.11563861142043368,5.596499790065559,36.80891323968984,-0.2902292237467088,0.003056462565782669,-0.1920185076435925,0.7333808253195923,6.9157443972589485,3.5479939762854005,0.011455265156785115,1.0415225408368038,0.8801952470452703,57.21132982684047,59.187914330341194,1.2325776262266458e-10,True,True,bound,349.0658503988657,493.65365979537364,698.1317007977314,4.664963011321631e-16,True,True
0.018125000000000013,4.198938520085176,1455.5977277323893,1.2940742702609944,-0.11564253647405746,5.595148246126974,36.8101626230621,-0.2919533071430247,0.0030331504239728556,-0.1936611577623712,0.7338299342807836,6.8698028227364425,3.5255398144521015,0.011610435778106476,1.042093166003601,0.8796613429791315,56.79246341645839,58.72367562144079,1.2311218294942667e-10,True,True,bound,346.6584997064597,490.2491517967849,693.3169994129194,2.3315464387759135e-15,True,True
0.018250000000000013,4.2287741708147095,1455.899821229781,1.2938057549301405,-0.11564639077920222,5.593800836380351,36.811389486494036,-0.2936775309118995,0.00301026220345087,-0.19530391371714204,0.7342791654023288,6.824445885859342,3.5033802662594606,0.011766736502973541,1.042668066741641,0.8791259239818063,56.37986419855022,58.26710045097049,1.2296788900331953e-10,True,True,bound,344.284126420799,486.89128089406717,688.568252841598,8.949299749618946e-16,True,True
0.018375000000000013,4.258621709719495,1456.2018696786681,1.2935373910243009,-0.11565017640795085,5.592457492072495,36.81259448955015,-0.2954018432071339,0.0029877853577120112,-0.19694672618170503,0.734728505063965,6.779662847325941,3.4815098700002403,0.011924167986127067,1.0432472486974484,0.8785890496187376,55.973388897629384,57.81799135553013,1.2282503633636217e-10,True,True,bound,341.94205753358267,483.57909530975377,683.8841150671653,1.5581192808558444e-15,True,True
0.018500000000000013,4.288481108220254,1456.5038642857683,1.293269186232161,-0.11565389535086017,5.591118147420628,36.81377826584434,-0.29712619367737725,0.0029657078355427072,-0.19858954720233335,0.7351779400728171,6.7354432141818545,3.4599232917610263,0.012082730902127473,1.043830717603497,0.8780507771391963,55.572898670559304,57.37615785024988,1.2268273807536543e-10,True,True,bound,339.6316382259233,480.3116689900933,679.2632764518467,3.362929138995952e-15,True,True
0.018625000000000013,4.318352337801978,1456.805796515543,1.293001148000825,-0.1156575495209521,5.589782739459604,36.8149414243104,-0.2988505334020286,0.002944018056722228,-0.20023233015664307,0.7356274576299792,6.6917767335567415,3.4386153220169247,0.012242425944690497,1.044418479276536,0.8775111615853229,55.17825893324605,56.94141611478447,1.225446696842924e-10,True,True,bound,337.35223125796415,477.08810074183765,674.7044625159283,3.4157599738360786e-16,True,True
0.018750000000000013,4.348235370007039,1457.107658079296,1.2927332835459882,-0.11566114075747212,5.588451207898332,36.816084550398344,-0.30057481483050763,0.0029227048891465536,-0.2018750297310719,0.7360770452853154,6.648653386543152,3.4175808723158267,0.012403253826059163,1.04501053961601,0.8769702558950504,54.78933919552488,56.51358869644534,1.2240682758656892e-10,True,True,bound,335.10321638291106,473.9075134035587,670.2064327658221,3.670432228234469e-15,True,True
0.018875000000000013,4.378130176428696,1457.4094409248391,1.2924655998615808,-0.11566467082943102,5.587123494984742,36.8172082072018,-0.30229899172470764,0.0029017576272701707,-0.20351760186705045,0.7365266909407544,6.606063382217981,3.3968149720510263,0.012565215276408066,1.04560690460257,0.8764281109992901,54.406012903786554,56.09250422937375,1.2226999845849576e-10,True,True,bound,332.8839897843487,470.76905304989276,665.7679795686975,4.523560167288625e-16,True,True
0.019000000000000013,4.408036728704974,1457.7111372266863,1.2921981037289212,-0.11566814143894404,5.585799545378768,36.81831293652088,-0.304023019104386,0.002881165971785266,-0.20516000370907833,0.7369763828449224,6.563997151805561,3.3763127653204843,0.012728311043281202,1.0462075802966726,0.8758847759137891,54.02815729091838,55.67799716873828,1.2213293084529496e-10,True,True,bound,330.69396353576747,467.6718882271961,661.3879270715349,4.318947626000627e-16,True,True
0.019125000000000014,4.4379549985128985,1458.0127393767543,1.2919308017253976,-0.11567155422438095,5.584479306032735,36.81939925986487,-0.305746853195378,0.0028609200104519616,-0.2068021935544618,0.7374261095546235,6.522445342982382,3.356069507871503,0.012892541891057879,1.046812572837258,0.875340297825955,53.65565323316116,55.26990753901386,1.219980120084909e-10,True,True,bound,328.5325650812853,464.6152092191752,657.0651301625707,1.3509308733487746e-15,True,True
0.019250000000000014,4.467884957563062,1458.3142399755275,1.2916637002327178,-0.11567491076333958,5.583162726078713,36.82046767939876,-0.30747045138041385,0.0028410102000073945,-0.20844413082342916,0.7378758598988777,6.481398814321843,3.336080564128993,0.01305790860044713,1.0474218884405024,0.8747947221770025,53.28838511350878,54.86808069546726,1.2186577267107858e-10,True,True,bound,326.39923673660167,461.5982273411286,652.7984734732033,4.51086949158125e-16,True,True
0.019375000000000014,4.49782657759451,1458.6156318236722,1.2913968054447413,-0.11567821257545385,5.581849756722327,36.82151867883706,-0.30919377215242205,0.0028214273490788414,-0.21008577605785791,0.7383256229134657,6.440848629877901,3.3163414043057164,0.013224411968007697,1.0480355333986426,0.8742480927396931,52.926240691299746,54.472367098036116,1.2173416544037289e-10,True,True,bound,324.29343520926875,458.62017426150845,648.5868704185375,8.933114562652282e-16,True,True
0.019500000000000014,4.527779830369906,1458.9169079140645,1.2911301233749273,-0.11568146112504744,5.58054035114262,36.82255272428846,-0.3109167750701478,0.002802162602042632,-0.21172709083148303,0.7387753878881453,6.400786053905821,3.296847601592758,0.01339205280569266,1.0486535140788666,0.8737004516919538,52.569110977671755,54.08262209684585,1.2160296403629496e-10,True,True,bound,322.2146311374145,455.6803013495757,644.429262274829,1.1194092093495384e-16,True,True
0.019625000000000014,4.557744687670983,1459.2180614242097,1.2908636598634153,-0.11568465782364246,5.579234464397585,36.8235702650544,-0.31263942071597084,0.002783207423762538,-0.2133680376834811,0.739225144377015,6.361202545718217,3.277594829428422,0.013560831940416752,1.0492758369222661,0.8731518396866218,52.21689011657027,53.69870572866187,1.214735043192304e-10,True,True,bound,320.1623086460933,452.777879047986,640.3246172921866,2.932541963134574e-15,True,True
0.019750000000000014,4.587721121294255,1459.5190857090379,1.290597420583761,-0.11568780403233249,5.577932053334957,36.824571734384435,-0.31436167065578813,0.002764553585157209,-0.21500857997220368,0.7396748822273146,6.322089754674281,3.258578858843784,0.013730750213644916,1.0499025084428468,0.8726022959175539,51.86947527102078,53.320482523622424,1.2134554074843517e-10,True,True,bound,318.13596492048515,449.91219626920133,636.2719298409703,1.333009018255694e-15,True,True
0.019875000000000014,4.6177091030469635,1459.8199742940421,1.2903314110493473,-0.1156909010640288,5.576633076507966,36.82555755019119,-0.31608348740083647,0.0027461931495390878,-0.21664868189302486,0.7401245915500666,6.283439515299873,3.2397955558829863,0.013901808481001632,1.0505335352265965,0.8720518581823259,51.526766514391994,52.94782132164309,1.2121864351344157e-10,True,True,bound,316.13510979519907,447.082559814678,632.2702195903981,2.422596805278108e-16,True,True
0.020000000000000014,4.647708604743268,1460.1207208687508,1.2900656366194898,-0.11569395018558663,5.575337494095731,36.82652811572723,-0.3178048343713651,0.002728118459683539,-0.21828830851213715,0.7405742626867764,6.245243842536312,3.2212408790965767,0.014074007611898401,1.0511689239306015,0.8715005629417154,51.18866672639293,52.58059509792458,1.2109296620647466e-10,True,True,bound,314.1592653589791,444.2882938158363,628.3185307179582,1.901639923103437e-15,True,True
0.020125000000000014,4.6777195982006425,1460.4213192805098,1.2898001025052497,-0.11569695261982016,5.574045267827965,36.827483820226384,-0.3195256758620384,0.002710322125577719,-0.21992742582332908,0.7410238861945811,6.207494927115214,3.202910877105918,0.014247348489179329,1.0518086812822156,0.8709484453761668,50.85508149356258,52.218680797034224,1.209669573008505e-10,True,True,bound,312.2079655741407,441.52873919586216,624.4159311482814,8.240000706821029e-16,True,True
0.020250000000000015,4.707742055236486,1460.7217635285579,1.289534813774976,-0.11569990954741201,5.572756360913769,36.82842503951159,-0.3212459770089713,0.0026927970128101343,-0.22156600074304023,0.741473452836131,6.170185131056868,3.184801686236899,0.014421832008783643,1.0524528140782698,0.8703955394394205,50.5259190140246,51.86195917506642,1.2084398942231134e-10,True,True,bound,310.2807559101028,438.80325315144324,620.5615118202056,1.8901875202357046e-15,True,True
0.020375000000000015,4.7377759476649155,1461.0220477583814,1.2892697753595879,-0.11570282210872394,5.571470737974236,36.8293521365713,-0.3229657037583249,0.0026755362315627968,-0.22320400096951926,0.7419229535787847,6.133306983289642,3.1669095282211424,0.014597459079423496,1.0531013291843332,0.869841877909458,50.201090006292695,51.510314649420444,1.207202582245628e-10,True,True,bound,308.3771929904089,436.1112086535816,616.7543859808178,2.4432026740931565e-15,True,True
0.020500000000000015,4.767821247293756,1461.3221662563294,1.2890049920576128,-0.11570569140551488,5.570188364978626,36.83026546210625,-0.3246848228363546,0.00265853312616714,-0.2248413949070685,0.7423723795844055,6.096853175387638,3.1492307079628787,0.014774230622276868,1.0537542335340058,0.8692874924369364,49.88050762192482,51.16363515576389,1.2060002641624853e-10,True,True,bound,306.4968442526625,433.45199396666953,612.993688505325,1.221268909027273e-15,True,True
0.020625000000000015,4.797877925921682,1461.6221134444784,1.2887404685399941,-0.11570851850257144,5.568909209183911,36.831165355048554,-0.32640330172084964,0.0026417812651938185,-0.22647815155213374,0.7428217221952724,6.06081655742395,3.1317616113696776,0.014952147570694355,1.0544115341282554,0.8687324135912403,49.56408736183578,50.82181201177824,1.2047879625379034e-10,True,True,bound,304.6392876208282,430.82501218505337,609.2785752416564,1.3367426123483965e-15,True,True
0.020750000000000015,4.8279459553355535,1461.9218838757322,1.2884762093546782,-0.1157113044292562,5.567633239077471,36.8320521430545,-0.3281211086138769,0.0026252744320419442,-0.2281142405684423,0.7432709729351145,6.025190133936843,3.114498703245342,0.015131210869919105,1.0550732380347922,0.8681766709043002,49.25174699608868,50.48473978730902,1.2035895164640435e-10,True,True,bound,302.8041111893774,428.22968078634824,605.6082223787548,7.813311813626824e-16,True,True
0.020875000000000015,4.8580253073078685,1462.2214722291437,1.2882122189309964,-0.11571405018097872,5.566360424322763,36.83292614297278,-0.3298382124157766,0.002609006615999564,-0.22974963230214046,0.7437201235094603,5.989967060006201,3.097438525243211,0.015311421476818732,1.0557393523874699,0.8676202929122883,48.94340648699553,50.1523161805668,1.2024009075768783e-10,True,True,bound,300.9909129187824,425.6654312008012,601.9818258375648,4.479602722675333e-16,True,True
0.021000000000000015,4.888115953594391,1462.5208733054474,1.2879485015838492,-0.11571675672059349,5.565090735707769,36.833787661289506,-0.33155458270031213,0.0025929720037491276,-0.2313842978755526,0.7441691658391512,5.955140637437313,3.080577693878095,0.015492780359629695,1.0564098843857301,0.8670633071953343,48.63898791536724,49.824441900048356,1.2012146183275768e-10,True,True,bound,299.19930034188485,423.1317083960346,598.3986006837697,5.668073576034517e-15,True,True
0.021125000000000015,4.918217865931906,1462.8200820227914,1.2876850615177056,-0.11571942497972919,5.563824145096089,36.834636994551296,-0.3332701896909609,0.00257716497128972,-0.23301820910183857,0.7446180920330571,5.920704311049679,3.0639128985953294,0.01567528849771148,1.057084841294067,0.866505740415338,48.33841540976159,49.50102055186719,1.2000573769631074e-10,True,True,bound,297.42889028069027,420.6279704765314,594.8577805613805,2.649790109554573e-16,True,True
0.021250000000000015,4.948331016036096,1463.1190934126594,1.2874219028304257,-0.11572205586005306,5.562560625380491,36.83547442976776,-0.3349850042382223,0.0025615800762563345,-0.23465133839158778,0.7450668943574372,5.886651665067628,3.047440899895094,0.015858946881312775,1.0577642304415293,0.8659476183520273,48.04161507858645,49.18195853220253,1.1988929107389445e-10,True,True,bound,295.6793085731568,418.1536882972577,591.3586171463136,1.776362133348282e-15,True,True
0.021375000000000016,4.978455375599558,1463.4179026159695,1.2871590295169169,-0.11572465023447431,5.5613001504387904,36.83630024479451,-0.336698997797964,0.0025462120506082736,-0.2362836586523082,0.7455155651825274,5.852976419610746,3.0311585275106223,0.016043756511345795,1.058448059221244,0.8653889659373092,47.74851494492314,48.867164924593766,1.1977424872459785e-10,True,True,bound,293.9501898095711,415.70834509084096,587.9003796191422,1.0051832176489424e-15,True,True
0.021500000000000016,5.008590916289931,1463.7165048793493,1.2868964454726282,-0.1157272089482895,5.560042695091926,36.83711470869779,-0.3384121424106987,0.0025310557936717255,-0.23791514324432803,0.7459640969626301,5.819672427280989,3.015062678638592,0.016229718399170468,1.0591363350899676,0.8648298072880406,47.459044883942205,48.556551401823796,1.1965987117648582e-10,True,True,bound,292.2411770781201,413.2914361077547,584.4823541562401,1.998862600556266e-15,True,True
0.021625000000000016,5.038737609748119,1464.0148955515629,1.2866341544969007,-0.11572973282027357,5.5587882350641165,36.83791808210179,-0.34012441068175336,0.002516106365512775,-0.2395457660609987,0.7464124822908194,5.786733669843989,2.9991503162201436,0.016416833566388102,1.0598290655676657,0.8642701657373018,47.17313656279079,48.25003213215059,1.1954666056115886e-10,True,True,bound,290.551921719287,410.9024682689815,581.103843438574,3.7109711106403904e-16,True,True
0.021750000000000016,5.068895427586654,1464.3130700801023,1.2863721602961666,-0.11573222264371935,5.557536746944938,36.838710617519425,-0.34183577576231494,0.002501358980623544,-0.24117550153474515,0.7468607139136796,5.754154255002313,2.983418467271177,0.016605103044641856,1.0605262582371087,0.8637100638642279,46.89072338283709,47.94752368966032,1.194344123595564e-10,True,True,bound,288.8820830887164,408.54095983065406,577.7641661774328,2.3356337370385493e-15,True,True
0.021875000000000016,5.099064341388119,1464.6110240079158,1.2861104664870204,-0.11573467918742834,5.556288208153274,36.83949255966784,-0.34354621133127106,0.0024868090019061107,-0.24280432466113117,0.747308784763842,5.721928413257758,2.9678642212602977,0.016794527875426048,1.061227920743495,0.8631495235225047,46.6117404241637,47.648944968529705,1.193218924516633e-10,True,True,bound,287.23132832820943,406.2064400601932,574.4626566564189,2.444857503508615e-15,True,True
0.022000000000000016,5.129244322703696,1464.9087529702792,1.285849076599155,-0.11573710319665538,5.555042596902987,36.84026414576901,-0.3452556915778282,0.002472451934934882,-0.24443221093607473,0.7477566879141562,5.69005049486051,2.952484728533123,0.01698510910990254,1.0619340607940935,0.8625885658675819,46.33612439220707,47.35421710099679,1.192114974322842e-10,True,True,bound,285.59933214452644,403.89844892348754,571.1986642890529,1.1260281574325045e-15,True,True
0.022125000000000016,5.159435343051785,1465.2062526917978,1.2855879940781787,-0.1157394953940099,5.5537998921702325,36.841025605836656,-0.34696419118486466,0.002458283422485022,-0.24605913632738738,0.7482044165599459,5.658514966842674,2.9372771987814805,0.017176847808723895,1.0626446861579062,0.862027211382674,46.063813566445944,47.06326337885217,1.191016466001318e-10,True,True,bound,283.9857765956873,401.61653678267686,567.9715531913746,1.789648095415852e-15,True,True
0.022250000000000016,5.189637373916725,1465.5035189835328,1.2853272222883139,-0.11574185648031578,5.552560073662329,36.84177716294995,-0.34867168531297965,0.0024442992393115905,-0.2476850772602928,0.7486519639940582,5.627316410133764,2.9222388995562008,0.017369745041863317,1.0633598046653485,0.8614654799036136,45.79474775104651,46.776009178272794,1.1899232211659189e-10,True,True,bound,282.3903508844756,399.3602641041225,564.7807017689512,3.78194887946959e-15,True,True
0.022375000000000016,5.219850386747581,1465.8005477402482,1.285066764514985,-0.1157441871354322,5.551323121788091,36.84251903351479,-0.3503781495852061,0.0024304952871658835,-0.24931001060247426,0.7490993236123308,5.596449516755955,2.9073671548221673,0.017563801888450706,1.064079424207949,0.8609033906426146,45.528868227376734,46.492381887831385,1.188841799695837e-10,True,True,bound,280.812751158864,397.12920117616653,561.625502317728,1.3546523162490678e-15,True,True
0.022500000000000017,5.250074352957005,1466.097334937769,1.2848066239673017,-0.11574648801903753,5.550089017629554,36.84325142751333,-0.3520835600723591,0.002416867590037526,-0.2509339136490103,0.7495464889240624,5.565909087096776,2.892659343554381,0.01775901943661441,1.0648035527380642,0.8603409622110002,45.26611770830711,46.21231083952374,1.1877568576729934e-10,True,True,bound,279.2526803190925,394.9229278362989,558.505360638185,1.196696623782452e-15,True,True
0.022625000000000017,5.280309243920202,1466.3938766304504,1.2845468037804395,-0.1157487597713781,5.548857742915001,36.843974548742295,-0.35378789327897975,0.0024034122896089602,-0.25255676407556954,0.7499934535769179,5.535690027257004,2.8781128983737463,0.017955398783328823,1.0655321982686112,0.8597782126409526,45.00644029421879,45.935727242665244,1.1866933300106402e-10,True,True,bound,277.7098478311417,392.74103320736907,555.4196956622834,3.3390602305628036e-15,True,True
0.022750000000000017,5.310555030973926,1466.6901689487463,1.2842873070179268,-0.11575100301398394,5.5476292799932425,36.84468859504084,-0.35549112612984723,0.002390125640911698,-0.25417853990633577,0.7504402113697425,5.50578734647165,2.8637253042214095,0.01815294103426745,1.0662653688728145,0.8592151594063319,44.74978143064458,45.66256412051642,1.1856309288955365e-10,True,True,bound,276.18396954635523,390.5831154424934,552.3679390927105,1.3352596606168839e-15,True,True
0.022875000000000017,5.340811685415557,1466.9862080968765,1.2840281366738393,-0.1157532183503525,5.546403611809075,36.84539375850818,-0.357193235957054,0.0023770040081758353,-0.25579921955052665,0.7508867562078774,5.476196154602003,2.849494097070522,0.018351647303660273,1.067003072683968,0.858651819442601,44.49608786747165,45.39275624950502,1.1845859993962483e-10,True,True,bound,274.67476752697627,388.4487814783268,549.3495350539525,5.112766348437314e-15,True,True
0.023000000000000017,5.371079178502263,1467.281990350591,1.2837692956749065,-0.1157554063666031,5.54518072187983,36.84609022571187,-0.3588942004875899,0.0023640438608602105,-0.25741878182560396,0.7513330820791557,5.446911659696625,2.8354168626742378,0.01855151871415594,1.0677453178952099,0.8580882091659124,44.245307619638425,45.12624010091979,1.1835287631908512e-10,True,True,bound,273.1819698773731,386.3376467963794,546.3639397547462,1.1139877170986692e-15,True,True
0.023125000000000017,5.4013574814501775,1467.577512055017,1.2835107868825388,-0.11575756763210239,5.543960594273018,36.84677817788697,-0.3605939978314052,0.002351241769855814,-0.25903720605488023,0.7517791829902795,5.417929165619109,2.821491235348786,0.018752556396689744,1.0684921127593119,0.8575243444914095,43.99738992926169,44.862953784957654,1.1824918540281968e-10,True,True,bound,271.7053105807387,384.2493351920746,543.4106211614774,7.212286595449728e-16,True,True
0.023250000000000017,5.431646565433682,1467.8727696225956,1.2832526130947701,-0.11575970270006326,5.542743213584933,36.84745779112658,-0.36229260646998496,0.002338594403852643,-0.2606544719563665,0.7522250530196228,5.389244069741179,2.807714896790766,0.01895476149035352,1.0692434655884813,0.8569602408507375,43.752285229132816,44.602836997012766,1.1814635540580715e-10,True,True,bound,270.2445293410573,382.183478551257,540.4890586821145,2.360949250649325e-16,True,True
0.023375000000000017,5.461946401584704,1468.1677595310975,1.2829947770481303,-0.11576181210811796,5.541528564920237,36.8481292365644,-0.3639900052453391,0.0023260985258621433,-0.26227055958335904,0.7526706863392354,5.36085186069862,2.7940855749273603,0.019158135142271493,1.0699993847541704,0.8563959132088573,43.509945107524956,44.34583096610182,1.1804324171287032e-10,True,True,bound,268.7993714301425,380.1397166338706,537.598742860285,3.3412791133113145e-15,True,True
0.023500000000000017,5.492256960992094,1468.4624783217153,1.282737281419442,-0.11576389637886683,5.540316633872436,36.84879268054924,-0.36568617334943676,0.0023137509898884627,-0.26388544917678053,0.7531160772505993,5.332748116208641,2.7806010427986516,0.01936267850747927,1.0707598786869055,0.8558313760801567,43.27032227425644,44.09187840532587,1.179415991829885e-10,True,True,bound,267.3695875395567,378.11769686454153,534.7391750791134,2.2336880404788363e-16,True,True
0.023625000000000018,5.5225782147010385,1468.7569225972322,1.2824801288275494,-0.1157659560204039,5.5391074065052015,36.84944828481249,-0.36738109031405797,0.002301548737740196,-0.26549912118051366,0.7535612201750697,5.304928500946751,2.76725911747103,0.019568392748805792,1.0715249558761168,0.8552666435439046,43.033370527957395,43.84092346427392,1.1784044482226414e-10,True,True,bound,265.95493363723097,376.1170741298085,531.9098672744619,3.887564082732239e-15,True,True
0.023750000000000018,5.552910133712522,1469.051089020258,1.2822233218349823,-0.11576799152682068,5.537900869334516,36.850096206628336,-0.36907473600102625,0.0022894887959746695,-0.2671115563512429,0.7540061096181301,5.277388764481319,2.754057658980661,0.019775279036759602,1.0722946248699883,0.8547017292590849,42.79904472448981,43.59291168327917,1.177397648733924e-10,True,True,bound,264.55517082861394,374.1375105817569,529.1103416572279,1.3323002575656373e-15,True,True
0.023875000000000018,5.583252688982833,1469.344974311532,1.2819668629495578,-0.11577000337868874,5.536697009311592,36.85073659896747,-0.3707670905928109,0.0022775682729712556,-0.268722735832036,0.754450740154312,5.250124739264194,2.74099456930619,0.019983338549418535,1.0730688942753117,0.8541366464786398,42.56730074647346,43.34778994944286,1.1763938911880379e-10,True,True,bound,263.17006522218145,372.178675447821,526.3401304443629,4.118196316584051e-15,True,True
0.024000000000000018,5.613605851423128,1469.6385752482968,1.2817107546259179,-0.11577199204352251,5.535495813806506,36.85136961064437,-0.3724581345835163,0.0022657843561241313,-0.2703326412538713,0.7548951064086292,5.223132338675934,2.7280677913698406,0.020192572472320508,1.0738477727573463,0.8535714080631255,42.33809547387214,43.105506454345615,1.1754024356852496e-10,True,True,bound,261.79938779914926,370.24024484653023,523.5987755982985,2.2369284866883245e-16,True,True
0.024125000000000018,5.643969591899007,1469.9318886627227,1.2814549992670163,-0.115773957976223,5.534297270592555,36.85199538645851,-0.3741478487701717,0.0022541343091519736,-0.27194125456443435,0.7553392030784528,5.19640755512359,2.7152753080658467,0.02040298199836019,1.0746312690397004,0.8530060264938533,42.11138675559716,42.866010653370076,1.1744168199553455e-10,True,True,bound,260.44291428723653,368.32190160898347,520.8858285744731,7.823487784502842e-16,True,True
0.024250000000000018,5.674343881230164,1470.224911440401,1.2811995992255445,-0.11577590161950357,5.533101367831256,36.85261406732993,-0.37583621424438585,0.0022426154695159815,-0.2735485579696277,0.7557830249428629,5.169946458190068,2.702615141315651,0.020614568327685632,1.0754193919042043,0.852440513885491,41.887133382086745,42.629253226562774,1.173433812188953e-10,True,True,bound,259.10042503833324,366.42333510584433,518.2008500766665,2.0007297227347415e-15,True,True
0.024375000000000018,5.704728690190034,1470.5176405188859,1.2809445568053093,-0.11577782340429851,5.531908094057982,36.85322579042927,-0.37752321238428843,0.002231225245943067,-0.27515453376416393,0.7562265669132447,5.143745192833041,2.690085351148843,0.020827332667599424,1.0762121501908088,0.8518748819981878,41.665295058822146,42.39518604096672,1.1724594611158556e-10,True,True,bound,257.77170490993154,364.54424107966054,515.5434098198631,1.1883274447555263e-15,True,True
0.02450000000000002,5.735123989505523,1470.8100728862958,1.2806898742625576,-0.11577972375015497,5.530717438168199,36.853830689302555,-0.379208824846788,0.002219961116048668,-0.27675916441932524,0.7566698240003535,5.117799977632376,2.6776840348092064,0.021041276232460954,1.0770095527974735,0.851309142249219,41.44583238074282,42.16376211435969,1.171495105519781e-10,True,True,bound,256.456543150187,362.68432148231534,512.913086300374,2.451180394501601e-15,True,True
0.02462500000000002,5.7655297498567295,1471.1022055799624,1.280435553807255,-0.11578160306560957,5.529529389404268,36.85442889399101,-0.3808930335601022,0.002208820624054976,-0.2783624326680992,0.7571127912816898,5.092107103084326,2.665409325885011,0.021256400243592155,1.0778116086800793,0.850743305724189,41.22870680752512,41.93493558033671,1.1705299112836698e-10,True,True,bound,255.15473328648048,360.84328431743046,510.30946657296096,3.9746851643318593e-16,True,True
0.02475000000000002,5.795945941876728,1471.3940356851306,1.2801815976043167,-0.11578346174854977,5.528343937342811,36.85502053114616,-0.38257582071657614,0.0021978013785995524,-0.2799643216080708,0.7575554638277227,5.0666629299413835,2.653259393462908,0.021472705929184384,1.078618326852335,0.8501773831877987,41.013880639690186,41.708661654678004,1.1695849871694918e-10,True,True,bound,253.86607301735683,359.0208434875445,507.73214603471365,6.758280122835568e-16,True,True
0.02487500000000002,5.826372536151365,1471.6855603337044,1.2799280077747965,-0.1157853001865614,5.527161071882556,36.8556057241404,-0.3842571687657501,0.002186901050628616,-0.2815648147475483,0.757997836665457,5.041463887596233,2.641232441304653,0.021690194524208287,1.0794297163857005,0.8496113850942109,40.80131699550851,41.48489660294692,1.168626925204895e-10,True,True,bound,252.59036410772188,357.21671864589854,505.18072821544376,9.225793997697763e-16,True,True
0.02500000000000002,5.856809503219097,1471.9767767030391,1.2796747863970321,-0.11578711875726216,5.525980783232725,36.856184593173175,-0.3859370604076875,0.002176117371376523,-0.28316389584679147,0.7584399048769465,5.016506472508698,2.629326707046007,0.02190886727032513,1.0802457864093062,0.8490453215970187,40.59097978867002,41.263597709264864,1.1676917455796517e-10,True,True,bound,251.32741228718325,355.430635052669,502.6548245743665,1.998419337816184e-15,True,True
0.02512500000000002,5.887256813570853,1472.2676820147767,1.2794219355077494,-0.1157889178286226,5.52480306190184,36.856757255373154,-0.38761547858654,0.0021654481304199534,-0.28476154886316124,0.7588816636351821,4.991787246674322,2.617540461417144,0.02212872541579998,1.0810665461098896,0.8484792025588427,40.38283370669011,41.044723246213024,1.166747841026273e-10,True,True,bound,250.07702715142614,353.66232343549154,500.1540543028523,2.2220476450467383e-15,True,True
0.02525000000000002,5.917714437649923,1472.5582735337218,1.27916945710313,-0.1157906977592744,5.523627898687023,36.85732382489634,-0.3892924064843446,0.0021548911738098423,-0.2863577578014387,0.7593231083193857,4.967302836133375,2.6058720074839092,0.02234977021541701,1.0818920047317289,0.8479130375605697,40.176844190022855,40.82823244581311,1.1658145251510417e-10,True,True,bound,248.83902206651808,351.91151985412773,497.67804413303617,1.6036317600203292e-15,True,True
0.02537500000000002,5.9481823458518726,1472.8485485667572,1.2789173531398408,-0.11579245889880692,5.522455284663699,36.85788441302049,-0.39096782751504167,0.0021444444022746824,-0.2879525068317661,0.7597642344129636,4.943049929519163,2.5943196799093178,0.02257200293039597,1.0827221715765842,0.8473468359102491,39.972977411854714,40.61408547154157,1.1648901232765955e-10,True,True,bound,247.61321407604262,350.177965569132,495.22642815208525,5.78627190993107e-16,True,True
0.02550000000000002,5.97866050852449,1473.1385044617996,1.2786656255360265,-0.11579420158805256,5.521285211175708,36.85843912823593,-0.39264172531870534,0.0021341057694907453,-0.28954578034499656,0.7602050374537606,4.91902527664443,2.582881844234705,0.022795424828310717,1.0835570560036494,0.8467806066516617,39.77120025855238,40.402243391334196,1.1639686086838198e-10,True,True,bound,246.39942381096398,348.46140691438137,492.79884762192796,3.7424077172280783e-16,True,True
0.02562500000000002,6.009148895967748,1473.4281386067885,1.2784142761722705,-0.11579592615936127,5.520117669825813,36.85898807633291,-0.39431408375597465,0.002123873280420274,-0.29113756303918914,0.7606455129869747,4.89522568712478,2.571556896179893,0.02302003718300896,1.0843966674295016,0.8462143585725789,39.571480310740206,40.1926681515396,1.1630484457286637e-10,True,True,bound,245.19747540213,346.76159517333565,490.39495080426,1.7161152700572276e-15,True,True
0.02575000000000002,6.039647478433789,1473.7174484287143,1.2781633068925207,-0.11579763293686464,5.518952652466578,36.859531360485754,-0.3959848869026854,0.0021137449897098313,-0.29272783991937706,0.7610856565613692,4.8716480290380435,2.560343260961872,0.023245841274533535,1.0852410153280612,0.8456481002127156,39.37378582498332,39.98532255178274,1.1621541862932851e-10,True,True,bound,244.00719639532355,345.07828645890197,488.0143927906471,2.5713472315028046e-16,True,True
0.02587500000000002,6.070156226126943,1474.0064313926753,1.2779127195049862,-0.11579932223673024,5.517790151191605,36.860069081333705,-0.3976541190446814,0.0021037190001511456,-0.2943165961956903,0.7615254637761538,4.848289227618544,2.5492393926314154,0.02347283838904491,1.0860901092305522,0.8450818398714045,39.1780857160538,39.78017022070084,1.1612407550600352e-10,True,True,bound,242.8284176687761,343.4112415967817,485.6568353375522,5.17580448026696e-16,True,True
0.02600000000000002,6.100675109203755,1474.2950850009702,1.2776625157830013,-0.11580099436740647,5.516630158327096,36.860601337058945,-0.3993217646728131,0.0020937934611971625,-0.29590381725334264,0.7619649302642921,4.825146263985233,2.538243773427086,0.02370102981874511,1.0869439587254706,0.8445155856149869,38.984349539758156,39.57717559251625,1.1603427983656551e-10,True,True,bound,241.66097335306083,341.76022601218176,483.32194670612165,1.1192986491040044e-15,True,True
0.02612500000000002,6.131204097773039,1474.5834067922221,1.2774126974658622,-0.11580264962985845,5.5154726664237534,36.861128223461634,-0.400987808478106,0.0020839665675333047,-0.29748948859252494,0.7624040516425422,4.802216173902769,2.527354913146165,0.023930416861802487,1.0878025935838993,0.843949345283944,38.79254747630521,39.376303884412195,1.1594514955259006e-10,True,True,bound,240.50470075328542,340.12500961977895,481.00940150657084,1.7763651111871167e-15,True,True
0.02625000000000002,6.161743161895951,1474.8713943405296,1.2771632662596353,-0.11580428831779517,5.514317668248987,36.861649834032264,-0.40265223534709316,0.0020742365577019464,-0.2990735958826888,0.7628428235618986,4.779496046574518,2.5165713485319596,0.024161000822277904,1.0886660387148186,0.843383126499778,38.60265031419467,39.1775210746793,1.1585638779614343e-10,True,True,bound,239.35944027350786,338.5053667168276,478.7188805470157,4.441589622998712e-15,True,True
0.02637500000000002,6.192292271586074,1475.1590452546463,1.27691422383794,-0.1158059107178884,5.513165156779414,36.86216626002128,-0.4043150303572989,0.0020646017127764838,-0.3006561249791377,0.7632812417281072,4.756983023466565,2.5058916426770157,0.0243927830100525,1.0895342706173974,0.8428169366716523,38.414629434607,38.98079388160172,1.1576770373344161e-10,True,True,bound,238.22503534330167,336.90107587930714,476.45007068660334,2.6649096566525415e-15,True,True
0.02650000000000002,6.222851396809536,1475.446357177193,1.2766655718427025,-0.11580751710998373,5.512015125193637,36.862677590506316,-0.4059761787729044,0.0020550603550837107,-0.3022370619710501,0.7637193020025352,4.734674297162018,2.4953143844418517,0.024625764740754612,1.090407299137628,0.8422507830027852,38.228456796276646,38.786089743053665,1.1568035691709435e-10,True,True,bound,237.1013323463993,335.3119198610085,474.2026646927986,2.115767234410574e-15,True,True
0.02662500000000002,6.2534205074851315,1475.7333277838895,1.2764173118848885,-0.11580910776730388,5.510867566865309,36.86318391245685,-0.4076356660405209,0.002045610846972259,-0.30381639316981923,0.7641570003862148,4.712567110244395,2.4848381878885992,0.024859947335689907,1.0912851341789098,0.8416846724966444,38.04410492083084,38.593376796778216,1.1559306710953332e-10,True,True,bound,235.98818055134578,333.7376854954639,471.97636110269156,5.107026691257009e-15,True,True
0.02675000000000002,6.28399957348446,1476.0199547828154,1.2761694455452113,-0.11581068295664501,5.509722475356437,36.86368531079674,-0.4092934777851256,0.0020362515896245018,-0.3053941050584034,0.7645943329274444,4.690658754209552,2.47446169172926,0.025095332121771338,1.092167785702044,0.8411186119629139,37.8615468785773,38.40262386132151,1.155065257549012e-10,True,True,bound,234.8854320440965,332.1781636006252,469.770864088193,3.3347543565048658e-15,True,True
0.02687500000000002,6.314588564632089,1476.3062359136948,1.2759219743748154,-0.11581224293856561,5.508579844410956,36.864181868464335,-0.4109495998061399,0.002026981021912159,-0.30697018425036654,0.7650312956823391,4.668946568405314,2.46418355878813,0.02533192043144922,1.0930552637252209,0.8405526080232528,37.68075627472471,38.21380041759671,1.1541988902219789e-10,True,True,bound,233.79294166249605,330.63314888620374,467.5858833249921,6.669594778374134e-16,True,True
0.02700000000000002,6.345187450705734,1476.592168947205,1.275674899895939,-0.1158137879675693,5.507439667948514,36.86467366647065,-0.412604018073623,0.002017797619290747,-0.3085446174066559,0.7654678846349199,4.6474279389978195,2.4540024754779086,0.025569713602643193,1.093947578324024,0.8399866671168661,37.50170723602058,38.02687659105348,1.153337062866428e-10,True,True,bound,232.71056693257708,329.10243986358245,465.42113386515416,1.338753683643829e-15,True,True
0.02712500000000002,6.375796201436434,1476.8777516843056,1.2754282236025578,-0.11581531829228063,5.506301940058512,36.86516078395534,-0.41425671872459313,0.002008699892734113,-0.3101173913250035,0.7659040957883706,4.626100297964013,2.4439171512891535,0.025808712978674743,1.0948447396314267,0.8394207955058874,37.32437439779163,37.8418231344293,1.1524933821892813e-10,True,True,bound,231.6381680066205,327.5858387582203,463.276336013241,5.603937197227174e-16,True,True
0.02725000000000002,6.406414786508762,1477.1629819555917,1.2751819469610037,-0.11581683415561517,5.505166654994337,36.865643298240826,-0.415907688059479,0.001999686387705961,-0.3116884929652864,0.7663399251894105,4.604961122109492,2.4339263182927238,0.026048919908199682,1.0957467578377953,0.8388549992805722,37.14873289137251,37.65861141106059,1.1516498364456817e-10,True,True,bound,230.57560760292043,326.08315142446696,461.15121520584086,1.0202582093889096e-15,True,True
0.02737500000000002,6.437043175561046,1477.447857620667,1.274936071410568,-0.1158183357949435,5.504033807167821,36.866121284884514,-0.4175569125386809,0.0019907556831667943,-0.31325790952842514,0.7667753689575968,4.584007932110954,2.4240287306547628,0.02629033574514181,1.096653643190897,0.838289284364322,36.97475833190925,37.47721337873211,1.1508009719359704e-10,True,True,bound,229.5227509471993,324.59418726271144,459.0455018943986,6.662055973026644e-15,True,True
0.02750000000000002,6.4676813381855816,1477.7323765675355,1.274690598364085,-0.11581982344224956,5.502903391143897,36.866594817729194,-0.4192043787792321,0.0019819063906148793,-0.3148256284374961,0.767210423278728,4.563238291582525,2.414223164163908,0.026532961848627964,1.09756540599591,0.8377236565185495,36.80242680652435,37.297601574044236,1.1499684443799669e-10,True,True,bound,228.47946571562113,323.11875913879004,456.95893143124226,4.913818593444416e-16,True,True
0.02762500000000002,6.498329243928899,1478.0165367120167,1.2744455292084953,-0.11582129732428365,5.501775401635434,36.86706396895171,-0.4208500735516023,0.001973137153161754,-0.31639163726391334,0.76764508437808,4.542649806165514,2.4045084157704237,0.026776799582921007,1.0984820566154285,0.8371581213473599,36.63171486283091,37.11974909727874,1.1491304960142893e-10,True,True,bound,227.44562197935136,321.6566833055828,454.8912439587027,9.05378693676846e-16,True,True
0.02775000000000002,6.528986862291993,1478.3003359971738,1.274200865305394,-0.1158227576627101,5.500649833498272,36.86752880911002,-0.4224939837765622,0.0019644466446371556,-0.31795592370651865,0.7680793485313064,4.52224012264055,2.3948833031367847,0.027021850317356565,1.0994036054694822,0.8365926843021054,36.46259949778384,36.94362959774421,1.1483018923149546e-10,True,True,bound,226.42109215061555,320.2077793267288,452.8421843012311,3.553147333202946e-15,True,True
0.02787500000000002,6.559654162730602,1478.583772392764,1.2739566079915619,-0.11582420467425009,5.499526681726426,36.86798940718862,-0.42413609652217366,0.0019558335687256327,-0.31951847555182644,0.768513212093013,4.5020069280618245,2.385346664199526,0.027268115426278224,1.1003300630355497,0.8360273506857749,36.29505814685646,36.76921725958336,1.1474758229736614e-10,True,True,bound,225.4057509302092,318.7718700023937,450.8115018604184,4.558772453428928e-16,True,True
0.02800000000000002,6.590331114655488,1478.866843894707,1.2737127585794779,-0.11582563857081946,5.498405941447452,36.868445830642415,-0.42577639900087627,0.0019472966581322326,-0.3210792807133093,0.7689466714625672,4.481947948912694,2.3758973567419797,0.02751559628897324,1.1012614398485778,0.8354621256572405,36.129068673531464,36.59648678802503,1.1466628290032858e-10,True,True,bound,224.3994752564136,317.3487812970259,448.7989505128272,2.2204590194044372e-15,True,True
0.02812500000000002,6.621017687432709,1479.149548524563,1.2734693183578207,-0.11582705955966217,5.497287607917995,36.86889814543921,-0.4274148785666516,0.0019388346737757877,-0.32263832724018415,0.7693797230702262,4.462060950281968,2.366534257977561,0.027764294289609574,1.1021977465010007,0.8348970142353759,35.96460935909544,36.425413396064656,1.1458402886831197e-10,True,True,bound,223.402144255274,315.93834226903914,446.804288510548,3.235925787642189e-15,True,True
0.02825000000000002,6.651713850383936,1479.431884329036,1.2732262885919499,-0.11582846784347893,5.496171676519468,36.86934641610064,-0.4290515227122911,0.0019304464040095775,-0.3241956033222203,0.7698123632941922,4.442343735060445,2.3572562641433743,0.028014210817172522,1.1031389936427631,0.8343320213030351,35.801658892726856,36.25597279155732,1.1450345645073861e-10,True,True,bound,222.41363919219756,314.540385002362,444.82727838439513,4.556820602091809e-16,True,True
0.02837500000000002,6.682419572786744,1479.7138493794864,1.2729836705243767,-0.11582986362055202,5.495058142753902,36.869790705741906,-0.4306863190667376,0.0019221306638669648,-0.3257510972865487,0.7702445884671311,4.42279414315702,2.3480622901037758,0.028265347265402165,1.1040851919813433,0.8337671516109093,35.64019636186741,36.08814116470847,1.1442349510421314e-10,True,True,bound,221.43384342483105,313.15474453979647,442.8676868496621,5.246126173839837e-16,True,True
0.028500000000000022,6.7131348238749435,1479.995441771461,1.2727414653752187,-0.11583124708486568,5.493947002239921,36.87023107611013,-0.43231925539252414,0.0019138862943326497,-0.327304797588204,0.7706763949532471,4.403410050733941,2.3389512689637053,0.02851770503273049,1.1050363522817803,0.8332024097812544,35.48020124286747,35.92189517594794,1.1434296402010161e-10,True,True,bound,220.46264235717828,311.7812588181307,440.92528471435656,4.637263367040817e-16,True,True
0.028625000000000022,6.7438595728389,1480.2766596242357,1.2724996743426418,-0.11583261842622262,5.492838250708871,36.87066758762138,-0.4339503195832797,0.0019057121616387644,-0.3288566928099258,0.7711077791865638,4.384189369460559,2.329922151691416,0.02877128552221946,1.105992485366703,0.8326378003115086,35.32165339189633,35.75721194417338,1.1426355187660052e-10,True,True,bound,219.49992339491988,310.4197686049511,438.99984678983975,7.826523487088505e-16,True,True
0.028750000000000022,6.77459378882587,1480.5575010803743,1.2722582986032884,-0.11583397783035691,5.49173188400107,36.871100299396645,-0.4355794996613196,0.0018976071565812661,-0.3304067716676745,0.7715387377844377,4.365130045785161,2.3209739067504223,0.029026090141498765,1.1069536021163557,0.8320733275777905,35.16453303610851,35.5940690353499,1.1418446832935388e-10,True,True,bound,218.54557590189847,309.0701174371035,437.09115180379695,1.5811191013606629e-15,True,True
0.028875000000000022,6.805337440940353,1480.8379643052992,1.2720173393126943,-0.11583532547904289,5.4906278980621925,36.871529269296495,-0.43720678377530264,0.0018895701938607126,-0.33195502300070917,0.7719692674348706,4.346230060224315,2.3121055197403315,0.02928212030270463,1.107919713468634,0.8315089958382951,35.0088207650578,35.432444451453286,1.1410557877760039e-10,True,True,bound,217.59949115773443,307.7321515607524,435.19898231546887,2.3417010050710765e-16,True,True
0.029000000000000022,6.836090498244429,1481.118047486874,1.271776797605693,-0.11583666155020093,5.489526288939769,36.871954553954744,-0.43883216019797233,0.0018816002114444782,-0.3335014357657372,0.7723993648538283,4.327487426669326,2.3033159930464135,0.02953937742241754,1.1088908304191134,0.8309448092365741,34.854497522350684,35.2723166197446,1.1402713415883605e-10,True,True,bound,216.6615623165373,306.4057198729905,433.3231246330746,1.3595175362084747e-15,True,True
0.029125000000000022,6.8668529297581395,1481.397748835001,1.271536674596807,-0.11583798621799958,5.488427052779809,36.87237620881096,-0.4404556173239551,0.0018736961699471289,-0.3350459990030726,0.7728290267035267,4.308900191709292,2.294604345497575,0.029797862921601217,1.1098669640210876,0.8303807718047255,34.70154459753159,35.11366438236442,1.1394963516111433e-10,True,True,bound,215.7316843666809,305.09067386495195,431.4633687333618,1.6701918082772287e-15,True,True
0.029250000000000023,6.897624704459843,1481.6770665812303,1.2712969713806295,-0.11583929965295449,5.4873301858235335,36.87279428814197,-0.4420771436676314,0.0018658570520332042,-0.3365887018275185,0.7732582495737935,4.29046643397028,2.2859696120325537,0.030057578225541302,1.1108481253856006,0.829816887466479,34.5499436181921,34.95646698623561,1.1387192843479565e-10,True,True,bound,214.80975409160962,303.78686756638376,429.61950818321924,2.045009480438733e-15,True,True
0.029375000000000023,6.928405791286588,1481.9559989783766,1.2710576890321952,-0.11584060202202426,5.486235684404224,36.873208845092336,-0.4436967278610653,0.0018580818618378022,-0.33812953346431346,0.773687030078551,4.272184263470219,2.2774108433740876,0.0303185247637845,1.1118343256814847,0.8292531600401928,34.399676542297335,34.800704073263944,1.1379514891241701e-10,True,True,bound,213.89567003164532,302.4941574916332,427.79134006329065,2.2208445001500725e-15,True,True
0.029500000000000023,6.959196159134508,1482.2345443001534,1.2708188286073387,-0.11584189348870325,5.485143544944159,36.873619931703935,-0.4453143586520123,0.0018503696244043493,-0.3396684832652523,0.774115364877666,4.254051820989166,2.2689271057108877,0.030580703970076797,1.1128255761354011,0.8286895932417488,34.25072565072201,34.64635567082596,1.1371840463814446e-10,True,True,bound,212.98933244676547,301.21240258700766,425.97866489353095,2.333033183793215e-15,True,True
0.029625000000000023,6.989995776859208,1482.5127008408135,1.2705803911430453,-0.11584317421311147,5.4840537639516675,36.874027598944544,-0.4469300249019619,0.0018427193851421387,-0.34120554079149723,0.7745432507637312,4.236067277454314,2.2605174803871213,0.030844117282303404,1.1138218880318753,0.8281261906873769,34.10307353998984,34.49340218253457,1.1364231788475079e-10,True,True,bound,212.09064328032343,299.9414641794675,424.18128656064687,6.44012419855746e-15,True,True
0.029750000000000023,7.0208046132761535,1482.7904669148015,1.2703423776577898,-0.11584444435208165,5.482966338018275,36.87443189673558,-0.4485437155842642,0.001835130209299793,-0.3427406957504182,0.7749706845983683,4.218228833339606,2.252181063599282,0.031108766142426983,1.114823272713341,0.8275629558963776,33.95670311520969,34.34182437927248,1.1356700272488819e-10,True,True,bound,211.19950612368342,298.6812059266126,422.39901224736684,5.562328610121499e-15,True,True
0.029875000000000023,7.05162263716108,1483.0678408564163,1.270104789151867,-0.11584570405924373,5.481881263815933,36.87483287397897,-0.4501554197822908,0.0018276011814539698,-0.3442739379533721,0.7753976632700085,4.200534718079335,2.2439169661001848,0.03137465199642758,1.1158297415801808,0.8269998922937778,33.81159758320207,34.19160339048468,1.1349158105126493e-10,True,True,bound,210.31582618174332,297.4314937679239,420.63165236348664,3.665123216351879e-15,True,True
0.030000000000000023,7.082449817250408,1483.3448210194827,1.2698676266077131,-0.11584695348510643,5.480798538094359,36.87523057858312,-0.45176512668766433,0.0018201314050165385,-0.34580525726496064,0.7758241836347979,4.182983189495536,2.2357243129099427,0.03164177629424125,1.1168413060907703,0.8264370032128983,33.66774044581031,34.04272069572085,1.1341716189789088e-10,True,True,bound,209.4395102393194,296.19219587722415,418.8790204786388,2.224203865135611e-15,True,True
0.030125000000000023,7.1132861222416475,1483.6214057770335,1.269630890990217,-0.11584819277713684,5.479718157678435,36.87562505748827,-0.45337282559853476,0.00181272000175394,-0.3473346435541367,0.7762502424596475,4.165572533238683,2.2276022430337092,0.03191014048969941,1.1178579777615176,0.82587429189785,33.525115493390224,33.895158116419545,1.1334225829907788e-10,True,True,bound,208.57046662836785,294.96318261632285,417.1409332567357,1.1250654723016963e-15,True,True
0.030250000000000023,7.144131520793821,1483.897593521,1.269394583247025,-0.115849422079837,5.478640119465717,36.87601635669085,-0.4549785059179041,0.0018053661113232573,-0.3488620867791054,0.7766758365253157,4.148301062241381,2.219549909186003,0.032179746040468006,1.118879768166914,0.8253117615059572,33.38370679847303,33.74889780792582,1.132679746642239e-10,True,True,bound,207.70860519601922,293.7443264898091,415.41721039203844,2.590132440820423e-16,True,True
0.030375000000000024,7.174985981527904,1484.1733826619125,1.2691587043088348,-0.11585064153481868,5.477564420423998,36.87640452126727,-0.4565821571520092,0.001798068890821546,-0.3503875770011405,0.7771009626485073,4.13116711618475,2.2115664775214725,0.03245059440798624,1.1199066889395768,0.8247494151101052,33.24349870959583,33.60392225173471,1.131944232452766e-10,True,True,bound,206.85383727340187,292.53550210096216,413.70767454680373,2.2205376222115522e-15,True,True
0.030500000000000024,7.205849473027234,1484.4487716286048,1.2689232550896847,-0.11585185128087543,5.476491057588977,36.8767895953969,-0.45818376890873536,0.0017908275143489107,-0.35191110443180484,0.7775256177905613,4.114169060977033,2.203651127371857,0.032722687057406386,1.1209387517702953,0.8241872557010294,33.10447584529476,33.46021424795281,1.1312195665822158e-10,True,True,bound,206.0060756452322,291.3365861087451,412.0121512904644,2.1130671218064626e-15,True,True
0.030625000000000024,7.236721963837975,1484.7237588679357,1.2686882364872305,-0.1158530514540529,5.47542002806197,36.87717162238443,-0.45978333089609835,0.0017836411725848642,-0.35343265941585156,0.7779497990220481,4.0973052882443195,2.1958030509890962,0.03299602545753161,1.1219759992770748,0.8236252861895259,32.96662308825547,33.31775690797102,1.1304899171780184e-10,True,True,bound,205.1652345201496,290.14745718585226,410.3304690402992,2.6646709220905e-15,True,True
0.030750000000000024,7.267603422469533,1484.9983428445078,1.2684536493830203,-0.11585424218771671,5.474351329007728,36.87755064468143,-0.46138083292074095,0.0017765090723773963,-0.35495223239272367,0.7783735034394765,4.080574214832797,2.188021453294277,0.03327061108075634,1.1230184995385066,0.823063509408615,32.82992557961645,33.17653364734123,1.1297661437271203e-10,True,True,bound,204.331229501775,288.9679959777797,408.66245900355,3.361026734705064e-17,True,True
0.030875000000000024,7.298493817395025,1485.2725220404027,1.2682194946427574,-0.1158554236126185,5.4732849576522895,36.87792670390745,-0.46297626488650456,0.001769430436343982,-0.35646981387836946,0.7787967281368284,4.063974282322521,2.1803055516324195,0.03354644540300381,1.1240661803583138,0.8225019281156244,32.694368713420204,33.036528178850546,1.1290433750943077e-10,True,True,bound,203.50397756047226,287.79808506288987,407.00795512094453,3.0097732340381062e-15,True,True
0.031000000000000024,7.32939311705172,1485.54629495492,1.2679857731165585,-0.11585659585696004,5.472220911280921,36.87829984087038,-0.4645696167930198,0.0017624045024842677,-0.3579853944150175,0.779219470124893,4.047503956552159,2.1726545755328175,0.03382352990366521,1.1251190536979192,0.8219405449942272,32.55993813120805,32.89772450578639,1.1283299225638914e-10,True,True,bound,202.68339700579295,286.63760891344276,405.3667940115859,2.792562174154584e-16,True,True
0.031125000000000024,7.3603012898414955,1485.8196601043217,1.2677524856392055,-0.11585775904645523,5.4711591872361245,36.87867009558621,-0.46616087873433854,0.0017554305238055572,-0.3594989646189431,0.7796417264115829,4.0311617271545215,2.165067766474858,0.03410186606553874,1.1261771315774536,0.8213793626564206,32.42661971675401,32.76010691538645,1.1276256569212598e-10,True,True,bound,201.86940745958495,285.4864538575655,403.7388149191699,3.0032633143418928e-15,True,True
0.03125000000000003,7.391218304131307,1486.0926160215877,1.2675196330303888,-0.11585891330439063,5.470099782915685,36.87903750729826,-0.4677500408976214,0.0017485077679567065,-0.36101051519699684,0.7800634940293928,4.0149461071026815,2.1575443776591836,0.03438145537476708,1.1272404260758058,0.8208183836444398,32.294399590933715,32.62365997246743,1.1269091929701267e-10,True,True,bound,201.0619298297466,284.3445080421352,402.1238596594932,2.2211076951621187e-15,True,True
0.03137500000000003,7.422144128253642,1486.3651612561748,1.267287216094946,-0.11586005875168391,5.469042695770803,36.879402114495804,-0.46933709356184083,0.0017416355168755372,-0.362520037008154,0.7804847700574309,3.9988556322662183,2.150083673783998,0.034662299320776635,1.128308949330677,0.8202576104326312,32.163264106724185,32.488368513226945,1.1262077214549996e-10,True,True,bound,200.26088628460815,283.211661396549,400.5217725692163,4.876425115864835e-16,True,True
0.03150000000000003,7.453078730506997,1486.6372943737845,1.2670552356230933,-0.11586119550694078,5.467987923304266,36.87976395493224,-0.4709220270965324,0.0017348130664441741,-0.36402752109507086,0.7809055516327709,3.9828888609775044,2.1426849308264515,0.03494439939621515,1.1293827135386338,0.8196970454292667,32.033199844330646,32.35421763921291,1.1255069899058401e-10,True,True,bound,199.4662002279232,282.08780559735635,398.9324004558464,2.22046943782439e-15,True,True
0.03162500000000003,7.484022079156348,1486.9090139561342,1.266823692390652,-0.11586232368651025,5.466935463068687,36.88012306564259,-0.472504831960586,0.0017280397261559537,-0.36553295859294527,0.7813258359181323,3.967044373607699,2.135347435828926,0.03522775709688963,1.1304617309551637,0.8191366909783058,31.90419360643662,32.22119271145526,1.1248174759503712e-10,True,True,bound,198.67779627445313,280.9728340337304,397.35559254890626,2.7944499967168744e-15,True,True
0.03175000000000003,7.514974142433628,1487.1803186007382,1.2665925871592678,-0.1158634434045383,5.465885312664789,36.88047948296066,-0.47408549870105654,0.0017213148187911083,-0.3670363407094462,0.781745620100422,3.951320772152161,2.1280704866901194,0.03551237392170434,1.131546013894727,0.8185765493611157,31.77623241357352,32.089279344754736,1.1241285756565875e-10,True,True,bound,197.89560022612852,279.8666417737551,395.79120045225704,6.933454837113336e-16,True,True
0.03187500000000003,7.545934888538209,1487.4512069206921,1.2663619206766261,-0.11586455477301984,5.464837469739756,36.88083324253553,-0.4756640179520164,0.001714637680101443,-0.36853765860938903,0.782164901409207,3.9357166798251275,2.120853391960777,0.03579825137259845,1.1326355747308166,0.8180166227981418,31.649303499606404,31.958463402123908,1.1234333291124295e-10,True,True,bound,197.11953904877114,278.7691255315051,394.2390780975423,1.5561640159566657e-15,True,True
0.03200000000000003,7.576904285637385,1487.7216775444629,1.2661316936766605,-0.11586565790184976,5.463791931985599,36.88118437934782,-0.47724038043344086,0.0017080076585048005,-0.3700369034589626,0.782583677109002,3.92023074066335,2.1136954706439934,0.03608539095448339,1.133730425896008,0.8174569134505314,31.5233943073323,31.82873098937554,1.1227502388138891e-10,True,True,bound,196.3495408493619,277.6801836348976,392.6990816987238,3.3362179455584977e-15,True,True
0.03212500000000003,7.60788230186686,1487.9917291156864,1.2659019068797563,-0.1158667528988716,5.462748697137626,36.88153292772522,-0.4788145769501253,0.0017014241147881748,-0.3715340665049579,0.7830019444858286,3.9048616191385617,2.1065960519999547,0.036373794175179316,1.1348305798820202,0.8168974234217123,31.398492484188004,31.70006844985387,1.1220722614670129e-10,True,True,bound,195.58553485383908,276.5997159942949,391.17106970767816,3.4383908736919094e-15,True,True
0.03225000000000003,7.638868905331239,1488.2613602929678,1.265672560992951,-0.11586783986992595,5.4617077629729,36.88187892135782,-0.48038659839061504,0.0016948864218169577,-0.3730291391090559,0.7834197008342463,3.8896079997783213,2.099554475354936,0.03666346254535369,1.1359360492397685,0.8163381547589391,31.274585878063977,31.5724623593042,1.1213981821873544e-10,True,True,bound,194.82745138541335,275.5276240718364,389.6549027708267,2.5659996951719397e-15,True,True
0.03237500000000003,7.669864064104526,1488.5305697496904,1.2654436567101246,-0.11586891891889645,5.460669127308782,36.8822223933128,-0.48195643572619895,0.0016883939642576055,-0.37452211286107223,0.7838369434150912,3.8744685867953983,2.0925700899146014,0.036954397578455846,1.1370468465794228,0.8157791094547797,31.151662533221423,31.44589952087668,1.1207245290035885e-10,True,True,bound,194.07522184338472,274.4638108514818,388.15044368676945,2.2499206745859107e-15,True,True
0.03250000000000003,7.700867746230613,1488.7993561738253,1.2652151947121926,-0.11586999014775531,5.459632788001505,36.88256337604894,-0.483524080009889,0.0016819461383006606,-0.37601297946871354,0.7842536694954262,3.85944210372505,2.085642254581309,0.037246600790655594,1.1381629845704644,0.8152202894485845,31.02971068630948,31.320366960260028,1.1200558224014349e-10,True,True,bound,193.32877868244864,273.4081808097454,386.6575573648973,1.1103654017342346e-15,True,True
0.03262500000000003,7.7318799197237915,1489.0677182677507,1.264987175667287,-0.11587105365660709,5.458598742944788,36.88290190143051,-0.48508952237546277,0.0016755423513984925,-0.3775017307151313,0.7846698763635348,3.8445272930703855,2.078770337775498,0.03754007370077791,1.1392844759417438,0.8146616966278979,30.908718762479683,31.195851920941436,1.1193840885437817e-10,True,True,bound,192.58805539247757,272.36063988710265,385.17611078495514,8.917752882162099e-16,True,True
0.03275000000000003,7.7629005525692465,1489.3356547480716,1.264759600230938,-0.11587210954373153,5.4575669900684876,36.88323800074091,-0.4866527540365113,0.0016691820220054445,-0.37898835839358364,0.7850855613467098,3.829722915955342,2.0719537172609166,0.037834817830239474,1.1404113334815347,0.8141033328298435,30.788675371594966,31.07234185958844,1.1187284766056192e-10,True,True,bound,191.8529864787658,271.3210954600527,383.7059729575316,4.5573070956804815e-16,True,True
0.03287500000000003,7.793929612723567,1489.6031643454467,1.2645324690462492,-0.11587315790562505,5.456537527337306,36.88357170469592,-0.48821376628551816,0.0016628645793273615,-0.3804728542471083,0.7855007218276565,3.815027751785171,2.0651917799736665,0.03813083470298462,1.141543570037598,0.8135451998424702,30.66956930453041,30.949824441549552,1.1180663782551033e-10,True,True,bound,191.1235074427249,270.2894563138167,382.2470148854498,2.470849253163213e-15,True,True
0.03300000000000003,7.824967068115258,1489.8702458044206,1.264305782744067,-0.11587419883704114,5.455510352749513,36.8839030434565,-0.4897725504929684,0.0016565894630785909,-0.381955210079701,0.7859153552129478,3.80044059791435,2.058483921854973,0.03842812584542014,1.1426811985172325,0.8129872994060617,30.55138952956321,30.828287536469585,1.1174168333190829e-10,True,True,bound,190.3995547630176,269.2656326156583,380.7991095260352,8.889520855667688e-16,True,True
0.03312500000000003,7.856012886645247,1490.136897883256,1.2640795419431503,-0.1158752324310298,5.454485464335721,36.88423204664139,-0.4913290981064695,0.0016503561232420973,-0.3834354177728997,0.786329458928055,3.785960269321516,2.051829547687525,0.038726692786351144,1.1438242318873388,0.8124296332144175,30.434125188849347,30.707719214016638,1.1167696807991189e-10,True,True,bound,189.6810658771194,268.24953588880675,379.3621317542388,2.6649779382146825e-15,True,True
0.03325000000000003,7.887067036187396,1490.4031193537762,1.2638537472503317,-0.11587625877897567,5.453462860157694,36.88455874333922,-0.492883400649911,0.0016441640198407658,-0.3849134693484882,0.7867430304019603,3.771585598291494,2.0452280709353863,0.039026537056915105,1.1449726831744742,0.8118722029160915,30.317765594984525,30.58810773971714,1.1161171328246838e-10,True,True,bound,188.96797916329567,267.24107898696917,377.93595832659133,1.6668158469718532e-15,True,True
0.03337500000000003,7.918129484589029,1490.668909001205,1.2636283992606776,-0.11587727797063536,5.452442538307189,36.884883162120424,-0.4944354497226313,0.0016380126227115866,-0.3863893569645622,0.7871560670677022,3.7573154341040262,2.0386789135873,0.03932766019051732,1.1461265654649113,0.8113150101156108,30.202300227646937,30.469441570895896,1.1154779952813235e-10,True,True,bound,188.2602339229837,266.240176069415,376.5204678459674,1.6683190654377176e-15,True,True
0.03350000000000003,7.9492001996714405,1490.9342656240176,1.2634034985576426,-0.11587829009417361,5.451424496904821,36.88520533104868,-0.49598523699861863,0.0016319014112871773,-0.38786307285261395,0.7875685663770541,3.743148642729209,2.032181506003372,0.039630063722764355,1.147285891904696,0.810758056374653,30.08771873031971,30.35170935271785,1.1148356228950275e-10,True,True,bound,187.55777036356957,265.24674257661866,375.11554072713915,6.79862370118136e-16,True,True
0.03362500000000003,7.980279149230421,1491.1991880337887,1.2631790457132224,-0.11587929523619853,5.450408734098984,36.88552527769223,-0.4975327542257255,0.0016258298743823756,-0.38933460931378244,0.7879805258061494,3.729084106529347,2.025735286765005,0.03993374919139861,1.1484506756997095,0.8102013432132005,29.974010907090726,30.23489991432884,1.1142075575673653e-10,True,True,bound,186.86052958154886,264.26069520644535,373.7210591630977,2.6703321965227088e-15,True,True
0.03375000000000003,8.011366301036777,1491.4636750550492,1.2629550412881017,-0.11588029348179602,5.449395248064776,36.885843029134755,-0.4990779932249043,0.0016197975099880794,-0.3908039587154386,0.7883919428947981,3.715120723967163,2.0193397025280406,0.040238718136231644,1.1496209301157228,0.809644872110664,29.861166719527734,30.11900226509216,1.1135718198964971e-10,True,True,bound,186.16845354606164,263.2819518908659,372.3369070921233,2.6768340631733293e-15,True,True
0.03387500000000003,8.042461622836866,1491.7277255251438,1.262731485831798,-0.11588128491456309,5.448384037002973,36.886158611986,-0.5006209458894744,0.0016138038250682804,-0.3922711134919889,0.7888028152239792,3.701257409320153,2.0129942078789917,0.040544972099077196,1.1507966684784543,0.8090886445069728,29.749176283626596,30.00400559091834,1.1129458689168705e-10,True,True,bound,185.48148508279206,262.3104317731874,370.9629701655841,1.3552449440234255e-15,True,True
0.03400000000000003,8.073565082353115,1491.9913382940938,1.2625083798828043,-0.11588226961664044,5.447375099139027,36.886472052392165,-0.5021616041843866,0.0016078483353648377,-0.39373606614574447,0.7892131403927809,3.6874930924009237,2.0066982651943137,0.040852512623684875,1.1519779041736327,0.8085326618036496,29.638029866830813,29.889899250685286,1.1123295853187288e-10,True,True,bound,184.79956785822296,261.346055185786,369.5991357164459,6.752156612986955e-16,True,True
0.03412500000000003,8.104676647284549,1492.2545122244612,1.2622857239687268,-0.11588324766874414,5.446368432722087,36.88678337604597,-0.5036999601455237,0.00160193056520506,-0.3951988092293271,0.7896229159959993,3.6738267182834394,2.000451344502644,0.0411613412556724,1.1531648046286627,0.8079769253648481,29.527717885120218,29.77667277274629,1.1117012926825118e-10,True,True,bound,184.1226463642368,260.38874362832894,368.2452927284736,3.220144153092646e-15,True,True
0.03425000000000003,8.135796285307332,1492.5172461912189,1.2620635186064195,-0.1158842191501965,5.445364036024052,36.887092608196504,-0.5052360058790204,0.0015960500473162027,-0.3966593352875816,0.7900321395491617,3.6602572470349704,1.9942529233499302,0.041471459542457706,1.1543572574010783,0.8074214365183658,29.418230900167103,29.664315851523323,1.1110954839791424e-10,True,True,bound,183.45066590305345,259.4384197464737,366.9013318061069,4.219849191730152e-15,True,True
0.03437500000000003,8.166923964075298,1492.7795390816214,1.2618417643021165,-0.11588518413895611,5.444361907338654,36.88739977365874,-0.5067697335605881,0.001590206322643713,-0.39811763691169666,0.7904408085597071,3.6467836534536278,1.9881024866673656,0.04178286903319111,1.1555552520578571,0.8068661965566396,29.309559616557802,29.55281834418308,1.1104776632791406e-10,True,True,bound,182.7835725724969,258.495007311032,365.5671451449938,2.5150024548028806e-15,True,True
0.03450000000000003,8.198059651220476,1493.0413897950796,1.2616204615515616,-0.115886142711647,5.443362044980568,36.88770489682288,-0.5083011354348597,0.0015843989401752433,-0.3995737067593746,0.7908489205539343,3.633404926811324,1.9819995266420765,0.04209557127868757,1.156758802270693,0.8063112067377134,29.201694879078143,29.442170267393625,1.1098692753410153e-10,True,True,bound,182.12131325158205,257.55843119758623,364.2426265031641,4.481101360208676e-16,True,True
0.03462500000000003,8.229203314353637,1493.3027972430407,1.2613996108401329,-0.11588709494358743,5.4423644472845245,36.88800800166346,-0.5098302038147682,0.0015786274567665098,-0.4010275375857697,0.7912564731232333,3.6201200706021384,1.9759435425905232,0.042409567831356576,1.1579679217719165,0.8057564682861744,29.09462767006092,29.332361794159137,1.1092595890098176e-10,True,True,bound,181.4638355864139,256.628617366548,362.9276711728278,1.77797737421011e-15,True,True
0.03475000000000003,8.260354921064838,1493.5637603488672,1.261179212642967,-0.11588804090881745,5.4413691126044785,36.88830911174816,-0.5113569310809161,0.001572891436976143,-0.4024791222901483,0.7916634639934368,3.606928102295765,1.9699340408344814,0.042724860245134354,1.1591826243545555,0.8052019823940817,28.98834910679375,29.223383250730635,1.108654959502001e-10,True,True,bound,180.8110879763908,255.70549284364674,361.6221759527816,2.679565194012084e-15,True,True
0.03487500000000003,8.291514438923945,1493.8242780477212,1.2609592674250798,-0.11588898068012601,5.440376039312786,36.88860825024643,-0.5128813096809828,0.0015671904529006198,-0.4039284538475022,0.7920698909249643,3.5938280530961344,1.9639705345796117,0.043041450075413344,1.160402923872392,0.8046477502218582,28.88285043898576,29.115225113590565,1.1080553240237696e-10,True,True,bound,180.1630195607048,254.78898570083797,360.3260391214096,2.0156085303521474e-15,True,True
0.03500000000000003,8.322681835481193,1494.084349286452,1.2607397756414835,-0.11588991432907753,5.439385225799394,36.88890543993792,-0.5144033321291244,0.001561524084014741,-0.4053755252953109,0.7924757516936942,3.5808189677048867,1.9580525437965013,0.04335933887897357,1.1616288342400245,0.8040937728991743,28.77812304629149,29.007878006509117,1.1074585205484895e-10,True,True,bound,179.51958020513086,253.8790250376207,359.03916041026173,2.012253820984232e-15,True,True
