case,h_nm,lam_nm,order,f_t_re,f_t_im,f_r_re,f_r_im,f_T,f_R,b_t_re,b_t_im,b_r_re,b_r_im,b_T,b_R
bare,250.0,1260.0,9,0.3128690719604492,0.9312072992324829,0.1869918406009674,0.0,0.9650340903332477,0.0349659484513376,0.3128690719604492,0.9312072396278381,0.1490572690963745,-0.11290652304887772,0.9650339793246906,0.034965952417455766
bare,250.0,1264.0,9,0.3165402114391327,0.9299656748771667,0.1869918406009674,0.0,0.965033861907675,0.0349659484513376,0.3165402114391327,0.9299656748771667,0.14816178381443024,-0.11407904326915741,0.965033861907675,0.03496594229628025
bare,250.0,1268.0,9,0.32018354535102844,0.9287176728248596,0.1869918406009674,0.0,0.9650340185307771,0.0349659484513376,0.32018354535102844,0.9287176132202148,0.1472627967596054,-0.11523722112178802,0.9650339078190068,0.03496594844133271
bare,250.0,1272.0,9,0.3237990438938141,0.9274632930755615,0.1869918406009674,0.0,0.9650339808291131,0.0349659484513376,0.3237990438938141,0.9274632930755615,0.14636050164699554,-0.11638107150793076,0.9650339808291131,0.03496595024769428
bare,250.0,1276.0,9,0.32738691568374634,0.9262028336524963,0.1869918406009674,0.0,0.9650338816268303,0.0349659484513376,0.32738688588142395,0.9262028932571411,0.14545509219169617,-0.11751072108745575,0.9650339725250356,0.034965953414988656
bare,250.0,1280.0,9,0.3309475779533386,0.9249365925788879,0.1869918406009674,0.0,0.9650339996446249,0.0349659484513376,0.33094754815101624,0.9249365329742432,0.14454664289951324,-0.11862635612487793,0.9650338696575824,0.034965944340985766
bare,250.0,1284.0,9,0.33448120951652527,0.9236645698547363,0.1869918406009674,0.0,0.9650339171245726,0.0349659484513376,0.33448120951652527,0.9236645698547363,0.14363542199134827,-0.11972809582948685,0.9650339171245726,0.03496595138158748
bare,250.0,1288.0,9,0.337988018989563,0.9223871231079102,0.1869918406009674,0.0,0.9650339058557762,0.0349659484513376,0.3379879891872406,0.9223871231079102,0.1427215188741684,-0.12081603705883026,0.9650338857101213,0.034965946760350246
bare,250.0,1292.0,9,0.3414682447910309,0.9211044907569885,0.1869918406009674,0.0,0.9650340450933584,0.0349659484513376,0.3414682149887085,0.9211044311523438,0.14180514216423035,-0.12189032137393951,0.9650339149360575,0.034965948788859835
bare,250.0,1296.0,9,0.3449222445487976,0.9198166131973267,0.1869918406009674,0.0,0.965033956698381,0.0349659484513376,0.3449222147464752,0.9198166131973267,0.1408863514661789,-0.12295112013816833,0.965033936139414,0.03496594197268199
bare,250.0,1300.0,9,0.3483501374721527,0.918523907661438,0.1869918406009674,0.0,0.9650339872225056,0.0349659484513376,0.3483501374721527,0.918523907661438,0.13996542990207672,-0.12399852275848389,0.9650339872225056,0.0349659552139594
bare,250.0,1304.0,9,0.3517521917819977,0.9172264337539673,0.1869918406009674,0.0,0.9650339352004602,0.0349659484513376,0.3517521917819977,0.9172264337539673,0.13904237747192383,-0.12503264844417572,0.9650339352004602,0.03496594591000979
bare,250.0,1308.0,9,0.3551287055015564,0.9159244298934937,0.1869918406009674,0.0,0.9650339587469325,0.0349659484513376,0.3551287055015564,0.9159244298934937,0.13811743259429932,-0.12605367600917816,0.9650339587469325,0.03496595442186767
bare,250.0,1312.0,9,0.3584797978401184,0.9146180748939514,0.1869918406009674,0.0,0.96503398838221,0.0349659484513376,0.358479768037796,0.9146180748939514,0.13719069957733154,-0.1270616501569748,0.9650339670151498,0.03496595099113108
bare,250.0,1316.0,9,0.3618057668209076,0.9133074879646301,0.1869918406009674,0.0,0.965033980477128,0.0349659484513376,0.3618057668209076,0.9133074283599854,0.13626228272914886,-0.12805676460266113,0.9650338716023946,0.03496594465505987
bare,250.0,1320.0,9,0.36510685086250305,0.9119927883148193,0.1869918406009674,0.0,0.9650338584849729,0.0349659484513376,0.36510688066482544,0.9119927883148193,0.13533234596252441,-0.12903913855552673,0.9650338802470381,0.034965943142872824
bare,250.0,1324.0,9,0.3683832287788391,0.9106743335723877,0.1869918406009674,0.0,0.9650339450730351,0.0349659484513376,0.3683832287788391,0.9106742739677429,0.13440103828907013,-0.13000887632369995,0.9650338365121981,0.034965947016131205
bare,250.0,1328.0,9,0.37163519859313965,0.9093521237373352,0.1869918406009674,0.0,0.9650340057789641,0.0349659484513376,0.37163519859313965,0.9093521237373352,0.13346843421459198,-0.13096612691879272,0.9650340057789641,0.03496594933180419
bare,250.0,1332.0,9,0.374862939119339,0.9080263376235962,0.1869918406009674,0.0,0.9650340529433105,0.0349659484513376,0.3748629093170166,0.9080263376235962,0.1325346827507019,-0.1319109946489334,0.9650340305997388,0.03496595264110014
bare,250.0,1336.0,9,0.3780665993690491,0.9066970944404602,0.1869918406009674,0.0,0.96503397462525,0.0349659484513376,0.3780665695667267,0.9066970944404602,0.13159987330436707,-0.13284358382225037,0.9650339520907254,0.03496594441646472
bare,250.0,1340.0,9,0.3812464475631714,0.9053646326065063,0.1869918406009674,0.0,0.9650339717542522,0.0349659484513376,0.381246417760849,0.9053646326065063,0.13066419959068298,-0.13376404345035553,0.965033949030194,0.03496595237486245
bare,250.0,1344.0,9,0.38440272212028503,0.9040290713310242,0.1869918406009674,0.0,0.9650340145851191,0.0349659484513376,0.38440272212028503,0.9040290117263794,0.12972766160964966,-0.13467249274253845,0.9650339068164593,0.03496594648819684
bare,250.0,1348.0,9,0.3875357508659363,0.9026905298233032,0.1869918406009674,0.0,0.965034150831901,0.0349659484513376,0.3875357210636139,0.9026904702186584,0.12879042327404022,-0.13556908071041107,0.9650340201238778,0.03496594877177239
bare,250.0,1352.0,9,0.3906455934047699,0.9013490676879883,0.1869918406009674,0.0,0.9650341214685706,0.0349659484513376,0.3906455636024475,0.9013490080833435,0.12785258889198303,-0.13645389676094055,0.965033990735101,0.034965950427627845
bare,250.0,1356.0,9,0.39373233914375305,0.9000049233436584,0.1869918406009674,0.0,0.9650340169304359,0.0349659484513376,0.39373233914375305,0.9000048637390137,0.12691429257392883,-0.13732703030109406,0.9650339096414919,0.03496595091085841
bare,250.0,1360.0,9,0.39679646492004395,0.8986582159996033,0.1869918406009674,0.0,0.9650340237566334,0.0349659484513376,0.39679646492004395,0.8986581563949585,0.1259755790233612,-0.1381886601448059,0.9650339166282292,0.0349659523028878
bare,250.0,1364.0,9,0.39983803033828735,0.8973090648651123,0.1869918406009674,0.0,0.9650340083939035,0.0349659484513376,0.39983803033828735,0.8973090052604675,0.1250365674495697,-0.13903886079788208,0.9650339014263309,0.034965948011543624
bare,250.0,1368.0,9,0.4028571844100952,0.8959576487541199,0.1869918406009674,0.0,0.9650340193918403,0.0349659484513376,0.4028571546077728,0.8959575891494751,0.12409740686416626,-0.13987775146961212,0.9650338885732106,0.034965951746604995
bare,250.0,1372.0,9,0.4058542251586914,0.894603967666626,0.1869918406009674,0.0,0.9650339110440312,0.0349659484513376,0.4058542251586914,0.894603967666626,0.12315811961889267,-0.14070546627044678,0.9650339110440312,0.03496595066644531
bare,250.0,1376.0,9,0.4088294208049774,0.8932483196258545,0.1869918406009674,0.0,0.9650340558301459,0.0349659484513376,0.40882939100265503,0.8932482600212097,0.1222187876701355,-0.1415221393108368,0.9650339249785205,0.03496594797467356
bare,250.0,1380.0,9,0.4117828607559204,0.8918905854225159,0.1869918406009674,0.0,0.9650339407776479,0.0349659484513376,0.411782830953598,0.8918905854225159,0.12127955257892609,-0.14232784509658813,0.9650339162334775,0.034965945363582884
bare,250.0,1384.0,9,0.41471466422080994,0.8905311822891235,0.1869918406009674,0.0,0.9650340393490432,0.0349659484513376,0.41471466422080994,0.8905311226844788,0.12034051865339279,-0.14312271773815155,0.9650339331894573,0.03496595276252218
bare,250.0,1388.0,9,0.41762521862983704,0.8891699910163879,0.1869918406009674,0.0,0.9650340961597026,0.0349659484513376,0.4176252484321594,0.8891698718070984,0.11940167844295502,-0.1439068764448166,0.9650339090574745,0.03496594990309854
bare,250.0,1392.0,9,0.42051461338996887,0.8878071308135986,0.1869918406009674,0.0,0.9650340415979893,0.0349659484513376,0.42051464319229126,0.8878070712089539,0.1184631809592247,-0.1446804255247116,0.9650339608277606,0.03496595077298964
bare,250.0,1396.0,9,0.423382967710495,0.8864427804946899,0.1869918406009674,0.0,0.965033940438503,0.0349659484513376,0.423382967710495,0.8864427804946899,0.11752510815858841,-0.14544343948364258,0.965033940438503,0.034965945136519905
bare,250.0,1400.0,9,0.42623063921928406,0.8850770592689514,0.1869918406009674,0.0,0.9650339586534544,0.0349659484513376,0.42623063921928406,0.8850770592689514,0.11658748984336853,-0.14619611203670502,0.9650339586534544,0.034965945962626366
bare,250.0,1404.0,9,0.42905759811401367,0.8837101459503174,0.1869918406009674,0.0,0.9650340445548978,0.0349659484513376,0.42905759811401367,0.8837100863456726,0.11565051972866058,-0.1469384729862213,0.9650339392084425,0.0349659575570318
bare,250.0,1408.0,9,0.43186429142951965,0.8823419213294983,0.1869918406009674,0.0,0.9650340323473516,0.0349659484513376,0.43186429142951965,0.8823419213294983,0.11471410095691681,-0.1476706713438034,0.9650340323473516,0.0349659521334833
bare,250.0,1412.0,9,0.4346506893634796,0.8809726238250732,0.1869918406009674,0.0,0.9650339856933821,0.0349659484513376,0.4346506595611572,0.8809725642204285,0.11377841234207153,-0.14839279651641846,0.9650338547660661,0.03496594917304563
bare,250.0,1416.0,9,0.43741706013679504,0.8796023726463318,0.1869918406009674,0.0,0.965034018463773,0.0349659484513376,0.43741703033447266,0.879602313041687,0.11284350603818893,-0.1491049826145172,0.965033887534915,0.03496595269546626
bare,250.0,1420.0,9,0.4401635229587555,0.8782312273979187,0.1869918406009674,0.0,0.9650340157203177,0.0349659484513376,0.4401634931564331,0.8782311677932739,0.11190946400165558,-0.14980730414390564,0.965033884791211,0.034965956508002494
p0550,225.0,1261.0,9,0.4316968023777008,-0.7399347424507141,0.5174875855445862,-0.009528123773634434,0.734029164963734,0.2679792130260013,0.43168091773986816,-0.7399662137031555,0.24788862466812134,0.4537898898124695,0.7340472710388045,0.2674680419638187
p0550,225.0,1263.0,9,0.3546395003795624,-0.8231902122497559,0.4364326000213623,-0.06956521421670914,0.8035651822310623,0.19538948116117863,0.3546485900878906,-0.8231824636459351,0.248340904712677,0.3657408356666565,0.8035297074032499,0.1955527608853448
p0550,225.0,1265.0,9,0.271256685256958,-0.8858007192611694,0.35824304819107056,-0.10595464706420898,0.8583802535363627,0.13965431882450907,0.2712900638580322,-0.8857747912406921,0.23616477847099304,0.2899019420146942,0.8583139620339545,0.13995937116791424
p0550,225.0,1267.0,9,0.18650825321674347,-0.9308334589004517,0.286190927028656,-0.12420448660850525,0.9014080599423568,0.09744829460068663,0.18649189174175262,-0.9308368563652039,0.2154780626296997,0.2258194386959076,0.9013573388930167,0.09760040690568206
p0550,225.0,1269.0,9,0.10274973511695862,-0.9594410061836243,0.2230772227048874,-0.12720146775245667,0.9312710245880195,0.06609303519080599,0.10275106132030487,-0.9594227075576782,0.18975433707237244,0.1738540083169937,0.9311782825239306,0.06644018479980526
p0550,225.0,1271.0,9,0.02394202910363674,-0.976837158203125,0.169716477394104,-0.12180830538272858,0.9549826797884816,0.04381694881830288,0.023978741839528084,-0.9768219590187073,0.16292870044708252,0.13131660223007202,0.9548930926314437,0.04402177750487741
p0550,225.0,1273.0,9,-0.04902876541018486,-0.9838222861289978,0.12628088891506195,-0.10962551832199097,0.9705198196603297,0.028168720690153515,-0.04901862516999245,-0.9838504195213318,0.1359938681125641,0.09788750112056732,0.9704994762650432,0.02833860618703711
p0550,225.0,1275.0,9,-0.11759508401155472,-0.983858048915863,0.09087994694709778,-0.09378375858068466,0.9820202190699279,0.01728115367513522,-0.11759931594133377,-0.9838896989822388,0.11010661721229553,0.07061327248811722,0.9820125390670751,0.017391874591165344
p0550,225.0,1277.0,9,-0.18039198219776154,-0.9782076478004456,0.0626474991440773,-0.07574598491191864,0.9896473474963008,0.009904716730123672,-0.18038788437843323,-0.9781994223594666,0.08532094955444336,0.04912804812192917,0.9895617498343349,0.009990042608080778
p0550,225.0,1279.0,9,-0.2374040186405182,-0.9686282873153687,0.04175107181072235,-0.05750344321131706,0.9948155335084415,0.005305729299416961,-0.23739247024059296,-0.9686306118965149,0.06346718966960907,0.03190921992063522,0.9947491159748274,0.00535622320119071
p0550,225.0,1281.0,9,-0.2899313271045685,-0.9557116627693176,0.02579052746295929,-0.03892979398369789,0.9976576148344574,0.0024451185327755975,-0.289941668510437,-0.955718994140625,0.04298129677772522,0.018378041684627533,0.9976144794339163,0.002504820242574834
p0550,225.0,1283.0,9,-0.3384913504123688,-0.9403889179229736,0.014418274164199829,-0.021039001643657684,0.9991111802152863,0.0009253980197486003,-0.33848604559898376,-0.9403925538063049,0.02443605661392212,0.007341325283050537,0.9990557870745697,0.0009817308220029554
p0550,225.0,1285.0,9,-0.3820626139640808,-0.9237276911735535,0.007175222039222717,-0.004544392693787813,0.9994432220717896,0.00034588461995594647,-0.3820469379425049,-0.9237173795700073,0.008220061659812927,-0.0013364031910896301,0.9993564337998649,0.000401064649931629
p0550,225.0,1287.0,9,-0.4233960807323456,-0.9054703116416931,0.002385735511779785,0.011328155174851418,0.9993315125280673,0.00041106496859264705,-0.4233887195587158,-0.9054772853851318,-0.007192730903625488,-0.008510470390319824,0.9992852223649008,0.00046174298288622934
p0550,225.0,1289.0,9,-0.46034884452819824,-0.887108325958252,0.0011455118656158447,0.02468373253941536,0.9990643093277684,0.0008860344453841896,-0.46034708619117737,-0.8871109485626221,-0.019557252526283264,-0.014785803854465485,0.999015505951431,0.0009417467938623381
p0550,225.0,1291.0,9,-0.49518126249313354,-0.8675727844238281,0.0015938282012939453,0.037365689873695374,0.9980606366074624,0.0016731966965390658,-0.4951826333999634,-0.8675742149353027,-0.03131695091724396,-0.019768990576267242,0.9980203108626287,0.0017097859906653337
p0550,225.0,1293.0,9,-0.5272916555404663,-0.8481278419494629,0.0035891681909561157,0.048229582607746124,0.9975210521793944,0.002608947589385423,-0.5272819995880127,-0.8481376767158508,-0.04166918992996216,-0.02432382106781006,0.9974865865075321,0.0026638485994162605
p0550,225.0,1295.0,9,-0.5573161244392395,-0.827987790107727,0.007090345025062561,0.05804503336548805,0.9963196336933537,0.0036878232972165845,-0.5573067665100098,-0.8279857635498047,-0.05104164779186249,-0.028043091297149658,0.9962709616749253,0.003724856442616903
p0550,225.0,1297.0,9,-0.5848132967948914,-0.807948648929596,0.01185142993927002,0.06617376208305359,0.9949320685183568,0.0047851993393741195,-0.584804356098175,-0.8079483509063721,-0.059115275740623474,-0.03145270049571991,0.9948887113516431,0.0048166249167457854
p0550,225.0,1299.0,9,-0.6108388304710388,-0.7880260348320007,0.017317667603492737,0.07295417785644531,0.9942439621655802,0.00588347286888407,-0.610840380191803,-0.7880164980888367,-0.06635641306638718,-0.0348484069108963,0.9942010424003135,0.005947562886108457
p0550,225.0,1301.0,9,-0.6347915530204773,-0.7679865956306458,0.023706823587417603,0.07855919003486633,0.9928908295913857,0.006990424206863623,-0.6347956657409668,-0.7679793834686279,-0.0726446732878685,-0.03775052726268768,0.992859037935536,0.007027838206687527
p0550,225.0,1303.0,9,-0.6575491428375244,-0.7478002905845642,0.030330076813697815,0.08347363024950027,0.9916954317817249,0.008138992919991428,-0.6575357913970947,-0.7477919459342957,-0.07869314402341843,-0.04025401175022125,0.991642031525431,0.00813362128482601
p0550,225.0,1305.0,9,-0.6789065003395081,-0.7278521656990051,0.03769649565219879,0.08650773763656616,0.9907918897160979,0.009152133705996702,-0.6789053678512573,-0.7278527617454529,-0.08362572640180588,-0.04337543249130249,0.9907705835797559,0.009191305844594324
p0550,225.0,1307.0,9,-0.6984233260154724,-0.7083438038825989,0.04510746896266937,0.08893981575965881,0.9896483993041139,0.010186720373335689,-0.6984193921089172,-0.7083467841148376,-0.0880875363945961,-0.045928262174129486,0.9896290934409987,0.010179494379348867
p0550,225.0,1309.0,9,-0.7171029448509216,-0.6887468099594116,0.05277031660079956,0.09015660732984543,0.9887023749992953,0.011150272878846835,-0.7170935869216919,-0.6887440085411072,-0.09212735295295715,-0.048829108476638794,0.9886697812599834,0.01117646242698659
p0550,225.0,1311.0,9,-0.7347906231880188,-0.6692941784858704,0.06028743088245392,0.09083075821399689,0.9879587188959138,0.012117258798831016,-0.7347836494445801,-0.6692947745323181,-0.09605375677347183,-0.05148771405220032,0.9879366017048407,0.012175796370178727
p0550,225.0,1313.0,9,-0.751411497592926,-0.649902880191803,0.06811194866895676,0.09054791927337646,0.9870735017374787,0.013065493606245373,-0.7514130473136902,-0.6499032378196716,-0.09935804456472397,-0.05423765629529953,0.9870647293186593,0.013107535894305468
p0550,225.0,1315.0,9,-0.7668366432189941,-0.6307244896888733,0.07593224942684174,0.08934387564659119,0.9859251298587501,0.013972428750373828,-0.7668284177780151,-0.6307204961776733,-0.1022588312625885,-0.05709470808506012,0.9858973314771141,0.014006829120795084
p0550,225.0,1317.0,9,-0.7814840078353882,-0.6117759346961975,0.08360328525304794,0.0876268520951271,0.9850552894003487,0.014887330720349406,-0.7814849615097046,-0.6117662787437439,-0.10497552156448364,-0.05989127606153488,0.985036935620666,0.014889988294083712
p0550,225.0,1319.0,9,-0.7950699925422668,-0.5931915044784546,0.09099157154560089,0.0854153260588646,0.9840758047927297,0.015789864154402165,-0.795072078704834,-0.5931950807571411,-0.10752555727958679,-0.06255900859832764,0.9840769534776065,0.015752294951809298
p0550,225.0,1321.0,9,-0.8081781268119812,-0.5744693875312805,0.09838386625051498,0.08228881657123566,0.983224809972957,0.016661492023188063,-0.8081846237182617,-0.574465811252594,-0.10986028611660004,-0.06562037765979767,0.983226284280643,0.01664628844459157
p0550,225.0,1323.0,9,-0.8204702138900757,-0.556121289730072,0.10554878413677216,0.07861070334911346,0.9824946598228035,0.017526276260145586,-0.8204705119132996,-0.5561231970787048,-0.11199027299880981,-0.0687672346830368,0.9824928439903226,0.0175362338567661
p0550,225.0,1325.0,9,-0.8321568965911865,-0.5377092361450195,0.11244908720254898,0.07462641596794128,0.9816647383483258,0.018415570189723337,-0.8321618437767029,-0.5377073287963867,-0.11416526138782501,-0.07176858186721802,0.9816677927439414,0.01844359133619051
p0550,225.0,1327.0,9,-0.8428409099578857,-0.5199263691902161,0.11900593340396881,0.07021500170230865,0.980748378673413,0.01929048473454437,-0.8428429961204529,-0.5199284553527832,-0.11610804498195648,-0.0747799351811409,0.9807518942910914,0.019326411371647458
p0550,225.0,1329.0,9,-0.8529536128044128,-0.5021772384643555,0.1254090666770935,0.06533564627170563,0.9797516754562027,0.020191343863200213,-0.8529469966888428,-0.5021774172782898,-0.1179327666759491,-0.07787466794252396,0.9797387431832684,0.02022194708408912
p0550,225.0,1331.0,9,-0.8626354336738586,-0.4843657910823822,0.13167326152324677,0.06002698466181755,0.9787866928831648,0.021131298748473085,-0.8626351356506348,-0.4843694865703583,-0.11966783553361893,-0.08102896809577942,0.9787888242901319,0.021128132837949072
p0550,225.0,1333.0,9,-0.8717001676559448,-0.46692556142807007,0.1375989466905594,0.05429701507091522,0.9779137654829931,0.022068060187234565,-0.871697723865509,-0.4669300317764282,-0.12133229523897171,-0.0843520537018776,0.9779132380295865,0.02207324628569737
p0550,225.0,1335.0,9,-0.8801817297935486,-0.4496857225894928,0.14315737783908844,0.04853152483701706,0.9769675576938424,0.023031137407059123,-0.880179762840271,-0.4496927261352539,-0.12305328249931335,-0.08743014186620712,0.9769705416885568,0.02301592146191253
p0550,225.0,1337.0,9,-0.8882706165313721,-0.43229880928993225,0.14861175417900085,0.0421149916946888,0.9759348511094782,0.02403759267490592,-0.88826984167099,-0.43230006098747253,-0.12466158717870712,-0.09082967787981033,0.9759352144409781,0.02401504203766808
p0550,225.0,1339.0,9,-0.8957312703132629,-0.4154205918312073,0.15357795357704163,0.03572254627943039,0.9749337962349564,0.02503839499188757,-0.8957342505455017,-0.4154198169708252,-0.126339852809906,-0.09406069666147232,0.9749396271832296,0.02502880898980918
p0550,225.0,1341.0,9,-0.9027595520019531,-0.3986356556415558,0.15833330154418945,0.028949294239282608,0.9739077360189861,0.026079982682634843,-0.9027591347694397,-0.39863985776901245,-0.1279439777135849,-0.09742825478315353,0.9739117040570273,0.026075906291316685
p0550,225.0,1343.0,9,-0.9092512726783752,-0.38219398260116577,0.16272372007369995,0.02213846519589424,0.9728301420217635,0.02713957648789421,-0.909249484539032,-0.38218945264816284,-0.12957078218460083,-0.10069698095321655,0.9728245128872522,0.027139758796084483
p0550,225.0,1345.0,9,-0.9154171347618103,-0.3656008243560791,0.16692323982715607,0.015067797154188156,0.9716708253237565,0.028256256102048224,-0.915414571762085,-0.3656001091003418,-0.13121536374092102,-0.10396017134189606,0.9716670850855369,0.02822941665162296
p0550,225.0,1347.0,9,-0.92112797498703,-0.3494292199611664,0.17072038352489471,0.007929482497274876,0.9705937544794687,0.029370950426617692,-0.9211282134056091,-0.3494299352169037,-0.1329076588153839,-0.10722073167562485,0.9705962260329692,0.029359634913546092
p0550,225.0,1349.0,9,-0.9264844059944153,-0.3332842290401459,0.1742435246706009,0.0005924849538132548,0.9694666282353542,0.030520765183283588,-0.9264854788780212,-0.3332849442958832,-0.1346539556980133,-0.1105070412158966,0.9694709111885831,0.03053706618946741
p0550,225.0,1351.0,9,-0.9313778877258301,-0.3174195885658264,0.17746365070343018,-0.006682646926492453,0.968233411357591,0.03169457392551607,-0.9313792586326599,-0.31741684675216675,-0.13640619814395905,-0.11362972855567932,0.9682361329493944,0.031706776081239806
p0550,225.0,1353.0,9,-0.9360077381134033,-0.3014693856239319,0.18050743639469147,-0.014296241104602814,0.9670060472130501,0.03294119362782203,-0.9360094666481018,-0.30146726965904236,-0.1381545513868332,-0.11691021919250488,0.9670098011971043,0.03293871059517239
p0550,225.0,1355.0,9,-0.940205991268158,-0.28606903553009033,0.18316198885440826,-0.021740389987826347,0.9658337703813731,0.03417067905908762,-0.9402065277099609,-0.28607216477394104,-0.13994468748569489,-0.1200399100780487,0.9658383690289913,0.03417236733066257
p0550,225.0,1357.0,9,-0.9441772103309631,-0.27030667662620544,0.1856008768081665,-0.02929559163749218,0.9645457893748851,0.03545235374230895,-0.9441769123077393,-0.27031028270721436,-0.14187565445899963,-0.12303178757429123,0.9645488840049256,0.035438399044391417
p0550,225.0,1359.0,9,-0.9478127956390381,-0.2547711730003357,0.18772251904010773,-0.03698568046092987,0.9632661657447897,0.03675035066264104,-0.947811484336853,-0.25477319955825806,-0.14386235177516937,-0.1261066049337387,0.9632664670156413,0.036765891086573674
p0550,225.0,1361.0,9,-0.951049268245697,-0.2396727353334427,0.18955756723880768,-0.04429442062973976,0.9619450730474041,0.03803534495401721,-0.9510488510131836,-0.23967063426971436,-0.14585714042186737,-0.12881438434123993,0.9619447991629592,0.03803141221984671
p0550,225.0,1363.0,9,-0.9540895819664001,-0.22445829212665558,0.19109699130058289,-0.051737964153289795,0.9606751289457409,0.03933237554707049,-0.9540899991989136,-0.22445689141750336,-0.14801903069019318,-0.13151858747005463,0.9606767616524612,0.039364790556479526
p0550,225.0,1365.0,9,-0.9568862915039062,-0.20896781980991364,0.19249622523784637,-0.05933280661702156,0.9593044802971737,0.040709163714796257,-0.9568853974342346,-0.2089730203151703,-0.15020602941513062,-0.13416680693626404,0.9593061989546152,0.040715488415854505
p0550,225.0,1367.0,9,-0.9593417644500732,-0.19406434893608093,0.19351281225681305,-0.06644565612077713,0.958002912139408,0.041992763002186566,-0.9593409895896912,-0.19406327605247498,-0.15251122415065765,-0.13643984496593475,0.9580022362455242,0.04202267420431153
p0550,225.0,1369.0,9,-0.961606502532959,-0.17881006002426147,0.19441957771778107,-0.07342171669006348,0.956664738669094,0.04331605503166264,-0.9616085886955261,-0.1788160353899002,-0.15487784147262573,-0.13836002349853516,0.9566719539107269,0.04327180032011443
p0550,225.0,1371.0,9,-0.9637129306793213,-0.16342006623744965,0.19492189586162567,-0.08020330965518951,0.9554530001528484,0.04454918418156214,-0.9637129902839661,-0.16342191398143768,-0.15757377445697784,-0.13997554779052734,0.9554546397956485,0.04455729043472864
p0550,225.0,1373.0,9,-0.9655716419219971,-0.1479508876800537,0.19526226818561554,-0.08651888370513916,0.954221429416178,0.04573196643783168,-0.9655723571777344,-0.1479562669992447,-0.16034989058971405,-0.1410016119480133,0.9542251091980943,0.04572305059875218
p0550,225.0,1375.0,9,-0.9673792719841003,-0.13139835000038147,0.1953343152999878,-0.09248987585306168,0.9530912901346724,0.046823681524019764,-0.9673783183097839,-0.13139553368091583,-0.16357733309268951,-0.14123131334781647,0.9530892309266316,0.046825502555511156
p0550,225.0,1377.0,9,-0.9691306352615356,-0.11453403532505035,0.19514572620391846,-0.09729007631540298,0.9523346107621564,0.04765606704433475,-0.9691317081451416,-0.11453666538000107,-0.16717740893363953,-0.14011415839195251,0.9523375695552875,0.0476939029354998
p0550,225.0,1379.0,9,-0.9709174633026123,-0.09582074731588364,0.19477131962776184,-0.10039124637842178,0.9518645937825314,0.04811556765658362,-0.9709197878837585,-0.09581073373556137,-0.17150545120239258,-0.1365428864955902,0.951867199242287,0.04816078967313349
p0550,225.0,1381.0,9,-0.972944974899292,-0.07363852858543396,0.1943613439798355,-0.10055376589298248,0.9520466491823194,0.0479782937680396,-0.972946286201477,-0.07363975048065186,-0.17695146799087524,-0.12866246700286865,0.9520490726298579,0.04795416610103708
p0550,225.0,1383.0,9,-0.9757060408592224,-0.041486967355012894,0.19399039447307587,-0.09283579140901566,0.9537280248235332,0.04632435833777722,-0.9757077693939209,-0.04148657247424126,-0.18554559350013733,-0.10898862779140472,0.9537304200752814,0.04636943557160714
p0550,225.0,1385.0,9,-0.9780152440071106,0.026864560320973396,0.1979396939277649,-0.05560174956917763,0.957259939559057,0.04230847296698308,-0.9780089855194092,0.026873279362916946,-0.20032766461372375,-0.04458704590797424,0.9572455454491281,0.04213858247245845
p0550,225.0,1387.0,9,-0.18075810372829437,0.42000317573547363,0.8818082809448242,0.1489575058221817,0.21173339807476854,0.8011112941868082,-0.1808214634656906,0.41998526453971863,0.7016677260398865,0.5588194131851196,0.2116878097653493,0.8077447830372997
p0550,225.0,1389.0,9,-0.9241569638252258,-0.17884892225265503,0.21176362037658691,-0.26196494698524475,0.8861275569616284,0.11372783845214782,-0.9241658449172974,-0.17884290218353271,-0.0983656644821167,-0.32192665338516235,0.8861430537107313,0.11367605000049055
p0550,225.0,1391.0,9,-0.9491347074508667,-0.1085936576128006,0.19688600301742554,-0.2196810096502304,0.9126768951190775,0.0872028368160428,-0.9491360187530518,-0.10858342051506042,-0.1419510692358017,-0.2584269940853119,0.9126778064698197,0.08716113447461402
p0550,225.0,1393.0,9,-0.9552402496337891,-0.07686176896095276,0.19222065806388855,-0.21086934208869934,0.9184087044993096,0.0815679574290776,-0.9552432894706726,-0.07686527818441391,-0.15598708391189575,-0.2388865202665329,0.9184152719520939,0.08158331466070845
p0550,225.0,1395.0,9,-0.9574723839759827,-0.05576886236667633,0.18934790790081024,-0.21016454696655273,0.919876086645032,0.08016274808268203,-0.9574714303016663,-0.05576672405004501,-0.16355371475219727,-0.2307204306125641,0.919873973333079,0.08014659050697893
p0550,225.0,1397.0,9,-0.9582957029342651,-0.03867141902446747,0.1868124008178711,-0.21240359544754028,0.9198373780903579,0.08014643011938702,-0.9582945108413696,-0.0386679582297802,-0.1690153181552887,-0.22676187753677368,0.9198345394160388,0.08013868251621588
p0550,225.0,1399.0,9,-0.9583693146705627,-0.023219168186187744,0.18429253995418549,-0.2164451628923416,0.9190210010496623,0.08093789590163684,-0.9583671689033508,-0.023218154907226562,-0.17356501519680023,-0.2251139134168625,0.9190163521671435,0.08094249537923501
p0550,225.0,1401.0,9,-0.9580175876617432,-0.009487877599895,0.18186120688915253,-0.22113296389579773,0.9178962554730544,0.08209546703893397,-0.9580199122428894,-0.009486807510256767,-0.17741058766841888,-0.2246912270784378,0.9179000515893598,0.08209612828857508
p0550,225.0,1403.0,9,-0.9572910666465759,0.0036721655633300543,0.179301455616951,-0.22646896541118622,0.916427586437601,0.08355542870035658,-0.9572911262512207,0.0036729024723172188,-0.1809946894645691,-0.2250891923904419,0.9164269372415624,0.08355372398376144
p0550,225.0,1405.0,9,-0.9563477039337158,0.016253728419542313,0.17666886746883392,-0.23204673826694489,0.9148738497456241,0.0851696812730777,-0.9563496112823486,0.01625286601483822,-0.18437236547470093,-0.2259143739938736,0.9148764944015848,0.08515250465736271
p0550,225.0,1407.0,9,-0.9551547169685364,0.028055787086486816,0.17395244538784027,-0.23770761489868164,0.9131152095902695,0.0868752716670923,-0.9551534652709961,0.028054410591721535,-0.18756112456321716,-0.2270897924900055,0.9131116938490084,0.0868680308517254
p0550,225.0,1409.0,9,-0.9537729024887085,0.039740189909935,0.17108410596847534,-0.24366219341754913,0.9112700611093971,0.08874811319915314,-0.9537744522094727,0.039739061146974564,-0.19072146713733673,-0.22859103977680206,0.911271704772561,0.08874276047155494
p0550,225.0,1411.0,9,-0.9522133469581604,0.05104409530758858,0.16811102628707886,-0.2496097832918167,0.9093240267884952,0.09067021074611173,-0.9522120356559753,0.05104491859674454,-0.19381284713745117,-0.23020929098129272,0.9093202386457256,0.0906695720413551
p0550,225.0,1413.0,9,-0.9505501389503479,0.06196431815624237,0.16506879031658173,-0.25540855526924133,0.907393107055697,0.0925831675285594,-0.9505507946014404,0.061964619904756546,-0.19683139026165009,-0.2318210005760193,0.9073929206057272,0.09259037041375445
p0550,225.0,1415.0,9,-0.9487185478210449,0.0728011280298233,0.16188202798366547,-0.2614029347896576,0.9053753711792913,0.09463635166739945,-0.9487188458442688,0.07280182093381882,-0.19985580444335938,-0.23364943265914917,0.9053744126734495,0.09463748463095191
p0550,225.0,1417.0,9,-0.9468029141426086,0.08319857716560364,0.15866175293922424,-0.26718929409980774,0.9033661106902794,0.09666040801118701,-0.946803092956543,0.08319780975580215,-0.20280466973781586,-0.23543141782283783,0.9033646098793043,0.09665768301298423
p0550,225.0,1419.0,9,-0.9447615742683411,0.09336911141872406,0.15534192323684692,-0.27294090390205383,0.9012998354070292,0.09872354293996599,-0.9447609186172485,0.09336914122104645,-0.20573684573173523,-0.23725906014442444,0.9012968890528347,0.09871755070016534
p0550,227.2,1260.0,9,0.5506995916366577,-0.5784213542938232,0.5877645015716553,0.12511053681373596,0.6381103323408904,0.3613780748864796,0.5507195591926575,-0.5783988833427429,0.1529720425605774,0.5813327431678772,0.6380823753166407,0.36145664762364177
p0550,227.2,1262.0,9,0.5000276565551758,-0.6912729144096375,0.5201609134674072,0.0225527323782444,0.7280876185648584,0.27121495225098974,0.5000003576278687,-0.6912744045257568,0.1835305094718933,0.48735636472702026,0.7280401789657915,0.27129708371199884
p0550,227.2,1264.0,9,0.43163958191871643,-0.7836760878562927,0.4423500597476959,-0.049804914742708206,0.8006420591102291,0.1982445279218469,0.4315975606441498,-0.7836729288101196,0.19340017437934875,0.401166170835495,0.8005588158972385,0.19844500043295635
p0550,227.2,1266.0,9,0.3539087772369385,-0.8568404316902161,0.36344489455223083,-0.09755999594926834,0.859604921558994,0.14169247525029768,0.35386401414871216,-0.8567894697189331,0.1893167793750763,0.3247286081314087,0.859430760165748,0.14141765739184564
p0550,227.2,1268.0,9,0.2723569869995117,-0.9095625281333923,0.2897806167602539,-0.12256275117397308,0.9016686642931093,0.09909326587162706,0.27238279581069946,-0.9095650315284729,0.17494550347328186,0.26112496852874756,0.9016198729969346,0.09894663952949802
p0550,227.2,1270.0,9,0.18705205619335175,-0.9481939673423767,0.21904614567756653,-0.13225163519382477,0.9342570827973419,0.06559850117907146,0.187057226896286,-0.9481931328773499,0.1521664261817932,0.20559078454971313,0.9341822370078061,0.06560703392725308
p0550,227.2,1272.0,9,0.10693500190973282,-0.9724118113517761,0.1603522151708603,-0.12983158230781555,0.9572311766066266,0.04272563556086577,0.10693502426147461,-0.9724165797233582,0.1280800998210907,0.16169044375419617,0.9571568433053201,0.04276203331781496
p0550,227.2,1274.0,9,0.030904704704880714,-0.9858210682868958,0.11057652533054352,-0.11930496245622635,0.973019513079905,0.02664792396604219,0.030899498611688614,-0.9858427047729492,0.10257184505462646,0.12628431618213654,0.9729719709207333,0.026709879159598562
p0550,227.2,1276.0,9,-0.04016328230500221,-0.9911240339279175,0.06964902579784393,-0.10362473130226135,0.9841661714011167,0.01579450593889685,-0.04016757011413574,-0.9911386966705322,0.07759648561477661,0.09796213358640671,0.9841076727772409,0.015874263875082877
p0550,227.2,1278.0,9,-0.10539369285106659,-0.9896855354309082,0.037419989705085754,-0.08504476398229599,0.9908150544143637,0.008862574682020515,-0.10540295392274857,-0.9897021055221558,0.05421891808509827,0.07572512328624725,0.9907624345856124,0.00895194347986137
p0550,227.2,1280.0,9,-0.1651267260313034,-0.9837794303894043,0.01245659589767456,-0.06539687514305115,0.9953161228677818,0.0046770740154793876,-0.16514673829078674,-0.9837660789489746,0.03295506536960602,0.057962626218795776,0.9952113448144461,0.0047385229543050085
p0550,227.2,1282.0,9,-0.2206406593322754,-0.973747193813324,-0.007113441824913025,-0.04460836201906204,0.9970923453902066,0.002296574124652389,-0.22061090171337128,-0.9737268090248108,0.01258145272731781,0.044233717024326324,0.9969604911191584,0.0024161550919172027
p0550,227.2,1284.0,9,-0.27063941955566406,-0.9614607691764832,-0.020653679966926575,-0.02505406178534031,0.9978760309366063,0.001319211893317523,-0.27066248655319214,-0.9614702463150024,-0.00469478964805603,0.033248692750930786,0.9978285893680391,0.0014404609321148345
p0550,227.2,1286.0,9,-0.3170875608921051,-0.9477473497390747,-0.030251845717430115,-0.006903963163495064,0.9989841236614699,0.0012313335668887601,-0.3170822262763977,-0.9477624297142029,-0.020151838660240173,0.023732110857963562,0.998934730899113,0.0012877208088878274
p0550,227.2,1288.0,9,-0.3604184091091156,-0.9317468404769897,-0.0365113765001297,0.011135627515614033,0.9982589469432086,0.0017287843504308422,-0.36043471097946167,-0.9317473769187927,-0.03461119532585144,0.016593970358371735,0.9982044545244547,0.0017941975323098951
p0550,227.2,1290.0,9,-0.3996553421020508,-0.915209174156189,-0.03918306529521942,0.027183394879102707,0.9975295396952828,0.0025479562086650515,-0.39963874220848083,-0.9152054190635681,-0.04657396674156189,0.010679475963115692,0.9974475994608216,0.002607548036269961
p0550,227.2,1292.0,9,-0.43635401129722595,-0.897282063961029,-0.039792999625205994,0.042329806834459305,0.9957076922245672,0.0036467893678200475,-0.43636924028396606,-0.8972814083099365,-0.05786283314228058,0.006073296070098877,0.9956613726651179,0.0037101685148479913
p0550,227.2,1294.0,9,-0.4709157645702362,-0.8794609308242798,-0.038489505648612976,0.05544659122824669,0.9953906574991414,0.004822969172454556,-0.47090762853622437,-0.8794623613357544,-0.06752540916204453,0.0014516562223434448,0.9953339927911723,0.004882552337817599
p0550,227.2,1296.0,9,-0.5023840665817261,-0.861152172088623,-0.035325631499290466,0.0671999529004097,0.9941416205534541,0.006030649072538903,-0.5023887753486633,-0.8611443638801575,-0.07591348886489868,-0.002162039279937744,0.9940850114602555,0.00609074362533095
p0550,227.2,1298.0,9,-0.5316137671470642,-0.8424719572067261,-0.030683666467666626,0.07761849462985992,0.9925313996142827,0.007228959929810374,-0.5316194295883179,-0.8424835801124573,-0.0831865444779396,-0.005142584443092346,0.9925125198500516,0.00726796099586296
p0550,227.2,1300.0,9,-0.5591448545455933,-0.8240392208099365,-0.025348544120788574,0.08641168475151062,0.9918315961034708,0.008368209089023046,-0.5591432452201843,-0.8240424990653992,-0.08971711993217468,-0.008308827877044678,0.9917946863569034,0.00843697657716411
p0550,227.2,1302.0,9,-0.5853978991508484,-0.8047508597373962,-0.01875971257686615,0.09430336952209473,0.9904515074290247,0.009498721972050594,-0.5853990912437439,-0.8047438859939575,-0.09550443291664124,-0.010954245924949646,0.9904065128986697,0.009554155239923715
p0550,227.2,1304.0,9,-0.6095139384269714,-0.7859179377555847,-0.011634677648544312,0.10074226558208466,0.9893036352189969,0.010536235525223734,-0.6095237731933594,-0.7859166860580444,-0.10042813420295715,-0.013477712869644165,0.9892811402590962,0.010581133061555883
p0550,227.2,1306.0,9,-0.6322962045669556,-0.7669802904129028,-0.004082739353179932,0.1062382385134697,0.9881788946556291,0.011550696018105856,-0.6323007941246033,-0.7669771313667297,-0.10491658002138138,-0.015770524740219116,0.9881512983635348,0.011565550114033266
p0550,227.2,1308.0,9,-0.6538020968437195,-0.7483858466148376,0.003912448883056641,0.11013252288103104,0.9876500867028017,0.012385394614637786,-0.6538017988204956,-0.7483882904052734,-0.1086263656616211,-0.01853896677494049,0.9876285312268188,0.012444972242560911
p0550,227.2,1310.0,9,-0.6739441752433777,-0.7296149730682373,0.012071609497070312,0.1135471984744072,0.9866428570259158,0.013275768163367108,-0.6739387512207031,-0.729606032371521,-0.11214087903499603,-0.02073204517364502,0.986600973042693,0.01330267433934413
p0550,227.2,1312.0,9,-0.6929689049720764,-0.7110850811004639,0.020591914653778076,0.11552895605564117,0.9859441018164795,0.014002344694069944,-0.6929694414138794,-0.7110939621925354,-0.11491601914167404,-0.023358017206192017,0.9859376070526753,0.014044203677743592
p0550,227.2,1314.0,9,-0.7110213041305542,-0.6926006078720093,0.02924022078514099,0.11670772731304169,0.9853361037012622,0.014703364544272434,-0.7110199928283691,-0.6926031708717346,-0.11737839132547379,-0.025992214679718018,0.985320648274725,0.014741782018172545
p0550,227.2,1316.0,9,-0.7280951142311096,-0.6741237044334412,0.03773261606693268,0.11728322505950928,0.9846472914944042,0.015402116232287124,-0.7280979156494141,-0.6741182208061218,-0.11977739632129669,-0.028466373682022095,0.9846295891860937,0.015439168008559725
p0550,227.2,1318.0,9,-0.7439433336257935,-0.6559973955154419,0.046253278851509094,0.11694595962762833,0.983860210988962,0.016034108905880765,-0.7439455389976501,-0.6559993028640747,-0.12171078473329544,-0.031028538942337036,0.9838530090462358,0.016054143313994552
p0550,227.2,1320.0,9,-0.7594839334487915,-0.6376169323921204,0.05487951636314392,0.11579152941703796,0.9834405158683392,0.016632871466729985,-0.7594876289367676,-0.637615442276001,-0.12348131835460663,-0.03388120234012604,0.9834338218258207,0.01666600857537637
p0550,227.2,1322.0,9,-0.7739216089248657,-0.6193623542785645,0.0633997917175293,0.11398358643054962,0.9826282074062413,0.017223360787673798,-0.7739265561103821,-0.6193593144416809,-0.12499818205833435,-0.03666709363460541,0.9826232603140659,0.017237020649946398
p0550,227.2,1324.0,9,-0.7873238325119019,-0.6018553376197815,0.07149749249219894,0.11162947118282318,0.9821673039960885,0.01777886155696359,-0.7873208522796631,-0.6018495559692383,-0.12635090947151184,-0.03952104598283768,0.9821475217476997,0.017788579620885734
p0550,227.2,1326.0,9,-0.8002355098724365,-0.5841823816299438,0.07955750077962875,0.1087111085653305,0.981700314073357,0.018347637883182957,-0.8002315759658813,-0.5841900110244751,-0.12759363651275635,-0.04243515431880951,0.981695994639317,0.018336384363740778
p0550,227.2,1328.0,9,-0.8123522996902466,-0.5666341185569763,0.0872451663017273,0.10530557483434677,0.9810392791414946,0.0188988028722423,-0.8123533129692078,-0.5666367411613464,-0.1288726031780243,-0.0453573614358902,0.9810386676432975,0.018915832227079175
p0550,227.2,1330.0,9,-0.823955237865448,-0.549115002155304,0.09493676573038101,0.10126259177923203,0.9804739763026111,0.019461248844471556,-0.8239596486091614,-0.5491157174110413,-0.1298900544643402,-0.04849652200937271,0.9804773697721602,0.019469438658286244
p0550,227.2,1332.0,9,-0.83495032787323,-0.5317245125770569,0.10234322398900986,0.09690670669078827,0.9799136502863838,0.020054875422116585,-0.83494633436203,-0.5317301750183105,-0.13091646134853363,-0.05156688392162323,0.9799086488593285,0.02003979993389313
p0550,227.2,1334.0,9,-0.8453518748283386,-0.5145334601402283,0.1094631552696228,0.09194017201662064,0.9794012653779599,0.02062178103732539,-0.8453563451766968,-0.5145359635353088,-0.1318587362766266,-0.05489734560251236,0.9794083984961557,0.020636034201420968
p0550,227.2,1336.0,9,-0.8550590872764587,-0.49754709005355835,0.11622875183820724,0.08685477823019028,0.9787124166113206,0.02123673121591134,-0.8550595045089722,-0.4975534975528717,-0.132839173078537,-0.058022163808345795,0.9787173288254671,0.021243653715444732
p0550,227.2,1338.0,9,-0.8641712665557861,-0.48083731532096863,0.12276805937290192,0.08142668753862381,0.978027117257267,0.021882558071907705,-0.8641700148582458,-0.48083844780921936,-0.13369424641132355,-0.061202384531497955,0.978024327556965,0.021846079851658557
p0550,227.2,1340.0,9,-0.8729560971260071,-0.4640910029411316,0.12890227138996124,0.07564553618431091,0.9774597492821664,0.022516085017639187,-0.8729603886604309,-0.4640873968601227,-0.13475212454795837,-0.06449048966169357,0.9774627649769705,0.022538849571276325
p0550,227.2,1342.0,9,-0.8811984658241272,-0.44750162959098816,0.1349601149559021,0.06940321624279022,0.9767929700937354,0.023204879764988407,-0.8811968564987183,-0.4475019574165344,-0.13557206094264984,-0.0679439902305603,0.9767899704202729,0.023211455300463632
p0550,227.2,1344.0,9,-0.8889949321746826,-0.4309759736061096,0.1406591385602951,0.0629710778594017,0.9760739692447135,0.023920777681562297,-0.8889968991279602,-0.4309808611869812,-0.1364959329366684,-0.07136364281177521,0.9760815407359511,0.02393379291609468
p0550,227.2,1346.0,9,-0.8962869048118591,-0.4146769642829895,0.14600621163845062,0.05646664276719093,0.9753070561973873,0.024673823720769837,-0.8962872624397278,-0.41467711329460144,-0.13748066127300262,-0.07466158270835876,0.975308281280594,0.02468012844406223
p0550,227.2,1348.0,9,-0.9032653570175171,-0.39830857515335083,0.15118888020515442,0.049509335309267044,0.9745556773182067,0.02547343010397793,-0.9032679796218872,-0.39830684661865234,-0.13842551410198212,-0.07818187773227692,0.9745594930703707,0.025474345365307727
p0550,227.2,1350.0,9,-0.9095757603645325,-0.3824383020401001,0.15590789914131165,0.04253363609313965,0.9736028199152554,0.026278179036556243,-0.9095802307128906,-0.3824450671672821,-0.13940390944480896,-0.08159393072128296,0.9736168471776486,0.026287008211901858
p0550,227.2,1352.0,9,-0.9157252311706543,-0.3664366900920868,0.16037330031394958,0.0355236791074276,0.9728424912065593,0.02713931379721665,-0.9157258868217468,-0.3664374053478241,-0.1405564695596695,-0.08487539738416672,0.9728452490387524,0.027149426279322035
p0550,227.2,1354.0,9,-0.921350359916687,-0.35079115629196167,0.16452670097351074,0.028454603627324104,0.9719528330955518,0.028035180687808903,-0.921348512172699,-0.35078608989715576,-0.14167152345180511,-0.08810636401176453,0.9719466149523712,0.02802102010112987
p0550,227.2,1356.0,9,-0.9266772270202637,-0.33507606387138367,0.1684417426586151,0.02104428969323635,0.9710174723674585,0.028967569163397534,-0.9266752600669861,-0.33507898449897766,-0.14283275604248047,-0.09148572385311127,0.9710168658351864,0.02895144629131218
p0550,227.2,1358.0,9,-0.9317017793655396,-0.3194284439086914,0.1720084249973297,0.013614491559565067,0.9701125998999146,0.029921164607333885,-0.9317003488540649,-0.3194255232810974,-0.14414682984352112,-0.09476856142282486,0.9701093073842031,0.029935016139223024
p0550,227.2,1360.0,9,-0.9362583160400391,-0.3040795624256134,0.17530032992362976,0.006221233867108822,0.9690523615912918,0.030915668262520596,-0.936264157295227,-0.3040814995765686,-0.14543339610099792,-0.09793312847614288,0.9690656398288888,0.03091347351569307
p0550,227.2,1362.0,9,-0.9405661225318909,-0.2886981964111328,0.17835740745067596,-0.0013290689093992114,0.9680182312515215,0.03195764445260817,-0.9405698180198669,-0.28869664669036865,-0.1468014121055603,-0.10112223774194717,0.9680253560214362,0.031944119448720255
p0550,227.2,1364.0,9,-0.9445244073867798,-0.2734230160713196,0.1810358464717865,-0.008696119301021099,0.9668927365643868,0.03299098826719431,-0.9445241093635559,-0.2734280824661255,-0.14835017919540405,-0.10402469336986542,0.9668961195913557,0.032991281356856424
p0550,227.2,1366.0,9,-0.9483286738395691,-0.25804221630096436,0.18355253338813782,-0.0161643885076046,0.9659188264552485,0.03408921125473386,-0.9483246803283691,-0.25804078578948975,-0.14995986223220825,-0.10690164566040039,0.9659117128430024,0.03407139952466096
p0550,227.2,1368.0,9,-0.9516764283180237,-0.24318072199821472,0.18564942479133606,-0.023355038836598396,0.9648292414321292,0.03514563462615649,-0.9516772031784058,-0.2431817650794983,-0.15165957808494568,-0.10953915119171143,0.964832193410354,0.03515140633598148
p0550,227.2,1370.0,9,-0.9549560546875,-0.22762280702590942,0.18761588633060455,-0.0307565089315176,0.9637572542678021,0.03627638125612299,-0.9549562335014343,-0.22761869430541992,-0.15354983508586884,-0.1120779812335968,0.9637566901797574,0.036285266994905974
p0550,227.2,1372.0,9,-0.9578438401222229,-0.21247734129428864,0.18924105167388916,-0.03761903941631317,0.9626150181492745,0.037353507006061125,-0.9578441381454468,-0.212480828166008,-0.15554118156433105,-0.11409410834312439,0.9626179671000634,0.0373499386224856
p0550,227.2,1374.0,9,-0.9605806469917297,-0.19689108431339264,0.19062618911266327,-0.04444405809044838,0.9614838925229325,0.03843734773036151,-0.9605829119682312,-0.19688959419727325,-0.15777155756950378,-0.11584429442882538,0.9614883738834066,0.0384465951572077
p0550,227.2,1376.0,9,-0.963195264339447,-0.18086427450180054,0.1917911171913147,-0.05096238851547241,0.960459625617542,0.039499634512365926,-0.9631989002227783,-0.1808611899614334,-0.1602494865655899,-0.11706656217575073,0.9604661461352539,0.03951200923090344
p0550,227.2,1378.0,9,-0.9656667709350586,-0.16448970139026642,0.19269350171089172,-0.05650594085454941,0.9595710781088682,0.04043722408491659,-0.9656687378883362,-0.16448818147182465,-0.16309121251106262,-0.11710790544748306,0.9595748116060866,0.04043312039573765
p0550,227.2,1380.0,9,-0.9680747985839844,-0.1471429467201233,0.1933169662952423,-0.06083009019494057,0.9588209692211171,0.04118085392693177,-0.968071460723877,-0.14714892208576202,-0.16651006042957306,-0.11552342772483826,0.958816462476673,0.04118387089677912
p0550,227.2,1382.0,9,-0.9705527424812317,-0.12732279300689697,0.1937800794839859,-0.06367604434490204,0.9581847826641988,0.04170703480583821,-0.9705551266670227,-0.1273185908794403,-0.1708148717880249,-0.11149267852306366,0.9581882926978997,0.04170969419906607
p0550,227.2,1384.0,9,-0.9734499454498291,-0.10291735082864761,0.19417551159858704,-0.0627295970916748,0.9581988102732789,0.041728021068983906,-0.9734513163566589,-0.10291611403226852,-0.17678393423557281,-0.10193774104118347,0.958200806676871,0.041727440256340224
p0550,227.2,1386.0,9,-0.9771803021430969,-0.06582338362932205,0.1951950341463089,-0.05085988715291023,0.9592205139969429,0.040754703603299094,-0.9771895408630371,-0.06581670045852661,-0.18665677309036255,-0.07658068090677261,0.9592365237666016,0.040759769309773486
p0550,227.2,1388.0,9,-0.9775409698486328,0.03413330018520355,0.2067665010690689,0.011523673310875893,0.9568042825701466,0.042904605123410794,-0.9775553345680237,0.03412436693906784,-0.2051900327205658,0.025961250066757202,0.9568276672487847,0.042781290728257565
p0550,227.2,1390.0,9,-0.6762662529945374,-0.449662983417511,0.3844508230686188,-0.4347591996192932,0.6602286619505837,0.33768202145719023,-0.6762112975120544,-0.4496367871761322,0.25617074966430664,-0.5191580057144165,0.6601243214621766,0.33666084549006703
p0550,227.2,1392.0,9,-0.9384042024612427,-0.18528789281845093,0.20623432099819183,-0.2059561163187027,0.9149809623398443,0.08517536909263729,-0.9383991956710815,-0.18527710437774658,-0.11242920160293579,-0.26888608932495117,0.9149685438199027,0.08524024248034819
p0550,227.2,1394.0,9,-0.9540005326271057,-0.13382954895496368,0.1982186734676361,-0.17986613512039185,0.9280473119034447,0.07181527481426679,-0.9539933204650879,-0.1338377594947815,-0.14082588255405426,-0.2274061143398285,0.9280362716987953,0.07175795080795562
p0550,227.2,1396.0,9,-0.9591175317764282,-0.10633520036935806,0.19522084295749664,-0.17467547953128815,0.9312271704198557,0.06877401924647934,-0.9591161012649536,-0.10633210837841034,-0.15204930305480957,-0.21317042410373688,0.9312239891177186,0.06873939617137051
p0550,227.2,1398.0,9,-0.9614091515541077,-0.08618013560771942,0.19314387440681458,-0.17548930644989014,0.9317448168089224,0.06824154639650398,-0.9614081978797913,-0.08617641776800156,-0.15878604352474213,-0.2070326954126358,0.9317423212244019,0.06823707587325627
p0550,227.2,1400.0,9,-0.962520956993103,-0.06950972229242325,0.1913767009973526,-0.17871926724910736,0.931286693049826,0.06869904345782832,-0.9625203609466553,-0.06951171904802322,-0.1636282503604889,-0.20435360074043274,0.9312856205918607,0.06868521484926503
p0550,227.2,1402.0,9,-0.9630143642425537,-0.05442794784903526,0.18959149718284607,-0.18318086862564087,0.9303666566120093,0.06962778831321044,-0.963015615940094,-0.0544307604432106,-0.16766904294490814,-0.20337040722370148,0.9303689943940182,0.06961408949405694
p0550,227.2,1404.0,9,-0.9630062580108643,-0.04034380242228508,0.18773840367794037,-0.18859615921974182,0.9290159160102369,0.07093693523593533,-0.9630072712898254,-0.04034439101815224,-0.17120929062366486,-0.2036287933588028,0.9290173727900051,0.07091189421320576
p0550,227.2,1406.0,9,-0.9627424478530884,-0.027073455974459648,0.18576684594154358,-0.19445008039474487,0.9276133329472673,0.07243816987110192,-0.9627422094345093,-0.02707427740097046,-0.1744948923587799,-0.20458616316318512,0.9276121883210692,0.0724319628617387
p0550,227.2,1408.0,9,-0.9621845483779907,-0.014767462387681007,0.1837407797574997,-0.20021849870681763,0.926023408126497,0.07396498724029868,-0.9621872901916504,-0.014769084751605988,-0.17749151587486267,-0.20576348900794983,0.9260279186440866,0.0739667860737983
p0550,227.2,1410.0,9,-0.9614148736000061,-0.002455440815538168,0.18152406811714172,-0.20647303760051727,0.9243311218402156,0.07569448803107161,-0.9614142179489136,-0.002455117180943489,-0.18048639595508575,-0.20740187168121338,0.9243288882462027,0.07571022918473368
p0550,227.2,1412.0,9,-0.9604416489601135,0.009286636486649513,0.17925001680850983,-0.21266590058803558,0.9225411215561966,0.07746643028849498,-0.9604422450065613,0.009286291897296906,-0.18331114947795868,-0.20916347205638885,0.9225411464072268,0.07746726244480953
p0550,227.2,1414.0,9,-0.9593188762664795,0.020655237138271332,0.17684364318847656,-0.21885211765766144,0.9207257158648092,0.07927703812429936,-0.9593178033828735,0.02065432257950306,-0.18609996140003204,-0.21104075014591217,0.9207224221972695,0.0792831127091711
p0550,227.2,1416.0,9,-0.9580304026603699,0.031694117933511734,0.17433038353919983,-0.22501584887504578,0.9188327729756537,0.08112931662630575,-0.9580299258232117,0.031695038080215454,-0.188836470246315,-0.21300429105758667,0.918830643282628,0.08113958444949325
p0550,227.2,1418.0,9,-0.9565790295600891,0.04284246265888214,0.1716325730085373,-0.23148471117019653,0.91688539945474,0.0831455647761159,-0.9565778970718384,0.04284259304404259,-0.19163410365581512,-0.21521973609924316,0.9168818240494556,0.08314850145823835
p0550,227.2,1420.0,9,-0.9550105929374695,0.05349636450409889,0.16887786984443665,-0.2375921756029129,0.9149137112011748,0.0850701360710093,-0.9550093412399292,0.05349549278616905,-0.19435171782970428,-0.21724802255630493,0.9149097057225517,0.08507158024661196
p0550,235.0,1261.0,9,0.652838945388794,-0.16759377717971802,0.5234289169311523,0.5196847915649414,0.4552328176108167,0.5460781237040752,0.652847170829773,-0.16766217350959778,-0.2094666063785553,0.7079234719276428,0.45533681431548195,0.5453851882746299
p0550,235.0,1263.0,9,0.6895924210548401,-0.2963838577270508,0.551948070526123,0.3587547242641449,0.5640809085345581,0.43462233311557746,0.6895951628684998,-0.2963756024837494,-0.12252196669578552,0.6478840112686157,0.5640875427791217,0.43502213910255355
p0550,235.0,1265.0,9,0.6927933692932129,-0.4285522699356079,0.5367406606674194,0.20847618579864502,0.6641411817680318,0.33230353843800925,0.6927965879440308,-0.42849305272102356,-0.0573401004076004,0.574533998966217,0.6640578244555793,0.33356578314977053
p0550,235.0,1267.0,9,0.6673417687416077,-0.5544124841690063,0.48879215121269226,0.07892391830682755,0.7531239092287959,0.24556608492298493,0.6673225164413452,-0.5544363856315613,-0.013587713241577148,0.495633065700531,0.7530475943658005,0.2459863807155334
p0550,235.0,1269.0,9,0.6153951287269592,-0.6652699708938599,0.41606074571609497,-0.02070409059524536,0.8216320976131993,0.17375992886502506,0.6153879761695862,-0.6652512550354004,0.007857665419578552,0.4185006320476532,0.8214909928022154,0.17533908937283904
p0550,235.0,1271.0,9,0.5495490431785583,-0.7581337690353394,0.3349180817604065,-0.09257595986127853,0.8770727391025898,0.12087190239207865,0.5495814681053162,-0.7580758929252625,0.01447555422782898,0.34832102060317993,0.8768939598319133,0.12166939840752652
p0550,235.0,1273.0,9,0.47470858693122864,-0.830531895160675,0.25260215997695923,-0.1368793398141861,0.9154263794742113,0.08264030982127178,0.4747360050678253,-0.8305625915527344,0.008836507797241211,0.2882540225982666,0.9153446230635731,0.08331273441599554
p0550,235.0,1275.0,9,0.3954344391822815,-0.8866156339645386,0.17367695271968842,-0.16054418683052063,0.9427440391276223,0.05603532204085458,0.39544877409935,-0.8866606950759888,-0.004282653331756592,0.23732924461364746,0.9426749274483813,0.056503271943314594
p0550,235.0,1277.0,9,0.3164927363395691,-0.927375078201294,0.10212099552154541,-0.16757600009441376,0.9604807747595587,0.03862303682265684,0.31649500131607056,-0.9273629188537598,-0.022312790155410767,0.19576150178909302,0.9602970995398459,0.038998462750617156
p0550,235.0,1279.0,9,0.24142614006996155,-0.9557433128356934,0.04144051671028137,-0.16297326982021332,0.9720211724879982,0.028415264187682907,0.24143821001052856,-0.9557409882545471,-0.04099595546722412,0.16294704377651215,0.9718608234799149,0.028427830267198473
p0550,235.0,1281.0,9,0.1694888472557068,-0.9739208221435547,-0.010913953185081482,-0.14947377145290375,0.9775411803110002,0.02262438036494794,0.16947701573371887,-0.9739348292350769,-0.060959041118621826,0.13715586066246033,0.9774039007585055,0.02273833675189209
p0550,235.0,1283.0,9,0.10161107778549194,-0.984492838382721,-0.05457696318626404,-0.13056281208992004,0.9798391400852722,0.020216222014753364,0.10162303596735,-0.9844940304756165,-0.08030545711517334,0.11685787886381149,0.9796893731361346,0.02033343570543864
p0550,235.0,1285.0,9,0.039905764162540436,-0.9888617992401123,-0.0889635682106018,-0.1086960956454277,0.9797274113059411,0.01993494797170524,0.03991900011897087,-0.9888381958007812,-0.09776628017425537,0.10168509185314178,0.979531739433213,0.020134875407243437
p0550,235.0,1287.0,9,-0.019189774990081787,-0.98879474401474,-0.11796566843986511,-0.0845189169049263,0.9783667529212086,0.021283636211122753,-0.019175145775079727,-0.9888014793395996,-0.11491499841213226,0.08958445489406586,0.9782354311794089,0.02147969193544845
p0550,235.0,1289.0,9,-0.07188313454389572,-0.9856216907501221,-0.13847529888153076,-0.06092901900410652,0.9768952384069106,0.023120890051254665,-0.07188248634338379,-0.985623300075531,-0.12836572527885437,0.08064469695091248,0.9767571393438423,0.02323812467207295
p0550,235.0,1291.0,9,-0.12193165719509125,-0.9792364239692688,-0.1547812521457672,-0.03644944727420807,0.974040013173291,0.025530090343427257,-0.12192902714014053,-0.979236364364624,-0.14137350022792816,0.07400916516780853,0.9739112592785545,0.02572630168256857
p0550,235.0,1293.0,9,-0.168076753616333,-0.9713759422302246,-0.1665392518043518,-0.013361104764044285,0.9720797903890553,0.02816090555853107,-0.16806189715862274,-0.9713844656944275,-0.1524864137172699,0.06869266927242279,0.9719708764494652,0.028235836670383613
p0550,235.0,1295.0,9,-0.21143506467342377,-0.9613893628120422,-0.17448094487190247,0.009446540847420692,0.9692217440091249,0.030786824939864933,-0.2114233672618866,-0.9613835215568542,-0.1624584197998047,0.06504455208778381,0.9690961896280945,0.030893023875080278
p0550,235.0,1297.0,9,-0.2512233555316925,-0.9503540992736816,-0.17865386605262756,0.03052482195198536,0.9665222157405539,0.03310494885291306,-0.2512119710445404,-0.950352132320404,-0.17059187591075897,0.0623108372092247,0.9664096768595447,0.03325773095603539
p0550,235.0,1299.0,9,-0.2888169586658478,-0.9387480616569519,-0.18045955896377563,0.050160001963377,0.9648882412963049,0.03533577922277248,-0.2888237237930298,-0.9387378692626953,-0.1775447428226471,0.0600101575255394,0.9647763096445438,0.035397977184420726
p0550,235.0,1301.0,9,-0.32369107007980347,-0.9261204600334167,-0.17953073978424072,0.0685330480337143,0.9626895293880244,0.037181870325687164,-0.32370030879974365,-0.9261141419410706,-0.18323910236358643,0.058596476912498474,0.9625953780045248,0.037285234849392945
p0550,235.0,1303.0,9,-0.3569854497909546,-0.9127009510993958,-0.17720037698745728,0.08605066686868668,0.9606660500981695,0.03905486637684267,-0.3569689691066742,-0.9126811623573303,-0.1885538250207901,0.05772305279970169,0.9605364210299588,0.03915824545050783
p0550,235.0,1305.0,9,-0.38826027512550354,-0.8992853164672852,-0.17263653874397278,0.10126488655805588,0.9596506990413604,0.04030498507835043,-0.3882582187652588,-0.8992874622344971,-0.19215518236160278,0.05650047957897186,0.9595777380182782,0.04038928284487972
p0550,235.0,1307.0,9,-0.4171257019042969,-0.8855247497558594,-0.16698411107063293,0.11534605175256729,0.9583287365641575,0.04143096048696239,-0.4171188175678253,-0.885526180267334,-0.19523930549621582,0.05589932203292847,0.9582565568118179,0.04151412933014255
p0550,235.0,1309.0,9,-0.44489970803260803,-0.8714943528175354,-0.16007936000823975,0.1278836727142334,0.9576059091281213,0.042218592666788686,-0.4448885917663574,-0.8714858293533325,-0.1974973976612091,0.055009543895721436,0.9575185054539881,0.042300282580878285
p0550,235.0,1311.0,9,-0.47143638134002686,-0.8571752905845642,-0.15264096856117249,0.1394660323858261,0.9571586803995168,0.04298515980823161,-0.47142601013183594,-0.8571721911430359,-0.199582040309906,0.05430339276790619,0.9570873367125653,0.04304797918244866
p0550,235.0,1313.0,9,-0.49658507108688354,-0.8426398634910583,-0.14410629868507385,0.14978183805942535,0.9567868899553156,0.04343046612160213,-0.4965853989124298,-0.8426410555839539,-0.20083948969841003,0.053639501333236694,0.9567369009550842,0.0434772854102915
p0550,235.0,1315.0,9,-0.5202286243438721,-0.8279854655265808,-0.13478761911392212,0.1586488038301468,0.9563357295125505,0.043562633539209396,-0.5202212929725647,-0.8279773592948914,-0.2014426290988922,0.052829816937446594,0.9562663729683204,0.04363271605397076
p0550,235.0,1317.0,9,-0.5428798198699951,-0.8132931590080261,-0.12512153387069702,0.16658614575862885,0.956293081087533,0.04362805440666333,-0.5428856611251831,-0.8132824897766113,-0.20175883173942566,0.05201937258243561,0.9562389757469771,0.04367155193819381
p0550,235.0,1319.0,9,-0.5642221570014954,-0.7985882759094238,-0.11527413129806519,0.1734752058982849,0.9562103447796565,0.04359917200901955,-0.5642238855361938,-0.7985926270484924,-0.20186278223991394,0.05121880769729614,0.9561805677203711,0.04362724949057459
p0550,235.0,1321.0,9,-0.5850122570991516,-0.783686637878418,-0.10489138960838318,0.17918269336223602,0.9565152089555894,0.04332236674770722,-0.5850210785865784,-0.7836851477622986,-0.20149841904640198,0.0500214546918869,0.9564885721374108,0.04335587534179168
p0550,235.0,1323.0,9,-0.6047809720039368,-0.7689324617385864,-0.09436124563217163,0.1838403046131134,0.957120239806784,0.04290898062713658,-0.604779064655304,-0.768934965133667,-0.20083066821098328,0.04862429201602936,0.9570897581462491,0.042945432623214666
p0550,235.0,1325.0,9,-0.6238662004470825,-0.7538479566574097,-0.0837583839893341,0.18787285685539246,0.9575914071191183,0.0425155454733357,-0.6238732933998108,-0.7538464665412903,-0.20017343759536743,0.04728436470031738,0.9575695931519778,0.04254961571198548
p0550,235.0,1327.0,9,-0.6416678428649902,-0.739086389541626,-0.07321387529373169,0.19087393581867218,0.9580743095980186,0.04199355347846923,-0.6416694521903992,-0.739090085029602,-0.19924423098564148,0.04579605162143707,0.9580564926576361,0.042036367953403
p0550,235.0,1329.0,9,-0.6588041186332703,-0.7241969108581543,-0.0624980628490448,0.19306516647338867,0.9585654159598161,0.04137684652127252,-0.6587974429130554,-0.7241952419281006,-0.19808629155158997,0.044142529368400574,0.9585308490610593,0.041425233290841766
p0550,235.0,1331.0,9,-0.6754681468009949,-0.7091181874275208,-0.05166447162628174,0.19458593428134918,0.9591807119993009,0.04072529336992678,-0.6754663586616516,-0.7091225981712341,-0.19677603244781494,0.04239094257354736,0.9591640611267459,0.04075122031855017
p0550,235.0,1333.0,9,-0.691349983215332,-0.6942317485809326,-0.04096503555774689,0.19523385167121887,0.9599912416665303,0.03998289359374143,-0.6913455128669739,-0.6942364573478699,-0.19532009959220886,0.04034203290939331,0.959973190545408,0.04000704784372678
p0550,235.0,1335.0,9,-0.7065308094024658,-0.6792850494384766,-0.030511125922203064,0.19546590745449066,0.9606772668659346,0.0393221661971608,-0.7065263390541077,-0.6792938113212585,-0.1939765214920044,0.03840368986129761,0.9606667096129513,0.039326413832800305
p0550,235.0,1337.0,9,-0.7213336229324341,-0.664124071598053,-0.019845440983772278,0.19480283558368683,0.961441015719255,0.038523732430188626,-0.7213327288627625,-0.6641260981559753,-0.19235104322433472,0.03608596324920654,0.9614282739902835,0.038522562136189174
p0550,235.0,1339.0,9,-0.7352872490882874,-0.6492132544517517,-0.009655609726905823,0.19367732107639313,0.9621774707392158,0.03778429219597872,-0.7352924346923828,-0.6492143869400024,-0.19086873531341553,0.033760592341423035,0.9621742925105236,0.03778932769897515
p0550,235.0,1341.0,9,-0.748755693435669,-0.6342760324478149,0.00048325955867767334,0.19189155101776123,0.9629886029713105,0.03699945527165147,-0.7487543821334839,-0.6342809796333313,-0.1892644464969635,0.03123113512992859,0.9629821253481379,0.037011081040882375
p0550,235.0,1343.0,9,-0.7615123391151428,-0.619487464427948,0.010314181447029114,0.18966123461723328,0.9637098794372448,0.036251443399303265,-0.7615121006965637,-0.6194802522659302,-0.18769130110740662,0.02865123748779297,0.9636902848953555,0.03626167288861862
p0550,235.0,1345.0,9,-0.7739682793617249,-0.6044200658798218,0.020114868879318237,0.18695229291915894,0.9643903270931788,0.035525941708827696,-0.7739664912223816,-0.6044174432754517,-0.1861102133989334,0.025993824005126953,0.9643757573734444,0.035520083658136054
p0550,235.0,1347.0,9,-0.785790741443634,-0.5896099209785461,0.029511183500289917,0.18378695845603943,0.9651427394071815,0.03481574411893531,-0.7857914566993713,-0.5896106362342834,-0.18459489941596985,0.023201435804367065,0.965137107622626,0.03481701792508025
p0550,235.0,1349.0,9,-0.7972192168235779,-0.5746990442276001,0.03872266411781311,0.1801556646823883,0.9658694377405473,0.03412120367675887,-0.7972198128700256,-0.5747005939483643,-0.18312381207942963,0.020276710391044617,0.9658659596738457,0.03414547472951519
p0550,235.0,1351.0,9,-0.8080172538757324,-0.5599038004875183,0.04763156175613403,0.17623785138130188,0.9664127327822232,0.033492124503463935,-0.80801922082901,-0.5599014163017273,-0.1816929280757904,0.0173855721950531,0.9664080081840857,0.033511020626528824
p0550,235.0,1353.0,9,-0.8185731172561646,-0.5449728965759277,0.056484684348106384,0.17177434265613556,0.967082982439364,0.03285793112886704,-0.8185746669769287,-0.5449697971343994,-0.18019643425941467,0.014249011874198914,0.9670774830972325,0.03286701990235366
p0550,235.0,1355.0,9,-0.8284552693367004,-0.5304339528083801,0.06483103334903717,0.16711251437664032,0.9677215331425083,0.032287336482726955,-0.8284552097320557,-0.5304380059242249,-0.17882758378982544,0.011134535074234009,0.9677218572107014,0.03229197989465107
p0550,235.0,1357.0,9,-0.8381685614585876,-0.515437662601471,0.07310828566551208,0.1621178686618805,0.9682229641447482,0.03178174733204944,-0.8381670117378235,-0.5154423713684082,-0.17756050825119019,0.00800374150276184,0.9682219051843023,0.031776205920887826
p0550,235.0,1359.0,9,-0.8474360108375549,-0.5005937218666077,0.08106350898742676,0.15667681396007538,0.9687594741119755,0.03127154807611202,-0.8474339842796326,-0.5005950331687927,-0.17633302509784698,0.004646807909011841,0.9687548849375053,0.031294857883450954
p0550,235.0,1361.0,9,-0.8560438752174377,-0.48606428503990173,0.08857127279043198,0.1512976735830307,0.9690854546867729,0.03088703300237139,-0.8560432195663452,-0.48606136441230774,-0.17523062229156494,0.0015355944633483887,0.9690791689601207,0.030886424540613792
p0550,235.0,1363.0,9,-0.864457368850708,-0.4713895618915558,0.09583909064531326,0.14551225304603577,0.9695082914513532,0.030507691154553384,-0.8644567131996155,-0.4713857173919678,-0.17425380647182465,-0.0017639249563217163,0.9695017757937742,0.03054144427020896
p0550,235.0,1365.0,9,-0.8726356029510498,-0.4564238488674164,0.10309983044862747,0.13934721052646637,0.9698276413712167,0.03019265494350532,-0.8726335167884827,-0.45642879605293274,-0.17321695387363434,-0.005160719156265259,0.9698269287453092,0.030200616563939065
p0550,235.0,1367.0,9,-0.8801530003547668,-0.4420185387134552,0.10970599204301834,0.13325101137161255,0.9700597896077768,0.029935330066275363,-0.8801520466804504,-0.4420184791088104,-0.17242491245269775,-0.008427247405052185,0.9700570474730548,0.029967508707787256
p0550,235.0,1369.0,9,-0.8874421715736389,-0.42735910415649414,0.11626621335744858,0.12699878215789795,0.970198155543898,0.02978738096545889,-0.8874431848526001,-0.4273656904697418,-0.17162111401557922,-0.011605232954025269,0.9702048065821408,0.029750207296996886
p0550,235.0,1371.0,9,-0.8944642543792725,-0.41266706585884094,0.12239119410514832,0.12052138894796371,0.9703676317069114,0.029643495073788093,-0.8944618105888367,-0.4126678705215454,-0.17109397053718567,-0.014871187508106232,0.9703634763050238,0.02965164727087027
p0550,235.0,1373.0,9,-0.9010252356529236,-0.3981415331363678,0.12824389338493347,0.11403769999742508,0.9703691133339155,0.02958799682414505,-0.901025116443634,-0.39814385771751404,-0.17060571908950806,-0.017998263239860535,0.9703703632119378,0.029584837773878436
p0550,235.0,1375.0,9,-0.9075170755386353,-0.38305526971817017,0.13399037718772888,0.10720756649971008,0.9703233786661227,0.029581182106321723,-0.9075179100036621,-0.38305312395095825,-0.17026658356189728,-0.02119387686252594,0.9703231095040821,0.029589928203913957
p0550,235.0,1377.0,9,-0.9135546684265137,-0.3684142231941223,0.13922324776649475,0.10067190229892731,0.970314801981381,0.02965013977128691,-0.9135562181472778,-0.36841708421707153,-0.17015765607357025,-0.024088986217975616,0.9703196521522228,0.02968014887231127
p0550,235.0,1379.0,9,-0.9193233847618103,-0.3535655438899994,0.14419017732143402,0.09424435347318649,0.9701668222251519,0.029801924013402557,-0.9193258285522461,-0.3535602390766144,-0.17026546597480774,-0.02669578045606613,0.9701676199012452,0.029844248272869783
p0550,235.0,1381.0,9,-0.9248440265655518,-0.33857378363609314,0.14903298020362854,0.08787179738283157,0.9699708509751438,0.03005734759052624,-0.9248459935188293,-0.3385748863220215,-0.17042753100395203,-0.029071278870105743,0.9699752966733844,0.030026879066991134
p0550,235.0,1383.0,9,-0.930245578289032,-0.3229026198387146,0.1535540223121643,0.08152075856924057,0.9696242179185244,0.030346595528649926,-0.9302483201026917,-0.32290124893188477,-0.1710294634103775,-0.0311417356133461,0.9696285686938894,0.03035145360980515
p0550,235.0,1385.0,9,-0.9354031085968018,-0.3068855106830597,0.1577712744474411,0.07573030889034271,0.9691583424740103,0.030745777272176363,-0.9354026913642883,-0.30688098073005676,-0.1719997376203537,-0.032448895275592804,0.9691549477174058,0.030761679565208047
p0550,235.0,1387.0,9,-0.9404687285423279,-0.2902679741382599,0.16174326837062836,0.07075086236000061,0.9687371716026023,0.031279663049276214,-0.9404656291007996,-0.29026973247528076,-0.17345529794692993,-0.03270207345485687,0.968732449741724,0.031273225232534944
p0550,235.0,1389.0,9,-0.9454813599586487,-0.2720850110054016,0.16547217965126038,0.06691493839025497,0.9679652638288244,0.0319662844115591,-0.9454755187034607,-0.27208274602890015,-0.17573478817939758,-0.031260520219802856,0.9679530051901826,0.03196845911505944
p0550,235.0,1391.0,9,-0.9507454037666321,-0.2511655390262604,0.16905859112739563,0.06554111838340759,0.9670012587365325,0.03297563460313664,-0.9507483243942261,-0.25117015838623047,-0.17942363023757935,-0.0265253484249115,0.967009002812894,0.032992147278046925
p0550,235.0,1393.0,9,-0.9567552804946899,-0.2232302874326706,0.17292512953281403,0.06947208940982819,0.9652146503930491,0.034814693800024714,-0.9567533135414124,-0.22322049736976624,-0.1859452724456787,-0.014278538525104523,0.965206043913387,0.03485577942859549
p0550,235.0,1395.0,9,-0.9637563228607178,-0.17561426758766174,0.17895403504371643,0.09046681970357895,0.9596788793743871,0.04026752419834069,-0.9637610912322998,-0.17562386393547058,-0.1992502361536026,0.021581489592790604,0.959689982724629,0.04020784439893593
p0550,235.0,1397.0,9,-0.9420936703681946,0.03392517566680908,0.2363705188035965,0.23864051699638367,0.8888991485358744,0.11283342368587579,-0.9421032071113586,0.03389780968427658,-0.2206602543592453,0.2546904385089874,0.888902143468777,0.11360261229367251
p0550,235.0,1399.0,9,-0.8718855381011963,-0.4093197286128998,0.21776969730854034,-0.15434807538986206,0.9278595879123845,0.07163577225322688,-0.8718749284744263,-0.40931057929992676,-0.01949899271130562,-0.2655181288719177,0.9278308244300658,0.07143493292944898
p0550,235.0,1401.0,9,-0.9349927306175232,-0.29232683777809143,0.1890273243188858,-0.06646466255187988,0.9596894792640628,0.040358160601851135,-0.9349985718727112,-0.2923111021518707,-0.11743829399347305,-0.16227233409881592,0.9596913102675478,0.040384444383079476
p0550,235.0,1403.0,9,-0.9477978944778442,-0.25260427594184875,0.187252938747406,-0.05075812339782715,0.9621395453581516,0.037812369941750676,-0.9477995038032532,-0.25260087847709656,-0.1370306760072708,-0.13717184960842133,0.9621411540486248,0.03779602196784597
p0550,235.0,1405.0,9,-0.9540916681289673,-0.22798258066177368,0.1877833753824234,-0.048353783786296844,0.9622734039324728,0.03775462031635716,-0.9540970325469971,-0.22798031568527222,-0.14548437297344208,-0.12797890603542328,0.9622828736718552,0.037719386477595346
p0550,235.0,1407.0,9,-0.9580958485603333,-0.20911310613155365,0.18865852057933807,-0.05054900795221329,0.9616797022947416,0.038293525752677304,-0.9580940008163452,-0.20911486446857452,-0.15035581588745117,-0.12453396618366241,0.9616770607247697,0.038278138166871645
p0550,235.0,1409.0,9,-0.9611953496932983,-0.19242312014102936,0.18960852921009064,-0.055001143366098404,0.960926250193259,0.039115697062371314,-0.9611949324607849,-0.1924242377281189,-0.15378081798553467,-0.12374816834926605,0.9609259490044093,0.03911413773830349
p0550,235.0,1411.0,9,-0.9636055827140808,-0.17718464136123657,0.19045281410217285,-0.06050881743431091,0.9599327610373665,0.04006741142916327,-0.9636031985282898,-0.1771816611289978,-0.15644018352031708,-0.12429171800613403,0.9599270753212864,0.040065764563143424
p0550,235.0,1413.0,9,-0.9655675888061523,-0.16299331188201904,0.19111724197864532,-0.06651648879051208,0.9588896810413962,0.041080533007895256,-0.9655660390853882,-0.1629926711320877,-0.1586862951517105,-0.12556394934654236,0.9588863496262118,0.04108582274516556
p0550,235.0,1415.0,9,-0.967212438583374,-0.14926382899284363,0.19166716933250427,-0.07320119440555573,0.9577817833580515,0.04222147017424736,-0.9672145247459412,-0.14926214516162872,-0.16065333783626556,-0.12757322192192078,0.9577850667422041,0.04221725930077186
p0550,235.0,1417.0,9,-0.9685471653938293,-0.1362590342760086,0.1920141726732254,-0.0799470990896225,0.9566521777475424,0.0433844215401271,-0.9685477018356323,-0.13625937700271606,-0.1624709665775299,-0.12982122600078583,0.956652968816637,0.04337851951073172
p0550,235.0,1419.0,9,-0.9696061015129089,-0.12364684790372849,0.19218263030052185,-0.0868956595659256,0.9554261327335741,0.04460650367128109,-0.9696047306060791,-0.12364555150270462,-0.1641913503408432,-0.13234351575374603,0.9554227747712435,0.04459868560846441
p0550,250.0,1260.0,9,0.2099526822566986,0.27821850776672363,-0.558570146560669,0.7438514232635498,0.12639452556240066,0.8710135238305059,0.20992502570152283,0.27819111943244934,-0.880056619644165,0.3156856894493103,0.12314681317112396,0.8757008137341814
p0550,250.0,1262.0,9,0.29448777437210083,0.29498693346977234,-0.39340028166770935,0.8109661936759949,0.178461463167781,0.8199037344503456,0.2944945991039276,0.2950412929058075,-0.823628306388855,0.3787505626678467,0.17597570644957156,0.823260095738859
p0550,250.0,1264.0,9,0.3921320140361786,0.28929001092910767,-0.20606565475463867,0.8358855843544006,0.2437191908025546,0.7542294371900498,0.39208662509918213,0.28937801718711853,-0.7558021545410156,0.43049895763397217,0.2409337225149765,0.7579838642814013
p0550,250.0,1266.0,9,0.4927857518196106,0.24283914268016815,0.019016355276107788,0.8010193705558777,0.3201026353609938,0.6795932686773702,0.4925817549228668,0.24293196201324463,-0.6859061121940613,0.4681396484375,0.3086780037089155,0.6912817085797383
p0550,250.0,1268.0,9,0.5893355011940002,0.2774209678173065,-0.013415142893791199,0.7504611611366272,0.42816742575947847,0.5682460452131229,0.5890787839889526,0.27799779176712036,-0.5624977946281433,0.49316003918647766,0.43147018580919466,0.5671970340487784
p0550,250.0,1270.0,9,0.6971527338027954,0.1556691974401474,0.22093600034713745,0.6518716812133789,0.5126011818817224,0.4868683175875278,0.6971989870071411,0.1557147353887558,-0.492397665977478,0.48296403884887695,0.5195849435610931,0.48006612003661714
p0550,250.0,1272.0,9,0.7736849188804626,0.04558507353067398,0.340445339679718,0.5141338109970093,0.6052513715182166,0.3947197985447795,0.773693859577179,0.04554644599556923,-0.4158850610256195,0.4632096290588379,0.6088336669808619,0.39106206242479224
p0550,250.0,1274.0,9,0.8272672891616821,-0.0804518610239029,0.40937715768814087,0.3553914427757263,0.6952288312426008,0.3041188306270211,0.8273252844810486,-0.08047047257423401,-0.3461613953113556,0.4252246916294098,0.6963968105069549,0.3031488024424055
p0550,250.0,1276.0,9,0.8509190678596497,-0.2156849205493927,0.42773082852363586,0.19285370409488678,0.7740152835999238,0.22633452599954568,0.8509841561317444,-0.2157442569732666,-0.2916724681854248,0.3733542561531067,0.7740361411117509,0.22616170098557448
p0550,250.0,1278.0,9,0.8426210880279541,-0.3477364480495453,0.40054526925086975,0.045703813433647156,0.8334467973148141,0.1659634527216142,0.8426738381385803,-0.3478187024593353,-0.25659477710723877,0.31572654843330383,0.8330035798394954,0.16667049110398413
p0550,250.0,1280.0,9,0.8096064329147339,-0.4671361446380615,0.3424307703971863,-0.07473590970039368,0.8755106560143838,0.12470524918833828,0.8095378875732422,-0.46716007590293884,-0.23848220705986023,0.2598356008529663,0.8747380696946784,0.1251967053376663
p0550,250.0,1282.0,9,0.7561638355255127,-0.5719274878501892,0.26170557737350464,-0.16758064925670624,0.9002433844042176,0.09752445168214774,0.756162703037262,-0.5718214511871338,-0.23564830422401428,0.20756259560585022,0.8994476657820039,0.09920408703734991
p0550,250.0,1284.0,9,0.6942087411880493,-0.6560555696487427,0.17700673639774323,-0.22951170802116394,0.9133940795491197,0.08450348682968958,0.694172203540802,-0.6561365723609924,-0.2414318323135376,0.16511270403862,0.9128018839345678,0.0859898893586649
p0550,250.0,1286.0,9,0.6275838613510132,-0.724851667881012,0.09323175996541977,-0.2684387266635895,0.9201198983510877,0.08101082451247242,0.6276135444641113,-0.7248629927635193,-0.25220978260040283,0.13045883178710938,0.9195955437756815,0.08098423202135785
p0550,250.0,1288.0,9,0.556968629360199,-0.7788459062576294,0.010677963495254517,-0.2867390215396881,0.9175166566706617,0.08248382851175903,0.5569690465927124,-0.7788705229759216,-0.2683110237121582,0.1030314713716507,0.9170473407119778,0.08290713682668979
p0550,250.0,1290.0,9,0.4898619055747986,-0.8196764588356018,-0.061406880617141724,-0.2896100878715515,0.9124390214965131,0.08775870896007117,0.4898703098297119,-0.8196259140968323,-0.28447839617729187,0.08335135877132416,0.9119124709090219,0.08814155522959805
p0550,250.0,1292.0,9,0.4236450493335724,-0.8505390286445618,-0.1269632875919342,-0.28088080883026123,0.9034302726734954,0.09512188785244557,0.4236290454864502,-0.8505629897117615,-0.30180761218070984,0.068913534283638,0.9030472150843335,0.09608052125829578
p0550,250.0,1294.0,9,0.3618384599685669,-0.8746638298034668,-0.18302983045578003,-0.2657947540283203,0.896449308032527,0.10426680308487007,0.36185237765312195,-0.8746585249900818,-0.31729477643966675,0.05862615257501602,0.8960886243335142,0.1043379044381447
p0550,250.0,1296.0,9,0.30430686473846436,-0.8915022611618042,-0.2299799621105194,-0.2444019466638565,0.887831198456164,0.11276475128618485,0.304290235042572,-0.8915005326271057,-0.3314366042613983,0.052627015858888626,0.887487238637325,0.11283695398751654
p0550,250.0,1298.0,9,0.25029170513153076,-0.9031334519386292,-0.2695395052433014,-0.21912869811058044,0.8787192382374178,0.12082823623271828,0.2502951920032501,-0.90316241979599,-0.34439557790756226,0.049722205847501755,0.8784699737507273,0.12129216680908561
p0550,250.0,1300.0,9,0.20026014745235443,-0.9118767976760864,-0.30206891894340515,-0.19296663999557495,0.8720174486899973,0.12865893790405397,0.20026925206184387,-0.911878764629364,-0.35511964559555054,0.04835028946399689,0.8717518422245101,0.12865393623370522
p0550,250.0,1302.0,9,0.15224894881248474,-0.9168977737426758,-0.3295537531375885,-0.1642739325761795,0.8642491486087512,0.1357825163098711,0.15223807096481323,-0.9168891906738281,-0.3651913106441498,0.04910479858517647,0.8639837122355725,0.13597887168297398
p0550,250.0,1304.0,9,0.10829345881938934,-0.9197210073471069,-0.35098275542259216,-0.1359495371580124,0.8579679790148979,0.14187687141731722,0.10826804488897324,-0.9197359681129456,-0.3732456564903259,0.0510525144636631,0.8577605723956813,0.1421229207369035
p0550,250.0,1306.0,9,0.06662936508655548,-0.9204419851303101,-0.36829474568367004,-0.10734158009290695,0.8519898368848222,0.14737906602044673,0.06661828607320786,-0.9204424619674683,-0.3803287446498871,0.053988367319107056,0.851780766418011,0.14776741573320926
p0550,250.0,1308.0,9,0.02803134173154831,-0.9205173850059509,-0.3808946907520294,-0.08043155819177628,0.8484514945637703,0.15176970276050028,0.02803168259561062,-0.9205231070518494,-0.38522881269454956,0.057144902646541595,0.8482737736836929,0.1518665816914046
p0550,250.0,1310.0,9,-0.008845938369631767,-0.9185715317726135,-0.3907299339771271,-0.05322856083512306,0.8441499143894053,0.15572897352650822,-0.008843389339745045,-0.918553352355957,-0.38985997438430786,0.061152081936597824,0.8439443953785699,0.15593044862560018
p0550,250.0,1312.0,9,-0.04335538297891617,-0.9160951972007751,-0.397046834230423,-0.02769344672560692,0.841394134355425,0.1586359607508297,-0.04334308207035065,-0.9161123037338257,-0.3928386867046356,0.06526312232017517,0.8412646573038373,0.15877821088525004
p0550,250.0,1314.0,9,-0.07618352025747299,-0.9128208160400391,-0.4008183777332306,-0.003009784035384655,0.8393148113820013,0.16088921787669583,-0.07617878913879395,-0.9128219485282898,-0.3949015736579895,0.06958358734846115,0.8391697728500924,0.16098586260133005
p0550,250.0,1316.0,9,-0.1076253280043602,-0.908541738986969,-0.4027228057384491,0.020834675058722496,0.8372848420030359,0.16284339909182008,-0.10762881487607956,-0.908536434173584,-0.3965458273887634,0.07404278218746185,0.8371425559723046,0.16292590954811983
p0550,250.0,1318.0,9,-0.1370927095413208,-0.9038483500480652,-0.40220746397972107,0.04315658286213875,0.8359777777136477,0.16385310425322572,-0.13709254562854767,-0.9038532376289368,-0.3970605731010437,0.07848930358886719,0.8358628661560105,0.1640108745766194
p0550,250.0,1320.0,9,-0.1659718155860901,-0.8987804055213928,-0.40019527077674866,0.06461534649133682,0.8355783673620916,0.16454896005956224,-0.1659771054983139,-0.8987835645675659,-0.39696162939071655,0.08279544115066528,0.8354738283376716,0.16462504773684947
p0550,250.0,1322.0,9,-0.19338509440422058,-0.8930100202560425,-0.39650431275367737,0.0849643275141716,0.8350794151124405,0.16465049973688511,-0.1933949738740921,-0.8930137753486633,-0.39625340700149536,0.08715420216321945,0.8349861125572492,0.16480503881433828
p0550,250.0,1324.0,9,-0.21910317242145538,-0.8873432278633118,-0.39166727662086487,0.10350542515516281,0.8355881374534487,0.16432449498635282,-0.21910567581653595,-0.8873335123062134,-0.3949057161808014,0.09107071161270142,0.8354754307806945,0.16443293117824007
p0550,250.0,1326.0,9,-0.24422939121723175,-0.881197988986969,-0.38572439551353455,0.12132452428340912,0.8363512365391463,0.16370507818709387,-0.24421900510787964,-0.8812034726142883,-0.3931713104248047,0.09497462958097458,0.8362671534221914,0.16378921554364606
p0550,250.0,1328.0,9,-0.2684555649757385,-0.8746030926704407,-0.37885263562202454,0.13798588514328003,0.8371783336302183,0.16276935904756665,-0.26845136284828186,-0.8746072053909302,-0.3910942077636719,0.09861329197883606,0.8371026625646412,0.16286450828662166
p0550,250.0,1330.0,9,-0.29183831810951233,-0.867836594581604,-0.3709925711154938,0.15363796055316925,0.8384806270646076,0.1614332171060512,-0.2918444275856018,-0.8678416013717651,-0.38848209381103516,0.10209523141384125,0.8384176823261303,0.1615246931539137
p0550,250.0,1332.0,9,-0.3145216405391693,-0.8607640862464905,-0.3624638020992279,0.1683894693851471,0.840001567329024,0.15992060741980035,-0.3145134449005127,-0.8607656955718994,-0.3856407701969147,0.10540493577718735,0.8399290261176278,0.16000899823989095
p0550,250.0,1334.0,9,-0.33646395802497864,-0.8536077737808228,-0.3532808721065521,0.18188804388046265,0.8420054216682502,0.15807393307011558,-0.3364656865596771,-0.853615403175354,-0.382384330034256,0.10831443965435028,0.8419559755012245,0.15812898863789038
p0550,250.0,1336.0,9,-0.35756874084472656,-0.8460527658462524,-0.34365901350975037,0.19459247589111328,0.8438025454358595,0.156147547371898,-0.35755977034568787,-0.8460575342178345,-0.37905651330947876,0.11114364862442017,0.8437458720744121,0.1562146713566945
p0550,250.0,1338.0,9,-0.3778330683708191,-0.8384385108947754,-0.3335029184818268,0.20627275109291077,0.8458715816160627,0.15394793675455973,-0.3778313994407654,-0.8384377360343933,-0.375381201505661,0.11373738944530487,0.8458150927799312,0.15402353387428533
p0550,250.0,1340.0,9,-0.3978953957557678,-0.8305535912513733,-0.3231160342693329,0.2170959860086441,0.8482651849492245,0.15170571301893004,-0.39790380001068115,-0.8305516242980957,-0.3716731369495392,0.11594545096158981,0.8482190693369104,0.15175921025904518
p0550,250.0,1342.0,9,-0.41723543405532837,-0.822637677192688,-0.31209897994995117,0.22697095572948456,0.85093450971191,0.14908931468318326,-0.41723161935806274,-0.8226372003555298,-0.3674945831298828,0.11794643104076385,0.850885619932606,0.1491363013022878
p0550,250.0,1344.0,9,-0.4361470937728882,-0.8144059181213379,-0.3008855879306793,0.23612506687641144,0.8535900562222131,0.14644967556453795,-0.43614470958709717,-0.8144142627716064,-0.36329180002212524,0.11973559856414795,0.8535602993839183,0.14648743701929667
p0550,250.0,1346.0,9,-0.45441845059394836,-0.8059636950492859,-0.2895350754261017,0.24454659223556519,0.85617460613503,0.1437947598105861,-0.4544185698032379,-0.8059651851654053,-0.3590813875198364,0.12137386202812195,0.8561398523607846,0.14384030286680474
p0550,250.0,1348.0,9,-0.47243833541870117,-0.7974051833152771,-0.2777765393257141,0.25216951966285706,0.8591484529090145,0.1409049326455751,-0.4724425673484802,-0.7974052429199219,-0.35455507040023804,0.12269359827041626,0.8591179131837909,0.1409297703455941
p0550,250.0,1350.0,9,-0.48960065841674805,-0.7887563109397888,-0.266031414270401,0.2588329613208771,0.8619341699072781,0.13792025962353047,-0.4896019399166107,-0.7887678146362305,-0.35000815987586975,0.12373471260070801,0.8619218762568827,0.13798155804602816
p0550,250.0,1352.0,9,-0.5066276788711548,-0.779833972454071,-0.25425276160240173,0.265156626701355,0.8648940381610719,0.13510265185007458,-0.5066261887550354,-0.7798362970352173,-0.34557417035102844,0.12470564246177673,0.8648677026175484,0.13513591962900803
p0550,250.0,1354.0,9,-0.5229368805885315,-0.7708542346954346,-0.24245604872703552,0.2706904709339142,0.867757646671272,0.13220328361760714,-0.5229385495185852,-0.7708451747894287,-0.3410647511482239,0.125462606549263,0.8677182398368052,0.1322276643977415
p0550,250.0,1356.0,9,-0.5390775799751282,-0.7616875171661377,-0.23040378093719482,0.2755044400691986,0.8708437749609484,0.12913196209461777,-0.5390724539756775,-0.7616875767707825,-0.33637160062789917,0.12590357661247253,0.8708142779632242,0.12915677440972004
p0550,250.0,1358.0,9,-0.5548853874206543,-0.7523239850997925,-0.21841731667518616,0.27976328134536743,0.873954973723359,0.12611543758285537,-0.5548862814903259,-0.7523210048675537,-0.33175715804100037,0.12615647912025452,0.8739298753697293,0.1261359576182116
p0550,250.0,1360.0,9,-0.5700564384460449,-0.7428827881813049,-0.20644384622573853,0.28336334228515625,0.8769006145272983,0.12305260260850515,-0.5700626969337463,-0.742889404296875,-0.32708099484443665,0.1262468695640564,0.8768976098726606,0.12307646249289349
p0550,250.0,1362.0,9,-0.584960401058197,-0.7332977056503296,-0.19442319869995117,0.2864134609699249,0.8799617577476377,0.11996869151785806,-0.5849664211273193,-0.7332989573478699,-0.3223668932914734,0.12612596154212952,0.8799521397394418,0.11998264324882348
p0550,250.0,1364.0,9,-0.5994929671287537,-0.7234975695610046,-0.18255913257598877,0.288932740688324,0.8828925954194327,0.11694524711800033,-0.5994897484779358,-0.7235026359558105,-0.3178007900714874,0.12583787739276886,0.8828796950590245,0.11698574921526458
p0550,250.0,1366.0,9,-0.6138370633125305,-0.713617205619812,-0.17061468958854675,0.2909954786300659,0.8860927483800856,0.1139206092380425,-0.6138346791267395,-0.7136110067367554,-0.31314072012901306,0.1253727674484253,0.8860665300616793,0.11392551545746067
p0550,250.0,1368.0,9,-0.627414882183075,-0.7037985324859619,-0.1591126024723053,0.2924264073371887,0.8890266857056007,0.1109590298250601,-0.627415120601654,-0.7038005590438843,-0.30867233872413635,0.1247146874666214,0.8890161766127406,0.11098048637164261
p0550,250.0,1370.0,9,-0.6412006616592407,-0.6934871673583984,-0.1472005844116211,0.29347118735313416,0.8921033075750175,0.10792203980033525,-0.6412032842636108,-0.6934814453125,-0.3040321469306946,0.12389087677001953,0.8920867451481705,0.10793134671551467
p0550,250.0,1372.0,9,-0.6542288064956665,-0.6832719445228577,-0.13579261302947998,0.2940874397754669,0.8949123398086762,0.10505398120667213,-0.6542258262634277,-0.6832749843597412,-0.2996503412723541,0.12301228940486908,0.8949020611796514,0.10506654721471101
p0550,250.0,1374.0,9,-0.6671507358551025,-0.6728355288505554,-0.12427544593811035,0.2941325306892395,0.8978315687728123,0.10208357983910935,-0.6671524047851562,-0.6728364825248718,-0.2951696515083313,0.12183842062950134,0.8978253489812642,0.10211281567392338
p0550,250.0,1376.0,9,-0.679853081703186,-0.6622096300125122,-0.1127886176109314,0.2938002049922943,0.9007515965728188,0.0991649253322122,-0.6798582673072815,-0.6622098088264465,-0.2907017767429352,0.12055853009223938,0.9007505652775283,0.09918323475378267
p0550,250.0,1378.0,9,-0.6920236349105835,-0.6516533493995667,-0.10176095366477966,0.29321107268333435,0.9035765018015611,0.0964500215702504,-0.692025899887085,-0.6516531109809875,-0.28651344776153564,0.1192639023065567,0.9035717287691023,0.09645242829877687
p0550,250.0,1380.0,9,-0.7037460803985596,-0.6409882307052612,-0.09099927544593811,0.29228606820106506,0.9061507723383082,0.0938315954508565,-0.7037428617477417,-0.6409923434257507,-0.2824869751930237,0.11791174113750458,0.9061443581448523,0.09383908821726931
p0550,250.0,1382.0,9,-0.7155196666717529,-0.6299323439598083,-0.08008003234863281,0.2908359467983246,0.9088066750730545,0.09111708101413947,-0.7155225276947021,-0.6299287676811218,-0.2783779799938202,0.11628594994544983,0.9087999552775452,0.09115204027603495
p0550,250.0,1384.0,9,-0.7270799279212952,-0.6187260746955872,-0.0691874623298645,0.28906333446502686,0.9114871585624024,0.08846265864834497,-0.7270796298980713,-0.6187259554862976,-0.27427250146865845,0.1145729273557663,0.911481350968014,0.08848503826196032
p0550,250.0,1386.0,9,-0.7381871342658997,-0.6074827313423157,-0.05871205031871796,0.28713300824165344,0.9139723259261348,0.0860097823310019,-0.7381917238235474,-0.6074828505516052,-0.27044326066970825,0.11291328072547913,0.9139749864025407,0.08601883163612345
p0550,250.0,1388.0,9,-0.7488820552825928,-0.596186637878418,-0.048508599400520325,0.2849454879760742,0.9162797406337433,0.08366105839738458,-0.7488821744918823,-0.5961908102035522,-0.2667681872844696,0.11122633516788483,0.9162806332526136,0.08366461947380244
p0550,250.0,1390.0,9,-0.7594103813171387,-0.5846282243728638,-0.03854861855506897,0.2826257050037384,0.9185085766524312,0.08147618769222643,-0.7594162821769714,-0.5846307873725891,-0.2633439302444458,0.10958226025104523,0.9185170265420297,0.08148349533801826
p0550,250.0,1392.0,9,-0.7698460221290588,-0.5727474689483643,-0.02853955328464508,0.27998030185699463,0.9207147864301704,0.07931481547564374,-0.7698473930358887,-0.5727526545524597,-0.25992801785469055,0.10784068703651428,0.9207199195991075,0.07931443936852843
p0550,250.0,1394.0,9,-0.7798628807067871,-0.560697615146637,-0.019028276205062866,0.2774389982223511,0.9225788640682584,0.07744420966913608,-0.7798658609390259,-0.5606911182403564,-0.2569567561149597,0.10636615753173828,0.9225736641185966,0.07746036454604019
p0550,250.0,1396.0,9,-0.789821445941925,-0.5483026504516602,-0.009405732154846191,0.2746293544769287,0.9244627328297133,0.07561698033569603,-0.7898216843605042,-0.5483084321022034,-0.25395601987838745,0.1048610657453537,0.9244673971567628,0.07560515435566842
p0550,250.0,1398.0,9,-0.7996280789375305,-0.5352339148521423,-3.427267074584961e-05,0.2720111012458801,0.9258881062261514,0.07409517671224458,-0.7996259927749634,-0.5352370142936707,-0.2514299154281616,0.10375773906707764,0.925886381005403,0.07409480210948334
p0550,250.0,1400.0,9,-0.8092078566551208,-0.5217571258544922,0.008959755301475525,0.26980340480804443,0.9270543906533646,0.07297615398488842,-0.809205949306488,-0.5217549204826355,-0.24943730235099792,0.10319343209266663,0.9270476236116019,0.07297528250261122
p0550,250.0,1402.0,9,-0.8187915086746216,-0.5072558522224426,0.017822742462158203,0.26817092299461365,0.9277333935961529,0.07233179787868099,-0.8187972903251648,-0.5072497725486755,-0.24805757403373718,0.1034383773803711,0.9277356230639486,0.07233399864760369
p0550,250.0,1404.0,9,-0.8286272883415222,-0.49092310667037964,0.026721104979515076,0.2676422894001007,0.9276328848139873,0.07243987735723659,-0.8286250829696655,-0.4909241199493408,-0.2476138025522232,0.10509377717971802,0.9276294498625247,0.07245154288817053
p0550,250.0,1406.0,9,-0.8388155698776245,-0.4714544415473938,0.03566274046897888,0.26978233456611633,0.9258842706353937,0.0741411972730924,-0.8388214707374573,-0.47144925594329834,-0.24893629550933838,0.1098259687423706,0.9258887649983177,0.07411543784581887
p0550,250.0,1408.0,9,-0.8498132824897766,-0.4457203447818756,0.04451891779899597,0.2779209613800049,0.9208543578619034,0.0792974904211401,-0.8498139381408691,-0.44570890069007874,-0.254111111164093,0.12122809141874313,0.9208447514678867,0.07933661900972187
p0550,250.0,1410.0,9,-0.8635191321372986,-0.3966553211212158,0.057119205594062805,0.30600592494010925,0.903014580002223,0.09695289852012594,-0.8635250926017761,-0.3966478407382965,-0.26937416195869446,0.1560351848602295,0.9030177948722197,0.0969439295114727
p0550,250.0,1412.0,9,-0.8366492390632629,-0.13548488914966583,0.15847010910511017,0.5060824751853943,0.7186056767652136,0.28130950729327514,-0.8366686105728149,-0.1354721486568451,-0.30971235036849976,0.43041321635246277,0.7186099086919832,0.28126664544506147
p0550,250.0,1414.0,9,-0.779150664806366,-0.6153984665870667,0.09507517516613007,0.0614263117313385,0.9858946585289099,0.013163522719358563,-0.7791399955749512,-0.6154084205627441,-0.08091113716363907,-0.07709574699401855,0.98587983830741,0.012940496937636674
p0550,250.0,1416.0,9,-0.8400105834007263,-0.516765296459198,0.07822280377149582,0.14429309964179993,0.9726876321599641,0.02713599103762673,-0.8400110602378845,-0.5167644023895264,-0.16390743851661682,-0.004595726728439331,0.9726850684210966,0.02711972428639114
p0550,250.0,1418.0,9,-0.857775092124939,-0.4809037148952484,0.08224906772375107,0.16149339079856873,0.9670578189867023,0.033007925947856134,-0.8577743768692017,-0.48090672492980957,-0.18063566088676453,0.014107078313827515,0.9670584298757482,0.0330128195292548
p0550,250.0,1420.0,9,-0.8686565160751343,-0.45822247862815857,0.08796606212854385,0.165992870926857,0.9645389981083229,0.0354401273137529,-0.8686510920524597,-0.45822495222091675,-0.18662147223949432,0.021160662174224854,0.9645313033297783,0.035439217617905215
simple,227.2,1263.0,9,0.0982198640704155,0.027287261560559273,0.054566025733947754,0.9930101633071899,0.010392041793113024,0.9890467483565081,0.09818319231271744,0.02728459984064102,-0.5618362426757812,0.8206470608711243,0.010384664561935038,0.989121662327671
simple,227.2,1267.0,9,0.24639259278774261,0.015123801305890083,0.268352210521698,0.930740475654602,0.06093810345507237,0.9382907487260336,0.24634981155395508,0.015128563158214092,-0.38239794969558716,0.8900442123413086,0.0609171536775731,0.9384068974548669
simple,227.2,1271.0,9,0.4645884037017822,-0.11937547475099564,0.5064219236373901,0.7160312533378601,0.23009302242675556,0.7691641209764635,0.46453583240509033,-0.1193356141448021,-0.09968531131744385,0.871375322341919,0.23003468066405072,0.7692322590331673
simple,227.2,1275.0,9,0.5920280814170837,-0.49748000502586365,0.5641348361968994,0.2873058021068573,0.5979846712480957,0.40079382380239215,0.5920325517654419,-0.49745866656303406,0.18455645442008972,0.6056725382804871,0.5979686636353226,0.4009011760668643
simple,227.2,1279.0,9,0.35564419627189636,-0.8995974659919739,0.2491575926542282,-0.03513646498322487,0.9357589611972615,0.06331468990998838,0.3556235730648041,-0.8995442390441895,0.15719836950302124,0.19664821028709412,0.9356485087103079,0.06338231247085808
simple,227.2,1283.0,9,-0.011942995712161064,-0.9958339333534241,-0.0841357409954071,-0.008289992809295654,0.9918305000137045,0.0071506893341086245,-0.011933236382901669,-0.9958691596984863,-0.0842059850692749,0.011078983545303345,0.9919004718075999,0.0072161163905573675
simple,227.2,1287.0,9,-0.26161473989486694,-0.9247434735298157,-0.23917323350906372,0.1376182734966278,0.9235928567201334,0.07614284067299962,-0.26161375641822815,-0.9247018694877625,-0.2758511006832123,0.008148550987243652,0.9235154030159972,0.07616044965269919
simple,227.2,1291.0,9,-0.4043547809123993,-0.829759418964386,-0.2798132300376892,0.263614296913147,0.8520034898863321,0.14778801017091564,-0.4043639600276947,-0.8297600746154785,-0.38007456064224243,0.05792468786239624,0.8520120036782022,0.1478120065873755
simple,227.2,1295.0,9,-0.492899090051651,-0.746417760848999,-0.27271804213523865,0.3539845943450928,0.8000891102550045,0.19968032048094658,-0.4929178059101105,-0.7464325428009033,-0.43263134360313416,0.11191228032112122,0.8001296287154722,0.1996943153794818
simple,227.2,1299.0,9,-0.5541597008705139,-0.6776493191719055,-0.24597233533859253,0.4158879816532135,0.766301637622794,0.23346523678012754,-0.5541411638259888,-0.6776385307312012,-0.4563887119293213,0.15869221091270447,0.7662664732410237,0.2334738864762162
simple,227.2,1303.0,9,-0.6008037328720093,-0.6214269399642944,-0.21130836009979248,0.4561276435852051,0.7471365797894801,0.25270366994597154,-0.6008342504501343,-0.6214486360549927,-0.4629944860935211,0.19583448767662048,0.7472002136676411,0.2527150444566794
simple,227.2,1307.0,9,-0.6394439935684204,-0.5730196237564087,-0.1739245057106018,0.4820520877838135,0.7372401158587523,0.26262396831299084,-0.6394346952438354,-0.5730123519897461,-0.46024090051651,0.22547659277915955,0.7372198928548638,0.2626613906701991
simple,227.2,1311.0,9,-0.6725836992263794,-0.5307379364967346,-0.13664594292640686,0.49710869789123535,0.7340515977936368,0.2657891751192354,-0.6725748181343079,-0.5307562947273254,-0.4516957700252533,0.24855370819568634,0.7340591368348822,0.265808015874967
simple,227.2,1315.0,9,-0.7025849223136902,-0.49227607250213623,-0.10008254647254944,0.503969669342041,0.7359613659240194,0.2640020118926015,-0.7025940418243408,-0.49227267503738403,-0.43949633836746216,0.2661632001399994,0.7359708322065718,0.26399989487718495
simple,227.2,1319.0,9,-0.7297384142875671,-0.456392377614975,-0.06524893641471863,0.5048608183860779,0.7408121594307832,0.2591418719007286,-0.7297367453575134,-0.45638328790664673,-0.4254109263420105,0.27960675954818726,0.740801427278519,0.2591543962905652
simple,227.2,1323.0,9,-0.7549221515655518,-0.42248162627220154,-0.03206506371498108,0.5005174279212952,0.748398184268262,0.2515458659677835,-0.7549316883087158,-0.4224834442138672,-0.4098190665245056,0.2891268730163574,0.748414119940152,0.25154601668502136
simple,227.2,1327.0,9,-0.7783670425415039,-0.38962748646736145,-0.0007872432470321655,0.4922516345977783,0.7576648314834156,0.24231229327212392,-0.7783789038658142,-0.38962018489837646,-0.3936172127723694,0.29560357332229614,0.7576776069187039,0.24231598360574041
simple,227.2,1331.0,9,-0.7998407483100891,-0.3579462170600891,0.02810940146446228,0.4809364974498749,0.7678707694925159,0.23209008576446166,-0.7998338341712952,-0.35794344544410706,-0.37735599279403687,0.2994897961616516,0.7678577239640183,0.23209168983766262
simple,227.2,1335.0,9,-0.8198492527008057,-0.32693037390708923,0.054945752024650574,0.466839998960495,0.7790362863840005,0.22095862459861376,-0.819851815700531,-0.32693034410476685,-0.3610997796058655,0.3009354770183563,0.7790404698837379,0.22095521685838304
simple,227.2,1339.0,9,-0.8385255932807922,-0.29596054553985596,0.07999887317419052,0.45042067766189575,0.7907178954552715,0.20927870060982046,-0.8385232090950012,-0.2959604561328888,-0.3449940085411072,0.3004215359687805,0.7907138449773538,0.2092739924402599
simple,227.2,1343.0,9,-0.8554596304893494,-0.265754371881485,0.1025327742099762,0.43247735500335693,0.8024365662788341,0.19754963313118354,-0.8554598093032837,-0.26575353741645813,-0.32957932353019714,0.29822874069213867,0.8024364287353971,0.19756291265355172
simple,227.2,1347.0,9,-0.8710665702819824,-0.23558087646961212,0.12324141710996628,0.41295504570007324,0.8142553224445975,0.18572031905170025,-0.8710650205612183,-0.2355809211730957,-0.314614474773407,0.2945314645767212,0.8142526437570511,0.18573105202517295
simple,227.2,1351.0,9,-0.8851576447486877,-0.20593106746673584,0.1417284458875656,0.39238789677619934,0.8259116664359452,0.17405522546828067,-0.8851642608642578,-0.20593148469924927,-0.3004223108291626,0.28951358795166016,0.8259235506330961,0.17407168828293978
simple,227.2,1355.0,9,-0.8979809284210205,-0.1761786937713623,0.15847934782505035,0.3707369267940521,0.8374086816293019,0.16256157563455828,-0.8979856371879578,-0.17618003487586975,-0.28683051466941833,0.2833678126335144,0.8374176108064527,0.1625690632368799
simple,227.2,1359.0,9,-0.9093024730682373,-0.14692389965057373,0.1731598824262619,0.34865885972976685,0.8484176283938707,0.1515473523208365,-0.9092994332313538,-0.14692193269729614,-0.27413302659988403,0.2763933539390564,0.8484115217264694,0.15154220537950946
simple,227.2,1363.0,9,-0.9193592071533203,-0.11789365857839584,0.18599626421928406,0.32594865560531616,0.859120271472502,0.1408371476213463,-0.9193628430366516,-0.11789372563362122,-0.2622404396533966,0.26846709847450256,0.8591269731465703,0.14084463813950046
simple,227.2,1367.0,9,-0.9280830025672913,-0.08912848681211472,0.1971265822649002,0.30305716395378113,0.8692819478613818,0.1307025377375771,-0.9280818700790405,-0.08912716805934906,-0.25115638971328735,0.2600172162055969,0.8692796107413515,0.13068848886260273
simple,227.2,1371.0,9,-0.9355932474136353,-0.06068466603755951,0.20649681985378265,0.27985113859176636,0.8790173618180682,0.1209576009872115,-0.9355928301811218,-0.060684241354465485,-0.24092403054237366,0.2508312463760376,0.8790165299489149,0.12096070374374815
simple,227.2,1375.0,9,-0.9418841004371643,-0.03266897797584534,0.21426336467266083,0.2567042410373688,0.8882129273578473,0.11180586190478248,-0.9418860673904419,-0.03266516327857971,-0.23153337836265564,0.2412414699792862,0.8882163840313216,0.11180515376277794
simple,227.2,1379.0,9,-0.9469456672668457,-0.005121423862874508,0.22044990956783295,0.23372909426689148,0.8967323373470064,0.10322745607544574,-0.9469465017318726,-0.005122015718370676,-0.2229924499988556,0.23132729530334473,0.8967339238851083,0.1032379506633661
simple,227.2,1383.0,9,-0.9509414434432983,0.022103451192378998,0.22524389624595642,0.21087530255317688,0.9047781929283011,0.09520320939160962,-0.9509462714195251,0.022103453055024147,-0.21522444486618042,0.22110992670059204,0.9047873752622715,0.09521116349405297
simple,227.2,1387.0,9,-0.9538758993148804,0.04886487126350403,0.22867238521575928,0.18831230700016022,0.9122670099923147,0.0877525854886456,-0.9538746476173401,0.04886603355407715,-0.20823444426059723,0.2106938362121582,0.912264735602558,0.08775347832572407
simple,227.2,1391.0,9,-0.9557870030403137,0.07513942569494247,0.23077669739723206,0.16598254442214966,0.9191747458781108,0.0808081006370184,-0.9557859301567078,0.07513973116874695,-0.20200859010219574,0.20000584423542023,0.9191727407668727,0.08080981107160196
simple,227.2,1395.0,9,-0.9567083716392517,0.10081062465906143,0.231700599193573,0.1442422717809677,0.9254536921618679,0.0744910023552524,-0.956708550453186,0.10081009566783905,-0.19651927053928375,0.18936967849731445,0.9254539276021974,0.07448069975991474
simple,227.2,1399.0,9,-0.956774115562439,0.12579910457134247,0.23146715760231018,0.12312508374452591,0.9312421273770632,0.06873683321783772,-0.9567738175392151,0.12580037117004395,-0.19180944561958313,0.17877547442913055,0.9312418760822716,0.06875153392068252
simple,227.2,1403.0,9,-0.9560003280639648,0.15037722885608673,0.23022477328777313,0.10228104889392853,0.9365499423945104,0.06346486307322552,-0.9560026526451111,0.15037928521633148,-0.1877017766237259,0.16802209615707397,0.9365550055540042,0.06346338323808826
simple,227.2,1407.0,9,-0.9543752074241638,0.17451035976409912,0.22803521156311035,0.08210476487874985,0.9412859055707251,0.058741250337682314,-0.954374372959137,0.1745094209909439,-0.18423275649547577,0.1574869453907013,0.9412839850841389,0.05874384661414271
simple,227.2,1411.0,9,-0.9520258903503418,0.1977868229150772,0.22493009269237518,0.06258451193571091,0.945472923404455,0.054510367989977555,-0.9520267844200134,0.19778713583946228,-0.18140147626399994,0.14699961245059967,0.9454747495580863,0.054515382073298396
simple,227.2,1415.0,9,-0.9489721059799194,0.2206575572490692,0.22100090980529785,0.04354871064424515,0.9492378381498991,0.050737899086885044,-0.9489690661430359,0.22065608203411102,-0.17912469804286957,0.13658541440963745,0.9492314181841481,0.050741233792374676
simple,227.2,1419.0,9,-0.9452798366546631,0.24282920360565186,0.2163664698600769,0.025291191413998604,0.952519994370603,0.04745409403783968,-0.9452804923057556,0.24282999336719513,-0.17738424241542816,0.1264408677816391,0.9525216173564468,0.04745246410009559
simple,235.0,1262.0,9,0.049385737627744675,0.03904270753264427,-0.3744133412837982,0.9249281883239746,0.003963284258155746,0.9956775071961045,0.049366727471351624,0.03904394805431366,-0.8149929046630859,0.5757973790168762,0.003961504201580249,0.9957560604747334
simple,235.0,1266.0,9,0.09859438985586166,0.061507612466812134,-0.25391972064971924,0.9599857330322266,0.01350404281722732,0.9860478551141826,0.09859061241149902,0.06149508059024811,-0.7516136169433594,0.6490148901939392,0.01350175676856002,0.9861433652337042
simple,235.0,1270.0,9,0.188633531332016,0.08157509565353394,-0.0882796049118042,0.9743363857269287,0.04223712736633312,0.9571246953228637,0.18862134218215942,0.08156871795654297,-0.6509859561920166,0.7304126024246216,0.04223148781857453,0.9572852904796579
simple,235.0,1274.0,9,0.34392717480659485,0.06900247186422348,0.13652926683425903,0.9260832071304321,0.12304726616972206,0.8762703820785489,0.34389498829841614,0.06899315863847733,-0.4844070076942444,0.8011038303375244,0.12302384651984816,0.8764175161953469
simple,235.0,1278.0,9,0.5698472261428833,-0.06567642092704773,0.3939654231071472,0.717414379119873,0.32904089874776776,0.6698942681507635,0.5698747038841248,-0.06568566709756851,-0.22180747985839844,0.787980318069458,0.32907343169296077,0.6701127650538431
simple,235.0,1282.0,9,0.7098331451416016,-0.4448181688785553,0.47141027450561523,0.2744005620479584,0.7017264903737234,0.2975234409003699,0.7099133133888245,-0.44490209221839905,0.04084441065788269,0.5439953804016113,0.7019149126689959,0.2975993319409233
simple,235.0,1286.0,9,0.49425703287124634,-0.8516794443130493,0.15790587663650513,-0.07229446619749069,0.9696479973892197,0.030160899034226314,0.4942373037338257,-0.851686418056488,0.015521436929702759,0.17295467853546143,0.9696403810041124,0.030154332411604205
simple,235.0,1290.0,9,0.13771173357963562,-0.9682382941246033,-0.1996358335018158,-0.06039651483297348,0.9564502959954447,0.04350254871515523,0.137710303068161,-0.9682148098945618,-0.20855653285980225,0.002286478877067566,0.9564044480189178,0.04350126678804402
simple,235.0,1294.0,9,-0.10577136278152466,-0.9169521331787109,-0.37429508566856384,0.08614974468946457,0.8519888022489365,0.14751859548495347,-0.10575312376022339,-0.9169273972511292,-0.3841986358165741,0.0017071813344955444,0.8519395794503231,0.14761151055558097
simple,235.0,1298.0,9,-0.2503906190395355,-0.8366943001747131,-0.43245574831962585,0.22350823879241943,0.7627529793328495,0.23697408981005705,-0.25038596987724304,-0.8367000222206116,-0.48417240381240845,0.050944775342941284,0.7627602299622216,0.2370184008378912
simple,235.0,1302.0,9,-0.34094709157943726,-0.7656234502792358,-0.4361388385295868,0.3273003101348877,0.7024242753979717,0.2973427183516308,-0.34096086025238037,-0.7656401991844177,-0.5350726842880249,0.1052541434764862,0.7024593229558358,0.29738134668472005
simple,235.0,1306.0,9,-0.40435463190078735,-0.7078494429588318,-0.4159716069698334,0.4029912054538727,0.6645535100036127,0.3354342943359515,-0.40435272455215454,-0.7078455090522766,-0.5584402680397034,0.15356308221817017,0.6645464001401652,0.33543716121821077
simple,235.0,1310.0,9,-0.4531482756137848,-0.6607470512390137,-0.38501307368278503,0.4578888416290283,0.641930026658446,0.3578972631393985,-0.45315077900886536,-0.6607532501220703,-0.5658448934555054,0.19427788257598877,0.6419404872771495,0.35792434078908875
simple,235.0,1314.0,9,-0.49391695857048035,-0.6215617060661316,-0.34928593039512634,0.49757832288742065,0.6302929184325591,0.3695848542066997,-0.49390459060668945,-0.6215577721595764,-0.56360924243927,0.22793328762054443,0.6302758114900676,0.3696089663228543
simple,235.0,1318.0,9,-0.529600203037262,-0.5880445241928101,-0.31190571188926697,0.5257589221000671,0.6262727497984568,0.3737076187104538,-0.5296066403388977,-0.588056743144989,-0.5553699731826782,0.25547003746032715,0.6262939394236393,0.3737007481347398
simple,235.0,1322.0,9,-0.5622476935386658,-0.5578816533088684,-0.27395379543304443,0.5454680323600769,0.6273544188284806,0.37258606843408376,-0.5622450709342957,-0.5578724145889282,-0.5433362722396851,0.2781786322593689,0.6273411606930416,0.37259765879909673
simple,235.0,1326.0,9,-0.5926794409751892,-0.5302655696868896,-0.23629137873649597,0.5582403540611267,0.6324505028243665,0.3674659233971864,-0.5926907062530518,-0.53026282787323,-0.528650164604187,0.29666030406951904,0.6324609501233586,0.3674783384852986
simple,235.0,1330.0,9,-0.6216086149215698,-0.5040905475616455,-0.19920563697814941,0.5654960870742798,0.6405045505392425,0.35946871192669333,-0.6216099858283997,-0.5040823221206665,-0.5122137069702148,0.3116414546966553,0.6404979621437629,0.35948327888382736
simple,235.0,1334.0,9,-0.648928165435791,-0.47909483313560486,-0.16341173648834229,0.5680826306343079,0.6506396240667056,0.3494212709606039,-0.6489316821098328,-0.4790908694267273,-0.4947482943534851,0.32345813512802124,0.6506403899968395,0.3494010401595605
simple,235.0,1338.0,9,-0.6749539971351624,-0.45447587966918945,-0.12887755036354065,0.5667942762374878,0.662111230630419,0.337865191184608,-0.6749489903450012,-0.4544724225997925,-0.4766722321510315,0.33263248205184937,0.6621013298845535,0.3378607937257536
simple,235.0,1342.0,9,-0.6999439001083374,-0.43015024065971375,-0.0956946611404419,0.5620316863059998,0.6749506969904009,0.3250370916446041,-0.6999419927597046,-0.4301491677761078,-0.45819228887557983,0.3392605781555176,0.674947104151006,0.32503791759512324
simple,235.0,1346.0,9,-0.7237966656684875,-0.4059293568134308,-0.0640316903591156,0.5542881488800049,0.6886602893648583,0.3113354731474675,-0.7237999439239502,-0.40592971444129944,-0.43958014249801636,0.34366732835769653,0.6886653255829547,0.3113379662913486
simple,235.0,1350.0,9,-0.7464646100997925,-0.3814018964767456,-0.03387254476547241,0.5441850423812866,0.7026768390718686,0.2972847315615728,-0.7464615106582642,-0.38140103220939636,-0.4211304187774658,0.34632423520088196,0.7026715521321208,0.2972913109498522
simple,235.0,1354.0,9,-0.7678440809249878,-0.35695916414260864,-0.005642756819725037,0.531914234161377,0.7170043871996771,0.28296460606277307,-0.767844557762146,-0.35695716738700867,-0.40305793285369873,0.3471582531929016,0.7170036932527784,0.2829745541629359
simple,235.0,1358.0,9,-0.7881032824516296,-0.332209974527359,0.020993337035179138,0.5177271366119385,0.7314702604134004,0.2684821311016035,-0.7881048917770386,-0.3322088122367859,-0.3853360116481781,0.34643468260765076,0.7314720248304397,0.26850084282614
simple,235.0,1362.0,9,-0.8073481321334839,-0.3071184754371643,0.046135082840919495,0.5017045736312866,0.7461327646861082,0.2538359254582897,-0.8073481917381287,-0.30711793899536133,-0.3679370880126953,0.34418830275535583,0.7461325315762279,0.2538432888325466
simple,235.0,1366.0,9,-0.8252049684524536,-0.2819145917892456,0.06932329386472702,0.48449209332466125,0.7604390793512903,0.23953831188255104,-0.8252052068710327,-0.28191497921943665,-0.351295530796051,0.34079116582870483,0.760439691078449,0.23954717063277395
simple,235.0,1370.0,9,-0.8419683575630188,-0.2563314139842987,0.09094606339931488,0.4659459888935089,0.7746165179519812,0.22537685266542962,-0.8419644236564636,-0.2563314139842987,-0.33519044518470764,0.33620312809944153,0.7746098934050761,0.22538517789193402
simple,235.0,1374.0,9,-0.8574300408363342,-0.2307017296552658,0.1107616126537323,0.4464458227157593,0.7884095633903999,0.2115820082536301,-0.8574330806732178,-0.2307029664516449,-0.3198179602622986,0.3305966258049011,0.7884153471524875,0.21157765771917042
simple,235.0,1378.0,9,-0.87164705991745,-0.20499809086322784,0.128771111369133,0.42618483304977417,0.8017928185479453,0.19821551999845832,-0.8716480731964111,-0.20499880611896515,-0.30526062846183777,0.3240979313850403,0.8017948779720668,0.19822352451467642
simple,235.0,1382.0,9,-0.8846979141235352,-0.1790006309747696,0.14529597759246826,0.405159592628479,0.8147316476823403,0.18526523854610036,-0.8846994042396545,-0.17900125682353973,-0.29134583473205566,0.31681859493255615,0.8147345077116308,0.185256424295549
simple,235.0,1386.0,9,-0.896571934223175,-0.1530197262763977,0.16008678078651428,0.3835301995277405,0.827256270003428,0.17272319591183558,-0.8965739011764526,-0.15301834046840668,-0.27825963497161865,0.30871379375457764,0.827259372926372,0.172732634602779
simple,235.0,1390.0,9,-0.9072343111038208,-0.12698997557163239,0.17332489788532257,0.36159321665763855,0.839200550612455,0.16079117685406644,-0.9072378277778625,-0.1269901543855667,-0.26595956087112427,0.30010244250297546,0.8392069770176227,0.16079596513787095
simple,235.0,1394.0,9,-0.9165989756584167,-0.101359061896801,0.18485134840011597,0.3397108316421509,0.8504273424707997,0.149573472042419,-0.9165974259376526,-0.10135733336210251,-0.25458353757858276,0.29112374782562256,0.850424151195886,0.14956581504953126
simple,235.0,1398.0,9,-0.925043523311615,-0.0752645954489708,0.19509239494800568,0.3170878291130066,0.8613702798211238,0.13860573501958537,-0.9250396490097046,-0.07526230812072754,-0.24382050335407257,0.28137296438217163,0.8613627676481458,0.1386191837958043
simple,235.0,1402.0,9,-0.9322752952575684,-0.049641408026218414,0.20378108322620392,0.29471611976623535,0.8716015052533557,0.12838432649392179,-0.9322752952575684,-0.04964195191860199,-0.2339428812265396,0.2714056074619293,0.8716015591307554,0.12839027639060313
simple,235.0,1406.0,9,-0.9384356141090393,-0.024074792861938477,0.21110579371452332,0.27233782410621643,0.8812409979317207,0.11873354657926348,-0.9384334087371826,-0.024074509739875793,-0.22483454644680023,0.2611481547355652,0.8812368450596957,0.11874893203485636
simple,235.0,1410.0,9,-0.9435164928436279,0.0008806238765828311,0.21703410148620605,0.25036683678627014,0.8902241528808535,0.10978735904374742,-0.9435137510299683,0.0008805757970549166,-0.2165648639202118,0.2507723569869995,0.890218978699466,0.10978711703504977
simple,235.0,1414.0,9,-0.94768887758255,0.02603910118341446,0.2218192219734192,0.22817181050777435,0.898792244807353,0.10126614394048028,-0.9476897716522217,0.026039617136120796,-0.2089264839887619,0.24000951647758484,0.8987939663323454,0.10125484439322209
simple,235.0,1418.0,9,-0.9508261680603027,0.0505436472594738,0.22528326511383057,0.20647621154785156,0.9066250623790244,0.0933849762396113,-0.9508267641067505,0.05054285004734993,-0.20210979878902435,0.22919800877571106,0.9066261152405541,0.09338009893695877
p0550,225.0,1262.0,11,0.31515952944755554,-0.8706917762756348,0.36498838663101196,-0.10290348529815674,0.8575955036640039,0.14393731048199465,0.3152262568473816,-0.8706647753715515,0.21538680791854858,0.31144189834594727,0.8576103073254158,0.14345315008088425
p0550,225.0,1270.0,11,-0.010971550829708576,-0.984961986541748,0.12052704393863678,-0.11489172279834747,0.970354712875377,0.02778994267451528,-0.010978524573147297,-0.9850029945373535,0.12235543131828308,0.1135292798280716,0.9704140918973742,0.027949018075645815
p0550,225.0,1278.0,11,-0.25651565194129944,-0.9658545255661011,0.013854697346687317,-0.04436478018760681,0.9987732131557227,0.0022982740864880913,-0.2564846873283386,-0.9658785462379456,0.03398817777633667,0.03066025674343109,0.9987670267660603,0.0022639867508730707
p0550,225.0,1286.0,11,-0.4354225993156433,-0.8989782929420471,-0.015535607933998108,0.02598818577826023,0.9978499037284143,0.0010917646429574792,-0.43543708324432373,-0.8989899158477783,-0.029989227652549744,-0.0028305426239967346,0.9978480959319823,0.0011176598622942083
p0550,225.0,1294.0,11,-0.5632857084274292,-0.8227013945579529,-0.004616200923919678,0.07034427672624588,0.994218181664525,0.005166006350052399,-0.563264787197113,-0.8226858973503113,-0.06710510700941086,-0.020394906401634216,0.9941416363207825,0.00515798034906491
p0550,225.0,1302.0,11,-0.6604956984519958,-0.7447174191474915,0.02233441174030304,0.09287869185209274,0.9909273518558772,0.009330858423017351,-0.6604864001274109,-0.7447022795677185,-0.08958643674850464,-0.0332837849855423,0.9908750165582416,0.009383717704707013
p0550,225.0,1310.0,11,-0.7362877726554871,-0.6669051051139832,0.05448611080646515,0.09928054362535477,0.9869338440873654,0.013025865238636405,-0.7362931966781616,-0.6669260859489441,-0.1042046844959259,-0.044344060122966766,0.9869594113142185,0.013070792971698615
p0550,225.0,1318.0,11,-0.7958277463912964,-0.5917782783508301,0.08685353398323059,0.09226120263338089,0.9835795311791711,0.016252017286064787,-0.795832097530365,-0.5917903184890747,-0.11329446732997894,-0.056459613144397736,0.9835957399377245,0.016262473187757656
p0550,225.0,1326.0,11,-0.8433353900909424,-0.518871545791626,0.11597848683595657,0.076454296708107,0.9804669158258106,0.019482324127958705,-0.8433458805084229,-0.518877387046814,-0.12049274891614914,-0.06897677481174469,0.9804890385882593,0.01950091800563762
p0550,225.0,1334.0,11,-0.8804342746734619,-0.4492761790752411,0.14071160554885864,0.05426603555679321,0.9770300448871841,0.02291889075257162,-0.880428671836853,-0.4492736756801605,-0.12649136781692505,-0.08205050230026245,0.977018219632719,0.022940318344441137
p0550,225.0,1342.0,11,-0.9095179438591003,-0.38212499022483826,0.16107605397701263,0.026886817067861557,0.9732518414477452,0.026838984766933194,-0.9095250368118286,-0.38212350010871887,-0.13197803497314453,-0.09623315185308456,0.973265143700001,0.026876281706802268
p0550,225.0,1350.0,11,-0.9317576289176941,-0.3171141743659973,0.17628681659698486,-0.0021313331089913845,0.9687395537474168,0.03123620149246455,-0.9317590594291687,-0.3171128034591675,-0.13838374614715576,-0.10921864956617355,0.9687431536550096,0.03125405532779996
p0550,225.0,1358.0,11,-0.9482001066207886,-0.2544325292110443,0.18688614666461945,-0.03276114538311958,0.9638228063496729,0.03614178749708523,-0.9482098817825317,-0.2544303238391876,-0.1454625427722931,-0.12193479388952255,0.9638418553856937,0.03618409125070024
p0550,225.0,1366.0,11,-0.9599176645278931,-0.19316981732845306,0.1930897980928421,-0.06234751269221306,0.9587583249901349,0.041302126673280225,-0.9599247574806213,-0.1931689828634262,-0.15387700498104095,-0.13217131793498993,0.9587727585913213,0.04128504547527248
p0550,225.0,1374.0,11,-0.968241274356842,-0.12950094044208527,0.19503279030323029,-0.08796333521604538,0.9542639742741558,0.04589054989752701,-0.9682416319847107,-0.12949620187282562,-0.16520041227340698,-0.13617011904716492,0.9542637565775921,0.04594436960838164
p0550,225.0,1382.0,11,-0.9774251580238342,-0.029968423768877983,0.19432219862937927,-0.08007902652025223,0.9562798506056343,0.04422404703327446,-0.9774346351623535,-0.029950745403766632,-0.18985404074192047,-0.09199324995279312,0.9562954396367686,0.044537748608605064
p0550,225.0,1390.0,11,-0.9496464133262634,-0.10895855724811554,0.1969524472951889,-0.21683631837368011,0.9137331448810522,0.0860303544643741,-0.949638843536377,-0.10896763205528259,-0.14233513176441193,-0.2557191252708435,0.9137216912939888,0.08593100706079887
p0550,225.0,1398.0,11,-0.9583797454833984,-0.024970807135105133,0.18465009331703186,-0.21576331555843353,0.9191255340270156,0.08079979083369751,-0.9583909511566162,-0.02495475858449936,-0.17300526797771454,-0.2250823676586151,0.9191458093829148,0.08075724892613517
p0550,225.0,1406.0,11,-0.9552142024040222,0.027041956782341003,0.17416562139987946,-0.23754429817199707,0.9131740773678326,0.08689085632817023,-0.9552164077758789,0.027043167501688004,-0.1872861683368683,-0.2273171842098236,0.9131772840111685,0.08688429168802156
p0550,225.0,1414.0,11,-0.9489337205886841,0.0712953507900238,0.162347212433815,-0.26057887077331543,0.905566842381339,0.09437263184719365,-0.9489335417747498,0.07129398733377457,-0.1994103193283081,-0.23339839279651642,0.9055647523512999,0.0943553467616401
p0550,227.2,1260.0,11,0.5063545107841492,-0.70148104429245,0.49545711278915405,0.00855534989386797,0.748881237197523,0.24606691365695627,0.5063888430595398,-0.7016403079032898,0.15959757566452026,0.4708016812801361,0.7491711731689956,0.2472947596641982
p0550,227.2,1268.0,11,0.18919336795806885,-0.953336238861084,0.1911449134349823,-0.13656286895275116,0.9447523170003269,0.055242744854813355,0.18920741975307465,-0.953301191329956,0.12438815832138062,0.19919997453689575,0.9446777521349107,0.05521236167677285
p0550,227.2,1276.0,11,-0.10082606971263885,-0.9917112588882446,0.013546362519264221,-0.08291677385568619,0.993768005668104,0.00714910769279219,-0.10081495344638824,-0.9917286038398743,0.030039042234420776,0.0776432529091835,0.9937497113243345,0.007051878979449592
p0550,227.2,1284.0,11,-0.3106217682361603,-0.9490112662315369,-0.04986467957496643,-0.0009551731636747718,0.9972179992211498,0.002641495239262873,-0.31064167618751526,-0.9490388035774231,-0.03976696729660034,0.03044106811285019,0.9972334047013633,0.00269207517914023
p0550,227.2,1292.0,11,-0.46181827783584595,-0.882860004901886,-0.054000139236450195,0.061647605150938034,0.9928184635609875,0.006902638270192039,-0.4618067145347595,-0.8828444480895996,-0.08142873644828796,0.009627565741539001,0.9927403151803769,0.00694329993318463
p0550,227.2,1300.0,11,-0.5765438079833984,-0.8101768493652344,-0.03233617544174194,0.1012130007147789,0.9888735288910108,0.011488567090340004,-0.5765412449836731,-0.8101348876953125,-0.1062762439250946,-0.00270766019821167,0.9887732714683098,0.011539822403478636
p0550,227.2,1308.0,11,-0.6659460663795471,-0.7357399463653564,0.000600770115852356,0.12130305916070938,0.98486501191982,0.014911106821181908,-0.6659482717514038,-0.7357498407363892,-0.12056008726358414,-0.012333646416664124,0.984862985067673,0.014925331085884508
p0550,227.2,1316.0,11,-0.7375502586364746,-0.6625311374664307,0.036760538816452026,0.1251174360513687,0.9829770819715938,0.017197179086570116,-0.737541139125824,-0.6625063419342041,-0.12832802534103394,-0.023154959082603455,0.982918582526769,0.017238295557128025
p0550,227.2,1324.0,11,-0.7940431833267212,-0.5920595526695251,0.07136059552431107,0.11699385941028595,0.9810720677056227,0.01896700292210999,-0.7940286993980408,-0.5920512080192566,-0.13251155614852905,-0.03497225046157837,0.9810328475738448,0.019008189506541023
p0550,227.2,1332.0,11,-0.8402413725852966,-0.5226475596427917,0.1029377207159996,0.10029701143503189,0.9791884666700711,0.02083551334840305,-0.8402383327484131,-0.5226545333862305,-0.1353786438703537,-0.04790081828832626,0.9791881331083497,0.02083651910955051
p0550,227.2,1340.0,11,-0.8772184252738953,-0.4553864896297455,0.12988564372062683,0.07762918621301651,0.976904903659587,0.02306108140399956,-0.877221405506134,-0.4553881287574768,-0.13812486827373505,-0.061463162302970886,0.9769111090251688,0.023051926249986206
p0550,227.2,1348.0,11,-0.9064648747444153,-0.39044299721717834,0.1518261432647705,0.051124703139066696,0.9741310263812437,0.025830086531499506,-0.9064608216285706,-0.3904387354850769,-0.14136916399002075,-0.07513661682605743,0.9741210051727318,0.025817769632664758
p0550,227.2,1356.0,11,-0.9293715357780457,-0.3270764648914337,0.16903363168239594,0.021877899765968323,0.970714370787106,0.02920348621537996,-0.9293686151504517,-0.3270709812641144,-0.14543916285037994,-0.08877439796924591,0.9707065255837944,0.029202464675282508
p0550,227.2,1364.0,11,-0.9468830823898315,-0.2651233971118927,0.18159480392932892,-0.008364761248230934,0.9668802496006359,0.03318104392494539,-0.9468813538551331,-0.26511693000793457,-0.1507563441991806,-0.10141707956790924,0.9668746263381361,0.03315922510996684
p0550,227.2,1372.0,11,-0.9597792029380798,-0.20348651707172394,0.18956813216209412,-0.03708696365356445,0.9625837055396049,0.037437032368402984,-0.9597774744033813,-0.20349256694316864,-0.15810325741767883,-0.11078590154647827,0.9625835254341426,0.03739753116754568
p0550,227.2,1380.0,11,-0.9702650308609009,-0.1338251531124115,0.19331678748130798,-0.056710705161094666,0.9593263827572344,0.04068275331250642,-0.9702601432800293,-0.13384394347667694,-0.17084980010986328,-0.10693326592445374,0.9593217070689076,0.0407105711236191
p0550,227.2,1388.0,11,-0.1626788228750229,0.3332306742668152,0.9012025594711304,0.139413520693779,0.1425022173012848,0.8343805970192135,-0.16276562213897705,0.33338141441345215,0.7224851846694946,0.542944073677063,0.14250903712116686,0.823038447113027
p0550,227.2,1396.0,11,-0.9603150486946106,-0.0975765511393547,0.19431081414222717,-0.17404624819755554,0.9317375791281383,0.06823030122849887,-0.9603127241134644,-0.09755826741456985,-0.15521451830863953,-0.20956575870513916,0.9317298127594238,0.06821420453876795
p0550,227.2,1404.0,11,-0.9629612565040588,-0.035548415035009384,0.1869743913412094,-0.19058875739574432,0.9285651842388133,0.07142380062130599,-0.9629644155502319,-0.035539135336875916,-0.17248445749282837,-0.2038683444261551,0.9285700934530029,0.0714631420491208
p0550,227.2,1412.0,11,-0.9600568413734436,0.013443022966384888,0.17841266095638275,-0.21472391486167908,0.9218964424966887,0.0780596922886307,-0.9600542783737183,0.013444745913147926,-0.18431326746940613,-0.20964466035366058,0.9218905204552776,0.07804818581129719
p0550,227.2,1420.0,11,-0.9543656706809998,0.05767657980322838,0.16775326430797577,-0.24016276001930237,0.9141486155297814,0.08594114772458776,-0.9543669819831848,0.057681385427713394,-0.1954478770494461,-0.21822085976600647,0.914149994996928,0.08593737042689367
p0550,235.0,1266.0,11,0.6529440879821777,-0.6224178075790405,0.4333285391330719,0.00025534897577017546,0.8142803409926147,0.1887456444469773,0.6531168818473816,-0.6225090622901917,-0.018932759761810303,0.4320673644542694,0.8147238864038336,0.1872520441045208
p0550,235.0,1274.0,11,0.3570235073566437,-0.9110531806945801,0.10841985046863556,-0.1761130392551422,0.9576642634393834,0.04287033080786079,0.35701075196266174,-0.9110156893730164,-0.03995448350906372,0.20253311097621918,0.9575376992552167,0.04268202439748212
p0550,235.0,1282.0,11,0.07375489175319672,-0.9842114448547363,-0.09798651933670044,-0.12084967643022537,0.9742603453949992,0.024274884901353076,0.07369747012853622,-0.9841542840003967,-0.11554372310638428,0.10613145679235458,0.9740500410060058,0.02471386148961991
p0550,235.0,1290.0,11,-0.13794343173503876,-0.9733161330223083,-0.18103787302970886,-0.023768408223986626,0.9665234595531634,0.0334699594328646,-0.13795550167560577,-0.9733155965805054,-0.16741035878658295,0.07325565814971924,0.9664377459496516,0.03354316709763107
p0550,235.0,1298.0,11,-0.2975284159183502,-0.9316737651824951,-0.19767975807189941,0.06254398077726364,0.9566743841003179,0.04315065438367592,-0.297516405582428,-0.9316419959068298,-0.19742515683174133,0.06393498182296753,0.9565358842713106,0.04324322676455207
p0550,235.0,1306.0,11,-0.42136648297309875,-0.8802109956741333,-0.17868363857269287,0.12508626282215118,0.9524395776802445,0.047751713234411367,-0.4213835597038269,-0.8802407383918762,-0.2095416933298111,0.06076793372631073,0.9524510713144945,0.04779872501334835
p0550,235.0,1314.0,11,-0.5220374464988708,-0.8238348364830017,-0.14333781599998474,0.16723932325839996,0.9513198442203965,0.048691845162818374,-0.5220253467559814,-0.8237992525100708,-0.21239174902439117,0.05844961106777191,0.9512086363263096,0.04873000757212881
p0550,235.0,1322.0,11,-0.6047435402870178,-0.7662400603294373,-0.10106801986694336,0.1910247802734375,0.9529077865152192,0.04688096859439703,-0.6047372221946716,-0.7662489414215088,-0.20923829078674316,0.05418315529823303,0.9528860638163967,0.0469214686733312
p0550,235.0,1330.0,11,-0.6751070618629456,-0.7073478698730469,-0.05699475109577179,0.20109525322914124,0.9561601915882599,0.04385936798656399,-0.6751007437705994,-0.707317590713501,-0.20345991849899292,0.04771070182323456,0.9560902599978727,0.04387390664095458
p0550,235.0,1338.0,11,-0.7343288660049438,-0.6485644578933716,-0.014130711555480957,0.1993645876646042,0.9599092194960291,0.04011377615427753,-0.7343215346336365,-0.6485634446144104,-0.19609732925891876,0.03868977725505829,0.9598854578579209,0.040147398119465036
p0550,235.0,1346.0,11,-0.7852185368537903,-0.5889660120010376,0.026298657059669495,0.18893294036388397,0.9634713480559662,0.03654918772621935,-0.7852099537849426,-0.5889610648155212,-0.18864862620830536,0.0277479887008667,0.9634449094792716,0.03654578226114821
p0550,235.0,1354.0,11,-0.8278422951698303,-0.530257523059845,0.062263183295726776,0.17186863720417023,0.9665102991356518,0.03356727853572402,-0.8278513550758362,-0.5302668213844299,-0.1820327341556549,0.015412122011184692,0.9665312495578879,0.0335474735520287
p0550,235.0,1362.0,11,-0.8642069697380066,-0.4709153473377228,0.09393072873353958,0.1501287817955017,0.9686217503697054,0.031509148982717006,-0.8642037510871887,-0.47090789675712585,-0.17699933052062988,0.0024958401918411255,0.9686072612996284,0.031498319297609885
p0550,235.0,1370.0,11,-0.8941188454627991,-0.4125615656375885,0.12086109071969986,0.12474634498357773,0.9696572709350588,0.03031829268246424,-0.8941223621368408,-0.4125673770904541,-0.17327386140823364,-0.010946802794933319,0.9696676319458016,0.030299678796264308
p0550,235.0,1378.0,11,-0.9194517731666565,-0.3523836135864258,0.14318406581878662,0.09864809364080429,0.9695661840742917,0.030361144082354158,-0.9194623827934265,-0.35237088799476624,-0.17241784930229187,-0.022310994565486908,0.9695765145891153,0.030356635358472557
p0550,235.0,1386.0,11,-0.9407704472541809,-0.2885579764842987,0.16079597175121307,0.07605086266994476,0.9683164166514542,0.0317539470926116,-0.9407992959022522,-0.2885488271713257,-0.17595931887626648,-0.027278371155261993,0.9683651070529553,0.03181150037066237
