tag,lam_nm,f_ED,f_MD,f_EQ,f_MQ,C_total_exact,px_given_ED,py_given_ED,pz_given_ED,mx_given_MD,my_given_MD,mz_given_MD,Qxx_given_EQ,Qyy_given_EQ,Qzz_given_EQ,Qxy_given_EQ,Qxz_given_EQ,Qyz_given_EQ,Cpx_total_fraction,Cmy_total_fraction,CQxz_total_fraction,ED_EQ_balance,CT_diag_over_CED,class,px_re,px_im,py_re,py_im,pz_re,pz_im,mx_re,mx_im,my_re,my_im,mz_re,mz_im,Qxx_re,Qxx_im,Qyy_re,Qyy_im,Qzz_re,Qzz_im,Qxy_re,Qxy_im,Qxz_re,Qxz_im,Qyz_re,Qyz_im,Qmxx_re,Qmxx_im,Qmyy_re,Qmyy_im,Qmzz_re,Qmzz_im,Qmxy_re,Qmxy_im,Qmxz_re,Qmxz_im,Qmyz_re,Qmyz_im,Tx_re,Tx_im,Ty_re,Ty_im,Tz_re,Tz_im,txx_re,txx_im,rxx_re,rxx_im,tyx_re,tyx_im,ryx_re,ryx_im,tbg_re,tbg_im,rbg_re,rbg_im,E_up_re,E_up_im,E_dn_re,E_dn_im,I0_re,I0_im,I1_re,I1_im,I2_re,I2_im,T,R,en_res,U_proxy,even_px_re,even_px_im,odd_Q_re,odd_Q_im,odd_m_re,odd_m_im
th2,1300.0,0.4275549008987112,0.1834171649042221,0.3882875845304508,0.0007403496666156,2.278651140768363e-12,0.9913415355286016,0.0006994001743585,0.0079590642970397,0.0006861080084113,0.3971898185986193,0.6021240733929693,0.0003776896755383,0.0003778948366773,3.460862498545799e-05,0.2647525272751497,0.7342864210857135,0.0001708585019355,0.4238529319797075,0.072851430456181,0.2851143007968812,0.9081584229634104,0.0165623659384874,mixed_higher_order,-1.0646869814224308e-30,1.2173275591651022e-30,2.981514600499456e-32,-3.092371827217688e-32,1.3828844012902615e-31,-4.329680567589444e-32,-5.4549120959541094e-24,-6.3273775605259174e-24,1.9585784363033936e-22,-4.5192420319720987e-23,1.892285230558564e-22,1.595035640277518e-22,-6.6853464911824e-38,-1.3389095756199507e-38,5.980178246206155e-38,3.278605832105134e-38,7.051672176021153e-39,-1.939694248292328e-38,7.845619800675191e-37,-1.0068598569851784e-36,-6.168024390541434e-37,-2.0343060595761003e-36,1.879514237830144e-38,-2.642379526887919e-38,1.7444110079319487e-29,-7.530435293453155e-30,-6.088449849228361e-30,5.56852183911373e-30,-1.1355662829497226e-29,1.96191507896824e-30,5.6941400886452585e-30,2.165783250449196e-30,7.770605470879855e-30,1.6669611831813388e-29,1.5906079178957113e-29,1.2053265445634093e-29,3.742011835951451e-38,2.1686274966792214e-38,-4.0093221781137925e-39,-9.50729422539035e-39,-1.076849837328412e-38,1.0151520142755052e-38,0.2003292590379715,-0.9121915102005004,-0.3020689189434051,-0.1929666399955749,0.0126593457534909,-0.0152649031952023,0.0128754172474145,-0.0033451099880039,0.3483501374721527,0.918523907661438,0.1869918406009674,0.0,-1.3127182902516148,-1.889398666618053,-0.6053725032153103,0.1280959884304431,1.5593128049697965e-15,1.4317101550786882e-15,-3.470401459946488e-22,1.2171041775768004e-22,1.61417367385918e-30,1.4700995335979975e-30,0.8726184396130379,0.1286587220729461,0.0012771616859841,40.57639694213867,-1.0983477524442706,-0.96062604045868,-0.4482948601690716,-1.47854303546084,0.1360120259254706,0.5894577435130598
th2,1345.0,0.5015630151262543,0.0338414649628413,0.4642491687571676,0.0003463511537367,1.3204005231712141e-12,0.9911157568819384,0.0002957750759735,0.0085884680420878,0.0008086412504097,0.8564252199770674,0.1427661387725227,0.0001745167163286,7.886683927004242e-05,1.915705319266976e-05,0.1388869801381035,0.8608139984479113,2.6480805193719534e-05,0.4971070073608447,0.0289826840751476,0.3996321832339766,0.9256048686929318,0.0001943177371772,clean_balanced_ED_EQ,-4.235143422347854e-31,1.3628354235523131e-30,2.0369213419650074e-32,-1.3888685683543922e-32,1.0983310293078216e-31,-7.473612209264836e-32,-2.6139040479384152e-24,1.8011811093593182e-24,7.930686524212101e-23,-6.62013658067115e-23,3.965585612462374e-23,1.4369044747852238e-23,-4.243603733609359e-38,-4.94542313332283e-39,2.828115709895093e-38,5.004627398959167e-39,1.415487790228202e-38,-5.920493620268745e-41,2.0621463887543117e-37,-8.269139206730577e-37,-1.3925452549069136e-36,-1.6007669177777044e-36,-9.701226905137051e-39,-6.660921955155332e-39,8.428172264485205e-30,-8.867718800286392e-30,4.468374015181108e-31,1.5975348602101775e-30,-8.875007804473999e-30,7.270183381617419e-30,2.7445181956120422e-30,-1.2217227135763908e-30,1.0014953255992913e-29,5.396579070101491e-30,8.152027048936316e-30,1.9288930352555605e-30,8.796872492793006e-40,-4.186150895127524e-39,-6.2598909208063e-39,-2.7649012154959187e-39,-1.4497200299454378e-39,1.1362175522118575e-38,-0.4455145299434662,-0.8104201555252075,-0.2951296865940094,0.240509808063507,0.0031408695504069,-0.0097916070371866,0.0073965396732091,-0.0103006483986973,0.3851882219314575,0.9036946296691896,0.1869918406009674,0.0,-2.0055919898734995,-1.3254763736827222,-0.3427080855465073,0.5631884589230617,1.920947467071688e-15,6.230084303255643e-16,-3.3554245644654533e-22,2.954428789729746e-22,3.2421524219185155e-30,1.0002518650070582e-30,0.8553697655021526,0.1451073118403941,0.0004770773425466,18.319583892822266,-1.188493724605754,-0.3693359662713925,-0.9455165410666112,-1.0868958073841637,0.1925749199736792,0.230697857079808
th2,1405.0,0.3257712721348722,0.0338237514930116,0.6402639667750896,0.0001410095970265,1.2478192418597905e-12,0.9842747479876676,0.0062223607034524,0.0095028913088801,0.0006713296245473,0.058852818008509,0.9404758523669436,3.696370117833541e-05,2.305407943414857e-07,3.84518624463712e-05,0.5695772018915506,0.4303353080546079,1.1843949422437233e-05,0.3206484367821732,0.0019906230909832,0.2755281913784234,0.508807755925625,0.0114820899936915,EQ_dominated_with_ED,-1.6902390523445555e-31,1.2040514480497582e-30,9.419702127239077e-32,2.1735999635808752e-32,7.03269227725633e-32,-9.657522675559948e-32,-2.2231614772530483e-24,2.113379111192136e-24,1.0250166096342669e-23,-2.6828493169471393e-23,-1.147922172993757e-22,-1.9243148307286814e-24,-2.555054712992714e-38,1.3686416566099954e-39,-5.402001163622729e-40,-1.9471872974011737e-39,2.6090752055374807e-38,5.785424686086823e-40,1.1626269075572653e-37,-2.242917393966826e-36,-1.7556456405257418e-36,-8.53681904717839e-37,-1.0220117625086836e-38,6.630403385466878e-40,7.5692054747532495e-31,-6.387800637742378e-30,3.573998876804898e-30,-3.1748826123134416e-30,-4.3309211975549584e-30,9.562685466649236e-30,1.0361255361150536e-30,-1.963088722845561e-30,8.4383681065096e-30,7.97840801510925e-31,-3.3603742427216394e-30,1.3143046853204284e-31,-2.8997466850493563e-38,-4.632012028297093e-39,-6.149584102313211e-39,2.5139644485984897e-39,3.3638211007677365e-39,8.461259384331815e-39,-0.8338235020637512,-0.4820782244205475,0.0310655832290649,0.2683492302894592,-0.0016895635053515,-0.0008946438902057,0.0047973091714084,-0.008163409307599,0.4297611713409424,0.883368194103241,0.1869918406009674,0.0,-2.1872972857868724,-0.6993428327891476,0.0213006645594228,0.3903563697558443,1.777965187563436e-15,2.530021647011133e-16,-2.0176993322655365e-22,4.0895288539343363e-22,3.89849000204354e-30,4.914837369768037e-31,0.927664702066855,0.0730660352851166,0.0007307373519715,19.77417755126953,-1.0051814929504816,-0.1411066791897331,-1.0924173667603403,-0.5311874542766762,0.0747093602921901,0.0285436586806841
th4,1330.0,0.4994436433589582,0.0543159767705746,0.4457880943888549,0.0004522854816123,1.5322897806233014e-12,0.9671140261456777,0.0009845178400034,0.0319014560143189,0.000494237569036,0.7632674146315577,0.2362383477994062,0.0007671918497624,0.0004979647755549,2.9239616069041595e-05,0.1575233867993206,0.8411420572301231,4.01597291697698e-05,0.483018952761748,0.0414576151628642,0.3749711148029377,0.8925693625626142,0.0008620021644984,clean_balanced_ED_EQ,-6.419390406417091e-31,1.3355538194975572e-30,4.6721871811808006e-32,-7.236782624348988e-33,2.387336273505787e-31,-1.2424614227319076e-31,-2.6398462872716464e-24,1.9998274582167776e-24,1.141984189683811e-22,-6.242689987906308e-23,6.413935343862488e-23,3.3596641369962124e-23,-8.595148425629496e-38,-3.1175471054110873e-38,6.871538754399116e-38,2.653636923690238e-38,1.7236103223085954e-38,4.6390677216587853e-39,3.5237120797882538e-37,-8.567654992022206e-37,-1.0794582740249352e-36,-1.848633604940337e-36,-1.2860857368315814e-38,-7.307186267551443e-39,1.151545107372046e-29,-8.384199747098176e-30,-1.2974568131842211e-30,3.058840682268581e-30,-1.0217994260536239e-29,5.3253590648295966e-30,3.7512195905055186e-30,8.818150299866678e-32,9.226806109023639e-30,1.0382244566473479e-29,1.001562634439432e-29,4.015248116348813e-30,9.281441458673811e-39,-1.2441274397206389e-39,-6.055200314333669e-39,-5.0024504009482004e-39,-3.9155329767830806e-41,1.9040324885253107e-38,-0.2922434210777282,-0.8690412640571594,-0.3709925711154938,0.1536379605531692,0.0057206144556403,-0.0116893900558352,0.0088317124173045,-0.0106849232688546,0.373252123594284,0.9086896181106568,0.1869918406009674,0.0,-1.765316805708106,-1.6193617691217206,-0.5067581502036193,0.4852092130499378,1.8559926460741106e-15,9.260183603035297e-16,-3.699486044545722e-22,2.212484709440101e-22,2.8262440329363262e-30,1.3705744340502109e-30,0.8408083030669075,0.1614322774753051,0.0022405805422125,21.21842384338379,-1.17783787772866,-0.566132271288814,-0.7495609611149864,-1.2836657191962315,0.1836433423071716,0.3359413872253136
th4,1375.0,0.5155975997019726,0.0107766934772974,0.4733964463665049,0.0002292604542249,1.0587898534910193e-12,0.9646354585009,0.0018009685694057,0.0335635729296943,0.0026364062067729,0.9871750150664924,0.0101885787267347,0.0005389435957649,0.0001494340574324,0.0001209531146584,0.1541526006197634,0.8449899758534496,4.8092758931343246e-05,0.4973637269904757,0.010638482545818,0.4000152517843418,0.9181509895316406,0.0015011422090812,clean_balanced_ED_EQ,-3.564020977273481e-31,1.287521927966661e-30,5.771291873580934e-32,1.1440211601816068e-33,1.758923844890003e-31,-1.76522041557864e-31,-1.570431201692216e-24,2.5878122377832398e-24,3.762794975368481e-23,-4.489028585521767e-23,2.7432459083936973e-24,5.280697576330375e-24,-7.026093554062209e-38,-1.8020072404688854e-38,3.720841801881361e-38,8.62274832090004e-39,3.305252372760341e-38,9.397323937303731e-39,1.759283793636726e-37,-8.494057757266032e-37,-1.5447606291911875e-36,-1.3184202431532963e-36,-1.512739018095977e-38,2.4309925103780316e-39,4.9388216252423185e-30,-7.486107674709256e-30,2.4764822650771373e-30,-7.793552281297732e-31,-7.415303280343396e-30,8.265463512815089e-30,1.8638680592761872e-30,-1.6197194484137495e-30,7.957280835194807e-30,4.141853745049685e-30,4.4277161787064414e-30,1.0199432054084651e-30,-1.0013813649234955e-38,-5.721156001576834e-39,-5.419394451832143e-39,-6.654950792703059e-40,6.294202807351541e-39,1.4815066983259002e-38,-0.6745204329490662,-0.6684088706970215,-0.1184604167938232,0.294026106595993,-9.750797471497208e-05,-0.005616090260446,0.0060059046372771,-0.0094022769480943,0.4080877304077148,0.8935874104499817,0.1869918406009674,0.0,-2.075249229123384,-1.1381674383489542,-0.1604616048860528,0.498238830597779,1.8328211707057385e-15,5.240016485465222e-16,-2.9686511437471844e-22,3.473752066483214e-22,3.6192542562320526e-30,9.762470531854291e-31,0.9017797828698818,0.1006086954092853,0.0023884782791672,15.666199684143066,-1.0983169853312065,-0.3040278142367723,-1.0035989023622387,-0.8565502537267491,0.1277334768562019,0.1070687957860259
th6,1300.0,0.4451987217676635,0.1764806073777755,0.3773168179906943,0.0010038528638666,2.2934752353635158e-12,0.936688504549231,0.0013708504079768,0.061940645042792,0.000327300158025,0.3932776042660225,0.6063950955759524,0.0026798116920107,0.0035213391583062,6.890455035770009e-05,0.2657415878498992,0.7279106169672224,7.773978220375965e-05,0.4170125249197819,0.0694058704689441,0.2746529177757154,0.8475244863519737,0.0153126990969995,mixed_higher_order,-1.2157815196054756e-30,1.05444340777978e-30,6.14967058204251e-32,-2.9331246836229746e-33,4.08726325923956e-31,-6.489054432049465e-32,-3.9060475707902744e-24,-4.121343981218991e-24,1.959268454652336e-22,-1.883780485669246e-23,1.6113734115261832e-22,1.8376990460670647e-22,-1.3697669718063586e-37,-1.1617852102408321e-37,1.4856417149745286e-37,1.4254547745827372e-37,-1.1587455126063791e-38,-2.6366958301665395e-38,8.98627137547608e-37,-8.899394575825505e-37,-3.329004133543083e-37,-2.0665280123634957e-36,6.487455468722166e-39,-2.063578917550548e-38,1.862053629684805e-29,-5.466773285983928e-30,-7.293860744519845e-30,5.252860034539735e-30,-1.1326675552328205e-29,2.1391357636995585e-31,5.433865129632749e-30,5.54195720843366e-30,-4.349135236903962e-30,2.6299018165549774e-29,1.3392567850234685e-29,1.4008017536156928e-29,3.35754171217264e-38,2.617625462754969e-38,2.5499260455727013e-39,-1.446342380911248e-38,-9.466102226602615e-39,2.717427780676416e-38,0.20089091360569,-0.9147489666938782,-0.3020689189434051,-0.1929666399955749,0.0125624518841505,-0.0151480659842491,0.012812690809369,-0.003328813239932,0.3483501374721527,0.918523907661438,0.1869918406009674,0.0,-1.0362105348009414,-2.0344356332653013,-0.6162603983069065,0.0347528496410385,1.3433637907411345e-15,1.6260181599932565e-15,-3.5593355778911933e-22,7.226970864450367e-23,1.3893890190302731e-30,1.7162161477710442e-30,0.8775101103372515,0.1286570019861821,0.0061671123234336,40.6153450012207,-0.9513836586505172,-1.0969528205192345,-0.2419535572585431,-1.501962099499158,0.0566946400396558,0.5896654128365911
th6,1345.0,0.5225862661931387,0.0313001107974489,0.4457581582034111,0.0003554648060012,1.340943574694238e-12,0.9273585109822762,0.0024731554023253,0.0701683336153984,0.0010772156716403,0.850494483717829,0.1484283006105307,0.0015218393769108,0.0007595178805211,0.0001318095696834,0.1402384164412657,0.8572673603762714,8.105635534752395e-05,0.4846248216766565,0.0266205715729871,0.3821339196492266,0.8529848314817112,0.0001799007793548,clean_balanced_ED_EQ,-5.952249215993975e-31,1.2892412959362599e-30,7.298491719033226e-32,7.127242145915461e-33,3.341489556579944e-31,-2.0228087585259312e-31,-1.5539242876950215e-24,3.1928000815972983e-24,8.387816695005281e-23,-5.40311722194159e-23,3.577515018132952e-23,2.138855629144707e-23,-1.141962992308552e-37,-4.979923607636546e-38,8.153062396736571e-38,3.314875707265318e-38,3.266565327437456e-38,1.6650502257794452e-38,3.0555078064629062e-37,-7.885190909082243e-37,-1.1565523598611544e-36,-1.7418053937036498e-36,-2.0329941907374395e-38,-1.659308692967865e-40,9.32629463336192e-30,-7.765643556549438e-30,4.148053219752941e-31,1.9082777150044493e-30,-9.741096976890309e-30,5.8573667723096476e-30,3.217917386626564e-30,-2.1791636913930737e-31,7.86335001803576e-30,9.346137046641253e-30,7.556435956737523e-30,2.9390534075124472e-30,1.3588449777302551e-39,-4.009782132525661e-39,-5.7060731679696085e-39,-3.394393160526516e-39,5.986872072059671e-39,2.461146405821995e-38,-0.4467636048793793,-0.8126922845840454,-0.2951296865940094,0.240509808063507,0.003116829553619,-0.0097166625782847,0.0073605049401521,-0.0102504650130867,0.3851882219314575,0.9036946296691896,0.1869918406009674,0.0,-1.8023179236564653,-1.5635675260647712,-0.4150445433457552,0.5061364642951511,1.814052000522237e-15,8.646207888473246e-16,-3.67706903952708e-22,2.4647550600638227e-22,3.081448416346772e-30,1.4247280192209652e-30,0.8601705962253797,0.1451057487497817,0.0052763449751613,18.34500312805176,-1.1243141785446982,-0.5190803466246129,-0.7852810406017607,-1.1826587360537388,0.1571727190133475,0.2439954386304783
th6,1405.0,0.354698396704357,0.0324985575354976,0.6126677821055385,0.0001352636546066,1.2778659810009457e-12,0.8744338526198767,0.0515184834931398,0.0740476638869835,0.0005435903012515,0.0487581842431111,0.9506982254556372,0.0003216990659991,1.1189811115017864e-07,0.0003220059249439,0.5723354242843632,0.4269789485344699,4.181029211251223e-05,0.3101602855482843,0.0015845706559511,0.2615962454043685,0.5789408339465392,0.0100856440644753,EQ_dominated_with_ED,-3.16866211806415e-31,1.1678967991388908e-30,2.860702349328769e-31,6.663497513404897e-32,2.0924187841648333e-31,-2.8323691857130525e-31,-1.169725723031545e-24,2.4754879965088204e-24,1.140998116988579e-23,-2.3285287804794856e-23,-1.1360102094254592e-22,-1.4327135991156258e-23,-7.214061007333149e-38,-1.9477915064065e-38,-3.850850845293677e-40,1.3393652567010368e-39,7.252569353547557e-38,1.813854058116874e-38,3.87973316990019e-37,-2.194635266884856e-36,-1.613787708389886e-36,-1.0493698110681637e-36,-1.69985623320649e-38,8.596202475876828e-39,1.4868500802051029e-30,-6.2669745737865915e-30,4.128169397511008e-30,-2.5568697679507682e-30,-5.615019477716112e-30,8.823843455099993e-30,9.372991618437132e-31,-2.0797254252392708e-30,8.212865191612134e-30,9.472205231578788e-31,-3.3643375117549685e-30,-3.2170816745073488e-31,-2.789544947135992e-38,-8.148259883805646e-39,-7.495828526714283e-39,8.620722316915452e-39,1.342153573441846e-38,1.601035579005757e-38,-0.8361613154411316,-0.4834298193454742,0.0310655832290649,0.2683492302894592,-0.001676631742157,-0.0008877963409759,0.0047739376313984,-0.0081236381083726,0.4297611713409424,0.883368194103241,0.1869918406009674,0.0,-2.068555812881245,-0.9603930614909048,-0.0305989600228997,0.3858250425532378,1.723273222327801e-15,4.710654864684747e-16,-2.492678416639623e-22,3.773561231342412e-22,3.7961530219356566e-30,9.756310054596311e-31,0.9328737349489832,0.0730651638349314,0.0059388987839148,19.79714012145996,-0.9749984106343644,-0.2645302676767125,-1.0041489456730917,-0.6529505609238979,0.064842589001432,0.031773398109369
th8,1330.0,0.5291953892901551,0.0493926178238346,0.4209205362267697,0.0004914566592405,1.5630423517780069e-12,0.8816712435779342,0.0038032633894667,0.114525493032599,0.0008609746630329,0.753706335678963,0.2454326896580041,0.0031022399806028,0.0020811330711223,0.0001035172143005,0.1594347517733343,0.835155628329245,0.000122729631395,0.4665763569711601,0.0372275289895938,0.3515341549091506,0.7953972100765625,0.0007551906596764,clean_balanced_ED_EQ,-8.066871915911436e-31,1.2299864258593017e-30,9.382688711045972e-32,2.3014750820960067e-32,4.940820379719475e-31,-1.9216437985592384e-31,-1.852227801363605e-24,3.780579695262547e-24,1.1593388777442115e-22,-4.554887545646423e-23,5.63614163261353e-23,4.330966806577579e-23,-1.5280323356479205e-37,-9.596403831887964e-38,1.2728041086034644e-37,7.510747235563014e-38,2.55228294075051e-38,2.085654689143226e-38,4.513398210461098e-37,-7.9556525411845e-37,-8.105277017129545e-37,-1.9301587318488916e-36,-2.5179111442349845e-38,-3.167716987998189e-39,1.223774347783272e-29,-6.906997114601576e-30,-1.53330507666066e-30,3.17796070597059e-30,-1.0704438757145259e-29,3.7290364086309876e-30,4.0303513472580775e-30,1.684548477860616e-30,5.2026611544992044e-30,1.5137989556358044e-29,8.917540153012055e-30,5.1592000305965236e-30,9.112342699888135e-39,-4.896009314344875e-41,-4.666555993718634e-39,-6.34229978767439e-39,3.8963135184477656e-39,3.4430678879649956e-38,-0.2934921979904175,-0.872754693031311,-0.3709925711154938,0.1536379605531692,0.0056546120904386,-0.0115545215085148,0.0087671186774969,-0.010606775060296,0.373252123594284,0.9086896181106568,0.1869918406009674,0.0,-1.520901338201834,-1.8155538641960536,-0.5669250198130058,0.4019876576932253,1.7057723920977705e-15,1.1545743938495794e-15,-3.898064715379585e-22,1.6770501345571912e-22,2.623439605577884e-30,1.7467760184952222e-30,0.8480039060946085,0.1614294767929069,0.0094333828875154,21.261621475219727,-1.0847369685290544,-0.7114252648328737,-0.5628192749322047,-1.3402756447033526,0.1339926817343621,0.3410466750520108
th8,1375.0,0.5467756948111981,0.0089719859304424,0.4440294721236731,0.0002228471346863,1.0873838971472477e-12,0.8727869972351511,0.0073002887937402,0.1199127139711086,0.0045305055191613,0.9776346484197048,0.0178348460611339,0.0021886625428065,0.0006296861338141,0.0004721028640677,0.1563194186166801,0.840246504664591,0.0001436251780405,0.477218716835429,0.0087713243107346,0.3730942119199798,0.8120870703241421,0.0013433694189319,clean_balanced_ED_EQ,-5.1344639799634675e-31,1.222729218536165e-30,1.1808030580884238e-31,2.7701240453255054e-32,3.7660645988953455e-31,-3.159043526500966e-31,-6.4638102759418135e-25,3.6118454287870485e-24,3.907525954286139e-23,-3.712608824664105e-23,9.839184444784211e-25,7.213282965462366e-24,-1.3108836534395442e-37,-5.829210961462851e-38,7.144042754927793e-38,2.859752561379457e-38,5.96479276735807e-38,2.969458923450056e-38,2.7582978683251614e-37,-8.117449987707394e-37,-1.3371470078876562e-36,-1.4706688187213586e-36,-2.446891114166708e-38,8.751927577932331e-39,5.659627081363812e-30,-6.764480377510475e-30,2.7740873478523303e-30,-2.9030570259837304e-31,-8.433714429216142e-30,7.0547862834342e-30,1.999192874644542e-30,-1.3891881464254664e-30,6.6575828864118e-30,6.347517822672381e-30,4.0142748123335904e-30,1.4832808167610321e-30,-9.090016007286534e-39,-6.856155012953245e-39,-5.56651799434543e-39,5.901493894842796e-42,1.40369749510944e-38,2.611260516099393e-38,-0.677402675151825,-0.6712650060653687,-0.1184604167938232,0.294026106595993,-9.638295887270942e-05,-0.0055512934923172,0.0059619783423841,-0.0093335099518299,0.4080877304077148,0.8935874104499817,0.1869918406009674,0.0,-1.89380361795102,-1.3770870155396342,-0.2260991220679584,0.465248967967105,1.7381446802304517e-15,7.470447146066585e-16,-3.3422362720187607e-22,3.0254958180224485e-22,3.4575225772681864e-30,1.4295400674338152e-30,0.909501918819901,0.1006068813007405,0.0101088001206415,15.699468612670898,-1.043045745480924,-0.4379940160453068,-0.8687166438955869,-0.9554629916868844,0.1056407693439189,0.1111870567402063
th10,1300.0,0.4779461910196225,0.1638308063054633,0.3567626867566405,0.0014603159182737,2.3210491530892344e-12,0.8458219298591457,0.0028214525907025,0.1513566175501518,0.0001306034788067,0.3844854229589962,0.615383973562197,0.0075065380802747,0.0101139464633732,0.0001940669655892,0.2670307344893641,0.7150874640737881,6.724992761056003e-05,0.404257369657045,0.0629905568560694,0.2551165249489572,0.7464494820966013,0.0132403558175161,mixed_higher_order,-1.3349258646927175e-30,8.711574097106932e-31,8.661628618766873e-32,3.120213945301461e-32,6.7416077713139265e-31,-1.4114069554634452e-32,-3.0438109691921147e-24,-1.680028157721087e-24,1.8852350653360217e-22,6.5422484681708374e-24,1.287643855221418e-22,2.009307837968402e-22,-1.7812376980408588e-37,-2.339693777065435e-37,2.059209135848008e-37,2.722163361868221e-37,-2.779713308135229e-38,-3.824691873678407e-38,9.84822896113071e-37,-7.537385450175082e-37,-5.283663795934242e-38,-2.0287549633898852e-36,-6.669829498594838e-39,-1.8516155105474912e-38,1.92586008158753e-29,-3.218970649808706e-30,-8.344122837235041e-30,4.6781102247654795e-30,-1.0914479928194839e-29,-1.4591402248082991e-30,4.3302229328683744e-30,8.587443494859818e-30,-1.8531124525087945e-29,3.2424939753470686e-29,1.0385797768173384e-29,1.5057097548946318e-29,2.880722637930072e-38,2.95442170700816e-38,1.0213560631296999e-38,-1.749421358403347e-38,-1.285241600147873e-38,4.3701201745188547e-38,0.2020613402128219,-0.920078456401825,-0.3020689189434051,-0.1929666399955749,0.0123676881194114,-0.0149132162332534,0.0126875406131148,-0.0032962984405457,0.3483501374721527,0.918523907661438,0.1869918406009674,0.0,-0.7445569445638232,-2.1220397431808085,-0.6121691424942869,-0.0661603765579332,1.1030152704638553e-15,1.7800387932852785e-15,-3.5364119847494173e-22,2.280047762919603e-23,1.147216229455492e-30,1.9422199518916956e-30,0.8877485148712054,0.1286535952130378,0.0164021100842433,40.69559097290039,-0.7860117646865336,-1.2044521724050716,-0.0384019123888517,-1.474508473126099,-0.0196896838445145,0.5673841736469146
th10,1345.0,0.5612282372856671,0.0267882553084846,0.4116178017806872,0.0003657056251609,1.3804968216679584e-12,0.8225270123195463,0.0065847836540844,0.1708882040263692,0.0023292353114425,0.8360803697730858,0.1615903949154717,0.0043460071718135,0.0022057498542631,0.0003652266526054,0.1426459679753529,0.8502197270706453,0.0002173212753194,0.4616253852439451,0.0223971344038937,0.3499655750873949,0.7334231858529463,0.0001555557446952,clean_balanced_ED_EQ,-7.498700570069112e-31,1.1895753387041951e-30,1.1931623084764732e-31,3.992210403744637e-32,5.824748455595856e-31,-2.674818399619253e-31,-9.344667897256689e-25,4.8112808219157474e-24,8.36006403607247e-23,-4.041681144153991e-23,3.0396279687361945e-23,2.725004767848162e-23,-1.72341661943403e-37,-1.1150986676247937e-37,1.2609832411734205e-37,7.405909052160908e-38,4.624331875702819e-38,3.745075308131225e-38,3.9429569670619815e-37,-7.321426248786324e-37,-8.964416521084318e-37,-1.821533698766128e-36,-3.228868123907319e-38,3.308312576922059e-39,9.898428966962487e-30,-6.495811758573741e-30,3.90428967895231e-31,2.1797951686751097e-30,-1.0288860913304621e-29,4.3160164037456994e-30,3.376128763147363e-30,7.3141283180145134e-31,4.827313353176047e-30,1.2627018428528014e-29,6.635997574427094e-30,3.686867150271277e-30,1.740780362339044e-39,-3.755777605511587e-39,-5.0190115687124445e-39,-3.8597242422323074e-39,9.621416354509064e-39,3.9158475151286995e-38,-0.4493665397167206,-0.8174272179603577,-0.2951296865940094,0.240509808063507,0.0030685074161738,-0.0095660192891955,0.0072886100970208,-0.0101503413170576,0.3851882219314575,0.9036946296691896,0.1869918406009674,0.0,-1.563212945384854,-1.7556772217426084,-0.4786257693266328,0.4333790617391117,1.670811326456942e-15,1.0815986211389577e-15,-3.8891008981154093e-22,1.926971458264358e-22,2.871120891412648e-30,1.8197898922769828e-30,0.8702184681421935,0.1451026529498223,0.0153211210920158,18.395864486694336,-1.0373980603692683,-0.6539423921778206,-0.6086699209113041,-1.2367930135302845,0.1175695415661161,0.2431881341273285
th10,1405.0,0.4072696540983687,0.0300828891260956,0.5625207972871904,0.0001266594883451,1.3362961967673758e-12,0.7148296103062812,0.1184872835790386,0.1666831061146801,0.0007285617348525,0.0314192251576197,0.9678522131075276,0.0009119253861508,1.32293841424924e-06,0.0008996221341062,0.5777486150322589,0.4203345998796059,0.0001039146294638,0.2911284081287109,0.0009451810668445,0.2364469542516681,0.7240081718977592,0.0080572467931515,mixed_higher_order,-4.549512262248507e-31,1.1092338809188024e-30,4.621747916095591e-31,1.5699956776012841e-31,3.8878007724977165e-31,-4.289716586354285e-31,-2.817823795727581e-25,3.1058259522107646e-24,1.0107849755311309e-23,-1.781140048029036e-23,-1.105828119270521e-22,-2.6292236715037305e-23,-1.122035744154633e-37,-5.106274747421684e-38,-1.0688301601372726e-39,4.572099598358503e-39,1.1327238968736817e-37,4.649065387180061e-38,6.426013329045929e-37,-2.097878354296927e-36,-1.4319127034481376e-36,-1.204998013597127e-36,-2.5550827239408767e-38,1.4594966143765707e-38,2.1122885125217197e-30,-5.961083795315123e-30,4.606185304754891e-30,-1.9002638155683593e-30,-6.71847603387003e-30,7.8613471675648e-30,7.844055300643153e-31,-2.3106339465078656e-30,8.007465892388425e-30,1.0193173298774536e-30,-3.3170542492356994e-30,-7.895396037416062e-31,-2.6115697751256816e-38,-1.1317651680392791e-38,-1.0323206053186142e-38,1.423321866114714e-38,2.114406016960492e-38,2.570012160461262e-38,-0.8410329222679138,-0.4862463772296905,0.0310655832290649,0.2683492302894592,-0.0016506378306075,-0.000874032266438,0.00472730724141,-0.0080442894250154,0.4297611713409424,0.883368194103241,0.1869918406009674,0.0,-1.9076336230378577,-1.192292495858407,-0.0831874510796666,0.3705284277201107,1.6346094580485217e-15,6.741033969637741e-16,-2.8937428507289594e-22,3.3782103379714547e-22,3.628034507813536e-30,1.433486131928308e-30,0.943775404245156,0.0730634378844152,0.0168388421295713,19.842100143432617,-0.9260246896087296,-0.3798081498403291,-0.8909806562462507,-0.7497872728866969,0.0495994436729939,0.0281473500721306
th2,1315.0,0.4732486515377497,0.0945051786139861,0.4316773635694818,0.0005688062787821,1.8117818536871253e-12,0.9914449250790468,0.0004509008355382,0.0081041740854151,0.0004159162413209,0.6229282543204746,0.3766558294382043,0.0002566388843333,0.0001979428366491,1.1940885192997175e-05,0.194124737240101,0.8053614781629428,4.726199078060746e-05,0.4691999738676041,0.058869945938255,0.3476563196137999,0.9121576198195422,0.0043767649994243,clean_balanced_ED_EQ,-7.510330386572229e-31,1.358716344446954e-30,2.3409354653272302e-32,-2.3412026777985478e-32,1.2915905396873608e-31,-5.494400443334619e-32,-4.2277650919800514e-24,-5.219393644064188e-25,1.510645155802664e-22,-6.601409721671599e-23,1.1245874143226065e-22,6.153469558818361e-23,-5.420014952593563e-38,-7.316102706333252e-39,4.552596447838231e-38,1.5311859004205603e-38,8.674177934343072e-39,-7.99576327602379e-39,4.631033565804728e-37,-9.57506203040343e-37,-9.541570748637753e-37,-1.944971765848324e-36,-1.080289667519046e-39,-1.6560716287642858e-38,1.4084794375935966e-29,-8.710835224833022e-30,-3.3501469876621224e-30,4.274189522494418e-30,-1.0734647048089947e-29,4.436647063074184e-30,4.383683832444892e-30,2.0198361365977877e-31,1.0750234954531565e-29,1.1238359382679049e-29,1.314059628550244e-29,6.0830928914883146e-30,2.1135548632170445e-38,4.396332869591431e-39,-6.36349778059802e-39,-6.410623203064072e-39,-6.51689651132606e-39,1.1806922717170816e-38,-0.0921107232570648,-0.9110007882118224,-0.4019102156162262,0.0090685319155454,0.0089958347380161,-0.0134833250194787,0.0112503618001937,-0.0096849631518125,0.3609766662120819,0.9136354327201844,0.1869918406009674,0.0,-1.6693631134638791,-1.6960823915944083,-0.5898739109285827,0.3927033996954044,1.8419124656508145e-15,1.062213219234252e-15,-3.6324365868640713e-22,1.8774773519122568e-22,2.4218981030186732e-30,1.3608115714393608e-30,0.8386695465577162,0.1618344288396719,0.0005039753973881,26.93391990661621,-1.211933556895786,-0.6698985741991519,-0.6777550324637026,-1.381548632851375,0.1964110857854323,0.4494607482302629
th2,1360.0,0.5072359621824255,0.0201020606263419,0.4723823202040302,0.0002796569872022,1.1670816244593509e-12,0.9909567890129996,0.000300176020116,0.0087430349668845,0.0014435664235019,0.9275148323876468,0.0710416011888512,0.0001543290239347,5.3397292248720447e-05,2.6208017085871025e-05,0.1360368353553834,0.863702297445068,2.693286627936989e-05,0.5026489203562157,0.0186449593924878,0.4079976952326527,0.9312871235934564,0.0005896672884556,clean_balanced_ED_EQ,-3.3570262577156052e-31,1.3379600082236711e-30,2.166717066002139e-32,-1.0340749813407744e-32,1.00059664140945e-31,-8.231902453615114e-32,-2.3836055215454453e-24,2.0473279870660967e-24,5.457974631887633e-23,-5.800599603433796e-23,2.0615860940884494e-23,7.801804550867188e-24,-3.9131794428382955e-38,-4.5045687543641824e-39,2.2958138564949447e-38,3.125372942219574e-39,1.6173657160291204e-38,1.3791968190128787e-39,1.5325044588359772e-37,-8.126227981137663e-37,-1.5318768889238665e-36,-1.4124748562757604e-36,-1.0862148798791231e-38,-4.1715874470364696e-39,6.28069124407812e-30,-8.408996283608279e-30,1.579206884341372e-30,2.626328265437696e-31,-7.859895404060016e-30,8.146362581377533e-30,2.2058290235924983e-30,-1.5329214763179476e-30,9.146583919492877e-30,3.9380297090134485e-30,6.26863867775513e-30,1.1652169156733895e-30,-5.3237781689559885e-39,-4.970477245162086e-39,-5.792592417217352e-39,-1.7869253922027034e-39,1.2877267482566763e-40,1.0690182562582636e-38,-0.5702531933784485,-0.7431391477584839,-0.2064438462257385,0.2833633422851562,0.0011763473739847,-0.0077416766434907,0.0066057774238288,-0.0097443265840411,0.3967964649200439,0.8986582159996033,0.1869918406009674,0.0,-2.0930973126612606,-1.160599896241603,-0.2252640870240875,0.5527003751631195,1.8986704521539138e-15,4.972540494291109e-16,-3.0760151846136e-22,3.353567268117004e-22,3.4869953004584625e-30,8.568613608777841e-31,0.8775058148399205,0.1230524335914406,0.000558248431361,16.663652420043945,-1.153931391299954,-0.289528682201737,-1.0173032434909488,-0.9380096161958332,0.1668741402096555,0.1570173579026544
th2,1414.0,0.0806749911348169,0.1533640984718747,0.7657580189160094,0.0002028914772989,1.1384527008591212e-11,0.9178380178955408,0.0777176660475256,0.0044443160569335,2.715275281079008e-05,0.0009858751815792,0.99898697206561,4.729042707890133e-05,7.058600549592731e-05,4.358694489157782e-06,0.9643399071028088,0.0355338747989813,3.982971145905527e-06,0.0740465739569207,0.0001511978584287,0.0272103495704774,0.1053531130487131,0.0342892191102612,EQ_dominated,-5.426392594196348e-31,1.7031537753488592e-30,-4.307355351558095e-31,-2.915796481070062e-31,7.23001431854766e-32,-1.0121414224986291e-31,1.5446572517998847e-24,3.709982033521061e-24,1.6189865641154717e-23,-1.8007436214428186e-23,7.47274387451735e-22,1.8910086722049321e-22,-8.139898695566939e-38,-5.358167051370284e-38,1.099246286582941e-37,4.573345130188747e-38,-2.8525651688763286e-38,7.848151881513647e-39,-2.3743007839388127e-36,9.549414683990223e-36,-1.687108890193958e-36,-8.494660132012367e-37,-9.941400622454377e-39,1.7352106764459454e-38,1.0806809815685357e-29,-3.4119174805158e-30,-2.8290538267757367e-30,-4.968040161342717e-30,-7.977775999553014e-30,8.379959915795268e-30,7.901547045301578e-31,-1.8016830638353536e-30,-5.0960296008489545e-30,7.210630692504328e-30,4.5021098847190977e-29,1.1611158547101168e-29,7.613238542223717e-38,1.578898099962849e-38,1.1231134401793608e-38,-1.8284168860460346e-38,1.2258856771904074e-39,7.738710758795535e-39,-0.7794195413589478,-0.6156108975410461,0.09507517516613,0.0614263117313385,0.0038592147175222,-0.0094093661755323,0.0077907009981572,-0.0170270204544067,0.4360363781452179,0.8802876472473145,0.1869918406009674,0.0,-2.221712429867148,-0.9097621245992176,-0.0838663071915857,0.1206139486130712,1.895254792418494e-15,6.478502683227605e-16,-1.9194044294107704e-22,3.982562734347365e-22,4.484867504614413e-30,1.4465020455958065e-30,0.986575028333546,0.0131630951533833,0.0002618765130706,191.5367431640625,-1.4127984700560747,-0.4501295928744836,-1.0364507659140303,-0.5218570686917199,0.0498261735678022,0.0447969964113622
th4,1332.5,0.501495235066453,0.0499457261272328,0.4481264762784875,0.0004325625278266,1.493738083373502e-12,0.9669376334051524,0.0009952860268691,0.0320670805679786,0.0005256638894938,0.7806994587307312,0.218774877379775,0.000751200268525,0.0004637136837163,3.465418239205642e-05,0.1533390010030681,0.8453710782723637,4.035258993469992e-05,0.4849146157591166,0.038992601353444,0.3788331624539398,0.8935807260842796,0.0006291065127748,clean_balanced_ED_EQ,-6.163224525438531e-31,1.3361494058787967e-30,4.670261266344345e-32,-6.89142665374051e-33,2.352942981103933e-31,-1.2822089619049236e-31,-2.471629413857969e-24,2.104023743898256e-24,1.0831238702137216e-22,-6.257768032263622e-23,5.900842935527387e-23,3.0048369827636847e-23,-8.493901712991445e-38,-2.995813614565045e-38,6.635138255193913e-38,2.459848659187442e-38,1.8587649013180023e-38,5.3596540757970717e-39,3.321195506000421e-37,-8.471374443655075e-37,-1.1168008693098138e-36,-1.8213426488813002e-36,-1.3288808384754303e-38,-6.425659041006617e-39,1.1051457782390729e-29,-8.406667605964057e-30,-9.712240952039623e-31,2.8446922755324973e-30,-1.0080234763158505e-29,5.561976227074674e-30,3.6188964412570725e-30,-6.975926019390489e-32,9.252251557398993e-30,9.808875408377249e-30,9.629683075281192e-30,3.684931337363407e-30,7.725547068520011e-39,-1.916240379137729e-39,-6.078479335436053e-39,-4.6376879190148375e-39,4.967301151102682e-40,1.8850900581854676e-38,-0.320566177368164,-0.8602278232574463,-0.3602233827114105,0.1718340367078781,0.0052552111446857,-0.0114468019455671,0.0085474997758865,-0.0106128575280308,0.3752647042274475,0.907860279083252,0.1869918406009674,0.0,-1.7934842403331115,-1.5903368452852849,-0.4855897660710571,0.4987593336890462,1.862203861494322e-15,8.914654772515399e-16,-3.6788275113053855e-22,2.3032987876957965e-22,2.8915510181663573e-30,1.343538687227339e-30,0.8429132284976377,0.1594735141207048,0.0023867426183425,20.604433059692383,-1.1761523185108942,-0.5425209773101741,-0.7725839643245234,-1.2599740587018524,0.1837415194888669,0.3180284482928364
th4,1390.0,0.4984425530352333,0.0070371400115292,0.4943329553996556,0.0001873515535817,9.887031053227917e-13,0.9625962781656396,0.0035787688806687,0.0338249529536916,0.0038209144335127,0.7944629002052663,0.2017161853612209,0.0004361922144487,7.697475364046014e-05,0.0001467897373415,0.2220727379702182,0.7772225128274072,4.479249694401217e-05,0.479798946431095,0.00559074666271,0.3842067017691189,0.9917551228109386,0.0031429431182171,mixed_higher_order,-3.0634374910320536e-31,1.2590484520391849e-30,7.857018408836547e-32,8.31540718633233e-33,1.5528081664905427e-31,-1.8678458378044754e-31,-1.477474470300915e-24,2.5047811794923882e-24,2.2882522130149666e-23,-3.5139451949908803e-23,-2.1106821515084785e-23,9.80858801903735e-25,-6.487188929683335e-38,-1.4938500137626642e-38,2.738857888023909e-38,5.647596440926066e-39,3.7483301870192955e-38,9.290918611180344e-39,1.7563806702444335e-37,-1.0474883673848983e-36,-1.628119421478675e-36,-1.1390111399367052e-36,-1.446148252151142e-38,4.2897021849585505e-39,3.339493779037175e-30,-6.888571911081485e-30,3.0345837562897832e-30,-1.911724315959301e-30,-6.374076473607084e-30,8.800297076416685e-30,1.399515079895078e-30,-1.847057081718313e-30,7.589094685630048e-30,3.0026470100591444e-30,2.4321774883489826e-30,6.0331764828283285e-31,-1.5277001426075022e-38,-5.909004722347088e-39,-5.3618334654424105e-39,7.104497777027767e-40,7.500820158725537e-39,1.3353567998535454e-38,-0.7604645490646362,-0.5854398012161255,-0.0385486185550689,0.2826257050037384,-0.0010269866324961,-0.003622850170359,0.0055677662603557,-0.0090195992961525,0.4190726280212402,0.8884886503219604,0.1869918406009674,0.0,-2.11693408610289,-0.9922891600326303,-0.0784597913251169,0.4424591766143186,1.8011733455840338e-15,4.504680113967904e-16,-2.629709643456708e-22,3.7363320841121823e-22,3.773944679362708e-30,8.81869976113849e-31,0.9210602709769572,0.0814756383139575,0.0025359092909147,15.261736869812012,-1.0624375385087683,-0.2585056184355864,-1.035049305330885,-0.7241070118093099,0.09890887095233,0.0644086433579304
th6,1315.0,0.4927912057866753,0.0897536462523032,0.4167969765660669,0.0006581713949544,1.8316905708735063e-12,0.9324942348923566,0.0018701160499062,0.0656356490577371,0.0002829467723486,0.6177032376341021,0.3820138155935491,0.0020546884364769,0.0018745683711832,4.637763333713741e-06,0.1955423664492664,0.8004687344666825,5.500451305714018e-05,0.4595249584017276,0.0554411178795136,0.3336329483613792,0.84578817899298,0.0040226319743871,clean_balanced_ED_EQ,-9.226429948021724e-31,1.2390038038423292e-30,6.898247657176703e-32,5.228887044448941e-33,3.913752714185986e-31,-1.2164466411209456e-31,-3.1429026631325113e-24,1.4054456263954216e-24,1.544514677736579e-22,-4.495962742891528e-23,9.987432765487164e-23,7.764224190629378e-23,-1.3029415658245297e-37,-7.999900609242516e-38,1.2320775701972897e-37,7.840288096233189e-38,7.086376802653487e-39,1.5961168610551974e-39,5.760342791831889e-37,-8.834804062003475e-37,-6.775435761841018e-37,-2.023473137488349e-36,-1.347127995796041e-38,-1.1463886997150683e-38,1.5026896933575626e-29,-7.009280285779263e-30,-3.912448514137809e-30,4.2301833338233076e-30,-1.1114446038150549e-29,2.779096951955956e-30,4.7281526838952064e-30,2.6100490287762708e-30,4.8037575340311714e-30,1.8382243632074465e-29,1.1721740966960949e-29,7.752124209066424e-30,2.0024380979982248e-38,7.06710044000869e-39,-3.7111790655454785e-39,-9.28886928650429e-39,-2.5066644802742732e-39,2.802523930543378e-38,-0.0923689678311348,-0.9135549068450928,-0.4019102156162262,0.0090685319155454,0.0089269811287522,-0.013380124233663,0.0111955516040325,-0.0096377795562148,0.3609766662120819,0.9136354327201844,0.1869918406009674,0.0,-1.4170698362977088,-1.889161066169364,-0.6371731169794379,0.30100133366907,1.6749429388724013e-15,1.294746785745408e-15,-3.808740657271634e-22,1.3564470208870818e-22,2.2163331299087476e-30,1.6982771197526988e-30,0.8433733127555166,0.1618322868582774,0.005205599613794,26.967233657836918,-1.1051536202791783,-0.8229694233130881,-0.481271459982404,-1.4373095773393951,0.1337679315803124,0.4595379133488511
th6,1360.0,0.528550745367746,0.0182589787401027,0.4529102966363787,0.0002799792557726,1.1870038908268497e-12,0.9257617230812688,0.0029823119273482,0.0712559649913829,0.0018561950705829,0.9218486375454727,0.0762951673839442,0.0013667849007048,0.0005199368374007,0.0002016678394155,0.1374023611750273,0.8604232133424828,8.603590496854903e-05,0.4893120487675335,0.0168320146745354,0.38969453278777,0.8568908484298144,0.0005493407755564,clean_balanced_ED_EQ,-5.032521498164664e-31,1.2769894767961614e-30,7.740914991604934e-32,8.772474816423859e-33,3.031849586323687e-31,-2.304079614307913e-31,-1.3074157628411535e-24,3.1652462333114416e-24,5.856531115569472e-23,-4.893548154277865e-23,1.8218309217136066e-23,1.225373394246765e-23,-1.0783134749651313e-37,-4.209760784101133e-38,6.733625707782174e-38,2.373250440584797e-38,4.049509306338746e-38,1.8365093085792087e-38,2.5101059363407726e-37,-7.813657674059174e-37,-1.3193393488647577e-36,-1.5738776067004405e-36,-2.0331311559859122e-38,2.894999381605597e-39,7.151829705848628e-30,-7.568410734975641e-30,1.732444710191181e-30,6.880402938811137e-31,-8.884273248457175e-30,6.880371414080057e-30,2.558350631577288e-30,-9.659863558467491e-31,7.685028109939729e-30,6.988312093306456e-30,5.847754328238252e-30,1.920891379523797e-30,-4.6183173632989166e-39,-5.5720090714678964e-39,-5.592516253701663e-39,-1.7601586810375084e-39,8.595482711814613e-39,2.2414087077178986e-38,-0.5718519687652588,-0.7452226877212524,-0.2064438462257385,0.2833633422851562,0.0011673436965793,-0.0076824221760034,0.006573595572263,-0.0096968533471226,0.3967964649200439,0.8986582159996033,0.1869918406009674,0.0,-1.9120814141512723,-1.4100487529733634,-0.297051115099005,0.5124739634451628,1.809425495170744e-15,7.346236830217123e-16,-3.4516559110571644e-22,2.899675159718869e-22,3.3429102492557595e-30,1.3054492088467726e-30,0.882431910776986,0.1230510865190742,0.0054829972960603,16.68701934814453,-1.1013470018368856,-0.4340327437614469,-0.8761593105619726,-1.0451954760404407,0.1407796946260963,0.1684832019681574
th6,1414.0,0.1205819258471667,0.1470379645802819,0.7321598506537188,0.0002202589188325,1.1724112803002824e-11,0.5898067913101133,0.3873337391535336,0.022859469536353,5.359115818463336e-05,0.0007909381840263,0.999155470657789,0.0003944715097838,0.000643001441603,3.427423869393802e-05,0.963822087711878,0.0350972818923729,8.883205668244852e-06,0.0711200387739114,0.000116297940688,0.0256968206686712,0.1646934419300696,0.0217434050438463,EQ_dominated,-7.429345105123469e-31,1.615084157028367e-30,-1.2691481596317814e-30,-6.817406547866202e-31,2.1101114013079867e-31,-2.792231333121414e-31,1.986592967271978e-24,5.2464453938607074e-24,1.6279306038301682e-23,-1.4123298543553868e-23,7.139075131451796e-22,2.7766225137766832e-22,-2.427569611439684e-37,-1.3809336946211726e-37,3.2450953478141795e-37,1.4777443558463888e-37,-8.175257981829338e-38,-9.681080621467355e-39,-3.5045641110226496e-36,9.110904712389852e-36,-1.5482493124900356e-36,-1.0358088610827637e-36,-1.3897075111507043e-38,2.61749972058544e-38,1.0950078745784505e-29,-1.8422071180374133e-30,-1.904520261564461e-30,-5.4051763045703446e-30,-9.045551207622445e-30,7.247383422607757e-30,5.395074113168126e-31,-1.7821004890349996e-30,-1.0627924669070056e-29,1.8374997051365857e-29,4.2353323529568453e-29,1.6734204335680618e-29,7.269414361680843e-38,2.482517686339117e-38,2.6872974592263836e-38,-5.158508093159978e-38,1.0770456094881622e-38,1.4970498031720124e-38,-0.7816047668457031,-0.6173368096351624,0.09507517516613,0.0614263117313385,0.0038296764250844,-0.0093373479321599,0.0077527463436126,-0.0169440675526857,0.4360363781452179,0.8802876472473145,0.1869918406009674,0.0,-2.0794824702141894,-1.168444728953301,-0.1033345823556381,0.1088363572978098,1.794540341825377e-15,8.702795192007751e-16,-2.379356389980104e-22,3.681334869850697e-22,4.2667433348240085e-30,1.983286352876469e-30,0.9921126005743736,0.0131596872068842,0.0052722877812578,191.58078002929688,-1.339743045570915,-0.6162783155553341,-0.9511444075027584,-0.636334082316612,0.039078851436784,0.0450444759914174
th8,1332.5,0.5313973392751079,0.0452660309104368,0.4228716915198399,0.0004649382946153,1.5244819747215878e-12,0.8809941201358249,0.0038869922357013,0.1151188876284737,0.000949628621637,0.7710655914898625,0.2279847798885004,0.0030352129198667,0.001936511115118,0.0001250304491955,0.1552444178865632,0.8395331292519744,0.0001256983772819,0.4681579313571921,0.0349030788983543,0.3550147944537268,0.7957730689745071,0.0005504586838876,clean_balanced_ED_EQ,-7.811704910745999e-31,1.234149648010131e-30,9.431773570965738e-32,2.2729465866650807e-32,4.880132943297421e-31,-2.0151112524076373e-31,-1.673412398948089e-24,3.8476962494210956e-24,1.101935694416311e-22,-4.6390619284998936e-23,5.190438004902907e-23,3.914746060074089e-23,-1.5163702248606688e-37,-9.258799206016682e-38,1.2325001930639373e-37,7.035067561854583e-38,2.838700542893853e-38,2.223733490555016e-38,4.302196121869893e-37,-7.887869376159612e-37,-8.507665752921127e-37,-1.9083457525540013e-36,-2.5477764517258875e-38,-2.125399645255744e-39,1.1778246563590804e-29,-6.97421352070659e-30,-1.1701902782271349e-30,2.993095677371537e-30,-1.0608061306565109e-29,3.981119815949903e-30,3.9157297855713344e-30,1.414303876681632e-30,5.528310147392659e-30,1.4355194570050066e-29,8.599707695316546e-30,4.783980874934438e-30,7.689654728073657e-39,-9.05093794401496e-40,-4.854335935796039e-39,-5.8275820956198506e-39,4.741620327328212e-39,3.4024462540736e-38,-0.3219359517097473,-0.8639035820960999,-0.3602233827114105,0.1718340367078781,0.0051945783197879,-0.0113147320225834,0.0084849847480654,-0.0105352364480495,0.3752647042274475,0.907860279083252,0.1869918406009674,0.0,-1.5527325219615808,-1.7904065393920292,-0.5478033594168905,0.4185326047467009,1.7166100499193894e-15,1.120786676393624e-15,-3.8898627416270167e-22,1.769758656714458e-22,2.6915536265692088e-30,1.7263629779180866e-30,0.8501271629663967,0.1594708077965669,0.0095979707629636,20.64668655395508,-1.0863665122403166,-0.6876293026717307,-0.588545936448084,-1.3201613352263897,0.1362128291350534,0.3235520042084921
th8,1390.0,0.5306883353441196,0.0058431710797826,0.4632897029824919,0.0001787905936058,1.0175119292919065e-12,0.8658331697152922,0.0139834581183175,0.1201833721663901,0.0059331529841967,0.7439731482411863,0.2500936987746168,0.0017729645454479,0.0003281026316125,0.0005762204199604,0.2249649852196808,0.7722263212347975,0.0001314059485007,0.459487563521931,0.0043471623839377,0.3577645030001317,0.8729977128328555,0.0027879184455903,mixed_higher_order,-4.589063067481228e-31,1.2017604288983421e-30,1.5827750883547351e-31,4.09158422501026e-32,3.364236245106076e-31,-3.41349590470196e-31,-5.3846924643954255e-25,3.306299209449649e-24,2.3622739906934026e-23,-2.91387468633602e-23,-2.174867300764024e-23,-7.416725927164948e-26,-1.2191718020670898e-37,-5.009464606455125e-38,5.301020566806021e-38,2.0124473960624983e-38,6.890697409360871e-38,2.997015983718773e-38,2.9918184583326218e-37,-1.0063328039194277e-36,-1.4424078520444447e-36,-1.304983097242065e-36,-2.285493144013734e-38,1.1021582790600123e-38,4.03109938068656e-30,-6.371521126208198e-30,3.4618068816315425e-30,-1.3737101906394734e-30,-7.492907111694003e-30,7.745232060051587e-30,1.4032324796988471e-30,-1.8434226022369025e-30,6.69489212182509e-30,4.5831389317476176e-30,2.1533925695719627e-30,8.246121344964007e-31,-1.4206129702401508e-38,-7.6786510438766e-39,-5.93894762879871e-39,2.3745693397235064e-39,1.5931000680573403e-38,2.334230279119793e-38,-0.7637140154838562,-0.5879413485527039,-0.0385486185550689,0.2826257050037384,-0.0010151376482099,-0.0035810510162264,0.0055270446464419,-0.0089536318555474,0.4190726280212402,0.8884886503219604,0.1869918406009674,0.0,-1.955052720642983,-1.236978843663645,-0.1375413492909737,0.4218271739453987,1.717078341396716e-15,6.682521112706092e-16,-3.0403814914982813e-22,3.331322965152432e-22,3.6218348698658774e-30,1.3485504999099657e-30,0.9289479812152732,0.0814740008672928,0.0104219820825661,15.294326782226562,-1.014095517839737,-0.3872442606620602,-0.9169863251839914,-0.829620868377214,0.0820183694762543,0.0664921734216591
th10,1315.0,0.5289853567002878,0.0811909599118735,0.3890214212784149,0.0008022621094238,1.8697638968826165e-12,0.834678803570956,0.0047507611313701,0.1605704352976737,0.0005015860744823,0.6054148115608181,0.3940836023646994,0.0058327335668276,0.0054185214868942,1.0590797821724017e-05,0.197868503979743,0.7907198872514486,0.0001497629172648,0.4415328646371516,0.0491542096954888,0.3076069743716665,0.7354105673265856,0.0034384169523821,mixed_higher_order,-1.0691863902970029e-30,1.0942878638622333e-30,1.0689042160649652e-31,4.355032969455028e-32,6.607286122091993e-31,-1.1710253010998482e-31,-2.6526558134352244e-24,3.516557135266942e-24,1.511939872424895e-22,-2.3654219374044882e-23,8.416636863515314e-23,9.033427941681774e-23,-1.8520364538184224e-37,-1.7007181955455738e-37,1.8222283732134928e-37,1.5978027404937388e-37,2.9808066345475575e-39,1.0291519634115815e-38,6.703628319621606e-37,-7.89320428883221e-37,-3.93254608554004e-37,-2.0324654559501912e-36,-2.669946274553909e-38,-9.941217024894052e-39,1.551279928052027e-29,-5.166113935054031e-30,-4.3862961045754236e-30,4.0633054437105135e-30,-1.112650147502537e-29,1.1028084913435178e-30,4.435903761263376e-30,4.870319956051283e-30,-2.7429524131007795e-30,2.3753909263356587e-29,9.832061612441557e-30,8.868839077858041e-30,1.830484724685848e-38,9.342011750459703e-39,-3.935663721388249e-40,-1.1370856662404591e-38,-3.0269221531441226e-39,4.452229964964435e-38,-0.0929071307182312,-0.9188774228096008,-0.4019102156162262,0.0090685319155454,0.0087885810062289,-0.0131726833060383,0.0110861975699663,-0.0095436405390501,0.3609766662120819,0.9136354327201844,0.1869918406009674,0.0,-1.1394209531348756,-2.0276184168919604,-0.6696095710373074,0.1967315413705599,1.475311150320168e-15,1.4931964792415597e-15,-3.868168661185301e-22,8.171661499205248e-23,1.9790716868625543e-30,2.008789558518052e-30,0.8532182118290926,0.1618280445390836,0.0150462563681763,27.034643173217773,-0.9760714136829348,-0.9536816645159606,-0.2793358630444281,-1.4436969838278917,0.0703781632491449,0.4498459639770178
th10,1360.0,0.5675976762207416,0.0150241216570649,0.4171015109843877,0.0002766911378057,1.2253889722793794e-12,0.8189292837118392,0.0079006997124545,0.1731700165757064,0.003887835302204,0.9077579585654676,0.0883542061323282,0.003905222138848,0.0015132252756904,0.0005615164927993,0.1398916393279509,0.8539066311904117,0.0002217655742994,0.4648223584239563,0.0136382660046564,0.356165746109109,0.7348541554320508,0.0004820744804102,clean_balanced_ED_EQ,-6.560733147828275e-31,1.1904267155770116e-30,1.27209939698763e-31,4.05219621928147e-32,5.360687944439911e-31,-3.214202895440256e-31,-5.979744119038039e-25,4.528664753722642e-24,5.844187889852276e-23,-3.816502534610038e-23,1.4807575988049492e-23,1.5966872904921625e-23,-1.6496565619060865e-37,-9.584280221592038e-38,1.0527649878011963e-37,5.496561550021306e-38,5.968916819319599e-38,4.087719760037563e-38,3.397595342953351e-37,-7.324679973587799e-37,-1.0770656881809898e-36,-1.6791202792501303e-36,-3.131581427687486e-38,7.268286826973947e-39,7.757147353995373e-30,-6.54948238791943e-30,1.8637862751389453e-30,1.0991877826298265e-30,-9.620933045343002e-30,5.4502944106924986e-30,2.697816236483269e-30,-4.5930394794101336e-31,5.548659744748253e-30,9.577372094094396e-30,5.165180461646261e-30,2.4821946651662427e-30,-3.844600094029963e-39,-6.014435340321413e-39,-5.417266614641036e-39,-1.681045009588347e-39,1.3648742549051442e-38,3.575331923299962e-38,-0.5751836895942688,-0.7495644688606262,-0.2064438462257385,0.2833633422851562,0.0011492456542328,-0.007563317194581,0.0065093864686787,-0.0096021378412842,0.3967964649200439,0.8986582159996033,0.1869918406009674,0.0,-1.6924443604228423,-1.6178761255107057,-0.3631418959080801,0.4570388026026956,1.6840032752589392e-15,9.504718359888832e-16,-3.725250818478306e-22,2.3866634411485626e-22,3.1434441664126303e-30,1.7248564287165234e-30,0.8927416942861486,0.1230484185588126,0.0157901128449613,16.733638763427734,-1.0266904449335192,-0.5658342463667719,-0.7152679343632214,-1.115086022018758,0.1097947837485642,0.1681281067504576
th10,1414.0,0.1914966569066015,0.1358801802420036,0.67237452530291,0.0002486375484847,1.238283083635951e-11,0.3441594512627959,0.6197364848827436,0.0361040638544603,8.994572363079163e-05,0.000467073302414,0.9994429809739552,0.0011012402207299,0.0018174799221074,9.587041481005316e-05,0.96275246619197,0.0342168433773233,1.609987305941384e-05,0.0659053843596358,6.346600451824463e-05,0.0230065338231918,0.284806532222991,0.0123498517629455,EQ_dominated_with_ED,-9.2348158281616e-31,1.4968132892792882e-30,-1.990316639987308e-30,-1.2683709109873618e-30,3.880562660493961e-31,-4.170273255219745e-31,2.0222452078350424e-24,6.889556709371967e-24,1.3941981581436244e-23,-8.563888436697315e-24,6.66716593716242e-22,3.5826513325850164e-22,-3.791430748102251e-37,-2.597277669511921e-37,5.087557618808698e-37,2.9957286431409165e-37,-1.2961270133865997e-37,-3.9845102590579636e-38,-4.520359575695437e-36,8.478796351854173e-36,-1.3714530272998707e-36,-1.183367323838618e-36,-1.995620900291327e-38,3.384752948417716e-38,1.0776593744161323e-29,-2.233205994197456e-31,-8.952307066857398e-31,-5.716535093961404e-30,-9.881363037475582e-30,5.939862060404046e-30,2.105449405814342e-31,-1.915999549062025e-30,-1.8787882113950077e-29,2.7964506674098094e-29,3.8345042487619643e-29,2.0898468342880978e-29,6.742323918191329e-38,3.279772713853333e-38,5.025583883608787e-38,-8.01731194231389e-38,1.8078887593274327e-38,2.4210948613936477e-38,-0.786158561706543,-0.6209335327148438,0.09507517516613,0.0614263117313385,0.0037703027483075,-0.0091925850138068,0.0076770195737481,-0.0167785622179508,0.4360363781452179,0.8802876472473145,0.1869918406009674,0.0,-1.89775331649954,-1.3953863860159128,-0.1242639232255946,0.0911304000772968,1.6626332469539822e-15,1.0715857566009992e-15,-2.7691302202417376e-22,3.303799787678215e-22,3.9824856767230925e-30,2.4797818914854157e-30,1.003702454996286,0.0131529374854232,0.0168553924817094,191.67205810546875,-1.2416351099126228,-0.766045548095263,-0.8425321855761491,-0.7269844740188451,0.0236960879150738,0.0385771514547499
th2,1330.0,0.491631333889016,0.0556482920886122,0.4522814810045366,0.0004388930178351,1.5244317023518186e-12,0.9912872555191592,0.0003415144890725,0.0083712299917683,0.0005227398659131,0.7652158365013704,0.2342614236327165,0.000202666053033,0.0001196882725885,1.2723642921735596e-05,0.1569485312276546,0.8426864974620412,2.989334176090944e-05,0.4873478756980661,0.04258295438046,0.3811314970946576,0.9199606490229068,0.0008923842965922,clean_balanced_ED_EQ,-5.526212630667408e-31,1.3779393994925502e-30,2.08640271434454e-32,-1.8001193294737574e-32,1.19646251376427e-31,-6.555940687408012e-32,-3.220975479628425e-24,1.2039673094980591e-24,1.1122697866748411e-22,-7.026744545082475e-23,6.715271314349742e-23,2.809691903077506e-23,-4.6846805005010837e-38,-5.8623832986100955e-39,3.52942690750626e-38,8.407567611483396e-39,1.1552533650886419e-38,-2.545181672436417e-39,2.9839066527132083e-37,-8.798010380009333e-37,-1.2053073391152132e-36,-1.783623167701318e-36,-7.223246544048436e-39,-1.0593078678138727e-38,1.1013160786107977e-29,-9.051257213733609e-30,-1.1657992354084931e-30,2.9693322891687013e-30,-9.847363508552081e-30,6.0819267044309046e-30,3.441680603049901e-30,-7.109998663038643e-31,1.0760388488806725e-29,7.654142143611573e-30,1.0401358903394945e-29,3.3202136480434514e-30,9.243846956689097e-39,-1.8592473781589367e-39,-6.607466010679232e-39,-4.207694948579385e-39,-3.548797421890135e-39,1.1827900283281462e-38,-0.2919390499591827,-0.8681361079216003,-0.3709925711154938,0.1536379605531692,0.0057370644062757,-0.0117230033501982,0.0088478848338127,-0.0107044884935021,0.373252123594284,0.9086896181106568,0.1869918406009674,0.0,-1.8740749139371893,-1.503196106332661,-0.4726845221534876,0.5208890626819164,1.91691438086683e-15,8.018779743075495e-16,-3.5579986641038454e-22,2.46357061022863e-22,2.911257057506393e-30,1.1722817608766188e-30,0.8390590534838852,0.1614329818857618,0.0004920353696471,21.207773208618164,-1.2152181321660165,-0.4873620562315738,-0.8369488189455266,-1.2385233667848785,0.2067081428514785,0.3272001998624926
th2,1375.0,0.5073751412367246,0.011268347904691,0.4811261342198241,0.0002303766387604,1.051501575173328e-12,0.9907799757677828,0.0003869945692408,0.0088330296629765,0.0025854687165157,0.9894337443032084,0.0079807869802758,0.00013721688411,3.5253268012271735e-05,3.33684200348678e-05,0.1535540227082433,0.8462143895553463,2.57491642530856e-05,0.5026971301396972,0.0111492836594496,0.407135857967952,0.9482650904951342,0.0015456619326282,clean_balanced_ED_EQ,-2.736607021030146e-31,1.3101779236589087e-30,2.563711099408817e-32,-6.517208346188502e-33,9.017635503375544e-32,-8.854076747670084e-32,-2.1375349791039262e-24,2.1822498767165697e-24,3.567852861127056e-23,-4.793776209211306e-23,3.387062877593065e-24,4.163103847014698e-24,-3.655551456299739e-38,-3.9681057411006485e-39,1.8524702006637583e-38,2.0492981498293222e-39,1.803081417106345e-38,1.9188030084838145e-39,1.233469689715266e-37,-8.609874449777042e-37,-1.63404127561983e-36,-1.2243158978157091e-36,-1.11518418735214e-38,-1.5794634649196488e-39,4.5042291356863514e-30,-7.770799767633483e-30,2.311835493885397e-30,-1.0207335310560222e-30,-6.816064426246394e-30,8.791533705340212e-30,1.7476855126021746e-30,-1.7502350092048807e-30,8.404061459717886e-30,2.9320345486589396e-30,4.552194806438242e-30,7.41454569007769e-31,-1.039310197314632e-38,-5.0817748302293883e-39,-5.415016801560437e-39,-1.0079619328461419e-39,1.3499942189777996e-39,9.973058211353734e-39,-0.6738178730010986,-0.6677126884460449,-0.1184604167938232,0.294026106595993,-9.778836101759224e-05,-0.0056322393938899,0.0060169021598994,-0.0094194943085312,0.4080877304077148,0.8935874104499817,0.1869918406009674,0.0,-2.1496427172117047,-1.0057843503432191,-0.1269369247654405,0.5094535806411133,1.8662384727377524e-15,4.062438553701247e-16,-2.748831478503935e-22,3.669534390054601e-22,3.6769034187984006e-30,7.401251343308106e-31,0.8999024919707233,0.1006091516915948,0.000511643662318,15.657883644104004,-1.1176436191910923,-0.2334454977493689,-1.0616026843494135,-0.7954126147271271,0.136404946149821,0.1015217974625875
th4,1300.0,0.4343104016810252,0.180732135351059,0.3841117300786253,0.0008457328892903,2.2843433728874282e-12,0.969880325629386,0.0009188550926778,0.0292008192779361,0.0004863664997385,0.3958295386490498,0.6036840948512116,0.0012278676242423,0.0015393857983315,4.101301772856794e-05,0.2652017212610648,0.7318758168697777,0.000114195428855,0.4212291138066222,0.0715391177550673,0.2811220862205574,0.8844175239457704,0.0160712853235738,mixed_higher_order,-1.1439699905276665e-30,1.138894153828558e-30,4.63926317006377e-32,-1.7787159812281152e-32,2.728613852015742e-31,-6.324235308917401e-32,-4.597909898432191e-24,-5.2659828613187146e-24,1.96844779741377e-22,-3.20327645551962e-23,1.758367667202119e-22,1.7245623988174625e-22,-1.053066815767628e-37,-6.243455170807894e-38,1.0780121046460963e-37,8.466944932130241e-38,-2.494553856531984e-39,-2.223486865421574e-38,8.447821109896593e-37,-9.512585636606952e-37,-4.755900645752289e-37,-2.0592516197395402e-36,1.281041465131175e-38,-2.3083286721574234e-38,1.8096961319969478e-29,-6.531280774000698e-30,-6.706526235018724e-30,5.4464719243115016e-30,-1.1390435084950753e-29,1.0848120989468268e-30,5.675067596208509e-30,3.8746581674439504e-30,2.0286483321737904e-30,2.18880833482257e-29,1.47285248191794e-29,1.31343038567694e-29,3.563300083772281e-38,2.405558531639158e-38,-9.004837483430423e-40,-1.2207893199844171e-38,-9.521806409434947e-39,1.8635834412800702e-38,0.2005381286144256,-0.9131425619125366,-0.3020689189434051,-0.1929666399955749,0.0126230483874678,-0.0152211338281631,0.0128518836572766,-0.0033389956224709,0.3483501374721527,0.918523907661438,0.1869918406009674,0.0,-1.1772417406961286,-1.9689278045759424,-0.6124983245112938,0.0825563839294465,1.4549457082364838e-15,1.533615964554102e-15,-3.5288804311860586e-22,9.717857696923446e-23,1.5039781981296164e-30,1.5957078486578882e-30,0.8744359036699738,0.1286580757481263,0.0030939794181001,40.59064102172852,-1.0275803128842662,-1.0321600447635506,-0.3456610544917717,-1.4966735837486471,0.0964064587008766,0.5924280464747416
th4,1345.0,0.5095746457238477,0.0328609764271991,0.4572137044892869,0.0003506733596662,1.3281483871061405e-12,0.9661744693907348,0.001076678709246,0.0327488519000193,0.0008369530290141,0.8543906999526807,0.1447723470183051,0.0006744513563583,0.00032950636948,6.112342027403431e-05,0.1394329715215957,0.8594578663006355,4.408103165631687e-05,0.4923380129472101,0.0280761126507632,0.3929559149037718,0.8972457878861253,0.0001887898912462,clean_balanced_ED_EQ,-5.111580490522827e-31,1.3295486247314846e-30,4.729215312593775e-32,-4.949247412417383e-33,2.17911466525881e-31,-1.4590309891862818e-31,-2.0325798603531083e-24,2.4607762242506163e-24,8.216844896260586e-23,-6.039358832906075e-23,3.792227867373413e-23,1.79990952290457e-23,-7.975511165818839e-38,-2.504173262847833e-38,5.579658315882039e-38,1.7341999099047411e-38,2.3958538521568996e-38,7.699739451927313e-39,2.5693667431750804e-37,-8.101318059939997e-37,-1.2786130209121557e-36,-1.6785573388328518e-36,-1.4799296178522406e-38,-3.0564396262514826e-39,8.915166204090519e-30,-8.343639473658518e-30,4.308006987713008e-31,1.7587877894795043e-30,-9.345966530555957e-30,6.584851684179017e-30,3.018938145791365e-30,-7.236408072947143e-31,9.06110935781072e-30,7.440333117944116e-30,7.899963321223919e-30,2.4604071238164432e-30,1.13030644811867e-39,-4.109687729126741e-39,-6.002530208370628e-39,-3.0977005936935566e-39,2.7196009252620555e-39,1.7753457869984138e-38,-0.4459790587425232,-0.8112651705741882,-0.2951296865940094,0.240509808063507,0.003131863893941,-0.0097635323181748,0.0073830201290547,-0.0102818207815289,0.3851882219314575,0.9036946296691896,0.1869918406009674,0.0,-1.9091447236596208,-1.4497748036776863,-0.3797071324585014,0.5367185643975979,1.872406060245485e-15,7.464167513085726e-16,-3.529234190092693e-22,2.71733736282144e-22,3.1683636666670296e-30,1.21569544863281e-30,0.8571536329584117,0.1451067245086327,0.0022603574670445,18.329071044921875,-1.15946516339647,-0.4457677890385703,-0.8681583285251334,-1.1397142917996623,0.1756805210537381,0.2390219943427658
th4,1405.0,0.3368064164275836,0.0333272231061174,0.6297277660330597,0.0001385944332392,1.259129632999885e-12,0.940106709353908,0.0243242884681187,0.0355690021779732,0.0005684171006015,0.0549501594101969,0.9444814234892016,0.0001426537978521,1.2741029650961957e-08,0.0001449486365927,0.5706264786045664,0.4290629391089905,2.296711096851428e-05,0.3166339718370176,0.0018313362223803,0.2701928461326833,0.5348444750170056,0.0109205954505016,EQ_dominated_with_ED,-2.4387066403812634e-31,1.188932170573705e-30,1.9144175302083944e-31,3.825244964489749e-32,1.3401098311375952e-31,-1.943536638988086e-31,-1.6802757519670056e-24,2.2577321308286954e-24,1.1093387640295529e-23,-2.535047915319689e-23,-1.1443102963343928e-22,-8.157019355715478e-24,-4.949533809649175e-38,-7.606018479497912e-39,-3.5760442143733303e-40,-3.099794954031314e-40,4.985295045564413e-38,7.916007054126423e-39,2.535475722694289e-37,-2.225105133557429e-36,-1.690392962294947e-36,-9.558835748839869e-37,-1.335650027514425e-38,4.8443367534187393e-39,1.131693296400993e-30,-6.352740779632668e-30,3.860625685189758e-30,-2.8712503208766828e-30,-4.992319868228119e-30,9.223991765487374e-30,9.912867328183548e-31,-2.0113129292712325e-30,8.324638244725681e-30,8.81447435803619e-31,-3.368306322271845e-30,-9.28555365783438e-32,-2.853683695677259e-38,-6.423095326059547e-39,-6.629639197202119e-39,5.6072387698087816e-39,8.645366605522036e-39,1.192535106683311e-38,-0.8346928954124451,-0.4825808703899383,0.0310655832290649,0.2683492302894592,-0.0016847191145643,-0.0008920786785893,0.0047885403037071,-0.0081484876573085,0.4297611713409424,0.883368194103241,0.1869918406009674,0.0,-2.133642347160814,-0.8329238865058685,-0.0043959207947006,0.3894022519109359,1.7550910984325496e-15,3.634596103556605e-16,-2.263276335522383e-22,3.9425981549787055e-22,3.8559171771771814e-30,7.360716106137539e-31,0.9296001602011852,0.0730657078276487,0.002665868028834,19.78287124633789,-0.9925594260692636,-0.2035911991648872,-1.0518151191988117,-0.5947805147578212,0.0705935316110471,0.0308917794541979
th6,1330.0,0.5121360827748274,0.052198219302221,0.4351956710033885,0.000470026919563,1.5452541503901765e-12,0.9294628182980256,0.0021742712427592,0.0683629104592151,0.000602793327782,0.7594795468304885,0.2399176598417294,0.0017264534658861,0.0011464981577053,5.932727885189107e-05,0.1583512624454831,0.8386456506589165,7.080799315695945e-05,0.4760114468480019,0.0396434799410092,0.3649749566725805,0.8497656885362098,0.0008148543240747,clean_balanced_ED_EQ,-7.268643830810256e-31,1.2860445423646705e-30,7.115188595518862e-32,6.502242469083701e-33,3.6432142445765477e-31,-1.6666129833881023e-31,-2.1811476800783807e-24,2.864778525525174e-24,1.1578418932099551e-22,-5.411335639050794e-23,6.052178013440998e-23,3.8691822275703145e-23,-1.2145895075140686e-37,-6.138485541801432e-38,9.953970560424952e-38,4.889585682089078e-38,2.1919240868807953e-38,1.248899627143267e-38,4.035519719321746e-37,-8.285501810293987e-37,-9.471125540691064e-37,-1.8976897566695936e-36,-1.888300319248444e-38,-4.8192778768998864e-39,1.1925485211105965e-29,-7.664777198920454e-30,-1.4208915880376206e-30,3.1273612514979207e-30,-1.0504593979041545e-29,4.5374138115833365e-30,3.9483486490700896e-30,8.956851697327922e-31,7.362868496996562e-30,1.2890386165726758e-29,9.516432311671267e-30,4.6336088052630125e-30,9.236712684838455e-39,-6.3684496652374306e-40,-5.4041714102298635e-39,-5.718080891528554e-39,2.455589317297133e-39,2.6626885861246957e-38,-0.2927575409412384,-0.8705700635910034,-0.3709925711154938,0.1536379605531692,0.0056931530125439,-0.0116332760080695,0.0088047794997692,-0.0106523381546139,0.373252123594284,0.9086896181106568,0.1869918406009674,0.0,-1.647079007957728,-1.7237866470713807,-0.5383514191093514,0.4454890010457766,1.7853418024185367e-15,1.043901277807919e-15,-3.813226852340328e-22,1.9490925971982216e-22,2.7300967614507617e-30,1.5623028400014283e-30,0.8437669585007089,0.1614311071960217,0.0051980656967305,21.236404418945312,-1.1341751656351728,-0.6410287551622499,-0.6576619156061144,-1.317729635443479,0.1591871076453198,0.3406063020016342
th6,1375.0,0.5289362148114986,0.0099926397801942,0.4608444423925105,0.0002267030157967,1.0708316701508626e-12,0.9240264547945316,0.0041785785689289,0.0717949666365395,0.0032391639438438,0.9834149524405712,0.0133458836155851,0.0012176374001172,0.0003459300918638,0.0002662396296908,0.155072165798898,0.8430109294693134,8.709761011685703e-05,0.4887510553847078,0.0098269113741954,0.3884969017220777,0.8712665714461347,0.001431505380476,clean_balanced_ED_EQ,-4.365548912524251e-31,1.2582511689265756e-30,8.866946597998541e-32,1.2609243881220118e-32,2.719472082072577e-31,-2.5271228492156603e-31,-1.0703608505300596e-24,3.0678883870215037e-24,3.878934464386988e-23,-4.123946134442299e-23,1.937203994767661e-24,6.304468381511225e-24,-1.019343226985499e-37,-3.623186509858305e-38,5.493578273067198e-38,1.752073161093769e-38,4.699854055381825e-38,1.8711131813015983e-38,2.2694244616007275e-37,-8.329089056183715e-37,-1.4452336341150084e-36,-1.4009320846060857e-36,-1.959197173598849e-38,5.892804025840976e-39,5.3261763488105456e-30,-7.148050809606528e-30,2.630294844828158e-30,-5.359307605124536e-31,-7.956472413590823e-30,7.683981468456304e-30,1.949457663344493e-30,-1.4950053699230417e-30,7.37158751612231e-30,5.286147279892137e-30,4.246602087165936e-30,1.2700403028016284e-30,-9.577303347842872e-39,-6.314618144915588e-39,-5.470111301198904e-39,-3.2586575505405356e-40,1.0547554781000814e-38,2.023167997194918e-38,-0.6757070422172546,-0.6695847511291504,-0.1184604167938232,0.294026106595993,-9.703989780973644e-05,-0.0055891303345561,0.0059875887818634,-0.0093736033886671,0.4080877304077148,0.8935874104499817,0.1869918406009674,0.0,-1.9895992858381184,-1.2623253058865542,-0.193665105713464,0.4835000421628129,1.789943355001053e-15,6.379231528529143e-16,-3.1671538204610997e-22,3.258129633357134e-22,3.5458810155558614e-30,1.2064969445040171e-30,0.9049549936413152,0.1006079373668733,0.0055629310081886,15.680082321166992,-1.0733476460687412,-0.372401930931907,-0.9389382804339316,-0.9101564836817834,0.1173452046660964,0.1103734975605886
th8,1300.0,0.4598881254162953,0.1707912078952483,0.3681101744777421,0.0012104922107142,2.305814614694245e-12,0.8943678216785494,0.0020195254273215,0.103612652894129,0.0002084929951362,0.3895083363702161,0.6102831706346478,0.00476015386275,0.0063616492028112,0.0001193911945805,0.2663582361161259,0.722338710218479,6.1859405253313e-05,0.4113091409444036,0.0665245992539379,0.2659002286505514,0.8004341798225928,0.0143467188405961,mixed_higher_order,-1.2795733862618396e-30,9.648777580302782e-31,7.49540355656909e-32,1.346219315640356e-32,5.433232747433077e-31,-4.834714923351793e-32,-3.3868245995927804e-24,-2.917720177624022e-24,1.9312944299817496e-22,-5.888907339447395e-24,1.4536321712537712e-22,1.9329785252102521e-22,-1.613664879174168e-37,-1.736865533314068e-37,1.8143679565461783e-37,2.05418414000996e-37,-2.007032285250742e-38,-3.1731843005813787e-38,9.454702601618882e-37,-8.237818177517954e-37,-1.911854763519241e-37,-2.0562111394846305e-36,-4.843114266019928e-41,-1.9110319525954783e-38,1.9008742002047377e-29,-4.3561133425902144e-30,-7.842083939928303e-30,4.9942158779317374e-30,-1.1166658711970605e-29,-6.381009107127083e-31,4.979910371364005e-30,7.1259488579728e-30,-1.1244659090934046e-29,2.982925599898787e-29,1.193265950092265e-29,1.465376719933073e-29,3.128591592295085e-38,2.801475070061572e-38,6.277580428751663e-39,-1.623500993668705e-38,-1.0589888727096828e-38,3.5587334302805603e-38,0.201395034790039,-0.917044460773468,-0.3020689189434051,-0.1929666399955749,0.0124774072319269,-0.0150455171242356,0.0127578871324658,-0.0033145749475806,0.3483501374721527,0.918523907661438,0.1869918406009674,0.0,-0.8913880052098853,-2.085521849266148,-0.6162639856574876,-0.014959797271071,1.2256671785849494e-15,1.7083110956024917e-15,-3.5616886194017747e-22,4.735523041234537e-23,1.2704612145751414e-30,1.8317127340261432e-30,0.8819125563501486,0.1286555060339871,0.0105680623841357,40.650390625,-0.8705720238871956,-1.1545097638733273,-0.1389544868191088,-1.4944637486630208,0.0177233751159835,0.5812462935643373
th8,1345.0,0.5400397841100535,0.0292412679186694,0.4303584092128368,0.0003605387584401,1.3585157526924876e-12,0.878198991262134,0.0043573443802342,0.1174436643576318,0.0015581082008883,0.8445104379946202,0.1539314538044915,0.0027362606345332,0.001379710522871,0.0002325425958478,0.1413074796157548,0.8542056655285233,0.0001383411024697,0.4742623936468695,0.0246945559775136,0.3676145913574479,0.7969013059325553,0.0001685107601105,clean_balanced_ED_EQ,-6.750066870364918e-31,1.2423947305826596e-30,9.70991050842748e-32,2.2159722671947447e-32,4.564123635881762e-31,-2.429871022445601e-31,-1.186029736987436e-24,3.9817609929150205e-24,8.436728240749317e-23,-4.730587542565035e-23,3.325179401953712e-23,2.4486870957945704e-23,-1.452156949094288e-37,-7.878852743158236e-38,1.0508310586466016e-37,5.216006925247456e-38,4.0132594689859157e-38,2.662845837418165e-38,3.515037063661548e-37,-7.623928134286696e-37,-1.0284397680189078e-36,-1.7896433208104247e-36,-2.6194252165718784e-38,1.9655652013275967e-39,9.655410782499765e-30,-7.145553249335763e-30,4.008689827551157e-31,2.04790563052196e-30,-1.0056279206796087e-29,5.097647618813802e-30,3.336984524701906e-30,2.743095614909169e-31,6.443459597329245e-30,1.1083813604460009e-29,7.131231387394353e-30,3.351631781967658e-30,1.562912072622701e-39,-3.890420833949495e-39,-5.37612739516951e-39,-3.6497986591627405e-39,8.29769899163905e-39,3.1795354049340806e-38,-0.447884738445282,-0.8147317171096802,-0.2951296865940094,0.240509808063507,0.0030957292765378,-0.0096508832648396,0.0073290220461785,-0.0102066211402416,0.3851882219314575,0.9036946296691896,0.1869918406009674,0.0,-1.686504303473648,-1.6658120441465216,-0.4481864817580172,0.4716082960579806,1.7465826879810233e-15,9.766393688090969e-16,-3.797371794447933e-22,2.200105433609092e-22,2.9821059894393445e-30,1.6263866613997378e-30,0.8644912328842318,0.145104389363077,0.0095956222473088,18.367305755615234,-1.083460493661044,-0.588655972500847,-0.6982945859217964,-1.21513994354801,0.1376093236652814,0.2454182396395916
th8,1405.0,0.3785550114567863,0.0313938605972175,0.5899199209172942,0.000131207028702,1.3037260121172624e-12,0.7965356453177637,0.0840465362753692,0.1194178184068669,0.0005968719347464,0.0407058888361412,0.9586972392291122,0.000576823040733,5.419269985575963e-07,0.0005722932176901,0.5747077991431218,0.4240738855424881,6.865712896836839e-05,0.3015325603390046,0.0012779149996076,0.2501696330223142,0.6417057604499155,0.0090954384407315,mixed_higher_order,-3.874112764458401e-31,1.1412164932113437e-30,3.767356799354472e-31,1.064281840512836e-31,2.946745075994995e-31,-3.6183187098125854e-31,-7.008401407772995e-25,2.7606179527677662e-24,1.1106251139300423e-23,-2.0733833980744315e-23,-1.1231282936056652e-22,-2.0387403999380536e-23,-9.314527315950282e-38,-3.40455331678652e-38,-6.2326282910931076e-40,2.9751785779796553e-39,9.376852417093896e-38,3.1070375256295997e-38,5.18105821785526e-37,-2.151999879084596e-36,-1.5271338927473898e-36,-1.1327863633473016e-36,-2.108584833512488e-38,1.1862011573116759e-38,1.8156826005641275e-30,-6.1346967015904295e-30,4.3766694691315086e-30,-2.2328800608937665e-30,-6.1923511830582694e-30,8.367574545890777e-30,8.692773404657892e-31,-2.176380867915957e-30,8.106031595273682e-30,9.935270437870263e-31,-3.347536620275651e-30,-5.542684941352339e-31,-2.70839116594899e-38,-9.786243220069903e-39,-8.733780672368374e-39,1.1509967986044363e-38,1.761024836872437e-38,2.0633406029430754e-38,-0.8382595777511597,-0.4846429526805877,0.0310655832290649,0.2683492302894592,-0.0016652813646942,-0.0008817861671559,0.0047535179182887,-0.0080888913944363,0.4297611713409424,0.883368194103241,0.1869918406009674,0.0,-1.9928872901055343,-1.080540685987622,-0.056976590591249,0.3795441818296625,1.6829343094453033e-15,5.748974576399975e-16,-2.7035163150253013e-22,3.5846059268286178e-22,3.7198997999787776e-30,1.2085903670626084e-30,0.9375614619833792,0.0730644059548976,0.0106258679382766,19.81691551208496,-0.9527248194285514,-0.32342359279949,-0.9502302442456418,-0.704854936318077,0.0577375502724293,0.0309276004664219
th10,1330.0,0.5499659546185143,0.0460231758666189,0.4034950642898371,0.0005158052250296,1.5852721847721542e-12,0.827384390218074,0.0057481963967619,0.1668674133851641,0.0012903975768518,0.745726499127482,0.2529831032956661,0.0049259751785231,0.0033247620997896,0.0001625740140294,0.160776537793311,0.8306128834651098,0.0001972674492369,0.4550332460027403,0.0343207018177421,0.3351481988137215,0.7336728044733658,0.0006876440912552,clean_balanced_ED_EQ,-8.80784141210738e-31,1.16803778777311e-30,1.1445221669417564e-31,4.2057573769669817e-32,6.256355416986504e-31,-2.004881301789901e-31,-1.6572836019145723e-24,4.72828976730691e-24,1.1463557161516841e-22,-3.695946419365868e-23,5.172918172462941e-23,4.738785805713662e-23,-1.795055000848225e-37,-1.3431437862932589e-37,1.5151289501623826e-37,1.047297253529697e-37,2.7992589435793637e-38,2.958465364938848e-38,4.952097401126998e-37,-7.582976759497047e-37,-6.720141601769087e-37,-1.9457669578761003e-36,-3.16352083374446e-38,-2.37288732955468e-39,1.2449026386783435e-29,-6.125408118805958e-30,-1.6325931214709722e-30,3.2140460651792026e-30,-1.0816432197392865e-29,2.9113638334927533e-30,4.0000494846220775e-30,2.427762850801505e-30,2.785686783455573e-30,1.7090375829270024e-29,8.234968662395109e-30,5.5785927033974264e-30,8.912716836668976e-39,5.0867935845845265e-40,-3.8561319436605175e-39,-6.864900146126589e-39,4.270294865684973e-39,4.229174872225024e-38,-0.294463187456131,-0.8756421804428101,-0.3709925711154938,0.1536379605531692,0.0056048887781798,-0.0114529179409146,0.0087187765166163,-0.0105482898652553,0.373252123594284,0.9086896181106568,0.1869918406009674,0.0,-1.388419661424006,-1.8939776269751647,-0.5919794833590788,0.355044907074023,1.6182046326279902e-15,1.257206992963439e-15,-3.953391153559144e-22,1.4001120176769537e-22,2.506943894348305e-30,1.9233620758128464e-30,0.8536203810450405,0.16142739422885,0.0150477752738904,21.293947219848636,-1.0301038632611057,-0.7767720839666349,-0.4666373790502331,-1.3511137819280843,0.1087249174242925,0.3372273740885082
th10,1375.0,0.5683432703548227,0.0077844098288872,0.4236544217657653,0.0002178980505246,1.1081166692833136e-12,0.8150332999748822,0.0109246072660657,0.1740420927590519,0.0067745970515193,0.9689323265812392,0.0242930763672413,0.0034742228278945,0.0010078766838378,0.0007426785413792,0.1579033516088786,0.836652942264574,0.0002189280734355,0.4632186911558078,0.0075425663265655,0.3544517184737243,0.7454199668824678,0.0012438557943399,clean_balanced_ED_EQ,-5.864628541772352e-31,1.1814015638238407e-30,1.4554983295133067e-31,4.6187453982559356e-32,4.879870272664335e-31,-3.651751831894389e-31,-3.0568971655621604e-25,4.2079446141113935e-24,3.8423868874312427e-23,-3.270282258634927e-23,-9.866676989985007e-26,7.988760124770287e-24,-1.5728942047922573e-37,-8.382547050874126e-38,8.648084736268779e-38,4.16727347693937e-38,7.080856865524722e-38,4.215272712978854e-38,3.22074703208238e-37,-7.862347892189596e-37,-1.222332662925778e-36,-1.52672354463656e-36,-2.967526337505166e-38,1.0966621299971819e-38,5.9338857371183086e-30,-6.344083250807566e-30,2.908456737386399e-30,-4.2168153295853286e-32,-8.842339017973705e-30,6.386252522392863e-30,2.0109040083332462e-30,-1.31638384388637e-30,5.8282838351696816e-30,7.310499633731099e-30,3.737462796794678e-30,1.6523036578651853e-30,-8.559153568335518e-39,-7.340751175063863e-39,-5.7073262381060905e-39,3.2490846960289747e-40,1.670839262329931e-38,3.2338181760483474e-38,-0.6796438694000244,-0.6734858751296997,-0.1184604167938232,0.294026106595993,-9.553542622597888e-05,-0.00550247868523,0.005929104052484,-0.0092820450663566,0.4080877304077148,0.8935874104499817,0.1869918406009674,0.0,-1.7891119875886,-1.481453880958464,-0.2573196472450377,0.4435635886415205,1.678081376239097e-15,8.504889013334404e-16,-3.492227973331092e-22,2.778923814968826e-22,3.35505898758311e-30,1.6441450149100865e-30,0.915529299610954,0.1006055323424436,0.0161348319533973,15.724258422851562,-1.007791305033348,-0.5002805000967367,-0.7941241482028972,-0.9918805830843084,0.0930545473788823,0.1093335511698966
th2,1332.5,0.4936437336961037,0.0512124786172571,0.4547225807712796,0.0004212069153595,1.4858906399118482e-12,0.9912588695836408,0.0003308013851316,0.0084103290312276,0.0005423696724749,0.782659083709757,0.2167985466177679,0.0001981470134627,0.0001116267211003,1.379933680997953e-05,0.1527690895301957,0.8468788464450276,2.849095340350264e-05,0.4893287294406476,0.0400819115890879,0.3850949346560871,0.9211553793392528,0.0006514070305029,clean_balanced_ED_EQ,-5.271909092719702e-31,1.3767531097342369e-30,2.0646292886798422e-32,-1.7292409128613463e-32,1.180075574706876e-31,-6.718808462257548e-32,-3.0535679001960654e-24,1.3279966980120963e-24,1.0532871359923112e-22,-7.004308946795518e-23,6.173738760453741e-23,2.491150703812531e-23,-4.612608360308386e-38,-5.678075908806992e-39,3.4026136266755556e-38,7.680075257279512e-39,1.209993683878915e-38,-2.0020086538103693e-39,2.7879817341673488e-37,-8.68840499053575e-37,-1.2407253950861681e-36,-1.753911325531296e-36,-7.730784912604762e-39,-9.773153047474911e-39,1.0550732815098115e-29,-9.050605128778715e-30,-8.600615098148164e-31,2.7429453394860597e-30,-9.690673457226772e-30,6.3076605066071445e-30,3.3108812399936574e-30,-8.115119614151036e-31,1.0659463345704177e-29,7.213215536095385e-30,9.986939405778337e-30,3.0200668815767133e-30,7.638095857776634e-39,-2.427975234187568e-39,-6.565242276848645e-39,-3.932890341234853e-39,-3.1408306720034785e-39,1.1775237841796583e-38,-0.3202322721481323,-0.8593318462371826,-0.3602233827114105,0.1718340367078781,0.0052703223191201,-0.0114797176793217,0.0085631515830755,-0.0106322914361953,0.3752647042274475,0.907860279083252,0.1869918406009674,0.0,-1.900126139330718,-1.4725321705138703,-0.4507009599106768,0.5328773884205488,1.9207459360993844e-15,7.672352576369939e-16,-3.5314516566387733e-22,2.552540484641024e-22,2.9746100003576784e-30,1.1419123524726447e-30,0.8411594902979046,0.1594741948095946,0.0006336851074992,20.593996047973636,-1.2118939355932263,-0.4640624824663807,-0.8583128565848789,-1.2133262089866292,0.2056615653086351,0.3092677418330216
th2,1390.0,0.4899352658792362,0.007359493327336,0.5025158394080269,0.0001894013854008,9.8136743625483e-13,0.9902962169406856,0.0007804400185018,0.0089233430408126,0.0039183692233048,0.8066843349280793,0.1893972958486158,0.000110502071207,1.7746144025112053e-05,3.9698873176986165e-05,0.2212977615542719,0.7785107532802694,2.3538077049659026e-05,0.4851810403460365,0.0059367879801696,0.3912139846728099,0.9749648219176318,0.00324419339628,mixed_higher_order,-2.263520076415777e-31,1.2783001989129987e-30,3.6440193400175117e-32,-5.153100885121515e-34,8.047119513683796e-32,-9.332811311190324e-32,-2.0291108763950932e-24,2.2102579470207533e-24,2.1493343034560858e-23,-3.7301601734732696e-23,-2.081035583936505e-23,1.4398402739837826e-24,-3.352417100596096e-38,-2.98306067272625e-39,1.345524887395621e-38,9.348374041560047e-40,2.0068936672700286e-38,2.0482252669547137e-39,1.110230749386651e-37,-1.0592202463318077e-36,-1.705395296971359e-36,-1.0401566611575205e-36,-1.0982420478230411e-38,1.7924349448205315e-40,2.937628558882993e-30,-7.07259004946126e-30,2.800238397009672e-30,-2.1699957450014724e-30,-5.737865469484837e-30,9.242584945086829e-30,1.3679221185604665e-30,-1.8743330900348676e-30,7.896341129137778e-30,2.138098919438192e-30,2.516380793006465e-30,4.5959284093805555e-31,-1.5677289852714436e-38,-4.9419153300256604e-39,-5.238953313840991e-39,-1.5978677460740824e-40,2.3528629991165117e-39,9.214908305829671e-39,-0.7596724629402161,-0.5848299860954285,-0.0385486185550689,0.2826257050037384,-0.0010299397399649,-0.0036332679446786,0.0055779619142413,-0.0090361153706908,0.4190726280212402,0.8884886503219604,0.1869918406009674,0.0,-2.181265731350549,-0.858571321337748,-0.0489455662286595,0.4481621694792621,1.8296559222583685e-15,3.36055068612468e-16,-2.3950707769867123e-22,3.9083431220629456e-22,3.8254924935509265e-30,6.394385157295977e-31,0.9191426249978588,0.0814760501614735,0.0006186751593324,15.25354290008545,-1.0786829645902525,-0.1910052543615305,-1.0841761323881385,-0.6612619537383764,0.1049947881246185,0.0604984476015727
th4,1315.0,0.4806995506072945,0.092666994191938,0.426027721904761,0.0006057332960064,1.819312662652944e-12,0.9683901387968142,0.0009352613136828,0.0306745998895029,0.0003078734716176,0.6211542564187463,0.378537870109636,0.0009216783462586,0.0008162361000256,6.680841681868947e-06,0.1947188326491206,0.803495894565862,4.0677497051243775e-05,0.4655047045321642,0.0575604978718535,0.3423115255217222,0.8862661123076493,0.0042379142586174,clean_balanced_ED_EQ,-8.396446702908562e-31,1.3023498062595165e-30,4.70158876001926e-32,-1.04154576469937e-32,2.581297081793384e-31,-9.709047722372083e-32,-3.613777191196072e-24,4.081729449057418e-25,1.535834976972237e-22,-5.56451654367773e-23,1.0661421178954008e-22,6.996488359825857e-23,-9.4623829386793e-38,-4.113594185972334e-38,8.641773887615275e-38,4.427075551935365e-38,8.206097623850489e-39,-3.134795742922327e-39,5.215861466681746e-37,-9.233074647454416e-37,-8.180124214272199e-37,-1.992797173765249e-36,-7.110605135340585e-39,-1.357798836668364e-38,1.4610707791887578e-29,-7.886008343560526e-30,-3.640353786371623e-30,4.2698657851876015e-30,-1.0970349583125317e-29,3.61614289855682e-30,4.6369657104438395e-30,1.4075861316942386e-30,8.007400925426281e-30,1.5005234023135176e-29,1.2500744397194669e-29,6.977530242481085e-30,2.0663116949761107e-38,5.770590189983799e-39,-5.134136028745278e-39,-7.938183392081578e-39,-3.9507212733057203e-39,1.9795681114966886e-38,-0.0922067612409591,-0.9119505882263184,-0.4019102156162262,0.0090685319155454,0.0089700417593121,-0.0134446639567613,0.0112297981977462,-0.0096672605723142,0.3609766662120819,0.9136354327201844,0.1869918406009674,0.0,-1.5472334565095995,-1.7991199841614125,-0.6151383537659806,0.3486044286194434,1.762998668320825e-15,1.182328479310194e-15,-3.7349401168271945e-22,1.6211407105534372e-22,2.3233052392013955e-30,1.5327438587760588e-30,0.8404171828229492,0.1618336239823198,0.0022508068052691,26.946252822875977,-1.1616563232446304,-0.7489374481679497,-0.5810490220588375,-1.4155198853309034,0.1655605063607525,0.4569554506275622
th4,1360.0,0.5153630285300598,0.0193908888001856,0.464965792332343,0.0002802903374115,1.174595034186632e-12,0.9654379102939706,0.0012812801953047,0.0332808095107246,0.0014839613333813,0.9255444947694466,0.072971543897172,0.0006045877864678,0.0002249885455584,9.207767201318552e-05,0.1365820845621183,0.8624488447517457,4.7416682096397886e-05,0.4975510053068329,0.0179471303776983,0.4010092104461093,0.9022102219061738,0.000574064204673,clean_balanced_ED_EQ,-4.209799138613496e-31,1.3108913755859877e-30,5.00978600196929e-32,-2.455309037604829e-33,1.9692010636159503e-31,-1.6300347330334748e-31,-1.803770593294805e-24,2.5690032205361345e-24,5.704960757975577e-23,-5.376683041819838e-23,1.955624719255998e-23,1.0103340689161252e-23,-7.467643418627952e-38,-2.1092681708283227e-38,4.5791358307798e-38,1.1998096389468223e-38,2.8885080912970296e-38,9.094597537001804e-39,2.029945668709685e-37,-7.993414559238657e-37,-1.430281622336659e-36,-1.4997101226120637e-36,-1.5362961224520867e-38,-3.2518058013338293e-40,6.746429448012198e-30,-8.015928033538259e-30,1.6592121760952718e-30,4.775673727800142e-31,-8.405641429510364e-30,7.538359493175612e-30,2.4065936896999333e-30,-1.2503292138626506e-30,8.508002620529377e-30,5.5096986798782105e-30,6.094713622819419e-30,1.5621716591334024e-30,-4.9820948245092756e-39,-5.2904209713090685e-39,-5.6904486699742245e-39,-1.7801374389984987e-39,4.7587563610105625e-39,1.6286627656291436e-38,-0.570847749710083,-0.743914008140564,-0.2064438462257385,0.2833633422851562,0.0011729744728654,-0.0077194790355861,0.0065937032923102,-0.0097265159711241,0.3967964649200439,0.8986582159996033,0.1869918406009674,0.0,-2.008057441133361,-1.2899896820803365,-0.2616216021412988,0.5345383984752701,1.8588892995836008e-15,6.181511560564301e-16,-3.2757164171619506e-22,3.1356065964729475e-22,3.4222543601593e-30,1.0842286223957664e-30,0.8793361710825195,0.1230519274315345,0.002388098514054,16.67238998413086,-1.1305858916376297,-0.3630765753277674,-0.9498349012437473,-0.9959416341225872,0.1546787265324063,0.1641227608355237
th4,1414.0,0.0960831404461109,0.1509093273154463,0.7527975322340369,0.0002100000044056,1.1513032183927515e-11,0.758904663960324,0.2276387754321657,0.0134565606075102,3.914846982084487e-05,0.0009101938713563,0.9990506576588228,0.0001770943251191,0.0002836969283005,1.550689113040789e-05,0.964146041775306,0.0353715097527397,6.150327404317476e-06,0.0729179434125084,0.000137356744853,0.0266275852532546,0.1276347707476805,0.0282114270854144,EQ_dominated,-6.448559216743475e-31,1.6631794810187512e-30,-8.617407573822103e-31,-4.602908025667523e-31,1.3618538076596818e-31,-1.9461614720151683e-31,1.8142672861462397e-24,4.458599835272572e-24,1.649798786593321e-23,-1.6325743493323765e-23,7.324344263825556e-22,2.3418944071699457e-22,-1.6465312611579431e-37,-9.080681307392488e-38,2.2028921121829752e-37,9.006769695781415e-38,-5.563608201208129e-38,7.391231272926618e-40,-2.950946917650003e-36,9.356111939582096e-36,-1.6230709415232068e-36,-9.468719290628599e-37,-1.1638023542004283e-38,2.1874796352972758e-38,1.091670826920191e-29,-2.638042230264035e-30,-2.378559669508316e-30,-5.2008826435062734e-30,-8.538132227348998e-30,7.838923964195608e-30,6.732873170581775e-31,-1.7772135715671863e-30,-7.510403319370609e-30,1.2953876357097122e-29,4.3871814831132027e-29,1.426880302171844e-29,7.465986146053185e-38,2.0410981067927142e-38,1.801074055050374e-38,-3.540965028944978e-38,6.240989103426689e-39,1.1062634129730219e-38,-0.7802321910858154,-0.6162527203559875,0.09507517516613,0.0614263117313385,0.0038481492083519,-0.0093823866918683,0.0077764610759913,-0.0169958975166082,0.4360363781452179,0.8802876472473145,0.1869918406009674,0.0,-2.1560016609851504,-1.0425382153725005,-0.0933116185545148,0.1154087012597606,1.8490912038011444e-15,7.613166228743383e-16,-2.157052886518456e-22,3.842554741343208e-22,4.384578343448188e-30,1.7192222986443435e-30,0.988632524785093,0.0131618145850473,0.0017943393701402,191.5527801513672,-1.3796390321423848,-0.5349202595411601,-0.9971099851658872,-0.5816969739202026,0.0451729673916603,0.0456495637212833
th6,1332.5,0.5142538273888441,0.0479319097116645,0.4373669377605623,0.0004473251389289,1.5066956887715305e-12,0.9290577326328784,0.0022176145690058,0.0687246527981157,0.0006565495923021,0.7768875210937721,0.2224559293139256,0.0016897522457921,0.0010670656276612,7.15123747112954e-05,0.1541631126169458,0.8429361033036415,7.245383124793856e-05,0.4777714948716591,0.0372377025171856,0.3686723822297347,0.8504884445514392,0.00059440309069,clean_balanced_ED_EQ,-7.012192374779365e-31,1.2884297576605633e-30,7.13701455279747e-32,6.515024348946429e-33,3.593947271385559e-31,-1.732232912333052e-31,-2.009109982370081e-24,2.949856229327695e-24,1.0995206340651275e-22,-5.462122475411908e-23,5.571202942442086e-23,3.481654470399656e-23,-1.2029683070736984e-37,-5.909722948466301e-38,9.624969333610001e-38,4.560707454947108e-38,2.404715424366242e-38,1.3490170823893686e-38,3.827885536147593e-37,-8.203227453008556e-37,-9.860714933886196e-37,-1.873046531082305e-36,-1.9240693442123332e-38,-3.863316080310481e-39,1.1462504809283298e-29,-7.709990252483875e-30,-1.075476610768852e-30,2.9271228289687087e-30,-1.0387028019185825e-29,4.7828650922430696e-30,3.821544599564589e-30,6.808147056495683e-31,7.531392573101186e-30,1.2202398926241209e-29,9.162961684138793e-30,4.2781030789928675e-30,7.742212025725947e-39,-1.4052446461791124e-39,-5.50460360727627e-39,-5.2728918943389667e-39,3.1382087793090315e-39,2.631871659387528e-38,-0.321130096912384,-0.8617411255836487,-0.3602233827114105,0.1718340367078781,0.0052299839444458,-0.0113918520510196,0.0085214329883456,-0.0105804922059178,0.3752647042274475,0.907860279083252,0.1869918406009674,0.0,-1.6771812938547015,-1.6966089634633652,-0.5181376008042575,0.4605632652568477,1.7938954011479546e-15,1.009636055733005e-15,-3.798708038619005e-22,2.041164121834302e-22,2.7969851945182747e-30,1.5386025957472288e-30,0.8458794336903425,0.1594723832588701,0.0053518169492126,20.62203025817871,-1.1341468551671556,-0.617251804562737,-0.6821475917550024,-1.2957419304680224,0.1603796558280918,0.3228428905815634
th6,1390.0,0.5122450506249707,0.0065166520225191,0.4810545497377768,0.0001837476147334,1.0008293562002356e-12,0.919694423400296,0.0081244574291433,0.0721811191705605,0.0044388871607544,0.7742667293414636,0.221294383497782,0.0009864211429168,0.0001795989205831,0.0003244868657822,0.2232923916432879,0.7751365954405067,8.050598692320791e-05,0.4711089164741878,0.0050456268477323,0.3728829859049061,0.939110195698056,0.0029856489975132,mixed_higher_order,-3.840774244888677e-31,1.2334275937122891e-30,1.193721644331159e-31,2.2198293471396701e-32,2.4111151600608816e-31,-2.6989563038011052e-31,-9.775483134990133e-25,2.872968645162362e-24,2.36228298552309e-23,-3.237848506639308e-23,-2.1421965150191357e-23,4.778662147798132e-25,-9.448590221710894e-38,-3.073169705115697e-38,4.06388160233469e-38,1.207882801155491e-38,5.384708675006213e-38,1.865286909523207e-38,2.3858391081005305e-37,-1.029768811225386e-36,-1.5399583910461965e-36,-1.2277134411271391e-36,-1.84413550764306e-38,7.922444191287377e-39,3.7062101256462e-30,-6.652811916237855e-30,3.2549919187504066e-30,-1.6461713996597656e-30,-6.961202893772507e-30,8.298984377617496e-30,1.41297492745807e-30,-1.833302925405541e-30,7.186128674307856e-30,3.821758373875133e-30,2.309886257184072e-30,7.269608735385432e-31,-1.4784074941582821e-38,-6.824728188913877e-39,-5.5964222963007744e-39,1.5594544014854388e-39,1.2052984499154123e-38,1.809478969856873e-38,-0.7618023157119751,-0.5864696502685547,-0.0385486185550689,0.2826257050037384,-0.0010220566764473,-0.0036054591182619,0.0055507868528366,-0.0089920936152338,0.4190726280212402,0.8884886503219604,0.1869918406009674,0.0,-2.041202771048162,-1.1188236596388397,-0.1081212750013693,0.4336949183469279,1.7634864553188848e-15,5.615141499287845e-16,-2.8455697970740454e-22,3.543155158106984e-22,3.705813849051914e-30,1.1187277701374145e-30,0.924303462845552,0.0814749541036351,0.0057784169491872,15.275351524353027,-1.040817590832234,-0.3241005322788326,-0.9790024256594188,-0.7804979951838745,0.0911374316716436,0.0664924266038801
th8,1315.0,0.5090778579332077,0.0858794821359735,0.4043182742308944,0.0007243856999243,1.8486339624881487e-12,0.8868037655484179,0.003173805254148,0.110022429197434,0.0003450248703518,0.6124954286909705,0.3871595464386778,0.0036800494491417,0.00339710017211,5.89636215334434e-06,0.1965935378503043,0.7962324355520757,9.098061421469596e-05,0.4514521613724911,0.0526007902266316,0.321931324229077,0.7942169708035937,0.0037493669892079,mixed_higher_order,-9.993483542703344e-31,1.1693872560830396e-30,8.902431162820067e-32,2.3302300690929638e-32,5.264054680756005e-31,-1.2829017716907567e-31,-2.821549278898306e-24,2.4487900983412053e-24,1.5364759113696772e-22,-3.4211764213217856e-23,9.235022273484184e-23,8.446108719843979e-23,-1.606409733465834e-37,-1.2322729281082932e-37,1.553077558929569e-37,1.171253118304624e-37,5.333198960381005e-39,6.101969422088485e-39,6.258085511814169e-37,-8.385994803984841e-37,-5.351553566572862e-37,-2.0366772112445057e-36,-2.0041809461863966e-38,-1.0248065125434095e-38,1.53283488511218e-29,-6.0970553992791074e-30,-4.162176831168464e-30,4.1596604908963535e-30,-1.116617031903386e-29,1.9373940579230168e-30,4.658512958359952e-30,3.77536767158138e-30,1.1982431710011444e-30,2.1313696704028865e-29,1.0824393682929428e-29,8.387669369262132e-30,1.923280402261952e-38,8.264006576051922e-39,-2.1211518864569956e-39,-1.0439378164741912e-38,-2.202341761944429e-39,3.6324374016527694e-38,-0.0926007628440857,-0.9158474206924438,-0.4019102156162262,0.0090685319155454,0.0088665476068854,-0.0132895438000559,0.0111476657912135,-0.009596555493772,0.3609766662120819,0.9136354327201844,0.1869918406009674,0.0,-1.2805506514656273,-1.965484695685121,-0.6554790221403758,0.2502372279937276,1.5786976435746577e-15,1.3986094847140389e-15,-3.853180907127962e-22,1.0871846196527653e-22,2.101433884257647e-30,1.8570666493734617e-30,0.8476066269091878,0.1618304240177223,0.0094370509269101,26.99673843383789,-1.043057782034837,-0.891388265489494,-0.3801305316277894,-1.446688669810658,0.1017899212299126,0.4571461472003036
th8,1360.0,0.5462099816866124,0.01677477530702,0.4367364882467643,0.0002787547596031,1.2040514496341896e-12,0.8756030770008731,0.0052469162582258,0.1191500067409009,0.002620891963658,0.9161000061126692,0.0812791019236728,0.0024585217046787,0.000945730698031,0.0003571218032426,0.1385030998333619,0.857591821325267,0.0001437046354185,0.4782631406533884,0.0153673717612997,0.3745416403947437,0.7995761756278955,0.0005178336192604,clean_balanced_ED_EQ,-5.818257599312595e-31,1.2366685133467332e-30,1.0322795116867946e-31,2.3171406065876716e-32,4.169210158979e-31,-2.834647289268684e-31,-9.033106059759194e-25,3.8231140285020566e-24,5.904639549340839e-23,-4.3676601453064393e-23,1.6625902330362876e-23,1.421836342528734e-23,-1.380797115592673e-37,-6.715750018436494e-38,8.726352461403249e-38,3.813419317693151e-38,5.081620779691937e-38,2.902332310502289e-38,2.967623758725426e-37,-7.589623504700035e-37,-1.200932629428842e-36,-1.6339290350057406e-36,-2.56798854006474e-38,5.438332158414131e-39,7.490358614369119e-30,-7.076115085672737e-30,1.8002818449414562e-30,8.948960439861573e-31,-9.290641821490313e-30,6.18121904168658e-30,2.6559000199699024e-30,-6.964848839212794e-31,6.692565747612783e-30,8.35095575093754e-30,5.534983460177412e-30,2.2306479384212583e-30,-4.237444213666144e-39,-5.8136496259740414e-39,-5.500788114451507e-39,-1.7270040737236784e-39,1.1573486385125431e-38,2.894737633955909e-38,-0.5732870101928711,-0.7470927834510803,-0.2064438462257385,0.2833633422851562,0.0011594410752877,-0.0076304143294692,0.0065454780124127,-0.0096553778275847,0.3967964649200439,0.8986582159996033,0.1869918406009674,0.0,-1.8064175212595623,-1.5196546250484066,-0.3310528746632331,0.4865888605107941,1.7508879273054301e-15,8.456920246995325e-16,-3.60196487509318e-22,2.648911948748655e-22,3.2496908500068604e-30,1.5193515670632906e-30,0.8868651906670104,0.1230499149988954,0.0099151056659059,16.707468032836914,-1.0665719523841557,-0.5017990108261843,-0.7975266602463855,-1.085074994579402,0.1256507225640142,0.1698672060489902
th8,1414.0,0.1529016062988037,0.1419480829009454,0.7049170244482494,0.0002332863520014,1.2015213055622704e-11,0.4496033976977951,0.5198914225728939,0.0305051797293109,7.051235632683286e-05,0.0006383862600781,0.999291101383595,0.0007015337197388,0.0011524252816795,6.093379469634751e-05,0.9633609020878052,0.0347120109160169,1.2194200063053848e-05,0.0687450817053927,9.061770576840385e-05,0.0244690874475338,0.2169072401372096,0.0163811211238611,EQ_dominated_with_ED,-8.360554029606092e-31,1.5594139729646789e-30,-1.647105540453509e-30,-9.524947976016299e-31,2.954633427171907e-31,-3.537239850449961e-31,2.0568800627226854e-24,6.061122762826413e-24,1.544932722994651e-23,-1.149883872210975e-23,6.919129954736946e-22,3.191372520980973e-22,-3.1458766341473924e-37,-1.946965743084411e-37,4.211095369187674e-37,2.179672815508611e-37,-1.065218858657158e-37,-2.3270695357314267e-38,-4.0294285911220805e-36,8.817117996769255e-36,-1.463902091424473e-36,-1.1149976249913854e-36,-1.6684300048823731e-38,3.018615199226901e-38,1.090391601062533e-29,-1.0339554015851864e-30,-1.4091804333030317e-30,-5.577985946978998e-30,-9.4947283007247e-30,6.611944077288284e-30,3.856114652137197e-31,-1.825135310498744e-30,-1.4404683476531926e-29,2.3400784746030483e-29,4.049800216351077e-29,1.8958358242466656e-29,7.026827821646339e-38,2.897200655282493e-38,3.7677968291406595e-38,-6.657658114066371e-38,1.473739250418969e-38,1.938318313062595e-38,-0.7835661768913269,-0.6188859939575195,0.09507517516613,0.0614263117313385,0.0038037505000829,-0.009274136275053,0.0077195852063596,-0.0168715920299291,0.4360363781452179,0.8802876472473145,0.1869918406009674,0.0,-1.9930559762310087,-1.2863819687159677,-0.1137274028277067,0.1007727906568848,1.7321685348114265e-15,9.739413720366834e-16,-2.58403493505823e-22,3.500969084875e-22,4.132337502807301e-30,2.237248758505874e-30,0.9970963052063924,0.0131567233191685,0.0102530285255606,191.62060546875,-1.2935635684084323,-0.693523868062308,-0.8993269211601477,-0.684982545662354,0.0318170297633454,0.0427479431774032
th10,1332.5,0.5522604628446083,0.0420685573611235,0.405186217740608,0.00048476205366,1.5467170588037602e-12,0.8264291057785215,0.0058766743717822,0.1676942198496962,0.0014299583762593,0.7629917604865971,0.2355782811371435,0.0048184561085867,0.0030934961147957,0.0001961480535244,0.1565863716197648,0.8351040855879962,0.0002014425153321,0.456404120465502,0.032097962642095,0.3383726658591292,0.7336868108456587,0.000500717754883,clean_balanced_ED_EQ,-8.555492519023431e-31,1.1739512740990656e-30,1.1524608477072292e-31,4.151247886982405e-32,6.187939775025106e-31,-2.127642232853425e-31,-1.4690614780205066e-24,4.7789619943367564e-24,1.0902036786505682e-22,-3.81072254985219e-23,4.7650731062176584e-23,4.298223108527204e-23,-1.7848048512481445e-37,-1.2985130544205631e-37,1.46939928685399e-37,9.841352377799345e-38,3.154056018625618e-38,3.143777172738892e-38,4.738921696596346e-37,-7.529964754678694e-37,-7.131743670698692e-37,-1.9269176043147744e-36,-3.1887477929755043e-38,-1.2343411629509763e-39,1.1995290147768934e-29,-6.213590449576269e-30,-1.253341553398578e-30,3.0458378393091584e-30,-1.0741947339069997e-29,3.1677529689243565e-30,3.903591748405149e-30,2.10472337853886e-30,3.279619598486809e-30,1.6234138191220066e-29,7.955084419848112e-30,5.1894981244128216e-30,7.570956212125716e-39,-4.254096825200205e-40,-4.139869538505064e-39,-6.292700704135993e-39,5.29070177616549e-39,4.181033177241359e-38,-0.3230010569095611,-0.8667618036270142,-0.3602233827114105,0.1718340367078781,0.0051489002071321,-0.0112152379006147,0.008438198827207,-0.0104771452024579,0.3752647042274475,0.907860279083252,0.1869918406009674,0.0,-1.421753312448781,-1.8710154439251705,-0.5740835548242116,0.3729913962939218,1.6312485734716781e-15,1.2240759984701832e-15,-3.9516045277409283e-22,1.4928147402390805e-22,2.5759512826185027e-30,1.9061430389082132e-30,0.8557579997259587,0.1594687953944166,0.0152267951203752,20.67828941345215,-1.0333765870608655,-0.7531015856444426,-0.4933619724937929,-1.3330090283581584,0.1118910045962589,0.3201072322189413
th10,1390.0,0.552952771231263,0.0050730285006112,0.4418014516867024,0.0001727485814234,1.038431541869749e-12,0.8055039928971077,0.0206893083213186,0.1738066987815737,0.0086111042642899,0.7002221645526423,0.2911667311830677,0.0028128078762827,0.0005260894274211,0.0009069165110469,0.2271017089738083,0.7684539357561723,0.0001985414552683,0.4454056651103033,0.0035522469975352,0.3395040643714369,0.7989858712579389,0.0025662910140948,mixed_higher_order,-5.302351085852405e-31,1.164447649252003e-30,1.947558909589033e-31,6.417641643083355e-32,4.395097332549449e-31,-4.000898528478193e-31,-1.6785849299147374e-25,3.7950496570013374e-24,2.2813361666838025e-23,-2.555367172843556e-23,-2.2078933822815857e-23,-6.789163014878493e-25,-1.4676287874474042e-37,-7.270030492882484e-38,6.432484391420282e-38,2.965516585380273e-38,8.243804012945673e-38,4.304517081978025e-38,3.568014276211847e-37,-9.775397550399816e-37,-1.3371266402043857e-36,-1.3697877695295544e-36,-2.7628256349406423e-38,1.3542029171483882e-38,4.3086333811050266e-30,-6.051732798142743e-30,3.655232282805514e-30,-1.0946530468861062e-30,-7.963865663910539e-30,7.146385526512885e-30,1.3676816390084274e-30,-1.8888969139254972e-30,6.124544273212779e-30,5.275861887395085e-30,1.967503893113678e-30,8.911306896861312e-31,-1.3552109897664542e-38,-8.461600627802274e-39,-6.383958209942938e-39,3.143829291554924e-39,1.9073204690024e-38,2.898936329304002e-38,-0.7662407159805298,-0.5898865461349487,-0.0385486185550689,0.2826257050037384,-0.0010062111541628,-0.0035495613701641,0.0054965685121715,-0.0089042615145444,0.4190726280212402,0.8884886503219604,0.1869918406009674,0.0,-1.859608489210953,-1.345712264855411,-0.1663275648891786,0.406871587825335,1.662546006846643e-15,7.698184120124435e-16,-3.2122624973982773e-22,3.1036163337475753e-22,3.5229012858225074e-30,1.5699814168279728e-30,0.9351045839841812,0.0814727832598927,0.0165773672440741,15.318567276000977,-0.9826094398431592,-0.4474344753641776,-0.8500555805826657,-0.870819339538772,0.0719272691830527,0.0642139737498089
