h_nm,lam_nm,f_ED,f_MD,f_EQ,f_MQ,C_total_exact,px_given_ED,py_given_ED,pz_given_ED,mx_given_MD,my_given_MD,mz_given_MD,Qxx_given_EQ,Qyy_given_EQ,Qzz_given_EQ,Qxy_given_EQ,Qxz_given_EQ,Qyz_given_EQ,Cpx_total_fraction,Cmy_total_fraction,CQxz_total_fraction,ED_EQ_balance,CT_diag_over_CED,class,px_re,px_im,py_re,py_im,pz_re,pz_im,mx_re,mx_im,my_re,my_im,mz_re,mz_im,Qxx_re,Qxx_im,Qyy_re,Qyy_im,Qzz_re,Qzz_im,Qxy_re,Qxy_im,Qxz_re,Qxz_im,Qyz_re,Qyz_im,Qmxx_re,Qmxx_im,Qmyy_re,Qmyy_im,Qmzz_re,Qmzz_im,Qmxy_re,Qmxy_im,Qmxz_re,Qmxz_im,Qmyz_re,Qmyz_im,Tx_re,Tx_im,Ty_re,Ty_im,Tz_re,Tz_im,txx_re,txx_im,rxx_re,rxx_im,tyx_re,tyx_im,ryx_re,ryx_im,tbg_re,tbg_im,rbg_re,rbg_im,E_up_re,E_up_im,E_dn_re,E_dn_im,I0_re,I0_im,I1_re,I1_im,I2_re,I2_im,T,R,en_res,U_proxy,even_px_re,even_px_im,odd_Q_re,odd_Q_im,odd_m_re,odd_m_im
200.0,1332.5,0.672619184698546,0.0010521419832054,0.3261525134675225,0.0001761598507259,7.535501654975714e-13,0.9997981213695925,5.5748704798815605e-05,0.0001461299256088,0.0140391832972245,0.6045181580378198,0.3814426586649556,6.803157209480295e-06,4.806664624379102e-07,4.368874699709441e-06,0.3808827840950253,0.6191054115391368,1.5166746615962958e-07,0.6724833972587532,0.0006360389336816,0.2019227860748343,0.4848992132356399,0.0038228711740401,ED_dominated_with_EQ,-2.225325240679233e-31,1.2104676415836496e-30,-6.349528540298025e-33,-6.644248341556833e-33,1.415807383082742e-32,-4.57649760759993e-33,-2.541482656423265e-25,1.710476321337826e-24,-3.483394586532603e-24,-1.0799408952263503e-23,-8.984540951302684e-24,7.243055757030462e-25,-1.1333567264036552e-39,5.068493405973025e-39,-5.54685369673677e-40,-1.2641751158889742e-39,1.6880474105336366e-39,-3.804317306211848e-39,1.1254711990144085e-37,-8.616392488305907e-37,-1.0596688441625733e-36,3.2320338045142847e-37,-5.109839278901398e-40,-1.989265416414225e-40,-1.8043461419798478e-30,-2.6039378608412157e-30,5.376559038822265e-32,-3.188471522036641e-30,1.7505783996481505e-30,5.7924081275774964e-30,-2.2880543472573477e-31,-1.4381578114358165e-30,7.539968067845846e-30,1.9880767445343552e-30,2.2049196599835182e-30,1.961166512060948e-31,-1.5569812049838426e-38,-4.2511852558574376e-39,-4.8459080042710684e-39,-1.5627538352916648e-39,8.753584864513931e-40,3.4297105181248416e-39,-0.8706387877464294,0.1711748838424682,0.0899553298950195,-0.4521768689155578,0.0043303100392222,-0.0043831351213157,-0.0002135106187779,-0.0100481379777193,0.5769490003585815,0.7950872778892517,0.1869918406009674,0.0,-1.8781546078896003,0.0271024212934009,-0.3325146360330304,-0.4440406315655177,1.816120687142716e-15,3.4222962808184597e-16,8.205621482738284e-23,2.6918936770403927e-22,3.721787543249266e-30,6.748535825173956e-31,0.7873507030455822,0.212656892822403,7.595867985266125e-06,12.829767227172852,-1.0655203054890765,-0.1958853874985828,-0.7330609950189731,0.2235866355535415,0.0317093858423638,-0.0102279952054609
202.5,1332.5,0.6649614182565114,0.0010512536298628,0.3338010237466862,0.0001863043669396,7.607448738966963e-13,0.9997763169593976,6.736919917459175e-05,0.0001563138414278,0.0161641006410809,0.9045146453547596,0.0793212540041595,6.88174014603559e-06,4.947689519017423e-07,4.471803092710483e-06,0.3296496349023509,0.6703381472703045,3.6951515409589523e-07,0.6648126776645924,0.0009508743041932,0.2237595598152845,0.5019855507134418,0.0033311999336527,ED_dominated_with_EQ,-2.2688962111817512e-31,1.2084258920255383e-30,-6.422900260302192e-33,-7.785628440101573e-33,1.483610265201031e-32,-4.0316030413062026e-33,-3.7466216042694677e-25,1.825510848556112e-24,-3.392758764816991e-24,-1.3521257901640218e-23,-3.8563908008758515e-24,1.4732426274799331e-24,-1.2022778397015762e-39,5.1717234274404513e-39,-6.01646913059883e-40,-1.2903195134950846e-39,1.803928743280214e-39,-3.8814079398809847e-39,1.078179056790827e-37,-8.146211565453459e-37,-1.1369494594122388e-36,2.8358752823204472e-37,-8.632124764819853e-40,-1.0841780762153803e-40,-1.735362186670754e-30,-2.982300273604625e-30,2.223535047007025e-31,-3.227357499272556e-30,1.5130083233128058e-30,6.209658131534426e-30,-1.6025041106641947e-31,-1.5334639806639936e-30,7.573799488518127e-30,2.0326454664997453e-30,2.684759657201845e-30,2.4449736170739503e-31,-1.4420564994259688e-38,-4.312144452419608e-39,-4.8369379818200784e-39,-1.5980257317450094e-39,7.280735431105429e-40,3.6949050232822484e-39,-0.894006609916687,0.118548147380352,0.1231533512473106,-0.4139948189258575,0.0042743533849716,-0.0042250868864357,0.000144086574437,-0.0105767268687486,0.5675363540649414,0.8018331527709961,0.1869918406009674,0.0,-1.9224137838458668,-0.0067997501964862,-0.2765139723217721,-0.4181774785145404,1.8066586304950208e-15,3.488422357902706e-16,7.168527073079409e-23,2.8680098052917587e-22,3.718766181608848e-30,6.891218893346556e-31,0.8133376032780986,0.186670345933094,7.949211192626038e-06,13.223472595214844,-1.0637230450434816,-0.1997207443644268,-0.7865224183897511,0.1961810586070793,0.0397013193752011,-0.009961868952198
205.0,1290.0,0.6003298181409472,0.021428937834542,0.3778586780615376,0.000382565962973,1.0388461534177285e-12,0.9995516895990112,0.0002924046688055,0.0001559057321833,0.0011875124820487,0.38710367504637,0.6117088124715813,2.844553715114732e-05,2.4307880985684103e-06,1.5597434420948223e-05,0.2132545373924489,0.786692843828353,6.145019527286209e-06,0.6000606840394509,0.0082952205880914,0.2972587180094532,0.6294184740509139,0.0002616144728733,ED_dominated_with_EQ,-3.882570072277369e-31,1.2190217686017266e-30,-5.8110240991173506e-33,-2.109602359306569e-32,1.5977929983750348e-32,-9.634979804102908e-36,-1.5857103248907978e-24,1.929732682961845e-24,6.999571052953976e-24,-4.454854905830829e-23,5.420956820810392e-23,1.6577257910259912e-23,-3.67443583633891e-39,1.1610166334115665e-38,-3.5350804158626622e-40,-3.542267367037634e-39,4.027943125429603e-39,-8.067902600017109e-39,1.8465158001077637e-37,-7.223520184504613e-37,-1.4291554056401638e-36,-9.044246391402896e-38,-2.5472559318531576e-39,-3.0870136373301786e-39,-9.286389466421878e-31,-6.132479147845694e-30,1.7198225077852663e-30,-1.5682648607567821e-30,-7.911834823823744e-31,7.700742748431218e-30,5.809816392244302e-31,-1.9481419119108983e-30,9.529631188524418e-30,3.9590286959924456e-30,8.49950734235387e-30,1.557853325805533e-30,2.1403966401941427e-39,-3.671011303726453e-39,-5.6982673310613346e-39,-2.9141333482378708e-39,-8.502048822456033e-40,4.963655707521288e-39,-0.8847828507423401,-0.2964825928211212,0.2426186650991439,-0.2647559940814972,0.0058478428982198,-0.0072350827977061,0.0054000625386834,-0.0140126338228583,0.5320191979408264,0.8258265852928162,0.1869918406009674,0.0,-2.112606547848796,-0.4135037503528871,-0.0621874516598207,-0.312920320571053,1.785724607357781e-15,5.960801983710609e-16,-1.6994438122134658e-23,3.46560458432702e-22,3.3514455342580564e-30,1.0861745215841676e-30,0.8708291645033287,0.1291850676386475,1.4232141976266988e-05,19.96952247619629,-1.1084025457692626,-0.3530249141634311,-1.0548833012410688,-0.0667570822105743,0.1351135529243998,0.0212293539049621
205.0,1295.0,0.6098785357851327,0.0164712711242823,0.3732999238663336,0.0003502692242513,9.898465001574988e-13,0.9995853637002036,0.0002553897393595,0.0001592465604368,0.0014582867946394,0.4275196976664925,0.5710220155388681,2.3469735411618316e-05,1.983344508868637e-06,1.314055097157654e-05,0.2095052647073214,0.7904516001332673,4.541528519138771e-06,0.6096256580057294,0.007041792851236,0.2950755221497703,0.6120889684792113,0.0002429612936517,ED_dominated_with_EQ,-3.585588121247401e-31,1.2167821047106716e-30,-6.184111838683964e-33,-1.9310120659804002e-32,1.600363260992973e-32,-4.871937205885125e-34,-1.366494350689679e-24,1.9572661344491077e-24,4.5539700266892e-24,-4.0617453603942793e-23,4.538097932607826e-23,1.3107726104362582e-23,-3.0444586029077345e-39,1.0421843110275708e-38,-5.0734210225074e-40,-3.1152088347641536e-39,3.5518027333155244e-39,-7.306635311516553e-39,1.6437756750309218e-37,-7.064916442987277e-37,-1.4084127206132944e-36,-3.885396772665282e-38,-2.3500519135655662e-39,-2.425453982164124e-39,-1.0565352192151242e-30,-5.730482853369033e-30,1.5215730291815751e-30,-1.8865160670731383e-30,-4.650389298112987e-31,7.616997800597324e-30,4.697064031424541e-31,-1.925982439088345e-30,9.235681695267917e-30,3.6054182367075465e-30,7.678625102261237e-30,1.252009256688666e-30,-3.943354410957095e-40,-4.05696454164196e-39,-5.57179724879684e-39,-2.6894322309455436e-39,-6.142521338912908e-40,4.864986305954632e-39,-0.8999512791633606,-0.2437361180782318,0.2334813773632049,-0.2754633128643036,0.0055840373970568,-0.0068520717322826,0.0045426036231219,-0.0137115605175495,0.5351989269256592,0.8237694501876831,0.1869918406009674,0.0,-2.1016440457248144,-0.3523363256673764,-0.0786960618194071,-0.3205879332322203,1.790531927834848e-15,5.522309915329699e-16,-5.380597633028548e-24,3.431842107032331e-22,3.4081276933105775e-30,1.018441252926638e-30,0.8693977324842908,0.1306022324490997,3.5066609505030044e-08,18.74025154113769,-1.102094434655323,-0.3247628887780716,-1.0315606897252096,-0.0284577277385098,0.1227150943249477,0.013758638511103
205.0,1300.0,0.6188080108696342,0.0127009106341696,0.3681684328919032,0.0003226456042927,9.47275604508329e-13,0.99961110277098,0.0002264020671369,0.0001624951618832,0.0018713355655566,0.4656040105104259,0.5325246539240175,1.948933222430572e-05,1.6474213385267202e-06,1.119445212674092e-05,0.2085842874552745,0.791379555387739,3.825951297030474e-06,0.6185673581489116,0.0059135949284039,0.291360970729795,0.5949639087162144,0.0003699385817841,ED_dominated_with_EQ,-3.335960161450381e-31,1.2146977409047431e-30,-6.520916264437235e-33,-1.7800758064834018e-32,1.6031891684822426e-32,-9.603814422795728e-34,-1.2138160749288455e-24,2.001587089956403e-24,2.605085206498136e-24,-3.683217361636558e-23,3.804260426477541e-23,1.0588425623034088e-23,-2.5464646160488422e-39,9.384544086488031e-39,-6.598793045458641e-40,-2.7490296066571743e-39,3.206348867579132e-39,-6.635522717820765e-39,1.486459659134515e-37,-6.9561955518810816e-37,-1.3855164218408798e-36,8.172620701950897e-39,-2.4480226136514675e-39,-1.813325408175465e-39,-1.1763552212493512e-30,-5.3510841179182445e-30,1.3494755053144542e-30,-2.1603202735958263e-30,-1.7311995913933997e-31,7.511405691217124e-30,3.7148250726053276e-31,-1.8900276908470543e-30,8.960742905755622e-30,3.2990879201181124e-30,6.976560989174553e-30,1.0108827148680492e-30,-2.5792630207747067e-39,-4.2995371879392084e-39,-5.450353567650514e-39,-2.484685727271765e-39,-4.093434069886019e-40,4.7507531847189107e-39,-0.9104186296463012,-0.1947686821222305,0.2243273854255676,-0.2875285446643829,0.0051344530656933,-0.0063294046558439,0.0039575626142323,-0.0135180801153182,0.5383463501930237,0.8217160701751709,0.1869918406009674,0.0,-2.087638540219888,-0.2978242317181804,-0.0959017056429382,-0.3294520631006605,1.793368180980436e-15,5.148046758753348e-16,5.3900882376629264e-24,3.3913678184666866e-22,3.457793168097267e-30,9.597259148138094e-31,0.8668633447142607,0.1331938406405389,5.718535479970477e-05,17.71710968017578,-1.0959749687560552,-0.3009908317598279,-1.006999731621663,0.0059398984550291,0.110850857673902,0.0078403173394469
205.0,1305.0,0.6272405619971898,0.0096349906551991,0.3628272463544293,0.0002972009931817,9.093279735413169e-13,0.9996374546609424,0.000198166922826,0.0001643784162316,0.002398419473666,0.5084566376671811,0.4891449428591528,1.644680546160235e-05,1.3078831969801222e-06,9.648742146432731e-06,0.2103016494991769,0.7896679474582382,2.999611779756281e-06,0.6270131588549699,0.0048989749524972,0.2865130469106267,0.578449909551696,0.0006004418243943,ED_dominated_with_EQ,-3.1197637865870793e-31,1.2126709159768224e-30,-6.608583118132723e-33,-1.634457816969895e-32,1.599731701719105e-32,-1.3813910470765993e-33,-1.0631274810717884e-24,2.015751222621215e-24,1.0004888998159678e-24,-3.3166271907119214e-23,3.140858773545392e-23,8.525608544585054e-24,-2.3214348360276647e-39,8.476739135541304e-39,-5.900518562627878e-40,-2.4071665803176907e-39,2.911483157536815e-39,-6.069563953383418e-39,1.362992113512865e-37,-6.894015701282848e-37,-1.3607617080441843e-36,5.203080377981396e-38,-2.2716878847807154e-39,-1.3723817157165133e-39,-1.277234954104834e-30,-4.991689838081693e-30,1.1790394624298064e-30,-2.4013361631833177e-30,9.819664651239836e-32,7.393024681450874e-30,2.744766526045325e-31,-1.8511892923074677e-30,8.693153131591983e-30,3.0407339803447773e-30,6.2990327222541836e-30,8.35332804726865e-31,-4.5851932173470034e-39,-4.427457225584966e-39,-5.322487589272548e-39,-2.312076933217296e-39,-2.1366419265549616e-40,4.63513621725132e-39,-0.917268455028534,-0.1481667160987854,0.2147282510995865,-0.3004473745822906,0.0049516265280544,-0.0059370845556259,0.0032803646754473,-0.0131910517811775,0.5414619445800781,0.8196663856506348,0.1869918406009674,0.0,-2.0714981610207643,-0.2480708422967194,-0.1139796409683976,-0.3390399156093873,1.7951457153461387e-15,4.818683305350752e-16,1.5550674754165884e-23,3.3453652137020277e-22,3.5039819882764444e-30,9.076305431913392e-31,0.8633945619282256,0.1365616113531759,4.382671859848308e-05,16.826828002929688,-1.0899541115199345,-0.2804057820932004,-0.981443805222282,0.0375270039923671,0.099435441440039,0.0029995549601613
205.0,1310.0,0.6349076199133697,0.0072266242691615,0.3575907739196686,0.0002749818978,8.759026690041629e-13,0.9996603692444294,0.0001739758753534,0.0001656548802172,0.0031090675307705,0.5564704120663747,0.4404205204028547,1.372840625792997e-05,1.0312008846926176e-06,8.381013477402613e-06,0.2146474884699001,0.7853270701967814,2.3007126985644864e-06,0.634691985758701,0.0040214025849091,0.2808257148117329,0.5632170141042885,0.0009013452876586,ED_dominated_with_EQ,-2.932046427387582e-31,1.2109326331762135e-30,-6.65694065662556e-33,-1.502811731802308e-32,1.593904038264564e-32,-1.7846199739351086e-33,-9.075400758432924e-25,2.028604514303183e-24,-2.5662444867429025e-25,-2.973057935281133e-23,2.554546362545548e-23,6.8595246505105e-24,-2.0653807787235807e-39,7.63972468510484e-39,-6.311119339081957e-40,-2.0751389207588476e-39,2.6964866985777412e-39,-5.5645742930849516e-39,1.2668483939531857e-37,-6.881708251471026e-37,-1.335281565140453e-36,9.174509173337208e-38,-2.056867482945148e-39,-1.0086656086358063e-39,-1.3692170289620804e-30,-4.664384432129935e-30,1.0264241167132476e-30,-2.6016768258840243e-30,3.4279278660904645e-31,7.266061090494245e-30,1.9455900924191102e-31,-1.8122148740228098e-30,8.454851345581448e-30,2.8130285767248052e-30,5.68062435529661e-30,6.925754170814271e-31,-6.377842587980236e-39,-4.4905788715003946e-39,-5.2135119263274326e-39,-2.1533431839998837e-39,-4.038048645797202e-41,4.516994321821218e-39,-0.9211692810058594,-0.1049522906541824,0.2046895623207092,-0.3134649693965912,0.0048713525757193,-0.0056351395323872,0.0025956747122108,-0.0127654373645782,0.5445458889007568,0.8176208138465881,0.1869918406009674,0.0,-2.0538923644279845,-0.2034865632457698,-0.1324599064490185,-0.3483659685382372,1.79601368281308e-15,4.529487156465572e-16,2.4854135048785373e-23,3.2957298853660847e-22,3.545626158881652e-30,8.613226211403464e-31,0.8596233124558784,0.1403277978801699,4.888966395166783e-05,16.062776565551758,-1.084237568138255,-0.2625278071630398,-0.9557287348687704,0.0656666149985616,0.0887947190643629,-0.0007664464104338
205.0,1315.0,0.6418942904742969,0.0052976717253566,0.3525534726360388,0.0002545651643075,8.466305667897102e-13,0.999682726397138,0.000150372034279,0.0001669015685828,0.0042603906955167,0.6143464026201438,0.3813932066843394,1.1963957069053345e-05,9.660415738354962e-07,7.2677926773617e-06,0.2223113715258066,0.7776662730818021,2.1576010711088853e-06,0.6416906343601017,0.0032546055667353,0.2741689451269154,0.5492391471118031,0.0012589031130223,ED_dominated_with_EQ,-2.7684389102735632e-31,1.2098119157822109e-30,-6.762450051817433e-33,-1.3636675905872231e-32,1.588289842728231e-32,-2.2116762974543205e-33,-8.296139930225958e-25,2.044719305559501e-24,-1.2182674964610396e-24,-2.6469663451479666e-23,2.0112045227348945e-23,5.60305216140355e-24,-1.763051206670848e-39,7.078733706322247e-39,-6.964160871131888e-40,-1.9524470686678147e-39,2.4594671879521478e-39,-5.12629058244599e-39,1.1851667394224293e-37,-6.930980264667526e-37,-1.3088424951621822e-36,1.2844510538631805e-37,-2.0710882490637668e-39,-7.135832028334529e-40,-1.4386516399494857e-30,-4.3443504097569785e-30,8.718753345175546e-31,-2.7840263866880112e-30,5.667773259836162e-31,7.128375945985251e-30,1.2764089892839595e-31,-1.7723301984308842e-30,8.229866224735227e-30,2.6192268500823772e-30,5.0951219785357245e-30,5.724172347806041e-31,-8.038725792706814e-39,-4.5100640557985446e-39,-5.103785505983383e-39,-2.0215609656182865e-39,1.0673090758369295e-40,4.3902180293910285e-39,-0.9225298166275024,-0.064086727797985,0.1939755827188491,-0.326983243227005,0.0045752082951366,-0.0051739565096795,0.0021424675360322,-0.0124925039708614,0.5475988388061523,0.8155792355537415,0.1869918406009674,0.0,-2.0354130266055748,-0.1629308800354381,-0.1519184828803579,-0.3578900782381642,1.7969519928781158e-15,4.2749400224872565e-16,3.3565783298280273e-23,3.2424561512974903e-22,3.586357647038372e-30,8.204910593037689e-31,0.8552160736035342,0.1447052208649727,7.87055314930285e-05,15.39541244506836,-1.0791153460847194,-0.2469363108266872,-0.929694503313478,0.0912368821279624,0.0787549259639595,-0.0036246991452671
205.0,1320.0,0.6477125714388019,0.0037445341694575,0.348306584167049,0.0002363102246915,8.208873121703526e-13,0.9997047114743208,0.0001285131899009,0.0001667753357781,0.0056633029506021,0.6935965267429139,0.3007401703064839,9.927236779019772e-06,7.230091724214446e-07,6.349788840817717e-06,0.233700179166537,0.7662814062513242,1.414547346524401e-06,0.6475213093485179,0.0025971958942059,0.2669008591221215,0.5377486859539181,0.0016654879452672,ED_dominated_with_EQ,-2.620033736366588e-31,1.2088954707183405e-30,-6.63545311231098e-33,-1.2355708684573917e-32,1.5772225514461034e-32,-2.54772162889726e-33,-6.80665530004884e-25,2.0100678817901896e-24,-1.990978635371363e-24,-2.340108757057357e-23,1.4811473440787976e-23,4.447529409270766e-24,-1.6363385904770047e-39,6.371457971523112e-39,-6.712657380639256e-40,-1.643477381380129e-39,2.3076000462997797e-39,-4.72798847703737e-39,1.123010305130259e-37,-7.047985719204882e-37,-1.282102832252923e-36,1.6227296515150655e-37,-1.695247516958551e-39,-4.5734014098464066e-40,-1.4952607096653117e-30,-4.052343764598603e-30,7.2013302947150945e-31,-2.938249457312712e-30,7.7512880270278205e-31,6.990592876523937e-30,5.518941142699806e-32,-1.7335828362243654e-30,8.03221627712496e-30,2.4377579326489976e-30,4.535705111452955e-30,4.686626961893309e-31,-9.604216910409672e-39,-4.501514059544436e-39,-5.0158072525841455e-39,-1.8903847976896496e-39,2.573216678554734e-40,4.269566675306122e-39,-0.922054648399353,-0.0254995599389076,0.1826478838920593,-0.3400940597057342,0.0045754695311188,-0.0049463175237178,0.0015224831877276,-0.0119695607572793,0.5506210923194885,0.8135418891906738,0.1869918406009674,0.0,-2.016302844051788,-0.125818124644316,-0.1716516548757022,-0.3666925108143472,1.7975748362215145e-15,4.0426968417582393e-16,4.162066477835727e-23,3.1871430653132273e-22,3.6247534578058925e-30,7.829880387404787e-31,0.8508804031704081,0.1491698072771538,5.021044756192694e-05,14.808025360107422,-1.0742134432653796,-0.2328137981806992,-0.903814654980844,0.1143938538482181,0.0693612915694429,-0.0059013004938359
205.0,1325.0,0.6519087185198138,0.0025402380644105,0.3453315927052651,0.0002194507105106,7.988674773517598e-13,0.9997251385379032,0.0001080525074144,0.0001668089546824,0.0080352272890502,0.8032876417268962,0.1886771309840536,8.518282809268271e-06,6.16146364554737e-07,5.538465113207111e-06,0.2502640900274317,0.7497201222647788,1.1148135024002722e-06,0.6517295339362879,0.0020405418441852,0.2589020439048822,0.5297238446041266,0.0021170293533067,ED_dominated_with_EQ,-2.484327446629044e-31,1.2082326132539596e-30,-6.563645919417681e-33,-1.1016827709406698e-32,1.566623811079274e-32,-2.906213139294513e-33,-6.1686136026427045e-25,1.975428353818203e-24,-2.5382366879202505e-24,-2.0535714334065685e-23,9.412508752412609e-24,3.45990961995385e-24,-1.4249667524884736e-39,5.88372376773909e-39,-6.798893244465629e-40,-1.4794036519103396e-39,2.1048482984564763e-39,-4.404326857051212e-39,1.0778790342560848e-37,-7.257720812193608e-37,-1.2551680812140486e-36,1.932271770088098e-37,-1.521055097607872e-39,-2.907868168714347e-40,-1.5589431504199449e-30,-3.775572370506767e-30,5.9304859053300565e-31,-3.071278209696569e-30,9.658940339114448e-31,6.846850229553006e-30,-2.6052552432303146e-33,-1.6928107513779697e-30,7.850484407775382e-30,2.2807777173362418e-30,3.9843927066659566e-30,3.851616855508748e-31,-1.1107604338613275e-38,-4.461714112999823e-39,-4.931093149682517e-39,-1.7811452494311407e-39,3.819466493367153e-40,4.146728280885128e-39,-0.9198284149169922,0.0109572624787688,0.1707690954208374,-0.3528542816638946,0.0043806536123156,-0.004591342061758,0.001142093911767,-0.0116348285228014,0.5536129474639893,0.8115088939666748,0.1869918406009674,0.0,-1.9967752090198143,-0.0917359747280647,-0.1917694618477886,-0.3747004236000018,1.7981533080005256e-15,3.8287258638853263e-16,4.906983953651266e-23,3.129953145689696e-22,3.661781839312583e-30,7.476775869251674e-31,0.8462446450377341,0.1538049016526524,4.954669038648163e-05,14.298044204711914,-1.0695730212342798,-0.2199220235969377,-0.8781617403910529,0.1351888377282352,0.0606385764130533,-0.0074949941770248
205.0,1330.0,0.6538160589476182,0.0016869569980776,0.34429302026745,0.0002039637868541,7.806068256665005e-13,0.9997451553626752,8.834828616180881e-05,0.0001664963511629,0.0118089950307066,0.9326326714247974,0.0555583335444959,7.341441438749494e-06,5.585654980336992e-07,4.764297252977019e-06,0.2732617155630261,0.7267247132842882,9.068484960378336e-07,0.6536494374311985,0.0015733112116959,0.2502062464396442,0.5265900333216407,0.0026251653343445,ED_dominated_with_EQ,-2.358775699150174e-31,1.2075356242388243e-30,-6.547584561746726e-33,-9.534313915374035e-33,1.5544085267993252e-32,-3.2379919703310014e-33,-5.413425763794925e-25,1.9630073034120987e-24,-2.8994170196201288e-24,-1.7862398984776586e-23,3.6027074351644816e-24,2.5550919055454043e-24,-1.250386135117001e-39,5.469055257235761e-39,-6.877054360424321e-40,-1.386264137837308e-39,1.9380906119559855e-39,-4.082789759459826e-39,1.0515332519653769e-37,-7.580916357948394e-37,-1.2283243601609274e-36,2.2139697145061664e-37,-1.387353352314044e-39,-1.384158750960778e-40,-1.6135716935545842e-30,-3.5180062406519314e-30,4.702765498599895e-31,-3.1842614316021064e-30,1.1432954996677938e-30,6.702269096146835e-30,-5.451925335919178e-32,-1.6482313800991158e-30,7.700218602611133e-30,2.1329403293738724e-30,3.418308114715771e-30,3.171646453357492e-31,-1.2597081382360943e-38,-4.4065401050152844e-39,-4.87348686090132e-39,-1.6729102488300182e-39,4.94806392703439e-40,4.02679287594793e-39,-0.9162177443504332,0.0453285239636898,0.1584456861019134,-0.364943116903305,0.0042481268756091,-0.0042617605067789,0.0007091911393217,-0.0112419417127966,0.5565750598907471,0.8094801902770996,0.1869918406009674,0.0,-1.9770063091432013,-0.0605050311805661,-0.2119377080929471,-0.3817330162981694,1.798557025253347e-15,3.630115750073799e-16,5.590586271873924e-23,3.071759045338535e-22,3.6970899899289154e-30,7.1445285378228935e-31,0.8415458393318912,0.1584153982249514,3.876244315736965e-05,13.863073348999023,-1.0649373886484634,-0.2080227185880216,-0.8529315214104398,0.153735008292352,0.0525464288238468,-0.0085293140177847
205.0,1332.5,0.6534810240745622,0.0014097530630274,0.3449128000844125,0.0001964227779978,7.731506271552545e-13,0.9997548453259192,7.885406561981458e-05,0.0001663006084611,0.0136419104411373,0.970299248090859,0.0160588414680036,6.944257854132629e-06,5.163056124745063e-07,4.529071442044407e-06,0.288248687090851,0.7117385693755753,7.538986650916967e-07,0.6533208201470871,0.0013678823370493,0.2454877428914036,0.5278084403030162,0.0029141911688345,ED_dominated_with_EQ,-2.29782894180019e-31,1.2070900831312951e-30,-6.515510819228101e-33,-8.754223980573063e-33,1.5480248798224623e-32,-3.393406943901652e-33,-5.165556876469944e-25,1.930739727051165e-24,-3.0591199412755998e-24,-1.6575948526866874e-23,4.0556487619983945e-25,2.1302163547000918e-24,-1.2696738672635862e-39,5.3162583834155655e-39,-6.497109430330801e-40,-1.3412896584641838e-39,1.9193865155890056e-39,-3.9749631779500877e-39,1.035859647603605e-37,-7.805784950908043e-37,-1.2148143701293445e-36,2.3494719886940974e-37,-1.2714460721727784e-39,-7.132209684985423e-41,-1.640321244475771e-30,-3.3942493234701256e-30,4.115914685915391e-31,-3.235233971045348e-30,1.2287297758842318e-30,6.629481501229247e-30,-7.891709101715101e-32,-1.6279242567781905e-30,7.630313110722894e-30,2.0677445612069487e-30,3.1158531135282587e-30,2.8288050148483983e-31,-1.3371731349966092e-38,-4.3747840287637524e-39,-4.846173434856314e-39,-1.6271979567829032e-39,5.504661542605934e-40,3.965408650587994e-39,-0.9139963388442992,0.0621164925396442,0.1520017385482788,-0.3708098530769348,0.004145978949964,-0.0040804264135658,0.0005653756670653,-0.0110741090029478,0.5580449104309082,0.8084676265716553,0.1869918406009674,0.0,-1.9670539448746407,-0.0455356479758181,-0.2221148912589366,-0.384964507539675,1.7987750637375868e-15,3.5337812524444717e-16,5.917957767289739e-23,3.0421943125034945e-22,3.714456002213828e-30,6.9825948817242636e-31,0.8392816050873809,0.1607274312004913,9.036287872188352e-06,13.675044059753418,-1.0625471924620715,-0.2022675627103398,-0.8403880474886736,0.1625325009118666,0.048670547607276,-0.0089822336560044
205.0,1335.0,0.6519657131873011,0.001263749584865,0.3465813347789965,0.0001892024488372,7.669785589812276e-13,0.9997642904581608,6.985078604725223e-05,0.0001658587557919,0.0146100078846396,0.9381435687092392,0.0472464234061212,6.5572094912804775e-06,4.917812682923582e-07,4.280473042560812e-06,0.3058175014376687,0.694170626531901,5.425666281614257e-07,0.6518120386477508,0.0011855785455001,0.2405865823077985,0.5315944194130164,0.0032250895271084,ED_dominated_with_EQ,-2.237624612025866e-31,1.2064538702075673e-30,-6.421746594484907e-33,-7.997083809830149e-33,1.5406865531577015e-32,-3.521989206896132e-33,-4.701213741929622e-25,1.9005259190083794e-24,-3.1704222121864882e-24,-1.5364743808454322e-23,-3.0877698435147712e-24,1.691456937597696e-24,-1.1884562598996568e-39,5.198591165636924e-39,-6.560194010138218e-40,-1.3047723821397736e-39,1.844472095223304e-39,-3.8938138722548987e-39,1.0308203910533687e-37,-8.077869621495402e-37,-1.2016473135512454e-36,2.476051663380935e-37,-1.0840371543610914e-39,-3.720837274749195e-41,-1.6757926663821185e-30,-3.275229993926535e-30,3.6433672892242183e-31,-3.283191760405845e-30,1.3114557567814756e-30,6.558421392975939e-30,-1.031574171336783e-31,-1.6055758700972822e-30,7.568950345828098e-30,1.994956045853184e-30,2.8075135233196976e-30,2.499849409213668e-31,-1.4155827915462915e-38,-4.3440970637311426e-39,-4.8312138800641806e-39,-1.5705721003831186e-39,6.059066748748414e-40,3.9089451413221705e-39,-0.9115696549415588,0.0782460570335388,0.1455985456705093,-0.3762417137622833,0.0041426420211791,-0.0039638043381273,0.0003332492779009,-0.0107860686257481,0.5595074892044067,0.8074560761451721,0.1869918406009674,0.0,-1.95708573609545,-0.0312641136027884,-0.232036334429378,-0.3876845860644287,1.798763272838452e-15,3.4389553578140315e-16,6.225348581351322e-23,3.0129219266548233e-22,3.7307964592178156e-30,6.820322741082972e-31,0.8371145544793152,0.1628732140076279,1.2231513056959464e-05,13.512999534606934,-1.0599984227909784,-0.1965991919059133,-0.8281688098627646,0.1706481374439871,0.0450297067228321,-0.0092916083848893
205.0,1340.0,0.6437841573274439,0.0015242716807223,0.3545162067364845,0.0001753642553491,7.602273792224552e-13,0.9997850404401922,5.005253500137764e-05,0.0001649070248065,0.0122227821343411,0.5676530635702672,0.4201241542953917,5.804562491412445e-06,4.577122595539438e-07,3.753113321638241e-06,0.3529698207369951,0.6470196165832756,5.472916568466886e-07,0.6436457697683735,0.0008652574892754,0.2293789401551974,0.5506755683584944,0.0039788579728634,ED_dominated_with_EQ,-2.115918935763512e-31,1.204608328012092e-30,-6.355292022071124e-33,-5.873462635265045e-33,1.5241460122227679e-32,-3.798353770787612e-33,-4.322021366831274e-25,1.9247568833138057e-24,-3.308355782841588e-24,-1.3030122360667617e-23,-1.1545084396681708e-23,6.856373106768432e-25,-1.0370325836311942e-39,5.002683962265119e-39,-6.7270339347445205e-40,-1.2671765473596752e-39,1.7097386734595964e-39,-3.7355059833877226e-39,1.0362384445754443e-37,-8.848103637680435e-37,-1.1751194266014995e-36,2.7179303268504183e-37,-1.1092888442654338e-39,4.922132437323815e-42,-1.7397219842258652e-30,-3.0494171367226666e-30,2.64446295390241e-31,-3.364436969526762e-30,1.4752755054353689e-30,6.413853922849173e-30,-1.4401919994383826e-31,-1.5663766478760629e-30,7.483572592225207e-30,1.8702050302982317e-30,2.106648490899949e-30,1.777126466304361e-31,-1.5887877563435044e-38,-4.282407789125257e-39,-4.82058725263603e-39,-1.4846819028779676e-39,7.054351771408031e-40,3.7985557761572976e-39,-0.9059997797012328,0.1100189015269279,0.1321800500154495,-0.3866043388843536,0.0040254173800349,-0.0036205588839948,-3.955887223128229e-05,-0.0104210693389177,0.562410831451416,0.8054366111755371,0.1869918406009674,0.0,-1.937063275165928,-0.0034832590187278,-0.252073034336239,-0.3922754217579366,1.7988224632816103e-15,3.248553611839625e-16,6.81508174605199e-23,2.953514144502502e-22,3.7632550492502215e-30,6.4870045401004544e-31,0.8329690719435904,0.1670430807173658,1.2152660956221696e-05,13.281384468078612,-1.0544277494989192,-0.1852123706666646,-0.8038532851821965,0.1859229940954702,0.0380451023286948,-0.0096596740087319
205.0,1345.0,0.6231983771079666,0.0032067113108658,0.3734328874338957,0.000162024147272,7.66252866300846e-13,0.9998030867800708,3.267821212134931e-05,0.000164235007808,0.0052453723761793,0.1886956326413746,0.806058994982446,5.380269788323313e-06,4.4317433055482013e-07,3.3095312788360605e-06,0.4237940548490371,0.5761965489212765,2.6325428867355496e-07,0.6230756611088755,0.000605092419502,0.2151707409931182,0.599219929241247,0.005029490318261,ED_dominated_with_EQ,-1.9895208266690067e-31,1.2007697974624854e-30,-6.232121944654448e-33,-3.095266648234297e-33,1.5075475843462282e-32,-4.010064943356396e-33,-3.9108845859839614e-25,1.8550956486981868e-24,-3.406600529578512e-24,-1.0848803957166695e-23,-2.3500409343098053e-23,-2.7065822433203875e-25,-1.0453067585801615e-39,5.017478910342771e-39,-5.922287071154554e-40,-1.3464575675926996e-39,1.6375337339681043e-39,-3.671022286132637e-39,1.06106611974694e-37,-1.0115696877955814e-36,-1.1487971487662184e-36,2.9466867318007984e-37,-8.010234647063982e-40,-3.1567923404490717e-41,-1.845335871943105e-30,-2.8395243226733596e-30,2.022916460991248e-31,-3.4312423169784096e-30,1.6430447843027752e-30,6.270767011957634e-30,-1.842816990088126e-31,-1.5251496650844456e-30,7.459045955234829e-30,1.7347487445114022e-30,1.23279853377397e-30,1.1183975050807555e-31,-1.7993481823529815e-38,-4.2098264677526873e-39,-4.872708589690034e-39,-1.3798168976693287e-39,8.09003621088128e-40,3.686548200700517e-39,-0.8995867371559143,0.1412579864263534,0.1183484196662902,-0.3957121968269348,0.0039086882025003,-0.0033104056492447,-0.000406902981922,-0.0098896883428096,0.5652852654457092,0.8034217953681946,0.1869918406009674,0.0,-1.916631219105296,0.0235097087992142,-0.2716044430918578,-0.3953851269187901,1.7981153734637006e-15,3.0524389885468193e-16,7.368960832049032e-23,2.89377372816717e-22,3.7929413965863765e-30,6.134567468674829e-31,0.8292363530250789,0.1706924626606617,7.118431425934268e-05,13.271910667419434,-1.047160459962542,-0.1735009948086958,-0.780015373045258,0.2000754400219051,0.0315583753960814,-0.0099095512059566
205.0,1350.0,0.5765722864678962,0.0084032856102365,0.4148755897994342,0.000148838122433,8.019502875231355e-13,0.9998092246785866,2.6073843070454817e-05,0.0001647014783431,0.0019389420811917,0.0472430235435158,0.9508180343752924,5.06792677880615e-06,5.357139565240551e-07,2.8217278454697947e-06,0.5309402711814677,0.4690510354581866,2.679917647308127e-07,0.5764622907046272,0.0003969966199272,0.1945978249817505,0.7195552050220414,0.0068010792418287,mixed_higher_order,-1.8403910825367608e-31,1.1924902179972966e-30,-6.0633414540915424e-33,1.0973278146803306e-33,1.4914021963722975e-32,-4.1721854631548666e-33,-4.0349475884917077e-25,1.8803240487424692e-24,-3.4624627810236825e-24,-8.838826226147606e-24,-4.2557741261986427e-23,-1.5723671055557101e-24,-8.4210470414046e-40,5.357974833110397e-39,-7.027174004656011e-40,-1.6173332152096666e-39,1.544823333185689e-39,-3.740639167310914e-39,1.1181686793171303e-37,-1.236297568251316e-36,-1.1230906838916196e-36,3.1619997117522808e-37,-8.504673094021181e-40,-2.3343341989715022e-40,-2.030325001599462e-30,-2.6432600664691066e-30,2.0098646924676034e-31,-3.486925114652958e-30,1.829337776606788e-30,6.1301846143126295e-30,-2.159677622039056e-31,-1.4838196247043976e-30,7.528545813608332e-30,1.5908262554882667e-30,-5.652667692120736e-32,1.97487743537532e-32,-2.0975756234451354e-38,-4.1487570614722967e-39,-5.0177757404663624e-39,-1.2753974967014364e-39,9.105344244983663e-40,3.5786264201359315e-39,-0.8928402662277222,0.1727151721715927,0.1040307506918907,-0.4024765491485595,0.0037919422611594,-0.0028800312429666,-0.0007882381323724,-0.0093288561329245,0.5681313276290894,0.8014116883277893,0.1869918406009674,0.0,-1.8956436643190453,0.0511811190695918,-0.2900048954966616,-0.3955520269235633,1.7960082874122022e-15,2.826513800919948e-16,7.886640260355405e-23,2.8345485942033258e-22,3.8184715355915785e-30,5.708005247831732e-31,0.8270169451019251,0.1728974185801533,8.5636317921578e-05,13.789538383483888,-1.036088421817445,-0.1599013445523067,-0.7569229434901741,0.213107468832462,0.0256162697574536,-0.0100347465098319
205.0,1355.0,0.4591028265409708,0.025386898777992,0.5153721940967929,0.0001380805842443,9.510597100930062e-13,0.9997372419208213,9.510323871910122e-05,0.0001676548404597,0.0005000930844899,0.009097409399648,0.990402497515862,4.742554823351743e-06,5.921027694636865e-07,2.2525117647306336e-06,0.6977899505134728,0.3022022885072445,1.738099248693832e-07,0.4589821935641233,0.0002309550115708,0.1557466564890506,0.8908179987194768,0.0111158512427027,mixed_higher_order,-1.6205009123403478e-31,1.1700217232468342e-30,-5.7814663512711015e-33,9.964868895056638e-33,1.4731262465705134e-32,-4.118892276398962e-33,-4.793097191343722e-25,1.7996656333698848e-24,-3.731839304635577e-24,-7.012202209995107e-24,-8.280845729539333e-23,-3.459831317667387e-24,-9.060391215553448e-40,6.37524091246659e-39,-5.903250754212335e-40,-2.1973453521004408e-39,1.4963704366970344e-39,-4.177893975173024e-39,1.2262548687577237e-37,-1.742235525257108e-36,-1.0983529895928907e-36,3.386919671166632e-37,-5.197562467650124e-40,-6.997654729926685e-40,-2.4487508543472962e-30,-2.4685959454042707e-30,3.535311679088873e-31,-3.528694731225286e-30,2.0952181524293987e-30,5.9972906766295576e-30,-2.428953461382968e-31,-1.4535801503710062e-30,7.883706425691367e-30,1.3986957048909755e-30,-2.5410675165544768e-30,-1.252963219079481e-31,-2.654897649583471e-38,-4.076448808981432e-39,-5.4503496185254725e-39,-1.1327481854705419e-39,1.0598686097215223e-39,3.4757797636605246e-39,-0.8863008618354797,0.2084991186857223,0.0890760421752929,-0.4037257134914398,0.003598429262638,-0.0021901512518525,-0.0012159423204138,-0.0084708770737051,0.5709494352340698,0.7994064688682556,0.1869918406009674,0.0,-1.8717689133603612,0.0845922078081465,-0.3045397316645868,-0.3895223012528669,1.7883187442653e-15,2.502506867132306e-16,8.399709874649547e-23,2.7765634512805143e-22,3.8290089730828006e-30,5.064712216563407e-31,0.8290188456387014,0.1710022272979111,2.1072936612576143e-05,16.38152503967285,-1.0128156274790148,-0.1402767671533269,-0.7347975978022568,0.2265847557118133,0.0202474435573105,-0.0107755314839408
205.0,1360.0,0.1616621745381752,0.0858015737794179,0.7523901050053451,0.0001461466770617,2.2110130105928963e-12,0.9982271144196274,0.0015809193163586,0.0001919662640139,7.628689595364097e-05,0.0009562593986563,0.99896745370539,4.256314114949322e-06,7.579932757578403e-07,1.489540994342945e-06,0.9148307122472692,0.0851622830732576,5.008310880863592e-07,0.1613755660000448,8.204856134607467e-05,0.0640752591039832,0.214864833365966,0.039116696404248,EQ_dominated_with_ED,-1.051915556446278e-31,1.0706457625509907e-30,-3.435039268102848e-33,4.2674620836019486e-32,1.4571605294412342e-32,-3.199156292558316e-33,-1.004022162991388e-24,1.7919179125397762e-24,-5.0791781335311275e-24,-5.2045815449123866e-24,-2.3503999934500223e-22,-1.9692741723200657e-24,-5.446444305015701e-40,1.1350150588522835e-38,-6.992308488757081e-40,-4.7440590682638633e-39,1.2438719344843274e-39,-6.606099600129257e-39,7.131128102478498e-38,-3.7244315705117195e-36,-1.07383521150562e-36,3.723567783546368e-37,-5.65479569127777e-40,-2.6975944741047618e-39,-4.103076854804437e-30,-2.2424504474637472e-30,1.2751434583608797e-30,-3.612008724042695e-30,2.827932618055136e-30,5.8544589769093365e-30,-2.6349905123403043e-31,-1.420553810241173e-30,9.661033281668334e-30,8.155911072147626e-31,-1.1370957268846089e-29,-1.1720272305727318e-31,-4.599376510371814e-38,-3.0589506280270915e-39,-7.356357149057152e-39,-6.765019507680326e-40,1.4250051706009604e-39,3.3751521797643465e-39,-0.8808194398880005,0.2735911905765533,0.0726641565561294,-0.3794364631175995,0.0030344321858137,0.0002379200159339,-0.0018957606516778,-0.0063378531485795,0.5737397074699402,0.7974062561988831,0.1869918406009674,0.0,-1.8295288828010183,0.1550233672337353,-0.2998286108130384,-0.3551947142718053,1.749624321917482e-15,1.64167746001068e-16,9.071261840331173e-23,2.719663479634759e-22,3.7632975572207896e-30,3.245008229927139e-31,0.850704289630331,0.1492958714821885,1.6111251954775696e-07,40.08763885498047,-0.9233846652936212,-0.0907230690094885,-0.7131226089629641,0.2472781991130609,0.0149727636767785,-0.0146119977580066
205.0,1365.0,0.1036473796306459,0.1546044301987025,0.7415456354119982,0.0002025547586533,8.08484754027242e-12,0.9931528133309532,0.0067239527143555,0.0001232339546913,2.678687911731789e-05,5.567876407797004e-05,0.9999175343568047,3.2803477730912544e-06,1.1043389853193943e-06,5.855284517519516e-07,0.979539264174684,0.0204543410968829,1.4245132228138146e-06,0.1029376866745573,8.608183594442547e-06,0.0151678273656218,0.1397720850626544,0.0257816771393716,EQ_dominated,-4.763926184898977e-31,1.5850719994710535e-30,1.8776599908036274e-32,-1.348853171283228e-31,1.5535060177695748e-32,-9.928587641785783e-33,2.1368889913779832e-24,2.310625710928779e-24,3.97161706188488e-24,-2.1943612027381934e-24,5.89478723866896e-22,1.4921659882173552e-22,4.0304984693912566e-39,-1.8718533803755486e-38,-3.0141646255894646e-39,1.0693052811370843e-38,-1.016351502529828e-39,8.025501898528138e-39,-1.7865893643115853e-36,7.179641679601793e-36,-1.0278855532197142e-36,2.9409542375359406e-37,-2.088831777411549e-39,8.67422731164783e-39,5.1119140435017896e-30,-5.669196978540352e-31,-4.5351111344717554e-30,-4.476679965967735e-30,-5.768092282187672e-31,5.0436008486696576e-30,-3.472866419187936e-31,-1.3565672990088746e-30,-1.4462565320476992e-30,1.4293747206142848e-30,3.520935372136378e-29,8.926882531150661e-30,5.663722899375518e-38,1.2185733786480207e-38,3.97431632491425e-39,-6.556225580887622e-40,-2.2024493593351252e-40,2.930891544283193e-39,-0.8115648627281189,0.0767240524291992,0.1062619686126709,-0.5686050653457642,0.0078932391479611,-0.0111688813194632,0.0023633271921426,-0.0155059425160288,0.5765026211738586,0.7954110503196716,0.1869918406009674,0.0,-1.888155273885359,-0.1372892430593341,-0.4180985733409472,-0.5888317884208623,1.895678399646536e-15,5.965281756735198e-16,8.056556473256195e-23,2.622844150949624e-22,4.1735234267294264e-30,1.2829100893727344e-30,0.6647111537702441,0.3348493458790285,0.0004395003507273,163.9208984375,-1.362047039590487,-0.4093625752732092,-0.6776162950632011,0.1938774709059024,0.006289708606742,0.0113838660589011
205.0,1370.0,0.5601786598824573,0.0836102981234905,0.3560208507798326,0.0001901912142195,9.894003463748444e-13,0.9989617234914976,0.0009024579041661,0.0001358186043365,0.0001440521124865,0.0001611482448878,0.9996947996426256,1.3985642811850053e-06,1.0337256895318336e-06,1.7662064047367008e-07,0.6515119250789783,0.3484831931026383,2.272907772229671e-06,0.5595970395393369,1.3473652797147287e-05,0.124067282890874,0.635548756631566,7.59072016191933e-05,mixed_higher_order,-2.3691945457669896e-31,1.3390950128179534e-30,-3.3121579870339415e-33,-4.07392351769316e-32,1.4350906841418728e-32,-6.744088234232998e-33,5.706332135400713e-25,1.803238347316e-24,-3.287706200804466e-25,-1.973259800685704e-24,1.563601252923148e-22,1.9422727253294702e-23,3.42581616647647e-41,-3.063725307191324e-39,-9.40668163098881e-40,2.4604517537528003e-39,9.06414308952189e-40,6.032779204207955e-40,-1.5630314106326549e-37,1.470422339633139e-36,-1.0210229212387844e-36,3.564750774157039e-37,-4.081988877591906e-40,2.7315921756368366e-39,3.198585291409641e-31,-1.7629053687052195e-30,-1.6425491359860344e-30,-3.710711052775312e-30,1.3226954160607337e-30,5.4736172230164754e-30,-3.410272437057683e-31,-1.3321577482617508e-30,4.345535134888069e-30,1.626548775283107e-30,1.0504792215784869e-29,1.2935613879580226e-30,1.7592565587726404e-39,-1.8936085561643047e-39,-1.9808767520501945e-39,-1.2405812759023762e-39,7.137536843727215e-40,3.119773728708265e-39,-0.8476282358169556,0.2122477740049362,0.0556167662143707,-0.4829032719135284,0.0045486576855182,-0.0051720850169658,-0.0008231506799347,-0.0103019317612051,0.5792384147644043,0.7934209704399109,0.1869918406009674,0.0,-1.848424568258653,0.0482046484259384,-0.3993478200472401,-0.4611964993931169,1.847256067278756e-15,3.3909925317759687e-16,9.120671363045151e-23,2.594491487313668e-22,4.0635260904239645e-30,7.171479391109061e-31,0.7635701844743776,0.2363956020839895,3.421344163279105e-05,19.10460662841797,-1.1464802805511398,-0.2028410830830593,-0.6681881037170979,0.2332880105294907,0.0056353223341363,-0.0009389176313749
205.0,1375.0,0.7229919813342993,0.0431660354184686,0.2336777496628224,0.0001642335844095,7.140482677254435e-13,0.9994158471051764,0.0004466451759115,0.0001375077189122,0.0003382907246423,8.601969220842955e-05,0.9995756895831492,7.352279414666252e-07,1.0480687584125916e-06,3.449737395335676e-07,0.2990380437473214,0.7009574294678359,2.398514403279469e-06,0.7225696434754686,3.7131290805548376e-06,0.1637981547274804,0.3232093241636849,0.0005415993347827,ED_dominated_with_EQ,-2.042615090027897e-31,1.3064854588939662e-30,-4.340162226285936e-33,-2.7615852573985277e-32,1.4086659609316625e-32,-6.492786387049124e-33,4.065223820539366e-25,1.7351706966386265e-24,-5.923616660770387e-25,-6.758050897130772e-25,9.631921316912179e-23,1.0355187814235395e-23,-3.6366565552940926e-40,-1.502371173700845e-39,-6.728619552380305e-40,1.7185199097910828e-39,1.0365287233779213e-39,-2.161412584614111e-40,-5.183978103354813e-38,6.951440617323651e-37,-9.989699823074464e-37,3.755770109601005e-37,-1.835793624823597e-40,1.965627250415908e-39,-3.032620007495519e-31,-1.7062412992260867e-30,-1.3389568212638178e-30,-3.674324174891951e-30,1.642219635314782e-30,5.380564660816625e-30,-3.5911018879099604e-31,-1.2995182091708536e-30,5.005912892009596e-30,1.4745526693278746e-30,6.933645038048425e-30,7.359531949285431e-31,-6.202659334093059e-39,-2.6283240921902024e-39,-2.712134623340621e-39,-1.1490309026046092e-39,8.764302245939858e-40,3.0483273416190903e-39,-0.8419118523597717,0.2486023902893066,0.0381976217031478,-0.4772332608699798,0.004179551731795,-0.0042341817170381,-0.001325384597294,-0.0092658521607518,0.5819476842880249,0.7914358973503113,0.1869918406009674,0.0,-1.8255117274359252,0.0846143748172783,-0.4115901251426834,-0.4459526863506934,1.838429251809408e-15,2.9664873800401573e-16,9.532871647662052e-23,2.5404120059322693e-22,4.0682116819294214e-30,6.282581077217787e-31,0.7706541125489104,0.2292982562449666,4.763120612294447e-05,13.081212997436523,-1.1144937724343245,-0.1742447098679287,-0.649010052943611,0.2440045848070334,0.0019229758096123,-0.001685540952187
205.0,1380.0,0.7760413964961441,0.02662110003722,0.1971900640624087,0.0001474394042271,6.431838550513078e-13,0.9995616466939468,0.0003013010157056,0.0001370522903476,0.0005501730150199,9.775373434941627e-05,0.9993520732506306,3.657197103106417e-07,8.486241489571993e-07,4.834878324362589e-07,0.1235801338152818,0.8764159204931401,2.247859886434419e-06,0.7757012161843558,2.6023119411276467e-06,0.1728205115073572,0.2540973522195197,0.0012098067140865,ED_dominated_with_EQ,-1.8788857203588686e-31,1.2962767971822676e-30,-4.645555144236878e-33,-2.22613628429946e-32,1.3884108718167803e-32,-6.516627685748536e-33,3.3210512662987974e-25,1.673641345164202e-24,-4.822827738728119e-25,5.33563558654761e-25,7.235947108697643e-23,7.239622842331737e-24,-4.249119297697433e-40,-8.618303892582899e-40,-5.663522483392341e-40,1.34970185083376e-39,9.912607739462856e-40,-4.8787612225024e-40,-1.8894046252251642e-38,3.945113378801515e-37,-9.770332673961047e-37,3.895032030360058e-37,-4.4618568359265934e-41,1.68389444544831e-39,-5.390379951872728e-31,-1.597387161008537e-30,-1.2611420981332021e-30,-3.6684481346624695e-30,1.8001797838719996e-30,5.265835192521514e-30,-3.731864545351281e-31,-1.2704050256435121e-30,5.2039454974603695e-30,1.3740922357126774e-30,5.4198307821645256e-30,5.480408828288341e-31,-9.615791191375578e-39,-2.7757463625131373e-39,-2.9646131952786365e-39,-1.0824577119230658e-39,9.583149531264978e-40,2.9643410224077345e-39,-0.8336700201034546,0.2741272449493408,0.0229622274637222,-0.4787209630012512,0.0039062723517417,-0.0036894278600811,-0.0015509971417486,-0.0088054342195391,0.5846304893493652,0.7894561886787415,0.1869918406009674,0.0,-1.806485334598558,0.1065026127811924,-0.4274746357512753,-0.439972807053737,1.8358051258408376e-15,2.7374712549107443e-16,9.852942244082904e-23,2.4863324631387734e-22,4.087968377786011e-30,5.818064390881103e-31,0.770180319684431,0.2297809655708693,3.871474469963054e-05,11.438230514526367,-1.1017788335824257,-0.1596971049633463,-0.6301668603062082,0.2512217533703498,-0.0015127324910853,-0.0013673437964308
205.0,1385.0,0.7998995085049189,0.018471310089357,0.1814941664542425,0.0001350149514815,6.106806962484854e-13,0.9996340383326792,0.0002304243843376,0.000135537282983,0.0008443920601362,0.0008494421354151,0.9983061658044486,1.687382222167529e-07,6.352429697731167e-07,5.458790386854989e-07,0.048501854493077,0.9514947838665948,2.0117800976386896e-06,0.7996067759470974,1.5690309086219578e-05,0.1726907526834273,0.2268962094919533,0.0017434100015292,ED_dominated_with_EQ,-1.761211984668977e-31,1.2932850218055251e-30,-4.602159082314602e-33,-1.9274748666527966e-32,1.368372794302354e-32,-6.613780381305476e-33,3.511721476334882e-25,1.692119488198941e-24,-1.9943231860265731e-25,1.7218243115323985e-24,5.915596729913583e-23,5.6170724255453424e-24,-3.7508789099721324e-40,-4.896448391914007e-40,-5.862571135560229e-40,1.0433327497292914e-39,9.613416300332195e-40,-5.536965867560004e-40,-4.4341944729404944e-39,2.337890328383671e-37,-9.547903299999506e-37,4.012628125164814e-37,-9.049197130452675e-41,1.5032383293183814e-39,-6.371262269624415e-31,-1.4859997382703655e-30,-1.2728306442970616e-30,-3.6579459116409214e-30,1.909956661954391e-30,5.143945231301062e-30,-3.9109897748838653e-31,-1.2337715893763134e-30,5.256209795772627e-30,1.2851685527515282e-30,4.5117077438465e-30,4.4712281351286044e-31,-1.1688212917510002e-38,-2.7843177104684173e-39,-3.06377652755778e-39,-1.0167236757283995e-39,1.0146961996198934e-39,2.880539753093568e-39,-0.824405312538147,0.2962163686752319,0.0078923255205154,-0.4821126163005829,0.0039003356359899,-0.0035049982834607,-0.0018208859255537,-0.0082256887108087,0.587287425994873,0.7874817848205566,0.1869918406009674,0.0,-1.7890837110429472,0.1237950605947186,-0.4449555985176027,-0.4363788318472801,1.835837309394196e-15,2.565849077626771e-16,1.01350353333361e-22,2.4318679720303853e-22,4.114532220147134e-30,5.4769973976498675e-31,0.7674157540433012,0.2325658411786358,1.840477806291929e-05,10.64170742034912,-1.0952675939360337,-0.1491549333933109,-0.6113822795398591,0.2569411998662724,-0.0048640062364117,-0.0005633792222169
205.0,1390.0,0.8134178729854888,0.0138901263906677,0.1725663351781365,0.0001256654457068,5.906773705899702e-13,0.9996774071205542,0.0001889671237221,0.0001336257557236,0.0010406732255785,0.0029472930045965,0.9960120337698248,2.1620439675785245e-07,6.216690694421348e-07,5.636832100274492e-07,0.0174495314854589,0.982547208004695,1.858953169807328e-06,0.8131554701716498,4.093827234417681e-05,0.1695545708248804,0.2121496722770131,0.0021625195895836,ED_dominated_with_EQ,-1.6655445816242226e-31,1.2931789184067931e-30,-4.5895630095984396e-33,-1.732897963118008e-32,1.349034060361653e-32,-6.727166170417148e-33,3.4321850284540468e-25,1.6119340974134519e-24,8.695409406230409e-26,2.772146870198529e-24,5.077840253518232e-23,4.595622252142483e-24,-4.628718555659718e-40,-4.938114093626427e-40,-4.830941845935344e-40,1.041071670272844e-39,9.459668383373342e-40,-5.472612322874313e-40,3.8391924537090405e-39,1.3591005820881133e-37,-9.33534994457057e-37,4.11627239653587e-37,1.4242191734518236e-40,1.3961080127201808e-39,-6.885794345712438e-31,-1.3798657239677552e-30,-1.3036425182464073e-30,-3.6460777093419384e-30,1.992221793559669e-30,5.0259432209657185e-30,-4.072825131093008e-31,-1.2050265786087152e-30,5.261926176983423e-30,1.2148209444699012e-30,3.886844775123383e-30,3.8449378422200008e-31,-1.3131953016828972e-38,-2.745019877674637e-39,-3.116350902686193e-39,-9.653821359198149e-40,1.0608082265084727e-39,2.7969636277847e-39,-0.8148784041404724,0.3158688247203827,-0.0066065043210983,-0.485838383436203,0.0037528723478317,-0.0032432021107524,-0.0019584847614169,-0.0078631229698657,0.5899184346199036,0.7855126261711121,0.1869918406009674,0.0,-1.7725829693689688,0.1382820761698448,-0.4622109096028728,-0.4334860714838532,1.8364178308251023e-15,2.423045568221536e-16,1.0380645346513536e-22,2.3790113278067813e-22,4.1417574863467535e-30,5.195837080612037e-31,0.7638245303755492,0.2361482450846476,2.7224539803194503e-05,10.140917778015137,-1.0912382479787084,-0.1405455908159429,-0.593479037696931,0.2616850354083779,-0.0078029081795649,0.0002447542801932
205.0,1395.0,0.8229854975195545,0.011042958402434,0.1658537266885671,0.0001178173894441,5.761826720523938e-13,0.99970771717276,0.0001609337777589,0.0001313490494808,0.0012377325828255,0.0069849583292397,0.9917773090879348,1.572930140028469e-07,5.595508124602149e-07,5.489063843257709e-07,0.0049884480398885,0.9950086235793062,1.6626305945428105e-06,0.8227449529915621,7.713460427252984e-05,0.1650258883078896,0.2015269129145576,0.0025006514965632,ED_dominated_with_EQ,-1.5805582446571342e-31,1.2950606923026976e-30,-4.5104007535892765e-33,-1.5927084866315694e-32,1.329256875900951e-32,-6.852049713994873e-33,3.312980259476131e-25,1.5594036605663455e-24,4.364697993811792e-25,3.761922124633284e-24,4.4960001033237713e-23,3.8812642742882045e-24,-4.029990685021787e-40,-3.960416269277381e-40,-5.012932067645525e-40,9.404381652439752e-40,9.042935629435994e-40,-5.443960009466892e-40,8.730557899696167e-39,7.061371916257965e-38,-9.12501582995562e-37,4.208610965143583e-37,2.8688503801805074e-40,1.2668920480394855e-39,-7.221874786574261e-31,-1.2729508260053638e-30,-1.335930653692159e-30,-3.633975090872746e-30,2.058117970787728e-30,4.906925701462301e-30,-4.189702318569646e-31,-1.1759526414128452e-30,5.236654925875638e-30,1.1456881204009738e-30,3.415360572162794e-30,3.338649925371786e-31,-1.4235928474143368e-38,-2.6866168330302357e-39,-3.131072570707297e-39,-9.16063230246731e-40,1.097589832733507e-39,2.7169726685251578e-39,-0.8050110936164856,0.3341707587242126,-0.0211091935634613,-0.4896843433380127,0.0036342234816402,-0.0030453200452029,-0.0021056372206658,-0.0075458874925971,0.5925242304801941,0.7835490107536316,0.1869918406009674,0.0,-1.756851480877606,0.1512024975432037,-0.4797547494798998,-0.430804004761256,1.83786622443942e-15,2.294848520483767e-16,1.060301357388881e-22,2.3266082330797134e-22,4.1708901321271325e-30,4.9435465313451945e-31,0.7597354383864184,0.2402977282894363,3.316667585484545e-05,9.768025398254396,-1.0889092275234873,-0.1328960462992112,-0.5759563795960215,0.265640781318404,-0.0105509278756211,0.0012241511707546
205.0,1400.0,0.8305815938865392,0.0091389536721264,0.1601684855033683,0.0001109669379659,5.64323413190554e-13,0.9997308144299438,0.0001401444766951,0.000129041093361,0.0014667572794669,0.0132998872808663,0.9852333554396666,2.3045169268262e-07,5.843807827040198e-07,4.627268110160717e-07,0.0007360542988118,0.9992610910702706,1.577071631250416e-06,0.8303580133067107,0.0001215470537043,0.1600501355791686,0.1928389536708756,0.0027835999289159,ED_dominated_with_EQ,-1.5027889156423904e-31,1.297776708205726e-30,-4.402983005427082e-33,-1.4828279713130327e-32,1.310207590977064e-32,-6.974474726354302e-33,3.560229754490683e-25,1.5328461086651587e-24,8.15356491169496e-25,4.667953035516404e-24,4.064477459259492e-23,3.376509284636953e-24,-4.10139596041022e-40,-5.327303073877666e-40,-4.310135074017279e-40,9.800267398823384e-40,8.411524647464884e-40,-4.472931920569993e-40,1.1322767611170231e-38,2.436506412386829e-38,-8.922053256438297e-37,4.289086271878261e-37,3.487430523508425e-40,1.1937504813270988e-39,-7.245903433230125e-31,-1.1746991573599388e-30,-1.3894742342369492e-30,-3.616850505165047e-30,2.114064686820388e-30,4.7915508643896734e-30,-4.334962579307811e-31,-1.1441660035242082e-30,5.1927319855663656e-30,1.0799209822782172e-30,3.0288301220994586e-30,3.034623109887639e-31,-1.5138245007500223e-38,-2.6029362060807652e-39,-3.1252610063302933e-39,-8.64947525703071e-40,1.1280773141301668e-39,2.640508160049268e-39,-0.7950981259346008,0.3510960638523102,-0.0352583229541778,-0.4931779503822326,0.0035870112478733,-0.0029434864409267,-0.0022447321098297,-0.0071651022881269,0.5951047539710999,0.7815908789634705,0.1869918406009674,0.0,-1.7416720943716528,0.1627519643173634,-0.4967985445149118,-0.4278990303841156,1.839350884611031e-15,2.176073260288657e-16,1.0797531628657634e-22,2.2757113467554817e-22,4.1995580056009476e-30,4.707581779790488e-31,0.7554710066794201,0.2445240175938053,4.9757267746031175e-06,9.463789939880373,-1.0872957827465817,-0.1259057925762417,-0.5591304207752178,0.2687899907127266,-0.0130452829452373,0.0022786339210384
205.0,1405.0,0.8371869162588447,0.0077608777615789,0.154947300157137,0.0001049058224394,5.54097107410221e-13,0.9997482465026136,0.0001249978628926,0.0001267556344936,0.0015887818464063,0.0221495703075362,0.9762616478460572,2.937527015358008e-07,6.760941480655358e-07,4.186853981964987e-07,0.0003030554055452,0.9996939328299234,1.623232283598458e-06,0.8369761515247105,0.0001719001076282,0.1548998758754669,0.1850808907162015,0.0030308406757529,ED_dominated_with_EQ,-1.4285513364057936e-31,1.301187730175373e-30,-4.2568893070982095e-33,-1.400415309159958e-32,1.2923088338973776e-32,-7.088292683248269e-33,3.75739530738634e-25,1.458619439139636e-24,1.1850256131744907e-24,5.4977166030182286e-24,3.722184899198194e-23,2.9355398308176094e-24,-3.323163080669329e-40,-6.698452794807727e-40,-4.868628268840328e-40,1.0246157505862284e-39,8.191854110299347e-40,-3.547648601041536e-40,1.3201409165801127e-38,-1.0683611761446455e-38,-8.723764411632287e-37,4.363078579413399e-37,5.919996338789946e-40,1.0928681952569192e-39,-7.277224706623924e-31,-1.0807310429543937e-30,-1.4344121296897456e-30,-3.598465413305446e-30,2.162135265330164e-30,4.6791963454301695e-30,-4.460867933867099e-31,-1.1160922469394282e-30,5.140665826119245e-30,1.0203565797019927e-30,2.6992901066546475e-30,2.7381955326871327e-31,-1.591865203245868e-38,-2.5184204211608037e-39,-3.1124985698456827e-39,-8.191439598669582e-40,1.1563683355114574e-39,2.56094711916074e-39,-0.7850527763366699,0.3671855628490448,-0.0493321865797042,-0.4963657259941101,0.0035451522562652,-0.0028604962863028,-0.0023585066664963,-0.0067887511104345,0.5976606011390686,0.7796382308006287,0.1869918406009674,0.0,-1.7270039980782443,0.1734290127296382,-0.5136632622768832,-0.4248065308109441,1.841106439263646e-15,2.0629384687908427e-16,1.0973695250367593e-22,2.2256775020776753e-22,4.228728262781415e-30,4.482088128053813e-31,0.7511538497422072,0.2488642482697301,1.8098011937306424e-05,9.198659896850586,-1.0862740353371338,-0.1192601335607911,-0.5428197767710733,0.2714843304747947,-0.0153095027694891,0.0032999432704207
205.0,1410.0,0.843238124997268,0.0067774099438984,0.1498850035756892,9.946148314439284e-05,5.450223646005436e-13,0.9997635077143074,0.000112121096689,0.0001243711890033,0.0018793040878324,0.0338104885649827,0.9643102073471848,3.056539850183852e-07,6.863881706090064e-07,3.646352596347635e-07,0.0016831998442823,0.9983139623229442,1.481155358236487e-06,0.8430387056857044,0.0002291475414083,0.1496322918124349,0.1777493203075641,0.0032425097089947,ED_dominated,-1.3580171739610083e-31,1.3051802368458898e-30,-4.155498195215415e-33,-1.3260581864686195e-32,1.2726514246836043e-32,-7.228133612686011e-33,3.9488412862760827e-25,1.4772322419908728e-24,1.5976156474197024e-24,6.2859499295033134e-24,3.454122396255952e-23,2.5800677686790964e-24,-2.448548803634693e-40,-7.110041402631359e-40,-5.250457485506781e-40,9.970918079211531e-40,7.699031992596245e-40,-2.8609309685832923e-40,1.4119170107521422e-38,-3.684652649025578e-38,-8.52896626179908e-37,4.427662325159053e-37,4.565397144845611e-40,1.0778176569352949e-39,-7.061238526728626e-31,-9.944789308155814e-31,-1.4966580008867524e-30,-3.5731726751565645e-30,2.2027818535596156e-30,4.567651943219423e-30,-4.52378439120312e-31,-1.0897284662662095e-30,5.0866799996824686e-30,9.645465487148996e-31,2.4089190807113208e-30,2.529406291330482e-31,-1.659431995498338e-38,-2.4228825892857365e-39,-3.091866507822354e-39,-7.795304125315463e-40,1.1744083671461249e-39,2.4906630428231443e-39,-0.7749035954475403,0.3823514580726623,-0.0633001327514648,-0.4992673695087433,0.0034675027709454,-0.0027343144174665,-0.0024774633347988,-0.0065115736797451,0.6001920104026794,0.777691125869751,0.1869918406009674,0.0,-1.7128278009368103,0.1832237352908394,-0.530295677538029,-0.4214737617148251,1.8430704497870885e-15,1.9550684449439047e-16,1.1130152571704467e-22,2.176581749269849e-22,4.257988141760527e-30,4.264107963679188e-31,0.7466877197786161,0.253323351478895,1.1071257511208188e-05,8.962501525878906,-1.085743255365298,-0.1129696838546678,-0.5269416814828022,0.2735524750645715,-0.0174424250533246,0.0044331074072584
205.0,1415.0,0.8488267801983735,0.0060312708893843,0.1450474166153902,9.453229685194218e-05,5.367053090108882e-13,0.9997764204397128,0.0001018187520292,0.0001217608082578,0.0020574543361623,0.0478894918594066,0.950053053804431,5.209643682216991e-07,7.773288665438191e-07,3.710720395936441e-07,0.0038855144333353,0.9961113542765794,1.4619248108293045e-06,0.8486369998800967,0.000288834498159,0.1444833785990756,0.1708798779669653,0.0034286817786008,ED_dominated,-1.2897207889469295e-31,1.3094380131645032e-30,-4.0342283067748436e-33,-1.265066515000434e-32,1.2527351658346314e-32,-7.342508175386812e-33,4.183948215987178e-25,1.4491909117514015e-24,1.9965090506471727e-24,6.997993250290185e-24,3.2330365441372666e-23,2.313224975052372e-24,-3.749420179955166e-40,-8.930921564560977e-40,-4.136349499379851e-40,1.108505001799338e-39,7.885765434290746e-40,-2.154154670466015e-40,1.4510286966227504e-38,-5.734219381698097e-38,-8.340900721656977e-37,4.485900459045163e-37,5.196824212380326e-40,1.0228914349461022e-39,-6.915032208836014e-31,-9.124508103958651e-31,-1.5468815735741555e-30,-3.547042192261372e-30,2.2383853645518106e-30,4.4594936867701015e-30,-4.675730703140984e-31,-1.0565794804691914e-30,5.0293209357837386e-30,9.101399911613113e-31,2.1533097729428328e-30,2.404383070537006e-31,-1.7197392289653542e-38,-2.3173438863091515e-39,-3.0680027830710226e-39,-7.3432326410518366e-40,1.1916409782252223e-39,2.425059296804177e-39,-0.7647947669029236,0.3967139422893524,-0.0769920945167541,-0.501726508140564,0.0034398799762129,-0.0026571755297482,-0.0025749038904905,-0.0061887302435934,0.6026992201805115,0.7757497429847717,0.1869918406009674,0.0,-1.699086799194409,0.1923058702789778,-0.5464397151220731,-0.4178300166110558,1.844986363908512e-15,1.850498324463812e-16,1.1268518849265437e-22,2.128805669009011e-22,4.2867855476529665e-30,4.050370597178609e-31,0.7423118808449035,0.2577022021010734,1.4082945976934267e-05,8.747344017028809,-1.0854361172005218,-0.1069091863343881,-0.5116870833129983,0.2751953773962757,-0.019349606625005,0.0055203918282835
205.0,1420.0,0.8540648740610487,0.0054454980863218,0.1403995191124403,9.01087401890246e-05,5.289887675995037e-13,0.999787094121092,9.337443250176524e-05,0.0001195314464061,0.0021355764874434,0.0639512684343684,0.933913155078188,6.444082699454805e-07,7.917058452547548e-07,2.987421680802087e-07,0.0064835266000924,0.993513157685061,1.5808585633031227e-06,0.8538830386283924,0.0003482465098772,0.1394887695708646,0.1643897593456168,0.0035932902995887,ED_dominated,-1.223139386795619e-31,1.3139080007958678e-30,-3.977600929837705e-33,-1.2116418995682682e-32,1.2356680773787076e-32,-7.449742079547218e-33,4.2338278139891405e-25,1.3972068152169778e-24,2.374842178396112e-24,7.628074403435921e-24,3.046076029980022e-23,2.060641194501673e-24,-3.485277743154334e-40,-1.0046767737379236e-39,-3.6622319838778836e-40,1.1203635073381138e-39,7.147493104462518e-40,-1.1569115741036364e-40,1.473211069193257e-38,-7.397167934084983e-38,-8.159401353900278e-37,4.538507575387967e-37,6.389700453205185e-40,9.893487296901648e-40,-6.754803873037e-31,-8.339487609415254e-31,-1.592287922185959e-30,-3.521374968281636e-30,2.2677685407675512e-30,4.3553239605010544e-30,-4.7539344137993555e-31,-1.0399807050765209e-30,4.971962163992354e-30,8.625688218691374e-31,1.9209119508118232e-30,2.2565645145724584e-31,-1.7740779052688546e-38,-2.217646919604684e-39,-3.0424295845126415e-39,-7.002597210325173e-40,1.2080384009783446e-39,2.351021698467536e-39,-0.7546995878219604,0.4102968573570251,-0.0904584228992462,-0.5038140416145325,0.0033424673601984,-0.002521255519241,-0.0026374654844403,-0.0059657576493918,0.6051826477050781,0.7738139033317566,0.1869918406009674,0.0,-1.6857478866115911,0.2007113281079938,-0.5621283785745266,-0.4139228202556446,1.8468526615713178e-15,1.7493283648895252e-16,1.1390148850727926e-22,2.0822441410952411e-22,4.3149596055176375e-30,3.841745341522333e-31,0.7379325078331352,0.2620538612899016,1.3630876963155458e-05,8.549097061157227,-1.085306431500402,-0.1010330283632228,-0.4970338755409557,0.2764653816531253,-0.0210175281113914,0.0065433698735392
207.5,1332.5,0.6396473611642547,0.0020400493176335,0.3581060953237114,0.0002064941944002,7.90078331635833e-13,0.9997340087269884,9.02141012905602e-05,0.0001757771717209,0.0105098232908119,0.9337756570842576,0.0557145196249305,7.008902916453572e-06,5.428869474081895e-07,4.562560971003365e-06,0.2548346359765659,0.745151928949103,1.320723496113047e-06,0.6394772205483801,0.0019049483920575,0.2668434476988949,0.5598492498615243,0.0025478309547285,ED_dominated_with_EQ,-2.31517826145206e-31,1.2069092361807711e-30,-6.624656147280028e-33,-9.612193263033751e-33,1.6075848126614815e-32,-2.664914016037588e-33,-6.778558959996754e-25,2.022719416606421e-24,-2.4140698381144752e-24,-1.996267980433131e-23,4.0934132570553775e-24,2.714597317068484e-24,-1.3353058222675255e-39,5.49623043661198e-39,-6.981950459205254e-40,-1.4108468389035947e-39,2.0335003589063083e-39,-4.0853800254124446e-39,9.975488569501508e-38,-7.560657192919715e-37,-1.2920487672520263e-36,1.7664628807143593e-37,-1.7333368490962747e-39,-9.855484162214207e-41,-1.5091038012075051e-30,-3.837683816963791e-30,6.1580570376239975e-31,-3.2071525433361114e-30,8.932975594592372e-31,7.044837436271639e-30,1.5876583626015078e-32,-1.7197598791683627e-30,7.708260089930624e-30,2.095105984495445e-30,3.5161931456649794e-30,3.129442277910542e-31,-1.2385370877457435e-38,-4.439073358283885e-39,-4.871383215133415e-39,-1.651345249053873e-39,3.3939702898215687e-40,4.2373849071984174e-39,-0.9298373460769652,0.0020181224681437,0.1755905449390411,-0.3231275677680969,0.00394789269194,-0.003970094025135,0.0010509189451113,-0.0115286139771342,0.5484758615493774,0.8149896860122681,0.1869918406009674,0.0,-2.01141302569036,-0.0896370610044363,-0.1704970390900132,-0.3444003587292258,1.7928936676019472e-15,3.5627217124680873e-16,4.444260337416143e-23,3.2112331176608073e-22,3.709581802224984e-30,7.03076995812733e-31,0.8646329104810262,0.1353774778945785,1.0388375604630797e-05,14.163093566894531,-1.062388001012958,-0.203794745407376,-0.8938174979404202,0.1222009162705819,0.0586147185610959,-0.0070882279100228
210.0,1332.5,0.6245229302103354,0.0029023973158801,0.372358129818127,0.0002165426556572,8.111789022544941e-13,0.9997140935957052,0.0001015180889282,0.0001843883153667,0.0081204222401704,0.888744119428189,0.1031354583316405,7.087739156236017e-06,5.772266955216407e-07,4.5730649733701926e-06,0.2279189316468765,0.7720667460085292,2.084313769137121e-06,0.6243443751049593,0.0025794885467326,0.2874853296385028,0.596228115583713,0.0022182014032068,ED_dominated_with_EQ,-2.3241933281778213e-31,1.2082434018028728e-30,-6.748617686583914e-33,-1.0401220530114675e-32,1.660723244123108e-32,-1.849259244663799e-33,-8.558724120263351e-25,2.0984940970272342e-24,-1.3863324268765646e-24,-2.366879383833001e-23,7.39823168767745e-24,3.2403241867523612e-24,-1.4000694055352654e-39,5.7076409970458265e-39,-7.449727577984924e-40,-1.5025791607115326e-39,2.145042240040064e-39,-4.20506477820109e-39,9.632641052749694e-38,-7.389360736981734e-37,-1.367243921829482e-36,1.0825764710571693e-37,-2.244241829973055e-39,-2.0404342527125814e-40,-1.3329722490462416e-30,-4.30919005442106e-30,8.289594707823039e-31,-3.1387024493372412e-30,5.040125092710034e-31,7.447890710472074e-30,1.2436404128882928e-31,-1.80703678863708e-30,7.808033514482603e-30,2.1168879563412277e-30,3.8984055646323435e-30,3.3653777738486143e-31,-1.1435861358162612e-38,-4.50496548018415e-39,-4.9118965999802025e-39,-1.6718359797913727e-39,9.243623321437135e-41,4.506546323496659e-39,-0.9407550692558287,-0.0614133551716804,0.1930321753025055,-0.2716341614723205,0.0036886851303279,-0.0039166021160781,0.0015965037746354,-0.0119269425049424,0.5388306379318237,0.8213984966278076,0.1869918406009674,0.0,-2.0546853214052634,-0.1394849341326487,-0.1229147982553875,-0.2966685616471617,1.789381077172611e-15,3.579876089141847e-16,2.7436164545014915e-23,3.371523967268756e-22,3.7047112936876765e-30,7.044780526431272e-31,0.8888206466941087,0.1111913391626065,1.1985856715135412e-05,14.672557830810549,-1.063562407095697,-0.2045883012465945,-0.945836234868292,0.0748908104101572,0.0694966659342651,-0.0040705699750721
212.5,1332.5,0.6089290406759701,0.0039816738730782,0.3868626908158681,0.0002265946350834,8.36231831215605e-13,0.9996954157710352,0.00011281674477,0.0001917674841944,0.0064201436999033,0.8558508872802606,0.1377289690198361,7.195376428838404e-06,6.154574940141731e-07,4.585149340489004e-06,0.2063067916632511,0.793677760385865,3.051967620530323e-06,0.6087435704936216,0.0034077191171346,0.3070443140235875,0.6353165393235527,0.0019169701563248,ED_dominated_with_EQ,-2.328568424111325e-31,1.2113660444330573e-30,-6.883472409504846e-33,-1.1150580869146656e-32,1.7058069698811488e-32,-9.541069836994763e-34,-1.0476883900682941e-24,2.155269444814955e-24,9.770948466485369e-26,-2.7668602749068377e-23,1.0457878323510937e-23,3.719105689540613e-24,-1.4644044878707418e-39,5.950479302002265e-39,-7.896126949292734e-40,-1.6089082394848557e-39,2.2540343440372817e-39,-4.3415703430926204e-39,9.338712190882944e-38,-7.277613833761529e-37,-1.4388280129364855e-36,2.961222174411985e-38,-2.7933759912877067e-39,-4.014513986657135e-40,-1.1036860791148031e-30,-4.80396597397927e-30,1.0440207563634576e-30,-3.0258215370839516e-30,5.966544603977404e-32,7.829786076434239e-30,2.4656011160779833e-31,-1.88764966715209e-30,7.930156306643059e-30,2.1358099953098073e-30,4.2713854287809276e-30,3.5589881282217662e-31,-1.0503609931343064e-38,-4.57205203971802e-39,-4.967383332495422e-39,-1.6903313871486346e-39,-1.919788439538937e-40,4.767873964426133e-39,-0.9460074305534364,-0.1276567727327346,0.2035201042890548,-0.2172204107046127,0.0033807612489908,-0.0039378185756504,0.0021937349811196,-0.0122558725997805,0.5291104316711426,0.8276932239532471,0.1869918406009674,0.0,-2.0959332776928403,-0.195293006866808,-0.0806477368112204,-0.2421919814359621,1.788515588370799e-15,3.5904736406740673e-16,8.19294747870566e-24,3.519182398067589e-22,3.700166376115843e-30,7.0352741088489075e-31,0.9112532462486088,0.0887601585628578,1.3404811466832813e-05,15.19151210784912,-1.0663111291721454,-0.2049734212940426,-0.9953568991243964,0.0204852344730601,0.0812409645905119,0.0002868960480514
215.0,1290.0,0.5347546864772453,0.0428440226512392,0.4219386724441898,0.0004626184273255,1.288383973965782e-12,0.9994654369351452,0.0003891105438633,0.0001454525209912,0.0008399699395464,0.4251120948624617,0.5740479351979918,3.778150600080292e-05,3.68275265632416e-06,1.931332516817561e-05,0.1968685603625102,0.8030518072505495,1.8854803114916143e-05,0.5344688263730967,0.018213512221603,0.3388386134552043,0.7890322106829147,0.0014253409946562,clean_balanced_ED_EQ,-4.5297770823242e-31,1.2660336673346672e-30,-4.9988873529102955e-33,-2.605591987523279e-32,1.570174677790966e-32,4.071649911468012e-33,-2.8886251288558585e-24,1.611642011856656e-24,3.1591284508717495e-23,-6.737618139469652e-23,8.206115207370722e-23,2.726869624054874e-23,-5.3952648229787385e-39,1.5609973907637352e-38,-9.53457601756551e-41,-5.155594887496148e-39,5.4906126401587914e-39,-1.0454386737413099e-38,2.32277022190233e-37,-8.103930413290114e-37,-1.5984844167893473e-36,-5.8637879603541415e-37,-3.75243999979584e-39,-7.34741165547124e-39,1.4841681193186006e-30,-8.66358731119433e-30,2.140974263265453e-30,2.1306314076478813e-31,-3.6251415949770164e-30,8.450523855386728e-30,1.4794684681253285e-30,-2.0939643620130928e-30,1.074300787917278e-29,4.727372125609769e-30,1.1064653991610056e-29,2.3972300890142397e-30,1.011362304933088e-38,-2.530080876682349e-39,-6.271601222744232e-39,-3.386899848847452e-39,-2.9249585953739134e-39,5.708515748804766e-39,-0.7614070177078247,-0.6211967468261719,0.1754688620567321,-0.0569649711251258,0.0053845010697841,-0.0088765379041433,0.0086628990247845,-0.0139103597030043,0.4911806583404541,0.8507499694824219,0.1869918406009674,0.0,-2.190803485560664,-0.7937442602236389,-0.0114630080236174,-0.0417173911198608,1.8069604058453974e-15,6.850388397961031e-16,-1.2738250805688922e-22,3.6918025413714193e-22,3.2783955261410794e-30,1.204307053617578e-30,0.9657338306590768,0.0343028734133515,3.670407242850615e-05,24.516468048095703,-1.1511483847519484,-0.4118725833398783,-1.1798678519568293,-0.4328159119004472,0.2043486363338359,0.0958148083752756
215.0,1295.0,0.5431710778700575,0.0335704823742878,0.4228363986640278,0.0004220410916268,1.2117854431277974e-12,0.9995063312300074,0.0003388417678531,0.0001548270021393,0.0009895265473677,0.4776526123442758,0.5213578611083565,2.9920987624804744e-05,2.910107276214505e-06,1.5583856626637995e-05,0.186148814633459,0.8137882451393302,1.4525275683079505e-05,0.5429029312721498,0.016035028603736,0.3440992908498334,0.7784589715676702,0.0007324545543806,clean_balanced_ED_EQ,-4.060461168955077e-31,1.2607281984200122e-30,-5.9139454636148096e-33,-2.3659079088975763e-32,1.6084130693599888e-32,3.6123819007202065e-33,-2.5470315526191164e-24,1.7776478140209248e-24,2.5694832595874014e-23,-6.321910874856718e-23,6.824601031719955e-23,2.0626853364027378e-23,-4.281272794062552e-39,1.378653550194168e-38,-4.0854024165646556e-40,-4.4835047615975725e-39,4.689798757386623e-39,-9.303031797304653e-39,1.966178460483516e-37,-7.807682148240199e-37,-1.6044750131954067e-36,-5.095613143459991e-37,-3.882798501137805e-39,-5.958834313710839e-39,1.090966448838969e-30,-8.227184620466536e-30,2.0507683502566185e-30,-3.1856930287731403e-31,-3.1417339992064106e-30,8.545754243299521e-30,1.2977986726591186e-30,-2.1209965402851137e-30,1.0374096770197183e-29,4.188061032744696e-30,9.982590692560227e-30,1.8333402344755397e-30,6.519973851985485e-39,-3.4786570623339475e-39,-6.129774587662089e-39,-3.063292156932532e-39,-2.5382794627595847e-39,5.702731895859771e-39,-0.8047878742218018,-0.5620480179786682,0.1807401478290558,-0.058359071612358,0.0049306293949484,-0.0082863410934805,0.0076166475191712,-0.0139641026034951,0.4946164488792419,0.8487570881843567,0.1869918406009674,0.0,-2.2022316432225337,-0.7064028523923477,-0.0075839129924177,-0.0482296554744553,1.8136401493185922e-15,6.188754402383391e-16,-1.1189699455655642e-22,3.7314641804179535e-22,3.3575111609463376e-30,1.1060772676562232e-30,0.9636744715631438,0.0363257917576775,2.633208213698169e-07,22.65132713317871,-1.141898393897,-0.3677742826028422,-1.175162171595552,-0.373216893876925,0.1910001293745917,0.0776302679240419
215.0,1300.0,0.5509233421877096,0.0266629502044819,0.4220262493025895,0.0003874583052189,1.145752702860222e-12,0.9995354927297706,0.0003003208629409,0.0001641864072884,0.0012104459728779,0.5235068331136642,0.4752827209134579,2.398271299597793e-05,2.350265755268578e-06,1.2786424329928388e-05,0.1785955789178072,0.8213528291917913,1.2472487320231067e-05,0.5506674342899243,0.0139582366230156,0.3466324538578821,0.7660344316266009,0.000394294266292,clean_balanced_ED_EQ,-3.680534671026715e-31,1.2542355241916922e-30,-6.569624750502171e-33,-2.1684043379645434e-32,1.6457502796292154e-32,3.1312864454459904e-33,-2.3043063265670176e-24,1.9209601111020034e-24,2.067306554785953e-23,-5.886429825494218e-23,5.722652204376179e-23,1.6091929816970924e-23,-3.457344163456774e-39,1.2221587921323474e-38,-6.7395598399571094e-40,-3.9185350059417714e-39,4.1313104118679304e-39,-8.303044137354029e-39,1.6952876497170852e-37,-7.562567442934715e-37,-1.603529093564262e-36,-4.3717467383120985e-37,-4.299379365782813e-39,-4.8439258391461104e-39,7.270995393651563e-31,-7.796473460724048e-30,1.9697717839176517e-30,-7.882063780585476e-31,-2.6968714857456893e-30,8.584677726765138e-30,1.134159061962733e-30,-2.1205215790515262e-30,1.0008594049309336e-29,3.7335471326066776e-30,9.068302431230973e-30,1.4125318985858633e-30,3.494927173987804e-39,-4.0789567998015046e-39,-5.975462764375105e-39,-2.773310648994532e-39,-2.1891096904363107e-39,5.6532688792952066e-39,-0.8394572138786316,-0.5059160590171814,0.1869861632585525,-0.0646072030067443,0.004253823775798,-0.00762061169371,0.0069346614181995,-0.013929477892816,0.4980177283287048,0.8467658162117004,0.1869918406009674,0.0,-2.2055283355471853,-0.6278373514907675,-0.0054965335020005,-0.0600718369741309,1.8150394460513817e-15,5.642327921139749e-16,-9.688184460591384e-23,3.7543842151003512e-22,3.4210713478982854e-30,1.0228869544151055e-30,0.9607156414436526,0.0393800358138602,9.567725751291611e-05,21.17007064819336,-1.1316483872069052,-0.3320804620974766,-1.165452347884324,-0.3177405711546127,0.1771591873967873,0.0622180778847868
215.0,1305.0,0.5583328617026857,0.0211299079208062,0.4201812858913707,0.0003559444851373,1.086948829842531e-12,0.999564239499174,0.0002641298662819,0.0001716306345441,0.0014792402981083,0.5684799500755426,0.4300408096263491,1.9622672328219247e-05,1.851492947778283e-06,1.0675650241481683e-05,0.1734925433015362,0.8264650295303727,1.027735257350316e-05,0.5580895622952425,0.0120119289999207,0.3472651388523217,0.7525641328185314,0.000281383884239,clean_balanced_ED_EQ,-3.3639655963733963e-31,1.2469898674829932e-30,-6.871108164039792e-33,-1.983903310397569e-32,1.6713914355488786e-32,2.659868900853097e-33,-2.080421508567961e-24,2.0170607209704663e-24,1.6303794105511594e-23,-5.441579005795738e-23,4.7757777783739553e-23,1.2659280178920297e-23,-3.025953245867798e-39,1.0882059307475491e-38,-6.533017435002725e-40,-3.40742796739717e-39,3.6792640869114896e-39,-7.474630757933662e-39,1.4855179560227809e-37,-7.361439808557175e-37,-1.5972691781018147e-36,-3.678820111389565e-37,-4.2726542169659034e-39,-3.8927132611840945e-39,4.0191590541832e-31,-7.374733377313507e-30,1.873836148076721e-30,-1.213124322448535e-30,-2.275751228611205e-30,8.587855060133766e-30,9.763915702054297e-31,-2.111841201148777e-30,9.641531316766629e-30,3.366622817232329e-30,8.204418697344232e-30,1.1159374987284092e-30,7.975388140783974e-40,-4.4295985656338934e-39,-5.802565227623523e-39,-2.5384642399887523e-39,-1.8587089900358272e-39,5.5928289528970034e-39,-0.8677144646644592,-0.4514884650707245,0.1932462751865387,-0.0744205936789512,0.0039471434429287,-0.006982144434005,0.0061299195513129,-0.0138307325541973,0.5013851523399353,0.8447762131690979,0.1869918406009674,0.0,-2.2030853003475843,-0.5555661960814257,-0.0053878126313036,-0.0756254485845808,1.813309339165281e-15,5.177719509567137e-16,-8.219580725741528e-23,3.7641541654306425e-22,3.475734284455921e-30,9.51085611098769e-31,0.9568345565621044,0.0431114127136903,5.403072420528954e-05,19.92902374267578,-1.120800140565723,-0.3023547513568693,-1.152023848741054,-0.2653333928715459,0.1631433922050198,0.0488802289437017
215.0,1310.0,0.5654272383137688,0.0167944159311258,0.4174495261607007,0.0003288195944046,1.0351917286946882e-12,0.9995878956120048,0.0002339786778544,0.0001781257101407,0.0018177807579153,0.6105882878164101,0.3875939314256745,1.595680347102218e-05,1.451433799900904e-06,9.030424365749492e-06,0.170658349369564,0.8293067719339314,8.44003486787536e-06,0.5651942232677677,0.0102544736682627,0.3461937189856799,0.7382904428262584,0.0003347523715328,clean_balanced_ED_EQ,-3.1016613601497207e-31,1.2399743679033748e-30,-7.070258125125928e-33,-1.823264232283117e-32,1.692281043338745e-32,2.179326908808684e-33,-1.8637587721275123e-24,2.11127771866877e-24,1.2628156007203924e-23,-5.004562223521593e-23,3.986514747286017e-23,1.0092889419590285e-23,-2.614332992232853e-39,9.674889870535475e-39,-7.502125168223427e-40,-2.927979043433645e-39,3.364533490224356e-39,-6.746915084260002e-39,1.3234926844203937e-37,-7.208177090331234e-37,-1.5867720161889603e-36,-3.035486009778064e-37,-4.143242784120505e-39,-3.065280546823109e-39,1.1085851659957096e-31,-6.97629754910979e-30,1.7779202379920434e-30,-1.5832810915065253e-30,-1.8887792571507592e-30,8.559579310695174e-30,8.431423043376255e-31,-2.0946534483543083e-30,9.307907299126109e-30,3.0599442604760177e-30,7.437496746231944e-30,8.916457950650195e-31,-1.5381699842019744e-39,-4.6278640646981466e-39,-5.647703195366662e-39,-2.333600332555459e-39,-1.561390313241574e-39,5.513315700490143e-39,-0.890247642993927,-0.4002207219600677,0.1985618025064468,-0.0867248922586441,0.0038235599640756,-0.0064071184024214,0.0052865664474666,-0.013640958815813,0.5047189593315125,0.8427887558937073,0.1869918406009674,0.0,-2.196080973402945,-0.4903606976747674,-0.0076487678116491,-0.0930976099696948,1.809720937954566e-15,4.78658691603164e-16,-6.828446717617481e-23,3.761979495752109e-22,3.5222194297424335e-30,8.897476434854321e-31,0.952773162919502,0.0471620198941008,6.481718639717027e-05,18.895395278930664,-1.1102407816716964,-0.2777146868605162,-1.1357332050022917,-0.2172651281628294,0.1494685627899487,0.0377158329696184
215.0,1315.0,0.5724280570599932,0.0132953346887982,0.4139725098271252,0.0003040984240833,9.893878302214476e-13,0.999610429404716,0.0002049824602733,0.0001845881350106,0.002310942402548,0.6513717407836642,0.3463173168137876,1.3551769083778633e-05,1.3133453919447162e-06,7.664601547131499e-06,0.1701995521346165,0.8297699914693897,7.926679971073117e-06,0.5722050559210471,0.0086602053005439,0.3435019659478155,0.7231869659801439,0.0005042036927822,clean_balanced_ED_EQ,-2.883625966408818e-31,1.2336695914679498e-30,-7.240868182255581e-33,-1.663472566180991e-32,1.713719476091061e-32,1.6471994965006415e-33,-1.743076409033307e-24,2.169724029871152e-24,9.530506739468328e-24,-4.574378529965817e-23,3.305176765690846e-23,8.270257394272295e-24,-2.196232584743256e-39,8.825672765407537e-39,-8.487476719747741e-40,-2.70109127609645e-39,3.04498845788261e-39,-6.12457967758793e-39,1.1898028683457357e-37,-7.10821512040295e-37,-1.5727035645554814e-36,-2.4276980936411536e-37,-4.256986759587728e-39,-2.4635550079009464e-39,-1.4014726018692872e-31,-6.575707747051219e-30,1.6672722266565075e-30,-1.9267151751797483e-30,-1.5271242861017886e-30,8.50242428296655e-30,7.297687001407802e-31,-2.0696206463882093e-30,8.985009156566105e-30,2.8042967543538368e-30,6.736211271337489e-30,7.160636265126091e-31,-3.6207786817466876e-39,-4.7278220848258524e-39,-5.4848833594707033e-39,-2.1644474242512145e-39,-1.3001281971434618e-39,5.4079375607209344e-39,-0.9082645177841188,-0.3510870337486267,0.2028175443410873,-0.1015653535723686,0.003413799451664,-0.0057673365809023,0.0047862972132861,-0.0134593388065695,0.5080196857452393,0.8408032059669495,0.1869918406009674,0.0,-2.185969892627874,-0.4306530585630198,-0.0124638546768874,-0.1125681471008962,1.805649215957131e-15,4.456847456376966e-16,-5.487329905739352e-23,3.7499241452840964e-22,3.5655650145477994e-30,8.379620493220278e-31,0.9482514557299604,0.0516545397809531,9.40044890863634e-05,18.013111114501953,-1.1003956654620894,-0.2572106450702467,-1.117119794561352,-0.172443787675393,0.1361010286809844,0.0283560217545526
215.0,1320.0,0.5791095559250047,0.0104125467597446,0.4101953525331248,0.0002825447821258,9.484395102294137e-13,0.9996320351049724,0.0001792803540367,0.0001886845409909,0.0028075275999653,0.6953423349117527,0.301850137488282,1.1023174298399274e-05,9.866458742806773e-07,6.582224595539287e-06,0.1719621080972604,0.8280132485205726,6.051337398864908e-06,0.5788964639380492,0.0072402845762986,0.3396471863789941,0.7083208148377463,0.0007581693285452,clean_balanced_ED_EQ,-2.6965328550318347e-31,1.2279062975391686e-30,-7.168255770372238e-33,-1.5233747118193234e-32,1.723011611533199e-32,1.2010481918780785e-33,-1.530258875522127e-24,2.198046323132693e-24,6.875046710811337e-24,-4.1584858065008337e-23,2.693911362929399e-23,6.745142121934065e-24,-1.9940880008217893e-39,7.836106633168922e-39,-8.411512694166893e-40,-2.2681458610833297e-39,2.8352250524213997e-39,-5.5679592479494936e-39,1.085280249310367e-37,-7.058291980524319e-37,-1.5559821950236494e-36,-1.8570640321432373e-37,-3.8435110714629686e-39,-1.7813904472966113e-39,-3.562114735111e-31,-6.1966951192478564e-30,1.5444114059441012e-30,-2.2350808197089052e-30,-1.1881999324330011e-30,8.431776284344139e-30,6.1193542505267335e-31,-2.0464295428205978e-30,8.697911765715628e-30,2.581246528623876e-30,6.096715834805729e-30,5.7966709113920285e-31,-5.4998062381156783e-39,-4.7599868786519845e-39,-5.3476386633595405e-39,-2.0079217660817923e-39,-1.0399714761125003e-39,5.3097828242477647e-39,-0.9226085543632508,-0.3041630685329437,0.2056320160627365,-0.1175594851374626,0.0034647400025278,-0.0052808038890361,0.0039791031740605,-0.0131463706493377,0.51128751039505,0.8388200998306274,0.1869918406009674,0.0,-2.173338003769544,-0.3758218883736108,-0.0193203104386113,-0.1324413150729786,1.8011469789470133e-15,4.170345435959014e-16,-4.21376061275577e-23,3.7297824087293135e-22,3.6051561191260454e-30,7.92833757359429e-31,0.9437616081566232,0.0562934188991304,5.502705575355371e-05,17.244014739990234,-1.0911062898622728,-0.2396114398013871,-1.0968851135602269,-0.1309131877151774,0.1232583509814302,0.0203777759484037
215.0,1325.0,0.5853571300189688,0.0080483923396829,0.4063316016589758,0.0002628759823725,9.121021872458045e-13,0.9996512357422987,0.0001559193573104,0.0001928449003906,0.0035325993535921,0.7442739436906725,0.2521934569557354,9.261325557137282e-06,8.216729222313523e-07,5.669348847030921e-06,0.176505099831953,0.8234739137780758,5.234042644794218e-06,0.5851529783740277,0.0059902087070256,0.3346034743098309,0.6941601644893407,0.0010729088487699,clean_balanced_ED_EQ,-2.535495966510764e-31,1.2228918847758598e-30,-7.09039221606522e-33,-1.3892685444430192e-32,1.7331685831579974e-32,7.126142254016171e-34,-1.4194480946450747e-24,2.190087540630603e-24,4.6912659138815205e-24,-3.75905587857963e-23,2.1338885556233412e-23,5.560047544142575e-24,-1.7280475400238818e-39,7.10938433026174e-39,-8.588338627531941e-40,-2.0028949091044468e-39,2.5868874795845937e-39,-5.1064916550120197e-39,1.0033736896055584e-37,-7.07122993531836e-37,-1.536962722762986e-36,-1.3244685977337773e-37,-3.65440966712946e-39,-1.33093941776329e-39,-5.611771054613137e-31,-5.833463413716979e-30,1.434433004154256e-30,-2.5070979594884778e-30,-8.732561616806893e-31,8.340561022555128e-30,5.139912740688945e-31,-2.0154528857849946e-30,8.426615522512595e-30,2.3934921618435982e-30,5.498796076910983e-30,4.781869387331163e-31,-7.212545183026806e-39,-4.735533730439433e-39,-5.2085453370446015e-39,-1.8791998097031576e-39,-8.166264463974393e-40,5.1948644369409184e-39,-0.9335947036743164,-0.2593803107738495,0.207024872303009,-0.1345790475606918,0.0032515181228518,-0.004771321080625,0.0035265211481601,-0.0129017028957605,0.5145230293273926,0.8368393182754517,0.1869918406009674,0.0,-2.1587518599496605,-0.3253588209407244,-0.0282816621394199,-0.1523979425694996,1.7967407723792186e-15,3.920240674296462e-16,-3.005290295709125e-23,3.702343277148239e-22,3.642760078534775e-30,7.527749174222866e-31,0.938910554220831,0.061149708083439,6.026230427003121e-05,16.572471618652344,-1.082549960574252,-0.2244516537196162,-1.0753156328132798,-0.0926646929831259,0.1109987183431275,0.0138525342710363
215.0,1330.0,0.5910242074177499,0.006107037760915,0.4026236003862271,0.000245154435108,8.797915010155185e-13,0.999669779745837,0.0001341173989131,0.0001961028552498,0.0046124798671597,0.8020976835289371,0.1932898366039032,7.81592962964551e-06,7.251610382185693e-07,4.834068044128587e-06,0.1839427915239217,0.8160391845255336,4.6487918326336606e-06,0.59082903925376,0.0048984408412537,0.3285566345299111,0.6812303038234833,0.0014369513644236,clean_balanced_ED_EQ,-2.3962350907311805e-31,1.218496156673795e-30,-7.068746285173645e-33,-1.2527194591304422e-32,1.739148332922953e-32,2.380696742960492e-34,-1.3026285202983881e-24,2.2161199860338182e-24,2.91565624933324e-24,-3.377302421678147e-23,1.5993485943369286e-23,4.596019761729819e-24,-1.5127764020021626e-39,6.47114208602719e-39,-8.782755369883039e-40,-1.82378146522934e-39,2.391045334230085e-39,-4.647361156311672e-39,9.426030778132054e-38,-7.147044485303743e-37,-1.5161233763973262e-36,-8.305594064660745e-38,-3.5084340311341435e-39,-9.082773152828334e-40,-7.352589058914003e-31,-5.485000585752644e-30,1.3150224887011696e-30,-2.751819493253174e-30,-5.797632268365697e-31,8.236817587193421e-30,4.237608644288712e-31,-1.977497156365971e-30,8.189985041118079e-30,2.225931030298064e-30,4.926571900682948e-30,4.063170652361087e-31,-8.800864504671764e-39,-4.6764589628895255e-39,-5.0959087542434345e-39,-1.7583422929815398e-39,-6.139318430488838e-40,5.0775107225536135e-39,-0.9416967630386353,-0.21682870388031,0.206965371966362,-0.1520256698131561,0.0031375386752188,-0.0042798281647264,0.0029992260970175,-0.0126346908509731,0.5177267789840698,0.8348610401153564,0.1869918406009674,0.0,-2.142622401685575,-0.2791181558546624,-0.0390111333809603,-0.1719356403048153,1.7924920906820954e-15,3.7012881934595653e-16,-1.868945339910991e-23,3.6688339115965657e-22,3.6785041140607854e-30,7.175526492355663e-31,0.9338356414219168,0.066115100245394,4.925833268920599e-05,15.980484008789062,-1.0746035885975145,-0.2113262986936424,-1.052775195231888,-0.0576729014871975,0.0993512581756587,0.0085770855141555
215.0,1332.5,0.5935134443408762,0.0052752011580738,0.4009746544483344,0.0002367000527156,8.65067234060935e-13,0.9996783205409931,0.0001241399591431,0.0001975394998635,0.0051897475101797,0.8348221019871337,0.1599881505026864,7.332324105499042e-06,6.605056958986006e-07,4.590832724376167e-06,0.1890524583362064,0.8109307265414846,4.231459783157385e-06,0.5933225232571873,0.0044038545191881,0.3251626678565085,0.6755948972539875,0.0016396703378,clean_balanced_ED_EQ,-2.332353591021331e-31,1.2164805529181278e-30,-7.024952879308908e-33,-1.1881489251802122e-32,1.741169719462727e-32,9.981117390767192e-36,-1.2496171835492763e-24,2.1910975944869042e-24,2.1100085961230692e-24,-3.1921951998053095e-23,1.3371149521984766e-23,4.165612185297832e-24,-1.5292338596473964e-39,6.220327043373793e-39,-8.297826093702095e-40,-1.734240800560821e-39,2.359014846304151e-39,-4.486082371196941e-39,9.10712293217736e-38,-7.215720952014593e-37,-1.5051409280240995e-36,-5.914735062057229e-38,-3.3680750295715525e-39,-7.039206962136498e-40,-8.140341288311691e-31,-5.315667646276499e-30,1.2530334668245227e-30,-2.8655932058542202e-30,-4.3899942765766495e-31,8.181260852130719e-30,3.8197951591843805e-31,-1.9595611622292e-30,8.07554375970302e-30,2.1548970166114083e-30,4.6419483017507474e-30,3.736684860603259e-31,-9.57372798294026e-39,-4.63908551313484e-39,-5.0379603042252667e-39,-1.7086970142630146e-39,-5.1446046346936125e-40,5.016051051187003e-39,-0.9449343085289,-0.1960038244724273,0.2063834071159362,-0.160969853401184,0.0030423845164477,-0.00404983619228,0.0028287391178309,-0.0125036314129829,0.5193167328834534,0.8338729739189148,0.1869918406009674,0.0,-2.134148637255519,-0.2570733914911094,-0.0449573456576174,-0.181653544951656,1.790501835650226e-15,3.6002226738389956e-16,-1.3173661288016112e-23,3.6502232680639754e-22,3.696051752576705e-30,7.013787340674612e-31,0.9313440039195392,0.0686697470002895,1.3750919828581232e-05,15.70974349975586,-1.0708132013104052,-0.2053066125387916,-1.0412310529079316,-0.0409171374033535,0.0937297121742504,0.0061954387504834
215.0,1335.0,0.5956720462778584,0.0045396634621072,0.3995595933669968,0.0002286968930374,8.513233981912457e-13,0.999686513823042,0.0001150728246731,0.000198413352285,0.0058504029808861,0.8708854142021356,0.1232641828169782,6.850633247448353e-06,6.233115740252827e-07,4.333029582482513e-06,0.1950932357592098,0.8048913586177254,3.5986486607090823e-06,0.59548531132535,0.0039535266945355,0.321602063953908,0.670771099405624,0.0018514051500365,clean_balanced_ED_EQ,-2.271674779528788e-31,1.2145581505620716e-30,-6.922417888012944e-33,-1.1305901737465772e-32,1.7406530677782679e-32,-1.9123696069468763e-34,-1.1721655893774942e-24,2.1785320733178733e-24,1.4157509050100995e-24,-3.014977898744356e-23,1.0712606223216597e-23,3.76615720284886e-24,-1.4248678071026074e-39,5.99902152302471e-39,-8.494443639738521e-40,-1.6545680416683738e-39,2.2743065869667903e-39,-4.344451408223793e-39,8.876729730024048e-38,-7.3038921029257395e-37,-1.494016699264169e-36,-3.66107302357944e-38,-3.1189460027652514e-39,-5.077079810115045e-40,-8.958891637670917e-31,-5.152517903035239e-30,1.2000763061913752e-30,-2.9722017216106865e-30,-3.0418795547627732e-31,8.124718721254822e-30,3.3940570911185598e-31,-1.9395254131268113e-30,7.968529626471906e-30,2.0781215081905934e-30,4.3665333135415746e-30,3.4475337792257143e-31,-1.03194000374114e-38,-4.599659653993687e-39,-4.9909502703922687e-39,-1.649276597282793e-39,-4.184755579956918e-40,4.960203230536522e-39,-0.9475478529930116,-0.1759794503450393,0.2054747492074966,-0.1696332693099975,0.0030951262451708,-0.0038559718523174,0.0025096542667597,-0.0122918430715799,0.5208989381790161,0.8328855037689209,0.1869918406009674,0.0,-2.125389901883908,-0.236161114442706,-0.0511671172889337,-0.1908345797746945,1.788485587209862e-15,3.5040179090204613e-16,-7.930163737895475e-24,3.6305613817047727e-22,3.712840680763613e-30,6.857749872365647e-31,0.9288401489808072,0.0711527063893168,7.144629875943664e-06,15.457828521728516,-1.067118897602131,-0.1995908623493639,-1.0296682044651673,-0.0252319166744357,0.0883604518557454,0.0041491644013036
215.0,1340.0,0.5988428724733658,0.0033184315310312,0.397625053263286,0.0002136427323169,8.268569290226423e-13,0.9997059866368048,9.4146100369212e-05,0.000199867262826,0.0082924727838475,0.9454973318217472,0.0462101953944051,5.927654665122793e-06,5.441123913697377e-07,3.825984654359628e-06,0.2114301922286728,0.7885558794136158,3.630606000326672e-06,0.5986668046664043,0.0031375681584231,0.3135495735529164,0.6639889552680129,0.0023209167968425,mixed_higher_order,-2.158174890214921e-31,1.2110672367405474e-30,-6.8210798362737e-33,-9.797060547599892e-33,1.7381767709919686e-32,-6.4377346034771495e-34,-1.1102689038045298e-24,2.240277368704515e-24,2.3261940925060145e-25,-2.669716457361529e-23,5.109913024534206e-24,2.9539445889747423e-24,-1.2420577539232806e-39,5.565495263350012e-39,-8.632078644025642e-40,-1.4965692788511145e-39,2.1052578590327383e-39,-4.068926668245554e-39,8.516099718535637e-38,-7.567502001340527e-37,-1.4706638089626554e-36,6.764451494958976e-39,-3.1432465312148105e-39,-2.797186723246998e-40,-1.0291369612738669e-30,-4.8332096521082095e-30,1.0724621537958048e-30,-3.169240042952853e-30,-4.3324361489531104e-32,8.002448594659529e-30,2.675798033780439e-31,-1.9031222583290953e-30,7.782094655059354e-30,1.9526476632836283e-30,3.804371633250562e-30,2.907174649677557e-31,-1.1808795356923432e-38,-4.510306508330502e-39,-4.9027688170707114e-39,-1.563074290903104e-39,-2.472990309649674e-40,4.844919732022312e-39,-0.9513379335403442,-0.1366804540157318,0.2025449275970459,-0.1872796565294265,0.0030223329085856,-0.003403783775866,0.0020745124202221,-0.0120642706751823,0.5240399241447449,0.830912709236145,0.1869918406009674,0.0,-2.10730006613608,-0.1960895169986786,-0.0647595015880786,-0.2088714210697942,1.7849368107676413e-15,3.323281721078534e-16,2.2483288724189927e-24,3.587892696181969e-22,3.746686808929285e-30,6.5608135374014386e-31,0.9237461305429622,0.0762479676737782,5.901783259543159e-06,15.000093460083008,-1.060081415040152,-0.1889111539075756,-1.0060236495725072,0.0046272969653852,0.0779498710737479,0.0006791977069451
215.0,1345.0,0.5994781297871118,0.0024991623421513,0.3978230273614605,0.0001996805092762,8.069893585150399e-13,0.9997245348578012,7.449349762985451e-05,0.000200971644569,0.0103268118671757,0.9771315765736552,0.012541611559169,5.317985250621379e-06,4.812983927514895e-07,3.4237380277191982e-06,0.2352681771186992,0.7647198799654273,2.719894202478027e-06,0.5993129944588449,0.0024420104394998,0.304223177731339,0.6636155809432722,0.0028586736499743,mixed_higher_order,-2.054783524398876e-31,1.2076689796923705e-30,-6.669861815788871e-33,-8.205795173049163e-33,1.7337492425701644e-32,-1.0439037121671198e-33,-9.986577459464e-25,2.193362181863138e-24,-7.441610838449366e-25,-2.3431148162317413e-23,-1.2079278543902879e-24,2.3653213191483132e-24,-1.2245943231598675e-39,5.2564513889587074e-39,-7.858765774605277e-40,-1.4208337765179144e-39,2.01046998865961e-39,-3.8356163543228025e-39,8.236260523778636e-38,-7.984807202900427e-37,-1.4464250198554237e-36,4.772674317525541e-38,-2.7293218438736028e-39,-8.848395610074078e-42,-1.1640883698228158e-30,-4.531358114957913e-30,9.58787933891116e-31,-3.3430795439865794e-30,2.053009013140289e-31,7.874438775862082e-30,1.9601731500313974e-31,-1.864152954875484e-30,7.629247069770632e-30,1.8268659642280598e-30,3.2272711991308794e-30,2.5273108597198764e-31,-1.3312545266129962e-38,-4.4057039191534685e-39,-4.846111853466944e-39,-1.4644324839180325e-39,-7.970187797810261e-41,4.72521499673609e-39,-0.953266978263855,-0.0987085774540901,0.1984331309795379,-0.2047932296991348,0.0030159875750541,-0.003056303365156,0.0015953710535541,-0.0116823995485901,0.5271502733230591,0.8289430141448975,0.1869918406009674,0.0,-2.0884346707590127,-0.1585934502818359,-0.079386677139705,-0.2261497813598008,1.781582867985413e-15,3.157446752651699e-16,1.1911866886780924e-23,3.5416371446699384e-22,3.77946691932308e-30,6.287525997743431e-31,0.918479752282624,0.0814549980689565,6.524964841958525e-05,14.616668701171877,-1.0531770593577623,-0.1791923868405095,-0.9821000623619408,0.0324057153363095,0.0681594922893908,-0.0021647100391762
215.0,1350.0,0.5960840038086179,0.0022311433627603,0.4014988886823861,0.0001859641462354,7.928873344055263e-13,0.9997412492423232,5.641917872922956e-05,0.0002023315789475,0.0119906966649885,0.8324307307367735,0.1555785725982378,4.920096578557771e-06,5.301493551993023e-07,3.0483591258581657e-06,0.2695698746123379,0.7304189115951353,2.715187467122889e-06,0.5959297666209934,0.001857272299841,0.2932623812780449,0.6735609177851611,0.0035157464146673,mixed_higher_order,-1.9540872010530566e-31,1.204108160288634e-30,-6.484269056691277e-33,-6.475427791021388e-33,1.729357299210644e-32,-1.4463734442544096e-33,-9.558988935495103e-25,2.2561545884538334e-24,-1.4739786163053923e-24,-2.0362753418624317e-23,-8.656996670241517e-24,1.7197794327228566e-24,-1.021756119019781e-39,5.126577989672764e-39,-8.757951892668064e-40,-1.4755968573711987e-39,1.89754769175372e-39,-3.6509770718183314e-39,8.05634154738506e-38,-8.614483890499792e-37,-1.4216213060158483e-36,8.564076076998448e-38,-2.745530670785157e-39,4.492853828049714e-41,-1.3039583320574066e-30,-4.2439591976424216e-30,8.616183591822317e-31,-3.496428997395457e-30,4.4234072862108905e-31,7.740388950783793e-30,1.3629105282557306e-31,-1.8225458880769605e-30,7.499854675726242e-30,1.7120662269449415e-30,2.57722695616294e-30,2.095360338362566e-31,-1.4934619995759282e-38,-4.305314581124975e-39,-4.80662056592423e-39,-1.3800576119049568e-39,6.603869979961585e-41,4.603064921151437e-39,-0.9536851048469543,-0.0622680410742759,0.1930304169654846,-0.2215860337018966,0.0030233906581997,-0.0026726184878498,0.0011497230734676,-0.011347422376275,0.5302302837371826,0.8269763588905334,0.1869918406009674,0.0,-2.0691408660402577,-0.1233962165540181,-0.0949718277078465,-0.2417901182783939,1.778649618388616e-15,2.996968585556864e-16,2.094755469762896e-23,3.4925096622809844e-22,3.811976699843798e-30,6.014236805826812e-31,0.9134088719268276,0.0864911980633382,9.993000983421484e-05,14.324176788330078,-1.0461826056620835,-0.1697797678905001,-0.95812190316566,0.0577188090458865,0.0590143726361433,-0.0042718153842983
215.0,1355.0,0.5842536076551618,0.0029715344141663,0.412602064361855,0.0001727935688168,7.884151449664923e-13,0.9997588509771632,3.798553387875093e-05,0.0002031634889578,0.0082945450694029,0.4636248178974937,0.5280806370331034,4.44379115101248e-06,4.745991203605667e-07,2.690168556399088e-06,0.3223295379663275,0.6776610278305079,1.8256443368415048e-06,0.5841127154685869,0.0013776771016439,0.279604339020444,0.7062037083823727,0.0043985900909547,mixed_higher_order,-1.850803741701836e-31,1.1990320284227426e-30,-6.316337519912941e-33,-4.0036871124193426e-33,1.7204515455702978e-32,-1.7662762045527668e-33,-8.745846133382993e-25,2.1948369961170283e-24,-2.098887053382162e-24,-1.753889944115156e-23,-1.8827195302954637e-23,9.662501991015603e-25,-1.0442159149205583e-39,4.969422730676504e-39,-7.799481608922991e-40,-1.4647834069149551e-39,1.824157322152631e-39,-3.5046292438942116e-39,8.095382675288877e-38,-9.636500436029011e-37,-1.3969109191378749e-36,1.214015190229021e-37,-2.295031469830843e-39,1.719704244015756e-40,-1.4612429088769951e-30,-3.981680688766007e-30,7.8620991417844335e-31,-3.624742103344196e-30,6.750317483162314e-31,7.606421258101194e-30,8.352953501926671e-32,-1.7901984854450693e-30,7.428024447316e-30,1.6026850591148892e-30,1.7865051670029532e-30,1.5747062687859296e-31,-1.6835654254082986e-38,-4.2118832777300215e-39,-4.817132974861505e-39,-1.2985775372422778e-39,2.198033685448309e-40,4.48580598310092e-39,-0.9529507160186768,-0.0267238263040781,0.1865670084953308,-0.2371295392513275,0.0030302256345748,-0.0023328999523073,0.0006880610017105,-0.0109200300648808,0.5332801938056946,0.8250128030776978,0.1869918406009674,0.0,-2.049150546255979,-0.0897733066909949,-0.1105494477405393,-0.2556186380962373,1.7751128576184601e-15,2.8345337704991707e-16,2.9445738225712775e-23,3.4417223483496143e-22,3.841040515129162e-30,5.731680346991126e-31,0.9088438547424232,0.0911573875290037,1.2422714268378598e-06,14.188928604125977,-1.0379280590316182,-0.1602126623589871,-0.9345327025574084,0.081217555187461,0.0506428459786685,-0.0060604494670661
215.0,1360.0,0.5558113165450362,0.005993773290344,0.438035433498113,0.0001594766665068,8.03728921225644e-13,0.9997689856766028,2.6140749404818736e-05,0.0002048735739924,0.0039801666168102,0.161211640620578,0.8348081927626116,4.031078367106969e-06,4.486258307504945e-07,2.3303514562079693e-06,0.4064823764937652,0.59350929887264,1.514577940731548e-06,0.5556829161698081,0.0009662660256441,0.259978103016838,0.7881009624290727,0.0057618792557477,mixed_higher_order,-1.7334568216159055e-31,1.1910615737438038e-30,-6.1391911676955896e-33,-4.3424521862137075e-34,1.7106326620716286e-32,-2.058562754383272e-33,-8.704121910323126e-25,2.198196375666201e-24,-2.5919111917894007e-24,-1.4821779287369438e-23,-3.424011619811217e-23,7.880175444426212e-26,-9.39342147030865e-40,4.9998224921670763e-39,-7.522593165138719e-40,-1.5213159882581162e-39,1.6916040252003767e-39,-3.4784979711915314e-39,8.347885663611999e-38,-1.1392512586346071e-36,-1.3715123631057322e-36,1.5555425491199749e-37,-2.2021144526004618e-39,1.126378980015929e-40,-1.6695746665574508e-30,-3.727705654698016e-30,7.486477569698074e-31,-3.7411939584649965e-30,9.209282717673814e-31,7.468900002357222e-30,3.0169389608253367e-32,-1.7508572937115074e-30,7.435925912033374e-30,1.4881712448593981e-30,7.197384596338202e-31,1.0435542215563678e-31,-1.934707271690548e-38,-4.104917178546052e-39,-4.9069444735819025e-39,-1.2135183108260084e-39,3.6507037665293022e-40,4.369202430242616e-39,-0.9511333107948304,0.0090444609522819,0.17896568775177,-0.251178115606308,0.0029446834232658,-0.0018432582728564,0.0003353246429469,-0.010499739088118,0.536300539970398,0.8230526447296143,0.1869918406009674,0.0,-2.028255200251828,-0.0561709850178978,-0.1261921120956745,-0.2671089719393855,1.7708723529697782e-15,2.6529748390399063e-16,3.7583115492290457e-23,3.388762731067736e-22,3.8674338877037924e-30,5.395720465877312e-31,0.9047484459389764,0.0952295201155345,2.203394548916382e-05,14.378007888793944,-1.027237982052104,-0.1495029918406382,-0.9108068576291056,0.1033019358180666,0.0426399311114817,-0.0074565214150205
215.0,1365.0,0.4861743388131131,0.015731901720925,0.4979477861500998,0.0001459733158619,8.783684150345593e-13,0.9997429219895964,4.85501793368368e-05,0.0002085278310668,0.0012941782271752,0.0392516249343336,0.959454196838491,4.091541740784449e-06,5.298680911425117e-07,2.0589339492050736e-06,0.5466913867165617,0.4533010994997411,8.334399161501004e-07,0.4860493540813817,0.0006175027058535,0.2257202789553022,0.976356060485752,0.0085146714076329,mixed_higher_order,-1.5777087306395367e-31,1.1749047073964709e-30,-5.806371323359696e-33,5.876292185662426e-33,1.697572027773813e-32,-2.2232674440514912e-33,-8.916745655470958e-25,2.120258182880628e-24,-3.123842571724356e-24,-1.2276056939433247e-23,-6.262164372345458e-23,-8.729042602935181e-25,-9.27726537484282e-40,5.7009389792546355e-39,-7.204176238498587e-40,-1.949719707614385e-39,1.6481409803846014e-39,-3.7512198767245016e-39,8.501018776586033e-38,-1.4904911713070043e-36,-1.3461933309887724e-36,1.892457577760216e-37,-1.8418076143720143e-39,-7.464818078263436e-41,-2.0070675491448928e-30,-3.4881396515085605e-30,7.947991222935127e-31,-3.8439044477995146e-30,1.212267044528845e-30,7.332045679105256e-30,-2.2048150884530516e-32,-1.7108695980577912e-30,7.622970069721309e-30,1.3371894080265342e-30,-1.082394682770622e-30,2.8508625012677657e-32,-2.3433201403539135e-38,-3.969824065464386e-39,-5.1792513792459754e-39,-1.0992017014693571e-39,5.320117185728211e-40,4.258444427889292e-39,-0.9487501978874208,0.0468541905283927,0.1702552437782287,-0.2618987262248993,0.0027912219520658,-0.0012094306293874,-2.14168230741052e-05,-0.0098903495818376,0.5392916202545166,0.8210959434509277,0.1869918406009674,0.0,-2.005543730840906,-0.0201675968203172,-0.1402718441238539,-0.2744873767173567,1.763827894877911e-15,2.4178793886000084e-16,4.547107077886348e-23,3.3348936345784943e-22,3.885236717599992e-30,4.936327700919604e-31,0.9023315068039236,0.0976756103057401,7.117109663834498e-06,15.587730407714844,-1.0095916646337264,-0.1355719807441396,-0.8874553538825884,0.1247570888013102,0.0351869240544626,-0.008953885752703
215.0,1370.0,0.3003413894883368,0.0502564787554136,0.649264341859046,0.0001377898972034,1.2826547673723968e-12,0.9993667991936536,0.0004092630252464,0.0002239377810999,0.0002989768044742,0.0059253307481815,0.9937756924473442,4.069939175873716e-06,6.36983262799061e-07,1.622335810129835e-06,0.7733367046548851,0.2266564363693687,5.297174974576508e-07,0.3001512130783336,0.0002977862588647,0.1471599419874749,0.4625872239161724,0.018407532263546,EQ_dominated_with_ED,-1.2757007753746907e-31,1.126782104322928e-30,-4.8092003321975825e-33,2.2438388792891639e-32,1.6859043424324168e-32,-1.9797468127182282e-33,-1.1075193065810008e-24,2.135162104488221e-24,-4.02967058914773e-24,-9.920844167975839e-24,-1.3866803794104494e-22,-1.3349675924818115e-24,-1.0707204046382426e-39,7.964940938722157e-39,-4.991835337212138e-40,-3.1399423624017306e-39,1.5698925150781356e-39,-4.825000299717859e-39,7.395228991162343e-38,-2.4760155482625254e-36,-1.3218196264727543e-36,2.263235731249231e-37,-1.7486110312697936e-39,-1.0702611889227929e-39,-2.8828899399609815e-30,-3.25112517099241e-30,1.183865382907924e-30,-3.9452589052696086e-30,1.6990265608929175e-30,7.196383675494047e-30,-6.019717788625687e-32,-1.679729983812941e-30,8.430802731915906e-30,1.0401604081446794e-30,-5.5763348557555175e-30,-3.2246592556627567e-32,-3.336821305512503e-38,-3.5534452072428194e-39,-6.09502452044733e-39,-8.665410088274083e-40,7.93840279752738e-40,4.1509237401560956e-39,-0.946915090084076,0.0955646857619285,0.1603918373584747,-0.2617077529430389,0.0026123544666916,-3.939270391128957e-05,-0.0006360390107147,-0.0087229097262024,0.5422537326812744,0.819142758846283,0.1869918406009674,0.0,-1.975680831568676,0.0298141763584576,-0.1463287417021893,-0.2695369461249585,1.7442436419088859e-15,1.9664458919861944e-16,5.370919100088037e-23,3.2821271727522284e-22,3.86883858131988e-30,3.980537227739914e-31,0.9057876229413546,0.0942929831414367,8.060608279136794e-05,22.69374656677246,-0.9647063507208922,-0.1092204637349145,-0.8650385131386438,0.148112952223776,0.028332384156335,-0.0115081109250517
215.0,1375.0,0.0011916833364345,0.1443573147005023,0.8542761968290269,0.0001748051340363,3.7126091275726586e-11,0.5220983619724756,0.4749806173447291,0.0029210206827953,2.5073818931514536e-05,0.0001596284438689,0.9998152977371996,4.046716493893518e-06,1.0841171745927202e-06,9.45147910138074e-07,0.994302710047743,0.0056901574358016,1.05653487673098e-06,0.0006221759179423,2.3043533506735507e-05,0.004860966053615,0.0013949625903869,4.161009174206163,EQ_dominated,-2.74011016594863e-32,2.7845082068201184e-31,9.005116562533954e-32,2.512198830872073e-31,1.997668656849947e-32,6.238784468228937e-33,-5.320048825064342e-24,3.553832609461747e-24,-1.5796562518893436e-23,-3.325617512262831e-24,-1.2200576559922082e-21,3.7900301789895543e-22,1.4439240514647928e-38,4.786712301690233e-38,-8.465733049907562e-39,-2.445437294284873e-38,-5.973506161336775e-39,-2.3412765591908638e-38,-5.1544887715699326e-36,-1.6749133557179494e-35,-1.266602686605147e-36,3.913955812632243e-37,-7.69304170518032e-39,-1.6344432822950622e-38,-1.5115193737728814e-29,1.4738469270272132e-30,8.441808404872935e-30,-6.943197263137755e-30,6.67335280079938e-30,5.469356029220429e-30,-6.590600703696468e-32,-1.7170468217920175e-30,2.0972138314673548e-29,-7.192150452094294e-30,-6.731397146644887e-29,2.1028848195561493e-29,-1.6594041962523993e-37,4.84081215243121e-38,-1.9600960343960585e-38,6.861811117673683e-39,3.2613477161771644e-39,3.2878419339142496e-39,-0.8786492347717285,0.4198506474494934,0.2190451025962829,-0.0419285222887992,0.0040004379115998,0.0166140589863061,0.0002993899106513,0.0050008143298327,0.5451874136924744,0.8171931505203247,0.1869918406009674,0.0,-1.6695188027529966,0.3636898168844106,0.1077675264033637,-0.0916321559982042,1.2825578553344286e-15,-2.2369405736830505e-16,8.197438640223443e-23,3.1998495529024094e-22,2.7545460602683262e-30,-5.064553214303981e-31,0.9485910743881878,0.0497638557310185,0.0016450698807937,696.2194213867188,-0.2375316950270897,-0.0233744332548409,-0.8228854632782481,0.2542815814453198,0.009462908944382,-0.0449484741403155
215.0,1380.0,0.3756901818187175,0.1134319803882623,0.5106708713756449,0.0002069664173751,1.5091514047621718e-12,0.9981978725036732,0.0016424354803487,0.0001596920159781,9.603813530245752e-05,0.0005622546847549,0.9993417071799426,2.564569988024677e-06,1.3061107797954284e-06,3.05192251079356e-07,0.7855980515759742,0.2143948133894437,2.959161563150328e-06,0.375013140211962,6.377766237433172e-05,0.109485186172006,0.7356796772188778,0.0013457943380621,mixed_higher_order,-2.5692990583657e-31,1.3711783415339048e-30,-2.47545383815554e-33,-5.653368218418724e-32,1.6726513965099538e-32,-5.618568820158525e-33,4.693008871116769e-25,2.2047116161616983e-24,1.3646755496831446e-25,-5.452342688733407e-24,2.2818825813398244e-22,2.83076476158898e-23,-5.430622989681378e-41,-6.272136737913926e-39,-9.748520942672692e-40,4.368809344331757e-39,1.02916999047768e-39,1.9033427178570936e-39,-2.681339464068248e-37,2.4400757671254647e-36,-1.2613766872630408e-36,2.3114221424327707e-37,-1.5664073806728598e-39,4.4993749026815565e-39,1.2844281990494496e-30,-2.5514503339609197e-30,-1.6272587380772577e-30,-4.1892152603727735e-30,3.4283342721357754e-31,6.740663325044874e-30,-1.5770487115438142e-31,-1.5896056664990075e-30,3.375071587968187e-30,1.6555127248160636e-30,1.490776034185903e-29,1.8748105041563998e-30,1.1184018389627492e-38,-1.2202599081230552e-39,-9.510918022273668e-40,-1.2429552205949158e-39,1.5917384054234824e-40,3.841254413478796e-39,-0.9151143431663512,0.0540585778653621,0.1514952778816223,-0.3693042695522308,0.0043176892213523,-0.0046933940611779,0.000271678523859,-0.0123303337022662,0.5480928421020508,0.8152472972869873,0.1869918406009674,0.0,-1.98201542361725,-0.0556740155873828,-0.2402641902842897,-0.3833100042781636,1.827167949139593e-15,3.605229168769993e-16,5.919493609334902e-23,3.1467738132728425e-22,4.160678487612841e-30,7.813847814891227e-31,0.8403972612976338,0.1594885736683663,0.0001141650339998,29.84307098388672,-1.1654418848293928,-0.2183792324142442,-0.8135626628092493,0.1490820919763612,0.0154582070008183,0.0003869059290706
215.0,1385.0,0.6315007788369708,0.0543477916047295,0.3139684280683111,0.0001830014899884,7.924523236234557e-13,0.99923544916273,0.0005948947807594,0.0001696560565105,0.0003563310654047,0.001055167548892,0.9985885013857032,7.932927977643437e-07,8.262429395638545e-07,2.9181481018100024e-07,0.3645536204172209,0.6354403970926029,4.071139628633114e-06,0.6310179643877742,5.734602605526013e-05,0.1995082226062679,0.4971782119517633,0.000215254336948,ED_dominated_with_EQ,-2.040109459608444e-31,1.3049782730955174e-30,-4.6226397816225785e-33,-3.1894702423241756e-32,1.6456414037033446e-32,-5.0391419030832945e-33,1.129093934749966e-25,2.1907262778314434e-24,-9.006963879182359e-25,-3.66580546217429e-24,1.1558937542475903e-22,1.1154146956167768e-23,-3.582269050771983e-40,-1.9714796794482056e-39,-8.518585880412516e-40,1.8590763083678055e-39,1.2100882687397203e-39,1.1241041672491002e-40,-6.378460771000616e-38,9.583742933661472e-37,-1.2396450425335258e-36,2.671024408704861e-37,-1.3890548748200048e-39,2.8936254615227395e-39,1.6977993488939218e-32,-2.532378576862756e-30,-9.795467743635211e-31,-4.149321477131023e-30,9.625678390015764e-31,6.681696914417095e-30,-1.8877603518951244e-31,-1.5527234871036223e-30,4.7229639983985386e-30,1.470950596043783e-30,8.358718544813469e-30,8.381298798938103e-31,-3.292041814938487e-39,-2.7245442146472475e-39,-2.4037989092327657e-39,-1.1545043986043468e-39,4.743053405126811e-40,3.7789592856194754e-39,-0.9167468547821044,0.1085001304745674,0.1355703473091125,-0.3595057427883148,0.0038689184002578,-0.0031290289480239,-0.0006188968545757,-0.0106968050822615,0.5509705543518066,0.8133052587509155,0.1869918406009674,0.0,-1.953017387383751,0.0048506830894872,-0.2449585034565091,-0.3636706694976535,1.807109771561987e-15,2.946142259703613e-16,6.681192293096848e-23,3.096599487560519e-22,4.137622588900906e-30,6.361423302850575e-31,0.8522218334176245,0.1477385028395759,3.96637427996227e-05,15.312705039978027,-1.105170468391194,-0.1727744264811787,-0.7937837115762073,0.1710340941241693,0.0103555865195207,-0.0025443901672225
215.0,1390.0,0.7079093999555768,0.0309927431744526,0.260933721227451,0.0001641356425195,6.753781024448693e-13,0.9994650955560084,0.0003633657544127,0.000171538689579,0.0006544180085974,0.0007528467861724,0.99859273520523,4.354789680405989e-07,6.378624154440022e-07,4.477256272861741e-07,0.1462589905759332,0.8537355641101676,3.924246888410368e-06,0.707530736071597,2.333278709355581e-05,0.2227683976874831,0.3685976217349641,0.0008762234264915,clean_balanced_ED_EQ,-1.8563198258663272e-31,1.287198318197454e-30,-4.9216675306200214e-33,-2.4303923176442467e-32,1.6268232990301403e-32,-5.06259833868389e-33,3.461936252580413e-26,2.0871864342399206e-24,-1.075756699358941e-24,-1.963592830257635e-24,8.122349980048949e-23,7.213223282818623e-24,-6.436451654792805e-40,-1.0867333614740043e-39,-5.961885843644244e-40,1.4075542304933822e-39,1.2398381488562446e-39,-3.208308617337085e-40,-2.0382343217936313e-38,5.171810243646029e-37,-1.2159363550495902e-36,2.9192866948029062e-37,-1.0170619265641342e-39,2.4805915630894217e-39,-3.616827326742949e-31,-2.3932854152070557e-30,-8.625146847133815e-31,-4.168602297210771e-30,1.2241982667635776e-30,6.561887500073849e-30,-2.190866530017777e-31,-1.5217639484369136e-30,5.052142220639499e-30,1.3659422233346734e-30,6.258387228978544e-30,6.005096115533299e-31,-7.995590120502308e-39,-2.939211170412147e-39,-2.801867277361648e-39,-1.0838183739802124e-39,6.169198621612263e-40,3.6838623626462434e-39,-0.9117379784584044,0.1413854211568832,0.123240552842617,-0.3652255833148956,0.0036371615715324,-0.002515104599297,-0.0009322231635451,-0.0100399013608694,0.5538206696510315,0.8113671541213989,0.1869918406009674,0.0,-1.93121060936638,0.0352458046282576,-0.2594284858537701,-0.3635039693986645,1.801070645493179e-15,2.6949622584224093e-16,7.254163158200231e-23,3.041301976300796e-22,4.1529791110824065e-30,5.837050150873894e-31,0.8512755333745703,0.1486796292320223,4.483739340743753e-05,12.802505493164062,-1.086191568357345,-0.1566440007359673,-0.7730109124781611,0.1855886998002388,0.0055270284274133,-0.0030279891873292
215.0,1395.0,0.7386281448904476,0.0204772225250143,0.2407437897795857,0.0001508428049522,6.304485946373195e-13,0.9995642411922024,0.0002648813445505,0.000170877463247,0.0009834082322646,0.000257273349,0.9987593184187352,2.0823286103443566e-07,5.03352860974664e-07,5.206381594921276e-07,0.0581074544348775,0.9418878802517596,3.433089481348854e-06,0.7383062811706244,5.268243617230569e-06,0.2267536578392691,0.325933680492628,0.0014477632800307,clean_balanced_ED_EQ,-1.744669718864393e-31,1.280972748425658e-30,-4.913949868782963e-33,-2.0463386958699975e-32,1.607870634017853e-32,-5.214625666989267e-33,-2.5436051696956474e-28,2.024118595566468e-24,-9.801747313676991e-25,-3.333237066552422e-25,6.427499870217815e-23,5.453080826911424e-24,-5.56442230066485e-40,-6.013702404152256e-40,-6.382871455951437e-40,1.1023761903816528e-39,1.194722066937135e-39,-5.010040261591655e-40,-3.0624574394089625e-39,3.06023305214719e-37,-1.1916460984498092e-36,3.132852387971208e-37,-7.655930303435174e-40,2.224284575686792e-39,-5.510237312074978e-31,-2.238298647039666e-30,-8.492640111485794e-31,-4.190257552818263e-30,1.400287850063982e-30,6.42855576902631e-30,-2.444242677113012e-31,-1.4883827915478789e-30,5.1581289700591794e-30,1.2821880713263933e-30,5.1541549792081656e-30,4.868065551117569e-31,-1.0511732787931655e-38,-2.9715644800201405e-39,-2.960755038447434e-39,-1.0259076883714762e-39,7.148453741989878e-40,3.5877418920639046e-39,-0.9050252437591552,0.1689507365226745,0.1110179424285888,-0.3741554617881775,0.003515335265547,-0.0021608874667435,-0.0011983638396486,-0.0095984740182757,0.5566436052322388,0.809433102607727,0.1869918406009674,0.0,-1.911581230926714,0.058353534356536,-0.2766949612334874,-0.3670414362649549,1.7991340151500995e-15,2.534164594922771e-16,7.765519194101859e-23,2.984421485127084e-22,4.1790425606822944e-30,5.515826385297835e-31,0.8476320702295458,0.1524108599063734,4.2930135919272416e-05,11.79263687133789,-1.0770638428432795,-0.1466948203388296,-0.7521479254532037,0.1977406234476004,0.0009348610289206,-0.0027490608666374
215.0,1400.0,0.7552554117172233,0.0149251388304884,0.2296788357994824,0.0001406136528059,6.050118165229782e-13,0.999620601086905,0.0002100973435736,0.0001693015695215,0.001360468057454,0.0006611261974717,0.9979784057450742,2.0571326437225893e-07,4.639239962930535e-07,4.919156285024374e-07,0.0225163809063483,0.9774792980003888,3.15954037369081e-06,0.7549688686349086,9.867400281738798e-06,0.2245063071828246,0.3041075009012671,0.0018953679444134,clean_balanced_ED_EQ,-1.661147528259108e-31,1.2791172307408752e-30,-4.829149052039863e-33,-1.8065389323051262e-32,1.5894056608845004e-32,-5.399890594879481e-33,2.5525686076186162e-26,2.0052403659752542e-24,-7.551491265329636e-25,1.176471814120503e-24,5.41286150073355e-23,4.493138351771223e-24,-5.548035739807995e-40,-5.590288473422737e-40,-5.64376891123971e-40,1.0394341196630915e-39,1.119177963547862e-39,-4.804091134227272e-40,4.9933996038675825e-39,1.8418386595776812e-37,-1.167701649522241e-36,3.3203621305265883e-37,-6.211378011919794e-40,2.0923486078700638e-39,-6.421491453559785e-31,-2.0867753657731007e-30,-8.96650493684782e-31,-4.2079564026617614e-30,1.5387994751501215e-30,6.2947326425182696e-30,-2.735098490022831e-31,-1.4519657349055632e-30,5.178168881901502e-30,1.2107718147954577e-30,4.435861414195381e-30,4.319136752899304e-31,-1.216741527489281e-38,-2.927623074044908e-39,-3.0280808566054225e-39,-9.708871561787063e-40,7.919293830037389e-40,3.493468643224527e-39,-0.8975293040275574,0.1934943944215774,0.0988413020968437,-0.3835665285587311,0.0035269178915768,-0.0019794551189988,-0.0014757305616512,-0.0091506000608205,0.5594396591186523,0.8075031042098999,0.1869918406009674,0.0,-1.892973516837456,0.0777216713008997,-0.2946016244435556,-0.3711385208870678,1.798560651327663e-15,2.4086926043029467e-16,8.221968694654626e-23,2.927777594568045e-22,4.2080404403722485e-30,5.270080656586148e-31,0.8430152896531465,0.156978796092959,5.914253894401256e-06,11.205636024475098,-1.0716626071567397,-0.1391733023543924,-0.73177944120222,0.2080816401569603,-0.003287823929574,-0.0021103755643037
215.0,1405.0,0.7667640566784263,0.011547219698085,0.2215565216136763,0.0001322020098121,5.870545211140606e-13,0.999656653516944,0.0001760258309573,0.0001673206520985,0.0016480521220243,0.0030374247682519,0.9953145231097238,1.9819084227199952e-07,5.007397577176714e-07,4.774203105553631e-07,0.0075816767112849,0.9924143655178326,2.781419971755299e-06,0.7665007909362321,3.507381111540983e-05,0.2198758748235745,0.2889500618657651,0.0022623939507603,clean_balanced_ED_EQ,-1.5898689148290271e-31,1.2795608565167022e-30,-4.6835418775896796e-33,-1.6456524307008674e-32,1.5718161441614475e-32,-5.586981935480186e-33,6.415414549946911e-26,1.9250201018475923e-24,-4.869192814650432e-25,2.5690951941143963e-24,4.718122226439149e-23,3.796993163283546e-24,-4.689543064885104e-40,-5.9293105555992816e-40,-6.202598155545861e-40,1.0291579661374294e-39,1.0892009138180217e-39,-4.362199631290342e-40,1.0038876161987083e-38,1.0406797410900172e-37,-1.1440124302410776e-36,3.4936254799790407e-37,-2.459909661985501e-40,1.9873639113223388e-39,-7.061812833266855e-31,-1.942376652278264e-30,-9.498357709033892e-31,-4.2194487145090395e-30,1.6560176083784296e-30,6.161825145127961e-30,-2.9944054703675748e-31,-1.4189249023002511e-30,5.160843032694518e-30,1.1499207874048347e-30,3.90696401393447e-30,3.8868364590517853e-31,-1.3412860389606872e-38,-2.8700463423931618e-39,-3.0573486142107206e-39,-9.236703502979998e-40,8.613108676575263e-40,3.3947791475946524e-39,-0.8894740343093872,0.2164403796195984,0.0864297971129417,-0.3930077850818634,0.0035549954045563,-0.0018582766642794,-0.0017159848939627,-0.0087180025875568,0.5622091889381409,0.8055773973464966,0.1869918406009674,0.0,-1.875062459808483,0.0950590725028124,-0.3129452036982739,-0.3752455098767184,1.7989181953204463e-15,2.3000064339922587e-16,8.644219140410847e-23,2.8711547509926505e-22,4.2392125999892414e-30,5.060758569863967e-31,0.8380265868249803,0.1620041771372093,3.076396218970601e-05,10.781652450561523,-1.0682192145175704,-0.1327274521360287,-0.7118401445811192,0.2173842522197505,-0.0071541646886241,-0.0013559251279002
215.0,1410.0,0.7760216250243,0.0094082803341594,0.2144451243881407,0.0001249702533997,5.729236562317076e-13,0.9996836332481568,0.0001514183658583,0.0001649483859846,0.0021159357776625,0.0083701626599347,0.9895139015624028,1.594621339367315e-07,4.892224810997213e-07,4.399131041756801e-07,0.0018874366417536,0.998108712372298,2.7623882290195347e-06,0.7757761175834311,7.874883674717923e-05,0.2140395469775644,0.276339108953859,0.0025619875606646,clean_balanced_ED_EQ,-1.5271405646816263e-31,1.2815410587095885e-30,-4.576921252256292e-33,-1.521001305858145e-32,1.5523211508165975e-32,-5.8194740267439256e-33,8.462467000183458e-26,1.958159424535886e-24,-1.3042855875336646e-25,3.8960606682224216e-24,4.2256440546063643e-23,3.2996429243411784e-24,-3.664804067579983e-40,-5.562269340684043e-40,-6.637729275202845e-40,9.59502621783786e-40,1.0302490516104644e-39,-4.032685524894293e-40,1.280601565922973e-38,4.961713605220591e-38,-1.1204202906995533e-36,3.650409669639821e-37,-3.672982199538934e-40,1.9256695382038444e-39,-7.249327516170222e-31,-1.804308794418477e-30,-1.0321684499582158e-30,-4.223182178183648e-30,1.7571014826146356e-30,6.0274915346809205e-30,-3.1703661009173128e-31,-1.3873874098805405e-30,5.126623567211111e-30,1.0944583593309616e-30,3.4902399723533395e-30,3.6021021962701835e-31,-1.4393064403223222e-38,-2.794918966873348e-39,-3.0622745958609345e-39,-8.840302114536495e-40,9.118058270237295e-40,3.3048681173761344e-39,-0.880938708782196,0.2379367351531982,0.0737827643752098,-0.4022625684738159,0.0035216242540627,-0.0017030438175424,-0.0019212098559364,-0.0084108104929327,0.564952552318573,0.8036558032035828,0.1869918406009674,0.0,-1.85772240012954,0.1106925656702704,-0.331527909277363,-0.3790396066547515,1.7999362990817337e-15,2.2027359356563795e-16,9.031966433181008e-23,2.814690570587495e-22,4.2715198758244076e-30,4.873042369168314e-31,0.8326822007618373,0.1673335030944577,1.570385629512394e-05,10.442798614501951,-1.0660784784254531,-0.1270385898659303,-0.6922247477904032,0.2255317878365411,-0.0108108952458749,-0.0003619167168658
215.0,1415.0,0.7840762808592457,0.0079311599426066,0.2078739419320992,0.0001186172660483,5.608834920184391e-13,0.9997048908046716,0.0001330844046662,0.0001620247906621,0.0024711244052717,0.0171983521840032,0.980330523410725,2.792898353176301e-07,5.153762880058405e-07,4.50214522663663e-07,0.0002244266913224,0.9997717204718716,2.6079561600603736e-06,0.7838448927389253,0.0001364028819206,0.2078264885667248,0.2651195387575,0.0028169569127437,clean_balanced_ED_EQ,-1.4690953184132123e-31,1.2843432871789054e-30,-4.445817979335753e-33,-1.423728824061835e-32,1.5315895812207136e-32,-6.0221380261186365e-33,1.2405652710412998e-25,1.9338972364050662e-24,2.4410797225605844e-25,5.1065265469971475e-24,3.84846714503008e-23,2.9547819896374883e-24,-5.075363470925516e-40,-7.040634547115044e-40,-5.392145698669804e-40,1.0484830876988053e-39,1.046752533294092e-39,-3.4441898445247702e-40,1.436916670778874e-38,9.80755115262862e-39,-1.0974152451751161e-36,3.79431481603008e-37,-2.2836926179424593e-40,1.8614315935368028e-39,-7.422027111888953e-31,-1.6747037294298416e-30,-1.1047732933926056e-30,-4.221083546319461e-30,1.8469755485062588e-30,5.895788187899788e-30,-3.4626743154098267e-31,-1.3492170812628984e-30,5.0820560039147825e-30,1.041858511831839e-30,3.1476703286523864e-30,3.451187490335316e-31,-1.5215329036414898e-38,-2.7042440021410397e-39,-3.056178970758303e-39,-8.393071441783275e-40,9.585486783649751e-40,3.22059331302949e-39,-0.8721371293067932,0.2582104206085205,0.0610987395048141,-0.4109733402729034,0.0035582149866968,-0.0016162449028342,-0.0021241114009171,-0.0080569675192236,0.5676699876785278,0.8017385601997375,0.1869918406009674,0.0,-1.8408753742028816,0.1249960651750752,-0.3499381335526102,-0.3822610209109788,1.8012129707678648e-15,2.1116820421649999e-16,9.386940349621128e-23,2.7590083040443125e-22,4.304075980536278e-30,4.696137054041742e-31,0.8273110667678008,0.1727015689589941,1.2635726794885116e-05,10.151920318603516,-1.0646342757523797,-0.1217781294100534,-0.6732284974077976,0.232768851491621,-0.0141196592180826,0.0006749639601305
215.0,1420.0,0.7914165490255495,0.0068672670615676,0.2016032114275116,0.0001129724853712,5.50242470121784e-13,0.9997212791495548,0.0001191936816626,0.0001595271687825,0.0026965497553613,0.029580475700623,0.9677229745440156,3.284975186140725e-07,5.112509031417983e-07,3.749744310936497e-07,0.0005017859422602,0.999494429800414,2.5695344728119203e-06,0.7911959647319486,0.0002031370264443,0.201501286851673,0.2547371692893462,0.0030366404658043,clean_balanced_ED_EQ,-1.4138903272021291e-31,1.2877551223169114e-30,-4.3766023262118416e-33,-1.3451556419219647e-32,1.5139892688416727e-32,-6.212358420672475e-33,1.4602387706851646e-25,1.8732453834743163e-24,6.229219195762381e-25,6.1918702267228734e-24,3.5495927310885975e-23,2.6456371881339958e-24,-4.780502041470142e-40,-7.952925058949353e-40,-4.790360910179321e-40,1.0538311046919478e-39,9.57078028854956e-40,-2.585422028393873e-40,1.5474412407044499e-38,-2.044886504471322e-38,-1.0750255361907727e-36,3.926874670747998e-37,-3.8277872669966806e-41,1.83467374003954e-39,-7.513529499638795e-31,-1.551177698706411e-30,-1.1737061603665072e-30,-4.2162561015471765e-30,1.9250595728861705e-30,5.7674341471704246e-30,-3.6238383596459175e-31,-1.3288485266409516e-30,5.031320097503685e-30,9.959758075019807e-31,2.854187281069821e-30,3.270759700564465e-31,-1.5921906270653422e-38,-2.620984479699687e-39,-3.0412498884414356e-39,-8.056659270665929e-40,1.0040922709886973e-39,3.12630090616877e-39,-0.8630930781364441,0.2773711681365967,0.0483369827270507,-0.4191712141036987,0.0034904440399259,-0.001481773215346,-0.0022398775909096,-0.0077985883690416,0.5703619122505188,0.7998257875442505,0.1869918406009674,0.0,-1.824477558644024,0.1381370967102767,-0.3681437613794008,-0.3849143775562069,1.802683244979689e-15,2.0255143281175016e-16,9.711981280722608e-23,2.7040987603649872e-22,4.336470423159296e-30,4.528022628243282e-31,0.8218788052919598,0.178106805664496,1.438904354422732e-05,9.893359184265137,-1.0637037871765476,-0.1167893235005183,-0.6548569991632797,0.2392074677675362,-0.0170603745676127,0.0017163281666469
217.5,1332.5,0.5787847839868655,0.0067869931103235,0.4141813020323504,0.0002469208704605,8.97488742673829e-13,0.99966311948927,0.0001355028192959,0.0002013776914339,0.0042694213663302,0.8221250100069585,0.1736055686267113,7.518313162279069e-06,7.106278154375596e-07,4.611484945860468e-06,0.1753960400553214,0.8245854979043088,5.621614446153071e-06,0.5785898026732333,0.0055797567787418,0.3415278951590006,0.7156050288318387,0.0013843210789183,clean_balanced_ED_EQ,-2.339982885858364e-31,1.2237013975412713e-30,-7.168971812472005e-33,-1.2609688350945e-32,1.7652896768799055e-32,1.0291198749835594e-33,-1.4579435071455822e-24,2.2047638755602363e-24,4.717580330121273e-24,-3.637429618387481e-23,1.621717780282297e-23,4.5929772313294824e-24,-1.597169712482514e-39,6.52190692517372e-39,-8.642042702170247e-40,-1.8747484452926628e-39,2.461372541673216e-39,-4.647154385832639e-39,8.956321846432783e-38,-7.196461560575586e-37,-1.564495123535804e-36,-1.575250357981018e-37,-3.949153474745141e-39,-1.1225797875428126e-39,-4.582221110624518e-31,-5.8365254793991744e-30,1.4474775199653011e-30,-2.6563654803743586e-30,-9.89256215881652e-31,8.492891677088025e-30,5.297510981870241e-31,-2.0206871166136543e-30,8.2450028524653e-30,2.1778465971205632e-30,5.014919199468188e-30,3.930080020628991e-31,-8.633853593889841e-39,-4.7042180952065576e-39,-5.123830161212703e-39,-1.729227049144868e-39,-8.746272124279566e-40,5.245640850772645e-39,-0.9370048642158508,-0.2655760049819946,0.2011538594961166,-0.1041419729590416,0.0026950528845191,-0.0042642094194889,0.0034839357249438,-0.0126633569598197,0.5094509720802307,0.8399367332458496,0.1869918406009674,0.0,-2.1682871420020686,-0.3246163244868,-0.0170064360682882,-0.1160185864078914,1.7954327710071738e-15,3.6153288456545287e-16,-3.646190236560605e-23,3.760761959381237e-22,3.692148818084779e-30,6.9928772349397705e-31,0.9485341767783853,0.0514809241396125,1.5100917997612484e-05,16.218297958374023,-1.0771693865601613,-0.2059781851018373,-1.0822912821107122,-0.1089731571506312,0.1068027516632897,0.0138518298169278
220.0,1332.5,0.5651188844130963,0.0085240640808028,0.4260997342197833,0.0002573172863172,9.332497060659377e-13,0.9996500619967148,0.0001469031819236,0.0002030348213616,0.0035596522913915,0.8147016537833432,0.1817386939252652,7.762044367124942e-06,7.664489103189989e-07,4.6528300529203385e-06,0.1647304471539785,0.8352491536150637,7.217907627502308e-06,0.564921127839066,0.0069445691035853,0.3558994423626775,0.7540001687650356,0.001150612946044,clean_balanced_ED_EQ,-2.3561125318784766e-31,1.2330472402473557e-30,-7.308886904462757e-33,-1.334798134048152e-32,1.776885256344352e-32,2.084741731075531e-33,-1.66880640551372e-24,2.1960368094373523e-24,7.979338143037759e-24,-4.0956874750613344e-23,1.9057840086775437e-23,5.020024021205548e-24,-1.6707179895669063e-39,6.855953266953166e-39,-8.912151266590572e-40,-2.0304410639873707e-39,2.5619269410402023e-39,-4.8255115360314167e-39,8.907539123066461e-38,-7.214280452495616e-37,-1.6152753164475406e-36,-2.646666183013089e-37,-4.514690192696206e-39,-1.6642971200393083e-39,-3.1788150343534456e-32,-6.357812266587707e-30,1.6180396630867303e-30,-2.397922090325209e-30,-1.58625115408595e-30,8.755733639598426e-30,6.886384548072429e-31,-2.06917201704483e-30,8.438446072561957e-30,2.209034175906175e-30,5.3936304064030396e-30,4.174027919435975e-31,-7.67331237111748e-39,-4.7645974280286526e-39,-5.224594757579861e-39,-1.7546074451395036e-39,-1.2708821525976693e-39,5.4513235217226177e-39,-0.9218628406524658,-0.3353604078292846,0.1876121759414672,-0.0481226593255996,0.0023651893716305,-0.0045850807800889,0.0041403272189199,-0.0127313854172825,0.4995143711566925,0.845883846282959,0.1869918406009674,0.0,-2.1973220213378566,-0.3974830076063722,0.0022128225573356,-0.046515055668693,1.803274600254944e-15,3.642270692589919e-16,-6.138360451439097e-23,3.8472339738894826e-22,3.687894743967378e-30,6.985384594915301e-31,0.9623243172017814,0.0376933493861829,1.766658796431564e-05,16.70929718017578,-1.0853961121934146,-0.2073980054063517,-1.1174201612395036,-0.1830918929333912,0.1202581872864775,0.0234290518178074
222.5,1332.5,0.5527646241948838,0.010495276541885,0.4364721295523564,0.0002679697108748,9.720324601107202e-13,0.999639332676312,0.000158319617878,0.0002023477058099,0.0029987585169729,0.8104103493383191,0.1865908921447079,8.068648773958851e-06,8.294526309115189e-07,4.715480786324583e-06,0.1565634524799181,0.84341392051685,9.013421040619089e-06,0.552565260057246,0.0085054807287113,0.3681266699820914,0.7896166115696885,0.0009394002968808,clean_balanced_ED_EQ,-2.3853781156784404e-31,1.244430458110116e-30,-7.439868365059435e-33,-1.410402048374931e-32,1.7749079378683396e-32,3.155652618102209e-33,-1.878605794306469e-24,2.16554515658801e-24,1.194198903264485e-23,-4.559049833170769e-23,2.19434303208971e-23,5.466124406604561e-24,-1.7531154233638118e-39,7.221660966346631e-39,-9.085821724764364e-40,-2.2026484537549648e-39,2.6617008530123144e-39,-5.0190057178149425e-39,8.983885829140534e-38,-7.2644863345763324e-37,-1.6560342627349674e-36,-3.793683890574416e-37,-5.041043743628072e-39,-2.331098757295128e-39,4.678816473322359e-31,-6.869663498956392e-30,1.7553612733481673e-30,-2.0920721028540784e-30,-2.223243279337649e-30,8.961734167181488e-30,8.569890725195372e-31,-2.1035240287092427e-30,8.655499699142967e-30,2.2524092865578797e-30,5.780897381934038e-30,4.508809352288651e-31,-6.683008212644196e-39,-4.816052167865311e-39,-5.33982889394692e-39,-1.7872916486084234e-39,-1.7007538763886922e-39,5.628244236544104e-39,-0.8993628621101379,-0.4042525887489319,0.1658322513103485,0.0056398059241473,0.0020775231532752,-0.0050110658630728,0.0047766799107193,-0.0127112613990902,0.4895083010196686,0.8517133593559265,0.1869918406009674,0.0,-2.220303278154168,-0.4750020193862812,0.0119573833342993,0.0254093383908148,1.8138509225248254e-15,3.68741166851433e-16,-8.757080772392608e-23,3.9066367953665287e-22,3.682341700172811e-30,7.003062366172219e-31,0.9723031401366884,0.0277165358228461,1.967595953455969e-05,17.176143646240234,-1.095416247683124,-0.209974123323065,-1.145616511340745,-0.2624406391611597,0.1338635020431152,0.0350642465374963
225.0,1290.0,0.492115303619369,0.0795957943415225,0.427729816609794,0.0005590854293143,1.6239330873103364e-12,0.9993860599983804,0.0005136635546798,0.0001002764469398,0.0006447624526941,0.4030938007946739,0.596261436752632,5.845697322055135e-05,6.109613071918439e-06,2.820883247425123e-05,0.2140131329455137,0.7858469478216624,4.714381405706139e-05,0.4918131743490679,0.0320845712683955,0.3361301708751261,0.8691658508970603,0.0049821747708205,mixed_higher_order,-5.958579376981813e-31,1.3198450763631971e-30,-1.6663588458421436e-33,-3.2788059053272327e-32,1.2877986937789958e-32,6.67608594871036e-33,-4.414066542134439e-24,4.277635712502704e-25,7.452893378627259e-23,-8.210279047664682e-23,1.244464954451235e-22,5.196754027420579e-23,-9.19856594454801e-39,2.1322865219211006e-38,9.765321228821844e-40,-7.443714424540132e-39,8.22204185035644e-39,-1.3879142502262234e-38,3.511519521122141e-37,-9.294358401092623e-37,-1.5133881535263685e-36,-1.1551883659389567e-36,-1.730648052029159e-39,-1.4644479776858522e-38,5.537638617666505e-30,-1.0345818280204089e-29,1.3141390394804414e-30,2.653176857761477e-30,-6.851777972189759e-30,7.692641107399798e-30,2.6149632669476864e-30,-1.798414978680578e-30,1.2080291539059704e-29,6.37423103247594e-30,1.4106128994971513e-29,4.467296720771508e-30,2.0934079788769654e-38,1.5596103728139276e-39,-6.82411276153721e-39,-4.321181650405906e-39,-5.6497804826221426e-39,5.531493914893856e-39,-0.4781499207019806,-0.8775030374526978,0.0010948181152343,0.0312098152935504,0.0067486339248716,-0.0114833125844597,0.0115603227168321,-0.0119742285460233,0.4491772949695587,0.873655378818512,0.1869918406009674,0.0,-2.0845244155504163,-1.2343495349500386,-0.1386463486287161,0.1698848399418857,1.8211056246236827e-15,8.71490212078638e-16,-2.3840514390395307e-22,3.3039153680340214e-22,3.047482275001893e-30,1.4192020938617069e-30,0.9988163379337852,0.0012522744079526,6.861234173793918e-05,30.306791305541992,-1.200076717530672,-0.5417872527568179,-1.1170568890903236,-0.8526636866836174,0.2490137156159175,0.2260425816865657
225.0,1295.0,0.5013384425066257,0.0621162643181493,0.4360357986607532,0.0005094945144716,1.5113990556269596e-12,0.99944325765008,0.0004429973638732,0.0001137449860467,0.000711326514279,0.4703207148556735,0.5289679586300475,4.415064053591511e-05,4.634288643959338e-06,2.157020095040317e-05,0.1954468249966833,0.804447333692222,3.5486180964295305e-05,0.5010593261640394,0.0292145658382759,0.3507678356270015,0.8697433942640267,0.0029428310254386,clean_balanced_ED_EQ,-5.181564256461526e-31,1.3232282923674097e-30,-3.9271475795463816e-33,-2.9659285722900926e-32,1.3607560560358775e-32,6.682892941231695e-33,-3.8948927721495394e-24,9.136267717827857e-25,6.439220509106492e-23,-8.022404692073407e-23,1.025570638251755e-22,3.7200404916279753e-23,-6.940451974318897e-39,1.8637064776999206e-38,2.7758370855451326e-40,-6.437220648212698e-39,6.662871548017818e-39,-1.219984482820819e-38,2.8497696142487197e-37,-8.911865901176905e-37,-1.566057910277645e-36,-1.072688562579902e-36,-2.984030258903316e-39,-1.2249148207111754e-38,4.8450765645920346e-30,-1.0060378955156193e-29,1.4651496465253684e-30,1.95864543369752e-30,-6.3102278108957575e-30,8.101735121237026e-30,2.3545963355132155e-30,-1.9355115188539128e-30,1.1774314932846297e-29,5.498418365427259e-30,1.2770720882848186e-29,3.3269707350370724e-30,1.5867647749154335e-38,-8.978812947165842e-40,-6.773441241768083e-39,-3.837979521725157e-39,-5.123426716025171e-39,5.736698794709546e-39,-0.5573161244392395,-0.827987790107727,0.0070903450250625,0.058045033365488,0.0059013906866312,-0.0109436810016632,0.0104181487113237,-0.0126406718045473,0.4528698623180389,0.8717470169067383,0.1869918406009674,0.0,-2.140060803248258,-1.1298012454513795,-0.1166564307008507,0.1915599714220437,1.8494479968686617e-15,7.684278439691291e-16,-2.251632820746978e-22,3.4481927782053945e-22,3.192825604931567e-30,1.284953881308637e-30,0.9963196336933536,0.0036878232972165,7.456990570364752e-06,27.245880126953125,-1.1985075480242628,-0.4693176459242111,-1.1470244158063017,-0.7856669691206866,0.2423761366480955,0.1945443355113321
225.0,1300.0,0.5084979158982318,0.0495891755753862,0.4414465056113846,0.0004664029149974,1.4161125689248412e-12,0.9994820443932588,0.0003898735935103,0.0001280820132308,0.0008197987975804,0.5286748081906335,0.4705053930117859,3.393425087438933e-05,3.607506094118841e-06,1.6853790672940416e-05,0.1811968403093255,0.8187193689988428,2.939514419019044e-05,0.508234536551676,0.0262165478856489,0.3614208045208969,0.8681382790558644,0.001689637805139,clean_balanced_ED_EQ,-4.5554364584323766e-31,1.3196559379707067e-30,-5.449125262910116e-33,-2.702904092232313e-32,1.4364360233955826e-32,6.589983098354393e-33,-3.5183593473599615e-24,1.277766563922881e-24,5.528864799704954e-23,-7.73238503324533e-23,8.534269663682706e-23,2.75361151214092e-23,-5.3457655627189154e-39,1.632564332892245e-38,-2.597024861621009e-40,-5.5950567603021016e-39,5.60545584184961e-39,-1.0730572526692983e-38,2.350694187057164e-37,-8.559305952257561e-37,-1.606207033143528e-36,-9.899649714076904e-37,-4.26063477636387e-39,-1.0471967332024904e-38,4.1822260712615426e-30,-9.73899794493356e-30,1.608061825136637e-30,1.3325705926426983e-30,-5.790288221323942e-30,8.40642605258781e-30,2.1168091397463358e-30,-2.0178114081261156e-30,1.1400652050642619e-29,4.758743152260771e-30,1.1621102483512668e-29,2.4931764996964142e-30,1.161195028343851e-38,-2.4916618139585537e-39,-6.656269263177063e-39,-3.3970256552919295e-39,-4.6271952233814476e-39,5.8515940456710614e-39,-0.6228924989700317,-0.7782222032546997,0.0203410387039184,0.0758157074451446,0.0048213498666882,-0.0103495633229613,0.0096150496974587,-0.0128824161365628,0.4565261304378509,0.8698378801345825,0.1869918406009674,0.0,-2.178909228779124,-1.0336632713620784,-0.0927578194215623,0.1998566878678356,1.8624231692412706e-15,6.83083742107903e-16,-2.1096753055566973e-22,3.5681645182803617e-22,3.302502611550122e-30,1.1674105882781769e-30,0.9937552217872432,0.0064201851771622,0.0001754069644053,24.953296661376957,-1.190674705881097,-0.4110194793382876,-1.167398686733225,-0.7195111113860767,0.2327154301909665,0.1663978377692108
225.0,1305.0,0.5145104452699595,0.0398708092244348,0.4451920104425229,0.0004267350630827,1.3319309804454878e-12,0.9995171359094952,0.0003419820564253,0.0001408820340795,0.000955554181594,0.5832598978026755,0.4157845480157305,2.670943498167188e-05,2.7928664186645053e-06,1.3446096030917316e-05,0.1699591212318052,0.8299738246831004,2.4105687663171124e-05,0.5142620066517489,0.0232550441135538,0.3694977156253395,0.8652730270790406,0.0009104610896632,clean_balanced_ED_EQ,-4.036842651448669e-31,1.311729048260443e-30,-6.34890011868231e-33,-2.4579626414383963e-32,1.4987561082506795e-32,6.392634462280988e-33,-3.1951423952917394e-24,1.527322598411385e-24,4.704621976321085e-23,-7.376950412227246e-23,7.093262502187984e-23,2.0633350834898102e-23,-4.4096815922680825e-39,1.435299491419811e-38,-3.862395637820052e-40,-4.8399734680954575e-39,4.7959261792484185e-39,-9.513006554793124e-39,1.965360465968452e-37,-8.238229113954113e-37,-1.637041390912245e-36,-9.071884632737637e-37,-4.8451380002902266e-39,-8.846605458358795e-39,3.5668052966470795e-30,-9.397181587180079e-30,1.716310721506458e-30,7.5271392448427965e-31,-5.2831170080141425e-30,8.644467827672568e-30,1.891990191543745e-30,-2.077465487089405e-30,1.0974905225134756e-29,4.1619830710712265e-30,1.0523202135968629e-29,1.8970998519786835e-30,7.855328463672285e-39,-3.5083921982166325e-39,-6.477914764344203e-39,-3.0365145773951256e-39,-4.158901251185516e-39,5.932825384678813e-39,-0.6789065003395081,-0.7278521656990051,0.0376964956521987,0.0865077376365661,0.0041210916824638,-0.0095966141670942,0.0087573193013668,-0.0130701418966054,0.4601464569568634,0.867928147315979,0.1869918406009674,0.0,-2.2062257757050427,-0.9436737707744612,-0.0688788183029486,0.1984562651267068,1.865885904314685e-15,6.106473878865528e-16,-1.960524619731037e-22,3.6690949087264224e-22,3.390147480056565e-30,1.063771184133094e-30,0.990791889716098,0.0091521337059967,5.5976577905458846e-05,23.130165100097656,-1.1789880094550949,-0.3628332458160154,-1.1807093942351896,-0.6543059612758052,0.2211675532225376,0.1410487631332421
225.0,1310.0,0.5198825025706278,0.0324066990219278,0.4473182439729015,0.0003925544345426,1.258261869044888e-12,0.9995435208201394,0.0003033547676541,0.0001531244122065,0.0011282793542674,0.631102977911742,0.3677687427339904,2.0999651223273983e-05,2.151333376880362e-06,1.0917259815659012e-05,0.1614512837049095,0.8384946623923137,1.998565836095538e-05,0.5196451870322305,0.0204519642570281,0.3750739599619807,0.860421810238039,0.0004891213861997,clean_balanced_ED_EQ,-3.6131380154594105e-31,1.3020008595927389e-30,-6.973688910997573e-33,-2.2482698916184618e-32,1.5568087835061972e-32,6.109812533294775e-33,-2.9123440028686507e-24,1.7504749332289527e-24,3.980563874121538e-23,-6.981199840931008e-23,5.928532346554646e-23,1.577029184135625e-23,-3.6318014335594325e-39,1.2608266349511612e-38,-6.147576796645377e-40,-4.15439935792309e-39,4.246573201983881e-39,-8.453874063058901e-39,1.6690513210616071e-37,-7.962059229758358e-37,-1.6591054023773165e-36,-8.272987343485286e-37,-5.2007273345150056e-39,-7.407778457447555e-39,3.0022685627996565e-30,-9.048012522905224e-30,1.8011749897726163e-30,2.282889991337013e-31,-4.8034428824934145e-30,8.819725366488385e-30,1.6995828262017766e-30,-2.1125264617745632e-30,1.0562280852510993e-29,3.674846481436688e-30,9.552377530079466e-30,1.4558991003097941e-30,4.6518333750834885e-39,-4.146919575254628e-39,-6.298825592438618e-39,-2.729830418461429e-39,-3.7297232568022366e-39,5.965751931001369e-39,-0.7261614799499512,-0.6788586974143982,0.0564769506454467,0.090811938047409,0.003658982925117,-0.0088003333657979,0.0078791789710521,-0.0131644112989306,0.463731050491333,0.8660182356834412,0.1869918406009674,0.0,-2.223964431729552,-0.8612138230558566,-0.0473796074395532,0.189736080118488,1.863349736092439e-15,5.503209314914124e-16,-1.8105879987578533e-22,3.7500630807888696e-22,3.459515746782696e-30,9.746156802250055e-31,0.9882504600416724,0.0116718372322399,7.77027260877583e-05,21.68362236022949,-1.1657776882401705,-0.3235109755820348,-1.1875058778791918,-0.5921396605623671,0.2085037332274612,0.1188853559582422
225.0,1315.0,0.5250244947464949,0.0264549638646214,0.4481590348717607,0.0003615065171228,1.1931019204007966e-12,0.9995680050262524,0.0002661432018718,0.0001658517718757,0.0013696782267215,0.6734226497133118,0.3252076720599667,1.723869656896044e-05,1.8839460260852411e-06,8.921148020850405e-06,0.1553861870116009,0.8445673469001813,1.842229760181842e-05,0.5247976868036701,0.0178153718637832,0.3785004870709887,0.8535964309401444,0.0003094036509115,clean_balanced_ED_EQ,-3.265195811299374e-31,1.2917439737315834e-30,-7.40264955244398e-33,-2.044179656122326e-32,1.6181020702877336e-32,5.720558200923228e-33,-2.7346360447755005e-24,1.8809142668212914e-24,3.342077513942723e-23,-6.556880079235684e-23,4.960853428479298e-23,1.2432998986326056e-23,-2.9444812871954815e-39,1.1344288003095928e-38,-8.012662188501018e-40,-3.790750657628823e-39,3.745731124620407e-39,-7.553525316483054e-39,1.4296195964870518e-37,-7.737199482962848e-37,-1.674272809775592e-36,-7.494578368969165e-37,-5.6819107336935805e-39,-6.411937735816161e-39,2.4899959209975014e-30,-8.672635294883607e-30,1.852901733435419e-30,-2.6966589980109126e-31,-4.3428985048926594e-30,8.942301109638724e-30,1.5342924710475472e-30,-2.127109343374117e-30,1.0145041681825137e-29,3.2693169128973056e-30,8.673397987176438e-30,1.118951918085846e-30,1.8559048367854478e-39,-4.54142355140111e-39,-6.095059684864649e-39,-2.4726264135387936e-39,-3.3415350388230827e-39,5.945191390774875e-39,-0.7668366432189941,-0.6307244896888733,0.0759322494268417,0.0893438756465911,0.002920220606029,-0.0080487821251153,0.0073638814501464,-0.0130448220297694,0.467280775308609,0.8641080260276794,0.1869918406009674,0.0,-2.235057157454881,-0.7847420385732922,-0.0286843778833144,0.1747624608884453,1.857608581885395e-15,4.999952137108953e-16,-1.6590501759737798e-22,3.815184005722845e-22,3.5189602326169635e-30,8.990117164367247e-31,0.98592512985875,0.0139724287503738,0.000102441390876,20.503807067871094,-1.152196243963218,-0.2912455119659278,-1.189266266987077,-0.5323534604077277,0.1950861997702888,0.0994364993188683
225.0,1320.0,0.5299781612323959,0.0215699080830673,0.4481172002494939,0.0003347304350427,1.1346609452058077e-12,0.9995893521649508,0.0002348931225671,0.0001757547124819,0.0015960921964952,0.7133264093751829,0.2850774984283219,1.3626579784315037e-05,1.40562970742524e-06,7.40593149606626e-06,0.1513376028594827,0.8486252138789285,1.4745120600822687e-05,0.5297605268478626,0.0153863850834471,0.3802835549045534,0.8455389920359268,0.0003019623716156,clean_balanced_ED_EQ,-2.973244358778101e-31,1.28136439374037e-30,-7.524599391077784e-33,-1.870780930397262e-32,1.6598243352873078e-32,5.360132385289435e-33,-2.4691331314337718e-24,2.0023981887315915e-24,2.775448573169655e-23,-6.120755340593158e-23,4.132755828355255e-23,9.853983125761168e-24,-2.5643634064255223e-39,9.952608088090488e-39,-8.512723239952111e-40,-3.189275770129492e-39,3.415631249894711e-39,-6.763333451881384e-39,1.2416300076040114e-37,-7.55746062153623e-37,-1.683597587010814e-36,-6.743002627455759e-37,-5.5399553691976776e-39,-5.143872497050538e-39,2.0299806416152433e-30,-8.295926448324918e-30,1.873103794689212e-30,-7.364076827444324e-31,-3.9030832274486304e-30,9.03233240413246e-30,1.3679775167939751e-30,-2.14278208709523e-30,9.761302169681806e-30,2.9324662910478173e-30,7.886947036520443e-30,8.666156159365477e-31,-6.0546435991523034e-40,-4.7647667854135664e-39,-5.91220001818037e-39,-2.248632025974365e-39,-2.960852388622371e-39,5.931038965798389e-39,-0.8019819259643555,-0.5836313962936401,0.0947126671671867,0.0838204175233841,0.0027447342872619,-0.007248138077557,0.0065224403515458,-0.0129996109753847,0.4707957506179809,0.862197995185852,0.1869918406009674,0.0,-2.2405731300179546,-0.7135972436950502,-0.013016453028049,0.1559861348774222,1.84971460557722e-15,4.571302273985479e-16,-1.5090117110924702e-22,3.8657457195894193e-22,3.5695056267950246e-30,8.336530731587432e-31,0.98386068538506,0.0162078838293675,6.85692144275496e-05,19.511024475097656,-1.138608664535396,-0.2641997705901351,-1.18684721221377,-0.4753460050126924,0.1814204124162,0.0822648507848373
225.0,1325.0,0.534804302532365,0.0175468923930086,0.4473382733482387,0.0003105317263875,1.0823881867893197e-12,0.9996073186924476,0.000206714043387,0.0001859672641653,0.0019055773943484,0.7510416935092807,0.2470527290963707,1.1123637051076604e-05,1.148093616840984e-06,6.187542781428233e-06,0.1495055223284851,0.850462972157107,1.3046240958513476e-05,0.5345942948795619,0.0131784477786703,0.3804446375113715,0.8364522709148678,0.0004170987123929,clean_balanced_ED_EQ,-2.728492227622979e-31,1.2714472614193429e-30,-7.536308713452245e-33,-1.711432007207027e-32,1.704126747787121e-32,4.918739917460282e-33,-2.3107533849374583e-24,2.041159650266626e-24,2.2838881815935746e-23,-5.678850014073684e-23,3.418914409805757e-23,7.969775888039928e-24,-2.1623753490560382e-39,8.906219778302231e-39,-9.100744938432668e-40,-2.800219509811649e-39,3.0724382720771507e-39,-6.10601263595894e-39,1.0924308971397864e-37,-7.433288096165983e-37,-1.6876826819226353e-36,-6.022689527935248e-37,-5.543827819984993e-39,-4.303864417259405e-39,1.5991120742379736e-30,-7.923516455796852e-30,1.884594039979019e-30,-1.1587590787789206e-30,-3.4837064648673224e-30,9.082275534575773e-30,1.226337199238341e-30,-2.1420895509737767e-30,9.390472628660128e-30,2.6521798839585672e-30,7.166396472201108e-30,6.809022773310038e-31,-2.78546998722975e-39,-4.8600002779355834e-39,-5.72030402345754e-39,-2.0633952836450823e-39,-2.6229917070587828e-39,5.876954172313819e-39,-0.8321568965911865,-0.5377092361450195,0.1124490872025489,0.0746264159679412,0.0023197163827717,-0.0065600369125604,0.0060661495663225,-0.0128402821719646,0.4742763936519623,0.8602882623672485,0.1869918406009674,0.0,-2.241607736663197,-0.6473084312221653,-0.0007084300453336,0.1342662362508912,1.8408542181425603e-15,4.206332374434347e-16,-1.3611774550041257e-22,3.902915861959794e-22,3.614523617871293e-30,7.765875734966411e-31,0.9816647383483258,0.0184155701897233,8.030853804918969e-05,18.66994857788086,-1.1255330089740738,-0.2415364097359913,-1.180764858003332,-0.4213695039608524,0.1676870718567791,0.0674394500067106
225.0,1330.0,0.5395716386727673,0.0141842484430284,0.4459551027935739,0.0002890100906305,1.0352732773244342e-12,0.9996238742294768,0.0001811164682865,0.0001950093022367,0.0023474092653733,0.7888310189029625,0.2088215718316642,9.131615137197676e-06,9.915352577809022e-07,5.131802554475928e-06,0.1496370483942525,0.8503358767189556,1.1819933842339968e-05,0.5393686918744189,0.0111889751516868,0.3792116233112656,0.8264984125009418,0.0006215582299924,clean_balanced_ED_EQ,-2.523563023954051e-31,1.2621211078997398e-30,-7.583766522627306e-33,-1.557700136588836e-32,1.741798953559672e-32,4.4490582533349264e-33,-2.164900099715776e-24,2.1223839454803312e-24,1.8596397950293186e-23,-5.2372227985304137e-23,2.7831954207092844e-23,6.5593765077052975e-24,-1.8507796619116983e-39,7.989146390992006e-39,-9.649078626045989e-40,-2.524151050499692e-39,2.8156816625798967e-39,-5.4650029820287104e-39,9.767400190925843e-38,-7.358517079534509e-37,-1.6871188448526097e-36,-5.337372631118871e-37,-5.5843361964761754e-39,-3.5129015893710964e-39,1.217516445727658e-30,-7.548239404807767e-30,1.8676059158481362e-30,-1.5541497993049933e-30,-3.0851228955355932e-30,9.102391339951959e-30,1.0939807524721942e-30,-2.129868814621808e-30,9.057157825488864e-30,2.4128958081101222e-30,6.497944039353954e-30,5.517089789823437e-31,-4.7375891652785445e-39,-4.8692778330263634e-39,-5.5544430272378415e-39,-1.8980971664721503e-39,-2.3135883286062788e-39,5.810083208941191e-39,-0.8579113483428955,-0.493173748254776,0.1286462396383285,0.0626483708620071,0.0020241225138306,-0.0058428836055099,0.0055440128780901,-0.0127092143520712,0.4777233302593231,0.8583790063858032,0.1869918406009674,0.0,-2.2388335707970537,-0.5858052751846247,0.0082888526126727,0.1106233609005916,1.8315412178315385e-15,3.8962338792477353e-16,-1.217244381138498e-22,3.927807905828284e-22,3.655077402710928e-30,7.276044152684454e-31,0.9792704639439688,0.0206669335529851,6.260250304612747e-05,17.942853927612305,-1.1130768565541094,-0.2225554727226772,-1.1715120938835992,-0.3706198058302965,0.154065170782573,0.0547056586356524
225.0,1332.5,0.5418602591378229,0.0127103330507785,0.4451504753618232,0.0002789324495752,1.0134544799293785e-12,0.9996309732362648,0.0001697677703245,0.0001992589934105,0.002547920468387,0.8078059779162808,0.189646101615332,8.453734708382739e-06,8.983042094970158e-07,4.816071461611732e-06,0.1504880114884604,0.8494868261217551,1.099427940517486e-05,0.5416602981999966,0.0102674830197258,0.3781494644617057,0.8215226487916298,0.0007522604735975,clean_balanced_ED_EQ,-2.432240433759676e-31,1.2576689435330936e-30,-7.555235268002443e-33,-1.488594447201209e-32,1.7586718842658856e-32,4.217811554337261e-33,-2.0845674832799505e-24,2.1146855404392142e-24,1.6637269037666806e-23,-5.018654443091901e-23,2.4916661151345898e-23,5.9538246182616165e-24,-1.8484278209874216e-39,7.622992554072554e-39,-9.155991640141211e-40,-2.3873794845852182e-39,2.7640402478673536e-39,-5.2356173176739485e-39,9.208402236015214e-38,-7.342684400692825e-37,-1.6855803762843737e-36,-5.00122426518345e-37,-5.5024700221524805e-39,-3.1194998498747924e-39,1.0414197740176494e-30,-7.362211081047076e-30,1.8502782994647612e-30,-1.7421662732789068e-30,-2.8916980734824108e-30,9.104373588424902e-30,1.0329986812172634e-30,-2.1226366940039117e-30,8.894586357641749e-30,2.3128389078998094e-30,6.1769615023875365e-30,4.972915414795414e-31,-5.654946553419776e-39,-4.8537188096853437e-39,-5.4683110791783135e-39,-1.8302811945494895e-39,-2.1607790251070085e-39,5.7722668720981736e-39,-0.8695967793464661,-0.4711150825023651,0.1361964344978332,0.0557082705199718,0.0018587053054943,-0.0055318446829915,0.0053748921491205,-0.0126123623922467,0.4794342219829559,0.8574246168136597,0.1869918406009674,0.0,-2.236429319454703,-0.5563033029975905,0.0117878760575127,0.0981409143542381,1.8268569226804847e-15,3.756838919681138e-16,-1.145908998037784e-22,3.9367523761289052e-22,3.674200568046896e-30,7.056367562831587e-31,0.978182035701966,0.0218408413249769,2.2877026943035617e-05,17.613842010498047,-1.107069491890172,-0.214099202735557,-1.1660560132821165,-0.3459762411950227,0.1473584812362716,0.0488505978068379
225.0,1335.0,0.5440787782687928,0.0113693889515978,0.4442823857768079,0.0002694470028014,9.927941796599725e-13,0.9996373964770228,0.0001599508051797,0.0002026527177972,0.0027750423981559,0.8278663211198701,0.1693586364819739,7.793924918788788e-06,8.401277825518987e-07,4.496351353286713e-06,0.1518508042545009,0.8481263029497255,9.7623917189862e-06,0.5438814933870154,0.0094123342047401,0.3768075773145678,0.8165773110843846,0.000896664916525,clean_balanced_ED_EQ,-2.347803063076076e-31,1.2534172056775896e-30,-7.47117570348605e-33,-1.4296297489837571e-32,1.7710582103181294e-32,4.000488047001979e-33,-1.985203399555748e-24,2.1300989416168603e-24,1.4868149650819926e-23,-4.804423573003128e-23,2.2089137319459425e-23,5.431135672746485e-24,-1.7045296963657122e-39,7.292574853188346e-39,-9.565821782416952e-40,-2.2651101760814027e-39,2.6610991716819785e-39,-5.027468660329445e-39,8.755146844060714e-38,-7.339708976403864e-37,-1.68304626974806e-36,-4.679975811695968e-37,-5.2837733322567663e-39,-2.684784614070749e-39,8.678912666665194e-31,-7.181121653954502e-30,1.8373278490413175e-30,-1.91959570197762e-30,-2.7052191157078374e-30,9.100717897966787e-30,9.702147634719342e-31,-2.1139185613717243e-30,8.73917427366025e-30,2.2115579753019953e-30,5.872449787199652e-30,4.5060895326708735e-31,-6.521707587301125e-39,-4.82883942646277e-39,-5.392828985284647e-39,-1.7553177819818222e-39,-2.0153547798565983e-39,5.7395763538327967e-39,-0.8801817297935486,-0.4496857225894928,0.1431573778390884,0.048531524837017,0.0018731005256995,-0.0051887016743421,0.0050307800993323,-0.012509393505752,0.4811368584632873,0.8564702868461609,0.1869918406009674,0.0,-2.233168146194507,-0.5281406610664261,0.0144130333438633,0.0857936024734931,1.8221748974709136e-15,3.6272776426921453e-16,-1.0768968638306946e-22,3.94266628932384e-22,3.692339089844784e-30,6.849747338969607e-31,0.9769675576938424,0.0230311374070591,1.304899098553136e-06,17.306514739990234,-1.1012607227897864,-0.2062795441533376,-1.1599463590044254,-0.322541394172017,0.1408040297720759,0.0435743300789179
225.0,1340.0,0.5482738103187884,0.0089895711085126,0.442484717227519,0.0002519013451798,9.54610823124771e-13,0.999654022342321,0.0001367576945792,0.0002092199630995,0.0036893000931051,0.870961167163361,0.1253495327435338,6.562890198417054e-06,7.10678912500396e-07,3.89373108340557e-06,0.1566743054788032,0.8433047402152497,9.787005752804676e-06,0.5480841198301276,0.0078295673449682,0.3731494595107711,0.8070506175924044,0.0012280653252807,clean_balanced_ED_EQ,-2.1962131549538515e-31,1.2454801992678104e-30,-7.375681761489262e-33,-1.2822352597381178e-32,1.7961227838063506e-32,3.485385576750986e-33,-1.9265527824112624e-24,2.233156402133232e-24,1.1682462684670781e-23,-4.378428015062128e-23,1.660116774913419e-23,4.466435436078996e-24,-1.4657269831054755e-39,6.641207098953745e-39,-9.833596374738874e-40,-2.0104059424495437e-39,2.449081300313461e-39,-4.6307956387851834e-39,7.982008124235784e-38,-7.38738068531573e-37,-1.6755534601128244e-36,-4.052719760841023e-37,-5.434693453924074e-39,-2.2254378786218165e-39,5.6479557496843274e-31,-6.813687020339312e-30,1.775343082221344e-30,-2.261198052080276e-30,-2.3401381069890113e-30,9.074886723021885e-30,8.640605922369993e-31,-2.09529032968591e-30,8.457661966855973e-30,2.045720175069072e-30,5.280882339405709e-30,3.7312891990974285e-31,-8.173737700982112e-39,-4.74977556657841e-39,-5.2445766993388623e-39,-1.6440919828014384e-39,-1.7518504227464308e-39,5.6591648540447936e-39,-0.8992446660995483,-0.407175064086914,0.155854657292366,0.0325439982116222,0.0016693148063495,-0.0045255930162966,0.0046285707503557,-0.01241737883538,0.4845172464847564,0.8545624017715454,0.1869918406009674,0.0,-2.22505913326403,-0.4739278467110172,0.0176158943700095,0.0602308111095796,1.813171153254569e-15,3.392522000194392e-16,-9.403027932570096e-23,3.948086520761028e-22,3.727865584693944e-30,6.4709285824042685e-31,0.9744557699267428,0.0255254009836513,1.882908960593177e-05,16.743534088134766,-1.0902040547292646,-0.1922407508355416,-1.1461806544253852,-0.27723072395259,0.1278405046868094,0.0341102313537051
225.0,1345.0,0.5518105828865035,0.00701106650556,0.4409422388393909,0.0002361117685455,9.206099061136236e-13,0.999669132707115,0.000115853477658,0.0002150138152269,0.004501612316107,0.9178496109572606,0.0776487767266323,5.69951863977202e-06,6.140974164542094e-07,3.4213975730452053e-06,0.1647296140145475,0.8352525769632337,8.074008589300304e-06,0.5516280068127585,0.0064351046645237,0.3682981412825389,0.7990826064495468,0.0016059981631801,clean_balanced_ED_EQ,-2.0666311073533274e-31,1.2381642938457338e-30,-7.229511510064138e-33,-1.1417176305969411e-32,1.816265030962852e-32,3.0067491473069328e-33,-1.7705311191426807e-24,2.2289153157333927e-24,8.908039981991317e-24,-3.965809184209215e-23,1.1178213541454197e-23,3.848939533741506e-24,-1.4169579961269144e-39,6.121105371691784e-39,-9.152131110850335e-40,-1.8481649324053847e-39,2.3321743797356824e-39,-4.2729455181967245e-39,7.325518578369114e-38,-7.517342585286735e-37,-1.6653771107203766e-36,-3.450506119149098e-37,-5.0524691908296257e-39,-1.5599481207124647e-39,2.805363770511248e-31,-6.458153765133747e-30,1.7102482264259982e-30,-2.5741625741430563e-30,-1.99078423117126e-30,9.032316711582664e-30,7.58218993558749e-31,-2.0742345427010073e-30,8.208919852487079e-30,1.8916395521358148e-30,4.7196335622292266e-30,3.227059729400642e-31,-9.719151610805935e-39,-4.6410819879854475e-39,-5.1240378119687675e-39,-1.5270492655817743e-39,-1.4946377553112248e-39,5.570205943901153e-39,-0.9154171347618104,-0.3656008243560791,0.166923239827156,0.0150677971541881,0.0016219950048252,-0.0039624576456844,0.0041101984679698,-0.012204747647047,0.4878650903701782,0.8526556491851807,0.1869918406009674,0.0,-2.214874114156255,-0.4229542638355592,0.0183439987483338,0.0340850735398476,1.804466633917978e-15,3.189090849978232e-16,-8.074032288305475e-23,3.945406532478433e-22,3.7616234758914164e-30,6.144231632244741e-31,0.9716708253237564,0.0282562561020482,7.291857419533532e-05,16.248743057250977,-1.079771238577644,-0.1802255840813333,-1.1307651221755777,-0.2342839917920741,0.115362481872322,0.0259128352678246
225.0,1350.0,0.5544627074791986,0.0054254877978045,0.4398907453626112,0.0002210593603854,8.907219607867111e-13,0.9996815412796728,9.769715541284322e-05,0.0002207615649142,0.0061656762079795,0.961962383234692,0.0318719405573285,5.120805410624347e-06,6.390175026293174e-07,3.013527879274647e-06,0.1766257648024258,0.8233573190239887,8.142822792906832e-06,0.5542861339949056,0.0052191151721868,0.3621872647652236,0.7933639890093318,0.0020403137872721,clean_balanced_ED_EQ,-1.951545055753992e-31,1.231572725823932e-30,-7.03407868724954e-33,-1.0123003540835586e-32,1.8360676154360628e-32,2.499501399332713e-33,-1.7285002927218967e-24,2.333660082681608e-24,6.5936320807327116e-24,-3.566985284784681e-23,5.7363054066624076e-24,3.269654420252001e-24,-1.1867963979344609e-39,5.796238940946256e-39,-1.0146956656738786e-39,-1.827182879828569e-39,2.2014786450984354e-39,-3.969056160113081e-39,6.773044125749059e-38,-7.740174382791656e-37,-1.6525934825977517e-36,-2.8825922960338245e-37,-5.116797601470118e-39,-1.284442262114708e-39,1.581039345900945e-32,-6.112348632867409e-30,1.6420599714319833e-30,-2.858867385106116e-30,-1.6578703648909926e-30,8.97121941883014e-30,6.675074773252828e-31,-2.0457199237422066e-30,7.976118949065546e-30,1.760084244024252e-30,4.149177323828214e-30,2.7837503978491997e-31,-1.1225826822696731e-38,-4.525417528386821e-39,-5.009281863658144e-39,-1.432229289949922e-39,-1.2679071385790556e-39,5.467746850583551e-39,-0.9289316534996032,-0.3253106772899627,0.1759508401155471,-0.0032395510934293,0.0015908620553091,-0.0033833372872322,0.0036570020020008,-0.0120480637997388,0.4911806583404541,0.8507499694824219,0.1869918406009674,0.0,-2.203019021704085,-0.3751221350801504,0.0163639338709142,0.0084341265775588,1.7965928994795977e-15,3.0072822354313995e-16,-6.799849473911191e-23,3.9348454556757524e-22,3.795271134199549e-30,5.846415951915223e-31,0.9687550314456396,0.031127722333619,0.0001172462207414,15.813390731811523,-1.070045039023724,-0.1695588950253657,-1.11378888738185,-0.1942764085652926,0.1033766870601061,0.0191093538598808
225.0,1355.0,0.5549542484753102,0.0042465886281358,0.440591875784807,0.000207287111747,8.654517604474049e-13,0.9996972345341096,7.769584623935257e-05,0.0002250696196508,0.0074540950008373,0.9854431737889376,0.0071027312102249,4.41600258957026e-06,5.41021292886092e-07,2.641333855618162e-06,0.1946127527227401,0.8053731514541861,6.497465335654819e-06,0.5547862274937228,0.0041847717754861,0.3548408675059213,0.7939246829721476,0.002546876228376,clean_balanced_ED_EQ,-1.847516041023193e-31,1.2249493403042463e-30,-6.860885221113663e-33,-8.497002741374437e-33,1.847394014381796e-32,2.053689924251429e-33,-1.594893204693849e-24,2.3078064008794084e-24,4.591427762885282e-24,-3.1926472059982485e-23,-4.3925991379753175e-25,2.7029157240001788e-24,-1.1844239395915268e-39,5.3510134523493504e-39,-9.30244307005902e-40,-1.6776457858258287e-39,2.1146809197294736e-39,-3.6733654121516463e-39,6.394828110984319e-38,-8.11022045414184e-37,-1.6383013567137174e-36,-2.3433101465989494e-37,-4.637788012731268e-39,-7.66641518983812e-40,-2.296307941998182e-31,-5.789001399275732e-30,1.5701178560866198e-30,-3.1106408433525012e-30,-1.3404874453890542e-30,8.899642242628233e-30,5.863517420933691e-31,-2.0249463501991847e-30,7.784090948615761e-30,1.6471776481850094e-30,3.5554252217225554e-30,2.3924692142860662e-31,-1.2744332312919468e-38,-4.4057852571431886e-39,-4.9241251026507985e-39,-1.3495511724991444e-39,-1.0393202177805584e-39,5.370022697075845e-39,-0.940205991268158,-0.2860690355300903,0.1831619888544082,-0.0217403899878263,0.0016202436527237,-0.0028889593668282,0.0031507953535765,-0.0118234017863869,0.4944645464420318,0.8488455414772034,0.1869918406009674,0.0,-2.189547494301168,-0.3301039893817351,0.0126841482850851,-0.0164425148213663,1.788754029337942e-15,2.842208510399074e-16,-5.580313628973389e-23,3.91821072167532e-22,3.826049071822119e-30,5.577059469482246e-31,0.9658337703813732,0.0341706790590876,4.449440460740917e-06,15.445987701416016,-1.0603630770952075,-0.159928066392977,-1.0960227839281604,-0.1567673309893549,0.092186366231301,0.0132575575678604
225.0,1360.0,0.5524933406901888,0.0035648897107256,0.4437476536254628,0.0001941159736226,8.456017988720785e-13,0.9997119120299268,5.878559977399773e-05,0.000229302370299,0.008979185731858,0.9177265264476552,0.0732942878204867,3.772498676122388e-06,4.625096086027293e-07,2.294436108054353e-06,0.2215557983298073,0.7784315240435755,6.148182224387393e-06,0.5523341740051905,0.0032715938513932,0.3454271623024297,0.8031728546648579,0.0031550564773582,mixed_higher_order,-1.7493520988162483e-31,1.218344171927058e-30,-6.678441897173303e-33,-6.669497362797546e-33,1.8573109200817942e-32,1.588946720477982e-33,-1.5507479963145536e-24,2.3422328033007053e-24,2.9073258561248503e-24,-2.824963707251768e-23,-7.722691898929752e-24,2.1842087357266437e-24,-1.0654013833601268e-39,4.9678470225256346e-39,-9.062929376335407e-40,-1.5308526461521456e-39,1.971686184163804e-39,-3.4369899887388394e-39,6.131671693356639e-38,-8.684901220359894e-37,-1.6217241094131034e-36,-1.826197220977847e-37,-4.5564266018299525e-39,-5.239020761349362e-40,-4.710090611322264e-31,-5.4679875687139855e-30,1.4986273365292969e-30,-3.3470005479312815e-30,-1.0276191510840449e-30,8.814986559868423e-30,5.03832046803695e-31,-1.9955569267042205e-30,7.624783181258484e-30,1.5424205394232564e-30,2.9246726770861952e-30,2.119055449914033e-31,-1.43443970409504e-38,-4.2709243779677357e-39,-4.8667410243505786e-39,-1.2717017559760638e-39,-8.331245649752989e-40,5.264805133867943e-39,-0.949436902999878,-0.2472607195377349,0.1886755228042602,-0.0406423024833202,0.0015473411185666,-0.0023433067835867,0.0028064367361366,-0.011607464402914,0.4977169334888458,0.846942663192749,0.1869918406009674,0.0,-2.1747373585531866,-0.286877780020667,0.0070485607918882,-0.0405933132678053,1.7814071405821364e-15,2.685790800275271e-16,-4.3969856737105777e-23,3.895480853303889e-22,3.8565968013830135e-30,5.3121011768750436e-31,0.9625761815555371,0.0373928589736254,3.0959470837310654e-05,15.152177810668944,-1.050768017543731,-0.1508738892682259,-1.07696983255122,-0.121275826379234,0.0812697689894086,0.0083639198655072
225.0,1365.0,0.5441006699696799,0.0037324600158354,0.4519858518892,0.0001810181252847,8.343196725948104e-13,0.9997263489183044,4.080697855036059e-05,0.0002328441031452,0.0079926090229631,0.6676320090689222,0.3243753819081147,3.548503714915705e-06,4.464819928139576e-07,2.1190465170450825e-06,0.2631925866129594,0.7367963970461789,4.90230863685944e-06,0.5439517762327913,0.0024919097791416,0.3330215471878104,0.8307026196354197,0.0039500845583327,mixed_higher_order,-1.6538747817821538e-31,1.2109838446843162e-30,-6.442585820230269e-33,-4.41233071016411e-33,1.8616972898613727e-32,1.1550651903236249e-33,-1.4584152891620411e-24,2.288282633584723e-24,1.445098466930923e-24,-2.4758220353354042e-23,-1.719834479062865e-23,1.7460325855940712e-24,-1.0464595366136084e-39,4.883730024411128e-39,-8.786138213678325e-40,-1.5384393122396712e-39,1.9250607719839327e-39,-3.3452933379735264e-39,5.819957077320086e-38,-9.600685467259515e-37,-1.6037830878204525e-36,-1.3308027486587466e-37,-4.1473685600259984e-39,-1.757567805577745e-40,-7.081492215598716e-31,-5.159294530711672e-30,1.4269553599660515e-30,-3.5625556028580985e-30,-7.188040155537156e-31,8.72184934367118e-30,4.2181221638222406e-31,-1.9638350169132698e-30,7.513197862469967e-30,1.4380481033601829e-30,2.172451776827432e-30,1.8207063795189824e-31,-1.6170135211375616e-38,-4.1347470960782e-39,-4.851422113176771e-39,-1.1916371625649584e-39,-6.327026619682404e-40,5.162180568498684e-39,-0.9568862915039062,-0.2089678198099136,0.1924962252378463,-0.0593328066170215,0.0014824130339547,-0.0018325295532122,0.0024646767415106,-0.0113097485154867,0.5009381771087646,0.8450413942337036,0.1869918406009674,0.0,-2.1587489408538008,-0.2454298344214368,-2.9619068684642445e-05,-0.0635676261668028,1.7742556978057902e-15,2.534308858227961e-16,-3.258166653289784e-23,3.867799925175648e-22,3.8856456122161465e-30,5.052599860177463e-31,0.9593044802971736,0.0407091637147962,1.3644011970015413e-05,14.984013557434082,-1.0405943459947544,-0.1421169039091894,-1.0572670767186267,-0.0877309370854935,0.070964612138508,0.0041420930399713
225.0,1370.0,0.5236775726636566,0.0056818457656482,0.4704726688600499,0.0001679127106453,8.390616084939581e-13,0.999735589750712,2.714919246080535e-05,0.0002372610568271,0.0052680889216152,0.322459646164037,0.6722722649143477,3.393733505921015e-06,4.2152476991435213e-07,1.9135856850120413e-06,0.3301830841933727,0.6698069858945958,4.201068070727164e-06,0.523539106946122,0.0018321659751495,0.3151258802749363,0.8984014084602041,0.0051169972803681,mixed_higher_order,-1.552866552416506e-31,1.2013063140129122e-30,-6.191763487092953e-33,-1.2277112467653302e-33,1.8644134655296336e-32,7.80891094791988e-34,-1.4265672371563947e-24,2.34613455578517e-24,2.301890122722842e-25,-2.148106406827287e-23,-3.099434511172568e-23,1.2145211957448855e-24,-1.0869821918065429e-39,4.934292917340299e-39,-7.503850719650823e-40,-1.6148590839027094e-39,1.8373818635859508e-39,-3.3194347767570484e-39,5.744315956787851e-38,-1.1129119587145485e-36,-1.584878562739156e-36,-8.61039696808659e-38,-3.9736988503900615e-39,-1.0307096243764103e-40,-9.815296569246704e-31,-4.866810429052674e-30,1.3907446153888348e-30,-3.752780468323699e-30,-4.092161607680803e-31,8.619590897376374e-30,3.551507328521995e-31,-1.9373416323232615e-30,7.481778563657723e-30,1.3334818856409745e-30,1.1919483719415855e-30,1.5760501071733194e-31,-1.8471055967580582e-38,-3.98236089314629e-39,-4.9107899475053694e-39,-1.1105900859658511e-39,-4.358643235821967e-40,5.057746677609232e-39,-0.9627230763435364,-0.1709958016872406,0.1946851015090942,-0.0770084708929061,0.0015881466679275,-0.0013414630666375,0.0019482503412291,-0.0110133057460188,0.5041286945343018,0.8431419134140015,0.1869918406009674,0.0,-2.141311539606348,-0.205181866753827,-0.0078308200656623,-0.0844545083074309,1.766478721844435e-15,2.3754409887713333e-16,-2.1703922424762026e-23,3.835924846067785e-22,3.9106772906624345e-30,4.7637898219311995e-31,0.9560796076520228,0.0439576819217173,3.728957373994035e-05,15.064414024353027,-1.028511036732997,-0.1329503032743345,-1.0371921917029043,-0.0563490270656882,0.0613465698043846,0.0006573839296173
225.0,1375.0,0.4745736768209889,0.0124562987794857,0.5128161045259125,0.0001539198736128,8.866974642634375e-13,0.999720084778509,3.6226143913213616e-05,0.0002436890775778,0.0022512117419423,0.1002371716648801,0.8975116165931776,3.461218392822932e-06,4.933489180091964e-07,1.7451954990725212e-06,0.4465527512275027,0.5534384204943897,3.1285152977131256e-06,0.4744408364251278,0.0012485841590683,0.2838121348929069,0.925426624929656,0.0072891101512719,mixed_higher_order,-1.4255896450064801e-31,1.1855126497762066e-30,-5.8128910742591904e-33,4.227844076488085e-33,1.86358753230601e-32,4.9434445625121585e-34,-1.415201122606245e-24,2.3602915521175794e-24,-8.711371390986109e-25,-1.834311511835932e-23,-5.494330551843819e-23,8.596462252514531e-25,-9.300409874108631e-40,5.457904899112928e-39,-8.038909862399423e-40,-1.9295132825196183e-39,1.733935127758889e-39,-3.528385067851603e-39,5.340166572908678e-38,-1.4051897239553192e-36,-1.564960523551666e-36,-4.019937158767335e-38,-3.719757554560692e-39,-1.3034617124099627e-40,-1.3530541812966766e-30,-4.580448897507069e-30,1.4157922522537677e-30,-3.931407938068844e-30,-6.273624102891295e-32,8.511858868829444e-30,2.87837002407861e-31,-1.9078249673660675e-30,7.601349231649053e-30,1.2004893075750446e-30,-3.544468201546324e-31,1.4039046321585602e-31,-2.199089116820801e-38,-3.773594724008476e-39,-5.1233491966053846e-39,-1.0040268078043407e-39,-2.2867626899430394e-40,4.954978076828064e-39,-0.9673792719841005,-0.1313983500003814,0.1953343152999878,-0.0924898758530616,0.0016099018976092,-0.0007184032583609,0.0014723669737577,-0.0105660678818821,0.507288932800293,0.8412442207336426,0.1869918406009674,0.0,-2.121876593513261,-0.1635777610784398,-0.0153927488474189,-0.1020718122059272,1.7568383580459273e-15,2.1785060100041362e-16,-1.10949245033472e-23,3.800562564557238e-22,3.9292234131885406e-30,4.3810062349886185e-31,0.9530912901346724,0.0468236815240197,8.502834130785786e-05,15.837890625,-1.0112982554250751,-0.1216095265806956,-1.0167223542582284,-0.0261166969423374,0.0521945856615494,-0.0024787851864992
225.0,1380.0,0.3472956945483668,0.0356688875128823,0.6168951116805621,0.0001403062581889,1.1183170041084489e-12,0.9995200049581352,0.0002191513374592,0.0002608437044055,0.0006333905111378,0.0196940879703615,0.9796725215185006,3.971729276233776e-06,7.609334046493137e-07,1.5088433060885857e-06,0.6521276087822854,0.3478642376310508,1.912080676854236e-06,0.3471289943369225,0.0007024662084836,0.2145957477230806,0.5629736530125107,0.0134971300911685,EQ_dominated_with_ED,-1.2093794351591602e-31,1.1490351708879837e-30,-4.9518218748126717e-33,1.637579862343105e-32,1.8658400161046819e-32,4.8333973674890355e-34,-1.5744111753019912e-24,2.3086023491476438e-24,-2.146461872325443e-24,-1.543310425536671e-23,-1.098884675200979e-22,1.3755669400777698e-24,-6.9865524187311025e-40,7.352134219863094e-39,-9.217689590793323e-40,-3.09837101826745e-39,1.620412682431568e-39,-4.2537675895998745e-39,3.282472959306343e-38,-2.1158005948699283e-36,-1.5454722223175355e-36,6.947001321777351e-39,-3.5566672659312675e-39,-6.920953215311891e-40,-2.087906626603133e-30,-4.296519613669788e-30,1.6799041756861037e-30,-4.1034117997379686e-30,4.080057517007662e-31,8.399930175613857e-30,2.3619108735473423e-31,-1.879462958833129e-30,8.113012850094121e-30,9.738112463009681e-31,-3.657411139043231e-30,1.3673290329858872e-31,-2.929764615425404e-38,-3.347854324361285e-39,-5.7446150848584974e-39,-8.248454290005996e-40,3.738294473590283e-41,4.8463277556472855e-39,-0.9718875885009766,-0.085406944155693,0.1945844888687133,-0.1009080931544303,0.0012910580262541,0.0003465689078439,0.0011759756598621,-0.0098086539655923,0.5104192495346069,0.8393487334251404,0.1869918406009674,0.0,-2.0974129669453765,-0.114126896901667,-0.0181554310752241,-0.1114204858947514,1.7390517373395532e-15,1.849068916411083e-16,-4.883046942105499e-25,3.7644462363274223e-22,3.9228570607477495e-30,3.6905021834534335e-31,0.9518616177330924,0.0481431591837309,4.776916823212574e-06,19.736473083496094,-0.9766298626018974,-0.1027919859650836,-0.9967985845802964,0.0044806765107955,0.0437551588123102,-0.0060855404430712
225.0,1385.0,0.0506109294309226,0.1162122937892172,0.8330239836325832,0.0001527931472767,4.9511766842386304e-12,0.9914056343649492,0.008173272821409,0.0004210928136416,7.84615833946306e-05,0.0010305152776406,0.9988910231389648,3.911443018823052e-06,9.278360147314946e-07,1.0544803411135062e-06,0.9441697646813428,0.0558232282424997,1.1133167827166662e-06,0.0501759605982635,0.0001197585441994,0.046502087969798,0.0607556690147414,0.1098040104958041,EQ_dominated,-4.048017683982283e-32,9.301012584315052e-31,6.438677690196576e-33,8.428493259323354e-32,1.901401794347745e-32,2.569733410105521e-33,-2.7882093465543782e-24,2.5262182234132872e-24,-6.1540541363152825e-24,-1.216763029784838e-23,-4.230009205434587e-22,3.589209741001021e-23,3.298102676037986e-40,1.8112529756290002e-38,-1.1740596719991766e-39,-8.744575704218873e-39,8.442415203045584e-40,-9.367967473878004e-39,-4.813855885563668e-37,-6.275068445810856e-36,-1.5278250886992167e-36,8.69041574298411e-38,-4.3019020963732416e-39,-5.3101435569842936e-39,-5.789717643147307e-30,-3.592962116206174e-30,3.718040758262676e-30,-4.5757387824100794e-30,2.071678559325529e-30,8.168701317226478e-30,1.9551494031909504e-31,-1.8671426733190665e-30,1.1846788241213344e-29,-4.494778099838501e-31,-2.1626154351864796e-29,1.9183646576204024e-30,-6.825487170959923e-38,2.3662416364672267e-39,-9.802815185460943e-39,4.1146322515839635e-40,8.888270571325389e-40,4.6898571981909754e-39,-0.9780152440071106,0.0268645603209733,0.1979396939277649,-0.0556017495691776,0.0007751706871204,0.0048802210949361,0.0002211906248703,-0.0060619348660111,0.5135199427604675,0.8374552726745605,0.1869918406009674,0.0,-2.0263822758621988,0.0150949772326946,0.0309467377482153,-0.0683287471424897,1.6399899635233808e-15,4.329674439672812e-17,1.5156303996175322e-23,3.7376165246133615e-22,3.696407200864646e-30,5.347429684712867e-32,0.957259939559057,0.042308472966983,0.0004315874739599,87.41097259521484,-0.7876916149674067,-0.0342821768921135,-0.9783144593296864,0.0556474654188734,0.034372513650022,-0.0173846759496692
225.0,1390.0,0.2266149874791692,0.1358093455360243,0.6373645358442879,0.0002111311405184,2.684719041202964e-12,0.9967643549066572,0.0030652385464949,0.0001704065468477,5.874552475071912e-05,0.0008295606263875,0.9991116938488616,2.8481933320081303e-06,1.1092054070863278e-06,4.509487835981388e-07,0.8765108042469827,0.1234817204146364,3.066990858335962e-06,0.2258817418068543,0.0001126620857521,0.0787028694173288,0.3555500419849728,0.0059667739815027,EQ_dominated_with_ED,-2.8311165358505623e-31,1.4374579864549214e-30,-7.045828898840855e-34,-8.124164311648278e-32,1.870962024914567e-32,-4.111505296350159e-33,4.504203129511569e-25,2.571151779052444e-24,2.120097978333793e-24,-9.577222423184245e-24,3.376947525138558e-22,4.296427330001662e-23,-3.1804023447693134e-40,-1.0060183371946095e-38,-8.366045192540744e-40,6.225257351217456e-39,1.1546429500515654e-39,3.834939798229896e-39,-4.584693618210737e-37,3.9215142324498806e-36,-1.481713623173626e-36,2.466102699845487e-38,-3.3285843658528957e-39,6.592874229627081e-39,3.014441868511728e-30,-3.361942784106976e-30,-1.7688550424910488e-30,-4.516906297720642e-30,-1.2455893741483832e-30,7.878848232451717e-30,9.707352608703196e-32,-1.791262215797714e-30,1.932712394478968e-30,1.6694463166215363e-30,2.140334349403873e-29,2.8044740222851853e-30,2.507598619520884e-38,1.6668902932689643e-40,6.1672795919799676e-40,-1.2051259790160188e-39,-7.32874696689014e-40,4.4830608388931165e-39,-0.9415962100028992,-0.1346280574798584,0.2014878392219543,-0.2328852266073227,0.003980912733823,-0.0050142365507781,0.0020139846019446,-0.0141656240448355,0.5165913701057434,0.8355640769004822,0.1869918406009674,0.0,-2.1094595361884365,-0.2107407948028056,-0.1168702876498618,-0.2596415537083675,1.830954211230364e-15,3.863105705398605e-16,8.917256592364295e-24,3.632471050259991e-22,4.2736867956499176e-30,8.493457161798099e-31,0.9047691267870052,0.0950375991648326,0.0001932740481621,51.5726203918457,-1.2129869365753423,-0.2389014083380907,-0.941974302457676,0.0156778296031346,0.0269575136825362,0.0059675517320029
225.0,1395.0,0.5486556728378449,0.0641965546633221,0.3869497962633847,0.0001979762354481,8.97875472692406e-13,0.9990285231756462,0.0007747519271535,0.0001967248972001,0.0003053912578217,0.0030060127473429,0.9966885959948352,1.0839641358759057e-06,7.846038383425801e-07,3.1572176389467544e-07,0.4134021917970685,0.5865902348826549,5.389030538467125e-06,0.5481226665671326,0.0001929756616534,0.2269809718779343,0.7052689244274846,9.59558036168347e-05,mixed_higher_order,-1.9400938956744182e-31,1.3151029194293126e-30,-5.16456506792886e-33,-3.6657197187471687e-32,1.8434157998373208e-32,-2.856464168762344e-33,-3.2651375663674947e-25,2.3609505996094804e-24,-3.755660828643927e-25,-7.468261967246615e-24,1.3574903204450504e-22,1.0582251386406594e-23,-6.621777196900606e-40,-2.749626070513025e-39,-7.880380547825812e-40,2.273508780284452e-39,1.4502143745799304e-39,4.761213541990935e-40,-6.116858983993836e-38,1.2335204976243923e-36,-1.4687678333135761e-36,8.390966229599799e-38,-2.652614872226488e-39,3.5843181042942245e-39,5.9905413255654905e-31,-3.4798726525015446e-30,-4.642027588201371e-31,-4.450061513019522e-30,-1.3485245081545864e-31,7.929935027184306e-30,6.501484064255703e-32,-1.7674338311914553e-30,4.476448226339257e-30,1.4342106700582554e-30,9.800139755827421e-30,8.377990432350864e-31,-4.073361067321119e-40,-2.8636920291152048e-39,-2.1123881664283428e-39,-1.1436623258704854e-39,-1.5747672167358314e-40,4.4723296521051935e-39,-0.9574723839759828,-0.0557688623666763,0.1893479079008102,-0.2101645469665527,0.0027379866223782,-0.0022489971015602,0.0008584032184444,-0.0118424743413925,0.519633948802948,0.8336753845214844,0.1869918406009674,0.0,-2.0754239420546896,-0.1131770739403887,-0.1041977076420203,-0.2273874706486492,1.7923837163186187e-15,2.795533349504717e-16,2.0893762104531952e-23,3.605858319776877e-22,4.198472339886552e-30,6.051080838758e-31,0.919876086645032,0.080162748082682,3.883472771404328e-05,17.59294319152832,-1.1057610756167902,-0.1631264200834909,-0.9270627246095356,0.0529624344874838,0.0209459661210675,-0.001053336704363
225.0,1400.0,0.6441215643268469,0.0344536719931122,0.3212463424403067,0.0001784212397341,7.205654041351101e-13,0.9993689352397784,0.0004278348848018,0.0002032298754199,0.0007026227838385,0.0034593331807684,0.995838044035393,5.059410331635464e-07,5.470342554761068e-07,3.8190007425235685e-07,0.1601627993067388,0.839829889381012,5.876436886270661e-06,0.6437150819063013,0.000119186730725,0.2697922802356975,0.4987355807223007,0.00062033433607,clean_balanced_ED_EQ,-1.7330977068865555e-31,1.2882019634376677e-30,-5.391843371037837e-33,-2.634789835838019e-32,1.8312274079070024e-32,-2.8695690966303938e-33,-4.306877420925943e-25,2.35050468579387e-24,-9.66682306091934e-25,-5.2134689900818175e-24,8.974101470879866e-23,6.319574592456982e-24,-6.849983187941851e-40,-1.4395207804338171e-39,-6.985939686752807e-40,1.503272662270727e-39,1.3835808585183449e-39,-6.375180031621567e-41,-1.426034162195095e-38,6.340831916888455e-37,-1.4472713538407202e-36,1.2133504369338342e-37,-2.399181810115868e-39,3.0005306574400836e-39,3.1908196297334953e-32,-3.2992490209644224e-30,-2.813265857165224e-31,-4.5247220446032466e-30,2.494188264608916e-31,7.82397128408852e-30,1.8288414714137674e-32,-1.7346944596693458e-30,4.9410986687906696e-30,1.3070114573357741e-30,7.038595978691079e-30,5.833562739991636e-31,-6.528853032376891e-39,-3.072479579562937e-39,-2.6602159421122597e-39,-1.0568135244838629e-39,5.326447350451606e-41,4.3827113618589964e-39,-0.9582303166389464,-0.0162692051380872,0.1831072866916656,-0.2187663912773132,0.0026573901996016,-0.0015194256557151,0.0003318220260553,-0.0111027145758271,0.5226478576660156,0.8317891359329224,0.1869918406009674,0.0,-2.052929213665678,-0.0729320378037919,-0.113308606193219,-0.2334781564759475,1.781405698453733e-15,2.51483281224902e-16,2.946984365350037e-23,3.5601791879984e-22,4.205578084017388e-30,5.4486376594514475e-31,0.9184793971387972,0.0815103927688916,1.0210092311280228e-05,14.055242538452148,-1.079273925410601,-0.1452013906453009,-0.9069811822350864,0.0760386786372351,0.0145698077046557,-0.0027015362205178
225.0,1405.0,0.6793553963864725,0.0217423737721166,0.2987377699730321,0.0001644598683786,6.611608896338172e-13,0.9994952248313096,0.0002995364192031,0.0002052387494871,0.0011225038310262,0.0023055006199836,0.99657199554899,3.039466934219787e-07,4.776720100027155e-07,4.361962599965084e-07,0.0623334421977874,0.9376601068805956,5.233106653529265e-06,0.6790124746516609,5.012705621153172e-05,0.2801144893221841,0.4397370971983652,0.0012080649687972,clean_balanced_ED_EQ,-1.624015011363262e-31,1.2776272418543932e-30,-5.291790034923597e-33,-2.1658499941166054e-32,1.8199700638304825e-32,-3.0616157412151885e-33,-4.1565219023074815e-25,2.2771785809825e-24,-1.2055186109514171e-24,-3.090648487441001e-24,6.881560012547058e-23,4.6456910339811326e-24,-6.063335960819196e-40,-9.814701398571342e-40,-7.522077582870273e-40,1.235239764275434e-39,1.3585363760468809e-39,-2.537683511283803e-40,2.0919054438088423e-39,3.6941669762249753e-37,-1.4244909545239338e-36,1.5408465697585714e-37,-1.873409350393295e-39,2.8191702281399957e-39,-2.4792331401285384e-31,-3.1058516867814776e-30,-2.6022701451901926e-31,-4.5949587024058964e-30,5.081509380950634e-31,7.700810832506057e-30,-2.52711599116767e-32,-1.7031502533748713e-30,5.0833562465874174e-30,1.2263600114620734e-30,5.711726788678804e-30,4.8219440749820475e-31,-9.527716682816308e-39,-3.0772892885940056e-39,-2.8687144403642702e-39,-9.967265330911584e-40,2.051076678090146e-40,4.2794333964708806e-39,-0.9563477039337158,0.0162537284195423,0.1766688674688339,-0.2320467382669448,0.0027256375178694,-0.0011428643483668,-8.436012285528705e-05,-0.01058757212013,0.5256334543228149,0.82990562915802,0.1869918406009674,0.0,-2.0329260052367526,-0.042653278160892,-0.1268484735919492,-0.2446441539095946,1.7761439815711316e-15,2.357841564897073e-16,3.7203202751154233e-23,3.51053764109456e-22,4.2285574205031414e-30,5.132692534972272e-31,0.914873849745624,0.0851696812730777,4.353101870191445e-05,12.836004257202148,-1.0666049698138256,-0.1355780798520044,-0.8863626130435761,0.0958762698726207,0.0086065352208258,-0.0033570101636194
225.0,1410.0,0.697407995411413,0.0154264678028279,0.2870116087807101,0.0001539280050489,6.29826469608191e-13,0.9995617736987582,0.0002329745140321,0.0002052517872096,0.0017208442516328,0.0007863443716991,0.997492811376668,1.7654085596392513e-07,4.162815481768191e-07,4.3685680306842084e-07,0.0248142329361708,0.97517935422291,5.383161712070725e-06,0.6971023728851273,1.2130516131951723e-05,0.2798877953052513,0.4115404622102117,0.0016727288481476,clean_balanced_ED_EQ,-1.5508917455223063e-31,1.2733236713436725e-30,-5.182717476542078e-33,-1.888505028015052e-32,1.8069484213723988e-32,-3.3710962736779606e-33,-4.214711413146437e-25,2.33535565898694e-24,-1.2154441625436924e-24,-1.0469170898059607e-24,5.700941304067467e-23,3.775910960008568e-24,-4.908195469216143e-40,-6.94142767015268e-40,-8.04047096045382e-40,1.0284537728539056e-39,1.2948652180169011e-39,-3.3431376806884194e-40,9.169759359119847e-39,2.251870928467467e-37,-1.4008477421645471e-36,1.837438353894835e-37,-1.9683840748523364e-39,2.67291738292898e-39,-3.9156769630599767e-31,-2.909765911621224e-30,-3.236340661626562e-31,-4.6581376360460464e-30,7.1520187488441305e-31,7.567902648341198e-30,-5.852404116327467e-32,-1.671772750321641e-30,5.1189406245701754e-30,1.1624864187119594e-30,4.901123400046449e-30,4.329447895948724e-31,-1.1380757517008391e-38,-3.0238287889603674e-39,-2.9566403016548865e-39,-9.51237737673076e-40,3.147833635238161e-40,4.179667175410938e-39,-0.9530046582221984,0.0455471128225326,0.1695588380098343,-0.2467144280672073,0.0027278449852019,-0.0008332444122061,-0.0003988528915215,-0.0102626029402017,0.5285913348197937,0.8280249238014221,0.1869918406009674,0.0,-2.0139034398516227,-0.0169181649428381,-0.1424124141756763,-0.256930913018299,1.773354305252552e-15,2.2474061301126417e-16,4.435594120600128e-23,3.458549006170339e-22,4.257566017952268e-30,4.920738995393314e-31,0.9103005535141916,0.0897236886665117,2.4242180703293315e-05,12.185007095336914,-1.059242661687354,-0.1290143847543856,-0.8654801087252357,0.1135217124915794,0.0029050140520969,-0.0033726475631256
225.0,1415.0,0.7096208671927507,0.0117443346740219,0.2784893695280422,0.000145428605185,6.082352342905444e-13,0.9996046793892835,0.0001916149232397,0.0002037056874767,0.0022813379778521,0.0008033433799576,0.9969153186421902,2.438132455752053e-07,3.922847960485794e-07,4.69000508965791e-07,0.0092099113039478,0.9907839403626562,5.043234845459269e-06,0.7093403394381549,9.434733512383216e-06,0.2759227948901055,0.3924481119470765,0.002048924235852,clean_balanced_ED_EQ,-1.4937020420059534e-31,1.2718649346545061e-30,-5.0367572216840906e-33,-1.6999841256318696e-32,1.7909631319858907e-32,-3.6667076622412115e-33,-3.7796225259463368e-25,2.3290196825999075e-24,-1.1190499371713198e-24,8.415104570813173e-25,4.921420774224948e-23,3.2789152768263363e-24,-6.546369150882625e-40,-7.258318267549605e-40,-6.621193573604268e-40,1.0482196944269768e-39,1.3167550283447968e-39,-3.223864348362074e-40,1.2678254004501443e-38,1.3373019157318677e-37,-1.377180765186643e-36,2.111037765648317e-37,-1.7328862733743604e-39,2.622604434816645e-39,-4.967211811138714e-31,-2.7249624631142734e-30,-3.97464784982788e-31,-4.708363000755258e-30,8.941861371248752e-31,7.433323639568563e-30,-1.0656937736279081e-31,-1.6344886108162094e-30,5.1103905905008815e-30,1.108631347887084e-30,4.3276218107993084e-30,4.1423581183483805e-31,-1.272203519121062e-38,-2.93821865788966e-39,-2.9970982054686626e-39,-9.04863549758802e-40,4.120103011234252e-40,4.0850518596755656e-39,-0.9487185478210448,0.0728011280298233,0.1618820279836654,-0.2614029347896576,0.0028421063907444,-0.000637486053165,-0.0007341360324062,-0.0099260974675416,0.5315216183662415,0.8261469602584839,0.1869918406009674,0.0,-1.995403702118831,0.0060601114866217,-0.1588642930430627,-0.2689609861893644,1.7717220129554082e-15,2.1575114057516704e-16,5.09974936926567e-23,3.4054508631837343e-22,4.2891711167731846e-30,4.7529585024028345e-31,0.9053753711792912,0.0946363516673994,1.1722846690709332e-05,11.734286308288574,-1.0542905600690302,-0.123817861435931,-0.8448555287361411,0.1295052888309152,-0.0023267950872454,-0.0030941979083937
225.0,1420.0,0.7193616771018856,0.0094214263908816,0.2710786510142931,0.0001382454929396,5.913247396208755e-13,0.99963354960054,0.0001641913875566,0.0002022590119035,0.0027316434575033,0.0038623383123591,0.9934060182301374,2.498547936486287e-07,3.643210028936535e-07,4.0904258692294004e-07,0.0028202331080101,0.9971739627190916,4.780954514706398e-06,0.7190980667279554,3.638873610657408e-05,0.2703125726404684,0.3768322106153833,0.0023585418347361,clean_balanced_ED_EQ,-1.4447108646436247e-31,1.27215708009013e-30,-4.944977338217707e-33,-1.5646006079588778e-32,1.7778165871841054e-32,-3.9512738389938375e-33,-3.4033922945229454e-25,2.2708942973083344e-24,-9.519536145757928e-25,2.5591238814705932e-24,4.369410236933677e-23,2.8915065651032888e-24,-6.298929716595458e-40,-7.413221885840474e-40,-5.832830332848483e-40,1.0196297482904304e-39,1.2131725142749402e-39,-2.7831482194080157e-40,1.492545603198219e-38,7.1540477646512e-38,-1.3536784929000877e-36,2.3653786107843787e-37,-1.4564903079063818e-39,2.6329747953892e-39,-5.723695334810513e-31,-2.548019294996711e-30,-4.780356467461843e-31,-4.7504784282607274e-30,1.0504047465811885e-30,7.298498879646899e-30,-1.3457373923286266e-31,-1.613964326965126e-30,5.076484969345038e-30,1.0632214735164841e-30,3.889339250680355e-30,3.940630673878078e-31,-1.376057798882307e-38,-2.862104613628428e-39,-3.0073283598939706e-39,-8.706144662133763e-40,5.056245167376794e-40,3.978311048563898e-39,-0.9436637163162231,0.0984722226858139,0.1536004543304443,-0.2758439779281616,0.0028226049616932,-0.0004418896278366,-0.0009282372775487,-0.0096574369817972,0.5344246625900269,0.8242719173431396,0.1869918406009674,0.0,-1.977282513555622,0.0269700210212837,-0.1758834481697219,-0.2804011397896186,1.7708589995433512e-15,2.079772495215162e-16,5.71883104789355e-23,3.3515646352303635e-22,4.3218980275422126e-30,4.6117175099921295e-31,0.9002061504976427,0.0997771274432518,1.6722059105411802e-05,11.380044937133787,-1.050819585590678,-0.1193351431079255,-0.8245997940044387,0.1440881808660947,-0.0070511187063296,-0.0026229046541647
227.5,1332.5,0.5324335525253517,0.0151799689816933,0.4520962007076713,0.0002902777852836,1.0570831043675209e-12,0.9996248843314756,0.000181251679313,0.0001938639892113,0.0021805635072644,0.8059898555588404,0.1918295809338951,8.92031011832277e-06,9.750322910902788e-07,4.952433844484283e-06,0.146176690686403,0.8537953211087982,1.314042854481417e-05,0.5322338283573513,0.0122349010069427,0.3859976208552739,0.8491129053820191,0.0005912113419686,clean_balanced_ED_EQ,-2.500638615119251e-31,1.2724821814531189e-30,-7.648704261011803e-33,-1.5698102486623946e-32,1.7281072796281444e-32,5.2455927051972245e-33,-2.2843442794545082e-24,2.044992394931886e-24,2.208079295064641e-23,-5.465337939227937e-23,2.801011442887528e-23,6.511098037213104e-24,-1.9609298232128556e-39,8.057833963304859e-39,-9.103169517717315e-40,-2.586240686214933e-39,2.8712446776806722e-39,-5.471590167820684e-39,9.60109025586972e-38,-7.444994775691126e-37,-1.7030651779738296e-36,-6.2519649775367546e-37,-5.8731733961504564e-39,-4.0200703723374385e-39,1.6875512032042463e-30,-7.825565397966856e-30,1.894319795278974e-30,-1.3533849571922573e-30,-3.581871177811843e-30,9.178951341466537e-30,1.2146765090260142e-30,-2.1257378238788463e-30,9.153678917305615e-30,2.3944594339466097e-30,6.582244907341725e-30,5.60716847466171e-31,-4.5829346937130746e-39,-4.8714414056847945e-39,-5.608532952929045e-39,-1.8860970354682413e-39,-2.6469792026345377e-39,5.880370113703931e-39,-0.8328948020935059,-0.53484046459198,0.099388375878334,0.1007438749074935,0.0017301848856732,-0.0061329128220677,0.0059197996743023,-0.0124483658000826,0.4692935645580292,0.8630165457725525,0.1869918406009674,0.0,-2.2450887670427058,-0.6403490480345482,0.001612416159352,0.1699971403663134,1.8418578850497325e-15,3.85581244013759e-16,-1.419688481052232e-22,3.936299310846372e-22,3.6618519055987084e-30,7.152734236515925e-31,0.979808680078767,0.0202173834303862,2.6063509153351205e-05,18.01920890808105,-1.120108920001755,-0.2201199874796914,-1.1781517035487403,-0.4325003695733585,0.1604740687568505,0.0648339540128853
230.0,1332.5,0.5244294201409696,0.0179160573995667,0.4573524772457824,0.0003020452136811,1.1024576075556104e-12,0.9996208914548584,0.0001927961505105,0.0001863123946309,0.0018788894442893,0.8044053836336479,0.1937157269220626,9.477145224018604e-06,1.0592693342137412e-06,5.132892087239716e-06,0.1433514984171346,0.8566173994430664,1.5432833153497108e-05,0.5242306044664705,0.0144117730257009,0.3917760896871263,0.87209538534822,0.0004583697638796,clean_balanced_ED_EQ,-2.5938760321576685e-31,1.2885164082701283e-30,-7.71403750639685e-33,-1.6543463282082775e-32,1.6834526285505766e-32,6.211760970743274e-33,-2.4768345600344973e-24,1.95838860739306e-24,2.827144795168378e-23,-5.889957972085451e-23,3.1250294560574813e-23,7.165013662997817e-24,-2.0949813105062136e-39,8.526453270404719e-39,-8.918067395162822e-40,-2.7966103237124545e-39,2.9867967802104755e-39,-5.7298524737369217e-39,1.0180465303041652e-37,-7.567452640893787e-37,-1.7080287175764053e-36,-7.527301486611704e-37,-6.131257761981423e-39,-5.0174540317094113e-39,2.4031740877026008e-30,-8.250597188183711e-30,1.8801167890206772e-30,-9.32395772120294e-31,-4.2832903387374095e-30,9.182994125940056e-30,1.4001101955117231e-30,-2.1127729024327016e-30,9.429543007092848e-30,2.5009410042935172e-30,6.995210750498783e-30,6.447262100979491e-31,-3.461678314235316e-39,-4.86255764817401e-39,-5.758277659368884e-39,-1.9569516884257267e-39,-3.1551555012900736e-39,5.950330469766514e-39,-0.7898108959197998,-0.5944161415100098,0.0563590377569198,0.1395765095949173,0.0017079507233574,-0.0067919134162366,0.0064012687653303,-0.0122376726940274,0.4590876698493957,0.868488609790802,0.1869918406009674,0.0,-2.245897683020945,-0.7259997433311783,-0.0183131208023453,0.239304983096579,1.858319878589739e-15,3.988665677950053e-16,-1.6921238308022842e-22,3.9050011406064523e-22,3.643438449241007e-30,7.296509354794099e-31,0.9771808477848118,0.0228486800423581,2.952782717002833e-05,18.390968322753903,-1.1342231298074703,-0.2283272585931771,-1.1815853963480747,-0.5207259935951095,0.1729418255737216,0.0830110476772297
232.5,1332.5,0.5177242871232693,0.0209324949767359,0.4610289443429628,0.0003142735570318,1.1491079059550125e-12,0.9996186967141896,0.0002044631697605,0.0001768401160497,0.0016292503422322,0.8027298668375223,0.1956408828202454,1.0136116292624787e-05,1.152158410426067e-06,5.364327064252266e-06,0.1417806906098648,0.8581848075039517,1.7849284416290007e-05,0.5175268771514454,0.0168031389052523,0.3956480358547156,0.8904912437171265,0.0003558527501617,clean_balanced_ED_EQ,-2.714415600401044e-31,1.3053546784788258e-30,-7.743828437493875e-33,-1.742503671413026e-32,1.6254289509588232e-32,7.090452660566037e-33,-2.661419469680847e-24,1.856115549092653e-24,3.5193098152230346e-23,-6.283897594755339e-23,3.465694290256346e-23,7.946070684977576e-24,-2.2558087437017326e-39,9.029981671425206e-39,-8.59244564051014e-40,-3.0180665473231497e-39,3.115064100371963e-39,-6.011912009323025e-39,1.0960946082366091e-37,-7.706208962956272e-37,-1.700412225555099e-36,-8.808380186834296e-37,-6.257601592219607e-39,-6.092428962741061e-39,3.183705325898549e-30,-8.629400928687954e-30,1.8016556746512373e-30,-4.868387002144271e-31,-4.98536117987841e-30,9.116239404741603e-30,1.5875484173436432e-30,-2.0839625038715817e-30,9.71824272238915e-30,2.6357577523509944e-30,7.413836922307458e-30,7.526085163179334e-31,-2.2875420368555068e-39,-4.819574227554142e-39,-5.91482708721623e-39,-2.044885523435161e-39,-3.681073792795522e-39,5.98157011831958e-39,-0.7410876750946045,-0.6489744186401367,0.0082765519618988,0.1712693274021148,0.0018028618069365,-0.0074844863265752,0.0068165701813995,-0.0119986236095428,0.4488179087638855,0.8738400340080261,0.1869918406009674,0.0,-2.2387187039844947,-0.8120728401628383,-0.0473884424439782,0.304497786241286,1.875628502724065e-15,4.1584865572293776e-16,-1.958392176839409e-22,3.843616975701552e-22,3.6169288839704926e-30,7.487845495151693e-31,0.9704380060726971,0.0295921164187122,3.012249140943446e-05,18.72991943359375,-1.1490451029030968,-0.2389378154693749,-1.176316435907792,-0.6093488526945423,0.1845087396048978,0.1033345003629439
235.0,1290.0,0.4530721405216751,0.1425418968638249,0.4037272944141944,0.0006586682003053,2.0236230546210578e-12,0.999274406605835,0.0006802301840605,4.5363210104426925e-05,0.0006405067481043,0.3400219249168263,0.6593375683350692,0.0001004313336014,1.0968004475999972e-05,4.654518589091819e-05,0.2551217205176768,0.7446015785190174,0.0001187564393373,0.4527433943694324,0.0484673701529335,0.3006159807120213,0.891088324144883,0.0126307989279007,mixed_higher_order,-8.31322251875112e-31,1.3093825613633406e-30,6.586125641075296e-33,-3.992691870967576e-32,9.179922771980224e-33,4.9933013527195844e-33,-6.1131990208884616e-24,-2.495529259722725e-24,1.3033465327775217e-22,-7.847257194961017e-23,1.8216264863399828e-22,1.081547012974792e-22,-1.7182750936344083e-38,2.818688467467869e-38,3.563076842014545e-39,-1.0310901789248039e-38,1.3619676387666372e-38,-1.787598757075211e-38,5.721965963743421e-37,-1.027964995036692e-36,-1.1837505253375095e-36,-1.6243300814247048e-36,7.409178278241266e-39,-2.427751276669465e-38,1.0583717191206468e-29,-1.0392641833631357e-29,-1.0739803263658252e-30,4.9684548593008796e-30,-9.509735604669381e-30,5.424187289373292e-30,3.8987468285497344e-30,-9.00974722011223e-31,1.267644201726381e-29,9.026168826845886e-30,1.6820648784376738e-29,8.458290920948579e-30,3.385465285581489e-38,1.1643009624478923e-38,-6.807048655028068e-39,-5.65958994507963e-39,-8.728987696454081e-39,4.1653188960649404e-39,-0.097380444407463,-0.982872486114502,-0.1473342776298523,-0.0486928708851337,0.0097726378589868,-0.013268026523292,0.0134408259764313,-0.0078623453155159,0.4061083793640136,0.8944886326789856,0.1869918406009674,0.0,-1.7740960820337293,-1.615503409453035,-0.3414660115148169,0.196619748469623,1.7279514908885279e-15,1.1585182308584491e-15,-3.0836538963779544e-22,2.4382152321686205e-22,2.463280541823394e-30,1.617727836229477e-30,0.9757928198924424,0.0243208573165358,0.0001136772089782,38.643516540527344,-1.1905636156651558,-0.75588453304648,-0.873745890115107,-1.198944965562332,0.2380034418034547,0.3952985775244371
235.0,1295.0,0.4698519293200011,0.1089673108559513,0.4205745026539514,0.000606257170096,1.8607376241399226e-12,0.9993669249181156,0.000576718806163,5.635627572151138e-05,0.0006234564668037,0.4204542596196375,0.5789222839135587,7.233549265227572e-05,7.904149083214224e-06,3.385101622026812e-05,0.2272246560501059,0.7725801161513577,8.113714058060311e-05,0.4695544777713732,0.0458157700086819,0.3249274981106893,0.8951213699657103,0.0079499957696947,mixed_higher_order,-7.151372498282925e-31,1.3484939542296714e-30,1.6415334112359994e-33,-3.663098460457622e-32,9.702167903222252e-33,6.10353923489603e-33,-5.3843023804413886e-24,-1.142547024463866e-24,1.1713717700669138e-22,-8.19167666897782e-23,1.5029282517594362e-22,7.445875941303054e-23,-1.2534718761878348e-38,2.47459761321897e-38,2.0311134721381868e-39,-8.941837708738139e-39,1.050362226615982e-38,-1.580412978949354e-38,4.575109420180479e-37,-9.996281331054766e-37,-1.2845817234416324e-36,-1.5681465118374516e-36,3.229286039656646e-39,-2.052139286319268e-38,9.707711656486169e-30,-1.0429582842715785e-29,-6.3104281031456765e-31,4.218910518611783e-30,-9.076666286526237e-30,6.2106723241040004e-30,3.5489809359796595e-30,-1.2608900262762775e-30,1.2777117436618798e-29,7.779211486224309e-30,1.5495939469409645e-29,6.318139034811929e-30,2.742740039464935e-38,5.920916842830334e-39,-7.07029426052002e-39,-5.075452848577552e-39,-8.09363446116205e-39,4.7310230389910406e-39,-0.2114350646734237,-0.9613893628120422,-0.1744809448719024,0.0094465408474206,0.0087875239551067,-0.0130472192540764,0.01252609398216,-0.0098531544208526,0.4100574254989624,0.8926852941513062,0.1869918406009674,0.0,-1.89076783060823,-1.5154886839673625,-0.3325972326872567,0.270373166024199,1.817439902512069e-15,1.0173407348923232e-15,-3.0501743354602645e-22,2.661581737326182e-22,2.7345907332361983e-30,1.4922519619077928e-30,0.9692217440091248,0.0307868249398649,8.568948989706726e-06,33.30968475341797,-1.2213917975694208,-0.6477320631189606,-0.9408634196834168,-1.1485541657397282,0.247490250106547,0.3538995788731296
235.0,1300.0,0.4809770638006259,0.0859808791613988,0.4324848413644959,0.0005572156734793,1.7286124822741454e-12,0.9994283810225348,0.0005011444842975,7.047449316765629e-05,0.0006457294489131,0.4922534283265785,0.5071008422245085,5.338648608887277e-05,5.884526989890579e-06,2.528617842282646e-05,0.2053644493247838,0.7944896307904206,6.136269329404725e-05,0.4807021281832319,0.0423243825377318,0.3436047219381319,0.8991797611866356,0.0049896974015307,mixed_higher_order,-6.195119468316237e-31,1.3661739682888233e-30,-1.6964009712540938e-33,-3.354781261540725e-32,1.0474934963230027e-32,6.996427748832451e-33,-4.828550003230014e-24,-2.0870104229699374e-25,1.0439276339725326e-22,-8.311919184923204e-23,1.2465058621716258e-22,5.297137903210471e-23,-9.331499459812271e-39,2.163648233655716e-38,9.270622064428078e-40,-7.767822256642541e-39,8.404423050519433e-39,-1.3868650379478138e-38,3.7052584040434114e-37,-9.64673896414601e-37,-1.3700487614944646e-36,-1.5014239039402147e-36,8.9298269657905e-42,-1.7862892652474779e-38,8.812912081213684e-30,-1.0386245515874801e-29,-1.9338671621800601e-31,3.550283803460792e-30,-8.619524065292627e-30,6.835962362265535e-30,3.2217533140430634e-30,-1.5009479353452472e-30,1.2631483837928406e-29,6.672678718286704e-30,1.4253962944095244e-29,4.758352591493641e-30,2.1825226053816144e-38,2.1407205602873467e-39,-7.153518044627453e-39,-4.482901144373221e-39,-7.45584981713009e-39,5.124648401790213e-39,-0.306347906589508,-0.9327236413955688,-0.1802974641323089,0.0592960380017757,0.007469167932868,-0.0127920638769865,0.0116098085418343,-0.0108509548008441,0.4139682054519653,0.890878438949585,0.1869918406009674,0.0,-1.978496674924576,-1.4183678865502063,-0.3074269213748673,0.3226775055782209,1.869775953132538e-15,8.957303718145946e-16,-2.9845491751486113e-22,2.8648566363244863e-22,2.9390025772959797e-30,1.3656637301745198e-30,0.964041856457826,0.0362757265697172,0.0003175830275432,29.51597785949707,-1.232646132276043,-0.558961759546103,-0.9957577646755336,-1.0912418246976106,0.2501572077069872,0.3141825806444524
235.0,1305.0,0.4888294963297711,0.0688968070302625,0.4417637615934461,0.0005099350465201,1.614644699688157e-12,0.9994795367017106,0.0004357731549128,8.469014337634116e-05,0.0006943957300118,0.5591722943867704,0.4401333098832177,4.0472915234904135e-05,4.42709495425732e-06,1.9322959856830004e-05,0.1875695977003987,0.8123184622744565,4.7717055098764605e-05,0.4885750785178102,0.0385251856630345,0.3588528595061677,0.9037174820879184,0.0030136953619589,clean_balanced_ED_EQ,-5.3914798006388554e-31,1.3706452922862468e-30,-3.8907435720435184e-33,-3.0507351118701673e-32,1.1234732473092543e-32,7.589396545644251e-33,-4.3508084676568816e-24,4.02756353327083e-25,9.231018193253617e-23,-8.278126706420763e-23,1.0317876741606585e-22,3.8146909435774106e-23,-7.315433915715009e-39,1.890609269885495e-38,4.646343451959995e-40,-6.688510557742771e-39,6.850796725961823e-39,-1.221757022265571e-38,3.0301658994739496e-37,-9.276086112416796e-37,-1.4438446751814164e-36,-1.4280730039915372e-36,-1.9474270194970108e-39,-1.544226150569761e-38,7.944821814929419e-30,-1.0285302338074072e-29,2.0284685420566747e-31,2.9251977806652163e-30,-8.147668009228018e-30,7.360102577687647e-30,2.9170594767372968e-30,-1.679499455432331e-30,1.2307678618070129e-29,5.7463526331173724e-30,1.2990512178417446e-29,3.618136827913016e-30,1.6793455576980403e-38,-3.915515414203288e-40,-7.08501894843974e-39,-3.9665215706582116e-39,-6.85506814189607e-39,5.4341664558901116e-39,-0.3882602751255035,-0.8992853164672852,-0.1726365387439727,0.1012648865580558,0.0063847997225821,-0.0122397597879171,0.01067756395787,-0.0115335574373602,0.4178411364555359,0.8890684247016907,0.1869918406009674,0.0,-2.0467538924270148,-1.3243960590281951,-0.2735183012494579,0.3586105154244602,1.89893262581921e-15,7.898837510234533e-16,-2.895608495218462e-22,3.051083313369695e-22,3.1004522102535242e-30,1.2442566320939454e-30,0.9596506990413604,0.0403049850783504,4.431588028919187e-05,26.643787384033203,-1.23194219641975,-0.484588646306358,-1.041367054777505,-1.029991801567626,0.2481856223258051,0.2767541590317173
235.0,1310.0,0.49470112143856,0.0562162190766739,0.4486144908508071,0.0004681686339589,1.5167451015930828e-12,0.9995158298024532,0.0003845070124158,9.96631851309061e-05,0.0007708248678483,0.616916712039776,0.3823124630923754,3.080355198225154e-05,3.320808843154926e-06,1.5064680272078248e-05,0.1734630316991186,0.8264494596293517,3.83196304322902e-05,0.4944616018988664,0.0346807250360894,0.3707572035455462,0.9068394458986956,0.0017594210822942,clean_balanced_ED_EQ,-4.730453901866828e-31,1.3676206177781572e-30,-5.440969631346818e-33,-2.7856855060797853e-32,1.2057581727141709e-32,7.964062354146208e-33,-3.9644549737341956e-24,8.817389706878927e-25,8.125298255532572e-23,-8.123387088323076e-23,8.598628703550627e-23,2.8057221186821776e-23,-5.7632141771325984e-39,1.6494760612015786e-38,-3.092663273205073e-41,-5.7368404784515704e-39,5.794138927471691e-39,-1.0757922920478832e-38,2.5099173375353564e-37,-8.925205323503232e-37,-1.505508570160504e-36,-1.352362456825031e-36,-3.377198272101882e-39,-1.3359867819512135e-38,7.119677673077809e-30,-1.0132175324707628e-29,5.629429660349627e-31,2.3434026353849117e-30,-7.682616283600186e-30,7.788772186763572e-30,2.655224000187104e-30,-1.8015348221201844e-30,1.1925295631549261e-29,4.979350309500189e-30,1.1848034198887683e-29,2.7723887964534303e-30,1.2487951583794003e-38,-2.071622083278124e-39,-6.963817555261714e-39,-3.5166623226849765e-39,-6.295662299586378e-39,5.646827734758173e-39,-0.4584819376468658,-0.8641743659973145,-0.1565770804882049,0.1341181695461273,0.0054807788692414,-0.0115151479840278,0.0097635453566908,-0.011973176151514,0.4216766655445099,0.8872557878494263,0.1869918406009674,0.0,-2.0990320609929656,-1.2363350950812422,-0.2368045458874499,0.3801084703452581,1.912576964529172e-15,7.005287660003833e-16,-2.791213924364484e-22,3.2158400660365905e-22,3.226390295634209e-30,1.1339730984271064e-30,0.9571656595653928,0.0427427493017009,9.15911329064656e-05,24.47715759277344,-1.2245319121230984,-0.4235525325052374,-1.0775688354105617,-0.967954395303478,0.2426168241792144,0.2426739039802632
235.0,1315.0,0.499457083782341,0.0463759860583032,0.4537371311749346,0.0004297989844211,1.4311804269143262e-12,0.9995483804458368,0.0003355195944966,0.0001160999596663,0.0008857107745852,0.6665012222142416,0.3326130670111731,2.449413269866406e-05,2.8052065260399694e-06,1.1861843144381836e-05,0.1623915050053319,0.8375353705383609,3.39632739380807e-05,0.4992315191968396,0.0309096513892497,0.3800208962856117,0.9084606984424496,0.0009773940504061,clean_balanced_ED_EQ,-4.183085566143148e-31,1.360416740537944e-30,-6.513196575887484e-33,-2.5249805727668344e-32,1.3002763102232028e-32,8.137563007307659e-33,-3.6888227414977096e-24,1.1714447403554242e-24,7.116063883692981e-23,-7.879371849874383e-23,7.193972049135074e-23,2.121408417486316e-23,-4.5187532128844805e-39,1.4717939514341383e-38,-3.918443883039699e-40,-5.1955038848801714e-39,4.9105859537884256e-39,-9.522429586430481e-39,2.093051552013018e-37,-8.61363080968698e-37,-1.5577622909882224e-36,-1.2751132540912754e-36,-4.5916196811726315e-39,-1.1968846565445434e-38,6.343772408470271e-30,-9.919994386752324e-30,8.770287803445387e-31,1.777938300033679e-30,-7.220799147711438e-30,8.142055916626698e-30,2.4305673253497424e-30,-1.880420229262353e-30,1.1490795563514759e-29,4.3313339533784785e-30,1.0801361192127277e-29,2.1247052637873926e-30,8.748149896184753e-39,-3.1989358033848406e-39,-6.779290453056122e-39,-3.1272638727509054e-39,-5.780349242550663e-39,5.766155841496429e-39,-0.5202286243438721,-0.8279854655265808,-0.1347876191139221,0.1586488038301468,0.0043647945858538,-0.0109052909538149,0.0091214990243315,-0.0119283935055136,0.4254753589630127,0.8854404091835022,0.1869918406009674,0.0,-2.140273814740212,-1.153449957215272,-0.1995556501258295,0.3896956730088459,1.9166640098271984e-15,6.250630813030079e-16,-2.674310521145659e-22,3.3635136041028004e-22,3.3304280323895275e-30,1.036545335359985e-30,0.9563357295125504,0.0435626335392093,0.00010163694824,22.79652976989746,-1.2134502583700175,-0.3731184797838583,-1.106506737635612,-0.905736013166295,0.2344341656692562,0.211723539795788
235.0,1320.0,0.5035108567917779,0.0384420091834837,0.4576507136848161,0.0003964203399221,1.3548438233860994e-12,0.9995736220154904,0.0002963220271548,0.0001300559573547,0.000988612894498,0.7107045921791886,0.2883067949263134,1.88216637850286e-05,2.060796517829757e-06,9.479330721348304e-06,0.1536848879829736,0.8462574433307227,2.730689527930864e-05,0.5032961708474804,0.0273209124592964,0.3872903229013931,0.9089192566786564,0.0005257733954391,clean_balanced_ED_EQ,-3.722089501506687e-31,1.350671365819482e-30,-7.099282468453991e-33,-2.305395334424121e-32,1.370952459351758e-32,8.212095182374277e-33,-3.3554149372391496e-24,1.4360435831122486e-24,6.194591375191955e-23,-7.575663961384194e-23,6.019495966796195e-23,1.6166225917866548e-23,-3.7420815477549105e-39,1.280301389087417e-38,-5.710000394061159e-40,-4.3765940532284185e-39,4.313098478603024e-39,-8.426438592541858e-39,1.7635232359581736e-37,-8.338393225413337e-37,-1.6017661257249614e-36,-1.197565030994496e-36,-5.1502439987094606e-39,-1.012622395522523e-38,5.6221915694165945e-30,-9.671992592134992e-30,1.1465237644114128e-30,1.22691112250422e-30,-6.768715333828007e-30,8.445082678486599e-30,2.2135754472829307e-30,-1.9548994698176803e-30,1.1060685407726718e-29,3.793648618133848e-30,9.862808757111473e-30,1.6362920471361533e-30,5.4823918246189134e-39,-3.938444582245346e-39,-6.592204182839145e-39,-2.7900867295054307e-39,-5.28583610090375e-39,5.887936731698299e-39,-0.575078547000885,-0.7910698056221008,-0.1101161539554596,0.1764361262321472,0.0037514907307922,-0.0100056566298007,0.0083059463649988,-0.0120882652699947,0.4292374551296234,0.8836227059364319,0.1869918406009674,0.0,-2.1724624438969227,-1.075092515670094,-0.1634837499999413,0.3905795009240486,1.9142067999471102e-15,5.60359451368767e-16,-2.549223031813935e-22,3.4943750523665624e-22,3.416066411488072e-30,9.495849055764514e-31,0.956620959434934,0.0434703889040046,9.134833893864602e-05,21.44453811645508,-1.200194205157168,-0.3307414641217548,-1.1291603620734525,-0.844219978364334,0.2245441949110276,0.1836089272485527
235.0,1325.0,0.5071210397204863,0.0319846563905478,0.4605280622308085,0.0003662416581574,1.2867133446963598e-12,0.9995939254881214,0.000261111526976,0.0001449629849025,0.0011318792535153,0.7493551315340637,0.2495129892124209,1.4944724254882971e-05,1.6471764515886e-06,7.646644215680715e-06,0.1473241285436693,0.8526275531222451,2.407978916323915e-05,0.5069151107918184,0.0239678663966107,0.3926589148439833,0.9081225706680228,0.0003090443563317,clean_balanced_ED_EQ,-3.3343587336279764e-31,1.3397693439695426e-30,-7.407830870237747e-33,-2.1048680322677399e-32,1.4497077886371456e-32,8.140628284934351e-33,-3.130960549783988e-24,1.5595476418157596e-24,5.367455161001671e-23,-7.224425629629144e-23,5.038987738831539e-23,1.256912176880551e-23,-3.041720467360554e-39,1.1351512986669223e-38,-7.209232259072285e-40,-3.834363939435463e-39,3.762645320299656e-39,-7.517150469733903e-39,1.500154686736465e-37,-8.113135821106607e-37,-1.6381892104660276e-36,-1.1207302001987764e-36,-5.631271917499889e-39,-8.91926229400623e-39,4.9406526227751094e-30,-9.40561020338351e-30,1.3837049469647845e-30,7.144805528814091e-31,-6.324356693114071e-30,8.691127897250453e-30,2.0280601677308933e-30,-2.001031689684728e-30,1.062522324424128e-29,3.3431675660658955e-30,9.002650559059537e-30,1.267563421462316e-30,2.624194662107296e-39,-4.3956002425053314e-39,-6.377884017574431e-39,-2.5055385297241225e-39,-4.836957238561998e-39,5.940501439276056e-39,-0.6238662004470825,-0.7538479566574097,-0.0837583839893341,0.1878728568553924,0.0029813349246978,-0.0093134818598628,0.007818722166121,-0.0119472099468112,0.4329634308815002,0.881803035736084,0.1869918406009674,0.0,-2.197372288951431,-1.001002657115824,-0.1298016947460455,0.3841988201972363,1.907673281896886e-15,5.05034400439176e-16,-2.4179314817877903e-22,3.609212852166385e-22,3.489095164788382e-30,8.716635390982573e-31,0.9575914071191184,0.0425155454733357,0.0001069525924539,20.349145889282227,-1.1860142900193118,-0.2951699950393384,-1.1461374055666114,-0.7841040557400328,0.213325369868425,0.1584920955898394
235.0,1330.0,0.5105520207542577,0.0266042382338435,0.4625043347957916,0.0003394062161071,1.2251732608739465e-12,0.9996111927508032,0.0002298522379332,0.0001589550112637,0.0013409280649275,0.784549474198043,0.2141095977370295,1.1946479458924288e-05,1.393201965655198e-06,6.122741563891362e-06,0.1428595199299208,0.857099213480915,2.1804166175592712e-05,0.5103535144274963,0.0208723411178014,0.3964121015849868,0.9058907143536844,0.0002607240990068,clean_balanced_ED_EQ,-3.008847897127528e-31,1.3283496065731993e-30,-7.681827181989087e-33,-1.917137108447612e-32,1.521987559395865e-32,7.958559640019526e-33,-2.95070285465724e-24,1.716831548147656e-24,4.627986476225604e-23,-6.838700594368715e-23,4.196982990781562e-23,9.969161242955588e-24,-2.5116615820890544e-39,1.0083482944993417e-38,-8.478886274479501e-40,-3.445915831001291e-39,3.359544092941254e-39,-6.637571637143972e-39,1.2916511533899144e-37,-7.930794550039675e-37,-1.667626370186574e-36,-1.0453288834710516e-36,-6.139109552234314e-39,-7.801027720380706e-39,4.3164601787212414e-30,-9.108407287023857e-30,1.5746981742607257e-30,2.1654259096023322e-31,-5.89115639512937e-30,8.891864518077025e-30,1.8551477437979105e-30,-2.0301347353924965e-30,1.0217727280636599e-29,2.9615193893856212e-30,8.210018500840705e-30,9.990754496943808e-31,1.0482445107744923e-40,-4.654937597443192e-39,-6.18078720888385e-39,-2.2552473417884648e-39,-4.4249178717658904e-39,5.966116654791473e-39,-0.6672883033752441,-0.7166179418563843,-0.0569850355386734,0.1938924491405487,0.0023235937114804,-0.0085214618593454,0.0073314206674695,-0.011851885356009,0.4366539418697357,0.8799814581871033,0.1869918406009674,0.0,-2.216019220552843,-0.9311914011651268,-0.0991617251650855,0.3720532867875683,1.8984324942834188e-15,4.578956981943505e-16,-2.2830263295053825e-22,3.708481244936984e-22,3.5518820236730555e-30,8.033458848855928e-31,0.9588929688118484,0.0410357930245595,7.12381635920023e-05,19.43892478942871,-1.1714844124188732,-0.2653532167572459,-1.157976787890988,-0.7258619822832701,0.2011763897648092,0.1361430579274209
235.0,1332.5,0.5121510217890335,0.024245367803873,0.4632766293236972,0.0003269810833963,1.1965955167941702e-12,0.9996179578665372,0.0002163167794054,0.0001657253540572,0.0014217522398043,0.800790923123239,0.1977873246369566,1.090084380203795e-05,1.254905360583177e-06,5.647648036482351e-06,0.1412674761696211,0.8586943508685524,2.0369564627306625e-05,0.5119553585200141,0.0194154704651259,0.3978130244896831,0.9045703505684526,0.0002857187825993,clean_balanced_ED_EQ,-2.8637839222918592e-31,1.3225552063219114e-30,-7.733095533261529e-33,-1.8342908906611302e-32,1.5551791963435122e-32,7.856729207914002e-33,-2.8383627863303583e-24,1.7392425434871095e-24,4.281671032226611e-23,-6.639403243198201e-23,3.824465703352818e-23,8.883627479853664e-24,-2.448013673719312e-39,9.565321415646959e-39,-8.118808588496117e-40,-3.2501825608293556e-39,3.2598946503832765e-39,-6.315139500801197e-39,1.195190414656276e-37,-7.857512461084658e-37,-1.6805418401187106e-36,-1.0077230240999434e-36,-6.237685481640103e-39,-7.223265325030843e-39,4.023341305570816e-30,-8.955247492235778e-30,1.654542183596353e-30,-2.530631727064205e-32,-5.677883489167169e-30,8.980553630177799e-30,1.775600481051576e-30,-2.0400431308495294e-30,1.0015662829957376e-29,2.8010474546320278e-30,7.834926352079594e-30,8.86790441050523e-31,-1.0582605136172648e-39,-4.7349876253576797e-39,-6.075459041642021e-39,-2.1510800894334607e-39,-4.2210935945855575e-39,5.974347343740311e-39,-0.6876112222671509,-0.6978389620780945,-0.043553203344345,0.1951628774404525,0.0020176444668322,-0.0081857973709702,0.007166851311922,-0.0117511581629514,0.4384858310222626,0.8790700435638428,0.1869918406009674,0.0,-2.223660678453789,-0.8974144741042323,-0.0847325910288292,0.3641978072807862,1.893141330867855e-15,4.3670304635833725e-16,-2.214041364414788e-22,3.753831870173964e-22,3.580258559239215e-30,7.722684603017711e-31,0.9598594881497506,0.0401748837282888,3.4371878039562986e-05,19.038793563842773,-1.164185955126094,-0.2520860380656659,-1.1625704391280898,-0.6971257547295588,0.1949471495451489,0.1257190642664654
235.0,1335.0,0.513741226914779,0.0220865508936082,0.463856999768646,0.0003152224229666,1.1694105404663756e-12,0.9996233455869472,0.0002051261347255,0.0001715282783274,0.0015157452212237,0.8169658585371119,0.1815183962416643,9.923511271078505e-06,1.1623915750711475e-06,5.191478966973979e-06,0.1401033604006055,0.859861998059234,1.8364158347412702e-05,0.5135477240144943,0.0180439580129202,0.3988530066348295,0.9029000895145058,0.0003372232433332,clean_balanced_ED_EQ,-2.7303782314918647e-31,1.3168484115525845e-30,-7.717784053951405e-33,-1.7651481751023512e-32,1.5826158704755986e-32,7.738371678750618e-33,-2.7195702040804377e-24,1.789005745122054e-24,3.9609296566494496e-23,-6.436246942454784e-23,3.471992466072693e-23,7.970281661149248e-24,-2.2220914455530052e-39,9.104097312911308e-39,-8.885507069311876e-40,-3.0818094985835283e-39,3.110643544822183e-39,-6.02229764459088e-39,1.1132448954670916e-37,-7.794604578569343e-37,-1.6916476572383884e-36,-9.711761108887609e-37,-6.20287261473248e-39,-6.541027063642524e-39,3.7373152664246126e-30,-8.80235383392179e-30,1.7322967084184716e-30,-2.565292415886716e-31,-5.4696128782341886e-30,9.058885108140445e-30,1.6940455029637412e-30,-2.0501337290703882e-30,9.81722412306417e-30,2.6442149212251498e-30,7.47983406560927e-30,7.892143933693104e-31,-2.1480622819262543e-39,-4.788568857954016e-39,-5.978545025987665e-39,-2.0420583828859e-39,-4.029541618598013e-39,5.985347987269768e-39,-0.7065308094024658,-0.6792850494384766,-0.030511125922203,0.1954659074544906,0.0018731120508164,-0.0077327415347099,0.0068572252057492,-0.011717289686203,0.4403091371059418,0.8781582117080688,0.1869918406009674,0.0,-2.229818002970034,-0.8648397065459713,-0.0714563562702891,0.3555900901906493,1.8875622898878775e-15,4.1710269896035077e-16,-2.1455856590407903e-22,3.794682654297821e-22,3.6067495638464354e-30,7.430058216076973e-31,0.9606772668659346,0.0393221661971608,5.669369046445993e-07,18.669588088989254,-1.156991803640525,-0.2398928537985674,-1.1658743886023797,-0.6693293072365307,0.1886281449450473,0.116083615198681
235.0,1340.0,0.5167932829767157,0.0182219721279187,0.4646910033879934,0.0002937415073721,1.1187549901436952e-12,0.999638473719736,0.0001781817121936,0.00018334456807,0.001936402662888,0.8489248632223346,0.1491387341147773,8.138917550721628e-06,9.591346672561344e-07,4.362830400613054e-06,0.1392739272006492,0.8606943043293681,1.8307587364083385e-05,0.5166064486234557,0.0154690851963346,0.399956899889145,0.8991815851618379,0.0005065800529946,clean_balanced_ED_EQ,-2.491773800845177e-31,1.3056545900149856e-30,-7.71758798854186e-33,-1.598024678239117e-32,1.6415438269971136e-32,7.388368622593007e-33,-2.671543452382877e-24,1.9258139257407564e-24,3.3681275793995495e-23,-6.017016775285539e-23,2.818556615303065e-23,6.3959804347160414e-24,-1.8577000581439915e-39,8.194353152837992e-39,-9.531788468288203e-40,-2.7223448027063508e-39,2.810882260864248e-39,-5.4720139887109975e-39,9.711429949993163e-38,-7.711113334324296e-37,-1.7103699086513628e-36,-8.986353020217898e-37,-6.671697034133972e-39,-5.906788862908544e-39,3.2153098202960935e-30,-8.474068220098504e-30,1.8390348730998254e-30,-7.1572857481339815e-31,-5.0543456103971964e-30,9.189796519811517e-30,1.556714572223494e-30,-2.061039965198912e-30,9.451293005494719e-30,2.381630580759243e-30,6.805494897733368e-30,6.28140372563793e-31,-4.176538456038712e-39,-4.82496710936622e-39,-5.783834682993207e-39,-1.8717362109273068e-39,-3.6769176537596077e-39,5.978013203672835e-39,-0.7419698238372803,-0.6418485045433044,-0.0047752559185028,0.1929572969675064,0.0013504413655027,-0.0069633754901587,0.0065568583086133,-0.0116426786407828,0.4439294636249542,0.8763336539268494,0.1869918406009674,0.0,-2.23944816673881,-0.8015857606995941,-0.0469882054997013,0.3355788266126649,1.8758808917218773e-15,3.817261899465084e-16,-2.0063132096773933e-22,3.8683366281543615e-22,3.6562384377350434e-30,6.889487381671554e-31,0.9625390345596996,0.0374338658789054,2.709956139512748e-05,18.00864028930664,-1.1428764013647228,-0.2181120103512329,-1.1699972265137402,-0.6147212984130827,0.1756837062560653,0.0983419455838399
235.0,1345.0,0.5195721374377366,0.0149271359792406,0.4652260567787085,0.0002746698043141,1.0728401899742121e-12,0.9996507664015928,0.0001548543985738,0.0001943791998333,0.0022524359209204,0.8808801910050721,0.1168673730740074,6.856139342565444e-06,8.178981597799978e-07,3.713218168321949e-06,0.1404719029551205,0.8595010647936396,1.5644995569084923e-05,0.519390685390547,0.0131490183925521,0.3998622911710462,0.8954022420697247,0.0007450787961093,clean_balanced_ED_EQ,-2.289057061637336e-31,1.2948404968179684e-30,-7.648289800686903e-33,-1.4468654527104268e-32,1.6933209328443217e-32,7.033303861096273e-33,-2.482634038505761e-24,1.973819642562985e-24,2.8363224161287546e-23,-5.5942476808076e-23,2.2203967804291625e-23,5.3774023078725225e-24,-1.731493152052173e-39,7.442345731348604e-39,-9.09165371247219e-40,-2.4776203858836455e-39,2.6406658326841746e-39,-4.9647240782028826e-39,8.506149296213109e-38,-7.686942107959742e-37,-1.7248098353493673e-36,-8.275067994534794e-37,-6.572867841561907e-39,-4.83874492865468e-39,2.7261199567756416e-30,-8.143802812420622e-30,1.924387389700425e-30,-1.1498986764628036e-30,-4.650507904934861e-30,9.293702978106877e-30,1.4210063144546664e-30,-2.0705941359716973e-30,9.116728130697985e-30,2.1485201731048905e-30,6.1845290602779875e-30,5.1371172525836015e-31,-6.008434530150366e-39,-4.7907125395445845e-39,-5.614320124083509e-39,-1.705128575324033e-39,-3.3331589375636426e-39,5.957954512952686e-39,-0.7739682793617249,-0.6044200658798218,0.0201148688793182,0.1869522929191589,0.0010568416910246,-0.0062206657603383,0.0061045321635901,-0.0115286000072956,0.4475153982639313,0.8745078444480896,0.1869918406009674,0.0,-2.245523038039336,-0.7413682515274229,-0.025476243227632,0.3125454282667196,1.8636634187513272e-15,3.5130196677611486e-16,-1.8660240203242896e-22,3.930888017769992e-22,3.700990519893437e-30,6.420402265564269e-31,0.9643903270931788,0.0355259417088276,8.373119799343076e-05,17.440025329589844,-1.1291970976380186,-0.1996227795377694,-1.171119016614092,-0.5618642295259968,0.1627325639458704,0.0825065398046777
235.0,1350.0,0.5221831777165858,0.0121395514484792,0.4654204476300682,0.0002568232048667,1.0312146589378304e-12,0.9996588242489322,0.000135697173642,0.0002054785774255,0.0029639408034954,0.9122053784802168,0.0848306807162879,5.995145372342284e-06,8.20298371490639e-07,3.1822799786573908e-06,0.1437453497280597,0.8562288766365266,1.5775911691029573e-05,0.5220050214787334,0.01107376412364,0.3985064270379626,0.8912972831971896,0.0010446480290262,clean_balanced_ED_EQ,-2.113439927189959e-31,1.2847568137010382e-30,-7.489678248514004e-33,-1.3191894644762418e-32,1.7456527633781788e-32,6.6128244875965e-33,-2.4618518319124685e-24,2.1074634272377084e-24,2.3705784609203708e-23,-5.1674447311413457e-23,1.67365398675076e-23,4.5241968921925925e-24,-1.429509398967992e-39,6.939436766773477e-39,-1.0391231578621926e-39,-2.4060018847917005e-39,2.4686513208523134e-39,-4.5334329248400227e-39,7.481142644189243e-38,-7.72150416442906e-37,-1.7346433545612114e-36,-7.587834156538466e-37,-6.85466978133861e-39,-4.365992741507103e-39,2.2717977241458226e-30,-7.810711108088837e-30,1.9856859245019984e-30,-1.5564622053703809e-30,-4.2574836486478216e-30,9.367171329626193e-30,1.3033055565241209e-30,-2.0663761600022898e-30,8.794371851952017e-30,1.953178269753808e-30,5.579440069649017e-30,4.210526887768355e-31,-7.713899707626078e-39,-4.7200549789649384e-39,-5.4439382890933206e-39,-1.5703935382554854e-39,-3.023794060844965e-39,5.910710001432161e-39,-0.8026685118675232,-0.5672933459281921,0.0433354079723358,0.1780392676591873,0.0007821324397809,-0.0054667294025421,0.0057562147267162,-0.0114611284807324,0.4510673284530639,0.8726810812950134,0.1869918406009674,0.0,-2.248435141850983,-0.6840721150033362,-0.0076201548819177,0.2877170998671968,1.851816101030932e-15,3.24724821200497e-16,-1.7266936681135486e-22,3.9816673900350696e-22,3.7436256035791694e-30,5.999058549267779e-31,0.9661289771395418,0.0337404298867804,0.0001305929736776,16.941394805908203,-1.1162537347788422,-0.1836250399140116,-1.1690875658326163,-0.5113928774282868,0.1497604487325042,0.0687029881371619
235.0,1355.0,0.5239252488847057,0.0097837547469762,0.4660500703960107,0.0002409259723073,9.93792478453106e-13,0.9996705634446188,0.0001146625858976,0.0002147739694833,0.0035064131779854,0.9466129697892296,0.0498806170327848,4.9889743161927445e-06,6.793514860371931e-07,2.71565244485816e-06,0.1499320274507641,0.8500462830494678,1.3305521520762216e-05,0.5237526487554359,0.0092614291367247,0.3961641300550718,0.889535427788801,0.0013995021309743,clean_balanced_ED_EQ,-1.9605668406071904e-31,1.2748323284191326e-30,-7.351822334273743e-33,-1.1694885267254272e-32,1.7854385960650812e-32,6.216453248244044e-33,-2.299993483552371e-24,2.1221741026272534e-24,1.9574342598954102e-23,-4.754770219638585e-23,1.1179981742362304e-23,3.7851216075437786e-24,-1.3826355480282579e-39,6.269392118227604e-39,-9.7300348474665e-40,-2.1600465373835582e-39,2.3556275871050005e-39,-4.1093404877295635e-39,6.686010641928889e-38,-7.841362586560223e-37,-1.741260237769913e-36,-6.923785756391002e-37,-6.561935879124081e-39,-3.4501464216390207e-39,1.8571869331410252e-30,-7.489248280904413e-30,2.021448617905812e-30,-1.9297973321066138e-30,-3.8786347840423325e-30,9.419043887250893e-30,1.1970967202065164e-30,-2.0682807624669385e-30,8.51096040876752e-30,1.7926808955251085e-30,4.988517914763751e-30,3.4854161185352624e-31,-9.324998678454295e-39,-4.621761693729653e-39,-5.2988494380051464e-39,-1.4586214452713125e-39,-2.7163469912842734e-39,5.8688462641454763e-39,-0.8284552693367004,-0.5304339528083801,0.0648310333490371,0.1671125143766403,0.0006317540537565,-0.0047772843390703,0.0053231790661811,-0.0113729899749159,0.4545858800411224,0.8708533644676208,0.1869918406009674,0.0,-2.248357229049489,-0.6296269581068962,0.0075046066797751,0.2617786547033057,1.839706732882653e-15,3.0139027405113207e-16,-1.5894396439263598e-22,4.022503202896317e-22,3.781398046708824e-30,5.6287141104379054e-31,0.9677215331425084,0.0322873364827269,8.86962523516388e-06,16.507448196411133,-1.103543702637703,-0.1697141767055216,-1.1649022235885762,-0.463200918985009,0.1372920214891813,0.0565201038239967
235.0,1360.0,0.524965490150853,0.0078015427104996,0.4670066943749979,0.0002262727636493,9.601939294426174e-13,0.9996809694466028,9.522354531738958e-05,0.0002238070080798,0.0045079844109685,0.9770076271421996,0.0184843884468319,4.092531620321282e-06,5.598140944929774e-07,2.299367183505066e-06,0.1597638000488463,0.840216294354503,1.2953883752389114e-05,0.5247980101200157,0.0076221667316338,0.3923866341865066,0.8895950365057326,0.0018075881443414,clean_balanced_ED_EQ,-1.8246715293652727e-31,1.2653890028329045e-30,-7.17784147208982e-33,-1.020644351886843e-32,1.8239647402471623e-32,5.7658792718316084e-33,-2.2535700122412252e-24,2.1831217391893912e-24,1.5914100001426466e-23,-4.3362934728611413e-23,5.4892098024772045e-24,3.199224490486953e-24,-1.225494915813364e-39,5.653715488492907e-39,-9.633152531215432e-40,-1.9104598596007755e-39,2.1888186243939694e-39,-3.743254833106494e-39,6.035539301532825e-38,-8.059682460564666e-37,-1.744075465847296e-36,-6.273756196289907e-37,-6.643822774788027e-39,-2.9705676075569144e-39,1.463930283433817e-30,-7.159048480072303e-30,2.038318667640756e-30,-2.2905126243584593e-30,-3.502248561880362e-30,9.449562272013396e-30,1.0891596099948062e-30,-2.060458758715927e-30,8.252841447147812e-30,1.6496739989717684e-30,4.4178894356956335e-30,2.990077931809694e-31,-1.0875853348674735e-38,-4.4923773527614876e-39,-5.17159973305018e-39,-1.3565354540068788e-39,-2.4358004883646728e-39,5.8102065596432436e-39,-0.8517439365386963,-0.4933591485023498,0.0848474353551864,0.1540206372737884,0.0003864081809297,-0.0040923273190855,0.0050701694563031,-0.0112469345331192,0.4580710828304291,0.8690252304077148,0.1869918406009674,0.0,-2.245918734661743,-0.5769842440513181,0.019767742025495,0.2347189413181784,1.8279848572855747e-15,2.804377388031098e-16,-1.452399253512192e-22,4.054183844772935e-22,3.8179615162910226e-30,5.284458569661197e-31,0.9688878792955672,0.0310736441472843,3.847655714839249e-05,16.12450408935547,-1.091342105593438,-0.1573698573652654,-1.1582220745858,-0.4166335149713429,0.1247483526620392,0.045782366246697
235.0,1365.0,0.5244352978743028,0.006250578683045,0.4691017176064903,0.0002124058361617,9.312821077106283e-13,0.9996919708548913,7.648032465281707e-05,0.0002315488204559,0.0053119186252222,0.9899084350832972,0.0047796462914806,3.643907172963843e-06,5.045011893768242e-07,2.0854086855864607e-06,0.1748239457266121,0.8251586765164913,1.1143939848516509e-05,0.5242737565178337,0.0061875005624981,0.3870833524517844,0.8944892144138725,0.0022866426449436,clean_balanced_ED_EQ,-1.7043210491198474e-31,1.2562148749488098e-30,-6.955079779526605e-33,-8.635856648411238e-33,1.854990994135775e-32,5.304989890619241e-33,-2.117169881926228e-24,2.1598901439441468e-24,1.2663926429048999e-23,-3.929788384158383e-23,-7.583715107291012e-25,2.7669102561274422e-24,-1.1875415459713008e-39,5.3165972642444987e-39,-9.47753260429352e-40,-1.791783494333767e-39,2.135302464134849e-39,-3.524815912099813e-39,5.383552464305124e-38,-8.420192342282876e-37,-1.7440580377257075e-36,-5.642359395280324e-37,-6.352600676773872e-39,-2.2412772669988123e-39,1.104040866295584e-30,-6.831760246627265e-30,2.0299667093105143e-30,-2.6308157112609313e-30,-3.1340077730807462e-30,9.462575167989605e-30,9.811914929137848e-31,-2.0497189134878697e-30,8.027161178957201e-30,1.5203519820437636e-30,3.8193058208144255e-30,2.580740879955674e-31,-1.243119484493378e-38,-4.354343937023513e-39,-5.0676891061514884e-39,-1.2608620544084046e-39,-2.1677671434303927e-39,5.750542895635157e-39,-0.8726356029510498,-0.4564238488674164,0.1030998304486274,0.1393472105264663,0.0002067544846795,-0.0034602414816617,0.0047889244742691,-0.0110680181533098,0.4615234732627868,0.8671966195106506,0.1869918406009674,0.0,-2.2413714516833747,-0.5265612556821574,0.0293439334957802,0.2070935236658538,1.8167070714456188e-15,2.617676352875438e-16,-1.317331863643913e-22,4.077376051675738e-22,3.852771373538307e-30,4.978083268716439e-31,0.9698276413712168,0.0301926549435053,2.029631472200144e-05,15.80383014678955,-1.0794612182188172,-0.1464517346997544,-1.1497409825413474,-0.3719630708758139,0.1126397230851184,0.0362986763330231
235.0,1370.0,0.5212320958056809,0.005243194704741,0.4733252285397264,0.0001994809498517,9.079055132764832e-13,0.9997022277758716,5.85601448896426e-05,0.0002392120792387,0.0065736107873348,0.9439246895263398,0.0495016996863253,3.277642607290445e-06,4.500468857112998e-07,1.8504895441075688e-06,0.197455376135325,0.8025286088043357,1.043688130214667e-05,0.5210768873652257,0.0049491809337988,0.3798570371719809,0.908089183971099,0.0028582803023399,clean_balanced_ED_EQ,-1.5959714386330562e-31,1.2468756392895423e-30,-6.751087855991809e-33,-6.854587208829638e-33,1.8829103629781064e-32,4.855226441457764e-33,-2.0775140012315958e-24,2.2533932196939383e-24,9.875015502045821e-24,-3.537477625480116e-23,-8.075378449874869e-24,2.3510345731843303e-24,-1.1834243894356728e-39,5.0437800993805535e-39,-8.472473984644418e-40,-1.7226579098756514e-39,2.030665536508549e-39,-3.321118497809853e-39,4.96259836565087e-38,-8.97778435998167e-37,-1.741299095429524e-36,-5.037671569949756e-37,-6.27606324169463e-39,-1.828714554976193e-39,7.566276883625308e-31,-6.513207739105085e-30,2.020179770967169e-30,-2.9413289237064275e-30,-2.7768080604816577e-30,9.454537263963469e-30,8.930376841169013e-31,-2.0415905994830097e-30,7.846399669118375e-30,1.4095630762783106e-30,3.178272567136861e-30,2.344254178788746e-31,-1.4042118275190824e-38,-4.1966122600926944e-39,-4.998562783296554e-39,-1.1783464419418617e-39,-1.9142685623690237e-39,5.68231663058666e-39,-0.89108806848526,-0.4198746383190155,0.1194234192371368,0.1236391365528106,0.000226074756938,-0.0028197148349136,0.0043581421487033,-0.0110192634165287,0.464943379163742,0.8653679490089417,0.1869918406009674,0.0,-2.2345755098299307,-0.4784019895219628,0.0364887623632197,0.1796452120145419,1.8055425528618127e-15,2.447975056974063e-16,-1.1856859647148224e-22,4.0921971860204667e-22,3.8845056740121054e-30,4.689972521426174e-31,0.9703406596018616,0.0296890067190446,2.9666320906285293e-05,15.556965827941896,-1.067525693891443,-0.1366407734478197,-1.1395584921518551,-0.3296803767529758,0.1010248456004038,0.0282015046317182
235.0,1375.0,0.5131220892746349,0.0050374861517222,0.4816537227141682,0.0001867018594748,8.927487195037038e-13,0.9997131161825824,4.054358134708519e-05,0.0002463402360705,0.006823409105071,0.7661063801887695,0.2270702107061593,2.969941347040168e-06,4.257704640799132e-07,1.6820654696268795e-06,0.2330770820631855,0.7669085153720162,9.32478751749863e-06,0.5129748828508623,0.003859250280947,0.3693843414101275,0.9386727501734502,0.0036039581466957,mixed_higher_order,-1.492331178246887e-31,1.23685631301564e-30,-6.51428342090707e-33,-4.5287101794555264e-33,1.905293648452988e-32,4.4086374909270416e-33,-2.006454451092981e-24,2.3067764374761613e-24,7.431338123969262e-24,-3.153140356402076e-23,-1.75125033394883e-23,2.0893430552927392e-24,-1.0495046293886569e-39,4.8756105564269036e-39,-8.927736623531638e-40,-1.6639564932020667e-39,1.9422763393101206e-39,-3.2116562763629835e-39,4.444265018019664e-38,-9.869277983043602e-37,-1.735912066341592e-36,-4.449834095729171e-37,-6.09762289630587e-39,-1.3660880513189318e-39,4.120742066985073e-31,-6.1957008812621816e-30,2.0043243999064522e-30,-3.236830639197742e-30,-2.416396776676781e-30,9.432532333761336e-30,8.029601833369551e-31,-2.030034484157108e-30,7.716862431260613e-30,1.2988280212597054e-30,2.4290064051009e-30,2.223185843252713e-31,-1.586782473883028e-38,-4.0210974863030045e-39,-4.9755901887300755e-39,-1.0911835878527926e-39,-1.6702911879238888e-39,5.611023140861024e-39,-0.9075170755386353,-0.3830552697181701,0.1339903771877288,0.10720756649971,0.0002191156818298,-0.0021791285835206,0.0039615943096578,-0.0108905639499425,0.4683313369750976,0.8635390400886536,0.1869918406009674,0.0,-2.225923405117052,-0.4314953567586848,0.0414342799554224,0.1526014601983564,1.7946389828471616e-15,2.2851723292481256e-16,-1.0560910280212656e-22,4.0996904789443672e-22,3.914936699182248e-30,4.405660902598384e-31,0.9703233786661228,0.0295811821063217,9.543922755550494e-05,15.41954231262207,-1.055096823977653,-0.127302894436632,-1.1277860216375108,-0.2890964806959192,0.0897213223452947,0.0211455694296566
235.0,1380.0,0.4951535090782667,0.0064203193901564,0.4982527624878548,0.0001734090437221,8.92388824847174e-13,0.9997178058016892,2.6949773392876727e-05,0.0002552444249178,0.0051143609681791,0.4555003562158275,0.5393852828159933,2.9869869601178817e-06,5.002522035615652e-07,1.5226736638504002e-06,0.2905132213597844,0.7094735025588065,8.266168581523207e-06,0.4950137796307316,0.0029244577692356,0.3534971325618594,0.9937797566959528,0.0046819298586474,mixed_higher_order,-1.3862076784893383e-31,1.2246697871367418e-30,-6.246784403064986e-33,-1.388093347492244e-33,1.9280882698120828e-32,4.0101628758945375e-33,-1.9750612619987322e-24,2.2705036508360702e-24,5.2811994438632585e-24,-2.7904628618893987e-23,-3.0844293220220257e-23,1.929995039756217e-24,-9.184733753866156e-40,5.0589934440187056e-39,-9.302332433196239e-40,-1.887395589510635e-39,1.8487123002750674e-39,-3.171597813973317e-39,3.8274211771555565e-38,-1.1332086223595014e-36,-1.728798091873888e-36,-3.8850421132543314e-37,-5.948437677714523e-39,-1.094025826593606e-39,2.9427724805640526e-32,-5.8933636926041634e-30,2.0264388129633213e-30,-3.5027252730013064e-30,-2.0558663314699785e-30,9.396089378203437e-30,7.285734327706708e-31,-2.0124321434760664e-30,7.643986334650869e-30,1.1873777304301664e-30,1.4665477039221461e-30,2.0458814606667803e-31,-1.8123885187946754e-38,-3.833734867204071e-39,-5.0040682294744884e-39,-1.00587422625544e-39,-1.4301075404374034e-39,5.52685506128424e-39,-0.9220711588859558,-0.3461891710758209,0.1466198414564132,0.0911123678088188,-3.367408498888835e-05,-0.0015721361851319,0.0038085763808339,-0.0106405559927225,0.4716876149177551,0.8617104291915894,0.1869918406009674,0.0,-2.2151444167899146,-0.3858127479990004,0.0449820614762112,0.1271118850730951,1.7830946399772673e-15,2.1196049746259042e-16,-9.306119177295294e-23,4.1007407487791243e-22,3.94004932247222e-30,4.105660178039026e-31,0.9700646369655822,0.0299265681623161,8.7948721015918e-06,15.500062942504885,-1.0409159930411311,-0.1178216166816287,-1.1150400933255622,-0.2505774237546334,0.0791137956833061,0.0149729903046152
235.0,1385.0,0.4540547597753008,0.0119293308562669,0.5338571622987548,0.0001587470696773,9.300885215646728e-13,0.9997015923122766,3.220292616239722e-05,0.000266204761561,0.0028735192790143,0.1726391853184387,0.8244872954025468,2.98054343572654e-06,5.019138872980707e-07,1.3880917679768043e-06,0.3926860080588482,0.6073017994318037,7.321960257000645e-06,0.4539192663443365,0.00205946996042,0.3242124153035903,0.8505173140698724,0.0066293412829449,mixed_higher_order,-1.261408436797508e-31,1.2070687989133051e-30,-5.7480501017303455e-33,3.795606006900284e-33,1.9462983937297144e-32,3.661880747766215e-33,-2.024275367199601e-24,2.4288702192251074e-24,3.313896983689432e-24,-2.428245223581196e-23,-5.35219497734956e-23,1.956742929150864e-24,-9.851607878653216e-40,5.3976694443735876e-39,-7.983476540394303e-40,-2.1053002882295624e-39,1.7835173094063068e-39,-3.29236577176609e-39,2.928644827459291e-38,-1.4079527868190026e-36,-1.719566690423972e-36,-3.318989019912179e-37,-5.975233944285859e-39,-1.1290696389226044e-39,-4.215396589421277e-31,-5.585458458499298e-30,2.0740357535001983e-30,-3.762634886878072e-30,-1.6524983969143055e-30,9.348092089546697e-30,6.513539512758215e-31,-1.9930694196905883e-30,7.709269060754424e-30,1.0600906258039628e-30,-1.4835598685763402e-32,2.044569779791277e-31,-2.1489632812158494e-38,-3.5760624346542094e-39,-5.173889657873121e-39,-9.053825817874436e-40,-1.1815707764439918e-39,5.4439463477393014e-39,-0.9354031085968018,-0.3068855106830597,0.1577712744474411,0.0757303088903427,0.0001363259361824,-0.0007947637932375,0.0032411513384431,-0.0104123717173933,0.4750126302242279,0.8598818778991699,0.1869918406009674,0.0,-2.2021130315006414,-0.338426639879051,0.0480516582809494,0.1033270673450394,1.7700701600239973e-15,1.925952005201656e-16,-8.042458747053294e-23,4.096732173442856e-22,3.9597327081239075e-30,3.7304302543388845e-31,0.9691583424740104,0.0307457772721763,9.588025381335186e-05,16.16214370727539,-1.0222521074707354,-0.1068271695912034,-1.1010926378069554,-0.2125253062378392,0.0685958482054675,0.0093614752025112
235.0,1390.0,0.3513837536761772,0.0308480121935738,0.617624838588403,0.0001433955418459,1.1147028912850997e-12,0.9995392393404732,0.0001733281394375,0.0002874325200893,0.0009148108419679,0.040259436049279,0.958825753108753,3.2285377078161164e-06,6.820247432688683e-07,1.2362876011738907e-06,0.5807016491738376,0.4192885948530435,4.609123066818937e-06,0.3512218498660863,0.0012419235741545,0.2589630507180693,0.5689274972801831,0.0117211445937305,EQ_dominated_with_ED,-1.070928824369771e-31,1.1722893055761051e-30,-4.7340350740806505e-33,1.4760956095534826e-32,1.9637580343869083e-32,3.585139939704691e-33,-2.1076726477036958e-24,2.358932949198708e-24,1.2907238407619022e-24,-2.0945649810258562e-23,-1.0236582351727312e-22,3.0908063104744383e-24,-4.576290381524733e-40,6.781926865104502e-39,-1.1620694934606987e-39,-2.900021587356673e-39,1.619702478846688e-39,-3.8819081636349356e-39,1.3292891024695032e-39,-2.038440739432574e-36,-1.710210504519557e-36,-2.746315821100419e-37,-5.572201780124393e-39,-1.3897480154253806e-39,-1.1692033005979724e-30,-5.282618672689457e-30,2.311725156010259e-30,-4.0108264766757384e-30,-1.1425216430683116e-30,9.293445574053145e-30,5.79783937101153e-31,-1.977958861082054e-30,8.138203465143874e-30,8.500262046654466e-31,-2.9765323109435623e-30,2.4999956948395994e-31,-2.803117578053732e-38,-3.087272012883189e-39,-5.728233944241226e-39,-7.397632575454766e-40,-8.729016802643826e-40,5.358798074320085e-39,-0.94804710149765,-0.2623600363731384,0.1672365665435791,0.0657089129090309,-8.711066766409203e-05,0.0001904213277157,0.0028841204475611,-0.0097633209079504,0.4783066809177398,0.8580540418624878,0.1869918406009674,0.0,-2.184309370894252,-0.2852955488308837,0.054319530670671,0.0860226709901451,1.750422617339887e-15,1.631827588812641e-16,-6.783340845961168e-23,4.089721708476205e-22,3.9572804982912046e-30,3.121936521371525e-31,0.9676261391923606,0.0323893710108792,1.5510203239754716e-05,19.201927185058597,-0.9892265561497774,-0.0903694359211283,-1.0872373189092477,-0.1745923699053693,0.05895682656203,0.0036330685516381
235.0,1395.0,0.0897936497409551,0.1005273704695541,0.8095352862205295,0.0001436935689611,3.237009685037992e-12,0.995768750697834,0.003823232844362,0.0004080164578039,0.0001392534794087,0.0029681288999033,0.996892617620688,3.928996563053175e-06,1.0476377435396535e-06,9.83701504686804e-07,0.8942589835650477,0.1057330809507324,1.9751484085783624e-06,0.0894137104231498,0.0002983781935219,0.0855946599504296,0.1109199948036533,0.0599016320503723,EQ_dominated,-4.865240255688361e-32,1.0182792205790876e-30,2.6370708960825037e-33,6.311308099875985e-32,2.003240846541466e-32,4.953732416076992e-33,-2.9909201899533483e-24,2.3828364752322884e-24,-2.4973399688752302e-24,-1.7477336203476086e-23,-3.22615776713335e-22,2.462462805886928e-23,6.884295670231059e-40,1.4771769493189054e-38,-1.7069215754454112e-39,-7.442820605218053e-39,1.0184863720544412e-39,-7.32893567481349e-39,-3.2680819753008584e-37,-4.977892923825495e-36,-1.7041853623012252e-36,-1.9540970917657788e-37,-5.807014802331274e-39,-4.609201389413846e-39,-3.956187165202768e-30,-4.7345572949524976e-30,3.7740048452502875e-30,-4.436685914584939e-30,1.8218059662600664e-31,9.17124191704258e-30,5.249508787219959e-31,-1.975417687417554e-30,1.0699850595166512e-29,-1.095884577671154e-31,-1.5664705054417808e-29,1.3509976970618122e-30,-5.55099633993155e-38,6.016448478192075e-40,-8.569898068032e-39,8.526754498829019e-41,-1.591995933083333e-40,5.252507489834268e-39,-0.9637563228607178,-0.1756142675876617,0.1789540350437164,0.0904668197035789,-0.0007617729133926,0.0034173442982137,0.0023416699841618,-0.0072971675544977,0.481570154428482,0.8562266826629639,0.1869918406009674,0.0,-2.1378918621202567,-0.180544916090411,0.094873767221544,0.1026078988137519,1.6787650173638477e-15,6.350907612502322e-17,-5.1904691114931843e-23,4.0929670906636714e-22,3.804675850719856e-30,9.14251988517894e-32,0.9596788793743872,0.0402675241983406,5.3596427272206704e-05,54.934112548828125,-0.8561866220435231,-0.0409077739755807,-1.075654497178359,-0.1233394776870218,0.0490180571610937,-0.0070041997201302
235.0,1400.0,0.1508619146242229,0.1455810794482411,0.7033483517469189,0.0002086541806171,4.407159554627058e-12,0.9950434647526722,0.0047904535602699,0.0001660816870578,3.62046620145325e-05,0.0010689269330805,0.9988948684049048,3.293465943223833e-06,1.174561243620112e-06,5.705837216721069e-07,0.9172752070658547,0.0827168550445533,2.899278683383807e-06,0.1501141622269086,0.0001556155367691,0.0581787636572754,0.2144910331410096,0.0130618550228548,EQ_dominated_with_ED,-3.103401972876568e-31,1.5209987905119687e-30,1.8658607504552745e-33,-1.076931212762805e-31,1.9934085391101052e-32,-2.2001985603275437e-33,4.282155532586805e-25,2.7241438758182914e-24,5.67477874595377e-24,-1.3867637952397577e-23,4.540787185683751e-22,6.014706786565016e-23,7.837693640773257e-40,-1.4863554414529155e-38,-1.6651087780901016e-39,8.731317208521976e-39,8.813346910201469e-40,6.132238807189307e-39,-6.863267861043978e-37,5.511791779290969e-36,-1.649158315886543e-36,-2.496171252789136e-37,-5.26423159772193e-39,8.354631173837344e-39,5.17229416731465e-30,-4.089813978077501e-30,-1.908268303973353e-30,-4.6289219647425e-30,-3.264023241091072e-30,8.718737253945115e-30,4.131582490782459e-31,-1.898137240230025e-30,4.8315320950456105e-31,1.6234217843718057e-30,2.8238565139646106e-29,3.882146619695106e-30,3.958239467321632e-38,1.925704301551516e-39,2.2497023037095144e-39,-1.1159672709584138e-39,-1.8685488101654188e-39,4.96164786935826e-39,-0.9193929433822632,-0.3291565477848053,0.1943065971136093,-0.0899572074413299,0.0032680272124707,-0.0059291585348546,0.0041078845970332,-0.0154187325388193,0.4848034977912903,0.854400098323822,0.1869918406009674,0.0,-2.209015221806117,-0.4021086963443232,-0.0474476789286861,-0.0987771448006262,1.8557188902646387e-15,4.1126514405560423e-16,-5.579073490762938e-23,3.9759681618982506e-22,4.3911081561718215e-30,9.072762570409169e-31,0.953673252213505,0.0461019648814791,0.0002247829050159,80.70807647705078,-1.27431441790382,-0.2600074308577597,-1.033500424827877,-0.1564309517982134,0.0387551587376082,0.0158590058274647
235.0,1405.0,0.4918027809580802,0.0697290130261475,0.4382603692139397,0.0002078368018324,1.0011475915044604e-12,0.9988624599398064,0.0009237888006292,0.0002137512595642,0.000274815296783,0.0058775694001873,0.9938476153030296,1.442490463046544e-06,8.239848320532312e-07,3.514382280257768e-07,0.4318810318680331,0.5681098230414986,6.527176945087439e-06,0.4912433355930258,0.0004098371132677,0.2489800208002331,0.8911303192718133,0.0001321266732329,mixed_higher_order,-1.7901161657274976e-31,1.3360600040754371e-30,-5.702942932990545e-33,-4.0595641649149676e-32,1.971921540444985e-32,-5.10815142466632e-35,-7.406437848920052e-25,2.4128857188261623e-24,1.3425931266229738e-24,-1.1595129731583283e-23,1.5151384378923805e-22,9.067320916928072e-24,-6.258661700272846e-40,-3.6931988747327495e-39,-9.1923780968079e-40,2.6777016355058218e-39,1.5450875772998706e-39,1.0154912056453412e-39,-4.839094664378649e-38,1.4485026291886324e-36,-1.6538134415534974e-36,-1.672320709013758e-37,-4.1676194718098303e-39,3.79164881673083e-39,1.4399558298308842e-30,-4.4220830351017774e-30,1.4750653396331812e-31,-4.5287033951533145e-30,-1.5874643587282794e-30,8.95078510029904e-30,3.683290010267093e-31,-1.8936654602784183e-30,4.3326137882897746e-30,1.3721311744375875e-30,1.0949677126687072e-29,7.915574795606726e-31,1.7573224836272277e-39,-2.9883944499115636e-39,-1.9013021339917734e-39,-1.111584864858944e-39,-9.836717953519133e-40,5.033572603330771e-39,-0.9540916681289672,-0.2279825806617736,0.1877833753824234,-0.0483537837862968,0.0015287476126104,-0.0020244962070137,0.0024666043464094,-0.0121594285592436,0.4880067706108093,0.8525745272636414,0.1869918406009674,0.0,-2.174223729660419,-0.26536030223078,-0.0105159909769622,-0.0489781705124738,1.7964239423430094e-15,2.5785849115068743e-16,-3.99339409967543e-23,3.9934272191222023e-22,4.250503125872898e-30,5.492208626169481e-31,0.9622734039324728,0.0377546203163571,2.802424882997201e-05,19.24862670898437,-1.1153865490907788,-0.1494447469778216,-1.0290542027568337,-0.1040570000659428,0.0322889816911998,0.0037387218502763
235.0,1410.0,0.594455341183499,0.0361879533446013,0.3691676465036828,0.000189058968217,7.714665877509768e-13,0.9992894179596372,0.0004838466043601,0.0002267354360026,0.0007506662441538,0.0082718865297561,0.99097744722609,5.349917530929907e-07,5.221567110787008e-07,3.572136493222342e-07,0.1622932233375557,0.8376969162936241,8.44600670652672e-06,0.5940329318942562,0.0002993426438106,0.3092505990715097,0.6210183018436815,0.0004599324598961,clean_balanced_ED_EQ,-1.5620063656725642e-31,1.3011717059507084e-30,-5.8612863827325314e-33,-2.8235028836502485e-32,1.9740136431212224e-32,-9.942007097060855e-35,-9.509456673895162e-25,2.480807683025367e-24,1.2460149983877803e-25,-8.818566448167662e-24,9.641170643869288e-23,4.816042411357396e-24,-5.541659514558238e-40,-1.7730109373833105e-39,-9.500995362286435e-40,1.570093384088796e-39,1.5042724297322838e-39,2.029114358321685e-40,-2.614226109366068e-39,7.234531041952748e-37,-1.6394428767113566e-36,-1.173746546247759e-37,-4.2648054253941467e-39,3.0082513921047455e-39,6.961975411430324e-31,-4.210861860647711e-30,3.945708833107476e-31,-4.673684285868576e-30,-1.090767637543466e-30,8.884544797527179e-30,3.206922019545034e-31,-1.873117806078045e-30,4.899594995385525e-30,1.2281988258709532e-30,7.672601290424214e-30,5.214647804576159e-31,-5.4554008025673e-39,-3.169552316319512e-39,-2.5704965688060835e-39,-1.0172344529619011e-39,-7.158230066515443e-40,4.9556245117647455e-39,-0.962504744529724,-0.184512123465538,0.1900297999382019,-0.0577318891882896,0.0013076653704047,-0.0010407337686046,0.001989277312532,-0.0115040307864546,0.4911807775497436,0.8507499694824219,0.1869918406009674,0.0,-2.154284646272194,-0.2160872115191206,-0.0106996244045871,-0.0607858767241384,1.7802508405592467e-15,2.2707688716858963e-16,-2.875810741025201e-23,3.969688459309496e-22,4.2495508458454194e-30,4.822906928224075e-31,0.9604629000634894,0.0395805958423638,4.349590585328578e-05,14.945271492004396,-1.0824086696425748,-0.129938979191492,-1.0128903780738576,-0.0725171093107316,0.0244699983415364,0.0003457476350979
235.0,1415.0,0.6300982955975256,0.0223144878086395,0.3474120716170825,0.0001751449767523,7.003736685676516e-13,0.999439117352672,0.0003291461348168,0.0002317365125111,0.0013456060165468,0.00722262104838,0.9914317729350732,3.904055419436833e-07,3.90949401916191e-07,4.265763019547247e-07,0.0627561617315155,0.9372341120300112,8.51830722747414e-06,0.629744884397414,0.0001611690893305,0.3256064444505429,0.55136170664869,0.0010201065428484,clean_balanced_ED_EQ,-1.4547443538491155e-31,1.2865927321430064e-30,-5.7140118101793175e-33,-2.2791837624589208e-32,1.971252886783371e-32,-3.69744684345407e-34,-9.701770507525112e-25,2.498599223042896e-24,-5.731245843798342e-25,-6.183314328234278e-24,7.266864013164603e-23,3.5440938608194684e-24,-7.782103351766944e-40,-1.261702839327939e-39,-7.713221154598305e-40,1.2671341052773538e-39,1.5495396025399848e-39,-5.4322989183514156e-42,9.184302028212617e-39,4.201616831359005e-37,-1.622441807917638e-36,-7.364143508995121e-38,-3.973558033714473e-39,2.8608842312145207e-39,3.2456549019605643e-31,-3.9850504700323385e-30,4.296965345154027e-31,-4.806452927444436e-30,-7.542627088243227e-31,8.791506133928227e-30,2.533306135018499e-31,-1.846800529631978e-30,5.0700484549322334e-30,1.1448323202545181e-30,6.184902949502199e-30,4.582662278889709e-31,-8.784353884625995e-39,-3.101536039093187e-39,-2.8161554509922123e-39,-9.504005781268269e-40,-5.2811965446273906e-40,4.871792012856701e-39,-0.967212438583374,-0.1492638289928436,0.1916671693325042,-0.0732011944055557,0.0013921008212491,-0.0005034057539887,0.0015422132564708,-0.0111522683873772,0.4943254590034485,0.8489265441894531,0.1869918406009674,0.0,-2.136749511949472,-0.1790135745729604,-0.0172003749417943,-0.0788232383135816,1.771289378652256e-15,2.114452792626791e-16,-1.8615060401380825e-23,3.938427201551182e-22,4.269668446462143e-30,4.50365882511552e-31,0.9577817833580516,0.0422214701742473,3.253532298908013e-06,13.611574172973633,-1.0664989144623782,-0.1205885308877919,-0.9953151874627788,-0.0451766210744143,0.0170970013275061,-0.001584702193648
235.0,1420.0,0.6474220542826685,0.0155293866615091,0.3368837342690146,0.0001648247868076,6.63720717114881e-13,0.9995114146865148,0.0002540076671035,0.0002345776463816,0.0019361763590728,0.0042078184447149,0.9938560051962122,3.019345974909679e-07,3.132421123381395e-07,3.91838081477232e-07,0.0252354696205023,0.9747553195461024,8.203818604065478e-06,0.6471057333753197,6.534483962940922e-05,0.3283792120472775,0.5203463985209392,0.001482417558189,clean_balanced_ED_EQ,-1.3858137977741836e-31,1.2792727980554336e-30,-5.5939925348205474e-33,-1.9735359770145076e-32,1.9700440901118716e-32,-6.949430129088868e-34,-9.452810845227891e-25,2.4537536739219955e-24,-1.0186679701239047e-24,-3.740221377063252e-24,5.950585702682561e-23,2.8821209825065694e-24,-7.771436097384205e-40,-9.956029260255926e-40,-6.57446171531743e-40,1.1057493566731848e-39,1.4345806008709028e-39,-1.1014955193757294e-40,1.4200418561148794e-38,2.577987953004169e-37,-1.6043073834081263e-36,-3.325416931821736e-38,-3.641838266538492e-39,2.8996851321107e-39,8.781263074623668e-32,-3.7620885356129904e-30,3.950947980635635e-31,-4.925841189345897e-30,-4.829073131708543e-31,8.687929956236779e-30,2.127888000211281e-31,-1.8327056850935765e-30,5.1076949957450674e-30,1.08527127645212e-30,5.306993168418514e-30,4.2002933014483955e-31,-1.078306328722862e-38,-3.0254043056100144e-39,-2.915141563392179e-39,-9.056315091160283e-40,-3.624551581859809e-40,4.7717981936453923e-39,-0.9700352549552916,-0.1173422485589981,0.1921826750040054,-0.0904937162995338,0.0013716730754822,-0.0001154685669462,0.0012849996564909,-0.0108804898336529,0.4974412322044372,0.8471046090126038,0.1869918406009674,0.0,-2.1198876770380606,-0.1469923588839767,-0.0265344412005934,-0.0981341527014879,1.7652111848020185e-15,2.0101544411733643e-16,-9.107577342876409e-24,3.9028386443547844e-22,4.2966990428560096e-30,4.3054047300214075e-31,0.9547394939730754,0.0452433295445331,1.717648239141223e-05,12.939658164978027,-1.0566972684024192,-0.1144701628025164,-0.977271593525851,-0.0202569379017346,0.0103053803329246,-0.00280672179713
237.5,1332.5,0.507509189649129,0.0278739409891412,0.4642766873629155,0.0003401819988143,1.2445350626420449e-12,0.9996183268437124,0.0002284123440048,0.0001532608122826,0.0012482125646693,0.798517859013467,0.2002339284218637,1.178075082058293e-05,1.3679132223550048e-06,5.989419145342082e-06,0.1416448910521401,0.8583130056275275,2.296523714400195e-05,0.5073154870148708,0.0222578396809168,0.3984947189732559,0.914814345891741,0.0002499053165737,clean_balanced_ED_EQ,-3.042581461852878e-31,1.339661714490484e-30,-7.673327095207129e-33,-1.9296621866502574e-32,1.4742263252094255e-32,8.486466533535443e-33,-3.008172255595252e-24,1.6073823214994216e-24,5.110481378305635e-23,-6.949909624530911e-23,4.202266681263871e-23,1.0009265480180029e-23,-2.676104410368408e-39,1.0131795193431828e-38,-7.49497006871986e-40,-3.491320670887167e-39,3.4255934141637325e-39,-6.640478507190837e-39,1.3158692400255442e-37,-8.017852287370681e-37,-1.6490937445839397e-36,-1.1317649180538924e-36,-6.059824237396136e-39,-8.38536137866967e-39,4.915886760785823e-30,-9.223364585515917e-30,1.4358236700808085e-30,4.435907783884788e-31,-6.351710789523877e-30,8.779773717463127e-30,1.9632842037681772e-30,-1.981903715350009e-30,1.0316904071821277e-29,2.9982375669744993e-30,8.255489273015044e-30,1.049242267874964e-30,2.275781420155409e-40,-4.600912511429109e-39,-6.23686329698219e-39,-2.2761494498707207e-39,-4.7725628978031766e-39,5.93012303513442e-39,-0.630346417427063,-0.7405403852462769,-0.0977566838264465,0.2108835577964782,0.0023480611853301,-0.0088704815134406,0.0074604018591344,-0.0115099782124161,0.4280928075313568,0.8841778635978699,0.1869918406009674,0.0,-2.201043525710768,-0.9809475386537412,-0.1292330519388512,0.4172665151983782,1.9101997445986294e-15,4.614703191581962e-16,-2.4551636691202094e-22,3.6381117213410003e-22,3.531386369338827e-30,7.9928303178795e-31,0.9458208669774476,0.0542163813759944,3.72483534418766e-05,19.32204246520996,-1.1792440460518308,-0.2678247825334243,-1.1408151781980684,-0.7829358403113232,0.2040642842843898,0.1500547174213118
240.0,1332.5,0.503588052924249,0.0318403629449954,0.4642176943103878,0.0003538898203678,1.2926120287351232e-12,0.9996194197110868,0.0002408665880977,0.0001397137008152,0.0011020575566591,0.7959037714510758,0.2029941709922648,1.2778461406694463e-05,1.494752766633641e-06,6.38519381076522e-06,0.1427701744778336,0.8571835487571856,2.561835699661286e-05,0.5033963972375739,0.0253418649522929,0.3979197706048566,0.9218203085135872,0.0002503598656585,clean_balanced_ED_EQ,-3.250541336016335e-31,1.3562336402047664e-30,-7.560066741288136e-33,-2.0285868676611423e-32,1.3842241182271025e-32,8.957853669090014e-33,-3.1710705275870802e-24,1.4593539116239775e-24,6.00150180205194e-23,-7.210042128710606e-23,4.5995761155253776e-23,1.1352868034584411e-23,-2.9440663879288665e-39,1.0725354768570565e-38,-6.7171127061014265e-40,-3.744145496127446e-39,3.6157653448541175e-39,-6.98122790736868e-39,1.4581634104381552e-37,-8.18397579215886e-37,-1.607002169750881e-36,-1.2515944507408767e-36,-5.7193059110437325e-39,-9.554457377786497e-39,5.854861472428282e-30,-9.430371505330409e-30,1.1441232489383652e-30,9.112948007197824e-31,-6.998984542038026e-30,8.519076525282005e-30,2.1502312445021123e-30,-1.9108122900651895e-30,1.0617651084000604e-29,3.228180617651435e-30,8.671913289335129e-30,1.2410683024507636e-30,1.5699269692470594e-39,-4.4096207721903246e-39,-6.396195151983713e-39,-2.420416077385844e-39,-5.3339072396787844e-39,5.850865972823624e-39,-0.5702859163284302,-0.776824414730072,-0.1529709696769714,0.2183469086885452,0.002784943440929,-0.0095192100852727,0.0077103334479033,-0.0112881045788526,0.4176404178142547,0.8891627788543701,0.1869918406009674,0.0,-2.171370900655716,-1.061732831812824,-0.1796305427785333,0.4628491368146776,1.926176331886826e-15,4.900696269501285e-16,-2.6785829439424063e-22,3.4995084382056685e-22,3.4684099338884534e-30,8.286129014227367e-31,0.9287805689538928,0.0712623606446178,4.292959851071032e-05,19.585594177246094,-1.1938315680499596,-0.2861305563547068,-1.111696938194115,-0.8658318855693101,0.2117023337199058,0.1762169921669832
242.5,1332.5,0.5001777977504166,0.0361708206419496,0.4632832918271789,0.0003680897804548,1.3406015105340692e-12,0.9996209480603,0.0002537223848546,0.0001253295548452,0.0009782166631628,0.7929745943408755,0.2060471889959617,1.3906356869257932e-05,1.633570582580027e-06,6.848070729814192e-06,0.1445175559874486,0.85543175159477,2.830441959971513e-05,0.4999882043859845,0.0286825418255265,0.3963072378123147,0.92623721786698,0.0002891311529377,clean_balanced_ED_EQ,-3.4866794576822692e-31,1.3718652086229373e-30,-7.385415032457203e-33,-2.1307331860540296e-32,1.2869977560306215e-32,9.2502499034362e-33,-3.3274667272690415e-24,1.2927810514758415e-24,6.950452597955754e-23,-7.415708472526444e-23,5.016637586220689e-23,1.2943347788887133e-23,-3.2566530771227754e-39,1.1345937891270175e-38,-5.789312677514115e-40,-4.004067682278726e-39,3.8355768696039786e-39,-7.341884032688473e-39,1.6219065824743128e-37,-8.352832142941221e-37,-1.5553882117650373e-36,-1.3661289653049572e-36,-5.211941774744645e-39,-1.0706778516266142e-38,6.834193731985759e-30,-9.574478552023225e-30,7.792614122175518e-31,1.3696757969420788e-30,-7.613452633602591e-30,8.2048023964239e-30,2.3365909839962155e-30,-1.8280600210795863e-30,1.0912875491910661e-29,3.490324633161704e-30,9.080491319748309e-30,1.4626325818823055e-30,2.968020302927545e-39,-4.15390086281759e-39,-6.55016326738955e-39,-2.5831127754987828e-39,-5.905199613623324e-39,5.7392631310400936e-39,-0.5083915591239929,-0.8066328167915344,-0.207908034324646,0.2177163064479828,0.0033130813390016,-0.0101128285750746,0.0079304687678813,-0.0110910329967737,0.4071298539638519,0.8940242528915405,0.1869918406009674,0.0,-2.1352748995801587,-1.138988083595297,-0.2346016107386056,0.5003679893266837,1.940497582699106e-15,5.223201330913318e-16,-2.8818784296391312e-22,3.341419365126589e-22,3.389636244207891e-30,8.587202716519187e-31,0.9092317243233172,0.090812044177904,4.376850122111975e-05,19.83634185791016,-1.2075913357496662,-0.3069167347614194,-1.0759912744800226,-0.9450649267905152,0.2177411396209248,0.2040802271511769
245.0,1290.0,0.3914243864519449,0.250095158147217,0.3577496016776921,0.0007308537231457,2.522474694064088e-12,0.9990439433577004,0.0009136548086314,4.240183366812709e-05,0.0010795748813158,0.2596293347921397,0.7392910903265444,0.0001817713163685,2.186754727404695e-05,7.943652001482153e-05,0.311151650080158,0.6881517873781946,0.00041348715799,0.3910501625673195,0.0649320395444969,0.246186027828341,0.9139686081403948,0.0281418262920628,mixed_higher_order,-1.1212185291244578e-30,1.1544929432265514e-30,2.1699439896826198e-32,-4.356318445810119e-32,9.496247481694659e-33,-4.443702214723069e-33,-7.184939314689237e-24,-1.0444833169575716e-23,1.8942717450421608e-22,-5.2618862427575174e-23,2.4475788484552435e-22,2.239484865312589e-22,-3.201518933993414e-38,3.396455632964176e-38,8.905203838199153e-39,-1.3519763830925902e-38,2.310997465195282e-38,-2.0444821190820445e-38,8.969171861092313e-37,-1.0296334799186732e-36,-7.289227817625069e-37,-1.8953854271561558e-36,3.475442989128198e-38,-3.5636923342343447e-38,1.5809680171445896e-29,-8.740840220040117e-30,-4.812014363682182e-30,6.55491186741181e-30,-1.0997667067934972e-29,2.185927722542677e-30,5.480086596216064e-30,1.100119901293432e-30,1.1596699557811009e-29,1.1957394597086141e-29,1.7869805627174758e-29,1.4599929623598578e-29,4.5810844298239023e-38,3.125133863412357e-38,-5.7440383958774804e-39,-6.694535313307761e-39,-1.249245580681316e-38,1.108289236707975e-39,0.3010573089122772,-0.917144536972046,-0.1405456662178039,-0.2192823886871338,0.0130057334899902,-0.0152391931042075,0.0118130138143897,0.000926881970372,0.3620761930942535,0.9132002592086792,0.1869918406009674,0.0,-1.3073912684368048,-1.8427420666924543,-0.4486887953225187,0.0356601212017486,1.4276863634190624e-15,1.4689190955192125e-15,-3.2037898824953875e-22,1.4650688173071222e-22,1.4641189710031425e-30,1.4869128320362302e-30,0.9321909870572508,0.0679782566865075,0.0001692437437581,51.97578048706055,-1.0497293406111745,-1.0194743884440398,-0.5380299912387968,-1.3990154105229022,0.1595904154841148,0.5745232809758956
245.0,1295.0,0.4262575504667671,0.1862265559950074,0.3868218512314629,0.0006940423067625,2.2675470295683734e-12,0.9992200860045424,0.0007558625386355,2.405145682198636e-05,0.0008373048260454,0.3483217773824952,0.6508409177914594,0.0001243685967567,1.4715444253637682e-05,5.524416657065965e-05,0.2731943432567962,0.7263855190163387,0.0002258095192839,0.4259251062374886,0.0648667649800017,0.2809817911736272,0.9074838693364592,0.0178293498490386,mixed_higher_order,-9.766859276704491e-31,1.273382346752362e-30,1.253663160790977e-32,-4.2320376547929677e-32,7.754744462833013e-33,-1.3619253908283502e-33,-6.708369966801095e-24,-6.3036763961097765e-24,1.7666863807976509e-22,-6.355891264086431e-23,2.0789957840831668e-22,1.5048402969653297e-22,-2.2946036896564957e-38,3.092457830121786e-38,5.6117827025180255e-39,-1.1998355548210239e-38,1.733422818878058e-38,-1.8926231254608e-38,7.21260401802753e-37,-1.0528224992976012e-36,-8.582747670690057e-37,-1.895711356369173e-36,2.0779519876760872e-38,-3.023868491198827e-38,1.4972430560493874e-29,-9.14097225706608e-30,-4.11072550742291e-30,5.7873274576658464e-30,-1.0861706652849317e-29,3.3536419197991965e-30,5.0312747672134466e-30,1.5578342652617834e-31,1.2592743621232279e-29,1.0671720814996989e-29,1.725780864605347e-29,1.1046500250075923e-29,3.960536489761123e-38,1.9583519837284355e-38,-6.565386757424186e-39,-6.383762457454679e-39,-1.1724229793009371e-38,2.450777574745637e-39,0.1560215950012207,-0.9443782567977904,-0.2402187287807464,-0.1598394066095352,0.0121635813266038,-0.0145109947770833,0.0131712397560477,-0.0039831320755183,0.3662798702716827,0.911522388458252,0.1869918406009674,0.0,-1.4977354093729236,-1.779995146500038,-0.5098509340103418,0.1576473803389816,1.6344124391479401e-15,1.3204281815723033e-15,-3.3170289205097694e-22,1.6915375820822037e-22,1.8841514365230577e-30,1.4919154954437796e-30,0.916551551699268,0.0834430204601684,5.427840563565489e-06,42.52452850341797,-1.153359826801375,-0.8846284976780795,-0.6286243355611807,-1.3884717779633189,0.1920267586434236,0.5337584378778962
245.0,1300.0,0.4486016404749469,0.1438038594624358,0.4069456606174002,0.000648839445217,2.0763231450869094e-12,0.9993324382193908,0.0006458232865737,2.1738494035595203e-05,0.0007031221543753,0.4319811750794773,0.5673157027661473,8.805897092129718e-05,1.0337038673964036e-05,3.975854128396574e-05,0.2428454035411304,0.7568755047436778,0.0001409371643124,0.4483021711650472,0.062120560191547,0.3080072022830442,0.907142604709505,0.0115282462473005,mixed_higher_order,-8.49075335153774e-31,1.341549292610402e-30,6.141803503545439e-33,-3.989087322828856e-32,7.249621881214204e-33,1.508458925758697e-33,-6.1269221593166496e-24,-3.6820119570398274e-24,1.6223782572081785e-22,-7.121283053986381e-23,1.7418443383484898e-22,1.0434087765178244e-22,-1.675716540224778e-38,2.746375497584928e-38,3.358933090640236e-39,-1.0498614927399215e-38,1.339823545463159e-38,-1.6965143156923158e-38,5.83890255070139e-37,-1.0422550952060188e-36,-9.77577103549388e-37,-1.8688408273868173e-36,1.194379115132526e-38,-2.6184839119227077e-38,1.3993380280385173e-29,-9.470796421932593e-30,-3.392971320228665e-30,5.1712146383669254e-30,-1.0600408635230745e-29,4.299580808788378e-30,4.5558023189074264e-30,-4.5632330461815405e-31,1.3041326999537626e-29,9.315743797382152e-30,1.6310462288044836e-29,8.427045191656453e-30,3.326546624450389e-38,1.1756094533002136e-38,-7.063975529143298e-39,-5.818881746036531e-39,-1.0842660248868863e-38,3.388736942436937e-39,0.0355344787240028,-0.9494853019714355,-0.2978028357028961,-0.0923172459006309,0.0109401186928153,-0.0142095712944865,0.0130075085908174,-0.0070035094395279,0.3704434037208557,0.9098381996154784,0.1869918406009674,0.0,-1.6429590322614576,-1.7029560436536155,-0.523820198212114,0.2608028843356696,1.7658737167121569e-15,1.1748894600901616e-15,-3.374088442625166e-22,1.9232097902905155e-22,2.21353815163696e-30,1.4355699792114158e-30,0.9031066359513608,0.0974272472675734,0.0005338832189341,36.03392791748047,-1.2104282362114762,-0.7660879596463079,-0.7105075518381496,-1.3582821408364814,0.2143235809255258,0.4882742548843441
245.0,1305.0,0.4636135635315189,0.1135265102208059,0.4222608407420034,0.0005990855056717,1.9194865671651952e-12,0.9994178992793722,0.0005544408610737,2.76598595541159e-05,0.0006408922351108,0.5116972050744412,0.487661902690448,6.438957617765616e-05,7.441457379947971e-06,2.9381807677830997e-05,0.217802630801413,0.7820004322227161,9.572413463539992e-05,0.4633436937420944,0.0580911979818413,0.3302081599709741,0.9108034664160464,0.007359487448242,mixed_higher_order,-7.378544416451345e-31,1.3788786527154366e-30,1.6747247057447844e-33,-3.6796749857207847e-32,7.322005491136194e-33,3.751844580877632e-33,-5.506754077667784e-24,-2.0475382129028262e-24,1.4743666267569298e-22,-7.62960195731299e-23,1.4454833246685085e-22,7.327997100072928e-23,-1.2716763817957288e-38,2.4108280848655304e-38,2.187105278775687e-39,-9.004216564012665e-39,1.0529651759077875e-38,-1.510407168097534e-38,4.757331641905044e-37,-1.014977120782745e-36,-1.0865131992296226e-36,-1.8250587902047556e-36,6.577012220323429e-39,-2.2560457045302323e-38,1.2975821327248312e-29,-9.721550328134288e-30,-2.7041272627967505e-30,4.6172608768298965e-30,-1.0271693074590958e-29,5.104289451304392e-30,4.1092637552392725e-30,-8.812773496121322e-31,1.3086033726649057e-29,8.076929270971109e-30,1.5100149289955905e-29,6.474362771498458e-30,2.713238254658517e-38,6.383159997587024e-39,-7.27403775819288e-39,-5.2249345230961686e-39,-1.0012271180246202e-38,4.0912367840078567e-39,-0.0677966475486755,-0.9418213367462158,-0.3274074494838714,-0.0254108719527721,0.0097700953483581,-0.0137954037636518,0.0123000079765915,-0.0089920796453952,0.3745675086975097,0.9081481695175172,0.1869918406009674,0.0,-1.7577783847190638,-1.620559864902002,-0.5101734877630829,0.3452652065776571,1.849959523934779e-15,1.039768283885817e-15,-3.3899927399861293e-22,2.151733102019437e-22,2.480094873640119e-30,1.3518247570516129e-30,0.8919095836973864,0.1080734980835073,1.6918219106210053e-05,31.30291748046875,-1.2393423780627577,-0.6631869139258972,-0.7836431921712566,-1.31631617293773,0.2287422718965156,0.4420282653009537
245.0,1310.0,0.4739449570646496,0.0919077691098428,0.4335950969918717,0.0005521768336358,1.790068292731068e-12,0.9994762444599692,0.0004847413597747,3.9014180256051984e-05,0.0006255303286012,0.5810090904412751,0.4183653792301235,4.7570063805750255e-05,5.380047576319848e-06,2.220770750754396e-05,0.1977445214001798,0.8021105365268653,6.978425406519187e-05,0.4736967257677174,0.0533992493349964,0.3477911958835684,0.9148638265450012,0.004653796031025,clean_balanced_ED_EQ,-6.447876253753541e-31,1.3971364854220302e-30,-1.5139126203216821e-33,-3.3853385731811463e-32,7.864124190952822e-33,5.529868859827855e-33,-5.0008228765790654e-24,-9.049228808107174e-25,1.3314944157779817e-22,-7.912099991140804e-23,1.204171133719557e-22,5.2662461256427445e-23,-9.741364707348064e-39,2.104518907921531e-38,1.186359152866843e-39,-7.708154179364776e-39,8.55500312417956e-39,-1.3337048776758566e-38,3.920668357102658e-37,-9.818680388482706e-37,-1.1822721001824089e-36,-1.7709561162461465e-36,2.8406518669346957e-39,-1.965698097001744e-38,1.1957651059360544e-29,-9.876189788553239e-30,-2.0424291772396567e-30,4.099451331882167e-30,-9.915221212042028e-30,5.7767391267499334e-30,3.724419920583037e-30,-1.1655728602030481e-30,1.2926341181536648e-29,7.006155593011604e-30,1.3918997344202726e-29,5.0237755327687656e-30,2.1719628387976711e-38,2.7379868408135512e-39,-7.339094521457176e-39,-4.6613222999794126e-39,-9.235778499255805e-39,4.582867487475596e-39,-0.1558288335800171,-0.9275894165039062,-0.3369264900684356,0.0343762822449207,0.0086412876844406,-0.0132447183132171,0.0114015601575374,-0.0102551188319921,0.3786523640155792,0.9064526557922364,0.1869918406009674,0.0,-1.8481602937950892,-1.5395936412586393,-0.4810271663585296,0.4096564861445456,1.901303900283885e-15,9.21842055717296e-16,-3.373645760121348e-22,2.366402844077088e-22,2.691790951658908e-30,1.2595816181063656e-30,0.8849548454010077,0.1149363515271023,0.0001088030718899,27.880672454833984,-1.2509596519319952,-0.5773260607147924,-0.8462121009355241,-1.2675631062951187,0.2363064263179462,0.3976702612544083
245.0,1315.0,0.4814523135402145,0.075703497531055,0.4423368081449534,0.0005073807837769,1.6801511877242899e-12,0.9995265327308308,0.0004189891942201,5.447807494909558e-05,0.0006532752215272,0.6401793223364248,0.3591674024420477,3.679904036990043e-05,4.35817411717529e-06,1.7013452214339012e-05,0.1816437048869548,0.818241226671927,5.6897774416737145e-05,0.4812243616280874,0.048463813747928,0.3619382124986715,0.9187551824029322,0.0028622972614224,clean_balanced_ED_EQ,-5.667725405623248e-31,1.403960080970368e-30,-3.790980069704023e-33,-3.0766004570355036e-32,8.794224907878104e-33,6.89947555523134e-33,-4.597396339828008e-24,-1.9242148908114016e-25,1.196365311792657e-22,-8.022301942377305e-23,1.0066758827751866e-22,3.881865734913937e-23,-7.499512479312129e-39,1.8743498557295522e-38,5.108573691114292e-40,-6.928725035156293e-39,6.988641907302092e-39,-1.1814755194620304e-38,3.253344634415819e-37,-9.487039850966602e-37,-1.2673406410624676e-36,-1.7102609448142608e-36,2.0894562279824115e-40,-1.774928409742336e-38,1.0966840246063388e-29,-9.934777418098119e-30,-1.4270227936791292e-30,3.585753931022968e-30,-9.539817112200362e-30,6.349023487075149e-30,3.398043179173788e-30,-1.3519909833144725e-30,1.2617030138427069e-29,6.071114336173787e-30,1.279003269938738e-29,3.9097545978724526e-30,1.695553682836683e-38,2.108859750443694e-40,-7.272284072386367e-39,-4.1412079865128985e-39,-8.524602377124476e-39,4.9018573118881666e-39,-0.2329379022121429,-0.9095540642738342,-0.3324287235736847,0.0861149281263351,0.0073468927294015,-0.0128818359225988,0.0105015160515904,-0.0106495525687932,0.3826987743377685,0.9047516584396362,0.1869918406009674,0.0,-1.9218161914607728,-1.4616106181124622,-0.443189851872785,0.4570181529381303,1.9317975285898823e-15,8.200336595023737e-16,-3.3326838106567695e-22,2.5686180559689868e-22,2.8676059092224798e-30,1.1693559307908838e-30,0.8817685806535581,0.1181483319123304,8.30874341114507e-05,25.33324813842773,-1.252289590556657,-0.5055438273351663,-0.9002149855132543,-1.2148292903864724,0.2386867504721281,0.3559533793423171
245.0,1320.0,0.487170620924353,0.0629826439314281,0.4493792612548896,0.0004674738893292,1.5838818824178445e-12,0.9995625940214716,0.0003682970307414,6.910894778679462e-05,0.0006795380863976,0.6917240802030041,0.3075963817105983,2.762923713593228e-05,3.1253754918378845e-06,1.3221158118568095e-05,0.1685596040411166,0.8313523798750992,4.404031303775864e-05,0.4869575295821973,0.0435666114422204,0.3735925183107664,0.9224268499652988,0.0016883374686924,clean_balanced_ED_EQ,-5.004470396186452e-31,1.403472637803981e-30,-5.239810392885854e-33,-2.811741266582315e-32,9.529798536037336e-33,7.917358878827086e-33,-4.170351642219166e-24,3.819830028049356e-25,1.0696456708190306e-22,-8.006763006600947e-23,8.428759566317849e-23,2.8881662674435084e-23,-5.987226191064983e-39,1.6247001492114647e-38,8.764805840203307e-41,-5.822934695948741e-39,5.899576914611792e-39,-1.0424066779898739e-38,2.724006515731405e-37,-9.16700399241123e-37,-1.342956658417221e-36,-1.645319515984664e-36,-1.604940951084556e-39,-1.5374346419330132e-38,1.0016003947276834e-29,-9.919548304869733e-30,-8.561054780100826e-31,3.0652894974696138e-30,-9.159897778491997e-30,6.854258807400119e-30,3.1009600697545813e-30,-1.5127418010511868e-30,1.2248060900487345e-29,5.280363407893983e-30,1.1756433742891744e-29,3.0635052262725023e-30,1.2772637389178683e-38,-1.5396244842430297e-39,-7.157567268216136e-39,-3.677874778127008e-39,-7.872936057726332e-39,5.203367962536436e-39,-0.3017140626907348,-0.8887993097305298,-0.3189355432987213,0.1303709745407104,0.0063668228685855,-0.0121047627180814,0.0096232956275343,-0.0111247766762971,0.3867067694664001,0.903045892715454,0.1869918406009674,0.0,-1.9824680837843436,-1.386470381839939,-0.4010424734211507,0.4909984836549647,1.9480266214858767e-15,7.313121110950556e-16,-3.272957946564733e-22,2.7570739317717515e-22,3.0136162288137467e-30,1.082393974152507e-30,0.881182650316716,0.1189328402567775,0.0001154905734934,23.362794876098636,-1.2471129318470422,-0.4446926559177776,-0.9467133823803472,-1.1598631976031484,0.2373220568289448,0.3170451160695889
245.0,1325.0,0.4916655870722224,0.0528474909313579,0.4550560472707468,0.0004308747256728,1.4992177082642581e-12,0.9995910598527008,0.000323185984712,8.575416258706842e-05,0.0007393874833475,0.7352531532310334,0.264007459285619,2.1462029850624768e-05,2.432012871357065e-06,1.039075806766601e-05,0.1582752805766051,0.8416527697351378,3.766488746742236e-05,0.4914645252746232,0.0388562843476293,0.3829991825701479,0.9255397555491354,0.0009445033451122,clean_balanced_ED_EQ,-4.441462636565691e-31,1.3985739568136575e-30,-6.161742536275409e-33,-2.565591426266766e-32,1.0476057861382944e-32,8.659102156003294e-33,-3.8585475452793685e-24,7.059041552578658e-25,9.529301045891921e-23,-7.886631968419905e-23,7.081946910710521e-23,2.1877179594999756e-23,-4.7434787469917907e-39,1.4347366224185208e-38,-2.266459247682708e-40,-5.081760185289262e-39,4.97011997510101e-39,-9.265606464507656e-39,2.2996693681348e-37,-8.88317734450016e-37,-1.4097213626062384e-36,-1.5780088576290274e-36,-2.8899274438989578e-39,-1.385705854160408e-38,9.107657008024401e-30,-9.856333331686419e-30,-3.349085842326752e-31,2.5666837946507856e-30,-8.772746670540078e-30,7.28964866040981e-30,2.852030935340148e-30,-1.6221210475573816e-30,1.1830159464908597e-29,4.6067942362792086e-30,1.0793864312397719e-29,2.4117549076284152e-30,9.11095147633744e-39,-2.7332356379172697e-39,-6.980359138653874e-39,-3.2745367144917245e-39,-7.281130837945807e-39,5.392105647726624e-39,-0.3634369075298309,-0.866277813911438,-0.2989226281642914,0.1670291274785995,0.0053365477360785,-0.0115809682756662,0.0089517682790756,-0.0110949231311678,0.3906770646572113,0.90133535861969,0.1869918406009674,0.0,-2.0329308933330035,-1.3144273254918473,-0.3574922070367396,0.5134169915476218,1.9546898695587738e-15,6.544285017594471e-16,-3.1979000465533304e-22,2.9314449618193067e-22,3.1383987480005096e-30,9.995858244297065e-31,0.8826862341979683,0.1174566985295182,0.0001429327274866,21.82950210571289,-1.238070348374502,-0.393175002791638,-0.986292898760884,-1.1040330179744962,0.232879230534163,0.2813845382898372
245.0,1330.0,0.4954530681078057,0.0445186799613042,0.459630246671344,0.000398005259546,1.4233844275067998e-12,0.9996139298033844,0.0002838317690694,0.0001022384275462,0.0008402988681647,0.7730379205263975,0.2261217806054377,1.680955849358084e-05,2.003948981890588e-06,8.10311948680329e-06,0.1501672634932887,0.849772414172322,3.3405707427045975e-05,0.4952617884443875,0.0344146277818668,0.3905811043405278,0.9276968420575668,0.0005036279758569,clean_balanced_ED_EQ,-3.963830871420416e-31,1.3907938108678543e-30,-6.910669695974011e-33,-2.3368468666702606e-32,1.141294322912328e-32,9.146120229418807e-33,-3.6279970559737394e-24,1.0176333790930712e-24,8.459581702424765e-23,-7.684417375169864e-23,5.946560026431907e-23,1.6866044024126926e-23,-3.810672101260116e-39,1.2684882377435195e-38,-4.746262104211119e-40,-4.54843802780323e-39,4.285291705480545e-39,-8.136450879323448e-39,1.9602096958944386e-37,-8.63227409279393e-37,-1.4682668079431613e-36,-1.5094298928054804e-36,-4.143111135082462e-39,-1.25358886145272e-38,8.254151346170882e-30,-9.730421328884739e-30,1.3027515585538918e-31,2.0621442014665972e-30,-8.384426146053073e-30,7.668276415471743e-30,2.6264193903652207e-30,-1.7039329984405154e-30,1.1413702542155058e-29,4.029950521435416e-30,9.899754220164737e-30,1.9206539319737084e-30,5.89471618120829e-39,-3.5306600479809656e-39,-6.800771239357229e-39,-2.9159651666427028e-39,-6.74762491639544e-39,5.5320761072027615e-39,-0.4191793799400329,-0.8424564599990845,-0.2746735215187073,0.1967268884181976,0.0043488154187798,-0.0109221031889319,0.0083635738119483,-0.0110270660370588,0.3946100771427154,0.8996203541755676,0.1869918406009674,0.0,-2.074819040310681,-1.2456236874588873,-0.3142932315933782,0.5260965643293777,1.954537629859568e-15,5.880590697246954e-16,-3.110802096377667e-22,3.0913185985329105e-22,3.245506308121732e-30,9.23491949027392e-31,0.8855824440947159,0.1143385576024872,7.899830279689546e-05,20.60468864440918,-1.2265545623365617,-0.3495740922687472,-1.019544253092349,-1.0481273323963902,0.2260551289898004,0.2488584026058467
245.0,1332.5,0.4970727597202144,0.0408956053898938,0.4616488385407871,0.0003827963491046,1.3883840673308066e-12,0.9996225807260458,0.0002670956839241,0.0001103235900299,0.0008722153502521,0.7897798655510798,0.2093479190986679,1.516041189855971e-05,1.791256700688613e-06,7.362160112840819e-06,0.1467759921795248,0.8531686878569633,3.1006134799706365e-05,0.4968851548801384,0.0322985257264604,0.3938643338285345,0.9287349377194472,0.0003684302659696,clean_balanced_ED_EQ,-3.749368210117267e-31,1.386196560628337e-30,-7.144879141801519e-33,-2.2359374192031744e-32,1.1844722816447324e-32,9.34284515068324e-33,-3.4764420461053624e-24,1.1040270507900328e-24,7.953409267106935e-23,-7.563997408871874e-23,5.453450748823521e-23,1.480949508207742e-23,-3.616668719709521e-39,1.1986662702719016e-38,-4.700326921082532e-40,-4.2779511855373274e-39,4.0866958929096045e-39,-7.708727893307433e-39,1.8064159836192948e-37,-8.521788550160575e-37,-1.495483896285475e-36,-1.4746044645209016e-36,-4.5358807090555633e-39,-1.1820713102275396e-38,7.848905376887952e-30,-9.655301245026968e-30,3.41801072465492e-31,1.8114267533244337e-30,-8.190705014724461e-30,7.843872698416307e-30,2.523401196990917e-30,-1.7346801999180577e-30,1.1198890299065665e-29,3.7839680799327215e-30,9.47766835363521e-30,1.7137376653558333e-30,4.420472799579391e-39,-3.826514695428639e-39,-6.696406331877884e-39,-2.7635034847789173e-39,-6.48810865921981e-39,5.598189327199412e-39,-0.4455587863922119,-0.8300849795341492,-0.2614063918590545,0.2093741297721862,0.0039170854724943,-0.0106428489089012,0.0081370966508984,-0.0109212901443243,0.3965626955032348,0.8987613320350647,0.1869918406009674,0.0,-2.0934721750925407,-1.212104510488738,-0.2928181215093504,0.529529838174062,1.9526569474145828e-15,5.579488083578954e-16,-3.063428951233475e-22,3.16740655197492e-22,3.293630245646191e-30,8.877825458172828e-31,0.887692319171006,0.1123563148429524,4.863401395849287e-05,20.0820255279541,-1.220206581331024,-0.3300400459617825,-1.034550481582047,-1.0201064436082168,0.2220952215151432,0.2335291906508145
245.0,1335.0,0.4986291432497883,0.0375824207884892,0.4634201619539648,0.0003682740077575,1.3550778429243206e-12,0.9996288109831372,0.0002536443594921,0.0001175446573706,0.0009110870629753,0.8058301493564921,0.1932587635805325,1.3665104714875175e-05,1.6414012557242065e-06,6.67594151349345e-06,0.1438388789603704,0.8561111581427318,2.798044941375718e-05,0.4984440575883263,0.0302850477571668,0.3967391715571011,0.9293884407430522,0.0002805857127328,clean_balanced_ED_EQ,-3.5513896779200354e-31,1.38131641791757e-30,-7.277898723011234e-33,-2.1521539588006688e-32,1.2222541423811383e-32,9.476431730946077e-33,-3.3305842654051484e-24,1.2108636973362287e-24,7.476640979337603e-23,-7.428351502386196e-23,4.9928300036038477e-23,1.3082893134420606e-23,-3.2439744702721736e-39,1.1378954175218063e-38,-6.005922950592878e-40,-4.0566047157305255e-39,3.8445770955619835e-39,-7.322340891793138e-39,1.672687288156064e-37,-8.419394221259182e-37,-1.5204100161453028e-36,-1.4401175283984168e-36,-4.8328828792210466e-39,-1.0953455351700145e-38,7.453166682926925e-30,-9.573546297475704e-30,5.453894957090878e-31,1.5677526913477091e-30,-7.998555455923128e-30,8.005792702736892e-30,2.4204288643595027e-30,-1.7677392709303243e-30,1.0980881481638297e-29,3.544966316593129e-30,9.076864759252165e-30,1.5309357096099656e-30,3.04148117798289e-39,-4.065135536939032e-39,-6.596269647522011e-39,-2.60670725501014e-39,-6.248453594853492e-39,5.6623235547679474e-39,-0.4704358875751495,-0.8175278902053833,-0.2478315532207489,0.2204912155866623,0.0035811117850244,-0.0101891718804836,0.0078355344012379,-0.0109052499756217,0.3985061645507812,0.8979013562202454,0.1869918406009674,0.0,-2.1101433287766995,-1.1794456527707444,-0.2721827008090527,0.5311857926723749,1.949820722437534e-15,5.29976541547988e-16,-3.014249135761587e-22,3.2387716227159293e-22,3.3385243584049024e-30,8.53545518780366e-31,0.8897784191675108,0.1102171749990766,4.4058334125463006e-06,19.608009338378903,-1.2136338243218512,-0.3120274674624511,-1.0478583352824884,-0.99252118829404,0.217703916027878,0.219119143650303
245.0,1340.0,0.5014120794375403,0.0316700923055087,0.466575969161839,0.0003418590951119,1.2931877977407517e-12,0.999646263588236,0.0002210291042419,0.0001327073075221,0.001130341960439,0.8358282225602824,0.1630414354792785,1.0983456262481896e-05,1.3226814582291736e-06,5.462974077547068e-06,0.1393680789646425,0.8605864822817797,2.7669641779580135e-05,0.5012347117277449,0.0264707569600334,0.4015289720181992,0.9305239907367634,0.0002172492868375,clean_balanced_ED_EQ,-3.1945802577144907e-31,1.3709406783955205e-30,-7.525864045044319e-33,-1.9531834177560968e-32,1.3079105564924152e-32,9.591339680924279e-33,-3.2797444670655742e-24,1.4008912990070835e-24,6.581727862957235e-23,-7.122694628709861e-23,4.160178776792341e-23,1.0194205635605904e-23,-2.64373565745924e-39,1.0177647252847374e-38,-7.3259364911283025e-40,-3.5747935242317665e-39,3.376331619289563e-39,-6.602865270802656e-39,1.4393742908050192e-37,-8.251137707479289e-37,-1.566344155528465e-36,-1.3705695023122952e-36,-5.7568604769140363e-39,-1.03023282043848e-38,6.71261734041936e-30,-9.369596261347828e-30,8.952734816949018e-31,1.06900505898247e-30,-7.60789008851324e-30,8.300592852967657e-30,2.248335641971861e-30,-1.8124753983209013e-30,1.0571725513479949e-29,3.1367048376538823e-30,8.321556969356128e-30,1.2243511274717784e-30,5.012602468632712e-40,-4.39721641501845e-39,-6.387157076395553e-39,-2.3510126047963245e-39,-5.804190315112436e-39,5.7444316334109916e-39,-0.5177536606788635,-0.791576087474823,-0.2192720174789428,0.2386592030525207,0.0027265604585409,-0.0095203295350074,0.0075298817828297,-0.0107395993545651,0.4023658037185669,0.8961783647537231,0.1869918406009674,0.0,-2.1399211204539688,-1.1155805528340743,-0.2319332395315984,0.5297273953596429,1.942020661335552e-15,4.790765709574852e-16,-2.9094399460805043e-22,3.3740935232052373e-22,3.421180065045657e-30,7.884679855775225e-31,0.8947596262147016,0.1052104709649101,2.99028203882834e-05,18.784177780151367,-1.2000231615554622,-0.2796306478550059,-1.0714748362120925,-0.9375530453024172,0.2079670769810234,0.1921720327060691
245.0,1345.0,0.5037775274821829,0.0266221557338446,0.4692819241406341,0.0003183926433383,1.237042038051067e-12,0.9996589725175056,0.0001937356757868,0.0001472918067076,0.0012687232090279,0.8633797792011502,0.1353514975898217,9.043148434923573e-06,1.1112085072007209e-06,4.513434694948638e-06,0.1366258956427661,0.8633355048007817,2.393176481513527e-05,0.5036057255002484,0.0229850309393454,0.4051477468718364,0.931526117264592,0.0002716836149449,clean_balanced_ED_EQ,-2.887395432928753e-31,1.360029672061194e-30,-7.649917669637262e-33,-1.7779412398975318e-32,1.3861448526731908e-32,9.627044438947308e-33,-3.0532665982094752e-24,1.5263234963374718e-24,5.763689554349662e-23,-6.787759409287246e-23,3.428216214923201e-23,8.235115597502272e-24,-2.3571208626934717e-39,9.166023173083788e-39,-7.315043061883787e-40,-3.2359502966566406e-39,3.08862919581036e-39,-5.930071488005922e-39,1.2419768420862925e-37,-8.131492913116434e-37,-1.6072310320058693e-36,-1.3009454589968272e-36,-6.171212683430357e-39,-8.968706090369402e-39,6.013052425855232e-30,-9.145234846023187e-30,1.2087920655688889e-30,5.831058150800138e-31,-7.221845422188778e-30,8.562130892472488e-30,2.083738580621079e-30,-1.8568782844636045e-30,1.0184828230592646e-29,2.7777161509651303e-30,7.631595575155015e-30,9.917585965147866e-31,-1.7591413565337352e-39,-4.5802785479003377e-39,-6.196065642157981e-39,-2.108609727174009e-39,-5.3777742256542464e-39,5.8097519562958536e-39,-0.5615493059158325,-0.7648189663887024,-0.1895473301410675,0.2518734931945801,0.0021118209697306,-0.008776874281466,0.0071080303750932,-0.010606175288558,0.4061893224716186,0.894451916217804,0.1869918406009674,0.0,-2.164960301083663,-1.0541085427123988,-0.1936443639135458,0.5225902244339592,1.9318818859969346e-15,4.347428276961801e-16,-2.7979805741206407e-22,3.4984022947262194e-22,3.4946819827573256e-30,7.300169508763314e-31,0.9003671676323973,0.0995314619877118,0.0001013703798907,18.10099029541016,-1.186046900886345,-0.2518023301409593,-1.091284840275222,-0.8833217061870067,0.1974509451754484,0.1676615038310117
245.0,1350.0,0.5059873653041779,0.0223079672208979,0.4714080868090179,0.0002965806659061,1.185843795753246e-12,0.9996655968570876,0.0001721510302105,0.0001622521127018,0.0016185303862562,0.8883121579691183,0.1100693116446253,7.743828634576007e-06,1.082568586400648e-06,3.759125956084722e-06,0.1354664341383366,0.8644968788785444,2.4101459941762518e-05,0.5058181615389462,0.0198164385019002,0.4075308197245019,0.931659798512217,0.0004173896407085,clean_balanced_ED_EQ,-2.619604672919246e-31,1.3492200261786197e-30,-7.610354509686126e-33,-1.635199303295816e-32,1.468060207933387e-32,9.54356360667032e-33,-3.0461567294014043e-24,1.685185303458841e-24,5.026326659011136e-23,-6.422567123309577e-23,2.792170121092067e-23,6.673410634745319e-24,-1.9165977699885347e-39,8.476461005366941e-39,-9.068906774387792e-40,-3.1201900492190674e-39,2.823491287047041e-39,-5.3562830118706174e-39,1.073919791220162e-37,-8.056383109667415e-37,-1.642469872987328e-36,-1.2320349093578744e-36,-6.812039605821876e-39,-8.433507556972757e-39,5.3578946664286106e-30,-8.90126682127708e-30,1.4787839007424111e-30,1.142079446626488e-31,-6.836679322916938e-30,8.787056231503733e-30,1.9414681757516336e-30,-1.879567295167172e-30,9.800995935414485e-30,2.4732274383711903e-30,6.968799579362126e-30,8.012467304549086e-31,-3.820542991822028e-39,-4.6705781734466284e-39,-5.99400097677405e-39,-1.907272099024308e-39,-4.990201026051735e-39,5.8339273771813857e-39,-0.6020358800888062,-0.737415611743927,-0.1598289906978607,0.2605018019676208,0.001510034664534,-0.0080270273610949,0.0068374089896678,-0.0104770893231034,0.4099771678447723,0.8927220702171326,0.1869918406009674,0.0,-2.185768303353361,-0.9947694802720852,-0.1584934662202213,0.5109802878172307,1.9207984782431534e-15,3.9577341755117533e-16,-2.6814927869470467e-22,3.61037752484114e-22,3.5626596903763654e-30,6.760830192031766e-31,0.9062956987309172,0.0935630146582506,0.000141286610832,17.5211181640625,-1.1722622345327005,-0.227602879284722,-1.1069659366664948,-0.8303474540830628,0.1861358145941941,0.1456706312489956
245.0,1355.0,0.5075348758677898,0.0185863606282025,0.4736014329862339,0.0002773305177737,1.1391765410447808e-12,0.9996756712018467,0.0001488687896002,0.000175460008553,0.0018454956890957,0.914825612493461,0.0833288918174433,6.274271291229785e-06,8.823457939624364e-07,3.1058062023943504e-06,0.1362616525849501,0.8637072410453895,2.0843946372891623e-05,0.5073702676914786,0.0170032787457197,0.409052987039683,0.9331406677747298,0.0006355348110367,clean_balanced_ED_EQ,-2.385284926544388e-31,1.3380835427689994e-30,-7.580838555962436e-33,-1.4752452867786848e-32,1.5345454809692248e-32,9.421283234972646e-33,-2.8582939682500133e-24,1.7478247328758702e-24,4.3599797439698505e-23,-6.052471107662126e-23,2.1859137958999177e-23,5.3855236593531095e-24,-1.76841023989722e-39,7.566650588511922e-39,-8.731889404968405e-40,-2.7800971434122695e-39,2.6416042350563887e-39,-4.7865604558267456e-39,9.38813069090585e-38,-8.042726214321672e-37,-1.6735010365078855e-36,-1.1642200075511867e-36,-6.91729349438717e-39,-7.242141544305103e-39,4.7556952313168806e-30,-8.653693811089377e-30,1.7032836442146218e-30,-3.298879664193171e-31,-6.458977916775873e-30,8.983582448637635e-30,1.8133349845836043e-30,-1.9076774974392957e-30,9.451678394924464e-30,2.222935140554744e-30,6.336330828427774e-30,6.497469654350949e-31,-5.7138840550955734e-39,-4.687375949083853e-39,-5.8120554603456124e-39,-1.7413006048763487e-39,-4.611973262443284e-39,5.866019004523341e-39,-0.6395353674888611,-0.7093854546546936,-0.1306070387363433,0.2655585706233978,0.0010657164966687,-0.0072849597781896,0.0064943600445985,-0.0103856204077601,0.4137299060821533,0.8909891247749329,0.1869918406009674,0.0,-2.202490936109983,-0.9376450023443847,-0.1258460857433168,0.4959620825315635,1.908347725911542e-15,3.613866610830451e-16,-2.5619820769121734e-22,3.7112747735032283e-22,3.6221030182032795e-30,6.27537999397781e-31,0.91228741593538,0.0877295908226618,1.70067580418376e-05,17.026508331298828,-1.158296376949422,-0.2064794013302801,-1.1195713520125885,-0.7788625996994096,0.1747625973477557,0.1258926099581324
245.0,1360.0,0.5088128091600388,0.0153321087630095,0.4755952035712879,0.0002598785056637,1.0962690259572753e-12,0.9996836239622536,0.0001278974820567,0.0001884785556896,0.0023001079704836,0.9405919072048212,0.0571079848246951,5.01360954699221e-06,7.108771754874109e-07,2.550818272577336e-06,0.1391649688837434,0.8608062191087912,2.053670247025032e-05,0.508651832979522,0.0144212574228709,0.4093953090124762,0.9347154690472764,0.0009114741128183,clean_balanced_ED_EQ,-2.17719949041815e-31,1.327148392237527e-30,-7.470126230081911e-33,-1.3251482053455152e-32,1.6011016832381836e-32,9.201145167684144e-33,-2.813605600763678e-24,1.8314282220165e-24,3.7516944640624923e-23,-5.658064778640034e-23,1.613901945678243e-23,4.400068118309876e-24,-1.5242641944932578e-39,6.733941195560241e-39,-8.912574899326973e-40,-2.4422679182165675e-39,2.4155225174629004e-39,-4.2916667532449566e-39,8.252465728492481e-38,-8.091842748146487e-37,-1.700058007921353e-36,-1.0963899312430905e-36,-7.30688035509508e-39,-6.6513812089406e-39,4.181724831747842e-30,-8.383239410731263e-30,1.8945872995862623e-30,-7.719818958840035e-31,-6.0763125205283164e-30,9.155220917421055e-30,1.6852558851057175e-30,-1.9255044985055324e-30,9.123333457334024e-30,2.0003348694342697e-30,5.749271846725017e-30,5.3609128466068265e-31,-7.466462156334471e-39,-4.638435151126225e-39,-5.642756994596496e-39,-1.5896469970327127e-39,-4.2646597254256966e-39,5.8734213904136014e-39,-0.6746636033058167,-0.6804093718528748,-0.1016157865524292,0.2670502662658691,0.0005457163206301,-0.0065820915624499,0.006331845652312,-0.010202114470303,0.4174476861953735,0.8892533183097839,0.1869918406009674,0.0,-2.2161380121942558,-0.8816997267241842,-0.0957679020507828,0.4777313198612024,1.8954464192332847e-15,3.305646073971844e-16,-2.4379222038446872e-22,3.802666624375985e-22,3.6778875218217e-30,5.817340497489409e-31,0.9181715126664513,0.0817857881983703,4.2699135178514425e-05,16.595630645751953,-1.1446068502072384,-0.187773836413186,-1.128990546228619,-0.7281009598414583,0.162773637164537,0.1079303573460132
245.0,1365.0,0.5093958431559001,0.0125497163477639,0.4778106816507572,0.0002437588455786,1.057586304221928e-12,0.9996913742929592,0.0001084511027374,0.0002001746043032,0.0026467235219476,0.966065123691178,0.0312881527868743,4.306014544751886e-06,6.182677377406031e-07,2.246396913292563e-06,0.1447578597454239,0.8552168293010465,1.8140274333807992e-05,0.5092386305036425,0.0121238432757917,0.4086317361675323,0.9379948581648,0.0012438280775925,clean_balanced_ED_EQ,-1.994341913496658e-31,1.3164245045018084e-30,-7.296868976096091e-33,-1.1792856949425754e-32,1.6594924638012477e-32,8.92059709718781e-33,-2.6442885977785862e-24,1.8439045510222784e-24,3.200623446182526e-23,-5.2619522544464504e-23,1.04595730380632e-23,3.6672768310538415e-24,-1.4358354519802804e-39,6.205050291755034e-39,-8.972499067729065e-40,-2.2403697596099345e-39,2.3330854634207525e-39,-3.9646707253555047e-39,7.189532542832634e-38,-8.225981626231783e-37,-1.7229666494135716e-36,-1.0293772990262342e-36,-7.31719300760406e-39,-5.648254738510761e-39,3.654586687745872e-30,-8.103011191199486e-30,2.0429990486959075e-30,-1.2010556188713512e-30,-5.69758672381502e-30,9.304067007545485e-30,1.5577607894354044e-30,-1.940613380647696e-30,8.821942923481702e-30,1.8050272874283475e-30,5.1635102194941465e-30,4.432587036695395e-31,-9.128747858280823e-39,-4.5568665946543786e-39,-5.48968775440463e-39,-1.4527054781443808e-39,-3.935358958570228e-39,5.8773570415915814e-39,-0.7073706388473511,-0.6508612036705017,-0.0734857618808746,0.2654569149017334,0.0001339147856924,-0.0059035238809883,0.006131405942142,-0.0100073013454675,0.4211310446262359,0.8875148892402649,0.1869918406009674,0.0,-2.2268763469829684,-0.8275441642145178,-0.0684670730883547,0.4569159648592982,1.882392783457291e-15,3.033137435815778e-16,-2.3115033095220903e-22,3.884371450965354e-22,3.729636271960094e-30,5.407326759486513e-31,0.9240283966741072,0.076005271087405,3.36677615120351e-05,16.228805541992188,-1.131199150448311,-0.1713731300607053,-1.1358368388737556,-0.6785997034430775,0.1508236034330124,0.0917396316124911
245.0,1370.0,0.5089943710671143,0.0102379299769924,0.4805384849495738,0.0002292140063194,1.0229406796554733e-12,0.9996975196146078,9.075999308257264e-05,0.0002117203923096,0.0034017278963838,0.986947311189694,0.009650960913922,3.7288469856523537e-06,5.428091747996294e-07,1.932704296456794e-06,0.1536578761367227,0.8463184670465748,1.7452456245619747e-05,0.5088404102535915,0.010104297462941,0.4066885939394068,0.9440939080369743,0.0016271603280922,clean_balanced_ED_EQ,-1.8337248772498994e-31,1.3057371474750594e-30,-7.143773975501508e-33,-1.0334761204794431e-32,1.7150487931924432e-32,8.606039281615928e-33,-2.6217063576788564e-24,1.9548058689824827e-24,2.712538610670682e-23,-4.865237151484657e-23,4.5902220016773996e-24,3.04487848786093e-24,-1.3771789569690492e-39,5.74731753501444e-39,-8.168083145794302e-40,-2.1017475138596715e-39,2.1939904735190727e-39,-3.6455638226653116e-39,6.407639279513295e-38,-8.459044877043098e-37,-1.7419498255351363e-36,-9.640346221750538e-37,-7.50656720131891e-39,-5.03889153312798e-39,3.158560393670004e-30,-7.819220386798704e-30,2.1669301815490336e-30,-1.6045150531469097e-30,-5.3254905752190386e-30,9.423736642249529e-30,1.4553576301256942e-30,-1.9551291176049733e-30,8.556402612779689e-30,1.6427473157481493e-30,4.583708735224325e-30,3.7974188065720925e-31,-1.0717913908430615e-38,-4.434153207839338e-39,-5.3600212752814637e-39,-1.338755197868198e-39,-3.625942811269427e-39,5.8653661649484166e-39,-0.7374745011329651,-0.6209729313850403,-0.0466222614049911,0.2611834704875946,-0.0001062594310496,-0.0051621128804981,0.0058631869032979,-0.0100218905135989,0.4247803092002868,0.8857740759849548,0.1869918406009674,0.0,-2.2344690419652418,-0.7753063941467124,-0.0440148859164855,0.4342494132006134,1.8690439050409038e-15,2.791285753985078e-16,-2.184265677551447e-22,3.955724716635944e-22,3.776292223164717e-30,5.027802398964267e-31,0.9295026800347034,0.0705252557645891,2.7935799292500008e-05,15.918591499328612,-1.1179205932617158,-0.1569962841769522,-1.1399843495016329,-0.6308932470656365,0.1389435875149533,0.0774658735236373
245.0,1375.0,0.5071105935182321,0.0083686729417465,0.484305200351423,0.0002155331885983,9.927793871196918e-13,0.9997055676423042,7.216043012844912e-05,0.0002222719275674,0.0042015443743176,0.9916373658284212,0.0041610897972612,3.169103863313811e-06,4.712581270638523e-07,1.703332358951567e-06,0.1676003520892572,0.8323780404672343,1.626374915917641e-05,0.5069612837505699,0.0082986887914331,0.4031250136566088,0.9550287581085818,0.0020831622388532,clean_balanced_ED_EQ,-1.6885037071416327e-31,1.2950859716450396e-30,-6.966189353109477e-33,-8.636937969197221e-33,1.7640538790512398e-32,8.250163721713818e-33,-2.5471351007247862e-24,2.035915244861124e-24,2.2728407942725565e-23,-4.464253685511971e-23,-1.90786824239486e-24,2.6249778055140664e-24,-1.2177926128622075e-39,5.3098337369849045e-39,-8.76552189913241e-40,-1.9091345241893368e-39,2.094341753556626e-39,-3.400696841500856e-39,5.615281226312075e-38,-8.840820183415495e-37,-1.757397927860393e-36,-8.994394805726529e-37,-7.587687761882563e-39,-4.310296102687957e-39,2.687509989218593e-30,-7.526836996143794e-30,2.2627393341701875e-30,-1.998019890682423e-30,-4.9502493233887805e-30,9.524857496802277e-30,1.3505419948962671e-30,-1.967627020224181e-30,8.324910152955959e-30,1.4918320711369794e-30,3.9794724249423485e-30,3.349994617679413e-31,-1.2322226652743303e-38,-4.2876688394426135e-39,-5.2573322645788656e-39,-1.2271202198786456e-39,-3.3309427482796196e-39,5.84776755560125e-39,-0.7654978036880493,-0.5903483033180237,-0.0208886563777923,0.2545799016952514,-0.0003353411448188,-0.0044326246716082,0.0056106518022716,-0.0099778287112712,0.4283960461616516,0.8840309381484985,0.1869918406009674,0.0,-2.239645394792531,-0.7242034995673706,-0.02224363108647,0.4100340086973487,1.8558839342705697e-15,2.5713039504836696e-16,-2.0553411375995901e-22,4.0182415956449995e-22,3.820979210584995e-30,4.6727675444685e-31,0.9345177672968594,0.0653782987918711,0.0001039339112693,15.663792610168455,-1.1047694716689498,-0.144037337234103,-1.141744939691932,-0.584347152812021,0.1270285171846992,0.0646727574712695
245.0,1380.0,0.5025823622120928,0.0070841214955624,0.4901312023396215,0.000202313952723,9.68207231452323e-13,0.9997118017615008,5.44463493551855e-05,0.000233751889144,0.0048019475016257,0.950486328556164,0.0447117239422102,2.9317777496915542e-06,4.946840092192388e-07,1.4952952340208978e-06,0.1885948851178456,0.8113848719273978,1.5321197763488783e-05,0.5024375188606026,0.0067333606313629,0.3976850428379553,0.9752256330332244,0.0026361003365565,clean_balanced_ED_EQ,-1.5557172665989704e-31,1.2839799250459171e-30,-6.763635901313073e-33,-6.734814059917422e-33,1.8129228644024536e-32,7.903517686919232e-33,-2.473027063990458e-24,2.015742703990576e-24,1.881525948668501e-23,-4.075303359921889e-23,-9.455371513909478e-24,2.3184162010833294e-24,-1.0732664618419234e-39,5.151909698325802e-39,-9.111937502515152e-40,-1.960254007159337e-39,1.9844624766140188e-39,-3.1916646753524256e-39,4.860278572305685e-38,-9.425431300160786e-37,-1.7697969700476598e-36,-8.36695210207254e-37,-7.622931905065109e-39,-3.7754784365617066e-39,2.2221398051182022e-30,-7.244301033554124e-30,2.3600075591252288e-30,-2.3585876032215425e-30,-4.582148808336316e-30,9.602891731260419e-30,1.2605509483958763e-30,-1.9678554717113258e-30,8.118739709877113e-30,1.354473718125753e-30,3.3229755245525004e-30,2.9268070022281124e-31,-1.3989487086625147e-38,-4.132134985368088e-39,-5.170925760461615e-39,-1.1273312964939086e-39,-3.04525035380722e-39,5.8117246351304066e-39,-0.791260302066803,-0.5595099329948425,0.0031511634588241,0.2463598251342773,-0.000740849529393,-0.00385747035034,0.0055498392321169,-0.0097519606351852,0.4319784343242645,0.8822860717773438,0.1869918406009674,0.0,-2.242076511346856,-0.6747790823169629,-0.0029955967395518,0.3852478214191312,1.842489136531988e-15,2.369657879700833e-16,-1.9274880868922732e-22,4.0715124153736087e-22,3.8604048412211306e-30,4.338519116994725e-31,0.9391596596822704,0.0608289947230684,1.1345594661094084e-05,15.48221206665039,-1.091327027711526,-0.1322291935721844,-1.1414835473992382,-0.5396516282958761,0.1155409454709776,0.0533440747442918
245.0,1385.0,0.4934225095658427,0.0066090220711902,0.4997793912810505,0.0001890770819161,9.519952733049133e-13,0.9997179091936742,3.7194893317763664e-05,0.000244895913008,0.0056769012119632,0.8037043262859633,0.1906187725020735,2.681850704954509e-06,4.585224008476498e-07,1.3308134164048563e-06,0.2220600041269289,0.7779203468222523,1.51778642964296e-05,0.49328331961226,0.005311699631135,0.3887885573999689,0.9872806245593408,0.0033640136083789,mixed_higher_order,-1.4300466838680954e-31,1.271970912268652e-30,-6.476091931063883e-33,-4.36074148800878e-33,1.8571198678990267e-32,7.513424302406647e-33,-2.524037944195882e-24,2.197462970664549e-24,1.525663983433226e-23,-3.678062031035171e-23,-1.9281982213388868e-23,2.065254195056816e-24,-1.1033140385747404e-39,4.973856615280916e-39,-8.16857290463849e-40,-1.9418026630596182e-39,1.9201738656084825e-39,-3.032051899761527e-39,4.165470878477795e-38,-1.0357989677236828e-36,-1.7792935112752076e-36,-7.737591796604101e-37,-7.844686932046117e-39,-3.45124628324982e-39,1.7752815898042657e-30,-6.946523138020197e-30,2.4229222590828576e-30,-2.7191685289232688e-30,-4.1982051047177974e-30,9.665692504163914e-30,1.1692959867542194e-30,-1.967819897468854e-30,7.959180202055367e-30,1.2350005243431547e-30,2.5492889648004243e-30,2.688235326377158e-31,-1.5884190787296295e-38,-3.9453557578846536e-39,-5.1267637404710433e-39,-1.038777030455314e-39,-2.7714225900627427e-39,5.772742278580191e-39,-0.8155943155288696,-0.527284562587738,0.026251271367073,0.2363362908363342,-0.0007401462062261,-0.0030332065653055,0.0051898658275604,-0.009810646995902,0.4355280101299286,0.8805392384529114,0.1869918406009674,0.0,-2.2426616416976306,-0.6254419021920374,0.0143492799801362,0.3593609399080514,1.8291225055525832e-15,2.1776271074608699e-16,-1.7968593751190266e-22,4.118216280251568e-22,3.898303597735986e-30,4.0062097479579155e-31,0.943232845624822,0.0566671551164503,9.999925872750116e-05,15.40865993499756,-1.0772169298706995,-0.1211089407398966,-1.1393375997995,-0.4954623399628454,0.1039021027699535,0.0430987010717927
245.0,1390.0,0.4751126162458365,0.0077514469830495,0.5169600313660682,0.0001759054050457,9.510814144483373e-13,0.9997186584749048,2.4225383407657347e-05,0.0002571161416876,0.0044946286465064,0.5278033936261404,0.4677019777273531,2.4820332615173643e-06,4.851670002048568e-07,1.194977886323774e-06,0.2759947514672285,0.723988390158001,1.2696196622313268e-05,0.4749789473377899,0.0040912400231666,0.3742730608847494,0.9190509660685956,0.0044160062065922,mixed_higher_order,-1.3065751827274452e-31,1.2577209480888148e-30,-6.131530850165842e-33,-1.0723824600044584e-33,1.8960280027247942e-32,7.192708502013167e-33,-2.4334925101456062e-24,2.149168387956298e-24,1.2065158095414005e-23,-3.3049014422471065e-23,-3.3061149620958777e-23,1.9534174291731268e-24,-8.197235455236712e-40,4.9694268761392334e-39,-1.0033587527249236e-39,-1.987920650986714e-39,1.82308368577693e-39,-2.9815114797314434e-39,3.3323539033911524e-38,-1.1871249073737872e-36,-1.7866049650392502e-36,-7.12555758003324e-37,-7.52600506357061e-39,-2.870327941789525e-39,1.30519815020953e-30,-6.661851823954763e-30,2.5046186355260792e-30,-3.051678508022136e-30,-3.809816998079584e-30,9.713529057913048e-30,1.0820556343788371e-30,-1.9707121982366413e-30,7.887578117964675e-30,1.1148008802954702e-30,1.5599240718959461e-30,2.5467177397271166e-31,-1.8213137313725243e-38,-3.7341669290199967e-39,-5.1704412360835344e-39,-9.49562607590755e-40,-2.4897031091123585e-39,5.729422231566294e-39,-0.8379200100898743,-0.4944639503955841,0.0475017726421356,0.2258452922105789,-0.000960559293162,-0.0023881304077804,0.0049856193363666,-0.009587368927896,0.4390449225902557,0.8787909150123596,0.1869918406009674,0.0,-2.2405668245930994,-0.577094533196167,0.0298213207049441,0.3340665057702294,1.8150445339755e-15,1.9888112887091202e-16,-1.668186420285324e-22,4.156805809851091e-22,3.930106207519285e-30,3.670975062260895e-31,0.9466111673908216,0.0533792884609536,9.544148224627236e-06,15.55005168914795,-1.0613173353687644,-0.1102542573929782,-1.1358038013483684,-0.4529952364679919,0.0930248060576929,0.033960437595324
245.0,1395.0,0.4345024777863255,0.0130261726029484,0.5523106580340951,0.0001606915766309,9.90621259159247e-13,0.9996958838918504,3.218499156756906e-05,0.0002719311165821,0.0025485972897064,0.2265098784043286,0.7709415243059649,2.772480793375445e-06,6.071259824390815e-07,1.1155175001207258e-06,0.3744790255388276,0.6255060013691783,1.0477967718071515e-05,0.4343703385837997,0.0029505567723676,0.3454736312204865,0.7866994262484482,0.0063252806275779,mixed_higher_order,-1.1653463956071822e-31,1.237527362260315e-30,-5.5768096458789156e-33,4.317624482035944e-33,1.929859093392336e-32,6.916685637842649e-33,-2.468520761705846e-24,2.12591728170737e-24,9.103882860446091e-24,-2.933213237870619e-23,-5.661138983447407e-23,2.362397699704566e-24,-7.643934318628154e-40,5.624430165488017e-39,-9.73704626224572e-40,-2.471275709744247e-39,1.738086067115744e-39,-3.1531396460434485e-39,1.838886850138653e-38,-1.4749709549539635e-36,-1.7918844729420843e-36,-6.5084382667916484e-37,-7.31120736395862e-39,-2.725354563483561e-39,7.236032452104712e-31,-6.378066611629261e-30,2.653301081250135e-30,-3.364691111733312e-30,-3.3769051881238435e-30,9.742756430867717e-30,1.0058582718945163e-30,-1.9711244503370724e-30,7.942818615910317e-30,9.67232493950365e-31,3.557979839984612e-32,2.611046408581558e-31,-2.168141100370441e-38,-3.4354660529707174e-39,-5.338708938781965e-39,-8.357632403492758e-40,-2.2000484822352974e-39,5.687209651749966e-39,-0.8592084050178528,-0.4589427709579468,0.0675491839647293,0.2157330811023712,-0.0011922718258574,-0.0016202363185584,0.0047704325988888,-0.0093241920694708,0.4425297379493713,0.877041220664978,0.1869918406009674,0.0,-2.2357655245377366,-0.5267252136556466,0.0450320171402298,0.310065296648673,1.7989121189016002e-15,1.7726696920017716e-16,-1.5372553769013236e-22,4.1901116745952266e-22,3.952921138476868e-30,3.2602660951924405e-31,0.9488715969457155,0.051213352121152,8.494906686751236e-05,16.289209365844727,-1.0405342174983498,-0.0979843223549326,-1.131008770748694,-0.4108021959435607,0.0822667782353596,0.0255333332978107
245.0,1400.0,0.3350069813807248,0.0317889517489316,0.6330606766432274,0.0001433902271159,1.1867080033491472e-12,0.999514092239698,0.0001868169027415,0.0002990908575603,0.0009512439242573,0.0566106581395057,0.9424380979362368,3.1934828277370432e-06,7.309908467801867e-07,1.06843921846912e-06,0.5619837623882176,0.4380035912383919,7.653460497432934e-06,0.3348441988887166,0.001799593480072,0.27728284984154,0.5291862119079684,0.0113991156286146,EQ_dominated_with_ED,-9.58162579457647e-32,1.1992429698510652e-30,-4.4431470052574164e-33,1.5836099236117802e-32,1.9642435490145614e-32,6.875947420405342e-33,-2.6316206486262686e-24,2.1959167915918412e-24,6.183640637139488e-24,-2.5707612177671814e-23,-1.0780368961160782e-22,4.1344777047687014e-24,-7.156195085826692e-40,7.179839973286555e-39,-9.014967141364067e-40,-3.3323245849452425e-39,1.6171210558565142e-39,-3.847506152312316e-39,-1.807142180565412e-38,-2.1402298941942824e-36,-1.795834572566503e-36,-5.8761081862115494e-37,-7.28219932331465e-39,-3.058658781194216e-39,-1.4993065293381182e-31,-6.071139484437549e-30,2.9661509120189227e-30,-3.689395931716212e-30,-2.8162226628144835e-30,9.760536290237169e-30,9.249250159935934e-31,-1.9696278666282827e-30,8.367632808268801e-30,7.384576765949077e-31,-3.0476937161329146e-30,3.258322906144166e-31,-2.848343607668274e-38,-2.8649701847254924e-39,-5.900797127395756e-39,-6.504729667146574e-40,-1.8572776904754143e-39,5.6385945865537695e-39,-0.879879891872406,-0.4172585606575012,0.0860480442643165,0.2103138267993927,-0.0013471923302859,-0.0004672927898354,0.0043844650499522,-0.0088252397254109,0.4459827840328216,0.8752904534339905,0.1869918406009674,0.0,-2.2255311420369086,-0.469704370746211,0.0633008916789424,0.2918225643486092,1.7757148534288945e-15,1.454515566443219e-16,-1.4037489328691592e-22,4.2191680340360543e-22,3.9509289676267255e-30,2.6067383329010893e-31,0.9482953638530928,0.0517332800547039,2.8643907796777057e-05,19.45696830749512,-1.0047428154341995,-0.0802762235785739,-1.125420025348104,-0.3682460469854612,0.0718437122551423,0.0172810954029293
245.0,1405.0,0.0871459227959265,0.1004076585205457,0.8123059270467803,0.0001404916367474,3.378916433522716e-12,0.9955539077551612,0.0040027780098236,0.0004433142350152,0.0001539437527853,0.0043203757399555,0.9955256805072592,3.8711372002558255e-06,1.0870587971413472e-06,9.044336313283032e-07,0.88456074803185,0.1154302848005151,3.1045380061560663e-06,0.0867584639844142,0.0004337988119779,0.0937647045041563,0.107282145672326,0.0588368915080844,EQ_dominated,-3.716874031342136e-32,1.0400631445476965e-30,3.5349029866367357e-33,6.589633328354132e-32,2.028300909961773e-32,8.420407210937779e-33,-3.5098471009305645e-24,2.2414929730288192e-24,1.4173182929086327e-24,-2.2016474266214362e-23,-3.3370557777669244e-22,2.822414848191299e-23,4.761738782867033e-40,1.534044572549909e-38,-1.5018534949549725e-39,-7.993197779704294e-39,1.0256882351416492e-39,-7.34725278573011e-39,-3.840706052379345e-37,-5.1734847159979975e-36,-1.805661183213897e-36,-5.015118344191655e-37,-7.48597158486228e-39,-6.197961182431605e-39,-3.1390668958478223e-30,-5.506054405145864e-30,4.536713277132529e-30,-4.2110389590770194e-30,-1.3976534743836473e-30,9.717093364222885e-30,8.551370260674032e-31,-1.9829465183091418e-30,1.0990290437948965e-29,-2.675673190411636e-31,-1.605118638673945e-29,1.5293670018953071e-30,-5.65644090904092e-38,1.1028199273954856e-39,-8.85234582124061e-39,2.2529158703080093e-40,-1.062253857322968e-39,5.5603048389110176e-39,-0.9049974083900452,-0.3343222737312317,0.107644684612751,0.2397960275411605,-0.0020004361867904,0.0028095829766243,0.0037839866708964,-0.0064334892667829,0.4494042992591858,0.8735386729240417,0.1869918406009674,0.0,-2.1876355039122,-0.3618717395583322,0.117608957458386,0.3064293181024114,1.6998003941612684e-15,4.49563317585741e-17,-1.2360863628800833e-22,4.263821400939298e-22,3.7900630818829424e-30,4.3071230775915966e-32,0.9308035874069588,0.069145221289171,5.119130387021276e-05,54.94432830810547,-0.8682786986325042,-0.0310296789558693,-1.1235385942901293,-0.3120562742896519,0.0613093213222287,0.0039468091750346
245.0,1410.0,0.1397463197094414,0.1461251961708236,0.7139195636812227,0.0002089204385123,4.8861295447261844e-12,0.994558320288574,0.0052824361797866,0.0001592435316394,2.9936840930518727e-05,0.0017138735731201,0.9982561895859492,3.3484610961751496e-06,1.2298641035419266e-06,5.664824807661379e-07,0.9148987887999795,0.0850931014349762,2.96495736357564e-06,0.1389858649967321,0.0002504401120841,0.0607496298487402,0.1957451887000544,0.0146990490208337,EQ_dominated,-3.0284712920351846e-31,1.566302478470252e-30,1.5384355560648833e-33,-1.1625444416002187e-31,2.0180493645056035e-32,4.93034259028648e-34,1.218934440654487e-25,2.680389441790814e-24,9.59507596026445e-24,-1.789118524078763e-23,4.86446390281392e-22,5.860911435919965e-23,1.4788744395754108e-39,-1.6197001509025344e-38,-2.372343904120645e-39,9.567225295094643e-39,8.934690678697834e-40,6.629787547267273e-39,-6.754425019386731e-37,5.973481784392657e-36,-1.7482731356426818e-36,-5.520304526702361e-37,-7.044151755666794e-39,8.215619660225306e-39,6.637907757684763e-30,-4.856224995519065e-30,-1.5191398037205882e-30,-4.4131270393924696e-30,-5.1187805445291954e-30,9.269352034911533e-30,7.513062194077706e-31,-1.904810394134945e-30,1.7855484028743754e-31,1.5953820826200988e-30,3.0277905875875205e-29,3.8210341354612905e-30,4.348764921413084e-38,1.7425924357010573e-39,2.7125214271517967e-39,-1.099866699294868e-39,-2.949931564347544e-39,5.261013491181033e-39,-0.8611149191856384,-0.4889601767063141,0.1291667819023132,0.0527563989162445,0.0021618800237774,-0.0063164611347019,0.0056856740266084,-0.0149691700935363,0.4527949392795563,0.8717858791351318,0.1869918406009674,0.0,-2.2632722735402075,-0.5830226605871651,-0.0288791845562211,0.0964516276338234,1.884300275983818e-15,3.992306020114491e-16,-1.2609662198241093e-22,4.146737679061432e-22,4.4434270866188556e-30,8.645249345656662e-31,0.980645529855262,0.0197236981160357,0.0003692279712976,85.66917419433594,-1.302963609049672,-0.2519301309174574,-1.080128537866255,-0.3410587473685321,0.0496449480472148,0.0266246780828388
245.0,1415.0,0.4660683597465914,0.0698347807257031,0.4638832520386446,0.0002136074890607,1.0671485042453226e-12,0.998798475881044,0.0009822554684976,0.0002192686504583,0.0002941974197203,0.009947122893428,0.9897586796868516,1.62255732303426e-06,7.51595179553282e-07,4.377527491337678e-07,0.4159785414715925,0.5840100326874201,8.613935735564065e-06,0.4655083673712737,0.0006946551461141,0.2709124731862356,0.9953116154266836,0.0001718917657107,mixed_higher_order,-1.654699198858284e-31,1.3641333606126333e-30,-6.055732162757245e-33,-4.266489751877072e-32,2.0143066327233726e-32,2.964255299924873e-33,-1.2537025586886659e-24,2.432741055555772e-24,4.204394117452261e-24,-1.5348217685217373e-23,1.5856103900306674e-22,7.533532206585574e-24,-7.326954588357175e-40,-4.247860515551563e-39,-9.53296083740998e-40,2.7745856555410107e-39,1.685971628985427e-39,1.4732772009407272e-39,-3.4341396497492543e-38,1.5429410312452768e-36,-1.769671701038954e-36,-4.606927976781245e-37,-6.377644203734602e-39,2.940762131502708e-39,2.4593811840209597e-30,-5.2142977569071816e-30,7.799997188671932e-31,-4.387502665828657e-30,-3.2393765701733495e-30,9.601801334886324e-30,6.869633339016987e-31,-1.92089816211818e-30,4.363107201111378e-30,1.3019408917272418e-30,1.1559178675269817e-29,7.543393294650499e-31,2.6881374980387207e-39,-3.0422144616401725e-39,-1.8480564770361818e-39,-1.0669353284245534e-39,-1.946375669533901e-39,5.387881363444798e-39,-0.9063987731933594,-0.3878737688064575,0.1321686059236526,0.1016452759504318,0.0001677981344982,-0.0022715090308338,0.0041123814880847,-0.0117516024038195,0.4561547040939331,0.8700327277183533,0.1869918406009674,0.0,-2.234797608285497,-0.4379923353745071,0.0247663062715896,0.1475287828651477,1.8164190313414057e-15,2.3803613085294395e-16,-1.0902751958408799e-22,4.20756147340545e-22,4.2762377657290075e-30,4.898016964482698e-31,0.9720099844840432,0.0279553143554022,3.470116055448447e-05,19.69840240478516,-1.1307748846459214,-0.1371634438199184,-1.08563592991224,-0.2826200212827797,0.0424381624820211,0.0116252430317524
245.0,1420.0,0.5627374990997621,0.0360821717937738,0.400984107505601,0.000196221600863,8.192231870273237e-13,0.9992497688534976,0.0005127990731203,0.000237432073382,0.000751678116068,0.0153229242158016,0.9839253976681304,7.248441132995892e-07,4.303127104531462e-07,3.5021479383076174e-07,0.1535950717781987,0.8463923695640856,1.1053286098089429e-05,0.5623153159006327,0.0005528843839375,0.3393898889092057,0.7125597781329205,0.000371823246447,clean_balanced_ED_EQ,-1.4153352844690684e-31,1.325085819874711e-30,-6.145881394295362e-33,-2.955644811799355e-32,2.032141725123356e-32,3.0014055480197883e-33,-1.4223540838695787e-24,2.3822915415710844e-24,2.2738358914984657e-24,-1.2319143170115973e-23,1.0031483297373776e-22,3.7319688606907266e-24,-8.854787986485892e-40,-2.2004526081992853e-39,-6.837928112104861e-40,1.6948186890391948e-39,1.5692753729510592e-39,5.056255328391608e-40,5.824465810333368e-39,7.720427072195653e-37,-1.7669956545140613e-36,-4.030789083088143e-37,-6.095176414917571e-39,2.3969331985890163e-39,1.573437617606836e-30,-5.0045797476424726e-30,1.1080999076887212e-30,-4.5944602126096655e-30,-2.681536484545044e-30,9.599039960252136e-30,6.394145659243331e-31,-1.9222053724222608e-30,4.949405168639786e-30,1.1490347068872647e-30,8.119219470283443e-30,4.956444805113369e-31,-4.8708274906851903e-39,-3.166483316125385e-39,-2.5542589081409563e-39,-9.632094987788712e-40,-1.6148714360812057e-39,5.3325642853363554e-39,-0.9225313663482666,-0.3453816473484039,0.1433075368404388,0.0946148782968521,-0.0001492193405283,-0.0012260925723239,0.0037705155555158,-0.0110983587801456,0.4594841599464416,0.8682788610458374,0.1869918406009674,0.0,-2.2205893132805925,-0.3838202832583737,0.035192918393494,0.1326788468990479,1.796300467233962e-15,2.0574965151013391e-16,-9.64979670441302e-23,4.214609640627253e-22,4.2721918804701174e-30,4.200496364475199e-31,0.9703541297909044,0.029626415665569,1.945454352647591e-05,15.31225872039795,-1.0945394667883126,-0.1169086789968013,-1.0763739398691743,-0.2455374643996169,0.0339427651321209,0.0062650686454675
247.5,1332.5,0.4940819258144934,0.0460491720318808,0.4594709112801915,0.0003979908734343,1.4359313649197629e-12,0.9996241002043746,0.0002810277932377,9.487200238768256e-05,0.0007806852889237,0.7863871094480375,0.2128322052630387,1.6549480298583576e-05,1.9668822934232435e-06,7.936738279182048e-06,0.149451021396761,0.8504888223210932,3.370318127466118e-05,0.4938962005195575,0.0362124752866261,0.3907748742254895,0.9299488349482816,0.0004907625756851,clean_balanced_ED_EQ,-4.0365924688859325e-31,1.3989170248129294e-30,-6.831915103355133e-33,-2.3437203097169543e-32,1.0784942239089397e-32,9.213073417316091e-33,-3.6166470177042715e-24,8.877441618074565e-25,9.007087095906208e-23,-7.652941692660695e-23,5.909717932623806e-23,1.697971266107409e-23,-4.0278250963326295e-39,1.2646167276593064e-38,-3.459000552424188e-40,-4.5623900552558824e-39,4.3737296743216735e-39,-8.083769804067174e-39,2.0109798015134783e-37,-8.68861911781447e-37,-1.428532460215099e-36,-1.5765469402584832e-36,-3.689016711199999e-39,-1.287461345252733e-38,8.894546188030231e-30,-9.673133683283117e-30,-1.6689935599972968e-31,2.2299148420935163e-30,-8.727647908002238e-30,7.443218841189599e-30,2.712325694449012e-30,-1.6317050421337246e-30,1.14714604807084e-29,4.1073133678490415e-30,9.860059383910929e-30,1.993589844386615e-30,5.925054842286534e-39,-3.4208836750568546e-39,-6.832240433877137e-39,-2.959978011416331e-39,-7.086708735951755e-39,5.4302493541410115e-39,-0.3825792670249939,-0.8474337458610535,-0.3124556243419647,0.1938631236553192,0.0045764581300318,-0.0111014731228351,0.0083456877619028,-0.0107733886688947,0.3859404623508453,0.9033737182617188,0.1869918406009674,0.0,-2.04671051398679,-1.2806491666511697,-0.3530142693299927,0.5502774513250047,1.962225883577852e-15,5.966321839635675e-16,-3.222334079801914e-22,2.9809853151822525e-22,3.1792273068573616e-30,9.137797112470524e-31,0.864655035855991,0.1353971443039548,5.2180159945791615e-05,20.33073616027832,-1.2314038347050982,-0.3553231076012218,-0.9882346097754308,-1.0906285252099892,0.2247068168585543,0.2644674364146602
250.0,1332.5,0.4910321140192766,0.0516709788845586,0.4568832254432187,0.000413681652946,1.4833242786950326e-12,0.999625232046376,0.0002956016504139,7.916630321004985e-05,0.0007008254976012,0.7828515226605398,0.2164476518418588,1.8075156616297783e-05,2.1663133333892878e-06,8.562573730286594e-06,0.1524510152638251,0.847483786449161,3.6394243333913136e-05,0.4908480909187419,0.0404507044971373,0.3872011258637247,0.9304548773876788,0.000659066964494,clean_balanced_ED_EQ,-4.34609618280637e-31,1.4097789786665284e-30,-6.441673434946477e-33,-2.453736579374687e-32,9.70974470284571e-33,8.836289343233409e-33,-3.7447319852618106e-24,6.383615559996106e-25,1.0109139171301525e-22,-7.68116597496399e-23,6.385336468788677e-23,1.9482491126998578e-23,-4.493008507688897e-39,1.3320331997010782e-38,-2.057066974946802e-40,-4.8623358530633085e-39,4.698720138285092e-39,-8.458009132978855e-39,2.234633683580557e-37,-8.851264944419166e-37,-1.3557336781722324e-36,-1.671771277217247e-36,-2.6689705391710348e-39,-1.385021401359657e-38,9.9681974127471e-30,-9.629090573511297e-30,-7.453098413679619e-31,2.6194791966118382e-30,-9.222885419435662e-30,7.009611556228081e-30,2.9058178712597057e-30,-1.5197830000268112e-30,1.1727643612795153e-29,4.458563624109716e-30,1.0224514682643745e-29,2.3010186410533125e-30,7.47993189735019e-39,-2.9301964445300973e-39,-6.955910668864095e-39,-3.170981799935322e-39,-7.707428878859857e-39,5.2377744070241545e-39,-0.3201217949390411,-0.8590353727340698,-0.3602233827114105,0.1718340367078781,0.0052753561176359,-0.0114906821399927,0.0085683716461062,-0.0106387725099921,0.3752647042274475,0.907860279083252,0.1869918406009674,0.0,-1.995726777939895,-1.3443495586989076,-0.4140357628261857,0.5627580526531705,1.968860061457383e-15,6.380098133406439e-16,-3.3583335890339697e-22,2.7854635150888217e-22,3.045577684994664e-30,9.34538421666592e-31,0.840579600361566,0.1594744220965609,5.40224581269122e-05,20.59075736999512,-1.2409651248963447,-0.3825673296256169,-0.9378736428615768,-1.1565031119599456,0.225535542450515,0.2968260540311951
252.5,1332.5,0.4877634752881896,0.0578043668265264,0.4540022767585283,0.0004298811267557,1.5307296629788532e-12,0.9996257863731702,0.0003108347753951,6.33788514345652e-05,0.0006305481848739,0.7792604477358981,0.2201090040792279,1.973681837030384e-05,2.394400187048384e-06,9.231625840642858e-06,0.1557030714035882,0.8442265045340683,3.906121794545616e-05,0.4875809475490669,0.045044656774329,0.383280755158361,0.9307836682324072,0.0008767420357786,clean_balanced_ED_EQ,-4.675457175602333e-31,1.4185796796709482e-30,-5.969058693722263e-33,-2.565330699568658e-32,8.636119206652141e-33,8.177195279362359e-33,-3.8559640189405566e-24,3.4690012473338816e-25,1.1258312795721354e-22,-7.647800671438927e-23,6.879661404112988e-23,2.234390422908448e-23,-5.0157115944666366e-39,1.4004296191296262e-38,-4.868432948107117e-41,-5.180950259977591e-39,5.064400927520161e-39,-8.823346178692535e-39,2.4765268920061345e-37,-9.00829657748217e-37,-1.2781920088953654e-36,-1.7603159706074708e-36,-1.4661727960210191e-39,-1.4724676997299948e-38,1.1068058591665146e-29,-9.524600806178377e-30,-1.3919771044796331e-30,2.975187921093794e-30,-9.676082563157249e-30,6.54941198844147e-30,3.1077449491747447e-30,-1.3991301645878508e-30,1.1964399716511384e-29,4.8351454829768534e-30,1.0568848592578364e-29,2.6346007240763698e-30,9.08226896194256e-39,-2.3486941810354123e-39,-7.065582503139964e-39,-3.394349294070694e-39,-8.35974240762021e-39,5.0227373497180186e-39,-0.2587355375289917,-0.8653090596199036,-0.4040463268756866,0.1440057605504989,0.0059937960468232,-0.011814254336059,0.0088170124217867,-0.0105030890554189,0.364536702632904,0.9122208952903748,0.1869918406009674,0.0,-1.9412209197960744,-1.403066746337183,-0.4748515945972726,0.5672722607949162,1.972287349835416e-15,6.817045705952977e-16,-3.4716719594933883e-22,2.583874486665566e-22,2.8920919010506276e-30,9.478140374708172e-31,0.8158793492372662,0.1841791479212138,5.84971584800531e-05,20.870285034179688,-1.2487119867707184,-0.4115594987348222,-0.8842316267273254,-1.2177568341938791,0.2245558654256884,0.3305682616072481
255.0,1290.0,0.2874613966651161,0.4226057949500698,0.2891736883075079,0.000759120077306,3.284914589042179e-12,0.9977224757169892,0.0011606690003417,0.001116855282669,0.0059029723082611,0.1810088189450436,0.8130882087466952,0.0003314134572838,5.92125616256244e-05,0.0001121249178065,0.3671012176709244,0.6280570209424989,0.0043390104498606,0.2868066963537831,0.0764953758232434,0.1816175652133681,0.994078674126911,0.0618106452162029,MD_contaminated,-1.3645986383182525e-30,7.820453932903081e-31,4.117718389200391e-32,-3.4382683129032487e-32,4.337147223179058e-32,-2.97995687230944e-32,5.3907031762481224e-24,-4.364323264700745e-23,2.4337744049581562e-22,-8.076323116237701e-24,2.692109310095763e-22,4.403295371889332e-22,-5.610345414075767e-38,3.2148330568611747e-38,2.209198818980994e-38,-1.609253967402999e-38,3.401146279652899e-38,-1.605579480480215e-38,1.2765211963602273e-36,-8.283528352668569e-37,-2.856834392979992e-37,-1.969814503871165e-36,1.6384715363371443e-37,-2.290396799112806e-38,2.0839757090324638e-29,-5.8869543104626015e-30,-9.676664190643382e-30,7.039757719064344e-30,-1.116309100942437e-29,-1.1528046687730022e-30,7.311015883665056e-30,8.660182958535071e-30,8.843094296601385e-30,1.3326844128388052e-29,1.5259931719382542e-29,2.2407916726781202e-29,4.924914383823776e-38,6.35169500395256e-38,-4.2839874759521904e-39,-5.6473973903394137e-39,-1.882880181330641e-38,-1.0138954221787148e-38,0.6628550887107849,-0.674462080001831,0.0617922991514205,-0.3160995543003082,0.0274610761553049,-0.0283115711063146,-0.0141742695122957,0.0205891039222478,0.3171852529048919,0.9297459721565248,0.1869918406009674,0.0,-0.7429177975176132,-1.8438618218140972,-0.3197766596134747,-0.1824976244274528,8.574750882628436e-16,1.6353740591211993e-15,-2.8400151263428905e-22,7.240920522541633e-23,3.181720119920883e-31,6.361372673126026e-31,0.8958316217522941,0.1043620375798004,0.0001936593320945,73.8316421508789,-0.7110792663074302,-1.2407691508250542,-0.2108676833654671,-1.453952746129372,0.0244950898259799,0.7381517778277353
255.0,1295.0,0.3518354738399602,0.3111005542847398,0.3363072922876453,0.0007566795876546,2.8216671558274385e-12,0.9985682670646564,0.0009721611291664,0.0004595718061772,0.0028943699768259,0.2697470659304863,0.7273585640926876,0.000215056366442,3.465911751487219e-05,7.952721516976962e-05,0.3246594034071415,0.6736550552737823,0.0013562986199495,0.3513317394042413,0.0839184617276565,0.2265551075750097,0.9558652190956214,0.0375261854744476,mixed_higher_order,-1.2491555954213074e-30,1.0407318104039424e-30,2.920814506483298e-32,-4.1478777452322407e-32,2.24546848845096e-32,-2.6691061787463105e-32,-3.60140956646351e-24,-2.441208302244021e-23,2.369528364996909e-22,-2.4555325125575736e-23,2.583465161311662e-22,2.937335077732121e-22,-4.0368637116848974e-38,3.382925907733816e-38,1.3679252684058403e-38,-1.6123008767770792e-38,2.668936751067133e-38,-1.7706259383561583e-38,1.0617762273798851e-36,-9.831314247795758e-37,-3.95205423972369e-37,-2.0466078073470698e-36,8.613061094835322e-38,-3.645643480767546e-38,2.0268879468374705e-29,-6.376523265796627e-30,-8.743736413276455e-30,6.248429652903635e-30,-1.1525146254654957e-29,1.2809297298165063e-31,7.6682930937398e-30,4.408421862204317e-30,1.0768149055062359e-29,1.3096732674583952e-29,1.6874541426939586e-29,1.7430831714062725e-29,4.866295565906274e-38,4.303450759916965e-38,-5.228584169382419e-39,-6.708997802140785e-39,-1.8617221149268383e-38,-4.1286537187311845e-39,0.5000306367874146,-0.7875468730926514,-0.1285893321037292,-0.3349530398845672,0.0184047259390354,-0.0218356810510158,0.004152369685471,0.0110003957524895,0.3216401934623718,0.9282140731811525,0.1869918406009674,0.0,-1.0103457985249025,-1.87885682630703,-0.5204306872830871,-0.0760430233240163,1.238560960424945e-15,1.581591317911267e-15,-3.0932051591215784e-22,8.411656099568072e-23,7.599301956892075e-31,9.59614998215283e-31,0.8710762459478928,0.1288670061395118,5.674791259535628e-05,57.51042938232422,-0.9426377424310292,-1.1314165653839312,-0.2894594558607487,-1.4989925399314905,0.074187541847091,0.7158914974128483
255.0,1300.0,0.3945877952688611,0.2353552492456627,0.3693273718110811,0.0007295836743949,2.51052162397455e-12,0.998989384815801,0.000827567363072,0.000183047821127,0.0016259459781592,0.3615364408121059,0.6368376132097349,0.0001456495704603,2.168763760342089e-05,5.74433411316218e-05,0.2866308320599114,0.712598264832404,0.0005461225584892,0.3941890188514628,0.085089499138723,0.2631820443076885,0.9359827552685246,0.0239641712390956,mixed_higher_order,-1.1107460415365144e-30,1.2025631605959258e-30,1.910276750437804e-32,-4.307131319824865e-32,1.2383065299200195e-32,-1.837684801224284e-32,-5.730262785558403e-24,-1.4177004127162254e-23,2.245185082217505e-22,-3.978844538596407e-23,2.2714600390804297e-22,1.9996692081419917e-22,-2.922677911062061e-38,3.200692634125936e-38,8.429198371654074e-39,-1.444592218242657e-38,2.0797566409744805e-38,-1.7561008702463015e-38,8.705767879223147e-37,-1.0443357339863117e-36,-5.245046846430215e-37,-2.078602249469721e-36,4.838037625672957e-38,-3.4371436811003587e-38,1.93948707817696e-29,-7.052862656249015e-30,-7.78941022448789e-30,5.7394171940166716e-30,-1.1605464456390859e-29,1.3134454622323437e-30,6.904972695218209e-30,2.1040765987973007e-30,1.2134716536200625e-29,1.2051977439909548e-29,1.7038454560943838e-29,1.3495668094538578e-29,4.398889277628362e-38,2.858293540022637e-38,-6.185765037587844e-39,-6.778390434130658e-39,-1.6809890717648979e-38,-7.260448174670174e-40,0.3572824895381927,-0.8463515639305115,-0.2649036347866058,-0.2933062016963959,0.0149686513468623,-0.0181232094764709,0.0106757041066885,0.0029130761977285,0.3260534703731537,0.926673173904419,0.1869918406009674,0.0,-1.221814582753591,-1.8543416677288056,-0.6274069697610473,0.0545638331290674,1.4989472816350873e-15,1.458549427870913e-15,-3.28730160175953e-22,1.0240895183089373e-22,1.1667144426626002e-30,1.1077702648579274e-30,0.8445142583431035,0.1563249203478296,0.0008391786909329,46.356571197509766,-1.085026404494366,-1.0021833557228603,-0.3812124261710745,-1.5107377107686015,0.1197481132252694,0.6757154616850414
255.0,1305.0,0.4234864478388725,0.1822600159879696,0.3935669028074825,0.0006866333656754,2.2753834975046844e-12,0.9992256769638012,0.0007041014619195,7.022157427933737e-05,0.0010498027244631,0.4531792250027436,0.5457709722727934,0.0001025780384354,1.432772075628442e-05,4.2146052411568926e-05,0.2541125539906458,0.745460769082328,0.000267625115423,0.4231585325267929,0.0825964527944157,0.2933886860522157,0.929349462812624,0.0154649421203788,mixed_higher_order,-9.756574608212537e-31,1.3022495991758971e-30,1.1332013202003695e-32,-4.1681205630438097e-32,7.667835569500105e-33,-1.1281771133856819e-32,-5.839658736785995e-24,-8.573177680171005e-24,2.0909638562236352e-22,-5.222964870629247e-23,1.9234297523840952e-22,1.376362394860495e-22,-2.171936350771215e-38,2.891225429106921e-38,5.515437957866285e-39,-1.2338052704961758e-38,1.6203918499946418e-38,-1.65742112219073e-38,7.1221593030291895e-37,-1.0547239080741608e-36,-6.549302294553307e-37,-2.079080692601578e-36,2.894706848894942e-38,-2.9459961241266926e-38,1.8355056439484402e-29,-7.717873174844214e-30,-6.839633212493727e-30,5.3493132759618815e-30,-1.151542322699068e-29,2.3685602288358663e-30,6.0566204798220945e-30,7.7970263881373995e-31,1.2863623927384146e-29,1.0758357380363389e-29,1.6327312475389442e-29,1.0454955866711173e-29,3.779733793048153e-38,1.8415417353777794e-38,-6.815311064579756e-39,-6.420925534739412e-39,-1.5077149926527327e-38,1.3175247384070351e-39,0.2341361492872238,-0.8749964237213135,-0.3573239147663116,-0.2265370190143585,0.0132139381021261,-0.0160658154636621,0.0126629723235964,-0.0026388249825686,0.3304257690906524,0.9251231551170348,0.1869918406009674,0.0,-1.3899285745172427,-1.8022531192040403,-0.6741383653089539,0.1807125789625371,1.6754651767385118e-15,1.3158307804255926e-15,-3.427363488325573e-22,1.2375569546172528e-22,1.5235110113458277e-30,1.1597056932947426e-30,0.8208711965148168,0.1791667153131909,3.791182800783055e-05,38.4274787902832,-1.1704678376850628,-0.8769253445817362,-0.4723657439446927,-1.4995284290030997,0.1565891454400566,0.6268896144282465
255.0,1310.0,0.4430716676447608,0.1454991091546611,0.4107894673940276,0.0006397558065505,2.0935954575831137e-12,0.9993644682212012,0.0006103195909725,2.521218782640874e-05,0.0007575152779912,0.5347118133396516,0.4645306713823571,7.357470346295236e-05,9.691172485931245e-06,3.1538370096841874e-05,0.2278478431111396,0.7718848759741443,0.0001524766686703,0.4427900815196872,0.0778000924953927,0.3170821770909238,0.9271400032813292,0.0100911086289108,mixed_higher_order,-8.574170801071964e-31,1.3613876484907882e-30,5.640556844362418e-33,-3.935766378616644e-32,5.83138554232417e-33,-5.5945698511789176e-33,-5.560522254282989e-24,-5.195203853444749e-24,1.926381776602156e-22,-6.137989463486645e-23,1.6146231984448573e-22,9.71687234530676e-23,-1.6336964833760644e-38,2.5588275582251076e-38,3.433554767831164e-39,-1.0469487554634907e-38,1.2903404636151796e-38,-1.5118772812157067e-38,5.877461628676338e-37,-1.0400277250990072e-36,-7.756849283823586e-37,-2.05741103055141e-36,1.7623867557432511e-38,-2.538547527832081e-38,1.7216293252867878e-29,-8.270262041831167e-30,-5.884527342015136e-30,5.0088381348321145e-30,-1.133176792108932e-29,3.261423906999052e-30,5.319730937854712e-30,-5.571967466549883e-34,1.3171084804664696e-29,9.494463954407972e-30,1.5360107804082682e-29,8.188819987164979e-30,3.1701382294153557e-38,1.145500343185721e-38,-7.201286245314155e-39,-5.906366996555979e-39,-1.3543331744916922e-38,2.5660754162776202e-39,0.1306541115045547,-0.8871497511863708,-0.4138775169849396,-0.1546172350645065,0.0118893850594758,-0.0147798536345362,0.0127980802208185,-0.0062133888714015,0.3347571492195129,0.923564612865448,0.1869918406009674,0.0,-1.5219190534562652,-1.7403771552394556,-0.6819673399305867,0.2880571275619992,1.790976020752453e-15,1.179740131601199e-15,-3.518738060355708e-22,1.4573923986972906e-22,1.8204175037122497e-30,1.1569900391431622e-30,0.8044649794336353,0.1954034855032175,0.0001315350631472,32.88494873046875,-1.218951073621214,-0.7677089413118073,-0.5551970420423389,-1.472593416001457,0.1833200233209647,0.5753420632481625
255.0,1315.0,0.4569762033417227,0.118848016722776,0.4235844907657425,0.0005912891697587,1.946283166482685e-12,0.9994644389394828,0.0005224258873895,1.3135173127534709e-05,0.0006250196197485,0.6047105530149862,0.3946644273652651,5.550371894165096e-05,7.352996225672564e-06,2.3926861693974124e-05,0.206645233071214,0.7931655959798578,0.0001023873720668,0.4567314646816299,0.0718686499171642,0.3359726450660348,0.926928990324229,0.0065447185066004,mixed_higher_order,-7.561814364314651e-31,1.3958765330868797e-30,1.4524414582972085e-33,-3.6266462835730367e-32,5.6281009371311816e-33,-1.2027280136573665e-33,-5.1685662897104636e-24,-3.182065771395191e-24,1.762121111069581e-22,-6.776329579760333e-23,1.3530551624848889e-22,7.038854401645491e-23,-1.244814014161687e-38,2.2955345748832155e-38,2.12929575659378e-39,-9.262995039721367e-39,1.031885257573568e-38,-1.3692348617506246e-38,4.885466814344498e-37,-1.015242153003304e-36,-8.859862941036995e-37,-2.0217171481591418e-36,1.089718151071475e-38,-2.258768682137433e-38,1.605416929192999e-29,-8.690587479396222e-30,-4.9617695514696735e-30,4.6634776021251516e-30,-1.109240144137979e-29,4.0271078361676996e-30,4.7164177002495775e-30,-4.674139475673664e-31,1.3171193785763993e-29,8.311362039382769e-30,1.4303736730827176e-29,6.450870463063607e-30,2.6068287097450727e-38,6.58190844656833e-39,-7.363708437738906e-39,-5.3383775012631e-39,-1.2239011947122623e-38,3.326301679197949e-39,0.0416552051901817,-0.8902220726013184,-0.4449092447757721,-0.0851390585303306,0.0106037436053156,-0.0141444047912955,0.01201150752604,-0.0081150941550731,0.3390486240386963,0.921997845172882,0.1869918406009674,0.0,-1.6289362503965463,-1.6760997803657245,-0.666384292895579,0.3759806631821406,1.8670854489181725e-15,1.0570463944390005e-15,-3.572675191370692e-22,1.6760830555933078e-22,2.0741190242604773e-30,1.1289962278189688e-30,0.7945429982313704,0.2054030264405728,5.397532805673233e-05,28.89617729187012,-1.245079312282746,-0.6744907880577343,-0.6293320935741938,-1.436062266350277,0.2016154588968081,0.5242821386686629
255.0,1320.0,0.4673138253996091,0.0985243473497549,0.433615599147878,0.0005462281027579,1.8215265572841923e-12,0.9995289494667372,0.0004562709446035,1.4779588659246982e-05,0.0005471154904181,0.6650619196236788,0.3343909648859032,4.086304718665237e-05,5.067692047545639e-06,1.8386986593374407e-05,0.1892773807532773,0.810588097859395,7.02036615000455e-05,0.4670936969729535,0.0655247915780981,0.3514836437154404,0.9278895157383475,0.0041688788435411,clean_balanced_ED_EQ,-6.690967970442867e-31,1.4147274070274406e-30,-1.3812504241493827e-33,-3.3407964635668857e-32,5.660931996848465e-33,2.0416294944478864e-33,-4.7204503292142965e-24,-1.7662740027862e-24,1.6029302136426008e-22,-7.200508796068576e-23,1.133999687333959e-22,5.163428272072058e-23,-9.718255540963791e-39,1.994022186509638e-38,1.238806047820072e-39,-7.712881329102533e-39,8.479439055992916e-39,-1.222734895413708e-38,4.0975581207713774e-37,-9.857497230692656e-37,-9.863522946165571e-37,-1.976740405313371e-36,6.272318724761905e-39,-1.9579086457903103e-38,1.4898350884145966e-29,-8.994117363030394e-30,-4.069946086954317e-30,4.289260855302092e-30,-1.0828401343317865e-29,4.704855816953545e-30,4.2150391799958205e-30,-8.164122652750639e-31,1.3004567020171606e-29,7.273698621348563e-30,1.3276630039732178e-29,5.130771644248069e-30,2.0999689624549635e-38,3.13960438516788e-39,-7.41224182122468e-39,-4.7912302840166615e-39,-1.1155687934446421e-38,3.954704572559309e-39,-0.0367478430271148,-0.8874804377555847,-0.4585396349430084,-0.020658878609538,0.0094498489052057,-0.0133018624037504,0.0111648617312312,-0.0095328884199261,0.3433001935482025,0.9204232692718506,0.1869918406009674,0.0,-1.717513129303481,-1.6115323415912184,-0.6367733411978582,0.4472709090054451,1.916655116267521e-15,9.473224043594729e-16,-3.5973230667498385e-22,1.8886083719204336e-22,2.2902145515645104e-30,1.0857520981382642e-30,0.7892381705537291,0.2109009161781753,0.0001390867319044,25.90798568725586,-1.2571138166989857,-0.594553285739162,-0.695326175422225,-1.3934973876280703,0.2134245207818814,0.4751117211053996
255.0,1325.0,0.4751822323678464,0.0827278787570809,0.4415862073378701,0.0005036815372025,1.7147929178653769e-12,0.9995764239568452,0.0003980700525509,2.550599060380579e-05,0.0005348342301293,0.7150782159842799,0.2843869497855907,3.120434637024743e-05,3.793189263939879e-06,1.4291589398817253e-05,0.17534178367204,0.8245538205023673,5.510670055971276e-05,0.4749809565580826,0.0591569039537772,0.3641115943415912,0.9292986506196446,0.0025788177626587,clean_balanced_ED_EQ,-5.9462440520042265e-31,1.4236275034930898e-30,-3.3203188897523936e-33,-3.060883108393217e-32,6.329973935845794e-33,4.546306119092249e-33,-4.368563871196507e-24,-9.185809635887396e-25,1.4527203511692252e-22,-7.443212635070264e-23,9.543300552552381e-23,3.858646203726785e-23,-7.597392429800176e-39,1.762895898446147e-38,6.316758275705079e-40,-6.663016109035694e-39,6.965715033676613e-39,-1.0965949979247863e-38,3.4671863441524872e-37,-9.566166755509886e-37,-1.0769325129053496e-36,-1.9258519960560307e-36,3.3505778393387885e-39,-1.772451958101995e-38,1.3779346100779313e-29,-9.210030774315577e-30,-3.2385001959696305e-30,3.9118165040728e-30,-1.0540849761963308e-29,5.298215672844096e-30,3.8148290774926695e-30,-1.0422027339366848e-30,1.2710931378088644e-29,6.366964214648426e-30,1.2282492779524449e-29,4.107113308975176e-30,1.6510209455854796e-38,7.098218291484059e-40,-7.342508743532442e-39,-4.2881846658212674e-39,-1.0221715403534315e-38,4.3530803603052125e-39,-0.1064599528908729,-0.8810505867004395,-0.4591112434864044,0.03709302470088,0.0083499252796173,-0.0128341531381011,0.0102637270465493,-0.0100830132141709,0.3475123643875122,0.9188411831855774,0.1869918406009674,0.0,-1.792042978262557,-1.5482398704156812,-0.599062719711593,0.503462870852567,1.948097824809983e-15,8.506641311414872e-16,-3.5978009553673753e-22,2.0921901077169345e-22,2.478781878931109e-30,1.0335305826977542e-30,0.7878182946336629,0.2123660376254558,0.0001843322591188,23.65419006347656,-1.2602486916178508,-0.5263839219312418,-0.7534615833298858,-1.3473968673234118,0.2197857891807528,0.4289643524844087
255.0,1330.0,0.4814944776845049,0.0699803578400814,0.44806043266694,0.0004647318084736,1.6210766199753942e-12,0.9996121536363156,0.000347798963169,4.0047400515322565e-05,0.0005638702365654,0.7573590516689038,0.2420770780945308,2.40753275618126e-05,3.016234247649773e-06,1.1009000382409356e-05,0.1640307103878396,0.8358852089921477,4.598005782076528e-05,0.4813077318022008,0.0530002574492146,0.3745270884009172,0.930561934628309,0.0015265147607356,clean_balanced_ED_EQ,-5.309503630059697e-31,1.4257924625156181e-30,-4.861230839482898e-33,-2.796002883953397e-32,7.185718761429083e-33,6.411149152853955e-33,-4.123547293496693e-24,-2.2956901667895366e-25,1.3123605984657208e-22,-7.54070740802646e-23,8.038674023745644e-23,2.933411014869635e-23,-6.016516482909734e-39,1.5580412152703982e-38,1.8434113330684987e-40,-5.908763194138365e-39,5.83218208259313e-39,-9.671656843464179e-39,2.9615499741891197e-37,-9.287408075286403e-37,-1.1584367263561793e-36,-1.8709617244078364e-36,8.041107634689775e-40,-1.6301115136652922e-38,1.2706488986961568e-29,-9.325216323923933e-30,-2.466382027244305e-30,3.5031771091062984e-30,-1.0240104467904868e-29,5.8220385028712356e-30,3.4749808279454635e-30,-1.2077624240875912e-30,1.2371632117636443e-29,5.575949602390985e-30,1.1338055389471317e-29,3.3234512242930926e-30,1.2545256840059454e-38,-1.0027730269169064e-39,-7.239163682642363e-39,-3.827971024192128e-39,-9.425102652509855e-39,4.646415177256321e-39,-0.1692032665014267,-0.8719715476036072,-0.4503504335880279,0.0879399552941322,0.0072014117613434,-0.0123070245608687,0.009450557641685,-0.0103368321433663,0.3516857326030731,0.9172518849372864,0.1869918406009674,0.0,-1.8552579187470464,-1.4868590778822066,-0.556858668932487,0.5465567006365352,1.966554869817304e-15,7.660484771235981e-16,-3.5784902448692314e-22,2.2851740140808707e-22,2.643655073814478e-30,9.78833721323823e-31,0.7891674484098807,0.2107451119085577,8.743968156155191e-05,21.907018661499023,-1.2574202129590686,-0.4682502791070465,-0.804402510863869,-1.2991700578915524,0.2218275638311596,0.3860615969740223
255.0,1332.5,0.4841362399833316,0.0644984880019886,0.4509186765375139,0.0004465954771657,1.5784093996371357e-12,0.999625378118256,0.0003268085519921,4.781332975186835e-05,0.0005684804728074,0.7756642235654843,0.2237672959617082,2.153737855139441e-05,2.658573173523594e-06,9.934342047896012e-06,0.1591325108793097,0.8407916418673893,4.1716959528172905e-05,0.4839548719540885,0.0500291696172102,0.3791286543946465,0.9313879839960724,0.0011477297274165,clean_balanced_ED_EQ,-5.022356149768239e-31,1.4251699845487444e-30,-5.4086919349036446e-33,-2.6781412307656964e-32,7.583499771443722e-33,7.19068959786294e-33,-3.94309213241906e-24,3.1706108003258007e-27,1.2454503922227689e-22,-7.551828051440207e-23,7.392525987874896e-23,2.559509886610903e-23,-5.599236853275097e-39,1.4695004448700952e-38,1.26390847168188e-40,-5.523591432520727e-39,5.472848877865558e-39,-9.171431772219215e-39,2.7358242025217325e-37,-9.158282460126807e-37,-1.1968739167886406e-36,-1.842423688295469e-36,-6.566553037872514e-41,-1.5475629379637386e-38,1.2194369307824502e-29,-9.360550264681234e-30,-2.1058807654707296e-30,3.292424020815503e-30,-1.0088488901011019e-29,6.068125526551239e-30,3.3231749344044774e-30,-1.2693039527756511e-30,1.2179133548027217e-29,5.235016750093445e-30,1.088982100415714e-29,2.992552311644304e-30,1.0729467878988843e-38,-1.6697982896061823e-39,-7.159875697661473e-39,-3.628304150675036e-39,-9.057292964757848e-39,4.7853091807727134e-39,-0.1988412886857986,-0.8667013049125671,-0.4434206783771515,0.1111140251159668,0.0067180069163441,-0.012082353234291,0.0091001698747277,-0.0103480797260999,0.3537580370903015,0.9164547324180604,0.1869918406009674,0.0,-1.883828833139116,-1.456781261091473,-0.5345812909193693,0.564227669108802,1.9723082047316416e-15,7.273486246343366e-16,-3.562993198563691e-22,2.3788804123642707e-22,2.7184695302259235e-30,9.512900427744651e-31,0.7909001248999821,0.2091581204356915,5.824533567366785e-05,21.177488327026367,-1.2545131361987762,-0.442095457584868,-0.8279771451115059,-1.2745575654399386,0.2217379030248812,0.3656910041010873
255.0,1335.0,0.48658850548289,0.0595049754642886,0.4534774416315892,0.0004290774212321,1.5380428055193408e-12,0.9996346733792963,0.0003100859486378,5.524067206581016e-05,0.0005777373026527,0.7928329647427105,0.2065892979546367,1.9280327948690355e-05,2.40329614415773e-06,8.941933507887156e-06,0.1547537537587912,0.845178553633011,3.706705059712012e-05,0.4864107417485087,0.0471775061142942,0.3832694082233847,0.9319526386706536,0.0008499738319407,clean_balanced_ED_EQ,-4.756103831266582e-31,1.4236819523399565e-30,-5.7952878682482504e-33,-2.579374016527082e-32,7.958194292659411e-33,7.82138326732326e-33,-3.775638762791902e-24,2.3762374638200235e-25,1.1817033985785366e-22,-7.533996166697621e-23,6.792472609874993e-23,2.2448493335176728e-23,-4.998051493748177e-39,1.394325961503928e-38,-8.241613019695448e-41,-5.2288461838500335e-39,5.0804684974345915e-39,-8.714414988100351e-39,2.5369550202022042e-37,-9.033973390173632e-37,-1.2327935631669794e-36,-1.813547489525343e-36,-8.816143724938163e-40,-1.449550741445227e-38,1.1692987830701909e-29,-9.380342739659672e-30,-1.7580050511046242e-30,3.0824644001178068e-30,-9.934983682988389e-30,6.297877616828981e-30,3.1789993280841144e-30,-1.333750274824064e-30,1.1974313938522177e-29,4.901091872624495e-30,1.0461283440596948e-29,2.697373344646304e-30,9.028091220513188e-39,-2.2313599862609745e-39,-7.079677440815546e-39,-3.4217426965454165e-39,-8.726062985267424e-39,4.9126041015295835e-39,-0.2269178181886673,-0.8609169721603394,-0.4351924955844879,0.1325365751981735,0.0062475176528096,-0.0116751212626695,0.0087375817820429,-0.0104057788848876,0.3558207154273987,0.915655791759491,0.1869918406009674,0.0,-1.910009931882908,-1.4271868037399622,-0.5123583228519509,0.5792450594521228,1.9761337875767054e-15,6.91170800074404e-16,-3.543581180944088e-22,2.4685868421943714e-22,2.788994016929856e-30,9.236719920882868e-31,0.7928450690985518,0.2071430775479147,1.1853353533486375e-05,20.525575637817383,-1.2508564656323726,-0.4178744570569728,-0.8496346361372983,-1.2498870917383835,0.2208000615348131,0.3463237534887252
255.0,1340.0,0.4908175005623715,0.0506617699096473,0.4581235061233707,0.0003972234046103,1.46378042486166e-12,0.9996587093729622,0.0002696188422378,7.167178480002297e-05,0.0006995540126998,0.8238774425990432,0.175423003388257,1.529357897249717e-05,1.8832278277980377e-06,7.220299424336599e-06,0.147505226727922,0.8524343391788268,3.603698702653516e-05,0.4906499891498435,0.0417390894307014,0.3905202082045628,0.9333886945727476,0.0004448604853702,clean_balanced_ED_EQ,-4.273677875745974e-31,1.4187742681490516e-30,-6.496265458472522e-33,-2.3451353172265727e-32,8.909611220403507e-33,8.833601595187228e-33,-3.732058330496654e-24,5.701759554118091e-25,1.0610013322358456e-22,-7.435860539502879e-23,5.723475458263728e-23,1.7274642392847026e-23,-4.02207579300361e-39,1.2447547551502214e-38,-3.2228972882224374e-40,-4.5790176655898304e-39,4.3443694047536347e-39,-7.868529779290041e-39,2.1901963716435786e-37,-8.816133036157588e-37,-1.3003891670188254e-36,-1.754393085638107e-36,-2.4057448843364476e-39,-1.3993561328068366e-38,1.0741339204834161e-29,-9.360848802768689e-30,-1.1259099400114938e-30,2.63455328790512e-30,-9.615431098825219e-30,6.726296798665355e-30,2.9404229151693264e-30,-1.4192921189893476e-30,1.1580147415912112e-29,4.32323406406599e-30,9.655458571355722e-30,2.198054077764523e-30,5.905926191036923e-39,-3.0918301334816875e-39,-6.897249599303889e-39,-3.074808726027028e-39,-8.119509436706132e-39,5.0930232158146006e-39,-0.2804266810417175,-0.8481769561767578,-0.4151404798030853,0.171052485704422,0.0052058659493923,-0.0111966114491224,0.0082404566928744,-0.010248789563775,0.3599176704883575,0.914053201675415,0.1869918406009674,0.0,-1.957838113888735,-1.369059214497919,-0.4670820849682441,0.6028560638999362,1.9793489212871373e-15,6.2483128999645e-16,-3.494975679423617e-22,2.642345352473374e-22,2.9195899224629113e-30,8.679589916468415e-31,0.7981957375775685,0.201773513650827,3.074877160447187e-05,19.41730117797852,-1.241893255943324,-0.3740871152736139,-0.8895454200315139,-1.2001117618059494,0.2171108354141322,0.3097891419472909
255.0,1345.0,0.4942650891514076,0.0431579995694978,0.4622082334256527,0.0003686778534417,1.3971012404233628e-12,0.9996753419394429,0.0002365884927157,8.806956784141804e-05,0.000761849127982,0.8508925795814668,0.148345571290551,1.2407043052012432e-05,1.5511835076467567e-06,5.859834929278085e-06,0.1419956766018001,0.8579535312058544,3.09741308565524e-05,0.4941046220061625,0.0367228215832658,0.3965531860199585,0.9351423832486478,0.0002383252500035,clean_balanced_ED_EQ,-3.8540015150377238e-31,1.41189408257442e-30,-6.971259335790474e-33,-2.140872511836425e-32,9.817648131652764e-33,9.608233029242346e-33,-3.4762627488234254e-24,8.521434030623078e-25,9.495007053147362e-23,-7.274824809473686e-23,4.804393146840112e-23,1.3646344647269636e-23,-3.4669962899616266e-39,1.1166012192596523e-38,-3.87718061385495e-40,-4.115883984215027e-39,3.854716759360447e-39,-7.050134093513086e-39,1.8979727613714835e-37,-8.638437219442768e-37,-1.3625370932701077e-36,-1.6940859633792743e-36,-3.534863851613884e-39,-1.257537633820648e-38,9.838114672529913e-30,-9.298302444739513e-30,-5.420816181788758e-31,2.1818821291906705e-30,-9.29603361280983e-30,7.116421060160567e-30,2.7257858122635167e-30,-1.5017714630233312e-30,1.1190108417596128e-29,3.8129213524792615e-30,8.918651731580784e-30,1.807063759981941e-30,3.140565079635807e-39,-3.679210055467853e-39,-6.720249983897701e-39,-2.7476844717619058e-39,-7.562645106563175e-39,5.2458163694482054e-39,-0.3302851617336273,-0.8341041207313538,-0.3913117349147796,0.2040541023015976,0.0043584881350398,-0.0105700781568884,0.0077032758854329,-0.0101230693981051,0.3639768958091736,0.9124443531036376,0.1869918406009674,0.0,-1.999855852417287,-1.3127226381998789,-0.4217139881477563,0.6185578099367824,1.977663868911449e-15,5.663247509816724e-16,-3.4350501726907614e-22,2.807096899843634e-22,3.0369241859308033e-30,8.150412438292509e-31,0.8049486952534991,0.1949247675415315,0.0001265372049693,18.52459526062012,-1.231276519488917,-0.3360975607241089,-0.925141466651886,-1.1502579860292887,0.2116193206039418,0.2762027944782975
255.0,1350.0,0.4973029667921004,0.0367503095505973,0.4656045991831445,0.0003421244741577,1.3367043550176839e-12,0.999683743082329,0.0002109924546468,0.0001052644630242,0.0009538776957411,0.8739495873315077,0.125096534972751,1.047955121418748e-05,1.4663996563586938e-06,4.794709733807095e-06,0.1379868717742936,0.8619652411435166,3.114642158536278e-05,0.4971456912886741,0.0321179178660497,0.4013349806124295,0.936259443989588,0.0001769102922973,clean_balanced_ED_EQ,-3.484781469258405e-31,1.4040617809339e-30,-7.168927155190738e-33,-1.9756436382024178e-32,1.0818344966504164e-32,1.0165301953603411e-32,-3.4782053602821984e-24,1.0794328967401343e-24,8.472808918373845e-23,-7.051870095399045e-23,4.027831664104514e-23,1.0818884999528673e-23,-2.8072825233664734e-39,1.0291147093798685e-38,-6.2016117019829156e-40,-3.9418001221730656e-39,3.4274336324892726e-39,-6.349360465528752e-39,1.6492976684964908e-37,-8.496700998254835e-37,-1.4186538225965404e-36,-1.6331244486171423e-36,-4.6231100873316665e-39,-1.2154139986352562e-38,8.988111095755717e-30,-9.196864743634425e-30,-1.8904606167727046e-32,1.7290884589771766e-30,-8.969208378952774e-30,7.467776284657246e-30,2.5440393190285564e-30,-1.550279353579062e-30,1.0787520200546109e-29,3.372780652647092e-30,8.211779418723204e-30,1.4817551158036124e-30,6.402406192342213e-40,-4.085039540626543e-39,-6.517997992608459e-39,-2.4680084663607243e-39,-7.0625891909485e-39,5.3400525934544344e-39,-0.376967191696167,-0.8188194036483765,-0.3651701509952545,0.2316692918539047,0.003517092205584,-0.0099627785384655,0.0073486128821969,-0.0099065573886036,0.3679990172386169,0.9108297228813172,0.1869918406009674,0.0,-2.036916817468426,-1.2577524990234588,-0.3778630570652462,0.62753118712863,1.973108392874923e-15,5.143445079499565e-16,-3.365038664945413e-22,2.9613840573670576e-22,3.1455399793981986e-30,7.634093213406322e-31,0.8126811063001665,0.1871720419565727,0.0001468517432606,17.790306091308594,-1.2199111848356423,-0.3027732788388209,-0.956121925499816,-1.100667454964256,0.2043739768566478,0.2455549563972148
255.0,1355.0,0.4995286788776242,0.0312048369084316,0.4689478016848541,0.00031868252909,1.2817355918154029e-12,0.99969512940298,0.0001839769312047,0.0001208936658153,0.001059990678275,0.8969856549974261,0.1019543543242989,8.357826224965547e-06,1.1738223294089902e-06,3.8789008360036205e-06,0.1356266777656657,0.864332682913443,2.7228771500878717e-05,0.4993763872710662,0.0279902910733973,0.4053269115766311,0.9387805375629656,0.0002264004760882,clean_balanced_ED_EQ,-3.158182939869929e-31,1.3950113798595132e-30,-7.351000170218277e-33,-1.7957093481791674e-32,1.1645367261149383e-32,1.0572835912191663e-32,-3.2663233831958403e-24,1.228742575347381e-24,7.538553283367704e-23,-6.799165559673473e-23,3.3147042386298254e-23,8.524661280045518e-24,-2.48119484183181e-39,9.135255213715261e-39,-6.364042801686358e-40,-3.4900194120371574e-39,3.1175956266378594e-39,-5.6452276884765337e-39,1.4461095629574565e-37,-8.403301300190451e-37,-1.4701877435239584e-36,-1.5722785547102362e-36,-5.2553470075214285e-39,-1.0878843603289643e-38,8.202185871229558e-30,-9.073884957015005e-30,4.415136794101257e-31,1.2865900388312394e-30,-8.643698975386304e-30,7.787292425419126e-30,2.383643676950681e-30,-1.603962505117764e-30,1.0409068758003949e-29,3.0067404956103932e-30,7.542245991178007e-30,1.2173201362355229e-30,-1.6307502507759325e-39,-4.346018735300874e-39,-6.32677990667619e-39,-2.235340072061245e-39,-6.593180354882554e-39,5.445389360717369e-39,-0.4208149909973144,-0.802307665348053,-0.3376843631267547,0.2548999786376953,0.0028267111629247,-0.0093101318925619,0.0069758500903844,-0.0097520388662815,0.371984452009201,0.909209370613098,0.1869918406009674,0.0,-2.0691424946134647,-1.2042766318627531,-0.3352711325123222,0.6311269263185567,1.9655357073367247e-15,4.679257212387556e-16,-3.287490387946839e-22,3.1057639759107605e-22,3.2416873877230686e-30,7.147985664468329e-31,0.8208775153761687,0.1791484929563525,2.600833252119905e-05,17.17922592163086,-1.207575293655217,-0.273384414356132,-0.9835548612292112,-1.0518535625831047,0.1963230904979771,0.217672604893224
255.0,1360.0,0.5014292844968081,0.0263258776929731,0.4719473162069387,0.00029752160328,1.2311510154601256e-12,0.9997035631943382,0.0001600429766653,0.0001363938289964,0.0012946477875025,0.9182943713851291,0.0804109808273682,6.578623655244417e-06,9.27995448944458e-07,3.115037559652077e-06,0.1348694818517622,0.8650928063973653,2.709009420872986e-05,0.5012806424014465,0.0241749053072306,0.4082782282491653,0.9412041354556008,0.0003602944325184,clean_balanced_ED_EQ,-2.8653229482527743e-31,1.3855426286033868e-30,-7.39049162791327e-33,-1.630503991719112e-32,1.2500293362561362e-32,1.0810215926189506e-32,-3.2230287531141328e-24,1.3582251815423516e-24,6.671294269334998e-23,-6.500797534627953e-23,2.6720215545333536e-23,6.768035129648257e-24,-2.084524855816884e-39,8.084637638511075e-39,-6.964564822196966e-40,-3.0574367532637345e-39,2.780988312226688e-39,-5.0272071337318e-39,1.2737531344046936e-37,-8.356488832817775e-37,-1.5172580140597033e-36,-1.5103502279187573e-36,-6.021974804881097e-39,-1.0356550420881781e-38,7.448963139709927e-30,-8.91380452679145e-30,8.583133449388925e-31,8.312825421110652e-31,-8.307274149483554e-30,8.082520719799198e-30,2.230626143545448e-30,-1.645269877281283e-30,1.0045271493481572e-29,2.6781928697728493e-30,6.93118149670079e-30,1.0085380292079545e-30,-3.698819247590162e-39,-4.485518915292388e-39,-6.142676267451205e-39,-2.0204720267026107e-39,-6.167640713964884e-39,5.518290922203575e-39,-0.462600827217102,-0.7844803929328918,-0.3086871206760406,0.2739346623420715,0.0020786472596228,-0.008721456862986,0.0067736217752099,-0.009442675858736,0.375933438539505,0.9075835347175598,0.1869918406009674,0.0,-2.0979511664020984,-1.1513639021804318,-0.2940679103437138,0.6298362863251918,1.9562586393613163e-15,4.25898838159032e-16,-3.2015452534042825e-22,3.242441481163852e-22,3.3317315943926986e-30,6.667139176913181e-31,0.8294893968223345,0.170462983783056,4.761939460951048e-05,16.662216186523438,-1.1949692990094378,-0.2471214442792427,-1.00759500327724,-1.0030076155456693,0.1870177349641418,0.1919226582406854
255.0,1365.0,0.5027253121679184,0.0220892260377457,0.4749072895103643,0.0002781722839714,1.1852088448512176e-12,0.999710735719391,0.0001385846763565,0.0001506796042525,0.0014440552285081,0.9394182938004558,0.0591376509710361,5.525743858157391e-06,7.859719564215202e-07,2.674631608095056e-06,0.1359554118413886,0.8640113947951099,2.420701607877877e-05,0.5025798916921502,0.0207510230357517,0.410325309608215,0.9446655619197024,0.0005640668950079,clean_balanced_ED_EQ,-2.605307037571014e-31,1.3757969492441644e-30,-7.334040042539155e-33,-1.4765248120828594e-32,1.3278362649026314e-32,1.091819989416818e-32,-3.02296795002419e-24,1.430385752112074e-24,5.876233693162477e-23,-6.182934245147167e-23,2.0702358552377888e-23,5.425754977839279e-24,-1.8988824321036767e-39,7.37400518483923e-39,-7.333275834057967e-40,-2.7765887879162077e-39,2.6322169182241377e-39,-4.5974319637982574e-39,1.11720694113175e-37,-8.37143654173047e-37,-1.5605139281994246e-36,-1.448391540809547e-36,-6.442165657427073e-39,-9.246663149479011e-39,6.752179543337648e-30,-8.73081627248112e-30,1.2183119409744284e-30,3.7740327830464845e-31,-7.970491484312076e-30,8.353414573973652e-30,2.082082638576032e-30,-1.6841907731321662e-30,9.70183150184148e-30,2.3900870064346252e-30,6.333506828275733e-30,8.340207469524905e-31,-5.612572297531475e-39,-4.5509533602433963e-39,-5.968040875621288e-39,-1.8275183988145487e-39,-5.772696165084361e-39,5.5859970304481274e-39,-0.5022215843200684,-0.7656275629997253,-0.2790787816047668,0.2890554964542389,0.0014523431891575,-0.0081163803115487,0.0065546217374503,-0.0091512380167841,0.3798464834690094,0.90595281124115,0.1869918406009674,0.0,-2.1234037052304577,-1.0996743096998067,-0.2548071391205682,0.6242428625433694,1.945765148737156e-15,3.883563746190149e-16,-3.1093644705657313e-22,3.3704357103995163e-22,3.414959730879705e-30,6.2220603583093945e-31,0.8384800699119587,0.1615647545957685,4.4824507727136975e-05,16.23125457763672,-1.1822176925849217,-0.2238731577450128,-1.02874260963077,-0.9548278080278236,0.1772217567832282,0.1684307833596027
255.0,1370.0,0.503357282112474,0.0184465276696236,0.4779353091280528,0.0002608810898496,1.1432630815037888e-12,0.9997149999376834,0.000120082100201,0.0001649179621154,0.001818315180354,0.9600199430009873,0.0381617418186588,4.680663712274224e-06,6.830913427697902e-07,2.2406309312282727e-06,0.1390130058935803,0.860955708462221,2.3681258212513e-05,0.5032138252557045,0.0177090344419582,0.4114811326694533,0.9494951719428176,0.0008216550339719,clean_balanced_ED_EQ,-2.3749998237360566e-31,1.3657163209151028e-30,-7.273736362408906e-33,-1.3338170089870243e-32,1.4049337768030535e-32,1.0936668372654599e-32,-3.01333096921176e-24,1.5592814632982952e-24,5.158037365876569e-23,-5.845707183742198e-23,1.4930140988505458e-23,4.322964877316178e-24,-1.75121408416887e-39,6.757876789823845e-39,-6.7346521313513315e-40,-2.5804798298207088e-39,2.4246852029317137e-39,-4.177394887136439e-39,9.959891090621908e-38,-8.448611496381927e-37,-1.5994527308711384e-36,-1.3870615059585131e-36,-6.988639513678922e-39,-8.628152319413886e-39,6.0974987364239294e-30,-8.530139486043828e-30,1.5353958033337825e-30,-6.189435510334334e-32,-7.632896944365544e-30,8.592033290091212e-30,1.9663007252062294e-30,-1.7182005029734866e-30,9.38683472893108e-30,2.1484752172100893e-30,5.7591607960977326e-30,7.019675458243189e-31,-7.381975772660253e-39,-4.537809866272693e-39,-5.808763220702381e-39,-1.6656102791557678e-39,-5.405921689792594e-39,5.6297000421452094e-39,-0.5394755601882935,-0.7458643913269043,-0.2494056522846222,0.3004897534847259,0.0009408972109667,-0.0074275233782827,0.0063816802576184,-0.009077844209969,0.3837239146232605,0.9043173789978028,0.1869918406009674,0.0,-2.145208159348144,-1.0492405210124929,-0.2177828926488052,0.6149943933169028,1.9340477385985144e-15,3.5478539363519144e-16,-3.012121039389227e-22,3.4885850904355053e-22,3.490309533113998e-30,5.795366770963728e-31,0.8474036236810231,0.1526204044392401,2.4028120263253072e-05,15.869091033935549,-1.1692723934958602,-0.2033381080626869,-1.0467299656008184,-0.9077347610187962,0.1669442829571464,0.1473055051247342
255.0,1375.0,0.5032360776452598,0.0152777160400212,0.4812412317662006,0.0002449745485183,1.1051957746717765e-12,0.9997210961605252,0.000100835088942,0.0001780687505326,0.0022219569369315,0.9793086488183466,0.0184693942447219,3.847215203378168e-06,5.655536991493756e-07,1.918287654914384e-06,0.1448041881779432,0.8551669801567914,2.250060870792497e-05,0.5030957231710423,0.0149615994521836,0.4115416108964363,0.95629318553237,0.0011358492120601,clean_balanced_ED_EQ,-2.1666239231769264e-31,1.3555391010373923e-30,-7.181990946789429e-33,-1.1768116566860776e-32,1.4753150835757406e-32,1.0862598451008144e-32,-2.939939217321509e-24,1.6687148031157093e-24,4.498609808503277e-23,-5.489061447036248e-23,9.09097553693483e-24,3.5135420715328824e-24,-1.522204970537317e-39,6.126686541992428e-39,-7.606533309480398e-40,-2.29782311081288e-39,2.282852376166448e-39,-3.828860607093499e-39,8.811174181699292e-38,-8.615401188129412e-37,-1.634746478111238e-36,-1.3255005605354348e-36,-7.436457828564544e-39,-7.825680268626813e-39,5.4775398746832996e-30,-8.311238556212521e-30,1.8109079045503853e-30,-5.0049506547759805e-31,-7.288447779233683e-30,8.81173448582287e-30,1.850238957531552e-30,-1.7528148012852012e-30,9.098801418871477e-30,1.9267073862591294e-30,5.1889443416299744e-30,5.974438978797048e-31,-9.08163110549694e-39,-4.4785955070833955e-39,-5.668895052405086e-39,-1.5103781815648448e-39,-5.06042481456e-39,5.66783304972812e-39,-0.5749829411506653,-0.7249603271484375,-0.2196438014507293,0.3087152242660522,0.0004545190313365,-0.0067366631701588,0.0062207314185798,-0.0089630093425512,0.3875662982463836,0.9026772975921632,0.1869918406009674,0.0,-2.164351924324983,-0.9994102280574972,-0.1828927254586755,0.6026024819165996,1.9218619067924258e-15,3.2425161748462993e-16,-2.9095169446396865e-22,3.5987607698682722e-22,3.5619773398519575e-30,5.388359945421074e-31,0.8562184477716571,0.1436675222452231,0.0001140299831197,15.563578605651855,-1.1563388448856875,-0.1848232487510512,-1.062060839763881,-0.8611501889004016,0.1561890039124758,0.1280061066469567
255.0,1380.0,0.5018987995182651,0.0126355851901708,0.4852355181238897,0.0002300971676742,1.071166967521451e-12,0.9997253996889792,8.267829196357187e-05,0.0001919220190571,0.0025963462296141,0.9932171745542124,0.0041864792161731,3.3985689433001157e-06,5.597988274151583e-07,1.6308453950302392e-06,0.1538716002745077,0.8461011753520796,2.1635160247009346e-05,0.5017609779518164,0.0125498802214205,0.4105583422071985,0.9667995193246742,0.001506473016711,clean_balanced_ED_EQ,-1.97830909992201e-31,1.3450149615479418e-30,-7.04412125174174e-33,-1.0160144615973088e-32,1.5457357216274803e-32,1.0764676417765702e-32,-2.8385383943133327e-24,1.674292173609656e-24,3.902012787800027e-23,-5.1303719966799493e-23,3.036547866114314e-24,2.8794932273059694e-24,-1.3263557544620791e-39,5.7795657349316824e-39,-8.049228225355984e-40,-2.2680263493045472e-39,2.1312687436686678e-39,-3.5115384727214136e-39,7.780007683252851e-38,-8.887900178671112e-37,-1.666467131850179e-36,-1.2648690951406058e-36,-7.738207698606712e-39,-7.214015919749394e-39,4.881929288077558e-30,-8.09330222001105e-30,2.065224672260174e-30,-9.113109062485526e-31,-6.947152103646882e-30,9.004613951455536e-30,1.7477482783090823e-30,-1.7696846681255377e-30,8.826549872001211e-30,1.7287561875856682e-30,4.6095593416809295e-30,5.035438424717388e-31,-1.072630524327106e-38,-4.3924438202749985e-39,-5.5344318607518715e-39,-1.3735278799627189e-39,-4.72739173433654e-39,5.6845274184921876e-39,-0.6083887219429016,-0.7033268809318542,-0.1906266510486602,0.3141456544399261,-0.0001201008853968,-0.0062453295104205,0.006174050271511,-0.0086311362683773,0.3913738429546356,0.9010330438613892,0.1869918406009674,0.0,-2.1802944571855893,-0.9507663357809611,-0.1503988731729507,0.5878868026883414,1.908947193029072e-15,2.965657950122952e-16,-2.8040590853907822e-22,3.699406541579904e-22,3.626221622900991e-30,5.002577749297338e-31,0.8648445569935644,0.1351386277035556,1.6815302879891192e-05,15.315302848815918,-1.143204151078262,-0.1681476593051362,-1.074837874333885,-0.8158151958401656,0.1454537193338143,0.1106278985697157
255.0,1385.0,0.4989139795795638,0.0104486626172847,0.490421450246273,0.0002159075568784,1.0416273877285666e-12,0.9997296059592394,6.514931854896585e-05,0.0002052447222115,0.003517824791273,0.990672021855304,0.0058101533534228,2.9721681788334686e-06,5.075433367521515e-07,1.4010943051873783e-06,0.168068941079284,0.831904021578288,2.2156536606993966e-05,0.4987790762126333,0.0103511977207493,0.4079835767281308,0.9829779687864278,0.001951962102426,clean_balanced_ED_EQ,-1.8051496730992644e-31,1.3341668476439649e-30,-6.843940784459034e-33,-8.44282005716971e-33,1.6134309741899688e-32,1.0573956211684014e-32,-2.9262930521992952e-24,1.8552466638721e-24,3.349956147019522e-23,-4.752476935036482e-23,-3.800084499583002e-24,2.321081924912817e-24,-1.3091075065131758e-39,5.40108571797665e-39,-7.315537797702665e-40,-2.176924538740105e-39,2.040660732784096e-39,-3.224169862520607e-39,6.900334882772746e-38,-9.319273038743852e-37,-1.6953744959686828e-36,-1.203369916281928e-36,-8.271581735121475e-39,-6.833851050467804e-39,4.3231627684193926e-30,-7.84944404334033e-30,2.2679937777414853e-30,-1.3335427316949752e-30,-6.591156127550652e-30,9.18298719364553e-30,1.6486257290740635e-30,-1.7875020780907343e-30,8.57746080601186e-30,1.5624541864267835e-30,3.996268369595816e-30,4.350270710733195e-31,-1.2400362913880504e-38,-4.2650918307473446e-39,-5.4169586113971985e-39,-1.257379988536692e-39,-4.4152521104991525e-39,5.694002479166208e-39,-0.6407113671302795,-0.6802555918693542,-0.1615042686462402,0.3168752193450928,-0.0004069148562848,-0.0054160677827894,0.0060179056599736,-0.0086902482435107,0.3951471149921417,0.8993846774101257,0.1869918406009674,0.0,-2.194403209685077,-0.9021143213108982,-0.1194798757453184,0.5706111712032222,1.895795835830235e-15,2.709449557263829e-16,-2.693114317956303e-22,3.794426623467299e-22,3.688215691864335e-30,4.625554828764413e-31,0.8732882256094052,0.1266052690290237,0.0001065053615709,15.125015258789062,-1.1298899225541046,-0.1528759635976944,-1.085601614774551,-0.7705556072673805,0.1342534037624751,0.0946333925109191
255.0,1390.0,0.4931451914181646,0.0089336088982527,0.4977183000543665,0.0002028996292159,1.0180042166870965e-12,0.9997336320822112,4.7832115330997165e-05,0.0002185358024574,0.0038395903169079,0.94695808982996,0.0492023198531319,2.546757996860545e-06,4.777420117115857e-07,1.218203080535501e-06,0.189187488261821,0.8107887188160707,1.955021901916652e-05,0.4930138333603591,0.0084597532175773,0.4035443828323925,0.9908118535410444,0.0024976403437404,clean_balanced_ED_EQ,-1.647187902017043e-31,1.3226084820091436e-30,-6.623449761993929e-33,-6.41270152767748e-33,1.6736892641694272e-32,1.0401558856453783e-32,-2.7847855836089963e-24,1.831148118322618e-24,2.852806050027578e-23,-4.3883353265146123e-23,-1.1781996946041417e-23,1.8786735719875126e-24,-1.0466193027129872e-39,5.0722548583016633e-39,-8.900774070349318e-40,-2.0589990973088647e-39,1.936695905260713e-39,-3.013249264269938e-39,6.075927498997606e-38,-9.962914195607511e-37,-1.7213799236905488e-36,-1.1430573611691726e-36,-8.204215646615915e-39,-5.97035056726203e-39,3.783020037771329e-30,-7.61184606852069e-30,2.4553312630728385e-30,-1.7303793758847053e-30,-6.2383517255321195e-30,9.342227780189125e-30,1.552953987078374e-30,-1.809240106123382e-30,8.386302768392779e-30,1.4120719347030628e-30,3.325011919921015e-30,3.809856494058992e-31,-1.4150517130285767e-38,-4.118759808732971e-39,-5.354171248545211e-39,-1.1522550504946363e-39,-4.1025583632861447e-39,5.70064766661994e-39,-0.6709851026535034,-0.6564984321594238,-0.133542001247406,0.3174968659877777,-0.0007862084894441,-0.0048353713937103,0.0058994512073695,-0.0084753278642892,0.3988862037658691,0.8977326154708862,0.1869918406009674,0.0,-2.2055613655661648,-0.8546470943556226,-0.0909568019401676,0.5518531555838442,1.8821310483472854e-15,2.4749586348932676e-16,-2.5807968767948405e-22,3.8801947773799547e-22,3.743968084426474e-30,4.271778961931056e-31,0.8812351983510183,0.1187443607161783,2.0440932803289517e-05,15.010830879211426,-1.1160721398455604,-0.1389965777127967,-1.0943380876866289,-0.7266793283240758,0.123520791708566,0.0802994383226106
255.0,1395.0,0.4820146412358216,0.0083400388826508,0.5094558463740732,0.0001894735074542,1.004154636337962e-12,0.9997371807789608,3.147552702094143e-05,0.0002313436940183,0.004032312361778,0.8091296390499501,0.1868380485882719,2.5496832430013915e-06,5.35558610114698e-07,1.10127619396698e-06,0.2239408377583335,0.7760371012199467,1.787450367267706e-05,0.4818879585232825,0.0067481726507818,0.3953566382196902,0.9461362445174444,0.0032269530640175,mixed_higher_order,-1.494836121191133e-31,1.3096357677876413e-30,-6.313413768119482e-33,-3.852743774274618e-33,1.7279748830806402e-32,1.0172196497412523e-32,-2.7584524666196805e-24,1.8134977104960347e-24,2.3953110364344126e-23,-4.016246569106027e-23,-2.240775471764262e-23,1.6870022117711175e-24,-9.858080089143886e-40,5.1702974922347807e-39,-8.689152532818743e-40,-2.2503649785353336e-39,1.854724628124633e-39,-2.9199321702154678e-39,5.147432421146052e-38,-1.101804981024793e-36,-1.7448871898704895e-36,-1.0823198520634058e-36,-8.185953020170655e-39,-5.4862209372847926e-39,3.223275156622561e-30,-7.374641323803736e-30,2.6457544192009382e-30,-2.1058898731655512e-30,-5.8690295758234994e-30,9.480529042811193e-30,1.4700457361921894e-30,-1.82657419520018e-30,8.231639516463559e-30,1.2614891970369156e-30,2.5231500804738893e-30,3.366253307182768e-31,-1.6152505191507174e-38,-3.943035832281554e-39,-5.3173831473077606e-39,-1.0441495024465008e-39,-3.8051736038894616e-39,5.707822948408385e-39,-0.7001696825027466,-0.6312360763549805,-0.1060659885406494,0.3162790238857269,-0.0011667491635307,-0.0042124558240175,0.0058136242441833,-0.0082963127642869,0.402591735124588,0.8960769176483154,0.1869918406009674,0.0,-2.2146799749190658,-0.8068407775194766,-0.0638536972260352,0.5317718199939542,1.8679147037975117e-15,2.248339505271297e-16,-2.4645917657135973e-22,3.9600898898274733e-22,3.794752870051896e-30,3.908880481069328e-31,0.8887156744757074,0.1113850419075488,0.0001007163832562,15.024863243103027,-1.101164200809092,-0.1256883832298407,-1.1013448386381273,-0.6831429502981723,0.1126422251111303,0.0671804283762581
255.0,1400.0,0.4608468045716198,0.0095849898718053,0.5293928962375729,0.000175309319002,1.0081851190332364e-12,0.99973288754179,2.119133531452228e-05,0.0002459211228955,0.0035825653629947,0.543739677242678,0.4526777573943272,2.459165418890353e-06,5.157318783345923e-07,1.0028030548532042e-06,0.2814766843668287,0.7185029018986108,1.6436034208389197e-05,0.4607237066487924,0.0052117392992697,0.3803703321912062,0.8705194343310719,0.004319837803095,mixed_higher_order,-1.3425366083139214e-31,1.2937796734585909e-30,-5.9854579304317635e-33,-1.9307709386915665e-34,1.7806569945216549e-32,9.955335034314976e-33,-2.783326564962237e-24,1.8937936076017814e-24,1.9800870175788974e-23,-3.644218955734592e-23,-3.7809471781582585e-23,1.574562863145442e-24,-1.0121840503449004e-39,5.2400169543082525e-39,-7.534000217468411e-40,-2.3250043931626797e-39,1.765580273483927e-39,-2.9150110274622492e-39,4.228866917139796e-38,-1.2760317014013436e-36,-1.765290558446369e-36,-1.0220737064121852e-36,-8.326683447489246e-39,-5.08411448248392e-39,2.6508463004943282e-30,-7.119309714692343e-30,2.8267228082769456e-30,-2.4838959324767653e-30,-5.4775682346878656e-30,9.6032047730857e-30,1.380609935873028e-30,-1.8406212408420253e-30,8.157639513937051e-30,1.1180546191299648e-30,1.45766191795628e-30,3.0215533777257727e-31,-1.86820443946242e-38,-3.7330244485642175e-39,-5.3615616823565806e-39,-9.369853175051492e-40,-3.5121743821148787e-39,5.702831711727133e-39,-0.7277454733848572,-0.6044312119483948,-0.079831838607788,0.3139978051185608,-0.0014026198768988,-0.0034301665145903,0.0056417183950543,-0.008195299655199,0.406263917684555,0.8944180011749268,0.1869918406009674,0.0,-2.220840954764594,-0.7587838299756674,-0.0384338615051483,0.5114182418049569,1.8525979434232762e-15,2.0217092205769518e-16,-2.3465707009582497e-22,4.031861190564949e-22,3.838130484753679e-30,3.521489968246387e-31,0.8949642973943922,0.1050667359976612,3.10333920534589e-05,15.281557083129885,-1.0839470101907387,-0.1124796263619817,-1.1062785934643269,-0.64051680157496,0.1018430713210807,0.0553364509110797
255.0,1405.0,0.4160583177306307,0.015524112280274,0.5682582905523935,0.0001592794367016,1.0601216841485841e-12,0.9996956606873308,3.92751908127175e-05,0.0002650641218564,0.0020605798718171,0.2430041712852397,0.7549352488429432,2.4847194573766386e-06,5.9109279456838e-07,8.968560359791811e-07,0.3849811545671646,0.6150019771942528,1.2895570294673052e-05,0.4159316948281822,0.0037724240396069,0.3494799722467482,0.7321640962355129,0.0063650039949747,mixed_higher_order,-1.1712703514183872e-31,1.2709977429242841e-30,-5.4221341024052134e-33,5.882624870027277e-33,1.8296619708764135e-32,9.858775068123268e-33,-2.7689779650036966e-24,1.8957272439733536e-24,1.588509049461398e-23,-3.2797500003633097e-23,-6.420296747617699e-23,1.918964968132338e-24,-8.567300559874401e-40,5.6965496177154285e-39,-8.412406655774165e-40,-2.680793231159833e-39,1.6979740158017845e-39,-3.015765671269696e-39,2.569855038097811e-38,-1.6031677904703273e-36,-1.784297511704401e-36,-9.607866590591462e-37,-8.068046106188992e-39,-4.5847583335809224e-39,1.959172445592717e-30,-6.869778927382219e-30,3.0742155788668903e-30,-2.845284923906148e-30,-5.033388024459607e-30,9.715064737925736e-30,1.2957145596332241e-30,-1.8537929345371862e-30,8.241492938938337e-30,9.509748782614583e-31,-2.2277772411836846e-31,2.886620844622662e-31,-2.2514108478300647e-38,-3.432011834723475e-39,-5.5746346157372536e-39,-8.080903087086615e-40,-3.184276795481324e-39,5.6963374002275256e-39,-0.7546583414077759,-0.5745600461959839,-0.0544190108776092,0.312118649482727,-0.0015981555916368,-0.0025520061608403,0.0053876172751188,-0.0080007789656519,0.4099032282829284,0.8927559852600098,0.1869918406009674,0.0,-2.2241497108161865,-0.7082389818296974,-0.0128333626553405,0.4920587648921435,1.8347377258130718e-15,1.7664526553979946e-16,-2.2249268429978576e-22,4.0990748665640632e-22,3.87082030803392e-30,3.060953885877133e-31,0.8996375257778064,0.1004725189837791,0.0001100447615856,16.226110458374023,-1.0610704474785262,-0.0977814762312976,-1.1102454528747878,-0.597831366353379,0.091331265940897,0.0442352442807559
255.0,1410.0,0.3069348878914209,0.0371064932165997,0.6558178377821764,0.0001407811098029,1.3152660769900805e-12,0.9994362282006616,0.0002629773679379,0.0003007944314004,0.0008272398568555,0.0602511597219798,0.9389216004211646,3.0743475628801688e-06,8.260631497604781e-07,8.648959189488126e-07,0.5851489519163725,0.414835692296892,1.059048010373328e-05,0.3067618466573947,0.0022357092495159,0.2720566467570199,0.4680185109471914,0.012218218854044,EQ_dominated_with_ED,-9.235116107203364e-32,1.2261877831097341e-30,-4.0994645082765386e-33,1.9520697363985948e-32,1.8856575336362607e-32,9.975315702843328e-33,-3.094624133536028e-24,2.0054503266252913e-24,1.1949076370856733e-23,-2.911450521567174e-23,-1.2416904110144005e-22,4.0561039707749794e-24,-7.330061910529667e-40,7.7149144552395e-39,-8.572520550302624e-40,-3.9245655958920085e-39,1.5902431586004026e-39,-3.7903586657934506e-39,-1.829339865592912e-38,-2.390625638049812e-36,-1.802606832848763e-36,-8.958260555603322e-37,-8.583065093033418e-39,-5.4564827496079234e-39,8.969653419763825e-31,-6.579530703639523e-30,3.5211947757831706e-30,-3.231920698809689e-30,-4.418162815737773e-30,9.811449603797067e-30,1.2292708225498711e-30,-1.8667515892236197e-30,8.776703010819313e-30,6.8657666323071705e-31,-3.8000411669411706e-30,3.8099094719392975e-31,-3.03854052574527e-38,-2.76126072687121e-39,-6.268397626043665e-39,-6.0158788307049666e-40,-2.7995222242855127e-39,5.6741032069254135e-39,-0.7819607257843018,-0.5367921590805054,-0.0297063887119293,0.3152663111686706,-0.0020731117110699,-0.0013743242016062,0.0052130557596683,-0.0074398219585418,0.413510113954544,0.8910911679267883,0.1869918406009674,0.0,-2.221674913915038,-0.648681917572204,0.0175214625861508,0.4783173603734433,1.8081083896020118e-15,1.3909786928242175e-16,-2.096098018787424e-22,4.164735179402765e-22,3.8722689607673925e-30,2.315529095889818e-31,0.8996145852786002,0.1003578433893335,2.7571332066322896e-05,20.216354370117188,-1.0200316230193711,-0.0768243706336124,-1.1136973067980604,-0.5534645976351827,0.0807877219647387,0.0331566225300157
255.0,1415.0,0.0513379524760351,0.1140902872572909,0.8344299994607906,0.0001417608058833,5.169498766389179e-12,0.9911420060108616,0.0083112267631244,0.0005467672260139,0.0001252202365215,0.0032809791730584,0.99659380059042,4.148329641927893e-06,1.1371031952774178e-06,9.575613584211807e-07,0.9199126803064808,0.0800768862354115,4.190463911908895e-06,0.0508832012015877,0.0003743278563394,0.0668185561382362,0.0615245766681564,0.0960420122061412,EQ_dominated,-1.4208838301107667e-32,9.9981584218013e-31,8.517499177995679e-33,9.116777094317077e-32,1.9898088647046695e-32,1.2475097193168375e-32,-4.529483260993712e-24,2.1711332022804307e-24,5.060545395602047e-24,-2.52083315863225e-23,-4.458628494307916e-22,4.478089904986095e-23,8.512213040483919e-40,2.032801661542083e-38,-1.35351713184623e-39,-1.05658439479116e-38,5.023002154200229e-40,-9.76220621134587e-39,-6.275030393482265e-37,-6.745686598857648e-36,-1.833345006841909e-36,-7.963640336574069e-37,-9.816589368329319e-39,-1.0616648981379447e-38,-3.404379119979576e-30,-5.8429842524071376e-30,5.8816229469453296e-30,-3.966749994854817e-30,-2.4772575092230257e-30,9.809734247261954e-30,1.1492742650781098e-30,-1.909926131973556e-30,1.256625574892627e-29,-7.951336066271557e-31,-2.2212119425133693e-29,2.3920510240194723e-30,-7.000909907380588e-38,3.52121387089827e-39,-1.0536701157598222e-38,7.083480049302594e-40,-1.7342433585471528e-39,5.619696498795723e-39,-0.8176553249359131,-0.4397487044334411,0.0014539062976837,0.3715951144695282,-0.0031907260417938,0.0030484949238598,0.0048217852599918,-0.0040744002908468,0.417084664106369,0.8894236087799072,0.1869918406009674,0.0,-2.179314661152496,-0.5149705295553013,0.1053343093346864,0.5125459811132553,1.7008595154074706e-15,1.4351921713631674e-18,-1.917501574023022e-22,4.2635355384244255e-22,3.621506672485658e-30,-5.336829087324818e-32,0.8619586275009181,0.1381248932919677,8.352079288576064e-05,80.47374725341797,-0.8287801444139324,-0.0117781721016425,-1.1246974284463438,-0.4885433878615719,0.069701596218002,0.0139925203141371
255.0,1420.0,0.1813873752461655,0.1381976812714352,0.6801998229532685,0.0002151205291306,3.565815746794195e-12,0.9958152946910728,0.0040259649536259,0.0001587403553011,3.4561473168628204e-05,0.0036588803528718,0.9963065581739596,3.3303193015533083e-06,1.198792425137943e-06,5.715316258962521e-07,0.8644349858533849,0.1355564338070219,3.479696240550884e-06,0.1806283225340005,0.0005056487808165,0.0922054622757127,0.266667777798918,0.0090759816515686,EQ_dominated_with_ED,-2.6275411510446767e-31,1.5536934123677662e-30,-1.2097891486352505e-33,-1.0018496579578803e-31,1.9486526910749782e-32,4.0105340172733926e-33,-5.096452004111342e-25,2.375134565770432e-24,1.3191237245255209e-23,-2.12298375943564e-23,4.1040541743953515e-22,4.094017396645386e-23,4.963153015993128e-41,-1.3815072992702907e-38,-1.1788584996803634e-39,8.204413734072779e-39,1.1292351479130265e-39,5.610613193519568e-39,-4.507762636127576e-37,4.956504762423987e-36,-1.779366435156844e-36,-8.474586431906521e-37,-8.175024501398815e-39,5.7339934296569006e-39,6.925179820217069e-30,-5.5875332512904394e-30,-4.466355388287523e-31,-3.938742983724409e-30,-6.478550757169292e-30,9.526276235014849e-30,1.0608141019397203e-30,-1.8393694949928253e-30,1.3640095889072149e-30,1.5477169719709996e-30,2.6150483923932407e-29,2.839981499115788e-30,3.3998087662586483e-38,8.128843240647871e-42,1.5838122504565078e-39,-1.1100894771053198e-39,-3.769102614998812e-39,5.397509121475103e-39,-0.7800987958908081,-0.598048985004425,0.0228849947452545,0.181581825017929,0.0007154896156862,-0.0060989144258201,0.0065159369260072,-0.0129403322935104,0.4206275343894958,0.8877535462379456,0.1869918406009674,0.0,-2.2681860964553,-0.7326137571986308,-0.0496301943497532,0.3034440653991838,1.9036325590733567e-15,3.516644125307222e-16,-1.939872403771462e-22,4.154050643027736e-22,4.3696989750444156e-30,7.2374805584831945e-31,0.9662544284976752,0.0337055917952223,3.997970710234444e-05,60.2666130065918,-1.2833725435884005,-0.2170385832595141,-1.0839096606649286,-0.5162335268437119,0.0584942784824803,0.0363456338995992
257.5,1332.5,0.4800215263042197,0.0718077510221955,0.4477068355206307,0.0004638871529539,1.626701874011121e-12,0.9996234962496082,0.0003435303436276,3.297340676410349e-05,0.0005139308427472,0.7721371826388419,0.2273488865184109,2.345721027108863e-05,2.969402508773588e-06,1.064235362955723e-05,0.1626731149278438,0.837245420552453,4.439555329369019e-05,0.4798407963992973,0.0554454345659095,0.3748404977896783,0.9326807465648757,0.0014767824370571,clean_balanced_ED_EQ,-5.3845011278788615e-31,1.429432631968116e-30,-4.756966075079792e-33,-2.791415920024685e-32,6.572406664027379e-33,5.810869437259735e-33,-3.995367105611596e-24,-4.059261173926743e-25,1.3698996255757689e-22,-7.392085683282923e-23,7.923334878654271e-23,2.9266756826365e-23,-6.244821961583018e-39,1.538193594560348e-38,3.2109376790671524e-40,-5.897862962934142e-39,5.923734123664941e-39,-9.484078445028468e-39,3.011613861825016e-37,-9.300190348865453e-37,-1.1125840241999806e-36,-1.918491176784208e-36,1.5563043198886556e-39,-1.6074278378039094e-38,1.3347719193737092e-29,-9.138058676940939e-30,-2.8863454727476013e-30,3.567379990456627e-30,-1.0461374079646737e-29,5.5706779691698194e-30,3.559000681225365e-30,-1.1290352559263064e-30,1.2370356679772997e-29,5.6555398600746224e-30,1.1186221090518597e-29,3.3733370954451635e-30,1.2419342929708228e-38,-8.87193564087303e-40,-7.23816189656239e-39,-3.8705087940461716e-39,-9.819373780716072e-39,4.524911567778464e-39,-0.1407478898763656,-0.8636638522148132,-0.4779929220676422,0.0738858431577682,0.0074339960701763,-0.0123127531260252,0.0094207674264907,-0.0101511608809232,0.3429301977157593,0.9205611944198608,0.1869918406009674,0.0,-1.824096731977178,-1.5055547360821269,-0.5924866482658465,0.5541060757334678,1.9687679999415488e-15,7.7457958619112675e-16,-3.6332165464905703e-22,2.172740639644884e-22,2.5246578791874023e-30,9.426375572153398e-31,0.7659320863142941,0.2341281482920318,6.023460632587074e-05,21.520362854003903,-1.2582653532960784,-0.4739734536957702,-0.7696668221540387,-1.3271797682227489,0.2170475237553652,0.4022319738487839
260.0,1332.5,0.4753067028070624,0.0797910736023192,0.4444204281204357,0.0004817954701827,1.676025998752692e-12,0.9996191556676424,0.0003610232415168,1.9821090840857587e-05,0.0004672508556699,0.7687497882406249,0.230782960903705,2.5495388004511237e-05,3.341300163656506e-06,1.1335918421887862e-05,0.1662637699100456,0.8336488815006498,4.7175982714750336e-05,0.4751256849431666,0.061339370935275,0.3704905928186411,0.9350182219097296,0.0018692131364136,clean_balanced_ED_EQ,-5.759747223191287e-31,1.431287359212071e-30,-4.006723850874521e-33,-2.90452777678884e-32,5.6285045229423424e-33,3.939372665840699e-33,-3.9972615695201344e-24,-8.994200499348269e-25,1.4994209748935782e-22,-7.166912261221771e-23,8.47140246914436e-23,3.339071922909349e-23,-6.956714142662304e-39,1.6061443007810732e-38,5.382284922472118e-40,-6.3135654065697e-39,6.418489939346962e-39,-9.747885406826778e-39,3.3032486906759293e-37,-9.433140434636367e-37,-1.0259655048134158e-36,-1.9890132575066223e-36,3.441653995712953e-39,-1.648030862033261e-38,1.4530547835988166e-29,-8.856798947549409e-30,-3.7334085266638e-30,3.7959336029637266e-30,-1.079713966798161e-29,5.060864627271193e-30,3.8252821667220165e-30,-9.7573134081066e-31,1.2535369140003103e-29,6.0943656079610584e-30,1.1455860325149481e-29,3.7750479155749454e-30,1.414874978255243e-38,5.3137161392365523e-42,-7.299131301993223e-39,-4.1187951157017404e-39,-1.0673492652108084e-38,4.2379760006940215e-39,-0.0846674665808677,-0.8566251397132874,-0.5075268745422363,0.0330141298472881,0.0081306667998433,-0.0125255743041634,0.0097819166257977,-0.0098810922354459,0.3320547938346863,0.9245396852493286,0.1869918406009674,0.0,-1.7624973040635257,-1.5495011308959978,-0.6479722759734482,0.5374138647855424,1.961570357497244e-15,8.230573464291046e-16,-3.6833989161197007e-22,1.967338081948208e-22,2.310844806691607e-30,9.195240543820826e-31,0.7411982076402907,0.258866783028824,6.499066911458407e-05,21.90669822692871,-1.2598979863972757,-0.5070046823197571,-0.7097455945380989,-1.375965751645746,0.21043594810975,0.4402622258606885
262.5,1332.5,0.4698890331726794,0.0885140469103296,0.4410964621302893,0.0005004577867014,1.7268831913599222e-12,0.9996104565146426,0.0003792623340835,1.028115127388948e-05,0.0004302908050835,0.7655578858432898,0.2340118233516266,2.7633962152845065e-05,3.798701185621101e-06,1.1972183195698355e-05,0.1698441777298435,0.8300621662324251,5.025119119713472e-05,0.4697059909609661,0.0677626266201057,0.3661374848733268,0.9387247434825552,0.0023314555594152,clean_balanced_ED_EQ,-6.146259416697478e-31,1.430670429362671e-30,-3.1547892021832625e-33,-3.016552055088154e-32,4.7856298463355147e-33,1.4265219728824529e-33,-3.925724993060204e-24,-1.502757117654014e-24,1.6343931434684476e-22,-6.87364390802269e-23,9.036211280865396e-23,3.800293394685043e-23,-7.738480448984297e-39,1.6724147398021188e-38,7.829079327217409e-40,-6.787309143607034e-39,6.955572973960858e-39,-9.936836310522854e-39,3.61027907430538e-37,-9.556295075341578e-37,-9.374816587990867e-37,-2.054569603774794e-36,5.6534713266712033e-39,-1.6637165403831967e-38,1.5746570923643157e-29,-8.516515712547716e-30,-4.6481541480730744e-30,3.9741618653833445e-30,-1.1098414623626606e-29,4.542351695220897e-30,4.1366224793103056e-30,-8.050218792255599e-31,1.2673251331539566e-29,6.548424246386815e-30,1.1697399481894353e-29,4.196102196937002e-30,1.5915581327029342e-38,1.0150963960220562e-39,-7.342941130531385e-39,-4.3703487857729913e-39,-1.1660092012143463e-38,3.9179963675202785e-39,-0.0307242572307586,-0.8459746837615967,-0.5318812131881714,-0.0108644859865307,0.0087975775822997,-0.0127552235499024,0.0101785408332943,-0.0095015531405806,0.3211331665515899,0.9283897280693054,0.1869918406009674,0.0,-1.6994038396312936,-1.5887771309741991,-0.7005593580281605,0.5146551101935838,1.950634612439649e-15,8.724779895653975e-16,-3.714670923491156e-22,1.7641788929885117e-22,2.0773967837933216e-30,8.79614512954971e-31,0.7168572386470399,0.2832095442038509,6.67828508906787e-05,22.344636917114254,-1.25935493075579,-0.5410276149742117,-0.6485339654903186,-1.4213165239081238,0.2018249589268695,0.4798929555630216
265.0,1290.0,0.157109319507152,0.6363184931716058,0.2059349443697579,0.0006372429514839,4.610644638756735e-12,0.9872573363092806,0.0028832208072002,0.0098594428835191,0.0163091931885389,0.1229986838511811,0.8606921229602799,0.0005828595316719,4.22993407114693e-05,0.000371850106676,0.3854508477238802,0.5915353350345255,0.0220168082625348,0.1551073282859946,0.0782663371702742,0.1218177963130811,0.7629075288216305,0.1439307724591644,MD_contaminated,-1.354595596541809e-30,2.068706573810857e-31,6.878072657940995e-32,-2.744056206061828e-32,2.8968183485772516e-33,1.3690829696296079e-31,-1.309356311008406e-23,1.0545124358445857e-22,2.8640946702736085e-22,5.590855884432541e-23,1.508516324655476e-22,7.570535371278484e-22,-8.256951816950022e-38,2.3073698153950557e-38,2.1616188278217266e-38,8.133518171935743e-39,6.095331021133921e-38,-3.120722810036443e-38,1.524387524536218e-36,-3.2649190191066927e-37,7.00472192554563e-38,-1.9299887868014333e-36,-3.7205662971799446e-37,1.9869378377758501e-38,2.5964407341934116e-29,-1.802567242982728e-30,-1.6641191575734457e-29,1.0622144853613073e-29,-9.323213245857147e-30,-8.819578240715976e-30,-9.226653253134807e-30,-5.292713621803236e-30,2.8194444839095363e-30,1.2182574599559957e-29,6.664133430870373e-30,2.87000551626868e-29,2.9964596138836276e-38,1.0315668383463926e-37,-5.559385510394434e-40,-6.53435205525346e-39,2.131143964942054e-38,-1.7050588121123818e-39,0.8941335678100586,-0.2406994253396988,0.3346234560012817,-0.1551784873008728,-0.0160195250064134,0.0488715469837188,0.0327840633690357,-0.053151186555624,0.2715420424938202,0.944086253643036,0.1869918406009674,0.0,-0.2039442414415984,-1.534186783733735,0.0474724092079568,-0.2028639957438734,1.2363473637244222e-16,1.3845347086518065e-15,-2.2809201821092284e-22,4.31976992052969e-23,-1.8252360011306411e-31,-9.738763696728336e-31,0.8600561037296188,0.1399530636704845,9.167400103482493e-06,104.49684143066406,-0.188098333591835,-1.231673827627369,0.0517030139614902,-1.424556724023579,-0.1695679025247819,0.8686657926973121
265.0,1295.0,0.232865784222229,0.4909838032423827,0.2751542078777853,0.0009962046576028,4.001653338600621e-12,0.9584225080040132,0.0020526966699078,0.0395247953260791,0.1162554035968803,0.1950575008931894,0.6886870955099302,0.0002302292355604,0.0001086433091747,0.0002085589028283,0.3310784493802831,0.577792654074992,0.0905814650971612,0.2231838089425901,0.0957700736394926,0.1589820800496076,0.8463100965029057,0.0752167536370757,MD_contaminated,-1.4133325967066997e-30,6.1971317147162515e-31,4.269404067992087e-32,-5.725294061311984e-32,2.188612304057713e-31,2.243070705393532e-31,1.088846431582311e-22,2.0708928363052304e-22,2.9874634255872203e-22,5.097496706431036e-23,2.4720577569802863e-22,5.130061182859587e-22,-4.64358257546659e-38,3.59103855845905e-38,3.5619402854501716e-38,1.890298645270002e-38,1.0816437286510747e-38,-5.481337839742021e-38,1.410860847690572e-36,-6.979239033195034e-37,7.658925726567722e-38,-2.077990937936345e-36,-6.539268450438069e-37,5.002461599150114e-37,2.5933420737814766e-29,-1.1791275143044005e-30,-1.2096182658733878e-29,9.90312458242659e-30,-1.3837234239612842e-29,-8.72399322865414e-30,-2.717327711825948e-29,8.131263830095055e-30,6.412468365676857e-30,1.6013136292851893e-29,1.2298388243565357e-29,2.4266556638412602e-29,4.572590745401998e-38,7.647695567282203e-38,-4.6416680508890266e-39,-1.262112932490746e-38,4.224973485269611e-38,-5.218393234537619e-38,0.7642052173614502,-0.480604887008667,0.1326196193695068,-0.3724492788314819,0.043561216443777,0.1041693165898323,-0.0013820100575685,-0.1255553066730499,0.2762434482574463,0.942721426486969,0.1869918406009674,0.0,-0.499512733271554,-1.7474555897236734,-0.2954034036234585,-0.2789011451108489,6.370895307992337e-16,1.6245637166669201e-15,-2.525261514772627e-22,3.5201027808430295e-23,-1.4288736975258407e-31,-3.163808991955643e-31,0.8277394977559293,0.1720724737293666,0.000188028514704,87.22972106933594,-0.5613021712904618,-1.280119080579168,0.0560961044260663,-1.5219784185468952,-0.1540076330856135,0.9025845382579086
265.0,1300.0,0.3039087073266912,0.3762016246391075,0.3187653154485865,0.0011243525856148,3.2384007699627868e-12,0.9811288987874686,0.0006557259567182,0.0182153752558132,0.0399023260217467,0.2919424084041267,0.6681552655741265,0.0001832262854826,0.0001166409844773,3.659730671691943e-05,0.3176494199085746,0.6604829163500993,0.0215311991646493,0.2981736153513596,0.1098292083426863,0.2105390451787417,0.9533932727248312,0.0478625402773941,mixed_higher_order,-1.3419857601580074e-30,9.021959858957306e-31,2.1337251962877776e-32,-3.5949245060186284e-32,2.199632366370003e-31,1.2782645611760163e-32,9.22569889027683e-23,-5.762157418473049e-23,2.9397023712705187e-22,1.2104024948421785e-23,2.5359717651030297e-22,3.657948254963301e-22,-4.1200287643743607e-38,3.055673258001462e-38,4.0204710717472703e-38,-7.653523648551021e-39,9.955562032810872e-40,-2.2903183389504403e-38,1.2109208906059737e-36,-9.024606183837029e-37,-7.863336820101096e-38,-2.176274549301551e-36,2.978352798796836e-37,2.5669239383905896e-37,2.5358472455524744e-29,-3.185602723502878e-30,-1.2020009943642262e-29,4.196154339018428e-30,-1.333846511128859e-29,-1.0105516155155493e-30,-3.3009110785743216e-30,2.816212169536e-29,1.1984850376679236e-29,1.4386177836467258e-29,1.5107275184675346e-29,1.9905555303778322e-29,4.899504967165934e-38,5.531901387442876e-38,-8.196532601385322e-39,-6.636642530807524e-39,-9.32616060047272e-39,-5.369067486949645e-38,0.6377708315849304,-0.6213310360908508,-0.0693204700946807,-0.4327478408813476,0.0955137312412262,-0.0223189052194356,-0.0817593485116958,-0.0039443569257855,0.2809019386768341,0.9413437247276306,0.1869918406009674,0.0,-0.7441265850956621,-1.8364670314352824,-0.5359823517321728,-0.2023469899826665,1.0295467869625717e-15,1.6394202404587117e-15,-2.8202838105919463e-22,3.600251327767355e-23,8.702303331384838e-32,1.1067759808659954e-31,0.8024248964160792,0.1987761703822306,0.0012010667983097,65.24061584472656,-0.8140166760476854,-1.2108220440623854,-0.0571510950189368,-1.5817263891899236,-0.0364285192835507,0.884738795368156
265.0,1305.0,0.3575670939230594,0.2868198271436948,0.3547382308908735,0.0008748480423722,2.781881425121612e-12,0.9940721971512692,0.0007423387250249,0.0051854641237059,0.0109027611810016,0.3910343484371021,0.5980628903818962,0.0001404884134797,5.986857527132101e-05,1.862824053979812e-05,0.2896664495464349,0.7064028689545063,0.0037116962697678,0.3554475066850899,0.1121564042259769,0.2505881040291591,0.9920885811914372,0.0305792930313362,mixed_higher_order,-1.2202647219938024e-30,1.1091064043985764e-30,2.3600567083409314e-32,-3.838736892709068e-32,7.967257893205636e-32,-8.852391514247328e-32,1.447307576826694e-23,-4.405191930055868e-23,2.7757115061008284e-22,-8.175572394551153e-24,2.352781193944077e-22,2.501662280630259e-22,-3.400349068114517e-38,2.858889247966753e-38,1.9463135425728104e-38,-2.149911564657411e-38,1.4540362846242986e-38,-7.089770190453226e-39,1.007903506746094e-36,-1.0093205594621392e-36,-2.0144771513874013e-37,-2.2183652987077837e-36,1.6143058630258017e-37,3.296717668476931e-39,2.4196194824451498e-29,-4.200556618973004e-30,-1.1994460326860096e-29,4.3505369980703415e-30,-1.2201734497591401e-29,-1.4997641965492307e-31,1.257450808196072e-29,1.1940581554307985e-29,1.1741217029705208e-29,1.2655874623563188e-29,1.606719822583257e-29,1.557468186417262e-29,4.6590991272567485e-38,3.791579911603039e-38,-6.36705486637693e-39,-6.229068040645093e-39,-3.437620158252179e-38,-1.9016467086721835e-38,0.502770185470581,-0.7135590314865112,-0.2391715943813324,-0.4215832650661468,0.0318981744349002,-0.0382431969046592,-0.0118810953572392,0.0245921593159437,0.285518079996109,0.9399539232254028,0.1869918406009674,0.0,-0.9695996052077372,-1.8565509510623388,-0.6953047537166813,-0.0767786404283457,1.342121755430214e-15,1.5581518136736514e-15,-3.0829652293828906e-22,4.7573055454654025e-23,3.9091025932299006e-31,4.23062774186763e-31,0.7644243864558583,0.2356814356694501,0.0001058221253085,50.48279571533203,-0.9968698594651746,-1.0967794587606778,-0.1452933389662076,-1.599986880337859,0.0245110952582732,0.8321830674616361
265.0,1310.0,0.3922194054546433,0.2254400048151212,0.3815806930987731,0.0007598966314621,2.488888959634828e-12,0.9978714633839268,0.0007231633585045,0.0014053732575687,0.0035123887835919,0.4855060272150587,0.5109815840013494,0.0001049413736658,2.800890468229028e-05,2.7676831660472884e-05,0.2583950679041669,0.7405449907483337,0.0008993142374908,0.3913845520885986,0.1094524811131332,0.2825776708405737,0.9728756093963828,0.0199355329825551,mixed_higher_order,-1.0883691726150178e-30,1.2391453869633729e-30,1.6540346184229372e-32,-4.120240147357405e-32,2.706829869275885e-32,-5.566073017755544e-32,7.493430504859025e-26,-2.223923928938981e-23,2.6024202172531585e-22,-2.52896084886932e-23,2.0466408765810529e-22,1.7339368631889084e-22,-2.6132382495850963e-38,2.772662516480304e-38,9.67615816960889e-39,-1.7141255717034667e-38,1.645621707786841e-38,-1.0585367083297102e-38,8.35413818765424e-37,-1.0436902849287058e-36,-3.3488743338595602e-37,-2.2382752699943897e-36,7.574078039244203e-38,-2.1988574189875543e-38,2.2988170287413057e-29,-5.2197236783063766e-30,-1.0905583024693069e-29,4.556692038141645e-30,-1.2082585922562269e-29,6.630309700858716e-31,1.0162007905612781e-29,4.5085110228654005e-30,1.2426923366582319e-29,1.1822608726641659e-29,1.5803462801175538e-29,1.2226328559193297e-29,4.1311605213732047e-38,2.5602984729715103e-38,-6.597144993576151e-39,-6.568644840760604e-39,-2.667162268319009e-38,-5.329873801714473e-39,0.3839417397975921,-0.7655672430992126,-0.3615646064281463,-0.3667639195919037,0.0177632309496402,-0.0251224320381879,0.0074887960217893,0.0095271868631243,0.2900920808315277,0.9385523796081544,0.1869918406009674,0.0,-1.1511478749534474,-1.8345156048677396,-0.7772295460873249,0.0598866220872067,1.5572638566116417e-15,1.4326660827989288e-15,-3.2935800671150177e-22,6.505493147194848e-23,7.040010826884269e-31,6.091145948491914e-31,0.7344511322306145,0.2653915866913376,0.0001572810780479,40.95566177368164,-1.1094985337102528,-0.9744974349708784,-0.2396959198637205,-1.6020471246862316,0.0755311107245173,0.7772508209012132
265.0,1315.0,0.416460274914057,0.1821942923913257,0.4006532595887254,0.0006921731058918,2.272443945669389e-12,0.998900331368435,0.0006353255547489,0.0004643430768159,0.0015693225169895,0.5674361503840321,0.4309945270989784,7.914299308366695e-05,1.681229270025892e-05,2.558061193132921e-05,0.2323265937991237,0.7672162039988164,0.0003356663043446,0.4160023066134412,0.1033836278964766,0.3073876729414142,0.9620443622657798,0.013146173950578,mixed_higher_order,-9.678910174981534e-31,1.3203827677161157e-30,9.8663170299808e-33,-4.0091707056222636e-32,1.214702265266447e-32,-3.314156363812492e-32,-2.856013037681925e-24,-1.25461683119497e-23,2.4152008113631453e-22,-3.914624383363386e-23,1.7393118466111446e-22,1.2336029512699706e-22,-1.991128328535294e-38,2.6026059985967117e-38,5.6910940050372806e-39,-1.3990040962041147e-38,1.4220196321114614e-38,-1.2035974701420763e-38,6.9590569484296594e-37,-1.0449033874712036e-36,-4.653311817209399e-37,-2.2334447679941604e-36,4.20846855632111e-38,-2.249545590951489e-38,2.1679399834211788e-29,-6.126353397061349e-30,-9.689869506861139e-30,4.5948121632654845e-30,-1.1989531007718445e-29,1.5315405534280749e-30,7.9878124563782e-30,1.895115493163209e-30,1.2910542163861438e-29,1.0675742165548704e-29,1.5080137073895533e-29,9.673627086605333e-30,3.5450789450890636e-38,1.6978886512704515e-38,-6.98817397528427e-39,-6.327206712368275e-39,-2.120425561574284e-38,-8.275059403893965e-40,0.2831035852432251,-0.7960214018821716,-0.4441061317920685,-0.297092467546463,0.0141114685684442,-0.0191728081554174,0.0115792900323867,0.0008168020867742,0.2946244776248932,0.9371395111083984,0.1869918406009674,0.0,-1.296294080934879,-1.7952057367069063,-0.8099437859167661,0.1833765583883471,1.7033533948961148e-15,1.303033803201829e-15,-3.452483333376346e-22,8.490229572406782e-23,9.980477004925751e-31,7.206376560820613e-31,0.7143644423497485,0.2856289376914633,6.619958788145475e-06,34.50630569458008,-1.1777411751040936,-0.8633292801092189,-0.3305331569423991,-1.586456225201583,0.1164714292849312,0.7185922912683153
265.0,1320.0,0.4344275137655831,0.1500577020417581,0.41487725179,0.0006375324026587,2.0987011132735946e-12,0.999281335481576,0.000558561466505,0.0001601030519188,0.0008428505415723,0.6375991019717459,0.3615580474866816,5.783825957084878e-05,1.0216274103311556e-05,2.1440619701945065e-05,0.2109141121375921,0.7888402452119309,0.0001561474971008,0.4341153061256126,0.0956766560657687,0.3272718730348756,0.95499764320606,0.0086708836097484,mixed_higher_order,-8.614160006081771e-31,1.3713326474382352e-30,5.025485712138911e-33,-3.795623987112634e-32,6.199190618051123e-33,-1.953859751798766e-32,-3.607862549341816e-24,-7.460207449862014e-24,2.2240719277551493e-22,-4.983490574495458e-23,1.466219308049574e-22,8.921884658507535e-23,-1.534523718242985e-38,2.30714334864304e-38,3.4292780858127524e-39,-1.1129007656318755e-38,1.1915951220683943e-38,-1.194240994251813e-38,5.845831698600285e-37,-1.028659380411455e-36,-5.8730675476163344e-37,-2.211505253275164e-36,2.5206601836892704e-38,-2.0025190391754562e-38,2.0311347535403588e-29,-6.876603298462057e-30,-8.456037675356516e-30,4.5327890058166385e-30,-1.1855312623146104e-29,2.3438130837895932e-30,6.541103669874924e-30,6.083724952033492e-31,1.3111938285287477e-29,9.516390742716536e-30,1.4213628695650818e-29,7.747697207147684e-30,2.9770631740137876e-38,1.0866491777986712e-38,-7.265222329923297e-39,-5.876974012591266e-39,-1.775467168063971e-38,1.4165060014225585e-39,0.1959075033664703,-0.8141358494758606,-0.4981846511363983,-0.2240388542413711,0.0122676650062203,-0.0159856099635362,0.0124106565490365,-0.0042652674019336,0.2991158366203308,0.9357155561447144,0.1869918406009674,0.0,-1.4150000512862315,-1.7482254466681582,-0.8123159787633178,0.2904075949755729,1.803456399405695e-15,1.1799075455601442e-15,-3.5701623463684783e-22,1.055769385297678e-22,1.2634663018655612e-30,7.830280258141308e-31,0.7016029666076758,0.2985535717396694,0.0001565383473451,29.8596305847168,-1.218553630771335,-0.7654463686156017,-0.4140201850970481,-1.5589941829899263,0.1477116573016942,0.6592193674212927
265.0,1325.0,0.4481138260493443,0.1256404135471319,0.4256583362253434,0.0005874241781804,1.9558871633261632e-12,0.9994622914503182,0.0004870685475887,5.06400020931804e-05,0.0005666164541658,0.6949269365912645,0.3045064469545697,4.378797171257819e-05,6.946144527349971e-06,1.7389507424783705e-05,0.1936489766459529,0.8061894863975846,9.341333279788018e-05,0.4478728714138469,0.0873109076983679,0.3431612754623599,0.94988887082112,0.0056680306340038,clean_balanced_ED_EQ,-7.693235784264878e-31,1.4029071140886234e-30,1.5564401333870962e-33,-3.528664452880962e-32,4.3997393042782944e-33,-1.050479920379903e-32,-3.7724441262929155e-24,-4.726570394691617e-24,2.0379449854341777e-22,-5.763073333325278e-23,1.2373404072358228e-22,6.590910691683838e-23,-1.1906385147823802e-38,2.065843569804294e-38,2.1188715459595926e-39,-9.257296007070511e-39,9.787509827277075e-39,-1.1401141340260817e-38,4.957423615990819e-37,-1.005677105405429e-36,-6.986984431218622e-37,-2.178419173876194e-36,1.6441111554736263e-38,-1.833353444967245e-38,1.8958243882111406e-29,-7.480730648351912e-30,-7.280049256990138e-30,4.410661480991368e-30,-1.167819462512127e-29,3.0700674141088964e-30,5.543896722287895e-30,-5.543751027075996e-32,1.3072721167229106e-29,8.429699842810648e-30,1.3286020360046664e-29,6.258503859938244e-30,2.456052038154069e-38,6.511820498694554e-39,-7.369327080538055e-39,-5.36467248366448e-39,-1.533366502218434e-38,2.557485427425757e-39,0.1198883950710296,-0.8247752785682678,-0.5305583477020264,-0.1536047011613845,0.0110951932147145,-0.0144239915534853,0.0118693746626377,-0.0069547006860375,0.3035663366317749,0.934281289577484,0.1869918406009674,0.0,-1.513896347313126,-1.6985835331577257,-0.7957477269781877,0.380142490596732,1.8721253667409075e-15,1.068168672303432e-15,-3.6534939675525287e-22,1.2624656723128824e-22,1.505346284304904e-30,8.120872576281815e-31,0.6949586422548779,0.305275814451697,0.000234456706575,26.461593627929688,-1.241906222416659,-0.6810342106792898,-0.4888351209719608,-1.524102151468052,0.1701740475212812,0.6017715318519585
265.0,1330.0,0.4590485410610453,0.1062829290601671,0.4341270652363332,0.0005414646424541,1.834184728228739e-12,0.9995615227350096,0.0004241496267214,1.432763826889103e-05,0.0004452430497114,0.7423850265138271,0.2571697304364614,3.351118610264857e-05,5.118737106769841e-06,1.3716450118345009e-05,0.1795331776011446,0.820350706024276,6.377000125165147e-05,0.458847258712263,0.0789028551082993,0.3561364444708728,0.945710587017424,0.0036316327273764,clean_balanced_ED_EQ,-6.900530702407171e-31,1.4215140737618969e-30,-1.1708467228679097e-33,-3.252910239275108e-32,4.106614326726509e-33,-4.350372498149095e-33,-3.850379990820653e-24,-2.8841235544918486e-24,1.8604944219103045e-22,-6.304400859417564e-23,1.0443075932591836e-22,4.9616719207223053e-23,-9.356600177242051e-39,1.8387806965092424e-38,1.2583138917376659e-39,-7.96458342785742e-39,8.09828594852406e-39,-1.042321586216713e-38,4.245960348128247e-37,-9.797596307141934e-37,-7.99769877702124e-37,-2.137848214170624e-36,1.0327621512702039e-38,-1.7272577082193114e-38,1.7634752828261838e-29,-7.929524434653579e-30,-6.161343613297572e-30,4.215543556523122e-30,-1.1473408503017869e-29,3.7139815900768575e-30,4.816127299826458e-30,-4.6568747686171855e-31,1.2911044002441346e-29,7.445619450849942e-30,1.2357307756087729e-29,5.115194979644974e-30,1.9874800631730287e-38,3.386199908916372e-39,-7.399079890846241e-39,-4.8529295999381403e-39,-1.356792598429765e-38,3.2566456458913726e-39,0.0525098703801631,-0.8304522037506104,-0.5470569133758545,-0.0880642235279083,0.0099006965756416,-0.0134246908128261,0.0110321342945098,-0.0084773553535342,0.3079767525196075,0.9328367114067078,0.1869918406009674,0.0,-1.5974789431016632,-1.648484403874873,-0.767222919575637,0.4540917039173782,1.918593917580063e-15,9.685271512121429e-16,-3.708655547794926e-22,1.4646981821835422e-22,1.723967933646152e-30,8.211689775052943e-31,0.6926863953176897,0.3072201474787727,9.345720353759468e-05,23.895679473876957,-1.2536470603865448,-0.6085645010384091,-0.5553491900765879,-1.4844923612996217,0.1854587120793323,0.5473079948633599
265.0,1332.5,0.4636769291246392,0.0980482898186531,0.4377547293495544,0.0005200517071532,1.7798622291604512e-12,0.9995934283578832,0.0003981751178275,8.396524289196319e-06,0.0004078164812672,0.7626186793321512,0.2369735041865815,2.982854573514241e-05,4.381756900543464e-06,1.2477798253196976e-05,0.1733607487658915,0.8265385174210131,5.404571220635544e-05,0.4634884112341533,0.0747734572922772,0.3618211449906175,0.9440942644612004,0.0028707894258457,clean_balanced_ED_EQ,-6.542355143234275e-31,1.4275375038439731e-30,-2.192057177419025e-33,-3.1264184961757006e-32,4.104670655831377e-33,-1.9659562497571892e-33,-3.746070469878254e-24,-2.255356699167241e-24,1.7753202421602951e-22,-6.508659652432441e-23,9.616895174737398e-23,4.314593619475709e-23,-8.591537866535294e-39,1.73527550525708e-38,1.0626597991832483e-39,-7.344906251313796e-39,7.528882380137018e-39,-1.000783469346552e-38,3.9322924393109625e-37,-9.66906224436699e-37,-8.474266205148786e-37,-2.1157726313318343e-36,8.294054531227556e-39,-1.645827810240246e-38,1.7000697757081187e-29,-8.114670395950799e-30,-5.63208690412113e-30,4.0972949950049365e-30,-1.1368611928931799e-29,4.017374324974124e-30,4.51524007670403e-30,-6.085616343780858e-31,1.2781420922213357e-29,7.015222390179794e-30,1.190959975862657e-29,4.6349917858131725e-30,1.771697703813952e-38,2.1496028661378837e-39,-7.368816529045331e-39,-4.6223889084360474e-39,-1.2841453105876276e-38,3.5513162646463675e-39,0.0210212711244821,-0.8320541977882385,-0.5509902238845825,-0.0571760386228561,0.0094274980947375,-0.0130460830405354,0.0106048211455345,-0.0089567340910434,0.3101669251918793,0.9321107268333436,0.1869918406009674,0.0,-1.6351121503004242,-1.6235441982818295,-0.7498851707267677,0.4863111528431942,1.9359140380632404e-15,9.225599323326344e-16,-3.7281338494880513e-22,1.5644308389389027e-22,1.8249523062580107e-30,8.205918352535305e-31,0.693015159899745,0.3070520115260911,6.717142583623215e-05,22.84259986877441,-1.2565971571143644,-0.5758941430038452,-0.5862354121877877,-1.4636557438694255,0.191108236708036,0.5212721807393036
265.0,1335.0,0.4679335254541613,0.0905840990919994,0.4409832143149114,0.0004991611389278,1.7290165281265164e-12,0.9996153685846716,0.000377356760327,7.2746550013168925e-06,0.0003800549985752,0.7812933763615805,0.2183265686398443,2.661192604619504e-05,3.857027562972089e-06,1.1301517026766532e-05,0.1677864237647571,0.8321264693366989,4.53364279080154e-05,0.4677535435199862,0.0707727566242602,0.366953805164616,0.94240568441192,0.0022476954521769,clean_balanced_ED_EQ,-6.209378139135861e-31,1.4318230355681592e-30,-2.966190916817805e-33,-3.0177409624994744e-32,4.2100931713044936e-33,-2.592437992174176e-35,-3.6428064085375554e-24,-1.685742362918646e-24,1.6934920277833608e-22,-6.665141751804653e-23,8.850959160764323e-23,3.77044371852475e-23,-7.659744129441457e-39,1.6503706335381568e-38,7.208849298237886e-40,-6.889160802223011e-39,6.938860379682825e-39,-9.614548318565576e-39,3.65422441504314e-37,-9.53976755293262e-37,-8.922973803828586e-37,-2.0927258219205744e-36,6.390279764437456e-39,-1.5528998277508784e-38,1.6378326058124408e-29,-8.27082958487957e-30,-5.1197602188849934e-30,3.9695619423372944e-30,-1.1258566561952303e-29,4.3012694493244844e-30,4.2517600032513116e-30,-7.427577768544744e-31,1.2626643982291892e-29,6.586331841817626e-30,1.1476038818390873e-29,4.2046799565354845e-30,1.568607249027937e-38,1.091905114304486e-39,-7.331375693984521e-39,-4.377072500263285e-39,-1.2219301318035804e-38,3.7986402772680407e-39,-0.008753590285778,-0.8327763676643372,-0.5524208545684814,-0.0279300827533006,0.0088901771232485,-0.0125572495162487,0.0101760793477296,-0.0093447556719183,0.3123472929000854,0.931382417678833,0.1869918406009674,0.0,-1.6698411332768084,-1.598667111398782,-0.7314245769668639,0.515141107761556,1.949944556019581e-15,8.793348177735249e-16,-3.7417626649102872e-22,1.6613546213243355e-22,1.9216169772097915e-30,8.169924368299899e-31,0.6938298236477947,0.3061397671342367,3.040921796859664e-05,21.91259384155273,-1.258009275693996,-0.5455601077283119,-0.6149665140692885,-1.442295283952405,0.1953364026705889,0.4963144865883087
265.0,1340.0,0.475317742302367,0.0774746834144806,0.4467463748439952,0.000461199439157,1.6369530478705913e-12,0.9996587069661956,0.0003270378277656,1.4255206038695716e-05,0.0004288656130852,0.814285905095256,0.1852852292916587,2.096221041635218e-05,2.891963397044777e-06,9.194271443706615e-06,0.1583231557317019,0.8416021380705981,4.165775244276346e-05,0.4751555196680756,0.0630865427061288,0.3759827042439953,0.9398899621967056,0.0013247044806248,clean_balanced_ED_EQ,-5.605075038382674e-31,1.4365249266097873e-30,-4.3672373472745145e-33,-2.7546583951800907e-32,4.9077512363914935e-33,3.133877370987225e-33,-3.746045364657457e-24,-9.543604014784098e-25,1.5378239517488296e-22,-6.873469645724291e-23,7.49781413119409e-23,2.888722684291247e-23,-6.136407315135541e-39,1.4768982159129874e-38,2.958877703511052e-40,-5.932944820200686e-39,5.840521690078384e-39,-8.836044504935381e-39,3.1714240343051274e-37,-9.302368467889618e-37,-9.769491784558172e-37,-2.044537478702873e-36,3.696056725576941e-39,-1.5507758248343883e-38,1.5188587054365324e-29,-8.498042301477767e-30,-4.1677880424375154e-30,3.6631244593912344e-30,-1.1020797911526277e-29,4.834918208887044e-30,3.8270395380112295e-30,-9.116624036133007e-31,1.2310533797633668e-29,5.8379928934742395e-30,1.0658305106025263e-29,3.4769959418433275e-30,1.1957236479801043e-38,-5.814633062911093e-40,-7.215015774557474e-39,-3.954422557206374e-39,-1.1142070491595956e-38,4.1416248901131876e-39,-0.0650820061564445,-0.832525908946991,-0.5491393804550171,0.0264895670115947,0.0078306458890438,-0.0120847355574369,0.0094085894525051,-0.0096107386052608,0.3166783452033996,0.9299187064170836,0.1869918406009674,0.0,-1.7333247674394154,-1.5494425978474795,-0.6911899379387452,0.5648765718008149,1.970396745151053e-15,7.995959360974707e-16,-3.755950132589648e-22,1.8514780801314172e-22,2.1032177207269995e-30,8.01973133257406e-31,0.6975424164418937,0.3024366441790062,2.0939379100082256e-05,20.355688095092773,-1.2574309094840106,-0.4906280756208656,-0.6682927613825173,-1.398588204508313,0.2006902535421471,0.4490108994249263
265.0,1345.0,0.4814226832956228,0.0664379663416642,0.4517125113173479,0.0004268390453649,1.5557569260745545e-12,0.9996862940631284,0.0002865610960409,2.71448408306652e-05,0.000442738529128,0.8419928454934654,0.1575644159774065,1.6879993922978055e-05,2.296072351661067e-06,7.48140389244694e-06,0.1507297185051024,0.8492092272283002,3.4396796430276845e-05,0.4812716581417283,0.0559402923288169,0.3835984326651598,0.938286721816074,0.0007333004975694,clean_balanced_ED_EQ,-5.077126701177291e-31,1.4371851014927656e-30,-5.3805497376402544e-33,-2.523922164443474e-32,5.715901671623314e-33,5.514810836144957e-33,-3.558353174435204e-24,-3.1625002526571005e-25,1.3933192513168125e-22,-6.969196208213735e-23,6.348305224716619e-23,2.2620339180362677e-23,-5.18161951220218e-39,1.3249558605090718e-38,1.175956049552362e-40,-5.2456918999980364e-39,5.0640173160671847e-39,-8.003854493583248e-39,2.76728877087689e-37,-9.094423206841813e-37,-1.0551847087632416e-36,-1.9944466239779488e-36,1.3840477395846114e-39,-1.429343312090998e-38,1.4058431715697216e-29,-8.648033768875353e-30,-3.277612536408817e-30,3.326333970876443e-30,-1.0780819923900125e-29,5.3217005426106346e-30,3.480202027198415e-30,-1.0563558975963677e-30,1.1969137586987086e-29,5.1707334935738734e-30,9.905901890246462e-30,2.9008021446796157e-30,8.65275045143957e-39,-1.7948078473923594e-39,-7.085943847265127e-39,-3.55117375409371e-39,-1.0240608720722956e-38,4.4116002929096306e-39,-0.1172544881701469,-0.8303149342536926,-0.539101243019104,0.0754831433296203,0.0068870931863784,-0.0114867221564054,0.0086577301844954,-0.0097647691145539,0.3209704756736755,0.9284459352493286,0.1869918406009674,0.0,-1.7894990598773823,-1.5013487292299268,-0.648106184305662,0.6047363953830471,1.9824994950057045e-15,7.286516836971297e-16,-3.7545422903911935e-22,2.0349505566196605e-22,2.26958480177608e-30,7.819965599909918e-31,0.7033508818792135,0.296498162159471,0.0001509559613155,19.124658584594727,-1.2533321666741002,-0.4427631626751518,-0.7164539841707994,-1.3541981968633885,0.2027288086466589,0.4053063559195023
265.0,1350.0,0.4867291088842091,0.0570522353622437,0.4558238547942516,0.0003948009592954,1.4833796005565886e-12,0.9997007668018212,0.0002555063269101,4.372687126861049e-05,0.0005510326143941,0.8647771198286829,0.1346718475569229,1.4158226734838025e-05,2.0832172198162383e-06,6.116081858977588e-06,0.1446918974914328,0.8552513704143043,3.4374568449261925e-05,0.486583463376311,0.0493374677763492,0.3898439764803146,0.9365042001272422,0.0003759396045448,clean_balanced_ED_EQ,-4.610738757774001e-31,1.4354576155502822e-30,-5.961427956136262e-33,-2.3354522652409646e-32,6.742990871956729e-33,7.345650922273503e-33,-3.631635888097281e-24,1.0359713207603372e-25,1.259733808184875e-22,-6.961104988725696e-23,5.393141855330393e-23,1.78143253501174e-23,-4.209931378339213e-39,1.221858308226159e-38,-1.909868799035129e-40,-4.953600968519124e-39,4.4009184434768624e-39,-7.264996797955275e-39,2.4247957918999324e-37,-8.91421044450202e-37,-1.1267847377806993e-36,-1.9428936399699892e-36,-3.6589835754988555e-40,-1.423431211083945e-38,1.2995480256266162e-29,-8.731610176771417e-30,-2.4675565099684205e-30,2.9646277908776693e-30,-1.0527925257789569e-29,5.7669814412113574e-30,3.200226100433894e-30,-1.1400681233444064e-30,1.1592270191185729e-29,4.5865834095033255e-30,9.180722766655613e-30,2.4181260037756965e-30,5.6740731964653687e-39,-2.695727614924205e-39,-6.913199354599604e-39,-3.1965555032005706e-39,-9.473510028402923e-39,4.5856609170190063e-39,-0.1661069989204406,-0.8264467120170593,-0.5241930484771729,0.1189535111188888,0.0059525100514292,-0.0109896315261721,0.0080751702189445,-0.0096487756818532,0.3252239525318146,0.9269645810127258,0.1869918406009674,0.0,-1.8398524610914848,-1.4539930856756476,-0.604349741895869,0.6360088116560171,1.9892552291589437e-15,6.651503173232438e-16,-3.7389765824681335e-22,2.210454953142361e-22,2.425838596260196e-30,7.568446398911851e-31,0.7107619072711568,0.289086597125527,0.0001514956033161,18.133150100708008,-1.2471892792370864,-0.4006014448468558,-0.7594126036603082,-1.3094408082511888,0.2017434652959268,0.3650901174817284
265.0,1355.0,0.4909204006269791,0.0489466127319666,0.4597665639601414,0.0003664226809127,1.418234926295029e-12,0.9997163998441728,0.0002233208808564,6.027927497055696e-05,0.0006047355803049,0.8864219496203741,0.1129733147993207,1.1206857206584133e-05,1.6257777843818535e-06,4.928530911516377e-06,0.1402128653400733,0.8597392967004805,3.007679354362861e-05,0.4907811755248627,0.0433873518851833,0.3952793823454885,0.9365399428765852,0.0001941392618619,clean_balanced_ED_EQ,-4.1954083730744965e-31,1.4313246105935192e-30,-6.479383574705698e-33,-2.1330296077566174e-32,7.593529921651196e-33,8.74528041549755e-33,-3.445248835561941e-24,4.351282501581711e-25,1.1370689380180112e-22,-6.889808985986749e-23,4.536450510213946e-23,1.395961150216998e-23,-3.6172932539264957e-39,1.0828832578507903e-38,-2.8280201684627428e-40,-4.339315335944738e-39,3.900091924951661e-39,-6.489504772117087e-39,2.1430849654402365e-37,-8.772052087924086e-37,-1.1932795473089912e-36,-1.891019344704497e-36,-1.6956792202284926e-39,-1.311633472109517e-38,1.2011883440880165e-29,-8.770095181754249e-30,-1.7389180982579e-30,2.5931342751102727e-30,-1.0272963808613252e-29,6.176961865399608e-30,2.9650933015022452e-30,-1.2259940943056311e-30,1.1222674922589897e-29,4.0955194973800795e-30,8.493542503466233e-30,2.0212727821230693e-30,2.97855840134394e-39,-3.349686986429825e-39,-6.738591011154967e-39,-2.897954757765273e-39,-8.803531927468842e-39,4.7678038440914137e-39,-0.2121145576238632,-0.8209109306335449,-0.5059269666671753,0.1578108966350555,0.0051354770548641,-0.0104329977184534,0.0075397151522338,-0.0095494575798511,0.3294393420219421,0.9254748225212096,0.1869918406009674,0.0,-1.8845814590982837,-1.4074985157113022,-0.5601220853173962,0.6603350400660247,1.9909327005353917e-15,6.079039064146318e-16,-3.7122744534375915e-22,2.3778830750064523e-22,2.566835008389549e-30,7.294889864720748e-31,0.7190225621555741,0.2810144141424555,3.697629802967839e-05,17.321054458618164,-1.2390094173478876,-0.3631706214919336,-0.7983034171866805,-1.2650909908311836,0.198940381903954,0.3283239480811663
265.0,1360.0,0.4945636744855382,0.0418271074316729,0.4632684357519556,0.0003407823308334,1.3588943643944045e-12,0.9997276157573168,0.0001950990518106,7.728519087263297e-05,0.0007425067319962,0.9054973718687904,0.0937601213992134,8.765916339359409e-06,1.2568153521102072e-06,3.933238848213599e-06,0.1371673090339619,0.86278834784514,3.0387150358391582e-05,0.4944289631336048,0.0378743358522533,0.3997026082912321,0.9367215176768956,0.0001443901010795,clean_balanced_ED_EQ,-3.8206586252828725e-31,1.4259601802729497e-30,-6.775316140414685e-33,-1.9478128044757384e-32,8.520122608740114e-33,9.792030352897546e-33,-3.441674168852706e-24,6.768569241468267e-25,1.0223686865178592e-22,-6.746566810674867e-23,3.784879085560657e-23,1.1002914114961498e-23,-2.994367082116256e-39,9.574389757715299e-39,-4.0343760987148566e-40,-3.777013391913264e-39,3.397798829850399e-39,-5.7973826971485176e-39,1.9035822038254468e-37,-8.66673699089879e-37,-1.2552186051684512e-36,-1.83764853326949e-36,-2.9190801736822542e-39,-1.2880429620055254e-38,1.1068894301109597e-29,-8.753690806817764e-30,-1.0645689575707365e-30,2.1907701265874523e-30,-1.0004325148941756e-29,6.562921264021626e-30,2.7577560369031733e-30,-1.291547313260225e-30,1.0858302091982857e-29,3.6509491616195596e-30,7.872667201284737e-30,1.7009336009060862e-30,5.403398523951819e-40,-3.801952821013009e-39,-6.564222576779993e-39,-2.618928855785864e-39,-8.221416486592903e-39,4.9031458009794884e-39,-0.2561587691307068,-0.8138993382453918,-0.484381228685379,0.1924073845148086,0.0042747468687593,-0.0099782384932041,0.0071532893925905,-0.0092048225924372,0.3336170613765716,0.9239770174026488,0.1869918406009674,0.0,-1.925530434062681,-1.361155742497851,-0.5157860165785823,0.6785693761234922,1.989390876015419e-15,5.556375408511142e-16,-3.6745880255964944e-22,2.5398098411843032e-22,2.700459196801093e-30,6.9809979361459045e-31,0.7281672865030647,0.2717816746266793,5.103887025592613e-05,16.647981643676758,-1.2298276515344255,-0.3295149254130625,-0.8335774027017866,-1.2203629591962253,0.1940881310325069,0.2941194138601601
265.0,1365.0,0.4974416098849281,0.0356332627411818,0.466607719849141,0.0003174075247492,1.3054030125977973e-12,0.9997362075297868,0.0001703889059853,9.340356422796078e-05,0.0008162767435398,0.9235843721541556,0.0755993511023046,7.282230752720906e-06,1.0374047717638256e-06,3.3404896117873257e-06,0.1356424644923781,0.8643185588686327,2.731651385290028e-05,0.4973103885338696,0.0329103245966184,0.4032977119769882,0.9380150565954468,0.0001966068308499,clean_balanced_ED_EQ,-3.485409456289897e-31,1.4196505512257461e-30,-6.921476656305072e-33,-1.778458106541652e-32,9.384129107644652e-33,1.0563322685225504e-32,-3.238068042056501e-24,8.647161078398998e-25,9.16771716629686e-23,-6.561081905945293e-23,3.1055348866392285e-23,8.711553032892271e-24,-2.6583431213169125e-39,8.696210041096244e-39,-4.821014051880585e-40,-3.3981568492564075e-39,3.140450474527792e-39,-5.2980512784237424e-39,1.6897914406735302e-37,-8.611426347356465e-37,-1.3131882172265548e-36,-1.7840325689633338e-36,-3.83207367152188e-39,-1.1849338909496883e-38,1.0195404376089482e-29,-8.698732961392914e-30,-4.616390514682247e-31,1.7757528557312764e-30,-9.733767101893088e-30,6.92298089556023e-30,2.567251979184433e-30,-1.3527919786911242e-30,1.0505077799671769e-29,3.259141928138263e-30,7.269316672365256e-30,1.4291224467516462e-30,-1.6905644891843314e-39,-4.1201393835427816e-39,-6.391494786601617e-39,-2.367241984018964e-39,-7.704635285520001e-39,5.0282643582092976e-39,-0.2981759905815124,-0.8056420087814331,-0.4606778919696808,0.222806692123413,0.0035267455969005,-0.0094803106039762,0.0067865308374166,-0.0088726272806525,0.3377572894096374,0.9224717020988464,0.1869918406009674,0.0,-1.9627506014388303,-1.3156307075375226,-0.4721970692157621,0.6912170332107089,1.985344725155812e-15,5.08524307011516e-16,-3.627921979699613e-22,2.694710054352144e-22,2.8252056620869632e-30,6.6687882703943045e-31,0.738070281896302,0.2619917227202749,6.200461657690504e-05,16.096437454223633,-1.219900945316864,-0.2995000626649475,-0.8656972867168046,-1.1760935211768802,0.1880606222980461,0.2627747405171081
265.0,1370.0,0.499588136040039,0.0302677341192859,0.469847547320921,0.000296582519754,1.2566342891887725e-12,0.9997405465618971,0.000149813676668,0.0001096397614347,0.0010225827867151,0.9408959389706716,0.0580814782426131,6.101376273237794e-06,8.894288618752652e-07,2.7606552554168187e-06,0.1355809071053712,0.8643820926437127,2.724879052543756e-05,0.499458516180508,0.0284787881146802,0.4061278061767735,0.9404697858622998,0.000325195505172,clean_balanced_ED_EQ,-3.1857442382892113e-31,1.4124053542106362e-30,-7.018337265654102e-33,-1.6275460875327574e-32,1.028190201207344e-32,1.114399321758204e-32,-3.2523075652233743e-24,1.0480399569709307e-24,8.204179870070307e-23,-6.334296909856495e-23,2.4824084440080562e-23,6.851389300938761e-24,-2.3795110922543806e-39,7.936265909764253e-39,-4.4502793216878385e-40,-3.1319140895645846e-39,2.824553079178609e-39,-4.804367183281357e-39,1.5198267537372222e-37,-8.600055201608605e-37,-1.3666841452420925e-36,-1.7305323195839804e-36,-4.771402590377193e-39,-1.1424594232801639e-38,9.375874526435013e-30,-8.610145597814163e-30,8.092346965805964e-32,1.3599554155620943e-30,-9.456799999932929e-30,7.250189180332139e-30,2.423253962181589e-30,-1.402261184021921e-30,1.0172233349613762e-29,2.9258270181685755e-30,6.697198711941672e-30,1.2139232813779032e-30,-3.7249092702778114e-39,-4.3063559680533846e-39,-6.226529202317963e-39,-2.1525736709668897e-39,-7.238681424960347e-39,5.11765437869198e-39,-0.3380544185638428,-0.7961645126342773,-0.4354232847690582,0.2491231560707092,0.0028412088286131,-0.0089250802993774,0.0065622837282717,-0.0086951609700918,0.3418605327606201,0.920958936214447,0.1869918406009674,0.0,-1.9959999889187527,-1.2708077891469645,-0.4297456324317428,0.69887534001113,1.9789029188062757e-15,4.659725876373471e-16,-3.5730598436792985e-22,2.8413508727495366e-22,2.939819398052465e-30,6.3400994746103085e-31,0.7482464506146723,0.2517744532017334,2.090381640584837e-05,15.639440536499023,-1.2092457004523856,-0.2727508438995677,-0.8943992033808299,-1.1325123902615548,0.1808976437606486,0.2342985857159459
265.0,1375.0,0.5010837846972926,0.0255336217526645,0.4731050212952586,0.0002775722547842,1.2121546872303081e-12,0.9997465520916518,0.0001287191412848,0.0001247287670634,0.0012368115371308,0.9579393797496424,0.0408238087132268,4.931767021278185e-06,7.105430125720386e-07,2.324806306009421e-06,0.1373919474587506,0.8625737381642065,2.634726070304952e-05,0.5009567860601538,0.0244596617845094,0.4080879667629077,0.9441635026786268,0.0005196350635168,clean_balanced_ED_EQ,-2.912598697242361e-31,1.4046996662298722e-30,-7.066880388096877e-33,-1.4663972321449439e-32,1.1110325153800705e-32,1.154639475606474e-32,-3.1912821224246283e-24,1.2148661161248123e-24,7.311059894893195e-23,-6.071179986995341e-23,1.8852735106833588e-23,5.426368317636479e-24,-2.034620360529044e-39,7.137613333166383e-39,-5.713866807019179e-40,-2.75860531564616e-39,2.60600328244131e-39,-4.3789943940221865e-39,1.3634538043008205e-37,-8.652787300726957e-37,-1.4166707821024136e-36,-1.6763913383211208e-36,-5.6262571985387935e-39,-1.0746517871098021e-38,8.600143550453287e-30,-8.49325947882792e-30,5.707733046609352e-31,9.3396850312136e-31,-9.170918481717048e-30,7.559290162405146e-30,2.2868388782988212e-30,-1.4549110335662825e-30,9.859957197969302e-30,2.6196914276632237e-30,6.141014087637728e-30,1.035429989241834e-30,-5.6362698671702064e-39,-4.4113345658780564e-39,-6.075408842218303e-39,-1.947613943641167e-39,-6.813416784242981e-39,5.2022921672573645e-39,-0.3764984309673309,-0.785408616065979,-0.4087903797626495,0.2719646692276001,0.0021753581240773,-0.0083539010956883,0.0063631189987063,-0.0084759816527366,0.3459275364875793,0.9194390177726746,0.1869918406009674,0.0,-2.026526382716596,-1.2261801120035067,-0.3884736457547864,0.7023188383283885,1.971156668204346e-15,4.269654285828698e-16,-3.5104122071236525e-22,2.981833249858126e-22,3.0494751766528363e-30,6.007099922565759e-31,0.7586922825580229,0.2411866874429384,0.0001210299990387,15.256902694702148,-1.1982751277454702,-0.2484584185441276,-0.9203815886161294,-1.0891166406471224,0.172752949459904,0.2080332263622914
265.0,1380.0,0.5016622616799892,0.02145897906061,0.4766187245807152,0.0002600346786855,1.1717020403176554e-12,0.9997504718649672,0.0001092142031867,0.000140313931846,0.0014280752142434,0.9742117881733586,0.0243601366123979,4.252192604996304e-06,6.761499114547139e-07,1.9351062103446964e-06,0.1411826220208376,0.858784775294984,2.573923545144489e-05,0.5015370828314157,0.0209055903630115,0.4093129042904314,0.9500788896988044,0.0007700584681358,clean_balanced_ED_EQ,-2.6644197528915195e-31,1.3963427642318337e-30,-7.039950703820324e-33,-1.3083973251121067e-32,1.1947241984347743e-32,1.1869102000329896e-32,-3.0780293893814416e-24,1.273952432340324e-24,6.494950436348815e-23,-5.789577735583131e-23,1.3075697905175703e-23,4.2805056221844735e-24,-1.7519545364570637e-39,6.648281616695971e-39,-6.295180596513141e-40,-2.668341629660744e-39,2.3814809595961664e-39,-3.9799404996407264e-39,1.2257308167207333e-37,-8.773230586824531e-37,-1.462996529565929e-36,-1.622630747013939e-36,-6.216088648738196e-39,-1.0218797193747624e-38,7.864042159606212e-30,-8.366545223706006e-30,1.0202782356518594e-30,5.2552303932727865e-31,-8.884320188959088e-30,7.841023319023137e-30,2.1644121920499188e-30,-1.4842944708314376e-30,9.5566518770904e-30,2.3463654199418843e-30,5.591740962939935e-30,8.7549606176311e-31,-7.429528987955161e-39,-4.459360177721609e-39,-5.922588543453334e-39,-1.7661864252634685e-39,-6.412324721830839e-39,5.2631668199651566e-39,-0.4131303429603576,-0.7736119627952576,-0.3817202746868133,0.291462779045105,0.0015001461142674,-0.0079859271645545,0.0062076239846646,-0.0080340141430497,0.3499580919742584,0.917912483215332,0.1869918406009674,0.0,-2.053640150859437,-1.1821993496490106,-0.3488550229976093,0.7021577298112591,1.9618856965776733e-15,3.913789791031123e-16,-3.441840845932513e-22,3.1139551090835462e-22,3.1493865945969495e-30,5.673358833601467e-31,0.7692181747255153,0.2307639996544576,1.7825620027056566e-05,14.941177368164062,-1.1868305483834782,-0.2264640772631235,-0.9436034170386896,-1.0465642853771346,0.1641431879711204,0.1841415590267284
265.0,1385.0,0.5012841809025379,0.0178683650438641,0.4806038026743079,0.0002436513792899,1.135145038035237e-12,0.9997531689731294,9.138041221934874e-05,0.0001554506146513,0.0019469706273517,0.9884386839561736,0.0096143454164746,3.640312475057223e-06,6.061701050881972e-07,1.6210289228446715e-06,0.147784576298963,0.8521824982487176,2.705794081652521e-05,0.5011604484134118,0.0176617832284055,0.4095621492308254,0.9587452007940966,0.0010759625842899,clean_balanced_ED_EQ,-2.4355277843007576e-31,1.3876002661068953e-30,-6.933232630619323e-33,-1.1547404942353327e-32,1.2785096144282279e-32,1.2047758271507819e-32,-3.202131136629408e-24,1.4591269007575011e-24,5.732648453802218e-23,-5.477339570918015e-23,7.100549203014558e-24,3.275553375201285e-24,-1.6648968330153978e-39,6.13413924121305e-39,-5.7119426564601805e-40,-2.53000118743859e-39,2.2360837815666967e-39,-3.6041396139995694e-39,1.109445277097066e-37,-8.987407251350212e-37,-1.5068707957916848e-36,-1.567809275662926e-36,-7.076970731935964e-39,-1.0002930187340919e-38,7.173244528709504e-30,-8.204594632323759e-30,1.4091475057480306e-30,9.410216567842376e-32,-8.582392034457535e-30,8.110491053835829e-30,2.0539744864020382e-30,-1.5139587151707614e-30,9.263599801815359e-30,2.1134031148513573e-30,5.0376102806608226e-30,7.488271327665941e-31,-9.168402309410766e-39,-4.44175757189989e-39,-5.773786661498306e-39,-1.6101280641261142e-39,-6.044402778381093e-39,5.3115539823961717e-39,-0.4490237832069397,-0.7604324221611023,-0.3534814417362213,0.3080684840679168,0.0009760074317455,-0.0072662723250687,0.0061343782581388,-0.0079634897410869,0.3539530336856842,0.916379451751709,0.1869918406009674,0.0,-2.079012320719055,-1.138029135881482,-0.3100376770457867,0.6986223895851761,1.9518158522013603e-15,3.5834942022852314e-16,-3.3661864790374285e-22,3.242252160335771e-22,3.2461043868694394e-30,5.332211360198635e-31,0.7799335778632825,0.2199563682932923,0.0001100538434251,14.683895111083984,-1.175142044622268,-0.2062619307653729,-0.9648967665007764,-1.003917591874422,0.1547301525100392,0.1619424098248106
265.0,1390.0,0.4994712309122947,0.0149007452193808,0.4853988880009754,0.0002291358673489,1.1028356419374452e-12,0.9997561187371756,7.376045126354079e-05,0.0001701208115607,0.0021719771243732,0.9965588267823868,0.0012691960932396,3.0119246358412693e-06,5.339189108261141e-07,1.3738891128525952e-06,0.1576117688818115,0.8423589391361818,2.4372249347131613e-05,0.4993494192377554,0.0148494691740094,0.4088800923543839,0.9718255185876956,0.0014395384897606,clean_balanced_ED_EQ,-2.2277533376719545e-31,1.378244829844758e-30,-6.813470379211067e-33,-9.868366374411416e-33,1.3528676898875045e-32,1.2192340962346375e-32,-3.0291438198668152e-24,1.4759453492539615e-24,5.040712334123183e-23,-5.165933269004831e-23,8.308062220050914e-25,2.438145134686649e-24,-1.3621616621252515e-39,5.6267054410514274e-39,-7.321363796353592e-40,-2.324903867341025e-39,2.094305020480421e-39,-3.3018004862874235e-39,1.0072321573596398e-37,-9.310048957513677e-37,-1.547732250797553e-36,-1.5136757935780278e-36,-7.312974992053302e-39,-9.062115233733728e-39,6.520026433469135e-30,-8.040403775747273e-30,1.7632954525294753e-30,-3.196475970958193e-31,-8.283321885998611e-30,8.360050258037222e-30,1.948409285821853e-30,-1.5499803220481292e-30,9.021285150273879e-30,1.9082618350978922e-30,4.469453789558057e-30,6.4306429975339586e-31,-1.0867362660913519e-38,-4.3883982803305984e-39,-5.671653093237001e-39,-1.47328347349348e-39,-5.6855196689296354e-39,5.361135361749402e-39,-0.4831303060054779,-0.7462999820709229,-0.3253905475139618,0.3218286037445068,0.0004634766955859,-0.0067841624841094,0.0060025132261216,-0.0076667433604598,0.3579126298427582,0.9148401618003844,0.1869918406009674,0.0,-2.1012760873539142,-1.094644501046849,-0.2731726736153697,0.692233615160053,1.9407274570601544e-15,3.2826361151012646e-16,-3.2861275043123933e-22,3.3620394225051376e-22,3.3348817325559426e-30,5.00571986125241e-31,0.7904247954912647,0.2095474677183595,2.773679037582077e-05,14.485511779785156,-1.163020408079679,-0.1879871079343674,-0.9839445251327325,-0.9622937101359516,0.1454082516086804,0.1418835918312899
265.0,1395.0,0.4954106537735169,0.0124702616144302,0.491904106751788,0.0002149778602648,1.0758612358933284e-12,0.999760125596202,5.636842853083754e-05,0.000183505975267,0.00255371486614,0.9870237479775504,0.0104225371563095,2.856884558837626e-06,5.69879811044724e-07,1.2051647014331768e-06,0.173555666860504,0.8264166044535686,2.30967568560211e-05,0.4952918174383078,0.0123084443569355,0.4065177216185783,0.9929219386078604,0.0018806162731661,clean_balanced_ED_EQ,-2.032338142819816e-31,1.3682256078835532e-30,-6.602334378259226e-33,-8.017937740530908e-33,1.4215551839617524e-32,1.2211167973853435e-32,-2.980933296843657e-24,1.4733078758499386e-24,4.398053688064302e-23,-4.8364699198424564e-23,-6.456929493213546e-24,1.853003888992529e-24,-1.2568055343635604e-39,5.525669615112367e-39,-7.257152117220057e-40,-2.4246703608053613e-39,1.9825145466774013e-39,-3.1009989593522586e-39,9.082419366847814e-38,-9.834481870668947e-37,-1.586286519053395e-36,-1.4588798125828376e-36,-7.54217819516149e-39,-8.53956568470948e-39,5.8737273637939525e-30,-7.872287171610708e-30,2.097086690700376e-30,-7.172631271094815e-31,-7.970814054494327e-30,8.589548575393716e-30,1.8598996671551065e-30,-1.5803065336272837e-30,8.792767541624746e-30,1.710168015555754e-30,3.8612219673110554e-30,5.479488859447386e-31,-1.2605377343430523e-38,-4.3032381382482255e-39,-5.570372765210964e-39,-1.3379150392348679e-39,-5.357783197585286e-39,5.4117856445868966e-39,-0.5164413452148438,-0.7308578491210938,-0.2968661189079284,0.3331498205661773,-6.544995994772762e-05,-0.0062848841771483,0.0059394245035946,-0.0073997690342366,0.3618371188640594,0.9132950901985168,0.1869918406009674,0.0,-2.1217030188919828,-1.050987129640585,-0.237390778086888,0.6834008696037793,1.928971048426691e-15,2.9991752787182515e-16,-3.2004330380209134e-22,3.477177288345809e-22,3.418297427595948e-30,4.669166923394678e-31,0.8009043627220463,0.1992083288439264,0.0001126915659728,14.357640266418455,-1.1504275425958972,-0.170882474490793,-1.0012386362297545,-0.9208215643446398,0.1356467348505868,0.1233506322526527
265.0,1400.0,0.4880967843254802,0.0107719477617781,0.5009300644095942,0.0002012035031473,1.0553400008253453e-12,0.9997626382549551,3.98278296791802e-05,0.0001975339153657,0.0030585891094183,0.9332949689354704,0.0636464419551114,2.520456208660516e-06,4.999558093061488e-07,1.0429632923969131e-06,0.1978360878116243,0.8021375193042649,2.232950880038941e-05,0.4879809288210019,0.0100534046517032,0.4018147992104376,0.974381094296587,0.0024366280694174,clean_balanced_ED_EQ,-1.849003821849984e-31,1.3570599540698589e-30,-6.432429027756453e-33,-5.7750005909981136e-33,1.4899991266079654e-32,1.2190665469453074e-32,-2.989366504907528e-24,1.5640526345065206e-24,3.8107631122185293e-23,-4.4956377308425865e-23,-1.5335201018943552e-23,1.3009757553154806e-24,-1.2542152031588159e-39,5.228916146156104e-39,-6.1073022057603884e-40,-2.3157052863021716e-39,1.8649513998475424e-39,-2.9132128157429528e-39,8.307978080317277e-38,-1.0620185680127988e-36,-1.6215431361401765e-36,-1.404154588919e-36,-7.966382383877813e-39,-8.038568027806631e-39,5.255078606910061e-30,-7.67744343786303e-30,2.3914412896150256e-30,-1.125248544100719e-30,-7.64652011504594e-30,8.802692965307583e-30,1.7651092844636845e-30,-1.607728490860075e-30,8.602869631430827e-30,1.535766952025622e-30,3.166746061545162e-30,4.676113509433097e-31,-1.4471648071416522e-38,-4.188664861776478e-39,-5.5049720361822535e-39,-1.2153527242640372e-39,-5.04495895785289e-39,5.4453526444127817e-39,-0.5483167171478271,-0.7141346335411072,-0.2686719000339508,0.3421837091445923,-0.0004812795377802,-0.0056300889700651,0.0058720521628856,-0.0072695845738053,0.3657269179821014,0.9117443561553956,0.1869918406009674,0.0,-2.1393742544904764,-1.0073782791605788,-0.2034077115833268,0.6725032726109462,1.9163713914280202e-15,2.732665578332479e-16,-3.110345542418648e-22,3.5845810326470943e-22,3.4949957452857526e-30,4.324380394338995e-31,0.8106714266584659,0.1893616085282835,3.303518674946382e-05,14.31063461303711,-1.1369641292410406,-0.1549121697953223,-1.0161944453323757,-0.8799606139642674,0.1256372242220695,0.1064973933069241
265.0,1405.0,0.4748205185644811,0.0101978876982203,0.5147941998791307,0.000187393858168,1.0458352276896517e-12,0.999762067581284,2.55269628765305e-05,0.0002124054558395,0.0030878984184782,0.7885107358225724,0.2084013657589494,2.2116812209797325e-06,4.915509868962891e-07,8.838146787196897e-07,0.2360740472927646,0.7639030749489887,1.9290711360126146e-05,0.4747075433700431,0.0080411439327596,0.3932528722535722,0.9223501715364412,0.0031997419757968,mixed_higher_order,-1.6705325867227042e-31,1.3440266881973489e-30,-6.182783835519628e-33,-2.934076799062799e-33,1.55265889024135e-32,1.2191643688559592e-32,-2.90267505491612e-24,1.5844789071456152e-24,3.266018972445937e-23,-4.1543956386199274e-23,-2.71542163503962e-23,8.499784148587278e-25,-1.0790517265328152e-39,5.023352642365561e-39,-7.1336531829426444e-40,-2.3147823788893687e-39,1.7924143145349375e-39,-2.7085756305928427e-39,7.458586959601682e-38,-1.1846164132797093e-36,-1.6550920164762273e-36,-1.348928823258033e-36,-7.982265365981575e-39,-7.170043320926706e-39,4.623742054590117e-30,-7.488273215835518e-30,2.6822128059759703e-30,-1.5164253103882932e-30,-7.305951314016618e-30,9.004697972075457e-30,1.674480834092391e-30,-1.633195340876161e-30,8.466929356033228e-30,1.3713265510264591e-30,2.3124101028145805e-30,3.959071913689725e-31,-1.6648199949182107e-38,-4.048385304107045e-39,-5.495647336296726e-39,-1.0979051079594093e-39,-4.721584174809007e-39,5.481715047996403e-39,-0.579431414604187,-0.695837140083313,-0.2405844926834106,0.3495835959911346,-0.0008151527144946,-0.0049384147860109,0.0057538375258445,-0.0071607930585742,0.3695825338363647,0.9101882576942444,0.1869918406009674,0.0,-2.1550741083231424,-0.9632081945934048,-0.1703911522846947,0.6601386322194501,1.9029030287364066e-15,2.4733960579646623e-16,-3.0158087359622094e-22,3.687171266119978e-22,3.56616608812853e-30,3.970287935285907e-31,0.8199551421640799,0.1801739723093284,0.0001291144734083,14.40660285949707,-1.1220373973186504,-0.1394615190459008,-1.0298497718728632,-0.8393455028939586,0.1156875410785788,0.090948897723129
265.0,1410.0,0.4494545022874582,0.0118777215697672,0.5384952273900653,0.0001725487527093,1.0591549627343985e-12,0.9997499143053435,2.015913759693428e-05,0.0002299265570595,0.0028898952015576,0.5206980856403166,0.4764120191581257,2.3076569274206964e-06,5.785703781351721e-07,8.110319842160883e-07,0.3008719440991078,0.6991044665248833,1.989211671914599e-05,0.4493421001460372,0.0061847068831464,0.3764644186707273,0.8346489985915708,0.0043914459430787,mixed_higher_order,-1.489551660969545e-31,1.3271739319410491e-30,-5.848560005305661e-33,1.3261750073205856e-33,1.6216873828640008e-32,1.2132913987713807e-32,-3.0678566178144997e-24,1.683335964462713e-24,2.760041055468183e-23,-3.800754351651592e-23,-4.4927050677868353e-23,5.124668668321955e-25,-9.690019625541333e-40,5.372959754287772e-39,-7.481673546276947e-40,-2.62936363704506e-39,1.7171737687366208e-39,-2.743591399451461e-39,6.611787968710239e-38,-1.3924034987465302e-36,-1.6862859922288098e-36,-1.292885827217195e-36,-8.590448517392021e-39,-7.394318823974476e-39,3.9620642019010766e-30,-7.269222070308031e-30,2.9644267255016487e-30,-1.920253171796053e-30,-6.926493400549426e-30,9.189473893114977e-30,1.6047919561525557e-30,-1.6544130591361088e-30,8.432995874293373e-30,1.2082607668343655e-30,1.1241836716033543e-30,3.511862693956021e-31,-1.9486903750672302e-38,-3.8466554517041935e-39,-5.5838593947859785e-39,-9.85751288884912e-40,-4.41571483032801e-39,5.492182064420039e-39,-0.6098087430000305,-0.6754000186920166,-0.2127449214458465,0.3558155298233032,-0.0013036062009632,-0.0042979004792869,0.0057395030744373,-0.006929537281394,0.3734042942523956,0.908627152442932,0.1869918406009674,0.0,-2.16825583441183,-0.9176705405845168,-0.1379151019996413,0.6469360450520655,1.8877488952313e-15,2.2094625676147486e-16,-2.9164535755202214e-22,3.7846677542154684e-22,3.62799776699512e-30,3.568274755398071e-31,0.8280520596261107,0.1719460532469131,1.8871269761300269e-06,14.809850692749023,-1.104039200581138,-0.1239116731742867,-1.041831271142244,-0.7987784343930631,0.1054643668312173,0.0765863708652014
265.0,1415.0,0.3934517944047248,0.0198876622309415,0.5865057678304594,0.0001547755338743,1.1424208930321516e-12,0.9996847488796412,6.299771263169794e-05,0.0002522534077271,0.0016962327181875,0.2200322297535494,0.7782715375282631,2.638543642356215e-06,6.064197692619346e-07,8.762947220560143e-07,0.4230026907931111,0.5769761427428459,1.7045205909203344e-05,0.3933277582857314,0.0043759266652595,0.3383998356192495,0.6708404520217088,0.0068533237059777,mixed_higher_order,-1.2749055553252506e-31,1.3006680044713797e-30,-5.3493885818645e-33,8.889179143250125e-33,1.6819756410470496e-32,1.2168740166246207e-32,-3.182488529231989e-24,1.7428123462130027e-24,2.276745350381256e-23,-3.448861327714317e-23,-7.772012461755548e-23,5.316149687113789e-25,-1.1272969314934658e-39,6.29501323743319e-39,-5.540654425831293e-40,-3.0154017039141094e-39,1.68135219020871e-39,-3.2796051858183955e-39,5.201762312125505e-38,-1.8098646899029617e-36,-1.716333975303431e-36,-1.2352426524918335e-36,-8.865942514708793e-39,-7.314180028637085e-39,3.127702898463805e-30,-7.059851832901615e-30,3.342388004803529e-30,-2.3063031775031618e-30,-6.470089535041608e-30,9.366152730028565e-30,1.5151710040248216e-30,-1.685736987675761e-30,8.597117744102116e-30,1.0102129330045502e-30,-8.993942883557402e-31,2.9350973067603293e-31,-2.410545073882378e-38,-3.5745586332560084e-39,-5.885237020627998e-39,-8.352431955128719e-40,-4.085563991203604e-39,5.5133347642217646e-39,-0.6400701403617859,-0.65105140209198,-0.1855442225933075,0.3632974326610565,-0.0017119732219725,-0.0033697020262479,0.0056530609726905,-0.0066232066601514,0.3771924674510956,0.9070611596107484,0.1869918406009674,0.0,-2.178080415700651,-0.8681584738475777,-0.1042888094834512,0.63545325359544,1.8688059695021976e-15,1.8987552496292411e-16,-2.8121474531650143e-22,3.8786046175346666e-22,3.6729190001331875e-30,3.0528276664628344e-31,0.8335719984927478,0.1664875070806937,5.9505573441587245e-05,16.18958854675293,-1.0781663693484078,-0.1056811030271935,-1.0529149730001233,-0.7577811211638488,0.0953617810258639,0.0629525141559115
265.0,1420.0,0.2583735116086234,0.0489019653364279,0.6925888947057655,0.0001356283491831,1.5607115716368396e-12,0.9992088619758074,0.0004898866860407,0.0003012513381519,0.0005700354732904,0.0484655385053139,0.9509644260213956,3.0466597649235752e-06,8.805498217200939e-07,7.588641966650584e-07,0.6530724288582268,0.3469110659456392,1.1819122350626714e-05,0.2581691024991456,0.0023700600839981,0.2402667517244892,0.3730546556314464,0.0151132678729899,EQ_dominated_with_ED,-9.491346700469493e-32,1.2427010728993271e-30,-3.811591577900605e-33,2.7331709884896235e-32,1.7486417843660934e-32,1.27488731377902e-32,-3.472970977900684e-24,1.7356098903962282e-24,1.778753445581356e-23,-3.10678878286722e-23,-1.5855168501608573e-22,2.9013742480943862e-24,-6.7415551710967434e-40,8.795375608350952e-39,-8.507000031876136e-40,-4.665400785358677e-39,1.5248609984288348e-39,-4.1299571481335255e-39,-5.981882231821431e-40,-2.8878863448173983e-36,-1.7480112191967352e-36,-1.172430105990633e-36,-9.134511445574601e-39,-8.215452616363594e-39,1.715690635687929e-30,-6.825473608241049e-30,4.0547533619676526e-30,-2.7103479279282013e-30,-5.7704472355460686e-30,9.535820611057684e-30,1.4620664425971689e-30,-1.7081088838357383e-30,9.398939253293806e-30,6.726899617184811e-31,-5.6560978951224346e-30,3.8069474268033632e-31,-3.452742097628645e-38,-2.8016952217321848e-39,-6.885625275858627e-39,-5.7395349077600216e-40,-3.5986970974633246e-39,5.5319734075912174e-39,-0.6719601154327393,-0.6162451505661011,-0.1586748659610748,0.3787651658058166,-0.0023778232280164,-0.0021476079709827,0.0054912972263991,-0.0057550254277884,0.380947470664978,0.905490517616272,0.1869918406009674,0.0,-2.1809421042694908,-0.8058698269959287,-0.062662430102859,0.6321502601852449,1.83741332443388e-15,1.416216478355992e-16,-2.698454565054332e-22,3.975028386448612e-22,3.6731494258444594e-30,2.164699394786458e-31,0.8312987485919177,0.1687040385785759,2.787170493512292e-06,22.44536399841309,-1.026488510636316,-0.0783998545665303,-1.064809479375738,-0.7141914634495378,0.0856009224957949,0.0490097481599042
267.5,1332.5,0.4565850615736299,0.1084712892686757,0.4344027394175508,0.0005409097401435,1.835642376626949e-12,0.9995594178158416,0.0004175683564716,2.301382768680664e-05,0.0004099269150437,0.76000229514007,0.2395877779448863,3.202606381420195e-05,5.15972011839795e-06,1.2752877043416976e-05,0.1767595611153785,0.823131007180426,5.949304321939233e-05,0.4563838983299477,0.082438428800996,0.3575703644187047,0.9514168902512332,0.0034958060793306,clean_balanced_ED_EQ,-6.946521932105546e-31,1.4218449623842305e-30,-1.110431395826661e-33,-3.2324853677926517e-32,3.686060360384513e-33,-6.638466544554825e-33,-3.4012982794435874e-24,-3.218563906604463e-24,1.9228563196681828e-22,-6.066794356389317e-23,1.0212060886464637e-22,4.886217161110069e-23,-9.518649933290907e-39,1.7927260660881527e-38,1.3915553150724238e-39,-8.027422763025794e-39,8.127100348539464e-39,-9.899821728721384e-39,4.269115738911213e-37,-9.770805088140048e-37,-7.559226580414821e-37,-2.173261027085015e-36,1.1528259678295593e-38,-1.580398663792425e-38,1.8298939431740185e-29,-7.648136941205143e-30,-6.687838621676905e-30,4.159846611941043e-30,-1.1611102244692263e-29,3.4882903292641e-30,4.9973561128035624e-30,-3.7223654700687326e-31,1.2857622675263516e-29,7.490552272533459e-30,1.2091233830251342e-29,5.0900840744210325e-30,1.955037551073534e-38,3.41719163770478e-39,-7.376883577063054e-39,-4.870640009494728e-39,-1.431894693647228e-38,3.1127389281027343e-39,0.0705569609999656,-0.8151454925537109,-0.5648412704467773,-0.1054118797183036,0.010013504885137,-0.0134730245918035,0.0110445171594619,-0.0081634074449539,0.2991575598716736,0.9357022643089294,0.1869918406009674,0.0,-1.5698304587355452,-1.6539495315712642,-0.7956692991213908,0.4528258182751506,1.9173594138136125e-15,9.730400126268016e-16,-3.7247998521144823e-22,1.3689643079968777e-22,1.5543142226023228e-30,7.4011109230819535e-31,0.6697222514479186,0.3303459477660735,6.819921399214834e-05,23.40981101989746,-1.25158626850667,-0.6114711304054449,-0.522934517622055,-1.503425244336503,0.1781341218981278,0.5645919441452997
270.0,1332.5,0.4485382591995159,0.1198667663011486,0.4310312882789628,0.0005636862203726,1.8950363956668345e-12,0.9994878248062136,0.000437036731353,7.513846243348804e-05,0.0004598047266032,0.7577737418202496,0.2417664534531471,3.4119584902201166e-05,6.264601122059113e-06,1.2630572036443353e-05,0.1799895207197321,0.8198886296961849,6.883482602217759e-05,0.4483085290296896,0.0908318880199148,0.3533976523032201,0.9609688347393224,0.0042163556304569,clean_balanced_ED_EQ,-7.357565869076592e-31,1.4135519207680311e-30,1.0446911664765195e-34,-3.3322636067683864e-32,3.73842248940325e-33,-1.3301639229689463e-32,-2.7951434712048328e-24,-4.4996248198582304e-24,2.0777986098151352e-22,-5.541166796407033e-23,1.0819726011804377e-22,5.520036999360317e-23,-1.0520033834265657e-38,1.841023828071056e-38,1.7953859857110816e-39,-8.90661822215204e-39,8.724643612657306e-39,-9.503625824114972e-39,4.620740767959268e-37,-9.860963437420213e-37,-6.629340850745005e-37,-2.2276726487144897e-36,1.5650268465276624e-38,-1.4443049797937714e-38,1.9648542258612236e-29,-7.111559161003488e-30,-7.818225836090874e-30,4.1543509069652e-30,-1.183031498789238e-29,2.9572075367237964e-30,5.646613239886424e-30,-6.742499555046859e-32,1.2898262845088145e-29,7.969579193775787e-30,1.2241732149062509e-29,5.5604479885507496e-30,2.1412775337429803e-38,4.8274559846056254e-39,-7.367322971559893e-39,-5.1094040089046236e-39,-1.6269157326087066e-38,2.5497517240374878e-39,0.1179072260856628,-0.7954652309417725,-0.5734487771987915,-0.1551333963871002,0.010553334839642,-0.0141631746664643,0.0114687820896506,-0.0069791949354112,0.2881067395210266,0.9391636848449708,0.1869918406009674,0.0,-1.5037011760774024,-1.6801187625653713,-0.8377030489224329,0.4145736500894625,1.8949287841600257e-15,1.023693528722359e-15,-3.7055224922579744e-22,1.1784086981450036e-22,1.266521682992838e-30,6.358349509177886e-31,0.6469790159933335,0.3530901128699528,6.91288632863607e-05,24.057537078857425,-1.2442862763938984,-0.6476534822705322,-0.4586065946109375,-1.541066284470905,0.1627005669855092,0.6100863307667029
272.5,1332.5,0.4394686536792856,0.1323295126428227,0.4276120148471621,0.0005898188307296,1.959039659090795e-12,0.999324002685478,0.0004555805315128,0.0002204167830092,0.0006140691794846,0.7559869232638582,0.2433990075566572,3.5895427161994545e-05,7.987742675815257e-06,1.1818085781751591e-05,0.183006734286387,0.8168497655156346,8.779894235888816e-05,0.4391715740495818,0.1000393811198533,0.3492947740595724,0.9730205129925462,0.0050442408368312,clean_balanced_ED_EQ,-7.774492131951151e-31,1.4026058156332973e-30,1.4751809533973937e-33,-3.4208868397495797e-32,4.7365762898769316e-33,-2.3340968837170909e-32,-1.7442431271820372e-24,-6.302729832140302e-24,2.2411401751644573e-22,-4.922948141911332e-23,1.1436789125140862e-22,6.222126099048606e-23,-1.1587369329886135e-38,1.8730679369811327e-38,2.3326217358863644e-39,-1.0124647942178997e-38,9.254754426188705e-39,-8.606042255487013e-39,4.9874630036830474e-37,-9.939145035535366e-37,-5.682624410185839e-37,-2.2796268638359996e-36,2.122188584492908e-38,-1.1954369993341887e-38,2.1058689297816218e-29,-6.497831337994044e-30,-9.026305383068124e-30,4.0713192439851975e-30,-1.2032385349377077e-29,2.426512452666093e-30,6.585814981565409e-30,3.674655986602758e-31,1.289788553766567e-29,8.442303789896693e-30,1.2360934036613995e-29,6.0453615511667335e-30,2.3301991820328965e-38,6.39151795880563e-39,-7.34138019451277e-39,-5.32774516655363e-39,-1.903253881488546e-38,1.743836833478028e-39,0.163118228316307,-0.7731582522392273,-0.5768330097198486,-0.2059789896011352,0.0110537828877568,-0.0153683507815003,0.0118088033050298,-0.0051269717514514,0.2770157754421234,0.9424946904182434,0.1869918406009674,0.0,-1.4367868729041264,-1.7021224222128863,-0.8758283231318096,0.3718493063902133,1.8685588356527654e-15,1.0743155407499585e-15,-3.670918066397893e-22,9.931643581481252e-23,9.628155035393814e-31,5.054079140015699e-31,0.6247396117365405,0.3753293989344007,6.901067094111646e-05,24.801698684692383,-1.2346509116089146,-0.6843536288686946,-0.3931143514691122,-1.5770073323201523,0.1445483385283746,0.6580469251163755
275.0,1290.0,0.0446828951099284,0.8223551790662956,0.1324654041171543,0.0004965217066215,6.867295415286737e-12,0.9903719451764396,0.0064756128884739,0.0031524419350864,0.0017979578988961,0.1046999638510318,0.8935020782500721,0.0009999131293146,8.116000619337755e-05,0.0005147340869661,0.2807982459347962,0.712369835399607,0.0052361114431227,0.0442526857461346,0.0861005575209499,0.0943643581270796,0.3373174709859354,0.4778119181336076,MD_contaminated,-8.375869340994052e-31,-3.1044389309816038e-31,6.694478162996924e-32,2.712373253610937e-32,-1.9859007031295616e-32,4.6319470081286654e-32,-3.6307433834821e-23,3.283085851382644e-23,3.603658227571145e-22,9.832387436344324e-23,-3.075433948040569e-22,1.0469793110153449e-21,-1.0607558889738067e-37,-2.878529095153834e-38,2.9144256192965636e-38,1.1452553986813615e-38,7.693130093532804e-38,1.733274061960211e-38,1.2603442627955946e-36,3.2831180821277258e-37,2.516312673362894e-37,-2.0591239487638728e-36,-1.2983918033150782e-37,-1.2154127109566005e-37,3.5002224561823077e-29,2.289529552266661e-30,-3.131307319777306e-29,8.564764050888784e-30,-3.689145693279356e-30,-1.0854283521785365e-29,9.723437337220244e-31,-6.663207520036988e-31,4.1967867828565015e-30,3.0260495620089392e-30,-6.89723171945726e-30,2.741298176648876e-29,-2.4364705009387166e-38,1.2503394985040271e-37,-3.7138150487444616e-39,2.095694267843826e-39,-8.274789138951251e-40,1.9661213033251617e-39,0.8313401937484741,0.3681907057762146,0.3119218647480011,0.2726861238479614,-0.0234459657222032,-0.0086368080228567,0.0068959039635956,-0.0213362388312816,0.2252547144889831,0.95618736743927,0.1869918406009674,0.0,0.0915479151590818,-0.8682038088337508,0.3145908276890522,0.2241433848651435,-3.172666735019557e-16,4.921584537102802e-16,-1.8755445596498158e-22,3.847149630602231e-23,7.923204322456705e-31,-2.2143701888977723e-30,0.8273152213232079,0.1721557604260367,0.0005290182507553,132.72488403320312,0.2822728931438332,-0.7615807313463733,0.1857332106330866,-1.5198735282141074,-0.2982114632992632,1.0929717733681734
275.0,1295.0,0.1178819830007812,0.6956099476759626,0.1859339487667885,0.0005741205564674,5.3152635779242226e-12,0.9942713849943596,0.0032255958540141,0.0025030191516263,0.0021891916568487,0.1501571641670912,0.8476536441760602,0.000699060408101,4.265250188079431e-05,0.0004009412168073,0.3582682928759477,0.6370935802602513,0.0034954727370118,0.1172066825040683,0.1044508171094412,0.1184573251117594,0.6339992442619352,0.1920871353154509,MD_contaminated,-1.2887929752347582e-30,1.6250452882738154e-32,7.285470882914933e-32,-9.032765763506195e-33,-2.6692846299638587e-32,5.890325714867694e-32,-2.5493697837199146e-23,3.591583690752774e-23,3.4714020039489404e-22,1.120277848870327e-22,5.1157945932269e-23,8.651598871654823e-22,-9.652180828718526e-38,8.640687398587353e-39,2.38721744853645e-38,1.763389952034646e-39,7.264961803746519e-38,-1.0404079057204499e-38,1.5461468779774122e-36,-1.261089182039136e-37,3.726825974837821e-37,-2.034806989129341e-36,-1.3574720861752958e-37,-7.10749203196697e-38,3.1853148411702556e-29,3.4306734872337234e-30,-2.4328482138761697e-29,6.2056477402497756e-30,-7.524664353206838e-30,-9.63630203014325e-30,-2.375619662774397e-31,-1.9033011015410833e-30,2.44218803986246e-30,1.0402522911813639e-29,2.606466719388781e-30,2.891844588871029e-29,1.7523792372792703e-38,1.1544025497294591e-37,-7.142045594670805e-40,-3.227668441522819e-39,1.9709421356131677e-39,2.92340712068641e-39,0.9128495454788208,0.0109826186671853,0.3873243927955627,-0.1239526346325874,-0.014763624407351,0.011195276863873,0.0171740427613258,-0.0169836357235908,0.2301966249942779,0.955009698867798,0.1869918406009674,0.0,-0.0057428244622877,-1.3223877781453668,0.1092535570632278,-0.2141400079683795,-8.329301912235218e-17,1.211343192919555e-15,-1.9096118503478663e-22,1.9980854041314066e-23,-1.0943895875554547e-32,-2.0530982925545442e-30,0.8337582094233785,0.1659678325139705,0.0002739580626509,111.36487579345705,-0.0147187681453885,-1.1673179281074657,0.2729631106580365,-1.49034929210943,-0.3384628766608029,1.0487940197045125
275.0,1300.0,0.1983016200260322,0.5528969689752561,0.2481264667462782,0.0006749442524335,4.260094685164066e-12,0.9947842411927568,0.0021545779319624,0.0030611808752806,0.00292597226294,0.2316650503928249,0.765408977344235,0.0004477343835737,1.9179357291922147e-05,0.0002881089624041,0.3493829671142368,0.6473847706473349,0.0024772395351583,0.1972673266048908,0.1280869041796929,0.1606332957660729,0.7991957594302326,0.1013738569658412,MD_contaminated,-1.4450364448943688e-30,4.331652532883189e-31,6.130247694405294e-32,-3.422020547304758e-32,-2.698595891054766e-32,7.92136652037056e-32,-1.8905016700552626e-23,3.6331328046414913e-23,3.504828166879069e-22,9.983916697435658e-23,2.1298052354800283e-22,6.272347669409722e-22,-7.55779252693341e-38,2.9525076162525397e-38,1.669900633802659e-38,-1.7798523342717416e-39,5.887892724443847e-38,-2.774522697259238e-38,1.507114394253406e-36,-5.453198785541293e-37,3.861351771276043e-37,-2.147245945733172e-36,-1.284583647507752e-37,-4.137452033627969e-38,3.0937083889431237e-29,3.320998639094692e-30,-2.1024776391175627e-29,4.252172190411666e-30,-9.912304898849508e-30,-7.5731643309911e-30,-2.1600120815096183e-30,-2.6310998503357458e-30,4.9939312429633475e-30,1.4679995206920328e-29,9.645024215460893e-30,2.569967569955112e-29,4.1001282552474116e-38,9.081105665046852e-38,-1.4254893592787734e-39,-7.095481794236107e-39,5.975171429343938e-39,3.1728172211430755e-39,0.8433067798614502,-0.271527349948883,0.2317094504833221,-0.4020062088966369,-0.0027589180972427,0.0201993901282548,0.0236919503659009,-0.021663861349225,0.2350944131612777,0.9538158178329468,0.1869918406009674,0.0,-0.2545695410621586,-1.6158047557428572,-0.2365556897433104,-0.373877983072848,3.8978621693020356e-16,1.5814509338892489e-15,-2.1477746611011986e-22,3.2434107249033684e-24,-4.314227641483836e-31,-1.5391995319233731e-30,0.7853090537211724,0.2163288928354284,0.0016379465566007,87.26485443115234,-0.3908283179857358,-1.303800706309754,0.2806448293269216,-1.5606282661060626,-0.3004779843793375,1.0548202024264113
275.0,1305.0,0.2672051681493348,0.429106509289843,0.3029416578137243,0.0007466647470978,3.5549019471868388e-12,0.9936575039046616,0.0016134710404962,0.0047290250548423,0.0049764761421506,0.3350273446256055,0.6599961792322439,0.0002952806109881,8.29620907505187e-06,0.0002221035844177,0.3146712838308996,0.6823952906022811,0.0024077451623383,0.2655104204136934,0.1437624143689388,0.2067259606193332,0.8820350759209106,0.0594338014443831,MD_contaminated,-1.4115414092224573e-30,7.765993500662718e-31,4.4885900702442616e-32,-4.6902461165674137e-32,-2.059580471204307e-32,1.0921816847136344e-31,-1.710246107276489e-23,3.9795697715056093e-23,3.479147902168823e-22,7.255799201094612e-23,2.5445174487017183e-22,4.290464502113666e-22,-5.555561675712223e-38,3.795141959134126e-38,1.1277430681746975e-38,5.321190302924665e-41,4.427821146963152e-38,-3.8004629984315443e-38,1.3236900775309206e-36,-8.123086108184782e-37,2.957055716607364e-37,-2.2678660402452555e-36,-1.3214154008547796e-37,-3.153294702486947e-38,3.033684655062052e-29,2.0204427522840124e-30,-1.919620038586051e-29,3.5486040698246264e-30,-1.1140644844945869e-29,-5.569045502294502e-30,-5.013386922601949e-30,-3.022816843515509e-30,8.18480757906895e-30,1.5930264869395592e-29,1.3168411245881168e-29,2.095733661484005e-29,4.865995402784166e-38,6.579767697689883e-38,-3.119531184824885e-39,-9.01127923395327e-39,1.2426252654982726e-38,2.4821347873069318e-39,0.7176411151885986,-0.4574665427207947,0.0118178874254226,-0.5230702757835388,0.006791821680963,0.0244800243526697,0.0258368290960788,-0.0302880275994539,0.2399487793445587,0.952606201171875,0.1869918406009674,0.0,-0.5254306000447946,-1.7607086696367316,-0.5332279378312166,-0.3361602974900717,8.449950123081704e-16,1.6738127309043405e-15,-2.472775772809332e-22,-1.2603935495996554e-24,-5.0886228141539545e-31,-9.935917116133304e-31,0.7249298083521055,0.2753270822250726,0.000256890577178,67.28313446044922,-0.6980110130922115,-1.2686998115423302,0.2132764316930057,-1.6356890873066958,-0.2175353318520727,1.0430795732971232
275.0,1310.0,0.318282466488948,0.3386673650035123,0.3422429237575747,0.000807244749965,3.096433647904932e-12,0.9883536806494158,0.001343983634824,0.01030233571576,0.0150317563553875,0.4339878424749414,0.5509804011696711,0.0002062119297935,7.344034365606427e-06,0.0002067836686914,0.2793054020072507,0.7152057021622046,0.0050685561976942,0.314575647240526,0.1469775190545477,0.244774090596082,0.9299899118276612,0.0371469631459948,mixed_higher_order,-1.302884963611824e-30,1.0111279352773975e-30,3.0400268056655243e-32,-5.267242668596146e-32,1.1716966030956472e-33,1.6837465792454503e-31,-2.0152554385584848e-23,5.958038568364574e-23,3.3509110788368697e-22,4.3905567087403843e-23,2.434704982566535e-22,2.927885118328253e-22,-3.8767346514582766e-38,4.098909624820553e-38,8.342578299269388e-39,6.61522939099137e-39,3.042476478109842e-38,-4.760432764986163e-38,1.1221189996931456e-36,-9.46825118759226e-37,1.5697344148734093e-37,-2.344181798913013e-36,-1.946456721038734e-37,-3.5089420074847e-38,2.928865109171828e-29,3.5371578397818043e-31,-1.7675273148807268e-29,3.9195418588868474e-30,-1.1613383303541885e-29,-4.2732604069403236e-30,-1.0576182978609669e-29,-3.0751868793331855e-30,1.0751738279175761e-29,1.5543923836829066e-29,1.442075105406138e-29,1.6738422493720604e-29,4.780274318081763e-38,4.646073645354702e-38,-4.676194640054984e-39,-9.948516920199687e-39,2.625963168376415e-38,-1.5450344345940207e-39,0.5916569828987122,-0.5710396766662598,-0.1794466972351074,-0.536186695098877,0.0129967639222741,0.032497901469469,0.0262276008725166,-0.0449541844427585,0.2447597086429596,0.9513814449310304,0.1869918406009674,0.0,-0.7583089317009114,-1.8130944964540392,-0.7257246692304855,-0.214127590264141,1.1881417764063296e-15,1.6227385434069765e-15,-2.7858769269143367e-22,5.74708175746409e-24,-3.917329151613533e-31,-5.601166055060998e-31,0.6773693272122842,0.3224060548960859,0.0002246178916298,53.50779342651367,-0.9053376410760974,-1.16656929197218,0.1123538529680164,-1.677849798474431,-0.1311303909898047,1.0007985526418797
275.0,1315.0,0.3495992492076073,0.2792532642220712,0.3700086525618702,0.0011388340084512,2.8331132289193987e-12,0.9716129113142248,0.0010513172538813,0.0273357714318939,0.0595318977897191,0.5196235684152513,0.4208445337950295,0.0001159463055785,5.237209604842238e-05,0.0001856792869099,0.2437226297243384,0.7380447477650254,0.0178786248220993,0.3396751443158705,0.1451065776466796,0.2730829426509024,0.9448407403098492,0.0237484909181638,mixed_higher_order,-1.1750422263153268e-30,1.1608992007867051e-30,6.410525885646081e-33,-5.395494563755538e-32,1.6421961573349008e-31,2.231461407510567e-31,8.670936426859237e-23,6.695508798612575e-23,3.231269373950318e-22,1.8545441425744732e-23,2.0982186851509122e-22,2.0202995262070632e-22,-2.086087945888514e-38,3.709599954675101e-38,2.321455392693006e-38,1.671019629138131e-38,-2.3536631771312612e-39,-5.380617174123797e-38,9.462316510305196e-37,-1.0041604464126591e-36,4.072547620841749e-39,-2.4009946839378e-36,-1.3716968178886837e-37,3.4760982257548733e-37,2.8484389485462124e-29,-1.2711798738018077e-30,-1.4285540974645666e-29,4.00635457746277e-30,-1.419884715008088e-29,-2.735177169994201e-30,-2.4419134788032645e-29,1.2380146484907885e-29,1.3337901583929232e-29,1.50070887057313e-29,1.4339803027386477e-29,1.3464086676509262e-29,4.3086041335514567e-38,3.2629418643594673e-38,-8.6751378327183e-39,-1.0485867411434148e-38,4.018052103134201e-38,-3.988898404202501e-38,0.4792786240577698,-0.635589599609375,-0.3241600692272186,-0.4952186346054077,0.0716052502393722,0.0519871264696121,-0.0326648354530334,-0.0847182348370552,0.2495279163122177,0.950141966342926,0.1869918406009674,0.0,-0.9458755307717835,-1.8109057665153987,-0.8339642568353954,-0.0740642783272991,1.4282452953050016e-15,1.5120286524992568e-15,-3.037271259825475e-22,1.962964475189517e-23,-1.7533844480793464e-31,-2.3741919950533038e-31,0.6415121117907252,0.3585654173309196,7.752912164482595e-05,45.69811630249024,-1.0354866954806363,-1.048101843082432,0.0028928042538149,-1.7054699617353553,-0.0551780671156145,0.96139635768902
275.0,1320.0,0.3853610819187867,0.2264464069285867,0.3868147546788723,0.0013777564737541,2.5443321654814105e-12,0.9630064295304788,0.0003530681818265,0.0366405022876945,0.0384766308463403,0.6037298587156356,0.357793510438024,3.2641228710385715e-05,0.0001350474807217,4.070738966731879e-05,0.229115152047373,0.7638587778189402,0.0068176740345874,0.3711051995786131,0.136712457261659,0.2954718457513365,0.9962419407675068,0.0161172224978555,mixed_higher_order,-1.0647930891362191e-30,1.2586469252751656e-30,7.995135683543349e-33,-3.053805326180273e-32,2.7274079910343183e-31,-1.7037053078929746e-31,6.059248421316332e-23,-4.54290991310015e-23,2.998636708159082e-22,-8.519637390955978e-24,1.7734974888439402e-22,1.4791577118262253e-22,-1.3349772058305734e-38,1.7650732533904332e-38,3.646686240875568e-38,-2.6391014061294567e-38,-2.311709811537329e-38,8.740316102016243e-39,8.062514996806653e-37,-1.0338451345931128e-36,-1.595778366137926e-37,-2.3885535527067692e-36,1.84171703295536e-37,1.3125784549385363e-37,2.684019686109084e-29,-3.1568254420579654e-30,-1.3438064100423268e-29,2.8501822381662098e-30,-1.340213276066757e-29,3.066404407927275e-31,1.6929245248070917e-29,3.0808123114971097e-29,1.3535214662235828e-29,1.009097027777106e-29,1.4383806583214946e-29,1.1160389073040839e-29,3.834321264069716e-38,2.3183605625771222e-38,-8.803968892171656e-39,-5.2131671646438114e-39,-5.502884273919841e-38,-6.584196315184725e-38,0.3922054171562195,-0.6788342595100403,-0.4268272221088409,-0.4383666217327118,0.0627126917243003,-0.0588884316384792,-0.0491018891334533,0.0365843176841735,0.2542538642883301,0.9488882422447203,0.1869918406009674,0.0,-1.0880711243401475,-1.7923546186170225,-0.8919562175585807,0.0473727018737782,1.5915275553065712e-15,1.4020273425591302e-15,-3.228832104869411e-22,3.4472118443350403e-23,4.571074296245774e-32,-1.1354756656448142e-32,0.6220417702153759,0.3780961803993907,0.0001379506147665,39.53184509277344,-1.1184221301216482,-0.9461653867943848,-0.1124939308403556,-1.6838038656770276,0.0252523756153586,0.8888019174245526
275.0,1325.0,0.404718561591546,0.1873836180519719,0.407115043881412,0.0007827764750699,2.2803943187417213e-12,0.9946962783839772,0.00052025534031,0.0047834662757127,0.0056284933904567,0.6789518039622419,0.3154197026473013,4.67061094002855e-05,3.293916579980157e-05,4.3479356181715705e-06,0.209623214268427,0.7894935052760297,0.0007992872447249,0.4025720470080273,0.127224445509358,0.3214146830445406,0.9941135010216814,0.0110576813122479,mixed_higher_order,-9.569694660584996e-31,1.329307410060857e-30,9.194915955300694e-33,-3.6313387855913077e-32,4.399608700180371e-32,-1.0471909138981495e-31,8.929610796730814e-24,-2.3494085691464681e-23,2.7493985047542684e-22,-2.469328970549125e-23,1.535671628526429e-22,1.0871078965184671e-22,-1.6927962673484723e-38,1.974025280823442e-38,8.995354376106686e-39,-1.9899564676677846e-38,7.932598170569953e-39,1.5933606368153172e-40,6.773009539428875e-37,-1.02896853383327e-36,-2.898169504230715e-37,-2.373044322200617e-36,7.578775030279592e-38,6.515317143109109e-39,2.50305061312556e-29,-4.41273838289284e-30,-1.2498942214902e-29,3.505900176170704e-30,-1.2531570929360188e-29,9.068361028201597e-31,1.4037311132565238e-29,6.1292436289843395e-30,1.2703461123469536e-29,1.0130792253670128e-29,1.3718599437701284e-29,8.83067410496914e-30,3.2945483869907276e-38,1.5520797018940706e-38,-7.218400013406042e-39,-5.789087800406935e-39,-3.935424148801116e-38,-9.571577711279471e-39,0.3112193346023559,-0.7155489921569824,-0.5057070255279541,-0.3663294911384582,0.0169323738664388,-0.0312776304781436,0.006148615386337,0.0140962684527039,0.2589378356933594,0.9476208090782166,0.1869918406009674,0.0,-1.215112575730614,-1.770601834449052,-0.9194661068093112,0.172524787515352,1.7183326682223997e-15,1.2859326312388497e-15,-3.4227147005426438e-22,5.211433581726504e-23,2.8804883965980733e-31,1.6866284521345999e-31,0.6101328298602866,0.3901734020015523,0.0003062318618389,31.452272415161133,-1.1767529920408288,-0.8471454186992752,-0.2027665946796412,-1.6602690613301383,0.0729152105613481,0.8118520184316813
275.0,1330.0,0.4218759257388528,0.1582143519520762,0.4192503208566072,0.0006594014524638,2.104071876331525e-12,0.9983432488198698,0.0004935198098625,0.0011632313702675,0.0016375695271552,0.7325136511624998,0.265848779310345,4.0423022901142194e-05,1.4921126420750945e-05,8.881577068690298e-06,0.1929960651222061,0.8067261125805016,0.0002135965709015,0.4211769823010164,0.1158941726147241,0.3382201815427788,0.9937763576396372,0.0073774792908897,clean_balanced_ED_EQ,-8.624316782442338e-31,1.3730748029527062e-30,4.799820061250874e-33,-3.5730087613136057e-32,1.3284539820763063e-32,-5.372964125808079e-32,1.432599741953642e-24,-1.1970954957949025e-23,2.522964892838438e-22,-3.697057783753713e-23,1.3062775571369371e-22,8.083321820441546e-23,-1.384717680557559e-38,1.9418381994816086e-38,4.131115932162341e-39,-1.3888789263876182e-38,9.716063360848588e-39,-5.529592078133329e-39,5.794058521435938e-37,-1.0110259992517851e-36,-4.1340095609148704e-37,-2.3462897866026063e-36,3.830011957713783e-38,-5.993906203331421e-39,2.33455938469596e-29,-5.382110804109581e-30,-1.1037282242053897e-29,3.82031007282729e-30,-1.2308313028798501e-29,1.5617996633626929e-30,9.42471652876116e-30,1.940873031719884e-30,1.2850611144305113e-29,9.328985368160457e-30,1.2870717934506842e-29,7.209734522133951e-30,2.7680528951828327e-38,1.0213515178904374e-38,-7.279208722401651e-39,-5.66497965805652e-39,-2.684557697927959e-38,-1.2919914529642959e-39,0.2393315434455871,-0.7390823364257812,-0.5565048456192017,-0.2932329475879669,0.0123394401744008,-0.0202923286706209,0.0114605203270912,0.0013062276411801,0.2635803818702698,0.946340024471283,0.1869918406009674,0.0,-1.3217468149780571,-1.7377706477459491,-0.917231899130464,0.2780204645003761,1.8047861157332776e-15,1.1761367052891864e-15,-3.563523654639055e-22,7.154168737748877e-23,5.291132812174941e-31,2.961352101003609e-31,0.6040863280913328,0.3958162545055971,9.741740307012137e-05,27.26980209350586,-1.210927997256551,-0.7605868687278411,-0.2870599312916391,-1.6292313189120091,0.1087576108098523,0.7421891946293769
275.0,1332.5,0.429330754201894,0.1459662339520476,0.4240798279189585,0.0006231839270997,2.028977940004102e-12,0.998895598389198,0.0004706023703951,0.0006337992404067,0.0010357003600127,0.754678483222024,0.2442858164179633,3.6883701279827726e-05,1.1082937176135758e-05,9.813673088748363e-06,0.1857860143045729,0.8140228465794035,0.0001333588044787,0.4288566006253866,0.1101575760405624,0.3452106686994942,0.9877695081669684,0.0059931511460037,clean_balanced_ED_EQ,-8.196627110380587e-31,1.3889331830817129e-30,3.0408490332810094e-33,-3.48731273128913e-32,7.990936939420312e-33,-3.98304931213345e-32,1.5499072085279345e-25,-9.076393381461493e-24,2.414141706297484e-22,-4.20093267548913e-23,1.2057285787431654e-22,6.999039072743234e-23,-1.2687073158071e-38,1.873580514821408e-38,3.1592996614343586e-39,-1.199432990768493e-38,9.527776760769656e-39,-6.741484288924721e-39,5.370109745767866e-37,-1.0005454156338207e-36,-4.7154234075040026e-37,-2.329695024814161e-36,2.949115603903196e-38,-7.474341787285783e-39,2.2541490252595906e-29,-5.7976635321987216e-30,-1.0312788121269637e-29,3.8959415893543926e-30,-1.2228699979382797e-29,1.9017224808301983e-30,8.085875957637109e-30,1.0939008334804015e-30,1.2847048025031332e-29,8.887172195058663e-30,1.2449959938141363e-29,6.545432327643196e-30,2.5216244532737957e-38,8.123776659110921e-39,-7.3034236208227e-39,-5.5023882827763377e-39,-2.335871637816961e-38,3.7040388342698556e-40,0.2062510997056961,-0.7482728958129883,-0.5750048160552979,-0.2576737403869629,0.0115710627287626,-0.017667869105935,0.0118724526837468,-0.00198082649149,0.2658862769603729,0.9456946849822998,0.1869918406009674,0.0,-1.3690713011192752,-1.719944316557136,-0.9099223047200904,0.3248264181818497,1.838154202638656e-15,1.1247278858059508e-15,-3.6212356726673776e-22,8.134311011487828e-23,6.4471246081519526e-31,3.463971932221758e-31,0.6028978858295816,0.397171173778112,6.905960769354458e-05,25.67125701904297,-1.222615507181131,-0.7215122753059754,-0.3262050209442903,-1.611643639792631,0.1233484125785963,0.7088438930455052
275.0,1335.0,0.4362170507567495,0.1349077549071437,0.4282827527996645,0.0005924415364421,1.960011432964329e-12,0.99919016013828,0.0004498020203545,0.0003600378413654,0.0006784237803252,0.7748101535213413,0.2245114226983335,3.3411519703266115e-05,8.749794594089222e-06,9.985607169158782e-06,0.1792800911095066,0.820581555662284,8.620630674295414e-05,0.4358637848006848,0.1045278982908235,0.3514409275556742,0.9818111237437404,0.0048469800382542,clean_balanced_ED_EQ,-7.79835685185281e-31,1.4016779045092161e-30,1.655819287517025e-33,-3.399216005082584e-32,5.137407146143789e-33,-3.001131885800561e-32,-6.613105471414191e-25,-6.93675611427514e-24,2.30896125727896e-22,-4.627557681575397e-23,1.111654137831878e-22,6.091720843523377e-23,-1.1347889531842619e-38,1.8133183842637038e-38,2.3216900102881588e-39,-1.0697776988325175e-38,9.026198741636823e-39,-7.435419648250472e-39,4.993783109434088e-37,-9.890829918470817e-37,-5.26381828118523e-37,-2.311288211079526e-36,2.2850665469897547e-38,-8.256249766009959e-39,2.1751660210109442e-29,-6.1607674194533456e-30,-9.604833983621237e-30,3.935145270763342e-30,-1.2146824781062433e-29,2.225621787333561e-30,7.112707484278936e-30,5.293919750190368e-31,1.2799496668025968e-29,8.407883410650306e-30,1.2035480743403616e-29,5.9527059688251774e-30,2.287688793676358e-38,6.330664615094692e-39,-7.32341867728081e-39,-5.2815161227339246e-39,-2.084710399271348e-38,1.4104475534911016e-39,0.175148069858551,-0.7559235095977783,-0.5894519090652466,-0.2233072221279144,0.0108742089942097,-0.0158057920634746,0.0118471793830394,-0.004209223203361,0.2681819200515747,0.9450463056564332,0.1869918406009674,0.0,-1.4126803441026234,-1.7014316359879902,-0.8997637574840616,0.3674915289360972,1.8662188635532204e-15,1.0760092293328105e-15,-3.6705541867863454e-22,9.102549304556436e-23,7.584758867391368e-31,3.8899692178817605e-31,0.6024652702218019,0.397477741774459,5.698800373910018e-05,24.292814254760746,-1.2315235623431742,-0.6851688379849131,-0.3627795004492495,-1.5929272969143446,0.1356205920789067,0.6766910632928592
275.0,1340.0,0.4483367897090462,0.1156174048075975,0.43550418398162,0.0005416215017363,1.837917938937189e-12,0.9994949282138816,0.0003919634258973,0.0001131083602211,0.0004125788156853,0.8096334471003725,0.189953974083942,2.67629262379412e-05,5.658191914268888e-06,9.279131622706948e-06,0.1681809515312775,0.831723435366973,5.391285197449445e-05,0.4481103474458852,0.0936077179991743,0.3622190360178832,0.971377308260261,0.0031104376307883,clean_balanced_ED_EQ,-7.07582409567746e-31,1.4202318513285442e-30,-8.229043038030339e-34,-3.141146496388786e-32,3.0504789258655217e-33,-1.6601655073859728e-32,-1.9359106846343582e-24,-4.5099872483582496e-24,2.1084287944061396e-22,-5.305088649305321e-23,9.451324889765978e-23,4.644777654726288e-23,-9.100560381026148e-39,1.6571117770410708e-38,1.3413228526812208e-39,-8.588754041554941e-39,7.75923806305681e-39,-7.982365502154061e-39,4.345257080905094e-37,-9.66553654458608e-37,-6.2913124743316504e-37,-2.271140203470363e-36,1.548526948965034e-38,-1.0964159110027144e-38,2.0238114006453472e-29,-6.75601937764829e-30,-8.26888808402491e-30,3.9077495887843394e-30,-1.1969225922428565e-29,2.8482699722642043e-30,5.7702796851967136e-30,-6.90697454599912e-32,1.265222607977398e-29,7.537553889783709e-30,1.1245967208230905e-29,4.959447349069749e-30,1.8556570730075686e-38,3.4674020650460557e-39,-7.306162733447973e-39,-4.855613055652971e-39,-1.7313285492236595e-38,2.555254094279232e-39,0.1170461624860763,-0.768240749835968,-0.6088526248931885,-0.1578880101442337,0.0099002756178379,-0.0138779766857624,0.0111402021721005,-0.006705000065267,0.2727427780628204,0.9437400698661804,0.1869918406009674,0.0,-1.4916481935543833,-1.6635816028782695,-0.8725569663044772,0.4431098425051077,1.91007211176264e-15,9.854936608235352e-16,-3.750868511116992e-22,1.1025020429208783e-22,9.780662189849262e-31,4.543914635013306e-31,0.6041842675554472,0.3957992037169418,1.6528727611042626e-05,22.035625457763672,-1.2431691197373225,-0.6193669015527937,-0.4303641047978549,-1.5535982746442358,0.1548969648472873,0.6156150112456682
275.0,1345.0,0.4585867198233825,0.0994713547341959,0.4414439898310031,0.0004979356114184,1.7328911290452041e-12,0.999625817076752,0.0003441277581828,3.0055165065084115e-05,0.0002777220220728,0.8380674441860262,0.1616548337919009,2.172562022226145e-05,4.045942323296988e-06,8.133856075737912e-06,0.1591142529766319,0.8408170029940986,3.483861064816665e-05,0.4584151245039963,0.0833637040318091,0.3711736125194613,0.9626183462116352,0.0019301038984964,clean_balanced_ED_EQ,-6.444314313641399e-31,1.4316435854120699e-30,-2.6367329667346078e-33,-2.901041231414049e-32,2.6954753945260493e-33,-8.175877700399011e-33,-2.3870960912035114e-24,-2.7662282445766023e-24,1.921977358211699e-22,-5.784791751019058e-23,8.039257357964344e-23,3.616446618721226e-23,-7.592875367006403e-39,1.5030427354775167e-38,8.80316907317041e-40,-7.213403190752163e-39,6.7125549452063e-39,-7.817014093053549e-39,3.807194499715901e-37,-9.452207311244244e-37,-7.231658509592487e-37,-2.228060885406401e-36,9.96092496235441e-39,-1.1319846198299426e-38,1.8803861606568338e-29,-7.21134118456751e-30,-7.009174633238384e-30,3.797004159914503e-30,-1.17946854841065e-29,3.414335163123692e-30,4.8879191630994224e-30,-4.351887887501649e-31,1.2424972504298529e-29,6.732531272444677e-30,1.0508441699073996e-29,4.174106811746231e-30,1.4706115688727563e-38,1.3474141302247122e-39,-7.254718538275211e-39,-4.4147636062924753e-39,-1.4963421824734686e-38,3.2124035556524246e-39,0.0639351680874824,-0.7772948145866394,-0.6177881956100464,-0.09730014950037,0.0089861517772078,-0.0125667592510581,0.0102744316682219,-0.0081290462985634,0.2772636115550995,0.9424217939376832,0.1869918406009674,0.0,-1.561003455658055,-1.6255247655773422,-0.8387588630102373,0.5066551506859003,1.940744783813244e-15,9.043180913781785e-16,-3.8096930097415767e-22,1.2906903994790314e-22,1.1856209221885355e-30,5.021449059664546e-31,0.6085136088634899,0.3913012190677404,0.0001851720687695,20.286983489990234,-1.2484995530122525,-0.5619920783381255,-0.4910183504680345,-1.5128186421461,0.1682753512623084,0.5590891236738171
275.0,1350.0,0.4675487807217955,0.0857882969232791,0.4462046668417209,0.0004582555132043,1.641385683548552e-12,0.999686222420169,0.0003069596428431,6.817936987846024e-06,0.0002859706077944,0.8608293775490677,0.1388846518431379,1.829465711266715e-05,3.3482002761267726e-06,6.954630328167372e-06,0.1516935770229592,0.8482462745256465,3.155096367728417e-05,0.4674020743969277,0.073849086241461,0.378491446324447,0.9543489048412792,0.0011316446146292,clean_balanced_ED_EQ,-5.88663819362062e-31,1.4386027929721912e-30,-3.795212391879984e-33,-2.6971749830004643e-32,3.271663387283342e-33,-2.4029622804806816e-33,-2.8835137148748774e-24,-1.7558496737100153e-24,1.7491889524410354e-22,-6.09314412992662e-23,6.876082386590827e-23,2.8413782042646304e-23,-6.199976542405282e-39,1.3975743164675935e-38,4.223122726104141e-40,-6.527134688490525e-39,5.777660690003046e-39,-7.448614205687017e-39,3.3545077470709825e-37,-9.255321612492272e-37,-8.088850549493517e-37,-2.1828798482963925e-36,6.600896023883003e-39,-1.256981944397556e-38,1.746104380531029e-29,-7.55143131137847e-30,-5.8554142936013866e-30,3.6152201631540376e-30,-1.1605628755962989e-29,3.936211903970346e-30,4.2657254357138095e-30,-6.24839621742335e-31,1.2124581337259042e-29,6.0115034095845466e-30,9.791315586001047e-30,3.51796095423348e-30,1.1233465611235667e-38,-2.652618259159555e-40,-7.137235707900157e-39,-4.005999806019678e-39,-1.3254638291133246e-38,3.5841100097823176e-39,0.0146075747907161,-0.7838882207870483,-0.6188846826553345,-0.0420006141066551,0.0081102959811687,-0.0117711219936609,0.0094265006482601,-0.0087168095633387,0.2817443907260895,0.9410919547080994,0.1869918406009674,0.0,-1.6231047979457196,-1.5873014006425374,-0.8015279202366985,0.559685393843802,1.962719869978681e-15,8.312887556964249e-16,-3.8496626692429794e-22,1.4733245145811492e-22,1.3855589334654794e-30,5.343344985835523e-31,0.6148984601438424,0.3849471436941653,0.0001543961619923,18.90361785888672,-1.249921948958163,-0.5114572500294094,-0.5451595899771162,-1.4711829273951464,0.176588632596383,0.506941701488985
275.0,1355.0,0.4749904890251829,0.0740063983342983,0.4505797249730979,0.0004233876674207,1.5605402514835933e-12,0.9997240361780364,0.0002685626660971,7.401155866491484e-06,0.0002926515909811,0.8816682499789325,0.1180390984300864,1.450562299198966e-05,2.4805069561338626e-06,5.773772186369259e-06,0.145802935072677,0.8541477377927115,2.6567232477164836e-05,0.4748594088344351,0.0652490917066445,0.3848616527810337,0.9486078887554508,0.0006139993059949,clean_balanced_ED_EQ,-5.3888514692406905e-31,1.4415681551106453e-30,-4.8039213647320926e-33,-2.476273176976752e-32,3.8477646595460915e-33,1.6520598468292253e-33,-2.9558881875057434e-24,-9.857421893042108e-25,1.5906086394140096e-22,-6.284685519743053e-23,5.847912783623673e-23,2.2276399277908812e-23,-5.237463735414137e-39,1.2430015677704474e-38,1.9589989188340674e-40,-5.5743432820021116e-39,5.041561551094624e-39,-6.855655444806087e-39,2.981702775778901e-37,-9.085476482007816e-37,-8.880744153105023e-37,-2.1372609299910087e-36,3.9823993884763656e-39,-1.2278022247369183e-38,1.6222821776154365e-29,-7.806911633649414e-30,-4.808501190464253e-30,3.3898653818332614e-30,-1.1414322503201373e-29,4.4170462518161526e-30,3.802356569534414e-30,-7.862178239123999e-31,1.1803318808909089e-29,5.397666880334896e-30,9.107902373810872e-30,2.9772307642896963e-30,8.089894484236521e-39,-1.485247899596854e-39,-7.000796963184475e-39,-3.6543869780618527e-39,-1.1955106610021186e-38,3.909341391222691e-39,-0.0316313989460468,-0.7881388664245605,-0.6143932342529297,0.0087380725890398,0.0072902794927358,-0.0110725183039903,0.0086732674390077,-0.0090617248788475,0.2861860692501068,0.9397507905960084,0.1869918406009674,0.0,-1.6784115176361287,-1.5491228909502217,-0.7617592542673924,0.6042254979672387,1.9770069606454487e-15,7.650024257840435e-16,-3.874603173930456e-22,1.6495436373395985e-22,1.5701046909964997e-30,5.5581033964841065e-31,0.6223391670049497,0.3777127406341951,5.1907639144754825e-05,17.78431510925293,-1.247876621914767,-0.4664796280076236,-0.5941213373322479,-1.4298264875812887,0.181467692353574,0.4592816590827913
275.0,1360.0,0.4815703917541706,0.063691029352484,0.4543465927681203,0.000391986125225,1.488167551950957e-12,0.9997465412441916,0.000234970018138,1.84887376704757e-05,0.0003702803635734,0.8993859157500661,0.1002438038863603,1.1372575647664114e-05,1.846697353342176e-06,4.694771302320079e-06,0.1412896259452708,0.8586649970048207,2.7463005605074687e-05,0.4814483335218424,0.0572828147592481,0.3901315157183885,0.943468702702247,0.0003058899801656,clean_balanced_ED_EQ,-4.939232393075329e-31,1.4422345765507186e-30,-5.4790190347947086e-33,-2.271979946906033e-32,4.6745919171952825e-33,4.5964033519881215e-33,-3.1637116634316612e-24,-4.7156384603296835e-25,1.442275137502932e-22,-6.363889084497101e-23,4.9603800347220644e-23,1.758866258099074e-23,-4.3087464065921866e-39,1.1030041840404561e-38,-1.815597227306669e-41,-4.7717898352098965e-39,4.326908990211753e-39,-6.258253341075227e-39,2.665592730587799e-37,-8.944366684709098e-37,-9.618179162879045e-37,-2.0901433216566685e-36,1.9832483181094856e-39,-1.286001916411953e-38,1.504187053670771e-29,-7.977545700459818e-30,-3.8326752253184446e-30,3.1061780676675026e-30,-1.1209196478971897e-29,4.8713684111807366e-30,3.439939347104531e-30,-8.962770023449648e-31,1.1471840300252125e-29,4.8366912069900135e-30,8.494813607110576e-30,2.538210220357694e-30,5.25358304186956e-39,-2.390415822521657e-39,-6.85563360781243e-39,-3.319371569515032e-39,-1.0929271835956275e-38,4.1366891033746415e-39,-0.075711004436016,-0.7906067967414856,-0.6048094034194946,0.0553520768880844,0.006426827982068,-0.0106013948097825,0.0080250455066561,-0.008960043080151,0.2905886173248291,0.938398778438568,0.1869918406009674,0.0,-1.7292165464357927,-1.5106607467888338,-0.7202669509332255,0.6415239623553314,1.9862005883414946e-15,7.041903661717317e-16,-3.886024190579036e-22,1.8219393695150312e-22,1.748337760885343e-30,5.661935865953834e-31,0.6309449569363671,0.3690029506078515,5.209245578141619e-05,16.868736267089844,-1.2438635992637643,-0.4259869706316668,-0.6387331077073387,-1.3880420782220906,0.1830790938813306,0.4149199047872385
275.0,1365.0,0.4871002982552452,0.0547323852612771,0.4578038125708837,0.0003635039125938,1.4239300779657672e-12,0.9997606848093928,0.0002059974915868,3.3317699020287725e-05,0.0004087954727345,0.9155250257227182,0.0840661788045472,9.42063403655368e-06,1.465243997614063e-06,4.033990901359592e-06,0.138148484889103,0.8618118063361793,2.4788905782169146e-05,0.4869837277545235,0.0501088684241964,0.3945407306593029,0.9398553320757568,0.0001541771654204,clean_balanced_ED_EQ,-4.536057744417556e-31,1.4410942152688391e-30,-5.925961553521973e-33,-2.0861136514567e-32,5.5024220290780896e-33,6.766798454383169e-33,-3.069679948660204e-24,-4.751530090958825e-26,1.3059616713298726e-22,-6.366314231879859e-23,4.1757954662457764e-23,1.394646619632037e-23,-3.7615866264311236e-39,1.0016708480000475e-38,-1.605387915220873e-40,-4.2167004409035644e-39,3.922122592279081e-39,-5.799992426953962e-39,2.387283802625182e-37,-8.845515781505772e-37,-1.030765790239609e-36,-2.0430598165042895e-36,3.4202669865276e-40,-1.2268098797180655e-38,1.3952659713053948e-29,-8.084895656903577e-30,-2.9494933863616043e-30,2.7894324827613745e-30,-1.10031657342684e-29,5.2954631741422024e-30,3.1378865701139743e-30,-9.90724384064485e-31,1.113763807047383e-29,4.339452068526095e-30,7.900113099612643e-30,2.1637399852625257e-30,2.672775208629424e-39,-3.077183108698945e-39,-6.702789480101103e-39,-3.0142864175501215e-39,-1.0092415079321135e-38,4.33208330751989e-39,-0.1176654398441314,-0.7915364503860474,-0.591515064239502,0.0976976603269577,0.0056513771414756,-0.0101142143830657,0.0074313059449195,-0.008790336549282,0.2949525415897369,0.9370362162590028,0.1869918406009674,0.0,-1.7756628766526,-1.4726316985814425,-0.678233927709036,0.6720740863863958,1.991336902407323e-15,6.490913573302082e-16,-3.885975631091457e-22,1.988572162827936e-22,1.9172328294193763e-30,5.710247225550906e-31,0.6405093434196383,0.3595673983803203,7.674179995853514e-05,16.12537384033203,-1.2383274137281504,-0.3897819167998154,-0.6795150429658364,-1.3468528856307582,0.1824779866118343,0.3743284539477292
275.0,1370.0,0.4916664505589256,0.0469664156780801,0.4610289463538428,0.0003381874091513,1.3660642730484444e-12,0.9997673985512712,0.0001823285119869,5.02729367421038e-05,0.0005318688566503,0.9304175359811808,0.0690505951621687,7.881992375741603e-06,1.2226421239802875e-06,3.355235746919164e-06,0.136229987032363,0.8637318702232847,2.568287410569533e-05,0.4915520882302343,0.0436983767490672,0.3982053940612751,0.9376864047358648,0.0001198582198618,clean_balanced_ED_EQ,-4.174018614422776e-31,1.4382750522548197e-30,-6.256747995191199e-33,-1.9232406773818088e-32,6.446600524668738e-33,8.439354568104258e-33,-3.1888004097360974e-24,2.7470947793191517e-25,1.1812795132808e-22,-6.29748944321499e-23,3.476393331781621e-23,1.1018115749755435e-23,-3.305575745890059e-39,9.146925578140728e-39,-1.5418160899591955e-40,-3.8274477083890735e-39,3.4597699384411244e-39,-5.3194665588366425e-39,2.1627773343408144e-37,-8.778855906544791e-37,-1.0946648189000292e-36,-1.996146937297428e-36,-1.1061099406559364e-39,-1.236481723944701e-38,1.293596936077132e-29,-8.135393453669892e-30,-2.1485377370137093e-30,2.4501050155322582e-30,-1.0787431423373624e-29,5.685288838905606e-30,2.9168041280487685e-30,-1.0586033494444665e-30,1.081312145190964e-29,3.9120019766557714e-30,7.339635782449021e-30,1.8611452208939986e-30,3.3331615468367917e-40,-3.5598419707781515e-39,-6.549343599515012e-39,-2.750255828006972e-39,-9.382533195829107e-39,4.4659684794950735e-39,-0.1575178802013397,-0.79096919298172,-0.5752164125442505,0.1358532756567001,0.004905282985419,-0.0096493633463978,0.0070400643162429,-0.0086378399282693,0.2992783486843109,0.9356637001037598,0.1869918406009674,0.0,-1.817682185535742,-1.4348366944212738,-0.6361321184104469,0.69655355852039,1.992726330883791e-15,5.989834390253903e-16,-3.875208455186009e-22,2.1483859259920485e-22,2.0751852316387256e-30,5.6848341602850085e-31,0.6505613188434349,0.3494542085511359,1.5527394570780118e-05,15.51464557647705,-1.231394314544417,-0.3573629941327899,-0.7163815760954599,-1.3063385836188568,0.1798464799009492,0.3373550113236858
275.0,1375.0,0.4954657602387698,0.0400986943968596,0.4641203755279947,0.0003151698363758,1.3137498110066918e-12,0.999774773370999,0.0001583255170384,6.690111196242147e-05,0.0006583909398929,0.9447380629309148,0.0546035461291923,6.339995179682836e-06,9.471503656268488e-07,2.8276439866849536e-06,0.1357954045708249,0.8641688948550719,2.558578457120565e-05,0.4953541681558058,0.0378827628705479,0.4010783919997481,0.9367355179181918,0.0001770116522607,clean_balanced_ED_EQ,-3.8427178513408552e-31,1.4345357181948328e-30,-6.512897483853202e-33,-1.7517330529551244e-32,7.318522524564237e-33,9.696737598475282e-33,-3.2009059328255545e-24,5.647324270897545e-25,1.0654753779285229e-22,-6.170209175834422e-23,2.828253993819081e-23,8.733922612550774e-24,-2.7989796377561355e-39,8.21326660473504e-39,-3.323565050665781e-40,-3.337309671490422e-39,3.131338560314979e-39,-4.875965489536343e-39,1.9598385320757723e-37,-8.763131448008361e-37,-1.1548315820289308e-36,-1.9487636655756444e-36,-2.4504532826512845e-39,-1.2079740954743964e-38,1.1978184460690645e-29,-8.143147860189724e-30,-1.414988303807552e-30,2.087163825248528e-30,-1.0563196156883092e-29,6.0559846449172536e-30,2.7261273702103264e-30,-1.1303496854511935e-30,1.0502168458796402e-29,3.518071894228906e-30,6.799919173256964e-30,1.604965550815683e-30,-1.841636493944772e-39,-3.9127136022028866e-39,-6.404957822224159e-39,-2.4974283557046144e-39,-8.773172283284746e-39,4.593248390091912e-39,-0.1960338205099105,-0.7890409827232361,-0.55637526512146,0.1705414801836013,0.0041586025618016,-0.009178384207189,0.0066910535097122,-0.0084094097837805,0.3035664558410644,0.9342811703681946,0.1869918406009674,0.0,-1.856801412242864,-1.3969694486686892,-0.5942439336341278,0.7160334194488327,1.9918852095928265e-15,5.527907709044031e-16,-3.8550136067142543e-22,2.3035703976532454e-22,2.2280931159335882e-30,5.614627946927188e-31,0.6611164679124837,0.3387533204721699,0.0001302116153463,15.006628036499023,-1.2237266885589566,-0.3278019732548107,-0.7502700976683426,-1.26607128559403,0.1755707846239442,0.3031766715998029
275.0,1380.0,0.4983036337886079,0.0341408761748722,0.4672614034896095,0.0002940865469103,1.2663309963752125e-12,0.9997793495482724,0.0001365034151757,8.414703655192725e-05,0.0007716808762973,0.958538404395433,0.0406899147282695,5.403000374037859e-06,8.645467521894267e-07,2.3445930575312778e-06,0.1367819284041503,0.8631837414384004,2.571801726568166e-05,0.4981936828667149,0.032725340973324,0.4033324464939192,0.937704186375315,0.0003077533909786,clean_balanced_ED_EQ,-3.540257008231365e-31,1.4297105174543356e-30,-6.65533742577037e-33,-1.5871459189778708e-32,8.220594529824602e-33,1.0724328898776064e-32,-3.127766698985692e-24,7.266179680584071e-25,9.593223341037008e-23,-6.003850455878986e-23,2.227759027659073e-23,6.8841633552357e-24,-2.3936161866655977e-39,7.609777448931993e-39,-4.093519415685786e-40,-3.164698139346573e-39,2.8029655803876782e-39,-4.445074073690197e-39,1.7824688651589675e-37,-8.796344315076792e-37,-1.2110981230683333e-36,-1.9017507802600056e-36,-3.3724973708129924e-39,-1.183568369566606e-38,1.1078930426219176e-29,-8.125944495578164e-30,-7.42544721982249e-31,1.726932298272216e-30,-1.0336382816051157e-29,6.399012816202899e-30,2.557448889505229e-30,-1.1706286254052604e-30,1.0192608928444445e-29,3.1650815030175894e-30,6.274520456793503e-30,1.3751429164358321e-30,-3.85335010470053e-39,-4.167157497485314e-39,-6.251948839493155e-39,-2.271918852133401e-39,-8.226313159080875e-39,4.68979928787303e-39,-0.2329128384590149,-0.7858777046203613,-0.535963773727417,0.2016902863979339,0.0034597327467054,-0.008900286629796,0.0063362116925418,-0.007957573980093,0.3078169226646423,0.9328894019126892,0.1869918406009674,0.0,-1.8923038504479877,-1.3593191564630231,-0.5531230765292215,0.730976794717501,1.98862124300018e-15,5.103776147583054e-16,-3.826669942879226e-22,2.451737497471779e-22,2.3697197695287378e-30,5.502799895938023e-31,0.6719433417911742,0.3280396089376758,1.704927114998256e-05,14.586543083190918,-1.2151916856842992,-0.3009064302925039,-0.7811339973824069,-1.2265911082795002,0.1702181400679615,0.2719822297986946
275.0,1385.0,0.5002988635620232,0.0288351911591486,0.4705913272806497,0.0002746179981782,1.2233475021566277e-12,0.99978147978839,0.0001173200107082,0.0001012002009017,0.0010749927935726,0.9720629423403016,0.0268620648661258,4.597287600833851e-06,7.638031427672992e-07,1.9512556920661605e-06,0.1396328079557643,0.8603317009487185,2.817874908158423e-05,0.5001895381484893,0.0280296207611071,0.4048646370510764,0.9406204202227004,0.0004997740086117,clean_balanced_ED_EQ,-3.2601897515514597e-31,1.4242676824628208e-30,-6.67924149262313e-33,-1.4349229198908143e-32,9.151284148846422e-33,1.1504178385475969e-32,-3.314159574709738e-24,9.522520000348856e-25,8.60012111745291e-23,-5.792864298424848e-23,1.6407952028126112e-23,5.2819472852837615e-24,-2.2118732699074104e-39,6.996165548622898e-39,-3.6308042461291198e-40,-2.968678389715495e-39,2.574960354455293e-39,-4.027491021388095e-39,1.6325117945568732e-37,-8.89363337971859e-37,-1.2649710914307314e-36,-1.8540521150888783e-36,-4.560472621570237e-39,-1.2008429911903855e-38,1.0235716558650068e-29,-8.06298381666751e-30,-1.4086527084625644e-31,1.3324572753826122e-30,-1.0094853380854936e-29,6.730527378505346e-30,2.4164120328700273e-30,-1.2077139401160077e-30,9.883435124145981e-30,2.859472443458349e-30,5.757567122068087e-30,1.1871415499336225e-30,-5.760179895116768e-39,-4.321225178462591e-39,-6.094182250556293e-39,-2.0743547818060758e-39,-7.741418973450603e-39,4.766375375299397e-39,-0.2691838443279266,-0.7814294695854187,-0.5135183334350586,0.2300424128770828,0.002804338466376,-0.0083204759284853,0.0062059536576271,-0.0077707646414637,0.3120307028293609,0.9314884543418884,0.1869918406009674,0.0,-1.926022572674723,-1.3214105245030117,-0.5120631902513662,0.7420800046316246,1.9839212289369112e-15,4.708068835671639e-16,-3.7905118166400153e-22,2.5974755573942463e-22,2.507945508871485e-30,5.352833189275057e-31,0.6831690526176207,0.3167194891401439,0.0001114582422353,14.239527702331545,-1.2061952403299998,-0.2761015649877086,-0.8100007772711566,-1.187207885221035,0.1636434558712252,0.2429460570919596
275.0,1390.0,0.5011580291208729,0.0243102382056433,0.4742741458629153,0.0002575868105684,1.1846796954026705e-12,0.9997837710091176,9.873638499334884e-05,0.000117492605889,0.0011946991210071,0.984738448346608,0.014066852532385,3.749043071112137e-06,6.425835010049412e-07,1.6356583028197314e-06,0.1443475109826526,0.8556206303153924,2.583141708007386e-05,0.5010496642259634,0.0239392262495616,0.4057987436255219,0.946356475012249,0.0007461734244517,clean_balanced_ED_EQ,-3.004934411106513e-31,1.4179825681164014e-30,-6.687537752920329e-33,-1.2757898431093503e-32,9.967764186937635e-33,1.2146835269887057e-32,-3.1395516879157627e-24,1.0433283829360767e-24,7.69567984272088e-23,-5.567226254226296e-23,1.0647013692832197e-23,3.938977686696413e-24,-1.829219636559319e-39,6.359281166012244e-39,-5.3930549174270444e-40,-2.68591268476262e-39,2.3685149520650587e-39,-3.673365350222688e-39,1.5028493736658532e-37,-9.057368310981518e-37,-1.3157616449941182e-36,-1.807022647210783e-36,-5.1213235242195035e-39,-1.1163311466062515e-38,9.44737626988326e-30,-7.987082504795064e-30,4.090530637184347e-31,9.45017220300617e-31,-9.856429758289645e-30,7.04206517832246e-30,2.286929325325329e-30,-1.254106172482115e-30,9.621018432253477e-30,2.592220930196353e-30,5.243048372890389e-30,1.026415567216239e-30,-7.567968667711195e-39,-4.4120479784258575e-39,-5.979343958082002e-39,-1.9030114768439503e-39,-7.29045341054882e-39,4.848468559842784e-39,-0.3038892447948456,-0.7758650183677673,-0.490231841802597,0.2552727460861206,0.0022273352369666,-0.0079352855682373,0.0059609808959066,-0.0074231550097465,0.3162077367305755,0.9300788640975952,0.1869918406009674,0.0,-1.9565305459480955,-1.283911477490336,-0.4722484331167487,0.7494132546048754,1.9775318131296097e-15,4.3458427697511796e-16,-3.747815282757764e-22,2.7359301174717035e-22,2.6368042328022178e-30,5.189716061648687e-31,0.6943831296081049,0.3055820701350557,3.48002568394401e-05,13.958776473999023,-1.1965527671933034,-0.2535688848150015,-0.8364731472801376,-1.1487839964552595,0.1567036571676303,0.2166143642590597
275.0,1395.0,0.5006006896303392,0.0203520510046717,0.4788058216102613,0.0002414377547277,1.1506140079533397e-12,0.9997872164947486,8.082357665504518e-05,0.0001319599285963,0.0014238888879832,0.9947673302573438,0.0038087808546728,3.459925035125052e-06,6.631077878577145e-07,1.4096871395831003e-06,0.1526296099618943,0.8473395936213123,2.526369683078864e-05,0.5004941700608683,0.0202455554431785,0.4057111303067574,0.9564625689265992,0.0010472856080384,clean_balanced_ED_EQ,-2.7653804475011912e-31,1.4111371619263784e-30,-6.578664250617747e-33,-1.1130239559976308e-32,1.0728438932176144e-32,1.2562760632406343e-32,-3.0973441855240013e-24,1.0802453966677218e-24,6.852254805062803e-23,-5.312454125214268e-23,4.507699748231167e-24,2.9092923298689174e-24,-1.657590143043499e-39,6.143133817613058e-39,-5.460198641604982e-40,-2.7315014724943035e-39,2.2036078535857413e-39,-3.411644189692317e-39,1.3838883566925928e-37,-9.347901712238328e-37,-1.3643998028189236e-36,-1.7595198337835152e-36,-5.59544747954989e-39,-1.0793530369468024e-38,8.684276385063518e-30,-7.900464421137818e-30,9.210955975655604e-31,5.658210739838361e-31,-9.605368535976129e-30,7.3346437779856e-30,2.1835517961706783e-30,-1.2929526147357626e-30,9.362044316022285e-30,2.3354955527163163e-30,4.722725797039383e-30,8.79081328940226e-31,-9.323785644169824e-39,-4.4539215943495065e-39,-5.8537096343342e-39,-1.7339100925136484e-39,-6.897956016454447e-39,4.9315837599471236e-39,-0.3379991352558136,-0.7691352367401123,-0.4657231271266937,0.2779709100723266,0.0016182361869141,-0.0075630159117281,0.0058121550828218,-0.0070673557929694,0.3203485012054443,0.928660809993744,0.1869918406009674,0.0,-1.9853050888444388,-1.246099929878944,-0.4329613819033167,0.7537280547442223,1.970099234620121e-15,4.0050731373387446e-16,-3.6985788370708315e-22,2.871081225075623e-22,2.7596906522944173e-30,4.994475386660293e-31,0.7058722457269841,0.2942495866517152,0.0001218323786993,13.744112014770508,-1.1865083127422924,-0.2325179279082969,-0.8611872958876114,-1.1105807290399798,0.1489964929115736,0.1921827295684474
275.0,1400.0,0.4983773617150674,0.0170243390248436,0.4843720253875878,0.0002262738725009,1.120817875417467e-12,0.999789539522856,6.36355349049263e-05,0.0001468249422389,0.001784130889395,0.9967934941379376,0.0014223749726672,2.930814136545285e-06,5.543198668700171e-07,1.1864562889566763e-06,0.1650068243751687,0.8349633065538155,2.519748072337394e-05,0.4982724729777231,0.0169697503819627,0.4044328679197889,0.97189812900152,0.0014112726711215,clean_balanced_ED_EQ,-2.5426566706626628e-31,1.4034054462481244e-30,-6.518616067660215e-33,-9.326422881991719e-33,1.1509624477271947e-32,1.2894277866935404e-32,-3.1149036126910583e-24,1.2008249016958887e-24,6.076226674847378e-23,-5.034317254307767e-23,-2.242973446482185e-24,1.9631506276177644e-24,-1.5952603311810068e-39,5.65536274074172e-39,-4.376739629891326e-40,-2.517716338918136e-39,2.0329290754913048e-39,-3.137652940831115e-39,1.2931173367845205e-37,-9.77370409481378e-37,-1.4098605796437582e-36,-1.7119151036685755e-36,-6.310033516335668e-39,-1.042158833199083e-38,7.964673364398022e-30,-7.779037278320583e-30,1.3797356339439257e-30,1.674792977399804e-31,-9.344407905737688e-30,7.611557652799326e-30,2.0764664260561936e-30,-1.3289389322359998e-30,9.126612542903894e-30,2.1106498614652052e-30,4.1656542620360666e-30,7.528196318154468e-31,-1.1080149294522023e-38,-4.448413609746919e-39,-5.7490886618592346e-39,-1.5825499209758047e-39,-6.531490315463168e-39,4.9920074138864544e-39,-0.3709363043308258,-0.761143147945404,-0.4406311810016632,0.298024982213974,0.0010800302261486,-0.0070400875993072,0.0057308790273964,-0.0068415915593504,0.3244533836841583,0.9272345900535583,0.1869918406009674,0.0,-2.011440051073563,-1.2081538470677422,-0.3949388719439124,0.755037989379778,1.96147593050715e-15,3.687145710009346e-16,-3.643091144534419e-22,2.9998341099376137e-22,2.8752759891858298e-30,4.7732057499665925e-31,0.7169833628335456,0.2830543780440516,3.774087759711442e-05,13.585853576660156,-1.175793041700421,-0.213027391962233,-0.8835364646156532,-1.0728290727865155,0.1406914176703365,0.1698091124946673
275.0,1405.0,0.4936197495279877,0.0143781284298238,0.4917901659388172,0.0002119561033714,1.0965852506852044e-12,0.9997909575265572,4.7460683304295154e-05,0.0001615817901385,0.0020295970003336,0.9782677615187912,0.0197026414808752,2.412570953391668e-06,5.032392290867282e-07,9.692474637181415e-07,0.1832353921540087,0.8167381842258142,2.2538562530746143e-05,0.4935165620346061,0.0140656595138734,0.4016638071489815,0.9962935364905476,0.0018627581749012,clean_balanced_ED_EQ,-2.3309717970409686e-31,1.3947037440032382e-30,-6.390501900847795e-33,-7.353946009182044e-33,1.2217164375805223e-32,1.31869838013167e-32,-3.0081787172901714e-24,1.255834177212114e-24,5.355769708948084e-23,-4.7470414723652483e-23,-1.0097148010731022e-23,1.0971456512228006e-24,-1.3531106100233284e-39,5.1974466016193723e-39,-5.6692897449076174e-40,-2.3864721004901697e-39,1.9200420460061707e-39,-2.810982941537606e-39,1.2075225158585814e-37,-1.0396091579694056e-36,-1.4537464497355068e-36,-1.664038693728872e-36,-6.638286025254543e-39,-9.521927473408764e-39,7.264845032378319e-30,-7.658117469979693e-30,1.8100431435872847e-30,-2.203793700389156e-31,-9.074889505921656e-30,7.878497394166963e-30,1.9751549707817067e-30,-1.3627170805273805e-30,8.919658808870842e-30,1.9068191689459692e-30,3.5511641963794835e-30,6.363816431969822e-31,-1.2914538488682691e-38,-4.415400971568072e-39,-5.673189056533541e-39,-1.4441248697722708e-39,-6.17042764349107e-39,5.060694885882629e-39,-0.4032886326313019,-0.7518889307975769,-0.4149316847324371,0.3160319030284881,0.0006246889242902,-0.006477537099272,0.0056328549981117,-0.0066695581190288,0.3285228013992309,0.925800621509552,0.1869918406009674,0.0,-2.0358287791991065,-1.1698692795116672,-0.3576365392508597,0.7540266844172419,1.951964612696552e-15,3.385062289472169e-16,-3.5821913549149994e-22,3.124794782529365e-22,2.9856784831820854e-30,4.539127248798689e-31,0.7280210341886731,0.2721206787876392,0.0001417129763123,13.498761177062988,-1.1643442594513338,-0.1945971424036923,-0.9045662928207354,-1.0354166729490175,0.1321909618406987,0.1491422296065106
275.0,1410.0,0.484705996538798,0.0125861705649911,0.5025098980775626,0.0001979348186483,1.080293592846936e-12,0.9997910224266312,3.1619790238168986e-05,0.0001773577831307,0.0025896475976825,0.9097696068422746,0.0876407455600429,2.31053222894482e-06,5.471446810935301e-07,8.522244081206371e-07,0.2116314576987089,0.7883401998495332,2.4632550439786908e-05,0.484604703855844,0.0114505154465618,0.3961487534768342,0.9645700480590004,0.0024454592977205,mixed_higher_order,-2.128929050013899e-31,1.3844180322886752e-30,-6.234027918495949e-33,-4.8151727851347246e-33,1.3017117321327862e-32,1.336383658860912e-32,-3.1669942420455342e-24,1.3527119366266212e-24,4.686805198144482e-23,-4.438257494642327e-23,-2.0031998683680996e-23,2.8818999679637114e-25,-1.1875424533502128e-39,5.1957658316837407e-39,-6.2847167432471125e-40,-2.516297245947996e-39,1.8160142454779288e-39,-2.6794671803294803e-39,1.1431919676326015e-37,-1.1348370697070593e-36,-1.495283035175331e-36,-1.6155961064396816e-36,-7.396105868081968e-39,-9.834473631389687e-39,6.584312420369227e-30,-7.501196935534665e-30,2.1979428047927627e-30,-6.277435946586284e-31,-8.782255449993508e-30,8.128941822974523e-30,1.900685635101508e-30,-1.3902504144336742e-30,8.766510948434937e-30,1.7187997472478627e-30,2.8175679019517644e-30,5.4675315513350955e-31,-1.492981586481719e-38,-4.3319871264842315e-39,-5.6410567720235165e-39,-1.3220199468033696e-39,-5.842296492521526e-39,5.0944748311985946e-39,-0.4349803924560547,-0.7412154078483582,-0.3887078464031219,0.3319709002971649,5.359612623578869e-05,-0.0060383332893252,0.0056212292984128,-0.006379596889019,0.3325571119785309,0.924359142780304,0.1869918406009674,0.0,-2.0581671430883826,-1.1309878963004398,-0.3210216766626303,0.7508168317382192,1.941272672831219e-15,3.0955356341543173e-16,-3.5155754313114365e-22,3.245409913309337e-22,3.0884895020847677e-30,4.268661334342817e-31,0.7386446869944889,0.2613707659747549,1.545296924376771e-05,13.513246536254885,-1.1516589806753326,-0.1770997056153532,-0.9238246848004222,-0.9981572242083387,0.1231539776578715,0.1300507470230943
275.0,1415.0,0.467532561034404,0.012281425495816,0.5200027879990614,0.0001832254707186,1.0792919319007852e-12,0.9997866042163912,2.0439510437819347e-05,0.000192956273171,0.0027137957238557,0.739770079268282,0.2575161250078622,2.271394983747653e-06,4.781696212007992e-07,8.547764905065849e-07,0.2589229270703759,0.7410500159145498,2.345267397887821e-05,0.4674327915571794,0.0090854311125673,0.3853480743223146,0.8990962583747685,0.0032973070359937,mixed_higher_order,-1.9247968977500035e-31,1.3713400185818932e-30,-6.101219030600888e-33,-1.4066785735359833e-33,1.3715770531788228e-32,1.3489765991971276e-32,-3.202015640530249e-24,1.4268646910288944e-24,4.062515845910413e-23,-4.122484731519417e-23,-3.4144296646010425e-23,-5.234818095331178e-25,-1.3769986321658739e-39,5.2529985390236666e-39,-4.299233383790677e-40,-2.454255073327068e-39,1.8069120466618608e-39,-2.7987241738112588e-39,1.097154530757325e-37,-1.291818398027958e-36,-1.5350816151372162e-36,-1.566572095980083e-36,-7.89459363396441e-39,-9.48269533154931e-39,5.875062304583055e-30,-7.353556079668539e-30,2.5902567636246772e-30,-1.0162102084236198e-30,-8.465321120546324e-30,8.369765147904054e-30,1.8089275854258167e-30,-1.4313457426929506e-30,8.672837180150379e-30,1.5355401224831678e-30,1.8607653255173912e-30,4.405527215484511e-31,-1.7398799534391056e-38,-4.246516739762464e-39,-5.6710368731197726e-39,-1.1920112025855578e-39,-5.5269818686286017e-39,5.1390075098576735e-39,-0.4661809504032135,-0.7287384271621704,-0.3624450266361236,0.3466997146606445,-0.0004222720162943,-0.0054088034667074,0.0056077390909194,-0.0061519434675574,0.336556613445282,0.922910451889038,0.1869918406009674,0.0,-2.078345253465744,-1.0908790747306287,-0.2849467812841212,0.746435263224358,1.9291828478651146e-15,2.805250117785349e-16,-3.443933760917824e-22,3.3616969499691826e-22,3.1824379015391706e-30,3.961190404103066e-31,0.7484138072102345,0.2516363826251725,5.018983540705513e-05,13.72134017944336,-1.1367487198068862,-0.1595527279710111,-0.9417225555238684,-0.9610409395117906,0.1139876176204979,0.1123294646261005
275.0,1420.0,0.4349382405857471,0.0150691045471117,0.549825252522108,0.0001674023450331,1.1100924882185265e-12,0.9997610859774316,2.631422020715872e-05,0.0002125998023613,0.002140638381195,0.4595539228654322,0.5383054387533727,2.136455633056205e-06,5.483630980988268e-07,6.895217195898964e-07,0.3374175028379355,0.6625577378943246,2.1384927289222632e-05,0.4348343277411199,0.0069250661086945,0.3642909755482236,0.7910481350040549,0.0047019356594156,mixed_higher_order,-1.7139020278047675e-31,1.3533266394941136e-30,-5.893318151874045e-33,3.774623503278725e-33,1.4391291205395052e-32,1.373336674249179e-32,-3.21467044681624e-24,1.4397253337556647e-24,3.483582398473163e-23,-3.807875541726113e-23,-5.583993018707893e-23,-1.3652671428997981e-24,-1.1276103306133766e-39,5.4350419082443455e-39,-5.414656208828105e-40,-2.7595485159521917e-39,1.669075800488255e-39,-2.675484492357101e-39,1.0573537047980594e-37,-1.5562378496975697e-36,-1.5736097976619332e-36,-1.5170153221430433e-36,-8.219248006015402e-39,-9.308425296580506e-39,5.1023774544545546e-30,-7.202254897712585e-30,3.0073103600701066e-30,-1.3955231675403591e-30,-8.109690821137256e-30,8.597777833975049e-30,1.7520580434383308e-30,-1.4516742018026367e-30,8.698598342834236e-30,1.3539882022123413e-30,4.657187402450163e-31,3.603715448466627e-31,-2.074006283334696e-38,-4.105521388804672e-39,-5.8270573953396556e-39,-1.0693759735072731e-39,-5.174065337550788e-39,5.186441613297806e-39,-0.4969286918640136,-0.7139906883239746,-0.3362118899822235,0.3607587814331054,-0.0009372977074235,-0.0048920735716819,0.0055554280988872,-0.0057749236002564,0.3405217826366424,0.9214547276496888,0.1869918406009674,0.0,-2.096032268746097,-1.0490343987609032,-0.2488565678858065,0.7414719790571714,1.9149649298420387e-15,2.5051995507257243e-16,-3.3673750727109367e-22,3.474027753079108e-22,3.2653974833272965e-30,3.5969553520448604e-31,0.7567456387218459,0.2432495458704686,4.815407685487827e-06,14.350275039672852,-1.117866779770055,-0.1415707106290074,-0.9585720108586888,-0.9240972126703202,0.1049178691897128,0.095982664976733
277.5,1332.5,0.4181616695675018,0.1609212134825337,0.4202392971202786,0.0006778198296859,2.1071878454945063e-12,0.997484431437592,0.0004737188350649,0.0020418497273432,0.0023422684842138,0.7537175208504485,0.2439402106653376,3.583153763968611e-05,1.811941535971442e-05,5.974249670856826e-06,0.1883551227128146,0.8113143194534302,0.0002706326310848,0.4171097552175337,0.121289138078301,0.3409461593507267,0.9950560845522683,0.0070788646941517,clean_balanced_ED_EQ,-8.624222387122783e-31,1.3723989829769838e-30,4.8807062237964815e-33,-3.4984221422638143e-32,1.8346772722054074e-32,-7.100265152670053e-32,4.065156933807596e-24,-1.4030290319536308e-23,2.5986801824138e-22,-3.362012205582683e-23,1.266748455906981e-22,7.858625951843343e-23,-1.366704289144905e-38,1.8030342836957304e-38,4.8267902863192555e-39,-1.534770362342514e-38,8.840255074616841e-39,-2.6826634914495817e-39,5.771307615502263e-37,-1.0061409641376123e-36,-3.7227400832561538e-37,-2.3783480447427183e-36,4.394821934441649e-38,1.2855363216161082e-39,2.4115461879232241e-29,-4.998358201148044e-30,-1.1669150202594128e-29,3.6024875136091054e-30,-1.2446315980525062e-29,1.3958706875389397e-30,1.0866053505799169e-29,2.673490646541987e-30,1.2728440073878722e-29,9.240916553805926e-30,1.2514832426114386e-29,7.066739199637485e-30,2.715878806198662e-38,1.0047860512042644e-38,-7.271953251837844e-39,-5.568785743675437e-39,-3.124783606573387e-38,-2.7601143956044252e-39,0.2473913431167602,-0.7206971049308777,-0.567880392074585,-0.3100969493389129,0.012472677975893,-0.0227308850735425,0.0108920820057392,0.0042292424477636,0.2547198832035064,0.948763370513916,0.1869918406009674,0.0,-1.300401140670116,-1.7333791128614475,-0.939849093699973,0.2733884141955145,1.803501257618428e-15,1.1748323670303893e-15,-3.555873650895244e-22,6.391910603943638e-23,3.1395589813847233e-31,1.5624967585349404e-31,0.58127905453698,0.4187847816341865,6.383617116645368e-05,26.74781990051269,-1.20806119334292,-0.7591515672827486,-0.2575328664857954,-1.6453009766068432,0.0987159044580985,0.7630283559897264
280.0,1332.5,0.406638679296708,0.1775238673803069,0.4149968660574994,0.0008405872654856,2.202312922998492e-12,0.9900697490747348,0.0004245375689119,0.0095057133563533,0.0085101176476636,0.7514214824584262,0.2400683998939101,2.781214699435952e-05,4.36349369535686e-05,4.652639678017122e-06,0.1909867131933119,0.8080107971238554,0.0009263899592066,0.4026006551753732,0.1333952475986633,0.3353219485470219,0.9798596388445177,0.0082988372472943,clean_balanced_ED_EQ,-9.060829682753421e-31,1.3525357694100911e-30,6.901053010352481e-33,-3.299741452608962e-32,6.614928004193491e-32,-1.45156207638737e-31,1.5720980711667064e-23,-2.543015346199871e-23,2.7991377022350203e-22,-2.3921197239836528e-23,1.3216815182919969e-22,8.801504816503861e-23,-1.3403885974191367e-38,1.51792585167212e-38,1.0686943723374487e-38,-2.3003503729610874e-38,2.7169487196315478e-39,7.824236397946067e-39,6.204663784601585e-37,-1.0114424734399413e-36,-2.70193107617306e-37,-2.425659087398093e-36,7.864826683369934e-38,2.53770101339126e-38,2.5825338778666745e-29,-4.0786358517974536e-30,-1.3029485488886473e-29,3.1278182779020183e-30,-1.2795853289780278e-29,9.508186498671724e-31,1.7278175087159577e-29,8.382139036930712e-30,1.2563571076546898e-29,9.216829850499285e-30,1.2574921861058772e-29,7.646740329890393e-30,2.914540123548093e-38,1.223472779057523e-38,-7.402131640597643e-39,-5.267713956152952e-39,-4.955892025750663e-38,-1.5059489081324716e-38,0.2866170108318329,-0.6897303462028503,-0.5548754930496216,-0.3635546863079071,0.0174145828932523,-0.037376120686531,0.0033523517195135,0.0202590245753526,0.2435180693864822,0.9517000317573548,0.1869918406009674,0.0,-1.230366627747396,-1.7414091507954683,-0.965043937237542,0.2163450732519923,1.7638388211130653e-15,1.2247307082539212e-15,-3.4708777001113472e-22,4.707411508886842e-23,-2.7417238574813915e-32,-6.853164273305734e-32,0.5595775034661989,0.4404804890622974,5.799252849625347e-05,28.479419708251957,-1.1905764984525211,-0.7975841468113081,-0.1869150248290431,-1.6780299562266434,0.0702377765711225,0.8218869923198386
282.5,1332.5,0.4022126693626414,0.1985580787011513,0.3972366604616075,0.0019925914745995,2.4044682727810524e-12,0.917675787622594,0.0002284664049183,0.0820957459724878,0.067437936507907,0.7187349047779831,0.2138271587141098,1.7091192796148773e-05,0.0002062398840485,0.0002186971489415,0.1913373645029708,0.7997985172219719,0.008422090049271,0.3691008281491479,0.1427106217881713,0.3177092920234016,0.987628413324426,0.0090079851442111,mixed_higher_order,-9.485083579384123e-31,1.3240762688304911e-30,-5.37167781611544e-33,-2.513171217308068e-32,4.811149943357436e-31,-7.650706137512356e-32,9.204391786789977e-23,-1.332673233203278e-23,3.034342213793862e-22,-1.0659424477486865e-23,1.3608365171278491e-22,9.437696718224952e-23,3.2648737737395805e-39,1.5896461277996515e-38,5.473584873075166e-38,-1.348782617290387e-38,-5.80007420930531e-38,-2.4086405432358772e-39,6.780681197957856e-37,-1.0071618682446154e-36,-1.7136535991370489e-37,-2.476418984692482e-36,1.1140812241895285e-37,2.290761899469452e-37,2.7770474746473945e-29,-2.7658990445535404e-30,-1.3731855450170386e-29,2.817822212670608e-30,-1.4038616427045592e-29,-5.192119550221635e-32,5.0373790335083425e-30,4.839237116567235e-29,1.4995812361398536e-29,8.307735591310487e-30,1.2342453146057624e-29,8.587060723518713e-30,3.072518895096985e-38,1.5071389559525502e-38,-1.051360543465128e-38,-5.14305244001879e-39,-3.2791129117525303e-38,-1.1662636878923848e-37,0.3185435831546783,-0.6525329947471619,-0.5297597646713257,-0.414363831281662,0.099125325679779,-0.0492912679910659,-0.0885666608810424,0.0167881064116954,0.2322825342416763,0.9545044898986816,0.1869918406009674,0.0,-1.1654459479481043,-1.7379578660689263,-0.9726925654628124,0.154088427231465,1.714209439489221e-15,1.2691461093186358e-15,-3.3561880795928507e-22,3.424365421408097e-23,-3.6691075815650205e-31,-3.353899303167046e-31,0.5395247828940104,0.460468686875544,6.530230445611629e-06,35.435482025146484,-1.1655248781448784,-0.8349293121022583,-0.1185476594335468,-1.7131447951904064,0.0312983613370178,0.8909480922545794
285.0,1290.0,0.0019701792229091,0.879269095804985,0.1180956201224539,0.0006651048496519,1.024951623552418e-11,0.8859537443652361,0.0692459504789086,0.0448003051558552,0.0009514723437232,0.1803801572321282,0.8186683704241485,0.0008441902533705,8.758484093489325e-05,0.0003897438773209,0.0561338900473579,0.9388603713622784,0.0036842196187372,0.0017454876596069,0.1586026977506544,0.1108752977644256,0.0166829152585532,6.669017930067117,MD_contaminated,-8.457676294804752e-32,-1.995515761097395e-31,2.1282517384707658e-32,5.673214887317839e-32,-2.3823696728327284e-32,4.251804022963597e-32,-4.4739163539993517e-23,4.679270267644058e-24,5.569542773978931e-22,2.7095186639734763e-22,-9.7826929402378e-22,8.854628206504543e-22,-7.960179674301377e-38,-8.505701198485457e-38,2.332743566966145e-38,2.9391126219396976e-38,5.627435497085261e-38,5.566588990276891e-38,4.9333568432731575e-37,4.5587506697011524e-37,9.942760256283358e-37,-2.5608476778279285e-36,-1.312741591224035e-38,-1.7158465766017287e-37,5.274218970338093e-29,2.0331782055363557e-29,-5.682398018797927e-29,-9.649687074392008e-30,4.0817930049408816e-30,-1.0682108842855416e-29,1.420318076952812e-30,2.7977941115747592e-30,1.663142650863966e-29,-6.907008128093399e-31,-1.5075297727203626e-29,1.5179353848666885e-29,-7.871201632709559e-38,9.33236478193241e-38,-1.4630567099619706e-38,3.6296102876278256e-39,-4.930560093097004e-39,-1.3300243159678576e-39,0.2834102213382721,0.8775926232337952,-0.1261687874794006,0.3585543930530548,-0.0035908527206629,-0.0402639284729957,0.005687563214451,-0.0436264015734195,0.1784330457448959,0.9660204648971558,0.1869918406009674,0.0,-0.1334925548812829,-0.0885817471325585,-0.0483591637403648,0.6095059561400419,1.6653179372930474e-16,-4.311395423585177e-16,-1.1998784789532533e-22,1.4894121014594318e-23,1.7790724606925647e-30,-1.0919309525205705e-30,0.8521242440727224,0.1464154270012303,0.0014603289260473,140.56845092773438,0.1814434169014155,-0.0769019075615599,0.7338916202677466,-1.8902041315462192,-0.8217836520899063,1.689214863926901
285.0,1295.0,0.0279663409121878,0.8403837301083966,0.131083038034326,0.0005668909450895,8.075539984273083e-12,0.9878015424901064,0.0084198681231429,0.0037785893867504,0.0009231789000315,0.1602302335115696,0.8388465875883988,0.0009361722735803,7.66315110027478e-05,0.0004790174567166,0.2088355231793088,0.7868190672202067,0.0028535883591849,0.0276251946908633,0.1346548813145923,0.1031386337145593,0.2133482816050116,0.6840343599187944,MD_contaminated,-6.7051243739780225e-31,-3.811835862392386e-31,6.023410814018079e-32,3.798137199344152e-32,-2.6627152843038047e-32,3.958017716636259e-32,-3.6007837084644256e-23,1.4316700966312625e-23,4.599330563639807e-22,2.2152402951145325e-22,-4.879189213860323e-22,1.061274018664192e-21,-1.0635577116676132e-37,-4.6467625287123804e-38,2.920187696594827e-38,1.5808800452626286e-38,7.715391170694694e-38,3.0658803349156456e-38,1.1343755694240316e-36,4.644161641453637e-37,7.796666346692944e-37,-2.2478827550905332e-36,-5.555971877442853e-38,-1.3207412773308984e-37,4.363829832338479e-29,1.3897983582916085e-29,-4.2687863604163284e-29,-1.7645504051651213e-30,-9.50437278866872e-31,-1.2133435737396334e-29,1.5759136603987162e-30,1.6380512913575554e-30,5.9633913843703745e-30,2.3356991136844915e-30,-1.033533925997063e-29,2.4656423903103719e-29,-4.179555570836936e-38,1.2550908329487714e-37,-5.715106843148948e-39,3.0358178249965446e-39,-3.8200901274359836e-39,2.7022031164400444e-40,0.6732240915298462,0.6298232674598694,0.2865698337554931,0.257674366235733,-0.0156822111457586,-0.0179226994514465,0.0018842020072042,-0.0232858620584011,0.1836080104112625,0.9650503396987916,0.1869918406009674,0.0,0.1395335730263014,-0.5519065771980423,0.2771815691593141,0.2151998397659306,-3.1834301580501166e-16,2.433323424616314e-16,-1.3239811070344322e-22,2.402720924480113e-23,1.4557954037387708e-30,-2.40072902532728e-30,0.85047518055206,0.1490641302226445,0.0004606892252955,137.9813232421875,0.3452551671740063,-0.6073133577182304,0.571049550777253,-1.646411915573199,-0.669277361446944,1.38956836007535
285.0,1300.0,0.0862542695684508,0.7372028182756156,0.1759399507210875,0.0006029614348461,6.235805001745945e-12,0.9940936394338846,0.0038389844558874,0.0020673761102279,0.000899894299886,0.2014245265244494,0.7976755791756643,0.0007049031733719,4.568161656891047e-05,0.0003929951384459,0.307551445208156,0.6896916433167475,0.0016133315467095,0.0857448207520126,0.1484907286236556,0.1213443137378944,0.4902483444774133,0.2504346050038308,MD_contaminated,-1.1948686843236154e-30,-1.4225592740903752e-31,7.471966548898065e-32,2.9406815774151366e-33,-3.15373289679611e-32,4.490696252712968e-32,-2.715630109893093e-23,1.6412973266980378e-23,4.22652260666742e-22,2.161705659071657e-22,-6.644033372995233e-23,9.423737227721642e-22,-1.0361483309621466e-37,-4.7280078197456814e-39,2.6178861266899436e-38,3.445305463362494e-39,7.743599403935018e-38,1.2826938693267878e-39,1.5307805805933854e-36,6.057893251820608e-38,8.185391222261257e-37,-2.1431534452445643e-36,-6.291159465947156e-38,-9.139826145591078e-38,3.859506164278443e-29,1.2856111516407618e-29,-3.3123961645340346e-29,-1.5662591509490153e-30,-5.4711025968501794e-30,-1.1289847166646397e-29,1.2953018513205796e-30,5.5453520328055146e-31,2.3647897202012195e-30,9.421371314270685e-30,-1.0814120757627638e-30,2.823131268703691e-29,3.9036766968275535e-39,1.2489971915903918e-37,-1.3016964801701456e-39,-1.7117086860299e-39,-2.239137002089895e-39,1.161692193886721e-39,0.8457686305046082,0.2650173306465149,0.4526099562644958,-0.1050904765725135,-0.0116586806252598,0.001003666431643,0.0096610076725482,-0.0119686340913176,0.1887377947568893,0.9640601873397828,0.1869918406009674,0.0,0.1246230254427965,-1.0536947396465168,0.1746986063180255,-0.2515404474720969,-2.3524180240356927e-16,1.0149861630095137e-15,-1.3895073553085093e-22,8.919275299675947e-24,4.694955578482659e-31,-3.0129863214341905e-30,0.7856956940688724,0.2161363640472478,0.0018320581161201,118.31558990478516,0.1283520421149033,-1.078083975025568,0.5949180128145777,-1.5576538178579404,-0.6505913249717844,1.2720228265839997
285.0,1305.0,0.1582500401993075,0.6034091168267884,0.2376441056860112,0.0006967372878927,4.926204013657109e-12,0.9956590654915256,0.0023967572118918,0.0019441772965826,0.0009892430880215,0.2942996731757101,0.7047110837362685,0.0004558116059575,2.2956169322887043e-05,0.0002758627314749,0.3144325454152587,0.6838924356235243,0.0009203884544616,0.1575630871388389,0.1775831058733677,0.1625230062491804,0.6659119095021716,0.1254760917958291,MD_contaminated,-1.4348351461315262e-30,2.7515115508046803e-31,6.684549843277043e-32,-2.587983706398945e-32,-3.2741258204355573e-32,5.564055357839092e-32,-2.2391229186114722e-23,1.5013024373985913e-23,4.2194284441174475e-22,1.9538333509063607e-22,1.6019683531315612e-22,7.014702633843075e-22,-8.440614061704082e-38,2.171786286291833e-38,1.9409977417828884e-38,-2.411516306666483e-39,6.499611202984809e-38,-1.9306337775458686e-38,1.569270153267659e-36,-3.96720518902295e-37,8.250866332615726e-37,-2.240030592655615e-36,-5.345814611749703e-38,-6.936371364344268e-38,3.7213661567007597e-29,1.1776189464731685e-29,-2.868025279950524e-29,-2.5522275439893503e-30,-8.533408767502349e-30,-9.22396456037061e-30,5.637791073738008e-31,-3.602836057635397e-31,4.0045952351248394e-30,1.4478093170659582e-29,6.599747094321608e-30,2.5898015966444854e-29,3.4188774220449744e-38,1.0215141736481631e-37,-1.0194354114446127e-39,-5.987437538992447e-39,-4.932570932804049e-40,1.6340545955704144e-39,0.8325665593147278,-0.0534023642539978,0.341003268957138,-0.4331817924976349,-0.0016666903393343,0.0099773984402418,0.018069053068757,-0.0105891274288296,0.1938232183456421,0.963050663471222,0.1869918406009674,0.0,-0.0843655034200081,-1.4171241719205825,-0.1681583125641133,-0.4833070459336693,1.9798161925752828e-16,1.4952017441654577e-15,-1.6235931290480408e-22,-1.4389179296156405e-23,-4.441055115098132e-31,-2.865278628777205e-30,0.6961212145334034,0.3043683150894238,0.0004895296228273,92.86564636230467,-0.2473071043580195,-1.2896363277745613,0.5950903528511,-1.615612884808532,-0.5857766657998785,1.2650222826986346
285.0,1310.0,0.221572149199069,0.4851156986424825,0.2925453760887677,0.0007667760696807,4.077906753871669e-12,0.9960903027261844,0.0017395909872684,0.0021701062865471,0.0012794911765645,0.4046680771826768,0.5940524316407587,0.0002938680921875,1.0677183856434906e-05,0.0001946278264274,0.2891027697374427,0.7097050837961562,0.0006929733639297,0.2207058691713919,0.1963108369807843,0.2076209406512569,0.757394125182949,0.0730974303371918,MD_contaminated,-1.4510299754894524e-30,6.384708048579796e-31,5.165404187862841e-32,-4.148304469187168e-32,-3.018778977937004e-32,6.755641527554083e-32,-2.1164973772292216e-23,1.368451701717486e-23,4.204414915137285e-22,1.5534587766187082e-22,2.330934692112806e-22,4.905032707693637e-22,-6.357991342810091e-38,3.2618303766879994e-38,1.3092334480013799e-38,-3.7578475365484755e-39,5.048759870054696e-38,-2.886046539265773e-38,1.418686385727505e-36,-7.064747091845275e-37,7.188879333120014e-37,-2.376814529643997e-36,-4.420060248227246e-38,-6.377292275165575e-38,3.659178429511604e-29,9.327234383671545e-30,-2.637692525961552e-29,-2.258774188221944e-30,-1.0214853004790788e-29,-7.068470246632495e-30,-3.716755307308156e-31,-9.486623864231752e-31,7.067769344145427e-30,1.6350694763230522e-29,1.0862092896472965e-29,2.1674515527404378e-29,4.635045511937972e-38,7.66057939229716e-38,-2.4752079933000222e-39,-8.270473507406237e-39,1.4936371245402918e-39,1.9597529038895443e-39,0.7432881593704224,-0.2679702937602997,0.1244041919708252,-0.5992216467857361,0.006531601306051,0.0117902597412467,0.022372705861926,-0.0138531699776649,0.1988643556833267,0.962022304534912,0.1869918406009674,0.0,-0.3344275363586699,-1.6174303854979402,-0.4937211809694749,-0.484359938097144,6.549780100942244e-16,1.6625135805190289e-15,-1.9775983737797245e-22,-2.7679604422250866e-23,-9.506740963030422e-31,-2.3903995740604987e-30,0.6244670382386389,0.3752354332425376,0.0002975285188233,71.79490661621094,-0.5716701440035882,-1.299214480489978,0.5145445522154233,-1.7012066988249246,-0.4639631606603173,1.2557099435882018
285.0,1315.0,0.2714048993103835,0.3940011266949181,0.3338047615807196,0.0007892124139787,3.500886100718826e-12,0.9960080326800796,0.0013286020161456,0.0026633653037745,0.0020510596478517,0.5079274281541479,0.4900215121980003,0.0002049643352774,5.153838545462083e-06,0.0001477098815587,0.2606733571533316,0.738185063780392,0.0007837510108949,0.2703214598218701,0.2001239789719863,0.246409689217662,0.8130647928003063,0.0458429590261013,mixed_higher_order,-1.3690647534406783e-30,8.993247336175949e-31,3.703927698688076e-32,-4.6980661623345016e-32,-2.624060841504741e-32,8.053700634489628e-32,-2.3010793226583688e-23,1.383499579476253e-23,4.075720244126056e-22,1.1140332552832961e-22,2.363598373744568e-22,3.4112480971714824e-22,-4.747380156408457e-38,3.627271519977432e-38,8.836391618603461e-39,-3.41653759173189e-39,3.8637427038502595e-38,-3.285619652186265e-38,1.2222843898555752e-36,-8.8082089513886e-37,5.511768273142157e-37,-2.474668181556832e-36,-4.203230779423876e-38,-7.111842988137397e-38,3.5526492754544725e-29,6.398770619160096e-30,-2.4469925604307779e-29,-1.14711846423296e-30,-1.1056572593179275e-29,-5.251654196030507e-30,-1.3886442671847821e-30,-1.3964799779787152e-30,9.613980603172757e-30,1.6090928202899726e-29,1.2711903344565822e-29,1.752050883928617e-29,4.818157882743191e-38,5.556842198600502e-38,-3.9631734215665445e-39,-8.945781725122537e-39,4.09883161135688e-39,2.278520663870965e-39,0.6412906050682068,-0.4067088663578033,-0.0849256515502929,-0.6443659663200378,0.0108479373157024,0.0108340820297598,0.0232985951006412,-0.0175250433385372,0.2038617879152298,0.9609757661819458,0.1869918406009674,0.0,-0.5603310553375221,-1.715499037363783,-0.7245439371110027,-0.3758316355622036,1.0200670516795353e-15,1.659995251027509e-15,-2.3471252439212867e-22,-2.8683843355695615e-23,-1.1334584481905113e-30,-1.872383690064627e-30,0.5769007972002292,0.4232698165204792,0.0001706137207084,56.52528381347656,-0.8021702452259554,-1.221164022232597,0.3915108720887705,-1.757801579962501,-0.3314572045921512,1.2126449838107616
285.0,1320.0,0.310519945437688,0.3248175649913039,0.3638802584726759,0.000782231098332,3.0768550301493922e-12,0.9952325241892028,0.0010737501184887,0.0036937256923084,0.004132052465756,0.5955471968365097,0.4003207506977341,0.0001458549367759,1.911415002843351e-06,0.0001216300188459,0.2355884007495388,0.7628654687826254,0.0012767340972112,0.3090395491090438,0.1934441903138319,0.2775916839605008,0.8533574938663654,0.0299173217678188,mixed_higher_order,-1.2559409521480223e-30,1.0769148122046845e-30,2.5715155239581677e-32,-4.78728168528308e-32,-2.0692476877967634e-32,9.864315333624574e-32,-2.829170251610363e-23,1.6369685458814257e-23,3.8581334590147097e-22,7.164674918351304e-23,2.150997905630017e-22,2.3924748088769304e-22,-3.507674535675768e-38,3.5485621727755676e-38,5.6712978461497215e-39,-6.800352192423472e-40,2.940546430165202e-38,-3.4805594115088283e-38,1.0390029012715112e-36,-9.64940334097431e-37,3.6567418574225073e-37,-2.5252688120197587e-36,-5.006700979990302e-38,-9.159488661620424e-38,3.38923605640229e-29,3.568096153731129e-30,-2.2499791042786744e-29,2.040949281286611e-31,-1.1392572284335185e-29,-3.7721903910850345e-30,-2.799873285313763e-30,-1.705728380313894e-30,1.1462035903115825e-29,1.5026825318085598e-29,1.3235961366693552e-29,1.413954862916972e-29,4.525083266599588e-38,3.9797362128319003e-38,-5.1472438742589436e-39,-8.900904064259672e-39,8.263553341550296e-39,2.2748856294533147e-39,0.5456158518791199,-0.4991717040538788,-0.2558156251907348,-0.6217710971832275,0.0127451801672577,0.0096080219373106,0.0231166984885931,-0.020923689007759,0.2088159471750259,0.9599114060401917,0.1869918406009674,0.0,-0.7508974878524936,-1.7567793651352563,-0.8693008904507318,-0.2309542325205262,1.2897029785809961e-15,1.5818625855858745e-15,-2.683347194751482e-22,-2.0758159151982656e-23,-1.1255521410367196e-30,-1.4167312630363489e-30,0.5471238016528747,0.453013113894867,0.0001369155477417,45.64670181274414,-0.9569366388927552,-1.1160176271842976,0.2577809515023633,-1.7801808892808648,-0.2123623974797419,1.143558473329466
285.0,1325.0,0.3415352693231064,0.2730604933851852,0.3846470378684113,0.0007571994232971,2.759971350191254e-12,0.9926835599484728,0.0009092929405286,0.0064071471109984,0.0142428574078014,0.6576812705661329,0.3280758720260656,0.0001149772706277,1.3046810953070305e-06,0.0001183273696434,0.2148064274751293,0.781005746496402,0.0039532167071023,0.3390364469996217,0.1795867722309837,0.3004115469480484,0.887918625906451,0.0199363297557564,mixed_higher_order,-1.1417320429589491e-30,1.1962635697612716e-30,1.8250196475201379e-32,-4.6602664171174143e-32,-1.4144362441346368e-32,1.3209863142692882e-31,-4.4435409038190873e-23,2.906571692292911e-23,3.58623513947624e-22,3.968343218786866e-23,1.8888320829585504e-22,1.7106884962007905e-22,-2.579148632744322e-38,3.5190844325879166e-38,3.5061608440837155e-39,3.050820587634382e-39,2.2285315183597795e-38,-3.8241681548449125e-38,8.84567620596571e-37,-9.978668160819834e-37,1.885160669874499e-37,-2.5356928005942197e-36,-1.0121455716174642e-37,-1.4993632560582196e-37,3.187294798486646e-29,1.2020209138280727e-30,-2.0661753676342278e-29,1.6270087624999162e-30,-1.1211197815027483e-29,-2.8290268711253534e-30,-4.799552683446524e-30,-2.6707122798467484e-30,1.2596268720350729e-29,1.3567314859553132e-29,1.3049352426671656e-29,1.1451151341989657e-29,4.049673388485099e-38,2.832525416686829e-38,-5.6822561098074e-39,-8.6048080772947e-39,1.6357976879323524e-38,2.0027800480658678e-39,0.4609984755516052,-0.5639176368713379,-0.384271889925003,-0.5662802457809448,0.0097646042704582,0.00978884100914,0.0262642689049243,-0.0239665191620588,0.2137271761894226,0.9588298201560974,0.1869918406009674,0.0,-0.9097404301194236,-1.767620668131776,-0.9504943064003742,-0.085521937180055,1.4839830077996736e-15,1.4778518702753357e-15,-2.969149352861928e-22,-7.142889944106251e-24,-1.0048922649842795e-30,-1.0438176848064807e-30,0.5307138645403189,0.4696024080101164,0.0003162725504353,38.142181396484375,-1.05897757308189,-1.0107042114504747,0.1318927719363697,-1.7740639171712231,-0.1171786282138004,1.0589560703986147
285.0,1330.0,0.3532063835631338,0.2497621798136782,0.3961558420230973,0.0008755946000906,2.627637878946184e-12,0.9793008835420484,0.0011591861085997,0.0195399303493516,0.1278148891301017,0.6437824829259013,0.2284026279439968,7.472405194182044e-05,1.7113991630113838e-05,0.0001438284803901,0.1906963327955083,0.773926340342096,0.0351416603384335,0.3458953234960686,0.1607925162614352,0.3065954410220772,0.891584437476352,0.0131405347939252,mixed_higher_order,-1.0332933554180264e-30,1.2762353277540096e-30,9.461013599760449e-33,-5.569801485035599e-32,7.323621695116589e-32,2.2008860046164623e-31,2.010850957904552e-23,1.4819678224992985e-22,3.3486173668318524e-22,2.2905901789073572e-23,1.6014944457486748e-22,1.1966990840399165e-22,-1.1208650434791392e-38,3.339413236722704e-38,7.075532367780698e-39,1.5300873924131167e-38,4.1331229049085624e-39,-4.869503680511355e-38,7.616996057355124e-37,-1.0015395883284484e-36,5.412419686134393e-38,-2.534292962374678e-36,-5.166593149281076e-37,1.5757192842878945e-37,3.01941223635399e-29,1.0179480808133695e-31,-1.70648454314004e-29,4.4996137294726326e-30,-1.3129278356032298e-29,-4.60140782560757e-30,-1.923153753767343e-29,-4.145863582582944e-30,1.2461035498642465e-29,1.2576419227642305e-29,1.2372927860082699e-29,9.345635658594839e-30,3.498869424587429e-38,1.992461387881469e-38,-6.897947195751454e-39,-1.0665439535350327e-38,3.865165090977953e-38,-1.737492583614313e-38,0.3809812664985657,-0.6072413325309753,-0.4762205183506012,-0.4980002045631408,0.011105871759355,0.058253213763237,0.0345222987234592,-0.080583818256855,0.2185960412025451,0.9577316045761108,0.1869918406009674,0.0,-1.0463150036315505,-1.7536760879907043,-0.9863334332798416,0.0450443933561233,1.6245925426632885e-15,1.3651254233452917e-15,-3.1866378834954983e-22,1.0671868669324424e-23,-8.198270601911241e-31,-7.345946949509359e-31,0.5174055386581263,0.4824757267170511,0.0001187346248225,35.151546478271484,-1.1255243240513029,-0.9112714403935862,0.0375830969989197,-1.7597781353247837,-0.0673830731824645,0.9850742012564454
285.0,1332.5,0.3730204978679853,0.2206671408170055,0.4052937672031718,0.0010185941118373,2.4547549796323648e-12,0.9752893911753108,0.0008509003791412,0.0238597084455478,0.0523512016500173,0.7236781499522368,0.2239706483977459,6.510681256713322e-05,3.255376396688419e-05,0.0001445112528443,0.1863320976331343,0.8022577691347088,0.0111679614027785,0.3638029342615786,0.1596919882217002,0.3251500735206186,0.9203706744421556,0.0108012964386986,mixed_higher_order,-9.853624138634031e-31,1.3032705839214543e-30,-2.66186845538126e-33,-4.818613942951603e-32,1.2080759394235175e-31,2.251924887870341e-31,6.248895791377481e-23,6.093846560271728e-23,3.244655114707525e-22,5.900145269800669e-24,1.4652399709366245e-22,1.0546974198865068e-22,-1.0749605776835067e-38,3.0486506392969476e-38,1.469034312925363e-38,1.7512569995778802e-38,-3.940735103153196e-39,-4.799909794759409e-38,7.069176103827726e-37,-9.978008574630706e-37,-4.363036498729367e-38,-2.5369899912653983e-36,-1.381449967754159e-37,2.655942151380308e-37,2.9491191702502454e-29,-1.3732074948404752e-30,-1.5608625608431448e-29,3.11987473722428e-30,-1.388256752869999e-29,-1.746666704397936e-30,-2.286414404934252e-29,7.846381864507215e-30,1.3912202659597596e-29,1.2492955768755739e-29,1.200046485450988e-29,8.622507536425622e-30,3.232786495000184e-38,1.6869069242442244e-38,-8.812695617793756e-39,-9.10255500486336e-39,4.0239493151194893e-38,-2.922880360891245e-38,0.3510221540927887,-0.6238374710083008,-0.5138043165206909,-0.4611436426639557,0.05401311814785,0.0445512495934963,-0.0171814654022455,-0.0762945413589477,0.221014603972435,0.9571763277053832,0.1869918406009674,0.0,-1.0992215250421242,-1.746907378451675,-0.9952408695196984,0.1065760187786171,1.6754051336667945e-15,1.3115457273888122e-15,-3.2896097766305123e-22,1.849697782408835e-23,-7.1596401913357035e-31,-6.150744680563213e-31,0.5172919736703695,0.4827643946392171,5.636830958666295e-05,31.90715980529785,-1.1472105680562723,-0.8673702824997259,-0.0301827490227876,-1.755046793717817,-0.0173240946530591,0.9527004802989306
285.0,1335.0,0.3924138582873213,0.2022341725459638,0.4037924523556976,0.0015595168110172,2.3826658280938934e-12,0.9376944576562491,0.0006030832717489,0.0617024590720017,0.0581378729439962,0.7397348865886665,0.2021272404673373,6.098270601485853e-05,0.0001110771729999,0.0002565967746213,0.1808397612698513,0.8103886632895405,0.008342918786972,0.3679643000235259,0.1495996726926413,0.3272288257109392,0.9718206865878884,0.0085517472217118,mixed_higher_order,-9.40449231196616e-31,1.3251321162558968e-30,-1.072528921376692e-32,-3.978905033615529e-32,3.173772267992283e-31,2.7021735139087714e-31,7.304109069852137e-23,4.7409632536737545e-23,3.1058401818300802e-22,-4.245705947052563e-24,1.3516918091244742e-22,8.995490130717452e-23,-9.69530854312744e-40,3.092393686269929e-38,3.513889858806128e-38,2.2556764817674766e-38,-3.416939502565673e-38,-5.348070734878065e-38,6.64699219654654e-37,-9.886721256115573e-37,-1.2539140551646871e-37,-2.5188307341048104e-36,-5.738714661132014e-38,2.4936928692373e-37,2.838989945934716e-29,-2.1581760529216685e-30,-1.4685725258214465e-29,3.220617472184102e-30,-1.3704177091984222e-29,-1.0624443101139672e-30,-2.768891132528084e-29,2.799883373646909e-29,1.5539877933646919e-29,1.0945946263570549e-29,1.1592376802073568e-29,8.073498613786786e-30,2.969837581980608e-38,1.4321521268334895e-38,-1.0214589793733591e-38,-8.04596742818654e-39,5.138975466758775e-38,-7.68166689724712e-38,0.3181527853012085,-0.6390082836151123,-0.5412287712097168,-0.4237473011016845,0.0921336263418197,0.027875892817974,-0.0643780082464218,-0.0666876062750816,0.2234227508306503,0.9566170573234558,0.1869918406009674,0.0,-1.1546763005584106,-1.735725364585465,-0.991909869072684,0.1615801497100363,1.7184649332256237e-15,1.2595359230824084e-15,-3.373475399267032e-22,2.898624551637078e-23,-6.080876957010287e-31,-5.0680696897422255e-31,0.5188184518269419,0.4810821227526183,9.942542043983592e-05,32.443077087402344,-1.1642699218821009,-0.8262849715189621,-0.086419076464872,-1.7359644779169845,0.0124429600656253,0.9102336769119576
285.0,1340.0,0.4083289571868017,0.1709792821502392,0.4196946154573055,0.0009971452056537,2.1404399195988225e-12,0.9789301369313264,0.0003144588233719,0.0207554042453016,0.0154125030066631,0.8057208562750029,0.178866640718334,1.253562349375651e-05,6.713886620996592e-05,2.307894014580931e-05,0.1755278251368986,0.8229982994548194,0.0013711219784324,0.3997255219719014,0.137761573619376,0.3454079548117068,0.9729192182794156,0.006217270073099,clean_balanced_ED_EQ,-8.636143943348818e-31,1.3673775501063412e-30,5.301830589634446e-33,-2.849695316459172e-32,1.164350275477088e-31,-2.046903545153564e-31,2.630082381116069e-23,-2.929178568868976e-23,2.837123281946388e-22,-2.287627613782798e-23,1.1330576830200578e-22,7.174270766047999e-23,-9.049479348977824e-39,1.029565138313283e-38,1.517802670298141e-38,-2.785599018492258e-38,-6.128547498145529e-39,1.7560344939973075e-38,5.7543028382668125e-37,-9.921454751812189e-37,-2.523610667463604e-37,-2.470663457284128e-36,8.782142887219302e-38,5.062715820980069e-38,2.651634344047182e-29,-3.752986549706787e-30,-1.3382737173669172e-29,2.789003629547302e-30,-1.3133603332398558e-29,9.639810861569318e-31,2.2022450303596128e-29,1.3474069033631096e-29,1.2342897340293628e-29,8.132038481488345e-30,1.1478709468279417e-29,6.691576929524662e-30,2.571751850448307e-38,9.703380999632365e-39,-7.608132712658787e-39,-4.586959221438671e-39,-6.446951987186039e-38,-2.74810900032961e-38,0.2670736610889435,-0.6652425527572632,-0.5932655334472656,-0.3611317873001098,0.0211471002548933,-0.0479690320789814,-0.0041525568813085,0.0311946365982294,0.2282078266143798,0.9554868936538696,0.1869918406009674,0.0,-1.239301334086835,-1.7149130856948542,-0.9993961764463848,0.2524742972862914,1.7946703978391518e-15,1.1718089709459665e-15,-3.5104695750033663e-22,4.28417527448005e-23,-4.051208557921304e-31,-3.175064445686724e-31,0.5166242223342367,0.4833705100561885,5.267609574755028e-06,26.641372680664062,-1.1969042545582516,-0.7559461121741975,-0.1726303454473811,-1.690084336756479,0.0667937140168615,0.8283778355496769
285.0,1345.0,0.4213256042720965,0.1469144976576448,0.4311141326690424,0.0006457654012163,1.9699781232921897e-12,0.9966829963574207,0.0003785272295543,0.0029384764130247,0.0025118347639257,0.8403860382175098,0.1571021270185645,2.068399726771597e-05,1.730173717066517e-05,3.056652083317397e-06,0.164634386891762,0.8351178479004159,0.0002067228213004,0.4199280657080141,0.1234648926432237,0.3600311066740251,0.9772948097610604,0.0041524066031136,clean_balanced_ED_EQ,-7.888703930566282e-31,1.3944739182999788e-30,2.237227509507679e-33,-3.1142577783492384e-32,1.7741097912785278e-32,-8.516486711221508e-32,6.770630305776661e-24,-1.252567975104137e-23,2.5820018300646813e-22,-3.4081209768980586e-23,9.78869316740408e-23,5.566062759543336e-23,-1.0329014718970776e-38,1.389374333733819e-38,3.837653665518989e-39,-1.5361832648616484e-38,6.491349274762451e-39,1.4680846415570303e-39,5.011622266299795e-37,-9.70394969087282e-37,-3.6869741477564887e-37,-2.4320288100778268e-36,3.644481281493545e-38,1.302113911264588e-38,2.451688911881598e-29,-4.7581836005171885e-30,-1.1866634336760689e-29,3.242723381672635e-30,-1.2650253292831838e-29,1.5154606842268826e-30,1.1702425857397208e-29,2.4250239191999383e-30,1.2326254860088053e-29,8.1418854372257e-30,1.0715509284784863e-29,5.5528034502309705e-30,2.127342980299541e-38,6.122250227744147e-39,-7.245462799888022e-39,-4.978158197668785e-39,-3.510871551991564e-38,-2.5737223706985486e-39,0.2134142518043518,-0.6892364621162415,-0.6277015209197998,-0.2905462682247162,0.0102171478793025,-0.0227619409561157,0.0109927095472812,0.0048142583109438,0.2329517602920532,0.9543414115905762,0.1869918406009674,0.0,-1.3242676966353315,-1.69315278204486,-0.9820723650218114,0.3448764744384648,1.8513874213529402e-15,1.081781910113501e-15,-3.6495208941644563e-22,6.130457936269727e-23,-1.8250168983257191e-31,-1.5658556706270408e-31,0.5212150396506017,0.4785703500906139,0.0002146102587843,22.67184066772461,-1.2160848422225534,-0.6879535822683934,-0.2503398026674375,-1.6513096864725216,0.0991397407574668,0.7510854039603367
285.0,1350.0,0.4350054625695536,0.1269386267353642,0.4375001946283062,0.000555716066776,1.8420408495483418e-12,0.9988998857057516,0.0003561579249097,0.0007439563693386,0.0008109097746296,0.8630731174247054,0.136115972800665,2.009238001439566e-05,8.885269915606398e-06,4.213719407967634e-06,0.1562982972545025,0.8436002235701512,6.828780600825075e-05,0.4345269068421047,0.1095573162981018,0.3690752620004238,0.994297757831006,0.0026696322381074,clean_balanced_ED_EQ,-7.239297603688757e-31,1.413038453017962e-30,-1.6092829101502762e-34,-2.997913685917804e-32,5.415950861418823e-33,-4.2989095210481135e-32,2.0173637352482927e-24,-7.042652637558923e-24,2.3522576931029884e-22,-4.2307139051823874e-23,8.432986863567067e-23,4.3555506799740544e-23,-8.746713086809022e-39,1.435238280052363e-38,1.803386904274981e-39,-1.1030565369484003e-38,6.943327232448972e-39,-3.321818270971569e-39,4.42059081638019e-37,-9.504468438437425e-37,-4.739297349169014e-37,-2.3886895141796696e-36,2.181997434788245e-38,1.986688131147276e-39,2.2732206803401465e-29,-5.518480470600541e-30,-1.0308350084167168e-29,3.4304463331290554e-30,-1.2423858230726123e-29,2.0880348932173997e-30,7.866671825788639e-30,6.398351321694889e-31,1.2254442669167052e-29,7.4765610751625e-30,1.0009841028548795e-29,4.690908086974607e-30,1.7287370092499646e-38,3.4859501787994467e-39,-7.1857229773081e-39,-4.7259077623829366e-39,-2.450939398689999e-38,1.1045419869410136e-39,0.1640439927577972,-0.7074161171913147,-0.6488029956817627,-0.2259714603424072,0.0093030836433172,-0.0160600803792476,0.0112227201461792,-0.0027868116740137,0.2376547455787658,0.9531810879707336,0.1869918406009674,0.0,-1.3991023327728225,-1.6668430677126096,-0.9560831325327146,0.4208728401317754,1.8929957319572737e-15,1.0009076591447913e-15,-3.75173969101819e-22,7.963687361527819e-23,4.3036867531916596e-32,-2.926769391839236e-32,0.5276924679690186,0.4721421438616954,0.000165388169286,20.509546279907227,-1.2277105159097106,-0.6289823024183246,-0.3194116869688476,-1.6098912795642688,0.1226125572433585,0.6817202427548381
285.0,1355.0,0.4469511397657858,0.1098088077372748,0.4427386665555113,0.0005013859414281,1.7335527003386129e-12,0.9994636103157212,0.0003168153460317,0.0002195743382469,0.0003419935663835,0.8828969208963411,0.1167610855372754,1.6832948977126428e-05,5.276716042261423e-06,4.6574762855747255e-06,0.1496233021903718,0.850319030650218,3.090001810534399e-05,0.4467113997850388,0.0969498582385382,0.3764691137768524,0.990575092363604,0.0016433854273798,clean_balanced_ED_EQ,-6.6614683302578415e-31,1.4252690455787284e-30,-2.018994748636645e-33,-2.7937572074674147e-32,2.29408316541651e-33,-2.320575017445338e-32,8.89227097272171e-26,-4.32357597804006e-24,2.1433375490469355e-22,-4.8378178220327294e-23,7.225014974249015e-23,3.4128525577894195e-23,-7.372607200148414e-39,1.3270154132961912e-38,1.0149274387655462e-39,-8.438664970609721e-39,6.357683795608803e-39,-4.831487159155717e-39,3.937745847514731e-37,-9.322844080599062e-37,-5.693210200211994e-37,-2.34447033010076e-36,1.4303018772278747e-38,-2.6349143477350218e-39,2.111172383034026e-29,-6.114425303601092e-30,-8.863568486754787e-30,3.4840546855391034e-30,-1.2248158411603493e-29,2.6303706180619897e-30,6.021736260706793e-30,-4.236992807175984e-32,1.2066043162978648e-29,6.801226064915745e-30,9.343541497799659e-30,3.992819895190357e-30,1.367873616000541e-38,1.4718994681395606e-39,-7.104033420421661e-39,-4.3985765638112634e-39,-1.935115555998637e-38,2.4495609332472077e-39,0.118132509291172,-0.7216658592224121,-0.6613143682479858,-0.1660737544298172,0.0086860647425055,-0.0131787369027733,0.0104882046580314,-0.005970362573862,0.2423174381256103,0.952006459236145,0.1869918406009674,0.0,-1.4651464145320394,-1.638645412922877,-0.9248679452064692,0.4857586832811073,1.9232006715704087e-15,9.271813971603713e-16,-3.8311030513411858e-22,9.74539420672333e-23,2.5838572658652023e-31,7.445282342493413e-32,0.5350060289457147,0.4650628332278599,6.886217357471303e-05,18.8859977722168,-1.233767488280814,-0.5766422189255652,-0.3808754761481241,-1.568449472072938,0.139689986624369,0.6188798432928025
285.0,1360.0,0.4577023345438201,0.0948535619786356,0.4469857025955295,0.0004584008820147,1.6390237865234202e-12,0.9996611657573454,0.0002790215150544,5.981272760023272e-05,0.0002096271802811,0.8992748480699058,0.100515524749813,1.3585134717139977e-05,3.4401902060977764e-06,4.360131788251744e-06,0.1443270322296929,0.8556303784955667,2.120381802881873e-05,0.4575472493199338,0.0852994225372269,0.3824545458939197,0.9765860229684614,0.0009533723146076,clean_balanced_ED_EQ,-6.1412460975193815e-31,1.433655580814514e-30,-3.29782320451977e-33,-2.584722605240432e-32,1.8480119619814466e-33,-1.1921814695496019e-32,-1.200694932740584e-24,-2.838870486370569e-24,1.9491673920590492e-22,-5.2582896134149974e-23,6.18624949133128e-23,2.6993686291685324e-23,-6.063656293006972e-39,1.2030469169119862e-38,5.456606356035494e-40,-6.75750571327732e-39,5.51800576540385e-39,-5.2729351257464085e-39,3.531120447471457e-37,-9.162046101792436e-37,-6.568149728600466e-37,-2.2987584819378418e-36,9.948879649459871e-39,-6.531723962851416e-39,1.958500305866349e-29,-6.565342052013392e-30,-7.509109991450029e-30,3.419425309442479e-30,-1.2075893067213463e-29,3.1459151857940693e-30,4.938476001382689e-30,-3.620707798447509e-31,1.1823084183642545e-29,6.147010427325772e-30,8.75282368211589e-30,3.430411483627616e-30,1.0425203823266035e-38,-6.051731902148614e-41,-7.004773327197848e-39,-4.0429123507357374e-39,-1.626936912013716e-38,3.0795037842803986e-39,0.0747226551175117,-0.733241856098175,-0.6664998531341553,-0.110237531363964,0.0080055929720401,-0.0117700025439262,0.0095897410064935,-0.0072567164897918,0.2469400018453598,0.950817883014679,0.1869918406009674,0.0,-1.5253706875574515,-1.6091392638684887,-0.890008005698763,0.5416827033385407,1.945757976481367e-15,8.593700507279054e-16,-3.892317703151962e-22,1.150001751475851e-22,4.727278529545011e-31,1.567639345460945e-31,0.5434297172008256,0.4565189906158564,5.1292183318008e-05,17.59600067138672,-1.2364645944915826,-0.5296553417193968,-0.4361838781531177,-1.5265812002167494,0.151272733545089,0.5607448452087642
285.0,1365.0,0.467029718574789,0.0818954568748901,0.450653331902504,0.0004214926478169,1.5570150347316726e-12,0.9997426048997696,0.0002457892630179,1.160583721238197e-05,0.0001611780854747,0.9137275956768816,0.0861112262376436,1.14460757660109e-05,2.4702324994480363e-06,4.106686763000741e-06,0.1403027327778945,0.8596630729662794,1.6171260797548394e-05,0.4669095074135659,0.074830138907153,0.3874100281457992,0.9649350222888172,0.0005084120228173,clean_balanced_ED_EQ,-5.675601753793056e-31,1.439039382253445e-30,-4.196390351403678e-33,-2.3889439947229934e-32,2.1352016726044293e-33,-4.818750410270434e-33,-1.70896348378457e-24,-1.7775066591829695e-24,1.7719931832178203e-22,-5.539630277156298e-23,5.279282293907908e-23,2.147726793555029e-23,-5.2435656050786666e-39,1.105567841447914e-38,2.6339479389882307e-40,-5.678297541581497e-39,4.9801678820366486e-39,-5.3773953735471545e-39,3.1779949332652604e-37,-9.036782806959356e-37,-7.3733477900427e-37,-2.2536297171317598e-36,6.662807813803532e-39,-7.834087387161711e-39,1.819138509804849e-29,-6.905225555022015e-30,-6.2779212694473486e-30,3.280324243715406e-30,-1.1913460669006773e-29,3.6249022986798485e-30,4.212318680133663e-30,-5.663056504365205e-31,1.154601485234572e-29,5.553997378067279e-30,8.180398346100694e-30,2.952243220833028e-30,7.474150673610741e-39,-1.2533898508302313e-39,-6.886241956756554e-39,-3.7034969340255954e-39,-1.4211703451751919e-38,3.4814476746643976e-39,0.0336709134280681,-0.7425792813301086,-0.6661627292633057,-0.0587940439581871,0.0073312018066644,-0.0108025418594479,0.0087443878874182,-0.0078924372792243,0.2515229880809784,0.9496157765388488,0.1869918406009674,0.0,-1.5801338630384345,-1.5793054125042434,-0.8531532715183364,0.5893420862056848,1.9622235540388443e-15,7.97780657253758e-16,-3.938237778886701e-22,1.3203646106137508e-22,6.8030589589580465e-31,2.2492206602937078e-31,0.5527281609023762,0.4473682763502256,9.64372526017776e-05,16.563724517822266,-1.2365617026270743,-0.4877025503717239,-0.4860755748585951,-1.4856675576222742,0.158782702633098,0.5079073017544152
285.0,1370.0,0.4750504435232758,0.0706717869086216,0.4538883124611266,0.0003894571069758,1.4846114312545472e-12,0.9997778539860684,0.0002185083119644,3.637701967263055e-06,0.0001996901666034,0.926678536982486,0.0731217728509106,9.687256888689424e-06,1.915409235692376e-06,3.599775851547541e-06,0.1373495163163354,0.8626183909605475,1.6890281141093976e-05,0.4749449129608307,0.0654900280984195,0.3915324057710153,0.9554528758984048,0.0002471416577388,clean_balanced_ED_EQ,-5.257257018042734e-31,1.4417892462753381e-30,-4.8699366050603485e-33,-2.2158893187400423e-32,2.9261953443390128e-33,8.121240764525265e-35,-2.263192786442072e-24,-1.0805047369724751e-24,1.610525792837087e-22,-5.700135338155713e-23,4.484304959235052e-23,1.7093198416040057e-23,-4.55852391092479e-39,1.0178909329915993e-38,2.071865296896872e-40,-4.95500818994257e-39,4.3513380879139236e-39,-5.223905854138402e-39,2.890965470371749e-37,-8.93447990153657e-37,-8.112294966466536e-37,-2.2091133960952e-36,4.226827342487014e-39,-9.517075636761775e-39,1.6902281809909804e-29,-7.14741544007703e-30,-5.160027105724312e-30,3.0808486785389112e-30,-1.1742260314937097e-29,4.066567763458048e-30,3.726963396340584e-30,-6.858740566639168e-31,1.1259330901093769e-29,5.036481160716616e-30,7.641624067722074e-30,2.56307248953714e-30,4.804562035392365e-39,-2.1435021305613887e-39,-6.757343648730946e-39,-3.4013602291722885e-39,-1.2701625855518102e-38,3.712944213919146e-39,-0.005174299236387,-0.7498790621757507,-0.6612496376037598,-0.0116213932633399,0.0066507388837635,-0.0101510658860206,0.0081123514100909,-0.0081546874716877,0.2560666501522064,0.9484006762504578,0.1869918406009674,0.0,-1.6296942784526984,-1.5490359435261365,-0.8149535935845446,0.6297024811628477,1.973304679211456e-15,7.415379763132619e-16,-3.970265208227026e-22,1.4848461997151606e-22,8.787047147970807e-31,2.773926433358814e-31,0.5624926577284933,0.4375184491856465,1.1106914139746848e-05,15.7236328125,-1.234403028719281,-0.4501055894675702,-0.5308929777854953,-1.4457102385536722,0.1627869780124559,0.4599410562625174
285.0,1375.0,0.4820652024748359,0.0607591789738614,0.4568148297369476,0.0003607888143549,1.420231556369707e-12,0.9997977892555888,0.0001908879529368,1.132279147431397e-05,0.0002614411578801,0.93877252404205,0.0609660348000698,7.843644776318692e-06,1.4109534208515258e-06,3.14581284645622e-06,0.1356513925512012,0.8643185367972231,1.767024053213274e-05,0.4819677237113888,0.0570390478040145,0.3948335252255112,0.9476204202081848,0.0001215966779934,clean_balanced_ED_EQ,-4.874507643129674e-31,1.4430106512746126e-30,-5.419273375344605e-33,-2.0336167531607582e-32,3.7192469722923036e-33,3.5270557906177e-33,-2.571580516066366e-24,-5.087883508117814e-25,1.4611945749926609e-22,-5.765778977653249e-23,3.762982738568751e-23,1.365531344362288e-23,-3.841530412872534e-39,9.184575805556758e-39,-4.763389068168002e-41,-4.2221803669482654e-39,3.889159680816225e-39,-4.9624114092356075e-39,2.6351087757282766e-37,-8.874798183473634e-37,-8.802882005421118e-37,-2.164703091082366e-36,2.0739560550351335e-39,-1.0360548632439507e-38,1.5699669544586857e-29,-7.320125055947551e-30,-4.133491786577488e-30,2.8352339912705923e-30,-1.156618223116714e-29,4.484891674653018e-30,3.3653810604510194e-30,-7.95662480594298e-31,1.0974271222796395e-29,4.5568041921933534e-30,7.127379127606057e-30,2.2316555641620622e-30,2.33788979933576e-39,-2.836609150179913e-39,-6.632222922606864e-39,-3.1084789417433024e-39,-1.1550510109128823e-38,3.911196414182359e-39,-0.0426064133644104,-0.7555350065231323,-0.6526331901550293,0.0320760384202003,0.0059196571819484,-0.0096097737550735,0.0075491219758987,-0.0081803146749734,0.2605715990066528,0.9471728801727296,0.1869918406009674,0.0,-1.6758542336396942,-1.51833053254638,-0.7760489192789614,0.6641861395458095,1.9810265536596784e-15,6.895561854457622e-16,-3.9908619262391953e-22,1.64549892140695e-22,1.0738756127362866e-30,3.195043904761352e-31,0.5727758426344641,0.4270828599234534,0.0001412974420824,15.029115676879885,-1.2309562065569668,-0.4158185133228066,-0.571904963870718,-1.406362646158254,0.1640628883441259,0.4157769545714289
285.0,1380.0,0.4879066900608825,0.0521448087887504,0.4596137227980545,0.0003347783523124,1.3626810001874232e-12,0.9998080988128824,0.0001660001478414,2.590103927622481e-05,0.0003321080415914,0.950149143545027,0.0495187484133816,6.68596784548544e-06,1.211839391319453e-06,2.669371494516773e-06,0.1350698753930491,0.8649004016498165,1.915577840298386e-05,0.4878130601878572,0.0495453454109504,0.3975200934518048,0.9420115201550168,0.0001033599096824,clean_balanced_ED_EQ,-4.524485241507183e-31,1.4426073151990358e-30,-5.7982953544333075e-33,-1.859838642886579e-32,4.623363636652893e-33,6.151514393105826e-33,-2.6968091987191053e-24,-1.430992749813435e-25,1.3246378466273381e-22,-5.761156169788126e-23,3.113114185116831e-23,1.087696070757724e-23,-3.2764727812940635e-39,8.52166400653003e-39,-1.5423231037591451e-40,-3.8838417590471074e-39,3.430702934407367e-39,-4.6378184337210265e-39,2.412519938832832e-37,-8.85300091929513e-37,-9.445864923432256e-37,-2.121112338499097e-36,6.368441247730856e-40,-1.0908807212320983e-38,1.4583654736370954e-29,-7.442329903439237e-30,-3.1953201891275135e-30,2.5685114661984256e-30,-1.1388335991336326e-29,4.873817612044877e-30,3.0693488723051404e-30,-8.550406923494673e-31,1.0679248425906165e-29,4.124403133910841e-30,6.630112238344952e-30,1.9345200315595245e-30,7.235159389335891e-41,-3.375504974080878e-39,-6.49074926465811e-39,-2.8437437776843e-39,-1.0611898683534645e-38,4.052318162331737e-39,-0.0784381702542305,-0.759660542011261,-0.641342043876648,0.07211734354496,0.0052638254128396,-0.0092954840511083,0.0069484934210777,-0.0079204309731721,0.2650378346443176,0.9459328055381776,0.1869918406009674,0.0,-1.7180087139045337,-1.487383192073922,-0.737044323048145,0.6932541782719542,1.985308909681413e-15,6.416242422932448e-16,-4.0011077458648287e-22,1.8000474769389274e-22,1.2577045313545556e-30,3.513995532695603e-31,0.5833507995233956,0.4166315432714815,1.765720512281188e-05,14.45547866821289,-1.2261534021996234,-0.3845615444775838,-0.609239341208903,-1.368074913427522,0.1633373940721887,0.3755546414313954
285.0,1385.0,0.4927968416317544,0.0444774888460216,0.462414605153213,0.0003110643690107,1.3110495173916368e-12,0.9998119955296768,0.0001445966381551,4.340783216815071e-05,0.0005132983253825,0.9613136706225036,0.0381730310521139,5.711327150954767e-06,1.035446885008704e-06,2.259821366010654e-06,0.1358707291399455,0.8640971481872444,2.3116077408158226e-05,0.4927041936225664,0.0427568180626405,0.399571141593022,0.9383473392850096,0.0001679726141729,clean_balanced_ED_EQ,-4.200225082782193e-31,1.4412550018032075e-30,-6.0059777388977365e-33,-1.7025202963675763e-32,5.6029351744210776e-33,8.151743216998045e-33,-3.05694635079632e-24,2.009803301458233e-25,1.197479583251726e-22,-5.689814877381962e-23,2.501246107537985e-23,8.505583320775046e-24,-2.972742474159588e-39,7.848410366439805e-39,-1.217984107892968e-40,-3.57138317461656e-39,3.0945405426605384e-39,-4.2770301718012825e-39,2.22395949474912e-37,-8.878910734113572e-37,-1.0058664089726174e-36,-2.077608421736913e-36,-9.670520844525083e-40,-1.1899744530204662e-38,1.3543115756557605e-29,-7.50180499622695e-30,-2.345537554354844e-30,2.2525072924827614e-30,-1.1197577364982313e-29,5.249296866523739e-30,2.8418163014055742e-30,-9.013950710515011e-31,1.0374552825737737e-29,3.7451700496979344e-30,6.148291207937214e-30,1.6885952612332958e-30,-2.049418873627116e-39,-3.7678553444741047e-39,-6.337440658597176e-39,-2.6076996308295344e-39,-9.832997434756231e-39,4.1567992119028704e-39,-0.1135982647538185,-0.7624508738517761,-0.6272737979888916,0.1094404309988021,0.0045765237882733,-0.008785530924797,0.0066578690893948,-0.0077486969530582,0.2694663107395172,0.9446808695793152,0.1869918406009674,0.0,-1.7580663334296618,-1.4560811657639818,-0.6975074172478699,0.7180123804484201,1.9874302781985213e-15,5.967848384999353e-16,-4.002736702237553e-22,1.9527331313364718e-22,1.439156609923899e-30,3.750515493499601e-31,0.5943340309160308,0.4055539951058943,0.0001119739780749,13.979303359985352,-1.220581597604434,-0.355712031210735,-0.6440878994137726,-1.3303580199359462,0.160732397970288,0.3382777279830825
285.0,1390.0,0.4964944566110126,0.037884253758886,0.4653308378297717,0.0002904518003295,1.26481899836602e-12,0.99981446873184,0.0001242880553625,6.124321279741518e-05,0.000587572714854,0.972286455676077,0.027125971609069,4.650412719119965e-06,8.350315053748295e-07,1.9130259597014407e-06,0.1379051000915546,0.86206551098569,2.199045257120078e-05,0.4964023413648432,0.0368343468131603,0.4011456664911214,0.9372326954182764,0.0003010251813838,clean_balanced_ED_EQ,-3.903892733401407e-31,1.4387095230701403e-30,-6.184078146719019e-33,-1.5427650319196467e-32,6.44657883221071e-33,9.724555899033495e-33,-2.9625185297487473e-24,4.240050585065496e-25,1.081863074140346e-22,-5.582259352191744e-23,1.925929914035928e-23,6.523583335599796e-24,-2.4767489327515372e-39,7.124628119584608e-39,-3.237537439418897e-40,-3.17981468833082e-39,2.8005063535898178e-39,-3.944835248391685e-39,2.0617580335311547e-37,-8.950300058802112e-37,-1.0635894164748571e-36,-2.0352316291113683e-36,-1.9328905402132688e-39,-1.1436039044080943e-38,1.2580627990084686e-29,-7.531912151830795e-30,-1.5684957611472954e-30,1.9285797560314798e-30,-1.1012133927689194e-29,5.603331121735463e-30,2.6485243599378212e-30,-9.591607092921202e-31,1.0111915234375748e-29,3.4151230586595814e-30,5.6758436164882655e-30,1.4759781281365387e-30,-4.0323460554954134e-39,-4.0602768518223404e-39,-6.224014494221211e-39,-2.4044818741313423e-39,-9.162796527298262e-39,4.2683821671268586e-39,-0.147286906838417,-0.7639309167861938,-0.6114670038223267,0.1435231566429138,0.003996230661869,-0.008435545489192,0.0062414947897195,-0.0074623888358473,0.2738569378852844,0.9434173703193665,0.1869918406009674,0.0,-1.794691505398008,-1.4248458634315868,-0.6585238849824459,0.7382676196857646,1.987116791061701e-15,5.555584133745721e-16,-3.9960736755103154e-22,2.0990467498370002e-22,1.6107649353501218e-30,3.9298422315750005e-31,0.6053710068350263,0.3945854367605471,4.355640442654796e-05,13.58804416656494,-1.214043035312983,-0.3294267333047938,-0.676158930454722,-1.2938639857179286,0.1571268017143346,0.3045177122875313
285.0,1395.0,0.4989803208570311,0.0320454077962654,0.4687030104750748,0.0002712608716284,1.2237718781969606e-12,0.9998174984532436,0.0001051140908373,7.738745591904312e-05,0.0007313573771534,0.9829737305213718,0.0162949121014748,4.246367228316683e-06,8.285698939860802e-07,1.6522938928733576e-06,0.1423941629603028,0.8575763071063539,2.280270232796181e-05,0.4988892561766738,0.0314997940475737,0.4019485968528454,0.9393216343082368,0.0004921823042893,clean_balanced_ED_EQ,-3.6259289764259317e-31,1.4355237180529403e-30,-6.206018842162162e-33,-1.3854916356983107e-32,7.23721885636331e-33,1.0830630738311547e-32,-2.993987093398849e-24,5.402096058732918e-25,9.742224333744016e-23,-5.430519308481714e-23,1.347588429950472e-23,4.96214155733004e-24,-2.219443717484018e-39,6.841516674006351e-39,-3.428950883699472e-40,-3.158584122103513e-39,2.562339241916036e-39,-3.6829122780124386e-39,1.9162740598651064e-37,-9.11401489183521e-37,-1.1188881168938299e-36,-1.9929609027482298e-36,-2.674179390616004e-39,-1.1478160740443064e-38,1.1664683357000644e-29,-7.539570560753209e-30,-8.492417156123111e-31,1.6017793969197797e-30,-1.0815439271814429e-29,5.937792025496668e-30,2.503254060905884e-30,-1.005342997278535e-30,9.845217668093428e-30,3.097245921942548e-30,5.214614872757105e-30,1.2802876730562476e-30,-5.90793098034548e-39,-4.2768917722889504e-39,-6.092109663901084e-39,-2.2019862290008623e-39,-8.615037251210735e-39,4.3776579764920384e-39,-0.1804104447364807,-0.7643037438392639,-0.593804121017456,0.1750869899988174,0.0033696037717163,-0.008145298808813,0.005936206318438,-0.0071009402163326,0.2782101929187774,0.9421427845954896,0.1869918406009674,0.0,-1.829493990281182,-1.393254007387411,-0.6196041039250509,0.7550950581355196,1.9853093142488435e-15,5.167311525823602e-16,-3.982252914206261e-22,2.2428087737670627e-22,1.776428663463665e-30,4.040849485126014e-31,0.6167858415389931,0.3833444501015706,0.0001302916405636,13.273993492126465,-1.207012947120869,-0.3048743232067878,-0.7062242531828186,-1.257924991708066,0.1523078247042227,0.2732366670229091
285.0,1400.0,0.5002124857103804,0.0269799068183714,0.4725540264396625,0.0002535810315856,1.1869436053875498e-12,0.9998189967550012,8.701142902353047e-05,9.399181597530936e-05,0.0009487854578765,0.992439663701968,0.0066115508401553,3.5345955955943467e-06,6.706357385866836e-07,1.3778679563962748e-06,0.1493149478150378,0.850655641368203,2.382771746848962e-05,0.5001219456272779,0.0267759296495349,0.4019807484421578,0.944706579581998,0.0007374664578582,clean_balanced_ED_EQ,-3.3676041449911307e-31,1.4313627516261782e-30,-6.271203168480638e-33,-1.2200114051085885e-32,8.076873879864588e-33,1.1748644756265335e-32,-3.0684503250905233e-24,7.287892058867637e-25,8.75071092533318e-23,-5.240870655820876e-23,7.524413659770733e-24,3.562989735286763e-24,-2.07198752123322e-39,6.223248378911122e-39,-2.450480891418929e-40,-2.846526376784388e-39,2.317034518155181e-39,-3.376731184444124e-39,1.80328220313724e-37,-9.360493162923966e-37,-1.170927190931969e-36,-1.950866980592598e-36,-3.7009691821415226e-39,-1.1459252005431683e-38,1.0807508152139252e-29,-7.50238900552587e-30,-1.975946397065674e-31,1.24607571587342e-30,-1.0609911982786721e-29,6.256313180392025e-30,2.3626837269627297e-30,-1.0474248556284077e-30,9.59353653650704e-30,2.8175875440564673e-30,4.735752438898885e-30,1.1115801740646269e-30,-7.723243710110138e-39,-4.4194252658233674e-39,-5.974183261275729e-39,-2.0205965770990067e-39,-8.121759576472513e-39,4.455891302497673e-39,-0.2125152051448822,-0.7633874416351318,-0.5747852325439453,0.2039436399936676,0.0027800670359283,-0.0077267778106033,0.0057517779059708,-0.0068270624615252,0.2825264632701874,0.940857470035553,0.1869918406009674,0.0,-1.8616637317722733,-1.361324795236292,-0.5813523535547195,0.7683294008542961,1.981829230803273e-15,4.804601808540133e-16,-3.9609265392309454e-22,2.3813499687196843e-22,1.9346276983139637e-30,4.09127008908188e-31,0.6279905303320619,0.3720507635753972,4.129390745921668e-05,13.019577980041504,-1.199216069747013,-0.2821426645783446,-0.7338008350157434,-1.2225762886453149,0.1464638569933933,0.2445515178160368
285.0,1405.0,0.4998478529924433,0.0226385024690782,0.4772763062263971,0.0002373383120813,1.15473513687014e-12,0.9998195748863246,7.043677064060729e-05,0.0001099883430347,0.0011093949289505,0.9981326575900022,0.0007579474810472,2.8319260836924382e-06,5.766447336284477e-07,1.110464586514482e-06,0.1592645796599528,0.8407088822154165,2.201908922688183e-05,0.4997576678867467,0.0225962286333189,0.4012504299154972,0.954843165513432,0.0010422529597124,clean_balanced_ED_EQ,-3.1231712434043904e-31,1.4264114909209166e-30,-6.250085774989643e-33,-1.054268606497148e-32,8.820925821104181e-33,1.2519976959335385e-32,-2.984985041023188e-24,8.486543276524843e-25,7.83144520559546e-23,-5.0312617954802774e-23,1.167356476531154e-24,2.284033897033812e-24,-1.7368867327162105e-39,5.620013329773999e-39,-4.049686842858335e-40,-2.6232840677718028e-39,2.1418539186891167e-39,-2.9967402920528636e-39,1.7005559643364748e-37,-9.716235803829655e-37,-1.221321836915855e-36,-1.909028566066897e-36,-4.354237614000248e-39,-1.0749816042638176e-38,9.993023779404594e-30,-7.457240907968292e-30,4.069780780302769e-31,8.920305610830532e-31,-1.0399999197522769e-29,6.565211898500632e-30,2.2344365527926493e-30,-1.087155728149948e-30,9.35856026532282e-30,2.5653637539327123e-30,4.235395330884639e-30,9.550398889327233e-31,-9.524514060978956e-39,-4.5192590449815364e-39,-5.873192033155263e-39,-1.855749475721557e-39,-7.66430435388945e-39,4.5475879891299157e-39,-0.2441254556179046,-0.7613303661346436,-0.554600715637207,0.2306924164295196,0.0022627706639468,-0.007266042754054,0.0055829863995313,-0.0066060619428753,0.2868061661720276,0.939561665058136,0.1869918406009674,0.0,-1.8921188753252205,-1.329073765248787,-0.5434529948007706,0.7788102161450932,1.977185658848639e-15,4.461091559099435e-16,-3.933622671425044e-22,2.5169124214441475e-22,2.0877455227985147e-30,4.106445048443676e-31,0.6392790799877414,0.3608757545749235,0.0001548345626649,12.82627773284912,-1.1908149226745972,-0.2607325408121183,-0.7599444638788186,-1.1878569974909985,0.1401056510436412,0.2180824162495832
285.0,1410.0,0.4972869068239027,0.0189898081171504,0.4835011070339214,0.0002221780250255,1.127614384719418e-12,0.999820215940726,5.329041767042157e-05,0.0001264936416034,0.0015350575435546,0.9931563140996746,0.0053086283567706,2.612964851332099e-06,5.966201245578606e-07,9.591134338385395e-07,0.1743553722814164,0.825615017102463,2.544191771072557e-05,0.4971975025651701,0.0188598478350892,0.3991857747528708,0.972277975549308,0.0014140828704668,clean_balanced_ED_EQ,-2.892730357899465e-31,1.4203567477269938e-30,-6.20897649850735e-33,-8.569528830423359e-33,9.690034606838016e-33,1.3112048702691012e-32,-3.1845656703065462e-24,9.64338290947028e-25,6.977421617373447e-23,-4.7901691701750985e-23,-6.0868990920308415e-24,1.1124139234027171e-24,-1.50367013803798e-39,5.4774208507931144e-39,-4.867507270248595e-40,-2.670158182225344e-39,1.9904272634088708e-39,-2.8072581118459617e-39,1.624315244928898e-37,-1.0247089596961424e-36,-1.2693824243625498e-36,-1.8670143409867756e-36,-5.2383541172698575e-39,-1.1385501250851167e-38,9.218576084834597e-30,-7.369212740399323e-30,9.52469274050168e-31,5.105900171681348e-31,-1.0171047832031465e-29,6.858621711489358e-30,2.143538523674637e-30,-1.117263469888011e-30,9.163968106360954e-30,2.3358513104334508e-30,3.6785802110165584e-30,8.28844539594115e-31,-1.1354106877265282e-38,-4.55348169156656e-39,-5.8002310520990336e-39,-1.7119161055990975e-39,-7.258337316005774e-39,4.594505591402607e-39,-0.2751667499542236,-0.7580875754356384,-0.5332614183425903,0.2552048563957214,0.0016608055448159,-0.0069698337465524,0.0054758586920797,-0.0062509225681424,0.2910497784614563,0.9382558465003968,0.1869918406009674,0.0,-1.9206507247439653,-1.2963569074700552,-0.5059034954887063,0.7865269907848587,1.9711873457049266e-15,4.135480725657633e-16,-3.899993557911666e-22,2.64907136923919e-22,2.233407496077212e-30,4.062102466759511e-31,0.6504648491677674,0.3495663180820804,3.116724984786323e-05,12.69993019104004,-1.181555401715191,-0.2406382189229116,-0.7842574218334681,-1.15348993769446,0.1329189186687129,0.1936113952407822
285.0,1415.0,0.491104255532098,0.0161607838799634,0.4925275545204242,0.0002074060675144,1.1076687048085276e-12,0.9998205973590554,3.769688812267031e-05,0.0001417057528219,0.0018812159370747,0.9609587215840208,0.0371600624789044,2.389024213404227e-06,4.773216479460715e-07,9.23855352244046e-07,0.197959909863526,0.8020109568826098,2.5343052650479284e-05,0.4910161501316764,0.0155298462170852,0.3950124952919772,0.997110214494066,0.0018953470878961,clean_balanced_ED_EQ,-2.6682516438688302e-31,1.4128474022733395e-30,-6.203433729094572e-33,-6.281992636505601e-33,1.0450819122392204e-32,1.3556769105605742e-32,-3.2169731035196784e-24,1.0748513792290486e-24,6.182171735660862e-23,-4.532810579681058e-23,-1.5074612248928737e-23,-3.7717519242892624e-26,-1.676740056539176e-39,5.228712951273455e-39,-2.897824082809751e-40,-2.4372335181029663e-39,1.9665211236364204e-39,-2.7914861225391255e-39,1.5760924948337429e-37,-1.1065011547831126e-36,-1.3156469586729184e-36,-1.824828490718281e-36,-5.983238564889035e-39,-1.1141050278701947e-38,8.457289635527229e-30,-7.284581540380493e-30,1.4728249878597724e-30,1.4229359432602663e-31,-9.930114395349381e-30,7.14228606474409e-30,2.0417713275426672e-30,-1.1648519710583568e-30,8.995286937296829e-30,2.121555078113794e-30,3.0339251631917497e-30,6.926389622560487e-31,-1.3334134274249846e-38,-4.5783714790370445e-39,-5.754352688932031e-39,-1.5665137922208926e-39,-6.890601839138487e-39,4.653377977034125e-39,-0.3057581186294555,-0.7534932494163513,-0.5112771987915039,0.2780215740203857,0.0011301997583359,-0.0064999186433851,0.0054220561869442,-0.0059754978865385,0.2952572703361511,0.9369403123855592,0.1869918406009674,0.0,-1.947314861443732,-1.2628624095476977,-0.468855222599706,0.7921858602144566,1.964000996361455e-15,3.819770218774349e-16,-3.8607194466700594e-22,2.777602262455644e-22,2.3714722952028706e-30,3.975863921586884e-31,0.6612836303177005,0.3387654748931463,4.910521084688924e-05,12.660364151000977,-1.1711555515440488,-0.2211801303244313,-0.8071065433077433,-1.1194728232859292,0.1253332183749285,0.1709384203368616
285.0,1420.0,0.4797742202227996,0.0144831916190691,0.5055495665807718,0.0001930215773595,1.0976491173782508e-12,0.9998173587938024,2.448381343479609e-05,0.0001581573927627,0.0020845845555964,0.8700032209202274,0.1279121945241761,2.021808582274502e-06,4.769635886329147e-07,7.091628700304708e-07,0.2328617685365717,0.7671103600886643,2.466343972324056e-05,0.4796865936805156,0.012600423357795,0.387812310062444,0.9490151944302893,0.0025340346425445,mixed_higher_order,-2.452052149489334e-31,1.4034514778764693e-30,-6.183799988938989e-33,-3.386293104696561e-33,1.1161404921028901e-32,1.4018196045465787e-32,-3.1970771701539323e-24,1.1228511683231004e-24,5.450536788799968e-23,-4.2675852132689733e-23,-2.651456895619085e-23,-1.2371769770355928e-24,-1.4024254733419038e-39,4.9540374124977096e-39,-3.705743910253043e-40,-2.473148414355345e-39,1.7729912049219195e-39,-2.4808890843051878e-39,1.5501251187603225e-37,-1.2257953656129226e-36,-1.3603418904015665e-36,-1.7828399568662933e-36,-6.481442538796526e-39,-1.093985033831195e-38,7.706697420509602e-30,-7.190817280846674e-30,1.9689838701153842e-30,-2.205949347930644e-31,-9.675680828069202e-30,7.411411059250278e-30,1.974092336191621e-30,-1.1826101279266771e-30,8.878029282037887e-30,1.9259564685509497e-30,2.239433067285919e-30,5.801881138945453e-31,-1.5554229500835868e-38,-4.5637556315881767e-39,-5.7585790666438804e-39,-1.4412989414951896e-39,-6.514947917484956e-39,4.7220942802703205e-39,-0.3357529938220978,-0.7475690245628357,-0.4887185990810394,0.2991021275520324,0.0006163317593745,-0.0061728106811642,0.0053239739499986,-0.0056138518266379,0.2994294762611389,0.9356152415275574,0.1869918406009674,0.0,-1.971984571027817,-1.2287971212506466,-0.4322989696093106,0.7958185511541498,1.9555169575549324e-15,3.51538638476269e-16,-3.8161970539591123e-22,2.9022394273038553e-22,2.5017045750275327e-30,3.8489529484320813e-31,0.6716280028028745,0.3283678118248378,4.185372287635048e-06,12.744784355163574,-1.1592705990947998,-0.2025429456707155,-0.828658834785472,-1.0860255731959356,0.117584186314751,0.1501778877893179
287.5,1332.5,0.3549894731042413,0.2459101077079872,0.3983589382107099,0.0007414809770617,2.578538105405977e-12,0.9850865084091928,0.0009267980865166,0.0139866935042904,0.098648456598452,0.6733940272982396,0.2279575161033084,9.03073906637496e-05,5.528367458093539e-06,0.0001337709271339,0.1874709296188714,0.7852417990470449,0.0270576646488279,0.3496953405822761,0.1655943977828254,0.3128080893070484,0.8911296799281844,0.0127168755052764,mixed_higher_order,-1.0299357348501611e-30,1.2784986800885578e-30,1.5994887297343808e-32,-4.77494007316235e-32,6.1233988017007144e-33,1.955298965795378e-31,-7.700110097259942e-23,1.042855982572712e-22,3.3780545896975448e-22,2.448265105459619e-23,1.5842512014103588e-22,1.1719126348375846e-22,-1.547454845730097e-38,3.5454669481820804e-38,1.3865783866265898e-39,9.470410736820968e-39,1.4087969390906474e-38,-4.492509475071005e-38,7.505598084894613e-37,-9.94968473807904e-37,8.359853787060869e-38,-2.549349341677467e-36,-4.062903668763658e-37,-2.4313810095827964e-37,3.043627362972468e-29,3.4405630922644635e-31,-1.9845931425726068e-29,3.5659008879753655e-30,-1.0590339334740637e-29,-3.909958631830794e-30,-8.610139599964943e-30,-7.445988392440886e-30,1.280116572090357e-29,1.1670564029456673e-29,1.2047595285852672e-29,9.001989139124236e-30,3.449385202945742e-38,1.936734682979261e-38,-5.3136967423860915e-39,-9.096520542596495e-39,3.170289230285205e-38,-1.4843663133692626e-39,0.3821107447147369,-0.5930195450782776,-0.4855441153049469,-0.5120865702629089,-0.0107788322493433,0.0222476627677679,0.0503708608448505,-0.035563264042139,0.2097159475088119,0.9597151875495912,0.1869918406009674,0.0,-1.0329699029651809,-1.7490532380300012,-1.0070580246642815,0.0428245091647486,1.6277620399990572e-15,1.3609803380232568e-15,-3.1818971495643085e-22,4.6437306228966045e-24,-1.0833472402171925e-30,-9.463330070233138e-31,0.498291943794586,0.501787712722475,7.965651706109966e-05,33.298553466796875,-1.1254049735630225,-0.906606175276122,0.0578320554493511,-1.7635967834252326,-0.0718863256466855,0.9918694333622434
290.0,1332.5,0.3438452784602219,0.257278492507475,0.3981389290495054,0.0007372999827975,2.646167382115293e-12,0.9936512606444884,0.0007630571236445,0.0055856822318668,0.0174203632849882,0.7384937989489686,0.2440858377660431,8.742776988659502e-05,7.066847665247094e-07,9.05441491361163e-05,0.1903323382060641,0.8046457352173186,0.0048432479728278,0.3416622944086547,0.189998571319709,0.3203607912836752,0.8636313944006905,0.0149685555238275,mixed_higher_order,-1.0736366514005928e-30,1.2449029882703536e-30,1.4054717703051195e-32,-4.333343423080845e-32,-1.5363262855894643e-32,1.2229312099834448e-31,-5.199288885159391e-23,2.197494241753623e-23,3.655782740294488e-22,3.770868782805509e-23,1.631296816841703e-22,1.342819583969548e-22,-2.1531641104933653e-38,3.1974085517568347e-38,2.5439552929934556e-39,2.3535842991320794e-39,1.898770029485111e-38,-3.432765721083778e-38,7.965233287657497e-37,-9.91478142377566e-37,1.9491370204748687e-37,-2.607687157138666e-36,-8.019212007025786e-38,-1.86354536097512e-37,3.275767547936554e-29,1.4276126607620904e-30,-2.1697998707532377e-29,1.000348139526446e-30,-1.105967892377664e-29,-2.4279599933097336e-30,-3.2219077024241616e-30,-2.3797826414667447e-30,1.297026400447668e-29,1.2597830016656049e-29,1.191201854309156e-29,9.590745092744652e-30,3.639357139643737e-38,2.2505226373087253e-38,-5.95133655377328e-39,-8.006696248846107e-39,1.3565467092362867e-38,2.308296666847952e-39,0.4156257212162018,-0.5505817532539368,-0.452996164560318,-0.5638325810432434,0.0087169865146279,0.0035463131498545,0.0253519918769598,-0.0182583592832088,0.1983881592750549,0.9621205925941468,0.1869918406009674,0.0,-0.9552043920971582,-1.7402851393468357,-1.0162460069406658,-0.0264891807801917,1.5689571546560445e-15,1.4055615511412325e-15,-3.0447170887259286e-22,-1.0800312741341977e-23,-1.4320510315766084e-30,-1.3297577880390294e-30,0.4759735693435198,0.5240887957280885,6.236507160828353e-05,33.34897994995117,-1.0958321947629075,-0.9450741296049536,0.1348380044887319,-1.803953898088744,-0.1107208123365334,1.073416387695506
292.5,1332.5,0.3248858172205019,0.2805774746262411,0.3937716036385202,0.0007651045147366,2.798159950140396e-12,0.9955335409660416,0.0007935713371676,0.0036728876967906,0.0076088913104768,0.7515918335084394,0.2407992751810838,8.65454746658502e-05,6.030154790968024e-07,7.870163795455885e-05,0.1892620106703454,0.8082643008766529,0.0023078383249021,0.3234347280271726,0.2108797385955042,0.318271529919967,0.8250615692408969,0.0173718640717917,mixed_higher_order,-1.1157594134940171e-30,1.2084409128642563e-30,1.551857059952375e-32,-4.376771973562869e-32,-1.8137121366870503e-32,9.824305047554361e-32,-3.871440484180008e-23,1.0298105981566876e-23,3.936613832422845e-22,5.962680580280799e-23,1.6844678339957438e-22,1.4971542675606294e-22,-2.408512139785e-38,3.095630108904321e-38,3.271755221379691e-39,1.2039720054868608e-40,2.0813369024738643e-38,-3.107670367930335e-38,8.455591191873273e-37,-9.834324864042646e-37,3.326194049080875e-37,-2.659511107566814e-36,-3.1938407074626486e-38,-1.396115411623379e-37,3.507177793674195e-29,3.3334278690872696e-30,-2.375788347452846e-29,-5.350312501582025e-31,-1.131389302758451e-29,-2.7984002055015243e-30,-1.9076229305078132e-30,-1.3921928368129209e-30,1.265123551516959e-29,1.3283516677499038e-29,1.1686378662048518e-29,1.0127007971884582e-29,3.816140851447761e-38,2.58227881301768e-38,-5.970196928185255e-39,-8.112613261227624e-39,7.389495102966237e-39,2.0163498213584228e-39,0.4422794878482818,-0.5055813789367676,-0.4127885997295379,-0.6144282221794128,0.0124678378924727,0.0025444086641073,0.0217998959124088,-0.0166884306818246,0.18703293800354,0.9643924236297609,0.1869918406009674,0.0,-0.8813783222370762,-1.7237517306834398,-1.0172331915661217,-0.0999530668533575,1.506814372674052e-15,1.446839063547413e-15,-2.8861745414249303e-22,-2.4099042661439578e-23,-1.7728719227073618e-30,-1.751071718461624e-30,0.4513855970961048,0.5486702074576406,5.580455374554205e-05,35.0343017578125,-1.0637362672132529,-0.982152905436672,0.2301004821154609,-1.8398048310249624,-0.1750771176558369,1.1558744323551078
295.0,1290.0,0.0049190999947856,0.8652226796568632,0.1287568930655058,0.0011013272828454,1.2776739380235718e-11,0.9682322278100336,0.0089874854056326,0.0227802867843336,0.0006838992246775,0.3801801477139976,0.6191359530613249,0.0004358072219542,5.494891406553736e-05,0.0001832225230159,0.0013719080396656,0.9952140519140404,0.0027400613872582,0.0047628311467715,0.3289404861574471,0.1281406692595848,0.038204556491457,1.2048380744764529,MD_contaminated,1.6906302157228283e-31,3.622126069824381e-31,-1.7129372463757623e-32,3.449236922495067e-32,-5.433579395771471e-32,2.8405729892129606e-32,-3.217706056352553e-23,-2.736307036853268e-23,4.70433827425705e-22,8.777671434974258e-22,-1.241105898208327e-21,2.7351018989327524e-22,-2.435010972348238e-38,-9.44932633127567e-38,4.818010934589017e-39,3.4312674414767467e-38,1.9532092222651646e-38,6.018061462902726e-38,6.984932894400516e-38,-1.0054056950795282e-37,2.8349671767010797e-36,-1.6837823395622946e-36,1.2348369491580912e-37,-1.2118345143677189e-37,4.1479651018791605e-29,7.32444653692134e-29,-5.340854810300102e-29,-6.956831393188294e-29,1.1928899604551929e-29,-3.676155217844237e-30,-3.8070388102217344e-31,7.646780954900905e-30,2.5270355418701257e-29,1.0313186775508481e-29,-1.0801885600788885e-29,3.35911881187654e-30,-8.101963520290688e-38,4.2623288213264763e-38,-2.0966303321446075e-38,-5.6476175405390034e-39,-3.873973646389439e-39,-6.064937128456373e-39,-0.6799770593643188,0.7237973809242249,-0.0611135363578796,0.0431261658668518,0.030460575595498,-0.0395817384123802,0.0355760306119918,-0.0484216213226318,0.1311881840229034,0.9735623002052308,0.1869918406009674,0.0,-1.050465227368299,0.4104820110804498,-0.2067946861872182,0.2373006382803239,1.0087212077590025e-15,-5.096796040428914e-16,3.015119024599649e-23,1.4628412176901948e-22,-1.6137958219848482e-31,9.588747406678198e-31,0.988746010575869,0.0092050378741588,0.0020489515499722,121.02667999267578,-0.3293438936283874,0.1537215235467917,2.092536278746356,-1.2428276630512902,-2.662224469825245,1.4268026048641125
295.0,1295.0,0.0006361805881613,0.8727840998083483,0.1257046868893153,0.000875032714175,1.1618346469476308e-11,0.6837485659420457,0.1540138283067969,0.1622376057511574,0.000681818169257,0.3003999317538622,0.6989182500768807,0.0006582258176371,6.585190482496278e-05,0.0003096242940318,0.0312831933684841,0.9650368151089748,0.0026462895060471,0.0004349875648354,0.2621842840182839,0.1213096506799357,0.0050609138283084,17.203153817832153,MD_contaminated,1.9903591875835732e-32,-1.143696477353939e-31,1.3208308884182356e-32,5.348950590295883e-32,-4.491594671153061e-32,3.4354529065233277e-32,-3.819416242395148e-23,-1.4078130158804205e-23,5.625346544607231e-22,6.431184479748266e-22,-1.0870405197490769e-21,7.189493385915492e-22,-6.543677313647026e-38,-9.373073839111862e-38,1.7744394459303135e-38,3.1503346820445117e-38,4.769237592398064e-38,6.222741368455978e-38,3.711035015903645e-37,4.157004448493087e-37,2.188269526719196e-36,-2.1887597336376824e-36,6.570256878884232e-38,-1.4815833663684436e-37,5.132624437424773e-29,5.249092397028155e-29,-5.990069800130658e-29,-4.3244153891286426e-29,8.574438269186641e-30,-9.246764959704388e-30,8.20790601147822e-31,5.6438804519538994e-30,1.7422304255524598e-29,2.8412165952755698e-30,-1.5436251099110767e-29,1.1147556328963724e-29,-8.665866303999974e-38,8.302931722446687e-38,-1.563611201179625e-38,1.2555257411271988e-39,-5.311402420351076e-39,-4.269371841747455e-39,-0.1774418503046035,0.95159512758255,0.0429035425186157,0.2385163754224777,0.0077990829013288,-0.0379004813730716,0.014167197048664,-0.0425773784518241,0.1365872472524643,0.9728195667266846,0.1869918406009674,0.0,-0.4311432693180227,0.2972378417209534,0.033175105141888,0.3533794185090472,3.3653167001552337e-16,-5.235861707801606e-16,-9.443302005604469e-24,8.094660088770802e-23,1.4679212226448622e-30,-5.948730530205429e-32,0.9385161692607834,0.0607443179333685,0.000739512805848,138.6276397705078,0.103589748546342,0.0180275809046561,1.6027495273574026,-1.603108568552886,-1.9430154774075732,1.6995524597952285
295.0,1300.0,0.0166717517586884,0.8478694367721211,0.1347464659383261,0.0007123455308642,9.465722461688e-12,0.9817400954437356,0.0114929401401515,0.006766964416113,0.0006065671705033,0.2576855961836812,0.7417078366458153,0.000787298264923,6.334174030339023e-05,0.0004053143594725,0.1465553264775167,0.8502206801178361,0.0019680390399479,0.016367327162789,0.218483741300546,0.1145642319135584,0.1237268201625354,1.0040566974759968,MD_contaminated,-5.044758970449252e-31,-4.062688544591308e-31,5.379785424332958e-32,4.4914830108448526e-32,-4.0818807455863343e-32,3.501017834132006e-32,-3.4336730959426536e-23,-2.4119759268931562e-24,5.222876342025431e-22,4.801685661026148e-22,-6.53445175351522e-22,1.0108477038671429e-21,-1.0074012279282884e-37,-6.181113291865893e-38,2.71538465964395e-38,1.9660966764826923e-38,7.358624804606205e-38,4.215016927688967e-38,9.940400770148434e-37,5.586272155567286e-37,1.6744620576966387e-36,-2.176922938303329e-36,1.378165443524853e-38,-1.314143011495577e-37,4.8129459683418744e-29,3.671169314298724e-29,-5.110503104356802e-29,-2.4309630288393875e-29,2.9755635619309697e-30,-1.2402075851623889e-29,1.4543924095592994e-30,4.185035054482703e-30,7.232227526090389e-30,3.0639345964721778e-30,-1.2825273462092532e-29,2.1321444010421762e-29,-5.767210934857916e-38,1.2264740895795666e-37,-7.345512454532384e-39,2.8147493576856435e-39,-5.0091197263990354e-39,-2.2318550136203807e-39,0.3513340950012207,0.8313122987747192,0.3670031726360321,0.2253136932849884,-0.0080700684338808,-0.0219296421855688,0.0033335639163851,-0.0252974405884742,0.141940489411354,0.9720529317855836,0.1869918406009674,0.0,0.0248188724970883,-0.1553488936589426,0.3296874232587748,0.1061447035224636,-2.6193416011726633e-16,1.6452667471423133e-17,-4.520958615022178e-23,5.343649184638944e-23,2.0422455215899057e-30,-2.0542999367713423e-30,0.8150618196153494,0.186108662255347,0.0011704818706963,140.763916015625,0.3665607336527692,-0.4551691642154397,1.217006753677311,-1.5821976413096994,-1.4451250674185645,1.5718874700921877
295.0,1305.0,0.0621586977762281,0.7625300431875754,0.1746066026821627,0.0007046563540336,7.340312215679719e-12,0.9928052131998648,0.0045727925799686,0.0026219942201663,0.0005464553576213,0.2966018860310232,0.7028516586113555,0.000638144345668,4.1276001913198985e-05,0.0003559174054414,0.2464830628314079,0.7513911832423776,0.0010904161731917,0.0617114791979541,0.2261678489647524,0.1311978617912819,0.3559928251360341,0.3170794847681965,MD_contaminated,-1.086474132532266e-30,-2.554213375226532e-31,7.48732198081306e-32,1.1465313051963655e-32,-4.21634707672152e-32,3.888496429910309e-32,-2.7443836129142536e-23,1.6668304925204244e-24,4.856986708884563e-22,4.176157213994014e-22,-1.7743428353735076e-22,9.699543029138893e-22,-1.06541778442069e-37,-1.7078039559928416e-38,2.664974193466275e-38,6.547004539242565e-39,7.989202579375852e-38,1.053103813537252e-38,1.4837397716639891e-36,2.1686915314680824e-37,1.5412857643689524e-36,-2.116347232475187e-36,-4.1592481344334414e-39,-9.964892399592814e-38,4.3637431903157336e-29,3.0480737967192575e-29,-4.1050263599680816e-29,-1.8073070230034e-29,-2.5871709431047933e-30,-1.2407654539017205e-29,1.6796601428036223e-30,2.7043791823203248e-30,2.1003824098266296e-30,9.297294753687316e-30,-4.236186321440162e-30,2.6210487242852823e-29,-9.381746089365515e-39,1.3066731971701384e-37,-1.6766929727124307e-39,-1.0007355489975989e-39,-3.9613870504619446e-39,-1.1419268713289723e-39,0.651046097278595,0.485773891210556,0.5745238065719604,-0.1033592000603675,-0.0082529978826642,-0.003332722466439,0.0074159763753414,-0.0104280849918723,0.1472485363483429,0.9712629318237304,0.1869918406009674,0.0,0.1344893165186195,-0.7177104814167338,0.2821775025602114,-0.3542848834801775,-3.221298661697466e-16,8.202151853607526e-16,-6.31532976837768e-23,2.6163263754745123e-23,1.140836058093616e-30,-3.7069584088782244e-30,0.6599165131766245,0.3409244702172518,0.0008409833938762,122.9228973388672,0.2295738549798432,-0.9765278710091788,1.1116460410187268,-1.5264067681603586,-1.2520491819503003,1.4561679371707474
295.0,1310.0,0.1202373434568648,0.6471851913648556,0.2317904082780664,0.000787056900213,5.858216674966504e-12,0.9952147520211932,0.0027600380176073,0.0020252099611992,0.0005958460112521,0.3956522772759184,0.6037518767128295,0.0004156205548207,2.112248041359861e-05,0.000250155920067,0.2638928925159417,0.7347400315734929,0.0006801769552639,0.1196619779521108,0.2560602947827562,0.1703056918966593,0.5187330414148226,0.1542361156250742,MD_contaminated,-1.3928830476202492e-30,1.315495507157884e-31,7.106588424674571e-32,-1.9447212225000742e-32,-4.193286759027993e-32,4.716883671748269e-32,-2.377077234914945e-23,1.3733143463536647e-24,4.920528941168925e-22,3.665231367451132e-22,9.610571771606093e-23,7.51812193896262e-22,-8.968841839610919e-38,1.3276360988337568e-38,2.040929847089006e-38,-1.1079720823668429e-39,6.927909242930217e-38,-1.2168396741109498e-38,1.596651974720064e-36,-2.4572508552783134e-37,1.4784666696552362e-36,-2.2539068555900427e-36,-1.3968252317513983e-39,-8.200259652820542e-38,4.2924707637484277e-29,2.662829596266432e-29,-3.652310389232961e-29,-1.5917936393222277e-29,-6.401602404996952e-30,-1.0710355548968881e-29,1.4914363975855595e-30,1.4668230609172884e-30,2.961036600336172e-30,1.4684687075884093e-29,3.6015298030211686e-30,2.507762358877798e-29,2.581880388926254e-38,1.1189346340702637e-37,-6.6364837397257076e-40,-5.415620304645852e-39,-3.0571151204665686e-39,-5.568359213380449e-40,0.7202150821685791,0.1620259582996368,0.4967024624347687,-0.4556919634342193,-0.0003568340034689,0.0062521887011826,0.0155587382614612,-0.0059964936226606,0.1525116264820099,0.970450520515442,0.1869918406009674,0.0,0.0030818201581998,-1.1404404537317168,-0.0522105247749586,-0.6255261800602947,3.744208968390804e-17,1.3726230993904097e-15,-8.988664246593862e-23,-9.349941228625479e-24,-1.8599360720994492e-31,-4.2160998297284454e-30,0.54500139294007,0.454646533999352,0.0003520730605779,98.3014678955078,-0.1177860444504273,-1.2471512344097633,1.0582135757911209,-1.613235443251653,-1.094674899256342,1.4695878603450327
295.0,1315.0,0.1739054865657847,0.5409452197333022,0.2842974506622847,0.0008518430386283,4.860315408368409e-12,0.9961679033619564,0.0019056701096675,0.0019264265283761,0.0008232704057306,0.5065648545056881,0.4926118750885813,0.0002752284448114,1.1422092198928271e-05,0.0001749877490983,0.2483065872116988,0.7506117350189824,0.00062003948321,0.1732390639353786,0.2740238365297477,0.213397002703091,0.6117025888225992,0.0886390254365373,MD_contaminated,-1.461114001001205e-30,5.0236007974639245e-31,5.665917619641859e-32,-3.6830576451321565e-32,-3.870163487029253e-32,5.584512343858792e-32,-2.347332825640405e-23,7.425913826634008e-25,5.004148752326716e-22,2.982569344102196e-22,2.0034483423438016e-22,5.384110133502789e-22,-6.9776819417118e-38,2.825989456077646e-38,1.4683474756084275e-38,-4.426743270797112e-39,5.509336801992213e-38,-2.3833148322084246e-38,1.4852930111553836e-36,-5.919747652305935e-37,1.3159733893117346e-36,-2.448756040388736e-36,3.1652599093663344e-39,-7.983620623577114e-38,4.317398456188956e-29,2.17701595366909e-29,-3.4494916389549464e-29,-1.3067671744276029e-29,-8.679070213443459e-30,-8.702478267265812e-30,1.1194358296766366e-30,5.424680825001396e-31,5.879347911927136e-30,1.686184206010779e-29,8.347652176945053e-30,2.13933296716668e-29,4.249135932769255e-38,8.659464282063063e-38,-1.814190297461096e-39,-7.919936670191417e-39,-2.2144581507690726e-39,2.5993396524088976e-41,0.6884759068489075,-0.0697553008794784,0.28009694814682,-0.6651423573493958,0.0066945478320121,0.0082415724173188,0.0206184014678001,-0.0074510630220174,0.1577303409576416,0.9696159362792968,0.1869918406009674,0.0,-0.2007764708877422,-1.4023346424790286,-0.4104665943692478,-0.6597373092496053,4.781922489738718e-16,1.6134818499135274e-15,-1.3022027136547814e-22,-3.659439090802128e-23,-1.1894760382463278e-30,-3.9840796990993744e-30,0.4789776167987971,0.5213492927207192,0.0003269095195161,76.97901916503906,-0.4480898759904962,-1.303269144807698,0.9347597064368892,-1.7393957172998002,-0.8874008855749667,1.4888793929115882
295.0,1320.0,0.2192017094420524,0.4541727251806781,0.3257523458348539,0.0008732195424153,4.135211387649316e-12,0.9965605021824232,0.0014398398880929,0.0019996579294838,0.0012378664867837,0.6045248136580524,0.3942373198551638,0.0001835753869705,5.369195859820025e-06,0.0001269674821053,0.2275923733668994,0.7714009952013352,0.0006907193668295,0.2184477656408173,0.2745586820584193,0.2512856837661758,0.6729090741626792,0.0553289411773664,MD_contaminated,-1.4091064654193463e-30,7.840275602685784e-31,4.2189458695068577e-32,-4.4463003433055356e-32,-3.3382416927274137e-32,6.405646911476376e-32,-2.450200167570555e-23,1.0558255621426523e-24,4.927331273346493e-22,2.2570916644699955e-22,2.2081665249886505e-22,3.778818249282225e-22,-5.213004810120327e-38,3.24419549774434e-38,9.689708153292361e-39,-4.046581211911106e-39,4.2440397957357436e-38,-2.839539738729437e-38,1.303504860868557e-36,-7.986656653359008e-37,1.081588285274618e-36,-2.598299552912383e-36,3.859201492234992e-39,-8.412868364767518e-38,4.25500478248686e-29,1.642068858273284e-29,-3.2508688990139184e-29,-9.57126036320783e-30,-1.0041360216278922e-29,-6.849430982624038e-30,4.682679615891762e-31,-4.1997248763286986e-32,8.643689401171566e-30,1.6958529953115585e-29,1.0650070241297868e-29,1.7600078719303518e-29,4.723022921772646e-38,6.435083279776229e-38,-3.392729548407552e-39,-8.897612594116157e-39,-1.0690856994391488e-39,5.217444699468913e-40,0.6257942318916321,-0.2293414026498794,0.0477276742458343,-0.7434563636779785,0.0112999640405178,0.0072229108773171,0.0224072039127349,-0.0104560991749167,0.1629049926996231,0.9687600135803224,0.1869918406009674,0.0,-0.4038506024892722,-1.5548151637371337,-0.6851887684151923,-0.5593666472980293,8.558355216856164e-16,1.6611478222790093e-15,-1.7530088484492726e-22,-4.943240189285182e-23,-1.780059892512391e-30,-3.481654293255849e-30,0.4443957592671106,0.5556167083793417,1.24676464523521e-05,60.71792984008789,-0.696679709314,-1.2521190994670344,0.7624625094767417,-1.831663697229176,-0.6690064834214255,1.4604708438405438
295.0,1325.0,0.2571048260481529,0.3857193216925566,0.3563188350912869,0.0008570171680035,3.5894737917613698e-12,0.9966689666207196,0.0011391525961076,0.0021918807831727,0.0019826901887156,0.6802102495481184,0.3178070602631659,0.000131785850445,2.6563353533635378e-06,9.811381519352988e-05,0.2092498740452126,0.7896393645637073,0.0008782053900882,0.2562484012906124,0.2623702360640249,0.2813633785235642,0.721558336881866,0.0362270571526066,mixed_higher_order,-1.3134544100294752e-30,9.812595870656688e-31,3.0555631016023646e-32,-4.6245724216325006e-32,-2.8037238241444474e-32,7.159226484750221e-32,-2.675170463352578e-23,2.3142887871121797e-24,4.70469111828704e-22,1.61303326546296e-22,2.0864140091037424e-22,2.6840268246980842e-22,-3.924400516806654e-38,3.2993438482099667e-38,6.532272681179427e-39,-3.211519069962809e-39,3.27117473039034e-38,-2.9781927213581315e-38,1.1231227256423116e-36,-9.085651668110044e-37,8.314856626341374e-37,-2.68027606638806e-36,-2.0546104609274006e-40,-9.358682901434608e-38,4.095756305844049e-29,1.1529891977374963e-29,-3.0140496915042137e-29,-6.2519880755159625e-30,-1.0817061935594385e-29,-5.277906005760976e-30,-5.14291058184949e-32,-4.764309695456943e-31,1.0577027057755773e-29,1.596893860253723e-29,1.1489939580135382e-29,1.4329513662520976e-29,4.5996118370127356e-38,4.721595521220207e-38,-4.616709418901997e-39,-8.928889806605712e-39,4.3078148411259805e-40,1.0240321407713408e-39,0.5589246153831482,-0.3415487706661224,-0.1490108668804168,-0.7404152154922485,0.0133839016780257,0.0053005656227469,0.0224576722830533,-0.0129654882475733,0.1680359840393066,0.9678832292556764,0.1869918406009674,0.0,-0.5838997866043799,-1.640705323879475,-0.8665630548268399,-0.4098670531291419,1.1435330628018928e-15,1.6161466655430921e-15,-2.1762065341858953e-22,-4.9898404472129643e-23,-2.0479612094214587e-30,-2.9405572266111572e-30,0.4292595132447876,0.5710913807107572,0.0003508939555447,49.00138473510742,-0.8686479487806441,-1.1627193192586256,0.5817379421429708,-1.8752196860449288,-0.4763021112068992,1.3892176684733857
295.0,1330.0,0.2896877215910912,0.3303271495659564,0.3791656169532774,0.000819511889675,3.161061892556677e-12,0.9965248781290432,0.0009210161782486,0.0025541056927079,0.0033256197274503,0.737461673391196,0.2592127068813537,9.898023138989203e-05,1.2718727371833449e-06,7.937761299902495e-05,0.1938809745003381,0.8047188617403286,0.0012205340422071,0.2886810214540424,0.2436036124854541,0.3051217236857108,0.7640136885797532,0.0243752554193167,mixed_higher_order,-1.2085222502541406e-30,1.1165917924623358e-30,2.1285895306537028e-32,-4.526672169516736e-32,-2.3151075997808808e-32,8.001799613670081e-32,-3.0173409519598264e-23,3.936084205396865e-24,4.39932948857813e-22,1.0855842969907218e-22,1.8549389703340732e-22,1.9432618800729882e-22,-2.9876601600899557e-38,3.161998206306081e-38,4.465793889463621e-39,-2.0914170182343916e-39,2.541081570016962e-38,-2.952856796359725e-38,9.66020076541576e-37,-9.592920735277136e-37,5.948517077506071e-37,-2.709056964391137e-36,-6.283907995499435e-39,-1.0783506928888237e-37,3.8702684907622637e-29,7.412062569277526e-30,-2.747576007936328e-29,-3.459373183012478e-30,-1.1226931235776941e-29,-3.9526886743186475e-30,-6.775202309157434e-31,-8.107280719753839e-31,1.1882739949307518e-29,1.461015819167995e-29,1.1529138955188429e-29,1.1730490211872517e-29,4.214812299205783e-38,3.45065102821925e-38,-5.535445153347256e-39,-8.545320581429687e-39,2.4856181575376653e-39,1.4753610352569178e-39,0.4952169358730316,-0.4235789179801941,-0.3027328252792358,-0.6947552561759949,0.0138966999948024,0.0032790708355605,0.0214670877903699,-0.0148443728685379,0.1731237769126892,0.966986119747162,0.1869918406009674,0.0,-0.7385554660549246,-1.686739755771225,-0.9760742767574084,-0.2530535611190258,1.3552910748887465e-15,1.5326993603835118e-15,-2.5445967539549296e-22,-4.209712203965105e-23,-2.1123939757435993e-30,-2.441320386967189e-30,0.4248627839090364,0.5750132207497801,0.0001239953411834,40.48227691650391,-0.9847331406066814,-1.065807503708618,0.4130568346286412,-1.8811318517878737,-0.3193500382715936,1.2941657727007294
295.0,1332.5,0.3045141001716117,0.3063928534247491,0.3882963099964464,0.0007967364071927,2.980529214468764e-12,0.996295465508008,0.0008397393854566,0.0028647951065352,0.0046787533811594,0.7595405851309281,0.2357806614879124,8.797700523821298e-05,8.574412458036976e-07,7.417046445479417e-05,0.1871481040553314,0.8111033192791858,0.0015855717545438,0.303386017184228,0.2327178071701686,0.3149484259019773,0.7842312490025943,0.0201031273915141,mixed_higher_order,-1.1570784624044815e-30,1.1679523371490392e-30,1.7787656940486848e-32,-4.4292288787581886e-32,-2.074314373377293e-32,8.568484580996577e-32,-3.346308352995265e-23,5.2999055472140566e-24,4.2292867063912798e-22,8.645253188664161e-23,1.7374898779842377e-22,1.6630330622817238e-22,-2.65062094403737e-38,3.065963181972047e-38,3.8315674851484686e-39,-1.1524399367142714e-39,2.2674637233899322e-38,-2.950720631821089e-38,8.963004714933984e-37,-9.714619918169996e-37,4.850393981788776e-37,-2.7086287396313392e-36,-1.2086804061544194e-38,-1.2106104022258225e-37,3.745194218951812e-29,5.657190400719329e-30,-2.6141688815662957e-29,-2.281759464273776e-30,-1.1310249787282699e-29,-3.375427349873096e-30,-1.0577571495451004e-30,-9.41725702381281e-31,1.2303533096383369e-29,1.3911009048283906e-29,1.1398547614601297e-29,1.0651688373931917e-29,3.9828308506270283e-38,2.943886537407554e-38,-5.8091852038451885e-39,-8.293896736072362e-39,3.93987142084852e-39,1.6433882015959968e-39,0.4647285938262939,-0.4572598040103912,-0.3655321896076202,-0.6637026071548462,0.0136365946382284,0.0023199578281491,0.0211891289800405,-0.0152500849217176,0.1756516098976135,0.96653014421463,0.1869918406009674,0.0,-0.8078623667886705,-1.7002202280700116,-1.011270713971316,-0.1774379618303975,1.4394919493972472e-15,1.485263481041993e-15,-2.707812205157604e-22,-3.611750438407111e-23,-2.0992898541008498e-30,-2.2161172658400726e-30,0.4252505332010377,0.5747964766605337,4.700986157146758e-05,37.10830307006836,-1.0280959922626114,-1.0185242086463946,0.3355420571352212,-1.8737835786615893,-0.2538432151944948,1.24180947868293
295.0,1335.0,0.3184409145943617,0.2846132623019915,0.3961745174572396,0.000771305646407,2.819330164387524e-12,0.9959262809594376,0.0007728374961252,0.0033008815444372,0.0068448936850968,0.7781244887994905,0.2150306175154127,7.974801232298551e-05,5.354286685564389e-07,7.100014804492562e-05,0.1809665369788214,0.8167232071088899,0.0021589723232523,0.3171436757772845,0.2214645492342924,0.3235649224724936,0.8037894931713575,0.0166092400568362,mixed_higher_order,-1.1075863203016288e-30,1.2108118606498786e-30,1.4965030098708642e-32,-4.3193368845753237e-32,-1.860514375886249e-32,9.262215049311512e-32,-3.7945586606580577e-23,6.840926659647775e-24,4.0557575557328384e-22,6.717008175720002e-23,1.6196389521076316e-22,1.4307665898644185e-22,-2.335342782947151e-38,3.013085063841795e-38,3.0970345821661675e-39,-4.068312996063729e-40,2.0256398275969275e-38,-2.9724004626376037e-38,8.333523225555451e-37,-9.769358206921756e-37,3.826047544369285e-37,-2.700962985137223e-36,-1.9031863273539407e-38,-1.3895791220013936e-37,3.614362291720713e-29,4.105876432828374e-30,-2.4830969245778586e-29,-1.2539585265651931e-30,-1.1312649335151245e-29,-2.8519182676196226e-30,-1.4301284644337969e-30,-1.1171865588189594e-30,1.2644588943185214e-29,1.3156502378138018e-29,1.1204798168857609e-29,9.682358671904182e-30,3.740216684405554e-38,2.506872512482909e-38,-6.032932716298182e-39,-7.975383362032562e-39,5.7435111479641374e-39,1.8147900789944743e-39,0.4354534745216369,-0.4866458773612976,-0.419541984796524,-0.6297204494476318,0.012902894988656,0.00135931186378,0.0208947677165269,-0.0153377382084727,0.1781687587499618,0.9660692811012268,0.1869918406009674,0.0,-0.872132897429918,-1.7087009802935795,-1.0363880845533742,-0.1057723697970742,1.5118280235530501e-15,1.4367948048483872e-15,-2.855625943180809e-22,-2.9214853198432175e-23,-2.0594721791474743e-30,-2.007001148668775e-30,0.4266122708535443,0.5732351589908136,0.0001525701556421,34.21725082397461,-1.0638273822808209,-0.9731327335562358,0.2636891212226336,-1.8614890373065205,-0.1968564604644488,1.1886275199269498
295.0,1340.0,0.3435694823948101,0.247176867240472,0.4085361696756251,0.0007174806890928,2.549818981779348e-12,0.9942641294180924,0.0006483733655089,0.0050874972163987,0.0220652882499825,0.7981829417767566,0.1797517699732608,6.82269341113626e-05,3.892378093047683e-07,7.216976982898174e-05,0.1701585278490516,0.8235965449404399,0.0061041412687588,0.3415988123079004,0.1972923590331627,0.3364689778280462,0.8409769021616909,0.0113602485299114,mixed_higher_order,-1.0154260775624671e-30,1.2773490963639747e-30,1.117138326291488e-32,-4.0144622196596776e-32,-1.5160158680824927e-32,1.157361350665771e-31,-5.887431388606274e-23,1.883407406996401e-23,3.7002774553751055e-22,3.599704443055325e-23,1.4046015157358266e-22,1.0675874313973547e-22,-1.7849926745236703e-38,2.944855638191057e-38,1.623062010069947e-39,2.0324681032129333e-39,1.622687387793027e-38,-3.1481033712711874e-38,7.249435171438397e-37,-9.76320079745143e-37,1.9838825479110937e-37,-2.6679612881412905e-36,-7.329373392245233e-38,-2.1834696693115902e-37,3.341413855151536e-29,1.5868745608154357e-30,-2.2496471005178127e-29,5.942494725772798e-31,-1.0917670480741305e-29,-2.1811227495909283e-30,-2.0737811477385403e-30,-2.2500370461407368e-30,1.3088659999423673e-29,1.1664334001925625e-29,1.0732241818567813e-29,8.067216761636658e-30,3.253039556692121e-38,1.8042468471822348e-38,-6.058979997355292e-39,-7.46170246083299e-39,1.1620443768403803e-38,2.2995573797278267e-39,0.3797663450241089,-0.5366009473800659,-0.506300687789917,-0.5573706030845642,0.0072042671963572,-0.0006866175099276,0.0248515978455543,-0.0139987803995609,0.1831711828708648,0.9651333093643188,0.1869918406009674,0.0,-0.98843212691921,-1.7154419744575036,-1.0633336599666336,0.0260802269003001,1.6284622107031897e-15,1.3402914649913121e-15,-3.1139283967881113e-22,-1.3353432026969458e-23,-1.9299081102922423e-30,-1.6386884506150462e-30,0.4322154264515961,0.567815943407546,3.136985914231616e-05,29.70225143432617,-1.1180998019715036,-0.8888311734600254,0.1357096536278063,-1.8250480739763848,-0.1051034826061912,1.0803999420546924
295.0,1345.0,0.3437444468241372,0.245073538009579,0.4104290980952237,0.0007529170710599,2.498722908603615e-12,0.9838174568331672,0.0010044320021157,0.0151781111647172,0.2115106276253381,0.6693877855624562,0.1191015868122056,5.322885621325392e-05,7.821598024075298e-06,0.0001009977098541,0.1531647846580134,0.7865494156243122,0.0601237515535829,0.3381817874750465,0.1640492329081885,0.3228227672620117,0.8375245527654693,0.0076004256199316,mixed_higher_order,-9.308068127405285e-31,1.3249988920332789e-30,1.2831532296549802e-32,-5.012300937523859e-32,2.993671131183361e-32,1.9888632843540997e-31,-4.529540914952823e-23,1.845780138578175e-22,3.372162065621988e-22,2.4492795077766924e-23,1.207669241049528e-22,7.586117464529215e-23,-6.288180540168283e-39,2.986405753848622e-38,-2.0145674094711879e-41,1.1698828805552364e-38,6.308336335507297e-39,-4.156286308694364e-38,6.392742668774962e-37,-9.65077075317833e-37,7.89407563243121e-38,-2.6220837776586292e-36,-7.205057197767096e-37,-8.30470949591166e-38,3.0930944743689965e-29,9.849905413061091e-31,-1.9266393561745082e-29,4.6598069884773015e-30,-1.16645541603918e-29,-5.644796505942288e-30,-1.1957509730271005e-29,-1.2223922870558681e-29,1.1939732869920105e-29,1.0058017130564999e-29,1.0106704312893219e-29,6.704309743410605e-30,2.7708005565142154e-38,1.2667805832673116e-38,-5.577712057365368e-39,-9.668940236805087e-39,3.280109907199232e-38,-6.508900379937616e-39,0.3212593197822571,-0.5751244425773621,-0.5664975643157959,-0.4846538007259369,-0.0235827341675758,0.0425547882914543,0.0666049048304557,-0.056309774518013,0.188131645321846,0.9641786217689514,0.1869918406009674,0.0,-1.0959539307611192,-1.7057353484163675,-1.063638648575931,0.1384384912656495,1.7170930601645498e-15,1.2457371291875448e-15,-3.3094326993540675e-22,5.836543589678326e-24,-1.7543669930884886e-30,-1.3126127842642444e-30,0.436342730354229,0.563415800987569,0.0002414686582019,29.572362899780277,-1.155497458516627,-0.8117326836712773,0.0535995441483409,-1.7803540496099617,-0.0712477453381257,0.9809372238957575
295.0,1350.0,0.3848154659251183,0.1891988148578632,0.4250469893198355,0.0009387298971828,2.1784315175976537e-12,0.9755209270728998,0.0006350349560619,0.0238440379710381,0.0314973615322735,0.8469515894542528,0.1215510490134736,4.481106177356532e-05,2.657955015233613e-05,0.0001186504876119,0.15143909218006,0.8431376846406823,0.0052331820797198,0.3753955400712613,0.1602422369667281,0.3583731344386189,0.9053480570251866,0.005103764746469,clean_balanced_ED_EQ,-8.588158159747378e-31,1.3556733735021303e-30,-7.404818878175999e-33,-4.027017202471783e-32,1.0152387463169083e-31,2.294387333447345e-31,4.456255536049142e-23,4.1092901013311724e-23,3.1430098833198804e-22,-4.39746580387952e-24,1.0166591945630792e-22,6.200043281045742e-23,-6.3277210317979e-39,2.6150420999282027e-38,1.134191657748368e-38,1.734159576671405e-38,-5.0141888803146525e-39,-4.349201735996844e-38,5.645262473711813e-37,-9.510493946768648e-37,-9.800684814965791e-38,-2.6077731074657397e-36,-7.551367672762637e-38,1.912236552872404e-37,2.935125473118701e-29,-1.7909011062261694e-30,-1.5829506273176505e-29,2.553499935317475e-30,-1.3521748458010502e-29,-7.625981678136306e-31,-2.1937351038268958e-29,7.150246615873334e-30,1.3702114777864576e-29,1.036962445138886e-29,9.416795873582356e-30,5.8572832532469045e-30,2.3280433161134305e-38,8.946964957084322e-39,-8.58377508826352e-39,-7.457545320077513e-39,4.125689253807295e-38,-2.449221047722693e-38,0.2798789441585541,-0.6034770607948303,-0.6145995855331421,-0.4144522845745086,0.0467377826571464,0.0350665189325809,-0.0156083032488822,-0.0647481530904769,0.1930502951145172,0.9632059335708618,0.1869918406009674,0.0,-1.1760576332114667,-1.6964964847047024,-1.0573105292838811,0.2386978776449338,1.7787815822289618e-15,1.160466710729831e-15,-3.4852029591684463e-22,2.1418959751438971e-23,-1.5356091951399943e-30,-1.0598796495167326e-30,0.44593086736663,0.5539392891854765,0.0001298434478933,24.492189407348636,-1.1778691890745037,-0.74617729351231,-0.0660531095553032,-1.7575457839413169,0.0127445282211926,0.9108923171641096
295.0,1355.0,0.4225556650302559,0.1626749644743841,0.4125937220323444,0.0021756484630155,2.0986333849219574e-12,0.8960970774281732,8.533048202710905e-05,0.1038175920897996,0.0576034612280078,0.849199749880817,0.093196788891175,7.0437524311269306e-06,0.000218053428621,0.0002737435948704,0.1519680839490375,0.8436966515861111,0.0038364236889288,0.3786508964843304,0.1381435391435178,0.3481039417441396,0.9764245427943838,0.0032794557470655,clean_balanced_ED_EQ,-8.005242364076915e-31,1.3780541008432194e-30,-4.351125642178781e-33,-1.4930706793631067e-32,4.895583347875092e-31,-2.336456233866483e-31,7.336867439314696e-23,-1.631544359294349e-23,2.8795933312642893e-22,-1.8979343637459202e-23,8.317792727117272e-23,4.712978515938141e-23,9.604236583749702e-39,4.0683310397329244e-39,5.091361585508043e-38,-2.7851362797768283e-38,-6.051785795537887e-38,2.3783047899594156e-38,5.1944816182120914e-37,-9.50667062441736e-37,-2.270749528166216e-37,-2.5424396622472384e-36,7.396516825022051e-38,1.554234831155922e-37,2.751669465891412e-29,-2.9116365390324834e-30,-1.3460435109717186e-29,2.6896949649940725e-30,-1.4056261083205938e-29,2.21942628669605e-31,2.0964537199863082e-29,4.8218302714504827e-29,1.3261449597007537e-29,5.349627854185344e-30,9.238622951577322e-30,5.452857839990189e-30,1.97719937005444e-38,6.431212218321118e-39,-9.320115924674443e-39,-3.350695630403128e-39,-7.225911888826028e-38,-1.1968806920682802e-37,0.2367137521505355,-0.6228746175765991,-0.6418343782424927,-0.3562617301940918,0.0740783363580703,-0.0697250589728355,-0.0694139972329139,0.0453363843262195,0.1979278922080993,0.9622154235839844,0.1869918406009674,0.0,-1.2500144318212618,-1.671151314000316,-1.0357737536674043,0.3059626891210485,1.823176851065928e-15,1.088256968501121e-15,-3.5731485145980583e-22,3.8764074893247576e-23,-1.3261735261207966e-30,-8.529343473074375e-31,0.4543553734447245,0.5457474802504407,0.0001028536951652,28.410749435424805,-1.1928964233009431,-0.692964447326221,-0.151913029264444,-1.7008908557429252,0.054802068957239,0.8314706521109042
295.0,1360.0,0.4201303357993151,0.1401536809891632,0.4390488381813323,0.0006671450301893,1.854289053779095e-12,0.9926824802824276,0.0002788343256621,0.0070386853919101,0.0047073440509658,0.9029157107618196,0.0923769451872147,8.465572352994107e-06,2.4048889879577535e-05,7.063332687760178e-06,0.1447752075825324,0.8548810542978831,0.000304160324664,0.4170560237831534,0.1265469604862156,0.3753345336727181,0.9569102552226691,0.0022982328275134,clean_balanced_ED_EQ,-7.390226277364891e-31,1.4008219257451906e-30,1.3502352874250797e-33,-2.6509933361779077e-32,3.0704465650939016e-32,-1.297829890403783e-31,1.2492665305166912e-23,-1.4162506272139724e-23,2.596992126791388e-22,-3.104944894363394e-23,7.357708315205888e-23,3.981434799427482e-23,-7.31749012264285e-39,8.493440506550528e-39,4.5250135562688216e-39,-1.834574349572854e-38,2.7924678317023084e-39,9.852307008777508e-39,4.508525867440366e-37,-9.335068999729422e-37,-3.3179029683197128e-37,-2.4971813492527543e-36,3.631133013412399e-38,3.064876428917009e-38,2.523554723152241e-29,-4.2460792621019256e-30,-1.2206423356828618e-29,2.8115154332540675e-30,-1.3029126209859058e-29,1.4345638288478576e-30,1.5148614054541394e-29,3.780911227686808e-30,1.157885314047975e-29,7.07487199936314e-30,8.682935299277094e-30,4.3239029257066544e-30,1.612418095081672e-38,3.4782353479368565e-39,-7.041196936557653e-39,-4.314766421588861e-39,-4.666717038577549e-38,-5.965000529528144e-39,0.198164016008377,-0.6500338912010193,-0.6728212833404541,-0.2905021607875824,0.0085313813760876,-0.0274965949356555,0.0095201050862669,0.0115114608779549,0.2027644217014312,0.961207926273346,0.1869918406009674,0.0,-1.3173241261334128,-1.6623642530418343,-1.0219018113285492,0.3916285242362428,1.8684820321742765e-15,1.0144770540404195e-15,-3.7252102369272617e-22,5.360408614851981e-23,-1.1045531044031564e-30,-6.5167215789512464e-31,0.4626418841517467,0.5373031308705484,5.49849777049527e-05,19.67753791809082,-1.2081470177009963,-0.6373743637960462,-0.2203384276938224,-1.6583517282283295,0.0893243880061173,0.7471138467013199
295.0,1365.0,0.4335588442850612,0.121124105867676,0.4447914989333658,0.0005255509138968,1.7341286158509513e-12,0.9983386946205705,0.0002773692664384,0.001383936112991,0.0012212868926051,0.9171697873343406,0.0816089257730542,1.0651681254332316e-05,8.584816588501963e-06,2.1628221265984697e-06,0.1400888602467396,0.8598072549066171,8.248552667386832e-05,0.4328385706447512,0.1110913704197185,0.3824349577036968,0.9747462470050772,0.0014097410553001,clean_balanced_ED_EQ,-6.858027348616871e-31,1.4143398847230664e-30,-1.0460874259033516e-33,-2.617895189382502e-32,5.37851403868847e-33,-5.827545365990278e-32,5.0478573069250356e-24,-7.099891861661615e-24,2.3559405161037774e-22,-3.856542829602533e-23,6.374370942893144e-23,3.174621165060361e-23,-6.981701591866926e-39,1.0218529836142771e-38,1.4620046853188874e-39,-1.1013864868878039e-38,5.51969679701166e-39,7.953424131953533e-40,4.054803030000252e-37,-9.180237653106176e-37,-4.310309492592704e-37,-2.4486479268354293e-36,2.0075542445150534e-38,1.3784410504223643e-38,2.3309708378721162e-29,-4.9918644656773226e-30,-1.0593525114650216e-29,3.0321823406085083e-30,-1.2716185633766716e-29,1.9596823225434625e-30,8.762879046205945e-30,6.895947011217755e-31,1.1573189733586763e-29,6.726783513724508e-30,8.101415596044789e-30,3.714352784869412e-30,1.273695065897644e-38,1.558371941758185e-39,-6.939300869515549e-39,-4.2630066681076116e-39,-2.87100121570539e-38,9.088275225618989e-40,0.1582361161708831,-0.6694025993347168,-0.6880570650100708,-0.2304519861936569,0.0076285651884973,-0.0163203235715627,0.0107407215982675,-0.0007046189857646,0.2075605690479278,0.9601836204528807,0.1869918406009674,0.0,-1.3818228022690264,-1.643625837877452,-0.99241192768195,0.4589435570943482,1.89903521895633e-15,9.470522134434805e-16,-3.8266772100201603e-22,7.089444782247583e-23,-8.739825556802262e-31,-4.8630016669094855e-31,0.4734630564252363,0.5266465022392408,0.000109558664477,17.777973175048828,-1.215337507447391,-0.5893079841629483,-0.2841499172546592,-1.6142300384503436,0.1105402820527092,0.675284420933962
295.0,1370.0,0.4461009986679606,0.1047600214580269,0.4486732501828311,0.0004657296911811,1.6351480856869425e-12,0.999370074532434,0.0002543614001991,0.0003755640673669,0.0004261328515922,0.9284454469132124,0.0711284202351953,1.018330862170751e-05,4.689159906887029e-06,2.3305063066912604e-06,0.1367022947838056,0.863252169054143,2.83331872161422e-05,0.445819988287793,0.0972639649412355,0.3873181564169011,0.9942669826787706,0.0008130641711017,clean_balanced_ED_EQ,-6.384644967607821e-31,1.4238137402037882e-30,-2.5111854754481828e-33,-2.4767406981207305e-32,1.6254823984921008e-33,-3.020577057555938e-32,1.81844822317878e-24,-4.313487797146326e-24,2.1404887589930914e-22,-4.388979237235786e-23,5.489344256305911e-23,2.538366090407241e-23,-6.128629319097944e-39,1.0237377951600575e-38,8.559090200194851e-40,-8.051241950525175e-39,5.272718725456336e-39,-2.1861437265049695e-39,3.691857982783244e-37,-9.051297967804122e-37,-5.198145670567411e-37,-2.40082958649935e-36,1.337493169832139e-38,4.37744890790147e-39,2.1589647978767317e-29,-5.547333682235499e-30,-9.078441369930804e-30,3.094935271983928e-30,-1.2511208211908407e-29,2.4523984102515698e-30,6.273728035948342e-30,-2.3259447495816043e-32,1.1426981762179233e-29,6.204044905598722e-30,7.582845833888396e-30,3.2371267465012165e-30,9.703986676593228e-39,1.116644481484056e-40,-6.848866134409003e-39,-4.014805004017157e-39,-2.1441928555405493e-38,2.3686692051625685e-39,0.1206524297595024,-0.6850849986076355,-0.6963781118392944,-0.1755841672420501,0.0074584335088729,-0.0126636531203985,0.009943283163011,-0.0046450435183942,0.2123164534568786,0.9591431617736816,0.1869918406009674,0.0,-1.439480519512104,-1.6223138755954567,-0.9600660130962622,0.5157792864727346,1.9217313292849078e-15,8.856711688472928e-16,-3.90486591352e-22,8.757656060592587e-23,-6.463825506665803e-31,-3.4913190586333446e-31,0.4841144604648557,0.5158927197442927,7.180209148360817e-06,16.512222290039062,-1.2190131101200092,-0.5466280946173276,-0.3401822844728653,-1.5711750788166028,0.1253424040314444,0.6112902165913431
295.0,1375.0,0.4574145522709398,0.0903706460391362,0.451791473745181,0.0004233279447428,1.549903861320161e-12,0.9996700281666836,0.0002251892997393,0.0001047825335769,0.0001715197035117,0.9385644748337186,0.0612640054627696,8.703876747972111e-06,2.875780962126616e-06,2.515242550412453e-06,0.1344682476029442,0.8655058003504507,1.1857146344622628e-05,0.4572636183525415,0.0848186779401058,0.3910281410753325,0.9877068219674217,0.0004254408604395,clean_balanced_ED_EQ,-5.953644854755551e-31,1.4309005785398922e-30,-3.5806066967211086e-33,-2.298364482606483e-32,1.018032948988214e-33,-1.5834378861942542e-32,1.0155562391055384e-25,-2.703226746965221e-24,1.9437450911544798e-22,-4.755668986317836e-23,4.6876627451104324e-23,2.0404917835902805e-23,-5.1757215164920535e-39,9.587377848745135e-39,3.611376575402402e-40,-6.25222242572527e-39,4.814584689402418e-39,-3.3351695858493505e-39,3.373414843107816e-37,-8.961911189218428e-37,-6.009311788656193e-37,-2.3539088543869453e-36,8.939940739745171e-39,-9.659191745143584e-40,2.0017280164773184e-29,-5.974822857063729e-30,-7.678014275993095e-30,3.0573272911046123e-30,-1.23392667020815e-29,2.9174953626337627e-30,4.990323530535581e-30,-3.524737255123376e-31,1.1223042232236543e-29,5.6680260450502764e-30,7.098442676652176e-30,2.834415200073599e-30,6.919404072656275e-39,-1.0373019994460711e-39,-6.75435438795422e-39,-3.719305262911513e-39,-1.7551354209714906e-38,2.9941058834183355e-39,0.0845948904752731,-0.6982620358467102,-0.6995127201080322,-0.1245483979582786,0.0070034288801252,-0.0109074860811233,0.0091104991734027,-0.0062924260273575,0.2170327454805374,0.9580870270729064,0.1869918406009674,0.0,-1.492716807517534,-1.599547036075013,-0.9260754295122844,0.5650773665454792,1.939538369509629e-15,8.289705496423906e-16,-3.9669921921796074e-22,1.0386335377187536e-22,-4.169152657514114e-31,-2.3071507623793996e-31,0.4948941874680047,0.5049529448474104,0.000152867684585,15.519022941589355,-1.2206257428271992,-0.5078740118185455,-0.390412508001678,-1.529285701539661,0.1353206206703139,0.5530847351164258
295.0,1380.0,0.4672355966282371,0.0778788530596941,0.4544975054194157,0.0003880448926529,1.4755524855277828e-12,0.999780570434802,0.0001976452922016,2.178427299626152e-05,0.0001075761474603,0.947808440319646,0.0520839835328935,7.641106447594212e-06,2.120789425801889e-06,2.4154966658984776e-06,0.1331413920755705,0.8668377071179798,8.72341391025498e-06,0.467133071324424,0.0738142342523916,0.3939755754886079,0.972737327162689,0.0002007216158997,clean_balanced_ED_EQ,-5.560218855526704e-31,1.4356430549892883e-30,-4.334417715391994e-33,-2.120803390829388e-32,1.4822845411337086e-33,-7.031922291114767e-33,-8.550041639750997e-25,-1.7577053705056708e-24,1.765377319955958e-22,-4.995786127628721e-23,3.975512535198911e-23,1.6410042480005566e-23,-4.4168483672112235e-39,9.082705151625581e-39,1.6546293013725875e-40,-5.3182571866079645e-39,4.251382647271008e-39,-3.7644579807530146e-39,3.098067654383385e-37,-8.903357295704038e-37,-6.751710306260053e-37,-2.308683568979949e-36,6.287516209700297e-39,-4.323569283657478e-39,1.8582164740774185e-29,-6.3030520188146594e-30,-6.400565009755034e-30,2.9523831250111144e-30,-1.2181601794008988e-29,3.350669925298462e-30,4.1720656258713306e-30,-5.0046998761703525e-31,1.0977666507160129e-29,5.1677284731065195e-30,6.634521672819076e-30,2.4756509299347816e-30,4.3746418941600824e-39,-1.953862391616478e-39,-6.634011433620245e-39,-3.4331692155535246e-39,-1.5051198516885698e-38,3.3081164979973643e-39,0.0501461401581764,-0.7092631459236145,-0.698686957359314,-0.0774418711662292,0.0065492633730173,-0.00998723693192,0.0082048568874597,-0.0069320597685873,0.2217094451189041,0.9570156335830688,0.1869918406009674,0.0,-1.541210774240643,-1.5757348137525635,-0.8911021545935314,0.6076997472024702,1.952622975291185e-15,7.765911013755719e-16,-4.015224102688068e-22,1.1956824469017887e-22,-1.9632346127803546e-31,-1.3102283233864016e-31,0.5057114832904893,0.4942760809229217,1.2435786588937958e-05,14.71450901031494,-1.2202340842674202,-0.4725943917550377,-0.4354717722900258,-1.489054594816375,0.1416380086531964,0.5005108740288763
295.0,1385.0,0.4758603051683172,0.0668039163809164,0.456978427985253,0.0003573504655132,1.410114800686531e-12,0.9998233049163564,0.0001737548684095,2.94021523412534e-06,0.0001486476775804,0.9567568075952724,0.043094544727147,6.67962182383917e-06,1.6480060911643713e-06,2.221664936677645e-06,0.1328954922353044,0.8670829971547935,1.096131705032486e-05,0.4757762229918928,0.0639151017714671,0.3962382249725392,0.9603205458030684,9.77257117106283e-05,clean_balanced_ED_EQ,-5.1966836907287795e-31,1.438954142159665e-30,-4.818290849236225e-33,-1.958454183764333e-32,2.3484874204700505e-33,-1.1695387592689056e-33,-1.8006404259656772e-24,-1.0716332284803102e-24,1.6009544869935914e-22,-5.1281567678802156e-23,3.3205598802247504e-23,1.3049903241750763e-23,-3.961262335735512e-39,8.47747037343989e-39,1.6190454425018747e-40,-4.6450508350444656e-39,3.799351951941455e-39,-3.832411809199703e-39,2.864815693878548e-37,-8.88229381066896e-37,-7.446732130127322e-37,-2.2646178140636488e-36,3.886568429013762e-39,-7.532410491311391e-39,1.7258857507466828e-29,-6.535874461291238e-30,-5.240246513468093e-30,2.7699283675366572e-30,-1.201860931955784e-29,3.765946512364806e-30,3.6330293938528485e-30,-5.849914630663862e-31,1.0703382041019369e-29,4.720067215644373e-30,6.191402619137109e-30,2.178943661884809e-30,2.0086897271273804e-39,-2.6611049526565603e-39,-6.49450083610492e-39,-3.1689354018789876e-39,-1.3289338317474314e-38,3.491586274186562e-39,0.016501810401678,-0.7185350656509399,-0.6942571401596069,-0.0331742540001869,0.0059640011750161,-0.0092330630868673,0.0076665612868964,-0.0071849483065307,0.2263474464416504,0.9559292793273926,0.1869918406009674,0.0,-1.5869439709731128,-1.5511644751513962,-0.8550842968033171,0.6452032994703311,1.962625326728536e-15,7.275595677991589e-16,-4.05283495603662e-22,1.3506144660513564e-22,2.4936040749505837e-32,-4.5741488319278947e-32,0.5166857690805152,0.4832039074351982,0.0001103234842865,14.051017761230469,-1.2186330271321268,-0.4401009171547511,-0.4768376806707068,-1.4501060158923875,0.1448660373372663,0.4522559332443073
295.0,1390.0,0.4830439610215449,0.0572649208522594,0.4593599632980126,0.000331154828183,1.352479807482088e-12,0.999840773622146,0.0001512758283181,7.950549535879497e-06,0.0001830331843543,0.9654865946466724,0.0343303721689732,5.51308201908984e-06,1.2395349573530571e-06,1.990898878502325e-06,0.133512853581502,0.8664669182331161,1.1484669526846625e-05,0.4829670476812872,0.0552885134263592,0.3980202117585062,0.9509692706364754,9.189309055488984e-05,clean_balanced_ED_EQ,-4.864431947911127e-31,1.4406132294243488e-30,-5.230446422448774e-33,-1.7956805223135468e-32,3.132480145500652e-33,2.9278172691483918e-33,-2.044086045701952e-24,-5.755159679426804e-25,1.4524253410567518e-22,-5.188372631519436e-23,2.72105154461628e-23,1.0266807130416401e-23,-3.321697580144484e-39,7.756566694494608e-39,-8.419515213456788e-41,-4.000091110189231e-39,3.405888597294259e-39,-3.756479079545079e-39,2.664474045000517e-37,-8.894510814644583e-37,-8.093324319458234e-37,-2.2225930410090305e-36,2.2584326913639258e-39,-8.31012268873493e-39,1.6051094683717329e-29,-6.709181172611668e-30,-4.1826229452125574e-30,2.5534815323726745e-30,-1.1868471313816825e-29,4.15570070195887e-30,3.2388964577658634e-30,-6.705466002419639e-31,1.0460223057077175e-29,4.329781991670027e-30,5.7601501203177494e-30,1.921327359898733e-30,-1.851649026497308e-40,-3.2194904346638086e-39,-6.391242665101496e-39,-2.940358659469442e-39,-1.1971844904206774e-38,3.659534506677778e-39,-0.0156899467110633,-0.7261073589324951,-0.6871697902679443,0.0076816719956696,0.0054560150019824,-0.0087224086746573,0.0070354379713535,-0.007225485984236,0.2309466749429702,0.9548285603523254,0.1869918406009674,0.0,-1.6287974722346972,-1.5261793730745616,-0.8189792540884419,0.6773585758316509,1.9693234797269204e-15,6.823636418896401e-16,-4.0799150521046217e-22,1.4995462515621026e-22,2.375045272343893e-31,2.75930032663892e-32,0.527583919636509,0.4723630337766968,5.304658679416985e-05,13.505537986755373,-1.2156494620471825,-0.4104810340389716,-0.5145193653586375,-1.4129758252255988,0.1460398641945492,0.4088218303212583
295.0,1395.0,0.4889528774478032,0.0488131069915873,0.4619266660897461,0.0003073494708631,1.301729077060461e-12,0.9998487941962302,0.000130255305539,2.0950498230745385e-05,0.000271273389041,0.974196724487526,0.0255320021234329,5.052927118608951e-06,1.149968173863968e-06,1.7781858692579474e-06,0.1359893026941704,0.863988597653908,1.41185707596571e-05,0.4888789449349631,0.0475535689432635,0.3990993724538248,0.9447263476612996,0.0001633223436695,clean_balanced_ED_EQ,-4.553510489619392e-31,1.4414287533878299e-30,-5.429785999111976e-33,-1.6376929214843992e-32,3.911716359758483e-33,5.7077920722853326e-33,-2.3396053172952003e-24,-2.9815296048647407e-25,1.3150716732623917e-22,-5.1792294010360914e-23,2.141806178855201e-23,8.0509607741532e-24,-2.9589356786351656e-39,7.468453739767746e-39,-1.1922517796236351e-40,-3.83047289810325e-39,3.0781625324813307e-39,-3.637978915746399e-39,2.4872398629650294e-37,-8.980675159758584e-37,-8.705903591478872e-37,-2.1815721591796872e-36,1.1307537231649736e-39,-9.427542647904655e-39,1.4920357266766278e-29,-6.838626042865747e-30,-3.2106102149430465e-30,2.3151908893579616e-30,-1.1709746620991613e-29,4.5234355843394035e-30,2.9674550963995465e-30,-7.310936298794741e-31,1.0203978050302165e-29,3.9514962705382144e-30,5.351138088589936e-30,1.6849819222494695e-30,-2.2291056395720152e-39,-3.664729348243263e-39,-6.263042811302983e-39,-2.708170720951489e-39,-1.0995034822131335e-38,3.805444928292204e-39,-0.0472461879253387,-0.7324202656745911,-0.6776221990585327,0.0459400862455368,0.0048720063641667,-0.0083922389894723,0.0065308539196848,-0.0070333429612219,0.2355076074600219,0.9537138938903807,0.1869918406009674,0.0,-1.6684847581941693,-1.5006594937971098,-0.7825817075821228,0.7055512966720102,1.973970106108134e-15,6.397959181194484e-16,-4.0987190893810144e-22,1.6459736965992204e-22,4.452913030955836e-31,8.898526330125078e-32,0.5387658139655838,0.4613744561472995,0.0001402701128832,13.060110092163086,-1.2119780020431834,-0.38286696671762,-0.5495026865815924,-1.376973394943381,0.145259986919466,0.3688334291932326
295.0,1400.0,0.4936039102359457,0.0414348978152202,0.4646754046757227,0.0002857872731111,1.2563567271386525e-12,0.9998516146076888,0.0001106095242471,3.777586806417104e-05,0.0003977809792021,0.9829219749153516,0.016680244105446,4.203480260731724e-06,8.931717052866801e-07,1.5138101000935178e-06,0.140079695831963,0.8598971371784132,1.655652755755743e-05,0.493530666626079,0.0407272715909521,0.3995730501978746,0.941393281211255,0.0002981689077321,clean_balanced_ED_EQ,-4.264706983174996e-31,1.4410460614825896e-30,-5.654355856514002e-33,-1.4760621582060966e-32,4.794465459641251e-33,7.89570901739956e-33,-2.603436703210637e-24,3.107396953163737e-26,1.1890804523002304e-22,-5.110282794418734e-23,1.5713653161951914e-23,6.110659167836664e-24,-2.7017219320046172e-39,6.778883381208053e-39,-3.9436040156200735e-41,-3.3635924993976477e-39,2.74115820071166e-39,-3.41526468284411e-39,2.3466546987706773e-37,-9.12274513191251e-37,-9.279711169782946e-37,-2.1414368939170247e-36,-3.1792322779361287e-40,-1.023589903721842e-38,1.387204720371597e-29,-6.906907446487454e-30,-2.327012820113728e-30,2.034324461215061e-30,-1.154503525768565e-29,4.8725832037932465e-30,2.7338295940651165e-30,-7.822311181175401e-31,9.954446449857109e-30,3.616388989125491e-30,4.9322044330700165e-30,1.4807497385809588e-30,-4.1743265009970405e-39,-4.001636084906435e-39,-6.144415530489692e-39,-2.499119464089436e-39,-1.0178253215079984e-38,3.9016846109384265e-39,-0.0778274983167648,-0.737288773059845,-0.6660267114639282,0.081448458135128,0.0042930748313665,-0.0079882536083459,0.0061850640922784,-0.006841083522886,0.2400306463241577,0.9525855779647828,0.1869918406009674,0.0,-1.705355260654133,-1.474552042392132,-0.7463405499958389,0.7296097264902691,1.976387696496919e-15,5.99963743824637e-16,-4.108738478898717e-22,1.7878089004112024e-22,6.465637079733431e-31,1.3939049006181956e-31,0.5497340970615566,0.450310487157637,4.458421919362188e-05,12.690266609191896,-1.207328884457997,-0.357303216195571,-0.5815442546578695,-1.342003322716528,0.1428143866832964,0.3323060627834979
295.0,1405.0,0.4968786540012774,0.0350136494640224,0.4678413565970984,0.0002663399376015,1.2162224265334073e-12,0.9998515445437643,9.32105377376301e-05,5.524491849772757e-05,0.0004986499017423,0.9911400009448988,0.0083613491533588,3.343436888233384e-06,7.304533667497304e-07,1.2342561601202098e-06,0.1459450156099316,0.8540332641700834,1.6412073569738956e-05,0.496804889654004,0.0347034285628556,0.3995520808883799,0.941560585929086,0.0004919621074376,clean_balanced_ED_EQ,-3.991886251148967e-31,1.4398285771736393e-30,-5.7613332995976405e-33,-1.3225979566579102e-32,5.5549733042257284e-33,9.61730408148487e-33,-2.6419216312102043e-24,2.6757179127475416e-25,1.0728770448399927e-22,-5.0049301928233874e-23,9.962056028834669e-24,4.358234743208271e-24,-2.2515112562676267e-39,6.091510107688172e-39,-2.335003110368376e-40,-3.026513603679604e-39,2.4850122110961237e-39,-3.0650030507232915e-39,2.2198316508318225e-37,-9.333999534988574e-37,-9.831618716275428e-37,-2.1023786028388595e-36,-1.361477519699708e-39,-1.0082730960272195e-38,1.2892955710827566e-29,-6.952621003189835e-30,-1.5127485360543813e-30,1.741842332290769e-30,-1.1380206953113841e-29,5.210778449239724e-30,2.5364334416048054e-30,-8.294204417081607e-31,9.713089309870645e-30,3.3140124180866864e-30,4.5082406913456644e-30,1.2911805177944799e-30,-6.055186255816468e-39,-4.2731726367206716e-39,-6.03570490150757e-39,-2.308634179328287e-39,-9.483012473268666e-39,4.014914877422695e-39,-0.1079125255346298,-0.7409699559211731,-0.6528050899505615,0.11481174826622,0.0037672892212867,-0.0075638629496097,0.0058903875760734,-0.006663735024631,0.2445160895586013,0.9514440894126892,0.1869918406009674,0.0,-1.740343725797185,-1.4480290819108483,-0.7101613663708274,0.7505402297777346,1.9772738906209936e-15,5.622374095986376e-16,-4.1120960967793945e-22,1.92692151850576e-22,8.434457199398947e-31,1.827801112539796e-31,0.5607529932358847,0.4394153250355814,0.000168318271466,12.389437675476074,-1.2020159447010248,-0.3332557083102813,-0.6117539201025233,-1.3081654089140409,0.139372394361077,0.2987642920750383
295.0,1410.0,0.4985181879193573,0.0294274134840823,0.4718057039175397,0.0002486946790205,1.18103655877002e-12,0.9998512490612882,7.515699879829145e-05,7.359393991362104e-05,0.0007662555504057,0.9973140384852708,0.0019197059643234,3.045333344132081e-06,7.195944174055746e-07,1.0720233051904577e-06,0.1549305018587695,0.8450433774223554,2.128376780844814e-05,0.4984440328709394,0.029348372583986,0.3986962855256095,0.9464162298404672,0.0007392453449108,clean_balanced_ED_EQ,-3.7357331983682e-31,1.4375654152270565e-30,-5.843175758682426e-33,-1.1475612358932511e-32,6.480381385311029e-33,1.0972154828177406e-32,-2.96302912973149e-24,4.362636520103396e-25,9.653184925845173e-23,-4.85413689431993e-23,3.8315265599976236e-24,2.791358625349952e-24,-1.939990528710076e-39,5.88786821912639e-39,-3.3168405267417477e-40,-2.99514618232933e-39,2.2716814339427013e-39,-2.892723881192936e-39,2.122706308826272e-37,-9.656672215792774e-37,-1.0356621658781317e-36,-2.0638343790798625e-36,-2.3797431954127037e-39,-1.1341603762036593e-38,1.1973730757325865e-29,-6.945374751450335e-30,-7.755639664041005e-31,1.4121386620593838e-30,-1.1198168139910874e-29,5.5332358645594324e-30,2.3994012880501137e-30,-8.605037401705582e-31,9.505961127391915e-30,3.040009461142433e-30,4.052033231898809e-30,1.1356389498729038e-30,-7.892856640537843e-39,-4.454788441416168e-39,-5.948240529058656e-39,-2.1424128283796076e-39,-8.890313981663678e-39,4.068818138674232e-39,-0.1374272853136062,-0.7435035109519958,-0.6379194259643555,0.1459013223648071,0.0031844426412135,-0.0073451306670904,0.0056313388049602,-0.0063188467174768,0.2489645034074783,0.950289785861969,0.1869918406009674,0.0,-1.7733218288283077,-1.4210221072772211,-0.6740054881540346,0.7683170871474871,1.9764707758303718e-15,5.265559879908515e-16,-4.1085480406859865e-22,2.0631068042417236e-22,1.0333331438037151e-30,2.1624637397108065e-31,0.5717478211660637,0.4283000296910673,4.785085713110426e-05,12.154995918273926,-1.195870815130559,-0.3107652881547138,-0.6398589774944515,-1.2750904677455703,0.1346939124989869,0.2678592042304757
295.0,1415.0,0.4979059480593519,0.0246552486562275,0.4772066274510421,0.0002321758333783,1.1513492486879364e-12,0.9998508791025362,5.869451776307925e-05,9.042637970055216e-05,0.0010040998045041,0.9978137688842732,0.0011821313112227,2.696341166913397e-06,5.468839851623408e-07,1.0208935824869434e-06,0.1686444034568872,0.8313288192659292,2.251315844909009e-05,0.4978316998775248,0.0246013465844493,0.396715622144751,0.9584272477784452,0.0010549172724123,clean_balanced_ED_EQ,-3.489112846017336e-31,1.434205770353925e-30,-5.9457666492134654e-33,-9.619969467667218e-33,7.285911741151465e-33,1.1998145478351635e-32,-3.058376757395314e-24,6.193994933551073e-25,8.654808487139586e-23,-4.675247461204637e-23,-3.1187406202799903e-24,1.3180490704252802e-24,-2.0739021560330552e-39,5.4744861562736505e-39,-1.397841954332275e-40,-2.6327688783328647e-39,2.213687714361057e-39,-2.841717954731673e-39,2.0565515887893086e-37,-1.0146226127512932e-36,-1.0861236304729388e-36,-2.025714287972611e-36,-3.40564202467977e-39,-1.1466259843442473e-38,1.1095838154233629e-29,-6.931719317843458e-30,-8.528150958093188e-32,1.0870351589889947e-30,-1.1010555732502216e-29,5.84468358876041e-30,2.2661177037802877e-30,-9.128464556686682e-31,9.310394795190729e-30,2.7860961568345625e-30,3.556886120293859e-30,9.754028761077e-31,-9.764189368371904e-39,-4.608950080159807e-39,-5.874554956550791e-39,-1.9765563788611155e-39,-8.384137050886347e-39,4.1359336523461824e-39,-0.1665192991495132,-0.7448104619979858,-0.6219109296798706,0.175165444612503,0.0026419979985803,-0.0069687268696725,0.005471555981785,-0.0060337060131132,0.2533758878707886,0.9491231441497804,0.1869918406009674,0.0,-1.8044734651627,-1.3933136212069237,-0.6381167589824935,0.7835707263104522,1.974324181694156e-15,4.922695853505898e-16,-4.098803645096092e-22,2.1962114550812e-22,1.2162607964783109e-30,2.428765477086313e-31,0.5825268445985069,0.4175224809746913,4.932557319836661e-05,11.986722946166992,-1.1888602033764053,-0.2892240077025881,-0.6663014596865005,-1.242709714727618,0.1292716297563048,0.2393073752021149
295.0,1420.0,0.4946705611079549,0.0208012143971464,0.4843113376744991,0.0002168868203994,1.127556280047752e-12,0.9998495699018196,4.304864755037108e-05,0.0001073814506299,0.0012326841447905,0.9837481575302702,0.0150191583249392,2.1785590667612045e-06,5.001536955161801e-07,7.704842372799899e-07,0.1875278441545778,0.8124454903316396,2.3216316783088157e-05,0.4945961477668805,0.0204631563375849,0.3934765622101307,0.9790583385228072,0.0014462671773848,clean_balanced_ED_EQ,-3.255637560111946e-31,1.4296587036992907e-30,-6.0367681657528405e-33,-7.491483219677342e-33,8.015428958069354e-33,1.2909248863836668e-32,-3.081338676988507e-24,7.229776869125358e-25,7.739122919726911e-23,-4.477696760976052e-23,-1.1046836970613474e-23,-1.4077070921039416e-25,-1.7361157688282572e-39,5.009594224343602e-39,-2.133018481263353e-40,-2.5314082719298947e-39,1.9494227618393395e-39,-2.478179634761084e-39,2.0129948236507835e-37,-1.0813520938014296e-36,-1.1347373200142847e-36,-1.988441027499925e-36,-4.0838693182151017e-39,-1.1537030069488063e-38,1.0261776010600706e-29,-6.9009844522783e-30,5.556164568256568e-31,7.60452231703757e-31,-1.0817392467426365e-29,6.1405325674913814e-30,2.169757133183355e-30,-9.262468529426992e-31,9.145051634684174e-30,2.5576698275919273e-30,2.9918510519419878e-30,8.402799932322252e-31,-1.1689347677805931e-38,-4.711301904493905e-39,-5.827280563290626e-39,-1.8351260249067758e-39,-7.90906296600718e-39,4.2194762769016114e-39,-0.1949987560510635,-0.7450048327445984,-0.6048521995544434,0.2024426013231277,0.0021421322599053,-0.0067358189262449,0.0052670403383672,-0.0056834057904779,0.2577510476112366,0.9479442834854126,0.1869918406009674,0.0,-1.8336889179347424,-1.365248221647697,-0.6026009361803567,0.7962276527584838,1.970831321768252e-15,4.597202957096826e-16,-4.083314849700069e-22,2.325789100530381e-22,1.3920837734248644e-30,2.631772687950827e-31,0.5931066756614953,0.4068892329516282,4.091386876403647e-06,11.891459465026855,-1.180918135086713,-0.2689202273282088,-0.691230720766124,-1.211268458697034,0.123373360786453,0.2132349855549503
297.5,1332.5,0.2829971150239024,0.3341771330437989,0.3819936880922222,0.0008320638400764,3.195880297141116e-12,0.9966529883427668,0.0008937381315957,0.0024532735256374,0.0033636348021927,0.767039074762524,0.2295972904352831,9.019913883472236e-05,1.1668479529471235e-06,7.234768385310449e-05,0.1840611304060194,0.8144862266670583,0.0012889292562815,0.2820499203809541,0.2563269189367084,0.3111285976248672,0.7408423852165337,0.0232381537787435,mixed_higher_order,-1.1972671740931352e-30,1.1229275053760204e-30,2.0388352685018286e-32,-4.472698732953025e-32,-2.35609248760178e-32,7.795651342933705e-32,-3.100759301924823e-23,1.901034886104733e-24,4.537739435445561e-22,1.1902071183709195e-22,1.7859328920267264e-22,1.843362529681909e-22,-2.9019021903495837e-38,3.0567081099643423e-38,4.364110475750818e-39,-1.9837656374465667e-39,2.465492292985782e-38,-2.858329573051637e-38,9.486103661840596e-37,-9.553313293274588e-37,6.550354533378783e-37,-2.7552645105874677e-36,1.0434794855781371e-39,-1.1265649159475342e-37,3.993470823788585e-29,8.458817804117651e-30,-2.876872402379856e-29,-4.438270079833583e-30,-1.1165986366030759e-29,-4.0205480829413136e-30,-4.433399873094239e-31,-6.190968323132437e-31,1.192401777990366e-29,1.4530384288284125e-29,1.104526305444302e-29,1.1164819295353256e-29,4.135694366443499e-38,3.339330740272372e-38,-5.5747038248395386e-39,-8.487565099935957e-39,1.634996511554782e-39,1.209013983891893e-39,0.4823203980922699,-0.4049800932407379,-0.3105646073818207,-0.711407482624054,0.01414230838418,0.0023669977672398,0.0212847180664539,-0.0138495825231075,0.1642458438873291,0.9685335755348206,0.1869918406009674,0.0,-0.7346150447099192,-1.6683111485733355,-0.997651434608012,-0.2594622625916947,1.366470385308051e-15,1.5201387167172239e-15,-2.506213162546859e-22,-4.6733914863599574e-23,-2.4035705260557777e-30,-2.725341649130678e-30,0.3968474499020258,0.6031958318509508,4.328175297674264e-05,39.51370620727539,-0.9884626548174104,-1.0539005267606754,0.4531424546845509,-1.906045416733835,-0.3494703915332439,1.3323778296264537
300.0,1332.5,0.2604613203726765,0.3638332017851353,0.3748342042016525,0.0008712736405356,3.4512066684268338e-12,0.9968074468826869,0.0009554199658492,0.002237133151464,0.0026368993440587,0.7751319320929012,0.22223116856304,9.267841867297264e-05,1.4649897074145244e-06,7.177783642393803e-05,0.1799399860037642,0.8187439100182778,0.0011501827331534,0.2596297837723813,0.2820187326592583,0.3068932219566505,0.6948707387241377,0.0268603733012065,mixed_higher_order,-1.235819171703739e-30,1.0729113576574452e-30,2.3241172995602478e-32,-4.5022537981593357e-32,-2.675191458587025e-32,7.276974631974188e-32,-2.9807470158779765e-23,-1.0177332292430623e-24,4.8607625945155295e-22,1.5877584789896113e-22,1.8266973798546452e-22,2.0395670792330576e-22,-3.1690301381745647e-38,3.049403614947937e-38,4.901021079786744e-39,-2.5600273916034567e-39,2.678929271729157e-38,-2.793400196346197e-38,1.0022652829798849e-36,-9.343992652789708e-37,8.469814352371659e-37,-2.7975080034999946e-36,1.2220755345118616e-38,-1.088695522244521e-37,4.2508647827368185e-29,1.1859592178858776e-29,-3.160353367825445e-29,-7.154232917411227e-30,-1.0905107693283317e-29,-4.7053571095040745e-30,2.9634828280553216e-32,-3.334036062111664e-31,1.149368790485334e-29,1.5152757902858384e-29,1.0621499476246952e-29,1.1659793552368337e-29,4.2699201632735404e-38,3.771977285610418e-38,-5.288004082621219e-39,-8.678220316213583e-39,-5.938400003014032e-41,7.08306748772128e-40,0.4938108026981354,-0.3483770191669464,-0.2468683421611786,-0.7569912672042847,0.0143839521333575,0.0025893768761307,0.0216161478310823,-0.0124521208927035,0.1528172641992569,0.9704024791717528,0.1869918406009674,0.0,-0.6623550888192892,-1.6264043085918545,-0.9750751059413282,-0.3464793953056017,1.2873725092888685e-15,1.550543758998045e-15,-2.2776428781754603e-22,-5.558478848093411e-23,-2.6772028682444338e-30,-3.2772506748491855e-30,0.3654292592966051,0.6346020701467392,3.1329443344274566e-05,42.28017044067383,-0.944435686094182,-1.087836118973221,0.5859274405375448,-1.935268751097323,-0.4662000157352483,1.4272243719904412
