tag,lam_nm,f_ED,f_MD,f_EQ,f_MQ,C_total_exact,px_given_ED,py_given_ED,pz_given_ED,mx_given_MD,my_given_MD,mz_given_MD,Qxx_given_EQ,Qyy_given_EQ,Qzz_given_EQ,Qxy_given_EQ,Qxz_given_EQ,Qyz_given_EQ,Cpx_total_fraction,Cmy_total_fraction,CQxz_total_fraction,ED_EQ_balance,CT_diag_over_CED,class,px_re,px_im,py_re,py_im,pz_re,pz_im,mx_re,mx_im,my_re,my_im,mz_re,mz_im,Qxx_re,Qxx_im,Qyy_re,Qyy_im,Qzz_re,Qzz_im,Qxy_re,Qxy_im,Qxz_re,Qxz_im,Qyz_re,Qyz_im,Qmxx_re,Qmxx_im,Qmyy_re,Qmyy_im,Qmzz_re,Qmzz_im,Qmxy_re,Qmxy_im,Qmxz_re,Qmxz_im,Qmyz_re,Qmyz_im,Tx_re,Tx_im,Ty_re,Ty_im,Tz_re,Tz_im,txx_re,txx_im,rxx_re,rxx_im,tyx_re,tyx_im,ryx_re,ryx_im,tbg_re,tbg_im,rbg_re,rbg_im,E_up_re,E_up_im,E_dn_re,E_dn_im,I0_re,I0_im,I1_re,I1_im,I2_re,I2_im,T,R,en_res,U_proxy,even_px_re,even_px_im,odd_Q_re,odd_Q_im,odd_m_re,odd_m_im
baseline,1300.0,0.4251427561227266,0.1844532564242551,0.3897134409932672,0.000690546459751,2.27654295263078e-12,0.999233497171288,0.0007337172975124,3.278553119949729e-05,0.0009279563290024,0.3973732741780919,0.6016987694929057,0.0001135312322482,1.4408569777644184e-05,4.90475853764582e-05,0.2644019165273908,0.7351734164600134,0.0002476796251933,0.4248168829975521,0.0732967944381174,0.2865069618554081,0.91666489756859,0.0167434609757033,mixed_higher_order,-9.786027857929531e-31,1.2889159201576536e-30,1.1959668911023324e-32,-4.219030957776751e-32,7.568193711081816e-33,-5.352808198037497e-33,-6.465788737209818e-24,-7.282296986534621e-24,1.929875362201441e-22,-5.803314735107909e-23,2.0110313481916141e-22,1.4509266134026317e-22,-2.225191339320701e-38,3.010055285572159e-38,5.362524681768914e-39,-1.220952223060222e-38,1.688937924243318e-38,-1.789103640173661e-38,7.187195905166191e-37,-1.055960673243165e-36,-7.540867906271141e-37,-1.9920017351101253e-36,2.4320570253626715e-38,-3.0609283650000523e-38,1.6671127285572033e-29,-8.445996811709363e-30,-5.449141514380334e-30,5.6137339593325424e-30,-1.1221987070894752e-29,2.8322628523768207e-30,5.4896428608871286e-30,4.581794430393085e-31,1.2770661239550045e-29,1.0734511346285805e-29,1.6894524145260992e-29,1.0790872969136301e-29,3.890388489863104e-38,1.9107386519629006e-38,-6.718573340556732e-39,-6.410041218692359e-39,-1.3187805513724284e-38,1.9014353070572974e-39,0.2002601474523544,-0.9118767976760864,-0.3020689189434051,-0.1929666399955749,0.0126714371144771,-0.0152794821187853,0.0128832664340734,-0.003347149118781,0.3483501374721527,0.918523907661438,0.1869918406009674,0.0,-1.4409339033613435,-1.796502468962914,-0.5953171315903503,0.1710865769814942,1.6554416160854685e-15,1.3210542206437226e-15,-3.3845340621441235e-22,1.4549684140788064e-22,1.7198435053941972e-30,1.3392895968097893e-30,0.8720174486899973,0.1286589379040539,0.0006763865940513,40.57269287109375,-1.1629391722353948,-0.8829555876058285,-0.5480737606646389,-1.4477960571413258,0.1746577387581785,0.5808192080434472
baseline,1345.0,0.4989081002336564,0.0341885932675358,0.4665606424400397,0.000342664058768,1.3178665226370073e-12,0.9996670327525864,0.0002144347270902,0.0001185325203231,0.0009801228212348,0.8567198403303499,0.1423000368484153,1.0575102476580366e-05,1.3066880174446592e-06,5.125315601169737e-06,0.1385971271405206,0.8613581223394067,2.77434139774936e-05,0.4987419801768092,0.0292900461652825,0.4018757989296199,0.9351634944823162,0.0001958857323963,clean_balanced_ED_EQ,-3.3306439147209584e-31,1.3887152406504655e-30,-7.411788146574332e-33,-1.9558694224819542e-32,1.1900219748252682e-32,1.0010387066629969e-32,-3.2873466157551246e-24,1.2282468413189647e-24,7.539483445233193e-23,-7.127621769944708e-23,4.094641074651452e-23,1.0554177318025681e-23,-2.842913265168534e-39,1.0142015025329927e-38,-5.794153413865572e-40,-3.656862867741609e-39,3.422319459926834e-39,-6.485139909484907e-39,1.5398098247164123e-37,-8.38627453506176e-37,-1.4964186019065546e-36,-1.5096204214345307e-36,-5.1276939568750386e-39,-1.091942377089304e-38,7.873363556529474e-30,-9.327150936847033e-30,4.604038548633077e-31,1.4230674927892076e-30,-8.333767411392779e-30,7.904083257904892e-30,2.4035707246039393e-30,-1.6923568820221966e-30,1.0707814467206484e-29,3.248176173343475e-30,8.30516687499008e-30,1.3591714298007598e-30,6.100521391026615e-40,-4.2356045575475536e-39,-6.473415104016501e-39,-2.4019971084033115e-39,-6.443871770520046e-39,5.5687911957048056e-39,-0.4453608393669128,-0.8101405501365662,-0.2951296865940094,0.240509808063507,0.0031438695732504,-0.0098009593784809,0.0074010486714541,-0.0103069273754954,0.3851882219314575,0.9036946296691896,0.1869918406009674,0.0,-2.0904164621211603,-1.1919082531172205,-0.3045946633740627,0.5854611906747355,1.959110684273685e-15,4.9546812046061715e-16,-3.1576856555993287e-22,3.1728475289870186e-22,3.3022111464471644e-30,7.794423804229602e-31,0.8547799309378113,0.1451075079571842,0.0001125611050044,18.316593170166016,-1.211062847541322,-0.2904568903282732,-1.01604492599201,-1.0250087558509628,0.2073372920971672,0.2193180462995019
baseline,1405.0,0.3221716928542615,0.033952126816576,0.6437337995730416,0.0001423807561209,1.2441183159577272e-12,0.9994835964578066,0.0002155915183911,0.0003008120238022,0.0008529727390905,0.0602114995300195,0.93893552773089,3.022917337704518e-06,7.571390214497271e-07,9.360454845496844e-07,0.5691854872949417,0.4308015208029317,8.27580028293922e-06,0.3220053222508771,0.0020443084678594,0.2773214998483159,0.5004734768749798,0.0116751648991575,EQ_dominated_with_ED,-9.295954407725582e-32,1.2130623021183627e-30,-4.259081650254104e-33,1.7353253028271558e-32,1.9315709555653223e-32,8.50786848852533e-33,-2.7881740110952394e-24,2.0470588885164824e-24,8.991307128930877e-24,-2.763553940397784e-23,-1.1467978587542022e-22,4.3223275074656134e-24,-6.741677226113202e-40,7.295075217825923e-39,-9.290762630756783e-40,-3.5468299603459854e-39,1.6032393142947215e-39,-3.7482444508135566e-39,-2.2384251574422533e-38,-2.2477792536211717e-36,-1.8084510454805907e-36,-7.443098385961423e-37,-7.641605252924455e-39,-3.8826899981675327e-39,3.699902269646446e-31,-6.369054020559783e-30,3.268237104070422e-30,-3.466483456330734e-30,-3.638228439331776e-30,9.83553659025315e-30,1.078596906810496e-30,-1.9285748116949725e-30,8.551543819938746e-30,6.985107617999326e-31,-3.34146647919748e-30,3.5051346390980496e-31,-2.926979822734552e-38,-2.797766524093869e-39,-6.063767591437003e-39,-6.128174455453012e-40,-2.328213643900326e-39,5.687296744532601e-39,-0.8335358500480652,-0.4819119274616241,0.0310655832290649,0.2683492302894592,-0.0016911772545427,-0.0008954983786679,0.0048002335242927,-0.0081683853641152,0.4297611713409424,0.883368194103241,0.1869918406009674,0.0,-2.228838892275177,-0.5609715787283888,0.0461761129496028,0.3888148343033029,1.7915956543411057e-15,1.4066863189867364e-16,-1.7586308956453607e-22,4.212508166125914e-22,3.923360537545936e-30,2.435240338259869e-31,0.9270247811429808,0.0730661446196516,9.092576263247663e-05,19.77109909057617,-1.0127040483696126,-0.077605664982939,-1.1252745334344847,-0.4631327502339956,0.0769567436068373,0.0250381115163565
erode_1px,1330.0,0.5192360239799004,0.0089750175385146,0.4715315707035631,0.0002573877780217,1.039638643250246e-12,0.999589054863022,0.0003037968648058,0.0001071482721721,0.0047686449260586,0.9226513002028142,0.0725800548711271,6.47998663842328e-06,6.950334465603893e-06,4.685056032334152e-07,0.1376380190448163,0.8623000255362503,4.805659222613266e-05,0.5190226464609021,0.0082808116012535,0.4066016854588307,0.9081256864446988,0.0021199039327004,clean_balanced_ED_EQ,-1.9521471205374024e-31,1.2501020187837898e-30,-5.778484447807201e-33,-2.1287237340137016e-32,1.1521782829920661e-32,6.232883225156842e-33,-2.6830140062867262e-24,2.1600166827163968e-24,2.5053712819900962e-23,-4.083917766083514e-23,-1.3352082152907674e-23,1.5161661902597694e-24,-2.4938290576797683e-39,6.667379589379052e-39,7.014034794709043e-40,-7.338886896662231e-39,1.7924241297605603e-39,6.714934220013945e-40,6.623947351054666e-38,-7.305978009938711e-37,-1.5649799428583003e-36,-9.604201278757613e-37,-1.0922922967471332e-38,-8.281889203431932e-39,3.753919647223882e-30,-7.948289917839514e-30,2.407484125544409e-30,-2.1352767594689267e-30,-6.16140484068789e-30,1.0083567389254841e-29,1.3407826672710845e-30,-1.609505945656258e-30,7.032874221576887e-30,1.5235174155532389e-30,4.6410023686170575e-30,6.912287588292853e-31,-1.136002539317938e-38,-4.8033357208207406e-39,-3.9947648994538376e-39,-1.1774017076467467e-39,-2.8021922250313883e-39,4.079194969017047e-39,-0.694515585899353,-0.6632165908813477,-0.0838751792907714,0.2656759023666382,0.0002781135553959,-0.0061530964449048,0.0054172039963305,-0.0090762972831726,0.373252123594284,0.9086896181106568,0.1869918406009674,0.0,-2.18174949509679,-0.8340882021531586,-0.0728309099095807,0.4586145717160918,1.8516800305033466e-15,3.0738041995679103e-16,-2.273370668098472e-22,3.7089094364232897e-22,3.7222335536990796e-30,5.2824340345253215e-31,0.9222460834204086,0.0777304560708969,2.346050869450611e-05,13.904824256896973,-1.1024771051926192,-0.1721617495229734,-1.0867005222171715,-0.6669025116093598,0.120138002964127,0.0737013622070591
erode_1px,1375.0,0.2145741867371435,0.1610027585622935,0.6242188895465558,0.000204165154007,2.939601841834052e-12,0.998032751475992,0.0018795731164617,8.767540754641232e-05,7.882992861393225e-05,0.0001609561313225,0.9997602139400634,9.58602531134562e-06,1.3043282625509685e-07,1.180156786669079e-05,0.8459134911976613,0.1540562116389486,8.779137385617617e-06,0.2141520659849946,2.5914381150446386e-05,0.0961647973570137,0.3437483074134687,0.0039322806249544,EQ_dominated_with_ED,-2.408571435575064e-31,1.4406690485359921e-30,-1.888511651916097e-34,-6.338779272639819e-32,1.3667747254136145e-32,-7.876194644447692e-34,-1.1865674857131792e-24,3.155376195921418e-24,2.8366576273343823e-24,-3.89323210211076e-24,3.781921534332741e-22,3.3149702788539826e-23,-3.728626301611528e-39,1.8129869546983559e-38,3.590625887242343e-40,2.1289929548753964e-39,3.3695619446288045e-39,-2.0258877571055279e-38,-3.0143248163342817e-37,3.8762331774637925e-36,-1.582060568949697e-36,-4.999907474786494e-37,-1.202295437601301e-38,3.5110257613770164e-39,4.6301070484982884e-30,-4.518291117107768e-30,6.131113362893158e-31,-5.4661056701255375e-30,-5.243211065074891e-30,9.984393940678363e-30,6.780635695104883e-31,-1.7122983614953753e-30,4.8466050379399424e-30,1.381145612083012e-30,1.9798960786818326e-29,2.2041100619488395e-30,1.999548594660721e-38,-1.6597730208115147e-39,-1.4359144314678449e-39,-9.309855480777233e-40,-2.2693651617570375e-39,3.9139770092022447e-39,-0.8674708604812622,-0.4756700992584228,0.118442565202713,0.0833933129906654,-0.0005407602875493,-0.0001972640166059,0.0047910590656101,-0.0106355035677552,0.4080877304077148,0.8935874104499817,0.1869918406009674,0.0,-2.240086026420113,-0.549348001800107,-0.0447398007102869,0.1325576671659654,1.882005578965132e-15,3.4215809926854487e-16,-1.2374934527055758e-22,3.984097243619e-22,4.5742740900440195e-30,7.212177917361405e-31,0.9787680684474002,0.0211191540864679,0.0001127774661319,43.32309722900391,-1.2289587088795588,-0.2054625137339144,-1.027831898654627,-0.324833605853599,0.0110780331008515,0.0080715935416118
dilate_1px,1300.0,0.0710048146681512,0.8189696005964209,0.1089867384950232,0.0010388462404046,5.518098954233758e-12,0.9426414259883124,0.0568008504225923,0.0005577235890951,0.0012532810858136,0.0216449707551057,0.9771017481590806,0.0011947212651654,0.0005258269917243,0.0001409014929919,0.3423768853721646,0.6509486177290164,0.0048130471489375,0.0669320797508219,0.0177265730542301,0.0709447667741291,0.6514995828725858,0.3701689819883949,MD_contaminated,-9.867979282374362e-31,-1.6249801502472292e-31,2.45167020872296e-31,-1.2682069906984244e-32,1.8086940453545076e-32,-1.6267358667318422e-32,7.291356516670092e-24,-3.6404856847016484e-23,1.5246115383338997e-22,-2.3723187875072212e-23,-1.0828379119966586e-22,1.0310110842646634e-21,-9.924999787937297e-38,-1.2025573477186484e-38,6.628095883790724e-38,2.4421339370569238e-39,3.29690122053057e-38,9.583446461980211e-39,1.1918555340928205e-36,1.079941072764072e-37,-6.813902419045584e-37,-1.502884928379364e-36,1.4153279843770165e-37,1.0085730180665727e-38,1.3281360058292338e-29,-9.128244086138233e-30,-8.051504442847454e-30,1.341728820228395e-29,-5.2298582148509916e-30,-4.2890382674819845e-30,2.810148404946838e-30,5.473810528159045e-30,-1.0064138808791643e-29,3.1256657475266025e-29,-3.6749639923145294e-30,4.667715069785183e-29,-6.806416864128967e-39,1.2948791849484402e-37,7.178592279643264e-39,-1.280457416499546e-38,-1.2510703131747172e-38,-1.9613102052009e-39,0.7394195795059204,-0.1472698301076889,0.476794570684433,0.4478878676891327,0.0516979470849037,0.0140502229332923,0.0276716202497482,0.0350534059107303,0.3483501374721527,0.918523907661438,0.1869918406009674,0.0,-0.3539301289043463,-1.1562745978746711,0.6022665411504101,0.2973842151359362,-1.9969202451584192e-16,6.81084213407389e-16,-2.5004045596506153e-22,1.6454981442474509e-22,-1.6206326005535404e-32,-7.867665594858432e-31,0.5712998039139284,0.4299310644904595,0.001230868404388,135.83023071289062,0.1466156978335961,-0.8903497488708805,-0.4952375734499325,-1.0923037040047945,0.0713977879801913,0.4588501846351703
dilate_1px,1345.0,0.5162113665034793,0.0645957585716948,0.4185052139332481,0.0006876609915777,1.502241604154464e-12,0.9980241543396692,0.0019661145457535,9.731114577011889e-06,0.0009881521144211,0.5482826782845621,0.4507291696010167,3.990439030939885e-05,2.6054446793651465e-05,2.51706276355849e-06,0.1543758574297981,0.8454770526777688,7.861399256640961e-05,0.5151914125151601,0.0354167355155118,0.3538365548065617,0.8107245231114595,0.0035046924217934,clean_balanced_ED_EQ,-5.4615318505192485e-31,1.4502357863979982e-30,-7.868347663141983e-34,-6.877708850849936e-32,4.7583092822326176e-33,8.796075822641345e-34,-4.7860284639726726e-24,1.958291858402398e-24,1.0139187055534961e-22,-6.750625240508365e-23,1.041946028223473e-22,3.661879869950614e-23,-7.460450261837324e-39,1.9297482404994182e-38,3.132628936546367e-39,-1.6421649277318422e-38,4.327813358661729e-39,-2.875823155749609e-39,2.75342754281946e-37,-8.672802276532161e-37,-1.2894010503615353e-36,-1.6947349875818447e-36,-6.86267911666877e-39,-1.9353206027714494e-38,7.363459403332952e-30,-7.061553600505023e-30,8.808779059100353e-31,1.5239653601339512e-30,-8.244335820019534e-30,5.5375887988298666e-30,3.2095669384232814e-30,-1.4878122269925729e-30,1.7567801673433685e-29,8.56115321727601e-30,1.6478162190135717e-29,4.8154308392496136e-30,1.962280334219918e-38,1.1726662345639078e-39,-1.015154634775111e-38,-5.981954894807947e-39,-1.0217296637709287e-38,6.227757061492636e-39,-0.263200432062149,-0.8964715003967285,-0.3373480141162872,0.1098999008536338,0.0122281070798635,-0.0179319996386766,0.0149377267807722,-0.0189804714173078,0.3851882219314575,0.9036946296691896,0.1869918406009674,0.0,-1.9411209853543956,-1.4184527691255548,-0.4351367957368874,0.4787754980485772,1.939281975042301e-15,7.663916131920525e-16,-3.3701191976310147e-22,2.675347608360381e-22,2.8543352964049563e-30,1.0830832961977e-30,0.8734067016750616,0.1264650648124415,0.0001282335124968,23.847227096557617,-1.2647133333532332,-0.4762861471678951,-0.8754832325122458,-1.1506986633551572,0.1963707394283704,0.2949415185056286
dilate_1px,1405.0,0.5377466737584702,0.004081360372781,0.4579526424814393,0.0002193233873094,9.006635730612333e-13,0.999566043036983,0.0003054948050744,0.0001284621579426,0.0081192949962855,0.9616663785233818,0.0302143264803326,2.5152790512875527e-06,4.042328632648779e-06,6.947148080303711e-07,0.1321657997644305,0.8677948954625029,3.205245057462732e-05,0.5375133148450534,0.0039249070491412,0.3974089655089576,0.8516140867607291,0.0014170788164481,clean_balanced_ED_EQ,-1.635913225633079e-31,1.327378102490199e-30,-7.305341940202506e-33,-2.221049674185037e-32,1.3688328933889458e-32,6.519892325923073e-33,-2.1215469029709976e-24,2.3259205394567667e-24,1.688195714402794e-23,-2.9813814438529793e-23,5.417550449270825e-24,2.7443490090008056e-24,-1.2894418283043308e-39,4.6192362437373976e-39,-8.013815839821026e-40,-6.026716348449283e-39,2.0908310823224863e-39,1.4074722931291017e-39,4.288728019171568e-38,-7.761638943350381e-37,-1.7455282707574772e-36,-9.59551822259271e-37,-1.0776979458145683e-38,-5.513835203805488e-39,1.6299506914293004e-30,-4.647145291227529e-30,2.990454060109038e-30,-3.5726950765557914e-30,-4.620405638175706e-30,8.219839481145953e-30,1.3663729080534818e-30,-1.9460608522001293e-30,9.7045953238887e-30,1.5728574514151752e-30,5.1860523496498014e-30,3.968152188631018e-31,-1.0577830893544112e-38,-3.860994070571781e-39,-6.060091768973565e-39,-1.3203995469393346e-39,-4.263516504744751e-39,7.006193327416714e-39,-0.7452356219291687,-0.6039997339248657,-0.0501104444265365,0.2776854336261749,0.000483313400764,-0.0057938424870371,0.0048261401243507,-0.0100188385695219,0.4297611713409424,0.883368194103241,0.1869918406009674,0.0,-2.2179863233571115,-0.745063675723516,-0.0374715585404124,0.4494832968577353,1.848788149058105e-15,2.41706713715205e-16,-2.21157190321533e-22,4.037081492340797e-22,3.792129991133753e-30,4.375891020452529e-31,0.9202256129760716,0.0797439254435638,3.0461580364682384e-05,14.718497276306152,-1.1081386139537597,-0.1365713816583808,-1.086122024359992,-0.597063012458857,0.0830225905906331,0.0470112208965087
round_s1,1330.0,0.4872974696913317,0.0570490646328471,0.455238515807187,0.000414949868634,1.5210323797801404e-12,0.9996493197536648,0.0002807643160128,6.991593032233516e-05,0.0007250320215739,0.7609301852707647,0.2383447827076614,1.7659228682600293e-05,2.3563744777459443e-06,7.934932162140275e-06,0.1568011723206248,0.8431286768308667,4.220031318606867e-05,0.4871265840946219,0.0434103553205962,0.3838246474749612,0.9342107113659922,0.0008877694308813,clean_balanced_ED_EQ,-4.58759063644016e-31,1.4098701531260038e-30,-5.131409633503923e-33,-2.431171528751489e-32,9.138148888069752e-33,8.380746320032744e-33,-4.076779373954251e-24,3.939631946715877e-25,1.0759654450657387e-22,-7.764605536105911e-23,7.072296781354181e-23,2.264805086228211e-23,-4.4574795746480594e-39,1.3235823679266063e-38,-1.7226008912854412e-40,-5.0988050725504216e-39,4.6297400819976727e-39,-8.137033440263762e-39,2.42212183587716e-37,-8.985054276794753e-37,-1.3197409243071004e-36,-1.7072492670383913e-36,-2.2270656726986887e-39,-1.5103089846559362e-38,1.0593411428161152e-29,-9.743185815873152e-30,-1.115941451097025e-30,2.9223160609224065e-30,-9.477471044983726e-30,6.820871534816743e-30,3.1111438244741567e-30,-1.5300151723506896e-30,1.1223073198240537e-29,4.4029242890188216e-30,1.0576998215877653e-29,2.5607763304942063e-30,9.020948837275428e-39,-2.4684134774558677e-39,-6.603731182381907e-39,-3.0887643033290383e-39,-7.786060183342911e-39,4.980161500929099e-39,-0.2898093461990356,-0.8674371242523193,-0.3735068738460541,0.1534666717052459,0.0048648598603904,-0.0108199277892708,0.0084816040471196,-0.0096023026853799,0.373252123594284,0.9086896181106568,0.1869918406009674,0.0,-1.967148223897736,-1.376439169587061,-0.4374518792450109,0.5539556578789266,1.9639424211339048e-15,6.711886385992853e-16,-3.393282420849518e-22,2.6891090873055505e-22,2.9629442425223153e-30,9.611266257723291e-31,0.8365773593742726,0.1632235459586116,0.0001990946671157,21.176559448242188,-1.2433781737494038,-0.4045840714337784,-0.916409924728188,-1.18549038184925,0.2284140514921654,0.3165204277670135
round_s1,1375.0,0.5035212421833853,0.0116305688788218,0.4846242060113883,0.0002239829264045,1.0485988348385764e-12,0.9997222275291184,7.963556590286879e-05,0.0001981369049789,0.0030748058651129,0.9894221596310708,0.0075030345038161,2.6793503571374586e-06,4.556196605184301e-07,1.358011847534778e-06,0.1533252018568996,0.846649361247304,2.0943913931019097e-05,0.5033813778438027,0.0115075425778218,0.4103067744645238,0.962470230471201,0.00156952941501,clean_balanced_ED_EQ,-1.8900973567576103e-31,1.3240913756510185e-30,-6.58132494248147e-33,-9.959377782995442e-33,1.6155447344071927e-32,9.672412655092836e-33,-2.8523326368407783e-24,1.812912138008406e-24,3.33908990043703e-23,-5.060242853336158e-23,4.287636086096879e-24,3.0803972584910914e-24,-1.1892808406086056e-39,5.0104723963315285e-39,-8.338435053533554e-40,-1.9530131905320515e-39,2.023129155135513e-39,-3.0574579785370404e-39,6.947444854332317e-38,-8.68303792734768e-37,-1.71066734603327e-36,-1.1240680290940352e-36,-8.001298202227595e-39,-6.294982004246964e-39,4.1045939674406994e-30,-8.101675994565609e-30,2.1192483626446843e-30,-1.1929478685653414e-30,-6.223841110133265e-30,9.294623253154893e-30,1.6756068782483446e-30,-1.9477129284894155e-30,8.282337890520788e-30,1.581426981336293e-30,4.5728343630329215e-30,4.402097590864688e-31,-1.072937542677816e-38,-4.402677652503628e-39,-5.183201005238225e-39,-1.2714753259615404e-39,-4.0780497671910994e-39,5.607526923873799e-39,-0.671833336353302,-0.6686109900474548,-0.1203789412975311,0.2947583496570587,-0.0005515589145943,-0.0051951454952359,0.0061589777469635,-0.0088313091546297,0.4080877304077148,0.8935874104499817,0.1869918406009674,0.0,-2.208751769528767,-0.8683068465695298,-0.0937684862533466,0.5190622339316764,1.887334127465913e-15,2.856256850718924e-16,-2.5168476755064855e-22,3.836929896215111e-22,3.7021769133569e-30,4.982904519607455e-31,0.8984279816017998,0.1014894992287395,8.251916946067084e-05,15.650660514831545,-1.129512450560557,-0.1612342272208861,-1.1113850510838148,-0.7302836561609688,0.143987145788747,0.095012440752519
h-10nm,1300.0,0.4665665517287409,0.1115428210022282,0.4212867995193716,0.0006038277496591,1.89646452105138e-12,0.9993895591316588,0.0005685091655601,4.193170278125187e-05,0.000636177108883,0.4641177979472755,0.5352460249438414,6.836063321878642e-05,7.707540118226863e-06,3.170325553766438e-05,0.2228849094287932,0.7769170376344501,9.028150788195483e-05,0.4662817404377646,0.0517690084603812,0.3273048922770886,0.902951139464248,0.0077372433692408,mixed_higher_order,-7.278329926382111e-31,1.3656240356870244e-30,1.6313400746674554e-33,-3.687223965377012e-32,8.546010186702334e-33,5.23828489180185e-33,-5.507931982303566e-24,-1.5544227552543427e-24,1.3255816834247695e-22,-7.951988619597552e-23,1.4836072747304437e-22,7.447286650732672e-23,-1.252111028279659e-38,2.455614927994148e-38,1.942964054409061e-39,-9.049256258415044e-39,1.0578161707444048e-38,-1.5506867980986915e-38,4.675536761051761e-37,-1.0099514010054913e-36,-1.1866368438653642e-36,-1.7056814945907126e-36,4.608662491458061e-39,-2.191961422918133e-38,1.1364763350267413e-29,-1.0121892413610842e-29,-1.632675276609875e-30,4.467874158181191e-30,-9.732089373360589e-30,5.6540156560235466e-30,3.8376708930640326e-30,-1.0644696341653812e-30,1.2976122197121242e-29,7.931449572230063e-30,1.5398374876046654e-29,6.41442577229736e-30,2.748146886261205e-38,6.197565493659797e-39,-7.202366143059645e-39,-5.1471639753338826e-39,-9.028938751929447e-39,4.4020394879447415e-39,-0.1347477287054062,-0.957420527935028,-0.2551014423370361,-0.0042136781848967,0.0091998185962438,-0.0135598592460155,0.012429186142981,-0.0093038855120539,0.3923203647136688,0.9006213545799255,0.1869918406009674,0.0,-1.824075600661749,-1.5760336906371586,-0.4234907094822464,0.313809670000248,1.8354002938676037e-15,1.0302871451817825e-15,-3.243357761372532e-22,2.40397912237887e-22,2.623437538152468e-30,1.4325140436944946e-30,0.9350795241476292,0.0653355479200803,0.0004150720677094,32.43144989013672,-1.232149949278596,-0.6566956655177018,-0.862453136222757,-1.239697184536255,0.2393246643211489,0.3989497553279347
h-10nm,1345.0,0.5101876372330418,0.0202529469368677,0.4692636463911993,0.0002957694388911,1.154862124692499e-12,0.9996527805423976,0.0001740588462782,0.000173160611324,0.0016701536837222,0.8711312910467898,0.1271985552694879,7.810661881902884e-06,9.508036907051962e-07,4.04451292341518e-06,0.1368823663858131,0.8630850135665343,1.981406915659884e-05,0.5100104901583663,0.0176429758126157,0.4050144206118296,0.919786392583344,0.0004569922738027,clean_balanced_ED_EQ,-2.537876313877443e-31,1.3278465489382057e-30,-7.718434614075419e-33,-1.6082398105715564e-32,1.5581153029883627e-32,8.59088245765929e-33,-2.7850265627398664e-24,1.7713141517267054e-24,4.187332999677149e-23,-6.267982380011427e-23,2.8047486644799175e-23,6.558786332026176e-24,-1.9932615147661908e-39,8.261286757025326e-39,-8.421681042138527e-40,-2.842963276775844e-39,2.8354272951817387e-39,-5.418328642962972e-39,1.0109697186442873e-37,-7.890669375977149e-37,-1.686092337330857e-36,-1.0711616006511996e-36,-6.650703170382394e-39,-6.882905373384982e-39,4.284205473885559e-30,-8.747501981705823e-30,1.6958025727851098e-30,-2.9298139859845668e-31,-5.9800065574472166e-30,9.040485102218897e-30,1.7564752116109097e-30,-1.9863178638846804e-30,9.645118014608732e-30,2.4106523544258053e-30,6.917967887509918e-30,7.105448089457666e-31,-3.963418661671584e-39,-4.7513920773144205e-39,-5.903550291581916e-39,-1.8754469049794383e-39,-4.3405152895279213e-39,5.946485514933983e-39,-0.6733331084251404,-0.696206271648407,-0.0815069377422332,0.2344335466623306,0.0013843616470694,-0.0075455219484865,0.0067110960371792,-0.0110340984538197,0.4269688427448272,0.8847211599349976,0.1869918406009674,0.0,-2.218196363181231,-0.9021918335249328,-0.0975455768407151,0.4303391856889926,1.898796823225468e-15,3.862824932069616e-16,-2.362001315755852e-22,3.7591384248343214e-22,3.623427313160897e-30,6.80664795745649e-31,0.9381394989426822,0.0617692588395042,9.124221781353636e-05,17.824504852294922,-1.1579808268697285,-0.2213216666328561,-1.144830438432364,-0.7273020449441686,0.1823310124373235,0.1218064472673194
h-10nm,1405.0,0.1406775366874366,0.1464159276229708,0.7126980798496684,0.0002084558399241,4.8198221771307575e-12,0.994633560897215,0.005203707821671,0.000162731281114,3.086891733238501e-05,0.001336593130046,0.9986325379526216,3.388869066967967e-06,1.2323073763653358e-06,5.743109302857378e-07,0.919191174651113,0.0808007457628775,2.884098635919591e-06,0.1399225992536737,0.0001956985229901,0.057586536355624,0.1973872817464447,0.0146122708808917,EQ_dominated,-3.1025811351335686e-31,1.5477348386780835e-30,2.2046486149443587e-33,-1.1415516438254054e-31,2.017120637556426e-32,-8.914873474207157e-34,3.655255313693404e-25,2.6646185381278622e-24,7.58948511160918e-24,-1.5987996467265518e-23,4.797802253009872e-22,6.188536075546483e-23,1.0493049948920793e-39,-1.6030481884383852e-38,-1.9797875323088647e-39,9.482937653108288e-39,9.304747530335345e-40,6.547559696625065e-39,-7.1285662535608455e-37,5.872995418138995e-36,-1.707999135027844e-36,-3.9925718877958455e-37,-5.8356719513272056e-39,8.70421598910422e-39,5.981404637143952e-30,-4.479159872324601e-30,-1.7600319195471444e-30,-4.5549407681363695e-30,-4.221379810695748e-30,9.034099753823605e-30,5.776124923135203e-31,-1.914749031902755e-30,1.9424235332290771e-31,1.6149346009710328e-30,2.980878731193527e-29,4.023254484436118e-30,4.2730198244651553e-38,2.133160661294554e-39,2.61832979308312e-39,-1.1019367772936662e-39,-2.4128660812363605e-39,5.1351832892374095e-39,-0.8941029906272888,-0.4139952957630157,0.1682211905717849,-0.0168013852089643,0.0028629899024963,-0.0061909067444503,0.004939283709973,-0.0153666343539953,0.468822717666626,0.8632723689079285,0.1869918406009674,0.0,-2.2418111611642693,-0.4944743101271019,-0.031545497607277,-0.0033417899794294,1.869336886538306e-15,4.0862205702162823e-16,-9.07383302449762e-23,4.083731581515277e-22,4.426638840142342e-30,8.953950044583033e-31,0.970858786800069,0.0288411854772657,0.0003000277226652,86.31637573242188,-1.2920996177977409,-0.2590136112925201,-1.0627702279130278,-0.2484302508199317,0.044521806755155,0.0211344548519269
h-5nm,1330.0,0.4954530681078057,0.0445186799613042,0.459630246671344,0.000398005259546,1.4233844275067998e-12,0.9996139298033844,0.0002838317690694,0.0001022384275462,0.0008402988681647,0.7730379205263975,0.2261217806054377,1.680955849358084e-05,2.003948981890588e-06,8.10311948680329e-06,0.1501672634932887,0.849772414172322,3.3405707427045975e-05,0.4952617884443875,0.0344146277818668,0.3905811043405278,0.9276968420575668,0.0005036279758569,clean_balanced_ED_EQ,-3.963830871420416e-31,1.3907938108678543e-30,-6.910669695974011e-33,-2.3368468666702606e-32,1.141294322912328e-32,9.146120229418807e-33,-3.6279970559737394e-24,1.0176333790930712e-24,8.459581702424765e-23,-7.684417375169864e-23,5.946560026431907e-23,1.6866044024126926e-23,-3.810672101260116e-39,1.2684882377435195e-38,-4.746262104211119e-40,-4.54843802780323e-39,4.285291705480545e-39,-8.136450879323448e-39,1.9602096958944386e-37,-8.63227409279393e-37,-1.4682668079431613e-36,-1.5094298928054804e-36,-4.143111135082462e-39,-1.25358886145272e-38,8.254151346170882e-30,-9.730421328884739e-30,1.3027515585538918e-31,2.0621442014665972e-30,-8.384426146053073e-30,7.668276415471743e-30,2.6264193903652207e-30,-1.7039329984405154e-30,1.1413702542155058e-29,4.029950521435416e-30,9.899754220164737e-30,1.9206539319737084e-30,5.89471618120829e-39,-3.5306600479809656e-39,-6.800771239357229e-39,-2.9159651666427028e-39,-6.74762491639544e-39,5.5320761072027615e-39,-0.4191793799400329,-0.8424564599990845,-0.2746735215187073,0.1967268884181976,0.0043488154187798,-0.0109221031889319,0.0083635738119483,-0.0110270660370588,0.3946100771427154,0.8996203541755676,0.1869918406009674,0.0,-2.074819040310681,-1.2456236874588873,-0.3142932315933782,0.5260965643293777,1.954537629859568e-15,5.880590697246954e-16,-3.110802096377667e-22,3.0913185985329105e-22,3.245506308121732e-30,9.23491949027392e-31,0.8855824440947159,0.1143385576024872,7.899830279689546e-05,20.60468864440918,-1.2265545623365617,-0.3495740922687472,-1.019544253092349,-1.0481273323963902,0.2260551289898004,0.2488584026058467
h-5nm,1375.0,0.5071105935182321,0.0083686729417465,0.484305200351423,0.0002155331885983,9.927793871196918e-13,0.9997055676423042,7.216043012844912e-05,0.0002222719275674,0.0042015443743176,0.9916373658284212,0.0041610897972612,3.169103863313811e-06,4.712581270638523e-07,1.703332358951567e-06,0.1676003520892572,0.8323780404672343,1.626374915917641e-05,0.5069612837505699,0.0082986887914331,0.4031250136566088,0.9550287581085818,0.0020831622388532,clean_balanced_ED_EQ,-1.6885037071416327e-31,1.2950859716450396e-30,-6.966189353109477e-33,-8.636937969197221e-33,1.7640538790512398e-32,8.250163721713818e-33,-2.5471351007247862e-24,2.035915244861124e-24,2.2728407942725565e-23,-4.464253685511971e-23,-1.90786824239486e-24,2.6249778055140664e-24,-1.2177926128622075e-39,5.3098337369849045e-39,-8.76552189913241e-40,-1.9091345241893368e-39,2.094341753556626e-39,-3.400696841500856e-39,5.615281226312075e-38,-8.840820183415495e-37,-1.757397927860393e-36,-8.994394805726529e-37,-7.587687761882563e-39,-4.310296102687957e-39,2.687509989218593e-30,-7.526836996143794e-30,2.2627393341701875e-30,-1.998019890682423e-30,-4.9502493233887805e-30,9.524857496802277e-30,1.3505419948962671e-30,-1.967627020224181e-30,8.324910152955959e-30,1.4918320711369794e-30,3.9794724249423485e-30,3.349994617679413e-31,-1.2322226652743303e-38,-4.2876688394426135e-39,-5.2573322645788656e-39,-1.2271202198786456e-39,-3.3309427482796196e-39,5.84776755560125e-39,-0.7654978036880493,-0.5903483033180237,-0.0208886563777923,0.2545799016952514,-0.0003353411448188,-0.0044326246716082,0.0056106518022716,-0.0099778287112712,0.4283960461616516,0.8840309381484985,0.1869918406009674,0.0,-2.239645394792531,-0.7242034995673706,-0.02224363108647,0.4100340086973487,1.8558839342705697e-15,2.5713039504836696e-16,-2.0553411375995901e-22,4.0182415956449995e-22,3.820979210584995e-30,4.6727675444685e-31,0.9345177672968594,0.0653782987918711,0.0001039339112693,15.663792610168455,-1.1047694716689498,-0.144037337234103,-1.141744939691932,-0.584347152812021,0.1270285171846992,0.0646727574712695
h+5nm,1300.0,0.3945877952688611,0.2353552492456627,0.3693273718110811,0.0007295836743949,2.51052162397455e-12,0.998989384815801,0.000827567363072,0.000183047821127,0.0016259459781592,0.3615364408121059,0.6368376132097349,0.0001456495704603,2.168763760342089e-05,5.74433411316218e-05,0.2866308320599114,0.712598264832404,0.0005461225584892,0.3941890188514628,0.085089499138723,0.2631820443076885,0.9359827552685246,0.0239641712390956,mixed_higher_order,-1.1107460415365144e-30,1.2025631605959258e-30,1.910276750437804e-32,-4.307131319824865e-32,1.2383065299200195e-32,-1.837684801224284e-32,-5.730262785558403e-24,-1.4177004127162254e-23,2.245185082217505e-22,-3.978844538596407e-23,2.2714600390804297e-22,1.9996692081419917e-22,-2.922677911062061e-38,3.200692634125936e-38,8.429198371654074e-39,-1.444592218242657e-38,2.0797566409744805e-38,-1.7561008702463015e-38,8.705767879223147e-37,-1.0443357339863117e-36,-5.245046846430215e-37,-2.078602249469721e-36,4.838037625672957e-38,-3.4371436811003587e-38,1.93948707817696e-29,-7.052862656249015e-30,-7.78941022448789e-30,5.7394171940166716e-30,-1.1605464456390859e-29,1.3134454622323437e-30,6.904972695218209e-30,2.1040765987973007e-30,1.2134716536200625e-29,1.2051977439909548e-29,1.7038454560943838e-29,1.3495668094538578e-29,4.398889277628362e-38,2.858293540022637e-38,-6.185765037587844e-39,-6.778390434130658e-39,-1.6809890717648979e-38,-7.260448174670174e-40,0.3572824895381927,-0.8463515639305115,-0.2649036347866058,-0.2933062016963959,0.0149686513468623,-0.0181232094764709,0.0106757041066885,0.0029130761977285,0.3260534703731537,0.926673173904419,0.1869918406009674,0.0,-1.221814582753591,-1.8543416677288056,-0.6274069697610473,0.0545638331290674,1.4989472816350873e-15,1.458549427870913e-15,-3.28730160175953e-22,1.0240895183089373e-22,1.1667144426626002e-30,1.1077702648579274e-30,0.8445142583431035,0.1563249203478296,0.0008391786909329,46.356571197509766,-1.085026404494366,-1.0021833557228603,-0.3812124261710745,-1.5107377107686015,0.1197481132252694,0.6757154616850414
h+5nm,1345.0,0.4942650891514076,0.0431579995694978,0.4622082334256527,0.0003686778534417,1.3971012404233628e-12,0.9996753419394429,0.0002365884927157,8.806956784141804e-05,0.000761849127982,0.8508925795814668,0.148345571290551,1.2407043052012432e-05,1.5511835076467567e-06,5.859834929278085e-06,0.1419956766018001,0.8579535312058544,3.09741308565524e-05,0.4941046220061625,0.0367228215832658,0.3965531860199585,0.9351423832486478,0.0002383252500035,clean_balanced_ED_EQ,-3.8540015150377238e-31,1.41189408257442e-30,-6.971259335790474e-33,-2.140872511836425e-32,9.817648131652764e-33,9.608233029242346e-33,-3.4762627488234254e-24,8.521434030623078e-25,9.495007053147362e-23,-7.274824809473686e-23,4.804393146840112e-23,1.3646344647269636e-23,-3.4669962899616266e-39,1.1166012192596523e-38,-3.87718061385495e-40,-4.115883984215027e-39,3.854716759360447e-39,-7.050134093513086e-39,1.8979727613714835e-37,-8.638437219442768e-37,-1.3625370932701077e-36,-1.6940859633792743e-36,-3.534863851613884e-39,-1.257537633820648e-38,9.838114672529913e-30,-9.298302444739513e-30,-5.420816181788758e-31,2.1818821291906705e-30,-9.29603361280983e-30,7.116421060160567e-30,2.7257858122635167e-30,-1.5017714630233312e-30,1.1190108417596128e-29,3.8129213524792615e-30,8.918651731580784e-30,1.807063759981941e-30,3.140565079635807e-39,-3.679210055467853e-39,-6.720249983897701e-39,-2.7476844717619058e-39,-7.562645106563175e-39,5.2458163694482054e-39,-0.3302851617336273,-0.8341041207313538,-0.3913117349147796,0.2040541023015976,0.0043584881350398,-0.0105700781568884,0.0077032758854329,-0.0101230693981051,0.3639768958091736,0.9124443531036376,0.1869918406009674,0.0,-1.999855852417287,-1.3127226381998789,-0.4217139881477563,0.6185578099367824,1.977663868911449e-15,5.663247509816724e-16,-3.4350501726907614e-22,2.807096899843634e-22,3.0369241859308033e-30,8.150412438292509e-31,0.8049486952534991,0.1949247675415315,0.0001265372049693,18.52459526062012,-1.231276519488917,-0.3360975607241089,-0.925141466651886,-1.1502579860292887,0.2116193206039418,0.2762027944782975
h+5nm,1405.0,0.4160583177306307,0.015524112280274,0.5682582905523935,0.0001592794367016,1.0601216841485841e-12,0.9996956606873308,3.92751908127175e-05,0.0002650641218564,0.0020605798718171,0.2430041712852397,0.7549352488429432,2.4847194573766386e-06,5.9109279456838e-07,8.968560359791811e-07,0.3849811545671646,0.6150019771942528,1.2895570294673052e-05,0.4159316948281822,0.0037724240396069,0.3494799722467482,0.7321640962355129,0.0063650039949747,mixed_higher_order,-1.1712703514183872e-31,1.2709977429242841e-30,-5.4221341024052134e-33,5.882624870027277e-33,1.8296619708764135e-32,9.858775068123268e-33,-2.7689779650036966e-24,1.8957272439733536e-24,1.588509049461398e-23,-3.2797500003633097e-23,-6.420296747617699e-23,1.918964968132338e-24,-8.567300559874401e-40,5.6965496177154285e-39,-8.412406655774165e-40,-2.680793231159833e-39,1.6979740158017845e-39,-3.015765671269696e-39,2.569855038097811e-38,-1.6031677904703273e-36,-1.784297511704401e-36,-9.607866590591462e-37,-8.068046106188992e-39,-4.5847583335809224e-39,1.959172445592717e-30,-6.869778927382219e-30,3.0742155788668903e-30,-2.845284923906148e-30,-5.033388024459607e-30,9.715064737925736e-30,1.2957145596332241e-30,-1.8537929345371862e-30,8.241492938938337e-30,9.509748782614583e-31,-2.2277772411836846e-31,2.886620844622662e-31,-2.2514108478300647e-38,-3.432011834723475e-39,-5.5746346157372536e-39,-8.080903087086615e-40,-3.184276795481324e-39,5.6963374002275256e-39,-0.7546583414077759,-0.5745600461959839,-0.0544190108776092,0.312118649482727,-0.0015981555916368,-0.0025520061608403,0.0053876172751188,-0.0080007789656519,0.4099032282829284,0.8927559852600098,0.1869918406009674,0.0,-2.2241497108161865,-0.7082389818296974,-0.0128333626553405,0.4920587648921435,1.8347377258130718e-15,1.7664526553979946e-16,-2.2249268429978576e-22,4.0990748665640632e-22,3.87082030803392e-30,3.060953885877133e-31,0.8996375257778064,0.1004725189837791,0.0001100447615856,16.226110458374023,-1.0610704474785262,-0.0977814762312976,-1.1102454528747878,-0.597831366353379,0.091331265940897,0.0442352442807559
h+10nm,1330.0,0.4717882649301771,0.0865165820509105,0.4411937087384426,0.0005014442804696,1.7238012827822694e-12,0.99960086551518,0.0003844863556618,1.464812915814511e-05,0.0004775684134739,0.7494924491001379,0.2500299824863882,2.8596190999353668e-05,3.833507158078009e-06,1.25580154275662e-05,0.1718288670642552,0.8280728956699921,5.324955216757558e-05,0.4715999579641101,0.0648435249691099,0.3653405519464253,0.9351519347428822,0.0024168393470499,clean_balanced_ED_EQ,-6.082689128315652e-31,1.428929174484269e-30,-3.2448457534955495e-33,-3.0284597444452955e-32,5.344094384536754e-33,2.604525693398277e-33,-4.1672730071932474e-24,-1.2747143331774774e-24,1.5750491806973412e-22,-7.068688615591917e-23,9.204956393742349e-23,3.8335486786466013e-23,-7.531073082796806e-39,1.703548041102117e-38,6.496506859930712e-40,-6.78862885622333e-39,6.881421467103514e-39,-1.0246852112906034e-38,3.5707032726627667e-37,-9.56452647100489e-37,-9.828423024304571e-37,-2.0142116160722515e-36,4.732586785115991e-39,-1.733811898690752e-38,1.510010688846505e-29,-8.753277743986026e-30,-4.174939117546594e-30,3.9681151288930765e-30,-1.0925167770918457e-29,4.785162615092951e-30,4.028161044161426e-30,-8.861235516070665e-31,1.27018613353678e-29,6.481799230862889e-30,1.1907294980610457e-29,4.177313102814199e-30,1.613756384637942e-38,9.285162101513686e-40,-7.356679051903209e-39,-4.3373069666811456e-39,-1.1159860482577101e-38,4.042598008665192e-39,-0.0540194846689701,-0.8584489822387695,-0.5095007419586182,0.0055917692370712,0.0086132930591702,-0.0127748716622591,0.0101887723430991,-0.009706886485219,0.3299232721328735,0.925302505493164,0.1869918406009674,0.0,-1.729363699839448,-1.5771853864516172,-0.6684316052315028,0.5124320823669729,1.950526436352973e-15,8.655909085802139e-16,-3.681607157295441e-22,1.8694265563052712e-22,2.2222902132962603e-30,9.362501347199414e-31,0.7400901459939907,0.2598203086666795,8.954533932981068e-05,22.780672073364254,-1.2601865096925031,-0.536438258734777,-0.6824721608620713,-1.398640810082124,0.2079420258912007,0.4633375938926619
h+10nm,1375.0,0.5022743759963546,0.0199458980639641,0.4775189602301381,0.0002607657095429,1.1596518882285469e-12,0.9997332190091668,0.0001146876707956,0.0001520933200373,0.0016525275936785,0.967709869942832,0.0306376024634893,4.341564953473201e-06,6.299249225960384e-07,2.100912970329026e-06,0.1399640147181131,0.8600040691509842,2.484372805624938e-05,0.5021403787406562,0.0193018424213717,0.4106682488946658,0.9507133611641854,0.0007920339930836,clean_balanced_ED_EQ,-2.510778753729446e-31,1.3822030070619264e-30,-7.172816011937648e-33,-1.3226871283632166e-32,1.2981473013773549e-32,1.147699719156994e-32,-3.0853688665143653e-24,1.4571895972875507e-24,5.837623764930685e-23,-5.839714144753044e-23,1.404472334289215e-23,4.313158253359361e-24,-1.74909554411808e-39,6.615591528332095e-39,-6.7350605897648394e-40,-2.5180077947012417e-39,2.4225876670624554e-39,-4.0975838892616286e-39,1.105108213019477e-37,-8.617245701344518e-37,-1.5340648752027888e-36,-1.5114153000793094e-36,-6.719799582983634e-39,-9.424367309120103e-39,7.005861323666312e-30,-8.474236358790501e-30,1.2875236399399077e-30,2.411046270009567e-31,-8.293380897099157e-30,8.233131528464191e-30,2.0743171194626783e-30,-1.609968981105131e-30,9.489252787567644e-30,2.2434419282314184e-30,5.6987566389200414e-30,7.961137103841981e-31,-7.397821520554737e-39,-4.488782630309544e-39,-5.878596885628158e-39,-1.7117755589776676e-39,-5.92888661893192e-39,5.4609311995847045e-39,-0.4746623933315277,-0.7635942101478577,-0.3180284798145294,0.3003095984458923,0.0012423656880855,-0.0076520135626196,0.0063039697706699,-0.0086459470912814,0.366842657327652,0.9112960696220398,0.1869918406009674,0.0,-2.101198678682552,-1.1198072129724008,-0.2833148789442608,0.6642152914324136,1.949594802325441e-15,3.718625590626732e-16,-3.243742372492884e-22,3.3054197090115416e-22,3.341750419109625e-30,5.762520713904172e-31,0.80844060219861,0.1914424613278484,0.0001169364735416,15.41921043395996,-1.1790844154627032,-0.214181280468349,-0.9966500931034776,-0.9819351344857166,0.1661666833580539,0.1661072024530935
n-0.014,1300.0,0.4695244420861651,0.0939618523132635,0.4359291588321023,0.0005845467684689,1.856203747411529e-12,0.9994944902525296,0.0004849611726747,2.054857479591468e-05,0.0005986298823235,0.632377193041185,0.3670241770764914,4.4402674610730335e-05,5.914693445794403e-06,1.905751599831416e-05,0.196205450256074,0.8036555154825156,6.965937735557088e-05,0.4692870929040149,0.0594193324188119,0.3503368728550726,0.9284482760795284,0.0047774994436436,clean_balanced_ED_EQ,-6.533699730953755e-31,1.3899809430684888e-30,-1.3497239602679753e-33,-3.380459773882567e-32,6.387161975705728e-33,2.7751611356553928e-33,-4.863488820628513e-24,-1.3258700735352091e-24,1.4477000865792102e-22,-7.671799835370722e-23,1.1377122866442805e-22,5.134246479619587e-23,-9.70607088131782e-39,2.0139753078350994e-38,1.474475950942352e-39,-8.025241564475212e-39,8.231591299858972e-39,-1.211450787206141e-38,3.975227399023308e-37,-9.72762178220469e-37,-1.0853888217654188e-36,-1.8289598224983813e-36,4.5622002817886737e-39,-1.9267738475053726e-38,1.3180952798712208e-29,-9.595901288758577e-30,-2.945616454058038e-30,4.3037492814019444e-30,-1.023533569480265e-29,5.2921523322823946e-30,3.8964405407441446e-30,-9.857019430126078e-31,1.3033005000895593e-29,7.228060028254113e-30,1.4100360138299324e-29,5.3217582681041744e-30,2.176624504553801e-38,2.9859297293598875e-39,-7.438699894962032e-39,-4.8076643269660805e-39,-1.0152605943791847e-38,4.354120424556384e-39,-0.10206189006567,-0.9167328476905824,-0.3846392333507538,0.0113677931949496,0.0093837864696979,-0.0135487057268619,0.011604961939156,-0.010207463055849,0.3483501374721527,0.918523907661438,0.1869918406009674,0.0,-1.7944547840425522,-1.5803278997866654,-0.5404065579685393,0.4272446487367886,1.9050386118964478e-15,9.402279875425114e-16,-3.454190954380628e-22,2.157950064762394e-22,2.5732466935735784e-30,1.2194788021875918e-30,0.8510873663140431,0.1483154339984245,0.0005971996875323,26.81463432312012,-1.254126248326054,-0.5895105520785714,-0.7888656063496693,-1.3292964423731617,0.2308920457725787,0.4357027579295033
n-0.014,1345.0,0.5035027774002393,0.0194616233300356,0.4767486995088508,0.0002868997608743,1.1777301222745612e-12,0.9997035745148838,0.0001467255623966,0.0001496999227194,0.0018169175766673,0.934355607267925,0.0638274751554077,5.886484972163166e-06,9.354670375059528e-07,2.7233794298867637e-06,0.1394798204030445,0.8604876831284458,2.2951137070150177e-05,0.5033535263451911,0.018184076884955,0.4102363838748706,0.9468640907414074,0.0006637672702437,clean_balanced_ED_EQ,-2.4287242494420303e-31,1.3343385703187383e-30,-7.356995281228305e-33,-1.4691782064746394e-32,1.374289092149639e-32,9.304815296137452e-33,-2.9620461809668228e-24,1.6852177703895274e-24,4.8316472868382077e-23,-6.031490949846862e-23,1.9538423908955264e-23,5.1218241041589624e-24,-1.7118273934665175e-39,7.311819710617509e-39,-8.241284145679508e-40,-2.877963083979389e-39,2.5359511120459928e-39,-4.4338667288234256e-39,9.890436611620434e-38,-8.113769766477108e-37,-1.6023166451358877e-36,-1.2467383187917583e-36,-6.815829816814007e-39,-7.967524861322193e-39,5.4367370974121475e-30,-8.670802506238584e-30,1.5321384045934703e-30,-2.2175095664533636e-32,-6.968875502005618e-30,8.692978532667776e-30,1.8797151537997835e-30,-1.7707298723440316e-30,9.472033018857422e-30,2.2606523698684244e-30,6.435681383237533e-30,7.382283560076728e-31,-5.819416752963034e-39,-4.7009994883760647e-39,-5.850694875071792e-39,-1.7602866667308904e-39,-5.043929682356498e-39,5.7633323194085124e-39,-0.5884485840797424,-0.735752522945404,-0.1855234801769256,0.2787476778030395,0.0012356496881693,-0.0075327400118112,0.0065742461010813,-0.0099171344190835,0.3851882219314575,0.9036946296691896,0.1869918406009674,0.0,-2.1742755734841084,-1.0021998720022782,-0.1666322659933766,0.5492884298666033,1.9185138424621136e-15,3.705284812790149e-16,-2.756846858787456e-22,3.5675181382063087e-22,3.571659822949361e-30,6.289957683122414e-31,0.8876617801282183,0.112260799844429,7.74200273526704e-05,16.383514404296875,-1.163642351759255,-0.2118027958016951,-1.087948048125455,-0.8465159021909019,0.1754516501034145,0.1405490775402677
n-0.014,1405.0,0.5273452321343098,0.04668282194197,0.4257566627277456,0.0002152831959743,9.227836861498546e-13,0.999142384252256,0.0006457497600428,0.0002118659877012,0.0005082581474021,0.0171785092145564,0.9823132326380412,9.98446209751851e-07,3.452302211977625e-07,4.4486078206432e-07,0.2266503641169565,0.7733366388287704,1.1208517060037312e-05,0.5268929725587337,0.0008019412868916,0.3292532265128292,0.8073585135198671,0.0001721421825594,mixed_higher_order,-1.4607871321463515e-31,1.3323198599819658e-30,-5.998121483999056e-33,-3.3541808848061587e-32,1.9081579606125963e-32,4.101132582899663e-33,-1.494638372258858e-24,2.2442380780460523e-24,4.4279561194473464e-24,-1.503758381017629e-23,1.1845642033020217e-22,4.461410808951159e-24,-1.301752543162072e-39,-2.6461183382234053e-39,-4.153028650231511e-40,1.6835946711324215e-39,1.7170601229061262e-39,9.625267497014496e-40,-6.1360985545844545e-40,9.93511944360942e-37,-1.7495663585580287e-36,-5.539967061004095e-37,-6.721750636257863e-39,1.905612551768871e-39,2.3729288662985643e-30,-5.3956246076442844e-30,1.2755015550742343e-30,-4.240996662454674e-30,-3.648431418839837e-30,9.636622156736324e-30,7.904148810679685e-31,-1.850570229365174e-30,4.785993589636548e-30,1.1774048833564576e-30,9.432936727544257e-30,5.726172327990999e-31,-2.261073730801585e-39,-3.2192507382882926e-39,-2.3399442874210103e-39,-9.819165364962164e-40,-2.1803718877592044e-39,5.397276497343361e-39,-0.8820948600769043,-0.4321393966674804,0.099720649421215,0.1582548022270202,-0.0006316137732937,-0.0020203317981213,0.004639989696443,-0.0106788426637649,0.4297611713409424,0.883368194103241,0.1869918406009674,0.0,-2.236345956156515,-0.4903301952693975,0.0318032205943286,0.2284326629027245,1.8124981961468185e-15,2.145879774035561e-16,-1.3310173971131925e-22,4.2002986596702073e-22,4.263935665602836e-30,4.311567442450996e-31,0.9648402810027604,0.0351243575339227,3.536146331684087e-05,16.109411239624023,-1.1122641545869434,-0.1219512831243272,-1.088634648285914,-0.3447139951834932,0.0418751906676911,0.0123305385433362
n+0.014,1330.0,0.4719999347993475,0.096362072645804,0.4311208352839337,0.0005171572709148,1.7634073894578682e-12,0.9995110835532176,0.0004570833037431,3.1833143039300306e-05,0.0005647918721258,0.614912471086757,0.3845227370411172,4.388651725335474e-05,4.44979307354179e-06,2.1567655128527167e-05,0.1915832722540647,0.8082755202005774,7.130357990253184e-05,0.4717691662683438,0.0592542402096729,0.3484644174084289,0.9133917263509964,0.0041107399111637,clean_balanced_ED_EQ,-6.623780938697739e-31,1.4245646424704182e-30,-1.4195429482218569e-33,-3.356601502355879e-32,7.02673891485071e-33,5.4066330497600225e-33,-4.8633390403304855e-24,-1.3921818489926047e-24,1.4914767713121912e-22,-7.494083547893725e-23,1.2057042874163457e-22,5.371376196746894e-23,-9.706686807430127e-39,2.0928515377872517e-38,1.04416315432356e-39,-7.271413332733286e-39,8.662523688798496e-39,-1.365711939744315e-38,4.067211900841181e-37,-9.981314869699843e-37,-1.080765758968678e-36,-1.932103206360924e-36,4.8170946901998014e-39,-2.0227544886005083e-38,1.3712685680512362e-29,-9.351017261425193e-30,-3.1285370309759372e-30,4.18620210957943e-30,-1.058415327718802e-29,5.1648140839261644e-30,4.043305923935034e-30,-9.992980219373812e-31,1.2951163605920124e-29,7.084870514884477e-30,1.3173057364002148e-29,4.9171411027080474e-30,2.1110593101951799e-38,3.027758223692712e-39,-7.343435407502724e-39,-4.6632340635578134e-39,-1.0155733757720635e-38,4.1775369193513564e-39,-0.0818391069769859,-0.9041487574577332,-0.4184788167476654,0.0065057161264121,0.0089085632935166,-0.0131808323785662,0.0109085002914071,-0.0095817605033516,0.373252123594284,0.9086896181106568,0.1869918406009674,0.0,-1.7685604713124996,-1.5811281061261058,-0.5830584682701733,0.4376828561553123,1.9158079043312915e-15,9.31055824392197e-16,-3.5479745008616466e-22,2.0837057059752544e-22,2.450362496149545e-30,1.1472838563564926e-30,0.8244357118852997,0.1753776499217948,0.0001866381929054,27.040756225585938,-1.2563373865426726,-0.5841576707339549,-0.7504688606555782,-1.3416258610286842,0.2204560138226497,0.4387528129506574
n+0.014,1375.0,0.5057638520997971,0.021233006057332,0.4727335183442877,0.0002696234985832,1.151249192752505e-12,0.999679991360735,0.0001438135446898,0.000176195094575,0.0015801623591989,0.9213510892288584,0.0770687484119425,5.920228556918386e-06,6.852521386793816e-07,3.160914144566004e-06,0.1324459868766413,0.8675206537284935,2.359300002495931e-05,0.5056020032976972,0.0195630532585258,0.4101060908734072,0.9346921817002614,0.0005333210563709,clean_balanced_ED_EQ,-2.535944201634785e-31,1.3814563285238226e-30,-7.65947071816709e-33,-1.5004294939379188e-32,1.4878143501698328e-32,1.124000727341322e-32,-3.0418871112905904e-24,1.5850919208261871e-24,5.422100017185184e-23,-6.261222844507145e-23,2.3276950939771894e-23,5.658891368906102e-24,-1.8636369836997265e-39,7.699402564976361e-39,-8.15993279069683e-40,-2.5686128698558896e-39,2.6796328600388248e-39,-5.1307895461288537e-39,1.058020877228186e-37,-8.31122300880896e-37,-1.6405272537193354e-36,-1.3807587129281582e-36,-6.942012341822444e-39,-8.766436463295382e-39,6.0955688379630485e-30,-8.792132295179784e-30,1.4413185303852073e-30,1.017016133625025e-31,-7.536888588300374e-30,8.690430580154603e-30,2.051797210002393e-30,-1.8327310180255457e-30,9.70569994567102e-30,2.3294965373822983e-30,6.2855052165752036e-30,7.336330493241504e-31,-5.4558208542780976e-39,-4.5426073567200723e-39,-5.947713871838965e-39,-1.7868684082081078e-39,-5.3808197366140336e-39,5.728368359811367e-39,-0.5516861081123352,-0.7492446899414062,-0.2273852229118347,0.2871237695217132,0.0012518687872216,-0.0077977492474019,0.0065571023151278,-0.0097063826397061,0.4080877304077148,0.8935874104499817,0.1869918406009674,0.0,-2.157047442813922,-1.04328676913526,-0.2110275292464112,0.5834946497106696,1.937940541771716e-15,3.7567813185875332e-16,-2.9507372472464257e-22,3.5299053436835454e-22,3.500618210759172e-30,6.209834553378164e-31,0.865787539358315,0.1342813080777421,6.884743605706234e-05,16.932167053222656,-1.1784474634208246,-0.2163280119746272,-1.06581648963316,-0.8970502630218784,0.1781605414320208,0.1542836437466428
baseline,1315.0,0.4707221428149516,0.095194618648491,0.4335346248237289,0.0005486137128283,1.8092706993133733e-12,0.9995054049978228,0.0004680044472722,2.6590554904833344e-05,0.0006064485148672,0.6230690124799818,0.3763245390051509,4.529322650231016e-05,5.569771236868524e-06,2.0378806265786825e-05,0.193760578976859,0.8060937528195828,7.44263995530226e-05,0.4704893259957012,0.0593128170347237,0.3494695527013896,0.9209990042770484,0.0044261154819085,clean_balanced_ED_EQ,-6.575812131728466e-31,1.4074874976254017e-30,-1.5236572811787756e-33,-3.3581770123594604e-32,6.890918445152746e-33,4.089199341738251e-33,-4.975204004605492e-24,-1.3648335158260675e-24,1.4695779366119408e-22,-7.581729412476662e-23,1.1731340558090617e-22,5.247338454985437e-23,-9.690874021276611e-39,2.0869253034861182e-38,1.2031153922708792e-39,-7.978617443286582e-39,8.487750916289382e-39,-1.2890646105427181e-38,4.013054848360695e-37,-9.855967492990705e-37,-1.0836357981209749e-36,-1.8806923979033957e-36,4.5040486974285755e-39,-2.036427660957045e-38,1.3456746868788424e-29,-9.468164858741652e-30,-3.046896517862513e-30,4.239274068052266e-30,-1.0409850350925909e-29,5.2288904505054916e-30,3.9737173345661525e-30,-9.729244091800361e-31,1.2982201220998049e-29,7.145970257040215e-30,1.362392139925775e-29,5.091220409442735e-30,2.143172767119777e-38,2.968038856435247e-39,-7.376472621986205e-39,-4.7333869283146416e-39,-1.0159418218882717e-38,4.226426006930447e-39,-0.0920789465308189,-0.9106864333152772,-0.4019102156162262,0.0090685319155454,0.0090044271200895,-0.013496202416718,0.0112572200596332,-0.009690866805613,0.3609766662120819,0.9136354327201844,0.1869918406009674,0.0,-1.7818846900472347,-1.581007379085724,-0.5619163713280154,0.433037376081313,1.9108457302513373e-15,9.353853288012502e-16,-3.502444791478248e-22,2.121784960487882e-22,2.5116542504193633e-30,1.1828627611481262e-30,0.8380915394061601,0.1618346975906998,7.376300313999273e-05,26.930286407470703,-1.255435938674761,-0.5865423948755093,-0.76972611206511,-1.3358898348861856,0.2255784398819003,0.4372420594175409
baseline,1360.0,0.5045475140233765,0.0203483403202086,0.4748260554254925,0.0002780902309223,1.1646199919254633e-12,0.9996924681232588,0.0001437912580955,0.0001637406186456,0.0017102902335469,0.927932417377777,0.0703572923886761,5.712411237674314e-06,8.085706455251386e-07,2.794087448719377e-06,0.1357629417789189,0.864203676573164,2.4066578585097672e-05,0.5043923495794838,0.0188818846229569,0.4103464228314435,0.941092845030831,0.0005945043680661,clean_balanced_ED_EQ,-2.481660118583751e-31,1.357873114880954e-30,-7.487353888914454e-33,-1.476497570843257e-32,1.4362925274762318e-32,1.0285653769911993e-32,-3.0361896619165068e-24,1.6115971375613243e-24,5.126388490213964e-23,-6.15038062025435e-23,2.137871456127729e-23,5.38704082761082e-24,-1.7649115657733407e-39,7.381849156799399e-39,-8.079292234732477e-40,-2.7388414610739635e-39,2.5728280994885707e-39,-4.64299816686122e-39,1.023501424495278e-37,-8.210193354831171e-37,-1.6224139503176233e-36,-1.3135024681450396e-36,-6.907680022145139e-39,-8.58098120866849e-39,5.7627118904098474e-30,-8.739049320603901e-30,1.4907130722507515e-30,4.2725740472027976e-32,-7.253422627495332e-30,8.696324358520295e-30,1.964758626616379e-30,-1.7986627970241337e-30,9.58941843331001e-30,2.2983414605077127e-30,6.364180018616633e-30,7.418029983828011e-31,-5.6385816673761706e-39,-4.6145563561582933e-39,-5.897038742764392e-39,-1.7808122323636038e-39,-5.2091438898982736e-39,5.738570174739452e-39,-0.5700564384460449,-0.7428827881813049,-0.2064438462257385,0.2833633422851562,0.001177471014671,-0.0077490708790719,0.0066098044626414,-0.009750266559422,0.3967964649200439,0.8986582159996033,0.1869918406009674,0.0,-2.166111787286788,-1.023173166633703,-0.188480301907763,0.5669522111125336,1.9282907085180087e-15,3.729909598685601e-16,-2.854861681593073e-22,3.550700242966117e-22,3.5365288357482876e-30,6.246078946888084e-31,0.8769006145272983,0.1230526026085051,4.678286419657063e-05,16.66084861755371,-1.171105565960563,-0.2140322203780121,-1.077427948601364,-0.8722830997966218,0.1769367906999661,0.1474781453935761
baseline,1414.0,0.0752005163082242,0.1542702280749758,0.7703300453581144,0.0001992102586855,1.1340174454310527e-11,0.9899487444661146,0.0099216062802085,0.0001296492536768,1.7577801464800357e-05,0.0010120463358775,0.9989703758626576,3.789789216262944e-06,1.310119165049207e-06,6.663416305327153e-07,0.9644079404339524,0.0355839205294773,2.372786558318081e-06,0.0744446567025301,0.0001561286190582,0.0274113631154918,0.0976211647999068,0.0370427334681208,EQ_dominated,-4.371745257940989e-31,1.7345694974158063e-30,1.755531928184405e-32,-1.7821850487475163e-31,2.04646082880398e-32,-5.201306663093702e-34,1.1842688320637247e-24,3.0121825690652086e-24,1.5455869992454e-23,-1.908557684829155e-23,7.58258768665251e-22,1.4280756087636476e-22,5.7811217821727097e-39,-2.700369480392191e-38,-4.989932945922644e-39,1.5451097312574983e-38,-7.911809249505369e-40,1.155258601203739e-38,-1.780787890963529e-36,9.688287015871576e-36,-1.739304449922366e-36,-7.450528781422835e-37,-8.83175791787666e-39,1.2678267949616882e-38,1.0624756620391e-29,-4.154808068622283e-30,-3.2541653924733296e-30,-4.7098064466496875e-30,-7.370602142814069e-30,8.86461406048462e-30,8.95285451712978e-31,-1.8479842817425577e-30,-3.418871179095006e-30,1.2242154620012608e-30,4.577660250765821e-29,8.814701148838582e-30,7.708755471309641e-38,1.1023248574646065e-38,6.640590349789688e-39,-4.614061467918918e-40,-4.1858022949017505e-39,5.0651331945752114e-39,-0.779150664806366,-0.6153984665870667,0.09507517516613,0.0614263117313385,0.0038629006594419,-0.0094183534383773,0.0077954502776265,-0.0170373991131782,0.4360363781452179,0.8802876472473145,0.1869918406009674,0.0,-2.275862532385075,-0.7713343164227426,-0.0751807591567439,0.1246064860321649,1.9325652077866644e-15,5.307497868836512e-16,-1.668967550989731e-22,4.0996180973208393e-22,4.5667886708806606e-30,1.166688896448427e-30,0.98589465852891,0.0131635227193585,0.0009418187517314,191.53277587890625,-1.438858409395844,-0.3626445891903572,-1.0685163475562447,-0.4577123804428803,0.0528093646069761,0.0427660468550411
erode_1px,1332.5,0.5195452097059368,0.0081774855260341,0.4720265701667423,0.0002507346012865,1.0219807018278117e-12,0.9996018896349976,0.000288940298637,0.0001091700663651,0.0054466208943429,0.8886598611128219,0.105893517992835,6.074971451565939e-06,6.659198781205844e-06,4.405301934876477e-07,0.1424704889791435,0.8574685542884629,4.778203196731102e-05,0.5193383733728656,0.0072670031518176,0.4047479407066182,0.908538008528478,0.0023171933526765,clean_balanced_ED_EQ,-1.8844245836470822e-31,1.2453887501108467e-30,-5.81368639207072e-33,-2.0610397170434819e-32,1.1642364598201626e-32,6.141908525663453e-33,-2.701524482520718e-24,2.2204570478328256e-24,2.2608600328432618e-23,-3.852344425792459e-23,-1.5351801848559385e-23,1.4396431322127772e-24,-2.3034369154296137e-39,6.478578827651422e-39,5.8775004813883115e-40,-7.17488960503399e-39,1.71567329354112e-39,6.963070551884571e-40,6.27609252298723e-38,-7.419175267385907e-37,-1.5726186697689983e-36,-9.292192677215492e-37,-1.1031759572041775e-38,-8.014331960528481e-39,3.468193329158612e-30,-7.76622986055293e-30,2.4831853186879505e-30,-2.3691403843437457e-30,-5.951380082475544e-30,1.0135369706910807e-29,1.3067390717884024e-30,-1.6271847055375595e-30,6.935201654777433e-30,1.4720638328152026e-30,4.423731549721935e-30,6.683710476778911e-31,-1.19635240901009e-38,-4.720168431606064e-39,-3.954325647545423e-39,-1.1452666176869235e-39,-2.6935410869426023e-39,4.0997338817988156e-39,-0.710014820098877,-0.6492246985435486,-0.0696795880794525,0.2632981538772583,0.0001572278270032,-0.0058533423580229,0.0053834887221455,-0.0091351429000496,0.3752647042274475,0.907860279083252,0.1869918406009674,0.0,-2.185598183414605,-0.8087656291757751,-0.0602463323827886,0.4464773835297755,1.84477247127041e-15,2.965928069409845e-16,-2.2114085628808113e-22,3.7444371039577615e-22,3.746665454050224e-30,5.122534916983433e-31,0.925648040296352,0.0742935956167203,5.836408692760919e-05,13.788578987121582,-1.0962597890966148,-0.1658774335687195,-1.0879110140841424,-0.6428181830004388,0.1131131123333646,0.0663837099177361
erode_1px,1390.0,0.615824892126466,0.02026964838914,0.3636847285561562,0.0002207309282378,7.256453580677875e-13,0.9995157207785716,0.0003617503867491,0.0001225288346793,0.0031103616680575,0.0072877235999122,0.9896019147320304,9.239087063830818e-06,1.7096222842359864e-06,3.140721977305904e-06,0.049734057389329,0.9502031149489488,4.873823039675408e-05,0.6155266609271707,0.0001477195949274,0.3455743619334225,0.590565164230922,0.0015024452920016,clean_balanced_ED_EQ,-1.347239981851317e-31,1.2501073469229582e-30,-4.92759545394921e-33,-2.34071342019652e-32,1.385141180975975e-32,1.3929823873650857e-33,-2.0350675068161703e-24,3.2267308971449854e-24,-2.396852755800905e-24,5.3248609593636876e-24,6.801075200251881e-23,2.2036948988698972e-24,-1.8129537006545628e-39,6.8845376488127e-39,2.11370970169383e-40,-3.0551506156318315e-39,1.6015889885923775e-39,-3.829392009609753e-39,1.7826433974290855e-38,3.689138522304891e-37,-1.579459757852126e-36,-3.3408474670538787e-37,-1.1519260235664739e-38,9.951927283291232e-40,9.228679387519665e-31,-3.9758062835796194e-30,1.6288042106070896e-30,-6.112606294920837e-30,-2.5516723617030317e-30,1.0088413003188406e-29,5.68049755939514e-31,-1.7157587499806797e-30,5.107128693046091e-30,1.0025016010607724e-30,6.0292527908525456e-30,6.572812597603564e-31,-1.029943022327193e-38,-3.1975131633378607e-39,-2.7435130616515472e-39,-8.055336917085737e-40,-1.1642105295514875e-39,3.9215905446574086e-39,-0.9279743432998656,-0.3310458064079284,0.1497863382101059,0.0816110298037529,-0.0009357012459076,0.0009775751968845,0.0041046892292797,-0.0112274764105677,0.4190726280212402,0.8884886503219604,0.1869918406009674,0.0,-2.1672136911481483,-0.3581884910451023,0.0271471738750962,0.1124476116490531,1.7624851651434818e-15,2.0138514899635287e-16,-8.628861698683942e-23,4.02334928774269e-22,4.350818087334138e-30,3.9926430966008345e-31,0.9707295389531796,0.02923921200024,3.124904658025063e-05,12.039520263671877,-1.0548926615059444,-0.1136857225613874,-1.0041147495668168,-0.2123887108262626,-0.0149881673231437,-0.0067465480182556
dilate_1px,1315.0,0.3673676230337763,0.3441592448546734,0.2869594644354795,0.0015136676760708,2.7211807910441704e-12,0.9900732851360248,0.0097733901535776,0.0001533247103974,0.0006887572478652,0.1364743069094207,0.862836935842714,0.0002966984568389,0.0001530247604801,2.651670572173564e-05,0.3306821846756247,0.6684026283911924,0.000438947010142,0.3637208693896636,0.0469688944080111,0.1918044602704033,0.7811234481300384,0.0499706740020962,mixed_higher_order,-1.2955718394498241e-30,1.0618960848589796e-30,9.263618898114784e-32,-1.3827114829157954e-31,8.403212580089243e-33,-1.9077442722790559e-32,-1.0671156222773777e-23,-7.105657309103421e-24,1.7725991103075838e-22,-3.386645567408863e-23,3.0097908438670033e-22,3.3958450091476946e-22,-4.4960564489668043e-38,3.783073343734152e-38,2.887472664358777e-38,-3.077282417776094e-38,1.6085874654328083e-38,-7.057895832501579e-39,1.0235344809650531e-36,-9.361710546678785e-37,-6.634397789248516e-37,-1.8571152832033383e-36,2.7232345881069e-38,-4.257188946987071e-38,1.1598654269297559e-29,-6.748521846133641e-30,-1.8704712110660385e-30,6.2257707796709484e-30,-9.72818305823152e-30,5.227490253593229e-31,5.8241279013376995e-30,1.2465628914622194e-30,1.8066461808130777e-29,2.9711574311615375e-29,2.5357585131374426e-29,2.668530926662336e-29,5.757986841042484e-38,5.374206882112393e-38,-8.201207215609005e-39,-1.7671700328170155e-38,-1.621574574095781e-38,9.237447740956823e-40,0.407448410987854,-0.8831343650817871,-0.0052880495786666,-0.2250286638736724,0.0425241664052009,-0.0186657812446355,0.0460723862051963,-0.0119175957515835,0.3609766662120819,0.9136354327201844,0.1869918406009674,0.0,-1.1564420875831811,-1.8608287188448287,-0.3235710011500545,-0.0666006854406753,1.2005007048001637e-15,1.5634625919459002e-15,-3.1195573628131093e-22,1.4486469606510017e-22,1.0352184922308196e-30,1.3524381908274544e-30,0.9480972305228684,0.0529305568922556,0.0010277874151238,66.45708465576172,-0.9471789343203096,-1.1556105834860968,-0.4712532776294939,-1.3191425837679998,0.1007625281735674,0.5273996473432706
dilate_1px,1360.0,0.528611491020872,0.0352977167508447,0.4356122853638742,0.0004785068644091,1.2739850738109518e-12,0.998819672625716,0.0011471653318217,3.316204246201163e-05,0.0014110271787748,0.670151947598637,0.3284370252225881,1.9505237198475363e-05,1.4640274803709933e-05,1.1392005103232877e-06,0.1239119529286123,0.8759947708414639,5.7991517411272506e-05,0.527987556407659,0.0236548336263636,0.3815940840930533,0.8240688913564957,0.0006876342614967,clean_balanced_ED_EQ,-3.813570150261396e-31,1.4270270418340685e-30,-6.55206520874765e-33,-4.962820441129322e-32,7.256597303824875e-33,4.447645151820274e-33,-3.615580336422299e-24,2.3292662258203174e-24,7.030559536987071e-23,-6.198790152982286e-23,6.362765274766254e-23,1.6036728229146274e-23,-4.007820261129758e-39,1.346620087287369e-38,8.819087931054078e-40,-1.214034448510545e-38,3.1259057086357094e-39,-1.3258585624678115e-39,1.626082899503305e-37,-7.749703454951294e-37,-1.4679592359748045e-36,-1.5092425594691945e-36,-9.460624022897126e-39,-1.42809609019267e-38,5.439892417017913e-30,-6.646797286799979e-30,1.8688446322979443e-30,4.1628212797304716e-32,-7.308738022301385e-30,6.605169074002675e-30,2.505101468836876e-30,-1.7265838345693167e-30,1.4683654628223318e-29,5.138789591399697e-30,1.2475005503378677e-29,2.348690153391431e-30,7.924222699367813e-39,-2.7532776806681806e-39,-8.71867646706438e-39,-3.771608583357461e-39,-8.163994382284493e-39,6.77849474206402e-39,-0.4297398626804352,-0.8294957280158997,-0.2849163115024566,0.2132571786642074,0.0066864877007901,-0.0140547547489404,0.0098704285919666,-0.0156321506947278,0.3967964649200439,0.8986582159996033,0.1869918406009674,0.0,-2.07051014390951,-1.2169131010057297,-0.3154572862531456,0.5446728215689746,1.950114951983014e-15,5.489169146618064e-16,-3.162261983107352e-22,3.1506941530950853e-22,3.2117984200753685e-30,8.546748586675226e-31,0.8729817576220524,0.1269977183079144,2.0524070033056677e-05,19.272262573242188,-1.2307477724931837,-0.3289035757618433,-0.9748562060484762,-1.0022720246410737,0.1783294569248756,0.2022581557315209
dilate_1px,1414.0,0.5272754011160607,0.0025553894916714,0.4699729139863832,0.0001962954058846,8.649546600343636e-13,0.9996262497030788,0.000226466439417,0.0001472838575043,0.0118456438124781,0.875745650715454,0.1124087054720678,1.7637808524649916e-06,3.806878039463794e-06,8.945534318800043e-07,0.1740049044915672,0.8259598187489007,2.881154720830119e-05,0.5270783317783343,0.0022378712332152,0.3881787428530857,0.8913234203446855,0.0022595915969068,clean_balanced_ED_EQ,-1.4167959474573424e-31,1.306879076534589e-30,-7.029558188707729e-33,-1.8495053408364056e-32,1.4667223056804314e-32,6.282922824032339e-33,-1.9834348004080124e-24,2.232759389160322e-24,1.110269128005653e-23,-2.31544093869858e-23,-8.893498752655819e-24,2.354632621313733e-24,-1.261487819134122e-39,3.8632580109623046e-39,-7.74708339802631e-40,-5.920100015723103e-39,2.0361942502228627e-39,2.056829320066448e-39,3.0400064679577747e-38,-9.020921546518038e-37,-1.7702635533266764e-36,-8.56345275424582e-37,-1.0659569771246572e-38,-4.6119202789349486e-39,1.0469222985041097e-30,-4.2374706721183696e-30,3.031921729498028e-30,-4.1245174119728744e-30,-4.078844028002137e-30,8.361986719729194e-30,1.2024820841266289e-30,-1.94739761290832e-30,9.411662300849296e-30,1.2981641124805464e-30,3.773274908968344e-30,3.2877782707133924e-31,-1.3596252195123562e-38,-3.6006746955141657e-39,-5.966120647865116e-39,-1.1194743702311337e-39,-3.698381293176092e-39,6.936982671395113e-39,-0.7885662913322449,-0.5546422600746155,-0.0085628926753997,0.2651920914649963,-0.0001228168839588,-0.0048071178607642,0.0045492872595787,-0.0093588074669241,0.4360363781452179,0.8802876472473145,0.1869918406009674,0.0,-2.2226183974801828,-0.6647008543839061,-0.0023873106990622,0.4088351975682293,1.824522915313694e-15,2.0922978843978352e-16,-1.9996068307608747e-22,4.1355750674093087e-22,3.8618644429741384e-30,3.8365245291013764e-31,0.9294879559522824,0.0705084517983225,3.592249395056868e-06,14.477133750915527,-1.0840810657265354,-0.1175259202029118,-1.0875356216658845,-0.5260832432094121,0.0640677333096159,0.0307208986444486
round_s1,1332.5,0.4893913716053585,0.0525324171956953,0.4576768997646997,0.0003993114342464,1.4826843590458949e-12,0.999656897576111,0.0002648835661422,7.821885774688056e-05,0.0007970219345874,0.7784532500836229,0.2207497279817896,1.5773939739379923e-05,2.1558450574902204e-06,7.028320115908838e-06,0.1527219475758789,0.847212337617128,4.075670208024817e-05,0.4892234602395303,0.0408940309007378,0.3877495161230112,0.935196095230234,0.0006507293719326,clean_balanced_ED_EQ,-4.338640619667176e-31,1.4071194156111933e-30,-5.591247679042408e-33,-2.3307975672313538e-32,9.642761900302764e-33,8.756214014867288e-33,-4.041782117357559e-24,5.845354608742317e-25,1.0179077318063128e-22,-7.699203304078351e-23,6.500442011487417e-23,1.983969597907807e-23,-4.035472349512326e-39,1.2505952357520596e-38,-2.4875388204976972e-40,-4.851706332977953e-39,4.2842214276573003e-39,-7.654240090858168e-39,2.2368090398880574e-37,-8.865225349976014e-37,-1.352498527759068e-36,-1.6757507910917714e-36,-2.999693786857711e-39,-1.463188726453767e-38,1.0125770604386921e-29,-9.724408757757205e-30,-8.251569866634046e-31,2.6955735318169103e-30,-9.300612900409025e-30,7.028835584597539e-30,2.9979924247470635e-30,-1.5706705453469236e-30,1.1040883132158547e-29,4.132524820278196e-30,1.0153274593930584e-29,2.284498171001932e-30,7.4047721644774e-39,-2.9407585400491253e-39,-6.526281660925542e-39,-2.926768051211252e-39,-7.509243090612761e-39,5.05485394008926e-39,-0.3178595006465912,-0.8588229417800903,-0.3627947270870209,0.1714722961187362,0.0044085658155381,-0.0104889096692204,0.008250837214291,-0.0096701504662632,0.3752647042274475,0.907860279083252,0.1869918406009674,0.0,-1.9907940251775809,-1.3446614871085811,-0.4150808047443372,0.5642271030742434,1.9655045153245043e-15,6.370098446193046e-16,-3.361457120839787e-22,2.7749262484468843e-22,3.0241220834871623e-30,9.280389827181362e-31,0.8387409601577077,0.1611843504631544,7.468937913790441e-05,20.568758010864254,-1.238624030973767,-0.3819110498837417,-0.9356356204888566,-1.1592560723934064,0.2260651572016381,0.2988795883408656
round_s1,1390.0,0.485969450724814,0.0075393650054215,0.5063069724177093,0.000184211852055,9.78373805310484e-13,0.9997366717886428,3.0115401334882745e-05,0.0002332128100223,0.0047839551828577,0.8182747643291397,0.1769412804880025,1.7884514859051422e-06,3.626289571177221e-07,8.91036522221517e-07,0.2211078195262392,0.7788723823552368,1.675600155877289e-05,0.4858414812585804,0.0061692721230027,0.3943485178100483,0.9598316381151542,0.0032905867470184,mixed_higher_order,-1.448110206867181e-31,1.2889773237468703e-30,-5.8739274830904266e-33,-4.022121293267285e-33,1.7729894372637188e-32,8.838499200614434e-33,-2.7167895596623926e-24,1.960758236782328e-24,1.9805922762087812e-23,-3.908710280336194e-23,-2.0271903824868248e-23,2.0594730706616436e-24,-9.152006672478704e-40,4.1926106213758966e-39,-8.535168023539118e-40,-1.7336312657548397e-39,1.7687172548946648e-39,-2.4589811106242405e-39,4.4326577207678414e-38,-1.0660215915964918e-36,-1.7700523937146893e-36,-9.36437546403256e-37,-8.165204623770964e-39,-4.4268722018940405e-39,2.5627390926642763e-30,-7.301653989387456e-30,2.546408991587016e-30,-2.3608959516210552e-30,-5.109148084251292e-30,9.66254951632056e-30,1.3738056392563754e-30,-1.988283874537541e-30,7.681040476315292e-30,1.1696654672602353e-30,2.5196574728894783e-30,3.0674212656636888e-31,-1.598839024390771e-38,-3.9227044884723116e-39,-4.9480429276358036e-39,-9.779256388990345e-40,-3.209908583715533e-39,5.584110890133775e-39,-0.7579244375228882,-0.5859821438789368,-0.0401636958122253,0.2836159467697143,-0.0013625506544485,-0.0031321828719228,0.0056707984767854,-0.0086445342749357,0.4190726280212402,0.8884886503219604,0.1869918406009674,0.0,-2.230594965468231,-0.7208947930197599,-0.0196669756795256,0.4528325490972991,1.845936530041957e-15,2.1924242360850732e-16,-2.1512769522886844e-22,4.0524129303318784e-22,3.842949071576154e-30,3.920727542258071e-31,0.9178361930531704,0.0821580136515732,5.79329525618455e-06,15.250776290893556,-1.0876927673571564,-0.1221975723953718,-1.1252807849007378,-0.5953242858623707,0.1100205322663895,0.0557487766559274
h-10nm,1315.0,0.4904861749689669,0.0596339364800576,0.4494122490649425,0.0004676394860328,1.5547559726212336e-12,0.9995393620255502,0.0003750723498502,8.556562459963758e-05,0.0007456483572464,0.6550659189882243,0.3441884326545292,2.991868445824057e-05,3.4740855826238744e-06,1.41463085388759e-05,0.1709421791068892,0.8289661640923274,4.411772220369253e-05,0.4902602384108335,0.0390641594031943,0.3725475482034711,0.9162587489716236,0.001739825747367,clean_balanced_ED_EQ,-4.862097670749703e-31,1.3873287183092112e-30,-5.426480065604308e-33,-2.7955116828357256e-32,1.0921474765609723e-32,8.10683937266026e-33,-4.153287014980549e-24,6.053515241848693e-25,9.42830392853864e-23,-8.115975186690099e-23,8.551252954752e-23,2.8621634797230767e-23,-5.798150765976343e-39,1.6670781564796883e-38,-1.0893046937361624e-41,-6.014515961685402e-39,5.80903815494026e-39,-1.0656264637371333e-38,2.611512079874946e-37,-9.065222808582297e-37,-1.4289413796322782e-36,-1.5079800331103946e-36,-2.7225547572022504e-39,-1.4909038430164808e-38,8.586559924640127e-30,-1.0087646535410385e-29,-1.132009536715654e-31,2.7476110614523298e-30,-8.47335420839403e-30,7.340037004785583e-30,2.8981824066450916e-30,-1.6501827485018853e-30,1.210646990202945e-29,5.123074208828919e-30,1.1835848170529079e-29,2.918046084464316e-30,1.2708140744350083e-38,-1.8081916537490628e-39,-7.065462069522692e-39,-3.596718988449868e-39,-7.100327310009745e-39,5.412818781536489e-39,-0.3775650560855865,-0.8830557465553284,-0.2408841848373413,0.1383273750543594,0.005742366425693,-0.01204514503479,0.0098081296309828,-0.0113304760307073,0.4042023718357086,0.8953515887260437,0.1869918406009674,0.0,-2.043454182486378,-1.3182659445828473,-0.3186925448990779,0.4433493799373817,1.932489470672872e-15,7.152193688787959e-16,-3.0564320950818104e-22,2.992698860876212e-22,3.1392359087772534e-30,1.1128529955707018e-30,0.9225208833923764,0.0773842322881204,9.488431950310794e-05,23.990272521972656,-1.2374549220930462,-0.4336842894522532,-1.0150029137285088,-1.0711454992263905,0.2414738011779978,0.2805193874938603
h-10nm,1360.0,0.5153225346294404,0.0111701270851024,0.4732646462165006,0.0002426920689562,1.0273472073766693e-12,0.9996790045422852,0.0001118717906465,0.0002091236670681,0.0031736974526043,0.9571518656323564,0.0396744369150392,4.47450593719058e-06,6.288626364815877e-07,2.3866991776143647e-06,0.1464467616676465,0.8535289953205135,1.675294408866036e-05,0.5151571184365664,0.0106915079788563,0.403945098005888,0.9183853109719278,0.001313705228034,clean_balanced_ED_EQ,-1.9587672268015567e-31,1.2955005141728466e-30,-7.359856293872845e-33,-1.174492592312822e-32,1.7336172173954743e-32,7.653284573756401e-33,-2.5538264778134072e-24,2.0236951988294822e-24,2.5671535864957458e-23,-5.0428697935087663e-23,1.0907281313460437e-23,3.709330353693716e-24,-1.3494032415076985e-39,6.152447183010497e-39,-9.437199016341543e-40,-2.1645424154456967e-39,2.2931133892503737e-39,-3.98791338395004e-39,6.844851510344588e-38,-8.028415964785368e-37,-1.7425041351902434e-36,-8.646469099633337e-37,-7.207079634074366e-39,-4.7253076850474245e-39,2.737191403993704e-30,-7.84999741688854e-30,2.0715871833851465e-30,-1.5666621819387064e-30,-4.8087801441556944e-30,9.416659793424353e-30,1.3915600091121452e-30,-2.0158158475610317e-30,8.669433373712733e-30,1.786155068071503e-30,5.0982417817318375e-30,3.909395523335288e-31,-9.200385043046887e-39,-4.5876067182466785e-39,-5.3950999364730556e-39,-1.4492862382398602e-39,-3.334932113417528e-39,5.902124687913907e-39,-0.7706300020217896,-0.5966298580169678,-0.0017148703336715,0.2234769314527511,0.0002702877391129,-0.0053160241805016,0.0058391671627759,-0.0107391085475683,0.4378761649131775,0.8793739080429077,0.1869918406009674,0.0,-2.2437121856232904,-0.7310012149265277,-0.0239312448060249,0.3649637650039686,1.8608012819768858e-15,2.9973771001809995e-16,-1.9632289981811005e-22,3.976474353271471e-22,3.7672223868554206e-30,5.477888797178738e-31,0.949866120662,0.0500943039973502,3.957534064968904e-05,16.426029205322266,-1.1173119536913456,-0.1689350187870499,-1.1571785705120885,-0.5742028699173369,0.1450754436632479,0.0738529767300289
h-10nm,1414.0,0.5645651208020563,0.0408379603237517,0.3944003543703041,0.0001965645038877,8.21770476035945e-13,0.9992142207733266,0.0005543627523207,0.0002314164743525,0.0006362667355725,0.0111147049681765,0.9882490282962508,7.188845462438073e-07,5.520672789154147e-07,3.356414057563336e-07,0.1935096961191277,0.8064792146299801,9.482657661352826e-06,0.5641214972580257,0.0004539018805006,0.3180756880423487,0.6985914287620079,0.0003012320398673,clean_balanced_ED_EQ,-1.5139275890749523e-31,1.316888075404786e-30,-6.0527757984957726e-33,-3.0630188615295016e-32,2.0118415119877432e-32,1.4813041600452685e-33,-1.1619492583824158e-24,2.433896331346742e-24,1.3200218910985838e-24,-1.1194816916684704e-23,1.0618638627981744e-22,4.7315741381333756e-24,-5.383127442475895e-40,-2.2533027671346983e-39,-9.728697313612328e-40,1.781917385493566e-39,1.5111804326262582e-39,4.713965099546413e-40,-2.926032716238692e-39,8.499164739059925e-37,-1.7144994358469308e-36,-2.665656557560712e-37,-5.188843693421784e-39,2.9110841986979503e-39,1.2272950545407699e-30,-4.6762799780060944e-30,7.240745573843021e-31,-4.626010967865124e-30,-1.9513694982282342e-30,9.302291400658569e-30,4.849701650490811e-31,-1.9072630840714068e-30,4.850529931951724e-30,1.2036665777793132e-30,8.382027379087686e-30,5.3267741489676525e-31,-4.095116487971096e-39,-3.1713727923533576e-39,-2.4712846800716648e-39,-9.99635404553729e-40,-1.2029226364262658e-39,5.188765325780575e-39,-0.9456778764724731,-0.2748661041259765,0.171574056148529,0.0235785581171512,0.0005550091736949,-0.0012036866974085,0.0029834117740392,-0.0114891985431313,0.4747092127799988,0.8600494861602783,0.1869918406009674,0.0,-2.1956198483675444,-0.3069765722566877,0.0194214104705171,0.0386598179091008,1.7891606080802328e-15,2.1995552517917666e-16,-6.424681348596714e-23,4.117465305776005e-22,4.262781581653169e-30,4.5913258770862935e-31,0.9698597781437268,0.0301345075751194,5.714281153701428e-06,15.66299533843994,-1.092383720774645,-0.1255831747302246,-1.0532777485621765,-0.1637607268153231,0.0309758082221375,0.0036524710722828
h-5nm,1332.5,0.4970727597202144,0.0408956053898938,0.4616488385407871,0.0003827963491046,1.3883840673308066e-12,0.9996225807260458,0.0002670956839241,0.0001103235900299,0.0008722153502521,0.7897798655510798,0.2093479190986679,1.516041189855971e-05,1.791256700688613e-06,7.362160112840819e-06,0.1467759921795248,0.8531686878569633,3.1006134799706365e-05,0.4968851548801384,0.0322985257264604,0.3938643338285345,0.9287349377194472,0.0003684302659696,clean_balanced_ED_EQ,-3.749368210117267e-31,1.386196560628337e-30,-7.144879141801519e-33,-2.2359374192031744e-32,1.1844722816447324e-32,9.34284515068324e-33,-3.4764420461053624e-24,1.1040270507900328e-24,7.953409267106935e-23,-7.563997408871874e-23,5.453450748823521e-23,1.480949508207742e-23,-3.616668719709521e-39,1.1986662702719016e-38,-4.700326921082532e-40,-4.2779511855373274e-39,4.0866958929096045e-39,-7.708727893307433e-39,1.8064159836192948e-37,-8.521788550160575e-37,-1.495483896285475e-36,-1.4746044645209016e-36,-4.5358807090555633e-39,-1.1820713102275396e-38,7.848905376887952e-30,-9.655301245026968e-30,3.41801072465492e-31,1.8114267533244337e-30,-8.190705014724461e-30,7.843872698416307e-30,2.523401196990917e-30,-1.7346801999180577e-30,1.1198890299065665e-29,3.7839680799327215e-30,9.47766835363521e-30,1.7137376653558333e-30,4.420472799579391e-39,-3.826514695428639e-39,-6.696406331877884e-39,-2.7635034847789173e-39,-6.48810865921981e-39,5.598189327199412e-39,-0.4455587863922119,-0.8300849795341492,-0.2614063918590545,0.2093741297721862,0.0039170854724943,-0.0106428489089012,0.0081370966508984,-0.0109212901443243,0.3965626955032348,0.8987613320350647,0.1869918406009674,0.0,-2.0934721750925407,-1.212104510488738,-0.2928181215093504,0.529529838174062,1.9526569474145828e-15,5.579488083578954e-16,-3.063428951233475e-22,3.16740655197492e-22,3.293630245646191e-30,8.877825458172828e-31,0.887692319171006,0.1123563148429524,4.863401395849287e-05,20.0820255279541,-1.220206581331024,-0.3300400459617825,-1.034550481582047,-1.0201064436082168,0.2220952215151432,0.2335291906508145
h-5nm,1390.0,0.4751126162458365,0.0077514469830495,0.5169600313660682,0.0001759054050457,9.510814144483373e-13,0.9997186584749048,2.4225383407657347e-05,0.0002571161416876,0.0044946286465064,0.5278033936261404,0.4677019777273531,2.4820332615173643e-06,4.851670002048568e-07,1.194977886323774e-06,0.2759947514672285,0.723988390158001,1.2696196622313268e-05,0.4749789473377899,0.0040912400231666,0.3742730608847494,0.9190509660685956,0.0044160062065922,mixed_higher_order,-1.3065751827274452e-31,1.2577209480888148e-30,-6.131530850165842e-33,-1.0723824600044584e-33,1.8960280027247942e-32,7.192708502013167e-33,-2.4334925101456062e-24,2.149168387956298e-24,1.2065158095414005e-23,-3.3049014422471065e-23,-3.3061149620958777e-23,1.9534174291731268e-24,-8.197235455236712e-40,4.9694268761392334e-39,-1.0033587527249236e-39,-1.987920650986714e-39,1.82308368577693e-39,-2.9815114797314434e-39,3.3323539033911524e-38,-1.1871249073737872e-36,-1.7866049650392502e-36,-7.12555758003324e-37,-7.52600506357061e-39,-2.870327941789525e-39,1.30519815020953e-30,-6.661851823954763e-30,2.5046186355260792e-30,-3.051678508022136e-30,-3.809816998079584e-30,9.713529057913048e-30,1.0820556343788371e-30,-1.9707121982366413e-30,7.887578117964675e-30,1.1148008802954702e-30,1.5599240718959461e-30,2.5467177397271166e-31,-1.8213137313725243e-38,-3.7341669290199967e-39,-5.1704412360835344e-39,-9.49562607590755e-40,-2.4897031091123585e-39,5.729422231566294e-39,-0.8379200100898743,-0.4944639503955841,0.0475017726421356,0.2258452922105789,-0.000960559293162,-0.0023881304077804,0.0049856193363666,-0.009587368927896,0.4390449225902557,0.8787909150123596,0.1869918406009674,0.0,-2.2405668245930994,-0.577094533196167,0.0298213207049441,0.3340665057702294,1.8150445339755e-15,1.9888112887091202e-16,-1.668186420285324e-22,4.156805809851091e-22,3.930106207519285e-30,3.670975062260895e-31,0.9466111673908216,0.0533792884609536,9.544148224627236e-06,15.55005168914795,-1.0613173353687644,-0.1102542573929782,-1.1358038013483684,-0.4529952364679919,0.0930248060576929,0.033960437595324
h+5nm,1315.0,0.4569762033417227,0.118848016722776,0.4235844907657425,0.0005912891697587,1.946283166482685e-12,0.9994644389394828,0.0005224258873895,1.3135173127534709e-05,0.0006250196197485,0.6047105530149862,0.3946644273652651,5.550371894165096e-05,7.352996225672564e-06,2.3926861693974124e-05,0.206645233071214,0.7931655959798578,0.0001023873720668,0.4567314646816299,0.0718686499171642,0.3359726450660348,0.926928990324229,0.0065447185066004,mixed_higher_order,-7.561814364314651e-31,1.3958765330868797e-30,1.4524414582972085e-33,-3.6266462835730367e-32,5.6281009371311816e-33,-1.2027280136573665e-33,-5.1685662897104636e-24,-3.182065771395191e-24,1.762121111069581e-22,-6.776329579760333e-23,1.3530551624848889e-22,7.038854401645491e-23,-1.244814014161687e-38,2.2955345748832155e-38,2.12929575659378e-39,-9.262995039721367e-39,1.031885257573568e-38,-1.3692348617506246e-38,4.885466814344498e-37,-1.015242153003304e-36,-8.859862941036995e-37,-2.0217171481591418e-36,1.089718151071475e-38,-2.258768682137433e-38,1.605416929192999e-29,-8.690587479396222e-30,-4.9617695514696735e-30,4.6634776021251516e-30,-1.109240144137979e-29,4.0271078361676996e-30,4.7164177002495775e-30,-4.674139475673664e-31,1.3171193785763993e-29,8.311362039382769e-30,1.4303736730827176e-29,6.450870463063607e-30,2.6068287097450727e-38,6.58190844656833e-39,-7.363708437738906e-39,-5.3383775012631e-39,-1.2239011947122623e-38,3.326301679197949e-39,0.0416552051901817,-0.8902220726013184,-0.4449092447757721,-0.0851390585303306,0.0106037436053156,-0.0141444047912955,0.01201150752604,-0.0081150941550731,0.3390486240386963,0.921997845172882,0.1869918406009674,0.0,-1.6289362503965463,-1.6760997803657245,-0.666384292895579,0.3759806631821406,1.8670854489181725e-15,1.0570463944390005e-15,-3.572675191370692e-22,1.6760830555933078e-22,2.0741190242604773e-30,1.1289962278189688e-30,0.7945429982313704,0.2054030264405728,5.397532805673233e-05,28.89617729187012,-1.245079312282746,-0.6744907880577343,-0.6293320935741938,-1.436062266350277,0.2016154588968081,0.5242821386686629
h+5nm,1360.0,0.5014292844968081,0.0263258776929731,0.4719473162069387,0.00029752160328,1.2311510154601256e-12,0.9997035631943382,0.0001600429766653,0.0001363938289964,0.0012946477875025,0.9182943713851291,0.0804109808273682,6.578623655244417e-06,9.27995448944458e-07,3.115037559652077e-06,0.1348694818517622,0.8650928063973653,2.709009420872986e-05,0.5012806424014465,0.0241749053072306,0.4082782282491653,0.9412041354556008,0.0003602944325184,clean_balanced_ED_EQ,-2.8653229482527743e-31,1.3855426286033868e-30,-7.39049162791327e-33,-1.630503991719112e-32,1.2500293362561362e-32,1.0810215926189506e-32,-3.2230287531141328e-24,1.3582251815423516e-24,6.671294269334998e-23,-6.500797534627953e-23,2.6720215545333536e-23,6.768035129648257e-24,-2.084524855816884e-39,8.084637638511075e-39,-6.964564822196966e-40,-3.0574367532637345e-39,2.780988312226688e-39,-5.0272071337318e-39,1.2737531344046936e-37,-8.356488832817775e-37,-1.5172580140597033e-36,-1.5103502279187573e-36,-6.021974804881097e-39,-1.0356550420881781e-38,7.448963139709927e-30,-8.91380452679145e-30,8.583133449388925e-31,8.312825421110652e-31,-8.307274149483554e-30,8.082520719799198e-30,2.230626143545448e-30,-1.645269877281283e-30,1.0045271493481572e-29,2.6781928697728493e-30,6.93118149670079e-30,1.0085380292079545e-30,-3.698819247590162e-39,-4.485518915292388e-39,-6.142676267451205e-39,-2.0204720267026107e-39,-6.167640713964884e-39,5.518290922203575e-39,-0.462600827217102,-0.7844803929328918,-0.3086871206760406,0.2739346623420715,0.0020786472596228,-0.008721456862986,0.0067736217752099,-0.009442675858736,0.375933438539505,0.9075835347175598,0.1869918406009674,0.0,-2.0979511664020984,-1.1513639021804318,-0.2940679103437138,0.6298362863251918,1.9562586393613163e-15,4.25898838159032e-16,-3.2015452534042825e-22,3.242441481163852e-22,3.3317315943926986e-30,6.667139176913181e-31,0.8294893968223345,0.170462983783056,4.761939460951048e-05,16.662216186523438,-1.1949692990094378,-0.2471214442792427,-1.00759500327724,-1.0030076155456693,0.1870177349641418,0.1919226582406854
h+5nm,1414.0,0.109997681702118,0.0919911574402782,0.7978754797952694,0.0001356810623342,2.928501073314212e-12,0.996727391922124,0.0028572735469844,0.0004153345308914,0.0002047524476055,0.0080603618873601,0.9917348856650344,3.857783780515571e-06,1.1010084976565271e-06,8.747258445234235e-07,0.8510072546996287,0.1489814551126382,5.456669610266333e-06,0.109637702400432,0.0007414820194057,0.1188686499785936,0.1378632186194553,0.0442806443481915,EQ_dominated,-4.3933818301875976e-32,1.1022912284794146e-30,1.550254940834027e-33,5.90444528093689e-32,1.9478910486021388e-32,1.129972723685124e-32,-3.822678467466608e-24,2.043929108448287e-24,7.439742620936478e-24,-2.6160366708445762e-23,-3.0097875083572213e-22,2.061954331672571e-23,-6.5582933289119625e-40,1.4394860643244056e-38,-6.919355407238115e-40,-7.66695027930211e-39,1.3477638144307363e-39,-6.727923256177753e-39,-2.74854577555123e-37,-4.777744993448941e-36,-1.8233036325338144e-36,-8.276277352020017e-37,-9.059119047385178e-39,-8.04877629231868e-39,-1.5455147658916668e-30,-6.1857023650263155e-30,4.8234964623019394e-30,-3.6725843075305284e-30,-3.277979877260874e-30,9.858285308194795e-30,1.1668513144152804e-30,-1.889944554395444e-30,1.0826569416461638e-29,-6.703588276156558e-32,-1.396672325862637e-29,1.1931114181766443e-30,-5.232739087673684e-38,5.72588947405824e-41,-8.60382078696934e-39,5.01007036006809e-41,-2.1447768102829145e-39,5.651414852216126e-39,-0.8083301186561584,-0.4777385294437408,-0.0079933106899261,0.3436454832553863,-0.0028251844923943,0.0010936856269836,0.0049271308816969,-0.0055934777483344,0.4163723587989807,0.8897572755813599,0.1869918406009674,0.0,-2.2008191391557386,-0.5645200067894557,0.0685644055504835,0.491674494558011,1.748988361630138e-15,5.914392884733222e-17,-1.9696926692974696e-22,4.2322137022796963e-22,3.7530199469157674e-30,6.502433979000432e-32,0.8816408610574141,0.1182116747896601,0.0001474641529256,45.26939392089844,-0.914371552171184,-0.0364439384035644,-1.120120021545408,-0.5084410407814238,0.0723851500397368,0.0205856015657322
h+10nm,1332.5,0.4753067028070624,0.0797910736023192,0.4444204281204357,0.0004817954701827,1.676025998752692e-12,0.9996191556676424,0.0003610232415168,1.9821090840857587e-05,0.0004672508556699,0.7687497882406249,0.230782960903705,2.5495388004511237e-05,3.341300163656506e-06,1.1335918421887862e-05,0.1662637699100456,0.8336488815006498,4.7175982714750336e-05,0.4751256849431666,0.061339370935275,0.3704905928186411,0.9350182219097296,0.0018692131364136,clean_balanced_ED_EQ,-5.759747223191287e-31,1.431287359212071e-30,-4.006723850874521e-33,-2.90452777678884e-32,5.6285045229423424e-33,3.939372665840699e-33,-3.9972615695201344e-24,-8.994200499348269e-25,1.4994209748935782e-22,-7.166912261221771e-23,8.47140246914436e-23,3.339071922909349e-23,-6.956714142662304e-39,1.6061443007810732e-38,5.382284922472118e-40,-6.3135654065697e-39,6.418489939346962e-39,-9.747885406826778e-39,3.3032486906759293e-37,-9.433140434636367e-37,-1.0259655048134158e-36,-1.9890132575066223e-36,3.441653995712953e-39,-1.648030862033261e-38,1.4530547835988166e-29,-8.856798947549409e-30,-3.7334085266638e-30,3.7959336029637266e-30,-1.079713966798161e-29,5.060864627271193e-30,3.8252821667220165e-30,-9.7573134081066e-31,1.2535369140003103e-29,6.0943656079610584e-30,1.1455860325149481e-29,3.7750479155749454e-30,1.414874978255243e-38,5.3137161392365523e-42,-7.299131301993223e-39,-4.1187951157017404e-39,-1.0673492652108084e-38,4.2379760006940215e-39,-0.0846674665808677,-0.8566251397132874,-0.5075268745422363,0.0330141298472881,0.0081306667998433,-0.0125255743041634,0.0097819166257977,-0.0098810922354459,0.3320547938346863,0.9245396852493286,0.1869918406009674,0.0,-1.7624973040635257,-1.5495011308959978,-0.6479722759734482,0.5374138647855424,1.961570357497244e-15,8.230573464291046e-16,-3.6833989161197007e-22,1.967338081948208e-22,2.310844806691607e-30,9.195240543820826e-31,0.7411982076402907,0.258866783028824,6.499066911458407e-05,21.90669822692871,-1.2598979863972757,-0.5070046823197571,-0.7097455945380989,-1.375965751645746,0.21043594810975,0.4402622258606885
h+10nm,1390.0,0.4969036479192514,0.011485502966868,0.491394969455566,0.0002158796583146,1.0603508636439024e-12,0.9997439233260036,6.099342366060303e-05,0.0001950832503358,0.0029115118586836,0.9897018333094596,0.0073866548318566,2.7396034754971177e-06,4.994250529913234e-07,1.2803543780121688e-06,0.1698391266402899,0.830134069391559,2.2284585244609477e-05,0.4967764024857956,0.0113672233427905,0.4079237056726898,0.988913990696682,0.0019080776695183,clean_balanced_ED_EQ,-1.908523593023264e-31,1.3520419060701444e-30,-6.754424977795695e-33,-8.253821445197214e-33,1.5212567042382914e-32,1.1506187982584803e-32,-2.9204249266315588e-24,1.658561779082588e-24,3.884667100580269e-23,-4.822048415488357e-23,-4.9385970635422664e-24,2.0560785001533163e-24,-1.1882739888345424e-39,5.3160821852258707e-39,-8.164015257984472e-40,-2.1777914991905716e-39,2.004682111540868e-39,-3.1382805984787706e-39,7.930013861180271e-38,-9.557602976764836e-37,-1.6449286877717805e-36,-1.3378388278499864e-36,-7.944395512514151e-39,-7.58742876049514e-39,5.12420327210079e-30,-7.891066504791069e-30,2.194223767896423e-30,-1.0190586978476396e-30,-7.318427464685164e-30,8.910124777950759e-30,1.7603527897196257e-30,-1.6876401607700948e-30,8.700679722591429e-30,1.6343285514687615e-30,3.949391967114873e-30,4.946548657973111e-31,-1.248485138946878e-38,-4.275452960246041e-39,-5.5082641904588704e-39,-1.297372222393494e-39,-4.898233078034976e-39,5.5610988538533433e-39,-0.5774766206741333,-0.7099969387054443,-0.2309878766536712,0.3300175964832306,-0.0002643961925059,-0.0059029050171375,0.0060100173577666,-0.0079991687089204,0.3784961104393005,0.9065178632736206,0.1869918406009674,0.0,-2.160282032003276,-0.9806179661436496,-0.1773876602518049,0.6328123575167157,1.913505878415263e-15,2.8404251242616007e-16,-2.9638132788903097e-22,3.642599417394576e-22,3.5720590452623795e-30,4.6563363808543145e-31,0.8376098145893073,0.1623671201582145,2.30652524781938e-05,14.75717830657959,-1.1409092893282566,-0.1610491721008399,-1.045735511250595,-0.850508341797918,0.1357287430473609,0.1093437761897289
n-0.014,1315.0,0.4876968897900953,0.0551032284519973,0.4567479472241189,0.0004519345337884,1.5518833799245174e-12,0.9996161454844038,0.0003235759721232,6.02785434729472e-05,0.0007084279564576,0.772880566697115,0.2264110053464273,2.015356218112579e-05,2.802965725436292e-06,8.843471190034093e-06,0.1584200305675081,0.8415101339927491,3.8035440646138695e-05,0.4875096851367071,0.0425882144328202,0.3843580262694814,0.9365406193603228,0.0009678289673056,clean_balanced_ED_EQ,-4.531026442088685e-31,1.3927253644387332e-30,-5.914738832588082e-33,-2.567777833370338e-32,8.730202570166248e-33,7.289022011802767e-33,-3.8919210638111606e-24,5.382209019297361e-25,1.039681024077216e-22,-7.766463288787825e-23,6.689555751186878e-23,2.141279337471429e-23,-4.6794549837683065e-39,1.3819787076841824e-38,-1.3582732030832667e-40,-5.439624932522181e-39,4.815280580098651e-39,-8.380180253916488e-39,2.3674079596679877e-37,-8.835474021669545e-37,-1.3196149627589587e-36,-1.6441071668005476e-36,-2.0260501036105647e-39,-1.40278629647834e-38,1.0107130227818773e-29,-9.712443429772685e-30,-9.34251113340578e-31,2.8539050914095792e-30,-9.172881155581565e-30,6.858540039282579e-30,2.941244585007279e-30,-1.4640215342949204e-30,1.1880801431164169e-29,4.7415504864201214e-30,1.095153129041576e-29,2.6402037796983413e-30,9.178626899860443e-39,-2.5921664558602718e-39,-7.03868749369034e-39,-3.3619926409804736e-39,-7.915223450131962e-39,5.250657867281381e-39,-0.3076550364494324,-0.8698738813400269,-0.3520633280277252,0.155427947640419,0.0058819530531764,-0.0117003479972481,0.009012040682137,-0.0110460659489035,0.3609766662120819,0.9136354327201844,0.1869918406009674,0.0,-1.98623044767438,-1.3667651569379873,-0.4126956488248625,0.5441517268071705,1.9609710150125857e-15,6.718214351514656e-16,-3.323818684704384e-22,2.7371714791540587e-22,3.0371133030904427e-30,9.863473241733504e-31,0.8515036864052411,0.1483096662998745,0.0001866472948843,20.99730110168457,-1.242268565916343,-0.4041537451722164,-0.9373463819381894,-1.1678390650384267,0.2310748084997294,0.3093352593145935
n-0.014,1360.0,0.502791568922778,0.010739672821934,0.4862334651112417,0.0002352931440461,1.0597009429029844e-12,0.999727487466624,8.50267011179377e-05,0.000187485832258,0.0032514354682901,0.9935051884264984,0.0032433761052116,3.6952945015416097e-06,6.441094805293432e-07,1.7257528386443764e-06,0.1612050872869115,0.8387700590226478,1.8788533619920312e-05,0.5026545519185708,0.0106699206705945,0.4078380722301427,0.9670676581808806,0.0017428952972024,clean_balanced_ED_EQ,-1.8483260142208795e-31,1.301389215898169e-30,-6.889034936840759e-33,-9.974388183195443e-33,1.5655439909315775e-32,8.884211090091966e-33,-2.7081387773043886e-24,1.858387705005181e-24,3.05214909709112e-23,-4.862810419677372e-23,1.5910955312202434e-24,2.8686749790408905e-24,-1.3582087472154308e-39,5.7339160621880766e-39,-7.920375229918051e-40,-2.3291623378460425e-39,2.150244770214207e-39,-3.40475241792546e-39,6.690132302681185e-38,-8.676976687584124e-37,-1.6824166786914542e-36,-1.053655695259472e-36,-7.416801555278171e-39,-5.7674512332452153e-39,3.7088970660681044e-30,-7.894637214489747e-30,2.1572517481596672e-30,-1.3143565264824769e-30,-5.8661476466451396e-30,9.208995103151964e-30,1.5342625422701384e-30,-1.83783402676806e-30,8.585856252088346e-30,1.6437656416561747e-30,4.599347733777422e-30,4.3407959004305416e-31,-1.1011908751318503e-38,-4.4564666583666626e-39,-5.407586037056844e-39,-1.3326369954522776e-39,-4.0079743115012855e-39,5.7842788743346414e-39,-0.6910923719406128,-0.6563599109649658,-0.0984608232975006,0.2858962416648865,-8.617437561042607e-05,-0.0054774773307144,0.0059617939405143,-0.0094529232010245,0.3967964649200439,0.8986582159996033,0.1869918406009674,0.0,-2.215495540207382,-0.8424582258012687,-0.0751633655009016,0.4959887477897713,1.879120613559814e-15,2.8354755681935246e-16,-2.403373929036428e-22,3.843384266068086e-22,3.7467639659165264e-30,5.0174907448391895e-31,0.9084470094603716,0.0915560954665624,3.1049269340055474e-06,15.370574951171877,-1.1223906987458212,-0.159409952170203,-1.117275126030802,-0.6997216056070702,0.1398954182781109,0.0878055358393037
n-0.014,1414.0,0.5912036518240827,0.0190335140943776,0.3895739545956276,0.000188879485912,7.570811494610069e-13,0.9994514048498166,0.0003166944129505,0.0002319007372328,0.0015218806285583,0.0184335891872268,0.9800445301842148,2.7824516594716005e-07,1.933121005874518e-07,3.630530638675088e-07,0.0398088790680619,0.9601785945960408,1.1691725566733787e-05,0.5908793203679213,0.000350855979605,0.3740605722148515,0.6589505213535933,0.0010621612581003,clean_balanced_ED_EQ,-1.227479361459188e-31,1.2963455242908447e-30,-5.70392748565749e-33,-2.246642566667077e-32,1.9475694463733766e-32,3.7575420440865126e-33,-1.5555008745918104e-24,2.247464651865429e-24,1.3537942581804578e-24,-9.415674394967332e-24,6.932720621774681e-23,2.1512522330716737e-24,-7.031329151794984e-40,-1.1815323316215346e-39,-8.204051799584402e-40,8.001934055193862e-40,1.5235427379873848e-39,3.813424693861012e-40,1.824630297244199e-38,3.672860504187457e-37,-1.747122237521901e-36,-4.575147152574459e-37,-5.996072218948538e-39,1.9401712662430377e-39,1.4058816332608946e-30,-4.9775597701497775e-30,1.4916978459376786e-30,-4.6521671527170475e-30,-2.8975802750764358e-30,9.629725558504777e-30,6.790986466629796e-31,-1.836234850559183e-30,5.141786665692063e-30,1.0009197621889196e-30,6.379910207032763e-30,4.185862768019441e-31,-9.045107937845731e-39,-3.073621533996267e-39,-2.8585563382867942e-39,-8.508797714556042e-40,-1.715396265463229e-39,5.296839030028908e-39,-0.9103450775146484,-0.3701210618019104,0.1248151063919067,0.1366226375102996,-0.0006224483950063,-0.000766658806242,0.0039144898764789,-0.0102522559463977,0.4360363781452179,0.8802876472473145,0.1869918406009674,0.0,-2.219324610102728,-0.4097870370155842,0.0460377294540351,0.1888277722720484,1.787210450950582e-15,1.809880213336774e-16,-1.1152512638207872e-22,4.220584190696865e-22,4.3004847497577066e-30,3.625845094842668e-31,0.9657187357522544,0.0343649878468772,8.372359913177974e-05,13.457469940185549,-1.0753432836720822,-0.1018217490983592,-1.0733190914647066,-0.2810674994374572,0.0260529606255474,0.0037459184572397
n+0.014,1332.5,0.4761979068012341,0.0878412455012671,0.4354633983628969,0.0004974493346018,1.7108173011631454e-12,0.9995378506062316,0.0004232873712704,3.88620224981574e-05,0.0005610943638932,0.643246677890369,0.3561922277457375,3.930339796794479e-05,4.147863553629847e-06,1.899706052159849e-05,0.1839709570912227,0.8159036654481147,6.292913861934665e-05,0.4759778322272921,0.0565035893504423,0.3552961828927801,0.914458867087503,0.0032568930396078,clean_balanced_ED_EQ,-6.233369280654652e-31,1.4302274823388902e-30,-2.626650748752601e-33,-3.1998448413159105e-32,7.358463878988838e-33,6.363236492416374e-33,-4.664118033219749e-24,-9.482040567144059e-25,1.4207150476153828e-22,-7.606257002965306e-23,1.1061620672571957e-22,4.631003803224732e-23,-8.6614499869052e-39,1.9933813127019675e-38,8.294525646466149e-40,-7.011714037840821e-39,7.832000516449626e-39,-1.292209906568854e-38,3.722336221295335e-37,-9.833577090485334e-37,-1.12627893125107e-36,-1.906453748904731e-36,3.2355025672562645e-39,-1.917540720145174e-38,1.3192153765358693e-29,-9.433214939974313e-30,-2.762374878457304e-30,3.9692242310818086e-30,-1.0429780680187619e-29,5.4639889156062745e-30,3.8569573400331565e-30,-1.118597523097667e-30,1.2832413374777834e-29,6.604572038200969e-30,1.2689287614309253e-29,4.361083453986735e-30,1.8811678108450355e-38,1.682977939050475e-39,-7.325671808300583e-39,-4.3984706458362915e-39,-9.759886703015147e-39,4.384453869161611e-39,-0.1185130104422569,-0.8993536829948425,-0.4191767871379852,0.0346542261540889,0.0082835676148533,-0.0129983462393283,0.0104478430002927,-0.0099299186840653,0.3752647042274475,0.907860279083252,0.1869918406009674,0.0,-1.8068606958572064,-1.5473736406477556,-0.5655306992435595,0.4655328388753398,1.933418808943038e-15,8.811770430244242e-16,-3.543918155162537e-22,2.185705545192721e-22,2.5452344328366527e-30,1.1158584923195776e-30,0.8231199552578615,0.1771178549740934,0.0002378102319549,25.787981033325195,-1.2589650243825166,-0.5486955051074274,-0.7791407273696795,-1.318852479081987,0.2233360540278979,0.4171524739550323
n+0.014,1390.0,0.5064191067896721,0.0121562301042061,0.4812002968215288,0.0002243662845928,1.038461787034786e-12,0.9996944662553952,8.829982822703156e-05,0.0002172339163777,0.0028162709535446,0.9855439801896092,0.011639748856846,3.4191222080336413e-06,4.331757053804949e-07,1.882891198681964e-06,0.1461649515405026,0.853808812679155,2.05005912302089e-05,0.5062643786636352,0.0119804994010001,0.4108530540900464,0.9502017012588404,0.0014031657219878,clean_balanced_ED_EQ,-1.9324260527858838e-31,1.3503648268924597e-30,-7.277168207903076e-33,-1.0554800898379275e-32,1.7024193257163776e-32,1.0702117316200234e-32,-2.8314438183681063e-24,1.8145056057897686e-24,3.5642599257880343e-23,-5.1839424823583394e-23,6.0997435387569086e-24,3.087995670621669e-24,-1.4766083688470377e-39,5.773675921269947e-39,-7.823659622041016e-40,-1.971664821369397e-39,2.2589776250616435e-39,-3.80201496716593e-39,7.217698610032465e-38,-8.682888884360972e-37,-1.7389389160854652e-36,-1.187648001459589e-36,-7.963020956429846e-39,-6.562314056714224e-39,4.3428483658467694e-30,-8.09362651909494e-30,2.1228273530778525e-30,-1.1961869112605242e-30,-6.465675294236673e-30,9.289813642699441e-30,1.6936393027605604e-30,-1.90247036551528e-30,8.805269322942549e-30,1.714696923932141e-30,4.6135801393601465e-30,4.407449773455411e-31,-1.0433698229141721e-38,-4.354711603944351e-39,-5.4916535534967484e-39,-1.3724791134794455e-39,-4.3718813282796606e-39,5.8099483414500916e-39,-0.6559690237045288,-0.6778080463409424,-0.1387495398521423,0.3014659881591797,-0.0001364999334327,-0.00583132263273,0.0061140651814639,-0.0092851864174008,0.4190726280212402,0.8884886503219604,0.1869918406009674,0.0,-2.207039580649746,-0.8897687211555892,-0.1127113379304255,0.5377044947883133,1.9002177672412678e-15,2.877698090415376e-16,-2.6160061732252047e-22,3.8381952935615343e-22,3.6887484105643946e-30,4.973515136587517e-31,0.8897531307002765,0.1102567733058209,9.904006097460892e-06,15.93617343902588,-1.139494100047385,-0.1630661612384201,-1.1055009192583831,-0.755027071522752,0.1459151664467588,0.1003251062489166
baseline,1330.0,0.4890265770398114,0.0561323008849863,0.4544107785575599,0.0004303435176423,1.5218528428567038e-12,0.99961477150136,0.0003143227845554,7.090571408467323e-05,0.0006834704734263,0.7654039075303726,0.233912621996201,2.0133437847061462e-05,2.4389736373489287e-06,9.467854940844632e-06,0.1566245587435639,0.8433038534487356,3.954754127515413e-05,0.4888381900657433,0.0429638824360391,0.3832063606062303,0.9292148932031694,0.0009029843868371,clean_balanced_ED_EQ,-4.596972862188574e-31,1.4127228232992276e-30,-6.068299507110043e-33,-2.563566321710794e-32,9.272475318251872e-33,8.401073490236474e-33,-3.91455237685924e-24,4.942291219493953e-25,1.06957516835378e-22,-7.742311785743819e-23,6.951175877798e-23,2.227420555989369e-23,-4.7858638389334156e-39,1.411368430428689e-38,-1.84129895183696e-40,-5.183768816526322e-39,4.9699984911343113e-39,-8.92989801377557e-39,2.422597570538136e-37,-8.973329983924962e-37,-1.3225123289211231e-36,-1.7036385074155045e-36,-2.0744824495682002e-39,-1.462290863118897e-38,1.0426447182550765e-29,-9.652841241727597e-30,-1.0294472610640862e-30,2.8562283905251912e-30,-9.397000455446477e-30,6.796612673215805e-30,3.0278606906874944e-30,-1.4759883189197348e-30,1.193591593779832e-29,4.751607513386531e-30,1.0662656046878319e-29,2.566667152986475e-30,9.12308717065993e-39,-2.470390322276291e-39,-7.05078080769969e-39,-3.3479017069174173e-39,-8.008709550627714e-39,5.1388729584966434e-39,-0.2918383181095123,-0.867836594581604,-0.3709925711154938,0.1536379605531692,0.0057425438426434,-0.0117341997101902,0.0088532781228423,-0.0107110142707824,0.373252123594284,0.9086896181106568,0.1869918406009674,0.0,-1.971945891205528,-1.376423290674304,-0.4366960501490225,0.5523533011729311,1.9674244528471997e-15,6.725399171537023e-16,-3.390449917326208e-22,2.698881132939812e-22,2.9845659150296624e-30,9.68189478157078e-31,0.8384806270646076,0.1614332171060512,8.6155829341239e-05,21.20449447631836,-1.2458939712662376,-0.4054114990299227,-0.91833434992934,-1.1829831200880383,0.2277582286278253,0.3146405782535422
baseline,1375.0,0.5046645246590394,0.0114315748029205,0.4836739200714434,0.0002299804665965,1.0491143968722222e-12,0.9997113177251824,8.679186649687844e-05,0.0002018904083207,0.0030342758901539,0.9904707516148272,0.0064949724950189,3.4537947455716885e-06,5.125219726551092e-07,1.7857982391577453e-06,0.1532722623933976,0.8467024169184367,1.95685732082091e-05,0.5045188369560412,0.0113226404871898,0.4095278771249059,0.9584068156925084,0.0015603448377049,clean_balanced_ED_EQ,-1.8904921971679003e-31,1.3259437986171024e-30,-7.108674365547074e-33,-1.0256935943342208e-32,1.6338505350997259e-32,9.763312795229876e-33,-2.761091220112889e-24,1.8603371333749443e-24,3.3052342269432183e-23,-5.0257538575962745e-23,3.857047228010374e-24,2.9748776996136517e-24,-1.3479031259752447e-39,5.684829645775662e-39,-8.296409929943927e-40,-2.0921261083039787e-39,2.1775556972295288e-39,-3.5926923955435085e-39,6.978993030171093e-38,-8.674851047560699e-37,-1.7115771691351613e-36,-1.1200524979331528e-36,-7.733521355668911e-39,-6.07384046476827e-39,4.030305389823864e-30,-7.995414098520773e-30,2.135372266472038e-30,-1.2599525187321929e-30,-6.1656790795733744e-30,9.255365193975496e-30,1.6091642193575028e-30,-1.8750940586723592e-30,8.703995634413007e-30,1.6755629599720717e-30,4.6160568599473525e-30,4.438474529790449e-31,-1.0709570668409863e-38,-4.40347400982434e-39,-5.4569557792097234e-39,-1.3481974956477476e-39,-4.1943500565320334e-39,5.803298870212984e-39,-0.6735854148864746,-0.667482316493988,-0.1184604167938232,0.294026106595993,-9.788176248548552e-05,-0.0056376187130808,0.0060205701738595,-0.0094252359122037,0.4080877304077148,0.8935874104499817,0.1869918406009674,0.0,-2.211833477126573,-0.8664974365745087,-0.0935326588385051,0.5171978089305928,1.8897838609754247e-15,2.8568277406112677e-16,-2.5101894865482275e-22,3.842958457089129e-22,3.7182405006610544e-30,4.995557869411063e-31,0.8992817463055579,0.1006093040441836,0.0001089496502584,15.655181884765623,-1.1310926547990052,-0.1612679089718293,-1.1119761442597718,-0.727674848952066,0.1430057754866414,0.0940490913765269
erode_1px,1300.0,0.5004450873257723,0.0293588842598721,0.4698351787677834,0.000360849646572,1.3333740898681506e-12,0.9993976998019726,0.0005272646127031,7.503558532431169e-05,0.0006520644881314,0.9950303874505948,0.0043175480612734,1.2260443232971248e-05,1.0392573224897489e-05,4.6669903406406556e-07,0.1226583449638092,0.8772800016437062,3.853367699260505e-05,0.5001436691505742,0.0292129819802177,0.4121770064016721,0.9388346307452852,0.000470829158504,clean_balanced_ED_EQ,-3.1386300530934187e-31,1.3066802729838696e-30,-4.2932919606684246e-33,-3.056699135660081e-32,8.963598900281256e-33,7.432635754357891e-33,-2.0611190884593874e-24,1.4015797758580587e-24,6.932334863681858e-23,-6.837081106661843e-23,5.04396118743594e-24,3.961630071649667e-24,-3.7321085336873716e-39,9.639444279073525e-39,1.7352191008564385e-39,-9.357263987712931e-39,1.9968911523243948e-39,-2.821744847937726e-40,1.3092928352006543e-37,-7.192565902875858e-37,-1.401773777803142e-36,-1.3629738250483107e-36,-5.932731241019519e-39,-1.1519968457457827e-38,8.32670876589266e-30,-1.005469906552488e-29,4.341661294503368e-31,1.1091232069975908e-30,-8.760875870120285e-30,8.945575371138645e-30,1.8226315890849773e-30,-1.3479704491802245e-30,8.413566621155561e-30,2.5048117663437878e-30,7.238786477542367e-30,1.3663151079078465e-30,-2.9784206845406857e-39,-5.248805680906079e-39,-4.5357414576055216e-39,-1.7583411353064078e-39,-4.148722753471521e-39,3.7601294528595416e-39,-0.4618346989154815,-0.8099941611289978,-0.273573100566864,0.235672190785408,0.0049549364484846,-0.009929952211678,0.0036541337613016,-0.0089864740148186,0.3483501374721527,0.918523907661438,0.1869918406009674,0.0,-2.0735745331321405,-1.1619953151826872,-0.2803408570113826,0.5608572499566041,1.929135370422846e-15,4.916837462829914e-16,-2.9653132342999097e-22,3.086606498278303e-22,3.3465550186293946e-30,7.6881838139506e-31,0.869504985531557,0.1304777322721257,1.728219631724759e-05,16.065277099609375,-1.1789672633218098,-0.2831864964047569,-1.0188156529870154,-0.99061566820507,0.2057701814054063,0.2086369578200457
erode_1px,1345.0,0.5134141857273403,0.0067237325798597,0.4796433638740465,0.0002187178187534,9.520750334849597e-13,0.9996705958973826,0.0002084935816849,0.0001209105209326,0.0076854439897216,0.5067878582448172,0.4855266977654611,4.353509045635744e-06,6.005876754578389e-06,6.766983052089429e-07,0.1868789123972655,0.8130636179517459,4.643356688304905e-05,0.5132450649882198,0.003407506033558,0.389980568757978,0.934223044878568,0.00353717643512,clean_balanced_ED_EQ,-1.5865080235362926e-31,1.2210883887921898e-30,-5.878519273651974e-33,-1.67830498187716e-32,1.2400088136928897e-32,5.4429781387682925e-33,-2.7513433177665317e-24,2.4799804526872166e-24,1.2458194566110245e-23,-2.737736665076377e-23,-2.941950145736561e-23,1.1242525407118049e-24,-2.3000497335773637e-39,5.35073461127263e-39,5.352092854871626e-40,-6.819724970534702e-39,1.7648335212506705e-39,1.4689766145588595e-39,4.855781487565663e-38,-8.51868809007758e-37,-1.6002285689888654e-36,-7.789621474079576e-37,-1.190980734394958e-38,-6.249100047098905e-39,2.1923498808373557e-30,-6.8501389715367e-30,2.7247740710805653e-30,-3.4652621375242735e-30,-4.917123207306196e-30,1.0315399619837521e-29,1.1250113325856472e-30,-1.685848789382423e-30,6.491985943524613e-30,1.2530619319079941e-30,3.260737400858324e-30,5.755228754134945e-31,-1.5081248624892642e-38,-4.288804388412595e-39,-3.7964977146933054e-39,-1.0031484033495627e-39,-2.227967979007805e-39,4.1208303283106305e-39,-0.7796635627746582,-0.5764701962471008,-0.0045088231563568,0.244174376130104,-0.0008069517789408,-0.0041311644017696,0.0055858297273516,-0.0095961829647421,0.3851882219314575,0.9036946296691896,0.1869918406009674,0.0,-2.195075034785982,-0.6866494959943121,-0.0070234527000565,0.3825469798031803,1.810005555235622e-15,2.4896174863085083e-16,-1.9003144797791712e-22,3.889008108649151e-22,3.8537323473534645e-30,4.385678310165414e-31,0.9402108759701322,0.0597647436660166,2.438036385121745e-05,13.372600555419922,-1.064879780924451,-0.1383552846824856,-1.0865302769405984,-0.5289031668046045,0.0796387525788238,0.0362399746946305
erode_1px,1405.0,0.6467553843973627,0.0085365592582691,0.3445102802798597,0.0001977760645085,6.407828002938255e-13,0.9996290138597994,0.0002423011740945,0.0001286849661061,0.0082766219147812,0.1050597142011752,0.8866636638840435,7.4186364048264305e-06,2.436170832743305e-06,1.6169219083059064e-06,0.0023686003680927,0.997571999191156,4.792871160529623e-05,0.6465154471136512,0.0008968484759351,0.3436738090406851,0.5326747771893223,0.0026296300897991,clean_balanced_ED_EQ,-1.1989724657755138e-31,1.2313685589065016e-30,-4.893747564558894e-33,-1.8629698995320634e-32,1.40195509411004e-32,7.043773819351964e-34,-1.9117852879479557e-24,3.3732789466994285e-24,-3.550583702115955e-24,1.3350181513161094e-23,4.010910072168813e-23,1.3511765336120308e-24,-1.5715378128391822e-39,5.817019293836234e-39,4.742540955257844e-41,-3.452619352712807e-39,1.524128353588885e-39,-2.3644000581611887e-39,2.1263770170729723e-38,7.310211370215363e-38,-1.548440676745587e-36,-2.0840596877098874e-37,-1.0675281894190365e-38,1.8226285121371712e-39,2.846278844395266e-31,-3.2174341128609845e-30,1.3127450901907585e-30,-6.630186901394349e-30,-1.597372863800614e-30,9.847620570936649e-30,4.249584742827258e-31,-1.6984967371508385e-30,4.8921395986964e-30,9.143931071102033e-31,4.496869567105744e-30,6.1552471824974765e-31,-1.3898058859834255e-38,-2.8601797938721745e-39,-2.7461718824962377e-39,-7.446647050576151e-40,-7.653025616966678e-40,3.802655058184081e-39,-0.9543983936309814,-0.2407528012990951,0.1738930493593216,0.0283448789268732,-0.0004678221011999,0.001934710307978,0.0030580351594835,-0.0114088328555226,0.4297611713409424,0.883368194103241,0.1869918406009674,0.0,-2.128455098702802,-0.2574900589175997,0.0209631044869637,0.0412462970038285,1.7362385861157896e-15,1.771883056489181e-16,-5.533028203092715e-23,3.981150681222059e-22,4.437727702211763e-30,3.566061287232688e-31,0.9688421670602536,0.0311817378230244,2.3904883278191846e-05,10.972333908081056,-1.0279867097197075,-0.1000941392584867,-0.9634879884806752,-0.1296766809694949,-0.0371762780090768,-0.0098873177622515
dilate_1px,1330.0,0.4842243625347474,0.1325368086559814,0.3821974247877221,0.0010414040215491,1.873956501524927e-12,0.9961222042677168,0.0038588676897052,1.8928042577757227e-05,0.0007530518665279,0.3586139295291279,0.6406330186043442,9.768267510390956e-05,5.644663466889566e-05,7.140648192660583e-06,0.2137308830112042,0.7859708932500201,0.0001369537808102,0.4823466393682426,0.0475295457593716,0.3003960513582633,0.7892982145447011,0.0131118517017671,mixed_higher_order,-8.292949172422256e-31,1.4120674209211941e-30,1.9141519784466127e-32,-1.0011031384758123e-31,3.226295798769855e-33,-6.367674023681331e-33,-7.051438743170993e-24,3.849687957508864e-25,1.4078662658358181e-22,-6.267690890362342e-23,1.804189906481573e-22,9.937313321801812e-23,-1.6680511344901754e-38,2.894458509759872e-38,9.407971142475907e-39,-2.358802948430721e-38,7.272527572887494e-39,-5.3565411928559725e-39,5.0946637888938424e-37,-9.805029051180238e-37,-1.0293812261347303e-36,-1.852093063966299e-36,9.228855645166539e-41,-2.797038954238093e-38,9.597869012472014e-30,-7.120523366655671e-30,-3.9672643529462215e-31,3.286105363984977e-30,-9.201142577177393e-30,3.8344180026706946e-30,4.300565619389443e-30,-8.77822078607644e-31,2.0508131473580137e-29,1.5462215642052682e-29,2.185039534533443e-29,1.0770602783793772e-29,3.746053452455142e-38,1.33535877752084e-38,-1.1223965578042884e-38,-1.0157810913990171e-38,-1.3040620106959727e-38,4.8558112742945125e-39,-0.0180172305554151,-0.9483487606048584,-0.3063960671424866,-0.0593045391142368,0.022545063868165,-0.0216092653572559,0.0256202202290296,-0.0215224269777536,0.373252123594284,0.9086896181106568,0.1869918406009674,0.0,-1.7004939346115662,-1.6575244803881344,-0.5152438081287402,0.2930977706841841,1.804466758447268e-15,1.1107533100443464e-15,-3.4282604964780056e-22,2.083414365352373e-22,2.2496758346067496e-30,1.3470736606518193e-30,0.900665232591758,0.0985151888675319,0.0008195785407101,34.58910369873047,-1.2453159655470132,-0.7313632375393275,-0.7147881486315313,-1.2860679199063796,0.1843788023887415,0.4141568251514573
dilate_1px,1375.0,0.5355297438802773,0.0193246978336337,0.4447933571359718,0.000352201150117,1.1127109200156541e-12,0.9992188078136036,0.0007164548101029,6.4737376293442e-05,0.0021697400919353,0.7530340152640096,0.2447962446440552,1.0088638594276668e-05,8.942996578356332e-06,6.895243572078075e-07,0.1100592039426739,0.8898745430449708,4.653185282534738e-05,0.5351113922287752,0.0145521548034249,0.3958102854308115,0.830567045470045,0.0001605056541616,clean_balanced_ED_EQ,-2.7840017284433693e-31,1.3930080573431274e-30,-7.838678722285962e-33,-3.7221976817072116e-32,9.688318419117881e-33,6.0726623263713315e-33,-2.91483156760801e-24,2.3906204194514853e-24,4.684080102111736e-23,-5.232726444629181e-23,3.923283678024912e-23,8.009044985831694e-24,-2.3759500911359173e-39,9.57104758940437e-39,-1.860228206568428e-40,-9.28288722597184e-39,2.5619694713729194e-39,-2.8814495293477673e-40,1.0185635400938982e-37,-7.211703864498818e-37,-1.5949549731285983e-36,-1.3210301015250246e-36,-1.052042962935059e-38,-1.0658047568466023e-38,3.879991022773183e-30,-6.045964771515758e-30,2.5176160006390195e-30,-1.3010025859112681e-30,-6.397606616761496e-30,7.346968069065762e-30,2.0250444733409654e-30,-1.842983698956357e-30,1.2447173906883741e-29,3.2857836578643594e-30,9.541590360062208e-30,1.2102410964984584e-30,-1.2003234615969363e-41,-3.939979001720387e-39,-7.528294481587723e-39,-2.5245134752036527e-39,-6.591792741131341e-39,7.002184721646658e-39,-0.557469367980957,-0.7580291628837585,-0.2075227200984954,0.2666342854499817,0.0034793934319168,-0.010750425979495,0.0072496230714023,-0.0130337793380022,0.4080877304077148,0.8935874104499817,0.1869918406009674,0.0,-2.148336636503289,-1.0426647869583994,-0.2035601435035188,0.5449930992954964,1.924523614472702e-15,4.0668749612441563e-16,-2.8798335433348695e-22,3.527737394861885e-22,3.4592913077069885e-30,6.779734281876884e-31,0.885507985856734,0.1143819579730099,0.000110056170256,16.925140380859375,-1.1883016334326857,-0.237488490030592,-1.0362091252850962,-0.8582458245146704,0.1488950960048718,0.1332835881788315
round_s1,1300.0,0.4211643496445837,0.1890039566312416,0.3891784970304845,0.00065319669369,2.280292119311026e-12,0.999351299187992,0.0006160202157843,3.268059622375053e-05,0.0009975573620956,0.3907306069687201,0.6082718356691842,0.0001021428044741,1.4378887315342657e-05,4.148390218393549e-05,0.2628480810918476,0.7367252100443592,0.0002687032698197,0.4208911399889805,0.0738496306940146,0.2867176099695318,0.924053750890616,0.0166590355991621,mixed_higher_order,-9.732745100664197e-31,1.2852142562062436e-30,1.2211737149883655e-32,-3.811788685026949e-32,7.801891169590331e-33,-4.911595676246934e-33,-6.627447402453584e-24,-7.792037324264636e-24,1.9390072278101564e-22,-5.820864005560848e-23,2.0496378236266469e-22,1.476299376393145e-22,-2.1177816506650522e-38,2.850401777079032e-38,5.598838689938617e-39,-1.208983176500902e-38,1.557896639576518e-38,-1.6414175157451275e-38,7.16186550788459e-37,-1.05334708616742e-36,-7.516090330852504e-37,-1.9956487809692825e-36,2.5279582257098256e-38,-3.1930359825283387e-38,1.6901890862159796e-29,-8.523698908822369e-30,-5.568091637403514e-30,5.6989366427587086e-30,-1.1333797925053229e-29,2.8247632408409493e-30,5.5697351119127846e-30,4.5747057687159725e-31,1.1679077037850708e-29,9.459675512768053e-30,1.6749686536847838e-29,1.0692564729985172e-29,3.8672255976263733e-38,1.8951175450536361e-38,-6.093198649454794e-39,-5.5288188778385015e-39,-1.279743044505661e-38,1.7527050741538505e-39,0.20058573782444,-0.9103294014930724,-0.3056215941905975,-0.1932817995548248,0.0101063521578907,-0.0143106300383806,0.0104347644373774,-0.0011864363914355,0.3483501374721527,0.918523907661438,0.1869918406009674,0.0,-1.4361254822274223,-1.7925331759556138,-0.5955752214829908,0.1752578236832789,1.6514338668292105e-15,1.3142016053862378e-15,-3.3848679538456293e-22,1.4462455482104268e-22,1.6888597022357236e-30,1.311780003213529e-30,0.8692411899273453,0.1308727048149282,0.0001138947422736,40.510162353515625,-1.1595993034788512,-0.8781480897186902,-0.5462729150446605,-1.450446746908325,0.1751859051654944,0.5835675528613027
round_s1,1345.0,0.4974625781979775,0.0347575902206455,0.4674476946442552,0.0003321369371217,1.3175294120455238e-12,0.9996861441440305,0.0001960849335668,0.0001177709224026,0.0010855486348828,0.85255143106791,0.1463630202972072,8.826687978234896e-06,1.2475130398484152e-06,4.085476111443018e-06,0.1388892252541619,0.861065459277288,3.115579142058069e-05,0.4973064466546844,0.0296326332830833,0.402503063876965,0.9396640373182458,0.0001965804955033,clean_balanced_ED_EQ,-3.3255906556965373e-31,1.3865338010954512e-30,-6.600444521528209e-33,-1.8847121377154856e-32,1.1849560730773869e-32,9.954887752730263e-33,-3.529359488577225e-24,1.1861681406540132e-24,7.593526866066378e-23,-7.156561378722083e-23,4.188798439843451e-23,1.0704027078551341e-23,-2.5718747535799865e-39,9.281051726762155e-39,-6.312408942896128e-40,-3.565197249837168e-39,3.2031155388937517e-39,-5.715853858139866e-39,1.547525722955714e-37,-8.401121382663163e-37,-1.4944755438641854e-36,-1.513492638337169e-36,-5.418873171734726e-39,-1.159013404378337e-38,7.99814037732119e-30,-9.440060135946839e-30,4.070857460570201e-31,1.5054643648793372e-30,-8.405227054142866e-30,7.934595957220431e-30,2.493807985864916e-30,-1.7561473962984583e-30,1.0135114228694018e-29,3.0424321349759016e-30,8.238581460599589e-30,1.3446341889175516e-30,5.43735949865943e-40,-4.2454537483616754e-39,-6.112166305300443e-39,-2.244674459628304e-39,-6.261546229182851e-39,5.3643494839678584e-39,-0.4434291422367096,-0.8104376792907715,-0.2974044978618622,0.2405788153409958,0.0025327035691589,-0.0090207112953066,0.0072953812777996,-0.0094995154067873,0.3851882219314575,0.9036946296691896,0.1869918406009674,0.0,-2.0865448599474083,-1.1927746136681667,-0.3053376075961072,0.5870887468012908,1.956410129815121e-15,4.948095549813942e-16,-3.162107049576368e-22,3.1646396813485647e-22,3.284607843651538e-30,7.750168267557957e-31,0.8535264240186379,0.1464710651202956,2.510861066506997e-06,18.30446434020996,-1.2091604702058518,-0.2900162086043071,-1.0147256198417511,-1.0276379308232957,0.208179124101154,0.2208901297928306
round_s1,1405.0,0.3251358676478275,0.0330941030308887,0.6416342342774449,0.0001357950438388,1.2288921631762226e-12,0.999510445304519,0.0001960995103118,0.000293455185169,0.0009478224141344,0.0641499194498181,0.9349022581360474,1.9694334121832245e-06,5.062176435012178e-07,6.873876857025366e-07,0.5618006233136859,0.4381869512816874,9.262365885197112e-06,0.3249766958571512,0.0021229840436954,0.2811557489559936,0.5067308604784289,0.0115236355536443,EQ_dominated_with_ED,-9.367630267348755e-32,1.2110998126282832e-30,-3.599416295220464e-33,1.662943793014273e-32,1.9053527792210556e-32,8.377317022809676e-33,-2.913092318268413e-24,2.077042503161264e-24,9.192872302113499e-24,-2.7961169693073103e-23,-1.1228271625269198e-22,4.2800819188969564e-24,-2.635000252110599e-40,5.861546332138013e-39,-1.2030225279912296e-39,-2.7206243579002952e-39,1.4665145948318912e-39,-3.140920539663563e-39,-2.1282118777290702e-38,-2.21582783409799e-36,-1.808252014308911e-36,-7.484258199477279e-37,-8.076669727676057e-39,-3.96533995967825e-39,4.584305311115076e-31,-6.458251956337291e-30,3.2322742058017755e-30,-3.4225900301272764e-30,-3.690704736913283e-30,9.8808410998272e-30,1.1165358981122586e-30,-2.0081137199894637e-30,7.859796438808804e-30,6.447969401125485e-31,-3.3148137166076864e-30,3.554817363993481e-31,-2.903056060947955e-38,-2.8046285641062915e-39,-5.5764901931256807e-39,-5.638764341919917e-40,-2.2760905949368975e-39,5.503498681084753e-39,-0.8321182131767273,-0.4840055406093597,0.0295620411634445,0.2691617310047149,-0.0020741180051118,-0.0002136599941877,0.0049796877428889,-0.0076901726424694,0.4297611713409424,0.883368194103241,0.1869918406009674,0.0,-2.225486512323747,-0.5637714375915468,0.0473811655068274,0.3903893146544622,1.7876971926578727e-15,1.4167202173185303e-16,-1.7667257498268136e-22,4.208522189972564e-22,3.899030353608641e-30,2.454777044873698e-31,0.9266864316570802,0.0734058877604914,9.231941757148476e-05,19.576007843017575,-1.011065698016118,-0.0782040384801947,-1.1251506900440815,-0.4656938419520187,0.0778635269448501,0.0255994104700672
h-10nm,1330.0,0.5021003121939093,0.0347724322853674,0.4627595779163196,0.0003676776044037,1.324375365168845e-12,0.99961199020485,0.000255870926515,0.0001321388686347,0.0010504772960175,0.7796249883147359,0.2193245343892466,1.4094650126031884e-05,1.6636480235371928e-06,6.984472163258166e-06,0.1453106853611467,0.854639100451301,2.747141723954146e-05,0.5019054923546302,0.0271094571141545,0.3954924293956271,0.9216476601942514,0.0002973099073245,clean_balanced_ED_EQ,-3.429259873131369e-31,1.3617838930229193e-30,-7.432752973218277e-33,-2.1202387327093387e-32,1.344850242180141e-32,8.93442015425685e-33,-3.302580381780682e-24,1.411409861806775e-24,6.427603344361089e-23,-7.376877771410383e-23,5.027943702867154e-23,1.2850202123069393e-23,-3.0628591052065505e-39,1.1331954864529095e-38,-6.950684790901017e-40,-3.972567673593242e-39,3.757919222890721e-39,-7.359397007355727e-39,1.5814181896835216e-37,-8.278258312874432e-37,-1.5866270707203038e-36,-1.288503889245581e-36,-5.4879247705562237e-39,-1.0206265182655167e-38,6.205252195512051e-30,-9.549089292995296e-30,1.0013632894477005e-30,1.1637879868312014e-30,-7.206613349120555e-30,8.385298992338296e-30,2.2400564028282447e-30,-1.8910058141186287e-30,1.0830390618492469e-29,3.42923400012866e-30,9.072553666368132e-30,1.3964611473545154e-30,2.8828456698601417e-39,-4.2391152302087674e-39,-6.504136605492369e-39,-2.548029864020293e-39,-5.5633165374966104e-39,5.814749211195444e-39,-0.5465343594551086,-0.7926214933395386,-0.1671648621559143,0.211499884724617,0.0031612694729119,-0.0098339933902025,0.0078948251903057,-0.0113983573392033,0.4157479405403137,0.8900492191314697,0.1869918406009674,0.0,-2.158156265350326,-1.095900268429224,-0.1983117830499031,0.4656733228879515,1.930308271672668e-15,5.156578936884664e-16,-2.7386883452703453e-22,3.4373422684323057e-22,3.4313751620661095e-30,8.631367115739103e-31,0.9270553388194848,0.0728685431929497,7.611798756534949e-05,20.038272857666016,-1.200970434187824,-0.3024297570178522,-1.1017319897190343,-0.8947193577220249,0.217008131487822,0.1890830016339007
h-10nm,1375.0,0.5105191809909869,0.0061462040082646,0.483133342083091,0.0002012729176572,9.38982344816285e-13,0.9997057713178524,5.6625602927272616e-05,0.0002376030792204,0.0057225590767886,0.9480740123714696,0.0462034285517416,3.0035353798709e-06,4.41444482127429e-07,1.6714033198067462e-06,0.1917183323460256,0.8082637634950081,1.2787775784620192e-05,0.5103689716051529,0.0058270562949691,0.3904991733420003,0.9463568854460348,0.0027388042396495,clean_balanced_ED_EQ,-1.5595574372460303e-31,1.264851062025072e-30,-6.765313462934631e-33,-6.799060975423312e-33,1.8568332140618158e-32,6.421721658579824e-33,-2.2948344518783554e-24,2.18939651888813e-24,1.416158038260846e-23,-3.828935698328042e-23,-8.695487939721348e-24,2.3684983844358243e-24,-1.122061539994442e-39,5.0278556813355664e-39,-8.982569668900404e-40,-1.7588655361448177e-39,2.0203136321551415e-39,-3.2689999641129163e-39,4.763676118700476e-38,-9.190833071851313e-37,-1.7664579294148003e-36,-6.711309696098424e-37,-7.018309854211449e-39,-2.6903231887184485e-39,1.4752077836156105e-30,-6.917876750263668e-30,2.207945794735349e-30,-2.671020709731692e-30,-3.6831545949777256e-30,9.588898476622125e-30,1.0788252110437348e-30,-2.0214448012894216e-30,7.985948083381163e-30,1.370570050491454e-30,3.2652189249996254e-30,2.65159846202611e-31,-1.3994134862726835e-38,-4.1539919291890864e-39,-5.088681030743967e-39,-1.1442410390322653e-39,-2.4827154227052327e-39,5.785960736045905e-39,-0.8451980352401733,-0.4945387840270996,0.0656836405396461,0.1910874247550964,-0.0002210705424658,-0.0032368465326726,0.0049270424060523,-0.0105133214965462,0.4484808146953583,0.8740130662918091,0.1869918406009674,0.0,-2.2447602845400265,-0.5772736731284144,0.0243571264209084,0.2859623927159656,1.8231683324640152e-15,2.385633588776037e-16,-1.5625228538115232e-22,4.1073917066758814e-22,3.882383719559055e-30,4.473849952315958e-31,0.9589388537285124,0.0409635502098368,9.759606165082868e-05,15.576129913330078,-1.078977666446644,-0.1330376116880609,-1.1476310345622835,-0.4360198542827966,0.1089508030721135,0.0402961991795583
h-5nm,1300.0,0.4486016404749469,0.1438038594624358,0.4069456606174002,0.000648839445217,2.0763231450869094e-12,0.9993324382193908,0.0006458232865737,2.1738494035595203e-05,0.0007031221543753,0.4319811750794773,0.5673157027661473,8.805897092129718e-05,1.0337038673964036e-05,3.975854128396574e-05,0.2428454035411304,0.7568755047436778,0.0001409371643124,0.4483021711650472,0.062120560191547,0.3080072022830442,0.907142604709505,0.0115282462473005,mixed_higher_order,-8.49075335153774e-31,1.341549292610402e-30,6.141803503545439e-33,-3.989087322828856e-32,7.249621881214204e-33,1.508458925758697e-33,-6.1269221593166496e-24,-3.6820119570398274e-24,1.6223782572081785e-22,-7.121283053986381e-23,1.7418443383484898e-22,1.0434087765178244e-22,-1.675716540224778e-38,2.746375497584928e-38,3.358933090640236e-39,-1.0498614927399215e-38,1.339823545463159e-38,-1.6965143156923158e-38,5.83890255070139e-37,-1.0422550952060188e-36,-9.77577103549388e-37,-1.8688408273868173e-36,1.194379115132526e-38,-2.6184839119227077e-38,1.3993380280385173e-29,-9.470796421932593e-30,-3.392971320228665e-30,5.1712146383669254e-30,-1.0600408635230745e-29,4.299580808788378e-30,4.5558023189074264e-30,-4.5632330461815405e-31,1.3041326999537626e-29,9.315743797382152e-30,1.6310462288044836e-29,8.427045191656453e-30,3.326546624450389e-38,1.1756094533002136e-38,-7.063975529143298e-39,-5.818881746036531e-39,-1.0842660248868863e-38,3.388736942436937e-39,0.0355344787240028,-0.9494853019714355,-0.2978028357028961,-0.0923172459006309,0.0109401186928153,-0.0142095712944865,0.0130075085908174,-0.0070035094395279,0.3704434037208557,0.9098381996154784,0.1869918406009674,0.0,-1.6429590322614576,-1.7029560436536155,-0.523820198212114,0.2608028843356696,1.7658737167121569e-15,1.1748894600901616e-15,-3.374088442625166e-22,1.9232097902905155e-22,2.21353815163696e-30,1.4355699792114158e-30,0.9031066359513608,0.0974272472675734,0.0005338832189341,36.03392791748047,-1.2104282362114762,-0.7660879596463079,-0.7105075518381496,-1.3582821408364814,0.2143235809255258,0.4882742548843441
h-5nm,1345.0,0.5037775274821829,0.0266221557338446,0.4692819241406341,0.0003183926433383,1.237042038051067e-12,0.9996589725175056,0.0001937356757868,0.0001472918067076,0.0012687232090279,0.8633797792011502,0.1353514975898217,9.043148434923573e-06,1.1112085072007209e-06,4.513434694948638e-06,0.1366258956427661,0.8633355048007817,2.393176481513527e-05,0.5036057255002484,0.0229850309393454,0.4051477468718364,0.931526117264592,0.0002716836149449,clean_balanced_ED_EQ,-2.887395432928753e-31,1.360029672061194e-30,-7.649917669637262e-33,-1.7779412398975318e-32,1.3861448526731908e-32,9.627044438947308e-33,-3.0532665982094752e-24,1.5263234963374718e-24,5.763689554349662e-23,-6.787759409287246e-23,3.428216214923201e-23,8.235115597502272e-24,-2.3571208626934717e-39,9.166023173083788e-39,-7.315043061883787e-40,-3.2359502966566406e-39,3.08862919581036e-39,-5.930071488005922e-39,1.2419768420862925e-37,-8.131492913116434e-37,-1.6072310320058693e-36,-1.3009454589968272e-36,-6.171212683430357e-39,-8.968706090369402e-39,6.013052425855232e-30,-9.145234846023187e-30,1.2087920655688889e-30,5.831058150800138e-31,-7.221845422188778e-30,8.562130892472488e-30,2.083738580621079e-30,-1.8568782844636045e-30,1.0184828230592646e-29,2.7777161509651303e-30,7.631595575155015e-30,9.917585965147866e-31,-1.7591413565337352e-39,-4.5802785479003377e-39,-6.196065642157981e-39,-2.108609727174009e-39,-5.3777742256542464e-39,5.8097519562958536e-39,-0.5615493059158325,-0.7648189663887024,-0.1895473301410675,0.2518734931945801,0.0021118209697306,-0.008776874281466,0.0071080303750932,-0.010606175288558,0.4061893224716186,0.894451916217804,0.1869918406009674,0.0,-2.164960301083663,-1.0541085427123988,-0.1936443639135458,0.5225902244339592,1.9318818859969346e-15,4.347428276961801e-16,-2.7979805741206407e-22,3.4984022947262194e-22,3.4946819827573256e-30,7.300169508763314e-31,0.9003671676323973,0.0995314619877118,0.0001013703798907,18.10099029541016,-1.186046900886345,-0.2518023301409593,-1.091284840275222,-0.8833217061870067,0.1974509451754484,0.1676615038310117
h-5nm,1405.0,0.0871459227959265,0.1004076585205457,0.8123059270467803,0.0001404916367474,3.378916433522716e-12,0.9955539077551612,0.0040027780098236,0.0004433142350152,0.0001539437527853,0.0043203757399555,0.9955256805072592,3.8711372002558255e-06,1.0870587971413472e-06,9.044336313283032e-07,0.88456074803185,0.1154302848005151,3.1045380061560663e-06,0.0867584639844142,0.0004337988119779,0.0937647045041563,0.107282145672326,0.0588368915080844,EQ_dominated,-3.716874031342136e-32,1.0400631445476965e-30,3.5349029866367357e-33,6.589633328354132e-32,2.028300909961773e-32,8.420407210937779e-33,-3.5098471009305645e-24,2.2414929730288192e-24,1.4173182929086327e-24,-2.2016474266214362e-23,-3.3370557777669244e-22,2.822414848191299e-23,4.761738782867033e-40,1.534044572549909e-38,-1.5018534949549725e-39,-7.993197779704294e-39,1.0256882351416492e-39,-7.34725278573011e-39,-3.840706052379345e-37,-5.1734847159979975e-36,-1.805661183213897e-36,-5.015118344191655e-37,-7.48597158486228e-39,-6.197961182431605e-39,-3.1390668958478223e-30,-5.506054405145864e-30,4.536713277132529e-30,-4.2110389590770194e-30,-1.3976534743836473e-30,9.717093364222885e-30,8.551370260674032e-31,-1.9829465183091418e-30,1.0990290437948965e-29,-2.675673190411636e-31,-1.605118638673945e-29,1.5293670018953071e-30,-5.65644090904092e-38,1.1028199273954856e-39,-8.85234582124061e-39,2.2529158703080093e-40,-1.062253857322968e-39,5.5603048389110176e-39,-0.9049974083900452,-0.3343222737312317,0.107644684612751,0.2397960275411605,-0.0020004361867904,0.0028095829766243,0.0037839866708964,-0.0064334892667829,0.4494042992591858,0.8735386729240417,0.1869918406009674,0.0,-2.1876355039122,-0.3618717395583322,0.117608957458386,0.3064293181024114,1.6998003941612684e-15,4.49563317585741e-17,-1.2360863628800833e-22,4.263821400939298e-22,3.7900630818829424e-30,4.3071230775915966e-32,0.9308035874069588,0.069145221289171,5.119130387021276e-05,54.94432830810547,-0.8682786986325042,-0.0310296789558693,-1.1235385942901293,-0.3120562742896519,0.0613093213222287,0.0039468091750346
h+5nm,1330.0,0.4814944776845049,0.0699803578400814,0.44806043266694,0.0004647318084736,1.6210766199753942e-12,0.9996121536363156,0.000347798963169,4.0047400515322565e-05,0.0005638702365654,0.7573590516689038,0.2420770780945308,2.40753275618126e-05,3.016234247649773e-06,1.1009000382409356e-05,0.1640307103878396,0.8358852089921477,4.598005782076528e-05,0.4813077318022008,0.0530002574492146,0.3745270884009172,0.930561934628309,0.0015265147607356,clean_balanced_ED_EQ,-5.309503630059697e-31,1.4257924625156181e-30,-4.861230839482898e-33,-2.796002883953397e-32,7.185718761429083e-33,6.411149152853955e-33,-4.123547293496693e-24,-2.2956901667895366e-25,1.3123605984657208e-22,-7.54070740802646e-23,8.038674023745644e-23,2.933411014869635e-23,-6.016516482909734e-39,1.5580412152703982e-38,1.8434113330684987e-40,-5.908763194138365e-39,5.83218208259313e-39,-9.671656843464179e-39,2.9615499741891197e-37,-9.287408075286403e-37,-1.1584367263561793e-36,-1.8709617244078364e-36,8.041107634689775e-40,-1.6301115136652922e-38,1.2706488986961568e-29,-9.325216323923933e-30,-2.466382027244305e-30,3.5031771091062984e-30,-1.0240104467904868e-29,5.8220385028712356e-30,3.4749808279454635e-30,-1.2077624240875912e-30,1.2371632117636443e-29,5.575949602390985e-30,1.1338055389471317e-29,3.3234512242930926e-30,1.2545256840059454e-38,-1.0027730269169064e-39,-7.239163682642363e-39,-3.827971024192128e-39,-9.425102652509855e-39,4.646415177256321e-39,-0.1692032665014267,-0.8719715476036072,-0.4503504335880279,0.0879399552941322,0.0072014117613434,-0.0123070245608687,0.009450557641685,-0.0103368321433663,0.3516857326030731,0.9172518849372864,0.1869918406009674,0.0,-1.8552579187470464,-1.4868590778822066,-0.556858668932487,0.5465567006365352,1.966554869817304e-15,7.660484771235981e-16,-3.5784902448692314e-22,2.2851740140808707e-22,2.643655073814478e-30,9.78833721323823e-31,0.7891674484098807,0.2107451119085577,8.743968156155191e-05,21.907018661499023,-1.2574202129590686,-0.4682502791070465,-0.804402510863869,-1.2991700578915524,0.2218275638311596,0.3860615969740223
h+5nm,1375.0,0.5032360776452598,0.0152777160400212,0.4812412317662006,0.0002449745485183,1.1051957746717765e-12,0.9997210961605252,0.000100835088942,0.0001780687505326,0.0022219569369315,0.9793086488183466,0.0184693942447219,3.847215203378168e-06,5.655536991493756e-07,1.918287654914384e-06,0.1448041881779432,0.8551669801567914,2.250060870792497e-05,0.5030957231710423,0.0149615994521836,0.4115416108964363,0.95629318553237,0.0011358492120601,clean_balanced_ED_EQ,-2.1666239231769264e-31,1.3555391010373923e-30,-7.181990946789429e-33,-1.1768116566860776e-32,1.4753150835757406e-32,1.0862598451008144e-32,-2.939939217321509e-24,1.6687148031157093e-24,4.498609808503277e-23,-5.489061447036248e-23,9.09097553693483e-24,3.5135420715328824e-24,-1.522204970537317e-39,6.126686541992428e-39,-7.606533309480398e-40,-2.29782311081288e-39,2.282852376166448e-39,-3.828860607093499e-39,8.811174181699292e-38,-8.615401188129412e-37,-1.634746478111238e-36,-1.3255005605354348e-36,-7.436457828564544e-39,-7.825680268626813e-39,5.4775398746832996e-30,-8.311238556212521e-30,1.8109079045503853e-30,-5.0049506547759805e-31,-7.288447779233683e-30,8.81173448582287e-30,1.850238957531552e-30,-1.7528148012852012e-30,9.098801418871477e-30,1.9267073862591294e-30,5.1889443416299744e-30,5.974438978797048e-31,-9.08163110549694e-39,-4.4785955070833955e-39,-5.668895052405086e-39,-1.5103781815648448e-39,-5.06042481456e-39,5.66783304972812e-39,-0.5749829411506653,-0.7249603271484375,-0.2196438014507293,0.3087152242660522,0.0004545190313365,-0.0067366631701588,0.0062207314185798,-0.0089630093425512,0.3875662982463836,0.9026772975921632,0.1869918406009674,0.0,-2.164351924324983,-0.9994102280574972,-0.1828927254586755,0.6026024819165996,1.9218619067924258e-15,3.2425161748462993e-16,-2.9095169446396865e-22,3.5987607698682722e-22,3.5619773398519575e-30,5.388359945421074e-31,0.8562184477716571,0.1436675222452231,0.0001140299831197,15.563578605651855,-1.1563388448856875,-0.1848232487510512,-1.062060839763881,-0.8611501889004016,0.1561890039124758,0.1280061066469567
h+10nm,1300.0,0.3555766806289379,0.2984379206819083,0.3452003492264793,0.0007850494626745,2.800677122892496e-12,0.997789227654145,0.0008878432455426,0.0013229291003123,0.0047705299295836,0.3254178262517879,0.6698116438186283,0.0001815775378977,4.010033628469349e-05,5.389338692880511e-05,0.3081682564690716,0.6896010823341422,0.0019550899356749,0.3547905815365725,0.0971170194194101,0.2380505344487039,0.9708183017398524,0.0341082006740949,mixed_higher_order,-1.2378191402354302e-30,1.076402505064734e-30,2.6907560794024406e-32,-4.0869540731960717e-32,3.649142547924068e-32,-4.728690985283531e-32,8.008872183198304e-25,-3.114190889230137e-23,2.5676693550368182e-22,-1.6427894657834738e-23,2.48344565393892e-22,2.730997926750843e-22,-3.7611386585882255e-38,3.2053830911634314e-38,1.4622957320548316e-38,-1.8041196275132503e-38,2.2988406951523037e-38,-1.4012625293868603e-38,1.036760850210084e-36,-9.987133145316636e-37,-2.9573160565050262e-37,-2.1330304235376263e-36,1.1107837972749576e-37,-2.8438485988824957e-38,2.2185743940603568e-29,-5.296580420580599e-30,-1.038191295575092e-29,5.398342620592449e-30,-1.1803830335001124e-29,-1.0176155016032338e-31,9.462531610224848e-30,6.504743437084719e-30,1.1236008267419856e-29,1.3012753027939144e-29,1.6596320277007386e-29,1.6532624429834385e-29,4.787736270935735e-38,4.0563351433115645e-38,-5.68107333974596e-39,-6.605208868254228e-39,-2.403360108245238e-38,-8.060158210859277e-39,0.5053263902664185,-0.7520264387130737,-0.185971975326538,-0.3795711994171142,0.0220866985619068,-0.0272448230534791,0.0001117715801228,0.0154000241309404,0.3035663366317749,0.934281289577484,0.1869918406009674,0.0,-0.9876432546367536,-1.872216398544708,-0.6110659709325484,-0.0767259322483234,1.291254941203855e-15,1.5739044177466729e-15,-3.0954203612580397e-22,6.498044082405526e-23,5.9627006184588965e-31,7.073109192439341e-31,0.8221286278597371,0.1788970442699209,0.0010256721296579,53.86600112915039,-0.9711965060366192,-1.11683651649399,-0.2149390962298538,-1.5502963589484726,0.0494417253666601,0.7727709833078048
h+10nm,1345.0,0.48873746230883,0.0537966774556183,0.4570692374153398,0.0003966228202117,1.4757256352685897e-12,0.9996825250167632,0.0002605669744032,5.6908008833574895e-05,0.0005874553974903,0.8459285698753466,0.153483974727163,1.4523020352181528e-05,1.8659743483955529e-06,6.675425807321744e-06,0.1462048451608289,0.853738790440153,3.329997851018408e-05,0.4885823003911763,0.0455081464240765,0.3902177378983754,0.9352040157840832,0.0004115234055268,clean_balanced_ED_EQ,-4.441336914884214e-31,1.428278765571841e-30,-6.302910379260271e-33,-2.3311113188552358e-32,7.722676991125721e-33,8.229050983306679e-33,-3.58853801760921e-24,3.584007788794817e-25,1.1623313001210918e-22,-7.223863915102501e-23,5.556338628652582e-23,1.7629277088818566e-23,-4.2423763683805694e-39,1.2212356883090988e-38,-1.5695750017353815e-40,-4.63142410240023e-39,4.3993379072981356e-39,-7.580932198481987e-39,2.309239435061916e-37,-8.876821474877761e-37,-1.2134808640323806e-36,-1.8547579412141118e-36,-1.3882635565521594e-39,-1.377281907031177e-38,1.1897241601765455e-29,-9.069120635372729e-30,-1.7894680264334352e-30,2.8252089760845543e-30,-1.0107772830720292e-29,6.2439107285235165e-30,3.0716447422175254e-30,-1.2902196393444591e-30,1.1614843881551804e-29,4.4586058262511726e-30,9.456244271815433e-30,2.325085856370245e-30,5.8246529108942346e-39,-2.8766324114401e-39,-6.926596042083214e-39,-3.134779183407337e-39,-8.791290330902174e-39,4.858119197615792e-39,-0.2201709151268005,-0.8397396206855774,-0.4734757840633392,0.1473856717348098,0.0056385961361229,-0.0111056342720985,0.008103690110147,-0.0099841766059398,0.3425671458244324,0.9206963181495668,0.1869918406009674,0.0,-1.8982199260132304,-1.4157007196288576,-0.5379194107059732,0.6238986568238272,1.985765527947108e-15,6.4484429071914755e-16,-3.6318642313134364e-22,2.422416526335159e-22,2.693425682911381e-30,8.212642042532667e-31,0.753792991295902,0.2460672079030148,0.0001398008010831,18.777700424194336,-1.2455651801632424,-0.3873175704841186,-0.8239346083493109,-1.2593517567296757,0.2101369055456224,0.3381136542669778
h+10nm,1405.0,0.4550706308732374,0.0106674476510284,0.5340877185066557,0.0001742029690785,1.0344009311336705e-12,0.9997417504385032,2.0209399370340515e-05,0.0002380401621262,0.0030147478902413,0.5371805430489776,0.4598047090607811,2.258383588737449e-06,5.187225622264398e-07,8.76629774782228e-07,0.2893985389927426,0.7105813061906552,1.650108067644406e-05,0.4549531090823644,0.0057303453221259,0.3795127486368463,0.8520522286968979,0.0043358126980831,mixed_higher_order,-1.4031968848399583e-31,1.3111337120007173e-30,-5.9117394604218724e-33,4.4691568610052285e-34,1.7014636974817185e-32,1.1158138218307424e-32,-2.831458827006972e-24,1.740511433595496e-24,2.3735655665873202e-23,-3.748249942692031e-23,-4.103041804225263e-23,1.1427800246058344e-24,-9.6913283297016e-40,5.169249241422813e-39,-7.7832551968082e-40,-2.3973836662563336e-39,1.7474509740882624e-39,-2.7718676053902184e-39,5.184666332272267e-38,-1.3302509864974236e-36,-1.731614207302841e-36,-1.1632114448216953e-36,-8.195538357316383e-39,-5.821046127955127e-39,3.3121478197025485e-30,-7.238920199067353e-30,2.9241969795817205e-30,-2.18909945929534e-30,-6.236344799284269e-30,9.428017663428617e-30,1.4954884772483005e-30,-1.753174555316184e-30,8.293218476328797e-30,1.1526713581785806e-30,1.3243420853000832e-30,3.210941710736476e-31,-1.90462065843581e-38,-3.7823834588296194e-39,-5.4700415040179334e-39,-9.508593541381358e-40,-3.970051041530517e-39,5.6228644854163264e-39,-0.6687837839126587,-0.644496738910675,-0.1467923820018768,0.3403209745883941,-0.0013139026705175,-0.0038542109541594,0.0056749060750007,-0.0075744739733636,0.3898403346538543,0.90169757604599,0.1869918406009674,0.0,-2.1978028406555445,-0.8415715028203825,-0.0856659528494588,0.5846721138542853,1.870929912955676e-15,2.0982165126669942e-16,-2.646682935816425e-22,3.919575931101922e-22,3.7503269651205e-30,3.5357082974636275e-31,0.8626643773733355,0.1374559463735125,0.0001203237468481,15.06028938293457,-1.0945772659642397,-0.117143461094746,-1.0774642609656102,-0.7237863690745031,0.1043775935028695,0.066096729313554
n-0.014,1330.0,0.4977611149261858,0.0332556648394562,0.4686269491369686,0.0003562710973894,1.337463404852001e-12,0.9996730309500912,0.0002198256972314,0.0001071433526771,0.0010854909312928,0.8624215273515471,0.1364929817171599,1.0513856640244325e-05,1.5178169623647252e-06,4.740583953491873e-06,0.1408491503282572,0.859105385466803,2.8691947383596056e-05,0.4975983624473569,0.0286804012639349,0.4025999357784474,0.9414695826660996,0.000217980124969,clean_balanced_ED_EQ,-3.267791000505204e-31,1.3666261976288013e-30,-7.288887463957561e-33,-1.95204844555026e-32,1.1429241117094221e-32,8.99950108570851e-33,-3.347955884050052e-24,1.2902772673413042e-24,7.228691513548244e-23,-7.072965518495081e-23,3.8948539227117364e-23,1.0088633771125791e-23,-2.808407104393308e-39,9.860626833723821e-39,-5.581513494733089e-40,-3.855363561589048e-39,3.3665643143627155e-39,-6.005273722418176e-39,1.4952543053596958e-37,-8.25686130853489e-37,-1.4851529593356886e-36,-1.4453555925901996e-36,-5.1910200406970735e-39,-1.079289130341517e-38,7.537933268735246e-30,-9.326210201096992e-30,5.351320190270641e-31,1.3919370839618068e-30,-8.073064931789108e-30,7.934273829081585e-30,2.321226123729353e-30,-1.667037444229794e-30,1.0607181183465012e-29,3.2083729202984414e-30,8.464769297184894e-30,1.368759846927614e-30,5.224098680235783e-40,-4.360943991781527e-39,-6.437228362309672e-39,-2.390723526675568e-39,-6.30218534049829e-39,5.609881314824847e-39,-0.4632361829280853,-0.8076077103614807,-0.2747299075126648,0.2394060790538787,0.0031209208536893,-0.0097088832408189,0.0074576549232006,-0.0104649560526013,0.373252123594284,0.9086896181106568,0.1869918406009674,0.0,-2.1022615703553704,-1.175755781649943,-0.2808690249148131,0.5724747533815455,1.9508522732374616e-15,4.932133266809197e-16,-3.0736584058189773e-22,3.2024399715898816e-22,3.345363320674644e-30,7.881948468666433e-31,0.8669219775698548,0.1329569246920058,0.0001210977381393,18.068153381347656,-1.205240909624339,-0.2881896604019936,-1.031269764093457,-1.0036350206435167,0.2080678410038175,0.212648885757133
n-0.014,1375.0,0.4782782744603369,0.0077758739445735,0.5137548043162165,0.0001910472788729,9.980663595572362e-13,0.9997467613975992,2.9334597162270764e-05,0.0002239040052383,0.0044218587682158,0.7019835045851043,0.2935946366466799,2.632435993800169e-06,5.4584012087567e-07,1.1479280284929985e-06,0.2478589436193866,0.7521223078649736,1.4422311496512209e-05,0.478157155938554,0.0054585352428237,0.3864064490990306,0.9309465730386752,0.0038131180196086,mixed_higher_order,-1.407893080648313e-31,1.2639572121580472e-30,-6.1295032810369986e-33,-3.144401819125332e-33,1.7201096696140214e-32,8.146070316976029e-33,-2.550954482456081e-24,1.9863846564996248e-24,1.7417921412900774e-23,-3.682494030091797e-23,-2.627033926123473e-23,1.978624518891699e-24,-1.019207360405014e-39,5.0250549635249626e-39,-8.23739593810583e-40,-2.1846559495098137e-39,1.842939820356224e-39,-2.8403965832060583e-39,4.155649869051889e-38,-1.111732138733352e-36,-1.732847358163189e-36,-8.67719688429354e-37,-7.489758087636524e-39,-3.9900940746161473e-39,2.1753395244831008e-30,-7.063624429883393e-30,2.5621621456022266e-30,-2.4699520647111507e-30,-4.737501060109268e-30,9.533576901245249e-30,1.2515952367431166e-30,-1.8700198711600278e-30,8.040553140213665e-30,1.1974000838224954e-30,2.3104561346898662e-30,3.0124399661988787e-31,-1.6730350324424187e-38,-3.940336668017044e-39,-5.2337968962619406e-39,-1.0055689543346484e-39,-3.099593133513973e-39,5.72144421810715e-39,-0.7754136323928833,-0.569405198097229,-0.020311415195465,0.2719984650611877,-0.0009011739166453,-0.0033989860676229,0.0053622047416865,-0.0091115050017833,0.4080877304077148,0.8935874104499817,0.1869918406009674,0.0,-2.2321486495900285,-0.6922847803733312,-0.0052171526321056,0.4278342633120633,1.8368165647708465e-15,2.1642892404720847e-16,-2.0323162726906668e-22,4.040585781758456e-22,3.8809027292259376e-30,3.9208848296829e-31,0.9255009461415862,0.074507491345974,8.437487560186696e-06,15.076942443847656,-1.0782151703135956,-0.120099926099772,-1.125794944375582,-0.5637394625481639,0.104783865151342,0.0495619847210063
n+0.014,1300.0,0.2751210533536594,0.4514996615621539,0.2727293885018628,0.0006498965823237,3.24918908213778e-12,0.9984187779354694,0.0012504790113553,0.0003307430531752,0.0031270414640296,0.1393832596892676,0.8574896988467028,0.0003897896469133,5.0100018862928165e-05,0.0001620796017705,0.3759019648865682,0.620779399153735,0.00271666669215,0.2746860258736797,0.0629314945771341,0.1693047859257519,0.9913068635691712,0.0637858611603782,MD_contaminated,-1.3612726207110932e-30,7.509106744215469e-31,4.3905021511208226e-32,-3.3158043323888505e-32,2.5156210088934884e-32,-1.2954300496249043e-32,-4.591930864484305e-25,-3.341096167337699e-23,2.224060692585337e-22,-1.7378838992047445e-23,2.8290045908039553e-22,4.75533516289677e-22,-6.029220316647782e-38,3.420381180092779e-38,2.0143703104305207e-38,-1.4554337823562719e-38,4.014848615725747e-38,-1.964946605530442e-38,1.2894455409035884e-36,-8.088613593546994e-37,-3.932456898326647e-37,-1.9161477123713973e-36,1.2480504610925575e-37,-3.417998302471643e-38,1.89590777490239e-29,-7.025242016839183e-30,-8.00848427182586e-30,8.004208898636265e-30,-1.0950588278385837e-29,-9.789714307577642e-31,6.1928822891605696e-30,5.833007511088995e-30,8.050308716039603e-30,1.2304475950636107e-29,1.4640255486402013e-29,2.2095107848568469e-29,4.860692111978756e-38,6.517197572698964e-38,-3.657495820871706e-39,-5.091033888432177e-39,-1.456295587910978e-38,-5.196046294071323e-39,0.6507612466812134,-0.7028490900993347,0.1040821969509124,-0.265141099691391,0.0188686735928058,-0.0221470184624195,-0.0088836513459682,0.0162562131881713,0.3483501374721527,0.918523907661438,0.1869918406009674,0.0,-0.7667616637998124,-1.829777602339609,-0.2372586429404931,-0.1632973891414504,8.105389595055906e-16,1.6097056630572064e-15,-2.8657814828338056e-22,9.112711533553928e-23,3.449181721999608e-31,7.478550670381636e-31,0.9183335609054764,0.0814760901961446,0.0001903488983788,78.7750244140625,-0.6775177685971191,-1.228223835207832,-0.285812782786596,-1.3926650032352066,0.0523037067459176,0.6693578224836367
n+0.014,1345.0,0.4905182574416634,0.0571375910361453,0.451934316526398,0.0004098349957931,1.4918023251490554e-12,0.9996110607369654,0.000309044423604,7.98948394304546e-05,0.0006552854278786,0.7581646987899673,0.2411800157821541,2.1043667226276334e-05,2.216514045634645e-06,1.0474903545044983e-05,0.1547995916695765,0.8451270681802229,3.960506538367479e-05,0.490327475632109,0.0433197044975035,0.3819419239359876,0.92134045913703,0.0008428978299505,clean_balanced_ED_EQ,-4.661973418966982e-31,1.4326011037424777e-30,-6.1121476025397155e-33,-2.5774955650022903e-32,9.584360233638342e-33,9.462916272500072e-33,-3.921723918258526e-24,4.435162657508965e-25,1.098783068383357e-22,-7.712911344372669e-23,7.215935090140821e-23,2.2935945600898072e-23,-4.953934279740503e-39,1.47488746780857e-38,-1.7977984112156026e-40,-5.0462675218008185e-39,5.1337137809892135e-39,-9.702603702762391e-39,2.4683635022268306e-37,-9.107259567654274e-37,-1.3241710459772217e-36,-1.7627901499765746e-36,-1.9576443185207554e-39,-1.4965336781018144e-38,1.0733314440381356e-29,-9.590246087282832e-30,-1.116935646109326e-30,2.8590703804856722e-30,-9.616381214260139e-30,6.73117682371475e-30,3.115848617342397e-30,-1.4848445769578693e-30,1.1964154645315464e-29,4.7686089092954816e-30,1.0369638627196165e-29,2.5024635387230023e-30,9.065548541458264e-39,-2.3483601362416468e-39,-7.037666492334193e-39,-3.3406287550535323e-39,-8.111712060774977e-39,5.079026034990677e-39,-0.2765624523162842,-0.865256667137146,-0.3896278440952301,0.1514179557561874,0.0057116458192467,-0.0116273844614624,0.0087231369689106,-0.0105171408504247,0.3851882219314575,0.9036946296691896,0.1869918406009674,0.0,-1.95741994629514,-1.3850027163710272,-0.4605235138863302,0.5596658736038979,1.9735823275844787e-15,6.731272984926412e-16,-3.4542793397937613e-22,2.659084178918788e-22,2.930782490984864e-30,9.50436647610915e-31,0.825323709023858,0.1749239575899257,0.0002476666137836,21.40074348449707,-1.2493345801235367,-0.4065587125904645,-0.8990915180394854,-1.1969070587537634,0.2243629367471551,0.3196279395204061
n+0.014,1405.0,0.4934498605054733,0.0074795037315618,0.4988831870104138,0.0001874487525511,9.641377279177193e-13,0.9997065458474964,3.8922918020424176e-05,0.000254531234483,0.0048280066130708,0.8865018843379149,0.1086701090490143,2.5643536277780154e-06,4.1225106070356027e-07,1.2894289244033395e-06,0.2008861671175617,0.7990916637886539,1.790306017145044e-05,0.4933050555948557,0.006630594151942,0.3986533959443377,0.9891090206156274,0.0028596241472256,mixed_higher_order,-1.485512743357571e-31,1.3172717139515616e-30,-6.590633221821378e-33,-4.998179174326051e-33,1.8761433659764375e-32,9.768345659046411e-33,-2.7470330275431728e-24,2.0037662474778045e-24,2.174812996452424e-23,-4.061845893330507e-23,-1.6007534042284722e-23,1.9957731327262463e-24,-1.2024109570325312e-39,5.0891047684181984e-39,-7.709800044180545e-40,-1.94976818852951e-39,1.973389658004372e-39,-3.1393399439811345e-39,4.75500452500505e-38,-1.0338306279151184e-36,-1.806338758163316e-36,-9.98831946579667e-37,-8.474315256262254e-39,-4.862088523369413e-39,2.818791312723844e-30,-7.332141695219188e-30,2.5561236626059033e-30,-2.3612332327820896e-30,-5.3749163052857995e-30,9.693375814638646e-30,1.4040733939033508e-30,-1.942508317927357e-30,8.167073918123254e-30,1.2687662143109945e-30,2.7516706474004502e-30,2.9813735635084035e-31,-1.5360850705637926e-38,-3.9227776680503074e-39,-5.2245096868908416e-39,-1.052368538510479e-39,-3.4932581917578505e-39,5.8068202824062013e-39,-0.7431840896606445,-0.5988177061080933,-0.0571506321430206,0.2927558124065399,-0.0010618232190608,-0.0038188670296221,0.0056968568824231,-0.0090332683175802,0.4297611713409424,0.883368194103241,0.1869918406009674,0.0,-2.2332992468651627,-0.7447864474070681,-0.0355178193481387,0.4735592474718007,1.8599572005766416e-15,2.217111888630966e-16,-2.2556064839073925e-22,4.068992510486286e-22,3.836981597709676e-30,3.9322845901627602e-31,0.910920947487218,0.0890862145669962,7.162054214360225e-06,15.472159385681152,-1.0997014705608756,-0.1240154579427424,-1.1239602025150133,-0.6215043285112557,0.1131103064116517,0.0605620623915581
baseline,1332.5,0.4910321140192766,0.0516709788845586,0.4568832254432187,0.000413681652946,1.4833242786950326e-12,0.999625232046376,0.0002956016504139,7.916630321004985e-05,0.0007008254976012,0.7828515226605398,0.2164476518418588,1.8075156616297783e-05,2.1663133333892878e-06,8.562573730286594e-06,0.1524510152638251,0.847483786449161,3.6394243333913136e-05,0.4908480909187419,0.0404507044971373,0.3872011258637247,0.9304548773876788,0.000659066964494,clean_balanced_ED_EQ,-4.34609618280637e-31,1.4097789786665284e-30,-6.441673434946477e-33,-2.453736579374687e-32,9.70974470284571e-33,8.836289343233409e-33,-3.7447319852618106e-24,6.383615559996106e-25,1.0109139171301525e-22,-7.68116597496399e-23,6.385336468788677e-23,1.9482491126998578e-23,-4.493008507688897e-39,1.3320331997010782e-38,-2.057066974946802e-40,-4.8623358530633085e-39,4.698720138285092e-39,-8.458009132978855e-39,2.234633683580557e-37,-8.851264944419166e-37,-1.3557336781722324e-36,-1.671771277217247e-36,-2.6689705391710348e-39,-1.385021401359657e-38,9.9681974127471e-30,-9.629090573511297e-30,-7.453098413679619e-31,2.6194791966118382e-30,-9.222885419435662e-30,7.009611556228081e-30,2.9058178712597057e-30,-1.5197830000268112e-30,1.1727643612795153e-29,4.458563624109716e-30,1.0224514682643745e-29,2.3010186410533125e-30,7.47993189735019e-39,-2.9301964445300973e-39,-6.955910668864095e-39,-3.170981799935322e-39,-7.707428878859857e-39,5.2377744070241545e-39,-0.3201217949390411,-0.8590353727340698,-0.3602233827114105,0.1718340367078781,0.0052753561176359,-0.0114906821399927,0.0085683716461062,-0.0106387725099921,0.3752647042274475,0.907860279083252,0.1869918406009674,0.0,-1.995726777939895,-1.3443495586989076,-0.4140357628261857,0.5627580526531705,1.968860061457383e-15,6.380098133406439e-16,-3.3583335890339697e-22,2.7854635150888217e-22,3.045577684994664e-30,9.34538421666592e-31,0.840579600361566,0.1594744220965609,5.40224581269122e-05,20.59075736999512,-1.2409651248963447,-0.3825673296256169,-0.9378736428615768,-1.1565031119599456,0.225535542450515,0.2968260540311951
baseline,1390.0,0.4871451209617581,0.0074546469539815,0.5052104518464693,0.0001897802377909,9.78965872028292e-13,0.9997258040551188,3.465612719313648e-05,0.0002395398176878,0.0046783420519445,0.8121259865180377,0.1831956714300179,2.4504957271356883e-06,4.707494865873297e-07,1.1899735194055937e-06,0.2209620580972598,0.7790175145134549,1.631617055221089e-05,0.4870115477450218,0.0060541125116459,0.3935677905036561,0.9642419692255276,0.0032781269348236,mixed_higher_order,-1.4479065394582716e-31,1.2909457289096437e-30,-6.421021372310873e-33,-4.1555889731190185e-33,1.8014345454985236e-32,8.934143214682397e-33,-2.6220625150863134e-24,1.996422003220941e-24,1.956705137193965e-23,-3.876216653628204e-23,-2.0538535996990327e-23,1.860869186549181e-24,-9.284944817538236e-40,4.9326557799282204e-39,-9.518365544176154e-40,-1.983359552890348e-39,1.880318812444168e-39,-2.949296223560998e-39,4.545286566265172e-38,-1.064788076612407e-36,-1.7704930965248622e-36,-9.326509815027663e-37,-8.062572569111677e-39,-4.343619229426323e-39,2.508279020972477e-30,-7.199822312587664e-30,2.551520323416709e-30,-2.420361183154892e-30,-5.0598010431409886e-30,9.620184345118456e-30,1.3256736303727977e-30,-1.9063534997917785e-30,8.102371693374117e-30,1.2414548246051173e-30,2.559660317366253e-30,3.023060485781621e-31,-1.59788295476168e-38,-3.93496935439311e-39,-5.2298145018597926e-39,-1.0381250695977003e-39,-3.29744474263094e-39,5.7618638052619836e-39,-0.7594103813171387,-0.5846282243728638,-0.0385486185550689,0.2826257050037384,-0.0010309234494343,-0.0036367380525916,0.0055813621729612,-0.0090416241437196,0.4190726280212402,0.8884886503219604,0.1869918406009674,0.0,-2.2333839162824103,-0.718997405107131,-0.0199541567014309,0.4509017243021853,1.848576550553683e-15,2.1927840096027607e-16,-2.144265542754017e-22,4.0570080847631297e-22,3.8598951221299e-30,3.929865163966531e-31,0.9185085766524312,0.0814761876922264,1.5235655342338283e-05,15.250818252563477,-1.0893537896415153,-0.1221803860908856,-1.1255609542369114,-0.5929170414562555,0.1091059169970861,0.0550764127404046
erode_1px,1315.0,0.5124550727299548,0.01652447774461,0.4707181951128992,0.0003022544125357,1.166521740552306e-12,0.9995024725708824,0.0004051040544426,9.242337467504496e-05,0.0019117367469426,0.9942817691682624,0.0038064940847949,8.986181247505079e-06,8.33049950272821e-06,4.548055686953549e-07,0.1229491076700107,0.8769878208475218,4.529999614844868e-05,0.5122001122750812,0.0164299869664924,0.4128141241653401,0.9185550503096503,0.0011326556320327,clean_balanced_ED_EQ,-2.445747145930548e-31,1.2783536185795416e-30,-5.2698273004812336e-33,-2.56674641538264e-32,1.0402075183711723e-32,6.959914040918701e-33,-2.4906933038031087e-24,1.7851021324364448e-24,4.331807244893713e-23,-5.483882188478391e-23,-3.6436235550694285e-24,2.3282810788225102e-24,-3.014890580966605e-39,8.027686325204538e-39,1.0920637143573894e-39,-8.183844478898973e-39,1.9228243227298736e-39,1.5617237488892143e-40,9.181760228569198e-38,-7.032863152791828e-37,-1.5013688890733586e-36,-1.155014047551785e-36,-8.893490368491086e-39,-1.0307726729183895e-38,5.7270346550994754e-30,-9.045399962361177e-30,1.7100306208003645e-30,-5.995142427615e-31,-7.437063574980364e-30,9.644913524754886e-30,1.5768023608560281e-30,-1.5016494450247132e-30,7.681178177373955e-30,1.9135238642791632e-30,5.8929130849284434e-30,9.337043527751663e-31,-7.568944358536349e-39,-5.176528380918449e-39,-4.2543388241967754e-39,-1.4139832052334946e-39,-3.4294226735609006e-39,3.961587097424295e-39,-0.5896132588386536,-0.742138683795929,-0.175038456916809,0.2659491002559662,0.0022017611190676,-0.0082393698394298,0.0047203260473906,-0.0087698483839631,0.3609766662120819,0.9136354327201844,0.1869918406009674,0.0,-2.143426789134444,-0.9923637847953998,-0.1630270319353604,0.5220452616449359,1.89244937721705e-15,3.849054590975618e-16,-2.634917652791916e-22,3.4458325483828952e-22,3.5559575722977085e-30,6.3578935982741405e-31,0.8984863559520673,0.1014665770454469,4.706700248580109e-05,14.786928176879885,-1.1402524553911322,-0.2181531892178578,-1.0664494840109886,-0.8204273739795466,0.1631614004236799,0.1288838294023256
erode_1px,1360.0,0.4350822398422634,0.023093979294679,0.5416575362700847,0.0001662445929727,9.88751287761825e-13,0.9997841202789292,7.495756814867425e-05,0.000140922152922,0.0023744893444914,0.0359509442489849,0.9616745664065236,1.409630218074468e-06,5.358858609885014e-06,2.0606988730926346e-06,0.3906244725391651,0.6093308867769116,3.5811496222201736e-05,0.4349883144096834,0.0008302503621102,0.3300486669048479,0.8032422900238573,0.0073070324986876,mixed_higher_order,-1.2400190699325466e-31,1.1746082052874146e-30,-5.8832747978844735e-33,-8.365496385331874e-33,1.311738183361635e-32,4.957272400481676e-33,-2.8942812108645133e-24,2.725712498490685e-24,3.866942104342e-24,-1.497875367526294e-23,-7.999355319862385e-23,1.6293347781917391e-24,-2.0733454555173157e-39,3.0771111463526026e-39,3.649494554801412e-40,-7.225298895647506e-39,1.7083955806276694e-39,4.148195144075553e-39,2.529722178289248e-38,-1.3809082545600604e-36,-1.614366981332357e-36,-6.0776807850816775e-37,-1.2286716410320138e-38,-4.890387943950015e-39,6.4844153429651984e-31,-5.8032616460487624e-30,2.898855868300701e-30,-4.584529164197603e-30,-3.547297402597221e-30,1.0387790421052155e-29,9.455954008538921e-31,-1.7265706019661463e-30,6.1005523143712646e-30,1.0302354118682322e-30,5.131845782886018e-31,5.316377353054138e-31,-2.155887725790164e-38,-3.5932651143433786e-39,-3.7958992058377704e-39,-8.55259809099799e-40,-1.621959255066852e-39,4.1019432687760945e-39,-0.8491341471672058,-0.4791934192180633,0.0612969547510147,0.2129726558923721,-0.0014731450937688,-0.0022446813527494,0.0054845721460878,-0.0102422218769788,0.3967964649200439,0.8986582159996033,0.1869918406009674,0.0,-2.1840040269122296,-0.5426986531358134,0.0443177848442285,0.3061137443618086,1.7597214347662539e-15,1.9360322707455303e-16,-1.5244968863758741e-22,4.002262652523012e-22,3.9271771413223406e-30,3.4094567001769027e-31,0.9506623416581194,0.0492496524602016,8.800588167900969e-05,14.233128547668455,-1.013047678726328,-0.106946165940001,-1.0720840415888802,-0.4036123542479718,0.0430915217711638,0.0111245850949717
erode_1px,1414.0,0.6585888310753835,0.0068255919524344,0.3343980338163755,0.0001875431558065,6.093129307671302e-13,0.9996629103787622,0.0002072493045955,0.0001298403166421,0.010646101740964,0.2243343439666164,0.7650195542924195,6.674623578806147e-06,2.393137560683658e-06,1.3204056192944232e-06,0.0001861119657786,0.9997573584984798,4.614136898283951e-05,0.6583668276157648,0.0015312146928331,0.3343168949753449,0.5077493240666567,0.0030574545442523,clean_balanced_ED_EQ,-1.1455531845744687e-31,1.2277509446180146e-30,-4.776371158673541e-33,-1.7100120841081228e-32,1.4051148347679587e-32,2.310690710565009e-34,-1.7877442422862457e-24,3.4477574369697534e-24,-3.5395053492247564e-24,1.7472885210092124e-23,3.2900521592178744e-23,1.1879519020075735e-24,-1.6534283105288283e-39,5.347320390841631e-39,1.7142019380987903e-40,-3.347076204371684e-39,1.4820236833306322e-39,-2.0002479461651008e-39,2.0805292028300275e-38,1.9754664766670496e-39,-1.5252724816391763e-36,-1.405276198434861e-37,-1.0138078650545553e-38,2.345784930972776e-39,6.451721356967751e-32,-2.8088981062177343e-30,1.0604179994140712e-30,-6.859426619030861e-30,-1.124934928741655e-30,9.668324270461244e-30,3.445337074132177e-31,-1.6943482466099042e-30,4.7635750454477534e-30,8.755346055931796e-31,4.007149531022384e-30,6.160005970185091e-31,-1.5111717738858503e-38,-2.675351694154352e-39,-2.710971996645024e-39,-7.126041102876464e-40,-5.660468837276206e-40,3.71767212446168e-39,-0.9645400047302246,-0.1900147497653961,0.1828208416700363,-0.0053512742742896,-0.0001056765395333,0.0023861748632043,0.0024351067841053,-0.0114190820604562,0.4360363781452179,0.8802876472473145,0.1869918406009674,0.0,-2.104186058783137,-0.205007294671895,0.0095202289779739,0.000217081632824,1.7259964327256926e-15,1.6780306088048999e-16,-3.824067153681509e-23,3.938728632364861e-22,4.5014313521928414e-30,3.4208023635702126e-31,0.9664487308513968,0.0335884214654525,3.7152316849198286e-05,10.59704303741455,-1.0184427743824476,-0.095025816808771,-0.937028926236512,-0.0863310957967344,-0.048347082885168,-0.0097937321989974
dilate_1px,1332.5,0.4925586891187059,0.1158157073541584,0.3906558229581092,0.0009697805690265,1.7947875585097109e-12,0.996591783859439,0.0033953806946762,1.283544588465395e-05,0.0007662811965511,0.3955022731028987,0.6037314457005502,7.955607393083141e-05,4.697268709280022e-05,5.706875818713349e-06,0.200630948335076,0.7991171071136679,0.0001197089144136,0.490879942644278,0.0458053755195897,0.3121797511193934,0.7931152806522954,0.0105666380981415,mixed_higher_order,-7.698296406640261e-31,1.428593885059676e-30,1.3710147643159915e-32,-9.372517475842254e-32,3.346945804105878e-33,-4.766123526665887e-33,-6.485498442278978e-24,8.543213977579559e-25,1.3378296030710351e-22,-6.47163961407823e-23,1.6425968655515652e-22,8.205498460641714e-23,-1.4075572065396162e-38,2.649072128476186e-38,7.573887806977146e-39,-2.1770550247971814e-38,6.501685664935451e-39,-4.7201782999218616e-39,4.558561076263632e-37,-9.627514653512844e-37,-1.0804956485711412e-36,-1.8308585098794232e-36,-1.75346688737935e-39,-2.596064594124582e-38,9.211452861071768e-30,-7.160738242533713e-30,-1.6118594607574703e-31,2.968083817699614e-30,-9.050266556338775e-30,4.1926540661768535e-30,4.095183938456752e-30,-1.0256369722563602e-30,2.0148061420244808e-29,1.3927538843423677e-29,2.0851676639485792e-29,9.331304635552458e-30,3.394334899565878e-38,1.0182248017352311e-38,-1.1178516196898683e-38,-9.27240709902239e-39,-1.2496450514721972e-38,5.177610991774288e-39,-0.0680272206664085,-0.9424830675125122,-0.3229542672634125,-0.0264382921159267,0.020353328436613,-0.021247373893857,0.0232299342751503,-0.0214137434959411,0.3752647042274475,0.907860279083252,0.1869918406009674,0.0,-1.7541936764724706,-1.6153094351615842,-0.5101726379715391,0.3360436710393411,1.844853994742008e-15,1.0418401208440565e-15,-3.4356712193029907e-22,2.190587612039903e-22,2.3805512130901014e-30,1.3062530440907804e-30,0.8937677441752249,0.1059966202905924,0.0002356355341825,31.98126792907715,-1.2575270420588285,-0.6776464613475537,-0.7474686262774686,-1.2665569704956394,0.1900212488133636,0.3928155259480609
dilate_1px,1390.0,0.5393953301599851,0.0097741828817094,0.4505584922829839,0.0002719946753216,9.914514963681913e-13,0.9994337810498076,0.0004682789878125,9.793996237978048e-05,0.0037268492127127,0.832813409491886,0.1634597412954015,5.483191284185247e-06,6.027249228967952e-06,6.228350669613058e-07,0.1100947129768042,0.8898543714685653,3.878227905036509e-05,0.5390899143024032,0.0081400705707136,0.400931443960299,0.8353029162290817,0.0005455175260337,clean_balanced_ED_EQ,-2.103399011789596e-31,1.3592419564147128e-30,-7.885541149826186e-33,-2.870891301826507e-32,1.1887591909379626e-32,6.638610054878439e-33,-2.4077347887503016e-24,2.385703566632787e-24,2.950211842877632e-23,-4.1193946117991417e-23,2.2000672938337304e-23,4.4573741640856925e-24,-1.896090991236135e-39,6.878939331867012e-39,-4.354161890397965e-40,-7.468420784910549e-39,2.3315073532605428e-39,5.894902432557017e-40,6.609370843813098e-38,-7.118861065478872e-37,-1.684615518730754e-36,-1.1373242382654276e-36,-1.098493098817382e-38,-7.706525008801627e-39,2.6403531514239065e-30,-5.3520211775798645e-30,2.8652619444412305e-30,-2.514959574779713e-30,-5.5056150958651364e-30,7.866979053607774e-30,1.6516094226954742e-30,-1.9116351314896712e-30,1.0796315155566953e-29,2.21777505054206e-30,7.241339806640328e-30,6.5480554135221405e-31,-5.8023139278168575e-39,-4.107132000208217e-39,-6.630435958239805e-39,-1.7779248944794773e-39,-5.323709750778783e-39,7.042564344396392e-39,-0.6604980826377869,-0.6829479336738586,-0.1265142858028412,0.2847108244895935,0.0015596831217408,-0.0080546122044324,0.0057927300222218,-0.0111702969297766,0.4190726280212402,0.8884886503219604,0.1869918406009674,0.0,-2.1943922800080946,-0.887103788946629,-0.1104925343652962,0.5081564408443058,1.887837344449156e-15,3.0981071375427693e-16,-2.5570124106305897e-22,3.819153912925636e-22,3.6447599872196554e-30,5.420693703922113e-31,0.90274290666679,0.0972244493483568,3.264398485314235e-05,15.55541706085205,-1.146984991778653,-0.1774935718294314,-1.0709657408473665,-0.7230345926857595,0.1159507753965475,0.0830411706093716
round_s1,1315.0,0.4682160377541219,0.0969910226808681,0.434267015084523,0.0005259244804868,1.808781403640149e-12,0.9995638727712012,0.0004092112633861,2.691596541277906e-05,0.0006196302001258,0.6177910766959281,0.3815892931039458,3.919391872588184e-05,5.179613882307885e-06,1.698415275509775e-05,0.1935146901983664,0.8063475886963344,7.636341993597942e-05,0.468011835991097,0.0599201883318527,0.3501701604637597,0.927492823969804,0.0043858859776449,clean_balanced_ED_EQ,-6.552191666822611e-31,1.4038390604667462e-30,-6.776374335324621e-34,-3.133859556323565e-32,6.842775390086038e-33,4.21959487935322e-33,-5.0258622759220746e-24,-1.5621533166932859e-24,1.4776053121216037e-22,-7.60540915035109e-23,1.1925122881056278e-22,5.326825115092026e-23,-9.1867923514791e-39,1.934931040678064e-38,1.2685288113019771e-39,-7.68257346441182e-39,7.918254271962185e-39,-1.1666745687682615e-38,4.01558234749552e-37,-9.85578610544452e-37,-1.0809778118300098e-36,-1.884390029701887e-36,4.6263783045071254e-39,-2.062864416903721e-38,1.3643009797980026e-29,-9.567784990952732e-30,-3.1364509488012586e-30,4.326350599499048e-30,-1.0506556467891501e-29,5.241434731637581e-30,4.0705925229276125e-30,-1.0228844963833197e-30,1.2096653555552228e-29,6.517843146861218e-30,1.3524772761925288e-29,5.065792003467341e-30,2.127601856695933e-38,2.9342702203071717e-39,-6.851676023789454e-39,-4.2783222635481037e-39,-9.865575697575676e-39,4.08204751276406e-39,-0.0905112922191619,-0.9095748662948608,-0.4047349393367767,0.008888698183,0.0076141017489135,-0.0123874098062515,0.0102133462205529,-0.0081561338156461,0.3609766662120819,0.9136354327201844,0.1869918406009674,0.0,-1.7765661587183377,-1.5795253572119003,-0.562190346561517,0.4353723263053259,1.906495020769462e-15,9.32169271352738e-16,-3.503914789360035e-22,2.1120502187656204e-22,2.4848304527671213e-30,1.1693992135581599e-30,0.8357301538816472,0.1640602150351724,0.0002096310831803,26.88138961791992,-1.252181643956904,-0.5844355214161682,-0.7678380963155246,-1.3385163296485738,0.2262829807637914,0.4396304364556821
round_s1,1360.0,0.5032659205814051,0.0206817014905024,0.4757815327709414,0.000270845157151,1.1642347440107989e-12,0.9997064386932596,0.0001333701754587,0.0001601911312816,0.0017698746852192,0.925427710797452,0.0728024145173286,4.763915142932356e-06,7.471442545819772e-07,2.26230793540204e-06,0.1361322681721411,0.863834829963085,2.5128497440982676e-05,0.5031181811801212,0.0191394196657519,0.4109966594607621,0.9453879416696608,0.0006005850087602,clean_balanced_ED_EQ,-2.4810690314424102e-31,1.3558785697514133e-30,-6.933254071909047e-33,-1.4331883826645483e-32,1.4183039618518054e-32,1.0163075344865971e-32,-3.131890915811133e-24,1.6170352109074942e-24,5.169825860853725e-23,-6.183269271002019e-23,2.1933542502320203e-23,5.472886539396735e-24,-1.6268103703978715e-39,6.743572574224632e-39,-8.035900414831988e-40,-2.6270624457986768e-39,2.4303980209073208e-39,-4.116512647263494e-39,1.0287109573445567e-37,-8.227890334292394e-37,-1.6207852630716717e-36,-1.317585712371542e-36,-7.225122604163329e-39,-8.643742917991778e-39,5.8751971904368646e-30,-8.840718524315943e-30,1.4439729880904497e-30,1.0882784743013404e-31,-7.319169205541786e-30,8.731891260677125e-30,2.03999492710708e-30,-1.8807012393357483e-30,9.127421553325263e-30,2.1729304369455637e-30,6.31173064997961e-30,7.389323018832412e-31,-5.6727885535287924e-39,-4.61478788796754e-39,-5.607181412030844e-39,-1.6777827928645326e-39,-5.07169597297593e-39,5.550164765340541e-39,-0.5680233836174011,-0.743671178817749,-0.2086735665798187,0.2837736904621124,0.0007713191444054,-0.0071000009775161,0.0066253789700567,-0.009192893281579,0.3967964649200439,0.8986582159996033,0.1869918406009674,0.0,-2.1624537214882675,-1.024796146049836,-0.189132496009924,0.5686514241206934,1.9256957268934773e-15,3.729104015083824e-16,-2.860817684094238e-22,3.5429511384434853e-22,3.5192027750014046e-30,6.227523628847324e-31,0.875748391487445,0.1242005697210122,5.1038791542779016e-05,16.653425216674805,-1.1693853589123735,-0.2139812417237029,-1.0763463546234675,-0.8749947391102122,0.1778829455272919,0.1487277703244517
round_s1,1414.0,0.0661503077573827,0.1557928308340167,0.7778575346649546,0.000199326743646,1.3912023825347364e-11,0.9888971428383594,0.0109835286403617,0.0001193285212789,1.8545790338290767e-05,0.0008652528900121,0.9991162013196496,2.53643401875326e-06,7.22092559775273e-07,5.640312788467643e-07,0.9713921450341776,0.028601674080703,2.358327262022403e-06,0.0654158503391539,0.0001348001971223,0.0222480276877062,0.0850416751261213,0.0443806120733707,EQ_dominated,-4.860230095404793e-31,1.792549358285177e-30,2.0992141278409118e-32,-1.9460693364984694e-31,2.0343542809821867e-32,-1.5426170490040604e-33,1.6296291541739106e-24,3.32225722745652e-24,1.6756116674628837e-23,-1.8923073030089985e-23,8.410323038659826e-22,1.7421634496749684e-22,5.0318311331911344e-39,-2.46366184822247e-38,-3.919119819123661e-39,1.2831357666949432e-38,-1.1127158533546716e-39,1.1805235518426236e-38,-2.1907404815851e-36,1.0783087564627372e-35,-1.7293549421951068e-36,-7.577890661186054e-37,-9.343989527091795e-39,1.4374692350138174e-38,1.1703417618466441e-29,-3.847323612664596e-30,-3.9016443233053816e-30,-4.872894554667948e-30,-7.80177511431046e-30,8.720217257757844e-30,9.213900182006934e-31,-1.9283379298634562e-30,-2.103026526208016e-30,1.7685138306550684e-30,5.080182808515842e-29,1.0666615248071194e-29,8.734890477335206e-38,1.4506684414556242e-38,6.119721723667502e-39,-7.763284497239658e-40,-4.3856090670195425e-39,4.805419277944828e-39,-0.7654141783714294,-0.6334359049797058,0.100292183458805,0.04502684623003,0.0055365674197673,-0.0118597391992807,0.0090061975643038,-0.0196718554943799,0.4360363781452179,0.8802876472473145,0.1869918406009674,0.0,-2.284701299375281,-0.8047702949315562,-0.0961174761044306,0.1001836240290136,1.9576848766794263e-15,5.784381753251247e-16,-1.6857520775891071e-22,4.0770744968056393e-22,4.6914160136238185e-30,1.2923741035448765e-30,0.9872712171621378,0.0125540324375164,0.0001747504003457,234.6275634765625,-1.486953807425028,-0.4031653361131119,-1.0624040124459724,-0.4655366719628937,0.0523597201737139,0.0463638003661763
h-10nm,1332.5,0.503588052924249,0.0318403629449954,0.4642176943103878,0.0003538898203678,1.2926120287351232e-12,0.9996194197110868,0.0002408665880977,0.0001397137008152,0.0011020575566591,0.7959037714510758,0.2029941709922648,1.2778461406694463e-05,1.494752766633641e-06,6.38519381076522e-06,0.1427701744778336,0.8571835487571856,2.561835699661286e-05,0.5033963972375739,0.0253418649522929,0.3979197706048566,0.9218203085135872,0.0002503598656585,clean_balanced_ED_EQ,-3.250541336016335e-31,1.3562336402047664e-30,-7.560066741288136e-33,-2.0285868676611423e-32,1.3842241182271025e-32,8.957853669090014e-33,-3.1710705275870802e-24,1.4593539116239775e-24,6.00150180205194e-23,-7.210042128710606e-23,4.5995761155253776e-23,1.1352868034584411e-23,-2.9440663879288665e-39,1.0725354768570565e-38,-6.7171127061014265e-40,-3.744145496127446e-39,3.6157653448541175e-39,-6.98122790736868e-39,1.4581634104381552e-37,-8.18397579215886e-37,-1.607002169750881e-36,-1.2515944507408767e-36,-5.7193059110437325e-39,-9.554457377786497e-39,5.854861472428282e-30,-9.430371505330409e-30,1.1441232489383652e-30,9.112948007197824e-31,-6.998984542038026e-30,8.519076525282005e-30,2.1502312445021123e-30,-1.9108122900651895e-30,1.0617651084000604e-29,3.228180617651435e-30,8.671913289335129e-30,1.2410683024507636e-30,1.5699269692470594e-39,-4.4096207721903246e-39,-6.396195151983713e-39,-2.420416077385844e-39,-5.3339072396787844e-39,5.850865972823624e-39,-0.5702859163284302,-0.776824414730072,-0.1529709696769714,0.2183469086885452,0.002784943440929,-0.0095192100852727,0.0077103334479033,-0.0112881045788526,0.4176404178142547,0.8891627788543701,0.1869918406009674,0.0,-2.171370900655716,-1.061732831812824,-0.1796305427785333,0.4628491368146776,1.926176331886826e-15,4.900696269501285e-16,-2.6785829439424063e-22,3.4995084382056685e-22,3.4684099338884534e-30,8.286129014227367e-31,0.9287805689538928,0.0712623606446178,4.292959851071032e-05,19.585594177246094,-1.1938315680499596,-0.2861305563547068,-1.111696938194115,-0.8658318855693101,0.2117023337199058,0.1762169921669832
h-10nm,1390.0,0.4445967056703636,0.0122223236580178,0.5430205865377314,0.0001603841338871,9.579223324288345e-13,0.9996971693975896,3.159284015281313e-05,0.0002712377622574,0.0027328938198185,0.2056667693474037,0.7916003368327778,2.7075497379499074e-06,5.400841714820217e-07,1.2253258288752508e-06,0.3783232783010431,0.6216634884191572,8.760320061304814e-06,0.4444620681821559,0.0025137258206628,0.3375760721104629,0.8187474226439316,0.0064178553179668,mixed_higher_order,-1.2028699717360807e-31,1.2216777584692454e-30,-5.6874277621337064e-33,3.908568505568893e-33,1.950855090030007e-32,5.318478356518835e-33,-2.235617500547533e-24,2.2760886123748114e-24,6.044665850100202e-24,-2.700852676853081e-23,-5.425509192776476e-23,2.161493260026565e-24,-6.936803965053543e-40,5.3660838544466425e-39,-1.0553926088518532e-39,-2.173922623031256e-39,1.7490777420964736e-39,-3.1921566974490745e-39,2.2689896386785078e-38,-1.4299797143429318e-36,-1.7663909108359708e-36,-4.907218600081492e-37,-6.653764289721019e-39,-1.75754942033418e-39,1.435181966568005e-31,-6.0156920799012816e-30,2.37051874355019e-30,-3.588771591349056e-30,-2.5140375772389165e-30,9.604462397186487e-30,8.29715131825063e-31,-1.9955014462583363e-30,7.818591807265874e-30,1.0092656060503056e-30,5.744769833842051e-32,2.3182228816547533e-31,-2.1475801986393612e-38,-3.5017558190325485e-39,-5.2519326027619056e-39,-8.696877589443745e-40,-1.6876195909151386e-39,5.5947377811558276e-39,-0.9018715620040894,-0.3871700763702392,0.1179649159312248,0.1506408005952835,-0.000600661849603,-0.0011525363661348,0.0040837721899151,-0.009936187416315,0.4587929546833038,0.8686442971229553,0.1869918406009674,0.0,-2.224927221342532,-0.432577239996767,0.0543233522210416,0.2085078988296874,1.783117414502461e-15,1.8344799409637918e-16,-1.1724322383684831e-22,4.168457643256907e-22,3.9633356420926124e-30,3.46834189260931e-31,0.9632746715229658,0.0367237772103201,1.5512667140837877e-06,16.239748001098633,-1.0309025903306377,-0.1015031796312172,-1.1229530592682675,-0.3119680986612241,0.0760223264884499,0.0170142401586052
h-5nm,1315.0,0.4814523135402145,0.075703497531055,0.4423368081449534,0.0005073807837769,1.6801511877242899e-12,0.9995265327308308,0.0004189891942201,5.447807494909558e-05,0.0006532752215272,0.6401793223364248,0.3591674024420477,3.679904036990043e-05,4.35817411717529e-06,1.7013452214339012e-05,0.1816437048869548,0.818241226671927,5.6897774416737145e-05,0.4812243616280874,0.048463813747928,0.3619382124986715,0.9187551824029322,0.0028622972614224,clean_balanced_ED_EQ,-5.667725405623248e-31,1.403960080970368e-30,-3.790980069704023e-33,-3.0766004570355036e-32,8.794224907878104e-33,6.89947555523134e-33,-4.597396339828008e-24,-1.9242148908114016e-25,1.196365311792657e-22,-8.022301942377305e-23,1.0066758827751866e-22,3.881865734913937e-23,-7.499512479312129e-39,1.8743498557295522e-38,5.108573691114292e-40,-6.928725035156293e-39,6.988641907302092e-39,-1.1814755194620304e-38,3.253344634415819e-37,-9.487039850966602e-37,-1.2673406410624676e-36,-1.7102609448142608e-36,2.0894562279824115e-40,-1.774928409742336e-38,1.0966840246063388e-29,-9.934777418098119e-30,-1.4270227936791292e-30,3.585753931022968e-30,-9.539817112200362e-30,6.349023487075149e-30,3.398043179173788e-30,-1.3519909833144725e-30,1.2617030138427069e-29,6.071114336173787e-30,1.279003269938738e-29,3.9097545978724526e-30,1.695553682836683e-38,2.108859750443694e-40,-7.272284072386367e-39,-4.1412079865128985e-39,-8.524602377124476e-39,4.9018573118881666e-39,-0.2329379022121429,-0.9095540642738342,-0.3324287235736847,0.0861149281263351,0.0073468927294015,-0.0128818359225988,0.0105015160515904,-0.0106495525687932,0.3826987743377685,0.9047516584396362,0.1869918406009674,0.0,-1.9218161914607728,-1.4616106181124622,-0.443189851872785,0.4570181529381303,1.9317975285898823e-15,8.200336595023737e-16,-3.3326838106567695e-22,2.5686180559689868e-22,2.8676059092224798e-30,1.1693559307908838e-30,0.8817685806535581,0.1181483319123304,8.30874341114507e-05,25.33324813842773,-1.252289590556657,-0.5055438273351663,-0.9002149855132543,-1.2148292903864724,0.2386867504721281,0.3559533793423171
h-5nm,1360.0,0.5088128091600388,0.0153321087630095,0.4755952035712879,0.0002598785056637,1.0962690259572753e-12,0.9996836239622536,0.0001278974820567,0.0001884785556896,0.0023001079704836,0.9405919072048212,0.0571079848246951,5.01360954699221e-06,7.108771754874109e-07,2.550818272577336e-06,0.1391649688837434,0.8608062191087912,2.053670247025032e-05,0.508651832979522,0.0144212574228709,0.4093953090124762,0.9347154690472764,0.0009114741128183,clean_balanced_ED_EQ,-2.17719949041815e-31,1.327148392237527e-30,-7.470126230081911e-33,-1.3251482053455152e-32,1.6011016832381836e-32,9.201145167684144e-33,-2.813605600763678e-24,1.8314282220165e-24,3.7516944640624923e-23,-5.658064778640034e-23,1.613901945678243e-23,4.400068118309876e-24,-1.5242641944932578e-39,6.733941195560241e-39,-8.912574899326973e-40,-2.4422679182165675e-39,2.4155225174629004e-39,-4.2916667532449566e-39,8.252465728492481e-38,-8.091842748146487e-37,-1.700058007921353e-36,-1.0963899312430905e-36,-7.30688035509508e-39,-6.6513812089406e-39,4.181724831747842e-30,-8.383239410731263e-30,1.8945872995862623e-30,-7.719818958840035e-31,-6.0763125205283164e-30,9.155220917421055e-30,1.6852558851057175e-30,-1.9255044985055324e-30,9.123333457334024e-30,2.0003348694342697e-30,5.749271846725017e-30,5.3609128466068265e-31,-7.466462156334471e-39,-4.638435151126225e-39,-5.642756994596496e-39,-1.5896469970327127e-39,-4.2646597254256966e-39,5.8734213904136014e-39,-0.6746636033058167,-0.6804093718528748,-0.1016157865524292,0.2670502662658691,0.0005457163206301,-0.0065820915624499,0.006331845652312,-0.010202114470303,0.4174476861953735,0.8892533183097839,0.1869918406009674,0.0,-2.2161380121942558,-0.8816997267241842,-0.0957679020507828,0.4777313198612024,1.8954464192332847e-15,3.305646073971844e-16,-2.4379222038446872e-22,3.802666624375985e-22,3.6778875218217e-30,5.817340497489409e-31,0.9181715126664513,0.0817857881983703,4.2699135178514425e-05,16.595630645751953,-1.1446068502072384,-0.187773836413186,-1.128990546228619,-0.7281009598414583,0.162773637164537,0.1079303573460132
h-5nm,1414.0,0.425502672316977,0.081985409146734,0.492294702598025,0.0002172159382639,1.200526123669642e-12,0.9985815819752258,0.0012052258385778,0.0002131921861963,0.000208434544008,0.0082936686501348,0.9914978968058572,1.8288879248599724e-06,8.863342258637084e-07,3.790667094953576e-07,0.5071483047349248,0.4928410174186197,7.583557595324653e-06,0.424899131656973,0.0006799598176087,0.2426230220982074,0.8643251086624307,0.0004165638420008,mixed_higher_order,-1.746667956807537e-31,1.379473494650354e-30,-5.90252021596889e-33,-4.794497763923331e-32,2.0112297552669802e-32,2.877258244987524e-33,-1.1311927682609896e-24,2.3893716849010594e-24,4.750712001503754e-24,-1.598476851107492e-23,1.8207564673707105e-22,9.634880096457017e-24,-2.6782475390899675e-40,-4.9826915312579454e-39,-1.20903067774071e-39,3.256535616298907e-39,1.4768545552519658e-39,1.726155016221521e-39,-5.845170211275502e-38,1.857096214808636e-36,-1.7692166345660208e-36,-4.7402946085037274e-37,-6.353628977906123e-39,3.354644390731115e-39,2.7803924899164857e-30,-5.24306689892896e-30,6.319342992141788e-31,-4.348223671065292e-30,-3.412328608280064e-30,9.591290569994253e-30,7.0703532398956565e-31,-1.918824233291944e-30,4.088685626252892e-30,1.339588645635309e-30,1.2939202188466862e-29,8.628191492303046e-31,5.679337495541193e-39,-2.93141152448683e-39,-1.5353366404294538e-39,-1.0888129421378792e-39,-2.0335729738343025e-39,5.391080540276816e-39,-0.901923656463623,-0.3991402089595794,0.129935011267662,0.1006626486778259,0.0001887493417598,-0.0026361760683357,0.004306087270379,-0.0119271138682961,0.4554852545261383,0.8703833818435669,0.1869918406009674,0.0,-2.2384096827219744,-0.4529596425166089,0.0204380801530909,0.1479313541695963,1.8229343278636146e-15,2.500035049552894e-16,-1.118143277213118e-22,4.203405672358957e-22,4.2843689603511865e-30,5.168969347924183e-31,0.9727861735475856,0.0271768744247703,3.695202764419925e-05,22.05545425415039,-1.144299517127118,-0.1448894311711929,-1.086892462378634,-0.291213092776543,0.0442294972360256,0.0131451139373137
h+5nm,1332.5,0.4841362399833316,0.0644984880019886,0.4509186765375139,0.0004465954771657,1.5784093996371357e-12,0.999625378118256,0.0003268085519921,4.781332975186835e-05,0.0005684804728074,0.7756642235654843,0.2237672959617082,2.153737855139441e-05,2.658573173523594e-06,9.934342047896012e-06,0.1591325108793097,0.8407916418673893,4.1716959528172905e-05,0.4839548719540885,0.0500291696172102,0.3791286543946465,0.9313879839960724,0.0011477297274165,clean_balanced_ED_EQ,-5.022356149768239e-31,1.4251699845487444e-30,-5.4086919349036446e-33,-2.6781412307656964e-32,7.583499771443722e-33,7.19068959786294e-33,-3.94309213241906e-24,3.1706108003258007e-27,1.2454503922227689e-22,-7.551828051440207e-23,7.392525987874896e-23,2.559509886610903e-23,-5.599236853275097e-39,1.4695004448700952e-38,1.26390847168188e-40,-5.523591432520727e-39,5.472848877865558e-39,-9.171431772219215e-39,2.7358242025217325e-37,-9.158282460126807e-37,-1.1968739167886406e-36,-1.842423688295469e-36,-6.566553037872514e-41,-1.5475629379637386e-38,1.2194369307824502e-29,-9.360550264681234e-30,-2.1058807654707296e-30,3.292424020815503e-30,-1.0088488901011019e-29,6.068125526551239e-30,3.3231749344044774e-30,-1.2693039527756511e-30,1.2179133548027217e-29,5.235016750093445e-30,1.088982100415714e-29,2.992552311644304e-30,1.0729467878988843e-38,-1.6697982896061823e-39,-7.159875697661473e-39,-3.628304150675036e-39,-9.057292964757848e-39,4.7853091807727134e-39,-0.1988412886857986,-0.8667013049125671,-0.4434206783771515,0.1111140251159668,0.0067180069163441,-0.012082353234291,0.0091001698747277,-0.0103480797260999,0.3537580370903015,0.9164547324180604,0.1869918406009674,0.0,-1.883828833139116,-1.456781261091473,-0.5345812909193693,0.564227669108802,1.9723082047316416e-15,7.273486246343366e-16,-3.562993198563691e-22,2.3788804123642707e-22,2.7184695302259235e-30,9.512900427744651e-31,0.7909001248999821,0.2091581204356915,5.824533567366785e-05,21.177488327026367,-1.2545131361987762,-0.442095457584868,-0.8279771451115059,-1.2745575654399386,0.2217379030248812,0.3656910041010873
h+5nm,1390.0,0.4931451914181646,0.0089336088982527,0.4977183000543665,0.0002028996292159,1.0180042166870965e-12,0.9997336320822112,4.7832115330997165e-05,0.0002185358024574,0.0038395903169079,0.94695808982996,0.0492023198531319,2.546757996860545e-06,4.777420117115857e-07,1.218203080535501e-06,0.189187488261821,0.8107887188160707,1.955021901916652e-05,0.4930138333603591,0.0084597532175773,0.4035443828323925,0.9908118535410444,0.0024976403437404,clean_balanced_ED_EQ,-1.647187902017043e-31,1.3226084820091436e-30,-6.623449761993929e-33,-6.41270152767748e-33,1.6736892641694272e-32,1.0401558856453783e-32,-2.7847855836089963e-24,1.831148118322618e-24,2.852806050027578e-23,-4.3883353265146123e-23,-1.1781996946041417e-23,1.8786735719875126e-24,-1.0466193027129872e-39,5.0722548583016633e-39,-8.900774070349318e-40,-2.0589990973088647e-39,1.936695905260713e-39,-3.013249264269938e-39,6.075927498997606e-38,-9.962914195607511e-37,-1.7213799236905488e-36,-1.1430573611691726e-36,-8.204215646615915e-39,-5.97035056726203e-39,3.783020037771329e-30,-7.61184606852069e-30,2.4553312630728385e-30,-1.7303793758847053e-30,-6.2383517255321195e-30,9.342227780189125e-30,1.552953987078374e-30,-1.809240106123382e-30,8.386302768392779e-30,1.4120719347030628e-30,3.325011919921015e-30,3.809856494058992e-31,-1.4150517130285767e-38,-4.118759808732971e-39,-5.354171248545211e-39,-1.1522550504946363e-39,-4.1025583632861447e-39,5.70064766661994e-39,-0.6709851026535034,-0.6564984321594238,-0.133542001247406,0.3174968659877777,-0.0007862084894441,-0.0048353713937103,0.0058994512073695,-0.0084753278642892,0.3988862037658691,0.8977326154708862,0.1869918406009674,0.0,-2.2055613655661648,-0.8546470943556226,-0.0909568019401676,0.5518531555838442,1.8821310483472854e-15,2.4749586348932676e-16,-2.5807968767948405e-22,3.8801947773799547e-22,3.743968084426474e-30,4.271778961931056e-31,0.8812351983510183,0.1187443607161783,2.0440932803289517e-05,15.010830879211426,-1.1160721398455604,-0.1389965777127967,-1.0943380876866289,-0.7266793283240758,0.123520791708566,0.0802994383226106
h+10nm,1315.0,0.439162361518435,0.1475257235028731,0.412675323326986,0.000636591651706,2.097552893593845e-12,0.9993570367813712,0.0005810146181687,6.194860045998967e-05,0.0007974455321992,0.5859275568846278,0.4132749975831729,6.72503754091079e-05,1.0324152778327464e-05,2.671975785372484e-05,0.2196848668944311,0.7800514300879747,0.000159408731553,0.4388799962729725,0.0864393867496755,0.3219079761232328,0.939687367332965,0.0093767684242192,mixed_higher_order,-8.603003599486978e-31,1.3674374658331345e-30,5.22268693218034e-33,-3.8602441188766627e-32,6.0218373784693376e-33,-1.1203904074231131e-32,-4.8562552262336965e-24,-6.2686304632462025e-24,2.075923333786517e-22,-5.573219291060207e-23,1.5436937413043962e-22,9.357893861100076e-23,-1.5848843144845587e-38,2.4825747533975757e-38,3.44150925187032e-39,-1.101515099796893e-38,1.2407327269245564e-38,-1.3810599826623592e-38,5.867372785584924e-37,-1.0356948607504795e-36,-6.792994293361384e-37,-2.1376930639297573e-36,2.1315337115066422e-38,-2.395436460402572e-38,1.8780434324240162e-29,-7.589466640356332e-30,-7.172935954037597e-30,4.809067464449905e-30,-1.1607497689834773e-29,2.7804000263661653e-30,5.8390891890445294e-30,3.0532644201950313e-31,1.3155836524003257e-29,9.51842090593368e-30,1.4798859422064816e-29,7.97917790875258e-30,3.0779593788063115e-38,1.1193037303037735e-38,-7.227668494069077e-39,-5.90499369977577e-39,-1.5331098301323983e-38,1.9729919228222607e-39,0.1668025553226471,-0.8513590693473816,-0.4592704474925995,-0.1892929822206497,0.0121476529166102,-0.0154251465573906,0.0124838137999176,-0.0052459668368101,0.3169270157814026,0.9298340678215028,0.1869918406009674,0.0,-1.466483906607577,-1.747408561139726,-0.7505230762597606,0.291128256204494,1.798564073476358e-15,1.1809232647512529e-15,-3.5531251240536885e-22,1.248224415830155e-22,1.5641859351693628e-30,9.830799247831522e-31,0.7530208580399039,0.2469445428330837,3.45991270123136e-05,31.36112594604492,-1.219712531296786,-0.7673616936254171,-0.4825186742424146,-1.5184420575071398,0.1658194383366147,0.6176474013691101
h+10nm,1360.0,0.49840339641392,0.0334183508131711,0.4678598996432911,0.0003183531296178,1.2956591560013372e-12,0.999715536973896,0.0001770574082222,0.0001074056178816,0.0009857578232279,0.9109555570629546,0.0880586851138173,7.599700937557091e-06,1.0726853511673606e-06,3.5034774670067137e-06,0.1355552755849111,0.8644032328607615,2.9315690571686928e-05,0.4982616190755556,0.0304426323811375,0.4044196097775722,0.9387173181595602,0.0002091292989121,clean_balanced_ED_EQ,-3.3162397072792234e-31,1.4085651459080512e-30,-7.159296259201798e-33,-1.78777386869345e-32,1.0525275951763925e-32,1.0686120606774132e-32,-3.365971316078251e-24,1.0550606339325862e-24,8.371959784111109e-23,-6.700551417582141e-23,3.2206372233695163e-23,8.618997009109566e-24,-2.4915693722055197e-39,8.820616604592297e-39,-5.6121316398578525e-40,-3.3975112235272984e-39,3.052785244613216e-39,-5.4230833265368026e-39,1.5693911079108105e-37,-8.512465558157487e-37,-1.3925443377433734e-36,-1.684817546852303e-36,-4.6838133835828365e-39,-1.183628420793449e-38,9.220161863450957e-30,-8.91487481087141e-30,3.755724135134542e-33,1.5565298998522718e-30,-9.223919144362933e-30,7.358343938033611e-30,2.4900466583710447e-30,-1.4741527612786264e-30,1.0472612185762982e-29,3.1326177817875333e-30,7.437766022262484e-30,1.3311833381905122e-30,-1.6394844959248398e-39,-4.223153494339477e-39,-6.367740695346115e-39,-2.302642279807653e-39,-7.157935496341028e-39,5.233835261813965e-39,-0.3569124042987823,-0.8072146773338318,-0.4025900661945343,0.2421917766332626,0.0031442013569176,-0.0094606634229421,0.0069272997789084,-0.0092774974182248,0.3548699021339416,0.9160247445106506,0.1869918406009674,0.0,-2.016328626093203,-1.2641791711739931,-0.4051460949373704,0.666400420507858,1.977083995735946e-15,4.874671179726798e-16,-3.4739960854743445e-22,2.8993858916782752e-22,3.054908947774413e-30,6.9575582040938365e-31,0.7790813898000747,0.2208696775078677,4.893269205763495e-05,16.643892288208008,-1.214825202968682,-0.2860110224359667,-0.9247739695886849,-1.1188695171890506,0.1927643404446834,0.2408481340474407
h+10nm,1414.0,0.3194784704169255,0.034272464724681,0.6461070531026055,0.0001420117557878,1.3011885289726389e-12,0.9994901901638896,0.000221671890852,0.0002881379452585,0.0008862243442279,0.079689549483145,0.919424226172627,2.9943382817263656e-06,7.756905746335083e-07,8.47704434527109e-07,0.559725522151037,0.4402575751909687,1.2284924703506688e-05,0.3193155971502814,0.0027311572735868,0.2844535245127355,0.494466774326004,0.0110281586740801,EQ_dominated_with_ED,-1.002969874115492e-31,1.2509128427552876e-30,-4.436436005948967e-33,1.815473487615689e-32,1.8075081032065504e-32,1.1282498027117202e-32,-3.1677916309292474e-24,1.8515583050013518e-24,1.584505577875755e-23,-3.097654801850428e-23,-1.1815231566828098e-22,2.749879237051918e-24,-1.1172141565258103e-39,7.532624745509931e-39,-5.446628397796353e-40,-3.8373728342658456e-39,1.66186920346135e-39,-3.6952543891622506e-39,4.9629187400812285e-39,-2.328050851422451e-36,-1.7760642489742345e-36,-1.052914101830864e-36,-8.824259112387004e-39,-6.409983266759108e-39,1.673281814383827e-30,-6.790831952627684e-30,3.625469247660767e-30,-2.8899882824517146e-30,-5.298746514171096e-30,9.680820007685725e-30,1.3597845011769357e-30,-1.7854223695351416e-30,8.84090872466104e-30,7.538144097046247e-31,-3.3603532360024566e-30,3.460249551333759e-31,-2.951439710322162e-38,-2.989449715995224e-39,-6.281100232993163e-39,-6.448073950715289e-40,-3.325260926392061e-39,5.6247938416153685e-39,-0.7211446166038513,-0.5901926755905151,-0.0990761816501617,0.3488715589046478,-0.0021533444523811,-0.0021054295357316,0.0054758414626121,-0.0067898859269917,0.396502822637558,0.898787796497345,0.1869918406009674,0.0,-2.2059014504154093,-0.7447576477811723,-0.0282008091874751,0.5603437812677657,1.8312396066100866e-15,1.50498983506288e-16,-2.436550666884479e-22,4.0657118082167994e-22,3.7959986490589226e-30,2.4461539166880457e-31,0.8683860221032673,0.1316035417735602,1.0436123172419263e-05,19.298009872436523,-1.0376560096907104,-0.0831982598501686,-1.0910991945222013,-0.6468424377509042,0.0857114160906868,0.0438429152280605
n-0.014,1332.5,0.4990142354155268,0.0305371720733536,0.4701053388840044,0.0003432536271151,1.3078359323150492e-12,0.9996790363307816,0.0002063510665092,0.000114612602709,0.001068157972472,0.8746924523266862,0.1242393897008417,9.710477690642949e-06,1.4641491278358334e-06,4.338214776300625e-06,0.1395360853804172,0.860423065784327,2.5335993660915757e-05,0.4988540699755356,0.0267106339279637,0.404489476924155,0.942067992293947,0.0002341428902191,clean_balanced_ED_EQ,-3.1053530166286444e-31,1.3615241934945948e-30,-7.373648656388423e-33,-1.8659589897811487e-32,1.1828353140795488e-32,9.14751690713068e-33,-3.114970235988636e-24,1.3257261621308075e-24,6.781067628139519e-23,-6.918490894514962e-23,3.5381013123748205e-23,9.010318407931336e-24,-2.503375101206243e-39,9.489357205484271e-39,-6.74225671381797e-40,-3.7507060783752665e-39,3.1776001519087067e-39,-5.7386472525566856e-39,1.3907841931317366e-37,-8.2015954833827e-37,-1.5075855494453464e-36,-1.412197418914344e-36,-5.3813163211611534e-39,-9.833148326021137e-39,7.164547182483035e-30,-9.226781871752936e-30,7.263515780175666e-31,1.1454716208535704e-30,-7.890901271101322e-30,8.08131240284284e-30,2.2250571883577713e-30,-1.691793759763618e-30,1.0408867376190919e-29,3.0175082207858983e-30,8.107518053157071e-30,1.2312158085827937e-30,-6.505417796038399e-40,-4.4855410657785294e-39,-6.340046884779114e-39,-2.265648352341956e-39,-6.066076070453602e-39,5.648728841960406e-39,-0.4858059585094452,-0.7963013648986816,-0.2602929472923279,0.2486663311719894,0.002731266664341,-0.0094179175794124,0.0072449091821908,-0.0102794598788023,0.3752647042274475,0.907860279083252,0.1869918406009674,0.0,-2.1167628163846706,-1.1459303049399605,-0.2605625402824881,0.571453323512299,1.946506156237872e-15,4.697324455602377e-16,-3.024793164769392e-22,3.269434825896585e-22,3.387572857247955e-30,7.5972850539148895e-31,0.8701994500519086,0.1297455186731222,5.503127496919724e-05,17.727371215820312,-1.1984886045240688,-0.2733502806073087,-1.0429222006861985,-0.9769343043115376,0.2031417628416362,0.1991067203717393
n-0.014,1390.0,0.2144359561530102,0.0602541182290315,0.7251706145334175,0.0001393110845409,1.7372820734240669e-12,0.9989422697598592,0.0007436781652265,0.0003140520749143,0.0004134510049588,0.0209229058848734,0.9786636431101676,3.425099133434341e-06,9.306236931446136e-07,9.36330058987332e-07,0.7268749957509864,0.273113370475916,6.341720211944858e-06,0.2142091407576136,0.001260691244882,0.1980537907053129,0.2957041444529307,0.0217576033675855,EQ_dominated_with_ED,-7.47520048636975e-32,1.1452496450073429e-30,-2.5287270329331597e-33,3.1212244130578726e-32,1.8552398087879244e-32,8.361285446835139e-33,-3.067944777583825e-24,2.086958874825804e-24,6.5908226206139556e-24,-2.55593795344919e-23,-1.8032836122746165e-22,8.40374423200718e-24,5.86661341917582e-41,9.470615801649543e-39,-1.4511419187840043e-39,-4.718604356499535e-39,1.3924724229101756e-39,-4.7519993670219286e-39,-8.827621026149889e-38,-3.083805511671944e-36,-1.7661326307795288e-36,-6.759455883769219e-37,-7.60009479266706e-39,-5.027582848146015e-39,-6.902606149097689e-31,-6.154190889669699e-30,3.692843497088369e-30,-3.556244104179103e-30,-3.0025820328026998e-30,9.710434781504827e-30,1.0158222571479485e-30,-1.8854495094863347e-30,9.333229491891377e-30,4.6282556561817904e-31,-7.062465488718466e-30,5.633468677463299e-31,-3.7416189290648764e-38,-2.0232797837844083e-39,-6.960028542063024e-39,-4.2558856577079246e-40,-1.984399941224717e-39,5.6116185933134246e-39,-0.8502553105354309,-0.4506097435951233,0.0472114831209182,0.268010675907135,-0.0019017027225345,-6.031183147570118e-05,0.0045819971710443,-0.007594580296427,0.4190726280212402,0.8884886503219604,0.1869918406009674,0.0,-2.215354731295046,-0.515833608964232,0.0686385683184256,0.3770192767979451,1.7631996608295685e-15,1.1336748335354678e-16,-1.636696106494986e-22,4.1868785790773243e-22,3.887059014341954e-30,1.8633349073624986e-31,0.9259868542273268,0.0741373188866304,0.0001241731139571,26.45796203613281,-0.9664093640311896,-0.0630788560339777,-1.122788862103444,-0.4297209421257266,0.0719433352461618,0.0185515364605365
n+0.014,1315.0,0.4256232674382361,0.1861684643462296,0.3875707470966018,0.0006375211189325,2.205438999265954e-12,0.9992699200869744,0.0007044624029937,2.5617510031869564e-05,0.0008945484809505,0.3911131534813286,0.6079922980377208,0.000110833725054,1.2126647756040604e-05,5.131452453378141e-05,0.2597651670624568,0.7398149875889719,0.0002455704512273,0.4253125284401631,0.0728129351692301,0.286730647453121,0.9105957703612708,0.0154311204551089,mixed_higher_order,-9.762091124810716e-31,1.3063024429800908e-30,1.1708648729687814e-32,-4.1686099469355876e-32,7.454053260352601e-33,-3.551666505466005e-33,-6.43249572617512e-24,-7.225843270334502e-24,1.9398343782184545e-22,-5.735524437015816e-23,2.05512429072712e-22,1.461993744919975e-22,-2.234709978267488e-38,3.020607387694589e-38,5.098483630432813e-39,-1.1334667154306475e-38,1.724860504864716e-38,-1.8871405210325211e-38,7.181674999805439e-37,-1.0670892797036249e-36,-7.524770101525723e-37,-2.0360892083306035e-36,2.460739761833181e-38,-3.095987629821745e-38,1.68524407379826e-29,-8.323678737489033e-30,-5.4985446990081754e-30,5.509753418168073e-30,-1.1353901481916747e-29,2.813926680056541e-30,5.5135287790359775e-30,4.134030781101029e-31,1.2646705059965088e-29,1.0461254858947819e-29,1.6168314596094368e-29,1.0240210167584844e-29,3.810900876886815e-38,1.8615591515702814e-38,-6.633923804586566e-39,-6.219096047133959e-39,-1.3040488845294363e-38,1.9156648117914638e-39,0.2000999450683593,-0.904553472995758,-0.3211443722248077,-0.1931214779615402,0.012215613387525,-0.0148746147751808,0.0121935168281197,-0.0032953016925603,0.3609766662120819,0.9136354327201844,0.1869918406009674,0.0,-1.4372093683234062,-1.7872472027677626,-0.6154565383380676,0.1796181092415723,1.6675310437322574e-15,1.3056488226876612e-15,-3.4195553345423577e-22,1.429051977475313e-22,1.663408769083729e-30,1.2718850854660332e-30,0.8586274489001916,0.1405891539275981,0.0007833971722102,40.4194564819336,-1.165181954697774,-0.8707487672453277,-0.5344980337927678,-1.4462710007030244,0.1706484871746304,0.5771569899971579
n+0.014,1360.0,0.5002395903660994,0.0351434956293653,0.4642875889756704,0.0003293250288649,1.2978755360028513e-12,0.9996566233158848,0.0002126363271382,0.0001307403569767,0.0009568621013688,0.8505194337629296,0.1485237041357015,1.0451962780686615e-05,1.0681063413210416e-06,5.551726590760959e-06,0.1364653214870809,0.8634883545191349,2.9252198071454573e-05,0.5000678197542964,0.0298902260031377,0.4009069262282581,0.928130435729572,0.000176652671378,clean_balanced_ED_EQ,-3.3942988652028737e-31,1.4106748470070104e-30,-7.566952802248684e-33,-1.9762095630396443e-32,1.239781447841223e-32,1.1028393006803227e-32,-3.357011836405682e-24,1.2057699107817662e-24,7.853005109750335e-23,-7.171053335763793e-23,4.307497496860133e-23,1.0930161354305624e-23,-2.8788617536038175e-39,1.0323164273318905e-38,-6.6235015173147136e-40,-3.3613397944348923e-39,3.5412040975177186e-39,-6.961841532416351e-39,1.590812534789951e-37,-8.51172712771958e-37,-1.5054604222547235e-36,-1.5741607821908496e-36,-5.279050963537288e-39,-1.1526332858144208e-38,8.207976695292706e-30,-9.327279007727101e-30,3.8134357986970727e-31,1.4669983013983004e-30,-8.58932085895373e-30,7.860281484717222e-30,2.4982913485346397e-30,-1.7077602619622858e-30,1.0794151988589494e-29,3.2972517979236575e-30,8.112101036604046e-30,1.3442824477465974e-30,6.7150871527539076e-40,-4.120502925073717e-39,-6.503741815412597e-39,-2.4248592256181747e-39,-6.586293983485796e-39,5.5076964032670953e-39,-0.4275306165218353,-0.8119991421699524,-0.3154740631580353,0.2408324182033538,0.0031344883609563,-0.0098630338907241,0.0073935980908572,-0.0101222312077879,0.3967964649200439,0.8986582159996033,0.1869918406009674,0.0,-2.077710277189185,-1.207105929840611,-0.3288892201475891,0.5973368984454379,1.967177086785092e-15,4.978598942470869e-16,-3.2391106584958423e-22,3.139404983513556e-22,3.2586975087148814e-30,7.7082307716680465e-31,0.8422321394030937,0.1576812630404682,8.659755643813938e-05,18.553300857543945,-1.2166447269524974,-0.2927432799139857,-0.9997603473101936,-1.045383529889254,0.2062999416637502,0.2259186231326602
n+0.014,1414.0,0.4586472350450014,0.0096175600264789,0.5315702940497536,0.0001649108787659,9.669351263050969e-13,0.9996980614055504,2.228034621120576e-05,0.0002796582482384,0.0035833152395611,0.4361293248578288,0.56028735990261,2.4370186730024238e-06,4.539724437793422e-07,1.0687276155647858e-06,0.2983772308689795,0.7016041933310536,1.4616081234563224e-05,0.4585087517435037,0.0041944999611279,0.3729519473555283,0.8628157746566499,0.0046828013817217,mixed_higher_order,-1.23986893259153e-31,1.290372905681189e-30,-5.972537994597127e-33,1.3344554553186353e-33,1.9634098450328824e-32,9.197370302881672e-33,-2.6945282072782078e-24,2.022705012640803e-24,1.5094125315789374e-23,-3.3967777177075745e-23,-4.2086300788817834e-23,1.9272053298917912e-24,-1.05133588073282e-39,5.2677529154250775e-39,-7.429016789960982e-40,-2.1961723709323352e-39,1.7942232372012346e-39,-3.0715789774020386e-39,3.0598108578728647e-38,-1.3287102197685624e-36,-1.8349858686357928e-36,-8.867673522837186e-37,-8.404786840656766e-39,-3.98590507442058e-39,1.8693747499554033e-30,-6.858465653360628e-30,2.7997195879230613e-30,-3.0014418813110804e-30,-4.6690938830911145e-30,9.859907989459059e-30,1.243299817259854e-30,-1.9610594248978142e-30,8.027796241013615e-30,1.0301254099184243e-30,9.469744785054364e-31,2.6619704118890432e-31,-1.9650454737214263e-38,-3.5376629854311354e-39,-5.294315053495618e-39,-8.739853704532261e-40,-2.9821230965905394e-39,5.7742693047948065e-39,-0.7889848351478577,-0.546064019203186,-0.0127886533737182,0.2812333106994629,-0.0015558726154267,-0.002559011336416,0.0054379869252443,-0.0087212771177291,0.4360363781452179,0.8802876472473145,0.1869918406009674,0.0,-2.238781282385715,-0.6584086954157929,0.0031965512467174,0.4318517228125888,1.8334361354337784e-15,1.85160000630385e-16,-2.0307408278740562e-22,4.176035175653804e-22,3.9049475478062526e-30,3.2900197954428628e-31,0.920691952440245,0.0793613570784571,5.330951870208267e-05,15.859785079956056,-1.0703888828680668,-0.1028494876028779,-1.1272968330872477,-0.5447726028853739,0.0939880803232462,0.0417651074191275
