lam_nm,f_ED,f_MD,f_EQ,f_MQ,C_total_exact,px_given_ED,py_given_ED,pz_given_ED,mx_given_MD,my_given_MD,mz_given_MD,Qxx_given_EQ,Qyy_given_EQ,Qzz_given_EQ,Qxy_given_EQ,Qxz_given_EQ,Qyz_given_EQ,Cpx_total_fraction,Cmy_total_fraction,CQxz_total_fraction,ED_EQ_balance,CT_diag_over_CED,class,px_re,px_im,py_re,py_im,pz_re,pz_im,mx_re,mx_im,my_re,my_im,mz_re,mz_im,Qxx_re,Qxx_im,Qyy_re,Qyy_im,Qzz_re,Qzz_im,Qxy_re,Qxy_im,Qxz_re,Qxz_im,Qyz_re,Qyz_im,Qmxx_re,Qmxx_im,Qmyy_re,Qmyy_im,Qmzz_re,Qmzz_im,Qmxy_re,Qmxy_im,Qmxz_re,Qmxz_im,Qmyz_re,Qmyz_im,Tx_re,Tx_im,Ty_re,Ty_im,Tz_re,Tz_im,txx_re,txx_im,rxx_re,rxx_im,tyx_re,tyx_im,ryx_re,ryx_im,tbg_re,tbg_im,rbg_re,rbg_im,E_up_re,E_up_im,E_dn_re,E_dn_im,I0_re,I0_im,I1_re,I1_im,I2_re,I2_im,T,R,en_res,U_proxy,even_px_re,even_px_im,odd_Q_re,odd_Q_im,odd_m_re,odd_m_im
1260.0,0.0087890721969643,0.8812174935973417,0.109468160242946,0.0005252739627479,8.843169887321959e-12,0.8055134856905758,0.0120977716442402,0.1823887426651839,0.016471541644198,0.0585455438159019,0.9249829145399,0.0005859127615002,0.0002221446955509,9.765115030918276e-05,0.0017860082319939,0.932257186539408,0.0650510966212376,0.0070797161813628,0.0515913573827424,0.1020524790837339,0.0802888454273686,0.9739350454987796,MD_contaminated,2.298650329288443e-31,3.1109564629035564e-31,-1.168249562115982e-32,4.5941210698971936e-32,4.7556790558008216e-32,1.778082422842695e-31,-1.430940496860984e-22,8.422314366042706e-23,3.0420545894610564e-22,-7.382656191175057e-23,-1.046385447474959e-21,6.732599801844889e-22,-4.495586044676745e-38,-6.723167718370503e-38,2.0007583882647207e-38,4.560393743911923e-38,2.494827289478689e-38,2.1627777146494754e-38,-3.707324751786934e-38,-9.270959399616384e-38,-6.207443095807316e-37,-2.195116014310421e-36,-3.4142019715826805e-37,-4.965353407710414e-37,3.291396066263268e-29,-9.775607769203467e-30,-3.595712807733968e-29,1.5057029589978988e-29,3.0431720025959924e-30,-5.2814195268310265e-30,-5.3400269412888616e-30,-1.3907239230858504e-30,2.916102158728422e-29,-5.228216072121085e-30,-9.251281449098805e-30,6.761731731773717e-30,-6.919407190200653e-38,4.987006740758425e-38,-2.0325416597065143e-38,2.269433682427519e-39,2.894622730484242e-38,-7.377132383604462e-39,0.2099526822566986,0.2782185077667236,-0.558570146560669,0.7438514232635498,-0.0373934730887413,-0.0592502057552337,0.0442597791552543,-0.0611477494239807,0.3128690719604492,0.9312072992324828,0.1869918406009674,0.0,-0.8350469360282348,-0.5063027602935937,-0.243147448659632,1.2987809779330837,8.925000090736408e-16,-6.540495828573803e-16,-3.014686090708528e-22,9.887404816511118e-23,2.1725201334318115e-30,-1.4362304074883972e-30,0.1263945255624006,0.8710135238305059,0.0025919506070934,113.53473663330078,-0.2896003964177801,0.2139824374033456,-0.4802595820562818,-1.6983248711693029,0.2292435681919663,0.9446077816225692
1261.0,0.0067173430405605,0.8830977685319928,0.1096711349930889,0.0005137534343577,8.549859948262585e-12,0.6593633329190697,0.0161972772988271,0.3244393897821032,0.0216208809952036,0.0547206754732004,0.923658443531596,0.000587974971921,0.0002489072139199,8.946857653388861e-05,0.0002043242432299,0.9144289816775456,0.0844403433168494,0.0044291696955847,0.0483237064029466,0.100286464291151,0.0612498725483588,1.4486914513711946,MD_contaminated,1.9796987878122302e-31,2.2714383822703657e-31,-4.096860416319813e-33,4.704663537771072e-32,5.818191289370125e-32,2.0319021795797383e-31,-1.5483940778099071e-22,1.0582428951673328e-22,2.891602593481664e-22,-7.354528315753507e-23,-9.927832682212685e-22,7.190542819067813e-22,-4.869968346203744e-38,-6.337883246481625e-38,2.2133183249813641e-38,4.70593078408327e-38,2.656648405174675e-38,1.6319514101531823e-38,3.2085892904036447e-38,8.973266249434154e-39,-6.494669636601846e-37,-2.1321289620512988e-36,-4.242108515627059e-37,-5.279969530302981e-37,3.173970595921979e-29,-1.0251596986003832e-29,-3.466509410113535e-29,1.624845915339689e-29,2.9253950456221673e-30,-5.9968725229529624e-30,-7.1598864705478e-30,-1.923590989174216e-30,2.654681149236607e-29,-6.1521029412187686e-30,-1.0335350453269669e-29,8.458478860255577e-30,-6.961343327950225e-38,5.646382892143157e-38,-1.8215622684209683e-38,2.7492355616492565e-39,3.517899457977008e-38,-9.582356162394203e-39,0.2480939775705337,0.2876945436000824,-0.4824824035167694,0.7808489203453064,-0.0477876886725425,-0.0493125207722187,0.0496888905763626,-0.0625217333436012,0.3137894868850708,0.9308975338935852,0.1869918406009674,0.0,-0.7834146668809344,-0.5038695758321369,-0.1415338893645177,1.2850252075520816,7.678291252581522e-16,-6.460115083717383e-16,-2.989960402365746e-22,1.073076531442037e-22,2.047683647654328e-30,-1.5263946974732306e-30,0.1490341600176025,0.8488922590947474,0.0020735808876499,116.7030258178711,-0.2112815806966609,0.1841449420142998,-0.5016851816859511,-1.646977545518778,0.2281890491641615,0.8971779263584237
1262.0,0.005351171736932,0.8841881049149192,0.1099558869988296,0.0005048363493192,8.325100675717523e-12,0.3898984120457264,0.021592290212913,0.5885092977413605,0.0291195722644618,0.050246960349033,0.9206334673865052,0.0005786325247029,0.0002876376318411,7.961086342548667e-05,0.0045580490171088,0.8822723766510167,0.1122236933119048,0.0020864133628137,0.0444277646487466,0.097011041749228,0.0486665323975692,2.0422733341348867,MD_contaminated,1.5196060100789046e-31,1.3668213567336983e-31,5.39183964884388e-33,4.779480579698615e-32,7.604677481317677e-32,2.393120328391137e-31,-1.677989695710626e-22,1.34814997198191e-22,2.73631825679024e-22,-7.122199465091798e-23,-9.308697277990218e-22,7.734877631140201e-22,-5.269550305424815e-38,-5.822450852184018e-38,2.492280997046444e-38,4.944105449089845e-38,2.777268169632267e-38,8.783465645200444e-39,1.118299085764457e-37,1.0855091100032778e-37,-6.696907071888329e-37,-2.0622863309279498e-36,-5.324017381240083e-37,-5.6086836403055865e-37,3.047332249216485e-29,-1.0632209184913149e-29,-3.3266773776048936e-29,1.7607774804919166e-29,2.793448975340143e-30,-6.97557023709389e-30,-1.0007824231577973e-29,-2.209746048988037e-30,2.3659082539648657e-29,-7.089158678757484e-30,-1.1136815336014428e-29,1.0120129122811925e-29,-6.904793896430929e-38,6.371561350278103e-38,-1.5834782641796046e-38,3.096043831184399e-39,4.394783465878848e-38,-1.3477637661796614e-38,0.2944877743721008,0.2949869334697723,-0.3934002816677093,0.8109661936759949,-0.0586854480206966,-0.0357371121644973,0.0556899867951869,-0.0661242082715034,0.3147082030773163,0.930587351322174,0.1869918406009674,0.0,-0.7214750311214195,-0.5079082331614639,-0.0311364961287364,1.256252816567938,6.274242015287831e-16,-6.206700554115245e-16,-2.9508967589454024e-22,1.1550016690943633e-22,1.889562583237862e-30,-1.613611917546202e-30,0.178461463167781,0.8199037344503456,0.0016348023818734,121.37718200683594,-0.1270363961730097,0.1412366511338335,-0.5164876538366638,-1.5905035222477102,0.220805475314047,0.8483250943229322
1263.0,0.0057586189207209,0.8812455843497967,0.112478186185949,0.0005176105435333,8.141449845076623e-12,0.1099655915683587,0.0210642635457502,0.868970144885891,0.041797850493553,0.0459757107124423,0.9122264387940046,0.0005377726074619,0.0003593072836566,6.226548408992486e-05,0.0145619170359136,0.8293155701144899,0.1551631674743879,0.0006332499362338,0.0405158920526834,0.0932799111022441,0.0511976509934184,2.0934221790151635,MD_contaminated,9.611321815876132e-32,5.65755214111085e-32,1.392187117128511e-32,4.6784869341196627e-32,1.0805316879176007e-31,2.9430656029127984e-31,-1.860145533085613e-22,1.7442624773038046e-22,2.588204575465704e-22,-6.736096186818983e-23,-8.684561943188557e-22,8.154487341682707e-22,-5.513024104724574e-38,-5.216842754288215e-38,2.9420307281911607e-38,5.462164677459209e-38,2.5709933689494994e-38,-2.4532063671692036e-39,2.0350568492526194e-37,1.912660299429531e-37,-6.817329832619314e-37,-1.994307169372271e-36,-6.7782804570447804e-37,-6.096242682545669e-37,2.921645215272469e-29,-1.0911367320320672e-29,-3.199006743762661e-29,1.9020571629500012e-29,2.773624548380862e-30,-8.109186940156322e-30,-1.4369851288534922e-29,-1.8654343752689352e-30,2.12198419563198e-29,-7.585056406599017e-30,-1.1769921602116269e-29,1.1973957831428657e-29,-6.766209634577184e-38,7.063805959970351e-38,-1.3597180464475023e-38,2.845932626016125e-39,5.707329244530741e-38,-2.0628764280137566e-38,0.3398880660533905,0.2953049838542938,-0.3057109117507934,0.8295904397964478,-0.068853348493576,-0.0196001809090375,0.0639002546668052,-0.0734366551041603,0.3156250417232513,0.9302767515182496,0.1869918406009674,0.0,-0.6640198289070357,-0.5214347724941977,0.070356714968794,1.21650610676541,4.977787325022991e-16,-5.785483964028238e-16,-2.9092766420981104e-22,1.2296537199162891e-22,1.731116747431235e-30,-1.6727859794996675e-30,0.2078538816251435,0.7911556442245349,0.0009904741503216,126.8981475830078,-0.0525413198851287,0.0892597224826832,-0.5249428043497217,-1.5356411145253372,0.208669987629292,0.8017709393777974
1264.0,0.0091382692578599,0.8720989078794701,0.1181962346014342,0.0005665882612357,8.040533058483682e-12,0.0060490688519778,0.0139685664218355,0.9799823647261866,0.0653855617652682,0.0412719155887355,0.8933425226459961,0.000427781379742,0.000464031857306,6.922008353914743e-05,0.0306188801389998,0.7428404605119093,0.2255796260285036,5.5278019928707e-05,0.0359931925110299,0.0878009453421031,0.0773143855950637,1.4368298312257977,MD_contaminated,2.18785220743758e-32,-2.4434890044981047e-32,2.413443538756312e-32,4.3607603479931054e-32,1.686560227983559e-31,3.818768019819483e-31,-2.0986590729760025e-22,2.3598696099100725e-22,2.4354706060612695e-22,-6.03115258605161e-23,-7.921809403755577e-22,8.573666964119559e-22,-5.483377690791647e-38,-4.209248239528846e-38,3.586652103724996e-38,6.242633897477586e-38,1.8967215033841855e-38,-2.0333858405397762e-38,3.136018529648241e-37,2.6956920823016606e-37,-6.807518781295674e-37,-1.919769874440921e-36,-8.992146300251088e-37,-6.718099139621228e-37,2.7899259946177175e-29,-1.1009480846950903e-29,-3.068034565085462e-29,2.0770810886850878e-29,2.7810926743163153e-30,-9.761325393474061e-30,-2.160404515280737e-29,-1.9509710781184678e-31,1.8447903433328505e-29,-7.983889756322966e-30,-1.2199546683675267e-29,1.4105383977692966e-29,-6.505441962678295e-38,7.815859199673179e-38,-1.0879525466306904e-38,2.0300893266273785e-39,7.782038567582998e-38,-3.435859201532782e-38,0.3921320140361786,0.2892900109291076,-0.2060656547546386,0.8358855843544006,-0.0790092870593071,0.0045273066498339,0.0739300027489662,-0.0871551930904388,0.3165402114391327,0.9299656748771667,0.1869918406009674,0.0,-0.6003804199845717,-0.545601841307551,0.1759971201143301,1.157764100206112,3.594924694278859e-16,-5.124679318663504e-16,-2.8535930068642204e-22,1.3010205633799317e-22,1.5437893468134541e-30,-1.7197664301591727e-30,0.2437191908025546,0.7542294371900498,0.0020513720073955,135.4745330810547,0.022674570996878,0.020302366868399,-0.5233582590380403,-1.4759084058668557,0.186684518104391,0.7538603110481256
1265.0,0.0196114501923597,0.8483650471557784,0.1312982449965387,0.000725257655323,8.191409578747409e-12,0.0338295131444946,0.0067928191186751,0.9593776677368302,0.1158304046615875,0.0358933160609324,0.8482762792774801,0.0002566127824141,0.0006777093173181,0.000190219789045,0.0477050200056325,0.6048236755163342,0.3463467625892559,0.000663445812065,0.0304506347726101,0.0794122871276507,0.149365668923273,0.6973987545247592,MD_contaminated,-6.623193001589243e-32,-9.385205039262896e-32,3.4490520401064743e-32,3.8208345992401246e-32,3.0214364081204564e-31,5.318883749814977e-31,-2.4808895145508595e-22,3.3778875596145683e-22,2.2791258787380785e-22,-4.985741143317094e-23,-7.09059173020403e-22,8.85207094965313e-22,-4.929429112479282e-38,-2.880082582742473e-38,5.032688567972207e-38,7.794392077786176e-38,-1.0325778021067464e-39,-4.914311352552524e-38,4.395457892156046e-37,3.3131037642453148e-37,-6.676211195151623e-37,-1.8426670661633173e-36,-1.2613849587297006e-36,-7.800651958106285e-37,2.648273925671012e-29,-1.095775356606299e-29,-2.955866062440908e-29,2.3195108580918432e-29,3.0759236982725885e-30,-1.2237366667723569e-29,-3.413284018896927e-29,5.7924047742955205e-30,1.641156969090513e-29,-8.349448978060297e-30,-1.2367656220940977e-29,1.6311993602204452e-29,-6.129829055436357e-38,8.525472818735997e-38,-8.261380186507087e-39,1.5707953507987282e-40,1.1306464034472705e-37,-6.487379657621968e-38,0.4426432847976684,0.2732740938663482,-0.1049264073371887,0.8279335498809814,-0.08632792532444,0.0365998521447181,0.0850194469094276,-0.1104111447930336,0.3174538016319275,0.92965430021286,0.1869918406009674,0.0,-0.5435341079269473,-0.5827309668615659,0.2750919560585442,1.0834854591513674,2.3181736446982243e-16,-4.2302127747406944e-16,-2.7935116108428324e-22,1.3729277526481781e-22,1.3470320910701023e-30,-1.727697824692985e-30,0.2794038678227808,0.7159024412225065,0.0046936909547126,151.71832275390625,0.087021988599697,-0.0614119162518754,-0.5124522419206728,-1.4143933461160307,0.1542035108991341,0.7049086628846943
1266.0,0.0558214068638608,0.7745166522980655,0.1683428576961635,0.0013190831419101,9.88833365224328e-12,0.0442221997043556,0.0022575794768899,0.9535202208187544,0.2825502514779441,0.0259125484429838,0.6915372000790719,2.2645706917009943e-05,0.0010884286094501,0.0009007882662342,0.0537100551738214,0.3445670441903007,0.5997110380532763,0.0024685454021117,0.0200697002725713,0.0580054008869155,0.3315935563159504,0.2161895969281202,MD_contaminated,-1.8378959069970475e-31,-1.6023416394375901e-31,4.818688719713991e-32,2.670540908802495e-32,7.269988283038009e-31,8.679935451178376e-31,-3.3080340731586554e-22,6.035484797301908e-22,2.0662689218119435e-22,-2.735471235744706e-23,-6.012928415902962e-22,8.932100108616619e-22,-2.11302815356987e-38,-9.050280853733232e-40,9.34474249256906e-38,1.129898007883637e-37,-7.23170773915532e-38,-1.120848017304318e-37,6.147309214249549e-37,3.905868718306873e-37,-6.242008571029367e-37,-1.735912587564741e-36,-2.2083660668518352e-36,-1.0227395683513657e-36,2.4597667732679438e-29,-1.0485682129554476e-29,-2.884015476109876e-29,2.884588741884069e-29,4.242489366371088e-30,-1.8360201782358558e-29,-6.236948327798838e-29,2.903469572794453e-29,1.502604642411171e-29,-1.0262894029414261e-29,-1.2217500031162289e-29,1.936210880318021e-29,-5.565555666928602e-38,9.328672101783278e-38,-4.7736297117910955e-39,-4.656254821536566e-39,1.916788011881252e-37,-1.6230193699947388e-37,0.4927857518196106,0.2428391426801681,0.0190163552761077,0.8010193705558777,-0.0928287878632545,0.0983707532286644,0.1036262363195419,-0.163893923163414,0.3183653950691223,0.9293424487113952,0.1869918406009674,0.0,-0.4940317599107443,-0.6354616230898704,0.3892862114275041,0.9776831629662276,9.744408609302864e-17,-2.95343362949767e-16,-2.7066637246822274e-22,1.4826852460858412e-22,1.1105928934278544e-30,-1.7047816294300762e-30,0.3201026353609938,0.6795932686773702,0.0003040959616359,214.9399871826172,0.1484558024483449,-0.1702797362150198,-0.4783671308104579,-1.3303466574929124,0.0845382994873173,0.6385695402346996
1267.0,0.1709645147917237,0.5684245534139366,0.2572203559550932,0.0033905758392463,5.7292459619324685e-11,0.0105214721150864,0.0002953001762696,0.989183227708644,0.9184386854515126,0.0080951805667001,0.0734661339817872,0.0004160355430904,0.0016107494209744,0.0036070911785249,0.0166576452567229,0.0265275935405477,0.9511808850601394,0.0017987983750504,0.0046014993984316,0.0068234370531317,0.6646616833916971,0.011612273716382,MD_contaminated,-4.922841602921301e-31,-9.727274070150539e-32,6.622735764753786e-32,-5.178053669735332e-32,4.783842690585982e-30,8.879911817500759e-31,1.958802179005316e-22,2.555356559745147e-21,2.0112784890017624e-22,1.3206168782439896e-22,-4.0168102067226802e-22,6.0336189027704935e-22,2.703284195876508e-37,-4.305165816389022e-39,5.156330212338947e-37,1.3086490520768433e-37,-7.859617717816884e-37,-1.2655982518453e-37,1.1866533589119522e-36,2.349442328855933e-37,-1.7214387309368798e-37,-1.5168286518805287e-36,-9.072074450751812e-36,1.121178599586254e-36,2.0884249306059362e-29,-3.7537522940391145e-30,-1.1682295116987045e-29,6.532927246716912e-29,-9.201954189072317e-30,-6.15755298476881e-29,-1.0589976292591876e-28,2.943817415223536e-28,6.67788191314462e-30,-3.167591984802805e-29,-8.212687819545569e-30,2.6793535070503044e-29,-3.499614001756446e-38,1.00378409768021e-37,-9.892851487779283e-39,-3.862446967352131e-38,2.0276492219825818e-37,-1.0974500750537888e-36,0.4529211819171905,0.1388885527849197,0.2501179277896881,0.5431075692176819,0.054267942905426,0.3939992487430572,0.0292921084910631,-0.4937257170677185,0.3192753493785858,0.9290302991867064,0.1869918406009674,0.0,-0.58073683794907,-0.7222295500784308,0.5101773557438883,0.5509594352198622,6.566892837223225e-17,1.2276116577452334e-16,-2.137830171108349e-22,1.8335957987723705e-22,7.515603514282662e-31,-1.2433594720513176e-30,0.3826080447612343,0.6021479208572318,0.0152440343815338,1619.22265625,0.0900513652431134,-0.4557377575892642,-0.1317172703574467,-1.1606136543525627,-0.4078075759448945,0.6210844482319124
1268.0,0.0966490817136802,0.7336668509317456,0.1675789198810216,0.0021051474735525,1.3715021818184694e-11,0.0237347151731533,0.0004699586744532,0.9757953261523934,0.2974939676314747,0.0387712247977422,0.6637348075707831,0.001855621332825,0.0008914288929904,0.005238135671374,0.0247218092933149,0.3176941240092376,0.6495988808002578,0.002293938426221,0.0284451624041263,0.0532388381540153,0.576737705328925,0.0869250142853729,MD_contaminated,-2.2331112445055656e-31,-1.6506467300049402e-31,8.679201547564375e-33,3.809946811211094e-32,-1.0689363639097933e-30,-1.4239869352087856e-30,6.268121901796525e-22,-5.162752279175903e-22,2.8130998728357594e-22,-8.249906813413127e-23,-6.881945119675583e-22,9.988202348118952e-22,-1.6310874368564525e-37,-1.564730971361648e-37,-8.24497431046868e-38,-1.332086194303617e-37,2.455584726517229e-37,2.8968169568584063e-37,5.362077263505769e-37,2.29776435382122e-37,-6.751499970915423e-37,-1.979265541536301e-36,1.9490407589005847e-36,2.2679286396734604e-36,2.7827377206486463e-29,-1.1435877597297209e-29,-1.0349378632506938e-29,4.3427572841903854e-30,-1.7478010337782542e-29,7.093114431205316e-30,9.912102310852237e-29,-6.735651042778876e-29,4.770263296886971e-31,6.885766815600026e-30,-9.447121997815379e-30,1.8702136386834578e-29,-5.078737934624473e-38,9.445981322238622e-38,-1.900796117022789e-38,1.1017016262491757e-38,-3.380306930295135e-37,2.4795294216102146e-37,0.5893355011940002,0.2774209678173065,-0.0134151428937911,0.7504611611366272,0.0274969842284917,-0.0559697709977626,-0.065304160118103,-0.0246878806501626,0.3201835453510284,0.9287176728248596,0.1869918406009674,0.0,-0.346511499785428,-0.6442695819377714,0.289255068443257,0.919592791653114,5.878697188591345e-17,-2.4162394970142113e-16,-2.6272565466709726e-22,1.068498801103412e-22,1.0715592950554697e-30,-1.7123029456946642e-30,0.4281674257594784,0.5682460452131229,0.0035865290273986,313.9506530761719,0.1526900179493766,-0.2065698188524501,-0.5157819560243606,-1.5120631813715184,0.2545568864474462,0.868002464864833
1269.0,0.0393052362659907,0.8331076919008645,0.1266574065343584,0.0009296652987863,7.819280991798884e-12,0.2672812531928247,0.0020585603625871,0.7306601864445881,0.0689581305487908,0.0425965168402148,0.8884453526109942,0.0019973536308796,0.0001821870198192,0.0033855592462474,0.1096362898787347,0.6274117443102503,0.2573868659140687,0.010505552806214,0.0354874858277676,0.0794663443635342,0.3103271837113485,0.4013629934979428,MD_contaminated,-3.882044546380114e-31,-2.264479593212352e-31,2.8232710161541246e-32,2.754168709180793e-32,-6.324538405617563e-31,-3.900687895472991e-31,2.4066917501051128e-22,-2.033442959277912e-22,2.4034350208268706e-22,-5.963201053889278e-23,-5.1154275239567515e-22,1.0086177230377656e-21,-1.3339058972715914e-37,-7.755604612118827e-38,-3.9630589646613644e-38,-2.4516181892906593e-38,1.7302118924786424e-37,1.0207225454474717e-37,7.452558550829386e-37,3.130706319697754e-37,-6.445068002206359e-37,-1.8231598555748627e-36,8.186792393374483e-37,9.293869091093856e-37,2.5099228288173518e-29,-1.1185503792740081e-29,-1.5500839886276102e-29,1.1261394565367497e-29,-9.598388401897413e-30,-7.587071100097623e-32,2.3140724988117925e-29,-4.665900034505256e-29,4.433400535273084e-30,5.1075219277376316e-30,-9.447595186768619e-30,2.1838968531935025e-29,-4.236903758604014e-38,1.0284440462421482e-37,-1.1386863073619523e-38,5.086626349306748e-39,-9.854943481395783e-38,1.4831618445685056e-37,0.652406632900238,0.2054314613342285,0.1365547478199005,0.7061148285865784,0.0028929144609719,0.0210740566253662,-0.0229069609194993,-0.0873143300414085,0.3210901319980621,0.9284046292304992,0.1869918406009674,0.0,-0.3041649123408295,-0.7565446697249903,0.4202364747786114,0.7889475770122659,-8.420002182299668e-17,-4.53326777798952e-17,-2.5985990796455856e-22,1.2185394901177504e-22,7.600573908346169e-31,-1.6207760370488987e-30,0.4682889847748703,0.5253938713911571,0.0063171438339726,161.36090087890625,0.2093064216840566,-0.3588183595279292,-0.4915963408313943,-1.3906117258103048,0.1838539187073611,0.7410129944374889
1270.0,0.030034399193898,0.8462408653152611,0.1231020171127746,0.0006227183780661,6.8424036073130065e-12,0.6255108163611156,0.0029741219135438,0.3715150617253406,0.0322293916161454,0.0422739308266882,0.9254966775571664,0.0017225499422422,3.049058517539929e-05,0.0020984264148823,0.1706651998385648,0.685389011926641,0.140094321292494,0.0187868415586908,0.0357739278030541,0.0843727698751011,0.2439797486533735,0.6162911539448434,MD_contaminated,-5.07618417671981e-31,-2.437098529027551e-31,3.206888113593802e-32,2.1889882748582847e-32,-4.210736727131942e-31,-1.0496504365568608e-31,1.7116844994380512e-22,-1.0987177254081672e-22,2.2788062525586666e-22,-4.8314432550955193e-23,-4.163314160448073e-22,1.0073026310601649e-21,-1.214317895846991e-37,-5.29144275956469e-38,-1.6802147871673422e-38,5.316014932724183e-39,1.3823394891231414e-37,4.759841095716447e-38,8.796409037667615e-37,3.0889479465702063e-37,-6.156191106482543e-37,-1.763985298246651e-36,5.068355311119397e-37,6.7572689494110086e-37,2.3836212433974763e-29,-1.0885609333779557e-29,-1.5381551093067987e-29,1.3029038267368054e-29,-8.454663708546442e-30,-2.143424198309148e-30,-3.9035730362157324e-31,-3.202073555845572e-29,5.542844546102367e-30,5.387198281468935e-30,-8.429270773025769e-30,2.3971364409576307e-29,-3.50865644713257e-38,1.0738718021992149e-37,-9.972686436181327e-39,2.7620874859600888e-39,-3.21765291107667e-38,9.937706530953436e-38,0.6971527338027954,0.1556691974401474,0.2209360003471374,0.6518716812133789,0.0221769455820322,0.0430642738938331,-0.0387460067868232,-0.1077852472662925,0.3219947218894958,0.928091287612915,0.1869918406009674,0.0,-0.2721038899963106,-0.8359471192395714,0.4726674440381513,0.6814642673826902,-1.5436976539254594e-16,1.0603214093772791e-16,-2.553339161550464e-22,1.253834372085115e-22,5.689138197813261e-31,-1.5210355367421068e-30,0.5126011818817224,0.4868683175875278,0.0005305005307497,142.15475463867188,0.2250842622267342,-0.4688235443644159,-0.4688231332625861,-1.3433584179709666,0.148842934280843,0.7020349642534673
1271.0,0.0338681948592417,0.8381328225181358,0.127471485208034,0.0005274974145884,6.3345396549210566e-12,0.8542073325070079,0.0028513627154851,0.142941304777507,0.0237701577188667,0.0427919029481415,0.9334379393329918,0.0014928703125584,3.015697277637586e-05,0.0013682714803234,0.2197414497310177,0.6769916783430848,0.1003755731602391,0.0289304603875404,0.035865298398848,0.0862971347118726,0.2656923217295905,0.5947865930963675,MD_contaminated,-6.295247293794637e-31,-2.390628095505681e-31,3.4184750979438345e-32,1.857516745117166e-32,-2.746184552085304e-31,2.15522978214026e-32,1.4747091867640485e-22,-7.948066305651923e-23,2.2120920646454232e-22,-3.9872885967394113e-23,-3.242174781830444e-22,9.98484111683802e-22,-1.1483087620983297e-37,-3.82104850759254e-38,8.950704929756722e-40,1.7177346881553312e-38,1.1393582030086172e-37,2.1033132684078462e-38,1.0005930507599332e-36,2.7699695029604996e-37,-5.836131918892632e-37,-1.7263523131685204e-36,4.144560528428813e-37,5.6622062994327184e-37,2.2892222764624495e-29,-1.0544226775603141e-29,-1.4547089657474536e-29,1.3363931980082958e-29,-8.345131325820746e-30,-2.8196945165045265e-30,-1.1053664367736742e-29,-1.9282594244841865e-29,5.968689114447398e-30,5.903077415452372e-30,-7.027539701416357e-30,2.567145260666941e-29,-2.691226203967826e-38,1.1043406999709982e-37,-9.253794711860515e-39,1.7480467142597083e-39,-2.692376128372608e-39,6.506859519050748e-38,0.7398134469985962,0.0990302041172981,0.289154052734375,0.5811142921447754,0.0448445193469524,0.0433360822498798,-0.0627141445875167,-0.1049704328179359,0.3228977024555206,0.9277774095535278,0.1869918406009674,0.0,-0.2456202445535207,-0.9235431678882832,0.4967652557527398,0.5668402600608469,-1.9708802720332768e-16,2.700895152448887e-16,-2.5097264730175284e-22,1.2508334492268177e-22,3.945706322326496e-31,-1.3895410041206371e-30,0.561019964627686,0.4362557424449658,0.0027242929273482,135.619384765625,0.2206186549290338,-0.5809556881781877,-0.4437500149920391,-1.3126311664925985,0.1227403001636981,0.6809460549866957
1272.0,0.0419417498767571,0.8248519508671127,0.1327059869926094,0.0005003122635207,5.999670537260565e-12,0.947512646188198,0.0026375281888296,0.0498498256229723,0.020460125964683,0.0435070379461993,0.9360328360891176,0.0013364245539102,6.615587148029122e-05,0.0009436482547737,0.2607047930918777,0.6582134937133273,0.0787354845146307,0.0397403384114897,0.035886865126372,0.0873488713350808,0.3160501709624672,0.5090288336969392,MD_contaminated,-7.362176867710355e-31,-2.231574942982868e-31,3.6463225333180457e-32,1.7827829307500362e-32,-1.6129751279396058e-31,7.154913901383928e-32,1.3130993978460066e-22,-7.311532123505942e-23,2.165342387117009e-22,-3.383870375785053e-23,-2.500425897325728e-22,9.853257312692716e-22,-1.1040889316392577e-37,-2.826965619208624e-38,1.4957449955710651e-38,2.047614854190979e-38,9.545152152204305e-38,7.79351300468813e-39,1.1017357161329008e-36,2.3050075941718972e-37,-5.5734536306835216e-37,-1.6994408348831603e-36,3.93795108219974e-37,4.770301758713756e-37,2.2106787261455957e-29,-1.0236397834553628e-29,-1.3799280042098597e-29,1.3228510545119622e-29,-8.307504836768149e-30,-2.992115093155201e-30,-1.4544073854889128e-29,-8.228341523363495e-30,6.368655594326355e-30,6.130264439744154e-30,-5.493927874680605e-30,2.721508949880667e-29,-1.9427632653438147e-38,1.1248549171630203e-37,-8.820648741952724e-39,1.487600028634874e-39,8.858443904822148e-39,3.838164573183047e-38,0.7736849188804626,0.0455850735306739,0.340445339679718,0.5141338109970093,0.0605667494237422,0.0302768517285585,-0.0819738209247589,-0.0881106480956077,0.3237990438938141,0.9274632930755616,0.1869918406009674,0.0,-0.2292914197280302,-1.0037043819120135,0.5053358190874563,0.465893327176387,-2.187157483197666e-16,4.171920711162081e-16,-2.4765462585042758e-22,1.2387515646492895e-22,2.5822274004158355e-31,-1.2569960279893083e-30,0.6052513715182166,0.3947197985447795,2.8829937003926887e-05,132.33895874023438,0.2057785623961229,-0.6788829461933329,-0.4231112291792526,-1.2901381229875697,0.1040834473257588,0.6660311278603255
1273.0,0.0543865192918322,0.8054813242274513,0.1396292123242961,0.0005029441564202,5.6851953615628215e-12,0.9804442333250224,0.0023779017024109,0.0171778649725666,0.0181793281816225,0.0452504894200811,0.9365701823982964,0.0012055964877465,9.609297428352726e-05,0.0006906138354928,0.2988111919191749,0.6369621683452548,0.0622343364380474,0.053322949210297,0.0364484241400272,0.0889385258464236,0.3895067399328783,0.4093717579652469,MD_contaminated,-8.482141603421294e-31,-1.880642773305324e-31,3.964654188941551e-32,1.6089668271093475e-32,-8.089752178883625e-32,8.173541990496929e-32,1.1405374427352084e-22,-7.49782787576764e-23,2.135359169299154e-22,-2.7832966610317587e-23,-1.712216381314659e-22,9.6460933683703e-22,-1.0663182715480176e-37,-1.9174707661432768e-38,2.4638513104388724e-38,1.8125425751509776e-38,8.199331388420317e-38,1.0492852658484907e-39,1.1948827897767584e-36,1.640387751389062e-37,-5.243710538912995e-37,-1.6810275523419788e-36,3.906992486711294e-37,3.877103654760073e-37,2.1429641957176658e-29,-9.85147429239986e-30,-1.305947702157986e-29,1.2858325812769798e-29,-8.370164935596797e-30,-3.0068676534805937e-30,-1.3929211822065976e-29,1.9042205535522428e-32,6.349756333252621e-30,6.419950302677002e-30,-3.640332152107629e-30,2.831119999224977e-29,-1.1025828373884403e-38,1.132066757185289e-37,-8.0558243729402e-39,1.3781086405815578e-39,1.1012966100273491e-38,1.9327807324997662e-38,0.8044490218162537,-0.0178146325051784,0.3814818263053894,0.4333047866821289,0.0671867430210113,0.0139538617804646,-0.0913091674447059,-0.0650325864553451,0.3246985375881195,0.9271487593650818,0.1869918406009674,0.0,-0.2217800687582737,-1.0954049859655306,0.4940487292325847,0.3573041872462111,-2.1717559110417974e-16,5.801649632113723e-16,-2.449865189752388e-22,1.2080152399326444e-22,1.3239939151320999e-31,-1.0851754003748797e-30,0.6521643585287816,0.3458480233234578,0.0019876181477604,129.26063537597656,0.1732820868829353,-0.7815430017547438,-0.3974534621739267,-1.2741554205365857,0.0855433306958498,0.6562927270068987
1274.0,0.068453876411744,0.784110710697659,0.1469179438365868,0.0005174690540101,5.419685184663783e-12,0.9911263108494572,0.0022793711176423,0.0065943180329002,0.0157603246940838,0.0474513491512709,0.9367883261546452,0.0011065486203201,0.0001169250577882,0.0005385651490847,0.3315059142636409,0.6185029682703834,0.0482290786387824,0.0678464379913165,0.0372071111065657,0.0908691843551104,0.4659327147123946,0.3356905632219384,MD_contaminated,-9.475588964780906e-31,-1.4348256174989895e-31,4.3810150860871175e-32,1.3889352714902743e-32,-2.8115175962736145e-32,7.294071149534619e-32,9.529757481091408e-23,-7.716065694444534e-23,2.1153013866288711e-22,-2.2884994521497398e-23,-1.0185083380927936e-22,9.398537890560429e-22,-1.035089049135138e-37,-1.1982295578493134e-38,3.0842304019251794e-38,1.4001554737579842e-38,7.26665527233932e-38,-2.019254185453072e-39,1.2719693967062496e-36,9.216228129329116e-38,-4.943725703612319e-37,-1.6703386061170288e-36,3.8201733342464135e-37,3.0112999640360964e-37,2.0857955242871237e-29,-9.481907512800896e-30,-1.2439475022917701e-29,1.247735365542269e-29,-8.418479620551178e-30,-2.9954461426217943e-30,-1.1322431189297937e-29,5.4085549140125884e-30,6.0501234278875986e-30,6.741383595905859e-30,-1.752655786578891e-30,2.9203923362171876e-29,-3.152582646100465e-39,1.130458896682583e-37,-7.074844044850187e-39,1.2289918732084189e-39,8.69063523077969e-39,6.78764447708313e-39,0.8272672891616821,-0.0804518610239029,0.4093771576881408,0.3553914427757263,0.066216841340065,-0.0007010751869529,-0.091791845858097,-0.0424305647611618,0.3255963921546936,0.9268337488174438,0.1869918406009674,0.0,-0.224146547238478,-1.181991268442195,0.4713816660029846,0.2607278800774172,-1.9823042041396962e-16,7.293249902143806e-16,-2.4347815382633154e-22,1.1746803990013622e-22,3.3781854333718107e-32,-9.1722148683068e-31,0.6952288312426008,0.3041188306270211,0.000652338130378,126.4209213256836,0.1321008030794669,-0.8723937575636254,-0.3741277242881681,-1.2640668575940883,0.0702807594305282,0.6496177560238248
1275.0,0.085178748177624,0.7581770297645722,0.1561064708788574,0.0005377511789462,5.147931939320683e-12,0.9948067214951736,0.002115055039327,0.0030782234654993,0.0136171729862827,0.0509985777029863,0.9353842493107308,0.0010021919900784,0.0001219817950954,0.0004402759203643,0.3584397902542979,0.6030652631233854,0.0369304969167783,0.0847363912156451,0.0386659501650679,0.0941423899358212,0.5456452105929989,0.275359504531475,MD_contaminated,-1.0422623198606287e-30,-8.182552506508922e-32,4.7132218195918326e-32,1.011882032595997e-32,4.5627978954662456e-33,5.79763932560831e-32,7.756611066908822e-23,-7.715132237795745e-23,2.1093065731323212e-22,-1.8262246111301769e-23,-3.343247713062361e-23,9.061121389439642e-22,-9.974831383697255e-38,-4.6806537659875134e-39,3.369361588168249e-38,8.856507695057157e-39,6.605475336645171e-38,-4.175858231596624e-39,1.3353520686430896e-36,6.43388640409212e-39,-4.625027090553785e-37,-1.6692178031312495e-36,3.6413787160503273e-37,2.2611854404303987e-37,2.0389640571600394e-29,-9.083011432497183e-30,-1.1818788167034104e-29,1.2045173747135395e-29,-8.570852404566289e-30,-2.9621611120651573e-30,-8.226292375535678e-30,8.584956181350625e-30,5.6846061217187956e-30,7.328893278569731e-30,2.4097820283232064e-31,2.9667424343739565e-29,4.869986622623496e-39,1.1150863830879754e-37,-6.048473469104675e-39,8.196537665132084e-40,4.88581124552802e-39,-1.0114873126806594e-39,0.8425970077514648,-0.1492887884378433,0.4237244725227356,0.2713812589645386,0.0616506412625312,-0.0114341685548424,-0.0862982124090194,-0.0235090553760528,0.3264925181865692,0.9265185594558716,0.1869918406009674,0.0,-0.2391359992947707,-1.2727085772052538,0.4310731557127129,0.1670813691098642,-1.5468798807803795e-16,8.797124076001837e-16,-2.431592001890872e-22,1.1328034901616336e-22,-4.12122808817951e-32,-7.264740954263585e-31,0.7361884016035831,0.261190273481515,0.0026213249149018,122.7858428955078,0.0752756266968465,-0.9588322133907282,-0.3494606602992723,-1.2612379219506404,0.0560401213937322,0.6472686639666944
1276.0,0.1028671390608112,0.7307670639447946,0.1658048838611676,0.0005609131332266,4.911671782293786e-12,0.9961607309318774,0.0020178461405326,0.0018214229275897,0.0117046520706429,0.0551541733662367,0.9331411745631204,0.0009354962909395,0.0001248907789391,0.0003827801658545,0.3798415931199216,0.5905139866525079,0.0282012529918372,0.1024722044356887,0.0403048533351469,0.0979101029753141,0.6204107904743281,0.2310895842318312,MD_contaminated,-1.1246633360987851e-30,-1.4496554330724686e-32,5.02854717161869e-32,5.825978685599041e-33,2.3780901759356194e-32,4.1804199136509456e-32,6.18324960073111e-23,-7.528122467005562e-23,2.1097111016219241e-22,-1.456107437498488e-23,2.426252361138198e-23,8.695016751965327e-22,-9.733990670587613e-38,1.4132813183778352e-39,3.532137277293155e-38,4.196182384189617e-39,6.201848402681885e-38,-5.6094605803339803e-39,1.3846328108343913e-36,-8.23805983909492e-38,-4.346502750707723e-37,-1.6739722660363183e-36,3.405778915441733e-37,1.6386958718225678e-37,2.0003539793794962e-29,-8.717441744687839e-30,-1.1267830286912579e-29,1.1632751244704785e-29,-8.735710110057514e-30,-2.9153167381185867e-30,-5.1954237078726285e-30,1.0226115460471348e-29,5.5721620729459334e-30,7.971634989581372e-30,2.2993533836081115e-30,2.995007754658653e-29,1.2308404092846087e-38,1.0932506653340684e-37,-5.3043048860126885e-39,2.8788528498433446e-40,8.059521776195249e-40,-5.6117952913192824e-39,0.8509190678596497,-0.2156849205493927,0.4277308285236358,0.1928537040948867,0.0553026385605335,-0.0193302035331726,-0.0781272277235984,-0.0091896373778581,0.3273869156837463,0.9262028336524964,0.1869918406009674,0.0,-0.2618646482081737,-1.3572096091736587,0.3839977238109034,0.085441477690488,-9.921926812845018e-17,1.0154128457329225e-15,-2.4381841898495745e-22,1.092494546174285e-22,-9.335076157401354e-32,-5.390325051320028e-31,0.7740152835999238,0.2263345259995456,0.0003498095994693,119.25237274169922,0.0133256952490787,-1.033826420592972,-0.3279011892780623,-1.2628486126286862,0.0446475679259938,0.6468854377648624
1277.0,0.1221678213454553,0.7000503326523622,0.1771977160676467,0.0005841299345357,4.668551140617214e-12,0.996744756266942,0.001922067805668,0.0013331759273898,0.0099810831878792,0.0608587732857119,0.9291601435264089,0.0008375384153897,0.0001163850271766,0.0003312922785158,0.3944056511477979,0.5830897333619224,0.0212193997691973,0.1217701353106392,0.0426042044834773,0.1033221690142257,0.6894435439496115,0.1949691014076579,MD_contaminated,-1.195432077450164e-30,6.585008296546781e-32,5.257188746283346e-32,5.244248649482514e-34,3.4035564246734076e-32,2.754610376948865e-32,4.7827588980848034e-23,-7.144727086318569e-23,2.119827376602084e-22,-1.1685435509405362e-23,7.862437236713036e-23,8.258164941987659e-22,-9.2781124319605e-38,7.15026806846912e-39,3.468897164017823e-38,-3.7402711754434654e-41,5.80921582375137e-38,-7.112862321306561e-39,1.4171321898782036e-36,-1.7507871478962666e-37,-4.097046694556804e-37,-1.687150840435769e-36,3.115858309562116e-37,1.1229382847890328e-37,1.9741291247563448e-29,-8.355098044724014e-30,-1.0770967731179589e-29,1.1182548426825189e-29,-8.970322306247475e-30,-2.827457037851286e-30,-2.5201356423557747e-30,1.0822753097453432e-29,5.3700866953099555e-30,8.760327339559008e-30,4.2108368489405994e-30,2.983776405234347e-29,1.9215215004032233e-38,1.0588862283474034e-37,-4.51123239785874e-39,-4.266674178132577e-40,-2.8447123859706357e-39,-8.058027334259336e-39,0.8496488332748413,-0.2840156555175781,0.4175668954849243,0.1150815337896347,0.0487401038408279,-0.023716751486063,-0.0677715316414833,0.0018621484050527,0.3282796740531921,0.925886869430542,0.1869918406009674,0.0,-0.2982242430878193,-1.4393669561841045,0.3229220125420135,0.0139663823743441,-2.1144568385135558e-17,1.1411633559181658e-15,-2.458014318882523e-22,1.0514877513092928e-22,-1.1106667506177014e-31,-3.42509286471788e-31,0.8055061144878451,0.1922023197220075,0.0022915657901472,114.78902435302734,-0.060484095860227,-1.0980187892064317,-0.3085982798609389,-1.2707979333409505,0.035802146601224,0.6494783223552956
1278.0,0.1417626101862936,0.6687880198141173,0.188840262642372,0.0006091073572169,4.455709642181465e-12,0.9970600231712676,0.001808566167568,0.0011314106611644,0.0085397899336624,0.0672183451702837,0.9242418648960538,0.0007659613919248,0.0001102498981472,0.0002953856959268,0.4045763616291798,0.5781813539810091,0.016070687403812,0.1413458313971653,0.0449548239616159,0.109183918740696,0.7507011915926288,0.1674875470427212,MD_contaminated,-1.253512507517774e-30,1.4716445038064131e-31,5.356301761737035e-32,-4.5227556566146336e-33,3.9408297799751366e-32,1.5955628430886351e-32,3.640305715710928e-23,-6.678117862798336e-23,2.1316411045467527e-22,-9.757022822570144e-24,1.233503605439987e-22,7.815830388509508e-22,-8.907772252367184e-38,1.257211058140931e-38,3.394386942277499e-38,-3.560652618217731e-39,5.513386277614701e-38,-9.01145046762012e-39,1.4374525396336309e-36,-2.665356169057928e-37,-3.90626366551519e-37,-1.7034814310515393e-36,2.8227956689495386e-37,7.222929306751598e-38,1.9497046885871013e-29,-8.053121358542909e-30,-1.0291060947361721e-29,1.076249242009194e-29,-9.205983510646493e-30,-2.709371061549028e-30,-3.442555050643512e-31,1.0848785947520737e-29,5.4078276658897134e-30,9.542354189856179e-30,6.0708581800828456e-30,2.961568708697681e-29,2.532216040604606e-38,1.021236824447693e-37,-3.992225566291182e-39,-1.1890581449206208e-39,-5.8513991236017076e-39,-9.320889277876048e-39,0.8426210880279541,-0.3477364480495453,0.4005452692508697,0.0457038134336471,0.0426846295595169,-0.0263416860252618,-0.0578685812652111,0.0094513883814215,0.3291707634925842,0.9255704283714294,0.1869918406009674,0.0,-0.3401560247213956,-1.513032063310379,0.2600796351820084,-0.0448385425295054,6.309668296475872e-17,1.2497892353449798e-15,-2.4849500033997564e-22,1.0168545574992396e-22,-1.0579068501707622e-31,-1.5577406151318426e-31,0.8334467973148141,0.1659634527216142,0.0005897499635717,110.5126495361328,-0.1350665549639246,-1.1504654524696805,-0.2937678252172137,-1.281091288628918,0.0298704336713057,0.6525868124147766
1279.0,0.1613501841845396,0.6375316098587535,0.200490370476,0.0006278354807069,4.268290221487728e-12,0.9973236733925476,0.0017344401006101,0.0009418865068421,0.0073756625380582,0.0743609937874208,0.9182633436745208,0.0007060840454825,0.0001031073685176,0.0002695623429298,0.4098207693214026,0.5767657632373283,0.0123347136843389,0.1609183583934892,0.0474074840799912,0.1156359815493248,0.8047777247429162,0.145047915781009,MD_contaminated,-1.2996282157230836e-30,2.316446504146013e-31,5.421250411937106e-32,-9.576624488530728e-33,4.0077867994251907e-32,6.291902632272352e-33,2.7324416384576784e-23,-6.188820172531273e-23,2.146305752519804e-22,-8.744913321742837e-24,1.6143714776239244e-22,7.373887674974853e-22,-8.562437609639787e-38,1.7073319631205676e-38,3.275755039691505e-38,-6.33338395847557e-39,5.286686990532748e-38,-1.0739919860072151e-38,1.444001038191184e-36,-3.5653423337921265e-37,-3.764455631798725e-37,-1.7238709489424983e-36,2.5451360190259807e-37,4.250775796757564e-38,1.9314408788010897e-29,-7.801924336141887e-30,-9.848374228476784e-30,1.03663154243035e-29,-9.466036386137115e-30,-2.564382564014281e-30,1.424835276756287e-30,1.0393245641194813e-29,5.524200322743295e-30,1.0232787091824041e-29,7.821707055495622e-30,2.9078175374412165e-29,3.0799338472594464e-38,9.774218318334225e-38,-3.5831901130166817e-39,-1.8814494498151677e-39,-8.397203721596395e-39,-9.447878659157678e-39,0.8294879198074341,-0.4093374907970428,0.3754290342330932,-0.018249524757266,0.0373191945254802,-0.027284100651741,-0.0482901744544506,0.0143631808459758,0.3300599455833435,0.9252536296844482,0.1869918406009674,0.0,-0.3883723346935526,-1.5803633022225076,0.1932928134022439,-0.0924033705949564,1.5574179768165942e-16,1.3441659215529205e-15,-2.520238101086673e-22,9.861257648498566e-23,-8.463211694879246e-32,2.047772402105559e-32,0.8577445349068883,0.1438182468119146,0.0015627817188028,106.17550659179688,-0.2124356962490304,-1.1918575472296584,-0.2826607296615385,-1.2943986273988537,0.0267510002604355,0.65656254821733
1280.0,0.1814401830310954,0.6045448366040833,0.2133638398618023,0.0006511405030189,4.075889603612827e-12,0.997519709745939,0.0016392513220333,0.0008410389320276,0.0063677595088746,0.0830793296384145,0.9105529108527108,0.0006375508525173,9.350480442917214e-05,0.0002429026548285,0.4110367200344732,0.5785680016476961,0.0094213200060556,0.1809901587134283,0.050225179761432,0.123445490452722,0.8503792542757754,0.1265919275210459,MD_contaminated,-1.332762008821227e-30,3.183023686708247e-31,5.363918346012263e-32,-1.4432655256706754e-32,3.977996461945007e-32,-7.688229794412384e-34,1.9629908530388693e-23,-5.660273236238658e-23,2.1622607588347595e-22,-8.610668068094099e-24,1.9222182309867685e-22,6.9013481286299e-22,-8.121134422007612e-38,2.0796708706445855e-38,3.0882687746833707e-38,-8.773381309666173e-39,5.032871416882182e-38,-1.2023323048836662e-38,1.4389018263125869e-36,-4.415999956295885e-37,-3.6793049093223232e-37,-1.747407520539054e-36,2.271327382676279e-37,1.8351731085973463e-38,1.920124130907332e-29,-7.56874807273571e-30,-9.489278979193677e-30,9.934255395915678e-30,-9.711962329879645e-30,-2.365503658535369e-30,2.8414325797127315e-30,9.813352662810489e-30,5.807718379409786e-30,1.0908851747241218e-29,9.404214027183105e-30,2.8440297744183797e-29,3.540387109923755e-38,9.29263630074778e-38,-3.3701739912863844e-39,-2.629287700634665e-39,-1.0320625509370535e-38,-9.30393630517564e-39,0.8096064329147339,-0.4671361446380615,0.3424307703971863,-0.0747359097003936,0.0327297337353229,-0.0275801867246627,-0.0394767634570598,0.0173938386142253,0.3309475779533386,0.924936592578888,0.1869918406009674,0.0,-0.4435247976874101,-1.6394564049066276,0.1233628230053403,-0.1273639443710431,2.567872449607324e-16,1.4216806723484493e-15,-2.5629831564528534e-22,9.617749651743274e-23,-3.755083907025552e-32,1.8730944220959652e-31,0.8755106560143838,0.1247052491883382,0.0002159052027221,101.37317657470705,-0.2916793373356606,-1.2212888681363776,-0.2758355402316528,-1.3100221626413673,0.0263197608743075,0.6609264887506731
1281.0,0.2015457533103292,0.571458346672201,0.2263254370942499,0.0006704629232199,3.900764671512051e-12,0.9977223345859444,0.0015468999426397,0.0007307654714158,0.0055491619480708,0.0928916308037845,0.9015592072481446,0.0005746123304043,8.501541379998775e-05,0.000218125826432,0.4093657569203436,0.5824805630461406,0.0072759264628793,0.2010866995186645,0.0530836977588152,0.1318301680303225,0.8905130412998977,0.1109431096637912,MD_contaminated,-1.3561094273303822e-30,4.0451717733060475e-31,5.244256636476542e-32,-1.883546471163001e-32,3.7825264653568027e-32,-6.0058405596860155e-33,1.3965779088367717e-23,-5.141391625636795e-23,2.1778470457202755e-22,-9.193380523602981e-24,2.173557680553761e-22,6.433584431725894e-22,-7.660037861575525e-38,2.43452966172442e-38,2.896393360923605e-38,-1.0812525878010147e-38,4.763646298422488e-38,-1.353274540148693e-38,1.4239025451557463e-36,-5.231936232041829e-37,-3.6415169938193233e-37,-1.7725067472595724e-36,2.0222812984558053e-37,2.2485893796085328e-39,1.910167433641645e-29,-7.398659769486239e-30,-9.137006432449565e-30,9.534748672609389e-30,-9.964668516651897e-30,-2.1360895158081576e-30,3.882526071603922e-30,9.065849808421489e-30,6.129096173244493e-30,1.1549720165493585e-29,1.0862721368623552e-29,2.7595832666285466e-29,3.935923890954039e-38,8.77904337763684e-38,-3.2402850715456524e-39,-3.3534418060824145e-39,-1.1800898397636763e-38,-8.747907329252883e-39,0.785494863986969,-0.5214071273803711,0.3048035800457001,-0.1247077211737632,0.0292814169079065,-0.0267706550657749,-0.0314329452812671,0.018789691850543,0.3318334817886352,0.924619197845459,0.1869918406009674,0.0,-0.502166565734538,-1.6920692318172048,0.0532351135035814,-0.1530663597011649,3.609439881921351e-16,1.486462943265115e-15,-2.610505860096808e-22,9.429675263094628e-23,2.24569233655004e-32,3.471394171758955e-31,0.8904416431817427,0.109798320697922,0.0002399638796646,96.63101196289062,-0.3703937093945454,-1.2417134037383448,-0.2725765330211885,-1.3267650398026671,0.0280789696567324,0.66517099946841
1282.0,0.221544138660319,0.5380533314678613,0.2397160833098532,0.0006864465619664,3.729976849012019e-12,0.997872931762223,0.0014988972164216,0.0006281710213553,0.0048622760532921,0.1042639740221808,0.8908737499245271,0.0005175931234107,7.495416095383289e-05,0.0001996016294291,0.4043501942486616,0.5892117514128917,0.0056459054246528,0.221072899159709,0.0560995785747129,0.1412435332888373,0.9241938863733,0.0974454614105488,MD_contaminated,-1.3679288547462886e-30,4.905794867826446e-31,5.112888167703605e-32,-2.3624192968800038e-32,3.5015570370186585e-32,-1.0167130763715136e-32,8.969598966360256e-24,-4.653731634965354e-23,2.192150841761168e-22,-1.051187738779634e-23,2.3813173950786147e-22,5.956853467955375e-22,-7.206745414101839e-38,2.697461667634208e-38,2.6629875945214707e-38,-1.2179378642534534e-38,4.54375922647567e-38,-1.4795258956067904e-38,1.3985087515569253e-36,-5.975689342083259e-37,-3.656490301966556e-37,-1.7990661456163994e-36,1.7934256652755345e-37,-1.1457449069497422e-38,1.9036567468080818e-29,-7.262215366931356e-30,-8.832138322343947e-30,9.128435943276813e-30,-1.0204426687335297e-29,-1.8662230347470356e-30,4.7408928448098894e-30,8.262756537374182e-30,6.567118300490655e-30,1.2029256385520413e-29,1.2029622687355466e-29,2.6586140478608297e-29,4.2484903575893523e-38,8.234518593185144e-38,-3.2537197600078734e-39,-3.9976721131728007e-39,-1.302444479711785e-38,-7.95866703538107e-39,0.7561638355255127,-0.5719274878501892,0.2617055773735046,-0.1675806492567062,0.0261418875306844,-0.0259843915700912,-0.0241049211472272,0.0192437320947647,0.3327177464962005,0.9243013262748718,0.1869918406009674,0.0,-0.5655762732521753,-1.7367985024196972,-0.0176551301951514,-0.1677222532220287,4.697502269428486e-16,1.5358640255650401e-15,-2.66347127721226e-22,9.309280345615104e-23,1.003460804793529e-31,4.926904255011472e-31,0.9002433844042176,0.0975244516821477,0.0022321639136346,91.68267822265624,-0.4488457560624933,-1.251558774042934,-0.2732705037139994,-1.3445453733679662,0.0320809575264869,0.669017488044879
1283.0,0.2400813671987802,0.5074424074309427,0.2517746981309575,0.0007015272393195,3.5920446762131617e-12,0.9980183180209012,0.0014275996755821,0.0005540823035167,0.0042842062189739,0.1155309043603891,0.880184889420637,0.0004801307848681,7.041248389030482e-05,0.000184194527426,0.3991163175928963,0.595693307208962,0.0044556374019571,0.2396056022798849,0.0586252802413098,0.1499805026011681,0.953556369964963,0.0866614759597,MD_contaminated,-1.3736577172684717e-30,5.694261885951707e-31,4.924647866835776e-32,-2.716127003555683e-32,3.2596466971030907e-32,-1.2848335570290488e-32,5.08293446799927e-24,-4.215791088152051e-23,2.201692582240636e-22,-1.2241202061062302e-23,2.528588693562643e-22,5.536355661809318e-22,-6.858395430005191e-38,2.9631684816484333e-38,2.518123286909106e-38,-1.358274600898543e-38,4.340275430558156e-38,-1.6048920840830432e-38,1.3700811136825932e-36,-6.654740436925689e-37,-3.714926609130733e-37,-1.8233571356523278e-36,1.5947260735487385e-37,-2.163692778788434e-38,1.8948243694379198e-29,-7.184896391311015e-30,-8.543403120147895e-30,8.792459429819234e-30,-1.0404842423792107e-29,-1.607565504589296e-30,5.38209494699124e-30,7.530110134329847e-30,7.00458517425747e-30,1.2426755171787625e-29,1.318658681061086e-29,2.562635056007873e-29,4.507068540286924e-38,7.729455886428002e-38,-3.3147821740026056e-39,-4.5428086957733616e-39,-1.3865783450875607e-38,-7.251687858069516e-39,0.7267836928367615,-0.6166005730628967,0.2207001298666,-0.2023308277130127,0.0236491933465003,-0.0250584874302148,-0.0180436484515666,0.019217824563384,0.3336003124713897,0.9239831566810608,0.1869918406009674,0.0,-0.6264890591059193,-1.7741146382655086,-0.0814724172161733,-0.1757207562078355,5.709215869689129e-16,1.5737521413888569e-15,-2.715234789735844e-22,9.266463072477184e-23,1.831037937455225e-31,6.2079880073688285e-31,0.9095980150131632,0.0903412091965596,6.0775790277189934e-05,87.39954376220703,-0.5205788796817067,-1.2558207013378946,-0.277205158285639,-1.360576012881243,0.0373295256427643,0.6714057924725039
1284.0,0.2580426055160874,0.4770978714101417,0.2641444925738831,0.0007150304998876,3.4539464071544537e-12,0.9981627384172476,0.0013535607267599,0.0004837008559924,0.0038021963403559,0.1284576970133852,0.8677401066462588,0.0004319125382309,6.236098721235691e-05,0.0001675418719921,0.3916841789163017,0.6041103301556429,0.0035436755306199,0.2575685137502593,0.061286893811335,0.1595724166176033,0.9768994348572724,0.0772145419558753,MD_contaminated,-1.3699758341408732e-30,6.448782912863497e-31,4.6849370977196965e-32,-3.0235072980113315e-32,3.004970163471811e-32,-1.442353955356887e-32,2.422987872773033e-24,-3.801796592296767e-23,2.209536957770519e-22,-1.4480379132741374e-23,2.623053349269591e-22,5.122482012024294e-22,-6.423121563870547e-38,3.104002385379927e-38,2.3167238803022757e-38,-1.407355990370196e-38,4.106396415978686e-38,-1.696645323875878e-38,1.334809876101826e-36,-7.251535231459128e-37,-3.815013159915326e-37,-1.847567999012792e-36,1.41855984310209e-37,-2.74601780860949e-38,1.8898229649190408e-29,-7.145189616919709e-30,-8.31281618656044e-30,8.464049401560826e-30,-1.05854171732978e-29,-1.3188604030857557e-30,5.78728494847389e-30,6.806181767010729e-30,7.503061265191076e-30,1.2789895246219218e-29,1.40726199290796e-29,2.4580873764836413e-29,4.6838302216661535e-38,7.219915374083997e-38,-3.4667591737486635e-39,-5.0698159257481134e-39,-1.4426616510582454e-38,-6.493325857277961e-39,0.6942087411880493,-0.6560555696487427,0.1770067363977432,-0.2295117080211639,0.0219992566853761,-0.023988027125597,-0.0128654791042208,0.0181922353804111,0.3344812095165252,0.9236645698547364,0.1869918406009674,0.0,-0.6889393523827673,-1.8034268956206585,-0.1432472208991681,-0.1747860408767979,6.71851312732269e-16,1.5978754975853526e-15,-2.768654833440289e-22,9.284422699157438e-23,2.802383236581194e-31,7.357834693848816e-31,0.9133940795491196,0.0845034868296895,0.0021024336211907,82.97272491455078,-0.5890992875404188,-1.2514792306469793,-0.284230300831191,-1.3764954042180622,0.0441235015746831,0.6732731687602657
1285.0,0.2746810319823788,0.4492281273166909,0.2753659760098942,0.000724864691036,3.33669572480135e-12,0.998300496877476,0.0012869161365097,0.0004125869860141,0.0033555562705697,0.1411166828083788,0.8555277609210515,0.0003932929483785,5.634977903302413e-05,0.0001536311636295,0.3844947028084907,0.6120752031407991,0.0028268201596689,0.2742142107108267,0.0633935831511514,0.1685446857043204,0.99751260472539,0.0693131562606399,MD_contaminated,-1.3619627054134663e-30,7.144387168537415e-31,4.434374769714505e-32,-3.2906544702040426e-32,2.7190753032414245e-32,-1.543512889403911e-32,1.2626054082156935e-25,-3.41851576328124e-23,2.210400719822749e-22,-1.6972064334344234e-23,2.6885706934231833e-22,4.750482888625389e-22,-6.020675130053654e-38,3.26183210268682e-38,2.132957230755366e-38,-1.472572590249504e-38,3.887716845898302e-38,-1.78925819542898e-38,1.2976334819036728e-36,-7.798110240751543e-37,-3.949434481240421e-37,-1.868843498443768e-36,1.2577090472407991e-37,-3.212855342868567e-38,1.882223649084072e-29,-7.124803640716768e-30,-8.082796821040823e-30,8.166532355813988e-30,-1.0739442151293934e-29,-1.0417398818203844e-30,6.0860489962224914e-30,6.100700977761969e-30,8.054908550309783e-30,1.293114111062061e-29,1.491244907954282e-29,2.3554172654413608e-29,4.82848072684175e-38,6.736219666753482e-38,-3.7041231516497445e-39,-5.4295660817878166e-39,-1.4831477521455062e-38,-5.6428075476533314e-39,0.6615384221076965,-0.6920268535614014,0.1353103965520858,-0.2511040866374969,0.0202193595468997,-0.0229975171387195,-0.008508232422173,0.0167911890894174,0.3353605270385742,0.923345685005188,0.1869918406009674,0.0,-0.7491077310074319,-1.8276299927927973,-0.1987181265016882,-0.1691973581744862,7.658020507262019e-16,1.6139771231972597e-15,-2.8213819219202995e-22,9.370850586124725e-23,3.707189233498549e-31,8.358050578915784e-31,0.9174719582698666,0.0817164997911205,0.0008115419390127,79.00880432128906,-0.652135163061845,-1.2431909833923376,-0.2937873149221193,-1.390180077743722,0.0516757278741906,0.6730122148979517
1286.0,0.2912118153542214,0.4214056230829188,0.2866492436581752,0.0007333179046844,3.224486573242152e-12,0.9984055090389172,0.0012393636098532,0.0003551273512293,0.0029958661530507,0.1554758332538714,0.8415283005930778,0.0003601361609565,5.183588385919888e-05,0.0001409820189229,0.3764513958865925,0.6207136613065656,0.002281988743103,0.2907474807468785,0.0655183903866837,0.1779271015418237,0.9843324636725456,0.0622171643982391,MD_contaminated,-1.3492302044925551e-30,7.815185906568386e-31,4.19141961216798e-32,-3.5512602585358166e-32,2.4827248136527036e-32,-1.57597555951753e-32,-1.7901461899447624e-24,-3.075028661415256e-23,2.2102472552707507e-22,-1.9671110287665039e-23,2.7282741686447637e-22,4.382642023361073e-22,-5.650611723630277e-38,3.3858636346596517e-38,1.9606618444263434e-38,-1.5497124128512996e-38,3.6899506403847884e-38,-1.836151868351193e-38,1.2572772470163328e-36,-8.289878563838431e-37,-4.106624486247691e-37,-1.8896836646219053e-36,1.1161278950832106e-37,-3.592550126439461e-38,1.8740913828015813e-29,-7.132946896256911e-30,-7.86620176817233e-30,7.881281508690331e-30,-1.087470708138838e-29,-7.483339901265322e-31,6.29731756275617e-30,5.4543306949147096e-30,8.542346914638854e-30,1.3056576017946938e-29,1.5638792400360792e-29,2.2479208386086177e-29,4.931236964143941e-38,6.256953134935298e-38,-3.9111359688879525e-39,-5.7718292831458226e-39,-1.506362137688922e-38,-4.905620513136309e-39,0.6275838613510132,-0.724851667881012,0.0932317599654197,-0.2684387266635895,0.0189565848559141,-0.0221156682819128,-0.0046188081614673,0.0154266031458973,0.3362379670143127,0.9230265617370604,0.1869918406009674,0.0,-0.8095863862487064,-1.8472740714043687,-0.2521455516743486,-0.1591990706704645,8.584637587005539e-16,1.6227822596632437e-15,-2.87393166779379e-22,9.49748019037337e-23,4.7041193336456e-31,9.282824504908138e-31,0.9201198983510877,0.0810108245124724,0.0011307228635599,75.1481704711914,-0.7128105332059748,-1.2306111626514626,-0.305005335774775,-1.4034972093656102,0.0598470800022142,0.6724421874336634
1287.0,0.3068724909293157,0.3942945497212665,0.298094972421067,0.0007379869283507,3.1125898431924216e-12,0.99851438560003,0.0011816230696382,0.0003039913303316,0.0026925511607022,0.1716788258202279,0.8256286230190697,0.0003212050859361,4.4742286653791056e-05,0.0001285272658304,0.3666497999046876,0.6310068332918772,0.0018488921650146,0.3064165967378364,0.0676920253234625,0.1880999645676469,0.9713968544991852,0.0556175241626718,mixed_higher_order,-1.3288537955887052e-30,8.45666404622997e-31,3.898996973060955e-32,-3.762652839577165e-32,2.2352319894769248e-32,-1.599061126107761e-32,-3.2222217733592222e-24,-2.7607852293997095e-23,2.2077182664746817e-22,-2.2798388775501358e-23,2.7490401845826906e-22,4.016542956416627e-22,-5.217579094453391e-38,3.436534910422011e-38,1.7494662817165883e-38,-1.5415767919237394e-38,3.468111190841132e-38,-1.8949572085305742e-38,1.2133082961819918e-36,-8.692817076281737e-37,-4.301349832107293e-37,-1.9102323107743826e-36,9.894990897214534e-38,-3.798423465479635e-38,1.8665168708827566e-29,-7.182949377395473e-30,-7.659241904356593e-30,7.614403025840373e-30,-1.1005926180226189e-29,-4.314530242001197e-31,6.473420896416658e-30,4.8349222295331075e-30,9.010873563060442e-30,1.3190090008925126e-29,1.6077464337154394e-29,2.1307666790571039e-29,4.967502445825883e-38,5.77100050435803e-38,-4.139399689771984e-39,-6.136308290888401e-39,-1.525617758698501e-38,-4.119103519584136e-39,0.5908293128013611,-0.7540570497512817,0.0490379631519317,-0.2799893915653229,0.0179871842265129,-0.0210538953542709,-0.0010935900500044,0.0139056695625185,0.3371137976646423,0.9227069616317748,0.1869918406009674,0.0,-0.8713996136127705,-1.8607034418453847,-0.3035552931757064,-0.141983136405835,9.506636573141776e-16,1.6206407083450202e-15,-2.9282682063792507e-22,9.681397300836352e-23,5.779421434529971e-31,1.0076538119376292e-30,0.9184481164509226,0.0809933448043893,0.000558538744688,71.15780639648438,-0.7707194070465133,-1.21108442263852,-0.3189716268880324,-1.416555108709399,0.0693075695253013,0.6711508815499924
1288.0,0.3207668670476301,0.3703735051137359,0.3081152376617943,0.0007443901768395,3.0193390130539866e-12,0.9986085036084064,0.0011310935414848,0.0002604028501088,0.0024144692493974,0.1869044287402936,0.810681102010309,0.0002940394998263,4.046479951224706e-05,0.0001185038510196,0.3584956973517714,0.6395401412033336,0.0015111532945368,0.3203205211095905,0.069224448393823,0.1970520626011226,0.9605581788970828,0.0504193891399769,mixed_higher_order,-1.3082037514028437e-30,9.0128326113354e-31,3.639595299173646e-32,-3.916455928154711e-32,2.0143853675521315e-32,-1.588464048045856e-32,-4.2603163445481585e-24,-2.4800681570649854e-23,2.198905592550198e-22,-2.580920700708431e-23,2.731489987735437e-22,3.714844036665281e-22,-4.891876269944173e-38,3.47321889348783e-38,1.6160037898318918e-38,-1.5303179288334002e-38,3.2758709920928713e-38,-1.9428993118141595e-38,1.1717107834944784e-36,-9.062487159729746e-37,-4.509517552996315e-37,-1.926391339147602e-36,8.789570413278519e-38,-3.9031309918608076e-38,1.8567622706100788e-29,-7.228143974494524e-30,-7.476816687781973e-30,7.374218419790536e-30,-1.1090808523067619e-29,-1.460769500448131e-31,6.545910515211155e-30,4.2619806820622595e-30,9.514819951609559e-30,1.3149888621864165e-29,1.6607576617752578e-29,2.033596659262879e-29,4.99002377806589e-38,5.352008553861739e-38,-4.424409576734e-39,-6.32314761032336e-39,-1.534179400733786e-38,-3.4003302169572415e-39,0.556968629360199,-0.7788459062576294,0.0106779634952545,-0.2867390215396881,0.0170396044850349,-0.0202807486057281,0.001616635126993,0.0121626323089003,0.337988018989563,0.9223871231079102,0.1869918406009674,0.0,-0.9272826470900504,-1.8698555092748408,-0.3461278818213856,-0.1237458699047111,1.0308960507024982e-15,1.6140641796889652e-15,-2.977132686856449e-22,9.91518942092406e-23,6.7688358437060094e-31,1.0718686012356298e-30,0.9175166566706616,0.082483828511759,4.851824206841826e-07,67.7768783569336,-0.8207694934481404,-1.191338812856059,-0.333889481314235,-1.4263206595323197,0.0783996021563794,0.6679528107471627
1289.0,0.3335817706425635,0.3484014382322922,0.3172707509503364,0.0007460401748077,2.933299471851334e-12,0.99870033076229,0.0010800873009725,0.0002195819367373,0.0021975714727593,0.2024514045637,0.7953510239635406,0.000271084002192,3.7313864115486624e-05,0.0001095300953412,0.3497383969314694,0.648580524719223,0.0012631503876587,0.3331482246769985,0.0705343605221407,0.2057756301294311,0.9511033841543324,0.0457526213789433,mixed_higher_order,-1.2852430136553269e-30,9.518702746765048e-31,3.386478970633938e-32,-4.024343213382015e-32,1.8125980516936168e-32,-1.5292150146242226e-32,-4.947109690462954e-24,-2.2446909087813e-23,2.1872631406402528e-22,-2.8843280679373216e-23,2.7039823162417333e-22,3.4365997804900497e-22,-4.598093365314379e-38,3.494067270724696e-38,1.491924592367409e-38,-1.537796288863275e-38,3.1061692172681086e-38,-1.9562719586999998e-38,1.1284276537185723e-36,-9.37035099052794e-37,-4.73168621915266e-37,-1.9405656922241077e-36,7.88872304617486e-38,-3.933139836603096e-38,1.8462043466931772e-29,-7.312860223316638e-30,-7.298975946135555e-30,7.178813255716721e-30,-1.116307317400354e-29,1.3404131439259322e-31,6.52659142064521e-30,3.7688554456567496e-30,9.958539893117913e-30,1.3083418706581248e-29,1.692338993000442e-29,1.9354080637913745e-29,4.975087144254965e-38,4.956531295841018e-38,-4.6808510587717536e-39,-6.479934196376387e-39,-1.5297993974217636e-38,-2.7262117894432623e-39,0.5237637758255005,-0.8003684282302856,-0.0254906266927719,-0.2896648049354553,0.0163916032761335,-0.0196750331670045,0.0037423137109726,0.0105149708688259,0.3388605713844299,0.9220669865608216,0.1869918406009674,0.0,-0.98090205061863,-1.8753318360079896,-0.3843551719721651,-0.1033054696156787,1.105831948719585e-15,1.6026691849135288e-15,-3.0235544954980487e-22,1.018485630806678e-22,7.772808647145151e-31,1.1280135369557949e-30,0.915573905362888,0.0846800407917692,0.0002539461546571,64.63138580322266,-0.8661649609727058,-1.169521198822543,-0.3497957140184277,-1.4345870171263266,0.0875481150010491,0.6639007784966369
1290.0,0.345432298887538,0.3274754427133629,0.3263459938610202,0.0007462645380787,2.852069489518878e-12,0.9987582611337932,0.0010573356647805,0.0001844032014262,0.0020000855242472,0.2190475644254049,0.7789523500503478,0.0002465847552287,3.3454924536282874e-05,0.0001005989010617,0.3409550942146084,0.6576096604291951,0.0010546067753697,0.3450033621763662,0.0717326981354933,0.2146082782053737,0.9447466114547336,0.0415205415907545,mixed_higher_order,-1.2589124487673556e-30,9.993579324366185e-31,3.1693442875191237e-32,-4.1600840013263066e-32,1.6238422381124434e-32,-1.4605677041561808e-32,-5.6842195309037006e-24,-2.0211759065827122e-23,2.1738239798025924e-22,-3.199548023983546e-23,2.6708734745160773e-22,3.167776171977156e-22,-4.28929689841715e-38,3.476195407652085e-38,1.361445166473669e-38,-1.510647413096817e-38,2.9278523019695176e-38,-1.96555046061836e-38,1.0867015336033952e-36,-9.62531847232055e-37,-4.970493473514303e-37,-1.9538474632565976e-36,7.035728525249275e-38,-3.96005648595448e-38,1.834315115590729e-29,-7.408459886526383e-30,-7.116187105991631e-30,6.989945669493664e-30,-1.1226961529573137e-29,4.185135869470907e-31,6.524614829975604e-30,3.2833573157171246e-30,1.0303195507672488e-29,1.3004067642330432e-29,1.7188320131747985e-29,1.8376671711426918e-29,4.937363317146731e-38,4.571203766039134e-38,-4.8714764425863124e-39,-6.61892874017979e-39,-1.5217269623381975e-38,-2.0747367310737088e-39,0.4898619055747986,-0.8196764588356018,-0.0614068806171417,-0.2896100878715515,0.0158778373152017,-0.0187811627984046,0.0059281294234097,0.0088745849207043,0.3397315144538879,0.9217464327812196,0.1869918406009674,0.0,-1.033409353891403,-1.877222950236874,-0.4196086003599787,-0.0796566415804258,1.177433572152013e-15,1.585684423905379e-15,-3.069399570600899e-22,1.0486708344981578e-22,8.735253811918971e-31,1.1728970473196416e-30,0.9124390214965132,0.0877587089600711,0.0001977304565843,61.57392501831055,-0.9086719408776648,-1.144673375861794,-0.3668803646856948,-1.4421672087077082,0.0970407140997638,0.6593100955071615
1291.0,0.356771753932121,0.307562473189062,0.3349217630790561,0.0007440097997608,2.7732380792267056e-12,0.99883434809747,0.0010069818974091,0.0001586700051208,0.0018178614110016,0.2365654094729464,0.7616167291160519,0.0002302971163319,3.1469710023458844e-05,9.36813276760235e-05,0.3317716045195419,0.6669896846370027,0.0008832626894239,0.3563558822583811,0.0727586424084825,0.2233893611341685,0.9387563880485278,0.0376236416018255,mixed_higher_order,-1.2311547951548424e-30,1.0426619679845828e-30,2.910882782335578e-32,-4.2152036057425077e-32,1.4944647451247964e-32,-1.3789105874434518e-32,-5.9487243759829085e-24,-1.821117968166605e-23,2.1571295565288992e-22,-3.509330275460656e-23,2.615681064094176e-22,2.921574327299465e-22,-4.0460475232855026e-38,3.4886988009759993e-38,1.2709361743987863e-38,-1.5115791359892947e-38,2.7751124078725587e-38,-1.9771198197089975e-38,1.0427764925050956e-36,-9.841226720008264e-37,-5.2207674642270616e-37,-1.9648290123905748e-36,6.303926751031796e-38,-3.872132597636344e-38,1.8221911395527574e-29,-7.498138975372621e-30,-6.952126404482705e-30,6.79946748695674e-30,-1.1269786887169839e-29,6.9867148841588105e-31,6.457623964550179e-30,2.8789017122009898e-30,1.0689466463099502e-29,1.2858905207633998e-29,1.7292317167331677e-29,1.7418291918143246e-29,4.866696817140998e-38,4.2079868893415245e-38,-5.1232637572428296e-39,-6.708033350866328e-39,-1.5089761635472635e-38,-1.565302277073844e-39,0.4564195871353149,-0.8360942602157593,-0.0951111316680908,-0.2862668633460998,0.01549385022372,-0.0182180870324373,0.0073836781084537,0.007240280508995,0.3406007289886474,0.9214256405830384,0.1869918406009674,0.0,-1.0842695908217037,-1.8761709036338905,-0.4510891284752037,-0.0547684655419358,1.2447300968556134e-15,1.5652993358485033e-15,-3.112398646684381e-22,1.0825346408390572e-22,9.743563952684011e-31,1.2144223679642011e-30,0.9079444095763856,0.0911017847814577,0.0009538056421567,58.65798568725586,-0.9473120335459968,-1.1185674633001326,-0.3847567496084372,-1.448026998949429,0.1063538122399642,0.65373998405504
1292.0,0.3675644637022976,0.2883557890044808,0.343337103824997,0.0007426434682244,2.698548301656049e-12,0.9989062850946696,0.0009602827557924,0.0001334321495376,0.0016628429729549,0.2552796857033939,0.7430574713236512,0.0002105083915628,2.828830470609612e-05,8.655556854975162e-05,0.3231376008395668,0.6757941441600351,0.0007429027355793,0.3671624529696767,0.073611375187818,0.232025204237799,0.934086773151925,0.0341675483260726,mixed_higher_order,-1.2023473466122571e-30,1.0826113323262512e-30,2.644362614272241e-32,-4.262870026162945e-32,1.3349243208667246e-32,-1.3094413655243984e-32,-6.322000193309279e-24,-1.6348528439748066e-23,2.1381135009342242e-22,-3.81118740711985e-23,2.5535393391524493e-22,2.6849294126256332e-22,-3.76891964749772e-38,3.4555304046214944e-38,1.1548386596922163e-38,-1.4764131850725216e-38,2.6140815772028663e-38,-1.9791169480793224e-38,1.0014601800513608e-36,-1.0018908621374816e-36,-5.47573315845212e-37,-1.974055168411191e-36,5.609213699188813e-38,-3.830341631644598e-38,1.8079797340373388e-29,-7.592406900651855e-30,-6.783787770757471e-30,6.616498039162137e-30,-1.1296011471622621e-29,9.759113974986554e-31,6.398871700160644e-30,2.455465928035376e-30,1.1080742352928905e-29,1.2679675700203904e-29,1.7400807575344277e-29,1.6507403326633524e-29,4.786557314190866e-38,3.866279510780178e-38,-5.3968349702831766e-39,-6.773041016407481e-39,-1.4979329357017163e-38,-9.823956257551256e-40,0.4236450493335724,-0.8505390286445618,-0.1269632875919342,-0.2808808088302612,0.0149027463048696,-0.0177880227565765,0.0087464377284049,0.0056287222541868,0.3414682447910309,0.9211044907569884,0.1869918406009674,0.0,-1.1329493894641878,-1.872712728914678,-0.4792143452662172,-0.0288925333142042,1.3075295398432889e-15,1.5420906199469614e-15,-3.1530319319225096e-22,1.1184575599249493e-22,1.0711870997534383e-30,1.2476277982547045e-30,0.9034302726734954,0.0951218878524455,0.001447839474059,55.91487121582031,-0.9828467795196852,-1.0915489079009348,-0.4029226026346195,-1.4525752500792062,0.1154125009248142,0.6474754454292545
1293.0,0.3766961776072427,0.2726459872972167,0.349919637515787,0.0007381975797535,2.6389799934066174e-12,0.998955526790979,0.0009317185339028,0.000112754675118,0.0015234828933001,0.2714085605501161,0.7270679565565837,0.0001936766034777,2.583844053467145e-05,8.022087625544521e-05,0.3149695200960117,0.6840941434059695,0.0006366005777508,0.3763027285417913,0.0739984549521028,0.2393779746872896,0.9289174096176416,0.031244436112864,mixed_higher_order,-1.1753502103387542e-30,1.1181745224081756e-30,2.4560069594262054e-32,-4.3028229779901567e-32,1.2420635498670134e-32,-1.1949125098084965e-32,-6.373237853252035e-24,-1.48482368027799e-23,2.1174382260930708e-22,-4.095665904086218e-23,2.5024195082751544e-22,2.4895966118177283e-22,-3.509378127433259e-38,3.430852002187248e-38,1.0424606005857621e-38,-1.4583068308553772e-38,2.466919344525009e-38,-1.972544665765198e-38,9.60892130029751e-37,-1.0174657480917095e-36,-5.727689380405283e-37,-1.9813592903944885e-36,5.080255760689981e-38,-3.711635117699668e-38,1.7941772793741332e-29,-7.698581524415298e-30,-6.616343132010114e-30,6.468441924539943e-30,-1.1325429025763847e-29,1.2301402358427258e-30,6.2839509704201215e-30,2.160165403019172e-30,1.1350222849639869e-29,1.2472662011419989e-29,1.752251893685982e-29,1.5656359181969678e-29,4.711000670639101e-38,3.558808724344025e-38,-5.5704189444109197e-39,-6.773145888786959e-39,-1.4747227503146634e-38,-5.631699626108268e-40,0.3932425379753113,-0.8635863661766052,-0.1550222635269165,-0.2746691703796386,0.0146721899509429,-0.0172559060156345,0.0096223447471857,0.0043131611309945,0.3423342406749725,0.92078298330307,0.1869918406009674,0.0,-1.177709710256577,-1.8686438678091168,-0.5028815629576022,-0.0045193727693595,1.3634932945076958e-15,1.5195373828719593e-15,-3.1901050569643563e-22,1.1553564934656142e-22,1.1591548436126625e-30,1.2755887224112556e-30,0.9009341449697548,0.0995862482234233,0.000520393193178,53.61034393310547,-1.0143476598049117,-1.0662143622631417,-0.4208107150316086,-1.455695594418614,0.1239313152308193,0.640718531308708
1294.0,0.3858536803175805,0.2561013454549831,0.3573125037428551,0.0007324704845809,2.574940420884604e-12,0.999011149522428,0.0008946345817316,9.421589584033067e-05,0.0014058789791161,0.2907293851850214,0.7078647358358625,0.0001802801741386,2.395947585630169e-05,7.493901614909753e-05,0.3067173328817918,0.6924609051966807,0.0005425832553833,0.3854721287215256,0.074456186709184,0.2474249397798698,0.926031088905944,0.0283641887233592,mixed_higher_order,-1.145450035592672e-30,1.1517644609530558e-30,2.2281146743231264e-32,-4.320283840278161e-32,1.1161009959127971e-32,-1.1147986688639336e-32,-6.5128697272888636e-24,-1.338237920870943e-23,2.0948112028930958e-22,-4.386343125058271e-23,2.433706596432993e-22,2.286908390921851e-22,-3.30247223054681e-38,3.396482747999378e-38,9.61570349851075e-39,-1.4345765108606642e-38,2.3409007538659382e-38,-1.9619039275899366e-38,9.211757081773925e-37,-1.0298257741284336e-36,-5.9946369935180935e-37,-1.9876466572379915e-36,4.555049444901435e-38,-3.608825932312313e-38,1.7789939268809927e-29,-7.818866764183485e-30,-6.454748703651603e-30,6.325475222027715e-30,-1.1335189927221258e-29,1.4933883524704221e-30,6.204635906402896e-30,1.8077688439362253e-30,1.1641879449374242e-29,1.22615396220689e-29,1.7470899284986725e-29,1.4794781346646806e-29,4.6025008661292794e-38,3.254529401875413e-38,-5.7796794590567415e-39,-6.792081125380483e-39,-1.4586340324692538e-38,-6.483413843089263e-41,0.3618384599685669,-0.8746638298034668,-0.18302983045578,-0.2657947540283203,0.0143002914264798,-0.0167607702314853,0.0105769829824566,0.0028566431719809,0.3431985974311828,0.920461118221283,0.1869918406009674,0.0,-1.2227569088624426,-1.861636769789789,-0.524914382314477,0.0223700018895934,1.418433665835707e-15,1.4925411073317472e-15,-3.2265080271525655e-22,1.1955996602692935e-22,1.252562741562674e-30,1.2983046398484141e-30,0.896449308032527,0.10426680308487,0.000716111117397,51.22988510131836,-1.0440112083732664,-1.0382875286851276,-0.4397427809391375,-1.4580587106830905,0.1326243859856564,0.6333819348341119
1295.0,0.393807694565056,0.2415815729851174,0.3638831262566759,0.0007276061931505,2.5160414011639965e-12,0.9990552381740022,0.0008653288115767,7.943301442114392e-05,0.0013036451466338,0.3090432318302924,0.6896531230230738,0.0001640147132096,2.139939340619532e-05,6.898312400134934e-05,0.2989605590003156,0.7003155093658279,0.0004695344032391,0.3934356400884467,0.0746591500659663,0.2548329969140738,0.9240122305344224,0.0259266359146474,mixed_higher_order,-1.1164504951243806e-30,1.1803425206695257e-30,2.0289824593502726e-32,-4.329741010772783e-32,1.0367678725436242e-32,-1.0118620408613307e-32,-6.6140445643494224e-24,-1.2089716203914317e-23,2.070084249275388e-22,-4.6550894197393206e-23,2.361672724422249e-22,2.1139855156018528e-22,-3.066076332002869e-38,3.3182821383814907e-38,8.659427887144024e-39,-1.3832289408957741e-38,2.2001341779947441e-38,-1.935055303048833e-38,8.840301970387571e-37,-1.038648134586344e-36,-6.256349585858007e-37,-1.9915658621784284e-36,4.098524479446733e-38,-3.5240809277684867e-38,1.7622920300583544e-29,-7.926126171496376e-30,-6.2913305890670335e-30,6.188277986793445e-30,-1.1331590991339197e-29,1.7378494645256126e-30,6.0927072279258176e-30,1.5328359487272021e-30,1.1876951592747847e-29,1.2050677283410174e-29,1.7428432046531734e-29,1.4050542286221044e-29,4.4903230284071645e-38,2.98940457792534e-38,-5.955598206365739e-39,-6.783209235376418e-39,-1.435816737974e-38,3.189534401210722e-40,0.3325766623020172,-0.8834620714187622,-0.2075474858283996,-0.2553214430809021,0.0140983648598194,-0.0163955874741077,0.011347752995789,0.0015839998377487,0.3440612554550171,0.9201390147209167,0.1869918406009674,0.0,-1.2635841041532982,-1.8528130312094917,-0.5422751427430992,0.0485476381147953,1.4661263532680581e-15,1.46456313877544e-15,-3.258626103145256e-22,1.2366772412530926e-22,1.3371900352319277e-30,1.3128627601375256e-30,0.8915800471238218,0.1083962787241435,2.367415203474721e-05,49.08523941040039,-1.0690894597979297,-1.0112195704401274,-0.4582324626505362,-1.4586782868074084,0.1406414451296191,0.6254222295357256
1296.0,0.4012045918022213,0.2283245926189084,0.3697487344120308,0.0007220811668394,2.4633877085565125e-12,0.99909179840717,0.0008407664146996,6.743517813042521e-05,0.0012064408450192,0.3268133736033097,0.6719801855516709,0.0001537486728842,2.0032154601361343e-05,6.480918327915645e-05,0.2916597239538116,0.7076936606321035,0.0004080254033202,0.4008402171528958,0.0746195303903868,0.2616688353701375,0.921596467156844,0.0237483129911955,mixed_higher_order,-1.0881815860688104e-30,1.2070925014110386e-30,1.847496706447325e-32,-4.3374371637141006e-32,9.73958181307564e-33,-9.133072839557926e-33,-6.672371681219162e-24,-1.0890765458776474e-23,2.043992779638022e-22,-4.910314159437842e-23,2.293174362121316e-22,1.956413725568771e-22,-2.897774138788196e-38,3.275213808578334e-38,8.02269752263936e-39,-1.3594391314623316e-38,2.0955036210995086e-38,-1.9157749141265211e-38,8.487823807085193e-37,-1.045696855296076e-36,-6.517289588526125e-37,-1.9941399862258908e-36,3.6728798444763765e-38,-3.447636193381733e-38,1.743615113153893e-29,-8.038040406841476e-30,-6.112863443328448e-30,6.0656299535238594e-30,-1.1323288330100672e-29,1.9724098114274238e-30,5.9707219953525326e-30,1.2845504122359728e-30,1.2123000064052469e-29,1.1801655712174328e-29,1.7412213762485554e-29,1.3319699057710517e-29,4.381958569546353e-38,2.740230811596188e-38,-6.152152326692104e-39,-6.731325932897384e-39,-1.413600667829534e-38,6.5989798903586756e-40,0.3043068647384643,-0.8915022611618042,-0.2299799621105194,-0.2444019466638565,0.0138094872236251,-0.0161724127829074,0.0118935406208038,0.0004477412730921,0.3449222445487976,0.9198166131973268,0.1869918406009674,0.0,-1.302875132862451,-1.8434488716474604,-0.5574707655070531,0.0739383684091305,1.5108214789092705e-15,1.4367453000539957e-15,-3.2885117686312337e-22,1.2788943518138436e-22,1.4199824718128066e-30,1.3241358778065829e-30,0.887831198456164,0.1127647512861848,0.0005959497423488,47.1499252319336,-1.092474514238068,-0.9848546389391584,-0.4766080765093603,-1.458310560265377,0.1482379287934342,0.617062872728623
1297.0,0.4078129606920146,0.2160945152246393,0.3753777275856156,0.0007147964977304,2.4110487756329887e-12,0.9991365271797208,0.0008077552257595,5.571759451940884e-05,0.0011237609252866,0.3447042429106665,0.6541719961640469,0.0001405003601983,1.8110008989448005e-05,5.9590976034359146e-05,0.2843645145889412,0.7150609671946913,0.0003563168711454,0.4074608252846995,0.0744886962676567,0.2684179609507156,0.9204654186287754,0.0217369608824142,mixed_higher_order,-1.0595846630980364e-30,1.2301187427720531e-30,1.6592777647944148e-32,-4.307773572410417e-32,8.911926764454426e-33,-8.220167275537329e-33,-6.702583690472128e-24,-9.811494297187313e-24,2.0163183338620076e-22,-5.15118188705881e-23,2.218365842928784e-22,1.816015473120701e-22,-2.702972677558011e-38,3.184305231493906e-38,7.336156866906306e-39,-1.3078681107853552e-38,1.969357357100345e-38,-1.8764365134274558e-38,8.141424714249957e-37,-1.050067702870618e-36,-6.777383879894199e-37,-1.995021110125447e-36,3.292835413579226e-38,-3.358434288233081e-38,1.7254775335451058e-29,-8.136549922793966e-30,-5.953838924118659e-30,5.9404025692267086e-30,-1.1300936411332397e-29,2.196147997440886e-30,5.8435620437899595e-30,1.0307317387586378e-30,1.2311019605711187e-29,1.1543714114171632e-29,1.72825584825465e-29,1.2657489293274368e-29,4.257547324819745e-38,2.511773684250319e-38,-6.30406198708572e-39,-6.673521703155131e-39,-1.3917454250416775e-38,1.0454505081808539e-39,0.27692911028862,-0.8975716233253479,-0.2504487335681915,-0.2318674474954605,0.0134471356868743,-0.0158903710544109,0.012339268811047,-0.0006638134364038,0.3457817733287811,0.9194939136505128,0.1869918406009674,0.0,-1.3396831272017375,-1.8322111940753276,-0.5695092436008471,0.0994743183380524,1.550931777811972e-15,1.4072577483724328e-15,-3.315470450898948e-22,1.3223301413466722e-22,1.4983386304543621e-30,1.3312341715943776e-30,0.8827578804745749,0.1166397795570407,0.0006023399683843,45.29182815551758,-1.1124559506024905,-0.958233723822686,-0.494864744921676,-1.4567060539457006,0.1553896075354162,0.6082388885401526
1298.0,0.4142574521337679,0.2043680306372087,0.3806670922669909,0.0007074249620322,2.361882390558518e-12,0.9991796843256644,0.0007734100508489,4.690562348658352e-05,0.001048232588595,0.3635457477044734,0.6354060197069316,0.0001325508293436,1.706796477752252e-05,5.641044144851621e-05,0.2769702649742592,0.7225104269634797,0.0003132788266914,0.4139176302525723,0.0742971285048947,0.2750359433647699,0.9189142894261554,0.0198696272554085,mixed_higher_order,-1.0316685615725213e-30,1.2517336105280206e-30,1.4757907160640188e-32,-4.2648020467738846e-32,8.46592849570481e-33,-7.200442964272019e-33,-6.5697390278940575e-24,-8.901076301612395e-24,1.98863375481113e-22,-5.385731343287723e-23,2.1423327318488007e-22,1.6820672167574989e-22,-2.558032411711504e-38,3.143657733006349e-38,6.738644804516182e-39,-1.288806538431753e-38,1.8841669487990894e-38,-1.854851320954385e-38,7.792273826744724e-37,-1.0530697055362624e-36,-7.037397144097885e-37,-1.9953791923860746e-36,2.9901377411700157e-38,-3.2357878169660115e-38,1.7078129745616366e-29,-8.245138398740097e-30,-5.8008949723780144e-30,5.8271970425746974e-30,-1.1277232835653373e-29,2.4179416790962288e-30,5.7314622606005816e-30,8.365488421723285e-31,1.2529013485003181e-29,1.1264980839984206e-29,1.7133348334004917e-29,1.1991124394798829e-29,4.130927203293362e-38,2.2946225193253135e-38,-6.491268007920525e-39,-6.586338478260616e-39,-1.366448013592478e-38,1.3361391307013378e-39,0.2502917051315307,-0.9031334519386292,-0.2695395052433014,-0.2191286981105804,0.0132297510281205,-0.0157557055354118,0.0125004034489393,-0.0017449710285291,0.3466395437717438,0.9191707968711852,0.1869918406009674,0.0,-1.3753829133412088,-1.8207780843532528,-0.5801628717823173,0.1243443221333697,1.5890418925550624e-15,1.3781337300867533e-15,-3.3409858327181004e-22,1.3663043787043154e-22,1.5771714696340971e-30,1.3370698461072956e-30,0.8787192382374178,0.1208282362327182,0.0004525255298638,43.56100845336914,-1.1311312087677003,-0.932269052523806,-0.5130587010599172,-1.4547234376649905,0.1623398177642806,0.5994254461992184
1299.0,0.419815755486019,0.1941852359865902,0.3853004091548357,0.000698599372555,2.3192065585562535e-12,0.9991992917983344,0.0007609546737386,3.975352792694724e-05,0.0009955898008526,0.3802830856766278,0.6187213245225195,0.0001214897405693,1.5490166373131003e-05,5.2127682751295615e-05,0.2706221199381463,0.728908117506372,0.0002806549657879,0.4194796055674129,0.0738453607338247,0.2808485959114862,0.9177845379070516,0.0182396423102338,mixed_higher_order,-1.0046266489177986e-30,1.2716746027305662e-30,1.3460886112609622e-32,-4.2649748682960547e-32,8.043418922243585e-33,-6.308484680344274e-33,-6.594201087694462e-24,-8.081309861212843e-24,1.9599927784274308e-22,-5.602630005083349e-23,2.0800607678449062e-22,1.5602240345542313e-22,-2.38815758530308e-38,3.054390430939074e-38,6.064325981415583e-39,-1.2445575378087304e-38,1.781725501522463e-38,-1.8098344511951945e-38,7.491825510310869e-37,-1.0549900901809118e-36,-7.291387200063442e-37,-1.9944794745537062e-36,2.6993023470706726e-38,-3.1744704195784086e-38,1.6884005311449765e-29,-8.352342213567791e-30,-5.63018806275663e-30,5.7225422830466814e-30,-1.1253814657275979e-29,2.6297992826668216e-30,5.6151163805812594e-30,6.440002846487825e-31,1.2625704420762153e-29,1.0993975850528693e-29,1.704037919685354e-29,1.1364688440266557e-29,4.0134695247405475e-38,2.093864997559787e-38,-6.582164623917096e-39,-6.497691865418813e-39,-1.3440680269239902e-38,1.6146144044779053e-39,0.2246557772159576,-0.9080362319946288,-0.2868654727935791,-0.2063256204128265,0.0129269426688551,-0.0155034633353352,0.0127661870792508,-0.0024985277559608,0.3474955856800079,0.9188475608825684,0.1869918406009674,0.0,-1.409241423016877,-1.8088864317475568,-0.5889242475604544,0.1482702091799989,1.6240791607408665e-15,1.3493458605149637e-15,-3.364122964947555e-22,1.410430267858099e-22,1.6497981827387616e-30,1.3381688919900229e-30,0.8754074800736635,0.1250312792933111,0.0004387593669747,42.02354431152344,-1.1482662775888106,-0.9071337117548568,-0.5307576238977006,-1.451829614559009,0.1687476962901454,0.5903375125697418
1300.0,0.4251427561227266,0.1844532564242551,0.3897134409932672,0.000690546459751,2.27654295263078e-12,0.999233497171288,0.0007337172975124,3.278553119949729e-05,0.0009279563290024,0.3973732741780919,0.6016987694929057,0.0001135312322482,1.4408569777644184e-05,4.90475853764582e-05,0.2644019165273908,0.7351734164600134,0.0002476796251933,0.4248168829975521,0.0732967944381174,0.2865069618554081,0.91666489756859,0.0167434609757033,mixed_higher_order,-9.786027857929531e-31,1.2889159201576536e-30,1.1959668911023324e-32,-4.219030957776751e-32,7.568193711081816e-33,-5.352808198037497e-33,-6.465788737209818e-24,-7.282296986534621e-24,1.929875362201441e-22,-5.803314735107909e-23,2.0110313481916141e-22,1.4509266134026317e-22,-2.225191339320701e-38,3.010055285572159e-38,5.362524681768914e-39,-1.220952223060222e-38,1.688937924243318e-38,-1.789103640173661e-38,7.187195905166191e-37,-1.055960673243165e-36,-7.540867906271141e-37,-1.9920017351101253e-36,2.4320570253626715e-38,-3.0609283650000523e-38,1.6671127285572033e-29,-8.445996811709363e-30,-5.449141514380334e-30,5.6137339593325424e-30,-1.1221987070894752e-29,2.8322628523768207e-30,5.4896428608871286e-30,4.581794430393085e-31,1.2770661239550045e-29,1.0734511346285805e-29,1.6894524145260992e-29,1.0790872969136301e-29,3.890388489863104e-38,1.9107386519629006e-38,-6.718573340556732e-39,-6.410041218692359e-39,-1.3187805513724284e-38,1.9014353070572974e-39,0.2002601474523544,-0.9118767976760864,-0.3020689189434051,-0.1929666399955749,0.0126714371144771,-0.0152794821187853,0.0128832664340734,-0.003347149118781,0.3483501374721527,0.918523907661438,0.1869918406009674,0.0,-1.4409339033613435,-1.796502468962914,-0.5953171315903503,0.1710865769814942,1.6554416160854685e-15,1.3210542206437226e-15,-3.3845340621441235e-22,1.4549684140788064e-22,1.7198435053941972e-30,1.3392895968097893e-30,0.8720174486899973,0.1286589379040539,0.0006763865940513,40.57269287109375,-1.1629391722353948,-0.8829555876058285,-0.5480737606646389,-1.4477960571413258,0.1746577387581785,0.5808192080434472
1301.0,0.429975228873876,0.1751054329823262,0.3942376522111314,0.0006816859326663,2.234127994076497e-12,0.9992664079973328,0.0007053850811956,2.8206921471732764e-05,0.0008801802482666,0.4155845543423471,0.5835352654093862,0.0001066075470874,1.3666159097818129e-05,4.580861177862938e-05,0.2581209932109737,0.7414917641934525,0.0002211602776099,0.4296598024846291,0.0727711133288838,0.2923239722495165,0.9168845685451624,0.0153225330790138,mixed_higher_order,-9.520038808884448e-31,1.304288741385458e-30,1.0499361531113664e-32,-4.1597975057253646e-32,7.296699157663217e-33,-4.512335754088036e-33,-6.3719891192058675e-24,-6.592537421431615e-24,1.8997443117676265e-22,-6.000956461469929e-23,1.938938133952932e-22,1.3467431150825833e-22,-2.1234315778321554e-38,2.9348928929645126e-38,5.1019621103266825e-39,-1.1924334249771394e-38,1.6132347194447264e-38,-1.742457097515401e-38,6.904740537581103e-37,-1.054457055431627e-36,-7.794203185945347e-37,-1.9889939041476013e-36,2.2056036388283518e-38,-2.957510036893314e-38,1.6477080342302865e-29,-8.543040439388361e-30,-5.295331889994408e-30,5.508647974444834e-30,-1.1181744215261504e-29,3.034392790870216e-30,5.357512509601914e-30,3.007414575875985e-31,1.2873501893330504e-29,1.0501597793752539e-29,1.6677689522938773e-29,1.0245121519397012e-29,3.757190525022545e-38,1.7394441742184074e-38,-6.817067128118291e-39,-6.3381018018218e-39,-1.2962994066936534e-38,2.13932127884832e-39,0.1760699152946472,-0.9145224094390868,-0.3163011968135834,-0.1785892099142074,0.0125326626002788,-0.0150729427114129,0.013020496815443,-0.0042319227941334,0.3492030799388885,0.9181999564170836,0.1869918406009674,0.0,-1.471622563012664,-1.7827989111504343,-0.6000040555744206,0.1943999137552548,1.6846119941937284e-15,1.291250723133787e-15,-3.4035560775866204e-22,1.5007799104959877e-22,1.7887712158585283e-30,1.3357767063018284e-30,0.8677361136719711,0.1321279955113425,0.0001358908166863,39.15644454956055,-1.1759049342502592,-0.8582961927379552,-0.5656157729473141,-1.4433884999438735,0.1804671833799659,0.5713114355821152
1302.0,0.4345600991834171,0.1665014174708218,0.3982676285557579,0.000670854790003,2.1944618152530665e-12,0.9992926515963012,0.0006831541448682,2.419425883056863e-05,0.0008471182889856,0.4331515417625043,0.5660013399485099,9.940170419890358e-05,1.2438542430534688e-05,4.325035422864699e-05,0.2518169059517942,0.7478272431299913,0.0002007603173565,0.4342527137909485,0.0721203456831288,0.2978353826907718,0.9164845767113536,0.0140140694945552,mixed_higher_order,-9.25748854203122e-31,1.3189088983411152e-30,9.233718882107975e-33,-4.110748570737013e-32,6.973442819088323e-33,-3.773158001218341e-33,-6.328879636676735e-24,-5.978520838309863e-24,1.868972201571908e-22,-6.185822895488155e-23,1.8712467258801899e-22,1.2501336873483014e-22,-1.977764042167767e-38,2.878496232702583e-38,4.5754275303544813e-39,-1.1475851329581567e-38,1.520220789274383e-38,-1.7309109416900452e-38,6.614181266044113e-37,-1.0523838213914616e-36,-8.044558002859225e-37,-1.9852040431505585e-36,1.989417489789763e-38,-2.8912925301365847e-38,1.6273743891117093e-29,-8.637922133518587e-30,-5.1341660661859965e-30,5.407362442760652e-30,-1.1139577498001169e-29,3.230559690757935e-30,5.2431560030778696e-30,1.462737611568354e-31,1.2946207957429517e-29,1.0171307176883494e-29,1.647368507934664e-29,9.69973756800067e-30,3.6272805539287073e-38,1.5744520065872758e-38,-6.910099829182486e-39,-6.188815498626836e-39,-1.2757277887436475e-38,2.3878551630980507e-39,0.1522489488124847,-0.9168977737426758,-0.3295537531375885,-0.1642739325761795,0.0120938559994101,-0.014886817894876,0.0129529861733317,-0.0048099197447299,0.350054383277893,0.9178757071495056,0.1869918406009674,0.0,-1.5015944229000342,-1.7687940815776548,-0.6037537099848723,0.2171714574460301,1.7124364279355793e-15,1.261621255613735e-15,-3.4211498584074497e-22,1.5470371909066073e-22,1.8563973327566933e-30,1.3305448567414588e-30,0.8642491486087512,0.1357825163098711,3.166491862227616e-05,37.83919143676758,-1.1881727227720629,-0.8339844685900025,-0.5828873103813782,-1.4384261321243357,0.1858838069420527,0.561625629712827
1303.0,0.4387364879941608,0.1582041013851937,0.4023967847410825,0.000662625879563,2.155292290604179e-12,0.9993153565081124,0.0006647311891933,1.9912302694228652e-05,0.0007831833425604,0.4516328388409888,0.5475839778164507,9.173904846376058e-05,1.1370502855218971e-05,4.013303797946712e-05,0.2461306654204382,0.7535502095255658,0.0001758824646973,0.4384361099130019,0.0714501674248826,0.3032261814540567,0.9171719146970928,0.0128146064240977,mixed_higher_order,-9.004776244922209e-31,1.3310943263624625e-30,7.962264871371448e-33,-4.0676297715057904e-32,6.543694011780053e-33,-2.9397703488627337e-33,-5.9995978045234435e-24,-5.44077763271841e-24,1.8380186670763677e-22,-6.359536722545549e-23,1.8020445228790576e-22,1.1571711184297078e-22,-1.86194513454536e-38,2.7848633959794416e-38,4.2101811578763316e-39,-1.1016717997717031e-38,1.440927200924246e-38,-1.6831947972201871e-38,6.36069592267949e-37,-1.0492167153480198e-36,-8.287211259742761e-37,-1.980468663176792e-36,1.8332563985752915e-38,-2.7197230551230387e-38,1.6064806027603845e-29,-8.742934250862729e-30,-4.968255254396103e-30,5.3211016929203244e-30,-1.1096549461465837e-29,3.421834525555262e-30,5.1259797567865066e-30,-1.4061125106514533e-32,1.3021336567570386e-29,9.970441336619209e-30,1.6232994951032245e-29,9.235174582477417e-30,3.4935074893611676e-38,1.4277227138820431e-38,-6.994425092184226e-39,-6.135600549486929e-39,-1.2514461164332542e-38,2.65046321663049e-39,0.1296577155590057,-0.918204128742218,-0.3413796722888946,-0.1495905369520187,0.0121068945154547,-0.0147546585649251,0.0130172315984964,-0.0056329667568206,0.3509041368961334,0.9175512194633484,0.1869918406009674,0.0,-1.5291917438200058,-1.7543513927737395,-0.6057506134897719,0.2389955115161883,1.7368804918422865e-15,1.2323835598351477e-15,-3.4363745841461753e-22,1.592287852007749e-22,1.9185189187479405e-30,1.32372351988739e-30,0.8602742220874114,0.1391185880306387,0.0006071898819498,36.58660507202149,-1.1982299769000766,-0.8105956593947191,-0.5995480026570548,-1.4327932450576746,0.1909572380957269,0.5519002146634414
1304.0,0.4425899122998536,0.1512022145437991,0.4055552990440141,0.000652574112333,2.1215797412589395e-12,0.999343474499348,0.0006377636244965,1.8761876155456623e-05,0.0007834438270032,0.4668528175245779,0.5323637386484189,8.797836610303475e-05,1.1243321878763335e-05,3.787443549357534e-05,0.240704458084935,0.7589913779530044,0.0001670678385851,0.4422993407360975,0.0705891798757283,0.3078129752575591,0.916322961218446,0.0117698970026323,mixed_higher_order,-8.772544620039274e-31,1.3427517736126489e-30,6.81721209409685e-33,-3.994104669647274e-32,6.593775924958204e-33,-2.1954127214218002e-33,-6.1473610292767405e-24,-4.9125920687126974e-24,1.8072322677222061e-22,-6.510980087823124e-23,1.7423709365200306e-22,1.0825713228490112e-22,-1.7757635542753721e-38,2.751908853306725e-38,4.0173676510189466e-39,-1.099725164736684e-38,1.3740275651887355e-38,-1.6521823067386724e-38,6.103110237897041e-37,-1.046354165163878e-36,-8.522296093000468e-37,-1.9749742013609757e-36,1.6368460671486008e-38,-2.7395630526526513e-38,1.584809560737459e-29,-8.817476348254269e-30,-4.800881732383361e-30,5.221360799280626e-30,-1.104721091450113e-29,3.5961145621436096e-30,5.006721648598923e-30,-1.0779864020423902e-31,1.3091531959397618e-29,9.693764313024549e-30,1.6043037959529266e-29,8.756598803482363e-30,3.373781323632665e-38,1.2914481248795067e-38,-7.070553327316191e-39,-6.006551654070967e-39,-1.2305079975945058e-38,2.7987454867976552e-39,0.1082934588193893,-0.9197210073471068,-0.3509827554225921,-0.1359495371580124,0.0117118330672383,-0.0147175882011652,0.0129772862419486,-0.0061065703630447,0.3517521917819977,0.9172264337539672,0.1869918406009674,0.0,-1.5558131643804631,-1.7407673712307332,-0.6066753848809778,0.2586673898354948,1.7596866628943098e-15,1.2055721406885501e-15,-3.4493876069803823e-22,1.6377715846599398e-22,1.9814829817246662e-30,1.3175242271611811e-30,0.8579679790148979,0.1418768714173172,0.0001551495677849,35.516536712646484,-1.2077968903634622,-0.7890849463673608,-0.6156102155323043,-1.426627613618287,0.1953546875740885,0.5422398629277976
1305.0,0.4461784993001955,0.1442236229528549,0.408954699535243,0.0006431782117066,2.0871830105112305e-12,0.9993574895536892,0.0006257667048981,1.6743741412957553e-05,0.0007335881165939,0.4832308306046292,0.5160355812787769,8.148103315410431e-05,1.0041159758999305e-05,3.5844018484580793e-05,0.2355717322487646,0.7641525531898103,0.0001483483500272,0.4458918249534758,0.0696933011123169,0.3125037777888276,0.916571955342232,0.0107968495678211,mixed_higher_order,-8.53664864357547e-31,1.3529587484224036e-30,5.940882229280662e-33,-3.958817257041823e-32,6.376369203312194e-33,-1.4902136276969142e-33,-5.923437504205362e-24,-4.414765548293237e-24,1.7753248660910776e-22,-6.658436232904899e-23,1.6798835453660702e-22,1.0085520195960205e-22,-1.6690382264328983e-38,2.6673553483667647e-38,3.552166661344164e-39,-1.0458905544996361e-38,1.3138218244579888e-38,-1.6214661779145882e-38,5.86280187527867e-37,-1.0428087489765817e-36,-8.75786658200177e-37,-1.968621828102158e-36,1.4752326460454154e-38,-2.6146378748172194e-38,1.5624978661154428e-29,-8.89940114683106e-30,-4.6253510075417826e-30,5.128621214797462e-30,-1.0999624024123768e-29,3.7707802619871306e-30,4.904127099055245e-30,-2.406731604623306e-31,1.3121016720188636e-29,9.411165677878361e-30,1.5856939955335436e-29,8.327372582432409e-30,3.252018194653425e-38,1.1626937373929527e-38,-7.131450808092774e-39,-5.868679571226289e-39,-1.2085540095224028e-38,3.0063968174438005e-39,0.0869637206196785,-0.920512855052948,-0.3601921498775482,-0.1216873526573181,0.0114635918289422,-0.0145224062725901,0.01286858972162,-0.0066425926052033,0.3525988161563873,0.9169013500213624,0.1869918406009674,0.0,-1.5813185856266283,-1.7262920108504125,-0.6062574483255889,0.278589848114378,1.7804457266993614e-15,1.17781346262432e-15,-3.461308814834196e-22,1.6837107497181489e-22,2.0382663379382093e-30,1.3086465306372046e-30,0.8552489192433138,0.1447559212680987,4.840511412584903e-06,34.45587539672852,-1.2160454506917922,-0.7672778463703166,-0.6316575380580729,-1.419860425667924,0.1996258572484088,0.5322582298475094
1306.0,0.4493294783279863,0.1377481800856811,0.4122885173068421,0.0006338242794904,2.0531392936496487e-12,0.9993726659402776,0.0006106214303985,1.671262932384188e-05,0.0007145968935685,0.5000890384717008,0.4991963646347305,7.54052951318957e-05,9.143846243485112e-06,3.3586121412317584e-05,0.2302529666805282,0.7694918655856732,0.0001370324710109,0.4490475986421939,0.0688863549302749,0.317252660341993,0.9175639195563609,0.0098775473535737,mixed_higher_order,-8.305715075239064e-31,1.3613398277385748e-30,4.820084737983805e-33,-3.9123010664837687e-32,6.478742419167709e-33,-7.445689400181003e-34,-5.8464405541164584e-24,-3.9901810244472404e-24,1.7448184012693245e-22,-6.796135722077694e-23,1.6183707430505177e-22,9.385537863767552e-23,-1.570637061300279e-38,2.580933130079464e-38,3.1378167256298615e-39,-1.0042114869798747e-38,1.2568552837728166e-38,-1.576721573466411e-38,5.63780478599337e-37,-1.037209870084423e-36,-8.98628991959981e-37,-1.962134397107069e-36,1.338621989627856e-38,-2.549952779834738e-38,1.541486289746283e-29,-8.981473341026369e-30,-4.469328462575351e-30,5.0441936536839764e-30,-1.0945536420683773e-29,3.937281011206592e-30,4.802041350759911e-30,-3.285029379803637e-31,1.3143975094003048e-29,9.207127979287192e-30,1.5594418598570268e-29,7.930879205374996e-30,3.1245643805735636e-38,1.0471980375011025e-38,-7.184760716707434e-39,-5.7953081198469356e-39,-1.1860227127048264e-38,3.1320453288091173e-39,0.0666293650865554,-0.92044198513031,-0.36829474568367,-0.1073415800929069,0.0113643426448106,-0.014414170756936,0.0128185711801052,-0.0071774465031921,0.3534435629844665,0.916576087474823,0.1869918406009674,0.0,-1.6050630349530803,-1.7112905867455857,-0.6046975016731573,0.297970009247188,1.798846846496572e-15,1.150031685889128e-15,-3.4713961308058017e-22,1.7286456080258918e-22,2.0929305212974333e-30,1.2965204725780156e-30,0.8519898368848222,0.1473790660204467,0.000631097094731,33.44263458251953,-1.2226415126914048,-0.745949823597183,-0.6471403117563546,-1.4130150226761025,0.2035981968108224,0.5227115743241411
1307.0,0.4523720631000879,0.1320354608851588,0.4149684385587667,0.0006240374559865,2.02296908532157e-12,0.999393522532162,0.0005904894839569,1.5987983880887286e-05,0.0006732285091255,0.5141803339179633,0.4851464375729112,7.219663791135156e-05,9.041061324493855e-06,3.1701375110831896e-05,0.2255778167261845,0.7741856553214075,0.0001235888780614,0.4520977096367383,0.0678900373669431,0.32126261254332,0.9173166789191278,0.0090771118653578,mixed_higher_order,-8.094597580490014e-31,1.3693996879411102e-30,3.923563927190851e-33,-3.846731852983707e-32,6.362199203312313e-33,-6.523607284283326e-35,-5.648747499936533e-24,-3.5788103111081994e-24,1.7137003445244784e-22,-6.916986321879358e-23,1.5638503204391182e-22,8.813303609994567e-23,-1.4946630654348723e-38,2.54423276946119e-38,2.9192632963880912e-39,-1.0025761848161323e-38,1.2027372944394519e-38,-1.541657222415845e-38,5.424005516480392e-37,-1.0325070448522652e-36,-9.205868333422126e-37,-1.954732522356235e-36,1.2062805661318894e-38,-2.448976902357469e-38,1.519191308291925e-29,-9.053499396338525e-30,-4.295968864798458e-30,4.9585758363441574e-30,-1.0895944882082577e-29,4.094924555937047e-30,4.684562459229588e-30,-4.246536909862835e-31,1.3175662984528546e-29,8.936754331620115e-30,1.5390551858231542e-29,7.543875378999579e-30,3.0103047515361833e-38,9.397255516694824e-39,-7.248788028554236e-39,-5.6541179931518634e-39,-1.164671411826626e-38,3.304657173486192e-39,0.0473791882395744,-0.9205663800239564,-0.3748851120471954,-0.093841552734375,0.011061162687838,-0.014286802150309,0.0125801600515842,-0.0076081710867583,0.3542869687080383,0.9162504076957704,0.1869918406009674,0.0,-1.6278048539693424,-1.697276740879972,-0.6025671132849089,0.315311988718488,1.815967256189861e-15,1.1247114250095117e-15,-3.4796772335500783e-22,1.77289736244026e-22,2.146248127907785e-30,1.2870745962189811e-30,0.850013709544341,0.1495612289484456,0.0004250615072134,32.55999755859375,-1.228939209853705,-0.726432789655996,-0.6619389942580044,-1.4055313774088138,0.2070600860641388,0.512996447170901
1308.0,0.455369107994291,0.1263741234720393,0.4176421345068907,0.0006146340267788,1.994005134730926e-12,0.9994170415510302,0.0005677878558257,1.5170593144074103e-05,0.0006636621770744,0.5287567120303484,0.470579625792577,6.767229684374374e-05,8.191097831091296e-06,3.0102900366733207e-05,0.2213392886339059,0.7784401281015846,0.0001146169694679,0.4551036467253859,0.0668211660127927,0.3251093966861632,0.9171507842208012,0.0083312927311618,mixed_higher_order,-7.885390093604097e-31,1.3772195152645278e-30,3.0976347304506315e-33,-3.76991779836316e-32,6.165940793523415e-33,4.593631221946316e-34,-5.6053900885304586e-24,-3.2083816009615683e-24,1.6820842259039511e-22,-7.028961840638975e-23,1.509171392350722e-22,8.247443931834299e-23,-1.412967216457296e-38,2.4773436744272327e-38,2.7454577428936692e-39,-9.534850860491904e-39,1.138421121113945e-38,-1.523857817794587e-38,5.21340831645665e-37,-1.028771480350436e-36,-9.425601436975848e-37,-1.946719495030621e-36,1.077511701244388e-38,-2.393119980431388e-38,1.49764096335639e-29,-9.11052611766534e-30,-4.13796153460672e-30,4.855321957185314e-30,-1.0838452427932069e-29,4.255205825470367e-30,4.589910841840224e-30,-5.3329936169529635e-31,1.3180034238371612e-29,8.668407912401429e-30,1.5218746979760362e-29,7.160863053697722e-30,2.898610565090837e-38,8.345780556489498e-39,-7.276577056559077e-39,-5.514062815562282e-39,-1.1466481720436747e-38,3.4957830369357456e-39,0.0280313417315483,-0.9205173850059508,-0.3808946907520294,-0.0804315581917762,0.0107035292312502,-0.0141037870198488,0.012471130117774,-0.0080107850953936,0.3551287055015564,0.9159244298934937,0.1869918406009674,0.0,-1.6504605009970466,-1.6830690423456989,-0.5998631232888764,0.3322391602701133,1.8325524225815502e-15,1.0995679979540289e-15,-3.48691463454099e-22,1.8180561651729585e-22,2.1992573411300178e-30,1.2775282460147214e-30,0.8484514945637703,0.1517697027605002,0.0002211973242705,31.71732521057129,-1.235012029693337,-0.7071168769021696,-0.6767027874560841,-1.3976301857136308,0.2102512093448066,0.5031471940442043
1309.0,0.4579303941160769,0.1211610648539472,0.4203028632102631,0.0006056778197125,1.9645671846271722e-12,0.9994323856917288,0.0005508904994677,1.672380880328987e-05,0.000656383610319,0.5431605688099078,0.4561830475797731,6.456871659444728e-05,8.054153098829256e-06,2.836895416857264e-05,0.2169674155656858,0.7828232996100575,0.0001082930003949,0.4576704662721844,0.0658099129036841,0.3290228742138128,0.9178313311601766,0.0076443609719052,mixed_higher_order,-7.6822042002343545e-31,1.3830466029762244e-30,2.2339208681629253e-33,-3.7076419676834396e-32,6.375938076465306e-33,1.1093037301978288e-33,-5.552726204047162e-24,-2.873557573536585e-24,1.6511311230474465e-22,-7.130852370917157e-23,1.4554411639429111e-22,7.735837748828982e-23,-1.3470479730484236e-38,2.432210258441512e-38,2.5378052859953607e-39,-9.485994552747592e-39,1.0932670244067851e-38,-1.483612623615271e-38,5.024574777547881e-37,-1.0228912434271787e-36,-9.637920829988878e-37,-1.938323023778291e-36,9.633978893095276e-39,-2.356755990735316e-38,1.475773437432905e-29,-9.17794064873836e-30,-3.978635366325824e-30,4.7762579893541285e-30,-1.0779104686302076e-29,4.4016833274193896e-30,4.491238784739912e-30,-5.972283587405758e-31,1.3187650004494076e-29,8.440491292640383e-30,1.4990162511065497e-29,6.839239742470864e-30,2.784860203955576e-38,7.44218005885406e-39,-7.32065301308941e-39,-5.40876167588395e-39,-1.1254991053052467e-38,3.5816907440926366e-39,0.0097414012998342,-0.9196913242340088,-0.3857921063899994,-0.0669165849685669,0.0104499068111181,-0.01406489033252,0.0122678084298968,-0.0083338106051087,0.3559688627719879,0.9155982732772828,0.1869918406009674,0.0,-1.6710861998030295,-1.6684019586044805,-0.5957706167312492,0.3486099902109948,1.8463297046532178e-15,1.0744633881739885e-15,-3.492398148131254e-22,1.86216751465686e-22,2.246929447365921e-30,1.2644564954456848e-30,0.8462340484630161,0.1535333302195625,0.0002326213174214,30.91007804870605,-1.2392899607160806,-0.6883700463190396,-0.6908892626153786,-1.3894766186932246,0.2131360239423029,0.4935111600528891
1310.0,0.4604906509395165,0.1159920454486785,0.4229216761449476,0.0005956274668575,1.93544609635286e-12,0.999438861686078,0.0005443002229417,1.683809098026564e-05,0.0006348885026414,0.558603536866152,0.4407615746312066,5.930874894976775e-05,7.068651599760652e-06,2.68238167897302e-05,0.212414676300455,0.7873937015550719,9.84209271338005e-05,0.4602322519920714,0.0647935668359712,0.3330058640476456,0.9184153365156952,0.0069691091938344,mixed_higher_order,-7.474016006087114e-31,1.3887612939744778e-30,1.612552957338621e-33,-3.676927804890045e-32,6.264169032406788e-33,1.6323387891910834e-33,-5.419188607418139e-24,-2.5301897428070643e-24,1.6199481463430542e-22,-7.231368289513059e-23,1.4025900978646757e-22,7.183182519745975e-23,-1.2659365061686058e-38,2.3384876177261005e-38,2.1307777821613068e-39,-8.92951229108119e-39,1.0528594459695731e-38,-1.445535164960888e-38,4.833109161633186e-37,-1.016205507177591e-36,-9.851472553134162e-37,-1.929600514757016e-36,8.542041594932122e-39,-2.26660119319336e-38,1.453735817719686e-29,-9.241037449418132e-30,-3.8154755966469065e-30,4.683989264362646e-30,-1.0721882245510524e-29,4.557047514976626e-30,4.397910821666178e-30,-6.883542134258864e-31,1.316245016848079e-29,8.21716097252882e-30,1.4740925454406762e-29,6.496437325828572e-30,2.667056602703083e-38,6.527076674090902e-39,-7.342623543223745e-39,-5.2954409251021884e-39,-1.1069061677007365e-38,3.7489559724411634e-39,-0.0088459383696317,-0.9185715317726136,-0.3907299339771271,-0.053228560835123,0.0102971633896231,-0.0138554396107792,0.0122147547081112,-0.0087528452277183,0.3568074107170105,0.915271818637848,0.1869918406009674,0.0,-1.6918332004189591,-1.653193527014036,-0.5916065794570912,0.3652057001452192,1.8601568612273595e-15,1.0487319587380973e-15,-3.4973375760889147e-22,1.9066748778559496e-22,2.295622275651641e-30,1.2503292620512298e-30,0.8441499143894053,0.1557289735265082,0.0001211120840864,30.10967063903809,-1.2434607234540598,-0.6692039438569708,-0.7051198522920493,-1.3811129479473263,0.2159753794564172,0.4838211823805756
1311.0,0.4628060616117612,0.1114759395771648,0.4251325271596468,0.000585471651427,1.909286592920972e-12,0.9994550478851127,0.0005264718885915,1.848022629569529e-05,0.0006252927906628,0.5712901027768015,0.4280846044325355,5.61437254147865e-05,6.906887670681723e-06,2.506933165058253e-05,0.2085437272397527,0.7912754787742323,9.267404127883884e-05,0.4625538544697032,0.0636851009781789,0.3363969439707489,0.9185975777393384,0.0063814199977984,mixed_higher_order,-7.285507261010355e-31,1.3938359682633114e-30,9.3304996467154e-34,-3.6084648292404947e-32,6.391163445551099e-33,2.2113328028207056e-33,-5.3164090076691726e-24,-2.2885595375475183e-24,1.5893325231000492e-22,-7.313408543609985e-23,1.3553899308561053e-22,6.756435777040029e-23,-1.187021619125185e-38,2.2933063321041707e-38,1.8873515640664878e-39,-8.858444682427372e-39,9.982868337788302e-39,-1.4074606284880635e-38,4.64932310333776e-37,-1.0110838095004929e-36,-1.0054351649494117e-36,-1.9204553486639072e-36,7.729526000928218e-39,-2.21496310090961e-38,1.4320275887113228e-29,-9.29126457235482e-30,-3.6575380220700444e-30,4.5947875403478336e-30,-1.0662738873234053e-29,4.6964763598797434e-30,4.310432682832623e-30,-7.508455286326622e-31,1.3117668179732985e-29,7.991297889160366e-30,1.4529103133886305e-29,6.1675330335024224e-30,2.559760833195865e-38,5.6870111857114804e-39,-7.336962856460095e-39,-5.184326634151489e-39,-1.0868707235668006e-38,3.8476498003169425e-39,-0.0263080652803182,-0.9176230430603028,-0.3942324221134186,-0.0405438169836998,0.010029231198132,-0.0137572204694151,0.0119853876531124,-0.0089504700154066,0.3576444089412689,0.9149450659751892,0.1869918406009674,0.0,-1.7113148977566002,-1.6389969496239174,-0.5867940279266307,0.3797822880158852,1.872416641455401e-15,1.0254649438154281e-15,-3.500533214672474e-22,1.9501761448151123e-22,2.341782119639391e-30,1.2387790142234989e-30,0.8430140100475133,0.1572867641717125,0.0003007742192258,29.414777755737305,-1.2470525062780202,-0.6518277829112056,-0.7185435064240916,-1.372471113270935,0.2182590215709332,0.4743153064322756
1312.0,0.4650036639390126,0.1070179604870092,0.4274024512515536,0.0005759243224244,1.882804109989731e-12,0.9994710891028904,0.0005085966026015,2.0314294508245288e-05,0.0006160899354252,0.5853492337264696,0.4140346763381051,5.4007778122566e-05,6.692667288530093e-06,2.4085626339734408e-05,0.2044489702976755,0.7953788979470072,8.734568356636022e-05,0.4647577184339594,0.0626428811660404,0.3399468906563102,0.9191378141648564,0.005818722778345,mixed_higher_order,-7.099491144133847e-31,1.397975793053585e-30,1.722432207257397e-34,-3.5368737582653487e-32,6.508875214647663e-33,2.7569734813315087e-33,-5.2196824864850435e-24,-2.0247088344116633e-24,1.5593066088794392e-22,-7.393361370844725e-23,1.3057670550191684e-22,6.335913806534108e-23,-1.1315509915358517e-38,2.260119297663248e-38,1.6898270060538624e-39,-8.735653082538478e-39,9.625688151539568e-39,-1.386555161219132e-38,4.474615583684307e-37,-1.0044826065548664e-36,-1.0256568844415395e-36,-1.9110918369153092e-36,6.831969735876201e-39,-2.1677812418856783e-38,1.410780039682165e-29,-9.339892641201797e-30,-3.5075438185532605e-30,4.504028857193007e-30,-1.0600253207366765e-29,4.8358631098284646e-30,4.213100495770657e-30,-8.066419267717589e-31,1.3112050888916365e-29,7.769003269028759e-30,1.4276817404273248e-29,5.8712031831329835e-30,2.448955599214145e-38,4.9295439293819255e-39,-7.372633157659087e-39,-5.066555929894236e-39,-1.0677854391134747e-38,3.951151946998743e-39,-0.0433553829789161,-0.9160951972007751,-0.397046834230423,-0.0276934467256069,0.0097748097032308,-0.0137290889397263,0.0117734624072909,-0.0091777322813868,0.3584797978401184,0.9146180748939514,0.1869918406009674,0.0,-1.7300401828924556,-1.6244254262772408,-0.5812766688513925,0.3940789368693278,1.8835014713353463e-15,1.002106943051823e-15,-3.502593313334911e-22,1.9936491877097268e-22,2.3879794984125543e-30,1.2258697694993912e-30,0.841394134355425,0.1586359607508297,3.009510625462397e-05,28.73190689086914,-1.249803049884962,-0.6347009532395855,-0.7318781997964717,-1.3636982059637617,0.2204769335072525,0.4649997778805338
1313.0,0.4669987971120996,0.1027860220518114,0.4296481825130059,0.0005669983230832,1.8575225543541743e-12,0.9994844772963865,0.0004941245750206,2.139812859302059e-05,0.0005934899973244,0.5987650798836176,0.4006414301190581,4.933569402290536e-05,5.923784029438104e-06,2.231812482656728e-05,0.2007748718170955,0.7990673617870622,8.018879296330983e-05,0.466758048629628,0.0615446807047721,0.3433178396972738,0.920019891207283,0.0053193005304723,mixed_higher_order,-6.9161139735868485e-31,1.4017493617981976e-30,-4.3467881467519424e-34,-3.47518710766347e-32,6.475472866420797e-33,3.221135695846964e-33,-5.0485870522957976e-24,-1.7917551236630193e-24,1.5289105340941006e-22,-7.468616797000939e-23,1.2593897181780744e-22,5.926776285461476e-23,-1.0735574137005806e-38,2.159113835156782e-38,1.579948809455036e-39,-8.20466913149936e-39,9.155624973228203e-39,-1.3386468800678476e-38,4.314238385336636e-37,-9.984773464287484e-37,-1.0457019685042648e-36,-1.9013368715730925e-36,6.081709679041265e-39,-2.086941068484501e-38,1.3884766899254913e-29,-9.396160746173993e-30,-3.344332161480805e-30,4.4234796900118594e-30,-1.0540435414012213e-29,4.9726807180430795e-30,4.1290686116839565e-30,-8.795678554012271e-31,1.3069866172190697e-29,7.547973606306733e-30,1.408145616166929e-29,5.5831056390459494e-30,2.3455691169030875e-38,4.2014784488371376e-39,-7.374217584311976e-39,-4.947101670517956e-39,-1.0499595703256703e-38,4.0858553957406586e-39,-0.0602585226297378,-0.9145541787147522,-0.3995471894741058,-0.0150477634742856,0.0095355128869414,-0.0136281354352831,0.0115833263844251,-0.009416096843779,0.3593136072158813,0.9142908453941344,0.1869918406009674,0.0,-1.7481407787717311,-1.6098321604898609,-0.5752130871023232,0.408038339286336,1.8935917647251768e-15,9.78987069976372e-16,-3.50402895094515e-22,2.0370465334008662e-22,2.4294758343451688e-30,1.2115355212059614e-30,0.840317087435593,0.1600872281321346,0.0004043155677275,28.089433670043945,-1.2522222169339474,-0.6178359561700006,-0.7450456015933319,-1.3546715182519815,0.2225514928604241,0.4555881377516973
1314.0,0.4689611577446372,0.0988896919744151,0.431591132552553,0.0005580177283944,1.8333573002677087e-12,0.9994914394330058,0.0004851905684656,2.336999852850629e-05,0.0005994418312878,0.6109345119349183,0.3884660462337939,4.653527314854881e-05,5.557935988346731e-06,2.1166967754697796e-05,0.1973219692610024,0.8025283719245112,7.639863759479582e-05,0.4687226625923563,0.0604151257017837,0.3463641289444563,0.920313176102245,0.0048671592550089,clean_balanced_ED_EQ,-6.746871119129417e-31,1.4049112431958449e-30,-8.53036236228527e-34,-3.43276760629245e-32,6.596131579865088e-33,3.64488006997064e-33,-5.015017579620409e-24,-1.5679206181340526e-24,1.4990134301948224e-22,-7.528404602871653e-23,1.215313392850305e-22,5.587394997195295e-23,-1.0287106811959051e-38,2.098581354269572e-38,1.4252172611185715e-39,-7.950318083153183e-39,8.861888376311752e-39,-1.303548414465848e-38,4.164163678613469e-37,-9.923082155865552e-37,-1.0648023695527705e-36,-1.891088793294897e-36,5.316068770692745e-39,-2.0496860573459102e-38,1.3670025123959324e-29,-9.43144818828804e-30,-3.194018785173762e-30,4.3289581152253895e-30,-1.0476003286432909e-29,5.102489055611767e-30,4.0492089769788235e-30,-9.345747621954644e-31,1.302096200267205e-29,7.347718950578101e-30,1.3872269941050732e-29,5.336245683208854e-30,2.246231369435427e-38,3.5713780169039086e-39,-7.37032082188713e-39,-4.8376409601511216e-39,-1.0332268694048724e-38,4.178002819627143e-39,-0.0761835202574729,-0.9128208160400392,-0.4008183777332306,-0.0030097840353846,0.0093217371031641,-0.01349613443017,0.0114662526175379,-0.0096598239615559,0.3601459562778473,0.9139633178710938,0.1869918406009674,0.0,-1.7652359167301344,-1.5956561737980088,-0.5687358583023122,0.420542949614272,1.902542569396269e-15,9.57381865278767e-16,-3.5036591739608912e-22,2.079476701735238e-22,2.4711405099448064e-30,1.1981093037003581e-30,0.8393148113820013,0.1608892178766958,0.0002040292586971,27.505525588989254,-1.2540916801503292,-0.6022583261772112,-0.7575000402855399,-1.345319918574265,0.2241623377903049,0.4463393940906979
1315.0,0.4707221428149516,0.095194618648491,0.4335346248237289,0.0005486137128283,1.8092706993133733e-12,0.9995054049978228,0.0004680044472722,2.6590554904833344e-05,0.0006064485148672,0.6230690124799818,0.3763245390051509,4.529322650231016e-05,5.569771236868524e-06,2.0378806265786825e-05,0.193760578976859,0.8060937528195828,7.44263995530226e-05,0.4704893259957012,0.0593128170347237,0.3494695527013896,0.9209990042770484,0.0044261154819085,clean_balanced_ED_EQ,-6.575812131728466e-31,1.4074874976254017e-30,-1.5236572811787756e-33,-3.3581770123594604e-32,6.890918445152746e-33,4.089199341738251e-33,-4.975204004605492e-24,-1.3648335158260675e-24,1.4695779366119408e-22,-7.581729412476662e-23,1.1731340558090617e-22,5.247338454985437e-23,-9.690874021276611e-39,2.0869253034861182e-38,1.2031153922708792e-39,-7.978617443286582e-39,8.487750916289382e-39,-1.2890646105427181e-38,4.013054848360695e-37,-9.855967492990705e-37,-1.0836357981209749e-36,-1.8806923979033957e-36,4.5040486974285755e-39,-2.036427660957045e-38,1.3456746868788424e-29,-9.468164858741652e-30,-3.046896517862513e-30,4.239274068052266e-30,-1.0409850350925909e-29,5.2288904505054916e-30,3.9737173345661525e-30,-9.729244091800361e-31,1.2982201220998049e-29,7.145970257040215e-30,1.362392139925775e-29,5.091220409442735e-30,2.143172767119777e-38,2.968038856435247e-39,-7.376472621986205e-39,-4.7333869283146416e-39,-1.0159418218882717e-38,4.226426006930447e-39,-0.0920789465308189,-0.9106864333152772,-0.4019102156162262,0.0090685319155454,0.0090044271200895,-0.013496202416718,0.0112572200596332,-0.009690866805613,0.3609766662120819,0.9136354327201844,0.1869918406009674,0.0,-1.7818846900472347,-1.581007379085724,-0.5619163713280154,0.433037376081313,1.9108457302513373e-15,9.353853288012502e-16,-3.502444791478248e-22,2.121784960487882e-22,2.5116542504193633e-30,1.1828627611481262e-30,0.8380915394061601,0.1618346975906998,7.376300313999273e-05,26.930286407470703,-1.255435938674761,-0.5865423948755093,-0.76972611206511,-1.3358898348861856,0.2255784398819003,0.4372420594175409
1316.0,0.4724127736735545,0.0916041122771638,0.4354430520411493,0.0005400620081322,1.7861695547998217e-12,0.9995148453762478,0.0004571956509788,2.7958972773259265e-05,0.0005955026761008,0.6355523128640959,0.3638521844598033,4.174138751753544e-05,4.876578791525025e-06,1.9246720323701215e-05,0.1904014407961896,0.8094645215116572,6.817300552050408e-05,0.4721835804320872,0.0582192054256138,0.3524757017660645,0.9217427561390372,0.0040249928478046,clean_balanced_ED_EQ,-6.411243745432789e-31,1.4097660264111534e-30,-1.927683003300282e-33,-3.3066467240284344e-32,6.861568630447927e-33,4.4733078008145716e-33,-4.856368351288911e-24,-1.1486845974304715e-24,1.4404906574374265e-22,-7.634476704374607e-23,1.1313890279080065e-22,4.915085298161862e-23,-9.157678804791598e-39,2.0053927008728083e-38,1.0652757498093129e-39,-7.459656607682496e-39,8.092406577721826e-39,-1.2594263567874863e-38,3.87221581575441e-37,-9.790533747949169e-37,-1.1022181084203952e-36,-1.8702099788139012e-36,3.8973356363394783e-39,-1.953721753554936e-38,1.3248434157488146e-29,-9.507801249794556e-30,-2.9009208694927315e-30,4.152381543016113e-30,-1.0347514652874838e-29,5.3554210716578686e-30,3.900461994330361e-30,-1.0377454647917284e-30,1.293326984971776e-29,6.953591828636289e-30,1.3409495389024838e-29,4.85411143707869e-30,2.0445227820462463e-38,2.3870889044836116e-39,-7.374184761659677e-39,-4.626250173484621e-39,-9.995948749284737e-39,4.351076760554994e-39,-0.1076253280043602,-0.908541738986969,-0.4027228057384491,0.0208346750587224,0.0088508687913417,-0.0132363671436905,0.0111002046614885,-0.0100221056491136,0.3618057668209076,0.91330748796463,0.1869918406009674,0.0,-1.797892574197217,-1.5667174957680865,-0.5548899141870378,0.444865354149793,1.9184427859125416e-15,9.142283967422969e-16,-3.5006890897516925e-22,2.163396342375139e-22,2.5500310587366792e-30,1.1689907372473309e-30,0.8372848420030359,0.16284339909182,0.0001282410948559,26.385066986083984,-1.2565127938503953,-0.5714288498735731,-0.7817360589996702,-1.326425838199179,0.2269752200727134,0.4282620756406261
1317.0,0.4739811062707094,0.0882248853087321,0.4372619433008465,0.000532065119712,1.7638963526240509e-12,0.9995261260374866,0.0004429758229495,3.08981395638024e-05,0.0005955894294373,0.6467733805441439,0.3526310300264187,3.986675434721228e-05,4.685517959015326e-06,1.83312363323668e-05,0.1875239692685018,0.8123476447695028,6.550245335667804e-05,0.4737564989657244,0.057061507319248,0.3552087097877785,0.9225303235000868,0.0036703722999343,clean_balanced_ED_EQ,-6.255263242416102e-31,1.411527732236512e-30,-2.383594804914919e-33,-3.2415085580779994e-32,7.04514466389504e-33,4.904340537715636e-33,-4.773428542310698e-24,-9.878915192335917e-25,1.4110975928860733e-22,-7.675684362644777e-23,1.0914756329104105e-22,4.642548847519868e-23,-8.895017600758672e-39,1.9578131209464501e-38,1.0288842135028028e-39,-7.299993446594201e-39,7.866135668866874e-39,-1.2278133122576214e-38,3.7443874544900495e-37,-9.73326555425872e-37,-1.1203647943274806e-36,-1.859057705300548e-36,3.3152721680836616e-39,-1.9206736484452702e-38,1.3021606783048222e-29,-9.534840610381909e-30,-2.739685699381549e-30,4.059267935171328e-30,-1.0281924506248485e-29,5.4755743865014876e-30,3.820175953053199e-30,-1.0806715649431117e-30,1.2896348502945864e-29,6.768425916085739e-30,1.3216002584774389e-29,4.650245478810856e-30,1.951916047875985e-38,1.8907357637629464e-39,-7.382453423251555e-39,-4.5256722054686116e-39,-9.821935418757939e-39,4.4201410864153484e-39,-0.1225578412413597,-0.9062966704368592,-0.402456670999527,0.0322136096656322,0.0085847107693552,-0.013228703290224,0.0108901876956224,-0.0101161571219563,0.3626334071159363,0.9129791855812072,0.1869918406009674,0.0,-1.813195549170976,-1.5525163221220015,-0.5471995513468895,0.4557919911817095,1.924922826967221e-15,8.938518503319233e-16,-3.4975121778619873e-22,2.2049949953713443e-22,2.5869475082467296e-30,1.1537145646677595e-30,0.8366427751444135,0.1632300215026732,0.0001272033529132,25.885835647583008,-1.2571277234472833,-0.5571031060822551,-0.793400162756454,-1.3165146686392233,0.2280270629328279,0.4192048870369707
1318.0,0.475546881468767,0.085117819737076,0.4388131020049053,0.0005221967892517,1.7420412076119333e-12,0.9995317343799502,0.0004347372039682,3.3528416081472846e-05,0.0005849090991559,0.6575590408189956,0.3418560500818483,3.702432961835079e-05,4.343728334969906e-06,1.7195805340579242e-05,0.1842564602039007,0.8156238277229152,6.114820989011616e-05,0.4753241992134533,0.0559699919029159,0.3579064219122069,0.922754662273452,0.0033236916498635,clean_balanced_ED_EQ,-6.102898535761424e-31,1.4130383675995709e-30,-2.7128330175301498e-33,-3.198550449458394e-32,7.181556070947098e-33,5.281636116843203e-33,-4.650337594049259e-24,-8.225872363817338e-25,1.3830772367081534e-22,-7.709324727745998e-23,1.0543696252776448e-22,4.379321897081917e-23,-8.379066059675378e-39,1.8904289181693518e-38,7.743674803752446e-40,-7.040208688002331e-39,7.60470815653143e-39,-1.186409256252534e-38,3.607290448133485e-37,-9.663492771261404e-37,-1.1375924549198536e-36,-1.848123120741167e-36,2.7903800073289855e-39,-1.858233870697497e-38,1.2826160889049134e-29,-9.55922031955828e-30,-2.60942675838212e-30,3.967780071721235e-30,-1.0216735847161384e-29,5.5914405911359184e-30,3.738138872285795e-30,-1.1189644856691656e-30,1.2807662572510838e-29,6.578065077288897e-30,1.2976065775464618e-29,4.430646854137812e-30,1.8566854848003835e-38,1.3843438925912951e-39,-7.346734436063555e-39,-4.415614026851561e-39,-9.66174878911433e-39,4.4969239029501285e-39,-0.1370927095413208,-0.9038483500480652,-0.402207463979721,0.0431565828621387,0.0083997100591659,-0.0130756143480539,0.0107104144990444,-0.0102497097104787,0.3634594082832336,0.9126506447792052,0.1869918406009674,0.0,-1.8278495714791383,-1.5384579261721776,-0.5398882993824701,0.4661160759452502,1.931185647714153e-15,8.740918902031639e-16,-3.493523529679626e-22,2.2448586087377573e-22,2.6239260911507972e-30,1.1399940569646442e-30,0.8359777777136477,0.1638531042532257,0.0001691180331265,25.402048110961918,-1.2575182824639366,-0.5431208848051036,-0.8043781485902256,-1.3067859652192435,0.2288526732320827,0.4105689331880631
1319.0,0.4769493229483998,0.081988251327646,0.440548114369526,0.0005143113544279,1.7206237063394113e-12,0.9995426549006876,0.0004209423333184,3.640276599390566e-05,0.0005811633003743,0.6688810176266218,0.3305378190730038,3.587945246597316e-05,4.359955431142573e-06,1.6313339810820353e-05,0.1814786174550825,0.8184071538183278,5.767597888168936e-05,0.476731192512929,0.0548403849814631,0.360547728401195,0.92367908532955,0.0030130243081829,clean_balanced_ED_EQ,-5.953873237025147e-31,1.4140633680768828e-30,-3.2415325661039546e-33,-3.131884279089029e-32,7.32700251690023e-33,5.661147024731567e-33,-4.550545709817869e-24,-6.624826148949985e-25,1.3545705916120496e-22,-7.739155529909395e-23,1.0163415675591848e-22,4.120106569830866e-23,-8.068294911827293e-39,1.864563268441537e-38,7.936033233483554e-40,-7.037548883610221e-39,7.274687695912823e-39,-1.1608078221660677e-38,3.4860444538048584e-37,-9.603850224887696e-37,-1.1549705991336678e-36,-1.8367140095103408e-36,2.252792501824347e-39,-1.8074207576004504e-38,1.2594322939582579e-29,-9.593752077603917e-30,-2.443689026602921e-30,3.8878167638211394e-30,-1.015063356863772e-29,5.7059353137827765e-30,3.670390310780016e-30,-1.1606365284851154e-30,1.2766229454367568e-29,6.406521026130956e-30,1.2767139894453726e-29,4.244331190145252e-30,1.7658533835294704e-38,9.441037700045426e-40,-7.34928653334822e-39,-4.319139929571296e-39,-9.498169056133142e-39,4.5702164054218615e-39,-0.1514741331338882,-0.9012824296951294,-0.4013005197048187,0.0540970005095005,0.008191074244678,-0.0129831256344914,0.0105273406952619,-0.0104020899161696,0.3642839789390564,0.9123218059539796,0.1869918406009674,0.0,-1.84210630919206,-1.5242849704607373,-0.5317930791581552,0.4761538444075336,1.936470714786161e-15,8.544518500475923e-16,-3.488827483084592e-22,2.285452224859467e-22,2.6584008118185205e-30,1.1245881534551656e-30,0.8354900863343415,0.1641876209562207,0.0003222927094377,24.94159507751465,-1.257476391399158,-0.5294568264733767,-0.8154281870247788,-1.2967502168292822,0.2295640298434464,0.4018018277525481
1320.0,0.4783750696971405,0.0791065214150667,0.4420124811495888,0.000505927738204,1.7004158440348352e-12,0.9995512989451496,0.0004100499356147,3.865111923582712e-05,0.0005917305990815,0.6788720830166877,0.3205361863842306,3.3663323372085016e-05,3.929351202744577e-06,1.5700214459674932e-05,0.1785220696524785,0.8213695502869284,5.5087171558601726e-05,0.4781604222987532,0.0537032089732505,0.3630555928630471,0.9239872835125524,0.002730275904114,clean_balanced_ED_EQ,-5.808279163998119e-31,1.4153133088445732e-30,-3.5927271684290765e-33,-3.0777164611777136e-32,7.430982118252887e-33,5.939950149025062e-33,-4.51210722006088e-24,-4.830353953656456e-25,1.3264505728659352e-22,-7.765486520136841e-23,9.825170198942909e-23,3.874759411023404e-23,-7.641597625636508e-39,1.8092611919483152e-38,5.880148652169919e-40,-6.684260844042371e-39,7.053575640200375e-39,-1.1408352656129875e-38,3.362194031034524e-37,-9.538178428011552e-37,-1.1723501199375343e-36,-1.8252377737414123e-36,1.6336967610158968e-39,-1.769021353710859e-38,1.2402360639489012e-29,-9.600422110345764e-30,-2.3178045507232892e-30,3.77700578191549e-30,-1.0084558506477372e-29,5.8234149468807596e-30,3.602182434111111e-30,-1.2039929430066647e-30,1.2695472947442312e-29,6.22696970451918e-30,1.2578147618079289e-29,4.0227316323191615e-30,1.6790963041785771e-38,4.712602685707785e-40,-7.33210071685668e-39,-4.2185346329092585e-39,-9.35717673953956e-39,4.655933459976715e-39,-0.1659718155860901,-0.8987804055213928,-0.4001952707767486,0.0646153464913368,0.0079205902293324,-0.0127581618726253,0.0103490389883518,-0.0105099808424711,0.365106850862503,0.9119927883148192,0.1869918406009674,0.0,-1.8564773158455008,-1.510390949631518,-0.523679578024949,0.4856061090388152,1.941833298804398e-15,8.355281273054615e-16,-3.483586834760181e-22,2.3263343596303715e-22,2.693004616448541e-30,1.1111093358825606e-30,0.8355783673620916,0.1645489600595622,0.0001273274216537,24.511571884155277,-1.2576344436875402,-0.5161183668342718,-0.8264448003021545,-1.286696049047229,0.2301705735160359,0.3931626026334879
1321.0,0.4796403220971799,0.0763186567490787,0.4435429514645174,0.0004980696892239,1.6802098027121286e-12,0.99955884244463,0.0003998945527305,4.1263002639568544e-05,0.000605102727249,0.6891780254431086,0.3102168718296423,3.220835259610543e-05,3.7464855197024234e-06,1.5037495151794577e-05,0.1759789600660409,0.8239161783403254,5.3869260366234576e-05,0.4794287251452266,0.0525971411628004,0.3654422135004335,0.9247407505798712,0.0024674376983771,clean_balanced_ED_EQ,-5.671428024380455e-31,1.415690263714804e-30,-3.8809249056841745e-33,-3.0256166607623303e-32,7.556334650014456e-33,6.238179868976263e-33,-4.468706679472663e-24,-4.0721325276549198e-25,1.2991156109794113e-22,-7.781905357545248e-23,9.47879897557057e-23,3.6577212379118724e-23,-7.237696679682814e-39,1.7754548230946467e-38,4.984832978772082e-40,-6.520108736919673e-39,6.739202008201427e-39,-1.123444562825212e-38,3.2564261149278826e-37,-9.477446453598062e-37,-1.1886370620320773e-36,-1.8135607546517103e-36,1.3319869964731673e-39,-1.7482640249845475e-38,1.220019769410814e-29,-9.620806814547524e-30,-2.18547639257162e-30,3.69112082655416e-30,-1.0014720262230928e-29,5.9296859879933634e-30,3.535302589465443e-30,-1.2444400037570115e-30,1.263083881561851e-29,6.0673704211392916e-30,1.2368623400879837e-29,3.8646512559511256e-30,1.5930193001517754e-38,1.0701824245789543e-40,-7.311606983657573e-39,-4.130157485575132e-39,-9.214056988218523e-39,4.7255816162851185e-39,-0.1794556677341461,-0.8959681987762451,-0.3984200656414032,0.0747819244861602,0.0077098435722291,-0.0127348182722926,0.0102221881970763,-0.010564062744379,0.3659283220767975,0.9116635918617249,0.1869918406009674,0.0,-1.8694807819941164,-1.4965473296281622,-0.5153333881071596,0.4942709608701313,1.94588767010728e-15,8.172594049177168e-16,-3.477045368861994e-22,2.365289539472204e-22,2.7256466085535088e-30,1.0959413286866392e-30,0.835184967184594,0.1645469774887574,0.0002680553266485,24.10187149047852,-1.257017116638355,-0.5035764026321553,-0.8366580887178798,-1.276529500238407,0.2304826230927105,0.3847689736150624
1322.0,0.4809381350356683,0.0736004411552728,0.444973338511216,0.0004880852978428,1.660500296642906e-12,0.9995655232800632,0.0003894394725503,4.5037247386524205e-05,0.0006365861863515,0.6995873344628489,0.2997760793507996,3.0510881188658023e-05,3.6699868470206594e-06,1.4113596929648335e-05,0.1731607392235778,0.826737611004795,5.335530666175148e-05,0.4807291786122655,0.0514899364431071,0.3678761948415907,0.9252194951814644,0.002202772330271,clean_balanced_ED_EQ,-5.532285700713777e-31,1.4162297854421238e-30,-4.200135878185088e-33,-2.971605881363171e-32,7.824488412042916e-33,6.552734807366077e-33,-4.4936828427756395e-24,-2.381518770874068e-25,1.2718464329572318e-22,-7.796181284994464e-23,9.143920463330172e-23,3.427526484946929e-23,-6.874851815307746e-39,1.7307996013158592e-38,3.538458808038128e-40,-6.449272250260335e-39,6.521020897279387e-39,-1.0858711479312047e-38,3.1400075550148567e-37,-9.410631420168546e-37,-1.205321405340356e-36,-1.8017051284219423e-36,6.927625469163922e-40,-1.7400472501057521e-38,1.1990064257554601e-29,-9.634428084234485e-30,-2.0442979442897345e-30,3.5945588721608e-30,-9.945768745662649e-30,6.0398695595590814e-30,3.479829270980867e-30,-1.2611379615313334e-30,1.2538757599632377e-29,5.9103429876971544e-30,1.209996693907778e-29,3.676485851816172e-30,1.5014893105609902e-38,-2.8948207526637913e-40,-7.27088311361375e-39,-4.045069780975928e-39,-9.063685200875847e-39,4.766660300781917e-39,-0.1933850944042205,-0.8930100202560425,-0.3965043127536773,0.0849643275141716,0.0075076115317642,-0.0125841116532683,0.0101300915703177,-0.0106430258601903,0.3667481541633606,0.9113340377807616,0.1869918406009674,0.0,-1.8831333173931577,-1.4824892507811804,-0.5069721710950498,0.5028747465989429,1.950485380212292e-15,7.988773954655624e-16,-3.4700110516726723e-22,2.405460339619754e-22,2.7614646707890092e-30,1.0816236755463992e-30,0.8350794151124405,0.1646504997368851,0.0002700851506742,23.6997127532959,-1.256544960397708,-0.4908501281479568,-0.8471188403477392,-1.2662667005456434,0.2307307803937126,0.3764075119469085
1323.0,0.4821120335916667,0.0711705204078704,0.4462356369081171,0.0004818090923455,1.6424151495466594e-12,0.999574617036968,0.0003781876454988,4.719531753306172e-05,0.0006031546107467,0.7077504018808793,0.2916464435083739,2.950724626309923e-05,3.502823403137256e-06,1.3660894356527843e-05,0.1710943734761612,0.828809652872258,4.930268755779688e-05,0.4819069513463041,0.0503709644207416,0.3698444033250476,0.9255849383881264,0.0020103084221522,clean_balanced_ED_EQ,-5.408514778637761e-31,1.4165505486546824e-30,-4.504821711907832e-33,-2.914757893579373e-32,7.88340945162535e-33,6.812229869762704e-33,-4.287917343927727e-24,-1.4241615046806551e-25,1.2454115755315914e-22,-7.802548115358052e-23,8.848500879240532e-23,3.272004075706316e-23,-6.666221591047098e-39,1.7023040078247087e-38,3.832641845930396e-40,-6.287197806632186e-39,6.28295779311219e-39,-1.0735852695541986e-38,3.039809371937252e-37,-9.362535300899878e-37,-1.220651873695336e-36,-1.7899401540068664e-36,3.025123277459456e-40,-1.6707157112868567e-38,1.1793287374965065e-29,-9.643685631722856e-30,-1.9122780474139032e-30,3.5060467492875306e-30,-9.881008630475193e-30,6.1376388824353266e-30,3.408111758211733e-30,-1.3003758748124312e-30,1.2491258388704717e-29,5.720566828909892e-30,1.1979175229252085e-29,3.5137069171020414e-30,1.4304159062114564e-38,-6.321524785265824e-40,-7.270776836940824e-39,-3.920682546289984e-39,-8.927969583803942e-39,4.8482300483718665e-39,-0.2061402201652526,-0.8904672265052795,-0.3941637575626373,0.0940694734454155,0.0071789878420531,-0.0125669790431857,0.0098637687042355,-0.0105704171583056,0.3675664961338043,0.911004364490509,0.1869918406009674,0.0,-1.8950705317495329,-1.4694651545274473,-0.4985483211603769,0.5101232429949466,1.953564293533144e-15,7.824235418183858e-16,-3.4623981185036182e-22,2.4427937145371767e-22,2.7891425519039328e-30,1.0680488177292778e-30,0.8356351386784919,0.1644231612621465,5.829994063843991e-05,23.35576057434082,-1.2558795718968772,-0.4795058835877337,-0.8565969338434994,-1.2560970746261522,0.2307446669130002,0.3683054239678272
1324.0,0.483171433917277,0.0687577282798399,0.4475967089279679,0.0004741288749151,1.6236773647763672e-12,0.999581505749399,0.0003675244151057,5.096983549529273e-05,0.0006149312202983,0.7170450871540902,0.2823399816256114,2.799634956308289e-05,3.343665110177166e-06,1.2968388869462517e-05,0.1686659115784634,0.8312422050247638,4.757499323015356e-05,0.482969229450128,0.0493023912669351,0.3720612752911114,0.9263724581130768,0.0018035823420858,clean_balanced_ED_EQ,-5.280411246219224e-31,1.416327434411674e-30,-4.861340980003373e-33,-2.857346137194822e-32,8.125972712363138e-33,7.104488469363567e-33,-4.239679647560396e-24,-4.73515611300822e-26,1.2193167059217895e-22,-7.807065881804026e-23,8.544623463525024e-23,3.087024383464735e-23,-6.28316720470828e-39,1.6625214518956862e-38,2.5729341114331995e-40,-6.136738036834722e-39,6.025868597308412e-39,-1.0488472703335903e-38,2.939125195359497e-37,-9.301201503678592e-37,-1.2361710734538398e-36,-1.777985397593272e-36,-3.9931513395392884e-42,-1.638256622450743e-38,1.1586267919919856e-29,-9.656279853056641e-30,-1.7740493302150555e-30,3.4183598185924004e-30,-9.812219288890721e-30,6.237918636092399e-30,3.350659743474674e-30,-1.3298405210863008e-30,1.2413862830569495e-29,5.585853651581442e-30,1.1775624946821013e-29,3.3697768849111425e-30,1.3497316841575004e-38,-9.373124533374011e-40,-7.23679495168201e-39,-3.8492216420318345e-39,-8.782487162319746e-39,4.884084879422377e-39,-0.2191031724214553,-0.8873432278633118,-0.3916672766208648,0.1035054251551628,0.0070083537138998,-0.012442517094314,0.0096924165263772,-0.0106734922155737,0.3683832287788391,0.9106743335723876,0.1869918406009674,0.0,-1.907012999683968,-1.4557097947335174,-0.4898089121706669,0.5176363363164808,1.956413269374017e-15,7.65148690637613e-16,-3.4539544387107153e-22,2.4807403520231456e-22,2.8186571879366816e-30,1.0525138816685874e-30,0.8355881374534487,0.1643244949863528,8.736756019844805e-05,22.997398376464844,-1.254733364062964,-0.4677949466788882,-0.8661776799031903,-1.245823737232595,0.2307038914102762,0.360316043410555
1325.0,0.4842457727858163,0.0664451558752736,0.4488427942874614,0.0004662770514485,1.6058386216751212e-12,0.9995868483184313,0.0003587979003191,5.43537812495454e-05,0.0006188524966852,0.7255131703845448,0.2738679771187699,2.590992038358732e-05,3.0063257348718437e-06,1.2239637022732816e-05,0.166380688902654,0.8335325403429993,4.5614871205437904e-05,0.4840457058304973,0.048206835695765,0.3741250745370779,0.9268904748622064,0.0016148789728628,clean_balanced_ED_EQ,-5.154252760587238e-31,1.4163091925802268e-30,-4.967020574038445e-33,-2.8119549760604426e-32,8.323723605990494e-33,7.364538875201096e-33,-4.16438365115098e-24,3.735003589532368e-26,1.193061073320885e-22,-7.80943617929747e-23,8.262447315555493e-23,2.912748981381667e-23,-6.007034571871281e-39,1.5973737751536798e-38,1.499333422903317e-40,-5.811249743380998e-39,5.8571024324530865e-39,-1.0162481158377357e-38,2.8407038338692185e-37,-9.24347822437101e-37,-1.2517476611556449e-36,-1.7657458060783584e-36,-2.876803105531053e-40,-1.6008997683546435e-38,1.1388955090449583e-29,-9.666972335561373e-30,-1.6445798505098452e-30,3.3255565039184064e-30,-9.744376993191384e-30,6.341413727740991e-30,3.2971236713026984e-30,-1.3593559634112924e-30,1.2325201989654349e-29,5.4354588091987996e-30,1.1589602819379726e-29,3.1959126615040565e-30,1.2711853813016972e-38,-1.2687006216308631e-39,-7.199592892908946e-39,-3.7602767882156827e-39,-8.641086866013507e-39,4.9315627537898184e-39,-0.2321023046970367,-0.8842713832855225,-0.3889130055904388,0.1126977279782295,0.0068335873074829,-0.0123055102303624,0.0095500294119119,-0.0106791500002145,0.3691985011100769,0.910344123840332,0.1869918406009674,0.0,-1.9191281716476365,-1.442092630579228,-0.4810882151994678,0.5247297149383485,1.9594278341619997e-15,7.483353980731369e-16,-3.445002791379504e-22,2.519009069897225e-22,2.8493279162418823e-30,1.0381447032987849e-30,0.8360054826408859,0.1641593511153391,0.000164833756225,22.660024642944336,-1.2537702471299783,-0.4562738695241351,-0.875768688754135,-1.2353806899344997,0.2305997662402419,0.3522912516366548
1326.0,0.4852690180314641,0.0642087289133698,0.4500634351943189,0.000458817860847,1.5883048334794642e-12,0.9995934952529788,0.0003494982252228,5.70065217982349e-05,0.0005918554622847,0.7342968928516115,0.2651112516861039,2.4919454141807933e-05,2.9329383631346904e-06,1.171172259400181e-05,0.16432384952129,0.8355948647000113,4.172166359978121e-05,0.4850717538720521,0.0471482701350388,0.3760706952376192,0.9274514103950844,0.001446684004285,clean_balanced_ED_EQ,-5.039619388455908e-31,1.4157618877839323e-30,-5.2026564214248176e-33,-2.7614234293351964e-32,8.427196903092516e-33,7.601047267535896e-33,-3.9864895349268744e-24,9.698023935437832e-26,1.1677307180756058e-22,-7.805483497366839e-23,7.973528904664863e-23,2.766013192279114e-23,-5.8177464480520525e-39,1.5659515836555784e-38,1.115189915255758e-40,-5.7299905802071913e-39,5.706227502597093e-39,-9.929529764931827e-39,2.7488235485268327e-37,-9.18994084223562e-37,-1.2663844362051369e-36,-1.7535898392428354e-36,-4.269767698746548e-40,-1.5278508584170252e-38,1.1188320892974878e-29,-9.673074315135489e-30,-1.5101949657379121e-30,3.238431198332581e-30,-9.6781234652663e-30,6.434643116802907e-30,3.2258930851385675e-30,-1.3788031961934183e-30,1.2254995008189825e-29,5.287061611222144e-30,1.1395863613481353e-29,3.0710650254537762e-30,1.1967680095153644e-38,-1.5310812875083028e-39,-7.178963029190922e-39,-3.6707553233966944e-39,-8.509440412194e-39,4.9985707485191385e-39,-0.2442293912172317,-0.881197988986969,-0.3857243955135345,0.1213245242834091,0.0066564148291945,-0.0122080855071544,0.0093289222568273,-0.0107284625992178,0.3700122237205505,0.910013735294342,0.1869918406009674,0.0,-1.930082662842025,-1.4290677179168845,-0.4723153184212441,0.5308374990020012,1.961433058602869e-15,7.328041284977122e-16,-3.4353433261996577e-22,2.555385928413806e-22,2.8768817258955104e-30,1.025046895971726e-30,0.8363512365391463,0.1637050781870938,5.631472624023637e-05,22.345678329467773,-1.252340589599165,-0.4457896466031625,-0.8846732549880375,-1.225026134753926,0.2303092317758963,0.3445515767112114
1327.0,0.4863429716510885,0.062072309161372,0.4511333953558822,0.0004513238316572,1.5709944748682417e-12,0.9995983089851656,0.0003417336717247,5.9957343109720433e-05,0.0006411098289907,0.7423229574318135,0.2570359327391956,2.3645356056362333e-05,2.803223591273417e-06,1.1128205577311627e-05,0.1621574826550303,0.8377624216130033,4.251894674152065e-05,0.4861476120492484,0.0460777001112915,0.3779426057638403,0.9276034026446952,0.0012901118361141,clean_balanced_ED_EQ,-4.922427723963228e-31,1.4153298436876829e-30,-5.489004580004016e-33,-2.7157485115594027e-32,8.590297178002823e-33,7.80338407053115e-33,-4.0565205298848485e-24,2.5418339395333333e-25,1.1426705872357097e-22,-7.791690124898332e-23,7.709808423694878e-23,2.6060068241020282e-23,-5.4516977042831066e-39,1.529719593897835e-38,-1.7891684578303806e-41,-5.5915156141128325e-39,5.4695881902626284e-39,-9.705694629324873e-39,2.660879977414224e-37,-9.129609604889632e-37,-1.2806428812260148e-36,-1.7412316084892158e-36,-1.1011624909739548e-39,-1.535910283091955e-38,1.0998716647671937e-29,-9.662213533955433e-30,-1.3911094376766698e-30,3.133992438955028e-30,-9.607607209995269e-30,6.528221447772667e-30,3.177854378135263e-30,-1.406414462258119e-30,1.2171245569712729e-29,5.146489402361159e-30,1.1208867317338049e-29,2.9278162779773293e-30,1.1225132335703143e-38,-1.8066460949382207e-39,-7.14354536412481e-39,-3.5870737028992005e-39,-8.385197900809492e-39,5.0491716958089937e-39,-0.2565339803695678,-0.8779458403587341,-0.3825173079967499,0.1297593116760254,0.0063858870416879,-0.0120444847270846,0.0092745572328567,-0.0107572227716445,0.3708244264125824,0.9096829891204834,0.1869918406009674,0.0,-1.941106480909394,-1.4156728891884487,-0.4636540364759588,0.5368924794337318,1.963591551770818e-15,7.170016958632056e-16,-3.424925124063319e-22,2.59173844964644e-22,2.9052310287218733e-30,1.0104000645164134e-30,0.8367844308531078,0.1633587051373406,0.0001431359904484,22.036521911621094,-1.2510149661227945,-0.4350950967225303,-0.8932860991451247,-1.2145602915985865,0.2297289937862259,0.3369032392547831
1328.0,0.4873060043285696,0.0600127269396996,0.4522372239554225,0.0004440447763082,1.5539306036061809e-12,0.9996040404985594,0.0003327658020592,6.31936993812956e-05,0.0006645139649656,0.7499214241993305,0.2494140618357037,2.265989347433652e-05,2.6901525467645143e-06,1.06959910235158e-05,0.160230791221761,0.839691541871682,4.162086951223427e-05,0.4871130508860467,0.045004829656705,0.3797397718748979,0.928035402679952,0.0011482056961994,clean_balanced_ED_EQ,-4.811135672046746e-31,1.4144709788660772e-30,-5.6212187089075025e-33,-2.667387169049863e-32,8.788296876413626e-33,7.992658512824939e-33,-4.036812299871148e-24,3.586600972239592e-25,1.1175306943676228e-22,-7.776065558284298e-23,7.450793504552379e-23,2.476331930498325e-23,-5.2596978660285564e-39,1.4969011571224078e-38,-8.084105810628517e-41,-5.46618670792984e-39,5.3405450279123726e-39,-9.502822435687985e-39,2.5735733035944592e-37,-9.07630864327002e-37,-1.2947152847521449e-36,-1.7285566775217738e-36,-1.4801650219084606e-39,-1.513270083592651e-38,1.080830695494685e-29,-9.652436667087485e-30,-1.2717076208204434e-30,3.0324796652696826e-30,-9.536600395636904e-30,6.619956647980969e-30,3.121785958711081e-30,-1.4295907653445051e-30,1.208823385154386e-29,5.012888492770762e-30,1.10218871129409e-29,2.805635049026291e-30,1.0506965958256835e-38,-2.0358409883772657e-39,-7.110384313648803e-39,-3.506238350982892e-39,-8.26260636205953e-39,5.0886668137515546e-39,-0.2684555649757385,-0.8746030926704407,-0.3788526356220245,0.13798588514328,0.0061878501437604,-0.0118778813630342,0.00914769154042,-0.0107821505516767,0.3716351985931396,0.9093521237373352,0.1869918406009674,0.0,-1.9515546205636949,-1.402459461476976,-0.454647525039819,0.5423847449782883,1.9649888821518293e-15,7.018029076709982e-16,-3.413819039531235e-22,2.6277357645973597e-22,2.931695597967588e-30,9.962395335577336e-31,0.8371783336302183,0.1627693590475666,5.2307322215061625e-05,21.743677139282227,-1.2493143548328662,-0.4249377292247406,-0.901742433444942,-1.2039039957996498,0.229095679657889,0.3292429211736115
1329.0,0.4881912232351803,0.0580207639412828,0.453351007291368,0.0004370055321687,1.5378111777114718e-12,0.9996074093262042,0.0003255215360301,6.706913776565791e-05,0.0006817622775438,0.7577269875154091,0.241591250207047,2.173924678999925e-05,2.6106873078855938e-06,1.0099178672293934e-05,0.1585925015349089,0.8413314707005689,4.157865175204384e-05,0.4879995639139092,0.0439638986745709,0.381418469708031,0.9286340796687604,0.0010226669681591,clean_balanced_ED_EQ,-4.702647954562429e-31,1.4137141916351524e-30,-5.833322399442365e-33,-2.624553803736243e-32,9.029594579955675e-33,8.209794439884652e-33,-3.9994344845048515e-24,4.190882845231844e-25,1.0933880432133505e-22,-7.757568987158861e-23,7.195258984263876e-23,2.3521617533748442e-23,-5.2199513135450015e-39,1.4609175319625208e-38,6.71114051911441e-41,-5.375732377157712e-39,5.152838889186639e-39,-9.233449023972832e-39,2.495699740453419e-37,-9.031091583115766e-37,-1.3084688902468534e-36,-1.7161331384918896e-36,-1.8491244183861323e-39,-1.5057889272932081e-38,1.0613598611753413e-29,-9.652147154359956e-30,-1.1480435552560442e-30,2.944882507213621e-30,-9.465554346689749e-30,6.707263937338713e-30,3.0731206107846522e-30,-1.4458386399747502e-30,1.2005545551769037e-29,4.8698928408258985e-30,1.0852725701034433e-29,2.68537755095475e-30,9.823655786807039e-39,-2.257528001413752e-39,-7.071488434832692e-39,-3.418164918128984e-39,-8.13452761577412e-39,5.114782229373879e-39,-0.2801616191864013,-0.8712975382804871,-0.3750642240047455,0.1458306312561035,0.005910562351346,-0.0118887657299637,0.0090265506878495,-0.010687013156712,0.3724443912506103,0.9090209007263184,0.1869918406009674,0.0,-1.9617790270668696,-1.3893911836059734,-0.4457956576871568,0.5475422019793627,1.9663244888326795e-15,6.869840483533018e-16,-3.4023601305314056e-22,2.6631170566853274e-22,2.957656157233249e-30,9.815113834942508e-31,0.8378262105766742,0.1621354360083675,3.835341495828093e-05,21.47088623046875,-1.247706393733041,-0.4150431505251116,-0.90995061186371,-1.1934532116508143,0.2283787682894907,0.3218877137732993
1330.0,0.4890265770398114,0.0561323008849863,0.4544107785575599,0.0004303435176423,1.5218528428567038e-12,0.99961477150136,0.0003143227845554,7.090571408467323e-05,0.0006834704734263,0.7654039075303726,0.233912621996201,2.0133437847061462e-05,2.4389736373489287e-06,9.467854940844632e-06,0.1566245587435639,0.8433038534487356,3.954754127515413e-05,0.4888381900657433,0.0429638824360391,0.3832063606062303,0.9292148932031694,0.0009029843868371,clean_balanced_ED_EQ,-4.596972862188574e-31,1.4127228232992276e-30,-6.068299507110043e-33,-2.563566321710794e-32,9.272475318251872e-33,8.401073490236474e-33,-3.91455237685924e-24,4.942291219493953e-25,1.06957516835378e-22,-7.742311785743819e-23,6.951175877798e-23,2.227420555989369e-23,-4.7858638389334156e-39,1.411368430428689e-38,-1.84129895183696e-40,-5.183768816526322e-39,4.9699984911343113e-39,-8.92989801377557e-39,2.422597570538136e-37,-8.973329983924962e-37,-1.3225123289211231e-36,-1.7036385074155045e-36,-2.0744824495682002e-39,-1.462290863118897e-38,1.0426447182550765e-29,-9.652841241727597e-30,-1.0294472610640862e-30,2.8562283905251912e-30,-9.397000455446477e-30,6.796612673215805e-30,3.0278606906874944e-30,-1.4759883189197348e-30,1.193591593779832e-29,4.751607513386531e-30,1.0662656046878319e-29,2.566667152986475e-30,9.12308717065993e-39,-2.470390322276291e-39,-7.05078080769969e-39,-3.3479017069174173e-39,-8.008709550627714e-39,5.1388729584966434e-39,-0.2918383181095123,-0.867836594581604,-0.3709925711154938,0.1536379605531692,0.0057425438426434,-0.0117341997101902,0.0088532781228423,-0.0107110142707824,0.373252123594284,0.9086896181106568,0.1869918406009674,0.0,-1.971945891205528,-1.376423290674304,-0.4366960501490225,0.5523533011729311,1.9674244528471997e-15,6.725399171537023e-16,-3.390449917326208e-22,2.698881132939812e-22,2.9845659150296624e-30,9.68189478157078e-31,0.8384806270646076,0.1614332171060512,8.6155829341239e-05,21.20449447631836,-1.2458939712662376,-0.4054114990299227,-0.91833434992934,-1.1829831200880383,0.2277582286278253,0.3146405782535422
1331.0,0.4899192480381626,0.0542878240424468,0.4553692572226669,0.0004236706967233,1.5059324001396261e-12,0.999619488330141,0.0003069313208837,7.358034897523312e-05,0.000680158283283,0.7725920421352529,0.226727799581464,2.022074247804373e-05,2.459810096988515e-06,9.440103497924692e-06,0.154786294695697,0.8451442233012713,3.736134695872227e-05,0.4897328280469956,0.0419423408400333,0.3848526972107277,0.9294781926738988,0.000796392068594,clean_balanced_ED_EQ,-4.494398607611383e-31,1.4115973579871849e-30,-6.268390075555302e-33,-2.5190398561670384e-32,9.390782121334472e-33,8.564715718868768e-33,-3.8135646888855345e-24,5.727851148228538e-25,1.0457494685155252e-22,-7.717811834116097e-23,6.718068140634163e-23,2.1072697183881825e-23,-4.7120753801292606e-39,1.414184687843211e-38,-1.577489249829546e-40,-5.1966067150473705e-39,4.869828351526104e-39,-8.945238017769185e-39,2.3409206181049822e-37,-8.919837250770722e-37,-1.3357993650292692e-36,-1.6908786930148575e-36,-2.3385171046483947e-39,-1.4135196773812342e-38,1.0243677567944501e-29,-9.641701834053841e-30,-9.165330961998628e-31,2.758463109337801e-30,-9.327146614014659e-30,6.883239260283544e-30,2.966908660308548e-30,-1.4933933919209909e-30,1.1859961030015657e-29,4.634240631777137e-30,1.0479625759979212e-29,2.4647234344891494e-30,8.449898970227953e-39,-2.6567913724290316e-39,-7.021508223095677e-39,-3.276936264742048e-39,-7.892268585643481e-39,5.1938079888130634e-39,-0.3032433092594147,-0.8643154501914978,-0.3668499886989593,0.1611153185367584,0.0055738063529133,-0.011591007001698,0.0087290471419692,-0.0107263959944248,0.3740582168102264,0.9083580374717712,0.1869918406009674,0.0,-1.981579745953295,-1.363474294167231,-0.4277140968221361,0.5567899637989251,1.968167577557272e-15,6.584090921722902e-16,-3.377892547468167e-22,2.733548116498006e-22,3.0094108020265068e-30,9.545747910441657e-31,0.8391631208109056,0.1607283119106637,0.0001085672784306,20.94730567932129,-1.2439660996257156,-0.3960675807757027,-0.9261674282788684,-1.1723592716386646,0.2268669285497633,0.3074005625609241
1332.0,0.4906613715612365,0.0525106070439739,0.4564111298228766,0.0004168915719128,1.4907098404127529e-12,0.9996255811162064,0.0002974353026442,7.698358114941519e-05,0.000665441459296,0.7797849060821128,0.2195496524585911,1.8651427629297537e-05,2.184674726613758e-06,8.885900831606252e-06,0.1532266411788466,0.84670780032847,3.583648949569822e-05,0.490477658678176,0.0409469787820999,0.3864468637777596,0.9301957648930484,0.0007020007425547,clean_balanced_ED_EQ,-4.394711370334657e-31,1.4103667934499738e-30,-6.382458222532754e-33,-2.4669643259917985e-32,9.565491394124619e-33,8.750040641655232e-33,-3.6958824724773445e-24,5.598043927467447e-25,1.0223588876861404e-22,-7.695279700251075e-23,6.487572100990402e-23,2.0030991333870356e-23,-4.572688195285083e-39,1.3540769344224683e-38,-1.6584674247118392e-40,-4.888563600473042e-39,4.73853613106712e-39,-8.652202056097768e-39,2.268036065208503e-37,-8.874650410969815e-37,-1.3491913632580022e-36,-1.6781123647692423e-36,-2.37239197043774e-39,-1.3805947423033075e-38,1.0053529744099197e-29,-9.636727668902245e-30,-7.955224681077495e-31,2.6677262717115473e-30,-9.258007275991449e-30,6.969001576250311e-30,2.9177950184687205e-30,-1.5084782208173546e-30,1.1765724982094655e-29,4.5185729190165674e-30,1.0311782410475362e-29,2.3599654128957128e-30,7.799504372925507e-39,-2.835849893770124e-39,-6.973603227211237e-39,-3.2091641045144624e-39,-7.768079683403191e-39,5.2333983545535165e-39,-0.3145216405391693,-0.8607640862464905,-0.3624638020992279,0.1683894693851471,0.0053564230911433,-0.0115845380350947,0.0085972901433706,-0.0105675347149372,0.374862939119339,0.9080263376235962,0.1869918406009674,0.0,-1.9910406906162916,-1.3506679817605696,-0.4185593688893235,0.5608861165517134,1.968624268932883e-15,6.446694531135784e-16,-3.36496600387085e-22,2.768261852885148e-22,3.0335123395111544e-30,9.411912762265954e-31,0.840001567329024,0.1599206074198003,7.78252511757227e-05,20.70580673217773,-1.2419485738316869,-0.3869919189913643,-0.934048623048833,-1.1617614715891085,0.2260347678080746,0.3002992260139919
1333.0,0.4914874399323716,0.0508493404923809,0.4572528578982895,0.0004103616769579,1.4760383463938337e-12,0.999628217948153,0.0002915805305212,8.020152132564636e-05,0.0007257638152204,0.7859230786344324,0.2133511575503469,1.8386116086750984e-05,2.265724387113558e-06,8.582382081856791e-06,0.1517026842390688,0.8482316863080119,3.639523036353952e-05,0.4913047137234966,0.0399636702263025,0.3878563627242238,0.9303449503434048,0.0006205297264156,clean_balanced_ED_EQ,-4.300383797631236e-31,1.4092584153938224e-30,-6.486247771908188e-33,-2.4313957340689895e-32,9.773235937141147e-33,8.869131285310777e-33,-3.7687087324781375e-24,6.730284025010402e-25,9.999007970986991e-23,-7.66353553834225e-23,6.279701567343704e-23,1.910406301146069e-23,-4.4026880460972444e-39,1.346328574760796e-38,-2.3109198877407167e-40,-4.9670875545474724e-39,4.633777511683758e-39,-8.496222295707759e-39,2.197467349263789e-37,-8.828707342612999e-37,-1.3617338713892013e-36,-1.6655226569158373e-36,-2.7970462620216316e-39,-1.381170473117969e-38,9.877864903231677e-30,-9.622434253773669e-30,-6.901970214752864e-31,2.574358783681652e-30,-9.187667163364649e-30,7.048075290494079e-30,2.8744161077618594e-30,-1.5192870043941021e-30,1.1683778179694177e-29,4.3881716753391056e-30,1.0148691406116361e-29,2.257219540755873e-30,7.185595484634676e-39,-3.0038475166296327e-39,-6.935083665705699e-39,-3.123216076031381e-39,-7.665352274929559e-39,5.2622005451426274e-39,-0.3253878355026245,-0.857301652431488,-0.3579616844654083,0.1750812828540802,0.0051557081751525,-0.0113598648458719,0.0084867654368281,-0.0106591414660215,0.375666081905365,0.9076943397521972,0.1869918406009674,0.0,-2.000076362688195,-1.3381647862425226,-0.4097892956891194,0.5643883818969234,1.9690455553790515e-15,6.316526475170858e-16,-3.3515042862775475e-22,2.8015949427572543e-22,3.0574174726702437e-30,9.279675992121603e-31,0.8409989946109468,0.1589756656355154,2.53397535376898e-05,20.48114013671875,-1.2400415900119524,-0.3784014843428163,-0.9413179126173612,-1.1513162327566455,0.2249334721337224,0.2934822406125869
1334.0,0.4922003653981395,0.0491699596193645,0.4582255414789907,0.0004041335035053,1.4611957599100592e-12,0.9996317594669756,0.0002848109982942,8.342953473007762e-05,0.0007437700304462,0.7929631672068083,0.2062930627627455,1.6788841450843535e-05,2.02445509673536e-06,8.016240022049637e-06,0.1501591522066724,0.8497784242255412,3.559403121683401e-05,0.4920191172732304,0.0389899669112021,0.389390178577912,0.9309735906196116,0.0005453446670295,clean_balanced_ED_EQ,-4.204587577363773e-31,1.4078057412023428e-30,-6.56357106573503e-33,-2.391585781991544e-32,9.940152378584088e-33,9.019937154538057e-33,-3.7256698253434975e-24,7.350042004164802e-25,9.771191202138684e-23,-7.633496908185976e-23,6.062366126217738e-23,1.8015473810387392e-23,-4.1214588577644485e-39,1.2868166799786047e-38,-3.616722866872632e-40,-4.6781235088783854e-39,4.483122493232635e-39,-8.190056414484076e-39,2.133067109141061e-37,-8.78054331229064e-37,-1.374652671217921e-36,-1.6525545892475825e-36,-3.046505890256932e-39,-1.3574191870934796e-38,9.697837646799647e-30,-9.603683393544389e-30,-5.806097288420742e-31,2.473136159068541e-30,-9.117225035758039e-30,7.130547955025729e-30,2.8408630276289945e-30,-1.5467138254053227e-30,1.1600485641237307e-29,4.2796937827144266e-30,9.984860046227154e-30,2.145988678425281e-30,6.556047136024585e-39,-3.178636008485866e-39,-6.900529214592414e-39,-3.058727338589912e-39,-7.54677754886403e-39,5.299908243056845e-39,-0.3364639580249786,-0.8536077737808228,-0.3532808721065521,0.1818880438804626,0.0049782376736402,-0.0112433228641748,0.0083945225924253,-0.0106221446767449,0.3764677345752716,0.907362163066864,0.1869918406009674,0.0,-2.00908121525596,-1.3254220947102195,-0.4005567892519303,0.5678433334426248,1.9690612659988125e-15,6.184848902399555e-16,-3.3375154448376724e-22,2.8357341950696213e-22,3.0805188328922873e-30,9.150166490717903e-31,0.8420054216682502,0.1580739330701155,7.935473836573337e-05,20.25385093688965,-1.237834737593654,-0.3696947958225134,-0.9488240907860274,-1.1406398419376038,0.2238838493456597,0.2865805705221825
1335.0,0.4929192791991529,0.0475981892832544,0.4590848579387795,0.0003976735788131,1.446738702968734e-12,0.999632666905665,0.0002806262358385,8.67068584964187e-05,0.0007234734607223,0.7993785201009408,0.1998980064383369,1.623204720050773e-05,1.9724983925371407e-06,7.72991120145547e-06,0.1487621570776863,0.8511792377441163,3.2670721402964726e-05,0.4927382136350673,0.0380489701087324,0.3907634994401963,0.9313591034310036,0.0004772585967406,clean_balanced_ED_EQ,-4.1139301126388205e-31,1.4062892197059007e-30,-6.68607592041682e-33,-2.362186366194637e-32,1.010274778207972e-32,9.173510198235083e-33,-3.5850274894711354e-24,7.953040059592016e-25,9.553121749281493e-23,-7.598370125037446e-23,5.858612969946316e-23,1.7134596308772965e-23,-4.0179129389800155e-39,1.2639136231639706e-38,-3.7146567371092905e-40,-4.608266302294112e-39,4.3893819639151655e-39,-8.030883172959044e-39,2.069993459509795e-37,-8.735839280036004e-37,-1.386537828481171e-36,-1.6398860413910432e-36,-3.191613042519724e-39,-1.2916056141168282e-38,9.520012063355214e-30,-9.594597478341617e-30,-4.714971623778073e-31,2.3869916494206965e-30,-9.048515623690289e-30,7.207604022138714e-30,2.7865889978865897e-30,-1.5667063837708542e-30,1.1511617250924797e-29,4.1727439969335954e-30,9.807173354995565e-30,2.0649699404960236e-30,5.942036966152925e-39,-3.3113573468970426e-39,-6.86262913596693e-39,-2.9887093709766026e-39,-7.432173486503957e-39,5.3313595912506206e-39,-0.3468789160251617,-0.8498760461807251,-0.3486770093441009,0.1883454173803329,0.0048618330620229,-0.0110607985407114,0.0082437377423048,-0.0106427352875471,0.3772679269313812,0.9070296883583068,0.1869918406009674,0.0,-2.017321037631848,-1.3129431331350456,-0.3918741161098443,0.5709217418518172,1.9688940395391518e-15,6.058285392414462e-16,-3.3233019380796554e-22,2.8675976349732525e-22,3.102745761008929e-30,9.017476793131632e-31,0.8427602549396545,0.1572308801196827,8.864940662767218e-06,20.0384578704834,-1.2355750946530146,-0.3614526455221371,-0.9555943497675732,-1.130200563754236,0.2226866796917883,0.2799749062011401
1336.0,0.4936153470062853,0.0460249946798682,0.4599678937904695,0.000391764523377,1.4325319179844018e-12,0.9996381441574376,0.0002716930353811,9.016280718135048e-05,0.0007817604215312,0.806130999848954,0.1930872397295147,1.5168388869070257e-05,1.7431316823627868e-06,7.4359909944959105e-06,0.1473792010675666,0.852562584120218,3.3867300669336494e-05,0.4934367294089926,0.0371021749793249,0.3921514161423367,0.9318346696068438,0.0004187337967367,clean_balanced_ED_EQ,-4.024180755803648e-31,1.4047314060464044e-30,-6.877770108866065e-33,-2.308740202428444e-32,1.0321322911819964e-32,9.276667839486528e-33,-3.637299245737447e-24,8.736633914367835e-25,9.335337579993726e-23,-7.559500933400705e-23,5.64865902354107e-23,1.6292883301843758e-23,-3.844851474753306e-39,1.220720653968914e-38,-4.074400148166526e-40,-4.319437057314741e-39,4.2522905667174144e-39,-7.88777590146514e-39,2.0045600996119395e-37,-8.692345827762932e-37,-1.3987607566190513e-36,-1.6268832597625508e-36,-3.6111198457048825e-39,-1.303154267222799e-38,9.347405403392349e-30,-9.570237370187614e-30,-3.7221321700677093e-31,2.2867064564611893e-30,-8.975193636147077e-30,7.283530732506238e-30,2.7513280150727995e-30,-1.5795517596044512e-30,1.14359020986962e-29,4.0691728157275095e-30,9.64566338681372e-30,1.9761008543531014e-30,5.3450572585884964e-39,-3.4450413401822716e-39,-6.825488168131816e-39,-2.9261724124374e-39,-7.328970989980279e-39,5.354755333449647e-39,-0.3575687408447265,-0.8460527658462524,-0.3436590135097503,0.1945924758911132,0.0046172766014933,-0.010979033075273,0.0081948991864919,-0.0106132822111248,0.3780665993690491,0.9066970944404602,0.1869918406009674,0.0,-2.025807587178643,-1.300333378598734,-0.3827456609317062,0.5736791962177102,1.968567901659516e-15,5.933262589410615e-16,-3.3082692783334623e-22,2.9007279550556807e-22,3.1251182087093653e-30,8.885546216674632e-31,0.8438025454358595,0.156147547371898,4.990719224240436e-05,19.831113815307617,-1.2332825819966926,-0.3533025610146412,-0.9625757244257336,-1.1195612437020437,0.2213817049239323,0.2733874851933852
1337.0,0.4942957498501965,0.0445295724806578,0.46078878883819,0.0003858888309556,1.4188752954412514e-12,0.9996421854098638,0.0002648870512968,9.292753883930446e-05,0.0007637808847815,0.8121555419110651,0.1870806772041533,1.4868310552183642e-05,1.8084713985461016e-06,7.103315189714504e-06,0.1461587405570569,0.8537864425640957,3.103678170690231e-05,0.4941188836190578,0.0361649390690967,0.3934152207955765,0.9322127268499452,0.0003682892668898,clean_balanced_ED_EQ,-3.9393001301242245e-31,1.4031913064553446e-30,-6.894845881684335e-33,-2.2700576105991143e-32,1.0433518733212954e-32,9.41287455008546e-33,-3.5139866576537514e-24,8.900957505887082e-25,9.118271259684404e-23,-7.522194716492749e-23,5.457934444526691e-23,1.5482288757412172e-23,-3.685733780123874e-39,1.210139148915667e-38,-4.363466952274677e-40,-4.390246268607319e-39,4.12207998799733e-39,-7.71114545713647e-39,1.9487036366554083e-37,-8.652064266321136e-37,-1.4107813313705522e-36,-1.613805250242184e-36,-3.5529999508207103e-39,-1.2425833773482755e-38,9.171784853887509e-30,-9.551281328305586e-30,-2.66118299226823e-31,2.1889966496901445e-30,-8.905665100553705e-30,7.362285405668931e-30,2.7018172847183983e-30,-1.5994040738280286e-30,1.1356257049715221e-29,3.969725500766316e-30,9.486505224751125e-30,1.9002039150633272e-30,4.7709577771641736e-39,-3.5598593258141126e-39,-6.791423803150395e-39,-2.8641975642368648e-39,-7.215188592577537e-39,5.400156673733237e-39,-0.3679412305355072,-0.8422602415084839,-0.3385222256183624,0.2006103098392486,0.0045214598067104,-0.0107995513826608,0.0080379964783787,-0.0106519842520356,0.3788638114929199,0.9063642621040344,0.1869918406009674,0.0,-2.0339968477148767,-1.288032363984018,-0.3737862328169887,0.5760069729313458,1.9681341083535163e-15,5.8142715936558335e-16,-3.292997766798701e-22,2.9330779707995053e-22,3.1471163014444813e-30,8.762442688257685e-31,0.8449201374627633,0.1550198678073008,5.999472993578614e-05,19.637264251708984,-1.2310090390959108,-0.3455917981807239,-0.9693961071210548,-1.1089007860038005,0.2201244200856347,0.2668309248656863
1338.0,0.4949022688645568,0.0430974255380836,0.4616200350084177,0.0003802705889418,1.4053028273730542e-12,0.9996483590595218,0.0002556748873274,9.596605315079789e-05,0.0007916927447373,0.8186137651211771,0.1805945421340856,1.4431420010113108e-05,1.7478092549730415e-06,6.849437107758355e-06,0.1450131855783073,0.8549324343232545,3.1351432065173995e-05,0.4947282409652884,0.0352801457867602,0.3946539402621326,0.9327498862906858,0.0003241433755846,clean_balanced_ED_EQ,-3.857561836459303e-31,1.4013934550756052e-30,-7.039630089450739e-33,-2.2154026308107652e-32,1.0598439731132963e-32,9.512779523724132e-33,-3.497392400536098e-24,9.293925135285548e-25,8.91363972299863e-23,-7.480328805125264e-23,5.262673736101258e-23,1.4753693929583018e-23,-3.5892009636286295e-39,1.1913367396664207e-38,-3.7582850861018846e-40,-4.313709477234591e-39,3.9650338313154976e-39,-7.599652462585132e-39,1.891059175323046e-37,-8.614183126058613e-37,-1.4219512956955107e-36,-1.6011333801850798e-36,-3.828428669911907e-39,-1.2389584386881787e-38,9.000702690548147e-30,-9.528173053501728e-30,-1.6571375883311622e-31,2.0963558555055144e-30,-8.834990025561696e-30,7.431817380303992e-30,2.667505156524777e-30,-1.6129093569323475e-30,1.1282605385676077e-29,3.8723404308095024e-30,9.325969663802428e-30,1.836462081205105e-30,4.2101329858968586e-39,-3.652476170956311e-39,-6.754105876873976e-39,-2.8039467378457677e-39,-7.114724386431134e-39,5.4287709985893986e-39,-0.3778330683708191,-0.8384385108947754,-0.3335029184818268,0.2062727510929107,0.004295561928302,-0.0107780173420906,0.0079885851591825,-0.0105581618845462,0.3796594142913818,0.9060312509536744,0.1869918406009674,0.0,-2.041406937280592,-1.2759056542283105,-0.3650827221348992,0.5780810339254445,1.9672573332765504e-15,5.698666504953697e-16,-3.2775590674857373e-22,2.963639677645452e-22,3.167061310187893e-30,8.634029011640372e-31,0.8458715816160627,0.1539479367545597,0.0001804816293775,19.44877815246582,-1.2285129399364454,-0.3381680295088561,-0.975611422117636,-1.0985495908130456,0.2187356825060491,0.2606477762163672
1339.0,0.4955419593842542,0.0417134647725676,0.4623702135851543,0.0003743622580237,1.3921425223502834e-12,0.9996477518807292,0.000252853538826,9.939458044464312e-05,0.000864150585289,0.8236460880401476,0.1754897613745634,1.3415537064945254e-05,1.5484090735128817e-06,6.586685637165816e-06,0.1439536423961684,0.8559929695441809,3.1837427874903335e-05,0.4953674056610415,0.0343571320785258,0.3957856521555334,0.93305966291872,0.0002896078718379,clean_balanced_ED_EQ,-3.773193504248355e-31,1.3998330253327776e-30,-7.056528503262357e-33,-2.195144960616517e-32,1.0818935665012065e-32,9.588636721014782e-33,-3.565689564597471e-24,1.0160513933126691e-24,8.704434799491275e-23,-7.433342066853991e-23,5.094883185060072e-23,1.3993763229654522e-23,-3.552325133014922e-39,1.1437634023416502e-38,-4.2268497096970094e-40,-4.046835413147274e-39,3.975017845944621e-39,-7.390795741910346e-39,1.83953652111301e-37,-8.57749896409287e-37,-1.4333699602620102e-36,-1.587946803233669e-36,-4.1379613034190366e-39,-1.2372536031495146e-38,8.828684595102519e-30,-9.509912998848489e-30,-6.688814104653817e-32,2.005139713584512e-30,-8.761796819762789e-30,7.504774016677596e-30,2.622774628924928e-30,-1.6226396480660338e-30,1.1187050275570219e-29,3.781796052786556e-30,9.179498359874495e-30,1.7442110139737606e-30,3.660795878925694e-39,-3.775421441729497e-39,-6.706596820653461e-39,-2.7461803632604507e-39,-7.019792465092337e-39,5.4458290936710623e-39,-0.3881071805953979,-0.8345004320144653,-0.3282416760921478,0.2118451595306396,0.0041471077129244,-0.0105066634714603,0.007911923341453,-0.0106096342206001,0.3804537653923034,0.9056980013847352,0.1869918406009674,0.0,-2.049291614901138,-1.263446679837314,-0.3562246463727501,0.5800468498586018,1.966649920981701e-15,5.581220882029361e-16,-3.261317509352931e-22,2.995356216493464e-22,3.188197134429879e-30,8.501367168646888e-31,0.8471457431417231,0.1527961324096006,5.812444867636657e-05,19.267724990844727,-1.2262285461629745,-0.330524962718759,-0.981977475974828,-1.0878754522919265,0.217199390628367,0.2543402304387713
1340.0,0.4962033344848727,0.0403560517947703,0.4630720260028417,0.0003685877175151,1.379038620431249e-12,0.9996528146385344,0.0002443587020974,0.000102826659368,0.0008867411211959,0.82969691998381,0.169416338894994,1.2948970525254362e-05,1.5694615979732886e-06,6.268921895139581e-06,0.1428247952718264,0.8571223207673355,3.209660681967426e-05,0.4960310599508292,0.0334832918768281,0.3969093696099876,0.9332303792024575,0.0002599561950392,clean_balanced_ED_EQ,-3.694178010575414e-31,1.3980961584753913e-30,-7.132566216936018e-33,-2.145443559075992e-32,1.1033528544180363e-32,9.662355437255864e-33,-3.5325155678958906e-24,1.039300888458002e-24,8.504191049608856e-23,-7.385421724631824e-23,4.914317823775925e-23,1.3244892709604173e-23,-3.2486240515591984e-39,1.1287958996589975e-38,-5.510246001496536e-40,-4.052039121610256e-39,3.799655218607728e-39,-7.235891521795753e-39,1.7825650915089983e-37,-8.538883673587967e-37,-1.444096489401757e-36,-1.575091831003646e-36,-4.3869299436856686e-39,-1.231868032059429e-38,8.674471146320757e-30,-9.476415172472473e-30,1.5660914604789943e-32,1.9027664618337174e-30,-8.690130593723505e-30,7.573649994440541e-30,2.5882364704179237e-30,-1.6299354735694156e-30,1.11024066235506e-29,3.6810492667480564e-30,9.021908991660657e-30,1.666929689276695e-30,3.1164826190867553e-39,-3.8756898036761016e-39,-6.661741205300551e-39,-2.6867774332493746e-39,-6.923562671828948e-39,5.460401317672525e-39,-0.3978953957557678,-0.8305535912513733,-0.3231160342693329,0.2170959860086441,0.003891565836966,-0.0104893641546368,0.007862496189773,-0.0104525322094559,0.3812464475631714,0.9053646326065063,0.1869918406009674,0.0,-2.056496576156775,-1.25138554629216,-0.3477162655285901,0.5816181058793782,1.965764141167093e-15,5.470268287136787e-16,-3.245053743134112e-22,3.0252908958962124e-22,3.208146944724523e-30,8.380152556279726e-31,0.8482651849492245,0.15170571301893,2.910203184547377e-05,19.09031105041504,-1.223793121534432,-0.323361852592167,-0.9878499843057552,-1.0774587792133314,0.2156381325338431,0.2483037455440768
1341.0,0.4967332944990388,0.0390464394951591,0.4638573029741527,0.0003629630316494,1.3664739931284364e-12,0.9996545756480014,0.0002393676902085,0.0001060566617898,0.0009335943704475,0.8354499478457738,0.1636164577837786,1.2491273088409602e-05,1.5607322754079953e-06,5.973130588857399e-06,0.1418367303246782,0.8581118390249624,3.14055144067329e-05,0.4965617107226703,0.0326213458397938,0.3980414433003092,0.9338156071095618,0.0002368322034229,clean_balanced_ED_EQ,-3.6176835764390383e-31,1.3962911323366734e-30,-7.221342673561571e-33,-2.1119423142913358e-32,1.1218736031663095e-32,9.740002588889268e-33,-3.534758608653124e-24,1.1101864815450307e-24,8.304383016793681e-23,-7.340092511408923e-23,4.739448563562341e-23,1.2628722553799748e-23,-3.1968410097204785e-39,1.1067006351591972e-38,-5.457661091070232e-40,-4.0351272124182876e-39,3.742600676876688e-39,-7.031873240893874e-39,1.7290167455822004e-37,-8.505829776304672e-37,-1.4553703151166173e-36,-1.5620124504541173e-36,-4.5702452187107726e-39,-1.2080058326697932e-38,8.501548886573731e-30,-9.45335568367987e-30,1.18157739431985e-31,1.8110428838041595e-30,-8.619702579142414e-30,7.642313719617369e-30,2.561927516645667e-30,-1.6446824037301885e-30,1.1016224123608523e-29,3.5891590161919006e-30,8.869179193259689e-30,1.599856954462535e-30,2.5905247161253177e-39,-3.9675314661529806e-39,-6.621452827076101e-39,-2.625792895843607e-39,-6.824701695380166e-39,5.483292988683466e-39,-0.407766729593277,-0.8265888690948486,-0.3175032436847687,0.2221888601779937,0.0037867380306124,-0.010241231881082,0.007734918501228,-0.0105160493403673,0.3820377290248871,0.9050309658050536,0.1869918406009674,0.0,-2.063882286303848,-1.2393705495935357,-0.3387741054900872,0.5828336391704865,1.9646750485244518e-15,5.362612640918683e-16,-3.228217020044713e-22,3.056355144179657e-22,3.228138721190802e-30,8.264942008084426e-31,0.849642086490052,0.1503466155954953,1.129791445264594e-05,18.926782608032227,-1.221301711900609,-0.3164299366154235,-0.994077716280904,-1.0669186759009488,0.2141548018100133,0.2422889761064503
1342.0,0.4973286853148879,0.0377802586454348,0.4645330825259618,0.0003579735137153,1.3540544255369448e-12,0.9996573977073424,0.00023360833369,0.0001089939589675,0.0009262418318995,0.8405024327886155,0.158571325379485,1.197620022338488e-05,1.468655084654602e-06,5.775988773254841e-06,0.1410685911218268,0.8588821572406353,3.003079345647861e-05,0.4971582993670946,0.0317543993028711,0.3989791760295402,0.9340564826495756,0.0002204935546399,clean_balanced_ED_EQ,-3.544359986165624e-31,1.3944933666201056e-30,-7.287282282107719e-33,-2.0752970710179594e-32,1.136396281857542e-32,9.827561620208575e-33,-3.431978502067081e-24,1.1480621938038055e-24,8.107463196048997e-23,-7.287744389609048e-23,4.576043602704467e-23,1.2169191751995264e-23,-3.1123958176844724e-39,1.0822796720826455e-38,-5.3873046291325025e-40,-3.9066408677546515e-39,3.65113019809632e-39,-6.916147743170397e-39,1.6815112023647905e-37,-8.477240909597684e-37,-1.4656763205389765e-36,-1.5489629531821223e-36,-4.752229900240493e-39,-1.1679867394624467e-38,8.350844913902915e-30,-9.418931986411013e-30,1.9774678025342663e-31,1.7098357162273015e-30,-8.54859317013743e-30,7.709096454681347e-30,2.5164525544760912e-30,-1.658980418840619e-30,1.0939719432430127e-29,3.492805926376016e-30,8.743160687127031e-30,1.5283623654610177e-30,2.100794380519728e-39,-4.0518708205919087e-39,-6.58264187952735e-39,-2.5601997835113677e-39,-6.723805544400872e-39,5.5119862489369806e-39,-0.4172354340553283,-0.822637677192688,-0.3120989799499511,0.2269709557294845,0.0035946001298725,-0.010170211084187,0.0076369261369109,-0.0104596372693777,0.3828275799751282,0.9046972393989564,0.1869918406009674,0.0,-2.070625763209633,-1.2275795110454764,-0.3302550125159585,0.583749086174166,1.963389570808425e-15,5.259169157728268e-16,-3.2112164087962913e-22,3.0855700136882322e-22,3.246275433356851e-30,8.149562399360038e-31,0.85093450971191,0.1490893146831832,2.3824395093186013e-05,18.767940521240234,-1.218820361028466,-0.3097854906562702,-0.999625719409016,-1.0564291615513053,0.2124690503814212,0.236367374344651
1343.0,0.4978489836123992,0.0365806497689714,0.465217633008306,0.0003527336103233,1.3419562415202057e-12,0.9996617398023316,0.0002254749821994,0.0001127852154689,0.0009578885591407,0.8456713690696289,0.1533707423712303,1.172624044932322e-05,1.4704656047591837e-06,5.568315402426359e-06,0.1401884465264533,0.8597623446742377,3.044377785238865e-05,0.4976805811167935,0.0309352081715827,0.3999766029390202,0.934455323445034,0.0002059064014888,clean_balanced_ED_EQ,-3.472302674136305e-31,1.3926431027141145e-30,-7.300440309469972e-33,-2.0281630634412568e-32,1.1597515220102664e-32,9.895275249727932e-33,-3.4218806562409415e-24,1.1516430247767058e-24,7.918155735049921e-23,-7.237891878427339e-23,4.418782780699813e-23,1.1601776723214257e-23,-3.0730229096052154e-39,1.0693619563747787e-38,-4.975125188533579e-40,-3.908525168838603e-39,3.57054117186705e-39,-6.78508578963501e-39,1.635070726392694e-37,-8.44552174985685e-37,-1.4761334230860971e-36,-1.5360330140300533e-36,-4.910912287348448e-39,-1.1686931996956795e-38,8.185977351123746e-30,-9.39558023980175e-30,2.9164553751450103e-31,1.6222440222510266e-30,-8.477622888638248e-30,7.773336957743399e-30,2.4842233769234044e-30,-1.6678445174009398e-30,1.0867192091372234e-29,3.41811689138939e-30,8.581743572030807e-30,1.4773298400056398e-30,1.5881939394648147e-39,-4.1064985843255744e-39,-6.546521563535645e-39,-2.5173354733845302e-39,-6.63095220082411e-39,5.5180594420766274e-39,-0.4266502857208252,-0.8185510635375977,-0.3065195083618164,0.2316330969333648,0.0033898844849318,-0.0101462276652455,0.0076011256314814,-0.010320327244699,0.3836159110069275,0.9043632745742798,0.1869918406009674,0.0,-2.0774089073498967,-1.2156926792530471,-0.3217485557824416,0.5845295434313159,1.9621598543293443e-15,5.155958973685494e-16,-3.1937795933910033e-22,3.114871623000486e-22,3.2657417887638394e-30,8.026144042703755e-31,0.85217074717685,0.1477723868666144,5.686595653542348e-05,18.614938735961918,-1.2162968548920976,-0.3032615329479996,-1.0052590005685949,-1.0460511146045337,0.2108585129721855,0.2306763587821907
1344.0,0.4984850934160317,0.0353677165727294,0.4657996917261767,0.0003474982850619,1.3298731263981374e-12,0.9996622744856578,0.0002226994060427,0.0001150261082995,0.00097321258371,0.8509002221308536,0.1481265652854362,1.1263888674941336e-05,1.3460727190474683e-06,5.515629429821631e-06,0.1392874382277436,0.8606654298797975,2.90063016349246e-05,0.4983167422814659,0.0300943978879965,0.4008976919173871,0.9344305333869312,0.0001999296491573,clean_balanced_ED_EQ,-3.39915981171075e-31,1.3909121336106391e-30,-7.353579695059231e-33,-2.006621183524305e-32,1.1701696840408849e-32,9.948573959647451e-33,-3.358118599903719e-24,1.2043765316394158e-24,7.727500977274123e-23,-7.180862860077845e-23,4.261241205928209e-23,1.101601186860188e-23,-2.9333632912529477e-39,1.0484084116444444e-38,-5.711434620171182e-40,-3.7198671615105695e-39,3.5045230639016225e-39,-6.764225892803088e-39,1.5850025631221471e-37,-8.412379375899446e-37,-1.4862891908797537e-36,-1.5228203452239714e-36,-5.064544924178876e-39,-1.1267436134616795e-38,8.022285428313856e-30,-9.366067555170885e-30,3.83368542047316e-31,1.5263565963207707e-30,-8.405654712760908e-30,7.83971077325018e-30,2.4385800862702553e-30,-1.6873240782694686e-30,1.0788694761185085e-29,3.320733602914726e-30,8.439563078300718e-30,1.4046756091990458e-30,1.0868934243690012e-39,-4.192803578338122e-39,-6.519077258774292e-39,-2.4472731225040912e-39,-6.540252874333319e-39,5.5545283134518126e-39,-0.4361470937728882,-0.8144059181213379,-0.3008855879306793,0.2361250668764114,0.003251401009038,-0.0099094770848751,0.0074956398457288,-0.0103105148300528,0.384402722120285,0.9040290713310242,0.1869918406009674,0.0,-2.0842277838591383,-1.203690169897763,-0.3133332539859517,0.5851442711760695,1.9610362204429437e-15,5.053213640725463e-16,-3.175815629359835e-22,3.1441132445588515e-22,3.2856428048083184e-30,7.908204297965693e-31,0.8535900562222131,0.1464496755645379,3.973178675109601e-05,18.462820053100582,-1.2138812153087406,-0.2966525450142578,-1.0106695092637106,-1.035510518712251,0.2090414575366321,0.2249545909567225
1345.0,0.4989081002336564,0.0341885932675358,0.4665606424400397,0.000342664058768,1.3178665226370073e-12,0.9996670327525864,0.0002144347270902,0.0001185325203231,0.0009801228212348,0.8567198403303499,0.1423000368484153,1.0575102476580366e-05,1.3066880174446592e-06,5.125315601169737e-06,0.1385971271405206,0.8613581223394067,2.77434139774936e-05,0.4987419801768092,0.0292900461652825,0.4018757989296199,0.9351634944823162,0.0001958857323963,clean_balanced_ED_EQ,-3.3306439147209584e-31,1.3887152406504655e-30,-7.411788146574332e-33,-1.9558694224819542e-32,1.1900219748252682e-32,1.0010387066629969e-32,-3.2873466157551246e-24,1.2282468413189647e-24,7.539483445233193e-23,-7.127621769944708e-23,4.094641074651452e-23,1.0554177318025681e-23,-2.842913265168534e-39,1.0142015025329927e-38,-5.794153413865572e-40,-3.656862867741609e-39,3.422319459926834e-39,-6.485139909484907e-39,1.5398098247164123e-37,-8.38627453506176e-37,-1.4964186019065546e-36,-1.5096204214345307e-36,-5.1276939568750386e-39,-1.091942377089304e-38,7.873363556529474e-30,-9.327150936847033e-30,4.604038548633077e-31,1.4230674927892076e-30,-8.333767411392779e-30,7.904083257904892e-30,2.4035707246039393e-30,-1.6923568820221966e-30,1.0707814467206484e-29,3.248176173343475e-30,8.30516687499008e-30,1.3591714298007598e-30,6.100521391026615e-40,-4.2356045575475536e-39,-6.473415104016501e-39,-2.4019971084033115e-39,-6.443871770520046e-39,5.5687911957048056e-39,-0.4453608393669128,-0.8101405501365662,-0.2951296865940094,0.240509808063507,0.0031438695732504,-0.0098009593784809,0.0074010486714541,-0.0103069273754954,0.3851882219314575,0.9036946296691896,0.1869918406009674,0.0,-2.0904164621211603,-1.1919082531172205,-0.3045946633740627,0.5854611906747355,1.959110684273685e-15,4.9546812046061715e-16,-3.1576856555993287e-22,3.1728475289870186e-22,3.3022111464471644e-30,7.794423804229602e-31,0.8547799309378113,0.1451075079571842,0.0001125611050044,18.316593170166016,-1.211062847541322,-0.2904568903282732,-1.01604492599201,-1.0250087558509628,0.2073372920971672,0.2193180462995019
1346.0,0.4994152328030145,0.0330881907713113,0.467159201535367,0.0003373748903069,1.3063324473002717e-12,0.99966533386924,0.0002129536152486,0.0001217125155113,0.0010797483703578,0.8613398645369824,0.1375803870926597,1.013612295737222e-05,1.232580947078143e-06,4.976211975869373e-06,0.1379321340967207,0.8620227673140862,2.8753673312767083e-05,0.4992480954394098,0.0285001777567351,0.402701867683756,0.9354124000451338,0.0001986705404641,clean_balanced_ED_EQ,-3.262538717476686e-31,1.3868119297371098e-30,-7.397872410615145e-33,-1.9433110342802274e-32,1.2090865955109506e-32,1.0046502246861372e-32,-3.370113024845117e-24,1.3025097906422763e-24,7.359174380229445e-23,-7.06957051794571e-23,3.953553325914128e-23,1.001464158248503e-23,-2.7899211410398884e-39,9.911100475989382e-39,-5.959127660173385e-40,-3.5406828993064574e-39,3.3858336028577215e-39,-6.370421054999969e-39,1.4979308087050266e-37,-8.35988751935816e-37,-1.505975123320807e-36,-1.4966566564677822e-36,-5.3941949406468816e-39,-1.101225683757667e-38,7.714718355653572e-30,-9.297128037730574e-30,5.479366088644889e-31,1.3336556200123301e-30,-8.262655337932388e-30,7.963472791132572e-30,2.3810002851063397e-30,-1.7041519016119258e-30,1.0614252978862662e-29,3.1724919083486414e-30,8.159999258230449e-30,1.2971590371426544e-30,1.3227686284119123e-40,-4.3004510151912967e-39,-6.421298198247529e-39,-2.3540514516789948e-39,-6.358088564702055e-39,5.580075809616976e-39,-0.4544184505939483,-0.8059636950492859,-0.2895350754261017,0.2445465922355651,0.0030287778936326,-0.0095826229080557,0.0073580010794103,-0.0103452382609248,0.3859721422195434,0.9033600687980652,0.1869918406009674,0.0,-2.096554722445204,-1.1802133192634747,-0.2964195642353955,0.585616206688154,1.9576096355611206e-15,4.858124887626359e-16,-3.1393929626139504e-22,3.2005270077481435e-22,3.3199760108416866e-30,7.678071200504243e-31,0.85617460613503,0.1437947598105861,3.063405438386013e-05,18.177600860595703,-1.2085045026826882,-0.2843062311264218,-1.021014853101937,-1.0146971570671603,0.2054958387231242,0.2139139439568698
1347.0,0.4998996212006047,0.0319959905821323,0.4677716332107642,0.0003327550064987,1.2950444919155538e-12,0.9996710220768426,0.0002039162895628,0.0001250616335947,0.0010441829956076,0.8663299970654483,0.1326258199389441,9.619518285358084e-06,1.1978116380264436e-06,4.671974088432413e-06,0.1373771968314394,0.8625801965278713,2.7117336677374695e-05,0.4997351652614349,0.0277190864271247,0.4034905473051043,0.9357311215546054,0.0002040465047619,clean_balanced_ED_EQ,-3.198386393124643e-31,1.384849789075324e-30,-7.437522523564049e-33,-1.888786058651422e-32,1.2244918220501271e-32,1.0138186988764391e-32,-3.241733440535033e-24,1.2763941179202978e-24,7.178582482666069e-23,-7.012400255906817e-23,3.806932872618238e-23,9.613736486443399e-24,-2.726636912107641e-39,9.637596784593447e-39,-5.743181869394423e-40,-3.487351607910065e-39,3.3009572040458225e-39,-6.150259405787211e-39,1.455718396697631e-37,-8.337461857099417e-37,-1.5155834523296516e-36,-1.4834910907007064e-36,-5.3809706424538713e-39,-1.0603899187965055e-38,7.56974362988452e-30,-9.261177632252149e-30,6.2061121175050095e-31,1.2349921957016213e-30,-8.190353718059223e-30,8.026184312974729e-30,2.330748256850049e-30,-1.7089232087125454e-30,1.0543402332820817e-29,3.0990332828707404e-30,8.027334854591784e-30,1.2533461808856578e-30,-3.276750932929296e-40,-4.340871992585965e-39,-6.389138221654316e-39,-2.308638679871672e-39,-6.256597882915187e-39,5.6010382167546357e-39,-0.4633648991584778,-0.8017288446426392,-0.2837061285972595,0.2484339326620102,0.0028220824897289,-0.0095282075926661,0.0072715198621153,-0.0101863285526633,0.3867546617984772,0.9030253291130066,0.1869918406009674,0.0,-2.102578258815638,-1.1686762956051802,-0.2881326338664151,0.5853989169444862,1.955924726841057e-15,4.765922872049312e-16,-3.12069044749454e-22,3.2282376491869967e-22,3.3376049411903725e-30,7.570281520999002e-31,0.857574920993675,0.1423652225920449,5.985641427996846e-05,18.044702529907227,-1.2058987286702794,-0.2785089123521932,-1.026003979378594,-1.0042784249801595,0.2036827088051427,0.2085096503467473
1348.0,0.5003397302262209,0.03092871872878,0.4684036514435052,0.0003278996014937,1.2840527579589605e-12,0.9996728320221556,0.0001989000099447,0.0001282679678994,0.0011077900055732,0.8715146331122908,0.1273775768821359,9.281304720332542e-06,1.2099809653184437e-06,4.458635468449844e-06,0.1368428833249121,0.8631147961464066,2.7370607527168347e-05,0.5001760350884477,0.0269548309555459,0.4042861221298935,0.9361712115720328,0.0002155999024998,clean_balanced_ED_EQ,-3.133164426490913e-31,1.3829387563238471e-30,-7.462617820535272e-33,-1.8557096886593535e-32,1.243425555508947e-32,1.0167615490017985e-32,-3.261716368653617e-24,1.3191338117735996e-24,7.002044837607577e-23,-6.95399518848891e-23,3.662017813549541e-23,9.073738934672944e-24,-2.5589869611441047e-39,9.485743354080313e-39,-6.606898630742803e-40,-3.4853370170921303e-39,3.219669374833771e-39,-6.00038177684338e-39,1.4163969876635143e-37,-8.315871584345052e-37,-1.5253028072388995e-36,-1.4702888443998898e-36,-5.560525908156213e-39,-1.0555136835384787e-38,7.407598547256105e-30,-9.236364663715249e-30,7.117042027441835e-31,1.1519360210469534e-30,-8.119303876916332e-30,8.084428830487636e-30,2.311912588062393e-30,-1.718540955715536e-30,1.0465832320717477e-29,3.0291760554671993e-30,7.879874786706304e-30,1.1925581514768111e-30,-7.954506303250035e-40,-4.396249590246675e-39,-6.348808599351332e-39,-2.2648234639151257e-39,-6.170150515231726e-39,5.61359692673043e-39,-0.4724383354187011,-0.7974051833152771,-0.2777765393257141,0.252169519662857,0.0026989676989614,-0.0093894265592098,0.0072199632413685,-0.0101750837638974,0.3875357508659363,0.9026905298233032,0.1869918406009674,0.0,-2.10876253952362,-1.15698042288303,-0.2798236934151974,0.5850843785944826,1.954357126952574e-15,4.673184476320885e-16,-3.1015031682845987e-22,3.2563101320947746e-22,3.355826389044349e-30,7.458208284493267e-31,0.8591484529090145,0.1409049326455751,5.338555458966887e-05,17.916942596435547,-1.2033412914944903,-0.2726271217866768,-1.0310522325247808,-0.9938646859366548,0.2018364293473707,0.2032310477424998
1349.0,0.5008220253517056,0.0299240708304307,0.4689307842645202,0.0003231195533432,1.2728247716946712e-12,0.9996719679822608,0.0001970720997172,0.0001309599180221,0.001161378187226,0.8757919930704832,0.1230466287422909,8.872935266474316e-06,1.1570159341055768e-06,4.32195038543492e-06,0.1362256176013685,0.8637330170689297,2.7013428115796476e-05,0.5006577396922012,0.0262072616333652,0.4050310010892934,0.9363222073454348,0.0002303762117017,clean_balanced_ED_EQ,-3.0710493344812385e-31,1.3808104857655171e-30,-7.504245198738145e-33,-1.8388782512213034e-32,1.2599377833875046e-32,1.0167893057246251e-32,-3.2501862720716942e-24,1.3855117446879603e-24,6.830478860688128e-23,-6.890658425028214e-23,3.531138231688984e-23,8.700726965135648e-24,-2.3798988226833e-39,9.290913706534013e-39,-7.593944889055566e-40,-3.3790545705601605e-39,3.139292031125322e-39,-5.911865402203551e-39,1.3759674332929454e-37,-8.289674705956594e-37,-1.534081818653401e-36,-1.4572981263029763e-36,-5.789189739555679e-39,-1.0320285107456236e-38,7.274748850315702e-30,-9.18709103425524e-30,7.732386606772559e-31,1.0453359022831838e-30,-8.047985627220074e-30,8.141756073858498e-30,2.2828079734173598e-30,-1.7269646154431058e-30,1.0378309134363757e-29,2.9585058160281152e-30,7.747061197541843e-30,1.139480654593733e-30,-1.23318848119783e-39,-4.4424325635785975e-39,-6.301663123702892e-39,-2.217071726377676e-39,-6.091446039916515e-39,5.629461223090628e-39,-0.4810401201248169,-0.7930768728256226,-0.2720801830291748,0.2556569576263428,0.00259057758376,-0.0091916592791676,0.0071651292964816,-0.0101994732394814,0.3883153200149536,0.9023553729057312,0.1869918406009674,0.0,-2.1141085547958105,-1.1455684197168088,-0.2717970265110502,0.5845603410794837,1.952312509039098e-15,4.58447465513643e-16,-3.0824164621177704e-22,3.282420834400787e-22,3.371216648660233e-30,7.351930365985144e-31,0.8604617210730886,0.1395434743121451,5.195385233802696e-06,17.789106369018555,-1.2005987601605437,-0.2670241906025156,-1.0354496969233409,-0.9836234840016004,0.1998498531035683,0.1981044644409234
1350.0,0.5013507178463262,0.0289159173820526,0.4694148063196141,0.000318558452007,1.2621939657420122e-12,0.9996741980590034,0.000191023491419,0.0001347784495774,0.0012363065413294,0.8803937776845149,0.1183699157741557,8.985815809701506e-06,1.2552713629329733e-06,4.222489919860432e-06,0.1358863180484582,0.8640712935180429,2.792485640630298e-05,0.5011873768093319,0.0254573937391986,0.4056078588931105,0.9363002577040268,0.0002465526153021,clean_balanced_ED_EQ,-3.0121085699720996e-31,1.3789511572852218e-30,-7.473110346569637e-33,-1.802332370425897e-32,1.282677723723283e-32,1.0201546063995095e-32,-3.282955996189221e-24,1.4120148408665255e-24,6.661434245273142e-23,-6.82450088057604e-23,3.3935575633357695e-23,8.437391910566108e-24,-2.3035029412359327e-39,9.358336129823032e-39,-7.816199446441524e-40,-3.516327529469647e-39,3.0851238735406666e-39,-5.842006891082347e-39,1.3331398919728769e-37,-8.273706708116358e-37,-1.542870177406874e-36,-1.4440975354326462e-36,-5.980499871510453e-39,-1.0419234579672907e-38,7.120754387322317e-30,-9.149217986735405e-30,8.529074428400796e-31,9.52565389291924e-31,-7.97366277484479e-30,8.196652408507001e-30,2.2452039701117783e-30,-1.7279072281134712e-30,1.0308830738568522e-29,2.8777663231794877e-30,7.617383745808308e-30,1.1048687850549843e-30,-1.6637608414951338e-39,-4.4626045726158684e-39,-6.267168873537013e-39,-2.1618283811462387e-39,-6.008966634860611e-39,5.628310378109119e-39,-0.489600658416748,-0.7887563109397888,-0.266031414270401,0.2588329613208771,0.0024046648759394,-0.0091139851137995,0.0071106669493019,-0.0101233785971999,0.3890934288501739,0.9020200967788696,0.1869918406009674,0.0,-2.11972699365544,-1.1341518160245496,-0.2638939901088969,0.5836359940891904,1.950611099650713e-15,4.498903494320836e-16,-3.062578852622737e-22,3.308831320082444e-22,3.3890114674101395e-30,7.241489915127661e-31,0.8619341699072781,0.1379202596235304,0.0001455704691913,17.670896530151367,-1.1980939606485086,-0.2617053597174471,-1.0398393049253682,-0.9732700777278176,0.1977844693899024,0.1930585489888403
1351.0,0.5016999719965034,0.0279354711746463,0.4700502229830423,0.000314333845808,1.2515167272449414e-12,0.9996763793504266,0.0001861439408385,0.0001374767087347,0.0012659824534943,0.8859225920420598,0.1128114255044459,8.17471334955211e-06,1.0355461094178716e-06,4.033547355806469e-06,0.1356015513428955,0.8643584403981537,2.676445213600166e-05,0.5015376115256749,0.0247486650329589,0.4062918776464268,0.9369149874824356,0.0002686532176749,clean_balanced_ED_EQ,-2.9509793402342047e-31,1.3767870704214036e-30,-7.553495839850759e-33,-1.7666858323619392e-32,1.296599481809563e-32,1.0224286431012656e-32,-3.2202179027374724e-24,1.4816173086188674e-24,6.495993528637273e-23,-6.762448259764603e-23,3.251629539358277e-23,7.896479474792876e-24,-2.338121338299776e-39,8.877259987290829e-39,-7.026773601836039e-40,-3.190864768152342e-39,3.040792804586484e-39,-5.686399625224248e-39,1.3089067995952164e-37,-8.257246220366216e-37,-1.5514727126040598e-36,-1.431166728354022e-36,-6.172180458151168e-39,-9.993029281624347e-39,6.984108823654166e-30,-9.114109454694269e-30,9.17689774071834e-31,8.614318359023007e-31,-7.901798408229089e-30,8.252677713540425e-30,2.208756305916056e-30,-1.751347900226318e-30,1.0237003729979029e-29,2.823952916347053e-30,7.480969728565457e-30,1.0604241545769911e-30,-2.1035559261459422e-39,-4.495380543535973e-39,-6.234919022445806e-39,-2.127289475563145e-39,-5.924677339619511e-39,5.644545295109782e-39,-0.4980447590351105,-0.7842636108398438,-0.2603482007980346,0.262177973985672,0.0023339444305747,-0.008900411427021,0.0070496755652129,-0.0101620554924011,0.3898701965808868,0.9016847014427184,0.1869918406009674,0.0,-2.1248439406309823,-1.1227127787123772,-0.2560491982418605,0.5829703653704792,1.9485276296443947e-15,4.4110591488361233e-16,-3.0431310041409775e-22,3.3342755665396983e-22,3.404381437939977e-30,7.1293022701242236e-31,0.8632026579100665,0.1366714409994109,0.0001259010905226,17.550024032592773,-1.1953282775894425,-0.2562043999210804,-1.0440897334073358,-0.9631277918904272,0.1958410221437121,0.1881244726198536
1352.0,0.5020528613107714,0.0269791129499046,0.4706581183642511,0.0003099073750728,1.2413340511322697e-12,0.9996801646869224,0.0001800519542602,0.0001397833588173,0.0012995139962926,0.8907231952699176,0.1079772907337897,7.903474816683225e-06,9.820097854716084e-07,3.905756222988553e-06,0.1354666156753506,0.8644943978469838,2.6195236840430533e-05,0.5018922870766925,0.0240309216922871,0.4068813066270977,0.9374672562077344,0.000293925344772,clean_balanced_ED_EQ,-2.8933582736468616e-31,1.3747736609689914e-30,-7.510530439008366e-33,-1.729385392432807e-32,1.3077945397878247e-32,1.0244438574858748e-32,-3.2018631285076964e-24,1.4627345634555856e-24,6.329023648468806e-23,-6.699134170059123e-23,3.1163034284814803e-23,7.647424252909066e-24,-2.3311406856952088e-39,8.708834238433675e-39,-6.427036907388877e-40,-3.1121947322936955e-39,2.973847170294547e-39,-5.596639665619923e-39,1.2674992786143695e-37,-8.249196591362668e-37,-1.5604069732178985e-36,-1.4178461987304472e-36,-6.13598350424535e-39,-9.85106185138665e-39,6.833213071241348e-30,-9.080341191787168e-30,9.964114407643066e-31,7.734171194982159e-31,-7.829624892122839e-30,8.3069228369081e-30,2.1865450435664817e-30,-1.7618317499492957e-30,1.0159780488966116e-29,2.7480950121613636e-30,7.354360574278474e-30,1.0131846817376328e-30,-2.5216950825338864e-39,-4.528824361218362e-39,-6.194200201094212e-39,-2.0775539420405427e-39,-5.8394539167709864e-39,5.670405186915488e-39,-0.5066276788711548,-0.779833972454071,-0.2542527616024017,0.265156626701355,0.00216551637277,-0.0087589444592595,0.0069619412533938,-0.0100836381316185,0.3906455934047699,0.9013490676879884,0.1869918406009674,0.0,-2.1302785012628016,-1.1113735169489076,-0.2479952245611019,0.5817795923632152,1.9465380418744458e-15,4.3283563465468447e-16,-3.022894839912264e-22,3.3606944372283624e-22,3.4204267819193264e-30,7.0282739304390205e-31,0.8648940381610719,0.1351026518500745,3.309988853450463e-06,17.441190719604492,-1.1926974073377372,-0.2510159315276291,-1.0485493636682632,-0.9527525542855112,0.1938639446040952,0.183153443241746
1353.0,0.5023885824100908,0.0260730722711958,0.471232609361059,0.0003057359576544,1.2310732238098224e-12,0.9996808778570376,0.0001758281166271,0.000143294026335,0.0013709350450104,0.8956098096886881,0.1030192552663015,7.579317491817319e-06,9.696376614737114e-07,3.761791623351325e-06,0.1352158693260787,0.8647450467844662,2.6773142678528276e-05,0.5022282590890723,0.0233512992948051,0.4074960648282951,0.9379843130598864,0.0003212357063721,clean_balanced_ED_EQ,-2.837197091175749e-31,1.3725953619232525e-30,-7.560875544368916e-33,-1.698117727083285e-32,1.327781500828491e-32,1.0261225129129692e-32,-3.2193801158022523e-24,1.4838504370798087e-24,6.171122364796626e-23,-6.634029344079444e-23,2.9857711518346205e-23,7.26696821729855e-24,-2.2452680651006863e-39,8.526275398449021e-39,-7.227303191481785e-40,-3.0696774811361705e-39,2.967991209979901e-39,-5.4566019250466277e-39,1.2353383781882537e-37,-8.235120189622461e-37,-1.5687527686203217e-36,-1.404891264762405e-36,-6.32241048622389e-39,-9.865538271825355e-39,6.689961378131213e-30,-9.038554230753937e-30,1.0680291224173642e-30,6.803954000378422e-31,-7.757991644277699e-30,8.358158926026853e-30,2.162984487684754e-30,-1.7627193255732898e-30,1.0085389671301265e-29,2.6940325967945223e-30,7.230594509146243e-30,9.746354428968516e-31,-2.932584458997679e-39,-4.546650445920092e-39,-6.15463076930932e-39,-2.0452327523451597e-39,-5.7592020846887066e-39,5.67356601213352e-39,-0.5148768424987793,-0.7753115892410278,-0.2483339309692382,0.2680102288722992,0.0019982478115707,-0.0086787305772304,0.0069516650401055,-0.0100234057754278,0.3914194107055664,0.901013195514679,0.1869918406009674,0.0,-2.135153116369047,-1.100134700940692,-0.2401805256384123,0.5805261223891043,1.9442781312206467e-15,4.2469340518297804e-16,-3.002693619089336e-22,3.3857180848139134e-22,3.4352967350220794e-30,6.924051449197269e-31,0.8662855367117097,0.1336480183609853,6.64449273050094e-05,17.331260681152344,-1.1899274802905264,-0.2459616926768502,-1.0525998260065106,-0.9426522333073112,0.1918380063725017,0.1784520010602422
1354.0,0.5026993743683346,0.0251804689251837,0.4718184901678915,0.0003016665385902,1.2211716994521705e-12,0.9996845342603712,0.0001695966125706,0.0001458691270579,0.0013171786570326,0.900706288033526,0.0979765333094414,7.498651807370466e-06,9.46253735006646e-07,3.6521261429494726e-06,0.1352096885464853,0.8647528988791385,2.531554269094676e-05,0.5025407899383886,0.0226802066965457,0.4080064071174625,0.938569877395916,0.0003514433118527,clean_balanced_ED_EQ,-2.7837937504425166e-31,1.3704754776090849e-30,-7.6040248728811e-33,-1.655183516180229e-32,1.340537937914327e-32,1.027919272918048e-32,-3.0824045969783854e-24,1.4489239375919621e-24,6.013496665865109e-23,-6.569967348716022e-23,2.853294796133545e-23,6.983233539235895e-24,-2.3154514769624725e-39,8.447813578594655e-39,-5.704151284248199e-40,-3.0588851975835704e-39,2.8858768554925076e-39,-5.3889324647803454e-39,1.2034887651121357e-37,-8.229549838618858e-37,-1.5769034289254513e-36,-1.3919373988803984e-36,-6.33690111190341e-39,-9.452995419349918e-39,6.559636344605679e-30,-9.000128656585104e-30,1.1268129408516122e-30,5.9052157316729415e-31,-7.686450432571477e-30,8.409605745117927e-30,2.122131991452893e-30,-1.7703483960940352e-30,1.0022596649796343e-29,2.6314738232098063e-30,7.096212005422262e-30,9.432171243034916e-31,-3.340536595330026e-39,-4.5572815887921747e-39,-6.124931848776894e-39,-2.0035882210048747e-39,-5.6768259915833873e-39,5.6921069470854186e-39,-0.5229368805885315,-0.7708542346954346,-0.2424560487270355,0.2706904709339142,0.0017836285987868,-0.0086737023666501,0.0069291777908802,-0.0098490351811051,0.3921917378902435,0.9006772637367249,0.1869918406009674,0.0,-2.139876173110209,-1.0891342540664246,-0.2326010170175939,0.5790706950113678,1.942084321792948e-15,4.1691082804781356e-16,-2.9825258692253285e-22,3.4100814715430698e-22,3.450094627852877e-30,6.825133298537686e-31,0.867757646671272,0.1322032836176071,3.9069711120887085e-05,17.22735595703125,-1.1872122480912546,-0.2411538251272491,-1.0565064447830526,-0.9325814160058006,0.1898451942052056,0.1737654666741425
1355.0,0.5030832409534043,0.024355106977373,0.4722643537390192,0.0002972983302034,1.2114158979510285e-12,0.9996846018529664,0.0001660679588158,0.0001493301882175,0.0013894747463725,0.9047659290256412,0.0938445962279861,7.215851890632766e-06,1.0143343987980749e-06,3.4465319637802825e-06,0.1349299339877747,0.8650340801349028,2.430915906925561e-05,0.502924569431404,0.0220356709909018,0.4085247608171368,0.9387399843493504,0.0003861803038765,clean_balanced_ED_EQ,-2.7317907740862997e-31,1.3684557598908977e-30,-7.535404527632519e-33,-1.633105952988119e-32,1.3588292113432315e-32,1.0307300047052124e-32,-3.0814294470663162e-24,1.5103537983496411e-24,5.862654485675342e-23,-6.504764075217551e-23,2.7392764697510976e-23,6.708830248409714e-24,-2.0770767351022032e-39,8.326093250210236e-39,-7.70354329173436e-40,-3.1237605617646336e-39,2.847417157402072e-39,-5.20232845444311e-39,1.1652862840940824e-37,-8.215253781125013e-37,-1.5848961809136143e-36,-1.3791152790581152e-36,-6.334454013238417e-39,-9.160387293154623e-39,6.426507931568596e-30,-8.95896237103554e-30,1.1912001813241366e-30,5.001263420372444e-31,-7.617709263399489e-30,8.458834782615975e-30,2.103569872731895e-30,-1.7687246603219852e-30,9.940135242797797e-30,2.571645301648217e-30,6.964281251594358e-30,9.001129594197994e-31,-3.737873007367257e-39,-4.5839964914565125e-39,-6.077162355404397e-39,-1.9631553399435878e-39,-5.591430965276114e-39,5.697670976509558e-39,-0.5309321880340576,-0.7664085626602173,-0.2365480959415435,0.2730853259563446,0.0018241038778796,-0.0084055913612246,0.0067717502824962,-0.0099981958046555,0.3929628133773803,0.9003411531448364,0.1869918406009674,0.0,-2.144557564661828,-1.078239028205921,-0.2251658518684173,0.5773563117621147,1.9399765549422497e-15,4.094294042520246e-16,-2.9620519402345896e-22,3.4341431496956023e-22,3.465262284626534e-30,6.734092477874416e-31,0.8693450545306213,0.1306764174674894,2.147199811064482e-05,17.127344131469727,-1.1845877316576752,-0.2364742749664229,-1.0602947481692118,-0.9226274282914296,0.187822369524453,0.1692817209770792
1356.0,0.5033945638236372,0.023481999087227,0.472829911850037,0.0002935252390985,1.2016082989088696e-12,0.999688230914642,0.0001605895228325,0.0001511795625254,0.0014395036847047,0.909511675900055,0.0890488204152401,6.891980778278512e-06,9.038612729848292e-07,3.363694198791491e-06,0.1350490107847942,0.8649154620126361,2.436766631944508e-05,0.5032376209608997,0.0213571523433074,0.4089579016611688,0.9392829121128364,0.0004216658547534,clean_balanced_ED_EQ,-2.678396907301657e-31,1.3662754866586821e-30,-7.56112525972399e-33,-1.5944300376881935e-32,1.3689962893143638e-32,1.0282502104427916e-32,-3.0626180926308453e-24,1.5240204850414142e-24,5.705516717681826e-23,-6.433094992526641e-23,2.6125520322368328e-23,6.431843644654995e-24,-2.063262718912174e-39,8.11787490656353e-39,-6.890273746709574e-40,-2.9539974170307755e-39,2.7522981166023245e-39,-5.1638739043196955e-39,1.1357829351499824e-37,-8.21258756670074e-37,-1.592838609956336e-36,-1.3656757940189424e-36,-6.501934645980738e-39,-9.041583074952491e-39,6.2863645062425954e-30,-8.913003435559469e-30,1.2575944181601712e-30,4.033753519866577e-31,-7.543959116720575e-30,8.509629910591989e-30,2.0727267168479437e-30,-1.7777000447248123e-30,9.874631709103737e-30,2.5092962186788627e-30,6.851174214992101e-30,8.714121820625293e-31,-4.1240746915642415e-39,-4.590620948891236e-39,-6.048215203066199e-39,-1.9200767686255592e-39,-5.5189662717591215e-39,5.722319830051182e-39,-0.5390775799751282,-0.7616875171661377,-0.2304037809371948,0.2755044400691986,0.001627515302971,-0.0082834241911768,0.0067658629268407,-0.0098785841837525,0.393732339143753,0.9000049233436584,0.1869918406009674,0.0,-2.14920616025893,-1.0669366995989094,-0.2174144278856949,0.5755892775369245,1.9375782709736797e-15,4.016501020313411e-16,-2.9407241676664696e-22,3.458743400504312e-22,3.479495384489423e-30,6.630194470096378e-31,0.8708437749609484,0.1291319620946177,2.4262944433806052e-05,17.02716827392578,-1.181828205683261,-0.231681314784116,-1.0640371151850792,-0.9122893700987332,0.1856159684800849,0.1646229400408533
1357.0,0.5037150149955084,0.0226589284126995,0.4733365761544693,0.0002894804373226,1.192060141209201e-12,0.9996876734398638,0.0001577116177405,0.0001546149423956,0.0014554942573137,0.9141395041722808,0.0844050015704053,6.584339954950455e-06,8.702393441274966e-07,3.2635541603631943e-06,0.1351110681624625,0.8648549516507893,2.326205328887044e-05,0.5035576914175859,0.0207134215842603,0.4093674816846237,0.9396912183741238,0.0004624290531682,clean_balanced_ED_EQ,-2.6259011289622656e-31,1.3641831755634548e-30,-7.529951219912282e-33,-1.57407228464486e-32,1.3863871970998856e-32,1.030947532459591e-32,-3.0051766256251073e-24,1.5261601164314611e-24,5.554884582096894e-23,-6.363378842771973e-23,2.4924144596827147e-23,6.129839275530129e-24,-2.0303433197407458e-39,7.920653578965914e-39,-7.457250970752205e-40,-2.877589907300112e-39,2.7760702510272508e-39,-5.043053172474415e-39,1.1078205594984257e-37,-8.207942815965598e-37,-1.6005191736974945e-36,-1.352522063815567e-36,-6.46687083040639e-39,-8.734068762870102e-39,6.151336273283906e-30,-8.875783385796733e-30,1.319615095147516e-30,3.165254113873679e-31,-7.470950982659932e-30,8.559257106423509e-30,2.038671549952062e-30,-1.7881052515414612e-30,9.796288941317836e-30,2.4539044090175537e-30,6.728034561177385e-30,8.307351795169913e-31,-4.5168956804280575e-39,-4.608598401261583e-39,-6.007213407294032e-39,-1.881754644403769e-39,-5.4335500956206466e-39,5.724540673483334e-39,-0.5470255017280579,-0.7569982409477234,-0.224433422088623,0.2777628302574157,0.001554558170028,-0.0081304591149091,0.0066951522603631,-0.0098547348752617,0.3945004642009735,0.8996685147285461,0.1869918406009674,0.0,-2.153687996044453,-1.05579718328629,-0.2100274638831376,0.5737392779139553,1.93534456159394e-15,3.940720186297992e-16,-2.919506111418358e-22,3.4824222353110947e-22,3.4943082835077484e-30,6.529574319170111e-31,0.8723517573553041,0.1276644916862711,1.6249041575377987e-05,16.929662704467773,-1.1791487779793162,-0.2269730460523728,-1.0675926316441555,-0.9021713786345166,0.1834691263363757,0.1601585959846397
1358.0,0.5040201356721435,0.0218610541989152,0.4738331134975694,0.0002856966313717,1.182831772774473e-12,0.9996901770563036,0.0001532836529925,0.0001565392907037,0.0015226044716027,0.9189184147697154,0.0795589807586819,6.219181853698164e-06,8.139577014066942e-07,3.102499096362152e-06,0.1352480440428367,0.8647189181408105,2.290217770124716e-05,0.5038639786700274,0.020088525269662,0.4097324572829101,0.940107507541702,0.000503939969959,clean_balanced_ED_EQ,-2.57709225553762e-31,1.3621357521596544e-30,-7.46606390983905e-33,-1.5457489470264466e-32,1.397091269160783e-32,1.0283404296061754e-32,-2.9980394000814413e-24,1.5563281758103574e-24,5.407649208088315e-23,-6.294527336175449e-23,2.3708024850915278e-23,5.843333390145152e-24,-1.9435605782746017e-39,7.696000499199745e-39,-7.411972606959424e-40,-2.7743004707817496e-39,2.6847459760147056e-39,-4.921708868627408e-39,1.077999266021793e-37,-8.206526362984216e-37,-1.6081562729024494e-36,-1.3394102474983492e-36,-6.539044930958781e-39,-8.558657638189775e-39,6.030375429137238e-30,-8.825928141077314e-30,1.3675186492998806e-30,2.172589890657057e-31,-7.397893304617361e-30,8.608668184736912e-30,2.0128673023234463e-30,-1.794084662156868e-30,9.7283474554624e-30,2.4009295917283207e-30,6.60931835283276e-30,7.938427297780961e-31,-4.890968406415365e-39,-4.6188247933286586e-39,-5.969085411964956e-39,-1.8477656242506124e-39,-5.3613266433488e-39,5.7471954721766156e-39,-0.5548853874206543,-0.7523239850997925,-0.2184173166751861,0.2797632813453674,0.0014768971595913,-0.0079762628301978,0.0066471397876739,-0.0098810577765107,0.3952671885490417,0.8993318676948547,0.1869918406009674,0.0,-2.15807352511191,-1.0449077984683728,-0.2026932146409318,0.571550941247565,1.933069872451685e-15,3.869777997400227e-16,-2.898097484499543e-22,3.505863912672351e-22,3.5085801627376716e-30,6.439295997233517e-31,0.873954973723359,0.1261154375828553,7.041130621443514e-05,16.838533401489258,-1.1765120670796188,-0.2225901590065648,-1.071107575784387,-0.8921101060591694,0.1813503570226971,0.1557986902216205
1359.0,0.5043448763352677,0.0210851626388461,0.4742883422910208,0.0002816187348652,1.1737650720837577e-12,0.9996912141883048,0.0001490041002964,0.0001597817113989,0.0016253661571311,0.9230242043127004,0.0753504295301686,6.316523770999871e-06,8.957000609365644e-07,3.0280755317642454e-06,0.1355507218674795,0.8644158933921272,2.314444102956883e-05,0.5041891417932542,0.0194621154675248,0.4099823811269638,0.9404047994645106,0.0005487972940975,clean_balanced_ED_EQ,-2.527802737170838e-31,1.3601678663586988e-30,-7.4604406036718e-33,-1.515311789458649e-32,1.415077904429549e-32,1.02793403047852e-32,-3.0104371044147096e-24,1.6216586866022746e-24,5.264127871635109e-23,-6.220063149016997e-23,2.2586225471792265e-23,5.649424117494287e-24,-1.9153635094455267e-39,7.757270212287942e-39,-7.555544979245047e-40,-2.9124505603037005e-39,2.6709184771632784e-39,-4.844819246916368e-39,1.0468507676002343e-37,-8.210214031521059e-37,-1.6153921294707844e-36,-1.3262813967062712e-36,-6.762155491995583e-39,-8.440303849085462e-39,5.890294250843892e-30,-8.780112319389406e-30,1.4353412541438112e-30,1.2641850530469778e-31,-7.325635116936919e-30,8.653693911097404e-30,1.9812208290363496e-30,-1.8010705808946335e-30,9.651027887523598e-30,2.3425232724439284e-30,6.489496272009083e-30,7.5827858940860385e-31,-5.2659731564926215e-39,-4.6285311825282985e-39,-5.928688960697705e-39,-1.8057716236990836e-39,-5.2869088546935005e-39,5.7464343964769845e-39,-0.5626437067985535,-0.7475970983505249,-0.2123566269874572,0.2816004753112793,0.0013740654103457,-0.0077503146603703,0.0065886960364878,-0.009868199005723,0.3960324823856354,0.8989951610565186,0.1869918406009674,0.0,-2.162388970660827,-1.0338897551186772,-0.195568997379471,0.569295967248682,1.9309144299266226e-15,3.7982552322226815e-16,-2.8763057148962518e-22,3.5288321849189813e-22,3.523535775802897e-30,6.340815483114278e-31,0.8755313176952276,0.1245349569881062,6.627468333397779e-05,16.74981689453125,-1.1739478846939424,-0.2181722381201058,-1.0743441686703774,-0.8820661303049614,0.1790731190206202,0.1515521264516509
1360.0,0.5045475140233765,0.0203483403202086,0.4748260554254925,0.0002780902309223,1.1646199919254633e-12,0.9996924681232588,0.0001437912580955,0.0001637406186456,0.0017102902335469,0.927932417377777,0.0703572923886761,5.712411237674314e-06,8.085706455251386e-07,2.794087448719377e-06,0.1357629417789189,0.864203676573164,2.4066578585097672e-05,0.5043923495794838,0.0188818846229569,0.4103464228314435,0.941092845030831,0.0005945043680661,clean_balanced_ED_EQ,-2.481660118583751e-31,1.357873114880954e-30,-7.487353888914454e-33,-1.476497570843257e-32,1.4362925274762318e-32,1.0285653769911993e-32,-3.0361896619165068e-24,1.6115971375613243e-24,5.126388490213964e-23,-6.15038062025435e-23,2.137871456127729e-23,5.38704082761082e-24,-1.7649115657733407e-39,7.381849156799399e-39,-8.079292234732477e-40,-2.7388414610739635e-39,2.5728280994885707e-39,-4.64299816686122e-39,1.023501424495278e-37,-8.210193354831171e-37,-1.6224139503176233e-36,-1.3135024681450396e-36,-6.907680022145139e-39,-8.58098120866849e-39,5.7627118904098474e-30,-8.739049320603901e-30,1.4907130722507515e-30,4.2725740472027976e-32,-7.253422627495332e-30,8.696324358520295e-30,1.964758626616379e-30,-1.7986627970241337e-30,9.58941843331001e-30,2.2983414605077127e-30,6.364180018616633e-30,7.418029983828011e-31,-5.6385816673761706e-39,-4.6145563561582933e-39,-5.897038742764392e-39,-1.7808122323636038e-39,-5.2091438898982736e-39,5.738570174739452e-39,-0.5700564384460449,-0.7428827881813049,-0.2064438462257385,0.2833633422851562,0.001177471014671,-0.0077490708790719,0.0066098044626414,-0.009750266559422,0.3967964649200439,0.8986582159996033,0.1869918406009674,0.0,-2.166111787286788,-1.023173166633703,-0.188480301907763,0.5669522111125336,1.9282907085180087e-15,3.729909598685601e-16,-2.854861681593073e-22,3.550700242966117e-22,3.5365288357482876e-30,6.246078946888084e-31,0.8769006145272983,0.1230526026085051,4.678286419657063e-05,16.66084861755371,-1.171105565960563,-0.2140322203780121,-1.077427948601364,-0.8722830997966218,0.1769367906999661,0.1474781453935761
1361.0,0.5047250201999337,0.0196181185188044,0.4753824618101941,0.0002743994710675,1.1559525490650272e-12,0.9996931197430248,0.0001411196486517,0.0001657606083233,0.0017105457846303,0.9329157830611844,0.0653736711541851,5.786832275022589e-06,7.725235521873012e-07,2.875118975410054e-06,0.1363364228001177,0.8636311661590846,2.297656599497696e-05,0.5045701300560329,0.0183020524001575,0.4105551098647145,0.941864268234382,0.0006436740898551,clean_balanced_ED_EQ,-2.43562331566542e-31,1.3557801025886153e-30,-7.533721175946267e-33,-1.4529089995075076e-32,1.4476992705533828e-32,1.0248792008761492e-32,-2.943239856130179e-24,1.636832305442309e-24,4.989421597859214e-23,-6.079739863018678e-23,2.0166806754211045e-23,5.1734052701917504e-24,-1.8745114498017788e-39,7.398188211549748e-39,-7.301036299327056e-40,-2.6912328040439742e-39,2.6046167634966956e-39,-4.7069410045922426e-39,9.996254593161762e-38,-8.222835065956547e-37,-1.629346678240651e-36,-1.3006309724707348e-36,-7.020191491345202e-39,-8.145641347784331e-39,5.6336675434196896e-30,-8.695089437049205e-30,1.5490452242658808e-30,-4.3822953370364687e-32,-7.182711791835162e-30,8.738912927137296e-30,1.9338579752830386e-30,-1.8117033633463964e-30,9.526704470012525e-30,2.246462285076713e-30,6.2365065489519205e-30,7.165220649135891e-31,-6.006984206059041e-39,-4.6085953997224146e-39,-5.8663916869475025e-39,-1.7393625804680067e-39,-5.1424226548839245e-39,5.7522492896173215e-39,-0.5774792432785034,-0.7381302714347839,-0.2005450427532196,0.2849953770637512,0.0010749249486252,-0.0076202717609703,0.0065848752856254,-0.009710581973195,0.3975589871406555,0.8983211517333984,0.1869918406009674,0.0,-2.1699427611556708,-1.0124384169820355,-0.1815985166762838,0.5645041269463275,1.9259249420536004e-15,3.6622613975952654e-16,-2.833165017220617e-22,3.5724180348600494e-22,3.5500143560809614e-30,6.151538405090089e-31,0.8783777980312569,0.1215783351053857,4.386686335733359e-05,16.578487396240234,-1.1684412873296977,-0.2099074058523675,-1.080442429831215,-0.8624664762734204,0.1747760552568388,0.1434323580506175
1362.0,0.504916587390253,0.0189210223085708,0.4758913956651804,0.0002709946359956,1.1472444759032609e-12,0.9996942395797804,0.0001363897648504,0.000169370655369,0.001819872686602,0.9375564867746732,0.0606236405387248,5.334162337809836e-06,7.411578202851461e-07,2.6681319995020047e-06,0.1366063059495913,0.8633610753176153,2.387528063595717e-05,0.5047622038823167,0.0177395272018089,0.4108661070958908,0.9425148778036898,0.0006940449023402,clean_balanced_ED_EQ,-2.3915161221785413e-31,1.3536005651337268e-30,-7.545656079577705e-33,-1.4171821719573548e-32,1.467673996258367e-32,1.0232538167790625e-32,-2.976545989965033e-24,1.6506039622803871e-24,4.854058517723351e-23,-6.009813751983937e-23,1.9013917023815109e-23,4.9364029858065445e-24,-1.7656002686210554e-39,7.10362565651073e-39,-8.015050013883207e-40,-2.6080890251487628e-39,2.5671174328155112e-39,-4.4955404583157264e-39,9.76404664764278e-38,-8.225177294476192e-37,-1.636501428657973e-36,-1.2875814333989003e-36,-7.19926569484111e-39,-8.250930968632335e-39,5.507033950386373e-30,-8.646761127853842e-30,1.6040021814378865e-30,-1.3457490636211895e-31,-7.111035740335618e-30,8.781336132088123e-30,1.92135227171346e-30,-1.809052579814603e-30,9.465611302562807e-30,2.2028870234241e-30,6.119893370996557e-30,6.962919143917252e-31,-6.361253182723823e-39,-4.601302449789e-39,-5.841105551983478e-39,-1.7137650193834123e-39,-5.06784036461085e-39,5.748035991745005e-39,-0.584960401058197,-0.7332977056503296,-0.1944231986999511,0.2864134609699249,0.0008983049192465,-0.0075335833244025,0.0065872194245457,-0.0096046468243002,0.3983200192451477,0.8979839086532593,0.1869918406009674,0.0,-2.173774777697919,-1.0017177305146676,-0.1744764446371521,0.5617394542597792,1.9233646589096867e-15,3.597345286973736e-16,-2.810892332536528e-22,3.5945975901838746e-22,3.5633012927301446e-30,6.0640034180060645e-31,0.8799617577476377,0.119968691517858,6.955073450420901e-05,16.49771499633789,-1.165706406452763,-0.2059548242345168,-1.0835939096794696,-0.8525598419987745,0.1726390217588146,0.1394385830647686
1363.0,0.5051449452292697,0.0182208502142436,0.4763669091253535,0.0002672954311331,1.1387490874661973e-12,0.9996951073636092,0.0001326697131444,0.0001722229232464,0.0019195042023919,0.9416622959298429,0.0564181998677652,5.4308980280869e-06,7.618302413664456e-07,2.654997351923573e-06,0.1373882961306785,0.8625796809750271,2.3175168672762343e-05,0.5049909302551592,0.0171578876465384,0.4109044165004072,0.9430301413966348,0.0007483637192163,clean_balanced_ED_EQ,-2.3464913979652283e-31,1.3515704817216457e-30,-7.411540232822743e-33,-1.3957201577961135e-32,1.482577959178315e-32,1.0216883740575257e-32,-2.9740973905648282e-24,1.6936132211989383e-24,4.719246274988176e-23,-5.93234419184724e-23,1.7931175013455173e-23,4.7706754213824065e-24,-1.7434300579178304e-39,7.169401331295254e-39,-7.578849350441071e-40,-2.657493705050593e-39,2.5013197328715917e-39,-4.5119128989854965e-39,9.436173447978011e-38,-8.244348723104521e-37,-1.6427460167477064e-36,-1.2746285445391164e-36,-7.200944269903161e-39,-8.018821821530408e-39,5.397140306232781e-30,-8.59374657567174e-30,1.6396437715549123e-30,-2.308171977856878e-31,-7.036783488828209e-30,8.824562153818843e-30,1.8867566439409986e-30,-1.819210451124689e-30,9.390255383660795e-30,2.149413924023961e-30,6.009107297559468e-30,6.535871875978327e-31,-6.710030001056186e-39,-4.6115069229315614e-39,-5.7933522309433226e-39,-1.676732713759472e-39,-4.995673621106119e-39,5.749478583028664e-39,-0.5922427177429199,-0.7284845113754272,-0.1886892616748809,0.2877594530582428,0.0008953669457696,-0.0072921672835946,0.0064779338426887,-0.0096866330131888,0.3990797102451324,0.8976466059684753,0.1869918406009674,0.0,-2.177285465448489,-0.9910702046625114,-0.1679065773698797,0.5590737946602827,1.920981735047795e-15,3.532220663987081e-16,-2.7888943551284895e-22,3.615231377634127e-22,3.5758324323465396e-30,5.976104026534443e-31,0.8814950974190744,0.1185449347817931,4.003220086756798e-05,16.41797637939453,-1.1631041524087944,-0.2019290836455951,-1.086133209726746,-0.8427452437416078,0.1702885885088829,0.1354664801981593
1364.0,0.5053197673392584,0.017545914781751,0.4768704341371136,0.0002638837418771,1.1301325836877445e-12,0.9996958948564904,0.0001299366241292,0.0001741685193803,0.0020511582681405,0.9463854936385152,0.0515633480933442,4.998401175057178e-06,6.942842164022909e-07,2.519708278139075e-06,0.1378818477883566,0.8620861281391422,2.3811678831523e-05,0.5051660969988936,0.0166051992220667,0.4111033861892961,0.9437003358250882,0.0008035892796566,clean_balanced_ED_EQ,-2.303566633806108e-31,1.3493095849751355e-30,-7.472230011541329e-33,-1.370044390591354e-32,1.493135887069261e-32,1.0173172775434221e-32,-3.0057279250462553e-24,1.7213000147465483e-24,4.589257619679783e-23,-5.856025094138205e-23,1.6757638239420953e-23,4.5581602898430656e-24,-1.623903161059472e-39,6.881887521281495e-39,-8.288998497273921e-40,-2.5015259409644566e-39,2.4528018980907365e-39,-4.380366822996652e-39,9.209280883077576e-38,-8.252959027608972e-37,-1.649272016993577e-36,-1.2615427957978114e-36,-7.38568447090939e-39,-8.033805937596054e-39,5.268234428312798e-30,-8.546855459498613e-30,1.6955784454681204e-30,-3.1696365954668224e-31,-6.963812283091109e-30,8.863821974046039e-30,1.8652013249629604e-30,-1.826080332671687e-30,9.326985004035969e-30,2.1085621792427608e-30,5.886315705679388e-30,6.447806536534767e-31,-7.063003518002091e-39,-4.5928081020429434e-39,-5.763898031043947e-39,-1.6501487102429147e-39,-4.930774645033712e-39,5.7648552782288665e-39,-0.5994929671287537,-0.7234975695610046,-0.1825591325759887,0.288932740688324,0.0007597464718855,-0.0071740788407623,0.0064901863224804,-0.0096518946811556,0.3998380303382873,0.8973090648651123,0.1869918406009674,0.0,-2.18076649872188,-0.9803016868201284,-0.1609959021627091,0.5561048845070184,1.9183041890549506e-15,3.46853513570524e-16,-2.7661002870685285e-22,3.6364518746205546e-22,3.5886741503057936e-30,5.885495879892967e-31,0.8828925954194327,0.1169452471180003,0.0001621574625669,16.33892822265625,-1.1603072314559433,-0.1980898270573765,-1.0888496893892177,-0.8328707861421273,0.1679746015805086,0.1316385616222279
1365.0,0.5054134843999532,0.0168851612265258,0.4774409008479371,0.0002604535255839,1.1221773582723205e-12,0.9996996291409332,0.0001235034933635,0.0001768673657032,0.0019349128025277,0.9512005385736556,0.0468645486238165,4.846027924697911e-06,6.943784874801115e-07,2.426079289620925e-06,0.1387591527926261,0.861211473199806,2.1407521866194657e-05,0.50526167291746,0.0160611744525744,0.4111775815850944,0.9446540616437524,0.0008635627809112,clean_balanced_ED_EQ,-2.260760483583491e-31,1.347299486556337e-30,-7.362315690929504e-33,-1.3280187475635362e-32,1.50567013815062e-32,1.017286278039598e-32,-2.850682792104712e-24,1.649196226407056e-24,4.45470417989509e-23,-5.785808833786265e-23,1.5602105680512362e-23,4.39040196714069e-24,-1.6346161308276216e-39,6.762400354259639e-39,-8.278535274543367e-40,-2.5000193521453388e-39,2.4624779740334378e-39,-4.26237408929991e-39,8.929732623328487e-38,-8.276398896046692e-37,-1.6561519427507307e-36,-1.2482155624309133e-36,-7.114335174894441e-39,-7.503011510823596e-39,5.150536925028462e-30,-8.502575864385356e-30,1.740138500464722e-30,-4.072359461468836e-31,-6.890675622967834e-30,8.909811242792627e-30,1.8278510122784872e-30,-1.826136537385784e-30,9.262724505168509e-30,2.0588335533344065e-30,5.7726014182968635e-30,6.109075706137153e-31,-7.415135245162282e-39,-4.593909748090929e-39,-5.729903908838349e-39,-1.61684916469823e-39,-4.849781921350607e-39,5.775219969505016e-39,-0.606881856918335,-0.7185184955596924,-0.1764994859695434,0.2900533676147461,0.0006490849773399,-0.0070956414565443,0.0064174816943705,-0.009509171359241,0.4005948901176452,0.8969714045524597,0.1869918406009674,0.0,-2.184510290290819,-0.9695998676163364,-0.1542433771988464,0.553045559855516,1.915973303029621e-15,3.406195305584227e-16,-2.743229603153347e-22,3.6578870803441912e-22,3.6023665929253075e-30,5.802686748127539e-31,0.8846251861569978,0.115414633023405,3.981918040296684e-05,16.267616271972656,-1.1577299187155026,-0.194266388209218,-1.0917903651755976,-0.8228651547881712,0.1658389310448047,0.1276854110700326
1366.0,0.5054378778032671,0.0162564479426688,0.4780482501536952,0.000257424100369,1.1141785111034953e-12,0.999699879149369,0.0001211280198575,0.0001789928307733,0.0021201623463873,0.9559376002346978,0.0419422374189148,4.840377563469074e-06,6.703846397931113e-07,2.4115500010412574e-06,0.1397760784724854,0.8601945327215832,2.1466493727096e-05,0.5052861853574396,0.0155401498346551,0.4112144911593283,0.9458101008008885,0.0009204951582665,clean_balanced_ED_EQ,-2.220492907438021e-31,1.3450812303718617e-30,-7.353765469559952e-33,-1.3080983400455202e-32,1.5169897367516216e-32,1.0131194552590051e-32,-2.8999874556910595e-24,1.727421457639172e-24,4.3298485079982733e-23,-5.711848958585722e-23,1.440458789451104e-23,4.2318542597980265e-24,-1.739578600839402e-39,6.726630944717111e-39,-7.195120081472947e-40,-2.4835726811272652e-39,2.459099058590517e-39,-4.243056086731687e-39,8.765419246534048e-38,-8.30252368970332e-37,-1.6622836108363095e-36,-1.2354058549583206e-36,-7.221869481333013e-39,-7.408686087031115e-39,5.023916873957e-30,-8.451348468699609e-30,1.7965288937083e-30,-4.95674112837667e-31,-6.820448540420801e-30,8.947022878618224e-30,1.816731784451573e-30,-1.8439455874795052e-30,9.208190303703274e-30,2.0158447433669187e-30,5.6631467388683776e-30,5.963844546917468e-31,-7.744242553040652e-39,-4.572924915154346e-39,-5.707033646623374e-39,-1.5835112380793006e-39,-4.783312861926344e-39,5.7830911009472027e-39,-0.6138370633125305,-0.713617205619812,-0.1706146895885467,0.2909954786300659,0.0006677572382614,-0.006844415795058,0.0063008866272866,-0.0096523147076368,0.4013503193855285,0.8966336846351624,0.1869918406009674,0.0,-2.187579600725308,-0.9591637217370048,-0.1476787509345122,0.549947050323934,1.913225757070225e-15,3.346251613411449e-16,-2.7207316041858565e-22,3.677792349870618e-22,3.613587314532927e-30,5.714487154421723e-31,0.8860927483800856,0.1139206092380425,1.3357618128040372e-05,16.19781494140625,-1.154977641168662,-0.1906665264933846,-1.0942287116357392,-0.8132285899986593,0.1635991625373239,0.1240158125605253
1367.0,0.5056028686000222,0.0156625310367306,0.4784806166104711,0.000253983752776,1.1063483307728184e-12,0.9997008462326596,0.0001174499237208,0.0001817038436196,0.0022368799617311,0.9600244070008088,0.03773871303746,4.615647997605881e-06,6.725323338352132e-07,2.2812213745333158e-06,0.1406160301892268,0.8593544093123527,2.1991096714599867e-05,0.5054516155971024,0.015036412070669,0.4111844276547017,0.9463566097545082,0.0009836068343504,clean_balanced_ED_EQ,-2.1805907005121753e-31,1.3431136170889793e-30,-7.364479892265209e-33,-1.277843911985885e-32,1.531801893436873e-32,1.0093777910641148e-32,-2.9017786533047063e-24,1.7646462499099833e-24,4.2122389122271184e-23,-5.635596460843551e-23,1.3360527824780953e-23,4.011608700847499e-24,-1.5318926590400842e-39,6.603400877835353e-39,-8.151425718675678e-40,-2.4558121309518797e-39,2.347029351421973e-39,-4.14757844623063e-39,8.551144449249671e-38,-8.322542137384877e-37,-1.6680128200791248e-36,-1.2228787964603677e-36,-7.453460543090409e-39,-7.342569957248119e-39,4.918114500865695e-30,-8.402747779018795e-30,1.83013198247774e-30,-5.7979231566207965e-31,-6.748246681977989e-30,8.982542180343697e-30,1.793256867864303e-30,-1.845909525146977e-30,9.141573771959149e-30,1.969767505743413e-30,5.543909486875384e-30,5.639090000925354e-31,-8.080179698030909e-39,-4.5759926268582706e-39,-5.667760057250626e-39,-1.5523176084033187e-39,-4.7194966590942825e-39,5.7840066262035236e-39,-0.6206716299057007,-0.7087377905845642,-0.1649107038974762,0.2917138040065765,0.0005288762040436,-0.0067277336493134,0.0063198991119861,-0.0095925573259592,0.4021044969558716,0.8962956666946411,0.1869918406009674,0.0,-2.190639930920119,-0.9488481428139608,-0.1415916475217447,0.5467361407959033,1.91086957061433e-15,3.2882456054894676e-16,-2.6982139995937113e-22,3.696843757156661e-22,3.6262809719386445e-30,5.632431331899179e-31,0.887588070082584,0.1124244419887859,1.2512071369874532e-05,16.128219604492188,-1.1524444518571042,-0.1871032817032313,-1.096394218849056,-0.8038051186732711,0.1612970535275467,0.1205589736626768
1368.0,0.5056456979583355,0.0150854846046884,0.4790178979872611,0.000250919449715,1.0985706773109252e-12,0.9997023640858864,0.0001125853499018,0.0001850505642118,0.0022221530344809,0.9642551728807184,0.0335226740848005,4.624083679326274e-06,7.162561688934994e-07,2.2308025387303685e-06,0.1415691314088603,0.8584018764027307,2.1421046021986037e-05,0.505495199638806,0.0145462565654833,0.4111898624627567,0.9473390160766908,0.0010461089372407,clean_balanced_ED_EQ,-2.1425755725879075e-31,1.3409422279476008e-30,-7.329932671067998e-33,-1.240745446744286e-32,1.54867280851514e-32,1.0074823922121885e-32,-2.8355153469031914e-24,1.717723080065173e-24,4.092176860114229e-23,-5.562907204936289e-23,1.2255784858035352e-23,3.9494485237276965e-24,-1.5151779048963707e-39,6.608233166536493e-39,-8.423223452563591e-40,-2.531847654151028e-39,2.357502520529864e-39,-4.076383005537443e-39,8.288584780311466e-38,-8.347129038433168e-37,-1.6738756157928074e-36,-1.2101659018295e-36,-7.436119955445485e-39,-7.15327254181925e-39,4.8083297547306695e-30,-8.354296771803229e-30,1.8686617763727477e-30,-6.6390555450475135e-31,-6.676990136588476e-30,9.018202226699772e-30,1.7640422771594662e-30,-1.844204574099291e-30,9.087471369776484e-30,1.9330381641663955e-30,5.429123979404228e-30,5.485509796578831e-31,-8.411227848837602e-39,-4.5522564164314415e-39,-5.6449957442279036e-39,-1.5289351185137593e-39,-4.6493020358172965e-39,5.779079237165701e-39,-0.627414882183075,-0.7037985324859619,-0.1591126024723053,0.2924264073371887,0.0003388604673091,-0.0066904532723128,0.0063340226188302,-0.0094279376789927,0.4028571844100952,0.8959576487541199,0.1869918406009674,0.0,-2.1935044972769373,-0.938585204818014,-0.1353304695300199,0.5434252583250818,1.9082055869218426e-15,3.23147578348087e-16,-2.6755774098556654e-22,3.715878843436876e-22,3.637958315535161e-30,5.5511024275766875e-31,0.8890266857056007,0.1109590298250601,1.4284469339154173e-05,16.061222076416016,-1.1497402461284536,-0.1837070467939871,-1.0986399058900436,-0.7942863495670108,0.1591002195783211,0.117037047898223
1369.0,0.5055700463204496,0.0145000671767369,0.47968208249699,0.0002478040058235,1.0909719438448286e-12,0.9997033002695428,0.0001095272251155,0.0001871725053417,0.0022690516643187,0.9690039084049176,0.0287270399307636,4.366598287634944e-06,6.267909870408824e-07,2.1804420995431182e-06,0.1428650194441782,0.8571078974322761,1.990929217151314e-05,0.5054200438239791,0.0140506217663919,0.4111393011649307,0.9487945062966592,0.0011127456652627,clean_balanced_ED_EQ,-2.104150709193491e-31,1.3386897471255392e-30,-7.268898591982434e-33,-1.218009610623674e-32,1.557382265254134e-32,1.0063550482327108e-32,-2.7913630692396947e-24,1.7181968516379837e-24,3.970106633698691e-23,-5.4882026900671e-23,1.1026597972748048e-23,3.799476300314879e-24,-1.6107806253942318e-39,6.384326958125322e-39,-7.547538775126669e-40,-2.3777108558811308e-39,2.3655376885917484e-39,-4.006617954764749e-39,8.076309505891482e-38,-8.38273670472245e-37,-1.6798869091002527e-36,-1.1970481845478527e-36,-7.247989738581299e-39,-6.804588791411277e-39,4.6798584226513135e-30,-8.311020884402584e-30,1.9251788838361908e-30,-7.458759462749401e-31,-6.605037106687939e-30,9.056896630877959e-30,1.738587869684051e-30,-1.8476057043113442e-30,9.027560460569079e-30,1.892869096623811e-30,5.313802857264509e-30,5.416354378818842e-31,-8.749971557862807e-39,-4.52477092260116e-39,-5.61561551334741e-39,-1.498011671359143e-39,-4.574249736832465e-39,5.7939619522765625e-39,-0.6343063116073608,-0.6986570358276367,-0.1531087458133697,0.2930768132209778,0.0003741250257007,-0.0064913067035377,0.0062148501165211,-0.0095044951885938,0.403608500957489,0.8956193923950195,0.1869918406009674,0.0,-2.1964752150755413,-0.92807620819576,-0.1288742121851137,0.5399525715748578,1.905471238003512e-15,3.1740212638314143e-16,-2.652170886576038e-22,3.735481915722414e-22,3.649760666583231e-30,5.468741579790852e-31,0.8905084276886482,0.1094652662830678,2.6306028283906716e-05,15.996249198913574,-1.146970512819658,-0.1802806679557831,-1.1009751870938045,-0.7845292095577725,0.1568490003347564,0.1134628751676828
1370.0,0.5055300390013366,0.0139396118641313,0.480285699077538,0.0002446500569939,1.08363851567163e-12,0.9997045223342904,0.0001055722059709,0.0001899054597384,0.0024610621781474,0.9732222430214256,0.0243166948004269,4.142404851080452e-06,6.066951829682976e-07,2.0560693070433976e-06,0.1442244596134214,0.8557479599460088,2.0775271228702143e-05,0.5053806661654665,0.013566340325258,0.4110035071768458,0.9500636204058848,0.0011819535183905,clean_balanced_ED_EQ,-2.06611866623606e-31,1.3366095883295254e-30,-7.248723500488056e-33,-1.18586342444451e-32,1.573101015354733e-32,1.0000782586762171e-32,-2.8350909056103053e-24,1.7669646919118368e-24,3.853070760618739e-23,-5.411605239222394e-23,9.878363933077783e-24,3.561479285832647e-24,-1.5363689989236606e-39,6.222734818640312e-39,-7.574915653120307e-40,-2.3330640285487688e-39,2.2938538928703463e-39,-3.8896759168574376e-39,7.94080422302522e-38,-8.41948406663787e-37,-1.6856965407187884e-36,-1.1840291497774293e-36,-7.476510084965364e-39,-6.864588330675263e-39,4.575129495249434e-30,-8.255780144754943e-30,1.9555475193676575e-30,-8.363957940535415e-31,-6.530676012697163e-30,9.092176489864446e-30,1.719399400361485e-30,-1.851033043426513e-30,8.968257429874892e-30,1.8593602003470672e-30,5.198027524053796e-30,5.158751461269691e-31,-9.079174313941034e-39,-4.5152937149288875e-39,-5.5820639743627437e-39,-1.4802210636507266e-39,-4.5135386688835715e-39,5.792158443168666e-39,-0.6412006616592407,-0.6934871673583984,-0.1472005844116211,0.2934711873531341,0.0002656072610989,-0.0063637429848313,0.0062132128514349,-0.009491360746324,0.4043583869934082,0.8952811360359192,0.1869918406009674,0.0,-2.199459941944097,-0.9176124417531936,-0.1226377632231825,0.5363269886170199,1.90292597062778e-15,3.11816472868101e-16,-2.6285346339727263e-22,3.7547369214354813e-22,3.6617062030162094e-30,5.3867427037689235e-31,0.8921033075750175,0.1079220398003352,2.5347375352868795e-05,15.934882164001465,-1.1443523582323305,-0.1768929228653838,-1.103170508276904,-0.7748642815732858,0.1545470082425123,0.1100376934896111
1371.0,0.505495604294451,0.0134052109221054,0.4808576931390769,0.0002414916443667,1.076354847338002e-12,0.999705668744865,0.000101875459806,0.0001924557953288,0.0025642558675411,0.9770917685448376,0.0203439755876212,4.0901865560677535e-06,6.329599866605395e-07,2.0076619714577765e-06,0.1456727420332058,0.8543003376628101,2.0189495469911623e-05,0.5053468211387737,0.0130981212475965,0.4107968896164733,0.9512598904005058,0.0012535612371188,clean_balanced_ED_EQ,-2.028749595469156e-31,1.3345220151974257e-30,-7.227078899094802e-33,-1.155214255233962e-32,1.585222114105979e-32,9.974238391402134e-33,-2.8107968487720745e-24,1.7996654814880676e-24,3.7401790117098025e-23,-5.334498067830447e-23,8.73311273600304e-24,3.4797893249494206e-24,-1.470712576121278e-39,6.193085273623292e-39,-8.191044523771827e-40,-2.3662535807808628e-39,2.2898168837105057e-39,-3.82682574196369e-39,7.686602979009613e-38,-8.4593566510846e-37,-1.6909267583476985e-36,-1.1713697748975276e-36,-7.487304867527244e-39,-6.628621375005457e-39,4.457346135345845e-30,-8.209250074070953e-30,2.0016360015922007e-30,-9.16815082186204e-31,-6.458981734998666e-30,9.126065759166224e-30,1.6953324705457014e-30,-1.856374708021404e-30,8.907151887938494e-30,1.8155842920658896e-30,5.079786644350196e-30,4.967289439272302e-31,-9.41006614978934e-39,-4.498224707852865e-39,-5.5513784950179524e-39,-1.4458407600939444e-39,-4.445016141220331e-39,5.793894921473144e-39,-0.6477258205413818,-0.6884243488311768,-0.1415405571460724,0.2938445210456848,0.0002445859136059,-0.0061591924168169,0.0061231511645019,-0.0095056090503931,0.4051070511341095,0.894942581653595,0.1869918406009674,0.0,-2.202041193918195,-0.9073479065576692,-0.1168117222374057,0.5328227713377612,1.9003833264344115e-15,3.0629236228685803e-16,-2.605442123333116e-22,3.77254087338312e-22,3.673386231686412e-30,5.303495375684465e-31,0.8935148181331325,0.1065061814493907,2.0999582523328897e-05,15.87320327758789,-1.14173167974892,-0.1735668394411819,-1.104979622312064,-0.765461735739998,0.1522338280650421,0.1067357718310465
1372.0,0.505403976189501,0.0128901782657329,0.4814672691248092,0.0002385764199568,1.0691369417558609e-12,0.9997073103108776,9.783808596946002e-05,0.0001948516031529,0.0026670481783114,0.980910387205471,0.0164225646162175,3.952201954118918e-06,6.1994023853387e-07,1.954771928026372e-06,0.1471228087680454,0.8528507291933802,1.99351244536346e-05,0.5052560496568288,0.0126441097537877,0.410619711555839,0.952638467063194,0.0013260925207279,clean_balanced_ED_EQ,-1.9932216092049957e-31,1.3323360421579706e-30,-7.170040241669933e-33,-1.1234047670183144e-32,1.59825306331659e-32,9.914051499091388e-33,-2.8041674241483696e-24,1.7986210282469643e-24,3.629543682211422e-23,-5.257856488108009e-23,7.570933691425323e-24,3.319670424656967e-24,-1.3732675461182993e-39,6.10098667735755e-39,-8.709419962772404e-40,-2.3185996211419258e-39,2.244219261481073e-39,-3.7823769510012446e-39,7.480258430210705e-38,-8.498886682867413e-37,-1.6961959086556652e-36,-1.1586594099563328e-36,-7.493422262934186e-39,-6.517655229343966e-39,4.349964743741083e-30,-8.154409087201912e-30,2.036743113018853e-30,-1.0051291821022087e-30,-6.386706244306526e-30,9.15953837008246e-30,1.678122590594527e-30,-1.8584863885533894e-30,8.853481813254411e-30,1.7839841880885916e-30,4.963940644198976e-30,4.831627957855409e-31,-9.734298465165916e-39,-4.475453111066041e-39,-5.5257570319234675e-39,-1.425631991457482e-39,-4.384605551911279e-39,5.7958447886070576e-39,-0.6542288064956665,-0.6832719445228577,-0.1357926130294799,0.2940874397754669,0.0001654904481256,-0.0060358098708093,0.0061035105027258,-0.0094695501029491,0.4058542251586914,0.894603967666626,0.1869918406009674,0.0,-2.204524172718476,-0.8971475371773363,-0.1108787943584333,0.5291020963221115,1.897669590255496e-15,3.0100029926464665e-16,-2.5820398048702466e-22,3.790381941148588e-22,3.684472390488707e-30,5.226452385947438e-31,0.8949123398086762,0.1050539812066721,3.367898465167496e-05,15.813604354858398,-1.1390306981885776,-0.1704030011452726,-1.1068076962732316,-0.7560524970936042,0.1499372970597433,0.103503009354079
1373.0,0.5052068744563947,0.0124006593934681,0.4821567197733905,0.0002357463767466,1.0623442059153217e-12,0.999708371039132,9.417648651147291e-05,0.0001974524743566,0.0027917190767531,0.9843446088184524,0.0128636721047944,3.939463503031233e-06,6.358574107320109e-07,1.8997311959598264e-06,0.1489629282179884,0.8510102097175589,2.038701234293284e-05,0.5050595415005735,0.0122065222197542,0.4103202912110834,0.9543748198046468,0.0013988792552815,clean_balanced_ED_EQ,-1.95909111107953e-31,1.3302246074068842e-30,-7.166068542625688e-33,-1.09067280196836e-32,1.610329794920279e-32,9.88725898442836e-33,-2.801665020321812e-24,1.81330867250091e-24,3.5215813578404955e-23,-5.1834709382280434e-23,6.3870675280781075e-24,3.2441187042281782e-24,-1.2555575689986628e-39,6.114177565314234e-39,-8.861917154213377e-40,-2.345851515150996e-39,2.141750188055194e-39,-3.768345384110133e-39,7.276317145507139e-38,-8.551578937665514e-37,-1.7013440481673286e-36,-1.1460759526158916e-36,-7.66828117520063e-39,-6.481268088332158e-39,4.244194086353045e-30,-8.099745913233306e-30,2.07089878152352e-30,-1.0907790908578151e-30,-6.315093070021512e-30,9.190525711598439e-30,1.6595385631651677e-30,-1.864803719302756e-30,8.80513394288621e-30,1.7435361565402135e-30,4.8525953957928575e-30,4.706670192298173e-31,-1.0050012188325441e-38,-4.4491104707555963e-39,-5.5026047108094284e-39,-1.3992547496153368e-39,-4.316661589169258e-39,5.79748537410432e-39,-0.6605919003486633,-0.678185760974884,-0.1301307082176208,0.2941800653934479,-5.760527983511565e-06,-0.0059550455771386,0.0061248722486197,-0.0094046285375952,0.4066000878810882,0.8942652940750122,0.1869918406009674,0.0,-2.2068857576331644,-0.887100175579724,-0.1051448257571207,0.5253089284969932,1.8950147385048387e-15,2.958891826829156e-16,-2.5587483126355467e-22,3.8076633641804962e-22,3.695242368835944e-30,5.148966633846143e-31,0.8963530477963504,0.1036018731941049,4.507900954464628e-05,15.759716033935549,-1.1363973283517614,-0.1673631574872444,-1.1085504266730757,-0.7467525381716004,0.1477083992474298,0.1003511259897268
1374.0,0.5050349609667893,0.0118959860927988,0.4828364116220564,0.0002326413183555,1.0555051428239677e-12,0.9997092010500076,9.077999332671954e-05,0.0002000189566656,0.0029755077441892,0.987537907984273,0.0094865842715376,3.683006320514468e-06,5.755542040770142e-07,1.817213457679638e-06,0.1509657586661285,0.8490073002780629,2.086528182634317e-05,0.5048880973304308,0.0117477372194925,0.4099316383071896,0.956045519497822,0.0014790939994734,clean_balanced_ED_EQ,-1.9244113382055488e-31,1.3280937244666862e-30,-7.134679695056028e-33,-1.0612565746485835e-32,1.6248153907149638e-32,9.813751456055875e-33,-2.8166764861399126e-24,1.847579459896885e-24,3.4111361277350644e-23,-5.101401614019233e-23,5.157741480154427e-24,3.0943766057138902e-24,-1.3487957973233243e-39,5.880414960571602e-39,-8.199760316831567e-40,-2.2395857699881268e-39,2.1687770066047668e-39,-3.6408268797022075e-39,7.124442877582611e-38,-8.607605911446608e-37,-1.7063726322628994e-36,-1.1329564900583744e-36,-7.838107239249972e-39,-6.455083675644825e-39,4.1361147877570356e-30,-8.04382725903246e-30,2.1031641173669493e-30,-1.1793577112511973e-30,-6.239279310592996e-30,9.223184159345632e-30,1.6281387206653314e-30,-1.8692843199987292e-30,8.746787263710046e-30,1.709210222321481e-30,4.732281958516805e-30,4.535170902118266e-31,-1.0381967885052431e-38,-4.4304400449381186e-39,-5.4739933932760803e-39,-1.3736222638898496e-39,-4.259472624697712e-39,5.79349478297941e-39,-0.6671507358551025,-0.6728355288505554,-0.1242754459381103,0.2941325306892395,-0.0001025953970383,-0.0058142077177762,0.0061359889805316,-0.00935934856534,0.4073445796966553,0.8939263820648193,0.1869918406009674,0.0,-2.209411015366277,-0.8767547618814295,-0.0993145115943613,0.5212520985291745,1.892423420615392e-15,2.907521702077094e-16,-2.534404693179805e-22,3.8254377438036463e-22,3.706956588206862e-30,5.072926888916866e-31,0.8978315687728123,0.1020835798391093,8.485138807834414e-05,15.704221725463867,-1.1337511893610006,-0.1642808488072984,-1.110209127152464,-0.7371301040273811,0.1452639480386801,0.097133129030743
1375.0,0.5046645246590394,0.0114315748029205,0.4836739200714434,0.0002299804665965,1.0491143968722222e-12,0.9997113177251824,8.679186649687844e-05,0.0002018904083207,0.0030342758901539,0.9904707516148272,0.0064949724950189,3.4537947455716885e-06,5.125219726551092e-07,1.7857982391577453e-06,0.1532722623933976,0.8467024169184367,1.95685732082091e-05,0.5045188369560412,0.0113226404871898,0.4095278771249059,0.9584068156925084,0.0015603448377049,clean_balanced_ED_EQ,-1.8904921971679003e-31,1.3259437986171024e-30,-7.108674365547074e-33,-1.0256935943342208e-32,1.6338505350997259e-32,9.763312795229876e-33,-2.761091220112889e-24,1.8603371333749443e-24,3.3052342269432183e-23,-5.0257538575962745e-23,3.857047228010374e-24,2.9748776996136517e-24,-1.3479031259752447e-39,5.684829645775662e-39,-8.296409929943927e-40,-2.0921261083039787e-39,2.1775556972295288e-39,-3.5926923955435085e-39,6.978993030171093e-38,-8.674851047560699e-37,-1.7115771691351613e-36,-1.1200524979331528e-36,-7.733521355668911e-39,-6.07384046476827e-39,4.030305389823864e-30,-7.995414098520773e-30,2.135372266472038e-30,-1.2599525187321929e-30,-6.1656790795733744e-30,9.255365193975496e-30,1.6091642193575028e-30,-1.8750940586723592e-30,8.703995634413007e-30,1.6755629599720717e-30,4.6160568599473525e-30,4.438474529790449e-31,-1.0709570668409863e-38,-4.40347400982434e-39,-5.4569557792097234e-39,-1.3481974956477476e-39,-4.1943500565320334e-39,5.803298870212984e-39,-0.6735854148864746,-0.667482316493988,-0.1184604167938232,0.294026106595993,-9.788176248548552e-05,-0.0056376187130808,0.0060205701738595,-0.0094252359122037,0.4080877304077148,0.8935874104499817,0.1869918406009674,0.0,-2.211833477126573,-0.8664974365745087,-0.0935326588385051,0.5171978089305928,1.8897838609754247e-15,2.8568277406112677e-16,-2.5101894865482275e-22,3.842958457089129e-22,3.7182405006610544e-30,4.995557869411063e-31,0.8992817463055579,0.1006093040441836,0.0001089496502584,15.655181884765623,-1.1310926547990052,-0.1612679089718293,-1.1119761442597718,-0.727674848952066,0.1430057754866414,0.0940490913765269
1376.0,0.504411898471585,0.0109902716246776,0.4843707360288956,0.0002270938748419,1.0425254355582828e-12,0.9997120227275658,8.334043846508328e-05,0.0002046368339691,0.0032979492911371,0.992330211737526,0.0043718389713368,3.292198276328861e-06,5.156536218550675e-07,1.6955154146111763e-06,0.1552605331263009,0.8447139802500994,1.9983256286834516e-05,0.5042666393088797,0.0109059785683692,0.4091547323476386,0.9602682599212748,0.0016433119863301,clean_balanced_ED_EQ,-1.8578057848543395e-31,1.3237762250898198e-30,-7.052674112952124e-33,-9.961101443373364e-33,1.6479790436586102e-32,9.704997331350698e-33,-2.8108736186376423e-24,1.9085014958113068e-24,3.201799002807895e-23,-4.947902932794051e-23,2.665543757087361e-24,2.8630513622221082e-24,-1.2704743761896876e-39,5.5593826472408236e-39,-8.80831462712434e-40,-2.0779416890170385e-39,2.1513066644746128e-39,-3.4814424436612715e-39,6.790768680646829e-38,-8.730591333667751e-37,-1.7163823869262423e-36,-1.107311502382424e-36,-7.839888314584575e-39,-6.102047988299366e-39,3.9227681082393154e-30,-7.944660508672872e-30,2.171040598603829e-30,-1.3406866395507025e-30,-6.0938074833382014e-30,9.285347861934792e-30,1.5953454291653173e-30,-1.8773153980934587e-30,8.647082037919532e-30,1.6444340788492e-30,4.4952880784312594e-30,4.275472772398986e-31,-1.1031188986190463e-38,-4.379953672114359e-39,-5.4273024284634077e-39,-1.3278952042309903e-39,-4.1340599760936326e-39,5.7989795511122155e-39,-0.679853081703186,-0.6622096300125122,-0.1127886176109314,0.2938002049922943,-0.0001176839505205,-0.0054567335173487,0.0059614544734358,-0.0094632804393768,0.4088294208049774,0.8932483196258545,0.1869918406009674,0.0,-2.214005167795344,-0.8564320905125429,-0.0879432064058746,0.5130949740934486,1.88709166091573e-15,2.8081035058785043e-16,-2.486198422055011e-22,3.8596944250043168e-22,3.728978605649078e-30,4.921637040690889e-31,0.9007515965728188,0.0991649253322122,8.347809496900283e-05,15.604375839233398,-1.128422941024528,-0.1583644295662941,-1.1134778014519455,-0.7183520330823671,0.1406882404646006,0.0910396736041032
1377.0,0.5039388400772452,0.010572928947597,0.4852640762730947,0.000224154702063,1.0364005192097886e-12,0.9997127477292584,7.97793876009432e-05,0.0002074728831406,0.0033883197318275,0.9937145179752293,0.0028971622929432,3.34199603591038e-06,5.36325325135466e-07,1.669054654226039e-06,0.1579142442014714,0.8420599350017878,2.0273420725454666e-05,0.5037940825011181,0.0105064729927477,0.4086214365252247,0.9629424003093552,0.0017302918158264,clean_balanced_ED_EQ,-1.8246570401367783e-31,1.3215922476114522e-30,-7.036397188100668e-33,-9.619211618381387e-33,1.6616240458387098e-32,9.658550819814479e-33,-2.7942906002114548e-24,1.8887189767828056e-24,3.103022163151585e-23,-4.871590163198324e-23,1.3998833998379008e-24,2.7868843642077536e-24,-1.2396699377835e-39,5.6112543286413254e-39,-8.602976404128069e-40,-2.135282149813977e-39,2.0999720208952084e-39,-3.475973687851919e-39,6.603536856842905e-38,-8.808127193883965e-37,-1.720874329886762e-36,-1.0949319904751476e-36,-7.970113743136342e-39,-6.053117097598412e-39,3.820120838171783e-30,-7.893922748495723e-30,2.201554128870725e-30,-1.4169518679000189e-30,-6.0216739444879066e-30,9.310876661504944e-30,1.5740138007489944e-30,-1.8763834012885124e-30,8.593749302083039e-30,1.6059087103847283e-30,4.377049476245364e-30,4.076925201102531e-31,-1.1354161768004347e-38,-4.363966407229415e-39,-5.39970350750144e-39,-1.3003461981702044e-39,-4.0726076084857627e-39,5.793831406320418e-39,-0.6859089136123657,-0.6569808721542358,-0.1073757410049438,0.293562114238739,-0.000327164249029,-0.0053891302086412,0.0060276016592979,-0.0093197580426931,0.4095698595046997,0.892909049987793,0.1869918406009674,0.0,-2.215890658077257,-0.8464974963979822,-0.0826333859809606,0.5091390924788683,1.8843846390209104e-15,2.759237764699607e-16,-2.462675704790349e-22,3.8754208239929863e-22,3.7387952403204e-30,4.846361188516088e-31,0.9021240539102876,0.0978314545444167,4.44915452955108e-05,15.55870246887207,-1.125743131809697,-0.1554257854156309,-1.1147709878654437,-0.7092896880783707,0.1384177755158568,0.0881669867150437
1378.0,0.5034026171714162,0.0101777987410598,0.486198027312632,0.0002215567748919,1.0305102542735565e-12,0.9997144366458388,7.5722938086811e-05,0.0002098404160742,0.0033879045330779,0.9943548433710236,0.0022572520958984,3.188982987855813e-06,5.171320970373052e-07,1.6183953595251575e-06,0.1606147927528907,0.8393612003421083,1.868239455660806e-05,0.5032588638315633,0.0101203434730284,0.4080957598090959,0.9658234000541046,0.001818902016268,clean_balanced_ED_EQ,-1.7938472766770678e-31,1.3194188140406548e-30,-6.92063534206505e-33,-9.295338908762908e-33,1.671662561755157e-32,9.62897610806457e-33,-2.7241523265649676e-24,1.870103376666786e-24,3.0017016422649844e-23,-4.799492949003537e-23,6.380029879174934e-26,2.6963748899343807e-24,-1.2249850291208912e-39,5.4798413717299487e-39,-8.843264305712385e-40,-2.0810611038326006e-39,2.1093095168245624e-39,-3.3987900913623485e-39,6.422277287156253e-38,-8.887457436144464e-37,-1.725740505968569e-36,-1.0822070904300656e-36,-7.73206919977791e-39,-5.707088947068191e-39,3.710667131164619e-30,-7.844122629967036e-30,2.239818454062887e-30,-1.4980882450169788e-30,-5.9504847648049274e-30,9.342210977536837e-30,1.5544686076214904e-30,-1.884725409580749e-30,8.550805104307678e-30,1.5783899764159584e-30,4.254519926039176e-30,4.033453780436407e-31,-1.1680648900593156e-38,-4.327438977267181e-39,-5.3834572961433214e-39,-1.281597184115604e-39,-4.002489605679936e-39,5.7975406990694244e-39,-0.6920236349105835,-0.6516533493995667,-0.1017609536647796,0.2932110726833343,-0.0002953827788587,-0.0052550444379448,0.0059146098792552,-0.0093281362205743,0.4103088974952698,0.8925696611404419,0.1869918406009674,0.0,-2.217919053169675,-0.8365514321162183,-0.0772159390611815,0.5049075598207571,1.8817133459120736e-15,2.7125365896242807e-16,-2.438597082338413e-22,3.8916216011090666e-22,3.749355364507044e-30,4.775025083246492e-31,0.9035765018015612,0.0964500215702504,2.652337181152653e-05,15.516477584838867,-1.1230761868825516,-0.1526904981118493,-1.1163013230758083,-0.700029467182887,0.1362702966373072,0.0852262473462048
1379.0,0.5028976464412093,0.0097852610373472,0.4870984802733501,0.0002186122480933,1.0244749510956698e-12,0.9997154274301976,7.266881773686869e-05,0.0002119037520657,0.0036835787169069,0.993704401392726,0.002612019890367,3.044958598422426e-06,4.915091594133923e-07,1.555718934060623e-06,0.163570926668851,0.8364043682358352,1.961290862178694e-05,0.5027545355656138,0.0097236569615886,0.4074112966616668,0.9685837341262916,0.0019114160268721,clean_balanced_ED_EQ,-1.761334714256443e-31,1.3171896044170489e-30,-6.944101694276682e-33,-8.952650268739108e-33,1.6823070091327588e-32,9.55590342507078e-33,-2.768220179065862e-24,1.9277986540229268e-24,2.907052710856982e-23,-4.71666582671148e-23,-1.2637892636634642e-24,2.54401007777048e-24,-1.1569605158970371e-39,5.3643863253615535e-39,-8.889359336927645e-40,-2.0176492564510403e-39,2.0458970141848087e-39,-3.346737310582556e-39,6.292724838095829e-38,-8.971696463999546e-37,-1.7296400530100333e-36,-1.0697857215300994e-36,-7.999902740268361e-39,-5.7436212904362034e-39,3.615227334655494e-30,-7.788403157009886e-30,2.260329297184411e-30,-1.5800459152051773e-30,-5.8755566318399054e-30,9.368449483618395e-30,1.5269274713703341e-30,-1.8831588380531618e-30,8.493220987991346e-30,1.546408344714718e-30,4.135665712316379e-30,3.847450115459736e-31,-1.2004314976569663e-38,-4.3059935735853686e-39,-5.350857923582277e-39,-1.2596222544043653e-39,-3.9508167128374885e-39,5.7979888615093516e-39,-0.6979469060897827,-0.6462691426277161,-0.0964240431785583,0.292788416147232,-0.0004020385968033,-0.005082746502012,0.0059314994141459,-0.009317778982222,0.4110465347766876,0.8922302722930908,0.1869918406009674,0.0,-2.2195418179583526,-0.8265703507442375,-0.0721051695893685,0.5008141286478944,1.878951532977892e-15,2.6643796433998406e-16,-2.4146696734026773e-22,3.9065442977327834e-22,3.7588440283484045e-30,4.697032953678907e-31,0.9048196843801002,0.0951446564233667,3.565919653303329e-05,15.470955848693848,-1.1203656683016503,-0.1498143424168732,-1.1172016876087094,-0.6909914067919627,0.1338215027600678,0.0824790597134256
1380.0,0.5021206629594159,0.009441185456019,0.4882220647919543,0.0002160867926108,1.019090241406444e-12,0.9997164078301738,6.892380944446837e-05,0.0002146683603817,0.0035537333925886,0.991841054613978,0.0046052119934332,3.1122573968152157e-06,5.212698832636516e-07,1.540722470354515e-06,0.1669407469830743,0.8330354222873855,1.86564797897026e-05,0.5019782654710926,0.0093641553395041,0.4067062739139849,0.9723202027067646,0.0020070752751997,clean_balanced_ED_EQ,-1.731572977620947e-31,1.3149625883731034e-30,-6.933887669940526e-33,-8.555709322679253e-33,1.6944181838983583e-32,9.519826456665645e-33,-2.6723640249028958e-24,1.8508629354478437e-24,2.81330715559336e-23,-4.6452390678067563e-23,-2.703031176062585e-24,2.527345526558984e-24,-1.1821486177199034e-39,5.42456774590076e-39,-8.682879434988518e-40,-2.0996828825521623e-39,2.0504277260775744e-39,-3.3248864738093964e-39,6.097992675378374e-38,-9.07172341425571e-37,-1.7340531944555594e-36,-1.0574493750881767e-36,-7.896683679771752e-39,-5.4797915853491466e-39,3.5015411168358025e-30,-7.740818126347603e-30,2.304604729302425e-30,-1.652243711122934e-30,-5.8061454335402606e-30,9.393063384712915e-30,1.5130493515022718e-30,-1.884142232377719e-30,8.459329429345739e-30,1.5108559807093048e-30,4.009419919848607e-30,3.7832592953724326e-31,-1.2332244972888536e-38,-4.2755016781080464e-39,-5.3415784441232584e-39,-1.2316369983722626e-39,-3.8855340328739804e-39,5.7941875417334556e-39,-0.7037460803985596,-0.6409882307052612,-0.0909992754459381,0.292286068201065,-0.0005924520082771,-0.0050954646430909,0.0059815244749188,-0.0091543989256024,0.4117828607559204,0.8918905854225159,0.1869918406009674,0.0,-2.221189619912987,-0.8168482309920713,-0.0670028056475834,0.4965687166339014,1.8762184721667357e-15,2.619622384480912e-16,-2.390902137331862e-22,3.921514074792431e-22,3.7685335411410394e-30,4.628539800561889e-31,0.9061507723383082,0.0938315954508565,1.7632210835283324e-05,15.435325622558594,-1.117660942455743,-0.1471761632772479,-1.1184295290848016,-0.6820336367952161,0.1316994752124178,0.0797614655768237
1381.0,0.5014148457897732,0.0091031512704813,0.4892683973177925,0.0002136056219528,1.0135893316503293e-12,0.9997178196206776,6.503146747179186e-05,0.0002171489118506,0.0035722214479939,0.9883603136846476,0.0080674648673584,2.9579841446769296e-06,5.023738595781672e-07,1.488566461777284e-06,0.1701777287548383,0.8298003790887977,1.6943231897820252e-05,0.5012733563583904,0.0089971934452117,0.4059951015704727,0.975775650493856,0.0021044957180759,clean_balanced_ED_EQ,-1.7022119467777832e-31,1.312727002357268e-30,-6.821289596960647e-33,-8.212922340384792e-33,1.704452326618793e-32,9.491359565177547e-33,-2.6259459212200678e-24,1.822240695716943e-24,2.716514299222628e-23,-4.570180274674167e-23,-4.136267852262506e-24,2.441993847671584e-24,-1.1220203928127729e-39,5.297931317021128e-39,-9.101307880405519e-40,-2.03775853366875e-39,2.032159284670705e-39,-3.260177473757044e-39,5.917699917340256e-38,-9.16577168335105e-37,-1.738432402146591e-36,-1.0446965298174736e-36,-7.568570483364254e-39,-5.1680541736278446e-39,3.402579201677111e-30,-7.691239590536307e-30,2.329993895432885e-30,-1.730734233050779e-30,-5.732572269519589e-30,9.421972789099076e-30,1.4848542264045558e-30,-1.884942670946728e-30,8.419293216989249e-30,1.4898079756864817e-30,3.887518214830623e-30,3.7678225728026652e-31,-1.2659904572167328e-38,-4.2330868868880566e-39,-5.3280445512811454e-39,-1.2194299513317728e-39,-3.817162500025496e-39,5.7967287582229454e-39,-0.7096646428108215,-0.6355162262916565,-0.0854821801185607,0.2916731238365173,-0.0005272519774734,-0.0049270614981651,0.0058368286117911,-0.0092046922072768,0.4125179350376129,0.8915508985519409,0.1869918406009674,0.0,-2.222905005783801,-0.806949699616122,-0.0618154165141566,0.4921515627340803,1.8734747153025573e-15,2.574808979527944e-16,-2.366466013058972e-22,3.936779641113972e-22,3.7785657635598756e-30,4.557983684262147e-31,0.9075293330654532,0.0924992092132485,2.8542278701859655e-05,15.398115158081056,-1.114952854835492,-0.1445758384025718,-1.1196307889729062,-0.6728328340362837,0.1294776218019896,0.0769614741465578
1382.0,0.5005297626779104,0.008779705318029,0.4904799156174222,0.0002106163866383,1.0084151671196493e-12,0.9997182017901124,6.173979392835066e-05,0.0002200584159593,0.0040340504120014,0.9824564383600513,0.0135095112279472,2.8864868709587018e-06,4.991498280331062e-07,1.4304836995334958e-06,0.1741866434954443,0.8257891729502198,1.9367433937345417e-05,0.5003887142867922,0.0086256780166016,0.4050330038664047,0.9799215794746752,0.0022123231986216,clean_balanced_ED_EQ,-1.6720737491930918e-31,1.3104555487325337e-30,-6.833010003769982e-33,-7.816127496154397e-33,1.7203575463134775e-32,9.391626609222311e-33,-2.723594337131724e-24,1.9194642657338653e-24,2.628194387548996e-23,-4.486787564580859e-23,-5.630354874721403e-24,2.3407896958808967e-24,-1.122075123899763e-39,5.235239934844253e-39,-8.832510055540686e-40,-2.0437986345565358e-39,2.0053184882332777e-39,-3.1914527867800494e-39,5.7961670072601e-38,-9.282225328430931e-37,-1.7422050901272008e-36,-1.0321498370559533e-36,-8.152705094618152e-39,-5.450325227623344e-39,3.3159573105665496e-30,-7.625645983911877e-30,2.339854314768371e-30,-1.817687008033062e-30,-5.655808927867134e-30,9.443331746959808e-30,1.4711401052745226e-30,-1.8869795605357322e-30,8.368868908282918e-30,1.4566736892836456e-30,3.7530342409580946e-30,3.5720656920993075e-31,-1.300324854849301e-38,-4.2145282197417605e-39,-5.301962854355488e-39,-1.195328308592972e-39,-3.7705403840236456e-39,5.7841788136701416e-39,-0.7155196666717529,-0.6299323439598083,-0.0800800323486328,0.2908359467983246,-0.0007248506881296,-0.0047956546768546,0.0059396387077867,-0.0091346688568592,0.4132514297962188,0.8912110924720764,0.1869918406009674,0.0,-2.2244595319117697,-0.7969913885370753,-0.0568405540401606,0.4876367565419809,1.8707690934076176e-15,2.530298189152437e-16,-2.34170678206776e-22,3.9513820543499363e-22,3.7882796183772225e-30,4.4870436969034855e-31,0.9088066750730543,0.0911170810141394,7.624391280602882e-05,15.363968849182127,-1.112218244512833,-0.1419133164663414,-1.1204373404530612,-0.6637905175076707,0.1270230467362908,0.0744054078149518
1383.0,0.4994457619300815,0.0084937289888098,0.4918524615286392,0.0002080475524691,1.003678965260157e-12,0.9997204736775556,5.79306133036107e-05,0.0002215957091411,0.0041170761854508,0.9743683067257072,0.0215146170888419,2.84913839978012e-06,4.767436473931136e-07,1.4291957832516165e-06,0.1784989782613317,0.8214782999267176,1.796673412026388e-05,0.4993061536929887,0.0082760203326136,0.4040461239113179,0.9847965465317028,0.0023242581148126,clean_balanced_ED_EQ,-1.6430206121826656e-31,1.3081759093109735e-30,-6.765722418714092e-33,-7.413168316300162e-33,1.7264168410460117e-32,9.34132265561184e-33,-2.685452834324048e-24,1.9313747227996557e-24,2.535811352390897e-23,-4.411942734588183e-23,-7.209336479664107e-24,2.2813164629314936e-24,-1.1271833476228768e-39,5.2051968543529054e-39,-8.624876411592929e-40,-2.000584832494719e-39,1.98967606078294e-39,-3.2046150238255914e-39,5.625630938548994e-38,-9.409352367657617e-37,-1.7464175304404498e-36,-1.0193832411567728e-36,-7.94750281082026e-39,-5.125541000048525e-39,3.2042824310837864e-30,-7.577890860530949e-30,2.3787877937520292e-30,-1.8925829704211116e-30,-5.5830704329345605e-30,9.470474039050805e-30,1.4543368962211608e-30,-1.9009135794174553e-30,8.329696691441585e-30,1.4282921936271886e-30,3.614142899897002e-30,3.5291882516684512e-31,-1.3354476850403978e-38,-4.178663524770375e-39,-5.286837798709688e-39,-1.173456414152202e-39,-3.7056954954970515e-39,5.7917436482383255e-39,-0.7213410139083862,-0.6243408918380737,-0.0745845139026641,0.2900295257568359,-0.000649400812108,-0.0045765596441924,0.0057952087372541,-0.0092129241675138,0.4139837920665741,0.8908711671829224,0.1869918406009674,0.0,-2.2260776897860337,-0.787063291131053,-0.0518366466428709,0.4830756455473378,1.868095960748653e-15,2.486416448213252e-16,-2.3168825080616373e-22,3.9661698915953535e-22,3.798475585983992e-30,4.417305195115635e-31,0.9101557741871316,0.0897984379408565,4.578787201192647e-05,15.336379051208496,-1.1094806463180482,-0.1393466702561763,-1.1215227915409367,-0.6546324222844115,0.1248138408000769,0.0717380921459054
1384.0,0.4984522990158007,0.0082170234467735,0.4931252268015395,0.0002054507358862,9.988745065483852e-13,0.9997207362723576,5.47677458518343e-05,0.0002244959817904,0.0044089060242249,0.9639094429624556,0.0316816510133193,2.9376753196832407e-06,5.290652628722499e-07,1.387187676911424e-06,0.1828160891225995,0.8171606137645294,1.844318461153416e-05,0.4983130993687257,0.0079204664933889,0.4029625129959188,0.9893127743120462,0.002433447426715,clean_balanced_ED_EQ,-1.6138596476254011e-31,1.305952225390595e-30,-6.744462314305672e-33,-7.026533517580509e-33,1.7400054177012004e-32,9.27761884406891e-33,-2.7201506571784567e-24,1.9786133112236942e-24,2.446096495554694e-23,-4.3304094986980963e-23,-8.746294546970719e-24,2.1917465330939183e-24,-1.1159346208825708e-39,5.2974415569241476e-39,-8.453426029709237e-40,-2.1362822376708832e-39,1.9612822276817824e-39,-3.161151089480137e-39,5.493764447777698e-38,-9.533777454845024e-37,-1.7501178181398552e-36,-1.006655709117656e-36,-8.097433360432167e-39,-5.1412345961744334e-39,3.1066919145651445e-30,-7.519094557674273e-30,2.4008829843961127e-30,-1.9755395588401213e-30,-5.5075744815587065e-30,9.494634116514395e-30,1.4372653687689211e-30,-1.890775118448149e-30,8.290105522890229e-30,1.3971037301428173e-30,3.4907769762929906e-30,3.388509386039997e-31,-1.3683215737343904e-38,-4.1556208033090936e-39,-5.2717780679377887e-39,-1.1505361349740116e-39,-3.6472356542358004e-39,5.7850195769964446e-39,-0.7270799279212952,-0.6187260746955872,-0.0691874623298645,0.2890633344650268,-0.0007033961592242,-0.004414374474436,0.005755967926234,-0.0092201521620154,0.4147146642208099,0.8905311822891235,0.1869918406009674,0.0,-2.2275109352276603,-0.7771513785004335,-0.0469743394482535,0.4784545158980306,1.865379658371599e-15,2.443146237172239e-16,-2.29194176375406e-22,3.980378143819661e-22,3.807854832660966e-30,4.347284825992454e-31,0.9114871585624024,0.0884626586483449,5.018278925261743e-05,15.308087348937988,-1.1067944264736478,-0.13677459468843,-1.122275515218152,-0.6455251428718564,0.1224187491002225,0.0691500591928478
1385.0,0.4969795429695972,0.0079934222076331,0.4948244570269827,0.0002025777957868,9.947387820962118e-13,0.9997217574945304,5.12986866968016e-05,0.0002269438187726,0.0046738249564213,0.9485316374697796,0.0467945375737991,2.77203132488497e-06,4.760269852177213e-07,1.3468327290466808e-06,0.1882776310557201,0.8116989330357756,1.8841017465252424e-05,0.4968412621363942,0.0075820138555935,0.4016484838088088,0.9956636324913152,0.0025600140575948,clean_balanced_ED_EQ,-1.5846097951519051e-31,1.3035178097101811e-30,-6.693137763098056e-33,-6.609026993057954e-33,1.751175597188651e-32,9.206487106950595e-33,-2.741682376656245e-24,2.0337338425557983e-24,2.3616972117027842e-23,-4.251048210762462e-23,-1.0587635120049797e-23,2.1380545329802323e-24,-1.1910023419686129e-39,5.132013203866589e-39,-7.85520760519315e-40,-2.036998578835411e-39,1.976516666837279e-39,-3.09500734990874e-39,5.329138281952365e-38,-9.694130593684543e-37,-1.7535997043423208e-36,-9.942908741418554e-37,-8.266968030441722e-39,-5.0974269906859714e-39,3.0030609831206796e-30,-7.46529548687907e-30,2.4290569919242306e-30,-2.0501349934220944e-30,-5.432119021570472e-30,9.515430689606277e-30,1.4175555014140422e-30,-1.8936612124366463e-30,8.247367387851963e-30,1.3716917279874636e-30,3.339091968706166e-30,3.344913371794433e-31,-1.405760617156812e-38,-4.113822527149518e-39,-5.2533134000081504e-39,-1.131803964358358e-39,-3.593306370297068e-39,5.7800690447678586e-39,-0.7326287031173706,-0.6130867004394531,-0.063985139131546,0.2881773710250854,-0.0007340083830058,-0.0042519867420196,0.0057328180409967,-0.0092393774539232,0.4154443740844726,0.8901909589767456,0.1869918406009674,0.0,-2.228691086049557,-0.7672951964111713,-0.0423146782711856,0.4740157901156493,1.8626211434810973e-15,2.398795625650775e-16,-2.2673991641433346e-22,3.993768784692228e-22,3.817080100571687e-30,4.270787566549588e-31,0.9126387370467368,0.0872585264990402,0.0001027364542229,15.28650951385498,-1.1039336194436544,-0.1341987054980739,-1.1228850470671257,-0.6366757203736637,0.1200884716863669,0.0667159238564535
1386.0,0.4955719139667245,0.0077989505652611,0.496428948111294,0.0002001873567204,9.907446864286425e-13,0.999724089658068,4.7337114930690525e-05,0.0002285732270012,0.0046545176367605,0.9316195628338492,0.06372591952939,2.798362854231444e-06,5.184457964496894e-07,1.3218695060604425e-06,0.1933974012618922,0.8065809281461465,1.7031913804488496e-05,0.4954351805504901,0.0072656549161713,0.4004101217262227,0.9982736015942862,0.0026847453325043,clean_balanced_ED_EQ,-1.557803096988917e-31,1.301218176959426e-30,-6.580347777216876e-33,-6.166030936863159e-33,1.7572448039001052e-32,9.158458207956002e-33,-2.6884748583130634e-24,2.0203146937889142e-24,2.275283652400006e-23,-4.1784709662606994e-23,-1.2268612828543178e-23,2.0791041054336928e-24,-1.064695385749122e-39,5.194768368649353e-39,-8.738416276502377e-40,-2.108548025701816e-39,1.9385411559846874e-39,-3.0862260043136056e-39,5.166675299826018e-38,-9.843790438957133e-37,-1.7574482615181302e-36,-9.817421119081276e-37,-7.939856112994993e-39,-4.74666280116018e-39,2.9063956098141988e-30,-7.414655026440493e-30,2.452208795001234e-30,-2.1265819378841763e-30,-5.358602095802588e-30,9.541237384145188e-30,1.394239051114483e-30,-1.901354527721458e-30,8.217561765559386e-30,1.3468887544425863e-30,3.1982838009778354e-30,3.2585209082452833e-31,-1.441371087662807e-38,-4.082823762951638e-39,-5.2485337008035535e-39,-1.113599275761924e-39,-3.5308776225409115e-39,5.7882022888231545e-39,-0.7381871342658997,-0.6074827313423157,-0.0587120503187179,0.2871330082416534,-0.0006387370522134,-0.0040501686744391,0.0055635976605117,-0.00929297786206,0.4161727130413055,0.8898506164550781,0.1869918406009674,0.0,-2.2299837820625075,-0.7576421761447907,-0.0376511430687319,0.469299808784578,1.8599534858840866e-15,2.358455017168038e-16,-2.2426858723312053e-22,4.007387382031754e-22,3.826673662699734e-30,4.209091111718015e-31,0.9139723259261348,0.0860097823310019,1.7891742863374027e-05,15.268780708312988,-1.1011910042545685,-0.1318332918475356,-1.123726104284905,-0.6277335515265605,0.1179530620129966,0.0642284404787584
1387.0,0.4936796046861571,0.0076527798527647,0.4984700354864851,0.000197579974593,9.873558414745842e-13,0.9997239637520868,4.41400600243317e-05,0.0002318961878889,0.0044091761424999,0.9087921675457348,0.0867986563117654,2.655136917308884e-06,4.839046193050346e-07,1.281528072966138e-06,0.1997337862994159,0.8002453334596958,1.6459671278735268e-05,0.4935433312204083,0.0069547863901444,0.3988983197675487,0.9903897316602938,0.0028191124291134,clean_balanced_ED_EQ,-1.5297712572020274e-31,1.2986724329385065e-30,-6.547792012115326e-33,-5.7117990041563416e-33,1.7711276976171862e-32,9.107772837264068e-33,-2.6086638922239798e-24,1.924012533743067e-24,2.1918195938322e-23,-4.105143937390737e-23,-1.4229781352407198e-23,2.0862052970683204e-24,-1.0962635169596434e-39,5.0608348501540484e-39,-8.550947115020982e-40,-2.0385523494947537e-39,1.9513561854414695e-39,-3.0222798334871086e-39,4.953712431909619e-38,-1.0030390618272986e-36,-1.7609208243000284e-36,-9.695043559578041e-37,-7.885670804782372e-39,-4.574725546650896e-39,2.8069343185568483e-30,-7.363391384551653e-30,2.478433929873793e-30,-2.1980004019558677e-30,-5.2853686694640735e-30,9.561393049607817e-30,1.3717031340453941e-30,-1.901193725922648e-30,8.187361390165088e-30,1.3148536211408388e-30,3.0511663393820156e-30,3.172150085636785e-31,-1.478491045174195e-38,-4.04657908530505e-39,-5.2439777317337916e-39,-1.0898549581534694e-39,-3.4713079736326985e-39,5.7747263730551384e-39,-0.7435399293899536,-0.6018866896629333,-0.0536722540855407,0.2861813306808471,-0.0009029771317727,-0.0040792720392346,0.0056793256662786,-0.0090685859322547,0.4168995320796966,0.889510452747345,0.1869918406009674,0.0,-2.2308739151856765,-0.7480268619062441,-0.03309253030627,0.4648479160090227,1.8570276125575365e-15,2.316222956556997e-16,-2.2184880217502424e-22,4.020091422970324e-22,3.8343725224970396e-30,4.139915829395887e-31,0.915136669618692,0.0848949588797175,3.162849840965265e-05,15.25889015197754,-1.0982442156690897,-0.1293676828665316,-1.1243235022520308,-0.6190150731918177,0.1157995812927336,0.0618277446798377
1388.0,0.4918599941439542,0.0075366301170926,0.5004083814748431,0.0001949942641099,9.840526050883849e-13,0.9997249144314362,4.1071878255580186e-05,0.0002340136903082,0.0045622677053426,0.8821238587447165,0.1133138735499408,2.6764885199782435e-06,5.038761460741472e-07,1.2762993650303156e-06,0.2059982881557593,0.793980185686056,1.706949415345693e-05,0.4917246905578112,0.0066482412408214,0.3973143396422547,0.9829171779543452,0.002960463614383,mixed_higher_order,-1.5029738651547346e-31,1.2962500801954004e-30,-6.544598543871076e-33,-5.208346112049238e-33,1.7802683654624108e-32,9.036877396905302e-33,-2.630128257868406e-24,1.9452948159536536e-24,2.114082186995986e-23,-4.027741793456177e-23,-1.617491109817755e-23,2.0429094088873273e-24,-1.0333901603600195e-39,5.1081406368249776e-39,-9.016192635088226e-40,-2.073744449870753e-39,1.9350212943560916e-39,-3.0343984595040056e-39,4.804887473326211e-38,-1.0212376088373392e-36,-1.764197876306068e-36,-9.572146596225316e-37,-8.08672022536468e-39,-4.6060328918474415e-39,2.7012751053877123e-30,-7.310119486651363e-30,2.5098115863674987e-30,-2.2694706373945692e-30,-5.211086480630724e-30,9.579592024166313e-30,1.359569174110424e-30,-1.9019542090234378e-30,8.15786030620533e-30,1.2876466619191057e-30,2.8931040808946784e-30,3.1907792622659464e-31,-1.5167203833860031e-38,-4.004445670482655e-39,-5.2372320081912513e-39,-1.0704956271567467e-39,-3.4171918504495306e-39,5.7736967406865525e-39,-0.7488820552825928,-0.596186637878418,-0.0485085994005203,0.2849454879760742,-0.0010506609687581,-0.0039745233952999,0.0057254158891737,-0.0090145813301205,0.417625218629837,0.8891699910163879,0.1869918406009674,0.0,-2.2318779855682744,-0.7383228375153879,-0.0286905959253148,0.4601264687870811,1.854335933828359e-15,2.275425541439778e-16,-2.1935995999115643e-22,4.0327318628076323e-22,3.843760954422185e-30,4.068715950097224e-31,0.9162797406337432,0.0836610583973845,5.9200968872130666e-05,15.249197006225586,-1.0954059459103496,-0.1270099445772206,-1.1247933615498202,-0.610287943989569,0.1135343338748891,0.0595919314508485
1389.0,0.4894888533046333,0.0074741300242438,0.5028449103455538,0.000192106325569,9.814166175158214e-13,0.9997264981429902,3.737880775469056e-05,0.0002361230492551,0.0046566488966936,0.8482560898973401,0.1470872612059661,2.5205376278904617e-06,4.870401026530171e-07,1.2116919645016875e-06,0.2135830062355933,0.7863962774513369,1.6497043374745136e-05,0.4893549771942689,0.0063399763097493,0.3954353656310947,0.9734390131705972,0.0031186156652896,mixed_higher_order,-1.4741821230939962e-31,1.2935422325334262e-30,-6.424046289165974e-33,-4.701641163370219e-33,1.7875592465875716e-32,8.988736889456332e-33,-2.6392470011632862e-24,1.966997511680965e-24,2.034267825576073e-23,-3.949464860482529e-23,-1.8392771865866276e-23,1.98402814687164e-24,-9.595804738379692e-40,4.9824005155013814e-39,-9.411962065311059e-40,-2.022088689738133e-39,1.900772917826297e-39,-2.9603119171871925e-39,4.607685300273659e-38,-1.0433885506749614e-36,-1.7673306739460567e-36,-9.448390573623569e-37,-8.000159185090197e-39,-4.4998844945173133e-39,2.6030233224811293e-30,-7.252383022597181e-30,2.5313009038275005e-30,-2.3473474111413423e-30,-5.134326131910783e-30,9.599728316402799e-30,1.3427687947986556e-30,-1.903226926306686e-30,8.117977816274013e-30,1.2628557804888209e-30,2.7275144055687163e-30,3.029401380865039e-31,-1.5575612948852598e-38,-3.974837613457222e-39,-5.22007064296096e-39,-1.055236235636082e-39,-3.3561487728891754e-39,5.7758097206529637e-39,-0.7542396187782288,-0.5903303027153015,-0.0435079634189605,0.283850759267807,-0.0010057447943836,-0.0037787994369864,0.0056293001398444,-0.0090536326169967,0.4183496236801147,0.8888292908668518,0.1869918406009674,0.0,-2.2326568765078605,-0.7285234556632043,-0.0242196855203228,0.4555592989626284,1.8513915124004253e-15,2.232637559463502e-16,-2.168782934706224e-22,4.0450993241685692e-22,3.8515162377920244e-30,3.998769461185388e-31,0.917382559686444,0.0825778537014041,3.958661215197612e-05,15.248441696166992,-1.0923306769831145,-0.1244871884361965,-1.1251688633742891,-0.6015306042702038,0.1112477072761236,0.0573008343093029
1390.0,0.4871451209617581,0.0074546469539815,0.5052104518464693,0.0001897802377909,9.78965872028292e-13,0.9997258040551188,3.465612719313648e-05,0.0002395398176878,0.0046783420519445,0.8121259865180377,0.1831956714300179,2.4504957271356883e-06,4.707494865873297e-07,1.1899735194055937e-06,0.2209620580972598,0.7790175145134549,1.631617055221089e-05,0.4870115477450218,0.0060541125116459,0.3935677905036561,0.9642419692255276,0.0032781269348236,mixed_higher_order,-1.4479065394582716e-31,1.2909457289096437e-30,-6.421021372310873e-33,-4.1555889731190185e-33,1.8014345454985236e-32,8.934143214682397e-33,-2.6220625150863134e-24,1.996422003220941e-24,1.956705137193965e-23,-3.876216653628204e-23,-2.0538535996990327e-23,1.860869186549181e-24,-9.284944817538236e-40,4.9326557799282204e-39,-9.518365544176154e-40,-1.983359552890348e-39,1.880318812444168e-39,-2.949296223560998e-39,4.545286566265172e-38,-1.064788076612407e-36,-1.7704930965248622e-36,-9.326509815027663e-37,-8.062572569111677e-39,-4.343619229426323e-39,2.508279020972477e-30,-7.199822312587664e-30,2.551520323416709e-30,-2.420361183154892e-30,-5.0598010431409886e-30,9.620184345118456e-30,1.3256736303727977e-30,-1.9063534997917785e-30,8.102371693374117e-30,1.2414548246051173e-30,2.559660317366253e-30,3.023060485781621e-31,-1.59788295476168e-38,-3.93496935439311e-39,-5.2298145018597926e-39,-1.0381250695977003e-39,-3.29744474263094e-39,5.7618638052619836e-39,-0.7594103813171387,-0.5846282243728638,-0.0385486185550689,0.2826257050037384,-0.0010309234494343,-0.0036367380525916,0.0055813621729612,-0.0090416241437196,0.4190726280212402,0.8884886503219604,0.1869918406009674,0.0,-2.2333839162824103,-0.718997405107131,-0.0199541567014309,0.4509017243021853,1.848576550553683e-15,2.1927840096027607e-16,-2.144265542754017e-22,4.0570080847631297e-22,3.8598951221299e-30,3.929865163966531e-31,0.9185085766524312,0.0814761876922264,1.5235655342338283e-05,15.250818252563477,-1.0893537896415153,-0.1221803860908856,-1.1255609542369114,-0.5929170414562555,0.1091059169970861,0.0550764127404046
1391.0,0.4839891343712589,0.0075184140645153,0.5083055867192084,0.0001868648450173,9.77796145509763e-13,0.9997266852797512,3.164451838667126e-05,0.0002416702018621,0.0047689910239232,0.7655938759922835,0.2296371329837932,2.5132359394605834e-06,4.707419606183771e-07,1.189078189904514e-06,0.2305299628825696,0.7694493786642335,1.6485397106867316e-05,0.4838568530163947,0.0057560517649671,0.3911154178726536,0.952161744857268,0.003457495221702,mixed_higher_order,-1.4200226947933138e-31,1.2881111450797271e-30,-6.35344145111237e-33,-3.576584339597044e-33,1.8100349283498904e-32,8.851442490689841e-33,-2.6551128893900413e-24,2.0335250026629542e-24,1.880344999297349e-23,-3.797366266692177e-23,-2.312728727465613e-23,1.9243158098864262e-24,-1.0327706322489711e-39,5.001111839491441e-39,-8.541041274392409e-40,-2.0383815643326907e-39,1.8868831284703056e-39,-2.9627244209370625e-39,4.299088931782805e-38,-1.0927760596822371e-36,-1.773429965915765e-36,-9.202774394636277e-37,-8.173328727518775e-39,-4.3271521040672054e-39,2.4029184005307143e-30,-7.144052020396863e-30,2.57834406309814e-30,-2.4926364226559217e-30,-4.981263315451641e-30,9.636688230097089e-30,1.3078157704186296e-30,-1.9094376549210896e-30,8.072728815123746e-30,1.2100178897215676e-30,2.3796747121314484e-30,2.963233800905342e-31,-1.641667476994316e-38,-3.8927619082234855e-39,-5.221291860195182e-39,-1.0138427486155724e-39,-3.24766946977828e-39,5.7598722890768e-39,-0.7646347880363464,-0.5786947011947632,-0.0335563719272613,0.2813574969768524,-0.0010852479608729,-0.0034564796369522,0.005541427526623,-0.0090538328513503,0.4197941720485687,0.8881479501724243,0.1869918406009674,0.0,-2.2340211593726007,-0.7091926329248738,-0.0156111053662671,0.4462379970711301,1.8456171927221968e-15,2.1506990583865714e-16,-2.1191904347812375e-22,4.068907322594344e-22,3.86728182481377e-30,3.8565392815603712e-31,0.919567041280902,0.0804007505103332,3.220820876481678e-05,15.270516395568848,-1.0861804249447995,-0.1197412862976505,-1.125807569443347,-0.5842098798646918,0.1068096320569115,0.0528890139665012
1392.0,0.4808253158871406,0.0076252167711512,0.5113651793168164,0.0001842880248917,9.768313272847314e-13,0.9997271528508672,2.8562578489554597e-05,0.0002442845706431,0.0045805482992572,0.7182197826250644,0.2771996690756785,2.535247917495623e-06,5.236867147282104e-07,1.1390680250312494e-06,0.239917204323876,0.76006325465924,1.534301422662826e-05,0.48069412407047,0.0054765815318452,0.3886698825109453,0.9402777806058736,0.0036446079873468,mixed_higher_order,-1.3931222191334566e-31,1.2853643937874482e-30,-6.233709687389205e-33,-2.982990045243924e-33,1.8182886678729e-32,8.82228535933166e-33,-2.6276908505820764e-24,2.0028281196757043e-24,1.803989511073118e-23,-3.723142748909959e-23,-2.563041285727034e-23,1.92017198527056e-24,-8.924999936536109e-40,5.075042121455627e-39,-9.378868050774269e-40,-2.145958306492485e-39,1.8303928210375456e-39,-2.929087173433021e-39,4.1105856746616e-38,-1.120125906526362e-36,-1.7765511661960522e-36,-9.0778890189401e-37,-7.92867192095994e-39,-4.181238142015599e-39,2.288928514274316e-30,-7.095767964979566e-30,2.616154692112172e-30,-2.560158677265592e-30,-4.905083633523966e-30,9.655925360832722e-30,1.29020847679164e-30,-1.9129016659794722e-30,8.052184733755412e-30,1.1813403170455445e-30,2.19849197742024e-30,2.867818114363021e-31,-1.6858870372245842e-38,-3.8569162801523554e-39,-5.223178436344998e-39,-9.919613146553849e-40,-3.1810262620608885e-39,5.7575153514376646e-39,-0.7698460221290588,-0.5727474689483643,-0.028539553284645,0.2799803018569946,-0.0010678926482796,-0.003329423489049,0.0054548252373933,-0.0090324319899082,0.4205146133899688,0.8878071308135986,0.1869918406009674,0.0,-2.234739643615109,-0.6994440066469646,-0.0113595882126629,0.4414202601638752,1.842806579835948e-15,2.1103530769184903e-16,-2.0938998531400896e-22,4.080800483453991e-22,3.875677506001624e-30,3.788095014520883e-31,0.9207147864301704,0.0793148154756437,2.960190581413613e-05,15.293656349182127,-1.0830856299450808,-0.11738855250647,-1.126169163207862,-0.5754542213407562,0.104646694186861,0.0507048886956708
1393.0,0.4767738714493244,0.007857196766201,0.5151875937362749,0.0001813380481994,9.77153279237242e-13,0.9997267928852496,2.6168392219272276e-05,0.0002470387225311,0.0045210597584413,0.6603471752433164,0.3351317649982423,2.4585319032824423e-06,4.930916853423687e-07,1.100612229887526e-06,0.2514321079166523,0.7485481942731356,1.5645574393602065e-05,0.4766436134355172,0.0051884776898917,0.3856427430032103,0.9254374081325132,0.0038686617624647,mixed_higher_order,-1.364100232171875e-31,1.2822606705470666e-30,-6.209541170767249e-33,-2.2285186719989922e-33,1.8281788151578722e-32,8.7558264865186e-33,-2.655175755573163e-24,2.021816666862029e-24,1.7289873229170044e-23,-3.6439481406602186e-23,-2.8676671421160814e-23,1.8030041326554328e-24,-9.302476733671007e-40,5.0196464255312965e-39,-8.675459736757675e-40,-2.115299365663068e-39,1.7977875583143787e-39,-2.9043490080614744e-39,4.0131433681750684e-38,-1.1537201962468146e-36,-1.7794373321654163e-36,-8.950855220769847e-37,-8.075329334639616e-39,-4.2090665559938335e-39,2.1850795351675923e-30,-7.038468886565086e-30,2.6365276137897883e-30,-2.6352459420953007e-30,-4.821609504971525e-30,9.673716970491429e-30,1.2719953302140264e-30,-1.9117050026969033e-30,8.034135028388393e-30,1.1602266617587508e-30,1.9772326099086266e-30,2.8413637671554704e-31,-1.7370792235040927e-38,-3.811623231337558e-39,-5.229476558409245e-39,-9.794536355646056e-40,-3.124278004055213e-39,5.753195304253515e-39,-0.7751110196113586,-0.5664770007133484,-0.0235258489847183,0.2785933017730713,-0.0011747634271159,-0.0031821937300264,0.0054801823571324,-0.0089753316715359,0.4212336540222168,0.8874661326408386,0.1869918406009674,0.0,-2.235363592853073,-0.6893334346929827,-0.0070587294655974,0.4366436517770987,1.8398786619235546e-15,2.0666512600758583e-16,-2.06798374107764e-22,4.0926237135710447e-22,3.883909778866141e-30,3.707557667308915e-31,0.921704791486196,0.0782782823405548,1.6926173249220966e-05,15.333013534545898,-1.0796946992276133,-0.1148605602371604,-1.1263797824866026,-0.5665870988764096,0.1023472391905224,0.0485619092987163
1394.0,0.4724909068950769,0.008172129506052,0.5191583177050096,0.0001786458938613,9.779744568856765e-13,0.9997261682193984,2.419257961678264e-05,0.0002496392009848,0.0042661651039301,0.6026926546359825,0.3930411802600873,2.2413476565891628e-06,4.400968462373274e-07,1.07135536194047e-06,0.2632449896427132,0.7367360970138378,1.5160543584276442e-05,0.4723615238687237,0.0049252824260315,0.3824826727182587,0.9101094806373696,0.0040927823932805,mixed_higher_order,-1.3367228189949062e-31,1.2791087733774577e-30,-6.1433033057633606e-33,-1.5116248675949168e-33,1.8371253806763827e-32,8.689663739773108e-33,-2.624484511477946e-24,2.0208248301079983e-24,1.6581921507413745e-23,-3.5707628759850175e-23,-3.1746449569179537e-23,1.726169947112544e-24,-9.559850871352154e-40,4.8117191615547384e-39,-9.05315314386679e-40,-1.9763500310488225e-39,1.8612979320227133e-39,-2.8353634054220278e-39,3.905874834411996e-38,-1.1881816154450665e-36,-1.7818470369864216e-36,-8.833945486587942e-37,-8.070602033494286e-39,-4.0322222215231554e-39,2.087518637568545e-30,-6.987109188476256e-30,2.6567296406996333e-30,-2.7034215284304218e-30,-4.744248922664559e-30,9.690530716906678e-30,1.2537423233057862e-30,-1.904645388771024e-30,8.0233518382818e-30,1.1347941620398456e-30,1.7662159435318214e-30,2.8010621863810093e-31,-1.786295754281281e-38,-3.7702779674550304e-39,-5.2422628734459606e-39,-9.59293438767982e-40,-3.0719719818164415e-39,5.749029355942704e-39,-0.7798628807067871,-0.560697615146637,-0.0190282762050628,0.2774389982223511,-0.0012443225132301,-0.0030638854950666,0.0054562962613999,-0.0089423414319753,0.4219514429569244,0.8871250748634338,0.1869918406009674,0.0,-2.235387973577991,-0.6799729466805879,-0.0031732933425633,0.4323110828475279,1.836780154319679e-15,2.025478840097849e-16,-2.0442236678337222e-22,4.1025905920031774e-22,3.889867227671108e-30,3.6339316167165403e-31,0.9225788640682584,0.077444209669136,2.30737373945189e-05,15.38051700592041,-1.0762680990246387,-0.1124745727076613,-1.1262874722887808,-0.5583847505369135,0.1002197460750342,0.046540081787165
1395.0,0.4672670013211908,0.0086228326151676,0.5239342597707562,0.0001759062928851,9.804886911993757e-13,0.9997250140379488,2.2428533014264866e-05,0.0002525574290369,0.0039402469632857,0.5406411882367207,0.4554185647999935,2.567635966254981e-06,5.501155258567003e-07,1.0956255312038083e-06,0.2769919020354124,0.7229894577569234,1.4426830640780454e-05,0.4671385094552977,0.0046618584710305,0.378798946371934,0.8918428077706546,0.0043506473744892,mixed_higher_order,-1.3094544680640035e-31,1.275722584068811e-30,-6.031966253246613e-33,-7.154208163811481e-34,1.845945829466152e-32,8.644208468894291e-33,-2.6165724186083112e-24,1.9758958441137544e-24,1.5850268939317392e-23,-3.498372015562538e-23,-3.519919452102156e-23,1.893676370374264e-24,-8.783360151811583e-40,5.2195830050796025e-39,-9.24032292680852e-40,-2.2690272010479558e-39,1.802381490146556e-39,-2.950561011609685e-39,3.501244284303129e-38,-1.22878227155969e-36,-1.7849732411522058e-36,-8.707157016045446e-37,-7.93237370395005e-39,-3.9728010333762145e-39,1.965832976396032e-30,-6.936116775706358e-30,2.6982712856114632e-30,-2.7685489700876493e-30,-4.6641064161655894e-30,9.704662299141056e-30,1.245428009707081e-30,-1.915502580450478e-30,8.020395880502366e-30,1.1027400242420778e-30,1.5329714945108362e-30,2.8178800520935965e-31,-1.841210217548486e-38,-3.713834466420709e-39,-5.2614946124805404e-39,-9.351653879434416e-40,-3.0084882055488726e-39,5.744195747437992e-39,-0.7850286364555359,-0.5543898344039917,-0.0140154957771301,0.2759742736816406,-0.0013266627211123,-0.0029565310105681,0.0054416460916399,-0.0088601540774106,0.4226679503917694,0.8867838978767395,0.1869918406009674,0.0,-2.2358601913372187,-0.669993618401788,0.001193299745649,0.4274333452577373,1.8336663937045728e-15,1.9837441401522342e-16,-2.018290354144213e-22,4.114278996824205e-22,3.896990442366663e-30,3.5630562833671797e-31,0.9236285496553152,0.0764663476984499,9.4897353765111e-05,15.453909873962402,-1.07264941466384,-0.1101011760893967,-1.1266465119708189,-0.5495818007320676,0.0981175834996576,0.0444546800405224
1396.0,0.4615132401145813,0.009211285241233,0.5291023970387639,0.0001730776054217,9.840698687251949e-13,0.9997226426546274,2.1739189913846903e-05,0.0002556181554586,0.003763601982278,0.4782711963000328,0.5179652017176891,2.459359478709915e-06,5.195170433738416e-07,1.0617204569528793e-06,0.2918750562930067,0.7081069625885753,1.3940521438771189e-05,0.4613852360274488,0.0044054924117853,0.3746610912654535,0.8722569443977952,0.0046332658267809,mixed_higher_order,-1.2817581680295843e-31,1.2722198328682758e-30,-5.959431774535241e-33,1.949564987195344e-34,1.8552825266079236e-32,8.592859649728083e-33,-2.6302119820551177e-24,2.03053620761146e-24,1.5161919182450472e-23,-3.4251958781340094e-23,-3.8933798465892457e-23,1.9204542404758944e-24,-9.066811411371272e-40,5.1471258180934074e-39,-9.002524993593517e-40,-2.22701197937475e-39,1.806926752299165e-39,-2.9201124348075986e-39,3.31107382403063e-38,-1.2726997681432349e-36,-1.7874430782160698e-36,-8.58694625390457e-37,-7.905105550300548e-39,-3.8632611892645646e-39,1.862185887404173e-30,-6.877600231595211e-30,2.720809958251639e-30,-2.8429602054064633e-30,-4.5829964937582736e-30,9.72055957286506e-30,1.2319783997239348e-30,-1.9177779561464925e-30,8.021126903679763e-30,1.0675612864541383e-30,1.281733009602203e-30,2.719483292514466e-31,-1.8988043550233675e-38,-3.674752594775982e-39,-5.287286149280107e-39,-9.045510791430111e-40,-2.9502028759245415e-39,5.7378128491037656e-39,-0.789821445941925,-0.5483026504516602,-0.0094057321548461,0.2746293544769287,-0.0012567579979076,-0.0027277146000415,0.0052767996676266,-0.0089098587632179,0.423382967710495,0.8864427804946899,0.1869918406009674,0.0,-2.2358954748531548,-0.6603901084697938,0.0051318812498163,0.4228796744800829,1.8305370789289364e-15,1.9424086163665388e-16,-1.993606791950124e-22,4.1243857101017072e-22,3.9032731415161796e-30,3.4902915392353594e-31,0.9244627328297133,0.075616980335696,7.971316540933415e-05,15.541132926940918,-1.068937977633767,-0.1076952228342573,-1.1265896723108897,-0.5412180720178524,0.0959964240131322,0.0424936288164718
1397.0,0.4544748474207155,0.0100164932362122,0.5353387195272877,0.0001699398157845,9.898937869661592e-13,0.999719135288903,2.2012243017512847e-05,0.0002588524680794,0.0034755595413934,0.4136389529732158,0.5828854874853908,2.381449417301553e-06,5.166141858962113e-07,1.0239729412855071e-06,0.3094597001067808,0.6905225319667897,1.3845889884939958e-05,0.4543472014739938,0.0041432117746901,0.3696634480678418,0.8489482095037394,0.0049635788625228,mixed_higher_order,-1.2518679810183498e-31,1.2682801596253262e-30,-5.8556648734077726e-33,1.213942767008513e-33,1.8644601933827263e-32,8.539715723331907e-33,-2.6461684792823592e-24,2.045182484662744e-24,1.4482123742340034e-23,-3.348780423057754e-23,-4.326731225059361e-23,1.9417981935096223e-24,-8.448493029037076e-40,5.130490516739233e-39,-9.461682826590808e-40,-2.2292808124552278e-39,1.7910117991885567e-39,-2.9012166446047888e-39,3.043680519852795e-38,-1.325014579562783e-36,-1.789703928638592e-36,-8.465114803886042e-37,-7.98543095054663e-39,-3.8505186075776624e-39,1.7484583554729756e-30,-6.819652410281404e-30,2.7482412430724365e-30,-2.9150837562187453e-30,-4.496701765083694e-30,9.734735733192493e-30,1.2048351198246572e-30,-1.9175800668905197e-30,8.021303802102658e-30,1.0507762658032768e-30,9.974819156185048e-31,2.7923211976227237e-31,-1.9637809994184371e-38,-3.606367298137831e-39,-5.3082503381420185e-39,-8.951283343197608e-40,-2.8959605929965936e-39,5.7309734518639336e-39,-0.7946358323097229,-0.5419099926948547,-0.0048286318778991,0.2733951807022095,-0.0013218556996434,-0.0025788669008761,0.0052921921014785,-0.0088724261149764,0.4240968525409698,0.886101484298706,0.1869918406009674,0.0,-2.235752489394562,-0.650405456351101,0.0091415391487069,0.4184863534951907,1.827200816816176e-15,1.8965729442980966e-16,-1.9684813196668776e-22,4.134305196525042e-22,3.9088871679427445e-30,3.402070314664341e-31,0.9251209440300866,0.0748749677594107,4.088210502684042e-06,15.66025161743164,-1.0648650084439073,-0.10510851234727,-1.1264003091604256,-0.5327757166756059,0.0937875793503079,0.040559342747396
1398.0,0.4464248528945279,0.0110376786801878,0.54237056018471,0.0001669082405743,9.97858783781688e-13,0.9997143635050552,2.3700954336442283e-05,0.0002619355406083,0.0031575382022707,0.3517017491968467,0.6451407126008827,2.5022384995105385e-06,5.252069544877029e-07,1.0490326575759782e-06,0.3288654828756311,0.6711168416072536,1.3599039003532674e-05,0.4462973376642909,0.0038819708988948,0.3639940173319194,0.823099345109169,0.0053411720801467,mixed_higher_order,-1.2209986899363667e-31,1.2641077296971587e-30,-5.757916144892944e-33,2.2547819115523448e-33,1.8721625295866e-32,8.490653203233633e-33,-2.6546705200718293e-24,2.067045725161933e-24,1.377548860666076e-23,-3.2727765559804694e-23,-4.804897183443352e-23,2.0401869498879083e-24,-9.192845616970272e-40,5.3189685736456417e-39,-8.681330063398705e-40,-2.315588135319945e-39,1.7874117260530207e-39,-3.003378504701653e-39,2.707451855062536e-38,-1.3834562157462936e-36,-1.7922476234367602e-36,-8.337568461872096e-37,-8.029729045656015e-39,-3.8338319835435466e-39,1.6217111204538122e-30,-6.763128119768934e-30,2.7859739766838023e-30,-2.987097469269252e-30,-4.407685097137615e-30,9.750224719938849e-30,1.1924329730981945e-30,-1.9205435407524077e-30,8.035400469075411e-30,1.0132643420970085e-30,6.870753905487344e-31,2.774191162398156e-31,-2.0346858608550645e-38,-3.549787696680587e-39,-5.349709143399156e-39,-8.644110570505744e-40,-2.833330638227221e-39,5.728086750867034e-39,-0.7996280789375305,-0.5352339148521423,-3.427267074584961e-05,0.2720111012458801,-0.0013682913267984,-0.002413663547486,0.0052419649437069,-0.008812385611236,0.4248094260692596,0.8857600688934326,0.1869918406009674,0.0,-2.235788005458359,-0.640100265566819,0.0133388721009128,0.413850939459113,1.823863229857657e-15,1.850138710673793e-16,-1.942283908668804e-22,4.1449106599135515e-22,3.9151166563075064e-30,3.3167818697378038e-31,0.9258881062261514,0.0740951767122445,1.671706160411013e-05,15.811931610107422,-1.060602580264688,-0.1024433543616219,-1.1263880962057424,-0.5239977860171243,0.0915934135831376,0.0385527091042633
1399.0,0.4368662563613267,0.0123683952799511,0.5506016625328962,0.0001636858258258,1.0089333612346489e-12,0.999705793671544,2.805686692252195e-05,0.0002661494615335,0.0028627789087914,0.2930363384920791,0.7041008825991295,2.570231909331341e-06,5.648890637672786e-07,1.016614230260691e-06,0.3510446793056929,0.6489377072188256,1.3461740278205567e-05,0.4367377275440163,0.0036243892658595,0.3573061804749712,0.7934343211962709,0.0057803987723971,mixed_higher_order,-1.1892550214265419e-31,1.2594735969934602e-30,-5.649962992677964e-33,3.60469415883653e-33,1.8832063627715807e-32,8.451559667748998e-33,-2.687785924659936e-24,2.106495446503529e-24,1.312548539313201e-23,-3.195940803009178e-23,-5.351438100190517e-23,2.0886876246233576e-24,-8.863594877336357e-40,5.4832540771898314e-39,-8.600129395269415e-40,-2.457846245918765e-39,1.7463699562750804e-39,-3.025407919584495e-39,2.434790881107196e-38,-1.4513045104497138e-36,-1.7944101571035085e-36,-8.214896205883952e-37,-8.126843020556593e-39,-3.840343489201967e-39,1.4944033264155012e-30,-6.706367358206554e-30,2.8224216770832484e-30,-3.0557204785255494e-30,-4.3168263108818016e-30,9.762088054629278e-30,1.1776575331984629e-30,-1.9138558248431703e-30,8.057324180322371e-30,9.866399354639512e-31,3.3700135121877653e-31,2.80198989474091e-31,-2.1133793938463614e-38,-3.4831243075886416e-39,-5.3944632646047925e-39,-8.451510339644666e-40,-2.7736306975718305e-39,5.7174549898921725e-39,-0.8044303059577942,-0.5285604000091553,0.0044965147972106,0.2707905769348144,-0.0013955853646621,-0.0022162303794175,0.0051843095570802,-0.0087999906390905,0.425520658493042,0.885418713092804,0.1869918406009674,0.0,-2.2354542072488286,-0.6298866110500937,0.0174216389903406,0.4095065757290418,1.8203069393520915e-15,1.8020297325170371e-16,-1.916754050253832e-22,4.154633187724956e-22,3.919922354268956e-30,3.2239161451292262e-31,0.9264910729367932,0.0734520721028429,5.685496036378357e-05,16.008987426757812,-1.0559591479712396,-0.099708697518064,-1.1261355581012378,-0.5155502874821961,0.0893791196835128,0.0367073235133878
1400.0,0.4253235648552254,0.0140951437008292,0.5604209782217613,0.0001603132221838,1.024434310429744e-12,0.9996957586991788,3.4709890309470234e-05,0.0002695314105117,0.0024024146898287,0.239464212572533,0.7581333727376381,2.671889672622181e-06,5.785583646857758e-07,1.0276585612424465e-06,0.3765743971790011,0.6234088704162443,1.2454298156035446e-05,0.425194163860584,0.0033752824874157,0.3493714089907949,0.7589358382064756,0.0062979028441539,mixed_higher_order,-1.1545559957273234e-31,1.2542936322852134e-30,-5.513443065560326e-33,4.968783573674512e-33,1.8889014112904514e-32,8.424316679469885e-33,-2.6732277680733454e-24,2.0518492404224573e-24,1.2443641200823745e-23,-3.125867715383166e-23,-5.982335532095255e-23,2.2064037945859142e-24,-8.977906342516883e-40,5.699283311201409e-39,-8.154241855962912e-40,-2.557944280275543e-39,1.7132141346375308e-39,-3.1413417476057145e-39,2.076488056802863e-38,-1.5314546666333017e-36,-1.7968572191968636e-36,-8.091278837286721e-37,-7.9568218215679e-39,-3.7775924637120704e-39,1.3469162056934894e-30,-6.657021859486559e-30,2.8771574209330035e-30,-3.1182130173437532e-30,-4.224071004376268e-30,9.775234002746904e-30,1.1591883287596804e-30,-1.921412333224921e-30,8.085236562981432e-30,9.5022525098498e-31,-5.043570526031814e-32,2.7519882398298173e-31,-2.2012414183982627e-38,-3.4188145608607387e-39,-5.4457625428924654e-39,-8.166386729197348e-40,-2.7106048430797674e-39,5.7172820326375914e-39,-0.8092078566551208,-0.5217571258544922,0.0089597553014755,0.2698034048080444,-0.0014847975689917,-0.0020814363379031,0.0051768119446933,-0.0086718015372753,0.426230639219284,0.8850770592689514,0.1869918406009674,0.0,-2.234956284845272,-0.6194966676231138,0.021649072778441,0.4054492630111603,1.8164890041537785e-15,1.750129831836534e-16,-1.8913923128575757e-22,4.1643287325084323e-22,3.9233460768811046e-30,3.123753345241644e-31,0.9270543906533646,0.0729761539848884,3.05446382529162e-05,16.273340225219727,-1.0508650433364182,-0.0967303432987872,-1.1260609011917055,-0.5070671526912361,0.0873569817140308,0.0347755898781875
1401.0,0.4122664294142359,0.0162332744925875,0.5713432945001763,0.0001570015930004,1.0439791623924737e-12,0.9996792319920867,4.609462716613507e-05,0.0002746733807469,0.0020606774501623,0.1922696752292574,0.8056696473205801,2.758206901965181e-06,6.526935961299481e-07,9.964051547214575e-07,0.4044440932429727,0.5955392521545508,1.224729682358896e-05,0.4121341875329432,0.0031211664145972,0.3402573583301523,0.7215739352903331,0.0069047561642725,mixed_higher_order,-1.1204003294685474e-31,1.24864718000632e-30,-5.3456762008112196e-33,6.625153663387564e-33,1.8999823407080652e-32,8.416762848091038e-33,-2.6954552418021772e-24,2.0493182481724457e-24,1.1789728024392063e-23,-3.050821403255497e-23,-6.690379337814195e-23,2.5420760352113795e-24,-7.955652376454138e-40,5.934787718177171e-39,-9.11604535253894e-40,-2.766497126318601e-39,1.7071835439720857e-39,-3.168287712670442e-39,1.3799698603335322e-38,-1.6212788507090558e-36,-1.798868673416784e-36,-7.96777382216137e-37,-8.055164728400057e-39,-3.8362971863958403e-39,1.1998687637614534e-30,-6.596841517797109e-30,2.925455531924324e-30,-3.1906198390688814e-30,-4.125324076539911e-30,9.787462014303589e-30,1.1339043238895026e-30,-1.915185197581507e-30,8.133541861461975e-30,9.109510717751795e-31,-4.899212941005151e-31,3.0040033274572637e-31,-2.2994833090839955e-38,-3.3098254035092096e-39,-5.5216437006656536e-39,-7.851257194845906e-40,-2.6447588897520333e-39,5.705028717547735e-39,-0.8138620257377625,-0.5147818922996521,0.0133992284536361,0.2688114941120147,-0.0016307497862726,-0.0019329348579049,0.0052068131044507,-0.0085813282057642,0.4269393682479858,0.8847354650497437,0.1869918406009674,0.0,-2.2342512940705017,-0.6089697211451633,0.0257804989196593,0.4014379414497238,1.8125860872636983e-15,1.6967032378998114e-16,-1.8658262683355263e-22,4.173474012769149e-22,3.9271971957687694e-30,3.017510790615073e-31,0.9273781891596152,0.0725399087863662,8.190205401870099e-05,16.597875595092773,-1.0453876598436036,-0.0938017317674316,-1.125712711148787,-0.4986147351228827,0.0851988455640046,0.0329246155189529
1402.0,0.3954623087614624,0.0191616382210835,0.5852225416774564,0.0001535113399977,1.0728836353447448e-12,0.9996552687417048,6.563175966392887e-05,0.0002790994986313,0.0016894663486807,0.1495400194059331,0.8487705142453861,2.5751504457182954e-06,5.927115485309445e-07,9.497520486763008e-07,0.4382493381361388,0.561735540737241,1.1003512577320748e-05,0.3953259805421547,0.0028654317514303,0.3287403009008084,0.6757468836178567,0.0076961453978665,mixed_higher_order,-1.0798123374460254e-31,1.2418063053200254e-30,-5.187479352253374e-33,8.66603145156252e-33,1.905727653762992e-32,8.403487631381525e-33,-2.686321566915897e-24,2.054013499184025e-24,1.109811868629441e-23,-2.981620289225215e-23,-7.575332183091518e-23,2.531563549436852e-24,-8.861547478960932e-40,5.882470529699532e-39,-8.618262549894485e-40,-2.7207591979631268e-39,1.74797434682041e-39,-3.1617165753678936e-39,1.144603308756046e-38,-1.7352712563466526e-36,-1.80144063974168e-36,-7.839687090864595e-37,-7.876377994206622e-39,-3.68374367531492e-39,1.0348476104596042e-30,-6.545580228903803e-30,2.9844773111680315e-30,-3.2564597198012e-30,-4.0193262402609616e-30,9.80204148711055e-30,1.1315631013960892e-30,-1.92371240223498e-30,8.202143672961203e-30,8.750480419019111e-31,-1.0282014787255331e-30,2.856669655157249e-31,-2.418747211147277e-38,-3.24713802951648e-39,-5.6187648598158094e-39,-7.57344996710057e-40,-2.5705756118658158e-39,5.7056492550743625e-39,-0.8187915086746216,-0.5072558522224426,0.0178227424621582,0.2681709229946136,-0.0015906906919553,-0.0016819654265418,0.0050534070469439,-0.008542064577341,0.4276467859745025,0.8843936324119568,0.1869918406009674,0.0,-2.2334431898681504,-0.5978897025212443,0.0304323741894314,0.3976393674460781,1.808160041980239e-15,1.637060007972857e-16,-1.8395954777322337e-22,4.183399678614991e-22,3.928779118015377e-30,2.9043289123078853e-31,0.9277333935961528,0.0723317978786809,6.519147483396992e-05,17.064224243164062,-1.0389188134802223,-0.0903391573705709,-1.1257146306595058,-0.4898995983150597,0.0832069077177695,0.0309710844371572
1403.0,0.3757412703150864,0.0228429224999736,0.6012660131616071,0.0001497940233327,1.1113534328563604e-12,0.9996205357466056,9.43645542600734e-05,0.0002850996991344,0.0014106523488791,0.113783970794268,0.8848053768568528,2.8378412363740377e-06,6.562850119415367e-07,9.808520945678874e-07,0.4760837533139738,0.5239007898445684,1.0981863114820108e-05,0.3755986899344768,0.0025991584265927,0.3150037392020606,0.6249168622376389,0.0086637699193399,EQ_dominated_with_ED,-1.0357001714378195e-31,1.2340102488907285e-30,-4.986695799786964e-33,1.0949730616687969e-32,1.9159603399228047e-32,8.38321209198993e-33,-2.75645991723617e-24,2.055776817065356e-24,1.0422332353140416e-23,-2.907109377674129e-23,-8.606890840800172e-23,2.9509539997288662e-24,-8.767784191312817e-40,6.396385194238037e-39,-8.114482630184374e-40,-2.99685315705211e-39,1.6882058794323332e-39,-3.3995309148130435e-39,2.6462888441704355e-39,-1.869859589986131e-36,-1.803603155248628e-36,-7.710824561858803e-37,-8.07282408376551e-39,-3.934569870687128e-39,8.412567856506773e-31,-6.485227886187257e-30,3.0641702358811082e-30,-3.3266065882687854e-30,-3.9054270215317855e-30,9.811834915255877e-30,1.1192566781783834e-30,-1.9265862026033257e-30,8.283750276209065e-30,8.21547963871427e-31,-1.6470525470531113e-30,3.0553158896149393e-31,-2.5552505088457616e-38,-3.12474668190414e-39,-5.7271773730674974e-39,-7.158237717625346e-40,-2.5058929224945837e-39,5.6946976165183996e-39,-0.8236127495765686,-0.4994120597839355,0.0222351104021072,0.2677290141582489,-0.0017806126270443,-0.0015084412880241,0.0051208371296525,-0.0083788502961397,0.4283528327941894,0.8840519785881042,0.1869918406009674,0.0,-2.232267721046005,-0.5862706609729541,0.0351925719431016,0.3942401573239395,1.8033389788059403e-15,1.56964470810218e-16,-1.8130691678542124e-22,4.192855699091476e-22,3.9290345293559215e-30,2.766889536196319e-31,0.9277558126991556,0.0722696532619353,2.5465961090986863e-05,17.678537368774414,-1.031660634903492,-0.0865868899707826,-1.125459900991908,-0.4811603829091373,0.0810697365913479,0.0290644633127831
1404.0,0.3516678786058207,0.0276484410388964,0.6205376480309478,0.0001460323243348,1.1655995361903888e-12,0.999567755777821,0.0001405696343097,0.0002916745878692,0.001134374957027,0.0840460076321007,0.9148196174108724,2.864730433332168e-06,7.099502209559765e-07,9.391512632010352e-07,0.5195349782739233,0.4804507927214116,9.715172747710274e-06,0.3515158721971674,0.0023237410865707,0.2981378049099492,0.5667148153246008,0.0099464465850297,EQ_dominated_with_ED,-9.861380744199395e-32,1.2246655291584784e-30,-4.653475627350856e-33,1.3806920438455318e-32,1.9224990508165463e-32,8.419131544211048e-33,-2.7861592922893887e-24,2.083827880839569e-24,9.71235643177751e-24,-2.8329013625689025e-23,-9.874252094833825e-23,3.470020617332514e-24,-8.113649076070544e-40,6.714355396228368e-39,-9.04770917651668e-40,-3.2430075537253334e-39,1.7161457241869813e-39,-3.471337457723544e-39,-7.517922058018057e-39,-2.036572254715842e-36,-1.8059868327735065e-36,-7.576726669618332e-37,-7.886095489406415e-39,-3.920474806153208e-39,6.322772017463941e-31,-6.423738928996928e-30,3.1453720187616804e-30,-3.401307194468871e-30,-3.7776474522764206e-30,9.82504744963954e-30,1.0973655588175328e-30,-1.9292737934446028e-30,8.394702762194969e-30,7.665511877923414e-31,-2.409708522522341e-30,3.1416879081115288e-31,-2.722259863510106e-38,-2.9914441349371195e-39,-5.872444030812214e-39,-6.701618713866057e-40,-2.423278806173528e-39,5.694337690339728e-39,-0.8286272883415222,-0.4909231066703796,0.026721104979515,0.2676422894001007,-0.0016755803953856,-0.0011822001542896,0.0049106157384812,-0.0083277057856321,0.4290575981140136,0.8837101459503174,0.1869918406009674,0.0,-2.2309250936636063,-0.5739510224404862,0.0404004636038249,0.3910991956546275,1.798014493380866e-15,1.4943957144636463e-16,-1.7856873058583737e-22,4.2028405619890594e-22,3.9283035605915895e-30,2.615597073403593e-31,0.9276328848139872,0.0724398773572365,7.276217122398343e-05,18.53601455688477,-1.0231190000314232,-0.0823846655736874,-1.1253425646317408,-0.4721193348241493,0.0789440506394851,0.0270652825442426
1405.0,0.3221716928542615,0.033952126816576,0.6437337995730416,0.0001423807561209,1.2441183159577272e-12,0.9994835964578066,0.0002155915183911,0.0003008120238022,0.0008529727390905,0.0602114995300195,0.93893552773089,3.022917337704518e-06,7.571390214497271e-07,9.360454845496844e-07,0.5691854872949417,0.4308015208029317,8.27580028293922e-06,0.3220053222508771,0.0020443084678594,0.2773214998483159,0.5004734768749798,0.0116751648991575,EQ_dominated_with_ED,-9.295954407725582e-32,1.2130623021183627e-30,-4.259081650254104e-33,1.7353253028271558e-32,1.9315709555653223e-32,8.50786848852533e-33,-2.7881740110952394e-24,2.0470588885164824e-24,8.991307128930877e-24,-2.763553940397784e-23,-1.1467978587542022e-22,4.3223275074656134e-24,-6.741677226113202e-40,7.295075217825923e-39,-9.290762630756783e-40,-3.5468299603459854e-39,1.6032393142947215e-39,-3.7482444508135566e-39,-2.2384251574422533e-38,-2.2477792536211717e-36,-1.8084510454805907e-36,-7.443098385961423e-37,-7.641605252924455e-39,-3.8826899981675327e-39,3.699902269646446e-31,-6.369054020559783e-30,3.268237104070422e-30,-3.466483456330734e-30,-3.638228439331776e-30,9.83553659025315e-30,1.078596906810496e-30,-1.9285748116949725e-30,8.551543819938746e-30,6.985107617999326e-31,-3.34146647919748e-30,3.5051346390980496e-31,-2.926979822734552e-38,-2.797766524093869e-39,-6.063767591437003e-39,-6.128174455453012e-40,-2.328213643900326e-39,5.687296744532601e-39,-0.8335358500480652,-0.4819119274616241,0.0310655832290649,0.2683492302894592,-0.0016911772545427,-0.0008954983786679,0.0048002335242927,-0.0081683853641152,0.4297611713409424,0.883368194103241,0.1869918406009674,0.0,-2.228838892275177,-0.5609715787283888,0.0461761129496028,0.3888148343033029,1.7915956543411057e-15,1.4066863189867364e-16,-1.7586308956453607e-22,4.212508166125914e-22,3.923360537545936e-30,2.435240338259869e-31,0.9270247811429808,0.0730661446196516,9.092576263247663e-05,19.77109909057617,-1.0127040483696126,-0.077605664982939,-1.1252745334344847,-0.4631327502339956,0.0769567436068373,0.0250381115163565
1406.0,0.2858249906310408,0.0423730453880448,0.6716628401300193,0.000139123850895,1.3635287051196377e-12,0.999338722250731,0.0003490162419659,0.000312261507303,0.0006789081488809,0.0410292716198967,0.9582918202312224,3.078417456600921e-06,8.093456962868501e-07,8.946977022166734e-07,0.6260443410477777,0.3739430278808058,7.848610561206767e-06,0.2856359809245515,0.0017385351885883,0.251163636153241,0.4255483161398527,0.0141731061160812,EQ_dominated_with_ED,-8.615232987177606e-32,1.1981993349262262e-30,-3.704402748111854e-33,2.214220796979488e-32,1.942659836261653e-32,8.575036544549036e-33,-2.934532079859349e-24,2.1097478300638563e-24,8.20415581962756e-24,-2.6872187329980247e-23,-1.3568125684296531e-22,5.3465107758474886e-24,-5.005590914025827e-40,7.906955889588657e-39,-1.045771744256194e-39,-3.925472623171464e-39,1.5463238470211926e-39,-3.981485601378183e-39,-3.97731729781492e-38,-2.5260840641365897e-36,-1.8110561313063655e-36,-7.297401970486394e-37,-7.82379685382484e-39,-4.336680783352962e-39,6.216592191738572e-32,-6.29958056319413e-30,3.4056513096793985e-30,-3.5464769289570234e-30,-3.4678147863949644e-30,9.846056825277929e-30,1.0719023439871323e-30,-1.9331098718807173e-30,8.788465247235725e-30,6.189423776603254e-31,-4.5487693786667306e-30,4.269108978975433e-31,-3.191339187196081e-38,-2.5271785250593325e-39,-6.337379421024981e-39,-5.5090549611100765e-40,-2.2335608224208124e-39,5.67830896402184e-39,-0.8388155698776245,-0.4714544415473938,0.0356627404689788,0.2697823345661163,-0.0017625446198508,-0.0005597749259322,0.0046895421110093,-0.0080539658665657,0.4304635226726532,0.883026123046875,0.1869918406009674,0.0,-2.22624638476715,-0.546225916617131,0.0530314107326427,0.3871305905353866,1.7838675957530707e-15,1.299495041678279e-16,-1.7293764459878664e-22,4.223249060501797e-22,3.91477492347669e-30,2.205782966801775e-31,0.9258842706353936,0.0741411972730924,2.5467908486120905e-05,21.642444610595703,-0.9995845096391508,-0.071871625946489,-1.125293088180645,-0.4534213963396494,0.0747778128685151,0.0228298806156283
1407.0,0.2439431912944904,0.0527169241409081,0.7032034713044356,0.0001364132601658,1.5423729345207506e-12,0.999100977402161,0.0005713045409936,0.0003277180568453,0.000498520318019,0.02719388843139,0.9723075912505909,3.520530435776723e-06,9.39883162115252e-07,9.40663510882354e-07,0.6865596560971458,0.3134276567345533,7.286091192047008e-06,0.2437238808529277,0.0014335781535339,0.2204034162185529,0.3469027120158809,0.0178303871112192,EQ_dominated_with_ED,-7.781523346135276e-32,1.1793103678936499e-30,-3.092559248571455e-33,2.80921416646691e-32,1.9550222684826063e-32,8.715877098649741e-33,-3.031362418424551e-24,2.0851239984665914e-24,7.404876939234068e-24,-2.6145649348264696e-23,-1.6233058562011237e-22,7.139771159245324e-24,-6.925157844501942e-40,9.214009763176108e-39,-8.581276256377226e-40,-4.696491883793818e-39,1.5506355848234103e-39,-4.517507367662794e-39,-6.978768317948806e-38,-2.8844623269360924e-36,-1.81340782383175e-36,-7.155915154716565e-37,-8.113291458401562e-39,-4.74586257923396e-39,-3.1279023434549637e-31,-6.2183806253434136e-30,3.587362851564437e-30,-3.634693216803218e-30,-3.2745752923088204e-30,9.853072950450005e-30,1.0455830666909508e-30,-1.9254804290574958e-30,9.0798524879137e-30,5.01864305217799e-31,-6.111534414616214e-30,4.851161805234018e-31,-3.528744275868533e-38,-2.1984686379975778e-39,-6.678184093137446e-39,-4.491135804442285e-40,-2.13059979530048e-39,5.6669120989551545e-39,-0.8439105749130249,-0.4602365493774414,0.0397862493991851,0.2727190554141998,-0.0021049904171377,-0.00018891718355,0.0048355101607739,-0.0076152151450514,0.4311645925045013,0.882684051990509,0.1869918406009674,0.0,-2.2223996170155296,-0.5304154044204616,0.0606019753553654,0.387240887884676,1.774497321356321e-15,1.1688944064690754e-16,-1.701432716955458e-22,4.2329979651135255e-22,3.8999771121022844e-30,1.930415657826367e-31,0.9240072065072448,0.0760400024874879,4.720899473253937e-05,24.457500457763672,-0.983127361232311,-0.0648703574727114,-1.1251532320778443,-0.4439983636880569,0.0727043499575678,0.0205910649688465
1408.0,0.1929186488566759,0.0665472616301195,0.7403990404830837,0.0001350490301207,1.8550184639249453e-12,0.9986317842068648,0.0010173549311754,0.0003508608619595,0.0003652637895491,0.0166385409175198,0.982996195292931,3.4659417939508453e-06,9.176486555599532e-07,9.235840570163536e-07,0.754218930012511,0.2457693451938838,6.417619098793904e-06,0.19265469451452,0.0011072493355816,0.1819673873617074,0.2605603712435979,0.0241018426793159,EQ_dominated_with_ED,-6.666007092303623e-32,1.1520810138915581e-30,-2.027219359384899e-33,3.677761584366789e-32,1.9686751474981728e-32,8.96244468761725e-33,-3.240857492492065e-24,2.1443430016551388e-24,6.4515320348994774e-24,-2.542197725269606e-23,-2.0134811722231861e-22,9.982790357457349e-24,-2.307399350091692e-40,1.0336363319581514e-38,-1.1765403084683211e-39,-5.18816896340471e-39,1.4072737254252876e-39,-5.1482015876875456e-39,-1.1520479918592693e-37,-3.40840421054764e-36,-1.8169420194652424e-36,-6.990185369464409e-37,-8.33843511383049e-39,-5.4253011042213984e-39,-8.479505778864212e-31,-6.133240492427779e-30,3.866087225576046e-30,-3.72626921223617e-30,-3.0181370948068048e-30,9.85950970466395e-30,1.044744733466394e-30,-1.9399578328586567e-30,9.528919309923568e-30,3.531001458818873e-31,-8.358957621745505e-30,6.318342533752252e-31,-4.014082175048897e-38,-1.6525831709417188e-39,-7.18443246112328e-39,-3.246650126457624e-40,-1.986371611972586e-39,5.655382015858192e-39,-0.8498132824897766,-0.4457203447818756,0.0445189177989959,0.2779209613800049,-0.0022252656053751,0.0004064558597747,0.0047341012395918,-0.0072858692146837,0.4318642914295196,0.8823419213294983,0.1869918406009674,0.0,-2.217150185136073,-0.51048874790937,0.0711183003000974,0.3892150090234828,1.7615346296711669e-15,9.891847622163248e-17,-1.6692725863736065e-22,4.2456217984801765e-22,3.8749001455578665e-30,1.5438632782826702e-31,0.9208543578619034,0.0792974904211401,0.0001518482830435,29.38838005065918,-0.9597455974505192,-0.055531432965829,-1.125745296018528,-0.4330995823569609,0.070641795941302,0.0179273156052332
1409.0,0.1355606673321925,0.0837457199424651,0.7805577603053786,0.0001358524199638,2.4455940223942023e-12,0.9975960042261548,0.0020148642276344,0.0003891315462107,0.0002417731715284,0.0092502181966288,0.9905080086318429,3.621317354348064e-06,9.521771787879092e-07,9.235707934772466e-07,0.824417754834512,0.1755717240939242,5.024006237141759e-06,0.1352347800608263,0.0007746661825015,0.1370438717317074,0.1736715387713997,0.0361648333404244,EQ_dominated,-5.174532000691901e-32,1.1105215136205928e-30,1.9985850671585336e-34,4.996202021683083e-32,1.9837364064248874e-32,9.411667738954828e-33,-3.474351041156794e-24,2.1353995964770927e-24,5.2427428202705264e-24,-2.467419470776173e-23,-2.6050719080534503e-22,1.6458390943641872e-23,1.4791052393686346e-40,1.248477760993752e-38,-1.2570374546208652e-39,-6.277695756225656e-39,1.1091190272260583e-39,-6.207093196260918e-39,-2.133301474773426e-37,-4.207063220410128e-36,-1.8212470138178586e-36,-6.797729660243261e-37,-8.278535460406425e-39,-6.293116085021305e-39,-1.6381918964193695e-30,-6.006144031040535e-30,4.300265162014048e-30,-3.849617426414856e-30,-2.6620701268734073e-30,9.855762354232897e-30,1.0304179804174362e-30,-1.941014603714945e-30,1.0227025551435109e-29,8.884683020423706e-32,-1.1756040167149097e-29,9.539008880962836e-31,-4.746346767125423e-38,-6.066100032691723e-40,-7.968102055763786e-39,-9.7805071114232e-41,-1.7870683498741353e-39,5.649041616145813e-39,-0.8561569452285767,-0.4266795516014099,0.0498551279306411,0.2872623801231384,-0.0023689100053161,0.0012310247402638,0.0045546512119472,-0.0066387625411152,0.43256276845932,0.881999671459198,0.1869918406009674,0.0,-2.208535979580331,-0.4849455836961953,0.0861714277075878,0.394867487567231,1.7420354800376113e-15,7.332652665706513e-17,-1.6334698717789685e-22,4.260434221284594e-22,3.8302454019912084e-30,9.969247822337422e-32,0.9150672817744326,0.0850700268307308,0.0001373086051634,38.76051330566406,-0.9244677109198964,-0.0430760475604413,-1.1268114419250792,-0.420577741633109,0.0685152197962909,0.0145580304006138
1410.0,0.0748924584718578,0.1047513303816217,0.8202159287352269,0.0001402824112933,3.848010683161584e-12,0.9945180344139404,0.0050080145738803,0.0004739510121791,0.0001521837874155,0.0042654145643731,0.9955824016482112,3.887933178765327e-06,1.1446262639898271e-06,8.481936133225975e-07,0.8945927023864949,0.1053974175279252,3.999332523740547e-06,0.0744819005918597,0.0004468078502472,0.0864486407039616,0.0913082224425244,0.0671849502646695,EQ_dominated,-2.888339698644213e-32,1.0359828495674475e-30,4.838741776585824e-33,7.338473309106021e-32,2.0149440388317988e-32,1.028952900238336e-32,-3.961536708890116e-24,2.2288325904555302e-24,3.481677236874225e-24,-2.3811311264832882e-23,-3.662502753114085e-22,3.205501420002551e-23,3.4223034647514447e-40,1.6667011816966562e-38,-1.3423163632363157e-39,-8.94511998336788e-39,1.0000878863578996e-39,-7.72191921251977e-39,-4.409084622892184e-37,-5.637197084521257e-36,-1.8273756565043808e-36,-6.538810657127119e-37,-8.80022737370388e-39,-8.092624369969295e-39,-2.9770912600919957e-30,-5.7584442004134335e-30,5.044408076951039e-30,-4.065664317186024e-30,-2.0673177161851176e-30,9.824108517599456e-30,1.0201320946298025e-30,-1.9521943110963564e-30,1.1502937155457693e-29,-4.050394322546675e-31,-1.778950429690959e-29,1.783004096998332e-30,-6.042377623110041e-38,1.7513061786350253e-39,-9.388974816096233e-39,3.479639907708565e-40,-1.4620252403529704e-39,5.6178177776667906e-39,-0.8635191321372986,-0.3966553211212158,0.0571192055940628,0.3060059249401092,-0.0026727404911071,0.002588652074337,0.0044024530798196,-0.0055934945121407,0.433260053396225,0.8816573619842529,0.1869918406009674,0.0,-2.192250379064508,-0.4460816236262805,0.1120428270255196,0.4084598974647047,1.7072467058680326e-15,3.029164476422934e-17,-1.5876226666964248e-22,4.281110107925231e-22,3.740356053359939e-30,7.226324815934265e-33,0.903014580002223,0.0969528985201259,3.252147765109292e-05,61.16228866577149,-0.8618054118795174,-0.0240272972151744,-1.1290001291856933,-0.4039847007012817,0.0660722749649787,0.0096610528154244
1411.0,0.0246211353765036,0.1266780910033352,0.848550910018367,0.0001498636017941,8.381418720465961e-12,0.9792292174086712,0.0200158702798323,0.0007549123114965,8.431936049349888e-05,0.001424499514718,0.9984911811247884,3.9346081814999e-06,1.1800809572664876e-06,8.411240523305747e-07,0.953655869660518,0.0463352404271264,2.934099164332252e-06,0.0241097351264465,0.0001804528791596,0.0393178104303579,0.0290155075975001,0.20014811046016,EQ_dominated,6.850339677949364e-33,8.714353087617134e-31,1.906235082009507e-32,1.2312611976405844e-31,2.0881138007080408e-32,1.2225151587439207e-32,-4.9526860902028005e-24,2.3896490405749994e-24,2.3068468626664893e-25,-2.2601243872893723e-23,-5.924203336416883e-22,8.442669618818273e-23,4.7824800123526375e-39,2.477036656993339e-38,-4.3477307618173286e-39,-1.3114168712537108e-38,-4.347558507296498e-40,-1.1656206193754975e-38,-1.1911342815932684e-36,-8.70118255814252e-36,-1.837041365423823e-36,-6.105416702662738e-37,-9.901137920230223e-39,-1.1801284144351963e-38,-5.8058817977065234e-30,-5.0658991226194825e-30,6.669704330566461e-30,-4.590546998955696e-30,-8.6382614038021e-31,9.656446121575178e-30,1.0064329950174377e-30,-1.965497445105057e-30,1.4223201524337878e-29,-1.7367133570682863e-30,-3.0713980262206335e-29,4.5574155327788216e-30,-8.801570499523595e-38,9.020826481227676e-39,-1.241816954074701e-38,1.5807179716729077e-39,-8.228033380785864e-40,5.5253114770896406e-39,-0.8707562685012817,-0.337700605392456,0.0716029927134513,0.349911481142044,-0.0031451969407498,0.0056167650036513,0.0043765474110841,-0.0030786374118179,0.4339560270309448,0.8813149929046631,0.1869918406009674,0.0,-2.151774231476751,-0.3742243761777917,0.1689248180732312,0.4410464747532582,1.6268413054959032e-15,-5.5330789839039844e-17,-1.5156912876141504e-22,4.314488835963033e-22,3.5185485153874874e-30,-1.7095629444447244e-31,0.8722996183296098,0.1275936653760965,0.0001067162942937,134.243896484375,-0.7244091091286307,0.0056945689639123,-1.1333636770041609,-0.3766740180167924,0.0626701001318291,0.0006396564927361
1412.0,0.0009995774607253,0.1453987517835888,0.853437186729303,0.0001644840263827,4.248815543027906e-11,0.380826496966385,0.6129610899374804,0.0062124130961344,4.2383728572732266e-05,0.0001912657268618,0.9997663505445654,3.830290039158366e-06,1.143887846113395e-06,7.887700181859848e-07,0.9912786945837369,0.0087132545777077,2.287890651989565e-06,0.0003806655828145,2.780979794469957e-05,0.0074362154740551,0.0011712372934627,4.499049124879254,EQ_dominated,-2.1304678462865407e-32,2.4597545601899247e-31,1.1650822510090983e-31,2.907589583685687e-31,2.5262278581448983e-32,1.8873806634969104e-32,-8.514598415481701e-24,4.0241941468209936e-24,-9.841127786517058e-24,-1.7418276967246842e-23,-1.3628525057993741e-21,4.845121238230429e-22,1.7091946688159068e-38,5.366755650151884e-38,-9.967123758317918e-39,-2.912134517354454e-38,-7.124806957796644e-39,-2.4546201924023383e-38,-6.744292900939153e-36,-1.9105374124004378e-35,-1.839415000116046e-36,-4.741511272796534e-37,-1.8171511354256302e-38,-2.484431689736437e-38,-1.533236227830781e-29,-1.2926972870959958e-31,1.21555583334936e-29,-7.83525886797142e-30,3.1767822382662344e-30,7.964539449955008e-30,9.922953952469566e-31,-2.0617566641070214e-30,2.3042529928054895e-29,-8.991743948763679e-30,-7.463823292756276e-29,2.6951513824869894e-29,-1.8063422438026688e-37,6.115866703085767e-38,-2.2328891037779478e-38,8.789066744030533e-39,1.2993178491032e-39,4.6313143089239415e-39,-0.8366492390632629,-0.1354848891496658,0.1584701091051101,0.5060824751853943,-0.002147173974663,0.0162161029875278,0.0068127927370369,0.005553915631026,0.4346506893634796,0.8809726238250732,0.1869918406009674,0.0,-1.946171410114865,-0.1725813205881325,0.4057148769942818,0.5216780928241125,1.2618237632386333e-15,-2.8620489053494995e-16,-1.2916192715300673e-22,4.375419530867911e-22,2.5252326719650222e-30,-5.984068088610935e-31,0.7186056767652136,0.2813095072932751,8.481594151121818e-05,689.5892944335938,-0.2043303323966852,-0.0176976683055144,-1.1332212561928614,-0.2921135991862693,0.0482642493626331,-0.0272687503127396
1413.0,0.0178720965162888,0.1556361215185925,0.8263093154607677,0.0001824665043509,1.1493763462021718e-10,0.9603473996371138,0.0395059540316327,0.0001466463312534,2.064093099385651e-05,0.0001562467211505,0.9998231123478556,3.726212304035739e-06,1.2232608983885535e-06,6.811235033497145e-07,0.99731873998367,0.0026735670941585,2.062325465697953e-06,0.0171634214154815,2.431763367987452e-05,0.0022091933954125,0.0216288212923305,0.2087646587696459,EQ_dominated,-1.6504243297361896e-30,2.1753704322601968e-30,2.86713797217997e-31,-4.738347985624363e-31,3.1084641960370086e-32,-1.3126580502263216e-32,6.504373954285664e-24,9.11702463734158e-24,3.060557968789323e-23,-3.57069635873921e-24,2.0197829075047655e-21,1.4128051808558317e-21,4.941551383293189e-38,-7.533709498736493e-38,-2.9486070275813723e-38,4.237276523660245e-38,-1.9929458052133855e-38,3.2964335750778047e-38,-1.885445525317297e-35,2.703407629390561e-35,-1.491337485188233e-36,-8.295189564904513e-37,-2.982161443901982e-38,3.683835143596343e-38,2.6119404029882816e-29,1.1422297903246097e-29,-1.2900802104713165e-29,-1.3492241516681937e-29,-1.321856564499471e-29,2.0699726375757985e-30,7.476706885786478e-31,-1.8052291717113533e-30,-2.3171287897827927e-29,-1.162093004706639e-29,1.1660250863474551e-28,8.170519609307653e-29,2.365062853195042e-37,1.6136006137306132e-37,2.699357585551728e-38,1.4607929920618043e-38,-7.246588400828539e-39,1.4984190858793472e-39,-0.4116303324699402,-0.8154745697975159,0.3541257381439209,-0.1961133927106857,0.024401381611824,-0.0179089475423097,0.0237423237413167,-0.0273211766034364,0.4353441596031189,0.8806301355361938,0.1869918406009674,0.0,-2.020468634698461,-1.3013854743165456,-0.05027679294777,-0.3848648599941126,1.705257131351003e-15,1.3873313021376689e-15,-1.7061140353753644e-22,3.667846826861043e-22,4.337165447320408e-30,3.3977089427703834e-30,0.8353544624223963,0.1651756458441061,0.0005301082665023,1901.0948486328125,-1.8057882518806936,-1.3700272933098332,-0.9174787035080092,-0.5103244465421024,0.0098870292666028,0.0847448877457597
1414.0,0.0752005163082242,0.1542702280749758,0.7703300453581144,0.0001992102586855,1.1340174454310527e-11,0.9899487444661146,0.0099216062802085,0.0001296492536768,1.7577801464800357e-05,0.0010120463358775,0.9989703758626576,3.789789216262944e-06,1.310119165049207e-06,6.663416305327153e-07,0.9644079404339524,0.0355839205294773,2.372786558318081e-06,0.0744446567025301,0.0001561286190582,0.0274113631154918,0.0976211647999068,0.0370427334681208,EQ_dominated,-4.371745257940989e-31,1.7345694974158063e-30,1.755531928184405e-32,-1.7821850487475163e-31,2.04646082880398e-32,-5.201306663093702e-34,1.1842688320637247e-24,3.0121825690652086e-24,1.5455869992454e-23,-1.908557684829155e-23,7.58258768665251e-22,1.4280756087636476e-22,5.7811217821727097e-39,-2.700369480392191e-38,-4.989932945922644e-39,1.5451097312574983e-38,-7.911809249505369e-40,1.155258601203739e-38,-1.780787890963529e-36,9.688287015871576e-36,-1.739304449922366e-36,-7.450528781422835e-37,-8.83175791787666e-39,1.2678267949616882e-38,1.0624756620391e-29,-4.154808068622283e-30,-3.2541653924733296e-30,-4.7098064466496875e-30,-7.370602142814069e-30,8.86461406048462e-30,8.95285451712978e-31,-1.8479842817425577e-30,-3.418871179095006e-30,1.2242154620012608e-30,4.577660250765821e-29,8.814701148838582e-30,7.708755471309641e-38,1.1023248574646065e-38,6.640590349789688e-39,-4.614061467918918e-40,-4.1858022949017505e-39,5.0651331945752114e-39,-0.779150664806366,-0.6153984665870667,0.09507517516613,0.0614263117313385,0.0038629006594419,-0.0094183534383773,0.0077954502776265,-0.0170373991131782,0.4360363781452179,0.8802876472473145,0.1869918406009674,0.0,-2.275862532385075,-0.7713343164227426,-0.0751807591567439,0.1246064860321649,1.9325652077866644e-15,5.307497868836512e-16,-1.668967550989731e-22,4.0996180973208393e-22,4.5667886708806606e-30,1.166688896448427e-30,0.98589465852891,0.0131635227193585,0.0009418187517314,191.53277587890625,-1.438858409395844,-0.3626445891903572,-1.0685163475562447,-0.4577123804428803,0.0528093646069761,0.0427660468550411
1415.0,0.1584939838996003,0.1426208031209117,0.6986736252759753,0.0002115877035127,4.188086488692348e-12,0.9952065593558186,0.0046339980357176,0.0001594426084638,3.2633901848078994e-05,0.0025274307196321,0.9974399353785198,3.5859568109744685e-06,1.200547958868122e-06,7.000237307806544e-07,0.8926229281711631,0.1073683963791969,3.1889211392723243e-06,0.1577342523953177,0.0003604641990664,0.0750154667383214,0.2268498168039409,0.0117184582697253,EQ_dominated_with_ED,-2.81499439389898e-31,1.5594091725306549e-30,7.035404408453508e-35,-1.081295703289274e-31,1.9923661275344858e-32,2.3100394952294003e-33,-2.238724778003425e-25,2.5707886818388462e-24,1.1333323959093744e-23,-1.967962750065765e-23,4.484527534347204e-22,4.920962829557502e-23,8.074063380601663e-40,-1.555905389321136e-38,-2.026155708381844e-39,8.784114662894666e-39,1.2187420758403038e-39,6.774938429343231e-39,-5.560656281434263e-37,5.4682669474360056e-36,-1.7726976458197944e-36,-7.010463979145964e-37,-7.675811009633382e-39,7.000866949784227e-39,6.778485789667993e-30,-5.2594866040770725e-30,-9.736349004304421e-31,-4.1889548697916345e-30,-5.804849977087067e-30,9.448440561718222e-30,8.945269963591821e-31,-1.878752020928123e-30,7.871912273085512e-31,1.5835887894606806e-30,2.8193706768014564e-29,3.365441240082354e-30,3.871371373132289e-38,8.856798751348803e-40,2.1293529947006368e-39,-1.1151844145327858e-39,-3.364255942984921e-39,5.35731444593104e-39,-0.8237113356590271,-0.5474831461906433,0.0795238390564918,0.1222175285220146,0.0014346231473609,-0.0062083527445793,0.0060751675628125,-0.0141431856900453,0.4367272555828094,0.8799450397491455,0.1869918406009674,0.0,-2.2708743063068098,-0.6584730742085237,-0.0333130710834895,0.2028884036394566,1.893441808227947e-15,3.735691475813368e-16,-1.6056398490349085e-22,4.171108764118727e-22,4.419103424804265e-30,7.902816409156448e-31,0.9782787616433598,0.0214981026186916,0.0002231357379485,72.12548828125,-1.2926454099709324,-0.2333441181740831,-1.0874922484452665,-0.4300691239311886,0.0544146067372338,0.0313368922373732
1416.0,0.2390893431347643,0.1271096150400166,0.6335823327371054,0.0002187090881134,2.4895649885467028e-12,0.9969257476901988,0.0028948455720537,0.0001794067377474,5.975526976164232e-05,0.0042675050080212,0.995672739722217,2.6720044148711066e-06,9.495545844127806e-07,5.065011241910684e-07,0.801324153560353,0.1986672215631247,4.496816398660849e-06,0.2383543221693834,0.0005424409187509,0.1258720416763639,0.3773611270091563,0.0049233236725946,EQ_dominated_with_ED,-2.2884055253806293e-31,1.4864586098543243e-30,-3.75705828417874e-33,-8.095681879042362e-32,1.9901393728707728e-32,3.315252801893225e-33,-7.594425877565771e-25,2.429280980540089e-24,9.45719230479262e-24,-1.9318596812121678e-23,3.274475844321269e-22,2.684150358780799e-23,-3.6259241178686715e-40,-9.888493881618243e-39,-1.0233270639683176e-39,5.8093531185941167e-39,1.3859310849174184e-39,4.0791646501660734e-39,-2.69906750252232e-37,3.8221904259433004e-36,-1.7838918957916843e-36,-6.765665618502894e-37,-7.67913720431156e-39,4.8396529915159175e-39,5.2432478038367866e-30,-5.4831051009385095e-30,-8.929977107521562e-32,-4.1230545126839546e-30,-5.1539452885663594e-30,9.606161443085937e-30,8.891645274090163e-31,-1.886754951778396e-30,2.349925707789737e-30,1.5185158558043984e-30,2.1347581179428407e-29,1.958588606387856e-30,2.377716824117465e-38,-1.4082215886138226e-39,4.467389619226117e-40,-1.1524523365753688e-39,-3.02556526652066e-39,5.420677898505156e-39,-0.8400105834007263,-0.516765296459198,0.0782228037714958,0.1442930996417999,0.0004057891492266,-0.0048286276869475,0.0057329363189637,-0.0127991735935211,0.437417060136795,0.8796023726463318,0.1869918406009674,0.0,-2.263958396089495,-0.6113096130209101,-0.0131555201524787,0.2276529148946522,1.870972212107885e-15,3.144636610529817e-16,-1.5649383451689817e-22,4.1986008459526955e-22,4.350318635007246e-30,6.5332899359648085e-31,0.972687632159964,0.0271359910376267,0.0001763768024091,43.50135803222656,-1.2313041162849478,-0.1895594754169798,-1.0928143962891443,-0.4144655181079346,0.0533786254618124,0.0261308795285333
1417.0,0.3167019282790918,0.1091759270659066,0.573900817865912,0.0002213267890897,1.7531021576440282e-12,0.9978214260769164,0.0019850185405204,0.0001935553825629,0.0001010727150372,0.0064331355258958,0.9934657917590668,2.625559194178778e-06,1.0982897868880596e-06,4.460111504882117e-07,0.6899172509940933,0.3100728757339688,5.703411806300313e-06,0.3160119697167527,0.0007023435349802,0.1779510769817599,0.5518408728824762,0.0020783457915928,mixed_higher_order,-1.990978964946101e-31,1.4415559601540199e-30,-5.126589632574295e-33,-6.47040703314697e-32,1.9888426023034892e-32,3.904131662887924e-33,-1.03565863035733e-24,2.360832030877213e-24,8.194657399678417e-24,-1.8864345404730784e-23,2.550544002329497e-22,1.653436841939141e-23,4.302099139294679e-41,-7.850300475622161e-39,-1.3558524106865668e-39,4.893008774873434e-39,1.3128361799454328e-39,2.9572901353364046e-39,-1.425090752953721e-37,2.8419738380653124e-36,-1.790947999712967e-36,-6.569895444233589e-37,-7.243980230713114e-39,3.8029070045946686e-39,4.299385409741055e-30,-5.5663370534283045e-30,4.412710015383669e-31,-4.121567812214829e-30,-4.7406587045755805e-30,9.687905782961596e-30,8.917861078938352e-31,-1.8955688882897913e-30,3.2744154967945375e-30,1.4376698842960676e-30,1.7214875288647505e-29,1.3314423422747032e-30,1.4791993916263862e-38,-2.353888030739641e-39,-5.701148141959007e-40,-1.1358549475501164e-39,-2.790127281143153e-39,5.46282831740837e-39,-0.8505603671073914,-0.4956833720207214,0.0797349065542221,0.1559976786375045,0.0001378075539832,-0.0039136437699198,0.0052692629396915,-0.0121325962245464,0.4381054937839508,0.8792596459388733,0.1869918406009674,0.0,-2.258799399644328,-0.5800641813539587,0.0003373773346736,0.2393025276022506,1.8555566181180918e-15,2.7922311059893052e-16,-1.5294122091456116e-22,4.216967955663288e-22,4.3114336342557454e-30,5.725956485105169e-31,0.9691702789901728,0.0308678960865761,3.817507674908072e-05,30.98345947265625,-1.193266421131389,-0.1648058354803845,-1.0955889858525256,-0.4019047503366153,0.0520867128550422,0.0226264287344662
1418.0,0.3763378875339185,0.0937544604340803,0.529686669723076,0.000220982308925,1.412067442172954e-12,0.9982908288674596,0.0015048667933918,0.0002043043391486,0.0001523995155779,0.0084876510569074,0.9913599494275148,2.183675641782719e-06,8.829073155899157e-07,4.500834329407111e-07,0.5854697479996251,0.4145195710370591,7.164296925449767e-06,0.3756946616804643,0.0007957551451931,0.2195654911176579,0.7104915208280977,0.0009338681311202,mixed_higher_order,-1.8212043513044854e-31,1.4143811795081327e-30,-5.6613600909512176e-33,-5.507766255815875e-32,1.9964066310982148e-32,4.1987237711729816e-33,-1.2275507282635074e-24,2.333294903724464e-24,7.298005054181995e-24,-1.8272171408641738e-23,2.123129376485508e-22,1.1852036719647936e-23,-6.277144131262256e-40,-6.1540750605508e-39,-9.351515144270168e-40,3.820671730292498e-39,1.5628580915748868e-39,2.3333930047056532e-39,-8.607552608691484e-38,2.2632869885931897e-36,-1.7947678453219604e-36,-6.40954390765444e-37,-7.298316495672715e-39,3.083510427288422e-39,3.7367948988322195e-30,-5.57133549591525e-30,7.332506777519752e-31,-4.1570192929762616e-30,-4.470048336316211e-30,9.728353409025504e-30,8.831725446011661e-31,-1.899356468143089e-30,3.7990027081479046e-30,1.3744376153460257e-30,1.476603998487617e-29,1.0336925833649211e-30,9.455619883984841e-39,-2.7358704818565803e-39,-1.1545518364435223e-39,-1.1061258003643229e-39,-2.6400687339539656e-39,5.4654023599308243e-39,-0.857775092124939,-0.4809037148952484,0.082249067723751,0.1614933907985687,-0.0001929920399561,-0.0033600700553506,0.0051529430784285,-0.0116768451407551,0.4387927651405334,0.8789169192314148,0.1869918406009674,0.0,-2.2549284675667005,-0.5587394637344969,0.0090583359237932,0.2435309050335648,1.845178969997e-15,2.582342202479496e-16,-1.4985042186096945e-22,4.2288485075402826e-22,4.2901617485209764e-30,5.251459372273527e-31,0.9670578189867024,0.0330079259478561,6.574493455846486e-05,25.14809226989746,-1.1699464978612024,-0.1506462107647137,-1.0963777170905398,-0.3915426240436762,0.0504160702160554,0.0201364537919534
1419.0,0.4256379430584533,0.0796602024818764,0.4944829506149407,0.0002189038447295,1.2073620538368657e-12,0.998597935712768,0.0011898176068955,0.0002122466803366,0.0002038364848815,0.0107018961755508,0.9890942673395676,1.683580219291847e-06,7.520464311612733e-07,4.049637949556516e-07,0.4841018970998199,0.5158870534125057,8.208897228909297e-06,0.4250411712992002,0.0008525152162843,0.2550973523554634,0.8607737486785512,0.0003937645394484,mixed_higher_order,-1.697478530417483e-31,1.3942593419893205e-30,-5.926226716060796e-33,-4.8118769940807716e-32,2.0001564478843952e-32,4.386333606375398e-33,-1.3144042294319858e-24,2.2462874698392047e-24,6.554957277732012e-24,-1.7682066276431022e-23,1.8108328958780568e-22,8.737572816736772e-24,-9.068602338175626e-40,-4.7777473436051375e-39,-8.294531341976268e-40,3.1426119536431306e-39,1.7363114692229367e-39,1.6351612258247098e-39,-4.813236362176669e-38,1.8433054378348037e-36,-1.7973936896499036e-36,-6.266663879849109e-37,-7.091162715050993e-39,2.7148912933045246e-39,3.3114886314578324e-30,-5.561435349070853e-30,9.467857931550981e-31,-4.1958558938425686e-30,-4.2582765002567646e-30,9.757291704167608e-30,8.620636621859338e-31,-1.8930685886209172e-30,4.1800731593776065e-30,1.3134489684382189e-30,1.2975275809650968e-29,8.339212758800864e-31,5.5534659789306745e-39,-2.9723804177672595e-39,-1.5812574470907728e-39,-1.0682378206945147e-39,-2.52496462342682e-39,5.473849842007084e-39,-0.8636016845703125,-0.4687100648880005,0.0849725157022476,0.1647938191890716,-0.0004539525252766,-0.0029955420177429,0.0050748395733535,-0.011317728087306,0.4394786655902862,0.8785740733146667,0.1869918406009674,0.0,-2.2515343047572154,-0.5414444216950699,0.0157394431504369,0.2451622588455674,1.836893524041876e-15,2.426927392912209e-16,-1.4702304676788988e-22,4.237818598630227e-22,4.2761952649172374e-30,4.9054835215862345e-31,0.9655061738648704,0.0345311762334426,3.7350098313071456e-05,21.62606239318848,-1.1524893782034789,-0.1403129186312875,-1.0964347804148586,-0.3822750838951936,0.0487534865823127,0.0180735111322094
1420.0,0.4625854080825684,0.0682463750705982,0.4689526103358987,0.0002156065109345,1.0830397134016822e-12,0.9988025675529713,0.000978955564583,0.0002184768824458,0.0002857874404935,0.0127012355005763,0.98701297705893,1.5739600045131682e-06,7.032285190266093e-07,3.783982573509538e-07,0.3979003982916744,0.6020875117985006,9.434323044109256e-06,0.4620314933054082,0.0008668132818323,0.282350510308553,0.98642250386714,0.0001701935811126,mixed_higher_order,-1.6094262076217858e-31,1.3795541025344374e-30,-6.103023382214628e-33,-4.305221197208203e-32,2.0040687417637328e-32,4.509297860874438e-33,-1.4319919222402207e-24,2.2952599118350233e-24,5.961450212932346e-24,-1.702148578936986e-23,1.5882937484324763e-22,7.06754539571051e-24,-8.708212881692558e-40,-4.257955027895948e-39,-7.0109236769868866e-40,2.819158446437919e-39,1.571906224941221e-39,1.4387939670088908e-39,-2.997568904236398e-38,1.5448718623177755e-36,-1.7990618069290483e-36,-6.132627238758759e-37,-7.144311740771521e-39,2.3596010445589775e-39,2.9892436249887328e-30,-5.529857633164771e-30,1.1007280405234275e-30,-4.2422665383815594e-30,-4.0899728219016194e-30,9.772125559213682e-30,8.587137663280404e-31,-1.90671958297552e-30,4.4263864055655455e-30,1.2684032401208631e-30,1.167730494706811e-29,7.307627418040099e-31,2.7255673013246888e-39,-3.059483829167017e-39,-1.8670364086453508e-39,-1.0416875126641536e-39,-2.42265795241642e-39,5.4726709682305387e-39,-0.8686565160751343,-0.4582224786281585,0.0879660621285438,0.165992870926857,-0.0004806064534932,-0.0026046661660075,0.0049049332737922,-0.0111538181081414,0.4401635229587555,0.8782312273979187,0.1869918406009674,0.0,-2.24875718887532,-0.5267562541973438,0.0209313956607757,0.2444973639001856,1.8303622375652096e-15,2.3117787659025773e-16,-1.4424984438274426e-22,4.245166889703314e-22,4.2686900483934796e-30,4.650627440872375e-31,0.9645389981083228,0.0354401273137529,2.0874577924212545e-05,19.47868537902832,-1.1395310319873797,-0.1329408613920603,-1.095907191534616,-0.3735719511176223,0.0468990648432309,0.0164255014841661
