lam_nm,f_ED,f_MD,f_EQ,f_MQ,C_total_exact,px_given_ED,py_given_ED,pz_given_ED,mx_given_MD,my_given_MD,mz_given_MD,Qxx_given_EQ,Qyy_given_EQ,Qzz_given_EQ,Qxy_given_EQ,Qxz_given_EQ,Qyz_given_EQ,Cpx_total_fraction,Cmy_total_fraction,CQxz_total_fraction,ED_EQ_balance,CT_diag_over_CED,class,px_re,px_im,py_re,py_im,pz_re,pz_im,mx_re,mx_im,my_re,my_im,mz_re,mz_im,Qxx_re,Qxx_im,Qyy_re,Qyy_im,Qzz_re,Qzz_im,Qxy_re,Qxy_im,Qxz_re,Qxz_im,Qyz_re,Qyz_im,Qmxx_re,Qmxx_im,Qmyy_re,Qmyy_im,Qmzz_re,Qmzz_im,Qmxy_re,Qmxy_im,Qmxz_re,Qmxz_im,Qmyz_re,Qmyz_im,Tx_re,Tx_im,Ty_re,Ty_im,Tz_re,Tz_im,txx_re,txx_im,rxx_re,rxx_im,tyx_re,tyx_im,ryx_re,ryx_im,tbg_re,tbg_im,rbg_re,rbg_im,E_up_re,E_up_im,E_dn_re,E_dn_im,I0_re,I0_im,I1_re,I1_im,I2_re,I2_im,T,R,en_res,U_proxy,even_px_re,even_px_im,odd_Q_re,odd_Q_im,odd_m_re,odd_m_im
1300.0,0.546552386541969,0.1127405993597494,0.2406188278551186,0.1000881862431627,3.598909283476697e-12,0.6648955452312026,0.1302156612868007,0.2048887934819964,0.2709556556212905,0.6479007884346248,0.0811435559440847,0.0169795935750944,0.0090610761097962,0.0012343835549776,0.0450873945368371,0.900309070202212,0.0273284820210824,0.3634002470472375,0.0730447232137738,0.2166313131793879,0.4402484259148722,0.0410267913259411,mixed_higher_order,-1.0585719217127048e-31,1.878954148658477e-30,-8.119724643493883e-32,8.288678664747822e-31,-1.2778582314697524e-31,1.036843440317133e-30,1.587452092918776e-22,3.9462970948318827e-23,2.39493621202016e-22,8.138916151569396e-23,7.569836571296726e-23,-4.777899415558081e-23,-2.408660700825597e-37,3.8279025232860976e-37,1.7874361787190365e-37,-2.7785798808278723e-37,6.212246240453181e-38,-1.0493242253880669e-37,-2.492555158336646e-37,4.576511320703695e-37,4.025980117920724e-37,-2.2936228711837243e-36,-7.027527339192388e-38,3.99584533821679e-37,7.777936705885336e-29,1.0845317529985079e-29,-2.8248948357749653e-31,-8.875473287622279e-30,-7.749688439871692e-29,-1.9698432675855122e-30,4.29998415863354e-28,4.994804578429146e-29,-7.411333105172889e-29,-1.6119484961344644e-28,-3.560193064455094e-30,-1.2937899230064626e-29,-9.56009449161678e-38,1.4682892499766178e-38,-2.4089626658692107e-39,1.462830667350428e-37,3.0553948403031165e-37,3.524791696814501e-38,-0.0034890389069914,0.1964431703090667,-0.8225330114364624,-0.1183564364910125,-0.2897739112377167,0.0502024926245212,-0.4267881512641907,0.0455942079424858,0.3483501374721527,0.918523907661438,0.1869918406009674,0.0,-1.0330376999429989,-0.640756845505178,-1.113824721417988,0.5851686619651331,3.298850239010808e-15,8.83358857056744e-17,-3.919897300030267e-22,-2.5776698007955626e-23,8.064950891474212e-30,4.652270681890045e-31,0.1250913024532907,0.8747957588189952,0.0001129387277141,31.14811134338379,-0.9116989319798728,-0.0513636211473499,0.15735920587092,-0.8964839939727622,-0.1317289211878056,0.3876220833927528
1301.0,0.5476941366709215,0.1073242165727682,0.2422725307305426,0.1027091160257677,3.595423511673267e-12,0.6613901897643755,0.1292667911911412,0.2093430190444832,0.2914315381360938,0.620723146861218,0.0878453150026882,0.0171480543154371,0.0090996447779514,0.0012695907800311,0.0452183305038826,0.8992166945572191,0.0280476850654785,0.3622395289856165,0.0666186254454635,0.2178555042655308,0.4423500536324173,0.0413069939469729,mixed_higher_order,-9.5939299181435e-32,1.8784576355480835e-30,-6.511102690891148e-32,8.289841616208353e-31,-1.094456533885048e-31,1.0525242842263782e-30,1.6164683023214665e-22,3.639826124369833e-23,2.301060083282516e-22,7.434328587642752e-23,7.567692197072301e-23,-5.048305287791377e-23,-2.302463974592061e-37,3.946390232031426e-37,1.7354671158067149e-37,-2.840015365625864e-37,5.669968281517126e-38,-1.106373448950508e-37,-2.406451136945609e-37,4.66180877380575e-37,3.583895686867877e-37,-2.311904856104768e-36,-6.055222082899307e-38,4.087223031880204e-37,7.694329167057896e-29,8.998456497879987e-30,2.6493694008359857e-30,-8.390075222114766e-30,-7.959266367882845e-29,-6.083830683620084e-31,4.382606125912417e-28,4.199057460465821e-29,-7.774040405473506e-29,-1.6015903985884842e-28,-4.337865530530608e-30,-1.2740685463955788e-29,-9.622822632820067e-38,1.460441103538149e-38,8.33987667340347e-40,1.4636372733814131e-37,3.1120646300182244e-37,2.995975564334609e-38,0.0043179597705602,0.1803903132677078,-0.8299515247344971,-0.096298798918724,-0.2868384718894958,0.0573050156235694,-0.4251478612422943,0.054047342389822,0.3492030799388885,0.9181999564170836,0.1869918406009674,0.0,-1.040836308646822,-0.6591233685690467,-1.106102709330079,0.6127479776485942,3.299146102214427e-15,7.402276820881684e-17,-4.069931700084584e-22,-2.0833282278671258e-23,8.093474947005816e-30,4.174741103597703e-31,0.1181194836689205,0.881764811220605,0.0001157051104744,31.77673721313477,-0.9107574331501692,-0.0465155179479016,0.1398646624183026,-0.9022410820358472,-0.1202326360597329,0.3721419039841076
1302.0,0.5492506965168082,0.1016618356745518,0.243450739114983,0.1056367286936568,3.5894418858493308e-12,0.6575115338834545,0.1282104931395576,0.2142779729769877,0.3152559515055895,0.589211528177424,0.0955325203169866,0.0174135926937703,0.009166140853246,0.0013238357132196,0.0454751500789657,0.8977689978010611,0.028852282859737,0.3611386679533224,0.0599003255551248,0.2185625260691859,0.4432415664811686,0.0416270321444061,mixed_higher_order,-8.578154022974332e-32,1.8774099504098963e-30,-4.9244209463532967e-32,8.28430643761417e-31,-9.021504009339067e-32,1.0690751431605222e-30,1.6453830680229358e-22,3.314841484741028e-23,2.1935822521351176e-22,6.733987496340168e-23,7.57767762595241e-23,-5.286574886975097e-23,-2.193849296452247e-37,4.068357771410441e-37,1.6815198843135727e-37,-2.9014323198382264e-37,5.123297334393068e-38,-1.1669254515722151e-37,-2.324312782131075e-37,4.742784442060434e-37,3.115595803643539e-37,-2.325991397607092e-36,-4.995968473699952e-38,4.177277546628164e-37,7.619360312775559e-29,7.172053350591394e-30,5.6511596458094724e-30,-8.018890128003292e-30,-8.18447621197052e-29,8.468389024564119e-31,4.468842705606837e-28,3.358376410481756e-29,-8.132112499707125e-29,-1.5898990394886529e-28,-5.1302046562820494e-30,-1.2467063382179237e-29,-9.68991966148891e-38,1.457634436349109e-38,4.0509591280858655e-39,1.4632411116958585e-37,3.1726645675418303e-37,2.4387825215499873e-38,0.0115575995296239,0.1636251509189605,-0.8366187810897827,-0.0732878521084785,-0.2834963798522949,0.0641513839364051,-0.4233351647853851,0.0622392371296882,0.350054383277893,0.9178757071495056,0.1869918406009674,0.0,-1.0496826807947766,-0.6775823582954067,-1.0969716552720172,0.6408174333537542,3.2988929164886205e-15,5.909302317617338e-17,-4.222047892226312e-22,-1.5095195948024552e-23,8.12123345194916e-30,3.675827695103112e-31,0.1113923655704525,0.8883884785211826,0.0002191559083648,32.44874572753906,-0.9095503537863706,-0.041558653850358,0.1214021493600878,-0.9063446379416272,-0.1088226342339315,0.3544874403403334
1303.0,0.5509506504742384,0.0961369746061059,0.244194673122306,0.1087177017973495,3.583279545706864e-12,0.6534735601312398,0.1271801793928515,0.2193462604759085,0.3414095270990722,0.5540504521206554,0.1045400207802724,0.0177294455556965,0.0092489380812705,0.0013893341660695,0.0458578691839821,0.8960656322648355,0.0297087807481458,0.3600316830220229,0.0532647342460249,0.218814454167044,0.4432242214654109,0.0419666911477795,mixed_higher_order,-7.534913385072175e-32,1.8762433276894173e-30,-3.323424948761639e-32,8.277229734948106e-31,-7.016575905037311e-32,1.0856379866728952e-30,1.6733590783608732e-22,2.980808503646522e-23,2.0779441418098492e-22,6.086732419877902e-23,7.596752196373628e-23,-5.545301415527214e-23,-2.0801859284507444e-37,4.189800711700148e-37,1.625939840120676e-37,-2.961641136156019e-37,4.5424590661965e-38,-1.2281574637493036e-37,-2.240410830739354e-37,4.824867795491236e-37,2.643547510511415e-37,-2.336603907316011e-36,-3.916114592838544e-38,4.263785119149853e-37,7.542804530381597e-29,5.3977900598453634e-30,8.720214225217019e-30,-7.807851164248704e-30,-8.414826412012964e-29,2.4100609404356032e-30,4.555965067124579e-28,2.4768229300580575e-29,-8.495295481453292e-29,-1.576995845411983e-28,-5.927180561854586e-30,-1.2155354732709505e-29,-9.7601009414751e-38,1.4572636630253186e-38,7.33933397352322e-39,1.4620391607482273e-37,3.234150363167727e-37,1.851777319646864e-38,0.0179926063865423,0.1465778201818466,-0.8424551486968994,-0.0498862788081169,-0.2799656987190246,0.0710928589105606,-0.4212699830532074,0.0706557855010032,0.3509041368961334,0.9175512194633484,0.1869918406009674,0.0,-1.0595407493291558,-0.6955968110873831,-1.0868295422545422,0.6687901050677003,3.2986495938640112e-15,4.361921190783605e-17,-4.3726444255890875e-22,-8.699859358437592e-24,8.149834553545178e-30,3.153651977355707e-31,0.1052437783011513,0.8946799570256495,7.626467319910013e-05,33.15277099609375,-0.9082875496255142,-0.0364764415903127,0.1028502904867135,-0.9090829261220648,-0.0982873684595805,0.3355423689030648
1304.0,0.5528971925416631,0.090480287080835,0.2444720753727193,0.1121504450047825,3.5741481628775456e-12,0.6489516939842439,0.1261268785688725,0.2249214274468836,0.3717427472831326,0.5131267444463059,0.1151305082705615,0.018137754303504,0.0093522981986141,0.0014764822441528,0.0463113438474304,0.8940941777589885,0.0306279436473101,0.358803569699045,0.046427855146356,0.2185810592154049,0.4421655213130736,0.0423724193552743,mixed_higher_order,-6.470981920873037e-32,1.873918112047108e-30,-1.7381491720229602e-32,8.264393721597918e-31,-4.865286824220401e-32,1.1027990533771186e-30,1.7010965302164826e-22,2.6148020466298842e-23,1.947183413334388e-22,5.45111639807807e-23,7.620712718710818e-23,-5.801933546711453e-23,-1.957851787143892e-37,4.315530520572608e-37,1.564179572574115e-37,-3.0220439130076784e-37,3.9367242947936247e-38,-1.293486091781924e-37,-2.1523112689994885e-37,4.902795387918064e-37,2.1388826887300802e-37,-2.3429250956409643e-36,-2.7068887061803594e-38,4.345974123830025e-37,7.47184123016888e-29,3.542313575542546e-30,1.1889396664857437e-29,-7.685367828670719e-30,-8.660781422963976e-29,4.143055897844896e-30,4.646624422011096e-28,1.522232036761027e-29,-8.844847592375155e-29,-1.563071405602955e-28,-6.789344579002103e-30,-1.1849381364882221e-29,-9.835940565489597e-38,1.4590955287798775e-38,1.0535278419640882e-38,1.4600149465824417e-37,3.2990012599770762e-37,1.218248812667675e-38,0.0239480473101139,0.1284347474575042,-0.8472741842269897,-0.0251207891851663,-0.2761234641075134,0.0776287019252777,-0.4192220866680145,0.0788745805621147,0.3517521917819977,0.9172264337539672,0.1869918406009674,0.0,-1.0705583195525945,-0.7140508889284094,-1.0746325065379947,0.6974574114846734,3.2970287916430104e-15,2.7753828661526306e-17,-4.527098325435037e-22,-1.2635847110450668e-24,8.174969017474595e-30,2.620460943134342e-31,0.0993393761177772,0.9004729547159303,0.0001876691662925,33.903472900390625,-0.906466238704752,-0.0313019368606901,0.0830881361106715,-0.9101447230811228,-0.0879560621241388,0.3141862561047431
1305.0,0.5551264821987305,0.084920837549998,0.2440918984249227,0.1158607818263486,3.5638562047241964e-12,0.6440615180874268,0.125060612372254,0.230877869540319,0.4057051565107682,0.4667203762768583,0.1275744672123734,0.01864147562319,0.0094947028574032,0.0015800172838274,0.0468794058978053,0.8917502487351634,0.0316541496026104,0.3575356048554473,0.039634285255081,0.2176690111346631,0.4397050154374368,0.0427717699928353,mixed_higher_order,-5.399631318197466e-32,1.871111004750181e-30,-1.0216236729417368e-33,8.248530409741035e-31,-2.62422279905903e-32,1.1204402584384891e-30,1.7276302257884514e-22,2.234642549097223e-23,1.8038589038931817e-22,4.869543523750576e-23,7.639158180298887e-23,-6.088345782698844e-23,-1.8316691814174441e-37,4.44177113087541e-37,1.502289629362969e-37,-3.082324415493706e-37,3.293796279627339e-38,-1.359446804853588e-37,-2.05895647335972e-37,4.978638493283485e-37,1.6280646633662693e-37,-2.3441224517050744e-36,-1.461881186344166e-38,4.424681700547422e-37,7.399089227414591e-29,1.7997130764166633e-30,1.5161399224468273e-29,-7.79085493722851e-30,-8.915229413824248e-29,5.991141860811847e-30,4.739213946857294e-28,5.226841452987576e-30,-9.2076949475297e-29,-1.548054348115754e-28,-7.627778702347709e-30,-1.1506195086538376e-29,-9.9113930262149e-38,1.4647012940120086e-38,1.387199153759567e-38,1.4573159436690487e-37,3.366537886952216e-37,5.52467986665564e-39,0.0290490761399269,0.1099569350481033,-0.8511391878128052,7.15619171387516e-05,-0.2720722556114197,0.084378570318222,-0.4168837666511535,0.087379902601242,0.3525988161563873,0.9169013500213624,0.1869918406009674,0.0,-1.0824862845211616,-0.7320969626244118,-1.0610838317642357,0.7259198238502251,3.294709104010585e-15,1.156990770422022e-17,-4.679801466445795e-22,6.91016658288274e-24,8.196630311142373e-30,2.07221865771599e-31,0.0940774317921889,0.9058652444276056,5.73237802053983e-05,34.70326232910156,-0.9044147933113024,-0.0260995014737611,0.0631477470755712,-0.9092148182147376,-0.0785119299797441,0.2908372073584401
1306.0,0.5574714774230765,0.0795601144536776,0.2431541070950008,0.119814301028245,3.552313299878645e-12,0.6389385648325902,0.123863927352675,0.237197507814735,0.4435490746337198,0.4149137945781224,0.1415371307881578,0.0192522006328905,0.0096620823944894,0.0017092814516138,0.0474847855691258,0.8891158606468116,0.0327757893050686,0.3561900257198041,0.033010588985045,0.2161921731995787,0.4361731800503692,0.0432234451117044,mixed_higher_order,-4.3173294484132576e-32,1.867696982905193e-30,1.5269076143936314e-32,8.22413916034452e-31,-2.663199693106759e-33,1.1382737952017672e-30,1.7532795843072097e-22,1.8365294523936112e-23,1.6487498298517045e-22,4.34406707588122e-23,7.656880839806501e-23,-6.367093758236423e-23,-1.697355589796917e-37,4.571666908663532e-37,1.4353226110320469e-37,-3.142431031655477e-37,2.620330376182921e-38,-1.429236638312884e-37,-1.961434795098524e-37,5.047812220757186e-37,1.1066093847555695e-37,-2.340753463798879e-36,-1.4842036428851595e-39,4.499202028759252e-37,7.32464300011701e-29,-2.5611724989445845e-32,1.8532112968757162e-29,-7.971148506534667e-30,-9.177854826538408e-29,7.996762631027969e-30,4.833212554085941e-28,-5.383786995069013e-30,-9.557908701266443e-29,-1.5306871588052684e-28,-8.533298974924416e-30,-1.1177887164055569e-29,-9.992405714484803e-38,1.4694351535078154e-38,1.716030608277751e-38,1.4525095764246808e-37,3.435892939212014e-37,-1.5513272549290613e-39,0.0333376228809356,0.0908342599868774,-0.8538775444030762,0.0258841533213853,-0.2675744593143463,0.0908695608377456,-0.4141753911972046,0.0957706198096275,0.3534435629844665,0.916576087474823,0.1869918406009674,0.0,-1.095581427868632,-0.7499881693167166,-1.0459863425888072,0.7542983339571043,3.291816422053411e-15,-4.725690390021138e-18,-4.831954739344455e-22,1.5968850720860484e-23,8.218072225121896e-30,1.517252589133005e-31,0.0892156282509246,0.91049011652107,0.0002942552280053,35.540706634521484,-0.9020733576529442,-0.0208521398667471,0.0428563548282766,-0.906518256505122,-0.0699860138936712,0.2656253379231766
1307.0,0.5601450349086357,0.0743202787639937,0.2412774508484731,0.1242572354788975,3.539021285238187e-12,0.6330585203861901,0.1227547296097626,0.2441867500040474,0.4861328247381598,0.3553507027144897,0.1585164725473505,0.0200243142444186,0.0098799781299622,0.0018716737470611,0.0484506179140728,0.8857380400503525,0.0340353759141325,0.3546045870009316,0.0264097632847219,0.2137086164228718,0.4307410327895301,0.0437119572981062,mixed_higher_order,-3.2272557729770664e-32,1.86311364947338e-30,3.1553196893201807e-32,8.199367347978653e-31,2.2159870529145548e-32,1.1570815783325109e-30,1.7774649951270273e-22,1.4208326226406542e-23,1.4744564970074397e-22,3.875077598614845e-23,7.706767555162446e-23,-6.654623249804147e-23,-1.5556564358501389e-37,4.7058098958311485e-37,1.3652595204750807e-37,-3.202541721055356e-37,1.90396881563217e-38,-1.5032678277452073e-37,-1.8645962326199727e-37,5.122649803104644e-37,5.751609279610774e-38,-2.3301421498727227e-36,1.225267320162962e-38,4.567421505351685e-37,7.264743719668592e-29,-1.842283977039712e-30,2.1967234104192537e-29,-8.319548734990742e-30,-9.461468192426704e-29,1.0161830222173758e-29,4.932121460850132e-28,-1.661739919882909e-29,-9.911198724111255e-29,-1.5131708215220404e-28,-9.4229967858549e-30,-1.0773921985130677e-29,-1.0077087089487778e-37,1.481499775831535e-38,2.048161089053655e-38,1.447626656742196e-37,3.5102810865649527e-37,-9.066560978509355e-39,0.0368069261312484,0.07123863697052,-0.8555502891540527,0.052444115281105,-0.2629834413528442,0.0973071977496147,-0.4114708304405212,0.1042162477970123,0.3542869687080383,0.9162504076957704,0.1869918406009674,0.0,-1.1095330088720154,-0.7675559912398309,-1.0290875940941229,0.7826699418993223,3.287444773629947e-15,-2.151220319416165e-17,-4.983258494545453e-22,2.589554377928244e-23,8.23354752868718e-30,9.444573625320136e-32,0.0850586743683162,0.9148859531075016,5.537252418230665e-05,36.45735549926758,-0.899171174724237,-0.0155752997963575,0.0222405454726787,-0.9010283891460148,-0.0623824933846972,0.2373636922870114
1308.0,0.5629967172353729,0.0694113393797943,0.2385277484785676,0.129064194906265,3.5248816508975333e-12,0.6267568829180848,0.1215272254112673,0.2517158916706478,0.532500275768307,0.2897167244999929,0.1777829997316999,0.0209574921636886,0.010147526391694,0.0020690036177402,0.0494604765708751,0.8819376239246697,0.0354278773313321,0.3528620675875567,0.0201096258882713,0.2103665957332892,0.4236752030275977,0.044233406710691,mixed_higher_order,-2.137779662992844e-32,1.8578089441242865e-30,4.8034741555889416e-32,8.167086858269027e-31,4.867611721095321e-32,1.176424670774858e-30,1.800038487997665e-22,9.789822225569509e-24,1.2832726719677917e-22,3.482578931438576e-23,7.744189715074761e-23,-6.965936039647337e-23,-1.4072033510364652e-37,4.842639143379804e-37,1.2928376912284612e-37,-3.262258687137951e-37,1.1436567283996695e-38,-1.5803806233096662e-37,-1.7622240147251468e-37,5.186913493320696e-37,3.203996990480555e-39,-2.313229843677161e-36,2.697958456889591e-38,4.628457302155506e-37,7.211984251142685e-29,-3.655416364860394e-30,2.5457198826307174e-29,-8.894997779949311e-30,-9.757704400171855e-29,1.2550414810805845e-29,5.033519093580349e-28,-2.871112275023283e-29,-1.025964064683018e-28,-1.4939832060151095e-28,-1.037979820459391e-29,-1.0371086975127917e-29,-1.016568466476969e-37,1.4950590559960282e-38,2.38155977877625e-38,1.4416409276359062e-37,3.5879604295976287e-37,-1.718020824002892e-38,0.039326287806034,0.0508276522159576,-0.855862021446228,0.079903669655323,-0.2580212652683258,0.103559210896492,-0.40857994556427,0.1126483902335167,0.3551287055015564,0.9159244298934937,0.1869918406009674,0.0,-1.12493840754042,-0.7850632281883545,-1.0102043803299987,0.8110304561160103,3.282264270196408e-15,-3.837818327374304e-17,-5.134547186631237e-22,3.694334129995871e-23,8.24760413797384e-30,3.6497000361616687e-32,0.0814294906345612,0.9185116279179152,5.888144752375091e-05,37.43827438354492,-0.8959255488698197,-0.010309410039106,0.0012370402923179,-0.8931214762445091,-0.0560210361880974,0.2064282424341433
1309.0,0.5660037825680331,0.0649732784701125,0.2346614427696991,0.1343614961921553,3.510043502656817e-12,0.6197364447789198,0.1202998519775068,0.2599637032435734,0.5814463009497716,0.2190044377366326,0.1995492613135959,0.0221108458290965,0.0104768898208537,0.0023159781077696,0.0507644119154836,0.87733924658475,0.0369926277420463,0.3507731719401335,0.0142294363192526,0.2058776934020582,0.4145934179185331,0.0448295016222951,mixed_higher_order,-1.0267555922335167e-32,1.851320471157617e-30,6.446694512765586e-32,8.131237337159168e-31,7.674687607170452e-32,1.1966019251493113e-30,1.8207296885811835e-22,5.1330845833177805e-24,1.0718753769991472e-22,3.173436668070696e-23,7.807216769691367e-23,-7.273841004701633e-23,-1.2512002414901793e-37,4.983996650735438e-37,1.217018161535805e-37,-3.3212678270981447e-37,3.418181436566205e-39,-1.6627304158569752e-37,-1.6610497298617462e-37,5.249136848540013e-37,-5.169391964162057e-38,-2.288254654916787e-36,4.2383322805278387e-38,4.680754241533883e-37,7.16000403875596e-29,-5.422150788813349e-30,2.912474032854804e-29,-9.694109370795049e-30,-1.0072478071610764e-28,1.5116260827643558e-29,5.139475158421885e-28,-4.1501625454334426e-29,-1.060444034728514e-28,-1.473360414275043e-28,-1.1405390987867637e-29,-9.907311455660776e-30,-1.0262256313884815e-37,1.515317008592347e-38,2.7142957571010917e-38,1.4344822704271134e-37,3.67042976971163e-37,-2.584952197324383e-38,0.0408350341022014,0.0299365073442459,-0.854720950126648,0.1080768629908561,-0.2527675628662109,0.1096191108226776,-0.4053982198238373,0.1211872547864914,0.3559688627719879,0.9155982732772828,0.1869918406009674,0.0,-1.1415216036143654,-0.8020386445873714,-0.9893266730481663,0.8392929685184161,3.27583560564728e-15,-5.592046983392689e-17,-5.284019844152952e-22,4.902903824066421e-23,8.259166253186364e-30,-2.4148470891304583e-32,0.0784714847769784,0.9212625782583664,0.0002659369646552,38.50368881225586,-0.8921144479262098,-0.0049477306203382,-0.0199281693081636,-0.8821293974129314,-0.0510091518167739,0.1722909878244126
1310.0,0.5690414720196548,0.0613046873293337,0.2295502202824236,0.1401036203685878,3.496388204750292e-12,0.6120498417409359,0.119024629054529,0.2689255292045351,0.6285534848266161,0.1479425904622216,0.2235039247111621,0.0235182004175562,0.0108870989341524,0.0026180742017384,0.0523056338194379,0.8719341010477554,0.0387368915793595,0.3482817428936589,0.0090695742509781,0.2001526649672693,0.4033980501767276,0.0454546529906988,mixed_higher_order,6.2848941649076615e-34,1.8439846384403204e-30,8.101265229396026e-32,8.091263450674083e-31,1.0653607359159071e-31,1.217654315520058e-30,1.8387814404385748e-22,2.848041803278489e-25,8.406377329372435e-23,2.9856897095095745e-23,7.866480122125354e-23,-7.638461309273782e-23,-1.0855437337029477e-37,5.1298228803598695e-37,1.138045498755294e-37,-3.38115373143166e-37,-5.250175111697999e-39,-1.7486713626453809e-37,-1.5492518729379623e-37,5.3078482478636046e-37,-1.0568371887585265e-37,-2.255087071909705e-36,5.839604059299045e-38,4.722424111471284e-37,7.120692172471136e-29,-7.277546912225455e-30,3.283682854586477e-29,-1.0679773149819914e-29,-1.0404374490994527e-28,1.7957320062045368e-29,5.249339461897317e-28,-5.52534644511454e-29,-1.09429913831683e-28,-1.4517272429366663e-28,-1.2446803266186869e-29,-9.394581999606368e-30,-1.0363209068457308e-37,1.5411883206135923e-38,3.046583272126807e-38,1.4266086465175563e-37,3.7577479238827217e-37,-3.517573259474985e-38,0.0412585362792015,0.0086372150108218,-0.8522601127624512,0.1368680000305175,-0.2473758310079574,0.1154765412211418,-0.4021252393722534,0.1297353953123092,0.3568074107170105,0.915271818637848,0.1869918406009674,0.0,-1.1593134270479817,-0.8185893530673379,-0.9666205982681972,0.8671289973710791,3.2684418067420538e-15,-7.346234003594791e-17,-5.4309573146931965e-22,6.211111025322291e-23,8.267222675932222e-30,-8.517932141080216e-32,0.0763065016383209,0.923616130175253,7.736818642600785e-05,39.66783905029297,-0.8879011513760078,0.0003026253391144,-0.0406792305699388,-0.8680164544669849,-0.0479547121793789,0.1350191897092777
1311.0,0.5720190610660261,0.0586526750896271,0.2229056431950147,0.1464226206493322,3.483897994359112e-12,0.603482212585858,0.1176563313493827,0.2788614560647593,0.6697631942704488,0.0828920066643852,0.2473447990651659,0.0252652142756021,0.0113889883629387,0.0030017183366434,0.0542457821490171,0.865275728199926,0.0408225686758725,0.3452033286134104,0.0048618379344133,0.1928748427354392,0.3896821948198778,0.0461399448262509,mixed_higher_order,1.1167621519404162e-32,1.8353001541324505e-30,9.771666649064626e-32,8.04470487688621e-31,1.384295693664478e-31,1.2399015271941409e-30,1.8554897774204944e-22,-4.7846453091006356e-24,5.835166474952743e-23,2.930677076010589e-23,7.955329498952428e-23,-7.996379565392035e-23,-9.071936146890952e-38,5.280770848743069e-37,1.053570272994525e-37,-3.439709696665662e-37,-1.4637659502385484e-38,-1.841061377030216e-37,-1.436877912790247e-37,5.3624482165664464e-37,-1.588831212654661e-37,-2.211546135271801e-36,7.5153179853996e-38,4.757004321687746e-37,7.094031002717601e-29,-9.209598423476445e-30,3.6669200446565307e-29,-1.185983580932566e-29,-1.0760950778523235e-28,2.1069433560674858e-29,5.365008719701458e-28,-7.00041389370642e-29,-1.1280858947338703e-28,-1.4280997308568212e-28,-1.3583043707733685e-29,-8.831811829644453e-30,-1.047150356218483e-37,1.5713104997265987e-38,3.3827701873124283e-38,1.4171406649020463e-37,3.851491161107882e-37,-4.5288175763530515e-38,0.0405072160065174,-0.01339269336313,-0.8481730222702026,0.1661774516105651,-0.2415579706430435,0.1212404072284698,-0.3985079526901245,0.1384050995111465,0.3576444089412689,0.9149450659751892,0.1869918406009674,0.0,-1.1783729114161154,-0.8347978315533374,-0.941667729159526,0.8944360491869359,3.2595394865338306e-15,-9.072403688661971e-17,-5.5752890366268455e-22,7.634572418072326e-23,8.271174854036283e-30,-1.4629038749180095e-31,0.0748696883102281,0.9249769810587164,0.0001533306310556,40.9547233581543,-0.883045385542221,0.0053732446041521,-0.0610632075853169,-0.8499587600433168,-0.0470352209690104,0.0936501488980059
1312.0,0.5746543632119984,0.0573580148174067,0.2148186366181938,0.153168985352401,3.4747964679653617e-12,0.594077509633077,0.1162960048247294,0.2896264855421935,0.6951043111456129,0.036759589218585,0.2681360996358021,0.0274154854469355,0.0120041496763713,0.0034814029083935,0.0565918755766788,0.8574013314904657,0.043105754901155,0.3413892329967657,0.0021084570630813,0.1841857850654058,0.3738223362952942,0.0468435741983472,mixed_higher_order,2.1743343905494154e-32,1.8254334900978223e-30,1.1444044546904412e-31,7.995657865236978e-31,1.724818008092896e-31,1.2629364506306799e-30,1.867615914597416e-22,-1.0043626055282488e-23,3.051012597505118e-23,3.031566605987488e-23,8.043298171258142e-23,-8.381137496038257e-23,-7.196341240462534e-38,5.437253378642504e-37,9.65923098014429e-38,-3.498360560240503e-37,-2.462892894126592e-38,-1.938892818402001e-37,-1.32417322349888e-37,5.412415151685887e-37,-2.103026354189104e-37,-2.158630121757597e-36,9.23211887371753e-38,4.7745722463825895e-37,7.078981863874018e-29,-1.1104000071949257e-29,4.054037221471893e-29,-1.3360893543557036e-29,-1.1133019085345915e-28,2.4464895638047267e-29,5.4841559889376545e-28,-8.578842158901178e-29,-1.161133222749955e-28,-1.404002316105487e-28,-1.4718967783471557e-29,-8.21864581417764e-30,-1.0582454188906122e-37,1.60983734609248e-38,3.719020493380504e-38,1.407400610123013e-37,3.950021562373152e-37,-5.622680698485225e-38,0.0385887548327446,-0.0356495268642902,-0.8423433303833008,0.1961184442043304,-0.235689029097557,0.1267606168985366,-0.3947807848453522,0.1471656858921051,0.3584797978401184,0.9146180748939514,0.1869918406009674,0.0,-1.1986313039743106,-0.8501823370487581,-0.914517865603324,0.921252807709845,3.249100459374888e-15,-1.0850428321569327e-16,-5.7155795363353925e-22,9.169703939308196e-23,8.271016560276307e-30,-2.093875980785417e-31,0.0743775531986361,0.9255143375855638,0.0001081092158,42.36064529418945,-0.8776286555312947,0.0104537260776949,-0.0807019965165699,-0.828357477402206,-0.0486173398802342,0.048929195927551
1313.0,0.5768625618479962,0.0580360124180352,0.204353285530778,0.1607481402031905,3.470201797065473e-12,0.5831786333217175,0.1148448592144321,0.3019765074638504,0.6947198351888756,0.0219269504325666,0.2833532143785577,0.0302773905919195,0.0128215196247621,0.0041301820343671,0.0596395213327714,0.847215419700005,0.0459159667161747,0.3364139204329792,0.001272552767594,0.1731312545680331,0.3542495198095822,0.0476241563475303,mixed_higher_order,3.1961474585200563e-32,1.8134931217153943e-30,1.318075769112765e-31,7.940277310790374e-31,2.101617445385136e-31,1.288144719274645e-30,1.875920107435051e-22,-1.565151639006226e-23,-1.4672646644253758e-24,3.341077784919678e-23,8.166174623000611e-23,-8.822936575044151e-23,-5.111529225148889e-38,5.607574518060597e-37,8.708592818512157e-38,-3.5592367767561705e-37,-3.5970622330519607e-38,-2.0483396219226817e-37,-1.2014122016864513e-37,5.457430961317063e-37,-2.601564261892688e-37,-2.090046559334139e-36,1.105637736053665e-37,4.7769160730967104e-37,7.089441163141902e-29,-1.319497833626323e-29,4.4585941650408477e-29,-1.5156283881192846e-29,-1.1548034787192267e-28,2.835126356993228e-29,5.6135977020407215e-28,-1.0336481190400372e-28,-1.195174677123858e-28,-1.3778609959728995e-28,-1.598957016982498e-29,-7.554775885393525e-30,-1.070411021614897e-37,1.655094579654364e-38,4.070081992527586e-38,1.3962341039200682e-37,4.059652444162373e-37,-6.850989608177551e-38,0.0352091416716575,-0.059099830687046,-0.8343651294708252,0.2273564636707306,-0.2293980568647384,0.1323590278625488,-0.3907022774219513,0.1562956124544143,0.3593136072158813,0.9142908453941344,0.1869918406009674,0.0,-1.2207581747954448,-0.8654077467929515,-0.8839902033071941,0.9478168683703434,3.2363227484663944e-15,-1.2614435080765492e-16,-5.854733892474919e-22,1.0876491061923006e-22,8.263297583845209e-30,-2.726462278584786e-31,0.0748748543945291,0.924932718904927,0.0001924267005438,43.98112106323242,-0.8712239438901195,0.0153546774494093,-0.0996809893554909,-0.8008178459597113,-0.0535401734423944,-0.0023512653603519
1314.0,0.5780209579813586,0.0612914198464978,0.1919996263015224,0.168687995870621,3.474963393990864e-12,0.5711556731285093,0.1133737839615289,0.3154705429099617,0.6619577542567173,0.0515411743447542,0.2865010713985285,0.0338748604252537,0.0138303020133723,0.0049666883464091,0.0635009328090837,0.8346373592509462,0.0491898571549348,0.3301399493382286,0.0031590317561458,0.1602500610734712,0.3321672400461897,0.0484374655213837,mixed_higher_order,4.1984965743794536e-32,1.8002647147242483e-30,1.48745145290687e-31,7.883847159194509e-31,2.5002690248428046e-31,1.314746820798576e-30,1.8803543935165744e-22,-2.1426453893668602e-23,-3.618221277307838e-23,3.84652540368026e-23,8.323708389776654e-23,-9.25918223992026e-23,-2.9394357083575247e-38,5.782826256542254e-37,7.732054328283357e-38,-3.618097447267424e-37,-4.792615641125434e-38,-2.164731986222808e-37,-1.086738565224681e-37,5.499442947007821e-37,-3.066108205648672e-37,-2.009074819514768e-36,1.2911124176444975e-37,4.761905349468796e-37,7.103835566493819e-29,-1.5330148181960877e-29,4.88193989012115e-29,-1.7206722384609017e-29,-1.1985775456614964e-28,3.2536869209968706e-29,5.749093907033095e-28,-1.220059054023868e-28,-1.2273852430354216e-28,-1.351278527968854e-28,-1.7281357155118538e-29,-6.767832314953304e-30,-1.0832304787404635e-37,1.7128337163063942e-38,4.409998812433227e-38,1.3846383559947965e-37,4.17670193638859e-37,-8.167070777615315e-38,0.0304392706602811,-0.0825237035751342,-0.8244813680648804,0.2588408887386322,-0.2230759114027023,0.1374638080596923,-0.3865492343902588,0.165375143289566,0.3601459562778473,0.9139633178710938,0.1869918406009674,0.0,-1.2440475581209596,-0.8794624661940412,-0.8513434121712953,0.9734713433676152,3.222085510779816e-15,-1.4420067494438512e-16,-5.987353895393486e-22,1.2691821527155585e-22,8.25278770311421e-30,-3.384527140178444e-31,0.0763958716245047,0.9235373805948814,6.674778061377395e-05,45.79240417480469,-0.8642106623233965,0.020154733221346,-0.1173016121597511,-0.7686216515270861,-0.0615929709493467,-0.0579372224627206
1315.0,0.5775853535054805,0.068128148865153,0.1771232098228738,0.1771632878064927,3.4928594350456976e-12,0.5574971216125645,0.1117381597254599,0.3307647186619756,0.5950833372830462,0.1288314498230261,0.2760852128939275,0.0386690385086981,0.0151450571522078,0.0061162536747457,0.0683561457732706,0.8184925713746771,0.0532209335164005,0.3220021720648808,0.0087770481920566,0.1449740314580604,0.3066615327897042,0.0493219168652725,mixed_higher_order,5.131070058516736e-32,1.7849730138770192e-30,1.6612436696326384e-31,7.819977612356312e-31,2.9422035693390465e-31,1.3436279758602476e-30,1.8796505190921792e-22,-2.743481343438251e-23,-7.507532547265251e-23,4.664259347303057e-23,8.501810011743024e-23,-9.753282436532698e-23,-5.322326931792852e-39,5.970631826688343e-37,6.670810284795044e-38,-3.676700721252301e-37,-6.138574301824844e-38,-2.293930166514313e-37,-9.65587982130734e-38,5.529776645562533e-37,-3.4751136157834133e-37,-1.9111043337860788e-36,1.482168872416284e-37,4.72619730699637e-37,7.146670355496345e-29,-1.763354106174576e-29,5.318737643704365e-29,-1.9678983818156992e-29,-1.246540799920071e-28,3.7312520797696013e-29,5.894892029897775e-28,-1.427328455712561e-28,-1.259415100252483e-28,-1.3229133362484476e-28,-1.8749167342073042e-29,-5.9041568430295385e-30,-1.0972657493911205e-37,1.7805163614710406e-38,4.756901805326624e-38,1.371757178650384e-37,4.305412680801923e-37,-9.650557581744105e-38,0.0240637362003326,-0.1067539900541305,-0.8121217489242554,0.2911206483840942,-0.2164323925971985,0.142434760928154,-0.3820455074310303,0.1747373789548874,0.3609766662120819,0.9136354327201844,0.1869918406009674,0.0,-1.269138638474791,-0.8929559495620625,-0.8154352310576474,0.998279332699105,3.205613277786169e-15,-1.6182805009255312e-16,-6.11560190227976e-22,1.467351240932347e-22,8.237320670883816e-30,-4.042063846424903e-31,0.0791061194784048,0.920784888343624,0.0001089921779711,47.891483306884766,-0.8562183236944401,0.0246127878130745,-0.132747006512323,-0.7300290220457665,-0.0746302421594189,-0.1201238889827368
1316.0,0.5746941278749982,0.0797883764977675,0.1595596952089329,0.1859578004183013,3.5304284936067666e-12,0.5419351768662373,0.1100368215205253,0.3480280016132374,0.5025888104193653,0.2435026321221619,0.2539085574584727,0.0452321370598094,0.0169295819028087,0.0077268366342804,0.0749744028398943,0.7968769248359018,0.0582601167273053,0.3114469638339251,0.0194286796899604,0.1271494392458482,0.2776428146202301,0.050259338445455,mixed_higher_order,5.978010408118714e-32,1.7672939050574095e-30,1.8409246270399798e-31,7.752479063108837e-31,3.432345265106325e-31,1.3748709638382537e-30,1.87220011087171e-22,-3.366423573788731e-23,-1.1876012841353202e-22,5.854364618267191e-23,8.731443489806392e-23,-1.0323132187560864e-22,2.1272842177172159e-38,6.1724711900903255e-37,5.539200539816168e-38,-3.7376511350370818e-37,-7.666491428666387e-38,-2.4348218671008987e-37,-8.373623427356219e-38,5.5598657177619765e-37,-3.811879261709826e-37,-1.7929757160967142e-36,1.676117119771522e-37,4.664360897423325e-37,7.22930880076124e-29,-2.0172661287759158e-29,5.761861963876769e-29,-2.2590610701392242e-29,-1.2991169126782702e-28,4.276326925939256e-29,6.051844355466744e-28,-1.657845987852141e-28,-1.291494770833146e-28,-1.293345874903002e-28,-2.0318531411307962e-29,-4.891808041887101e-30,-1.1123666345852044e-37,1.8650109753671143e-38,5.112570069437739e-38,1.358222042301345e-37,4.446788366901838e-37,-1.1323372247389076e-37,0.0157654378563165,-0.1316236704587936,-0.7969518899917603,0.3242067098617553,-0.2096610516309738,0.1472774296998977,-0.3772655427455902,0.1845074146986007,0.3618057668209076,0.91330748796463,0.1869918406009674,0.0,-1.2961220010214256,-0.9054786760838616,-0.7758366835837335,1.0219229507587475,3.1863642979723344e-15,-1.7917311664724155e-16,-6.23711141287802e-22,1.683873729653341e-22,8.213609029910299e-30,-4.707849220997603e-31,0.0832217375258606,0.9166145815027094,0.0001636809714299,50.34469604492188,-0.8470938065281781,0.0286536131742832,-0.1453900184601222,-0.6838641902443763,-0.09360128074996,-0.1898771403279375
1317.0,0.5683100407604913,0.0976018184105637,0.1393263130303793,0.1947618277985655,3.59742968777435e-12,0.5241130051597084,0.1081293279934123,0.3677576668468794,0.4011369032066875,0.3757242720062974,0.2231388247870152,0.0545464719346795,0.019408884926732,0.0100807283752803,0.0838600442771453,0.7672385955361956,0.0648652749499672,0.2978586833254174,0.0366713721687999,0.1068965247306646,0.2451589854790144,0.0512320941849856,mixed_higher_order,6.717930470119041e-32,1.7469944707362277e-30,2.0260394722895893e-31,7.678126307161715e-31,3.976621290293837e-31,1.4094468139607262e-30,1.857472731459632e-22,-4.007744776578465e-23,-1.6795875090907146e-22,7.490391718967081e-23,8.984199728484411e-23,-1.096093445779442e-22,5.054785697885289e-38,6.392195513632629e-37,4.3300455292193836e-38,-3.800316507340507e-37,-9.384825358373972e-38,-2.59187847680466e-37,-7.053803955317845e-38,5.577469681824604e-37,-4.0477279396000324e-37,-1.6515988250449402e-36,1.8740894627059465e-37,4.575439172752225e-37,7.33467496387943e-29,-2.301850278313816e-29,6.234870191174551e-29,-2.595286288240533e-29,-1.3569545702667072e-28,4.897136840360893e-29,6.222928830615094e-28,-1.9147166830135542e-28,-1.323833068709259e-28,-1.262002074736508e-28,-2.2051908180213065e-29,-3.7653396895284895e-30,-1.1287587840720123e-37,1.9638791315201143e-38,5.48097837636841e-38,1.3434005753874917e-37,4.6045887318826884e-37,-1.3212503509452003e-37,0.0055601974017918,-0.1569487750530243,-0.7788419723510742,0.3578733205795288,-0.2025333791971206,0.152099996805191,-0.3721231818199157,0.1946354806423187,0.3626334071159363,0.9129791855812072,0.1869918406009674,0.0,-1.324845029095709,-0.9169547276348052,-0.7325716774013339,1.044062357133579,3.164152330274925e-15,-1.9581782164194647e-16,-6.350517388846677e-22,1.9182149569760088e-22,8.18215966760559e-30,-5.360449770462202e-31,0.0888180125029355,0.9110267642509742,0.0001552232460902,53.264949798583984,-0.8367281332842341,0.0321757253154162,-0.1541512314965951,-0.6289849432028883,-0.1196676240488485,-0.268333425187977
1318.0,0.5571062620864572,0.1229712420951194,0.1169550761129657,0.2029674197054577,3.706540534939842e-12,0.5036937431559901,0.1060935833594087,0.3902126734846011,0.3051735802650851,0.5048448115977604,0.1899816081371544,0.0681951477474741,0.0229051559609162,0.0136760825527345,0.0963850794935745,0.7253668245307549,0.0734717097145455,0.2806109384859697,0.0620813935474531,0.0848353321728146,0.2099331565129947,0.0522405349371506,mixed_higher_order,7.32337254851094e-32,1.7235161213206893e-30,2.213194372011112e-31,7.601505010589024e-31,4.5864482772439554e-31,1.4474318170418808e-30,1.8329027080385697e-22,-4.661793920280117e-23,-2.2322959389977365e-22,9.6643777053174e-23,9.320455871274026e-23,-1.1653382243490424e-22,8.320586803174562e-38,6.6309342794812015e-37,3.0184898919554995e-38,-3.861305259933106e-37,-1.1339084016263229e-37,-2.7696281867046057e-37,-5.798156428829456e-38,5.587981597616562e-37,-4.157322414590579e-37,-1.4840528119292926e-36,2.068377455186657e-37,4.447522232116536e-37,7.480304503046604e-29,-2.6140061593848464e-29,6.727065027871946e-29,-2.991461074473369e-29,-1.4207368432362152e-28,5.605467508497312e-29,6.408460383203177e-28,-2.201805608206018e-28,-1.354807420463196e-28,-1.2299782373047183e-28,-2.3958279153388285e-29,-2.4476814937948977e-30,-1.1465741327090865e-37,2.084479388316429e-38,5.849277477960473e-38,1.3279754554020166e-37,4.779820710026057e-37,-1.5362986877231327e-37,-0.0068914187140762,-0.1827818602323532,-0.7572355270385742,0.3920294344425201,-0.1954502463340759,0.1565096378326416,-0.3666658997535705,0.2051412761211395,0.3634594082832336,0.9126506447792052,0.1869918406009674,0.0,-1.3554663614147326,-0.9270510164454052,-0.6850063647347109,1.064355061989695,3.1382450756485448e-15,-2.1176946446856246e-16,-6.4536121014373365e-22,2.1729812788584465e-22,8.140912407724258e-30,-6.019097635201311e-31,0.0961527656084478,0.9036195460894144,0.0002276883021377,56.7567138671875,-0.8248567939140371,0.0350488952570628,-0.1580848022564051,-0.5643204253019396,-0.1542824041057107,-0.3563643667967289
1319.0,0.5391963240119153,0.1579504081263696,0.092883667210899,0.2099696006508159,3.88231368099354e-12,0.4800206980402729,0.1037489986132184,0.4162303033465087,0.2222878299020561,0.6198772017407777,0.1578349683571661,0.0895615524878122,0.028224886255304,0.0195151572860997,0.1148083152262733,0.6622955731485208,0.0855945155959898,0.2588253958329488,0.0979098570031878,0.0615164416115788,0.1722631684871176,0.0532331123676825,mixed_higher_order,7.744995422520188e-32,1.6963901410559823e-30,2.408683985969482e-31,7.518360703540665e-31,5.294922286729482e-31,1.4900179106633037e-30,1.7976043071660512e-22,-5.333289582364947e-23,-2.864961287376727e-22,1.2634477002366777e-22,9.705170039044554e-23,-1.2467948792257442e-22,1.2077985607407826e-37,6.896036318579212e-37,1.578751227898553e-38,-3.9270380814381414e-37,-1.3656736618800175e-37,-2.968996408513597e-37,-4.519863427466837e-38,5.586691081669581e-37,-4.070090041226312e-37,-1.2832017285031405e-36,2.262711133782706e-37,4.278045231461144e-37,7.69047556239161e-29,-2.9932675071937445e-29,7.234830739098243e-29,-3.45637876561424e-29,-1.4925304648648544e-28,6.449646272807985e-29,6.615237721719733e-28,-2.535426829130404e-28,-1.3862083625409138e-28,-1.1962999817643509e-28,-2.6016292389558337e-29,-7.983729691510007e-31,-1.1658595662913344e-37,2.2379627047112394e-38,6.235457480732627e-38,1.311573859892695e-37,4.978269135491825e-37,-1.7906936882421758e-37,-0.0220965631306171,-0.2093527913093567,-0.7313390970230103,0.4273466467857361,-0.1880626529455185,0.1608102917671203,-0.3608138561248779,0.216226652264595,0.3642839789390564,0.9123218059539796,0.1869918406009674,0.0,-1.3888215445390475,-0.9357797125841106,-0.6319174746067266,1.082794597963918,3.1080465022265078e-15,-2.2699493977465485e-16,-6.54639172764581e-22,2.4548889477724826e-22,8.088301934630651e-30,-6.679056853279097e-31,0.1055443607023373,0.8944226352747029,3.300402295980387e-05,61.11271286010742,-0.8112590605913396,0.0370386360937392,-0.1545331509432905,-0.4872059448142345,-0.2015442381275795,-0.4570164952781079
1320.0,0.5132077553299125,0.203364758834935,0.0688471581915579,0.2145803276435945,4.154734180585994e-12,0.4526792332801889,0.1011009013410163,0.4462198653787946,0.1561539233362633,0.713569351429242,0.1302767252344946,0.1247323890537978,0.0365799905040336,0.0295879982925399,0.1429581919514476,0.5632746697471513,0.1028667604510295,0.2323184931961915,0.1451148590654087,0.0387798602933796,0.1341506582403454,0.0542219791905051,mixed_higher_order,7.912974708902305e-32,1.6649876391095916e-30,2.6212467420997763e-31,7.428497177436577e-31,6.1087019197309545e-31,1.538062673431252e-30,1.747590806329029e-22,-5.994442529261025e-23,-3.5866908975273064e-22,1.6534014828634968e-22,1.0174299985707808e-22,-1.346323584883499e-22,1.6385978760838735e-37,7.190911720424819e-37,-6.930556759546239e-41,-3.99400424010288e-37,-1.6379050262660778e-37,-3.196907610172865e-37,-3.096742000698168e-38,5.574516115900231e-37,-3.7312293920362618e-37,-1.0435343804064862e-36,2.4431083113996463e-37,4.057174777833255e-37,7.95021951746475e-29,-3.428658571779443e-29,7.78086586234058e-29,-4.0117981876216576e-29,-1.5731085379805335e-28,7.44045593047139e-29,6.8445968303511845e-28,-2.918520916439717e-28,-1.4190422255847203e-28,-1.1600611536325832e-28,-2.839353653076807e-29,1.0799741789428208e-30,-1.1875326983728232e-37,2.420889660924578e-38,6.653462689268226e-38,1.293354367952971e-37,5.203757197560098e-37,-2.088054233781569e-37,-0.0402947813272476,-0.2362878620624542,-0.7007129192352295,0.462806224822998,-0.1804359406232834,0.165407583117485,-0.3540801703929901,0.2283442020416259,0.365106850862503,0.9119927883148192,0.1869918406009674,0.0,-1.4245829340629137,-0.9426000894725176,-0.5733795940761174,1.0980683055899405,3.0731824666418707e-15,-2.403123294669306e-16,-6.622810176537528e-22,2.7626896049714146e-22,8.024627720604508e-30,-7.314257256749811e-31,0.1173724203816328,0.8827020385896285,7.44589712613486e-05,66.56995391845703,-0.7956383323934205,0.0378132897432756,-0.1414527260180663,-0.3956089730562371,-0.2635495655793181,-0.5717128221474185
1321.0,0.4769243775758531,0.2608217248353319,0.0466695403790176,0.2155843572097973,4.584814360392843e-12,0.4203107316212662,0.0979718357009515,0.4817174326777821,0.1049675710265686,0.7884828341841918,0.1065495947892395,0.1870871247766334,0.0505104947698983,0.0484973577038688,0.188295099476851,0.3978722105998036,0.1277377126729447,0.2004564340669238,0.2056534528149719,0.0185685131982765,0.097855221023159,0.0551419673033564,mixed_higher_order,7.689915754749715e-32,1.6271650872556042e-30,2.8466541901990382e-31,7.331429868360288e-31,7.097585221951986e-31,1.5929551584465015e-30,1.6777462679551628e-22,-6.651523553552279e-23,-4.4349444028138015e-22,2.190608442403836e-22,1.0782102431580403e-22,-1.4641771818012768e-22,2.1591922682020483e-37,7.526342146858454e-37,-1.825916312072473e-38,-4.064333994078552e-37,-1.97660139757882e-37,-3.462007790639756e-37,-1.8023208611439927e-38,5.551523221022548e-37,-2.998292949431828e-37,-7.496736300025978e-37,2.6063092206124842e-37,3.759893773968496e-37,8.28811121455351e-29,-3.97809845914358e-29,8.370791161480432e-29,-4.6928272508314266e-29,-1.6658901267441312e-28,8.670925987123163e-29,7.104015888179706e-28,-3.383213630268729e-28,-1.4517596956067231e-28,-1.1223451648614203e-28,-3.1090904340854056e-29,3.4990848682482084e-30,-1.2116452625080485e-37,2.659752058586909e-38,7.094456598919309e-38,1.2740594193500274e-37,5.464724619052342e-37,-2.4561058107150887e-37,-0.062829203903675,-0.2643055021762848,-0.6628988981246948,0.4994642436504364,-0.1727228462696075,0.16968834400177,-0.3466396629810333,0.2415845096111297,0.3659283220767975,0.9116635918617249,0.1869918406009674,0.0,-1.4642853029142175,-0.9470649623324672,-0.5059192968581202,1.1094324237276547,3.030652217259769e-15,-2.5128555592745065e-16,-6.67896360261363e-22,3.1126991220640984e-22,7.940339107088771e-30,-7.930937585180475e-31,0.1324322230573651,0.8674216110558914,0.0001461658867434,73.73899841308594,-0.7769756631182643,0.0367195525498125,-0.1134947211811453,-0.2837748046938683,-0.3489151704852927,-0.7063879388242157
1322.0,0.4309306901074251,0.3273210736699868,0.0301021876206223,0.2116460486019658,5.2537947789564666e-12,0.382738700225297,0.0942115197636881,0.5230497800110148,0.0678298716708742,0.8448680498621751,0.0873020784669505,0.2888503192776266,0.0709923986014859,0.0819401094485532,0.2490115597356372,0.1537867860378788,0.155418826898818,0.1649338522189061,0.276543117190355,0.0046293186868847,0.069853896024714,0.0558641270743595,mixed_higher_order,6.977512260666834e-32,1.5826039037598284e-30,3.097244778254077e-31,7.2234868882461455e-31,8.288108306151675e-31,1.6560658980702695e-30,1.584148989689524e-22,-7.256447577900707e-23,-5.418409611601925e-22,2.90816456926641e-22,1.145850856304162e-22,-1.6108062609901625e-22,2.78134542043014e-37,7.908500396483728e-37,-3.900346118419528e-38,-4.137759725722386e-37,-2.391310408936453e-37,-3.770743693189082e-37,-3.620952457393144e-39,5.503837645490837e-37,-1.7388629718554214e-37,-3.9604685196669165e-37,2.736207937181113e-37,3.379447830485677e-37,8.726942308810084e-29,-4.669087341394695e-29,8.98912198714654e-29,-5.511679384869905e-29,-1.771606429595663e-28,1.0180767282241236e-28,7.396567277201103e-28,-3.940990124065448e-28,-1.4866162530323363e-28,-1.081643204948998e-28,-3.417017949521853e-29,6.485256882899932e-30,-1.2384381764214212e-37,2.962911095680157e-38,7.584871109220106e-38,1.2525163683741114e-37,5.766563015803196e-37,-2.906889515130937e-37,-0.089900404214859,-0.2924287021160126,-0.6175905466079712,0.5362429022789001,-0.1646282076835632,0.1744093298912048,-0.3379813134670257,0.256249725818634,0.3667481541633606,0.9113340377807616,0.1869918406009674,0.0,-1.5073895245068456,-0.9483946466749384,-0.4298981828297361,1.1155290427961442,2.9801910738077044e-15,-2.5902629566162155e-16,-6.707852123546984e-22,3.5020732831824063e-22,7.835389337642611e-30,-8.506697902856111e-31,0.1511176896174522,0.8488698237390516,1.2486643496179006e-05,83.27153015136719,-0.7551259472533658,0.0332926043136287,-0.0657218353742019,-0.149689345432735,-0.4628555088258324,-0.8623792354493276
1323.0,0.3760985902290677,0.399780864837038,0.0223219753332612,0.201798569600633,6.317209189651577e-12,0.3392594390620045,0.0895466164828819,0.5711939444551134,0.0414301946162646,0.886658251886163,0.0719115534975723,0.3773498210122381,0.0833589736026591,0.117378253313581,0.2707237646252999,0.0022657964037507,0.148923391042471,0.1275949967531242,0.3544690027539465,5.057705143471624e-05,0.0593513932601176,0.056257566551731,mixed_higher_order,5.465073198715576e-32,1.5291902672994286e-30,3.3813424864426903e-31,7.096999296561552e-31,9.790895685757298e-31,1.7272800581732166e-30,1.4580416686863083e-22,-7.78304996793163e-23,-6.573965738803319e-22,3.904304562520112e-22,1.2249958126858342e-22,-1.8002157780836851e-22,3.5647524875991885e-37,8.33837453711202e-37,-6.368099869534143e-38,-4.2143703054470165e-37,-2.9279422527333e-37,-4.12400644691383e-37,1.0466567967229592e-38,5.430331234476232e-37,3.413172955643813e-38,3.611029220236735e-38,2.8125756308418e-37,2.8838994597153072e-37,9.285833179122375e-29,-5.573020313809179e-29,9.637038454705327e-29,-6.547273762748475e-29,-1.892287330681003e-28,1.2120294076557654e-28,7.723237686663457e-28,-4.641954903555465e-28,-1.5236524791214215e-28,-1.0364603968089955e-28,-3.7706880158182926e-29,1.0386107785802462e-29,-1.2682944016344317e-37,3.359275674014847e-38,8.13816138413919e-38,1.2273969199601877e-37,6.113068488278534e-37,-3.4856015247776497e-37,-0.1237139850854873,-0.3211365044116974,-0.5611521005630493,0.5730000734329224,-0.1561680883169174,0.1794275790452957,-0.3274074494838714,0.2730087041854858,0.3675664961338043,0.911004364490509,0.1869918406009674,0.0,-1.5560100257619978,-0.9454446907172668,-0.3413965392955164,1.1134419756302,2.919023904740656e-15,-2.6083669417277e-16,-6.696206801797973e-22,3.9505123760407024e-22,7.702557154739159e-30,-8.994826539090528e-31,0.1750165325021127,0.824950154659029,3.33128388583237e-05,96.44635772705078,-0.7290885822082936,0.026056420547018,0.0128808891099709,0.0136275739797547,-0.6209287333136329,-1.04550353428565
1324.0,0.3157677747863514,0.4721227955008663,0.0260879908679338,0.1860214388448484,8.050050960376993e-12,0.289326639644104,0.0836917893170205,0.6269815710388754,0.0232529313223529,0.9170739817400788,0.0596730869375681,0.3031779032931612,0.0591596708994088,0.1037092067504271,0.1745268725607588,0.2813142211572684,0.0781121253389755,0.0913600291868312,0.4329715319402364,0.0073389228325707,0.0826176480028243,0.0561156217406277,MD_contaminated,2.699355859596948e-32,1.4635888852655261e-30,3.708212211859608e-31,6.945017486998767e-31,1.1740684620166816e-30,1.8069687561285733e-30,1.2861528977564544e-22,-8.124198702633683e-23,-7.940388934443817e-22,5.3123180639701015e-22,1.3234829198875096e-22,-2.0462827527007748e-22,4.577588623002647e-37,8.825706906609521e-37,-9.38292893239502e-38,-4.290441498763949e-37,-3.639296811432477e-37,-4.535264910519832e-37,2.340355385681618e-38,5.328826852012712e-37,3.6802251913199806e-37,5.684668895404783e-37,2.7875428496757525e-37,2.227858365410357e-37,9.976426598233915e-29,-6.797375326744586e-29,1.032316016771001e-28,-7.88227415204302e-29,-2.0299589003338873e-28,1.467964891943887e-28,8.085101387245426e-28,-5.5477084729622055e-28,-1.5629386156737902e-28,-9.869598820474123e-29,-4.1850908745427496e-29,1.5641408518802558e-29,-1.3014604525342718e-37,3.893974348499289e-38,8.77108267884869e-38,1.1978659330769598e-37,6.510040898999512e-37,-4.249413393420775e-37,-0.1664559990167617,-0.3498565256595611,-0.4895027577877044,0.608343243598938,-0.1473103910684585,0.1848381757736206,-0.3142509758472442,0.2922748625278473,0.3683832287788391,0.9106743335723876,0.1869918406009674,0.0,-1.611010869326042,-0.9362324673180143,-0.2365900194377751,1.0986642285748105,2.842589044854211e-15,-2.528704618444121e-16,-6.622806092804695e-22,4.473385479982525e-22,7.529000735655097e-30,-9.32634932162478e-31,0.2059726906953094,0.7938727230008622,0.0001545863038283,115.42259979248048,-0.6972840541452634,0.0128602903199764,0.1386773894287823,0.2142083707380374,-0.8442168139985897,-1.261861539054026
1325.0,0.2550731126034234,0.537236583376605,0.0424482771040345,0.1652420269159371,1.0982403899370732e-11,0.2337797618019809,0.0761246059846141,0.690095632213405,0.0114225147417851,0.9387015089108108,0.049875976347404,0.1690692231450844,0.028508671320302,0.063828942364004,0.0740645868113962,0.640911862671808,0.0236167136874053,0.0596309315065181,0.5043047914577077,0.0272056043459558,0.1664161176016668,0.0549879443284338,MD_contaminated,-2.1359385055186336e-32,1.3832607208017189e-30,4.103303795990014e-31,6.744125757924622e-31,1.4391046829086512e-30,1.891700164612099e-30,1.055412468742936e-22,-8.100920487400249e-23,-9.535667217213397e-22,7.385216169367889e-22,1.4262761611054576e-22,-2.386421052097567e-22,5.952490269761744e-37,9.353424518165833e-37,-1.3228162801198435e-37,-4.356244467424723e-37,-4.629673183058297e-37,-4.997178496366599e-37,3.599768263396076e-38,5.176298794327948e-37,9.139672974062048e-37,1.2224893032624589e-36,2.5854751724462927e-37,1.3785384635790494e-37,1.0815582191204006e-28,-8.553564967795266e-29,1.0987823877203615e-28,-9.660331298841403e-29,-2.1803403824245515e-28,1.8213895705596142e-28,8.459103359694416e-28,-6.771469665884849e-28,-1.6076174205776622e-28,-9.283836076443604e-29,-4.653382620874012e-29,2.3049874576439e-29,-1.3365013939188353e-37,4.644055449194603e-38,9.53806205116992e-38,1.1587925001281716e-37,6.9485984504762025e-37,-5.305543248151355e-37,-0.2219326645135879,-0.3768073320388794,-0.3963156044483185,0.6390624642372131,-0.1373607516288757,0.191363513469696,-0.2963739335536957,0.3152031302452087,0.3691985011100769,0.910344123840332,0.1869918406009674,0.0,-1.6742853662481951,-0.9169386370523934,-0.1107769061365791,1.0627795856251572,2.7465490218998108e-15,-2.2811125475674187e-16,-6.447654259569199e-22,5.092296786257163e-22,7.301555353330392e-30,-9.364304351626317e-31,0.2467258434318752,0.7526574133326438,0.0006167432354808,144.15736389160156,-0.6585166839962044,-0.0101683733277608,0.3438793791743018,0.4599605082656266,-1.172749473648026,-1.5142344453306524
1326.0,0.1991807627613704,0.5891739298852667,0.070137156004249,0.1415081513491139,1.6182477330631372e-11,0.17579909742414,0.0663833252609428,0.7578175773149172,0.0043241944252314,0.9536115488311404,0.0420642567436282,0.0897557490103644,0.012726917361691,0.0374981085506417,0.0277585576002443,0.8274219854685717,0.0048386820084868,0.0350157983177006,0.561843063808819,0.0580330248761546,0.3521281625388552,0.0524144787387899,MD_contaminated,-1.0530013025907088e-31,1.2844779605244202e-30,4.59315312741104e-31,6.451568500278521e-31,1.8125344830622826e-30,1.9684190405723323e-30,7.376075241471923e-23,-7.362618463099945e-23,-1.1342861762534566e-21,1.0529319996942772e-21,1.5226535531946194e-22,-2.871790307993943e-22,7.891658225737993e-37,9.864885450682214e-37,-1.8342540162530751e-37,-4.389211585326219e-37,-6.05740540090302e-37,-5.475676512648192e-37,4.511970966916723e-38,4.947231068848723e-37,1.8115478194150265e-36,2.018531230267013e-36,2.0587261868676934e-37,2.519211231323599e-38,1.173937731621904e-28,-1.1136805071184676e-28,1.1561874577020227e-28,-1.2137136111087915e-28,-2.330125189323927e-28,2.32739434332172e-28,8.785382794517132e-28,-8.48695796024237e-28,-1.658208318749355e-28,-8.553981186605131e-29,-5.175586815089477e-29,3.390332537628787e-29,-1.3703188134990787e-37,5.725498386763002e-38,1.0488693093113504e-37,1.1027486983282585e-37,7.386834569255358e-37,-6.819035649645119e-37,-0.2966384589672088,-0.3987031579017639,-0.2708657383918762,0.6578726768493652,-0.1254818886518478,0.1994268000125885,-0.2706834077835083,0.3425808548927307,0.3700122237205505,0.910013735294342,0.1869918406009674,0.0,-1.74822984602077,-0.8807410009388804,0.042981857373786,0.9896046064993744,2.623878370297109e-15,-1.7224431198473403e-16,-6.095534179464016e-22,5.837829343477629e-22,6.998085332897249e-30,-8.805267736607203e-31,0.302475336402175,0.6967958565678529,0.000728807029972,190.21484375,-0.6110288960472735,-0.0500914957852334,0.6805655922770011,0.758325497971063,-1.6707624790120457,-1.799852967044952
1327.0,0.1521533286612139,0.6246294539787555,0.1061317236033734,0.117085493756657,2.5961833133941697e-11,0.1232955064591091,0.0541294898398255,0.8225750037010653,0.0008169548683771,0.96329079237752,0.0358922527541028,0.0504445685418362,0.005799365927842,0.0234075330274551,0.009987300459459,0.9093587744174016,0.0010024576260057,0.0187598217167236,0.6016998016655329,0.0965118141027701,0.6975313950553612,0.0476495047633181,MD_contaminated,-2.5553778317287657e-31,1.1690368566222352e-30,5.211988442762746e-31,5.975018519592051e-31,2.3656145350611403e-30,1.9892725773824e-30,3.0562044168710946e-23,-5.0662642064508e-23,-1.3074111310584557e-21,1.5551474452431227e-21,1.5543925732146734e-22,-3.6005680757458144e-22,1.0775462877497836e-36,1.0130441246607099e-36,-2.5442119690090104e-37,-4.321347794868547e-37,-8.231256248637135e-37,-5.809093127335421e-37,4.705546127427282e-38,4.62946173829639e-37,3.355924966390011e-36,2.907483140165782e-36,8.646032354972222e-38,-1.1941008024991197e-37,1.2497493026326303e-28,-1.5169114693185907e-28,1.168969647470937e-28,-1.5720947593684963e-28,-2.418719062990691e-28,3.089006228687087e-28,8.839520566812534e-28,-1.1009157803526447e-27,-1.7140353035595532e-28,-7.560566010607354e-29,-5.631906997988234e-29,5.071212458270879e-29,-1.388020728351748e-37,7.360872677548732e-38,1.168563803625062e-37,1.011045025657594e-37,7.643930035550849e-37,-9.102539259147388e-37,-0.4004058241844177,-0.40503790974617,-0.0972937941551208,0.6450503468513489,-0.1102568283677101,0.2096053063869476,-0.2296376079320907,0.3746629357337951,0.3708244264125824,0.9096829891204834,0.1869918406009674,0.0,-1.8326528793896604,-0.8131550006153522,0.2282728626096813,0.8447607222057126,2.4686028011938568e-15,-5.482472945119845e-17,-5.406694816278688e-22,6.72120577835305e-22,6.587955455338656e-30,-6.98159863578828e-31,0.3804714850396223,0.6186617787435831,0.0008667362167946,268.9139709472656,-0.5556942419475898,-0.1214682615905801,1.2588605686857015,1.0906429422378878,-2.465804049586861,-2.0729993617646243
1328.0,0.1157760087252324,0.6435135676039877,0.146822200475474,0.0938882231953058,4.5557288873259116e-11,0.091330102291965,0.0393771408795762,0.8692927568284587,7.652991967945271e-05,0.9689814294066432,0.0309420406736772,0.0301706333792302,0.0026667021261452,0.0156264882713512,0.0033212567940055,0.9461848896734836,0.002030029755784,0.0105738347198309,0.6235526965794805,0.1389209475585044,0.7885456582880478,0.0400343269218598,MD_contaminated,-5.343999150903083e-31,1.0653562703815313e-30,5.9520837694636855e-31,5.081408865688142e-31,3.207511295716763e-30,1.798062890789051e-30,-2.3281143708684638e-23,7.255061882467788e-24,-1.349868164033491e-21,2.3889264365831614e-21,1.3143440510686592e-22,-4.723862154050105e-22,1.5208527625499895e-36,9.366135650458604e-37,-3.552335700990392e-37,-3.946970737451129e-37,-1.1656195771600148e-36,-5.419164587625384e-37,2.953507210158387e-38,4.179979291046048e-37,6.113373299102499e-36,3.556879063195638e-36,-1.7060244455802216e-37,-2.796825373915455e-37,1.202747440605552e-28,-2.172016015434729e-28,1.035599450157439e-28,-2.100686586251446e-28,-2.238346890762991e-28,4.2727026016861755e-28,7.903785911926658e-28,-1.4816448248163615e-27,-1.7650762572115804e-28,-6.046608361675237e-29,-5.61049965373402e-29,7.787209866734135e-29,-1.3432434034513264e-37,9.886550709937698e-38,1.312650857793342e-37,8.389624897676711e-38,7.0964817973838976e-37,-1.2658392013232972e-36,-0.546680212020874,-0.3667018711566925,0.1429625451564788,0.5470208525657654,-0.0866949409246444,0.2215903401374817,-0.158514529466629,0.4058731198310852,0.3716351985931396,0.9093521237373352,0.1869918406009674,0.0,-1.9180122324213025,-0.6838454723067986,0.4265708145462341,0.5533704405913015,2.294159302139584e-15,1.9246133612365952e-16,-4.0371081583765693e-22,7.650878061345777e-22,6.0722389762297446e-30,-2.260335128435502e-31,0.4899478081491796,0.5095299479128403,0.0005222439379799,412.2687683105469,-0.506029000962813,-0.2538323213237539,2.2897707311690274,1.3322329873768646,-3.784971507550988,-2.138706517528661
1328.2,0.1099176310198628,0.6454439454411897,0.1550571262662198,0.0895812972727276,5.133350103766992e-11,0.0893527441836288,0.0362564963991133,0.8743907594172579,0.0002032071343569,0.9697235313447112,0.0300732615209319,0.0274454686705406,0.0022847337746192,0.0145348460177844,0.0026557348907651,0.950621680772606,0.0024575358736845,0.0098214419657883,0.6259021820582934,0.147400665986964,0.7088847424602964,0.0381818609972841,MD_contaminated,-6.124996406339379e-31,1.0547620196825491e-30,6.0917055655915585e-31,4.822487496233847e-31,3.414032090058247e-30,1.7036889175472298e-30,-3.355536808010931e-23,2.5682492916525884e-23,-1.3140643306222465e-21,2.606542224311384e-21,1.1957772487908072e-22,-4.99950782277473e-22,1.6306116761689066e-36,8.931241063390827e-37,-3.787739048163773e-37,-3.798375863692616e-37,-1.2518383961623285e-36,-5.132864489179192e-37,2.078136800763578e-38,4.08416167707311e-37,6.865668708757077e-36,3.567166115255207e-36,-2.479079235208446e-37,-3.054445968394908e-37,1.155460926858103e-28,-2.336811351837439e-28,9.720030750680379e-29,-2.230298599379283e-28,-2.127464115222152e-28,4.567109951216722e-28,7.457196935752354e-28,-1.574285962412033e-27,-1.7708401080073533e-28,-5.665448615350103e-29,-5.457030972507066e-29,8.48919138173384e-29,-1.3174577244285037e-37,1.051192853186057e-37,1.3399589539007688e-37,7.896783006215397e-38,6.76258982072735e-37,-1.3545616307177125e-36,-0.5807546377182007,-0.3484840095043182,0.1976129710674286,0.508021354675293,-0.0806173533201217,0.2236819267272949,-0.1391250938177108,0.409983217716217,0.3717971444129944,0.9092859029769896,0.1869918406009674,0.0,-1.931350488973245,-0.6469322340757815,0.459377317963928,0.4680618972243495,2.2639145530978088e-15,2.6642730720252407e-16,-3.6386754182462775e-22,7.802328772487076e-22,5.9674078697763236e-30,-7.287936996643894e-32,0.5152498161121806,0.4845786136789461,0.0001715702088732,452.2320556640625,-0.5009214433313106,-0.2908847667065248,2.570769422520468,1.3356836694512395,-4.12913613769253,-2.081666072475972
1328.4,0.1044908156913161,0.6468395527898617,0.1632850075840394,0.0853846239347826,5.7818892487145113e-11,0.0896034604975512,0.0331417713394933,0.8772547681629553,0.0004090311626885,0.9702991562438288,0.0292918125934826,0.0250075683409932,0.0019549112535795,0.0135448111088647,0.0021222536042326,0.954460058035177,0.0029103976571527,0.0093627386761537,0.6276278722971385,0.1558490178149366,0.6399290249445396,0.0362189493779323,MD_contaminated,-6.994086098647168e-31,1.0531669048879693e-30,6.219672284226052e-31,4.5203390959694915e-31,3.628552709521453e-30,1.5754182573557058e-30,-4.27492691092953e-23,4.724267910443383e-23,-1.2483903291335582e-21,2.8409708760035225e-21,1.0277682957178972e-22,-5.2928186222374995e-22,1.745522812591054e-36,8.31986117332399e-37,-4.027501220852845e-37,-3.6067208253175997e-37,-1.3427729927041442e-36,-4.713141918396747e-37,1.1286668107269e-38,3.9815682939523326e-37,7.693528663459257e-36,3.487622132203212e-36,-3.3511749518859177e-37,-3.24457839731958e-37,1.0838798378079069e-28,-2.51600858213961e-28,8.860797675242855e-29,-2.360931933110224e-28,-1.9699596620143262e-28,4.8769402885213e-28,6.856443181259404e-28,-1.6704150374062132e-27,-1.7735615109384403e-28,-5.226393690381869e-29,-5.201097021024316e-29,9.232132534553624e-29,-1.2816247331900033e-37,1.1159297520902209e-37,1.3654334518693969e-37,7.313194307815941e-38,6.290049066258504e-37,-1.4476451386760399e-36,-0.615955650806427,-0.3241568207740783,0.2525153756141662,0.4583134949207306,-0.0732744708657264,0.2255777418613433,-0.1173257306218147,0.4123062491416931,0.3719589710235595,0.9092196822166444,0.1869918406009674,0.0,-1.941547187580172,-0.6048186428176675,0.4845023642002258,0.3703468264666242,2.24057305757845e-15,3.5148002582788086e-16,-3.1826739952378297e-22,7.918459541084878e-22,5.8736358086774645e-30,1.0990294907339807e-31,0.540733473918642,0.4575770446952525,0.0016894813861054,495.87017822265625,-0.5000885974841341,-0.3321090599716296,2.8798845392156114,1.3055061593339323,-4.499827109174259,-1.9773313036452247
1328.6,0.0992303478682894,0.6477215462070992,0.171875225550709,0.0811728803739022,6.565094057898406e-11,0.0916408957887429,0.0298808809564787,0.8784782232547783,0.0007065198195389,0.97086010639431,0.028433373786151,0.0227468951287722,0.001660128385784,0.0126119546505295,0.0016900925899274,0.957858105191546,0.0034328240534405,0.0090935579680786,0.6288470092645113,0.1646320778753718,0.5773394481394474,0.0340716460430157,MD_contaminated,-8.001668769813572e-31,1.0599330472846128e-30,6.336403379500437e-31,4.1663988853207055e-31,3.864316404108892e-30,1.4050953491053213e-30,-5.0898008119989905e-23,7.339349520425991e-23,-1.1477545293954945e-21,3.105559463851184e-21,8.082790199005346e-23,-5.608065013882828e-22,1.872379663551842e-36,7.501804538781722e-37,-4.2849730183160814e-37,-3.366385154310084e-37,-1.4438816769067457e-36,-4.135418583944921e-37,-1.9878371830070216e-39,3.8877179045829786e-37,8.645040170112469e-36,3.305440092969617e-36,-4.401227083889732e-37,-3.365924631575784e-37,9.847666422009623e-29,-2.7160835103874237e-28,7.724353645621209e-29,-2.503848934000504e-28,-1.75720206347936e-28,5.219932898118143e-28,6.066711901576e-28,-1.7759817301838668e-27,-1.7722373215904083e-28,-4.744587089848111e-29,-4.8288629398510103e-29,1.0067143666942205e-28,-1.2329439253271948e-37,1.1882111555340277e-37,1.3878997690312946e-37,6.634736625788302e-38,5.647169715887694e-37,-1.5508269844182194e-36,-0.652693510055542,-0.2926810085773468,0.3100151419639587,0.3956629633903503,-0.0655239894986152,0.2270979136228561,-0.0919931605458259,0.4127931296825409,0.3721209168434143,0.9091535210609436,0.1869918406009674,0.0,-1.9480353082177333,-0.5561217390350647,0.5029968974215006,0.2561317951432597,2.221619298688197e-15,4.517345557673578e-16,-2.651203815407105e-22,8.0008064663449535e-22,5.7818829366449076e-30,3.2839635759001062e-31,0.5675378464221457,0.4315194783460843,0.00094267523177,547.6679077148438,-0.5032256865046518,-0.379896189687445,3.235085427635578,1.2369382751577522,-4.918169750555072,-1.817660126377149
1328.8,0.094771238582531,0.6480381160289826,0.1798358261513932,0.0773548192370931,7.381755754274183e-11,0.0955646230667954,0.0268751316798811,0.8775602452533234,0.0010547707235763,0.9712511043769212,0.0276941248995022,0.0208646804224302,0.0014225102288099,0.0118264972888752,0.0013771125320526,0.9605747987734192,0.0039344007544127,0.0090567776927129,0.6294077358714889,0.1727457625176261,0.5269875341899265,0.0319820616536576,MD_contaminated,-9.0167277790642e-31,1.0785534464833749e-30,6.415389358530262e-31,3.797495433814206e-31,4.0848709746421156e-30,1.2090955694052464e-30,-5.604210396651044e-23,1.0131438976502302e-22,-1.016710435314725e-21,3.363057074936016e-21,5.515911023981374e-23,-5.907016643916173e-22,1.991644228130402e-36,6.540777859063099e-37,-4.514780923675649e-37,-3.094720022668196e-37,-1.5401664472458702e-36,-3.4460597348444365e-37,-1.6966144232270534e-38,3.8043931427063416e-37,9.5951216090857e-36,3.01504869144492e-36,-5.487053602323151e-37,-3.3652493485026114e-37,8.598230107532523e-29,-2.908902926824532e-28,6.450593866643276e-29,-2.6341293492212157e-28,-1.50488239741758e-28,5.5430329570509735e-28,5.157214440292479e-28,-1.873690901841805e-27,-1.7663384638227575e-28,-4.2635875786295963e-29,-4.3563336803601033e-29,1.08708784777607e-28,-1.1756582813801874e-37,1.2553783315881824e-37,1.4037571468192383e-37,5.923292290130563e-38,4.890442039888754e-37,-1.6484486184835807e-36,-0.6855406165122986,-0.2561787068843841,0.3596993088722229,0.3254031538963318,-0.0571934692561626,0.2279558032751083,-0.0667207539081573,0.4103706181049347,0.3722825944423675,0.9090871810913086,0.1869918406009674,0.0,-1.9478158023781549,-0.5067222215835497,0.5070835265647295,0.13869853706303,2.214441635780005e-15,5.559250669419817e-16,-2.1068093868561973e-22,8.014205696489871e-22,5.715139617549855e-30,5.633814885804918e-31,0.5908284079213731,0.4081265085747336,0.0010450835038932,600.2958374023438,-0.5119890438450011,-0.4280238359318895,3.589537365380804,1.1279304606349123,-5.325158410515209,-1.6098876721495412
1329.0,0.0905567883612063,0.6479383011683426,0.187968242649285,0.0735366678211659,8.30370983822996e-11,0.1022259994431538,0.0238004561181433,0.8739735444387029,0.0014729480320212,0.9715407481617052,0.0269863038062734,0.0191177366530852,0.0012098949811925,0.0110892673201413,0.0011266006135476,0.9630092377020072,0.0044472627300257,0.0092572581965864,0.6294984618797159,0.1810151540658739,0.481766425460332,0.0297483431007146,MD_contaminated,-1.014106896859112e-30,1.1159253413629666e-30,6.45232857770147e-31,3.362176705941312e-31,4.305047263813667e-30,9.515328912415643e-31,-5.73298410225117e-23,1.3334474971164742e-22,-8.275342218255958e-22,3.634708548445248e-21,2.084546356323117e-23,-6.20926554971964e-22,2.112292451299654e-36,5.2607081753631074e-37,-4.73513304387964e-37,-2.750821836989283e-37,-1.6387785265457785e-36,-2.50988454245684e-37,-3.4355198134669046e-38,3.7207467156406822e-37,1.062626844885958e-35,2.53541861757214e-36,-6.703952659060771e-37,-3.1893628354541745e-37,6.888349631604257e-29,-3.1095738316523493e-28,4.7855729480830913e-29,-2.761628634590398e-28,-1.167392428322564e-28,5.871203374796502e-28,3.9698138772187636e-28,-1.9706703555566766e-27,-1.753202790285448e-28,-3.715625692353031e-29,-3.710904903830396e-29,1.170839594835525e-28,-1.1007125413576234e-37,1.3223691904301778e-37,1.4115411863486383e-37,5.088423001539387e-38,3.876534706617133e-37,-1.7475487137012867e-36,-0.7172396779060364,-0.2104057669639587,0.4051899909973144,0.238204225897789,-0.0474329069256782,0.2278873026371002,-0.0382829681038856,0.4040151238441467,0.3724443912506103,0.9090209007263184,0.1869918406009674,0.0,-1.9407970789448528,-0.4512055025492832,0.4937263957299312,0.0051291938297515,2.2235055479132666e-15,6.755451804519638e-16,-1.489648323983383e-22,7.948389977949785e-22,5.679589072245012e-30,8.410370875505984e-31,0.6128858456970798,0.3856139879816129,0.0015001663213072,657.8792114257812,-0.5296497542332803,-0.4813238384134863,3.9740932675739846,0.948215274916807,-5.754432823757634,-1.3101435852106738
1329.2,0.0865883036334806,0.6473951666819968,0.1962466285036649,0.0697699011808574,9.322761644895029e-11,0.1116202912218143,0.020782663609371,0.8675970451688148,0.001976330059164,0.9717157364877768,0.0263079334530591,0.0175037676178141,0.0010220807353335,0.0103965142092439,0.0009535175966411,0.9651224903007274,0.0050016295402396,0.0096650116679719,0.6290840711910236,0.1894020348145788,0.4412218660452738,0.0274291734450053,MD_contaminated,-1.1334803694317414e-30,1.1755864782582378e-30,6.427536918798291e-31,2.887865197491273e-31,4.508879960766118e-30,6.310595557682457e-31,-5.38580866628787e-23,1.697887844520432e-22,-5.7432057870129555e-22,3.907753019253854e-21,-2.113112174182571e-23,-6.495485457532267e-22,2.226349550275117e-36,3.6524604707663633e-37,-4.9258314746271925e-37,-2.336225529394355e-37,-1.7337666404274473e-36,-1.316235000913707e-37,-5.590951487827121e-38,3.681222457396369e-37,1.1702298794648464e-35,1.8394011759447325e-36,-8.05392508422494e-37,-2.8030602227502465e-37,4.6880367360654653e-29,-3.305800012016725e-28,2.728062597908592e-29,-2.878507187197909e-28,-7.416098765786063e-29,6.184306744664242e-28,2.5011964963983576e-28,-2.0601660223050616e-27,-1.730987899972689e-28,-3.15730220524495e-29,-2.846333485322967e-29,1.2542932883498032e-28,-1.0063886896992461e-37,1.385623002851067e-37,1.4075293047387524e-37,4.171765698161336e-38,2.595037826704168e-37,-1.841804103027037e-36,-0.7448206543922424,-0.1538437753915786,0.4413674175739288,0.1335174739360809,-0.0372558198869228,0.2265463471412658,-0.008003213442862,0.3925619423389435,0.3726060390472412,0.9089547395706176,0.1869918406009674,0.0,-1.9235269831128707,-0.3904970432485028,0.4568644765881882,-0.1413387459032117,2.2528094942456057e-15,8.070681588934473e-16,-8.132901587188639e-23,7.772258445937059e-22,5.684558238211215e-30,1.154706047348628e-30,0.6311369579545206,0.3668010431404869,0.0020619989049924,719.3751220703125,-0.5578826633092749,-0.5379009192452232,4.375198399932143,0.6877063406983746,-6.185783101230594,-0.9091215624210012
1329.4,0.0831305153673314,0.6464171281049231,0.2042005529714095,0.0662518035563359,1.0375625992816089e-10,0.1229196786771102,0.0179361162103003,0.8591442051125895,0.0025319116876245,0.9718404405389004,0.0256276477734749,0.0161023872636941,0.0008654079606487,0.0097888172819222,0.000830329396801,0.9668631275296792,0.0055499305672544,0.0102183762372149,0.6282143065493793,0.1974339852892269,0.4071023028961662,0.0251239029281598,MD_contaminated,-1.2496047935487225e-30,1.2562878201691318e-30,6.333788531678559e-31,2.387014613045124e-31,4.6771445955909344e-30,2.639614169826599e-31,-4.395238272130658e-23,2.080051878894676e-22,-2.660622201982436e-22,4.156662997209334e-21,-7.053508554195815e-23,-6.726902610985148e-22,2.322764049381102e-36,1.7950270483815597e-37,-5.063561898811298e-37,-1.878747561065276e-37,-1.8164081506938283e-36,8.372050709832196e-39,-7.949962576970493e-38,3.65533575374518e-37,1.2730572512155592e-35,9.36732616842953e-37,-9.42573862280008e-37,-2.1652125013604478e-37,2.0781411832585508e-29,-3.480537962382227e-28,3.9962101036663095e-30,-2.968647157048995e-28,-2.477761944893289e-29,6.449184664607188e-28,8.288167971860585e-29,-2.1322951195357777e-27,-1.7007669453245884e-28,-2.5923866978943295e-29,-1.814943042842777e-29,1.3286954155213219e-28,-8.974209592596637e-38,1.4378808066063432e-37,1.390392139516462e-37,3.199933143099183e-38,1.1067749017802993e-37,-1.9222966053931696e-36,-0.7634268999099731,-0.0911590978503227,0.4620397090911865,0.0194449257105588,-0.0262580569833517,0.2240523546934127,0.022092867642641,0.3758586347103119,0.3727675974369049,0.9088885188102722,0.1869918406009674,0.0,-1.8952614690208176,-0.3314471649059309,0.3951772021335339,-0.2871895797599326,2.3032811521195604e-15,9.403157029176185e-16,-1.4425890303257568e-23,7.479036894209692e-22,5.7361987514907565e-30,1.48409381780664e-30,0.6420195558272407,0.3556166059999323,0.002363838172827,780.7888793945312,-0.5960903495668682,-0.5929193503655957,4.758212352098225,0.3501156529935766,-6.578805609080961,-0.4211002017194775
1329.6,0.0799359780848617,0.6450594464320143,0.2121847378986777,0.0628198375844462,1.1455518979113351e-10,0.1370410585015892,0.0152333658439184,0.8477255756544921,0.0031678358709206,0.9718079361878288,0.0250242279412504,0.0148104197887043,0.0007275556730946,0.0092183614887532,0.00076264818208,0.9683553521635114,0.0061256627038562,0.0109545110491093,0.6268738893555592,0.2054702265915964,0.3767282174792078,0.0227749935613982,MD_contaminated,-1.3618385271566744e-30,1.3652554748687722e-30,6.149751409506024e-31,1.8749345212931041e-31,4.793353949142057e-30,-1.621155953655196e-31,-2.667196206858457e-23,2.4825541037362463e-22,1.1205578429827442e-22,4.37176823824591e-21,-1.268504331826704e-22,-6.902020862828164e-22,2.3938997744183185e-36,-3.827571529192099e-38,-5.130379157875801e-37,-1.355915270097857e-37,-1.8808621649032183e-36,1.738672917402627e-37,-1.0478724354129182e-37,3.6960413166692272e-37,1.368743571016561e-35,-2.238526113927161e-37,-1.0817131598819504e-36,-1.2383100574450217e-37,-1.0615626155585437e-29,-3.624890364298009e-28,-2.2750227963087778e-29,-3.0242500157701435e-28,3.3365850563221667e-29,6.64914083516595e-28,-1.1090906260361592e-28,-2.180894179333857e-27,-1.6596840973303162e-28,-2.0719729497770506e-29,-5.7153616884687195e-30,1.3911416956436914e-28,-7.70023794887497e-38,1.47458197161779e-37,1.3556689388647386e-37,2.2109350903132345e-38,-6.442197381794915e-38,-1.9828799744065923e-36,-0.7720456719398499,-0.0198103431612253,0.4633058309555053,-0.1086630001664161,-0.0154806487262249,0.2198298126459121,0.0512120127677917,0.352875679731369,0.3729291558265686,0.908822238445282,0.1869918406009674,0.0,-1.8537683105596432,-0.2729196032473544,0.3011860370497629,-0.4346548110801084,2.3829925572667268e-15,1.0769798244486965e-15,5.284341623486631e-23,7.036967913657813e-22,5.8561409594830835e-30,1.8343600043603825e-30,0.6450117662701413,0.353603856200142,0.0013843775297166,840.7328491210938,-0.6476964793376565,-0.6460754310840912,5.114313114944977,-0.0836425734157182,-6.918214722032062,0.1773254972299757
1329.8,0.0770827187798388,0.6433432388420678,0.2200986201900085,0.0594754221880849,1.2450742925329796e-10,0.1541731096369843,0.0126436991821139,0.8331831911809016,0.0038455765855498,0.9717672257622736,0.0243871976521766,0.0136270823302629,0.0006070200405603,0.0086926341799094,0.0007325632032065,0.9696661864894198,0.0066745137566408,0.0118840824535609,0.6251798744224719,0.2134221896912288,0.3502190005248292,0.0204293944161704,MD_contaminated,-1.4572214687890057e-30,1.5045545904002277e-30,5.840752667972061e-31,1.365560621092248e-31,4.827019648474549e-30,-6.396080625068072e-31,2.2236609563232814e-25,2.865052076816698e-22,5.592064552243138e-22,4.5199586616658346e-21,-1.9115651338296906e-22,-6.9571051781683935e-22,2.4229531727013252e-36,-2.8443335105429377e-37,-5.087478299476206e-37,-7.931322770552325e-38,-1.914205137516432e-36,3.6374646122886073e-37,-1.319863051774272e-37,3.775612070139184e-37,1.4456691305917928e-35,-1.6595430720547658e-36,-1.207280369808966e-36,3.9015154801994544e-39,-4.719788053325985e-29,-3.715766689775882e-28,-5.217150130180232e-29,-3.0218633477741886e-28,9.936938752720823e-29,6.73762889912086e-28,-3.268755173931049e-28,-2.191127599587559e-27,-1.6038548198470703e-28,-1.5937892272091574e-29,8.806322011678658e-30,1.430976602761227e-28,-6.273241893719223e-38,1.4867714133047535e-37,1.297015111755292e-37,1.229877561171985e-38,-2.6328370897048374e-37,-2.010210834123415e-36,-0.7662307620048523,0.0577892065048217,0.4375244677066803,-0.2444212585687637,-0.0047619161196053,0.2127876728773117,0.0773852616548538,0.3222617506980896,0.3730906844139099,0.908755898475647,0.1869918406009674,0.0,-1.7975936513335946,-0.2193383885866687,0.1704584434769287,-0.570739562663992,2.496520546758579e-15,1.203971821570461e-15,1.147846153863961e-22,6.426795457230987e-22,6.056148606780087e-30,2.1793058263794173e-30,0.6357504426046655,0.3610105261667402,0.0032390312285942,891.3399047851562,-0.7136745953497324,-0.691222471227375,5.400120916218524,-0.6199020968995823,-7.151646629626645,0.8847972426580777
1330.0,0.0745915497750026,0.6413268356858463,0.2277226708189683,0.0563589437201828,1.3341536745200495e-10,0.1729726805340751,0.0103292924203363,0.8166980270455885,0.0045818903431767,0.9715952701286532,0.0238228395281701,0.0125843765334078,0.0005067306220907,0.0082188108209316,0.0007377068583219,0.9707185633315542,0.0072338118336933,0.012902300309773,0.6231101201589442,0.2210546238554133,0.3275543427746828,0.0181557113382081,MD_contaminated,-1.5297161419771354e-30,1.663395346438134e-30,5.44741897119255e-31,9.067790830745686e-32,4.77873115760136e-30,-1.1297133318597247e-30,3.513672382036845e-23,3.214020587668779e-22,1.0400144104436577e-21,4.5918298597472165e-21,-2.572785809835344e-22,-6.9088034318167445e-22,2.410063736094916e-36,-5.390100712899523e-37,-4.950304817783943e-37,-2.299209255037537e-38,-1.9150322360967293e-36,5.62002306716025e-37,-1.5831556225573058e-37,3.920442336542554e-37,1.4986484960623354e-35,-3.2606129468749856e-36,-1.3144208881443765e-36,1.587717565496777e-37,-8.572308515981532e-29,-3.743531039280494e-28,-8.21053494675857e-29,-2.96956465423442e-28,1.6782843462740103e-28,6.713095921337762e-28,-5.474694207618345e-28,-2.164315230503044e-27,-1.5420288549056012e-28,-1.2034727690467673e-29,2.4317927521986385e-29,1.4459092563495831e-28,-4.796060202343771e-38,1.4736975066616976e-37,1.2225383893773268e-37,3.3383852914620504e-39,-4.699233187937888e-37,-2.0035306650990023e-36,-0.7451452016830444,0.1342867910861969,0.3860478401184082,-0.3765707015991211,0.0051252008415758,0.2044061422348022,0.0982887521386146,0.2868928015232086,0.373252123594284,0.9086896181106568,0.1869918406009674,0.0,-1.7308330822733018,-0.1771766277399538,0.0131592524132588,-0.6837430439309066,2.634646450091434e-15,1.313225705648015e-15,1.6545860694846297e-22,5.695069328522218e-22,6.32230723667086e-30,2.4953152901064026e-30,0.6150824525184737,0.3828065865257435,0.0021109609557827,932.8507690429688,-0.7889009103505938,-0.7255006812228353,5.596335393518521,-1.2175959664394986,-7.264271375206558,1.6453020129983846
1330.2,0.072370066487536,0.6389894321775627,0.2353101553306364,0.0533303460042649,1.4026499350495468e-10,0.1946063046140325,0.0082088065258476,0.7971848888601198,0.0053712956678828,0.9713495564903748,0.0232791478417424,0.0116222653555541,0.0004186846356956,0.0077782963351368,0.0007735839564476,0.9716173320285226,0.0077898376886431,0.0140836712038112,0.6206821015477119,0.2286314253215702,0.3075518197922574,0.0159083234660992,MD_contaminated,-1.5700460518087532e-30,1.843691876148955e-30,4.946346868552912e-31,5.195933551448706e-32,4.6238958766141056e-30,-1.625381820087969e-30,7.878195263012674e-23,3.4962318057461535e-22,1.5525342064456738e-21,4.5626055705170635e-21,-3.242404764149379e-22,-6.719663559747367e-22,2.342186532286485e-36,-7.992728195745362e-37,-4.686329106793584e-37,3.1947862548600115e-38,-1.873553159875561e-36,7.673248036130898e-37,-1.815223869026082e-37,4.1337679460572365e-37,1.5188685957507533e-35,-5.0313176821544495e-36,-1.3911377116707485e-36,3.4244895057918525e-37,-1.2609550262253343e-28,-3.685106064887904e-28,-1.1194746685177251e-28,-2.855843972598392e-28,2.380429466783144e-28,6.540950493406126e-28,-7.696460153432556e-28,-2.089451401160677e-27,-1.470648285190141e-28,-9.451255827869948e-30,4.0632082443683125e-29,1.428050327731288e-28,-3.2997486914020234e-38,1.4281832514561746e-37,1.1266271064098352e-37,-4.1732891343663085e-39,-6.819563305521284e-37,-1.952326853507251e-36,-0.7068919539451599,0.2083646208047866,0.303897500038147,-0.5013964772224426,0.0133630214259028,0.1939030438661575,0.1122911870479583,0.2459746599197387,0.3734133839607239,0.9086233973503112,0.1869918406009674,0.0,-1.6533297029295724,-0.1484256676492234,-0.1737554585756829,-0.7658263503485883,2.801825261582598e-15,1.3957961906413053e-15,2.01646640066348e-22,4.831319340217167e-22,6.667772819759672e-30,2.7630518189385222e-30,0.5808890105177189,0.4168649619117816,0.0022460275704994,958.144287109375,-0.8742789350520593,-0.7445160484327847,5.670136965990407,-1.878257306592348,-7.216953315546182,2.455738659749453
1330.4,0.0704145545417967,0.6363634797591139,0.2428026286496508,0.0504193370494385,1.4474540681807854e-10,0.2182894214238187,0.0063401545271465,0.7753704240490348,0.0062198057971763,0.971049650928768,0.0227305432740557,0.010742476939671,0.0003430441493178,0.0073683061288974,0.0008335401667352,0.9723700074350196,0.0083426251803588,0.0153707523707447,0.6179405348839037,0.2360939938253033,0.290007381441494,0.0137485978995738,MD_contaminated,-1.574746358563766e-30,2.0319328653745943e-30,4.374634141191595e-31,2.3875079879754115e-32,4.371591469962969e-30,-2.0887910831362982e-30,1.2844623233629724e-22,3.6938723841737096e-22,2.058853351225967e-21,4.431623537842146e-21,-3.869317552931736e-22,-6.397101887118234e-22,2.222758349663029e-36,-1.0453081988959116e-36,-4.3130967085274605e-37,8.146595889021638e-38,-1.7914487533219612e-36,9.638419850982325e-37,-2.01150849557973e-37,4.4001130572523975e-37,1.5040326598536412e-35,-6.844403755917503e-36,-1.4314013452434445e-36,5.420653125026912e-37,-1.654487424190975e-28,-3.5512770919470958e-28,-1.391996197216537e-28,-2.678660372891636e-28,3.04648350735899e-28,6.229937008644644e-28,-9.761602772946272e-28,-1.970668133372374e-27,-1.3956540754619784e-28,-8.373324871179696e-30,5.65383401544639e-29,1.3775457932876756e-28,-1.896995865527855e-38,1.352822668391851e-37,1.016583037282655e-37,-9.687878705332411e-39,-8.832950004839395e-37,-1.859353203119921e-36,-0.6530007123947144,0.2739923298358917,0.1961776912212371,-0.6091139316558838,0.0195972397923469,0.1819000840187072,0.1175410002470016,0.2027129977941513,0.3735746741294861,0.908557116985321,0.1869918406009674,0.0,-1.5698202455355372,-0.1366251660889256,-0.3773146382128019,-0.8093784119822129,2.985491620470135e-15,1.445403112562204e-15,2.197016035230391e-22,3.89339425404159e-22,7.068275084941417e-30,2.9642293105923404e-30,0.5349534195703961,0.4644139144839409,0.000632665945663,966.4616088867188,-0.9633979873047684,-0.7466326758173484,5.613064446115436,-2.5543381073212856,-7.008717209896655,3.2561251631985595
1330.6,0.0687288765844598,0.6334447702756303,0.2501911386716265,0.0476352144682832,1.4606676816852155e-10,0.2440739117654986,0.0047463587718898,0.7511797294626116,0.0071345918070641,0.9706524562575424,0.0222129519353934,0.0099411553721376,0.0002789789424775,0.0069883024656319,0.000911687880986,0.9729722847227203,0.0089075906160464,0.0167749257592173,0.6148547221715353,0.2434290438107113,0.2747054789764792,0.0117183108896141,MD_contaminated,-1.5390597977524062e-30,2.216710854674156e-30,3.7623604716303375e-31,8.066924091296536e-33,4.0289056538160296e-30,-2.4861840731692742e-30,1.81663253653119e-22,3.7859479785667643e-22,2.5251634304237296e-21,4.196878116366557e-21,-4.418289571289629e-22,-5.948051057176186e-22,2.055526001584721e-36,-1.2592643925492843e-36,-3.85136366036934e-37,1.21418260680427e-37,-1.6703891762502353e-36,1.13784612887921e-36,-2.149200485471685e-37,4.693242220620055e-37,1.4513215186256977e-35,-8.586839791954652e-36,-1.429801395018493e-36,7.477021891184931e-37,-2.0124434977772446e-28,-3.341109324301396e-28,-1.616825127983246e-28,-2.4463464487137576e-28,3.6292682834091375e-28,5.7874555447809185e-28,-1.1516963330265536e-27,-1.811924202516852e-27,-1.3220188467849442e-28,-8.774123521418605e-30,7.09389660621623e-29,1.2953170389449142e-28,-6.847170877350986e-39,1.2503449810892604e-37,8.990374405868726e-38,-1.2875590093567895e-38,-1.059647474956438e-36,-1.7265865271157917e-36,-0.5852640271186829,0.3257267773151397,0.0670300275087356,-0.690045177936554,0.0235372595489025,0.1693600416183471,0.1137543246150016,0.1594772934913635,0.3737360537052154,0.9084907174110411,0.1869918406009674,0.0,-1.4855209964808604,-0.1444627954711883,-0.5854588976317754,-0.8063651422002819,3.1751756529837047e-15,1.453767699017632e-15,2.161137132233947e-22,2.9377677027460455e-22,7.501102679592319e-30,3.0718890108496824e-30,0.4778687411833256,0.519028425689258,0.0031028331274163,953.8961181640624,-1.0508485875499023,-0.7296029661300554,5.414717837477684,-3.203653635142674,-6.636464121441307,3.993005286818071
1330.8,0.0672852783764053,0.6303065712487401,0.2574765515856336,0.0449315987892208,1.4444191240213906e-10,0.2720210710617849,0.0034185872143022,0.7245603417239127,0.0080817584969462,0.970163009698505,0.0217552318045487,0.0091946825922187,0.0002222656612625,0.0066351364184696,0.0010132359291373,0.9734853229758068,0.0094493564231046,0.0183030134906401,0.6115001201954229,0.2506496439790376,0.2613258487502582,0.0097843349987221,MD_contaminated,-1.4669869519940153e-30,2.3895995206914884e-30,3.142801419709692e-31,5.963557531323824e-33,3.617123637856891e-30,-2.8032864574635516e-30,2.3478873332347443e-22,3.76214342649013e-22,2.9302825936937765e-21,3.875766636499258e-21,-4.861002227170169e-22,-5.413892687669671e-22,1.849685435649896e-36,-1.4328890203142602e-36,-3.3126857281633545e-37,1.50326117327971e-37,-1.518416556949629e-36,1.282562447899698e-36,-2.2181476557464235e-37,5.024322520471844e-37,1.3652149383444188e-35,-1.0169809964332374e-35,-1.3852766074745126e-36,9.45557297539776e-37,-2.313372568177454e-28,-3.060590373499117e-28,-1.7923861813011144e-28,-2.1801664482569608e-28,4.105758977850056e-28,5.240757506870541e-28,-1.2903091362998947e-27,-1.6224445892706336e-27,-1.252718549991527e-28,-1.0787917242053357e-29,8.33776708080639e-29,1.186797293107678e-28,2.7851601463453576e-39,1.1259978125750848e-37,7.799104949875251e-38,-1.3363505209034178e-38,-1.2041938845987304e-36,-1.5625011037040757e-36,-0.5100750923156738,0.3625418543815613,-0.0743772983551025,-0.7426154613494873,0.0244432874023914,0.1566077917814254,0.1012258753180503,0.1188132092356681,0.3738971948623657,0.908424437046051,0.1869918406009674,0.0,-1.4062640941435764,-0.1683077334062321,-0.7867916817567242,-0.7621125642697189,3.3623556496904546e-15,1.4234690932490077e-15,1.9380707783035205e-22,2.0207815946222853e-22,7.947010033989384e-30,3.0902460407591707e-30,0.4167366707249545,0.5813729624687001,0.0018903668063453,922.9801025390624,-1.1326375258705268,-0.6953317731290943,5.091933009367,-3.7931017015658592,-6.127774016937103,4.632918135684877
1331.0,0.0661281298478093,0.627051776025861,0.2643763304988719,0.0424437636274578,1.4029341031492827e-10,0.3004686733428346,0.0024162236976556,0.6971151029595095,0.0090541286410742,0.969635706404644,0.0213101649542817,0.0085387716904681,0.0001770155028432,0.0063159421387576,0.001121118960378,0.9738656536642768,0.0099814980432761,0.0198694314460139,0.6080117917991223,0.2574670279146468,0.2501287831744511,0.0080560684962951,MD_contaminated,-1.3696304409773986e-30,2.53358789960484e-30,2.5785205506010264e-31,1.4708298885260112e-32,3.1846521090835986e-30,-3.0171267659088284e-30,2.832334294425703e-22,3.6441552331227545e-22,3.24083708025138e-21,3.508554490757529e-21,-5.165979219365876e-22,-4.842507171891114e-22,1.6310123703656724e-36,-1.553917684934334e-36,-2.7792310422240667e-37,1.6722633942495466e-37,-1.3530887466132091e-36,1.3866919651281954e-36,-2.2183605705043272e-37,5.328667335629334e-37,1.2574615461340666e-35,-1.1457687113296448e-35,-1.3084456257159665e-36,1.1198793285425532e-36,-2.53815672329087e-28,-2.754275092840241e-28,-1.901454192509213e-28,-1.902390850089999e-28,4.439610687291281e-28,4.656665714421437e-28,-1.3818132021300512e-27,-1.4250318031445136e-27,-1.1945963745407816e-28,-1.3704751152155366e-29,9.256396861178599e-29,1.064550529822683e-28,9.272058449511668e-39,9.94691756099623e-38,6.71197715875519e-38,-1.1804134842491023e-38,-1.305973125026735e-36,-1.3867558207476457e-36,-0.4342851042747497,0.3812091946601867,-0.2129280269145965,-0.7638269066810608,0.0233784187585115,0.1452080905437469,0.0826096683740615,0.0839430764317512,0.3740582168102264,0.9083580374717712,0.1869918406009674,0.0,-1.3389151049543009,-0.205566095991779,-0.9613285402222608,-0.6839556376828819,3.526901184381419e-15,1.3616528436453665e-15,1.5602690301610998e-22,1.2302328478387271e-22,8.356917904612629e-30,3.025013563398096e-30,0.3555559419114077,0.6426406854054004,0.0018033726831918,878.4237060546875,-1.2007056015996922,-0.649088568373536,4.688628639455125,-4.272165626573371,-5.546360362652073,5.123149824541671
1331.2,0.0651593667314759,0.6236561528234258,0.2711006085688617,0.0400838718762366,1.3441784751220985e-10,0.3296222221202362,0.0016995123565088,0.6686782655232549,0.0100703752367793,0.969051835838906,0.0208777889243147,0.0079369056300827,0.0001388948212921,0.0060189268847487,0.0012405461434357,0.9741582523017964,0.0105064742186443,0.0214779752539765,0.6043551398257699,0.2640948950413956,0.2403512374075877,0.0065186674576336,MD_contaminated,-1.2559296652370965e-30,2.6492949348560797e-30,2.0802725364928834e-31,3.2338133887183964e-32,2.7539059264054595e-30,-3.1391511604062638e-30,3.2606168043393838e-22,3.4582792275076405e-22,3.464203746804172e-21,3.1206505512371787e-21,-5.349080621259789e-22,-4.268887643006781e-22,1.4109909942548008e-36,-1.627216846688838e-36,-2.261822384127491e-37,1.7325926834963092e-37,-1.1848089082192193e-36,1.453958057933536e-36,-2.1686448599525192e-37,5.616839336797458e-37,1.1374534098130176e-35,-1.2461690198375318e-35,-1.2097428641980815e-36,1.2675884352408543e-36,-2.693180813484734e-28,-2.435655250273299e-28,-1.9541222818052095e-28,-1.6306418991105751e-28,4.647303095289944e-28,4.066297149383874e-28,-1.4323460310505631e-27,-1.2290818644392397e-27,-1.1470567168634555e-28,-1.7403576823301628e-29,9.897240235843767e-29,9.37427555084487e-29,1.3059166495732163e-38,8.637296646863234e-38,5.748200738095377e-38,-8.495010063572361e-39,-1.3694267821622152e-36,-1.2091774536682546e-36,-0.361213743686676,0.3851998746395111,-0.344042032957077,-0.7591332197189331,0.0206087343394756,0.1350232064723968,0.0595614053308963,0.0554188415408134,0.3742192387580871,0.9082918167114258,0.1869918406009674,0.0,-1.2831550617436778,-0.2519474384525608,-1.1083517937409109,-0.5816475380909,3.667149536906854e-15,1.2766860522661086e-15,1.0736084900825029e-22,5.674345967175275e-23,8.720270207792338e-30,2.8951515260337532e-30,0.2975102982676013,0.7012669747247896,0.001222727007609,825.3681640625,-1.2553522816035367,-0.5951146284415495,4.239886521450415,-4.645126723499632,-4.93241651801101,5.475427479606278
1331.4,0.0643904783355627,0.6199775954311784,0.2778576373388184,0.0377742888944403,1.2714658115097019e-10,0.3603496306416263,0.0012425829776608,0.6384077863807127,0.0111411781619319,0.9683844620516175,0.0204743597864504,0.0073683694462785,0.0001059063195305,0.0057361430822177,0.0013706868603549,0.9743887349614802,0.011030159330138,0.0232030850850576,0.6003766702356772,0.270741351745957,0.2317390983104246,0.0051060734832884,MD_contaminated,-1.1295478647743876e-30,2.741097025732232e-30,1.6449715786009422e-31,5.70019998613778e-32,2.326922675661466e-30,-3.187035551182118e-30,3.636482366333426e-22,3.208140047616856e-22,3.613647362467753e-21,2.7169214885138548e-21,-5.432115040384734e-22,-3.702464427667813e-22,1.1909660912153165e-36,-1.6614415152077612e-36,-1.7617915899107591e-37,1.7036152334773538e-37,-1.0147868484977504e-36,1.4910798289023111e-36,-2.058901884937556e-37,5.884596617351429e-37,1.007259078477872e-35,-1.3222826000253009e-35,-1.0910406129931472e-36,1.3918948041751974e-36,-2.795588926323882e-28,-2.111511039172313e-28,-1.9539653781636145e-28,-1.3636915195755686e-28,4.749553846920262e-28,3.4752023299642647e-28,-1.4486108278683358e-27,-1.0360391075816684e-27,-1.110095174879854e-28,-2.1546463599761528e-29,1.03008245156066e-28,8.066925222704851e-29,1.4542884317334148e-38,7.335340786932686e-38,4.908499408525561e-38,-3.8433368786205175e-39,-1.4014447268908129e-36,-1.0309469056759225e-36,-0.2913784384727478,0.3759675621986389,-0.4675264060497284,-0.7324955463409424,0.016536908224225,0.1262095123529434,0.0332604646682739,0.0325869917869567,0.374380350112915,0.908225417137146,0.1869918406009674,0.0,-1.23894446205528,-0.3058669959146808,-1.2304268395318667,-0.459981449274026,3.786972334269381e-15,1.1734970002575773e-15,4.988924469387783e-23,2.3916466950716525e-24,9.0460831142866e-30,2.7130852278799e-30,0.2424553125743885,0.7572988363067638,0.0002458511188477,765.7725219726562,-1.2986570329370324,-0.5351489804474956,3.7534559132617535,-4.927361341402023,-4.293648116275344,5.71077605898361
1331.6,0.0638349600501931,0.6162143335851002,0.2843281207566952,0.0356225856080114,1.191478816517737e-10,0.3910833165311343,0.0010597988611536,0.607856884607712,0.0122722706249376,0.9676545153719074,0.0200732140031549,0.006858035914428,7.96094621293421e-05,0.0054772094959837,0.0015152765512744,0.9745008434381884,0.0115690251379958,0.024964787887062,0.596282582330513,0.2770779934905946,0.2245115955477999,0.0038992245504498,MD_contaminated,-1.0023763383337097e-30,2.8040117051869955e-30,1.2944736521019207e-31,8.528049420483526e-32,1.9407289042129453e-30,-3.164780189803459e-30,3.943137581268747e-22,2.9313576767247e-22,3.6857756172035665e-21,2.3345474905603618e-21,-5.419929511859583e-22,-3.1797879075685913e-22,9.9059114940803e-37,-1.6588109917276164e-36,-1.3278451706721064e-37,1.6031473462073072e-37,-8.578065111735715e-37,1.4984957844324736e-36,-1.9403155371913185e-37,6.121640721324201e-37,8.795558522252406e-36,-1.3706033709558946e-35,-9.668267825078589e-37,1.4878968223015844e-36,-2.830154528190138e-28,-1.804887005243405e-28,-1.9205671414710486e-28,-1.1288180448190182e-28,4.750721669661188e-28,2.933704935601864e-28,-1.4340036380106213e-27,-8.62030489561461e-28,-1.084182204018462e-28,-2.5768934868417436e-29,1.0466007963884564e-28,6.842813910700546e-29,1.3852746617814194e-38,6.147330819401186e-38,4.231145764003613e-38,1.5152159395970718e-39,-1.4030002504605437e-36,-8.677775240495458e-37,-0.2306377738714218,0.3565356731414795,-0.5735955238342285,-0.6890655755996704,0.0119787473231554,0.1190182268619537,0.0062763416208326,0.0161934923380613,0.3745412230491638,0.9081590175628662,0.1869918406009674,0.0,-1.2086099947700188,-0.361017421510669,-1.3202054543621455,-0.3321688992318176,3.878612668236612e-15,1.0626223146617588e-15,-1.0002135087031353e-23,-3.686581147853867e-23,9.310755535148088e-30,2.4993030929324998e-30,0.1946202976716084,0.8041248140974122,0.0012548882309793,704.7354125976562,-1.3282647636199894,-0.4748272511245829,3.276597409868356,-5.105890028324056,-3.688814697658371,5.82388806566873
1331.8,0.0634389508738896,0.6122136670097641,0.2908262763963661,0.03352110571998,1.1073593547651926e-10,0.4228451118764296,0.0011362470727001,0.5760186410508702,0.0134423678460438,0.9668805330862936,0.0196770990676627,0.0063766520568395,5.7709526488479365e-05,0.0052289620818408,0.0016607742167178,0.9745935678787164,0.0120823342393968,0.0268248502795932,0.5919374767211153,0.2834374183460162,0.2181334907559348,0.0028617099164529,MD_contaminated,-8.763251839442141e-31,2.8447515628060823e-30,1.0140524526998243e-31,1.163039045869507e-31,1.585124929314474e-30,-3.0915415001626454e-30,4.18682805497037e-22,2.6270938532837512e-22,3.700601344923162e-21,1.969352681535077e-21,-5.3352379483682e-22,-2.701452926063561e-22,8.051297982281085e-37,-1.6292076919708673e-36,-9.37034030105887e-38,1.4528658775405895e-37,-7.114264064691954e-37,1.4839206447603692e-36,-1.785228672044914e-37,6.310292824774538e-37,7.541717810605694e-36,-1.3982127346421158e-35,-8.367075414118473e-37,1.558435157040204e-36,-2.828189359284628e-28,-1.518958545231715e-28,-1.8503205587555683e-28,-9.124339508891467e-29,4.6785098035108555e-28,2.431392381591521e-28,-1.3966439815117642e-27,-7.026758923410605e-28,-1.0659864150535923e-28,-3.001665977381048e-29,1.0443323527026183e-28,5.685455771046392e-29,1.162925692216977e-38,5.058578676610063e-38,3.679031880288582e-38,7.451713373288172e-39,-1.3821899055758907e-36,-7.159956483174831e-37,-0.1767394542694091,0.3293116986751556,-0.6659321784973145,-0.6338456869125366,0.0066740373149514,0.1129707694053649,-0.0210281275212764,0.0049635828472673,0.3747020959854126,0.908092737197876,0.1869918406009674,0.0,-1.18820743055692,-0.4171891476392618,-1.3854334202492795,-0.2008111308688048,3.947882531193988e-15,9.47770997111821e-16,-7.139703515993879e-23,-6.484861793709304e-23,9.526496998179368e-30,2.2663468168539383e-30,0.1524899670938866,0.8456928404775373,0.001817192428576,643.3379516601562,-1.347360931159485,-0.4150542814617199,2.8086620823325976,-5.207178509518491,-3.111303670085658,5.846436067006865
1332.0,0.0632202566109294,0.60818856392174,0.2970372100756153,0.0315539693917151,1.0262306961081331e-10,0.4538674218250271,0.0014522892338755,0.5446802889410973,0.0146428610839376,0.9660072910655726,0.0193498478504896,0.0059353643936547,4.01246749898158e-05,0.0050013967600896,0.0018141217063434,0.9746147301889946,0.0125942622759278,0.0286936148751191,0.5875145870911009,0.2894968403539374,0.2128361513860024,0.0020360853865376,MD_contaminated,-7.593929941386369e-31,2.8656683973713223e-30,8.087737930252494e-32,1.469051397328738e-31,1.2828088909353468e-30,-2.983562243470487e-30,4.367977200556436e-22,2.3316529655367573e-22,3.669024664441613e-21,1.6467083569514626e-21,-5.20901393589484e-22,-2.294053896764813e-22,6.45877708613613e-37,-1.5795872043049153e-36,-6.116413137375341e-38,1.2627974968262924e-37,-5.847136629937843e-37,1.4533072240054774e-36,-1.6224436218794936e-37,6.470984823823199e-37,6.406245632393821e-36,-1.4073481933794548e-35,-7.140896364292439e-37,1.6061863812438692e-36,-2.787153124714941e-28,-1.2660426850953552e-28,-1.7655925336088839e-28,-7.333302513385726e-29,4.552745314529368e-28,1.9993728791348514e-28,-1.3440305095531975e-27,-5.6745612970891425e-28,-1.057039720701316e-28,-3.38699595287618e-29,1.0287872651955369e-28,4.6712845547056126e-29,8.269484314939254e-39,4.1273803724777327e-38,3.281979161056185e-38,1.3278228962653418e-38,-1.345335720386358e-36,-5.855507106391064e-37,-0.1325945556163787,0.2987208664417267,-0.7409496307373047,-0.5730664730072021,0.0016604193951934,0.1086111590266227,-0.0462952069938182,-0.0013889820547774,0.374862939119339,0.9080263376235962,0.1869918406009674,0.0,-1.17760081030862,-0.4691670410933615,-1.4269222050318209,-0.0761615452637259,3.995762712827941e-15,8.366502865034806e-16,-1.2923279363062364e-22,-8.186623804304599e-23,9.690646238387582e-30,2.030878595417179e-30,0.1186146130844751,0.8795567132364115,0.0018286736791133,586.2862548828125,-1.3570639867332632,-0.3596176323361094,2.385076816466731,-5.239626672684111,-2.601179830220594,5.795678945478695
1332.2,0.0631461558887175,0.6040424351931624,0.3031179116682655,0.0296934972498545,9.497432552958543e-11,0.4843897671305113,0.0019760917078288,0.5136341411616597,0.0158798974806324,0.9651367318485636,0.0189833706708039,0.0055341523938406,2.6966363788167944e-05,0.004788556681299,0.0019686569391196,0.9745819520419308,0.0130997155800218,0.0305873517461228,0.5829835418001765,0.2954132460525317,0.2083220867456527,0.0013887829282555,MD_contaminated,-6.518820238879091e-31,2.8724132273761123e-30,6.557512511515212e-32,1.7633172451219212e-31,1.0205980853591044e-30,-2.8561987934654693e-30,4.503306229375898e-22,2.0426762421162098e-22,3.6081045440969986e-21,1.3575774624048588e-21,-5.048144574142455e-22,-1.9358050184308157e-22,5.074418976360163e-37,-1.5196275305143448e-36,-3.416274222870334e-38,1.0648957465640794e-37,-4.732792749155603e-37,1.413138757586341e-36,-1.4574045053834685e-37,6.597694695140486e-37,5.365245815112929e-36,-1.404357196821236e-35,-5.973191595843897e-37,1.6373954091804294e-36,-2.7302138274543553e-28,-1.0420952616965778e-28,-1.6660281983820975e-28,-5.796571429947762e-29,4.39624133783448e-28,1.621752404691354e-28,-1.2831467980561499e-27,-4.508124677486425e-28,-1.0528893246639703e-28,-3.736514639792559e-29,1.0038258399043508e-28,3.768674145389207e-29,4.324565571948841e-39,3.315883507730325e-38,2.980057068335636e-38,1.8906780073763943e-38,-1.299137528740958e-36,-4.713515688056116e-37,-0.0961071029305458,0.2653021216392517,-0.8018839359283447,-0.5097001791000366,-0.003185726236552,0.1051077768206596,-0.0697273090481758,-0.0044217952527105,0.3750236630439758,0.9079599380493164,0.1869918406009674,0.0,-1.174248492069993,-0.5181106856228416,-1.4503795560942152,0.0411955160369302,4.027101094353881e-15,7.319813741663991e-16,-1.8369974699673905e-22,-9.061357085460829e-23,9.814060030731973e-30,1.8036132173079664e-30,0.0906795845798267,0.9076935691748996,0.0016268462452735,533.9735107421875,-1.3600538515753062,-0.3086584649143054,1.996907737830631,-5.226921281241302,-2.144139824258203,5.698592424612777
1332.4,0.063226807136405,0.5996899235356719,0.3092070209787783,0.0278762483491448,8.760657879968545e-11,0.5151769891067595,0.0027311054520479,0.4820919054411925,0.0171764084217851,0.9642202425566196,0.0186033490215953,0.0051507045389188,1.6914552586510943e-05,0.0045819984649958,0.0021365294649012,0.9745126433586304,0.0136012096199671,0.0325729961313669,0.5782331635303262,0.3013261513590767,0.20448050285619,0.0009140225718829,MD_contaminated,-5.518049141725927e-31,2.8675461631723143e-30,5.502381795584783e-32,2.053732401227537e-31,7.92756357351013e-31,-2.7113126495044397e-30,4.597591065150927e-22,1.7600613329079478e-22,3.5214784159924834e-21,1.0973584117732836e-21,-4.858707171366796e-22,-1.6254280380598604e-22,3.862037594962948e-37,-1.4493914353875449e-36,-1.1485608564761752e-38,8.518543376769767e-38,-3.747182095943512e-37,1.3642058411778554e-36,-1.2893101027814481e-37,6.7082599015197e-37,4.407902234669717e-36,-1.3907183125738586e-35,-4.857418519511959e-37,1.653674620751687e-36,-2.650508281564865e-28,-8.44297207823595e-29,-1.5613103426293252e-28,-4.464219524383885e-29,4.211818853665931e-28,1.2907193323657883e-28,-1.2146214550875403e-27,-3.498297131380445e-28,-1.0536239677454534e-28,-4.0708191973954756e-29,9.715232244913043e-29,2.9647843432353775e-29,-1.7495198189996582e-40,2.608262126675197e-38,2.768753504275061e-38,2.4530689903883083e-38,-1.2445579090806696e-36,-3.7105280731811134e-37,-0.0659747347235679,0.2304575592279434,-0.8514474630355835,-0.4444782733917236,-0.0081354137510061,0.1025568842887878,-0.0917538926005363,-0.0045154518447816,0.3751843273639679,0.9078935384750366,0.1869918406009674,0.0,-1.176632066930506,-0.5637223242575833,-1.4595356920106766,0.1522312954499975,4.0453013550808e-15,6.318226545732317e-16,-2.3501670020055e-22,-9.280534694440528e-23,9.905895320023568e-30,1.5803204884862793e-30,0.06804745169907,0.9309628839397324,0.0009896643611974,484.8846435546875,-1.357545548899076,-0.2612339130634688,1.6400985303557365,-5.174604469788344,-1.7328931546146509,5.560941416884473
1332.6,0.0634176860276985,0.5954477728832537,0.3149236076341729,0.0262109334548749,8.105855424499589e-11,0.5441488789410007,0.0036178123875724,0.4522333086714268,0.0184842337156431,0.9631592508032416,0.0183565154811152,0.0048052275446568,1.0056894157150204e-05,0.0043956756741615,0.0022935043773283,0.97439738284596,0.0140981526637361,0.0345086627570045,0.5735110308226934,0.306860739075146,0.2013748238949647,0.0006333134366339,MD_contaminated,-4.643782884970453e-31,2.8545026456558692e-30,4.8951289016931215e-32,2.306757568145355e-31,6.090896895259833e-31,-2.565161855098018e-30,4.658748069949235e-22,1.5070994701501885e-22,3.4233161135473835e-21,8.796157369605042e-22,-4.68185196665546e-22,-1.3747310634513298e-22,2.878767098629153e-37,-1.3772834113699344e-36,6.243100703846352e-39,6.406656273175726e-38,-2.941198317619284e-37,1.3132167721285826e-36,-1.1305777610875577e-37,6.780020097430654e-37,3.5893744947412065e-36,-1.3705662201140255e-35,-3.872899127024222e-37,1.6595988339117765e-36,-2.5656842085466833e-28,-6.779561793599234e-29,-1.4570541027574223e-28,-3.430274263059824e-29,4.022738196499331e-28,1.020983663068293e-28,-1.1461835054460124e-27,-2.6887048726047828e-28,-1.058640203335022e-28,-4.331019613197697e-29,9.372894321335856e-29,2.2971227183384693e-29,-4.7092209180498066e-39,2.038858085316363e-38,2.6513864050312027e-38,2.934463859088937e-38,-1.1882710488816096e-36,-2.8930695412188336e-37,-0.0431005097925663,0.1972984671592712,-0.888796329498291,-0.3824949562549591,-0.0119402213022112,0.1010022386908531,-0.1104732379317283,-0.0025520571507513,0.3753449916839599,0.9078271389007568,0.1869918406009674,0.0,-1.183302654960069,-0.6030568212981966,-1.4570899512464437,0.250520825716686,4.0522033372143066e-15,5.415010154459773e-16,-2.8011537077771184e-22,-8.979988361005733e-23,9.963518686166884e-30,1.3728748210477565e-30,0.0511283601930869,0.9484721561849389,0.0003994836219741,442.2745971679688,-1.351167706805871,-0.2198116537442621,1.3351387128794494,-5.098091663937751,-1.3888364139585705,5.40511711558796
1332.8,0.0637098332461111,0.5912754861108689,0.3203097377898489,0.0247049428531711,7.536353980010843e-11,0.5708414470251182,0.0046067652557736,0.424551787719108,0.0197691831792165,0.962205396951328,0.0180254198694555,0.0045030505324038,6.295198149964012e-06,0.0042267222928686,0.0024524273934654,0.9742502802004188,0.0145612243826933,0.036368213399939,0.5689284638208979,0.3120618517926829,0.1989007068149466,0.0005054279531322,MD_contaminated,-3.890726753113416e-31,2.8370375374171145e-30,4.517600312031757e-32,2.532498576219924e-31,4.574918059666781e-31,-2.426809459111713e-30,4.696506195117062e-22,1.276867362234222e-22,3.3236953437800407e-21,6.944460890148546e-22,-4.499126405597175e-22,-1.1644887409237074e-22,2.0646222623900496e-37,-1.3089654646028282e-36,2.012898848746475e-38,4.527372296919362e-38,-2.2659126106894534e-37,1.263691500681519e-36,-9.859181208511432e-38,6.844384791003099e-37,2.8794525876322408e-36,-1.347846060499777e-35,-2.9942143291237205e-37,1.6581636556098185e-36,-2.482857423876883e-28,-5.371138063097739e-29,-1.3580947978771303e-28,-2.5977813925450407e-29,3.8409523366277243e-28,7.968920317195614e-29,-1.0816582186427124e-27,-2.0249246309271166e-28,-1.064336411697779e-28,-4.556509415461309e-29,9.021679871130255e-29,1.7344639530999106e-29,-9.046355838741684e-39,1.564780449195242e-38,2.573883286730657e-38,3.3684674441497715e-38,-1.1342494775439876e-36,-2.2118671990235264e-37,-0.025777542963624,0.165585845708847,-0.9165786504745485,-0.3251821398735046,-0.0154796866700053,0.0996238589286804,-0.1267624646425247,0.0005970943602733,0.3755055069923401,0.907760739326477,0.1869918406009674,0.0,-1.192813031095403,-0.6375898515951828,-1.4470454178046304,0.3364068845256072,4.0517659282803936e-15,4.628012237245627e-16,-3.1959083315070223e-22,-8.337836043689164e-23,9.999904688803939e-30,1.1898325506482101e-30,0.0382476879875987,0.961928925562378,0.0001766135499767,405.9002685546875,-1.3426991501551204,-0.1841383991572863,1.0707478174099692,-5.012074981486324,-1.0963051782057571,5.247037133341075
1333.0,0.0641605364590406,0.5868118152538062,0.3258377706137301,0.0231898776734228,6.977734227544532e-11,0.5983109361037486,0.0057856835331332,0.395903380363118,0.0211677341434468,0.961093093569129,0.017739172287424,0.0042036486219092,4.466083458394603e-06,0.0040575239712552,0.002618378547718,0.9740633265989836,0.0150526561766756,0.0383879506297273,0.5639807828651968,0.3173866227756065,0.196909450792618,0.0005314462304222,MD_contaminated,-3.1899488467792643e-31,2.8137228544584163e-30,4.407548437203227e-32,2.7495329591018604e-31,3.277727835990801e-31,-2.2800471211542388e-30,4.7123985931545775e-22,1.0551355054315452e-22,3.210738791270985e-21,5.284888945479525e-22,-4.309351374424446e-22,-9.86069735079701e-23,1.3617990068940071e-37,-1.235635082940819e-36,3.120985443473215e-38,2.584105090854912e-38,-1.6738975691207771e-37,1.20979401848153e-36,-8.375820537095678e-38,6.886702891470638e-37,2.2280002953226088e-36,-1.31938571623655e-35,-2.1573938911281667e-37,1.6493253162581007e-36,-2.3907111661270555e-28,-4.124981820352151e-29,-1.2549700286832527e-28,-1.9025807876820705e-29,3.645680620096914e-28,6.027563039069267e-29,-1.0135286790920664e-27,-1.461553746574368e-28,-1.0727468023554652e-28,-4.7564972997241074e-29,8.628431376027062e-29,1.2352307787833553e-29,-1.367389438317289e-38,1.1558924515420331e-38,2.54796085974504e-38,3.780930898074709e-38,-1.0760946794921169e-36,-1.6203646146899622e-37,-0.0121854851022362,0.1334316730499267,-0.937836766242981,-0.2675836682319641,-0.0185802206397056,0.0989208072423935,-0.1419781595468521,0.0051487875171005,0.375666081905365,0.9076943397521972,0.1869918406009674,0.0,-1.2055697291650698,-0.6699689141708833,-1.429477132759491,0.417758519191069,4.044782092663476e-15,3.877056930143817e-16,-3.5688394783181054e-22,-7.342936216691608e-23,1.0021839491592228e-29,1.0111277877219563e-30,0.0280830481245862,0.9713231274227732,0.0005938244526404,370.9430541992188,-1.3314650921713775,-0.1509496761050566,0.8282514011342851,-4.904770750720446,-0.8341874068868618,5.067954869273756
1333.2,0.0647091384654283,0.5821915628908522,0.3313890902457546,0.0217102083979647,6.461136386079319e-11,0.6253904355302572,0.0071055714777413,0.3675039929920015,0.0226388935257579,0.9598454338480356,0.0175156726262062,0.0039130799626151,4.783426959562449e-06,0.0038929726922835,0.0027824222095483,0.9738604865845012,0.0155462551240922,0.0404684762876819,0.558813913265636,0.3227267406755256,0.1952663511567045,0.0007057403027225,MD_contaminated,-2.549501004630815e-31,2.7869772736807917e-30,4.5046805515854015e-32,2.948885919610584e-31,2.182381098772879e-31,-2.134222388161109e-30,4.712451812275845e-22,8.479272301130743e-23,3.094251469690785e-21,3.8192569798452857e-22,-4.1284351453627154e-22,-8.330492118980429e-23,7.623733080146476e-38,-1.1619470926049705e-36,4.021440823382821e-38,6.349891189280274e-39,-1.1645177905389263e-37,1.1555971307943756e-36,-6.965944426912713e-38,6.908113568553513e-37,1.641056523162353e-36,-1.2885441601572452e-35,-1.3874259305694436e-37,1.6353105030851442e-36,-2.297068421214282e-28,-3.036037711220446e-29,-1.153767011893131e-28,-1.3230005991687466e-29,3.4508352030840587e-28,4.35903802286e-29,-9.462279344634764e-28,-9.85237181069864e-29,-1.082764092971178e-28,-4.932413787665826e-29,8.234292652222075e-29,7.962320945201536e-30,-1.823344068633552e-38,8.091679390434441e-39,2.561617200321941e-38,4.163964288372801e-38,-1.0178060416105567e-36,-1.1132394758774412e-37,-0.0016993400640785,0.1024516969919204,-0.953581929206848,-0.2118847668170929,-0.0214890129864215,0.0986451059579849,-0.15562404692173,0.0106374844908714,0.3758265674114227,0.9076279401779176,0.1869918406009674,0.0,-1.2197785260031142,-0.6993686005472405,-1.4070918190519168,0.4928981700625453,4.032593934835432e-15,3.1754094569260223e-16,-3.911751837219295e-22,-6.142620260048853e-23,1.0027363958115593e-29,8.417144518391848e-31,0.0206918725817703,0.9785456501755784,0.0007624772426512,339.1483764648437,-1.3186111334995605,-0.1206253255569084,0.6098740628989078,-4.788681261663126,-0.6027559263606798,4.883354068209141
1333.4,0.0652906488918882,0.5780353773812755,0.3362127379516262,0.0204612357752099,6.050246209077043e-11,0.6480452574665757,0.008352737887513,0.3436020046459112,0.0239958222243108,0.9587546862728122,0.0172494915028768,0.0036774016767053,6.865470288742401e-06,0.0037560155806586,0.0029409621883615,0.9736238428064184,0.0159949122775673,0.0423112953713034,0.5541941268957714,0.3273447379249297,0.1941944534572694,0.0009729411969649,MD_contaminated,-2.038600830356956e-31,2.7624586059010362e-30,4.6659357463914155e-32,3.1099482701544732e-31,1.3498501945962204e-31,-2.0124521088269292e-30,4.7063908405175755e-22,6.752582351116803e-23,2.9934892678967337e-21,2.6702021511472283e-22,-3.96702082789648e-22,-7.163948840208099e-23,3.044889963863161e-38,-1.100346805302757e-36,4.661322166717114e-38,-9.45275562323242e-39,-7.706210232086242e-38,1.1097993737146162e-36,-5.787406097835726e-38,6.936632218571379e-37,1.1722348494704594e-36,-1.2610653824678074e-35,-7.530583507405558e-38,1.6215613456685746e-36,-2.2144582185509677e-28,-2.18608806244516e-29,-1.0708814435097204e-28,-8.983317912371263e-30,3.285339892222101e-28,3.084419853682286e-29,-8.896410688982202e-28,-6.275426882383715e-29,-1.0917756116747944e-28,-5.067277402241875e-29,7.893629059148654e-29,4.553196206259272e-30,-2.2121061288810746e-38,5.4267827207975407e-39,2.589407345979518e-38,4.47523905231408e-38,-9.687374134656157e-37,-7.237071882430877e-38,0.0049759307876229,0.0761961787939071,-0.9634989500045776,-0.165453091263771,-0.0237276945263147,0.0983730480074882,-0.1665078401565551,0.015791717916727,0.3759869039058685,0.9075614809989928,0.1869918406009674,0.0,-1.2335033887582152,-0.7226822743006648,-1.3847659054739991,0.5530654337638226,4.019694104298791e-15,2.609908093582043e-16,-4.1857684226831122e-22,-4.960210405087653e-23,1.0025714377084805e-29,7.0360606415015846e-31,0.0160708776118139,0.9836791912570236,0.0002499311311623,314.2616271972656,-1.3068144989857888,-0.0964384811799195,0.4355128372172638,-4.685154710108873,-0.4213486470593649,4.723622338754804
1333.6,0.0660384109493492,0.5732869844058391,0.3415418809134219,0.0191327237313896,5.628411480994285e-11,0.672473935374266,0.009838718288721,0.3176873463370128,0.0255671239207969,0.9574686485472854,0.0169642275319175,0.0034289991832639,1.0813980309918814e-05,0.0036089238110002,0.0031167346532969,0.973340825175522,0.016493703196607,0.0444091100969719,0.5489043141888075,0.3324366562002699,0.1933537719378242,0.0013948687969643,MD_contaminated,-1.528449202195663e-31,2.7336436142707578e-30,4.948492832000854e-32,3.2745217555822703e-31,5.803954017524254e-32,-1.8809413755192563e-30,4.689305787652808e-22,4.967073965495112e-23,2.8815272230974085e-21,1.5531469659112017e-22,-3.793004868117742e-22,-6.060422040012277e-23,-1.209456790899946e-38,-1.033703387503286e-36,5.185651367338442e-38,-2.609998930008609e-38,-3.9761945764384963e-38,1.0598035859981728e-36,-4.5671447929647155e-38,6.954121802405186e-37,7.057982687325786e-37,-1.2295468895320716e-35,-1.0395466343925228e-38,1.6031602373280458e-36,-2.12757457423997e-28,-1.3605540879947962e-29,-9.788544310222535e-29,-5.256816086975781e-30,3.106429350711525e-28,1.886235804645281e-29,-8.289770832643063e-28,-2.994164545900888e-29,-1.1023755861635344e-28,-5.195817728894573e-29,7.518695980674064e-29,1.2948904371005466e-30,-2.6302574865463403e-38,2.9399343167051485e-39,2.6410876240378224e-38,4.791645487341299e-38,-9.154239554241505e-37,-3.572212320755745e-38,0.0098924692720174,0.0480650216341018,-0.9702755212783812,-0.1163840740919113,-0.025917612016201,0.0982777178287506,-0.177388921380043,0.0219238176941871,0.3761472105979919,0.9074950814247132,0.1869918406009674,0.0,-1.2498057242397724,-0.7462740422590136,-1.3570133483866604,0.6140848078454412,4.002433172601975e-15,2.0353975426220403e-16,-4.463555663068712e-22,-3.515148328600642e-23,1.0014363971341866e-29,5.613942403051121e-31,0.0127383396872343,0.9869273231049293,0.0003343372078364,289.0988464355469,-1.292989279528736,-0.0722942969751542,0.2621420244828593,-4.566686050354464,-0.2450444546539558,4.546268205470018
1333.8,0.0668347162913047,0.5687592474357288,0.3464734016543588,0.0179326346186076,5.2619255890995036e-11,0.6946732904496153,0.0112956519645166,0.2940310575858681,0.0270962469758892,0.9561197906926304,0.0167839623314805,0.0032052023078637,1.612160940409248e-05,0.0034759977368664,0.0032782536212424,0.973060917980779,0.0169635067438444,0.0464282922823472,0.543801972612747,0.3371397262697135,0.1928999916651003,0.0019060967118771,MD_contaminated,-1.0944815377820466e-31,2.7053881414403573e-30,5.330956211945101e-32,3.411226007519435e-31,-1.5477755578057146e-33,-1.761533156027025e-30,4.664202588546653e-22,3.406835579650389e-23,2.7772712772168496e-21,6.423268409203681e-23,-3.643212778168882e-22,-5.23686246492389e-23,-4.536953239493305e-38,-9.72714935803966e-37,5.534392451881388e-38,-4.130975145059913e-38,-9.974396359920781e-39,1.0140245818863956e-36,-3.3960501823825176e-38,6.955349522749294e-37,3.1581643413371243e-37,-1.1993177005392484e-35,4.568400816811732e-38,1.5834045428164398e-36,-2.0460152437422036e-28,-6.962085132204895e-30,-8.975291575505796e-29,-2.5292678226049136e-30,2.943544574121071e-28,9.49135079445621e-30,-7.741963449035771e-28,-5.016680954565658e-30,-1.112896766643697e-28,-5.287296063995927e-29,7.175303391099128e-29,-1.3271650762069237e-30,-3.0089673300571667e-38,1.04194545718769e-39,2.7115772330036606e-38,5.054890049166358e-38,-8.667003682411686e-37,-6.814417650400568e-39,0.012331549078226,0.0231862813234329,-0.973192572593689,-0.0727601423859596,-0.0275412816554307,0.0984424874186515,-0.1862691044807434,0.0280264131724834,0.3763074278831482,0.9074285626411438,0.1869918406009674,0.0,-1.265678457904414,-0.7655696250759398,-1.3287838710092357,0.666007370909381,3.9837218427773036e-15,1.5342961505779376e-16,-4.697523052281418e-22,-2.068422316509835e-23,9.994099818558158e-30,4.347752917495906e-31,0.0111391162686732,0.9878794807909204,0.0009814029404062,267.5978088378906,-1.2794328139524973,-0.0517602473469114,0.1172628738248253,-4.453075425918791,-0.1013265533545767,4.381123570172187
1334.0,0.0676678394483223,0.5644010231975144,0.3510985943267993,0.0168325430273638,4.944587062317937e-11,0.7147097291070572,0.012745126252443,0.2725451446404996,0.0285573530138748,0.9548731527727276,0.0165694942133975,0.0030042052489737,2.247334706495798e-05,0.0033544696740619,0.0034394118224538,0.9727886838505309,0.0173907560569148,0.0483628632013702,0.538931384448764,0.3415447394769385,0.192731729895044,0.0024849583961905,MD_contaminated,-7.270483641559315e-32,2.6786274350612774e-30,5.736935889547896e-32,3.5320342730129117e-31,-4.740519678385084e-32,-1.65404879129966e-30,4.633039215598539e-22,2.0478334485202877e-23,2.68163879488092e-21,-1.0593810012046933e-23,-3.5027938726262835e-22,-4.573619755450173e-23,-7.142492299875902e-38,-9.175937348637546e-37,5.768749582036126e-38,-5.48529216725815e-38,1.373743923344614e-38,9.724470486227748e-37,-2.3920715290332833e-38,6.959339998700351e-37,-1.133619538775696e-38,-1.1710930710995636e-35,9.383854793831356e-38,1.563004747188044e-36,-1.9705944073362919e-28,-1.4922700669766931e-30,-8.249622882363602e-29,-5.626561476739819e-31,2.7955566955726523e-28,2.0549264848568813e-30,-7.246909353931374e-28,1.419289442249413e-29,-1.1225259865931018e-28,-5.368238435055525e-29,6.856874895066795e-29,-3.4787348556996235e-30,-3.354302291922757e-38,-4.5928021158273795e-40,2.7879590245973715e-38,5.287078113825163e-38,-8.226131168855939e-37,1.6009017511077618e-38,0.0135022774338722,0.0011712221894413,-0.9738996028900146,-0.0341436490416526,-0.0291036833077669,0.0986665338277816,-0.1938310265541076,0.0338933765888214,0.3764677345752716,0.907362163066864,0.1869918406009674,0.0,-1.2805042699482323,-0.7820504396737643,-1.3017230914854738,0.7105063748448338,3.965184993016356e-15,1.1039217693894352e-16,-4.89799667067202e-22,-6.941958686524988e-24,9.973127918095734e-30,3.254645469324532e-31,0.0107657925369858,0.9883654531108188,0.0008687543521954,249.20167541503903,-1.2665872126122322,-0.0343784338552284,-0.0042078756533864,-4.346973436124259,0.0167091463779575,4.229629859844645
1334.2,0.0685631128029764,0.5599538641244687,0.3556916428598302,0.0157913802127245,4.657762946117486e-11,0.733568242076796,0.0141972881371732,0.2522344697860307,0.0301335380542987,0.9535215210104186,0.0163449409352825,0.0028173400280228,2.9892217091101038e-05,0.0032379227047885,0.0035920884154029,0.972468233677338,0.0178545229573565,0.0502957221301925,0.5339280602156248,0.3458988236656896,0.1927599767363542,0.0031401518777658,MD_contaminated,-3.856053232741716e-32,2.652709930874816e-30,6.14887026108468e-32,3.639198540966969e-31,-8.879972850840517e-32,-1.5531339693988e-30,4.606125637660443e-22,7.412452469817097e-24,2.5901564492313533e-21,-7.983498820921926e-23,-3.3692326458726214e-22,-3.992273022220957e-23,-9.473427147629612e-38,-8.659137308476726e-37,5.939185290951077e-38,-6.725578422719006e-38,3.5342401041474844e-38,9.331696925362248e-37,-1.387559103284025e-38,6.953616004092479e-37,-3.193483441459486e-37,-1.1439108555585349e-35,1.4017809909610978e-37,1.5442435636097627e-36,-1.901759387523801e-28,3.5411688054948635e-30,-7.542493618005176e-29,1.0748866096674178e-30,2.656008980038589e-28,-4.616054694180188e-30,-6.782760062644727e-28,3.106244071560193e-29,-1.1319638060539908e-28,-5.429115142206086e-29,6.551072293575565e-29,-5.428578443135019e-30,-3.6812617655821775e-38,-1.8285001989783152e-39,2.8637203427485883e-38,5.496218639758631e-38,-7.81081490337673e-37,3.679377423378095e-38,0.0134325260296463,-0.0205224826931953,-0.972967267036438,0.0028497804887592,-0.0301856454461812,0.0988089889287948,-0.2007656395435333,0.0396098382771015,0.3766278028488159,0.9072957038879396,0.1869918406009674,0.0,-1.2960694370702237,-0.7974055633667677,-1.2740390829165205,0.7519764182703058,3.946809439173314e-15,7.02648424363207e-17,-5.084915017913116e-22,7.250480539378741e-24,9.951011697498069e-30,2.222815694292508e-31,0.0112759945355629,0.9885492052828514,0.0001748001815856,232.7951812744141,-1.2541441102813984,-0.0182305890081986,-0.1185031869120234,-4.244803031294048,0.1259013080615991,4.084726413283998
1334.4,0.0695477057341948,0.5554285544797826,0.3602386462906665,0.0147850934953561,4.3895458668914175e-11,0.751595878367511,0.0156790592539831,0.2327250623785058,0.031740698128929,0.9520655598002288,0.0161937420708421,0.0026369154032472,3.858161201730504e-05,0.0031256286446083,0.0037521892501676,0.9721422304402064,0.0183044546497529,0.0522717689797373,0.528804397649826,0.3502032010957691,0.1930600907213011,0.0038811084306993,MD_contaminated,-7.334165181934856e-33,2.6263543597330793e-30,6.596846920184136e-32,3.7355473660438373e-31,-1.216204501142444e-31,-1.4563821164486004e-30,4.572348213094834e-22,-4.922038564009265e-24,2.5003958344482284e-21,-1.4012261154315132e-22,-3.247507610122513e-22,-3.4802422942189934e-23,-1.1372789666137295e-37,-8.157964661944379e-37,6.021576919872404e-38,-7.937764845154563e-38,5.351212331639885e-38,8.951740015282247e-37,-4.87314117597554e-39,6.947523789306805e-37,-5.958009274877064e-37,-1.116724470418388e-35,1.8334774354170249e-37,1.5235421904350184e-36,-1.8333778778743198e-28,8.051676933595356e-30,-6.879366540115318e-29,2.102303572053985e-30,2.5213148204516516e-28,-1.015398050564934e-29,-6.336801083134903e-28,4.4362821965949347e-29,-1.1409959831409335e-28,-5.468824013476133e-29,6.258184216597507e-29,-7.103534841882478e-30,-3.9975068901042806e-38,-2.9226741070780428e-39,2.9467302041539086e-38,5.678568720272727e-38,-7.4100108967556095e-37,5.392117381827221e-38,0.0120000075548887,-0.0410006679594516,-0.969889998435974,0.0381629168987274,-0.0310059897601604,0.0988894701004028,-0.2067717611789703,0.0454166978597641,0.3767880201339721,0.90722918510437,0.1869918406009674,0.0,-1.3119239328580197,-0.8109024386139618,-1.245258174347806,0.7899423325854193,3.927169268083121e-15,3.265442694711041e-17,-5.254302217829491e-22,2.190028989627163e-23,9.923486654581184e-30,1.2442547269944082e-31,0.0125655536521842,0.9869602549578912,0.0004741913899245,217.6768951416016,-1.2414976603192094,-0.0034669156049041,-0.2210224264232291,-4.142678211979798,0.2209429267823575,3.942581198661711
1334.6,0.0705254045223569,0.5511286155070184,0.3644628186574579,0.0138831613131665,4.1572436205816833e-11,0.7677505396892379,0.0171109276882269,0.2151385326225352,0.0332978263429551,0.9507143836239468,0.015987790033098,0.0024773884752166,4.752192631939021e-05,0.0030225666086129,0.0039075899369637,0.9718215103989076,0.0187234226539798,0.0541459173838413,0.5239659019892742,0.354192806911934,0.1935050735275155,0.0046392856669876,MD_contaminated,1.9054594744976838e-32,2.6020506595887e-30,7.048044110055305e-32,3.820197621897975e-31,-1.4762912778346823e-31,-1.3695178892791508e-30,4.538786461471948e-22,-1.5707340968175546e-23,2.419222908557249e-21,-1.9039770550609945e-22,-3.1315275120659784e-22,-3.108882979239952e-23,-1.288727529290022e-37,-7.711678984156767e-37,6.059740737725187e-38,-8.974535901742268e-38,6.827535498388288e-38,8.609134955290976e-37,3.441206726752633e-39,6.94332003300261e-37,-8.310444590628387e-37,-1.091834681617564e-35,2.2057753051428843e-37,1.5037935656136604e-36,-1.7710288757692063e-28,1.1507178284793453e-29,-6.296078604577184e-29,3.066271494580072e-30,2.400636620731389e-28,-1.4573447613832222e-29,-5.939978841228088e-28,5.462948090995792e-29,-1.1495522475303415e-28,-5.509103572035246e-29,5.993564612078598e-29,-8.485005151387799e-30,-4.279648894892871e-38,-3.800786860022618e-39,3.031121066618903e-38,5.845559762816176e-38,-7.049783981289889e-37,6.779646846629267e-38,0.009966067969799,-0.0590908527374267,-0.965895652770996,0.069035530090332,-0.0319404304027557,0.0990539118647575,-0.2119344621896743,0.050870805978775,0.3769479393959045,0.9071626663208008,0.1869918406009674,0.0,-1.3263617009307036,-0.8222964638111124,-1.2185352786826242,0.8221700952449129,3.908496415690409e-15,6.261445005068654e-19,-5.398026310249186e-22,3.5413073415154603e-23,9.896803207708678e-30,4.054791525745636e-32,0.0144229199380393,0.9852243716213184,0.0003527084406421,204.7324981689453,-1.2298247903491486,0.0090059019032063,-0.3081975990990797,-4.049131473268111,0.3001708416569584,3.814017478241937
1334.8,0.071627366257714,0.5464966221797163,0.3689075873473311,0.0129684242152385,3.929706965866361e-11,0.7838973323551893,0.0186034752591833,0.1974991923856273,0.0350183506640082,0.9491146998894368,0.0158669494465548,0.0023155848166986,5.817486169494437e-05,0.002918518428228,0.0040594163345106,0.9714648799512308,0.0191834256076369,0.0561485013330501,0.5186879775506924,0.3583807650554731,0.1941607294465211,0.005499215694267,MD_contaminated,4.5222506722576386e-32,2.5766429391888e-30,7.552720970265224e-32,3.897476516076237e-31,-1.7007069921426632e-31,-1.2822940212278382e-30,4.502567963015442e-22,-2.655576725992998e-23,2.336045156939001e-21,-2.3812022084812755e-22,-3.023335969021696e-22,-2.778863085901532e-23,-1.421694181756433e-37,-7.259307582554382e-37,6.039881020019643e-38,-1.0049417052219177e-37,8.177060873234022e-38,8.26424995575658e-37,1.2461632422169427e-38,6.924433717456918e-37,-1.0606925390261776e-36,-1.0660986633767302e-35,2.580762882165966e-37,1.4832330076812302e-36,-1.7096519954429311e-28,1.503482515600578e-29,-5.691770694420497e-29,3.492555898737645e-30,2.278829122667372e-28,-1.8527380693603482e-29,-5.540394811918052e-28,6.321609740887504e-29,-1.1585519738477598e-28,-5.528933558990825e-29,5.725238833425793e-29,-9.755847533085121e-30,-4.562665253605965e-38,-4.5615382052114885e-39,3.123901218769184e-38,5.996604690727832e-38,-6.686166533111639e-37,8.027734218683153e-38,0.0069945291616022,-0.0776763930916786,-0.9604570865631104,0.100675344467163,-0.0323965288698673,0.0993333905935287,-0.2167177200317382,0.0565275773406028,0.3771079778671264,0.9070962071418762,0.1869918406009674,0.0,-1.3419516081514693,-0.8332989734380148,-1.1896995274095492,0.8542355734977051,3.888324221637593e-15,-3.177002415912431e-17,-5.539975703841577e-22,5.0000383749445163e-23,9.864156233302695e-30,-4.574002517134277e-32,0.0169992030515481,0.9827752772886328,0.000225519659819,192.2242431640625,-1.2176336960209706,0.0213706164585147,-0.3932460346455066,-3.952503260734516,0.375351358285524,3.6823320571024447
1335.0,0.0727046530339189,0.542248013588309,0.3728798539704736,0.0121674794072986,3.737986298843562e-11,0.7977155926103817,0.0199960526222996,0.1822883547673187,0.0366475258970222,0.947652078896709,0.0157003952062688,0.0021763634556458,6.844014384525782e-05,0.0028267922491042,0.0042158545493262,0.9710973524638165,0.0196151971382619,0.0579976353804848,0.5138624573545718,0.3621026389778214,0.1949814457921237,0.0063424472293138,MD_contaminated,6.64470010344447e-32,2.5543428566201373e-30,8.004888305651154e-32,3.965531050149999e-31,-1.856970181859348e-31,-1.2072682569949626e-30,4.469667833331092e-22,-3.5788317558327503e-23,2.263454121204224e-21,-2.7549847854231517e-22,-2.923922008726876e-22,-2.5381421808096522e-23,-1.5170088912440114e-37,-6.869475082762506e-37,5.973779833109086e-38,-1.0952096170358898e-37,9.196311874497304e-38,7.96468343594257e-37,1.979461001512669e-38,6.920662308367042e-37,-1.246265318141157e-36,-1.0433681267843593e-35,2.8976120582186432e-37,1.465028614418048e-36,-1.654083036262452e-28,1.7660662990123256e-29,-5.187830810855822e-29,3.7307262930672064e-30,2.172866232982096e-28,-2.1391389283190465e-29,-5.194891195372772e-28,6.886355254642771e-29,-1.166965070898599e-28,-5.543742044577339e-29,5.489498684575714e-29,-1.0746955943697619e-29,-4.813712866166562e-38,-5.1293546353937487e-39,3.2135012642758273e-38,6.12333989574356e-38,-6.372075085903308e-37,8.945858291733235e-38,0.0036807442083954,-0.0934818089008331,-0.9547090530395508,0.1274036169052124,-0.0327690877020359,0.0996036380529403,-0.2206643670797348,0.0616258606314659,0.3772679269313812,0.9070296883583068,0.1869918406009674,0.0,-1.3559341936418148,-0.8421805019727799,-1.1641150363065436,0.8803864594267318,3.870677965051379e-15,-5.833737688254316e-17,-5.6556107242942445e-22,6.29960841293026e-23,9.837984070100038e-30,-1.1708854405065308e-31,0.0197470942955043,0.9801915671534748,6.133855102097296e-05,181.8080902099609,-1.2069145982426013,0.0313958853840108,-0.4619077106077145,-3.867072089295167,0.4342060317847118,3.567371541559655
1335.2,0.0738571541556043,0.5377773849940043,0.3769815832369643,0.011383877613427,3.553098905870699e-11,0.8112076498844115,0.0214021804248123,0.167390169690776,0.038396655658077,0.946021020190343,0.01558232415158,0.0020381437652667,7.981842020942268e-05,0.0027338288894339,0.0043633599610868,0.9707220394553292,0.0200628095086737,0.0599134884497185,0.5087487103873228,0.3659443313168849,0.1959171414195558,0.0072562131453297,MD_contaminated,8.728152416340041e-32,2.5312796629628672e-30,8.48110077730678e-32,4.025600631838152e-31,-1.993070451454157e-31,-1.1331332136576585e-30,4.434884827029594e-22,-4.497864202937872e-23,2.1906250481240117e-21,-3.1125598770922533e-22,-2.830220913928926e-22,-2.319493826370564e-23,-1.6005330737134968e-37,-6.482157828957116e-37,5.866726539143208e-38,-1.183923144409732e-37,1.0138602496450517e-37,7.666081243812574e-37,2.753489516591375e-38,6.9024495481294655e-37,-1.4283877488259117e-36,-1.0204026028144768e-35,3.210490558763253e-37,1.446058345350464e-36,-1.6025004780257692e-28,2.0312525084391028e-29,-4.659911602818336e-29,3.686098232712125e-30,2.068491406900861e-28,-2.3998620424518886e-29,-4.85591588971085e-28,7.362230934103527e-29,-1.174838489068055e-28,-5.546941081193872e-29,5.254178577793787e-29,-1.1688261948149654e-29,-5.059115620754541e-38,-5.636698530181648e-39,3.3018358228479117e-38,6.240761582446863e-38,-6.060857328896651e-37,9.783493715221757e-38,-0.0003957184962928,-0.1095134764909744,-0.9476923942565918,0.154340922832489,-0.0329542681574821,0.0997661277651786,-0.2242840230464935,0.0667843669652938,0.3774278163909912,0.9069631695747375,0.1869918406009674,0.0,-1.370572654346009,-0.8505832625784635,-1.1369866551712322,0.9059224479296988,3.851642840462445e-15,-8.470053137668123e-17,-5.76769344466883e-22,7.671725857970443e-23,9.806017422874879e-30,-1.8840324519559907e-31,0.0230326221653207,0.9767054692574508,0.0002619085772282,171.89439392089844,-1.1958381994227585,0.0412339190432495,-0.5292498008648974,-3.780821242589672,0.4904890363278874,3.45207035764354
1335.4,0.0749951750751482,0.5335368953944409,0.3807998441017222,0.0106680854286884,3.3907638691551855e-11,0.8231913325515375,0.0227179265959875,0.154090740852475,0.0400581505623268,0.9444872904235886,0.0154545590140845,0.0019140475891068,9.146106318724276e-05,0.002650619304701,0.0045175264593063,0.9703570842297132,0.020469261353985,0.0617353781050471,0.5039188166721091,0.3695118263976765,0.1969411916437522,0.0081589314196565,MD_contaminated,1.0523562438736453e-31,2.5101333558365776e-30,8.944790014442964e-32,4.0766340321630495e-31,-2.0887576801530297e-31,-1.0667081359560185e-30,4.399620200861642e-22,-5.313387976980458e-23,2.124724105541676e-21,-3.405985240551633e-22,-2.7440950510906925e-22,-2.161514145153295e-23,-1.6612035993609903e-37,-6.134681111866767e-37,5.741862029466943e-38,-1.2651076185954535e-37,1.087017585509666e-37,7.399787432865135e-37,3.42634529337613e-38,6.89574963883683e-37,-1.5824821333507227e-36,-9.994370822452668e-36,3.485500912855507e-37,1.4277329023233799e-36,-1.5525335918871082e-28,2.2362891349116075e-29,-4.21516951301195e-29,3.5812519080371144e-30,1.97405045635877e-28,-2.594414072462513e-29,-4.550203293867799e-28,7.662174930596879e-29,-1.1823827639527827e-28,-5.5432153604925e-29,5.044127885150554e-29,-1.2410477200154649e-29,-5.282142323762004e-38,-5.980343120754707e-39,3.391832495889982e-38,6.338988559073165e-38,-5.780840584213933e-37,1.0422199817732916e-37,-0.0045394664630293,-0.1235598400235176,-0.9407917261123656,0.1781590580940246,-0.0330290757119655,0.0999616011977195,-0.2271844297647476,0.0715865343809127,0.3775874972343445,0.906896710395813,0.1869918406009674,0.0,-1.383846800094561,-0.8575054071779215,-1.1121475688118678,0.927942041695452,3.834011166494018e-15,-1.0793899758671421e-16,-5.863413404561695e-22,8.924211059764806e-23,9.776037073295838e-30,-2.5201283338140707e-31,0.0263708823788049,0.9735671189346378,6.199868655731855e-05,163.275390625,-1.1856705666639134,0.0497084276859116,-0.5861696193937778,-3.7020301320387614,0.5366477376801112,3.3477196872663693
1335.6,0.0762236753164156,0.5291561108996918,0.3846432489827804,0.0099769648011122,3.235698589868855e-11,0.8346769410913013,0.0240504120622506,0.141272646846448,0.0418421839291141,0.9428282380063164,0.0153295780645692,0.001795390666644,0.0001033815155738,0.0025673391448685,0.0046641295764556,0.9699680296572476,0.0209017294392104,0.0636221441518423,0.4989033236698314,0.3730916543367896,0.1981671991332104,0.0091225908653379,MD_contaminated,1.217449301830048e-31,2.489211162105701e-30,9.385707829583374e-32,4.124980719477681e-31,-2.1586224784794982e-31,-1.0023177289975377e-30,4.364980755721482e-22,-6.110198390534051e-23,2.0597445369366587e-21,-3.6714547782539283e-22,-2.660019545756069e-22,-2.036680582907911e-23,-1.7099234134100866e-37,-5.799219398824216e-37,5.594957557059951e-38,-1.3385994240365651e-37,1.1504276728782824e-37,7.1378177103700054e-37,4.0801603896278684e-38,6.878603054693854e-37,-1.7273441798149287e-36,-9.785741086400249e-36,3.753068763832751e-37,1.4096018808156872e-36,-1.505390573369438e-28,2.431320281256985e-29,-3.769376849920166e-29,3.213730886738803e-30,1.8823283162824958e-28,-2.752693442332167e-29,-4.254642463258361e-28,7.84663125824838e-29,-1.1891222253649223e-28,-5.536343364498998e-29,4.8290544673956647e-29,-1.3063280013454567e-29,-5.502571938438613e-38,-6.281252282434847e-39,3.4751937062628067e-38,6.431209754439197e-38,-5.508474020796975e-37,1.094981937683545e-37,-0.0093496013432741,-0.1375544518232345,-0.9329221248626708,0.2011971920728683,-0.0330690816044807,0.100032091140747,-0.2299940735101699,0.0763391181826591,0.3777472972869873,0.9068301916122437,0.1869918406009674,0.0,-1.3976608220178235,-0.8640382287268479,-1.086870469602432,0.9484075643338756,3.816550246013447e-15,-1.293941380635184e-16,-5.952784979065879e-22,1.0209124813324234e-22,9.747759624993064e-30,-3.1163688396204733e-31,0.0301086256778232,0.969548935970995,0.0003424383511817,155.14154052734375,-1.1756118239387,0.0574980466127503,-0.6396365825049195,-3.623665774850771,0.5783885488325937,3.2448517703144133
1335.8,0.0774048027879588,0.5249795968906046,0.388262244018544,0.0093533563028925,3.0993645651799626e-11,0.8448851346572096,0.025312432675812,0.1298024326669783,0.0435844913522959,0.9412015911912396,0.0152139174564645,0.001687587878684,0.0001155673341799,0.0024911464117462,0.0048097957433368,0.969577120936322,0.0213187816957309,0.0653981672266194,0.4941116319363726,0.3764501887237756,0.1993621681748223,0.0100513458403687,MD_contaminated,1.3681794116041459e-31,2.469882233180592e-30,9.825842917909606e-32,4.167364643341133e-31,-2.2149987542759325e-31,-9.439413582970383e-31,4.332828611618495e-22,-6.839948060998715e-23,2.0006262342748358e-21,-3.9066469819927183e-22,-2.5842784923509694e-22,-1.949239671980604e-23,-1.7494121901062537e-37,-5.4946544935909765e-37,5.451045379574845e-38,-1.407111015058783e-37,1.2043073491866136e-37,6.901765372000222e-37,4.738454790683761e-38,6.867370626222892e-37,-1.857646711900769e-36,-9.595325756935714e-36,3.996917289125551e-37,1.393031761455302e-36,-1.462483963122554e-28,2.6007952600465925e-29,-3.368392995058809e-29,2.837605540776264e-30,1.799323320584178e-28,-2.884556429903988e-29,-3.988011172535177e-28,7.976989046862414e-29,-1.1957783570288054e-28,-5.524395314847086e-29,4.642191257307345e-29,-1.363396971480851e-29,-5.69905784527009e-38,-6.507956742668815e-39,3.557345718812413e-38,6.512631879550573e-38,-5.2614627236132576e-37,1.140108177950045e-37,-0.0139880217611789,-0.1501658111810684,-0.9253191947937012,0.2223248928785324,-0.0330545790493488,0.1001955717802047,-0.2323675155639648,0.0808039307594299,0.3779069483280182,0.9067637324333192,0.1869918406009674,0.0,-1.4103485948457468,-0.8695743242692155,-1.0633174342040634,0.966837008665661,3.799980307816947e-15,-1.4924817857529343e-16,-6.032232145065538e-22,1.1400773955509408e-22,9.719270728230032e-30,-3.667993718851898e-31,0.0338771934009513,0.9661679077626588,4.510116361000627e-05,148.0729217529297,-1.1663084522974692,0.0646070970743575,-0.687681718226327,-3.5520909660584383,0.6153477863830973,3.151246914081336
1336.0,0.0786619079015374,0.5206980341173497,0.3918860353303753,0.0087540226507374,2.968649686962112e-11,0.8544943679360457,0.0265552407776369,0.1189503912863171,0.0454216422947177,0.939473773223702,0.0151045844815802,0.0015828656611679,0.0001284281816742,0.0024170808810458,0.0049582358955388,0.9691629804543958,0.0217504089261772,0.0672161572729676,0.4891821468223905,0.3798014379992432,0.2007264888508271,0.011020895347301,MD_contaminated,1.5065398350563668e-31,2.4504710393660642e-30,1.0263084171273551e-31,4.204575160921197e-31,-2.2454639575080764e-31,-8.880547773984333e-31,4.30016692456986e-22,-7.549388369479036e-23,1.942522341208888e-21,-4.112724812267915e-22,-2.5106505020966987e-22,-1.8796668289078562e-23,-1.773158789604695e-37,-5.199492446990406e-37,5.264981113787461e-38,-1.473568153111556e-37,1.2466604811943164e-37,6.67306111143688e-37,5.330033795420995e-38,6.854386116282516e-37,-1.9782135056388667e-36,-9.406203444745592e-36,4.232831133524895e-37,1.376332379662136e-36,-1.4211899472899679e-28,2.751218775543852e-29,-2.9766732159146017e-29,2.2777592533703028e-30,1.718857181895738e-28,-2.9789939941221517e-29,-3.7309192325034204e-28,7.98746213837828e-29,-1.202253460647202e-28,-5.506626781915125e-29,4.4570220729410337e-29,-1.413002651186381e-29,-5.89080493133974e-38,-6.6801202107362e-39,3.640588285141734e-38,6.584413968978959e-38,-5.0232213545091124e-37,1.1739414339007235e-37,-0.019293125718832,-0.1626186519861221,-0.9167661666870116,0.2426990717649459,-0.0328678674995899,0.1002915874123573,-0.2344550192356109,0.0851849243044853,0.3780665993690491,0.9066970944404602,0.1869918406009674,0.0,-1.4233691277959908,-0.8745418781538766,-1.0391791080325794,0.9837670425220736,3.78300756005653e-15,-1.6767420234431382e-16,-6.104915039802248e-22,1.2622876717011415e-22,9.688389076781024e-30,-4.185200364146885e-31,0.0379557498934472,0.9615886711910958,0.0004555789154568,141.38186645507812,-1.1569690254301337,0.071129994875914,-0.7320950666082325,-3.4810373692134364,0.6477107517496298,3.0592676713058364
1336.2,0.0799343002449224,0.5164302930313299,0.3954516760326309,0.0081837306911166,2.847091235498235e-11,0.8636342121477916,0.0277334544467788,0.1086323334054295,0.0472896775496425,0.9376071103579976,0.0151032120923598,0.0014816060607516,0.0001420532342608,0.0023435370111327,0.0050833722005037,0.968770300787344,0.0221791307060069,0.0690339964156086,0.4842087147504391,0.3831018391369912,0.20213417995054,0.0120171155759138,MD_contaminated,1.641671966253893e-31,2.43179694714758e-30,1.0688118135238688e-31,4.234897012264965e-31,-2.270114508642662e-31,-8.340882958862258e-31,4.267487515038801e-22,-8.225230246680802e-23,1.886656024012745e-21,-4.3061619442508865e-22,-2.449318539849632e-22,-1.8226410404433936e-23,-1.7941895517869507e-37,-4.913599439656392e-37,5.074664796242938e-38,-1.5381622984748168e-37,1.28672311004896e-37,6.45176099513707e-37,5.959363988263932e-38,6.825334442195033e-37,-2.0927563256701712e-36,-9.22374756697208e-36,4.457586264041219e-37,1.3599046841640316e-36,-1.381936110091961e-28,2.8963750684556986e-29,-2.6002693193172845e-29,1.65491131297662e-30,1.6419630130110931e-28,-3.0618658189630345e-29,-3.4855874766286622e-28,7.977134042796242e-29,-1.2079992125521931e-28,-5.476890001083947e-29,4.27888214644268e-29,-1.4571944947465993e-29,-6.076182512230825e-38,-6.810035790766647e-39,3.7199394410528727e-38,6.643633365002522e-38,-4.7935103325342485e-37,1.204478069483958e-37,-0.024592163041234,-0.1743260473012924,-0.908339023590088,0.2623692154884338,-0.032477032393217,0.1003015860915184,-0.2361950129270553,0.0893915221095085,0.3782261312007904,0.9066306352615356,0.1869918406009674,0.0,-1.4360293197447451,-0.8789145743904984,-1.015839602171492,0.9999743112820204,3.766707433874879e-15,-1.8590447285565763e-16,-6.173293733188985e-22,1.3807236453249897e-22,9.659121380759545e-30,-4.6983777548342596e-31,0.0421095110562834,0.957696315369277,0.0001941735744395,135.218505859375,-1.1479803585285404,0.0774985417518918,-0.7742531171193304,-3.41249251890949,0.6780735504621138,2.970839381484541
1336.4,0.0812194940250945,0.5122400381130522,0.3988770492380696,0.0076634186237836,2.736421257829036e-11,0.871736791811424,0.0288893172052471,0.0993738909833287,0.0491771233571317,0.9358299330205364,0.0149929436223318,0.001391230817161,0.0001550727913185,0.0022758693920197,0.0052337537729135,0.9683394299207452,0.0226046433058417,0.070802021153983,0.4793695605577747,0.3862483744676614,0.2036203741986135,0.0129956154275621,MD_contaminated,1.760537311192784e-31,2.4142102326288785e-30,1.1102028689122072e-31,4.264445335133249e-31,-2.279615131952634e-31,-7.848428173865942e-31,4.236705860458949e-22,-8.869702288510907e-23,1.834487317264977e-21,-4.473823423349713e-22,-2.3831695162787263e-22,-1.8107112553772882e-23,-1.807415872936256e-37,-4.654492497629305e-37,4.88063873199891e-38,-1.5939635996796638e-37,1.3193524435887e-37,6.2484565904782296e-37,6.560795506511092e-38,6.816477292097448e-37,-2.196352674342713e-36,-9.052067776003285e-36,4.670042604228368e-37,1.3443582144248352e-36,-1.345023788181302e-28,3.009951870038525e-29,-2.2575848849305512e-29,1.0910783741399632e-30,1.5707820879795495e-28,-3.119059852602373e-29,-3.259910075704843e-28,7.90090473658682e-29,-1.2141009440578175e-28,-5.451307063564296e-29,4.1130405235339454e-29,-1.49317888079642e-29,-6.24825025450456e-38,-6.898185115024865e-39,3.800717672408799e-38,6.702458413572069e-38,-4.582701651828928e-37,1.2274894096637138e-37,-0.0301205310970544,-0.1854021251201629,-0.8996894359588623,0.2804887592792511,-0.0321789123117923,0.1003267168998718,-0.2378169894218444,0.0935257822275161,0.3783856630325317,0.9065639972686768,0.1869918406009674,0.0,-1.4483572536615572,-0.8826881824425,-0.9933421168633092,1.0142388816877632,3.751186251494997e-15,-2.020717141919868e-16,-6.233349325313136e-22,1.495333884133873e-22,9.631451872069949e-30,-5.1599531254492134e-31,0.0463821269141182,0.953419017656928,0.0001988554289538,129.67820739746094,-1.1395076244911388,0.0830973898706732,-0.8123372666185769,-3.347974157476868,0.7043690829707,2.888259162485737
1336.6,0.082537517422384,0.5080461195220201,0.4022477063663063,0.0071686566892895,2.6321294382674344e-11,0.8793192621804068,0.029998008166672,0.090682729652921,0.0510404642481632,0.9340024738015996,0.0149570619502371,0.0013030460806891,0.0001688570119498,0.0022099553311946,0.0053782807864679,0.9679417690703888,0.0229980917193097,0.0725768289220532,0.4745163324388698,0.3893523565047088,0.2051907720443815,0.0139844111870552,MD_contaminated,1.8713146920604247e-31,2.3970422224452417e-30,1.1509970727641458e-31,4.289117235784288e-31,-2.267950401754364e-31,-7.380591642006895e-31,4.203163754938264e-22,-9.468633283271272e-23,1.7843399695217115e-21,-4.615695234858216e-22,-2.325395747549903e-22,-1.798212007905958e-23,-1.8078555393129e-37,-4.404840582823007e-37,4.6686281431846885e-38,-1.649207936282009e-37,1.3409930515125352e-37,6.054048336938882e-37,7.10608823865999e-38,6.803077889066506e-37,-2.2895909005171007e-36,-8.886007656034693e-36,4.864194084182926e-37,1.3281754966412568e-36,-1.3103867139401242e-28,3.1292709747529845e-29,-1.924606689056171e-29,2.0779023480736867e-31,1.5028474990351504e-28,-3.1500497077601984e-29,-3.0446179854188878e-28,7.743031870444322e-29,-1.2190343013620904e-28,-5.419654414559885e-29,3.9561541104065754e-29,-1.5238614284540838e-29,-6.412987454537961e-38,-6.907929480418345e-39,3.875662757764295e-38,6.748055859044957e-38,-4.381519059882004e-37,1.240949694250556e-37,-0.0357700511813163,-0.1958180218935012,-0.890822172164917,0.297819584608078,-0.0318667329847812,0.1002766191959381,-0.2390813827514648,0.097475342452526,0.3785451650619507,0.9064974188804626,0.1869918406009674,0.0,-1.4603921451630262,-0.8858918027811187,-0.9712370635107312,1.027479285003725,3.735810590875096e-15,-2.1754386534731142e-16,-6.288187675750131e-22,1.6077196785076784e-22,9.603489436234e-30,-5.606372764806626e-31,0.0506950832882882,0.948921997361339,0.0003829193503727,124.50202178955078,-1.1312350250044858,0.0883128675265792,-0.8465687067752756,-3.2855721116228733,0.7265969688944662,2.808885655058952
1336.8,0.0837533823689383,0.5041881427199321,0.4053180692704094,0.0067404056407201,2.5422951369772457e-11,0.8857980549287374,0.0309813868817519,0.0832205581895106,0.0528748235158955,0.932262520581024,0.0148626559030802,0.0012286932729585,0.0001809645069805,0.0021507860837864,0.0054996876189174,0.9675403930853516,0.0233994754320055,0.0741885831961084,0.470035708779149,0.3921616040664876,0.2066361919657275,0.0149204594965016,MD_contaminated,1.9661758248636248e-31,2.3816560463942956e-30,1.1849316756905503e-31,4.30933293328365e-31,-2.2624480585305984e-31,-6.966745196354061e-31,4.1760755690617114e-22,-1.0021659420303034e-22,1.739762039034934e-21,-4.7452316098642975e-22,-2.2700258579912174e-22,-1.7724497194299874e-23,-1.8110434562203251e-37,-4.188573202342406e-37,4.478655633760183e-38,-1.693051118422988e-37,1.3631781321098935e-37,5.881623583815037e-37,7.54802469530599e-38,6.784903660916026e-37,-2.374648860372083e-36,-8.737901845084185e-36,5.0460121161441094e-37,1.3146336261053416e-36,-1.2789864164989356e-28,3.2234795666651655e-29,-1.6378842454132861e-29,-4.466892991428497e-31,1.4427749572992323e-28,-3.178811127218403e-29,-2.8556978668293132e-28,7.611900152435368e-29,-1.2234552041043495e-28,-5.390671420676514e-29,3.808687393622716e-29,-1.5487737808602272e-29,-6.562015032150819e-38,-6.956853140291572e-39,3.940289646629043e-38,6.790516885558837e-38,-4.2036124255926816e-37,1.2549319373444316e-37,-0.0411657243967056,-0.2053089439868927,-0.8825392723083496,0.3130260109901428,-0.0314363613724708,0.1001458540558815,-0.2402186393737793,0.1008960753679275,0.3787044286727905,0.9064308404922484,0.1869918406009674,0.0,-1.4714142485831176,-0.8886813962642112,-0.9512087150452204,1.038716544675246,3.722067164921146e-15,-2.305649758712052e-16,-6.335107161043204e-22,1.7099868302735661e-22,9.579493774772989e-30,-5.981351774659388e-31,0.054863816247041,0.9447458634501926,0.0003903203027663,120.0946273803711,-1.123805675210218,0.0927757622175584,-0.8777559048911894,-3.22984381770048,0.7468766652836464,2.7383018932107466
1337.0,0.085026522183125,0.5002477831124359,0.408396122264124,0.006329572440315,2.4557747059971663e-11,0.8918842386300896,0.0319655927287579,0.0761501686411524,0.054777045905863,0.930423000370721,0.0147999537234159,0.0011554915101481,0.0001940989708168,0.0020937159669761,0.0056355127231988,0.9671160110154472,0.0238051698134129,0.0758338150006609,0.4654420432922743,0.3949664286782564,0.2081962035088459,0.015863408166242,MD_contaminated,2.057922619866252e-31,2.366421229976752e-30,1.2206732211104628e-31,4.328077140469703e-31,-2.2429709925404327e-31,-6.568388589238632e-31,4.1482280112154584e-22,-1.0564690634148284e-22,1.695963061185189e-21,-4.859467046067026e-22,-2.2178801638948653e-22,-1.7850059547617086e-23,-1.8055054202643904e-37,-3.977165757332769e-37,4.2713135965015517e-38,-1.738453982923019e-37,1.3783745110372611e-37,5.715618873577374e-37,8.057648734287387e-38,6.772975632837424e-37,-2.454438193155495e-36,-8.591471824096127e-36,5.222600868988912e-37,1.3009289054097213e-36,-1.2489023544135659e-28,3.313133600838212e-29,-1.3544688051790874e-29,-1.2619512850486633e-30,1.384349278554684e-28,-3.186938054277589e-29,-2.672438769071649e-28,7.414342580896443e-29,-1.2279934593537343e-28,-5.357060977034481e-29,3.6718324193802857e-29,-1.5700740453784656e-29,-6.705135486962914e-38,-6.943287998811274e-39,4.008521070740555e-38,6.827308121228556e-38,-4.031300332754333e-37,1.2628190621454112e-37,-0.0468451865017414,-0.2146085202693939,-0.8738884925842285,0.3280415534973144,-0.0310018695890903,0.1000231876969337,-0.2412027269601822,0.1044495552778244,0.3788638114929199,0.9063642621040344,0.1869918406009674,0.0,-1.48258161575834,-0.8910526114573007,-0.9309592900208749,1.049471096664555,3.708190808216144e-15,-2.4349442032969404e-16,-6.379081064689964e-22,1.813483971263904e-22,9.55365286355574e-30,-6.360679484799549e-31,0.0592170424656768,0.94038082338283,0.000402134151493,115.90126037597656,-1.1164499578195648,0.0970903908839668,-0.9069775134341932,-3.174767966652553,0.764742360420989,2.668965099058064
1337.2,0.0863762072317078,0.4961398093584668,0.4115534800564453,0.0059305033533799,2.3708705344685696e-11,0.897806597710267,0.0329448598219398,0.0692485424677932,0.0568084822843148,0.9284210851999394,0.0147704325157458,0.0010834804388837,0.0002077743746587,0.0020352675748174,0.0057623926158597,0.9666789664288384,0.0242321185669418,0.0775491287378165,0.4606266602154788,0.397840092731156,0.2098784518110773,0.0168477990991804,MD_contaminated,2.1499183278808602e-31,2.3510747246443094e-30,1.2571150375484952e-31,4.344252497409973e-31,-2.2194442902633457e-31,-6.169686497259559e-31,4.11952036145427e-22,-1.1118659124227112e-22,1.6517832451291886e-21,-4.97123999843603e-22,-2.168114455727018e-22,-1.8191451228905402e-23,-1.7992107937328946e-37,-3.765935966566798e-37,4.058711214946143e-38,-1.7820545075707402e-37,1.3933392501927398e-37,5.547990645195713e-37,8.59313190429103e-38,6.75154944874685e-37,-2.5344605681239696e-36,-8.443009990040544e-36,5.402831866664489e-37,1.2868677121335224e-36,-1.2198757361357596e-28,3.4035959684115647e-29,-1.0633982004684449e-29,-2.1385219170555105e-30,1.3262154834337422e-28,-3.189743994952601e-29,-2.4905352996371164e-28,7.199560306372332e-29,-1.232511573317401e-28,-5.313885353413066e-29,3.535107578633833e-29,-1.5890811880417486e-29,-6.847927339218625e-38,-6.929519209577365e-39,4.0776234220682494e-38,6.85860569782282e-38,-3.858592909500519e-37,1.2692754917542175e-37,-0.0529556386172771,-0.2239314764738083,-0.8647645711898804,0.3431717157363891,-0.0304199587553739,0.0998565405607223,-0.2420238107442855,0.1079977303743362,0.3790229558944702,0.9062977433204652,0.1869918406009674,0.0,-1.4941817447078,-0.893170075184493,-0.910170765862684,1.0600092317536836,3.694149824266117e-15,-2.56479107031537e-16,-6.421523304633655e-22,1.9202054066566085e-22,9.52725853787894e-30,-6.739745254996419e-31,0.0638463084005372,0.9358236247998684,0.0003300667995942,111.8270263671875,-1.109043755115917,0.1014154705740476,-0.9362676910204092,-3.1189743364162097,0.7822152441579556,2.5990498040553907
1337.4,0.0876669632789911,0.4922716172011852,0.4144890358838839,0.0055723836359395,2.2946739647581297e-11,0.9030539530347816,0.0338397232212711,0.0631063237439473,0.0587559014225055,0.926480899248858,0.0147631993286366,0.0010176150704695,0.0002213537540746,0.0019814814041444,0.005882647456489,0.966267974152626,0.0246289281621961,0.079167997739648,0.4560802505792437,0.4005074810119957,0.2115061091834295,0.0177970790458848,MD_contaminated,2.230346047869641e-31,2.336836894961692e-30,1.291755875844465e-31,4.356696010220217e-31,-2.189271231196397e-31,-5.806494644453604e-31,4.092115658428417e-22,-1.161440003945404e-22,1.611473658176118e-21,-5.062857465793416e-22,-2.124160074129488e-22,-1.854459798017166e-23,-1.7882321361568818e-37,-3.572699455299301e-37,3.8565635737498223e-38,-1.8230049548010093e-37,1.402575668410375e-37,5.395702796717492e-37,9.061288236061276e-38,6.731679591597078e-37,-2.603776168777227e-36,-8.306808302257661e-36,5.563037367353816e-37,1.2736287128761038e-36,-1.192286089615415e-28,3.4805712838242636e-29,-8.091241590017229e-30,-3.015513774105102e-30,1.2731985055155876e-28,-3.179019760828964e-29,-2.325181504634617e-28,6.96024693001911e-29,-1.2366399518031243e-28,-5.275218868742827e-29,3.4064430026804025e-29,-1.6041117437037317e-29,-6.980794918521297e-38,-6.867743947166363e-39,4.143396627921481e-38,6.885671897658386e-38,-3.701178324579185e-37,1.2712580692875932e-37,-0.0586437322199344,-0.2322295308113098,-0.8561708927154541,0.3567063808441162,-0.0298696663230657,0.0997095555067062,-0.2426839917898178,0.1112943962216377,0.37918221950531,0.906231164932251,0.1869918406009674,0.0,-1.5047095314930354,-0.8947831776418628,-0.8910946661640837,1.069149492199814,3.681092800589822e-15,-2.6809154360195157e-16,-6.457727676811247e-22,2.0177999362659545e-22,9.503428507910044e-30,-7.08417330631253e-31,0.0682038347351207,0.9315500021694646,0.0002461630954146,108.20316314697266,-1.1021626713270625,0.1051936557234157,-0.9615862487771182,-3.067741663228187,0.7965119486581763,2.535244241729862
1337.6,0.088983325964014,0.4883581612269246,0.4174236672258273,0.0052348455832339,2.2222104570124994e-11,0.907863886636961,0.0347012496861267,0.0574348636769121,0.0608084267294569,0.924429991277903,0.0147615819926401,0.000954255453522,0.0002350587073814,0.0019289779130247,0.0060180476163634,0.9658133867964092,0.0250502735132988,0.0807847481555734,0.4514529307234987,0.4031533657723536,0.2131726898845767,0.0187522066357634,MD_contaminated,2.309948458614568e-31,2.3228031227828212e-30,1.3246286930963414e-31,4.36717125107765e-31,-2.1530409677376225e-31,-5.4621780906140634e-31,4.066187977078227e-22,-1.211524713482713e-22,1.5721380406011052e-21,-5.148368175492716e-22,-2.082006986513743e-22,-1.877592586181726e-23,-1.772770967325797e-37,-3.386510920581582e-37,3.628916311910143e-38,-1.862104565827558e-37,1.409879549377262e-37,5.248615855649277e-37,9.523427598598178e-38,6.720565261800812e-37,-2.6714590586239817e-36,-8.173372869206767e-36,5.725670151782788e-37,1.2609382371533824e-36,-1.166104918071493e-28,3.5511212823086686e-29,-5.597650148527665e-30,-3.914529395826448e-30,1.2220814996763123e-28,-3.1596685612338666e-29,-2.1663652971025796e-28,6.692540359878435e-29,-1.2404751985164799e-28,-5.225017216585958e-29,3.2859430780553e-29,-1.6192194452011297e-29,-7.109297163636811e-38,-6.812586064663435e-39,4.206398535305166e-38,6.9018511237959e-38,-3.550675311862576e-37,1.270782294493692e-37,-0.0646563693881034,-0.240482747554779,-0.847247838973999,0.3701886534690857,-0.0291213188320398,0.0994579344987869,-0.2431608140468597,0.1144667863845825,0.3793414533138275,0.9061644673347472,0.1869918406009674,0.0,-1.515521026628908,-0.8961232486221478,-0.8717575594221839,1.077932783418281,3.668054088049509e-15,-2.7957135040398073e-16,-6.4918749480572325e-22,2.1172124251235537e-22,9.478131559329173e-30,-7.422072615057453e-31,0.0727523299192287,0.9270983664765112,0.00014930360426,104.80792236328124,-1.09537987404655,0.1089317913702419,-0.9862868359804484,-3.0175607746766664,0.8098437783669129,2.472989824184254
1337.8,0.0902929060306286,0.4845602636285145,0.420220657681128,0.0049261726597287,2.1545923922426616e-11,0.9122705218186624,0.035502620193758,0.0522268579875796,0.0628239498705791,0.922362815138672,0.0148132349907487,0.0008956706491172,0.0002488245957297,0.0018800869154941,0.006135972280816,0.9653868021433744,0.0254526434154684,0.082371556501085,0.4469403688647337,0.4056754769133698,0.214870222061155,0.0196837909891212,MD_contaminated,2.3806632868900632e-31,2.3093924453006385e-30,1.3576462098203252e-31,4.374107247613655e-31,-2.10967161678916e-31,-5.138724217302633e-31,4.0398406996055777e-22,-1.2580100614152142e-22,1.5350016500142188e-21,-5.217485524528963e-22,-2.0454807106488497e-22,-1.9320219619326738e-23,-1.7541695769893774e-37,-3.212607617522217e-37,3.412185951696766e-38,-1.898850128635085e-37,1.4129513532490027e-37,5.111457117502978e-37,1.0001221065516075e-37,6.700183840900028e-37,-2.7313454755275455e-36,-8.0463542829451e-36,5.875169849387938e-37,1.2483991581535122e-36,-1.1412524620545171e-28,3.604702365535682e-29,-3.298309140539247e-30,-4.7856241703400515e-30,1.17423551702015e-28,-3.1261398756221565e-29,-2.018022466059037e-28,6.39177639879682e-29,-1.2441336227847763e-28,-5.177645583364716e-29,3.171822799039898e-29,-1.6266130077832893e-29,-7.230053004819342e-38,-6.697714456325846e-39,4.269466913826257e-38,6.916785774489949e-38,-3.4090952646434297e-37,1.266145523467026e-37,-0.0706141963601112,-0.2480771690607071,-0.8384841680526733,0.3825955688953399,-0.0284084640443325,0.0992521271109581,-0.2434700727462768,0.1175576075911521,0.3795004487037658,0.906097948551178,0.1869918406009674,0.0,-1.5257498681626676,-0.897012232765908,-0.8532978187611747,1.0856575834642568,3.655464289701429e-15,-2.9012396782734207e-16,-6.521070183381064e-22,2.211850432486799e-22,9.453622704595548e-30,-7.741722265577596e-31,0.0771866721021669,0.9225325368389652,0.0002807910588679,101.6670150756836,-1.0888928978351815,0.1122497542808963,-1.0080950594531082,-2.969778108234228,0.8205933143611363,2.4142129108229757
1338.0,0.0915654133303827,0.4808584851512932,0.4229290453089362,0.0046470562093874,2.0926354605818875e-11,0.9161464529650036,0.0362981111839163,0.0475554358510801,0.0648324914296625,0.9204079422032752,0.0147595663670622,0.0008417261910676,0.0002619396384594,0.0018331496698789,0.0062612047263972,0.9649590761526996,0.0258429036214969,0.0838873286369046,0.442585968809086,0.4081092208394544,0.2165030147397352,0.0205874388418527,MD_contaminated,2.444855821971089e-31,2.2966767751560556e-30,1.3867688218313383e-31,4.383192593498535e-31,-2.067249700412986e-31,-4.8390959296863614e-31,4.01502550340624e-22,-1.3027444618294809e-22,1.5001471740194865e-21,-5.282681483274201e-22,-2.004305094049661e-22,-1.9762376710097826e-23,-1.7351466771346218e-37,-3.050916175907765e-37,3.199453932963213e-38,-1.9316240737022264e-37,1.4152011998967758e-37,4.982539609116985e-37,1.0419575830997312e-37,6.6881453076502215e-37,-2.7884412768918185e-36,-7.926941198455499e-36,6.017925132240349e-37,1.2364970329081573e-36,-1.1176102640614882e-28,3.6607083745584967e-29,-1.1789049098822098e-30,-5.665635676495479e-30,1.1293993058679991e-28,-3.0941450986013924e-29,-1.879935631328833e-28,6.10877600380691e-29,-1.2472670885994743e-28,-5.138935964978281e-29,3.0615190070757574e-29,-1.6341764342366666e-29,-7.343227712263458e-38,-6.614404449070666e-39,4.324345521993254e-38,6.936394305267753e-38,-3.277504864548593e-37,1.261450080713628e-37,-0.0763865411281585,-0.255379319190979,-0.8298896551132202,0.3942433893680572,-0.0279055032879114,0.0989772900938987,-0.2438673228025436,0.1205111145973205,0.3796594142913818,0.9060312509536744,0.1869918406009674,0.0,-1.5355780314775611,-0.8978763147774885,-0.8355942802848181,1.0926510782834475,3.643423388232649e-15,-2.995833252676957e-16,-6.547790494413769e-22,2.3027104352480947e-22,9.430753683033581e-30,-8.026178010515305e-31,0.0816287214040552,0.9181388895967216,0.0002323889992231,98.81341552734376,-1.082735512226764,0.1152592410633222,-1.0288605377472646,-2.924830101935937,0.8307229822935912,2.3590419718214264
1338.2,0.092885984463047,0.477080498561036,0.4256485971764197,0.0043849197994971,2.032228135862499e-11,0.9198694043138554,0.0370461743160004,0.0430844213701441,0.0669693018895331,0.9182523154929524,0.0147783826175144,0.0007900451486735,0.0002753334022236,0.0017865874019815,0.0063816931243678,0.964503462970083,0.0262628779526702,0.0854429751971291,0.4380802724802034,0.4105395459850147,0.2182222262195036,0.0215147373098454,MD_contaminated,2.5064786448195714e-31,2.2840555038711805e-30,1.417974658908465e-31,4.387775898850342e-31,-2.021967662698286e-31,-4.543195164648654e-31,3.9910149922516962e-22,-1.347409634184474e-22,1.4654175823305849e-21,-5.343105942745077e-22,-1.9680142372525173e-22,-2.0614528194334117e-23,-1.7156398510012496e-37,-2.8926830071771897e-37,2.9992147769807913e-38,-1.962646434883911e-37,1.4157183255725476e-37,4.85532903392627e-37,1.0883001701770665e-37,6.670741046232654e-37,-2.8443351720006997e-36,-7.807271330865284e-36,6.161503115834013e-37,1.2249000141749928e-36,-1.0963371393539823e-28,3.72504455428588e-29,1.0888692580399242e-30,-6.716827548085856e-30,1.0854482862467951e-28,-3.0533610698100747e-29,-1.7454338042287634e-28,5.797325726428057e-29,-1.2505389387470802e-28,-5.089245565429893e-29,2.950899739476745e-29,-1.640087165401676e-29,-7.455918119006387e-38,-6.513599550140102e-39,4.381168732567097e-38,6.946856022334606e-38,-3.147359937640982e-37,1.2552114409251174e-37,-0.0824754908680915,-0.2627173662185669,-0.8210389614105225,0.4057483375072479,-0.0271807350218296,0.0987112447619438,-0.2440928369760513,0.1233914047479629,0.3798185288906097,0.9059645533561708,0.1869918406009674,0.0,-1.545683853034605,-0.898543431636601,-0.8176868507281349,1.0992696497306655,3.631487681334884e-15,-3.087747630395601e-16,-6.572638121853131e-22,2.395179751719415e-22,9.407403819062957e-30,-8.308863049501921e-31,0.0863053233055325,0.9135434413726576,0.0001512353218097,96.06253051757812,-1.076624463461206,0.1181467009703647,-1.0491702191204448,-2.879814113881331,0.8400993970016359,2.304083880169201
1338.4,0.0941832184725743,0.4734286750924255,0.4282425957167143,0.0041455107182859,1.9763413565028653e-11,0.923185073201091,0.0377395963153467,0.0390753304835621,0.0690592160134575,0.916161500016253,0.0147792839702895,0.0007413803555548,0.0002885617736151,0.0017434416796679,0.006506604373595,0.9640571369124398,0.0266628749051271,0.0869485414399178,0.4337371251233838,0.412850330730607,0.2199295899441008,0.0224113890463268,MD_contaminated,2.5657019327075043e-31,2.2720717868219642e-30,1.4457446038123956e-31,4.391165445513394e-31,-1.972442011801039e-31,-4.270647568876071e-31,3.9669944387666034e-22,-1.3898076503464738e-22,1.4328661381256589e-21,-5.393223440961462e-22,-1.933167085523019e-22,-2.100097885822016e-23,-1.6905757278837086e-37,-2.745284110345144e-37,2.765964161211563e-38,-1.9923144210466333e-37,1.413978949171029e-37,4.737598680112051e-37,1.1276830657384582e-37,6.658958442206122e-37,-2.894864287363505e-36,-7.694366608098027e-36,6.297135490764815e-37,1.2135132590983306e-36,-1.0747355195587294e-28,3.7685371113514825e-29,3.040308783513936e-30,-7.619142823699335e-30,1.0443324901318723e-28,-3.0066229750022546e-29,-1.6195602647085215e-28,5.477869795826778e-29,-1.2534618254275107e-28,-5.040566988053719e-29,2.85291661606096e-29,-1.6441542984432366e-29,-7.561717435819469e-38,-6.398319253892173e-39,4.436813968741605e-38,6.954357851295847e-38,-3.0266720486295536e-37,1.2465676412932936e-37,-0.0884106233716011,-0.2693431079387665,-0.8123551607131958,0.4165695011615753,-0.0264408215880393,0.0983783826231956,-0.2441934496164322,0.1261623352766037,0.379977285861969,0.9058979749679564,0.1869918406009674,0.0,-1.555303600986204,-0.898738042378304,-0.8005870393532164,1.1052634992583608,3.620050329083054e-15,-3.1772278176106576e-16,-6.5938862964923365e-22,2.4834185916218245e-22,9.385716358670539e-30,-8.57679115707925e-31,0.0907395713328755,0.908998432113385,0.0002619965537393,93.54512786865234,-1.070815717093745,0.120920209073318,-1.0674894379867608,-2.8373195669297644,0.8478526825840141,2.252566414672893
1338.6,0.0954655718707507,0.4698510139753115,0.4307546266628394,0.0039287874910984,1.9239282088332736e-11,0.9262428448653964,0.0383808930726426,0.0353762620619609,0.0711621375352256,0.913968832374257,0.0148690300905174,0.0006960637439246,0.0003019397976885,0.0017015687987653,0.006605164896332,0.9636351514587672,0.0270601113045221,0.0884243028762661,0.4294291826328761,0.41509029990581,0.2216240197124421,0.0233058368870948,MD_contaminated,2.6213942474483387e-31,2.260585545561362e-30,1.4739099520342888e-31,4.391782900835923e-31,-1.924974738042334e-31,-4.009319175575399e-31,3.9436269218724354e-22,-1.4311454692287535e-22,1.4015833135795472e-21,-5.441164148209767e-22,-1.9052372842205573e-22,-2.1816163661834706e-23,-1.668320758951293e-37,-2.604121782859269e-37,2.566536037200153e-38,-2.020678392996264e-37,1.4116671561586561e-37,4.624800172027787e-37,1.172760910303583e-37,6.633705297879915e-37,-2.9438562849515668e-36,-7.585590319096202e-36,6.429353680704199e-37,1.2024245576279498e-36,-1.0549982178357674e-28,3.818519865417351e-29,4.963989533654527e-30,-8.57920566156653e-30,1.0053583151938219e-28,-2.9605987878826785e-29,-1.5008621086421703e-28,5.166495959774032e-29,-1.256024248422264e-28,-4.9842501846648505e-29,2.7536704029776656e-29,-1.6471239073973253e-29,-7.66499241137704e-38,-6.275275053033635e-39,4.4882984039658157e-38,6.953169831365372e-38,-2.911085566537669e-37,1.2382548848133613e-37,-0.0944016501307487,-0.2758086323738098,-0.8039090633392334,0.4269201457500458,-0.0256116241216659,0.0980319082736969,-0.2441227883100509,0.1287756562232971,0.3801362514495849,0.9058312773704528,0.1869918406009674,0.0,-1.564771711653691,-0.8988112230373807,-0.7840037372021377,1.1108310435788904,3.6091614053326976e-15,-3.262095794704369e-16,-6.613339698443406e-22,2.569483946004185e-22,9.364328248320823e-30,-8.839475932765176e-31,0.0952482835692516,0.9047096983742188,4.201805652970236e-05,91.2060089111328,-1.065243129237534,0.1235265003175851,-1.0852310153562916,-2.796372202729681,0.8552614956007816,2.20305840502081
1338.8,0.0967035867937929,0.4663973733766067,0.4331656168792737,0.0037334229503266,1.875462572524674e-11,0.9288879878856274,0.0390004374011554,0.032111574713217,0.0732376084377085,0.9118873342902032,0.0148750572720882,0.0006545798624654,0.0003146403467428,0.0016632333560237,0.0067306556317696,0.9631921517458532,0.027444739057145,0.0898268001582094,0.4253018575283465,0.4172217225842675,0.2232485290279742,0.0241502366969527,MD_contaminated,2.672309502308943e-31,2.2494951637820103e-30,1.4987138540915118e-31,4.393136123309755e-31,-1.8753334408646162e-31,-3.771360644845034e-31,3.9214402896416864e-22,-1.4698242886835405e-22,1.3723021412633126e-21,-5.481486194096128e-22,-1.8743405095182668e-22,-2.212479728218476e-23,-1.6434428478201968e-37,-2.474712139583438e-37,2.3452417659268198e-38,-2.046217940233491e-37,1.4089184839107204e-37,4.520930255525315e-37,1.2075002070590868e-37,6.626733394793566e-37,-2.9887529147626417e-36,-7.483085729269494e-36,6.551905263832745e-37,1.1919679415197505e-36,-1.035127368055744e-28,3.8573077445733227e-29,6.627956747323962e-30,-9.459058840961237e-30,9.688477786532027e-29,-2.911402225965562e-29,-1.390030251757459e-28,4.853495982506978e-29,-1.2582243883257312e-28,-4.940021989794453e-29,2.6674159376399147e-29,-1.6501586113763378e-29,-7.758594218538899e-38,-6.149604900866798e-39,4.53602647486835e-38,6.959351150841631e-38,-2.804791434287196e-37,1.2284523656371477e-37,-0.1001549065113067,-0.281766802072525,-0.7954127788543701,0.4366030395030975,-0.024970294907689,0.0976074635982513,-0.2441487610340118,0.1312514841556549,0.3802949488162994,0.9057646989822388,0.1869918406009674,0.0,-1.5737211858529887,-0.8986209656746212,-0.767944066082855,1.1157109038044557,3.598284762170026e-15,-3.340341495580076e-16,-6.629672229216982e-22,2.6521437381162376e-22,9.343373398959749e-30,-9.075788854615578e-31,0.099574268626327,0.9001392724756795,0.0002864588979935,89.068115234375,-1.059858717122212,0.125906939764602,-1.1014526681506198,-2.757760503316243,0.8614707457078049,2.1567109851408874
1339.0,0.0979758791482305,0.4629064480625186,0.4355610558238625,0.0035566169653881,1.828385281786728e-11,0.9314400088681442,0.0395848235174521,0.0289751676144036,0.0754084185852595,0.9096785214337492,0.0149130599809915,0.0006152013682938,0.0003268264588871,0.0016239668200922,0.0068295558584751,0.962759792924913,0.0278446565693387,0.091258653742692,0.4210960532356605,0.4193406719111384,0.2249417798910176,0.0250145459993092,MD_contaminated,2.718312525593389e-31,2.2386869829607693e-30,1.523554697826188e-31,4.392252131259839e-31,-1.819256084927453e-31,-3.537031347447125e-31,3.8996648080907707e-22,-1.508615987135283e-22,1.3434804178493377e-21,-5.514833174753381e-22,-1.8452686480152308e-22,-2.292380107922208e-23,-1.6178307521884803e-37,-2.349602526515112e-37,2.1553839027686558e-38,-2.068059436889176e-37,1.4022918917195133e-37,4.417662238858114e-37,1.2448225109567309e-37,6.604679507484661e-37,-3.0312303598689485e-36,-7.381703784684775e-36,6.6752722341158325e-37,1.1815588035417024e-36,-1.018327285489512e-28,3.902151333842795e-29,8.462211996188957e-30,-1.0481990953331965e-29,9.337051289569415e-29,-2.853951945944151e-29,-1.2842806284288102e-28,4.512970937093373e-29,-1.2603447959672055e-28,-4.8874076063247516e-29,2.572684206164117e-29,-1.646375190222565e-29,-7.852787493234347e-38,-6.0079342580794e-39,4.582241918928962e-38,6.957631341748167e-38,-2.700415371357375e-37,1.2159218547979215e-37,-0.1061866283416748,-0.287799060344696,-0.7869009971618652,0.4459399580955505,-0.0241506174206733,0.0971656590700149,-0.2440106272697448,0.1337009370326995,0.3804537653923034,0.9056980013847352,0.1869918406009674,0.0,-1.5828658378765077,-0.8983732930865472,-0.7519772511290206,1.120142339323887,3.587845814882798e-15,-3.4127122752231663e-16,-6.644345553831946e-22,2.735162629422983e-22,9.323096168367008e-30,-9.309073555163057e-31,0.1041283167981731,0.8954927523445955,0.0003789308572313,87.0034408569336,-1.054608853754179,0.1280552608998623,-1.1167732995013036,-2.719585354087072,0.8665821029283246,2.1110993730013727
1339.2,0.0993033288548041,0.4593203993330637,0.4379916350474088,0.0033846367647234,1.781960116653314e-11,0.9338284580650938,0.0401542627701982,0.026017279164708,0.0776797437556504,0.9072751517744868,0.0150451044698627,0.0005750193479344,0.000341325736965,0.0015857056773729,0.0069328110502996,0.9623044436025848,0.0282606945848431,0.0927322744652127,0.4167299850180232,0.4214812966668831,0.2267242588869429,0.0259065273538183,MD_contaminated,2.770873226452818e-31,2.2277229342011162e-30,1.5498547382001304e-31,4.389501223631867e-31,-1.7709093733999503e-31,-3.30218767342379e-31,3.87646780195005e-22,-1.549207317262901e-22,1.3141577293637582e-21,-5.553503503732657e-22,-1.8218461004902236e-22,-2.3699707672994217e-23,-1.5927873209337145e-37,-2.219102228504991e-37,1.9315712404618767e-38,-2.0956370294596995e-37,1.3996303288856014e-37,4.314739020692395e-37,1.290762763020096e-37,6.58130825095542e-37,-3.0761274112593326e-36,-7.278132268874851e-36,6.804018449884125e-37,1.1707225305697497e-36,-9.992520929340203e-29,3.9433793472743244e-29,1.0129066267662013e-29,-1.1423773838626418e-29,8.979614961239637e-29,-2.8010025488922475e-29,-1.1760686287988687e-28,4.1918429549009963e-29,-1.262596450251759e-28,-4.8268463937841854e-29,2.4859510656163078e-29,-1.6491171070197653e-29,-7.947747324859777e-38,-5.885302354041961e-39,4.632776031571911e-38,6.952102538484709e-38,-2.595057715735701e-37,1.206424717230678e-37,-0.112383559346199,-0.2936355173587799,-0.7781887054443359,0.4555492401123047,-0.0233063735067844,0.0967673137784004,-0.2437487542629242,0.1362465471029281,0.3806123733520508,0.905631422996521,0.1869918406009674,0.0,-1.5921458035265694,-0.8977528788382348,-0.7357594149319933,1.12473973988142,3.5772211257973246e-15,-3.4932273200335036e-16,-6.658341894338322e-22,2.819478262090713e-22,9.301604532354028e-30,-9.551539816702493e-31,0.1087589815278041,0.8910793482502275,0.0001616702219683,84.99884796142578,-1.0492871425728292,0.130511815701124,-1.132975901316336,-2.680626438633826,0.8725283013601759,2.0647143025126726
1339.4,0.100546370775133,0.4559522809089403,0.4402600882426603,0.0032412600732662,1.7405078628538026e-11,0.9358667494199464,0.0406803950782868,0.0234528555017669,0.0798444912800952,0.905071202997117,0.0150843057227878,0.0005403336573937,0.0003535584982147,0.0015504431123426,0.0070428425885001,0.9618687550240986,0.0286440671194501,0.0940980051832964,0.4126692793915341,0.4234724229647674,0.2283794817206197,0.0267382409340319,MD_contaminated,2.814062514945435e-31,2.2177884155009976e-30,1.573081732258561e-31,4.387461258211391e-31,-1.7177244225343682e-31,-3.0941663428236728e-31,3.8554195005938137e-22,-1.5855062818021752e-22,1.2877442550822253e-21,-5.582069250796731e-22,-1.795340808759471e-22,-2.4461901351680516e-23,-1.566008996847243e-37,-2.1065291287017817e-37,1.7360766510646888e-38,-2.1161570287151965e-37,1.392401804472681e-37,4.222685667715288e-37,1.3262528059196725e-37,6.568337140605358e-37,-3.115369514371572e-36,-7.184629564612313e-36,6.918876521880856e-37,1.1608223249639946e-36,-9.835254562152143e-29,3.985986772368529e-29,1.1753860816058197e-29,-1.2437117732645545e-29,8.659869066376717e-29,-2.7422752920191703e-29,-1.080323969553044e-28,3.8592988994611653e-29,-1.264577704455738e-28,-4.777348143049529e-29,2.4037177566459597e-29,-1.6442762336768675e-29,-8.034778036821154e-38,-5.737095777825863e-39,4.677258710643314e-38,6.949752312661809e-38,-2.501437491578513e-37,1.1941332712369036e-37,-0.118294820189476,-0.299146443605423,-0.7699342966079712,0.4642057120800018,-0.0225501079112291,0.096312515437603,-0.2435506284236908,0.1385516077280044,0.3807709515094757,0.9055647253990172,0.1869918406009674,0.0,-1.600932714065871,-0.8971896982476463,-0.7206775452132107,1.128617301137386,3.5675937030620056e-15,-3.5618995803417606e-16,-6.670164968531132e-22,2.8984529728323075e-22,9.283534982467356e-30,-9.772257945476377e-31,0.1132668672021595,0.8867992208305023,6.60880326619484e-05,83.22010803222656,-1.044451870620974,0.1325262967935184,-1.1470866108540971,-2.645398030472712,0.8768853986061843,2.022913159415622
1339.6,0.1017889944568836,0.4526159319368716,0.4424826415551617,0.0031124320510831,1.7005137946873394e-11,0.937680321591791,0.0412239022494898,0.0210957761587191,0.0820664217505951,0.9028590619614963,0.0150745162879085,0.0005077887440223,0.0003655079704269,0.0015162244255517,0.0071779217604351,0.9613977116325084,0.0290348454670553,0.0954455370568356,0.4086483957373524,0.42540179902824,0.2300406499543873,0.0275690279499233,MD_contaminated,2.851707833326085e-31,2.2078262582922683e-30,1.5963377064822304e-31,4.3862653515106815e-31,-1.6632614251033532e-31,-2.895355087787831e-31,3.834785939236455e-22,-1.6212118651589852e-22,1.262121147442371e-21,-5.604031436392514e-22,-1.766300207681549e-22,-2.5336494240037748e-23,-1.539269748351227e-37,-1.9985911400896238e-37,1.5439942258714746e-38,-2.134662836089733e-37,1.384870451696056e-37,4.1332535471379234e-37,1.3620713324286898e-37,6.566764225782393e-37,-3.1513279105798175e-36,-7.093049294935684e-36,7.030658442107242e-37,1.1511095091675756e-36,-9.675582412265291e-29,4.0197800062586993e-29,1.3248080998470148e-29,-1.3405150961552917e-29,8.350774312418277e-29,-2.679265203193597e-29,-9.883976570670547e-29,3.520407080768075e-29,-1.2666049605571838e-28,-4.7325542429401347e-29,2.3250302461092772e-29,-1.641964510235736e-29,-8.119076890820145e-38,-5.5974858656858403e-39,4.722197086029128e-38,6.950688567611834e-38,-2.4114368768007527e-37,1.1807541647570746e-37,-0.1241655796766281,-0.3043522834777832,-0.7616734504699707,0.4722745418548584,-0.0219216309487819,0.0958703756332397,-0.2433863580226898,0.1408825367689132,0.380929559469223,0.9054980278015136,0.1869918406009674,0.0,-1.6092984992201065,-0.8964543998438311,-0.7058928061830588,1.1317848759728697,3.557764797815388e-15,-3.6222426935957862e-16,-6.679087161564921e-22,2.9750849060224257e-22,9.26393570320355e-30,-9.965646202910109e-31,0.117719090462087,0.8822744964730405,6.413064872479168e-06,81.51919555664062,-1.0396050282467315,0.1342791259720553,-1.159980135844132,-2.610898173137042,0.8802039984418851,1.982365896955015
1339.8,0.1030070649858962,0.449387458253726,0.4446069609856901,0.0029985157746876,1.6630957520021715e-11,0.9394050426928152,0.0416475345466726,0.0189474227605122,0.0843067075602565,0.9004677017215433,0.0152255907182,0.0004761115437258,0.0003784279715819,0.0014838684196371,0.007263732228925,0.9609592345456328,0.0294386252904972,0.0967653562807374,0.4046588917162186,0.4272491649024688,0.2316811791644701,0.0283774858136582,MD_contaminated,2.8941871950954515e-31,2.1984004453664256e-30,1.6178700721526595e-31,4.3795309827806955e-31,-1.612114029317376e-31,-2.7051674371813954e-31,3.815075651632253e-22,-1.6572801814988066e-22,1.2373655858199758e-21,-5.629046668895132e-22,-1.7484257108188662e-22,-2.5999144179470778e-23,-1.5119865105274705e-37,-1.8927776549458554e-37,1.3328721027333092e-38,-2.155658722823282e-37,1.3786993404118064e-37,4.048437673345252e-37,1.40063225566618e-37,6.542616315279528e-37,-3.188499710287931e-36,-7.004212844674398e-36,7.1458681442627305e-37,1.1418044901814036e-36,-9.521839673929967e-29,4.0543857603739474e-29,1.4628349744493258e-29,-1.433286739965897e-29,8.059004992745901e-29,-2.621098727142791e-29,-9.019302084889157e-29,3.203199767609055e-29,-1.268183501698299e-28,-4.6710786112560506e-29,2.2516663212146206e-29,-1.6398396207829472e-29,-8.19974569111032e-38,-5.453265716412538e-39,4.764395642720307e-38,6.936977078108956e-38,-2.325213240606252e-37,1.1688398135885303e-37,-0.1301863044500351,-0.3092742264270782,-0.7533626556396484,0.4804124534130096,-0.0209623500704765,0.0953454673290252,-0.24295274913311,0.1430058181285858,0.3810881376266479,0.90543133020401,0.1869918406009674,0.0,-1.6178810162694224,-0.8953038976685456,-0.6912550626116535,1.1350077116343182,3.548494153784392e-15,-3.68977899642081e-16,-6.686829135854812e-22,3.0519697168102225e-22,9.245716438996334e-30,-1.017457607745438e-30,0.1221291992590923,0.8778281186366927,4.268210421498608e-05,79.95474243164062,-1.0350121450678669,0.1362590197494436,-1.1733124228893503,-2.5774284741821427,0.8840010664379976,1.943193158235501
1340.0,0.1042650722855342,0.4460693071377352,0.4467705187768927,0.0028951017998377,1.6259840230374623e-11,0.94092303495758,0.0421206746276063,0.0169562904148136,0.0866182756492925,0.8981006382918881,0.0152810860588193,0.0004463124384733,0.0003913172261558,0.001452539035682,0.0073879609053263,0.9604820449632332,0.0298398254311291,0.0981054082549763,0.4006151294628203,0.4291150615041145,0.2333750055195604,0.0291919191400723,MD_contaminated,2.929861445446757e-31,2.1887556366048205e-30,1.6403659764349366e-31,4.374808403736191e-31,-1.5569064508659052e-31,-2.5226821881367488e-31,3.7942832187948473e-22,-1.6924806066340843e-22,1.2128405667771344e-21,-5.645622196588145e-22,-1.7240573873819183e-22,-2.6982061048606804e-23,-1.4839031931076277e-37,-1.7910001351664212e-37,1.1364770282056007e-38,-2.174890820435049e-37,1.3702555856192418e-37,3.965890871275654e-37,1.4410931496361512e-37,6.534304550921216e-37,-3.222253524254474e-36,-6.915633693198703e-36,7.256202184713743e-37,1.1322029506090072e-36,-9.37323492241396e-29,4.084299037635249e-29,1.6037369304930192e-29,-1.5311206997889842e-29,7.769496818159304e-29,-2.553177750965448e-29,-8.16297340951924e-29,2.851855777376743e-29,-1.2700366152559706e-28,-4.616060008409394e-29,2.1779194073708946e-29,-1.6336677054458254e-29,-8.278445823900523e-38,-5.2878391387668815e-39,4.808606595668464e-38,6.92903900663734e-38,-2.241499544130051e-37,1.1546215272063651e-37,-0.1362158507108688,-0.3142184019088745,-0.7449649572372437,0.4881166219711303,-0.0201748106628656,0.094887875020504,-0.2425584346055984,0.1452422440052032,0.3812464475631714,0.9053646326065063,0.1869918406009674,0.0,-1.6262107166057416,-0.8941839336731772,-0.6766022056463475,1.137705029283385,3.5388016975075304e-15,-3.748811237663097e-16,-6.692942774485915e-22,3.1280916360686843e-22,9.225469870485892e-30,-1.0365188424369085e-30,0.1266986938942419,0.873160527797981,0.000140778307777,78.41057586669922,-1.030317544528513,0.1379179840726316,-1.1853793154057026,-2.5440732925374525,0.8864718042021301,1.9043941092803065
1341.0,0.110308084042887,0.4304472068199015,0.4566725138381831,0.0025721952990282,1.4672715241314075e-11,0.9467268257445686,0.0439528318569085,0.0093203423985227,0.0984919528978578,0.8855710073417015,0.0159370397604407,0.0003223279820465,0.0004509155586001,0.0013083004742747,0.0078707373868289,0.9581875302723868,0.0318601883258627,0.1044316222598875,0.3811915665509219,0.4375779081778911,0.2415474562193018,0.0331207275038354,MD_contaminated,3.093284242328765e-31,2.1453607041228933e-30,1.7356698421261601e-31,4.335853109057843e-31,-1.2908533623350726e-31,-1.720186131853053e-31,3.69970508503248e-22,-1.858598995168393e-22,1.1024040834176548e-21,-5.7097558721101215e-22,-1.6365381534728989e-22,-3.090848359672341e-23,-1.3446397343021697e-37,-1.3460168419529065e-37,1.8181281092726297e-39,-2.250234398188158e-37,1.3264580070696482e-37,3.596251424717784e-37,1.6149937433801368e-37,6.448789849832943e-37,-3.377038656412944e-36,-6.511446948048996e-36,7.778632935444225e-37,1.0880785359606148e-36,-8.729672778319959e-29,4.241097436599079e-29,2.2216211159233758e-29,-2.013159093481049e-29,6.50805077944459e-29,-2.227938931752693e-29,-4.492400584073141e-29,1.2134880151506585e-29,-1.2751387842223707e-28,-4.331841356122746e-29,1.8428729720552466e-29,-1.6079518215473462e-29,-8.640801419285511e-38,-4.548398249979012e-39,4.990327527332659e-38,6.859023951919633e-38,-1.871263538411275e-37,1.0849347841803736e-37,-0.1661729514598846,-0.3360812067985534,-0.7039979696273804,0.5227755904197693,-0.0159596838057041,0.0919285416603088,-0.2400463968515396,0.1550110876560211,0.3820377290248871,0.9050309658050536,0.1869918406009674,0.0,-1.6664243612391534,-0.8866612571372291,-0.6080073038417413,1.147611752260494,3.495336351479303e-15,-4.018301636235749e-16,-6.705419055735328e-22,3.488908521901486e-22,9.139468043879156e-30,-1.1234104480235804e-30,0.1492695956390304,0.8505581691159219,0.0001722352450477,71.99700927734375,-1.00913706932159,0.1455022360055073,-1.2404684138137592,-2.3918127948995256,0.8958734685533382,1.7296966666873468
1342.0,0.115954343169676,0.4162358285812503,0.4653087058284136,0.00250112242066,1.3416964273094675e-11,0.9500107436449582,0.0452210709422266,0.0047681854128151,0.1107280415568678,0.8724482406473674,0.0168237177957647,0.0002324124545198,0.000507603928385,0.0011905577724998,0.0083268165194149,0.955882684578915,0.0338599247462652,0.1101578717834866,0.363144216340111,0.4447805348852046,0.2491987399273701,0.0367574982251219,MD_contaminated,3.2237049201629567e-31,2.107448647744355e-30,1.8141070482560155e-31,4.283075180756441e-31,-1.0434088327523588e-31,-1.0920642213803768e-31,3.6124200980592896e-22,-2.01046999397538e-22,1.0090618239673404e-21,-5.731255382908947e-22,-1.5727680002620013e-22,-3.510659600387332e-23,-1.2104543115994628e-37,-9.88687374762477e-38,-7.02714132263072e-39,-2.3086972278889214e-37,1.280725991036706e-37,3.29738476481747e-37,1.7827584418747836e-37,6.370246737136911e-37,-3.504053091290015e-36,-6.160699892624072e-36,8.253305466739837e-37,1.0479518654532344e-36,-8.20298452325087e-29,4.3789640127559246e-29,2.712895453036267e-29,-2.479041304629667e-29,5.490088775018383e-29,-1.899923298518693e-29,-1.6057627768228624e-29,-3.4248443771732155e-30,-1.2770137600724055e-28,-4.0387152435927884e-29,1.568991807572467e-29,-1.570827780447988e-29,-8.949030315539998e-38,-3.7691874346818605e-39,5.139105854557698e-38,6.759822253274239e-38,-1.5740327513498618e-37,1.0160674103673983e-37,-0.1954232156276703,-0.353641152381897,-0.6649717092514038,0.5511713027954102,-0.0117497853934764,0.0885840654373169,-0.2366631031036377,0.1634244471788406,0.3828275799751282,0.9046972393989564,0.1869918406009674,0.0,-1.7030059338538504,-0.87635941457838,-0.5460893663653577,1.1518604816897433,3.4564962385055456e-15,-4.243342360766589e-16,-6.690104110673253e-22,3.8162330059362582e-22,9.060349607763677e-30,-1.1970276249755312e-30,0.1712374919704505,0.828694153436276,6.835459327347859e-05,67.16658782958984,-0.9905652790052232,0.1515239845625454,-1.2852064014417337,-2.259603588496696,0.8985767103150007,1.5820608116485886
1343.0,0.1213325146454804,0.4030130562814146,0.4730325083356465,0.0026219207374584,1.2378065096816757e-11,0.9517360733666717,0.0461148429249513,0.002149083708377,0.1236291269399598,0.8585318188246608,0.0178390542353793,0.0001673730737703,0.0005592732956781,0.0010916502429306,0.0087729709516324,0.9535189358795414,0.0358897965564471,0.1154765310603937,0.3459995322193682,0.4510454539846359,0.2564993156017669,0.0402026312396772,MD_contaminated,3.323706521644956e-31,2.073264019152929e-30,1.8792249076723403e-31,4.222688867447949e-31,-8.051488064531514e-32,-5.893158234828617e-32,3.5298833459939103e-22,-2.153327347286727e-22,9.274770768857165e-22,-5.718963364257176e-22,-1.520149542184145e-22,-3.9514601991086336e-23,-1.080646084051559e-37,-6.996044924971452e-38,-1.5190163573068666e-38,-2.348310768001079e-37,1.2325480215726545e-37,3.0479151326333656e-37,1.9400656281965462e-37,6.298323320752729e-37,-3.610952726936885e-36,-5.845280124159503e-36,8.696828428026047e-37,1.0101799940998037e-36,-7.765073002574063e-29,4.5097526823496307e-29,3.1175805295268205e-29,-2.939885434164597e-29,4.6474924730472434e-29,-1.5698671001464993e-29,7.030940726452344e-30,-1.843102565381505e-29,-1.2767011476566095e-28,-3.756898268715502e-29,1.3279935986652006e-29,-1.5267684932568107e-29,-9.21937092406436e-38,-2.9924686292644074e-39,5.263822271987731e-38,6.653298134724198e-38,-1.328870957778622e-37,9.465509296987922e-38,-0.2245821803808212,-0.3683297038078308,-0.6266605854034424,0.5746644735336304,-0.0077616712078452,0.0848453342914581,-0.2329495400190353,0.1709682643413543,0.3836159110069275,0.9043632745742798,0.1869918406009674,0.0,-1.7373303360213406,-0.864001501506479,-0.4884607686110619,1.151244596867547,3.4207539054788176e-15,-4.425120960477197e-16,-6.651939145597867e-22,4.122412088488703e-22,8.986776092983597e-30,-1.2586004995827231e-30,0.1933629007427361,0.8064383820468451,0.0001987172104187,63.34468460083008,-0.973771846303532,0.1561080405705224,-1.3224431504206005,-2.140723306849185,0.8959818555466823,1.4530651437964128
1344.0,0.1264299384613912,0.3908109588729517,0.4798767433329762,0.0028823593326807,1.1507352798282613e-11,0.9525560919350484,0.0466008487539514,0.000843059311,0.1371710215308042,0.8435681359121148,0.019260842557081,0.0001198348888947,0.0006086991807692,0.0010068537807046,0.0091600723424047,0.9511240205816938,0.0379805192255329,0.1204316080843715,0.329675672070482,0.4564222975025098,0.2634633584934209,0.043517205485329,mixed_higher_order,3.4084617012730303e-31,2.0423528289555348e-30,1.9311216121629304e-31,4.152764187458467e-31,-5.896730079951495e-32,-1.7815782220548074e-32,3.45088495563332e-22,-2.2899090772052133e-22,8.549686907780597e-22,-5.690802531533295e-22,-1.4891339550835564e-22,-4.3693894036536176e-23,-9.570312979866513e-38,-4.56222021044515e-38,-2.3014226651303477e-38,-2.378363607409707e-37,1.1871736731762161e-37,2.8345855141230912e-37,2.090791722079248e-37,6.212019257959337e-37,-3.705030345790852e-36,-5.5570059479355583e-36,9.120454379292813e-37,9.74399003096091e-37,-7.38662258112005e-29,4.646764283925412e-29,3.4474323584917816e-29,-3.392555951769672e-29,3.939190816548057e-29,-1.2542077382359513e-29,2.580449631971516e-29,-3.241918887906755e-29,-1.2737453236070184e-28,-3.4645627869590014e-29,1.1175313529276393e-29,-1.4825494067816733e-29,-9.464062243790018e-38,-2.2535043271052647e-39,5.365109703636882e-38,6.525200188303746e-38,-1.1221047807956497e-37,8.824287850311466e-38,-0.2535349428653717,-0.3803272843360901,-0.5894051790237427,0.5943197011947632,-0.0037041138857603,0.0807238444685936,-0.2286707460880279,0.1775878518819809,0.384402722120285,0.9040290713310242,0.1869918406009674,0.0,-1.769673867141479,-0.849711512602012,-0.4348650974328699,1.1471774170463696,3.388145312039977e-15,-4.583376859091065e-16,-6.595946592578794e-22,4.4091609461431245e-22,8.919363814329107e-30,-1.3125746456361822e-30,0.2154588699896808,0.7844421275407544,9.900246956484617e-05,60.28683853149414,-0.9585397303202428,0.1599697130498237,-1.3548788580257036,-2.0321209734042984,0.8909065674506457,1.338470659205296
1345.0,0.1312697980388587,0.3795539670090578,0.4859264054124299,0.0032498295396534,1.0767325140687908e-11,0.952702447474574,0.046885690809553,0.0004118617158727,0.1512712306686725,0.8278107113703337,0.0209180579609937,8.787705379636822e-05,0.0006538044408901,0.000935479075169,0.009570602090824,0.9486451347192648,0.0401071026200555,0.1250610578711138,0.3141988394332002,0.4609717203261226,0.270143372693327,0.0466755795135665,mixed_higher_order,3.475918261954949e-31,2.0143152706479323e-30,1.975410262559524e-31,4.081728192538702e-31,-3.9549333961573317e-32,1.556150084368863e-32,3.373209982893713e-22,-2.4211268290305944e-22,7.902314950655865e-22,-5.6479294185359125e-22,-1.4655776398959976e-22,-4.8591749567706323e-23,-8.48078254233153e-38,-2.5544978083353707e-38,-2.978430495943966e-38,-2.3974773021966093e-37,1.1459218254203531e-37,2.6529270130445827e-37,2.246218354395149e-37,6.13788120087072e-37,-3.787096737740178e-36,-5.291631868404177e-36,9.52470757997736e-37,9.396857556422486e-37,-7.05622783959467e-29,4.7803792846959517e-29,3.7137057119463107e-29,-3.830586223226543e-29,3.342522127648359e-29,-9.497934337752708e-30,4.096184758285773e-29,-4.54588467066285e-29,-1.269768744254724e-28,-3.178607472072031e-29,9.371090474809108e-30,-1.4311586299588469e-29,-9.684037242651652e-38,-1.4881201110456187e-39,5.454285185770127e-38,6.395050134934697e-38,-9.478261004769642e-38,8.234255853964216e-38,-0.2822844684123993,-0.3897880911827087,-0.5531631708145142,0.6104093194007874,6.051454329281114e-05,0.0764416456222534,-0.2241547554731369,0.1836671382188797,0.3851882219314575,0.9036946296691896,0.1869918406009674,0.0,-1.8000578457779317,-0.83371286125186,-0.3849677250224295,1.1398906745427804,3.358194690155665e-15,-4.718341273153219e-16,-6.523590687411833e-22,4.67761428735132e-22,8.857413288396255e-30,-1.3599204169982338e-30,0.2374626059821786,0.7625680028196348,3.060880181338099e-05,57.79343795776367,-0.944677946442645,0.1630143688802928,-1.3828308641149785,-1.9322009380542355,0.8835373016658574,1.2362034846791972
1346.0,0.1357562869433049,0.3693174049008836,0.4912365714681568,0.0036897366876545,1.0132968656514892e-11,0.9525765303333228,0.046895952110535,0.0005275175561422,0.1658859968600929,0.8111791013390943,0.0229349018008128,6.555964302492167e-05,0.0006978101955363,0.0008744917335321,0.009937453028047,0.9461317652786816,0.0422929201211779,0.1293182527873883,0.2995825606163853,0.4647745245326144,0.2763562300289871,0.0497314827194862,mixed_higher_order,3.5301681509770816e-31,1.9883310598200533e-30,2.008485098657297e-31,4.005326786811966e-31,-2.1964580417333527e-32,4.214161694934663e-32,3.2979220501808424e-22,-2.5470762419518143e-22,7.3235851206588015e-22,-5.592329676622739e-22,-1.4561335858982608e-22,-5.29484747113258e-23,-7.430872739242936e-38,-8.431247109800383e-39,-3.641291937286364e-38,-2.412551999942749e-37,1.1072162959603249e-37,2.4968648419384824e-37,2.3953198762449738e-37,6.053965237205488e-37,-3.858239874785631e-36,-5.0468890796596026e-36,9.911723018235729e-37,9.064079895610626e-37,-6.769629544784893e-29,4.918283727099386e-29,3.9260689824940665e-29,-4.259323346225569e-29,2.843559964827904e-29,-6.589604555566821e-30,5.302332895021665e-29,-5.769995804313558e-29,-1.263329737880343e-28,-2.8928978556770855e-29,7.742495153846115e-30,-1.3876227282840504e-29,-9.884291799525478e-38,-7.746566747763518e-40,5.52087933598335e-38,6.253400010613131e-38,-8.020388038110304e-38,7.686392626412405e-38,-0.3104494512081146,-0.3970672786235809,-0.5178546905517578,0.6234272718429565,0.0037311341147869,0.071851722896099,-0.2193173766136169,0.1889907270669937,0.3859721422195434,0.9033600687980652,0.1869918406009674,0.0,-1.828340305560104,-0.8164131992406894,-0.3383254823843271,1.1299189099282612,3.329996101881259e-15,-4.831784016199143e-16,-6.437951110074538e-22,4.928726579381613e-22,8.797950951351761e-30,-1.399425256996255e-30,0.2592178769538764,0.7406526504059985,0.000129472640125,55.74599075317383,-0.9317990274850436,0.165435591507423,-1.4067157156288763,-1.8400976646863825,0.8741895668798916,1.1448183628013655
1347.0,0.1400143304517966,0.359954759261799,0.4958509762218068,0.0041799340645974,9.580867976428139e-12,0.9523342042139434,0.0466771041677264,0.00098869161833,0.1809898939688523,0.7935748649111553,0.0254352411199924,5.184842714192239e-05,0.0007381647717933,0.0008232205322068,0.0102693921922812,0.943582032859762,0.0445353412168144,0.1333404359693598,0.2856510494553095,0.46787607213887,0.2823717954911611,0.0526579808867989,mixed_higher_order,3.5772316344999302e-31,1.9646059826170582e-30,2.034472154789125e-31,3.925009683509515e-31,-6.370974592232567e-33,6.402569853800802e-32,3.222282986062505e-22,-2.6697135224382703e-22,6.796505862005543e-22,-5.530333246493537e-22,-1.4594436769833092e-22,-5.751889879636028e-23,-6.486118022082448e-38,5.774015309430214e-39,-4.2478718573323926e-38,-2.420016004272085e-37,1.073398870320676e-37,2.362275745573637e-37,2.541822924658967e-37,5.960884366257622e-37,-3.922023324740351e-36,-4.816860519502248e-36,1.0287950312699073e-36,8.733236905242231e-37,-6.510799956748314e-29,5.05672928162366e-29,4.089151945981034e-29,-4.672915789059468e-29,2.4216475613369638e-29,-3.8381274351366056e-30,6.263433509081653e-29,-6.899724370902017e-29,-1.255793403878547e-28,-2.60822780928646e-29,6.358812809895025e-30,-1.3404337170256539e-29,-1.0066608016582657e-37,-6.43896504395096e-41,5.578909924501276e-38,6.10635710644423e-38,-6.765055554852943e-38,7.195511881422272e-38,-0.3384672701358795,-0.4022581577301025,-0.4834326803684234,0.6338662505149841,0.0073126405477523,0.0670604854822158,-0.2142597436904907,0.1938564628362655,0.3867546617984772,0.9030253291130066,0.1869918406009674,0.0,-1.8551725385707685,-0.797629709475696,-0.2945618552249351,1.117788092501892,3.3039863511411135e-15,-4.934796632678089e-16,-6.3401339392022685e-22,5.165864658579333e-22,8.743474022541098e-30,-1.4358028660538207e-30,0.2809223018385416,0.7189811459398261,9.65522216322956e-05,54.03068161010742,-0.9199971511753324,0.1675166899598975,-1.42784877965387,-1.7536225170179265,0.8638565273651858,1.061636919600067
1348.0,0.1440951140200041,0.3513150916976687,0.4998743997642233,0.0047153945181038,9.087852645011349e-12,0.9520494709342054,0.0463032539574028,0.0016472751083918,0.196770162856654,0.7748002405602828,0.028429596583063,4.43777303148615e-05,0.0007770036390398,0.0007776869495405,0.0105966519300853,0.9409308138717228,0.0468734658792966,0.1371856770669489,0.2721990175598116,0.4703472258037895,0.288262639751045,0.055577580658511,mixed_higher_order,3.611646006048662e-31,1.942331478993087e-30,2.054405379288482e-31,3.8421658234298975e-31,7.89254595355584e-33,8.179851396444171e-32,3.1470199550520703e-22,-2.7879762552313623e-22,6.31138814835115e-22,-5.4561316451204535e-22,-1.4713124294108058e-22,-6.238341124949398e-23,-5.616901325194773e-38,1.819452482014217e-38,-4.795197792635775e-38,-2.4235611394264093e-37,1.0412094406306742e-37,2.241615113519586e-37,2.6907721634356504e-37,5.863414076320875e-37,-3.976397166165053e-36,-4.598334587456903e-36,1.0648864888544916e-36,8.408565709177028e-37,-6.28019552603426e-29,5.204045397736136e-29,4.220173165277052e-29,-5.088264540899379e-29,2.0600228115236268e-29,-1.1578095074642975e-30,7.032567950074471e-29,-7.972204971449743e-29,-1.246601739290001e-28,-2.3258774819256425e-29,5.019821971163085e-30,-1.2934843015425824e-29,-1.024060612981729e-37,6.5136213141298035e-40,5.620258934820153e-38,5.954130676818316e-38,-5.680930072483145e-38,6.732268875123551e-38,-0.3661542236804962,-0.4056918919086456,-0.4497348964214325,0.6417983174324036,0.0106982979923486,0.0621298737823963,-0.208990067243576,0.1982263624668121,0.3875357508659363,0.9026905298233032,0.1869918406009674,0.0,-1.8804233901844645,-0.7777754017577401,-0.2533977765571059,1.103440780538533,3.2795340248866454e-15,-5.020101355648446e-16,-6.231288807682421e-22,5.389485027820756e-22,8.692246852441736e-30,-1.4666765842308788e-30,0.3026294014756326,0.6971370963015593,0.000233502222808,52.54653930664063,-0.9088915642070023,0.1690028001554736,-1.4454970351265064,-1.6715832787646447,0.8516337445585556,0.9851285620921116
1349.0,0.1478924272161997,0.3435855134269368,0.5032599861104186,0.0052620732464449,8.656936162241791e-12,0.951806870038721,0.0458086278329812,0.0023845021282976,0.2129533667064068,0.7551989047877455,0.0318477285058475,4.220227509574353e-05,0.0008135898575347,0.0007395773036504,0.010931560544102,0.9381728177399756,0.0493002522796415,0.1407650282510804,0.2594754034409579,0.4721448392249923,0.2938688377735463,0.0584250056294614,mixed_higher_order,3.639875491445039e-31,1.921945279732716e-30,2.0670033905269444e-31,3.760722284664859e-31,1.9837074322586132e-32,9.587717135813404e-32,3.071587099324674e-22,-2.9052698330937905e-22,5.868122610055411e-22,-5.381105913754819e-22,-1.489290034586368e-22,-6.747619799128904e-23,-4.866242749243717e-38,2.8730689861985117e-38,-5.278281147019021e-38,-2.424439242381375e-37,1.0144523817300818e-37,2.137132383242484e-37,2.8410746801969804e-37,5.7696056320480464e-37,-4.0257202457699216e-36,-4.392012070579139e-36,1.1007037518548775e-36,8.08547232567297e-37,-6.064486409153474e-29,5.347914876927583e-29,4.3089463153708745e-29,-5.480977962599287e-29,1.7555400937825992e-29,1.3306312334716205e-30,7.625264279333347e-29,-8.945614257156622e-29,-1.236683455988953e-28,-2.051171573761229e-29,3.8335426214905595e-30,-1.2445430387084245e-29,-1.0404312171206358e-37,1.3511545551714004e-39,5.654242763611875e-38,5.804798196098905e-38,-4.755846208446111e-38,6.341902550263278e-38,-0.3935273289680481,-0.4073748290538788,-0.4170826971530914,0.6475260853767395,0.013861246407032,0.057026207447052,-0.2037163227796554,0.2022669315338134,0.3883153200149536,0.9023553729057312,0.1869918406009674,0.0,-1.904282038530368,-0.7568829665022144,-0.2149726534584694,1.087427144835364,3.257150860449921e-15,-5.095664459566353e-16,-6.1133249924304195e-22,5.599726529717045e-22,8.646261216448622e-30,-1.4942543116594288e-30,0.324262132479154,0.6756602592667911,7.760825405500604e-05,51.29868316650391,-0.8986853973451319,0.1701975070159647,-1.461258082648477,-1.5942148846450752,0.8393005419988214,0.9152613916306296
1350.0,0.1515029057862165,0.3366470660885946,0.5060286982472547,0.0058213298779343,8.269716422760542e-12,0.951674172060439,0.0451835389816343,0.0031422889579268,0.2296762400305628,0.7342933440558996,0.0360304159135375,4.338754112045198e-05,0.0008482415829216,0.0007070370384363,0.0112244776838406,0.9353332544984336,0.0518436016552475,0.1441814024288483,0.2471976999248016,0.4733054692012104,0.2993958767773078,0.0612124295553936,mixed_higher_order,3.659056679906351e-31,1.9029315642685647e-30,2.0738589434901487e-31,3.6779407179112574e-31,3.047711502964411e-32,1.070967954191608e-31,2.9962448239777414e-22,-3.020064394587468e-22,5.458285675220874e-22,-5.297994273269304e-22,-1.5190225775585825e-22,-7.292004810390883e-23,-4.1784267207765883e-38,3.770546371190953e-38,-5.726985879923322e-38,-2.421742700811769e-37,9.905411968352511e-38,2.0446874669836186e-37,2.994521264877863e-37,5.6574321321897414e-37,-4.067617285632969e-36,-4.194970827540868e-36,1.1355141568067372e-36,7.765951894271295e-37,-5.862964346432216e-29,5.4982214166056e-29,4.363732228492573e-29,-5.870917211835254e-29,1.499231815641279e-29,3.726963242517919e-30,8.067944949460606e-29,-9.859229029928735e-29,-1.22560342700621e-28,-1.7772719466243748e-29,2.7591784530717943e-30,-1.1959429694147205e-29,-1.055736592429414e-37,2.0394081094792607e-39,5.677803317368358e-38,5.651583191842202e-38,-3.955190461058832e-38,5.983948150358912e-38,-0.4204921722412109,-0.4075601994991302,-0.3852601945400238,0.6511627435684204,0.0168233513832092,0.0518041476607322,-0.1981955021619796,0.2059777379035949,0.3890934288501739,0.9020200967788696,0.1869918406009674,0.0,-1.9266833095170488,-0.7351728968373523,-0.1788889447588638,1.0697266914859,3.236118153270645e-15,-5.157776764615888e-16,-5.986885437432481e-22,5.797659747806276e-22,8.602937020219181e-30,-1.517486246833021e-30,0.3458856779985209,0.6541466216976908,3.229969621165729e-05,50.2109603881836,-0.8891356371947837,0.1709676666102746,-1.4742793457856092,-1.5204377435067062,0.8257253716034361,0.8507077839305112
1351.0,0.154966643574904,0.3303863168302658,0.508258512171693,0.0063885274231371,7.91580879810838e-12,0.9516488784097668,0.0444572417717853,0.0038938798184476,0.2468241447020829,0.7123369180455499,0.0408389372523672,4.7672925501263904e-05,0.000882454945071,0.0006782518158503,0.011523483347124,0.9323694761294548,0.0544986608369984,0.1474738325489835,0.2353463706952921,0.4738847227318575,0.3048972911693317,0.0639382115070022,mixed_higher_order,3.671778495074575e-31,1.8848076589393363e-30,2.076304019532433e-31,3.593695628291731e-31,3.960849956191723e-32,1.1626969527072347e-31,2.919536879416963e-22,-3.130723159258205e-22,5.075886647428192e-22,-5.207865289212292e-22,-1.555863867569352e-22,-7.818689182751003e-23,-3.5587732445461976e-38,4.576720247706552e-38,-6.140733848804865e-38,-2.4175522007858096e-37,9.69950321103473e-38,1.9598803542447245e-37,3.144755288414962e-37,5.543734837755956e-37,-4.101877203025144e-36,-4.005297726991103e-36,1.1691349621428063e-36,7.445169047265634e-37,-5.671805107516018e-29,5.643996662984116e-29,4.392217047959192e-29,-6.245063890917577e-29,1.2795879079592956e-29,6.0106885760691e-30,8.402153636209242e-29,-1.0705057162635043e-28,-1.213483653360524e-28,-1.5071941656923968e-29,1.796817305417643e-30,-1.1513183573864089e-29,-1.0698733907499838e-37,2.7203984323051963e-39,5.693855477927703e-38,5.495910955031298e-38,-3.2450429410975313e-38,5.664302270819039e-38,-0.4467628300189972,-0.4061046540737152,-0.3544217646121979,0.6529113054275513,0.0196936298161745,0.0465096980333328,-0.1926334947347641,0.2092571258544922,0.3898701965808868,0.9016847014427184,0.1869918406009674,0.0,-1.9471417505149369,-0.7126512480004216,-0.1451540802948053,1.05060331814887,3.215687014928622e-15,-5.210301775533983e-16,-5.852845345296864e-22,5.981621369332661e-22,8.558984496092768e-30,-1.5364659266790031e-30,0.3670690074134036,0.6328041680005445,0.0001268245860519,49.23556137084961,-0.8800154661365622,0.1714350983543651,-1.4844965437909712,-1.4495437913614395,0.8110774105738067,0.7905229436118766
1352.0,0.1583037933876201,0.3248899801168474,0.5098506326377377,0.0069555938577948,7.594565089191525e-12,0.9517971760249448,0.0436061081632332,0.0045967158118218,0.2643499300142895,0.6888031242536574,0.046846945732053,5.4962844895745245e-05,0.0009180997785593,0.0006534642041602,0.011819002670153,0.9292608002437828,0.0572936702584489,0.1506731035003731,0.2237852333431931,0.4737842068897429,0.3104905304689483,0.0666871138928401,mixed_higher_order,3.679020890310176e-31,1.868096850573174e-30,2.0763977322697154e-31,3.5067019593118155e-31,4.746666830505756e-32,1.2350935830062276e-31,2.8404158329442243e-22,-3.2409078031091926e-22,4.7171845608564725e-22,-5.112615547353657e-22,-1.6053843829174302e-22,-8.449212044369522e-23,-3.023436847983374e-38,5.321609321577886e-38,-6.495734107823209e-38,-2.4156762848314205e-37,9.519175525566644e-38,1.883515253213333e-37,3.3148109279738447e-37,5.411936982020897e-37,-4.130864985211739e-36,-3.821451248649512e-36,1.2023334614477734e-36,7.119405783078211e-37,-5.490534260723934e-29,5.798515543371396e-29,4.3950973516880875e-29,-6.619513318370522e-29,1.0954367569889729e-29,8.209992954678642e-30,8.627626793791534e-29,-1.149490180960711e-28,-1.200588878028348e-28,-1.2290943218881353e-29,8.508527869132927e-31,-1.1056778741929965e-29,-1.0839094487162696e-37,3.4101726592373903e-39,5.705123030920514e-38,5.331871260211894e-38,-2.61864658457991e-38,5.37982766528437e-38,-0.4729534387588501,-0.4032164216041565,-0.3242283761501312,0.6529024839401245,0.0224634613841772,0.0412241034209728,-0.1866460144519806,0.2123708873987198,0.3906455934047699,0.9013490676879884,0.1869918406009674,0.0,-1.9667878308016944,-0.6892026574785862,-0.1134767565558974,1.030076637890296,3.197185886382774e-15,-5.255503683548548e-16,-5.710874132254902e-22,6.156306363894034e-22,8.521516729320419e-30,-1.5535279126184452e-30,0.3884724716853037,0.6113438219614642,0.000183706353232,48.37124633789063,-0.8715680725071097,0.1716461940984055,-1.4927767122986888,-1.3809634184585515,0.7956541967850579,0.7341149863689344
1353.0,0.1614819791406543,0.3201195843348801,0.5108873129713508,0.0075111235531149,7.303215410529502e-12,0.9520492519452514,0.0427262679132739,0.0052244801414748,0.2819701892823803,0.664422406432659,0.0536074042849606,6.405644816886889e-05,0.000950987575109,0.0006318190222981,0.0121263058640175,0.926043526817066,0.0601833042733406,0.1537387974434986,0.2126946245700035,0.4731038891100838,0.3160814039430056,0.0693817928358293,mixed_higher_order,3.681326757176859e-31,1.8525685971654613e-30,2.070828416710455e-31,3.423757533596416e-31,5.382454830470798e-32,1.2915170137604312e-31,2.76027872765635e-22,-3.3475562780066616e-22,4.383053033185639e-22,-5.014768718681686e-22,-1.6598014681980527e-22,-9.077821647409734e-23,-2.5729304497541286e-38,5.969600963211997e-38,-6.801453793069346e-38,-2.410556046869086e-37,9.374380894317108e-38,1.81359569547648e-37,3.475870077258521e-37,5.283475968014414e-37,-4.1545052075700285e-36,-3.644754535830883e-36,1.234395042232431e-36,6.7920866267377255e-37,-5.314993407477621e-29,5.953742027443918e-29,4.3734167304846834e-29,-6.98186300961424e-29,9.415772869818048e-30,1.028121363413365e-29,8.765540599479992e-29,-1.221654711309768e-28,-1.1871866805062754e-28,-9.670035290885866e-30,2.1413659104459714e-32,-1.0579067384463752e-29,-1.0972188303819445e-37,4.0910330514142586e-39,5.71066946059925e-38,5.17695069175684e-38,-2.0663837971666547e-38,5.138877530571199e-38,-0.4985074400901794,-0.3989885151386261,-0.2950979769229889,0.6512928605079651,0.0249011423438787,0.0358650349080562,-0.1808390170335769,0.2151923030614853,0.3914194107055664,0.901013195514679,0.1869918406009674,0.0,-1.9849648140247984,-0.6652289387261433,-0.084083527901942,1.0085406231846117,3.179935679051798e-15,-5.293175480025114e-16,-5.563598486081367e-22,6.318757089654995e-22,8.487091548258736e-30,-1.5678095372657132e-30,0.4096078706567757,0.5902756835112649,0.0001164458319593,47.60124969482422,-0.8636844837618859,0.1716268323178932,-1.499101188546976,-1.3151640408754883,0.7798499068987647,0.6816113945850624
1354.0,0.1644275775589901,0.3163143818091191,0.5112158565843321,0.0080421840475585,7.040529539052173e-12,0.9525874640987352,0.0416732750568885,0.0057392608443762,0.29961558029023,0.6385351459873122,0.0618492737224577,7.53935864400828e-05,0.0009864646925505,0.0006138892920157,0.0123705646723134,0.9226763497589036,0.0632773379977764,0.1566316491348165,0.2019778499663722,0.4716867804921027,0.3216402140919616,0.0720739080185935,mixed_higher_order,3.682390458233984e-31,1.8381235612502858e-30,2.060224847887508e-31,3.336110475939333e-31,5.846259626845239e-32,1.3324969624634505e-31,2.6792586578482397e-22,-3.454358320141508e-22,4.070882941707153e-22,-4.914972895452457e-22,-1.732595192767686e-22,-9.711734059900448e-23,-2.192069119716421e-38,6.586714069372774e-38,-7.079535046354785e-38,-2.409164448116578e-37,9.27159217490795e-38,1.750492773208329e-37,3.6437099299554095e-37,5.124293201613945e-37,-4.173397433166084e-36,-3.474263102081772e-36,1.2667079154262866e-36,6.463181616908972e-37,-5.145122195244609e-29,6.106432636881927e-29,4.3270572551292564e-29,-7.329645459577745e-29,8.180644047953987e-30,1.2232135109643299e-29,8.824802042064789e-29,-1.2877905181555886e-28,-1.1723438453141355e-28,-6.946759086672068e-30,-7.838292407798323e-31,-1.0136185425913518e-29,-1.1101815306170424e-37,4.771245440660655e-39,5.706874401532903e-38,5.00998751424988e-38,-1.583245977048801e-38,4.948955552116708e-38,-0.5235565900802612,-0.3934126198291778,-0.2669905722141266,0.6482660174369812,0.0274691879749298,0.0303120259195566,-0.1747526973485946,0.2176476866006851,0.3921917378902435,0.9006772637367249,0.1869918406009674,0.0,-2.0018587206772924,-0.640563086576299,-0.0568349636892854,0.9861979626993612,3.164002269620881e-15,-5.328994463569484e-16,-5.4111260163892285e-22,6.470030115103401e-22,8.455370036680181e-30,-1.5807729458798955e-30,0.4305583676606778,0.5694418157280706,1.8338874840928562e-07,46.93634796142578,-0.8563171728679707,0.1715496309968442,-1.5036946339039965,-1.251793261253753,0.7637660960571137,0.6325980708398085
1355.0,0.1672724008032611,0.3133151688070702,0.5108612102578929,0.0085512201317757,6.7992673704843246e-12,0.9532443982224362,0.0405858208818303,0.0061697808957335,0.3170167177429031,0.611273738495992,0.0717095437611048,8.866119064734808e-05,0.0010222794150674,0.0005987245791139,0.012667701542779,0.9191216398358244,0.066500993436568,0.1594514790429268,0.1915213345642006,0.4695435933007483,0.3274321820574686,0.0747053751626579,mixed_higher_order,3.6785278956045984e-31,1.8247941267518992e-30,2.0493206580117165e-31,3.248669249032591e-31,6.201821267096458e-32,1.3631521971719824e-31,2.5950641355695387e-22,-3.5588926427620694e-22,3.776992451146077e-22,-4.810580089380239e-22,-1.815409379541586e-22,-1.0452788382717768e-22,-1.9037494594233187e-38,7.163026626575362e-38,-7.286537504202383e-38,-2.4089336938399463e-37,9.190289852200938e-38,1.6926305101030576e-37,3.828506538035767e-37,4.958444920830794e-37,-4.186724103121777e-36,-3.3083343133447345e-36,1.2979869575720578e-36,6.12685346215154e-37,-4.9722693078301516e-29,6.261357825485808e-29,4.253745010092373e-29,-7.670334669686412e-29,7.185246045395805e-30,1.4089769976015078e-29,8.81423659781181e-29,-1.3476881527112595e-28,-1.157267564546328e-28,-4.180880962737021e-30,-1.4788307056761125e-30,-9.676444463052088e-30,-1.1224900115475904e-37,5.4655753394558044e-39,5.703961137946097e-38,4.837997932551666e-38,-1.1492525454810451e-38,4.789129787008767e-38,-0.5481976270675659,-0.3864865005016327,-0.2397729158401489,0.6437123417854309,0.0298509467393159,0.024852892383933,-0.1683476269245147,0.2199656069278717,0.3929628133773803,0.9003411531448364,0.1869918406009674,0.0,-2.0175137745391925,-0.6152348178944963,-0.0316143390614941,0.9627919211815552,3.149282246010812e-15,-5.358617807046035e-16,-5.252690678545344e-22,6.610637555451851e-22,8.426830631317052e-30,-1.5918032059973853e-30,0.4514011986735894,0.5485824218596332,1.6379466777349805e-05,46.32807540893555,-0.8494800721730894,0.1712432156832436,-1.5062705542930794,-1.1902495691638466,0.7469922005739174,0.5864955681459549
1356.0,0.1699536421378586,0.3111394389181928,0.5098659774745244,0.0090409414694241,6.5787151725836985e-12,0.954064603905932,0.0394221763130498,0.0065132197810183,0.3341943442711191,0.5829165353384307,0.0828891203904503,0.0001035660758368,0.001058286553549,0.0005853211252543,0.0129490490689804,0.9153882675160334,0.0699155096603458,0.1621467542686265,0.1813683237413362,0.4667253337857738,0.3333300311185215,0.0773304201591886,mixed_higher_order,3.6688215108501077e-31,1.812438615212364e-30,2.032965060081345e-31,3.1617492236931307e-31,6.440576096911027e-32,1.385511796245756e-31,2.5103447773497333e-22,-3.661517722473861e-22,3.5015159867322523e-22,-4.702754174751688e-22,-1.906413541798073e-22,-1.1197465224231202e-22,-1.670533028171501e-38,7.710373887281042e-38,-7.470859472120896e-38,-2.408711772143298e-37,9.141401829067128e-38,1.6376742788664338e-37,4.011906681309812e-37,4.776487294355175e-37,-4.1947653826788473e-36,-3.148044289365019e-36,1.3287641501478393e-36,5.790137538912341e-37,-4.8025756903536885e-29,6.420154312760059e-29,4.161808755517292e-29,-8.006627914440234e-29,6.407668194457107e-30,1.5864739093886705e-29,8.747032397861446e-29,-1.4030310911439915e-28,-1.1413826208538707e-28,-1.5043606671902702e-30,-2.1966940067052252e-30,-9.234938061491018e-30,-1.13452759873784e-37,6.137961323611887e-39,5.693419219872393e-38,4.670415593482182e-38,-7.599438947082352e-39,4.660599329286109e-38,-0.5720908641815186,-0.3785680830478668,-0.213596910238266,0.6377776265144348,0.0320593267679214,0.0193453412503004,-0.1620350331068039,0.2220138758420944,0.393732339143753,0.9000049233436584,0.1869918406009674,0.0,-2.0318686814658125,-0.5897705012400906,-0.0084824055268117,0.9386387035814217,3.135780541283417e-15,-5.378753222515915e-16,-5.091086220632933e-22,6.740148382918705e-22,8.402036403722635e-30,-1.5994310542861595e-30,0.4720037930433963,0.5279294539660716,6.675299053204853e-05,45.783329010009766,-0.8431061029806403,0.1706654107114104,-1.506938505830666,-1.13091167799114,0.729710341592497,0.5433183049388061
1357.0,0.1725228573895521,0.3100169911556162,0.5079492822052127,0.0095108692496188,6.374693390954972e-12,0.9550873747087902,0.0380916096427606,0.0068210156484492,0.3504613973302633,0.552406153676483,0.0971324489932536,0.0001227991760317,0.0011044925178584,0.0005739863924736,0.0131934930982827,0.9114571381150256,0.0735480907003277,0.1647744029414463,0.1712552936586302,0.4629739990663447,0.3396458336166178,0.0798939873568927,mixed_higher_order,3.662702036771458e-31,1.8008260171476932e-30,2.014529427854738e-31,3.067673721622493e-31,6.608574198028128e-32,1.4053950395272103e-31,2.4225734748173303e-22,-3.760947070859035e-22,3.2394515705522023e-22,-4.588232184072644e-22,-2.0269027457511152e-22,-1.1993951552477688e-22,-1.4708043112560694e-38,8.330316746723396e-38,-7.625584316276492e-38,-2.419627044534276e-37,9.096393990436692e-38,1.5865955069352615e-37,4.208227612818179e-37,4.553167211629621e-37,-4.1961609412559166e-36,-2.991389953863682e-36,1.3587938422369117e-36,5.4458577552927854e-37,-4.635235490568943e-29,6.572050019375658e-29,4.052162868877556e-29,-8.330518684788355e-29,5.8307293030857884e-30,1.7584694369556765e-29,8.641122137315973e-29,-1.454179890979721e-28,-1.1240405998402699e-28,1.4088251380618988e-30,-2.7578649536356812e-30,-8.77962675565566e-30,-1.1458554794857649e-37,6.871059669859774e-39,5.678365383826264e-38,4.478516983262386e-38,-3.8886480956322365e-39,4.545926328751033e-38,-0.5952836871147156,-0.3692086935043335,-0.1885952353477478,0.6310086846351624,0.0346666313707828,0.0137636233121156,-0.1552511900663375,0.223635658621788,0.3945004642009735,0.8996685147285461,0.1869918406009674,0.0,-2.04470504503332,-0.5635546625073438,0.012693896989426,0.9142817826619416,3.1229256808164293e-15,-5.407229023733301e-16,-4.926064236376724e-22,6.8582527390367245e-22,8.376560215725262e-30,-1.6085802398034194e-30,0.492068940161343,0.5078559627050852,7.509713357189973e-05,45.29271697998047,-0.8370868601380108,0.1702551894734571,-1.505218944395316,-1.0730515086682495,0.7114157116546355,0.5022842463019158
1358.0,0.1749352905735984,0.309921397120157,0.5052031549646645,0.0099401573415799,6.1901373681415146e-12,0.956268737947638,0.0367071040860668,0.0070241579662952,0.3659609343746886,0.5206056628799673,0.1134334027453441,0.0001445260014516,0.0011504582098059,0.000564186732851,0.0134784714849327,0.9072570397996642,0.0774053177712944,0.1672851495393182,0.1613468343884249,0.4583491188706925,0.3462672171669908,0.0824923591605332,mixed_higher_order,3.652188672609091e-31,1.7904649371725392e-30,1.992308510682643e-31,2.97460696738319e-31,6.628158020124672e-32,1.418945968963823e-31,2.3314475302762825e-22,-3.8615571336948712e-22,2.989529488824273e-22,-4.473048751755876e-22,-2.1579244557796363e-22,-1.2846052362167472e-22,-1.370959225474732e-38,8.934119851505097e-38,-7.721648267644596e-38,-2.4304528367195164e-37,9.092609193511168e-38,1.5370405764881276e-37,4.41528157338676e-37,4.312889091916388e-37,-4.194547133076225e-36,-2.837005995897875e-36,1.3887473682800778e-36,5.090918579438555e-37,-4.46371859885038e-29,6.726927812841271e-29,3.9200390283759386e-29,-8.646484911009059e-29,5.436795704744408e-30,1.9195570981677878e-29,8.485631926774911e-29,-1.4995547250833964e-28,-1.1058899574256783e-28,4.303369526041773e-30,-3.373400680679916e-30,-8.342592582867085e-30,-1.1575170604732402e-37,7.57230379979826e-39,5.658234763560568e-38,4.2872727944748685e-38,-4.839048457828258e-40,4.478782339775379e-38,-0.6183780431747437,-0.358731746673584,-0.1641648113727569,0.6227478981018066,0.0369201339781284,0.0080750351771712,-0.1482073664665222,0.2251405715942382,0.3952671885490417,0.8993318676948547,0.1869918406009674,0.0,-2.057012173969384,-0.536745077482886,0.0321093918902746,0.8888178817905616,3.111994195350832e-15,-5.427789011319571e-16,-4.755135455927936e-22,6.968882432931036e-22,8.35899595670763e-30,-1.615362562784636e-30,0.5125081728381811,0.4874187303359934,7.309682582556931e-05,44.85777282714844,-0.8316578031133787,0.1696414794256842,-1.5024249010238775,-1.016173693455444,0.693045542716032,0.4631919306120892
1359.0,0.1770653284747179,0.3111166276310711,0.5014941673719855,0.0103238765222254,6.027096310676377e-12,0.9576031407517116,0.0352402743517577,0.0071565848965307,0.3796809374194975,0.4878293852337882,0.1324896773467141,0.0001701977451005,0.0012008387715008,0.0005560186872028,0.0137967229179805,0.902790199998592,0.0814860218796233,0.1695583146656233,0.1517718331932748,0.4527440196598821,0.3530755490190555,0.0850092179912738,mixed_higher_order,3.639504545343608e-31,1.781189681557238e-30,1.9686140664584759e-31,2.8787982640943943e-31,6.52322064696841e-32,1.4298665740605488e-31,2.2401633957015117e-22,-3.9592752750368613e-22,2.757567876595692e-22,-4.357126699277382e-22,-2.3070989087550267e-22,-1.3778729835144781e-22,-1.3513995445695035e-38,9.569396757774476e-38,-7.770198870825136e-38,-2.446650452118795e-37,9.121591601307496e-38,1.4897102245572923e-37,4.636293303553716e-37,4.044874673719083e-37,-4.187817841652884e-36,-2.6895071233922813e-36,1.4182283413562478e-36,4.738014486068823e-37,-4.292424057047144e-29,6.875147893177163e-29,3.7718188505941916e-29,-8.946259366941683e-29,5.206050512326391e-30,2.071110697662953e-29,8.302405506220304e-29,-1.5392066010118444e-28,-1.087453648727051e-28,7.283562650941613e-30,-3.9496662501636654e-30,-7.890419749921685e-30,-1.1686499811600655e-37,8.280454127456202e-39,5.637898474912978e-38,4.087314113380196e-38,2.66870589038858e-39,4.447477930187037e-38,-0.6403612494468689,-0.3474023938179016,-0.141440749168396,0.6135563850402832,0.0393833145499229,0.0025192645844072,-0.1410841047763824,0.2263947427272796,0.3960324823856354,0.8989951610565186,0.1869918406009674,0.0,-2.067675808457049,-0.5101464554222335,0.0490694425533028,0.8633944924021583,3.102297575068528e-15,-5.445653307559482e-16,-4.584799604602697e-22,7.065976938010317e-22,8.343460741050648e-30,-1.620724626244507e-30,0.5323083451825479,0.4676162273041218,7.542751333033948e-05,44.48919677734375,-0.826740722181205,0.1689279164007138,-1.497807853342864,-0.9619245734548436,0.6745880524368942,0.4269378587599353
1360.0,0.1789914296992402,0.3139000855215152,0.4964307279470344,0.0106777568322101,5.8806748099341485e-12,0.9591814147672242,0.0335738176540019,0.0072447675787739,0.3911820058077579,0.4525221447454283,0.1562958494468136,0.0002032716424107,0.001264991190526,0.000549671883395,0.0141106340224369,0.8979685006270213,0.0859029306342099,0.1716852527701254,0.1420467399359694,0.4457791564397792,0.3605567093710149,0.0875141770303923,mixed_higher_order,3.629936712783632e-31,1.7728823683473052e-30,1.9407465831081701e-31,2.774240873185037e-31,6.348159805743136e-32,1.4389394561422983e-31,2.1435460359277265e-22,-4.05663078397669e-22,2.5340453020079807e-22,-4.234455285601484e-22,-2.4948441226248373e-22,-1.4787317009958236e-22,-1.3746144744626842e-38,1.031153397388686e-37,-7.79572783427898e-38,-2.4752369184684904e-37,9.17034377194592e-38,1.4440840377836576e-37,4.8750950849347924e-37,3.714079328127633e-37,-4.175645316460546e-36,-2.5430116584999985e-36,1.4477049115071403e-36,4.367961745642836e-37,-4.117299879402745e-29,7.036202907990109e-29,3.600472384921036e-29,-9.256031558703859e-29,5.168273388040242e-30,2.2198286507137518e-29,8.08448599488653e-29,-1.5759978068270914e-28,-1.0669490903352315e-28,1.0546473463106592e-29,-4.4441261850346816e-30,-7.414795779935477e-30,-1.1797010517194622e-37,9.047031223171651e-39,5.610329912294279e-38,3.860310136581539e-38,5.722177390302525e-39,4.430620175362451e-38,-0.6621060967445374,-0.3346019387245178,-0.1193809211254119,0.6034323573112488,0.0422361157834529,-0.0032942872494459,-0.1333423256874084,0.2271847575902938,0.3967964649200439,0.8986582159996033,0.1869918406009674,0.0,-2.077576793877532,-0.482515916460393,0.0644235739076691,0.8374290222842011,3.0939001952802318e-15,-5.471013024704456e-16,-4.40896359114886e-22,7.155290996205386e-22,8.331655886554156e-30,-1.6278108174766002e-30,0.5521376825494476,0.4477755040800499,8.681337050253646e-05,44.17983627319336,-0.8222798132035573,0.1683599394646208,-1.4912587997490347,-0.9081922017306332,0.6551135103676301,0.3920427070924288
