lam_nm,f_ED,f_MD,f_EQ,f_MQ,C_total_exact,px_given_ED,py_given_ED,pz_given_ED,mx_given_MD,my_given_MD,mz_given_MD,Qxx_given_EQ,Qyy_given_EQ,Qzz_given_EQ,Qxy_given_EQ,Qxz_given_EQ,Qyz_given_EQ,Cpx_total_fraction,Cmy_total_fraction,CQxz_total_fraction,ED_EQ_balance,CT_diag_over_CED,class,px_re,px_im,py_re,py_im,pz_re,pz_im,mx_re,mx_im,my_re,my_im,mz_re,mz_im,Qxx_re,Qxx_im,Qyy_re,Qyy_im,Qzz_re,Qzz_im,Qxy_re,Qxy_im,Qxz_re,Qxz_im,Qyz_re,Qyz_im,Qmxx_re,Qmxx_im,Qmyy_re,Qmyy_im,Qmzz_re,Qmzz_im,Qmxy_re,Qmxy_im,Qmxz_re,Qmxz_im,Qmyz_re,Qmyz_im,Tx_re,Tx_im,Ty_re,Ty_im,Tz_re,Tz_im,txx_re,txx_im,rxx_re,rxx_im,tyx_re,tyx_im,ryx_re,ryx_im,tbg_re,tbg_im,rbg_re,rbg_im,E_up_re,E_up_im,E_dn_re,E_dn_im,I0_re,I0_im,I1_re,I1_im,I2_re,I2_im,T,R,en_res,U_proxy,even_px_re,even_px_im,odd_Q_re,odd_Q_im,odd_m_re,odd_m_im
1300.0,0.546552386541969,0.1127405993597494,0.2406188278551186,0.1000881862431627,3.598909283476697e-12,0.6648955452312026,0.1302156612868007,0.2048887934819964,0.2709556556212905,0.6479007884346248,0.0811435559440847,0.0169795935750944,0.0090610761097962,0.0012343835549776,0.0450873945368371,0.900309070202212,0.0273284820210824,0.3634002470472375,0.0730447232137738,0.2166313131793879,0.4402484259148722,0.0410267913259411,mixed_higher_order,-1.0585719217127048e-31,1.878954148658477e-30,-8.119724643493883e-32,8.288678664747822e-31,-1.2778582314697524e-31,1.036843440317133e-30,1.587452092918776e-22,3.9462970948318827e-23,2.39493621202016e-22,8.138916151569396e-23,7.569836571296726e-23,-4.7778994155580805e-23,-2.408660700825597e-37,3.8279025232860976e-37,1.7874361787190365e-37,-2.7785798808278723e-37,6.212246240453181e-38,-1.0493242253880669e-37,-2.492555158336646e-37,4.576511320703695e-37,4.025980117920724e-37,-2.2936228711837243e-36,-7.027527339192388e-38,3.99584533821679e-37,7.777936705885337e-29,1.084531752998508e-29,-2.8248948357749653e-31,-8.875473287622279e-30,-7.749688439871692e-29,-1.9698432675855122e-30,4.29998415863354e-28,4.9948045784291454e-29,-7.411333105172889e-29,-1.6119484961344646e-28,-3.560193064455094e-30,-1.2937899230064626e-29,-9.56009449161678e-38,1.4682892499766178e-38,-2.4089626658692107e-39,1.462830667350428e-37,3.0553948403031165e-37,3.524791696814501e-38,-0.0034890389069914,0.1964431703090667,-0.8225330114364624,-0.1183564364910125,-0.2897739112377167,0.0502024926245212,-0.4267881512641907,0.0455942079424858,0.3483501374721527,0.918523907661438,0.1869918406009674,0.0,-1.0330376999429989,-0.640756845505178,-1.113824721417988,0.5851686619651331,3.2988502390108078e-15,8.83358857056744e-17,-3.919897300030267e-22,-2.5776698007955626e-23,8.064950891474212e-30,4.652270681890045e-31,0.1250913024532907,0.8747957588189952,0.0001129387277141,31.14811134338379,-0.9116989319798728,-0.0513636211473499,0.15735920587092,-0.8964839939727622,-0.1317289211878056,0.3876220833927528
1301.0,0.5476941366709215,0.1073242165727682,0.2422725307305426,0.1027091160257677,3.595423511673267e-12,0.6613901897643755,0.1292667911911412,0.2093430190444832,0.2914315381360938,0.620723146861218,0.0878453150026882,0.0171480543154371,0.0090996447779514,0.0012695907800311,0.0452183305038826,0.8992166945572191,0.0280476850654785,0.3622395289856165,0.0666186254454635,0.2178555042655308,0.4423500536324173,0.0413069939469729,mixed_higher_order,-9.593929918143501e-32,1.8784576355480835e-30,-6.511102690891148e-32,8.289841616208353e-31,-1.094456533885048e-31,1.0525242842263782e-30,1.6164683023214665e-22,3.639826124369833e-23,2.301060083282516e-22,7.434328587642752e-23,7.567692197072301e-23,-5.048305287791377e-23,-2.302463974592061e-37,3.946390232031426e-37,1.7354671158067149e-37,-2.840015365625864e-37,5.669968281517126e-38,-1.106373448950508e-37,-2.406451136945609e-37,4.66180877380575e-37,3.583895686867877e-37,-2.311904856104768e-36,-6.055222082899307e-38,4.087223031880204e-37,7.694329167057896e-29,8.998456497879987e-30,2.6493694008359857e-30,-8.390075222114766e-30,-7.959266367882846e-29,-6.083830683620084e-31,4.382606125912417e-28,4.1990574604658205e-29,-7.774040405473507e-29,-1.6015903985884844e-28,-4.337865530530608e-30,-1.2740685463955788e-29,-9.622822632820067e-38,1.460441103538149e-38,8.33987667340347e-40,1.4636372733814131e-37,3.1120646300182244e-37,2.995975564334609e-38,0.0043179597705602,0.1803903132677078,-0.8299515247344971,-0.096298798918724,-0.2868384718894958,0.0573050156235694,-0.4251478612422943,0.054047342389822,0.3492030799388885,0.9181999564170836,0.1869918406009674,0.0,-1.040836308646822,-0.6591233685690467,-1.106102709330079,0.6127479776485942,3.299146102214427e-15,7.402276820881684e-17,-4.069931700084584e-22,-2.0833282278671258e-23,8.093474947005816e-30,4.174741103597703e-31,0.1181194836689205,0.881764811220605,0.0001157051104744,31.77673721313477,-0.9107574331501692,-0.0465155179479016,0.1398646624183026,-0.9022410820358472,-0.1202326360597329,0.3721419039841076
1302.0,0.5492506965168082,0.1016618356745518,0.243450739114983,0.1056367286936568,3.5894418858493308e-12,0.6575115338834545,0.1282104931395576,0.2142779729769877,0.3152559515055895,0.589211528177424,0.0955325203169866,0.0174135926937703,0.009166140853246,0.0013238357132196,0.0454751500789657,0.8977689978010611,0.028852282859737,0.3611386679533224,0.0599003255551248,0.2185625260691859,0.4432415664811686,0.0416270321444061,mixed_higher_order,-8.578154022974332e-32,1.8774099504098963e-30,-4.9244209463532967e-32,8.28430643761417e-31,-9.021504009339067e-32,1.0690751431605222e-30,1.6453830680229358e-22,3.314841484741028e-23,2.1935822521351176e-22,6.733987496340168e-23,7.57767762595241e-23,-5.286574886975097e-23,-2.193849296452247e-37,4.068357771410441e-37,1.6815198843135727e-37,-2.9014323198382264e-37,5.123297334393068e-38,-1.1669254515722151e-37,-2.324312782131075e-37,4.742784442060434e-37,3.115595803643539e-37,-2.325991397607092e-36,-4.995968473699952e-38,4.177277546628164e-37,7.619360312775559e-29,7.172053350591394e-30,5.651159645809472e-30,-8.018890128003292e-30,-8.18447621197052e-29,8.468389024564119e-31,4.468842705606837e-28,3.358376410481756e-29,-8.132112499707125e-29,-1.589899039488653e-28,-5.1302046562820494e-30,-1.2467063382179237e-29,-9.68991966148891e-38,1.457634436349109e-38,4.0509591280858655e-39,1.4632411116958585e-37,3.1726645675418303e-37,2.4387825215499873e-38,0.0115575995296239,0.1636251509189605,-0.8366187810897827,-0.0732878521084785,-0.2834963798522949,0.0641513839364051,-0.4233351647853851,0.0622392371296882,0.350054383277893,0.9178757071495056,0.1869918406009674,0.0,-1.0496826807947766,-0.6775823582954067,-1.0969716552720172,0.6408174333537542,3.2988929164886205e-15,5.909302317617338e-17,-4.222047892226312e-22,-1.5095195948024552e-23,8.12123345194916e-30,3.675827695103112e-31,0.1113923655704525,0.8883884785211826,0.0002191559083648,32.44874572753906,-0.9095503537863706,-0.041558653850358,0.1214021493600878,-0.9063446379416272,-0.1088226342339315,0.3544874403403334
1303.0,0.5509506504742384,0.0961369746061059,0.244194673122306,0.1087177017973495,3.5832795457068638e-12,0.6534735601312398,0.1271801793928515,0.2193462604759085,0.3414095270990722,0.5540504521206554,0.1045400207802724,0.0177294455556965,0.0092489380812705,0.0013893341660695,0.0458578691839821,0.8960656322648355,0.0297087807481458,0.3600316830220229,0.0532647342460249,0.218814454167044,0.4432242214654109,0.0419666911477795,mixed_higher_order,-7.534913385072175e-32,1.876243327689417e-30,-3.323424948761639e-32,8.277229734948106e-31,-7.016575905037311e-32,1.0856379866728952e-30,1.6733590783608732e-22,2.980808503646522e-23,2.077944141809849e-22,6.086732419877902e-23,7.596752196373628e-23,-5.545301415527214e-23,-2.0801859284507444e-37,4.189800711700148e-37,1.625939840120676e-37,-2.961641136156019e-37,4.5424590661965e-38,-1.2281574637493036e-37,-2.240410830739354e-37,4.824867795491236e-37,2.643547510511415e-37,-2.336603907316011e-36,-3.916114592838544e-38,4.263785119149853e-37,7.542804530381597e-29,5.3977900598453634e-30,8.720214225217019e-30,-7.807851164248704e-30,-8.414826412012965e-29,2.4100609404356032e-30,4.555965067124579e-28,2.4768229300580575e-29,-8.495295481453293e-29,-1.576995845411983e-28,-5.927180561854586e-30,-1.2155354732709505e-29,-9.7601009414751e-38,1.4572636630253186e-38,7.33933397352322e-39,1.4620391607482273e-37,3.234150363167727e-37,1.851777319646864e-38,0.0179926063865423,0.1465778201818466,-0.8424551486968994,-0.0498862788081169,-0.2799656987190246,0.0710928589105606,-0.4212699830532074,0.0706557855010032,0.3509041368961334,0.9175512194633484,0.1869918406009674,0.0,-1.0595407493291558,-0.6955968110873831,-1.0868295422545422,0.6687901050677003,3.2986495938640112e-15,4.3619211907836046e-17,-4.372644425589087e-22,-8.699859358437592e-24,8.149834553545178e-30,3.153651977355707e-31,0.1052437783011513,0.8946799570256495,7.626467319910013e-05,33.15277099609375,-0.9082875496255142,-0.0364764415903127,0.1028502904867135,-0.9090829261220648,-0.0982873684595805,0.3355423689030648
1304.0,0.5528971925416631,0.090480287080835,0.2444720753727193,0.1121504450047825,3.5741481628775456e-12,0.6489516939842439,0.1261268785688725,0.2249214274468836,0.3717427472831326,0.5131267444463059,0.1151305082705615,0.018137754303504,0.0093522981986141,0.0014764822441528,0.0463113438474304,0.8940941777589885,0.0306279436473101,0.358803569699045,0.046427855146356,0.2185810592154049,0.4421655213130736,0.0423724193552743,mixed_higher_order,-6.470981920873037e-32,1.873918112047108e-30,-1.7381491720229602e-32,8.264393721597918e-31,-4.865286824220401e-32,1.1027990533771186e-30,1.7010965302164826e-22,2.6148020466298842e-23,1.947183413334388e-22,5.45111639807807e-23,7.620712718710818e-23,-5.801933546711453e-23,-1.957851787143892e-37,4.315530520572608e-37,1.564179572574115e-37,-3.0220439130076784e-37,3.9367242947936247e-38,-1.293486091781924e-37,-2.1523112689994885e-37,4.902795387918064e-37,2.1388826887300802e-37,-2.3429250956409643e-36,-2.7068887061803594e-38,4.345974123830025e-37,7.47184123016888e-29,3.542313575542546e-30,1.1889396664857437e-29,-7.68536782867072e-30,-8.660781422963976e-29,4.143055897844896e-30,4.646624422011096e-28,1.522232036761027e-29,-8.844847592375156e-29,-1.563071405602955e-28,-6.789344579002103e-30,-1.1849381364882221e-29,-9.835940565489597e-38,1.4590955287798775e-38,1.0535278419640882e-38,1.4600149465824417e-37,3.299001259977076e-37,1.218248812667675e-38,0.0239480473101139,0.1284347474575042,-0.8472741842269897,-0.0251207891851663,-0.2761234641075134,0.0776287019252777,-0.4192220866680145,0.0788745805621147,0.3517521917819977,0.9172264337539672,0.1869918406009674,0.0,-1.0705583195525945,-0.7140508889284094,-1.0746325065379947,0.6974574114846734,3.2970287916430104e-15,2.7753828661526306e-17,-4.527098325435036e-22,-1.2635847110450668e-24,8.174969017474595e-30,2.620460943134342e-31,0.0993393761177772,0.9004729547159303,0.0001876691662925,33.903472900390625,-0.906466238704752,-0.0313019368606901,0.0830881361106715,-0.9101447230811228,-0.0879560621241388,0.3141862561047431
1305.0,0.5551264821987305,0.084920837549998,0.2440918984249227,0.1158607818263486,3.5638562047241964e-12,0.6440615180874268,0.125060612372254,0.230877869540319,0.4057051565107682,0.4667203762768583,0.1275744672123734,0.01864147562319,0.0094947028574032,0.0015800172838274,0.0468794058978053,0.8917502487351634,0.0316541496026104,0.3575356048554473,0.039634285255081,0.2176690111346631,0.4397050154374368,0.0427717699928353,mixed_higher_order,-5.399631318197466e-32,1.8711110047501812e-30,-1.0216236729417368e-33,8.248530409741035e-31,-2.62422279905903e-32,1.1204402584384891e-30,1.7276302257884514e-22,2.234642549097223e-23,1.8038589038931817e-22,4.8695435237505756e-23,7.639158180298887e-23,-6.088345782698844e-23,-1.8316691814174441e-37,4.44177113087541e-37,1.502289629362969e-37,-3.082324415493706e-37,3.293796279627339e-38,-1.359446804853588e-37,-2.05895647335972e-37,4.978638493283485e-37,1.6280646633662693e-37,-2.3441224517050744e-36,-1.461881186344166e-38,4.424681700547422e-37,7.399089227414592e-29,1.7997130764166633e-30,1.5161399224468273e-29,-7.79085493722851e-30,-8.915229413824248e-29,5.9911418608118465e-30,4.739213946857294e-28,5.226841452987576e-30,-9.2076949475297e-29,-1.548054348115754e-28,-7.62777870234771e-30,-1.1506195086538376e-29,-9.9113930262149e-38,1.4647012940120086e-38,1.387199153759567e-38,1.4573159436690487e-37,3.3665378869522157e-37,5.52467986665564e-39,0.0290490761399269,0.1099569350481033,-0.8511391878128052,7.15619171387516e-05,-0.2720722556114197,0.084378570318222,-0.4168837666511535,0.087379902601242,0.3525988161563873,0.9169013500213624,0.1869918406009674,0.0,-1.0824862845211616,-0.7320969626244118,-1.0610838317642357,0.7259198238502251,3.294709104010585e-15,1.156990770422022e-17,-4.679801466445794e-22,6.91016658288274e-24,8.196630311142373e-30,2.07221865771599e-31,0.0940774317921889,0.9058652444276056,5.73237802053983e-05,34.70326232910156,-0.9044147933113024,-0.0260995014737611,0.0631477470755712,-0.9092148182147376,-0.0785119299797441,0.2908372073584401
1306.0,0.5574714774230765,0.0795601144536776,0.2431541070950008,0.119814301028245,3.552313299878645e-12,0.6389385648325902,0.123863927352675,0.237197507814735,0.4435490746337198,0.4149137945781224,0.1415371307881578,0.0192522006328905,0.0096620823944894,0.0017092814516138,0.0474847855691258,0.8891158606468116,0.0327757893050686,0.3561900257198041,0.033010588985045,0.2161921731995787,0.4361731800503692,0.0432234451117044,mixed_higher_order,-4.3173294484132576e-32,1.867696982905193e-30,1.5269076143936314e-32,8.22413916034452e-31,-2.663199693106759e-33,1.1382737952017672e-30,1.7532795843072097e-22,1.8365294523936112e-23,1.6487498298517045e-22,4.34406707588122e-23,7.656880839806501e-23,-6.367093758236423e-23,-1.697355589796917e-37,4.571666908663532e-37,1.4353226110320469e-37,-3.142431031655477e-37,2.620330376182921e-38,-1.429236638312884e-37,-1.961434795098524e-37,5.047812220757186e-37,1.1066093847555695e-37,-2.340753463798879e-36,-1.4842036428851595e-39,4.499202028759252e-37,7.324643000117011e-29,-2.5611724989445845e-32,1.8532112968757162e-29,-7.971148506534667e-30,-9.177854826538408e-29,7.996762631027969e-30,4.833212554085941e-28,-5.383786995069013e-30,-9.557908701266443e-29,-1.5306871588052686e-28,-8.533298974924416e-30,-1.1177887164055569e-29,-9.992405714484803e-38,1.4694351535078154e-38,1.716030608277751e-38,1.4525095764246808e-37,3.435892939212014e-37,-1.5513272549290613e-39,0.0333376228809356,0.0908342599868774,-0.8538775444030762,0.0258841533213853,-0.2675744593143463,0.0908695608377456,-0.4141753911972046,0.0957706198096275,0.3534435629844665,0.916576087474823,0.1869918406009674,0.0,-1.095581427868632,-0.7499881693167166,-1.0459863425888072,0.7542983339571043,3.291816422053411e-15,-4.725690390021138e-18,-4.831954739344454e-22,1.5968850720860484e-23,8.218072225121896e-30,1.517252589133005e-31,0.0892156282509246,0.91049011652107,0.0002942552280053,35.540706634521484,-0.9020733576529442,-0.0208521398667471,0.0428563548282766,-0.906518256505122,-0.0699860138936712,0.2656253379231766
1307.0,0.5601450349086357,0.0743202787639937,0.2412774508484731,0.1242572354788975,3.539021285238187e-12,0.6330585203861901,0.1227547296097626,0.2441867500040474,0.4861328247381598,0.3553507027144897,0.1585164725473505,0.0200243142444186,0.0098799781299622,0.0018716737470611,0.0484506179140728,0.8857380400503525,0.0340353759141325,0.3546045870009316,0.0264097632847219,0.2137086164228718,0.4307410327895301,0.0437119572981062,mixed_higher_order,-3.2272557729770664e-32,1.86311364947338e-30,3.1553196893201807e-32,8.199367347978653e-31,2.2159870529145548e-32,1.1570815783325109e-30,1.7774649951270273e-22,1.4208326226406542e-23,1.4744564970074397e-22,3.875077598614845e-23,7.706767555162446e-23,-6.654623249804147e-23,-1.5556564358501389e-37,4.7058098958311485e-37,1.3652595204750807e-37,-3.202541721055356e-37,1.9039688156321701e-38,-1.5032678277452073e-37,-1.8645962326199732e-37,5.122649803104644e-37,5.751609279610774e-38,-2.3301421498727227e-36,1.225267320162962e-38,4.567421505351685e-37,7.264743719668593e-29,-1.842283977039712e-30,2.1967234104192537e-29,-8.319548734990742e-30,-9.461468192426705e-29,1.0161830222173758e-29,4.932121460850132e-28,-1.6617399198829087e-29,-9.911198724111257e-29,-1.5131708215220406e-28,-9.4229967858549e-30,-1.0773921985130677e-29,-1.0077087089487778e-37,1.481499775831535e-38,2.048161089053655e-38,1.447626656742196e-37,3.5102810865649527e-37,-9.066560978509355e-39,0.0368069261312484,0.07123863697052,-0.8555502891540527,0.052444115281105,-0.2629834413528442,0.0973071977496147,-0.4114708304405212,0.1042162477970123,0.3542869687080383,0.9162504076957704,0.1869918406009674,0.0,-1.1095330088720154,-0.7675559912398309,-1.0290875940941229,0.7826699418993223,3.287444773629947e-15,-2.151220319416165e-17,-4.983258494545453e-22,2.589554377928244e-23,8.233547528687179e-30,9.444573625320136e-32,0.0850586743683162,0.9148859531075016,5.537252418230665e-05,36.45735549926758,-0.899171174724237,-0.0155752997963575,0.0222405454726787,-0.9010283891460148,-0.0623824933846972,0.2373636922870114
1308.0,0.5629967172353729,0.0694113393797943,0.2385277484785676,0.129064194906265,3.5248816508975333e-12,0.6267568829180848,0.1215272254112673,0.2517158916706478,0.532500275768307,0.2897167244999929,0.1777829997316999,0.0209574921636886,0.010147526391694,0.0020690036177402,0.0494604765708751,0.8819376239246697,0.0354278773313321,0.3528620675875567,0.0201096258882713,0.2103665957332892,0.4236752030275977,0.044233406710691,mixed_higher_order,-2.137779662992844e-32,1.8578089441242865e-30,4.8034741555889416e-32,8.167086858269027e-31,4.867611721095321e-32,1.1764246707748581e-30,1.800038487997665e-22,9.789822225569509e-24,1.2832726719677917e-22,3.482578931438576e-23,7.744189715074761e-23,-6.965936039647337e-23,-1.4072033510364652e-37,4.842639143379804e-37,1.2928376912284612e-37,-3.262258687137951e-37,1.1436567283996695e-38,-1.5803806233096662e-37,-1.7622240147251468e-37,5.186913493320696e-37,3.203996990480555e-39,-2.313229843677161e-36,2.697958456889591e-38,4.628457302155506e-37,7.211984251142685e-29,-3.655416364860394e-30,2.5457198826307174e-29,-8.894997779949311e-30,-9.757704400171857e-29,1.2550414810805843e-29,5.033519093580349e-28,-2.871112275023283e-29,-1.025964064683018e-28,-1.4939832060151095e-28,-1.037979820459391e-29,-1.0371086975127917e-29,-1.016568466476969e-37,1.4950590559960282e-38,2.38155977877625e-38,1.4416409276359062e-37,3.5879604295976287e-37,-1.718020824002892e-38,0.039326287806034,0.0508276522159576,-0.855862021446228,0.079903669655323,-0.2580212652683258,0.103559210896492,-0.40857994556427,0.1126483902335167,0.3551287055015564,0.9159244298934937,0.1869918406009674,0.0,-1.12493840754042,-0.7850632281883545,-1.0102043803299987,0.8110304561160103,3.282264270196408e-15,-3.837818327374304e-17,-5.134547186631237e-22,3.694334129995871e-23,8.24760413797384e-30,3.6497000361616687e-32,0.0814294906345612,0.9185116279179152,5.888144752375091e-05,37.43827438354492,-0.8959255488698197,-0.010309410039106,0.0012370402923179,-0.8931214762445091,-0.0560210361880974,0.2064282424341433
1309.0,0.5660037825680331,0.0649732784701125,0.2346614427696991,0.1343614961921553,3.510043502656817e-12,0.6197364447789198,0.1202998519775068,0.2599637032435734,0.5814463009497716,0.2190044377366326,0.1995492613135959,0.0221108458290965,0.0104768898208537,0.0023159781077696,0.0507644119154836,0.87733924658475,0.0369926277420463,0.3507731719401335,0.0142294363192526,0.2058776934020582,0.4145934179185331,0.0448295016222951,mixed_higher_order,-1.0267555922335167e-32,1.851320471157617e-30,6.446694512765586e-32,8.131237337159168e-31,7.674687607170452e-32,1.1966019251493113e-30,1.8207296885811835e-22,5.1330845833177805e-24,1.071875376999147e-22,3.173436668070696e-23,7.807216769691367e-23,-7.273841004701633e-23,-1.2512002414901793e-37,4.983996650735438e-37,1.217018161535805e-37,-3.3212678270981447e-37,3.418181436566205e-39,-1.6627304158569752e-37,-1.6610497298617462e-37,5.249136848540013e-37,-5.169391964162057e-38,-2.288254654916787e-36,4.2383322805278387e-38,4.680754241533883e-37,7.16000403875596e-29,-5.422150788813349e-30,2.912474032854804e-29,-9.694109370795049e-30,-1.0072478071610764e-28,1.5116260827643558e-29,5.139475158421885e-28,-4.1501625454334426e-29,-1.060444034728514e-28,-1.4733604142750432e-28,-1.1405390987867637e-29,-9.907311455660776e-30,-1.0262256313884815e-37,1.515317008592347e-38,2.7142957571010917e-38,1.4344822704271134e-37,3.67042976971163e-37,-2.584952197324383e-38,0.0408350341022014,0.0299365073442459,-0.854720950126648,0.1080768629908561,-0.2527675628662109,0.1096191108226776,-0.4053982198238373,0.1211872547864914,0.3559688627719879,0.9155982732772828,0.1869918406009674,0.0,-1.1415216036143654,-0.8020386445873714,-0.9893266730481663,0.8392929685184161,3.27583560564728e-15,-5.592046983392689e-17,-5.2840198441529515e-22,4.902903824066421e-23,8.259166253186364e-30,-2.4148470891304583e-32,0.0784714847769784,0.9212625782583664,0.0002659369646552,38.50368881225586,-0.8921144479262098,-0.0049477306203382,-0.0199281693081636,-0.8821293974129314,-0.0510091518167739,0.1722909878244126
1310.0,0.5690414720196548,0.0613046873293337,0.2295502202824236,0.1401036203685878,3.496388204750292e-12,0.6120498417409359,0.119024629054529,0.2689255292045351,0.6285534848266161,0.1479425904622216,0.2235039247111621,0.0235182004175562,0.0108870989341524,0.0026180742017384,0.0523056338194379,0.8719341010477554,0.0387368915793595,0.3482817428936589,0.0090695742509781,0.2001526649672693,0.4033980501767276,0.0454546529906988,mixed_higher_order,6.2848941649076615e-34,1.8439846384403204e-30,8.101265229396026e-32,8.091263450674083e-31,1.0653607359159071e-31,1.217654315520058e-30,1.8387814404385748e-22,2.848041803278489e-25,8.406377329372435e-23,2.9856897095095745e-23,7.866480122125354e-23,-7.638461309273782e-23,-1.0855437337029477e-37,5.1298228803598695e-37,1.138045498755294e-37,-3.38115373143166e-37,-5.250175111697999e-39,-1.7486713626453809e-37,-1.5492518729379623e-37,5.3078482478636046e-37,-1.0568371887585265e-37,-2.255087071909705e-36,5.839604059299045e-38,4.722424111471284e-37,7.120692172471137e-29,-7.277546912225455e-30,3.2836828545864767e-29,-1.0679773149819914e-29,-1.0404374490994527e-28,1.7957320062045368e-29,5.249339461897317e-28,-5.52534644511454e-29,-1.09429913831683e-28,-1.4517272429366663e-28,-1.2446803266186869e-29,-9.394581999606368e-30,-1.0363209068457308e-37,1.5411883206135923e-38,3.046583272126807e-38,1.4266086465175563e-37,3.7577479238827217e-37,-3.517573259474985e-38,0.0412585362792015,0.0086372150108218,-0.8522601127624512,0.1368680000305175,-0.2473758310079574,0.1154765412211418,-0.4021252393722534,0.1297353953123092,0.3568074107170105,0.915271818637848,0.1869918406009674,0.0,-1.1593134270479817,-0.8185893530673379,-0.9666205982681972,0.8671289973710791,3.2684418067420538e-15,-7.346234003594791e-17,-5.430957314693196e-22,6.211111025322291e-23,8.267222675932222e-30,-8.517932141080216e-32,0.0763065016383209,0.923616130175253,7.736818642600785e-05,39.66783905029297,-0.8879011513760078,0.0003026253391144,-0.0406792305699388,-0.8680164544669849,-0.0479547121793789,0.1350191897092777
1311.0,0.5720190610660261,0.0586526750896271,0.2229056431950147,0.1464226206493322,3.483897994359112e-12,0.603482212585858,0.1176563313493827,0.2788614560647593,0.6697631942704488,0.0828920066643852,0.2473447990651659,0.0252652142756021,0.0113889883629387,0.0030017183366434,0.0542457821490171,0.865275728199926,0.0408225686758725,0.3452033286134104,0.0048618379344133,0.1928748427354392,0.3896821948198778,0.0461399448262509,mixed_higher_order,1.1167621519404162e-32,1.8353001541324505e-30,9.771666649064626e-32,8.04470487688621e-31,1.384295693664478e-31,1.2399015271941409e-30,1.8554897774204944e-22,-4.7846453091006356e-24,5.835166474952743e-23,2.930677076010589e-23,7.955329498952428e-23,-7.996379565392035e-23,-9.071936146890952e-38,5.280770848743069e-37,1.053570272994525e-37,-3.439709696665662e-37,-1.4637659502385484e-38,-1.841061377030216e-37,-1.436877912790247e-37,5.3624482165664464e-37,-1.588831212654661e-37,-2.211546135271801e-36,7.5153179853996e-38,4.757004321687746e-37,7.094031002717602e-29,-9.209598423476445e-30,3.6669200446565307e-29,-1.185983580932566e-29,-1.0760950778523235e-28,2.1069433560674858e-29,5.365008719701458e-28,-7.00041389370642e-29,-1.1280858947338703e-28,-1.4280997308568212e-28,-1.3583043707733685e-29,-8.831811829644453e-30,-1.047150356218483e-37,1.5713104997265987e-38,3.3827701873124283e-38,1.4171406649020463e-37,3.851491161107882e-37,-4.5288175763530515e-38,0.0405072160065174,-0.01339269336313,-0.8481730222702026,0.1661774516105651,-0.2415579706430435,0.1212404072284698,-0.3985079526901245,0.1384050995111465,0.3576444089412689,0.9149450659751892,0.1869918406009674,0.0,-1.1783729114161154,-0.8347978315533374,-0.941667729159526,0.8944360491869359,3.2595394865338306e-15,-9.072403688661971e-17,-5.575289036626845e-22,7.634572418072326e-23,8.271174854036283e-30,-1.4629038749180095e-31,0.0748696883102281,0.9249769810587164,0.0001533306310556,40.9547233581543,-0.883045385542221,0.0053732446041521,-0.0610632075853169,-0.8499587600433168,-0.0470352209690104,0.0936501488980059
1312.0,0.5746543632119984,0.0573580148174067,0.2148186366181938,0.153168985352401,3.4747964679653617e-12,0.594077509633077,0.1162960048247294,0.2896264855421935,0.6951043111456129,0.036759589218585,0.2681360996358021,0.0274154854469355,0.0120041496763713,0.0034814029083935,0.0565918755766788,0.8574013314904657,0.043105754901155,0.3413892329967657,0.0021084570630813,0.1841857850654058,0.3738223362952942,0.0468435741983472,mixed_higher_order,2.1743343905494154e-32,1.8254334900978223e-30,1.1444044546904412e-31,7.995657865236978e-31,1.7248180080928961e-31,1.26293645063068e-30,1.8676159145974156e-22,-1.0043626055282488e-23,3.051012597505118e-23,3.031566605987488e-23,8.043298171258142e-23,-8.381137496038257e-23,-7.196341240462534e-38,5.437253378642504e-37,9.65923098014429e-38,-3.498360560240503e-37,-2.462892894126592e-38,-1.938892818402001e-37,-1.32417322349888e-37,5.412415151685887e-37,-2.103026354189104e-37,-2.158630121757597e-36,9.23211887371753e-38,4.7745722463825895e-37,7.078981863874019e-29,-1.1104000071949257e-29,4.0540372214718926e-29,-1.3360893543557036e-29,-1.1133019085345915e-28,2.446489563804727e-29,5.4841559889376545e-28,-8.578842158901178e-29,-1.161133222749955e-28,-1.404002316105487e-28,-1.4718967783471557e-29,-8.218645814177639e-30,-1.0582454188906122e-37,1.60983734609248e-38,3.719020493380504e-38,1.407400610123013e-37,3.950021562373152e-37,-5.622680698485225e-38,0.0385887548327446,-0.0356495268642902,-0.8423433303833008,0.1961184442043304,-0.235689029097557,0.1267606168985366,-0.3947807848453522,0.1471656858921051,0.3584797978401184,0.9146180748939514,0.1869918406009674,0.0,-1.1986313039743106,-0.8501823370487581,-0.914517865603324,0.921252807709845,3.249100459374888e-15,-1.0850428321569327e-16,-5.7155795363353925e-22,9.169703939308196e-23,8.271016560276307e-30,-2.093875980785417e-31,0.0743775531986361,0.9255143375855638,0.0001081092158,42.36064529418945,-0.8776286555312947,0.0104537260776949,-0.0807019965165699,-0.828357477402206,-0.0486173398802342,0.048929195927551
1313.0,0.5768625618479962,0.0580360124180352,0.204353285530778,0.1607481402031905,3.470201797065473e-12,0.5831786333217175,0.1148448592144321,0.3019765074638504,0.6947198351888756,0.0219269504325666,0.2833532143785577,0.0302773905919195,0.0128215196247621,0.0041301820343671,0.0596395213327714,0.847215419700005,0.0459159667161747,0.3364139204329792,0.001272552767594,0.1731312545680331,0.3542495198095822,0.0476241563475303,mixed_higher_order,3.1961474585200563e-32,1.8134931217153943e-30,1.318075769112765e-31,7.940277310790374e-31,2.101617445385136e-31,1.288144719274645e-30,1.875920107435051e-22,-1.565151639006226e-23,-1.4672646644253758e-24,3.341077784919678e-23,8.166174623000611e-23,-8.822936575044151e-23,-5.111529225148889e-38,5.607574518060597e-37,8.708592818512157e-38,-3.5592367767561705e-37,-3.5970622330519607e-38,-2.0483396219226817e-37,-1.2014122016864513e-37,5.457430961317063e-37,-2.601564261892688e-37,-2.090046559334139e-36,1.105637736053665e-37,4.7769160730967104e-37,7.089441163141902e-29,-1.319497833626323e-29,4.4585941650408466e-29,-1.5156283881192846e-29,-1.1548034787192267e-28,2.8351263569932276e-29,5.6135977020407215e-28,-1.0336481190400374e-28,-1.195174677123858e-28,-1.3778609959728995e-28,-1.598957016982498e-29,-7.554775885393525e-30,-1.070411021614897e-37,1.655094579654364e-38,4.070081992527586e-38,1.3962341039200682e-37,4.059652444162373e-37,-6.850989608177551e-38,0.0352091416716575,-0.059099830687046,-0.8343651294708252,0.2273564636707306,-0.2293980568647384,0.1323590278625488,-0.3907022774219513,0.1562956124544143,0.3593136072158813,0.9142908453941344,0.1869918406009674,0.0,-1.2207581747954448,-0.8654077467929515,-0.8839902033071941,0.9478168683703434,3.2363227484663944e-15,-1.2614435080765492e-16,-5.854733892474919e-22,1.0876491061923006e-22,8.263297583845209e-30,-2.726462278584786e-31,0.0748748543945291,0.924932718904927,0.0001924267005438,43.98112106323242,-0.8712239438901195,0.0153546774494093,-0.0996809893554909,-0.8008178459597113,-0.0535401734423944,-0.0023512653603519
1314.0,0.5780209579813586,0.0612914198464978,0.1919996263015224,0.168687995870621,3.474963393990864e-12,0.5711556731285093,0.1133737839615289,0.3154705429099617,0.6619577542567173,0.0515411743447542,0.2865010713985285,0.0338748604252537,0.0138303020133723,0.0049666883464091,0.0635009328090837,0.8346373592509462,0.0491898571549348,0.3301399493382286,0.0031590317561458,0.1602500610734712,0.3321672400461897,0.0484374655213837,mixed_higher_order,4.1984965743794536e-32,1.8002647147242483e-30,1.4874514529068701e-31,7.8838471591945095e-31,2.5002690248428046e-31,1.314746820798576e-30,1.8803543935165744e-22,-2.1426453893668602e-23,-3.618221277307838e-23,3.84652540368026e-23,8.323708389776654e-23,-9.25918223992026e-23,-2.9394357083575247e-38,5.782826256542254e-37,7.732054328283357e-38,-3.618097447267424e-37,-4.792615641125434e-38,-2.164731986222808e-37,-1.086738565224681e-37,5.499442947007821e-37,-3.066108205648672e-37,-2.009074819514768e-36,1.2911124176444975e-37,4.761905349468796e-37,7.103835566493819e-29,-1.5330148181960877e-29,4.88193989012115e-29,-1.7206722384609017e-29,-1.1985775456614966e-28,3.2536869209968706e-29,5.749093907033095e-28,-1.220059054023868e-28,-1.2273852430354216e-28,-1.351278527968854e-28,-1.7281357155118538e-29,-6.767832314953304e-30,-1.0832304787404635e-37,1.7128337163063942e-38,4.409998812433227e-38,1.3846383559947965e-37,4.17670193638859e-37,-8.167070777615315e-38,0.0304392706602811,-0.0825237035751342,-0.8244813680648804,0.2588408887386322,-0.2230759114027023,0.1374638080596923,-0.3865492343902588,0.165375143289566,0.3601459562778473,0.9139633178710938,0.1869918406009674,0.0,-1.2440475581209596,-0.8794624661940412,-0.8513434121712953,0.9734713433676152,3.2220855107798157e-15,-1.4420067494438512e-16,-5.987353895393486e-22,1.2691821527155585e-22,8.25278770311421e-30,-3.384527140178444e-31,0.0763958716245047,0.9235373805948814,6.674778061377395e-05,45.79240417480469,-0.8642106623233965,0.020154733221346,-0.1173016121597511,-0.7686216515270861,-0.0615929709493467,-0.0579372224627206
1315.0,0.5775853535054805,0.068128148865153,0.1771232098228738,0.1771632878064927,3.4928594350456976e-12,0.5574971216125645,0.1117381597254599,0.3307647186619756,0.5950833372830462,0.1288314498230261,0.2760852128939275,0.0386690385086981,0.0151450571522078,0.0061162536747457,0.0683561457732706,0.8184925713746771,0.0532209335164005,0.3220021720648808,0.0087770481920566,0.1449740314580604,0.3066615327897042,0.0493219168652725,mixed_higher_order,5.131070058516736e-32,1.7849730138770192e-30,1.6612436696326384e-31,7.819977612356312e-31,2.9422035693390465e-31,1.3436279758602476e-30,1.879650519092179e-22,-2.743481343438251e-23,-7.507532547265251e-23,4.664259347303057e-23,8.501810011743024e-23,-9.753282436532698e-23,-5.3223269317928523e-39,5.970631826688343e-37,6.670810284795044e-38,-3.676700721252301e-37,-6.138574301824844e-38,-2.293930166514313e-37,-9.65587982130734e-38,5.529776645562533e-37,-3.4751136157834133e-37,-1.9111043337860788e-36,1.482168872416284e-37,4.72619730699637e-37,7.146670355496345e-29,-1.7633541061745759e-29,5.318737643704365e-29,-1.9678983818156992e-29,-1.246540799920071e-28,3.7312520797696013e-29,5.894892029897775e-28,-1.427328455712561e-28,-1.259415100252483e-28,-1.3229133362484476e-28,-1.8749167342073042e-29,-5.9041568430295385e-30,-1.0972657493911205e-37,1.7805163614710406e-38,4.756901805326624e-38,1.371757178650384e-37,4.305412680801923e-37,-9.650557581744105e-38,0.0240637362003326,-0.1067539900541305,-0.8121217489242554,0.2911206483840942,-0.2164323925971985,0.142434760928154,-0.3820455074310303,0.1747373789548874,0.3609766662120819,0.9136354327201844,0.1869918406009674,0.0,-1.269138638474791,-0.8929559495620625,-0.8154352310576474,0.998279332699105,3.205613277786169e-15,-1.6182805009255312e-16,-6.11560190227976e-22,1.467351240932347e-22,8.237320670883816e-30,-4.042063846424903e-31,0.0791061194784048,0.920784888343624,0.0001089921779711,47.891483306884766,-0.8562183236944401,0.0246127878130745,-0.132747006512323,-0.7300290220457665,-0.0746302421594189,-0.1201238889827368
1316.0,0.5746941278749982,0.0797883764977675,0.1595596952089329,0.1859578004183013,3.5304284936067666e-12,0.5419351768662373,0.1100368215205253,0.3480280016132374,0.5025888104193653,0.2435026321221619,0.2539085574584727,0.0452321370598094,0.0169295819028087,0.0077268366342804,0.0749744028398943,0.7968769248359018,0.0582601167273053,0.3114469638339251,0.0194286796899604,0.1271494392458482,0.2776428146202301,0.050259338445455,mixed_higher_order,5.978010408118715e-32,1.7672939050574095e-30,1.8409246270399798e-31,7.752479063108837e-31,3.432345265106325e-31,1.3748709638382537e-30,1.87220011087171e-22,-3.366423573788731e-23,-1.1876012841353202e-22,5.854364618267191e-23,8.731443489806392e-23,-1.0323132187560864e-22,2.1272842177172159e-38,6.1724711900903255e-37,5.539200539816168e-38,-3.7376511350370818e-37,-7.666491428666387e-38,-2.4348218671008987e-37,-8.373623427356219e-38,5.5598657177619765e-37,-3.811879261709826e-37,-1.7929757160967142e-36,1.676117119771522e-37,4.664360897423325e-37,7.22930880076124e-29,-2.017266128775916e-29,5.761861963876769e-29,-2.2590610701392242e-29,-1.2991169126782702e-28,4.2763269259392556e-29,6.051844355466744e-28,-1.657845987852141e-28,-1.291494770833146e-28,-1.2933458749030022e-28,-2.0318531411307957e-29,-4.8918080418871014e-30,-1.1123666345852044e-37,1.8650109753671143e-38,5.112570069437739e-38,1.358222042301345e-37,4.446788366901838e-37,-1.1323372247389076e-37,0.0157654378563165,-0.1316236704587936,-0.7969518899917603,0.3242067098617553,-0.2096610516309738,0.1472774296998977,-0.3772655427455902,0.1845074146986007,0.3618057668209076,0.91330748796463,0.1869918406009674,0.0,-1.2961220010214256,-0.9054786760838616,-0.7758366835837335,1.0219229507587475,3.1863642979723344e-15,-1.7917311664724155e-16,-6.237111412878019e-22,1.683873729653341e-22,8.213609029910299e-30,-4.707849220997603e-31,0.0832217375258606,0.9166145815027094,0.0001636809714299,50.34469604492188,-0.8470938065281781,0.0286536131742832,-0.1453900184601222,-0.6838641902443763,-0.09360128074996,-0.1898771403279375
1317.0,0.5683100407604913,0.0976018184105637,0.1393263130303793,0.1947618277985655,3.59742968777435e-12,0.5241130051597084,0.1081293279934123,0.3677576668468794,0.4011369032066875,0.3757242720062974,0.2231388247870152,0.0545464719346795,0.019408884926732,0.0100807283752803,0.0838600442771453,0.7672385955361956,0.0648652749499672,0.2978586833254174,0.0366713721687999,0.1068965247306646,0.2451589854790144,0.0512320941849856,mixed_higher_order,6.717930470119041e-32,1.7469944707362277e-30,2.0260394722895893e-31,7.678126307161715e-31,3.976621290293837e-31,1.4094468139607262e-30,1.8574727314596316e-22,-4.007744776578465e-23,-1.6795875090907146e-22,7.490391718967081e-23,8.984199728484411e-23,-1.096093445779442e-22,5.054785697885289e-38,6.392195513632629e-37,4.3300455292193836e-38,-3.800316507340507e-37,-9.384825358373972e-38,-2.59187847680466e-37,-7.053803955317845e-38,5.577469681824604e-37,-4.0477279396000324e-37,-1.6515988250449402e-36,1.8740894627059465e-37,4.575439172752225e-37,7.33467496387943e-29,-2.3018502783138158e-29,6.234870191174552e-29,-2.595286288240533e-29,-1.3569545702667072e-28,4.8971368403608925e-29,6.222928830615094e-28,-1.9147166830135546e-28,-1.323833068709259e-28,-1.2620020747365082e-28,-2.2051908180213065e-29,-3.7653396895284895e-30,-1.1287587840720123e-37,1.9638791315201143e-38,5.48097837636841e-38,1.3434005753874917e-37,4.6045887318826884e-37,-1.3212503509452003e-37,0.0055601974017918,-0.1569487750530243,-0.7788419723510742,0.3578733205795288,-0.2025333791971206,0.152099996805191,-0.3721231818199157,0.1946354806423187,0.3626334071159363,0.9129791855812072,0.1869918406009674,0.0,-1.324845029095709,-0.9169547276348052,-0.7325716774013339,1.044062357133579,3.1641523302749247e-15,-1.9581782164194647e-16,-6.350517388846677e-22,1.9182149569760088e-22,8.182159667605589e-30,-5.360449770462202e-31,0.0888180125029355,0.9110267642509742,0.0001552232460902,53.264949798583984,-0.8367281332842341,0.0321757253154162,-0.1541512314965951,-0.6289849432028883,-0.1196676240488485,-0.268333425187977
1318.0,0.5571062620864572,0.1229712420951194,0.1169550761129657,0.2029674197054577,3.706540534939842e-12,0.5036937431559901,0.1060935833594087,0.3902126734846011,0.3051735802650851,0.5048448115977604,0.1899816081371544,0.0681951477474741,0.0229051559609162,0.0136760825527345,0.0963850794935745,0.7253668245307549,0.0734717097145455,0.2806109384859697,0.0620813935474531,0.0848353321728146,0.2099331565129947,0.0522405349371506,mixed_higher_order,7.32337254851094e-32,1.7235161213206893e-30,2.213194372011112e-31,7.601505010589024e-31,4.586448277243955e-31,1.4474318170418808e-30,1.8329027080385697e-22,-4.661793920280117e-23,-2.2322959389977365e-22,9.664377705317399e-23,9.320455871274026e-23,-1.1653382243490424e-22,8.320586803174562e-38,6.6309342794812015e-37,3.0184898919554995e-38,-3.861305259933106e-37,-1.1339084016263229e-37,-2.7696281867046057e-37,-5.798156428829456e-38,5.587981597616562e-37,-4.157322414590579e-37,-1.4840528119292926e-36,2.068377455186657e-37,4.447522232116536e-37,7.480304503046604e-29,-2.6140061593848464e-29,6.727065027871947e-29,-2.991461074473369e-29,-1.4207368432362152e-28,5.605467508497313e-29,6.408460383203177e-28,-2.201805608206018e-28,-1.354807420463196e-28,-1.2299782373047183e-28,-2.3958279153388285e-29,-2.4476814937948977e-30,-1.1465741327090865e-37,2.0844793883164294e-38,5.849277477960473e-38,1.3279754554020166e-37,4.779820710026057e-37,-1.5362986877231327e-37,-0.0068914187140762,-0.1827818602323532,-0.7572355270385742,0.3920294344425201,-0.1954502463340759,0.1565096378326416,-0.3666658997535705,0.2051412761211395,0.3634594082832336,0.9126506447792052,0.1869918406009674,0.0,-1.3554663614147326,-0.9270510164454052,-0.6850063647347109,1.064355061989695,3.1382450756485448e-15,-2.1176946446856251e-16,-6.4536121014373365e-22,2.1729812788584465e-22,8.140912407724258e-30,-6.019097635201311e-31,0.0961527656084478,0.9036195460894144,0.0002276883021377,56.7567138671875,-0.8248567939140371,0.0350488952570628,-0.1580848022564051,-0.5643204253019396,-0.1542824041057107,-0.3563643667967289
1319.0,0.5391963240119153,0.1579504081263696,0.092883667210899,0.2099696006508159,3.88231368099354e-12,0.4800206980402729,0.1037489986132184,0.4162303033465087,0.2222878299020561,0.6198772017407777,0.1578349683571661,0.0895615524878122,0.028224886255304,0.0195151572860997,0.1148083152262733,0.6622955731485208,0.0855945155959898,0.2588253958329488,0.0979098570031878,0.0615164416115788,0.1722631684871176,0.0532331123676825,mixed_higher_order,7.744995422520188e-32,1.6963901410559823e-30,2.408683985969482e-31,7.518360703540665e-31,5.2949222867294824e-31,1.4900179106633037e-30,1.7976043071660512e-22,-5.333289582364947e-23,-2.864961287376727e-22,1.2634477002366777e-22,9.705170039044554e-23,-1.2467948792257442e-22,1.2077985607407826e-37,6.896036318579212e-37,1.578751227898553e-38,-3.927038081438141e-37,-1.3656736618800175e-37,-2.968996408513597e-37,-4.519863427466837e-38,5.586691081669581e-37,-4.0700900412263114e-37,-1.2832017285031405e-36,2.262711133782706e-37,4.278045231461144e-37,7.69047556239161e-29,-2.9932675071937445e-29,7.234830739098243e-29,-3.45637876561424e-29,-1.4925304648648546e-28,6.449646272807985e-29,6.615237721719733e-28,-2.535426829130404e-28,-1.3862083625409138e-28,-1.196299981764351e-28,-2.6016292389558337e-29,-7.983729691510007e-31,-1.1658595662913344e-37,2.2379627047112394e-38,6.235457480732627e-38,1.311573859892695e-37,4.978269135491825e-37,-1.7906936882421758e-37,-0.0220965631306171,-0.2093527913093567,-0.7313390970230103,0.4273466467857361,-0.1880626529455185,0.1608102917671203,-0.3608138561248779,0.216226652264595,0.3642839789390564,0.9123218059539796,0.1869918406009674,0.0,-1.3888215445390475,-0.9357797125841106,-0.6319174746067266,1.082794597963918,3.108046502226508e-15,-2.2699493977465485e-16,-6.54639172764581e-22,2.4548889477724826e-22,8.088301934630651e-30,-6.679056853279097e-31,0.1055443607023373,0.8944226352747029,3.300402295980387e-05,61.11271286010742,-0.8112590605913396,0.0370386360937392,-0.1545331509432905,-0.4872059448142345,-0.2015442381275795,-0.4570164952781079
1320.0,0.5132077553299125,0.203364758834935,0.0688471581915579,0.2145803276435945,4.154734180585994e-12,0.4526792332801889,0.1011009013410163,0.4462198653787946,0.1561539233362633,0.713569351429242,0.1302767252344946,0.1247323890537978,0.0365799905040336,0.0295879982925399,0.1429581919514476,0.5632746697471513,0.1028667604510295,0.2323184931961915,0.1451148590654087,0.0387798602933796,0.1341506582403454,0.0542219791905051,mixed_higher_order,7.912974708902306e-32,1.6649876391095916e-30,2.6212467420997763e-31,7.428497177436577e-31,6.1087019197309545e-31,1.538062673431252e-30,1.747590806329029e-22,-5.994442529261025e-23,-3.5866908975273064e-22,1.6534014828634968e-22,1.0174299985707808e-22,-1.346323584883499e-22,1.6385978760838735e-37,7.190911720424819e-37,-6.93055675954624e-41,-3.99400424010288e-37,-1.6379050262660778e-37,-3.196907610172865e-37,-3.096742000698168e-38,5.574516115900231e-37,-3.7312293920362618e-37,-1.0435343804064862e-36,2.4431083113996463e-37,4.057174777833255e-37,7.950219517464751e-29,-3.428658571779443e-29,7.78086586234058e-29,-4.0117981876216576e-29,-1.5731085379805335e-28,7.440455930471391e-29,6.8445968303511845e-28,-2.9185209164397173e-28,-1.4190422255847203e-28,-1.1600611536325832e-28,-2.839353653076807e-29,1.0799741789428208e-30,-1.1875326983728232e-37,2.420889660924578e-38,6.653462689268226e-38,1.293354367952971e-37,5.203757197560098e-37,-2.088054233781569e-37,-0.0402947813272476,-0.2362878620624542,-0.7007129192352295,0.462806224822998,-0.1804359406232834,0.165407583117485,-0.3540801703929901,0.2283442020416259,0.365106850862503,0.9119927883148192,0.1869918406009674,0.0,-1.4245829340629137,-0.9426000894725176,-0.5733795940761174,1.0980683055899405,3.0731824666418707e-15,-2.403123294669306e-16,-6.622810176537528e-22,2.7626896049714146e-22,8.024627720604508e-30,-7.314257256749811e-31,0.1173724203816328,0.8827020385896285,7.44589712613486e-05,66.56995391845703,-0.7956383323934205,0.0378132897432756,-0.1414527260180663,-0.3956089730562371,-0.2635495655793181,-0.5717128221474185
1321.0,0.4769243775758531,0.2608217248353319,0.0466695403790176,0.2155843572097973,4.584814360392843e-12,0.4203107316212662,0.0979718357009515,0.4817174326777821,0.1049675710265686,0.7884828341841918,0.1065495947892395,0.1870871247766334,0.0505104947698983,0.0484973577038688,0.188295099476851,0.3978722105998036,0.1277377126729447,0.2004564340669238,0.2056534528149719,0.0185685131982765,0.097855221023159,0.0551419673033564,mixed_higher_order,7.689915754749715e-32,1.6271650872556042e-30,2.8466541901990382e-31,7.331429868360288e-31,7.097585221951986e-31,1.5929551584465015e-30,1.6777462679551628e-22,-6.651523553552279e-23,-4.434944402813801e-22,2.190608442403836e-22,1.0782102431580403e-22,-1.4641771818012768e-22,2.1591922682020483e-37,7.526342146858454e-37,-1.825916312072473e-38,-4.064333994078552e-37,-1.97660139757882e-37,-3.462007790639756e-37,-1.8023208611439927e-38,5.551523221022548e-37,-2.998292949431828e-37,-7.496736300025978e-37,2.6063092206124842e-37,3.759893773968496e-37,8.288111214553511e-29,-3.97809845914358e-29,8.370791161480433e-29,-4.6928272508314266e-29,-1.6658901267441314e-28,8.670925987123163e-29,7.104015888179706e-28,-3.383213630268729e-28,-1.4517596956067231e-28,-1.1223451648614203e-28,-3.1090904340854056e-29,3.4990848682482084e-30,-1.2116452625080485e-37,2.659752058586909e-38,7.094456598919309e-38,1.2740594193500274e-37,5.464724619052342e-37,-2.4561058107150887e-37,-0.062829203903675,-0.2643055021762848,-0.6628988981246948,0.4994642436504364,-0.1727228462696075,0.16968834400177,-0.3466396629810333,0.2415845096111297,0.3659283220767975,0.9116635918617249,0.1869918406009674,0.0,-1.4642853029142175,-0.9470649623324672,-0.5059192968581202,1.1094324237276547,3.030652217259769e-15,-2.5128555592745065e-16,-6.678963602613629e-22,3.1126991220640984e-22,7.940339107088771e-30,-7.930937585180475e-31,0.1324322230573651,0.8674216110558914,0.0001461658867434,73.73899841308594,-0.7769756631182643,0.0367195525498125,-0.1134947211811453,-0.2837748046938683,-0.3489151704852927,-0.7063879388242157
1322.0,0.4309306901074251,0.3273210736699868,0.0301021876206223,0.2116460486019658,5.2537947789564666e-12,0.382738700225297,0.0942115197636881,0.5230497800110148,0.0678298716708742,0.8448680498621751,0.0873020784669505,0.2888503192776266,0.0709923986014859,0.0819401094485532,0.2490115597356372,0.1537867860378788,0.155418826898818,0.1649338522189061,0.276543117190355,0.0046293186868847,0.069853896024714,0.0558641270743595,mixed_higher_order,6.977512260666834e-32,1.5826039037598284e-30,3.097244778254077e-31,7.2234868882461455e-31,8.288108306151675e-31,1.6560658980702695e-30,1.584148989689524e-22,-7.256447577900707e-23,-5.418409611601925e-22,2.90816456926641e-22,1.145850856304162e-22,-1.6108062609901625e-22,2.78134542043014e-37,7.908500396483728e-37,-3.900346118419528e-38,-4.137759725722386e-37,-2.391310408936453e-37,-3.770743693189082e-37,-3.6209524573931436e-39,5.503837645490837e-37,-1.7388629718554214e-37,-3.9604685196669165e-37,2.736207937181113e-37,3.379447830485677e-37,8.726942308810085e-29,-4.6690873413946947e-29,8.989121987146541e-29,-5.511679384869905e-29,-1.771606429595663e-28,1.0180767282241236e-28,7.396567277201103e-28,-3.940990124065448e-28,-1.4866162530323363e-28,-1.081643204948998e-28,-3.417017949521853e-29,6.485256882899932e-30,-1.2384381764214212e-37,2.962911095680157e-38,7.584871109220106e-38,1.2525163683741114e-37,5.766563015803196e-37,-2.906889515130937e-37,-0.089900404214859,-0.2924287021160126,-0.6175905466079712,0.5362429022789001,-0.1646282076835632,0.1744093298912048,-0.3379813134670257,0.256249725818634,0.3667481541633606,0.9113340377807616,0.1869918406009674,0.0,-1.5073895245068456,-0.9483946466749384,-0.4298981828297361,1.1155290427961442,2.9801910738077044e-15,-2.5902629566162155e-16,-6.707852123546984e-22,3.5020732831824063e-22,7.835389337642611e-30,-8.506697902856111e-31,0.1511176896174522,0.8488698237390516,1.2486643496179006e-05,83.27153015136719,-0.7551259472533658,0.0332926043136287,-0.0657218353742019,-0.149689345432735,-0.4628555088258324,-0.8623792354493276
1323.0,0.3760985902290677,0.399780864837038,0.0223219753332612,0.201798569600633,6.3172091896515766e-12,0.3392594390620045,0.0895466164828819,0.5711939444551134,0.0414301946162646,0.886658251886163,0.0719115534975723,0.3773498210122381,0.0833589736026591,0.117378253313581,0.2707237646252999,0.0022657964037507,0.148923391042471,0.1275949967531242,0.3544690027539465,5.057705143471624e-05,0.0593513932601176,0.056257566551731,mixed_higher_order,5.465073198715576e-32,1.5291902672994286e-30,3.3813424864426903e-31,7.096999296561552e-31,9.790895685757298e-31,1.7272800581732166e-30,1.4580416686863083e-22,-7.78304996793163e-23,-6.573965738803319e-22,3.904304562520112e-22,1.2249958126858342e-22,-1.8002157780836851e-22,3.5647524875991885e-37,8.33837453711202e-37,-6.368099869534143e-38,-4.2143703054470165e-37,-2.9279422527333e-37,-4.12400644691383e-37,1.0466567967229592e-38,5.430331234476232e-37,3.413172955643813e-38,3.611029220236735e-38,2.8125756308418e-37,2.8838994597153072e-37,9.285833179122375e-29,-5.573020313809179e-29,9.637038454705327e-29,-6.547273762748475e-29,-1.892287330681003e-28,1.2120294076557654e-28,7.723237686663457e-28,-4.641954903555465e-28,-1.5236524791214215e-28,-1.0364603968089955e-28,-3.770688015818293e-29,1.0386107785802462e-29,-1.2682944016344317e-37,3.359275674014847e-38,8.13816138413919e-38,1.2273969199601877e-37,6.113068488278534e-37,-3.4856015247776497e-37,-0.1237139850854873,-0.3211365044116974,-0.5611521005630493,0.5730000734329224,-0.1561680883169174,0.1794275790452957,-0.3274074494838714,0.2730087041854858,0.3675664961338043,0.911004364490509,0.1869918406009674,0.0,-1.5560100257619978,-0.9454446907172668,-0.3413965392955164,1.1134419756302,2.919023904740656e-15,-2.6083669417277e-16,-6.696206801797973e-22,3.950512376040702e-22,7.702557154739159e-30,-8.994826539090528e-31,0.1750165325021127,0.824950154659029,3.33128388583237e-05,96.44635772705078,-0.7290885822082936,0.026056420547018,0.0128808891099709,0.0136275739797547,-0.6209287333136329,-1.04550353428565
1324.0,0.3157677747863514,0.4721227955008663,0.0260879908679338,0.1860214388448484,8.050050960376993e-12,0.289326639644104,0.0836917893170205,0.6269815710388754,0.0232529313223529,0.9170739817400788,0.0596730869375681,0.3031779032931612,0.0591596708994088,0.1037092067504271,0.1745268725607588,0.2813142211572684,0.0781121253389755,0.0913600291868312,0.4329715319402364,0.0073389228325707,0.0826176480028243,0.0561156217406277,MD_contaminated,2.699355859596948e-32,1.463588885265526e-30,3.708212211859608e-31,6.945017486998767e-31,1.1740684620166816e-30,1.8069687561285733e-30,1.2861528977564544e-22,-8.124198702633683e-23,-7.940388934443817e-22,5.3123180639701015e-22,1.3234829198875096e-22,-2.0462827527007748e-22,4.577588623002647e-37,8.825706906609521e-37,-9.38292893239502e-38,-4.290441498763949e-37,-3.639296811432477e-37,-4.535264910519832e-37,2.340355385681618e-38,5.328826852012712e-37,3.6802251913199806e-37,5.684668895404783e-37,2.7875428496757525e-37,2.227858365410357e-37,9.976426598233915e-29,-6.797375326744586e-29,1.032316016771001e-28,-7.88227415204302e-29,-2.0299589003338873e-28,1.467964891943887e-28,8.085101387245426e-28,-5.5477084729622055e-28,-1.5629386156737902e-28,-9.869598820474125e-29,-4.1850908745427496e-29,1.5641408518802558e-29,-1.3014604525342718e-37,3.893974348499289e-38,8.77108267884869e-38,1.1978659330769598e-37,6.510040898999512e-37,-4.249413393420775e-37,-0.1664559990167617,-0.3498565256595611,-0.4895027577877044,0.608343243598938,-0.1473103910684585,0.1848381757736206,-0.3142509758472442,0.2922748625278473,0.3683832287788391,0.9106743335723876,0.1869918406009674,0.0,-1.611010869326042,-0.9362324673180143,-0.2365900194377751,1.0986642285748105,2.842589044854211e-15,-2.528704618444121e-16,-6.622806092804694e-22,4.473385479982524e-22,7.529000735655097e-30,-9.32634932162478e-31,0.2059726906953094,0.7938727230008622,0.0001545863038283,115.42259979248048,-0.6972840541452634,0.0128602903199764,0.1386773894287823,0.2142083707380374,-0.8442168139985897,-1.261861539054026
1325.0,0.2550731126034234,0.537236583376605,0.0424482771040345,0.1652420269159371,1.0982403899370732e-11,0.2337797618019809,0.0761246059846141,0.690095632213405,0.0114225147417851,0.9387015089108108,0.049875976347404,0.1690692231450844,0.028508671320302,0.063828942364004,0.0740645868113962,0.640911862671808,0.0236167136874053,0.0596309315065181,0.5043047914577077,0.0272056043459558,0.1664161176016668,0.0549879443284338,MD_contaminated,-2.1359385055186336e-32,1.3832607208017189e-30,4.103303795990014e-31,6.744125757924622e-31,1.4391046829086512e-30,1.891700164612099e-30,1.0554124687429361e-22,-8.100920487400249e-23,-9.535667217213397e-22,7.385216169367888e-22,1.4262761611054576e-22,-2.386421052097567e-22,5.952490269761744e-37,9.353424518165833e-37,-1.3228162801198435e-37,-4.356244467424723e-37,-4.629673183058297e-37,-4.997178496366599e-37,3.599768263396076e-38,5.176298794327948e-37,9.139672974062048e-37,1.2224893032624589e-36,2.5854751724462927e-37,1.3785384635790494e-37,1.0815582191204006e-28,-8.553564967795267e-29,1.0987823877203615e-28,-9.660331298841403e-29,-2.1803403824245515e-28,1.8213895705596142e-28,8.459103359694416e-28,-6.7714696658848495e-28,-1.6076174205776622e-28,-9.283836076443604e-29,-4.6533826208740117e-29,2.3049874576438998e-29,-1.3365013939188353e-37,4.644055449194603e-38,9.53806205116992e-38,1.1587925001281716e-37,6.9485984504762025e-37,-5.305543248151355e-37,-0.2219326645135879,-0.3768073320388794,-0.3963156044483185,0.6390624642372131,-0.1373607516288757,0.191363513469696,-0.2963739335536957,0.3152031302452087,0.3691985011100769,0.910344123840332,0.1869918406009674,0.0,-1.6742853662481951,-0.9169386370523934,-0.1107769061365791,1.0627795856251572,2.7465490218998108e-15,-2.2811125475674187e-16,-6.447654259569199e-22,5.092296786257163e-22,7.301555353330392e-30,-9.364304351626317e-31,0.2467258434318752,0.7526574133326438,0.0006167432354808,144.15736389160156,-0.6585166839962044,-0.0101683733277608,0.3438793791743018,0.4599605082656266,-1.172749473648026,-1.5142344453306524
1326.0,0.1991807627613704,0.5891739298852667,0.070137156004249,0.1415081513491139,1.6182477330631372e-11,0.17579909742414,0.0663833252609428,0.7578175773149172,0.0043241944252314,0.9536115488311404,0.0420642567436282,0.0897557490103644,0.012726917361691,0.0374981085506417,0.0277585576002443,0.8274219854685717,0.0048386820084868,0.0350157983177006,0.561843063808819,0.0580330248761546,0.3521281625388552,0.0524144787387899,MD_contaminated,-1.0530013025907088e-31,1.2844779605244202e-30,4.5931531274110404e-31,6.451568500278521e-31,1.8125344830622822e-30,1.9684190405723323e-30,7.376075241471923e-23,-7.362618463099945e-23,-1.1342861762534566e-21,1.0529319996942772e-21,1.5226535531946194e-22,-2.871790307993943e-22,7.891658225737993e-37,9.864885450682214e-37,-1.8342540162530751e-37,-4.389211585326219e-37,-6.05740540090302e-37,-5.475676512648192e-37,4.511970966916723e-38,4.947231068848723e-37,1.8115478194150265e-36,2.018531230267013e-36,2.0587261868676934e-37,2.519211231323599e-38,1.173937731621904e-28,-1.1136805071184676e-28,1.1561874577020227e-28,-1.2137136111087915e-28,-2.330125189323927e-28,2.32739434332172e-28,8.785382794517132e-28,-8.48695796024237e-28,-1.658208318749355e-28,-8.553981186605131e-29,-5.175586815089477e-29,3.390332537628787e-29,-1.3703188134990787e-37,5.725498386763002e-38,1.0488693093113504e-37,1.1027486983282585e-37,7.386834569255358e-37,-6.819035649645119e-37,-0.2966384589672088,-0.3987031579017639,-0.2708657383918762,0.6578726768493652,-0.1254818886518478,0.1994268000125885,-0.2706834077835083,0.3425808548927307,0.3700122237205505,0.910013735294342,0.1869918406009674,0.0,-1.74822984602077,-0.8807410009388804,0.042981857373786,0.9896046064993744,2.623878370297109e-15,-1.7224431198473403e-16,-6.095534179464016e-22,5.837829343477629e-22,6.998085332897249e-30,-8.805267736607203e-31,0.302475336402175,0.6967958565678529,0.000728807029972,190.21484375,-0.6110288960472735,-0.0500914957852334,0.6805655922770011,0.758325497971063,-1.6707624790120457,-1.799852967044952
1327.0,0.1521533286612139,0.6246294539787555,0.1061317236033734,0.117085493756657,2.5961833133941697e-11,0.1232955064591091,0.0541294898398255,0.8225750037010653,0.0008169548683771,0.96329079237752,0.0358922527541028,0.0504445685418362,0.005799365927842,0.0234075330274551,0.009987300459459,0.9093587744174016,0.0010024576260057,0.0187598217167236,0.6016998016655329,0.0965118141027701,0.6975313950553612,0.0476495047633181,MD_contaminated,-2.5553778317287657e-31,1.1690368566222352e-30,5.211988442762746e-31,5.975018519592051e-31,2.3656145350611403e-30,1.9892725773824e-30,3.0562044168710946e-23,-5.0662642064508e-23,-1.3074111310584557e-21,1.5551474452431226e-21,1.5543925732146734e-22,-3.6005680757458144e-22,1.0775462877497836e-36,1.01304412466071e-36,-2.5442119690090104e-37,-4.321347794868547e-37,-8.231256248637135e-37,-5.809093127335421e-37,4.705546127427282e-38,4.62946173829639e-37,3.355924966390011e-36,2.907483140165782e-36,8.646032354972222e-38,-1.1941008024991197e-37,1.2497493026326303e-28,-1.5169114693185907e-28,1.168969647470937e-28,-1.5720947593684963e-28,-2.418719062990691e-28,3.089006228687087e-28,8.839520566812534e-28,-1.1009157803526447e-27,-1.7140353035595534e-28,-7.560566010607354e-29,-5.631906997988235e-29,5.071212458270879e-29,-1.388020728351748e-37,7.360872677548732e-38,1.168563803625062e-37,1.011045025657594e-37,7.643930035550849e-37,-9.102539259147388e-37,-0.4004058241844177,-0.40503790974617,-0.0972937941551208,0.6450503468513489,-0.1102568283677101,0.2096053063869476,-0.2296376079320907,0.3746629357337951,0.3708244264125824,0.9096829891204834,0.1869918406009674,0.0,-1.8326528793896604,-0.8131550006153522,0.2282728626096813,0.8447607222057126,2.4686028011938568e-15,-5.482472945119845e-17,-5.406694816278688e-22,6.72120577835305e-22,6.587955455338656e-30,-6.98159863578828e-31,0.3804714850396223,0.6186617787435831,0.0008667362167946,268.9139709472656,-0.5556942419475898,-0.1214682615905801,1.2588605686857015,1.0906429422378878,-2.465804049586861,-2.0729993617646243
1328.0,0.1157760087252324,0.6435135676039877,0.146822200475474,0.0938882231953058,4.5557288873259116e-11,0.091330102291965,0.0393771408795762,0.8692927568284587,7.652991967945271e-05,0.9689814294066432,0.0309420406736772,0.0301706333792302,0.0026667021261452,0.0156264882713512,0.0033212567940055,0.9461848896734836,0.002030029755784,0.0105738347198309,0.6235526965794805,0.1389209475585044,0.7885456582880478,0.0400343269218598,MD_contaminated,-5.343999150903083e-31,1.0653562703815313e-30,5.9520837694636855e-31,5.081408865688142e-31,3.207511295716763e-30,1.798062890789051e-30,-2.3281143708684635e-23,7.255061882467788e-24,-1.349868164033491e-21,2.3889264365831614e-21,1.314344051068659e-22,-4.723862154050105e-22,1.5208527625499895e-36,9.366135650458604e-37,-3.552335700990392e-37,-3.946970737451129e-37,-1.1656195771600148e-36,-5.419164587625384e-37,2.953507210158387e-38,4.179979291046048e-37,6.113373299102499e-36,3.556879063195638e-36,-1.7060244455802216e-37,-2.796825373915455e-37,1.202747440605552e-28,-2.172016015434729e-28,1.035599450157439e-28,-2.100686586251446e-28,-2.238346890762991e-28,4.2727026016861755e-28,7.903785911926658e-28,-1.4816448248163615e-27,-1.7650762572115806e-28,-6.046608361675237e-29,-5.61049965373402e-29,7.787209866734135e-29,-1.3432434034513264e-37,9.886550709937698e-38,1.312650857793342e-37,8.389624897676711e-38,7.0964817973838976e-37,-1.2658392013232972e-36,-0.546680212020874,-0.3667018711566925,0.1429625451564788,0.5470208525657654,-0.0866949409246444,0.2215903401374817,-0.158514529466629,0.4058731198310852,0.3716351985931396,0.9093521237373352,0.1869918406009674,0.0,-1.9180122324213025,-0.6838454723067986,0.4265708145462341,0.5533704405913015,2.294159302139584e-15,1.9246133612365952e-16,-4.037108158376569e-22,7.650878061345777e-22,6.0722389762297446e-30,-2.260335128435502e-31,0.4899478081491796,0.5095299479128403,0.0005222439379799,412.2687683105469,-0.506029000962813,-0.2538323213237539,2.2897707311690274,1.3322329873768646,-3.784971507550988,-2.138706517528661
1329.0,0.0905567883612063,0.6479383011683426,0.187968242649285,0.0735366678211659,8.30370983822996e-11,0.1022259994431538,0.0238004561181433,0.8739735444387029,0.0014729480320212,0.9715407481617052,0.0269863038062734,0.0191177366530852,0.0012098949811925,0.0110892673201413,0.0011266006135476,0.9630092377020072,0.0044472627300257,0.0092572581965864,0.6294984618797159,0.1810151540658739,0.481766425460332,0.0297483431007146,MD_contaminated,-1.014106896859112e-30,1.1159253413629666e-30,6.45232857770147e-31,3.362176705941312e-31,4.305047263813667e-30,9.515328912415643e-31,-5.73298410225117e-23,1.3334474971164742e-22,-8.275342218255958e-22,3.634708548445248e-21,2.0845463563231172e-23,-6.20926554971964e-22,2.112292451299654e-36,5.2607081753631074e-37,-4.73513304387964e-37,-2.750821836989283e-37,-1.6387785265457785e-36,-2.50988454245684e-37,-3.4355198134669046e-38,3.720746715640682e-37,1.0626268448859579e-35,2.5354186175721397e-36,-6.703952659060771e-37,-3.1893628354541745e-37,6.888349631604258e-29,-3.1095738316523497e-28,4.7855729480830913e-29,-2.761628634590398e-28,-1.167392428322564e-28,5.871203374796502e-28,3.9698138772187636e-28,-1.9706703555566766e-27,-1.753202790285448e-28,-3.715625692353031e-29,-3.7109049038303956e-29,1.170839594835525e-28,-1.1007125413576234e-37,1.3223691904301778e-37,1.4115411863486383e-37,5.088423001539387e-38,3.876534706617133e-37,-1.7475487137012867e-36,-0.7172396779060364,-0.2104057669639587,0.4051899909973144,0.238204225897789,-0.0474329069256782,0.2278873026371002,-0.0382829681038856,0.4040151238441467,0.3724443912506103,0.9090209007263184,0.1869918406009674,0.0,-1.9407970789448532,-0.4512055025492832,0.4937263957299312,0.0051291938297515,2.2235055479132666e-15,6.755451804519638e-16,-1.489648323983383e-22,7.948389977949785e-22,5.679589072245012e-30,8.410370875505984e-31,0.6128858456970798,0.3856139879816129,0.0015001663213072,657.8792114257812,-0.5296497542332803,-0.4813238384134863,3.9740932675739846,0.948215274916807,-5.754432823757634,-1.3101435852106738
1330.0,0.0745915497750026,0.6413268356858463,0.2277226708189683,0.0563589437201828,1.3341536745200495e-10,0.1729726805340751,0.0103292924203363,0.8166980270455885,0.0045818903431767,0.9715952701286532,0.0238228395281701,0.0125843765334078,0.0005067306220907,0.0082188108209316,0.0007377068583219,0.9707185633315542,0.0072338118336933,0.012902300309773,0.6231101201589442,0.2210546238554133,0.3275543427746828,0.0181557113382081,MD_contaminated,-1.5297161419771354e-30,1.663395346438134e-30,5.44741897119255e-31,9.067790830745686e-32,4.7787311576013594e-30,-1.1297133318597247e-30,3.513672382036845e-23,3.214020587668779e-22,1.0400144104436577e-21,4.591829859747217e-21,-2.572785809835344e-22,-6.9088034318167445e-22,2.4100637360949156e-36,-5.390100712899523e-37,-4.950304817783943e-37,-2.299209255037537e-38,-1.9150322360967293e-36,5.62002306716025e-37,-1.5831556225573058e-37,3.920442336542554e-37,1.4986484960623354e-35,-3.2606129468749856e-36,-1.3144208881443765e-36,1.587717565496777e-37,-8.572308515981533e-29,-3.743531039280494e-28,-8.21053494675857e-29,-2.96956465423442e-28,1.6782843462740103e-28,6.713095921337762e-28,-5.474694207618345e-28,-2.164315230503044e-27,-1.5420288549056014e-28,-1.2034727690467673e-29,2.4317927521986385e-29,1.4459092563495831e-28,-4.796060202343771e-38,1.4736975066616976e-37,1.2225383893773268e-37,3.3383852914620504e-39,-4.699233187937888e-37,-2.0035306650990023e-36,-0.7451452016830444,0.1342867910861969,0.3860478401184082,-0.3765707015991211,0.0051252008415758,0.2044061422348022,0.0982887521386146,0.2868928015232086,0.373252123594284,0.9086896181106568,0.1869918406009674,0.0,-1.7308330822733018,-0.1771766277399538,0.0131592524132588,-0.6837430439309066,2.634646450091434e-15,1.313225705648015e-15,1.6545860694846297e-22,5.695069328522218e-22,6.32230723667086e-30,2.4953152901064026e-30,0.6150824525184737,0.3828065865257435,0.0021109609557827,932.8507690429688,-0.7889009103505938,-0.7255006812228353,5.596335393518521,-1.2175959664394986,-7.264271375206558,1.6453020129983846
1331.0,0.0661281298478093,0.627051776025861,0.2643763304988719,0.0424437636274578,1.4029341031492827e-10,0.3004686733428346,0.0024162236976556,0.6971151029595095,0.0090541286410742,0.969635706404644,0.0213101649542817,0.0085387716904681,0.0001770155028432,0.0063159421387576,0.001121118960378,0.9738656536642768,0.0099814980432761,0.0198694314460139,0.6080117917991223,0.2574670279146468,0.2501287831744511,0.0080560684962951,MD_contaminated,-1.3696304409773986e-30,2.5335878996048396e-30,2.5785205506010264e-31,1.4708298885260112e-32,3.1846521090835986e-30,-3.017126765908828e-30,2.832334294425703e-22,3.6441552331227545e-22,3.2408370802513797e-21,3.508554490757529e-21,-5.165979219365876e-22,-4.842507171891114e-22,1.6310123703656724e-36,-1.553917684934334e-36,-2.7792310422240667e-37,1.6722633942495466e-37,-1.3530887466132091e-36,1.3866919651281954e-36,-2.2183605705043272e-37,5.328667335629334e-37,1.2574615461340666e-35,-1.1457687113296449e-35,-1.3084456257159665e-36,1.1198793285425532e-36,-2.53815672329087e-28,-2.754275092840241e-28,-1.901454192509213e-28,-1.902390850089999e-28,4.439610687291281e-28,4.656665714421437e-28,-1.3818132021300512e-27,-1.4250318031445136e-27,-1.1945963745407816e-28,-1.3704751152155366e-29,9.256396861178601e-29,1.064550529822683e-28,9.272058449511668e-39,9.94691756099623e-38,6.71197715875519e-38,-1.1804134842491023e-38,-1.305973125026735e-36,-1.3867558207476457e-36,-0.4342851042747497,0.3812091946601867,-0.2129280269145965,-0.7638269066810608,0.0233784187585115,0.1452080905437469,0.0826096683740615,0.0839430764317512,0.3740582168102264,0.9083580374717712,0.1869918406009674,0.0,-1.3389151049543009,-0.205566095991779,-0.9613285402222608,-0.6839556376828819,3.526901184381419e-15,1.3616528436453665e-15,1.5602690301610998e-22,1.2302328478387271e-22,8.356917904612629e-30,3.0250135633980957e-30,0.3555559419114077,0.6426406854054004,0.0018033726831918,878.4237060546875,-1.2007056015996922,-0.649088568373536,4.688628639455125,-4.272165626573371,-5.546360362652073,5.123149824541671
1332.0,0.0632202566109294,0.60818856392174,0.2970372100756153,0.0315539693917151,1.0262306961081331e-10,0.4538674218250271,0.0014522892338755,0.5446802889410973,0.0146428610839376,0.9660072910655726,0.0193498478504896,0.0059353643936547,4.01246749898158e-05,0.0050013967600896,0.0018141217063434,0.9746147301889946,0.0125942622759278,0.0286936148751191,0.5875145870911009,0.2894968403539374,0.2128361513860024,0.0020360853865376,MD_contaminated,-7.593929941386369e-31,2.8656683973713223e-30,8.087737930252494e-32,1.469051397328738e-31,1.2828088909353468e-30,-2.983562243470487e-30,4.367977200556436e-22,2.3316529655367573e-22,3.669024664441613e-21,1.6467083569514626e-21,-5.2090139358948395e-22,-2.294053896764813e-22,6.45877708613613e-37,-1.5795872043049153e-36,-6.116413137375341e-38,1.2627974968262924e-37,-5.847136629937843e-37,1.4533072240054774e-36,-1.6224436218794936e-37,6.470984823823199e-37,6.406245632393821e-36,-1.4073481933794548e-35,-7.140896364292439e-37,1.6061863812438692e-36,-2.787153124714941e-28,-1.2660426850953552e-28,-1.7655925336088839e-28,-7.333302513385726e-29,4.552745314529368e-28,1.9993728791348514e-28,-1.3440305095531975e-27,-5.6745612970891425e-28,-1.057039720701316e-28,-3.38699595287618e-29,1.028787265195537e-28,4.671284554705613e-29,8.269484314939255e-39,4.1273803724777327e-38,3.281979161056185e-38,1.3278228962653418e-38,-1.345335720386358e-36,-5.855507106391064e-37,-0.1325945556163787,0.2987208664417267,-0.7409496307373047,-0.5730664730072021,0.0016604193951934,0.1086111590266227,-0.0462952069938182,-0.0013889820547774,0.374862939119339,0.9080263376235962,0.1869918406009674,0.0,-1.17760081030862,-0.4691670410933615,-1.4269222050318209,-0.0761615452637259,3.995762712827941e-15,8.366502865034805e-16,-1.2923279363062364e-22,-8.186623804304599e-23,9.690646238387582e-30,2.030878595417179e-30,0.1186146130844751,0.8795567132364115,0.0018286736791133,586.2862548828125,-1.3570639867332632,-0.3596176323361094,2.385076816466731,-5.239626672684111,-2.601179830220594,5.795678945478695
1333.0,0.0641605364590406,0.5868118152538062,0.3258377706137301,0.0231898776734228,6.977734227544532e-11,0.5983109361037486,0.0057856835331332,0.395903380363118,0.0211677341434468,0.961093093569129,0.017739172287424,0.0042036486219092,4.466083458394603e-06,0.0040575239712552,0.002618378547718,0.9740633265989836,0.0150526561766756,0.0383879506297273,0.5639807828651968,0.3173866227756065,0.196909450792618,0.0005314462304222,MD_contaminated,-3.1899488467792643e-31,2.8137228544584163e-30,4.407548437203227e-32,2.7495329591018604e-31,3.277727835990801e-31,-2.2800471211542388e-30,4.7123985931545775e-22,1.0551355054315452e-22,3.210738791270985e-21,5.284888945479525e-22,-4.309351374424446e-22,-9.86069735079701e-23,1.3617990068940071e-37,-1.235635082940819e-36,3.120985443473215e-38,2.584105090854912e-38,-1.6738975691207771e-37,1.20979401848153e-36,-8.375820537095678e-38,6.886702891470638e-37,2.2280002953226088e-36,-1.31938571623655e-35,-2.1573938911281667e-37,1.6493253162581007e-36,-2.3907111661270555e-28,-4.124981820352151e-29,-1.2549700286832529e-28,-1.9025807876820705e-29,3.645680620096914e-28,6.027563039069267e-29,-1.0135286790920664e-27,-1.461553746574368e-28,-1.0727468023554652e-28,-4.7564972997241074e-29,8.628431376027062e-29,1.2352307787833553e-29,-1.367389438317289e-38,1.1558924515420331e-38,2.54796085974504e-38,3.780930898074709e-38,-1.0760946794921169e-36,-1.6203646146899622e-37,-0.0121854851022362,0.1334316730499267,-0.937836766242981,-0.2675836682319641,-0.0185802206397056,0.0989208072423935,-0.1419781595468521,0.0051487875171005,0.375666081905365,0.9076943397521972,0.1869918406009674,0.0,-1.2055697291650698,-0.6699689141708833,-1.429477132759491,0.417758519191069,4.044782092663476e-15,3.877056930143817e-16,-3.5688394783181054e-22,-7.342936216691608e-23,1.0021839491592228e-29,1.0111277877219563e-30,0.0280830481245862,0.9713231274227732,0.0005938244526404,370.9430541992188,-1.3314650921713775,-0.1509496761050566,0.8282514011342851,-4.904770750720446,-0.8341874068868618,5.067954869273756
1334.0,0.0676678394483223,0.5644010231975144,0.3510985943267993,0.0168325430273638,4.944587062317937e-11,0.7147097291070572,0.012745126252443,0.2725451446404996,0.0285573530138748,0.9548731527727276,0.0165694942133975,0.0030042052489737,2.247334706495798e-05,0.0033544696740619,0.0034394118224538,0.9727886838505309,0.0173907560569148,0.0483628632013702,0.538931384448764,0.3415447394769385,0.192731729895044,0.0024849583961905,MD_contaminated,-7.270483641559316e-32,2.6786274350612774e-30,5.736935889547896e-32,3.5320342730129117e-31,-4.740519678385084e-32,-1.65404879129966e-30,4.633039215598539e-22,2.0478334485202874e-23,2.6816387948809197e-21,-1.0593810012046933e-23,-3.5027938726262835e-22,-4.573619755450173e-23,-7.142492299875902e-38,-9.175937348637546e-37,5.768749582036126e-38,-5.48529216725815e-38,1.373743923344614e-38,9.724470486227748e-37,-2.3920715290332833e-38,6.959339998700351e-37,-1.133619538775696e-38,-1.1710930710995636e-35,9.383854793831356e-38,1.563004747188044e-36,-1.9705944073362919e-28,-1.4922700669766931e-30,-8.249622882363602e-29,-5.626561476739819e-31,2.7955566955726523e-28,2.0549264848568813e-30,-7.246909353931374e-28,1.419289442249413e-29,-1.1225259865931018e-28,-5.368238435055526e-29,6.856874895066796e-29,-3.4787348556996235e-30,-3.354302291922757e-38,-4.5928021158273795e-40,2.7879590245973715e-38,5.287078113825163e-38,-8.226131168855939e-37,1.6009017511077618e-38,0.0135022774338722,0.0011712221894413,-0.9738996028900146,-0.0341436490416526,-0.0291036833077669,0.0986665338277816,-0.1938310265541076,0.0338933765888214,0.3764677345752716,0.907362163066864,0.1869918406009674,0.0,-1.2805042699482323,-0.7820504396737643,-1.3017230914854738,0.7105063748448338,3.965184993016356e-15,1.1039217693894351e-16,-4.89799667067202e-22,-6.941958686524988e-24,9.973127918095734e-30,3.254645469324532e-31,0.0107657925369858,0.9883654531108188,0.0008687543521954,249.20167541503903,-1.2665872126122322,-0.0343784338552284,-0.0042078756533864,-4.346973436124259,0.0167091463779575,4.229629859844645
1335.0,0.0727046530339189,0.542248013588309,0.3728798539704736,0.0121674794072986,3.737986298843562e-11,0.7977155926103817,0.0199960526222996,0.1822883547673187,0.0366475258970222,0.947652078896709,0.0157003952062688,0.0021763634556458,6.844014384525782e-05,0.0028267922491042,0.0042158545493262,0.9710973524638165,0.0196151971382619,0.0579976353804848,0.5138624573545718,0.3621026389778214,0.1949814457921237,0.0063424472293138,MD_contaminated,6.64470010344447e-32,2.554342856620137e-30,8.004888305651154e-32,3.965531050149999e-31,-1.856970181859348e-31,-1.2072682569949626e-30,4.469667833331092e-22,-3.5788317558327503e-23,2.263454121204224e-21,-2.7549847854231513e-22,-2.923922008726876e-22,-2.5381421808096522e-23,-1.5170088912440114e-37,-6.869475082762506e-37,5.973779833109086e-38,-1.0952096170358898e-37,9.196311874497304e-38,7.96468343594257e-37,1.979461001512669e-38,6.920662308367042e-37,-1.246265318141157e-36,-1.0433681267843593e-35,2.8976120582186432e-37,1.465028614418048e-36,-1.6540830362624522e-28,1.7660662990123256e-29,-5.187830810855822e-29,3.7307262930672064e-30,2.172866232982096e-28,-2.1391389283190465e-29,-5.194891195372772e-28,6.886355254642771e-29,-1.166965070898599e-28,-5.543742044577339e-29,5.489498684575715e-29,-1.074695594369762e-29,-4.813712866166562e-38,-5.1293546353937487e-39,3.2135012642758273e-38,6.12333989574356e-38,-6.372075085903308e-37,8.945858291733235e-38,0.0036807442083954,-0.0934818089008331,-0.9547090530395508,0.1274036169052124,-0.0327690877020359,0.0996036380529403,-0.2206643670797348,0.0616258606314659,0.3772679269313812,0.9070296883583068,0.1869918406009674,0.0,-1.3559341936418148,-0.8421805019727799,-1.1641150363065436,0.8803864594267318,3.870677965051379e-15,-5.833737688254316e-17,-5.6556107242942445e-22,6.29960841293026e-23,9.837984070100038e-30,-1.1708854405065308e-31,0.0197470942955043,0.9801915671534748,6.133855102097296e-05,181.8080902099609,-1.2069145982426013,0.0313958853840108,-0.4619077106077145,-3.867072089295167,0.4342060317847118,3.567371541559655
1336.0,0.0786619079015374,0.5206980341173497,0.3918860353303753,0.0087540226507374,2.968649686962112e-11,0.8544943679360457,0.0265552407776369,0.1189503912863171,0.0454216422947177,0.939473773223702,0.0151045844815802,0.0015828656611679,0.0001284281816742,0.0024170808810458,0.0049582358955388,0.9691629804543958,0.0217504089261772,0.0672161572729676,0.4891821468223905,0.3798014379992432,0.2007264888508271,0.011020895347301,MD_contaminated,1.5065398350563668e-31,2.4504710393660642e-30,1.0263084171273551e-31,4.204575160921197e-31,-2.2454639575080764e-31,-8.880547773984333e-31,4.300166924569859e-22,-7.549388369479036e-23,1.942522341208888e-21,-4.112724812267915e-22,-2.5106505020966987e-22,-1.8796668289078562e-23,-1.773158789604695e-37,-5.199492446990406e-37,5.264981113787461e-38,-1.473568153111556e-37,1.2466604811943164e-37,6.67306111143688e-37,5.330033795420995e-38,6.854386116282516e-37,-1.9782135056388667e-36,-9.406203444745592e-36,4.232831133524895e-37,1.376332379662136e-36,-1.4211899472899679e-28,2.7512187755438517e-29,-2.9766732159146017e-29,2.2777592533703028e-30,1.718857181895738e-28,-2.978993994122152e-29,-3.7309192325034204e-28,7.98746213837828e-29,-1.202253460647202e-28,-5.506626781915125e-29,4.4570220729410337e-29,-1.413002651186381e-29,-5.89080493133974e-38,-6.6801202107362e-39,3.640588285141734e-38,6.584413968978959e-38,-5.0232213545091124e-37,1.1739414339007235e-37,-0.019293125718832,-0.1626186519861221,-0.9167661666870116,0.2426990717649459,-0.0328678674995899,0.1002915874123573,-0.2344550192356109,0.0851849243044853,0.3780665993690491,0.9066970944404602,0.1869918406009674,0.0,-1.4233691277959908,-0.8745418781538766,-1.0391791080325794,0.9837670425220736,3.78300756005653e-15,-1.6767420234431382e-16,-6.104915039802248e-22,1.2622876717011415e-22,9.688389076781024e-30,-4.185200364146885e-31,0.0379557498934472,0.9615886711910958,0.0004555789154568,141.38186645507812,-1.1569690254301337,0.071129994875914,-0.7320950666082325,-3.4810373692134364,0.6477107517496298,3.0592676713058364
1337.0,0.085026522183125,0.5002477831124359,0.408396122264124,0.006329572440315,2.4557747059971663e-11,0.8918842386300896,0.0319655927287579,0.0761501686411524,0.054777045905863,0.930423000370721,0.0147999537234159,0.0011554915101481,0.0001940989708168,0.0020937159669761,0.0056355127231988,0.9671160110154472,0.0238051698134129,0.0758338150006609,0.4654420432922743,0.3949664286782564,0.2081962035088459,0.015863408166242,MD_contaminated,2.057922619866252e-31,2.3664212299767517e-30,1.2206732211104628e-31,4.328077140469703e-31,-2.2429709925404327e-31,-6.568388589238632e-31,4.148228011215458e-22,-1.0564690634148283e-22,1.695963061185189e-21,-4.859467046067026e-22,-2.2178801638948653e-22,-1.7850059547617086e-23,-1.8055054202643904e-37,-3.977165757332769e-37,4.2713135965015517e-38,-1.738453982923019e-37,1.3783745110372611e-37,5.715618873577374e-37,8.057648734287387e-38,6.772975632837424e-37,-2.454438193155495e-36,-8.591471824096127e-36,5.222600868988912e-37,1.3009289054097213e-36,-1.2489023544135659e-28,3.313133600838212e-29,-1.3544688051790874e-29,-1.2619512850486633e-30,1.384349278554684e-28,-3.1869380542775887e-29,-2.6724387690716497e-28,7.414342580896444e-29,-1.2279934593537343e-28,-5.357060977034482e-29,3.6718324193802857e-29,-1.5700740453784656e-29,-6.705135486962914e-38,-6.943287998811274e-39,4.0085210707405553e-38,6.827308121228556e-38,-4.031300332754333e-37,1.2628190621454112e-37,-0.0468451865017414,-0.2146085202693939,-0.8738884925842285,0.3280415534973144,-0.0310018695890903,0.1000231876969337,-0.2412027269601822,0.1044495552778244,0.3788638114929199,0.9063642621040344,0.1869918406009674,0.0,-1.48258161575834,-0.8910526114573007,-0.9309592900208749,1.049471096664555,3.708190808216144e-15,-2.4349442032969404e-16,-6.3790810646899635e-22,1.813483971263904e-22,9.55365286355574e-30,-6.360679484799549e-31,0.0592170424656768,0.94038082338283,0.000402134151493,115.90126037597656,-1.1164499578195648,0.0970903908839668,-0.9069775134341932,-3.174767966652553,0.764742360420989,2.668965099058064
1338.0,0.0915654133303827,0.4808584851512932,0.4229290453089362,0.0046470562093874,2.0926354605818875e-11,0.9161464529650036,0.0362981111839163,0.0475554358510801,0.0648324914296625,0.9204079422032752,0.0147595663670622,0.0008417261910676,0.0002619396384594,0.0018331496698789,0.0062612047263972,0.9649590761526996,0.0258429036214969,0.0838873286369046,0.442585968809086,0.4081092208394544,0.2165030147397352,0.0205874388418527,MD_contaminated,2.444855821971089e-31,2.2966767751560553e-30,1.3867688218313383e-31,4.383192593498535e-31,-2.067249700412986e-31,-4.8390959296863614e-31,4.01502550340624e-22,-1.3027444618294809e-22,1.5001471740194865e-21,-5.282681483274201e-22,-2.0043050940496612e-22,-1.9762376710097826e-23,-1.7351466771346218e-37,-3.050916175907765e-37,3.199453932963213e-38,-1.9316240737022264e-37,1.4152011998967758e-37,4.982539609116985e-37,1.0419575830997312e-37,6.6881453076502215e-37,-2.7884412768918185e-36,-7.926941198455499e-36,6.017925132240349e-37,1.2364970329081573e-36,-1.1176102640614882e-28,3.660708374558497e-29,-1.1789049098822098e-30,-5.665635676495479e-30,1.1293993058679991e-28,-3.0941450986013924e-29,-1.879935631328833e-28,6.10877600380691e-29,-1.2472670885994743e-28,-5.138935964978281e-29,3.0615190070757574e-29,-1.6341764342366666e-29,-7.343227712263458e-38,-6.614404449070666e-39,4.324345521993254e-38,6.936394305267753e-38,-3.277504864548593e-37,1.261450080713628e-37,-0.0763865411281585,-0.255379319190979,-0.8298896551132202,0.3942433893680572,-0.0279055032879114,0.0989772900938987,-0.2438673228025436,0.1205111145973205,0.3796594142913818,0.9060312509536744,0.1869918406009674,0.0,-1.5355780314775611,-0.8978763147774885,-0.8355942802848181,1.0926510782834475,3.643423388232649e-15,-2.9958332526769573e-16,-6.547790494413769e-22,2.3027104352480947e-22,9.430753683033581e-30,-8.026178010515305e-31,0.0816287214040552,0.9181388895967216,0.0002323889992231,98.81341552734376,-1.082735512226764,0.1152592410633222,-1.0288605377472646,-2.924830101935937,0.8307229822935912,2.3590419718214264
1339.0,0.0979758791482305,0.4629064480625186,0.4355610558238625,0.0035566169653881,1.8283852817867277e-11,0.9314400088681442,0.0395848235174521,0.0289751676144036,0.0754084185852595,0.9096785214337492,0.0149130599809915,0.0006152013682938,0.0003268264588871,0.0016239668200922,0.0068295558584751,0.962759792924913,0.0278446565693387,0.091258653742692,0.4210960532356605,0.4193406719111384,0.2249417798910176,0.0250145459993092,MD_contaminated,2.718312525593389e-31,2.2386869829607693e-30,1.523554697826188e-31,4.392252131259839e-31,-1.819256084927453e-31,-3.537031347447125e-31,3.8996648080907707e-22,-1.508615987135283e-22,1.3434804178493377e-21,-5.514833174753381e-22,-1.8452686480152308e-22,-2.292380107922208e-23,-1.6178307521884803e-37,-2.349602526515112e-37,2.1553839027686558e-38,-2.0680594368891757e-37,1.4022918917195133e-37,4.417662238858114e-37,1.2448225109567309e-37,6.604679507484661e-37,-3.0312303598689485e-36,-7.381703784684775e-36,6.6752722341158325e-37,1.1815588035417024e-36,-1.018327285489512e-28,3.902151333842795e-29,8.462211996188957e-30,-1.0481990953331965e-29,9.337051289569415e-29,-2.853951945944151e-29,-1.2842806284288104e-28,4.5129709370933726e-29,-1.2603447959672055e-28,-4.887407606324752e-29,2.572684206164117e-29,-1.646375190222565e-29,-7.852787493234347e-38,-6.0079342580794e-39,4.582241918928962e-38,6.957631341748167e-38,-2.700415371357375e-37,1.2159218547979215e-37,-0.1061866283416748,-0.287799060344696,-0.7869009971618652,0.4459399580955505,-0.0241506174206733,0.0971656590700149,-0.2440106272697448,0.1337009370326995,0.3804537653923034,0.9056980013847352,0.1869918406009674,0.0,-1.5828658378765077,-0.8983732930865472,-0.7519772511290206,1.120142339323887,3.587845814882798e-15,-3.4127122752231663e-16,-6.644345553831946e-22,2.735162629422983e-22,9.323096168367008e-30,-9.309073555163057e-31,0.1041283167981731,0.8954927523445955,0.0003789308572313,87.0034408569336,-1.054608853754179,0.1280552608998623,-1.1167732995013036,-2.719585354087072,0.8665821029283246,2.1110993730013727
1340.0,0.1042650722855342,0.4460693071377352,0.4467705187768927,0.0028951017998377,1.6259840230374623e-11,0.94092303495758,0.0421206746276063,0.0169562904148136,0.0866182756492925,0.8981006382918881,0.0152810860588193,0.0004463124384733,0.0003913172261558,0.001452539035682,0.0073879609053263,0.9604820449632332,0.0298398254311291,0.0981054082549763,0.4006151294628203,0.4291150615041145,0.2333750055195604,0.0291919191400723,MD_contaminated,2.929861445446757e-31,2.1887556366048205e-30,1.6403659764349366e-31,4.3748084037361905e-31,-1.5569064508659052e-31,-2.5226821881367488e-31,3.7942832187948473e-22,-1.6924806066340843e-22,1.2128405667771344e-21,-5.645622196588144e-22,-1.7240573873819183e-22,-2.6982061048606804e-23,-1.4839031931076277e-37,-1.7910001351664212e-37,1.1364770282056007e-38,-2.174890820435049e-37,1.3702555856192418e-37,3.965890871275654e-37,1.4410931496361512e-37,6.534304550921216e-37,-3.222253524254474e-36,-6.915633693198703e-36,7.256202184713743e-37,1.1322029506090072e-36,-9.37323492241396e-29,4.0842990376352485e-29,1.6037369304930192e-29,-1.5311206997889842e-29,7.769496818159305e-29,-2.553177750965448e-29,-8.16297340951924e-29,2.8518557773767427e-29,-1.2700366152559706e-28,-4.6160600084093936e-29,2.1779194073708946e-29,-1.6336677054458254e-29,-8.278445823900523e-38,-5.2878391387668815e-39,4.808606595668464e-38,6.92903900663734e-38,-2.241499544130051e-37,1.1546215272063651e-37,-0.1362158507108688,-0.3142184019088745,-0.7449649572372437,0.4881166219711303,-0.0201748106628656,0.094887875020504,-0.2425584346055984,0.1452422440052032,0.3812464475631714,0.9053646326065063,0.1869918406009674,0.0,-1.6262107166057416,-0.8941839336731772,-0.6766022056463475,1.137705029283385,3.5388016975075304e-15,-3.7488112376630973e-16,-6.692942774485915e-22,3.1280916360686843e-22,9.225469870485892e-30,-1.0365188424369085e-30,0.1266986938942419,0.873160527797981,0.000140778307777,78.41057586669922,-1.030317544528513,0.1379179840726316,-1.1853793154057026,-2.5440732925374525,0.8864718042021301,1.9043941092803065
1341.0,0.110308084042887,0.4304472068199015,0.4566725138381831,0.0025721952990282,1.4672715241314075e-11,0.9467268257445686,0.0439528318569085,0.0093203423985227,0.0984919528978578,0.8855710073417015,0.0159370397604407,0.0003223279820465,0.0004509155586001,0.0013083004742747,0.0078707373868289,0.9581875302723868,0.0318601883258627,0.1044316222598875,0.3811915665509219,0.4375779081778911,0.2415474562193018,0.0331207275038354,MD_contaminated,3.093284242328765e-31,2.1453607041228933e-30,1.73566984212616e-31,4.335853109057843e-31,-1.2908533623350726e-31,-1.720186131853053e-31,3.6997050850324794e-22,-1.858598995168393e-22,1.1024040834176548e-21,-5.7097558721101215e-22,-1.6365381534728989e-22,-3.090848359672341e-23,-1.3446397343021697e-37,-1.3460168419529065e-37,1.8181281092726297e-39,-2.250234398188158e-37,1.3264580070696482e-37,3.596251424717784e-37,1.6149937433801368e-37,6.448789849832943e-37,-3.377038656412944e-36,-6.511446948048996e-36,7.778632935444225e-37,1.0880785359606148e-36,-8.729672778319959e-29,4.2410974365990787e-29,2.221621115923376e-29,-2.013159093481049e-29,6.50805077944459e-29,-2.227938931752693e-29,-4.492400584073141e-29,1.2134880151506585e-29,-1.2751387842223707e-28,-4.3318413561227455e-29,1.8428729720552466e-29,-1.6079518215473462e-29,-8.640801419285511e-38,-4.548398249979012e-39,4.990327527332659e-38,6.859023951919633e-38,-1.871263538411275e-37,1.0849347841803736e-37,-0.1661729514598846,-0.3360812067985534,-0.7039979696273804,0.5227755904197693,-0.0159596838057041,0.0919285416603088,-0.2400463968515396,0.1550110876560211,0.3820377290248871,0.9050309658050536,0.1869918406009674,0.0,-1.6664243612391534,-0.8866612571372291,-0.6080073038417413,1.147611752260494,3.495336351479303e-15,-4.018301636235749e-16,-6.705419055735328e-22,3.488908521901486e-22,9.139468043879156e-30,-1.1234104480235804e-30,0.1492695956390304,0.8505581691159219,0.0001722352450477,71.99700927734375,-1.00913706932159,0.1455022360055073,-1.2404684138137592,-2.3918127948995256,0.8958734685533382,1.7296966666873468
1342.0,0.115954343169676,0.4162358285812503,0.4653087058284136,0.00250112242066,1.3416964273094675e-11,0.9500107436449582,0.0452210709422266,0.0047681854128151,0.1107280415568678,0.8724482406473674,0.0168237177957647,0.0002324124545198,0.000507603928385,0.0011905577724998,0.0083268165194149,0.955882684578915,0.0338599247462652,0.1101578717834866,0.363144216340111,0.4447805348852046,0.2491987399273701,0.0367574982251219,MD_contaminated,3.2237049201629567e-31,2.107448647744355e-30,1.8141070482560155e-31,4.283075180756441e-31,-1.0434088327523588e-31,-1.0920642213803768e-31,3.6124200980592896e-22,-2.01046999397538e-22,1.0090618239673404e-21,-5.731255382908947e-22,-1.5727680002620013e-22,-3.510659600387332e-23,-1.2104543115994628e-37,-9.88687374762477e-38,-7.02714132263072e-39,-2.3086972278889214e-37,1.280725991036706e-37,3.29738476481747e-37,1.7827584418747836e-37,6.370246737136911e-37,-3.504053091290015e-36,-6.160699892624072e-36,8.253305466739837e-37,1.0479518654532344e-36,-8.20298452325087e-29,4.378964012755925e-29,2.712895453036267e-29,-2.4790413046296667e-29,5.490088775018384e-29,-1.8999232985186927e-29,-1.6057627768228624e-29,-3.4248443771732155e-30,-1.2770137600724055e-28,-4.038715243592789e-29,1.568991807572467e-29,-1.570827780447988e-29,-8.949030315539998e-38,-3.7691874346818605e-39,5.139105854557698e-38,6.759822253274239e-38,-1.5740327513498618e-37,1.0160674103673983e-37,-0.1954232156276703,-0.353641152381897,-0.6649717092514038,0.5511713027954102,-0.0117497853934764,0.0885840654373169,-0.2366631031036377,0.1634244471788406,0.3828275799751282,0.9046972393989564,0.1869918406009674,0.0,-1.7030059338538504,-0.87635941457838,-0.5460893663653577,1.1518604816897433,3.4564962385055456e-15,-4.243342360766589e-16,-6.690104110673253e-22,3.816233005936258e-22,9.060349607763677e-30,-1.1970276249755312e-30,0.1712374919704505,0.828694153436276,6.835459327347859e-05,67.16658782958984,-0.9905652790052232,0.1515239845625454,-1.2852064014417337,-2.259603588496696,0.8985767103150007,1.5820608116485886
1343.0,0.1213325146454804,0.4030130562814146,0.4730325083356465,0.0026219207374584,1.2378065096816757e-11,0.9517360733666717,0.0461148429249513,0.002149083708377,0.1236291269399598,0.8585318188246608,0.0178390542353793,0.0001673730737703,0.0005592732956781,0.0010916502429306,0.0087729709516324,0.9535189358795414,0.0358897965564471,0.1154765310603937,0.3459995322193682,0.4510454539846359,0.2564993156017669,0.0402026312396772,MD_contaminated,3.323706521644956e-31,2.073264019152929e-30,1.8792249076723403e-31,4.222688867447949e-31,-8.051488064531514e-32,-5.893158234828617e-32,3.5298833459939103e-22,-2.153327347286727e-22,9.274770768857165e-22,-5.718963364257176e-22,-1.520149542184145e-22,-3.9514601991086336e-23,-1.080646084051559e-37,-6.996044924971452e-38,-1.5190163573068666e-38,-2.348310768001079e-37,1.2325480215726545e-37,3.0479151326333656e-37,1.9400656281965462e-37,6.298323320752729e-37,-3.610952726936885e-36,-5.845280124159503e-36,8.696828428026047e-37,1.0101799940998037e-36,-7.765073002574063e-29,4.509752682349631e-29,3.1175805295268205e-29,-2.939885434164597e-29,4.6474924730472434e-29,-1.5698671001464993e-29,7.030940726452344e-30,-1.843102565381505e-29,-1.2767011476566095e-28,-3.756898268715502e-29,1.3279935986652006e-29,-1.526768493256811e-29,-9.21937092406436e-38,-2.9924686292644074e-39,5.263822271987731e-38,6.653298134724198e-38,-1.328870957778622e-37,9.465509296987922e-38,-0.2245821803808212,-0.3683297038078308,-0.6266605854034424,0.5746644735336304,-0.0077616712078452,0.0848453342914581,-0.2329495400190353,0.1709682643413543,0.3836159110069275,0.9043632745742798,0.1869918406009674,0.0,-1.7373303360213406,-0.864001501506479,-0.4884607686110619,1.151244596867547,3.4207539054788176e-15,-4.4251209604771973e-16,-6.651939145597867e-22,4.122412088488703e-22,8.986776092983597e-30,-1.2586004995827231e-30,0.1933629007427361,0.8064383820468451,0.0001987172104187,63.34468460083008,-0.973771846303532,0.1561080405705224,-1.3224431504206005,-2.140723306849185,0.8959818555466823,1.4530651437964128
1344.0,0.1264299384613912,0.3908109588729517,0.4798767433329762,0.0028823593326807,1.1507352798282613e-11,0.9525560919350484,0.0466008487539514,0.000843059311,0.1371710215308042,0.8435681359121148,0.019260842557081,0.0001198348888947,0.0006086991807692,0.0010068537807046,0.0091600723424047,0.9511240205816938,0.0379805192255329,0.1204316080843715,0.329675672070482,0.4564222975025098,0.2634633584934209,0.043517205485329,mixed_higher_order,3.4084617012730303e-31,2.0423528289555348e-30,1.9311216121629304e-31,4.152764187458467e-31,-5.896730079951495e-32,-1.7815782220548074e-32,3.45088495563332e-22,-2.2899090772052133e-22,8.549686907780597e-22,-5.690802531533295e-22,-1.4891339550835564e-22,-4.3693894036536176e-23,-9.570312979866513e-38,-4.56222021044515e-38,-2.3014226651303477e-38,-2.378363607409707e-37,1.1871736731762161e-37,2.8345855141230912e-37,2.090791722079248e-37,6.212019257959337e-37,-3.705030345790852e-36,-5.5570059479355583e-36,9.120454379292813e-37,9.74399003096091e-37,-7.38662258112005e-29,4.6467642839254116e-29,3.4474323584917816e-29,-3.392555951769672e-29,3.9391908165480567e-29,-1.2542077382359513e-29,2.580449631971516e-29,-3.241918887906755e-29,-1.2737453236070184e-28,-3.4645627869590014e-29,1.1175313529276393e-29,-1.4825494067816733e-29,-9.464062243790018e-38,-2.2535043271052647e-39,5.365109703636882e-38,6.525200188303746e-38,-1.1221047807956497e-37,8.824287850311466e-38,-0.2535349428653717,-0.3803272843360901,-0.5894051790237427,0.5943197011947632,-0.0037041138857603,0.0807238444685936,-0.2286707460880279,0.1775878518819809,0.384402722120285,0.9040290713310242,0.1869918406009674,0.0,-1.769673867141479,-0.849711512602012,-0.4348650974328699,1.1471774170463696,3.388145312039977e-15,-4.583376859091065e-16,-6.595946592578793e-22,4.4091609461431245e-22,8.919363814329107e-30,-1.3125746456361822e-30,0.2154588699896808,0.7844421275407544,9.900246956484617e-05,60.28683853149414,-0.9585397303202428,0.1599697130498237,-1.3548788580257036,-2.0321209734042984,0.8909065674506457,1.338470659205296
1345.0,0.1312697980388587,0.3795539670090578,0.4859264054124299,0.0032498295396534,1.0767325140687908e-11,0.952702447474574,0.046885690809553,0.0004118617158727,0.1512712306686725,0.8278107113703337,0.0209180579609937,8.787705379636822e-05,0.0006538044408901,0.000935479075169,0.009570602090824,0.9486451347192648,0.0401071026200555,0.1250610578711138,0.3141988394332002,0.4609717203261226,0.270143372693327,0.0466755795135665,mixed_higher_order,3.475918261954949e-31,2.0143152706479323e-30,1.975410262559524e-31,4.081728192538702e-31,-3.9549333961573317e-32,1.556150084368863e-32,3.373209982893713e-22,-2.4211268290305944e-22,7.902314950655864e-22,-5.647929418535912e-22,-1.4655776398959976e-22,-4.859174956770632e-23,-8.48078254233153e-38,-2.5544978083353707e-38,-2.978430495943966e-38,-2.3974773021966093e-37,1.1459218254203531e-37,2.6529270130445827e-37,2.246218354395149e-37,6.13788120087072e-37,-3.787096737740178e-36,-5.291631868404177e-36,9.52470757997736e-37,9.396857556422486e-37,-7.05622783959467e-29,4.7803792846959506e-29,3.713705711946311e-29,-3.8305862232265427e-29,3.342522127648359e-29,-9.497934337752708e-30,4.0961847582857725e-29,-4.54588467066285e-29,-1.269768744254724e-28,-3.1786074720720307e-29,9.371090474809108e-30,-1.4311586299588469e-29,-9.684037242651652e-38,-1.4881201110456187e-39,5.454285185770127e-38,6.395050134934697e-38,-9.478261004769642e-38,8.234255853964216e-38,-0.2822844684123993,-0.3897880911827087,-0.5531631708145142,0.6104093194007874,6.051454329281114e-05,0.0764416456222534,-0.2241547554731369,0.1836671382188797,0.3851882219314575,0.9036946296691896,0.1869918406009674,0.0,-1.8000578457779317,-0.83371286125186,-0.3849677250224295,1.1398906745427804,3.358194690155665e-15,-4.718341273153219e-16,-6.523590687411833e-22,4.67761428735132e-22,8.857413288396255e-30,-1.3599204169982338e-30,0.2374626059821786,0.7625680028196348,3.060880181338099e-05,57.79343795776367,-0.944677946442645,0.1630143688802928,-1.3828308641149785,-1.9322009380542355,0.8835373016658574,1.2362034846791972
1346.0,0.1357562869433049,0.3693174049008836,0.4912365714681568,0.0036897366876545,1.0132968656514892e-11,0.9525765303333228,0.046895952110535,0.0005275175561422,0.1658859968600929,0.8111791013390943,0.0229349018008128,6.555964302492167e-05,0.0006978101955363,0.0008744917335321,0.009937453028047,0.9461317652786816,0.0422929201211779,0.1293182527873883,0.2995825606163853,0.4647745245326144,0.2763562300289871,0.0497314827194862,mixed_higher_order,3.5301681509770816e-31,1.9883310598200533e-30,2.008485098657297e-31,4.005326786811966e-31,-2.1964580417333527e-32,4.2141616949346626e-32,3.2979220501808424e-22,-2.5470762419518143e-22,7.3235851206588015e-22,-5.592329676622739e-22,-1.4561335858982608e-22,-5.29484747113258e-23,-7.430872739242936e-38,-8.431247109800383e-39,-3.641291937286364e-38,-2.412551999942749e-37,1.1072162959603249e-37,2.4968648419384824e-37,2.3953198762449738e-37,6.053965237205488e-37,-3.858239874785631e-36,-5.0468890796596026e-36,9.911723018235729e-37,9.064079895610626e-37,-6.769629544784894e-29,4.918283727099386e-29,3.9260689824940665e-29,-4.2593233462255687e-29,2.843559964827904e-29,-6.589604555566821e-30,5.302332895021665e-29,-5.769995804313559e-29,-1.263329737880343e-28,-2.8928978556770855e-29,7.742495153846115e-30,-1.3876227282840504e-29,-9.884291799525478e-38,-7.746566747763518e-40,5.52087933598335e-38,6.253400010613131e-38,-8.020388038110304e-38,7.686392626412405e-38,-0.3104494512081146,-0.3970672786235809,-0.5178546905517578,0.6234272718429565,0.0037311341147869,0.071851722896099,-0.2193173766136169,0.1889907270669937,0.3859721422195434,0.9033600687980652,0.1869918406009674,0.0,-1.828340305560104,-0.8164131992406894,-0.3383254823843271,1.1299189099282612,3.329996101881259e-15,-4.831784016199143e-16,-6.437951110074538e-22,4.928726579381612e-22,8.797950951351761e-30,-1.399425256996255e-30,0.2592178769538764,0.7406526504059985,0.000129472640125,55.74599075317383,-0.9317990274850436,0.165435591507423,-1.4067157156288763,-1.8400976646863825,0.8741895668798916,1.1448183628013655
1347.0,0.1400143304517966,0.359954759261799,0.4958509762218068,0.0041799340645974,9.58086797642814e-12,0.9523342042139434,0.0466771041677264,0.00098869161833,0.1809898939688523,0.7935748649111553,0.0254352411199924,5.184842714192239e-05,0.0007381647717933,0.0008232205322068,0.0102693921922812,0.943582032859762,0.0445353412168144,0.1333404359693598,0.2856510494553095,0.46787607213887,0.2823717954911611,0.0526579808867989,mixed_higher_order,3.5772316344999302e-31,1.9646059826170582e-30,2.034472154789125e-31,3.925009683509515e-31,-6.370974592232567e-33,6.402569853800802e-32,3.222282986062505e-22,-2.6697135224382703e-22,6.796505862005543e-22,-5.530333246493537e-22,-1.4594436769833092e-22,-5.751889879636028e-23,-6.486118022082448e-38,5.774015309430214e-39,-4.2478718573323926e-38,-2.420016004272085e-37,1.073398870320676e-37,2.362275745573637e-37,2.541822924658967e-37,5.960884366257622e-37,-3.922023324740351e-36,-4.816860519502248e-36,1.0287950312699073e-36,8.733236905242231e-37,-6.510799956748315e-29,5.05672928162366e-29,4.0891519459810335e-29,-4.6729157890594677e-29,2.4216475613369635e-29,-3.8381274351366056e-30,6.263433509081653e-29,-6.899724370902017e-29,-1.255793403878547e-28,-2.60822780928646e-29,6.358812809895025e-30,-1.340433717025654e-29,-1.0066608016582657e-37,-6.438965043950961e-41,5.578909924501276e-38,6.10635710644423e-38,-6.765055554852943e-38,7.195511881422271e-38,-0.3384672701358795,-0.4022581577301025,-0.4834326803684234,0.6338662505149841,0.0073126405477523,0.0670604854822158,-0.2142597436904907,0.1938564628362655,0.3867546617984772,0.9030253291130066,0.1869918406009674,0.0,-1.8551725385707685,-0.797629709475696,-0.2945618552249351,1.117788092501892,3.3039863511411135e-15,-4.934796632678089e-16,-6.3401339392022685e-22,5.165864658579332e-22,8.743474022541098e-30,-1.4358028660538207e-30,0.2809223018385416,0.7189811459398261,9.65522216322956e-05,54.03068161010742,-0.9199971511753324,0.1675166899598975,-1.42784877965387,-1.7536225170179265,0.8638565273651858,1.061636919600067
1348.0,0.1440951140200041,0.3513150916976687,0.4998743997642233,0.0047153945181038,9.087852645011349e-12,0.9520494709342054,0.0463032539574028,0.0016472751083918,0.196770162856654,0.7748002405602828,0.028429596583063,4.43777303148615e-05,0.0007770036390398,0.0007776869495405,0.0105966519300853,0.9409308138717228,0.0468734658792966,0.1371856770669489,0.2721990175598116,0.4703472258037895,0.288262639751045,0.055577580658511,mixed_higher_order,3.611646006048662e-31,1.942331478993087e-30,2.054405379288482e-31,3.8421658234298975e-31,7.89254595355584e-33,8.179851396444171e-32,3.1470199550520703e-22,-2.7879762552313623e-22,6.31138814835115e-22,-5.456131645120453e-22,-1.4713124294108058e-22,-6.238341124949398e-23,-5.616901325194773e-38,1.819452482014217e-38,-4.795197792635775e-38,-2.4235611394264093e-37,1.0412094406306742e-37,2.241615113519586e-37,2.6907721634356504e-37,5.863414076320875e-37,-3.976397166165053e-36,-4.598334587456903e-36,1.0648864888544916e-36,8.408565709177028e-37,-6.28019552603426e-29,5.204045397736137e-29,4.2201731652770515e-29,-5.088264540899379e-29,2.060022811523627e-29,-1.1578095074642975e-30,7.032567950074471e-29,-7.972204971449744e-29,-1.246601739290001e-28,-2.3258774819256425e-29,5.019821971163085e-30,-1.2934843015425824e-29,-1.024060612981729e-37,6.5136213141298035e-40,5.620258934820153e-38,5.954130676818316e-38,-5.680930072483145e-38,6.732268875123551e-38,-0.3661542236804962,-0.4056918919086456,-0.4497348964214325,0.6417983174324036,0.0106982979923486,0.0621298737823963,-0.208990067243576,0.1982263624668121,0.3875357508659363,0.9026905298233032,0.1869918406009674,0.0,-1.8804233901844645,-0.7777754017577401,-0.2533977765571059,1.103440780538533,3.2795340248866454e-15,-5.020101355648446e-16,-6.231288807682421e-22,5.389485027820756e-22,8.692246852441736e-30,-1.4666765842308788e-30,0.3026294014756326,0.6971370963015593,0.000233502222808,52.54653930664063,-0.9088915642070023,0.1690028001554736,-1.4454970351265064,-1.6715832787646447,0.8516337445585556,0.9851285620921116
1349.0,0.1478924272161997,0.3435855134269368,0.5032599861104186,0.0052620732464449,8.656936162241791e-12,0.951806870038721,0.0458086278329812,0.0023845021282976,0.2129533667064068,0.7551989047877455,0.0318477285058475,4.220227509574353e-05,0.0008135898575347,0.0007395773036504,0.010931560544102,0.9381728177399756,0.0493002522796415,0.1407650282510804,0.2594754034409579,0.4721448392249923,0.2938688377735463,0.0584250056294614,mixed_higher_order,3.639875491445039e-31,1.921945279732716e-30,2.0670033905269444e-31,3.760722284664859e-31,1.9837074322586135e-32,9.587717135813404e-32,3.071587099324674e-22,-2.9052698330937905e-22,5.868122610055411e-22,-5.381105913754819e-22,-1.489290034586368e-22,-6.747619799128904e-23,-4.866242749243717e-38,2.8730689861985117e-38,-5.278281147019021e-38,-2.424439242381375e-37,1.0144523817300818e-37,2.137132383242484e-37,2.8410746801969804e-37,5.7696056320480464e-37,-4.0257202457699216e-36,-4.392012070579139e-36,1.1007037518548775e-36,8.08547232567297e-37,-6.064486409153474e-29,5.347914876927583e-29,4.3089463153708745e-29,-5.480977962599287e-29,1.7555400937825992e-29,1.3306312334716205e-30,7.625264279333347e-29,-8.945614257156623e-29,-1.236683455988953e-28,-2.0511715737612288e-29,3.83354262149056e-30,-1.2445430387084245e-29,-1.0404312171206358e-37,1.3511545551714004e-39,5.654242763611875e-38,5.804798196098905e-38,-4.755846208446111e-38,6.341902550263278e-38,-0.3935273289680481,-0.4073748290538788,-0.4170826971530914,0.6475260853767395,0.013861246407032,0.057026207447052,-0.2037163227796554,0.2022669315338134,0.3883153200149536,0.9023553729057312,0.1869918406009674,0.0,-1.9042820385303676,-0.7568829665022144,-0.2149726534584694,1.087427144835364,3.257150860449921e-15,-5.095664459566353e-16,-6.113324992430419e-22,5.599726529717045e-22,8.646261216448622e-30,-1.4942543116594288e-30,0.324262132479154,0.6756602592667911,7.760825405500604e-05,51.29868316650391,-0.8986853973451319,0.1701975070159647,-1.461258082648477,-1.5942148846450752,0.8393005419988214,0.9152613916306296
1350.0,0.1515029057862165,0.3366470660885946,0.5060286982472547,0.0058213298779343,8.269716422760542e-12,0.951674172060439,0.0451835389816343,0.0031422889579268,0.2296762400305628,0.7342933440558996,0.0360304159135375,4.338754112045198e-05,0.0008482415829216,0.0007070370384363,0.0112244776838406,0.9353332544984336,0.0518436016552475,0.1441814024288483,0.2471976999248016,0.4733054692012104,0.2993958767773078,0.0612124295553936,mixed_higher_order,3.659056679906351e-31,1.9029315642685647e-30,2.0738589434901487e-31,3.6779407179112574e-31,3.047711502964411e-32,1.070967954191608e-31,2.9962448239777414e-22,-3.020064394587468e-22,5.458285675220874e-22,-5.297994273269304e-22,-1.5190225775585825e-22,-7.292004810390883e-23,-4.178426720776588e-38,3.7705463711909543e-38,-5.726985879923322e-38,-2.421742700811769e-37,9.905411968352511e-38,2.0446874669836186e-37,2.994521264877863e-37,5.657432132189741e-37,-4.067617285632969e-36,-4.194970827540868e-36,1.1355141568067372e-36,7.765951894271295e-37,-5.862964346432217e-29,5.4982214166056e-29,4.3637322284925726e-29,-5.870917211835254e-29,1.499231815641279e-29,3.7269632425179185e-30,8.067944949460607e-29,-9.859229029928735e-29,-1.22560342700621e-28,-1.7772719466243748e-29,2.7591784530717943e-30,-1.1959429694147205e-29,-1.055736592429414e-37,2.0394081094792607e-39,5.677803317368358e-38,5.651583191842202e-38,-3.955190461058832e-38,5.983948150358912e-38,-0.4204921722412109,-0.4075601994991302,-0.3852601945400238,0.6511627435684204,0.0168233513832092,0.0518041476607322,-0.1981955021619796,0.2059777379035949,0.3890934288501739,0.9020200967788696,0.1869918406009674,0.0,-1.9266833095170488,-0.7351728968373523,-0.1788889447588638,1.0697266914859,3.2361181532706447e-15,-5.157776764615887e-16,-5.986885437432481e-22,5.797659747806276e-22,8.602937020219181e-30,-1.517486246833021e-30,0.3458856779985209,0.6541466216976908,3.229969621165729e-05,50.2109603881836,-0.8891356371947837,0.1709676666102746,-1.4742793457856092,-1.5204377435067062,0.8257253716034361,0.8507077839305112
1351.0,0.154966643574904,0.3303863168302658,0.508258512171693,0.0063885274231371,7.91580879810838e-12,0.9516488784097668,0.0444572417717853,0.0038938798184476,0.2468241447020829,0.7123369180455499,0.0408389372523672,4.7672925501263904e-05,0.000882454945071,0.0006782518158503,0.011523483347124,0.9323694761294548,0.0544986608369984,0.1474738325489835,0.2353463706952921,0.4738847227318575,0.3048972911693317,0.0639382115070022,mixed_higher_order,3.671778495074575e-31,1.8848076589393363e-30,2.076304019532433e-31,3.593695628291731e-31,3.960849956191723e-32,1.1626969527072347e-31,2.919536879416963e-22,-3.130723159258205e-22,5.075886647428192e-22,-5.207865289212292e-22,-1.555863867569352e-22,-7.818689182751003e-23,-3.5587732445461976e-38,4.576720247706552e-38,-6.140733848804865e-38,-2.4175522007858096e-37,9.69950321103473e-38,1.9598803542447245e-37,3.144755288414962e-37,5.543734837755956e-37,-4.101877203025144e-36,-4.005297726991103e-36,1.1691349621428063e-36,7.4451690472656344e-37,-5.671805107516018e-29,5.643996662984116e-29,4.3922170479591915e-29,-6.245063890917577e-29,1.2795879079592956e-29,6.0106885760691e-30,8.402153636209243e-29,-1.0705057162635043e-28,-1.213483653360524e-28,-1.5071941656923968e-29,1.796817305417643e-30,-1.1513183573864089e-29,-1.0698733907499838e-37,2.7203984323051963e-39,5.693855477927703e-38,5.495910955031298e-38,-3.2450429410975313e-38,5.664302270819039e-38,-0.4467628300189972,-0.4061046540737152,-0.3544217646121979,0.6529113054275513,0.0196936298161745,0.0465096980333328,-0.1926334947347641,0.2092571258544922,0.3898701965808868,0.9016847014427184,0.1869918406009674,0.0,-1.9471417505149369,-0.7126512480004216,-0.1451540802948053,1.05060331814887,3.215687014928622e-15,-5.210301775533982e-16,-5.8528453452968635e-22,5.981621369332661e-22,8.558984496092768e-30,-1.5364659266790031e-30,0.3670690074134036,0.6328041680005445,0.0001268245860519,49.23556137084961,-0.8800154661365622,0.1714350983543651,-1.4844965437909712,-1.4495437913614395,0.8110774105738067,0.7905229436118766
1352.0,0.1583037933876201,0.3248899801168474,0.5098506326377377,0.0069555938577948,7.594565089191525e-12,0.9517971760249448,0.0436061081632332,0.0045967158118218,0.2643499300142895,0.6888031242536574,0.046846945732053,5.4962844895745245e-05,0.0009180997785593,0.0006534642041602,0.011819002670153,0.9292608002437828,0.0572936702584489,0.1506731035003731,0.2237852333431931,0.4737842068897429,0.3104905304689483,0.0666871138928401,mixed_higher_order,3.6790208903101764e-31,1.868096850573174e-30,2.0763977322697154e-31,3.5067019593118155e-31,4.746666830505756e-32,1.2350935830062276e-31,2.8404158329442243e-22,-3.2409078031091926e-22,4.7171845608564725e-22,-5.112615547353657e-22,-1.6053843829174302e-22,-8.449212044369522e-23,-3.023436847983374e-38,5.321609321577886e-38,-6.495734107823209e-38,-2.4156762848314205e-37,9.519175525566644e-38,1.883515253213333e-37,3.3148109279738447e-37,5.411936982020897e-37,-4.130864985211739e-36,-3.821451248649512e-36,1.2023334614477734e-36,7.119405783078211e-37,-5.490534260723934e-29,5.798515543371397e-29,4.395097351688088e-29,-6.619513318370522e-29,1.0954367569889729e-29,8.209992954678642e-30,8.627626793791535e-29,-1.149490180960711e-28,-1.200588878028348e-28,-1.2290943218881353e-29,8.508527869132927e-31,-1.1056778741929965e-29,-1.0839094487162696e-37,3.4101726592373903e-39,5.705123030920514e-38,5.331871260211894e-38,-2.61864658457991e-38,5.37982766528437e-38,-0.4729534387588501,-0.4032164216041565,-0.3242283761501312,0.6529024839401245,0.0224634613841772,0.0412241034209728,-0.1866460144519806,0.2123708873987198,0.3906455934047699,0.9013490676879884,0.1869918406009674,0.0,-1.9667878308016944,-0.6892026574785862,-0.1134767565558974,1.030076637890296,3.197185886382774e-15,-5.255503683548548e-16,-5.710874132254902e-22,6.156306363894034e-22,8.521516729320419e-30,-1.5535279126184452e-30,0.3884724716853037,0.6113438219614642,0.000183706353232,48.37124633789063,-0.8715680725071097,0.1716461940984055,-1.4927767122986888,-1.3809634184585515,0.7956541967850579,0.7341149863689344
1353.0,0.1614819791406543,0.3201195843348801,0.5108873129713508,0.0075111235531149,7.303215410529502e-12,0.9520492519452514,0.0427262679132739,0.0052244801414748,0.2819701892823803,0.664422406432659,0.0536074042849606,6.405644816886889e-05,0.000950987575109,0.0006318190222981,0.0121263058640175,0.926043526817066,0.0601833042733406,0.1537387974434986,0.2126946245700035,0.4731038891100838,0.3160814039430056,0.0693817928358293,mixed_higher_order,3.681326757176859e-31,1.8525685971654613e-30,2.070828416710455e-31,3.423757533596416e-31,5.382454830470798e-32,1.2915170137604312e-31,2.76027872765635e-22,-3.3475562780066616e-22,4.383053033185639e-22,-5.014768718681685e-22,-1.6598014681980527e-22,-9.077821647409734e-23,-2.5729304497541286e-38,5.969600963211997e-38,-6.801453793069346e-38,-2.410556046869086e-37,9.374380894317108e-38,1.81359569547648e-37,3.475870077258521e-37,5.283475968014414e-37,-4.1545052075700285e-36,-3.644754535830883e-36,1.234395042232431e-36,6.7920866267377255e-37,-5.314993407477622e-29,5.953742027443918e-29,4.3734167304846834e-29,-6.981863009614241e-29,9.415772869818048e-30,1.028121363413365e-29,8.765540599479993e-29,-1.221654711309768e-28,-1.1871866805062754e-28,-9.670035290885866e-30,2.1413659104459714e-32,-1.0579067384463752e-29,-1.0972188303819445e-37,4.0910330514142586e-39,5.71066946059925e-38,5.17695069175684e-38,-2.0663837971666547e-38,5.138877530571199e-38,-0.4985074400901794,-0.3989885151386261,-0.2950979769229889,0.6512928605079651,0.0249011423438787,0.0358650349080562,-0.1808390170335769,0.2151923030614853,0.3914194107055664,0.901013195514679,0.1869918406009674,0.0,-1.9849648140247984,-0.6652289387261433,-0.084083527901942,1.0085406231846117,3.179935679051798e-15,-5.293175480025114e-16,-5.563598486081367e-22,6.318757089654995e-22,8.487091548258736e-30,-1.5678095372657132e-30,0.4096078706567757,0.5902756835112649,0.0001164458319593,47.60124969482422,-0.8636844837618859,0.1716268323178932,-1.499101188546976,-1.3151640408754883,0.7798499068987647,0.6816113945850624
1354.0,0.1644275775589901,0.3163143818091191,0.5112158565843321,0.0080421840475585,7.040529539052173e-12,0.9525874640987352,0.0416732750568885,0.0057392608443762,0.29961558029023,0.6385351459873122,0.0618492737224577,7.53935864400828e-05,0.0009864646925505,0.0006138892920157,0.0123705646723134,0.9226763497589036,0.0632773379977764,0.1566316491348165,0.2019778499663722,0.4716867804921027,0.3216402140919616,0.0720739080185935,mixed_higher_order,3.682390458233984e-31,1.8381235612502858e-30,2.060224847887508e-31,3.336110475939333e-31,5.846259626845239e-32,1.3324969624634505e-31,2.67925865784824e-22,-3.454358320141508e-22,4.0708829417071533e-22,-4.914972895452456e-22,-1.732595192767686e-22,-9.711734059900447e-23,-2.1920691197164213e-38,6.586714069372774e-38,-7.079535046354785e-38,-2.409164448116578e-37,9.27159217490795e-38,1.750492773208329e-37,3.6437099299554095e-37,5.124293201613945e-37,-4.173397433166084e-36,-3.474263102081772e-36,1.2667079154262866e-36,6.463181616908972e-37,-5.145122195244609e-29,6.106432636881927e-29,4.3270572551292564e-29,-7.329645459577745e-29,8.180644047953987e-30,1.2232135109643298e-29,8.824802042064789e-29,-1.2877905181555886e-28,-1.1723438453141355e-28,-6.946759086672068e-30,-7.838292407798323e-31,-1.0136185425913518e-29,-1.1101815306170424e-37,4.7712454406606545e-39,5.706874401532903e-38,5.00998751424988e-38,-1.583245977048801e-38,4.948955552116708e-38,-0.5235565900802612,-0.3934126198291778,-0.2669905722141266,0.6482660174369812,0.0274691879749298,0.0303120259195566,-0.1747526973485946,0.2176476866006851,0.3921917378902435,0.9006772637367249,0.1869918406009674,0.0,-2.0018587206772924,-0.640563086576299,-0.0568349636892854,0.9861979626993612,3.1640022696208807e-15,-5.328994463569484e-16,-5.411126016389228e-22,6.470030115103401e-22,8.455370036680181e-30,-1.5807729458798955e-30,0.4305583676606778,0.5694418157280706,1.8338874840928557e-07,46.93634796142578,-0.8563171728679707,0.1715496309968442,-1.5036946339039965,-1.251793261253753,0.7637660960571137,0.6325980708398085
1355.0,0.1672724008032611,0.3133151688070702,0.5108612102578929,0.0085512201317757,6.799267370484325e-12,0.9532443982224362,0.0405858208818303,0.0061697808957335,0.3170167177429031,0.611273738495992,0.0717095437611048,8.866119064734808e-05,0.0010222794150674,0.0005987245791139,0.012667701542779,0.9191216398358244,0.066500993436568,0.1594514790429268,0.1915213345642006,0.4695435933007483,0.3274321820574686,0.0747053751626579,mixed_higher_order,3.6785278956045984e-31,1.8247941267518992e-30,2.0493206580117165e-31,3.248669249032591e-31,6.201821267096458e-32,1.3631521971719824e-31,2.5950641355695387e-22,-3.5588926427620694e-22,3.776992451146077e-22,-4.810580089380239e-22,-1.815409379541586e-22,-1.0452788382717768e-22,-1.9037494594233187e-38,7.163026626575362e-38,-7.286537504202383e-38,-2.4089336938399463e-37,9.190289852200938e-38,1.6926305101030576e-37,3.828506538035767e-37,4.958444920830794e-37,-4.186724103121777e-36,-3.3083343133447345e-36,1.2979869575720578e-36,6.12685346215154e-37,-4.972269307830152e-29,6.261357825485808e-29,4.2537450100923726e-29,-7.670334669686413e-29,7.185246045395805e-30,1.4089769976015078e-29,8.81423659781181e-29,-1.3476881527112595e-28,-1.157267564546328e-28,-4.1808809627370214e-30,-1.4788307056761125e-30,-9.676444463052088e-30,-1.1224900115475904e-37,5.465575339455805e-39,5.703961137946097e-38,4.837997932551666e-38,-1.1492525454810453e-38,4.789129787008767e-38,-0.5481976270675659,-0.3864865005016327,-0.2397729158401489,0.6437123417854309,0.0298509467393159,0.024852892383933,-0.1683476269245147,0.2199656069278717,0.3929628133773803,0.9003411531448364,0.1869918406009674,0.0,-2.0175137745391925,-0.6152348178944963,-0.0316143390614941,0.9627919211815552,3.149282246010812e-15,-5.358617807046035e-16,-5.252690678545344e-22,6.610637555451851e-22,8.426830631317052e-30,-1.5918032059973853e-30,0.4514011986735894,0.5485824218596332,1.6379466777349805e-05,46.32807540893555,-0.8494800721730894,0.1712432156832436,-1.5062705542930794,-1.1902495691638466,0.7469922005739174,0.5864955681459549
1356.0,0.1699536421378586,0.3111394389181928,0.5098659774745244,0.0090409414694241,6.5787151725836985e-12,0.954064603905932,0.0394221763130498,0.0065132197810183,0.3341943442711191,0.5829165353384307,0.0828891203904503,0.0001035660758368,0.001058286553549,0.0005853211252543,0.0129490490689804,0.9153882675160334,0.0699155096603458,0.1621467542686265,0.1813683237413362,0.4667253337857738,0.3333300311185215,0.0773304201591886,mixed_higher_order,3.6688215108501077e-31,1.812438615212364e-30,2.032965060081345e-31,3.1617492236931307e-31,6.440576096911027e-32,1.385511796245756e-31,2.5103447773497333e-22,-3.661517722473861e-22,3.5015159867322523e-22,-4.702754174751688e-22,-1.906413541798073e-22,-1.1197465224231202e-22,-1.670533028171501e-38,7.710373887281042e-38,-7.470859472120896e-38,-2.408711772143298e-37,9.141401829067128e-38,1.6376742788664338e-37,4.011906681309812e-37,4.776487294355175e-37,-4.1947653826788473e-36,-3.148044289365019e-36,1.3287641501478393e-36,5.790137538912341e-37,-4.8025756903536874e-29,6.420154312760059e-29,4.1618087555172917e-29,-8.006627914440235e-29,6.407668194457107e-30,1.5864739093886705e-29,8.747032397861447e-29,-1.4030310911439915e-28,-1.1413826208538707e-28,-1.5043606671902702e-30,-2.196694006705225e-30,-9.234938061491018e-30,-1.13452759873784e-37,6.137961323611887e-39,5.693419219872393e-38,4.670415593482182e-38,-7.599438947082352e-39,4.660599329286109e-38,-0.5720908641815186,-0.3785680830478668,-0.213596910238266,0.6377776265144348,0.0320593267679214,0.0193453412503004,-0.1620350331068039,0.2220138758420944,0.393732339143753,0.9000049233436584,0.1869918406009674,0.0,-2.0318686814658125,-0.5897705012400906,-0.0084824055268117,0.9386387035814217,3.135780541283417e-15,-5.378753222515915e-16,-5.091086220632932e-22,6.740148382918705e-22,8.402036403722635e-30,-1.5994310542861595e-30,0.4720037930433963,0.5279294539660716,6.675299053204853e-05,45.783329010009766,-0.8431061029806403,0.1706654107114104,-1.506938505830666,-1.13091167799114,0.729710341592497,0.5433183049388061
1357.0,0.1725228573895521,0.3100169911556162,0.5079492822052127,0.0095108692496188,6.374693390954972e-12,0.9550873747087902,0.0380916096427606,0.0068210156484492,0.3504613973302633,0.552406153676483,0.0971324489932536,0.0001227991760317,0.0011044925178584,0.0005739863924736,0.0131934930982827,0.9114571381150256,0.0735480907003277,0.1647744029414463,0.1712552936586302,0.4629739990663447,0.3396458336166178,0.0798939873568927,mixed_higher_order,3.662702036771458e-31,1.8008260171476932e-30,2.014529427854738e-31,3.067673721622493e-31,6.608574198028128e-32,1.4053950395272103e-31,2.4225734748173303e-22,-3.760947070859035e-22,3.2394515705522023e-22,-4.588232184072644e-22,-2.0269027457511152e-22,-1.1993951552477688e-22,-1.4708043112560694e-38,8.330316746723396e-38,-7.625584316276492e-38,-2.4196270445342757e-37,9.096393990436692e-38,1.5865955069352615e-37,4.208227612818179e-37,4.553167211629621e-37,-4.1961609412559166e-36,-2.991389953863682e-36,1.3587938422369117e-36,5.4458577552927854e-37,-4.635235490568943e-29,6.572050019375659e-29,4.0521628688775557e-29,-8.330518684788356e-29,5.830729303085788e-30,1.7584694369556765e-29,8.641122137315973e-29,-1.454179890979721e-28,-1.1240405998402699e-28,1.4088251380618988e-30,-2.757864953635681e-30,-8.77962675565566e-30,-1.1458554794857649e-37,6.871059669859774e-39,5.678365383826264e-38,4.478516983262386e-38,-3.8886480956322365e-39,4.545926328751033e-38,-0.5952836871147156,-0.3692086935043335,-0.1885952353477478,0.6310086846351624,0.0346666313707828,0.0137636233121156,-0.1552511900663375,0.223635658621788,0.3945004642009735,0.8996685147285461,0.1869918406009674,0.0,-2.04470504503332,-0.5635546625073438,0.012693896989426,0.9142817826619416,3.1229256808164293e-15,-5.407229023733301e-16,-4.926064236376724e-22,6.8582527390367245e-22,8.376560215725262e-30,-1.6085802398034194e-30,0.492068940161343,0.5078559627050852,7.509713357189973e-05,45.29271697998047,-0.8370868601380108,0.1702551894734571,-1.505218944395316,-1.0730515086682495,0.7114157116546355,0.5022842463019158
1358.0,0.1749352905735984,0.309921397120157,0.5052031549646645,0.0099401573415799,6.1901373681415146e-12,0.956268737947638,0.0367071040860668,0.0070241579662952,0.3659609343746886,0.5206056628799673,0.1134334027453441,0.0001445260014516,0.0011504582098059,0.000564186732851,0.0134784714849327,0.9072570397996642,0.0774053177712944,0.1672851495393182,0.1613468343884249,0.4583491188706925,0.3462672171669908,0.0824923591605332,mixed_higher_order,3.652188672609091e-31,1.7904649371725392e-30,1.992308510682643e-31,2.97460696738319e-31,6.628158020124672e-32,1.418945968963823e-31,2.3314475302762825e-22,-3.8615571336948712e-22,2.989529488824273e-22,-4.473048751755876e-22,-2.157924455779636e-22,-1.2846052362167472e-22,-1.370959225474732e-38,8.934119851505097e-38,-7.721648267644596e-38,-2.4304528367195164e-37,9.092609193511168e-38,1.5370405764881276e-37,4.41528157338676e-37,4.312889091916388e-37,-4.194547133076225e-36,-2.837005995897875e-36,1.3887473682800778e-36,5.090918579438555e-37,-4.46371859885038e-29,6.726927812841271e-29,3.9200390283759386e-29,-8.646484911009059e-29,5.4367957047444084e-30,1.9195570981677875e-29,8.485631926774911e-29,-1.4995547250833964e-28,-1.1058899574256783e-28,4.303369526041773e-30,-3.373400680679916e-30,-8.342592582867085e-30,-1.1575170604732402e-37,7.57230379979826e-39,5.658234763560568e-38,4.2872727944748685e-38,-4.8390484578282586e-40,4.478782339775379e-38,-0.6183780431747437,-0.358731746673584,-0.1641648113727569,0.6227478981018066,0.0369201339781284,0.0080750351771712,-0.1482073664665222,0.2251405715942382,0.3952671885490417,0.8993318676948547,0.1869918406009674,0.0,-2.057012173969384,-0.536745077482886,0.0321093918902746,0.8888178817905616,3.111994195350832e-15,-5.427789011319571e-16,-4.755135455927936e-22,6.968882432931036e-22,8.35899595670763e-30,-1.615362562784636e-30,0.5125081728381811,0.4874187303359934,7.309682582556931e-05,44.85777282714844,-0.8316578031133787,0.1696414794256842,-1.5024249010238775,-1.016173693455444,0.693045542716032,0.4631919306120892
1359.0,0.1770653284747179,0.3111166276310711,0.5014941673719855,0.0103238765222254,6.027096310676377e-12,0.9576031407517116,0.0352402743517577,0.0071565848965307,0.3796809374194975,0.4878293852337882,0.1324896773467141,0.0001701977451005,0.0012008387715008,0.0005560186872028,0.0137967229179805,0.902790199998592,0.0814860218796233,0.1695583146656233,0.1517718331932748,0.4527440196598821,0.3530755490190555,0.0850092179912738,mixed_higher_order,3.639504545343608e-31,1.781189681557238e-30,1.9686140664584759e-31,2.8787982640943943e-31,6.52322064696841e-32,1.4298665740605488e-31,2.2401633957015113e-22,-3.959275275036861e-22,2.757567876595692e-22,-4.357126699277382e-22,-2.3070989087550267e-22,-1.3778729835144781e-22,-1.3513995445695035e-38,9.569396757774476e-38,-7.770198870825136e-38,-2.446650452118795e-37,9.121591601307496e-38,1.4897102245572923e-37,4.636293303553716e-37,4.044874673719083e-37,-4.187817841652884e-36,-2.6895071233922813e-36,1.4182283413562478e-36,4.738014486068823e-37,-4.2924240570471436e-29,6.875147893177164e-29,3.771818850594192e-29,-8.946259366941684e-29,5.206050512326391e-30,2.071110697662953e-29,8.302405506220305e-29,-1.5392066010118446e-28,-1.087453648727051e-28,7.283562650941613e-30,-3.9496662501636654e-30,-7.890419749921685e-30,-1.1686499811600655e-37,8.280454127456202e-39,5.637898474912978e-38,4.087314113380196e-38,2.6687058903885797e-39,4.447477930187037e-38,-0.6403612494468689,-0.3474023938179016,-0.141440749168396,0.6135563850402832,0.0393833145499229,0.0025192645844072,-0.1410841047763824,0.2263947427272796,0.3960324823856354,0.8989951610565186,0.1869918406009674,0.0,-2.067675808457049,-0.5101464554222335,0.0490694425533028,0.8633944924021583,3.102297575068528e-15,-5.445653307559482e-16,-4.584799604602697e-22,7.065976938010316e-22,8.343460741050648e-30,-1.620724626244507e-30,0.5323083451825479,0.4676162273041218,7.542751333033948e-05,44.48919677734375,-0.826740722181205,0.1689279164007138,-1.497807853342864,-0.9619245734548436,0.6745880524368942,0.4269378587599353
1360.0,0.1789914296992402,0.3139000855215152,0.4964307279470344,0.0106777568322101,5.880674809934149e-12,0.9591814147672242,0.0335738176540019,0.0072447675787739,0.3911820058077579,0.4525221447454283,0.1562958494468136,0.0002032716424107,0.001264991190526,0.000549671883395,0.0141106340224369,0.8979685006270213,0.0859029306342099,0.1716852527701254,0.1420467399359694,0.4457791564397792,0.3605567093710149,0.0875141770303923,mixed_higher_order,3.629936712783632e-31,1.7728823683473052e-30,1.94074658310817e-31,2.774240873185037e-31,6.348159805743136e-32,1.4389394561422983e-31,2.1435460359277265e-22,-4.05663078397669e-22,2.5340453020079807e-22,-4.234455285601484e-22,-2.4948441226248373e-22,-1.4787317009958236e-22,-1.3746144744626842e-38,1.031153397388686e-37,-7.79572783427898e-38,-2.4752369184684904e-37,9.17034377194592e-38,1.4440840377836576e-37,4.8750950849347924e-37,3.714079328127633e-37,-4.175645316460546e-36,-2.5430116584999985e-36,1.4477049115071403e-36,4.367961745642836e-37,-4.117299879402745e-29,7.036202907990109e-29,3.6004723849210357e-29,-9.256031558703859e-29,5.1682733880402424e-30,2.219828650713752e-29,8.084485994886531e-29,-1.5759978068270916e-28,-1.0669490903352315e-28,1.0546473463106592e-29,-4.4441261850346816e-30,-7.414795779935477e-30,-1.1797010517194622e-37,9.047031223171651e-39,5.610329912294279e-38,3.860310136581539e-38,5.722177390302525e-39,4.430620175362451e-38,-0.6621060967445374,-0.3346019387245178,-0.1193809211254119,0.6034323573112488,0.0422361157834529,-0.0032942872494459,-0.1333423256874084,0.2271847575902938,0.3967964649200439,0.8986582159996033,0.1869918406009674,0.0,-2.077576793877532,-0.482515916460393,0.0644235739076691,0.8374290222842011,3.093900195280232e-15,-5.471013024704456e-16,-4.4089635911488595e-22,7.155290996205385e-22,8.331655886554156e-30,-1.6278108174766002e-30,0.5521376825494476,0.4477755040800499,8.681337050253646e-05,44.17983627319336,-0.8222798132035573,0.1683599394646208,-1.4912587997490347,-0.9081922017306332,0.6551135103676301,0.3920427070924288
