h_nm,lam_nm,f_ED,f_MD,f_EQ,f_MQ,C_total_exact,px_given_ED,py_given_ED,pz_given_ED,mx_given_MD,my_given_MD,mz_given_MD,Qxx_given_EQ,Qyy_given_EQ,Qzz_given_EQ,Qxy_given_EQ,Qxz_given_EQ,Qyz_given_EQ,Cpx_total_fraction,Cmy_total_fraction,CQxz_total_fraction,ED_EQ_balance,CT_diag_over_CED,class,px_re,px_im,py_re,py_im,pz_re,pz_im,mx_re,mx_im,my_re,my_im,mz_re,mz_im,Qxx_re,Qxx_im,Qyy_re,Qyy_im,Qzz_re,Qzz_im,Qxy_re,Qxy_im,Qxz_re,Qxz_im,Qyz_re,Qyz_im,Qmxx_re,Qmxx_im,Qmyy_re,Qmyy_im,Qmzz_re,Qmzz_im,Qmxy_re,Qmxy_im,Qmxz_re,Qmxz_im,Qmyz_re,Qmyz_im,Tx_re,Tx_im,Ty_re,Ty_im,Tz_re,Tz_im,txx_re,txx_im,rxx_re,rxx_im,tyx_re,tyx_im,ryx_re,ryx_im,tbg_re,tbg_im,rbg_re,rbg_im,E_up_re,E_up_im,E_dn_re,E_dn_im,I0_re,I0_im,I1_re,I1_im,I2_re,I2_im,T,R,en_res,U_proxy,even_px_re,even_px_im,odd_Q_re,odd_Q_im,odd_m_re,odd_m_im
205.0,1305.0,0.6272405619971898,0.009634990655199164,0.36282724635442937,0.0002972009931817108,9.09327973541317e-13,0.9996374546609424,0.00019816692282602838,0.0001643784162316364,0.0023984194736660406,0.5084566376671811,0.48914494285915283,1.644680546160235e-05,1.3078831969801222e-06,9.648742146432733e-06,0.21030164949917698,0.7896679474582382,2.9996117797562815e-06,0.6270131588549699,0.004898974952497277,0.28651304691062673,0.578449909551696,0.0006004418243943069,ED_dominated_with_EQ,-3.1197637865870793e-31,1.2126709159768224e-30,-6.608583118132723e-33,-1.6344578169698953e-32,1.5997317017191053e-32,-1.3813910470765991e-33,-1.0631274810717884e-24,2.015751222621215e-24,1.0004888998159678e-24,-3.3166271907119214e-23,3.140858773545392e-23,8.525608544585053e-24,-2.321434836027665e-39,8.476739135541305e-39,-5.900518562627878e-40,-2.4071665803176907e-39,2.911483157536815e-39,-6.069563953383418e-39,1.362992113512865e-37,-6.894015701282848e-37,-1.3607617080441845e-36,5.203080377981396e-38,-2.2716878847807154e-39,-1.3723817157165131e-39,-1.277234954104834e-30,-4.991689838081693e-30,1.1790394624298064e-30,-2.4013361631833177e-30,9.819664651239835e-32,7.393024681450873e-30,2.744766526045325e-31,-1.8511892923074673e-30,8.693153131591983e-30,3.040733980344777e-30,6.299032722254183e-30,8.35332804726865e-31,-4.585193217347004e-39,-4.427457225584966e-39,-5.322487589272548e-39,-2.3120769332172962e-39,-2.1366419265549616e-40,4.63513621725132e-39,-0.9172684550285339,-0.1481667160987854,0.2147282510995865,-0.30044737458229065,0.004951626528054476,-0.0059370845556259155,0.0032803646754473448,-0.01319105178117752,0.5414619445800781,0.8196663856506348,0.1869918406009674,0.0,-2.0714981610207643,-0.2480708422967194,-0.11397964096839769,-0.3390399156093873,1.7951457153461387e-15,4.818683305350751e-16,1.5550674754165884e-23,3.3453652137020273e-22,3.5039819882764444e-30,9.076305431913392e-31,0.8633945619282256,0.13656161135317596,4.382671859848308e-05,16.826828002929688,-1.0899541115199345,-0.28040578209320044,-0.981443805222282,0.03752700399236719,0.09943544144003906,0.0029995549601613586
205.0,1325.0,0.6519087185198138,0.002540238064410533,0.34533159270526514,0.00021945071051061564,7.988674773517597e-13,0.9997251385379031,0.00010805250741448902,0.00016680895468241895,0.008035227289050253,0.8032876417268962,0.1886771309840536,8.518282809268271e-06,6.16146364554737e-07,5.538465113207111e-06,0.2502640900274317,0.7497201222647788,1.1148135024002722e-06,0.6517295339362879,0.0020405418441852325,0.2589020439048822,0.5297238446041266,0.0021170293533067253,ED_dominated_with_EQ,-2.4843274466290437e-31,1.2082326132539596e-30,-6.563645919417681e-33,-1.1016827709406698e-32,1.566623811079274e-32,-2.906213139294513e-33,-6.168613602642705e-25,1.975428353818203e-24,-2.5382366879202505e-24,-2.0535714334065685e-23,9.412508752412607e-24,3.45990961995385e-24,-1.4249667524884737e-39,5.883723767739091e-39,-6.79889324446563e-40,-1.4794036519103396e-39,2.1048482984564763e-39,-4.4043268570512123e-39,1.0778790342560848e-37,-7.257720812193608e-37,-1.2551680812140486e-36,1.932271770088098e-37,-1.521055097607872e-39,-2.907868168714347e-40,-1.5589431504199447e-30,-3.7755723705067665e-30,5.9304859053300565e-31,-3.0712782096965695e-30,9.658940339114448e-31,6.846850229553006e-30,-2.6052552432303146e-33,-1.6928107513779697e-30,7.850484407775381e-30,2.2807777173362418e-30,3.984392706665956e-30,3.851616855508748e-31,-1.1107604338613275e-38,-4.461714112999823e-39,-4.9310931496825174e-39,-1.7811452494311407e-39,3.819466493367153e-40,4.1467282808851275e-39,-0.9198284149169922,0.010957262478768826,0.1707690954208374,-0.35285428166389465,0.004380653612315655,-0.004591342061758041,0.001142093911767006,-0.0116348285228014,0.5536129474639893,0.8115088939666748,0.1869918406009674,0.0,-1.9967752090198145,-0.09173597472806477,-0.19176946184778862,-0.3747004236000018,1.7981533080005256e-15,3.8287258638853263e-16,4.9069839536512654e-23,3.1299531456896956e-22,3.661781839312583e-30,7.4767758692516745e-31,0.8462446450377341,0.15380490165265245,4.954669038648163e-05,14.298044204711914,-1.0695730212342798,-0.21992202359693772,-0.8781617403910529,0.13518883772823526,0.06063857641305336,-0.007494994177024827
205.0,1345.0,0.6231983771079666,0.0032067113108658046,0.3734328874338957,0.00016202414727206342,7.662528663008459e-13,0.9998030867800707,3.267821212134931e-05,0.00016423500780801188,0.005245372376179389,0.1886956326413746,0.806058994982446,5.380269788323313e-06,4.4317433055482013e-07,3.3095312788360605e-06,0.4237940548490371,0.5761965489212765,2.6325428867355496e-07,0.6230756611088755,0.0006050924195020746,0.2151707409931182,0.599219929241247,0.00502949031826106,ED_dominated_with_EQ,-1.9895208266690067e-31,1.2007697974624854e-30,-6.232121944654448e-33,-3.095266648234297e-33,1.5075475843462285e-32,-4.010064943356396e-33,-3.9108845859839623e-25,1.8550956486981868e-24,-3.406600529578512e-24,-1.0848803957166694e-23,-2.3500409343098053e-23,-2.7065822433203875e-25,-1.0453067585801615e-39,5.017478910342772e-39,-5.922287071154554e-40,-1.3464575675926996e-39,1.6375337339681043e-39,-3.671022286132637e-39,1.06106611974694e-37,-1.0115696877955814e-36,-1.1487971487662184e-36,2.9466867318007984e-37,-8.010234647063982e-40,-3.1567923404490717e-41,-1.8453358719431055e-30,-2.83952432267336e-30,2.022916460991248e-31,-3.4312423169784096e-30,1.6430447843027752e-30,6.270767011957633e-30,-1.842816990088126e-31,-1.5251496650844456e-30,7.459045955234829e-30,1.734748744511402e-30,1.2327985337739701e-30,1.1183975050807555e-31,-1.7993481823529815e-38,-4.2098264677526873e-39,-4.872708589690034e-39,-1.3798168976693287e-39,8.09003621088128e-40,3.686548200700517e-39,-0.8995867371559143,0.14125798642635345,0.11834841966629028,-0.3957121968269348,0.003908688202500343,-0.0033104056492447853,-0.00040690298192203045,-0.009889688342809677,0.5652852654457092,0.8034217953681946,0.1869918406009674,0.0,-1.9166312191052957,0.02350970879921421,-0.27160444309185783,-0.39538512691879013,1.7981153734637003e-15,3.0524389885468193e-16,7.368960832049032e-23,2.89377372816717e-22,3.792941396586376e-30,6.134567468674829e-31,0.8292363530250789,0.17069246266066176,7.118431425934268e-05,13.271910667419434,-1.047160459962542,-0.17350099480869582,-0.780015373045258,0.20007544002190514,0.03155837539608143,-0.00990955120595665
205.0,1365.0,0.10364737963064592,0.15460443019870257,0.7415456354119982,0.00020255475865331066,8.08484754027242e-12,0.9931528133309532,0.006723952714355597,0.00012323395469132262,2.678687911731789e-05,5.567876407797004e-05,0.9999175343568047,3.2803477730912544e-06,1.1043389853193945e-06,5.855284517519516e-07,0.9795392641746841,0.02045434109688294,1.4245132228138146e-06,0.10293768667455733,8.608183594442547e-06,0.015167827365621809,0.1397720850626544,0.025781677139371684,EQ_dominated,-4.763926184898977e-31,1.5850719994710535e-30,1.8776599908036274e-32,-1.348853171283228e-31,1.5535060177695748e-32,-9.928587641785784e-33,2.1368889913779832e-24,2.310625710928779e-24,3.97161706188488e-24,-2.1943612027381937e-24,5.89478723866896e-22,1.4921659882173552e-22,4.030498469391257e-39,-1.8718533803755486e-38,-3.014164625589465e-39,1.0693052811370843e-38,-1.0163515025298281e-39,8.025501898528138e-39,-1.7865893643115853e-36,7.179641679601793e-36,-1.0278855532197142e-36,2.9409542375359406e-37,-2.0888317774115495e-39,8.67422731164783e-39,5.11191404350179e-30,-5.669196978540352e-31,-4.535111134471755e-30,-4.476679965967735e-30,-5.768092282187672e-31,5.0436008486696576e-30,-3.472866419187936e-31,-1.3565672990088746e-30,-1.4462565320476992e-30,1.4293747206142848e-30,3.520935372136378e-29,8.926882531150661e-30,5.663722899375518e-38,1.2185733786480207e-38,3.97431632491425e-39,-6.556225580887622e-40,-2.2024493593351256e-40,2.9308915442831926e-39,-0.8115648627281189,0.07672405242919922,0.1062619686126709,-0.5686050653457642,0.00789323914796114,-0.011168881319463253,0.0023633271921426058,-0.015505942516028881,0.5765026211738586,0.7954110503196716,0.1869918406009674,0.0,-1.888155273885359,-0.13728924305933415,-0.41809857334094724,-0.5888317884208623,1.895678399646536e-15,5.965281756735197e-16,8.056556473256195e-23,2.622844150949624e-22,4.173523426729426e-30,1.2829100893727344e-30,0.6647111537702441,0.3348493458790285,0.00043950035072737315,163.9208984375,-1.3620470395904867,-0.4093625752732092,-0.6776162950632011,0.19387747090590246,0.006289708606742008,0.011383866058901107
205.0,1385.0,0.7998995085049189,0.018471310089357065,0.18149416645424254,0.00013501495148157753,6.106806962484854e-13,0.9996340383326793,0.00023042438433767514,0.00013553728298307285,0.0008443920601362051,0.0008494421354151883,0.9983061658044486,1.687382222167529e-07,6.352429697731167e-07,5.458790386854989e-07,0.04850185449307701,0.9514947838665947,2.0117800976386896e-06,0.7996067759470974,1.5690309086219578e-05,0.1726907526834273,0.2268962094919533,0.001743410001529239,ED_dominated_with_EQ,-1.7612119846689773e-31,1.293285021805525e-30,-4.6021590823146024e-33,-1.9274748666527966e-32,1.368372794302354e-32,-6.613780381305476e-33,3.5117214763348826e-25,1.692119488198941e-24,-1.9943231860265734e-25,1.7218243115323985e-24,5.915596729913583e-23,5.6170724255453424e-24,-3.7508789099721324e-40,-4.896448391914007e-40,-5.862571135560229e-40,1.0433327497292914e-39,9.613416300332197e-40,-5.536965867560004e-40,-4.434194472940495e-39,2.337890328383671e-37,-9.547903299999506e-37,4.012628125164814e-37,-9.049197130452675e-41,1.5032383293183814e-39,-6.371262269624415e-31,-1.4859997382703657e-30,-1.2728306442970616e-30,-3.6579459116409214e-30,1.909956661954391e-30,5.143945231301062e-30,-3.9109897748838657e-31,-1.2337715893763134e-30,5.256209795772626e-30,1.2851685527515282e-30,4.5117077438465e-30,4.4712281351286044e-31,-1.1688212917510005e-38,-2.7843177104684173e-39,-3.06377652755778e-39,-1.0167236757283995e-39,1.0146961996198934e-39,2.8805397530935677e-39,-0.824405312538147,0.29621636867523193,0.007892325520515442,-0.4821126163005829,0.0039003356359899044,-0.0035049982834607363,-0.001820885925553739,-0.008225688710808754,0.587287425994873,0.7874817848205566,0.1869918406009674,0.0,-1.7890837110429472,0.12379506059471865,-0.4449555985176027,-0.4363788318472801,1.835837309394196e-15,2.565849077626771e-16,1.0135035333336099e-22,2.431867972030385e-22,4.114532220147134e-30,5.4769973976498675e-31,0.7674157540433012,0.23256584117863585,1.840477806291929e-05,10.641707420349121,-1.0952675939360337,-0.14915493339331093,-0.6113822795398591,0.2569411998662724,-0.00486400623641176,-0.000563379222216964
205.0,1405.0,0.8371869162588447,0.0077608777615789425,0.15494730015713704,0.00010490582243949877,5.540971074102209e-13,0.9997482465026137,0.00012499786289262187,0.0001267556344936569,0.0015887818464063895,0.022149570307536275,0.9762616478460573,2.9375270153580075e-07,6.760941480655358e-07,4.186853981964987e-07,0.00030305540554527655,0.9996939328299234,1.623232283598458e-06,0.8369761515247105,0.00017190010762828753,0.1548998758754669,0.18508089071620157,0.0030308406757529353,ED_dominated_with_EQ,-1.4285513364057936e-31,1.301187730175373e-30,-4.2568893070982095e-33,-1.400415309159958e-32,1.2923088338973776e-32,-7.088292683248269e-33,3.7573953073863396e-25,1.4586194391396361e-24,1.1850256131744907e-24,5.4977166030182286e-24,3.7221848991981934e-23,2.9355398308176097e-24,-3.323163080669329e-40,-6.698452794807727e-40,-4.868628268840328e-40,1.0246157505862284e-39,8.191854110299347e-40,-3.547648601041536e-40,1.3201409165801127e-38,-1.0683611761446457e-38,-8.723764411632287e-37,4.363078579413399e-37,5.919996338789946e-40,1.0928681952569192e-39,-7.277224706623924e-31,-1.0807310429543935e-30,-1.4344121296897456e-30,-3.598465413305446e-30,2.1621352653301637e-30,4.679196345430169e-30,-4.460867933867099e-31,-1.1160922469394282e-30,5.140665826119245e-30,1.0203565797019927e-30,2.6992901066546475e-30,2.7381955326871327e-31,-1.5918652032458681e-38,-2.518420421160804e-39,-3.1124985698456827e-39,-8.191439598669582e-40,1.1563683355114574e-39,2.5609471191607402e-39,-0.7850527763366699,0.3671855628490448,-0.049332186579704285,-0.4963657259941101,0.0035451522562652826,-0.002860496286302805,-0.002358506666496396,-0.006788751110434532,0.5976606011390686,0.7796382308006287,0.1869918406009674,0.0,-1.7270039980782443,0.17342901272963826,-0.5136632622768832,-0.42480653081094416,1.841106439263646e-15,2.0629384687908427e-16,1.0973695250367593e-22,2.225677502077675e-22,4.228728262781415e-30,4.482088128053813e-31,0.7511538497422072,0.2488642482697301,1.8098011937306424e-05,9.198659896850586,-1.0862740353371338,-0.11926013356079115,-0.5428197767710733,0.27148433047479475,-0.015309502769489197,0.0032999432704207627
215.0,1290.0,0.5347546864772453,0.042844022651239204,0.42193867244418987,0.0004626184273255976,1.288383973965782e-12,0.9994654369351453,0.00038911054386339065,0.00014545252099123815,0.0008399699395464475,0.4251120948624617,0.5740479351979918,3.778150600080292e-05,3.6827526563241603e-06,1.931332516817561e-05,0.19686856036251027,0.8030518072505495,1.8854803114916143e-05,0.5344688263730967,0.01821351222160306,0.3388386134552043,0.7890322106829147,0.001425340994656257,clean_balanced_ED_EQ,-4.5297770823242e-31,1.2660336673346672e-30,-4.998887352910296e-33,-2.605591987523279e-32,1.570174677790966e-32,4.071649911468012e-33,-2.8886251288558585e-24,1.6116420118566561e-24,3.1591284508717495e-23,-6.737618139469652e-23,8.206115207370722e-23,2.726869624054874e-23,-5.395264822978739e-39,1.5609973907637352e-38,-9.53457601756551e-41,-5.1555948874961475e-39,5.490612640158792e-39,-1.0454386737413101e-38,2.32277022190233e-37,-8.103930413290114e-37,-1.5984844167893473e-36,-5.8637879603541415e-37,-3.75243999979584e-39,-7.347411655471241e-39,1.4841681193186006e-30,-8.66358731119433e-30,2.1409742632654526e-30,2.1306314076478813e-31,-3.625141594977016e-30,8.450523855386728e-30,1.4794684681253285e-30,-2.0939643620130928e-30,1.0743007879172779e-29,4.727372125609769e-30,1.1064653991610056e-29,2.3972300890142394e-30,1.0113623049330882e-38,-2.530080876682349e-39,-6.271601222744233e-39,-3.386899848847452e-39,-2.9249585953739137e-39,5.708515748804766e-39,-0.7614070177078247,-0.6211967468261719,0.17546886205673218,-0.056964971125125885,0.005384501069784164,-0.008876537904143333,0.008662899024784565,-0.01391035970300436,0.4911806583404541,0.8507499694824219,0.1869918406009674,0.0,-2.190803485560664,-0.7937442602236389,-0.01146300802361741,-0.041717391119860864,1.8069604058453974e-15,6.850388397961031e-16,-1.2738250805688922e-22,3.691802541371419e-22,3.278395526141079e-30,1.204307053617578e-30,0.9657338306590769,0.03430287341335151,3.670407242850615e-05,24.516468048095703,-1.1511483847519484,-0.41187258333987836,-1.1798678519568293,-0.4328159119004472,0.20434863633383596,0.09581480837527562
215.0,1310.0,0.5654272383137688,0.0167944159311258,0.41744952616070075,0.000328819594404667,1.0351917286946882e-12,0.9995878956120049,0.00023397867785440323,0.00017812571014079784,0.0018177807579153012,0.6105882878164101,0.3875939314256745,1.595680347102218e-05,1.451433799900904e-06,9.030424365749492e-06,0.17065834936956403,0.8293067719339314,8.44003486787536e-06,0.5651942232677677,0.010254473668262744,0.34619371898567997,0.7382904428262584,0.0003347523715328071,clean_balanced_ED_EQ,-3.1016613601497207e-31,1.2399743679033748e-30,-7.070258125125928e-33,-1.823264232283117e-32,1.692281043338745e-32,2.1793269088086836e-33,-1.8637587721275123e-24,2.11127771866877e-24,1.2628156007203923e-23,-5.0045622235215925e-23,3.986514747286017e-23,1.0092889419590285e-23,-2.614332992232853e-39,9.674889870535477e-39,-7.502125168223427e-40,-2.927979043433645e-39,3.364533490224356e-39,-6.746915084260002e-39,1.3234926844203937e-37,-7.208177090331234e-37,-1.5867720161889603e-36,-3.0354860097780636e-37,-4.143242784120505e-39,-3.065280546823109e-39,1.1085851659957096e-31,-6.97629754910979e-30,1.7779202379920434e-30,-1.5832810915065253e-30,-1.888779257150759e-30,8.559579310695174e-30,8.431423043376255e-31,-2.0946534483543083e-30,9.307907299126109e-30,3.0599442604760177e-30,7.437496746231943e-30,8.916457950650195e-31,-1.5381699842019744e-39,-4.6278640646981466e-39,-5.647703195366662e-39,-2.333600332555459e-39,-1.561390313241574e-39,5.5133157004901426e-39,-0.890247642993927,-0.40022072196006775,0.19856180250644684,-0.0867248922586441,0.0038235599640756845,-0.0064071184024214745,0.005286566447466612,-0.013640958815813065,0.5047189593315125,0.8427887558937073,0.1869918406009674,0.0,-2.196080973402945,-0.4903606976747674,-0.007648767811649142,-0.09309760996969488,1.809720937954566e-15,4.786586916031639e-16,-6.828446717617481e-23,3.7619794957521086e-22,3.5222194297424335e-30,8.897476434854321e-31,0.952773162919502,0.04716201989410082,6.481718639717027e-05,18.895395278930664,-1.1102407816716964,-0.27771468686051626,-1.1357332050022917,-0.21726512816282945,0.14946856278994877,0.03771583296961848
215.0,1330.0,0.5910242074177499,0.006107037760915085,0.40262360038622713,0.00024515443510801324,8.797915010155184e-13,0.999669779745837,0.00013411739891313452,0.00019610285524989548,0.004612479867159781,0.8020976835289371,0.19328983660390323,7.81592962964551e-06,7.251610382185693e-07,4.834068044128587e-06,0.18394279152392173,0.8160391845255336,4.6487918326336606e-06,0.59082903925376,0.004898440841253736,0.32855663452991113,0.6812303038234833,0.0014369513644236858,clean_balanced_ED_EQ,-2.3962350907311805e-31,1.218496156673795e-30,-7.068746285173645e-33,-1.2527194591304422e-32,1.739148332922953e-32,2.380696742960492e-34,-1.302628520298388e-24,2.216119986033818e-24,2.9156562493332405e-24,-3.377302421678147e-23,1.5993485943369283e-23,4.596019761729819e-24,-1.5127764020021626e-39,6.47114208602719e-39,-8.78275536988304e-40,-1.8237814652293402e-39,2.391045334230085e-39,-4.6473611563116724e-39,9.426030778132054e-38,-7.147044485303743e-37,-1.5161233763973262e-36,-8.305594064660745e-38,-3.508434031134144e-39,-9.082773152828334e-40,-7.352589058914003e-31,-5.485000585752644e-30,1.3150224887011696e-30,-2.751819493253174e-30,-5.797632268365697e-31,8.236817587193421e-30,4.237608644288712e-31,-1.977497156365971e-30,8.18998504111808e-30,2.225931030298064e-30,4.926571900682948e-30,4.063170652361087e-31,-8.800864504671765e-39,-4.6764589628895255e-39,-5.095908754243435e-39,-1.7583422929815398e-39,-6.139318430488838e-40,5.0775107225536135e-39,-0.9416967630386353,-0.21682870388031006,0.206965371966362,-0.15202566981315613,0.0031375386752188206,-0.004279828164726496,0.0029992260970175266,-0.01263469085097313,0.5177267789840698,0.8348610401153564,0.1869918406009674,0.0,-2.142622401685575,-0.27911815585466243,-0.039011133380960385,-0.17193564030481534,1.7924920906820954e-15,3.701288193459565e-16,-1.8689453399109907e-23,3.6688339115965657e-22,3.6785041140607854e-30,7.175526492355663e-31,0.9338356414219168,0.06611510024539406,4.9258332689205986e-05,15.980484008789062,-1.0746035885975143,-0.2113262986936424,-1.052775195231888,-0.05767290148719751,0.09935125817565874,0.008577085514155511
215.0,1350.0,0.5960840038086179,0.0022311433627603037,0.40149888868238615,0.00018596414623547043,7.928873344055262e-13,0.9997412492423231,5.641917872922956e-05,0.00020233157894754955,0.011990696664988571,0.8324307307367735,0.15557857259823787,4.920096578557771e-06,5.301493551993023e-07,3.0483591258581657e-06,0.26956987461233795,0.7304189115951353,2.715187467122889e-06,0.5959297666209934,0.0018572722998410616,0.2932623812780449,0.6735609177851611,0.003515746414667336,mixed_higher_order,-1.9540872010530566e-31,1.204108160288634e-30,-6.484269056691277e-33,-6.475427791021388e-33,1.729357299210644e-32,-1.4463734442544094e-33,-9.558988935495103e-25,2.2561545884538338e-24,-1.4739786163053923e-24,-2.0362753418624314e-23,-8.656996670241517e-24,1.7197794327228566e-24,-1.021756119019781e-39,5.1265779896727636e-39,-8.757951892668064e-40,-1.4755968573711987e-39,1.8975476917537196e-39,-3.650977071818332e-39,8.05634154738506e-38,-8.614483890499792e-37,-1.4216213060158483e-36,8.564076076998448e-38,-2.7455306707851574e-39,4.4928538280497146e-41,-1.3039583320574066e-30,-4.2439591976424216e-30,8.616183591822317e-31,-3.496428997395457e-30,4.42340728621089e-31,7.740388950783793e-30,1.3629105282557306e-31,-1.8225458880769605e-30,7.499854675726241e-30,1.7120662269449415e-30,2.5772269561629396e-30,2.095360338362566e-31,-1.4934619995759285e-38,-4.305314581124975e-39,-4.80662056592423e-39,-1.3800576119049567e-39,6.603869979961586e-41,4.6030649211514373e-39,-0.9536851048469543,-0.06226804107427597,0.19303041696548462,-0.22158603370189667,0.003023390658199787,-0.0026726184878498316,0.0011497230734676123,-0.011347422376275063,0.5302302837371826,0.8269763588905334,0.1869918406009674,0.0,-2.0691408660402577,-0.12339621655401813,-0.09497182770784654,-0.24179011827839397,1.778649618388616e-15,2.996968585556864e-16,2.094755469762896e-23,3.4925096622809844e-22,3.811976699843798e-30,6.014236805826812e-31,0.9134088719268276,0.0864911980633382,9.993000983421485e-05,14.324176788330078,-1.0461826056620835,-0.16977976789050017,-0.9581219031656601,0.05771880904588651,0.05901437263614339,-0.004271815384298364
215.0,1370.0,0.30034138948833683,0.05025647875541363,0.649264341859046,0.00013778989720340028,1.2826547673723968e-12,0.9993667991936537,0.0004092630252464294,0.0002239377810999073,0.000298976804474231,0.005925330748181533,0.9937756924473442,4.069939175873716e-06,6.36983262799061e-07,1.622335810129835e-06,0.7733367046548851,0.2266564363693687,5.297174974576508e-07,0.30015121307833365,0.00029778625886478434,0.14715994198747492,0.4625872239161724,0.01840753226354605,EQ_dominated_with_ED,-1.2757007753746907e-31,1.1267821043229279e-30,-4.809200332197583e-33,2.2438388792891639e-32,1.6859043424324168e-32,-1.9797468127182276e-33,-1.1075193065810008e-24,2.135162104488221e-24,-4.02967058914773e-24,-9.920844167975838e-24,-1.3866803794104494e-22,-1.3349675924818115e-24,-1.0707204046382426e-39,7.964940938722157e-39,-4.991835337212138e-40,-3.1399423624017306e-39,1.5698925150781356e-39,-4.825000299717859e-39,7.395228991162343e-38,-2.4760155482625254e-36,-1.3218196264727545e-36,2.263235731249231e-37,-1.7486110312697936e-39,-1.070261188922793e-39,-2.8828899399609818e-30,-3.25112517099241e-30,1.183865382907924e-30,-3.9452589052696086e-30,1.6990265608929175e-30,7.196383675494047e-30,-6.019717788625687e-32,-1.679729983812941e-30,8.430802731915905e-30,1.0401604081446794e-30,-5.576334855755517e-30,-3.2246592556627567e-32,-3.336821305512503e-38,-3.5534452072428194e-39,-6.095024520447331e-39,-8.665410088274083e-40,7.93840279752738e-40,4.150923740156096e-39,-0.9469150900840759,0.09556468576192856,0.16039183735847473,-0.26170775294303894,0.002612354466691613,-3.939270391128957e-05,-0.0006360390107147396,-0.008722909726202488,0.5422537326812744,0.819142758846283,0.1869918406009674,0.0,-1.975680831568676,0.029814176358457605,-0.14632874170218937,-0.26953694612495854,1.744243641908886e-15,1.9664458919861942e-16,5.370919100088037e-23,3.282127172752228e-22,3.8688385813198794e-30,3.980537227739914e-31,0.9057876229413546,0.09429298314143675,8.060608279136794e-05,22.69374656677246,-0.9647063507208922,-0.10922046373491455,-0.8650385131386438,0.14811295222377607,0.028332384156335048,-0.01150811092505173
215.0,1390.0,0.7079093999555768,0.03099274317445265,0.26093372122745107,0.00016413564251959177,6.753781024448693e-13,0.9994650955560083,0.0003633657544127026,0.0001715386895790892,0.0006544180085974957,0.0007528467861724824,0.99859273520523,4.354789680405989e-07,6.378624154440022e-07,4.4772562728617407e-07,0.14625899057593322,0.8537355641101676,3.924246888410368e-06,0.707530736071597,2.3332787093555815e-05,0.22276839768748316,0.3685976217349641,0.000876223426491532,clean_balanced_ED_EQ,-1.8563198258663272e-31,1.287198318197454e-30,-4.9216675306200214e-33,-2.4303923176442467e-32,1.6268232990301403e-32,-5.06259833868389e-33,3.461936252580413e-26,2.0871864342399206e-24,-1.0757566993589413e-24,-1.963592830257635e-24,8.122349980048949e-23,7.213223282818623e-24,-6.436451654792805e-40,-1.0867333614740045e-39,-5.961885843644244e-40,1.4075542304933822e-39,1.2398381488562446e-39,-3.2083086173370854e-40,-2.0382343217936313e-38,5.171810243646029e-37,-1.2159363550495902e-36,2.9192866948029066e-37,-1.0170619265641342e-39,2.4805915630894217e-39,-3.616827326742949e-31,-2.3932854152070554e-30,-8.625146847133815e-31,-4.168602297210771e-30,1.2241982667635777e-30,6.56188750007385e-30,-2.190866530017777e-31,-1.5217639484369136e-30,5.052142220639498e-30,1.3659422233346734e-30,6.2583872289785435e-30,6.005096115533299e-31,-7.995590120502309e-39,-2.939211170412147e-39,-2.8018672773616482e-39,-1.0838183739802125e-39,6.169198621612263e-40,3.683862362646244e-39,-0.9117379784584045,0.14138542115688324,0.12324055284261703,-0.36522558331489563,0.003637161571532488,-0.0025151045992970467,-0.0009322231635451317,-0.010039901360869408,0.5538206696510315,0.8113671541213989,0.1869918406009674,0.0,-1.9312106093663797,0.035245804628257646,-0.2594284858537701,-0.36350396939866453,1.8010706454931787e-15,2.694962258422409e-16,7.254163158200231e-23,3.0413019763007954e-22,4.152979111082406e-30,5.837050150873894e-31,0.8512755333745703,0.14867962923202233,4.483739340743753e-05,12.802505493164062,-1.086191568357345,-0.15664400073596738,-0.7730109124781611,0.18558869980023882,0.005527028427413395,-0.003027989187329207
215.0,1410.0,0.7760216250243,0.009408280334159407,0.21444512438814078,0.00012497025339977292,5.729236562317075e-13,0.9996836332481569,0.00015141836585834425,0.00016494838598468206,0.0021159357776625617,0.008370162659934722,0.9895139015624027,1.594621339367315e-07,4.892224810997213e-07,4.399131041756801e-07,0.0018874366417536718,0.9981087123722979,2.7623882290195347e-06,0.7757761175834311,7.874883674717923e-05,0.21403954697756447,0.27633910895385905,0.002561987560664669,clean_balanced_ED_EQ,-1.5271405646816265e-31,1.2815410587095883e-30,-4.576921252256292e-33,-1.521001305858145e-32,1.5523211508165975e-32,-5.819474026743926e-33,8.462467000183458e-26,1.958159424535886e-24,-1.3042855875336646e-25,3.896060668222421e-24,4.225644054606364e-23,3.2996429243411784e-24,-3.664804067579983e-40,-5.562269340684043e-40,-6.637729275202845e-40,9.59502621783786e-40,1.0302490516104644e-39,-4.032685524894293e-40,1.280601565922973e-38,4.961713605220591e-38,-1.1204202906995533e-36,3.650409669639821e-37,-3.672982199538934e-40,1.9256695382038444e-39,-7.249327516170222e-31,-1.8043087944184774e-30,-1.0321684499582158e-30,-4.2231821781836476e-30,1.7571014826146356e-30,6.0274915346809205e-30,-3.1703661009173128e-31,-1.3873874098805403e-30,5.126623567211111e-30,1.0944583593309616e-30,3.49023997235334e-30,3.6021021962701835e-31,-1.4393064403223225e-38,-2.7949189668733482e-39,-3.062274595860935e-39,-8.840302114536495e-40,9.118058270237295e-40,3.304868117376135e-39,-0.880938708782196,0.23793673515319824,0.07378276437520981,-0.4022625684738159,0.003521624254062772,-0.0017030438175424933,-0.0019212098559364676,-0.008410810492932796,0.564952552318573,0.8036558032035828,0.1869918406009674,0.0,-1.8577224001295396,0.11069256567027044,-0.331527909277363,-0.3790396066547515,1.7999362990817337e-15,2.2027359356563795e-16,9.031966433181007e-23,2.814690570587495e-22,4.271519875824407e-30,4.873042369168314e-31,0.8326822007618373,0.16733350309445774,1.570385629512394e-05,10.442798614501953,-1.0660784784254531,-0.12703858986593036,-0.6922247477904032,0.22553178783654118,-0.010810895245874953,-0.0003619167168658149
225.0,1295.0,0.5013384425066257,0.06211626431814937,0.43603579866075326,0.000509494514471606,1.5113990556269596e-12,0.99944325765008,0.0004429973638732638,0.00011374498604673793,0.0007113265142790343,0.4703207148556735,0.5289679586300475,4.415064053591511e-05,4.634288643959338e-06,2.157020095040317e-05,0.1954468249966833,0.804447333692222,3.5486180964295305e-05,0.5010593261640394,0.029214565838275978,0.35076783562700153,0.8697433942640267,0.002942831025438613,clean_balanced_ED_EQ,-5.181564256461526e-31,1.3232282923674097e-30,-3.9271475795463816e-33,-2.9659285722900926e-32,1.3607560560358775e-32,6.682892941231695e-33,-3.894892772149539e-24,9.136267717827855e-25,6.439220509106492e-23,-8.022404692073407e-23,1.025570638251755e-22,3.7200404916279753e-23,-6.940451974318897e-39,1.8637064776999208e-38,2.7758370855451326e-40,-6.437220648212698e-39,6.662871548017819e-39,-1.2199844828208193e-38,2.8497696142487193e-37,-8.911865901176905e-37,-1.566057910277645e-36,-1.072688562579902e-36,-2.9840302589033156e-39,-1.2249148207111756e-38,4.845076564592034e-30,-1.0060378955156192e-29,1.4651496465253684e-30,1.95864543369752e-30,-6.310227810895757e-30,8.101735121237026e-30,2.3545963355132155e-30,-1.9355115188539128e-30,1.1774314932846295e-29,5.498418365427259e-30,1.2770720882848186e-29,3.326970735037072e-30,1.5867647749154337e-38,-8.978812947165842e-40,-6.773441241768083e-39,-3.8379795217251564e-39,-5.123426716025171e-39,5.7366987947095464e-39,-0.5573161244392395,-0.827987790107727,0.007090345025062561,0.05804503336548805,0.005901390686631203,-0.010943681001663208,0.010418148711323738,-0.01264067180454731,0.45286986231803894,0.8717470169067383,0.1869918406009674,0.0,-2.1400608032482586,-1.1298012454513795,-0.1166564307008507,0.19155997142204376,1.8494479968686617e-15,7.684278439691291e-16,-2.251632820746978e-22,3.4481927782053945e-22,3.192825604931567e-30,1.284953881308637e-30,0.9963196336933537,0.0036878232972165845,7.456990570364752e-06,27.245880126953125,-1.1985075480242628,-0.46931764592421116,-1.1470244158063017,-0.7856669691206866,0.2423761366480955,0.19454433551133216
225.0,1315.0,0.5250244947464949,0.02645496386462145,0.4481590348717607,0.0003615065171228395,1.1931019204007966e-12,0.9995680050262524,0.00026614320187184307,0.00016585177187573359,0.00136967822672158,0.6734226497133118,0.3252076720599667,1.723869656896044e-05,1.8839460260852413e-06,8.921148020850405e-06,0.15538618701160092,0.8445673469001813,1.842229760181842e-05,0.5247976868036701,0.01781537186378329,0.37850048707098877,0.8535964309401444,0.00030940365091155055,clean_balanced_ED_EQ,-3.265195811299374e-31,1.2917439737315834e-30,-7.40264955244398e-33,-2.044179656122326e-32,1.6181020702877336e-32,5.720558200923228e-33,-2.7346360447755005e-24,1.8809142668212914e-24,3.342077513942723e-23,-6.556880079235684e-23,4.960853428479298e-23,1.2432998986326056e-23,-2.944481287195482e-39,1.1344288003095928e-38,-8.012662188501018e-40,-3.790750657628823e-39,3.7457311246204065e-39,-7.553525316483054e-39,1.4296195964870518e-37,-7.737199482962848e-37,-1.674272809775592e-36,-7.4945783689691654e-37,-5.681910733693581e-39,-6.411937735816161e-39,2.4899959209975018e-30,-8.672635294883607e-30,1.852901733435419e-30,-2.6966589980109126e-31,-4.342898504892659e-30,8.942301109638724e-30,1.5342924710475472e-30,-2.1271093433741175e-30,1.0145041681825137e-29,3.2693169128973056e-30,8.673397987176438e-30,1.118951918085846e-30,1.855904836785448e-39,-4.54142355140111e-39,-6.095059684864649e-39,-2.4726264135387936e-39,-3.3415350388230827e-39,5.945191390774876e-39,-0.7668366432189941,-0.6307244896888733,0.07593224942684174,0.08934387564659119,0.0029202206060290337,-0.008048782125115395,0.007363881450146437,-0.01304482202976942,0.467280775308609,0.8641080260276794,0.1869918406009674,0.0,-2.2350571574548814,-0.7847420385732922,-0.02868437788331442,0.17476246088844538,1.857608581885395e-15,4.999952137108953e-16,-1.6590501759737798e-22,3.8151840057228446e-22,3.518960232616963e-30,8.990117164367247e-31,0.9859251298587501,0.013972428750373828,0.0001024413908760069,20.503807067871094,-1.152196243963218,-0.29124551196592785,-1.189266266987077,-0.5323534604077277,0.19508619977028885,0.09943649931886833
225.0,1335.0,0.5440787782687928,0.011369388951597816,0.44428238577680795,0.00026944700280143955,9.927941796599723e-13,0.9996373964770228,0.00015995080517971114,0.0002026527177972915,0.002775042398155961,0.8278663211198701,0.16935863648197397,7.793924918788788e-06,8.401277825518987e-07,4.496351353286713e-06,0.15185080425450093,0.8481263029497255,9.762391718986201e-06,0.5438814933870154,0.009412334204740181,0.3768075773145678,0.8165773110843846,0.0008966649165250836,clean_balanced_ED_EQ,-2.3478030630760762e-31,1.2534172056775897e-30,-7.47117570348605e-33,-1.4296297489837571e-32,1.7710582103181294e-32,4.000488047001979e-33,-1.9852033995557485e-24,2.1300989416168603e-24,1.4868149650819923e-23,-4.8044235730031275e-23,2.2089137319459425e-23,5.431135672746485e-24,-1.7045296963657122e-39,7.292574853188347e-39,-9.565821782416952e-40,-2.265110176081403e-39,2.6610991716819785e-39,-5.0274686603294453e-39,8.755146844060714e-38,-7.3397089764038645e-37,-1.68304626974806e-36,-4.679975811695968e-37,-5.283773332256767e-39,-2.6847846140707486e-39,8.678912666665194e-31,-7.181121653954502e-30,1.8373278490413178e-30,-1.91959570197762e-30,-2.7052191157078374e-30,9.100717897966786e-30,9.702147634719342e-31,-2.1139185613717243e-30,8.73917427366025e-30,2.211557975301995e-30,5.872449787199651e-30,4.5060895326708735e-31,-6.521707587301125e-39,-4.82883942646277e-39,-5.3928289852846465e-39,-1.7553177819818222e-39,-2.0153547798565986e-39,5.739576353832797e-39,-0.8801817297935486,-0.4496857225894928,0.14315737783908844,0.04853152483701706,0.0018731005256995559,-0.0051887016743421555,0.005030780099332333,-0.012509393505752087,0.48113685846328735,0.8564702868461609,0.1869918406009674,0.0,-2.233168146194507,-0.5281406610664261,0.014413033343863358,0.08579360247349314,1.8221748974709136e-15,3.6272776426921463e-16,-1.0768968638306946e-22,3.9426662893238397e-22,3.692339089844784e-30,6.849747338969607e-31,0.9769675576938424,0.023031137407059123,1.3048990985531361e-06,17.306514739990234,-1.1012607227897864,-0.20627954415333763,-1.1599463590044254,-0.322541394172017,0.1408040297720759,0.04357433007891799
225.0,1355.0,0.5549542484753102,0.004246588628135845,0.440591875784807,0.00020728711174701565,8.65451760447405e-13,0.9996972345341097,7.769584623935257e-05,0.00022506961965088206,0.0074540950008373345,0.9854431737889375,0.007102731210224998,4.4160025895702596e-06,5.41021292886092e-07,2.641333855618162e-06,0.19461275272274012,0.8053731514541861,6.497465335654819e-06,0.5547862274937228,0.004184771775486198,0.3548408675059213,0.7939246829721476,0.0025468762283760477,clean_balanced_ED_EQ,-1.847516041023193e-31,1.2249493403042465e-30,-6.860885221113663e-33,-8.497002741374437e-33,1.8473940143817957e-32,2.053689924251429e-33,-1.594893204693849e-24,2.3078064008794084e-24,4.591427762885282e-24,-3.1926472059982485e-23,-4.392599137975318e-25,2.7029157240001788e-24,-1.1844239395915268e-39,5.3510134523493504e-39,-9.30244307005902e-40,-1.6776457858258287e-39,2.1146809197294736e-39,-3.6733654121516463e-39,6.394828110984319e-38,-8.11022045414184e-37,-1.6383013567137174e-36,-2.3433101465989494e-37,-4.637788012731268e-39,-7.66641518983812e-40,-2.296307941998182e-31,-5.7890013992757315e-30,1.57011785608662e-30,-3.1106408433525015e-30,-1.3404874453890542e-30,8.899642242628233e-30,5.863517420933691e-31,-2.0249463501991847e-30,7.784090948615761e-30,1.6471776481850094e-30,3.5554252217225554e-30,2.3924692142860662e-31,-1.2744332312919468e-38,-4.4057852571431886e-39,-4.924125102650799e-39,-1.3495511724991445e-39,-1.0393202177805584e-39,5.3700226970758454e-39,-0.940205991268158,-0.28606903553009033,0.18316198885440826,-0.021740389987826347,0.0016202436527237296,-0.002888959366828203,0.003150795353576541,-0.011823401786386967,0.49446454644203186,0.8488455414772034,0.1869918406009674,0.0,-2.189547494301168,-0.3301039893817351,0.012684148285085102,-0.016442514821366355,1.788754029337942e-15,2.8422085103990746e-16,-5.580313628973389e-23,3.9182107216753204e-22,3.826049071822119e-30,5.577059469482246e-31,0.9658337703813731,0.03417067905908762,4.449440460740917e-06,15.445987701416016,-1.0603630770952077,-0.159928066392977,-1.0960227839281604,-0.15676733098935494,0.09218636623130105,0.013257557567860448
225.0,1375.0,0.47457367682098894,0.012456298779485744,0.5128161045259125,0.00015391987361280124,8.866974642634375e-13,0.999720084778509,3.6226143913213616e-05,0.00024368907757783633,0.0022512117419423664,0.10023717166488015,0.8975116165931776,3.4612183928229317e-06,4.933489180091964e-07,1.7451954990725212e-06,0.4465527512275027,0.5534384204943897,3.1285152977131256e-06,0.47444083642512785,0.0012485841590683497,0.2838121348929069,0.925426624929656,0.007289110151271954,mixed_higher_order,-1.42558964500648e-31,1.1855126497762066e-30,-5.8128910742591904e-33,4.227844076488085e-33,1.86358753230601e-32,4.943444562512158e-34,-1.415201122606245e-24,2.3602915521175794e-24,-8.711371390986109e-25,-1.834311511835932e-23,-5.494330551843819e-23,8.596462252514531e-25,-9.300409874108633e-40,5.457904899112928e-39,-8.038909862399423e-40,-1.9295132825196183e-39,1.733935127758889e-39,-3.528385067851603e-39,5.340166572908678e-38,-1.4051897239553192e-36,-1.564960523551666e-36,-4.0199371587673353e-38,-3.7197575545606915e-39,-1.3034617124099629e-40,-1.3530541812966766e-30,-4.580448897507069e-30,1.4157922522537677e-30,-3.931407938068844e-30,-6.273624102891295e-32,8.511858868829444e-30,2.87837002407861e-31,-1.9078249673660675e-30,7.601349231649053e-30,1.2004893075750446e-30,-3.544468201546324e-31,1.40390463215856e-31,-2.1990891168208015e-38,-3.773594724008476e-39,-5.123349196605385e-39,-1.0040268078043409e-39,-2.2867626899430394e-40,4.9549780768280635e-39,-0.9673792719841003,-0.13139835000038147,0.1953343152999878,-0.09248987585306168,0.0016099018976092339,-0.0007184032583609223,0.0014723669737577438,-0.01056606788188219,0.507288932800293,0.8412442207336426,0.1869918406009674,0.0,-2.121876593513261,-0.16357776107843985,-0.015392748847418935,-0.10207181220592725,1.7568383580459271e-15,2.1785060100041365e-16,-1.10949245033472e-23,3.800562564557238e-22,3.9292234131885406e-30,4.3810062349886185e-31,0.9530912901346724,0.046823681524019764,8.502834130785786e-05,15.837890625,-1.0112982554250751,-0.12160952658069563,-1.0167223542582284,-0.026116696942337436,0.05219458566154943,-0.002478785186499251
225.0,1395.0,0.5486556728378449,0.06419655466332219,0.3869497962633847,0.00019797623544815277,8.97875472692406e-13,0.9990285231756462,0.0007747519271535914,0.00019672489720016278,0.0003053912578217011,0.0030060127473429186,0.9966885959948353,1.0839641358759057e-06,7.846038383425801e-07,3.1572176389467544e-07,0.41340219179706855,0.5865902348826549,5.389030538467125e-06,0.5481226665671326,0.000192975661653443,0.2269809718779343,0.7052689244274846,9.59558036168347e-05,mixed_higher_order,-1.9400938956744182e-31,1.3151029194293126e-30,-5.1645650679288595e-33,-3.6657197187471687e-32,1.8434157998373206e-32,-2.8564641687623438e-33,-3.265137566367495e-25,2.3609505996094804e-24,-3.755660828643927e-25,-7.468261967246615e-24,1.3574903204450504e-22,1.0582251386406594e-23,-6.621777196900606e-40,-2.7496260705130254e-39,-7.880380547825812e-40,2.2735087802844516e-39,1.4502143745799303e-39,4.761213541990935e-40,-6.116858983993836e-38,1.2335204976243925e-36,-1.468767833313576e-36,8.390966229599799e-38,-2.6526148722264877e-39,3.5843181042942245e-39,5.9905413255654905e-31,-3.4798726525015446e-30,-4.642027588201371e-31,-4.450061513019522e-30,-1.3485245081545864e-31,7.929935027184305e-30,6.501484064255703e-32,-1.7674338311914553e-30,4.476448226339257e-30,1.4342106700582554e-30,9.800139755827421e-30,8.377990432350864e-31,-4.073361067321119e-40,-2.8636920291152048e-39,-2.1123881664283428e-39,-1.1436623258704854e-39,-1.5747672167358317e-40,4.472329652105194e-39,-0.9574723839759827,-0.05576886236667633,0.18934790790081024,-0.21016454696655273,0.00273798662237823,-0.002248997101560235,0.0008584032184444368,-0.011842474341392517,0.519633948802948,0.8336753845214844,0.1869918406009674,0.0,-2.0754239420546896,-0.11317707394038877,-0.10419770764202037,-0.22738747064864925,1.7923837163186187e-15,2.7955333495047173e-16,2.089376210453195e-23,3.605858319776877e-22,4.198472339886552e-30,6.051080838758e-31,0.919876086645032,0.08016274808268203,3.883472771404328e-05,17.59294319152832,-1.1057610756167902,-0.1631264200834909,-0.9270627246095355,0.05296243448748388,0.020945966121067545,-0.0010533367043630711
225.0,1415.0,0.7096208671927507,0.011744334674021984,0.2784893695280422,0.00014542860518507427,6.082352342905444e-13,0.9996046793892835,0.00019161492323979378,0.0002037056874767916,0.0022813379778521404,0.0008033433799576983,0.9969153186421902,2.4381324557520523e-07,3.922847960485794e-07,4.69000508965791e-07,0.009209911303947844,0.9907839403626562,5.043234845459269e-06,0.7093403394381549,9.434733512383215e-06,0.2759227948901055,0.39244811194707657,0.002048924235852022,clean_balanced_ED_EQ,-1.4937020420059534e-31,1.2718649346545061e-30,-5.0367572216840906e-33,-1.6999841256318696e-32,1.7909631319858907e-32,-3.666707662241212e-33,-3.7796225259463368e-25,2.3290196825999075e-24,-1.1190499371713198e-24,8.415104570813173e-25,4.921420774224948e-23,3.278915276826336e-24,-6.5463691508826255e-40,-7.258318267549605e-40,-6.621193573604268e-40,1.0482196944269768e-39,1.316755028344797e-39,-3.2238643483620745e-40,1.2678254004501445e-38,1.3373019157318675e-37,-1.377180765186643e-36,2.111037765648317e-37,-1.7328862733743604e-39,2.622604434816645e-39,-4.967211811138714e-31,-2.7249624631142734e-30,-3.97464784982788e-31,-4.708363000755258e-30,8.941861371248752e-31,7.433323639568562e-30,-1.065693773627908e-31,-1.6344886108162094e-30,5.110390590500881e-30,1.108631347887084e-30,4.327621810799308e-30,4.14235811834838e-31,-1.272203519121062e-38,-2.93821865788966e-39,-2.997098205468663e-39,-9.048635497588019e-40,4.120103011234252e-40,4.0850518596755656e-39,-0.9487185478210449,0.0728011280298233,0.16188202798366547,-0.2614029347896576,0.0028421063907444477,-0.0006374860531650484,-0.0007341360324062407,-0.009926097467541695,0.5315216183662415,0.8261469602584839,0.1869918406009674,0.0,-1.9954037021188307,0.0060601114866217,-0.15886429304306274,-0.2689609861893644,1.7717220129554082e-15,2.1575114057516706e-16,5.09974936926567e-23,3.405450863183734e-22,4.289171116773184e-30,4.7529585024028345e-31,0.9053753711792913,0.09463635166739945,1.1722846690709332e-05,11.734286308288574,-1.0542905600690302,-0.12381786143593101,-0.8448555287361411,0.12950528883091528,-0.0023267950872454023,-0.0030941979083937772
235.0,1300.0,0.4809770638006259,0.08598087916139883,0.43248484136449594,0.0005572156734793663,1.7286124822741454e-12,0.9994283810225348,0.0005011444842975282,7.047449316765629e-05,0.000645729448913149,0.4922534283265785,0.5071008422245085,5.338648608887277e-05,5.884526989890579e-06,2.528617842282646e-05,0.2053644493247838,0.7944896307904206,6.136269329404725e-05,0.48070212818323194,0.042324382537731846,0.34360472193813196,0.8991797611866356,0.004989697401530701,mixed_higher_order,-6.195119468316237e-31,1.3661739682888233e-30,-1.696400971254094e-33,-3.3547812615407255e-32,1.0474934963230027e-32,6.996427748832451e-33,-4.828550003230014e-24,-2.0870104229699374e-25,1.0439276339725326e-22,-8.311919184923204e-23,1.2465058621716258e-22,5.297137903210471e-23,-9.331499459812271e-39,2.163648233655716e-38,9.270622064428078e-40,-7.767822256642541e-39,8.404423050519434e-39,-1.3868650379478138e-38,3.7052584040434114e-37,-9.64673896414601e-37,-1.3700487614944646e-36,-1.5014239039402147e-36,8.9298269657905e-42,-1.7862892652474779e-38,8.812912081213684e-30,-1.0386245515874801e-29,-1.93386716218006e-31,3.550283803460792e-30,-8.619524065292627e-30,6.835962362265535e-30,3.2217533140430634e-30,-1.5009479353452472e-30,1.2631483837928403e-29,6.672678718286703e-30,1.4253962944095244e-29,4.758352591493641e-30,2.1825226053816144e-38,2.1407205602873467e-39,-7.153518044627453e-39,-4.4829011443732214e-39,-7.455849817130091e-39,5.124648401790213e-39,-0.30634790658950806,-0.9327236413955688,-0.18029746413230896,0.05929603800177574,0.007469167932868004,-0.012792063876986504,0.011609808541834354,-0.010850954800844193,0.41396820545196533,0.890878438949585,0.1869918406009674,0.0,-1.9784966749245758,-1.4183678865502065,-0.3074269213748673,0.32267750557822095,1.869775953132538e-15,8.957303718145946e-16,-2.984549175148611e-22,2.864856636324486e-22,2.9390025772959793e-30,1.3656637301745198e-30,0.964041856457826,0.03627572656971729,0.0003175830275432556,29.51597785949707,-1.232646132276043,-0.558961759546103,-0.9957577646755335,-1.0912418246976106,0.25015720770698724,0.3141825806444524
235.0,1320.0,0.5035108567917779,0.03844200918348379,0.45765071368481614,0.0003964203399221016,1.3548438233860994e-12,0.9995736220154905,0.00029632202715488746,0.00013005595735473256,0.0009886128944980293,0.7107045921791886,0.2883067949263134,1.88216637850286e-05,2.060796517829757e-06,9.479330721348304e-06,0.15368488798297367,0.8462574433307227,2.7306895279308637e-05,0.5032961708474804,0.02732091245929647,0.3872903229013931,0.9089192566786564,0.0005257733954391971,clean_balanced_ED_EQ,-3.722089501506687e-31,1.350671365819482e-30,-7.099282468453991e-33,-2.305395334424121e-32,1.370952459351758e-32,8.212095182374277e-33,-3.3554149372391496e-24,1.4360435831122486e-24,6.194591375191955e-23,-7.575663961384194e-23,6.019495966796195e-23,1.6166225917866548e-23,-3.742081547754911e-39,1.2803013890874173e-38,-5.71000039406116e-40,-4.376594053228419e-39,4.3130984786030236e-39,-8.426438592541859e-39,1.7635232359581736e-37,-8.338393225413337e-37,-1.6017661257249614e-36,-1.1975650309944959e-36,-5.150243998709461e-39,-1.012622395522523e-38,5.622191569416594e-30,-9.671992592134992e-30,1.1465237644114127e-30,1.22691112250422e-30,-6.768715333828007e-30,8.445082678486598e-30,2.2135754472829307e-30,-1.9548994698176803e-30,1.106068540772672e-29,3.793648618133848e-30,9.862808757111472e-30,1.6362920471361533e-30,5.4823918246189134e-39,-3.938444582245346e-39,-6.592204182839145e-39,-2.790086729505431e-39,-5.28583610090375e-39,5.887936731698299e-39,-0.575078547000885,-0.7910698056221008,-0.1101161539554596,0.17643612623214722,0.003751490730792284,-0.010005656629800797,0.008305946364998817,-0.012088265269994736,0.4292374551296234,0.8836227059364319,0.1869918406009674,0.0,-2.1724624438969227,-1.075092515670094,-0.16348374999994134,0.39057950092404864,1.91420679994711e-15,5.60359451368767e-16,-2.549223031813935e-22,3.4943750523665624e-22,3.416066411488072e-30,9.495849055764514e-31,0.9566209594349341,0.04347038890400467,9.134833893864602e-05,21.444538116455078,-1.2001942051571681,-0.33074146412175487,-1.1291603620734523,-0.844219978364334,0.22454419491102767,0.18360892724855274
235.0,1340.0,0.5167932829767157,0.018221972127918748,0.46469100338799346,0.000293741507372178,1.1187549901436952e-12,0.9996384737197361,0.00017818171219360267,0.00018334456807009593,0.0019364026628880856,0.8489248632223346,0.1491387341147773,8.138917550721628e-06,9.591346672561344e-07,4.362830400613054e-06,0.13927392720064927,0.8606943043293681,1.8307587364083382e-05,0.5166064486234557,0.015469085196334616,0.39995689988914507,0.8991815851618379,0.0005065800529946121,clean_balanced_ED_EQ,-2.491773800845177e-31,1.3056545900149856e-30,-7.717587988541861e-33,-1.598024678239117e-32,1.6415438269971136e-32,7.388368622593007e-33,-2.6715434523828775e-24,1.9258139257407564e-24,3.3681275793995495e-23,-6.017016775285539e-23,2.818556615303065e-23,6.3959804347160414e-24,-1.8577000581439915e-39,8.194353152837992e-39,-9.531788468288205e-40,-2.722344802706351e-39,2.8108822608642482e-39,-5.472013988710998e-39,9.711429949993163e-38,-7.711113334324296e-37,-1.7103699086513628e-36,-8.986353020217898e-37,-6.671697034133973e-39,-5.906788862908545e-39,3.2153098202960935e-30,-8.474068220098503e-30,1.8390348730998254e-30,-7.1572857481339815e-31,-5.054345610397196e-30,9.189796519811517e-30,1.5567145722234939e-30,-2.0610399651989116e-30,9.45129300549472e-30,2.381630580759243e-30,6.805494897733367e-30,6.28140372563793e-31,-4.176538456038712e-39,-4.82496710936622e-39,-5.783834682993208e-39,-1.8717362109273068e-39,-3.676917653759608e-39,5.978013203672835e-39,-0.7419698238372803,-0.6418485045433044,-0.004775255918502808,0.1929572969675064,0.0013504413655027747,-0.006963375490158796,0.0065568583086133,-0.011642678640782833,0.4439294636249542,0.8763336539268494,0.1869918406009674,0.0,-2.23944816673881,-0.8015857606995941,-0.046988205499701306,0.3355788266126649,1.8758808917218773e-15,3.817261899465084e-16,-2.0063132096773935e-22,3.8683366281543615e-22,3.656238437735043e-30,6.889487381671554e-31,0.9625390345596995,0.037433865878905424,2.709956139512748e-05,18.00864028930664,-1.1428764013647228,-0.21811201035123293,-1.1699972265137402,-0.6147212984130827,0.1756837062560653,0.09834194558383998
235.0,1360.0,0.524965490150853,0.007801542710499668,0.4670066943749979,0.00022627276364935669,9.601939294426174e-13,0.9996809694466028,9.522354531738958e-05,0.0002238070080798037,0.004507984410968533,0.9770076271421996,0.018484388446831913,4.092531620321282e-06,5.598140944929774e-07,2.299367183505066e-06,0.15976380004884635,0.840216294354503,1.2953883752389114e-05,0.5247980101200157,0.007622166731633804,0.39238663418650666,0.8895950365057326,0.0018075881443414942,clean_balanced_ED_EQ,-1.8246715293652727e-31,1.2653890028329043e-30,-7.17784147208982e-33,-1.020644351886843e-32,1.8239647402471623e-32,5.765879271831609e-33,-2.253570012241225e-24,2.1831217391893912e-24,1.5914100001426463e-23,-4.336293472861141e-23,5.489209802477204e-24,3.199224490486953e-24,-1.2254949158133639e-39,5.653715488492908e-39,-9.633152531215432e-40,-1.9104598596007755e-39,2.1888186243939697e-39,-3.743254833106494e-39,6.035539301532825e-38,-8.059682460564666e-37,-1.744075465847296e-36,-6.273756196289907e-37,-6.643822774788028e-39,-2.9705676075569144e-39,1.463930283433817e-30,-7.159048480072303e-30,2.038318667640756e-30,-2.290512624358459e-30,-3.502248561880362e-30,9.449562272013395e-30,1.0891596099948062e-30,-2.060458758715927e-30,8.252841447147812e-30,1.6496739989717684e-30,4.417889435695633e-30,2.990077931809694e-31,-1.0875853348674735e-38,-4.492377352761488e-39,-5.17159973305018e-39,-1.3565354540068789e-39,-2.4358004883646728e-39,5.810206559643244e-39,-0.8517439365386963,-0.49335914850234985,0.08484743535518646,0.15402063727378845,0.0003864081809297204,-0.004092327319085598,0.00507016945630312,-0.011246934533119202,0.4580710828304291,0.8690252304077148,0.1869918406009674,0.0,-2.245918734661743,-0.5769842440513181,0.019767742025495003,0.23471894131817841,1.8279848572855747e-15,2.8043773880310985e-16,-1.452399253512192e-22,4.0541838447729347e-22,3.817961516291022e-30,5.284458569661197e-31,0.9688878792955673,0.031073644147284352,3.847655714839249e-05,16.12450408935547,-1.091342105593438,-0.1573698573652654,-1.1582220745858,-0.41663351497134293,0.12474835266203921,0.04578236624669707
235.0,1380.0,0.4951535090782667,0.00642031939015645,0.49825276248785483,0.00017340904372210262,8.92388824847174e-13,0.9997178058016893,2.6949773392876727e-05,0.0002552444249178296,0.005114360968179175,0.4555003562158275,0.5393852828159933,2.9869869601178817e-06,5.002522035615652e-07,1.5226736638504002e-06,0.2905132213597844,0.7094735025588065,8.266168581523207e-06,0.4950137796307316,0.002924457769235648,0.35349713256185944,0.9937797566959528,0.004681929858647408,mixed_higher_order,-1.3862076784893385e-31,1.2246697871367418e-30,-6.246784403064986e-33,-1.388093347492244e-33,1.9280882698120828e-32,4.0101628758945375e-33,-1.975061261998732e-24,2.2705036508360706e-24,5.2811994438632585e-24,-2.7904628618893987e-23,-3.0844293220220257e-23,1.929995039756217e-24,-9.184733753866156e-40,5.0589934440187056e-39,-9.30233243319624e-40,-1.887395589510635e-39,1.8487123002750674e-39,-3.1715978139733175e-39,3.8274211771555565e-38,-1.1332086223595014e-36,-1.728798091873888e-36,-3.8850421132543314e-37,-5.948437677714524e-39,-1.0940258265936061e-39,2.9427724805640526e-32,-5.8933636926041634e-30,2.0264388129633213e-30,-3.502725273001306e-30,-2.0558663314699782e-30,9.396089378203437e-30,7.285734327706708e-31,-2.0124321434760664e-30,7.643986334650869e-30,1.1873777304301663e-30,1.466547703922146e-30,2.04588146066678e-31,-1.8123885187946754e-38,-3.833734867204071e-39,-5.004068229474489e-39,-1.00587422625544e-39,-1.4301075404374034e-39,5.5268550612842395e-39,-0.9220711588859558,-0.3461891710758209,0.14661984145641327,0.09111236780881882,-3.367408498888835e-05,-0.001572136185131967,0.0038085763808339834,-0.010640555992722511,0.4716876149177551,0.8617104291915894,0.1869918406009674,0.0,-2.2151444167899146,-0.38581274799900045,0.04498206147621123,0.12711188507309512,1.7830946399772673e-15,2.1196049746259045e-16,-9.306119177295294e-23,4.1007407487791243e-22,3.94004932247222e-30,4.105660178039026e-31,0.9700646369655822,0.02992656816231616,8.7948721015918e-06,15.500062942504883,-1.0409159930411311,-0.11782161668162876,-1.1150400933255622,-0.25057742375463343,0.07911379568330615,0.014972990304615214
235.0,1400.0,0.1508619146242229,0.1455810794482411,0.7033483517469189,0.00020865418061718005,4.407159554627058e-12,0.9950434647526722,0.004790453560269967,0.00016608168705784703,3.62046620145325e-05,0.0010689269330805854,0.9988948684049048,3.293465943223833e-06,1.174561243620112e-06,5.705837216721069e-07,0.9172752070658549,0.08271685504455335,2.899278683383807e-06,0.1501141622269086,0.0001556155367691694,0.05817876365727541,0.21449103314100967,0.013061855022854877,EQ_dominated_with_ED,-3.1034019728765676e-31,1.5209987905119689e-30,1.8658607504552745e-33,-1.0769312127628053e-31,1.9934085391101055e-32,-2.2001985603275434e-33,4.282155532586805e-25,2.7241438758182914e-24,5.67477874595377e-24,-1.3867637952397577e-23,4.540787185683751e-22,6.014706786565016e-23,7.837693640773257e-40,-1.4863554414529155e-38,-1.6651087780901016e-39,8.731317208521976e-39,8.81334691020147e-40,6.132238807189307e-39,-6.863267861043978e-37,5.511791779290969e-36,-1.649158315886543e-36,-2.496171252789136e-37,-5.2642315977219304e-39,8.354631173837345e-39,5.17229416731465e-30,-4.0898139780775014e-30,-1.908268303973353e-30,-4.6289219647425e-30,-3.264023241091072e-30,8.718737253945114e-30,4.131582490782459e-31,-1.898137240230025e-30,4.83153209504561e-31,1.6234217843718057e-30,2.8238565139646106e-29,3.882146619695106e-30,3.958239467321632e-38,1.925704301551516e-39,2.2497023037095144e-39,-1.1159672709584138e-39,-1.868548810165419e-39,4.9616478693582595e-39,-0.9193929433822632,-0.3291565477848053,0.19430659711360931,-0.08995720744132996,0.00326802721247077,-0.0059291585348546505,0.004107884597033262,-0.015418732538819313,0.4848034977912903,0.854400098323822,0.1869918406009674,0.0,-2.2090152218061174,-0.4021086963443232,-0.047447678928686184,-0.0987771448006262,1.8557188902646387e-15,4.112651440556042e-16,-5.579073490762938e-23,3.9759681618982506e-22,4.3911081561718215e-30,9.072762570409169e-31,0.953673252213505,0.04610196488147914,0.00022478290501593,80.70807647705078,-1.27431441790382,-0.26000743085775974,-1.033500424827877,-0.1564309517982134,0.03875515873760828,0.015859005827464714
235.0,1420.0,0.6474220542826685,0.015529386661509156,0.3368837342690146,0.0001648247868076943,6.63720717114881e-13,0.9995114146865149,0.0002540076671035548,0.00023457764638163366,0.0019361763590728222,0.0042078184447149935,0.9938560051962122,3.019345974909679e-07,3.132421123381395e-07,3.91838081477232e-07,0.02523546962050233,0.9747553195461023,8.203818604065478e-06,0.6471057333753197,6.534483962940922e-05,0.3283792120472775,0.5203463985209392,0.0014824175581890525,clean_balanced_ED_EQ,-1.3858137977741836e-31,1.2792727980554336e-30,-5.5939925348205474e-33,-1.9735359770145073e-32,1.9700440901118713e-32,-6.949430129088868e-34,-9.45281084522789e-25,2.4537536739219955e-24,-1.0186679701239047e-24,-3.740221377063252e-24,5.95058570268256e-23,2.8821209825065698e-24,-7.771436097384205e-40,-9.956029260255926e-40,-6.57446171531743e-40,1.1057493566731848e-39,1.4345806008709028e-39,-1.1014955193757294e-40,1.4200418561148796e-38,2.5779879530041695e-37,-1.6043073834081263e-36,-3.325416931821736e-38,-3.641838266538492e-39,2.8996851321106996e-39,8.781263074623668e-32,-3.7620885356129904e-30,3.950947980635635e-31,-4.9258411893458965e-30,-4.8290731317085425e-31,8.687929956236779e-30,2.127888000211281e-31,-1.8327056850935765e-30,5.107694995745067e-30,1.0852712764521199e-30,5.306993168418514e-30,4.2002933014483955e-31,-1.078306328722862e-38,-3.0254043056100144e-39,-2.915141563392179e-39,-9.056315091160283e-40,-3.6245515818598104e-40,4.771798193645393e-39,-0.9700352549552917,-0.11734224855899811,0.19218267500400543,-0.09049371629953384,0.0013716730754822493,-0.00011546856694621965,0.0012849996564909816,-0.010880489833652973,0.49744123220443726,0.8471046090126038,0.1869918406009674,0.0,-2.1198876770380606,-0.14699235888397677,-0.026534441200593457,-0.0981341527014879,1.7652111848020183e-15,2.0101544411733643e-16,-9.107577342876409e-24,3.902838644354784e-22,4.2966990428560096e-30,4.3054047300214075e-31,0.9547394939730754,0.0452433295445331,1.717648239141223e-05,12.939658164978027,-1.0566972684024192,-0.11447016280251644,-0.977271593525851,-0.020256937901734603,0.010305380332924621,-0.002806721797130032
245.0,1305.0,0.46361356353151895,0.11352651022080591,0.4222608407420034,0.0005990855056717086,1.9194865671651952e-12,0.9994178992793722,0.0005544408610737616,2.76598595541159e-05,0.0006408922351108128,0.5116972050744412,0.48766190269044807,6.438957617765616e-05,7.441457379947971e-06,2.9381807677830994e-05,0.21780263080141304,0.7820004322227161,9.572413463539992e-05,0.4633436937420944,0.05809119798184136,0.33020815997097414,0.9108034664160464,0.007359487448242007,mixed_higher_order,-7.378544416451345e-31,1.3788786527154366e-30,1.6747247057447844e-33,-3.6796749857207847e-32,7.322005491136194e-33,3.751844580877632e-33,-5.506754077667784e-24,-2.047538212902826e-24,1.4743666267569298e-22,-7.62960195731299e-23,1.4454833246685083e-22,7.327997100072928e-23,-1.2716763817957288e-38,2.4108280848655304e-38,2.187105278775687e-39,-9.004216564012666e-39,1.0529651759077875e-38,-1.510407168097534e-38,4.757331641905044e-37,-1.014977120782745e-36,-1.0865131992296226e-36,-1.8250587902047553e-36,6.577012220323429e-39,-2.2560457045302325e-38,1.2975821327248312e-29,-9.721550328134288e-30,-2.7041272627967505e-30,4.6172608768298965e-30,-1.0271693074590958e-29,5.1042894513043924e-30,4.1092637552392725e-30,-8.812773496121322e-31,1.3086033726649057e-29,8.076929270971108e-30,1.5100149289955905e-29,6.474362771498457e-30,2.713238254658517e-38,6.383159997587025e-39,-7.27403775819288e-39,-5.2249345230961686e-39,-1.0012271180246202e-38,4.0912367840078567e-39,-0.06779664754867554,-0.9418213367462158,-0.32740744948387146,-0.02541087195277214,0.009770095348358154,-0.013795403763651848,0.012300007976591587,-0.008992079645395279,0.37456750869750977,0.9081481695175171,0.1869918406009674,0.0,-1.7577783847190638,-1.620559864902002,-0.5101734877630829,0.34526520657765714,1.849959523934779e-15,1.039768283885817e-15,-3.389992739986129e-22,2.1517331020194375e-22,2.480094873640119e-30,1.3518247570516127e-30,0.8919095836973864,0.10807349808350739,1.6918219106210053e-05,31.30291748046875,-1.2393423780627577,-0.6631869139258972,-0.7836431921712566,-1.31631617293773,0.22874227189651564,0.44202826530095374
245.0,1325.0,0.4916655870722224,0.05284749093135791,0.45505604727074683,0.00043087472567283533,1.4992177082642581e-12,0.9995910598527009,0.00032318598471201395,8.575416258706842e-05,0.0007393874833475284,0.7352531532310334,0.264007459285619,2.1462029850624768e-05,2.4320128713570654e-06,1.039075806766601e-05,0.15827528057660512,0.8416527697351378,3.766488746742236e-05,0.4914645252746232,0.03885628434762935,0.3829991825701479,0.9255397555491354,0.0009445033451122959,clean_balanced_ED_EQ,-4.441462636565691e-31,1.3985739568136577e-30,-6.1617425362754085e-33,-2.565591426266766e-32,1.0476057861382945e-32,8.659102156003294e-33,-3.858547545279368e-24,7.059041552578658e-25,9.529301045891921e-23,-7.886631968419905e-23,7.08194691071052e-23,2.1877179594999753e-23,-4.743478746991791e-39,1.4347366224185208e-38,-2.2664592476827082e-40,-5.081760185289262e-39,4.9701199751010104e-39,-9.265606464507656e-39,2.2996693681348e-37,-8.88317734450016e-37,-1.4097213626062384e-36,-1.5780088576290274e-36,-2.889927443898958e-39,-1.385705854160408e-38,9.107657008024401e-30,-9.856333331686418e-30,-3.349085842326752e-31,2.5666837946507856e-30,-8.772746670540078e-30,7.28964866040981e-30,2.852030935340148e-30,-1.6221210475573816e-30,1.1830159464908597e-29,4.6067942362792086e-30,1.079386431239772e-29,2.411754907628415e-30,9.11095147633744e-39,-2.7332356379172697e-39,-6.980359138653874e-39,-3.2745367144917245e-39,-7.281130837945808e-39,5.3921056477266236e-39,-0.36343690752983093,-0.866277813911438,-0.2989226281642914,0.16702912747859955,0.005336547736078501,-0.011580968275666237,0.008951768279075623,-0.011094923131167889,0.3906770646572113,0.9013353586196899,0.1869918406009674,0.0,-2.0329308933330035,-1.3144273254918473,-0.3574922070367396,0.5134169915476218,1.954689869558774e-15,6.544285017594471e-16,-3.1979000465533304e-22,2.9314449618193067e-22,3.13839874800051e-30,9.995858244297063e-31,0.8826862341979683,0.11745669852951827,0.00014293272748666652,21.82950210571289,-1.2380703483745021,-0.393175002791638,-0.9862928987608841,-1.1040330179744962,0.232879230534163,0.2813845382898372
245.0,1345.0,0.5037775274821829,0.026622155733844632,0.46928192414063413,0.00031839264333831304,1.237042038051067e-12,0.9996589725175056,0.00019373567578688747,0.0001472918067076312,0.0012687232090279835,0.8633797792011502,0.13535149758982176,9.043148434923573e-06,1.1112085072007209e-06,4.513434694948638e-06,0.1366258956427661,0.8633355048007817,2.393176481513527e-05,0.5036057255002484,0.02298503093934541,0.40514774687183647,0.9315261172645921,0.00027168361494491714,clean_balanced_ED_EQ,-2.887395432928753e-31,1.3600296720611939e-30,-7.649917669637262e-33,-1.7779412398975318e-32,1.386144852673191e-32,9.627044438947308e-33,-3.053266598209475e-24,1.5263234963374718e-24,5.763689554349662e-23,-6.787759409287246e-23,3.4282162149232007e-23,8.235115597502272e-24,-2.357120862693472e-39,9.166023173083789e-39,-7.3150430618837874e-40,-3.235950296656641e-39,3.08862919581036e-39,-5.930071488005923e-39,1.2419768420862923e-37,-8.131492913116434e-37,-1.6072310320058693e-36,-1.3009454589968273e-36,-6.171212683430357e-39,-8.968706090369403e-39,6.013052425855232e-30,-9.145234846023186e-30,1.2087920655688887e-30,5.831058150800138e-31,-7.221845422188778e-30,8.562130892472488e-30,2.083738580621079e-30,-1.8568782844636045e-30,1.0184828230592646e-29,2.7777161509651303e-30,7.631595575155014e-30,9.917585965147866e-31,-1.7591413565337352e-39,-4.580278547900338e-39,-6.196065642157982e-39,-2.1086097271740095e-39,-5.3777742256542464e-39,5.8097519562958536e-39,-0.5615493059158325,-0.7648189663887024,-0.1895473301410675,0.2518734931945801,0.0021118209697306156,-0.008776874281466007,0.007108030375093222,-0.010606175288558006,0.40618932247161865,0.894451916217804,0.1869918406009674,0.0,-2.164960301083663,-1.0541085427123988,-0.19364436391354584,0.5225902244339592,1.9318818859969346e-15,4.3474282769618017e-16,-2.7979805741206407e-22,3.498402294726219e-22,3.4946819827573256e-30,7.300169508763314e-31,0.9003671676323973,0.09953146198771189,0.00010137037989077502,18.100990295410156,-1.186046900886345,-0.2518023301409593,-1.091284840275222,-0.8833217061870067,0.1974509451754484,0.16766150383101175
245.0,1365.0,0.5093958431559001,0.012549716347763928,0.4778106816507572,0.00024375884557866238,1.057586304221928e-12,0.9996913742929592,0.00010845110273746885,0.00020017460430329947,0.0026467235219476983,0.9660651236911779,0.03128815278687435,4.306014544751886e-06,6.182677377406031e-07,2.246396913292563e-06,0.14475785974542396,0.8552168293010465,1.8140274333807992e-05,0.5092386305036425,0.012123843275791756,0.4086317361675323,0.9379948581647999,0.001243828077592544,clean_balanced_ED_EQ,-1.9943419134966586e-31,1.3164245045018084e-30,-7.296868976096091e-33,-1.1792856949425754e-32,1.6594924638012477e-32,8.920597097187811e-33,-2.6442885977785862e-24,1.8439045510222784e-24,3.200623446182526e-23,-5.26195225444645e-23,1.04595730380632e-23,3.6672768310538415e-24,-1.4358354519802805e-39,6.205050291755034e-39,-8.972499067729065e-40,-2.2403697596099342e-39,2.3330854634207525e-39,-3.964670725355505e-39,7.189532542832634e-38,-8.225981626231783e-37,-1.7229666494135716e-36,-1.0293772990262342e-36,-7.317193007604061e-39,-5.648254738510761e-39,3.654586687745872e-30,-8.103011191199485e-30,2.0429990486959075e-30,-1.2010556188713512e-30,-5.697586723815019e-30,9.304067007545484e-30,1.5577607894354044e-30,-1.940613380647696e-30,8.821942923481702e-30,1.8050272874283475e-30,5.163510219494146e-30,4.432587036695395e-31,-9.128747858280824e-39,-4.5568665946543786e-39,-5.48968775440463e-39,-1.4527054781443808e-39,-3.9353589585702276e-39,5.877357041591582e-39,-0.7073706388473511,-0.6508612036705017,-0.07348576188087463,0.2654569149017334,0.00013391478569246829,-0.0059035238809883595,0.00613140594214201,-0.010007301345467567,0.42113104462623596,0.8875148892402649,0.1869918406009674,0.0,-2.2268763469829684,-0.8275441642145178,-0.06846707308835473,0.4569159648592982,1.882392783457291e-15,3.033137435815778e-16,-2.3115033095220903e-22,3.884371450965354e-22,3.729636271960094e-30,5.407326759486513e-31,0.9240283966741071,0.07600527108740505,3.36677615120351e-05,16.228805541992188,-1.131199150448311,-0.1713731300607053,-1.1358368388737556,-0.6785997034430775,0.1508236034330124,0.09173963161249118
245.0,1385.0,0.49342250956584277,0.006609022071190299,0.49977939128105053,0.000189077081916188,9.519952733049131e-13,0.9997179091936742,3.7194893317763664e-05,0.00024489591300802017,0.005676901211963243,0.8037043262859633,0.1906187725020735,2.681850704954509e-06,4.5852240084764983e-07,1.3308134164048565e-06,0.22206000412692892,0.7779203468222523,1.51778642964296e-05,0.49328331961226,0.005311699631135061,0.3887885573999689,0.9872806245593408,0.003364013608378927,mixed_higher_order,-1.4300466838680957e-31,1.271970912268652e-30,-6.476091931063884e-33,-4.36074148800878e-33,1.8571198678990267e-32,7.513424302406647e-33,-2.5240379441958825e-24,2.1974629706645494e-24,1.525663983433226e-23,-3.678062031035171e-23,-1.9281982213388868e-23,2.0652541950568156e-24,-1.1033140385747404e-39,4.9738566152809156e-39,-8.16857290463849e-40,-1.9418026630596182e-39,1.9201738656084825e-39,-3.032051899761527e-39,4.165470878477795e-38,-1.0357989677236827e-36,-1.7792935112752076e-36,-7.737591796604101e-37,-7.844686932046117e-39,-3.45124628324982e-39,1.7752815898042657e-30,-6.946523138020197e-30,2.4229222590828576e-30,-2.7191685289232688e-30,-4.198205104717797e-30,9.665692504163914e-30,1.1692959867542194e-30,-1.967819897468854e-30,7.959180202055367e-30,1.2350005243431547e-30,2.549288964800424e-30,2.688235326377158e-31,-1.5884190787296297e-38,-3.9453557578846536e-39,-5.126763740471044e-39,-1.038777030455314e-39,-2.771422590062743e-39,5.772742278580191e-39,-0.8155943155288696,-0.527284562587738,0.02625127136707306,0.23633629083633423,-0.0007401462062261999,-0.0030332065653055906,0.005189865827560425,-0.009810646995902061,0.4355280101299286,0.8805392384529114,0.1869918406009674,0.0,-2.2426616416976306,-0.6254419021920374,0.014349279980136279,0.3593609399080514,1.8291225055525832e-15,2.17762710746087e-16,-1.7968593751190266e-22,4.1182162802515675e-22,3.8983035977359864e-30,4.0062097479579155e-31,0.9432328456248221,0.05666715511645036,9.999925872750115e-05,15.408659934997559,-1.0772169298706995,-0.12110894073989667,-1.1393375997995001,-0.49546233996284544,0.10390210276995351,0.04309870107179274
245.0,1405.0,0.08714592279592656,0.10040765852054578,0.8123059270467803,0.0001404916367474602,3.3789164335227156e-12,0.9955539077551613,0.004002778009823662,0.0004433142350152164,0.00015394375278535014,0.004320375739955519,0.9955256805072592,3.8711372002558255e-06,1.0870587971413472e-06,9.044336313283031e-07,0.88456074803185,0.11543028480051519,3.1045380061560663e-06,0.08675846398441428,0.00043379881197790407,0.09376470450415636,0.10728214567232608,0.058836891508084466,EQ_dominated,-3.716874031342136e-32,1.0400631445476965e-30,3.534902986636736e-33,6.589633328354132e-32,2.028300909961773e-32,8.420407210937779e-33,-3.5098471009305645e-24,2.241492973028819e-24,1.4173182929086327e-24,-2.2016474266214362e-23,-3.337055777766924e-22,2.822414848191299e-23,4.761738782867033e-40,1.534044572549909e-38,-1.5018534949549725e-39,-7.993197779704295e-39,1.0256882351416492e-39,-7.34725278573011e-39,-3.840706052379345e-37,-5.1734847159979975e-36,-1.8056611832138966e-36,-5.015118344191655e-37,-7.48597158486228e-39,-6.197961182431605e-39,-3.1390668958478226e-30,-5.506054405145864e-30,4.536713277132529e-30,-4.21103895907702e-30,-1.3976534743836471e-30,9.717093364222884e-30,8.551370260674032e-31,-1.9829465183091418e-30,1.0990290437948964e-29,-2.675673190411636e-31,-1.605118638673945e-29,1.5293670018953073e-30,-5.65644090904092e-38,1.1028199273954856e-39,-8.85234582124061e-39,2.2529158703080098e-40,-1.0622538573229681e-39,5.560304838911018e-39,-0.9049974083900452,-0.3343222737312317,0.10764468461275101,0.23979602754116058,-0.0020004361867904663,0.0028095829766243696,0.003783986670896411,-0.006433489266782999,0.4494042992591858,0.8735386729240417,0.1869918406009674,0.0,-2.1876355039122,-0.3618717395583322,0.11760895745838602,0.3064293181024114,1.6998003941612682e-15,4.4956331758574104e-17,-1.2360863628800833e-22,4.263821400939298e-22,3.790063081882942e-30,4.307123077591597e-32,0.9308035874069588,0.06914522128917101,5.1191303870212757e-05,54.94432830810547,-0.8682786986325042,-0.031029678955869385,-1.1235385942901293,-0.31205627428965194,0.06130932132222874,0.003946809175034603
255.0,1290.0,0.2874613966651161,0.4226057949500698,0.28917368830750795,0.0007591200773060921,3.284914589042179e-12,0.9977224757169892,0.0011606690003417939,0.0011168552826690506,0.005902972308261135,0.1810088189450436,0.8130882087466952,0.0003314134572838384,5.92125616256244e-05,0.00011212491780650247,0.3671012176709244,0.6280570209424989,0.004339010449860653,0.28680669635378314,0.0764953758232434,0.18161756521336817,0.994078674126911,0.061810645216202977,MD_contaminated,-1.3645986383182525e-30,7.820453932903081e-31,4.117718389200391e-32,-3.4382683129032487e-32,4.337147223179058e-32,-2.97995687230944e-32,5.390703176248122e-24,-4.3643232647007446e-23,2.433774404958156e-22,-8.076323116237701e-24,2.692109310095763e-22,4.403295371889332e-22,-5.610345414075767e-38,3.2148330568611747e-38,2.209198818980994e-38,-1.6092539674029992e-38,3.401146279652899e-38,-1.605579480480215e-38,1.2765211963602271e-36,-8.283528352668569e-37,-2.856834392979992e-37,-1.969814503871165e-36,1.6384715363371445e-37,-2.290396799112806e-38,2.083975709032464e-29,-5.8869543104626015e-30,-9.676664190643382e-30,7.039757719064344e-30,-1.116309100942437e-29,-1.1528046687730022e-30,7.311015883665056e-30,8.660182958535071e-30,8.843094296601385e-30,1.3326844128388052e-29,1.5259931719382542e-29,2.2407916726781202e-29,4.924914383823776e-38,6.35169500395256e-38,-4.283987475952191e-39,-5.647397390339414e-39,-1.8828801813306415e-38,-1.0138954221787148e-38,0.6628550887107849,-0.674462080001831,0.06179229915142059,-0.3160995543003082,0.02746107615530491,-0.02831157110631466,-0.014174269512295723,0.020589103922247887,0.31718525290489197,0.9297459721565247,0.1869918406009674,0.0,-0.7429177975176132,-1.8438618218140974,-0.31977665961347473,-0.1824976244274528,8.574750882628435e-16,1.6353740591211993e-15,-2.8400151263428905e-22,7.240920522541633e-23,3.181720119920883e-31,6.361372673126026e-31,0.8958316217522941,0.10436203757980048,0.00019365933209458674,73.8316421508789,-0.7110792663074302,-1.2407691508250542,-0.21086768336546716,-1.453952746129372,0.02449508982597996,0.7381517778277353
255.0,1310.0,0.44307166764476086,0.1454991091546611,0.4107894673940276,0.0006397558065505978,2.0935954575831137e-12,0.9993644682212011,0.0006103195909725033,2.521218782640874e-05,0.0007575152779912768,0.5347118133396516,0.4645306713823571,7.357470346295236e-05,9.691172485931243e-06,3.1538370096841874e-05,0.22784784311113965,0.7718848759741443,0.0001524766686703373,0.4427900815196872,0.07780009249539274,0.3170821770909238,0.9271400032813293,0.010091108628910876,mixed_higher_order,-8.574170801071964e-31,1.361387648490788e-30,5.6405568443624174e-33,-3.9357663786166443e-32,5.8313855423241695e-33,-5.5945698511789176e-33,-5.560522254282989e-24,-5.195203853444749e-24,1.9263817766021562e-22,-6.137989463486645e-23,1.6146231984448573e-22,9.716872345306761e-23,-1.6336964833760644e-38,2.5588275582251076e-38,3.433554767831164e-39,-1.0469487554634908e-38,1.2903404636151798e-38,-1.5118772812157067e-38,5.877461628676338e-37,-1.0400277250990072e-36,-7.756849283823586e-37,-2.05741103055141e-36,1.7623867557432511e-38,-2.538547527832081e-38,1.7216293252867875e-29,-8.270262041831166e-30,-5.8845273420151355e-30,5.008838134832114e-30,-1.1331767921089319e-29,3.261423906999052e-30,5.3197309378547115e-30,-5.571967466549883e-34,1.3171084804664696e-29,9.494463954407972e-30,1.5360107804082682e-29,8.18881998716498e-30,3.1701382294153557e-38,1.145500343185721e-38,-7.201286245314156e-39,-5.906366996555979e-39,-1.3543331744916922e-38,2.5660754162776205e-39,0.13065411150455475,-0.8871497511863708,-0.4138775169849396,-0.15461723506450653,0.011889385059475899,-0.014779853634536266,0.01279808022081852,-0.006213388871401548,0.33475714921951294,0.923564612865448,0.1869918406009674,0.0,-1.5219190534562652,-1.7403771552394556,-0.6819673399305867,0.28805712756199925,1.790976020752453e-15,1.179740131601199e-15,-3.518738060355708e-22,1.4573923986972906e-22,1.82041750371225e-30,1.1569900391431622e-30,0.8044649794336353,0.19540348550321754,0.00013153506314722563,32.88494873046875,-1.2189510736212141,-0.7677089413118073,-0.5551970420423389,-1.472593416001457,0.18332002332096475,0.5753420632481625
255.0,1330.0,0.4814944776845049,0.06998035784008146,0.44806043266694,0.0004647318084736749,1.6210766199753942e-12,0.9996121536363156,0.00034779896316905435,4.0047400515322565e-05,0.0005638702365654099,0.7573590516689038,0.24207707809453083,2.4075327561812597e-05,3.0162342476497732e-06,1.1009000382409357e-05,0.16403071038783965,0.8358852089921477,4.598005782076528e-05,0.4813077318022008,0.05300025744921463,0.37452708840091725,0.930561934628309,0.001526514760735664,clean_balanced_ED_EQ,-5.309503630059697e-31,1.425792462515618e-30,-4.861230839482898e-33,-2.7960028839533974e-32,7.185718761429083e-33,6.411149152853955e-33,-4.123547293496693e-24,-2.2956901667895366e-25,1.3123605984657208e-22,-7.54070740802646e-23,8.038674023745644e-23,2.933411014869635e-23,-6.016516482909735e-39,1.5580412152703982e-38,1.8434113330684987e-40,-5.908763194138365e-39,5.83218208259313e-39,-9.671656843464179e-39,2.9615499741891193e-37,-9.287408075286405e-37,-1.1584367263561793e-36,-1.8709617244078364e-36,8.041107634689775e-40,-1.6301115136652925e-38,1.2706488986961568e-29,-9.325216323923931e-30,-2.4663820272443052e-30,3.5031771091062984e-30,-1.0240104467904868e-29,5.822038502871235e-30,3.4749808279454635e-30,-1.2077624240875913e-30,1.2371632117636442e-29,5.5759496023909845e-30,1.1338055389471317e-29,3.3234512242930926e-30,1.2545256840059454e-38,-1.0027730269169064e-39,-7.239163682642363e-39,-3.8279710241921275e-39,-9.425102652509855e-39,4.646415177256322e-39,-0.1692032665014267,-0.8719715476036072,-0.45035043358802795,0.08793995529413223,0.007201411761343479,-0.01230702456086874,0.009450557641685009,-0.010336832143366337,0.3516857326030731,0.9172518849372864,0.1869918406009674,0.0,-1.8552579187470466,-1.4868590778822066,-0.556858668932487,0.5465567006365352,1.966554869817304e-15,7.660484771235981e-16,-3.578490244869231e-22,2.2851740140808707e-22,2.643655073814478e-30,9.78833721323823e-31,0.7891674484098807,0.21074511190855771,8.743968156155191e-05,21.907018661499023,-1.2574202129590686,-0.46825027910704653,-0.804402510863869,-1.2991700578915524,0.22182756383115967,0.38606159697402237
255.0,1350.0,0.49730296679210045,0.03675030955059733,0.4656045991831445,0.0003421244741577871,1.336704355017684e-12,0.999683743082329,0.00021099245464684688,0.00010526446302423755,0.0009538776957411907,0.8739495873315077,0.12509653497275106,1.047955121418748e-05,1.4663996563586938e-06,4.794709733807095e-06,0.1379868717742936,0.8619652411435166,3.114642158536278e-05,0.49714569128867414,0.03211791786604971,0.40133498061242956,0.9362594439895879,0.0001769102922973384,clean_balanced_ED_EQ,-3.484781469258405e-31,1.4040617809338999e-30,-7.168927155190738e-33,-1.975643638202418e-32,1.0818344966504163e-32,1.0165301953603413e-32,-3.4782053602821984e-24,1.0794328967401345e-24,8.472808918373844e-23,-7.051870095399045e-23,4.0278316641045134e-23,1.0818884999528671e-23,-2.8072825233664738e-39,1.0291147093798686e-38,-6.2016117019829156e-40,-3.941800122173066e-39,3.427433632489273e-39,-6.349360465528752e-39,1.6492976684964908e-37,-8.496700998254835e-37,-1.4186538225965403e-36,-1.6331244486171423e-36,-4.623110087331667e-39,-1.2154139986352562e-38,8.988111095755717e-30,-9.196864743634423e-30,-1.8904606167727052e-32,1.7290884589771766e-30,-8.969208378952774e-30,7.467776284657246e-30,2.5440393190285564e-30,-1.5502793535790619e-30,1.0787520200546108e-29,3.3727806526470916e-30,8.211779418723204e-30,1.4817551158036124e-30,6.402406192342213e-40,-4.085039540626543e-39,-6.517997992608459e-39,-2.4680084663607243e-39,-7.0625891909485e-39,5.340052593454435e-39,-0.376967191696167,-0.8188194036483765,-0.3651701509952545,0.23166929185390472,0.0035170922055840492,-0.0099627785384655,0.007348612882196903,-0.009906557388603687,0.36799901723861694,0.9108297228813171,0.1869918406009674,0.0,-2.036916817468426,-1.2577524990234588,-0.37786305706524626,0.62753118712863,1.973108392874923e-15,5.143445079499564e-16,-3.365038664945413e-22,2.9613840573670576e-22,3.1455399793981982e-30,7.634093213406322e-31,0.8126811063001665,0.18717204195657275,0.00014685174326067862,17.790306091308594,-1.2199111848356423,-0.3027732788388209,-0.956121925499816,-1.100667454964256,0.20437397685664788,0.2455549563972148
255.0,1370.0,0.503357282112474,0.01844652766962363,0.4779353091280528,0.00026088108984969244,1.1432630815037888e-12,0.9997149999376834,0.00012008210020103113,0.0001649179621154885,0.0018183151803540546,0.9600199430009873,0.038161741818658806,4.680663712274224e-06,6.830913427697902e-07,2.2406309312282727e-06,0.13901300589358032,0.860955708462221,2.3681258212513e-05,0.5032138252557045,0.017709034441958215,0.4114811326694533,0.9494951719428175,0.0008216550339719116,clean_balanced_ED_EQ,-2.3749998237360566e-31,1.3657163209151028e-30,-7.273736362408907e-33,-1.3338170089870243e-32,1.4049337768030535e-32,1.0936668372654599e-32,-3.0133309692117597e-24,1.559281463298295e-24,5.158037365876569e-23,-5.845707183742198e-23,1.4930140988505455e-23,4.322964877316178e-24,-1.75121408416887e-39,6.757876789823845e-39,-6.734652131351332e-40,-2.580479829820709e-39,2.4246852029317137e-39,-4.1773948871364385e-39,9.959891090621908e-38,-8.448611496381927e-37,-1.5994527308711384e-36,-1.3870615059585131e-36,-6.988639513678923e-39,-8.628152319413886e-39,6.097498736423929e-30,-8.530139486043828e-30,1.5353958033337823e-30,-6.189435510334335e-32,-7.632896944365543e-30,8.592033290091211e-30,1.9663007252062294e-30,-1.7182005029734866e-30,9.38683472893108e-30,2.1484752172100893e-30,5.7591607960977326e-30,7.019675458243189e-31,-7.381975772660254e-39,-4.5378098662726934e-39,-5.8087632207023804e-39,-1.665610279155768e-39,-5.405921689792594e-39,5.6297000421452094e-39,-0.5394755601882935,-0.7458643913269043,-0.2494056522846222,0.30048975348472595,0.0009408972109667957,-0.007427523378282785,0.006381680257618427,-0.009077844209969044,0.3837239146232605,0.9043173789978027,0.1869918406009674,0.0,-2.145208159348144,-1.0492405210124929,-0.2177828926488052,0.6149943933169028,1.9340477385985144e-15,3.547853936351914e-16,-3.012121039389227e-22,3.4885850904355053e-22,3.490309533113998e-30,5.795366770963728e-31,0.8474036236810231,0.15262040443924016,2.4028120263253072e-05,15.869091033935547,-1.1692723934958602,-0.20333810806268696,-1.0467299656008184,-0.9077347610187962,0.16694428295714642,0.14730550512473425
255.0,1390.0,0.49314519141816465,0.008933608898252777,0.49771830005436657,0.00020289962921594886,1.0180042166870963e-12,0.9997336320822113,4.7832115330997165e-05,0.0002185358024574928,0.003839590316907947,0.94695808982996,0.04920231985313194,2.546757996860545e-06,4.777420117115857e-07,1.218203080535501e-06,0.18918748826182105,0.8107887188160707,1.955021901916652e-05,0.49301383336035914,0.008459753217577384,0.4035443828323925,0.9908118535410444,0.0024976403437404608,clean_balanced_ED_EQ,-1.647187902017043e-31,1.3226084820091436e-30,-6.623449761993929e-33,-6.41270152767748e-33,1.6736892641694272e-32,1.0401558856453784e-32,-2.7847855836089963e-24,1.831148118322618e-24,2.852806050027578e-23,-4.388335326514612e-23,-1.1781996946041416e-23,1.8786735719875126e-24,-1.0466193027129872e-39,5.072254858301664e-39,-8.900774070349318e-40,-2.058999097308865e-39,1.9366959052607126e-39,-3.013249264269938e-39,6.075927498997606e-38,-9.962914195607511e-37,-1.7213799236905488e-36,-1.1430573611691726e-36,-8.204215646615915e-39,-5.97035056726203e-39,3.78302003777133e-30,-7.61184606852069e-30,2.4553312630728382e-30,-1.7303793758847053e-30,-6.238351725532119e-30,9.342227780189124e-30,1.5529539870783741e-30,-1.809240106123382e-30,8.38630276839278e-30,1.4120719347030628e-30,3.325011919921015e-30,3.8098564940589923e-31,-1.4150517130285767e-38,-4.118759808732971e-39,-5.354171248545212e-39,-1.1522550504946363e-39,-4.1025583632861447e-39,5.70064766661994e-39,-0.6709851026535034,-0.6564984321594238,-0.133542001247406,0.3174968659877777,-0.0007862084894441068,-0.004835371393710375,0.005899451207369566,-0.008475327864289284,0.39888620376586914,0.8977326154708862,0.1869918406009674,0.0,-2.2055613655661648,-0.8546470943556226,-0.0909568019401676,0.5518531555838442,1.8821310483472854e-15,2.4749586348932676e-16,-2.5807968767948405e-22,3.8801947773799547e-22,3.7439680844264744e-30,4.271778961931056e-31,0.8812351983510183,0.11874436071617839,2.0440932803289513e-05,15.010830879211426,-1.1160721398455604,-0.13899657771279675,-1.0943380876866289,-0.7266793283240758,0.12352079170856604,0.08029943832261065
255.0,1410.0,0.3069348878914209,0.0371064932165997,0.6558178377821764,0.00014078110980299624,1.3152660769900803e-12,0.9994362282006617,0.0002629773679379778,0.0003007944314004015,0.0008272398568555547,0.06025115972197989,0.9389216004211646,3.0743475628801688e-06,8.260631497604781e-07,8.648959189488126e-07,0.5851489519163725,0.41483569229689204,1.059048010373328e-05,0.3067618466573947,0.0022357092495159116,0.27205664675701996,0.46801851094719144,0.012218218854044007,EQ_dominated_with_ED,-9.235116107203363e-32,1.226187783109734e-30,-4.0994645082765386e-33,1.952069736398595e-32,1.8856575336362607e-32,9.975315702843328e-33,-3.094624133536028e-24,2.005450326625291e-24,1.1949076370856733e-23,-2.911450521567174e-23,-1.2416904110144005e-22,4.0561039707749794e-24,-7.3300619105296685e-40,7.7149144552395e-39,-8.572520550302624e-40,-3.924565595892009e-39,1.5902431586004026e-39,-3.7903586657934506e-39,-1.8293398655929117e-38,-2.390625638049812e-36,-1.802606832848763e-36,-8.958260555603322e-37,-8.583065093033418e-39,-5.456482749607924e-39,8.969653419763825e-31,-6.579530703639523e-30,3.5211947757831706e-30,-3.231920698809689e-30,-4.418162815737772e-30,9.811449603797066e-30,1.2292708225498711e-30,-1.8667515892236193e-30,8.776703010819313e-30,6.86576663230717e-31,-3.8000411669411706e-30,3.8099094719392975e-31,-3.03854052574527e-38,-2.76126072687121e-39,-6.268397626043666e-39,-6.0158788307049666e-40,-2.7995222242855127e-39,5.674103206925414e-39,-0.7819607257843018,-0.5367921590805054,-0.02970638871192932,0.31526631116867065,-0.0020731117110699415,-0.001374324201606214,0.00521305575966835,-0.00743982195854187,0.41351011395454407,0.8910911679267883,0.1869918406009674,0.0,-2.221674913915038,-0.648681917572204,0.017521462586150834,0.47831736037344336,1.808108389602012e-15,1.3909786928242177e-16,-2.0960980187874238e-22,4.164735179402765e-22,3.872268960767392e-30,2.315529095889818e-31,0.8996145852786002,0.10035784338933351,2.7571332066322896e-05,20.216354370117188,-1.0200316230193713,-0.07682437063361248,-1.1136973067980604,-0.5534645976351827,0.08078772196473874,0.033156622530015764
265.0,1295.0,0.23286578422222906,0.4909838032423827,0.27515420787778533,0.000996204657602886,4.001653338600621e-12,0.9584225080040131,0.002052696669907881,0.03952479532607915,0.11625540359688034,0.19505750089318943,0.6886870955099302,0.0002302292355604595,0.00010864330917478321,0.00020855890282830768,0.33107844938028314,0.577792654074992,0.09058146509716125,0.2231838089425901,0.09577007363949262,0.15898208004960765,0.8463100965029057,0.07521675363707575,MD_contaminated,-1.4133325967066997e-30,6.1971317147162515e-31,4.2694040679920865e-32,-5.725294061311985e-32,2.188612304057713e-31,2.2430707053935322e-31,1.088846431582311e-22,2.0708928363052304e-22,2.9874634255872203e-22,5.0974967064310356e-23,2.472057756980286e-22,5.130061182859587e-22,-4.6435825754665904e-38,3.59103855845905e-38,3.5619402854501716e-38,1.890298645270002e-38,1.0816437286510747e-38,-5.481337839742021e-38,1.410860847690572e-36,-6.979239033195034e-37,7.658925726567722e-38,-2.0779909379363455e-36,-6.539268450438069e-37,5.002461599150114e-37,2.593342073781477e-29,-1.1791275143044003e-30,-1.2096182658733876e-29,9.90312458242659e-30,-1.3837234239612842e-29,-8.72399322865414e-30,-2.717327711825948e-29,8.131263830095055e-30,6.412468365676857e-30,1.6013136292851893e-29,1.2298388243565355e-29,2.4266556638412596e-29,4.572590745401998e-38,7.647695567282203e-38,-4.641668050889027e-39,-1.262112932490746e-38,4.224973485269611e-38,-5.218393234537619e-38,0.7642052173614502,-0.480604887008667,0.13261961936950684,-0.37244927883148193,0.043561216443777084,0.1041693165898323,-0.0013820100575685501,-0.12555530667304993,0.2762434482574463,0.942721426486969,0.1869918406009674,0.0,-0.499512733271554,-1.7474555897236734,-0.29540340362345857,-0.27890114511084896,6.370895307992337e-16,1.62456371666692e-15,-2.525261514772627e-22,3.5201027808430295e-23,-1.4288736975258409e-31,-3.163808991955643e-31,0.8277394977559293,0.17207247372936668,0.0001880285147040084,87.22972106933594,-0.5613021712904618,-1.280119080579168,0.05609610442606631,-1.5219784185468952,-0.1540076330856135,0.9025845382579086
265.0,1315.0,0.41646027491405707,0.18219429239132579,0.4006532595887254,0.0006921731058918011,2.2724439456693886e-12,0.998900331368435,0.0006353255547489985,0.00046434307681598406,0.0015693225169895494,0.5674361503840321,0.4309945270989784,7.914299308366695e-05,1.681229270025892e-05,2.558061193132921e-05,0.2323265937991237,0.7672162039988164,0.00033566630434465753,0.4160023066134412,0.10338362789647663,0.3073876729414142,0.9620443622657798,0.013146173950578066,mixed_higher_order,-9.678910174981534e-31,1.3203827677161155e-30,9.8663170299808e-33,-4.009170705622264e-32,1.214702265266447e-32,-3.314156363812492e-32,-2.8560130376819254e-24,-1.25461683119497e-23,2.4152008113631453e-22,-3.914624383363386e-23,1.7393118466111446e-22,1.2336029512699706e-22,-1.9911283285352946e-38,2.6026059985967117e-38,5.691094005037281e-39,-1.3990040962041147e-38,1.4220196321114617e-38,-1.2035974701420763e-38,6.9590569484296594e-37,-1.0449033874712035e-36,-4.653311817209399e-37,-2.2334447679941604e-36,4.20846855632111e-38,-2.249545590951489e-38,2.167939983421179e-29,-6.126353397061349e-30,-9.689869506861138e-30,4.5948121632654845e-30,-1.1989531007718443e-29,1.5315405534280747e-30,7.987812456378199e-30,1.895115493163209e-30,1.2910542163861435e-29,1.0675742165548704e-29,1.5080137073895533e-29,9.673627086605333e-30,3.5450789450890636e-38,1.6978886512704515e-38,-6.98817397528427e-39,-6.327206712368275e-39,-2.1204255615742842e-38,-8.275059403893965e-40,0.2831035852432251,-0.7960214018821716,-0.4441061317920685,-0.297092467546463,0.014111468568444252,-0.019172808155417442,0.01157929003238678,0.0008168020867742598,0.2946244776248932,0.9371395111083984,0.1869918406009674,0.0,-1.296294080934879,-1.7952057367069063,-0.8099437859167661,0.18337655838834713,1.7033533948961148e-15,1.303033803201829e-15,-3.452483333376346e-22,8.490229572406782e-23,9.980477004925753e-31,7.206376560820613e-31,0.7143644423497485,0.28562893769146336,6.619958788145475e-06,34.50630569458008,-1.1777411751040936,-0.8633292801092189,-0.33053315694239915,-1.586456225201583,0.11647142928493123,0.7185922912683153
265.0,1335.0,0.4679335254541613,0.09058409909199944,0.44098321431491144,0.000499161138927871,1.7290165281265164e-12,0.9996153685846716,0.00037735676032701296,7.2746550013168925e-06,0.00038005499857522197,0.7812933763615805,0.21832656863984437,2.6611926046195042e-05,3.857027562972089e-06,1.1301517026766532e-05,0.16778642376475714,0.8321264693366989,4.53364279080154e-05,0.4677535435199862,0.07077275662426022,0.36695380516461606,0.94240568441192,0.002247695452176919,clean_balanced_ED_EQ,-6.20937813913586e-31,1.4318230355681592e-30,-2.966190916817805e-33,-3.0177409624994744e-32,4.210093171304494e-33,-2.5924379921741756e-35,-3.6428064085375554e-24,-1.685742362918646e-24,1.6934920277833608e-22,-6.665141751804653e-23,8.850959160764323e-23,3.77044371852475e-23,-7.659744129441457e-39,1.6503706335381568e-38,7.208849298237886e-40,-6.889160802223011e-39,6.938860379682826e-39,-9.614548318565577e-39,3.6542244150431403e-37,-9.53976755293262e-37,-8.922973803828586e-37,-2.0927258219205744e-36,6.390279764437457e-39,-1.5528998277508784e-38,1.637832605812441e-29,-8.27082958487957e-30,-5.1197602188849934e-30,3.9695619423372944e-30,-1.1258566561952302e-29,4.301269449324484e-30,4.251760003251311e-30,-7.427577768544744e-31,1.2626643982291892e-29,6.586331841817626e-30,1.1476038818390873e-29,4.204679956535484e-30,1.5686072490279373e-38,1.0919051143044859e-39,-7.331375693984522e-39,-4.377072500263285e-39,-1.2219301318035804e-38,3.7986402772680407e-39,-0.008753590285778046,-0.8327763676643372,-0.5524208545684814,-0.027930082753300667,0.008890177123248577,-0.012557249516248703,0.010176079347729683,-0.009344755671918392,0.31234729290008545,0.931382417678833,0.1869918406009674,0.0,-1.6698411332768084,-1.598667111398782,-0.7314245769668639,0.515141107761556,1.949944556019581e-15,8.79334817773525e-16,-3.741762664910287e-22,1.6613546213243355e-22,1.9216169772097915e-30,8.1699243682999e-31,0.6938298236477947,0.3061397671342367,3.0409217968596636e-05,21.912593841552734,-1.258009275693996,-0.5455601077283119,-0.6149665140692885,-1.442295283952405,0.1953364026705889,0.49631448658830873
265.0,1355.0,0.49092040062697917,0.048946612731966696,0.4597665639601414,0.00036642268091271937,1.4182349262950287e-12,0.9997163998441729,0.00022332088085646852,6.0279274970556954e-05,0.0006047355803049473,0.8864219496203741,0.11297331479932075,1.1206857206584133e-05,1.6257777843818535e-06,4.928530911516377e-06,0.1402128653400733,0.8597392967004805,3.007679354362861e-05,0.4907811755248627,0.04338735188518334,0.3952793823454885,0.9365399428765852,0.00019413926186198527,clean_balanced_ED_EQ,-4.1954083730744965e-31,1.431324610593519e-30,-6.479383574705698e-33,-2.1330296077566177e-32,7.593529921651197e-33,8.74528041549755e-33,-3.445248835561941e-24,4.351282501581711e-25,1.1370689380180112e-22,-6.889808985986749e-23,4.5364505102139464e-23,1.395961150216998e-23,-3.617293253926496e-39,1.0828832578507903e-38,-2.828020168462743e-40,-4.339315335944738e-39,3.900091924951661e-39,-6.489504772117088e-39,2.1430849654402365e-37,-8.772052087924086e-37,-1.1932795473089912e-36,-1.8910193447044975e-36,-1.6956792202284926e-39,-1.311633472109517e-38,1.2011883440880164e-29,-8.770095181754248e-30,-1.7389180982579e-30,2.5931342751102727e-30,-1.0272963808613253e-29,6.176961865399607e-30,2.9650933015022455e-30,-1.225994094305631e-30,1.1222674922589897e-29,4.095519497380079e-30,8.493542503466233e-30,2.021272782123069e-30,2.9785584013439396e-39,-3.349686986429825e-39,-6.738591011154968e-39,-2.8979547577652733e-39,-8.803531927468843e-39,4.7678038440914137e-39,-0.21211455762386322,-0.8209109306335449,-0.5059269666671753,0.15781089663505554,0.005135477054864168,-0.010432997718453407,0.007539715152233839,-0.00954945757985115,0.32943934202194214,0.9254748225212097,0.1869918406009674,0.0,-1.8845814590982835,-1.4074985157113022,-0.5601220853173962,0.6603350400660247,1.9909327005353913e-15,6.079039064146318e-16,-3.7122744534375906e-22,2.3778830750064523e-22,2.566835008389549e-30,7.294889864720748e-31,0.7190225621555741,0.2810144141424555,3.697629802967839e-05,17.321054458618164,-1.2390094173478876,-0.3631706214919336,-0.7983034171866805,-1.2650909908311836,0.19894038190395408,0.3283239480811663
265.0,1375.0,0.5010837846972926,0.025533621752664517,0.47310502129525867,0.00027757225478425453,1.2121546872303081e-12,0.9997465520916518,0.0001287191412848281,0.00012472876706340441,0.0012368115371308014,0.9579393797496425,0.04082380871322683,4.931767021278185e-06,7.105430125720386e-07,2.324806306009421e-06,0.1373919474587506,0.8625737381642065,2.634726070304952e-05,0.5009567860601538,0.024459661784509427,0.40808796676290776,0.9441635026786267,0.0005196350635168229,clean_balanced_ED_EQ,-2.912598697242361e-31,1.4046996662298722e-30,-7.066880388096877e-33,-1.466397232144944e-32,1.1110325153800706e-32,1.1546394756064741e-32,-3.1912821224246283e-24,1.2148661161248125e-24,7.311059894893195e-23,-6.071179986995341e-23,1.8852735106833588e-23,5.426368317636479e-24,-2.034620360529044e-39,7.137613333166383e-39,-5.713866807019179e-40,-2.75860531564616e-39,2.60600328244131e-39,-4.3789943940221865e-39,1.3634538043008203e-37,-8.652787300726957e-37,-1.4166707821024136e-36,-1.6763913383211208e-36,-5.626257198538794e-39,-1.0746517871098022e-38,8.600143550453287e-30,-8.493259478827919e-30,5.707733046609352e-31,9.339685031213599e-31,-9.170918481717047e-30,7.559290162405146e-30,2.286838878298821e-30,-1.4549110335662823e-30,9.859957197969302e-30,2.6196914276632233e-30,6.141014087637728e-30,1.0354299892418339e-30,-5.6362698671702064e-39,-4.411334565878057e-39,-6.075408842218303e-39,-1.947613943641167e-39,-6.813416784242981e-39,5.202292167257365e-39,-0.37649843096733093,-0.785408616065979,-0.40879037976264954,0.2719646692276001,0.00217535812407732,-0.008353901095688343,0.006363118998706341,-0.008475981652736664,0.34592753648757935,0.9194390177726746,0.1869918406009674,0.0,-2.026526382716596,-1.2261801120035067,-0.38847364575478643,0.7023188383283885,1.971156668204346e-15,4.269654285828698e-16,-3.5104122071236525e-22,2.981833249858126e-22,3.0494751766528363e-30,6.007099922565759e-31,0.7586922825580229,0.2411866874429384,0.00012102999903873535,15.256902694702148,-1.1982751277454702,-0.24845841854412767,-0.9203815886161294,-1.0891166406471224,0.172752949459904,0.2080332263622914
265.0,1395.0,0.4954106537735169,0.012470261614430241,0.491904106751788,0.00021497786026485622,1.0758612358933284e-12,0.9997601255962021,5.636842853083754e-05,0.00018350597526704544,0.0025537148661400303,0.9870237479775504,0.010422537156309529,2.856884558837626e-06,5.69879811044724e-07,1.2051647014331768e-06,0.17355566686050408,0.8264166044535686,2.30967568560211e-05,0.49529181743830786,0.012308444356935516,0.4065177216185783,0.9929219386078605,0.0018806162731661554,clean_balanced_ED_EQ,-2.032338142819816e-31,1.3682256078835532e-30,-6.602334378259226e-33,-8.017937740530908e-33,1.4215551839617524e-32,1.2211167973853435e-32,-2.980933296843657e-24,1.4733078758499386e-24,4.398053688064302e-23,-4.8364699198424564e-23,-6.4569294932135464e-24,1.8530038889925292e-24,-1.2568055343635604e-39,5.5256696151123665e-39,-7.2571521172200575e-40,-2.4246703608053613e-39,1.9825145466774013e-39,-3.1009989593522586e-39,9.082419366847814e-38,-9.834481870668949e-37,-1.586286519053395e-36,-1.4588798125828377e-36,-7.54217819516149e-39,-8.53956568470948e-39,5.8737273637939525e-30,-7.872287171610708e-30,2.0970866907003756e-30,-7.172631271094815e-31,-7.970814054494327e-30,8.589548575393715e-30,1.8598996671551065e-30,-1.5803065336272837e-30,8.792767541624746e-30,1.710168015555754e-30,3.861221967311055e-30,5.479488859447386e-31,-1.2605377343430525e-38,-4.3032381382482255e-39,-5.570372765210964e-39,-1.337915039234868e-39,-5.357783197585286e-39,5.411785644586897e-39,-0.5164413452148438,-0.7308578491210938,-0.29686611890792847,0.33314982056617737,-6.544995994772762e-05,-0.006284884177148342,0.005939424503594637,-0.0073997690342366695,0.36183711886405945,0.9132950901985168,0.1869918406009674,0.0,-2.1217030188919828,-1.050987129640585,-0.23739077808688808,0.6834008696037793,1.928971048426691e-15,2.9991752787182515e-16,-3.200433038020913e-22,3.477177288345809e-22,3.418297427595948e-30,4.669166923394678e-31,0.8009043627220463,0.19920832884392642,0.00011269156597282226,14.357640266418457,-1.1504275425958972,-0.17088247449079302,-1.0012386362297545,-0.9208215643446398,0.13564673485058681,0.12335063225265276
265.0,1415.0,0.3934517944047248,0.01988766223094155,0.5865057678304594,0.00015477553387430352,1.1424208930321516e-12,0.9996847488796411,6.299771263169794e-05,0.0002522534077271746,0.001696232718187549,0.2200322297535494,0.7782715375282631,2.638543642356215e-06,6.064197692619346e-07,8.762947220560143e-07,0.42300269079311115,0.5769761427428459,1.7045205909203344e-05,0.3933277582857314,0.004375926665259518,0.3383998356192495,0.6708404520217088,0.006853323705977752,mixed_higher_order,-1.2749055553252506e-31,1.3006680044713797e-30,-5.3493885818644996e-33,8.889179143250125e-33,1.6819756410470496e-32,1.2168740166246207e-32,-3.1824885292319894e-24,1.7428123462130027e-24,2.276745350381256e-23,-3.448861327714317e-23,-7.772012461755548e-23,5.316149687113789e-25,-1.1272969314934658e-39,6.29501323743319e-39,-5.540654425831293e-40,-3.0154017039141094e-39,1.68135219020871e-39,-3.279605185818396e-39,5.201762312125505e-38,-1.8098646899029617e-36,-1.716333975303431e-36,-1.2352426524918335e-36,-8.865942514708793e-39,-7.314180028637085e-39,3.1277028984638055e-30,-7.059851832901614e-30,3.342388004803529e-30,-2.3063031775031618e-30,-6.470089535041608e-30,9.366152730028563e-30,1.5151710040248216e-30,-1.685736987675761e-30,8.597117744102115e-30,1.0102129330045502e-30,-8.993942883557402e-31,2.9350973067603297e-31,-2.410545073882378e-38,-3.5745586332560084e-39,-5.885237020627999e-39,-8.352431955128719e-40,-4.0855639912036035e-39,5.513334764221765e-39,-0.6400701403617859,-0.65105140209198,-0.1855442225933075,0.3632974326610565,-0.0017119732219725847,-0.003369702026247978,0.005653060972690582,-0.006623206660151482,0.3771924674510956,0.9070611596107483,0.1869918406009674,0.0,-2.178080415700651,-0.8681584738475777,-0.10428880948345123,0.63545325359544,1.8688059695021976e-15,1.898755249629241e-16,-2.8121474531650143e-22,3.8786046175346666e-22,3.672919000133187e-30,3.0528276664628344e-31,0.8335719984927478,0.16648750708069376,5.9505573441587245e-05,16.18958854675293,-1.0781663693484078,-0.10568110302719355,-1.0529149730001233,-0.7577811211638488,0.09536178102586398,0.06295251415591152
275.0,1300.0,0.1983016200260322,0.5528969689752561,0.24812646674627822,0.0006749442524335447,4.260094685164066e-12,0.9947842411927569,0.002154577931962426,0.0030611808752806363,0.002925972262940045,0.23166505039282498,0.765408977344235,0.0004477343835737643,1.9179357291922147e-05,0.0002881089624041991,0.34938296711423683,0.6473847706473349,0.002477239535158354,0.19726732660489085,0.1280869041796929,0.1606332957660729,0.7991957594302326,0.10137385696584128,MD_contaminated,-1.4450364448943688e-30,4.331652532883189e-31,6.130247694405294e-32,-3.422020547304758e-32,-2.698595891054766e-32,7.92136652037056e-32,-1.8905016700552623e-23,3.633132804641491e-23,3.504828166879069e-22,9.983916697435658e-23,2.1298052354800283e-22,6.272347669409721e-22,-7.55779252693341e-38,2.9525076162525397e-38,1.669900633802659e-38,-1.7798523342717416e-39,5.887892724443847e-38,-2.774522697259238e-38,1.507114394253406e-36,-5.453198785541293e-37,3.861351771276043e-37,-2.147245945733172e-36,-1.284583647507752e-37,-4.137452033627969e-38,3.093708388943124e-29,3.320998639094692e-30,-2.102477639117563e-29,4.252172190411666e-30,-9.912304898849507e-30,-7.573164330991099e-30,-2.1600120815096183e-30,-2.6310998503357458e-30,4.993931242963347e-30,1.4679995206920328e-29,9.645024215460891e-30,2.5699675699551113e-29,4.1001282552474116e-38,9.081105665046851e-38,-1.4254893592787734e-39,-7.095481794236108e-39,5.975171429343938e-39,3.172817221143076e-39,0.8433067798614502,-0.27152734994888306,0.23170945048332214,-0.40200620889663696,-0.002758918097242713,0.02019939012825489,0.023691950365900993,-0.021663861349225044,0.23509441316127777,0.9538158178329468,0.1869918406009674,0.0,-0.2545695410621586,-1.6158047557428572,-0.23655568974331043,-0.37387798307284803,3.8978621693020356e-16,1.5814509338892487e-15,-2.1477746611011986e-22,3.2434107249033684e-24,-4.314227641483836e-31,-1.5391995319233733e-30,0.7853090537211724,0.2163288928354284,0.0016379465566007667,87.26485443115234,-0.39082831798573586,-1.3038007063097539,0.28064482932692164,-1.5606282661060626,-0.3004779843793375,1.0548202024264113
275.0,1320.0,0.3853610819187867,0.22644640692858678,0.3868147546788723,0.0013777564737541756,2.5443321654814105e-12,0.9630064295304789,0.0003530681818265798,0.03664050228769455,0.038476630846340384,0.6037298587156356,0.35779351043802404,3.2641228710385715e-05,0.00013504748072176148,4.0707389667318786e-05,0.22911515204737307,0.7638587778189402,0.006817674034587451,0.37110519957861315,0.136712457261659,0.2954718457513365,0.9962419407675067,0.016117222497855573,mixed_higher_order,-1.064793089136219e-30,1.2586469252751656e-30,7.995135683543349e-33,-3.053805326180273e-32,2.7274079910343183e-31,-1.7037053078929748e-31,6.059248421316332e-23,-4.54290991310015e-23,2.998636708159082e-22,-8.519637390955977e-24,1.7734974888439402e-22,1.4791577118262253e-22,-1.3349772058305736e-38,1.7650732533904332e-38,3.646686240875568e-38,-2.6391014061294567e-38,-2.3117098115373294e-38,8.740316102016244e-39,8.062514996806653e-37,-1.0338451345931127e-36,-1.595778366137926e-37,-2.388553552706769e-36,1.8417170329553602e-37,1.3125784549385363e-37,2.684019686109084e-29,-3.1568254420579654e-30,-1.343806410042327e-29,2.85018223816621e-30,-1.340213276066757e-29,3.066404407927275e-31,1.6929245248070917e-29,3.08081231149711e-29,1.3535214662235828e-29,1.009097027777106e-29,1.4383806583214946e-29,1.1160389073040838e-29,3.834321264069716e-38,2.3183605625771222e-38,-8.803968892171657e-39,-5.213167164643812e-39,-5.502884273919841e-38,-6.584196315184725e-38,0.3922054171562195,-0.6788342595100403,-0.42682722210884094,-0.4383666217327118,0.06271269172430038,-0.05888843163847923,-0.04910188913345337,0.036584317684173584,0.2542538642883301,0.9488882422447205,0.1869918406009674,0.0,-1.0880711243401475,-1.7923546186170223,-0.8919562175585807,0.0473727018737782,1.5915275553065712e-15,1.4020273425591302e-15,-3.228832104869411e-22,3.4472118443350403e-23,4.571074296245774e-32,-1.1354756656448142e-32,0.6220417702153759,0.3780961803993907,0.00013795061476651327,39.53184509277344,-1.1184221301216482,-0.9461653867943847,-0.11249393084035567,-1.6838038656770276,0.025252375615358688,0.8888019174245526
275.0,1340.0,0.4483367897090462,0.11561740480759754,0.43550418398162,0.0005416215017363387,1.8379179389371895e-12,0.9994949282138815,0.0003919634258973406,0.00011310836022119104,0.0004125788156853629,0.8096334471003725,0.18995397408394205,2.6762926237941196e-05,5.658191914268888e-06,9.279131622706948e-06,0.1681809515312775,0.831723435366973,5.3912851974494454e-05,0.44811034744588524,0.09360771799917439,0.36221903601788324,0.971377308260261,0.003110437630788373,clean_balanced_ED_EQ,-7.07582409567746e-31,1.420231851328544e-30,-8.229043038030339e-34,-3.1411464963887866e-32,3.0504789258655217e-33,-1.6601655073859728e-32,-1.9359106846343582e-24,-4.5099872483582496e-24,2.1084287944061394e-22,-5.305088649305321e-23,9.451324889765978e-23,4.644777654726288e-23,-9.100560381026149e-39,1.6571117770410708e-38,1.341322852681221e-39,-8.588754041554941e-39,7.759238063056811e-39,-7.982365502154061e-39,4.345257080905094e-37,-9.66553654458608e-37,-6.29131247433165e-37,-2.271140203470363e-36,1.5485269489650342e-38,-1.0964159110027144e-38,2.0238114006453472e-29,-6.75601937764829e-30,-8.268888084024909e-30,3.90774958878434e-30,-1.1969225922428564e-29,2.848269972264204e-30,5.770279685196713e-30,-6.90697454599912e-32,1.265222607977398e-29,7.537553889783708e-30,1.1245967208230905e-29,4.9594473490697494e-30,1.8556570730075688e-38,3.4674020650460557e-39,-7.306162733447973e-39,-4.855613055652971e-39,-1.7313285492236598e-38,2.5552540942792316e-39,0.11704616248607635,-0.768240749835968,-0.6088526248931885,-0.1578880101442337,0.009900275617837906,-0.013877976685762405,0.011140202172100544,-0.006705000065267086,0.27274277806282043,0.9437400698661804,0.1869918406009674,0.0,-1.4916481935543833,-1.6635816028782695,-0.8725569663044772,0.44310984250510776,1.9100721117626398e-15,9.854936608235352e-16,-3.7508685111169915e-22,1.1025020429208783e-22,9.780662189849262e-31,4.543914635013306e-31,0.6041842675554472,0.3957992037169418,1.6528727611042626e-05,22.035625457763672,-1.2431691197373225,-0.6193669015527937,-0.4303641047978549,-1.5535982746442358,0.15489696484728735,0.6156150112456682
275.0,1360.0,0.48157039175417066,0.06369102935248404,0.4543465927681203,0.0003919861252250227,1.488167551950957e-12,0.9997465412441915,0.00023497001813800153,1.84887376704757e-05,0.0003702803635734722,0.8993859157500661,0.10024380388636035,1.1372575647664114e-05,1.8466973533421758e-06,4.694771302320079e-06,0.14128962594527086,0.8586649970048207,2.7463005605074687e-05,0.4814483335218424,0.05728281475924819,0.3901315157183885,0.943468702702247,0.00030588998016569866,clean_balanced_ED_EQ,-4.939232393075329e-31,1.4422345765507186e-30,-5.479019034794709e-33,-2.2719799469060333e-32,4.6745919171952825e-33,4.596403351988122e-33,-3.163711663431661e-24,-4.7156384603296835e-25,1.442275137502932e-22,-6.363889084497101e-23,4.9603800347220644e-23,1.758866258099074e-23,-4.308746406592187e-39,1.1030041840404562e-38,-1.815597227306669e-41,-4.7717898352098965e-39,4.326908990211753e-39,-6.258253341075227e-39,2.665592730587799e-37,-8.944366684709098e-37,-9.618179162879043e-37,-2.0901433216566685e-36,1.9832483181094856e-39,-1.286001916411953e-38,1.504187053670771e-29,-7.977545700459817e-30,-3.8326752253184446e-30,3.1061780676675022e-30,-1.1209196478971896e-29,4.8713684111807366e-30,3.439939347104531e-30,-8.962770023449648e-31,1.1471840300252123e-29,4.836691206990013e-30,8.494813607110575e-30,2.538210220357694e-30,5.25358304186956e-39,-2.3904158225216574e-39,-6.85563360781243e-39,-3.319371569515032e-39,-1.0929271835956276e-38,4.136689103374642e-39,-0.07571100443601608,-0.7906067967414856,-0.6048094034194946,0.05535207688808441,0.006426827982068062,-0.010601394809782505,0.00802504550665617,-0.008960043080151081,0.2905886173248291,0.9383987784385681,0.1869918406009674,0.0,-1.7292165464357927,-1.5106607467888338,-0.7202669509332255,0.6415239623553314,1.9862005883414942e-15,7.041903661717317e-16,-3.8860241905790355e-22,1.8219393695150312e-22,1.748337760885343e-30,5.661935865953834e-31,0.6309449569363671,0.36900295060785154,5.209245578141619e-05,16.868736267089844,-1.2438635992637643,-0.42598697063166685,-0.6387331077073387,-1.3880420782220906,0.18307909388133067,0.41491990478723856
275.0,1380.0,0.4983036337886079,0.0341408761748722,0.46726140348960954,0.000294086546910385,1.2663309963752125e-12,0.9997793495482723,0.00013650341517570193,8.414703655192725e-05,0.0007716808762973838,0.958538404395433,0.040689914728269556,5.403000374037859e-06,8.645467521894267e-07,2.3445930575312778e-06,0.1367819284041503,0.8631837414384004,2.571801726568166e-05,0.49819368286671495,0.03272534097332406,0.4033324464939192,0.937704186375315,0.0003077533909786787,clean_balanced_ED_EQ,-3.5402570082313654e-31,1.4297105174543356e-30,-6.65533742577037e-33,-1.587145918977871e-32,8.220594529824603e-33,1.0724328898776064e-32,-3.127766698985692e-24,7.266179680584071e-25,9.593223341037008e-23,-6.003850455878986e-23,2.227759027659073e-23,6.8841633552357e-24,-2.393616186665598e-39,7.609777448931993e-39,-4.093519415685786e-40,-3.164698139346573e-39,2.8029655803876782e-39,-4.4450740736901974e-39,1.7824688651589675e-37,-8.796344315076792e-37,-1.2110981230683333e-36,-1.9017507802600056e-36,-3.372497370812993e-39,-1.183568369566606e-38,1.1078930426219175e-29,-8.125944495578164e-30,-7.42544721982249e-31,1.726932298272216e-30,-1.0336382816051156e-29,6.399012816202899e-30,2.5574488895052294e-30,-1.1706286254052604e-30,1.0192608928444445e-29,3.165081503017589e-30,6.274520456793503e-30,1.375142916435832e-30,-3.85335010470053e-39,-4.167157497485314e-39,-6.251948839493155e-39,-2.2719188521334012e-39,-8.226313159080875e-39,4.68979928787303e-39,-0.2329128384590149,-0.7858777046203613,-0.535963773727417,0.20169028639793396,0.003459732746705413,-0.008900286629796028,0.006336211692541838,-0.007957573980093002,0.30781692266464233,0.9328894019126892,0.1869918406009674,0.0,-1.8923038504479874,-1.3593191564630231,-0.5531230765292215,0.730976794717501,1.9886212430001798e-15,5.103776147583054e-16,-3.8266699428792254e-22,2.451737497471779e-22,2.3697197695287378e-30,5.502799895938023e-31,0.6719433417911742,0.32803960893767586,1.704927114998256e-05,14.586543083190918,-1.2151916856842992,-0.3009064302925039,-0.7811339973824069,-1.2265911082795002,0.17021814006796157,0.27198222979869463
275.0,1400.0,0.49837736171506747,0.017024339024843602,0.48437202538758783,0.0002262738725009844,1.120817875417467e-12,0.9997895395228561,6.36355349049263e-05,0.0001468249422389521,0.001784130889395079,0.9967934941379377,0.0014223749726672544,2.930814136545285e-06,5.543198668700171e-07,1.1864562889566765e-06,0.16500682437516875,0.8349633065538155,2.519748072337394e-05,0.49827247297772315,0.016969750381962707,0.40443286791978894,0.97189812900152,0.0014112726711215,clean_balanced_ED_EQ,-2.5426566706626628e-31,1.4034054462481245e-30,-6.518616067660215e-33,-9.326422881991719e-33,1.1509624477271948e-32,1.2894277866935404e-32,-3.114903612691058e-24,1.2008249016958887e-24,6.076226674847378e-23,-5.034317254307767e-23,-2.2429734464821852e-24,1.9631506276177644e-24,-1.5952603311810068e-39,5.6553627407417195e-39,-4.376739629891326e-40,-2.5177163389181358e-39,2.0329290754913048e-39,-3.137652940831115e-39,1.2931173367845205e-37,-9.773704094813779e-37,-1.4098605796437582e-36,-1.7119151036685755e-36,-6.310033516335668e-39,-1.042158833199083e-38,7.964673364398022e-30,-7.779037278320583e-30,1.3797356339439255e-30,1.674792977399804e-31,-9.344407905737688e-30,7.611557652799325e-30,2.0764664260561936e-30,-1.3289389322359998e-30,9.126612542903894e-30,2.110649861465205e-30,4.165654262036066e-30,7.528196318154468e-31,-1.1080149294522024e-38,-4.4484136097469186e-39,-5.7490886618592346e-39,-1.5825499209758047e-39,-6.531490315463168e-39,4.9920074138864544e-39,-0.3709363043308258,-0.761143147945404,-0.4406311810016632,0.298024982213974,0.001080030226148665,-0.007040087599307299,0.0057308790273964405,-0.006841591559350491,0.3244533836841583,0.9272345900535583,0.1869918406009674,0.0,-2.011440051073563,-1.2081538470677422,-0.3949388719439124,0.755037989379778,1.96147593050715e-15,3.687145710009346e-16,-3.643091144534419e-22,2.9998341099376137e-22,2.8752759891858298e-30,4.7732057499665925e-31,0.7169833628335456,0.2830543780440516,3.774087759711442e-05,13.585853576660156,-1.175793041700421,-0.21302739196223305,-0.8835364646156532,-1.0728290727865157,0.14069141767033652,0.16980911249466735
275.0,1420.0,0.4349382405857471,0.01506910454711173,0.549825252522108,0.00016740234503318045,1.1100924882185263e-12,0.9997610859774316,2.631422020715872e-05,0.0002125998023613488,0.00214063838119507,0.45955392286543223,0.5383054387533727,2.136455633056205e-06,5.483630980988268e-07,6.895217195898964e-07,0.33741750283793553,0.6625577378943246,2.1384927289222632e-05,0.4348343277411199,0.006925066108694518,0.36429097554822365,0.7910481350040549,0.004701935659415686,mixed_higher_order,-1.7139020278047677e-31,1.3533266394941136e-30,-5.8933181518740446e-33,3.774623503278725e-33,1.4391291205395052e-32,1.3733366742491793e-32,-3.2146704468162397e-24,1.4397253337556647e-24,3.4835823984731627e-23,-3.807875541726113e-23,-5.583993018707893e-23,-1.365267142899798e-24,-1.1276103306133766e-39,5.435041908244346e-39,-5.414656208828105e-40,-2.7595485159521914e-39,1.669075800488255e-39,-2.675484492357101e-39,1.0573537047980594e-37,-1.55623784969757e-36,-1.5736097976619332e-36,-1.5170153221430433e-36,-8.219248006015403e-39,-9.308425296580506e-39,5.1023774544545546e-30,-7.202254897712584e-30,3.0073103600701062e-30,-1.3955231675403591e-30,-8.109690821137256e-30,8.59777783397505e-30,1.7520580434383308e-30,-1.4516742018026369e-30,8.698598342834236e-30,1.3539882022123411e-30,4.657187402450163e-31,3.603715448466627e-31,-2.0740062833346957e-38,-4.105521388804672e-39,-5.827057395339656e-39,-1.0693759735072733e-39,-5.1740653375507876e-39,5.186441613297806e-39,-0.49692869186401367,-0.7139906883239746,-0.3362118899822235,0.36075878143310547,-0.0009372977074235678,-0.004892073571681976,0.005555428098887205,-0.005774923600256443,0.34052178263664246,0.9214547276496887,0.1869918406009674,0.0,-2.0960322687460975,-1.0490343987609032,-0.24885656788580654,0.7414719790571714,1.9149649298420383e-15,2.5051995507257243e-16,-3.3673750727109367e-22,3.474027753079108e-22,3.2653974833272965e-30,3.59695535204486e-31,0.7567456387218459,0.24324954587046865,4.815407685487827e-06,14.350275039672852,-1.117866779770055,-0.14157071062900747,-0.9585720108586889,-0.9240972126703202,0.10491786918971281,0.09598266497673301
285.0,1305.0,0.15825004019930758,0.6034091168267884,0.2376441056860112,0.0006967372878927472,4.9262040136571086e-12,0.9956590654915255,0.0023967572118918927,0.0019441772965826463,0.0009892430880215266,0.2942996731757101,0.7047110837362685,0.0004558116059575675,2.2956169322887043e-05,0.00027586273147490645,0.3144325454152587,0.6838924356235243,0.0009203884544616078,0.1575630871388389,0.17758310587336773,0.16252300624918042,0.6659119095021716,0.12547609179582914,MD_contaminated,-1.4348351461315262e-30,2.75151155080468e-31,6.684549843277043e-32,-2.5879837063989455e-32,-3.2741258204355573e-32,5.564055357839092e-32,-2.2391229186114722e-23,1.5013024373985913e-23,4.2194284441174465e-22,1.9538333509063607e-22,1.6019683531315612e-22,7.014702633843075e-22,-8.440614061704082e-38,2.1717862862918335e-38,1.9409977417828884e-38,-2.411516306666483e-39,6.499611202984809e-38,-1.9306337775458688e-38,1.569270153267659e-36,-3.96720518902295e-37,8.250866332615726e-37,-2.240030592655615e-36,-5.345814611749703e-38,-6.936371364344268e-38,3.7213661567007586e-29,1.1776189464731684e-29,-2.8680252799505237e-29,-2.5522275439893503e-30,-8.53340876750235e-30,-9.22396456037061e-30,5.637791073738008e-31,-3.6028360576353973e-31,4.00459523512484e-30,1.4478093170659582e-29,6.599747094321607e-30,2.5898015966444854e-29,3.4188774220449744e-38,1.0215141736481633e-37,-1.0194354114446127e-39,-5.987437538992447e-39,-4.932570932804049e-40,1.6340545955704144e-39,0.8325665593147278,-0.0534023642539978,0.34100326895713806,-0.4331817924976349,-0.001666690339334309,0.009977398440241814,0.018069053068757057,-0.01058912742882967,0.1938232183456421,0.9630506634712219,0.1869918406009674,0.0,-0.08436550342000812,-1.4171241719205825,-0.16815831256411332,-0.48330704593366935,1.9798161925752828e-16,1.4952017441654575e-15,-1.6235931290480408e-22,-1.4389179296156405e-23,-4.441055115098132e-31,-2.8652786287772054e-30,0.6961212145334034,0.30436831508942386,0.0004895296228273338,92.86564636230469,-0.24730710435801956,-1.2896363277745613,0.5950903528511,-1.615612884808532,-0.5857766657998785,1.2650222826986346
285.0,1325.0,0.34153526932310646,0.2730604933851852,0.38464703786841137,0.0007571994232971018,2.759971350191254e-12,0.9926835599484728,0.0009092929405286264,0.006407147110998494,0.014242857407801422,0.6576812705661329,0.32807587202606564,0.00011497727062771522,1.3046810953070303e-06,0.00011832736964343849,0.21480642747512937,0.781005746496402,0.0039532167071023305,0.33903644699962177,0.1795867722309837,0.3004115469480484,0.887918625906451,0.01993632975575643,mixed_higher_order,-1.141732042958949e-30,1.1962635697612716e-30,1.825019647520138e-32,-4.6602664171174143e-32,-1.4144362441346368e-32,1.3209863142692882e-31,-4.443540903819087e-23,2.906571692292911e-23,3.58623513947624e-22,3.968343218786866e-23,1.8888320829585506e-22,1.7106884962007905e-22,-2.579148632744322e-38,3.5190844325879166e-38,3.506160844083716e-39,3.050820587634382e-39,2.2285315183597795e-38,-3.8241681548449125e-38,8.84567620596571e-37,-9.978668160819834e-37,1.885160669874499e-37,-2.53569280059422e-36,-1.0121455716174642e-37,-1.4993632560582196e-37,3.187294798486646e-29,1.2020209138280727e-30,-2.0661753676342275e-29,1.627008762499916e-30,-1.1211197815027482e-29,-2.829026871125353e-30,-4.799552683446524e-30,-2.6707122798467484e-30,1.259626872035073e-29,1.3567314859553132e-29,1.3049352426671656e-29,1.1451151341989657e-29,4.049673388485099e-38,2.832525416686829e-38,-5.6822561098074e-39,-8.604808077294701e-39,1.6357976879323526e-38,2.002780048065868e-39,0.4609984755516052,-0.5639176368713379,-0.38427188992500305,-0.5662802457809448,0.009764604270458221,0.009788841009140015,0.026264268904924393,-0.02396651916205883,0.2137271761894226,0.9588298201560974,0.1869918406009674,0.0,-0.9097404301194236,-1.767620668131776,-0.9504943064003742,-0.08552193718005509,1.4839830077996736e-15,1.4778518702753357e-15,-2.969149352861928e-22,-7.142889944106251e-24,-1.0048922649842795e-30,-1.0438176848064807e-30,0.5307138645403189,0.46960240801011643,0.00031627255043531477,38.142181396484375,-1.05897757308189,-1.0107042114504747,0.13189277193636972,-1.7740639171712231,-0.11717862821380043,1.0589560703986147
285.0,1345.0,0.4213256042720965,0.14691449765764486,0.43111413266904247,0.0006457654012163224,1.9699781232921897e-12,0.9966829963574209,0.0003785272295543069,0.0029384764130247942,0.002511834763925753,0.8403860382175098,0.1571021270185645,2.068399726771597e-05,1.730173717066517e-05,3.056652083317397e-06,0.16463438689176202,0.8351178479004159,0.00020672282130046747,0.4199280657080141,0.12346489264322379,0.3600311066740251,0.9772948097610605,0.0041524066031136736,clean_balanced_ED_EQ,-7.888703930566282e-31,1.3944739182999787e-30,2.237227509507679e-33,-3.1142577783492384e-32,1.774109791278528e-32,-8.516486711221508e-32,6.77063030577666e-24,-1.252567975104137e-23,2.5820018300646813e-22,-3.4081209768980586e-23,9.788693167404079e-23,5.566062759543336e-23,-1.0329014718970777e-38,1.389374333733819e-38,3.837653665518989e-39,-1.5361832648616486e-38,6.491349274762452e-39,1.4680846415570305e-39,5.011622266299795e-37,-9.703949690872819e-37,-3.6869741477564887e-37,-2.4320288100778268e-36,3.6444812814935453e-38,1.302113911264588e-38,2.451688911881598e-29,-4.7581836005171885e-30,-1.1866634336760689e-29,3.242723381672635e-30,-1.2650253292831838e-29,1.5154606842268826e-30,1.170242585739721e-29,2.425023919199938e-30,1.2326254860088052e-29,8.141885437225699e-30,1.0715509284784862e-29,5.5528034502309705e-30,2.127342980299541e-38,6.122250227744147e-39,-7.245462799888023e-39,-4.978158197668785e-39,-3.510871551991564e-38,-2.573722370698549e-39,0.2134142518043518,-0.6892364621162415,-0.6277015209197998,-0.2905462682247162,0.010217147879302502,-0.022761940956115723,0.010992709547281265,0.004814258310943842,0.23295176029205322,0.9543414115905762,0.1869918406009674,0.0,-1.3242676966353317,-1.69315278204486,-0.9820723650218114,0.34487647443846486,1.8513874213529402e-15,1.081781910113501e-15,-3.649520894164456e-22,6.130457936269727e-23,-1.8250168983257191e-31,-1.5658556706270408e-31,0.5212150396506017,0.47857035009061394,0.00021461025878433126,22.67184066772461,-1.2160848422225534,-0.6879535822683934,-0.2503398026674375,-1.6513096864725216,0.09913974075746688,0.7510854039603367
285.0,1365.0,0.467029718574789,0.0818954568748901,0.450653331902504,0.00042149264781693473,1.5570150347316726e-12,0.9997426048997697,0.00024578926301792406,1.160583721238197e-05,0.00016117808547478125,0.9137275956768816,0.08611122623764364,1.1446075766010899e-05,2.4702324994480363e-06,4.106686763000741e-06,0.14030273277789457,0.8596630729662794,1.6171260797548394e-05,0.4669095074135659,0.07483013890715307,0.3874100281457992,0.9649350222888171,0.000508412022817361,clean_balanced_ED_EQ,-5.675601753793056e-31,1.439039382253445e-30,-4.196390351403678e-33,-2.3889439947229937e-32,2.1352016726044293e-33,-4.8187504102704344e-33,-1.7089634837845705e-24,-1.7775066591829695e-24,1.7719931832178203e-22,-5.539630277156298e-23,5.279282293907908e-23,2.147726793555029e-23,-5.2435656050786666e-39,1.105567841447914e-38,2.6339479389882307e-40,-5.678297541581497e-39,4.9801678820366486e-39,-5.3773953735471545e-39,3.1779949332652604e-37,-9.036782806959356e-37,-7.3733477900427e-37,-2.2536297171317594e-36,6.662807813803532e-39,-7.834087387161711e-39,1.8191385098048486e-29,-6.905225555022015e-30,-6.2779212694473486e-30,3.280324243715406e-30,-1.1913460669006772e-29,3.624902298679848e-30,4.212318680133663e-30,-5.663056504365205e-31,1.1546014852345718e-29,5.5539973780672785e-30,8.180398346100694e-30,2.9522432208330278e-30,7.474150673610741e-39,-1.2533898508302311e-39,-6.886241956756554e-39,-3.703496934025596e-39,-1.4211703451751919e-38,3.481447674664398e-39,0.03367091342806816,-0.7425792813301086,-0.6661627292633057,-0.0587940439581871,0.007331201806664467,-0.010802541859447956,0.00874438788741827,-0.007892437279224396,0.2515229880809784,0.9496157765388489,0.1869918406009674,0.0,-1.5801338630384345,-1.5793054125042434,-0.8531532715183364,0.5893420862056848,1.9622235540388443e-15,7.97780657253758e-16,-3.9382377788867014e-22,1.3203646106137508e-22,6.803058958958046e-31,2.2492206602937078e-31,0.5527281609023762,0.4473682763502256,9.64372526017776e-05,16.563724517822266,-1.2365617026270745,-0.4877025503717239,-0.4860755748585951,-1.4856675576222742,0.158782702633098,0.5079073017544152
285.0,1385.0,0.4927968416317544,0.04447748884602164,0.462414605153213,0.00031106436901078466,1.3110495173916368e-12,0.9998119955296767,0.00014459663815518975,4.3407832168150706e-05,0.0005132983253825048,0.9613136706225036,0.03817303105211393,5.711327150954767e-06,1.0354468850087041e-06,2.259821366010654e-06,0.13587072913994555,0.8640971481872444,2.3116077408158226e-05,0.49270419362256646,0.04275681806264052,0.399571141593022,0.9383473392850096,0.00016797261417295464,clean_balanced_ED_EQ,-4.200225082782193e-31,1.4412550018032075e-30,-6.005977738897737e-33,-1.7025202963675763e-32,5.602935174421078e-33,8.151743216998045e-33,-3.0569463507963197e-24,2.0098033014582331e-25,1.197479583251726e-22,-5.689814877381962e-23,2.501246107537985e-23,8.505583320775046e-24,-2.972742474159588e-39,7.848410366439806e-39,-1.217984107892968e-40,-3.57138317461656e-39,3.0945405426605384e-39,-4.2770301718012825e-39,2.22395949474912e-37,-8.878910734113572e-37,-1.0058664089726174e-36,-2.0776084217369132e-36,-9.670520844525085e-40,-1.1899744530204662e-38,1.3543115756557605e-29,-7.50180499622695e-30,-2.3455375543548436e-30,2.2525072924827618e-30,-1.1197577364982313e-29,5.249296866523739e-30,2.841816301405574e-30,-9.01395071051501e-31,1.0374552825737736e-29,3.745170049697934e-30,6.148291207937214e-30,1.6885952612332958e-30,-2.0494188736271158e-39,-3.767855344474105e-39,-6.337440658597177e-39,-2.6076996308295344e-39,-9.832997434756232e-39,4.1567992119028704e-39,-0.11359826475381851,-0.7624508738517761,-0.6272737979888916,0.10944043099880219,0.0045765237882733345,-0.008785530924797058,0.006657869089394808,-0.007748696953058243,0.2694663107395172,0.9446808695793152,0.1869918406009674,0.0,-1.7580663334296618,-1.4560811657639818,-0.6975074172478699,0.7180123804484201,1.9874302781985213e-15,5.967848384999352e-16,-4.0027367022375526e-22,1.9527331313364715e-22,1.439156609923899e-30,3.750515493499601e-31,0.5943340309160308,0.4055539951058943,0.0001119739780749418,13.979303359985352,-1.2205815976044339,-0.355712031210735,-0.6440878994137726,-1.3303580199359462,0.16073239797028804,0.3382777279830825
285.0,1405.0,0.4998478529924433,0.02263850246907826,0.47727630622639716,0.00023733831208130939,1.15473513687014e-12,0.9998195748863246,7.043677064060729e-05,0.00010998834303472067,0.001109394928950577,0.9981326575900022,0.0007579474810472506,2.8319260836924386e-06,5.766447336284477e-07,1.110464586514482e-06,0.15926457965995286,0.8407088822154165,2.201908922688183e-05,0.4997576678867467,0.02259622863331891,0.4012504299154972,0.9548431655134321,0.0010422529597124122,clean_balanced_ED_EQ,-3.12317124340439e-31,1.4264114909209166e-30,-6.250085774989643e-33,-1.0542686064971479e-32,8.820925821104181e-33,1.2519976959335385e-32,-2.9849850410231876e-24,8.486543276524843e-25,7.83144520559546e-23,-5.031261795480277e-23,1.167356476531154e-24,2.284033897033812e-24,-1.7368867327162105e-39,5.6200133297739986e-39,-4.049686842858335e-40,-2.6232840677718028e-39,2.1418539186891167e-39,-2.996740292052864e-39,1.7005559643364748e-37,-9.716235803829655e-37,-1.221321836915855e-36,-1.909028566066897e-36,-4.3542376140002484e-39,-1.0749816042638177e-38,9.993023779404594e-30,-7.457240907968292e-30,4.069780780302769e-31,8.920305610830532e-31,-1.0399999197522769e-29,6.565211898500632e-30,2.2344365527926493e-30,-1.0871557281499481e-30,9.35856026532282e-30,2.565363753932712e-30,4.235395330884639e-30,9.550398889327233e-31,-9.524514060978956e-39,-4.519259044981537e-39,-5.873192033155263e-39,-1.8557494757215566e-39,-7.66430435388945e-39,4.5475879891299157e-39,-0.24412545561790466,-0.7613303661346436,-0.554600715637207,0.23069241642951965,0.002262770663946867,-0.0072660427540540695,0.0055829863995313644,-0.006606061942875385,0.2868061661720276,0.939561665058136,0.1869918406009674,0.0,-1.8921188753252205,-1.329073765248787,-0.5434529948007706,0.7788102161450932,1.9771856588486387e-15,4.461091559099435e-16,-3.9336226714250437e-22,2.5169124214441475e-22,2.0877455227985147e-30,4.106445048443676e-31,0.6392790799877414,0.36087575457492355,0.00015483456266496276,12.826277732849121,-1.1908149226745972,-0.26073254081211833,-0.7599444638788186,-1.1878569974909983,0.14010565104364128,0.21808241624958322
295.0,1290.0,0.004919099994785608,0.8652226796568632,0.1287568930655058,0.001101327282845425,1.2776739380235718e-11,0.9682322278100337,0.008987485405632666,0.022780286784333668,0.0006838992246775484,0.38018014771399766,0.6191359530613249,0.0004358072219542008,5.494891406553736e-05,0.00018322252301598206,0.0013719080396656256,0.9952140519140404,0.0027400613872582817,0.004762831146771594,0.32894048615744714,0.12814066925958484,0.03820455649145702,1.2048380744764529,MD_contaminated,1.6906302157228285e-31,3.622126069824381e-31,-1.7129372463757623e-32,3.449236922495067e-32,-5.433579395771471e-32,2.840572989212961e-32,-3.2177060563525526e-23,-2.736307036853268e-23,4.70433827425705e-22,8.777671434974258e-22,-1.241105898208327e-21,2.7351018989327524e-22,-2.435010972348238e-38,-9.44932633127567e-38,4.818010934589017e-39,3.4312674414767467e-38,1.9532092222651646e-38,6.018061462902726e-38,6.984932894400516e-38,-1.0054056950795282e-37,2.83496717670108e-36,-1.6837823395622946e-36,1.2348369491580912e-37,-1.2118345143677189e-37,4.147965101879161e-29,7.324446536921341e-29,-5.340854810300102e-29,-6.956831393188295e-29,1.1928899604551929e-29,-3.676155217844237e-30,-3.8070388102217344e-31,7.646780954900905e-30,2.527035541870126e-29,1.0313186775508481e-29,-1.0801885600788883e-29,3.35911881187654e-30,-8.101963520290688e-38,4.262328821326476e-38,-2.0966303321446075e-38,-5.647617540539004e-39,-3.873973646389439e-39,-6.064937128456373e-39,-0.6799770593643188,0.7237973809242249,-0.06111353635787964,0.04312616586685181,0.030460575595498085,-0.03958173841238022,0.03557603061199188,-0.048421621322631836,0.13118818402290344,0.9735623002052307,0.1869918406009674,0.0,-1.050465227368299,0.4104820110804498,-0.20679468618721825,0.23730063828032397,1.0087212077590025e-15,-5.096796040428914e-16,3.015119024599649e-23,1.4628412176901948e-22,-1.6137958219848482e-31,9.588747406678198e-31,0.988746010575869,0.009205037874158828,0.0020489515499722,121.02667999267578,-0.32934389362838745,0.15372152354679178,2.092536278746356,-1.2428276630512902,-2.662224469825245,1.4268026048641125
295.0,1310.0,0.12023734345686485,0.6471851913648556,0.2317904082780664,0.0007870569002130949,5.858216674966504e-12,0.9952147520211932,0.0027600380176073464,0.002025209961199289,0.0005958460112521802,0.39565227727591845,0.6037518767128295,0.00041562055482078335,2.1122480413598614e-05,0.00025015592006706627,0.2638928925159417,0.7347400315734929,0.0006801769552639555,0.1196619779521108,0.2560602947827562,0.1703056918966593,0.5187330414148226,0.15423611562507422,MD_contaminated,-1.392883047620249e-30,1.315495507157884e-31,7.106588424674572e-32,-1.9447212225000745e-32,-4.193286759027993e-32,4.7168836717482693e-32,-2.3770772349149446e-23,1.3733143463536649e-24,4.920528941168925e-22,3.665231367451132e-22,9.610571771606091e-23,7.51812193896262e-22,-8.968841839610919e-38,1.3276360988337568e-38,2.040929847089006e-38,-1.1079720823668429e-39,6.927909242930217e-38,-1.2168396741109498e-38,1.596651974720064e-36,-2.4572508552783134e-37,1.4784666696552362e-36,-2.2539068555900427e-36,-1.3968252317513985e-39,-8.200259652820542e-38,4.292470763748428e-29,2.6628295962664316e-29,-3.652310389232961e-29,-1.5917936393222277e-29,-6.401602404996952e-30,-1.0710355548968881e-29,1.4914363975855595e-30,1.4668230609172884e-30,2.9610366003361717e-30,1.4684687075884093e-29,3.601529803021168e-30,2.507762358877798e-29,2.581880388926254e-38,1.1189346340702637e-37,-6.6364837397257076e-40,-5.4156203046458515e-39,-3.0571151204665686e-39,-5.5683592133804496e-40,0.7202150821685791,0.16202595829963684,0.4967024624347687,-0.45569196343421936,-0.0003568340034689754,0.006252188701182604,0.015558738261461258,-0.005996493622660637,0.1525116264820099,0.9704505205154419,0.1869918406009674,0.0,0.0030818201581998186,-1.1404404537317168,-0.0522105247749586,-0.6255261800602947,3.7442089683908037e-17,1.3726230993904097e-15,-8.988664246593862e-23,-9.349941228625478e-24,-1.8599360720994494e-31,-4.216099829728445e-30,0.54500139294007,0.454646533999352,0.00035207306057793986,98.30146789550781,-0.1177860444504273,-1.2471512344097633,1.0582135757911209,-1.613235443251653,-1.094674899256342,1.4695878603450327
295.0,1330.0,0.28968772159109124,0.33032714956595643,0.3791656169532774,0.000819511889675054,3.1610618925566772e-12,0.9965248781290432,0.0009210161782486611,0.002554105692707967,0.0033256197274503588,0.737461673391196,0.2592127068813537,9.898023138989205e-05,1.2718727371833449e-06,7.937761299902495e-05,0.19388097450033812,0.8047188617403286,0.001220534042207141,0.2886810214540424,0.2436036124854541,0.3051217236857108,0.7640136885797532,0.024375255419316795,mixed_higher_order,-1.2085222502541406e-30,1.1165917924623358e-30,2.128589530653703e-32,-4.5266721695167364e-32,-2.3151075997808808e-32,8.001799613670081e-32,-3.0173409519598264e-23,3.936084205396865e-24,4.399329488578129e-22,1.0855842969907218e-22,1.8549389703340734e-22,1.943261880072988e-22,-2.9876601600899557e-38,3.1619982063060815e-38,4.465793889463621e-39,-2.0914170182343913e-39,2.541081570016962e-38,-2.952856796359725e-38,9.660200765415759e-37,-9.592920735277137e-37,5.948517077506071e-37,-2.709056964391137e-36,-6.283907995499436e-39,-1.0783506928888235e-37,3.8702684907622625e-29,7.412062569277525e-30,-2.747576007936328e-29,-3.459373183012478e-30,-1.1226931235776941e-29,-3.952688674318647e-30,-6.775202309157434e-31,-8.107280719753839e-31,1.1882739949307518e-29,1.4610158191679947e-29,1.1529138955188429e-29,1.1730490211872517e-29,4.2148122992057826e-38,3.45065102821925e-38,-5.535445153347256e-39,-8.545320581429687e-39,2.4856181575376653e-39,1.4753610352569178e-39,0.4952169358730316,-0.4235789179801941,-0.30273282527923584,-0.6947552561759949,0.013896699994802475,0.0032790708355605602,0.021467087790369987,-0.014844372868537903,0.1731237769126892,0.9669861197471619,0.1869918406009674,0.0,-0.7385554660549246,-1.686739755771225,-0.9760742767574085,-0.2530535611190258,1.3552910748887463e-15,1.5326993603835118e-15,-2.5445967539549296e-22,-4.209712203965105e-23,-2.112393975743599e-30,-2.4413203869671886e-30,0.4248627839090364,0.5750132207497801,0.00012399534118345823,40.482276916503906,-0.9847331406066814,-1.065807503708618,0.4130568346286412,-1.8811318517878737,-0.3193500382715936,1.2941657727007294
295.0,1350.0,0.3848154659251183,0.18919881485786325,0.4250469893198355,0.0009387298971828366,2.1784315175976537e-12,0.9755209270728998,0.0006350349560619742,0.023844037971038193,0.031497361532273574,0.8469515894542528,0.12155104901347363,4.4811061773565316e-05,2.657955015233613e-05,0.0001186504876119857,0.15143909218006,0.8431376846406823,0.005233182079719848,0.3753955400712613,0.16024223696672818,0.3583731344386189,0.9053480570251866,0.005103764746469089,clean_balanced_ED_EQ,-8.588158159747378e-31,1.3556733735021303e-30,-7.404818878175999e-33,-4.0270172024717826e-32,1.0152387463169083e-31,2.294387333447345e-31,4.456255536049142e-23,4.109290101331172e-23,3.1430098833198804e-22,-4.39746580387952e-24,1.0166591945630791e-22,6.200043281045742e-23,-6.3277210317979e-39,2.6150420999282027e-38,1.134191657748368e-38,1.734159576671405e-38,-5.0141888803146525e-39,-4.349201735996844e-38,5.645262473711813e-37,-9.510493946768648e-37,-9.800684814965793e-38,-2.60777310746574e-36,-7.551367672762637e-38,1.912236552872404e-37,2.9351254731187007e-29,-1.7909011062261694e-30,-1.5829506273176505e-29,2.553499935317475e-30,-1.3521748458010502e-29,-7.625981678136306e-31,-2.193735103826896e-29,7.150246615873333e-30,1.3702114777864576e-29,1.0369624451388859e-29,9.416795873582356e-30,5.857283253246904e-30,2.3280433161134308e-38,8.946964957084322e-39,-8.583775088263521e-39,-7.457545320077513e-39,4.125689253807295e-38,-2.4492210477226934e-38,0.2798789441585541,-0.6034770607948303,-0.6145995855331421,-0.41445228457450867,0.046737782657146454,0.03506651893258095,-0.015608303248882294,-0.06474815309047699,0.1930502951145172,0.9632059335708618,0.1869918406009674,0.0,-1.1760576332114667,-1.6964964847047024,-1.0573105292838811,0.23869787764493386,1.7787815822289618e-15,1.1604667107298307e-15,-3.485202959168446e-22,2.141895975143897e-23,-1.5356091951399943e-30,-1.0598796495167326e-30,0.44593086736663007,0.5539392891854765,0.0001298434478933519,24.492189407348633,-1.1778691890745037,-0.74617729351231,-0.06605310955530326,-1.7575457839413167,0.012744528221192609,0.9108923171641097
295.0,1370.0,0.44610099866796066,0.10476002145802697,0.44867325018283116,0.00046572969118115844,1.6351480856869423e-12,0.999370074532434,0.0002543614001991242,0.00037556406736699333,0.00042613285159220834,0.9284454469132125,0.07112842023519532,1.018330862170751e-05,4.689159906887029e-06,2.3305063066912604e-06,0.1367022947838056,0.863252169054143,2.83331872161422e-05,0.44581998828779307,0.09726396494123558,0.38731815641690115,0.9942669826787706,0.0008130641711017387,clean_balanced_ED_EQ,-6.384644967607821e-31,1.4238137402037882e-30,-2.511185475448183e-33,-2.4767406981207305e-32,1.6254823984921008e-33,-3.020577057555938e-32,1.8184482231787797e-24,-4.313487797146326e-24,2.1404887589930914e-22,-4.388979237235786e-23,5.48934425630591e-23,2.5383660904072406e-23,-6.128629319097944e-39,1.0237377951600577e-38,8.559090200194851e-40,-8.051241950525175e-39,5.2727187254563355e-39,-2.1861437265049698e-39,3.6918579827832442e-37,-9.051297967804122e-37,-5.198145670567411e-37,-2.40082958649935e-36,1.3374931698321393e-38,4.37744890790147e-39,2.158964797876732e-29,-5.547333682235498e-30,-9.078441369930803e-30,3.0949352719839276e-30,-1.2511208211908406e-29,2.45239841025157e-30,6.273728035948341e-30,-2.3259447495816045e-32,1.1426981762179233e-29,6.204044905598722e-30,7.582845833888396e-30,3.237126746501216e-30,9.703986676593229e-39,1.116644481484056e-40,-6.848866134409003e-39,-4.014805004017157e-39,-2.1441928555405498e-38,2.3686692051625685e-39,0.12065242975950241,-0.6850849986076355,-0.6963781118392944,-0.17558416724205017,0.007458433508872986,-0.012663653120398521,0.009943283163011074,-0.004645043518394232,0.21231645345687866,0.9591431617736816,0.1869918406009674,0.0,-1.439480519512104,-1.6223138755954567,-0.9600660130962622,0.5157792864727346,1.921731329284908e-15,8.856711688472928e-16,-3.9048659135199996e-22,8.757656060592587e-23,-6.463825506665803e-31,-3.4913190586333446e-31,0.4841144604648557,0.5158927197442927,7.180209148360817e-06,16.512222290039062,-1.2190131101200092,-0.5466280946173276,-0.34018228447286536,-1.5711750788166028,0.12534240403144445,0.6112902165913431
295.0,1390.0,0.4830439610215449,0.05726492085225947,0.4593599632980126,0.0003311548281830361,1.352479807482088e-12,0.9998407736221461,0.00015127582831812972,7.950549535879497e-06,0.00018303318435436942,0.9654865946466724,0.03433037216897322,5.51308201908984e-06,1.2395349573530571e-06,1.9908988785023255e-06,0.13351285358150206,0.8664669182331161,1.1484669526846625e-05,0.48296704768128723,0.055288513426359216,0.39802021175850627,0.9509692706364754,9.189309055488984e-05,clean_balanced_ED_EQ,-4.864431947911127e-31,1.4406132294243487e-30,-5.2304464224487735e-33,-1.795680522313547e-32,3.1324801455006514e-33,2.927817269148392e-33,-2.044086045701952e-24,-5.755159679426804e-25,1.4524253410567518e-22,-5.188372631519436e-23,2.72105154461628e-23,1.0266807130416401e-23,-3.321697580144484e-39,7.756566694494608e-39,-8.419515213456789e-41,-4.000091110189231e-39,3.405888597294259e-39,-3.756479079545079e-39,2.6644740450005175e-37,-8.894510814644583e-37,-8.093324319458234e-37,-2.2225930410090305e-36,2.258432691363926e-39,-8.31012268873493e-39,1.605109468371733e-29,-6.709181172611668e-30,-4.182622945212557e-30,2.5534815323726745e-30,-1.1868471313816824e-29,4.15570070195887e-30,3.2388964577658634e-30,-6.705466002419639e-31,1.0460223057077174e-29,4.329781991670027e-30,5.760150120317749e-30,1.9213273598987326e-30,-1.8516490264973085e-40,-3.219490434663809e-39,-6.391242665101496e-39,-2.940358659469442e-39,-1.1971844904206777e-38,3.659534506677778e-39,-0.015689946711063385,-0.7261073589324951,-0.6871697902679443,0.007681671995669603,0.0054560150019824505,-0.008722408674657345,0.007035437971353531,-0.007225485984236002,0.23094667494297028,0.9548285603523254,0.1869918406009674,0.0,-1.6287974722346972,-1.5261793730745616,-0.8189792540884419,0.6773585758316509,1.9693234797269204e-15,6.823636418896401e-16,-4.0799150521046217e-22,1.4995462515621026e-22,2.3750452723438934e-31,2.75930032663892e-32,0.527583919636509,0.47236303377669686,5.304658679416985e-05,13.505537986755371,-1.2156494620471825,-0.4104810340389716,-0.5145193653586375,-1.4129758252255988,0.14603986419454928,0.40882183032125835
295.0,1410.0,0.4985181879193573,0.029427413484082326,0.4718057039175397,0.0002486946790205436,1.1810365587700199e-12,0.9998512490612882,7.515699879829145e-05,7.359393991362104e-05,0.0007662555504057742,0.9973140384852707,0.0019197059643234029,3.045333344132081e-06,7.195944174055746e-07,1.0720233051904577e-06,0.15493050185876953,0.8450433774223554,2.128376780844814e-05,0.4984440328709394,0.02934837258398605,0.3986962855256095,0.9464162298404671,0.000739245344910817,clean_balanced_ED_EQ,-3.7357331983682004e-31,1.4375654152270563e-30,-5.843175758682426e-33,-1.1475612358932512e-32,6.48038138531103e-33,1.0972154828177406e-32,-2.96302912973149e-24,4.362636520103396e-25,9.653184925845173e-23,-4.85413689431993e-23,3.8315265599976236e-24,2.7913586253499516e-24,-1.9399905287100756e-39,5.88786821912639e-39,-3.3168405267417477e-40,-2.99514618232933e-39,2.2716814339427013e-39,-2.8927238811929356e-39,2.122706308826272e-37,-9.656672215792774e-37,-1.0356621658781315e-36,-2.0638343790798625e-36,-2.379743195412704e-39,-1.1341603762036594e-38,1.1973730757325865e-29,-6.945374751450335e-30,-7.755639664041005e-31,1.4121386620593838e-30,-1.1198168139910874e-29,5.5332358645594324e-30,2.3994012880501137e-30,-8.605037401705582e-31,9.505961127391914e-30,3.0400094611424334e-30,4.052033231898809e-30,1.1356389498729038e-30,-7.892856640537844e-39,-4.454788441416168e-39,-5.948240529058657e-39,-2.1424128283796073e-39,-8.890313981663678e-39,4.068818138674232e-39,-0.13742728531360626,-0.7435035109519958,-0.6379194259643555,0.14590132236480713,0.0031844426412135363,-0.007345130667090416,0.005631338804960251,-0.006318846717476845,0.24896450340747833,0.950289785861969,0.1869918406009674,0.0,-1.7733218288283077,-1.4210221072772213,-0.6740054881540346,0.7683170871474871,1.9764707758303714e-15,5.265559879908515e-16,-4.1085480406859865e-22,2.0631068042417234e-22,1.033333143803715e-30,2.1624637397108065e-31,0.5717478211660637,0.42830002969106734,4.785085713110426e-05,12.154995918273926,-1.195870815130559,-0.3107652881547138,-0.6398589774944515,-1.2750904677455703,0.13469391249898696,0.26785920423047577
202.5,1332.5,0.6649614182565114,0.0010512536298628188,0.3338010237466862,0.00018630436693962353,7.607448738966963e-13,0.9997763169593975,6.736919917459175e-05,0.00015631384142783384,0.016164100641080936,0.9045146453547595,0.07932125400415957,6.88174014603559e-06,4.947689519017423e-07,4.471803092710483e-06,0.32964963490235094,0.6703381472703045,3.6951515409589523e-07,0.6648126776645924,0.000950874304193271,0.22375955981528453,0.5019855507134418,0.0033311999336527185,ED_dominated_with_EQ,-2.2688962111817512e-31,1.2084258920255385e-30,-6.422900260302192e-33,-7.785628440101573e-33,1.4836102652010313e-32,-4.0316030413062026e-33,-3.746621604269468e-25,1.825510848556112e-24,-3.392758764816991e-24,-1.3521257901640218e-23,-3.8563908008758515e-24,1.4732426274799331e-24,-1.2022778397015762e-39,5.171723427440452e-39,-6.0164691305988304e-40,-1.2903195134950846e-39,1.803928743280214e-39,-3.881407939880985e-39,1.078179056790827e-37,-8.146211565453459e-37,-1.1369494594122388e-36,2.8358752823204472e-37,-8.632124764819853e-40,-1.0841780762153805e-40,-1.735362186670754e-30,-2.982300273604625e-30,2.223535047007025e-31,-3.227357499272556e-30,1.5130083233128058e-30,6.2096581315344264e-30,-1.6025041106641947e-31,-1.5334639806639937e-30,7.573799488518126e-30,2.0326454664997453e-30,2.6847596572018446e-30,2.44497361707395e-31,-1.4420564994259688e-38,-4.312144452419608e-39,-4.836937981820079e-39,-1.5980257317450094e-39,7.28073543110543e-40,3.694905023282249e-39,-0.894006609916687,0.11854814738035202,0.12315335124731064,-0.41399481892585754,0.004274353384971619,-0.004225086886435747,0.00014408657443709671,-0.010576726868748665,0.5675363540649414,0.8018331527709961,0.1869918406009674,0.0,-1.9224137838458668,-0.006799750196486257,-0.2765139723217721,-0.41817747851454046,1.8066586304950208e-15,3.4884223579027066e-16,7.168527073079408e-23,2.8680098052917587e-22,3.7187661816088474e-30,6.891218893346556e-31,0.8133376032780986,0.18667034593309406,7.949211192626038e-06,13.223472595214844,-1.0637230450434816,-0.19972074436442686,-0.7865224183897511,0.19618105860707938,0.039701319375201174,-0.009961868952198062
212.5,1332.5,0.6089290406759701,0.003981673873078294,0.38686269081586816,0.0002265946350834164,8.36231831215605e-13,0.9996954157710353,0.00011281674477008721,0.00019176748419448856,0.006420143699903307,0.8558508872802606,0.13772896901983614,7.195376428838404e-06,6.154574940141731e-07,4.585149340489004e-06,0.20630679166325117,0.793677760385865,3.051967620530323e-06,0.6087435704936216,0.0034077191171346896,0.30704431402358756,0.6353165393235527,0.0019169701563248405,ED_dominated_with_EQ,-2.328568424111325e-31,1.2113660444330573e-30,-6.883472409504847e-33,-1.1150580869146657e-32,1.7058069698811488e-32,-9.541069836994762e-34,-1.047688390068294e-24,2.155269444814955e-24,9.77094846648537e-26,-2.7668602749068377e-23,1.0457878323510937e-23,3.719105689540613e-24,-1.464404487870742e-39,5.950479302002266e-39,-7.896126949292734e-40,-1.6089082394848557e-39,2.2540343440372817e-39,-4.341570343092621e-39,9.338712190882944e-38,-7.277613833761529e-37,-1.4388280129364855e-36,2.9612221744119855e-38,-2.7933759912877067e-39,-4.014513986657135e-40,-1.1036860791148033e-30,-4.80396597397927e-30,1.0440207563634575e-30,-3.0258215370839513e-30,5.966544603977404e-32,7.829786076434238e-30,2.4656011160779833e-31,-1.88764966715209e-30,7.93015630664306e-30,2.135809995309807e-30,4.271385428780927e-30,3.558988128221766e-31,-1.0503609931343064e-38,-4.57205203971802e-39,-4.967383332495422e-39,-1.6903313871486346e-39,-1.9197884395389372e-40,4.767873964426133e-39,-0.9460074305534363,-0.12765677273273468,0.20352010428905487,-0.21722041070461273,0.0033807612489908934,-0.003937818575650454,0.0021937349811196327,-0.01225587259978056,0.5291104316711426,0.8276932239532471,0.1869918406009674,0.0,-2.0959332776928403,-0.19529300686680803,-0.08064773681122045,-0.24219198143596213,1.788515588370799e-15,3.5904736406740673e-16,8.19294747870566e-24,3.519182398067589e-22,3.700166376115843e-30,7.035274108848907e-31,0.9112532462486089,0.08876015856285786,1.3404811466832811e-05,15.191512107849121,-1.0663111291721454,-0.20497342129404264,-0.9953568991243964,0.020485234473060176,0.08124096459051196,0.00028689604805149873
222.5,1332.5,0.5527646241948838,0.01049527654188509,0.4364721295523564,0.00026796971087481134,9.720324601107202e-13,0.999639332676312,0.00015831961787800432,0.00020234770580994344,0.002998758516972971,0.8104103493383191,0.18659089214470798,8.068648773958851e-06,8.294526309115189e-07,4.7154807863245826e-06,0.15656345247991812,0.84341392051685,9.013421040619089e-06,0.552565260057246,0.008505480728711361,0.3681266699820914,0.7896166115696885,0.0009394002968808729,clean_balanced_ED_EQ,-2.3853781156784404e-31,1.244430458110116e-30,-7.439868365059435e-33,-1.410402048374931e-32,1.7749079378683396e-32,3.155652618102209e-33,-1.8786057943064692e-24,2.16554515658801e-24,1.194198903264485e-23,-4.5590498331707687e-23,2.1943430320897096e-23,5.466124406604561e-24,-1.753115423363812e-39,7.221660966346631e-39,-9.085821724764364e-40,-2.202648453754965e-39,2.6617008530123144e-39,-5.019005717814943e-39,8.983885829140534e-38,-7.264486334576332e-37,-1.6560342627349674e-36,-3.793683890574416e-37,-5.041043743628072e-39,-2.331098757295128e-39,4.678816473322359e-31,-6.869663498956392e-30,1.7553612733481673e-30,-2.0920721028540784e-30,-2.223243279337649e-30,8.961734167181488e-30,8.569890725195372e-31,-2.1035240287092427e-30,8.655499699142967e-30,2.2524092865578793e-30,5.780897381934038e-30,4.50880935228865e-31,-6.683008212644196e-39,-4.816052167865311e-39,-5.33982889394692e-39,-1.7872916486084234e-39,-1.7007538763886922e-39,5.6282442365441044e-39,-0.8993628621101379,-0.4042525887489319,0.1658322513103485,0.0056398059241473675,0.0020775231532752514,-0.005011065863072872,0.004776679910719395,-0.01271126139909029,0.4895083010196686,0.8517133593559265,0.1869918406009674,0.0,-2.220303278154168,-0.4750020193862812,0.01195738333429932,0.02540933839081487,1.8138509225248254e-15,3.68741166851433e-16,-8.757080772392608e-23,3.9066367953665287e-22,3.682341700172811e-30,7.003062366172219e-31,0.9723031401366885,0.027716535822846104,1.9675959534559695e-05,17.176143646240234,-1.095416247683124,-0.20997412332306503,-1.145616511340745,-0.2624406391611597,0.13386350204311523,0.03506424653749633
232.5,1332.5,0.5177242871232693,0.020932494976735983,0.4610289443429628,0.0003142735570318387,1.1491079059550125e-12,0.9996186967141897,0.00020446316976054652,0.00017684011604973647,0.0016292503422322214,0.8027298668375223,0.19564088282024542,1.0136116292624789e-05,1.152158410426067e-06,5.364327064252266e-06,0.1417806906098648,0.8581848075039517,1.7849284416290007e-05,0.5175268771514454,0.016803138905252382,0.3956480358547156,0.8904912437171265,0.0003558527501617648,clean_balanced_ED_EQ,-2.714415600401044e-31,1.3053546784788258e-30,-7.743828437493875e-33,-1.742503671413026e-32,1.6254289509588232e-32,7.090452660566038e-33,-2.661419469680847e-24,1.8561155490926535e-24,3.5193098152230346e-23,-6.283897594755339e-23,3.465694290256346e-23,7.946070684977576e-24,-2.2558087437017326e-39,9.029981671425206e-39,-8.59244564051014e-40,-3.0180665473231497e-39,3.115064100371963e-39,-6.011912009323025e-39,1.0960946082366093e-37,-7.706208962956272e-37,-1.700412225555099e-36,-8.808380186834296e-37,-6.257601592219607e-39,-6.092428962741061e-39,3.183705325898549e-30,-8.629400928687954e-30,1.8016556746512373e-30,-4.8683870021442705e-31,-4.98536117987841e-30,9.116239404741602e-30,1.587548417343643e-30,-2.0839625038715817e-30,9.71824272238915e-30,2.635757752350994e-30,7.413836922307458e-30,7.526085163179334e-31,-2.2875420368555068e-39,-4.819574227554142e-39,-5.91482708721623e-39,-2.0448855234351615e-39,-3.6810737927955224e-39,5.98157011831958e-39,-0.7410876750946045,-0.6489744186401367,0.008276551961898804,0.17126932740211487,0.001802861806936562,-0.007484486326575279,0.006816570181399584,-0.011998623609542847,0.4488179087638855,0.8738400340080261,0.1869918406009674,0.0,-2.2387187039844947,-0.8120728401628383,-0.04738844244397825,0.30449778624128604,1.8756285027240652e-15,4.1584865572293776e-16,-1.958392176839409e-22,3.843616975701552e-22,3.6169288839704926e-30,7.487845495151693e-31,0.9704380060726973,0.02959211641871225,3.012249140943446e-05,18.72991943359375,-1.1490451029030968,-0.23893781546937493,-1.176316435907792,-0.6093488526945423,0.1845087396048978,0.1033345003629439
242.5,1332.5,0.5001777977504166,0.03617082064194961,0.4632832918271789,0.00036808978045480803,1.3406015105340692e-12,0.9996209480603,0.0002537223848546578,0.00012532955484520565,0.0009782166631628632,0.7929745943408755,0.20604718899596172,1.3906356869257932e-05,1.633570582580027e-06,6.8480707298141915e-06,0.14451755598744861,0.85543175159477,2.830441959971513e-05,0.4999882043859845,0.028682541825526556,0.3963072378123147,0.9262372178669801,0.0002891311529377869,clean_balanced_ED_EQ,-3.4866794576822697e-31,1.3718652086229373e-30,-7.385415032457203e-33,-2.1307331860540298e-32,1.2869977560306215e-32,9.250249903436201e-33,-3.327466727269041e-24,1.2927810514758415e-24,6.950452597955754e-23,-7.415708472526444e-23,5.0166375862206885e-23,1.2943347788887133e-23,-3.2566530771227754e-39,1.1345937891270175e-38,-5.789312677514115e-40,-4.004067682278726e-39,3.8355768696039786e-39,-7.341884032688473e-39,1.6219065824743128e-37,-8.352832142941221e-37,-1.5553882117650373e-36,-1.3661289653049572e-36,-5.2119417747446454e-39,-1.0706778516266142e-38,6.834193731985759e-30,-9.574478552023225e-30,7.792614122175518e-31,1.3696757969420788e-30,-7.613452633602591e-30,8.2048023964239e-30,2.3365909839962155e-30,-1.8280600210795863e-30,1.0912875491910661e-29,3.490324633161704e-30,9.080491319748307e-30,1.4626325818823057e-30,2.968020302927545e-39,-4.15390086281759e-39,-6.55016326738955e-39,-2.583112775498783e-39,-5.905199613623325e-39,5.739263131040094e-39,-0.5083915591239929,-0.8066328167915344,-0.207908034324646,0.2177163064479828,0.0033130813390016556,-0.010112828575074673,0.007930468767881393,-0.01109103299677372,0.40712985396385193,0.8940242528915405,0.1869918406009674,0.0,-2.1352748995801587,-1.138988083595297,-0.2346016107386056,0.5003679893266837,1.940497582699106e-15,5.223201330913317e-16,-2.8818784296391312e-22,3.341419365126589e-22,3.389636244207891e-30,8.587202716519187e-31,0.9092317243233172,0.090812044177904,4.376850122111975e-05,19.836341857910156,-1.2075913357496662,-0.3069167347614194,-1.0759912744800226,-0.9450649267905152,0.21774113962092487,0.2040802271511769
252.5,1332.5,0.4877634752881896,0.05780436682652645,0.4540022767585283,0.0004298811267557242,1.5307296629788532e-12,0.9996257863731702,0.00031083477539515267,6.33788514345652e-05,0.0006305481848739475,0.7792604477358981,0.22010900407922793,1.9736818370303838e-05,2.394400187048384e-06,9.231625840642858e-06,0.15570307140358824,0.8442265045340683,3.906121794545616e-05,0.4875809475490669,0.045044656774329096,0.383280755158361,0.9307836682324073,0.0008767420357786007,clean_balanced_ED_EQ,-4.675457175602333e-31,1.4185796796709482e-30,-5.9690586937222624e-33,-2.565330699568658e-32,8.636119206652141e-33,8.17719527936236e-33,-3.8559640189405566e-24,3.4690012473338816e-25,1.1258312795721354e-22,-7.647800671438926e-23,6.879661404112988e-23,2.2343904229084478e-23,-5.015711594466637e-39,1.4004296191296262e-38,-4.868432948107117e-41,-5.1809502599775905e-39,5.064400927520161e-39,-8.823346178692535e-39,2.4765268920061345e-37,-9.00829657748217e-37,-1.2781920088953654e-36,-1.7603159706074708e-36,-1.4661727960210193e-39,-1.4724676997299948e-38,1.1068058591665146e-29,-9.524600806178377e-30,-1.391977104479633e-30,2.975187921093794e-30,-9.67608256315725e-30,6.54941198844147e-30,3.1077449491747447e-30,-1.3991301645878508e-30,1.1964399716511384e-29,4.835145482976853e-30,1.0568848592578363e-29,2.6346007240763698e-30,9.08226896194256e-39,-2.3486941810354123e-39,-7.065582503139965e-39,-3.394349294070694e-39,-8.35974240762021e-39,5.0227373497180186e-39,-0.2587355375289917,-0.8653090596199036,-0.40404632687568665,0.14400576055049896,0.005993796046823263,-0.011814254336059093,0.008817012421786785,-0.010503089055418968,0.36453670263290405,0.9122208952903748,0.1869918406009674,0.0,-1.9412209197960746,-1.4030667463371833,-0.4748515945972726,0.5672722607949162,1.972287349835416e-15,6.817045705952977e-16,-3.471671959493388e-22,2.583874486665566e-22,2.8920919010506273e-30,9.478140374708172e-31,0.8158793492372662,0.18417914792121387,5.84971584800531e-05,20.870285034179688,-1.2487119867707184,-0.4115594987348222,-0.8842316267273254,-1.2177568341938791,0.22455586542568848,0.33056826160724817
262.5,1332.5,0.46988903317267944,0.08851404691032964,0.44109646213028936,0.0005004577867014864,1.7268831913599222e-12,0.9996104565146426,0.00037926233408354566,1.028115127388948e-05,0.0004302908050835616,0.7655578858432898,0.2340118233516266,2.7633962152845065e-05,3.798701185621101e-06,1.1972183195698355e-05,0.16984417772984353,0.8300621662324251,5.025119119713472e-05,0.46970599096096616,0.06776262662010574,0.36613748487332687,0.9387247434825552,0.002331455559415276,clean_balanced_ED_EQ,-6.146259416697478e-31,1.430670429362671e-30,-3.1547892021832625e-33,-3.016552055088154e-32,4.7856298463355147e-33,1.4265219728824527e-33,-3.925724993060204e-24,-1.5027571176540141e-24,1.6343931434684476e-22,-6.87364390802269e-23,9.036211280865397e-23,3.800293394685043e-23,-7.738480448984297e-39,1.6724147398021188e-38,7.82907932721741e-40,-6.787309143607034e-39,6.955572973960859e-39,-9.936836310522854e-39,3.61027907430538e-37,-9.556295075341578e-37,-9.374816587990869e-37,-2.054569603774794e-36,5.6534713266712033e-39,-1.6637165403831967e-38,1.5746570923643155e-29,-8.516515712547716e-30,-4.648154148073074e-30,3.9741618653833445e-30,-1.1098414623626606e-29,4.542351695220897e-30,4.1366224793103056e-30,-8.0502187922556e-31,1.2673251331539566e-29,6.548424246386815e-30,1.1697399481894352e-29,4.1961021969370024e-30,1.5915581327029342e-38,1.0150963960220562e-39,-7.342941130531386e-39,-4.3703487857729913e-39,-1.1660092012143465e-38,3.917996367520279e-39,-0.030724257230758667,-0.8459746837615967,-0.5318812131881714,-0.01086448598653078,0.00879757758229971,-0.012755223549902439,0.010178540833294392,-0.009501553140580654,0.32113316655158997,0.9283897280693054,0.1869918406009674,0.0,-1.6994038396312936,-1.5887771309741991,-0.7005593580281605,0.5146551101935838,1.950634612439649e-15,8.724779895653975e-16,-3.7146709234911555e-22,1.7641788929885117e-22,2.0773967837933216e-30,8.79614512954971e-31,0.7168572386470399,0.2832095442038509,6.67828508906787e-05,22.344636917114258,-1.2593549307557899,-0.5410276149742117,-0.6485339654903186,-1.4213165239081238,0.20182495892686955,0.4798929555630216
272.5,1332.5,0.4394686536792856,0.1323295126428227,0.4276120148471621,0.0005898188307296061,1.959039659090795e-12,0.9993240026854779,0.00045558053151281333,0.00022041678300921758,0.0006140691794846453,0.7559869232638582,0.2433990075566572,3.5895427161994545e-05,7.987742675815257e-06,1.1818085781751593e-05,0.183006734286387,0.8168497655156346,8.779894235888816e-05,0.4391715740495818,0.10003938111985336,0.34929477405957243,0.9730205129925462,0.005044240836831213,clean_balanced_ED_EQ,-7.77449213195115e-31,1.4026058156332971e-30,1.4751809533973937e-33,-3.4208868397495797e-32,4.736576289876932e-33,-2.334096883717091e-32,-1.7442431271820372e-24,-6.302729832140302e-24,2.241140175164457e-22,-4.922948141911332e-23,1.1436789125140862e-22,6.222126099048606e-23,-1.1587369329886136e-38,1.8730679369811327e-38,2.3326217358863644e-39,-1.0124647942178998e-38,9.254754426188706e-39,-8.606042255487013e-39,4.987463003683047e-37,-9.939145035535366e-37,-5.682624410185839e-37,-2.2796268638359993e-36,2.1221885844929082e-38,-1.1954369993341887e-38,2.1058689297816218e-29,-6.497831337994044e-30,-9.026305383068124e-30,4.071319243985197e-30,-1.2032385349377076e-29,2.426512452666093e-30,6.58581498156541e-30,3.674655986602758e-31,1.289788553766567e-29,8.442303789896693e-30,1.2360934036613994e-29,6.0453615511667335e-30,2.3301991820328968e-38,6.391517958805631e-39,-7.34138019451277e-39,-5.32774516655363e-39,-1.903253881488546e-38,1.743836833478028e-39,0.16311822831630707,-0.7731582522392273,-0.5768330097198486,-0.20597898960113525,0.011053782887756824,-0.01536835078150034,0.011808803305029869,-0.005126971751451492,0.2770157754421234,0.9424946904182434,0.1869918406009674,0.0,-1.4367868729041264,-1.7021224222128863,-0.8758283231318096,0.3718493063902133,1.8685588356527654e-15,1.0743155407499583e-15,-3.670918066397893e-22,9.931643581481253e-23,9.628155035393814e-31,5.0540791400157e-31,0.6247396117365405,0.3753293989344007,6.901067094111646e-05,24.801698684692383,-1.2346509116089146,-0.6843536288686946,-0.3931143514691122,-1.5770073323201523,0.1445483385283746,0.6580469251163755
282.5,1332.5,0.40221266936264144,0.19855807870115139,0.3972366604616075,0.0019925914745995534,2.4044682727810524e-12,0.9176757876225939,0.00022846640491831581,0.08209574597248788,0.06743793650790704,0.7187349047779831,0.21382715871410982,1.7091192796148773e-05,0.00020623988404852846,0.0002186971489415302,0.1913373645029708,0.7997985172219719,0.008422090049271023,0.3691008281491479,0.14271062178817132,0.3177092920234016,0.9876284133244259,0.009007985144211137,mixed_higher_order,-9.485083579384125e-31,1.3240762688304913e-30,-5.37167781611544e-33,-2.513171217308068e-32,4.811149943357436e-31,-7.650706137512356e-32,9.204391786789977e-23,-1.332673233203278e-23,3.034342213793862e-22,-1.0659424477486865e-23,1.3608365171278491e-22,9.437696718224951e-23,3.264873773739581e-39,1.5896461277996515e-38,5.473584873075166e-38,-1.3487826172903873e-38,-5.80007420930531e-38,-2.4086405432358775e-39,6.780681197957856e-37,-1.0071618682446154e-36,-1.7136535991370487e-37,-2.476418984692482e-36,1.1140812241895283e-37,2.2907618994694517e-37,2.7770474746473945e-29,-2.7658990445535404e-30,-1.3731855450170386e-29,2.817822212670608e-30,-1.4038616427045592e-29,-5.192119550221635e-32,5.037379033508342e-30,4.839237116567235e-29,1.4995812361398536e-29,8.307735591310486e-30,1.2342453146057624e-29,8.587060723518713e-30,3.072518895096985e-38,1.5071389559525502e-38,-1.051360543465128e-38,-5.14305244001879e-39,-3.2791129117525303e-38,-1.1662636878923848e-37,0.31854358315467834,-0.6525329947471619,-0.5297597646713257,-0.414363831281662,0.09912532567977905,-0.04929126799106598,-0.08856666088104248,0.01678810641169548,0.23228253424167633,0.9545044898986816,0.1869918406009674,0.0,-1.1654459479481043,-1.7379578660689263,-0.9726925654628125,0.154088427231465,1.714209439489221e-15,1.2691461093186358e-15,-3.3561880795928507e-22,3.424365421408097e-23,-3.6691075815650205e-31,-3.3538993031670465e-31,0.5395247828940104,0.460468686875544,6.530230445611629e-06,35.435482025146484,-1.1655248781448784,-0.8349293121022583,-0.11854765943354684,-1.7131447951904064,0.03129836133701782,0.8909480922545794
292.5,1332.5,0.32488581722050197,0.28057747462624116,0.3937716036385202,0.000765104514736684,2.7981599501403956e-12,0.9955335409660417,0.0007935713371676446,0.0036728876967906275,0.007608891310476854,0.7515918335084394,0.24079927518108385,8.65454746658502e-05,6.030154790968024e-07,7.870163795455885e-05,0.18926201067034545,0.8082643008766529,0.0023078383249021854,0.3234347280271726,0.21087973859550424,0.318271529919967,0.8250615692408969,0.01737186407179174,mixed_higher_order,-1.115759413494017e-30,1.2084409128642565e-30,1.551857059952375e-32,-4.376771973562869e-32,-1.8137121366870506e-32,9.82430504755436e-32,-3.8714404841800076e-23,1.0298105981566875e-23,3.9366138324228446e-22,5.9626805802808e-23,1.6844678339957438e-22,1.4971542675606294e-22,-2.408512139785e-38,3.0956301089043214e-38,3.271755221379691e-39,1.2039720054868608e-40,2.0813369024738643e-38,-3.107670367930335e-38,8.455591191873273e-37,-9.834324864042646e-37,3.326194049080875e-37,-2.659511107566814e-36,-3.1938407074626486e-38,-1.3961154116233787e-37,3.507177793674195e-29,3.3334278690872696e-30,-2.375788347452846e-29,-5.350312501582025e-31,-1.1313893027584507e-29,-2.7984002055015243e-30,-1.907622930507813e-30,-1.3921928368129209e-30,1.265123551516959e-29,1.3283516677499035e-29,1.1686378662048518e-29,1.0127007971884582e-29,3.8161408514477617e-38,2.58227881301768e-38,-5.970196928185255e-39,-8.112613261227624e-39,7.389495102966237e-39,2.016349821358423e-39,0.44227948784828186,-0.5055813789367676,-0.41278859972953796,-0.6144282221794128,0.012467837892472744,0.0025444086641073227,0.02179989591240883,-0.016688430681824684,0.18703293800354004,0.9643924236297607,0.1869918406009674,0.0,-0.8813783222370762,-1.7237517306834398,-1.0172331915661215,-0.09995306685335757,1.506814372674052e-15,1.446839063547413e-15,-2.8861745414249303e-22,-2.4099042661439578e-23,-1.7728719227073618e-30,-1.751071718461624e-30,0.4513855970961048,0.5486702074576406,5.580455374554205e-05,35.0343017578125,-1.0637362672132527,-0.9821529054366721,0.23010048211546094,-1.8398048310249622,-0.17507711765583694,1.1558744323551078
