h_nm,lam_nm,f_ED,f_MD,f_EQ,f_MQ,C_total_exact,px_given_ED,py_given_ED,pz_given_ED,mx_given_MD,my_given_MD,mz_given_MD,Qxx_given_EQ,Qyy_given_EQ,Qzz_given_EQ,Qxy_given_EQ,Qxz_given_EQ,Qyz_given_EQ,Cpx_total_fraction,Cmy_total_fraction,CQxz_total_fraction,ED_EQ_balance,CT_diag_over_CED,class,px_re,px_im,py_re,py_im,pz_re,pz_im,mx_re,mx_im,my_re,my_im,mz_re,mz_im,Qxx_re,Qxx_im,Qyy_re,Qyy_im,Qzz_re,Qzz_im,Qxy_re,Qxy_im,Qxz_re,Qxz_im,Qyz_re,Qyz_im,Qmxx_re,Qmxx_im,Qmyy_re,Qmyy_im,Qmzz_re,Qmzz_im,Qmxy_re,Qmxy_im,Qmxz_re,Qmxz_im,Qmyz_re,Qmyz_im,Tx_re,Tx_im,Ty_re,Ty_im,Tz_re,Tz_im,txx_re,txx_im,rxx_re,rxx_im,tyx_re,tyx_im,ryx_re,ryx_im,tbg_re,tbg_im,rbg_re,rbg_im,E_up_re,E_up_im,E_dn_re,E_dn_im,I0_re,I0_im,I1_re,I1_im,I2_re,I2_im,T,R,en_res,U_proxy,even_px_re,even_px_im,odd_Q_re,odd_Q_im,odd_m_re,odd_m_im
205.0,1290.0,0.6003298181409472,0.021428937834542017,0.37785867806153767,0.0003825659629730141,1.0388461534177285e-12,0.9995516895990111,0.0002924046688055987,0.0001559057321833536,0.0011875124820487429,0.38710367504637,0.6117088124715813,2.8445537151147316e-05,2.4307880985684103e-06,1.5597434420948223e-05,0.21325453739244893,0.786692843828353,6.145019527286209e-06,0.6000606840394509,0.008295220588091417,0.2972587180094532,0.6294184740509139,0.0002616144728733492,ED_dominated_with_EQ,-3.882570072277369e-31,1.2190217686017266e-30,-5.811024099117351e-33,-2.109602359306569e-32,1.5977929983750348e-32,-9.634979804102909e-36,-1.5857103248907978e-24,1.9297326829618452e-24,6.999571052953975e-24,-4.454854905830829e-23,5.420956820810392e-23,1.6577257910259912e-23,-3.67443583633891e-39,1.1610166334115666e-38,-3.5350804158626626e-40,-3.542267367037634e-39,4.027943125429603e-39,-8.067902600017109e-39,1.8465158001077633e-37,-7.223520184504613e-37,-1.4291554056401638e-36,-9.044246391402895e-38,-2.5472559318531576e-39,-3.087013637330179e-39,-9.286389466421878e-31,-6.132479147845694e-30,1.719822507785266e-30,-1.568264860756782e-30,-7.911834823823744e-31,7.700742748431217e-30,5.809816392244302e-31,-1.9481419119108983e-30,9.529631188524418e-30,3.959028695992445e-30,8.499507342353869e-30,1.557853325805533e-30,2.1403966401941427e-39,-3.671011303726453e-39,-5.698267331061335e-39,-2.914133348237871e-39,-8.502048822456033e-40,4.963655707521288e-39,-0.8847828507423401,-0.2964825928211212,0.24261866509914398,-0.2647559940814972,0.005847842898219824,-0.007235082797706127,0.0054000625386834145,-0.014012633822858334,0.5320191979408264,0.8258265852928162,0.1869918406009674,0.0,-2.1126065478487956,-0.41350375035288717,-0.06218745165982079,-0.31292032057105307,1.785724607357781e-15,5.960801983710609e-16,-1.6994438122134658e-23,3.46560458432702e-22,3.3514455342580564e-30,1.0861745215841676e-30,0.8708291645033287,0.12918506763864754,1.4232141976266988e-05,19.96952247619629,-1.1084025457692626,-0.3530249141634311,-1.0548833012410688,-0.0667570822105743,0.13511355292439983,0.021229353904962125
205.0,1310.0,0.6349076199133697,0.007226624269161537,0.3575907739196686,0.00027498189780005033,8.759026690041629e-13,0.9996603692444294,0.00017397587535341225,0.00016565488021729046,0.0031090675307705764,0.5564704120663747,0.4404205204028547,1.372840625792997e-05,1.0312008846926176e-06,8.381013477402613e-06,0.2146474884699001,0.7853270701967814,2.3007126985644864e-06,0.634691985758701,0.004021402584909185,0.28082571481173296,0.5632170141042885,0.0009013452876586697,ED_dominated_with_EQ,-2.932046427387582e-31,1.2109326331762135e-30,-6.65694065662556e-33,-1.502811731802308e-32,1.593904038264564e-32,-1.7846199739351083e-33,-9.075400758432923e-25,2.028604514303183e-24,-2.5662444867429025e-25,-2.973057935281133e-23,2.554546362545548e-23,6.8595246505105e-24,-2.0653807787235807e-39,7.63972468510484e-39,-6.311119339081957e-40,-2.0751389207588473e-39,2.6964866985777415e-39,-5.564574293084952e-39,1.2668483939531855e-37,-6.881708251471026e-37,-1.335281565140453e-36,9.174509173337207e-38,-2.056867482945148e-39,-1.0086656086358065e-39,-1.3692170289620803e-30,-4.664384432129935e-30,1.0264241167132476e-30,-2.6016768258840243e-30,3.4279278660904645e-31,7.266061090494244e-30,1.94559009241911e-31,-1.8122148740228098e-30,8.454851345581447e-30,2.813028576724805e-30,5.68062435529661e-30,6.92575417081427e-31,-6.377842587980237e-39,-4.4905788715003946e-39,-5.2135119263274326e-39,-2.153343183999884e-39,-4.0380486457972025e-41,4.5169943218212184e-39,-0.9211692810058594,-0.10495229065418243,0.20468956232070923,-0.3134649693965912,0.0048713525757193565,-0.005635139532387257,0.0025956747122108936,-0.012765437364578247,0.5445458889007568,0.8176208138465881,0.1869918406009674,0.0,-2.0538923644279845,-0.2034865632457698,-0.13245990644901856,-0.34836596853823726,1.7960136828130795e-15,4.529487156465572e-16,2.4854135048785373e-23,3.2957298853660847e-22,3.545626158881652e-30,8.613226211403464e-31,0.8596233124558784,0.14032779788016997,4.888966395166783e-05,16.062776565551758,-1.084237568138255,-0.26252780716303986,-0.9557287348687703,0.06566661499856166,0.08879471906436297,-0.0007664464104338384
205.0,1330.0,0.6538160589476182,0.0016869569980776551,0.34429302026745,0.00020396378685415845,7.806068256665005e-13,0.9997451553626753,8.834828616180881e-05,0.00016649635116293095,0.011808995030706608,0.9326326714247974,0.05555833354449598,7.341441438749494e-06,5.585654980336992e-07,4.764297252977019e-06,0.27326171556302614,0.7267247132842882,9.068484960378336e-07,0.6536494374311985,0.0015733112116959203,0.25020624643964423,0.5265900333216407,0.0026251653343445686,ED_dominated_with_EQ,-2.358775699150174e-31,1.2075356242388243e-30,-6.547584561746726e-33,-9.534313915374036e-33,1.5544085267993252e-32,-3.2379919703310014e-33,-5.413425763794925e-25,1.9630073034120987e-24,-2.8994170196201288e-24,-1.7862398984776586e-23,3.6027074351644816e-24,2.5550919055454043e-24,-1.250386135117001e-39,5.469055257235761e-39,-6.877054360424321e-40,-1.3862641378373079e-39,1.9380906119559858e-39,-4.0827897594598264e-39,1.0515332519653769e-37,-7.580916357948394e-37,-1.2283243601609274e-36,2.2139697145061664e-37,-1.3873533523140439e-39,-1.384158750960778e-40,-1.613571693554584e-30,-3.5180062406519314e-30,4.702765498599895e-31,-3.1842614316021064e-30,1.1432954996677938e-30,6.702269096146835e-30,-5.451925335919178e-32,-1.6482313800991158e-30,7.700218602611133e-30,2.1329403293738724e-30,3.418308114715771e-30,3.171646453357492e-31,-1.2597081382360943e-38,-4.4065401050152844e-39,-4.87348686090132e-39,-1.6729102488300182e-39,4.94806392703439e-40,4.02679287594793e-39,-0.9162177443504333,0.045328523963689804,0.15844568610191345,-0.36494311690330505,0.0042481268756091595,-0.0042617605067789555,0.0007091911393217742,-0.011241941712796688,0.5565750598907471,0.8094801902770996,0.1869918406009674,0.0,-1.9770063091432013,-0.06050503118056613,-0.21193770809294718,-0.38173301629816947,1.798557025253347e-15,3.6301157500737986e-16,5.590586271873924e-23,3.071759045338535e-22,3.6970899899289154e-30,7.1445285378228935e-31,0.8415458393318912,0.15841539822495146,3.876244315736965e-05,13.863073348999023,-1.0649373886484634,-0.20802271858802165,-0.8529315214104398,0.153735008292352,0.052546428823846844,-0.008529314017784763
205.0,1350.0,0.5765722864678962,0.008403285610236533,0.41487558979943423,0.00014883812243307536,8.019502875231355e-13,0.9998092246785866,2.6073843070454817e-05,0.00016470147834310794,0.0019389420811917444,0.04724302354351583,0.9508180343752924,5.06792677880615e-06,5.357139565240551e-07,2.8217278454697947e-06,0.5309402711814677,0.46905103545818666,2.6799176473081267e-07,0.5764622907046272,0.0003969966199272924,0.19459782498175052,0.7195552050220414,0.006801079241828706,mixed_higher_order,-1.8403910825367608e-31,1.1924902179972966e-30,-6.063341454091543e-33,1.0973278146803306e-33,1.4914021963722975e-32,-4.1721854631548666e-33,-4.034947588491708e-25,1.880324048742469e-24,-3.4624627810236825e-24,-8.838826226147605e-24,-4.2557741261986427e-23,-1.57236710555571e-24,-8.4210470414046e-40,5.357974833110397e-39,-7.027174004656011e-40,-1.6173332152096666e-39,1.544823333185689e-39,-3.740639167310914e-39,1.1181686793171303e-37,-1.236297568251316e-36,-1.1230906838916196e-36,3.1619997117522808e-37,-8.504673094021181e-40,-2.3343341989715022e-40,-2.030325001599462e-30,-2.6432600664691062e-30,2.0098646924676034e-31,-3.486925114652958e-30,1.8293377766067878e-30,6.130184614312629e-30,-2.159677622039056e-31,-1.4838196247043976e-30,7.528545813608332e-30,1.5908262554882667e-30,-5.652667692120736e-32,1.9748774353753201e-32,-2.0975756234451354e-38,-4.148757061472297e-39,-5.017775740466363e-39,-1.2753974967014363e-39,9.105344244983665e-40,3.578626420135932e-39,-0.8928402662277222,0.1727151721715927,0.10403075069189072,-0.40247654914855957,0.00379194226115942,-0.002880031242966652,-0.0007882381323724985,-0.009328856132924557,0.5681313276290894,0.8014116883277893,0.1869918406009674,0.0,-1.8956436643190453,0.05118111906959183,-0.29000489549666164,-0.3955520269235633,1.7960082874122022e-15,2.826513800919948e-16,7.886640260355405e-23,2.8345485942033258e-22,3.8184715355915785e-30,5.708005247831732e-31,0.8270169451019251,0.17289741858015334,8.5636317921578e-05,13.789538383483887,-1.036088421817445,-0.15990134455230678,-0.7569229434901741,0.21310746883246207,0.025616269757453642,-0.01003474650983195
205.0,1370.0,0.5601786598824573,0.08361029812349052,0.35602085077983264,0.0001901912142195026,9.894003463748444e-13,0.9989617234914975,0.0009024579041661086,0.00013581860433652817,0.00014405211248657987,0.00016114824488781284,0.9996947996426255,1.3985642811850053e-06,1.0337256895318336e-06,1.7662064047367008e-07,0.6515119250789783,0.3484831931026383,2.272907772229671e-06,0.5595970395393369,1.3473652797147289e-05,0.124067282890874,0.635548756631566,7.59072016191933e-05,mixed_higher_order,-2.3691945457669896e-31,1.3390950128179534e-30,-3.3121579870339415e-33,-4.0739235176931604e-32,1.435090684141873e-32,-6.744088234232998e-33,5.706332135400713e-25,1.803238347316e-24,-3.287706200804466e-25,-1.9732598006857036e-24,1.563601252923148e-22,1.94227272532947e-23,3.42581616647647e-41,-3.0637253071913236e-39,-9.40668163098881e-40,2.4604517537528003e-39,9.06414308952189e-40,6.032779204207955e-40,-1.5630314106326549e-37,1.470422339633139e-36,-1.0210229212387843e-36,3.564750774157039e-37,-4.0819888775919064e-40,2.7315921756368366e-39,3.198585291409641e-31,-1.7629053687052195e-30,-1.6425491359860344e-30,-3.7107110527753124e-30,1.3226954160607335e-30,5.4736172230164754e-30,-3.410272437057683e-31,-1.3321577482617508e-30,4.345535134888069e-30,1.626548775283107e-30,1.050479221578487e-29,1.2935613879580226e-30,1.7592565587726404e-39,-1.8936085561643047e-39,-1.9808767520501945e-39,-1.2405812759023762e-39,7.137536843727215e-40,3.119773728708265e-39,-0.8476282358169556,0.21224777400493622,0.05561676621437073,-0.48290327191352844,0.004548657685518265,-0.005172085016965866,-0.0008231506799347699,-0.010301931761205196,0.5792384147644043,0.7934209704399109,0.1869918406009674,0.0,-1.8484245682586533,0.04820464842593844,-0.3993478200472401,-0.46119649939311697,1.8472560672787556e-15,3.3909925317759687e-16,9.12067136304515e-23,2.594491487313668e-22,4.063526090423964e-30,7.1714793911090614e-31,0.7635701844743776,0.23639560208398958,3.421344163279105e-05,19.10460662841797,-1.1464802805511398,-0.20284108308305931,-0.6681881037170979,0.23328801052949072,0.005635322334136339,-0.0009389176313749333
205.0,1390.0,0.8134178729854888,0.013890126390667713,0.17256633517813655,0.0001256654457068453,5.906773705899702e-13,0.9996774071205542,0.0001889671237221206,0.0001336257557236222,0.0010406732255785537,0.0029472930045965455,0.9960120337698248,2.1620439675785245e-07,6.216690694421348e-07,5.636832100274492e-07,0.01744953148545893,0.982547208004695,1.8589531698073282e-06,0.8131554701716498,4.093827234417681e-05,0.16955457082488043,0.21214967227701312,0.0021625195895836093,ED_dominated_with_EQ,-1.6655445816242226e-31,1.293178918406793e-30,-4.58956300959844e-33,-1.732897963118008e-32,1.3490340603616533e-32,-6.727166170417148e-33,3.4321850284540468e-25,1.6119340974134519e-24,8.695409406230409e-26,2.7721468701985293e-24,5.077840253518232e-23,4.595622252142483e-24,-4.628718555659718e-40,-4.938114093626427e-40,-4.830941845935344e-40,1.041071670272844e-39,9.459668383373342e-40,-5.472612322874313e-40,3.8391924537090405e-39,1.3591005820881133e-37,-9.33534994457057e-37,4.11627239653587e-37,1.4242191734518238e-40,1.396108012720181e-39,-6.885794345712438e-31,-1.379865723967755e-30,-1.3036425182464071e-30,-3.646077709341938e-30,1.9922217935596692e-30,5.025943220965718e-30,-4.072825131093008e-31,-1.2050265786087152e-30,5.2619261769834225e-30,1.2148209444699012e-30,3.886844775123383e-30,3.8449378422200008e-31,-1.3131953016828972e-38,-2.7450198776746374e-39,-3.116350902686193e-39,-9.65382135919815e-40,1.0608082265084727e-39,2.7969636277847e-39,-0.8148784041404724,0.3158688247203827,-0.006606504321098328,-0.485838383436203,0.003752872347831726,-0.0032432021107524633,-0.001958484761416912,-0.007863122969865799,0.5899184346199036,0.7855126261711121,0.1869918406009674,0.0,-1.7725829693689688,0.1382820761698448,-0.46221090960287287,-0.4334860714838532,1.8364178308251023e-15,2.423045568221536e-16,1.0380645346513536e-22,2.3790113278067813e-22,4.141757486346753e-30,5.195837080612037e-31,0.7638245303755492,0.23614824508464763,2.7224539803194503e-05,10.140917778015137,-1.0912382479787084,-0.1405455908159429,-0.593479037696931,0.26168503540837795,-0.007802908179564925,0.00024475428019324954
205.0,1410.0,0.843238124997268,0.00677740994389847,0.1498850035756892,9.946148314439284e-05,5.450223646005435e-13,0.9997635077143074,0.00011212109668904339,0.0001243711890033948,0.0018793040878324091,0.03381048856498276,0.9643102073471849,3.0565398501838516e-07,6.863881706090064e-07,3.646352596347635e-07,0.0016831998442823897,0.9983139623229442,1.4811553582364873e-06,0.8430387056857044,0.00022914754140837968,0.14963229181243493,0.17774932030756416,0.003242509708994711,ED_dominated,-1.3580171739610083e-31,1.3051802368458898e-30,-4.155498195215415e-33,-1.3260581864686195e-32,1.2726514246836043e-32,-7.228133612686011e-33,3.948841286276083e-25,1.4772322419908727e-24,1.5976156474197024e-24,6.285949929503313e-24,3.454122396255952e-23,2.5800677686790964e-24,-2.4485488036346933e-40,-7.110041402631359e-40,-5.2504574855067815e-40,9.970918079211533e-40,7.699031992596245e-40,-2.8609309685832923e-40,1.4119170107521425e-38,-3.684652649025578e-38,-8.52896626179908e-37,4.427662325159053e-37,4.565397144845611e-40,1.0778176569352947e-39,-7.061238526728626e-31,-9.944789308155814e-31,-1.4966580008867525e-30,-3.573172675156564e-30,2.2027818535596153e-30,4.5676519432194226e-30,-4.52378439120312e-31,-1.0897284662662097e-30,5.086679999682468e-30,9.645465487148995e-31,2.4089190807113208e-30,2.529406291330482e-31,-1.659431995498338e-38,-2.4228825892857365e-39,-3.091866507822354e-39,-7.795304125315463e-40,1.174408367146125e-39,2.4906630428231443e-39,-0.7749035954475403,0.38235145807266235,-0.06330013275146484,-0.4992673695087433,0.00346750277094543,-0.0027343144174665213,-0.002477463334798813,-0.006511573679745197,0.6001920104026794,0.777691125869751,0.1869918406009674,0.0,-1.7128278009368105,0.18322373529083946,-0.530295677538029,-0.4214737617148251,1.8430704497870885e-15,1.9550684449439052e-16,1.1130152571704467e-22,2.176581749269849e-22,4.257988141760527e-30,4.264107963679188e-31,0.7466877197786161,0.25332335147889506,1.1071257511208188e-05,8.962501525878906,-1.085743255365298,-0.11296968385466788,-0.5269416814828022,0.27355247506457153,-0.017442425053324606,0.0044331074072584435
215.0,1295.0,0.5431710778700575,0.03357048237428786,0.42283639866402783,0.0004220410916268703,1.2117854431277974e-12,0.9995063312300074,0.0003388417678531893,0.00015482700213933421,0.0009895265473677344,0.4776526123442758,0.5213578611083565,2.9920987624804744e-05,2.910107276214505e-06,1.5583856626637995e-05,0.186148814633459,0.8137882451393302,1.4525275683079503e-05,0.5429029312721498,0.016035028603736064,0.34409929084983343,0.7784589715676702,0.0007324545543806676,clean_balanced_ED_EQ,-4.060461168955077e-31,1.2607281984200122e-30,-5.9139454636148096e-33,-2.3659079088975763e-32,1.608413069359989e-32,3.612381900720207e-33,-2.5470315526191164e-24,1.7776478140209248e-24,2.5694832595874014e-23,-6.321910874856718e-23,6.824601031719955e-23,2.0626853364027378e-23,-4.2812727940625515e-39,1.378653550194168e-38,-4.0854024165646556e-40,-4.4835047615975725e-39,4.689798757386623e-39,-9.303031797304654e-39,1.9661784604835154e-37,-7.8076821482402e-37,-1.6044750131954067e-36,-5.095613143459991e-37,-3.882798501137805e-39,-5.958834313710839e-39,1.090966448838969e-30,-8.227184620466536e-30,2.0507683502566185e-30,-3.1856930287731403e-31,-3.1417339992064106e-30,8.545754243299521e-30,1.2977986726591186e-30,-2.1209965402851137e-30,1.0374096770197182e-29,4.188061032744696e-30,9.982590692560226e-30,1.83334023447554e-30,6.519973851985485e-39,-3.478657062333948e-39,-6.129774587662089e-39,-3.063292156932532e-39,-2.5382794627595847e-39,5.702731895859772e-39,-0.8047878742218018,-0.5620480179786682,0.1807401478290558,-0.05835907161235809,0.0049306293949484825,-0.008286341093480587,0.007616647519171238,-0.013964102603495121,0.49461644887924194,0.8487570881843567,0.1869918406009674,0.0,-2.2022316432225337,-0.7064028523923477,-0.007583912992417771,-0.04822965547445533,1.8136401493185922e-15,6.188754402383391e-16,-1.1189699455655642e-22,3.7314641804179544e-22,3.357511160946337e-30,1.1060772676562232e-30,0.9636744715631438,0.036325791757677514,2.6332082136981683e-07,22.65132713317871,-1.141898393897,-0.36777428260284223,-1.175162171595552,-0.373216893876925,0.19100012937459176,0.07763026792404196
215.0,1315.0,0.5724280570599932,0.01329533468879827,0.4139725098271252,0.0003040984240833223,9.893878302214476e-13,0.999610429404716,0.0002049824602733861,0.0001845881350106264,0.002310942402548044,0.6513717407836642,0.34631731681378763,1.3551769083778633e-05,1.3133453919447162e-06,7.664601547131499e-06,0.1701995521346165,0.8297699914693897,7.926679971073117e-06,0.5722050559210471,0.008660205300543965,0.3435019659478155,0.7231869659801439,0.0005042036927822483,clean_balanced_ED_EQ,-2.883625966408818e-31,1.23366959146795e-30,-7.240868182255581e-33,-1.663472566180991e-32,1.7137194760910613e-32,1.6471994965006415e-33,-1.743076409033307e-24,2.1697240298711517e-24,9.530506739468327e-24,-4.574378529965817e-23,3.305176765690846e-23,8.270257394272295e-24,-2.196232584743256e-39,8.825672765407537e-39,-8.487476719747741e-40,-2.70109127609645e-39,3.04498845788261e-39,-6.12457967758793e-39,1.1898028683457355e-37,-7.10821512040295e-37,-1.5727035645554814e-36,-2.4276980936411536e-37,-4.2569867595877275e-39,-2.4635550079009464e-39,-1.4014726018692872e-31,-6.57570774705122e-30,1.6672722266565075e-30,-1.9267151751797483e-30,-1.5271242861017886e-30,8.502424282966549e-30,7.297687001407802e-31,-2.069620646388209e-30,8.985009156566105e-30,2.8042967543538368e-30,6.736211271337489e-30,7.16063626512609e-31,-3.620778681746688e-39,-4.7278220848258524e-39,-5.4848833594707033e-39,-2.1644474242512142e-39,-1.3001281971434618e-39,5.407937560720935e-39,-0.9082645177841187,-0.3510870337486267,0.20281754434108734,-0.10156535357236862,0.00341379945166409,-0.005767336580902338,0.004786297213286161,-0.013459338806569576,0.5080196857452393,0.8408032059669495,0.1869918406009674,0.0,-2.185969892627874,-0.4306530585630198,-0.012463854676887404,-0.11256814710089628,1.8056492159571307e-15,4.456847456376966e-16,-5.487329905739352e-23,3.749924145284096e-22,3.5655650145477994e-30,8.379620493220278e-31,0.9482514557299605,0.051654539780953114,9.400448908636339e-05,18.013111114501953,-1.1003956654620894,-0.25721064507024677,-1.117119794561352,-0.172443787675393,0.13610102868098448,0.02835602175455269
215.0,1335.0,0.5956720462778584,0.004539663462107229,0.3995595933669968,0.00022869689303744856,8.513233981912457e-13,0.9996865138230419,0.00011507282467315587,0.00019841335228505948,0.005850402980886172,0.8708854142021356,0.12326418281697829,6.850633247448353e-06,6.233115740252827e-07,4.333029582482513e-06,0.19509323575920987,0.8048913586177254,3.5986486607090823e-06,0.59548531132535,0.0039535266945355555,0.321602063953908,0.670771099405624,0.0018514051500365778,clean_balanced_ED_EQ,-2.271674779528788e-31,1.2145581505620716e-30,-6.922417888012944e-33,-1.1305901737465772e-32,1.7406530677782679e-32,-1.9123696069468763e-34,-1.1721655893774942e-24,2.178532073317873e-24,1.4157509050100997e-24,-3.014977898744356e-23,1.0712606223216597e-23,3.76615720284886e-24,-1.4248678071026074e-39,5.99902152302471e-39,-8.494443639738521e-40,-1.654568041668374e-39,2.2743065869667903e-39,-4.344451408223793e-39,8.876729730024048e-38,-7.3038921029257395e-37,-1.494016699264169e-36,-3.66107302357944e-38,-3.1189460027652514e-39,-5.077079810115045e-40,-8.958891637670917e-31,-5.15251790303524e-30,1.2000763061913752e-30,-2.9722017216106865e-30,-3.041879554762773e-31,8.124718721254822e-30,3.3940570911185598e-31,-1.939525413126811e-30,7.968529626471906e-30,2.0781215081905938e-30,4.366533313541574e-30,3.4475337792257143e-31,-1.03194000374114e-38,-4.5996596539936866e-39,-4.9909502703922687e-39,-1.649276597282793e-39,-4.184755579956918e-40,4.960203230536522e-39,-0.9475478529930115,-0.17597945034503937,0.20547474920749664,-0.16963326930999756,0.0030951262451708317,-0.0038559718523174524,0.0025096542667597532,-0.012291843071579933,0.5208989381790161,0.8328855037689209,0.1869918406009674,0.0,-2.125389901883908,-0.23616111444270602,-0.05116711728893374,-0.1908345797746945,1.788485587209862e-15,3.504017909020461e-16,-7.930163737895475e-24,3.6305613817047727e-22,3.712840680763613e-30,6.857749872365647e-31,0.9288401489808072,0.07115270638931681,7.144629875943664e-06,15.457828521728516,-1.067118897602131,-0.1995908623493639,-1.0296682044651673,-0.02523191667443574,0.0883604518557454,0.004149164401303625
215.0,1355.0,0.5842536076551618,0.0029715344141663263,0.41260206436185504,0.0001727935688168707,7.884151449664923e-13,0.9997588509771633,3.7985533878750924e-05,0.00020316348895780775,0.008294545069402935,0.4636248178974937,0.5280806370331034,4.44379115101248e-06,4.745991203605667e-07,2.690168556399088e-06,0.3223295379663275,0.6776610278305079,1.8256443368415048e-06,0.5841127154685869,0.0013776771016439987,0.279604339020444,0.7062037083823727,0.004398590090954782,mixed_higher_order,-1.8508037417018358e-31,1.1990320284227426e-30,-6.316337519912942e-33,-4.003687112419343e-33,1.7204515455702978e-32,-1.766276204552767e-33,-8.745846133382993e-25,2.194836996117028e-24,-2.098887053382162e-24,-1.753889944115156e-23,-1.8827195302954634e-23,9.662501991015603e-25,-1.0442159149205585e-39,4.9694227306765044e-39,-7.799481608922991e-40,-1.4647834069149551e-39,1.824157322152631e-39,-3.5046292438942116e-39,8.095382675288877e-38,-9.636500436029011e-37,-1.3969109191378749e-36,1.214015190229021e-37,-2.295031469830843e-39,1.719704244015756e-40,-1.4612429088769951e-30,-3.9816806887660065e-30,7.8620991417844335e-31,-3.624742103344196e-30,6.750317483162314e-31,7.606421258101193e-30,8.352953501926672e-32,-1.7901984854450693e-30,7.428024447315999e-30,1.602685059114889e-30,1.786505167002953e-30,1.5747062687859296e-31,-1.6835654254082988e-38,-4.211883277730022e-39,-4.817132974861505e-39,-1.298577537242278e-39,2.198033685448309e-40,4.4858059831009195e-39,-0.9529507160186768,-0.026723826304078102,0.1865670084953308,-0.23712953925132751,0.00303022563457489,-0.0023328999523073435,0.0006880610017105937,-0.010920030064880848,0.5332801938056946,0.8250128030776978,0.1869918406009674,0.0,-2.049150546255979,-0.08977330669099498,-0.11054944774053937,-0.25561863809623736,1.7751128576184601e-15,2.8345337704991707e-16,2.9445738225712775e-23,3.441722348349614e-22,3.841040515129162e-30,5.731680346991126e-31,0.9088438547424232,0.0911573875290037,1.2422714268378598e-06,14.188928604125977,-1.0379280590316182,-0.16021266235898712,-0.9345327025574083,0.08121755518746106,0.050642845978668596,-0.006060449467066186
215.0,1375.0,0.0011916833364345,0.1443573147005023,0.8542761968290269,0.00017480513403639328,3.7126091275726586e-11,0.5220983619724756,0.47498061734472913,0.0029210206827953436,2.5073818931514536e-05,0.0001596284438689086,0.9998152977371996,4.046716493893518e-06,1.0841171745927202e-06,9.451479101380741e-07,0.994302710047743,0.005690157435801644,1.05653487673098e-06,0.000622175917942347,2.3043533506735507e-05,0.004860966053615037,0.0013949625903869134,4.161009174206163,EQ_dominated,-2.74011016594863e-32,2.7845082068201184e-31,9.005116562533955e-32,2.512198830872073e-31,1.997668656849947e-32,6.238784468228937e-33,-5.320048825064342e-24,3.553832609461747e-24,-1.5796562518893436e-23,-3.325617512262831e-24,-1.2200576559922082e-21,3.790030178989554e-22,1.4439240514647928e-38,4.786712301690233e-38,-8.465733049907562e-39,-2.445437294284873e-38,-5.973506161336775e-39,-2.3412765591908638e-38,-5.1544887715699326e-36,-1.6749133557179494e-35,-1.266602686605147e-36,3.913955812632243e-37,-7.69304170518032e-39,-1.6344432822950625e-38,-1.5115193737728812e-29,1.4738469270272132e-30,8.441808404872934e-30,-6.943197263137755e-30,6.67335280079938e-30,5.469356029220429e-30,-6.590600703696468e-32,-1.7170468217920175e-30,2.097213831467355e-29,-7.192150452094294e-30,-6.731397146644888e-29,2.1028848195561495e-29,-1.6594041962523993e-37,4.84081215243121e-38,-1.9600960343960588e-38,6.861811117673683e-39,3.2613477161771644e-39,3.2878419339142496e-39,-0.8786492347717285,0.4198506474494934,0.21904510259628296,-0.041928522288799286,0.0040004379115998745,0.01661405898630619,0.0002993899106513709,0.005000814329832792,0.5451874136924744,0.8171931505203247,0.1869918406009674,0.0,-1.6695188027529966,0.36368981688441065,0.10776752640336376,-0.09163215599820426,1.2825578553344286e-15,-2.2369405736830505e-16,8.197438640223443e-23,3.1998495529024094e-22,2.754546060268326e-30,-5.064553214303981e-31,0.9485910743881878,0.049763855731018526,0.0016450698807937147,696.2194213867188,-0.23753169502708976,-0.02337443325484099,-0.8228854632782481,0.2542815814453198,0.009462908944382007,-0.04494847414031551
215.0,1395.0,0.7386281448904476,0.020477222525014337,0.2407437897795857,0.0001508428049522661,6.304485946373195e-13,0.9995642411922024,0.000264881344550524,0.00017087746324702716,0.0009834082322646139,0.0002572733490000925,0.9987593184187352,2.0823286103443563e-07,5.03352860974664e-07,5.206381594921276e-07,0.05810745443487758,0.9418878802517595,3.433089481348854e-06,0.7383062811706244,5.268243617230569e-06,0.22675365783926915,0.325933680492628,0.0014477632800307405,clean_balanced_ED_EQ,-1.744669718864393e-31,1.280972748425658e-30,-4.913949868782963e-33,-2.0463386958699978e-32,1.6078706340178533e-32,-5.214625666989267e-33,-2.5436051696956474e-28,2.024118595566468e-24,-9.801747313676991e-25,-3.3332370665524226e-25,6.427499870217815e-23,5.4530808269114234e-24,-5.5644223006648505e-40,-6.013702404152256e-40,-6.382871455951437e-40,1.1023761903816528e-39,1.194722066937135e-39,-5.010040261591655e-40,-3.0624574394089625e-39,3.06023305214719e-37,-1.1916460984498093e-36,3.132852387971208e-37,-7.655930303435174e-40,2.2242845756867917e-39,-5.510237312074978e-31,-2.238298647039666e-30,-8.492640111485794e-31,-4.1902575528182625e-30,1.4002878500639819e-30,6.42855576902631e-30,-2.4442426771130125e-31,-1.4883827915478787e-30,5.15812897005918e-30,1.2821880713263933e-30,5.1541549792081656e-30,4.868065551117569e-31,-1.0511732787931657e-38,-2.9715644800201405e-39,-2.960755038447434e-39,-1.0259076883714762e-39,7.148453741989878e-40,3.587741892063905e-39,-0.9050252437591553,0.16895073652267456,0.11101794242858887,-0.3741554617881775,0.003515335265547037,-0.0021608874667435884,-0.001198363839648664,-0.009598474018275738,0.5566436052322388,0.809433102607727,0.1869918406009674,0.0,-1.911581230926714,0.05835353435653602,-0.27669496123348747,-0.3670414362649549,1.7991340151500995e-15,2.534164594922771e-16,7.765519194101859e-23,2.984421485127084e-22,4.179042560682294e-30,5.515826385297835e-31,0.8476320702295458,0.15241085990637349,4.2930135919272416e-05,11.79263687133789,-1.0770638428432797,-0.14669482033882966,-0.7521479254532037,0.19774062344760043,0.000934861028920681,-0.0027490608666374257
215.0,1415.0,0.7840762808592457,0.007931159942606654,0.20787394193209927,0.00011861726604833587,5.608834920184391e-13,0.9997048908046716,0.0001330844046662498,0.00016202479066211486,0.002471124405271788,0.01719835218400324,0.980330523410725,2.792898353176301e-07,5.153762880058405e-07,4.5021452266366296e-07,0.00022442669132246144,0.9997717204718715,2.6079561600603736e-06,0.7838448927389253,0.00013640288192060817,0.2078264885667248,0.2651195387575,0.002816956912743778,clean_balanced_ED_EQ,-1.4690953184132125e-31,1.2843432871789054e-30,-4.445817979335753e-33,-1.423728824061835e-32,1.5315895812207136e-32,-6.022138026118637e-33,1.2405652710412998e-25,1.933897236405066e-24,2.4410797225605844e-25,5.106526546997147e-24,3.84846714503008e-23,2.954781989637488e-24,-5.075363470925516e-40,-7.040634547115044e-40,-5.392145698669804e-40,1.0484830876988053e-39,1.0467525332940921e-39,-3.4441898445247706e-40,1.436916670778874e-38,9.80755115262862e-39,-1.097415245175116e-36,3.79431481603008e-37,-2.2836926179424593e-40,1.861431593536803e-39,-7.422027111888953e-31,-1.6747037294298416e-30,-1.1047732933926057e-30,-4.2210835463194614e-30,1.8469755485062588e-30,5.8957881878997875e-30,-3.4626743154098267e-31,-1.3492170812628984e-30,5.082056003914782e-30,1.041858511831839e-30,3.1476703286523864e-30,3.451187490335316e-31,-1.5215329036414898e-38,-2.7042440021410393e-39,-3.056178970758303e-39,-8.393071441783275e-40,9.585486783649751e-40,3.22059331302949e-39,-0.8721371293067932,0.2582104206085205,0.06109873950481415,-0.41097334027290344,0.0035582149866968393,-0.0016162449028342962,-0.0021241114009171724,-0.00805696751922369,0.5676699876785278,0.8017385601997375,0.1869918406009674,0.0,-1.8408753742028816,0.12499606517507526,-0.3499381335526102,-0.3822610209109788,1.8012129707678648e-15,2.1116820421649996e-16,9.386940349621128e-23,2.7590083040443125e-22,4.304075980536278e-30,4.696137054041742e-31,0.8273110667678008,0.17270156895899416,1.2635726794885116e-05,10.151920318603516,-1.0646342757523795,-0.12177812941005345,-0.6732284974077976,0.232768851491621,-0.01411965921808268,0.0006749639601305009
225.0,1300.0,0.5084979158982318,0.04958917557538627,0.4414465056113846,0.00046640291499742335,1.4161125689248412e-12,0.9994820443932587,0.000389873593510364,0.00012808201323083007,0.0008197987975804913,0.5286748081906335,0.47050539301178596,3.393425087438933e-05,3.6075060941188413e-06,1.6853790672940416e-05,0.18119684030932556,0.8187193689988428,2.939514419019044e-05,0.508234536551676,0.026216547885648984,0.3614208045208969,0.8681382790558644,0.001689637805139054,clean_balanced_ED_EQ,-4.5554364584323766e-31,1.3196559379707069e-30,-5.449125262910116e-33,-2.702904092232313e-32,1.4364360233955826e-32,6.589983098354393e-33,-3.518359347359961e-24,1.277766563922881e-24,5.528864799704954e-23,-7.73238503324533e-23,8.534269663682706e-23,2.75361151214092e-23,-5.345765562718916e-39,1.6325643328922452e-38,-2.5970248616210093e-40,-5.5950567603021016e-39,5.60545584184961e-39,-1.0730572526692984e-38,2.350694187057164e-37,-8.559305952257561e-37,-1.606207033143528e-36,-9.899649714076904e-37,-4.26063477636387e-39,-1.0471967332024905e-38,4.182226071261542e-30,-9.73899794493356e-30,1.608061825136637e-30,1.3325705926426985e-30,-5.790288221323942e-30,8.406426052587809e-30,2.1168091397463354e-30,-2.0178114081261153e-30,1.1400652050642618e-29,4.758743152260771e-30,1.1621102483512667e-29,2.493176499696414e-30,1.161195028343851e-38,-2.4916618139585537e-39,-6.656269263177063e-39,-3.3970256552919295e-39,-4.6271952233814476e-39,5.851594045671062e-39,-0.6228924989700317,-0.7782222032546997,0.020341038703918457,0.07581570744514465,0.0048213498666882515,-0.01034956332296133,0.009615049697458744,-0.012882416136562824,0.45652613043785095,0.8698378801345825,0.1869918406009674,0.0,-2.1789092287791236,-1.0336632713620784,-0.09275781942156237,0.19985668786783567,1.8624231692412706e-15,6.830837421079029e-16,-2.1096753055566973e-22,3.5681645182803617e-22,3.302502611550122e-30,1.1674105882781767e-30,0.9937552217872432,0.006420185177162247,0.00017540696440532244,24.953296661376953,-1.190674705881097,-0.41101947933828764,-1.1673986867332253,-0.7195111113860767,0.23271543019096655,0.16639783776921083
225.0,1320.0,0.5299781612323959,0.021569908083067336,0.4481172002494939,0.0003347304350427787,1.1346609452058075e-12,0.9995893521649508,0.00023489312256710047,0.00017575471248199013,0.0015960921964952878,0.7133264093751829,0.2850774984283219,1.3626579784315035e-05,1.40562970742524e-06,7.40593149606626e-06,0.15133760285948272,0.8486252138789285,1.4745120600822687e-05,0.5297605268478626,0.015386385083447156,0.38028355490455346,0.8455389920359268,0.00030196237161562675,clean_balanced_ED_EQ,-2.9732443587781013e-31,1.2813643937403699e-30,-7.524599391077784e-33,-1.870780930397262e-32,1.6598243352873078e-32,5.360132385289435e-33,-2.4691331314337718e-24,2.0023981887315915e-24,2.775448573169655e-23,-6.120755340593158e-23,4.132755828355255e-23,9.853983125761167e-24,-2.5643634064255223e-39,9.952608088090488e-39,-8.512723239952111e-40,-3.189275770129492e-39,3.415631249894711e-39,-6.763333451881384e-39,1.2416300076040114e-37,-7.55746062153623e-37,-1.683597587010814e-36,-6.7430026274557585e-37,-5.539955369197678e-39,-5.143872497050539e-39,2.029980641615243e-30,-8.295926448324918e-30,1.873103794689212e-30,-7.364076827444324e-31,-3.9030832274486304e-30,9.032332404132459e-30,1.3679775167939751e-30,-2.14278208709523e-30,9.761302169681806e-30,2.9324662910478173e-30,7.886947036520443e-30,8.666156159365477e-31,-6.0546435991523034e-40,-4.764766785413567e-39,-5.91220001818037e-39,-2.2486320259743654e-39,-2.960852388622371e-39,5.931038965798389e-39,-0.8019819259643555,-0.5836313962936401,0.09471266716718674,0.0838204175233841,0.002744734287261963,-0.007248138077557087,0.006522440351545811,-0.012999610975384712,0.47079575061798096,0.862197995185852,0.1869918406009674,0.0,-2.2405731300179546,-0.7135972436950502,-0.013016453028049001,0.15598613487742227,1.8497146055772196e-15,4.571302273985479e-16,-1.5090117110924702e-22,3.8657457195894193e-22,3.5695056267950246e-30,8.336530731587432e-31,0.9838606853850601,0.01620788382936754,6.85692144275496e-05,19.511024475097656,-1.138608664535396,-0.26419977059013516,-1.1868472122137699,-0.4753460050126924,0.1814204124162,0.08226485078483736
225.0,1340.0,0.5482738103187884,0.00898957110851269,0.442484717227519,0.0002519013451798651,9.54610823124771e-13,0.999654022342321,0.00013675769457923266,0.00020921996309959312,0.0036893000931051767,0.870961167163361,0.12534953274353386,6.562890198417054e-06,7.10678912500396e-07,3.89373108340557e-06,0.15667430547880323,0.8433047402152497,9.787005752804676e-06,0.5480841198301276,0.007829567344968242,0.3731494595107711,0.8070506175924044,0.0012280653252807916,clean_balanced_ED_EQ,-2.1962131549538515e-31,1.2454801992678104e-30,-7.375681761489262e-33,-1.282235259738118e-32,1.7961227838063506e-32,3.485385576750986e-33,-1.9265527824112624e-24,2.233156402133232e-24,1.168246268467078e-23,-4.378428015062128e-23,1.660116774913419e-23,4.466435436078996e-24,-1.4657269831054757e-39,6.641207098953745e-39,-9.833596374738874e-40,-2.0104059424495434e-39,2.4490813003134615e-39,-4.630795638785184e-39,7.982008124235784e-38,-7.38738068531573e-37,-1.6755534601128244e-36,-4.052719760841023e-37,-5.434693453924074e-39,-2.2254378786218165e-39,5.6479557496843274e-31,-6.813687020339311e-30,1.775343082221344e-30,-2.2611980520802758e-30,-2.340138106989011e-30,9.074886723021885e-30,8.640605922369993e-31,-2.09529032968591e-30,8.457661966855973e-30,2.0457201750690718e-30,5.280882339405709e-30,3.7312891990974293e-31,-8.173737700982112e-39,-4.74977556657841e-39,-5.2445766993388623e-39,-1.6440919828014384e-39,-1.751850422746431e-39,5.6591648540447936e-39,-0.8992446660995483,-0.40717506408691406,0.15585465729236603,0.03254399821162224,0.0016693148063495755,-0.004525593016296625,0.0046285707503557205,-0.012417378835380077,0.48451724648475647,0.8545624017715454,0.1869918406009674,0.0,-2.22505913326403,-0.47392784671101723,0.01761589437000952,0.06023081110957961,1.8131711532545695e-15,3.3925220001943925e-16,-9.403027932570096e-23,3.9480865207610277e-22,3.727865584693944e-30,6.4709285824042685e-31,0.9744557699267428,0.02552540098365133,1.882908960593177e-05,16.743534088134766,-1.0902040547292646,-0.19224075083554168,-1.1461806544253852,-0.27723072395259,0.12784050468680946,0.03411023135370513
225.0,1360.0,0.5524933406901888,0.003564889710725643,0.44374765362546287,0.00019411597362264637,8.456017988720785e-13,0.9997119120299269,5.878559977399773e-05,0.00022930237029906511,0.00897918573185807,0.9177265264476552,0.07329428782048672,3.7724986761223875e-06,4.6250960860272925e-07,2.294436108054353e-06,0.2215557983298073,0.7784315240435755,6.148182224387393e-06,0.5523341740051905,0.003271593851393231,0.3454271623024297,0.8031728546648579,0.003155056477358256,mixed_higher_order,-1.7493520988162485e-31,1.2183441719270581e-30,-6.678441897173303e-33,-6.669497362797546e-33,1.8573109200817942e-32,1.588946720477982e-33,-1.5507479963145536e-24,2.342232803300705e-24,2.9073258561248503e-24,-2.824963707251768e-23,-7.722691898929752e-24,2.1842087357266433e-24,-1.0654013833601267e-39,4.967847022525635e-39,-9.062929376335409e-40,-1.5308526461521456e-39,1.9716861841638038e-39,-3.4369899887388394e-39,6.131671693356639e-38,-8.684901220359894e-37,-1.6217241094131034e-36,-1.826197220977847e-37,-4.5564266018299525e-39,-5.239020761349362e-40,-4.710090611322264e-31,-5.4679875687139855e-30,1.4986273365292969e-30,-3.3470005479312815e-30,-1.0276191510840449e-30,8.814986559868423e-30,5.03832046803695e-31,-1.9955569267042205e-30,7.624783181258484e-30,1.5424205394232564e-30,2.924672677086195e-30,2.119055449914033e-31,-1.43443970409504e-38,-4.2709243779677357e-39,-4.866741024350579e-39,-1.2717017559760638e-39,-8.331245649752989e-40,5.2648051338679425e-39,-0.9494369029998779,-0.24726071953773499,0.18867552280426025,-0.040642302483320236,0.0015473411185666919,-0.0023433067835867405,0.002806436736136675,-0.011607464402914047,0.4977169334888458,0.846942663192749,0.1869918406009674,0.0,-2.1747373585531866,-0.28687778002066705,0.007048560791888245,-0.04059331326780531,1.7814071405821364e-15,2.685790800275271e-16,-4.3969856737105777e-23,3.895480853303889e-22,3.8565968013830135e-30,5.3121011768750436e-31,0.9625761815555373,0.03739285897362548,3.0959470837310654e-05,15.152177810668945,-1.050768017543731,-0.15087388926822595,-1.07696983255122,-0.12127582637923406,0.0812697689894086,0.008363919865507266
225.0,1380.0,0.3472956945483668,0.035668887512882344,0.6168951116805621,0.00014030625818893156,1.118317004108449e-12,0.9995200049581351,0.00021915133745920576,0.0002608437044055675,0.0006333905111378517,0.019694087970361516,0.9796725215185006,3.9717292762337755e-06,7.609334046493137e-07,1.5088433060885857e-06,0.6521276087822854,0.3478642376310508,1.912080676854236e-06,0.34712899433692257,0.0007024662084836342,0.21459574772308065,0.5629736530125107,0.013497130091168522,EQ_dominated_with_ED,-1.2093794351591602e-31,1.1490351708879835e-30,-4.951821874812672e-33,1.637579862343105e-32,1.865840016104682e-32,4.8333973674890355e-34,-1.5744111753019912e-24,2.3086023491476438e-24,-2.146461872325443e-24,-1.543310425536671e-23,-1.098884675200979e-22,1.3755669400777698e-24,-6.986552418731103e-40,7.352134219863094e-39,-9.217689590793325e-40,-3.09837101826745e-39,1.620412682431568e-39,-4.2537675895998745e-39,3.282472959306343e-38,-2.1158005948699283e-36,-1.5454722223175355e-36,6.947001321777351e-39,-3.556667265931268e-39,-6.920953215311891e-40,-2.0879066266031332e-30,-4.296519613669788e-30,1.6799041756861037e-30,-4.1034117997379686e-30,4.080057517007662e-31,8.399930175613856e-30,2.3619108735473423e-31,-1.8794629588331295e-30,8.113012850094121e-30,9.73811246300968e-31,-3.657411139043231e-30,1.3673290329858872e-31,-2.929764615425404e-38,-3.347854324361285e-39,-5.744615084858498e-39,-8.248454290005996e-40,3.7382944735902834e-41,4.8463277556472855e-39,-0.9718875885009766,-0.08540694415569305,0.19458448886871338,-0.10090809315443039,0.001291058026254177,0.0003465689078439027,0.0011759756598621607,-0.009808653965592384,0.5104192495346069,0.8393487334251404,0.1869918406009674,0.0,-2.0974129669453765,-0.114126896901667,-0.01815543107522414,-0.11142048589475145,1.7390517373395532e-15,1.849068916411083e-16,-4.883046942105499e-25,3.764446236327422e-22,3.92285706074775e-30,3.6905021834534335e-31,0.9518616177330923,0.04814315918373096,4.776916823212574e-06,19.736473083496094,-0.9766298626018974,-0.10279198596508365,-0.9967985845802965,0.004480676510795506,0.04375515881231027,-0.006085540443071217
225.0,1400.0,0.6441215643268469,0.034453671993112264,0.32124634244030675,0.00017842123973415777,7.205654041351101e-13,0.9993689352397784,0.0004278348848018229,0.00020322987541996197,0.000702622783838563,0.003459333180768466,0.995838044035393,5.059410331635464e-07,5.470342554761068e-07,3.8190007425235674e-07,0.16016279930673885,0.839829889381012,5.876436886270661e-06,0.6437150819063013,0.00011918673072508646,0.2697922802356975,0.49873558072230073,0.0006203343360700577,clean_balanced_ED_EQ,-1.7330977068865557e-31,1.2882019634376675e-30,-5.391843371037837e-33,-2.634789835838019e-32,1.8312274079070024e-32,-2.8695690966303938e-33,-4.306877420925943e-25,2.35050468579387e-24,-9.66682306091934e-25,-5.213468990081817e-24,8.974101470879866e-23,6.319574592456982e-24,-6.849983187941851e-40,-1.4395207804338171e-39,-6.985939686752807e-40,1.503272662270727e-39,1.3835808585183449e-39,-6.375180031621568e-41,-1.4260341621950953e-38,6.340831916888455e-37,-1.4472713538407202e-36,1.2133504369338342e-37,-2.3991818101158677e-39,3.000530657440084e-39,3.1908196297334953e-32,-3.2992490209644224e-30,-2.813265857165224e-31,-4.524722044603246e-30,2.4941882646089156e-31,7.82397128408852e-30,1.8288414714137674e-32,-1.7346944596693458e-30,4.94109866879067e-30,1.307011457335774e-30,7.038595978691078e-30,5.833562739991636e-31,-6.528853032376892e-39,-3.072479579562937e-39,-2.6602159421122594e-39,-1.056813524483863e-39,5.326447350451606e-41,4.382711361858997e-39,-0.9582303166389465,-0.016269205138087273,0.18310728669166565,-0.21876639127731323,0.0026573901996016502,-0.0015194256557151675,0.0003318220260553062,-0.011102714575827122,0.5226478576660156,0.8317891359329224,0.1869918406009674,0.0,-2.052929213665678,-0.0729320378037919,-0.11330860619321903,-0.23347815647594755,1.781405698453733e-15,2.51483281224902e-16,2.946984365350037e-23,3.5601791879984e-22,4.2055780840173876e-30,5.4486376594514475e-31,0.9184793971387971,0.0815103927688916,1.0210092311280228e-05,14.055242538452148,-1.079273925410601,-0.1452013906453009,-0.9069811822350864,0.07603867863723514,0.014569807704655782,-0.0027015362205178566
225.0,1420.0,0.7193616771018856,0.00942142639088168,0.2710786510142931,0.00013824549293961426,5.913247396208755e-13,0.99963354960054,0.00016419138755662205,0.00020225901190352487,0.002731643457503354,0.0038623383123591692,0.9934060182301374,2.498547936486287e-07,3.643210028936535e-07,4.0904258692293994e-07,0.0028202331080101773,0.9971739627190916,4.780954514706398e-06,0.7190980667279554,3.638873610657408e-05,0.2703125726404684,0.37683221061538336,0.002358541834736189,clean_balanced_ED_EQ,-1.4447108646436247e-31,1.2721570800901301e-30,-4.944977338217707e-33,-1.5646006079588778e-32,1.7778165871841054e-32,-3.951273838993838e-33,-3.4033922945229454e-25,2.2708942973083344e-24,-9.519536145757928e-25,2.559123881470593e-24,4.369410236933677e-23,2.8915065651032888e-24,-6.298929716595458e-40,-7.413221885840474e-40,-5.832830332848483e-40,1.0196297482904304e-39,1.2131725142749402e-39,-2.7831482194080157e-40,1.492545603198219e-38,7.1540477646512e-38,-1.3536784929000877e-36,2.3653786107843787e-37,-1.4564903079063818e-39,2.6329747953891996e-39,-5.723695334810513e-31,-2.548019294996711e-30,-4.780356467461843e-31,-4.750478428260727e-30,1.0504047465811883e-30,7.298498879646898e-30,-1.3457373923286266e-31,-1.613964326965126e-30,5.076484969345038e-30,1.063221473516484e-30,3.889339250680355e-30,3.940630673878078e-31,-1.3760577988823073e-38,-2.8621046136284282e-39,-3.0073283598939706e-39,-8.706144662133763e-40,5.056245167376794e-40,3.978311048563898e-39,-0.9436637163162231,0.0984722226858139,0.15360045433044434,-0.2758439779281616,0.002822604961693287,-0.00044188962783664465,-0.0009282372775487602,-0.009657436981797218,0.5344246625900269,0.8242719173431396,0.1869918406009674,0.0,-1.977282513555622,0.026970021021283774,-0.17588344816972196,-0.2804011397896186,1.7708589995433512e-15,2.079772495215162e-16,5.71883104789355e-23,3.3515646352303635e-22,4.321898027542212e-30,4.611717509992129e-31,0.9002061504976427,0.09977712744325183,1.6722059105411802e-05,11.380044937133789,-1.0508195855906781,-0.11933514310792556,-0.8245997940044387,0.14408818086609476,-0.007051118706329657,-0.0026229046541647997
235.0,1305.0,0.48882949632977113,0.06889680703026259,0.4417637615934461,0.0005099350465201957,1.614644699688157e-12,0.9994795367017106,0.00043577315491287547,8.469014337634116e-05,0.0006943957300118834,0.5591722943867704,0.4401333098832177,4.0472915234904135e-05,4.42709495425732e-06,1.9322959856830004e-05,0.1875695977003987,0.8123184622744565,4.7717055098764605e-05,0.48857507851781024,0.038525185663034506,0.35885285950616774,0.9037174820879184,0.003013695361958988,clean_balanced_ED_EQ,-5.3914798006388554e-31,1.3706452922862468e-30,-3.8907435720435184e-33,-3.0507351118701673e-32,1.1234732473092543e-32,7.589396545644251e-33,-4.350808467656881e-24,4.02756353327083e-25,9.231018193253615e-23,-8.278126706420763e-23,1.0317876741606583e-22,3.8146909435774106e-23,-7.315433915715009e-39,1.890609269885495e-38,4.646343451959995e-40,-6.688510557742772e-39,6.850796725961823e-39,-1.221757022265571e-38,3.0301658994739496e-37,-9.276086112416796e-37,-1.4438446751814164e-36,-1.4280730039915372e-36,-1.9474270194970108e-39,-1.544226150569761e-38,7.944821814929419e-30,-1.0285302338074071e-29,2.0284685420566747e-31,2.9251977806652163e-30,-8.147668009228017e-30,7.360102577687647e-30,2.9170594767372968e-30,-1.679499455432331e-30,1.2307678618070129e-29,5.746352633117372e-30,1.2990512178417446e-29,3.6181368279130155e-30,1.6793455576980403e-38,-3.915515414203288e-40,-7.08501894843974e-39,-3.966521570658212e-39,-6.85506814189607e-39,5.4341664558901116e-39,-0.38826027512550354,-0.8992853164672852,-0.17263653874397278,0.10126488655805588,0.006384799722582102,-0.012239759787917137,0.010677563957870007,-0.011533557437360287,0.4178411364555359,0.8890684247016907,0.1869918406009674,0.0,-2.0467538924270148,-1.3243960590281951,-0.2735183012494579,0.3586105154244602,1.89893262581921e-15,7.898837510234533e-16,-2.895608495218462e-22,3.051083313369695e-22,3.1004522102535242e-30,1.2442566320939454e-30,0.9596506990413604,0.04030498507835043,4.431588028919187e-05,26.643787384033203,-1.2319421964197501,-0.48458864630635806,-1.0413670547775047,-1.029991801567626,0.24818562232580518,0.27675415903171735
235.0,1325.0,0.5071210397204863,0.031984656390547817,0.4605280622308085,0.0003662416581574685,1.2867133446963598e-12,0.9995939254881214,0.0002611115269760114,0.00014496298490252144,0.001131879253515349,0.7493551315340637,0.2495129892124209,1.4944724254882971e-05,1.6471764515886e-06,7.646644215680715e-06,0.14732412854366933,0.8526275531222451,2.407978916323915e-05,0.5069151107918184,0.023967866396610794,0.3926589148439833,0.9081225706680228,0.00030904435633174755,clean_balanced_ED_EQ,-3.3343587336279764e-31,1.3397693439695426e-30,-7.407830870237747e-33,-2.1048680322677396e-32,1.4497077886371456e-32,8.140628284934351e-33,-3.1309605497839877e-24,1.5595476418157596e-24,5.367455161001671e-23,-7.224425629629144e-23,5.038987738831539e-23,1.256912176880551e-23,-3.041720467360554e-39,1.1351512986669223e-38,-7.209232259072285e-40,-3.834363939435463e-39,3.7626453202996554e-39,-7.517150469733904e-39,1.500154686736465e-37,-8.113135821106607e-37,-1.6381892104660276e-36,-1.1207302001987764e-36,-5.631271917499889e-39,-8.91926229400623e-39,4.94065262277511e-30,-9.40561020338351e-30,1.3837049469647843e-30,7.144805528814091e-31,-6.324356693114071e-30,8.691127897250452e-30,2.0280601677308933e-30,-2.001031689684728e-30,1.062522324424128e-29,3.343167566065895e-30,9.002650559059536e-30,1.2675634214623159e-30,2.6241946621072956e-39,-4.3956002425053314e-39,-6.377884017574432e-39,-2.5055385297241225e-39,-4.836957238561998e-39,5.940501439276056e-39,-0.6238662004470825,-0.7538479566574097,-0.0837583839893341,0.18787285685539246,0.002981334924697876,-0.009313481859862804,0.007818722166121006,-0.0119472099468112,0.43296343088150024,0.881803035736084,0.1869918406009674,0.0,-2.197372288951431,-1.0010026571158241,-0.12980169474604558,0.3841988201972363,1.907673281896886e-15,5.05034400439176e-16,-2.4179314817877903e-22,3.6092128521663845e-22,3.489095164788382e-30,8.716635390982573e-31,0.9575914071191183,0.0425155454733357,0.00010695259245396826,20.349145889282227,-1.1860142900193118,-0.29516999503933844,-1.1461374055666114,-0.7841040557400328,0.21332536986842504,0.15849209558983945
235.0,1345.0,0.5195721374377366,0.014927135979240653,0.4652260567787085,0.0002746698043141283,1.0728401899742121e-12,0.9996507664015928,0.00015485439857380675,0.00019437919983330388,0.002252435920920401,0.8808801910050721,0.11686737307400742,6.856139342565444e-06,8.178981597799978e-07,3.713218168321949e-06,0.14047190295512055,0.8595010647936396,1.5644995569084923e-05,0.519390685390547,0.01314901839255219,0.3998622911710462,0.8954022420697247,0.00074507879610939,clean_balanced_ED_EQ,-2.289057061637336e-31,1.2948404968179683e-30,-7.648289800686904e-33,-1.4468654527104268e-32,1.6933209328443217e-32,7.033303861096273e-33,-2.482634038505761e-24,1.973819642562985e-24,2.8363224161287546e-23,-5.5942476808076e-23,2.2203967804291625e-23,5.3774023078725225e-24,-1.731493152052173e-39,7.442345731348605e-39,-9.09165371247219e-40,-2.4776203858836458e-39,2.640665832684175e-39,-4.964724078202883e-39,8.506149296213109e-38,-7.686942107959742e-37,-1.7248098353493673e-36,-8.275067994534794e-37,-6.572867841561908e-39,-4.8387449286546796e-39,2.7261199567756416e-30,-8.143802812420621e-30,1.924387389700425e-30,-1.1498986764628036e-30,-4.650507904934861e-30,9.293702978106877e-30,1.4210063144546665e-30,-2.070594135971697e-30,9.116728130697984e-30,2.1485201731048905e-30,6.184529060277987e-30,5.1371172525836015e-31,-6.008434530150366e-39,-4.790712539544585e-39,-5.6143201240835094e-39,-1.705128575324033e-39,-3.3331589375636426e-39,5.957954512952686e-39,-0.7739682793617249,-0.6044200658798218,0.020114868879318237,0.18695229291915894,0.0010568416910246015,-0.006220665760338306,0.006104532163590193,-0.011528600007295609,0.4475153982639313,0.8745078444480896,0.1869918406009674,0.0,-2.2455230380393356,-0.7413682515274229,-0.025476243227632093,0.31254542826671966,1.8636634187513272e-15,3.5130196677611486e-16,-1.8660240203242898e-22,3.9308880177699917e-22,3.700990519893437e-30,6.420402265564269e-31,0.9643903270931788,0.035525941708827696,8.373119799343076e-05,17.440025329589844,-1.1291970976380186,-0.1996227795377694,-1.1711190166140921,-0.5618642295259968,0.16273256394587046,0.08250653980467774
235.0,1365.0,0.5244352978743028,0.0062505786830450326,0.46910171760649033,0.0002124058361617682,9.312821077106283e-13,0.9996919708548911,7.648032465281707e-05,0.00023154882045597861,0.00531191862522228,0.9899084350832972,0.004779646291480609,3.643907172963843e-06,5.045011893768242e-07,2.0854086855864607e-06,0.17482394572661217,0.8251586765164913,1.1143939848516509e-05,0.5242737565178337,0.006187500562498126,0.38708335245178443,0.8944892144138725,0.002286642644943699,clean_balanced_ED_EQ,-1.7043210491198474e-31,1.25621487494881e-30,-6.955079779526605e-33,-8.635856648411238e-33,1.854990994135775e-32,5.304989890619241e-33,-2.1171698819262282e-24,2.1598901439441468e-24,1.2663926429048998e-23,-3.929788384158383e-23,-7.583715107291012e-25,2.766910256127442e-24,-1.1875415459713007e-39,5.3165972642444987e-39,-9.477532604293519e-40,-1.791783494333767e-39,2.135302464134849e-39,-3.524815912099813e-39,5.383552464305124e-38,-8.420192342282876e-37,-1.7440580377257075e-36,-5.642359395280324e-37,-6.352600676773872e-39,-2.2412772669988123e-39,1.1040408662955839e-30,-6.831760246627265e-30,2.0299667093105143e-30,-2.630815711260931e-30,-3.134007773080746e-30,9.462575167989605e-30,9.811914929137848e-31,-2.0497189134878697e-30,8.027161178957201e-30,1.5203519820437637e-30,3.8193058208144255e-30,2.580740879955674e-31,-1.243119484493378e-38,-4.354343937023513e-39,-5.067689106151489e-39,-1.2608620544084046e-39,-2.1677671434303927e-39,5.750542895635158e-39,-0.8726356029510498,-0.4564238488674164,0.10309983044862747,0.13934721052646637,0.00020675448467954993,-0.0034602414816617966,0.004788924474269152,-0.011068018153309822,0.46152347326278687,0.8671966195106506,0.1869918406009674,0.0,-2.2413714516833747,-0.5265612556821574,0.02934393349578029,0.20709352366585387,1.8167070714456188e-15,2.617676352875438e-16,-1.317331863643913e-22,4.077376051675738e-22,3.852771373538307e-30,4.978083268716439e-31,0.9698276413712167,0.03019265494350532,2.029631472200144e-05,15.80383014678955,-1.0794612182188172,-0.14645173469975445,-1.1497409825413474,-0.3719630708758139,0.1126397230851184,0.03629867633302314
235.0,1385.0,0.45405475977530085,0.011929330856266998,0.5338571622987548,0.00015874706967732775,9.300885215646728e-13,0.9997015923122766,3.220292616239722e-05,0.00026620476156109693,0.0028735192790143717,0.17263918531843872,0.8244872954025468,2.9805434357265398e-06,5.019138872980707e-07,1.3880917679768043e-06,0.3926860080588482,0.6073017994318037,7.321960257000645e-06,0.4539192663443365,0.0020594699604200477,0.3242124153035903,0.8505173140698724,0.00662934128294497,mixed_higher_order,-1.261408436797508e-31,1.2070687989133051e-30,-5.748050101730346e-33,3.795606006900284e-33,1.9462983937297142e-32,3.661880747766215e-33,-2.024275367199601e-24,2.4288702192251074e-24,3.313896983689432e-24,-2.428245223581196e-23,-5.35219497734956e-23,1.956742929150864e-24,-9.851607878653215e-40,5.397669444373588e-39,-7.983476540394303e-40,-2.1053002882295624e-39,1.7835173094063068e-39,-3.29236577176609e-39,2.928644827459291e-38,-1.4079527868190026e-36,-1.719566690423972e-36,-3.318989019912179e-37,-5.975233944285859e-39,-1.1290696389226043e-39,-4.215396589421277e-31,-5.5854584584992984e-30,2.074035753500198e-30,-3.7626348868780716e-30,-1.6524983969143055e-30,9.348092089546695e-30,6.513539512758215e-31,-1.9930694196905883e-30,7.709269060754423e-30,1.0600906258039628e-30,-1.4835598685763402e-32,2.044569779791277e-31,-2.1489632812158497e-38,-3.5760624346542094e-39,-5.173889657873121e-39,-9.053825817874436e-40,-1.1815707764439918e-39,5.443946347739302e-39,-0.9354031085968018,-0.3068855106830597,0.1577712744474411,0.07573030889034271,0.00013632593618240207,-0.0007947637932375073,0.00324115133844316,-0.010412371717393398,0.4750126302242279,0.8598818778991699,0.1869918406009674,0.0,-2.2021130315006414,-0.338426639879051,0.0480516582809494,0.10332706734503946,1.7700701600239971e-15,1.925952005201656e-16,-8.042458747053294e-23,4.096732173442856e-22,3.959732708123907e-30,3.7304302543388845e-31,0.9691583424740103,0.030745777272176363,9.588025381335186e-05,16.16214370727539,-1.0222521074707354,-0.1068271695912034,-1.1010926378069554,-0.21252530623783922,0.06859584820546753,0.009361475202511228
235.0,1405.0,0.4918027809580802,0.06972901302614753,0.4382603692139397,0.00020783680183241,1.0011475915044604e-12,0.9988624599398065,0.0009237888006292849,0.00021375125956420946,0.0002748152967830582,0.005877569400187331,0.9938476153030297,1.442490463046544e-06,8.239848320532312e-07,3.5143822802577675e-07,0.4318810318680331,0.5681098230414986,6.527176945087439e-06,0.49124333559302585,0.0004098371132677485,0.2489800208002331,0.8911303192718133,0.00013212667323295003,mixed_higher_order,-1.7901161657274976e-31,1.3360600040754371e-30,-5.702942932990545e-33,-4.0595641649149676e-32,1.9719215404449854e-32,-5.10815142466632e-35,-7.406437848920052e-25,2.4128857188261623e-24,1.3425931266229738e-24,-1.1595129731583282e-23,1.5151384378923803e-22,9.067320916928072e-24,-6.258661700272846e-40,-3.6931988747327495e-39,-9.192378096807901e-40,2.677701635505822e-39,1.5450875772998706e-39,1.0154912056453412e-39,-4.839094664378649e-38,1.4485026291886324e-36,-1.6538134415534974e-36,-1.6723207090137579e-37,-4.16761947180983e-39,3.79164881673083e-39,1.439955829830884e-30,-4.4220830351017774e-30,1.4750653396331812e-31,-4.528703395153314e-30,-1.5874643587282794e-30,8.95078510029904e-30,3.683290010267093e-31,-1.8936654602784186e-30,4.332613788289774e-30,1.3721311744375877e-30,1.0949677126687072e-29,7.915574795606726e-31,1.757322483627228e-39,-2.988394449911564e-39,-1.9013021339917737e-39,-1.111584864858944e-39,-9.836717953519131e-40,5.033572603330771e-39,-0.9540916681289673,-0.22798258066177368,0.1877833753824234,-0.048353783786296844,0.0015287476126104593,-0.0020244962070137262,0.00246660434640944,-0.012159428559243679,0.4880067706108093,0.8525745272636414,0.1869918406009674,0.0,-2.174223729660419,-0.26536030223078005,-0.01051599097696227,-0.04897817051247384,1.7964239423430094e-15,2.5785849115068743e-16,-3.9933940996754295e-23,3.9934272191222027e-22,4.250503125872898e-30,5.49220862616948e-31,0.9622734039324728,0.03775462031635716,2.802424882997201e-05,19.248626708984375,-1.1153865490907788,-0.1494447469778216,-1.0290542027568337,-0.10405700006594289,0.03228898169119981,0.0037387218502763966
245.0,1290.0,0.39142438645194494,0.25009515814721706,0.35774960167769215,0.0007308537231457584,2.522474694064088e-12,0.9990439433577005,0.0009136548086314533,4.240183366812709e-05,0.0010795748813158415,0.25962933479213973,0.7392910903265444,0.00018177131636853644,2.186754727404695e-05,7.943652001482153e-05,0.31115165008015805,0.6881517873781946,0.0004134871579900255,0.39105016256731956,0.06493203954449696,0.24618602782834104,0.9139686081403948,0.028141826292062848,mixed_higher_order,-1.1212185291244578e-30,1.1544929432265514e-30,2.1699439896826198e-32,-4.3563184458101185e-32,9.49624748169466e-33,-4.443702214723069e-33,-7.184939314689237e-24,-1.0444833169575716e-23,1.8942717450421606e-22,-5.2618862427575174e-23,2.4475788484552435e-22,2.239484865312589e-22,-3.2015189339934144e-38,3.396455632964176e-38,8.905203838199153e-39,-1.3519763830925902e-38,2.3109974651952826e-38,-2.0444821190820448e-38,8.969171861092313e-37,-1.0296334799186733e-36,-7.2892278176250694e-37,-1.8953854271561554e-36,3.475442989128198e-38,-3.5636923342343447e-38,1.5809680171445894e-29,-8.740840220040117e-30,-4.812014363682182e-30,6.55491186741181e-30,-1.0997667067934972e-29,2.185927722542677e-30,5.4800865962160636e-30,1.100119901293432e-30,1.1596699557811008e-29,1.1957394597086139e-29,1.786980562717476e-29,1.4599929623598578e-29,4.581084429823902e-38,3.1251338634123575e-38,-5.744038395877481e-39,-6.694535313307761e-39,-1.249245580681316e-38,1.108289236707975e-39,0.3010573089122772,-0.9171445369720459,-0.14054566621780396,-0.2192823886871338,0.013005733489990234,-0.015239193104207516,0.011813013814389706,0.000926881970372051,0.36207619309425354,0.9132002592086792,0.1869918406009674,0.0,-1.3073912684368048,-1.8427420666924543,-0.44868879532251876,0.03566012120174867,1.4276863634190624e-15,1.4689190955192123e-15,-3.2037898824953875e-22,1.4650688173071222e-22,1.4641189710031423e-30,1.4869128320362302e-30,0.9321909870572507,0.06797825668650753,0.00016924374375815177,51.97578048706055,-1.0497293406111745,-1.0194743884440398,-0.5380299912387968,-1.3990154105229022,0.15959041548411482,0.5745232809758956
245.0,1310.0,0.4739449570646496,0.0919077691098428,0.4335950969918717,0.0005521768336358312,1.7900682927310679e-12,0.9994762444599693,0.000484741359774703,3.9014180256051984e-05,0.0006255303286012697,0.5810090904412751,0.41836537923012357,4.7570063805750255e-05,5.380047576319848e-06,2.2207707507543958e-05,0.1977445214001798,0.8021105365268653,6.978425406519187e-05,0.47369672576771743,0.05339924933499649,0.3477911958835684,0.9148638265450013,0.004653796031025006,clean_balanced_ED_EQ,-6.447876253753541e-31,1.3971364854220302e-30,-1.5139126203216821e-33,-3.3853385731811463e-32,7.864124190952822e-33,5.529868859827855e-33,-5.0008228765790654e-24,-9.049228808107174e-25,1.3314944157779817e-22,-7.912099991140804e-23,1.2041711337195567e-22,5.2662461256427434e-23,-9.741364707348065e-39,2.104518907921531e-38,1.186359152866843e-39,-7.708154179364777e-39,8.555003124179561e-39,-1.3337048776758569e-38,3.920668357102658e-37,-9.818680388482706e-37,-1.1822721001824089e-36,-1.7709561162461465e-36,2.840651866934696e-39,-1.9656980970017442e-38,1.1957651059360544e-29,-9.87618978855324e-30,-2.0424291772396567e-30,4.099451331882167e-30,-9.915221212042027e-30,5.776739126749933e-30,3.724419920583037e-30,-1.165572860203048e-30,1.292634118153665e-29,7.006155593011604e-30,1.3918997344202723e-29,5.0237755327687656e-30,2.171962838797671e-38,2.7379868408135512e-39,-7.339094521457176e-39,-4.6613222999794126e-39,-9.235778499255806e-39,4.5828674874755956e-39,-0.1558288335800171,-0.9275894165039062,-0.33692649006843567,0.03437628224492073,0.008641287684440613,-0.013244718313217163,0.01140156015753746,-0.01025511883199215,0.3786523640155792,0.9064526557922363,0.1869918406009674,0.0,-1.8481602937950894,-1.5395936412586393,-0.4810271663585296,0.4096564861445456,1.9013039002838847e-15,9.21842055717296e-16,-3.373645760121348e-22,2.366402844077088e-22,2.6917909516589077e-30,1.2595816181063657e-30,0.8849548454010077,0.11493635152710234,0.00010880307188998461,27.880672454833984,-1.2509596519319952,-0.5773260607147924,-0.8462121009355241,-1.2675631062951187,0.23630642631794627,0.3976702612544083
245.0,1330.0,0.49545306810780576,0.04451867996130426,0.459630246671344,0.0003980052595460213,1.4233844275068e-12,0.9996139298033844,0.0002838317690694844,0.00010223842754622227,0.000840298868164779,0.7730379205263975,0.2261217806054377,1.680955849358084e-05,2.003948981890588e-06,8.10311948680329e-06,0.15016726349328874,0.849772414172322,3.3405707427045975e-05,0.4952617884443875,0.034414627781866845,0.39058110434052784,0.9276968420575669,0.0005036279758569183,clean_balanced_ED_EQ,-3.963830871420416e-31,1.3907938108678543e-30,-6.910669695974011e-33,-2.3368468666702608e-32,1.141294322912328e-32,9.146120229418808e-33,-3.627997055973739e-24,1.0176333790930712e-24,8.459581702424765e-23,-7.684417375169863e-23,5.946560026431907e-23,1.6866044024126926e-23,-3.8106721012601156e-39,1.2684882377435195e-38,-4.746262104211119e-40,-4.54843802780323e-39,4.285291705480545e-39,-8.136450879323449e-39,1.9602096958944386e-37,-8.63227409279393e-37,-1.4682668079431611e-36,-1.5094298928054804e-36,-4.143111135082462e-39,-1.25358886145272e-38,8.254151346170882e-30,-9.730421328884738e-30,1.3027515585538918e-31,2.062144201466597e-30,-8.384426146053072e-30,7.668276415471742e-30,2.6264193903652207e-30,-1.7039329984405154e-30,1.141370254215506e-29,4.0299505214354164e-30,9.899754220164737e-30,1.9206539319737084e-30,5.89471618120829e-39,-3.530660047980966e-39,-6.800771239357229e-39,-2.9159651666427028e-39,-6.747624916395441e-39,5.5320761072027615e-39,-0.41917937994003296,-0.8424564599990845,-0.2746735215187073,0.19672688841819763,0.00434881541877985,-0.010922103188931942,0.0083635738119483,-0.01102706603705883,0.39461007714271545,0.8996203541755676,0.1869918406009674,0.0,-2.074819040310681,-1.2456236874588873,-0.3142932315933782,0.5260965643293777,1.954537629859568e-15,5.880590697246954e-16,-3.110802096377667e-22,3.0913185985329105e-22,3.245506308121732e-30,9.234919490273919e-31,0.8855824440947159,0.11433855760248728,7.899830279689546e-05,20.60468864440918,-1.2265545623365615,-0.34957409226874725,-1.019544253092349,-1.0481273323963902,0.22605512898980043,0.24885840260584677
245.0,1350.0,0.5059873653041779,0.022307967220897975,0.4714080868090179,0.0002965806659061967,1.185843795753246e-12,0.9996655968570876,0.0001721510302105716,0.00016225211270183137,0.0016185303862562594,0.8883121579691183,0.11006931164462536,7.743828634576007e-06,1.082568586400648e-06,3.7591259560847226e-06,0.13546643413833662,0.8644968788785444,2.4101459941762514e-05,0.5058181615389462,0.019816438501900235,0.40753081972450195,0.931659798512217,0.00041738964070850605,clean_balanced_ED_EQ,-2.619604672919246e-31,1.3492200261786197e-30,-7.610354509686126e-33,-1.635199303295816e-32,1.468060207933387e-32,9.543563606670319e-33,-3.046156729401404e-24,1.685185303458841e-24,5.0263266590111356e-23,-6.422567123309576e-23,2.792170121092067e-23,6.673410634745319e-24,-1.9165977699885347e-39,8.476461005366941e-39,-9.068906774387793e-40,-3.1201900492190674e-39,2.8234912870470412e-39,-5.356283011870618e-39,1.0739197912201621e-37,-8.056383109667415e-37,-1.642469872987328e-36,-1.2320349093578744e-36,-6.812039605821876e-39,-8.433507556972758e-39,5.3578946664286106e-30,-8.90126682127708e-30,1.4787839007424111e-30,1.142079446626488e-31,-6.836679322916937e-30,8.787056231503732e-30,1.9414681757516336e-30,-1.8795672951671716e-30,9.800995935414483e-30,2.4732274383711903e-30,6.968799579362126e-30,8.012467304549086e-31,-3.820542991822028e-39,-4.670578173446629e-39,-5.99400097677405e-39,-1.9072720990243077e-39,-4.990201026051735e-39,5.833927377181386e-39,-0.6020358800888062,-0.737415611743927,-0.15982899069786072,0.26050180196762085,0.0015100346645340323,-0.008027027361094952,0.0068374089896678925,-0.010477089323103428,0.40997716784477234,0.8927220702171326,0.1869918406009674,0.0,-2.1857683033533615,-0.9947694802720851,-0.15849346622022134,0.5109802878172307,1.9207984782431534e-15,3.957734175511753e-16,-2.6814927869470467e-22,3.61037752484114e-22,3.562659690376365e-30,6.760830192031766e-31,0.9062956987309173,0.09356301465825066,0.00014128661083201433,17.5211181640625,-1.1722622345327003,-0.227602879284722,-1.1069659366664948,-0.8303474540830628,0.18613581459419412,0.14567063124899565
245.0,1370.0,0.5089943710671143,0.010237929976992457,0.4805384849495738,0.00022921400631944843,1.0229406796554733e-12,0.9996975196146078,9.075999308257265e-05,0.00021172039230963976,0.003401727896383854,0.986947311189694,0.009650960913922096,3.7288469856523537e-06,5.428091747996294e-07,1.932704296456794e-06,0.15365787613672272,0.8463184670465748,1.7452456245619747e-05,0.5088404102535915,0.01010429746294107,0.4066885939394068,0.9440939080369743,0.001627160328092291,clean_balanced_ED_EQ,-1.8337248772498994e-31,1.3057371474750594e-30,-7.143773975501508e-33,-1.0334761204794433e-32,1.7150487931924432e-32,8.606039281615928e-33,-2.6217063576788564e-24,1.9548058689824827e-24,2.712538610670682e-23,-4.865237151484657e-23,4.5902220016773996e-24,3.04487848786093e-24,-1.3771789569690492e-39,5.7473175350144404e-39,-8.168083145794302e-40,-2.1017475138596715e-39,2.193990473519073e-39,-3.645563822665312e-39,6.407639279513295e-38,-8.459044877043098e-37,-1.7419498255351363e-36,-9.640346221750538e-37,-7.50656720131891e-39,-5.03889153312798e-39,3.1585603936700036e-30,-7.819220386798704e-30,2.1669301815490336e-30,-1.60451505314691e-30,-5.325490575219038e-30,9.42373664224953e-30,1.455357630125694e-30,-1.9551291176049733e-30,8.55640261277969e-30,1.642747315748149e-30,4.5837087352243254e-30,3.7974188065720934e-31,-1.0717913908430616e-38,-4.4341532078393384e-39,-5.3600212752814637e-39,-1.3387551978681979e-39,-3.625942811269427e-39,5.8653661649484166e-39,-0.7374745011329651,-0.6209729313850403,-0.04662226140499115,0.2611834704875946,-0.00010625943104969338,-0.005162112880498171,0.005863186903297901,-0.010021890513598919,0.42478030920028687,0.8857740759849548,0.1869918406009674,0.0,-2.2344690419652418,-0.7753063941467124,-0.04401488591648556,0.4342494132006134,1.8690439050409034e-15,2.791285753985078e-16,-2.184265677551447e-22,3.9557247166359434e-22,3.776292223164717e-30,5.027802398964267e-31,0.9295026800347034,0.0705252557645891,2.7935799292500008e-05,15.918591499328613,-1.1179205932617158,-0.15699628417695227,-1.1399843495016329,-0.6308932470656365,0.13894358751495337,0.0774658735236373
245.0,1390.0,0.4751126162458365,0.007751446983049559,0.5169600313660682,0.00017590540504575441,9.510814144483373e-13,0.9997186584749047,2.4225383407657347e-05,0.0002571161416876193,0.0044946286465064956,0.5278033936261404,0.4677019777273531,2.4820332615173643e-06,4.851670002048568e-07,1.1949778863237741e-06,0.2759947514672285,0.723988390158001,1.2696196622313268e-05,0.4749789473377899,0.004091240023166664,0.3742730608847494,0.9190509660685957,0.004416006206592225,mixed_higher_order,-1.3065751827274452e-31,1.2577209480888148e-30,-6.131530850165842e-33,-1.0723824600044583e-33,1.8960280027247945e-32,7.192708502013167e-33,-2.4334925101456066e-24,2.149168387956298e-24,1.2065158095414003e-23,-3.3049014422471065e-23,-3.3061149620958777e-23,1.9534174291731268e-24,-8.197235455236712e-40,4.9694268761392334e-39,-1.0033587527249235e-39,-1.987920650986714e-39,1.82308368577693e-39,-2.9815114797314434e-39,3.3323539033911524e-38,-1.1871249073737873e-36,-1.7866049650392502e-36,-7.12555758003324e-37,-7.52600506357061e-39,-2.8703279417895252e-39,1.3051981502095301e-30,-6.661851823954763e-30,2.504618635526079e-30,-3.0516785080221362e-30,-3.809816998079584e-30,9.713529057913047e-30,1.0820556343788371e-30,-1.970712198236641e-30,7.887578117964674e-30,1.1148008802954702e-30,1.559924071895946e-30,2.5467177397271166e-31,-1.8213137313725245e-38,-3.7341669290199967e-39,-5.1704412360835344e-39,-9.49562607590755e-40,-2.4897031091123582e-39,5.729422231566295e-39,-0.8379200100898743,-0.4944639503955841,0.04750177264213562,0.22584529221057892,-0.0009605592931620777,-0.002388130407780409,0.0049856193363666534,-0.009587368927896023,0.43904492259025574,0.8787909150123596,0.1869918406009674,0.0,-2.2405668245930994,-0.577094533196167,0.02982132070494411,0.3340665057702294,1.8150445339754996e-15,1.9888112887091205e-16,-1.6681864202853239e-22,4.156805809851091e-22,3.9301062075192844e-30,3.670975062260895e-31,0.9466111673908217,0.05337928846095366,9.544148224627236e-06,15.55005168914795,-1.0613173353687644,-0.11025425739297827,-1.1358038013483684,-0.4529952364679919,0.09302480605769294,0.033960437595324
245.0,1410.0,0.13974631970944149,0.1461251961708236,0.7139195636812227,0.00020892043851230334,4.8861295447261844e-12,0.9945583202885739,0.005282436179786638,0.00015924353163947237,2.9936840930518727e-05,0.001713873573120151,0.9982561895859493,3.3484610961751496e-06,1.2298641035419266e-06,5.664824807661379e-07,0.9148987887999797,0.08509310143497623,2.96495736357564e-06,0.13898586499673216,0.00025044011208417245,0.060749629848740244,0.19574518870005447,0.014699049020833767,EQ_dominated,-3.0284712920351846e-31,1.5663024784702521e-30,1.5384355560648831e-33,-1.1625444416002187e-31,2.0180493645056035e-32,4.930342590286479e-34,1.2189344406544873e-25,2.6803894417908145e-24,9.59507596026445e-24,-1.789118524078763e-23,4.864463902813919e-22,5.860911435919965e-23,1.4788744395754108e-39,-1.6197001509025346e-38,-2.3723439041206452e-39,9.567225295094643e-39,8.934690678697834e-40,6.629787547267274e-39,-6.754425019386731e-37,5.973481784392657e-36,-1.7482731356426818e-36,-5.520304526702361e-37,-7.044151755666795e-39,8.215619660225307e-39,6.637907757684763e-30,-4.856224995519065e-30,-1.519139803720588e-30,-4.413127039392469e-30,-5.1187805445291954e-30,9.269352034911533e-30,7.513062194077706e-31,-1.9048103941349455e-30,1.7855484028743757e-31,1.5953820826200988e-30,3.027790587587521e-29,3.8210341354612905e-30,4.348764921413084e-38,1.7425924357010573e-39,2.712521427151797e-39,-1.0998666992948679e-39,-2.949931564347544e-39,5.261013491181033e-39,-0.8611149191856384,-0.4889601767063141,0.12916678190231323,0.05275639891624451,0.002161880023777485,-0.006316461134701967,0.005685674026608467,-0.014969170093536377,0.4527949392795563,0.8717858791351318,0.1869918406009674,0.0,-2.2632722735402075,-0.5830226605871651,-0.02887918455622112,0.09645162763382341,1.884300275983818e-15,3.9923060201144914e-16,-1.2609662198241093e-22,4.1467376790614317e-22,4.443427086618855e-30,8.645249345656662e-31,0.9806455298552619,0.01972369811603575,0.0003692279712976809,85.66917419433594,-1.302963609049672,-0.2519301309174574,-1.080128537866255,-0.34105874736853214,0.04964494804721482,0.026624678082838856
255.0,1295.0,0.3518354738399602,0.3111005542847398,0.33630729228764533,0.0007566795876546298,2.8216671558274385e-12,0.9985682670646563,0.0009721611291664136,0.0004595718061772689,0.0028943699768259807,0.26974706593048636,0.7273585640926876,0.00021505636644204523,3.465911751487219e-05,7.952721516976962e-05,0.3246594034071415,0.6736550552737823,0.0013562986199495302,0.3513317394042413,0.08391846172765656,0.22655510757500977,0.9558652190956214,0.03752618547444769,mixed_higher_order,-1.2491555954213074e-30,1.0407318104039424e-30,2.920814506483298e-32,-4.147877745232241e-32,2.24546848845096e-32,-2.6691061787463105e-32,-3.60140956646351e-24,-2.4412083022440207e-23,2.369528364996909e-22,-2.4555325125575736e-23,2.583465161311662e-22,2.937335077732121e-22,-4.0368637116848974e-38,3.3829259077338165e-38,1.3679252684058403e-38,-1.6123008767770792e-38,2.6689367510671337e-38,-1.7706259383561583e-38,1.0617762273798851e-36,-9.831314247795758e-37,-3.95205423972369e-37,-2.04660780734707e-36,8.613061094835322e-38,-3.6456434807675467e-38,2.0268879468374702e-29,-6.376523265796627e-30,-8.743736413276455e-30,6.248429652903635e-30,-1.1525146254654955e-29,1.2809297298165065e-31,7.6682930937398e-30,4.4084218622043174e-30,1.0768149055062358e-29,1.3096732674583952e-29,1.6874541426939583e-29,1.7430831714062725e-29,4.866295565906274e-38,4.303450759916965e-38,-5.228584169382419e-39,-6.708997802140786e-39,-1.8617221149268386e-38,-4.1286537187311845e-39,0.5000306367874146,-0.7875468730926514,-0.12858933210372925,-0.33495303988456726,0.018404725939035416,-0.021835681051015854,0.004152369685471058,0.011000395752489567,0.3216401934623718,0.9282140731811523,0.1869918406009674,0.0,-1.0103457985249025,-1.87885682630703,-0.5204306872830871,-0.07604302332401633,1.238560960424945e-15,1.581591317911267e-15,-3.0932051591215784e-22,8.411656099568072e-23,7.599301956892075e-31,9.59614998215283e-31,0.8710762459478928,0.12886700613951188,5.6747912595356276e-05,57.51042938232422,-0.9426377424310292,-1.1314165653839312,-0.2894594558607487,-1.4989925399314905,0.07418754184709109,0.7158914974128483
255.0,1315.0,0.4569762033417227,0.11884801672277606,0.42358449076574256,0.0005912891697587698,1.9462831664826855e-12,0.9994644389394829,0.0005224258873895798,1.3135173127534709e-05,0.0006250196197485771,0.6047105530149862,0.39466442736526514,5.5503718941650964e-05,7.352996225672564e-06,2.3926861693974124e-05,0.20664523307121405,0.7931655959798578,0.00010238737206689629,0.4567314646816299,0.07186864991716424,0.3359726450660348,0.926928990324229,0.006544718506600471,mixed_higher_order,-7.561814364314651e-31,1.3958765330868797e-30,1.4524414582972085e-33,-3.6266462835730367e-32,5.6281009371311816e-33,-1.2027280136573664e-33,-5.168566289710463e-24,-3.182065771395191e-24,1.762121111069581e-22,-6.776329579760333e-23,1.3530551624848889e-22,7.038854401645491e-23,-1.2448140141616873e-38,2.2955345748832155e-38,2.1292957565937797e-39,-9.262995039721367e-39,1.031885257573568e-38,-1.3692348617506246e-38,4.885466814344498e-37,-1.015242153003304e-36,-8.859862941036995e-37,-2.0217171481591418e-36,1.089718151071475e-38,-2.2587686821374335e-38,1.6054169291929987e-29,-8.690587479396222e-30,-4.961769551469673e-30,4.663477602125151e-30,-1.109240144137979e-29,4.0271078361677e-30,4.716417700249577e-30,-4.674139475673664e-31,1.3171193785763993e-29,8.31136203938277e-30,1.4303736730827176e-29,6.450870463063607e-30,2.6068287097450727e-38,6.58190844656833e-39,-7.363708437738906e-39,-5.3383775012631e-39,-1.2239011947122623e-38,3.3263016791979495e-39,0.04165520519018173,-0.8902220726013184,-0.4449092447757721,-0.08513905853033066,0.010603743605315685,-0.014144404791295528,0.012011507526040077,-0.008115094155073166,0.3390486240386963,0.9219978451728821,0.1869918406009674,0.0,-1.6289362503965465,-1.6760997803657245,-0.666384292895579,0.3759806631821406,1.8670854489181725e-15,1.0570463944390005e-15,-3.572675191370692e-22,1.6760830555933078e-22,2.0741190242604773e-30,1.1289962278189688e-30,0.7945429982313704,0.20540302644057282,5.397532805673233e-05,28.896177291870117,-1.245079312282746,-0.6744907880577343,-0.6293320935741938,-1.4360622663502767,0.2016154588968081,0.5242821386686629
255.0,1335.0,0.48658850548289,0.05950497546428867,0.4534774416315892,0.0004290774212321705,1.5380428055193408e-12,0.9996346733792963,0.0003100859486378151,5.524067206581016e-05,0.000577737302652753,0.7928329647427105,0.2065892979546367,1.9280327948690355e-05,2.40329614415773e-06,8.941933507887156e-06,0.1547537537587912,0.845178553633011,3.706705059712012e-05,0.48641074174850873,0.047177506114294235,0.3832694082233847,0.9319526386706537,0.0008499738319407121,clean_balanced_ED_EQ,-4.756103831266582e-31,1.4236819523399565e-30,-5.795287868248251e-33,-2.579374016527082e-32,7.958194292659412e-33,7.82138326732326e-33,-3.775638762791902e-24,2.3762374638200235e-25,1.1817033985785366e-22,-7.533996166697621e-23,6.792472609874993e-23,2.2448493335176728e-23,-4.998051493748177e-39,1.394325961503928e-38,-8.241613019695448e-41,-5.228846183850034e-39,5.080468497434592e-39,-8.714414988100352e-39,2.5369550202022042e-37,-9.033973390173632e-37,-1.2327935631669794e-36,-1.813547489525343e-36,-8.816143724938163e-40,-1.449550741445227e-38,1.1692987830701909e-29,-9.380342739659671e-30,-1.7580050511046242e-30,3.0824644001178068e-30,-9.934983682988389e-30,6.2978776168289814e-30,3.178999328084114e-30,-1.333750274824064e-30,1.1974313938522177e-29,4.9010918726244945e-30,1.0461283440596947e-29,2.6973733446463038e-30,9.028091220513188e-39,-2.2313599862609742e-39,-7.079677440815547e-39,-3.4217426965454165e-39,-8.726062985267425e-39,4.912604101529584e-39,-0.2269178181886673,-0.8609169721603394,-0.4351924955844879,0.13253657519817352,0.00624751765280962,-0.011675121262669563,0.00873758178204298,-0.010405778884887695,0.3558207154273987,0.915655791759491,0.1869918406009674,0.0,-1.9100099318829078,-1.4271868037399622,-0.5123583228519509,0.5792450594521228,1.9761337875767054e-15,6.91170800074404e-16,-3.5435811809440877e-22,2.4685868421943714e-22,2.788994016929856e-30,9.236719920882868e-31,0.7928450690985518,0.2071430775479147,1.1853353533486377e-05,20.525575637817383,-1.2508564656323726,-0.41787445705697285,-0.8496346361372983,-1.2498870917383837,0.22080006153481316,0.3463237534887252
255.0,1355.0,0.49952867887762425,0.0312048369084316,0.4689478016848541,0.00031868252909003403,1.281735591815403e-12,0.99969512940298,0.0001839769312047305,0.00012089366581534261,0.0010599906782750364,0.8969856549974261,0.10195435432429897,8.357826224965547e-06,1.1738223294089902e-06,3.8789008360036205e-06,0.1356266777656657,0.864332682913443,2.7228771500878713e-05,0.4993763872710662,0.027990291073397375,0.40532691157663114,0.9387805375629656,0.0002264004760882747,clean_balanced_ED_EQ,-3.158182939869929e-31,1.3950113798595132e-30,-7.351000170218278e-33,-1.7957093481791674e-32,1.1645367261149385e-32,1.0572835912191664e-32,-3.2663233831958403e-24,1.228742575347381e-24,7.538553283367704e-23,-6.799165559673473e-23,3.3147042386298254e-23,8.524661280045518e-24,-2.48119484183181e-39,9.135255213715262e-39,-6.364042801686358e-40,-3.4900194120371574e-39,3.1175956266378594e-39,-5.6452276884765337e-39,1.4461095629574563e-37,-8.403301300190451e-37,-1.4701877435239583e-36,-1.5722785547102362e-36,-5.2553470075214285e-39,-1.0878843603289644e-38,8.202185871229558e-30,-9.073884957015005e-30,4.415136794101257e-31,1.2865900388312394e-30,-8.643698975386304e-30,7.787292425419125e-30,2.3836436769506814e-30,-1.603962505117764e-30,1.040906875800395e-29,3.006740495610393e-30,7.542245991178006e-30,1.2173201362355227e-30,-1.6307502507759325e-39,-4.346018735300874e-39,-6.32677990667619e-39,-2.235340072061245e-39,-6.593180354882554e-39,5.445389360717369e-39,-0.42081499099731445,-0.802307665348053,-0.33768436312675476,0.2548999786376953,0.0028267111629247665,-0.009310131892561913,0.006975850090384483,-0.00975203886628151,0.37198445200920105,0.9092093706130981,0.1869918406009674,0.0,-2.0691424946134647,-1.2042766318627531,-0.33527113251232227,0.6311269263185567,1.9655357073367247e-15,4.679257212387555e-16,-3.287490387946839e-22,3.1057639759107605e-22,3.2416873877230686e-30,7.147985664468329e-31,0.8208775153761687,0.1791484929563525,2.600833252119905e-05,17.17922592163086,-1.207575293655217,-0.27338441435613203,-0.9835548612292113,-1.0518535625831047,0.1963230904979771,0.217672604893224
255.0,1375.0,0.5032360776452598,0.015277716040021296,0.4812412317662006,0.00024497454851830875,1.1051957746717765e-12,0.9997210961605253,0.00010083508894203139,0.00017806875053264794,0.002221956936931501,0.9793086488183466,0.018469394244721937,3.847215203378168e-06,5.655536991493756e-07,1.9182876549143837e-06,0.14480418817794322,0.8551669801567914,2.250060870792497e-05,0.5030957231710423,0.014961599452183635,0.4115416108964363,0.9562931855323701,0.0011358492120601654,clean_balanced_ED_EQ,-2.1666239231769264e-31,1.3555391010373923e-30,-7.181990946789429e-33,-1.1768116566860775e-32,1.4753150835757406e-32,1.0862598451008145e-32,-2.9399392173215094e-24,1.6687148031157093e-24,4.498609808503277e-23,-5.489061447036248e-23,9.09097553693483e-24,3.513542071532882e-24,-1.522204970537317e-39,6.126686541992428e-39,-7.606533309480398e-40,-2.29782311081288e-39,2.2828523761664478e-39,-3.828860607093499e-39,8.811174181699292e-38,-8.615401188129412e-37,-1.634746478111238e-36,-1.3255005605354347e-36,-7.436457828564545e-39,-7.825680268626813e-39,5.477539874683299e-30,-8.311238556212521e-30,1.810907904550385e-30,-5.0049506547759805e-31,-7.288447779233683e-30,8.81173448582287e-30,1.8502389575315516e-30,-1.752814801285201e-30,9.098801418871477e-30,1.9267073862591294e-30,5.188944341629974e-30,5.974438978797048e-31,-9.08163110549694e-39,-4.478595507083396e-39,-5.668895052405087e-39,-1.5103781815648448e-39,-5.060424814560001e-39,5.6678330497281196e-39,-0.5749829411506653,-0.7249603271484375,-0.21964380145072937,0.30871522426605225,0.00045451903133653104,-0.006736663170158863,0.006220731418579817,-0.008963009342551231,0.38756629824638367,0.9026772975921631,0.1869918406009674,0.0,-2.164351924324983,-0.9994102280574971,-0.18289272545867552,0.6026024819165996,1.921861906792426e-15,3.2425161748462993e-16,-2.9095169446396865e-22,3.5987607698682722e-22,3.5619773398519575e-30,5.388359945421074e-31,0.8562184477716571,0.1436675222452231,0.00011402998311971224,15.563578605651855,-1.1563388448856875,-0.18482324875105124,-1.062060839763881,-0.8611501889004016,0.15618900391247587,0.12800610664695672
255.0,1395.0,0.48201464123582166,0.008340038882650851,0.5094558463740732,0.00018947350745422844,1.004154636337962e-12,0.9997371807789607,3.147552702094143e-05,0.00023134369401835706,0.004032312361778024,0.8091296390499501,0.18683804858827194,2.5496832430013915e-06,5.35558610114698e-07,1.1012761939669799e-06,0.2239408377583335,0.7760371012199467,1.787450367267706e-05,0.48188795852328253,0.006748172650781831,0.3953566382196902,0.9461362445174444,0.0032269530640175485,mixed_higher_order,-1.4948361211911333e-31,1.3096357677876411e-30,-6.313413768119482e-33,-3.852743774274618e-33,1.7279748830806402e-32,1.0172196497412523e-32,-2.7584524666196805e-24,1.8134977104960347e-24,2.3953110364344123e-23,-4.016246569106027e-23,-2.240775471764262e-23,1.6870022117711175e-24,-9.858080089143886e-40,5.1702974922347807e-39,-8.689152532818743e-40,-2.2503649785353336e-39,1.854724628124633e-39,-2.919932170215468e-39,5.147432421146052e-38,-1.101804981024793e-36,-1.7448871898704895e-36,-1.0823198520634058e-36,-8.185953020170656e-39,-5.486220937284793e-39,3.223275156622561e-30,-7.374641323803736e-30,2.645754419200938e-30,-2.105889873165551e-30,-5.869029575823499e-30,9.480529042811193e-30,1.4700457361921894e-30,-1.8265741952001797e-30,8.231639516463558e-30,1.2614891970369157e-30,2.523150080473889e-30,3.366253307182768e-31,-1.6152505191507174e-38,-3.9430358322815544e-39,-5.3173831473077606e-39,-1.0441495024465008e-39,-3.805173603889462e-39,5.707822948408385e-39,-0.7001696825027466,-0.6312360763549805,-0.10606598854064941,0.31627902388572693,-0.001166749163530767,-0.004212455824017525,0.005813624244183302,-0.008296312764286995,0.402591735124588,0.8960769176483154,0.1869918406009674,0.0,-2.2146799749190658,-0.8068407775194766,-0.06385369722603526,0.5317718199939542,1.8679147037975113e-15,2.248339505271297e-16,-2.4645917657135973e-22,3.960089889827473e-22,3.7947528700518955e-30,3.9088804810693274e-31,0.8887156744757074,0.11138504190754885,0.00010071638325626076,15.024863243103027,-1.101164200809092,-0.12568838322984074,-1.1013448386381273,-0.6831429502981723,0.1126422251111303,0.06718042837625812
255.0,1415.0,0.05133795247603513,0.11409028725729096,0.8344299994607906,0.00014176080588335871,5.169498766389179e-12,0.9911420060108616,0.00831122676312443,0.0005467672260139818,0.0001252202365215541,0.0032809791730584008,0.99659380059042,4.148329641927893e-06,1.1371031952774178e-06,9.575613584211807e-07,0.9199126803064809,0.08007688623541158,4.190463911908895e-06,0.050883201201587736,0.0003743278563394219,0.06681855613823627,0.06152457666815642,0.0960420122061412,EQ_dominated,-1.4208838301107667e-32,9.998158421801299e-31,8.517499177995679e-33,9.116777094317078e-32,1.9898088647046698e-32,1.2475097193168375e-32,-4.5294832609937115e-24,2.1711332022804307e-24,5.060545395602047e-24,-2.52083315863225e-23,-4.458628494307916e-22,4.4780899049860943e-23,8.512213040483919e-40,2.0328016615420832e-38,-1.3535171318462301e-39,-1.05658439479116e-38,5.023002154200229e-40,-9.76220621134587e-39,-6.275030393482265e-37,-6.745686598857648e-36,-1.8333450068419092e-36,-7.963640336574069e-37,-9.816589368329319e-39,-1.0616648981379447e-38,-3.404379119979576e-30,-5.842984252407137e-30,5.881622946945329e-30,-3.966749994854817e-30,-2.4772575092230257e-30,9.809734247261954e-30,1.14927426507811e-30,-1.9099261319735557e-30,1.2566255748926267e-29,-7.951336066271557e-31,-2.2212119425133693e-29,2.3920510240194723e-30,-7.000909907380588e-38,3.52121387089827e-39,-1.0536701157598222e-38,7.083480049302594e-40,-1.7342433585471528e-39,5.619696498795723e-39,-0.8176553249359131,-0.43974870443344116,0.0014539062976837158,0.3715951144695282,-0.0031907260417938232,0.0030484949238598347,0.004821785259991884,-0.004074400290846825,0.417084664106369,0.8894236087799072,0.1869918406009674,0.0,-2.179314661152496,-0.5149705295553013,0.10533430933468645,0.5125459811132553,1.7008595154074706e-15,1.4351921713631674e-18,-1.917501574023022e-22,4.263535538424425e-22,3.621506672485658e-30,-5.336829087324818e-32,0.8619586275009181,0.13812489329196773,8.352079288576064e-05,80.47374725341797,-0.8287801444139324,-0.01177817210164252,-1.1246974284463438,-0.4885433878615719,0.06970159621800202,0.013992520314137167
265.0,1300.0,0.3039087073266912,0.3762016246391075,0.31876531544858655,0.0011243525856148245,3.238400769962787e-12,0.9811288987874686,0.0006557259567182542,0.01821537525581324,0.03990232602174679,0.2919424084041267,0.6681552655741265,0.00018322628548262757,0.00011664098447736044,3.659730671691943e-05,0.31764941990857465,0.6604829163500993,0.021531199164649337,0.2981736153513596,0.10982920834268631,0.21053904517874178,0.9533932727248313,0.04786254027739413,mixed_higher_order,-1.3419857601580074e-30,9.021959858957306e-31,2.1337251962877776e-32,-3.5949245060186284e-32,2.199632366370003e-31,1.2782645611760163e-32,9.22569889027683e-23,-5.762157418473049e-23,2.9397023712705187e-22,1.2104024948421783e-23,2.5359717651030297e-22,3.6579482549633013e-22,-4.1200287643743607e-38,3.055673258001462e-38,4.02047107174727e-38,-7.653523648551022e-39,9.955562032810873e-40,-2.2903183389504403e-38,1.2109208906059737e-36,-9.024606183837029e-37,-7.863336820101096e-38,-2.176274549301551e-36,2.9783527987968356e-37,2.5669239383905896e-37,2.5358472455524744e-29,-3.185602723502878e-30,-1.2020009943642262e-29,4.1961543390184276e-30,-1.3338465111288587e-29,-1.0105516155155491e-30,-3.3009110785743216e-30,2.8162121695359995e-29,1.1984850376679236e-29,1.4386177836467258e-29,1.5107275184675344e-29,1.9905555303778316e-29,4.899504967165934e-38,5.531901387442876e-38,-8.196532601385322e-39,-6.636642530807524e-39,-9.32616060047272e-39,-5.369067486949645e-38,0.6377708315849304,-0.6213310360908508,-0.06932047009468079,-0.43274784088134766,0.0955137312412262,-0.022318905219435692,-0.08175934851169586,-0.0039443569257855415,0.2809019386768341,0.9413437247276306,0.1869918406009674,0.0,-0.7441265850956621,-1.8364670314352822,-0.5359823517321728,-0.20234698998266654,1.0295467869625717e-15,1.6394202404587117e-15,-2.820283810591946e-22,3.600251327767355e-23,8.702303331384839e-32,1.1067759808659954e-31,0.8024248964160792,0.19877617038223067,0.00120106679830978,65.24061584472656,-0.8140166760476854,-1.2108220440623854,-0.057151095018936816,-1.5817263891899236,-0.036428519283550745,0.884738795368156
265.0,1320.0,0.43442751376558314,0.1500577020417581,0.41487725179000007,0.0006375324026587518,2.0987011132735946e-12,0.9992813354815759,0.000558561466505056,0.00016010305191888988,0.0008428505415723687,0.6375991019717459,0.36155804748668163,5.783825957084878e-05,1.0216274103311556e-05,2.1440619701945065e-05,0.21091411213759212,0.7888402452119309,0.0001561474971008591,0.4341153061256126,0.09567665606576878,0.32727187303487565,0.95499764320606,0.008670883609748407,mixed_higher_order,-8.61416000608177e-31,1.3713326474382352e-30,5.025485712138911e-33,-3.7956239871126347e-32,6.199190618051123e-33,-1.953859751798766e-32,-3.607862549341816e-24,-7.460207449862014e-24,2.2240719277551493e-22,-4.9834905744954584e-23,1.4662193080495739e-22,8.921884658507535e-23,-1.534523718242985e-38,2.30714334864304e-38,3.4292780858127524e-39,-1.1129007656318757e-38,1.1915951220683943e-38,-1.194240994251813e-38,5.845831698600285e-37,-1.028659380411455e-36,-5.8730675476163344e-37,-2.211505253275164e-36,2.5206601836892704e-38,-2.0025190391754564e-38,2.031134753540359e-29,-6.876603298462056e-30,-8.456037675356516e-30,4.532789005816638e-30,-1.1855312623146104e-29,2.3438130837895935e-30,6.541103669874924e-30,6.083724952033492e-31,1.3111938285287477e-29,9.516390742716537e-30,1.421362869565082e-29,7.747697207147684e-30,2.9770631740137876e-38,1.0866491777986713e-38,-7.265222329923298e-39,-5.876974012591266e-39,-1.775467168063971e-38,1.4165060014225583e-39,0.19590750336647034,-0.8141358494758606,-0.4981846511363983,-0.22403885424137115,0.01226766500622034,-0.015985609963536263,0.012410656549036503,-0.00426526740193367,0.2991158366203308,0.9357155561447144,0.1869918406009674,0.0,-1.4150000512862317,-1.7482254466681582,-0.8123159787633178,0.29040759497557295,1.803456399405695e-15,1.1799075455601442e-15,-3.5701623463684783e-22,1.0557693852976781e-22,1.2634663018655612e-30,7.830280258141308e-31,0.7016029666076758,0.2985535717396694,0.000156538347345192,29.859630584716797,-1.218553630771335,-0.7654463686156017,-0.41402018509704813,-1.5589941829899263,0.14771165730169425,0.6592193674212927
265.0,1340.0,0.475317742302367,0.07747468341448067,0.44674637484399526,0.0004611994391570123,1.6369530478705913e-12,0.9996587069661956,0.0003270378277656398,1.4255206038695716e-05,0.0004288656130852218,0.814285905095256,0.18528522929165872,2.096221041635218e-05,2.891963397044777e-06,9.194271443706615e-06,0.15832315573170194,0.8416021380705981,4.165775244276346e-05,0.4751555196680756,0.06308654270612882,0.3759827042439953,0.9398899621967057,0.0013247044806248603,clean_balanced_ED_EQ,-5.605075038382674e-31,1.4365249266097873e-30,-4.367237347274515e-33,-2.754658395180091e-32,4.907751236391494e-33,3.133877370987225e-33,-3.746045364657457e-24,-9.543604014784098e-25,1.5378239517488296e-22,-6.87346964572429e-23,7.49781413119409e-23,2.888722684291247e-23,-6.136407315135541e-39,1.4768982159129877e-38,2.9588777035110524e-40,-5.932944820200687e-39,5.8405216900783844e-39,-8.836044504935382e-39,3.1714240343051274e-37,-9.302368467889618e-37,-9.769491784558172e-37,-2.044537478702873e-36,3.6960567255769414e-39,-1.5507758248343885e-38,1.5188587054365324e-29,-8.498042301477767e-30,-4.1677880424375154e-30,3.663124459391234e-30,-1.1020797911526277e-29,4.834918208887044e-30,3.827039538011229e-30,-9.116624036133009e-31,1.2310533797633666e-29,5.837992893474239e-30,1.0658305106025262e-29,3.4769959418433275e-30,1.1957236479801043e-38,-5.814633062911093e-40,-7.215015774557475e-39,-3.954422557206374e-39,-1.1142070491595957e-38,4.141624890113188e-39,-0.06508200615644455,-0.832525908946991,-0.5491393804550171,0.026489567011594772,0.007830645889043808,-0.012084735557436943,0.009408589452505112,-0.009610738605260849,0.31667834520339966,0.9299187064170837,0.1869918406009674,0.0,-1.7333247674394154,-1.5494425978474795,-0.6911899379387452,0.5648765718008149,1.970396745151053e-15,7.995959360974707e-16,-3.755950132589648e-22,1.851478080131417e-22,2.1032177207269995e-30,8.01973133257406e-31,0.6975424164418937,0.3024366441790062,2.0939379100082256e-05,20.355688095092773,-1.2574309094840106,-0.4906280756208656,-0.6682927613825173,-1.398588204508313,0.20069025354214715,0.4490108994249263
265.0,1360.0,0.49456367448553823,0.041827107431672915,0.4632684357519556,0.0003407823308334199,1.3588943643944043e-12,0.9997276157573167,0.0001950990518106714,7.728519087263297e-05,0.0007425067319962018,0.9054973718687903,0.09376012139921344,8.765916339359409e-06,1.2568153521102072e-06,3.933238848213599e-06,0.13716730903396193,0.86278834784514,3.0387150358391582e-05,0.4944289631336048,0.037874335852253374,0.39970260829123216,0.9367215176768957,0.00014439010107952007,clean_balanced_ED_EQ,-3.8206586252828725e-31,1.4259601802729495e-30,-6.775316140414686e-33,-1.9478128044757382e-32,8.520122608740114e-33,9.792030352897546e-33,-3.441674168852706e-24,6.768569241468267e-25,1.0223686865178592e-22,-6.746566810674867e-23,3.784879085560657e-23,1.1002914114961498e-23,-2.994367082116256e-39,9.574389757715299e-39,-4.0343760987148566e-40,-3.7770133919132634e-39,3.397798829850399e-39,-5.797382697148518e-39,1.9035822038254468e-37,-8.66673699089879e-37,-1.2552186051684512e-36,-1.83764853326949e-36,-2.9190801736822546e-39,-1.2880429620055254e-38,1.1068894301109597e-29,-8.753690806817763e-30,-1.0645689575707363e-30,2.1907701265874523e-30,-1.0004325148941755e-29,6.562921264021626e-30,2.757756036903173e-30,-1.291547313260225e-30,1.0858302091982857e-29,3.65094916161956e-30,7.872667201284737e-30,1.700933600906086e-30,5.40339852395182e-40,-3.801952821013009e-39,-6.564222576779993e-39,-2.6189288557858636e-39,-8.221416486592903e-39,4.903145800979489e-39,-0.2561587691307068,-0.8138993382453918,-0.48438122868537903,0.19240738451480865,0.004274746868759394,-0.009978238493204117,0.007153289392590523,-0.009204822592437267,0.33361706137657166,0.9239770174026489,0.1869918406009674,0.0,-1.9255304340626815,-1.361155742497851,-0.5157860165785823,0.6785693761234922,1.989390876015419e-15,5.556375408511142e-16,-3.674588025596494e-22,2.539809841184303e-22,2.7004591968010926e-30,6.9809979361459045e-31,0.7281672865030647,0.27178167462667935,5.103887025592613e-05,16.647981643676758,-1.2298276515344255,-0.32951492541306254,-0.8335774027017866,-1.2203629591962253,0.1940881310325069,0.29411941386016016
265.0,1380.0,0.5016622616799892,0.021458979060610003,0.47661872458071525,0.00026003467868557494,1.1717020403176554e-12,0.9997504718649672,0.00010921420318671203,0.00014031393184604278,0.0014280752142434511,0.9742117881733586,0.024360136612397953,4.252192604996304e-06,6.761499114547139e-07,1.9351062103446964e-06,0.14118262202083764,0.858784775294984,2.573923545144489e-05,0.5015370828314157,0.020905590363011532,0.4093129042904314,0.9500788896988045,0.0007700584681358739,clean_balanced_ED_EQ,-2.6644197528915195e-31,1.3963427642318335e-30,-7.039950703820325e-33,-1.3083973251121067e-32,1.1947241984347743e-32,1.1869102000329896e-32,-3.0780293893814416e-24,1.273952432340324e-24,6.494950436348815e-23,-5.789577735583131e-23,1.3075697905175702e-23,4.280505622184473e-24,-1.751954536457064e-39,6.648281616695972e-39,-6.295180596513141e-40,-2.6683416296607442e-39,2.3814809595961664e-39,-3.979940499640727e-39,1.2257308167207333e-37,-8.773230586824531e-37,-1.462996529565929e-36,-1.622630747013939e-36,-6.216088648738196e-39,-1.0218797193747624e-38,7.864042159606212e-30,-8.366545223706005e-30,1.0202782356518594e-30,5.2552303932727865e-31,-8.884320188959087e-30,7.841023319023136e-30,2.1644121920499188e-30,-1.4842944708314376e-30,9.556651877090401e-30,2.346365419941884e-30,5.5917409629399346e-30,8.7549606176311e-31,-7.429528987955161e-39,-4.459360177721609e-39,-5.922588543453334e-39,-1.7661864252634685e-39,-6.412324721830839e-39,5.263166819965157e-39,-0.41313034296035767,-0.7736119627952576,-0.38172027468681335,0.291462779045105,0.0015001461142674088,-0.007985927164554596,0.006207623984664679,-0.008034014143049717,0.3499580919742584,0.917912483215332,0.1869918406009674,0.0,-2.0536401508594375,-1.1821993496490106,-0.34885502299760934,0.7021577298112591,1.9618856965776733e-15,3.9137897910311233e-16,-3.4418408459325126e-22,3.1139551090835462e-22,3.14938659459695e-30,5.673358833601467e-31,0.7692181747255153,0.23076399965445762,1.7825620027056566e-05,14.941177368164062,-1.1868305483834782,-0.2264640772631235,-0.9436034170386896,-1.0465642853771346,0.1641431879711204,0.18414155902672844
265.0,1400.0,0.4880967843254802,0.010771947761778141,0.5009300644095942,0.0002012035031473248,1.0553400008253453e-12,0.9997626382549551,3.98278296791802e-05,0.0001975339153657417,0.00305858910941831,0.9332949689354704,0.06364644195511145,2.5204562086605157e-06,4.999558093061488e-07,1.0429632923969133e-06,0.19783608781162434,0.8021375193042649,2.232950880038941e-05,0.48798092882100197,0.010053404651703238,0.4018147992104376,0.974381094296587,0.0024366280694174554,clean_balanced_ED_EQ,-1.8490038218499841e-31,1.3570599540698589e-30,-6.432429027756453e-33,-5.775000590998114e-33,1.4899991266079657e-32,1.2190665469453074e-32,-2.989366504907528e-24,1.5640526345065206e-24,3.810763112218529e-23,-4.4956377308425865e-23,-1.533520101894355e-23,1.3009757553154806e-24,-1.254215203158816e-39,5.2289161461561035e-39,-6.1073022057603884e-40,-2.3157052863021713e-39,1.8649513998475424e-39,-2.9132128157429528e-39,8.307978080317277e-38,-1.0620185680127987e-36,-1.6215431361401765e-36,-1.4041545889190001e-36,-7.966382383877813e-39,-8.038568027806631e-39,5.2550786069100614e-30,-7.677443437863029e-30,2.3914412896150256e-30,-1.125248544100719e-30,-7.64652011504594e-30,8.802692965307582e-30,1.7651092844636845e-30,-1.607728490860075e-30,8.602869631430827e-30,1.5357669520256221e-30,3.166746061545162e-30,4.676113509433097e-31,-1.4471648071416524e-38,-4.188664861776478e-39,-5.5049720361822535e-39,-1.2153527242640371e-39,-5.04495895785289e-39,5.445352644412782e-39,-0.5483167171478271,-0.7141346335411072,-0.2686719000339508,0.3421837091445923,-0.0004812795377802104,-0.005630088970065117,0.005872052162885666,-0.007269584573805332,0.36572691798210144,0.9117443561553955,0.1869918406009674,0.0,-2.1393742544904764,-1.0073782791605788,-0.20340771158332682,0.6725032726109462,1.9163713914280202e-15,2.732665578332479e-16,-3.1103455424186473e-22,3.5845810326470943e-22,3.494995745285752e-30,4.324380394338995e-31,0.8106714266584659,0.18936160852828354,3.303518674946382e-05,14.31063461303711,-1.1369641292410406,-0.15491216979532238,-1.0161944453323757,-0.8799606139642674,0.12563722422206952,0.1064973933069241
265.0,1420.0,0.25837351160862343,0.04890196533642795,0.6925888947057655,0.00013562834918316505,1.5607115716368394e-12,0.9992088619758074,0.0004898866860407014,0.0003012513381519807,0.000570035473290463,0.048465538505313904,0.9509644260213955,3.0466597649235752e-06,8.805498217200939e-07,7.588641966650584e-07,0.6530724288582268,0.34691106594563925,1.1819122350626714e-05,0.25816910249914565,0.0023700600839981745,0.2402667517244892,0.3730546556314464,0.015113267872989996,EQ_dominated_with_ED,-9.491346700469494e-32,1.2427010728993273e-30,-3.811591577900605e-33,2.7331709884896235e-32,1.7486417843660937e-32,1.27488731377902e-32,-3.472970977900684e-24,1.735609890396228e-24,1.778753445581356e-23,-3.10678878286722e-23,-1.5855168501608573e-22,2.901374248094386e-24,-6.7415551710967434e-40,8.795375608350953e-39,-8.507000031876136e-40,-4.6654007853586774e-39,1.524860998428835e-39,-4.129957148133526e-39,-5.981882231821431e-40,-2.8878863448173986e-36,-1.7480112191967352e-36,-1.172430105990633e-36,-9.1345114455746e-39,-8.215452616363595e-39,1.715690635687929e-30,-6.825473608241049e-30,4.0547533619676526e-30,-2.7103479279282013e-30,-5.770447235546068e-30,9.535820611057683e-30,1.4620664425971687e-30,-1.7081088838357383e-30,9.398939253293806e-30,6.726899617184811e-31,-5.656097895122434e-30,3.806947426803363e-31,-3.452742097628645e-38,-2.8016952217321848e-39,-6.885625275858628e-39,-5.739534907760022e-40,-3.598697097463325e-39,5.5319734075912174e-39,-0.6719601154327393,-0.6162451505661011,-0.15867486596107483,0.37876516580581665,-0.0023778232280164957,-0.00214760797098279,0.005491297226399183,-0.005755025427788496,0.380947470664978,0.905490517616272,0.1869918406009674,0.0,-2.1809421042694908,-0.8058698269959287,-0.06266243010285907,0.6321502601852449,1.83741332443388e-15,1.416216478355992e-16,-2.698454565054332e-22,3.9750283864486118e-22,3.67314942584446e-30,2.164699394786458e-31,0.8312987485919177,0.16870403857857597,2.787170493512292e-06,22.445363998413086,-1.026488510636316,-0.0783998545665303,-1.0648094793757379,-0.7141914634495378,0.0856009224957949,0.049009748159904214
275.0,1305.0,0.26720516814933487,0.429106509289843,0.30294165781372434,0.0007466647470978212,3.554901947186839e-12,0.9936575039046616,0.001613471040496255,0.004729025054842326,0.004976476142150652,0.33502734462560557,0.6599961792322439,0.00029528061098812634,8.29620907505187e-06,0.00022210358441774063,0.3146712838308996,0.6823952906022811,0.0024077451623383986,0.26551042041369344,0.14376241436893886,0.20672596061933324,0.8820350759209106,0.0594338014443831,MD_contaminated,-1.4115414092224573e-30,7.765993500662718e-31,4.4885900702442616e-32,-4.6902461165674137e-32,-2.059580471204307e-32,1.0921816847136344e-31,-1.710246107276489e-23,3.979569771505609e-23,3.479147902168823e-22,7.255799201094612e-23,2.5445174487017183e-22,4.290464502113666e-22,-5.555561675712223e-38,3.795141959134126e-38,1.1277430681746975e-38,5.321190302924666e-41,4.427821146963152e-38,-3.8004629984315453e-38,1.3236900775309206e-36,-8.123086108184782e-37,2.9570557166073634e-37,-2.2678660402452555e-36,-1.3214154008547796e-37,-3.153294702486947e-38,3.0336846550620515e-29,2.0204427522840124e-30,-1.919620038586051e-29,3.5486040698246264e-30,-1.1140644844945868e-29,-5.569045502294501e-30,-5.0133869226019494e-30,-3.0228168435155095e-30,8.18480757906895e-30,1.5930264869395592e-29,1.316841124588117e-29,2.095733661484005e-29,4.865995402784166e-38,6.579767697689883e-38,-3.1195311848248855e-39,-9.01127923395327e-39,1.2426252654982726e-38,2.4821347873069318e-39,0.7176411151885986,-0.4574665427207947,0.011817887425422668,-0.5230702757835388,0.006791821680963039,0.024480024352669716,0.025836829096078873,-0.030288027599453926,0.23994877934455872,0.952606201171875,0.1869918406009674,0.0,-0.5254306000447946,-1.7607086696367316,-0.5332279378312166,-0.33616029749007176,8.449950123081703e-16,1.6738127309043405e-15,-2.4727757728093316e-22,-1.2603935495996554e-24,-5.0886228141539545e-31,-9.935917116133305e-31,0.7249298083521055,0.27532708222507263,0.0002568905771780372,67.28313446044922,-0.6980110130922115,-1.2686998115423302,0.2132764316930057,-1.6356890873066958,-0.2175353318520727,1.0430795732971232
275.0,1325.0,0.404718561591546,0.18738361805197193,0.40711504388141206,0.0007827764750699087,2.2803943187417213e-12,0.9946962783839772,0.0005202553403100661,0.00478346627571273,0.00562849339045677,0.6789518039622419,0.31541970264730135,4.67061094002855e-05,3.293916579980157e-05,4.3479356181715705e-06,0.20962321426842706,0.7894935052760297,0.0007992872447249433,0.40257204700802734,0.12722444550935805,0.32141468304454063,0.9941135010216814,0.011057681312247951,mixed_higher_order,-9.569694660584996e-31,1.329307410060857e-30,9.194915955300694e-33,-3.631338785591308e-32,4.399608700180371e-32,-1.0471909138981495e-31,8.929610796730814e-24,-2.3494085691464676e-23,2.7493985047542684e-22,-2.469328970549125e-23,1.535671628526429e-22,1.0871078965184671e-22,-1.6927962673484725e-38,1.974025280823442e-38,8.995354376106687e-39,-1.9899564676677848e-38,7.932598170569953e-39,1.5933606368153174e-40,6.773009539428875e-37,-1.0289685338332699e-36,-2.898169504230715e-37,-2.3730443222006166e-36,7.578775030279592e-38,6.515317143109109e-39,2.50305061312556e-29,-4.41273838289284e-30,-1.2498942214901999e-29,3.5059001761707036e-30,-1.253157092936019e-29,9.068361028201597e-31,1.4037311132565238e-29,6.129243628984339e-30,1.2703461123469536e-29,1.0130792253670127e-29,1.3718599437701284e-29,8.83067410496914e-30,3.2945483869907276e-38,1.5520797018940706e-38,-7.218400013406043e-39,-5.7890878004069345e-39,-3.935424148801116e-38,-9.571577711279473e-39,0.31121933460235596,-0.7155489921569824,-0.5057070255279541,-0.36632949113845825,0.016932373866438866,-0.03127763047814369,0.006148615386337042,0.014096268452703953,0.2589378356933594,0.9476208090782166,0.1869918406009674,0.0,-1.215112575730614,-1.770601834449052,-0.9194661068093111,0.17252478751535202,1.7183326682223995e-15,1.2859326312388495e-15,-3.4227147005426433e-22,5.211433581726504e-23,2.8804883965980733e-31,1.6866284521346e-31,0.6101328298602866,0.39017340200155237,0.0003062318618389792,31.452272415161133,-1.1767529920408288,-0.8471454186992752,-0.2027665946796412,-1.6602690613301385,0.07291521056134816,0.8118520184316813
275.0,1345.0,0.45858671982338256,0.09947135473419598,0.4414439898310031,0.0004979356114184633,1.7328911290452041e-12,0.999625817076752,0.0003441277581828745,3.0055165065084115e-05,0.0002777220220728529,0.8380674441860262,0.16165483379190096,2.172562022226145e-05,4.045942323296988e-06,8.133856075737912e-06,0.15911425297663193,0.8408170029940986,3.483861064816665e-05,0.45841512450399635,0.08336370403180919,0.37117361251946135,0.9626183462116353,0.0019301038984964984,clean_balanced_ED_EQ,-6.4443143136414e-31,1.43164358541207e-30,-2.6367329667346075e-33,-2.9010412314140494e-32,2.6954753945260493e-33,-8.175877700399011e-33,-2.3870960912035114e-24,-2.7662282445766023e-24,1.921977358211699e-22,-5.784791751019058e-23,8.039257357964344e-23,3.6164466187212264e-23,-7.592875367006404e-39,1.5030427354775167e-38,8.80316907317041e-40,-7.213403190752163e-39,6.7125549452063e-39,-7.817014093053549e-39,3.807194499715901e-37,-9.452207311244243e-37,-7.231658509592487e-37,-2.228060885406401e-36,9.96092496235441e-39,-1.1319846198299426e-38,1.8803861606568338e-29,-7.21134118456751e-30,-7.009174633238384e-30,3.797004159914503e-30,-1.17946854841065e-29,3.4143351631236916e-30,4.8879191630994224e-30,-4.351887887501649e-31,1.242497250429853e-29,6.732531272444677e-30,1.0508441699073996e-29,4.174106811746231e-30,1.4706115688727565e-38,1.3474141302247122e-39,-7.254718538275212e-39,-4.4147636062924753e-39,-1.4963421824734688e-38,3.2124035556524246e-39,0.06393516808748245,-0.7772948145866394,-0.6177881956100464,-0.09730014950037003,0.008986151777207851,-0.012566759251058102,0.01027443166822195,-0.00812904629856348,0.2772636115550995,0.9424217939376831,0.1869918406009674,0.0,-1.561003455658055,-1.6255247655773422,-0.8387588630102373,0.5066551506859003,1.940744783813244e-15,9.043180913781785e-16,-3.8096930097415767e-22,1.2906903994790314e-22,1.1856209221885357e-30,5.021449059664546e-31,0.6085136088634899,0.39130121906774046,0.00018517206876955683,20.286983489990234,-1.2484995530122525,-0.5619920783381255,-0.4910183504680345,-1.5128186421461,0.1682753512623084,0.5590891236738171
275.0,1365.0,0.48710029825524526,0.05473238526127714,0.4578038125708837,0.0003635039125938515,1.4239300779657672e-12,0.9997606848093928,0.00020599749158682035,3.3317699020287725e-05,0.00040879547273457294,0.9155250257227182,0.08406617880454728,9.420634036553679e-06,1.4652439976140633e-06,4.0339909013595915e-06,0.138148484889103,0.8618118063361793,2.4788905782169142e-05,0.48698372775452353,0.05010886842419648,0.39454073065930295,0.9398553320757568,0.00015417716542043847,clean_balanced_ED_EQ,-4.536057744417556e-31,1.4410942152688391e-30,-5.9259615535219726e-33,-2.0861136514566997e-32,5.50242202907809e-33,6.766798454383169e-33,-3.069679948660204e-24,-4.7515300909588263e-26,1.3059616713298726e-22,-6.366314231879859e-23,4.1757954662457764e-23,1.3946466196320367e-23,-3.761586626431124e-39,1.0016708480000477e-38,-1.6053879152208732e-40,-4.2167004409035644e-39,3.922122592279081e-39,-5.7999924269539624e-39,2.387283802625182e-37,-8.845515781505772e-37,-1.030765790239609e-36,-2.0430598165042898e-36,3.4202669865276004e-40,-1.2268098797180657e-38,1.3952659713053946e-29,-8.084895656903577e-30,-2.9494933863616043e-30,2.7894324827613745e-30,-1.1003165734268398e-29,5.295463174142202e-30,3.1378865701139743e-30,-9.90724384064485e-31,1.1137638070473827e-29,4.339452068526095e-30,7.900113099612643e-30,2.1637399852625257e-30,2.6727752086294236e-39,-3.077183108698945e-39,-6.702789480101104e-39,-3.014286417550122e-39,-1.0092415079321137e-38,4.33208330751989e-39,-0.11766543984413147,-0.7915364503860474,-0.591515064239502,0.0976976603269577,0.0056513771414756775,-0.0101142143830657,0.007431305944919586,-0.008790336549282074,0.29495254158973694,0.9370362162590027,0.1869918406009674,0.0,-1.7756628766526001,-1.4726316985814423,-0.678233927709036,0.6720740863863958,1.991336902407323e-15,6.490913573302081e-16,-3.885975631091457e-22,1.988572162827936e-22,1.9172328294193763e-30,5.710247225550906e-31,0.6405093434196383,0.3595673983803203,7.674179995853514e-05,16.12537384033203,-1.2383274137281504,-0.38978191679981544,-0.6795150429658364,-1.3468528856307582,0.18247798661183437,0.37432845394772923
275.0,1385.0,0.5002988635620232,0.02883519115914869,0.47059132728064973,0.0002746179981782775,1.2233475021566275e-12,0.9997814797883899,0.00011732001070824897,0.00010120020090177317,0.0010749927935726417,0.9720629423403016,0.026862064866125853,4.597287600833851e-06,7.638031427672992e-07,1.9512556920661605e-06,0.13963280795576433,0.8603317009487185,2.817874908158423e-05,0.5001895381484893,0.028029620761107123,0.40486463705107645,0.9406204202227003,0.0004997740086117655,clean_balanced_ED_EQ,-3.2601897515514597e-31,1.4242676824628207e-30,-6.67924149262313e-33,-1.4349229198908143e-32,9.151284148846422e-33,1.150417838547597e-32,-3.314159574709738e-24,9.522520000348856e-25,8.60012111745291e-23,-5.792864298424847e-23,1.640795202812611e-23,5.281947285283761e-24,-2.2118732699074104e-39,6.996165548622898e-39,-3.6308042461291198e-40,-2.968678389715495e-39,2.574960354455293e-39,-4.0274910213880945e-39,1.6325117945568732e-37,-8.89363337971859e-37,-1.2649710914307314e-36,-1.8540521150888783e-36,-4.560472621570237e-39,-1.2008429911903855e-38,1.023571655865007e-29,-8.062983816667509e-30,-1.4086527084625646e-31,1.3324572753826122e-30,-1.0094853380854936e-29,6.730527378505346e-30,2.416412032870027e-30,-1.2077139401160075e-30,9.883435124145981e-30,2.8594724434583494e-30,5.757567122068087e-30,1.1871415499336223e-30,-5.760179895116768e-39,-4.3212251784625907e-39,-6.094182250556293e-39,-2.074354781806076e-39,-7.741418973450604e-39,4.766375375299397e-39,-0.26918384432792664,-0.7814294695854187,-0.5135183334350586,0.23004241287708282,0.002804338466376066,-0.008320475928485394,0.006205953657627106,-0.0077707646414637566,0.31203070282936096,0.9314884543418884,0.1869918406009674,0.0,-1.926022572674723,-1.3214105245030117,-0.5120631902513662,0.7420800046316246,1.9839212289369112e-15,4.708068835671638e-16,-3.7905118166400153e-22,2.5974755573942463e-22,2.5079455088714854e-30,5.352833189275057e-31,0.6831690526176207,0.3167194891401439,0.00011145824223535161,14.239527702331543,-1.2061952403299998,-0.2761015649877086,-0.8100007772711566,-1.187207885221035,0.16364345587122525,0.24294605709195966
275.0,1405.0,0.4936197495279877,0.01437812842982385,0.4917901659388172,0.00021195610337144816,1.0965852506852044e-12,0.9997909575265571,4.7460683304295154e-05,0.00016158179013856923,0.0020295970003336283,0.9782677615187911,0.019702641480875225,2.412570953391668e-06,5.032392290867282e-07,9.692474637181417e-07,0.1832353921540087,0.8167381842258142,2.2538562530746143e-05,0.4935165620346061,0.01406565951387347,0.4016638071489815,0.9962935364905476,0.001862758174901261,clean_balanced_ED_EQ,-2.3309717970409686e-31,1.3947037440032382e-30,-6.390501900847795e-33,-7.353946009182044e-33,1.2217164375805223e-32,1.31869838013167e-32,-3.0081787172901714e-24,1.255834177212114e-24,5.355769708948084e-23,-4.7470414723652483e-23,-1.0097148010731022e-23,1.0971456512228006e-24,-1.3531106100233284e-39,5.197446601619373e-39,-5.6692897449076174e-40,-2.3864721004901697e-39,1.920042046006171e-39,-2.810982941537606e-39,1.2075225158585814e-37,-1.0396091579694057e-36,-1.4537464497355068e-36,-1.664038693728872e-36,-6.638286025254543e-39,-9.521927473408765e-39,7.264845032378319e-30,-7.658117469979693e-30,1.8100431435872847e-30,-2.2037937003891557e-31,-9.074889505921655e-30,7.878497394166963e-30,1.9751549707817067e-30,-1.3627170805273805e-30,8.919658808870842e-30,1.906819168945969e-30,3.551164196379483e-30,6.363816431969822e-31,-1.2914538488682691e-38,-4.4154009715680716e-39,-5.673189056533542e-39,-1.4441248697722708e-39,-6.17042764349107e-39,5.060694885882629e-39,-0.4032886326313019,-0.7518889307975769,-0.41493168473243713,0.31603190302848816,0.0006246889242902398,-0.006477537099272013,0.005632854998111725,-0.006669558119028807,0.32852280139923096,0.925800621509552,0.1869918406009674,0.0,-2.0358287791991065,-1.1698692795116672,-0.35763653925085975,0.7540266844172419,1.951964612696552e-15,3.3850622894721694e-16,-3.582191354914999e-22,3.124794782529365e-22,2.9856784831820858e-30,4.539127248798689e-31,0.7280210341886731,0.27212067878763924,0.00014171297631238033,13.498761177062988,-1.1643442594513338,-0.19459714240369239,-0.9045662928207354,-1.0354166729490175,0.13219096184069873,0.14914222960651066
285.0,1290.0,0.001970179222909199,0.879269095804985,0.1180956201224539,0.0006651048496519155,1.0249516235524181e-11,0.8859537443652361,0.06924595047890861,0.04480030515585527,0.0009514723437232056,0.18038015723212827,0.8186683704241485,0.0008441902533705284,8.758484093489325e-05,0.0003897438773209402,0.05613389004735791,0.9388603713622785,0.0036842196187372753,0.0017454876596069962,0.15860269775065447,0.11087529776442565,0.01668291525855329,6.669017930067117,MD_contaminated,-8.457676294804752e-32,-1.995515761097395e-31,2.128251738470766e-32,5.673214887317839e-32,-2.3823696728327284e-32,4.2518040229635974e-32,-4.4739163539993505e-23,4.679270267644058e-24,5.569542773978931e-22,2.7095186639734763e-22,-9.782692940237799e-22,8.854628206504543e-22,-7.960179674301377e-38,-8.505701198485457e-38,2.3327435669661455e-38,2.9391126219396976e-38,5.627435497085261e-38,5.566588990276891e-38,4.933356843273157e-37,4.5587506697011524e-37,9.942760256283358e-37,-2.5608476778279285e-36,-1.3127415912240353e-38,-1.7158465766017287e-37,5.274218970338093e-29,2.033178205536356e-29,-5.682398018797928e-29,-9.649687074392007e-30,4.0817930049408816e-30,-1.0682108842855415e-29,1.420318076952812e-30,2.797794111574759e-30,1.663142650863966e-29,-6.907008128093399e-31,-1.5075297727203623e-29,1.5179353848666885e-29,-7.871201632709559e-38,9.33236478193241e-38,-1.4630567099619706e-38,3.629610287627826e-39,-4.930560093097004e-39,-1.3300243159678577e-39,0.2834102213382721,0.8775926232337952,-0.12616878747940063,0.3585543930530548,-0.0035908527206629515,-0.04026392847299576,0.005687563214451075,-0.04362640157341957,0.17843304574489594,0.9660204648971558,0.1869918406009674,0.0,-0.13349255488128295,-0.0885817471325585,-0.04835916374036486,0.6095059561400419,1.6653179372930474e-16,-4.311395423585177e-16,-1.1998784789532533e-22,1.4894121014594315e-23,1.7790724606925647e-30,-1.0919309525205705e-30,0.8521242440727224,0.14641542700123034,0.0014603289260473051,140.56845092773438,0.18144341690141558,-0.07690190756155996,0.7338916202677466,-1.8902041315462192,-0.8217836520899063,1.6892148639269007
285.0,1310.0,0.22157214919906906,0.48511569864248255,0.29254537608876774,0.0007667760696807277,4.077906753871669e-12,0.9960903027261844,0.0017395909872684652,0.002170106286547163,0.0012794911765645848,0.40466807718267683,0.5940524316407587,0.0002938680921875468,1.0677183856434906e-05,0.00019462782642748822,0.2891027697374427,0.7097050837961562,0.0006929733639297831,0.22070586917139198,0.1963108369807843,0.2076209406512569,0.757394125182949,0.0730974303371918,MD_contaminated,-1.4510299754894523e-30,6.384708048579796e-31,5.165404187862841e-32,-4.148304469187168e-32,-3.018778977937004e-32,6.755641527554083e-32,-2.1164973772292216e-23,1.368451701717486e-23,4.204414915137285e-22,1.553458776618708e-22,2.330934692112806e-22,4.905032707693637e-22,-6.357991342810091e-38,3.2618303766879994e-38,1.3092334480013799e-38,-3.757847536548476e-39,5.048759870054696e-38,-2.886046539265773e-38,1.418686385727505e-36,-7.064747091845275e-37,7.188879333120014e-37,-2.376814529643997e-36,-4.420060248227246e-38,-6.377292275165575e-38,3.659178429511604e-29,9.327234383671545e-30,-2.637692525961552e-29,-2.2587741882219436e-30,-1.0214853004790787e-29,-7.068470246632495e-30,-3.716755307308156e-31,-9.486623864231752e-31,7.067769344145426e-30,1.6350694763230522e-29,1.0862092896472965e-29,2.1674515527404378e-29,4.635045511937972e-38,7.66057939229716e-38,-2.4752079933000222e-39,-8.270473507406238e-39,1.493637124540292e-39,1.9597529038895443e-39,0.7432881593704224,-0.2679702937602997,0.1244041919708252,-0.5992216467857361,0.006531601306051016,0.0117902597412467,0.02237270586192608,-0.013853169977664948,0.19886435568332672,0.9620223045349121,0.1869918406009674,0.0,-0.3344275363586699,-1.6174303854979402,-0.4937211809694749,-0.484359938097144,6.549780100942244e-16,1.662513580519029e-15,-1.9775983737797243e-22,-2.7679604422250866e-23,-9.506740963030422e-31,-2.3903995740604987e-30,0.6244670382386389,0.37523543324253766,0.0002975285188233645,71.79490661621094,-0.5716701440035882,-1.2992144804899781,0.5145445522154233,-1.7012066988249246,-0.46396316066031734,1.2557099435882018
285.0,1330.0,0.3532063835631338,0.2497621798136782,0.39615584202309734,0.000875594600090649,2.627637878946184e-12,0.9793008835420485,0.001159186108599783,0.019539930349351642,0.12781488913010178,0.6437824829259013,0.22840262794399685,7.472405194182044e-05,1.7113991630113838e-05,0.00014382848039015645,0.19069633279550838,0.773926340342096,0.03514166033843358,0.3458953234960686,0.1607925162614352,0.30659544102207725,0.891584437476352,0.013140534793925284,mixed_higher_order,-1.0332933554180264e-30,1.2762353277540096e-30,9.46101359976045e-33,-5.569801485035599e-32,7.323621695116589e-32,2.2008860046164623e-31,2.0108509579045513e-23,1.4819678224992985e-22,3.3486173668318524e-22,2.290590178907357e-23,1.6014944457486748e-22,1.1966990840399163e-22,-1.1208650434791392e-38,3.3394132367227045e-38,7.075532367780698e-39,1.5300873924131167e-38,4.133122904908563e-39,-4.869503680511355e-38,7.616996057355124e-37,-1.0015395883284484e-36,5.412419686134393e-38,-2.534292962374678e-36,-5.166593149281076e-37,1.5757192842878943e-37,3.01941223635399e-29,1.0179480808133695e-31,-1.70648454314004e-29,4.499613729472632e-30,-1.3129278356032298e-29,-4.60140782560757e-30,-1.9231537537673427e-29,-4.1458635825829436e-30,1.2461035498642463e-29,1.2576419227642304e-29,1.2372927860082698e-29,9.345635658594838e-30,3.4988694245874297e-38,1.992461387881469e-38,-6.897947195751455e-39,-1.0665439535350327e-38,3.865165090977953e-38,-1.7374925836143132e-38,0.3809812664985657,-0.6072413325309753,-0.4762205183506012,-0.49800020456314087,0.011105871759355068,0.058253213763237,0.034522298723459244,-0.08058381825685501,0.21859604120254517,0.9577316045761108,0.1869918406009674,0.0,-1.0463150036315503,-1.7536760879907043,-0.9863334332798415,0.045044393356123355,1.6245925426632883e-15,1.3651254233452915e-15,-3.1866378834954983e-22,1.0671868669324423e-23,-8.198270601911241e-31,-7.345946949509359e-31,0.5174055386581263,0.4824757267170511,0.00011873462482259178,35.151546478271484,-1.1255243240513029,-0.9112714403935862,0.03758309699891979,-1.7597781353247837,-0.0673830731824645,0.9850742012564454
285.0,1350.0,0.4350054625695536,0.12693862673536424,0.4375001946283062,0.0005557160667760593,1.8420408495483418e-12,0.9988998857057516,0.0003561579249097437,0.0007439563693386065,0.0008109097746296273,0.8630731174247054,0.13611597280066506,2.009238001439566e-05,8.885269915606398e-06,4.213719407967634e-06,0.15629829725450256,0.8436002235701512,6.828780600825075e-05,0.4345269068421047,0.10955731629810188,0.3690752620004238,0.994297757831006,0.0026696322381074885,clean_balanced_ED_EQ,-7.239297603688757e-31,1.413038453017962e-30,-1.6092829101502765e-34,-2.997913685917804e-32,5.415950861418823e-33,-4.298909521048114e-32,2.0173637352482927e-24,-7.042652637558923e-24,2.3522576931029884e-22,-4.2307139051823874e-23,8.432986863567067e-23,4.3555506799740544e-23,-8.746713086809023e-39,1.435238280052363e-38,1.8033869042749814e-39,-1.1030565369484005e-38,6.943327232448972e-39,-3.321818270971569e-39,4.42059081638019e-37,-9.504468438437423e-37,-4.739297349169014e-37,-2.3886895141796696e-36,2.181997434788245e-38,1.9866881311472762e-39,2.2732206803401462e-29,-5.5184804706005404e-30,-1.0308350084167168e-29,3.4304463331290554e-30,-1.2423858230726122e-29,2.0880348932173993e-30,7.866671825788638e-30,6.398351321694889e-31,1.2254442669167051e-29,7.4765610751625e-30,1.0009841028548794e-29,4.690908086974607e-30,1.7287370092499649e-38,3.485950178799447e-39,-7.185722977308101e-39,-4.7259077623829366e-39,-2.450939398689999e-38,1.1045419869410136e-39,0.16404399275779724,-0.7074161171913147,-0.6488029956817627,-0.22597146034240723,0.009303083643317223,-0.016060080379247665,0.0112227201461792,-0.002786811674013734,0.23765474557876587,0.9531810879707336,0.1869918406009674,0.0,-1.3991023327728223,-1.6668430677126096,-0.9560831325327146,0.42087284013177545,1.8929957319572737e-15,1.0009076591447911e-15,-3.75173969101819e-22,7.963687361527819e-23,4.3036867531916596e-32,-2.926769391839236e-32,0.5276924679690186,0.4721421438616954,0.00016538816928601818,20.509546279907227,-1.2277105159097106,-0.6289823024183246,-0.3194116869688476,-1.6098912795642688,0.12261255724335852,0.6817202427548381
285.0,1370.0,0.4750504435232758,0.07067178690862166,0.4538883124611266,0.0003894571069758705,1.4846114312545472e-12,0.9997778539860684,0.00021850831196443626,3.637701967263055e-06,0.0001996901666034584,0.9266785369824859,0.07312177285091066,9.687256888689425e-06,1.9154092356923754e-06,3.599775851547541e-06,0.13734951631633543,0.8626183909605475,1.6890281141093976e-05,0.4749449129608307,0.06549002809841953,0.3915324057710153,0.9554528758984048,0.0002471416577388795,clean_balanced_ED_EQ,-5.257257018042734e-31,1.4417892462753381e-30,-4.869936605060349e-33,-2.2158893187400425e-32,2.926195344339013e-33,8.121240764525265e-35,-2.2631927864420716e-24,-1.0805047369724753e-24,1.610525792837087e-22,-5.700135338155713e-23,4.484304959235052e-23,1.7093198416040055e-23,-4.55852391092479e-39,1.0178909329915994e-38,2.071865296896872e-40,-4.95500818994257e-39,4.351338087913924e-39,-5.223905854138402e-39,2.890965470371749e-37,-8.93447990153657e-37,-8.112294966466536e-37,-2.2091133960952002e-36,4.226827342487014e-39,-9.517075636761775e-39,1.6902281809909802e-29,-7.147415440077029e-30,-5.1600271057243124e-30,3.0808486785389112e-30,-1.1742260314937096e-29,4.0665677634580476e-30,3.7269633963405844e-30,-6.858740566639168e-31,1.1259330901093769e-29,5.036481160716616e-30,7.641624067722073e-30,2.5630724895371396e-30,4.804562035392365e-39,-2.143502130561389e-39,-6.757343648730946e-39,-3.401360229172289e-39,-1.2701625855518105e-38,3.712944213919146e-39,-0.005174299236387014,-0.7498790621757507,-0.6612496376037598,-0.011621393263339996,0.006650738883763552,-0.01015106588602066,0.008112351410090923,-0.008154687471687794,0.2560666501522064,0.9484006762504578,0.1869918406009674,0.0,-1.6296942784526984,-1.5490359435261365,-0.8149535935845446,0.6297024811628477,1.973304679211456e-15,7.415379763132619e-16,-3.9702652082270263e-22,1.4848461997151606e-22,8.787047147970807e-31,2.773926433358814e-31,0.5624926577284933,0.4375184491856465,1.1106914139746848e-05,15.7236328125,-1.234403028719281,-0.4501055894675702,-0.5308929777854953,-1.4457102385536722,0.16278697801245592,0.4599410562625174
285.0,1390.0,0.4964944566110126,0.03788425375888601,0.46533083782977175,0.00029045180032950607,1.2648189983660199e-12,0.9998144687318401,0.00012428805536251946,6.124321279741518e-05,0.0005875727148540474,0.972286455676077,0.02712597160906901,4.650412719119965e-06,8.350315053748295e-07,1.9130259597014407e-06,0.13790510009155463,0.86206551098569,2.199045257120078e-05,0.4964023413648432,0.036834346813160376,0.4011456664911214,0.9372326954182763,0.00030102518138382654,clean_balanced_ED_EQ,-3.903892733401407e-31,1.4387095230701405e-30,-6.184078146719019e-33,-1.5427650319196467e-32,6.44657883221071e-33,9.724555899033497e-33,-2.962518529748747e-24,4.240050585065496e-25,1.081863074140346e-22,-5.582259352191744e-23,1.925929914035928e-23,6.523583335599796e-24,-2.4767489327515375e-39,7.124628119584608e-39,-3.2375374394188974e-40,-3.17981468833082e-39,2.800506353589818e-39,-3.944835248391685e-39,2.0617580335311547e-37,-8.950300058802112e-37,-1.063589416474857e-36,-2.0352316291113683e-36,-1.932890540213269e-39,-1.1436039044080943e-38,1.2580627990084686e-29,-7.531912151830795e-30,-1.5684957611472954e-30,1.9285797560314794e-30,-1.1012133927689194e-29,5.603331121735463e-30,2.648524359937821e-30,-9.591607092921202e-31,1.0111915234375747e-29,3.415123058659581e-30,5.675843616488265e-30,1.4759781281365389e-30,-4.032346055495414e-39,-4.060276851822341e-39,-6.224014494221211e-39,-2.4044818741313426e-39,-9.162796527298262e-39,4.2683821671268586e-39,-0.14728690683841705,-0.7639309167861938,-0.6114670038223267,0.14352315664291382,0.003996230661869049,-0.008435545489192009,0.006241494789719582,-0.007462388835847378,0.2738569378852844,0.9434173703193665,0.1869918406009674,0.0,-1.7946915053980081,-1.4248458634315868,-0.6585238849824459,0.7382676196857646,1.987116791061701e-15,5.555584133745721e-16,-3.9960736755103154e-22,2.099046749837e-22,1.6107649353501218e-30,3.9298422315750005e-31,0.6053710068350263,0.3945854367605471,4.355640442654796e-05,13.588044166564941,-1.214043035312983,-0.3294267333047938,-0.676158930454722,-1.2938639857179286,0.1571268017143346,0.30451771228753133
285.0,1410.0,0.4972869068239027,0.01898980811715046,0.48350110703392146,0.00022217802502555212,1.127614384719418e-12,0.9998202159407261,5.3290417670421564e-05,0.00012649364160342692,0.0015350575435546447,0.9931563140996746,0.005308628356770676,2.612964851332099e-06,5.966201245578606e-07,9.591134338385397e-07,0.17435537228141648,0.825615017102463,2.5441917710725574e-05,0.49719750256517015,0.018859847835089233,0.39918577475287087,0.972277975549308,0.0014140828704668948,clean_balanced_ED_EQ,-2.8927303578994654e-31,1.4203567477269938e-30,-6.20897649850735e-33,-8.569528830423359e-33,9.690034606838017e-33,1.3112048702691012e-32,-3.184565670306546e-24,9.643382909470279e-25,6.977421617373447e-23,-4.7901691701750985e-23,-6.086899092030841e-24,1.112413923402717e-24,-1.50367013803798e-39,5.477420850793115e-39,-4.867507270248595e-40,-2.6701581822253436e-39,1.9904272634088708e-39,-2.807258111845962e-39,1.6243152449288981e-37,-1.0247089596961424e-36,-1.2693824243625498e-36,-1.8670143409867753e-36,-5.2383541172698575e-39,-1.1385501250851169e-38,9.218576084834596e-30,-7.369212740399323e-30,9.524692740501681e-31,5.105900171681348e-31,-1.0171047832031464e-29,6.858621711489357e-30,2.1435385236746372e-30,-1.117263469888011e-30,9.163968106360954e-30,2.3358513104334508e-30,3.678580211016558e-30,8.28844539594115e-31,-1.1354106877265282e-38,-4.5534816915665594e-39,-5.800231052099034e-39,-1.7119161055990975e-39,-7.258337316005774e-39,4.5945055914026065e-39,-0.27516674995422363,-0.7580875754356384,-0.5332614183425903,0.25520485639572144,0.0016608055448159575,-0.006969833746552467,0.0054758586920797825,-0.006250922568142414,0.2910497784614563,0.9382558465003967,0.1869918406009674,0.0,-1.9206507247439655,-1.2963569074700552,-0.5059034954887063,0.7865269907848587,1.9711873457049266e-15,4.1354807256576333e-16,-3.8999935579116654e-22,2.64907136923919e-22,2.233407496077212e-30,4.062102466759511e-31,0.6504648491677674,0.34956631808208044,3.116724984786323e-05,12.699930191040039,-1.181555401715191,-0.24063821892291165,-0.7842574218334681,-1.15348993769446,0.13291891866871297,0.19361139524078222
295.0,1295.0,0.0006361805881613242,0.8727840998083483,0.12570468688931533,0.0008750327141750933,1.1618346469476308e-11,0.6837485659420457,0.15401382830679694,0.1622376057511574,0.0006818181692570521,0.30039993175386226,0.6989182500768807,0.0006582258176371483,6.585190482496278e-05,0.0003096242940318867,0.031283193368484105,0.9650368151089748,0.0026462895060471807,0.00043498756483547257,0.2621842840182839,0.12130965067993577,0.0050609138283084845,17.203153817832153,MD_contaminated,1.9903591875835735e-32,-1.143696477353939e-31,1.3208308884182356e-32,5.348950590295883e-32,-4.4915946711530613e-32,3.4354529065233277e-32,-3.819416242395148e-23,-1.4078130158804205e-23,5.625346544607231e-22,6.431184479748266e-22,-1.0870405197490767e-21,7.189493385915492e-22,-6.543677313647026e-38,-9.373073839111862e-38,1.7744394459303138e-38,3.1503346820445117e-38,4.769237592398064e-38,6.222741368455978e-38,3.711035015903645e-37,4.157004448493087e-37,2.1882695267191956e-36,-2.1887597336376824e-36,6.570256878884232e-38,-1.4815833663684436e-37,5.132624437424774e-29,5.249092397028155e-29,-5.990069800130658e-29,-4.3244153891286426e-29,8.574438269186641e-30,-9.246764959704388e-30,8.20790601147822e-31,5.643880451953899e-30,1.7422304255524595e-29,2.8412165952755698e-30,-1.543625109911077e-29,1.1147556328963724e-29,-8.665866303999974e-38,8.302931722446687e-38,-1.5636112011796253e-38,1.2555257411271988e-39,-5.311402420351076e-39,-4.269371841747455e-39,-0.17744185030460358,0.95159512758255,0.04290354251861572,0.23851637542247772,0.007799082901328802,-0.03790048137307167,0.014167197048664093,-0.04257737845182419,0.1365872472524643,0.9728195667266846,0.1869918406009674,0.0,-0.43114326931802277,0.29723784172095347,0.033175105141888074,0.35337941850904725,3.3653167001552337e-16,-5.235861707801605e-16,-9.443302005604467e-24,8.094660088770802e-23,1.4679212226448622e-30,-5.948730530205429e-32,0.9385161692607834,0.060744317933368534,0.0007395128058480527,138.6276397705078,0.10358974854634209,0.018027580904656185,1.6027495273574026,-1.6031085685528859,-1.9430154774075734,1.6995524597952283
295.0,1315.0,0.1739054865657847,0.5409452197333022,0.2842974506622847,0.0008518430386283946,4.860315408368409e-12,0.9961679033619564,0.0019056701096675066,0.0019264265283761418,0.0008232704057306092,0.5065648545056881,0.4926118750885813,0.00027522844481142584,1.1422092198928273e-05,0.00017498774909836587,0.24830658721169888,0.7506117350189824,0.0006200394832100752,0.1732390639353786,0.27402383652974777,0.21339700270309103,0.6117025888225992,0.0886390254365373,MD_contaminated,-1.461114001001205e-30,5.0236007974639245e-31,5.665917619641859e-32,-3.6830576451321565e-32,-3.8701634870292533e-32,5.584512343858792e-32,-2.347332825640405e-23,7.425913826634008e-25,5.004148752326715e-22,2.982569344102196e-22,2.0034483423438016e-22,5.384110133502788e-22,-6.9776819417118e-38,2.825989456077646e-38,1.4683474756084277e-38,-4.426743270797112e-39,5.509336801992213e-38,-2.3833148322084246e-38,1.4852930111553836e-36,-5.919747652305935e-37,1.3159733893117346e-36,-2.4487560403887356e-36,3.1652599093663344e-39,-7.983620623577114e-38,4.3173984561889555e-29,2.17701595366909e-29,-3.4494916389549464e-29,-1.3067671744276029e-29,-8.67907021344346e-30,-8.702478267265811e-30,1.1194358296766366e-30,5.424680825001396e-31,5.8793479119271354e-30,1.686184206010779e-29,8.347652176945052e-30,2.1393329671666798e-29,4.249135932769255e-38,8.659464282063063e-38,-1.8141902974610956e-39,-7.919936670191417e-39,-2.2144581507690726e-39,2.599339652408898e-41,0.6884759068489075,-0.06975530087947845,0.28009694814682007,-0.6651423573493958,0.0066945478320121765,0.008241572417318821,0.02061840146780014,-0.007451063022017479,0.1577303409576416,0.9696159362792969,0.1869918406009674,0.0,-0.2007764708877422,-1.4023346424790286,-0.4104665943692478,-0.6597373092496053,4.781922489738718e-16,1.6134818499135274e-15,-1.3022027136547814e-22,-3.6594390908021275e-23,-1.1894760382463278e-30,-3.984079699099374e-30,0.4789776167987971,0.5213492927207192,0.0003269095195161942,76.97901916503906,-0.44808987599049627,-1.303269144807698,0.9347597064368893,-1.7393957172998002,-0.8874008855749667,1.4888793929115882
295.0,1335.0,0.31844091459436175,0.2846132623019915,0.3961745174572396,0.0007713056464070654,2.819330164387524e-12,0.9959262809594375,0.0007728374961252068,0.003300881544437242,0.006844893685096808,0.7781244887994905,0.21503061751541278,7.974801232298551e-05,5.354286685564389e-07,7.100014804492562e-05,0.1809665369788214,0.8167232071088899,0.002158972323252308,0.31714367577728453,0.22146454923429243,0.32356492247249363,0.8037894931713575,0.01660924005683628,mixed_higher_order,-1.1075863203016287e-30,1.2108118606498786e-30,1.4965030098708642e-32,-4.319336884575324e-32,-1.8605143758862494e-32,9.262215049311511e-32,-3.7945586606580577e-23,6.840926659647775e-24,4.055757555732838e-22,6.717008175720002e-23,1.6196389521076316e-22,1.4307665898644185e-22,-2.335342782947151e-38,3.013085063841795e-38,3.097034582166168e-39,-4.068312996063729e-40,2.0256398275969275e-38,-2.9724004626376037e-38,8.333523225555451e-37,-9.769358206921756e-37,3.826047544369285e-37,-2.700962985137223e-36,-1.9031863273539412e-38,-1.3895791220013936e-37,3.614362291720713e-29,4.105876432828374e-30,-2.4830969245778583e-29,-1.2539585265651933e-30,-1.1312649335151245e-29,-2.8519182676196226e-30,-1.4301284644337969e-30,-1.1171865588189594e-30,1.2644588943185214e-29,1.3156502378138015e-29,1.1204798168857609e-29,9.682358671904182e-30,3.7402166844055546e-38,2.506872512482909e-38,-6.032932716298182e-39,-7.975383362032563e-39,5.7435111479641374e-39,1.8147900789944743e-39,0.43545347452163696,-0.4866458773612976,-0.41954198479652405,-0.6297204494476318,0.012902894988656044,0.0013593118637800217,0.020894767716526985,-0.015337738208472729,0.17816875874996185,0.9660692811012268,0.1869918406009674,0.0,-0.872132897429918,-1.7087009802935795,-1.0363880845533742,-0.10577236979707424,1.51182802355305e-15,1.4367948048483872e-15,-2.8556259431808086e-22,-2.9214853198432175e-23,-2.0594721791474743e-30,-2.007001148668775e-30,0.4266122708535443,0.5732351589908136,0.00015257015564218435,34.21725082397461,-1.0638273822808209,-0.9731327335562358,0.26368912122263366,-1.8614890373065203,-0.19685646046444888,1.1886275199269498
295.0,1355.0,0.4225556650302559,0.16267496447438412,0.4125937220323444,0.0021756484630155093,2.0986333849219574e-12,0.8960970774281732,8.533048202710905e-05,0.10381759208979963,0.057603461228007885,0.849199749880817,0.09319678889117507,7.0437524311269306e-06,0.00021805342862103003,0.0002737435948704024,0.15196808394903755,0.8436966515861111,0.003836423688928839,0.3786508964843304,0.1381435391435178,0.34810394174413967,0.9764245427943838,0.003279455747065547,clean_balanced_ED_EQ,-8.005242364076915e-31,1.3780541008432194e-30,-4.351125642178781e-33,-1.4930706793631067e-32,4.895583347875092e-31,-2.336456233866483e-31,7.336867439314696e-23,-1.631544359294349e-23,2.8795933312642893e-22,-1.89793436374592e-23,8.317792727117272e-23,4.712978515938141e-23,9.604236583749702e-39,4.068331039732925e-39,5.091361585508043e-38,-2.785136279776828e-38,-6.051785795537887e-38,2.3783047899594156e-38,5.1944816182120914e-37,-9.50667062441736e-37,-2.270749528166216e-37,-2.5424396622472384e-36,7.39651682502205e-38,1.5542348311559219e-37,2.751669465891412e-29,-2.9116365390324834e-30,-1.3460435109717186e-29,2.6896949649940725e-30,-1.405626108320594e-29,2.2194262866960506e-31,2.0964537199863076e-29,4.821830271450483e-29,1.3261449597007537e-29,5.349627854185343e-30,9.238622951577322e-30,5.452857839990188e-30,1.97719937005444e-38,6.431212218321118e-39,-9.320115924674443e-39,-3.350695630403128e-39,-7.225911888826028e-38,-1.1968806920682802e-37,0.23671375215053558,-0.6228746175765991,-0.6418343782424927,-0.3562617301940918,0.07407833635807037,-0.06972505897283554,-0.06941399723291397,0.04533638432621956,0.19792789220809937,0.9622154235839844,0.1869918406009674,0.0,-1.2500144318212618,-1.671151314000316,-1.0357737536674043,0.3059626891210485,1.823176851065928e-15,1.0882569685011207e-15,-3.5731485145980583e-22,3.8764074893247576e-23,-1.3261735261207966e-30,-8.529343473074375e-31,0.45435537344472454,0.5457474802504407,0.00010285369516527254,28.410749435424805,-1.1928964233009431,-0.692964447326221,-0.151913029264444,-1.7008908557429252,0.05480206895723909,0.8314706521109042
295.0,1375.0,0.45741455227093986,0.09037064603913628,0.451791473745181,0.0004233279447428976,1.549903861320161e-12,0.9996700281666837,0.00022518929973931333,0.00010478253357692008,0.00017151970351172532,0.9385644748337186,0.06126400546276967,8.703876747972111e-06,2.8757809621266156e-06,2.5152425504124534e-06,0.13446824760294426,0.8655058003504507,1.1857146344622627e-05,0.4572636183525415,0.08481867794010581,0.3910281410753325,0.9877068219674215,0.0004254408604395065,clean_balanced_ED_EQ,-5.953644854755551e-31,1.430900578539892e-30,-3.580606696721109e-33,-2.298364482606483e-32,1.018032948988214e-33,-1.5834378861942542e-32,1.0155562391055383e-25,-2.703226746965221e-24,1.94374509115448e-22,-4.755668986317836e-23,4.6876627451104324e-23,2.0404917835902805e-23,-5.1757215164920535e-39,9.587377848745135e-39,3.611376575402402e-40,-6.25222242572527e-39,4.814584689402418e-39,-3.3351695858493505e-39,3.3734148431078157e-37,-8.961911189218428e-37,-6.009311788656193e-37,-2.3539088543869453e-36,8.939940739745172e-39,-9.659191745143584e-40,2.0017280164773182e-29,-5.974822857063728e-30,-7.678014275993094e-30,3.0573272911046123e-30,-1.23392667020815e-29,2.9174953626337627e-30,4.990323530535581e-30,-3.524737255123376e-31,1.1223042232236542e-29,5.668026045050276e-30,7.098442676652176e-30,2.834415200073599e-30,6.919404072656275e-39,-1.0373019994460711e-39,-6.75435438795422e-39,-3.719305262911513e-39,-1.7551354209714906e-38,2.994105883418336e-39,0.08459489047527313,-0.6982620358467102,-0.6995127201080322,-0.12454839795827866,0.007003428880125284,-0.010907486081123352,0.009110499173402786,-0.006292426027357578,0.21703274548053741,0.9580870270729065,0.1869918406009674,0.0,-1.4927168075175339,-1.599547036075013,-0.9260754295122845,0.5650773665454792,1.939538369509629e-15,8.289705496423905e-16,-3.966992192179607e-22,1.0386335377187536e-22,-4.169152657514114e-31,-2.3071507623794e-31,0.4948941874680047,0.5049529448474104,0.00015286768458500077,15.519022941589355,-1.2206257428271992,-0.5078740118185455,-0.39041250800167804,-1.529285701539661,0.13532062067031392,0.5530847351164258
295.0,1395.0,0.48895287744780325,0.048813106991587335,0.46192666608974614,0.00030734947086318704,1.301729077060461e-12,0.9998487941962302,0.00013025530553906995,2.0950498230745385e-05,0.00027127338904101765,0.9741967244875261,0.025532002123432946,5.052927118608951e-06,1.149968173863968e-06,1.7781858692579474e-06,0.13598930269417045,0.863988597653908,1.41185707596571e-05,0.48887894493496314,0.04755356894326354,0.3990993724538248,0.9447263476612995,0.00016332234366951297,clean_balanced_ED_EQ,-4.553510489619392e-31,1.44142875338783e-30,-5.4297859991119757e-33,-1.6376929214843992e-32,3.911716359758483e-33,5.707792072285333e-33,-2.3396053172952e-24,-2.981529604864741e-25,1.3150716732623917e-22,-5.179229401036091e-23,2.141806178855201e-23,8.050960774153199e-24,-2.9589356786351656e-39,7.468453739767746e-39,-1.1922517796236351e-40,-3.83047289810325e-39,3.078162532481331e-39,-3.6379789157463986e-39,2.4872398629650294e-37,-8.980675159758584e-37,-8.705903591478872e-37,-2.1815721591796872e-36,1.1307537231649737e-39,-9.427542647904657e-39,1.4920357266766278e-29,-6.838626042865746e-30,-3.210610214943046e-30,2.3151908893579616e-30,-1.1709746620991613e-29,4.523435584339403e-30,2.9674550963995465e-30,-7.310936298794741e-31,1.0203978050302165e-29,3.9514962705382144e-30,5.351138088589935e-30,1.6849819222494695e-30,-2.2291056395720152e-39,-3.6647293482432625e-39,-6.263042811302984e-39,-2.7081707209514895e-39,-1.0995034822131336e-38,3.8054449282922035e-39,-0.047246187925338745,-0.7324202656745911,-0.6776221990585327,0.045940086245536804,0.004872006364166737,-0.00839223898947239,0.006530853919684887,-0.007033342961221933,0.23550760746002197,0.9537138938903809,0.1869918406009674,0.0,-1.6684847581941693,-1.5006594937971098,-0.7825817075821228,0.7055512966720102,1.973970106108134e-15,6.397959181194484e-16,-4.0987190893810144e-22,1.6459736965992204e-22,4.452913030955836e-31,8.898526330125078e-32,0.5387658139655838,0.46137445614729955,0.00014027011288320068,13.060110092163086,-1.2119780020431834,-0.38286696671762005,-0.5495026865815924,-1.376973394943381,0.14525998691946604,0.3688334291932326
295.0,1415.0,0.49790594805935195,0.024655248656227598,0.47720662745104214,0.00023217583337836316,1.1513492486879364e-12,0.9998508791025362,5.869451776307925e-05,9.042637970055215e-05,0.0010040998045041357,0.9978137688842732,0.001182131311222709,2.6963411669133975e-06,5.468839851623408e-07,1.0208935824869434e-06,0.1686444034568872,0.8313288192659292,2.251315844909009e-05,0.4978316998775248,0.02460134658444937,0.39671562214475103,0.9584272477784451,0.0010549172724123753,clean_balanced_ED_EQ,-3.489112846017336e-31,1.434205770353925e-30,-5.945766649213466e-33,-9.619969467667218e-33,7.285911741151466e-33,1.1998145478351635e-32,-3.058376757395314e-24,6.193994933551073e-25,8.654808487139586e-23,-4.675247461204637e-23,-3.1187406202799903e-24,1.3180490704252802e-24,-2.0739021560330552e-39,5.474486156273651e-39,-1.397841954332275e-40,-2.6327688783328647e-39,2.2136877143610574e-39,-2.8417179547316726e-39,2.0565515887893086e-37,-1.0146226127512932e-36,-1.0861236304729388e-36,-2.025714287972611e-36,-3.40564202467977e-39,-1.1466259843442474e-38,1.109583815423363e-29,-6.931719317843458e-30,-8.528150958093188e-32,1.0870351589889949e-30,-1.1010555732502215e-29,5.8446835887604104e-30,2.2661177037802874e-30,-9.128464556686682e-31,9.31039479519073e-30,2.7860961568345625e-30,3.556886120293859e-30,9.754028761077e-31,-9.764189368371905e-39,-4.608950080159807e-39,-5.8745549565507906e-39,-1.9765563788611155e-39,-8.384137050886347e-39,4.1359336523461824e-39,-0.16651929914951324,-0.7448104619979858,-0.6219109296798706,0.17516544461250305,0.0026419979985803366,-0.006968726869672537,0.005471555981785059,-0.00603370601311326,0.2533758878707886,0.9491231441497803,0.1869918406009674,0.0,-1.8044734651627001,-1.3933136212069237,-0.6381167589824935,0.7835707263104522,1.974324181694156e-15,4.922695853505898e-16,-4.098803645096092e-22,2.1962114550812e-22,1.2162607964783107e-30,2.428765477086313e-31,0.5825268445985069,0.41752248097469136,4.932557319836661e-05,11.986722946166992,-1.1888602033764053,-0.2892240077025881,-0.6663014596865005,-1.242709714727618,0.12927162975630485,0.23930737520211492
205.0,1332.5,0.6534810240745622,0.0014097530630274538,0.3449128000844125,0.00019642277799784797,7.731506271552544e-13,0.9997548453259192,7.885406561981458e-05,0.0001663006084611376,0.013641910441137368,0.970299248090859,0.01605884146800366,6.944257854132629e-06,5.163056124745063e-07,4.529071442044407e-06,0.28824868709085105,0.7117385693755753,7.538986650916967e-07,0.6533208201470871,0.001367882337049324,0.2454877428914036,0.5278084403030162,0.002914191168834521,ED_dominated_with_EQ,-2.29782894180019e-31,1.207090083131295e-30,-6.515510819228101e-33,-8.754223980573064e-33,1.5480248798224625e-32,-3.393406943901652e-33,-5.165556876469944e-25,1.9307397270511654e-24,-3.0591199412755998e-24,-1.6575948526866874e-23,4.0556487619983945e-25,2.1302163547000918e-24,-1.2696738672635862e-39,5.316258383415566e-39,-6.497109430330801e-40,-1.341289658464184e-39,1.9193865155890056e-39,-3.974963177950088e-39,1.0358596476036047e-37,-7.805784950908043e-37,-1.2148143701293445e-36,2.3494719886940974e-37,-1.2714460721727784e-39,-7.132209684985424e-41,-1.640321244475771e-30,-3.3942493234701256e-30,4.115914685915391e-31,-3.235233971045348e-30,1.2287297758842318e-30,6.629481501229246e-30,-7.891709101715102e-32,-1.6279242567781905e-30,7.630313110722894e-30,2.0677445612069487e-30,3.1158531135282587e-30,2.8288050148483983e-31,-1.3371731349966094e-38,-4.374784028763753e-39,-4.8461734348563144e-39,-1.6271979567829032e-39,5.504661542605934e-40,3.9654086505879944e-39,-0.9139963388442993,0.06211649253964424,0.1520017385482788,-0.3708098530769348,0.0041459789499640465,-0.004080426413565874,0.000565375667065382,-0.011074109002947807,0.5580449104309082,0.8084676265716553,0.1869918406009674,0.0,-1.9670539448746411,-0.04553564797581818,-0.22211489125893666,-0.38496450753967504,1.7987750637375868e-15,3.5337812524444717e-16,5.917957767289739e-23,3.0421943125034945e-22,3.714456002213828e-30,6.9825948817242636e-31,0.8392816050873809,0.16072743120049135,9.036287872188353e-06,13.675044059753418,-1.0625471924620715,-0.2022675627103398,-0.8403880474886736,0.1625325009118666,0.048670547607276016,-0.008982233656004479
215.0,1332.5,0.5935134443408762,0.005275201158073817,0.4009746544483344,0.00023670005271560218,8.65067234060935e-13,0.9996783205409931,0.00012413995914318715,0.00019753949986359994,0.005189747510179791,0.8348221019871337,0.15998815050268647,7.332324105499042e-06,6.605056958986006e-07,4.590832724376167e-06,0.1890524583362064,0.8109307265414846,4.231459783157385e-06,0.5933225232571873,0.004403854519188146,0.32516266785650855,0.6755948972539875,0.001639670337800028,clean_balanced_ED_EQ,-2.332353591021331e-31,1.2164805529181278e-30,-7.024952879308908e-33,-1.1881489251802122e-32,1.741169719462727e-32,9.981117390767192e-36,-1.2496171835492763e-24,2.191097594486904e-24,2.110008596123069e-24,-3.1921951998053095e-23,1.3371149521984766e-23,4.165612185297832e-24,-1.5292338596473964e-39,6.220327043373793e-39,-8.297826093702095e-40,-1.734240800560821e-39,2.359014846304151e-39,-4.486082371196941e-39,9.107122932177361e-38,-7.215720952014593e-37,-1.5051409280240995e-36,-5.914735062057229e-38,-3.368075029571553e-39,-7.039206962136498e-40,-8.140341288311691e-31,-5.315667646276499e-30,1.2530334668245227e-30,-2.8655932058542202e-30,-4.3899942765766495e-31,8.181260852130719e-30,3.8197951591843814e-31,-1.9595611622291998e-30,8.075543759703019e-30,2.1548970166114083e-30,4.641948301750747e-30,3.736684860603259e-31,-9.573727982940261e-39,-4.63908551313484e-39,-5.0379603042252667e-39,-1.7086970142630146e-39,-5.1446046346936125e-40,5.016051051187004e-39,-0.9449343085289001,-0.19600382447242737,0.20638340711593628,-0.16096985340118408,0.0030423845164477825,-0.004049836192280054,0.0028287391178309917,-0.01250363141298294,0.5193167328834534,0.8338729739189148,0.1869918406009674,0.0,-2.134148637255519,-0.2570733914911094,-0.044957345657617415,-0.18165354495165603,1.790501835650226e-15,3.6002226738389956e-16,-1.3173661288016111e-23,3.6502232680639745e-22,3.696051752576705e-30,7.013787340674612e-31,0.9313440039195391,0.0686697470002895,1.3750919828581232e-05,15.70974349975586,-1.0708132013104052,-0.20530661253879168,-1.0412310529079316,-0.040917137403353517,0.09372971217425045,0.006195438750483412
225.0,1332.5,0.5418602591378229,0.012710333050778589,0.4451504753618232,0.0002789324495752662,1.0134544799293783e-12,0.9996309732362649,0.00016976777032451205,0.00019925899341059118,0.0025479204683870136,0.8078059779162808,0.18964610161533207,8.453734708382739e-06,8.983042094970158e-07,4.816071461611732e-06,0.1504880114884604,0.8494868261217551,1.099427940517486e-05,0.5416602981999966,0.010267483019725824,0.3781494644617057,0.8215226487916298,0.0007522604735975109,clean_balanced_ED_EQ,-2.432240433759676e-31,1.2576689435330936e-30,-7.555235268002443e-33,-1.488594447201209e-32,1.7586718842658856e-32,4.2178115543372606e-33,-2.0845674832799505e-24,2.114685540439214e-24,1.6637269037666804e-23,-5.018654443091901e-23,2.4916661151345898e-23,5.9538246182616165e-24,-1.8484278209874216e-39,7.622992554072555e-39,-9.155991640141211e-40,-2.3873794845852186e-39,2.7640402478673536e-39,-5.2356173176739485e-39,9.208402236015214e-38,-7.342684400692825e-37,-1.6855803762843737e-36,-5.00122426518345e-37,-5.502470022152481e-39,-3.1194998498747924e-39,1.0414197740176494e-30,-7.362211081047075e-30,1.8502782994647615e-30,-1.7421662732789068e-30,-2.8916980734824108e-30,9.104373588424902e-30,1.0329986812172634e-30,-2.1226366940039113e-30,8.894586357641749e-30,2.3128389078998094e-30,6.1769615023875365e-30,4.972915414795414e-31,-5.6549465534197756e-39,-4.8537188096853437e-39,-5.468311079178314e-39,-1.8302811945494898e-39,-2.1607790251070085e-39,5.772266872098174e-39,-0.8695967793464661,-0.4711150825023651,0.13619643449783325,0.05570827051997185,0.001858705305494368,-0.005531844682991505,0.005374892149120569,-0.012612362392246723,0.47943422198295593,0.8574246168136597,0.1869918406009674,0.0,-2.236429319454703,-0.5563033029975905,0.011787876057512704,0.09814091435423815,1.8268569226804847e-15,3.756838919681138e-16,-1.145908998037784e-22,3.936752376128905e-22,3.6742005680468964e-30,7.056367562831587e-31,0.978182035701966,0.021840841324976983,2.2877026943035617e-05,17.613842010498047,-1.107069491890172,-0.21409920273555702,-1.1660560132821163,-0.3459762411950227,0.14735848123627163,0.04885059780683793
235.0,1332.5,0.5121510217890335,0.02424536780387305,0.46327662932369723,0.00032698108339631726,1.1965955167941702e-12,0.9996179578665372,0.00021631677940548086,0.00016572535405729775,0.0014217522398043089,0.800790923123239,0.1977873246369566,1.090084380203795e-05,1.254905360583177e-06,5.647648036482351e-06,0.14126747616962118,0.8586943508685524,2.0369564627306625e-05,0.5119553585200141,0.019415470465125956,0.39781302448968314,0.9045703505684526,0.00028571878259938814,clean_balanced_ED_EQ,-2.863783922291859e-31,1.3225552063219114e-30,-7.733095533261529e-33,-1.8342908906611305e-32,1.5551791963435122e-32,7.856729207914002e-33,-2.838362786330358e-24,1.7392425434871095e-24,4.281671032226611e-23,-6.639403243198201e-23,3.824465703352818e-23,8.883627479853664e-24,-2.448013673719312e-39,9.565321415646959e-39,-8.118808588496117e-40,-3.250182560829356e-39,3.2598946503832765e-39,-6.315139500801198e-39,1.195190414656276e-37,-7.857512461084658e-37,-1.6805418401187106e-36,-1.0077230240999434e-36,-6.237685481640103e-39,-7.223265325030844e-39,4.0233413055708164e-30,-8.955247492235778e-30,1.654542183596353e-30,-2.530631727064205e-32,-5.677883489167169e-30,8.980553630177798e-30,1.775600481051576e-30,-2.0400431308495298e-30,1.0015662829957375e-29,2.8010474546320274e-30,7.834926352079594e-30,8.86790441050523e-31,-1.0582605136172648e-39,-4.7349876253576797e-39,-6.075459041642021e-39,-2.1510800894334607e-39,-4.2210935945855575e-39,5.974347343740311e-39,-0.6876112222671509,-0.6978389620780945,-0.04355320334434509,0.19516287744045258,0.00201764446683228,-0.00818579737097025,0.007166851311922073,-0.01175115816295147,0.4384858310222626,0.8790700435638428,0.1869918406009674,0.0,-2.223660678453789,-0.8974144741042323,-0.08473259102882927,0.36419780728078627,1.8931413308678547e-15,4.3670304635833734e-16,-2.2140413644147877e-22,3.7538318701739635e-22,3.580258559239215e-30,7.722684603017711e-31,0.9598594881497506,0.04017488372828889,3.4371878039562986e-05,19.038793563842773,-1.164185955126094,-0.2520860380656659,-1.1625704391280898,-0.6971257547295588,0.19494714954514897,0.1257190642664654
245.0,1332.5,0.4970727597202144,0.040895605389893896,0.4616488385407871,0.00038279634910462344,1.3883840673308066e-12,0.9996225807260458,0.0002670956839241743,0.00011032359002996584,0.0008722153502521646,0.7897798655510798,0.20934791909866798,1.516041189855971e-05,1.791256700688613e-06,7.362160112840819e-06,0.14677599217952483,0.8531686878569633,3.1006134799706365e-05,0.49688515488013846,0.032298525726460414,0.3938643338285345,0.9287349377194473,0.00036843026596969754,clean_balanced_ED_EQ,-3.749368210117267e-31,1.386196560628337e-30,-7.144879141801519e-33,-2.2359374192031744e-32,1.1844722816447323e-32,9.342845150683239e-33,-3.476442046105362e-24,1.1040270507900328e-24,7.953409267106935e-23,-7.563997408871874e-23,5.453450748823521e-23,1.480949508207742e-23,-3.616668719709521e-39,1.1986662702719016e-38,-4.700326921082532e-40,-4.277951185537328e-39,4.0866958929096045e-39,-7.708727893307433e-39,1.8064159836192948e-37,-8.521788550160575e-37,-1.495483896285475e-36,-1.4746044645209015e-36,-4.5358807090555633e-39,-1.1820713102275396e-38,7.848905376887952e-30,-9.655301245026968e-30,3.41801072465492e-31,1.8114267533244337e-30,-8.190705014724461e-30,7.843872698416306e-30,2.5234011969909166e-30,-1.7346801999180577e-30,1.1198890299065664e-29,3.783968079932721e-30,9.47766835363521e-30,1.7137376653558333e-30,4.4204727995793905e-39,-3.826514695428639e-39,-6.696406331877884e-39,-2.7635034847789173e-39,-6.48810865921981e-39,5.598189327199412e-39,-0.4455587863922119,-0.8300849795341492,-0.26140639185905457,0.20937412977218628,0.003917085472494364,-0.010642848908901215,0.008137096650898457,-0.010921290144324303,0.39656269550323486,0.8987613320350647,0.1869918406009674,0.0,-2.0934721750925407,-1.212104510488738,-0.2928181215093504,0.529529838174062,1.9526569474145828e-15,5.579488083578954e-16,-3.063428951233475e-22,3.16740655197492e-22,3.293630245646191e-30,8.877825458172828e-31,0.887692319171006,0.11235631484295247,4.863401395849287e-05,20.0820255279541,-1.220206581331024,-0.3300400459617825,-1.034550481582047,-1.0201064436082168,0.2220952215151432,0.23352919065081457
255.0,1332.5,0.4841362399833316,0.06449848800198861,0.4509186765375139,0.0004465954771657714,1.5784093996371357e-12,0.9996253781182559,0.00032680855199213076,4.781332975186835e-05,0.0005684804728074434,0.7756642235654843,0.22376729596170825,2.153737855139441e-05,2.658573173523594e-06,9.934342047896012e-06,0.15913251087930974,0.8407916418673893,4.1716959528172905e-05,0.48395487195408854,0.050029169617210205,0.37912865439464655,0.9313879839960724,0.0011477297274165165,clean_balanced_ED_EQ,-5.022356149768239e-31,1.4251699845487444e-30,-5.408691934903645e-33,-2.6781412307656964e-32,7.583499771443722e-33,7.19068959786294e-33,-3.94309213241906e-24,3.170610800325801e-27,1.2454503922227689e-22,-7.551828051440207e-23,7.392525987874896e-23,2.559509886610903e-23,-5.599236853275097e-39,1.4695004448700952e-38,1.2639084716818801e-40,-5.523591432520727e-39,5.472848877865558e-39,-9.171431772219215e-39,2.7358242025217325e-37,-9.158282460126807e-37,-1.1968739167886406e-36,-1.8424236882954692e-36,-6.566553037872515e-41,-1.5475629379637386e-38,1.2194369307824502e-29,-9.360550264681234e-30,-2.1058807654707296e-30,3.292424020815503e-30,-1.0088488901011018e-29,6.068125526551239e-30,3.323174934404477e-30,-1.269303952775651e-30,1.2179133548027215e-29,5.235016750093445e-30,1.0889821004157139e-29,2.9925523116443037e-30,1.0729467878988843e-38,-1.6697982896061823e-39,-7.159875697661473e-39,-3.6283041506750355e-39,-9.057292964757849e-39,4.7853091807727134e-39,-0.19884128868579865,-0.8667013049125671,-0.4434206783771515,0.1111140251159668,0.006718006916344166,-0.012082353234291077,0.009100169874727726,-0.010348079726099968,0.3537580370903015,0.9164547324180603,0.1869918406009674,0.0,-1.8838288331391162,-1.456781261091473,-0.5345812909193693,0.564227669108802,1.9723082047316416e-15,7.273486246343365e-16,-3.562993198563691e-22,2.3788804123642707e-22,2.7184695302259235e-30,9.51290042774465e-31,0.7909001248999821,0.2091581204356915,5.824533567366785e-05,21.177488327026367,-1.2545131361987762,-0.442095457584868,-0.8279771451115059,-1.2745575654399386,0.22173790302488128,0.3656910041010873
265.0,1332.5,0.46367692912463926,0.09804828981865314,0.4377547293495544,0.0005200517071532809,1.7798622291604512e-12,0.9995934283578832,0.0003981751178275731,8.396524289196319e-06,0.0004078164812672643,0.7626186793321512,0.2369735041865815,2.982854573514241e-05,4.381756900543464e-06,1.2477798253196975e-05,0.17336074876589155,0.8265385174210131,5.4045712206355437e-05,0.46348841123415335,0.07477345729227726,0.36182114499061757,0.9440942644612003,0.00287078942584571,clean_balanced_ED_EQ,-6.542355143234275e-31,1.427537503843973e-30,-2.192057177419025e-33,-3.1264184961757006e-32,4.1046706558313766e-33,-1.9659562497571895e-33,-3.746070469878254e-24,-2.2553566991672414e-24,1.7753202421602951e-22,-6.50865965243244e-23,9.616895174737398e-23,4.3145936194757085e-23,-8.591537866535294e-39,1.7352755052570801e-38,1.0626597991832485e-39,-7.344906251313797e-39,7.528882380137019e-39,-1.0007834693465522e-38,3.9322924393109625e-37,-9.66906224436699e-37,-8.474266205148786e-37,-2.1157726313318343e-36,8.294054531227557e-39,-1.6458278102402462e-38,1.700069775708119e-29,-8.114670395950798e-30,-5.63208690412113e-30,4.097294995004936e-30,-1.1368611928931798e-29,4.017374324974124e-30,4.51524007670403e-30,-6.085616343780858e-31,1.2781420922213357e-29,7.015222390179794e-30,1.1909599758626567e-29,4.634991785813172e-30,1.771697703813952e-38,2.149602866137884e-39,-7.368816529045332e-39,-4.622388908436048e-39,-1.2841453105876276e-38,3.551316264646368e-39,0.021021271124482155,-0.8320541977882385,-0.5509902238845825,-0.05717603862285614,0.00942749809473753,-0.01304608304053545,0.010604821145534515,-0.008956734091043472,0.3101669251918793,0.9321107268333435,0.1869918406009674,0.0,-1.6351121503004242,-1.6235441982818295,-0.7498851707267677,0.4863111528431942,1.9359140380632404e-15,9.225599323326344e-16,-3.728133849488051e-22,1.5644308389389027e-22,1.8249523062580107e-30,8.205918352535305e-31,0.693015159899745,0.3070520115260911,6.717142583623215e-05,22.842599868774414,-1.2565971571143644,-0.5758941430038452,-0.5862354121877877,-1.4636557438694255,0.19110823670803606,0.5212721807393036
275.0,1332.5,0.42933075420189404,0.1459662339520476,0.4240798279189585,0.0006231839270997166,2.028977940004102e-12,0.9988955983891981,0.00047060237039518726,0.000633799240406781,0.0010357003600127217,0.754678483222024,0.24428581641796332,3.6883701279827726e-05,1.1082937176135758e-05,9.813673088748365e-06,0.18578601430457298,0.8140228465794035,0.00013335880447876028,0.4288566006253866,0.1101575760405624,0.3452106686994942,0.9877695081669684,0.005993151146003787,clean_balanced_ED_EQ,-8.196627110380587e-31,1.3889331830817127e-30,3.0408490332810094e-33,-3.48731273128913e-32,7.990936939420312e-33,-3.98304931213345e-32,1.5499072085279345e-25,-9.076393381461493e-24,2.4141417062974837e-22,-4.2009326754891304e-23,1.2057285787431654e-22,6.999039072743234e-23,-1.2687073158071e-38,1.8735805148214082e-38,3.1592996614343586e-39,-1.1994329907684933e-38,9.527776760769657e-39,-6.741484288924721e-39,5.370109745767866e-37,-1.0005454156338207e-36,-4.7154234075040026e-37,-2.3296950248141606e-36,2.949115603903196e-38,-7.474341787285783e-39,2.2541490252595906e-29,-5.7976635321987216e-30,-1.0312788121269637e-29,3.895941589354392e-30,-1.2228699979382795e-29,1.9017224808301983e-30,8.08587595763711e-30,1.0939008334804017e-30,1.2847048025031332e-29,8.887172195058663e-30,1.2449959938141362e-29,6.545432327643195e-30,2.5216244532737957e-38,8.12377665911092e-39,-7.3034236208227e-39,-5.502388282776338e-39,-2.335871637816961e-38,3.7040388342698556e-40,0.2062510997056961,-0.7482728958129883,-0.5750048160552979,-0.2576737403869629,0.011571062728762627,-0.017667869105935097,0.011872452683746815,-0.0019808264914900064,0.2658862769603729,0.9456946849822998,0.1869918406009674,0.0,-1.3690713011192752,-1.719944316557136,-0.9099223047200903,0.3248264181818497,1.8381542026386555e-15,1.1247278858059508e-15,-3.6212356726673776e-22,8.134311011487828e-23,6.4471246081519526e-31,3.463971932221758e-31,0.6028978858295816,0.397171173778112,6.905960769354458e-05,25.67125701904297,-1.2226155071811313,-0.7215122753059754,-0.3262050209442903,-1.611643639792631,0.12334841257859633,0.7088438930455052
285.0,1332.5,0.3730204978679853,0.22066714081700553,0.40529376720317184,0.001018594111837349,2.4547549796323648e-12,0.9752893911753108,0.0008509003791412734,0.02385970844554788,0.05235120165001734,0.7236781499522368,0.22397064839774591,6.510681256713322e-05,3.255376396688419e-05,0.00014451125284436182,0.18633209763313432,0.8022577691347088,0.01116796140277855,0.36380293426157867,0.15969198822170028,0.32515007352061864,0.9203706744421557,0.010801296438698624,mixed_higher_order,-9.853624138634031e-31,1.3032705839214543e-30,-2.66186845538126e-33,-4.818613942951603e-32,1.2080759394235177e-31,2.251924887870341e-31,6.248895791377481e-23,6.093846560271727e-23,3.244655114707525e-22,5.900145269800669e-24,1.4652399709366243e-22,1.0546974198865069e-22,-1.0749605776835069e-38,3.0486506392969476e-38,1.4690343129253633e-38,1.7512569995778805e-38,-3.940735103153196e-39,-4.799909794759409e-38,7.069176103827726e-37,-9.978008574630706e-37,-4.363036498729367e-38,-2.5369899912653983e-36,-1.381449967754159e-37,2.655942151380308e-37,2.9491191702502454e-29,-1.3732074948404753e-30,-1.5608625608431446e-29,3.1198747372242796e-30,-1.388256752869999e-29,-1.746666704397936e-30,-2.2864144049342518e-29,7.846381864507215e-30,1.3912202659597594e-29,1.249295576875574e-29,1.2000464854509878e-29,8.622507536425622e-30,3.2327864950001845e-38,1.6869069242442244e-38,-8.812695617793756e-39,-9.102555004863361e-39,4.0239493151194903e-38,-2.9228803608912454e-38,0.3510221540927887,-0.6238374710083008,-0.5138043165206909,-0.4611436426639557,0.05401311814785004,0.04455124959349632,-0.01718146540224552,-0.07629454135894775,0.221014603972435,0.9571763277053833,0.1869918406009674,0.0,-1.0992215250421242,-1.7469073784516753,-0.9952408695196984,0.10657601877861711,1.6754051336667945e-15,1.3115457273888122e-15,-3.2896097766305123e-22,1.849697782408835e-23,-7.1596401913357035e-31,-6.150744680563213e-31,0.5172919736703695,0.4827643946392171,5.6368309586662946e-05,31.90715980529785,-1.1472105680562725,-0.8673702824997259,-0.03018274902278769,-1.7550467937178167,-0.017324094653059136,0.9527004802989306
295.0,1332.5,0.3045141001716117,0.30639285342474915,0.3882963099964464,0.0007967364071927679,2.9805292144687637e-12,0.9962954655080081,0.0008397393854566561,0.0028647951065352284,0.00467875338115944,0.7595405851309281,0.23578066148791244,8.797700523821298e-05,8.574412458036976e-07,7.417046445479417e-05,0.18714810405533144,0.8111033192791858,0.0015855717545438946,0.30338601718422803,0.23271780717016866,0.3149484259019773,0.7842312490025943,0.020103127391514142,mixed_higher_order,-1.1570784624044817e-30,1.1679523371490393e-30,1.778765694048685e-32,-4.429228878758189e-32,-2.074314373377293e-32,8.568484580996577e-32,-3.346308352995265e-23,5.299905547214056e-24,4.22928670639128e-22,8.64525318866416e-23,1.7374898779842377e-22,1.6630330622817238e-22,-2.6506209440373706e-38,3.065963181972047e-38,3.8315674851484686e-39,-1.1524399367142714e-39,2.2674637233899325e-38,-2.9507206318210893e-38,8.963004714933984e-37,-9.714619918169996e-37,4.850393981788776e-37,-2.7086287396313392e-36,-1.2086804061544194e-38,-1.2106104022258225e-37,3.7451942189518117e-29,5.657190400719329e-30,-2.614168881566296e-29,-2.2817594642737757e-30,-1.1310249787282698e-29,-3.375427349873096e-30,-1.0577571495451004e-30,-9.41725702381281e-31,1.2303533096383368e-29,1.3911009048283906e-29,1.1398547614601297e-29,1.0651688373931917e-29,3.9828308506270294e-38,2.943886537407554e-38,-5.809185203845189e-39,-8.293896736072362e-39,3.9398714208485196e-39,1.6433882015959968e-39,0.46472859382629395,-0.45725980401039124,-0.36553218960762024,-0.6637026071548462,0.013636594638228416,0.0023199578281491995,0.02118912898004055,-0.015250084921717644,0.17565160989761353,0.9665301442146301,0.1869918406009674,0.0,-0.8078623667886705,-1.7002202280700116,-1.011270713971316,-0.1774379618303975,1.4394919493972472e-15,1.485263481041993e-15,-2.7078122051576037e-22,-3.611750438407111e-23,-2.0992898541008498e-30,-2.2161172658400726e-30,0.42525053320103773,0.5747964766605337,4.700986157146758e-05,37.10830307006836,-1.0280959922626114,-1.0185242086463946,0.3355420571352212,-1.8737835786615895,-0.2538432151944948,1.2418094786829301
