lam_nm,f_ED,f_MD,f_EQ,f_MQ,C_total_exact,px_given_ED,py_given_ED,pz_given_ED,mx_given_MD,my_given_MD,mz_given_MD,Qxx_given_EQ,Qyy_given_EQ,Qzz_given_EQ,Qxy_given_EQ,Qxz_given_EQ,Qyz_given_EQ,Cpx_total_fraction,Cmy_total_fraction,CQxz_total_fraction,ED_EQ_balance,CT_diag_over_CED,class,px_re,px_im,py_re,py_im,pz_re,pz_im,mx_re,mx_im,my_re,my_im,mz_re,mz_im,Qxx_re,Qxx_im,Qyy_re,Qyy_im,Qzz_re,Qzz_im,Qxy_re,Qxy_im,Qxz_re,Qxz_im,Qyz_re,Qyz_im,Qmxx_re,Qmxx_im,Qmyy_re,Qmyy_im,Qmzz_re,Qmzz_im,Qmxy_re,Qmxy_im,Qmxz_re,Qmxz_im,Qmyz_re,Qmyz_im,Tx_re,Tx_im,Ty_re,Ty_im,Tz_re,Tz_im,txx_re,txx_im,rxx_re,rxx_im,tyx_re,tyx_im,ryx_re,ryx_im,tbg_re,tbg_im,rbg_re,rbg_im,E_up_re,E_up_im,E_dn_re,E_dn_im,I0_re,I0_im,I1_re,I1_im,I2_re,I2_im,T,R,en_res,U_proxy,even_px_re,even_px_im,odd_Q_re,odd_Q_im,odd_m_re,odd_m_im
1262.0,0.00535117173693201,0.8841881049149192,0.10995588699882966,0.0005048363493192092,8.325100675717523e-12,0.3898984120457264,0.021592290212913017,0.5885092977413605,0.029119572264461893,0.05024696034903305,0.9206334673865051,0.0005786325247029231,0.0002876376318411236,7.961086342548667e-05,0.0045580490171088514,0.8822723766510167,0.11222369331190485,0.0020864133628137626,0.04442776464874662,0.09701104174922806,0.04866653239756928,2.0422733341348867,MD_contaminated,1.5196060100789046e-31,1.3668213567336985e-31,5.3918396488438785e-33,4.7794805796986147e-32,7.604677481317678e-32,2.393120328391137e-31,-1.677989695710626e-22,1.34814997198191e-22,2.73631825679024e-22,-7.122199465091798e-23,-9.308697277990218e-22,7.734877631140201e-22,-5.269550305424815e-38,-5.822450852184018e-38,2.492280997046444e-38,4.944105449089845e-38,2.777268169632267e-38,8.783465645200445e-39,1.118299085764457e-37,1.0855091100032778e-37,-6.696907071888329e-37,-2.06228633092795e-36,-5.324017381240083e-37,-5.6086836403055865e-37,3.047332249216485e-29,-1.0632209184913149e-29,-3.3266773776048936e-29,1.7607774804919163e-29,2.793448975340143e-30,-6.97557023709389e-30,-1.0007824231577973e-29,-2.2097460489880375e-30,2.3659082539648657e-29,-7.089158678757484e-30,-1.1136815336014427e-29,1.0120129122811924e-29,-6.904793896430929e-38,6.371561350278103e-38,-1.5834782641796049e-38,3.096043831184399e-39,4.3947834658788483e-38,-1.3477637661796617e-38,0.29448777437210083,0.29498693346977234,-0.39340028166770935,0.8109661936759949,-0.05868544802069664,-0.035737112164497375,0.055689986795186996,-0.06612420827150345,0.3147082030773163,0.9305873513221741,0.1869918406009674,0.0,-0.7214750311214195,-0.5079082331614639,-0.031136496128736427,1.2562528165679379,6.274242015287831e-16,-6.206700554115244e-16,-2.9508967589454024e-22,1.1550016690943633e-22,1.889562583237862e-30,-1.613611917546202e-30,0.178461463167781,0.8199037344503456,0.0016348023818734125,121.37718200683594,-0.12703639617300974,0.14123665113383352,-0.5164876538366638,-1.5905035222477102,0.22080547531404707,0.8483250943229322
1265.0,0.01961145019235979,0.8483650471557784,0.13129824499653872,0.000725257655323087,8.191409578747409e-12,0.03382951314449469,0.0067928191186751065,0.9593776677368302,0.11583040466158752,0.03589331606093243,0.8482762792774801,0.0002566127824141407,0.0006777093173181313,0.00019021978904503777,0.047705020005632516,0.6048236755163342,0.3463467625892559,0.0006634458120650386,0.030450634772610195,0.0794122871276507,0.14936566892327302,0.6973987545247592,MD_contaminated,-6.623193001589243e-32,-9.385205039262897e-32,3.4490520401064743e-32,3.820834599240125e-32,3.0214364081204564e-31,5.318883749814977e-31,-2.4808895145508595e-22,3.377887559614568e-22,2.2791258787380785e-22,-4.985741143317094e-23,-7.09059173020403e-22,8.85207094965313e-22,-4.929429112479282e-38,-2.8800825827424734e-38,5.032688567972207e-38,7.794392077786176e-38,-1.0325778021067464e-39,-4.914311352552524e-38,4.395457892156046e-37,3.3131037642453148e-37,-6.676211195151623e-37,-1.8426670661633173e-36,-1.2613849587297006e-36,-7.800651958106285e-37,2.6482739256710113e-29,-1.095775356606299e-29,-2.9558660624409075e-29,2.3195108580918432e-29,3.0759236982725885e-30,-1.2237366667723569e-29,-3.4132840188969263e-29,5.7924047742955205e-30,1.641156969090513e-29,-8.349448978060297e-30,-1.2367656220940977e-29,1.6311993602204452e-29,-6.129829055436357e-38,8.525472818735997e-38,-8.261380186507088e-39,1.5707953507987284e-40,1.1306464034472703e-37,-6.487379657621968e-38,0.44264328479766846,0.27327409386634827,-0.10492640733718872,0.8279335498809814,-0.08632792532444,0.03659985214471817,0.08501944690942764,-0.1104111447930336,0.3174538016319275,0.9296543002128601,0.1869918406009674,0.0,-0.5435341079269473,-0.5827309668615659,0.2750919560585442,1.0834854591513674,2.3181736446982243e-16,-4.230212774740694e-16,-2.7935116108428324e-22,1.372927752648178e-22,1.3470320910701023e-30,-1.727697824692985e-30,0.27940386782278087,0.7159024412225065,0.004693690954712615,151.71832275390625,0.087021988599697,-0.0614119162518754,-0.5124522419206728,-1.4143933461160307,0.15420351089913414,0.7049086628846943
1268.0,0.09664908171368021,0.7336668509317456,0.16757891988102167,0.0021051474735525526,1.3715021818184694e-11,0.023734715173153315,0.00046995867445329874,0.9757953261523934,0.29749396763147473,0.038771224797742206,0.6637348075707831,0.0018556213328250932,0.0008914288929904998,0.005238135671374089,0.02472180929331494,0.3176941240092376,0.6495988808002578,0.0022939384262210204,0.028445162404126326,0.05323883815401538,0.576737705328925,0.08692501428537294,MD_contaminated,-2.2331112445055656e-31,-1.65064673000494e-31,8.679201547564375e-33,3.809946811211094e-32,-1.0689363639097933e-30,-1.4239869352087855e-30,6.268121901796525e-22,-5.162752279175903e-22,2.813099872835759e-22,-8.249906813413127e-23,-6.881945119675583e-22,9.988202348118952e-22,-1.6310874368564525e-37,-1.564730971361648e-37,-8.24497431046868e-38,-1.332086194303617e-37,2.455584726517229e-37,2.8968169568584063e-37,5.362077263505769e-37,2.2977643538212196e-37,-6.751499970915423e-37,-1.9792655415363012e-36,1.9490407589005847e-36,2.2679286396734604e-36,2.7827377206486463e-29,-1.143587759729721e-29,-1.0349378632506938e-29,4.3427572841903854e-30,-1.7478010337782542e-29,7.093114431205316e-30,9.912102310852238e-29,-6.735651042778876e-29,4.770263296886971e-31,6.885766815600025e-30,-9.44712199781538e-30,1.8702136386834578e-29,-5.078737934624473e-38,9.445981322238622e-38,-1.9007961170227893e-38,1.1017016262491758e-38,-3.380306930295135e-37,2.4795294216102146e-37,0.5893355011940002,0.2774209678173065,-0.013415142893791199,0.7504611611366272,0.027496984228491783,-0.05596977099776268,-0.06530416011810303,-0.024687880650162697,0.32018354535102844,0.9287176728248596,0.1869918406009674,0.0,-0.34651149978542806,-0.6442695819377714,0.28925506844325705,0.9195927916531141,5.878697188591346e-17,-2.416239497014211e-16,-2.6272565466709726e-22,1.068498801103412e-22,1.0715592950554697e-30,-1.7123029456946642e-30,0.42816742575947847,0.5682460452131229,0.003586529027398644,313.9506530761719,0.15269001794937664,-0.20656981885245015,-0.5157819560243606,-1.5120631813715184,0.2545568864474462,0.868002464864833
1271.0,0.03386819485924172,0.8381328225181358,0.12747148520803403,0.0005274974145884505,6.334539654921057e-12,0.8542073325070079,0.002851362715485134,0.142941304777507,0.02377015771886673,0.04279190294814158,0.9334379393329918,0.0014928703125584265,3.015697277637586e-05,0.0013682714803234,0.21974144973101772,0.6769916783430848,0.10037557316023919,0.028930460387540425,0.03586529839884804,0.08629713471187268,0.2656923217295905,0.5947865930963675,MD_contaminated,-6.295247293794637e-31,-2.390628095505681e-31,3.4184750979438345e-32,1.857516745117166e-32,-2.746184552085304e-31,2.15522978214026e-32,1.4747091867640483e-22,-7.948066305651923e-23,2.2120920646454232e-22,-3.987288596739411e-23,-3.2421747818304437e-22,9.98484111683802e-22,-1.1483087620983295e-37,-3.82104850759254e-38,8.950704929756722e-40,1.7177346881553312e-38,1.1393582030086172e-37,2.1033132684078465e-38,1.0005930507599332e-36,2.7699695029605e-37,-5.836131918892632e-37,-1.7263523131685204e-36,4.144560528428813e-37,5.662206299432718e-37,2.2892222764624495e-29,-1.0544226775603141e-29,-1.4547089657474536e-29,1.336393198008296e-29,-8.345131325820745e-30,-2.8196945165045265e-30,-1.1053664367736742e-29,-1.9282594244841865e-29,5.968689114447398e-30,5.903077415452372e-30,-7.027539701416356e-30,2.567145260666941e-29,-2.6912262039678265e-38,1.1043406999709982e-37,-9.253794711860516e-39,1.7480467142597083e-39,-2.6923761283726082e-39,6.506859519050748e-38,0.7398134469985962,0.09903020411729813,0.289154052734375,0.5811142921447754,0.04484451934695244,0.04333608224987984,-0.06271414458751678,-0.10497043281793594,0.32289770245552063,0.9277774095535278,0.1869918406009674,0.0,-0.24562024455352072,-0.9235431678882832,0.49676525575273983,0.5668402600608469,-1.9708802720332768e-16,2.700895152448887e-16,-2.5097264730175284e-22,1.2508334492268177e-22,3.945706322326496e-31,-1.389541004120637e-30,0.561019964627686,0.4362557424449658,0.0027242929273482153,135.619384765625,0.22061865492903385,-0.5809556881781877,-0.4437500149920391,-1.3126311664925985,0.12274030016369812,0.6809460549866957
1274.0,0.06845387641174404,0.784110710697659,0.14691794383658685,0.0005174690540101204,5.419685184663783e-12,0.9911263108494573,0.002279371117642336,0.006594318032900217,0.015760324694083807,0.0474513491512709,0.9367883261546452,0.0011065486203201457,0.00011692505778829895,0.000538565149084749,0.3315059142636409,0.6185029682703834,0.04822907863878248,0.06784643799131657,0.037207111106565785,0.09086918435511046,0.4659327147123946,0.3356905632219384,MD_contaminated,-9.475588964780906e-31,-1.4348256174989897e-31,4.3810150860871175e-32,1.3889352714902743e-32,-2.8115175962736145e-32,7.294071149534619e-32,9.529757481091409e-23,-7.716065694444534e-23,2.115301386628871e-22,-2.2884994521497395e-23,-1.0185083380927936e-22,9.398537890560427e-22,-1.035089049135138e-37,-1.1982295578493134e-38,3.0842304019251794e-38,1.4001554737579842e-38,7.26665527233932e-38,-2.0192541854530717e-39,1.2719693967062496e-36,9.216228129329117e-38,-4.9437257036123186e-37,-1.6703386061170288e-36,3.8201733342464135e-37,3.0112999640360964e-37,2.0857955242871234e-29,-9.481907512800895e-30,-1.2439475022917701e-29,1.247735365542269e-29,-8.418479620551178e-30,-2.9954461426217946e-30,-1.1322431189297937e-29,5.408554914012588e-30,6.050123427887598e-30,6.741383595905859e-30,-1.752655786578891e-30,2.920392336217188e-29,-3.1525826461004655e-39,1.130458896682583e-37,-7.074844044850187e-39,1.2289918732084189e-39,8.69063523077969e-39,6.78764447708313e-39,0.8272672891616821,-0.0804518610239029,0.40937715768814087,0.3553914427757263,0.066216841340065,-0.0007010751869529486,-0.09179184585809708,-0.042430564761161804,0.3255963921546936,0.9268337488174438,0.1869918406009674,0.0,-0.22414654723847804,-1.181991268442195,0.4713816660029846,0.26072788007741726,-1.982304204139696e-16,7.293249902143806e-16,-2.4347815382633154e-22,1.1746803990013622e-22,3.3781854333718107e-32,-9.1722148683068e-31,0.6952288312426008,0.3041188306270211,0.0006523381303780162,126.4209213256836,0.13210080307946695,-0.8723937575636254,-0.3741277242881681,-1.2640668575940885,0.07028075943052829,0.6496177560238248
1277.0,0.12216782134545537,0.7000503326523622,0.17719771606764673,0.0005841299345357008,4.668551140617214e-12,0.996744756266942,0.0019220678056680982,0.0013331759273898464,0.009981083187879259,0.06085877328571199,0.9291601435264089,0.000837538415389758,0.00011638502717663704,0.0003312922785158495,0.39440565114779796,0.5830897333619224,0.021219399769197383,0.12177013531063922,0.04260420448347737,0.10332216901422578,0.6894435439496115,0.19496910140765797,MD_contaminated,-1.1954320774501639e-30,6.585008296546782e-32,5.257188746283346e-32,5.2442486494825144e-34,3.403556424673408e-32,2.754610376948865e-32,4.782758898084803e-23,-7.144727086318569e-23,2.1198273766020837e-22,-1.1685435509405362e-23,7.862437236713036e-23,8.25816494198766e-22,-9.2781124319605e-38,7.15026806846912e-39,3.468897164017823e-38,-3.7402711754434654e-41,5.80921582375137e-38,-7.112862321306562e-39,1.4171321898782037e-36,-1.7507871478962666e-37,-4.097046694556804e-37,-1.687150840435769e-36,3.1158583095621154e-37,1.1229382847890328e-37,1.9741291247563448e-29,-8.355098044724014e-30,-1.077096773117959e-29,1.118254842682519e-29,-8.970322306247474e-30,-2.827457037851286e-30,-2.5201356423557747e-30,1.0822753097453431e-29,5.370086695309955e-30,8.760327339559008e-30,4.210836848940599e-30,2.983776405234347e-29,1.9215215004032233e-38,1.0588862283474034e-37,-4.5112323978587403e-39,-4.266674178132577e-40,-2.844712385970636e-39,-8.058027334259337e-39,0.8496488332748413,-0.2840156555175781,0.4175668954849243,0.1150815337896347,0.04874010384082794,-0.023716751486063004,-0.0677715316414833,0.0018621484050527215,0.32827967405319214,0.925886869430542,0.1869918406009674,0.0,-0.29822424308781936,-1.4393669561841045,0.3229220125420135,0.013966382374344158,-2.114456838513556e-17,1.1411633559181658e-15,-2.458014318882523e-22,1.0514877513092927e-22,-1.1106667506177014e-31,-3.4250928647178796e-31,0.8055061144878451,0.19220231972200758,0.002291565790147221,114.78902435302734,-0.06048409586022703,-1.0980187892064317,-0.3085982798609389,-1.2707979333409503,0.03580214660122403,0.6494783223552956
1280.0,0.1814401830310954,0.6045448366040833,0.2133638398618023,0.000651140503018988,4.075889603612827e-12,0.997519709745939,0.0016392513220333312,0.000841038932027692,0.006367759508874658,0.0830793296384145,0.9105529108527108,0.000637550852517354,9.350480442917214e-05,0.0002429026548285439,0.4110367200344732,0.5785680016476961,0.009421320006055636,0.18099015871342836,0.05022517976143207,0.123445490452722,0.8503792542757754,0.12659192752104598,MD_contaminated,-1.332762008821227e-30,3.183023686708247e-31,5.363918346012263e-32,-1.4432655256706754e-32,3.977996461945007e-32,-7.688229794412383e-34,1.9629908530388695e-23,-5.660273236238658e-23,2.1622607588347595e-22,-8.610668068094099e-24,1.9222182309867683e-22,6.901348128629899e-22,-8.121134422007612e-38,2.0796708706445857e-38,3.0882687746833707e-38,-8.773381309666174e-39,5.032871416882182e-38,-1.2023323048836664e-38,1.4389018263125869e-36,-4.415999956295885e-37,-3.6793049093223232e-37,-1.747407520539054e-36,2.271327382676279e-37,1.8351731085973466e-38,1.920124130907332e-29,-7.56874807273571e-30,-9.489278979193676e-30,9.934255395915678e-30,-9.711962329879644e-30,-2.3655036585353692e-30,2.8414325797127315e-30,9.813352662810489e-30,5.807718379409786e-30,1.090885174724122e-29,9.404214027183105e-30,2.84402977441838e-29,3.540387109923755e-38,9.29263630074778e-38,-3.3701739912863844e-39,-2.6292877006346652e-39,-1.0320625509370535e-38,-9.30393630517564e-39,0.8096064329147339,-0.4671361446380615,0.3424307703971863,-0.07473590970039368,0.03272973373532295,-0.02758018672466278,-0.03947676345705986,0.017393838614225388,0.3309475779533386,0.9249365925788879,0.1869918406009674,0.0,-0.4435247976874101,-1.6394564049066276,0.12336282300534036,-0.12736394437104318,2.5678724496073236e-16,1.4216806723484493e-15,-2.5629831564528534e-22,9.617749651743274e-23,-3.755083907025552e-32,1.8730944220959654e-31,0.8755106560143838,0.12470524918833828,0.0002159052027221886,101.37317657470703,-0.29167933733566065,-1.2212888681363776,-0.27583554023165285,-1.3100221626413673,0.02631976087430759,0.6609264887506731
1283.0,0.2400813671987802,0.5074424074309427,0.25177469813095754,0.0007015272393195313,3.5920446762131617e-12,0.9980183180209011,0.0014275996755821595,0.0005540823035167972,0.004284206218973931,0.11553090436038913,0.880184889420637,0.00048013078486817544,7.041248389030482e-05,0.00018419452742605513,0.3991163175928963,0.595693307208962,0.004455637401957114,0.23960560227988495,0.058625280241309856,0.14998050260116813,0.953556369964963,0.08666147595970002,MD_contaminated,-1.3736577172684715e-30,5.694261885951707e-31,4.924647866835776e-32,-2.716127003555683e-32,3.2596466971030907e-32,-1.2848335570290488e-32,5.08293446799927e-24,-4.215791088152051e-23,2.201692582240636e-22,-1.2241202061062302e-23,2.528588693562643e-22,5.536355661809318e-22,-6.858395430005191e-38,2.963168481648433e-38,2.518123286909106e-38,-1.358274600898543e-38,4.3402754305581563e-38,-1.6048920840830432e-38,1.3700811136825932e-36,-6.654740436925689e-37,-3.7149266091307326e-37,-1.8233571356523274e-36,1.5947260735487385e-37,-2.163692778788434e-38,1.8948243694379193e-29,-7.184896391311015e-30,-8.543403120147895e-30,8.792459429819234e-30,-1.0404842423792106e-29,-1.607565504589296e-30,5.3820949469912395e-30,7.530110134329846e-30,7.00458517425747e-30,1.2426755171787625e-29,1.318658681061086e-29,2.562635056007873e-29,4.507068540286924e-38,7.729455886428002e-38,-3.3147821740026056e-39,-4.542808695773362e-39,-1.3865783450875607e-38,-7.251687858069516e-39,0.7267836928367615,-0.6166005730628967,0.22070012986660004,-0.2023308277130127,0.023649193346500397,-0.025058487430214882,-0.018043648451566696,0.019217824563384056,0.33360031247138977,0.9239831566810608,0.1869918406009674,0.0,-0.6264890591059193,-1.7741146382655086,-0.08147241721617336,-0.1757207562078355,5.709215869689129e-16,1.5737521413888567e-15,-2.7152347897358433e-22,9.266463072477183e-23,1.8310379374552253e-31,6.2079880073688285e-31,0.9095980150131632,0.09034120919655968,6.0775790277189934e-05,87.39954376220703,-0.5205788796817067,-1.2558207013378946,-0.277205158285639,-1.360576012881243,0.03732952564276432,0.6714057924725039
1286.0,0.2912118153542214,0.42140562308291885,0.2866492436581752,0.0007333179046844736,3.2244865732421517e-12,0.9984055090389172,0.0012393636098532678,0.00035512735122938076,0.002995866153050707,0.15547583325387146,0.8415283005930778,0.00036013616095654816,5.183588385919888e-05,0.00014098201892299699,0.37645139588659254,0.6207136613065656,0.002281988743103038,0.29074748074687856,0.0655183903866837,0.17792710154182373,0.9843324636725455,0.06221716439823917,MD_contaminated,-1.3492302044925553e-30,7.8151859065683865e-31,4.19141961216798e-32,-3.5512602585358166e-32,2.482724813652704e-32,-1.57597555951753e-32,-1.7901461899447624e-24,-3.0750286614152554e-23,2.2102472552707507e-22,-1.9671110287665033e-23,2.7282741686447633e-22,4.382642023361073e-22,-5.650611723630277e-38,3.3858636346596517e-38,1.9606618444263434e-38,-1.5497124128512996e-38,3.6899506403847884e-38,-1.836151868351193e-38,1.2572772470163328e-36,-8.289878563838431e-37,-4.106624486247691e-37,-1.8896836646219053e-36,1.1161278950832106e-37,-3.592550126439461e-38,1.8740913828015813e-29,-7.132946896256911e-30,-7.866201768172329e-30,7.881281508690331e-30,-1.087470708138838e-29,-7.483339901265322e-31,6.29731756275617e-30,5.454330694914709e-30,8.542346914638853e-30,1.305657601794694e-29,1.5638792400360792e-29,2.2479208386086177e-29,4.931236964143941e-38,6.256953134935298e-38,-3.911135968887953e-39,-5.771829283145823e-39,-1.506362137688922e-38,-4.905620513136309e-39,0.6275838613510132,-0.724851667881012,0.09323175996541977,-0.2684387266635895,0.018956584855914116,-0.022115668281912804,-0.004618808161467314,0.015426603145897388,0.33623796701431274,0.9230265617370605,0.1869918406009674,0.0,-0.8095863862487064,-1.8472740714043692,-0.25214555167434866,-0.15919907067046457,8.584637587005538e-16,1.6227822596632437e-15,-2.87393166779379e-22,9.49748019037337e-23,4.7041193336456e-31,9.282824504908138e-31,0.9201198983510877,0.08101082451247242,0.0011307228635599742,75.1481704711914,-0.7128105332059748,-1.2306111626514626,-0.30500533577477507,-1.4034972093656102,0.059847080002214274,0.6724421874336634
1289.0,0.3335817706425635,0.3484014382322922,0.31727075095033647,0.000746040174807773,2.933299471851334e-12,0.9987003307622899,0.0010800873009725537,0.00021958193673738476,0.002197571472759329,0.20245140456370003,0.7953510239635406,0.00027108400219207903,3.7313864115486624e-05,0.0001095300953412418,0.34973839693146946,0.648580524719223,0.0012631503876587944,0.3331482246769985,0.07053436052214074,0.20577563012943118,0.9511033841543324,0.04575262137894332,mixed_higher_order,-1.2852430136553267e-30,9.518702746765048e-31,3.3864789706339386e-32,-4.0243432133820146e-32,1.8125980516936166e-32,-1.5292150146242226e-32,-4.947109690462954e-24,-2.2446909087813e-23,2.1872631406402528e-22,-2.8843280679373216e-23,2.703982316241733e-22,3.4365997804900497e-22,-4.598093365314379e-38,3.494067270724696e-38,1.4919245923674093e-38,-1.537796288863275e-38,3.1061692172681086e-38,-1.9562719587e-38,1.1284276537185725e-36,-9.370350990527939e-37,-4.73168621915266e-37,-1.9405656922241074e-36,7.88872304617486e-38,-3.9331398366030954e-38,1.8462043466931775e-29,-7.312860223316637e-30,-7.298975946135555e-30,7.178813255716721e-30,-1.116307317400354e-29,1.3404131439259322e-31,6.52659142064521e-30,3.76885544565675e-30,9.958539893117913e-30,1.3083418706581248e-29,1.692338993000442e-29,1.9354080637913745e-29,4.975087144254965e-38,4.956531295841018e-38,-4.680851058771754e-39,-6.479934196376388e-39,-1.5297993974217636e-38,-2.7262117894432623e-39,0.5237637758255005,-0.8003684282302856,-0.02549062669277191,-0.2896648049354553,0.016391603276133537,-0.019675033167004585,0.0037423137109726667,0.010514970868825912,0.33886057138442993,0.9220669865608215,0.1869918406009674,0.0,-0.9809020506186301,-1.8753318360079896,-0.3843551719721651,-0.10330546961567877,1.105831948719585e-15,1.6026691849135288e-15,-3.0235544954980487e-22,1.0184856308066781e-22,7.772808647145151e-31,1.1280135369557947e-30,0.915573905362888,0.08468004079176923,0.00025394615465712533,64.63138580322266,-0.8661649609727058,-1.1695211988225427,-0.34979571401842774,-1.4345870171263266,0.08754811500104917,0.6639007784966369
1292.0,0.3675644637022976,0.28835578900448083,0.34333710382499705,0.0007426434682244615,2.698548301656049e-12,0.9989062850946697,0.0009602827557924549,0.00013343214953767167,0.0016628429729549476,0.25527968570339393,0.7430574713236512,0.00021050839156286943,2.8288304706096117e-05,8.655556854975162e-05,0.32313760083956683,0.6757941441600351,0.0007429027355793738,0.3671624529696767,0.07361137518781803,0.23202520423779904,0.934086773151925,0.034167548326072675,mixed_higher_order,-1.2023473466122573e-30,1.0826113323262512e-30,2.644362614272241e-32,-4.262870026162945e-32,1.3349243208667246e-32,-1.3094413655243984e-32,-6.322000193309279e-24,-1.6348528439748066e-23,2.1381135009342242e-22,-3.8111874071198504e-23,2.553539339152449e-22,2.684929412625633e-22,-3.76891964749772e-38,3.4555304046214944e-38,1.1548386596922163e-38,-1.4764131850725216e-38,2.6140815772028663e-38,-1.9791169480793226e-38,1.0014601800513608e-36,-1.0018908621374815e-36,-5.47573315845212e-37,-1.974055168411191e-36,5.609213699188813e-38,-3.830341631644598e-38,1.8079797340373388e-29,-7.592406900651855e-30,-6.783787770757471e-30,6.616498039162137e-30,-1.1296011471622621e-29,9.759113974986554e-31,6.398871700160643e-30,2.455465928035376e-30,1.1080742352928905e-29,1.2679675700203904e-29,1.7400807575344277e-29,1.6507403326633524e-29,4.786557314190866e-38,3.866279510780178e-38,-5.3968349702831766e-39,-6.773041016407482e-39,-1.4979329357017165e-38,-9.823956257551257e-40,0.4236450493335724,-0.8505390286445618,-0.1269632875919342,-0.28088080883026123,0.014902746304869652,-0.017788022756576538,0.008746437728404999,0.005628722254186869,0.3414682447910309,0.9211044907569885,0.1869918406009674,0.0,-1.1329493894641878,-1.872712728914678,-0.4792143452662172,-0.0288925333142042,1.307529539843289e-15,1.5420906199469614e-15,-3.1530319319225096e-22,1.1184575599249493e-22,1.0711870997534385e-30,1.2476277982547043e-30,0.9034302726734954,0.09512188785244557,0.0014478394740590206,55.91487121582031,-0.9828467795196851,-1.0915489079009348,-0.4029226026346195,-1.4525752500792062,0.11541250092481428,0.6474754454292545
1295.0,0.39380769456505604,0.24158157298511748,0.36388312625667596,0.0007276061931505429,2.5160414011639965e-12,0.9990552381740022,0.0008653288115767608,7.943301442114392e-05,0.0013036451466338266,0.3090432318302924,0.6896531230230738,0.00016401471320969007,2.1399393406195322e-05,6.898312400134934e-05,0.2989605590003156,0.7003155093658279,0.0004695344032391571,0.3934356400884467,0.07465915006596636,0.25483299691407385,0.9240122305344224,0.025926635914647462,mixed_higher_order,-1.1164504951243806e-30,1.1803425206695257e-30,2.0289824593502732e-32,-4.329741010772783e-32,1.0367678725436242e-32,-1.0118620408613308e-32,-6.614044564349422e-24,-1.2089716203914316e-23,2.0700842492753878e-22,-4.6550894197393194e-23,2.361672724422249e-22,2.1139855156018526e-22,-3.0660763320028697e-38,3.3182821383814907e-38,8.659427887144024e-39,-1.383228940895774e-38,2.2001341779947444e-38,-1.935055303048833e-38,8.840301970387571e-37,-1.038648134586344e-36,-6.256349585858007e-37,-1.9915658621784284e-36,4.098524479446733e-38,-3.5240809277684867e-38,1.7622920300583544e-29,-7.926126171496375e-30,-6.291330589067033e-30,6.1882779867934444e-30,-1.1331590991339195e-29,1.7378494645256126e-30,6.0927072279258176e-30,1.532835948727202e-30,1.1876951592747846e-29,1.2050677283410174e-29,1.7428432046531734e-29,1.4050542286221044e-29,4.4903230284071645e-38,2.98940457792534e-38,-5.955598206365739e-39,-6.783209235376418e-39,-1.435816737974e-38,3.1895344012107224e-40,0.3325766623020172,-0.8834620714187622,-0.20754748582839966,-0.2553214430809021,0.014098364859819412,-0.016395587474107742,0.011347752995789051,0.0015839998377487063,0.3440612554550171,0.9201390147209167,0.1869918406009674,0.0,-1.2635841041532982,-1.8528130312094913,-0.5422751427430992,0.04854763811479537,1.4661263532680581e-15,1.46456313877544e-15,-3.2586261031452557e-22,1.2366772412530926e-22,1.3371900352319277e-30,1.3128627601375256e-30,0.8915800471238218,0.10839627872414351,2.367415203474721e-05,49.08523941040039,-1.0690894597979297,-1.0112195704401274,-0.45823246265053624,-1.4586782868074084,0.1406414451296191,0.6254222295357256
1298.0,0.4142574521337679,0.20436803063720874,0.3806670922669909,0.0007074249620322349,2.361882390558518e-12,0.9991796843256645,0.0007734100508489687,4.690562348658352e-05,0.0010482325885950562,0.3635457477044734,0.6354060197069316,0.0001325508293436558,1.706796477752252e-05,5.6410441448516214e-05,0.27697026497425925,0.7225104269634797,0.00031327882669141785,0.4139176302525723,0.07429712850489478,0.27503594336476994,0.9189142894261554,0.01986962725540857,mixed_higher_order,-1.0316685615725211e-30,1.2517336105280206e-30,1.4757907160640188e-32,-4.264802046773885e-32,8.46592849570481e-33,-7.200442964272019e-33,-6.5697390278940575e-24,-8.901076301612394e-24,1.98863375481113e-22,-5.385731343287723e-23,2.1423327318488007e-22,1.6820672167574989e-22,-2.558032411711504e-38,3.143657733006349e-38,6.738644804516182e-39,-1.288806538431753e-38,1.8841669487990896e-38,-1.8548513209543854e-38,7.792273826744724e-37,-1.0530697055362623e-36,-7.037397144097885e-37,-1.9953791923860746e-36,2.9901377411700157e-38,-3.2357878169660115e-38,1.7078129745616363e-29,-8.245138398740096e-30,-5.800894972378014e-30,5.827197042574697e-30,-1.1277232835653372e-29,2.4179416790962288e-30,5.731462260600581e-30,8.365488421723285e-31,1.2529013485003181e-29,1.1264980839984206e-29,1.713334833400492e-29,1.199112439479883e-29,4.130927203293362e-38,2.2946225193253137e-38,-6.491268007920526e-39,-6.586338478260616e-39,-1.3664480135924782e-38,1.3361391307013378e-39,0.25029170513153076,-0.9031334519386292,-0.2695395052433014,-0.21912869811058044,0.013229751028120518,-0.015755705535411835,0.012500403448939323,-0.0017449710285291076,0.3466395437717438,0.9191707968711853,0.1869918406009674,0.0,-1.3753829133412088,-1.8207780843532526,-0.5801628717823173,0.1243443221333697,1.5890418925550624e-15,1.3781337300867533e-15,-3.3409858327181004e-22,1.3663043787043154e-22,1.5771714696340971e-30,1.3370698461072956e-30,0.8787192382374178,0.12082823623271828,0.0004525255298638564,43.56100845336914,-1.1311312087677003,-0.932269052523806,-0.5130587010599172,-1.4547234376649905,0.16233981776428064,0.5994254461992184
1301.0,0.42997522887387607,0.17510543298232628,0.3942376522111314,0.0006816859326663346,2.2341279940764966e-12,0.9992664079973327,0.0007053850811956365,2.8206921471732764e-05,0.0008801802482666532,0.41558455434234715,0.5835352654093862,0.00010660754708743277,1.3666159097818129e-05,4.580861177862938e-05,0.2581209932109737,0.7414917641934525,0.00022116027760991049,0.42965980248462915,0.07277111332888381,0.29232397224951656,0.9168845685451625,0.015322533079013868,mixed_higher_order,-9.520038808884448e-31,1.3042887413854581e-30,1.0499361531113664e-32,-4.1597975057253646e-32,7.296699157663217e-33,-4.512335754088036e-33,-6.3719891192058675e-24,-6.592537421431614e-24,1.8997443117676265e-22,-6.000956461469928e-23,1.938938133952932e-22,1.3467431150825833e-22,-2.1234315778321554e-38,2.9348928929645126e-38,5.1019621103266825e-39,-1.1924334249771394e-38,1.6132347194447264e-38,-1.742457097515401e-38,6.904740537581103e-37,-1.054457055431627e-36,-7.794203185945347e-37,-1.9889939041476013e-36,2.2056036388283518e-38,-2.957510036893314e-38,1.6477080342302865e-29,-8.543040439388361e-30,-5.2953318899944076e-30,5.508647974444834e-30,-1.1181744215261504e-29,3.0343927908702156e-30,5.3575125096019144e-30,3.007414575875985e-31,1.2873501893330504e-29,1.0501597793752538e-29,1.6677689522938773e-29,1.0245121519397011e-29,3.757190525022545e-38,1.7394441742184074e-38,-6.817067128118292e-39,-6.338101801821801e-39,-1.2962994066936537e-38,2.13932127884832e-39,0.17606991529464722,-0.9145224094390869,-0.3163011968135834,-0.17858920991420746,0.012532662600278854,-0.015072942711412907,0.013020496815443039,-0.004231922794133425,0.34920307993888855,0.9181999564170837,0.1869918406009674,0.0,-1.471622563012664,-1.7827989111504345,-0.6000040555744206,0.19439991375525484,1.6846119941937282e-15,1.2912507231337867e-15,-3.4035560775866204e-22,1.5007799104959875e-22,1.7887712158585283e-30,1.3357767063018283e-30,0.8677361136719711,0.13212799551134255,0.00013589081668630154,39.15644454956055,-1.1759049342502592,-0.8582961927379552,-0.5656157729473141,-1.4433884999438735,0.18046718337996592,0.5713114355821152
1304.0,0.4425899122998536,0.15120221454379912,0.40555529904401416,0.0006525741123330786,2.1215797412589395e-12,0.9993434744993481,0.0006377636244965788,1.8761876155456623e-05,0.0007834438270032296,0.4668528175245779,0.5323637386484189,8.797836610303475e-05,1.1243321878763335e-05,3.787443549357534e-05,0.24070445808493504,0.7589913779530044,0.00016706783858514178,0.4422993407360975,0.07058917987572833,0.3078129752575591,0.9163229612184459,0.011769897002632377,mixed_higher_order,-8.772544620039274e-31,1.3427517736126487e-30,6.81721209409685e-33,-3.9941046696472745e-32,6.593775924958204e-33,-2.1954127214217996e-33,-6.1473610292767405e-24,-4.9125920687126974e-24,1.8072322677222061e-22,-6.510980087823124e-23,1.7423709365200306e-22,1.0825713228490112e-22,-1.775763554275372e-38,2.751908853306725e-38,4.017367651018947e-39,-1.099725164736684e-38,1.3740275651887355e-38,-1.6521823067386724e-38,6.103110237897041e-37,-1.0463541651638779e-36,-8.522296093000468e-37,-1.9749742013609754e-36,1.6368460671486008e-38,-2.7395630526526513e-38,1.584809560737459e-29,-8.81747634825427e-30,-4.800881732383361e-30,5.221360799280626e-30,-1.1047210914501127e-29,3.59611456214361e-30,5.006721648598923e-30,-1.07798640204239e-31,1.3091531959397615e-29,9.693764313024549e-30,1.6043037959529264e-29,8.756598803482362e-30,3.3737813236326654e-38,1.2914481248795067e-38,-7.070553327316191e-39,-6.006551654070968e-39,-1.2305079975945058e-38,2.7987454867976552e-39,0.10829345881938934,-0.9197210073471069,-0.35098275542259216,-0.1359495371580124,0.01171183306723833,-0.0147175882011652,0.012977286241948605,-0.006106570363044739,0.3517521917819977,0.9172264337539673,0.1869918406009674,0.0,-1.5558131643804631,-1.7407673712307332,-0.6066753848809778,0.2586673898354948,1.7596866628943098e-15,1.2055721406885501e-15,-3.4493876069803823e-22,1.6377715846599398e-22,1.981482981724666e-30,1.317524227161181e-30,0.8579679790148979,0.14187687141731722,0.00015514956778495126,35.516536712646484,-1.2077968903634622,-0.7890849463673608,-0.6156102155323043,-1.426627613618287,0.1953546875740885,0.5422398629277976
1307.0,0.4523720631000879,0.13203546088515883,0.41496843855876675,0.0006240374559865584,2.02296908532157e-12,0.999393522532162,0.0005904894839569855,1.5987983880887286e-05,0.0006732285091255318,0.5141803339179633,0.4851464375729112,7.219663791135156e-05,9.041061324493855e-06,3.1701375110831896e-05,0.22557781672618452,0.7741856553214075,0.00012358887806140377,0.4520977096367383,0.06789003736694314,0.32126261254332,0.9173166789191278,0.009077111865357873,mixed_higher_order,-8.094597580490014e-31,1.3693996879411102e-30,3.923563927190851e-33,-3.846731852983707e-32,6.362199203312313e-33,-6.523607284283326e-35,-5.648747499936533e-24,-3.578810311108199e-24,1.7137003445244784e-22,-6.916986321879358e-23,1.5638503204391182e-22,8.813303609994567e-23,-1.4946630654348725e-38,2.54423276946119e-38,2.9192632963880912e-39,-1.0025761848161325e-38,1.2027372944394519e-38,-1.541657222415845e-38,5.4240055164803915e-37,-1.0325070448522652e-36,-9.205868333422126e-37,-1.954732522356235e-36,1.2062805661318894e-38,-2.448976902357469e-38,1.519191308291925e-29,-9.053499396338525e-30,-4.295968864798458e-30,4.958575836344157e-30,-1.0895944882082577e-29,4.0949245559370465e-30,4.684562459229588e-30,-4.246536909862835e-31,1.3175662984528546e-29,8.936754331620115e-30,1.5390551858231542e-29,7.54387537899958e-30,3.0103047515361833e-38,9.397255516694823e-39,-7.248788028554236e-39,-5.654117993151864e-39,-1.164671411826626e-38,3.304657173486192e-39,0.04737918823957443,-0.9205663800239563,-0.37488511204719543,-0.093841552734375,0.011061162687838078,-0.014286802150309086,0.012580160051584244,-0.007608171086758375,0.35428696870803833,0.9162504076957703,0.1869918406009674,0.0,-1.6278048539693424,-1.697276740879972,-0.6025671132849089,0.31531198871848803,1.815967256189861e-15,1.1247114250095115e-15,-3.4796772335500783e-22,1.77289736244026e-22,2.146248127907785e-30,1.287074596218981e-30,0.850013709544341,0.14956122894844562,0.00042506150721344227,32.55999755859375,-1.228939209853705,-0.726432789655996,-0.6619389942580044,-1.4055313774088138,0.20706008606413887,0.512996447170901
1310.0,0.4604906509395165,0.11599204544867854,0.4229216761449476,0.0005956274668575465,1.9354460963528597e-12,0.999438861686078,0.0005443002229417817,1.683809098026564e-05,0.0006348885026414482,0.558603536866152,0.4407615746312066,5.930874894976775e-05,7.068651599760652e-06,2.6823816789730202e-05,0.21241467630045507,0.7873937015550719,9.84209271338005e-05,0.46023225199207146,0.06479356683597129,0.3330058640476456,0.9184153365156952,0.006969109193834476,mixed_higher_order,-7.4740160060871144e-31,1.3887612939744778e-30,1.612552957338621e-33,-3.6769278048900453e-32,6.264169032406788e-33,1.6323387891910834e-33,-5.419188607418139e-24,-2.530189742807064e-24,1.6199481463430542e-22,-7.231368289513059e-23,1.4025900978646757e-22,7.183182519745975e-23,-1.2659365061686058e-38,2.3384876177261008e-38,2.1307777821613068e-39,-8.92951229108119e-39,1.0528594459695731e-38,-1.445535164960888e-38,4.833109161633186e-37,-1.016205507177591e-36,-9.851472553134162e-37,-1.929600514757016e-36,8.542041594932123e-39,-2.26660119319336e-38,1.453735817719686e-29,-9.241037449418131e-30,-3.815475596646906e-30,4.683989264362646e-30,-1.0721882245510524e-29,4.557047514976626e-30,4.397910821666178e-30,-6.883542134258864e-31,1.3162450168480787e-29,8.217160972528819e-30,1.4740925454406762e-29,6.496437325828572e-30,2.667056602703083e-38,6.527076674090902e-39,-7.342623543223745e-39,-5.295440925102189e-39,-1.1069061677007366e-38,3.7489559724411634e-39,-0.008845938369631767,-0.9185715317726135,-0.3907299339771271,-0.05322856083512306,0.010297163389623165,-0.013855439610779285,0.012214754708111286,-0.008752845227718353,0.3568074107170105,0.9152718186378479,0.1869918406009674,0.0,-1.6918332004189593,-1.6531935270140359,-0.5916065794570912,0.36520570014521925,1.8601568612273595e-15,1.0487319587380971e-15,-3.4973375760889147e-22,1.9066748778559496e-22,2.2956222756516406e-30,1.25032926205123e-30,0.8441499143894053,0.15572897352650822,0.00012111208408649432,30.109670639038086,-1.2434607234540598,-0.6692039438569708,-0.7051198522920493,-1.3811129479473265,0.21597537945641726,0.4838211823805756
1313.0,0.46699879711209963,0.10278602205181141,0.4296481825130059,0.0005669983230832415,1.8575225543541743e-12,0.9994844772963863,0.0004941245750206962,2.139812859302059e-05,0.0005934899973244721,0.5987650798836176,0.4006414301190581,4.9335694022905356e-05,5.923784029438104e-06,2.2318124826567277e-05,0.20077487181709555,0.7990673617870622,8.018879296330983e-05,0.46675804862962805,0.06154468070477213,0.3433178396972738,0.920019891207283,0.005319300530472349,mixed_higher_order,-6.9161139735868485e-31,1.4017493617981976e-30,-4.3467881467519424e-34,-3.47518710766347e-32,6.475472866420797e-33,3.221135695846964e-33,-5.0485870522957976e-24,-1.7917551236630193e-24,1.5289105340941003e-22,-7.468616797000938e-23,1.2593897181780744e-22,5.926776285461476e-23,-1.0735574137005806e-38,2.159113835156782e-38,1.579948809455036e-39,-8.204669131499361e-39,9.155624973228203e-39,-1.3386468800678476e-38,4.314238385336636e-37,-9.984773464287485e-37,-1.0457019685042648e-36,-1.9013368715730925e-36,6.081709679041265e-39,-2.086941068484501e-38,1.3884766899254913e-29,-9.396160746173992e-30,-3.344332161480805e-30,4.4234796900118594e-30,-1.0540435414012212e-29,4.97268071804308e-30,4.1290686116839565e-30,-8.79567855401227e-31,1.3069866172190697e-29,7.547973606306733e-30,1.408145616166929e-29,5.58310563904595e-30,2.3455691169030873e-38,4.201478448837138e-39,-7.374217584311976e-39,-4.947101670517956e-39,-1.0499595703256703e-38,4.0858553957406586e-39,-0.060258522629737854,-0.9145541787147522,-0.39954718947410583,-0.015047763474285603,0.009535512886941433,-0.013628135435283184,0.011583326384425163,-0.009416096843779087,0.35931360721588135,0.9142908453941345,0.1869918406009674,0.0,-1.7481407787717311,-1.6098321604898607,-0.5752130871023232,0.408038339286336,1.893591764725177e-15,9.78987069976372e-16,-3.50402895094515e-22,2.037046533400866e-22,2.4294758343451688e-30,1.2115355212059614e-30,0.840317087435593,0.1600872281321346,0.0004043155677275756,28.089433670043945,-1.2522222169339474,-0.6178359561700006,-0.7450456015933319,-1.3546715182519815,0.2225514928604241,0.4555881377516973
1316.0,0.47241277367355455,0.09160411227716385,0.4354430520411493,0.0005400620081322615,1.7861695547998217e-12,0.9995148453762478,0.00045719565097884605,2.7958972773259262e-05,0.0005955026761008084,0.6355523128640959,0.36385218445980333,4.174138751753544e-05,4.876578791525025e-06,1.9246720323701218e-05,0.19040144079618965,0.8094645215116572,6.817300552050408e-05,0.47218358043208725,0.058219205425613804,0.3524757017660645,0.9217427561390371,0.004024992847804614,clean_balanced_ED_EQ,-6.411243745432789e-31,1.4097660264111534e-30,-1.927683003300282e-33,-3.3066467240284344e-32,6.861568630447927e-33,4.473307800814572e-33,-4.856368351288911e-24,-1.1486845974304717e-24,1.4404906574374265e-22,-7.634476704374607e-23,1.1313890279080063e-22,4.915085298161862e-23,-9.157678804791598e-39,2.0053927008728083e-38,1.065275749809313e-39,-7.459656607682496e-39,8.092406577721827e-39,-1.2594263567874863e-38,3.87221581575441e-37,-9.790533747949169e-37,-1.1022181084203952e-36,-1.8702099788139015e-36,3.8973356363394783e-39,-1.9537217535549357e-38,1.3248434157488146e-29,-9.507801249794556e-30,-2.9009208694927315e-30,4.1523815430161125e-30,-1.0347514652874838e-29,5.355421071657868e-30,3.900461994330361e-30,-1.0377454647917284e-30,1.293326984971776e-29,6.953591828636289e-30,1.3409495389024835e-29,4.854111437078689e-30,2.0445227820462465e-38,2.3870889044836113e-39,-7.374184761659677e-39,-4.626250173484621e-39,-9.995948749284738e-39,4.351076760554994e-39,-0.1076253280043602,-0.908541738986969,-0.4027228057384491,0.020834675058722496,0.008850868791341782,-0.013236367143690586,0.011100204661488533,-0.010022105649113655,0.3618057668209076,0.9133074879646301,0.1869918406009674,0.0,-1.797892574197217,-1.5667174957680865,-0.5548899141870378,0.444865354149793,1.9184427859125416e-15,9.142283967422969e-16,-3.5006890897516925e-22,2.163396342375139e-22,2.550031058736679e-30,1.1689907372473309e-30,0.8372848420030359,0.16284339909182008,0.00012824109485598534,26.385066986083984,-1.2565127938503953,-0.5714288498735731,-0.7817360589996702,-1.326425838199179,0.22697522007271348,0.4282620756406261
1319.0,0.47694932294839987,0.08198825132764609,0.44054811436952607,0.0005143113544279711,1.7206237063394113e-12,0.9995426549006877,0.00042094233331844847,3.640276599390566e-05,0.0005811633003743223,0.6688810176266218,0.33053781907300384,3.587945246597316e-05,4.359955431142573e-06,1.6313339810820353e-05,0.1814786174550825,0.8184071538183278,5.767597888168936e-05,0.47673119251292906,0.054840384981463146,0.360547728401195,0.9236790853295499,0.003013024308182958,clean_balanced_ED_EQ,-5.953873237025147e-31,1.4140633680768827e-30,-3.2415325661039546e-33,-3.1318842790890295e-32,7.32700251690023e-33,5.6611470247315665e-33,-4.550545709817869e-24,-6.624826148949985e-25,1.3545705916120496e-22,-7.739155529909395e-23,1.0163415675591848e-22,4.120106569830866e-23,-8.068294911827293e-39,1.8645632684415373e-38,7.936033233483554e-40,-7.037548883610221e-39,7.274687695912823e-39,-1.1608078221660678e-38,3.4860444538048584e-37,-9.603850224887696e-37,-1.1549705991336678e-36,-1.8367140095103408e-36,2.252792501824347e-39,-1.8074207576004506e-38,1.2594322939582578e-29,-9.593752077603916e-30,-2.4436890266029206e-30,3.88781676382114e-30,-1.0150633568637719e-29,5.705935313782776e-30,3.670390310780016e-30,-1.1606365284851154e-30,1.2766229454367568e-29,6.406521026130956e-30,1.2767139894453723e-29,4.2443311901452516e-30,1.7658533835294704e-38,9.441037700045426e-40,-7.349286533348221e-39,-4.319139929571296e-39,-9.498169056133142e-39,4.5702164054218615e-39,-0.15147413313388824,-0.9012824296951294,-0.4013005197048187,0.054097000509500504,0.00819107424467802,-0.012983125634491444,0.010527340695261955,-0.010402089916169643,0.3642839789390564,0.9123218059539795,0.1869918406009674,0.0,-1.8421063091920602,-1.5242849704607373,-0.5317930791581552,0.47615384440753367,1.9364707147861607e-15,8.544518500475923e-16,-3.488827483084592e-22,2.285452224859467e-22,2.6584008118185205e-30,1.1245881534551656e-30,0.8354900863343415,0.1641876209562207,0.0003222927094377326,24.94159507751465,-1.257476391399158,-0.5294568264733767,-0.8154281870247788,-1.2967502168292822,0.22956402984344648,0.40180182775254814
1322.0,0.48093813503566835,0.07360044115527285,0.444973338511216,0.00048808529784283354,1.660500296642906e-12,0.9995655232800631,0.00038943947255039454,4.5037247386524205e-05,0.0006365861863515503,0.6995873344628489,0.2997760793507996,3.0510881188658023e-05,3.6699868470206594e-06,1.4113596929648335e-05,0.17316073922357786,0.826737611004795,5.335530666175148e-05,0.4807291786122655,0.0514899364431071,0.3678761948415907,0.9252194951814644,0.002202772330271065,clean_balanced_ED_EQ,-5.532285700713777e-31,1.4162297854421238e-30,-4.2001358781850874e-33,-2.971605881363171e-32,7.824488412042916e-33,6.552734807366077e-33,-4.4936828427756395e-24,-2.381518770874068e-25,1.2718464329572318e-22,-7.796181284994464e-23,9.143920463330173e-23,3.427526484946929e-23,-6.874851815307747e-39,1.7307996013158594e-38,3.5384588080381284e-40,-6.449272250260336e-39,6.521020897279387e-39,-1.0858711479312047e-38,3.1400075550148567e-37,-9.410631420168546e-37,-1.205321405340356e-36,-1.8017051284219426e-36,6.927625469163922e-40,-1.7400472501057524e-38,1.1990064257554601e-29,-9.634428084234484e-30,-2.0442979442897345e-30,3.5945588721608e-30,-9.945768745662649e-30,6.0398695595590814e-30,3.479829270980867e-30,-1.2611379615313334e-30,1.2538757599632377e-29,5.910342987697154e-30,1.2099966939077779e-29,3.676485851816172e-30,1.5014893105609902e-38,-2.8948207526637913e-40,-7.270883113613751e-39,-4.0450697809759284e-39,-9.063685200875849e-39,4.766660300781917e-39,-0.19338509440422058,-0.8930100202560425,-0.39650431275367737,0.0849643275141716,0.007507611531764269,-0.012584111653268337,0.010130091570317745,-0.010643025860190392,0.3667481541633606,0.9113340377807617,0.1869918406009674,0.0,-1.8831333173931577,-1.4824892507811804,-0.5069721710950498,0.5028747465989429,1.9504853802122915e-15,7.988773954655624e-16,-3.4700110516726723e-22,2.405460339619754e-22,2.761464670789009e-30,1.0816236755463992e-30,0.8350794151124405,0.16465049973688511,0.00027008515067428185,23.6997127532959,-1.256544960397708,-0.4908501281479568,-0.8471188403477392,-1.2662667005456434,0.23073078039371261,0.3764075119469085
1325.0,0.4842457727858163,0.0664451558752736,0.44884279428746143,0.00046627705144855843,1.6058386216751212e-12,0.9995868483184311,0.00035879790031919853,5.43537812495454e-05,0.0006188524966852864,0.7255131703845448,0.2738679771187699,2.590992038358732e-05,3.0063257348718433e-06,1.2239637022732816e-05,0.16638068890265403,0.8335325403429993,4.5614871205437904e-05,0.4840457058304973,0.04820683569576501,0.37412507453707794,0.9268904748622064,0.0016148789728628206,clean_balanced_ED_EQ,-5.154252760587238e-31,1.4163091925802267e-30,-4.9670205740384445e-33,-2.811954976060443e-32,8.323723605990494e-33,7.364538875201096e-33,-4.1643836511509795e-24,3.735003589532368e-26,1.193061073320885e-22,-7.80943617929747e-23,8.262447315555493e-23,2.912748981381667e-23,-6.007034571871282e-39,1.5973737751536798e-38,1.499333422903317e-40,-5.811249743380998e-39,5.857102432453087e-39,-1.0162481158377358e-38,2.8407038338692185e-37,-9.24347822437101e-37,-1.2517476611556449e-36,-1.7657458060783584e-36,-2.8768031055310535e-40,-1.6008997683546435e-38,1.1388955090449582e-29,-9.666972335561373e-30,-1.6445798505098452e-30,3.325556503918406e-30,-9.744376993191384e-30,6.341413727740991e-30,3.297123671302698e-30,-1.3593559634112925e-30,1.232520198965435e-29,5.435458809198799e-30,1.1589602819379726e-29,3.1959126615040565e-30,1.2711853813016972e-38,-1.2687006216308633e-39,-7.199592892908946e-39,-3.7602767882156827e-39,-8.641086866013508e-39,4.931562753789819e-39,-0.23210230469703674,-0.8842713832855225,-0.38891300559043884,0.11269772797822952,0.006833587307482958,-0.012305510230362415,0.009550029411911964,-0.010679150000214577,0.3691985011100769,0.910344123840332,0.1869918406009674,0.0,-1.9191281716476365,-1.4420926305792279,-0.4810882151994678,0.5247297149383485,1.9594278341619993e-15,7.483353980731369e-16,-3.445002791379504e-22,2.519009069897225e-22,2.8493279162418823e-30,1.0381447032987849e-30,0.8360054826408859,0.16415935111533916,0.0001648337562250024,22.660024642944336,-1.2537702471299783,-0.4562738695241351,-0.875768688754135,-1.2353806899344997,0.2305997662402419,0.35229125163665487
1328.0,0.4873060043285696,0.060012726939699605,0.45223722395542254,0.00044404477630828013,1.5539306036061807e-12,0.9996040404985594,0.0003327658020592174,6.31936993812956e-05,0.0006645139649656752,0.7499214241993305,0.24941406183570378,2.265989347433652e-05,2.6901525467645143e-06,1.0695991023515799e-05,0.16023079122176107,0.839691541871682,4.162086951223427e-05,0.4871130508860467,0.04500482965670506,0.37973977187489794,0.9280354026799521,0.0011482056961994074,clean_balanced_ED_EQ,-4.811135672046746e-31,1.4144709788660772e-30,-5.621218708907503e-33,-2.667387169049863e-32,8.788296876413626e-33,7.99265851282494e-33,-4.036812299871148e-24,3.586600972239592e-25,1.1175306943676228e-22,-7.776065558284297e-23,7.450793504552379e-23,2.4763319304983247e-23,-5.259697866028557e-39,1.4969011571224078e-38,-8.084105810628517e-41,-5.4661867079298396e-39,5.340545027912373e-39,-9.502822435687986e-39,2.5735733035944592e-37,-9.07630864327002e-37,-1.2947152847521447e-36,-1.7285566775217738e-36,-1.4801650219084606e-39,-1.513270083592651e-38,1.080830695494685e-29,-9.652436667087483e-30,-1.2717076208204434e-30,3.0324796652696822e-30,-9.536600395636903e-30,6.619956647980969e-30,3.1217859587110815e-30,-1.4295907653445053e-30,1.2088233851543858e-29,5.012888492770762e-30,1.1021887112940898e-29,2.805635049026291e-30,1.0506965958256837e-38,-2.0358409883772657e-39,-7.110384313648803e-39,-3.506238350982892e-39,-8.26260636205953e-39,5.088666813751555e-39,-0.2684555649757385,-0.8746030926704407,-0.37885263562202454,0.13798588514328003,0.006187850143760443,-0.011877881363034248,0.009147691540420055,-0.01078215055167675,0.37163519859313965,0.9093521237373352,0.1869918406009674,0.0,-1.9515546205636949,-1.402459461476976,-0.45464752503981903,0.5423847449782883,1.9649888821518293e-15,7.018029076709982e-16,-3.413819039531235e-22,2.62773576459736e-22,2.9316955979675878e-30,9.962395335577336e-31,0.8371783336302183,0.16276935904756665,5.2307322215061625e-05,21.743677139282227,-1.2493143548328662,-0.4249377292247406,-0.901742433444942,-1.2039039957996498,0.22909567965788902,0.3292429211736115
1331.0,0.48991924803816267,0.05428782404244687,0.45536925722266697,0.00042367069672335654,1.5059324001396261e-12,0.999619488330141,0.0003069313208837063,7.358034897523312e-05,0.000680158283283039,0.7725920421352529,0.22672779958146408,2.022074247804373e-05,2.459810096988515e-06,9.440103497924692e-06,0.154786294695697,0.8451442233012713,3.736134695872227e-05,0.48973282804699564,0.04194234084003331,0.38485269721072773,0.9294781926738988,0.0007963920685940475,clean_balanced_ED_EQ,-4.494398607611383e-31,1.4115973579871847e-30,-6.268390075555302e-33,-2.5190398561670384e-32,9.390782121334472e-33,8.564715718868768e-33,-3.813564688885534e-24,5.727851148228539e-25,1.0457494685155252e-22,-7.717811834116097e-23,6.718068140634163e-23,2.1072697183881823e-23,-4.712075380129261e-39,1.414184687843211e-38,-1.577489249829546e-40,-5.1966067150473705e-39,4.8698283515261036e-39,-8.945238017769185e-39,2.3409206181049826e-37,-8.919837250770722e-37,-1.3357993650292692e-36,-1.6908786930148575e-36,-2.338517104648395e-39,-1.4135196773812342e-38,1.0243677567944501e-29,-9.641701834053841e-30,-9.165330961998628e-31,2.7584631093378014e-30,-9.32714661401466e-30,6.883239260283544e-30,2.9669086603085476e-30,-1.4933933919209907e-30,1.1859961030015657e-29,4.634240631777137e-30,1.0479625759979211e-29,2.4647234344891494e-30,8.449898970227953e-39,-2.6567913724290313e-39,-7.021508223095678e-39,-3.276936264742048e-39,-7.892268585643482e-39,5.193807988813064e-39,-0.3032433092594147,-0.8643154501914978,-0.36684998869895935,0.16111531853675842,0.00557380635291338,-0.011591007001698017,0.008729047141969204,-0.01072639599442482,0.37405821681022644,0.9083580374717712,0.1869918406009674,0.0,-1.981579745953295,-1.3634742941672313,-0.4277140968221361,0.5567899637989251,1.968167577557272e-15,6.584090921722901e-16,-3.377892547468167e-22,2.733548116498006e-22,3.0094108020265068e-30,9.545747910441655e-31,0.8391631208109056,0.1607283119106637,0.00010856727843067127,20.94730567932129,-1.2439660996257156,-0.39606758077570275,-0.9261674282788683,-1.1723592716386646,0.2268669285497633,0.30740056256092413
1334.0,0.4922003653981395,0.04916995961936454,0.4582255414789907,0.00040413350350530563,1.4611957599100592e-12,0.9996317594669756,0.00028481099829423746,8.342953473007762e-05,0.0007437700304462417,0.7929631672068083,0.20629306276274553,1.6788841450843535e-05,2.0244550967353597e-06,8.016240022049637e-06,0.15015915220667247,0.8497784242255412,3.559403121683401e-05,0.49201911727323044,0.03898996691120217,0.389390178577912,0.9309735906196115,0.0005453446670295054,clean_balanced_ED_EQ,-4.204587577363773e-31,1.4078057412023427e-30,-6.56357106573503e-33,-2.3915857819915436e-32,9.940152378584088e-33,9.019937154538058e-33,-3.725669825343497e-24,7.350042004164803e-25,9.771191202138684e-23,-7.633496908185976e-23,6.062366126217738e-23,1.8015473810387392e-23,-4.121458857764449e-39,1.2868166799786047e-38,-3.616722866872632e-40,-4.6781235088783854e-39,4.483122493232635e-39,-8.190056414484076e-39,2.133067109141061e-37,-8.78054331229064e-37,-1.374652671217921e-36,-1.6525545892475825e-36,-3.046505890256932e-39,-1.3574191870934796e-38,9.697837646799646e-30,-9.603683393544388e-30,-5.806097288420742e-31,2.4731361590685414e-30,-9.117225035758038e-30,7.13054795502573e-30,2.8408630276289945e-30,-1.5467138254053227e-30,1.1600485641237306e-29,4.279693782714426e-30,9.984860046227154e-30,2.1459886784252814e-30,6.556047136024586e-39,-3.178636008485866e-39,-6.900529214592414e-39,-3.058727338589912e-39,-7.54677754886403e-39,5.2999082430568454e-39,-0.33646395802497864,-0.8536077737808228,-0.3532808721065521,0.18188804388046265,0.004978237673640251,-0.011243322864174843,0.008394522592425346,-0.010622144676744938,0.3764677345752716,0.907362163066864,0.1869918406009674,0.0,-2.00908121525596,-1.3254220947102195,-0.4005567892519303,0.5678433334426248,1.9690612659988125e-15,6.184848902399554e-16,-3.3375154448376724e-22,2.835734195069621e-22,3.080518832892287e-30,9.150166490717905e-31,0.8420054216682502,0.15807393307011558,7.935473836573337e-05,20.25385093688965,-1.237834737593654,-0.36969479582251347,-0.9488240907860274,-1.1406398419376038,0.22388384934565977,0.28658057052218255
1337.0,0.4942957498501965,0.04452957248065786,0.46078878883819,0.00038588883095564016,1.4188752954412512e-12,0.9996421854098638,0.00026488705129688753,9.292753883930446e-05,0.0007637808847815907,0.8121555419110651,0.18708067720415333,1.4868310552183642e-05,1.8084713985461018e-06,7.103315189714504e-06,0.1461587405570569,0.8537864425640957,3.103678170690231e-05,0.4941188836190578,0.036164939069096735,0.39341522079557656,0.9322127268499452,0.00036828926688989684,clean_balanced_ED_EQ,-3.9393001301242245e-31,1.4031913064553446e-30,-6.894845881684335e-33,-2.2700576105991143e-32,1.0433518733212954e-32,9.412874550085459e-33,-3.513986657653751e-24,8.900957505887082e-25,9.118271259684404e-23,-7.522194716492749e-23,5.457934444526691e-23,1.5482288757412172e-23,-3.6857337801238744e-39,1.210139148915667e-38,-4.363466952274677e-40,-4.3902462686073185e-39,4.12207998799733e-39,-7.71114545713647e-39,1.9487036366554083e-37,-8.652064266321136e-37,-1.4107813313705522e-36,-1.613805250242184e-36,-3.5529999508207103e-39,-1.2425833773482755e-38,9.171784853887507e-30,-9.551281328305586e-30,-2.66118299226823e-31,2.1889966496901445e-30,-8.905665100553705e-30,7.362285405668931e-30,2.7018172847183983e-30,-1.5994040738280286e-30,1.1356257049715221e-29,3.969725500766316e-30,9.486505224751125e-30,1.9002039150633272e-30,4.770957777164174e-39,-3.559859325814113e-39,-6.791423803150395e-39,-2.864197564236865e-39,-7.215188592577538e-39,5.400156673733237e-39,-0.3679412305355072,-0.8422602415084839,-0.3385222256183624,0.20061030983924866,0.004521459806710482,-0.010799551382660866,0.008037996478378773,-0.010651984252035618,0.3788638114929199,0.9063642621040344,0.1869918406009674,0.0,-2.0339968477148767,-1.288032363984018,-0.3737862328169887,0.5760069729313458,1.9681341083535163e-15,5.8142715936558335e-16,-3.292997766798701e-22,2.933077970799505e-22,3.1471163014444813e-30,8.762442688257685e-31,0.8449201374627633,0.15501986780730087,5.999472993578614e-05,19.637264251708984,-1.2310090390959108,-0.34559179818072394,-0.9693961071210548,-1.1089007860038003,0.2201244200856347,0.2668309248656863
1340.0,0.49620333448487275,0.04035605179477039,0.4630720260028417,0.0003685877175151752,1.379038620431249e-12,0.9996528146385345,0.00024435870209749025,0.00010282665936807615,0.0008867411211959001,0.82969691998381,0.16941633889499405,1.2948970525254362e-05,1.5694615979732886e-06,6.268921895139581e-06,0.14282479527182645,0.8571223207673355,3.209660681967426e-05,0.49603105995082925,0.03348329187682811,0.39690936960998763,0.9332303792024575,0.00025995619503927774,clean_balanced_ED_EQ,-3.694178010575414e-31,1.3980961584753913e-30,-7.132566216936018e-33,-2.1454435590759917e-32,1.1033528544180364e-32,9.662355437255864e-33,-3.5325155678958906e-24,1.039300888458002e-24,8.504191049608856e-23,-7.385421724631823e-23,4.914317823775925e-23,1.3244892709604173e-23,-3.2486240515591984e-39,1.1287958996589975e-38,-5.510246001496536e-40,-4.0520391216102563e-39,3.799655218607728e-39,-7.235891521795754e-39,1.7825650915089985e-37,-8.538883673587967e-37,-1.444096489401757e-36,-1.575091831003646e-36,-4.386929943685669e-39,-1.231868032059429e-38,8.674471146320757e-30,-9.476415172472472e-30,1.5660914604789943e-32,1.9027664618337174e-30,-8.690130593723505e-30,7.573649994440541e-30,2.5882364704179234e-30,-1.6299354735694156e-30,1.11024066235506e-29,3.681049266748056e-30,9.021908991660656e-30,1.666929689276695e-30,3.1164826190867553e-39,-3.875689803676102e-39,-6.661741205300552e-39,-2.686777433249375e-39,-6.923562671828949e-39,5.460401317672525e-39,-0.3978953957557678,-0.8305535912513733,-0.3231160342693329,0.2170959860086441,0.0038915658369660378,-0.01048936415463686,0.007862496189773083,-0.010452532209455967,0.3812464475631714,0.9053646326065063,0.1869918406009674,0.0,-2.056496576156775,-1.2513855462921601,-0.3477162655285901,0.5816181058793782,1.965764141167093e-15,5.470268287136787e-16,-3.245053743134112e-22,3.0252908958962124e-22,3.208146944724523e-30,8.380152556279726e-31,0.8482651849492245,0.15170571301893004,2.9102031845473775e-05,19.09031105041504,-1.223793121534432,-0.323361852592167,-0.9878499843057551,-1.0774587792133314,0.21563813253384312,0.2483037455440768
1343.0,0.49784898361239927,0.036580649768971484,0.46521763300830604,0.00035273361032339364,1.3419562415202057e-12,0.9996617398023315,0.00022547498219949204,0.00011278521546895522,0.000957888559140745,0.8456713690696289,0.15337074237123033,1.1726240449323219e-05,1.4704656047591835e-06,5.568315402426359e-06,0.14018844652645338,0.8597623446742377,3.0443777852388654e-05,0.4976805811167935,0.03093520817158272,0.39997660293902026,0.9344553234450341,0.00020590640148882748,clean_balanced_ED_EQ,-3.4723026741363053e-31,1.3926431027141145e-30,-7.300440309469972e-33,-2.0281630634412566e-32,1.1597515220102665e-32,9.895275249727931e-33,-3.421880656240941e-24,1.1516430247767058e-24,7.91815573504992e-23,-7.237891878427339e-23,4.4187827806998126e-23,1.1601776723214256e-23,-3.0730229096052154e-39,1.0693619563747787e-38,-4.97512518853358e-40,-3.908525168838603e-39,3.57054117186705e-39,-6.78508578963501e-39,1.635070726392694e-37,-8.44552174985685e-37,-1.4761334230860971e-36,-1.5360330140300533e-36,-4.910912287348448e-39,-1.1686931996956795e-38,8.185977351123746e-30,-9.395580239801747e-30,2.9164553751450103e-31,1.6222440222510266e-30,-8.477622888638248e-30,7.773336957743398e-30,2.4842233769234044e-30,-1.6678445174009398e-30,1.0867192091372234e-29,3.41811689138939e-30,8.581743572030806e-30,1.47732984000564e-30,1.5881939394648147e-39,-4.106498584325575e-39,-6.546521563535645e-39,-2.5173354733845302e-39,-6.63095220082411e-39,5.5180594420766274e-39,-0.4266502857208252,-0.8185510635375977,-0.3065195083618164,0.23163309693336487,0.0033898844849318266,-0.010146227665245533,0.007601125631481409,-0.010320327244699001,0.3836159110069275,0.9043632745742798,0.1869918406009674,0.0,-2.0774089073498967,-1.2156926792530471,-0.3217485557824416,0.5845295434313159,1.9621598543293443e-15,5.155958973685494e-16,-3.193779593391003e-22,3.114871623000486e-22,3.2657417887638394e-30,8.026144042703755e-31,0.85217074717685,0.14777238686661448,5.686595653542348e-05,18.614938735961914,-1.2162968548920976,-0.3032615329479996,-1.0052590005685949,-1.0460511146045337,0.21085851297218555,0.2306763587821907
1346.0,0.49941523280301453,0.03308819077131139,0.46715920153536705,0.00033737489030696133,1.3063324473002715e-12,0.9996653338692401,0.00021295361524863927,0.00012171251551135805,0.0010797483703578455,0.8613398645369824,0.13758038709265977,1.0136122957372219e-05,1.2325809470781427e-06,4.976211975869373e-06,0.1379321340967207,0.8620227673140862,2.8753673312767083e-05,0.4992480954394098,0.028500177756735186,0.40270186768375604,0.9354124000451338,0.00019867054046413581,clean_balanced_ED_EQ,-3.262538717476686e-31,1.3868119297371098e-30,-7.397872410615145e-33,-1.9433110342802274e-32,1.2090865955109506e-32,1.0046502246861372e-32,-3.370113024845117e-24,1.3025097906422765e-24,7.359174380229445e-23,-7.06957051794571e-23,3.953553325914128e-23,1.001464158248503e-23,-2.7899211410398884e-39,9.911100475989382e-39,-5.9591276601733856e-40,-3.540682899306458e-39,3.3858336028577215e-39,-6.370421054999969e-39,1.4979308087050266e-37,-8.35988751935816e-37,-1.505975123320807e-36,-1.4966566564677822e-36,-5.394194940646882e-39,-1.101225683757667e-38,7.714718355653572e-30,-9.297128037730574e-30,5.479366088644889e-31,1.3336556200123301e-30,-8.262655337932388e-30,7.963472791132572e-30,2.38100028510634e-30,-1.7041519016119258e-30,1.0614252978862662e-29,3.1724919083486414e-30,8.15999925823045e-30,1.2971590371426544e-30,1.3227686284119123e-40,-4.300451015191297e-39,-6.421298198247529e-39,-2.354051451678995e-39,-6.358088564702055e-39,5.580075809616976e-39,-0.45441845059394836,-0.8059636950492859,-0.2895350754261017,0.24454659223556519,0.0030287778936326504,-0.009582622908055782,0.0073580010794103146,-0.010345238260924816,0.38597214221954346,0.9033600687980652,0.1869918406009674,0.0,-2.096554722445204,-1.1802133192634747,-0.2964195642353955,0.585616206688154,1.9576096355611203e-15,4.858124887626359e-16,-3.1393929626139504e-22,3.2005270077481435e-22,3.3199760108416866e-30,7.678071200504243e-31,0.85617460613503,0.1437947598105861,3.063405438386013e-05,18.177600860595703,-1.2085045026826882,-0.28430623112642184,-1.021014853101937,-1.0146971570671603,0.20549583872312424,0.21391394395686983
1349.0,0.5008220253517056,0.029924070830430707,0.46893078426452023,0.0003231195533432434,1.2728247716946712e-12,0.9996719679822607,0.00019707209971728243,0.0001309599180221414,0.0011613781872260296,0.8757919930704832,0.12304662874229091,8.872935266474316e-06,1.1570159341055768e-06,4.32195038543492e-06,0.13622561760136853,0.8637330170689297,2.7013428115796473e-05,0.5006577396922012,0.026207261633365217,0.40503100108929346,0.9363222073454347,0.00023037621170179725,clean_balanced_ED_EQ,-3.0710493344812385e-31,1.3808104857655173e-30,-7.504245198738145e-33,-1.8388782512213034e-32,1.2599377833875046e-32,1.0167893057246251e-32,-3.250186272071694e-24,1.3855117446879605e-24,6.830478860688128e-23,-6.890658425028214e-23,3.531138231688984e-23,8.700726965135647e-24,-2.3798988226832997e-39,9.290913706534014e-39,-7.593944889055566e-40,-3.379054570560161e-39,3.139292031125322e-39,-5.911865402203551e-39,1.3759674332929454e-37,-8.289674705956594e-37,-1.534081818653401e-36,-1.4572981263029765e-36,-5.7891897395556786e-39,-1.0320285107456236e-38,7.274748850315702e-30,-9.187091034255239e-30,7.732386606772559e-31,1.0453359022831838e-30,-8.047985627220073e-30,8.141756073858497e-30,2.28280797341736e-30,-1.7269646154431058e-30,1.0378309134363757e-29,2.9585058160281152e-30,7.747061197541842e-30,1.139480654593733e-30,-1.23318848119783e-39,-4.4424325635785975e-39,-6.301663123702893e-39,-2.217071726377676e-39,-6.091446039916515e-39,5.629461223090628e-39,-0.4810401201248169,-0.7930768728256226,-0.2720801830291748,0.2556569576263428,0.002590577583760023,-0.009191659279167652,0.007165129296481609,-0.010199473239481449,0.3883153200149536,0.9023553729057312,0.1869918406009674,0.0,-2.1141085547958105,-1.1455684197168088,-0.2717970265110502,0.5845603410794837,1.952312509039098e-15,4.58447465513643e-16,-3.0824164621177704e-22,3.282420834400787e-22,3.371216648660233e-30,7.351930365985144e-31,0.8604617210730886,0.13954347431214512,5.195385233802696e-06,17.789106369018555,-1.2005987601605437,-0.26702419060251564,-1.0354496969233409,-0.9836234840016005,0.19984985310356831,0.1981044644409234
1352.0,0.5020528613107714,0.02697911294990467,0.47065811836425114,0.0003099073750728034,1.2413340511322697e-12,0.9996801646869223,0.00018005195426028519,0.00013978335881732062,0.001299513996292623,0.8907231952699176,0.1079772907337897,7.903474816683225e-06,9.820097854716084e-07,3.905756222988553e-06,0.13546661567535062,0.8644943978469838,2.6195236840430533e-05,0.5018922870766925,0.0240309216922871,0.4068813066270977,0.9374672562077345,0.00029392534477203167,clean_balanced_ED_EQ,-2.8933582736468616e-31,1.3747736609689914e-30,-7.510530439008367e-33,-1.729385392432807e-32,1.3077945397878247e-32,1.0244438574858747e-32,-3.2018631285076964e-24,1.4627345634555856e-24,6.329023648468805e-23,-6.699134170059123e-23,3.1163034284814803e-23,7.647424252909066e-24,-2.331140685695209e-39,8.708834238433676e-39,-6.4270369073888775e-40,-3.1121947322936955e-39,2.973847170294547e-39,-5.596639665619923e-39,1.2674992786143695e-37,-8.249196591362668e-37,-1.5604069732178985e-36,-1.4178461987304472e-36,-6.13598350424535e-39,-9.85106185138665e-39,6.833213071241348e-30,-9.080341191787167e-30,9.964114407643066e-31,7.734171194982159e-31,-7.82962489212284e-30,8.3069228369081e-30,2.1865450435664817e-30,-1.7618317499492957e-30,1.0159780488966116e-29,2.7480950121613633e-30,7.354360574278474e-30,1.0131846817376327e-30,-2.5216950825338864e-39,-4.528824361218362e-39,-6.194200201094213e-39,-2.0775539420405427e-39,-5.839453916770987e-39,5.6704051869154884e-39,-0.5066276788711548,-0.779833972454071,-0.25425276160240173,0.265156626701355,0.002165516372770071,-0.00875894445925951,0.0069619412533938885,-0.0100836381316185,0.3906455934047699,0.9013490676879883,0.1869918406009674,0.0,-2.1302785012628016,-1.1113735169489076,-0.24799522456110193,0.5817795923632152,1.9465380418744458e-15,4.3283563465468447e-16,-3.0228948399122633e-22,3.360694437228362e-22,3.420426781919326e-30,7.0282739304390205e-31,0.8648940381610719,0.13510265185007458,3.309988853450463e-06,17.441190719604492,-1.1926974073377372,-0.2510159315276291,-1.0485493636682632,-0.9527525542855113,0.19386394460409528,0.18315344324174607
1355.0,0.5030832409534043,0.02435510697737304,0.4722643537390192,0.0002972983302034698,1.2114158979510285e-12,0.9996846018529665,0.00016606795881589118,0.0001493301882175952,0.0013894747463725724,0.9047659290256413,0.09384459622798617,7.215851890632766e-06,1.0143343987980747e-06,3.4465319637802825e-06,0.13492993398777473,0.8650340801349028,2.430915906925561e-05,0.502924569431404,0.022035670990901802,0.40852476081713684,0.9387399843493504,0.0003861803038765323,clean_balanced_ED_EQ,-2.7317907740862997e-31,1.3684557598908977e-30,-7.53540452763252e-33,-1.633105952988119e-32,1.3588292113432315e-32,1.0307300047052123e-32,-3.081429447066316e-24,1.5103537983496411e-24,5.862654485675342e-23,-6.504764075217551e-23,2.7392764697510976e-23,6.708830248409714e-24,-2.0770767351022032e-39,8.326093250210237e-39,-7.70354329173436e-40,-3.1237605617646336e-39,2.847417157402072e-39,-5.20232845444311e-39,1.1652862840940824e-37,-8.215253781125013e-37,-1.5848961809136143e-36,-1.3791152790581152e-36,-6.334454013238417e-39,-9.160387293154623e-39,6.426507931568596e-30,-8.958962371035539e-30,1.1912001813241366e-30,5.001263420372444e-31,-7.61770926339949e-30,8.458834782615975e-30,2.103569872731895e-30,-1.768724660321985e-30,9.940135242797796e-30,2.571645301648217e-30,6.964281251594357e-30,9.001129594197994e-31,-3.737873007367257e-39,-4.583996491456513e-39,-6.077162355404397e-39,-1.963155339943588e-39,-5.591430965276114e-39,5.697670976509558e-39,-0.5309321880340576,-0.7664085626602173,-0.23654809594154358,0.2730853259563446,0.0018241038778796792,-0.008405591361224651,0.006771750282496214,-0.009998195804655552,0.39296281337738037,0.9003411531448364,0.1869918406009674,0.0,-2.1445575646618273,-1.0782390282059213,-0.2251658518684173,0.5773563117621147,1.9399765549422497e-15,4.094294042520246e-16,-2.9620519402345896e-22,3.4341431496956023e-22,3.465262284626534e-30,6.734092477874416e-31,0.8693450545306213,0.1306764174674894,2.147199811064482e-05,17.127344131469727,-1.1845877316576752,-0.23647427496642298,-1.0602947481692118,-0.9226274282914296,0.18782236952445303,0.1692817209770792
1358.0,0.5040201356721435,0.021861054198915233,0.4738331134975694,0.00028569663137174676,1.1828317727744727e-12,0.9996901770563037,0.00015328365299250912,0.0001565392907037854,0.0015226044716027266,0.9189184147697154,0.07955898075868192,6.219181853698164e-06,8.139577014066942e-07,3.102499096362152e-06,0.13524804404283677,0.8647189181408105,2.2902177701247162e-05,0.5038639786700274,0.020088525269662014,0.4097324572829101,0.9401075075417021,0.0005039399699590524,clean_balanced_ED_EQ,-2.5770922555376197e-31,1.3621357521596543e-30,-7.46606390983905e-33,-1.5457489470264466e-32,1.3970912691607833e-32,1.0283404296061754e-32,-2.998039400081441e-24,1.5563281758103574e-24,5.407649208088315e-23,-6.294527336175449e-23,2.3708024850915275e-23,5.843333390145152e-24,-1.9435605782746017e-39,7.696000499199746e-39,-7.411972606959424e-40,-2.7743004707817496e-39,2.6847459760147056e-39,-4.921708868627409e-39,1.077999266021793e-37,-8.206526362984216e-37,-1.6081562729024494e-36,-1.3394102474983492e-36,-6.539044930958781e-39,-8.558657638189775e-39,6.030375429137238e-30,-8.825928141077314e-30,1.3675186492998806e-30,2.1725898906570573e-31,-7.397893304617361e-30,8.608668184736912e-30,2.0128673023234463e-30,-1.794084662156868e-30,9.7283474554624e-30,2.4009295917283207e-30,6.60931835283276e-30,7.938427297780961e-31,-4.890968406415365e-39,-4.6188247933286586e-39,-5.969085411964956e-39,-1.8477656242506124e-39,-5.3613266433487996e-39,5.747195472176616e-39,-0.5548853874206543,-0.7523239850997925,-0.21841731667518616,0.27976328134536743,0.0014768971595913172,-0.007976262830197811,0.00664713978767395,-0.009881057776510715,0.39526718854904175,0.8993318676948547,0.1869918406009674,0.0,-2.15807352511191,-1.0449077984683728,-0.20269321464093182,0.571550941247565,1.9330698724516855e-15,3.8697779974002273e-16,-2.898097484499543e-22,3.505863912672351e-22,3.508580162737671e-30,6.439295997233517e-31,0.873954973723359,0.12611543758285537,7.041130621443514e-05,16.838533401489258,-1.1765120670796188,-0.22259015900656484,-1.071107575784387,-0.8921101060591694,0.18135035702269714,0.15579869022162057
1361.0,0.5047250201999337,0.019618118518804458,0.47538246181019417,0.0002743994710675347,1.1559525490650272e-12,0.9996931197430249,0.00014111964865177508,0.00016576060832338316,0.0017105457846303587,0.9329157830611845,0.06537367115418516,5.786832275022589e-06,7.725235521873012e-07,2.875118975410054e-06,0.13633642280011773,0.8636311661590846,2.297656599497696e-05,0.5045701300560329,0.018302052400157587,0.4105551098647145,0.9418642682343819,0.0006436740898551596,clean_balanced_ED_EQ,-2.4356233156654197e-31,1.3557801025886153e-30,-7.533721175946267e-33,-1.4529089995075076e-32,1.4476992705533828e-32,1.0248792008761492e-32,-2.943239856130179e-24,1.6368323054423093e-24,4.9894215978592136e-23,-6.079739863018678e-23,2.0166806754211045e-23,5.1734052701917504e-24,-1.8745114498017788e-39,7.398188211549748e-39,-7.3010362993270565e-40,-2.6912328040439746e-39,2.604616763496696e-39,-4.706941004592243e-39,9.996254593161762e-38,-8.222835065956547e-37,-1.629346678240651e-36,-1.3006309724707348e-36,-7.020191491345202e-39,-8.145641347784331e-39,5.633667543419689e-30,-8.695089437049205e-30,1.5490452242658808e-30,-4.382295337036469e-32,-7.182711791835162e-30,8.738912927137295e-30,1.9338579752830386e-30,-1.8117033633463964e-30,9.526704470012525e-30,2.2464622850767134e-30,6.2365065489519205e-30,7.165220649135891e-31,-6.006984206059041e-39,-4.608595399722415e-39,-5.866391686947503e-39,-1.7393625804680067e-39,-5.142422654883925e-39,5.7522492896173215e-39,-0.5774792432785034,-0.7381302714347839,-0.2005450427532196,0.2849953770637512,0.0010749249486252666,-0.007620271760970354,0.006584875285625458,-0.009710581973195076,0.3975589871406555,0.8983211517333984,0.1869918406009674,0.0,-2.1699427611556708,-1.0124384169820355,-0.18159851667628388,0.5645041269463275,1.9259249420536004e-15,3.6622613975952664e-16,-2.833165017220617e-22,3.5724180348600494e-22,3.5500143560809614e-30,6.151538405090089e-31,0.8783777980312569,0.12157833510538579,4.3866863357333585e-05,16.578487396240234,-1.1684412873296977,-0.20990740585236753,-1.080442429831215,-0.8624664762734204,0.17477605525683887,0.1434323580506175
1364.0,0.5053197673392584,0.017545914781751014,0.4768704341371136,0.00026388374187710095,1.1301325836877445e-12,0.9996958948564905,0.00012993662412925954,0.00017416851938030088,0.002051158268140571,0.9463854936385151,0.05156334809334423,4.998401175057178e-06,6.942842164022909e-07,2.519708278139075e-06,0.1378818477883566,0.8620861281391422,2.3811678831523e-05,0.5051660969988936,0.01660519922206675,0.4111033861892961,0.9437003358250882,0.0008035892796566938,clean_balanced_ED_EQ,-2.3035666338061076e-31,1.3493095849751357e-30,-7.47223001154133e-33,-1.370044390591354e-32,1.493135887069261e-32,1.0173172775434222e-32,-3.005727925046255e-24,1.7213000147465483e-24,4.589257619679783e-23,-5.856025094138205e-23,1.6757638239420953e-23,4.558160289843065e-24,-1.623903161059472e-39,6.881887521281495e-39,-8.288998497273921e-40,-2.5015259409644566e-39,2.4528018980907365e-39,-4.380366822996652e-39,9.209280883077575e-38,-8.252959027608972e-37,-1.649272016993577e-36,-1.2615427957978114e-36,-7.385684470909391e-39,-8.033805937596054e-39,5.268234428312798e-30,-8.546855459498613e-30,1.6955784454681204e-30,-3.1696365954668224e-31,-6.963812283091109e-30,8.86382197404604e-30,1.8652013249629604e-30,-1.826080332671687e-30,9.32698500403597e-30,2.1085621792427608e-30,5.886315705679388e-30,6.447806536534767e-31,-7.063003518002091e-39,-4.592808102042944e-39,-5.763898031043947e-39,-1.650148710242915e-39,-4.9307746450337116e-39,5.764855278228867e-39,-0.5994929671287537,-0.7234975695610046,-0.18255913257598877,0.288932740688324,0.0007597464718855917,-0.007174078840762377,0.00649018632248044,-0.009651894681155682,0.39983803033828735,0.8973090648651123,0.1869918406009674,0.0,-2.1807664987218796,-0.9803016868201283,-0.1609959021627091,0.5561048845070184,1.9183041890549506e-15,3.4685351357052405e-16,-2.7661002870685285e-22,3.6364518746205546e-22,3.5886741503057936e-30,5.885495879892967e-31,0.8828925954194327,0.11694524711800033,0.00016215746256698083,16.33892822265625,-1.1603072314559433,-0.19808982705737652,-1.0888496893892177,-0.8328707861421273,0.16797460158050864,0.1316385616222279
1367.0,0.5056028686000222,0.015662531036730636,0.47848061661047114,0.0002539837527760593,1.1063483307728184e-12,0.9997008462326596,0.00011744992372083003,0.00018170384361966638,0.0022368799617311494,0.9600244070008089,0.03773871303746004,4.615647997605881e-06,6.725323338352132e-07,2.2812213745333153e-06,0.14061603018922686,0.8593544093123527,2.1991096714599867e-05,0.5054516155971024,0.015036412070669095,0.4111844276547017,0.9463566097545082,0.0009836068343504587,clean_balanced_ED_EQ,-2.1805907005121753e-31,1.3431136170889791e-30,-7.364479892265209e-33,-1.277843911985885e-32,1.531801893436873e-32,1.0093777910641147e-32,-2.901778653304706e-24,1.764646249909983e-24,4.2122389122271184e-23,-5.635596460843551e-23,1.3360527824780953e-23,4.011608700847499e-24,-1.5318926590400842e-39,6.603400877835353e-39,-8.151425718675678e-40,-2.4558121309518794e-39,2.3470293514219734e-39,-4.14757844623063e-39,8.551144449249671e-38,-8.322542137384877e-37,-1.6680128200791248e-36,-1.2228787964603675e-36,-7.453460543090409e-39,-7.342569957248119e-39,4.9181145008656945e-30,-8.402747779018794e-30,1.8301319824777396e-30,-5.7979231566207965e-31,-6.748246681977989e-30,8.982542180343696e-30,1.793256867864303e-30,-1.845909525146977e-30,9.14157377195915e-30,1.9697675057434135e-30,5.543909486875384e-30,5.639090000925354e-31,-8.080179698030909e-39,-4.575992626858271e-39,-5.667760057250626e-39,-1.552317608403319e-39,-4.7194966590942825e-39,5.7840066262035236e-39,-0.6206716299057007,-0.7087377905845642,-0.1649107038974762,0.29171380400657654,0.0005288762040436268,-0.00672773364931345,0.00631989911198616,-0.009592557325959206,0.4021044969558716,0.8962956666946411,0.1869918406009674,0.0,-2.190639930920119,-0.9488481428139607,-0.1415916475217447,0.5467361407959033,1.91086957061433e-15,3.2882456054894676e-16,-2.698213999593711e-22,3.6968437571566606e-22,3.6262809719386445e-30,5.632431331899179e-31,0.887588070082584,0.1124244419887859,1.2512071369874533e-05,16.128219604492188,-1.1524444518571042,-0.18710328170323134,-1.096394218849056,-0.8038051186732711,0.16129705352754675,0.12055897366267689
1370.0,0.5055300390013366,0.013939611864131372,0.48028569907753804,0.00024465005699395536,1.08363851567163e-12,0.9997045223342905,0.00010557220597097098,0.00018990545973849175,0.0024610621781474,0.9732222430214256,0.024316694800426992,4.1424048510804515e-06,6.066951829682976e-07,2.0560693070433976e-06,0.14422445961342142,0.8557479599460088,2.0775271228702146e-05,0.5053806661654665,0.01356634032525801,0.41100350717684586,0.9500636204058848,0.0011819535183905717,clean_balanced_ED_EQ,-2.0661186662360596e-31,1.3366095883295254e-30,-7.248723500488056e-33,-1.18586342444451e-32,1.573101015354733e-32,1.0000782586762173e-32,-2.835090905610305e-24,1.7669646919118368e-24,3.853070760618739e-23,-5.411605239222394e-23,9.878363933077782e-24,3.561479285832647e-24,-1.5363689989236606e-39,6.222734818640312e-39,-7.574915653120307e-40,-2.333064028548769e-39,2.2938538928703463e-39,-3.889675916857438e-39,7.94080422302522e-38,-8.41948406663787e-37,-1.6856965407187884e-36,-1.1840291497774293e-36,-7.476510084965364e-39,-6.864588330675263e-39,4.575129495249434e-30,-8.255780144754943e-30,1.9555475193676578e-30,-8.363957940535415e-31,-6.530676012697162e-30,9.092176489864446e-30,1.719399400361485e-30,-1.851033043426513e-30,8.968257429874892e-30,1.859360200347067e-30,5.1980275240537955e-30,5.158751461269691e-31,-9.079174313941034e-39,-4.515293714928888e-39,-5.582063974362744e-39,-1.4802210636507266e-39,-4.513538668883572e-39,5.792158443168667e-39,-0.6412006616592407,-0.6934871673583984,-0.1472005844116211,0.29347118735313416,0.0002656072610989213,-0.006363742984831333,0.006213212851434946,-0.009491360746324062,0.4043583869934082,0.8952811360359192,0.1869918406009674,0.0,-2.1994599419440974,-0.9176124417531937,-0.12263776322318255,0.5363269886170199,1.90292597062778e-15,3.11816472868101e-16,-2.6285346339727263e-22,3.754736921435481e-22,3.66170620301621e-30,5.3867427037689235e-31,0.8921033075750175,0.10792203980033525,2.5347375352868795e-05,15.934882164001465,-1.1443523582323305,-0.17689292286538388,-1.103170508276904,-0.7748642815732858,0.15454700824251238,0.11003769348961118
1373.0,0.5052068744563947,0.012400659393468155,0.48215671977339053,0.00023574637674668862,1.0623442059153217e-12,0.9997083710391319,9.417648651147291e-05,0.00019745247435666284,0.0027917190767531136,0.9843446088184524,0.012863672104794409,3.939463503031233e-06,6.358574107320109e-07,1.8997311959598262e-06,0.14896292821798848,0.8510102097175589,2.038701234293284e-05,0.5050595415005735,0.01220652221975428,0.4103202912110834,0.9543748198046469,0.0013988792552815936,clean_balanced_ED_EQ,-1.95909111107953e-31,1.330224607406884e-30,-7.166068542625688e-33,-1.0906728019683599e-32,1.610329794920279e-32,9.887258984428361e-33,-2.801665020321812e-24,1.81330867250091e-24,3.5215813578404955e-23,-5.183470938228043e-23,6.3870675280781075e-24,3.2441187042281782e-24,-1.2555575689986628e-39,6.114177565314234e-39,-8.861917154213377e-40,-2.3458515151509957e-39,2.141750188055194e-39,-3.7683453841101324e-39,7.276317145507139e-38,-8.551578937665514e-37,-1.7013440481673286e-36,-1.1460759526158916e-36,-7.66828117520063e-39,-6.481268088332158e-39,4.244194086353045e-30,-8.099745913233305e-30,2.07089878152352e-30,-1.090779090857815e-30,-6.315093070021512e-30,9.190525711598438e-30,1.6595385631651677e-30,-1.8648037193027557e-30,8.80513394288621e-30,1.7435361565402135e-30,4.8525953957928575e-30,4.706670192298173e-31,-1.0050012188325442e-38,-4.449110470755597e-39,-5.5026047108094284e-39,-1.399254749615337e-39,-4.3166615891692584e-39,5.7974853741043194e-39,-0.6605919003486633,-0.678185760974884,-0.13013070821762085,0.2941800653934479,-5.760527983511565e-06,-0.005955045577138662,0.006124872248619795,-0.009404628537595272,0.40660008788108826,0.8942652940750122,0.1869918406009674,0.0,-2.2068857576331644,-0.887100175579724,-0.10514482575712072,0.5253089284969932,1.8950147385048387e-15,2.9588918268291565e-16,-2.5587483126355467e-22,3.8076633641804962e-22,3.695242368835944e-30,5.148966633846143e-31,0.8963530477963504,0.10360187319410492,4.5079009544646276e-05,15.759716033935547,-1.1363973283517614,-0.16736315748724442,-1.1085504266730755,-0.7467525381716004,0.14770839924742982,0.10035112598972684
1376.0,0.504411898471585,0.01099027162467761,0.4843707360288956,0.0002270938748419904,1.0425254355582828e-12,0.9997120227275658,8.334043846508328e-05,0.0002046368339691641,0.003297949291137137,0.992330211737526,0.004371838971336857,3.292198276328861e-06,5.156536218550675e-07,1.6955154146111763e-06,0.1552605331263009,0.8447139802500994,1.9983256286834513e-05,0.5042666393088797,0.010905978568369256,0.4091547323476386,0.9602682599212747,0.0016433119863301078,clean_balanced_ED_EQ,-1.8578057848543393e-31,1.3237762250898198e-30,-7.052674112952124e-33,-9.961101443373365e-33,1.6479790436586102e-32,9.704997331350698e-33,-2.8108736186376423e-24,1.9085014958113068e-24,3.201799002807895e-23,-4.947902932794051e-23,2.6655437570873614e-24,2.863051362222108e-24,-1.2704743761896877e-39,5.559382647240824e-39,-8.80831462712434e-40,-2.0779416890170385e-39,2.151306664474613e-39,-3.4814424436612715e-39,6.790768680646829e-38,-8.730591333667751e-37,-1.7163823869262423e-36,-1.1073115023824241e-36,-7.839888314584575e-39,-6.102047988299366e-39,3.9227681082393154e-30,-7.944660508672872e-30,2.171040598603829e-30,-1.3406866395507025e-30,-6.093807483338201e-30,9.285347861934792e-30,1.5953454291653173e-30,-1.8773153980934587e-30,8.647082037919532e-30,1.6444340788492e-30,4.4952880784312594e-30,4.275472772398986e-31,-1.1031188986190464e-38,-4.3799536721143586e-39,-5.427302428463408e-39,-1.3278952042309903e-39,-4.1340599760936326e-39,5.798979551112216e-39,-0.679853081703186,-0.6622096300125122,-0.1127886176109314,0.2938002049922943,-0.00011768395052058622,-0.005456733517348766,0.005961454473435879,-0.009463280439376831,0.4088294208049774,0.8932483196258545,0.1869918406009674,0.0,-2.2140051677953436,-0.8564320905125429,-0.08794320640587461,0.5130949740934486,1.88709166091573e-15,2.8081035058785043e-16,-2.486198422055011e-22,3.8596944250043168e-22,3.728978605649078e-30,4.921637040690889e-31,0.9007515965728188,0.0991649253322122,8.347809496900283e-05,15.604375839233398,-1.128422941024528,-0.15836442956629412,-1.1134778014519455,-0.7183520330823671,0.1406882404646006,0.09103967360410323
1379.0,0.5028976464412093,0.009785261037347235,0.4870984802733501,0.0002186122480933152,1.0244749510956698e-12,0.9997154274301975,7.266881773686869e-05,0.0002119037520657468,0.003683578716906969,0.993704401392726,0.002612019890367068,3.044958598422426e-06,4.915091594133923e-07,1.555718934060623e-06,0.163570926668851,0.8364043682358352,1.961290862178694e-05,0.5027545355656138,0.009723656961588698,0.40741129666166687,0.9685837341262917,0.0019114160268721868,clean_balanced_ED_EQ,-1.761334714256443e-31,1.3171896044170489e-30,-6.944101694276682e-33,-8.952650268739108e-33,1.6823070091327588e-32,9.555903425070781e-33,-2.768220179065862e-24,1.9277986540229268e-24,2.907052710856982e-23,-4.7166658267114794e-23,-1.2637892636634642e-24,2.5440100777704802e-24,-1.1569605158970373e-39,5.3643863253615535e-39,-8.889359336927645e-40,-2.0176492564510403e-39,2.045897014184809e-39,-3.346737310582556e-39,6.292724838095829e-38,-8.971696463999546e-37,-1.7296400530100333e-36,-1.0697857215300994e-36,-7.999902740268361e-39,-5.7436212904362034e-39,3.615227334655494e-30,-7.788403157009886e-30,2.260329297184411e-30,-1.5800459152051773e-30,-5.875556631839905e-30,9.368449483618394e-30,1.526927471370334e-30,-1.8831588380531618e-30,8.493220987991346e-30,1.5464083447147179e-30,4.135665712316379e-30,3.8474501154597354e-31,-1.2004314976569663e-38,-4.3059935735853686e-39,-5.350857923582278e-39,-1.2596222544043653e-39,-3.9508167128374885e-39,5.797988861509352e-39,-0.6979469060897827,-0.6462691426277161,-0.09642404317855835,0.29278841614723206,-0.00040203859680332243,-0.005082746502012014,0.0059314994141459465,-0.00931777898222208,0.4110465347766876,0.8922302722930908,0.1869918406009674,0.0,-2.2195418179583526,-0.8265703507442375,-0.07210516958936854,0.5008141286478944,1.8789515329778916e-15,2.6643796433998406e-16,-2.414669673402677e-22,3.9065442977327825e-22,3.758844028348404e-30,4.697032953678907e-31,0.9048196843801002,0.09514465642336678,3.565919653303329e-05,15.470955848693848,-1.1203656683016503,-0.14981434241687325,-1.1172016876087094,-0.6909914067919627,0.13382150276006782,0.08247905971342565
1382.0,0.5005297626779104,0.008779705318029072,0.4904799156174222,0.00021061638663838218,1.0084151671196491e-12,0.9997182017901124,6.173979392835066e-05,0.00022005841595936114,0.0040340504120014095,0.9824564383600511,0.013509511227947269,2.8864868709587018e-06,4.991498280331062e-07,1.4304836995334958e-06,0.1741866434954443,0.8257891729502198,1.9367433937345417e-05,0.5003887142867922,0.008625678016601643,0.4050330038664047,0.9799215794746751,0.002212323198621682,clean_balanced_ED_EQ,-1.6720737491930918e-31,1.3104555487325337e-30,-6.833010003769983e-33,-7.816127496154398e-33,1.7203575463134775e-32,9.391626609222311e-33,-2.7235943371317237e-24,1.9194642657338653e-24,2.628194387548996e-23,-4.486787564580859e-23,-5.630354874721403e-24,2.3407896958808967e-24,-1.122075123899763e-39,5.235239934844253e-39,-8.832510055540686e-40,-2.043798634556536e-39,2.005318488233278e-39,-3.1914527867800494e-39,5.7961670072601e-38,-9.282225328430931e-37,-1.7422050901272008e-36,-1.0321498370559533e-36,-8.152705094618152e-39,-5.4503252276233444e-39,3.3159573105665496e-30,-7.625645983911877e-30,2.339854314768371e-30,-1.817687008033062e-30,-5.655808927867134e-30,9.443331746959807e-30,1.4711401052745226e-30,-1.886979560535732e-30,8.368868908282918e-30,1.4566736892836456e-30,3.753034240958094e-30,3.5720656920993075e-31,-1.300324854849301e-38,-4.214528219741761e-39,-5.301962854355488e-39,-1.1953283085929719e-39,-3.7705403840236456e-39,5.7841788136701416e-39,-0.7155196666717529,-0.6299323439598083,-0.08008003234863281,0.2908359467983246,-0.0007248506881296635,-0.0047956546768546104,0.0059396387077867985,-0.009134668856859207,0.41325142979621887,0.8912110924720764,0.1869918406009674,0.0,-2.2244595319117697,-0.7969913885370753,-0.05684055404016068,0.4876367565419809,1.8707690934076176e-15,2.530298189152437e-16,-2.3417067820677593e-22,3.951382054349936e-22,3.788279618377222e-30,4.4870436969034855e-31,0.9088066750730545,0.09111708101413947,7.624391280602882e-05,15.363968849182129,-1.112218244512833,-0.14191331646634142,-1.1204373404530612,-0.6637905175076707,0.12702304673629083,0.07440540781495183
1385.0,0.4969795429695972,0.007993422207633171,0.49482445702698274,0.0002025777957868899,9.947387820962118e-13,0.9997217574945305,5.12986866968016e-05,0.00022694381877265407,0.004673824956421344,0.9485316374697795,0.04679453757379918,2.77203132488497e-06,4.760269852177213e-07,1.3468327290466808e-06,0.1882776310557201,0.8116989330357756,1.8841017465252424e-05,0.49684126213639423,0.007582013855593591,0.40164848380880885,0.9956636324913151,0.0025600140575948987,clean_balanced_ED_EQ,-1.5846097951519051e-31,1.3035178097101811e-30,-6.693137763098057e-33,-6.609026993057954e-33,1.751175597188651e-32,9.206487106950596e-33,-2.741682376656245e-24,2.0337338425557983e-24,2.3616972117027842e-23,-4.251048210762462e-23,-1.0587635120049796e-23,2.1380545329802323e-24,-1.191002341968613e-39,5.132013203866589e-39,-7.85520760519315e-40,-2.036998578835411e-39,1.976516666837279e-39,-3.09500734990874e-39,5.329138281952365e-38,-9.694130593684545e-37,-1.7535997043423208e-36,-9.942908741418554e-37,-8.266968030441722e-39,-5.097426990685972e-39,3.0030609831206793e-30,-7.46529548687907e-30,2.4290569919242306e-30,-2.0501349934220944e-30,-5.432119021570471e-30,9.515430689606276e-30,1.417555501414042e-30,-1.8936612124366463e-30,8.247367387851963e-30,1.3716917279874637e-30,3.339091968706166e-30,3.344913371794433e-31,-1.405760617156812e-38,-4.113822527149518e-39,-5.253313400008151e-39,-1.131803964358358e-39,-3.593306370297068e-39,5.7800690447678586e-39,-0.7326287031173706,-0.6130867004394531,-0.06398513913154602,0.28817737102508545,-0.0007340083830058575,-0.004251986742019653,0.00573281804099679,-0.009239377453923225,0.41544437408447266,0.8901909589767456,0.1869918406009674,0.0,-2.2286910860495572,-0.7672951964111713,-0.04231467827118563,0.4740157901156493,1.8626211434810973e-15,2.398795625650775e-16,-2.2673991641433346e-22,3.9937687846922275e-22,3.8170801005716866e-30,4.270787566549588e-31,0.9126387370467367,0.08725852649904028,0.00010273645422298472,15.28650951385498,-1.1039336194436544,-0.13419870549807397,-1.1228850470671257,-0.6366757203736637,0.12008847168636692,0.06671592385645354
1388.0,0.4918599941439542,0.007536630117092671,0.5004083814748431,0.00019499426410994118,9.840526050883849e-13,0.9997249144314362,4.1071878255580186e-05,0.00023401369030827103,0.004562267705342651,0.8821238587447165,0.11331387354994084,2.6764885199782435e-06,5.038761460741472e-07,1.2762993650303156e-06,0.20599828815575938,0.793980185686056,1.706949415345693e-05,0.49172469055781126,0.006648241240821432,0.3973143396422547,0.9829171779543452,0.002960463614383077,mixed_higher_order,-1.5029738651547346e-31,1.2962500801954003e-30,-6.544598543871076e-33,-5.2083461120492375e-33,1.7802683654624108e-32,9.036877396905302e-33,-2.630128257868406e-24,1.9452948159536536e-24,2.1140821869959856e-23,-4.027741793456177e-23,-1.617491109817755e-23,2.042909408887327e-24,-1.0333901603600195e-39,5.1081406368249776e-39,-9.016192635088226e-40,-2.0737444498707535e-39,1.9350212943560913e-39,-3.034398459504006e-39,4.804887473326211e-38,-1.0212376088373392e-36,-1.764197876306068e-36,-9.572146596225315e-37,-8.086720225364681e-39,-4.6060328918474415e-39,2.701275105387712e-30,-7.310119486651363e-30,2.5098115863674987e-30,-2.269470637394569e-30,-5.2110864806307236e-30,9.579592024166313e-30,1.3595691741104241e-30,-1.9019542090234378e-30,8.15786030620533e-30,1.2876466619191055e-30,2.8931040808946784e-30,3.1907792622659464e-31,-1.5167203833860031e-38,-4.004445670482655e-39,-5.237232008191252e-39,-1.0704956271567469e-39,-3.4171918504495306e-39,5.7736967406865525e-39,-0.7488820552825928,-0.596186637878418,-0.048508599400520325,0.2849454879760742,-0.0010506609687581658,-0.0039745233952999115,0.005725415889173746,-0.009014581330120564,0.41762521862983704,0.8891699910163879,0.1869918406009674,0.0,-2.2318779855682744,-0.7383228375153879,-0.02869059592531482,0.4601264687870811,1.854335933828359e-15,2.275425541439778e-16,-2.1935995999115643e-22,4.032731862807632e-22,3.8437609544221845e-30,4.068715950097224e-31,0.9162797406337433,0.08366105839738458,5.9200968872130666e-05,15.249197006225586,-1.0954059459103496,-0.12700994457722065,-1.1247933615498202,-0.610287943989569,0.11353433387488919,0.05959193145084851
1391.0,0.48398913437125896,0.007518414064515314,0.5083055867192084,0.0001868648450173131,9.77796145509763e-13,0.9997266852797511,3.164451838667126e-05,0.00024167020186210614,0.0047689910239232065,0.7655938759922835,0.22963713298379324,2.5132359394605834e-06,4.7074196061837705e-07,1.189078189904514e-06,0.23052996288256966,0.7694493786642335,1.6485397106867316e-05,0.48385685301639475,0.005756051764967177,0.3911154178726536,0.9521617448572681,0.003457495221702045,mixed_higher_order,-1.4200226947933138e-31,1.2881111450797271e-30,-6.35344145111237e-33,-3.576584339597044e-33,1.8100349283498904e-32,8.851442490689841e-33,-2.6551128893900413e-24,2.033525002662954e-24,1.880344999297349e-23,-3.797366266692177e-23,-2.312728727465613e-23,1.9243158098864266e-24,-1.0327706322489713e-39,5.001111839491441e-39,-8.54104127439241e-40,-2.038381564332691e-39,1.8868831284703056e-39,-2.962724420937063e-39,4.299088931782805e-38,-1.0927760596822373e-36,-1.773429965915765e-36,-9.202774394636277e-37,-8.173328727518776e-39,-4.327152104067206e-39,2.402918400530714e-30,-7.144052020396862e-30,2.57834406309814e-30,-2.4926364226559217e-30,-4.981263315451641e-30,9.636688230097087e-30,1.3078157704186296e-30,-1.9094376549210896e-30,8.072728815123746e-30,1.2100178897215676e-30,2.3796747121314484e-30,2.9632338009053426e-31,-1.641667476994316e-38,-3.892761908223486e-39,-5.221291860195182e-39,-1.0138427486155724e-39,-3.24766946977828e-39,5.7598722890767994e-39,-0.7646347880363464,-0.5786947011947632,-0.03355637192726135,0.2813574969768524,-0.0010852479608729482,-0.003456479636952281,0.005541427526623011,-0.009053832851350307,0.4197941720485687,0.8881479501724243,0.1869918406009674,0.0,-2.2340211593726007,-0.7091926329248738,-0.015611105366267147,0.44623799707113015,1.8456171927221968e-15,2.1506990583865714e-16,-2.1191904347812375e-22,4.0689073225943436e-22,3.86728182481377e-30,3.8565392815603712e-31,0.9195670412809019,0.08040075051033321,3.220820876481678e-05,15.270516395568848,-1.0861804249447995,-0.11974128629765055,-1.125807569443347,-0.5842098798646918,0.1068096320569115,0.05288901396650129
1394.0,0.4724909068950769,0.008172129506052048,0.5191583177050096,0.00017864589386135414,9.779744568856765e-13,0.9997261682193984,2.419257961678264e-05,0.0002496392009848084,0.004266165103930148,0.6026926546359825,0.3930411802600873,2.2413476565891628e-06,4.4009684623732743e-07,1.07135536194047e-06,0.2632449896427132,0.7367360970138378,1.5160543584276442e-05,0.47236152386872376,0.00492528242603155,0.38248267271825875,0.9101094806373696,0.00409278239328054,mixed_higher_order,-1.3367228189949062e-31,1.2791087733774575e-30,-6.143303305763361e-33,-1.5116248675949168e-33,1.8371253806763827e-32,8.689663739773108e-33,-2.624484511477946e-24,2.0208248301079986e-24,1.6581921507413745e-23,-3.5707628759850175e-23,-3.1746449569179537e-23,1.726169947112544e-24,-9.559850871352154e-40,4.811719161554739e-39,-9.05315314386679e-40,-1.9763500310488225e-39,1.8612979320227133e-39,-2.835363405422028e-39,3.905874834411996e-38,-1.1881816154450665e-36,-1.7818470369864216e-36,-8.833945486587942e-37,-8.070602033494287e-39,-4.0322222215231554e-39,2.087518637568545e-30,-6.987109188476256e-30,2.6567296406996333e-30,-2.7034215284304218e-30,-4.744248922664559e-30,9.690530716906678e-30,1.2537423233057862e-30,-1.9046453887710237e-30,8.0233518382818e-30,1.1347941620398456e-30,1.7662159435318214e-30,2.8010621863810093e-31,-1.786295754281281e-38,-3.7702779674550304e-39,-5.242262873445961e-39,-9.59293438767982e-40,-3.0719719818164415e-39,5.7490293559427035e-39,-0.7798628807067871,-0.560697615146637,-0.019028276205062866,0.2774389982223511,-0.001244322513230145,-0.0030638854950666428,0.005456296261399984,-0.008942341431975365,0.42195144295692444,0.8871250748634338,0.1869918406009674,0.0,-2.235387973577991,-0.6799729466805879,-0.003173293342563376,0.43231108284752795,1.836780154319679e-15,2.025478840097849e-16,-2.044223667833722e-22,4.102590592003177e-22,3.889867227671108e-30,3.63393161671654e-31,0.9225788640682584,0.07744420966913608,2.30737373945189e-05,15.38051700592041,-1.0762680990246387,-0.11247457270766135,-1.1262874722887808,-0.5583847505369135,0.10021974607503428,0.04654008178716508
1397.0,0.4544748474207155,0.010016493236212218,0.5353387195272877,0.0001699398157845342,9.898937869661592e-13,0.999719135288903,2.2012243017512847e-05,0.00025885246807941004,0.003475559541393429,0.41363895297321585,0.5828854874853908,2.381449417301553e-06,5.166141858962113e-07,1.0239729412855073e-06,0.3094597001067808,0.6905225319667897,1.3845889884939958e-05,0.4543472014739938,0.00414321177469012,0.3696634480678418,0.8489482095037394,0.00496357886252289,mixed_higher_order,-1.2518679810183498e-31,1.2682801596253262e-30,-5.855664873407773e-33,1.213942767008513e-33,1.8644601933827266e-32,8.539715723331908e-33,-2.646168479282359e-24,2.045182484662744e-24,1.4482123742340034e-23,-3.348780423057754e-23,-4.326731225059361e-23,1.9417981935096226e-24,-8.448493029037076e-40,5.1304905167392333e-39,-9.461682826590808e-40,-2.229280812455228e-39,1.791011799188557e-39,-2.9012166446047888e-39,3.043680519852795e-38,-1.325014579562783e-36,-1.789703928638592e-36,-8.465114803886042e-37,-7.98543095054663e-39,-3.850518607577663e-39,1.7484583554729756e-30,-6.819652410281403e-30,2.7482412430724365e-30,-2.9150837562187453e-30,-4.496701765083693e-30,9.734735733192493e-30,1.2048351198246572e-30,-1.91758006689052e-30,8.021303802102657e-30,1.0507762658032768e-30,9.974819156185047e-31,2.7923211976227237e-31,-1.963780999418437e-38,-3.6063672981378306e-39,-5.3082503381420185e-39,-8.951283343197608e-40,-2.895960592996594e-39,5.7309734518639336e-39,-0.7946358323097229,-0.5419099926948547,-0.00482863187789917,0.2733951807022095,-0.0013218556996434927,-0.0025788669008761644,0.005292192101478577,-0.008872426114976406,0.42409685254096985,0.886101484298706,0.1869918406009674,0.0,-2.235752489394562,-0.650405456351101,0.009141539148706947,0.41848635349519075,1.8272008168161756e-15,1.8965729442980966e-16,-1.9684813196668776e-22,4.134305196525042e-22,3.9088871679427445e-30,3.4020703146643413e-31,0.9251209440300866,0.07487496775941072,4.088210502684042e-06,15.66025161743164,-1.0648650084439073,-0.10510851234727005,-1.1264003091604256,-0.5327757166756059,0.09378757935030792,0.04055934274739606
1400.0,0.42532356485522543,0.014095143700829243,0.5604209782217613,0.00016031322218387873,1.024434310429744e-12,0.9996957586991788,3.4709890309470234e-05,0.0002695314105117442,0.002402414689828766,0.23946421257253306,0.7581333727376381,2.671889672622181e-06,5.785583646857758e-07,1.0276585612424463e-06,0.3765743971790011,0.6234088704162443,1.2454298156035446e-05,0.425194163860584,0.003375282487415774,0.3493714089907949,0.7589358382064756,0.00629790284415392,mixed_higher_order,-1.1545559957273234e-31,1.2542936322852134e-30,-5.513443065560326e-33,4.968783573674512e-33,1.8889014112904514e-32,8.424316679469885e-33,-2.6732277680733457e-24,2.0518492404224573e-24,1.2443641200823744e-23,-3.125867715383166e-23,-5.982335532095255e-23,2.2064037945859146e-24,-8.977906342516883e-40,5.699283311201409e-39,-8.154241855962912e-40,-2.557944280275543e-39,1.713214134637531e-39,-3.1413417476057145e-39,2.076488056802863e-38,-1.5314546666333017e-36,-1.7968572191968636e-36,-8.091278837286721e-37,-7.9568218215679e-39,-3.7775924637120704e-39,1.3469162056934894e-30,-6.657021859486558e-30,2.8771574209330035e-30,-3.1182130173437535e-30,-4.224071004376268e-30,9.775234002746903e-30,1.1591883287596804e-30,-1.921412333224921e-30,8.085236562981432e-30,9.5022525098498e-31,-5.043570526031814e-32,2.7519882398298177e-31,-2.2012414183982627e-38,-3.418814560860739e-39,-5.4457625428924654e-39,-8.166386729197348e-40,-2.7106048430797674e-39,5.717282032637592e-39,-0.8092078566551208,-0.5217571258544922,0.008959755301475525,0.26980340480804443,-0.0014847975689917803,-0.002081436337903142,0.005176811944693327,-0.008671801537275314,0.42623063921928406,0.8850770592689514,0.1869918406009674,0.0,-2.2349562848452718,-0.6194966676231138,0.021649072778441067,0.4054492630111603,1.8164890041537785e-15,1.750129831836534e-16,-1.8913923128575754e-22,4.164328732508432e-22,3.9233460768811046e-30,3.123753345241644e-31,0.9270543906533646,0.07297615398488842,3.05446382529162e-05,16.273340225219727,-1.0508650433364182,-0.09673034329878724,-1.1260609011917055,-0.5070671526912361,0.08735698171403086,0.03477558987818755
1403.0,0.3757412703150864,0.022842922499973644,0.6012660131616071,0.0001497940233327698,1.1113534328563604e-12,0.9996205357466056,9.43645542600734e-05,0.00028509969913440806,0.001410652348879138,0.11378397079426802,0.8848053768568528,2.8378412363740377e-06,6.562850119415367e-07,9.808520945678874e-07,0.47608375331397385,0.5239007898445684,1.0981863114820108e-05,0.3755986899344768,0.002599158426592729,0.31500373920206065,0.6249168622376389,0.008663769919339915,EQ_dominated_with_ED,-1.0357001714378195e-31,1.2340102488907285e-30,-4.986695799786964e-33,1.094973061668797e-32,1.9159603399228047e-32,8.38321209198993e-33,-2.7564599172361705e-24,2.055776817065356e-24,1.0422332353140417e-23,-2.907109377674129e-23,-8.606890840800172e-23,2.9509539997288662e-24,-8.767784191312817e-40,6.396385194238038e-39,-8.114482630184374e-40,-2.99685315705211e-39,1.6882058794323332e-39,-3.399530914813044e-39,2.6462888441704355e-39,-1.869859589986131e-36,-1.8036031552486278e-36,-7.710824561858803e-37,-8.07282408376551e-39,-3.9345698706871276e-39,8.412567856506773e-31,-6.485227886187257e-30,3.0641702358811082e-30,-3.3266065882687854e-30,-3.9054270215317855e-30,9.811834915255876e-30,1.1192566781783834e-30,-1.9265862026033257e-30,8.283750276209065e-30,8.21547963871427e-31,-1.647052547053111e-30,3.0553158896149393e-31,-2.5552505088457616e-38,-3.12474668190414e-39,-5.727177373067498e-39,-7.158237717625346e-40,-2.505892922494584e-39,5.6946976165183996e-39,-0.8236127495765686,-0.49941205978393555,0.02223511040210724,0.2677290141582489,-0.00178061262704432,-0.001508441288024187,0.0051208371296525,-0.008378850296139717,0.42835283279418945,0.8840519785881042,0.1869918406009674,0.0,-2.232267721046005,-0.5862706609729541,0.03519257194310165,0.3942401573239395,1.8033389788059403e-15,1.56964470810218e-16,-1.8130691678542124e-22,4.192855699091476e-22,3.929034529355921e-30,2.766889536196319e-31,0.9277558126991557,0.0722696532619353,2.5465961090986866e-05,17.678537368774414,-1.031660634903492,-0.08658688997078268,-1.125459900991908,-0.4811603829091373,0.08106973659134793,0.029064463312783194
1406.0,0.28582499063104083,0.0423730453880448,0.6716628401300193,0.00013912385089500767,1.3635287051196377e-12,0.999338722250731,0.0003490162419659526,0.00031226150730305957,0.0006789081488809514,0.04102927161989672,0.9582918202312223,3.0784174566009214e-06,8.093456962868501e-07,8.946977022166734e-07,0.6260443410477777,0.3739430278808058,7.848610561206767e-06,0.2856359809245515,0.0017385351885883023,0.25116363615324105,0.4255483161398527,0.014173106116081288,EQ_dominated_with_ED,-8.615232987177606e-32,1.1981993349262262e-30,-3.704402748111854e-33,2.214220796979488e-32,1.9426598362616533e-32,8.575036544549036e-33,-2.934532079859349e-24,2.109747830063856e-24,8.20415581962756e-24,-2.6872187329980247e-23,-1.356812568429653e-22,5.3465107758474886e-24,-5.005590914025827e-40,7.906955889588657e-39,-1.045771744256194e-39,-3.925472623171464e-39,1.5463238470211926e-39,-3.981485601378183e-39,-3.97731729781492e-38,-2.5260840641365897e-36,-1.8110561313063658e-36,-7.297401970486394e-37,-7.823796853824841e-39,-4.336680783352962e-39,6.216592191738572e-32,-6.29958056319413e-30,3.4056513096793985e-30,-3.546476928957023e-30,-3.4678147863949644e-30,9.846056825277929e-30,1.0719023439871323e-30,-1.9331098718807173e-30,8.788465247235724e-30,6.189423776603254e-31,-4.5487693786667306e-30,4.269108978975433e-31,-3.1913391871960813e-38,-2.5271785250593325e-39,-6.337379421024982e-39,-5.5090549611100765e-40,-2.2335608224208124e-39,5.67830896402184e-39,-0.8388155698776245,-0.4714544415473938,0.03566274046897888,0.26978233456611633,-0.0017625446198508143,-0.0005597749259322882,0.004689542111009359,-0.008053965866565704,0.4304635226726532,0.883026123046875,0.1869918406009674,0.0,-2.22624638476715,-0.546225916617131,0.0530314107326427,0.3871305905353866,1.7838675957530703e-15,1.2994950416782793e-16,-1.7293764459878664e-22,4.2232490605017974e-22,3.91477492347669e-30,2.205782966801775e-31,0.9258842706353937,0.0741411972730924,2.5467908486120905e-05,21.642444610595703,-0.9995845096391509,-0.07187162594648903,-1.125293088180645,-0.45342139633964945,0.07477781286851515,0.022829880615628326
1409.0,0.1355606673321925,0.0837457199424651,0.7805577603053786,0.0001358524199638177,2.4455940223942023e-12,0.9975960042261549,0.0020148642276344377,0.00038913154621078317,0.0002417731715284506,0.009250218196628893,0.9905080086318427,3.6213173543480636e-06,9.521771787879093e-07,9.235707934772466e-07,0.824417754834512,0.17557172409392424,5.024006237141759e-06,0.1352347800608263,0.0007746661825015778,0.1370438717317074,0.17367153877139974,0.036164833340424446,EQ_dominated,-5.174532000691901e-32,1.1105215136205928e-30,1.9985850671585336e-34,4.996202021683083e-32,1.9837364064248874e-32,9.411667738954828e-33,-3.474351041156794e-24,2.1353995964770927e-24,5.2427428202705264e-24,-2.467419470776173e-23,-2.6050719080534503e-22,1.6458390943641872e-23,1.4791052393686346e-40,1.248477760993752e-38,-1.2570374546208652e-39,-6.277695756225656e-39,1.1091190272260583e-39,-6.207093196260918e-39,-2.133301474773426e-37,-4.207063220410128e-36,-1.8212470138178586e-36,-6.797729660243261e-37,-8.278535460406425e-39,-6.293116085021305e-39,-1.6381918964193695e-30,-6.0061440310405345e-30,4.300265162014048e-30,-3.849617426414856e-30,-2.662070126873407e-30,9.855762354232897e-30,1.0304179804174362e-30,-1.941014603714945e-30,1.0227025551435109e-29,8.884683020423706e-32,-1.1756040167149096e-29,9.539008880962837e-31,-4.746346767125423e-38,-6.0661000326917234e-40,-7.968102055763786e-39,-9.7805071114232e-41,-1.7870683498741353e-39,5.649041616145814e-39,-0.8561569452285767,-0.4266795516014099,0.049855127930641174,0.2872623801231384,-0.0023689100053161383,0.0012310247402638197,0.004554651211947203,-0.006638762541115284,0.43256276845932007,0.881999671459198,0.1869918406009674,0.0,-2.208535979580331,-0.4849455836961953,0.08617142770758784,0.394867487567231,1.7420354800376111e-15,7.332652665706513e-17,-1.6334698717789683e-22,4.260434221284594e-22,3.830245401991208e-30,9.969247822337422e-32,0.9150672817744326,0.08507002683073088,0.00013730860516347754,38.76051330566406,-0.9244677109198965,-0.043076047560441325,-1.1268114419250792,-0.42057774163310907,0.06851521979629095,0.014558030400613882
1412.0,0.0009995774607253313,0.1453987517835888,0.853437186729303,0.0001644840263827889,4.248815543027906e-11,0.38082649696638504,0.6129610899374804,0.006212413096134468,4.2383728572732266e-05,0.00019126572686188956,0.9997663505445654,3.830290039158366e-06,1.143887846113395e-06,7.887700181859848e-07,0.9912786945837367,0.008713254577707786,2.287890651989565e-06,0.00038066558281458227,2.780979794469957e-05,0.007436215474055154,0.0011712372934627956,4.499049124879254,EQ_dominated,-2.1304678462865412e-32,2.4597545601899247e-31,1.1650822510090985e-31,2.907589583685687e-31,2.5262278581448983e-32,1.8873806634969104e-32,-8.514598415481701e-24,4.0241941468209936e-24,-9.841127786517058e-24,-1.741827696724684e-23,-1.3628525057993741e-21,4.845121238230428e-22,1.7091946688159068e-38,5.366755650151884e-38,-9.967123758317918e-39,-2.912134517354454e-38,-7.124806957796644e-39,-2.4546201924023383e-38,-6.744292900939153e-36,-1.910537412400438e-35,-1.839415000116046e-36,-4.741511272796534e-37,-1.8171511354256302e-38,-2.484431689736437e-38,-1.5332362278307807e-29,-1.2926972870959958e-31,1.2155558333493599e-29,-7.83525886797142e-30,3.176782238266234e-30,7.964539449955007e-30,9.922953952469566e-31,-2.0617566641070214e-30,2.3042529928054895e-29,-8.991743948763678e-30,-7.463823292756277e-29,2.6951513824869894e-29,-1.8063422438026692e-37,6.115866703085767e-38,-2.2328891037779478e-38,8.789066744030533e-39,1.2993178491032e-39,4.6313143089239415e-39,-0.8366492390632629,-0.13548488914966583,0.15847010910511017,0.5060824751853943,-0.002147173974663019,0.016216102987527847,0.0068127927370369434,0.00555391563102603,0.4346506893634796,0.8809726238250732,0.1869918406009674,0.0,-1.946171410114865,-0.17258132058813258,0.4057148769942818,0.5216780928241125,1.2618237632386331e-15,-2.8620489053494995e-16,-1.2916192715300673e-22,4.375419530867911e-22,2.525232671965022e-30,-5.984068088610935e-31,0.7186056767652136,0.28130950729327514,8.481594151121818e-05,689.5892944335938,-0.20433033239668522,-0.017697668305514464,-1.1332212561928614,-0.29211359918626933,0.04826424936263318,-0.027268750312739624
1415.0,0.15849398389960032,0.14262080312091177,0.6986736252759753,0.00021158770351271098,4.188086488692348e-12,0.9952065593558186,0.004633998035717605,0.0001594426084638468,3.2633901848078994e-05,0.0025274307196321752,0.9974399353785198,3.5859568109744685e-06,1.200547958868122e-06,7.000237307806544e-07,0.8926229281711631,0.10736839637919691,3.1889211392723243e-06,0.15773425239531774,0.00036046419906640486,0.0750154667383214,0.22684981680394098,0.011718458269725354,EQ_dominated_with_ED,-2.81499439389898e-31,1.5594091725306549e-30,7.035404408453509e-35,-1.081295703289274e-31,1.992366127534486e-32,2.3100394952293996e-33,-2.2387247780034254e-25,2.570788681838846e-24,1.1333323959093743e-23,-1.967962750065765e-23,4.484527534347204e-22,4.920962829557502e-23,8.074063380601663e-40,-1.555905389321136e-38,-2.0261557083818442e-39,8.784114662894667e-39,1.2187420758403038e-39,6.774938429343231e-39,-5.560656281434263e-37,5.4682669474360056e-36,-1.7726976458197944e-36,-7.010463979145964e-37,-7.675811009633382e-39,7.000866949784227e-39,6.778485789667993e-30,-5.259486604077072e-30,-9.73634900430442e-31,-4.1889548697916345e-30,-5.804849977087066e-30,9.448440561718222e-30,8.945269963591821e-31,-1.878752020928123e-30,7.871912273085512e-31,1.5835887894606806e-30,2.8193706768014564e-29,3.365441240082354e-30,3.8713713731322903e-38,8.856798751348803e-40,2.129352994700637e-39,-1.1151844145327858e-39,-3.364255942984921e-39,5.35731444593104e-39,-0.8237113356590271,-0.5474831461906433,0.07952383905649185,0.12221752852201462,0.0014346231473609805,-0.006208352744579315,0.006075167562812567,-0.014143185690045357,0.43672725558280945,0.8799450397491455,0.1869918406009674,0.0,-2.2708743063068098,-0.6584730742085237,-0.03331307108348959,0.20288840363945662,1.893441808227947e-15,3.735691475813368e-16,-1.6056398490349085e-22,4.1711087641187267e-22,4.419103424804265e-30,7.902816409156448e-31,0.9782787616433598,0.021498102618691627,0.00022313573794852104,72.12548828125,-1.2926454099709324,-0.23334411817408315,-1.0874922484452665,-0.4300691239311886,0.0544146067372338,0.03133689223737324
1418.0,0.37633788753391856,0.09375446043408035,0.529686669723076,0.00022098230892506453,1.412067442172954e-12,0.9982908288674595,0.0015048667933918766,0.00020430433914869956,0.00015239951557792213,0.008487651056907412,0.9913599494275147,2.183675641782719e-06,8.829073155899157e-07,4.500834329407111e-07,0.5854697479996251,0.41451957103705916,7.164296925449767e-06,0.3756946616804643,0.0007957551451931062,0.2195654911176579,0.7104915208280977,0.0009338681311202667,mixed_higher_order,-1.8212043513044857e-31,1.4143811795081329e-30,-5.661360090951218e-33,-5.507766255815875e-32,1.996406631098215e-32,4.1987237711729816e-33,-1.2275507282635074e-24,2.3332949037244637e-24,7.298005054181995e-24,-1.8272171408641738e-23,2.1231293764855076e-22,1.1852036719647936e-23,-6.277144131262256e-40,-6.154075060550801e-39,-9.351515144270167e-40,3.820671730292498e-39,1.5628580915748868e-39,2.3333930047056535e-39,-8.607552608691484e-38,2.2632869885931897e-36,-1.7947678453219604e-36,-6.40954390765444e-37,-7.298316495672716e-39,3.083510427288422e-39,3.73679489883222e-30,-5.57133549591525e-30,7.332506777519752e-31,-4.157019292976261e-30,-4.470048336316211e-30,9.728353409025503e-30,8.83172544601166e-31,-1.899356468143089e-30,3.7990027081479046e-30,1.3744376153460257e-30,1.4766039984876167e-29,1.033692583364921e-30,9.455619883984842e-39,-2.7358704818565803e-39,-1.1545518364435223e-39,-1.106125800364323e-39,-2.640068733953966e-39,5.465402359930825e-39,-0.857775092124939,-0.4809037148952484,0.08224906772375107,0.16149339079856873,-0.00019299203995615244,-0.0033600700553506613,0.005152943078428507,-0.011676845140755177,0.43879276514053345,0.8789169192314148,0.1869918406009674,0.0,-2.2549284675667005,-0.5587394637344969,0.009058335923793202,0.2435309050335648,1.845178969997e-15,2.582342202479496e-16,-1.4985042186096945e-22,4.2288485075402826e-22,4.2901617485209764e-30,5.251459372273527e-31,0.9670578189867023,0.033007925947856134,6.574493455846486e-05,25.14809226989746,-1.1699464978612024,-0.15064621076471374,-1.0963777170905398,-0.3915426240436762,0.05041607021605547,0.020136453791953442
