lam_nm,f_ED,f_MD,f_EQ,f_MQ,C_total_exact,px_given_ED,py_given_ED,pz_given_ED,mx_given_MD,my_given_MD,mz_given_MD,Qxx_given_EQ,Qyy_given_EQ,Qzz_given_EQ,Qxy_given_EQ,Qxz_given_EQ,Qyz_given_EQ,Cpx_total_fraction,Cmy_total_fraction,CQxz_total_fraction,ED_EQ_balance,CT_diag_over_CED,class,px_re,px_im,py_re,py_im,pz_re,pz_im,mx_re,mx_im,my_re,my_im,mz_re,mz_im,Qxx_re,Qxx_im,Qyy_re,Qyy_im,Qzz_re,Qzz_im,Qxy_re,Qxy_im,Qxz_re,Qxz_im,Qyz_re,Qyz_im,Qmxx_re,Qmxx_im,Qmyy_re,Qmyy_im,Qmzz_re,Qmzz_im,Qmxy_re,Qmxy_im,Qmxz_re,Qmxz_im,Qmyz_re,Qmyz_im,Tx_re,Tx_im,Ty_re,Ty_im,Tz_re,Tz_im,txx_re,txx_im,rxx_re,rxx_im,tyx_re,tyx_im,ryx_re,ryx_im,tbg_re,tbg_im,rbg_re,rbg_im,E_up_re,E_up_im,E_dn_re,E_dn_im,I0_re,I0_im,I1_re,I1_im,I2_re,I2_im,T,R,en_res,U_proxy,even_px_re,even_px_im,odd_Q_re,odd_Q_im,odd_m_re,odd_m_im
1261.0,0.00671734304056056,0.8830977685319928,0.10967113499308898,0.0005137534343577018,8.549859948262585e-12,0.6593633329190697,0.01619727729882714,0.32443938978210324,0.021620880995203613,0.054720675473200434,0.923658443531596,0.0005879749719210766,0.00024890721391996755,8.946857653388861e-05,0.00020432424322992335,0.9144289816775457,0.08444034331684944,0.004429169695584729,0.048323706402946656,0.100286464291151,0.06124987254835887,1.4486914513711946,MD_contaminated,1.97969878781223e-31,2.2714383822703657e-31,-4.096860416319813e-33,4.704663537771072e-32,5.818191289370126e-32,2.0319021795797383e-31,-1.5483940778099071e-22,1.0582428951673327e-22,2.8916025934816634e-22,-7.354528315753507e-23,-9.927832682212685e-22,7.190542819067812e-22,-4.869968346203744e-38,-6.337883246481625e-38,2.2133183249813644e-38,4.70593078408327e-38,2.656648405174675e-38,1.6319514101531823e-38,3.2085892904036447e-38,8.973266249434155e-39,-6.494669636601846e-37,-2.1321289620512988e-36,-4.242108515627059e-37,-5.279969530302981e-37,3.173970595921979e-29,-1.0251596986003831e-29,-3.466509410113535e-29,1.624845915339689e-29,2.925395045622167e-30,-5.996872522952962e-30,-7.159886470547799e-30,-1.923590989174216e-30,2.6546811492366067e-29,-6.152102941218768e-30,-1.033535045326967e-29,8.458478860255577e-30,-6.961343327950225e-38,5.646382892143157e-38,-1.8215622684209683e-38,2.7492355616492565e-39,3.517899457977008e-38,-9.582356162394203e-39,0.24809397757053375,0.2876945436000824,-0.4824824035167694,0.7808489203453064,-0.04778768867254257,-0.049312520772218704,0.04968889057636261,-0.06252173334360123,0.3137894868850708,0.9308975338935852,0.1869918406009674,0.0,-0.7834146668809344,-0.5038695758321369,-0.1415338893645177,1.2850252075520816,7.678291252581522e-16,-6.460115083717383e-16,-2.989960402365746e-22,1.073076531442037e-22,2.0476836476543278e-30,-1.5263946974732306e-30,0.14903416001760258,0.8488922590947474,0.002073580887649973,116.7030258178711,-0.21128158069666098,0.18414494201429984,-0.5016851816859511,-1.646977545518778,0.2281890491641615,0.8971779263584237
1264.0,0.009138269257859905,0.8720989078794701,0.11819623460143426,0.0005665882612357546,8.040533058483682e-12,0.00604906885197784,0.013968566421835553,0.9799823647261866,0.06538556176526823,0.04127191558873557,0.8933425226459961,0.0004277813797420161,0.00046403185730605677,6.922008353914743e-05,0.03061888013899989,0.7428404605119093,0.22557962602850362,5.5278019928707e-05,0.03599319251102996,0.0878009453421031,0.07731438559506375,1.4368298312257977,MD_contaminated,2.18785220743758e-32,-2.4434890044981047e-32,2.4134435387563122e-32,4.3607603479931054e-32,1.686560227983559e-31,3.818768019819483e-31,-2.0986590729760022e-22,2.3598696099100725e-22,2.4354706060612695e-22,-6.03115258605161e-23,-7.921809403755577e-22,8.573666964119559e-22,-5.483377690791647e-38,-4.209248239528846e-38,3.586652103724996e-38,6.242633897477586e-38,1.8967215033841858e-38,-2.0333858405397765e-38,3.136018529648241e-37,2.6956920823016606e-37,-6.807518781295674e-37,-1.9197698744409212e-36,-8.992146300251088e-37,-6.718099139621228e-37,2.7899259946177175e-29,-1.1009480846950902e-29,-3.068034565085462e-29,2.0770810886850875e-29,2.781092674316315e-30,-9.761325393474061e-30,-2.1604045152807368e-29,-1.9509710781184676e-31,1.8447903433328502e-29,-7.983889756322966e-30,-1.2199546683675266e-29,1.4105383977692966e-29,-6.505441962678295e-38,7.815859199673179e-38,-1.0879525466306905e-38,2.0300893266273785e-39,7.782038567582998e-38,-3.435859201532782e-38,0.3921320140361786,0.28929001092910767,-0.20606565475463867,0.8358855843544006,-0.0790092870593071,0.004527306649833918,0.07393000274896622,-0.08715519309043884,0.3165402114391327,0.9299656748771667,0.1869918406009674,0.0,-0.6003804199845717,-0.545601841307551,0.17599712011433016,1.1577641002061119,3.594924694278859e-16,-5.124679318663504e-16,-2.8535930068642204e-22,1.3010205633799317e-22,1.543789346813454e-30,-1.7197664301591727e-30,0.2437191908025546,0.7542294371900498,0.00205137200739558,135.4745330810547,0.02267457099687805,0.020302366868399084,-0.5233582590380403,-1.4759084058668557,0.18668451810439107,0.7538603110481256
1267.0,0.17096451479172375,0.5684245534139366,0.2572203559550932,0.0033905758392463307,5.7292459619324685e-11,0.01052147211508647,0.0002953001762696163,0.989183227708644,0.9184386854515126,0.0080951805667001,0.07346613398178725,0.0004160355430904365,0.0016107494209744112,0.003607091178524965,0.01665764525672296,0.026527593540547716,0.9511808850601394,0.0017987983750504099,0.004601499398431684,0.006823437053131714,0.6646616833916971,0.011612273716382047,MD_contaminated,-4.922841602921301e-31,-9.727274070150539e-32,6.622735764753786e-32,-5.178053669735332e-32,4.783842690585982e-30,8.879911817500759e-31,1.958802179005316e-22,2.5553565597451467e-21,2.0112784890017624e-22,1.3206168782439896e-22,-4.0168102067226802e-22,6.0336189027704935e-22,2.703284195876508e-37,-4.305165816389022e-39,5.156330212338947e-37,1.3086490520768433e-37,-7.859617717816884e-37,-1.2655982518452999e-37,1.1866533589119522e-36,2.349442328855933e-37,-1.7214387309368798e-37,-1.5168286518805287e-36,-9.072074450751813e-36,1.1211785995862541e-36,2.0884249306059362e-29,-3.7537522940391145e-30,-1.1682295116987044e-29,6.532927246716912e-29,-9.201954189072317e-30,-6.157552984768811e-29,-1.0589976292591876e-28,2.9438174152235364e-28,6.67788191314462e-30,-3.1675919848028043e-29,-8.212687819545569e-30,2.6793535070503044e-29,-3.499614001756446e-38,1.0037840976802101e-37,-9.892851487779285e-39,-3.862446967352131e-38,2.0276492219825818e-37,-1.0974500750537887e-36,0.45292118191719055,0.13888855278491974,0.2501179277896881,0.5431075692176819,0.054267942905426025,0.39399924874305725,0.029292108491063118,-0.4937257170677185,0.3192753493785858,0.9290302991867065,0.1869918406009674,0.0,-0.58073683794907,-0.7222295500784308,0.5101773557438883,0.5509594352198622,6.566892837223225e-17,1.2276116577452334e-16,-2.137830171108349e-22,1.8335957987723703e-22,7.5156035142826634e-31,-1.2433594720513176e-30,0.38260804476123433,0.6021479208572318,0.015244034381533877,1619.22265625,0.09005136524311345,-0.4557377575892642,-0.1317172703574467,-1.1606136543525627,-0.40780757594489453,0.6210844482319124
1270.0,0.03003439919389805,0.8462408653152611,0.12310201711277469,0.0006227183780661753,6.842403607313007e-12,0.6255108163611156,0.002974121913543818,0.3715150617253406,0.03222939161614542,0.042273930826688226,0.9254966775571665,0.001722549942242267,3.049058517539929e-05,0.002098426414882328,0.17066519983856487,0.685389011926641,0.14009432129249408,0.0187868415586908,0.035773927803054134,0.0843727698751011,0.2439797486533735,0.6162911539448434,MD_contaminated,-5.07618417671981e-31,-2.437098529027551e-31,3.206888113593802e-32,2.1889882748582847e-32,-4.210736727131942e-31,-1.0496504365568608e-31,1.7116844994380512e-22,-1.0987177254081672e-22,2.2788062525586666e-22,-4.8314432550955193e-23,-4.163314160448073e-22,1.0073026310601647e-21,-1.214317895846991e-37,-5.29144275956469e-38,-1.6802147871673422e-38,5.3160149327241826e-39,1.3823394891231414e-37,4.759841095716447e-38,8.796409037667615e-37,3.0889479465702063e-37,-6.156191106482543e-37,-1.763985298246651e-36,5.068355311119397e-37,6.7572689494110086e-37,2.3836212433974757e-29,-1.0885609333779556e-29,-1.538155109306799e-29,1.3029038267368054e-29,-8.454663708546442e-30,-2.1434241983091478e-30,-3.9035730362157333e-31,-3.2020735558455717e-29,5.5428445461023665e-30,5.387198281468935e-30,-8.429270773025769e-30,2.3971364409576304e-29,-3.5086564471325706e-38,1.0738718021992149e-37,-9.972686436181327e-39,2.7620874859600888e-39,-3.21765291107667e-38,9.937706530953436e-38,0.6971527338027954,0.1556691974401474,0.22093600034713745,0.6518716812133789,0.022176945582032204,0.04306427389383316,-0.03874600678682327,-0.10778524726629257,0.32199472188949585,0.928091287612915,0.1869918406009674,0.0,-0.27210388999631063,-0.8359471192395714,0.4726674440381513,0.6814642673826902,-1.5436976539254594e-16,1.0603214093772791e-16,-2.5533391615504634e-22,1.253834372085115e-22,5.689138197813261e-31,-1.5210355367421068e-30,0.5126011818817224,0.4868683175875278,0.0005305005307497668,142.15475463867188,0.22508426222673428,-0.4688235443644159,-0.4688231332625861,-1.3433584179709666,0.14884293428084308,0.7020349642534673
1273.0,0.05438651929183226,0.8054813242274513,0.13962921232429612,0.0005029441564202336,5.6851953615628215e-12,0.9804442333250224,0.002377901702410916,0.017177864972566615,0.0181793281816225,0.04525048942008118,0.9365701823982963,0.0012055964877465011,9.609297428352726e-05,0.0006906138354928235,0.2988111919191749,0.6369621683452548,0.06223433643804749,0.05332294921029702,0.03644842414002727,0.08893852584642363,0.3895067399328783,0.40937175796524694,MD_contaminated,-8.482141603421294e-31,-1.8806427733053242e-31,3.9646541889415506e-32,1.6089668271093475e-32,-8.089752178883625e-32,8.173541990496929e-32,1.1405374427352084e-22,-7.49782787576764e-23,2.135359169299154e-22,-2.7832966610317587e-23,-1.7122163813146587e-22,9.6460933683703e-22,-1.0663182715480176e-37,-1.9174707661432768e-38,2.4638513104388724e-38,1.8125425751509778e-38,8.199331388420317e-38,1.0492852658484909e-39,1.1948827897767584e-36,1.640387751389062e-37,-5.243710538912995e-37,-1.6810275523419788e-36,3.906992486711294e-37,3.877103654760073e-37,2.1429641957176656e-29,-9.85147429239986e-30,-1.305947702157986e-29,1.2858325812769795e-29,-8.370164935596797e-30,-3.0068676534805937e-30,-1.3929211822065976e-29,1.9042205535522428e-32,6.349756333252621e-30,6.419950302677002e-30,-3.6403321521076284e-30,2.831119999224977e-29,-1.1025828373884404e-38,1.132066757185289e-37,-8.055824372940201e-39,1.3781086405815578e-39,1.1012966100273492e-38,1.9327807324997662e-38,0.8044490218162537,-0.01781463250517845,0.3814818263053894,0.4333047866821289,0.06718674302101135,0.01395386178046465,-0.09130916744470596,-0.06503258645534515,0.3246985375881195,0.9271487593650818,0.1869918406009674,0.0,-0.22178006875827377,-1.0954049859655306,0.4940487292325847,0.35730418724621116,-2.1717559110417977e-16,5.801649632113723e-16,-2.4498651897523876e-22,1.2080152399326444e-22,1.3239939151320999e-31,-1.0851754003748797e-30,0.6521643585287816,0.3458480233234578,0.001987618147760495,129.26063537597656,0.17328208688293534,-0.7815430017547438,-0.39745346217392674,-1.2741554205365857,0.08554333069584989,0.6562927270068987
1276.0,0.1028671390608112,0.7307670639447946,0.16580488386116765,0.0005609131332266556,4.911671782293786e-12,0.9961607309318774,0.002017846140532655,0.0018214229275897705,0.01170465207064294,0.05515417336623671,0.9331411745631203,0.0009354962909395121,0.00012489077893915716,0.0003827801658545822,0.37984159311992166,0.5905139866525079,0.028201252991837216,0.10247220443568877,0.04030485333514699,0.09791010297531418,0.6204107904743281,0.2310895842318312,MD_contaminated,-1.124663336098785e-30,-1.4496554330724686e-32,5.028547171618691e-32,5.825978685599041e-33,2.3780901759356194e-32,4.180419913650946e-32,6.18324960073111e-23,-7.528122467005562e-23,2.109711101621924e-22,-1.456107437498488e-23,2.426252361138198e-23,8.695016751965327e-22,-9.733990670587613e-38,1.4132813183778352e-39,3.532137277293155e-38,4.196182384189617e-39,6.201848402681885e-38,-5.609460580333981e-39,1.3846328108343911e-36,-8.23805983909492e-38,-4.346502750707723e-37,-1.6739722660363183e-36,3.405778915441733e-37,1.6386958718225678e-37,2.0003539793794956e-29,-8.71744174468784e-30,-1.126783028691258e-29,1.1632751244704785e-29,-8.735710110057514e-30,-2.9153167381185867e-30,-5.195423707872628e-30,1.0226115460471348e-29,5.572162072945933e-30,7.971634989581372e-30,2.2993533836081115e-30,2.995007754658653e-29,1.2308404092846087e-38,1.0932506653340684e-37,-5.304304886012689e-39,2.8788528498433446e-40,8.059521776195249e-40,-5.611795291319283e-39,0.8509190678596497,-0.2156849205493927,0.42773082852363586,0.19285370409488678,0.055302638560533524,-0.019330203533172607,-0.07812722772359848,-0.009189637377858162,0.32738691568374634,0.9262028336524963,0.1869918406009674,0.0,-0.2618646482081737,-1.3572096091736587,0.3839977238109034,0.08544147769048802,-9.921926812845018e-17,1.0154128457329225e-15,-2.4381841898495745e-22,1.0924945461742847e-22,-9.335076157401354e-32,-5.390325051320028e-31,0.7740152835999238,0.22633452599954568,0.00034980959946939727,119.25237274169922,0.013325695249078763,-1.033826420592972,-0.32790118927806233,-1.2628486126286862,0.04464756792599384,0.6468854377648624
1279.0,0.16135018418453967,0.6375316098587535,0.20049037047600005,0.0006278354807069372,4.268290221487728e-12,0.9973236733925477,0.001734440100610147,0.0009418865068421448,0.007375662538058299,0.07436099378742088,0.9182633436745209,0.000706084045482592,0.0001031073685176572,0.0002695623429298535,0.40982076932140266,0.5767657632373283,0.012334713684338954,0.16091835839348925,0.0474074840799912,0.11563598154932488,0.8047777247429162,0.14504791578100903,MD_contaminated,-1.2996282157230837e-30,2.316446504146013e-31,5.421250411937106e-32,-9.576624488530728e-33,4.007786799425191e-32,6.291902632272352e-33,2.7324416384576784e-23,-6.188820172531273e-23,2.146305752519804e-22,-8.744913321742837e-24,1.6143714776239244e-22,7.373887674974853e-22,-8.562437609639787e-38,1.7073319631205678e-38,3.2757550396915057e-38,-6.33338395847557e-39,5.286686990532748e-38,-1.0739919860072152e-38,1.444001038191184e-36,-3.5653423337921265e-37,-3.764455631798725e-37,-1.7238709489424983e-36,2.5451360190259807e-37,4.250775796757564e-38,1.9314408788010897e-29,-7.801924336141887e-30,-9.848374228476783e-30,1.03663154243035e-29,-9.466036386137114e-30,-2.5643825640142806e-30,1.424835276756287e-30,1.0393245641194813e-29,5.5242003227432945e-30,1.0232787091824041e-29,7.821707055495622e-30,2.9078175374412165e-29,3.0799338472594464e-38,9.774218318334225e-38,-3.5831901130166817e-39,-1.8814494498151674e-39,-8.397203721596396e-39,-9.447878659157678e-39,0.8294879198074341,-0.40933749079704285,0.37542903423309326,-0.018249524757266045,0.03731919452548027,-0.027284100651741028,-0.04829017445445061,0.014363180845975876,0.3300599455833435,0.9252536296844482,0.1869918406009674,0.0,-0.38837233469355265,-1.5803633022225076,0.19329281340224394,-0.0924033705949564,1.5574179768165945e-16,1.3441659215529203e-15,-2.5202381010866735e-22,9.861257648498566e-23,-8.463211694879246e-32,2.047772402105559e-32,0.8577445349068883,0.14381824681191463,0.0015627817188028637,106.17550659179688,-0.21243569624903044,-1.1918575472296584,-0.28266072966153855,-1.2943986273988537,0.026751000260435517,0.65656254821733
1282.0,0.22154413866031908,0.5380533314678613,0.23971608330985328,0.0006864465619664091,3.729976849012019e-12,0.997872931762223,0.0014988972164216388,0.0006281710213553637,0.0048622760532921775,0.10426397402218086,0.8908737499245271,0.0005175931234107087,7.495416095383289e-05,0.00019960162942919227,0.40435019424866164,0.5892117514128917,0.005645905424652816,0.22107289915970904,0.05609957857471296,0.14124353328883732,0.9241938863733001,0.09744546141054886,MD_contaminated,-1.3679288547462886e-30,4.905794867826446e-31,5.112888167703606e-32,-2.362419296880004e-32,3.5015570370186585e-32,-1.0167130763715136e-32,8.969598966360255e-24,-4.653731634965354e-23,2.192150841761168e-22,-1.0511877387796339e-23,2.3813173950786147e-22,5.956853467955375e-22,-7.206745414101839e-38,2.697461667634208e-38,2.6629875945214707e-38,-1.2179378642534534e-38,4.54375922647567e-38,-1.4795258956067906e-38,1.3985087515569253e-36,-5.975689342083259e-37,-3.6564903019665562e-37,-1.7990661456163994e-36,1.7934256652755343e-37,-1.1457449069497422e-38,1.903656746808082e-29,-7.262215366931356e-30,-8.832138322343946e-30,9.128435943276813e-30,-1.0204426687335297e-29,-1.8662230347470353e-30,4.740892844809889e-30,8.262756537374182e-30,6.567118300490655e-30,1.2029256385520412e-29,1.2029622687355466e-29,2.65861404786083e-29,4.248490357589352e-38,8.234518593185143e-38,-3.2537197600078734e-39,-3.997672113172801e-39,-1.3024444797117853e-38,-7.95866703538107e-39,0.7561638355255127,-0.5719274878501892,0.26170557737350464,-0.16758064925670624,0.02614188753068447,-0.025984391570091248,-0.024104921147227287,0.01924373209476471,0.33271774649620056,0.9243013262748718,0.1869918406009674,0.0,-0.5655762732521753,-1.7367985024196972,-0.017655130195151466,-0.16772225322202877,4.697502269428486e-16,1.53586402556504e-15,-2.66347127721226e-22,9.309280345615105e-23,1.003460804793529e-31,4.926904255011472e-31,0.9002433844042176,0.09752445168214774,0.002232163913634677,91.68267822265625,-0.4488457560624933,-1.2515587740429341,-0.27327050371399947,-1.3445453733679662,0.03208095752648698,0.669017488044879
1285.0,0.2746810319823788,0.44922812731669093,0.2753659760098942,0.0007248646910360774,3.33669572480135e-12,0.9983004968774761,0.0012869161365097787,0.0004125869860141245,0.003355556270569718,0.1411166828083788,0.8555277609210515,0.0003932929483785882,5.6349779033024124e-05,0.0001536311636295091,0.3844947028084907,0.6120752031407991,0.0028268201596689793,0.2742142107108267,0.06339358315115148,0.1685446857043204,0.9975126047253899,0.06931315626063993,MD_contaminated,-1.3619627054134665e-30,7.144387168537415e-31,4.434374769714505e-32,-3.290654470204043e-32,2.7190753032414245e-32,-1.5435128894039113e-32,1.2626054082156935e-25,-3.4185157632812396e-23,2.210400719822749e-22,-1.6972064334344234e-23,2.688570693423183e-22,4.750482888625389e-22,-6.020675130053654e-38,3.2618321026868204e-38,2.132957230755366e-38,-1.472572590249504e-38,3.8877168458983024e-38,-1.78925819542898e-38,1.2976334819036727e-36,-7.798110240751543e-37,-3.949434481240421e-37,-1.868843498443768e-36,1.2577090472407991e-37,-3.212855342868567e-38,1.882223649084072e-29,-7.124803640716768e-30,-8.082796821040822e-30,8.166532355813988e-30,-1.0739442151293934e-29,-1.0417398818203844e-30,6.086048996222491e-30,6.100700977761969e-30,8.054908550309782e-30,1.293114111062061e-29,1.491244907954282e-29,2.355417265441361e-29,4.82848072684175e-38,6.736219666753482e-38,-3.704123151649745e-39,-5.4295660817878166e-39,-1.4831477521455065e-38,-5.6428075476533314e-39,0.6615384221076965,-0.6920268535614014,0.13531039655208588,-0.25110408663749695,0.020219359546899796,-0.02299751713871956,-0.008508232422173023,0.016791189089417458,0.3353605270385742,0.923345685005188,0.1869918406009674,0.0,-0.7491077310074319,-1.8276299927927973,-0.19871812650168827,-0.16919735817448628,7.658020507262019e-16,1.6139771231972595e-15,-2.8213819219202995e-22,9.370850586124723e-23,3.707189233498549e-31,8.358050578915784e-31,0.9174719582698666,0.08171649979112058,0.0008115419390127832,79.00880432128906,-0.652135163061845,-1.2431909833923376,-0.2937873149221193,-1.390180077743722,0.05167572787419061,0.6730122148979517
1288.0,0.32076686704763013,0.37037350511373596,0.3081152376617943,0.0007443901768395002,3.0193390130539862e-12,0.9986085036084063,0.0011310935414848432,0.0002604028501088082,0.0024144692493974235,0.18690442874029364,0.810681102010309,0.0002940394998263379,4.046479951224706e-05,0.00011850385101962031,0.3584956973517714,0.6395401412033336,0.0015111532945368174,0.32032052110959053,0.06922444839382304,0.19705206260112262,0.9605581788970827,0.05041938913997692,mixed_higher_order,-1.3082037514028435e-30,9.0128326113354e-31,3.639595299173646e-32,-3.916455928154711e-32,2.0143853675521315e-32,-1.5884640480458561e-32,-4.260316344548158e-24,-2.4800681570649854e-23,2.198905592550198e-22,-2.580920700708431e-23,2.731489987735437e-22,3.7148440366652806e-22,-4.891876269944173e-38,3.47321889348783e-38,1.6160037898318918e-38,-1.5303179288334002e-38,3.2758709920928713e-38,-1.9428993118141595e-38,1.1717107834944784e-36,-9.062487159729746e-37,-4.509517552996315e-37,-1.926391339147602e-36,8.789570413278519e-38,-3.9031309918608076e-38,1.856762270610079e-29,-7.228143974494523e-30,-7.476816687781973e-30,7.374218419790536e-30,-1.1090808523067618e-29,-1.460769500448131e-31,6.545910515211155e-30,4.261980682062259e-30,9.51481995160956e-30,1.3149888621864165e-29,1.6607576617752578e-29,2.033596659262879e-29,4.99002377806589e-38,5.352008553861739e-38,-4.424409576734e-39,-6.32314761032336e-39,-1.534179400733786e-38,-3.4003302169572415e-39,0.556968629360199,-0.7788459062576294,0.010677963495254517,-0.2867390215396881,0.017039604485034943,-0.02028074860572815,0.0016166351269930601,0.012162632308900356,0.337988018989563,0.9223871231079102,0.1869918406009674,0.0,-0.9272826470900504,-1.8698555092748408,-0.34612788182138565,-0.12374586990471116,1.0308960507024982e-15,1.6140641796889652e-15,-2.9771326868564486e-22,9.91518942092406e-23,6.768835843706009e-31,1.07186860123563e-30,0.9175166566706617,0.08248382851175903,4.851824206841826e-07,67.7768783569336,-0.8207694934481404,-1.191338812856059,-0.33388948131423507,-1.4263206595323195,0.07839960215637945,0.6679528107471627
1291.0,0.35677175393212107,0.30756247318906205,0.33492176307905613,0.0007440097997608112,2.7732380792267056e-12,0.99883434809747,0.0010069818974091811,0.00015867000512083995,0.0018178614110016009,0.23656540947294646,0.7616167291160519,0.00023029711633191312,3.1469710023458844e-05,9.36813276760235e-05,0.33177160451954196,0.6669896846370027,0.0008832626894239214,0.3563558822583811,0.07275864240848258,0.22338936113416857,0.9387563880485278,0.037623641601825596,mixed_higher_order,-1.2311547951548424e-30,1.0426619679845828e-30,2.910882782335578e-32,-4.2152036057425077e-32,1.4944647451247964e-32,-1.3789105874434518e-32,-5.948724375982908e-24,-1.8211179681666047e-23,2.157129556528899e-22,-3.509330275460656e-23,2.6156810640941754e-22,2.921574327299465e-22,-4.0460475232855026e-38,3.4886988009759993e-38,1.2709361743987863e-38,-1.5115791359892947e-38,2.7751124078725587e-38,-1.9771198197089978e-38,1.0427764925050955e-36,-9.841226720008264e-37,-5.2207674642270616e-37,-1.9648290123905748e-36,6.303926751031796e-38,-3.8721325976363444e-38,1.8221911395527574e-29,-7.498138975372621e-30,-6.952126404482705e-30,6.79946748695674e-30,-1.126978688716984e-29,6.9867148841588105e-31,6.45762396455018e-30,2.87890171220099e-30,1.0689466463099502e-29,1.2858905207633998e-29,1.7292317167331677e-29,1.7418291918143246e-29,4.866696817140998e-38,4.2079868893415245e-38,-5.1232637572428296e-39,-6.708033350866329e-39,-1.5089761635472635e-38,-1.565302277073844e-39,0.45641958713531494,-0.8360942602157593,-0.09511113166809082,-0.28626686334609985,0.015493850223720074,-0.018218087032437325,0.007383678108453751,0.007240280508995056,0.34060072898864746,0.9214256405830383,0.1869918406009674,0.0,-1.0842695908217037,-1.8761709036338905,-0.45108912847520377,-0.05476846554193582,1.2447300968556134e-15,1.5652993358485033e-15,-3.1123986466843806e-22,1.0825346408390572e-22,9.743563952684013e-31,1.214422367964201e-30,0.9079444095763856,0.09110178478145772,0.0009538056421567465,58.65798568725586,-0.9473120335459967,-1.1185674633001326,-0.38475674960843725,-1.448026998949429,0.10635381223996425,0.65373998405504
1294.0,0.38585368031758055,0.25610134545498314,0.35731250374285517,0.0007324704845809872,2.5749404208846038e-12,0.9990111495224281,0.0008946345817316212,9.421589584033069e-05,0.0014058789791161399,0.29072938518502145,0.7078647358358625,0.0001802801741386368,2.395947585630169e-05,7.493901614909753e-05,0.3067173328817918,0.6924609051966807,0.0005425832553833704,0.38547212872152564,0.07445618670918402,0.24742493977986985,0.9260310889059441,0.0283641887233592,mixed_higher_order,-1.145450035592672e-30,1.1517644609530558e-30,2.2281146743231264e-32,-4.3202838402781617e-32,1.1161009959127971e-32,-1.1147986688639336e-32,-6.512869727288863e-24,-1.338237920870943e-23,2.0948112028930953e-22,-4.386343125058271e-23,2.433706596432993e-22,2.286908390921851e-22,-3.30247223054681e-38,3.396482747999378e-38,9.61570349851075e-39,-1.4345765108606644e-38,2.3409007538659385e-38,-1.9619039275899366e-38,9.211757081773923e-37,-1.0298257741284336e-36,-5.9946369935180935e-37,-1.9876466572379915e-36,4.555049444901435e-38,-3.6088259323123137e-38,1.778993926880993e-29,-7.818866764183485e-30,-6.454748703651602e-30,6.325475222027715e-30,-1.1335189927221258e-29,1.493388352470422e-30,6.2046359064028964e-30,1.8077688439362253e-30,1.1641879449374242e-29,1.2261539622068898e-29,1.7470899284986725e-29,1.4794781346646806e-29,4.6025008661292794e-38,3.254529401875413e-38,-5.779679459056742e-39,-6.792081125380483e-39,-1.4586340324692538e-38,-6.483413843089264e-41,0.3618384599685669,-0.8746638298034668,-0.18302983045578003,-0.2657947540283203,0.014300291426479816,-0.016760770231485367,0.010576982982456684,0.002856643171980977,0.34319859743118286,0.920461118221283,0.1869918406009674,0.0,-1.2227569088624426,-1.8616367697897895,-0.524914382314477,0.022370001889593486,1.418433665835707e-15,1.4925411073317472e-15,-3.2265080271525655e-22,1.1955996602692935e-22,1.252562741562674e-30,1.298304639848414e-30,0.896449308032527,0.10426680308487007,0.0007161111173970003,51.22988510131836,-1.0440112083732664,-1.0382875286851276,-0.4397427809391375,-1.4580587106830905,0.13262438598565648,0.6333819348341119
1297.0,0.40781296069201467,0.2160945152246393,0.3753777275856156,0.0007147964977304947,2.4110487756329883e-12,0.9991365271797209,0.0008077552257595626,5.5717594519408843e-05,0.0011237609252866911,0.34470424291066654,0.6541719961640469,0.0001405003601983623,1.8110008989448005e-05,5.9590976034359146e-05,0.2843645145889412,0.7150609671946913,0.0003563168711454292,0.40746082528469957,0.07448869626765679,0.26841796095071563,0.9204654186287754,0.02173696088241426,mixed_higher_order,-1.0595846630980364e-30,1.2301187427720533e-30,1.6592777647944148e-32,-4.3077735724104183e-32,8.911926764454426e-33,-8.220167275537329e-33,-6.702583690472127e-24,-9.811494297187312e-24,2.0163183338620073e-22,-5.1511818870588095e-23,2.218365842928784e-22,1.8160154731207006e-22,-2.702972677558011e-38,3.184305231493906e-38,7.336156866906306e-39,-1.3078681107853552e-38,1.9693573571003454e-38,-1.8764365134274558e-38,8.141424714249957e-37,-1.050067702870618e-36,-6.777383879894199e-37,-1.995021110125447e-36,3.292835413579226e-38,-3.358434288233081e-38,1.7254775335451056e-29,-8.136549922793966e-30,-5.953838924118659e-30,5.9404025692267086e-30,-1.1300936411332397e-29,2.196147997440886e-30,5.84356204378996e-30,1.0307317387586378e-30,1.2311019605711186e-29,1.1543714114171632e-29,1.7282558482546498e-29,1.2657489293274368e-29,4.257547324819745e-38,2.511773684250319e-38,-6.30406198708572e-39,-6.673521703155131e-39,-1.3917454250416775e-38,1.045450508180854e-39,0.27692911028862,-0.8975716233253479,-0.25044873356819153,-0.2318674474954605,0.01344713568687439,-0.015890371054410934,0.012339268811047077,-0.0006638134364038706,0.34578177332878113,0.9194939136505127,0.1869918406009674,0.0,-1.3396831272017375,-1.8322111940753274,-0.5695092436008471,0.09947431833805243,1.550931777811972e-15,1.4072577483724328e-15,-3.315470450898948e-22,1.322330141346672e-22,1.498338630454362e-30,1.3312341715943777e-30,0.8827578804745749,0.11663977955704073,0.0006023399683843245,45.29182815551758,-1.1124559506024905,-0.9582337238226861,-0.49486474492167604,-1.4567060539457006,0.1553896075354162,0.6082388885401526
1300.0,0.4251427561227266,0.18445325642425514,0.38971344099326727,0.0006905464597510843,2.2765429526307797e-12,0.9992334971712881,0.0007337172975124765,3.278553119949729e-05,0.0009279563290024777,0.39737327417809193,0.6016987694929057,0.00011353123224825453,1.4408569777644184e-05,4.9047585376458196e-05,0.26440191652739087,0.7351734164600134,0.0002476796251933337,0.42481688299755216,0.07329679443811743,0.28650696185540814,0.91666489756859,0.01674346097570332,mixed_higher_order,-9.78602785792953e-31,1.2889159201576536e-30,1.1959668911023324e-32,-4.2190309577767513e-32,7.568193711081816e-33,-5.352808198037497e-33,-6.465788737209818e-24,-7.282296986534621e-24,1.929875362201441e-22,-5.803314735107909e-23,2.0110313481916141e-22,1.4509266134026317e-22,-2.225191339320701e-38,3.010055285572159e-38,5.3625246817689144e-39,-1.220952223060222e-38,1.6889379242433182e-38,-1.7891036401736613e-38,7.187195905166191e-37,-1.055960673243165e-36,-7.540867906271141e-37,-1.9920017351101253e-36,2.4320570253626715e-38,-3.0609283650000523e-38,1.6671127285572033e-29,-8.445996811709363e-30,-5.449141514380334e-30,5.6137339593325424e-30,-1.1221987070894751e-29,2.8322628523768207e-30,5.4896428608871286e-30,4.581794430393085e-31,1.2770661239550045e-29,1.0734511346285805e-29,1.6894524145260992e-29,1.0790872969136301e-29,3.890388489863104e-38,1.9107386519629012e-38,-6.718573340556732e-39,-6.410041218692359e-39,-1.3187805513724284e-38,1.9014353070572978e-39,0.20026014745235443,-0.9118767976760864,-0.30206891894340515,-0.19296663999557495,0.012671437114477158,-0.015279482118785381,0.012883266434073448,-0.0033471491187810898,0.3483501374721527,0.918523907661438,0.1869918406009674,0.0,-1.4409339033613437,-1.7965024689629139,-0.5953171315903503,0.17108657698149426,1.6554416160854683e-15,1.3210542206437226e-15,-3.3845340621441235e-22,1.4549684140788064e-22,1.7198435053941972e-30,1.3392895968097893e-30,0.8720174486899973,0.12865893790405397,0.0006763865940513369,40.57269287109375,-1.1629391722353948,-0.8829555876058285,-0.5480737606646389,-1.4477960571413258,0.1746577387581785,0.5808192080434472
1303.0,0.4387364879941608,0.15820410138519375,0.4023967847410825,0.0006626258795630332,2.155292290604179e-12,0.9993153565081124,0.0006647311891933489,1.9912302694228655e-05,0.0007831833425604556,0.45163283884098887,0.5475839778164507,9.173904846376058e-05,1.1370502855218971e-05,4.013303797946712e-05,0.2461306654204382,0.7535502095255658,0.00017588246469737426,0.43843610991300197,0.07145016742488267,0.3032261814540567,0.9171719146970927,0.012814606424097742,mixed_higher_order,-9.004776244922209e-31,1.3310943263624625e-30,7.962264871371448e-33,-4.0676297715057904e-32,6.543694011780053e-33,-2.939770348862734e-33,-5.999597804523443e-24,-5.44077763271841e-24,1.8380186670763675e-22,-6.359536722545549e-23,1.8020445228790578e-22,1.1571711184297078e-22,-1.86194513454536e-38,2.7848633959794416e-38,4.210181157876332e-39,-1.1016717997717031e-38,1.440927200924246e-38,-1.683194797220187e-38,6.36069592267949e-37,-1.0492167153480198e-36,-8.287211259742761e-37,-1.9804686631767922e-36,1.8332563985752915e-38,-2.7197230551230387e-38,1.6064806027603845e-29,-8.742934250862729e-30,-4.968255254396103e-30,5.321101692920324e-30,-1.1096549461465837e-29,3.421834525555262e-30,5.1259797567865066e-30,-1.4061125106514533e-32,1.3021336567570386e-29,9.970441336619207e-30,1.6232994951032245e-29,9.235174582477417e-30,3.4935074893611676e-38,1.4277227138820431e-38,-6.994425092184227e-39,-6.135600549486929e-39,-1.2514461164332542e-38,2.65046321663049e-39,0.12965771555900574,-0.918204128742218,-0.34137967228889465,-0.14959053695201874,0.01210689451545477,-0.014754658564925194,0.013017231598496437,-0.005632966756820679,0.3509041368961334,0.9175512194633484,0.1869918406009674,0.0,-1.5291917438200058,-1.7543513927737395,-0.6057506134897719,0.23899551151618834,1.7368804918422863e-15,1.2323835598351477e-15,-3.436374584146175e-22,1.592287852007749e-22,1.9185189187479405e-30,1.3237235198873899e-30,0.8602742220874114,0.13911858803063873,0.0006071898819498545,36.586605072021484,-1.1982299769000766,-0.8105956593947191,-0.5995480026570548,-1.4327932450576746,0.19095723809572698,0.5519002146634414
1306.0,0.44932947832798636,0.13774818008568118,0.4122885173068421,0.0006338242794904174,2.0531392936496487e-12,0.9993726659402776,0.0006106214303985537,1.671262932384188e-05,0.0007145968935685264,0.5000890384717008,0.4991963646347305,7.54052951318957e-05,9.143846243485112e-06,3.3586121412317584e-05,0.23025296668052822,0.7694918655856732,0.00013703247101090347,0.4490475986421939,0.06888635493027499,0.317252660341993,0.9175639195563609,0.009877547353573787,mixed_higher_order,-8.305715075239064e-31,1.3613398277385748e-30,4.820084737983805e-33,-3.912301066483769e-32,6.478742419167709e-33,-7.4456894001810035e-34,-5.846440554116458e-24,-3.99018102444724e-24,1.7448184012693245e-22,-6.796135722077694e-23,1.6183707430505177e-22,9.385537863767551e-23,-1.570637061300279e-38,2.580933130079464e-38,3.137816725629862e-39,-1.0042114869798748e-38,1.2568552837728169e-38,-1.576721573466411e-38,5.63780478599337e-37,-1.037209870084423e-36,-8.98628991959981e-37,-1.9621343971070695e-36,1.338621989627856e-38,-2.5499527798347385e-38,1.5414862897462828e-29,-8.98147334102637e-30,-4.469328462575351e-30,5.044193653683976e-30,-1.0945536420683772e-29,3.937281011206592e-30,4.802041350759911e-30,-3.2850293798036374e-31,1.314397509400305e-29,9.207127979287192e-30,1.5594418598570268e-29,7.930879205374996e-30,3.1245643805735636e-38,1.0471980375011026e-38,-7.184760716707434e-39,-5.795308119846936e-39,-1.1860227127048264e-38,3.1320453288091173e-39,0.06662936508655548,-0.9204419851303101,-0.36829474568367004,-0.10734158009290695,0.011364342644810677,-0.014414170756936073,0.01281857118010521,-0.007177446503192186,0.35344356298446655,0.916576087474823,0.1869918406009674,0.0,-1.6050630349530803,-1.7112905867455857,-0.6046975016731573,0.29797000924718803,1.798846846496572e-15,1.1500316858891279e-15,-3.4713961308058017e-22,1.7286456080258918e-22,2.092930521297433e-30,1.2965204725780156e-30,0.8519898368848222,0.14737906602044673,0.0006310970947310812,33.44263458251953,-1.2226415126914048,-0.745949823597183,-0.6471403117563546,-1.4130150226761025,0.20359819681082242,0.5227115743241411
1309.0,0.45793039411607694,0.12116106485394727,0.42030286321026317,0.0006056778197125807,1.9645671846271722e-12,0.9994323856917289,0.0005508904994677944,1.672380880328987e-05,0.0006563836103190449,0.5431605688099078,0.4561830475797731,6.456871659444728e-05,8.054153098829256e-06,2.8368954168572638e-05,0.2169674155656858,0.7828232996100575,0.00010829300039492726,0.45767046627218444,0.06580991290368413,0.3290228742138128,0.9178313311601766,0.0076443609719052735,mixed_higher_order,-7.682204200234354e-31,1.3830466029762244e-30,2.2339208681629253e-33,-3.7076419676834396e-32,6.375938076465306e-33,1.1093037301978287e-33,-5.552726204047162e-24,-2.8735575735365855e-24,1.6511311230474465e-22,-7.130852370917157e-23,1.4554411639429111e-22,7.735837748828982e-23,-1.3470479730484236e-38,2.432210258441512e-38,2.537805285995361e-39,-9.485994552747592e-39,1.0932670244067852e-38,-1.483612623615271e-38,5.024574777547881e-37,-1.0228912434271787e-36,-9.637920829988878e-37,-1.938323023778291e-36,9.633978893095275e-39,-2.356755990735316e-38,1.475773437432905e-29,-9.17794064873836e-30,-3.9786353663258235e-30,4.776257989354128e-30,-1.0779104686302076e-29,4.40168332741939e-30,4.491238784739912e-30,-5.972283587405758e-31,1.3187650004494076e-29,8.440491292640383e-30,1.4990162511065497e-29,6.839239742470863e-30,2.784860203955576e-38,7.44218005885406e-39,-7.320653013089411e-39,-5.40876167588395e-39,-1.1254991053052469e-38,3.581690744092637e-39,0.009741401299834251,-0.9196913242340088,-0.3857921063899994,-0.0669165849685669,0.010449906811118126,-0.014064890332520008,0.012267808429896832,-0.008333810605108738,0.3559688627719879,0.9155982732772827,0.1869918406009674,0.0,-1.6710861998030295,-1.6684019586044805,-0.5957706167312492,0.34860999021099487,1.8463297046532178e-15,1.0744633881739885e-15,-3.492398148131254e-22,1.8621675146568602e-22,2.2469294473659215e-30,1.2644564954456847e-30,0.8462340484630161,0.1535333302195625,0.0002326213174214109,30.910078048706055,-1.2392899607160806,-0.6883700463190396,-0.6908892626153786,-1.3894766186932246,0.21313602394230294,0.49351116005288914
1312.0,0.46500366393901266,0.10701796048700926,0.4274024512515536,0.0005759243224244989,1.882804109989731e-12,0.9994710891028903,0.0005085966026015177,2.0314294508245288e-05,0.0006160899354252233,0.5853492337264696,0.4140346763381051,5.4007778122566e-05,6.692667288530093e-06,2.4085626339734408e-05,0.20444897029767556,0.7953788979470072,8.734568356636022e-05,0.4647577184339594,0.06264288116604047,0.3399468906563102,0.9191378141648564,0.005818722778345084,mixed_higher_order,-7.099491144133847e-31,1.397975793053585e-30,1.7224322072573972e-34,-3.536873758265349e-32,6.508875214647663e-33,2.756973481331509e-33,-5.219682486485043e-24,-2.024708834411663e-24,1.559306608879439e-22,-7.393361370844724e-23,1.3057670550191684e-22,6.335913806534108e-23,-1.1315509915358518e-38,2.260119297663248e-38,1.6898270060538624e-39,-8.735653082538479e-39,9.625688151539568e-39,-1.386555161219132e-38,4.474615583684307e-37,-1.0044826065548664e-36,-1.0256568844415397e-36,-1.9110918369153095e-36,6.831969735876201e-39,-2.1677812418856786e-38,1.410780039682165e-29,-9.339892641201797e-30,-3.5075438185532605e-30,4.504028857193007e-30,-1.0600253207366763e-29,4.8358631098284646e-30,4.213100495770657e-30,-8.066419267717589e-31,1.3112050888916365e-29,7.769003269028758e-30,1.427681740427325e-29,5.871203183132983e-30,2.4489555992141455e-38,4.929543929381926e-39,-7.372633157659087e-39,-5.0665559298942356e-39,-1.0677854391134748e-38,3.951151946998743e-39,-0.04335538297891617,-0.9160951972007751,-0.397046834230423,-0.02769344672560692,0.009774809703230858,-0.013729088939726353,0.011773462407290936,-0.009177732281386852,0.3584797978401184,0.9146180748939514,0.1869918406009674,0.0,-1.7300401828924556,-1.6244254262772408,-0.5812766688513925,0.3940789368693278,1.8835014713353463e-15,1.002106943051823e-15,-3.502593313334911e-22,1.9936491877097268e-22,2.3879794984125546e-30,1.2258697694993912e-30,0.841394134355425,0.1586359607508297,3.009510625462397e-05,28.73190689086914,-1.249803049884962,-0.6347009532395855,-0.7318781997964717,-1.3636982059637617,0.22047693350725256,0.4649997778805338
1315.0,0.4707221428149516,0.09519461864849105,0.43353462482372895,0.0005486137128283796,1.8092706993133735e-12,0.9995054049978228,0.0004680044472722873,2.6590554904833344e-05,0.0006064485148672313,0.6230690124799818,0.37632453900515095,4.5293226502310155e-05,5.569771236868524e-06,2.0378806265786825e-05,0.19376057897685903,0.8060937528195828,7.44263995530226e-05,0.4704893259957012,0.059312817034723776,0.3494695527013896,0.9209990042770483,0.00442611548190856,clean_balanced_ED_EQ,-6.575812131728466e-31,1.4074874976254015e-30,-1.5236572811787756e-33,-3.3581770123594604e-32,6.890918445152746e-33,4.089199341738251e-33,-4.975204004605492e-24,-1.3648335158260675e-24,1.4695779366119408e-22,-7.581729412476662e-23,1.1731340558090615e-22,5.2473384549854364e-23,-9.690874021276613e-39,2.0869253034861185e-38,1.2031153922708792e-39,-7.978617443286583e-39,8.487750916289382e-39,-1.289064610542718e-38,4.013054848360695e-37,-9.855967492990703e-37,-1.0836357981209749e-36,-1.8806923979033953e-36,4.504048697428576e-39,-2.0364276609570453e-38,1.3456746868788424e-29,-9.468164858741651e-30,-3.0468965178625132e-30,4.239274068052266e-30,-1.040985035092591e-29,5.228890450505491e-30,3.9737173345661525e-30,-9.72924409180036e-31,1.2982201220998049e-29,7.145970257040214e-30,1.362392139925775e-29,5.091220409442735e-30,2.143172767119777e-38,2.968038856435247e-39,-7.376472621986205e-39,-4.7333869283146416e-39,-1.0159418218882718e-38,4.226426006930447e-39,-0.09207894653081894,-0.9106864333152771,-0.4019102156162262,0.009068531915545464,0.009004427120089531,-0.013496202416718006,0.011257220059633255,-0.009690866805613041,0.3609766662120819,0.9136354327201843,0.1869918406009674,0.0,-1.7818846900472347,-1.581007379085724,-0.5619163713280154,0.433037376081313,1.9108457302513373e-15,9.353853288012502e-16,-3.5024447914782477e-22,2.121784960487882e-22,2.511654250419363e-30,1.1828627611481262e-30,0.8380915394061601,0.16183469759069988,7.376300313999273e-05,26.930286407470703,-1.255435938674761,-0.5865423948755093,-0.76972611206511,-1.3358898348861856,0.22557843988190035,0.43724205941754096
1318.0,0.475546881468767,0.08511781973707608,0.43881310200490536,0.000522196789251725,1.7420412076119333e-12,0.9995317343799502,0.0004347372039682724,3.3528416081472846e-05,0.0005849090991559684,0.6575590408189956,0.34185605008184833,3.702432961835079e-05,4.343728334969906e-06,1.7195805340579242e-05,0.18425646020390074,0.8156238277229152,6.114820989011616e-05,0.4753241992134533,0.055969991902915926,0.35790642191220695,0.9227546622734519,0.003323691649863514,clean_balanced_ED_EQ,-6.102898535761424e-31,1.4130383675995707e-30,-2.7128330175301498e-33,-3.1985504494583946e-32,7.181556070947098e-33,5.281636116843203e-33,-4.650337594049259e-24,-8.225872363817338e-25,1.3830772367081534e-22,-7.709324727745998e-23,1.0543696252776449e-22,4.3793218970819164e-23,-8.379066059675378e-39,1.8904289181693518e-38,7.743674803752446e-40,-7.040208688002332e-39,7.60470815653143e-39,-1.186409256252534e-38,3.6072904481334846e-37,-9.663492771261403e-37,-1.1375924549198536e-36,-1.848123120741167e-36,2.7903800073289858e-39,-1.8582338706974975e-38,1.2826160889049131e-29,-9.559220319558279e-30,-2.6094267583821196e-30,3.967780071721235e-30,-1.0216735847161383e-29,5.591440591135918e-30,3.738138872285795e-30,-1.1189644856691655e-30,1.2807662572510835e-29,6.578065077288897e-30,1.2976065775464618e-29,4.430646854137812e-30,1.8566854848003833e-38,1.3843438925912953e-39,-7.346734436063555e-39,-4.415614026851561e-39,-9.66174878911433e-39,4.4969239029501285e-39,-0.1370927095413208,-0.9038483500480652,-0.40220746397972107,0.04315658286213875,0.008399710059165955,-0.013075614348053932,0.010710414499044418,-0.010249709710478783,0.36345940828323364,0.9126506447792053,0.1869918406009674,0.0,-1.8278495714791385,-1.5384579261721776,-0.5398882993824701,0.4661160759452502,1.9311856477141526e-15,8.740918902031638e-16,-3.493523529679626e-22,2.2448586087377573e-22,2.623926091150797e-30,1.1399940569646442e-30,0.8359777777136477,0.16385310425322572,0.0001691180331265807,25.402048110961914,-1.2575182824639366,-0.5431208848051036,-0.8043781485902256,-1.3067859652192435,0.22885267323208272,0.41056893318806315
1321.0,0.47964032209717994,0.07631865674907877,0.4435429514645174,0.0004980696892239473,1.6802098027121286e-12,0.9995588424446299,0.0003998945527305906,4.1263002639568544e-05,0.0006051027272490571,0.6891780254431086,0.31021687182964236,3.220835259610543e-05,3.7464855197024225e-06,1.5037495151794575e-05,0.1759789600660409,0.8239161783403254,5.3869260366234576e-05,0.4794287251452266,0.05259714116280048,0.36544221350043354,0.9247407505798713,0.0024674376983771394,clean_balanced_ED_EQ,-5.671428024380455e-31,1.4156902637148039e-30,-3.880924905684175e-33,-3.0256166607623303e-32,7.556334650014456e-33,6.238179868976263e-33,-4.468706679472663e-24,-4.0721325276549198e-25,1.2991156109794113e-22,-7.781905357545248e-23,9.47879897557057e-23,3.6577212379118724e-23,-7.237696679682814e-39,1.7754548230946467e-38,4.984832978772082e-40,-6.520108736919674e-39,6.739202008201428e-39,-1.123444562825212e-38,3.2564261149278826e-37,-9.477446453598062e-37,-1.1886370620320771e-36,-1.8135607546517106e-36,1.3319869964731673e-39,-1.7482640249845475e-38,1.2200197694108138e-29,-9.620806814547523e-30,-2.18547639257162e-30,3.69112082655416e-30,-1.0014720262230927e-29,5.929685987993363e-30,3.535302589465443e-30,-1.2444400037570115e-30,1.263083881561851e-29,6.067370421139291e-30,1.2368623400879836e-29,3.864651255951125e-30,1.5930193001517757e-38,1.0701824245789545e-40,-7.311606983657573e-39,-4.1301574855751323e-39,-9.214056988218524e-39,4.725581616285119e-39,-0.17945566773414612,-0.8959681987762451,-0.3984200656414032,0.07478192448616028,0.007709843572229147,-0.012734818272292614,0.01022218819707632,-0.010564062744379044,0.3659283220767975,0.9116635918617249,0.1869918406009674,0.0,-1.8694807819941164,-1.4965473296281622,-0.5153333881071596,0.49427096087013134,1.94588767010728e-15,8.172594049177167e-16,-3.477045368861994e-22,2.365289539472204e-22,2.7256466085535088e-30,1.0959413286866393e-30,0.835184967184594,0.16454697748875746,0.0002680553266485308,24.101871490478516,-1.257017116638355,-0.5035764026321553,-0.8366580887178798,-1.276529500238407,0.23048262309271053,0.3847689736150624
1324.0,0.48317143391727707,0.06875772827983996,0.44759670892796793,0.00047412887491510557,1.6236773647763672e-12,0.999581505749399,0.00036752441510574555,5.096983549529273e-05,0.0006149312202983634,0.7170450871540902,0.2823399816256114,2.7996349563082894e-05,3.343665110177166e-06,1.2968388869462517e-05,0.16866591157846345,0.8312422050247638,4.757499323015356e-05,0.48296922945012805,0.0493023912669351,0.3720612752911114,0.9263724581130767,0.0018035823420858269,clean_balanced_ED_EQ,-5.280411246219224e-31,1.4163274344116739e-30,-4.861340980003373e-33,-2.8573461371948226e-32,8.125972712363138e-33,7.104488469363567e-33,-4.239679647560396e-24,-4.7351561130082195e-26,1.2193167059217895e-22,-7.807065881804026e-23,8.544623463525024e-23,3.087024383464735e-23,-6.28316720470828e-39,1.6625214518956864e-38,2.5729341114331995e-40,-6.136738036834722e-39,6.025868597308413e-39,-1.0488472703335904e-38,2.9391251953594975e-37,-9.301201503678592e-37,-1.2361710734538398e-36,-1.777985397593272e-36,-3.9931513395392884e-42,-1.6382566224507432e-38,1.1586267919919856e-29,-9.656279853056641e-30,-1.7740493302150555e-30,3.4183598185924004e-30,-9.812219288890721e-30,6.237918636092399e-30,3.350659743474674e-30,-1.3298405210863007e-30,1.2413862830569494e-29,5.585853651581442e-30,1.1775624946821013e-29,3.369776884911142e-30,1.3497316841575006e-38,-9.373124533374013e-40,-7.23679495168201e-39,-3.849221642031835e-39,-8.782487162319746e-39,4.884084879422377e-39,-0.21910317242145538,-0.8873432278633118,-0.39166727662086487,0.10350542515516281,0.007008353713899851,-0.012442517094314098,0.009692416526377201,-0.010673492215573788,0.3683832287788391,0.9106743335723877,0.1869918406009674,0.0,-1.9070129996839678,-1.4557097947335174,-0.48980891217066697,0.5176363363164808,1.956413269374017e-15,7.65148690637613e-16,-3.453954438710715e-22,2.4807403520231456e-22,2.8186571879366816e-30,1.0525138816685874e-30,0.8355881374534487,0.16432449498635282,8.736756019844805e-05,22.997398376464844,-1.254733364062964,-0.46779494667888827,-0.8661776799031903,-1.245823737232595,0.23070389141027628,0.36031604341055506
1327.0,0.48634297165108853,0.062072309161372054,0.4511333953558822,0.0004513238316572202,1.5709944748682417e-12,0.9995983089851656,0.00034173367172475724,5.9957343109720433e-05,0.000641109828990761,0.7423229574318135,0.25703593273919567,2.3645356056362333e-05,2.8032235912734166e-06,1.1128205577311627e-05,0.1621574826550303,0.8377624216130033,4.251894674152065e-05,0.4861476120492484,0.04607770011129156,0.3779426057638403,0.9276034026446951,0.0012901118361141543,clean_balanced_ED_EQ,-4.922427723963228e-31,1.4153298436876829e-30,-5.489004580004016e-33,-2.7157485115594027e-32,8.590297178002823e-33,7.80338407053115e-33,-4.0565205298848485e-24,2.5418339395333333e-25,1.1426705872357095e-22,-7.791690124898332e-23,7.709808423694878e-23,2.606006824102028e-23,-5.451697704283107e-39,1.529719593897835e-38,-1.7891684578303806e-41,-5.591515614112833e-39,5.4695881902626284e-39,-9.705694629324874e-39,2.660879977414224e-37,-9.129609604889632e-37,-1.2806428812260148e-36,-1.7412316084892158e-36,-1.1011624909739548e-39,-1.5359102830919552e-38,1.0998716647671937e-29,-9.662213533955431e-30,-1.3911094376766698e-30,3.1339924389550276e-30,-9.607607209995267e-30,6.528221447772666e-30,3.177854378135263e-30,-1.406414462258119e-30,1.2171245569712727e-29,5.1464894023611586e-30,1.120886731733805e-29,2.9278162779773293e-30,1.1225132335703145e-38,-1.8066460949382207e-39,-7.14354536412481e-39,-3.587073702899201e-39,-8.385197900809493e-39,5.049171695808994e-39,-0.25653398036956787,-0.8779458403587341,-0.3825173079967499,0.1297593116760254,0.006385887041687965,-0.012044484727084637,0.00927455723285675,-0.010757222771644592,0.3708244264125824,0.9096829891204834,0.1869918406009674,0.0,-1.941106480909394,-1.4156728891884487,-0.4636540364759588,0.5368924794337318,1.963591551770818e-15,7.170016958632056e-16,-3.424925124063319e-22,2.59173844964644e-22,2.9052310287218733e-30,1.0104000645164134e-30,0.8367844308531078,0.16335870513734063,0.00014313599044846192,22.036521911621094,-1.2510149661227945,-0.43509509672253033,-0.8932860991451247,-1.2145602915985865,0.2297289937862259,0.33690323925478316
1330.0,0.48902657703981145,0.05613230088498635,0.4544107785575599,0.0004303435176423442,1.5218528428567036e-12,0.9996147715013599,0.00031432278455543756,7.090571408467323e-05,0.000683470473426326,0.7654039075303726,0.23391262199620105,2.0133437847061466e-05,2.4389736373489287e-06,9.467854940844632e-06,0.15662455874356393,0.8433038534487356,3.954754127515413e-05,0.4888381900657433,0.042963882436039144,0.38320636060623037,0.9292148932031694,0.0009029843868371046,clean_balanced_ED_EQ,-4.596972862188574e-31,1.4127228232992276e-30,-6.068299507110043e-33,-2.563566321710794e-32,9.272475318251872e-33,8.401073490236475e-33,-3.91455237685924e-24,4.942291219493953e-25,1.06957516835378e-22,-7.742311785743819e-23,6.951175877798e-23,2.227420555989369e-23,-4.7858638389334156e-39,1.4113684304286893e-38,-1.8412989518369596e-40,-5.183768816526322e-39,4.969998491134312e-39,-8.92989801377557e-39,2.422597570538136e-37,-8.973329983924962e-37,-1.3225123289211231e-36,-1.7036385074155045e-36,-2.0744824495682005e-39,-1.4622908631188973e-38,1.0426447182550764e-29,-9.652841241727596e-30,-1.0294472610640862e-30,2.8562283905251912e-30,-9.397000455446477e-30,6.796612673215805e-30,3.0278606906874944e-30,-1.4759883189197348e-30,1.1935915937798319e-29,4.751607513386531e-30,1.0662656046878318e-29,2.566667152986475e-30,9.12308717065993e-39,-2.470390322276291e-39,-7.05078080769969e-39,-3.3479017069174173e-39,-8.008709550627715e-39,5.138872958496644e-39,-0.29183831810951233,-0.867836594581604,-0.3709925711154938,0.15363796055316925,0.005742543842643499,-0.011734199710190296,0.008853278122842312,-0.01071101427078247,0.37325212359428406,0.9086896181106567,0.1869918406009674,0.0,-1.971945891205528,-1.3764232906743041,-0.4366960501490225,0.5523533011729311,1.9674244528471993e-15,6.725399171537023e-16,-3.390449917326208e-22,2.698881132939812e-22,2.984565915029662e-30,9.68189478157078e-31,0.8384806270646076,0.1614332171060512,8.6155829341239e-05,21.20449447631836,-1.2458939712662376,-0.40541149902992274,-0.9183343499293399,-1.1829831200880383,0.22775822862782535,0.31464057825354225
1333.0,0.49148743993237165,0.05084934049238097,0.4572528578982895,0.00041036167695794764,1.4760383463938335e-12,0.999628217948153,0.00029158053052126293,8.020152132564636e-05,0.0007257638152204847,0.7859230786344324,0.21335115755034698,1.8386116086750984e-05,2.265724387113558e-06,8.582382081856791e-06,0.1517026842390688,0.8482316863080119,3.6395230363539516e-05,0.4913047137234966,0.03996367022630255,0.38785636272422386,0.9303449503434049,0.0006205297264156963,clean_balanced_ED_EQ,-4.300383797631236e-31,1.4092584153938223e-30,-6.486247771908188e-33,-2.4313957340689898e-32,9.773235937141147e-33,8.869131285310777e-33,-3.7687087324781375e-24,6.730284025010403e-25,9.99900797098699e-23,-7.66353553834225e-23,6.279701567343704e-23,1.9104063011460687e-23,-4.402688046097245e-39,1.346328574760796e-38,-2.3109198877407167e-40,-4.967087554547473e-39,4.633777511683758e-39,-8.496222295707759e-39,2.1974673492637892e-37,-8.828707342612999e-37,-1.3617338713892013e-36,-1.6655226569158373e-36,-2.7970462620216313e-39,-1.3811704731179693e-38,9.877864903231677e-30,-9.622434253773668e-30,-6.901970214752864e-31,2.5743587836816516e-30,-9.187667163364649e-30,7.04807529049408e-30,2.874416107761859e-30,-1.519287004394102e-30,1.1683778179694177e-29,4.3881716753391056e-30,1.0148691406116361e-29,2.2572195407558726e-30,7.185595484634676e-39,-3.003847516629633e-39,-6.935083665705699e-39,-3.123216076031381e-39,-7.665352274929559e-39,5.262200545142628e-39,-0.3253878355026245,-0.857301652431488,-0.3579616844654083,0.1750812828540802,0.00515570817515254,-0.011359864845871925,0.008486765436828136,-0.010659141466021538,0.375666081905365,0.9076943397521973,0.1869918406009674,0.0,-2.000076362688195,-1.3381647862425226,-0.4097892956891194,0.5643883818969234,1.9690455553790515e-15,6.316526475170858e-16,-3.3515042862775475e-22,2.8015949427572543e-22,3.0574174726702434e-30,9.279675992121605e-31,0.8409989946109468,0.1589756656355154,2.5339753537689802e-05,20.48114013671875,-1.2400415900119524,-0.37840148434281634,-0.9413179126173613,-1.1513162327566455,0.22493347213372245,0.2934822406125869
1336.0,0.49361534700628534,0.04602499467986821,0.4599678937904695,0.0003917645233770528,1.4325319179844018e-12,0.9996381441574376,0.0002716930353811306,9.016280718135047e-05,0.0007817604215312025,0.806130999848954,0.19308723972951472,1.5168388869070255e-05,1.7431316823627868e-06,7.4359909944959105e-06,0.14737920106756666,0.852562584120218,3.3867300669336494e-05,0.49343672940899264,0.03710217497932495,0.3921514161423367,0.9318346696068438,0.0004187337967367225,clean_balanced_ED_EQ,-4.024180755803648e-31,1.4047314060464044e-30,-6.877770108866065e-33,-2.3087402024284438e-32,1.0321322911819964e-32,9.276667839486529e-33,-3.6372992457374465e-24,8.736633914367835e-25,9.335337579993726e-23,-7.559500933400705e-23,5.64865902354107e-23,1.6292883301843758e-23,-3.844851474753306e-39,1.2207206539689142e-38,-4.074400148166526e-40,-4.319437057314741e-39,4.2522905667174144e-39,-7.88777590146514e-39,2.0045600996119395e-37,-8.692345827762932e-37,-1.3987607566190513e-36,-1.6268832597625508e-36,-3.6111198457048825e-39,-1.3031542672227993e-38,9.34740540339235e-30,-9.570237370187614e-30,-3.7221321700677098e-31,2.2867064564611893e-30,-8.975193636147077e-30,7.283530732506238e-30,2.7513280150727995e-30,-1.5795517596044512e-30,1.1435902098696199e-29,4.0691728157275095e-30,9.64566338681372e-30,1.9761008543531014e-30,5.345057258588497e-39,-3.4450413401822716e-39,-6.825488168131816e-39,-2.9261724124374002e-39,-7.328970989980279e-39,5.3547553334496465e-39,-0.35756874084472656,-0.8460527658462524,-0.34365901350975037,0.19459247589111328,0.004617276601493359,-0.010979033075273037,0.008194899186491966,-0.010613282211124897,0.3780665993690491,0.9066970944404602,0.1869918406009674,0.0,-2.025807587178643,-1.3003333785987339,-0.38274566093170626,0.5736791962177102,1.968567901659516e-15,5.933262589410615e-16,-3.3082692783334623e-22,2.9007279550556807e-22,3.1251182087093653e-30,8.885546216674632e-31,0.8438025454358595,0.156147547371898,4.9907192242404363e-05,19.831113815307617,-1.2332825819966926,-0.3533025610146412,-0.9625757244257336,-1.1195612437020435,0.2213817049239323,0.27338748519338524
1339.0,0.49554195938425427,0.041713464772567696,0.46237021358515434,0.00037436225802375323,1.3921425223502834e-12,0.9996477518807293,0.0002528535388260196,9.939458044464313e-05,0.0008641505852890077,0.8236460880401476,0.17548976137456346,1.3415537064945254e-05,1.5484090735128815e-06,6.5866856371658155e-06,0.14395364239616845,0.8559929695441809,3.1837427874903335e-05,0.4953674056610415,0.034357132078525886,0.39578565215553346,0.93305966291872,0.00028960787183791474,clean_balanced_ED_EQ,-3.7731935042483554e-31,1.3998330253327776e-30,-7.056528503262357e-33,-2.1951449606165173e-32,1.0818935665012066e-32,9.588636721014782e-33,-3.565689564597471e-24,1.0160513933126693e-24,8.704434799491275e-23,-7.43334206685399e-23,5.094883185060072e-23,1.3993763229654522e-23,-3.552325133014922e-39,1.1437634023416502e-38,-4.22684970969701e-40,-4.0468354131472743e-39,3.975017845944621e-39,-7.390795741910347e-39,1.83953652111301e-37,-8.57749896409287e-37,-1.4333699602620102e-36,-1.587946803233669e-36,-4.1379613034190366e-39,-1.2372536031495146e-38,8.828684595102518e-30,-9.50991299884849e-30,-6.688814104653817e-32,2.005139713584512e-30,-8.761796819762789e-30,7.504774016677596e-30,2.6227746289249276e-30,-1.6226396480660338e-30,1.1187050275570218e-29,3.781796052786556e-30,9.179498359874494e-30,1.7442110139737606e-30,3.660795878925694e-39,-3.775421441729497e-39,-6.706596820653461e-39,-2.7461803632604507e-39,-7.019792465092338e-39,5.445829093671063e-39,-0.38810718059539795,-0.8345004320144653,-0.3282416760921478,0.21184515953063965,0.0041471077129244804,-0.010506663471460342,0.007911923341453075,-0.010609634220600128,0.38045376539230347,0.9056980013847351,0.1869918406009674,0.0,-2.0492916149011386,-1.263446679837314,-0.3562246463727501,0.5800468498586018,1.966649920981701e-15,5.581220882029361e-16,-3.261317509352931e-22,2.995356216493464e-22,3.188197134429879e-30,8.501367168646888e-31,0.8471457431417231,0.1527961324096006,5.812444867636657e-05,19.267724990844727,-1.2262285461629743,-0.330524962718759,-0.9819774759748279,-1.0878754522919265,0.217199390628367,0.25434023043877135
1342.0,0.4973286853148879,0.037780258645434876,0.4645330825259618,0.00035797351371538055,1.3540544255369448e-12,0.9996573977073424,0.00023360833369007026,0.00010899395896755653,0.00092624183189955,0.8405024327886155,0.15857132537948504,1.197620022338488e-05,1.468655084654602e-06,5.775988773254841e-06,0.14106859112182688,0.8588821572406353,3.003079345647861e-05,0.49715829936709466,0.031754399302871134,0.3989791760295402,0.9340564826495756,0.00022049355463991645,clean_balanced_ED_EQ,-3.544359986165624e-31,1.3944933666201056e-30,-7.287282282107719e-33,-2.0752970710179594e-32,1.136396281857542e-32,9.827561620208577e-33,-3.431978502067081e-24,1.1480621938038057e-24,8.107463196048997e-23,-7.287744389609048e-23,4.576043602704467e-23,1.2169191751995264e-23,-3.1123958176844724e-39,1.0822796720826457e-38,-5.3873046291325025e-40,-3.906640867754652e-39,3.65113019809632e-39,-6.916147743170398e-39,1.6815112023647905e-37,-8.477240909597684e-37,-1.4656763205389763e-36,-1.5489629531821223e-36,-4.752229900240493e-39,-1.1679867394624467e-38,8.350844913902914e-30,-9.418931986411012e-30,1.9774678025342663e-31,1.7098357162273015e-30,-8.54859317013743e-30,7.709096454681346e-30,2.5164525544760912e-30,-1.658980418840619e-30,1.0939719432430126e-29,3.492805926376016e-30,8.743160687127031e-30,1.5283623654610175e-30,2.1007943805197277e-39,-4.0518708205919087e-39,-6.58264187952735e-39,-2.5601997835113674e-39,-6.723805544400872e-39,5.511986248936981e-39,-0.41723543405532837,-0.822637677192688,-0.31209897994995117,0.22697095572948456,0.0035946001298725605,-0.01017021108418703,0.007636926136910915,-0.010459637269377708,0.3828275799751282,0.9046972393989563,0.1869918406009674,0.0,-2.070625763209633,-1.2275795110454764,-0.3302550125159585,0.583749086174166,1.963389570808425e-15,5.259169157728267e-16,-3.211216408796291e-22,3.0855700136882322e-22,3.246275433356851e-30,8.149562399360038e-31,0.85093450971191,0.14908931468318326,2.3824395093186013e-05,18.767940521240234,-1.218820361028466,-0.3097854906562702,-0.9996257194090159,-1.0564291615513053,0.2124690503814212,0.23636737434465108
1345.0,0.4989081002336564,0.03418859326753582,0.46656064244003975,0.00034266405876805944,1.3178665226370073e-12,0.9996670327525865,0.00021443472709021616,0.000118532520323153,0.0009801228212348084,0.8567198403303499,0.14230003684841536,1.0575102476580366e-05,1.3066880174446592e-06,5.125315601169737e-06,0.13859712714052067,0.8613581223394067,2.7743413977493597e-05,0.49874198017680926,0.029290046165282566,0.40187579892961994,0.9351634944823162,0.00019588573239630132,clean_balanced_ED_EQ,-3.3306439147209584e-31,1.3887152406504657e-30,-7.411788146574332e-33,-1.9558694224819542e-32,1.1900219748252682e-32,1.001038706662997e-32,-3.2873466157551246e-24,1.2282468413189647e-24,7.539483445233193e-23,-7.127621769944708e-23,4.094641074651452e-23,1.0554177318025681e-23,-2.842913265168534e-39,1.0142015025329928e-38,-5.794153413865572e-40,-3.6568628677416093e-39,3.422319459926834e-39,-6.485139909484908e-39,1.5398098247164125e-37,-8.38627453506176e-37,-1.4964186019065546e-36,-1.5096204214345307e-36,-5.127693956875039e-39,-1.0919423770893041e-38,7.873363556529473e-30,-9.327150936847032e-30,4.604038548633077e-31,1.4230674927892076e-30,-8.33376741139278e-30,7.904083257904892e-30,2.403570724603939e-30,-1.6923568820221966e-30,1.0707814467206483e-29,3.248176173343475e-30,8.30516687499008e-30,1.35917142980076e-30,6.100521391026615e-40,-4.235604557547554e-39,-6.473415104016501e-39,-2.4019971084033115e-39,-6.443871770520046e-39,5.5687911957048056e-39,-0.44536083936691284,-0.8101405501365662,-0.2951296865940094,0.24050980806350708,0.003143869573250413,-0.009800959378480911,0.007401048671454191,-0.010306927375495434,0.3851882219314575,0.9036946296691895,0.1869918406009674,0.0,-2.0904164621211603,-1.1919082531172205,-0.3045946633740627,0.5854611906747355,1.9591106842736846e-15,4.954681204606171e-16,-3.1576856555993287e-22,3.1728475289870186e-22,3.302211146447164e-30,7.794423804229602e-31,0.8547799309378113,0.1451075079571842,0.00011256110500446059,18.316593170166016,-1.2110628475413219,-0.29045689032827327,-1.01604492599201,-1.0250087558509628,0.20733729209716723,0.2193180462995019
1348.0,0.5003397302262209,0.030928718728780023,0.46840365144350526,0.00032789960149370086,1.2840527579589605e-12,0.9996728320221557,0.0001989000099447768,0.0001282679678994221,0.0011077900055732265,0.8715146331122908,0.12737757688213597,9.281304720332542e-06,1.2099809653184437e-06,4.458635468449844e-06,0.13684288332491215,0.8631147961464066,2.7370607527168347e-05,0.5001760350884477,0.02695483095554596,0.40428612212989357,0.9361712115720328,0.00021559990249981324,clean_balanced_ED_EQ,-3.133164426490913e-31,1.3829387563238471e-30,-7.462617820535272e-33,-1.8557096886593538e-32,1.243425555508947e-32,1.0167615490017986e-32,-3.261716368653617e-24,1.3191338117735996e-24,7.002044837607576e-23,-6.95399518848891e-23,3.6620178135495406e-23,9.073738934672945e-24,-2.558986961144105e-39,9.485743354080314e-39,-6.606898630742803e-40,-3.4853370170921303e-39,3.219669374833771e-39,-6.00038177684338e-39,1.4163969876635143e-37,-8.315871584345052e-37,-1.5253028072388995e-36,-1.4702888443998898e-36,-5.5605259081562133e-39,-1.0555136835384789e-38,7.407598547256105e-30,-9.236364663715249e-30,7.117042027441835e-31,1.1519360210469534e-30,-8.119303876916332e-30,8.084428830487636e-30,2.3119125880623932e-30,-1.718540955715536e-30,1.0465832320717477e-29,3.029176055467199e-30,7.879874786706304e-30,1.192558151476811e-30,-7.954506303250035e-40,-4.396249590246675e-39,-6.348808599351333e-39,-2.264823463915126e-39,-6.170150515231726e-39,5.61359692673043e-39,-0.47243833541870117,-0.7974051833152771,-0.2777765393257141,0.25216951966285706,0.0026989676989614964,-0.009389426559209824,0.007219963241368532,-0.010175083763897419,0.3875357508659363,0.9026905298233032,0.1869918406009674,0.0,-2.10876253952362,-1.15698042288303,-0.2798236934151974,0.5850843785944826,1.954357126952574e-15,4.673184476320885e-16,-3.1015031682845987e-22,3.2563101320947746e-22,3.355826389044349e-30,7.458208284493267e-31,0.8591484529090145,0.1409049326455751,5.338555458966887e-05,17.916942596435547,-1.2033412914944903,-0.27262712178667686,-1.0310522325247808,-0.9938646859366547,0.20183642934737078,0.2032310477424998
1351.0,0.5016999719965034,0.027935471174646336,0.47005022298304233,0.00031433384580804884,1.2515167272449414e-12,0.9996763793504266,0.00018614394083859266,0.0001374767087347461,0.0012659824534943238,0.8859225920420598,0.11281142550444591,8.17471334955211e-06,1.0355461094178716e-06,4.033547355806469e-06,0.13560155134289556,0.8643584403981537,2.676445213600166e-05,0.5015376115256749,0.024748665032958927,0.4062918776464268,0.9369149874824357,0.000268653217674922,clean_balanced_ED_EQ,-2.9509793402342047e-31,1.3767870704214036e-30,-7.55349583985076e-33,-1.7666858323619392e-32,1.296599481809563e-32,1.0224286431012656e-32,-3.2202179027374724e-24,1.4816173086188674e-24,6.495993528637273e-23,-6.762448259764603e-23,3.2516295393582766e-23,7.896479474792876e-24,-2.3381213382997756e-39,8.877259987290829e-39,-7.026773601836039e-40,-3.190864768152342e-39,3.040792804586484e-39,-5.686399625224249e-39,1.3089067995952164e-37,-8.257246220366216e-37,-1.5514727126040598e-36,-1.431166728354022e-36,-6.172180458151168e-39,-9.993029281624349e-39,6.984108823654166e-30,-9.114109454694268e-30,9.17689774071834e-31,8.614318359023007e-31,-7.901798408229088e-30,8.252677713540424e-30,2.2087563059160562e-30,-1.751347900226318e-30,1.0237003729979029e-29,2.8239529163470534e-30,7.480969728565457e-30,1.0604241545769911e-30,-2.1035559261459422e-39,-4.495380543535973e-39,-6.234919022445806e-39,-2.1272894755631454e-39,-5.924677339619512e-39,5.644545295109783e-39,-0.4980447590351105,-0.7842636108398438,-0.26034820079803467,0.262177973985672,0.0023339444305747747,-0.008900411427021027,0.007049675565212965,-0.010162055492401123,0.38987019658088684,0.9016847014427185,0.1869918406009674,0.0,-2.1248439406309823,-1.1227127787123772,-0.25604919824186056,0.5829703653704792,1.9485276296443947e-15,4.411059148836123e-16,-3.0431310041409775e-22,3.3342755665396983e-22,3.404381437939977e-30,7.1293022701242236e-31,0.8632026579100665,0.1366714409994109,0.00012590109052268428,17.550024032592773,-1.1953282775894425,-0.25620439992108046,-1.0440897334073358,-0.9631277918904273,0.19584102214371218,0.18812447261985368
1354.0,0.5026993743683346,0.025180468925183726,0.4718184901678915,0.00030166653859022355,1.2211716994521705e-12,0.9996845342603713,0.00016959661257067574,0.00014586912705790534,0.00131717865703263,0.900706288033526,0.0979765333094414,7.498651807370466e-06,9.46253735006646e-07,3.6521261429494726e-06,0.1352096885464853,0.8647528988791385,2.5315542690946757e-05,0.5025407899383886,0.022680206696545784,0.40800640711746256,0.9385698773959161,0.0003514433118527191,clean_balanced_ED_EQ,-2.7837937504425166e-31,1.3704754776090849e-30,-7.6040248728811e-33,-1.655183516180229e-32,1.3405379379143273e-32,1.0279192729180479e-32,-3.0824045969783857e-24,1.448923937591962e-24,6.013496665865109e-23,-6.569967348716022e-23,2.853294796133545e-23,6.983233539235895e-24,-2.3154514769624725e-39,8.447813578594656e-39,-5.704151284248199e-40,-3.0588851975835704e-39,2.8858768554925073e-39,-5.3889324647803454e-39,1.2034887651121357e-37,-8.229549838618858e-37,-1.5769034289254513e-36,-1.3919373988803985e-36,-6.33690111190341e-39,-9.452995419349918e-39,6.55963634460568e-30,-9.000128656585104e-30,1.1268129408516122e-30,5.9052157316729415e-31,-7.686450432571477e-30,8.409605745117927e-30,2.1221319914528935e-30,-1.7703483960940352e-30,1.0022596649796342e-29,2.6314738232098066e-30,7.096212005422262e-30,9.432171243034916e-31,-3.340536595330026e-39,-4.557281588792175e-39,-6.124931848776894e-39,-2.0035882210048747e-39,-5.6768259915833873e-39,5.692106947085419e-39,-0.5229368805885315,-0.7708542346954346,-0.24245604872703552,0.2706904709339142,0.0017836285987868905,-0.008673702366650105,0.006929177790880203,-0.009849035181105137,0.39219173789024353,0.9006772637367249,0.1869918406009674,0.0,-2.139876173110209,-1.0891342540664246,-0.23260101701759392,0.5790706950113678,1.9420843217929477e-15,4.1691082804781356e-16,-2.9825258692253285e-22,3.4100814715430698e-22,3.450094627852877e-30,6.825133298537686e-31,0.867757646671272,0.13220328361760714,3.9069711120887085e-05,17.22735595703125,-1.1872122480912546,-0.24115382512724917,-1.0565064447830526,-0.9325814160058006,0.18984519420520568,0.17376546667414253
1357.0,0.5037150149955084,0.022658928412699557,0.47333657615446934,0.0002894804373226416,1.192060141209201e-12,0.9996876734398638,0.00015771161774059606,0.00015461494239561615,0.0014554942573137546,0.9141395041722808,0.0844050015704053,6.584339954950455e-06,8.702393441274966e-07,3.2635541603631943e-06,0.1351110681624625,0.8648549516507893,2.326205328887044e-05,0.5035576914175859,0.020713421584260382,0.4093674816846237,0.9396912183741238,0.00046242905316829533,clean_balanced_ED_EQ,-2.6259011289622656e-31,1.3641831755634548e-30,-7.529951219912282e-33,-1.57407228464486e-32,1.3863871970998856e-32,1.030947532459591e-32,-3.005176625625107e-24,1.526160116431461e-24,5.554884582096894e-23,-6.363378842771972e-23,2.4924144596827144e-23,6.129839275530129e-24,-2.030343319740746e-39,7.920653578965914e-39,-7.457250970752205e-40,-2.8775899073001122e-39,2.776070251027251e-39,-5.043053172474415e-39,1.1078205594984255e-37,-8.207942815965598e-37,-1.6005191736974945e-36,-1.352522063815567e-36,-6.46687083040639e-39,-8.734068762870103e-39,6.151336273283906e-30,-8.875783385796732e-30,1.319615095147516e-30,3.165254113873679e-31,-7.470950982659932e-30,8.55925710642351e-30,2.038671549952062e-30,-1.7881052515414612e-30,9.796288941317836e-30,2.4539044090175537e-30,6.728034561177384e-30,8.307351795169913e-31,-4.516895680428058e-39,-4.608598401261583e-39,-6.007213407294032e-39,-1.8817546444037694e-39,-5.433550095620647e-39,5.724540673483335e-39,-0.5470255017280579,-0.7569982409477234,-0.22443342208862305,0.27776283025741577,0.0015545581700280309,-0.008130459114909172,0.006695152260363102,-0.009854734875261784,0.3945004642009735,0.8996685147285461,0.1869918406009674,0.0,-2.153687996044453,-1.05579718328629,-0.21002746388313767,0.5737392779139553,1.93534456159394e-15,3.9407201862979924e-16,-2.919506111418358e-22,3.4824222353110947e-22,3.4943082835077484e-30,6.529574319170111e-31,0.8723517573553041,0.12766449168627114,1.6249041575377987e-05,16.929662704467773,-1.1791487779793162,-0.22697304605237284,-1.0675926316441557,-0.9021713786345166,0.18346912633637574,0.16015859598463977
1360.0,0.5045475140233765,0.02034834032020865,0.4748260554254925,0.00027809023092234834,1.1646199919254633e-12,0.9996924681232587,0.00014379125809550929,0.00016374061864568655,0.001710290233546957,0.927932417377777,0.07035729238867611,5.712411237674314e-06,8.085706455251386e-07,2.794087448719377e-06,0.13576294177891898,0.864203676573164,2.4066578585097672e-05,0.5043923495794838,0.0188818846229569,0.41034642283144357,0.941092845030831,0.0005945043680661117,clean_balanced_ED_EQ,-2.481660118583751e-31,1.3578731148809539e-30,-7.487353888914455e-33,-1.476497570843257e-32,1.4362925274762318e-32,1.0285653769911994e-32,-3.0361896619165068e-24,1.6115971375613243e-24,5.126388490213964e-23,-6.15038062025435e-23,2.1378714561277288e-23,5.38704082761082e-24,-1.7649115657733407e-39,7.381849156799399e-39,-8.079292234732477e-40,-2.7388414610739635e-39,2.5728280994885707e-39,-4.64299816686122e-39,1.023501424495278e-37,-8.210193354831171e-37,-1.6224139503176233e-36,-1.3135024681450397e-36,-6.907680022145139e-39,-8.58098120866849e-39,5.762711890409847e-30,-8.739049320603901e-30,1.4907130722507515e-30,4.2725740472027976e-32,-7.253422627495332e-30,8.696324358520295e-30,1.964758626616379e-30,-1.7986627970241337e-30,9.58941843331001e-30,2.2983414605077127e-30,6.364180018616633e-30,7.418029983828011e-31,-5.6385816673761706e-39,-4.614556356158294e-39,-5.897038742764393e-39,-1.780812232363604e-39,-5.209143889898274e-39,5.7385701747394515e-39,-0.5700564384460449,-0.7428827881813049,-0.20644384622573853,0.28336334228515625,0.0011774710146710277,-0.007749070879071951,0.006609804462641478,-0.009750266559422016,0.39679646492004395,0.8986582159996033,0.1869918406009674,0.0,-2.1661117872867877,-1.023173166633703,-0.18848030190776305,0.5669522111125336,1.9282907085180087e-15,3.729909598685601e-16,-2.854861681593073e-22,3.5507002429661175e-22,3.536528835748287e-30,6.246078946888084e-31,0.8769006145272983,0.12305260260850515,4.678286419657063e-05,16.66084861755371,-1.171105565960563,-0.21403222037801217,-1.077427948601364,-0.8722830997966218,0.17693679069996618,0.1474781453935761
1363.0,0.5051449452292697,0.018220850214243675,0.47636690912535357,0.0002672954311331349,1.1387490874661973e-12,0.9996951073636091,0.00013266971314447923,0.00017222292324644997,0.0019195042023919708,0.9416622959298427,0.05641819986776525,5.4308980280869e-06,7.618302413664456e-07,2.654997351923573e-06,0.13738829613067857,0.8625796809750271,2.3175168672762343e-05,0.5049909302551592,0.017157887646538465,0.4109044165004072,0.9430301413966349,0.0007483637192163594,clean_balanced_ED_EQ,-2.3464913979652283e-31,1.3515704817216455e-30,-7.411540232822743e-33,-1.3957201577961135e-32,1.482577959178315e-32,1.0216883740575258e-32,-2.974097390564828e-24,1.693613221198938e-24,4.719246274988176e-23,-5.93234419184724e-23,1.7931175013455173e-23,4.770675421382406e-24,-1.7434300579178304e-39,7.169401331295255e-39,-7.578849350441071e-40,-2.6574937050505934e-39,2.5013197328715913e-39,-4.511912898985497e-39,9.436173447978011e-38,-8.244348723104521e-37,-1.6427460167477064e-36,-1.2746285445391164e-36,-7.200944269903161e-39,-8.018821821530408e-39,5.3971403062327814e-30,-8.59374657567174e-30,1.639643771554912e-30,-2.3081719778568786e-31,-7.036783488828208e-30,8.824562153818843e-30,1.8867566439409986e-30,-1.819210451124689e-30,9.390255383660794e-30,2.1494139240239612e-30,6.0091072975594676e-30,6.535871875978327e-31,-6.710030001056186e-39,-4.611506922931562e-39,-5.793352230943323e-39,-1.676732713759472e-39,-4.995673621106119e-39,5.7494785830286635e-39,-0.5922427177429199,-0.7284845113754272,-0.18868926167488098,0.2877594530582428,0.0008953669457696378,-0.007292167283594608,0.006477933842688799,-0.009686633013188839,0.39907971024513245,0.8976466059684753,0.1869918406009674,0.0,-2.1772854654484894,-0.9910702046625114,-0.16790657736987977,0.5590737946602827,1.920981735047795e-15,3.5322206639870814e-16,-2.7888943551284895e-22,3.6152313776341267e-22,3.57583243234654e-30,5.976104026534443e-31,0.8814950974190744,0.11854493478179319,4.003220086756798e-05,16.41797637939453,-1.1631041524087944,-0.2019290836455951,-1.086133209726746,-0.8427452437416078,0.17028858850888293,0.13546648019815938
1366.0,0.5054378778032671,0.016256447942668877,0.4780482501536952,0.0002574241003690031,1.1141785111034951e-12,0.999699879149369,0.0001211280198575323,0.00017899283077332827,0.0021201623463873334,0.9559376002346978,0.041942237418914875,4.840377563469074e-06,6.703846397931113e-07,2.4115500010412574e-06,0.1397760784724854,0.8601945327215832,2.1466493727096e-05,0.5052861853574396,0.015540149834655174,0.4112144911593283,0.9458101008008885,0.0009204951582665766,clean_balanced_ED_EQ,-2.220492907438021e-31,1.3450812303718617e-30,-7.353765469559953e-33,-1.3080983400455205e-32,1.5169897367516216e-32,1.0131194552590051e-32,-2.8999874556910595e-24,1.727421457639172e-24,4.3298485079982733e-23,-5.711848958585722e-23,1.440458789451104e-23,4.231854259798026e-24,-1.739578600839402e-39,6.726630944717112e-39,-7.195120081472947e-40,-2.4835726811272655e-39,2.4590990585905173e-39,-4.243056086731687e-39,8.765419246534048e-38,-8.30252368970332e-37,-1.6622836108363095e-36,-1.2354058549583206e-36,-7.221869481333014e-39,-7.408686087031115e-39,5.023916873957e-30,-8.45134846869961e-30,1.7965288937083e-30,-4.95674112837667e-31,-6.820448540420801e-30,8.947022878618224e-30,1.8167317844515735e-30,-1.843945587479505e-30,9.208190303703274e-30,2.0158447433669187e-30,5.6631467388683776e-30,5.963844546917468e-31,-7.744242553040652e-39,-4.5729249151543464e-39,-5.707033646623375e-39,-1.5835112380793006e-39,-4.783312861926344e-39,5.7830911009472027e-39,-0.6138370633125305,-0.713617205619812,-0.17061468958854675,0.2909954786300659,0.0006677572382614017,-0.006844415795058012,0.006300886627286673,-0.009652314707636833,0.40135031938552856,0.8966336846351624,0.1869918406009674,0.0,-2.1875796007253077,-0.9591637217370047,-0.14767875093451222,0.549947050323934,1.9132257570702255e-15,3.3462516134114495e-16,-2.7207316041858565e-22,3.6777923498706183e-22,3.613587314532927e-30,5.714487154421723e-31,0.8860927483800856,0.1139206092380425,1.3357618128040372e-05,16.19781494140625,-1.1549776411686619,-0.1906665264933846,-1.0942287116357392,-0.8132285899986593,0.16359916253732393,0.12401581256052539
1369.0,0.5055700463204496,0.014500067176736978,0.47968208249699,0.0002478040058235575,1.0909719438448286e-12,0.9997033002695428,0.00010952722511556174,0.0001871725053417818,0.0022690516643187005,0.9690039084049177,0.028727039930763677,4.3665982876349444e-06,6.267909870408824e-07,2.1804420995431182e-06,0.1428650194441782,0.8571078974322761,1.990929217151314e-05,0.5054200438239791,0.014050621766391993,0.41113930116493075,0.9487945062966591,0.0011127456652627215,clean_balanced_ED_EQ,-2.104150709193491e-31,1.3386897471255392e-30,-7.268898591982434e-33,-1.218009610623674e-32,1.5573822652541341e-32,1.0063550482327109e-32,-2.7913630692396947e-24,1.7181968516379837e-24,3.970106633698691e-23,-5.4882026900671e-23,1.1026597972748048e-23,3.7994763003148785e-24,-1.6107806253942318e-39,6.384326958125322e-39,-7.547538775126669e-40,-2.377710855881131e-39,2.3655376885917484e-39,-4.0066179547647494e-39,8.076309505891482e-38,-8.38273670472245e-37,-1.6798869091002527e-36,-1.1970481845478527e-36,-7.247989738581299e-39,-6.804588791411278e-39,4.679858422651313e-30,-8.311020884402584e-30,1.9251788838361908e-30,-7.458759462749401e-31,-6.60503710668794e-30,9.05689663087796e-30,1.738587869684051e-30,-1.847605704311344e-30,9.02756046056908e-30,1.892869096623811e-30,5.313802857264509e-30,5.416354378818842e-31,-8.749971557862807e-39,-4.5247709226011596e-39,-5.61561551334741e-39,-1.498011671359143e-39,-4.574249736832465e-39,5.7939619522765625e-39,-0.6343063116073608,-0.6986570358276367,-0.15310874581336975,0.2930768132209778,0.00037412502570077777,-0.0064913067035377026,0.00621485011652112,-0.009504495188593864,0.403608500957489,0.8956193923950195,0.1869918406009674,0.0,-2.1964752150755413,-0.9280762081957601,-0.12887421218511377,0.5399525715748578,1.905471238003512e-15,3.174021263831414e-16,-2.652170886576038e-22,3.735481915722414e-22,3.6497606665832306e-30,5.468741579790852e-31,0.8905084276886482,0.1094652662830678,2.6306028283906713e-05,15.996249198913574,-1.1469705128196581,-0.18028066795578315,-1.1009751870938043,-0.7845292095577725,0.1568490003347564,0.11346287516768286
1372.0,0.505403976189501,0.012890178265732997,0.48146726912480925,0.00023857641995684342,1.0691369417558609e-12,0.9997073103108776,9.783808596946002e-05,0.0001948516031529128,0.0026670481783114333,0.980910387205471,0.01642256461621753,3.952201954118918e-06,6.1994023853387e-07,1.9547719280263717e-06,0.14712280876804543,0.8528507291933802,1.99351244536346e-05,0.5052560496568288,0.012644109753787701,0.410619711555839,0.9526384670631941,0.0013260925207279988,clean_balanced_ED_EQ,-1.9932216092049957e-31,1.3323360421579706e-30,-7.170040241669933e-33,-1.1234047670183145e-32,1.59825306331659e-32,9.914051499091389e-33,-2.8041674241483696e-24,1.7986210282469643e-24,3.6295436822114215e-23,-5.257856488108009e-23,7.570933691425323e-24,3.319670424656967e-24,-1.3732675461182993e-39,6.10098667735755e-39,-8.709419962772404e-40,-2.318599621141926e-39,2.2442192614810732e-39,-3.782376951001245e-39,7.480258430210705e-38,-8.498886682867413e-37,-1.6961959086556652e-36,-1.1586594099563328e-36,-7.493422262934186e-39,-6.517655229343966e-39,4.349964743741083e-30,-8.154409087201912e-30,2.0367431130188526e-30,-1.0051291821022087e-30,-6.386706244306526e-30,9.159538370082459e-30,1.678122590594527e-30,-1.8584863885533894e-30,8.853481813254411e-30,1.7839841880885916e-30,4.963940644198976e-30,4.831627957855409e-31,-9.734298465165917e-39,-4.475453111066041e-39,-5.525757031923468e-39,-1.425631991457482e-39,-4.3846055519112786e-39,5.795844788607058e-39,-0.6542288064956665,-0.6832719445228577,-0.13579261302947998,0.2940874397754669,0.00016549044812563807,-0.006035809870809317,0.00610351050272584,-0.009469550102949142,0.4058542251586914,0.894603967666626,0.1869918406009674,0.0,-2.204524172718476,-0.8971475371773363,-0.11087879435843334,0.5291020963221115,1.897669590255496e-15,3.0100029926464665e-16,-2.5820398048702466e-22,3.7903819411485878e-22,3.684472390488707e-30,5.226452385947438e-31,0.8949123398086762,0.10505398120667213,3.367898465167496e-05,15.813604354858398,-1.1390306981885776,-0.17040300114527263,-1.1068076962732316,-0.7560524970936042,0.14993729705974337,0.10350300935407909
1375.0,0.5046645246590394,0.011431574802920574,0.4836739200714434,0.00022998046659659417,1.0491143968722222e-12,0.9997113177251824,8.679186649687844e-05,0.00020189040832073454,0.00303427589015394,0.9904707516148271,0.00649497249501895,3.4537947455716885e-06,5.125219726551092e-07,1.7857982391577453e-06,0.15327226239339767,0.8467024169184367,1.95685732082091e-05,0.5045188369560412,0.01132264048718986,0.4095278771249059,0.9584068156925084,0.0015603448377049208,clean_balanced_ED_EQ,-1.8904921971679003e-31,1.3259437986171025e-30,-7.108674365547074e-33,-1.0256935943342209e-32,1.6338505350997259e-32,9.763312795229877e-33,-2.7610912201128893e-24,1.8603371333749443e-24,3.305234226943218e-23,-5.0257538575962745e-23,3.857047228010374e-24,2.9748776996136517e-24,-1.3479031259752449e-39,5.684829645775663e-39,-8.296409929943927e-40,-2.0921261083039787e-39,2.177555697229529e-39,-3.592692395543509e-39,6.978993030171093e-38,-8.6748510475607e-37,-1.7115771691351613e-36,-1.1200524979331528e-36,-7.733521355668912e-39,-6.07384046476827e-39,4.030305389823864e-30,-7.995414098520773e-30,2.135372266472038e-30,-1.2599525187321927e-30,-6.1656790795733744e-30,9.255365193975495e-30,1.6091642193575028e-30,-1.8750940586723592e-30,8.703995634413007e-30,1.6755629599720717e-30,4.616056859947352e-30,4.438474529790449e-31,-1.0709570668409864e-38,-4.40347400982434e-39,-5.456955779209724e-39,-1.3481974956477477e-39,-4.1943500565320334e-39,5.803298870212985e-39,-0.6735854148864746,-0.667482316493988,-0.11846041679382324,0.29402610659599304,-9.788176248548552e-05,-0.005637618713080883,0.006020570173859596,-0.009425235912203789,0.40808773040771484,0.8935874104499817,0.1869918406009674,0.0,-2.211833477126573,-0.8664974365745087,-0.09353265883850514,0.5171978089305928,1.8897838609754247e-15,2.8568277406112677e-16,-2.5101894865482275e-22,3.8429584570891286e-22,3.718240500661054e-30,4.995557869411063e-31,0.8992817463055579,0.10060930404418364,0.00010894965025842751,15.655181884765625,-1.1310926547990052,-0.1612679089718293,-1.1119761442597718,-0.727674848952066,0.14300577548664148,0.09404909137652695
1378.0,0.5034026171714162,0.010177798741059896,0.486198027312632,0.00022155677489198516,1.0305102542735563e-12,0.9997144366458389,7.5722938086811e-05,0.00020984041607429233,0.0033879045330779253,0.9943548433710236,0.0022572520958984658,3.188982987855813e-06,5.171320970373052e-07,1.6183953595251577e-06,0.16061479275289076,0.8393612003421083,1.868239455660806e-05,0.5032588638315633,0.010120343473028415,0.40809575980909596,0.9658234000541046,0.0018189020162680757,clean_balanced_ED_EQ,-1.7938472766770678e-31,1.3194188140406548e-30,-6.92063534206505e-33,-9.295338908762908e-33,1.6716625617551573e-32,9.62897610806457e-33,-2.7241523265649673e-24,1.870103376666786e-24,3.0017016422649844e-23,-4.7994929490035365e-23,6.380029879174934e-26,2.6963748899343807e-24,-1.2249850291208912e-39,5.479841371729949e-39,-8.843264305712385e-40,-2.0810611038326006e-39,2.1093095168245624e-39,-3.3987900913623485e-39,6.422277287156253e-38,-8.887457436144464e-37,-1.725740505968569e-36,-1.0822070904300656e-36,-7.73206919977791e-39,-5.707088947068192e-39,3.710667131164619e-30,-7.844122629967035e-30,2.239818454062887e-30,-1.4980882450169788e-30,-5.950484764804927e-30,9.342210977536835e-30,1.5544686076214904e-30,-1.8847254095807492e-30,8.550805104307677e-30,1.5783899764159584e-30,4.254519926039176e-30,4.033453780436407e-31,-1.1680648900593156e-38,-4.327438977267181e-39,-5.383457296143322e-39,-1.2815971841156039e-39,-4.0024896056799355e-39,5.797540699069425e-39,-0.6920236349105835,-0.6516533493995667,-0.10176095366477966,0.29321107268333435,-0.00029538277885876596,-0.005255044437944889,0.005914609879255295,-0.009328136220574379,0.4103088974952698,0.8925696611404419,0.1869918406009674,0.0,-2.217919053169675,-0.8365514321162183,-0.07721593906118157,0.5049075598207571,1.8817133459120736e-15,2.7125365896242807e-16,-2.4385970823384132e-22,3.8916216011090666e-22,3.749355364507044e-30,4.775025083246492e-31,0.9035765018015611,0.0964500215702504,2.652337181152653e-05,15.516477584838867,-1.1230761868825516,-0.15269049811184932,-1.1163013230758085,-0.700029467182887,0.1362702966373072,0.08522624734620486
1381.0,0.5014148457897732,0.009103151270481362,0.4892683973177925,0.00021360562195286664,1.0135893316503293e-12,0.9997178196206776,6.503146747179186e-05,0.00021714891185060765,0.0035722214479939323,0.9883603136846476,0.008067464867358464,2.9579841446769296e-06,5.023738595781672e-07,1.488566461777284e-06,0.17017772875483836,0.8298003790887977,1.6943231897820252e-05,0.5012733563583904,0.008997193445211757,0.4059951015704727,0.975775650493856,0.0021044957180759594,clean_balanced_ED_EQ,-1.7022119467777832e-31,1.3127270023572679e-30,-6.821289596960647e-33,-8.212922340384792e-33,1.704452326618793e-32,9.491359565177547e-33,-2.6259459212200678e-24,1.822240695716943e-24,2.716514299222628e-23,-4.570180274674167e-23,-4.136267852262506e-24,2.441993847671584e-24,-1.122020392812773e-39,5.2979313170211284e-39,-9.101307880405519e-40,-2.03775853366875e-39,2.0321592846707054e-39,-3.260177473757044e-39,5.917699917340256e-38,-9.16577168335105e-37,-1.738432402146591e-36,-1.0446965298174735e-36,-7.568570483364255e-39,-5.168054173627845e-39,3.402579201677111e-30,-7.691239590536306e-30,2.3299938954328852e-30,-1.730734233050779e-30,-5.7325722695195894e-30,9.421972789099076e-30,1.4848542264045558e-30,-1.884942670946728e-30,8.419293216989249e-30,1.4898079756864815e-30,3.887518214830623e-30,3.7678225728026657e-31,-1.2659904572167328e-38,-4.233086886888057e-39,-5.3280445512811454e-39,-1.2194299513317728e-39,-3.817162500025496e-39,5.796728758222946e-39,-0.7096646428108215,-0.6355162262916565,-0.08548218011856079,0.29167312383651733,-0.0005272519774734974,-0.004927061498165131,0.005836828611791134,-0.009204692207276821,0.4125179350376129,0.8915508985519409,0.1869918406009674,0.0,-2.222905005783801,-0.806949699616122,-0.06181541651415665,0.49215156273408034,1.8734747153025573e-15,2.5748089795279436e-16,-2.3664660130589717e-22,3.936779641113972e-22,3.778565763559875e-30,4.557983684262147e-31,0.9075293330654532,0.09249920921324857,2.8542278701859658e-05,15.398115158081055,-1.114952854835492,-0.14457583840257188,-1.1196307889729062,-0.6728328340362837,0.12947762180198963,0.0769614741465578
1384.0,0.49845229901580074,0.008217023446773527,0.4931252268015395,0.00020545073588622802,9.988745065483852e-13,0.9997207362723576,5.47677458518343e-05,0.00022449598179049857,0.004408906024224967,0.9639094429624557,0.031681651013319344,2.9376753196832407e-06,5.290652628722499e-07,1.387187676911424e-06,0.1828160891225995,0.8171606137645294,1.8443184611534162e-05,0.4983130993687257,0.007920466493388907,0.4029625129959188,0.9893127743120462,0.0024334474267150253,clean_balanced_ED_EQ,-1.6138596476254011e-31,1.305952225390595e-30,-6.744462314305672e-33,-7.026533517580509e-33,1.7400054177012004e-32,9.27761884406891e-33,-2.7201506571784567e-24,1.9786133112236942e-24,2.446096495554694e-23,-4.3304094986980963e-23,-8.746294546970718e-24,2.1917465330939183e-24,-1.1159346208825708e-39,5.2974415569241476e-39,-8.453426029709237e-40,-2.1362822376708832e-39,1.9612822276817824e-39,-3.161151089480137e-39,5.493764447777698e-38,-9.533777454845025e-37,-1.7501178181398552e-36,-1.0066557091176561e-36,-8.097433360432168e-39,-5.1412345961744334e-39,3.1066919145651445e-30,-7.519094557674273e-30,2.4008829843961127e-30,-1.975539558840121e-30,-5.5075744815587065e-30,9.494634116514394e-30,1.4372653687689213e-30,-1.8907751184481492e-30,8.29010552289023e-30,1.3971037301428173e-30,3.4907769762929906e-30,3.3885093860399974e-31,-1.3683215737343904e-38,-4.1556208033090936e-39,-5.271778067937789e-39,-1.1505361349740115e-39,-3.647235654235801e-39,5.7850195769964446e-39,-0.7270799279212952,-0.6187260746955872,-0.0691874623298645,0.28906333446502686,-0.0007033961592242122,-0.004414374474436045,0.005755967926234007,-0.009220152162015438,0.41471466422080994,0.8905311822891235,0.1869918406009674,0.0,-2.2275109352276603,-0.7771513785004335,-0.046974339448253535,0.4784545158980306,1.865379658371599e-15,2.443146237172239e-16,-2.2919417637540596e-22,3.980378143819661e-22,3.807854832660966e-30,4.347284825992454e-31,0.9114871585624024,0.08846265864834497,5.018278925261743e-05,15.308087348937988,-1.1067944264736478,-0.13677459468843006,-1.122275515218152,-0.6455251428718564,0.12241874910022256,0.06915005919284781
1387.0,0.4936796046861571,0.007652779852764787,0.49847003548648516,0.0001975799745930022,9.873558414745842e-13,0.9997239637520868,4.4140060024331704e-05,0.0002318961878889475,0.0044091761424999674,0.9087921675457347,0.08679865631176549,2.655136917308884e-06,4.839046193050346e-07,1.281528072966138e-06,0.19973378629941593,0.8002453334596958,1.6459671278735268e-05,0.49354333122040833,0.0069547863901444395,0.39889831976754875,0.9903897316602938,0.002819112429113415,clean_balanced_ED_EQ,-1.5297712572020274e-31,1.2986724329385065e-30,-6.547792012115326e-33,-5.7117990041563416e-33,1.7711276976171865e-32,9.107772837264069e-33,-2.6086638922239798e-24,1.924012533743067e-24,2.1918195938322e-23,-4.105143937390737e-23,-1.4229781352407198e-23,2.0862052970683204e-24,-1.0962635169596434e-39,5.060834850154049e-39,-8.550947115020982e-40,-2.0385523494947537e-39,1.9513561854414698e-39,-3.0222798334871086e-39,4.953712431909619e-38,-1.0030390618272986e-36,-1.7609208243000284e-36,-9.695043559578041e-37,-7.885670804782373e-39,-4.5747255466508954e-39,2.8069343185568483e-30,-7.363391384551653e-30,2.478433929873793e-30,-2.1980004019558673e-30,-5.2853686694640735e-30,9.561393049607817e-30,1.371703134045394e-30,-1.901193725922648e-30,8.187361390165087e-30,1.3148536211408388e-30,3.0511663393820153e-30,3.172150085636785e-31,-1.478491045174195e-38,-4.0465790853050504e-39,-5.243977731733792e-39,-1.0898549581534694e-39,-3.4713079736326985e-39,5.774726373055139e-39,-0.7435399293899536,-0.6018866896629333,-0.05367225408554077,0.28618133068084717,-0.0009029771317727864,-0.004079272039234638,0.005679325666278601,-0.009068585932254791,0.41689953207969666,0.889510452747345,0.1869918406009674,0.0,-2.2308739151856765,-0.7480268619062441,-0.03309253030627006,0.4648479160090227,1.8570276125575365e-15,2.316222956556997e-16,-2.2184880217502424e-22,4.0200914229703236e-22,3.834372522497039e-30,4.139915829395887e-31,0.915136669618692,0.08489495887971758,3.162849840965265e-05,15.258890151977539,-1.0982442156690895,-0.12936768286653164,-1.1243235022520308,-0.6190150731918177,0.1157995812927336,0.06182774467983772
1390.0,0.48714512096175816,0.007454646953981542,0.5052104518464693,0.00018978023779090572,9.78965872028292e-13,0.9997258040551189,3.465612719313648e-05,0.00023953981768786665,0.004678342051944519,0.8121259865180377,0.1831956714300179,2.4504957271356883e-06,4.707494865873297e-07,1.1899735194055935e-06,0.2209620580972598,0.7790175145134549,1.631617055221089e-05,0.48701154774502187,0.006054112511645945,0.3935677905036561,0.9642419692255276,0.003278126934823619,mixed_higher_order,-1.4479065394582716e-31,1.2909457289096435e-30,-6.421021372310873e-33,-4.1555889731190185e-33,1.8014345454985236e-32,8.934143214682397e-33,-2.6220625150863137e-24,1.996422003220941e-24,1.9567051371939652e-23,-3.876216653628204e-23,-2.0538535996990324e-23,1.8608691865491815e-24,-9.284944817538237e-40,4.932655779928221e-39,-9.518365544176154e-40,-1.9833595528903478e-39,1.880318812444168e-39,-2.949296223560998e-39,4.5452865662651723e-38,-1.064788076612407e-36,-1.7704930965248622e-36,-9.326509815027665e-37,-8.062572569111677e-39,-4.343619229426323e-39,2.508279020972477e-30,-7.199822312587664e-30,2.551520323416709e-30,-2.4203611831548918e-30,-5.0598010431409886e-30,9.620184345118457e-30,1.3256736303727977e-30,-1.9063534997917785e-30,8.102371693374117e-30,1.2414548246051171e-30,2.5596603173662526e-30,3.0230604857816215e-31,-1.59788295476168e-38,-3.93496935439311e-39,-5.229814501859793e-39,-1.0381250695977005e-39,-3.29744474263094e-39,5.761863805261984e-39,-0.7594103813171387,-0.5846282243728638,-0.03854861855506897,0.2826257050037384,-0.00103092344943434,-0.0036367380525916815,0.005581362172961235,-0.009041624143719673,0.41907262802124023,0.8884886503219604,0.1869918406009674,0.0,-2.2333839162824103,-0.718997405107131,-0.019954156701430917,0.4509017243021853,1.848576550553683e-15,2.1927840096027612e-16,-2.1442655427540175e-22,4.0570080847631297e-22,3.8598951221299e-30,3.929865163966531e-31,0.9185085766524312,0.08147618769222643,1.5235655342338283e-05,15.250818252563477,-1.0893537896415153,-0.12218038609088565,-1.1255609542369114,-0.5929170414562555,0.10910591699708619,0.0550764127404046
1393.0,0.4767738714493244,0.007857196766201072,0.5151875937362749,0.0001813380481994576,9.77153279237242e-13,0.9997267928852495,2.6168392219272273e-05,0.00024703872253115274,0.004521059758441369,0.6603471752433164,0.3351317649982423,2.4585319032824423e-06,4.930916853423687e-07,1.1006122298875259e-06,0.2514321079166523,0.7485481942731356,1.5645574393602065e-05,0.47664361343551725,0.005188477689891798,0.3856427430032103,0.9254374081325132,0.0038686617624647843,mixed_higher_order,-1.364100232171875e-31,1.2822606705470666e-30,-6.209541170767249e-33,-2.2285186719989922e-33,1.8281788151578725e-32,8.7558264865186e-33,-2.655175755573163e-24,2.021816666862029e-24,1.7289873229170044e-23,-3.6439481406602186e-23,-2.8676671421160814e-23,1.8030041326554328e-24,-9.302476733671007e-40,5.019646425531297e-39,-8.675459736757675e-40,-2.1152993656630677e-39,1.797787558314379e-39,-2.9043490080614744e-39,4.0131433681750694e-38,-1.1537201962468146e-36,-1.7794373321654163e-36,-8.950855220769847e-37,-8.075329334639616e-39,-4.2090665559938335e-39,2.1850795351675923e-30,-7.038468886565086e-30,2.6365276137897883e-30,-2.6352459420953007e-30,-4.8216095049715254e-30,9.673716970491427e-30,1.2719953302140264e-30,-1.911705002696903e-30,8.034135028388393e-30,1.1602266617587508e-30,1.9772326099086262e-30,2.8413637671554704e-31,-1.7370792235040927e-38,-3.811623231337558e-39,-5.2294765584092444e-39,-9.794536355646056e-40,-3.124278004055213e-39,5.753195304253515e-39,-0.7751110196113586,-0.5664770007133484,-0.023525848984718323,0.2785933017730713,-0.0011747634271159768,-0.0031821937300264835,0.005480182357132435,-0.008975331671535969,0.4212336540222168,0.8874661326408386,0.1869918406009674,0.0,-2.235363592853073,-0.6893334346929827,-0.007058729465597424,0.4366436517770987,1.8398786619235546e-15,2.0666512600758586e-16,-2.06798374107764e-22,4.0926237135710447e-22,3.883909778866141e-30,3.707557667308915e-31,0.921704791486196,0.07827828234055483,1.6926173249220966e-05,15.333013534545898,-1.0796946992276133,-0.1148605602371604,-1.1263797824866026,-0.5665870988764096,0.10234723919052241,0.04856190929871636
1396.0,0.4615132401145813,0.009211285241233082,0.5291023970387639,0.00017307760542177114,9.840698687251949e-13,0.9997226426546274,2.1739189913846903e-05,0.00025561815545863386,0.0037636019822780927,0.47827119630003284,0.5179652017176891,2.459359478709915e-06,5.195170433738416e-07,1.0617204569528793e-06,0.29187505629300675,0.7081069625885753,1.3940521438771189e-05,0.4613852360274488,0.004405492411785382,0.3746610912654535,0.8722569443977952,0.004633265826780937,mixed_higher_order,-1.2817581680295843e-31,1.2722198328682758e-30,-5.959431774535241e-33,1.949564987195344e-34,1.8552825266079233e-32,8.592859649728083e-33,-2.6302119820551177e-24,2.03053620761146e-24,1.5161919182450472e-23,-3.425195878134009e-23,-3.8933798465892457e-23,1.9204542404758944e-24,-9.066811411371273e-40,5.147125818093408e-39,-9.002524993593517e-40,-2.22701197937475e-39,1.8069267522991654e-39,-2.920112434807599e-39,3.3110738240306305e-38,-1.2726997681432349e-36,-1.78744307821607e-36,-8.58694625390457e-37,-7.905105550300549e-39,-3.8632611892645646e-39,1.8621858874041735e-30,-6.877600231595211e-30,2.720809958251639e-30,-2.842960205406463e-30,-4.5829964937582736e-30,9.720559572865059e-30,1.2319783997239348e-30,-1.9177779561464925e-30,8.021126903679762e-30,1.0675612864541383e-30,1.281733009602203e-30,2.7194832925144666e-31,-1.8988043550233675e-38,-3.674752594775982e-39,-5.287286149280107e-39,-9.045510791430113e-40,-2.9502028759245415e-39,5.7378128491037656e-39,-0.789821445941925,-0.5483026504516602,-0.009405732154846191,0.2746293544769287,-0.0012567579979076982,-0.0027277146000415087,0.005276799667626619,-0.008909858763217926,0.423382967710495,0.8864427804946899,0.1869918406009674,0.0,-2.2358954748531548,-0.6603901084697938,0.005131881249816303,0.42287967448008296,1.8305370789289364e-15,1.9424086163665388e-16,-1.9936067919501238e-22,4.124385710101707e-22,3.90327314151618e-30,3.4902915392353594e-31,0.9244627328297133,0.07561698033569603,7.971316540933415e-05,15.541132926940918,-1.068937977633767,-0.10769522283425735,-1.1265896723108895,-0.5412180720178524,0.09599642401313221,0.042493628816471826
1399.0,0.4368662563613267,0.012368395279951108,0.5506016625328962,0.00016368582582588945,1.0089333612346489e-12,0.9997057936715439,2.805686692252195e-05,0.00026614946153356536,0.0028627789087914655,0.2930363384920791,0.7041008825991295,2.570231909331341e-06,5.648890637672786e-07,1.016614230260691e-06,0.3510446793056929,0.6489377072188256,1.3461740278205567e-05,0.4367377275440163,0.003624389265859586,0.3573061804749712,0.7934343211962709,0.005780398772397147,mixed_higher_order,-1.1892550214265419e-31,1.2594735969934602e-30,-5.6499629926779636e-33,3.60469415883653e-33,1.8832063627715807e-32,8.451559667748998e-33,-2.687785924659936e-24,2.106495446503529e-24,1.312548539313201e-23,-3.195940803009178e-23,-5.351438100190517e-23,2.0886876246233576e-24,-8.863594877336357e-40,5.483254077189832e-39,-8.600129395269415e-40,-2.457846245918765e-39,1.7463699562750804e-39,-3.025407919584495e-39,2.4347908811071965e-38,-1.4513045104497138e-36,-1.7944101571035085e-36,-8.214896205883952e-37,-8.126843020556594e-39,-3.840343489201967e-39,1.4944033264155012e-30,-6.706367358206554e-30,2.8224216770832484e-30,-3.0557204785255494e-30,-4.3168263108818016e-30,9.762088054629278e-30,1.1776575331984629e-30,-1.9138558248431706e-30,8.057324180322371e-30,9.866399354639512e-31,3.3700135121877657e-31,2.80198989474091e-31,-2.1133793938463617e-38,-3.483124307588642e-39,-5.3944632646047925e-39,-8.451510339644666e-40,-2.7736306975718305e-39,5.717454989892173e-39,-0.8044303059577942,-0.5285604000091553,0.004496514797210693,0.27079057693481445,-0.0013955853646621108,-0.0022162303794175386,0.005184309557080269,-0.008799990639090538,0.425520658493042,0.885418713092804,0.1869918406009674,0.0,-2.2354542072488286,-0.6298866110500937,0.017421638990340656,0.40950657572904187,1.8203069393520915e-15,1.802029732517037e-16,-1.9167540502538322e-22,4.1546331877249555e-22,3.9199223542689555e-30,3.223916145129226e-31,0.9264910729367933,0.07345207210284292,5.685496036378357e-05,16.008987426757812,-1.0559591479712396,-0.099708697518064,-1.1261355581012378,-0.5155502874821961,0.0893791196835128,0.03670732351338787
1402.0,0.3954623087614624,0.019161638221083528,0.5852225416774564,0.00015351133999772434,1.0728836353447448e-12,0.9996552687417047,6.563175966392887e-05,0.0002790994986313021,0.0016894663486807376,0.14954001940593312,0.8487705142453861,2.5751504457182954e-06,5.927115485309445e-07,9.497520486763007e-07,0.43824933813613887,0.561735540737241,1.1003512577320748e-05,0.3953259805421547,0.0028654317514303007,0.32874030090080847,0.6757468836178567,0.007696145397866554,mixed_higher_order,-1.0798123374460254e-31,1.2418063053200254e-30,-5.1874793522533735e-33,8.66603145156252e-33,1.9057276537629917e-32,8.403487631381526e-33,-2.686321566915897e-24,2.054013499184025e-24,1.109811868629441e-23,-2.981620289225215e-23,-7.575332183091518e-23,2.531563549436852e-24,-8.861547478960932e-40,5.882470529699533e-39,-8.618262549894485e-40,-2.7207591979631268e-39,1.74797434682041e-39,-3.1617165753678936e-39,1.1446033087560461e-38,-1.7352712563466526e-36,-1.80144063974168e-36,-7.839687090864595e-37,-7.876377994206622e-39,-3.68374367531492e-39,1.0348476104596042e-30,-6.545580228903803e-30,2.9844773111680315e-30,-3.2564597198012e-30,-4.0193262402609616e-30,9.80204148711055e-30,1.1315631013960892e-30,-1.92371240223498e-30,8.202143672961203e-30,8.75048041901911e-31,-1.0282014787255331e-30,2.856669655157249e-31,-2.418747211147277e-38,-3.2471380295164796e-39,-5.6187648598158094e-39,-7.57344996710057e-40,-2.570575611865816e-39,5.7056492550743625e-39,-0.8187915086746216,-0.5072558522224426,0.017822742462158203,0.26817092299461365,-0.0015906906919553876,-0.0016819654265418649,0.005053407046943903,-0.00854206457734108,0.42764678597450256,0.8843936324119568,0.1869918406009674,0.0,-2.2334431898681504,-0.5978897025212443,0.030432374189431476,0.3976393674460781,1.808160041980239e-15,1.6370600079728572e-16,-1.8395954777322337e-22,4.183399678614991e-22,3.928779118015377e-30,2.9043289123078857e-31,0.9277333935961529,0.07233179787868099,6.519147483396992e-05,17.064224243164062,-1.0389188134802223,-0.09033915737057091,-1.1257146306595058,-0.48989959831505975,0.08320690771776952,0.030971084437157216
1405.0,0.3221716928542615,0.033952126816576,0.6437337995730416,0.00014238075612097673,1.2441183159577272e-12,0.9994835964578066,0.00021559151839118453,0.0003008120238022362,0.0008529727390905635,0.060211499530019544,0.93893552773089,3.022917337704518e-06,7.571390214497271e-07,9.360454845496845e-07,0.5691854872949417,0.43080152080293177,8.27580028293922e-06,0.3220053222508771,0.00204430846785943,0.27732149984831594,0.5004734768749798,0.01167516489915754,EQ_dominated_with_ED,-9.295954407725582e-32,1.2130623021183627e-30,-4.259081650254104e-33,1.7353253028271558e-32,1.9315709555653225e-32,8.50786848852533e-33,-2.7881740110952394e-24,2.0470588885164824e-24,8.991307128930876e-24,-2.763553940397784e-23,-1.1467978587542022e-22,4.322327507465613e-24,-6.741677226113202e-40,7.295075217825924e-39,-9.290762630756783e-40,-3.5468299603459854e-39,1.6032393142947215e-39,-3.7482444508135566e-39,-2.2384251574422538e-38,-2.2477792536211714e-36,-1.8084510454805907e-36,-7.443098385961423e-37,-7.641605252924455e-39,-3.8826899981675327e-39,3.699902269646446e-31,-6.369054020559783e-30,3.268237104070422e-30,-3.466483456330734e-30,-3.638228439331776e-30,9.83553659025315e-30,1.0785969068104959e-30,-1.9285748116949725e-30,8.551543819938746e-30,6.985107617999326e-31,-3.3414664791974796e-30,3.5051346390980496e-31,-2.926979822734552e-38,-2.7977665240938692e-39,-6.063767591437004e-39,-6.128174455453012e-40,-2.328213643900326e-39,5.687296744532601e-39,-0.8335358500480652,-0.48191192746162415,0.03106558322906494,0.26834923028945923,-0.0016911772545427084,-0.0008954983786679804,0.0048002335242927074,-0.008168385364115238,0.4297611713409424,0.883368194103241,0.1869918406009674,0.0,-2.228838892275177,-0.5609715787283888,0.0461761129496028,0.38881483430330294,1.7915956543411057e-15,1.4066863189867364e-16,-1.7586308956453607e-22,4.2125081661259134e-22,3.9233605375459356e-30,2.4352403382598695e-31,0.9270247811429808,0.07306614461965161,9.092576263247665e-05,19.771099090576172,-1.0127040483696126,-0.07760566498293901,-1.1252745334344847,-0.46313275023399564,0.07695674360683734,0.02503811151635653
1408.0,0.19291864885667598,0.06654726163011951,0.7403990404830837,0.00013504903012075912,1.8550184639249453e-12,0.9986317842068649,0.0010173549311754985,0.00035086086195950387,0.00036526378954912015,0.01663854091751988,0.982996195292931,3.4659417939508453e-06,9.176486555599531e-07,9.235840570163535e-07,0.754218930012511,0.24576934519388388,6.4176190987939034e-06,0.19265469451452003,0.0011072493355816443,0.18196738736170742,0.26056037124359793,0.02410184267931595,EQ_dominated_with_ED,-6.666007092303624e-32,1.152081013891558e-30,-2.0272193593848987e-33,3.6777615843667894e-32,1.9686751474981728e-32,8.96244468761725e-33,-3.2408574924920652e-24,2.1443430016551388e-24,6.451532034899477e-24,-2.542197725269606e-23,-2.013481172223186e-22,9.982790357457349e-24,-2.3073993500916925e-40,1.0336363319581514e-38,-1.1765403084683211e-39,-5.18816896340471e-39,1.4072737254252876e-39,-5.1482015876875456e-39,-1.1520479918592693e-37,-3.40840421054764e-36,-1.8169420194652424e-36,-6.990185369464409e-37,-8.33843511383049e-39,-5.4253011042213984e-39,-8.479505778864212e-31,-6.13324049242778e-30,3.866087225576046e-30,-3.72626921223617e-30,-3.0181370948068048e-30,9.85950970466395e-30,1.0447447334663941e-30,-1.9399578328586567e-30,9.528919309923568e-30,3.5310014588188735e-31,-8.358957621745505e-30,6.318342533752252e-31,-4.0140821750488977e-38,-1.652583170941719e-39,-7.184432461123281e-39,-3.246650126457624e-40,-1.986371611972586e-39,5.6553820158581915e-39,-0.8498132824897766,-0.4457203447818756,0.04451891779899597,0.2779209613800049,-0.0022252656053751707,0.00040645585977472365,0.004734101239591837,-0.007285869214683771,0.43186429142951965,0.8823419213294983,0.1869918406009674,0.0,-2.217150185136073,-0.51048874790937,0.0711183003000974,0.3892150090234828,1.7615346296711667e-15,9.891847622163248e-17,-1.6692725863736065e-22,4.2456217984801765e-22,3.8749001455578665e-30,1.54386327828267e-31,0.9208543578619034,0.0792974904211401,0.00015184828304359854,29.38838005065918,-0.9597455974505191,-0.05553143296582903,-1.1257452960185281,-0.4330995823569609,0.070641795941302,0.017927315605233207
1411.0,0.024621135376503622,0.12667809100333527,0.848550910018367,0.0001498636017941043,8.381418720465961e-12,0.9792292174086711,0.020015870279832395,0.0007549123114965247,8.431936049349888e-05,0.0014244995147180293,0.9984911811247884,3.9346081814999e-06,1.1800809572664876e-06,8.411240523305747e-07,0.9536558696605181,0.04633524042712641,2.9340991643322516e-06,0.02410973512644659,0.00018045287915965745,0.039317810430357945,0.029015507597500184,0.20014811046016007,EQ_dominated,6.850339677949364e-33,8.714353087617134e-31,1.906235082009507e-32,1.2312611976405844e-31,2.088113800708041e-32,1.2225151587439208e-32,-4.9526860902028005e-24,2.3896490405749994e-24,2.3068468626664893e-25,-2.2601243872893717e-23,-5.924203336416883e-22,8.442669618818273e-23,4.7824800123526375e-39,2.477036656993339e-38,-4.3477307618173286e-39,-1.3114168712537108e-38,-4.3475585072964984e-40,-1.1656206193754976e-38,-1.1911342815932684e-36,-8.70118255814252e-36,-1.837041365423823e-36,-6.105416702662738e-37,-9.901137920230223e-39,-1.1801284144351963e-38,-5.805881797706523e-30,-5.065899122619482e-30,6.669704330566461e-30,-4.5905469989556956e-30,-8.6382614038021e-31,9.656446121575178e-30,1.0064329950174377e-30,-1.9654974451050572e-30,1.4223201524337875e-29,-1.7367133570682863e-30,-3.0713980262206335e-29,4.5574155327788216e-30,-8.801570499523595e-38,9.020826481227676e-39,-1.241816954074701e-38,1.5807179716729077e-39,-8.228033380785864e-40,5.525311477089641e-39,-0.8707562685012817,-0.33770060539245605,0.07160299271345139,0.34991148114204407,-0.0031451969407498837,0.0056167650036513805,0.004376547411084175,-0.0030786374118179083,0.4339560270309448,0.8813149929046631,0.1869918406009674,0.0,-2.151774231476751,-0.37422437617779175,0.1689248180732312,0.4410464747532582,1.6268413054959032e-15,-5.5330789839039844e-17,-1.5156912876141504e-22,4.314488835963033e-22,3.518548515387487e-30,-1.7095629444447244e-31,0.8722996183296098,0.12759366537609654,0.00010671629429370721,134.243896484375,-0.7244091091286307,0.005694568963912328,-1.1333636770041609,-0.3766740180167924,0.06267010013182911,0.0006396564927361888
1414.0,0.07520051630822423,0.15427022807497584,0.7703300453581144,0.00019921025868554958,1.1340174454310529e-11,0.9899487444661146,0.009921606280208554,0.00012964925367686832,1.7577801464800357e-05,0.0010120463358775707,0.9989703758626576,3.789789216262944e-06,1.310119165049207e-06,6.663416305327153e-07,0.9644079404339525,0.03558392052947734,2.372786558318081e-06,0.07444465670253016,0.00015612861905827644,0.02741136311549182,0.09762116479990689,0.03704273346812086,EQ_dominated,-4.371745257940989e-31,1.7345694974158063e-30,1.755531928184405e-32,-1.7821850487475165e-31,2.0464608288039796e-32,-5.201306663093701e-34,1.1842688320637249e-24,3.0121825690652086e-24,1.5455869992454e-23,-1.908557684829155e-23,7.58258768665251e-22,1.4280756087636476e-22,5.7811217821727097e-39,-2.700369480392191e-38,-4.989932945922644e-39,1.5451097312574983e-38,-7.91180924950537e-40,1.155258601203739e-38,-1.780787890963529e-36,9.688287015871576e-36,-1.739304449922366e-36,-7.450528781422835e-37,-8.831757917876661e-39,1.2678267949616885e-38,1.0624756620391e-29,-4.154808068622283e-30,-3.254165392473329e-30,-4.709806446649687e-30,-7.370602142814068e-30,8.86461406048462e-30,8.95285451712978e-31,-1.8479842817425577e-30,-3.418871179095006e-30,1.2242154620012608e-30,4.5776602507658206e-29,8.814701148838582e-30,7.708755471309641e-38,1.1023248574646066e-38,6.640590349789689e-39,-4.614061467918918e-40,-4.185802294901751e-39,5.0651331945752114e-39,-0.779150664806366,-0.6153984665870667,0.09507517516613007,0.0614263117313385,0.003862900659441948,-0.00941835343837738,0.0077954502776265144,-0.017037399113178253,0.4360363781452179,0.8802876472473145,0.1869918406009674,0.0,-2.275862532385075,-0.7713343164227426,-0.07518075915674392,0.12460648603216498,1.9325652077866644e-15,5.307497868836512e-16,-1.6689675509897307e-22,4.099618097320839e-22,4.5667886708806606e-30,1.166688896448427e-30,0.9858946585289099,0.013163522719358563,0.0009418187517314935,191.53277587890625,-1.4388584093958439,-0.36264458919035725,-1.0685163475562447,-0.4577123804428803,0.05280936460697613,0.04276604685504112
1417.0,0.3167019282790918,0.10917592706590663,0.573900817865912,0.00022132678908973752,1.7531021576440282e-12,0.9978214260769165,0.0019850185405204906,0.0001935553825629804,0.00010107271503724329,0.006433135525895821,0.9934657917590669,2.625559194178778e-06,1.0982897868880596e-06,4.460111504882117e-07,0.6899172509940933,0.3100728757339688,5.703411806300313e-06,0.3160119697167527,0.0007023435349802951,0.17795107698175996,0.5518408728824762,0.0020783457915928396,mixed_higher_order,-1.990978964946101e-31,1.44155596015402e-30,-5.126589632574295e-33,-6.47040703314697e-32,1.9888426023034894e-32,3.9041316628879236e-33,-1.0356586303573299e-24,2.360832030877213e-24,8.194657399678417e-24,-1.8864345404730784e-23,2.550544002329497e-22,1.653436841939141e-23,4.3020991392946786e-41,-7.850300475622162e-39,-1.3558524106865668e-39,4.893008774873434e-39,1.3128361799454327e-39,2.957290135336405e-39,-1.425090752953721e-37,2.8419738380653124e-36,-1.790947999712967e-36,-6.569895444233589e-37,-7.243980230713114e-39,3.8029070045946686e-39,4.299385409741055e-30,-5.5663370534283045e-30,4.412710015383669e-31,-4.121567812214829e-30,-4.7406587045755805e-30,9.687905782961596e-30,8.917861078938352e-31,-1.895568888289791e-30,3.2744154967945375e-30,1.4376698842960677e-30,1.7214875288647502e-29,1.3314423422747032e-30,1.4791993916263864e-38,-2.353888030739641e-39,-5.701148141959007e-40,-1.1358549475501164e-39,-2.790127281143153e-39,5.46282831740837e-39,-0.8505603671073914,-0.49568337202072144,0.0797349065542221,0.15599767863750458,0.00013780755398329347,-0.003913643769919872,0.005269262939691544,-0.012132596224546432,0.4381054937839508,0.8792596459388733,0.1869918406009674,0.0,-2.258799399644328,-0.5800641813539587,0.0003373773346736703,0.2393025276022506,1.8555566181180914e-15,2.792231105989305e-16,-1.5294122091456116e-22,4.216967955663288e-22,4.3114336342557454e-30,5.725956485105169e-31,0.9691702789901729,0.03086789608657617,3.8175076749080716e-05,30.98345947265625,-1.193266421131389,-0.1648058354803845,-1.0955889858525256,-0.4019047503366153,0.05208671285504226,0.022626428734466252
1420.0,0.46258540808256843,0.06824637507059826,0.46895261033589875,0.000215606510934534,1.0830397134016822e-12,0.9988025675529711,0.0009789555645830102,0.00021847688244588056,0.00028578744049359534,0.012701235500576308,0.9870129770589301,1.5739600045131682e-06,7.032285190266093e-07,3.7839825735095384e-07,0.39790039829167445,0.6020875117985006,9.434323044109256e-06,0.4620314933054082,0.0008668132818323287,0.28235051030855307,0.9864225038671399,0.00017019358111260616,mixed_higher_order,-1.6094262076217858e-31,1.3795541025344374e-30,-6.1030233822146275e-33,-4.305221197208203e-32,2.004068741763733e-32,4.509297860874438e-33,-1.4319919222402209e-24,2.295259911835023e-24,5.9614502129323466e-24,-1.702148578936986e-23,1.5882937484324763e-22,7.06754539571051e-24,-8.708212881692558e-40,-4.2579550278959475e-39,-7.010923676986887e-40,2.819158446437919e-39,1.571906224941221e-39,1.4387939670088908e-39,-2.997568904236398e-38,1.5448718623177755e-36,-1.7990618069290483e-36,-6.132627238758759e-37,-7.144311740771522e-39,2.3596010445589778e-39,2.9892436249887328e-30,-5.529857633164771e-30,1.1007280405234277e-30,-4.24226653838156e-30,-4.08997282190162e-30,9.772125559213682e-30,8.587137663280404e-31,-1.9067195829755197e-30,4.426386405565545e-30,1.2684032401208631e-30,1.167730494706811e-29,7.3076274180401e-31,2.7255673013246888e-39,-3.059483829167017e-39,-1.867036408645351e-39,-1.0416875126641537e-39,-2.42265795241642e-39,5.4726709682305387e-39,-0.8686565160751343,-0.45822247862815857,0.08796606212854385,0.165992870926857,-0.0004806064534932375,-0.0026046661660075188,0.004904933273792267,-0.011153818108141422,0.4401635229587555,0.8782312273979187,0.1869918406009674,0.0,-2.2487571888753197,-0.5267562541973438,0.02093139566077578,0.2444973639001856,1.8303622375652096e-15,2.3117787659025773e-16,-1.4424984438274426e-22,4.245166889703314e-22,4.26869004839348e-30,4.650627440872375e-31,0.9645389981083229,0.0354401273137529,2.0874577924212545e-05,19.47868537902832,-1.1395310319873797,-0.13294086139206032,-1.095907191534616,-0.37357195111762237,0.046899064843230975,0.016425501484166122
