[stage2] beta=15.79 n_iter=100 order=[5, 5] angles=[(0.0, 0.0), (20.0, 0.0), (20.0, 90.0)]
[P700_h120_pad0.040_s333] it   0 J=0.06986 A_min=0.0630 A_mean=0.0707 |g|=1.26e-03 bin=0.792 S_flip=0.048 t=1s
[P700_h120_pad0.040_s333] it   1 J=0.07062 A_min=0.0637 A_mean=0.0715 |g|=1.32e-03 bin=0.789 S_flip=0.049 t=2s
[P700_h120_pad0.040_s333] it   2 J=0.07147 A_min=0.0646 A_mean=0.0723 |g|=1.38e-03 bin=0.785 S_flip=0.051 t=3s
[P700_h120_pad0.040_s333] it   3 J=0.07240 A_min=0.0655 A_mean=0.0732 |g|=1.44e-03 bin=0.781 S_flip=0.052 t=4s
[P700_h120_pad0.040_s333] it   4 J=0.07343 A_min=0.0665 A_mean=0.0743 |g|=1.52e-03 bin=0.776 S_flip=0.054 t=5s
[P700_h120_pad0.040_s333] it   5 J=0.07458 A_min=0.0676 A_mean=0.0754 |g|=1.60e-03 bin=0.771 S_flip=0.055 t=6s
[P700_h120_pad0.040_s333] it   6 J=0.07584 A_min=0.0688 A_mean=0.0767 |g|=1.69e-03 bin=0.765 S_flip=0.057 t=7s
[P700_h120_pad0.040_s333] it   7 J=0.07724 A_min=0.0702 A_mean=0.0781 |g|=1.79e-03 bin=0.759 S_flip=0.059 t=8s
[P700_h120_pad0.040_s333] it   8 J=0.07877 A_min=0.0717 A_mean=0.0797 |g|=1.91e-03 bin=0.752 S_flip=0.061 t=9s
[P700_h120_pad0.040_s333] it   9 J=0.08046 A_min=0.0733 A_mean=0.0814 |g|=2.04e-03 bin=0.744 S_flip=0.063 t=10s
[P700_h120_pad0.040_s333] it  10 J=0.08230 A_min=0.0751 A_mean=0.0832 |g|=2.18e-03 bin=0.735 S_flip=0.066 t=11s
[P700_h120_pad0.040_s333] it  11 J=0.08431 A_min=0.0771 A_mean=0.0852 |g|=2.34e-03 bin=0.725 S_flip=0.068 t=12s
[P700_h120_pad0.040_s333] it  12 J=0.08651 A_min=0.0792 A_mean=0.0874 |g|=2.51e-03 bin=0.714 S_flip=0.071 t=12s
[P700_h120_pad0.040_s333] it  13 J=0.08890 A_min=0.0816 A_mean=0.0898 |g|=2.69e-03 bin=0.702 S_flip=0.074 t=13s
[P700_h120_pad0.040_s333] it  14 J=0.09149 A_min=0.0841 A_mean=0.0924 |g|=2.89e-03 bin=0.689 S_flip=0.076 t=14s
[P700_h120_pad0.040_s333] it  15 J=0.09431 A_min=0.0868 A_mean=0.0953 |g|=3.10e-03 bin=0.674 S_flip=0.079 t=15s
[P700_h120_pad0.040_s333] it  16 J=0.09736 A_min=0.0898 A_mean=0.0983 |g|=3.30e-03 bin=0.657 S_flip=0.082 t=16s
[P700_h120_pad0.040_s333] it  17 J=0.10066 A_min=0.0930 A_mean=0.1017 |g|=3.49e-03 bin=0.638 S_flip=0.084 t=17s
[P700_h120_pad0.040_s333] it  18 J=0.10420 A_min=0.0965 A_mean=0.1052 |g|=3.65e-03 bin=0.616 S_flip=0.086 t=18s
[P700_h120_pad0.040_s333] it  19 J=0.10797 A_min=0.1002 A_mean=0.1090 |g|=3.77e-03 bin=0.591 S_flip=0.088 t=19s
[P700_h120_pad0.040_s333] it  20 J=0.11194 A_min=0.1040 A_mean=0.1130 |g|=3.82e-03 bin=0.562 S_flip=0.090 t=20s
[P700_h120_pad0.040_s333] it  21 J=0.11603 A_min=0.1080 A_mean=0.1171 |g|=3.80e-03 bin=0.530 S_flip=0.091 t=21s
[P700_h120_pad0.040_s333] it  22 J=0.12018 A_min=0.1120 A_mean=0.1213 |g|=3.70e-03 bin=0.495 S_flip=0.092 t=22s
[P700_h120_pad0.040_s333] it  23 J=0.12426 A_min=0.1160 A_mean=0.1254 |g|=3.52e-03 bin=0.458 S_flip=0.093 t=23s
[P700_h120_pad0.040_s333] it  24 J=0.12819 A_min=0.1198 A_mean=0.1293 |g|=3.29e-03 bin=0.419 S_flip=0.094 t=24s
[P700_h120_pad0.040_s333] it  25 J=0.13186 A_min=0.1234 A_mean=0.1330 |g|=3.01e-03 bin=0.379 S_flip=0.094 t=24s
[P700_h120_pad0.040_s333] it  26 J=0.13521 A_min=0.1267 A_mean=0.1364 |g|=2.72e-03 bin=0.340 S_flip=0.095 t=25s
[P700_h120_pad0.040_s333] it  27 J=0.13818 A_min=0.1296 A_mean=0.1394 |g|=2.44e-03 bin=0.304 S_flip=0.096 t=26s
[P700_h120_pad0.040_s333] it  28 J=0.14077 A_min=0.1322 A_mean=0.1420 |g|=2.19e-03 bin=0.269 S_flip=0.097 t=27s
[P700_h120_pad0.040_s333] it  29 J=0.14300 A_min=0.1344 A_mean=0.1442 |g|=1.97e-03 bin=0.239 S_flip=0.099 t=28s
[P700_h120_pad0.040_s333] it  30 J=0.14490 A_min=0.1363 A_mean=0.1461 |g|=1.80e-03 bin=0.211 S_flip=0.100 t=29s
[P700_h120_pad0.040_s333] it  31 J=0.14650 A_min=0.1379 A_mean=0.1477 |g|=1.66e-03 bin=0.187 S_flip=0.103 t=30s
[P700_h120_pad0.040_s333] it  32 J=0.14785 A_min=0.1393 A_mean=0.1491 |g|=1.54e-03 bin=0.166 S_flip=0.105 t=31s
[P700_h120_pad0.040_s333] it  33 J=0.14899 A_min=0.1405 A_mean=0.1502 |g|=1.45e-03 bin=0.147 S_flip=0.108 t=32s
[P700_h120_pad0.040_s333] it  34 J=0.14996 A_min=0.1415 A_mean=0.1512 |g|=1.37e-03 bin=0.132 S_flip=0.111 t=33s
[P700_h120_pad0.040_s333] it  35 J=0.15077 A_min=0.1423 A_mean=0.1520 |g|=1.30e-03 bin=0.118 S_flip=0.114 t=34s
[P700_h120_pad0.040_s333] it  36 J=0.15147 A_min=0.1430 A_mean=0.1527 |g|=1.24e-03 bin=0.106 S_flip=0.118 t=34s
[P700_h120_pad0.040_s333] it  37 J=0.15207 A_min=0.1436 A_mean=0.1534 |g|=1.19e-03 bin=0.096 S_flip=0.121 t=35s
[P700_h120_pad0.040_s333] it  38 J=0.15259 A_min=0.1442 A_mean=0.1539 |g|=1.14e-03 bin=0.087 S_flip=0.125 t=36s
[P700_h120_pad0.040_s333] it  39 J=0.15303 A_min=0.1446 A_mean=0.1543 |g|=1.09e-03 bin=0.080 S_flip=0.129 t=37s
[P700_h120_pad0.040_s333] it  40 J=0.15342 A_min=0.1450 A_mean=0.1547 |g|=1.05e-03 bin=0.073 S_flip=0.133 t=38s
[P700_h120_pad0.040_s333] it  41 J=0.15376 A_min=0.1454 A_mean=0.1551 |g|=1.01e-03 bin=0.067 S_flip=0.137 t=39s
[P700_h120_pad0.040_s333] it  42 J=0.15405 A_min=0.1457 A_mean=0.1553 |g|=9.70e-04 bin=0.061 S_flip=0.141 t=40s
[P700_h120_pad0.040_s333] it  43 J=0.15431 A_min=0.1460 A_mean=0.1556 |g|=9.36e-04 bin=0.056 S_flip=0.144 t=41s
[P700_h120_pad0.040_s333] it  44 J=0.15454 A_min=0.1462 A_mean=0.1558 |g|=9.05e-04 bin=0.052 S_flip=0.148 t=42s
[P700_h120_pad0.040_s333] it  45 J=0.15474 A_min=0.1464 A_mean=0.1560 |g|=8.77e-04 bin=0.048 S_flip=0.152 t=43s
[P700_h120_pad0.040_s333] it  46 J=0.15492 A_min=0.1466 A_mean=0.1562 |g|=8.51e-04 bin=0.044 S_flip=0.156 t=44s
[P700_h120_pad0.040_s333] it  47 J=0.15508 A_min=0.1468 A_mean=0.1564 |g|=8.27e-04 bin=0.041 S_flip=0.159 t=45s
[P700_h120_pad0.040_s333] it  48 J=0.15522 A_min=0.1469 A_mean=0.1565 |g|=8.05e-04 bin=0.038 S_flip=0.163 t=46s
[P700_h120_pad0.040_s333] it  49 J=0.15535 A_min=0.1470 A_mean=0.1567 |g|=7.85e-04 bin=0.035 S_flip=0.166 t=47s
[P700_h120_pad0.040_s333] it  50 J=0.15546 A_min=0.1471 A_mean=0.1568 |g|=7.68e-04 bin=0.033 S_flip=0.169 t=48s
[P700_h120_pad0.040_s333] it  51 J=0.15556 A_min=0.1473 A_mean=0.1569 |g|=7.52e-04 bin=0.030 S_flip=0.172 t=49s
[P700_h120_pad0.040_s333] it  52 J=0.15566 A_min=0.1474 A_mean=0.1570 |g|=7.38e-04 bin=0.028 S_flip=0.175 t=50s
[P700_h120_pad0.040_s333] it  53 J=0.15574 A_min=0.1474 A_mean=0.1571 |g|=7.25e-04 bin=0.026 S_flip=0.178 t=51s
[P700_h120_pad0.040_s333] it  54 J=0.15582 A_min=0.1475 A_mean=0.1571 |g|=7.15e-04 bin=0.025 S_flip=0.181 t=52s
[P700_h120_pad0.040_s333] it  55 J=0.15589 A_min=0.1476 A_mean=0.1572 |g|=7.06e-04 bin=0.023 S_flip=0.183 t=53s
[P700_h120_pad0.040_s333] it  56 J=0.15595 A_min=0.1477 A_mean=0.1573 |g|=6.98e-04 bin=0.022 S_flip=0.186 t=53s
[P700_h120_pad0.040_s333] it  57 J=0.15601 A_min=0.1477 A_mean=0.1573 |g|=6.92e-04 bin=0.020 S_flip=0.188 t=54s
[P700_h120_pad0.040_s333] it  58 J=0.15606 A_min=0.1478 A_mean=0.1574 |g|=6.87e-04 bin=0.019 S_flip=0.190 t=55s
[P700_h120_pad0.040_s333] it  59 J=0.15611 A_min=0.1478 A_mean=0.1574 |g|=6.82e-04 bin=0.018 S_flip=0.192 t=56s
[P700_h120_pad0.040_s333] it  60 J=0.15616 A_min=0.1479 A_mean=0.1575 |g|=6.77e-04 bin=0.016 S_flip=0.195 t=57s
[P700_h120_pad0.040_s333] it  61 J=0.15620 A_min=0.1479 A_mean=0.1575 |g|=6.73e-04 bin=0.015 S_flip=0.197 t=58s
[P700_h120_pad0.040_s333] it  62 J=0.15624 A_min=0.1480 A_mean=0.1576 |g|=6.67e-04 bin=0.014 S_flip=0.199 t=59s
[P700_h120_pad0.040_s333] it  63 J=0.15628 A_min=0.1480 A_mean=0.1576 |g|=6.61e-04 bin=0.013 S_flip=0.201 t=60s
[P700_h120_pad0.040_s333] it  64 J=0.15631 A_min=0.1480 A_mean=0.1576 |g|=6.54e-04 bin=0.012 S_flip=0.203 t=61s
[P700_h120_pad0.040_s333] it  65 J=0.15634 A_min=0.1481 A_mean=0.1577 |g|=6.45e-04 bin=0.011 S_flip=0.205 t=62s
[P700_h120_pad0.040_s333] it  66 J=0.15637 A_min=0.1481 A_mean=0.1577 |g|=6.36e-04 bin=0.011 S_flip=0.207 t=63s
[P700_h120_pad0.040_s333] it  67 J=0.15640 A_min=0.1481 A_mean=0.1577 |g|=6.26e-04 bin=0.010 S_flip=0.209 t=64s
[P700_h120_pad0.040_s333] it  68 J=0.15643 A_min=0.1482 A_mean=0.1578 |g|=6.17e-04 bin=0.009 S_flip=0.210 t=64s
[P700_h120_pad0.040_s333] it  69 J=0.15645 A_min=0.1482 A_mean=0.1578 |g|=6.06e-04 bin=0.008 S_flip=0.212 t=65s
[P700_h120_pad0.040_s333] it  70 J=0.15647 A_min=0.1482 A_mean=0.1578 |g|=5.96e-04 bin=0.008 S_flip=0.213 t=66s
[P700_h120_pad0.040_s333] it  71 J=0.15649 A_min=0.1482 A_mean=0.1578 |g|=5.83e-04 bin=0.007 S_flip=0.214 t=67s
[P700_h120_pad0.040_s333] it  72 J=0.15651 A_min=0.1483 A_mean=0.1578 |g|=5.70e-04 bin=0.006 S_flip=0.216 t=68s
[P700_h120_pad0.040_s333] it  73 J=0.15652 A_min=0.1483 A_mean=0.1579 |g|=5.58e-04 bin=0.006 S_flip=0.217 t=69s
[P700_h120_pad0.040_s333] it  74 J=0.15654 A_min=0.1483 A_mean=0.1579 |g|=5.49e-04 bin=0.005 S_flip=0.218 t=70s
[P700_h120_pad0.040_s333] it  75 J=0.15655 A_min=0.1483 A_mean=0.1579 |g|=5.44e-04 bin=0.005 S_flip=0.219 t=70s
[P700_h120_pad0.040_s333] it  76 J=0.15656 A_min=0.1483 A_mean=0.1579 |g|=5.46e-04 bin=0.005 S_flip=0.219 t=71s
[P700_h120_pad0.040_s333] it  77 J=0.15657 A_min=0.1483 A_mean=0.1579 |g|=5.51e-04 bin=0.004 S_flip=0.220 t=72s
[P700_h120_pad0.040_s333] it  78 J=0.15658 A_min=0.1483 A_mean=0.1579 |g|=5.59e-04 bin=0.004 S_flip=0.221 t=73s
[P700_h120_pad0.040_s333] it  79 J=0.15659 A_min=0.1483 A_mean=0.1579 |g|=5.65e-04 bin=0.004 S_flip=0.221 t=74s
[P700_h120_pad0.040_s333] it  80 J=0.15659 A_min=0.1484 A_mean=0.1579 |g|=5.69e-04 bin=0.004 S_flip=0.222 t=75s
[P700_h120_pad0.040_s333] it  81 J=0.15660 A_min=0.1484 A_mean=0.1579 |g|=5.68e-04 bin=0.003 S_flip=0.222 t=76s
[P700_h120_pad0.040_s333] it  82 J=0.15661 A_min=0.1484 A_mean=0.1579 |g|=5.64e-04 bin=0.003 S_flip=0.223 t=77s
[P700_h120_pad0.040_s333] it  83 J=0.15661 A_min=0.1484 A_mean=0.1579 |g|=5.56e-04 bin=0.003 S_flip=0.223 t=78s
[P700_h120_pad0.040_s333] it  84 J=0.15662 A_min=0.1484 A_mean=0.1580 |g|=5.46e-04 bin=0.003 S_flip=0.223 t=79s
[P700_h120_pad0.040_s333] it  85 J=0.15662 A_min=0.1484 A_mean=0.1580 |g|=5.35e-04 bin=0.003 S_flip=0.224 t=80s
[P700_h120_pad0.040_s333] it  86 J=0.15663 A_min=0.1484 A_mean=0.1580 |g|=5.25e-04 bin=0.002 S_flip=0.224 t=80s
[P700_h120_pad0.040_s333] it  87 J=0.15663 A_min=0.1484 A_mean=0.1580 |g|=5.16e-04 bin=0.002 S_flip=0.224 t=81s
[P700_h120_pad0.040_s333] it  88 J=0.15663 A_min=0.1484 A_mean=0.1580 |g|=5.06e-04 bin=0.002 S_flip=0.225 t=82s
[P700_h120_pad0.040_s333] it  89 J=0.15663 A_min=0.1484 A_mean=0.1580 |g|=4.97e-04 bin=0.002 S_flip=0.225 t=83s
[P700_h120_pad0.040_s333] it  90 J=0.15664 A_min=0.1484 A_mean=0.1580 |g|=4.86e-04 bin=0.002 S_flip=0.225 t=84s
[P700_h120_pad0.040_s333] it  91 J=0.15664 A_min=0.1484 A_mean=0.1580 |g|=4.75e-04 bin=0.002 S_flip=0.225 t=85s
[P700_h120_pad0.040_s333] it  92 J=0.15664 A_min=0.1484 A_mean=0.1580 |g|=4.62e-04 bin=0.001 S_flip=0.226 t=86s
[P700_h120_pad0.040_s333] it  93 J=0.15664 A_min=0.1484 A_mean=0.1580 |g|=4.50e-04 bin=0.001 S_flip=0.226 t=87s
[P700_h120_pad0.040_s333] it  94 J=0.15664 A_min=0.1484 A_mean=0.1580 |g|=4.38e-04 bin=0.001 S_flip=0.226 t=88s
[P700_h120_pad0.040_s333] it  95 J=0.15664 A_min=0.1484 A_mean=0.1580 |g|=4.27e-04 bin=0.001 S_flip=0.226 t=89s
[P700_h120_pad0.040_s333] it  96 J=0.15664 A_min=0.1484 A_mean=0.1580 |g|=4.17e-04 bin=0.001 S_flip=0.226 t=90s
[P700_h120_pad0.040_s333] it  97 J=0.15664 A_min=0.1484 A_mean=0.1580 |g|=4.08e-04 bin=0.001 S_flip=0.227 t=91s
[P700_h120_pad0.040_s333] it  98 J=0.15664 A_min=0.1484 A_mean=0.1580 |g|=3.99e-04 bin=0.001 S_flip=0.227 t=92s
[P700_h120_pad0.040_s333] it  99 J=0.15664 A_min=0.1484 A_mean=0.1580 |g|=3.92e-04 bin=0.001 S_flip=0.227 t=93s
[P700_h120_pad0.040_s333] done: J_soft=0.15664 J_hard=0.15664 A_hard=[0.1484, 0.1769, 0.1486] S_flip=0.228 wall=94s
[P700_h120_pad0.040_s1001] it   0 J=0.06908 A_min=0.0622 A_mean=0.0699 |g|=1.22e-03 bin=0.793 S_flip=0.056 t=1s
[P700_h120_pad0.040_s1001] it   1 J=0.06979 A_min=0.0629 A_mean=0.0706 |g|=1.28e-03 bin=0.790 S_flip=0.057 t=2s
[P700_h120_pad0.040_s1001] it   2 J=0.07057 A_min=0.0637 A_mean=0.0714 |g|=1.34e-03 bin=0.786 S_flip=0.058 t=3s
[P700_h120_pad0.040_s1001] it   3 J=0.07144 A_min=0.0645 A_mean=0.0723 |g|=1.40e-03 bin=0.782 S_flip=0.060 t=4s
[P700_h120_pad0.040_s1001] it   4 J=0.07241 A_min=0.0655 A_mean=0.0733 |g|=1.47e-03 bin=0.778 S_flip=0.062 t=5s
[P700_h120_pad0.040_s1001] it   5 J=0.07347 A_min=0.0665 A_mean=0.0743 |g|=1.56e-03 bin=0.773 S_flip=0.063 t=6s
[P700_h120_pad0.040_s1001] it   6 J=0.07465 A_min=0.0677 A_mean=0.0755 |g|=1.65e-03 bin=0.767 S_flip=0.066 t=6s
[P700_h120_pad0.040_s1001] it   7 J=0.07594 A_min=0.0689 A_mean=0.0768 |g|=1.75e-03 bin=0.761 S_flip=0.068 t=7s
[P700_h120_pad0.040_s1001] it   8 J=0.07736 A_min=0.0703 A_mean=0.0782 |g|=1.86e-03 bin=0.754 S_flip=0.070 t=8s
[P700_h120_pad0.040_s1001] it   9 J=0.07892 A_min=0.0718 A_mean=0.0798 |g|=1.99e-03 bin=0.746 S_flip=0.073 t=9s
[P700_h120_pad0.040_s1001] it  10 J=0.08063 A_min=0.0735 A_mean=0.0815 |g|=2.14e-03 bin=0.738 S_flip=0.075 t=10s
[P700_h120_pad0.040_s1001] it  11 J=0.08250 A_min=0.0753 A_mean=0.0834 |g|=2.30e-03 bin=0.729 S_flip=0.078 t=11s
[P700_h120_pad0.040_s1001] it  12 J=0.08453 A_min=0.0773 A_mean=0.0854 |g|=2.48e-03 bin=0.719 S_flip=0.080 t=12s
[P700_h120_pad0.040_s1001] it  13 J=0.08676 A_min=0.0795 A_mean=0.0877 |g|=2.68e-03 bin=0.708 S_flip=0.083 t=13s
[P700_h120_pad0.040_s1001] it  14 J=0.08918 A_min=0.0819 A_mean=0.0901 |g|=2.89e-03 bin=0.696 S_flip=0.086 t=14s
[P700_h120_pad0.040_s1001] it  15 J=0.09183 A_min=0.0844 A_mean=0.0928 |g|=3.12e-03 bin=0.683 S_flip=0.088 t=14s
[P700_h120_pad0.040_s1001] it  16 J=0.09472 A_min=0.0873 A_mean=0.0957 |g|=3.35e-03 bin=0.668 S_flip=0.091 t=15s
[P700_h120_pad0.040_s1001] it  17 J=0.09787 A_min=0.0903 A_mean=0.0988 |g|=3.58e-03 bin=0.650 S_flip=0.092 t=16s
[P700_h120_pad0.040_s1001] it  18 J=0.10131 A_min=0.0937 A_mean=0.1023 |g|=3.78e-03 bin=0.631 S_flip=0.094 t=17s
[P700_h120_pad0.040_s1001] it  19 J=0.10502 A_min=0.0973 A_mean=0.1060 |g|=3.95e-03 bin=0.608 S_flip=0.095 t=18s
[P700_h120_pad0.040_s1001] it  20 J=0.10900 A_min=0.1012 A_mean=0.1100 |g|=4.06e-03 bin=0.582 S_flip=0.095 t=19s
[P700_h120_pad0.040_s1001] it  21 J=0.11318 A_min=0.1053 A_mean=0.1142 |g|=4.09e-03 bin=0.552 S_flip=0.095 t=20s
[P700_h120_pad0.040_s1001] it  22 J=0.11750 A_min=0.1095 A_mean=0.1186 |g|=4.02e-03 bin=0.518 S_flip=0.094 t=21s
[P700_h120_pad0.040_s1001] it  23 J=0.12183 A_min=0.1137 A_mean=0.1229 |g|=3.86e-03 bin=0.480 S_flip=0.094 t=22s
[P700_h120_pad0.040_s1001] it  24 J=0.12606 A_min=0.1178 A_mean=0.1272 |g|=3.61e-03 bin=0.440 S_flip=0.093 t=23s
[P700_h120_pad0.040_s1001] it  25 J=0.13007 A_min=0.1217 A_mean=0.1312 |g|=3.31e-03 bin=0.399 S_flip=0.092 t=23s
[P700_h120_pad0.040_s1001] it  26 J=0.13375 A_min=0.1253 A_mean=0.1349 |g|=2.98e-03 bin=0.358 S_flip=0.092 t=24s
[P700_h120_pad0.040_s1001] it  27 J=0.13703 A_min=0.1286 A_mean=0.1382 |g|=2.65e-03 bin=0.319 S_flip=0.092 t=25s
[P700_h120_pad0.040_s1001] it  28 J=0.13991 A_min=0.1314 A_mean=0.1411 |g|=2.35e-03 bin=0.282 S_flip=0.093 t=26s
[P700_h120_pad0.040_s1001] it  29 J=0.14237 A_min=0.1338 A_mean=0.1436 |g|=2.10e-03 bin=0.249 S_flip=0.094 t=27s
[P700_h120_pad0.040_s1001] it  30 J=0.14446 A_min=0.1359 A_mean=0.1457 |g|=1.89e-03 bin=0.219 S_flip=0.096 t=28s
[P700_h120_pad0.040_s1001] it  31 J=0.14621 A_min=0.1377 A_mean=0.1474 |g|=1.72e-03 bin=0.193 S_flip=0.098 t=29s
[P700_h120_pad0.040_s1001] it  32 J=0.14768 A_min=0.1392 A_mean=0.1489 |g|=1.59e-03 bin=0.171 S_flip=0.100 t=30s
[P700_h120_pad0.040_s1001] it  33 J=0.14891 A_min=0.1404 A_mean=0.1502 |g|=1.48e-03 bin=0.151 S_flip=0.102 t=31s
[P700_h120_pad0.040_s1001] it  34 J=0.14994 A_min=0.1415 A_mean=0.1512 |g|=1.38e-03 bin=0.135 S_flip=0.105 t=32s
[P700_h120_pad0.040_s1001] it  35 J=0.15080 A_min=0.1423 A_mean=0.1521 |g|=1.30e-03 bin=0.120 S_flip=0.108 t=32s
[P700_h120_pad0.040_s1001] it  36 J=0.15154 A_min=0.1431 A_mean=0.1528 |g|=1.23e-03 bin=0.108 S_flip=0.111 t=33s
[P700_h120_pad0.040_s1001] it  37 J=0.15216 A_min=0.1437 A_mean=0.1534 |g|=1.17e-03 bin=0.098 S_flip=0.114 t=34s
[P700_h120_pad0.040_s1001] it  38 J=0.15269 A_min=0.1443 A_mean=0.1540 |g|=1.12e-03 bin=0.089 S_flip=0.117 t=35s
[P700_h120_pad0.040_s1001] it  39 J=0.15315 A_min=0.1448 A_mean=0.1544 |g|=1.07e-03 bin=0.081 S_flip=0.120 t=36s
[P700_h120_pad0.040_s1001] it  40 J=0.15355 A_min=0.1452 A_mean=0.1548 |g|=1.03e-03 bin=0.074 S_flip=0.123 t=37s
[P700_h120_pad0.040_s1001] it  41 J=0.15389 A_min=0.1455 A_mean=0.1552 |g|=9.86e-04 bin=0.067 S_flip=0.126 t=38s
[P700_h120_pad0.040_s1001] it  42 J=0.15419 A_min=0.1458 A_mean=0.1555 |g|=9.51e-04 bin=0.062 S_flip=0.129 t=39s
[P700_h120_pad0.040_s1001] it  43 J=0.15445 A_min=0.1461 A_mean=0.1558 |g|=9.18e-04 bin=0.057 S_flip=0.132 t=40s
[P700_h120_pad0.040_s1001] it  44 J=0.15468 A_min=0.1463 A_mean=0.1560 |g|=8.88e-04 bin=0.052 S_flip=0.135 t=40s
[P700_h120_pad0.040_s1001] it  45 J=0.15488 A_min=0.1465 A_mean=0.1562 |g|=8.61e-04 bin=0.048 S_flip=0.138 t=41s
[P700_h120_pad0.040_s1001] it  46 J=0.15506 A_min=0.1467 A_mean=0.1564 |g|=8.37e-04 bin=0.045 S_flip=0.141 t=42s
[P700_h120_pad0.040_s1001] it  47 J=0.15522 A_min=0.1469 A_mean=0.1565 |g|=8.14e-04 bin=0.041 S_flip=0.144 t=43s
[P700_h120_pad0.040_s1001] it  48 J=0.15536 A_min=0.1470 A_mean=0.1567 |g|=7.93e-04 bin=0.038 S_flip=0.146 t=44s
[P700_h120_pad0.040_s1001] it  49 J=0.15548 A_min=0.1472 A_mean=0.1568 |g|=7.73e-04 bin=0.035 S_flip=0.149 t=45s
[P700_h120_pad0.040_s1001] it  50 J=0.15560 A_min=0.1473 A_mean=0.1569 |g|=7.55e-04 bin=0.033 S_flip=0.151 t=46s
[P700_h120_pad0.040_s1001] it  51 J=0.15570 A_min=0.1474 A_mean=0.1570 |g|=7.39e-04 bin=0.031 S_flip=0.153 t=47s
[P700_h120_pad0.040_s1001] it  52 J=0.15579 A_min=0.1475 A_mean=0.1571 |g|=7.24e-04 bin=0.028 S_flip=0.155 t=48s
[P700_h120_pad0.040_s1001] it  53 J=0.15587 A_min=0.1476 A_mean=0.1572 |g|=7.10e-04 bin=0.026 S_flip=0.157 t=49s
[P700_h120_pad0.040_s1001] it  54 J=0.15595 A_min=0.1477 A_mean=0.1573 |g|=6.97e-04 bin=0.025 S_flip=0.159 t=49s
[P700_h120_pad0.040_s1001] it  55 J=0.15602 A_min=0.1477 A_mean=0.1573 |g|=6.85e-04 bin=0.023 S_flip=0.161 t=50s
[P700_h120_pad0.040_s1001] it  56 J=0.15608 A_min=0.1478 A_mean=0.1574 |g|=6.75e-04 bin=0.021 S_flip=0.163 t=51s
[P700_h120_pad0.040_s1001] it  57 J=0.15613 A_min=0.1478 A_mean=0.1575 |g|=6.66e-04 bin=0.020 S_flip=0.164 t=52s
[P700_h120_pad0.040_s1001] it  58 J=0.15619 A_min=0.1479 A_mean=0.1575 |g|=6.57e-04 bin=0.018 S_flip=0.166 t=53s
[P700_h120_pad0.040_s1001] it  59 J=0.15623 A_min=0.1480 A_mean=0.1576 |g|=6.50e-04 bin=0.017 S_flip=0.167 t=54s
[P700_h120_pad0.040_s1001] it  60 J=0.15628 A_min=0.1480 A_mean=0.1576 |g|=6.45e-04 bin=0.016 S_flip=0.169 t=55s
[P700_h120_pad0.040_s1001] it  61 J=0.15632 A_min=0.1480 A_mean=0.1577 |g|=6.40e-04 bin=0.015 S_flip=0.170 t=56s
[P700_h120_pad0.040_s1001] it  62 J=0.15635 A_min=0.1481 A_mean=0.1577 |g|=6.36e-04 bin=0.014 S_flip=0.171 t=57s
[P700_h120_pad0.040_s1001] it  63 J=0.15639 A_min=0.1481 A_mean=0.1577 |g|=6.33e-04 bin=0.013 S_flip=0.173 t=58s
[P700_h120_pad0.040_s1001] it  64 J=0.15642 A_min=0.1482 A_mean=0.1578 |g|=6.31e-04 bin=0.012 S_flip=0.174 t=59s
[P700_h120_pad0.040_s1001] it  65 J=0.15645 A_min=0.1482 A_mean=0.1578 |g|=6.29e-04 bin=0.011 S_flip=0.175 t=60s
[P700_h120_pad0.040_s1001] it  66 J=0.15648 A_min=0.1482 A_mean=0.1578 |g|=6.26e-04 bin=0.010 S_flip=0.176 t=61s
[P700_h120_pad0.040_s1001] it  67 J=0.15650 A_min=0.1482 A_mean=0.1578 |g|=6.23e-04 bin=0.010 S_flip=0.177 t=62s
[P700_h120_pad0.040_s1001] it  68 J=0.15652 A_min=0.1483 A_mean=0.1579 |g|=6.19e-04 bin=0.009 S_flip=0.178 t=62s
[P700_h120_pad0.040_s1001] it  69 J=0.15655 A_min=0.1483 A_mean=0.1579 |g|=6.15e-04 bin=0.008 S_flip=0.179 t=63s
[P700_h120_pad0.040_s1001] it  70 J=0.15657 A_min=0.1483 A_mean=0.1579 |g|=6.09e-04 bin=0.008 S_flip=0.180 t=64s
[P700_h120_pad0.040_s1001] it  71 J=0.15658 A_min=0.1483 A_mean=0.1579 |g|=6.05e-04 bin=0.007 S_flip=0.181 t=65s
[P700_h120_pad0.040_s1001] it  72 J=0.15660 A_min=0.1483 A_mean=0.1579 |g|=6.01e-04 bin=0.007 S_flip=0.182 t=66s
[P700_h120_pad0.040_s1001] it  73 J=0.15662 A_min=0.1484 A_mean=0.1580 |g|=6.01e-04 bin=0.006 S_flip=0.183 t=67s
[P700_h120_pad0.040_s1001] it  74 J=0.15663 A_min=0.1484 A_mean=0.1580 |g|=6.03e-04 bin=0.006 S_flip=0.183 t=68s
[P700_h120_pad0.040_s1001] it  75 J=0.15664 A_min=0.1484 A_mean=0.1580 |g|=6.10e-04 bin=0.005 S_flip=0.184 t=69s
[P700_h120_pad0.040_s1001] it  76 J=0.15665 A_min=0.1484 A_mean=0.1580 |g|=6.19e-04 bin=0.005 S_flip=0.185 t=70s
[P700_h120_pad0.040_s1001] it  77 J=0.15667 A_min=0.1484 A_mean=0.1580 |g|=6.28e-04 bin=0.005 S_flip=0.186 t=71s
[P700_h120_pad0.040_s1001] it  78 J=0.15668 A_min=0.1484 A_mean=0.1580 |g|=6.36e-04 bin=0.004 S_flip=0.186 t=72s
[P700_h120_pad0.040_s1001] it  79 J=0.15669 A_min=0.1484 A_mean=0.1580 |g|=6.40e-04 bin=0.004 S_flip=0.187 t=73s
[P700_h120_pad0.040_s1001] it  80 J=0.15669 A_min=0.1485 A_mean=0.1580 |g|=6.38e-04 bin=0.004 S_flip=0.188 t=73s
[P700_h120_pad0.040_s1001] it  81 J=0.15670 A_min=0.1485 A_mean=0.1580 |g|=6.30e-04 bin=0.003 S_flip=0.188 t=74s
[P700_h120_pad0.040_s1001] it  82 J=0.15671 A_min=0.1485 A_mean=0.1581 |g|=6.18e-04 bin=0.003 S_flip=0.189 t=75s
[P700_h120_pad0.040_s1001] it  83 J=0.15672 A_min=0.1485 A_mean=0.1581 |g|=6.08e-04 bin=0.003 S_flip=0.190 t=76s
[P700_h120_pad0.040_s1001] it  84 J=0.15672 A_min=0.1485 A_mean=0.1581 |g|=6.00e-04 bin=0.003 S_flip=0.190 t=77s
[P700_h120_pad0.040_s1001] it  85 J=0.15673 A_min=0.1485 A_mean=0.1581 |g|=5.99e-04 bin=0.002 S_flip=0.191 t=78s
[P700_h120_pad0.040_s1001] it  86 J=0.15673 A_min=0.1485 A_mean=0.1581 |g|=6.02e-04 bin=0.002 S_flip=0.192 t=79s
[P700_h120_pad0.040_s1001] it  87 J=0.15673 A_min=0.1485 A_mean=0.1581 |g|=6.09e-04 bin=0.002 S_flip=0.192 t=80s
[P700_h120_pad0.040_s1001] it  88 J=0.15674 A_min=0.1485 A_mean=0.1581 |g|=6.19e-04 bin=0.002 S_flip=0.193 t=81s
[P700_h120_pad0.040_s1001] it  89 J=0.15674 A_min=0.1485 A_mean=0.1581 |g|=6.29e-04 bin=0.002 S_flip=0.194 t=82s
[P700_h120_pad0.040_s1001] it  90 J=0.15674 A_min=0.1485 A_mean=0.1581 |g|=6.39e-04 bin=0.002 S_flip=0.194 t=83s
[P700_h120_pad0.040_s1001] it  91 J=0.15674 A_min=0.1485 A_mean=0.1581 |g|=6.49e-04 bin=0.001 S_flip=0.195 t=84s
[P700_h120_pad0.040_s1001] it  92 J=0.15675 A_min=0.1485 A_mean=0.1581 |g|=6.58e-04 bin=0.001 S_flip=0.195 t=85s
[P700_h120_pad0.040_s1001] it  93 J=0.15675 A_min=0.1485 A_mean=0.1581 |g|=6.66e-04 bin=0.001 S_flip=0.195 t=86s
[P700_h120_pad0.040_s1001] it  94 J=0.15675 A_min=0.1485 A_mean=0.1581 |g|=6.75e-04 bin=0.001 S_flip=0.196 t=86s
[P700_h120_pad0.040_s1001] it  95 J=0.15675 A_min=0.1485 A_mean=0.1581 |g|=6.83e-04 bin=0.001 S_flip=0.196 t=87s
[P700_h120_pad0.040_s1001] it  96 J=0.15675 A_min=0.1485 A_mean=0.1581 |g|=6.92e-04 bin=0.001 S_flip=0.196 t=88s
[P700_h120_pad0.040_s1001] it  97 J=0.15675 A_min=0.1485 A_mean=0.1581 |g|=7.00e-04 bin=0.001 S_flip=0.197 t=89s
[P700_h120_pad0.040_s1001] it  98 J=0.15675 A_min=0.1485 A_mean=0.1581 |g|=7.10e-04 bin=0.001 S_flip=0.197 t=90s
[P700_h120_pad0.040_s1001] it  99 J=0.15675 A_min=0.1485 A_mean=0.1581 |g|=7.19e-04 bin=0.001 S_flip=0.197 t=91s
[P700_h120_pad0.040_s1001] done: J_soft=0.15675 J_hard=0.15675 A_hard=[0.1485, 0.1771, 0.1487] S_flip=0.199 wall=92s
[P700_h120_pad0.040_s7777] it   0 J=0.06987 A_min=0.0630 A_mean=0.0707 |g|=1.26e-03 bin=0.793 S_flip=0.050 t=1s
[P700_h120_pad0.040_s7777] it   1 J=0.07064 A_min=0.0638 A_mean=0.0715 |g|=1.31e-03 bin=0.789 S_flip=0.051 t=2s
[P700_h120_pad0.040_s7777] it   2 J=0.07149 A_min=0.0646 A_mean=0.0723 |g|=1.37e-03 bin=0.786 S_flip=0.052 t=3s
[P700_h120_pad0.040_s7777] it   3 J=0.07244 A_min=0.0655 A_mean=0.0733 |g|=1.44e-03 bin=0.782 S_flip=0.054 t=4s
[P700_h120_pad0.040_s7777] it   4 J=0.07349 A_min=0.0665 A_mean=0.0743 |g|=1.51e-03 bin=0.777 S_flip=0.055 t=5s
[P700_h120_pad0.040_s7777] it   5 J=0.07465 A_min=0.0677 A_mean=0.0755 |g|=1.60e-03 bin=0.772 S_flip=0.057 t=6s
[P700_h120_pad0.040_s7777] it   6 J=0.07594 A_min=0.0689 A_mean=0.0768 |g|=1.69e-03 bin=0.766 S_flip=0.058 t=7s
[P700_h120_pad0.040_s7777] it   7 J=0.07736 A_min=0.0703 A_mean=0.0782 |g|=1.79e-03 bin=0.759 S_flip=0.060 t=8s
[P700_h120_pad0.040_s7777] it   8 J=0.07893 A_min=0.0718 A_mean=0.0798 |g|=1.91e-03 bin=0.752 S_flip=0.062 t=9s
[P700_h120_pad0.040_s7777] it   9 J=0.08065 A_min=0.0735 A_mean=0.0815 |g|=2.03e-03 bin=0.744 S_flip=0.064 t=9s
[P700_h120_pad0.040_s7777] it  10 J=0.08254 A_min=0.0754 A_mean=0.0834 |g|=2.17e-03 bin=0.735 S_flip=0.066 t=10s
[P700_h120_pad0.040_s7777] it  11 J=0.08460 A_min=0.0774 A_mean=0.0855 |g|=2.33e-03 bin=0.725 S_flip=0.068 t=11s
[P700_h120_pad0.040_s7777] it  12 J=0.08685 A_min=0.0796 A_mean=0.0878 |g|=2.50e-03 bin=0.714 S_flip=0.070 t=12s
[P700_h120_pad0.040_s7777] it  13 J=0.08930 A_min=0.0820 A_mean=0.0902 |g|=2.68e-03 bin=0.701 S_flip=0.073 t=13s
[P700_h120_pad0.040_s7777] it  14 J=0.09195 A_min=0.0845 A_mean=0.0929 |g|=2.87e-03 bin=0.688 S_flip=0.075 t=14s
[P700_h120_pad0.040_s7777] it  15 J=0.09482 A_min=0.0873 A_mean=0.0958 |g|=3.07e-03 bin=0.672 S_flip=0.077 t=15s
[P700_h120_pad0.040_s7777] it  16 J=0.09793 A_min=0.0904 A_mean=0.0989 |g|=3.27e-03 bin=0.655 S_flip=0.078 t=16s
[P700_h120_pad0.040_s7777] it  17 J=0.10128 A_min=0.0936 A_mean=0.1023 |g|=3.45e-03 bin=0.635 S_flip=0.080 t=17s
[P700_h120_pad0.040_s7777] it  18 J=0.10485 A_min=0.0971 A_mean=0.1058 |g|=3.60e-03 bin=0.613 S_flip=0.081 t=18s
[P700_h120_pad0.040_s7777] it  19 J=0.10864 A_min=0.1008 A_mean=0.1097 |g|=3.71e-03 bin=0.587 S_flip=0.081 t=19s
[P700_h120_pad0.040_s7777] it  20 J=0.11260 A_min=0.1046 A_mean=0.1136 |g|=3.75e-03 bin=0.558 S_flip=0.081 t=20s
[P700_h120_pad0.040_s7777] it  21 J=0.11667 A_min=0.1086 A_mean=0.1177 |g|=3.72e-03 bin=0.526 S_flip=0.081 t=20s
[P700_h120_pad0.040_s7777] it  22 J=0.12076 A_min=0.1125 A_mean=0.1218 |g|=3.61e-03 bin=0.491 S_flip=0.080 t=21s
[P700_h120_pad0.040_s7777] it  23 J=0.12477 A_min=0.1164 A_mean=0.1259 |g|=3.43e-03 bin=0.453 S_flip=0.079 t=22s
[P700_h120_pad0.040_s7777] it  24 J=0.12860 A_min=0.1202 A_mean=0.1297 |g|=3.18e-03 bin=0.414 S_flip=0.078 t=23s
[P700_h120_pad0.040_s7777] it  25 J=0.13216 A_min=0.1236 A_mean=0.1333 |g|=2.90e-03 bin=0.375 S_flip=0.077 t=24s
[P700_h120_pad0.040_s7777] it  26 J=0.13539 A_min=0.1268 A_mean=0.1365 |g|=2.61e-03 bin=0.337 S_flip=0.077 t=25s
[P700_h120_pad0.040_s7777] it  27 J=0.13825 A_min=0.1296 A_mean=0.1394 |g|=2.34e-03 bin=0.300 S_flip=0.077 t=26s
[P700_h120_pad0.040_s7777] it  28 J=0.14073 A_min=0.1321 A_mean=0.1419 |g|=2.10e-03 bin=0.266 S_flip=0.077 t=27s
[P700_h120_pad0.040_s7777] it  29 J=0.14285 A_min=0.1342 A_mean=0.1440 |g|=1.90e-03 bin=0.236 S_flip=0.078 t=28s
[P700_h120_pad0.040_s7777] it  30 J=0.14465 A_min=0.1360 A_mean=0.1458 |g|=1.74e-03 bin=0.208 S_flip=0.079 t=29s
[P700_h120_pad0.040_s7777] it  31 J=0.14617 A_min=0.1375 A_mean=0.1474 |g|=1.62e-03 bin=0.185 S_flip=0.081 t=30s
[P700_h120_pad0.040_s7777] it  32 J=0.14745 A_min=0.1388 A_mean=0.1487 |g|=1.53e-03 bin=0.164 S_flip=0.082 t=30s
[P700_h120_pad0.040_s7777] it  33 J=0.14853 A_min=0.1399 A_mean=0.1498 |g|=1.45e-03 bin=0.146 S_flip=0.084 t=31s
[P700_h120_pad0.040_s7777] it  34 J=0.14945 A_min=0.1409 A_mean=0.1507 |g|=1.39e-03 bin=0.131 S_flip=0.086 t=32s
[P700_h120_pad0.040_s7777] it  35 J=0.15024 A_min=0.1417 A_mean=0.1515 |g|=1.34e-03 bin=0.117 S_flip=0.088 t=33s
[P700_h120_pad0.040_s7777] it  36 J=0.15091 A_min=0.1424 A_mean=0.1522 |g|=1.29e-03 bin=0.106 S_flip=0.091 t=34s
[P700_h120_pad0.040_s7777] it  37 J=0.15150 A_min=0.1430 A_mean=0.1528 |g|=1.25e-03 bin=0.096 S_flip=0.093 t=35s
[P700_h120_pad0.040_s7777] it  38 J=0.15200 A_min=0.1435 A_mean=0.1533 |g|=1.20e-03 bin=0.087 S_flip=0.095 t=36s
[P700_h120_pad0.040_s7777] it  39 J=0.15245 A_min=0.1439 A_mean=0.1537 |g|=1.16e-03 bin=0.079 S_flip=0.098 t=37s
[P700_h120_pad0.040_s7777] it  40 J=0.15284 A_min=0.1443 A_mean=0.1541 |g|=1.12e-03 bin=0.072 S_flip=0.100 t=38s
[P700_h120_pad0.040_s7777] it  41 J=0.15318 A_min=0.1447 A_mean=0.1545 |g|=1.08e-03 bin=0.066 S_flip=0.103 t=39s
[P700_h120_pad0.040_s7777] it  42 J=0.15348 A_min=0.1450 A_mean=0.1548 |g|=1.05e-03 bin=0.061 S_flip=0.105 t=40s
[P700_h120_pad0.040_s7777] it  43 J=0.15375 A_min=0.1453 A_mean=0.1550 |g|=1.01e-03 bin=0.056 S_flip=0.107 t=41s
[P700_h120_pad0.040_s7777] it  44 J=0.15399 A_min=0.1455 A_mean=0.1553 |g|=9.78e-04 bin=0.052 S_flip=0.110 t=42s
[P700_h120_pad0.040_s7777] it  45 J=0.15420 A_min=0.1457 A_mean=0.1555 |g|=9.46e-04 bin=0.048 S_flip=0.112 t=43s
[P700_h120_pad0.040_s7777] it  46 J=0.15439 A_min=0.1459 A_mean=0.1557 |g|=9.16e-04 bin=0.044 S_flip=0.115 t=44s
[P700_h120_pad0.040_s7777] it  47 J=0.15456 A_min=0.1461 A_mean=0.1558 |g|=8.88e-04 bin=0.041 S_flip=0.117 t=45s
[P700_h120_pad0.040_s7777] it  48 J=0.15471 A_min=0.1463 A_mean=0.1560 |g|=8.62e-04 bin=0.038 S_flip=0.120 t=46s
[P700_h120_pad0.040_s7777] it  49 J=0.15484 A_min=0.1464 A_mean=0.1561 |g|=8.38e-04 bin=0.035 S_flip=0.122 t=47s
[P700_h120_pad0.040_s7777] it  50 J=0.15497 A_min=0.1465 A_mean=0.1563 |g|=8.15e-04 bin=0.033 S_flip=0.124 t=48s
[P700_h120_pad0.040_s7777] it  51 J=0.15508 A_min=0.1467 A_mean=0.1564 |g|=7.94e-04 bin=0.030 S_flip=0.126 t=49s
[P700_h120_pad0.040_s7777] it  52 J=0.15518 A_min=0.1468 A_mean=0.1565 |g|=7.75e-04 bin=0.028 S_flip=0.128 t=50s
[P700_h120_pad0.040_s7777] it  53 J=0.15526 A_min=0.1468 A_mean=0.1566 |g|=7.57e-04 bin=0.026 S_flip=0.130 t=51s
[P700_h120_pad0.040_s7777] it  54 J=0.15535 A_min=0.1469 A_mean=0.1566 |g|=7.40e-04 bin=0.024 S_flip=0.132 t=52s
[P700_h120_pad0.040_s7777] it  55 J=0.15542 A_min=0.1470 A_mean=0.1567 |g|=7.25e-04 bin=0.023 S_flip=0.134 t=53s
[P700_h120_pad0.040_s7777] it  56 J=0.15549 A_min=0.1471 A_mean=0.1568 |g|=7.11e-04 bin=0.021 S_flip=0.136 t=54s
[P700_h120_pad0.040_s7777] it  57 J=0.15555 A_min=0.1471 A_mean=0.1568 |g|=6.97e-04 bin=0.020 S_flip=0.138 t=55s
[P700_h120_pad0.040_s7777] it  58 J=0.15560 A_min=0.1472 A_mean=0.1569 |g|=6.85e-04 bin=0.018 S_flip=0.140 t=56s
[P700_h120_pad0.040_s7777] it  59 J=0.15566 A_min=0.1473 A_mean=0.1569 |g|=6.74e-04 bin=0.017 S_flip=0.142 t=57s
[P700_h120_pad0.040_s7777] it  60 J=0.15570 A_min=0.1473 A_mean=0.1570 |g|=6.64e-04 bin=0.016 S_flip=0.144 t=58s
[P700_h120_pad0.040_s7777] it  61 J=0.15574 A_min=0.1473 A_mean=0.1570 |g|=6.55e-04 bin=0.015 S_flip=0.145 t=59s
[P700_h120_pad0.040_s7777] it  62 J=0.15578 A_min=0.1474 A_mean=0.1571 |g|=6.47e-04 bin=0.014 S_flip=0.147 t=60s
[P700_h120_pad0.040_s7777] it  63 J=0.15582 A_min=0.1474 A_mean=0.1571 |g|=6.39e-04 bin=0.013 S_flip=0.149 t=61s
[P700_h120_pad0.040_s7777] it  64 J=0.15585 A_min=0.1475 A_mean=0.1572 |g|=6.33e-04 bin=0.012 S_flip=0.150 t=62s
[P700_h120_pad0.040_s7777] it  65 J=0.15588 A_min=0.1475 A_mean=0.1572 |g|=6.27e-04 bin=0.011 S_flip=0.151 t=63s
[P700_h120_pad0.040_s7777] it  66 J=0.15591 A_min=0.1475 A_mean=0.1572 |g|=6.21e-04 bin=0.010 S_flip=0.152 t=64s
[P700_h120_pad0.040_s7777] it  67 J=0.15594 A_min=0.1475 A_mean=0.1572 |g|=6.17e-04 bin=0.010 S_flip=0.154 t=65s
[P700_h120_pad0.040_s7777] it  68 J=0.15596 A_min=0.1476 A_mean=0.1573 |g|=6.13e-04 bin=0.009 S_flip=0.155 t=65s
[P700_h120_pad0.040_s7777] it  69 J=0.15598 A_min=0.1476 A_mean=0.1573 |g|=6.10e-04 bin=0.008 S_flip=0.156 t=66s
[P700_h120_pad0.040_s7777] it  70 J=0.15600 A_min=0.1476 A_mean=0.1573 |g|=6.07e-04 bin=0.008 S_flip=0.157 t=67s
[P700_h120_pad0.040_s7777] it  71 J=0.15602 A_min=0.1476 A_mean=0.1573 |g|=6.06e-04 bin=0.007 S_flip=0.157 t=68s
[P700_h120_pad0.040_s7777] it  72 J=0.15604 A_min=0.1477 A_mean=0.1573 |g|=6.04e-04 bin=0.007 S_flip=0.158 t=69s
[P700_h120_pad0.040_s7777] it  73 J=0.15605 A_min=0.1477 A_mean=0.1574 |g|=6.03e-04 bin=0.006 S_flip=0.159 t=70s
[P700_h120_pad0.040_s7777] it  74 J=0.15607 A_min=0.1477 A_mean=0.1574 |g|=6.00e-04 bin=0.006 S_flip=0.159 t=71s
[P700_h120_pad0.040_s7777] it  75 J=0.15608 A_min=0.1477 A_mean=0.1574 |g|=5.96e-04 bin=0.005 S_flip=0.160 t=72s
[P700_h120_pad0.040_s7777] it  76 J=0.15609 A_min=0.1477 A_mean=0.1574 |g|=5.90e-04 bin=0.005 S_flip=0.160 t=73s
[P700_h120_pad0.040_s7777] it  77 J=0.15610 A_min=0.1477 A_mean=0.1574 |g|=5.83e-04 bin=0.005 S_flip=0.161 t=74s
[P700_h120_pad0.040_s7777] it  78 J=0.15611 A_min=0.1477 A_mean=0.1574 |g|=5.75e-04 bin=0.004 S_flip=0.162 t=75s
[P700_h120_pad0.040_s7777] it  79 J=0.15612 A_min=0.1477 A_mean=0.1574 |g|=5.68e-04 bin=0.004 S_flip=0.162 t=76s
[P700_h120_pad0.040_s7777] it  80 J=0.15613 A_min=0.1478 A_mean=0.1574 |g|=5.61e-04 bin=0.004 S_flip=0.163 t=77s
[P700_h120_pad0.040_s7777] it  81 J=0.15614 A_min=0.1478 A_mean=0.1574 |g|=5.55e-04 bin=0.003 S_flip=0.163 t=78s
[P700_h120_pad0.040_s7777] it  82 J=0.15614 A_min=0.1478 A_mean=0.1574 |g|=5.52e-04 bin=0.003 S_flip=0.164 t=79s
[P700_h120_pad0.040_s7777] it  83 J=0.15615 A_min=0.1478 A_mean=0.1575 |g|=5.51e-04 bin=0.003 S_flip=0.164 t=79s
[P700_h120_pad0.040_s7777] it  84 J=0.15615 A_min=0.1478 A_mean=0.1575 |g|=5.52e-04 bin=0.003 S_flip=0.165 t=80s
[P700_h120_pad0.040_s7777] it  85 J=0.15616 A_min=0.1478 A_mean=0.1575 |g|=5.55e-04 bin=0.002 S_flip=0.165 t=81s
[P700_h120_pad0.040_s7777] it  86 J=0.15616 A_min=0.1478 A_mean=0.1575 |g|=5.61e-04 bin=0.002 S_flip=0.165 t=82s
[P700_h120_pad0.040_s7777] it  87 J=0.15617 A_min=0.1478 A_mean=0.1575 |g|=5.69e-04 bin=0.002 S_flip=0.166 t=83s
[P700_h120_pad0.040_s7777] it  88 J=0.15617 A_min=0.1478 A_mean=0.1575 |g|=5.81e-04 bin=0.002 S_flip=0.166 t=84s
[P700_h120_pad0.040_s7777] it  89 J=0.15617 A_min=0.1478 A_mean=0.1575 |g|=5.95e-04 bin=0.002 S_flip=0.166 t=85s
[P700_h120_pad0.040_s7777] it  90 J=0.15617 A_min=0.1478 A_mean=0.1575 |g|=6.12e-04 bin=0.002 S_flip=0.166 t=86s
[P700_h120_pad0.040_s7777] it  91 J=0.15617 A_min=0.1478 A_mean=0.1575 |g|=6.31e-04 bin=0.002 S_flip=0.166 t=87s
[P700_h120_pad0.040_s7777] it  92 J=0.15618 A_min=0.1478 A_mean=0.1575 |g|=6.52e-04 bin=0.002 S_flip=0.167 t=88s
[P700_h120_pad0.040_s7777] it  93 J=0.15618 A_min=0.1478 A_mean=0.1575 |g|=6.74e-04 bin=0.001 S_flip=0.167 t=88s
[P700_h120_pad0.040_s7777] it  94 J=0.15618 A_min=0.1478 A_mean=0.1575 |g|=6.97e-04 bin=0.001 S_flip=0.167 t=89s
[P700_h120_pad0.040_s7777] it  95 J=0.15618 A_min=0.1478 A_mean=0.1575 |g|=7.21e-04 bin=0.001 S_flip=0.167 t=90s
[P700_h120_pad0.040_s7777] it  96 J=0.15618 A_min=0.1478 A_mean=0.1575 |g|=7.47e-04 bin=0.001 S_flip=0.167 t=91s
[P700_h120_pad0.040_s7777] it  97 J=0.15618 A_min=0.1478 A_mean=0.1575 |g|=7.75e-04 bin=0.001 S_flip=0.168 t=92s
[P700_h120_pad0.040_s7777] it  98 J=0.15618 A_min=0.1478 A_mean=0.1575 |g|=8.04e-04 bin=0.001 S_flip=0.168 t=93s
[P700_h120_pad0.040_s7777] it  99 J=0.15618 A_min=0.1478 A_mean=0.1575 |g|=8.34e-04 bin=0.001 S_flip=0.168 t=94s
[P700_h120_pad0.040_s7777] done: J_soft=0.15618 J_hard=0.15618 A_hard=[0.1478, 0.1762, 0.1485] S_flip=0.171 wall=95s
[P700_h120_pad0.080_s333] it   0 J=0.08636 A_min=0.0789 A_mean=0.0873 |g|=1.44e-03 bin=0.657 S_flip=0.053 t=1s
[P700_h120_pad0.080_s333] it   1 J=0.08685 A_min=0.0793 A_mean=0.0878 |g|=1.50e-03 bin=0.655 S_flip=0.054 t=2s
[P700_h120_pad0.080_s333] it   2 J=0.08739 A_min=0.0799 A_mean=0.0883 |g|=1.57e-03 bin=0.653 S_flip=0.056 t=3s
[P700_h120_pad0.080_s333] it   3 J=0.08800 A_min=0.0805 A_mean=0.0889 |g|=1.64e-03 bin=0.650 S_flip=0.057 t=4s
[P700_h120_pad0.080_s333] it   4 J=0.08868 A_min=0.0811 A_mean=0.0896 |g|=1.73e-03 bin=0.646 S_flip=0.058 t=5s
[P700_h120_pad0.080_s333] it   5 J=0.08946 A_min=0.0819 A_mean=0.0904 |g|=1.83e-03 bin=0.642 S_flip=0.060 t=6s
[P700_h120_pad0.080_s333] it   6 J=0.09034 A_min=0.0827 A_mean=0.0913 |g|=1.94e-03 bin=0.638 S_flip=0.061 t=7s
[P700_h120_pad0.080_s333] it   7 J=0.09134 A_min=0.0837 A_mean=0.0923 |g|=2.06e-03 bin=0.632 S_flip=0.063 t=8s
[P700_h120_pad0.080_s333] it   8 J=0.09249 A_min=0.0848 A_mean=0.0935 |g|=2.20e-03 bin=0.626 S_flip=0.065 t=8s
[P700_h120_pad0.080_s333] it   9 J=0.09381 A_min=0.0861 A_mean=0.0948 |g|=2.34e-03 bin=0.619 S_flip=0.067 t=9s
[P700_h120_pad0.080_s333] it  10 J=0.09533 A_min=0.0875 A_mean=0.0963 |g|=2.50e-03 bin=0.612 S_flip=0.069 t=10s
[P700_h120_pad0.080_s333] it  11 J=0.09707 A_min=0.0892 A_mean=0.0980 |g|=2.67e-03 bin=0.602 S_flip=0.071 t=11s
[P700_h120_pad0.080_s333] it  12 J=0.09905 A_min=0.0911 A_mean=0.1000 |g|=2.84e-03 bin=0.592 S_flip=0.073 t=12s
[P700_h120_pad0.080_s333] it  13 J=0.10130 A_min=0.0933 A_mean=0.1023 |g|=3.01e-03 bin=0.579 S_flip=0.075 t=13s
[P700_h120_pad0.080_s333] it  14 J=0.10383 A_min=0.0958 A_mean=0.1048 |g|=3.17e-03 bin=0.565 S_flip=0.077 t=14s
[P700_h120_pad0.080_s333] it  15 J=0.10665 A_min=0.0985 A_mean=0.1077 |g|=3.31e-03 bin=0.548 S_flip=0.079 t=15s
[P700_h120_pad0.080_s333] it  16 J=0.10976 A_min=0.1015 A_mean=0.1108 |g|=3.42e-03 bin=0.529 S_flip=0.081 t=16s
[P700_h120_pad0.080_s333] it  17 J=0.11311 A_min=0.1048 A_mean=0.1141 |g|=3.48e-03 bin=0.506 S_flip=0.082 t=17s
[P700_h120_pad0.080_s333] it  18 J=0.11667 A_min=0.1082 A_mean=0.1177 |g|=3.48e-03 bin=0.481 S_flip=0.084 t=18s
[P700_h120_pad0.080_s333] it  19 J=0.12036 A_min=0.1118 A_mean=0.1214 |g|=3.42e-03 bin=0.452 S_flip=0.085 t=19s
[P700_h120_pad0.080_s333] it  20 J=0.12408 A_min=0.1154 A_mean=0.1252 |g|=3.28e-03 bin=0.422 S_flip=0.086 t=20s
[P700_h120_pad0.080_s333] it  21 J=0.12774 A_min=0.1190 A_mean=0.1288 |g|=3.09e-03 bin=0.389 S_flip=0.087 t=21s
[P700_h120_pad0.080_s333] it  22 J=0.13124 A_min=0.1224 A_mean=0.1323 |g|=2.84e-03 bin=0.355 S_flip=0.089 t=22s
[P700_h120_pad0.080_s333] it  23 J=0.13448 A_min=0.1256 A_mean=0.1356 |g|=2.57e-03 bin=0.322 S_flip=0.090 t=22s
[P700_h120_pad0.080_s333] it  24 J=0.13742 A_min=0.1284 A_mean=0.1385 |g|=2.29e-03 bin=0.289 S_flip=0.091 t=23s
[P700_h120_pad0.080_s333] it  25 J=0.14001 A_min=0.1310 A_mean=0.1411 |g|=2.03e-03 bin=0.258 S_flip=0.092 t=24s
[P700_h120_pad0.080_s333] it  26 J=0.14226 A_min=0.1332 A_mean=0.1434 |g|=1.79e-03 bin=0.230 S_flip=0.094 t=25s
[P700_h120_pad0.080_s333] it  27 J=0.14417 A_min=0.1351 A_mean=0.1453 |g|=1.58e-03 bin=0.204 S_flip=0.096 t=26s
[P700_h120_pad0.080_s333] it  28 J=0.14579 A_min=0.1367 A_mean=0.1469 |g|=1.41e-03 bin=0.182 S_flip=0.099 t=27s
[P700_h120_pad0.080_s333] it  29 J=0.14714 A_min=0.1380 A_mean=0.1483 |g|=1.27e-03 bin=0.162 S_flip=0.101 t=28s
[P700_h120_pad0.080_s333] it  30 J=0.14826 A_min=0.1392 A_mean=0.1494 |g|=1.17e-03 bin=0.144 S_flip=0.104 t=29s
[P700_h120_pad0.080_s333] it  31 J=0.14920 A_min=0.1401 A_mean=0.1504 |g|=1.08e-03 bin=0.129 S_flip=0.107 t=30s
[P700_h120_pad0.080_s333] it  32 J=0.14999 A_min=0.1409 A_mean=0.1512 |g|=1.02e-03 bin=0.116 S_flip=0.110 t=30s
[P700_h120_pad0.080_s333] it  33 J=0.15065 A_min=0.1416 A_mean=0.1518 |g|=9.65e-04 bin=0.105 S_flip=0.114 t=31s
[P700_h120_pad0.080_s333] it  34 J=0.15121 A_min=0.1422 A_mean=0.1524 |g|=9.22e-04 bin=0.095 S_flip=0.117 t=32s
[P700_h120_pad0.080_s333] it  35 J=0.15169 A_min=0.1427 A_mean=0.1529 |g|=8.86e-04 bin=0.086 S_flip=0.121 t=33s
[P700_h120_pad0.080_s333] it  36 J=0.15210 A_min=0.1431 A_mean=0.1533 |g|=8.54e-04 bin=0.079 S_flip=0.124 t=34s
[P700_h120_pad0.080_s333] it  37 J=0.15246 A_min=0.1435 A_mean=0.1537 |g|=8.26e-04 bin=0.072 S_flip=0.128 t=35s
[P700_h120_pad0.080_s333] it  38 J=0.15277 A_min=0.1438 A_mean=0.1540 |g|=8.00e-04 bin=0.066 S_flip=0.132 t=36s
[P700_h120_pad0.080_s333] it  39 J=0.15304 A_min=0.1441 A_mean=0.1542 |g|=7.76e-04 bin=0.061 S_flip=0.136 t=37s
[P700_h120_pad0.080_s333] it  40 J=0.15327 A_min=0.1443 A_mean=0.1545 |g|=7.54e-04 bin=0.056 S_flip=0.139 t=38s
[P700_h120_pad0.080_s333] it  41 J=0.15348 A_min=0.1445 A_mean=0.1547 |g|=7.33e-04 bin=0.051 S_flip=0.143 t=38s
[P700_h120_pad0.080_s333] it  42 J=0.15367 A_min=0.1447 A_mean=0.1549 |g|=7.14e-04 bin=0.047 S_flip=0.147 t=39s
[P700_h120_pad0.080_s333] it  43 J=0.15383 A_min=0.1449 A_mean=0.1550 |g|=6.95e-04 bin=0.044 S_flip=0.151 t=40s
[P700_h120_pad0.080_s333] it  44 J=0.15398 A_min=0.1450 A_mean=0.1552 |g|=6.78e-04 bin=0.041 S_flip=0.154 t=41s
[P700_h120_pad0.080_s333] it  45 J=0.15411 A_min=0.1452 A_mean=0.1553 |g|=6.61e-04 bin=0.038 S_flip=0.158 t=42s
[P700_h120_pad0.080_s333] it  46 J=0.15422 A_min=0.1453 A_mean=0.1554 |g|=6.45e-04 bin=0.035 S_flip=0.161 t=43s
[P700_h120_pad0.080_s333] it  47 J=0.15433 A_min=0.1454 A_mean=0.1555 |g|=6.30e-04 bin=0.032 S_flip=0.165 t=44s
[P700_h120_pad0.080_s333] it  48 J=0.15442 A_min=0.1455 A_mean=0.1556 |g|=6.15e-04 bin=0.030 S_flip=0.168 t=45s
[P700_h120_pad0.080_s333] it  49 J=0.15451 A_min=0.1456 A_mean=0.1557 |g|=6.01e-04 bin=0.028 S_flip=0.172 t=46s
[P700_h120_pad0.080_s333] it  50 J=0.15458 A_min=0.1457 A_mean=0.1558 |g|=5.87e-04 bin=0.026 S_flip=0.175 t=47s
[P700_h120_pad0.080_s333] it  51 J=0.15465 A_min=0.1458 A_mean=0.1559 |g|=5.73e-04 bin=0.024 S_flip=0.178 t=48s
[P700_h120_pad0.080_s333] it  52 J=0.15471 A_min=0.1458 A_mean=0.1559 |g|=5.59e-04 bin=0.022 S_flip=0.181 t=48s
[P700_h120_pad0.080_s333] it  53 J=0.15477 A_min=0.1459 A_mean=0.1560 |g|=5.46e-04 bin=0.020 S_flip=0.184 t=49s
[P700_h120_pad0.080_s333] it  54 J=0.15482 A_min=0.1459 A_mean=0.1560 |g|=5.33e-04 bin=0.019 S_flip=0.187 t=50s
[P700_h120_pad0.080_s333] it  55 J=0.15486 A_min=0.1460 A_mean=0.1561 |g|=5.21e-04 bin=0.017 S_flip=0.190 t=51s
[P700_h120_pad0.080_s333] it  56 J=0.15490 A_min=0.1460 A_mean=0.1561 |g|=5.10e-04 bin=0.016 S_flip=0.193 t=52s
[P700_h120_pad0.080_s333] it  57 J=0.15494 A_min=0.1461 A_mean=0.1562 |g|=5.00e-04 bin=0.015 S_flip=0.195 t=53s
[P700_h120_pad0.080_s333] it  58 J=0.15497 A_min=0.1461 A_mean=0.1562 |g|=4.91e-04 bin=0.014 S_flip=0.197 t=54s
[P700_h120_pad0.080_s333] it  59 J=0.15500 A_min=0.1461 A_mean=0.1562 |g|=4.83e-04 bin=0.013 S_flip=0.199 t=55s
[P700_h120_pad0.080_s333] it  60 J=0.15502 A_min=0.1462 A_mean=0.1562 |g|=4.78e-04 bin=0.012 S_flip=0.201 t=56s
[P700_h120_pad0.080_s333] it  61 J=0.15505 A_min=0.1462 A_mean=0.1563 |g|=4.73e-04 bin=0.011 S_flip=0.202 t=57s
[P700_h120_pad0.080_s333] it  62 J=0.15507 A_min=0.1462 A_mean=0.1563 |g|=4.71e-04 bin=0.010 S_flip=0.204 t=58s
[P700_h120_pad0.080_s333] it  63 J=0.15509 A_min=0.1462 A_mean=0.1563 |g|=4.71e-04 bin=0.010 S_flip=0.205 t=58s
[P700_h120_pad0.080_s333] it  64 J=0.15511 A_min=0.1462 A_mean=0.1563 |g|=4.72e-04 bin=0.009 S_flip=0.207 t=59s
[P700_h120_pad0.080_s333] it  65 J=0.15512 A_min=0.1463 A_mean=0.1563 |g|=4.76e-04 bin=0.008 S_flip=0.208 t=60s
[P700_h120_pad0.080_s333] it  66 J=0.15514 A_min=0.1463 A_mean=0.1564 |g|=4.82e-04 bin=0.008 S_flip=0.209 t=61s
[P700_h120_pad0.080_s333] it  67 J=0.15515 A_min=0.1463 A_mean=0.1564 |g|=4.90e-04 bin=0.007 S_flip=0.209 t=62s
[P700_h120_pad0.080_s333] it  68 J=0.15516 A_min=0.1463 A_mean=0.1564 |g|=4.99e-04 bin=0.007 S_flip=0.210 t=63s
[P700_h120_pad0.080_s333] it  69 J=0.15518 A_min=0.1463 A_mean=0.1564 |g|=5.11e-04 bin=0.007 S_flip=0.211 t=64s
[P700_h120_pad0.080_s333] it  70 J=0.15519 A_min=0.1463 A_mean=0.1564 |g|=5.24e-04 bin=0.006 S_flip=0.211 t=65s
[P700_h120_pad0.080_s333] it  71 J=0.15520 A_min=0.1463 A_mean=0.1564 |g|=5.37e-04 bin=0.006 S_flip=0.212 t=66s
[P700_h120_pad0.080_s333] it  72 J=0.15521 A_min=0.1464 A_mean=0.1564 |g|=5.48e-04 bin=0.005 S_flip=0.212 t=67s
[P700_h120_pad0.080_s333] it  73 J=0.15522 A_min=0.1464 A_mean=0.1564 |g|=5.55e-04 bin=0.005 S_flip=0.212 t=68s
[P700_h120_pad0.080_s333] it  74 J=0.15523 A_min=0.1464 A_mean=0.1565 |g|=5.59e-04 bin=0.005 S_flip=0.213 t=69s
[P700_h120_pad0.080_s333] it  75 J=0.15524 A_min=0.1464 A_mean=0.1565 |g|=5.58e-04 bin=0.004 S_flip=0.213 t=70s
[P700_h120_pad0.080_s333] it  76 J=0.15525 A_min=0.1464 A_mean=0.1565 |g|=5.56e-04 bin=0.004 S_flip=0.213 t=71s
[P700_h120_pad0.080_s333] it  77 J=0.15526 A_min=0.1464 A_mean=0.1565 |g|=5.54e-04 bin=0.004 S_flip=0.213 t=72s
[P700_h120_pad0.080_s333] it  78 J=0.15527 A_min=0.1464 A_mean=0.1565 |g|=5.55e-04 bin=0.004 S_flip=0.213 t=73s
[P700_h120_pad0.080_s333] it  79 J=0.15527 A_min=0.1464 A_mean=0.1565 |g|=5.59e-04 bin=0.003 S_flip=0.213 t=74s
[P700_h120_pad0.080_s333] it  80 J=0.15528 A_min=0.1464 A_mean=0.1565 |g|=5.67e-04 bin=0.003 S_flip=0.213 t=75s
[P700_h120_pad0.080_s333] it  81 J=0.15529 A_min=0.1464 A_mean=0.1565 |g|=5.77e-04 bin=0.003 S_flip=0.213 t=75s
[P700_h120_pad0.080_s333] it  82 J=0.15529 A_min=0.1465 A_mean=0.1565 |g|=5.87e-04 bin=0.003 S_flip=0.213 t=76s
[P700_h120_pad0.080_s333] it  83 J=0.15530 A_min=0.1465 A_mean=0.1565 |g|=5.95e-04 bin=0.002 S_flip=0.213 t=77s
[P700_h120_pad0.080_s333] it  84 J=0.15530 A_min=0.1465 A_mean=0.1565 |g|=6.00e-04 bin=0.002 S_flip=0.214 t=78s
[P700_h120_pad0.080_s333] it  85 J=0.15531 A_min=0.1465 A_mean=0.1565 |g|=6.01e-04 bin=0.002 S_flip=0.214 t=79s
[P700_h120_pad0.080_s333] it  86 J=0.15531 A_min=0.1465 A_mean=0.1565 |g|=5.99e-04 bin=0.002 S_flip=0.214 t=80s
[P700_h120_pad0.080_s333] it  87 J=0.15531 A_min=0.1465 A_mean=0.1565 |g|=5.93e-04 bin=0.002 S_flip=0.214 t=81s
[P700_h120_pad0.080_s333] it  88 J=0.15532 A_min=0.1465 A_mean=0.1565 |g|=5.86e-04 bin=0.002 S_flip=0.214 t=82s
[P700_h120_pad0.080_s333] it  89 J=0.15532 A_min=0.1465 A_mean=0.1565 |g|=5.78e-04 bin=0.001 S_flip=0.214 t=83s
[P700_h120_pad0.080_s333] it  90 J=0.15532 A_min=0.1465 A_mean=0.1566 |g|=5.71e-04 bin=0.001 S_flip=0.214 t=84s
[P700_h120_pad0.080_s333] it  91 J=0.15532 A_min=0.1465 A_mean=0.1566 |g|=5.65e-04 bin=0.001 S_flip=0.214 t=85s
[P700_h120_pad0.080_s333] it  92 J=0.15532 A_min=0.1465 A_mean=0.1566 |g|=5.59e-04 bin=0.001 S_flip=0.214 t=86s
[P700_h120_pad0.080_s333] it  93 J=0.15532 A_min=0.1465 A_mean=0.1566 |g|=5.56e-04 bin=0.001 S_flip=0.214 t=87s
[P700_h120_pad0.080_s333] it  94 J=0.15533 A_min=0.1465 A_mean=0.1566 |g|=5.53e-04 bin=0.001 S_flip=0.215 t=88s
[P700_h120_pad0.080_s333] it  95 J=0.15533 A_min=0.1465 A_mean=0.1566 |g|=5.52e-04 bin=0.001 S_flip=0.215 t=88s
[P700_h120_pad0.080_s333] it  96 J=0.15533 A_min=0.1465 A_mean=0.1566 |g|=5.52e-04 bin=0.001 S_flip=0.215 t=89s
[P700_h120_pad0.080_s333] it  97 J=0.15533 A_min=0.1465 A_mean=0.1566 |g|=5.52e-04 bin=0.001 S_flip=0.215 t=90s
[P700_h120_pad0.080_s333] it  98 J=0.15533 A_min=0.1465 A_mean=0.1566 |g|=5.53e-04 bin=0.001 S_flip=0.215 t=91s
[P700_h120_pad0.080_s333] it  99 J=0.15533 A_min=0.1465 A_mean=0.1566 |g|=5.55e-04 bin=0.001 S_flip=0.215 t=92s
[P700_h120_pad0.080_s333] done: J_soft=0.15533 J_hard=0.15533 A_hard=[0.1465, 0.1746, 0.1485] S_flip=0.218 wall=93s
[P700_h120_pad0.080_s1001] it   0 J=0.08549 A_min=0.0780 A_mean=0.0864 |g|=1.43e-03 bin=0.656 S_flip=0.058 t=1s
[P700_h120_pad0.080_s1001] it   1 J=0.08594 A_min=0.0785 A_mean=0.0869 |g|=1.49e-03 bin=0.654 S_flip=0.059 t=2s
[P700_h120_pad0.080_s1001] it   2 J=0.08644 A_min=0.0789 A_mean=0.0874 |g|=1.56e-03 bin=0.652 S_flip=0.060 t=3s
[P700_h120_pad0.080_s1001] it   3 J=0.08699 A_min=0.0795 A_mean=0.0879 |g|=1.64e-03 bin=0.649 S_flip=0.061 t=4s
[P700_h120_pad0.080_s1001] it   4 J=0.08762 A_min=0.0801 A_mean=0.0886 |g|=1.72e-03 bin=0.646 S_flip=0.063 t=5s
[P700_h120_pad0.080_s1001] it   5 J=0.08833 A_min=0.0808 A_mean=0.0893 |g|=1.82e-03 bin=0.642 S_flip=0.064 t=5s
[P700_h120_pad0.080_s1001] it   6 J=0.08914 A_min=0.0815 A_mean=0.0901 |g|=1.93e-03 bin=0.638 S_flip=0.066 t=6s
[P700_h120_pad0.080_s1001] it   7 J=0.09007 A_min=0.0824 A_mean=0.0910 |g|=2.06e-03 bin=0.633 S_flip=0.067 t=7s
[P700_h120_pad0.080_s1001] it   8 J=0.09113 A_min=0.0835 A_mean=0.0921 |g|=2.20e-03 bin=0.627 S_flip=0.069 t=8s
[P700_h120_pad0.080_s1001] it   9 J=0.09236 A_min=0.0847 A_mean=0.0933 |g|=2.35e-03 bin=0.621 S_flip=0.071 t=9s
[P700_h120_pad0.080_s1001] it  10 J=0.09378 A_min=0.0860 A_mean=0.0947 |g|=2.52e-03 bin=0.614 S_flip=0.072 t=10s
[P700_h120_pad0.080_s1001] it  11 J=0.09542 A_min=0.0876 A_mean=0.0964 |g|=2.69e-03 bin=0.606 S_flip=0.074 t=11s
[P700_h120_pad0.080_s1001] it  12 J=0.09730 A_min=0.0895 A_mean=0.0983 |g|=2.88e-03 bin=0.596 S_flip=0.076 t=12s
[P700_h120_pad0.080_s1001] it  13 J=0.09945 A_min=0.0915 A_mean=0.1004 |g|=3.07e-03 bin=0.585 S_flip=0.077 t=13s
[P700_h120_pad0.080_s1001] it  14 J=0.10190 A_min=0.0939 A_mean=0.1029 |g|=3.25e-03 bin=0.572 S_flip=0.078 t=14s
[P700_h120_pad0.080_s1001] it  15 J=0.10466 A_min=0.0966 A_mean=0.1057 |g|=3.42e-03 bin=0.557 S_flip=0.079 t=15s
[P700_h120_pad0.080_s1001] it  16 J=0.10774 A_min=0.0996 A_mean=0.1087 |g|=3.56e-03 bin=0.539 S_flip=0.079 t=16s
[P700_h120_pad0.080_s1001] it  17 J=0.11110 A_min=0.1029 A_mean=0.1121 |g|=3.65e-03 bin=0.518 S_flip=0.080 t=17s
[P700_h120_pad0.080_s1001] it  18 J=0.11472 A_min=0.1064 A_mean=0.1158 |g|=3.68e-03 bin=0.494 S_flip=0.079 t=18s
[P700_h120_pad0.080_s1001] it  19 J=0.11852 A_min=0.1101 A_mean=0.1196 |g|=3.64e-03 bin=0.466 S_flip=0.079 t=19s
[P700_h120_pad0.080_s1001] it  20 J=0.12241 A_min=0.1139 A_mean=0.1235 |g|=3.52e-03 bin=0.436 S_flip=0.078 t=20s
[P700_h120_pad0.080_s1001] it  21 J=0.12627 A_min=0.1176 A_mean=0.1273 |g|=3.33e-03 bin=0.403 S_flip=0.078 t=20s
[P700_h120_pad0.080_s1001] it  22 J=0.13000 A_min=0.1212 A_mean=0.1311 |g|=3.08e-03 bin=0.369 S_flip=0.077 t=21s
[P700_h120_pad0.080_s1001] it  23 J=0.13349 A_min=0.1246 A_mean=0.1346 |g|=2.78e-03 bin=0.334 S_flip=0.077 t=22s
[P700_h120_pad0.080_s1001] it  24 J=0.13667 A_min=0.1277 A_mean=0.1378 |g|=2.48e-03 bin=0.300 S_flip=0.077 t=23s
[P700_h120_pad0.080_s1001] it  25 J=0.13948 A_min=0.1305 A_mean=0.1406 |g|=2.18e-03 bin=0.268 S_flip=0.078 t=24s
[P700_h120_pad0.080_s1001] it  26 J=0.14192 A_min=0.1329 A_mean=0.1431 |g|=1.90e-03 bin=0.238 S_flip=0.079 t=25s
[P700_h120_pad0.080_s1001] it  27 J=0.14399 A_min=0.1350 A_mean=0.1451 |g|=1.67e-03 bin=0.211 S_flip=0.080 t=26s
[P700_h120_pad0.080_s1001] it  28 J=0.14573 A_min=0.1367 A_mean=0.1469 |g|=1.47e-03 bin=0.187 S_flip=0.082 t=27s
[P700_h120_pad0.080_s1001] it  29 J=0.14719 A_min=0.1381 A_mean=0.1484 |g|=1.31e-03 bin=0.166 S_flip=0.084 t=28s
[P700_h120_pad0.080_s1001] it  30 J=0.14839 A_min=0.1393 A_mean=0.1496 |g|=1.18e-03 bin=0.147 S_flip=0.086 t=29s
[P700_h120_pad0.080_s1001] it  31 J=0.14939 A_min=0.1404 A_mean=0.1506 |g|=1.08e-03 bin=0.131 S_flip=0.089 t=30s
[P700_h120_pad0.080_s1001] it  32 J=0.15022 A_min=0.1412 A_mean=0.1514 |g|=1.00e-03 bin=0.118 S_flip=0.091 t=31s
[P700_h120_pad0.080_s1001] it  33 J=0.15091 A_min=0.1419 A_mean=0.1521 |g|=9.38e-04 bin=0.106 S_flip=0.094 t=32s
[P700_h120_pad0.080_s1001] it  34 J=0.15149 A_min=0.1425 A_mean=0.1527 |g|=8.87e-04 bin=0.096 S_flip=0.097 t=33s
[P700_h120_pad0.080_s1001] it  35 J=0.15199 A_min=0.1430 A_mean=0.1532 |g|=8.44e-04 bin=0.087 S_flip=0.100 t=34s
[P700_h120_pad0.080_s1001] it  36 J=0.15240 A_min=0.1434 A_mean=0.1536 |g|=8.08e-04 bin=0.079 S_flip=0.103 t=34s
[P700_h120_pad0.080_s1001] it  37 J=0.15276 A_min=0.1438 A_mean=0.1540 |g|=7.77e-04 bin=0.072 S_flip=0.106 t=35s
[P700_h120_pad0.080_s1001] it  38 J=0.15307 A_min=0.1441 A_mean=0.1543 |g|=7.50e-04 bin=0.066 S_flip=0.109 t=36s
[P700_h120_pad0.080_s1001] it  39 J=0.15334 A_min=0.1444 A_mean=0.1546 |g|=7.25e-04 bin=0.061 S_flip=0.112 t=37s
[P700_h120_pad0.080_s1001] it  40 J=0.15358 A_min=0.1446 A_mean=0.1548 |g|=7.03e-04 bin=0.056 S_flip=0.115 t=38s
[P700_h120_pad0.080_s1001] it  41 J=0.15378 A_min=0.1449 A_mean=0.1550 |g|=6.83e-04 bin=0.051 S_flip=0.118 t=39s
[P700_h120_pad0.080_s1001] it  42 J=0.15396 A_min=0.1450 A_mean=0.1552 |g|=6.64e-04 bin=0.048 S_flip=0.122 t=40s
[P700_h120_pad0.080_s1001] it  43 J=0.15412 A_min=0.1452 A_mean=0.1553 |g|=6.47e-04 bin=0.044 S_flip=0.125 t=41s
[P700_h120_pad0.080_s1001] it  44 J=0.15426 A_min=0.1454 A_mean=0.1555 |g|=6.31e-04 bin=0.041 S_flip=0.127 t=42s
[P700_h120_pad0.080_s1001] it  45 J=0.15439 A_min=0.1455 A_mean=0.1556 |g|=6.15e-04 bin=0.038 S_flip=0.130 t=43s
[P700_h120_pad0.080_s1001] it  46 J=0.15450 A_min=0.1456 A_mean=0.1557 |g|=6.01e-04 bin=0.035 S_flip=0.133 t=44s
[P700_h120_pad0.080_s1001] it  47 J=0.15460 A_min=0.1457 A_mean=0.1558 |g|=5.87e-04 bin=0.032 S_flip=0.136 t=45s
[P700_h120_pad0.080_s1001] it  48 J=0.15469 A_min=0.1458 A_mean=0.1559 |g|=5.74e-04 bin=0.030 S_flip=0.139 t=46s
[P700_h120_pad0.080_s1001] it  49 J=0.15477 A_min=0.1459 A_mean=0.1560 |g|=5.61e-04 bin=0.028 S_flip=0.141 t=47s
[P700_h120_pad0.080_s1001] it  50 J=0.15484 A_min=0.1460 A_mean=0.1561 |g|=5.49e-04 bin=0.026 S_flip=0.144 t=48s
[P700_h120_pad0.080_s1001] it  51 J=0.15490 A_min=0.1460 A_mean=0.1561 |g|=5.38e-04 bin=0.024 S_flip=0.146 t=49s
[P700_h120_pad0.080_s1001] it  52 J=0.15496 A_min=0.1461 A_mean=0.1562 |g|=5.26e-04 bin=0.022 S_flip=0.148 t=49s
[P700_h120_pad0.080_s1001] it  53 J=0.15501 A_min=0.1462 A_mean=0.1562 |g|=5.15e-04 bin=0.021 S_flip=0.150 t=50s
[P700_h120_pad0.080_s1001] it  54 J=0.15506 A_min=0.1462 A_mean=0.1563 |g|=5.05e-04 bin=0.019 S_flip=0.152 t=51s
[P700_h120_pad0.080_s1001] it  55 J=0.15510 A_min=0.1463 A_mean=0.1563 |g|=4.95e-04 bin=0.018 S_flip=0.154 t=52s
[P700_h120_pad0.080_s1001] it  56 J=0.15514 A_min=0.1463 A_mean=0.1564 |g|=4.86e-04 bin=0.016 S_flip=0.155 t=53s
[P700_h120_pad0.080_s1001] it  57 J=0.15517 A_min=0.1463 A_mean=0.1564 |g|=4.77e-04 bin=0.015 S_flip=0.156 t=54s
[P700_h120_pad0.080_s1001] it  58 J=0.15520 A_min=0.1464 A_mean=0.1564 |g|=4.69e-04 bin=0.014 S_flip=0.158 t=55s
[P700_h120_pad0.080_s1001] it  59 J=0.15523 A_min=0.1464 A_mean=0.1565 |g|=4.61e-04 bin=0.013 S_flip=0.159 t=56s
[P700_h120_pad0.080_s1001] it  60 J=0.15526 A_min=0.1464 A_mean=0.1565 |g|=4.54e-04 bin=0.012 S_flip=0.160 t=57s
[P700_h120_pad0.080_s1001] it  61 J=0.15528 A_min=0.1464 A_mean=0.1565 |g|=4.48e-04 bin=0.011 S_flip=0.161 t=58s
[P700_h120_pad0.080_s1001] it  62 J=0.15530 A_min=0.1465 A_mean=0.1565 |g|=4.42e-04 bin=0.010 S_flip=0.162 t=59s
[P700_h120_pad0.080_s1001] it  63 J=0.15532 A_min=0.1465 A_mean=0.1566 |g|=4.36e-04 bin=0.010 S_flip=0.163 t=60s
[P700_h120_pad0.080_s1001] it  64 J=0.15534 A_min=0.1465 A_mean=0.1566 |g|=4.31e-04 bin=0.009 S_flip=0.163 t=60s
[P700_h120_pad0.080_s1001] it  65 J=0.15535 A_min=0.1465 A_mean=0.1566 |g|=4.26e-04 bin=0.008 S_flip=0.164 t=61s
[P700_h120_pad0.080_s1001] it  66 J=0.15537 A_min=0.1465 A_mean=0.1566 |g|=4.22e-04 bin=0.008 S_flip=0.165 t=62s
[P700_h120_pad0.080_s1001] it  67 J=0.15538 A_min=0.1466 A_mean=0.1566 |g|=4.17e-04 bin=0.007 S_flip=0.166 t=63s
[P700_h120_pad0.080_s1001] it  68 J=0.15539 A_min=0.1466 A_mean=0.1566 |g|=4.13e-04 bin=0.007 S_flip=0.166 t=64s
[P700_h120_pad0.080_s1001] it  69 J=0.15540 A_min=0.1466 A_mean=0.1566 |g|=4.09e-04 bin=0.006 S_flip=0.167 t=65s
[P700_h120_pad0.080_s1001] it  70 J=0.15541 A_min=0.1466 A_mean=0.1567 |g|=4.05e-04 bin=0.006 S_flip=0.168 t=66s
[P700_h120_pad0.080_s1001] it  71 J=0.15542 A_min=0.1466 A_mean=0.1567 |g|=4.02e-04 bin=0.005 S_flip=0.168 t=67s
[P700_h120_pad0.080_s1001] it  72 J=0.15543 A_min=0.1466 A_mean=0.1567 |g|=4.00e-04 bin=0.005 S_flip=0.169 t=68s
[P700_h120_pad0.080_s1001] it  73 J=0.15544 A_min=0.1466 A_mean=0.1567 |g|=3.99e-04 bin=0.005 S_flip=0.170 t=69s
[P700_h120_pad0.080_s1001] it  74 J=0.15544 A_min=0.1466 A_mean=0.1567 |g|=3.99e-04 bin=0.004 S_flip=0.170 t=70s
[P700_h120_pad0.080_s1001] it  75 J=0.15545 A_min=0.1466 A_mean=0.1567 |g|=3.99e-04 bin=0.004 S_flip=0.171 t=71s
[P700_h120_pad0.080_s1001] it  76 J=0.15545 A_min=0.1466 A_mean=0.1567 |g|=4.01e-04 bin=0.004 S_flip=0.171 t=72s
[P700_h120_pad0.080_s1001] it  77 J=0.15546 A_min=0.1466 A_mean=0.1567 |g|=4.02e-04 bin=0.004 S_flip=0.172 t=72s
[P700_h120_pad0.080_s1001] it  78 J=0.15546 A_min=0.1467 A_mean=0.1567 |g|=4.04e-04 bin=0.003 S_flip=0.172 t=73s
[P700_h120_pad0.080_s1001] it  79 J=0.15547 A_min=0.1467 A_mean=0.1567 |g|=4.06e-04 bin=0.003 S_flip=0.173 t=74s
[P700_h120_pad0.080_s1001] it  80 J=0.15547 A_min=0.1467 A_mean=0.1567 |g|=4.06e-04 bin=0.003 S_flip=0.173 t=75s
[P700_h120_pad0.080_s1001] it  81 J=0.15548 A_min=0.1467 A_mean=0.1567 |g|=4.07e-04 bin=0.003 S_flip=0.173 t=76s
[P700_h120_pad0.080_s1001] it  82 J=0.15548 A_min=0.1467 A_mean=0.1567 |g|=4.06e-04 bin=0.003 S_flip=0.174 t=77s
[P700_h120_pad0.080_s1001] it  83 J=0.15548 A_min=0.1467 A_mean=0.1567 |g|=4.06e-04 bin=0.002 S_flip=0.174 t=78s
[P700_h120_pad0.080_s1001] it  84 J=0.15549 A_min=0.1467 A_mean=0.1567 |g|=4.06e-04 bin=0.002 S_flip=0.174 t=79s
[P700_h120_pad0.080_s1001] it  85 J=0.15549 A_min=0.1467 A_mean=0.1567 |g|=4.06e-04 bin=0.002 S_flip=0.175 t=80s
[P700_h120_pad0.080_s1001] it  86 J=0.15549 A_min=0.1467 A_mean=0.1567 |g|=4.08e-04 bin=0.002 S_flip=0.175 t=81s
[P700_h120_pad0.080_s1001] it  87 J=0.15549 A_min=0.1467 A_mean=0.1567 |g|=4.11e-04 bin=0.002 S_flip=0.175 t=82s
[P700_h120_pad0.080_s1001] it  88 J=0.15549 A_min=0.1467 A_mean=0.1567 |g|=4.15e-04 bin=0.002 S_flip=0.175 t=83s
[P700_h120_pad0.080_s1001] it  89 J=0.15550 A_min=0.1467 A_mean=0.1567 |g|=4.21e-04 bin=0.002 S_flip=0.175 t=84s
[P700_h120_pad0.080_s1001] it  90 J=0.15550 A_min=0.1467 A_mean=0.1567 |g|=4.27e-04 bin=0.001 S_flip=0.175 t=85s
[P700_h120_pad0.080_s1001] it  91 J=0.15550 A_min=0.1467 A_mean=0.1567 |g|=4.34e-04 bin=0.001 S_flip=0.176 t=86s
[P700_h120_pad0.080_s1001] it  92 J=0.15550 A_min=0.1467 A_mean=0.1567 |g|=4.42e-04 bin=0.001 S_flip=0.176 t=87s
[P700_h120_pad0.080_s1001] it  93 J=0.15550 A_min=0.1467 A_mean=0.1567 |g|=4.52e-04 bin=0.001 S_flip=0.176 t=88s
[P700_h120_pad0.080_s1001] it  94 J=0.15550 A_min=0.1467 A_mean=0.1567 |g|=4.62e-04 bin=0.001 S_flip=0.176 t=89s
[P700_h120_pad0.080_s1001] it  95 J=0.15550 A_min=0.1467 A_mean=0.1567 |g|=4.74e-04 bin=0.001 S_flip=0.176 t=90s
[P700_h120_pad0.080_s1001] it  96 J=0.15550 A_min=0.1467 A_mean=0.1567 |g|=4.87e-04 bin=0.001 S_flip=0.176 t=91s
[P700_h120_pad0.080_s1001] it  97 J=0.15550 A_min=0.1467 A_mean=0.1567 |g|=5.01e-04 bin=0.001 S_flip=0.176 t=92s
[P700_h120_pad0.080_s1001] it  98 J=0.15550 A_min=0.1467 A_mean=0.1567 |g|=5.18e-04 bin=0.001 S_flip=0.176 t=93s
[P700_h120_pad0.080_s1001] it  99 J=0.15551 A_min=0.1467 A_mean=0.1567 |g|=5.36e-04 bin=0.001 S_flip=0.176 t=94s
[P700_h120_pad0.080_s1001] done: J_soft=0.15551 J_hard=0.15551 A_hard=[0.1467, 0.175, 0.1486] S_flip=0.178 wall=95s
[P700_h120_pad0.080_s7777] it   0 J=0.08687 A_min=0.0794 A_mean=0.0878 |g|=1.44e-03 bin=0.658 S_flip=0.050 t=1s
[P700_h120_pad0.080_s7777] it   1 J=0.08738 A_min=0.0799 A_mean=0.0883 |g|=1.50e-03 bin=0.656 S_flip=0.051 t=2s
[P700_h120_pad0.080_s7777] it   2 J=0.08795 A_min=0.0804 A_mean=0.0889 |g|=1.57e-03 bin=0.653 S_flip=0.052 t=3s
[P700_h120_pad0.080_s7777] it   3 J=0.08858 A_min=0.0810 A_mean=0.0895 |g|=1.64e-03 bin=0.650 S_flip=0.053 t=4s
[P700_h120_pad0.080_s7777] it   4 J=0.08929 A_min=0.0817 A_mean=0.0902 |g|=1.73e-03 bin=0.647 S_flip=0.054 t=5s
[P700_h120_pad0.080_s7777] it   5 J=0.09009 A_min=0.0825 A_mean=0.0910 |g|=1.83e-03 bin=0.643 S_flip=0.055 t=6s
[P700_h120_pad0.080_s7777] it   6 J=0.09101 A_min=0.0834 A_mean=0.0920 |g|=1.94e-03 bin=0.638 S_flip=0.057 t=7s
[P700_h120_pad0.080_s7777] it   7 J=0.09205 A_min=0.0844 A_mean=0.0930 |g|=2.06e-03 bin=0.633 S_flip=0.058 t=8s
[P700_h120_pad0.080_s7777] it   8 J=0.09324 A_min=0.0855 A_mean=0.0942 |g|=2.19e-03 bin=0.627 S_flip=0.060 t=9s
[P700_h120_pad0.080_s7777] it   9 J=0.09460 A_min=0.0868 A_mean=0.0956 |g|=2.34e-03 bin=0.620 S_flip=0.061 t=10s
[P700_h120_pad0.080_s7777] it  10 J=0.09616 A_min=0.0884 A_mean=0.0971 |g|=2.49e-03 bin=0.611 S_flip=0.063 t=11s
[P700_h120_pad0.080_s7777] it  11 J=0.09794 A_min=0.0901 A_mean=0.0989 |g|=2.66e-03 bin=0.602 S_flip=0.064 t=12s
[P700_h120_pad0.080_s7777] it  12 J=0.09996 A_min=0.0920 A_mean=0.1009 |g|=2.82e-03 bin=0.591 S_flip=0.066 t=12s
[P700_h120_pad0.080_s7777] it  13 J=0.10225 A_min=0.0943 A_mean=0.1032 |g|=2.99e-03 bin=0.578 S_flip=0.067 t=13s
[P700_h120_pad0.080_s7777] it  14 J=0.10482 A_min=0.0967 A_mean=0.1058 |g|=3.14e-03 bin=0.563 S_flip=0.068 t=14s
[P700_h120_pad0.080_s7777] it  15 J=0.10767 A_min=0.0995 A_mean=0.1087 |g|=3.27e-03 bin=0.546 S_flip=0.069 t=15s
[P700_h120_pad0.080_s7777] it  16 J=0.11078 A_min=0.1025 A_mean=0.1118 |g|=3.36e-03 bin=0.526 S_flip=0.070 t=16s
[P700_h120_pad0.080_s7777] it  17 J=0.11413 A_min=0.1058 A_mean=0.1152 |g|=3.41e-03 bin=0.503 S_flip=0.070 t=17s
[P700_h120_pad0.080_s7777] it  18 J=0.11766 A_min=0.1092 A_mean=0.1187 |g|=3.40e-03 bin=0.477 S_flip=0.070 t=18s
[P700_h120_pad0.080_s7777] it  19 J=0.12129 A_min=0.1127 A_mean=0.1223 |g|=3.32e-03 bin=0.449 S_flip=0.070 t=19s
[P700_h120_pad0.080_s7777] it  20 J=0.12494 A_min=0.1162 A_mean=0.1260 |g|=3.18e-03 bin=0.417 S_flip=0.070 t=20s
[P700_h120_pad0.080_s7777] it  21 J=0.12850 A_min=0.1197 A_mean=0.1296 |g|=2.98e-03 bin=0.385 S_flip=0.069 t=21s
[P700_h120_pad0.080_s7777] it  22 J=0.13188 A_min=0.1230 A_mean=0.1330 |g|=2.74e-03 bin=0.351 S_flip=0.069 t=21s
[P700_h120_pad0.080_s7777] it  23 J=0.13501 A_min=0.1260 A_mean=0.1361 |g|=2.47e-03 bin=0.318 S_flip=0.069 t=22s
[P700_h120_pad0.080_s7777] it  24 J=0.13782 A_min=0.1288 A_mean=0.1389 |g|=2.20e-03 bin=0.285 S_flip=0.070 t=23s
[P700_h120_pad0.080_s7777] it  25 J=0.14030 A_min=0.1312 A_mean=0.1414 |g|=1.94e-03 bin=0.255 S_flip=0.070 t=24s
[P700_h120_pad0.080_s7777] it  26 J=0.14244 A_min=0.1333 A_mean=0.1436 |g|=1.71e-03 bin=0.227 S_flip=0.072 t=25s
[P700_h120_pad0.080_s7777] it  27 J=0.14426 A_min=0.1351 A_mean=0.1454 |g|=1.52e-03 bin=0.201 S_flip=0.073 t=26s
[P700_h120_pad0.080_s7777] it  28 J=0.14579 A_min=0.1366 A_mean=0.1469 |g|=1.36e-03 bin=0.179 S_flip=0.075 t=27s
[P700_h120_pad0.080_s7777] it  29 J=0.14707 A_min=0.1379 A_mean=0.1482 |g|=1.24e-03 bin=0.159 S_flip=0.077 t=28s
[P700_h120_pad0.080_s7777] it  30 J=0.14813 A_min=0.1390 A_mean=0.1493 |g|=1.15e-03 bin=0.142 S_flip=0.079 t=29s
[P700_h120_pad0.080_s7777] it  31 J=0.14902 A_min=0.1399 A_mean=0.1502 |g|=1.08e-03 bin=0.127 S_flip=0.082 t=29s
[P700_h120_pad0.080_s7777] it  32 J=0.14977 A_min=0.1406 A_mean=0.1509 |g|=1.03e-03 bin=0.114 S_flip=0.084 t=30s
[P700_h120_pad0.080_s7777] it  33 J=0.15040 A_min=0.1413 A_mean=0.1516 |g|=9.87e-04 bin=0.103 S_flip=0.086 t=31s
[P700_h120_pad0.080_s7777] it  34 J=0.15094 A_min=0.1418 A_mean=0.1521 |g|=9.53e-04 bin=0.093 S_flip=0.089 t=32s
[P700_h120_pad0.080_s7777] it  35 J=0.15140 A_min=0.1423 A_mean=0.1526 |g|=9.25e-04 bin=0.085 S_flip=0.091 t=33s
[P700_h120_pad0.080_s7777] it  36 J=0.15179 A_min=0.1427 A_mean=0.1530 |g|=9.00e-04 bin=0.077 S_flip=0.094 t=34s
[P700_h120_pad0.080_s7777] it  37 J=0.15214 A_min=0.1431 A_mean=0.1533 |g|=8.77e-04 bin=0.071 S_flip=0.097 t=35s
[P700_h120_pad0.080_s7777] it  38 J=0.15244 A_min=0.1434 A_mean=0.1536 |g|=8.55e-04 bin=0.065 S_flip=0.099 t=36s
[P700_h120_pad0.080_s7777] it  39 J=0.15271 A_min=0.1437 A_mean=0.1539 |g|=8.34e-04 bin=0.060 S_flip=0.102 t=37s
[P700_h120_pad0.080_s7777] it  40 J=0.15295 A_min=0.1439 A_mean=0.1541 |g|=8.14e-04 bin=0.055 S_flip=0.105 t=38s
[P700_h120_pad0.080_s7777] it  41 J=0.15316 A_min=0.1441 A_mean=0.1544 |g|=7.94e-04 bin=0.051 S_flip=0.107 t=38s
[P700_h120_pad0.080_s7777] it  42 J=0.15335 A_min=0.1443 A_mean=0.1545 |g|=7.74e-04 bin=0.047 S_flip=0.110 t=39s
[P700_h120_pad0.080_s7777] it  43 J=0.15352 A_min=0.1445 A_mean=0.1547 |g|=7.55e-04 bin=0.043 S_flip=0.113 t=40s
[P700_h120_pad0.080_s7777] it  44 J=0.15367 A_min=0.1447 A_mean=0.1549 |g|=7.36e-04 bin=0.040 S_flip=0.115 t=41s
[P700_h120_pad0.080_s7777] it  45 J=0.15380 A_min=0.1448 A_mean=0.1550 |g|=7.18e-04 bin=0.037 S_flip=0.118 t=42s
[P700_h120_pad0.080_s7777] it  46 J=0.15392 A_min=0.1449 A_mean=0.1551 |g|=7.01e-04 bin=0.035 S_flip=0.120 t=43s
[P700_h120_pad0.080_s7777] it  47 J=0.15403 A_min=0.1451 A_mean=0.1552 |g|=6.84e-04 bin=0.032 S_flip=0.123 t=44s
[P700_h120_pad0.080_s7777] it  48 J=0.15413 A_min=0.1452 A_mean=0.1553 |g|=6.69e-04 bin=0.030 S_flip=0.125 t=44s
[P700_h120_pad0.080_s7777] it  49 J=0.15422 A_min=0.1453 A_mean=0.1554 |g|=6.54e-04 bin=0.028 S_flip=0.127 t=45s
[P700_h120_pad0.080_s7777] it  50 J=0.15430 A_min=0.1453 A_mean=0.1555 |g|=6.40e-04 bin=0.026 S_flip=0.130 t=46s
[P700_h120_pad0.080_s7777] it  51 J=0.15437 A_min=0.1454 A_mean=0.1556 |g|=6.28e-04 bin=0.024 S_flip=0.132 t=47s
[P700_h120_pad0.080_s7777] it  52 J=0.15444 A_min=0.1455 A_mean=0.1556 |g|=6.17e-04 bin=0.023 S_flip=0.134 t=48s
[P700_h120_pad0.080_s7777] it  53 J=0.15450 A_min=0.1455 A_mean=0.1557 |g|=6.07e-04 bin=0.021 S_flip=0.136 t=49s
[P700_h120_pad0.080_s7777] it  54 J=0.15455 A_min=0.1456 A_mean=0.1558 |g|=5.98e-04 bin=0.020 S_flip=0.138 t=50s
[P700_h120_pad0.080_s7777] it  55 J=0.15460 A_min=0.1457 A_mean=0.1558 |g|=5.91e-04 bin=0.019 S_flip=0.139 t=51s
[P700_h120_pad0.080_s7777] it  56 J=0.15465 A_min=0.1457 A_mean=0.1559 |g|=5.85e-04 bin=0.017 S_flip=0.141 t=52s
[P700_h120_pad0.080_s7777] it  57 J=0.15469 A_min=0.1458 A_mean=0.1559 |g|=5.80e-04 bin=0.016 S_flip=0.143 t=53s
[P700_h120_pad0.080_s7777] it  58 J=0.15473 A_min=0.1458 A_mean=0.1559 |g|=5.76e-04 bin=0.015 S_flip=0.144 t=54s
[P700_h120_pad0.080_s7777] it  59 J=0.15476 A_min=0.1458 A_mean=0.1560 |g|=5.72e-04 bin=0.014 S_flip=0.146 t=55s
[P700_h120_pad0.080_s7777] it  60 J=0.15480 A_min=0.1459 A_mean=0.1560 |g|=5.69e-04 bin=0.013 S_flip=0.148 t=56s
[P700_h120_pad0.080_s7777] it  61 J=0.15483 A_min=0.1459 A_mean=0.1560 |g|=5.66e-04 bin=0.013 S_flip=0.149 t=56s
[P700_h120_pad0.080_s7777] it  62 J=0.15486 A_min=0.1459 A_mean=0.1561 |g|=5.64e-04 bin=0.012 S_flip=0.151 t=57s
[P700_h120_pad0.080_s7777] it  63 J=0.15488 A_min=0.1460 A_mean=0.1561 |g|=5.62e-04 bin=0.011 S_flip=0.152 t=58s
[P700_h120_pad0.080_s7777] it  64 J=0.15491 A_min=0.1460 A_mean=0.1561 |g|=5.60e-04 bin=0.010 S_flip=0.153 t=59s
[P700_h120_pad0.080_s7777] it  65 J=0.15493 A_min=0.1460 A_mean=0.1561 |g|=5.58e-04 bin=0.010 S_flip=0.155 t=60s
[P700_h120_pad0.080_s7777] it  66 J=0.15495 A_min=0.1460 A_mean=0.1562 |g|=5.56e-04 bin=0.009 S_flip=0.156 t=61s
[P700_h120_pad0.080_s7777] it  67 J=0.15497 A_min=0.1461 A_mean=0.1562 |g|=5.54e-04 bin=0.008 S_flip=0.157 t=62s
[P700_h120_pad0.080_s7777] it  68 J=0.15499 A_min=0.1461 A_mean=0.1562 |g|=5.51e-04 bin=0.008 S_flip=0.158 t=63s
[P700_h120_pad0.080_s7777] it  69 J=0.15501 A_min=0.1461 A_mean=0.1562 |g|=5.46e-04 bin=0.007 S_flip=0.159 t=63s
[P700_h120_pad0.080_s7777] it  70 J=0.15503 A_min=0.1461 A_mean=0.1562 |g|=5.40e-04 bin=0.007 S_flip=0.160 t=64s
[P700_h120_pad0.080_s7777] it  71 J=0.15504 A_min=0.1461 A_mean=0.1563 |g|=5.33e-04 bin=0.006 S_flip=0.161 t=65s
[P700_h120_pad0.080_s7777] it  72 J=0.15505 A_min=0.1462 A_mean=0.1563 |g|=5.25e-04 bin=0.006 S_flip=0.162 t=66s
[P700_h120_pad0.080_s7777] it  73 J=0.15506 A_min=0.1462 A_mean=0.1563 |g|=5.17e-04 bin=0.005 S_flip=0.163 t=67s
[P700_h120_pad0.080_s7777] it  74 J=0.15508 A_min=0.1462 A_mean=0.1563 |g|=5.09e-04 bin=0.005 S_flip=0.163 t=68s
[P700_h120_pad0.080_s7777] it  75 J=0.15509 A_min=0.1462 A_mean=0.1563 |g|=5.01e-04 bin=0.005 S_flip=0.164 t=69s
[P700_h120_pad0.080_s7777] it  76 J=0.15509 A_min=0.1462 A_mean=0.1563 |g|=4.95e-04 bin=0.004 S_flip=0.164 t=70s
[P700_h120_pad0.080_s7777] it  77 J=0.15510 A_min=0.1462 A_mean=0.1563 |g|=4.89e-04 bin=0.004 S_flip=0.165 t=71s
[P700_h120_pad0.080_s7777] it  78 J=0.15511 A_min=0.1462 A_mean=0.1563 |g|=4.84e-04 bin=0.004 S_flip=0.165 t=72s
[P700_h120_pad0.080_s7777] it  79 J=0.15512 A_min=0.1462 A_mean=0.1563 |g|=4.79e-04 bin=0.003 S_flip=0.166 t=73s
[P700_h120_pad0.080_s7777] it  80 J=0.15512 A_min=0.1462 A_mean=0.1563 |g|=4.74e-04 bin=0.003 S_flip=0.166 t=74s
[P700_h120_pad0.080_s7777] it  81 J=0.15513 A_min=0.1462 A_mean=0.1563 |g|=4.70e-04 bin=0.003 S_flip=0.167 t=75s
[P700_h120_pad0.080_s7777] it  82 J=0.15513 A_min=0.1462 A_mean=0.1563 |g|=4.68e-04 bin=0.003 S_flip=0.167 t=76s
[P700_h120_pad0.080_s7777] it  83 J=0.15513 A_min=0.1462 A_mean=0.1564 |g|=4.67e-04 bin=0.003 S_flip=0.167 t=77s
[P700_h120_pad0.080_s7777] it  84 J=0.15514 A_min=0.1463 A_mean=0.1564 |g|=4.69e-04 bin=0.002 S_flip=0.167 t=78s
[P700_h120_pad0.080_s7777] it  85 J=0.15514 A_min=0.1463 A_mean=0.1564 |g|=4.74e-04 bin=0.002 S_flip=0.168 t=78s
[P700_h120_pad0.080_s7777] it  86 J=0.15514 A_min=0.1463 A_mean=0.1564 |g|=4.83e-04 bin=0.002 S_flip=0.168 t=79s
[P700_h120_pad0.080_s7777] it  87 J=0.15515 A_min=0.1463 A_mean=0.1564 |g|=4.95e-04 bin=0.002 S_flip=0.168 t=80s
[P700_h120_pad0.080_s7777] it  88 J=0.15515 A_min=0.1463 A_mean=0.1564 |g|=5.09e-04 bin=0.002 S_flip=0.168 t=81s
[P700_h120_pad0.080_s7777] it  89 J=0.15515 A_min=0.1463 A_mean=0.1564 |g|=5.25e-04 bin=0.002 S_flip=0.168 t=82s
[P700_h120_pad0.080_s7777] it  90 J=0.15515 A_min=0.1463 A_mean=0.1564 |g|=5.41e-04 bin=0.002 S_flip=0.169 t=83s
[P700_h120_pad0.080_s7777] it  91 J=0.15515 A_min=0.1463 A_mean=0.1564 |g|=5.56e-04 bin=0.001 S_flip=0.169 t=84s
[P700_h120_pad0.080_s7777] it  92 J=0.15516 A_min=0.1463 A_mean=0.1564 |g|=5.70e-04 bin=0.001 S_flip=0.169 t=85s
[P700_h120_pad0.080_s7777] it  93 J=0.15516 A_min=0.1463 A_mean=0.1564 |g|=5.82e-04 bin=0.001 S_flip=0.169 t=86s
[P700_h120_pad0.080_s7777] it  94 J=0.15516 A_min=0.1463 A_mean=0.1564 |g|=5.92e-04 bin=0.001 S_flip=0.169 t=87s
[P700_h120_pad0.080_s7777] it  95 J=0.15516 A_min=0.1463 A_mean=0.1564 |g|=6.01e-04 bin=0.001 S_flip=0.169 t=88s
[P700_h120_pad0.080_s7777] it  96 J=0.15516 A_min=0.1463 A_mean=0.1564 |g|=6.09e-04 bin=0.001 S_flip=0.170 t=89s
[P700_h120_pad0.080_s7777] it  97 J=0.15516 A_min=0.1463 A_mean=0.1564 |g|=6.19e-04 bin=0.001 S_flip=0.170 t=90s
[P700_h120_pad0.080_s7777] it  98 J=0.15516 A_min=0.1463 A_mean=0.1564 |g|=6.30e-04 bin=0.001 S_flip=0.170 t=91s
[P700_h120_pad0.080_s7777] it  99 J=0.15516 A_min=0.1463 A_mean=0.1564 |g|=6.43e-04 bin=0.001 S_flip=0.170 t=92s
[P700_h120_pad0.080_s7777] done: J_soft=0.15516 J_hard=0.15516 A_hard=[0.1463, 0.1744, 0.1485] S_flip=0.173 wall=93s
[P700_h120_pad0.120_s333] it   0 J=0.08915 A_min=0.0813 A_mean=0.0901 |g|=1.73e-03 bin=0.536 S_flip=0.057 t=1s
[P700_h120_pad0.120_s333] it   1 J=0.08972 A_min=0.0818 A_mean=0.0907 |g|=1.80e-03 bin=0.535 S_flip=0.058 t=2s
[P700_h120_pad0.120_s333] it   2 J=0.09035 A_min=0.0824 A_mean=0.0913 |g|=1.88e-03 bin=0.532 S_flip=0.059 t=3s
[P700_h120_pad0.120_s333] it   3 J=0.09106 A_min=0.0831 A_mean=0.0920 |g|=1.96e-03 bin=0.530 S_flip=0.060 t=4s
[P700_h120_pad0.120_s333] it   4 J=0.09185 A_min=0.0839 A_mean=0.0928 |g|=2.06e-03 bin=0.527 S_flip=0.062 t=5s
[P700_h120_pad0.120_s333] it   5 J=0.09274 A_min=0.0847 A_mean=0.0937 |g|=2.17e-03 bin=0.524 S_flip=0.063 t=6s
[P700_h120_pad0.120_s333] it   6 J=0.09376 A_min=0.0857 A_mean=0.0947 |g|=2.29e-03 bin=0.519 S_flip=0.065 t=7s
[P700_h120_pad0.120_s333] it   7 J=0.09493 A_min=0.0869 A_mean=0.0959 |g|=2.42e-03 bin=0.515 S_flip=0.066 t=8s
[P700_h120_pad0.120_s333] it   8 J=0.09626 A_min=0.0882 A_mean=0.0973 |g|=2.56e-03 bin=0.509 S_flip=0.068 t=9s
[P700_h120_pad0.120_s333] it   9 J=0.09780 A_min=0.0897 A_mean=0.0988 |g|=2.71e-03 bin=0.503 S_flip=0.070 t=10s
[P700_h120_pad0.120_s333] it  10 J=0.09956 A_min=0.0914 A_mean=0.1006 |g|=2.86e-03 bin=0.495 S_flip=0.072 t=11s
[P700_h120_pad0.120_s333] it  11 J=0.10157 A_min=0.0933 A_mean=0.1026 |g|=3.02e-03 bin=0.486 S_flip=0.074 t=12s
[P700_h120_pad0.120_s333] it  12 J=0.10385 A_min=0.0955 A_mean=0.1049 |g|=3.17e-03 bin=0.475 S_flip=0.076 t=13s
[P700_h120_pad0.120_s333] it  13 J=0.10641 A_min=0.0980 A_mean=0.1074 |g|=3.31e-03 bin=0.463 S_flip=0.077 t=14s
[P700_h120_pad0.120_s333] it  14 J=0.10926 A_min=0.1008 A_mean=0.1103 |g|=3.42e-03 bin=0.448 S_flip=0.079 t=15s
[P700_h120_pad0.120_s333] it  15 J=0.11236 A_min=0.1038 A_mean=0.1134 |g|=3.50e-03 bin=0.431 S_flip=0.081 t=16s
[P700_h120_pad0.120_s333] it  16 J=0.11570 A_min=0.1071 A_mean=0.1167 |g|=3.52e-03 bin=0.411 S_flip=0.082 t=17s
[P700_h120_pad0.120_s333] it  17 J=0.11920 A_min=0.1105 A_mean=0.1203 |g|=3.49e-03 bin=0.388 S_flip=0.084 t=17s
[P700_h120_pad0.120_s333] it  18 J=0.12280 A_min=0.1140 A_mean=0.1239 |g|=3.39e-03 bin=0.364 S_flip=0.085 t=18s
[P700_h120_pad0.120_s333] it  19 J=0.12638 A_min=0.1175 A_mean=0.1274 |g|=3.23e-03 bin=0.337 S_flip=0.087 t=19s
[P700_h120_pad0.120_s333] it  20 J=0.12986 A_min=0.1208 A_mean=0.1309 |g|=3.02e-03 bin=0.309 S_flip=0.088 t=20s
[P700_h120_pad0.120_s333] it  21 J=0.13314 A_min=0.1241 A_mean=0.1342 |g|=2.78e-03 bin=0.281 S_flip=0.089 t=21s
[P700_h120_pad0.120_s333] it  22 J=0.13614 A_min=0.1270 A_mean=0.1372 |g|=2.51e-03 bin=0.253 S_flip=0.091 t=22s
[P700_h120_pad0.120_s333] it  23 J=0.13883 A_min=0.1296 A_mean=0.1399 |g|=2.24e-03 bin=0.226 S_flip=0.092 t=23s
[P700_h120_pad0.120_s333] it  24 J=0.14118 A_min=0.1319 A_mean=0.1423 |g|=1.98e-03 bin=0.202 S_flip=0.094 t=24s
[P700_h120_pad0.120_s333] it  25 J=0.14319 A_min=0.1339 A_mean=0.1443 |g|=1.75e-03 bin=0.179 S_flip=0.096 t=25s
[P700_h120_pad0.120_s333] it  26 J=0.14488 A_min=0.1356 A_mean=0.1460 |g|=1.54e-03 bin=0.159 S_flip=0.098 t=26s
[P700_h120_pad0.120_s333] it  27 J=0.14629 A_min=0.1370 A_mean=0.1474 |g|=1.37e-03 bin=0.141 S_flip=0.101 t=27s
[P700_h120_pad0.120_s333] it  28 J=0.14745 A_min=0.1382 A_mean=0.1486 |g|=1.21e-03 bin=0.125 S_flip=0.104 t=27s
[P700_h120_pad0.120_s333] it  29 J=0.14841 A_min=0.1391 A_mean=0.1495 |g|=1.09e-03 bin=0.112 S_flip=0.106 t=28s
[P700_h120_pad0.120_s333] it  30 J=0.14919 A_min=0.1399 A_mean=0.1503 |g|=9.78e-04 bin=0.100 S_flip=0.109 t=29s
[P700_h120_pad0.120_s333] it  31 J=0.14983 A_min=0.1406 A_mean=0.1510 |g|=8.87e-04 bin=0.090 S_flip=0.113 t=30s
[P700_h120_pad0.120_s333] it  32 J=0.15037 A_min=0.1411 A_mean=0.1515 |g|=8.10e-04 bin=0.082 S_flip=0.116 t=31s
[P700_h120_pad0.120_s333] it  33 J=0.15081 A_min=0.1415 A_mean=0.1520 |g|=7.45e-04 bin=0.074 S_flip=0.119 t=32s
[P700_h120_pad0.120_s333] it  34 J=0.15118 A_min=0.1419 A_mean=0.1523 |g|=6.91e-04 bin=0.067 S_flip=0.123 t=33s
[P700_h120_pad0.120_s333] it  35 J=0.15149 A_min=0.1422 A_mean=0.1526 |g|=6.45e-04 bin=0.062 S_flip=0.126 t=33s
[P700_h120_pad0.120_s333] it  36 J=0.15175 A_min=0.1425 A_mean=0.1529 |g|=6.07e-04 bin=0.056 S_flip=0.129 t=34s
[P700_h120_pad0.120_s333] it  37 J=0.15198 A_min=0.1427 A_mean=0.1531 |g|=5.74e-04 bin=0.052 S_flip=0.133 t=35s
[P700_h120_pad0.120_s333] it  38 J=0.15217 A_min=0.1429 A_mean=0.1533 |g|=5.47e-04 bin=0.048 S_flip=0.136 t=36s
[P700_h120_pad0.120_s333] it  39 J=0.15234 A_min=0.1431 A_mean=0.1535 |g|=5.24e-04 bin=0.044 S_flip=0.140 t=37s
[P700_h120_pad0.120_s333] it  40 J=0.15248 A_min=0.1433 A_mean=0.1536 |g|=5.05e-04 bin=0.040 S_flip=0.143 t=38s
[P700_h120_pad0.120_s333] it  41 J=0.15261 A_min=0.1434 A_mean=0.1538 |g|=4.90e-04 bin=0.037 S_flip=0.147 t=39s
[P700_h120_pad0.120_s333] it  42 J=0.15272 A_min=0.1435 A_mean=0.1539 |g|=4.77e-04 bin=0.035 S_flip=0.150 t=40s
[P700_h120_pad0.120_s333] it  43 J=0.15282 A_min=0.1436 A_mean=0.1540 |g|=4.66e-04 bin=0.032 S_flip=0.153 t=41s
[P700_h120_pad0.120_s333] it  44 J=0.15290 A_min=0.1437 A_mean=0.1541 |g|=4.58e-04 bin=0.030 S_flip=0.156 t=42s
[P700_h120_pad0.120_s333] it  45 J=0.15298 A_min=0.1438 A_mean=0.1541 |g|=4.51e-04 bin=0.028 S_flip=0.159 t=43s
[P700_h120_pad0.120_s333] it  46 J=0.15305 A_min=0.1438 A_mean=0.1542 |g|=4.46e-04 bin=0.026 S_flip=0.162 t=44s
[P700_h120_pad0.120_s333] it  47 J=0.15311 A_min=0.1439 A_mean=0.1543 |g|=4.41e-04 bin=0.024 S_flip=0.165 t=45s
[P700_h120_pad0.120_s333] it  48 J=0.15317 A_min=0.1440 A_mean=0.1543 |g|=4.35e-04 bin=0.022 S_flip=0.168 t=46s
[P700_h120_pad0.120_s333] it  49 J=0.15322 A_min=0.1440 A_mean=0.1544 |g|=4.29e-04 bin=0.020 S_flip=0.171 t=47s
[P700_h120_pad0.120_s333] it  50 J=0.15326 A_min=0.1441 A_mean=0.1544 |g|=4.21e-04 bin=0.019 S_flip=0.174 t=48s
[P700_h120_pad0.120_s333] it  51 J=0.15331 A_min=0.1441 A_mean=0.1545 |g|=4.10e-04 bin=0.017 S_flip=0.176 t=49s
[P700_h120_pad0.120_s333] it  52 J=0.15334 A_min=0.1442 A_mean=0.1545 |g|=3.97e-04 bin=0.016 S_flip=0.179 t=50s
[P700_h120_pad0.120_s333] it  53 J=0.15338 A_min=0.1442 A_mean=0.1545 |g|=3.82e-04 bin=0.015 S_flip=0.182 t=50s
[P700_h120_pad0.120_s333] it  54 J=0.15341 A_min=0.1442 A_mean=0.1546 |g|=3.65e-04 bin=0.013 S_flip=0.185 t=51s
[P700_h120_pad0.120_s333] it  55 J=0.15344 A_min=0.1443 A_mean=0.1546 |g|=3.47e-04 bin=0.012 S_flip=0.188 t=52s
[P700_h120_pad0.120_s333] it  56 J=0.15346 A_min=0.1443 A_mean=0.1546 |g|=3.29e-04 bin=0.011 S_flip=0.190 t=53s
[P700_h120_pad0.120_s333] it  57 J=0.15348 A_min=0.1443 A_mean=0.1546 |g|=3.13e-04 bin=0.010 S_flip=0.193 t=54s
[P700_h120_pad0.120_s333] it  58 J=0.15350 A_min=0.1443 A_mean=0.1547 |g|=2.98e-04 bin=0.009 S_flip=0.195 t=55s
[P700_h120_pad0.120_s333] it  59 J=0.15352 A_min=0.1443 A_mean=0.1547 |g|=2.86e-04 bin=0.008 S_flip=0.197 t=56s
[P700_h120_pad0.120_s333] it  60 J=0.15353 A_min=0.1444 A_mean=0.1547 |g|=2.77e-04 bin=0.008 S_flip=0.198 t=57s
[P700_h120_pad0.120_s333] it  61 J=0.15354 A_min=0.1444 A_mean=0.1547 |g|=2.70e-04 bin=0.007 S_flip=0.200 t=58s
[P700_h120_pad0.120_s333] it  62 J=0.15355 A_min=0.1444 A_mean=0.1547 |g|=2.65e-04 bin=0.006 S_flip=0.201 t=59s
[P700_h120_pad0.120_s333] it  63 J=0.15356 A_min=0.1444 A_mean=0.1547 |g|=2.63e-04 bin=0.006 S_flip=0.202 t=60s
[P700_h120_pad0.120_s333] it  64 J=0.15357 A_min=0.1444 A_mean=0.1547 |g|=2.62e-04 bin=0.005 S_flip=0.203 t=61s
[P700_h120_pad0.120_s333] it  65 J=0.15357 A_min=0.1444 A_mean=0.1547 |g|=2.63e-04 bin=0.005 S_flip=0.204 t=62s
[P700_h120_pad0.120_s333] it  66 J=0.15358 A_min=0.1444 A_mean=0.1547 |g|=2.66e-04 bin=0.005 S_flip=0.205 t=63s
[P700_h120_pad0.120_s333] it  67 J=0.15358 A_min=0.1444 A_mean=0.1547 |g|=2.71e-04 bin=0.004 S_flip=0.206 t=64s
[P700_h120_pad0.120_s333] it  68 J=0.15359 A_min=0.1444 A_mean=0.1548 |g|=2.78e-04 bin=0.004 S_flip=0.207 t=64s
[P700_h120_pad0.120_s333] it  69 J=0.15359 A_min=0.1444 A_mean=0.1548 |g|=2.88e-04 bin=0.004 S_flip=0.207 t=65s
[P700_h120_pad0.120_s333] it  70 J=0.15360 A_min=0.1444 A_mean=0.1548 |g|=3.01e-04 bin=0.004 S_flip=0.208 t=66s
[P700_h120_pad0.120_s333] it  71 J=0.15360 A_min=0.1444 A_mean=0.1548 |g|=3.19e-04 bin=0.003 S_flip=0.208 t=67s
[P700_h120_pad0.120_s333] it  72 J=0.15360 A_min=0.1444 A_mean=0.1548 |g|=3.41e-04 bin=0.003 S_flip=0.209 t=68s
[P700_h120_pad0.120_s333] it  73 J=0.15361 A_min=0.1444 A_mean=0.1548 |g|=3.70e-04 bin=0.003 S_flip=0.209 t=69s
[P700_h120_pad0.120_s333] it  74 J=0.15361 A_min=0.1444 A_mean=0.1548 |g|=4.04e-04 bin=0.003 S_flip=0.209 t=70s
[P700_h120_pad0.120_s333] it  75 J=0.15362 A_min=0.1445 A_mean=0.1548 |g|=4.44e-04 bin=0.003 S_flip=0.209 t=71s
[P700_h120_pad0.120_s333] it  76 J=0.15362 A_min=0.1445 A_mean=0.1548 |g|=4.89e-04 bin=0.003 S_flip=0.209 t=72s
[P700_h120_pad0.120_s333] it  77 J=0.15362 A_min=0.1445 A_mean=0.1548 |g|=5.32e-04 bin=0.002 S_flip=0.209 t=73s
[P700_h120_pad0.120_s333] it  78 J=0.15363 A_min=0.1445 A_mean=0.1548 |g|=5.68e-04 bin=0.002 S_flip=0.209 t=74s
[P700_h120_pad0.120_s333] it  79 J=0.15363 A_min=0.1445 A_mean=0.1548 |g|=5.88e-04 bin=0.002 S_flip=0.209 t=74s
[P700_h120_pad0.120_s333] it  80 J=0.15364 A_min=0.1445 A_mean=0.1548 |g|=5.89e-04 bin=0.002 S_flip=0.209 t=75s
[P700_h120_pad0.120_s333] it  81 J=0.15364 A_min=0.1445 A_mean=0.1548 |g|=5.72e-04 bin=0.002 S_flip=0.209 t=76s
[P700_h120_pad0.120_s333] it  82 J=0.15365 A_min=0.1445 A_mean=0.1548 |g|=5.44e-04 bin=0.002 S_flip=0.209 t=77s
[P700_h120_pad0.120_s333] it  83 J=0.15365 A_min=0.1445 A_mean=0.1548 |g|=5.10e-04 bin=0.002 S_flip=0.209 t=78s
[P700_h120_pad0.120_s333] it  84 J=0.15366 A_min=0.1445 A_mean=0.1548 |g|=4.78e-04 bin=0.001 S_flip=0.209 t=79s
[P700_h120_pad0.120_s333] it  85 J=0.15366 A_min=0.1445 A_mean=0.1548 |g|=4.50e-04 bin=0.001 S_flip=0.209 t=80s
[P700_h120_pad0.120_s333] it  86 J=0.15366 A_min=0.1445 A_mean=0.1548 |g|=4.25e-04 bin=0.001 S_flip=0.209 t=81s
[P700_h120_pad0.120_s333] it  87 J=0.15367 A_min=0.1445 A_mean=0.1548 |g|=4.04e-04 bin=0.001 S_flip=0.209 t=82s
[P700_h120_pad0.120_s333] it  88 J=0.15367 A_min=0.1445 A_mean=0.1548 |g|=3.85e-04 bin=0.001 S_flip=0.209 t=83s
[P700_h120_pad0.120_s333] it  89 J=0.15367 A_min=0.1445 A_mean=0.1548 |g|=3.67e-04 bin=0.001 S_flip=0.210 t=83s
[P700_h120_pad0.120_s333] it  90 J=0.15367 A_min=0.1445 A_mean=0.1548 |g|=3.51e-04 bin=0.001 S_flip=0.210 t=84s
[P700_h120_pad0.120_s333] it  91 J=0.15367 A_min=0.1445 A_mean=0.1548 |g|=3.36e-04 bin=0.001 S_flip=0.210 t=85s
[P700_h120_pad0.120_s333] it  92 J=0.15367 A_min=0.1445 A_mean=0.1548 |g|=3.23e-04 bin=0.001 S_flip=0.210 t=86s
[P700_h120_pad0.120_s333] it  93 J=0.15367 A_min=0.1445 A_mean=0.1548 |g|=3.12e-04 bin=0.001 S_flip=0.210 t=87s
[P700_h120_pad0.120_s333] it  94 J=0.15367 A_min=0.1445 A_mean=0.1548 |g|=3.03e-04 bin=0.001 S_flip=0.210 t=87s
[P700_h120_pad0.120_s333] it  95 J=0.15367 A_min=0.1445 A_mean=0.1548 |g|=2.95e-04 bin=0.001 S_flip=0.210 t=88s
[P700_h120_pad0.120_s333] it  96 J=0.15367 A_min=0.1445 A_mean=0.1548 |g|=2.89e-04 bin=0.000 S_flip=0.210 t=89s
[P700_h120_pad0.120_s333] it  97 J=0.15367 A_min=0.1445 A_mean=0.1548 |g|=2.83e-04 bin=0.000 S_flip=0.211 t=90s
[P700_h120_pad0.120_s333] it  98 J=0.15367 A_min=0.1445 A_mean=0.1548 |g|=2.78e-04 bin=0.000 S_flip=0.211 t=91s
[P700_h120_pad0.120_s333] it  99 J=0.15367 A_min=0.1445 A_mean=0.1548 |g|=2.71e-04 bin=0.000 S_flip=0.211 t=92s
[P700_h120_pad0.120_s333] done: J_soft=0.15367 J_hard=0.15367 A_hard=[0.1445, 0.1724, 0.1476] S_flip=0.212 wall=93s
[P700_h120_pad0.120_s1001] it   0 J=0.08813 A_min=0.0803 A_mean=0.0891 |g|=1.72e-03 bin=0.536 S_flip=0.053 t=1s
[P700_h120_pad0.120_s1001] it   1 J=0.08866 A_min=0.0808 A_mean=0.0896 |g|=1.79e-03 bin=0.534 S_flip=0.054 t=2s
[P700_h120_pad0.120_s1001] it   2 J=0.08924 A_min=0.0814 A_mean=0.0902 |g|=1.87e-03 bin=0.532 S_flip=0.055 t=3s
[P700_h120_pad0.120_s1001] it   3 J=0.08989 A_min=0.0820 A_mean=0.0909 |g|=1.96e-03 bin=0.530 S_flip=0.056 t=4s
[P700_h120_pad0.120_s1001] it   4 J=0.09062 A_min=0.0827 A_mean=0.0916 |g|=2.05e-03 bin=0.527 S_flip=0.057 t=5s
[P700_h120_pad0.120_s1001] it   5 J=0.09144 A_min=0.0835 A_mean=0.0924 |g|=2.16e-03 bin=0.524 S_flip=0.058 t=6s
[P700_h120_pad0.120_s1001] it   6 J=0.09239 A_min=0.0844 A_mean=0.0934 |g|=2.29e-03 bin=0.520 S_flip=0.059 t=7s
[P700_h120_pad0.120_s1001] it   7 J=0.09347 A_min=0.0855 A_mean=0.0945 |g|=2.42e-03 bin=0.516 S_flip=0.060 t=8s
[P700_h120_pad0.120_s1001] it   8 J=0.09472 A_min=0.0867 A_mean=0.0957 |g|=2.57e-03 bin=0.511 S_flip=0.062 t=9s
[P700_h120_pad0.120_s1001] it   9 J=0.09617 A_min=0.0881 A_mean=0.0972 |g|=2.73e-03 bin=0.505 S_flip=0.063 t=10s
[P700_h120_pad0.120_s1001] it  10 J=0.09783 A_min=0.0897 A_mean=0.0988 |g|=2.89e-03 bin=0.498 S_flip=0.064 t=11s
[P700_h120_pad0.120_s1001] it  11 J=0.09975 A_min=0.0916 A_mean=0.1007 |g|=3.07e-03 bin=0.490 S_flip=0.065 t=12s
[P700_h120_pad0.120_s1001] it  12 J=0.10194 A_min=0.0937 A_mean=0.1029 |g|=3.24e-03 bin=0.480 S_flip=0.065 t=13s
[P700_h120_pad0.120_s1001] it  13 J=0.10443 A_min=0.0961 A_mean=0.1054 |g|=3.40e-03 bin=0.469 S_flip=0.066 t=14s
[P700_h120_pad0.120_s1001] it  14 J=0.10722 A_min=0.0988 A_mean=0.1082 |g|=3.54e-03 bin=0.455 S_flip=0.066 t=15s
[P700_h120_pad0.120_s1001] it  15 J=0.11031 A_min=0.1018 A_mean=0.1113 |g|=3.64e-03 bin=0.440 S_flip=0.066 t=15s
[P700_h120_pad0.120_s1001] it  16 J=0.11367 A_min=0.1051 A_mean=0.1147 |g|=3.69e-03 bin=0.421 S_flip=0.066 t=16s
[P700_h120_pad0.120_s1001] it  17 J=0.11723 A_min=0.1086 A_mean=0.1183 |g|=3.69e-03 bin=0.400 S_flip=0.065 t=17s
[P700_h120_pad0.120_s1001] it  18 J=0.12094 A_min=0.1122 A_mean=0.1220 |g|=3.61e-03 bin=0.376 S_flip=0.064 t=18s
[P700_h120_pad0.120_s1001] it  19 J=0.12468 A_min=0.1158 A_mean=0.1257 |g|=3.46e-03 bin=0.349 S_flip=0.063 t=19s
[P700_h120_pad0.120_s1001] it  20 J=0.12834 A_min=0.1194 A_mean=0.1294 |g|=3.25e-03 bin=0.321 S_flip=0.062 t=20s
[P700_h120_pad0.120_s1001] it  21 J=0.13183 A_min=0.1228 A_mean=0.1329 |g|=2.99e-03 bin=0.293 S_flip=0.062 t=20s
[P700_h120_pad0.120_s1001] it  22 J=0.13505 A_min=0.1260 A_mean=0.1361 |g|=2.71e-03 bin=0.264 S_flip=0.062 t=21s
[P700_h120_pad0.120_s1001] it  23 J=0.13794 A_min=0.1288 A_mean=0.1390 |g|=2.41e-03 bin=0.236 S_flip=0.062 t=22s
[P700_h120_pad0.120_s1001] it  24 J=0.14048 A_min=0.1313 A_mean=0.1416 |g|=2.13e-03 bin=0.210 S_flip=0.063 t=23s
[P700_h120_pad0.120_s1001] it  25 J=0.14265 A_min=0.1334 A_mean=0.1438 |g|=1.88e-03 bin=0.186 S_flip=0.064 t=24s
[P700_h120_pad0.120_s1001] it  26 J=0.14448 A_min=0.1352 A_mean=0.1456 |g|=1.65e-03 bin=0.165 S_flip=0.066 t=25s
[P700_h120_pad0.120_s1001] it  27 J=0.14600 A_min=0.1367 A_mean=0.1471 |g|=1.45e-03 bin=0.146 S_flip=0.068 t=26s
[P700_h120_pad0.120_s1001] it  28 J=0.14725 A_min=0.1380 A_mean=0.1484 |g|=1.29e-03 bin=0.129 S_flip=0.070 t=27s
[P700_h120_pad0.120_s1001] it  29 J=0.14827 A_min=0.1390 A_mean=0.1494 |g|=1.15e-03 bin=0.115 S_flip=0.073 t=28s
[P700_h120_pad0.120_s1001] it  30 J=0.14911 A_min=0.1398 A_mean=0.1502 |g|=1.03e-03 bin=0.103 S_flip=0.075 t=29s
[P700_h120_pad0.120_s1001] it  31 J=0.14979 A_min=0.1405 A_mean=0.1509 |g|=9.34e-04 bin=0.092 S_flip=0.078 t=30s
[P700_h120_pad0.120_s1001] it  32 J=0.15036 A_min=0.1411 A_mean=0.1515 |g|=8.51e-04 bin=0.083 S_flip=0.081 t=31s
[P700_h120_pad0.120_s1001] it  33 J=0.15082 A_min=0.1416 A_mean=0.1520 |g|=7.81e-04 bin=0.075 S_flip=0.084 t=31s
[P700_h120_pad0.120_s1001] it  34 J=0.15121 A_min=0.1420 A_mean=0.1524 |g|=7.21e-04 bin=0.068 S_flip=0.087 t=32s
[P700_h120_pad0.120_s1001] it  35 J=0.15154 A_min=0.1423 A_mean=0.1527 |g|=6.71e-04 bin=0.062 S_flip=0.090 t=33s
[P700_h120_pad0.120_s1001] it  36 J=0.15181 A_min=0.1426 A_mean=0.1530 |g|=6.28e-04 bin=0.057 S_flip=0.093 t=34s
[P700_h120_pad0.120_s1001] it  37 J=0.15205 A_min=0.1428 A_mean=0.1532 |g|=5.92e-04 bin=0.052 S_flip=0.096 t=35s
[P700_h120_pad0.120_s1001] it  38 J=0.15225 A_min=0.1430 A_mean=0.1534 |g|=5.61e-04 bin=0.048 S_flip=0.099 t=36s
[P700_h120_pad0.120_s1001] it  39 J=0.15242 A_min=0.1432 A_mean=0.1536 |g|=5.35e-04 bin=0.044 S_flip=0.102 t=37s
[P700_h120_pad0.120_s1001] it  40 J=0.15257 A_min=0.1434 A_mean=0.1537 |g|=5.14e-04 bin=0.041 S_flip=0.106 t=38s
[P700_h120_pad0.120_s1001] it  41 J=0.15270 A_min=0.1435 A_mean=0.1539 |g|=4.95e-04 bin=0.038 S_flip=0.109 t=39s
[P700_h120_pad0.120_s1001] it  42 J=0.15281 A_min=0.1436 A_mean=0.1540 |g|=4.80e-04 bin=0.035 S_flip=0.112 t=40s
[P700_h120_pad0.120_s1001] it  43 J=0.15291 A_min=0.1437 A_mean=0.1541 |g|=4.68e-04 bin=0.032 S_flip=0.115 t=40s
[P700_h120_pad0.120_s1001] it  44 J=0.15300 A_min=0.1438 A_mean=0.1542 |g|=4.58e-04 bin=0.030 S_flip=0.118 t=41s
[P700_h120_pad0.120_s1001] it  45 J=0.15308 A_min=0.1439 A_mean=0.1542 |g|=4.50e-04 bin=0.028 S_flip=0.120 t=42s
[P700_h120_pad0.120_s1001] it  46 J=0.15315 A_min=0.1440 A_mean=0.1543 |g|=4.45e-04 bin=0.026 S_flip=0.123 t=43s
[P700_h120_pad0.120_s1001] it  47 J=0.15321 A_min=0.1440 A_mean=0.1544 |g|=4.41e-04 bin=0.024 S_flip=0.126 t=44s
[P700_h120_pad0.120_s1001] it  48 J=0.15327 A_min=0.1441 A_mean=0.1544 |g|=4.38e-04 bin=0.022 S_flip=0.129 t=45s
[P700_h120_pad0.120_s1001] it  49 J=0.15332 A_min=0.1441 A_mean=0.1545 |g|=4.36e-04 bin=0.021 S_flip=0.131 t=46s
[P700_h120_pad0.120_s1001] it  50 J=0.15336 A_min=0.1442 A_mean=0.1545 |g|=4.34e-04 bin=0.019 S_flip=0.134 t=47s
[P700_h120_pad0.120_s1001] it  51 J=0.15341 A_min=0.1442 A_mean=0.1546 |g|=4.32e-04 bin=0.018 S_flip=0.137 t=48s
[P700_h120_pad0.120_s1001] it  52 J=0.15344 A_min=0.1443 A_mean=0.1546 |g|=4.27e-04 bin=0.017 S_flip=0.139 t=49s
[P700_h120_pad0.120_s1001] it  53 J=0.15348 A_min=0.1443 A_mean=0.1547 |g|=4.21e-04 bin=0.015 S_flip=0.142 t=50s
[P700_h120_pad0.120_s1001] it  54 J=0.15351 A_min=0.1443 A_mean=0.1547 |g|=4.12e-04 bin=0.014 S_flip=0.144 t=51s
[P700_h120_pad0.120_s1001] it  55 J=0.15354 A_min=0.1444 A_mean=0.1547 |g|=4.02e-04 bin=0.013 S_flip=0.147 t=52s
[P700_h120_pad0.120_s1001] it  56 J=0.15357 A_min=0.1444 A_mean=0.1547 |g|=3.91e-04 bin=0.012 S_flip=0.149 t=53s
[P700_h120_pad0.120_s1001] it  57 J=0.15359 A_min=0.1444 A_mean=0.1548 |g|=3.81e-04 bin=0.011 S_flip=0.151 t=54s
[P700_h120_pad0.120_s1001] it  58 J=0.15362 A_min=0.1445 A_mean=0.1548 |g|=3.70e-04 bin=0.010 S_flip=0.153 t=55s
[P700_h120_pad0.120_s1001] it  59 J=0.15364 A_min=0.1445 A_mean=0.1548 |g|=3.61e-04 bin=0.009 S_flip=0.154 t=56s
[P700_h120_pad0.120_s1001] it  60 J=0.15365 A_min=0.1445 A_mean=0.1548 |g|=3.52e-04 bin=0.009 S_flip=0.155 t=57s
[P700_h120_pad0.120_s1001] it  61 J=0.15367 A_min=0.1445 A_mean=0.1548 |g|=3.45e-04 bin=0.008 S_flip=0.157 t=57s
[P700_h120_pad0.120_s1001] it  62 J=0.15368 A_min=0.1445 A_mean=0.1549 |g|=3.39e-04 bin=0.007 S_flip=0.158 t=58s
[P700_h120_pad0.120_s1001] it  63 J=0.15370 A_min=0.1445 A_mean=0.1549 |g|=3.34e-04 bin=0.007 S_flip=0.158 t=59s
[P700_h120_pad0.120_s1001] it  64 J=0.15371 A_min=0.1446 A_mean=0.1549 |g|=3.30e-04 bin=0.006 S_flip=0.159 t=60s
[P700_h120_pad0.120_s1001] it  65 J=0.15372 A_min=0.1446 A_mean=0.1549 |g|=3.26e-04 bin=0.006 S_flip=0.160 t=61s
[P700_h120_pad0.120_s1001] it  66 J=0.15373 A_min=0.1446 A_mean=0.1549 |g|=3.22e-04 bin=0.005 S_flip=0.161 t=62s
[P700_h120_pad0.120_s1001] it  67 J=0.15373 A_min=0.1446 A_mean=0.1549 |g|=3.19e-04 bin=0.005 S_flip=0.161 t=63s
[P700_h120_pad0.120_s1001] it  68 J=0.15374 A_min=0.1446 A_mean=0.1549 |g|=3.15e-04 bin=0.005 S_flip=0.162 t=64s
[P700_h120_pad0.120_s1001] it  69 J=0.15375 A_min=0.1446 A_mean=0.1549 |g|=3.12e-04 bin=0.004 S_flip=0.163 t=65s
[P700_h120_pad0.120_s1001] it  70 J=0.15376 A_min=0.1446 A_mean=0.1549 |g|=3.08e-04 bin=0.004 S_flip=0.163 t=66s
[P700_h120_pad0.120_s1001] it  71 J=0.15376 A_min=0.1446 A_mean=0.1549 |g|=3.04e-04 bin=0.004 S_flip=0.164 t=67s
[P700_h120_pad0.120_s1001] it  72 J=0.15377 A_min=0.1446 A_mean=0.1549 |g|=3.00e-04 bin=0.003 S_flip=0.164 t=68s
[P700_h120_pad0.120_s1001] it  73 J=0.15377 A_min=0.1446 A_mean=0.1549 |g|=2.95e-04 bin=0.003 S_flip=0.165 t=69s
[P700_h120_pad0.120_s1001] it  74 J=0.15377 A_min=0.1446 A_mean=0.1549 |g|=2.91e-04 bin=0.003 S_flip=0.165 t=70s
[P700_h120_pad0.120_s1001] it  75 J=0.15378 A_min=0.1446 A_mean=0.1550 |g|=2.86e-04 bin=0.003 S_flip=0.166 t=71s
[P700_h120_pad0.120_s1001] it  76 J=0.15378 A_min=0.1446 A_mean=0.1550 |g|=2.81e-04 bin=0.003 S_flip=0.166 t=72s
[P700_h120_pad0.120_s1001] it  77 J=0.15378 A_min=0.1446 A_mean=0.1550 |g|=2.77e-04 bin=0.002 S_flip=0.167 t=72s
[P700_h120_pad0.120_s1001] it  78 J=0.15379 A_min=0.1446 A_mean=0.1550 |g|=2.73e-04 bin=0.002 S_flip=0.167 t=73s
[P700_h120_pad0.120_s1001] it  79 J=0.15379 A_min=0.1446 A_mean=0.1550 |g|=2.69e-04 bin=0.002 S_flip=0.168 t=74s
[P700_h120_pad0.120_s1001] it  80 J=0.15379 A_min=0.1446 A_mean=0.1550 |g|=2.66e-04 bin=0.002 S_flip=0.168 t=75s
[P700_h120_pad0.120_s1001] it  81 J=0.15379 A_min=0.1447 A_mean=0.1550 |g|=2.64e-04 bin=0.002 S_flip=0.168 t=76s
[P700_h120_pad0.120_s1001] it  82 J=0.15379 A_min=0.1447 A_mean=0.1550 |g|=2.62e-04 bin=0.002 S_flip=0.169 t=77s
[P700_h120_pad0.120_s1001] it  83 J=0.15380 A_min=0.1447 A_mean=0.1550 |g|=2.61e-04 bin=0.001 S_flip=0.169 t=78s
[P700_h120_pad0.120_s1001] it  84 J=0.15380 A_min=0.1447 A_mean=0.1550 |g|=2.59e-04 bin=0.001 S_flip=0.169 t=79s
[P700_h120_pad0.120_s1001] it  85 J=0.15380 A_min=0.1447 A_mean=0.1550 |g|=2.57e-04 bin=0.001 S_flip=0.170 t=80s
[P700_h120_pad0.120_s1001] it  86 J=0.15380 A_min=0.1447 A_mean=0.1550 |g|=2.56e-04 bin=0.001 S_flip=0.170 t=80s
[P700_h120_pad0.120_s1001] it  87 J=0.15380 A_min=0.1447 A_mean=0.1550 |g|=2.54e-04 bin=0.001 S_flip=0.170 t=81s
[P700_h120_pad0.120_s1001] it  88 J=0.15380 A_min=0.1447 A_mean=0.1550 |g|=2.52e-04 bin=0.001 S_flip=0.170 t=82s
[P700_h120_pad0.120_s1001] it  89 J=0.15380 A_min=0.1447 A_mean=0.1550 |g|=2.51e-04 bin=0.001 S_flip=0.171 t=83s
[P700_h120_pad0.120_s1001] it  90 J=0.15380 A_min=0.1447 A_mean=0.1550 |g|=2.51e-04 bin=0.001 S_flip=0.171 t=84s
[P700_h120_pad0.120_s1001] it  91 J=0.15380 A_min=0.1447 A_mean=0.1550 |g|=2.52e-04 bin=0.001 S_flip=0.171 t=85s
[P700_h120_pad0.120_s1001] it  92 J=0.15380 A_min=0.1447 A_mean=0.1550 |g|=2.53e-04 bin=0.001 S_flip=0.171 t=86s
[P700_h120_pad0.120_s1001] it  93 J=0.15380 A_min=0.1447 A_mean=0.1550 |g|=2.56e-04 bin=0.001 S_flip=0.171 t=87s
[P700_h120_pad0.120_s1001] it  94 J=0.15380 A_min=0.1447 A_mean=0.1550 |g|=2.60e-04 bin=0.001 S_flip=0.172 t=88s
[P700_h120_pad0.120_s1001] it  95 J=0.15380 A_min=0.1447 A_mean=0.1550 |g|=2.65e-04 bin=0.001 S_flip=0.172 t=88s
[P700_h120_pad0.120_s1001] it  96 J=0.15380 A_min=0.1447 A_mean=0.1550 |g|=2.70e-04 bin=0.001 S_flip=0.172 t=89s
[P700_h120_pad0.120_s1001] it  97 J=0.15380 A_min=0.1447 A_mean=0.1550 |g|=2.78e-04 bin=0.000 S_flip=0.172 t=90s
[P700_h120_pad0.120_s1001] it  98 J=0.15380 A_min=0.1447 A_mean=0.1550 |g|=2.86e-04 bin=0.000 S_flip=0.172 t=91s
[P700_h120_pad0.120_s1001] it  99 J=0.15380 A_min=0.1447 A_mean=0.1550 |g|=2.97e-04 bin=0.000 S_flip=0.172 t=92s
[P700_h120_pad0.120_s1001] done: J_soft=0.15380 J_hard=0.15380 A_hard=[0.1447, 0.1726, 0.1477] S_flip=0.174 wall=93s
[P700_h120_pad0.120_s7777] it   0 J=0.08971 A_min=0.0818 A_mean=0.0907 |g|=1.73e-03 bin=0.539 S_flip=0.053 t=1s
[P700_h120_pad0.120_s7777] it   1 J=0.09030 A_min=0.0824 A_mean=0.0913 |g|=1.80e-03 bin=0.537 S_flip=0.054 t=2s
[P700_h120_pad0.120_s7777] it   2 J=0.09095 A_min=0.0830 A_mean=0.0919 |g|=1.88e-03 bin=0.535 S_flip=0.055 t=3s
[P700_h120_pad0.120_s7777] it   3 J=0.09168 A_min=0.0837 A_mean=0.0927 |g|=1.97e-03 bin=0.533 S_flip=0.056 t=4s
[P700_h120_pad0.120_s7777] it   4 J=0.09249 A_min=0.0845 A_mean=0.0935 |g|=2.06e-03 bin=0.530 S_flip=0.057 t=5s
[P700_h120_pad0.120_s7777] it   5 J=0.09341 A_min=0.0854 A_mean=0.0944 |g|=2.17e-03 bin=0.526 S_flip=0.059 t=6s
[P700_h120_pad0.120_s7777] it   6 J=0.09446 A_min=0.0864 A_mean=0.0954 |g|=2.29e-03 bin=0.522 S_flip=0.060 t=7s
[P700_h120_pad0.120_s7777] it   7 J=0.09565 A_min=0.0876 A_mean=0.0966 |g|=2.41e-03 bin=0.517 S_flip=0.061 t=8s
[P700_h120_pad0.120_s7777] it   8 J=0.09703 A_min=0.0889 A_mean=0.0980 |g|=2.55e-03 bin=0.512 S_flip=0.063 t=8s
[P700_h120_pad0.120_s7777] it   9 J=0.09860 A_min=0.0904 A_mean=0.0996 |g|=2.70e-03 bin=0.505 S_flip=0.064 t=9s
[P700_h120_pad0.120_s7777] it  10 J=0.10039 A_min=0.0922 A_mean=0.1014 |g|=2.85e-03 bin=0.497 S_flip=0.066 t=10s
[P700_h120_pad0.120_s7777] it  11 J=0.10244 A_min=0.0941 A_mean=0.1034 |g|=3.00e-03 bin=0.488 S_flip=0.067 t=11s
[P700_h120_pad0.120_s7777] it  12 J=0.10475 A_min=0.0964 A_mean=0.1058 |g|=3.15e-03 bin=0.477 S_flip=0.068 t=12s
[P700_h120_pad0.120_s7777] it  13 J=0.10734 A_min=0.0989 A_mean=0.1084 |g|=3.28e-03 bin=0.464 S_flip=0.069 t=13s
[P700_h120_pad0.120_s7777] it  14 J=0.11020 A_min=0.1017 A_mean=0.1112 |g|=3.38e-03 bin=0.449 S_flip=0.070 t=14s
[P700_h120_pad0.120_s7777] it  15 J=0.11332 A_min=0.1047 A_mean=0.1144 |g|=3.45e-03 bin=0.432 S_flip=0.071 t=15s
[P700_h120_pad0.120_s7777] it  16 J=0.11666 A_min=0.1080 A_mean=0.1177 |g|=3.46e-03 bin=0.411 S_flip=0.071 t=16s
[P700_h120_pad0.120_s7777] it  17 J=0.12014 A_min=0.1113 A_mean=0.1212 |g|=3.42e-03 bin=0.389 S_flip=0.071 t=17s
[P700_h120_pad0.120_s7777] it  18 J=0.12370 A_min=0.1148 A_mean=0.1248 |g|=3.31e-03 bin=0.364 S_flip=0.071 t=18s
[P700_h120_pad0.120_s7777] it  19 J=0.12724 A_min=0.1183 A_mean=0.1283 |g|=3.14e-03 bin=0.337 S_flip=0.071 t=19s
[P700_h120_pad0.120_s7777] it  20 J=0.13065 A_min=0.1216 A_mean=0.1317 |g|=2.92e-03 bin=0.309 S_flip=0.071 t=20s
[P700_h120_pad0.120_s7777] it  21 J=0.13386 A_min=0.1247 A_mean=0.1349 |g|=2.67e-03 bin=0.281 S_flip=0.072 t=21s
[P700_h120_pad0.120_s7777] it  22 J=0.13679 A_min=0.1276 A_mean=0.1379 |g|=2.40e-03 bin=0.253 S_flip=0.072 t=22s
[P700_h120_pad0.120_s7777] it  23 J=0.13941 A_min=0.1302 A_mean=0.1405 |g|=2.13e-03 bin=0.227 S_flip=0.073 t=23s
[P700_h120_pad0.120_s7777] it  24 J=0.14168 A_min=0.1324 A_mean=0.1428 |g|=1.87e-03 bin=0.202 S_flip=0.075 t=24s
[P700_h120_pad0.120_s7777] it  25 J=0.14363 A_min=0.1343 A_mean=0.1447 |g|=1.64e-03 bin=0.179 S_flip=0.077 t=25s
[P700_h120_pad0.120_s7777] it  26 J=0.14526 A_min=0.1359 A_mean=0.1464 |g|=1.44e-03 bin=0.159 S_flip=0.079 t=25s
[P700_h120_pad0.120_s7777] it  27 J=0.14662 A_min=0.1373 A_mean=0.1477 |g|=1.26e-03 bin=0.141 S_flip=0.082 t=26s
[P700_h120_pad0.120_s7777] it  28 J=0.14774 A_min=0.1384 A_mean=0.1489 |g|=1.12e-03 bin=0.126 S_flip=0.084 t=27s
[P700_h120_pad0.120_s7777] it  29 J=0.14866 A_min=0.1393 A_mean=0.1498 |g|=9.93e-04 bin=0.112 S_flip=0.087 t=28s
[P700_h120_pad0.120_s7777] it  30 J=0.14941 A_min=0.1401 A_mean=0.1505 |g|=8.91e-04 bin=0.101 S_flip=0.090 t=29s
[P700_h120_pad0.120_s7777] it  31 J=0.15003 A_min=0.1407 A_mean=0.1512 |g|=8.07e-04 bin=0.091 S_flip=0.094 t=30s
[P700_h120_pad0.120_s7777] it  32 J=0.15054 A_min=0.1412 A_mean=0.1517 |g|=7.37e-04 bin=0.082 S_flip=0.097 t=31s
[P700_h120_pad0.120_s7777] it  33 J=0.15096 A_min=0.1417 A_mean=0.1521 |g|=6.79e-04 bin=0.074 S_flip=0.100 t=32s
[P700_h120_pad0.120_s7777] it  34 J=0.15131 A_min=0.1420 A_mean=0.1525 |g|=6.31e-04 bin=0.068 S_flip=0.104 t=33s
[P700_h120_pad0.120_s7777] it  35 J=0.15160 A_min=0.1423 A_mean=0.1528 |g|=5.92e-04 bin=0.062 S_flip=0.107 t=33s
[P700_h120_pad0.120_s7777] it  36 J=0.15185 A_min=0.1426 A_mean=0.1530 |g|=5.59e-04 bin=0.056 S_flip=0.111 t=34s
[P700_h120_pad0.120_s7777] it  37 J=0.15207 A_min=0.1428 A_mean=0.1532 |g|=5.33e-04 bin=0.052 S_flip=0.114 t=35s
[P700_h120_pad0.120_s7777] it  38 J=0.15225 A_min=0.1430 A_mean=0.1534 |g|=5.10e-04 bin=0.048 S_flip=0.117 t=36s
[P700_h120_pad0.120_s7777] it  39 J=0.15241 A_min=0.1432 A_mean=0.1536 |g|=4.92e-04 bin=0.044 S_flip=0.121 t=37s
[P700_h120_pad0.120_s7777] it  40 J=0.15255 A_min=0.1433 A_mean=0.1537 |g|=4.76e-04 bin=0.041 S_flip=0.124 t=38s
[P700_h120_pad0.120_s7777] it  41 J=0.15267 A_min=0.1434 A_mean=0.1538 |g|=4.63e-04 bin=0.037 S_flip=0.128 t=39s
[P700_h120_pad0.120_s7777] it  42 J=0.15277 A_min=0.1435 A_mean=0.1539 |g|=4.52e-04 bin=0.035 S_flip=0.131 t=40s
[P700_h120_pad0.120_s7777] it  43 J=0.15287 A_min=0.1436 A_mean=0.1540 |g|=4.42e-04 bin=0.032 S_flip=0.135 t=41s
[P700_h120_pad0.120_s7777] it  44 J=0.15295 A_min=0.1437 A_mean=0.1541 |g|=4.34e-04 bin=0.030 S_flip=0.138 t=42s
[P700_h120_pad0.120_s7777] it  45 J=0.15302 A_min=0.1438 A_mean=0.1542 |g|=4.27e-04 bin=0.027 S_flip=0.141 t=43s
[P700_h120_pad0.120_s7777] it  46 J=0.15309 A_min=0.1439 A_mean=0.1542 |g|=4.22e-04 bin=0.025 S_flip=0.144 t=44s
[P700_h120_pad0.120_s7777] it  47 J=0.15314 A_min=0.1439 A_mean=0.1543 |g|=4.18e-04 bin=0.024 S_flip=0.147 t=45s
[P700_h120_pad0.120_s7777] it  48 J=0.15319 A_min=0.1440 A_mean=0.1544 |g|=4.15e-04 bin=0.022 S_flip=0.150 t=46s
[P700_h120_pad0.120_s7777] it  49 J=0.15324 A_min=0.1440 A_mean=0.1544 |g|=4.15e-04 bin=0.020 S_flip=0.152 t=46s
[P700_h120_pad0.120_s7777] it  50 J=0.15328 A_min=0.1441 A_mean=0.1544 |g|=4.15e-04 bin=0.019 S_flip=0.155 t=47s
[P700_h120_pad0.120_s7777] it  51 J=0.15332 A_min=0.1441 A_mean=0.1545 |g|=4.18e-04 bin=0.018 S_flip=0.157 t=48s
[P700_h120_pad0.120_s7777] it  52 J=0.15335 A_min=0.1442 A_mean=0.1545 |g|=4.22e-04 bin=0.016 S_flip=0.159 t=49s
[P700_h120_pad0.120_s7777] it  53 J=0.15339 A_min=0.1442 A_mean=0.1545 |g|=4.28e-04 bin=0.015 S_flip=0.162 t=50s
[P700_h120_pad0.120_s7777] it  54 J=0.15341 A_min=0.1442 A_mean=0.1546 |g|=4.36e-04 bin=0.014 S_flip=0.164 t=51s
[P700_h120_pad0.120_s7777] it  55 J=0.15344 A_min=0.1443 A_mean=0.1546 |g|=4.44e-04 bin=0.013 S_flip=0.166 t=52s
[P700_h120_pad0.120_s7777] it  56 J=0.15347 A_min=0.1443 A_mean=0.1546 |g|=4.54e-04 bin=0.012 S_flip=0.168 t=53s
[P700_h120_pad0.120_s7777] it  57 J=0.15349 A_min=0.1443 A_mean=0.1547 |g|=4.63e-04 bin=0.012 S_flip=0.170 t=53s
[P700_h120_pad0.120_s7777] it  58 J=0.15352 A_min=0.1443 A_mean=0.1547 |g|=4.70e-04 bin=0.011 S_flip=0.171 t=54s
[P700_h120_pad0.120_s7777] it  59 J=0.15354 A_min=0.1444 A_mean=0.1547 |g|=4.75e-04 bin=0.010 S_flip=0.173 t=55s
[P700_h120_pad0.120_s7777] it  60 J=0.15356 A_min=0.1444 A_mean=0.1547 |g|=4.76e-04 bin=0.009 S_flip=0.174 t=56s
[P700_h120_pad0.120_s7777] it  61 J=0.15358 A_min=0.1444 A_mean=0.1547 |g|=4.72e-04 bin=0.009 S_flip=0.175 t=57s
[P700_h120_pad0.120_s7777] it  62 J=0.15360 A_min=0.1444 A_mean=0.1548 |g|=4.64e-04 bin=0.008 S_flip=0.177 t=58s
[P700_h120_pad0.120_s7777] it  63 J=0.15362 A_min=0.1444 A_mean=0.1548 |g|=4.53e-04 bin=0.007 S_flip=0.178 t=59s
[P700_h120_pad0.120_s7777] it  64 J=0.15363 A_min=0.1445 A_mean=0.1548 |g|=4.39e-04 bin=0.007 S_flip=0.179 t=60s
[P700_h120_pad0.120_s7777] it  65 J=0.15365 A_min=0.1445 A_mean=0.1548 |g|=4.25e-04 bin=0.006 S_flip=0.179 t=61s
[P700_h120_pad0.120_s7777] it  66 J=0.15366 A_min=0.1445 A_mean=0.1548 |g|=4.12e-04 bin=0.005 S_flip=0.180 t=62s
[P700_h120_pad0.120_s7777] it  67 J=0.15367 A_min=0.1445 A_mean=0.1548 |g|=4.01e-04 bin=0.005 S_flip=0.181 t=63s
[P700_h120_pad0.120_s7777] it  68 J=0.15368 A_min=0.1445 A_mean=0.1549 |g|=3.91e-04 bin=0.005 S_flip=0.181 t=63s
[P700_h120_pad0.120_s7777] it  69 J=0.15369 A_min=0.1445 A_mean=0.1549 |g|=3.82e-04 bin=0.004 S_flip=0.182 t=64s
[P700_h120_pad0.120_s7777] it  70 J=0.15370 A_min=0.1445 A_mean=0.1549 |g|=3.76e-04 bin=0.004 S_flip=0.182 t=65s
[P700_h120_pad0.120_s7777] it  71 J=0.15371 A_min=0.1446 A_mean=0.1549 |g|=3.70e-04 bin=0.004 S_flip=0.182 t=66s
[P700_h120_pad0.120_s7777] it  72 J=0.15371 A_min=0.1446 A_mean=0.1549 |g|=3.65e-04 bin=0.003 S_flip=0.183 t=67s
[P700_h120_pad0.120_s7777] it  73 J=0.15372 A_min=0.1446 A_mean=0.1549 |g|=3.62e-04 bin=0.003 S_flip=0.183 t=68s
[P700_h120_pad0.120_s7777] it  74 J=0.15372 A_min=0.1446 A_mean=0.1549 |g|=3.58e-04 bin=0.003 S_flip=0.183 t=69s
[P700_h120_pad0.120_s7777] it  75 J=0.15373 A_min=0.1446 A_mean=0.1549 |g|=3.54e-04 bin=0.003 S_flip=0.184 t=69s
[P700_h120_pad0.120_s7777] it  76 J=0.15373 A_min=0.1446 A_mean=0.1549 |g|=3.50e-04 bin=0.002 S_flip=0.184 t=70s
[P700_h120_pad0.120_s7777] it  77 J=0.15374 A_min=0.1446 A_mean=0.1549 |g|=3.46e-04 bin=0.002 S_flip=0.184 t=71s
[P700_h120_pad0.120_s7777] it  78 J=0.15374 A_min=0.1446 A_mean=0.1549 |g|=3.40e-04 bin=0.002 S_flip=0.184 t=72s
[P700_h120_pad0.120_s7777] it  79 J=0.15375 A_min=0.1446 A_mean=0.1549 |g|=3.34e-04 bin=0.002 S_flip=0.185 t=73s
[P700_h120_pad0.120_s7777] it  80 J=0.15375 A_min=0.1446 A_mean=0.1549 |g|=3.28e-04 bin=0.002 S_flip=0.185 t=74s
[P700_h120_pad0.120_s7777] it  81 J=0.15375 A_min=0.1446 A_mean=0.1549 |g|=3.21e-04 bin=0.002 S_flip=0.185 t=75s
[P700_h120_pad0.120_s7777] it  82 J=0.15375 A_min=0.1446 A_mean=0.1549 |g|=3.13e-04 bin=0.002 S_flip=0.185 t=76s
[P700_h120_pad0.120_s7777] it  83 J=0.15376 A_min=0.1446 A_mean=0.1549 |g|=3.05e-04 bin=0.001 S_flip=0.185 t=76s
[P700_h120_pad0.120_s7777] it  84 J=0.15376 A_min=0.1446 A_mean=0.1549 |g|=2.98e-04 bin=0.001 S_flip=0.186 t=77s
[P700_h120_pad0.120_s7777] it  85 J=0.15376 A_min=0.1446 A_mean=0.1549 |g|=2.90e-04 bin=0.001 S_flip=0.186 t=78s
[P700_h120_pad0.120_s7777] it  86 J=0.15376 A_min=0.1446 A_mean=0.1549 |g|=2.82e-04 bin=0.001 S_flip=0.186 t=79s
[P700_h120_pad0.120_s7777] it  87 J=0.15376 A_min=0.1446 A_mean=0.1549 |g|=2.75e-04 bin=0.001 S_flip=0.186 t=80s
[P700_h120_pad0.120_s7777] it  88 J=0.15376 A_min=0.1446 A_mean=0.1549 |g|=2.69e-04 bin=0.001 S_flip=0.187 t=81s
[P700_h120_pad0.120_s7777] it  89 J=0.15376 A_min=0.1446 A_mean=0.1549 |g|=2.63e-04 bin=0.001 S_flip=0.187 t=82s
[P700_h120_pad0.120_s7777] it  90 J=0.15376 A_min=0.1446 A_mean=0.1549 |g|=2.57e-04 bin=0.001 S_flip=0.187 t=83s
[P700_h120_pad0.120_s7777] it  91 J=0.15376 A_min=0.1446 A_mean=0.1549 |g|=2.52e-04 bin=0.001 S_flip=0.187 t=83s
[P700_h120_pad0.120_s7777] it  92 J=0.15376 A_min=0.1446 A_mean=0.1549 |g|=2.48e-04 bin=0.001 S_flip=0.187 t=84s
[P700_h120_pad0.120_s7777] it  93 J=0.15376 A_min=0.1446 A_mean=0.1549 |g|=2.44e-04 bin=0.001 S_flip=0.188 t=85s
[P700_h120_pad0.120_s7777] it  94 J=0.15376 A_min=0.1446 A_mean=0.1549 |g|=2.39e-04 bin=0.001 S_flip=0.188 t=86s
[P700_h120_pad0.120_s7777] it  95 J=0.15376 A_min=0.1446 A_mean=0.1549 |g|=2.34e-04 bin=0.001 S_flip=0.188 t=87s
[P700_h120_pad0.120_s7777] it  96 J=0.15376 A_min=0.1446 A_mean=0.1549 |g|=2.29e-04 bin=0.000 S_flip=0.188 t=88s
[P700_h120_pad0.120_s7777] it  97 J=0.15376 A_min=0.1446 A_mean=0.1549 |g|=2.23e-04 bin=0.000 S_flip=0.188 t=89s
[P700_h120_pad0.120_s7777] it  98 J=0.15376 A_min=0.1446 A_mean=0.1549 |g|=2.16e-04 bin=0.000 S_flip=0.188 t=90s
[P700_h120_pad0.120_s7777] it  99 J=0.15376 A_min=0.1446 A_mean=0.1549 |g|=2.08e-04 bin=0.000 S_flip=0.188 t=91s
[P700_h120_pad0.120_s7777] done: J_soft=0.15376 J_hard=0.15376 A_hard=[0.1446, 0.1725, 0.1477] S_flip=0.189 wall=92s
[P700_h140_pad0.040_s333] it   0 J=0.07024 A_min=0.0634 A_mean=0.0711 |g|=1.40e-03 bin=0.792 S_flip=0.048 t=1s
[P700_h140_pad0.040_s333] it   1 J=0.07114 A_min=0.0643 A_mean=0.0720 |g|=1.47e-03 bin=0.789 S_flip=0.049 t=2s
[P700_h140_pad0.040_s333] it   2 J=0.07214 A_min=0.0653 A_mean=0.0730 |g|=1.53e-03 bin=0.785 S_flip=0.051 t=3s
[P700_h140_pad0.040_s333] it   3 J=0.07326 A_min=0.0664 A_mean=0.0741 |g|=1.61e-03 bin=0.781 S_flip=0.052 t=4s
[P700_h140_pad0.040_s333] it   4 J=0.07449 A_min=0.0676 A_mean=0.0754 |g|=1.69e-03 bin=0.776 S_flip=0.054 t=4s
[P700_h140_pad0.040_s333] it   5 J=0.07586 A_min=0.0689 A_mean=0.0767 |g|=1.78e-03 bin=0.770 S_flip=0.055 t=5s
[P700_h140_pad0.040_s333] it   6 J=0.07737 A_min=0.0704 A_mean=0.0783 |g|=1.89e-03 bin=0.764 S_flip=0.057 t=6s
[P700_h140_pad0.040_s333] it   7 J=0.07904 A_min=0.0720 A_mean=0.0799 |g|=2.00e-03 bin=0.757 S_flip=0.059 t=7s
[P700_h140_pad0.040_s333] it   8 J=0.08088 A_min=0.0738 A_mean=0.0818 |g|=2.12e-03 bin=0.750 S_flip=0.061 t=8s
[P700_h140_pad0.040_s333] it   9 J=0.08290 A_min=0.0757 A_mean=0.0838 |g|=2.26e-03 bin=0.741 S_flip=0.064 t=9s
[P700_h140_pad0.040_s333] it  10 J=0.08511 A_min=0.0779 A_mean=0.0861 |g|=2.41e-03 bin=0.732 S_flip=0.066 t=10s
[P700_h140_pad0.040_s333] it  11 J=0.08752 A_min=0.0802 A_mean=0.0885 |g|=2.58e-03 bin=0.722 S_flip=0.068 t=11s
[P700_h140_pad0.040_s333] it  12 J=0.09015 A_min=0.0828 A_mean=0.0911 |g|=2.76e-03 bin=0.710 S_flip=0.071 t=12s
[P700_h140_pad0.040_s333] it  13 J=0.09300 A_min=0.0855 A_mean=0.0940 |g|=2.95e-03 bin=0.697 S_flip=0.074 t=12s
[P700_h140_pad0.040_s333] it  14 J=0.09609 A_min=0.0885 A_mean=0.0971 |g|=3.16e-03 bin=0.683 S_flip=0.076 t=13s
[P700_h140_pad0.040_s333] it  15 J=0.09943 A_min=0.0917 A_mean=0.1005 |g|=3.36e-03 bin=0.667 S_flip=0.079 t=14s
[P700_h140_pad0.040_s333] it  16 J=0.10302 A_min=0.0952 A_mean=0.1041 |g|=3.56e-03 bin=0.649 S_flip=0.082 t=15s
[P700_h140_pad0.040_s333] it  17 J=0.10688 A_min=0.0990 A_mean=0.1080 |g|=3.74e-03 bin=0.628 S_flip=0.084 t=16s
[P700_h140_pad0.040_s333] it  18 J=0.11099 A_min=0.1029 A_mean=0.1121 |g|=3.87e-03 bin=0.605 S_flip=0.086 t=17s
[P700_h140_pad0.040_s333] it  19 J=0.11531 A_min=0.1071 A_mean=0.1164 |g|=3.96e-03 bin=0.578 S_flip=0.088 t=18s
[P700_h140_pad0.040_s333] it  20 J=0.11980 A_min=0.1114 A_mean=0.1210 |g|=3.97e-03 bin=0.548 S_flip=0.090 t=18s
[P700_h140_pad0.040_s333] it  21 J=0.12437 A_min=0.1159 A_mean=0.1256 |g|=3.91e-03 bin=0.514 S_flip=0.091 t=19s
[P700_h140_pad0.040_s333] it  22 J=0.12893 A_min=0.1203 A_mean=0.1301 |g|=3.77e-03 bin=0.478 S_flip=0.093 t=20s
[P700_h140_pad0.040_s333] it  23 J=0.13335 A_min=0.1245 A_mean=0.1346 |g|=3.55e-03 bin=0.440 S_flip=0.094 t=21s
[P700_h140_pad0.040_s333] it  24 J=0.13754 A_min=0.1286 A_mean=0.1388 |g|=3.29e-03 bin=0.401 S_flip=0.094 t=21s
[P700_h140_pad0.040_s333] it  25 J=0.14141 A_min=0.1324 A_mean=0.1427 |g|=3.00e-03 bin=0.362 S_flip=0.095 t=22s
[P700_h140_pad0.040_s333] it  26 J=0.14489 A_min=0.1358 A_mean=0.1462 |g|=2.71e-03 bin=0.325 S_flip=0.096 t=23s
[P700_h140_pad0.040_s333] it  27 J=0.14796 A_min=0.1388 A_mean=0.1493 |g|=2.44e-03 bin=0.290 S_flip=0.097 t=24s
[P700_h140_pad0.040_s333] it  28 J=0.15063 A_min=0.1415 A_mean=0.1520 |g|=2.20e-03 bin=0.257 S_flip=0.099 t=25s
[P700_h140_pad0.040_s333] it  29 J=0.15291 A_min=0.1438 A_mean=0.1543 |g|=2.00e-03 bin=0.228 S_flip=0.101 t=25s
[P700_h140_pad0.040_s333] it  30 J=0.15485 A_min=0.1457 A_mean=0.1562 |g|=1.83e-03 bin=0.202 S_flip=0.103 t=26s
[P700_h140_pad0.040_s333] it  31 J=0.15649 A_min=0.1474 A_mean=0.1579 |g|=1.68e-03 bin=0.180 S_flip=0.106 t=27s
[P700_h140_pad0.040_s333] it  32 J=0.15787 A_min=0.1489 A_mean=0.1593 |g|=1.57e-03 bin=0.160 S_flip=0.108 t=28s
[P700_h140_pad0.040_s333] it  33 J=0.15904 A_min=0.1501 A_mean=0.1605 |g|=1.46e-03 bin=0.143 S_flip=0.112 t=29s
[P700_h140_pad0.040_s333] it  34 J=0.16003 A_min=0.1511 A_mean=0.1615 |g|=1.37e-03 bin=0.128 S_flip=0.115 t=29s
[P700_h140_pad0.040_s333] it  35 J=0.16086 A_min=0.1520 A_mean=0.1623 |g|=1.30e-03 bin=0.115 S_flip=0.119 t=30s
[P700_h140_pad0.040_s333] it  36 J=0.16158 A_min=0.1527 A_mean=0.1630 |g|=1.23e-03 bin=0.104 S_flip=0.122 t=31s
[P700_h140_pad0.040_s333] it  37 J=0.16218 A_min=0.1534 A_mean=0.1636 |g|=1.17e-03 bin=0.094 S_flip=0.126 t=32s
[P700_h140_pad0.040_s333] it  38 J=0.16270 A_min=0.1540 A_mean=0.1642 |g|=1.11e-03 bin=0.086 S_flip=0.130 t=32s
[P700_h140_pad0.040_s333] it  39 J=0.16315 A_min=0.1544 A_mean=0.1646 |g|=1.06e-03 bin=0.078 S_flip=0.134 t=33s
[P700_h140_pad0.040_s333] it  40 J=0.16354 A_min=0.1548 A_mean=0.1650 |g|=1.02e-03 bin=0.071 S_flip=0.138 t=34s
[P700_h140_pad0.040_s333] it  41 J=0.16388 A_min=0.1552 A_mean=0.1654 |g|=9.83e-04 bin=0.065 S_flip=0.142 t=35s
[P700_h140_pad0.040_s333] it  42 J=0.16417 A_min=0.1555 A_mean=0.1657 |g|=9.50e-04 bin=0.060 S_flip=0.146 t=36s
[P700_h140_pad0.040_s333] it  43 J=0.16443 A_min=0.1558 A_mean=0.1659 |g|=9.21e-04 bin=0.055 S_flip=0.150 t=37s
[P700_h140_pad0.040_s333] it  44 J=0.16466 A_min=0.1561 A_mean=0.1662 |g|=8.95e-04 bin=0.051 S_flip=0.154 t=38s
[P700_h140_pad0.040_s333] it  45 J=0.16486 A_min=0.1563 A_mean=0.1664 |g|=8.72e-04 bin=0.047 S_flip=0.157 t=39s
[P700_h140_pad0.040_s333] it  46 J=0.16504 A_min=0.1565 A_mean=0.1665 |g|=8.51e-04 bin=0.044 S_flip=0.161 t=39s
[P700_h140_pad0.040_s333] it  47 J=0.16520 A_min=0.1566 A_mean=0.1667 |g|=8.33e-04 bin=0.040 S_flip=0.165 t=40s
[P700_h140_pad0.040_s333] it  48 J=0.16534 A_min=0.1568 A_mean=0.1668 |g|=8.16e-04 bin=0.037 S_flip=0.168 t=41s
[P700_h140_pad0.040_s333] it  49 J=0.16547 A_min=0.1569 A_mean=0.1670 |g|=8.01e-04 bin=0.035 S_flip=0.172 t=42s
[P700_h140_pad0.040_s333] it  50 J=0.16558 A_min=0.1570 A_mean=0.1671 |g|=7.87e-04 bin=0.032 S_flip=0.175 t=43s
[P700_h140_pad0.040_s333] it  51 J=0.16569 A_min=0.1571 A_mean=0.1672 |g|=7.74e-04 bin=0.030 S_flip=0.178 t=44s
[P700_h140_pad0.040_s333] it  52 J=0.16578 A_min=0.1571 A_mean=0.1673 |g|=7.62e-04 bin=0.027 S_flip=0.181 t=45s
[P700_h140_pad0.040_s333] it  53 J=0.16587 A_min=0.1572 A_mean=0.1674 |g|=7.51e-04 bin=0.025 S_flip=0.184 t=46s
[P700_h140_pad0.040_s333] it  54 J=0.16595 A_min=0.1573 A_mean=0.1675 |g|=7.39e-04 bin=0.024 S_flip=0.187 t=47s
[P700_h140_pad0.040_s333] it  55 J=0.16602 A_min=0.1573 A_mean=0.1675 |g|=7.27e-04 bin=0.022 S_flip=0.190 t=48s
[P700_h140_pad0.040_s333] it  56 J=0.16608 A_min=0.1574 A_mean=0.1676 |g|=7.14e-04 bin=0.020 S_flip=0.192 t=48s
[P700_h140_pad0.040_s333] it  57 J=0.16614 A_min=0.1574 A_mean=0.1677 |g|=7.01e-04 bin=0.019 S_flip=0.194 t=49s
[P700_h140_pad0.040_s333] it  58 J=0.16620 A_min=0.1575 A_mean=0.1677 |g|=6.87e-04 bin=0.017 S_flip=0.197 t=50s
[P700_h140_pad0.040_s333] it  59 J=0.16625 A_min=0.1575 A_mean=0.1678 |g|=6.73e-04 bin=0.016 S_flip=0.199 t=51s
[P700_h140_pad0.040_s333] it  60 J=0.16629 A_min=0.1576 A_mean=0.1678 |g|=6.61e-04 bin=0.015 S_flip=0.201 t=52s
[P700_h140_pad0.040_s333] it  61 J=0.16633 A_min=0.1576 A_mean=0.1679 |g|=6.52e-04 bin=0.014 S_flip=0.203 t=53s
[P700_h140_pad0.040_s333] it  62 J=0.16637 A_min=0.1576 A_mean=0.1679 |g|=6.45e-04 bin=0.013 S_flip=0.204 t=54s
[P700_h140_pad0.040_s333] it  63 J=0.16640 A_min=0.1576 A_mean=0.1679 |g|=6.41e-04 bin=0.012 S_flip=0.206 t=55s
[P700_h140_pad0.040_s333] it  64 J=0.16643 A_min=0.1577 A_mean=0.1680 |g|=6.39e-04 bin=0.012 S_flip=0.208 t=56s
[P700_h140_pad0.040_s333] it  65 J=0.16646 A_min=0.1577 A_mean=0.1680 |g|=6.40e-04 bin=0.011 S_flip=0.209 t=56s
[P700_h140_pad0.040_s333] it  66 J=0.16649 A_min=0.1577 A_mean=0.1680 |g|=6.44e-04 bin=0.010 S_flip=0.210 t=57s
[P700_h140_pad0.040_s333] it  67 J=0.16651 A_min=0.1577 A_mean=0.1680 |g|=6.50e-04 bin=0.010 S_flip=0.212 t=58s
[P700_h140_pad0.040_s333] it  68 J=0.16653 A_min=0.1578 A_mean=0.1681 |g|=6.60e-04 bin=0.009 S_flip=0.213 t=59s
[P700_h140_pad0.040_s333] it  69 J=0.16656 A_min=0.1578 A_mean=0.1681 |g|=6.73e-04 bin=0.009 S_flip=0.214 t=60s
[P700_h140_pad0.040_s333] it  70 J=0.16658 A_min=0.1578 A_mean=0.1681 |g|=6.91e-04 bin=0.008 S_flip=0.215 t=61s
[P700_h140_pad0.040_s333] it  71 J=0.16660 A_min=0.1578 A_mean=0.1681 |g|=7.13e-04 bin=0.008 S_flip=0.215 t=62s
[P700_h140_pad0.040_s333] it  72 J=0.16662 A_min=0.1578 A_mean=0.1681 |g|=7.41e-04 bin=0.007 S_flip=0.216 t=63s
[P700_h140_pad0.040_s333] it  73 J=0.16663 A_min=0.1578 A_mean=0.1682 |g|=7.73e-04 bin=0.007 S_flip=0.217 t=64s
[P700_h140_pad0.040_s333] it  74 J=0.16665 A_min=0.1578 A_mean=0.1682 |g|=8.10e-04 bin=0.007 S_flip=0.217 t=65s
[P700_h140_pad0.040_s333] it  75 J=0.16667 A_min=0.1578 A_mean=0.1682 |g|=8.54e-04 bin=0.006 S_flip=0.217 t=66s
[P700_h140_pad0.040_s333] it  76 J=0.16669 A_min=0.1579 A_mean=0.1682 |g|=9.04e-04 bin=0.006 S_flip=0.218 t=67s
[P700_h140_pad0.040_s333] it  77 J=0.16671 A_min=0.1579 A_mean=0.1682 |g|=9.55e-04 bin=0.006 S_flip=0.218 t=68s
[P700_h140_pad0.040_s333] it  78 J=0.16672 A_min=0.1579 A_mean=0.1683 |g|=9.94e-04 bin=0.005 S_flip=0.218 t=69s
[P700_h140_pad0.040_s333] it  79 J=0.16674 A_min=0.1579 A_mean=0.1683 |g|=1.00e-03 bin=0.005 S_flip=0.218 t=70s
[P700_h140_pad0.040_s333] it  80 J=0.16676 A_min=0.1579 A_mean=0.1683 |g|=9.75e-04 bin=0.004 S_flip=0.218 t=71s
[P700_h140_pad0.040_s333] it  81 J=0.16677 A_min=0.1579 A_mean=0.1683 |g|=9.44e-04 bin=0.004 S_flip=0.218 t=71s
[P700_h140_pad0.040_s333] it  82 J=0.16679 A_min=0.1579 A_mean=0.1683 |g|=9.39e-04 bin=0.004 S_flip=0.218 t=72s
[P700_h140_pad0.040_s333] it  83 J=0.16680 A_min=0.1579 A_mean=0.1683 |g|=9.59e-04 bin=0.003 S_flip=0.218 t=73s
[P700_h140_pad0.040_s333] it  84 J=0.16681 A_min=0.1579 A_mean=0.1683 |g|=9.85e-04 bin=0.003 S_flip=0.218 t=74s
[P700_h140_pad0.040_s333] it  85 J=0.16682 A_min=0.1579 A_mean=0.1684 |g|=9.96e-04 bin=0.003 S_flip=0.218 t=75s
[P700_h140_pad0.040_s333] it  86 J=0.16683 A_min=0.1579 A_mean=0.1684 |g|=9.70e-04 bin=0.003 S_flip=0.218 t=76s
[P700_h140_pad0.040_s333] it  87 J=0.16684 A_min=0.1579 A_mean=0.1684 |g|=8.96e-04 bin=0.002 S_flip=0.219 t=77s
[P700_h140_pad0.040_s333] it  88 J=0.16684 A_min=0.1579 A_mean=0.1684 |g|=7.87e-04 bin=0.002 S_flip=0.219 t=78s
[P700_h140_pad0.040_s333] it  89 J=0.16685 A_min=0.1579 A_mean=0.1684 |g|=6.70e-04 bin=0.002 S_flip=0.219 t=79s
[P700_h140_pad0.040_s333] it  90 J=0.16685 A_min=0.1579 A_mean=0.1684 |g|=5.70e-04 bin=0.002 S_flip=0.220 t=80s
[P700_h140_pad0.040_s333] it  91 J=0.16685 A_min=0.1579 A_mean=0.1684 |g|=4.98e-04 bin=0.001 S_flip=0.220 t=80s
[P700_h140_pad0.040_s333] it  92 J=0.16686 A_min=0.1579 A_mean=0.1684 |g|=4.51e-04 bin=0.001 S_flip=0.220 t=81s
[P700_h140_pad0.040_s333] it  93 J=0.16686 A_min=0.1579 A_mean=0.1684 |g|=4.21e-04 bin=0.001 S_flip=0.220 t=82s
[P700_h140_pad0.040_s333] it  94 J=0.16686 A_min=0.1579 A_mean=0.1684 |g|=4.03e-04 bin=0.001 S_flip=0.221 t=83s
[P700_h140_pad0.040_s333] it  95 J=0.16686 A_min=0.1579 A_mean=0.1684 |g|=3.92e-04 bin=0.001 S_flip=0.221 t=84s
[P700_h140_pad0.040_s333] it  96 J=0.16686 A_min=0.1579 A_mean=0.1684 |g|=3.86e-04 bin=0.001 S_flip=0.221 t=85s
[P700_h140_pad0.040_s333] it  97 J=0.16686 A_min=0.1579 A_mean=0.1684 |g|=3.82e-04 bin=0.001 S_flip=0.221 t=86s
[P700_h140_pad0.040_s333] it  98 J=0.16686 A_min=0.1579 A_mean=0.1684 |g|=3.81e-04 bin=0.001 S_flip=0.221 t=87s
[P700_h140_pad0.040_s333] it  99 J=0.16686 A_min=0.1579 A_mean=0.1684 |g|=3.82e-04 bin=0.001 S_flip=0.221 t=88s
[P700_h140_pad0.040_s333] done: J_soft=0.16686 J_hard=0.16686 A_hard=[0.1585, 0.1888, 0.1579] S_flip=0.223 wall=89s
[P700_h140_pad0.040_s1001] it   0 J=0.06939 A_min=0.0626 A_mean=0.0702 |g|=1.36e-03 bin=0.793 S_flip=0.056 t=1s
[P700_h140_pad0.040_s1001] it   1 J=0.07024 A_min=0.0634 A_mean=0.0711 |g|=1.42e-03 bin=0.789 S_flip=0.057 t=2s
[P700_h140_pad0.040_s1001] it   2 J=0.07117 A_min=0.0643 A_mean=0.0720 |g|=1.49e-03 bin=0.786 S_flip=0.058 t=3s
[P700_h140_pad0.040_s1001] it   3 J=0.07221 A_min=0.0653 A_mean=0.0731 |g|=1.56e-03 bin=0.782 S_flip=0.060 t=4s
[P700_h140_pad0.040_s1001] it   4 J=0.07337 A_min=0.0665 A_mean=0.0742 |g|=1.65e-03 bin=0.777 S_flip=0.062 t=5s
[P700_h140_pad0.040_s1001] it   5 J=0.07464 A_min=0.0677 A_mean=0.0755 |g|=1.74e-03 bin=0.772 S_flip=0.063 t=6s
[P700_h140_pad0.040_s1001] it   6 J=0.07606 A_min=0.0691 A_mean=0.0769 |g|=1.84e-03 bin=0.766 S_flip=0.065 t=7s
[P700_h140_pad0.040_s1001] it   7 J=0.07761 A_min=0.0706 A_mean=0.0785 |g|=1.95e-03 bin=0.759 S_flip=0.068 t=8s
[P700_h140_pad0.040_s1001] it   8 J=0.07933 A_min=0.0723 A_mean=0.0802 |g|=2.08e-03 bin=0.752 S_flip=0.070 t=9s
[P700_h140_pad0.040_s1001] it   9 J=0.08121 A_min=0.0741 A_mean=0.0821 |g|=2.22e-03 bin=0.744 S_flip=0.072 t=9s
[P700_h140_pad0.040_s1001] it  10 J=0.08327 A_min=0.0761 A_mean=0.0842 |g|=2.37e-03 bin=0.736 S_flip=0.075 t=10s
[P700_h140_pad0.040_s1001] it  11 J=0.08553 A_min=0.0783 A_mean=0.0865 |g|=2.54e-03 bin=0.726 S_flip=0.078 t=11s
[P700_h140_pad0.040_s1001] it  12 J=0.08798 A_min=0.0807 A_mean=0.0889 |g|=2.74e-03 bin=0.715 S_flip=0.080 t=12s
[P700_h140_pad0.040_s1001] it  13 J=0.09066 A_min=0.0833 A_mean=0.0916 |g|=2.94e-03 bin=0.704 S_flip=0.083 t=13s
[P700_h140_pad0.040_s1001] it  14 J=0.09357 A_min=0.0861 A_mean=0.0946 |g|=3.17e-03 bin=0.691 S_flip=0.085 t=14s
[P700_h140_pad0.040_s1001] it  15 J=0.09674 A_min=0.0892 A_mean=0.0977 |g|=3.40e-03 bin=0.676 S_flip=0.088 t=15s
[P700_h140_pad0.040_s1001] it  16 J=0.10019 A_min=0.0925 A_mean=0.1012 |g|=3.63e-03 bin=0.660 S_flip=0.090 t=16s
[P700_h140_pad0.040_s1001] it  17 J=0.10393 A_min=0.0961 A_mean=0.1050 |g|=3.85e-03 bin=0.641 S_flip=0.091 t=17s
[P700_h140_pad0.040_s1001] it  18 J=0.10796 A_min=0.1000 A_mean=0.1090 |g|=4.04e-03 bin=0.620 S_flip=0.092 t=18s
[P700_h140_pad0.040_s1001] it  19 J=0.11227 A_min=0.1042 A_mean=0.1134 |g|=4.18e-03 bin=0.595 S_flip=0.093 t=19s
[P700_h140_pad0.040_s1001] it  20 J=0.11683 A_min=0.1086 A_mean=0.1180 |g|=4.24e-03 bin=0.567 S_flip=0.093 t=19s
[P700_h140_pad0.040_s1001] it  21 J=0.12155 A_min=0.1132 A_mean=0.1227 |g|=4.21e-03 bin=0.535 S_flip=0.093 t=20s
[P700_h140_pad0.040_s1001] it  22 J=0.12634 A_min=0.1178 A_mean=0.1275 |g|=4.09e-03 bin=0.499 S_flip=0.092 t=21s
[P700_h140_pad0.040_s1001] it  23 J=0.13106 A_min=0.1224 A_mean=0.1323 |g|=3.88e-03 bin=0.461 S_flip=0.091 t=22s
[P700_h140_pad0.040_s1001] it  24 J=0.13559 A_min=0.1268 A_mean=0.1368 |g|=3.59e-03 bin=0.420 S_flip=0.091 t=23s
[P700_h140_pad0.040_s1001] it  25 J=0.13981 A_min=0.1309 A_mean=0.1411 |g|=3.27e-03 bin=0.380 S_flip=0.090 t=24s
[P700_h140_pad0.040_s1001] it  26 J=0.14362 A_min=0.1346 A_mean=0.1449 |g|=2.94e-03 bin=0.340 S_flip=0.090 t=25s
[P700_h140_pad0.040_s1001] it  27 J=0.14700 A_min=0.1380 A_mean=0.1483 |g|=2.62e-03 bin=0.302 S_flip=0.090 t=26s
[P700_h140_pad0.040_s1001] it  28 J=0.14993 A_min=0.1409 A_mean=0.1513 |g|=2.34e-03 bin=0.268 S_flip=0.091 t=27s
[P700_h140_pad0.040_s1001] it  29 J=0.15242 A_min=0.1434 A_mean=0.1538 |g|=2.10e-03 bin=0.236 S_flip=0.093 t=28s
[P700_h140_pad0.040_s1001] it  30 J=0.15454 A_min=0.1455 A_mean=0.1559 |g|=1.90e-03 bin=0.209 S_flip=0.094 t=29s
[P700_h140_pad0.040_s1001] it  31 J=0.15631 A_min=0.1473 A_mean=0.1577 |g|=1.73e-03 bin=0.185 S_flip=0.096 t=30s
[P700_h140_pad0.040_s1001] it  32 J=0.15780 A_min=0.1488 A_mean=0.1592 |g|=1.59e-03 bin=0.164 S_flip=0.098 t=31s
[P700_h140_pad0.040_s1001] it  33 J=0.15904 A_min=0.1501 A_mean=0.1605 |g|=1.48e-03 bin=0.146 S_flip=0.101 t=32s
[P700_h140_pad0.040_s1001] it  34 J=0.16009 A_min=0.1512 A_mean=0.1615 |g|=1.37e-03 bin=0.130 S_flip=0.103 t=33s
[P700_h140_pad0.040_s1001] it  35 J=0.16096 A_min=0.1521 A_mean=0.1624 |g|=1.29e-03 bin=0.117 S_flip=0.106 t=33s
[P700_h140_pad0.040_s1001] it  36 J=0.16170 A_min=0.1529 A_mean=0.1632 |g|=1.21e-03 bin=0.105 S_flip=0.109 t=34s
[P700_h140_pad0.040_s1001] it  37 J=0.16233 A_min=0.1536 A_mean=0.1638 |g|=1.15e-03 bin=0.095 S_flip=0.111 t=35s
[P700_h140_pad0.040_s1001] it  38 J=0.16287 A_min=0.1541 A_mean=0.1644 |g|=1.09e-03 bin=0.086 S_flip=0.114 t=36s
[P700_h140_pad0.040_s1001] it  39 J=0.16332 A_min=0.1546 A_mean=0.1648 |g|=1.04e-03 bin=0.079 S_flip=0.117 t=37s
[P700_h140_pad0.040_s1001] it  40 J=0.16372 A_min=0.1550 A_mean=0.1652 |g|=9.97e-04 bin=0.072 S_flip=0.120 t=38s
[P700_h140_pad0.040_s1001] it  41 J=0.16406 A_min=0.1554 A_mean=0.1656 |g|=9.60e-04 bin=0.066 S_flip=0.123 t=39s
[P700_h140_pad0.040_s1001] it  42 J=0.16435 A_min=0.1557 A_mean=0.1659 |g|=9.28e-04 bin=0.060 S_flip=0.125 t=40s
[P700_h140_pad0.040_s1001] it  43 J=0.16461 A_min=0.1560 A_mean=0.1661 |g|=8.99e-04 bin=0.056 S_flip=0.128 t=41s
[P700_h140_pad0.040_s1001] it  44 J=0.16484 A_min=0.1562 A_mean=0.1664 |g|=8.73e-04 bin=0.051 S_flip=0.131 t=42s
[P700_h140_pad0.040_s1001] it  45 J=0.16504 A_min=0.1564 A_mean=0.1666 |g|=8.50e-04 bin=0.047 S_flip=0.133 t=43s
[P700_h140_pad0.040_s1001] it  46 J=0.16521 A_min=0.1566 A_mean=0.1667 |g|=8.29e-04 bin=0.044 S_flip=0.136 t=44s
[P700_h140_pad0.040_s1001] it  47 J=0.16537 A_min=0.1567 A_mean=0.1669 |g|=8.10e-04 bin=0.040 S_flip=0.138 t=44s
[P700_h140_pad0.040_s1001] it  48 J=0.16551 A_min=0.1568 A_mean=0.1670 |g|=7.92e-04 bin=0.037 S_flip=0.141 t=45s
[P700_h140_pad0.040_s1001] it  49 J=0.16564 A_min=0.1570 A_mean=0.1672 |g|=7.76e-04 bin=0.035 S_flip=0.143 t=46s
[P700_h140_pad0.040_s1001] it  50 J=0.16575 A_min=0.1570 A_mean=0.1673 |g|=7.61e-04 bin=0.032 S_flip=0.146 t=47s
[P700_h140_pad0.040_s1001] it  51 J=0.16585 A_min=0.1571 A_mean=0.1674 |g|=7.47e-04 bin=0.030 S_flip=0.148 t=48s
[P700_h140_pad0.040_s1001] it  52 J=0.16594 A_min=0.1572 A_mean=0.1675 |g|=7.35e-04 bin=0.028 S_flip=0.150 t=49s
[P700_h140_pad0.040_s1001] it  53 J=0.16603 A_min=0.1573 A_mean=0.1676 |g|=7.25e-04 bin=0.026 S_flip=0.152 t=50s
[P700_h140_pad0.040_s1001] it  54 J=0.16610 A_min=0.1573 A_mean=0.1676 |g|=7.18e-04 bin=0.024 S_flip=0.154 t=51s
[P700_h140_pad0.040_s1001] it  55 J=0.16617 A_min=0.1574 A_mean=0.1677 |g|=7.13e-04 bin=0.022 S_flip=0.155 t=52s
[P700_h140_pad0.040_s1001] it  56 J=0.16624 A_min=0.1574 A_mean=0.1678 |g|=7.10e-04 bin=0.021 S_flip=0.157 t=52s
[P700_h140_pad0.040_s1001] it  57 J=0.16629 A_min=0.1575 A_mean=0.1678 |g|=7.10e-04 bin=0.020 S_flip=0.158 t=53s
[P700_h140_pad0.040_s1001] it  58 J=0.16635 A_min=0.1575 A_mean=0.1679 |g|=7.12e-04 bin=0.018 S_flip=0.159 t=54s
[P700_h140_pad0.040_s1001] it  59 J=0.16640 A_min=0.1576 A_mean=0.1679 |g|=7.14e-04 bin=0.017 S_flip=0.161 t=55s
[P700_h140_pad0.040_s1001] it  60 J=0.16645 A_min=0.1576 A_mean=0.1680 |g|=7.15e-04 bin=0.016 S_flip=0.162 t=56s
[P700_h140_pad0.040_s1001] it  61 J=0.16649 A_min=0.1576 A_mean=0.1680 |g|=7.13e-04 bin=0.015 S_flip=0.163 t=57s
[P700_h140_pad0.040_s1001] it  62 J=0.16653 A_min=0.1577 A_mean=0.1681 |g|=7.05e-04 bin=0.014 S_flip=0.164 t=58s
[P700_h140_pad0.040_s1001] it  63 J=0.16657 A_min=0.1577 A_mean=0.1681 |g|=6.91e-04 bin=0.013 S_flip=0.165 t=59s
[P700_h140_pad0.040_s1001] it  64 J=0.16661 A_min=0.1577 A_mean=0.1682 |g|=6.72e-04 bin=0.012 S_flip=0.166 t=60s
[P700_h140_pad0.040_s1001] it  65 J=0.16664 A_min=0.1577 A_mean=0.1682 |g|=6.47e-04 bin=0.011 S_flip=0.166 t=61s
[P700_h140_pad0.040_s1001] it  66 J=0.16667 A_min=0.1578 A_mean=0.1682 |g|=6.20e-04 bin=0.010 S_flip=0.167 t=62s
[P700_h140_pad0.040_s1001] it  67 J=0.16670 A_min=0.1578 A_mean=0.1682 |g|=5.94e-04 bin=0.009 S_flip=0.168 t=63s
[P700_h140_pad0.040_s1001] it  68 J=0.16672 A_min=0.1578 A_mean=0.1683 |g|=5.72e-04 bin=0.009 S_flip=0.169 t=64s
[P700_h140_pad0.040_s1001] it  69 J=0.16674 A_min=0.1578 A_mean=0.1683 |g|=5.55e-04 bin=0.008 S_flip=0.170 t=65s
[P700_h140_pad0.040_s1001] it  70 J=0.16676 A_min=0.1578 A_mean=0.1683 |g|=5.42e-04 bin=0.007 S_flip=0.170 t=66s
[P700_h140_pad0.040_s1001] it  71 J=0.16678 A_min=0.1578 A_mean=0.1683 |g|=5.34e-04 bin=0.007 S_flip=0.171 t=67s
[P700_h140_pad0.040_s1001] it  72 J=0.16679 A_min=0.1578 A_mean=0.1683 |g|=5.29e-04 bin=0.006 S_flip=0.172 t=67s
[P700_h140_pad0.040_s1001] it  73 J=0.16681 A_min=0.1579 A_mean=0.1684 |g|=5.26e-04 bin=0.006 S_flip=0.173 t=68s
[P700_h140_pad0.040_s1001] it  74 J=0.16682 A_min=0.1579 A_mean=0.1684 |g|=5.24e-04 bin=0.006 S_flip=0.173 t=69s
[P700_h140_pad0.040_s1001] it  75 J=0.16683 A_min=0.1579 A_mean=0.1684 |g|=5.24e-04 bin=0.005 S_flip=0.174 t=70s
[P700_h140_pad0.040_s1001] it  76 J=0.16684 A_min=0.1579 A_mean=0.1684 |g|=5.25e-04 bin=0.005 S_flip=0.175 t=71s
[P700_h140_pad0.040_s1001] it  77 J=0.16685 A_min=0.1579 A_mean=0.1684 |g|=5.29e-04 bin=0.005 S_flip=0.175 t=72s
[P700_h140_pad0.040_s1001] it  78 J=0.16686 A_min=0.1579 A_mean=0.1684 |g|=5.36e-04 bin=0.004 S_flip=0.176 t=73s
[P700_h140_pad0.040_s1001] it  79 J=0.16686 A_min=0.1579 A_mean=0.1684 |g|=5.46e-04 bin=0.004 S_flip=0.176 t=74s
[P700_h140_pad0.040_s1001] it  80 J=0.16687 A_min=0.1579 A_mean=0.1684 |g|=5.57e-04 bin=0.004 S_flip=0.177 t=75s
[P700_h140_pad0.040_s1001] it  81 J=0.16688 A_min=0.1579 A_mean=0.1684 |g|=5.69e-04 bin=0.004 S_flip=0.177 t=76s
[P700_h140_pad0.040_s1001] it  82 J=0.16688 A_min=0.1579 A_mean=0.1684 |g|=5.79e-04 bin=0.003 S_flip=0.177 t=76s
[P700_h140_pad0.040_s1001] it  83 J=0.16689 A_min=0.1579 A_mean=0.1684 |g|=5.85e-04 bin=0.003 S_flip=0.178 t=77s
[P700_h140_pad0.040_s1001] it  84 J=0.16689 A_min=0.1579 A_mean=0.1684 |g|=5.87e-04 bin=0.003 S_flip=0.178 t=78s
[P700_h140_pad0.040_s1001] it  85 J=0.16690 A_min=0.1579 A_mean=0.1684 |g|=5.85e-04 bin=0.003 S_flip=0.179 t=79s
[P700_h140_pad0.040_s1001] it  86 J=0.16690 A_min=0.1579 A_mean=0.1685 |g|=5.79e-04 bin=0.003 S_flip=0.179 t=80s
[P700_h140_pad0.040_s1001] it  87 J=0.16690 A_min=0.1579 A_mean=0.1685 |g|=5.71e-04 bin=0.002 S_flip=0.180 t=81s
[P700_h140_pad0.040_s1001] it  88 J=0.16691 A_min=0.1579 A_mean=0.1685 |g|=5.61e-04 bin=0.002 S_flip=0.180 t=82s
[P700_h140_pad0.040_s1001] it  89 J=0.16691 A_min=0.1579 A_mean=0.1685 |g|=5.51e-04 bin=0.002 S_flip=0.181 t=83s
[P700_h140_pad0.040_s1001] it  90 J=0.16691 A_min=0.1579 A_mean=0.1685 |g|=5.41e-04 bin=0.002 S_flip=0.181 t=84s
[P700_h140_pad0.040_s1001] it  91 J=0.16691 A_min=0.1579 A_mean=0.1685 |g|=5.32e-04 bin=0.002 S_flip=0.182 t=85s
[P700_h140_pad0.040_s1001] it  92 J=0.16692 A_min=0.1579 A_mean=0.1685 |g|=5.24e-04 bin=0.002 S_flip=0.182 t=86s
[P700_h140_pad0.040_s1001] it  93 J=0.16692 A_min=0.1579 A_mean=0.1685 |g|=5.17e-04 bin=0.002 S_flip=0.182 t=86s
[P700_h140_pad0.040_s1001] it  94 J=0.16692 A_min=0.1579 A_mean=0.1685 |g|=5.12e-04 bin=0.001 S_flip=0.183 t=87s
[P700_h140_pad0.040_s1001] it  95 J=0.16692 A_min=0.1579 A_mean=0.1685 |g|=5.08e-04 bin=0.001 S_flip=0.183 t=88s
[P700_h140_pad0.040_s1001] it  96 J=0.16692 A_min=0.1579 A_mean=0.1685 |g|=5.06e-04 bin=0.001 S_flip=0.183 t=89s
[P700_h140_pad0.040_s1001] it  97 J=0.16692 A_min=0.1579 A_mean=0.1685 |g|=5.06e-04 bin=0.001 S_flip=0.184 t=90s
[P700_h140_pad0.040_s1001] it  98 J=0.16692 A_min=0.1579 A_mean=0.1685 |g|=5.09e-04 bin=0.001 S_flip=0.184 t=91s
[P700_h140_pad0.040_s1001] it  99 J=0.16692 A_min=0.1579 A_mean=0.1685 |g|=5.14e-04 bin=0.001 S_flip=0.184 t=92s
[P700_h140_pad0.040_s1001] done: J_soft=0.16692 J_hard=0.16692 A_hard=[0.1586, 0.1889, 0.1579] S_flip=0.187 wall=93s
[P700_h140_pad0.040_s7777] it   0 J=0.07019 A_min=0.0634 A_mean=0.0710 |g|=1.40e-03 bin=0.793 S_flip=0.050 t=1s
[P700_h140_pad0.040_s7777] it   1 J=0.07110 A_min=0.0643 A_mean=0.0719 |g|=1.46e-03 bin=0.789 S_flip=0.051 t=2s
[P700_h140_pad0.040_s7777] it   2 J=0.07211 A_min=0.0652 A_mean=0.0730 |g|=1.53e-03 bin=0.785 S_flip=0.052 t=3s
[P700_h140_pad0.040_s7777] it   3 J=0.07324 A_min=0.0663 A_mean=0.0741 |g|=1.61e-03 bin=0.781 S_flip=0.054 t=4s
[P700_h140_pad0.040_s7777] it   4 J=0.07449 A_min=0.0676 A_mean=0.0753 |g|=1.69e-03 bin=0.776 S_flip=0.055 t=5s
[P700_h140_pad0.040_s7777] it   5 J=0.07588 A_min=0.0689 A_mean=0.0767 |g|=1.78e-03 bin=0.771 S_flip=0.057 t=6s
[P700_h140_pad0.040_s7777] it   6 J=0.07741 A_min=0.0704 A_mean=0.0783 |g|=1.89e-03 bin=0.765 S_flip=0.058 t=6s
[P700_h140_pad0.040_s7777] it   7 J=0.07911 A_min=0.0720 A_mean=0.0800 |g|=2.00e-03 bin=0.758 S_flip=0.060 t=7s
[P700_h140_pad0.040_s7777] it   8 J=0.08099 A_min=0.0739 A_mean=0.0819 |g|=2.12e-03 bin=0.750 S_flip=0.062 t=8s
[P700_h140_pad0.040_s7777] it   9 J=0.08305 A_min=0.0759 A_mean=0.0840 |g|=2.26e-03 bin=0.742 S_flip=0.064 t=9s
[P700_h140_pad0.040_s7777] it  10 J=0.08530 A_min=0.0780 A_mean=0.0862 |g|=2.41e-03 bin=0.732 S_flip=0.066 t=10s
[P700_h140_pad0.040_s7777] it  11 J=0.08777 A_min=0.0804 A_mean=0.0887 |g|=2.58e-03 bin=0.722 S_flip=0.068 t=11s
[P700_h140_pad0.040_s7777] it  12 J=0.09045 A_min=0.0830 A_mean=0.0914 |g|=2.76e-03 bin=0.710 S_flip=0.070 t=12s
[P700_h140_pad0.040_s7777] it  13 J=0.09337 A_min=0.0859 A_mean=0.0943 |g|=2.95e-03 bin=0.697 S_flip=0.072 t=13s
[P700_h140_pad0.040_s7777] it  14 J=0.09653 A_min=0.0889 A_mean=0.0975 |g|=3.15e-03 bin=0.682 S_flip=0.074 t=14s
[P700_h140_pad0.040_s7777] it  15 J=0.09993 A_min=0.0922 A_mean=0.1009 |g|=3.35e-03 bin=0.666 S_flip=0.076 t=15s
[P700_h140_pad0.040_s7777] it  16 J=0.10359 A_min=0.0957 A_mean=0.1046 |g|=3.54e-03 bin=0.647 S_flip=0.077 t=15s
[P700_h140_pad0.040_s7777] it  17 J=0.10750 A_min=0.0995 A_mean=0.1086 |g|=3.70e-03 bin=0.626 S_flip=0.078 t=16s
[P700_h140_pad0.040_s7777] it  18 J=0.11165 A_min=0.1035 A_mean=0.1127 |g|=3.83e-03 bin=0.602 S_flip=0.079 t=17s
[P700_h140_pad0.040_s7777] it  19 J=0.11599 A_min=0.1077 A_mean=0.1171 |g|=3.90e-03 bin=0.575 S_flip=0.079 t=18s
[P700_h140_pad0.040_s7777] it  20 J=0.12048 A_min=0.1120 A_mean=0.1216 |g|=3.90e-03 bin=0.544 S_flip=0.079 t=19s
[P700_h140_pad0.040_s7777] it  21 J=0.12501 A_min=0.1164 A_mean=0.1262 |g|=3.82e-03 bin=0.511 S_flip=0.079 t=20s
[P700_h140_pad0.040_s7777] it  22 J=0.12950 A_min=0.1207 A_mean=0.1307 |g|=3.66e-03 bin=0.475 S_flip=0.078 t=21s
[P700_h140_pad0.040_s7777] it  23 J=0.13384 A_min=0.1249 A_mean=0.1350 |g|=3.44e-03 bin=0.437 S_flip=0.077 t=22s
[P700_h140_pad0.040_s7777] it  24 J=0.13791 A_min=0.1289 A_mean=0.1391 |g|=3.17e-03 bin=0.398 S_flip=0.076 t=23s
[P700_h140_pad0.040_s7777] it  25 J=0.14165 A_min=0.1325 A_mean=0.1429 |g|=2.88e-03 bin=0.359 S_flip=0.075 t=24s
[P700_h140_pad0.040_s7777] it  26 J=0.14499 A_min=0.1357 A_mean=0.1463 |g|=2.60e-03 bin=0.322 S_flip=0.075 t=25s
[P700_h140_pad0.040_s7777] it  27 J=0.14793 A_min=0.1386 A_mean=0.1492 |g|=2.34e-03 bin=0.287 S_flip=0.075 t=26s
[P700_h140_pad0.040_s7777] it  28 J=0.15047 A_min=0.1412 A_mean=0.1518 |g|=2.12e-03 bin=0.255 S_flip=0.076 t=27s
[P700_h140_pad0.040_s7777] it  29 J=0.15264 A_min=0.1433 A_mean=0.1540 |g|=1.94e-03 bin=0.227 S_flip=0.077 t=27s
[P700_h140_pad0.040_s7777] it  30 J=0.15448 A_min=0.1452 A_mean=0.1558 |g|=1.79e-03 bin=0.201 S_flip=0.078 t=28s
[P700_h140_pad0.040_s7777] it  31 J=0.15604 A_min=0.1468 A_mean=0.1574 |g|=1.68e-03 bin=0.179 S_flip=0.079 t=29s
[P700_h140_pad0.040_s7777] it  32 J=0.15736 A_min=0.1481 A_mean=0.1587 |g|=1.58e-03 bin=0.159 S_flip=0.081 t=30s
[P700_h140_pad0.040_s7777] it  33 J=0.15848 A_min=0.1493 A_mean=0.1599 |g|=1.50e-03 bin=0.143 S_flip=0.083 t=31s
[P700_h140_pad0.040_s7777] it  34 J=0.15943 A_min=0.1503 A_mean=0.1608 |g|=1.42e-03 bin=0.128 S_flip=0.085 t=32s
[P700_h140_pad0.040_s7777] it  35 J=0.16025 A_min=0.1512 A_mean=0.1617 |g|=1.36e-03 bin=0.115 S_flip=0.087 t=33s
[P700_h140_pad0.040_s7777] it  36 J=0.16095 A_min=0.1519 A_mean=0.1624 |g|=1.30e-03 bin=0.104 S_flip=0.089 t=34s
[P700_h140_pad0.040_s7777] it  37 J=0.16155 A_min=0.1526 A_mean=0.1630 |g|=1.24e-03 bin=0.094 S_flip=0.091 t=35s
[P700_h140_pad0.040_s7777] it  38 J=0.16207 A_min=0.1531 A_mean=0.1635 |g|=1.19e-03 bin=0.086 S_flip=0.093 t=36s
[P700_h140_pad0.040_s7777] it  39 J=0.16253 A_min=0.1536 A_mean=0.1640 |g|=1.14e-03 bin=0.078 S_flip=0.095 t=37s
[P700_h140_pad0.040_s7777] it  40 J=0.16292 A_min=0.1540 A_mean=0.1644 |g|=1.10e-03 bin=0.072 S_flip=0.098 t=38s
[P700_h140_pad0.040_s7777] it  41 J=0.16327 A_min=0.1544 A_mean=0.1647 |g|=1.05e-03 bin=0.066 S_flip=0.100 t=39s
[P700_h140_pad0.040_s7777] it  42 J=0.16357 A_min=0.1547 A_mean=0.1650 |g|=1.01e-03 bin=0.061 S_flip=0.102 t=40s
[P700_h140_pad0.040_s7777] it  43 J=0.16384 A_min=0.1550 A_mean=0.1653 |g|=9.80e-04 bin=0.056 S_flip=0.104 t=41s
[P700_h140_pad0.040_s7777] it  44 J=0.16408 A_min=0.1553 A_mean=0.1655 |g|=9.47e-04 bin=0.051 S_flip=0.107 t=41s
[P700_h140_pad0.040_s7777] it  45 J=0.16429 A_min=0.1555 A_mean=0.1657 |g|=9.18e-04 bin=0.047 S_flip=0.109 t=42s
[P700_h140_pad0.040_s7777] it  46 J=0.16447 A_min=0.1557 A_mean=0.1659 |g|=8.90e-04 bin=0.044 S_flip=0.111 t=43s
[P700_h140_pad0.040_s7777] it  47 J=0.16464 A_min=0.1559 A_mean=0.1661 |g|=8.66e-04 bin=0.041 S_flip=0.113 t=44s
[P700_h140_pad0.040_s7777] it  48 J=0.16479 A_min=0.1560 A_mean=0.1663 |g|=8.43e-04 bin=0.038 S_flip=0.116 t=45s
[P700_h140_pad0.040_s7777] it  49 J=0.16492 A_min=0.1562 A_mean=0.1664 |g|=8.22e-04 bin=0.035 S_flip=0.118 t=46s
[P700_h140_pad0.040_s7777] it  50 J=0.16504 A_min=0.1563 A_mean=0.1665 |g|=8.03e-04 bin=0.032 S_flip=0.120 t=47s
[P700_h140_pad0.040_s7777] it  51 J=0.16515 A_min=0.1564 A_mean=0.1666 |g|=7.85e-04 bin=0.030 S_flip=0.122 t=48s
[P700_h140_pad0.040_s7777] it  52 J=0.16525 A_min=0.1565 A_mean=0.1667 |g|=7.69e-04 bin=0.028 S_flip=0.124 t=49s
[P700_h140_pad0.040_s7777] it  53 J=0.16534 A_min=0.1566 A_mean=0.1668 |g|=7.54e-04 bin=0.026 S_flip=0.126 t=50s
[P700_h140_pad0.040_s7777] it  54 J=0.16542 A_min=0.1567 A_mean=0.1669 |g|=7.39e-04 bin=0.024 S_flip=0.127 t=51s
[P700_h140_pad0.040_s7777] it  55 J=0.16549 A_min=0.1568 A_mean=0.1670 |g|=7.26e-04 bin=0.022 S_flip=0.129 t=52s
[P700_h140_pad0.040_s7777] it  56 J=0.16556 A_min=0.1569 A_mean=0.1670 |g|=7.13e-04 bin=0.021 S_flip=0.131 t=53s
[P700_h140_pad0.040_s7777] it  57 J=0.16562 A_min=0.1569 A_mean=0.1671 |g|=7.00e-04 bin=0.019 S_flip=0.133 t=54s
[P700_h140_pad0.040_s7777] it  58 J=0.16567 A_min=0.1570 A_mean=0.1672 |g|=6.89e-04 bin=0.018 S_flip=0.134 t=55s
[P700_h140_pad0.040_s7777] it  59 J=0.16572 A_min=0.1571 A_mean=0.1672 |g|=6.78e-04 bin=0.017 S_flip=0.136 t=55s
[P700_h140_pad0.040_s7777] it  60 J=0.16577 A_min=0.1571 A_mean=0.1673 |g|=6.68e-04 bin=0.016 S_flip=0.137 t=56s
[P700_h140_pad0.040_s7777] it  61 J=0.16581 A_min=0.1572 A_mean=0.1673 |g|=6.58e-04 bin=0.015 S_flip=0.139 t=57s
[P700_h140_pad0.040_s7777] it  62 J=0.16585 A_min=0.1572 A_mean=0.1673 |g|=6.50e-04 bin=0.014 S_flip=0.140 t=58s
[P700_h140_pad0.040_s7777] it  63 J=0.16589 A_min=0.1572 A_mean=0.1674 |g|=6.42e-04 bin=0.013 S_flip=0.142 t=59s
[P700_h140_pad0.040_s7777] it  64 J=0.16592 A_min=0.1573 A_mean=0.1674 |g|=6.36e-04 bin=0.012 S_flip=0.143 t=60s
[P700_h140_pad0.040_s7777] it  65 J=0.16595 A_min=0.1573 A_mean=0.1674 |g|=6.30e-04 bin=0.011 S_flip=0.145 t=60s
[P700_h140_pad0.040_s7777] it  66 J=0.16598 A_min=0.1573 A_mean=0.1675 |g|=6.24e-04 bin=0.010 S_flip=0.146 t=61s
[P700_h140_pad0.040_s7777] it  67 J=0.16600 A_min=0.1574 A_mean=0.1675 |g|=6.18e-04 bin=0.010 S_flip=0.147 t=62s
[P700_h140_pad0.040_s7777] it  68 J=0.16603 A_min=0.1574 A_mean=0.1675 |g|=6.12e-04 bin=0.009 S_flip=0.149 t=63s
[P700_h140_pad0.040_s7777] it  69 J=0.16605 A_min=0.1574 A_mean=0.1675 |g|=6.09e-04 bin=0.008 S_flip=0.150 t=64s
[P700_h140_pad0.040_s7777] it  70 J=0.16607 A_min=0.1574 A_mean=0.1676 |g|=6.09e-04 bin=0.008 S_flip=0.151 t=65s
[P700_h140_pad0.040_s7777] it  71 J=0.16609 A_min=0.1575 A_mean=0.1676 |g|=6.11e-04 bin=0.007 S_flip=0.153 t=66s
[P700_h140_pad0.040_s7777] it  72 J=0.16610 A_min=0.1575 A_mean=0.1676 |g|=6.15e-04 bin=0.007 S_flip=0.154 t=67s
[P700_h140_pad0.040_s7777] it  73 J=0.16612 A_min=0.1575 A_mean=0.1676 |g|=6.17e-04 bin=0.006 S_flip=0.155 t=67s
[P700_h140_pad0.040_s7777] it  74 J=0.16613 A_min=0.1575 A_mean=0.1676 |g|=6.14e-04 bin=0.006 S_flip=0.156 t=68s
[P700_h140_pad0.040_s7777] it  75 J=0.16615 A_min=0.1575 A_mean=0.1676 |g|=6.05e-04 bin=0.006 S_flip=0.157 t=69s
[P700_h140_pad0.040_s7777] it  76 J=0.16616 A_min=0.1575 A_mean=0.1677 |g|=5.93e-04 bin=0.005 S_flip=0.158 t=70s
[P700_h140_pad0.040_s7777] it  77 J=0.16617 A_min=0.1576 A_mean=0.1677 |g|=5.80e-04 bin=0.005 S_flip=0.159 t=71s
[P700_h140_pad0.040_s7777] it  78 J=0.16618 A_min=0.1576 A_mean=0.1677 |g|=5.70e-04 bin=0.004 S_flip=0.159 t=72s
[P700_h140_pad0.040_s7777] it  79 J=0.16619 A_min=0.1576 A_mean=0.1677 |g|=5.65e-04 bin=0.004 S_flip=0.160 t=824s
[stage2] beta=15.79 n_iter=100 order=[5, 5] angles=[(0.0, 0.0), (20.0, 0.0), (20.0, 90.0)]
[stage2] P700_h120_pad0.040_s333: cached J_hard=0.15664
[stage2] P700_h120_pad0.040_s1001: cached J_hard=0.15675
[stage2] P700_h120_pad0.040_s7777: cached J_hard=0.15618
[stage2] P700_h120_pad0.080_s333: cached J_hard=0.15533
[stage2] P700_h120_pad0.080_s1001: cached J_hard=0.15551
[stage2] P700_h120_pad0.080_s7777: cached J_hard=0.15516
[stage2] P700_h120_pad0.120_s333: cached J_hard=0.15367
[stage2] P700_h120_pad0.120_s1001: cached J_hard=0.15380
[stage2] P700_h120_pad0.120_s7777: cached J_hard=0.15376
[stage2] P700_h140_pad0.040_s333: cached J_hard=0.16686
[stage2] P700_h140_pad0.040_s1001: cached J_hard=0.16692
[P700_h140_pad0.040_s7777] it   0 J=0.07019 A_min=0.0634 A_mean=0.0710 |g|=1.40e-03 bin=0.793 S_flip=0.050 t=9s
[P700_h140_pad0.040_s7777] it   1 J=0.07110 A_min=0.0643 A_mean=0.0719 |g|=1.46e-03 bin=0.789 S_flip=0.051 t=11s
[P700_h140_pad0.040_s7777] it   2 J=0.07211 A_min=0.0652 A_mean=0.0730 |g|=1.53e-03 bin=0.785 S_flip=0.052 t=12s
[P700_h140_pad0.040_s7777] it   3 J=0.07324 A_min=0.0663 A_mean=0.0741 |g|=1.61e-03 bin=0.781 S_flip=0.054 t=13s
[P700_h140_pad0.040_s7777] it   4 J=0.07449 A_min=0.0676 A_mean=0.0753 |g|=1.69e-03 bin=0.776 S_flip=0.055 t=14s
[P700_h140_pad0.040_s7777] it   5 J=0.07588 A_min=0.0689 A_mean=0.0767 |g|=1.78e-03 bin=0.771 S_flip=0.057 t=15s
[P700_h140_pad0.040_s7777] it   6 J=0.07741 A_min=0.0704 A_mean=0.0783 |g|=1.89e-03 bin=0.765 S_flip=0.058 t=17s
[P700_h140_pad0.040_s7777] it   7 J=0.07911 A_min=0.0720 A_mean=0.0800 |g|=2.00e-03 bin=0.758 S_flip=0.060 t=18s
[P700_h140_pad0.040_s7777] it   8 J=0.08099 A_min=0.0739 A_mean=0.0819 |g|=2.12e-03 bin=0.750 S_flip=0.062 t=20s
[P700_h140_pad0.040_s7777] it   9 J=0.08305 A_min=0.0759 A_mean=0.0840 |g|=2.26e-03 bin=0.742 S_flip=0.064 t=21s
[P700_h140_pad0.040_s7777] it  10 J=0.08530 A_min=0.0780 A_mean=0.0862 |g|=2.41e-03 bin=0.732 S_flip=0.066 t=22s
[P700_h140_pad0.040_s7777] it  11 J=0.08777 A_min=0.0804 A_mean=0.0887 |g|=2.58e-03 bin=0.722 S_flip=0.068 t=24s
[P700_h140_pad0.040_s7777] it  12 J=0.09045 A_min=0.0830 A_mean=0.0914 |g|=2.76e-03 bin=0.710 S_flip=0.070 t=25s
[P700_h140_pad0.040_s7777] it  13 J=0.09337 A_min=0.0859 A_mean=0.0943 |g|=2.95e-03 bin=0.697 S_flip=0.072 t=27s
[P700_h140_pad0.040_s7777] it  14 J=0.09653 A_min=0.0889 A_mean=0.0975 |g|=3.15e-03 bin=0.682 S_flip=0.074 t=28s
[P700_h140_pad0.040_s7777] it  15 J=0.09993 A_min=0.0922 A_mean=0.1009 |g|=3.35e-03 bin=0.666 S_flip=0.076 t=29s
[P700_h140_pad0.040_s7777] it  16 J=0.10359 A_min=0.0957 A_mean=0.1046 |g|=3.54e-03 bin=0.647 S_flip=0.077 t=30s
[P700_h140_pad0.040_s7777] it  17 J=0.10750 A_min=0.0995 A_mean=0.1086 |g|=3.70e-03 bin=0.626 S_flip=0.078 t=32s
[P700_h140_pad0.040_s7777] it  18 J=0.11165 A_min=0.1035 A_mean=0.1127 |g|=3.83e-03 bin=0.602 S_flip=0.079 t=33s
[P700_h140_pad0.040_s7777] it  19 J=0.11599 A_min=0.1077 A_mean=0.1171 |g|=3.90e-03 bin=0.575 S_flip=0.079 t=34s
[P700_h140_pad0.040_s7777] it  20 J=0.12048 A_min=0.1120 A_mean=0.1216 |g|=3.90e-03 bin=0.544 S_flip=0.079 t=36s
[P700_h140_pad0.040_s7777] it  21 J=0.12501 A_min=0.1164 A_mean=0.1262 |g|=3.82e-03 bin=0.511 S_flip=0.079 t=37s
[P700_h140_pad0.040_s7777] it  22 J=0.12950 A_min=0.1207 A_mean=0.1307 |g|=3.66e-03 bin=0.475 S_flip=0.078 t=39s
[P700_h140_pad0.040_s7777] it  23 J=0.13384 A_min=0.1249 A_mean=0.1350 |g|=3.44e-03 bin=0.437 S_flip=0.077 t=40s
[P700_h140_pad0.040_s7777] it  24 J=0.13791 A_min=0.1289 A_mean=0.1391 |g|=3.17e-03 bin=0.398 S_flip=0.076 t=41s
[P700_h140_pad0.040_s7777] it  25 J=0.14165 A_min=0.1325 A_mean=0.1429 |g|=2.88e-03 bin=0.359 S_flip=0.075 t=42s
[P700_h140_pad0.040_s7777] it  26 J=0.14499 A_min=0.1357 A_mean=0.1463 |g|=2.60e-03 bin=0.322 S_flip=0.075 t=44s
[P700_h140_pad0.040_s7777] it  27 J=0.14793 A_min=0.1386 A_mean=0.1492 |g|=2.34e-03 bin=0.287 S_flip=0.075 t=45s
[P700_h140_pad0.040_s7777] it  28 J=0.15047 A_min=0.1412 A_mean=0.1518 |g|=2.12e-03 bin=0.255 S_flip=0.076 t=46s
[P700_h140_pad0.040_s7777] it  29 J=0.15264 A_min=0.1433 A_mean=0.1540 |g|=1.94e-03 bin=0.227 S_flip=0.077 t=48s
[P700_h140_pad0.040_s7777] it  30 J=0.15448 A_min=0.1452 A_mean=0.1558 |g|=1.79e-03 bin=0.201 S_flip=0.078 t=49s
[P700_h140_pad0.040_s7777] it  31 J=0.15604 A_min=0.1468 A_mean=0.1574 |g|=1.68e-03 bin=0.179 S_flip=0.079 t=50s
[P700_h140_pad0.040_s7777] it  32 J=0.15736 A_min=0.1481 A_mean=0.1587 |g|=1.58e-03 bin=0.159 S_flip=0.081 t=52s
[P700_h140_pad0.040_s7777] it  33 J=0.15848 A_min=0.1493 A_mean=0.1599 |g|=1.50e-03 bin=0.143 S_flip=0.083 t=53s
[P700_h140_pad0.040_s7777] it  34 J=0.15943 A_min=0.1503 A_mean=0.1608 |g|=1.42e-03 bin=0.128 S_flip=0.085 t=54s
[P700_h140_pad0.040_s7777] it  35 J=0.16025 A_min=0.1512 A_mean=0.1617 |g|=1.36e-03 bin=0.115 S_flip=0.087 t=56s
[P700_h140_pad0.040_s7777] it  36 J=0.16095 A_min=0.1519 A_mean=0.1624 |g|=1.30e-03 bin=0.104 S_flip=0.089 t=57s
[P700_h140_pad0.040_s7777] it  37 J=0.16155 A_min=0.1526 A_mean=0.1630 |g|=1.24e-03 bin=0.094 S_flip=0.091 t=58s
[P700_h140_pad0.040_s7777] it  38 J=0.16207 A_min=0.1531 A_mean=0.1635 |g|=1.19e-03 bin=0.086 S_flip=0.093 t=60s
[P700_h140_pad0.040_s7777] it  39 J=0.16253 A_min=0.1536 A_mean=0.1640 |g|=1.14e-03 bin=0.078 S_flip=0.095 t=61s
[P700_h140_pad0.040_s7777] it  40 J=0.16292 A_min=0.1540 A_mean=0.1644 |g|=1.10e-03 bin=0.072 S_flip=0.098 t=62s
[P700_h140_pad0.040_s7777] it  41 J=0.16327 A_min=0.1544 A_mean=0.1647 |g|=1.05e-03 bin=0.066 S_flip=0.100 t=64s
[P700_h140_pad0.040_s7777] it  42 J=0.16357 A_min=0.1547 A_mean=0.1650 |g|=1.01e-03 bin=0.061 S_flip=0.102 t=65s
[P700_h140_pad0.040_s7777] it  43 J=0.16384 A_min=0.1550 A_mean=0.1653 |g|=9.80e-04 bin=0.056 S_flip=0.104 t=66s
[P700_h140_pad0.040_s7777] it  44 J=0.16408 A_min=0.1553 A_mean=0.1655 |g|=9.47e-04 bin=0.051 S_flip=0.107 t=68s
[P700_h140_pad0.040_s7777] it  45 J=0.16429 A_min=0.1555 A_mean=0.1657 |g|=9.18e-04 bin=0.047 S_flip=0.109 t=69s
[P700_h140_pad0.040_s7777] it  46 J=0.16447 A_min=0.1557 A_mean=0.1659 |g|=8.90e-04 bin=0.044 S_flip=0.111 t=70s
[P700_h140_pad0.040_s7777] it  47 J=0.16464 A_min=0.1559 A_mean=0.1661 |g|=8.66e-04 bin=0.041 S_flip=0.113 t=71s
[P700_h140_pad0.040_s7777] it  48 J=0.16479 A_min=0.1560 A_mean=0.1663 |g|=8.43e-04 bin=0.038 S_flip=0.116 t=73s
[P700_h140_pad0.040_s7777] it  49 J=0.16492 A_min=0.1562 A_mean=0.1664 |g|=8.22e-04 bin=0.035 S_flip=0.118 t=74s
[P700_h140_pad0.040_s7777] it  50 J=0.16504 A_min=0.1563 A_mean=0.1665 |g|=8.03e-04 bin=0.032 S_flip=0.120 t=75s
[P700_h140_pad0.040_s7777] it  51 J=0.16515 A_min=0.1564 A_mean=0.1666 |g|=7.85e-04 bin=0.030 S_flip=0.122 t=77s
[P700_h140_pad0.040_s7777] it  52 J=0.16525 A_min=0.1565 A_mean=0.1667 |g|=7.69e-04 bin=0.028 S_flip=0.124 t=78s
[P700_h140_pad0.040_s7777] it  53 J=0.16534 A_min=0.1566 A_mean=0.1668 |g|=7.54e-04 bin=0.026 S_flip=0.126 t=79s
[P700_h140_pad0.040_s7777] it  54 J=0.16542 A_min=0.1567 A_mean=0.1669 |g|=7.39e-04 bin=0.024 S_flip=0.127 t=81s
[P700_h140_pad0.040_s7777] it  55 J=0.16549 A_min=0.1568 A_mean=0.1670 |g|=7.26e-04 bin=0.022 S_flip=0.129 t=82s
[P700_h140_pad0.040_s7777] it  56 J=0.16556 A_min=0.1569 A_mean=0.1670 |g|=7.13e-04 bin=0.021 S_flip=0.131 t=83s
[P700_h140_pad0.040_s7777] it  57 J=0.16562 A_min=0.1569 A_mean=0.1671 |g|=7.00e-04 bin=0.019 S_flip=0.133 t=85s
[P700_h140_pad0.040_s7777] it  58 J=0.16567 A_min=0.1570 A_mean=0.1672 |g|=6.89e-04 bin=0.018 S_flip=0.134 t=86s
[P700_h140_pad0.040_s7777] it  59 J=0.16572 A_min=0.1571 A_mean=0.1672 |g|=6.78e-04 bin=0.017 S_flip=0.136 t=87s
[P700_h140_pad0.040_s7777] it  60 J=0.16577 A_min=0.1571 A_mean=0.1673 |g|=6.68e-04 bin=0.016 S_flip=0.137 t=89s
[P700_h140_pad0.040_s7777] it  61 J=0.16581 A_min=0.1572 A_mean=0.1673 |g|=6.58e-04 bin=0.015 S_flip=0.139 t=90s
[P700_h140_pad0.040_s7777] it  62 J=0.16585 A_min=0.1572 A_mean=0.1673 |g|=6.50e-04 bin=0.014 S_flip=0.140 t=92s
[P700_h140_pad0.040_s7777] it  63 J=0.16589 A_min=0.1572 A_mean=0.1674 |g|=6.42e-04 bin=0.013 S_flip=0.142 t=93s
[P700_h140_pad0.040_s7777] it  64 J=0.16592 A_min=0.1573 A_mean=0.1674 |g|=6.36e-04 bin=0.012 S_flip=0.143 t=94s
[P700_h140_pad0.040_s7777] it  65 J=0.16595 A_min=0.1573 A_mean=0.1674 |g|=6.30e-04 bin=0.011 S_flip=0.145 t=96s
[P700_h140_pad0.040_s7777] it  66 J=0.16598 A_min=0.1573 A_mean=0.1675 |g|=6.24e-04 bin=0.010 S_flip=0.146 t=97s
[P700_h140_pad0.040_s7777] it  67 J=0.16600 A_min=0.1574 A_mean=0.1675 |g|=6.18e-04 bin=0.010 S_flip=0.147 t=99s
[P700_h140_pad0.040_s7777] it  68 J=0.16603 A_min=0.1574 A_mean=0.1675 |g|=6.12e-04 bin=0.009 S_flip=0.149 t=100s
[P700_h140_pad0.040_s7777] it  69 J=0.16605 A_min=0.1574 A_mean=0.1675 |g|=6.09e-04 bin=0.008 S_flip=0.150 t=101s
[P700_h140_pad0.040_s7777] it  70 J=0.16607 A_min=0.1574 A_mean=0.1676 |g|=6.09e-04 bin=0.008 S_flip=0.151 t=103s
[P700_h140_pad0.040_s7777] it  71 J=0.16609 A_min=0.1575 A_mean=0.1676 |g|=6.11e-04 bin=0.007 S_flip=0.153 t=104s
[P700_h140_pad0.040_s7777] it  72 J=0.16610 A_min=0.1575 A_mean=0.1676 |g|=6.15e-04 bin=0.007 S_flip=0.154 t=105s
[P700_h140_pad0.040_s7777] it  73 J=0.16612 A_min=0.1575 A_mean=0.1676 |g|=6.17e-04 bin=0.006 S_flip=0.155 t=107s
[P700_h140_pad0.040_s7777] it  74 J=0.16613 A_min=0.1575 A_mean=0.1676 |g|=6.14e-04 bin=0.006 S_flip=0.156 t=108s
[P700_h140_pad0.040_s7777] it  75 J=0.16615 A_min=0.1575 A_mean=0.1676 |g|=6.05e-04 bin=0.006 S_flip=0.157 t=109s
[P700_h140_pad0.040_s7777] it  76 J=0.16616 A_min=0.1575 A_mean=0.1677 |g|=5.93e-04 bin=0.005 S_flip=0.158 t=111s
[P700_h140_pad0.040_s7777] it  77 J=0.16617 A_min=0.1576 A_mean=0.1677 |g|=5.80e-04 bin=0.005 S_flip=0.159 t=112s
[P700_h140_pad0.040_s7777] it  78 J=0.16618 A_min=0.1576 A_mean=0.1677 |g|=5.70e-04 bin=0.004 S_flip=0.159 t=113s
[P700_h140_pad0.040_s7777] it  79 J=0.16619 A_min=0.1576 A_mean=0.1677 |g|=5.65e-04 bin=0.004 S_flip=0.160 t=114s
[P700_h140_pad0.040_s7777] it  80 J=0.16620 A_min=0.1576 A_mean=0.1677 |g|=5.66e-04 bin=0.004 S_flip=0.160 t=116s
[P700_h140_pad0.040_s7777] it  81 J=0.16620 A_min=0.1576 A_mean=0.1677 |g|=5.70e-04 bin=0.003 S_flip=0.161 t=117s
[P700_h140_pad0.040_s7777] it  82 J=0.16621 A_min=0.1576 A_mean=0.1677 |g|=5.77e-04 bin=0.003 S_flip=0.161 t=118s
[P700_h140_pad0.040_s7777] it  83 J=0.16621 A_min=0.1576 A_mean=0.1677 |g|=5.85e-04 bin=0.003 S_flip=0.161 t=120s
[P700_h140_pad0.040_s7777] it  84 J=0.16622 A_min=0.1576 A_mean=0.1677 |g|=5.91e-04 bin=0.003 S_flip=0.162 t=121s
[P700_h140_pad0.040_s7777] it  85 J=0.16622 A_min=0.1576 A_mean=0.1677 |g|=5.96e-04 bin=0.003 S_flip=0.162 t=122s
[P700_h140_pad0.040_s7777] it  86 J=0.16623 A_min=0.1576 A_mean=0.1677 |g|=5.97e-04 bin=0.002 S_flip=0.163 t=123s
[P700_h140_pad0.040_s7777] it  87 J=0.16623 A_min=0.1576 A_mean=0.1677 |g|=5.96e-04 bin=0.002 S_flip=0.163 t=125s
[P700_h140_pad0.040_s7777] it  88 J=0.16623 A_min=0.1576 A_mean=0.1677 |g|=5.93e-04 bin=0.002 S_flip=0.164 t=126s
[P700_h140_pad0.040_s7777] it  89 J=0.16624 A_min=0.1576 A_mean=0.1677 |g|=5.88e-04 bin=0.002 S_flip=0.164 t=127s
[P700_h140_pad0.040_s7777] it  90 J=0.16624 A_min=0.1576 A_mean=0.1677 |g|=5.83e-04 bin=0.002 S_flip=0.164 t=129s
[P700_h140_pad0.040_s7777] it  91 J=0.16624 A_min=0.1576 A_mean=0.1677 |g|=5.77e-04 bin=0.002 S_flip=0.165 t=130s
[P700_h140_pad0.040_s7777] it  92 J=0.16624 A_min=0.1576 A_mean=0.1677 |g|=5.71e-04 bin=0.002 S_flip=0.165 t=131s
[P700_h140_pad0.040_s7777] it  93 J=0.16624 A_min=0.1577 A_mean=0.1677 |g|=5.64e-04 bin=0.001 S_flip=0.165 t=133s
[P700_h140_pad0.040_s7777] it  94 J=0.16624 A_min=0.1577 A_mean=0.1677 |g|=5.57e-04 bin=0.001 S_flip=0.166 t=134s
[P700_h140_pad0.040_s7777] it  95 J=0.16625 A_min=0.1577 A_mean=0.1677 |g|=5.50e-04 bin=0.001 S_flip=0.166 t=135s
[P700_h140_pad0.040_s7777] it  96 J=0.16625 A_min=0.1577 A_mean=0.1677 |g|=5.43e-04 bin=0.001 S_flip=0.166 t=137s
[P700_h140_pad0.040_s7777] it  97 J=0.16625 A_min=0.1577 A_mean=0.1677 |g|=5.36e-04 bin=0.001 S_flip=0.166 t=138s
[P700_h140_pad0.040_s7777] it  98 J=0.16625 A_min=0.1577 A_mean=0.1677 |g|=5.30e-04 bin=0.001 S_flip=0.167 t=139s
[P700_h140_pad0.040_s7777] it  99 J=0.16625 A_min=0.1577 A_mean=0.1677 |g|=5.24e-04 bin=0.001 S_flip=0.167 t=141s
[P700_h140_pad0.040_s7777] done: J_soft=0.16625 J_hard=0.16625 A_hard=[0.1577, 0.1878, 0.1578] S_flip=0.169 wall=143s
[P700_h140_pad0.080_s333] it   0 J=0.09001 A_min=0.0824 A_mean=0.0910 |g|=1.57e-03 bin=0.657 S_flip=0.053 t=1s
[P700_h140_pad0.080_s333] it   1 J=0.09062 A_min=0.0830 A_mean=0.0916 |g|=1.64e-03 bin=0.655 S_flip=0.054 t=3s
[P700_h140_pad0.080_s333] it   2 J=0.09129 A_min=0.0836 A_mean=0.0923 |g|=1.71e-03 bin=0.652 S_flip=0.056 t=4s
[P700_h140_pad0.080_s333] it   3 J=0.09204 A_min=0.0844 A_mean=0.0930 |g|=1.80e-03 bin=0.649 S_flip=0.057 t=5s
[P700_h140_pad0.080_s333] it   4 J=0.09289 A_min=0.0852 A_mean=0.0939 |g|=1.89e-03 bin=0.646 S_flip=0.058 t=7s
[P700_h140_pad0.080_s333] it   5 J=0.09384 A_min=0.0861 A_mean=0.0948 |g|=2.00e-03 bin=0.642 S_flip=0.060 t=8s
[P700_h140_pad0.080_s333] it   6 J=0.09493 A_min=0.0871 A_mean=0.0959 |g|=2.12e-03 bin=0.637 S_flip=0.061 t=9s
[P700_h140_pad0.080_s333] it   7 J=0.09617 A_min=0.0883 A_mean=0.0972 |g|=2.25e-03 bin=0.631 S_flip=0.063 t=11s
[P700_h140_pad0.080_s333] it   8 J=0.09758 A_min=0.0897 A_mean=0.0986 |g|=2.39e-03 bin=0.625 S_flip=0.065 t=12s
[P700_h140_pad0.080_s333] it   9 J=0.09919 A_min=0.0912 A_mean=0.1002 |g|=2.55e-03 bin=0.618 S_flip=0.067 t=13s
[P700_h140_pad0.080_s333] it  10 J=0.10104 A_min=0.0930 A_mean=0.1021 |g|=2.72e-03 bin=0.609 S_flip=0.069 t=15s
[P700_h140_pad0.080_s333] it  11 J=0.10314 A_min=0.0950 A_mean=0.1042 |g|=2.89e-03 bin=0.599 S_flip=0.071 t=16s
[P700_h140_pad0.080_s333] it  12 J=0.10552 A_min=0.0973 A_mean=0.1066 |g|=3.06e-03 bin=0.588 S_flip=0.073 t=17s
[P700_h140_pad0.080_s333] it  13 J=0.10820 A_min=0.0999 A_mean=0.1093 |g|=3.22e-03 bin=0.574 S_flip=0.075 t=19s
[P700_h140_pad0.080_s333] it  14 J=0.11119 A_min=0.1028 A_mean=0.1123 |g|=3.37e-03 bin=0.558 S_flip=0.077 t=20s
[P700_h140_pad0.080_s333] it  15 J=0.11449 A_min=0.1060 A_mean=0.1156 |g|=3.49e-03 bin=0.540 S_flip=0.079 t=22s
[P700_h140_pad0.080_s333] it  16 J=0.11807 A_min=0.1094 A_mean=0.1192 |g|=3.56e-03 bin=0.519 S_flip=0.080 t=23s
[P700_h140_pad0.080_s333] it  17 J=0.12188 A_min=0.1131 A_mean=0.1230 |g|=3.58e-03 bin=0.495 S_flip=0.082 t=25s
[P700_h140_pad0.080_s333] it  18 J=0.12586 A_min=0.1169 A_mean=0.1270 |g|=3.54e-03 bin=0.468 S_flip=0.083 t=26s
[P700_h140_pad0.080_s333] it  19 J=0.12990 A_min=0.1208 A_mean=0.1311 |g|=3.42e-03 bin=0.438 S_flip=0.085 t=28s
[P700_h140_pad0.080_s333] it  20 J=0.13392 A_min=0.1247 A_mean=0.1351 |g|=3.24e-03 bin=0.406 S_flip=0.086 t=29s
[P700_h140_pad0.080_s333] it  21 J=0.13779 A_min=0.1284 A_mean=0.1390 |g|=3.01e-03 bin=0.373 S_flip=0.087 t=31s
[P700_h140_pad0.080_s333] it  22 J=0.14142 A_min=0.1319 A_mean=0.1426 |g|=2.74e-03 bin=0.339 S_flip=0.088 t=32s
[P700_h140_pad0.080_s333] it  23 J=0.14474 A_min=0.1352 A_mean=0.1460 |g|=2.46e-03 bin=0.307 S_flip=0.090 t=34s
[P700_h140_pad0.080_s333] it  24 J=0.14771 A_min=0.1381 A_mean=0.1489 |g|=2.19e-03 bin=0.275 S_flip=0.091 t=35s
[P700_h140_pad0.080_s333] it  25 J=0.15030 A_min=0.1406 A_mean=0.1516 |g|=1.94e-03 bin=0.246 S_flip=0.093 t=37s
[P700_h140_pad0.080_s333] it  26 J=0.15253 A_min=0.1428 A_mean=0.1538 |g|=1.72e-03 bin=0.219 S_flip=0.095 t=38s
[P700_h140_pad0.080_s333] it  27 J=0.15443 A_min=0.1447 A_mean=0.1557 |g|=1.53e-03 bin=0.195 S_flip=0.097 t=39s
[P700_h140_pad0.080_s333] it  28 J=0.15603 A_min=0.1463 A_mean=0.1573 |g|=1.38e-03 bin=0.174 S_flip=0.100 t=41s
[P700_h140_pad0.080_s333] it  29 J=0.15737 A_min=0.1477 A_mean=0.1587 |g|=1.26e-03 bin=0.156 S_flip=0.102 t=42s
[P700_h140_pad0.080_s333] it  30 J=0.15849 A_min=0.1488 A_mean=0.1598 |g|=1.17e-03 bin=0.139 S_flip=0.105 t=43s
[P700_h140_pad0.080_s333] it  31 J=0.15943 A_min=0.1498 A_mean=0.1607 |g|=1.09e-03 bin=0.125 S_flip=0.109 t=45s
[P700_h140_pad0.080_s333] it  32 J=0.16023 A_min=0.1506 A_mean=0.1615 |g|=1.03e-03 bin=0.113 S_flip=0.112 t=46s
[P700_h140_pad0.080_s333] it  33 J=0.16090 A_min=0.1513 A_mean=0.1622 |g|=9.73e-04 bin=0.102 S_flip=0.115 t=48s
[P700_h140_pad0.080_s333] it  34 J=0.16147 A_min=0.1519 A_mean=0.1628 |g|=9.28e-04 bin=0.093 S_flip=0.119 t=49s
[P700_h140_pad0.080_s333] it  35 J=0.16196 A_min=0.1524 A_mean=0.1633 |g|=8.89e-04 bin=0.084 S_flip=0.123 t=50s
[P700_h140_pad0.080_s333] it  36 J=0.16238 A_min=0.1528 A_mean=0.1637 |g|=8.55e-04 bin=0.077 S_flip=0.127 t=52s
[P700_h140_pad0.080_s333] it  37 J=0.16275 A_min=0.1532 A_mean=0.1641 |g|=8.24e-04 bin=0.071 S_flip=0.130 t=53s
[P700_h140_pad0.080_s333] it  38 J=0.16307 A_min=0.1536 A_mean=0.1644 |g|=7.96e-04 bin=0.065 S_flip=0.134 t=55s
[P700_h140_pad0.080_s333] it  39 J=0.16334 A_min=0.1539 A_mean=0.1647 |g|=7.71e-04 bin=0.060 S_flip=0.138 t=56s
[P700_h140_pad0.080_s333] it  40 J=0.16358 A_min=0.1541 A_mean=0.1649 |g|=7.48e-04 bin=0.055 S_flip=0.142 t=58s
[P700_h140_pad0.080_s333] it  41 J=0.16380 A_min=0.1544 A_mean=0.1651 |g|=7.27e-04 bin=0.051 S_flip=0.146 t=59s
[P700_h140_pad0.080_s333] it  42 J=0.16399 A_min=0.1546 A_mean=0.1653 |g|=7.07e-04 bin=0.047 S_flip=0.149 t=60s
[P700_h140_pad0.080_s333] it  43 J=0.16415 A_min=0.1547 A_mean=0.1655 |g|=6.89e-04 bin=0.043 S_flip=0.153 t=62s
[P700_h140_pad0.080_s333] it  44 J=0.16430 A_min=0.1549 A_mean=0.1657 |g|=6.72e-04 bin=0.040 S_flip=0.157 t=63s
[P700_h140_pad0.080_s333] it  45 J=0.16443 A_min=0.1550 A_mean=0.1658 |g|=6.57e-04 bin=0.037 S_flip=0.160 t=65s
[P700_h140_pad0.080_s333] it  46 J=0.16455 A_min=0.1552 A_mean=0.1659 |g|=6.42e-04 bin=0.035 S_flip=0.164 t=66s
[P700_h140_pad0.080_s333] it  47 J=0.16466 A_min=0.1553 A_mean=0.1660 |g|=6.29e-04 bin=0.032 S_flip=0.167 t=68s
[P700_h140_pad0.080_s333] it  48 J=0.16475 A_min=0.1554 A_mean=0.1661 |g|=6.17e-04 bin=0.030 S_flip=0.170 t=69s
[P700_h140_pad0.080_s333] it  49 J=0.16484 A_min=0.1555 A_mean=0.1662 |g|=6.06e-04 bin=0.028 S_flip=0.173 t=70s
[P700_h140_pad0.080_s333] it  50 J=0.16491 A_min=0.1556 A_mean=0.1663 |g|=5.96e-04 bin=0.026 S_flip=0.176 t=72s
[P700_h140_pad0.080_s333] it  51 J=0.16498 A_min=0.1557 A_mean=0.1664 |g|=5.86e-04 bin=0.024 S_flip=0.179 t=73s
[P700_h140_pad0.080_s333] it  52 J=0.16504 A_min=0.1557 A_mean=0.1664 |g|=5.77e-04 bin=0.022 S_flip=0.182 t=75s
[P700_h140_pad0.080_s333] it  53 J=0.16510 A_min=0.1558 A_mean=0.1665 |g|=5.69e-04 bin=0.021 S_flip=0.185 t=76s
[P700_h140_pad0.080_s333] it  54 J=0.16515 A_min=0.1559 A_mean=0.1665 |g|=5.60e-04 bin=0.019 S_flip=0.188 t=78s
[P700_h140_pad0.080_s333] it  55 J=0.16520 A_min=0.1559 A_mean=0.1666 |g|=5.51e-04 bin=0.018 S_flip=0.191 t=79s
[P700_h140_pad0.080_s333] it  56 J=0.16525 A_min=0.1560 A_mean=0.1666 |g|=5.42e-04 bin=0.016 S_flip=0.194 t=81s
[P700_h140_pad0.080_s333] it  57 J=0.16529 A_min=0.1560 A_mean=0.1667 |g|=5.33e-04 bin=0.015 S_flip=0.196 t=82s
[P700_h140_pad0.080_s333] it  58 J=0.16532 A_min=0.1561 A_mean=0.1667 |g|=5.22e-04 bin=0.014 S_flip=0.199 t=83s
[P700_h140_pad0.080_s333] it  59 J=0.16536 A_min=0.1561 A_mean=0.1667 |g|=5.11e-04 bin=0.013 S_flip=0.201 t=85s
[P700_h140_pad0.080_s333] it  60 J=0.16539 A_min=0.1561 A_mean=0.1668 |g|=5.00e-04 bin=0.012 S_flip=0.204 t=86s
[P700_h140_pad0.080_s333] it  61 J=0.16542 A_min=0.1562 A_mean=0.1668 |g|=4.89e-04 bin=0.011 S_flip=0.206 t=88s
[P700_h140_pad0.080_s333] it  62 J=0.16544 A_min=0.1562 A_mean=0.1668 |g|=4.79e-04 bin=0.010 S_flip=0.208 t=89s
[P700_h140_pad0.080_s333] it  63 J=0.16546 A_min=0.1562 A_mean=0.1668 |g|=4.69e-04 bin=0.009 S_flip=0.210 t=90s
[P700_h140_pad0.080_s333] it  64 J=0.16548 A_min=0.1562 A_mean=0.1669 |g|=4.61e-04 bin=0.008 S_flip=0.211 t=92s
[P700_h140_pad0.080_s333] it  65 J=0.16550 A_min=0.1563 A_mean=0.1669 |g|=4.53e-04 bin=0.008 S_flip=0.213 t=93s
[P700_h140_pad0.080_s333] it  66 J=0.16552 A_min=0.1563 A_mean=0.1669 |g|=4.47e-04 bin=0.007 S_flip=0.214 t=95s
[P700_h140_pad0.080_s333] it  67 J=0.16553 A_min=0.1563 A_mean=0.1669 |g|=4.42e-04 bin=0.007 S_flip=0.216 t=96s
[P700_h140_pad0.080_s333] it  68 J=0.16555 A_min=0.1563 A_mean=0.1669 |g|=4.38e-04 bin=0.006 S_flip=0.217 t=97s
[P700_h140_pad0.080_s333] it  69 J=0.16556 A_min=0.1563 A_mean=0.1669 |g|=4.34e-04 bin=0.006 S_flip=0.218 t=99s
[P700_h140_pad0.080_s333] it  70 J=0.16557 A_min=0.1563 A_mean=0.1670 |g|=4.32e-04 bin=0.005 S_flip=0.219 t=100s
[P700_h140_pad0.080_s333] it  71 J=0.16558 A_min=0.1564 A_mean=0.1670 |g|=4.31e-04 bin=0.005 S_flip=0.220 t=102s
[P700_h140_pad0.080_s333] it  72 J=0.16559 A_min=0.1564 A_mean=0.1670 |g|=4.32e-04 bin=0.005 S_flip=0.221 t=103s
[P700_h140_pad0.080_s333] it  73 J=0.16560 A_min=0.1564 A_mean=0.1670 |g|=4.36e-04 bin=0.004 S_flip=0.221 t=105s
[P700_h140_pad0.080_s333] it  74 J=0.16560 A_min=0.1564 A_mean=0.1670 |g|=4.41e-04 bin=0.004 S_flip=0.222 t=106s
[P700_h140_pad0.080_s333] it  75 J=0.16561 A_min=0.1564 A_mean=0.1670 |g|=4.49e-04 bin=0.004 S_flip=0.223 t=108s
[P700_h140_pad0.080_s333] it  76 J=0.16562 A_min=0.1564 A_mean=0.1670 |g|=4.56e-04 bin=0.003 S_flip=0.223 t=109s
[P700_h140_pad0.080_s333] it  77 J=0.16562 A_min=0.1564 A_mean=0.1670 |g|=4.62e-04 bin=0.003 S_flip=0.224 t=110s
[P700_h140_pad0.080_s333] it  78 J=0.16563 A_min=0.1564 A_mean=0.1670 |g|=4.66e-04 bin=0.003 S_flip=0.224 t=112s
[P700_h140_pad0.080_s333] it  79 J=0.16564 A_min=0.1564 A_mean=0.1670 |g|=4.66e-04 bin=0.003 S_flip=0.225 t=113s
[P700_h140_pad0.080_s333] it  80 J=0.16564 A_min=0.1564 A_mean=0.1670 |g|=4.62e-04 bin=0.003 S_flip=0.225 t=115s
[P700_h140_pad0.080_s333] it  81 J=0.16565 A_min=0.1564 A_mean=0.1670 |g|=4.54e-04 bin=0.002 S_flip=0.225 t=116s
[P700_h140_pad0.080_s333] it  82 J=0.16565 A_min=0.1564 A_mean=0.1670 |g|=4.44e-04 bin=0.002 S_flip=0.226 t=117s
[P700_h140_pad0.080_s333] it  83 J=0.16565 A_min=0.1564 A_mean=0.1670 |g|=4.31e-04 bin=0.002 S_flip=0.226 t=118s
[P700_h140_pad0.080_s333] it  84 J=0.16566 A_min=0.1565 A_mean=0.1670 |g|=4.18e-04 bin=0.002 S_flip=0.227 t=120s
[P700_h140_pad0.080_s333] it  85 J=0.16566 A_min=0.1565 A_mean=0.1670 |g|=4.05e-04 bin=0.002 S_flip=0.227 t=121s
[P700_h140_pad0.080_s333] it  86 J=0.16566 A_min=0.1565 A_mean=0.1671 |g|=3.93e-04 bin=0.002 S_flip=0.227 t=123s
[P700_h140_pad0.080_s333] it  87 J=0.16566 A_min=0.1565 A_mean=0.1671 |g|=3.81e-04 bin=0.001 S_flip=0.228 t=124s
[P700_h140_pad0.080_s333] it  88 J=0.16566 A_min=0.1565 A_mean=0.1671 |g|=3.71e-04 bin=0.001 S_flip=0.228 t=125s
[P700_h140_pad0.080_s333] it  89 J=0.16567 A_min=0.1565 A_mean=0.1671 |g|=3.61e-04 bin=0.001 S_flip=0.228 t=127s
[P700_h140_pad0.080_s333] it  90 J=0.16567 A_min=0.1565 A_mean=0.1671 |g|=3.52e-04 bin=0.001 S_flip=0.228 t=128s
[P700_h140_pad0.080_s333] it  91 J=0.16567 A_min=0.1565 A_mean=0.1671 |g|=3.44e-04 bin=0.001 S_flip=0.228 t=129s
[P700_h140_pad0.080_s333] it  92 J=0.16567 A_min=0.1565 A_mean=0.1671 |g|=3.38e-04 bin=0.001 S_flip=0.229 t=131s
[P700_h140_pad0.080_s333] it  93 J=0.16567 A_min=0.1565 A_mean=0.1671 |g|=3.33e-04 bin=0.001 S_flip=0.229 t=132s
[P700_h140_pad0.080_s333] it  94 J=0.16567 A_min=0.1565 A_mean=0.1671 |g|=3.30e-04 bin=0.001 S_flip=0.229 t=133s
[P700_h140_pad0.080_s333] it  95 J=0.16567 A_min=0.1565 A_mean=0.1671 |g|=3.29e-04 bin=0.001 S_flip=0.229 t=135s
[P700_h140_pad0.080_s333] it  96 J=0.16567 A_min=0.1565 A_mean=0.1671 |g|=3.30e-04 bin=0.000 S_flip=0.229 t=136s
[P700_h140_pad0.080_s333] it  97 J=0.16567 A_min=0.1565 A_mean=0.1671 |g|=3.32e-04 bin=0.000 S_flip=0.229 t=138s
[P700_h140_pad0.080_s333] it  98 J=0.16567 A_min=0.1565 A_mean=0.1671 |g|=3.37e-04 bin=0.000 S_flip=0.229 t=139s
[P700_h140_pad0.080_s333] it  99 J=0.16567 A_min=0.1565 A_mean=0.1671 |g|=3.44e-04 bin=0.000 S_flip=0.229 t=141s
[P700_h140_pad0.080_s333] done: J_soft=0.16567 J_hard=0.16567 A_hard=[0.1565, 0.1863, 0.1584] S_flip=0.229 wall=142s
[P700_h140_pad0.080_s1001] it   0 J=0.08907 A_min=0.0815 A_mean=0.0900 |g|=1.56e-03 bin=0.656 S_flip=0.058 t=1s
[P700_h140_pad0.080_s1001] it   1 J=0.08964 A_min=0.0820 A_mean=0.0906 |g|=1.63e-03 bin=0.654 S_flip=0.059 t=3s
[P700_h140_pad0.080_s1001] it   2 J=0.09026 A_min=0.0826 A_mean=0.0912 |g|=1.71e-03 bin=0.652 S_flip=0.060 t=4s
[P700_h140_pad0.080_s1001] it   3 J=0.09096 A_min=0.0833 A_mean=0.0919 |g|=1.79e-03 bin=0.649 S_flip=0.061 t=6s
[P700_h140_pad0.080_s1001] it   4 J=0.09175 A_min=0.0841 A_mean=0.0927 |g|=1.89e-03 bin=0.645 S_flip=0.062 t=7s
[P700_h140_pad0.080_s1001] it   5 J=0.09263 A_min=0.0849 A_mean=0.0936 |g|=2.00e-03 bin=0.642 S_flip=0.064 t=9s
[P700_h140_pad0.080_s1001] it   6 J=0.09365 A_min=0.0859 A_mean=0.0946 |g|=2.12e-03 bin=0.637 S_flip=0.065 t=10s
[P700_h140_pad0.080_s1001] it   7 J=0.09480 A_min=0.0870 A_mean=0.0958 |g|=2.25e-03 bin=0.632 S_flip=0.067 t=12s
[P700_h140_pad0.080_s1001] it   8 J=0.09613 A_min=0.0883 A_mean=0.0971 |g|=2.40e-03 bin=0.626 S_flip=0.069 t=13s
[P700_h140_pad0.080_s1001] it   9 J=0.09765 A_min=0.0898 A_mean=0.0987 |g|=2.57e-03 bin=0.619 S_flip=0.070 t=15s
[P700_h140_pad0.080_s1001] it  10 J=0.09940 A_min=0.0914 A_mean=0.1004 |g|=2.74e-03 bin=0.612 S_flip=0.072 t=16s
[P700_h140_pad0.080_s1001] it  11 J=0.10140 A_min=0.0934 A_mean=0.1024 |g|=2.93e-03 bin=0.603 S_flip=0.073 t=17s
[P700_h140_pad0.080_s1001] it  12 J=0.10369 A_min=0.0956 A_mean=0.1047 |g|=3.12e-03 bin=0.592 S_flip=0.075 t=19s
[P700_h140_pad0.080_s1001] it  13 J=0.10630 A_min=0.0981 A_mean=0.1073 |g|=3.30e-03 bin=0.580 S_flip=0.076 t=20s
[P700_h140_pad0.080_s1001] it  14 J=0.10923 A_min=0.1009 A_mean=0.1103 |g|=3.48e-03 bin=0.566 S_flip=0.077 t=21s
[P700_h140_pad0.080_s1001] it  15 J=0.11249 A_min=0.1041 A_mean=0.1136 |g|=3.62e-03 bin=0.549 S_flip=0.077 t=23s
[P700_h140_pad0.080_s1001] it  16 J=0.11608 A_min=0.1075 A_mean=0.1172 |g|=3.73e-03 bin=0.529 S_flip=0.078 t=24s
[P700_h140_pad0.080_s1001] it  17 J=0.11994 A_min=0.1113 A_mean=0.1210 |g|=3.77e-03 bin=0.506 S_flip=0.077 t=25s
[P700_h140_pad0.080_s1001] it  18 J=0.12402 A_min=0.1152 A_mean=0.1251 |g|=3.75e-03 bin=0.480 S_flip=0.077 t=27s
[P700_h140_pad0.080_s1001] it  19 J=0.12823 A_min=0.1192 A_mean=0.1294 |g|=3.65e-03 bin=0.451 S_flip=0.077 t=28s
[P700_h140_pad0.080_s1001] it  20 J=0.13244 A_min=0.1233 A_mean=0.1336 |g|=3.48e-03 bin=0.419 S_flip=0.076 t=29s
[P700_h140_pad0.080_s1001] it  21 J=0.13654 A_min=0.1273 A_mean=0.1377 |g|=3.24e-03 bin=0.386 S_flip=0.075 t=31s
[P700_h140_pad0.080_s1001] it  22 J=0.14041 A_min=0.1310 A_mean=0.1416 |g|=2.95e-03 bin=0.352 S_flip=0.075 t=32s
[P700_h140_pad0.080_s1001] it  23 J=0.14397 A_min=0.1345 A_mean=0.1452 |g|=2.64e-03 bin=0.318 S_flip=0.075 t=33s
[P700_h140_pad0.080_s1001] it  24 J=0.14716 A_min=0.1376 A_mean=0.1484 |g|=2.34e-03 bin=0.285 S_flip=0.075 t=35s
[P700_h140_pad0.080_s1001] it  25 J=0.14995 A_min=0.1403 A_mean=0.1512 |g|=2.05e-03 bin=0.254 S_flip=0.076 t=36s
[P700_h140_pad0.080_s1001] it  26 J=0.15235 A_min=0.1427 A_mean=0.1536 |g|=1.80e-03 bin=0.226 S_flip=0.077 t=38s
[P700_h140_pad0.080_s1001] it  27 J=0.15438 A_min=0.1447 A_mean=0.1557 |g|=1.59e-03 bin=0.201 S_flip=0.078 t=39s
[P700_h140_pad0.080_s1001] it  28 J=0.15609 A_min=0.1464 A_mean=0.1574 |g|=1.42e-03 bin=0.178 S_flip=0.080 t=40s
[P700_h140_pad0.080_s1001] it  29 J=0.15751 A_min=0.1479 A_mean=0.1588 |g|=1.28e-03 bin=0.159 S_flip=0.082 t=42s
[P700_h140_pad0.080_s1001] it  30 J=0.15870 A_min=0.1491 A_mean=0.1600 |g|=1.16e-03 bin=0.142 S_flip=0.084 t=43s
[P700_h140_pad0.080_s1001] it  31 J=0.15969 A_min=0.1501 A_mean=0.1610 |g|=1.07e-03 bin=0.127 S_flip=0.087 t=44s
[P700_h140_pad0.080_s1001] it  32 J=0.16051 A_min=0.1509 A_mean=0.1618 |g|=9.95e-04 bin=0.114 S_flip=0.089 t=46s
[P700_h140_pad0.080_s1001] it  33 J=0.16121 A_min=0.1517 A_mean=0.1625 |g|=9.33e-04 bin=0.103 S_flip=0.092 t=47s
[P700_h140_pad0.080_s1001] it  34 J=0.16179 A_min=0.1523 A_mean=0.1631 |g|=8.82e-04 bin=0.093 S_flip=0.095 t=48s
[P700_h140_pad0.080_s1001] it  35 J=0.16229 A_min=0.1528 A_mean=0.1636 |g|=8.38e-04 bin=0.085 S_flip=0.097 t=50s
[P700_h140_pad0.080_s1001] it  36 J=0.16271 A_min=0.1532 A_mean=0.1641 |g|=8.01e-04 bin=0.077 S_flip=0.100 t=51s
[P700_h140_pad0.080_s1001] it  37 J=0.16308 A_min=0.1536 A_mean=0.1644 |g|=7.68e-04 bin=0.071 S_flip=0.103 t=52s
[P700_h140_pad0.080_s1001] it  38 J=0.16339 A_min=0.1540 A_mean=0.1648 |g|=7.39e-04 bin=0.065 S_flip=0.106 t=54s
[P700_h140_pad0.080_s1001] it  39 J=0.16366 A_min=0.1542 A_mean=0.1650 |g|=7.14e-04 bin=0.060 S_flip=0.109 t=55s
[P700_h140_pad0.080_s1001] it  40 J=0.16390 A_min=0.1545 A_mean=0.1653 |g|=6.91e-04 bin=0.055 S_flip=0.112 t=56s
[P700_h140_pad0.080_s1001] it  41 J=0.16411 A_min=0.1547 A_mean=0.1655 |g|=6.71e-04 bin=0.051 S_flip=0.115 t=57s
[P700_h140_pad0.080_s1001] it  42 J=0.16429 A_min=0.1549 A_mean=0.1657 |g|=6.52e-04 bin=0.047 S_flip=0.118 t=59s
[P700_h140_pad0.080_s1001] it  43 J=0.16445 A_min=0.1551 A_mean=0.1658 |g|=6.36e-04 bin=0.043 S_flip=0.121 t=60s
[P700_h140_pad0.080_s1001] it  44 J=0.16459 A_min=0.1553 A_mean=0.1660 |g|=6.20e-04 bin=0.040 S_flip=0.124 t=61s
[P700_h140_pad0.080_s1001] it  45 J=0.16472 A_min=0.1554 A_mean=0.1661 |g|=6.06e-04 bin=0.037 S_flip=0.127 t=63s
[P700_h140_pad0.080_s1001] it  46 J=0.16483 A_min=0.1555 A_mean=0.1662 |g|=5.93e-04 bin=0.034 S_flip=0.129 t=64s
[P700_h140_pad0.080_s1001] it  47 J=0.16493 A_min=0.1556 A_mean=0.1663 |g|=5.81e-04 bin=0.032 S_flip=0.132 t=65s
[P700_h140_pad0.080_s1001] it  48 J=0.16502 A_min=0.1557 A_mean=0.1664 |g|=5.70e-04 bin=0.030 S_flip=0.135 t=67s
[P700_h140_pad0.080_s1001] it  49 J=0.16510 A_min=0.1558 A_mean=0.1665 |g|=5.61e-04 bin=0.028 S_flip=0.137 t=68s
[P700_h140_pad0.080_s1001] it  50 J=0.16517 A_min=0.1559 A_mean=0.1666 |g|=5.52e-04 bin=0.026 S_flip=0.140 t=69s
[P700_h140_pad0.080_s1001] it  51 J=0.16523 A_min=0.1560 A_mean=0.1666 |g|=5.45e-04 bin=0.024 S_flip=0.142 t=71s
[P700_h140_pad0.080_s1001] it  52 J=0.16529 A_min=0.1560 A_mean=0.1667 |g|=5.39e-04 bin=0.022 S_flip=0.144 t=72s
[P700_h140_pad0.080_s1001] it  53 J=0.16534 A_min=0.1561 A_mean=0.1667 |g|=5.33e-04 bin=0.021 S_flip=0.147 t=73s
[P700_h140_pad0.080_s1001] it  54 J=0.16539 A_min=0.1561 A_mean=0.1668 |g|=5.29e-04 bin=0.019 S_flip=0.149 t=75s
[P700_h140_pad0.080_s1001] it  55 J=0.16544 A_min=0.1562 A_mean=0.1668 |g|=5.27e-04 bin=0.018 S_flip=0.151 t=76s
[P700_h140_pad0.080_s1001] it  56 J=0.16548 A_min=0.1562 A_mean=0.1669 |g|=5.24e-04 bin=0.017 S_flip=0.153 t=77s
[P700_h140_pad0.080_s1001] it  57 J=0.16551 A_min=0.1563 A_mean=0.1669 |g|=5.23e-04 bin=0.016 S_flip=0.154 t=78s
[P700_h140_pad0.080_s1001] it  58 J=0.16555 A_min=0.1563 A_mean=0.1669 |g|=5.21e-04 bin=0.014 S_flip=0.156 t=80s
[P700_h140_pad0.080_s1001] it  59 J=0.16558 A_min=0.1564 A_mean=0.1670 |g|=5.19e-04 bin=0.013 S_flip=0.158 t=81s
[P700_h140_pad0.080_s1001] it  60 J=0.16561 A_min=0.1564 A_mean=0.1670 |g|=5.15e-04 bin=0.012 S_flip=0.159 t=82s
[P700_h140_pad0.080_s1001] it  61 J=0.16564 A_min=0.1564 A_mean=0.1670 |g|=5.10e-04 bin=0.011 S_flip=0.160 t=84s
[P700_h140_pad0.080_s1001] it  62 J=0.16566 A_min=0.1565 A_mean=0.1671 |g|=5.01e-04 bin=0.011 S_flip=0.161 t=85s
[P700_h140_pad0.080_s1001] it  63 J=0.16569 A_min=0.1565 A_mean=0.1671 |g|=4.90e-04 bin=0.010 S_flip=0.162 t=86s
[P700_h140_pad0.080_s1001] it  64 J=0.16571 A_min=0.1565 A_mean=0.1671 |g|=4.76e-04 bin=0.009 S_flip=0.163 t=87s
[P700_h140_pad0.080_s1001] it  65 J=0.16573 A_min=0.1565 A_mean=0.1671 |g|=4.62e-04 bin=0.008 S_flip=0.164 t=89s
[P700_h140_pad0.080_s1001] it  66 J=0.16574 A_min=0.1566 A_mean=0.1672 |g|=4.47e-04 bin=0.008 S_flip=0.165 t=90s
[P700_h140_pad0.080_s1001] it  67 J=0.16576 A_min=0.1566 A_mean=0.1672 |g|=4.33e-04 bin=0.007 S_flip=0.166 t=91s
[P700_h140_pad0.080_s1001] it  68 J=0.16577 A_min=0.1566 A_mean=0.1672 |g|=4.21e-04 bin=0.006 S_flip=0.166 t=93s
[P700_h140_pad0.080_s1001] it  69 J=0.16579 A_min=0.1566 A_mean=0.1672 |g|=4.12e-04 bin=0.006 S_flip=0.167 t=94s
[P700_h140_pad0.080_s1001] it  70 J=0.16580 A_min=0.1566 A_mean=0.1672 |g|=4.04e-04 bin=0.006 S_flip=0.168 t=95s
[P700_h140_pad0.080_s1001] it  71 J=0.16581 A_min=0.1566 A_mean=0.1672 |g|=3.98e-04 bin=0.005 S_flip=0.168 t=97s
[P700_h140_pad0.080_s1001] it  72 J=0.16582 A_min=0.1567 A_mean=0.1672 |g|=3.93e-04 bin=0.005 S_flip=0.169 t=98s
[P700_h140_pad0.080_s1001] it  73 J=0.16582 A_min=0.1567 A_mean=0.1672 |g|=3.90e-04 bin=0.004 S_flip=0.170 t=99s
[P700_h140_pad0.080_s1001] it  74 J=0.16583 A_min=0.1567 A_mean=0.1672 |g|=3.88e-04 bin=0.004 S_flip=0.170 t=101s
[P700_h140_pad0.080_s1001] it  75 J=0.16584 A_min=0.1567 A_mean=0.1672 |g|=3.86e-04 bin=0.004 S_flip=0.171 t=102s
[P700_h140_pad0.080_s1001] it  76 J=0.16584 A_min=0.1567 A_mean=0.1673 |g|=3.85e-04 bin=0.004 S_flip=0.171 t=103s
[P700_h140_pad0.080_s1001] it  77 J=0.16585 A_min=0.1567 A_mean=0.1673 |g|=3.84e-04 bin=0.003 S_flip=0.172 t=104s
[P700_h140_pad0.080_s1001] it  78 J=0.16585 A_min=0.1567 A_mean=0.1673 |g|=3.83e-04 bin=0.003 S_flip=0.172 t=106s
[P700_h140_pad0.080_s1001] it  79 J=0.16586 A_min=0.1567 A_mean=0.1673 |g|=3.82e-04 bin=0.003 S_flip=0.173 t=107s
[P700_h140_pad0.080_s1001] it  80 J=0.16586 A_min=0.1567 A_mean=0.1673 |g|=3.81e-04 bin=0.003 S_flip=0.173 t=109s
[P700_h140_pad0.080_s1001] it  81 J=0.16586 A_min=0.1567 A_mean=0.1673 |g|=3.81e-04 bin=0.003 S_flip=0.173 t=110s
[P700_h140_pad0.080_s1001] it  82 J=0.16587 A_min=0.1567 A_mean=0.1673 |g|=3.81e-04 bin=0.002 S_flip=0.174 t=112s
[P700_h140_pad0.080_s1001] it  83 J=0.16587 A_min=0.1567 A_mean=0.1673 |g|=3.82e-04 bin=0.002 S_flip=0.174 t=113s
[P700_h140_pad0.080_s1001] it  84 J=0.16587 A_min=0.1567 A_mean=0.1673 |g|=3.83e-04 bin=0.002 S_flip=0.175 t=114s
[P700_h140_pad0.080_s1001] it  85 J=0.16587 A_min=0.1567 A_mean=0.1673 |g|=3.86e-04 bin=0.002 S_flip=0.175 t=116s
[P700_h140_pad0.080_s1001] it  86 J=0.16588 A_min=0.1567 A_mean=0.1673 |g|=3.90e-04 bin=0.002 S_flip=0.176 t=117s
[P700_h140_pad0.080_s1001] it  87 J=0.16588 A_min=0.1567 A_mean=0.1673 |g|=3.94e-04 bin=0.002 S_flip=0.176 t=118s
[P700_h140_pad0.080_s1001] it  88 J=0.16588 A_min=0.1567 A_mean=0.1673 |g|=3.99e-04 bin=0.002 S_flip=0.176 t=120s
[P700_h140_pad0.080_s1001] it  89 J=0.16588 A_min=0.1567 A_mean=0.1673 |g|=4.05e-04 bin=0.002 S_flip=0.177 t=121s
[P700_h140_pad0.080_s1001] it  90 J=0.16588 A_min=0.1567 A_mean=0.1673 |g|=4.10e-04 bin=0.001 S_flip=0.177 t=123s
[P700_h140_pad0.080_s1001] it  91 J=0.16588 A_min=0.1567 A_mean=0.1673 |g|=4.17e-04 bin=0.001 S_flip=0.178 t=124s
[P700_h140_pad0.080_s1001] it  92 J=0.16588 A_min=0.1567 A_mean=0.1673 |g|=4.23e-04 bin=0.001 S_flip=0.178 t=125s
[P700_h140_pad0.080_s1001] it  93 J=0.16589 A_min=0.1567 A_mean=0.1673 |g|=4.29e-04 bin=0.001 S_flip=0.178 t=127s
[P700_h140_pad0.080_s1001] it  94 J=0.16589 A_min=0.1567 A_mean=0.1673 |g|=4.36e-04 bin=0.001 S_flip=0.179 t=128s
[P700_h140_pad0.080_s1001] it  95 J=0.16589 A_min=0.1567 A_mean=0.1673 |g|=4.44e-04 bin=0.001 S_flip=0.179 t=130s
[P700_h140_pad0.080_s1001] it  96 J=0.16589 A_min=0.1567 A_mean=0.1673 |g|=4.52e-04 bin=0.001 S_flip=0.179 t=131s
[P700_h140_pad0.080_s1001] it  97 J=0.16589 A_min=0.1568 A_mean=0.1673 |g|=4.61e-04 bin=0.001 S_flip=0.179 t=132s
[P700_h140_pad0.080_s1001] it  98 J=0.16589 A_min=0.1568 A_mean=0.1673 |g|=4.71e-04 bin=0.001 S_flip=0.180 t=134s
[P700_h140_pad0.080_s1001] it  99 J=0.16589 A_min=0.1568 A_mean=0.1673 |g|=4.82e-04 bin=0.001 S_flip=0.180 t=135s
[P700_h140_pad0.080_s1001] done: J_soft=0.16589 J_hard=0.16589 A_hard=[0.1568, 0.1867, 0.1584] S_flip=0.183 wall=137s
[P700_h140_pad0.080_s7777] it   0 J=0.09054 A_min=0.0829 A_mean=0.0915 |g|=1.57e-03 bin=0.658 S_flip=0.050 t=1s
[P700_h140_pad0.080_s7777] it   1 J=0.09117 A_min=0.0835 A_mean=0.0921 |g|=1.64e-03 bin=0.656 S_flip=0.051 t=3s
[P700_h140_pad0.080_s7777] it   2 J=0.09186 A_min=0.0842 A_mean=0.0928 |g|=1.71e-03 bin=0.653 S_flip=0.052 t=4s
[P700_h140_pad0.080_s7777] it   3 J=0.09264 A_min=0.0849 A_mean=0.0936 |g|=1.80e-03 bin=0.650 S_flip=0.053 t=6s
[P700_h140_pad0.080_s7777] it   4 J=0.09351 A_min=0.0858 A_mean=0.0945 |g|=1.89e-03 bin=0.647 S_flip=0.054 t=7s
[P700_h140_pad0.080_s7777] it   5 J=0.09450 A_min=0.0867 A_mean=0.0955 |g|=2.00e-03 bin=0.642 S_flip=0.055 t=8s
[P700_h140_pad0.080_s7777] it   6 J=0.09562 A_min=0.0878 A_mean=0.0966 |g|=2.12e-03 bin=0.637 S_flip=0.057 t=10s
[P700_h140_pad0.080_s7777] it   7 J=0.09690 A_min=0.0890 A_mean=0.0979 |g|=2.25e-03 bin=0.632 S_flip=0.058 t=11s
[P700_h140_pad0.080_s7777] it   8 J=0.09836 A_min=0.0904 A_mean=0.0994 |g|=2.39e-03 bin=0.625 S_flip=0.060 t=12s
[P700_h140_pad0.080_s7777] it   9 J=0.10002 A_min=0.0920 A_mean=0.1010 |g|=2.55e-03 bin=0.618 S_flip=0.061 t=14s
[P700_h140_pad0.080_s7777] it  10 J=0.10191 A_min=0.0938 A_mean=0.1029 |g|=2.71e-03 bin=0.609 S_flip=0.062 t=15s
[P700_h140_pad0.080_s7777] it  11 J=0.10406 A_min=0.0959 A_mean=0.1051 |g|=2.87e-03 bin=0.599 S_flip=0.064 t=17s
[P700_h140_pad0.080_s7777] it  12 J=0.10648 A_min=0.0982 A_mean=0.1075 |g|=3.04e-03 bin=0.587 S_flip=0.065 t=18s
[P700_h140_pad0.080_s7777] it  13 J=0.10921 A_min=0.1009 A_mean=0.1103 |g|=3.20e-03 bin=0.573 S_flip=0.066 t=19s
[P700_h140_pad0.080_s7777] it  14 J=0.11223 A_min=0.1038 A_mean=0.1133 |g|=3.33e-03 bin=0.557 S_flip=0.067 t=21s
[P700_h140_pad0.080_s7777] it  15 J=0.11555 A_min=0.1069 A_mean=0.1166 |g|=3.44e-03 bin=0.538 S_flip=0.068 t=22s
[P700_h140_pad0.080_s7777] it  16 J=0.11913 A_min=0.1104 A_mean=0.1202 |g|=3.50e-03 bin=0.516 S_flip=0.068 t=23s
[P700_h140_pad0.080_s7777] it  17 J=0.12292 A_min=0.1140 A_mean=0.1240 |g|=3.50e-03 bin=0.492 S_flip=0.069 t=25s
[P700_h140_pad0.080_s7777] it  18 J=0.12685 A_min=0.1178 A_mean=0.1280 |g|=3.44e-03 bin=0.464 S_flip=0.068 t=26s
[P700_h140_pad0.080_s7777] it  19 J=0.13082 A_min=0.1216 A_mean=0.1320 |g|=3.32e-03 bin=0.434 S_flip=0.068 t=27s
[P700_h140_pad0.080_s7777] it  20 J=0.13474 A_min=0.1254 A_mean=0.1359 |g|=3.13e-03 bin=0.402 S_flip=0.068 t=29s
[P700_h140_pad0.080_s7777] it  21 J=0.13849 A_min=0.1290 A_mean=0.1397 |g|=2.89e-03 bin=0.369 S_flip=0.068 t=30s
[P700_h140_pad0.080_s7777] it  22 J=0.14199 A_min=0.1324 A_mean=0.1432 |g|=2.63e-03 bin=0.336 S_flip=0.068 t=32s
[P700_h140_pad0.080_s7777] it  23 J=0.14518 A_min=0.1355 A_mean=0.1464 |g|=2.35e-03 bin=0.303 S_flip=0.068 t=33s
[P700_h140_pad0.080_s7777] it  24 J=0.14801 A_min=0.1383 A_mean=0.1492 |g|=2.09e-03 bin=0.272 S_flip=0.069 t=34s
[P700_h140_pad0.080_s7777] it  25 J=0.15048 A_min=0.1407 A_mean=0.1517 |g|=1.85e-03 bin=0.244 S_flip=0.070 t=36s
[P700_h140_pad0.080_s7777] it  26 J=0.15260 A_min=0.1428 A_mean=0.1539 |g|=1.65e-03 bin=0.217 S_flip=0.071 t=37s
[P700_h140_pad0.080_s7777] it  27 J=0.15440 A_min=0.1446 A_mean=0.1557 |g|=1.48e-03 bin=0.193 S_flip=0.073 t=39s
[P700_h140_pad0.080_s7777] it  28 J=0.15592 A_min=0.1461 A_mean=0.1572 |g|=1.35e-03 bin=0.172 S_flip=0.075 t=40s
[P700_h140_pad0.080_s7777] it  29 J=0.15719 A_min=0.1474 A_mean=0.1585 |g|=1.25e-03 bin=0.154 S_flip=0.077 t=41s
[P700_h140_pad0.080_s7777] it  30 J=0.15826 A_min=0.1485 A_mean=0.1596 |g|=1.16e-03 bin=0.138 S_flip=0.079 t=43s
[P700_h140_pad0.080_s7777] it  31 J=0.15916 A_min=0.1494 A_mean=0.1605 |g|=1.10e-03 bin=0.124 S_flip=0.081 t=44s
[P700_h140_pad0.080_s7777] it  32 J=0.15992 A_min=0.1502 A_mean=0.1612 |g|=1.05e-03 bin=0.112 S_flip=0.084 t=45s
[P700_h140_pad0.080_s7777] it  33 J=0.16056 A_min=0.1508 A_mean=0.1619 |g|=1.01e-03 bin=0.101 S_flip=0.086 t=47s
[P700_h140_pad0.080_s7777] it  34 J=0.16112 A_min=0.1514 A_mean=0.1624 |g|=9.75e-04 bin=0.092 S_flip=0.088 t=48s
[P700_h140_pad0.080_s7777] it  35 J=0.16160 A_min=0.1519 A_mean=0.1629 |g|=9.43e-04 bin=0.084 S_flip=0.091 t=49s
[P700_h140_pad0.080_s7777] it  36 J=0.16201 A_min=0.1524 A_mean=0.1633 |g|=9.13e-04 bin=0.076 S_flip=0.093 t=51s
[P700_h140_pad0.080_s7777] it  37 J=0.16237 A_min=0.1527 A_mean=0.1637 |g|=8.86e-04 bin=0.070 S_flip=0.096 t=52s
[P700_h140_pad0.080_s7777] it  38 J=0.16269 A_min=0.1531 A_mean=0.1640 |g|=8.60e-04 bin=0.064 S_flip=0.099 t=54s
[P700_h140_pad0.080_s7777] it  39 J=0.16297 A_min=0.1534 A_mean=0.1643 |g|=8.35e-04 bin=0.059 S_flip=0.101 t=55s
[P700_h140_pad0.080_s7777] it  40 J=0.16321 A_min=0.1536 A_mean=0.1645 |g|=8.11e-04 bin=0.055 S_flip=0.104 t=56s
[P700_h140_pad0.080_s7777] it  41 J=0.16343 A_min=0.1539 A_mean=0.1648 |g|=7.89e-04 bin=0.050 S_flip=0.106 t=58s
[P700_h140_pad0.080_s7777] it  42 J=0.16362 A_min=0.1541 A_mean=0.1650 |g|=7.67e-04 bin=0.047 S_flip=0.109 t=59s
[P700_h140_pad0.080_s7777] it  43 J=0.16380 A_min=0.1543 A_mean=0.1651 |g|=7.46e-04 bin=0.043 S_flip=0.112 t=60s
[P700_h140_pad0.080_s7777] it  44 J=0.16395 A_min=0.1544 A_mean=0.1653 |g|=7.27e-04 bin=0.040 S_flip=0.114 t=61s
[P700_h140_pad0.080_s7777] it  45 J=0.16409 A_min=0.1546 A_mean=0.1654 |g|=7.08e-04 bin=0.037 S_flip=0.117 t=63s
[P700_h140_pad0.080_s7777] it  46 J=0.16421 A_min=0.1547 A_mean=0.1656 |g|=6.90e-04 bin=0.034 S_flip=0.119 t=64s
[P700_h140_pad0.080_s7777] it  47 J=0.16432 A_min=0.1548 A_mean=0.1657 |g|=6.74e-04 bin=0.032 S_flip=0.122 t=65s
[P700_h140_pad0.080_s7777] it  48 J=0.16442 A_min=0.1550 A_mean=0.1658 |g|=6.58e-04 bin=0.030 S_flip=0.124 t=67s
[P700_h140_pad0.080_s7777] it  49 J=0.16451 A_min=0.1551 A_mean=0.1659 |g|=6.43e-04 bin=0.027 S_flip=0.127 t=68s
[P700_h140_pad0.080_s7777] it  50 J=0.16459 A_min=0.1551 A_mean=0.1659 |g|=6.29e-04 bin=0.025 S_flip=0.129 t=70s
[P700_h140_pad0.080_s7777] it  51 J=0.16467 A_min=0.1552 A_mean=0.1660 |g|=6.16e-04 bin=0.024 S_flip=0.132 t=71s
[P700_h140_pad0.080_s7777] it  52 J=0.16473 A_min=0.1553 A_mean=0.1661 |g|=6.04e-04 bin=0.022 S_flip=0.134 t=72s
[P700_h140_pad0.080_s7777] it  53 J=0.16479 A_min=0.1554 A_mean=0.1661 |g|=5.92e-04 bin=0.020 S_flip=0.136 t=74s
[P700_h140_pad0.080_s7777] it  54 J=0.16484 A_min=0.1554 A_mean=0.1662 |g|=5.82e-04 bin=0.019 S_flip=0.138 t=75s
[P700_h140_pad0.080_s7777] it  55 J=0.16489 A_min=0.1555 A_mean=0.1663 |g|=5.71e-04 bin=0.018 S_flip=0.141 t=76s
[P700_h140_pad0.080_s7777] it  56 J=0.16494 A_min=0.1555 A_mean=0.1663 |g|=5.62e-04 bin=0.016 S_flip=0.143 t=78s
[P700_h140_pad0.080_s7777] it  57 J=0.16498 A_min=0.1556 A_mean=0.1663 |g|=5.54e-04 bin=0.015 S_flip=0.145 t=79s
[P700_h140_pad0.080_s7777] it  58 J=0.16502 A_min=0.1556 A_mean=0.1664 |g|=5.47e-04 bin=0.014 S_flip=0.146 t=80s
[P700_h140_pad0.080_s7777] it  59 J=0.16505 A_min=0.1557 A_mean=0.1664 |g|=5.40e-04 bin=0.013 S_flip=0.148 t=82s
[P700_h140_pad0.080_s7777] it  60 J=0.16508 A_min=0.1557 A_mean=0.1664 |g|=5.34e-04 bin=0.012 S_flip=0.150 t=83s
[P700_h140_pad0.080_s7777] it  61 J=0.16511 A_min=0.1557 A_mean=0.1665 |g|=5.29e-04 bin=0.011 S_flip=0.152 t=84s
[P700_h140_pad0.080_s7777] it  62 J=0.16513 A_min=0.1558 A_mean=0.1665 |g|=5.25e-04 bin=0.011 S_flip=0.154 t=86s
[P700_h140_pad0.080_s7777] it  63 J=0.16516 A_min=0.1558 A_mean=0.1665 |g|=5.21e-04 bin=0.010 S_flip=0.155 t=87s
[P700_h140_pad0.080_s7777] it  64 J=0.16518 A_min=0.1558 A_mean=0.1665 |g|=5.16e-04 bin=0.009 S_flip=0.157 t=88s
[P700_h140_pad0.080_s7777] it  65 J=0.16520 A_min=0.1558 A_mean=0.1666 |g|=5.12e-04 bin=0.009 S_flip=0.158 t=90s
[P700_h140_pad0.080_s7777] it  66 J=0.16522 A_min=0.1559 A_mean=0.1666 |g|=5.07e-04 bin=0.008 S_flip=0.160 t=91s
[P700_h140_pad0.080_s7777] it  67 J=0.16524 A_min=0.1559 A_mean=0.1666 |g|=5.02e-04 bin=0.007 S_flip=0.161 t=92s
[P700_h140_pad0.080_s7777] it  68 J=0.16525 A_min=0.1559 A_mean=0.1666 |g|=4.98e-04 bin=0.007 S_flip=0.163 t=94s
[P700_h140_pad0.080_s7777] it  69 J=0.16527 A_min=0.1559 A_mean=0.1666 |g|=4.94e-04 bin=0.006 S_flip=0.164 t=95s
[P700_h140_pad0.080_s7777] it  70 J=0.16528 A_min=0.1559 A_mean=0.1666 |g|=4.92e-04 bin=0.006 S_flip=0.165 t=97s
[P700_h140_pad0.080_s7777] it  71 J=0.16529 A_min=0.1560 A_mean=0.1667 |g|=4.90e-04 bin=0.006 S_flip=0.166 t=98s
[P700_h140_pad0.080_s7777] it  72 J=0.16530 A_min=0.1560 A_mean=0.1667 |g|=4.90e-04 bin=0.005 S_flip=0.167 t=99s
[P700_h140_pad0.080_s7777] it  73 J=0.16531 A_min=0.1560 A_mean=0.1667 |g|=4.91e-04 bin=0.005 S_flip=0.168 t=101s
[P700_h140_pad0.080_s7777] it  74 J=0.16532 A_min=0.1560 A_mean=0.1667 |g|=4.93e-04 bin=0.004 S_flip=0.169 t=102s
[P700_h140_pad0.080_s7777] it  75 J=0.16533 A_min=0.1560 A_mean=0.1667 |g|=4.95e-04 bin=0.004 S_flip=0.169 t=104s
[P700_h140_pad0.080_s7777] it  76 J=0.16534 A_min=0.1560 A_mean=0.1667 |g|=4.98e-04 bin=0.004 S_flip=0.170 t=105s
[P700_h140_pad0.080_s7777] it  77 J=0.16535 A_min=0.1560 A_mean=0.1667 |g|=5.00e-04 bin=0.004 S_flip=0.170 t=107s
[P700_h140_pad0.080_s7777] it  78 J=0.16535 A_min=0.1560 A_mean=0.1667 |g|=5.02e-04 bin=0.003 S_flip=0.171 t=108s
[P700_h140_pad0.080_s7777] it  79 J=0.16536 A_min=0.1560 A_mean=0.1667 |g|=5.03e-04 bin=0.003 S_flip=0.171 t=109s
[P700_h140_pad0.080_s7777] it  80 J=0.16537 A_min=0.1560 A_mean=0.1667 |g|=5.04e-04 bin=0.003 S_flip=0.172 t=111s
[P700_h140_pad0.080_s7777] it  81 J=0.16537 A_min=0.1561 A_mean=0.1667 |g|=5.03e-04 bin=0.003 S_flip=0.172 t=112s
[P700_h140_pad0.080_s7777] it  82 J=0.16538 A_min=0.1561 A_mean=0.1667 |g|=5.02e-04 bin=0.002 S_flip=0.172 t=113s
[P700_h140_pad0.080_s7777] it  83 J=0.16538 A_min=0.1561 A_mean=0.1668 |g|=5.00e-04 bin=0.002 S_flip=0.172 t=115s
[P700_h140_pad0.080_s7777] it  84 J=0.16539 A_min=0.1561 A_mean=0.1668 |g|=4.99e-04 bin=0.002 S_flip=0.173 t=116s
[P700_h140_pad0.080_s7777] it  85 J=0.16539 A_min=0.1561 A_mean=0.1668 |g|=4.99e-04 bin=0.002 S_flip=0.173 t=118s
[P700_h140_pad0.080_s7777] it  86 J=0.16539 A_min=0.1561 A_mean=0.1668 |g|=5.00e-04 bin=0.002 S_flip=0.173 t=119s
[P700_h140_pad0.080_s7777] it  87 J=0.16539 A_min=0.1561 A_mean=0.1668 |g|=5.04e-04 bin=0.002 S_flip=0.173 t=120s
[P700_h140_pad0.080_s7777] it  88 J=0.16540 A_min=0.1561 A_mean=0.1668 |g|=5.08e-04 bin=0.002 S_flip=0.173 t=122s
[P700_h140_pad0.080_s7777] it  89 J=0.16540 A_min=0.1561 A_mean=0.1668 |g|=5.15e-04 bin=0.001 S_flip=0.174 t=123s
[P700_h140_pad0.080_s7777] it  90 J=0.16540 A_min=0.1561 A_mean=0.1668 |g|=5.23e-04 bin=0.001 S_flip=0.174 t=124s
[P700_h140_pad0.080_s7777] it  91 J=0.16540 A_min=0.1561 A_mean=0.1668 |g|=5.32e-04 bin=0.001 S_flip=0.174 t=126s
[P700_h140_pad0.080_s7777] it  92 J=0.16540 A_min=0.1561 A_mean=0.1668 |g|=5.44e-04 bin=0.001 S_flip=0.174 t=127s
[P700_h140_pad0.080_s7777] it  93 J=0.16540 A_min=0.1561 A_mean=0.1668 |g|=5.56e-04 bin=0.001 S_flip=0.174 t=128s
[P700_h140_pad0.080_s7777] it  94 J=0.16541 A_min=0.1561 A_mean=0.1668 |g|=5.71e-04 bin=0.001 S_flip=0.174 t=130s
[P700_h140_pad0.080_s7777] it  95 J=0.16541 A_min=0.1561 A_mean=0.1668 |g|=5.87e-04 bin=0.001 S_flip=0.175 t=131s
[P700_h140_pad0.080_s7777] it  96 J=0.16541 A_min=0.1561 A_mean=0.1668 |g|=6.05e-04 bin=0.001 S_flip=0.175 t=132s
[P700_h140_pad0.080_s7777] it  97 J=0.16541 A_min=0.1561 A_mean=0.1668 |g|=6.25e-04 bin=0.001 S_flip=0.175 t=134s
[P700_h140_pad0.080_s7777] it  98 J=0.16541 A_min=0.1561 A_mean=0.1668 |g|=6.46e-04 bin=0.001 S_flip=0.175 t=135s
[P700_h140_pad0.080_s7777] it  99 J=0.16541 A_min=0.1561 A_mean=0.1668 |g|=6.68e-04 bin=0.001 S_flip=0.175 t=136s
[P700_h140_pad0.080_s7777] done: J_soft=0.16541 J_hard=0.16541 A_hard=[0.1561, 0.1859, 0.1583] S_flip=0.178 wall=138s
[P700_h140_pad0.120_s333] it   0 J=0.09430 A_min=0.0862 A_mean=0.0953 |g|=1.93e-03 bin=0.536 S_flip=0.057 t=1s
[P700_h140_pad0.120_s333] it   1 J=0.09502 A_min=0.0869 A_mean=0.0960 |g|=2.00e-03 bin=0.535 S_flip=0.058 t=3s
[P700_h140_pad0.120_s333] it   2 J=0.09582 A_min=0.0877 A_mean=0.0968 |g|=2.09e-03 bin=0.532 S_flip=0.059 t=4s
[P700_h140_pad0.120_s333] it   3 J=0.09671 A_min=0.0885 A_mean=0.0977 |g|=2.18e-03 bin=0.530 S_flip=0.060 t=5s
[P700_h140_pad0.120_s333] it   4 J=0.09771 A_min=0.0895 A_mean=0.0987 |g|=2.29e-03 bin=0.527 S_flip=0.062 t=6s
[P700_h140_pad0.120_s333] it   5 J=0.09883 A_min=0.0906 A_mean=0.0999 |g|=2.41e-03 bin=0.523 S_flip=0.063 t=8s
[P700_h140_pad0.120_s333] it   6 J=0.10011 A_min=0.0918 A_mean=0.1012 |g|=2.53e-03 bin=0.519 S_flip=0.065 t=9s
[P700_h140_pad0.120_s333] it   7 J=0.10157 A_min=0.0932 A_mean=0.1026 |g|=2.67e-03 bin=0.514 S_flip=0.066 t=10s
[P700_h140_pad0.120_s333] it   8 J=0.10323 A_min=0.0948 A_mean=0.1043 |g|=2.82e-03 bin=0.508 S_flip=0.068 t=12s
[P700_h140_pad0.120_s333] it   9 J=0.10513 A_min=0.0967 A_mean=0.1062 |g|=2.97e-03 bin=0.501 S_flip=0.070 t=13s
[P700_h140_pad0.120_s333] it  10 J=0.10729 A_min=0.0988 A_mean=0.1084 |g|=3.13e-03 bin=0.493 S_flip=0.072 t=14s
[P700_h140_pad0.120_s333] it  11 J=0.10973 A_min=0.1011 A_mean=0.1108 |g|=3.28e-03 bin=0.483 S_flip=0.073 t=16s
[P700_h140_pad0.120_s333] it  12 J=0.11247 A_min=0.1038 A_mean=0.1136 |g|=3.42e-03 bin=0.471 S_flip=0.075 t=17s
[P700_h140_pad0.120_s333] it  13 J=0.11552 A_min=0.1067 A_mean=0.1166 |g|=3.53e-03 bin=0.457 S_flip=0.077 t=19s
[P700_h140_pad0.120_s333] it  14 J=0.11885 A_min=0.1099 A_mean=0.1200 |g|=3.61e-03 bin=0.440 S_flip=0.079 t=20s
[P700_h140_pad0.120_s333] it  15 J=0.12243 A_min=0.1134 A_mean=0.1235 |g|=3.64e-03 bin=0.422 S_flip=0.080 t=21s
[P700_h140_pad0.120_s333] it  16 J=0.12621 A_min=0.1171 A_mean=0.1273 |g|=3.62e-03 bin=0.400 S_flip=0.082 t=23s
[P700_h140_pad0.120_s333] it  17 J=0.13010 A_min=0.1208 A_mean=0.1312 |g|=3.52e-03 bin=0.376 S_flip=0.083 t=24s
[P700_h140_pad0.120_s333] it  18 J=0.13400 A_min=0.1246 A_mean=0.1352 |g|=3.37e-03 bin=0.350 S_flip=0.084 t=25s
[P700_h140_pad0.120_s333] it  19 J=0.13781 A_min=0.1283 A_mean=0.1390 |g|=3.16e-03 bin=0.323 S_flip=0.086 t=26s
[P700_h140_pad0.120_s333] it  20 J=0.14143 A_min=0.1318 A_mean=0.1426 |g|=2.91e-03 bin=0.294 S_flip=0.087 t=28s
[P700_h140_pad0.120_s333] it  21 J=0.14477 A_min=0.1351 A_mean=0.1460 |g|=2.63e-03 bin=0.266 S_flip=0.089 t=29s
[P700_h140_pad0.120_s333] it  22 J=0.14777 A_min=0.1380 A_mean=0.1490 |g|=2.35e-03 bin=0.239 S_flip=0.090 t=30s
[P700_h140_pad0.120_s333] it  23 J=0.15041 A_min=0.1406 A_mean=0.1516 |g|=2.08e-03 bin=0.214 S_flip=0.092 t=32s
[P700_h140_pad0.120_s333] it  24 J=0.15269 A_min=0.1429 A_mean=0.1539 |g|=1.82e-03 bin=0.190 S_flip=0.094 t=33s
[P700_h140_pad0.120_s333] it  25 J=0.15461 A_min=0.1448 A_mean=0.1558 |g|=1.60e-03 bin=0.169 S_flip=0.096 t=34s
[P700_h140_pad0.120_s333] it  26 J=0.15622 A_min=0.1464 A_mean=0.1575 |g|=1.41e-03 bin=0.150 S_flip=0.099 t=36s
[P700_h140_pad0.120_s333] it  27 J=0.15755 A_min=0.1477 A_mean=0.1588 |g|=1.24e-03 bin=0.134 S_flip=0.101 t=37s
[P700_h140_pad0.120_s333] it  28 J=0.15864 A_min=0.1488 A_mean=0.1599 |g|=1.10e-03 bin=0.120 S_flip=0.104 t=38s
[P700_h140_pad0.120_s333] it  29 J=0.15954 A_min=0.1497 A_mean=0.1608 |g|=9.77e-04 bin=0.107 S_flip=0.107 t=39s
[P700_h140_pad0.120_s333] it  30 J=0.16027 A_min=0.1505 A_mean=0.1615 |g|=8.76e-04 bin=0.096 S_flip=0.110 t=41s
[P700_h140_pad0.120_s333] it  31 J=0.16088 A_min=0.1511 A_mean=0.1621 |g|=7.90e-04 bin=0.087 S_flip=0.113 t=42s
[P700_h140_pad0.120_s333] it  32 J=0.16138 A_min=0.1516 A_mean=0.1626 |g|=7.18e-04 bin=0.079 S_flip=0.117 t=43s
[P700_h140_pad0.120_s333] it  33 J=0.16179 A_min=0.1520 A_mean=0.1631 |g|=6.57e-04 bin=0.072 S_flip=0.120 t=45s
[P700_h140_pad0.120_s333] it  34 J=0.16214 A_min=0.1524 A_mean=0.1634 |g|=6.05e-04 bin=0.066 S_flip=0.123 t=46s
[P700_h140_pad0.120_s333] it  35 J=0.16244 A_min=0.1527 A_mean=0.1637 |g|=5.62e-04 bin=0.060 S_flip=0.127 t=48s
[P700_h140_pad0.120_s333] it  36 J=0.16269 A_min=0.1529 A_mean=0.1640 |g|=5.26e-04 bin=0.055 S_flip=0.130 t=49s
[P700_h140_pad0.120_s333] it  37 J=0.16290 A_min=0.1532 A_mean=0.1642 |g|=4.96e-04 bin=0.051 S_flip=0.134 t=51s
[P700_h140_pad0.120_s333] it  38 J=0.16308 A_min=0.1533 A_mean=0.1644 |g|=4.71e-04 bin=0.047 S_flip=0.137 t=52s
[P700_h140_pad0.120_s333] it  39 J=0.16324 A_min=0.1535 A_mean=0.1645 |g|=4.51e-04 bin=0.043 S_flip=0.141 t=53s
[P700_h140_pad0.120_s333] it  40 J=0.16337 A_min=0.1537 A_mean=0.1647 |g|=4.33e-04 bin=0.040 S_flip=0.144 t=55s
[P700_h140_pad0.120_s333] it  41 J=0.16349 A_min=0.1538 A_mean=0.1648 |g|=4.19e-04 bin=0.037 S_flip=0.148 t=56s
[P700_h140_pad0.120_s333] it  42 J=0.16360 A_min=0.1539 A_mean=0.1649 |g|=4.08e-04 bin=0.034 S_flip=0.151 t=58s
[P700_h140_pad0.120_s333] it  43 J=0.16369 A_min=0.1540 A_mean=0.1650 |g|=3.99e-04 bin=0.032 S_flip=0.154 t=59s
[P700_h140_pad0.120_s333] it  44 J=0.16377 A_min=0.1541 A_mean=0.1651 |g|=3.91e-04 bin=0.029 S_flip=0.157 t=60s
[P700_h140_pad0.120_s333] it  45 J=0.16384 A_min=0.1541 A_mean=0.1651 |g|=3.86e-04 bin=0.027 S_flip=0.160 t=62s
[P700_h140_pad0.120_s333] it  46 J=0.16390 A_min=0.1542 A_mean=0.1652 |g|=3.83e-04 bin=0.025 S_flip=0.163 t=63s
[P700_h140_pad0.120_s333] it  47 J=0.16395 A_min=0.1543 A_mean=0.1652 |g|=3.81e-04 bin=0.024 S_flip=0.165 t=65s
[P700_h140_pad0.120_s333] it  48 J=0.16400 A_min=0.1543 A_mean=0.1653 |g|=3.80e-04 bin=0.022 S_flip=0.168 t=66s
[P700_h140_pad0.120_s333] it  49 J=0.16405 A_min=0.1544 A_mean=0.1653 |g|=3.80e-04 bin=0.020 S_flip=0.170 t=68s
[P700_h140_pad0.120_s333] it  50 J=0.16409 A_min=0.1544 A_mean=0.1654 |g|=3.80e-04 bin=0.019 S_flip=0.173 t=69s
[P700_h140_pad0.120_s333] it  51 J=0.16413 A_min=0.1544 A_mean=0.1654 |g|=3.79e-04 bin=0.018 S_flip=0.175 t=71s
[P700_h140_pad0.120_s333] it  52 J=0.16416 A_min=0.1545 A_mean=0.1655 |g|=3.77e-04 bin=0.016 S_flip=0.178 t=72s
[P700_h140_pad0.120_s333] it  53 J=0.16419 A_min=0.1545 A_mean=0.1655 |g|=3.73e-04 bin=0.015 S_flip=0.181 t=74s
[P700_h140_pad0.120_s333] it  54 J=0.16422 A_min=0.1546 A_mean=0.1655 |g|=3.67e-04 bin=0.014 S_flip=0.183 t=75s
[P700_h140_pad0.120_s333] it  55 J=0.16425 A_min=0.1546 A_mean=0.1655 |g|=3.57e-04 bin=0.013 S_flip=0.186 t=76s
[P700_h140_pad0.120_s333] it  56 J=0.16427 A_min=0.1546 A_mean=0.1656 |g|=3.44e-04 bin=0.012 S_flip=0.188 t=78s
[P700_h140_pad0.120_s333] it  57 J=0.16429 A_min=0.1546 A_mean=0.1656 |g|=3.29e-04 bin=0.011 S_flip=0.191 t=79s
[P700_h140_pad0.120_s333] it  58 J=0.16431 A_min=0.1547 A_mean=0.1656 |g|=3.12e-04 bin=0.010 S_flip=0.193 t=81s
[P700_h140_pad0.120_s333] it  59 J=0.16433 A_min=0.1547 A_mean=0.1656 |g|=2.95e-04 bin=0.009 S_flip=0.196 t=82s
[P700_h140_pad0.120_s333] it  60 J=0.16435 A_min=0.1547 A_mean=0.1656 |g|=2.78e-04 bin=0.008 S_flip=0.198 t=84s
[P700_h140_pad0.120_s333] it  61 J=0.16436 A_min=0.1547 A_mean=0.1657 |g|=2.64e-04 bin=0.007 S_flip=0.199 t=85s
[P700_h140_pad0.120_s333] it  62 J=0.16437 A_min=0.1547 A_mean=0.1657 |g|=2.51e-04 bin=0.007 S_flip=0.201 t=86s
[P700_h140_pad0.120_s333] it  63 J=0.16438 A_min=0.1547 A_mean=0.1657 |g|=2.41e-04 bin=0.006 S_flip=0.203 t=88s
[P700_h140_pad0.120_s333] it  64 J=0.16439 A_min=0.1547 A_mean=0.1657 |g|=2.33e-04 bin=0.005 S_flip=0.204 t=89s
[P700_h140_pad0.120_s333] it  65 J=0.16440 A_min=0.1548 A_mean=0.1657 |g|=2.26e-04 bin=0.005 S_flip=0.205 t=91s
[P700_h140_pad0.120_s333] it  66 J=0.16440 A_min=0.1548 A_mean=0.1657 |g|=2.21e-04 bin=0.005 S_flip=0.206 t=92s
[P700_h140_pad0.120_s333] it  67 J=0.16441 A_min=0.1548 A_mean=0.1657 |g|=2.17e-04 bin=0.004 S_flip=0.207 t=93s
[P700_h140_pad0.120_s333] it  68 J=0.16441 A_min=0.1548 A_mean=0.1657 |g|=2.13e-04 bin=0.004 S_flip=0.207 t=94s
[P700_h140_pad0.120_s333] it  69 J=0.16442 A_min=0.1548 A_mean=0.1657 |g|=2.10e-04 bin=0.004 S_flip=0.208 t=96s
[P700_h140_pad0.120_s333] it  70 J=0.16442 A_min=0.1548 A_mean=0.1657 |g|=2.08e-04 bin=0.003 S_flip=0.209 t=97s
[P700_h140_pad0.120_s333] it  71 J=0.16442 A_min=0.1548 A_mean=0.1657 |g|=2.05e-04 bin=0.003 S_flip=0.209 t=98s
[P700_h140_pad0.120_s333] it  72 J=0.16443 A_min=0.1548 A_mean=0.1657 |g|=2.02e-04 bin=0.003 S_flip=0.210 t=99s
[P700_h140_pad0.120_s333] it  73 J=0.16443 A_min=0.1548 A_mean=0.1657 |g|=2.00e-04 bin=0.003 S_flip=0.210 t=101s
[P700_h140_pad0.120_s333] it  74 J=0.16443 A_min=0.1548 A_mean=0.1657 |g|=1.97e-04 bin=0.002 S_flip=0.211 t=102s
[P700_h140_pad0.120_s333] it  75 J=0.16443 A_min=0.1548 A_mean=0.1657 |g|=1.95e-04 bin=0.002 S_flip=0.211 t=104s
[P700_h140_pad0.120_s333] it  76 J=0.16444 A_min=0.1548 A_mean=0.1657 |g|=1.92e-04 bin=0.002 S_flip=0.212 t=105s
[P700_h140_pad0.120_s333] it  77 J=0.16444 A_min=0.1548 A_mean=0.1657 |g|=1.90e-04 bin=0.002 S_flip=0.212 t=107s
[P700_h140_pad0.120_s333] it  78 J=0.16444 A_min=0.1548 A_mean=0.1657 |g|=1.88e-04 bin=0.002 S_flip=0.212 t=108s
[P700_h140_pad0.120_s333] it  79 J=0.16444 A_min=0.1548 A_mean=0.1657 |g|=1.86e-04 bin=0.002 S_flip=0.213 t=110s
[P700_h140_pad0.120_s333] it  80 J=0.16444 A_min=0.1548 A_mean=0.1657 |g|=1.83e-04 bin=0.001 S_flip=0.213 t=111s
[P700_h140_pad0.120_s333] it  81 J=0.16444 A_min=0.1548 A_mean=0.1657 |g|=1.81e-04 bin=0.001 S_flip=0.213 t=112s
[P700_h140_pad0.120_s333] it  82 J=0.16444 A_min=0.1548 A_mean=0.1657 |g|=1.78e-04 bin=0.001 S_flip=0.213 t=114s
[P700_h140_pad0.120_s333] it  83 J=0.16444 A_min=0.1548 A_mean=0.1657 |g|=1.74e-04 bin=0.001 S_flip=0.214 t=115s
[P700_h140_pad0.120_s333] it  84 J=0.16445 A_min=0.1548 A_mean=0.1657 |g|=1.70e-04 bin=0.001 S_flip=0.214 t=117s
[P700_h140_pad0.120_s333] it  85 J=0.16445 A_min=0.1548 A_mean=0.1657 |g|=1.66e-04 bin=0.001 S_flip=0.214 t=118s
[P700_h140_pad0.120_s333] it  86 J=0.16445 A_min=0.1548 A_mean=0.1657 |g|=1.61e-04 bin=0.001 S_flip=0.214 t=120s
[P700_h140_pad0.120_s333] it  87 J=0.16445 A_min=0.1548 A_mean=0.1657 |g|=1.56e-04 bin=0.001 S_flip=0.214 t=121s
[P700_h140_pad0.120_s333] it  88 J=0.16445 A_min=0.1548 A_mean=0.1657 |g|=1.51e-04 bin=0.001 S_flip=0.215 t=123s
[P700_h140_pad0.120_s333] it  89 J=0.16445 A_min=0.1548 A_mean=0.1657 |g|=1.47e-04 bin=0.001 S_flip=0.215 t=124s
[P700_h140_pad0.120_s333] it  90 J=0.16445 A_min=0.1548 A_mean=0.1657 |g|=1.43e-04 bin=0.001 S_flip=0.215 t=125s
[P700_h140_pad0.120_s333] it  91 J=0.16445 A_min=0.1548 A_mean=0.1657 |g|=1.39e-04 bin=0.001 S_flip=0.215 t=127s
[P700_h140_pad0.120_s333] it  92 J=0.16445 A_min=0.1548 A_mean=0.1657 |g|=1.36e-04 bin=0.001 S_flip=0.215 t=128s
[P700_h140_pad0.120_s333] it  93 J=0.16445 A_min=0.1548 A_mean=0.1657 |g|=1.33e-04 bin=0.001 S_flip=0.215 t=129s
[P700_h140_pad0.120_s333] it  94 J=0.16445 A_min=0.1548 A_mean=0.1657 |g|=1.31e-04 bin=0.000 S_flip=0.215 t=131s
[P700_h140_pad0.120_s333] it  95 J=0.16445 A_min=0.1548 A_mean=0.1657 |g|=1.30e-04 bin=0.000 S_flip=0.215 t=132s
[P700_h140_pad0.120_s333] it  96 J=0.16445 A_min=0.1548 A_mean=0.1657 |g|=1.29e-04 bin=0.000 S_flip=0.216 t=133s
[P700_h140_pad0.120_s333] it  97 J=0.16445 A_min=0.1548 A_mean=0.1657 |g|=1.28e-04 bin=0.000 S_flip=0.216 t=135s
[P700_h140_pad0.120_s333] it  98 J=0.16445 A_min=0.1548 A_mean=0.1657 |g|=1.28e-04 bin=0.000 S_flip=0.216 t=136s
[P700_h140_pad0.120_s333] it  99 J=0.16445 A_min=0.1548 A_mean=0.1657 |g|=1.28e-04 bin=0.000 S_flip=0.216 t=138s
[P700_h140_pad0.120_s333] done: J_soft=0.16445 J_hard=0.16445 A_hard=[0.1548, 0.1843, 0.1582] S_flip=0.216 wall=139s
[P700_h140_pad0.120_s1001] it   0 J=0.09317 A_min=0.0851 A_mean=0.0942 |g|=1.92e-03 bin=0.536 S_flip=0.053 t=1s
[P700_h140_pad0.120_s1001] it   1 J=0.09384 A_min=0.0858 A_mean=0.0949 |g|=2.00e-03 bin=0.534 S_flip=0.054 t=3s
[P700_h140_pad0.120_s1001] it   2 J=0.09459 A_min=0.0865 A_mean=0.0956 |g|=2.08e-03 bin=0.532 S_flip=0.055 t=4s
[P700_h140_pad0.120_s1001] it   3 J=0.09542 A_min=0.0873 A_mean=0.0964 |g|=2.18e-03 bin=0.530 S_flip=0.056 t=5s
[P700_h140_pad0.120_s1001] it   4 J=0.09635 A_min=0.0882 A_mean=0.0974 |g|=2.29e-03 bin=0.527 S_flip=0.057 t=7s
[P700_h140_pad0.120_s1001] it   5 J=0.09741 A_min=0.0892 A_mean=0.0984 |g|=2.41e-03 bin=0.524 S_flip=0.058 t=8s
[P700_h140_pad0.120_s1001] it   6 J=0.09861 A_min=0.0904 A_mean=0.0996 |g|=2.54e-03 bin=0.520 S_flip=0.059 t=10s
[P700_h140_pad0.120_s1001] it   7 J=0.09998 A_min=0.0917 A_mean=0.1010 |g|=2.69e-03 bin=0.515 S_flip=0.060 t=11s
[P700_h140_pad0.120_s1001] it   8 J=0.10156 A_min=0.0932 A_mean=0.1026 |g|=2.84e-03 bin=0.510 S_flip=0.061 t=12s
[P700_h140_pad0.120_s1001] it   9 J=0.10337 A_min=0.0950 A_mean=0.1044 |g|=3.01e-03 bin=0.503 S_flip=0.062 t=14s
[P700_h140_pad0.120_s1001] it  10 J=0.10544 A_min=0.0970 A_mean=0.1065 |g|=3.18e-03 bin=0.496 S_flip=0.063 t=15s
[P700_h140_pad0.120_s1001] it  11 J=0.10780 A_min=0.0993 A_mean=0.1089 |g|=3.35e-03 bin=0.487 S_flip=0.063 t=17s
[P700_h140_pad0.120_s1001] it  12 J=0.11048 A_min=0.1019 A_mean=0.1115 |g|=3.51e-03 bin=0.476 S_flip=0.064 t=18s
[P700_h140_pad0.120_s1001] it  13 J=0.11347 A_min=0.1048 A_mean=0.1145 |g|=3.65e-03 bin=0.464 S_flip=0.064 t=19s
[P700_h140_pad0.120_s1001] it  14 J=0.11679 A_min=0.1080 A_mean=0.1179 |g|=3.75e-03 bin=0.448 S_flip=0.064 t=21s
[P700_h140_pad0.120_s1001] it  15 J=0.12039 A_min=0.1115 A_mean=0.1215 |g|=3.81e-03 bin=0.431 S_flip=0.064 t=22s
[P700_h140_pad0.120_s1001] it  16 J=0.12423 A_min=0.1152 A_mean=0.1253 |g|=3.81e-03 bin=0.410 S_flip=0.063 t=23s
[P700_h140_pad0.120_s1001] it  17 J=0.12823 A_min=0.1190 A_mean=0.1294 |g|=3.74e-03 bin=0.387 S_flip=0.063 t=25s
[P700_h140_pad0.120_s1001] it  18 J=0.13228 A_min=0.1230 A_mean=0.1334 |g|=3.59e-03 bin=0.362 S_flip=0.062 t=26s
[P700_h140_pad0.120_s1001] it  19 J=0.13628 A_min=0.1269 A_mean=0.1374 |g|=3.38e-03 bin=0.334 S_flip=0.061 t=27s
[P700_h140_pad0.120_s1001] it  20 J=0.14010 A_min=0.1306 A_mean=0.1413 |g|=3.12e-03 bin=0.305 S_flip=0.060 t=29s
[P700_h140_pad0.120_s1001] it  21 J=0.14366 A_min=0.1341 A_mean=0.1448 |g|=2.82e-03 bin=0.277 S_flip=0.060 t=30s
[P700_h140_pad0.120_s1001] it  22 J=0.14687 A_min=0.1372 A_mean=0.1481 |g|=2.52e-03 bin=0.248 S_flip=0.060 t=31s
[P700_h140_pad0.120_s1001] it  23 J=0.14970 A_min=0.1400 A_mean=0.1509 |g|=2.22e-03 bin=0.222 S_flip=0.061 t=33s
[P700_h140_pad0.120_s1001] it  24 J=0.15213 A_min=0.1424 A_mean=0.1534 |g|=1.95e-03 bin=0.197 S_flip=0.062 t=34s
[P700_h140_pad0.120_s1001] it  25 J=0.15420 A_min=0.1444 A_mean=0.1554 |g|=1.71e-03 bin=0.175 S_flip=0.063 t=35s
[P700_h140_pad0.120_s1001] it  26 J=0.15592 A_min=0.1461 A_mean=0.1572 |g|=1.49e-03 bin=0.155 S_flip=0.065 t=37s
[P700_h140_pad0.120_s1001] it  27 J=0.15734 A_min=0.1475 A_mean=0.1586 |g|=1.31e-03 bin=0.138 S_flip=0.067 t=38s
[P700_h140_pad0.120_s1001] it  28 J=0.15850 A_min=0.1487 A_mean=0.1598 |g|=1.16e-03 bin=0.123 S_flip=0.069 t=39s
[P700_h140_pad0.120_s1001] it  29 J=0.15945 A_min=0.1496 A_mean=0.1607 |g|=1.03e-03 bin=0.110 S_flip=0.072 t=41s
[P700_h140_pad0.120_s1001] it  30 J=0.16023 A_min=0.1504 A_mean=0.1615 |g|=9.23e-04 bin=0.098 S_flip=0.074 t=42s
[P700_h140_pad0.120_s1001] it  31 J=0.16087 A_min=0.1511 A_mean=0.1621 |g|=8.30e-04 bin=0.089 S_flip=0.077 t=43s
[P700_h140_pad0.120_s1001] it  32 J=0.16139 A_min=0.1516 A_mean=0.1627 |g|=7.52e-04 bin=0.080 S_flip=0.080 t=45s
[P700_h140_pad0.120_s1001] it  33 J=0.16183 A_min=0.1521 A_mean=0.1631 |g|=6.86e-04 bin=0.073 S_flip=0.083 t=46s
[P700_h140_pad0.120_s1001] it  34 J=0.16219 A_min=0.1524 A_mean=0.1635 |g|=6.30e-04 bin=0.066 S_flip=0.085 t=48s
[P700_h140_pad0.120_s1001] it  35 J=0.16250 A_min=0.1528 A_mean=0.1638 |g|=5.82e-04 bin=0.061 S_flip=0.088 t=49s
[P700_h140_pad0.120_s1001] it  36 J=0.16276 A_min=0.1530 A_mean=0.1640 |g|=5.42e-04 bin=0.056 S_flip=0.091 t=50s
[P700_h140_pad0.120_s1001] it  37 J=0.16298 A_min=0.1532 A_mean=0.1643 |g|=5.09e-04 bin=0.051 S_flip=0.095 t=52s
[P700_h140_pad0.120_s1001] it  38 J=0.16316 A_min=0.1534 A_mean=0.1645 |g|=4.81e-04 bin=0.047 S_flip=0.098 t=53s
[P700_h140_pad0.120_s1001] it  39 J=0.16333 A_min=0.1536 A_mean=0.1646 |g|=4.57e-04 bin=0.043 S_flip=0.101 t=54s
[P700_h140_pad0.120_s1001] it  40 J=0.16347 A_min=0.1538 A_mean=0.1648 |g|=4.37e-04 bin=0.040 S_flip=0.104 t=56s
[P700_h140_pad0.120_s1001] it  41 J=0.16359 A_min=0.1539 A_mean=0.1649 |g|=4.20e-04 bin=0.037 S_flip=0.107 t=57s
[P700_h140_pad0.120_s1001] it  42 J=0.16369 A_min=0.1540 A_mean=0.1650 |g|=4.07e-04 bin=0.034 S_flip=0.110 t=58s
[P700_h140_pad0.120_s1001] it  43 J=0.16378 A_min=0.1541 A_mean=0.1651 |g|=3.95e-04 bin=0.032 S_flip=0.113 t=59s
[P700_h140_pad0.120_s1001] it  44 J=0.16386 A_min=0.1542 A_mean=0.1652 |g|=3.86e-04 bin=0.029 S_flip=0.115 t=61s
[P700_h140_pad0.120_s1001] it  45 J=0.16393 A_min=0.1542 A_mean=0.1652 |g|=3.79e-04 bin=0.027 S_flip=0.118 t=62s
[P700_h140_pad0.120_s1001] it  46 J=0.16400 A_min=0.1543 A_mean=0.1653 |g|=3.75e-04 bin=0.025 S_flip=0.121 t=63s
[P700_h140_pad0.120_s1001] it  47 J=0.16405 A_min=0.1544 A_mean=0.1653 |g|=3.72e-04 bin=0.023 S_flip=0.123 t=65s
[P700_h140_pad0.120_s1001] it  48 J=0.16410 A_min=0.1544 A_mean=0.1654 |g|=3.71e-04 bin=0.022 S_flip=0.126 t=66s
[P700_h140_pad0.120_s1001] it  49 J=0.16414 A_min=0.1545 A_mean=0.1654 |g|=3.71e-04 bin=0.020 S_flip=0.128 t=67s
[P700_h140_pad0.120_s1001] it  50 J=0.16418 A_min=0.1545 A_mean=0.1655 |g|=3.73e-04 bin=0.019 S_flip=0.130 t=68s
[P700_h140_pad0.120_s1001] it  51 J=0.16422 A_min=0.1546 A_mean=0.1655 |g|=3.76e-04 bin=0.018 S_flip=0.133 t=70s
[P700_h140_pad0.120_s1001] it  52 J=0.16425 A_min=0.1546 A_mean=0.1656 |g|=3.79e-04 bin=0.017 S_flip=0.135 t=71s
[P700_h140_pad0.120_s1001] it  53 J=0.16428 A_min=0.1546 A_mean=0.1656 |g|=3.81e-04 bin=0.015 S_flip=0.138 t=72s
[P700_h140_pad0.120_s1001] it  54 J=0.16431 A_min=0.1547 A_mean=0.1656 |g|=3.82e-04 bin=0.014 S_flip=0.140 t=74s
[P700_h140_pad0.120_s1001] it  55 J=0.16434 A_min=0.1547 A_mean=0.1656 |g|=3.81e-04 bin=0.013 S_flip=0.142 t=75s
[P700_h140_pad0.120_s1001] it  56 J=0.16436 A_min=0.1547 A_mean=0.1657 |g|=3.78e-04 bin=0.012 S_flip=0.145 t=76s
[P700_h140_pad0.120_s1001] it  57 J=0.16439 A_min=0.1547 A_mean=0.1657 |g|=3.72e-04 bin=0.011 S_flip=0.147 t=78s
[P700_h140_pad0.120_s1001] it  58 J=0.16441 A_min=0.1548 A_mean=0.1657 |g|=3.63e-04 bin=0.010 S_flip=0.149 t=79s
[P700_h140_pad0.120_s1001] it  59 J=0.16443 A_min=0.1548 A_mean=0.1657 |g|=3.53e-04 bin=0.010 S_flip=0.152 t=80s
[P700_h140_pad0.120_s1001] it  60 J=0.16444 A_min=0.1548 A_mean=0.1657 |g|=3.42e-04 bin=0.009 S_flip=0.153 t=82s
[P700_h140_pad0.120_s1001] it  61 J=0.16446 A_min=0.1548 A_mean=0.1658 |g|=3.31e-04 bin=0.008 S_flip=0.155 t=83s
[P700_h140_pad0.120_s1001] it  62 J=0.16447 A_min=0.1548 A_mean=0.1658 |g|=3.21e-04 bin=0.007 S_flip=0.157 t=84s
[P700_h140_pad0.120_s1001] it  63 J=0.16448 A_min=0.1549 A_mean=0.1658 |g|=3.13e-04 bin=0.007 S_flip=0.158 t=86s
[P700_h140_pad0.120_s1001] it  64 J=0.16450 A_min=0.1549 A_mean=0.1658 |g|=3.05e-04 bin=0.006 S_flip=0.159 t=87s
[P700_h140_pad0.120_s1001] it  65 J=0.16451 A_min=0.1549 A_mean=0.1658 |g|=2.99e-04 bin=0.006 S_flip=0.160 t=88s
[P700_h140_pad0.120_s1001] it  66 J=0.16451 A_min=0.1549 A_mean=0.1658 |g|=2.95e-04 bin=0.005 S_flip=0.161 t=90s
[P700_h140_pad0.120_s1001] it  67 J=0.16452 A_min=0.1549 A_mean=0.1658 |g|=2.91e-04 bin=0.005 S_flip=0.162 t=91s
[P700_h140_pad0.120_s1001] it  68 J=0.16453 A_min=0.1549 A_mean=0.1658 |g|=2.88e-04 bin=0.005 S_flip=0.163 t=92s
[P700_h140_pad0.120_s1001] it  69 J=0.16454 A_min=0.1549 A_mean=0.1658 |g|=2.87e-04 bin=0.004 S_flip=0.163 t=94s
[P700_h140_pad0.120_s1001] it  70 J=0.16454 A_min=0.1549 A_mean=0.1659 |g|=2.85e-04 bin=0.004 S_flip=0.164 t=95s
[P700_h140_pad0.120_s1001] it  71 J=0.16455 A_min=0.1549 A_mean=0.1659 |g|=2.84e-04 bin=0.004 S_flip=0.164 t=97s
[P700_h140_pad0.120_s1001] it  72 J=0.16455 A_min=0.1549 A_mean=0.1659 |g|=2.83e-04 bin=0.003 S_flip=0.165 t=98s
[P700_h140_pad0.120_s1001] it  73 J=0.16456 A_min=0.1549 A_mean=0.1659 |g|=2.82e-04 bin=0.003 S_flip=0.165 t=99s
[P700_h140_pad0.120_s1001] it  74 J=0.16456 A_min=0.1549 A_mean=0.1659 |g|=2.81e-04 bin=0.003 S_flip=0.166 t=101s
[P700_h140_pad0.120_s1001] it  75 J=0.16456 A_min=0.1549 A_mean=0.1659 |g|=2.81e-04 bin=0.003 S_flip=0.166 t=102s
[P700_h140_pad0.120_s1001] it  76 J=0.16457 A_min=0.1549 A_mean=0.1659 |g|=2.80e-04 bin=0.003 S_flip=0.166 t=103s
[P700_h140_pad0.120_s1001] it  77 J=0.16457 A_min=0.1550 A_mean=0.1659 |g|=2.79e-04 bin=0.002 S_flip=0.167 t=105s
[P700_h140_pad0.120_s1001] it  78 J=0.16457 A_min=0.1550 A_mean=0.1659 |g|=2.79e-04 bin=0.002 S_flip=0.167 t=106s
[P700_h140_pad0.120_s1001] it  79 J=0.16457 A_min=0.1550 A_mean=0.1659 |g|=2.79e-04 bin=0.002 S_flip=0.167 t=107s
[P700_h140_pad0.120_s1001] it  80 J=0.16458 A_min=0.1550 A_mean=0.1659 |g|=2.79e-04 bin=0.002 S_flip=0.168 t=109s
[P700_h140_pad0.120_s1001] it  81 J=0.16458 A_min=0.1550 A_mean=0.1659 |g|=2.79e-04 bin=0.002 S_flip=0.168 t=110s
[P700_h140_pad0.120_s1001] it  82 J=0.16458 A_min=0.1550 A_mean=0.1659 |g|=2.78e-04 bin=0.002 S_flip=0.168 t=112s
[P700_h140_pad0.120_s1001] it  83 J=0.16458 A_min=0.1550 A_mean=0.1659 |g|=2.77e-04 bin=0.002 S_flip=0.168 t=113s
[P700_h140_pad0.120_s1001] it  84 J=0.16458 A_min=0.1550 A_mean=0.1659 |g|=2.76e-04 bin=0.001 S_flip=0.168 t=114s
[P700_h140_pad0.120_s1001] it  85 J=0.16459 A_min=0.1550 A_mean=0.1659 |g|=2.75e-04 bin=0.001 S_flip=0.169 t=116s
[P700_h140_pad0.120_s1001] it  86 J=0.16459 A_min=0.1550 A_mean=0.1659 |g|=2.73e-04 bin=0.001 S_flip=0.169 t=117s
[P700_h140_pad0.120_s1001] it  87 J=0.16459 A_min=0.1550 A_mean=0.1659 |g|=2.73e-04 bin=0.001 S_flip=0.169 t=118s
[P700_h140_pad0.120_s1001] it  88 J=0.16459 A_min=0.1550 A_mean=0.1659 |g|=2.73e-04 bin=0.001 S_flip=0.169 t=120s
[P700_h140_pad0.120_s1001] it  89 J=0.16459 A_min=0.1550 A_mean=0.1659 |g|=2.74e-04 bin=0.001 S_flip=0.169 t=121s
[P700_h140_pad0.120_s1001] it  90 J=0.16459 A_min=0.1550 A_mean=0.1659 |g|=2.76e-04 bin=0.001 S_flip=0.170 t=122s
[P700_h140_pad0.120_s1001] it  91 J=0.16459 A_min=0.1550 A_mean=0.1659 |g|=2.79e-04 bin=0.001 S_flip=0.170 t=124s
[P700_h140_pad0.120_s1001] it  92 J=0.16459 A_min=0.1550 A_mean=0.1659 |g|=2.83e-04 bin=0.001 S_flip=0.170 t=125s
[P700_h140_pad0.120_s1001] it  93 J=0.16459 A_min=0.1550 A_mean=0.1659 |g|=2.89e-04 bin=0.001 S_flip=0.170 t=127s
[P700_h140_pad0.120_s1001] it  94 J=0.16459 A_min=0.1550 A_mean=0.1659 |g|=2.95e-04 bin=0.001 S_flip=0.170 t=128s
[P700_h140_pad0.120_s1001] it  95 J=0.16459 A_min=0.1550 A_mean=0.1659 |g|=3.02e-04 bin=0.001 S_flip=0.170 t=129s
[P700_h140_pad0.120_s1001] it  96 J=0.16459 A_min=0.1550 A_mean=0.1659 |g|=3.10e-04 bin=0.001 S_flip=0.170 t=131s
[P700_h140_pad0.120_s1001] it  97 J=0.16459 A_min=0.1550 A_mean=0.1659 |g|=3.17e-04 bin=0.001 S_flip=0.171 t=132s
[P700_h140_pad0.120_s1001] it  98 J=0.16459 A_min=0.1550 A_mean=0.1659 |g|=3.25e-04 bin=0.000 S_flip=0.171 t=134s
[P700_h140_pad0.120_s1001] it  99 J=0.16459 A_min=0.1550 A_mean=0.1659 |g|=3.33e-04 bin=0.000 S_flip=0.171 t=135s
[P700_h140_pad0.120_s1001] done: J_soft=0.16459 J_hard=0.16460 A_hard=[0.155, 0.1845, 0.1582] S_flip=0.172 wall=137s
[P700_h140_pad0.120_s7777] it   0 J=0.09490 A_min=0.0868 A_mean=0.0959 |g|=1.93e-03 bin=0.539 S_flip=0.053 t=1s
[P700_h140_pad0.120_s7777] it   1 J=0.09564 A_min=0.0875 A_mean=0.0967 |g|=2.01e-03 bin=0.537 S_flip=0.054 t=3s
[P700_h140_pad0.120_s7777] it   2 J=0.09646 A_min=0.0883 A_mean=0.0975 |g|=2.09e-03 bin=0.535 S_flip=0.055 t=5s
[P700_h140_pad0.120_s7777] it   3 J=0.09738 A_min=0.0892 A_mean=0.0984 |g|=2.19e-03 bin=0.532 S_flip=0.056 t=6s
[P700_h140_pad0.120_s7777] it   4 J=0.09840 A_min=0.0902 A_mean=0.0994 |g|=2.29e-03 bin=0.529 S_flip=0.057 t=7s
[P700_h140_pad0.120_s7777] it   5 J=0.09956 A_min=0.0913 A_mean=0.1006 |g|=2.41e-03 bin=0.526 S_flip=0.059 t=9s
[P700_h140_pad0.120_s7777] it   6 J=0.10087 A_min=0.0925 A_mean=0.1019 |g|=2.53e-03 bin=0.521 S_flip=0.060 t=10s
[P700_h140_pad0.120_s7777] it   7 J=0.10236 A_min=0.0940 A_mean=0.1034 |g|=2.67e-03 bin=0.516 S_flip=0.061 t=12s
[P700_h140_pad0.120_s7777] it   8 J=0.10406 A_min=0.0956 A_mean=0.1051 |g|=2.82e-03 bin=0.510 S_flip=0.063 t=13s
[P700_h140_pad0.120_s7777] it   9 J=0.10599 A_min=0.0975 A_mean=0.1071 |g|=2.96e-03 bin=0.503 S_flip=0.064 t=14s
[P700_h140_pad0.120_s7777] it  10 J=0.10819 A_min=0.0996 A_mean=0.1093 |g|=3.12e-03 bin=0.495 S_flip=0.065 t=16s
[P700_h140_pad0.120_s7777] it  11 J=0.11067 A_min=0.1020 A_mean=0.1117 |g|=3.26e-03 bin=0.484 S_flip=0.067 t=17s
[P700_h140_pad0.120_s7777] it  12 J=0.11344 A_min=0.1047 A_mean=0.1145 |g|=3.39e-03 bin=0.472 S_flip=0.068 t=18s
[P700_h140_pad0.120_s7777] it  13 J=0.11651 A_min=0.1076 A_mean=0.1176 |g|=3.50e-03 bin=0.458 S_flip=0.069 t=20s
[P700_h140_pad0.120_s7777] it  14 J=0.11986 A_min=0.1109 A_mean=0.1210 |g|=3.56e-03 bin=0.441 S_flip=0.069 t=21s
[P700_h140_pad0.120_s7777] it  15 J=0.12344 A_min=0.1143 A_mean=0.1246 |g|=3.58e-03 bin=0.422 S_flip=0.070 t=22s
[P700_h140_pad0.120_s7777] it  16 J=0.12720 A_min=0.1180 A_mean=0.1283 |g|=3.54e-03 bin=0.401 S_flip=0.070 t=24s
[P700_h140_pad0.120_s7777] it  17 J=0.13106 A_min=0.1217 A_mean=0.1322 |g|=3.43e-03 bin=0.376 S_flip=0.070 t=25s
[P700_h140_pad0.120_s7777] it  18 J=0.13491 A_min=0.1254 A_mean=0.1361 |g|=3.27e-03 bin=0.350 S_flip=0.070 t=27s
[P700_h140_pad0.120_s7777] it  19 J=0.13865 A_min=0.1291 A_mean=0.1398 |g|=3.05e-03 bin=0.323 S_flip=0.070 t=28s
[P700_h140_pad0.120_s7777] it  20 J=0.14219 A_min=0.1325 A_mean=0.1434 |g|=2.79e-03 bin=0.295 S_flip=0.070 t=30s
[P700_h140_pad0.120_s7777] it  21 J=0.14544 A_min=0.1357 A_mean=0.1466 |g|=2.51e-03 bin=0.267 S_flip=0.071 t=31s
[P700_h140_pad0.120_s7777] it  22 J=0.14836 A_min=0.1386 A_mean=0.1496 |g|=2.23e-03 bin=0.240 S_flip=0.072 t=32s
[P700_h140_pad0.120_s7777] it  23 J=0.15092 A_min=0.1411 A_mean=0.1521 |g|=1.96e-03 bin=0.214 S_flip=0.073 t=34s
[P700_h140_pad0.120_s7777] it  24 J=0.15311 A_min=0.1432 A_mean=0.1543 |g|=1.71e-03 bin=0.191 S_flip=0.075 t=35s
[P700_h140_pad0.120_s7777] it  25 J=0.15497 A_min=0.1451 A_mean=0.1562 |g|=1.49e-03 bin=0.170 S_flip=0.077 t=37s
[P700_h140_pad0.120_s7777] it  26 J=0.15652 A_min=0.1466 A_mean=0.1578 |g|=1.30e-03 bin=0.151 S_flip=0.080 t=38s
[P700_h140_pad0.120_s7777] it  27 J=0.15780 A_min=0.1479 A_mean=0.1590 |g|=1.14e-03 bin=0.135 S_flip=0.082 t=40s
[P700_h140_pad0.120_s7777] it  28 J=0.15885 A_min=0.1490 A_mean=0.1601 |g|=1.00e-03 bin=0.120 S_flip=0.085 t=41s
[P700_h140_pad0.120_s7777] it  29 J=0.15972 A_min=0.1498 A_mean=0.1610 |g|=8.89e-04 bin=0.108 S_flip=0.088 t=43s
[P700_h140_pad0.120_s7777] it  30 J=0.16042 A_min=0.1506 A_mean=0.1617 |g|=7.94e-04 bin=0.097 S_flip=0.091 t=44s
[P700_h140_pad0.120_s7777] it  31 J=0.16100 A_min=0.1512 A_mean=0.1623 |g|=7.16e-04 bin=0.088 S_flip=0.094 t=46s
[P700_h140_pad0.120_s7777] it  32 J=0.16148 A_min=0.1516 A_mean=0.1628 |g|=6.51e-04 bin=0.079 S_flip=0.098 t=47s
[P700_h140_pad0.120_s7777] it  33 J=0.16188 A_min=0.1521 A_mean=0.1632 |g|=5.97e-04 bin=0.072 S_flip=0.101 t=48s
[P700_h140_pad0.120_s7777] it  34 J=0.16222 A_min=0.1524 A_mean=0.1635 |g|=5.53e-04 bin=0.066 S_flip=0.104 t=50s
[P700_h140_pad0.120_s7777] it  35 J=0.16250 A_min=0.1527 A_mean=0.1638 |g|=5.16e-04 bin=0.060 S_flip=0.108 t=51s
[P700_h140_pad0.120_s7777] it  36 J=0.16274 A_min=0.1529 A_mean=0.1640 |g|=4.87e-04 bin=0.055 S_flip=0.111 t=53s
[P700_h140_pad0.120_s7777] it  37 J=0.16294 A_min=0.1532 A_mean=0.1642 |g|=4.62e-04 bin=0.051 S_flip=0.115 t=54s
[P700_h140_pad0.120_s7777] it  38 J=0.16312 A_min=0.1533 A_mean=0.1644 |g|=4.42e-04 bin=0.047 S_flip=0.118 t=56s
[P700_h140_pad0.120_s7777] it  39 J=0.16327 A_min=0.1535 A_mean=0.1646 |g|=4.26e-04 bin=0.043 S_flip=0.122 t=57s
[P700_h140_pad0.120_s7777] it  40 J=0.16340 A_min=0.1536 A_mean=0.1647 |g|=4.12e-04 bin=0.040 S_flip=0.125 t=59s
[P700_h140_pad0.120_s7777] it  41 J=0.16352 A_min=0.1538 A_mean=0.1648 |g|=4.01e-04 bin=0.037 S_flip=0.129 t=60s
[P700_h140_pad0.120_s7777] it  42 J=0.16362 A_min=0.1539 A_mean=0.1649 |g|=3.92e-04 bin=0.034 S_flip=0.132 t=61s
[P700_h140_pad0.120_s7777] it  43 J=0.16370 A_min=0.1540 A_mean=0.1650 |g|=3.84e-04 bin=0.032 S_flip=0.135 t=63s
[P700_h140_pad0.120_s7777] it  44 J=0.16378 A_min=0.1540 A_mean=0.1651 |g|=3.77e-04 bin=0.029 S_flip=0.138 t=64s
[P700_h140_pad0.120_s7777] it  45 J=0.16385 A_min=0.1541 A_mean=0.1651 |g|=3.70e-04 bin=0.027 S_flip=0.142 t=66s
[P700_h140_pad0.120_s7777] it  46 J=0.16391 A_min=0.1542 A_mean=0.1652 |g|=3.65e-04 bin=0.025 S_flip=0.145 t=67s
[P700_h140_pad0.120_s7777] it  47 J=0.16396 A_min=0.1542 A_mean=0.1652 |g|=3.60e-04 bin=0.023 S_flip=0.148 t=68s
[P700_h140_pad0.120_s7777] it  48 J=0.16401 A_min=0.1543 A_mean=0.1653 |g|=3.56e-04 bin=0.022 S_flip=0.151 t=70s
[P700_h140_pad0.120_s7777] it  49 J=0.16405 A_min=0.1543 A_mean=0.1653 |g|=3.53e-04 bin=0.020 S_flip=0.153 t=71s
[P700_h140_pad0.120_s7777] it  50 J=0.16409 A_min=0.1544 A_mean=0.1654 |g|=3.50e-04 bin=0.019 S_flip=0.156 t=73s
[P700_h140_pad0.120_s7777] it  51 J=0.16412 A_min=0.1544 A_mean=0.1654 |g|=3.49e-04 bin=0.017 S_flip=0.158 t=74s
[P700_h140_pad0.120_s7777] it  52 J=0.16415 A_min=0.1544 A_mean=0.1654 |g|=3.48e-04 bin=0.016 S_flip=0.161 t=75s
[P700_h140_pad0.120_s7777] it  53 J=0.16418 A_min=0.1545 A_mean=0.1655 |g|=3.47e-04 bin=0.015 S_flip=0.163 t=77s
[P700_h140_pad0.120_s7777] it  54 J=0.16420 A_min=0.1545 A_mean=0.1655 |g|=3.48e-04 bin=0.014 S_flip=0.166 t=78s
[P700_h140_pad0.120_s7777] it  55 J=0.16422 A_min=0.1545 A_mean=0.1655 |g|=3.49e-04 bin=0.013 S_flip=0.168 t=80s
[P700_h140_pad0.120_s7777] it  56 J=0.16424 A_min=0.1546 A_mean=0.1655 |g|=3.51e-04 bin=0.012 S_flip=0.170 t=81s
[P700_h140_pad0.120_s7777] it  57 J=0.16426 A_min=0.1546 A_mean=0.1656 |g|=3.55e-04 bin=0.011 S_flip=0.172 t=82s
[P700_h140_pad0.120_s7777] it  58 J=0.16427 A_min=0.1546 A_mean=0.1656 |g|=3.60e-04 bin=0.010 S_flip=0.174 t=84s
[P700_h140_pad0.120_s7777] it  59 J=0.16429 A_min=0.1546 A_mean=0.1656 |g|=3.67e-04 bin=0.010 S_flip=0.176 t=85s
[P700_h140_pad0.120_s7777] it  60 J=0.16430 A_min=0.1546 A_mean=0.1656 |g|=3.75e-04 bin=0.009 S_flip=0.177 t=87s
[P700_h140_pad0.120_s7777] it  61 J=0.16432 A_min=0.1546 A_mean=0.1656 |g|=3.86e-04 bin=0.008 S_flip=0.179 t=88s
[P700_h140_pad0.120_s7777] it  62 J=0.16433 A_min=0.1547 A_mean=0.1656 |g|=3.98e-04 bin=0.008 S_flip=0.181 t=89s
[P700_h140_pad0.120_s7777] it  63 J=0.16434 A_min=0.1547 A_mean=0.1656 |g|=4.12e-04 bin=0.007 S_flip=0.182 t=91s
[P700_h140_pad0.120_s7777] it  64 J=0.16435 A_min=0.1547 A_mean=0.1656 |g|=4.26e-04 bin=0.007 S_flip=0.184 t=93s
[P700_h140_pad0.120_s7777] it  65 J=0.16436 A_min=0.1547 A_mean=0.1657 |g|=4.40e-04 bin=0.007 S_flip=0.185 t=94s
[P700_h140_pad0.120_s7777] it  66 J=0.16437 A_min=0.1547 A_mean=0.1657 |g|=4.54e-04 bin=0.006 S_flip=0.187 t=96s
[P700_h140_pad0.120_s7777] it  67 J=0.16438 A_min=0.1547 A_mean=0.1657 |g|=4.66e-04 bin=0.006 S_flip=0.188 t=97s
[P700_h140_pad0.120_s7777] it  68 J=0.16439 A_min=0.1547 A_mean=0.1657 |g|=4.78e-04 bin=0.005 S_flip=0.189 t=98s
[P700_h140_pad0.120_s7777] it  69 J=0.16440 A_min=0.1547 A_mean=0.1657 |g|=4.89e-04 bin=0.005 S_flip=0.190 t=100s
[P700_h140_pad0.120_s7777] it  70 J=0.16441 A_min=0.1548 A_mean=0.1657 |g|=4.98e-04 bin=0.005 S_flip=0.191 t=101s
[P700_h140_pad0.120_s7777] it  71 J=0.16442 A_min=0.1548 A_mean=0.1657 |g|=5.04e-04 bin=0.004 S_flip=0.192 t=103s
[P700_h140_pad0.120_s7777] it  72 J=0.16443 A_min=0.1548 A_mean=0.1657 |g|=5.03e-04 bin=0.004 S_flip=0.192 t=104s
[P700_h140_pad0.120_s7777] it  73 J=0.16444 A_min=0.1548 A_mean=0.1657 |g|=4.95e-04 bin=0.004 S_flip=0.193 t=106s
[P700_h140_pad0.120_s7777] it  74 J=0.16445 A_min=0.1548 A_mean=0.1658 |g|=4.81e-04 bin=0.003 S_flip=0.193 t=108s
[P700_h140_pad0.120_s7777] it  75 J=0.16446 A_min=0.1548 A_mean=0.1658 |g|=4.62e-04 bin=0.003 S_flip=0.193 t=109s
[P700_h140_pad0.120_s7777] it  76 J=0.16446 A_min=0.1548 A_mean=0.1658 |g|=4.44e-04 bin=0.003 S_flip=0.194 t=111s
[P700_h140_pad0.120_s7777] it  77 J=0.16447 A_min=0.1548 A_mean=0.1658 |g|=4.27e-04 bin=0.003 S_flip=0.194 t=112s
[P700_h140_pad0.120_s7777] it  78 J=0.16447 A_min=0.1548 A_mean=0.1658 |g|=4.13e-04 bin=0.002 S_flip=0.194 t=114s
[P700_h140_pad0.120_s7777] it  79 J=0.16448 A_min=0.1548 A_mean=0.1658 |g|=4.02e-04 bin=0.002 S_flip=0.195 t=115s
[P700_h140_pad0.120_s7777] it  80 J=0.16448 A_min=0.1548 A_mean=0.1658 |g|=3.95e-04 bin=0.002 S_flip=0.195 t=117s
[P700_h140_pad0.120_s7777] it  81 J=0.16448 A_min=0.1549 A_mean=0.1658 |g|=3.90e-04 bin=0.002 S_flip=0.195 t=118s
[P700_h140_pad0.120_s7777] it  82 J=0.16449 A_min=0.1549 A_mean=0.1658 |g|=3.87e-04 bin=0.002 S_flip=0.195 t=120s
[P700_h140_pad0.120_s7777] it  83 J=0.16449 A_min=0.1549 A_mean=0.1658 |g|=3.87e-04 bin=0.002 S_flip=0.195 t=121s
[P700_h140_pad0.120_s7777] it  84 J=0.16449 A_min=0.1549 A_mean=0.1658 |g|=3.88e-04 bin=0.001 S_flip=0.195 t=122s
[P700_h140_pad0.120_s7777] it  85 J=0.16449 A_min=0.1549 A_mean=0.1658 |g|=3.90e-04 bin=0.001 S_flip=0.196 t=124s
[P700_h140_pad0.120_s7777] it  86 J=0.16450 A_min=0.1549 A_mean=0.1658 |g|=3.93e-04 bin=0.001 S_flip=0.196 t=125s
[P700_h140_pad0.120_s7777] it  87 J=0.16450 A_min=0.1549 A_mean=0.1658 |g|=3.98e-04 bin=0.001 S_flip=0.196 t=126s
[P700_h140_pad0.120_s7777] it  88 J=0.16450 A_min=0.1549 A_mean=0.1658 |g|=4.02e-04 bin=0.001 S_flip=0.196 t=128s
[P700_h140_pad0.120_s7777] it  89 J=0.16450 A_min=0.1549 A_mean=0.1658 |g|=4.08e-04 bin=0.001 S_flip=0.196 t=129s
[P700_h140_pad0.120_s7777] it  90 J=0.16450 A_min=0.1549 A_mean=0.1658 |g|=4.13e-04 bin=0.001 S_flip=0.196 t=131s
[P700_h140_pad0.120_s7777] it  91 J=0.16450 A_min=0.1549 A_mean=0.1658 |g|=4.19e-04 bin=0.001 S_flip=0.196 t=132s
[P700_h140_pad0.120_s7777] it  92 J=0.16450 A_min=0.1549 A_mean=0.1658 |g|=4.24e-04 bin=0.001 S_flip=0.197 t=134s
[P700_h140_pad0.120_s7777] it  93 J=0.16450 A_min=0.1549 A_mean=0.1658 |g|=4.29e-04 bin=0.001 S_flip=0.197 t=135s
[P700_h140_pad0.120_s7777] it  94 J=0.16450 A_min=0.1549 A_mean=0.1658 |g|=4.33e-04 bin=0.001 S_flip=0.197 t=136s
[P700_h140_pad0.120_s7777] it  95 J=0.16450 A_min=0.1549 A_mean=0.1658 |g|=4.37e-04 bin=0.001 S_flip=0.197 t=138s
[P700_h140_pad0.120_s7777] it  96 J=0.16450 A_min=0.1549 A_mean=0.1658 |g|=4.40e-04 bin=0.001 S_flip=0.197 t=139s
[P700_h140_pad0.120_s7777] it  97 J=0.16450 A_min=0.1549 A_mean=0.1658 |g|=4.44e-04 bin=0.001 S_flip=0.197 t=140s
[P700_h140_pad0.120_s7777] it  98 J=0.16450 A_min=0.1549 A_mean=0.1658 |g|=4.47e-04 bin=0.000 S_flip=0.197 t=142s
[P700_h140_pad0.120_s7777] it  99 J=0.16450 A_min=0.1549 A_mean=0.1658 |g|=4.50e-04 bin=0.000 S_flip=0.197 t=143s
[P700_h140_pad0.120_s7777] done: J_soft=0.16450 J_hard=0.16451 A_hard=[0.1549, 0.1844, 0.1582] S_flip=0.199 wall=145s
[P700_h160_pad0.040_s333] it   0 J=0.07020 A_min=0.0634 A_mean=0.0710 |g|=1.51e-03 bin=0.792 S_flip=0.048 t=1s
[P700_h160_pad0.040_s333] it   1 J=0.07121 A_min=0.0644 A_mean=0.0721 |g|=1.58e-03 bin=0.789 S_flip=0.049 t=3s
[P700_h160_pad0.040_s333] it   2 J=0.07234 A_min=0.0655 A_mean=0.0732 |g|=1.65e-03 bin=0.785 S_flip=0.051 t=4s
[P700_h160_pad0.040_s333] it   3 J=0.07360 A_min=0.0667 A_mean=0.0745 |g|=1.74e-03 bin=0.780 S_flip=0.052 t=5s
[P700_h160_pad0.040_s333] it   4 J=0.07500 A_min=0.0680 A_mean=0.0759 |g|=1.83e-03 bin=0.775 S_flip=0.054 t=7s
[P700_h160_pad0.040_s333] it   5 J=0.07655 A_min=0.0695 A_mean=0.0774 |g|=1.93e-03 bin=0.770 S_flip=0.055 t=8s
[P700_h160_pad0.040_s333] it   6 J=0.07826 A_min=0.0712 A_mean=0.0792 |g|=2.04e-03 bin=0.763 S_flip=0.057 t=9s
[P700_h160_pad0.040_s333] it   7 J=0.08016 A_min=0.0730 A_mean=0.0811 |g|=2.16e-03 bin=0.756 S_flip=0.059 t=11s
[P700_h160_pad0.040_s333] it   8 J=0.08226 A_min=0.0751 A_mean=0.0832 |g|=2.29e-03 bin=0.748 S_flip=0.061 t=12s
[P700_h160_pad0.040_s333] it   9 J=0.08456 A_min=0.0773 A_mean=0.0855 |g|=2.44e-03 bin=0.740 S_flip=0.064 t=13s
[P700_h160_pad0.040_s333] it  10 J=0.08708 A_min=0.0797 A_mean=0.0881 |g|=2.60e-03 bin=0.730 S_flip=0.066 t=15s
[P700_h160_pad0.040_s333] it  11 J=0.08983 A_min=0.0824 A_mean=0.0908 |g|=2.77e-03 bin=0.719 S_flip=0.069 t=16s
[P700_h160_pad0.040_s333] it  12 J=0.09282 A_min=0.0853 A_mean=0.0938 |g|=2.96e-03 bin=0.707 S_flip=0.071 t=17s
[P700_h160_pad0.040_s333] it  13 J=0.09606 A_min=0.0884 A_mean=0.0971 |g|=3.16e-03 bin=0.694 S_flip=0.074 t=19s
[P700_h160_pad0.040_s333] it  14 J=0.09956 A_min=0.0918 A_mean=0.1006 |g|=3.36e-03 bin=0.679 S_flip=0.077 t=20s
[P700_h160_pad0.040_s333] it  15 J=0.10334 A_min=0.0954 A_mean=0.1044 |g|=3.57e-03 bin=0.662 S_flip=0.079 t=21s
[P700_h160_pad0.040_s333] it  16 J=0.10739 A_min=0.0993 A_mean=0.1085 |g|=3.76e-03 bin=0.643 S_flip=0.082 t=23s
[P700_h160_pad0.040_s333] it  17 J=0.11171 A_min=0.1034 A_mean=0.1129 |g|=3.93e-03 bin=0.621 S_flip=0.084 t=24s
[P700_h160_pad0.040_s333] it  18 J=0.11628 A_min=0.1078 A_mean=0.1175 |g|=4.05e-03 bin=0.596 S_flip=0.087 t=25s
[P700_h160_pad0.040_s333] it  19 J=0.12106 A_min=0.1124 A_mean=0.1223 |g|=4.12e-03 bin=0.568 S_flip=0.089 t=27s
[P700_h160_pad0.040_s333] it  20 J=0.12598 A_min=0.1171 A_mean=0.1273 |g|=4.11e-03 bin=0.537 S_flip=0.090 t=28s
[P700_h160_pad0.040_s333] it  21 J=0.13095 A_min=0.1219 A_mean=0.1323 |g|=4.02e-03 bin=0.503 S_flip=0.092 t=29s
[P700_h160_pad0.040_s333] it  22 J=0.13586 A_min=0.1266 A_mean=0.1372 |g|=3.85e-03 bin=0.466 S_flip=0.093 t=31s
[P700_h160_pad0.040_s333] it  23 J=0.14058 A_min=0.1312 A_mean=0.1419 |g|=3.62e-03 bin=0.428 S_flip=0.094 t=32s
[P700_h160_pad0.040_s333] it  24 J=0.14502 A_min=0.1354 A_mean=0.1464 |g|=3.34e-03 bin=0.389 S_flip=0.095 t=33s
[P700_h160_pad0.040_s333] it  25 J=0.14908 A_min=0.1394 A_mean=0.1505 |g|=3.04e-03 bin=0.351 S_flip=0.097 t=35s
[P700_h160_pad0.040_s333] it  26 J=0.15271 A_min=0.1430 A_mean=0.1542 |g|=2.75e-03 bin=0.314 S_flip=0.098 t=36s
[P700_h160_pad0.040_s333] it  27 J=0.15590 A_min=0.1461 A_mean=0.1574 |g|=2.47e-03 bin=0.280 S_flip=0.099 t=38s
[P700_h160_pad0.040_s333] it  28 J=0.15865 A_min=0.1489 A_mean=0.1601 |g|=2.23e-03 bin=0.249 S_flip=0.101 t=39s
[P700_h160_pad0.040_s333] it  29 J=0.16100 A_min=0.1513 A_mean=0.1625 |g|=2.02e-03 bin=0.222 S_flip=0.103 t=40s
[P700_h160_pad0.040_s333] it  30 J=0.16298 A_min=0.1533 A_mean=0.1645 |g|=1.84e-03 bin=0.197 S_flip=0.106 t=42s
[P700_h160_pad0.040_s333] it  31 J=0.16465 A_min=0.1551 A_mean=0.1662 |g|=1.69e-03 bin=0.175 S_flip=0.108 t=43s
[P700_h160_pad0.040_s333] it  32 J=0.16606 A_min=0.1566 A_mean=0.1676 |g|=1.56e-03 bin=0.156 S_flip=0.111 t=44s
[P700_h160_pad0.040_s333] it  33 J=0.16724 A_min=0.1578 A_mean=0.1688 |g|=1.45e-03 bin=0.140 S_flip=0.115 t=46s
[P700_h160_pad0.040_s333] it  34 J=0.16823 A_min=0.1589 A_mean=0.1698 |g|=1.36e-03 bin=0.126 S_flip=0.118 t=47s
[P700_h160_pad0.040_s333] it  35 J=0.16907 A_min=0.1599 A_mean=0.1707 |g|=1.28e-03 bin=0.113 S_flip=0.122 t=48s
[P700_h160_pad0.040_s333] it  36 J=0.16978 A_min=0.1606 A_mean=0.1714 |g|=1.21e-03 bin=0.102 S_flip=0.126 t=50s
[P700_h160_pad0.040_s333] it  37 J=0.17038 A_min=0.1613 A_mean=0.1720 |g|=1.15e-03 bin=0.093 S_flip=0.130 t=51s
[P700_h160_pad0.040_s333] it  38 J=0.17090 A_min=0.1619 A_mean=0.1726 |g|=1.10e-03 bin=0.085 S_flip=0.134 t=53s
[P700_h160_pad0.040_s333] it  39 J=0.17134 A_min=0.1624 A_mean=0.1730 |g|=1.05e-03 bin=0.077 S_flip=0.138 t=54s
[P700_h160_pad0.040_s333] it  40 J=0.17173 A_min=0.1627 A_mean=0.1734 |g|=1.01e-03 bin=0.071 S_flip=0.142 t=56s
[P700_h160_pad0.040_s333] it  41 J=0.17206 A_min=0.1630 A_mean=0.1737 |g|=9.83e-04 bin=0.065 S_flip=0.146 t=57s
[P700_h160_pad0.040_s333] it  42 J=0.17235 A_min=0.1632 A_mean=0.1740 |g|=9.55e-04 bin=0.060 S_flip=0.150 t=58s
[P700_h160_pad0.040_s333] it  43 J=0.17261 A_min=0.1634 A_mean=0.1743 |g|=9.30e-04 bin=0.055 S_flip=0.154 t=60s
[P700_h160_pad0.040_s333] it  44 J=0.17284 A_min=0.1636 A_mean=0.1745 |g|=9.09e-04 bin=0.051 S_flip=0.158 t=61s
[P700_h160_pad0.040_s333] it  45 J=0.17304 A_min=0.1637 A_mean=0.1747 |g|=8.89e-04 bin=0.047 S_flip=0.162 t=63s
[P700_h160_pad0.040_s333] it  46 J=0.17322 A_min=0.1639 A_mean=0.1749 |g|=8.71e-04 bin=0.043 S_flip=0.165 t=64s
[P700_h160_pad0.040_s333] it  47 J=0.17338 A_min=0.1640 A_mean=0.1751 |g|=8.55e-04 bin=0.040 S_flip=0.169 t=66s
[P700_h160_pad0.040_s333] it  48 J=0.17352 A_min=0.1641 A_mean=0.1752 |g|=8.40e-04 bin=0.037 S_flip=0.173 t=67s
[P700_h160_pad0.040_s333] it  49 J=0.17365 A_min=0.1642 A_mean=0.1754 |g|=8.26e-04 bin=0.035 S_flip=0.176 t=69s
[P700_h160_pad0.040_s333] it  50 J=0.17377 A_min=0.1643 A_mean=0.1755 |g|=8.14e-04 bin=0.032 S_flip=0.179 t=70s
[P700_h160_pad0.040_s333] it  51 J=0.17387 A_min=0.1644 A_mean=0.1756 |g|=8.04e-04 bin=0.030 S_flip=0.182 t=72s
[P700_h160_pad0.040_s333] it  52 J=0.17397 A_min=0.1644 A_mean=0.1757 |g|=7.97e-04 bin=0.028 S_flip=0.185 t=73s
[P700_h160_pad0.040_s333] it  53 J=0.17406 A_min=0.1645 A_mean=0.1758 |g|=7.92e-04 bin=0.026 S_flip=0.188 t=75s
[P700_h160_pad0.040_s333] it  54 J=0.17414 A_min=0.1645 A_mean=0.1759 |g|=7.89e-04 bin=0.024 S_flip=0.190 t=76s
[P700_h160_pad0.040_s333] it  55 J=0.17422 A_min=0.1646 A_mean=0.1759 |g|=7.87e-04 bin=0.023 S_flip=0.193 t=78s
[P700_h160_pad0.040_s333] it  56 J=0.17429 A_min=0.1646 A_mean=0.1760 |g|=7.83e-04 bin=0.021 S_flip=0.195 t=79s
[P700_h160_pad0.040_s333] it  57 J=0.17436 A_min=0.1647 A_mean=0.1761 |g|=7.74e-04 bin=0.020 S_flip=0.197 t=80s
[P700_h160_pad0.040_s333] it  58 J=0.17442 A_min=0.1647 A_mean=0.1762 |g|=7.58e-04 bin=0.018 S_flip=0.200 t=82s
[P700_h160_pad0.040_s333] it  59 J=0.17448 A_min=0.1648 A_mean=0.1762 |g|=7.33e-04 bin=0.017 S_flip=0.202 t=83s
[P700_h160_pad0.040_s333] it  60 J=0.17453 A_min=0.1648 A_mean=0.1763 |g|=7.01e-04 bin=0.016 S_flip=0.204 t=84s
[P700_h160_pad0.040_s333] it  61 J=0.17457 A_min=0.1648 A_mean=0.1763 |g|=6.68e-04 bin=0.014 S_flip=0.205 t=86s
[P700_h160_pad0.040_s333] it  62 J=0.17462 A_min=0.1649 A_mean=0.1764 |g|=6.38e-04 bin=0.013 S_flip=0.207 t=87s
[P700_h160_pad0.040_s333] it  63 J=0.17465 A_min=0.1649 A_mean=0.1764 |g|=6.14e-04 bin=0.012 S_flip=0.209 t=89s
[P700_h160_pad0.040_s333] it  64 J=0.17469 A_min=0.1649 A_mean=0.1764 |g|=5.98e-04 bin=0.012 S_flip=0.210 t=90s
[P700_h160_pad0.040_s333] it  65 J=0.17472 A_min=0.1649 A_mean=0.1765 |g|=5.89e-04 bin=0.011 S_flip=0.212 t=91s
[P700_h160_pad0.040_s333] it  66 J=0.17474 A_min=0.1649 A_mean=0.1765 |g|=5.85e-04 bin=0.010 S_flip=0.213 t=93s
[P700_h160_pad0.040_s333] it  67 J=0.17477 A_min=0.1650 A_mean=0.1765 |g|=5.86e-04 bin=0.010 S_flip=0.215 t=94s
[P700_h160_pad0.040_s333] it  68 J=0.17479 A_min=0.1650 A_mean=0.1765 |g|=5.90e-04 bin=0.009 S_flip=0.216 t=96s
[P700_h160_pad0.040_s333] it  69 J=0.17481 A_min=0.1650 A_mean=0.1766 |g|=5.98e-04 bin=0.008 S_flip=0.217 t=97s
[P700_h160_pad0.040_s333] it  70 J=0.17483 A_min=0.1650 A_mean=0.1766 |g|=6.10e-04 bin=0.008 S_flip=0.218 t=99s
[P700_h160_pad0.040_s333] it  71 J=0.17484 A_min=0.1650 A_mean=0.1766 |g|=6.27e-04 bin=0.007 S_flip=0.219 t=100s
[P700_h160_pad0.040_s333] it  72 J=0.17486 A_min=0.1650 A_mean=0.1766 |g|=6.48e-04 bin=0.007 S_flip=0.220 t=101s
[P700_h160_pad0.040_s333] it  73 J=0.17488 A_min=0.1650 A_mean=0.1766 |g|=6.73e-04 bin=0.007 S_flip=0.220 t=103s
[P700_h160_pad0.040_s333] it  74 J=0.17489 A_min=0.1650 A_mean=0.1766 |g|=7.06e-04 bin=0.006 S_flip=0.221 t=104s
[P700_h160_pad0.040_s333] it  75 J=0.17491 A_min=0.1650 A_mean=0.1767 |g|=7.50e-04 bin=0.006 S_flip=0.222 t=105s
[P700_h160_pad0.040_s333] it  76 J=0.17492 A_min=0.1650 A_mean=0.1767 |g|=8.09e-04 bin=0.006 S_flip=0.222 t=107s
[P700_h160_pad0.040_s333] it  77 J=0.17494 A_min=0.1651 A_mean=0.1767 |g|=8.87e-04 bin=0.005 S_flip=0.222 t=108s
[P700_h160_pad0.040_s333] it  78 J=0.17495 A_min=0.1651 A_mean=0.1767 |g|=9.78e-04 bin=0.005 S_flip=0.222 t=110s
[P700_h160_pad0.040_s333] it  79 J=0.17497 A_min=0.1651 A_mean=0.1767 |g|=1.06e-03 bin=0.005 S_flip=0.222 t=111s
[P700_h160_pad0.040_s333] it  80 J=0.17499 A_min=0.1651 A_mean=0.1767 |g|=1.08e-03 bin=0.004 S_flip=0.222 t=113s
[P700_h160_pad0.040_s333] it  81 J=0.17500 A_min=0.1651 A_mean=0.1768 |g|=9.84e-04 bin=0.004 S_flip=0.222 t=114s
[P700_h160_pad0.040_s333] it  82 J=0.17501 A_min=0.1651 A_mean=0.1768 |g|=8.04e-04 bin=0.004 S_flip=0.223 t=116s
[P700_h160_pad0.040_s333] it  83 J=0.17502 A_min=0.1651 A_mean=0.1768 |g|=6.36e-04 bin=0.003 S_flip=0.223 t=117s
[P700_h160_pad0.040_s333] it  84 J=0.17503 A_min=0.1651 A_mean=0.1768 |g|=5.37e-04 bin=0.003 S_flip=0.223 t=118s
[P700_h160_pad0.040_s333] it  85 J=0.17504 A_min=0.1651 A_mean=0.1768 |g|=4.92e-04 bin=0.003 S_flip=0.224 t=120s
[P700_h160_pad0.040_s333] it  86 J=0.17504 A_min=0.1651 A_mean=0.1768 |g|=4.72e-04 bin=0.003 S_flip=0.224 t=121s
[P700_h160_pad0.040_s333] it  87 J=0.17504 A_min=0.1651 A_mean=0.1768 |g|=4.62e-04 bin=0.002 S_flip=0.224 t=123s
[P700_h160_pad0.040_s333] it  88 J=0.17505 A_min=0.1651 A_mean=0.1768 |g|=4.55e-04 bin=0.002 S_flip=0.224 t=124s
[P700_h160_pad0.040_s333] it  89 J=0.17505 A_min=0.1651 A_mean=0.1768 |g|=4.51e-04 bin=0.002 S_flip=0.225 t=125s
[P700_h160_pad0.040_s333] it  90 J=0.17505 A_min=0.1651 A_mean=0.1768 |g|=4.48e-04 bin=0.002 S_flip=0.225 t=127s
[P700_h160_pad0.040_s333] it  91 J=0.17505 A_min=0.1651 A_mean=0.1768 |g|=4.46e-04 bin=0.002 S_flip=0.225 t=128s
[P700_h160_pad0.040_s333] it  92 J=0.17505 A_min=0.1651 A_mean=0.1768 |g|=4.45e-04 bin=0.002 S_flip=0.226 t=129s
[P700_h160_pad0.040_s333] it  93 J=0.17505 A_min=0.1651 A_mean=0.1768 |g|=4.46e-04 bin=0.002 S_flip=0.226 t=131s
[P700_h160_pad0.040_s333] it  94 J=0.17505 A_min=0.1651 A_mean=0.1768 |g|=4.47e-04 bin=0.002 S_flip=0.226 t=132s
[P700_h160_pad0.040_s333] it  95 J=0.17505 A_min=0.1651 A_mean=0.1768 |g|=4.50e-04 bin=0.001 S_flip=0.226 t=134s
[P700_h160_pad0.040_s333] it  96 J=0.17505 A_min=0.1651 A_mean=0.1768 |g|=4.54e-04 bin=0.001 S_flip=0.227 t=135s
[P700_h160_pad0.040_s333] it  97 J=0.17505 A_min=0.1651 A_mean=0.1768 |g|=4.59e-04 bin=0.001 S_flip=0.227 t=136s
[P700_h160_pad0.040_s333] it  98 J=0.17505 A_min=0.1651 A_mean=0.1768 |g|=4.66e-04 bin=0.001 S_flip=0.227 t=138s
[P700_h160_pad0.040_s333] it  99 J=0.17505 A_min=0.1651 A_mean=0.1768 |g|=4.73e-04 bin=0.001 S_flip=0.227 t=139s
[P700_h160_pad0.040_s333] done: J_soft=0.17505 J_hard=0.17505 A_hard=[0.1667, 0.1986, 0.1651] S_flip=0.231 wall=142s
[P700_h160_pad0.040_s1001] it   0 J=0.06930 A_min=0.0625 A_mean=0.0701 |g|=1.47e-03 bin=0.793 S_flip=0.056 t=2s
[P700_h160_pad0.040_s1001] it   1 J=0.07026 A_min=0.0635 A_mean=0.0711 |g|=1.53e-03 bin=0.789 S_flip=0.057 t=3s
[P700_h160_pad0.040_s1001] it   2 J=0.07132 A_min=0.0645 A_mean=0.0722 |g|=1.61e-03 bin=0.786 S_flip=0.058 t=5s
[P700_h160_pad0.040_s1001] it   3 J=0.07249 A_min=0.0656 A_mean=0.0733 |g|=1.69e-03 bin=0.781 S_flip=0.060 t=7s
[P700_h160_pad0.040_s1001] it   4 J=0.07380 A_min=0.0669 A_mean=0.0747 |g|=1.78e-03 bin=0.777 S_flip=0.062 t=8s
[P700_h160_pad0.040_s1001] it   5 J=0.07525 A_min=0.0683 A_mean=0.0761 |g|=1.88e-03 bin=0.771 S_flip=0.063 t=10s
[P700_h160_pad0.040_s1001] it   6 J=0.07686 A_min=0.0699 A_mean=0.0778 |g|=1.99e-03 bin=0.765 S_flip=0.066 t=11s
[P700_h160_pad0.040_s1001] it   7 J=0.07864 A_min=0.0716 A_mean=0.0795 |g|=2.11e-03 bin=0.758 S_flip=0.068 t=13s
[P700_h160_pad0.040_s1001] it   8 J=0.08060 A_min=0.0735 A_mean=0.0815 |g|=2.24e-03 bin=0.751 S_flip=0.070 t=14s
[P700_h160_pad0.040_s1001] it   9 J=0.08275 A_min=0.0756 A_mean=0.0837 |g|=2.39e-03 bin=0.743 S_flip=0.072 t=16s
[P700_h160_pad0.040_s1001] it  10 J=0.08511 A_min=0.0778 A_mean=0.0861 |g|=2.56e-03 bin=0.734 S_flip=0.075 t=17s
[P700_h160_pad0.040_s1001] it  11 J=0.08769 A_min=0.0803 A_mean=0.0887 |g|=2.74e-03 bin=0.724 S_flip=0.078 t=19s
[P700_h160_pad0.040_s1001] it  12 J=0.09051 A_min=0.0831 A_mean=0.0915 |g|=2.94e-03 bin=0.713 S_flip=0.080 t=20s
[P700_h160_pad0.040_s1001] it  13 J=0.09357 A_min=0.0860 A_mean=0.0946 |g|=3.15e-03 bin=0.700 S_flip=0.083 t=22s
[P700_h160_pad0.040_s1001] it  14 J=0.09690 A_min=0.0892 A_mean=0.0979 |g|=3.38e-03 bin=0.687 S_flip=0.085 t=23s
[P700_h160_pad0.040_s1001] it  15 J=0.10051 A_min=0.0927 A_mean=0.1016 |g|=3.62e-03 bin=0.671 S_flip=0.087 t=24s
[P700_h160_pad0.040_s1001] it  16 J=0.10442 A_min=0.0965 A_mean=0.1055 |g|=3.85e-03 bin=0.654 S_flip=0.089 t=26s
[P700_h160_pad0.040_s1001] it  17 J=0.10864 A_min=0.1005 A_mean=0.1098 |g|=4.06e-03 bin=0.634 S_flip=0.091 t=27s
[P700_h160_pad0.040_s1001] it  18 J=0.11316 A_min=0.1049 A_mean=0.1143 |g|=4.24e-03 bin=0.612 S_flip=0.092 t=29s
[P700_h160_pad0.040_s1001] it  19 J=0.11797 A_min=0.1095 A_mean=0.1192 |g|=4.35e-03 bin=0.585 S_flip=0.092 t=30s
[P700_h160_pad0.040_s1001] it  20 J=0.12300 A_min=0.1143 A_mean=0.1242 |g|=4.39e-03 bin=0.556 S_flip=0.092 t=32s
[P700_h160_pad0.040_s1001] it  21 J=0.12816 A_min=0.1193 A_mean=0.1294 |g|=4.33e-03 bin=0.522 S_flip=0.092 t=33s
[P700_h160_pad0.040_s1001] it  22 J=0.13334 A_min=0.1243 A_mean=0.1346 |g|=4.17e-03 bin=0.486 S_flip=0.091 t=35s
[P700_h160_pad0.040_s1001] it  23 J=0.13839 A_min=0.1291 A_mean=0.1397 |g|=3.93e-03 bin=0.447 S_flip=0.090 t=36s
[P700_h160_pad0.040_s1001] it  24 J=0.14318 A_min=0.1338 A_mean=0.1446 |g|=3.62e-03 bin=0.407 S_flip=0.089 t=37s
[P700_h160_pad0.040_s1001] it  25 J=0.14760 A_min=0.1381 A_mean=0.1490 |g|=3.29e-03 bin=0.367 S_flip=0.089 t=39s
[P700_h160_pad0.040_s1001] it  26 J=0.15157 A_min=0.1419 A_mean=0.1530 |g|=2.95e-03 bin=0.328 S_flip=0.089 t=40s
[P700_h160_pad0.040_s1001] it  27 J=0.15506 A_min=0.1454 A_mean=0.1565 |g|=2.63e-03 bin=0.292 S_flip=0.089 t=42s
[P700_h160_pad0.040_s1001] it  28 J=0.15806 A_min=0.1484 A_mean=0.1595 |g|=2.35e-03 bin=0.258 S_flip=0.090 t=43s
[P700_h160_pad0.040_s1001] it  29 J=0.16061 A_min=0.1510 A_mean=0.1621 |g|=2.11e-03 bin=0.229 S_flip=0.091 t=44s
[P700_h160_pad0.040_s1001] it  30 J=0.16276 A_min=0.1532 A_mean=0.1643 |g|=1.90e-03 bin=0.202 S_flip=0.093 t=46s
[P700_h160_pad0.040_s1001] it  31 J=0.16455 A_min=0.1550 A_mean=0.1661 |g|=1.73e-03 bin=0.179 S_flip=0.095 t=47s
[P700_h160_pad0.040_s1001] it  32 J=0.16605 A_min=0.1566 A_mean=0.1676 |g|=1.58e-03 bin=0.159 S_flip=0.097 t=48s
[P700_h160_pad0.040_s1001] it  33 J=0.16730 A_min=0.1580 A_mean=0.1689 |g|=1.46e-03 bin=0.142 S_flip=0.099 t=50s
[P700_h160_pad0.040_s1001] it  34 J=0.16834 A_min=0.1591 A_mean=0.1700 |g|=1.35e-03 bin=0.127 S_flip=0.101 t=51s
[P700_h160_pad0.040_s1001] it  35 J=0.16921 A_min=0.1601 A_mean=0.1709 |g|=1.26e-03 bin=0.114 S_flip=0.104 t=53s
[P700_h160_pad0.040_s1001] it  36 J=0.16995 A_min=0.1609 A_mean=0.1716 |g|=1.19e-03 bin=0.103 S_flip=0.106 t=54s
[P700_h160_pad0.040_s1001] it  37 J=0.17057 A_min=0.1615 A_mean=0.1722 |g|=1.12e-03 bin=0.094 S_flip=0.109 t=56s
[P700_h160_pad0.040_s1001] it  38 J=0.17109 A_min=0.1621 A_mean=0.1728 |g|=1.07e-03 bin=0.085 S_flip=0.111 t=57s
[P700_h160_pad0.040_s1001] it  39 J=0.17154 A_min=0.1624 A_mean=0.1732 |g|=1.02e-03 bin=0.077 S_flip=0.114 t=58s
[P700_h160_pad0.040_s1001] it  40 J=0.17193 A_min=0.1628 A_mean=0.1736 |g|=9.87e-04 bin=0.071 S_flip=0.116 t=60s
[P700_h160_pad0.040_s1001] it  41 J=0.17227 A_min=0.1630 A_mean=0.1740 |g|=9.54e-04 bin=0.065 S_flip=0.119 t=61s
[P700_h160_pad0.040_s1001] it  42 J=0.17256 A_min=0.1632 A_mean=0.1743 |g|=9.26e-04 bin=0.060 S_flip=0.122 t=63s
[P700_h160_pad0.040_s1001] it  43 J=0.17281 A_min=0.1634 A_mean=0.1745 |g|=9.01e-04 bin=0.055 S_flip=0.124 t=64s
[P700_h160_pad0.040_s1001] it  44 J=0.17304 A_min=0.1636 A_mean=0.1748 |g|=8.79e-04 bin=0.051 S_flip=0.127 t=65s
[P700_h160_pad0.040_s1001] it  45 J=0.17323 A_min=0.1638 A_mean=0.1750 |g|=8.59e-04 bin=0.047 S_flip=0.129 t=67s
[P700_h160_pad0.040_s1001] it  46 J=0.17341 A_min=0.1639 A_mean=0.1751 |g|=8.41e-04 bin=0.043 S_flip=0.131 t=68s
[P700_h160_pad0.040_s1001] it  47 J=0.17357 A_min=0.1640 A_mean=0.1753 |g|=8.25e-04 bin=0.040 S_flip=0.134 t=70s
[P700_h160_pad0.040_s1001] it  48 J=0.17371 A_min=0.1641 A_mean=0.1754 |g|=8.09e-04 bin=0.037 S_flip=0.136 t=71s
[P700_h160_pad0.040_s1001] it  49 J=0.17384 A_min=0.1642 A_mean=0.1756 |g|=7.95e-04 bin=0.034 S_flip=0.138 t=72s
[P700_h160_pad0.040_s1001] it  50 J=0.17395 A_min=0.1643 A_mean=0.1757 |g|=7.80e-04 bin=0.032 S_flip=0.141 t=74s
[P700_h160_pad0.040_s1001] it  51 J=0.17405 A_min=0.1644 A_mean=0.1758 |g|=7.65e-04 bin=0.030 S_flip=0.143 t=75s
[P700_h160_pad0.040_s1001] it  52 J=0.17415 A_min=0.1645 A_mean=0.1759 |g|=7.48e-04 bin=0.028 S_flip=0.145 t=76s
[P700_h160_pad0.040_s1001] it  53 J=0.17423 A_min=0.1645 A_mean=0.1760 |g|=7.31e-04 bin=0.026 S_flip=0.147 t=78s
[P700_h160_pad0.040_s1001] it  54 J=0.17431 A_min=0.1646 A_mean=0.1761 |g|=7.13e-04 bin=0.024 S_flip=0.149 t=79s
[P700_h160_pad0.040_s1001] it  55 J=0.17438 A_min=0.1646 A_mean=0.1761 |g|=6.97e-04 bin=0.022 S_flip=0.151 t=80s
[P700_h160_pad0.040_s1001] it  56 J=0.17444 A_min=0.1647 A_mean=0.1762 |g|=6.83e-04 bin=0.021 S_flip=0.153 t=82s
[P700_h160_pad0.040_s1001] it  57 J=0.17450 A_min=0.1647 A_mean=0.1763 |g|=6.73e-04 bin=0.019 S_flip=0.155 t=83s
[P700_h160_pad0.040_s1001] it  58 J=0.17455 A_min=0.1648 A_mean=0.1763 |g|=6.68e-04 bin=0.018 S_flip=0.157 t=85s
[P700_h160_pad0.040_s1001] it  59 J=0.17460 A_min=0.1648 A_mean=0.1764 |g|=6.70e-04 bin=0.017 S_flip=0.159 t=86s
[P700_h160_pad0.040_s1001] it  60 J=0.17465 A_min=0.1648 A_mean=0.1764 |g|=6.77e-04 bin=0.016 S_flip=0.160 t=88s
[P700_h160_pad0.040_s1001] it  61 J=0.17469 A_min=0.1649 A_mean=0.1764 |g|=6.91e-04 bin=0.015 S_flip=0.162 t=89s
[P700_h160_pad0.040_s1001] it  62 J=0.17473 A_min=0.1649 A_mean=0.1765 |g|=7.11e-04 bin=0.014 S_flip=0.163 t=91s
[P700_h160_pad0.040_s1001] it  63 J=0.17476 A_min=0.1649 A_mean=0.1765 |g|=7.36e-04 bin=0.013 S_flip=0.165 t=92s
[P700_h160_pad0.040_s1001] it  64 J=0.17480 A_min=0.1649 A_mean=0.1766 |g|=7.61e-04 bin=0.012 S_flip=0.166 t=93s
[P700_h160_pad0.040_s1001] it  65 J=0.17484 A_min=0.1650 A_mean=0.1766 |g|=7.81e-04 bin=0.011 S_flip=0.167 t=95s
[P700_h160_pad0.040_s1001] it  66 J=0.17487 A_min=0.1650 A_mean=0.1766 |g|=7.88e-04 bin=0.011 S_flip=0.168 t=96s
[P700_h160_pad0.040_s1001] it  67 J=0.17490 A_min=0.1650 A_mean=0.1767 |g|=7.76e-04 bin=0.010 S_flip=0.170 t=97s
[P700_h160_pad0.040_s1001] it  68 J=0.17493 A_min=0.1650 A_mean=0.1767 |g|=7.43e-04 bin=0.009 S_flip=0.171 t=99s
[P700_h160_pad0.040_s1001] it  69 J=0.17496 A_min=0.1650 A_mean=0.1767 |g|=6.90e-04 bin=0.008 S_flip=0.172 t=100s
[P700_h160_pad0.040_s1001] it  70 J=0.17499 A_min=0.1651 A_mean=0.1768 |g|=6.24e-04 bin=0.008 S_flip=0.174 t=102s
[P700_h160_pad0.040_s1001] it  71 J=0.17501 A_min=0.1651 A_mean=0.1768 |g|=5.57e-04 bin=0.007 S_flip=0.175 t=103s
[P700_h160_pad0.040_s1001] it  72 J=0.17503 A_min=0.1651 A_mean=0.1768 |g|=5.03e-04 bin=0.006 S_flip=0.176 t=104s
[P700_h160_pad0.040_s1001] it  73 J=0.17504 A_min=0.1651 A_mean=0.1768 |g|=4.66e-04 bin=0.006 S_flip=0.177 t=106s
[P700_h160_pad0.040_s1001] it  74 J=0.17505 A_min=0.1651 A_mean=0.1768 |g|=4.44e-04 bin=0.005 S_flip=0.179 t=107s
[P700_h160_pad0.040_s1001] it  75 J=0.17506 A_min=0.1651 A_mean=0.1768 |g|=4.31e-04 bin=0.005 S_flip=0.180 t=109s
[P700_h160_pad0.040_s1001] it  76 J=0.17507 A_min=0.1651 A_mean=0.1768 |g|=4.22e-04 bin=0.005 S_flip=0.181 t=110s
[P700_h160_pad0.040_s1001] it  77 J=0.17508 A_min=0.1651 A_mean=0.1768 |g|=4.16e-04 bin=0.004 S_flip=0.182 t=112s
[P700_h160_pad0.040_s1001] it  78 J=0.17509 A_min=0.1651 A_mean=0.1769 |g|=4.10e-04 bin=0.004 S_flip=0.183 t=113s
[P700_h160_pad0.040_s1001] it  79 J=0.17509 A_min=0.1651 A_mean=0.1769 |g|=4.05e-04 bin=0.004 S_flip=0.183 t=115s
[P700_h160_pad0.040_s1001] it  80 J=0.17510 A_min=0.1651 A_mean=0.1769 |g|=4.01e-04 bin=0.003 S_flip=0.184 t=116s
[P700_h160_pad0.040_s1001] it  81 J=0.17510 A_min=0.1651 A_mean=0.1769 |g|=3.97e-04 bin=0.003 S_flip=0.185 t=117s
[P700_h160_pad0.040_s1001] it  82 J=0.17511 A_min=0.1651 A_mean=0.1769 |g|=3.95e-04 bin=0.003 S_flip=0.186 t=119s
[P700_h160_pad0.040_s1001] it  83 J=0.17511 A_min=0.1651 A_mean=0.1769 |g|=3.95e-04 bin=0.003 S_flip=0.187 t=120s
[P700_h160_pad0.040_s1001] it  84 J=0.17511 A_min=0.1651 A_mean=0.1769 |g|=3.96e-04 bin=0.002 S_flip=0.187 t=122s
[P700_h160_pad0.040_s1001] it  85 J=0.17512 A_min=0.1651 A_mean=0.1769 |g|=4.00e-04 bin=0.002 S_flip=0.188 t=123s
[P700_h160_pad0.040_s1001] it  86 J=0.17512 A_min=0.1652 A_mean=0.1769 |g|=4.04e-04 bin=0.002 S_flip=0.188 t=124s
[P700_h160_pad0.040_s1001] it  87 J=0.17512 A_min=0.1652 A_mean=0.1769 |g|=4.11e-04 bin=0.002 S_flip=0.189 t=126s
[P700_h160_pad0.040_s1001] it  88 J=0.17512 A_min=0.1652 A_mean=0.1769 |g|=4.18e-04 bin=0.002 S_flip=0.189 t=127s
[P700_h160_pad0.040_s1001] it  89 J=0.17512 A_min=0.1652 A_mean=0.1769 |g|=4.28e-04 bin=0.002 S_flip=0.189 t=129s
[P700_h160_pad0.040_s1001] it  90 J=0.17513 A_min=0.1652 A_mean=0.1769 |g|=4.39e-04 bin=0.001 S_flip=0.190 t=130s
[P700_h160_pad0.040_s1001] it  91 J=0.17513 A_min=0.1652 A_mean=0.1769 |g|=4.53e-04 bin=0.001 S_flip=0.190 t=131s
[P700_h160_pad0.040_s1001] it  92 J=0.17513 A_min=0.1652 A_mean=0.1769 |g|=4.68e-04 bin=0.001 S_flip=0.190 t=133s
[P700_h160_pad0.040_s1001] it  93 J=0.17513 A_min=0.1652 A_mean=0.1769 |g|=4.84e-04 bin=0.001 S_flip=0.191 t=134s
[P700_h160_pad0.040_s1001] it  94 J=0.17513 A_min=0.1652 A_mean=0.1769 |g|=5.01e-04 bin=0.001 S_flip=0.191 t=135s
[P700_h160_pad0.040_s1001] it  95 J=0.17513 A_min=0.1652 A_mean=0.1769 |g|=5.17e-04 bin=0.001 S_flip=0.191 t=137s
[P700_h160_pad0.040_s1001] it  96 J=0.17513 A_min=0.1652 A_mean=0.1769 |g|=5.33e-04 bin=0.001 S_flip=0.191 t=138s
[P700_h160_pad0.040_s1001] it  97 J=0.17513 A_min=0.1652 A_mean=0.1769 |g|=5.48e-04 bin=0.001 S_flip=0.191 t=140s
[P700_h160_pad0.040_s1001] it  98 J=0.17513 A_min=0.1652 A_mean=0.1769 |g|=5.60e-04 bin=0.001 S_flip=0.191 t=141s
[P700_h160_pad0.040_s1001] it  99 J=0.17513 A_min=0.1652 A_mean=0.1769 |g|=5.69e-04 bin=0.001 S_flip=0.191 t=142s
[P700_h160_pad0.040_s1001] done: J_soft=0.17513 J_hard=0.17514 A_hard=[0.1668, 0.1988, 0.1652] S_flip=0.193 wall=144s
[P700_h160_pad0.040_s7777] it   0 J=0.07012 A_min=0.0633 A_mean=0.0709 |g|=1.51e-03 bin=0.793 S_flip=0.050 t=1s
[P700_h160_pad0.040_s7777] it   1 J=0.07114 A_min=0.0643 A_mean=0.0720 |g|=1.58e-03 bin=0.789 S_flip=0.051 t=3s
[P700_h160_pad0.040_s7777] it   2 J=0.07228 A_min=0.0654 A_mean=0.0731 |g|=1.65e-03 bin=0.785 S_flip=0.052 t=4s
[P700_h160_pad0.040_s7777] it   3 J=0.07354 A_min=0.0666 A_mean=0.0744 |g|=1.74e-03 bin=0.781 S_flip=0.054 t=6s
[P700_h160_pad0.040_s7777] it   4 J=0.07495 A_min=0.0680 A_mean=0.0758 |g|=1.83e-03 bin=0.776 S_flip=0.055 t=7s
[P700_h160_pad0.040_s7777] it   5 J=0.07652 A_min=0.0695 A_mean=0.0774 |g|=1.93e-03 bin=0.770 S_flip=0.057 t=9s
[P700_h160_pad0.040_s7777] it   6 J=0.07827 A_min=0.0712 A_mean=0.0792 |g|=2.04e-03 bin=0.764 S_flip=0.058 t=10s
[P700_h160_pad0.040_s7777] it   7 J=0.08019 A_min=0.0730 A_mean=0.0811 |g|=2.16e-03 bin=0.757 S_flip=0.060 t=11s
[P700_h160_pad0.040_s7777] it   8 J=0.08233 A_min=0.0751 A_mean=0.0833 |g|=2.30e-03 bin=0.749 S_flip=0.062 t=13s
[P700_h160_pad0.040_s7777] it   9 J=0.08467 A_min=0.0774 A_mean=0.0856 |g|=2.44e-03 bin=0.740 S_flip=0.064 t=14s
[P700_h160_pad0.040_s7777] it  10 J=0.08724 A_min=0.0798 A_mean=0.0882 |g|=2.60e-03 bin=0.730 S_flip=0.066 t=16s
[P700_h160_pad0.040_s7777] it  11 J=0.09005 A_min=0.0826 A_mean=0.0910 |g|=2.78e-03 bin=0.719 S_flip=0.068 t=17s
[P700_h160_pad0.040_s7777] it  12 J=0.09311 A_min=0.0855 A_mean=0.0941 |g|=2.96e-03 bin=0.707 S_flip=0.070 t=18s
[P700_h160_pad0.040_s7777] it  13 J=0.09642 A_min=0.0887 A_mean=0.0975 |g|=3.16e-03 bin=0.693 S_flip=0.072 t=20s
[P700_h160_pad0.040_s7777] it  14 J=0.10001 A_min=0.0921 A_mean=0.1011 |g|=3.36e-03 bin=0.678 S_flip=0.074 t=21s
[P700_h160_pad0.040_s7777] it  15 J=0.10386 A_min=0.0958 A_mean=0.1049 |g|=3.56e-03 bin=0.661 S_flip=0.075 t=23s
[P700_h160_pad0.040_s7777] it  16 J=0.10799 A_min=0.0998 A_mean=0.1091 |g|=3.74e-03 bin=0.641 S_flip=0.077 t=24s
[P700_h160_pad0.040_s7777] it  17 J=0.11237 A_min=0.1040 A_mean=0.1135 |g|=3.90e-03 bin=0.619 S_flip=0.078 t=25s
[P700_h160_pad0.040_s7777] it  18 J=0.11699 A_min=0.1084 A_mean=0.1182 |g|=4.01e-03 bin=0.594 S_flip=0.078 t=27s
[P700_h160_pad0.040_s7777] it  19 J=0.12180 A_min=0.1130 A_mean=0.1230 |g|=4.06e-03 bin=0.565 S_flip=0.078 t=28s
[P700_h160_pad0.040_s7777] it  20 J=0.12671 A_min=0.1177 A_mean=0.1280 |g|=4.03e-03 bin=0.534 S_flip=0.078 t=30s
[P700_h160_pad0.040_s7777] it  21 J=0.13164 A_min=0.1224 A_mean=0.1329 |g|=3.92e-03 bin=0.500 S_flip=0.077 t=31s
[P700_h160_pad0.040_s7777] it  22 J=0.13647 A_min=0.1270 A_mean=0.1378 |g|=3.73e-03 bin=0.463 S_flip=0.076 t=33s
[P700_h160_pad0.040_s7777] it  23 J=0.14108 A_min=0.1314 A_mean=0.1424 |g|=3.49e-03 bin=0.425 S_flip=0.075 t=34s
[P700_h160_pad0.040_s7777] it  24 J=0.14538 A_min=0.1356 A_mean=0.1467 |g|=3.20e-03 bin=0.386 S_flip=0.075 t=35s
[P700_h160_pad0.040_s7777] it  25 J=0.14929 A_min=0.1394 A_mean=0.1507 |g|=2.91e-03 bin=0.349 S_flip=0.074 t=37s
[P700_h160_pad0.040_s7777] it  26 J=0.15277 A_min=0.1428 A_mean=0.1542 |g|=2.63e-03 bin=0.313 S_flip=0.074 t=38s
[P700_h160_pad0.040_s7777] it  27 J=0.15581 A_min=0.1457 A_mean=0.1572 |g|=2.38e-03 bin=0.279 S_flip=0.074 t=40s
[P700_h160_pad0.040_s7777] it  28 J=0.15843 A_min=0.1484 A_mean=0.1599 |g|=2.16e-03 bin=0.249 S_flip=0.075 t=41s
[P700_h160_pad0.040_s7777] it  29 J=0.16066 A_min=0.1506 A_mean=0.1621 |g|=1.98e-03 bin=0.221 S_flip=0.076 t=42s
[P700_h160_pad0.040_s7777] it  30 J=0.16255 A_min=0.1526 A_mean=0.1641 |g|=1.83e-03 bin=0.197 S_flip=0.077 t=44s
[P700_h160_pad0.040_s7777] it  31 J=0.16415 A_min=0.1542 A_mean=0.1657 |g|=1.70e-03 bin=0.175 S_flip=0.078 t=45s
[P700_h160_pad0.040_s7777] it  32 J=0.16550 A_min=0.1557 A_mean=0.1670 |g|=1.59e-03 bin=0.157 S_flip=0.080 t=47s
[P700_h160_pad0.040_s7777] it  33 J=0.16664 A_min=0.1569 A_mean=0.1682 |g|=1.50e-03 bin=0.140 S_flip=0.082 t=48s
[P700_h160_pad0.040_s7777] it  34 J=0.16761 A_min=0.1580 A_mean=0.1692 |g|=1.42e-03 bin=0.126 S_flip=0.084 t=50s
[P700_h160_pad0.040_s7777] it  35 J=0.16843 A_min=0.1589 A_mean=0.1700 |g|=1.34e-03 bin=0.114 S_flip=0.086 t=51s
[P700_h160_pad0.040_s7777] it  36 J=0.16913 A_min=0.1596 A_mean=0.1707 |g|=1.28e-03 bin=0.103 S_flip=0.087 t=53s
[P700_h160_pad0.040_s7777] it  37 J=0.16974 A_min=0.1603 A_mean=0.1713 |g|=1.22e-03 bin=0.094 S_flip=0.089 t=54s
[P700_h160_pad0.040_s7777] it  38 J=0.17026 A_min=0.1609 A_mean=0.1719 |g|=1.16e-03 bin=0.085 S_flip=0.092 t=55s
[P700_h160_pad0.040_s7777] it  39 J=0.17071 A_min=0.1614 A_mean=0.1723 |g|=1.12e-03 bin=0.078 S_flip=0.094 t=57s
[P700_h160_pad0.040_s7777] it  40 J=0.17110 A_min=0.1618 A_mean=0.1727 |g|=1.07e-03 bin=0.071 S_flip=0.096 t=58s
[P700_h160_pad0.040_s7777] it  41 J=0.17144 A_min=0.1622 A_mean=0.1731 |g|=1.04e-03 bin=0.066 S_flip=0.098 t=60s
[P700_h160_pad0.040_s7777] it  42 J=0.17174 A_min=0.1626 A_mean=0.1734 |g|=1.00e-03 bin=0.060 S_flip=0.100 t=61s
[P700_h160_pad0.040_s7777] it  43 J=0.17201 A_min=0.1629 A_mean=0.1736 |g|=9.71e-04 bin=0.056 S_flip=0.102 t=62s
[P700_h160_pad0.040_s7777] it  44 J=0.17224 A_min=0.1631 A_mean=0.1739 |g|=9.43e-04 bin=0.051 S_flip=0.104 t=64s
[P700_h160_pad0.040_s7777] it  45 J=0.17245 A_min=0.1634 A_mean=0.1741 |g|=9.18e-04 bin=0.047 S_flip=0.106 t=65s
[P700_h160_pad0.040_s7777] it  46 J=0.17263 A_min=0.1636 A_mean=0.1743 |g|=8.95e-04 bin=0.044 S_flip=0.109 t=66s
[P700_h160_pad0.040_s7777] it  47 J=0.17280 A_min=0.1638 A_mean=0.1745 |g|=8.75e-04 bin=0.041 S_flip=0.111 t=68s
[P700_h160_pad0.040_s7777] it  48 J=0.17295 A_min=0.1640 A_mean=0.1746 |g|=8.56e-04 bin=0.038 S_flip=0.113 t=69s
[P700_h160_pad0.040_s7777] it  49 J=0.17308 A_min=0.1641 A_mean=0.1747 |g|=8.39e-04 bin=0.035 S_flip=0.115 t=71s
[P700_h160_pad0.040_s7777] it  50 J=0.17320 A_min=0.1642 A_mean=0.1749 |g|=8.24e-04 bin=0.033 S_flip=0.117 t=72s
[P700_h160_pad0.040_s7777] it  51 J=0.17331 A_min=0.1644 A_mean=0.1750 |g|=8.11e-04 bin=0.030 S_flip=0.119 t=74s
[P700_h160_pad0.040_s7777] it  52 J=0.17341 A_min=0.1644 A_mean=0.1751 |g|=7.99e-04 bin=0.028 S_flip=0.121 t=75s
[P700_h160_pad0.040_s7777] it  53 J=0.17350 A_min=0.1645 A_mean=0.1752 |g|=7.90e-04 bin=0.026 S_flip=0.123 t=77s
[P700_h160_pad0.040_s7777] it  54 J=0.17358 A_min=0.1646 A_mean=0.1753 |g|=7.83e-04 bin=0.024 S_flip=0.125 t=78s
[P700_h160_pad0.040_s7777] it  55 J=0.17366 A_min=0.1646 A_mean=0.1753 |g|=7.77e-04 bin=0.023 S_flip=0.127 t=79s
[P700_h160_pad0.040_s7777] it  56 J=0.17373 A_min=0.1647 A_mean=0.1754 |g|=7.72e-04 bin=0.021 S_flip=0.128 t=81s
[P700_h160_pad0.040_s7777] it  57 J=0.17380 A_min=0.1647 A_mean=0.1755 |g|=7.66e-04 bin=0.020 S_flip=0.130 t=82s
[P700_h160_pad0.040_s7777] it  58 J=0.17386 A_min=0.1648 A_mean=0.1755 |g|=7.60e-04 bin=0.018 S_flip=0.132 t=84s
[P700_h160_pad0.040_s7777] it  59 J=0.17391 A_min=0.1648 A_mean=0.1756 |g|=7.50e-04 bin=0.017 S_flip=0.133 t=85s
[P700_h160_pad0.040_s7777] it  60 J=0.17397 A_min=0.1648 A_mean=0.1756 |g|=7.37e-04 bin=0.016 S_flip=0.135 t=87s
[P700_h160_pad0.040_s7777] it  61 J=0.17402 A_min=0.1649 A_mean=0.1757 |g|=7.20e-04 bin=0.014 S_flip=0.136 t=88s
[P700_h160_pad0.040_s7777] it  62 J=0.17406 A_min=0.1649 A_mean=0.1757 |g|=7.01e-04 bin=0.013 S_flip=0.137 t=90s
[P700_h160_pad0.040_s7777] it  63 J=0.17410 A_min=0.1649 A_mean=0.1758 |g|=6.81e-04 bin=0.012 S_flip=0.139 t=91s
[P700_h160_pad0.040_s7777] it  64 J=0.17414 A_min=0.1650 A_mean=0.1758 |g|=6.62e-04 bin=0.012 S_flip=0.140 t=93s
[P700_h160_pad0.040_s7777] it  65 J=0.17417 A_min=0.1650 A_mean=0.1759 |g|=6.46e-04 bin=0.011 S_flip=0.141 t=94s
[P700_h160_pad0.040_s7777] it  66 J=0.17420 A_min=0.1650 A_mean=0.1759 |g|=6.33e-04 bin=0.010 S_flip=0.142 t=96s
[P700_h160_pad0.040_s7777] it  67 J=0.17423 A_min=0.1650 A_mean=0.1759 |g|=6.22e-04 bin=0.009 S_flip=0.144 t=97s
[P700_h160_pad0.040_s7777] it  68 J=0.17425 A_min=0.1650 A_mean=0.1759 |g|=6.15e-04 bin=0.009 S_flip=0.145 t=98s
[P700_h160_pad0.040_s7777] it  69 J=0.17427 A_min=0.1651 A_mean=0.1760 |g|=6.10e-04 bin=0.008 S_flip=0.146 t=100s
[P700_h160_pad0.040_s7777] it  70 J=0.17429 A_min=0.1651 A_mean=0.1760 |g|=6.07e-04 bin=0.008 S_flip=0.147 t=101s
[P700_h160_pad0.040_s7777] it  71 J=0.17431 A_min=0.1651 A_mean=0.1760 |g|=6.05e-04 bin=0.007 S_flip=0.148 t=103s
[P700_h160_pad0.040_s7777] it  72 J=0.17433 A_min=0.1651 A_mean=0.1760 |g|=6.01e-04 bin=0.007 S_flip=0.149 t=104s
[P700_h160_pad0.040_s7777] it  73 J=0.17435 A_min=0.1651 A_mean=0.1760 |g|=5.95e-04 bin=0.006 S_flip=0.150 t=106s
[P700_h160_pad0.040_s7777] it  74 J=0.17436 A_min=0.1651 A_mean=0.1761 |g|=5.90e-04 bin=0.006 S_flip=0.151 t=107s
[P700_h160_pad0.040_s7777] it  75 J=0.17437 A_min=0.1651 A_mean=0.1761 |g|=5.89e-04 bin=0.006 S_flip=0.152 t=109s
[P700_h160_pad0.040_s7777] it  76 J=0.17438 A_min=0.1651 A_mean=0.1761 |g|=5.93e-04 bin=0.005 S_flip=0.152 t=110s
[P700_h160_pad0.040_s7777] it  77 J=0.17440 A_min=0.1651 A_mean=0.1761 |g|=6.05e-04 bin=0.005 S_flip=0.153 t=112s
[P700_h160_pad0.040_s7777] it  78 J=0.17441 A_min=0.1651 A_mean=0.1761 |g|=6.24e-04 bin=0.005 S_flip=0.154 t=113s
[P700_h160_pad0.040_s7777] it  79 J=0.17441 A_min=0.1652 A_mean=0.1761 |g|=6.45e-04 bin=0.004 S_flip=0.154 t=114s
[P700_h160_pad0.040_s7777] it  80 J=0.17442 A_min=0.1652 A_mean=0.1761 |g|=6.65e-04 bin=0.004 S_flip=0.155 t=116s
[P700_h160_pad0.040_s7777] it  81 J=0.17443 A_min=0.1652 A_mean=0.1761 |g|=6.78e-04 bin=0.004 S_flip=0.156 t=117s
[P700_h160_pad0.040_s7777] it  82 J=0.17444 A_min=0.1652 A_mean=0.1761 |g|=6.77e-04 bin=0.004 S_flip=0.156 t=119s
[P700_h160_pad0.040_s7777] it  83 J=0.17445 A_min=0.1652 A_mean=0.1761 |g|=6.62e-04 bin=0.003 S_flip=0.157 t=120s
[P700_h160_pad0.040_s7777] it  84 J=0.17445 A_min=0.1652 A_mean=0.1761 |g|=6.35e-04 bin=0.003 S_flip=0.157 t=121s
[P700_h160_pad0.040_s7777] it  85 J=0.17446 A_min=0.1652 A_mean=0.1762 |g|=6.02e-04 bin=0.003 S_flip=0.158 t=123s
[P700_h160_pad0.040_s7777] it  86 J=0.17447 A_min=0.1652 A_mean=0.1762 |g|=5.68e-04 bin=0.003 S_flip=0.158 t=124s
[P700_h160_pad0.040_s7777] it  87 J=0.17447 A_min=0.1652 A_mean=0.1762 |g|=5.38e-04 bin=0.003 S_flip=0.159 t=126s
[P700_h160_pad0.040_s7777] it  88 J=0.17447 A_min=0.1652 A_mean=0.1762 |g|=5.14e-04 bin=0.002 S_flip=0.159 t=127s
[P700_h160_pad0.040_s7777] it  89 J=0.17448 A_min=0.1652 A_mean=0.1762 |g|=4.97e-04 bin=0.002 S_flip=0.160 t=129s
[P700_h160_pad0.040_s7777] it  90 J=0.17448 A_min=0.1652 A_mean=0.1762 |g|=4.86e-04 bin=0.002 S_flip=0.160 t=130s
[P700_h160_pad0.040_s7777] it  91 J=0.17448 A_min=0.1652 A_mean=0.1762 |g|=4.80e-04 bin=0.002 S_flip=0.160 t=131s
[P700_h160_pad0.040_s7777] it  92 J=0.17448 A_min=0.1652 A_mean=0.1762 |g|=4.78e-04 bin=0.002 S_flip=0.160 t=133s
[P700_h160_pad0.040_s7777] it  93 J=0.17448 A_min=0.1652 A_mean=0.1762 |g|=4.81e-04 bin=0.002 S_flip=0.161 t=134s
[P700_h160_pad0.040_s7777] it  94 J=0.17448 A_min=0.1652 A_mean=0.1762 |g|=4.86e-04 bin=0.002 S_flip=0.161 t=135s
[P700_h160_pad0.040_s7777] it  95 J=0.17448 A_min=0.1652 A_mean=0.1762 |g|=4.93e-04 bin=0.002 S_flip=0.161 t=136s
[P700_h160_pad0.040_s7777] it  96 J=0.17448 A_min=0.1652 A_mean=0.1762 |g|=5.02e-04 bin=0.001 S_flip=0.161 t=138s
[P700_h160_pad0.040_s7777] it  97 J=0.17448 A_min=0.1652 A_mean=0.1762 |g|=5.12e-04 bin=0.001 S_flip=0.162 t=139s
[P700_h160_pad0.040_s7777] it  98 J=0.17448 A_min=0.1652 A_mean=0.1762 |g|=5.23e-04 bin=0.001 S_flip=0.162 t=141s
[P700_h160_pad0.040_s7777] it  99 J=0.17448 A_min=0.1652 A_mean=0.1762 |g|=5.34e-04 bin=0.001 S_flip=0.162 t=142s
[P700_h160_pad0.040_s7777] done: J_soft=0.17448 J_hard=0.17449 A_hard=[0.1658, 0.1976, 0.1652] S_flip=0.165 wall=144s
[P700_h160_pad0.080_s333] it   0 J=0.09277 A_min=0.0850 A_mean=0.0938 |g|=1.67e-03 bin=0.657 S_flip=0.053 t=1s
[P700_h160_pad0.080_s333] it   1 J=0.09347 A_min=0.0857 A_mean=0.0945 |g|=1.74e-03 bin=0.655 S_flip=0.054 t=3s
[P700_h160_pad0.080_s333] it   2 J=0.09425 A_min=0.0865 A_mean=0.0953 |g|=1.82e-03 bin=0.652 S_flip=0.056 t=4s
[P700_h160_pad0.080_s333] it   3 J=0.09513 A_min=0.0873 A_mean=0.0961 |g|=1.91e-03 bin=0.649 S_flip=0.057 t=6s
[P700_h160_pad0.080_s333] it   4 J=0.09611 A_min=0.0882 A_mean=0.0971 |g|=2.01e-03 bin=0.645 S_flip=0.058 t=7s
[P700_h160_pad0.080_s333] it   5 J=0.09721 A_min=0.0893 A_mean=0.0983 |g|=2.12e-03 bin=0.641 S_flip=0.060 t=8s
[P700_h160_pad0.080_s333] it   6 J=0.09847 A_min=0.0905 A_mean=0.0995 |g|=2.25e-03 bin=0.636 S_flip=0.061 t=10s
[P700_h160_pad0.080_s333] it   7 J=0.09990 A_min=0.0918 A_mean=0.1010 |g|=2.39e-03 bin=0.630 S_flip=0.063 t=11s
[P700_h160_pad0.080_s333] it   8 J=0.10153 A_min=0.0934 A_mean=0.1026 |g|=2.54e-03 bin=0.624 S_flip=0.065 t=12s
[P700_h160_pad0.080_s333] it   9 J=0.10339 A_min=0.0952 A_mean=0.1045 |g|=2.70e-03 bin=0.616 S_flip=0.067 t=14s
[P700_h160_pad0.080_s333] it  10 J=0.10550 A_min=0.0972 A_mean=0.1066 |g|=2.87e-03 bin=0.607 S_flip=0.069 t=15s
[P700_h160_pad0.080_s333] it  11 J=0.10790 A_min=0.0995 A_mean=0.1090 |g|=3.05e-03 bin=0.597 S_flip=0.071 t=17s
[P700_h160_pad0.080_s333] it  12 J=0.11060 A_min=0.1021 A_mean=0.1117 |g|=3.22e-03 bin=0.584 S_flip=0.073 t=18s
[P700_h160_pad0.080_s333] it  13 J=0.11363 A_min=0.1050 A_mean=0.1148 |g|=3.38e-03 bin=0.570 S_flip=0.075 t=19s
[P700_h160_pad0.080_s333] it  14 J=0.11699 A_min=0.1082 A_mean=0.1181 |g|=3.51e-03 bin=0.553 S_flip=0.077 t=21s
[P700_h160_pad0.080_s333] it  15 J=0.12066 A_min=0.1117 A_mean=0.1218 |g|=3.61e-03 bin=0.534 S_flip=0.078 t=22s
[P700_h160_pad0.080_s333] it  16 J=0.12461 A_min=0.1155 A_mean=0.1258 |g|=3.66e-03 bin=0.511 S_flip=0.080 t=24s
[P700_h160_pad0.080_s333] it  17 J=0.12878 A_min=0.1194 A_mean=0.1300 |g|=3.66e-03 bin=0.486 S_flip=0.082 t=25s
[P700_h160_pad0.080_s333] it  18 J=0.13307 A_min=0.1235 A_mean=0.1343 |g|=3.58e-03 bin=0.458 S_flip=0.083 t=27s
[P700_h160_pad0.080_s333] it  19 J=0.13740 A_min=0.1277 A_mean=0.1387 |g|=3.43e-03 bin=0.427 S_flip=0.085 t=28s
[P700_h160_pad0.080_s333] it  20 J=0.14164 A_min=0.1318 A_mean=0.1429 |g|=3.23e-03 bin=0.395 S_flip=0.086 t=30s
[P700_h160_pad0.080_s333] it  21 J=0.14569 A_min=0.1356 A_mean=0.1470 |g|=2.98e-03 bin=0.362 S_flip=0.087 t=31s
[P700_h160_pad0.080_s333] it  22 J=0.14945 A_min=0.1393 A_mean=0.1508 |g|=2.71e-03 bin=0.329 S_flip=0.089 t=33s
[P700_h160_pad0.080_s333] it  23 J=0.15286 A_min=0.1426 A_mean=0.1542 |g|=2.43e-03 bin=0.297 S_flip=0.090 t=34s
[P700_h160_pad0.080_s333] it  24 J=0.15589 A_min=0.1455 A_mean=0.1573 |g|=2.16e-03 bin=0.266 S_flip=0.092 t=35s
[P700_h160_pad0.080_s333] it  25 J=0.15853 A_min=0.1481 A_mean=0.1599 |g|=1.92e-03 bin=0.238 S_flip=0.094 t=37s
[P700_h160_pad0.080_s333] it  26 J=0.16079 A_min=0.1504 A_mean=0.1622 |g|=1.71e-03 bin=0.213 S_flip=0.096 t=38s
[P700_h160_pad0.080_s333] it  27 J=0.16271 A_min=0.1523 A_mean=0.1641 |g|=1.54e-03 bin=0.190 S_flip=0.098 t=39s
[P700_h160_pad0.080_s333] it  28 J=0.16433 A_min=0.1539 A_mean=0.1657 |g|=1.39e-03 bin=0.170 S_flip=0.101 t=41s
[P700_h160_pad0.080_s333] it  29 J=0.16569 A_min=0.1553 A_mean=0.1671 |g|=1.28e-03 bin=0.152 S_flip=0.104 t=42s
[P700_h160_pad0.080_s333] it  30 J=0.16683 A_min=0.1565 A_mean=0.1683 |g|=1.18e-03 bin=0.136 S_flip=0.107 t=44s
[P700_h160_pad0.080_s333] it  31 J=0.16779 A_min=0.1575 A_mean=0.1692 |g|=1.10e-03 bin=0.123 S_flip=0.110 t=45s
[P700_h160_pad0.080_s333] it  32 J=0.16860 A_min=0.1584 A_mean=0.1701 |g|=1.04e-03 bin=0.111 S_flip=0.114 t=47s
[P700_h160_pad0.080_s333] it  33 J=0.16929 A_min=0.1591 A_mean=0.1708 |g|=9.83e-04 bin=0.100 S_flip=0.117 t=48s
[P700_h160_pad0.080_s333] it  34 J=0.16987 A_min=0.1597 A_mean=0.1713 |g|=9.37e-04 bin=0.091 S_flip=0.121 t=49s
[P700_h160_pad0.080_s333] it  35 J=0.17038 A_min=0.1603 A_mean=0.1719 |g|=8.96e-04 bin=0.083 S_flip=0.125 t=51s
[P700_h160_pad0.080_s333] it  36 J=0.17081 A_min=0.1607 A_mean=0.1723 |g|=8.60e-04 bin=0.076 S_flip=0.128 t=52s
[P700_h160_pad0.080_s333] it  37 J=0.17118 A_min=0.1612 A_mean=0.1727 |g|=8.29e-04 bin=0.070 S_flip=0.132 t=54s
[P700_h160_pad0.080_s333] it  38 J=0.17151 A_min=0.1615 A_mean=0.1730 |g|=8.01e-04 bin=0.064 S_flip=0.136 t=55s
[P700_h160_pad0.080_s333] it  39 J=0.17179 A_min=0.1618 A_mean=0.1733 |g|=7.77e-04 bin=0.059 S_flip=0.140 t=56s
[P700_h160_pad0.080_s333] it  40 J=0.17204 A_min=0.1621 A_mean=0.1735 |g|=7.54e-04 bin=0.054 S_flip=0.144 t=58s
[P700_h160_pad0.080_s333] it  41 J=0.17226 A_min=0.1624 A_mean=0.1738 |g|=7.34e-04 bin=0.050 S_flip=0.148 t=59s
[P700_h160_pad0.080_s333] it  42 J=0.17245 A_min=0.1626 A_mean=0.1740 |g|=7.16e-04 bin=0.046 S_flip=0.152 t=61s
[P700_h160_pad0.080_s333] it  43 J=0.17262 A_min=0.1628 A_mean=0.1741 |g|=6.99e-04 bin=0.043 S_flip=0.155 t=62s
[P700_h160_pad0.080_s333] it  44 J=0.17277 A_min=0.1629 A_mean=0.1743 |g|=6.84e-04 bin=0.040 S_flip=0.159 t=64s
[P700_h160_pad0.080_s333] it  45 J=0.17290 A_min=0.1631 A_mean=0.1744 |g|=6.70e-04 bin=0.037 S_flip=0.163 t=65s
[P700_h160_pad0.080_s333] it  46 J=0.17302 A_min=0.1632 A_mean=0.1745 |g|=6.57e-04 bin=0.034 S_flip=0.166 t=66s
[P700_h160_pad0.080_s333] it  47 J=0.17313 A_min=0.1634 A_mean=0.1747 |g|=6.45e-04 bin=0.032 S_flip=0.169 t=68s
[P700_h160_pad0.080_s333] it  48 J=0.17323 A_min=0.1635 A_mean=0.1748 |g|=6.33e-04 bin=0.030 S_flip=0.172 t=69s
[P700_h160_pad0.080_s333] it  49 J=0.17331 A_min=0.1636 A_mean=0.1748 |g|=6.23e-04 bin=0.028 S_flip=0.175 t=71s
[P700_h160_pad0.080_s333] it  50 J=0.17339 A_min=0.1637 A_mean=0.1749 |g|=6.14e-04 bin=0.026 S_flip=0.178 t=72s
[P700_h160_pad0.080_s333] it  51 J=0.17346 A_min=0.1638 A_mean=0.1750 |g|=6.05e-04 bin=0.024 S_flip=0.180 t=74s
[P700_h160_pad0.080_s333] it  52 J=0.17353 A_min=0.1638 A_mean=0.1751 |g|=5.98e-04 bin=0.023 S_flip=0.183 t=75s
[P700_h160_pad0.080_s333] it  53 J=0.17358 A_min=0.1639 A_mean=0.1751 |g|=5.92e-04 bin=0.021 S_flip=0.185 t=77s
[P700_h160_pad0.080_s333] it  54 J=0.17364 A_min=0.1640 A_mean=0.1752 |g|=5.88e-04 bin=0.020 S_flip=0.187 t=78s
[P700_h160_pad0.080_s333] it  55 J=0.17369 A_min=0.1640 A_mean=0.1752 |g|=5.86e-04 bin=0.019 S_flip=0.189 t=80s
[P700_h160_pad0.080_s333] it  56 J=0.17373 A_min=0.1641 A_mean=0.1753 |g|=5.86e-04 bin=0.018 S_flip=0.191 t=81s
[P700_h160_pad0.080_s333] it  57 J=0.17377 A_min=0.1641 A_mean=0.1753 |g|=5.88e-04 bin=0.017 S_flip=0.192 t=83s
[P700_h160_pad0.080_s333] it  58 J=0.17381 A_min=0.1642 A_mean=0.1754 |g|=5.91e-04 bin=0.016 S_flip=0.194 t=84s
[P700_h160_pad0.080_s333] it  59 J=0.17385 A_min=0.1642 A_mean=0.1754 |g|=5.96e-04 bin=0.015 S_flip=0.195 t=85s
[P700_h160_pad0.080_s333] it  60 J=0.17388 A_min=0.1643 A_mean=0.1754 |g|=6.02e-04 bin=0.014 S_flip=0.197 t=87s
[P700_h160_pad0.080_s333] it  61 J=0.17391 A_min=0.1643 A_mean=0.1755 |g|=6.08e-04 bin=0.013 S_flip=0.198 t=88s
[P700_h160_pad0.080_s333] it  62 J=0.17394 A_min=0.1644 A_mean=0.1755 |g|=6.15e-04 bin=0.012 S_flip=0.200 t=90s
[P700_h160_pad0.080_s333] it  63 J=0.17397 A_min=0.1644 A_mean=0.1755 |g|=6.21e-04 bin=0.012 S_flip=0.201 t=91s
[P700_h160_pad0.080_s333] it  64 J=0.17400 A_min=0.1644 A_mean=0.1756 |g|=6.27e-04 bin=0.011 S_flip=0.202 t=92s
[P700_h160_pad0.080_s333] it  65 J=0.17403 A_min=0.1645 A_mean=0.1756 |g|=6.32e-04 bin=0.010 S_flip=0.204 t=94s
[P700_h160_pad0.080_s333] it  66 J=0.17405 A_min=0.1645 A_mean=0.1756 |g|=6.33e-04 bin=0.010 S_flip=0.205 t=95s
[P700_h160_pad0.080_s333] it  67 J=0.17408 A_min=0.1646 A_mean=0.1756 |g|=6.27e-04 bin=0.009 S_flip=0.206 t=96s
[P700_h160_pad0.080_s333] it  68 J=0.17410 A_min=0.1646 A_mean=0.1757 |g|=6.10e-04 bin=0.008 S_flip=0.207 t=98s
[P700_h160_pad0.080_s333] it  69 J=0.17412 A_min=0.1646 A_mean=0.1757 |g|=5.82e-04 bin=0.008 S_flip=0.209 t=99s
[P700_h160_pad0.080_s333] it  70 J=0.17414 A_min=0.1646 A_mean=0.1757 |g|=5.47e-04 bin=0.007 S_flip=0.210 t=100s
[P700_h160_pad0.080_s333] it  71 J=0.17415 A_min=0.1647 A_mean=0.1757 |g|=5.15e-04 bin=0.007 S_flip=0.211 t=102s
[P700_h160_pad0.080_s333] it  72 J=0.17417 A_min=0.1647 A_mean=0.1757 |g|=4.90e-04 bin=0.006 S_flip=0.212 t=103s
[P700_h160_pad0.080_s333] it  73 J=0.17418 A_min=0.1647 A_mean=0.1757 |g|=4.73e-04 bin=0.006 S_flip=0.213 t=105s
[P700_h160_pad0.080_s333] it  74 J=0.17419 A_min=0.1647 A_mean=0.1758 |g|=4.62e-04 bin=0.005 S_flip=0.214 t=106s
[P700_h160_pad0.080_s333] it  75 J=0.17420 A_min=0.1647 A_mean=0.1758 |g|=4.54e-04 bin=0.005 S_flip=0.215 t=107s
[P700_h160_pad0.080_s333] it  76 J=0.17421 A_min=0.1648 A_mean=0.1758 |g|=4.47e-04 bin=0.004 S_flip=0.216 t=109s
[P700_h160_pad0.080_s333] it  77 J=0.17422 A_min=0.1648 A_mean=0.1758 |g|=4.40e-04 bin=0.004 S_flip=0.217 t=110s
[P700_h160_pad0.080_s333] it  78 J=0.17422 A_min=0.1648 A_mean=0.1758 |g|=4.33e-04 bin=0.004 S_flip=0.217 t=112s
[P700_h160_pad0.080_s333] it  79 J=0.17423 A_min=0.1648 A_mean=0.1758 |g|=4.27e-04 bin=0.003 S_flip=0.218 t=113s
[P700_h160_pad0.080_s333] it  80 J=0.17423 A_min=0.1648 A_mean=0.1758 |g|=4.21e-04 bin=0.003 S_flip=0.219 t=114s
[P700_h160_pad0.080_s333] it  81 J=0.17424 A_min=0.1648 A_mean=0.1758 |g|=4.17e-04 bin=0.003 S_flip=0.220 t=116s
[P700_h160_pad0.080_s333] it  82 J=0.17424 A_min=0.1648 A_mean=0.1758 |g|=4.16e-04 bin=0.002 S_flip=0.220 t=117s
[P700_h160_pad0.080_s333] it  83 J=0.17425 A_min=0.1648 A_mean=0.1758 |g|=4.16e-04 bin=0.002 S_flip=0.221 t=119s
[P700_h160_pad0.080_s333] it  84 J=0.17425 A_min=0.1648 A_mean=0.1758 |g|=4.18e-04 bin=0.002 S_flip=0.222 t=120s
[P700_h160_pad0.080_s333] it  85 J=0.17425 A_min=0.1648 A_mean=0.1758 |g|=4.23e-04 bin=0.002 S_flip=0.222 t=122s
[P700_h160_pad0.080_s333] it  86 J=0.17425 A_min=0.1648 A_mean=0.1758 |g|=4.30e-04 bin=0.002 S_flip=0.223 t=123s
[P700_h160_pad0.080_s333] it  87 J=0.17426 A_min=0.1648 A_mean=0.1758 |g|=4.40e-04 bin=0.001 S_flip=0.223 t=125s
[P700_h160_pad0.080_s333] it  88 J=0.17426 A_min=0.1648 A_mean=0.1758 |g|=4.51e-04 bin=0.001 S_flip=0.223 t=126s
[P700_h160_pad0.080_s333] it  89 J=0.17426 A_min=0.1648 A_mean=0.1758 |g|=4.64e-04 bin=0.001 S_flip=0.224 t=127s
[P700_h160_pad0.080_s333] it  90 J=0.17426 A_min=0.1648 A_mean=0.1758 |g|=4.78e-04 bin=0.001 S_flip=0.224 t=129s
[P700_h160_pad0.080_s333] it  91 J=0.17426 A_min=0.1648 A_mean=0.1758 |g|=4.92e-04 bin=0.001 S_flip=0.224 t=130s
[P700_h160_pad0.080_s333] it  92 J=0.17426 A_min=0.1648 A_mean=0.1758 |g|=5.07e-04 bin=0.001 S_flip=0.224 t=132s
[P700_h160_pad0.080_s333] it  93 J=0.17426 A_min=0.1648 A_mean=0.1758 |g|=5.21e-04 bin=0.001 S_flip=0.225 t=133s
[P700_h160_pad0.080_s333] it  94 J=0.17426 A_min=0.1648 A_mean=0.1758 |g|=5.35e-04 bin=0.001 S_flip=0.225 t=135s
[P700_h160_pad0.080_s333] it  95 J=0.17426 A_min=0.1648 A_mean=0.1758 |g|=5.48e-04 bin=0.001 S_flip=0.225 t=136s
[P700_h160_pad0.080_s333] it  96 J=0.17426 A_min=0.1648 A_mean=0.1758 |g|=5.60e-04 bin=0.001 S_flip=0.225 t=138s
[P700_h160_pad0.080_s333] it  97 J=0.17426 A_min=0.1648 A_mean=0.1758 |g|=5.71e-04 bin=0.001 S_flip=0.225 t=139s
[P700_h160_pad0.080_s333] it  98 J=0.17426 A_min=0.1648 A_mean=0.1758 |g|=5.83e-04 bin=0.001 S_flip=0.225 t=141s
[P700_h160_pad0.080_s333] it  99 J=0.17426 A_min=0.1648 A_mean=0.1758 |g|=5.95e-04 bin=0.000 S_flip=0.226 t=142s
[P700_h160_pad0.080_s333] done: J_soft=0.17426 J_hard=0.17426 A_hard=[0.1648, 0.1964, 0.1663] S_flip=0.227 wall=144s
[P700_h160_pad0.080_s1001] it   0 J=0.09179 A_min=0.0841 A_mean=0.0928 |g|=1.66e-03 bin=0.656 S_flip=0.058 t=1s
[P700_h160_pad0.080_s1001] it   1 J=0.09245 A_min=0.0847 A_mean=0.0934 |g|=1.73e-03 bin=0.654 S_flip=0.059 t=3s
[P700_h160_pad0.080_s1001] it   2 J=0.09318 A_min=0.0854 A_mean=0.0942 |g|=1.81e-03 bin=0.652 S_flip=0.060 t=4s
[P700_h160_pad0.080_s1001] it   3 J=0.09399 A_min=0.0862 A_mean=0.0950 |g|=1.91e-03 bin=0.649 S_flip=0.061 t=5s
[P700_h160_pad0.080_s1001] it   4 J=0.09491 A_min=0.0871 A_mean=0.0959 |g|=2.01e-03 bin=0.645 S_flip=0.062 t=7s
[P700_h160_pad0.080_s1001] it   5 J=0.09595 A_min=0.0881 A_mean=0.0970 |g|=2.13e-03 bin=0.641 S_flip=0.064 t=8s
[P700_h160_pad0.080_s1001] it   6 J=0.09714 A_min=0.0892 A_mean=0.0982 |g|=2.25e-03 bin=0.637 S_flip=0.065 t=9s
[P700_h160_pad0.080_s1001] it   7 J=0.09848 A_min=0.0905 A_mean=0.0995 |g|=2.40e-03 bin=0.631 S_flip=0.067 t=11s
[P700_h160_pad0.080_s1001] it   8 J=0.10003 A_min=0.0920 A_mean=0.1011 |g|=2.56e-03 bin=0.625 S_flip=0.068 t=12s
[P700_h160_pad0.080_s1001] it   9 J=0.10179 A_min=0.0937 A_mean=0.1029 |g|=2.73e-03 bin=0.618 S_flip=0.070 t=14s
[P700_h160_pad0.080_s1001] it  10 J=0.10382 A_min=0.0956 A_mean=0.1049 |g|=2.91e-03 bin=0.610 S_flip=0.071 t=15s
[P700_h160_pad0.080_s1001] it  11 J=0.10612 A_min=0.0978 A_mean=0.1072 |g|=3.10e-03 bin=0.600 S_flip=0.073 t=16s
[P700_h160_pad0.080_s1001] it  12 J=0.10875 A_min=0.1003 A_mean=0.1098 |g|=3.29e-03 bin=0.589 S_flip=0.074 t=18s
[P700_h160_pad0.080_s1001] it  13 J=0.11171 A_min=0.1032 A_mean=0.1128 |g|=3.47e-03 bin=0.576 S_flip=0.075 t=19s
[P700_h160_pad0.080_s1001] it  14 J=0.11503 A_min=0.1063 A_mean=0.1162 |g|=3.63e-03 bin=0.561 S_flip=0.076 t=20s
[P700_h160_pad0.080_s1001] it  15 J=0.11869 A_min=0.1098 A_mean=0.1198 |g|=3.76e-03 bin=0.543 S_flip=0.076 t=22s
[P700_h160_pad0.080_s1001] it  16 J=0.12267 A_min=0.1137 A_mean=0.1239 |g|=3.84e-03 bin=0.522 S_flip=0.076 t=23s
[P700_h160_pad0.080_s1001] it  17 J=0.12692 A_min=0.1177 A_mean=0.1281 |g|=3.86e-03 bin=0.497 S_flip=0.076 t=25s
[P700_h160_pad0.080_s1001] it  18 J=0.13135 A_min=0.1220 A_mean=0.1326 |g|=3.80e-03 bin=0.470 S_flip=0.076 t=26s
[P700_h160_pad0.080_s1001] it  19 J=0.13586 A_min=0.1263 A_mean=0.1371 |g|=3.66e-03 bin=0.440 S_flip=0.075 t=28s
[P700_h160_pad0.080_s1001] it  20 J=0.14032 A_min=0.1306 A_mean=0.1416 |g|=3.45e-03 bin=0.408 S_flip=0.074 t=29s
[P700_h160_pad0.080_s1001] it  21 J=0.14460 A_min=0.1347 A_mean=0.1459 |g|=3.19e-03 bin=0.374 S_flip=0.074 t=30s
[P700_h160_pad0.080_s1001] it  22 J=0.14861 A_min=0.1386 A_mean=0.1499 |g|=2.89e-03 bin=0.340 S_flip=0.073 t=32s
[P700_h160_pad0.080_s1001] it  23 J=0.15225 A_min=0.1421 A_mean=0.1536 |g|=2.58e-03 bin=0.307 S_flip=0.073 t=33s
[P700_h160_pad0.080_s1001] it  24 J=0.15549 A_min=0.1452 A_mean=0.1568 |g|=2.28e-03 bin=0.275 S_flip=0.073 t=35s
[P700_h160_pad0.080_s1001] it  25 J=0.15830 A_min=0.1480 A_mean=0.1597 |g|=2.01e-03 bin=0.245 S_flip=0.074 t=36s
[P700_h160_pad0.080_s1001] it  26 J=0.16071 A_min=0.1504 A_mean=0.1621 |g|=1.77e-03 bin=0.219 S_flip=0.075 t=37s
[P700_h160_pad0.080_s1001] it  27 J=0.16275 A_min=0.1524 A_mean=0.1642 |g|=1.57e-03 bin=0.195 S_flip=0.077 t=39s
[P700_h160_pad0.080_s1001] it  28 J=0.16446 A_min=0.1542 A_mean=0.1659 |g|=1.41e-03 bin=0.173 S_flip=0.078 t=40s
[P700_h160_pad0.080_s1001] it  29 J=0.16589 A_min=0.1556 A_mean=0.1673 |g|=1.27e-03 bin=0.155 S_flip=0.080 t=42s
[P700_h160_pad0.080_s1001] it  30 J=0.16709 A_min=0.1569 A_mean=0.1685 |g|=1.16e-03 bin=0.138 S_flip=0.082 t=43s
[P700_h160_pad0.080_s1001] it  31 J=0.16808 A_min=0.1579 A_mean=0.1696 |g|=1.07e-03 bin=0.124 S_flip=0.085 t=44s
[P700_h160_pad0.080_s1001] it  32 J=0.16892 A_min=0.1588 A_mean=0.1704 |g|=9.98e-04 bin=0.112 S_flip=0.087 t=46s
[P700_h160_pad0.080_s1001] it  33 J=0.16962 A_min=0.1595 A_mean=0.1711 |g|=9.35e-04 bin=0.101 S_flip=0.090 t=48s
[P700_h160_pad0.080_s1001] it  34 J=0.17021 A_min=0.1602 A_mean=0.1717 |g|=8.83e-04 bin=0.092 S_flip=0.092 t=49s
[P700_h160_pad0.080_s1001] it  35 J=0.17072 A_min=0.1607 A_mean=0.1722 |g|=8.38e-04 bin=0.084 S_flip=0.095 t=51s
[P700_h160_pad0.080_s1001] it  36 J=0.17115 A_min=0.1612 A_mean=0.1727 |g|=8.00e-04 bin=0.076 S_flip=0.098 t=52s
[P700_h160_pad0.080_s1001] it  37 J=0.17152 A_min=0.1616 A_mean=0.1730 |g|=7.68e-04 bin=0.070 S_flip=0.101 t=54s
[P700_h160_pad0.080_s1001] it  38 J=0.17184 A_min=0.1619 A_mean=0.1734 |g|=7.40e-04 bin=0.064 S_flip=0.103 t=55s
[P700_h160_pad0.080_s1001] it  39 J=0.17212 A_min=0.1623 A_mean=0.1736 |g|=7.15e-04 bin=0.059 S_flip=0.106 t=56s
[P700_h160_pad0.080_s1001] it  40 J=0.17236 A_min=0.1625 A_mean=0.1739 |g|=6.93e-04 bin=0.054 S_flip=0.109 t=58s
[P700_h160_pad0.080_s1001] it  41 J=0.17257 A_min=0.1628 A_mean=0.1741 |g|=6.74e-04 bin=0.050 S_flip=0.112 t=59s
[P700_h160_pad0.080_s1001] it  42 J=0.17275 A_min=0.1630 A_mean=0.1743 |g|=6.57e-04 bin=0.046 S_flip=0.115 t=61s
[P700_h160_pad0.080_s1001] it  43 J=0.17291 A_min=0.1632 A_mean=0.1745 |g|=6.42e-04 bin=0.043 S_flip=0.117 t=62s
[P700_h160_pad0.080_s1001] it  44 J=0.17306 A_min=0.1633 A_mean=0.1746 |g|=6.28e-04 bin=0.040 S_flip=0.120 t=63s
[P700_h160_pad0.080_s1001] it  45 J=0.17319 A_min=0.1635 A_mean=0.1747 |g|=6.16e-04 bin=0.037 S_flip=0.123 t=65s
[P700_h160_pad0.080_s1001] it  46 J=0.17330 A_min=0.1636 A_mean=0.1748 |g|=6.04e-04 bin=0.034 S_flip=0.125 t=66s
[P700_h160_pad0.080_s1001] it  47 J=0.17340 A_min=0.1637 A_mean=0.1749 |g|=5.94e-04 bin=0.032 S_flip=0.128 t=68s
[P700_h160_pad0.080_s1001] it  48 J=0.17349 A_min=0.1638 A_mean=0.1750 |g|=5.84e-04 bin=0.029 S_flip=0.130 t=69s
[P700_h160_pad0.080_s1001] it  49 J=0.17357 A_min=0.1639 A_mean=0.1751 |g|=5.75e-04 bin=0.027 S_flip=0.133 t=70s
[P700_h160_pad0.080_s1001] it  50 J=0.17364 A_min=0.1640 A_mean=0.1752 |g|=5.65e-04 bin=0.026 S_flip=0.135 t=72s
[P700_h160_pad0.080_s1001] it  51 J=0.17371 A_min=0.1641 A_mean=0.1753 |g|=5.56e-04 bin=0.024 S_flip=0.137 t=73s
[P700_h160_pad0.080_s1001] it  52 J=0.17377 A_min=0.1642 A_mean=0.1753 |g|=5.45e-04 bin=0.022 S_flip=0.139 t=75s
[P700_h160_pad0.080_s1001] it  53 J=0.17382 A_min=0.1642 A_mean=0.1754 |g|=5.34e-04 bin=0.021 S_flip=0.141 t=76s
[P700_h160_pad0.080_s1001] it  54 J=0.17387 A_min=0.1643 A_mean=0.1754 |g|=5.23e-04 bin=0.019 S_flip=0.143 t=78s
[P700_h160_pad0.080_s1001] it  55 J=0.17392 A_min=0.1644 A_mean=0.1755 |g|=5.11e-04 bin=0.018 S_flip=0.145 t=79s
[P700_h160_pad0.080_s1001] it  56 J=0.17396 A_min=0.1644 A_mean=0.1755 |g|=5.00e-04 bin=0.017 S_flip=0.147 t=81s
[P700_h160_pad0.080_s1001] it  57 J=0.17399 A_min=0.1644 A_mean=0.1756 |g|=4.90e-04 bin=0.016 S_flip=0.149 t=82s
[P700_h160_pad0.080_s1001] it  58 J=0.17403 A_min=0.1645 A_mean=0.1756 |g|=4.82e-04 bin=0.015 S_flip=0.151 t=84s
[P700_h160_pad0.080_s1001] it  59 J=0.17405 A_min=0.1645 A_mean=0.1756 |g|=4.75e-04 bin=0.014 S_flip=0.153 t=85s
[P700_h160_pad0.080_s1001] it  60 J=0.17408 A_min=0.1646 A_mean=0.1756 |g|=4.70e-04 bin=0.013 S_flip=0.155 t=87s
[P700_h160_pad0.080_s1001] it  61 J=0.17410 A_min=0.1646 A_mean=0.1757 |g|=4.66e-04 bin=0.012 S_flip=0.157 t=88s
[P700_h160_pad0.080_s1001] it  62 J=0.17413 A_min=0.1646 A_mean=0.1757 |g|=4.64e-04 bin=0.011 S_flip=0.159 t=90s
[P700_h160_pad0.080_s1001] it  63 J=0.17415 A_min=0.1647 A_mean=0.1757 |g|=4.63e-04 bin=0.011 S_flip=0.161 t=92s
[P700_h160_pad0.080_s1001] it  64 J=0.17417 A_min=0.1647 A_mean=0.1757 |g|=4.63e-04 bin=0.010 S_flip=0.163 t=94s
[P700_h160_pad0.080_s1001] it  65 J=0.17418 A_min=0.1647 A_mean=0.1758 |g|=4.64e-04 bin=0.009 S_flip=0.165 t=95s
[P700_h160_pad0.080_s1001] it  66 J=0.17420 A_min=0.1647 A_mean=0.1758 |g|=4.66e-04 bin=0.009 S_flip=0.166 t=97s
[P700_h160_pad0.080_s1001] it  67 J=0.17421 A_min=0.1647 A_mean=0.1758 |g|=4.68e-04 bin=0.008 S_flip=0.168 t=98s
[P700_h160_pad0.080_s1001] it  68 J=0.17423 A_min=0.1648 A_mean=0.1758 |g|=4.71e-04 bin=0.008 S_flip=0.170 t=100s
[P700_h160_pad0.080_s1001] it  69 J=0.17424 A_min=0.1648 A_mean=0.1758 |g|=4.75e-04 bin=0.007 S_flip=0.171 t=101s
[P700_h160_pad0.080_s1001] it  70 J=0.17425 A_min=0.1648 A_mean=0.1758 |g|=4.79e-04 bin=0.007 S_flip=0.173 t=102s
[P700_h160_pad0.080_s1001] it  71 J=0.17426 A_min=0.1648 A_mean=0.1758 |g|=4.84e-04 bin=0.006 S_flip=0.174 t=104s
[P700_h160_pad0.080_s1001] it  72 J=0.17427 A_min=0.1648 A_mean=0.1759 |g|=4.90e-04 bin=0.006 S_flip=0.175 t=105s
[P700_h160_pad0.080_s1001] it  73 J=0.17428 A_min=0.1648 A_mean=0.1759 |g|=4.97e-04 bin=0.005 S_flip=0.176 t=107s
[P700_h160_pad0.080_s1001] it  74 J=0.17429 A_min=0.1649 A_mean=0.1759 |g|=5.05e-04 bin=0.005 S_flip=0.177 t=108s
[P700_h160_pad0.080_s1001] it  75 J=0.17430 A_min=0.1649 A_mean=0.1759 |g|=5.13e-04 bin=0.005 S_flip=0.178 t=110s
[P700_h160_pad0.080_s1001] it  76 J=0.17431 A_min=0.1649 A_mean=0.1759 |g|=5.22e-04 bin=0.004 S_flip=0.179 t=111s
[P700_h160_pad0.080_s1001] it  77 J=0.17432 A_min=0.1649 A_mean=0.1759 |g|=5.32e-04 bin=0.004 S_flip=0.179 t=113s
[P700_h160_pad0.080_s1001] it  78 J=0.17432 A_min=0.1649 A_mean=0.1759 |g|=5.43e-04 bin=0.004 S_flip=0.180 t=114s
[P700_h160_pad0.080_s1001] it  79 J=0.17433 A_min=0.1649 A_mean=0.1759 |g|=5.55e-04 bin=0.004 S_flip=0.180 t=116s
[P700_h160_pad0.080_s1001] it  80 J=0.17434 A_min=0.1649 A_mean=0.1759 |g|=5.71e-04 bin=0.003 S_flip=0.181 t=117s
[P700_h160_pad0.080_s1001] it  81 J=0.17434 A_min=0.1649 A_mean=0.1759 |g|=5.89e-04 bin=0.003 S_flip=0.181 t=118s
[P700_h160_pad0.080_s1001] it  82 J=0.17435 A_min=0.1649 A_mean=0.1759 |g|=6.11e-04 bin=0.003 S_flip=0.182 t=120s
[P700_h160_pad0.080_s1001] it  83 J=0.17435 A_min=0.1649 A_mean=0.1759 |g|=6.37e-04 bin=0.003 S_flip=0.182 t=121s
[P700_h160_pad0.080_s1001] it  84 J=0.17436 A_min=0.1650 A_mean=0.1759 |g|=6.67e-04 bin=0.003 S_flip=0.182 t=123s
[P700_h160_pad0.080_s1001] it  85 J=0.17436 A_min=0.1650 A_mean=0.1759 |g|=7.02e-04 bin=0.003 S_flip=0.183 t=124s
[P700_h160_pad0.080_s1001] it  86 J=0.17437 A_min=0.1650 A_mean=0.1760 |g|=7.42e-04 bin=0.002 S_flip=0.183 t=126s
[P700_h160_pad0.080_s1001] it  87 J=0.17437 A_min=0.1650 A_mean=0.1760 |g|=7.88e-04 bin=0.002 S_flip=0.183 t=127s
[P700_h160_pad0.080_s1001] it  88 J=0.17438 A_min=0.1650 A_mean=0.1760 |g|=8.38e-04 bin=0.002 S_flip=0.184 t=129s
[P700_h160_pad0.080_s1001] it  89 J=0.17438 A_min=0.1650 A_mean=0.1760 |g|=8.90e-04 bin=0.002 S_flip=0.184 t=130s
[P700_h160_pad0.080_s1001] it  90 J=0.17438 A_min=0.1650 A_mean=0.1760 |g|=9.44e-04 bin=0.002 S_flip=0.184 t=132s
[P700_h160_pad0.080_s1001] it  91 J=0.17439 A_min=0.1650 A_mean=0.1760 |g|=1.00e-03 bin=0.002 S_flip=0.185 t=133s
[P700_h160_pad0.080_s1001] it  92 J=0.17439 A_min=0.1650 A_mean=0.1760 |g|=1.06e-03 bin=0.002 S_flip=0.185 t=134s
[P700_h160_pad0.080_s1001] it  93 J=0.17439 A_min=0.1650 A_mean=0.1760 |g|=1.12e-03 bin=0.002 S_flip=0.185 t=136s
[P700_h160_pad0.080_s1001] it  94 J=0.17439 A_min=0.1650 A_mean=0.1760 |g|=1.18e-03 bin=0.001 S_flip=0.185 t=137s
[P700_h160_pad0.080_s1001] it  95 J=0.17440 A_min=0.1650 A_mean=0.1760 |g|=1.25e-03 bin=0.001 S_flip=0.186 t=139s
[P700_h160_pad0.080_s1001] it  96 J=0.17440 A_min=0.1650 A_mean=0.1760 |g|=1.31e-03 bin=0.001 S_flip=0.186 t=140s
[stage2] beta=15.79 n_iter=100 order=[5, 5] angles=[(0.0, 0.0), (20.0, 0.0), (20.0, 90.0)]
[stage2] P700_h120_pad0.040_s333: cached J_hard=0.15664
[stage2] P700_h120_pad0.040_s1001: cached J_hard=0.15675
[stage2] P700_h120_pad0.040_s7777: cached J_hard=0.15618
[stage2] P700_h120_pad0.080_s333: cached J_hard=0.15533
[stage2] P700_h120_pad0.080_s1001: cached J_hard=0.15551
[stage2] P700_h120_pad0.080_s7777: cached J_hard=0.15516
[stage2] P700_h120_pad0.120_s333: cached J_hard=0.15367
[stage2] P700_h120_pad0.120_s1001: cached J_hard=0.15380
[stage2] P700_h120_pad0.120_s7777: cached J_hard=0.15376
[stage2] P700_h140_pad0.040_s333: cached J_hard=0.16686
[stage2] P700_h140_pad0.040_s1001: cached J_hard=0.16692
[stage2] P700_h140_pad0.040_s7777: cached J_hard=0.16625
[stage2] P700_h140_pad0.080_s333: cached J_hard=0.16567
[stage2] P700_h140_pad0.080_s1001: cached J_hard=0.16589
[stage2] P700_h140_pad0.080_s7777: cached J_hard=0.16541
[stage2] P700_h140_pad0.120_s333: cached J_hard=0.16445
[stage2] P700_h140_pad0.120_s1001: cached J_hard=0.16460
[stage2] P700_h140_pad0.120_s7777: cached J_hard=0.16451
[stage2] P700_h160_pad0.040_s333: cached J_hard=0.17505
[stage2] P700_h160_pad0.040_s1001: cached J_hard=0.17514
[stage2] P700_h160_pad0.040_s7777: cached J_hard=0.17449
[stage2] P700_h160_pad0.080_s333: cached J_hard=0.17426
[P700_h160_pad0.080_s1001] it   0 J=0.09179 A_min=0.0841 A_mean=0.0928 |g|=1.66e-03 bin=0.656 S_flip=0.058 t=3s
[P700_h160_pad0.080_s1001] it   1 J=0.09245 A_min=0.0847 A_mean=0.0934 |g|=1.73e-03 bin=0.654 S_flip=0.059 t=5s
[P700_h160_pad0.080_s1001] it   2 J=0.09318 A_min=0.0854 A_mean=0.0942 |g|=1.81e-03 bin=0.652 S_flip=0.060 t=6s
[P700_h160_pad0.080_s1001] it   3 J=0.09399 A_min=0.0862 A_mean=0.0950 |g|=1.91e-03 bin=0.649 S_flip=0.061 t=8s
[P700_h160_pad0.080_s1001] it   4 J=0.09491 A_min=0.0871 A_mean=0.0959 |g|=2.01e-03 bin=0.645 S_flip=0.062 t=9s
[P700_h160_pad0.080_s1001] it   5 J=0.09595 A_min=0.0881 A_mean=0.0970 |g|=2.13e-03 bin=0.641 S_flip=0.064 t=10s
[P700_h160_pad0.080_s1001] it   6 J=0.09714 A_min=0.0892 A_mean=0.0982 |g|=2.25e-03 bin=0.637 S_flip=0.065 t=12s
[P700_h160_pad0.080_s1001] it   7 J=0.09848 A_min=0.0905 A_mean=0.0995 |g|=2.40e-03 bin=0.631 S_flip=0.067 t=13s
[P700_h160_pad0.080_s1001] it   8 J=0.10003 A_min=0.0920 A_mean=0.1011 |g|=2.56e-03 bin=0.625 S_flip=0.068 t=14s
[P700_h160_pad0.080_s1001] it   9 J=0.10179 A_min=0.0937 A_mean=0.1029 |g|=2.73e-03 bin=0.618 S_flip=0.070 t=16s
[P700_h160_pad0.080_s1001] it  10 J=0.10382 A_min=0.0956 A_mean=0.1049 |g|=2.91e-03 bin=0.610 S_flip=0.071 t=17s
[P700_h160_pad0.080_s1001] it  11 J=0.10612 A_min=0.0978 A_mean=0.1072 |g|=3.10e-03 bin=0.600 S_flip=0.073 t=19s
[P700_h160_pad0.080_s1001] it  12 J=0.10875 A_min=0.1003 A_mean=0.1098 |g|=3.29e-03 bin=0.589 S_flip=0.074 t=20s
[P700_h160_pad0.080_s1001] it  13 J=0.11171 A_min=0.1032 A_mean=0.1128 |g|=3.47e-03 bin=0.576 S_flip=0.075 t=22s
[P700_h160_pad0.080_s1001] it  14 J=0.11503 A_min=0.1063 A_mean=0.1162 |g|=3.63e-03 bin=0.561 S_flip=0.076 t=23s
[P700_h160_pad0.080_s1001] it  15 J=0.11869 A_min=0.1098 A_mean=0.1198 |g|=3.76e-03 bin=0.543 S_flip=0.076 t=24s
[P700_h160_pad0.080_s1001] it  16 J=0.12267 A_min=0.1137 A_mean=0.1239 |g|=3.84e-03 bin=0.522 S_flip=0.076 t=26s
[P700_h160_pad0.080_s1001] it  17 J=0.12692 A_min=0.1177 A_mean=0.1281 |g|=3.86e-03 bin=0.497 S_flip=0.076 t=27s
[P700_h160_pad0.080_s1001] it  18 J=0.13135 A_min=0.1220 A_mean=0.1326 |g|=3.80e-03 bin=0.470 S_flip=0.076 t=29s
[P700_h160_pad0.080_s1001] it  19 J=0.13586 A_min=0.1263 A_mean=0.1371 |g|=3.66e-03 bin=0.440 S_flip=0.075 t=30s
[P700_h160_pad0.080_s1001] it  20 J=0.14032 A_min=0.1306 A_mean=0.1416 |g|=3.45e-03 bin=0.408 S_flip=0.074 t=31s
[P700_h160_pad0.080_s1001] it  21 J=0.14460 A_min=0.1347 A_mean=0.1459 |g|=3.19e-03 bin=0.374 S_flip=0.074 t=33s
[P700_h160_pad0.080_s1001] it  22 J=0.14861 A_min=0.1386 A_mean=0.1499 |g|=2.89e-03 bin=0.340 S_flip=0.073 t=34s
[P700_h160_pad0.080_s1001] it  23 J=0.15225 A_min=0.1421 A_mean=0.1536 |g|=2.58e-03 bin=0.307 S_flip=0.073 t=36s
[P700_h160_pad0.080_s1001] it  24 J=0.15549 A_min=0.1452 A_mean=0.1568 |g|=2.28e-03 bin=0.275 S_flip=0.073 t=37s
[P700_h160_pad0.080_s1001] it  25 J=0.15830 A_min=0.1480 A_mean=0.1597 |g|=2.01e-03 bin=0.245 S_flip=0.074 t=38s
[P700_h160_pad0.080_s1001] it  26 J=0.16071 A_min=0.1504 A_mean=0.1621 |g|=1.77e-03 bin=0.219 S_flip=0.075 t=40s
[P700_h160_pad0.080_s1001] it  27 J=0.16275 A_min=0.1524 A_mean=0.1642 |g|=1.57e-03 bin=0.195 S_flip=0.077 t=41s
[P700_h160_pad0.080_s1001] it  28 J=0.16446 A_min=0.1542 A_mean=0.1659 |g|=1.41e-03 bin=0.173 S_flip=0.078 t=42s
[P700_h160_pad0.080_s1001] it  29 J=0.16589 A_min=0.1556 A_mean=0.1673 |g|=1.27e-03 bin=0.155 S_flip=0.080 t=44s
[P700_h160_pad0.080_s1001] it  30 J=0.16709 A_min=0.1569 A_mean=0.1685 |g|=1.16e-03 bin=0.138 S_flip=0.082 t=45s
[P700_h160_pad0.080_s1001] it  31 J=0.16808 A_min=0.1579 A_mean=0.1696 |g|=1.07e-03 bin=0.124 S_flip=0.085 t=47s
[P700_h160_pad0.080_s1001] it  32 J=0.16892 A_min=0.1588 A_mean=0.1704 |g|=9.98e-04 bin=0.112 S_flip=0.087 t=48s
[P700_h160_pad0.080_s1001] it  33 J=0.16962 A_min=0.1595 A_mean=0.1711 |g|=9.35e-04 bin=0.101 S_flip=0.090 t=49s
[P700_h160_pad0.080_s1001] it  34 J=0.17021 A_min=0.1602 A_mean=0.1717 |g|=8.83e-04 bin=0.092 S_flip=0.092 t=51s
[P700_h160_pad0.080_s1001] it  35 J=0.17072 A_min=0.1607 A_mean=0.1722 |g|=8.38e-04 bin=0.084 S_flip=0.095 t=52s
[P700_h160_pad0.080_s1001] it  36 J=0.17115 A_min=0.1612 A_mean=0.1727 |g|=8.00e-04 bin=0.076 S_flip=0.098 t=54s
[P700_h160_pad0.080_s1001] it  37 J=0.17152 A_min=0.1616 A_mean=0.1730 |g|=7.68e-04 bin=0.070 S_flip=0.101 t=55s
[P700_h160_pad0.080_s1001] it  38 J=0.17184 A_min=0.1619 A_mean=0.1734 |g|=7.40e-04 bin=0.064 S_flip=0.103 t=56s
[P700_h160_pad0.080_s1001] it  39 J=0.17212 A_min=0.1623 A_mean=0.1736 |g|=7.15e-04 bin=0.059 S_flip=0.106 t=58s
[P700_h160_pad0.080_s1001] it  40 J=0.17236 A_min=0.1625 A_mean=0.1739 |g|=6.93e-04 bin=0.054 S_flip=0.109 t=59s
[P700_h160_pad0.080_s1001] it  41 J=0.17257 A_min=0.1628 A_mean=0.1741 |g|=6.74e-04 bin=0.050 S_flip=0.112 t=61s
[P700_h160_pad0.080_s1001] it  42 J=0.17275 A_min=0.1630 A_mean=0.1743 |g|=6.57e-04 bin=0.046 S_flip=0.115 t=62s
[P700_h160_pad0.080_s1001] it  43 J=0.17291 A_min=0.1632 A_mean=0.1745 |g|=6.42e-04 bin=0.043 S_flip=0.117 t=63s
[P700_h160_pad0.080_s1001] it  44 J=0.17306 A_min=0.1633 A_mean=0.1746 |g|=6.28e-04 bin=0.040 S_flip=0.120 t=65s
[P700_h160_pad0.080_s1001] it  45 J=0.17319 A_min=0.1635 A_mean=0.1747 |g|=6.16e-04 bin=0.037 S_flip=0.123 t=66s
[P700_h160_pad0.080_s1001] it  46 J=0.17330 A_min=0.1636 A_mean=0.1748 |g|=6.04e-04 bin=0.034 S_flip=0.125 t=68s
[P700_h160_pad0.080_s1001] it  47 J=0.17340 A_min=0.1637 A_mean=0.1749 |g|=5.94e-04 bin=0.032 S_flip=0.128 t=69s
[P700_h160_pad0.080_s1001] it  48 J=0.17349 A_min=0.1638 A_mean=0.1750 |g|=5.84e-04 bin=0.029 S_flip=0.130 t=71s
[P700_h160_pad0.080_s1001] it  49 J=0.17357 A_min=0.1639 A_mean=0.1751 |g|=5.75e-04 bin=0.027 S_flip=0.133 t=72s
[P700_h160_pad0.080_s1001] it  50 J=0.17364 A_min=0.1640 A_mean=0.1752 |g|=5.65e-04 bin=0.026 S_flip=0.135 t=73s
[P700_h160_pad0.080_s1001] it  51 J=0.17371 A_min=0.1641 A_mean=0.1753 |g|=5.56e-04 bin=0.024 S_flip=0.137 t=75s
[P700_h160_pad0.080_s1001] it  52 J=0.17377 A_min=0.1642 A_mean=0.1753 |g|=5.45e-04 bin=0.022 S_flip=0.139 t=76s
[P700_h160_pad0.080_s1001] it  53 J=0.17382 A_min=0.1642 A_mean=0.1754 |g|=5.34e-04 bin=0.021 S_flip=0.141 t=78s
[P700_h160_pad0.080_s1001] it  54 J=0.17387 A_min=0.1643 A_mean=0.1754 |g|=5.23e-04 bin=0.019 S_flip=0.143 t=79s
[P700_h160_pad0.080_s1001] it  55 J=0.17392 A_min=0.1644 A_mean=0.1755 |g|=5.11e-04 bin=0.018 S_flip=0.145 t=81s
[P700_h160_pad0.080_s1001] it  56 J=0.17396 A_min=0.1644 A_mean=0.1755 |g|=5.00e-04 bin=0.017 S_flip=0.147 t=82s
[P700_h160_pad0.080_s1001] it  57 J=0.17399 A_min=0.1644 A_mean=0.1756 |g|=4.90e-04 bin=0.016 S_flip=0.149 t=83s
[P700_h160_pad0.080_s1001] it  58 J=0.17403 A_min=0.1645 A_mean=0.1756 |g|=4.82e-04 bin=0.015 S_flip=0.151 t=85s
[P700_h160_pad0.080_s1001] it  59 J=0.17405 A_min=0.1645 A_mean=0.1756 |g|=4.75e-04 bin=0.014 S_flip=0.153 t=86s
[P700_h160_pad0.080_s1001] it  60 J=0.17408 A_min=0.1646 A_mean=0.1756 |g|=4.70e-04 bin=0.013 S_flip=0.155 t=88s
[P700_h160_pad0.080_s1001] it  61 J=0.17410 A_min=0.1646 A_mean=0.1757 |g|=4.66e-04 bin=0.012 S_flip=0.157 t=89s
[P700_h160_pad0.080_s1001] it  62 J=0.17413 A_min=0.1646 A_mean=0.1757 |g|=4.64e-04 bin=0.011 S_flip=0.159 t=91s
[P700_h160_pad0.080_s1001] it  63 J=0.17415 A_min=0.1647 A_mean=0.1757 |g|=4.63e-04 bin=0.011 S_flip=0.161 t=92s
[P700_h160_pad0.080_s1001] it  64 J=0.17417 A_min=0.1647 A_mean=0.1757 |g|=4.63e-04 bin=0.010 S_flip=0.163 t=94s
[P700_h160_pad0.080_s1001] it  65 J=0.17418 A_min=0.1647 A_mean=0.1758 |g|=4.64e-04 bin=0.009 S_flip=0.165 t=95s
[P700_h160_pad0.080_s1001] it  66 J=0.17420 A_min=0.1647 A_mean=0.1758 |g|=4.66e-04 bin=0.009 S_flip=0.166 t=97s
[P700_h160_pad0.080_s1001] it  67 J=0.17421 A_min=0.1647 A_mean=0.1758 |g|=4.68e-04 bin=0.008 S_flip=0.168 t=98s
[P700_h160_pad0.080_s1001] it  68 J=0.17423 A_min=0.1648 A_mean=0.1758 |g|=4.71e-04 bin=0.008 S_flip=0.170 t=100s
[P700_h160_pad0.080_s1001] it  69 J=0.17424 A_min=0.1648 A_mean=0.1758 |g|=4.75e-04 bin=0.007 S_flip=0.171 t=101s
[P700_h160_pad0.080_s1001] it  70 J=0.17425 A_min=0.1648 A_mean=0.1758 |g|=4.79e-04 bin=0.007 S_flip=0.173 t=102s
[P700_h160_pad0.080_s1001] it  71 J=0.17426 A_min=0.1648 A_mean=0.1758 |g|=4.84e-04 bin=0.006 S_flip=0.174 t=104s
[P700_h160_pad0.080_s1001] it  72 J=0.17427 A_min=0.1648 A_mean=0.1759 |g|=4.90e-04 bin=0.006 S_flip=0.175 t=105s
[P700_h160_pad0.080_s1001] it  73 J=0.17428 A_min=0.1648 A_mean=0.1759 |g|=4.97e-04 bin=0.005 S_flip=0.176 t=106s
[P700_h160_pad0.080_s1001] it  74 J=0.17429 A_min=0.1649 A_mean=0.1759 |g|=5.05e-04 bin=0.005 S_flip=0.177 t=108s
[P700_h160_pad0.080_s1001] it  75 J=0.17430 A_min=0.1649 A_mean=0.1759 |g|=5.13e-04 bin=0.005 S_flip=0.178 t=109s
[P700_h160_pad0.080_s1001] it  76 J=0.17431 A_min=0.1649 A_mean=0.1759 |g|=5.22e-04 bin=0.004 S_flip=0.179 t=110s
[P700_h160_pad0.080_s1001] it  77 J=0.17432 A_min=0.1649 A_mean=0.1759 |g|=5.32e-04 bin=0.004 S_flip=0.179 t=112s
[P700_h160_pad0.080_s1001] it  78 J=0.17432 A_min=0.1649 A_mean=0.1759 |g|=5.43e-04 bin=0.004 S_flip=0.180 t=113s
[P700_h160_pad0.080_s1001] it  79 J=0.17433 A_min=0.1649 A_mean=0.1759 |g|=5.55e-04 bin=0.004 S_flip=0.180 t=114s
[P700_h160_pad0.080_s1001] it  80 J=0.17434 A_min=0.1649 A_mean=0.1759 |g|=5.71e-04 bin=0.003 S_flip=0.181 t=116s
[P700_h160_pad0.080_s1001] it  81 J=0.17434 A_min=0.1649 A_mean=0.1759 |g|=5.89e-04 bin=0.003 S_flip=0.181 t=117s
[P700_h160_pad0.080_s1001] it  82 J=0.17435 A_min=0.1649 A_mean=0.1759 |g|=6.11e-04 bin=0.003 S_flip=0.182 t=118s
[P700_h160_pad0.080_s1001] it  83 J=0.17435 A_min=0.1649 A_mean=0.1759 |g|=6.37e-04 bin=0.003 S_flip=0.182 t=120s
[P700_h160_pad0.080_s1001] it  84 J=0.17436 A_min=0.1650 A_mean=0.1759 |g|=6.67e-04 bin=0.003 S_flip=0.182 t=121s
[P700_h160_pad0.080_s1001] it  85 J=0.17436 A_min=0.1650 A_mean=0.1759 |g|=7.02e-04 bin=0.003 S_flip=0.183 t=123s
[P700_h160_pad0.080_s1001] it  86 J=0.17437 A_min=0.1650 A_mean=0.1760 |g|=7.42e-04 bin=0.002 S_flip=0.183 t=124s
[P700_h160_pad0.080_s1001] it  87 J=0.17437 A_min=0.1650 A_mean=0.1760 |g|=7.88e-04 bin=0.002 S_flip=0.183 t=125s
[P700_h160_pad0.080_s1001] it  88 J=0.17438 A_min=0.1650 A_mean=0.1760 |g|=8.38e-04 bin=0.002 S_flip=0.184 t=127s
[P700_h160_pad0.080_s1001] it  89 J=0.17438 A_min=0.1650 A_mean=0.1760 |g|=8.90e-04 bin=0.002 S_flip=0.184 t=128s
[P700_h160_pad0.080_s1001] it  90 J=0.17438 A_min=0.1650 A_mean=0.1760 |g|=9.44e-04 bin=0.002 S_flip=0.184 t=130s
[P700_h160_pad0.080_s1001] it  91 J=0.17439 A_min=0.1650 A_mean=0.1760 |g|=1.00e-03 bin=0.002 S_flip=0.185 t=131s
[P700_h160_pad0.080_s1001] it  92 J=0.17439 A_min=0.1650 A_mean=0.1760 |g|=1.06e-03 bin=0.002 S_flip=0.185 t=133s
[P700_h160_pad0.080_s1001] it  93 J=0.17439 A_min=0.1650 A_mean=0.1760 |g|=1.12e-03 bin=0.002 S_flip=0.185 t=134s
[P700_h160_pad0.080_s1001] it  94 J=0.17439 A_min=0.1650 A_mean=0.1760 |g|=1.18e-03 bin=0.001 S_flip=0.185 t=136s
[P700_h160_pad0.080_s1001] it  95 J=0.17440 A_min=0.1650 A_mean=0.1760 |g|=1.25e-03 bin=0.001 S_flip=0.186 t=137s
[P700_h160_pad0.080_s1001] it  96 J=0.17440 A_min=0.1650 A_mean=0.1760 |g|=1.31e-03 bin=0.001 S_flip=0.186 t=139s
[P700_h160_pad0.080_s1001] it  97 J=0.17440 A_min=0.1650 A_mean=0.1760 |g|=1.36e-03 bin=0.001 S_flip=0.186 t=140s
[P700_h160_pad0.080_s1001] it  98 J=0.17440 A_min=0.1650 A_mean=0.1760 |g|=1.42e-03 bin=0.001 S_flip=0.186 t=141s
[P700_h160_pad0.080_s1001] it  99 J=0.17440 A_min=0.1650 A_mean=0.1760 |g|=1.47e-03 bin=0.001 S_flip=0.186 t=143s
[P700_h160_pad0.080_s1001] done: J_soft=0.17440 J_hard=0.17440 A_hard=[0.165, 0.1967, 0.1663] S_flip=0.188 wall=145s
[P700_h160_pad0.080_s7777] it   0 J=0.09331 A_min=0.0856 A_mean=0.0943 |g|=1.67e-03 bin=0.658 S_flip=0.050 t=1s
[P700_h160_pad0.080_s7777] it   1 J=0.09403 A_min=0.0862 A_mean=0.0950 |g|=1.74e-03 bin=0.656 S_flip=0.051 t=3s
[P700_h160_pad0.080_s7777] it   2 J=0.09484 A_min=0.0870 A_mean=0.0959 |g|=1.82e-03 bin=0.653 S_flip=0.052 t=5s
[P700_h160_pad0.080_s7777] it   3 J=0.09574 A_min=0.0879 A_mean=0.0968 |g|=1.91e-03 bin=0.650 S_flip=0.053 t=6s
[P700_h160_pad0.080_s7777] it   4 J=0.09675 A_min=0.0888 A_mean=0.0978 |g|=2.01e-03 bin=0.646 S_flip=0.054 t=7s
[P700_h160_pad0.080_s7777] it   5 J=0.09790 A_min=0.0899 A_mean=0.0989 |g|=2.13e-03 bin=0.642 S_flip=0.055 t=8s
[P700_h160_pad0.080_s7777] it   6 J=0.09919 A_min=0.0912 A_mean=0.1002 |g|=2.25e-03 bin=0.637 S_flip=0.057 t=9s
[P700_h160_pad0.080_s7777] it   7 J=0.10067 A_min=0.0926 A_mean=0.1017 |g|=2.39e-03 bin=0.631 S_flip=0.058 t=11s
[P700_h160_pad0.080_s7777] it   8 J=0.10234 A_min=0.0942 A_mean=0.1034 |g|=2.54e-03 bin=0.624 S_flip=0.059 t=12s
[P700_h160_pad0.080_s7777] it   9 J=0.10425 A_min=0.0960 A_mean=0.1053 |g|=2.70e-03 bin=0.616 S_flip=0.061 t=14s
[P700_h160_pad0.080_s7777] it  10 J=0.10641 A_min=0.0980 A_mean=0.1075 |g|=2.86e-03 bin=0.607 S_flip=0.062 t=15s
[P700_h160_pad0.080_s7777] it  11 J=0.10886 A_min=0.1004 A_mean=0.1100 |g|=3.03e-03 bin=0.596 S_flip=0.064 t=16s
[P700_h160_pad0.080_s7777] it  12 J=0.11162 A_min=0.1030 A_mean=0.1127 |g|=3.20e-03 bin=0.583 S_flip=0.065 t=18s
[P700_h160_pad0.080_s7777] it  13 J=0.11469 A_min=0.1059 A_mean=0.1158 |g|=3.35e-03 bin=0.568 S_flip=0.066 t=19s
[P700_h160_pad0.080_s7777] it  14 J=0.11808 A_min=0.1092 A_mean=0.1192 |g|=3.47e-03 bin=0.551 S_flip=0.067 t=20s
[P700_h160_pad0.080_s7777] it  15 J=0.12176 A_min=0.1127 A_mean=0.1229 |g|=3.56e-03 bin=0.531 S_flip=0.067 t=22s
[P700_h160_pad0.080_s7777] it  16 J=0.12571 A_min=0.1164 A_mean=0.1269 |g|=3.59e-03 bin=0.509 S_flip=0.068 t=23s
[P700_h160_pad0.080_s7777] it  17 J=0.12984 A_min=0.1204 A_mean=0.1311 |g|=3.57e-03 bin=0.483 S_flip=0.068 t=24s
[P700_h160_pad0.080_s7777] it  18 J=0.13408 A_min=0.1244 A_mean=0.1353 |g|=3.47e-03 bin=0.455 S_flip=0.068 t=25s
[P700_h160_pad0.080_s7777] it  19 J=0.13831 A_min=0.1285 A_mean=0.1396 |g|=3.32e-03 bin=0.424 S_flip=0.067 t=27s
[P700_h160_pad0.080_s7777] it  20 J=0.14244 A_min=0.1324 A_mean=0.1437 |g|=3.10e-03 bin=0.392 S_flip=0.067 t=28s
[P700_h160_pad0.080_s7777] it  21 J=0.14635 A_min=0.1362 A_mean=0.1477 |g|=2.85e-03 bin=0.359 S_flip=0.067 t=29s
[P700_h160_pad0.080_s7777] it  22 J=0.14997 A_min=0.1396 A_mean=0.1513 |g|=2.58e-03 bin=0.326 S_flip=0.067 t=31s
[P700_h160_pad0.080_s7777] it  23 J=0.15323 A_min=0.1428 A_mean=0.1546 |g|=2.31e-03 bin=0.294 S_flip=0.067 t=32s
[P700_h160_pad0.080_s7777] it  24 J=0.15612 A_min=0.1456 A_mean=0.1575 |g|=2.06e-03 bin=0.264 S_flip=0.068 t=33s
[P700_h160_pad0.080_s7777] it  25 J=0.15862 A_min=0.1480 A_mean=0.1600 |g|=1.84e-03 bin=0.237 S_flip=0.069 t=34s
[P700_h160_pad0.080_s7777] it  26 J=0.16077 A_min=0.1502 A_mean=0.1622 |g|=1.65e-03 bin=0.211 S_flip=0.071 t=36s
[P700_h160_pad0.080_s7777] it  27 J=0.16259 A_min=0.1520 A_mean=0.1640 |g|=1.49e-03 bin=0.189 S_flip=0.073 t=37s
[P700_h160_pad0.080_s7777] it  28 J=0.16413 A_min=0.1535 A_mean=0.1655 |g|=1.37e-03 bin=0.169 S_flip=0.074 t=39s
[P700_h160_pad0.080_s7777] it  29 J=0.16543 A_min=0.1549 A_mean=0.1668 |g|=1.27e-03 bin=0.151 S_flip=0.076 t=40s
[P700_h160_pad0.080_s7777] it  30 J=0.16652 A_min=0.1560 A_mean=0.1679 |g|=1.19e-03 bin=0.136 S_flip=0.079 t=41s
[P700_h160_pad0.080_s7777] it  31 J=0.16744 A_min=0.1570 A_mean=0.1689 |g|=1.13e-03 bin=0.122 S_flip=0.081 t=43s
[P700_h160_pad0.080_s7777] it  32 J=0.16822 A_min=0.1578 A_mean=0.1697 |g|=1.08e-03 bin=0.110 S_flip=0.083 t=44s
[P700_h160_pad0.080_s7777] it  33 J=0.16889 A_min=0.1585 A_mean=0.1703 |g|=1.03e-03 bin=0.100 S_flip=0.086 t=46s
[P700_h160_pad0.080_s7777] it  34 J=0.16946 A_min=0.1591 A_mean=0.1709 |g|=9.90e-04 bin=0.091 S_flip=0.088 t=47s
[P700_h160_pad0.080_s7777] it  35 J=0.16996 A_min=0.1597 A_mean=0.1714 |g|=9.54e-04 bin=0.083 S_flip=0.091 t=48s
[P700_h160_pad0.080_s7777] it  36 J=0.17039 A_min=0.1601 A_mean=0.1719 |g|=9.22e-04 bin=0.076 S_flip=0.093 t=50s
[P700_h160_pad0.080_s7777] it  37 J=0.17076 A_min=0.1605 A_mean=0.1722 |g|=8.92e-04 bin=0.070 S_flip=0.096 t=51s
[P700_h160_pad0.080_s7777] it  38 J=0.17109 A_min=0.1609 A_mean=0.1726 |g|=8.64e-04 bin=0.064 S_flip=0.098 t=53s
[P700_h160_pad0.080_s7777] it  39 J=0.17137 A_min=0.1612 A_mean=0.1729 |g|=8.38e-04 bin=0.059 S_flip=0.101 t=54s
[P700_h160_pad0.080_s7777] it  40 J=0.17163 A_min=0.1615 A_mean=0.1731 |g|=8.14e-04 bin=0.054 S_flip=0.103 t=56s
[P700_h160_pad0.080_s7777] it  41 J=0.17185 A_min=0.1618 A_mean=0.1733 |g|=7.92e-04 bin=0.050 S_flip=0.106 t=57s
[P700_h160_pad0.080_s7777] it  42 J=0.17205 A_min=0.1620 A_mean=0.1735 |g|=7.70e-04 bin=0.046 S_flip=0.109 t=59s
[P700_h160_pad0.080_s7777] it  43 J=0.17223 A_min=0.1622 A_mean=0.1737 |g|=7.51e-04 bin=0.043 S_flip=0.111 t=60s
[P700_h160_pad0.080_s7777] it  44 J=0.17239 A_min=0.1624 A_mean=0.1739 |g|=7.32e-04 bin=0.040 S_flip=0.114 t=62s
[P700_h160_pad0.080_s7777] it  45 J=0.17253 A_min=0.1625 A_mean=0.1740 |g|=7.15e-04 bin=0.037 S_flip=0.116 t=63s
[P700_h160_pad0.080_s7777] it  46 J=0.17265 A_min=0.1627 A_mean=0.1742 |g|=6.99e-04 bin=0.034 S_flip=0.119 t=65s
[P700_h160_pad0.080_s7777] it  47 J=0.17276 A_min=0.1628 A_mean=0.1743 |g|=6.84e-04 bin=0.032 S_flip=0.121 t=66s
[P700_h160_pad0.080_s7777] it  48 J=0.17287 A_min=0.1629 A_mean=0.1744 |g|=6.70e-04 bin=0.029 S_flip=0.123 t=68s
[P700_h160_pad0.080_s7777] it  49 J=0.17296 A_min=0.1630 A_mean=0.1745 |g|=6.57e-04 bin=0.027 S_flip=0.126 t=69s
[P700_h160_pad0.080_s7777] it  50 J=0.17304 A_min=0.1631 A_mean=0.1745 |g|=6.45e-04 bin=0.025 S_flip=0.128 t=71s
[P700_h160_pad0.080_s7777] it  51 J=0.17312 A_min=0.1632 A_mean=0.1746 |g|=6.34e-04 bin=0.024 S_flip=0.130 t=72s
[P700_h160_pad0.080_s7777] it  52 J=0.17318 A_min=0.1633 A_mean=0.1747 |g|=6.24e-04 bin=0.022 S_flip=0.132 t=74s
[P700_h160_pad0.080_s7777] it  53 J=0.17325 A_min=0.1634 A_mean=0.1748 |g|=6.15e-04 bin=0.020 S_flip=0.134 t=75s
[P700_h160_pad0.080_s7777] it  54 J=0.17330 A_min=0.1635 A_mean=0.1748 |g|=6.08e-04 bin=0.019 S_flip=0.136 t=77s
[P700_h160_pad0.080_s7777] it  55 J=0.17336 A_min=0.1635 A_mean=0.1749 |g|=6.01e-04 bin=0.018 S_flip=0.138 t=78s
[P700_h160_pad0.080_s7777] it  56 J=0.17340 A_min=0.1636 A_mean=0.1749 |g|=5.96e-04 bin=0.016 S_flip=0.140 t=80s
[P700_h160_pad0.080_s7777] it  57 J=0.17345 A_min=0.1637 A_mean=0.1750 |g|=5.91e-04 bin=0.015 S_flip=0.141 t=81s
[P700_h160_pad0.080_s7777] it  58 J=0.17349 A_min=0.1637 A_mean=0.1750 |g|=5.88e-04 bin=0.014 S_flip=0.143 t=82s
[P700_h160_pad0.080_s7777] it  59 J=0.17352 A_min=0.1638 A_mean=0.1750 |g|=5.84e-04 bin=0.013 S_flip=0.145 t=84s
[P700_h160_pad0.080_s7777] it  60 J=0.17356 A_min=0.1638 A_mean=0.1751 |g|=5.81e-04 bin=0.012 S_flip=0.146 t=85s
[P700_h160_pad0.080_s7777] it  61 J=0.17359 A_min=0.1638 A_mean=0.1751 |g|=5.76e-04 bin=0.011 S_flip=0.148 t=87s
[P700_h160_pad0.080_s7777] it  62 J=0.17362 A_min=0.1639 A_mean=0.1751 |g|=5.70e-04 bin=0.010 S_flip=0.150 t=88s
[P700_h160_pad0.080_s7777] it  63 J=0.17365 A_min=0.1639 A_mean=0.1752 |g|=5.62e-04 bin=0.010 S_flip=0.151 t=89s
[P700_h160_pad0.080_s7777] it  64 J=0.17367 A_min=0.1639 A_mean=0.1752 |g|=5.51e-04 bin=0.009 S_flip=0.152 t=91s
[P700_h160_pad0.080_s7777] it  65 J=0.17370 A_min=0.1640 A_mean=0.1752 |g|=5.38e-04 bin=0.008 S_flip=0.154 t=92s
[P700_h160_pad0.080_s7777] it  66 J=0.17372 A_min=0.1640 A_mean=0.1752 |g|=5.25e-04 bin=0.008 S_flip=0.155 t=94s
[P700_h160_pad0.080_s7777] it  67 J=0.17374 A_min=0.1640 A_mean=0.1753 |g|=5.13e-04 bin=0.007 S_flip=0.156 t=95s
[P700_h160_pad0.080_s7777] it  68 J=0.17375 A_min=0.1641 A_mean=0.1753 |g|=5.02e-04 bin=0.006 S_flip=0.157 t=97s
[P700_h160_pad0.080_s7777] it  69 J=0.17377 A_min=0.1641 A_mean=0.1753 |g|=4.94e-04 bin=0.006 S_flip=0.158 t=98s
[P700_h160_pad0.080_s7777] it  70 J=0.17378 A_min=0.1641 A_mean=0.1753 |g|=4.89e-04 bin=0.006 S_flip=0.159 t=99s
[P700_h160_pad0.080_s7777] it  71 J=0.17379 A_min=0.1641 A_mean=0.1753 |g|=4.87e-04 bin=0.005 S_flip=0.160 t=101s
[P700_h160_pad0.080_s7777] it  72 J=0.17381 A_min=0.1641 A_mean=0.1753 |g|=4.88e-04 bin=0.005 S_flip=0.161 t=102s
[P700_h160_pad0.080_s7777] it  73 J=0.17382 A_min=0.1641 A_mean=0.1754 |g|=4.91e-04 bin=0.005 S_flip=0.162 t=104s
[P700_h160_pad0.080_s7777] it  74 J=0.17383 A_min=0.1642 A_mean=0.1754 |g|=4.94e-04 bin=0.004 S_flip=0.163 t=105s
[P700_h160_pad0.080_s7777] it  75 J=0.17383 A_min=0.1642 A_mean=0.1754 |g|=4.96e-04 bin=0.004 S_flip=0.163 t=107s
[P700_h160_pad0.080_s7777] it  76 J=0.17384 A_min=0.1642 A_mean=0.1754 |g|=4.97e-04 bin=0.004 S_flip=0.164 t=108s
[P700_h160_pad0.080_s7777] it  77 J=0.17385 A_min=0.1642 A_mean=0.1754 |g|=4.96e-04 bin=0.003 S_flip=0.165 t=109s
[P700_h160_pad0.080_s7777] it  78 J=0.17386 A_min=0.1642 A_mean=0.1754 |g|=4.94e-04 bin=0.003 S_flip=0.165 t=111s
[P700_h160_pad0.080_s7777] it  79 J=0.17386 A_min=0.1642 A_mean=0.1754 |g|=4.90e-04 bin=0.003 S_flip=0.166 t=112s
[P700_h160_pad0.080_s7777] it  80 J=0.17387 A_min=0.1642 A_mean=0.1754 |g|=4.88e-04 bin=0.003 S_flip=0.167 t=114s
[P700_h160_pad0.080_s7777] it  81 J=0.17387 A_min=0.1642 A_mean=0.1754 |g|=4.86e-04 bin=0.003 S_flip=0.167 t=115s
[P700_h160_pad0.080_s7777] it  82 J=0.17388 A_min=0.1642 A_mean=0.1754 |g|=4.87e-04 bin=0.002 S_flip=0.168 t=116s
[P700_h160_pad0.080_s7777] it  83 J=0.17388 A_min=0.1642 A_mean=0.1754 |g|=4.90e-04 bin=0.002 S_flip=0.168 t=118s
[P700_h160_pad0.080_s7777] it  84 J=0.17389 A_min=0.1642 A_mean=0.1754 |g|=4.97e-04 bin=0.002 S_flip=0.169 t=119s
[P700_h160_pad0.080_s7777] it  85 J=0.17389 A_min=0.1642 A_mean=0.1754 |g|=5.06e-04 bin=0.002 S_flip=0.169 t=120s
[P700_h160_pad0.080_s7777] it  86 J=0.17389 A_min=0.1642 A_mean=0.1754 |g|=5.17e-04 bin=0.002 S_flip=0.169 t=121s
[P700_h160_pad0.080_s7777] it  87 J=0.17389 A_min=0.1642 A_mean=0.1754 |g|=5.28e-04 bin=0.002 S_flip=0.170 t=123s
[P700_h160_pad0.080_s7777] it  88 J=0.17390 A_min=0.1642 A_mean=0.1754 |g|=5.38e-04 bin=0.002 S_flip=0.170 t=124s
[P700_h160_pad0.080_s7777] it  89 J=0.17390 A_min=0.1642 A_mean=0.1754 |g|=5.45e-04 bin=0.002 S_flip=0.170 t=125s
[P700_h160_pad0.080_s7777] it  90 J=0.17390 A_min=0.1642 A_mean=0.1754 |g|=5.48e-04 bin=0.001 S_flip=0.170 t=127s
[P700_h160_pad0.080_s7777] it  91 J=0.17390 A_min=0.1643 A_mean=0.1754 |g|=5.47e-04 bin=0.001 S_flip=0.170 t=128s
[P700_h160_pad0.080_s7777] it  92 J=0.17390 A_min=0.1643 A_mean=0.1754 |g|=5.41e-04 bin=0.001 S_flip=0.170 t=129s
[P700_h160_pad0.080_s7777] it  93 J=0.17390 A_min=0.1643 A_mean=0.1754 |g|=5.33e-04 bin=0.001 S_flip=0.171 t=131s
[P700_h160_pad0.080_s7777] it  94 J=0.17391 A_min=0.1643 A_mean=0.1754 |g|=5.22e-04 bin=0.001 S_flip=0.171 t=132s
[P700_h160_pad0.080_s7777] it  95 J=0.17391 A_min=0.1643 A_mean=0.1754 |g|=5.10e-04 bin=0.001 S_flip=0.171 t=133s
[P700_h160_pad0.080_s7777] it  96 J=0.17391 A_min=0.1643 A_mean=0.1754 |g|=4.98e-04 bin=0.001 S_flip=0.171 t=135s
[P700_h160_pad0.080_s7777] it  97 J=0.17391 A_min=0.1643 A_mean=0.1754 |g|=4.87e-04 bin=0.001 S_flip=0.171 t=136s
[P700_h160_pad0.080_s7777] it  98 J=0.17391 A_min=0.1643 A_mean=0.1754 |g|=4.77e-04 bin=0.001 S_flip=0.171 t=137s
[P700_h160_pad0.080_s7777] it  99 J=0.17391 A_min=0.1643 A_mean=0.1754 |g|=4.67e-04 bin=0.001 S_flip=0.172 t=139s
[P700_h160_pad0.080_s7777] done: J_soft=0.17391 J_hard=0.17391 A_hard=[0.1643, 0.1958, 0.1663] S_flip=0.172 wall=140s
[P700_h160_pad0.120_s333] it   0 J=0.09855 A_min=0.0903 A_mean=0.0996 |g|=2.08e-03 bin=0.536 S_flip=0.057 t=1s
[P700_h160_pad0.120_s333] it   1 J=0.09941 A_min=0.0911 A_mean=0.1005 |g|=2.16e-03 bin=0.535 S_flip=0.058 t=3s
[P700_h160_pad0.120_s333] it   2 J=0.10035 A_min=0.0920 A_mean=0.1014 |g|=2.25e-03 bin=0.532 S_flip=0.059 t=4s
[P700_h160_pad0.120_s333] it   3 J=0.10140 A_min=0.0930 A_mean=0.1025 |g|=2.35e-03 bin=0.530 S_flip=0.060 t=5s
[P700_h160_pad0.120_s333] it   4 J=0.10257 A_min=0.0941 A_mean=0.1037 |g|=2.46e-03 bin=0.527 S_flip=0.062 t=7s
[P700_h160_pad0.120_s333] it   5 J=0.10389 A_min=0.0954 A_mean=0.1050 |g|=2.58e-03 bin=0.523 S_flip=0.063 t=8s
[P700_h160_pad0.120_s333] it   6 J=0.10539 A_min=0.0968 A_mean=0.1065 |g|=2.72e-03 bin=0.518 S_flip=0.065 t=9s
[P700_h160_pad0.120_s333] it   7 J=0.10709 A_min=0.0984 A_mean=0.1082 |g|=2.86e-03 bin=0.513 S_flip=0.066 t=11s
[P700_h160_pad0.120_s333] it   8 J=0.10903 A_min=0.1003 A_mean=0.1101 |g|=3.01e-03 bin=0.507 S_flip=0.068 t=12s
[P700_h160_pad0.120_s333] it   9 J=0.11122 A_min=0.1024 A_mean=0.1123 |g|=3.17e-03 bin=0.499 S_flip=0.070 t=13s
[P700_h160_pad0.120_s333] it  10 J=0.11370 A_min=0.1048 A_mean=0.1148 |g|=3.32e-03 bin=0.490 S_flip=0.071 t=15s
[P700_h160_pad0.120_s333] it  11 J=0.11650 A_min=0.1075 A_mean=0.1176 |g|=3.46e-03 bin=0.480 S_flip=0.073 t=16s
[P700_h160_pad0.120_s333] it  12 J=0.11960 A_min=0.1105 A_mean=0.1208 |g|=3.59e-03 bin=0.467 S_flip=0.075 t=17s
[P700_h160_pad0.120_s333] it  13 J=0.12302 A_min=0.1138 A_mean=0.1242 |g|=3.68e-03 bin=0.452 S_flip=0.076 t=19s
[P700_h160_pad0.120_s333] it  14 J=0.12673 A_min=0.1173 A_mean=0.1279 |g|=3.73e-03 bin=0.435 S_flip=0.078 t=20s
[P700_h160_pad0.120_s333] it  15 J=0.13067 A_min=0.1211 A_mean=0.1319 |g|=3.73e-03 bin=0.415 S_flip=0.080 t=21s
[P700_h160_pad0.120_s333] it  16 J=0.13476 A_min=0.1251 A_mean=0.1360 |g|=3.66e-03 bin=0.392 S_flip=0.081 t=23s
[P700_h160_pad0.120_s333] it  17 J=0.13893 A_min=0.1291 A_mean=0.1402 |g|=3.53e-03 bin=0.367 S_flip=0.083 t=24s
[P700_h160_pad0.120_s333] it  18 J=0.14304 A_min=0.1331 A_mean=0.1443 |g|=3.33e-03 bin=0.340 S_flip=0.084 t=26s
[P700_h160_pad0.120_s333] it  19 J=0.14700 A_min=0.1369 A_mean=0.1483 |g|=3.09e-03 bin=0.312 S_flip=0.085 t=27s
[P700_h160_pad0.120_s333] it  20 J=0.15071 A_min=0.1405 A_mean=0.1520 |g|=2.81e-03 bin=0.284 S_flip=0.087 t=28s
[P700_h160_pad0.120_s333] it  21 J=0.15409 A_min=0.1438 A_mean=0.1554 |g|=2.52e-03 bin=0.256 S_flip=0.088 t=30s
[P700_h160_pad0.120_s333] it  22 J=0.15710 A_min=0.1468 A_mean=0.1584 |g|=2.23e-03 bin=0.230 S_flip=0.090 t=31s
[P700_h160_pad0.120_s333] it  23 J=0.15972 A_min=0.1493 A_mean=0.1611 |g|=1.96e-03 bin=0.205 S_flip=0.092 t=32s
[P700_h160_pad0.120_s333] it  24 J=0.16195 A_min=0.1516 A_mean=0.1633 |g|=1.72e-03 bin=0.183 S_flip=0.094 t=34s
[P700_h160_pad0.120_s333] it  25 J=0.16382 A_min=0.1534 A_mean=0.1652 |g|=1.50e-03 bin=0.163 S_flip=0.096 t=35s
[P700_h160_pad0.120_s333] it  26 J=0.16539 A_min=0.1550 A_mean=0.1668 |g|=1.31e-03 bin=0.145 S_flip=0.099 t=36s
[P700_h160_pad0.120_s333] it  27 J=0.16667 A_min=0.1563 A_mean=0.1680 |g|=1.15e-03 bin=0.130 S_flip=0.102 t=38s
[P700_h160_pad0.120_s333] it  28 J=0.16773 A_min=0.1574 A_mean=0.1691 |g|=1.01e-03 bin=0.116 S_flip=0.104 t=39s
[P700_h160_pad0.120_s333] it  29 J=0.16860 A_min=0.1582 A_mean=0.1700 |g|=8.97e-04 bin=0.104 S_flip=0.107 t=40s
[P700_h160_pad0.120_s333] it  30 J=0.16931 A_min=0.1590 A_mean=0.1707 |g|=7.99e-04 bin=0.094 S_flip=0.111 t=42s
[P700_h160_pad0.120_s333] it  31 J=0.16989 A_min=0.1596 A_mean=0.1713 |g|=7.16e-04 bin=0.085 S_flip=0.114 t=43s
[P700_h160_pad0.120_s333] it  32 J=0.17038 A_min=0.1601 A_mean=0.1718 |g|=6.46e-04 bin=0.077 S_flip=0.117 t=44s
[P700_h160_pad0.120_s333] it  33 J=0.17078 A_min=0.1605 A_mean=0.1722 |g|=5.87e-04 bin=0.070 S_flip=0.121 t=45s
[P700_h160_pad0.120_s333] it  34 J=0.17112 A_min=0.1609 A_mean=0.1725 |g|=5.37e-04 bin=0.064 S_flip=0.124 t=47s
[P700_h160_pad0.120_s333] it  35 J=0.17141 A_min=0.1612 A_mean=0.1728 |g|=4.96e-04 bin=0.059 S_flip=0.128 t=48s
[P700_h160_pad0.120_s333] it  36 J=0.17165 A_min=0.1614 A_mean=0.1731 |g|=4.62e-04 bin=0.054 S_flip=0.131 t=49s
[P700_h160_pad0.120_s333] it  37 J=0.17186 A_min=0.1616 A_mean=0.1733 |g|=4.34e-04 bin=0.050 S_flip=0.135 t=51s
[P700_h160_pad0.120_s333] it  38 J=0.17203 A_min=0.1618 A_mean=0.1734 |g|=4.10e-04 bin=0.046 S_flip=0.138 t=52s
[P700_h160_pad0.120_s333] it  39 J=0.17219 A_min=0.1620 A_mean=0.1736 |g|=3.91e-04 bin=0.042 S_flip=0.142 t=53s
[P700_h160_pad0.120_s333] it  40 J=0.17232 A_min=0.1621 A_mean=0.1737 |g|=3.76e-04 bin=0.039 S_flip=0.146 t=55s
[P700_h160_pad0.120_s333] it  41 J=0.17243 A_min=0.1622 A_mean=0.1738 |g|=3.63e-04 bin=0.036 S_flip=0.149 t=56s
[P700_h160_pad0.120_s333] it  42 J=0.17253 A_min=0.1623 A_mean=0.1739 |g|=3.52e-04 bin=0.034 S_flip=0.152 t=57s
[P700_h160_pad0.120_s333] it  43 J=0.17261 A_min=0.1624 A_mean=0.1740 |g|=3.44e-04 bin=0.031 S_flip=0.156 t=59s
[P700_h160_pad0.120_s333] it  44 J=0.17269 A_min=0.1625 A_mean=0.1741 |g|=3.37e-04 bin=0.029 S_flip=0.159 t=60s
[P700_h160_pad0.120_s333] it  45 J=0.17275 A_min=0.1626 A_mean=0.1742 |g|=3.32e-04 bin=0.027 S_flip=0.162 t=61s
[P700_h160_pad0.120_s333] it  46 J=0.17281 A_min=0.1626 A_mean=0.1742 |g|=3.28e-04 bin=0.025 S_flip=0.164 t=63s
[P700_h160_pad0.120_s333] it  47 J=0.17286 A_min=0.1627 A_mean=0.1743 |g|=3.26e-04 bin=0.023 S_flip=0.167 t=64s
[P700_h160_pad0.120_s333] it  48 J=0.17291 A_min=0.1627 A_mean=0.1743 |g|=3.25e-04 bin=0.022 S_flip=0.169 t=66s
[P700_h160_pad0.120_s333] it  49 J=0.17295 A_min=0.1628 A_mean=0.1744 |g|=3.26e-04 bin=0.020 S_flip=0.171 t=67s
[P700_h160_pad0.120_s333] it  50 J=0.17298 A_min=0.1628 A_mean=0.1744 |g|=3.28e-04 bin=0.019 S_flip=0.174 t=68s
[P700_h160_pad0.120_s333] it  51 J=0.17301 A_min=0.1629 A_mean=0.1744 |g|=3.32e-04 bin=0.018 S_flip=0.175 t=70s
[P700_h160_pad0.120_s333] it  52 J=0.17304 A_min=0.1629 A_mean=0.1745 |g|=3.37e-04 bin=0.017 S_flip=0.177 t=71s
[P700_h160_pad0.120_s333] it  53 J=0.17307 A_min=0.1629 A_mean=0.1745 |g|=3.44e-04 bin=0.016 S_flip=0.179 t=73s
[P700_h160_pad0.120_s333] it  54 J=0.17309 A_min=0.1630 A_mean=0.1745 |g|=3.51e-04 bin=0.015 S_flip=0.181 t=74s
[P700_h160_pad0.120_s333] it  55 J=0.17312 A_min=0.1630 A_mean=0.1745 |g|=3.59e-04 bin=0.014 S_flip=0.182 t=76s
[P700_h160_pad0.120_s333] it  56 J=0.17314 A_min=0.1630 A_mean=0.1746 |g|=3.67e-04 bin=0.013 S_flip=0.184 t=77s
[P700_h160_pad0.120_s333] it  57 J=0.17316 A_min=0.1630 A_mean=0.1746 |g|=3.74e-04 bin=0.012 S_flip=0.186 t=79s
[P700_h160_pad0.120_s333] it  58 J=0.17318 A_min=0.1631 A_mean=0.1746 |g|=3.79e-04 bin=0.011 S_flip=0.187 t=80s
[P700_h160_pad0.120_s333] it  59 J=0.17320 A_min=0.1631 A_mean=0.1746 |g|=3.82e-04 bin=0.011 S_flip=0.189 t=81s
[P700_h160_pad0.120_s333] it  60 J=0.17321 A_min=0.1631 A_mean=0.1746 |g|=3.80e-04 bin=0.010 S_flip=0.191 t=83s
[P700_h160_pad0.120_s333] it  61 J=0.17323 A_min=0.1631 A_mean=0.1747 |g|=3.74e-04 bin=0.009 S_flip=0.193 t=84s
[P700_h160_pad0.120_s333] it  62 J=0.17325 A_min=0.1631 A_mean=0.1747 |g|=3.64e-04 bin=0.008 S_flip=0.195 t=85s
[P700_h160_pad0.120_s333] it  63 J=0.17326 A_min=0.1632 A_mean=0.1747 |g|=3.51e-04 bin=0.008 S_flip=0.198 t=87s
[P700_h160_pad0.120_s333] it  64 J=0.17327 A_min=0.1632 A_mean=0.1747 |g|=3.34e-04 bin=0.007 S_flip=0.200 t=88s
[P700_h160_pad0.120_s333] it  65 J=0.17329 A_min=0.1632 A_mean=0.1747 |g|=3.15e-04 bin=0.006 S_flip=0.202 t=90s
[P700_h160_pad0.120_s333] it  66 J=0.17330 A_min=0.1632 A_mean=0.1747 |g|=2.96e-04 bin=0.006 S_flip=0.203 t=91s
[P700_h160_pad0.120_s333] it  67 J=0.17330 A_min=0.1632 A_mean=0.1747 |g|=2.79e-04 bin=0.005 S_flip=0.205 t=93s
[P700_h160_pad0.120_s333] it  68 J=0.17331 A_min=0.1632 A_mean=0.1748 |g|=2.64e-04 bin=0.005 S_flip=0.207 t=94s
[P700_h160_pad0.120_s333] it  69 J=0.17332 A_min=0.1632 A_mean=0.1748 |g|=2.53e-04 bin=0.004 S_flip=0.208 t=95s
[P700_h160_pad0.120_s333] it  70 J=0.17333 A_min=0.1632 A_mean=0.1748 |g|=2.45e-04 bin=0.004 S_flip=0.209 t=97s
[P700_h160_pad0.120_s333] it  71 J=0.17333 A_min=0.1632 A_mean=0.1748 |g|=2.40e-04 bin=0.003 S_flip=0.210 t=98s
[P700_h160_pad0.120_s333] it  72 J=0.17333 A_min=0.1633 A_mean=0.1748 |g|=2.37e-04 bin=0.003 S_flip=0.211 t=100s
[P700_h160_pad0.120_s333] it  73 J=0.17334 A_min=0.1633 A_mean=0.1748 |g|=2.36e-04 bin=0.003 S_flip=0.212 t=101s
[P700_h160_pad0.120_s333] it  74 J=0.17334 A_min=0.1633 A_mean=0.1748 |g|=2.35e-04 bin=0.003 S_flip=0.212 t=103s
[P700_h160_pad0.120_s333] it  75 J=0.17334 A_min=0.1633 A_mean=0.1748 |g|=2.36e-04 bin=0.002 S_flip=0.213 t=104s
[P700_h160_pad0.120_s333] it  76 J=0.17335 A_min=0.1633 A_mean=0.1748 |g|=2.37e-04 bin=0.002 S_flip=0.213 t=105s
[P700_h160_pad0.120_s333] it  77 J=0.17335 A_min=0.1633 A_mean=0.1748 |g|=2.37e-04 bin=0.002 S_flip=0.214 t=107s
[P700_h160_pad0.120_s333] it  78 J=0.17335 A_min=0.1633 A_mean=0.1748 |g|=2.38e-04 bin=0.002 S_flip=0.215 t=108s
[P700_h160_pad0.120_s333] it  79 J=0.17335 A_min=0.1633 A_mean=0.1748 |g|=2.39e-04 bin=0.002 S_flip=0.215 t=110s
[P700_h160_pad0.120_s333] it  80 J=0.17336 A_min=0.1633 A_mean=0.1748 |g|=2.39e-04 bin=0.002 S_flip=0.215 t=111s
[P700_h160_pad0.120_s333] it  81 J=0.17336 A_min=0.1633 A_mean=0.1748 |g|=2.40e-04 bin=0.001 S_flip=0.216 t=112s
[P700_h160_pad0.120_s333] it  82 J=0.17336 A_min=0.1633 A_mean=0.1748 |g|=2.41e-04 bin=0.001 S_flip=0.216 t=114s
[P700_h160_pad0.120_s333] it  83 J=0.17336 A_min=0.1633 A_mean=0.1748 |g|=2.42e-04 bin=0.001 S_flip=0.217 t=115s
[P700_h160_pad0.120_s333] it  84 J=0.17336 A_min=0.1633 A_mean=0.1748 |g|=2.44e-04 bin=0.001 S_flip=0.217 t=117s
[P700_h160_pad0.120_s333] it  85 J=0.17336 A_min=0.1633 A_mean=0.1748 |g|=2.47e-04 bin=0.001 S_flip=0.217 t=118s
[P700_h160_pad0.120_s333] it  86 J=0.17336 A_min=0.1633 A_mean=0.1748 |g|=2.51e-04 bin=0.001 S_flip=0.217 t=120s
[P700_h160_pad0.120_s333] it  87 J=0.17337 A_min=0.1633 A_mean=0.1748 |g|=2.56e-04 bin=0.001 S_flip=0.218 t=121s
[P700_h160_pad0.120_s333] it  88 J=0.17337 A_min=0.1633 A_mean=0.1748 |g|=2.61e-04 bin=0.001 S_flip=0.218 t=123s
[P700_h160_pad0.120_s333] it  89 J=0.17337 A_min=0.1633 A_mean=0.1748 |g|=2.67e-04 bin=0.001 S_flip=0.218 t=124s
[P700_h160_pad0.120_s333] it  90 J=0.17337 A_min=0.1633 A_mean=0.1748 |g|=2.73e-04 bin=0.001 S_flip=0.218 t=126s
[P700_h160_pad0.120_s333] it  91 J=0.17337 A_min=0.1633 A_mean=0.1748 |g|=2.79e-04 bin=0.001 S_flip=0.219 t=127s
[P700_h160_pad0.120_s333] it  92 J=0.17337 A_min=0.1633 A_mean=0.1748 |g|=2.85e-04 bin=0.001 S_flip=0.219 t=129s
[P700_h160_pad0.120_s333] it  93 J=0.17337 A_min=0.1633 A_mean=0.1748 |g|=2.91e-04 bin=0.001 S_flip=0.219 t=130s
[P700_h160_pad0.120_s333] it  94 J=0.17337 A_min=0.1633 A_mean=0.1748 |g|=2.98e-04 bin=0.001 S_flip=0.219 t=131s
[P700_h160_pad0.120_s333] it  95 J=0.17337 A_min=0.1633 A_mean=0.1748 |g|=3.04e-04 bin=0.001 S_flip=0.219 t=133s
[P700_h160_pad0.120_s333] it  96 J=0.17337 A_min=0.1633 A_mean=0.1748 |g|=3.11e-04 bin=0.001 S_flip=0.219 t=134s
[P700_h160_pad0.120_s333] it  97 J=0.17337 A_min=0.1633 A_mean=0.1748 |g|=3.19e-04 bin=0.001 S_flip=0.219 t=136s
[P700_h160_pad0.120_s333] it  98 J=0.17337 A_min=0.1633 A_mean=0.1748 |g|=3.27e-04 bin=0.000 S_flip=0.219 t=137s
[P700_h160_pad0.120_s333] it  99 J=0.17337 A_min=0.1633 A_mean=0.1748 |g|=3.35e-04 bin=0.000 S_flip=0.219 t=138s
[P700_h160_pad0.120_s333] done: J_soft=0.17337 J_hard=0.17337 A_hard=[0.1633, 0.1944, 0.1668] S_flip=0.221 wall=140s
[P700_h160_pad0.120_s1001] it   0 J=0.09734 A_min=0.0891 A_mean=0.0984 |g|=2.08e-03 bin=0.536 S_flip=0.053 t=1s
[P700_h160_pad0.120_s1001] it   1 J=0.09814 A_min=0.0899 A_mean=0.0992 |g|=2.16e-03 bin=0.534 S_flip=0.054 t=3s
[P700_h160_pad0.120_s1001] it   2 J=0.09903 A_min=0.0907 A_mean=0.1001 |g|=2.25e-03 bin=0.532 S_flip=0.055 t=4s
[P700_h160_pad0.120_s1001] it   3 J=0.10002 A_min=0.0917 A_mean=0.1011 |g|=2.35e-03 bin=0.530 S_flip=0.056 t=6s
[P700_h160_pad0.120_s1001] it   4 J=0.10113 A_min=0.0927 A_mean=0.1022 |g|=2.47e-03 bin=0.527 S_flip=0.057 t=7s
[P700_h160_pad0.120_s1001] it   5 J=0.10238 A_min=0.0939 A_mean=0.1035 |g|=2.59e-03 bin=0.523 S_flip=0.058 t=8s
[P700_h160_pad0.120_s1001] it   6 J=0.10380 A_min=0.0953 A_mean=0.1049 |g|=2.73e-03 bin=0.519 S_flip=0.059 t=10s
[P700_h160_pad0.120_s1001] it   7 J=0.10542 A_min=0.0969 A_mean=0.1065 |g|=2.88e-03 bin=0.515 S_flip=0.060 t=11s
[P700_h160_pad0.120_s1001] it   8 J=0.10727 A_min=0.0986 A_mean=0.1084 |g|=3.04e-03 bin=0.509 S_flip=0.060 t=13s
[P700_h160_pad0.120_s1001] it   9 J=0.10938 A_min=0.1007 A_mean=0.1105 |g|=3.21e-03 bin=0.502 S_flip=0.061 t=14s
[P700_h160_pad0.120_s1001] it  10 J=0.11179 A_min=0.1030 A_mean=0.1129 |g|=3.38e-03 bin=0.494 S_flip=0.062 t=15s
[P700_h160_pad0.120_s1001] it  11 J=0.11451 A_min=0.1056 A_mean=0.1156 |g|=3.54e-03 bin=0.484 S_flip=0.063 t=17s
[P700_h160_pad0.120_s1001] it  12 J=0.11757 A_min=0.1086 A_mean=0.1187 |g|=3.69e-03 bin=0.473 S_flip=0.063 t=18s
[P700_h160_pad0.120_s1001] it  13 J=0.12096 A_min=0.1118 A_mean=0.1221 |g|=3.81e-03 bin=0.459 S_flip=0.063 t=19s
[P700_h160_pad0.120_s1001] it  14 J=0.12468 A_min=0.1154 A_mean=0.1258 |g|=3.89e-03 bin=0.443 S_flip=0.063 t=21s
[P700_h160_pad0.120_s1001] it  15 J=0.12867 A_min=0.1192 A_mean=0.1299 |g|=3.91e-03 bin=0.424 S_flip=0.063 t=22s
[P700_h160_pad0.120_s1001] it  16 J=0.13286 A_min=0.1233 A_mean=0.1341 |g|=3.86e-03 bin=0.402 S_flip=0.062 t=23s
[P700_h160_pad0.120_s1001] it  17 J=0.13716 A_min=0.1274 A_mean=0.1384 |g|=3.74e-03 bin=0.378 S_flip=0.061 t=24s
[P700_h160_pad0.120_s1001] it  18 J=0.14145 A_min=0.1316 A_mean=0.1427 |g|=3.55e-03 bin=0.351 S_flip=0.060 t=26s
[P700_h160_pad0.120_s1001] it  19 J=0.14561 A_min=0.1356 A_mean=0.1469 |g|=3.30e-03 bin=0.323 S_flip=0.060 t=27s
[P700_h160_pad0.120_s1001] it  20 J=0.14953 A_min=0.1394 A_mean=0.1508 |g|=3.01e-03 bin=0.294 S_flip=0.059 t=28s
[P700_h160_pad0.120_s1001] it  21 J=0.15312 A_min=0.1429 A_mean=0.1544 |g|=2.70e-03 bin=0.266 S_flip=0.059 t=29s
[P700_h160_pad0.120_s1001] it  22 J=0.15632 A_min=0.1461 A_mean=0.1576 |g|=2.39e-03 bin=0.238 S_flip=0.059 t=31s
[P700_h160_pad0.120_s1001] it  23 J=0.15911 A_min=0.1488 A_mean=0.1604 |g|=2.09e-03 bin=0.213 S_flip=0.060 t=32s
[P700_h160_pad0.120_s1001] it  24 J=0.16149 A_min=0.1511 A_mean=0.1628 |g|=1.82e-03 bin=0.189 S_flip=0.061 t=33s
[P700_h160_pad0.120_s1001] it  25 J=0.16349 A_min=0.1531 A_mean=0.1648 |g|=1.59e-03 bin=0.168 S_flip=0.062 t=35s
[P700_h160_pad0.120_s1001] it  26 J=0.16515 A_min=0.1548 A_mean=0.1665 |g|=1.39e-03 bin=0.149 S_flip=0.064 t=36s
[P700_h160_pad0.120_s1001] it  27 J=0.16651 A_min=0.1562 A_mean=0.1679 |g|=1.21e-03 bin=0.133 S_flip=0.066 t=38s
[P700_h160_pad0.120_s1001] it  28 J=0.16763 A_min=0.1573 A_mean=0.1690 |g|=1.07e-03 bin=0.119 S_flip=0.068 t=39s
[P700_h160_pad0.120_s1001] it  29 J=0.16854 A_min=0.1582 A_mean=0.1699 |g|=9.43e-04 bin=0.106 S_flip=0.070 t=40s
[P700_h160_pad0.120_s1001] it  30 J=0.16929 A_min=0.1590 A_mean=0.1707 |g|=8.38e-04 bin=0.096 S_flip=0.073 t=41s
[P700_h160_pad0.120_s1001] it  31 J=0.16991 A_min=0.1596 A_mean=0.1713 |g|=7.49e-04 bin=0.087 S_flip=0.076 t=43s
[P700_h160_pad0.120_s1001] it  32 J=0.17041 A_min=0.1601 A_mean=0.1718 |g|=6.74e-04 bin=0.078 S_flip=0.078 t=44s
[P700_h160_pad0.120_s1001] it  33 J=0.17083 A_min=0.1606 A_mean=0.1722 |g|=6.10e-04 bin=0.071 S_flip=0.081 t=45s
[P700_h160_pad0.120_s1001] it  34 J=0.17118 A_min=0.1609 A_mean=0.1726 |g|=5.56e-04 bin=0.065 S_flip=0.084 t=47s
[P700_h160_pad0.120_s1001] it  35 J=0.17148 A_min=0.1612 A_mean=0.1729 |g|=5.10e-04 bin=0.060 S_flip=0.087 t=48s
[P700_h160_pad0.120_s1001] it  36 J=0.17172 A_min=0.1615 A_mean=0.1731 |g|=4.72e-04 bin=0.055 S_flip=0.090 t=49s
[P700_h160_pad0.120_s1001] it  37 J=0.17194 A_min=0.1617 A_mean=0.1734 |g|=4.40e-04 bin=0.050 S_flip=0.093 t=51s
[P700_h160_pad0.120_s1001] it  38 J=0.17212 A_min=0.1619 A_mean=0.1735 |g|=4.14e-04 bin=0.046 S_flip=0.096 t=52s
[P700_h160_pad0.120_s1001] it  39 J=0.17227 A_min=0.1621 A_mean=0.1737 |g|=3.92e-04 bin=0.043 S_flip=0.099 t=53s
[P700_h160_pad0.120_s1001] it  40 J=0.17241 A_min=0.1622 A_mean=0.1738 |g|=3.74e-04 bin=0.039 S_flip=0.102 t=55s
[P700_h160_pad0.120_s1001] it  41 J=0.17252 A_min=0.1623 A_mean=0.1739 |g|=3.59e-04 bin=0.036 S_flip=0.105 t=56s
[P700_h160_pad0.120_s1001] it  42 J=0.17262 A_min=0.1624 A_mean=0.1741 |g|=3.46e-04 bin=0.034 S_flip=0.108 t=57s
[P700_h160_pad0.120_s1001] it  43 J=0.17271 A_min=0.1625 A_mean=0.1741 |g|=3.36e-04 bin=0.031 S_flip=0.111 t=59s
[P700_h160_pad0.120_s1001] it  44 J=0.17278 A_min=0.1626 A_mean=0.1742 |g|=3.27e-04 bin=0.029 S_flip=0.114 t=60s
[P700_h160_pad0.120_s1001] it  45 J=0.17285 A_min=0.1627 A_mean=0.1743 |g|=3.20e-04 bin=0.027 S_flip=0.116 t=62s
[P700_h160_pad0.120_s1001] it  46 J=0.17291 A_min=0.1628 A_mean=0.1743 |g|=3.15e-04 bin=0.025 S_flip=0.119 t=63s
[P700_h160_pad0.120_s1001] it  47 J=0.17296 A_min=0.1628 A_mean=0.1744 |g|=3.11e-04 bin=0.023 S_flip=0.121 t=64s
[P700_h160_pad0.120_s1001] it  48 J=0.17300 A_min=0.1629 A_mean=0.1744 |g|=3.09e-04 bin=0.021 S_flip=0.124 t=66s
[P700_h160_pad0.120_s1001] it  49 J=0.17304 A_min=0.1629 A_mean=0.1745 |g|=3.08e-04 bin=0.020 S_flip=0.126 t=67s
[P700_h160_pad0.120_s1001] it  50 J=0.17308 A_min=0.1629 A_mean=0.1745 |g|=3.09e-04 bin=0.019 S_flip=0.128 t=68s
[P700_h160_pad0.120_s1001] it  51 J=0.17311 A_min=0.1630 A_mean=0.1745 |g|=3.11e-04 bin=0.017 S_flip=0.130 t=70s
[P700_h160_pad0.120_s1001] it  52 J=0.17313 A_min=0.1630 A_mean=0.1746 |g|=3.15e-04 bin=0.016 S_flip=0.132 t=71s
[P700_h160_pad0.120_s1001] it  53 J=0.17316 A_min=0.1630 A_mean=0.1746 |g|=3.21e-04 bin=0.015 S_flip=0.134 t=72s
[P700_h160_pad0.120_s1001] it  54 J=0.17318 A_min=0.1631 A_mean=0.1746 |g|=3.28e-04 bin=0.014 S_flip=0.135 t=74s
[P700_h160_pad0.120_s1001] it  55 J=0.17320 A_min=0.1631 A_mean=0.1746 |g|=3.36e-04 bin=0.013 S_flip=0.137 t=75s
[P700_h160_pad0.120_s1001] it  56 J=0.17322 A_min=0.1631 A_mean=0.1747 |g|=3.45e-04 bin=0.013 S_flip=0.138 t=76s
[P700_h160_pad0.120_s1001] it  57 J=0.17324 A_min=0.1631 A_mean=0.1747 |g|=3.54e-04 bin=0.012 S_flip=0.140 t=78s
[P700_h160_pad0.120_s1001] it  58 J=0.17326 A_min=0.1631 A_mean=0.1747 |g|=3.62e-04 bin=0.011 S_flip=0.142 t=79s
[P700_h160_pad0.120_s1001] it  59 J=0.17327 A_min=0.1632 A_mean=0.1747 |g|=3.71e-04 bin=0.010 S_flip=0.143 t=81s
[P700_h160_pad0.120_s1001] it  60 J=0.17329 A_min=0.1632 A_mean=0.1747 |g|=3.77e-04 bin=0.010 S_flip=0.145 t=82s
[P700_h160_pad0.120_s1001] it  61 J=0.17330 A_min=0.1632 A_mean=0.1747 |g|=3.82e-04 bin=0.009 S_flip=0.147 t=83s
[P700_h160_pad0.120_s1001] it  62 J=0.17332 A_min=0.1632 A_mean=0.1748 |g|=3.84e-04 bin=0.008 S_flip=0.149 t=85s
[P700_h160_pad0.120_s1001] it  63 J=0.17333 A_min=0.1632 A_mean=0.1748 |g|=3.84e-04 bin=0.008 S_flip=0.151 t=86s
[P700_h160_pad0.120_s1001] it  64 J=0.17334 A_min=0.1633 A_mean=0.1748 |g|=3.79e-04 bin=0.007 S_flip=0.153 t=88s
[P700_h160_pad0.120_s1001] it  65 J=0.17335 A_min=0.1633 A_mean=0.1748 |g|=3.72e-04 bin=0.007 S_flip=0.155 t=89s
[P700_h160_pad0.120_s1001] it  66 J=0.17337 A_min=0.1633 A_mean=0.1748 |g|=3.61e-04 bin=0.006 S_flip=0.157 t=90s
[P700_h160_pad0.120_s1001] it  67 J=0.17337 A_min=0.1633 A_mean=0.1748 |g|=3.48e-04 bin=0.006 S_flip=0.159 t=92s
[P700_h160_pad0.120_s1001] it  68 J=0.17338 A_min=0.1633 A_mean=0.1748 |g|=3.33e-04 bin=0.005 S_flip=0.160 t=93s
[P700_h160_pad0.120_s1001] it  69 J=0.17339 A_min=0.1633 A_mean=0.1748 |g|=3.19e-04 bin=0.005 S_flip=0.162 t=95s
[P700_h160_pad0.120_s1001] it  70 J=0.17340 A_min=0.1633 A_mean=0.1748 |g|=3.05e-04 bin=0.004 S_flip=0.164 t=96s
[P700_h160_pad0.120_s1001] it  71 J=0.17340 A_min=0.1633 A_mean=0.1749 |g|=2.94e-04 bin=0.004 S_flip=0.165 t=98s
[P700_h160_pad0.120_s1001] it  72 J=0.17341 A_min=0.1633 A_mean=0.1749 |g|=2.84e-04 bin=0.004 S_flip=0.166 t=99s
[P700_h160_pad0.120_s1001] it  73 J=0.17341 A_min=0.1634 A_mean=0.1749 |g|=2.78e-04 bin=0.003 S_flip=0.167 t=101s
[P700_h160_pad0.120_s1001] it  74 J=0.17342 A_min=0.1634 A_mean=0.1749 |g|=2.74e-04 bin=0.003 S_flip=0.168 t=102s
[P700_h160_pad0.120_s1001] it  75 J=0.17342 A_min=0.1634 A_mean=0.1749 |g|=2.71e-04 bin=0.003 S_flip=0.168 t=104s
[P700_h160_pad0.120_s1001] it  76 J=0.17342 A_min=0.1634 A_mean=0.1749 |g|=2.69e-04 bin=0.003 S_flip=0.169 t=105s
[P700_h160_pad0.120_s1001] it  77 J=0.17343 A_min=0.1634 A_mean=0.1749 |g|=2.67e-04 bin=0.002 S_flip=0.170 t=106s
[P700_h160_pad0.120_s1001] it  78 J=0.17343 A_min=0.1634 A_mean=0.1749 |g|=2.66e-04 bin=0.002 S_flip=0.170 t=108s
[P700_h160_pad0.120_s1001] it  79 J=0.17343 A_min=0.1634 A_mean=0.1749 |g|=2.63e-04 bin=0.002 S_flip=0.171 t=109s
[P700_h160_pad0.120_s1001] it  80 J=0.17343 A_min=0.1634 A_mean=0.1749 |g|=2.61e-04 bin=0.002 S_flip=0.171 t=110s
[P700_h160_pad0.120_s1001] it  81 J=0.17344 A_min=0.1634 A_mean=0.1749 |g|=2.57e-04 bin=0.002 S_flip=0.172 t=112s
[P700_h160_pad0.120_s1001] it  82 J=0.17344 A_min=0.1634 A_mean=0.1749 |g|=2.53e-04 bin=0.002 S_flip=0.172 t=113s
[P700_h160_pad0.120_s1001] it  83 J=0.17344 A_min=0.1634 A_mean=0.1749 |g|=2.48e-04 bin=0.002 S_flip=0.172 t=115s
[P700_h160_pad0.120_s1001] it  84 J=0.17344 A_min=0.1634 A_mean=0.1749 |g|=2.44e-04 bin=0.001 S_flip=0.173 t=116s
[P700_h160_pad0.120_s1001] it  85 J=0.17344 A_min=0.1634 A_mean=0.1749 |g|=2.40e-04 bin=0.001 S_flip=0.173 t=118s
[P700_h160_pad0.120_s1001] it  86 J=0.17344 A_min=0.1634 A_mean=0.1749 |g|=2.37e-04 bin=0.001 S_flip=0.173 t=119s
[P700_h160_pad0.120_s1001] it  87 J=0.17344 A_min=0.1634 A_mean=0.1749 |g|=2.35e-04 bin=0.001 S_flip=0.174 t=120s
[P700_h160_pad0.120_s1001] it  88 J=0.17344 A_min=0.1634 A_mean=0.1749 |g|=2.35e-04 bin=0.001 S_flip=0.174 t=122s
[P700_h160_pad0.120_s1001] it  89 J=0.17344 A_min=0.1634 A_mean=0.1749 |g|=2.37e-04 bin=0.001 S_flip=0.174 t=123s
[P700_h160_pad0.120_s1001] it  90 J=0.17344 A_min=0.1634 A_mean=0.1749 |g|=2.40e-04 bin=0.001 S_flip=0.174 t=125s
[P700_h160_pad0.120_s1001] it  91 J=0.17344 A_min=0.1634 A_mean=0.1749 |g|=2.44e-04 bin=0.001 S_flip=0.175 t=126s
[P700_h160_pad0.120_s1001] it  92 J=0.17344 A_min=0.1634 A_mean=0.1749 |g|=2.50e-04 bin=0.001 S_flip=0.175 t=128s
[P700_h160_pad0.120_s1001] it  93 J=0.17345 A_min=0.1634 A_mean=0.1749 |g|=2.57e-04 bin=0.001 S_flip=0.175 t=129s
[P700_h160_pad0.120_s1001] it  94 J=0.17345 A_min=0.1634 A_mean=0.1749 |g|=2.64e-04 bin=0.001 S_flip=0.175 t=130s
[P700_h160_pad0.120_s1001] it  95 J=0.17345 A_min=0.1634 A_mean=0.1749 |g|=2.73e-04 bin=0.001 S_flip=0.175 t=132s
[P700_h160_pad0.120_s1001] it  96 J=0.17345 A_min=0.1634 A_mean=0.1749 |g|=2.82e-04 bin=0.001 S_flip=0.175 t=133s
[P700_h160_pad0.120_s1001] it  97 J=0.17345 A_min=0.1634 A_mean=0.1749 |g|=2.91e-04 bin=0.001 S_flip=0.175 t=135s
[P700_h160_pad0.120_s1001] it  98 J=0.17345 A_min=0.1634 A_mean=0.1749 |g|=3.01e-04 bin=0.001 S_flip=0.176 t=136s
[P700_h160_pad0.120_s1001] it  99 J=0.17345 A_min=0.1634 A_mean=0.1749 |g|=3.11e-04 bin=0.001 S_flip=0.176 t=138s
[P700_h160_pad0.120_s1001] done: J_soft=0.17345 J_hard=0.17345 A_hard=[0.1634, 0.1946, 0.1668] S_flip=0.177 wall=140s
[P700_h160_pad0.120_s7777] it   0 J=0.09918 A_min=0.0909 A_mean=0.1002 |g|=2.08e-03 bin=0.539 S_flip=0.053 t=1s
[P700_h160_pad0.120_s7777] it   1 J=0.10006 A_min=0.0917 A_mean=0.1011 |g|=2.16e-03 bin=0.537 S_flip=0.054 t=3s
[P700_h160_pad0.120_s7777] it   2 J=0.10102 A_min=0.0926 A_mean=0.1021 |g|=2.25e-03 bin=0.535 S_flip=0.055 t=4s
[P700_h160_pad0.120_s7777] it   3 J=0.10210 A_min=0.0936 A_mean=0.1032 |g|=2.35e-03 bin=0.532 S_flip=0.056 t=6s
[P700_h160_pad0.120_s7777] it   4 J=0.10330 A_min=0.0948 A_mean=0.1044 |g|=2.46e-03 bin=0.529 S_flip=0.057 t=7s
[P700_h160_pad0.120_s7777] it   5 J=0.10466 A_min=0.0961 A_mean=0.1057 |g|=2.58e-03 bin=0.525 S_flip=0.059 t=8s
[P700_h160_pad0.120_s7777] it   6 J=0.10619 A_min=0.0976 A_mean=0.1073 |g|=2.72e-03 bin=0.521 S_flip=0.060 t=10s
[P700_h160_pad0.120_s7777] it   7 J=0.10793 A_min=0.0992 A_mean=0.1090 |g|=2.86e-03 bin=0.516 S_flip=0.061 t=11s
[P700_h160_pad0.120_s7777] it   8 J=0.10990 A_min=0.1011 A_mean=0.1110 |g|=3.01e-03 bin=0.509 S_flip=0.062 t=12s
[P700_h160_pad0.120_s7777] it   9 J=0.11214 A_min=0.1033 A_mean=0.1133 |g|=3.16e-03 bin=0.501 S_flip=0.064 t=14s
[P700_h160_pad0.120_s7777] it  10 J=0.11466 A_min=0.1057 A_mean=0.1158 |g|=3.30e-03 bin=0.492 S_flip=0.065 t=15s
[P700_h160_pad0.120_s7777] it  11 J=0.11749 A_min=0.1084 A_mean=0.1186 |g|=3.44e-03 bin=0.481 S_flip=0.066 t=17s
[P700_h160_pad0.120_s7777] it  12 J=0.12062 A_min=0.1114 A_mean=0.1218 |g|=3.55e-03 bin=0.468 S_flip=0.067 t=18s
[P700_h160_pad0.120_s7777] it  13 J=0.12406 A_min=0.1147 A_mean=0.1252 |g|=3.63e-03 bin=0.453 S_flip=0.068 t=19s
[P700_h160_pad0.120_s7777] it  14 J=0.12777 A_min=0.1183 A_mean=0.1290 |g|=3.67e-03 bin=0.436 S_flip=0.069 t=21s
[P700_h160_pad0.120_s7777] it  15 J=0.13170 A_min=0.1221 A_mean=0.1329 |g|=3.65e-03 bin=0.415 S_flip=0.069 t=22s
[P700_h160_pad0.120_s7777] it  16 J=0.13577 A_min=0.1260 A_mean=0.1370 |g|=3.57e-03 bin=0.392 S_flip=0.069 t=24s
[P700_h160_pad0.120_s7777] it  17 J=0.13988 A_min=0.1300 A_mean=0.1411 |g|=3.42e-03 bin=0.367 S_flip=0.069 t=25s
[P700_h160_pad0.120_s7777] it  18 J=0.14393 A_min=0.1339 A_mean=0.1452 |g|=3.22e-03 bin=0.341 S_flip=0.069 t=26s
[P700_h160_pad0.120_s7777] it  19 J=0.14780 A_min=0.1376 A_mean=0.1491 |g|=2.97e-03 bin=0.313 S_flip=0.070 t=28s
[P700_h160_pad0.120_s7777] it  20 J=0.15142 A_min=0.1411 A_mean=0.1527 |g|=2.69e-03 bin=0.285 S_flip=0.070 t=29s
[P700_h160_pad0.120_s7777] it  21 J=0.15470 A_min=0.1443 A_mean=0.1560 |g|=2.40e-03 bin=0.257 S_flip=0.071 t=30s
[P700_h160_pad0.120_s7777] it  22 J=0.15761 A_min=0.1472 A_mean=0.1589 |g|=2.11e-03 bin=0.231 S_flip=0.072 t=31s
[P700_h160_pad0.120_s7777] it  23 J=0.16014 A_min=0.1497 A_mean=0.1615 |g|=1.84e-03 bin=0.207 S_flip=0.073 t=33s
[P700_h160_pad0.120_s7777] it  24 J=0.16229 A_min=0.1518 A_mean=0.1636 |g|=1.60e-03 bin=0.184 S_flip=0.075 t=34s
[P700_h160_pad0.120_s7777] it  25 J=0.16410 A_min=0.1536 A_mean=0.1655 |g|=1.39e-03 bin=0.164 S_flip=0.078 t=35s
[P700_h160_pad0.120_s7777] it  26 J=0.16561 A_min=0.1551 A_mean=0.1670 |g|=1.21e-03 bin=0.146 S_flip=0.080 t=37s
[P700_h160_pad0.120_s7777] it  27 J=0.16685 A_min=0.1564 A_mean=0.1682 |g|=1.05e-03 bin=0.131 S_flip=0.083 t=38s
[P700_h160_pad0.120_s7777] it  28 J=0.16787 A_min=0.1574 A_mean=0.1693 |g|=9.24e-04 bin=0.117 S_flip=0.086 t=39s
[P700_h160_pad0.120_s7777] it  29 J=0.16871 A_min=0.1583 A_mean=0.1701 |g|=8.16e-04 bin=0.105 S_flip=0.089 t=41s
[P700_h160_pad0.120_s7777] it  30 J=0.16940 A_min=0.1590 A_mean=0.1708 |g|=7.26e-04 bin=0.095 S_flip=0.092 t=42s
[P700_h160_pad0.120_s7777] it  31 J=0.16996 A_min=0.1596 A_mean=0.1714 |g|=6.51e-04 bin=0.086 S_flip=0.095 t=44s
[P700_h160_pad0.120_s7777] it  32 J=0.17043 A_min=0.1601 A_mean=0.1718 |g|=5.88e-04 bin=0.078 S_flip=0.098 t=45s
[P700_h160_pad0.120_s7777] it  33 J=0.17082 A_min=0.1605 A_mean=0.1722 |g|=5.37e-04 bin=0.071 S_flip=0.102 t=47s
[P700_h160_pad0.120_s7777] it  34 J=0.17115 A_min=0.1608 A_mean=0.1726 |g|=4.95e-04 bin=0.065 S_flip=0.105 t=48s
[P700_h160_pad0.120_s7777] it  35 J=0.17143 A_min=0.1611 A_mean=0.1728 |g|=4.60e-04 bin=0.059 S_flip=0.109 t=49s
[P700_h160_pad0.120_s7777] it  36 J=0.17166 A_min=0.1614 A_mean=0.1731 |g|=4.33e-04 bin=0.055 S_flip=0.112 t=51s
[P700_h160_pad0.120_s7777] it  37 J=0.17186 A_min=0.1616 A_mean=0.1733 |g|=4.10e-04 bin=0.050 S_flip=0.115 t=52s
[P700_h160_pad0.120_s7777] it  38 J=0.17203 A_min=0.1618 A_mean=0.1734 |g|=3.92e-04 bin=0.046 S_flip=0.119 t=54s
[P700_h160_pad0.120_s7777] it  39 J=0.17218 A_min=0.1619 A_mean=0.1736 |g|=3.77e-04 bin=0.043 S_flip=0.122 t=55s
[P700_h160_pad0.120_s7777] it  40 J=0.17231 A_min=0.1620 A_mean=0.1737 |g|=3.65e-04 bin=0.039 S_flip=0.126 t=56s
[P700_h160_pad0.120_s7777] it  41 J=0.17242 A_min=0.1622 A_mean=0.1738 |g|=3.56e-04 bin=0.037 S_flip=0.129 t=58s
[P700_h160_pad0.120_s7777] it  42 J=0.17252 A_min=0.1623 A_mean=0.1739 |g|=3.48e-04 bin=0.034 S_flip=0.133 t=59s
[P700_h160_pad0.120_s7777] it  43 J=0.17260 A_min=0.1624 A_mean=0.1740 |g|=3.42e-04 bin=0.031 S_flip=0.136 t=60s
[P700_h160_pad0.120_s7777] it  44 J=0.17268 A_min=0.1624 A_mean=0.1741 |g|=3.36e-04 bin=0.029 S_flip=0.139 t=62s
[P700_h160_pad0.120_s7777] it  45 J=0.17274 A_min=0.1625 A_mean=0.1742 |g|=3.31e-04 bin=0.027 S_flip=0.142 t=63s
[P700_h160_pad0.120_s7777] it  46 J=0.17280 A_min=0.1626 A_mean=0.1742 |g|=3.27e-04 bin=0.025 S_flip=0.145 t=64s
[P700_h160_pad0.120_s7777] it  47 J=0.17285 A_min=0.1626 A_mean=0.1743 |g|=3.23e-04 bin=0.023 S_flip=0.148 t=66s
[P700_h160_pad0.120_s7777] it  48 J=0.17289 A_min=0.1627 A_mean=0.1743 |g|=3.20e-04 bin=0.021 S_flip=0.151 t=67s
[P700_h160_pad0.120_s7777] it  49 J=0.17294 A_min=0.1627 A_mean=0.1744 |g|=3.17e-04 bin=0.020 S_flip=0.154 t=68s
[P700_h160_pad0.120_s7777] it  50 J=0.17297 A_min=0.1628 A_mean=0.1744 |g|=3.13e-04 bin=0.018 S_flip=0.156 t=70s
[P700_h160_pad0.120_s7777] it  51 J=0.17300 A_min=0.1628 A_mean=0.1744 |g|=3.10e-04 bin=0.017 S_flip=0.159 t=71s
[P700_h160_pad0.120_s7777] it  52 J=0.17303 A_min=0.1629 A_mean=0.1745 |g|=3.07e-04 bin=0.016 S_flip=0.161 t=72s
[P700_h160_pad0.120_s7777] it  53 J=0.17306 A_min=0.1629 A_mean=0.1745 |g|=3.05e-04 bin=0.014 S_flip=0.164 t=74s
[P700_h160_pad0.120_s7777] it  54 J=0.17308 A_min=0.1629 A_mean=0.1745 |g|=3.02e-04 bin=0.013 S_flip=0.166 t=75s
[P700_h160_pad0.120_s7777] it  55 J=0.17310 A_min=0.1629 A_mean=0.1745 |g|=3.00e-04 bin=0.012 S_flip=0.168 t=76s
[P700_h160_pad0.120_s7777] it  56 J=0.17312 A_min=0.1630 A_mean=0.1746 |g|=2.97e-04 bin=0.011 S_flip=0.170 t=78s
[P700_h160_pad0.120_s7777] it  57 J=0.17314 A_min=0.1630 A_mean=0.1746 |g|=2.94e-04 bin=0.010 S_flip=0.172 t=79s
[P700_h160_pad0.120_s7777] it  58 J=0.17315 A_min=0.1630 A_mean=0.1746 |g|=2.91e-04 bin=0.010 S_flip=0.174 t=81s
[P700_h160_pad0.120_s7777] it  59 J=0.17316 A_min=0.1630 A_mean=0.1746 |g|=2.87e-04 bin=0.009 S_flip=0.176 t=82s
[P700_h160_pad0.120_s7777] it  60 J=0.17318 A_min=0.1630 A_mean=0.1746 |g|=2.83e-04 bin=0.008 S_flip=0.177 t=83s
[P700_h160_pad0.120_s7777] it  61 J=0.17319 A_min=0.1630 A_mean=0.1746 |g|=2.78e-04 bin=0.007 S_flip=0.179 t=85s
[P700_h160_pad0.120_s7777] it  62 J=0.17320 A_min=0.1630 A_mean=0.1746 |g|=2.73e-04 bin=0.007 S_flip=0.180 t=86s
[P700_h160_pad0.120_s7777] it  63 J=0.17321 A_min=0.1631 A_mean=0.1746 |g|=2.67e-04 bin=0.006 S_flip=0.182 t=87s
[P700_h160_pad0.120_s7777] it  64 J=0.17321 A_min=0.1631 A_mean=0.1746 |g|=2.62e-04 bin=0.006 S_flip=0.183 t=89s
[P700_h160_pad0.120_s7777] it  65 J=0.17322 A_min=0.1631 A_mean=0.1747 |g|=2.56e-04 bin=0.005 S_flip=0.184 t=90s
[P700_h160_pad0.120_s7777] it  66 J=0.17323 A_min=0.1631 A_mean=0.1747 |g|=2.52e-04 bin=0.005 S_flip=0.185 t=92s
[P700_h160_pad0.120_s7777] it  67 J=0.17323 A_min=0.1631 A_mean=0.1747 |g|=2.47e-04 bin=0.005 S_flip=0.186 t=93s
[P700_h160_pad0.120_s7777] it  68 J=0.17324 A_min=0.1631 A_mean=0.1747 |g|=2.44e-04 bin=0.004 S_flip=0.187 t=95s
[P700_h160_pad0.120_s7777] it  69 J=0.17324 A_min=0.1631 A_mean=0.1747 |g|=2.41e-04 bin=0.004 S_flip=0.188 t=96s
[P700_h160_pad0.120_s7777] it  70 J=0.17325 A_min=0.1631 A_mean=0.1747 |g|=2.39e-04 bin=0.004 S_flip=0.188 t=97s
[P700_h160_pad0.120_s7777] it  71 J=0.17325 A_min=0.1631 A_mean=0.1747 |g|=2.37e-04 bin=0.003 S_flip=0.189 t=99s
[P700_h160_pad0.120_s7777] it  72 J=0.17325 A_min=0.1631 A_mean=0.1747 |g|=2.36e-04 bin=0.003 S_flip=0.190 t=100s
[P700_h160_pad0.120_s7777] it  73 J=0.17326 A_min=0.1631 A_mean=0.1747 |g|=2.35e-04 bin=0.003 S_flip=0.190 t=101s
[P700_h160_pad0.120_s7777] it  74 J=0.17326 A_min=0.1631 A_mean=0.1747 |g|=2.34e-04 bin=0.003 S_flip=0.191 t=103s
[P700_h160_pad0.120_s7777] it  75 J=0.17326 A_min=0.1631 A_mean=0.1747 |g|=2.33e-04 bin=0.003 S_flip=0.191 t=104s
[P700_h160_pad0.120_s7777] it  76 J=0.17326 A_min=0.1631 A_mean=0.1747 |g|=2.32e-04 bin=0.002 S_flip=0.191 t=106s
[P700_h160_pad0.120_s7777] it  77 J=0.17326 A_min=0.1631 A_mean=0.1747 |g|=2.32e-04 bin=0.002 S_flip=0.192 t=107s
[P700_h160_pad0.120_s7777] it  78 J=0.17327 A_min=0.1631 A_mean=0.1747 |g|=2.31e-04 bin=0.002 S_flip=0.192 t=108s
[P700_h160_pad0.120_s7777] it  79 J=0.17327 A_min=0.1631 A_mean=0.1747 |g|=2.30e-04 bin=0.002 S_flip=0.193 t=110s
[P700_h160_pad0.120_s7777] it  80 J=0.17327 A_min=0.1631 A_mean=0.1747 |g|=2.28e-04 bin=0.002 S_flip=0.193 t=111s
[P700_h160_pad0.120_s7777] it  81 J=0.17327 A_min=0.1631 A_mean=0.1747 |g|=2.27e-04 bin=0.002 S_flip=0.193 t=112s
[P700_h160_pad0.120_s7777] it  82 J=0.17327 A_min=0.1631 A_mean=0.1747 |g|=2.27e-04 bin=0.002 S_flip=0.194 t=114s
[P700_h160_pad0.120_s7777] it  83 J=0.17327 A_min=0.1631 A_mean=0.1747 |g|=2.27e-04 bin=0.001 S_flip=0.194 t=115s
[P700_h160_pad0.120_s7777] it  84 J=0.17327 A_min=0.1631 A_mean=0.1747 |g|=2.28e-04 bin=0.001 S_flip=0.194 t=116s
[P700_h160_pad0.120_s7777] it  85 J=0.17327 A_min=0.1631 A_mean=0.1747 |g|=2.29e-04 bin=0.001 S_flip=0.194 t=118s
[P700_h160_pad0.120_s7777] it  86 J=0.17328 A_min=0.1631 A_mean=0.1747 |g|=2.32e-04 bin=0.001 S_flip=0.195 t=119s
[P700_h160_pad0.120_s7777] it  87 J=0.17328 A_min=0.1631 A_mean=0.1747 |g|=2.36e-04 bin=0.001 S_flip=0.195 t=120s
[P700_h160_pad0.120_s7777] it  88 J=0.17328 A_min=0.1631 A_mean=0.1747 |g|=2.41e-04 bin=0.001 S_flip=0.195 t=122s
[P700_h160_pad0.120_s7777] it  89 J=0.17328 A_min=0.1631 A_mean=0.1747 |g|=2.47e-04 bin=0.001 S_flip=0.195 t=123s
[P700_h160_pad0.120_s7777] it  90 J=0.17328 A_min=0.1631 A_mean=0.1747 |g|=2.53e-04 bin=0.001 S_flip=0.196 t=124s
[P700_h160_pad0.120_s7777] it  91 J=0.17328 A_min=0.1631 A_mean=0.1747 |g|=2.61e-04 bin=0.001 S_flip=0.196 t=126s
[P700_h160_pad0.120_s7777] it  92 J=0.17328 A_min=0.1631 A_mean=0.1747 |g|=2.69e-04 bin=0.001 S_flip=0.196 t=127s
[P700_h160_pad0.120_s7777] it  93 J=0.17328 A_min=0.1631 A_mean=0.1747 |g|=2.78e-04 bin=0.001 S_flip=0.196 t=129s
[P700_h160_pad0.120_s7777] it  94 J=0.17328 A_min=0.1631 A_mean=0.1747 |g|=2.87e-04 bin=0.001 S_flip=0.196 t=130s
[P700_h160_pad0.120_s7777] it  95 J=0.17328 A_min=0.1632 A_mean=0.1747 |g|=2.97e-04 bin=0.001 S_flip=0.197 t=131s
[P700_h160_pad0.120_s7777] it  96 J=0.17328 A_min=0.1632 A_mean=0.1747 |g|=3.08e-04 bin=0.001 S_flip=0.197 t=133s
[P700_h160_pad0.120_s7777] it  97 J=0.17328 A_min=0.1632 A_mean=0.1747 |g|=3.19e-04 bin=0.001 S_flip=0.197 t=134s
[P700_h160_pad0.120_s7777] it  98 J=0.17328 A_min=0.1632 A_mean=0.1747 |g|=3.32e-04 bin=0.001 S_flip=0.197 t=135s
[P700_h160_pad0.120_s7777] it  99 J=0.17328 A_min=0.1632 A_mean=0.1747 |g|=3.46e-04 bin=0.001 S_flip=0.197 t=136s
[P700_h160_pad0.120_s7777] done: J_soft=0.17328 J_hard=0.17328 A_hard=[0.1632, 0.1942, 0.1668] S_flip=0.199 wall=138s
[P700_h200_pad0.040_s333] it   0 J=0.06969 A_min=0.0628 A_mean=0.0705 |g|=1.64e-03 bin=0.792 S_flip=0.048 t=1s
[P700_h200_pad0.040_s333] it   1 J=0.07084 A_min=0.0639 A_mean=0.0717 |g|=1.72e-03 bin=0.789 S_flip=0.049 t=3s
[P700_h200_pad0.040_s333] it   2 J=0.07213 A_min=0.0652 A_mean=0.0730 |g|=1.80e-03 bin=0.785 S_flip=0.051 t=4s
[P700_h200_pad0.040_s333] it   3 J=0.07356 A_min=0.0665 A_mean=0.0745 |g|=1.90e-03 bin=0.780 S_flip=0.052 t=5s
[P700_h200_pad0.040_s333] it   4 J=0.07517 A_min=0.0681 A_mean=0.0761 |g|=2.00e-03 bin=0.775 S_flip=0.054 t=7s
[P700_h200_pad0.040_s333] it   5 J=0.07695 A_min=0.0698 A_mean=0.0779 |g|=2.12e-03 bin=0.769 S_flip=0.055 t=8s
[P700_h200_pad0.040_s333] it   6 J=0.07894 A_min=0.0717 A_mean=0.0799 |g|=2.24e-03 bin=0.762 S_flip=0.057 t=10s
[P700_h200_pad0.040_s333] it   7 J=0.08115 A_min=0.0738 A_mean=0.0821 |g|=2.38e-03 bin=0.755 S_flip=0.059 t=11s
[P700_h200_pad0.040_s333] it   8 J=0.08360 A_min=0.0761 A_mean=0.0846 |g|=2.53e-03 bin=0.747 S_flip=0.062 t=12s
[P700_h200_pad0.040_s333] it   9 J=0.08629 A_min=0.0787 A_mean=0.0873 |g|=2.69e-03 bin=0.738 S_flip=0.064 t=14s
[P700_h200_pad0.040_s333] it  10 J=0.08926 A_min=0.0815 A_mean=0.0903 |g|=2.86e-03 bin=0.728 S_flip=0.066 t=15s
[P700_h200_pad0.040_s333] it  11 J=0.09250 A_min=0.0846 A_mean=0.0936 |g|=3.05e-03 bin=0.716 S_flip=0.069 t=17s
[P700_h200_pad0.040_s333] it  12 J=0.09603 A_min=0.0880 A_mean=0.0972 |g|=3.25e-03 bin=0.703 S_flip=0.072 t=18s
[P700_h200_pad0.040_s333] it  13 J=0.09986 A_min=0.0916 A_mean=0.1010 |g|=3.46e-03 bin=0.689 S_flip=0.074 t=19s
[P700_h200_pad0.040_s333] it  14 J=0.10400 A_min=0.0956 A_mean=0.1052 |g|=3.67e-03 bin=0.673 S_flip=0.077 t=21s
[P700_h200_pad0.040_s333] it  15 J=0.10845 A_min=0.0998 A_mean=0.1097 |g|=3.88e-03 bin=0.655 S_flip=0.080 t=22s
[P700_h200_pad0.040_s333] it  16 J=0.11322 A_min=0.1043 A_mean=0.1145 |g|=4.08e-03 bin=0.635 S_flip=0.082 t=23s
[P700_h200_pad0.040_s333] it  17 J=0.11828 A_min=0.1091 A_mean=0.1196 |g|=4.24e-03 bin=0.611 S_flip=0.085 t=25s
[P700_h200_pad0.040_s333] it  18 J=0.12360 A_min=0.1141 A_mean=0.1250 |g|=4.36e-03 bin=0.585 S_flip=0.087 t=26s
[P700_h200_pad0.040_s333] it  19 J=0.12914 A_min=0.1193 A_mean=0.1305 |g|=4.41e-03 bin=0.555 S_flip=0.089 t=28s
[P700_h200_pad0.040_s333] it  20 J=0.13480 A_min=0.1247 A_mean=0.1362 |g|=4.39e-03 bin=0.523 S_flip=0.091 t=29s
[P700_h200_pad0.040_s333] it  21 J=0.14047 A_min=0.1300 A_mean=0.1420 |g|=4.28e-03 bin=0.487 S_flip=0.093 t=31s
[P700_h200_pad0.040_s333] it  22 J=0.14603 A_min=0.1352 A_mean=0.1476 |g|=4.09e-03 bin=0.450 S_flip=0.094 t=32s
[P700_h200_pad0.040_s333] it  23 J=0.15135 A_min=0.1403 A_mean=0.1529 |g|=3.84e-03 bin=0.411 S_flip=0.096 t=33s
[P700_h200_pad0.040_s333] it  24 J=0.15630 A_min=0.1450 A_mean=0.1579 |g|=3.54e-03 bin=0.373 S_flip=0.097 t=35s
[P700_h200_pad0.040_s333] it  25 J=0.16081 A_min=0.1493 A_mean=0.1624 |g|=3.22e-03 bin=0.336 S_flip=0.098 t=36s
[P700_h200_pad0.040_s333] it  26 J=0.16481 A_min=0.1532 A_mean=0.1664 |g|=2.89e-03 bin=0.301 S_flip=0.100 t=37s
[P700_h200_pad0.040_s333] it  27 J=0.16828 A_min=0.1566 A_mean=0.1699 |g|=2.58e-03 bin=0.268 S_flip=0.102 t=39s
[P700_h200_pad0.040_s333] it  28 J=0.17122 A_min=0.1596 A_mean=0.1729 |g|=2.28e-03 bin=0.239 S_flip=0.104 t=40s
[P700_h200_pad0.040_s333] it  29 J=0.17368 A_min=0.1622 A_mean=0.1754 |g|=2.01e-03 bin=0.212 S_flip=0.106 t=41s
[P700_h200_pad0.040_s333] it  30 J=0.17571 A_min=0.1644 A_mean=0.1774 |g|=1.77e-03 bin=0.189 S_flip=0.109 t=43s
[P700_h200_pad0.040_s333] it  31 J=0.17735 A_min=0.1662 A_mean=0.1791 |g|=1.57e-03 bin=0.169 S_flip=0.112 t=44s
[P700_h200_pad0.040_s333] it  32 J=0.17867 A_min=0.1678 A_mean=0.1805 |g|=1.41e-03 bin=0.151 S_flip=0.116 t=45s
[P700_h200_pad0.040_s333] it  33 J=0.17974 A_min=0.1692 A_mean=0.1816 |g|=1.29e-03 bin=0.136 S_flip=0.120 t=47s
[P700_h200_pad0.040_s333] it  34 J=0.18059 A_min=0.1703 A_mean=0.1825 |g|=1.20e-03 bin=0.122 S_flip=0.124 t=48s
[P700_h200_pad0.040_s333] it  35 J=0.18129 A_min=0.1712 A_mean=0.1832 |g|=1.15e-03 bin=0.111 S_flip=0.128 t=49s
[P700_h200_pad0.040_s333] it  36 J=0.18187 A_min=0.1720 A_mean=0.1838 |g|=1.13e-03 bin=0.100 S_flip=0.132 t=51s
[P700_h200_pad0.040_s333] it  37 J=0.18235 A_min=0.1727 A_mean=0.1843 |g|=1.11e-03 bin=0.091 S_flip=0.136 t=52s
[P700_h200_pad0.040_s333] it  38 J=0.18275 A_min=0.1730 A_mean=0.1847 |g|=1.10e-03 bin=0.084 S_flip=0.141 t=54s
[P700_h200_pad0.040_s333] it  39 J=0.18311 A_min=0.1732 A_mean=0.1851 |g|=1.10e-03 bin=0.077 S_flip=0.146 t=55s
[P700_h200_pad0.040_s333] it  40 J=0.18341 A_min=0.1733 A_mean=0.1854 |g|=1.09e-03 bin=0.070 S_flip=0.150 t=56s
[P700_h200_pad0.040_s333] it  41 J=0.18369 A_min=0.1735 A_mean=0.1857 |g|=1.08e-03 bin=0.065 S_flip=0.155 t=58s
[P700_h200_pad0.040_s333] it  42 J=0.18393 A_min=0.1736 A_mean=0.1860 |g|=1.07e-03 bin=0.060 S_flip=0.160 t=59s
[P700_h200_pad0.040_s333] it  43 J=0.18415 A_min=0.1738 A_mean=0.1862 |g|=1.06e-03 bin=0.055 S_flip=0.165 t=60s
[P700_h200_pad0.040_s333] it  44 J=0.18436 A_min=0.1739 A_mean=0.1864 |g|=1.05e-03 bin=0.051 S_flip=0.170 t=62s
[P700_h200_pad0.040_s333] it  45 J=0.18454 A_min=0.1741 A_mean=0.1866 |g|=1.04e-03 bin=0.048 S_flip=0.175 t=63s
[P700_h200_pad0.040_s333] it  46 J=0.18471 A_min=0.1743 A_mean=0.1868 |g|=1.02e-03 bin=0.044 S_flip=0.180 t=64s
[P700_h200_pad0.040_s333] it  47 J=0.18487 A_min=0.1744 A_mean=0.1869 |g|=1.01e-03 bin=0.041 S_flip=0.185 t=66s
[P700_h200_pad0.040_s333] it  48 J=0.18502 A_min=0.1746 A_mean=0.1871 |g|=9.96e-04 bin=0.038 S_flip=0.190 t=67s
[P700_h200_pad0.040_s333] it  49 J=0.18515 A_min=0.1747 A_mean=0.1872 |g|=9.82e-04 bin=0.036 S_flip=0.194 t=68s
[P700_h200_pad0.040_s333] it  50 J=0.18528 A_min=0.1749 A_mean=0.1873 |g|=9.68e-04 bin=0.033 S_flip=0.199 t=70s
[P700_h200_pad0.040_s333] it  51 J=0.18540 A_min=0.1750 A_mean=0.1874 |g|=9.54e-04 bin=0.031 S_flip=0.204 t=71s
[P700_h200_pad0.040_s333] it  52 J=0.18551 A_min=0.1752 A_mean=0.1875 |g|=9.41e-04 bin=0.029 S_flip=0.208 t=72s
[P700_h200_pad0.040_s333] it  53 J=0.18561 A_min=0.1753 A_mean=0.1876 |g|=9.27e-04 bin=0.027 S_flip=0.212 t=74s
[P700_h200_pad0.040_s333] it  54 J=0.18570 A_min=0.1754 A_mean=0.1877 |g|=9.14e-04 bin=0.025 S_flip=0.216 t=75s
[P700_h200_pad0.040_s333] it  55 J=0.18579 A_min=0.1755 A_mean=0.1878 |g|=9.01e-04 bin=0.023 S_flip=0.221 t=77s
[P700_h200_pad0.040_s333] it  56 J=0.18587 A_min=0.1757 A_mean=0.1879 |g|=8.87e-04 bin=0.022 S_flip=0.224 t=78s
[P700_h200_pad0.040_s333] it  57 J=0.18595 A_min=0.1758 A_mean=0.1880 |g|=8.74e-04 bin=0.020 S_flip=0.228 t=80s
[P700_h200_pad0.040_s333] it  58 J=0.18602 A_min=0.1759 A_mean=0.1880 |g|=8.63e-04 bin=0.019 S_flip=0.232 t=81s
[P700_h200_pad0.040_s333] it  59 J=0.18609 A_min=0.1760 A_mean=0.1881 |g|=8.55e-04 bin=0.018 S_flip=0.235 t=82s
[P700_h200_pad0.040_s333] it  60 J=0.18615 A_min=0.1761 A_mean=0.1882 |g|=8.50e-04 bin=0.017 S_flip=0.238 t=84s
[P700_h200_pad0.040_s333] it  61 J=0.18621 A_min=0.1761 A_mean=0.1882 |g|=8.44e-04 bin=0.016 S_flip=0.241 t=85s
[P700_h200_pad0.040_s333] it  62 J=0.18626 A_min=0.1762 A_mean=0.1883 |g|=8.34e-04 bin=0.015 S_flip=0.244 t=87s
[P700_h200_pad0.040_s333] it  63 J=0.18631 A_min=0.1763 A_mean=0.1883 |g|=8.18e-04 bin=0.014 S_flip=0.246 t=88s
[P700_h200_pad0.040_s333] it  64 J=0.18636 A_min=0.1764 A_mean=0.1883 |g|=8.01e-04 bin=0.013 S_flip=0.249 t=90s
[P700_h200_pad0.040_s333] it  65 J=0.18640 A_min=0.1765 A_mean=0.1884 |g|=7.88e-04 bin=0.012 S_flip=0.251 t=91s
[P700_h200_pad0.040_s333] it  66 J=0.18644 A_min=0.1765 A_mean=0.1884 |g|=7.83e-04 bin=0.011 S_flip=0.253 t=92s
[P700_h200_pad0.040_s333] it  67 J=0.18647 A_min=0.1766 A_mean=0.1885 |g|=7.86e-04 bin=0.011 S_flip=0.255 t=94s
[P700_h200_pad0.040_s333] it  68 J=0.18651 A_min=0.1766 A_mean=0.1885 |g|=7.98e-04 bin=0.010 S_flip=0.257 t=95s
[P700_h200_pad0.040_s333] it  69 J=0.18654 A_min=0.1767 A_mean=0.1885 |g|=8.13e-04 bin=0.009 S_flip=0.258 t=97s
[P700_h200_pad0.040_s333] it  70 J=0.18657 A_min=0.1768 A_mean=0.1885 |g|=8.21e-04 bin=0.009 S_flip=0.260 t=98s
[P700_h200_pad0.040_s333] it  71 J=0.18660 A_min=0.1768 A_mean=0.1886 |g|=8.14e-04 bin=0.008 S_flip=0.261 t=99s
[P700_h200_pad0.040_s333] it  72 J=0.18662 A_min=0.1769 A_mean=0.1886 |g|=7.90e-04 bin=0.008 S_flip=0.263 t=100s
[P700_h200_pad0.040_s333] it  73 J=0.18665 A_min=0.1769 A_mean=0.1886 |g|=7.58e-04 bin=0.007 S_flip=0.264 t=101s
[P700_h200_pad0.040_s333] it  74 J=0.18667 A_min=0.1769 A_mean=0.1886 |g|=7.27e-04 bin=0.006 S_flip=0.266 t=102s
[P700_h200_pad0.040_s333] it  75 J=0.18669 A_min=0.1770 A_mean=0.1887 |g|=7.00e-04 bin=0.006 S_flip=0.267 t=103s
[P700_h200_pad0.040_s333] it  76 J=0.18671 A_min=0.1770 A_mean=0.1887 |g|=6.79e-04 bin=0.005 S_flip=0.268 t=105s
[P700_h200_pad0.040_s333] it  77 J=0.18672 A_min=0.1770 A_mean=0.1887 |g|=6.65e-04 bin=0.005 S_flip=0.269 t=106s
[P700_h200_pad0.040_s333] it  78 J=0.18673 A_min=0.1770 A_mean=0.1887 |g|=6.58e-04 bin=0.005 S_flip=0.270 t=107s
[P700_h200_pad0.040_s333] it  79 J=0.18674 A_min=0.1770 A_mean=0.1887 |g|=6.59e-04 bin=0.004 S_flip=0.271 t=108s
[P700_h200_pad0.040_s333] it  80 J=0.18675 A_min=0.1771 A_mean=0.1887 |g|=6.68e-04 bin=0.004 S_flip=0.271 t=109s
[P700_h200_pad0.040_s333] it  81 J=0.18676 A_min=0.1771 A_mean=0.1887 |g|=6.81e-04 bin=0.004 S_flip=0.272 t=111s
[P700_h200_pad0.040_s333] it  82 J=0.18677 A_min=0.1771 A_mean=0.1887 |g|=6.98e-04 bin=0.004 S_flip=0.272 t=112s
[P700_h200_pad0.040_s333] it  83 J=0.18678 A_min=0.1771 A_mean=0.1887 |g|=7.15e-04 bin=0.003 S_flip=0.273 t=113s
[P700_h200_pad0.040_s333] it  84 J=0.18678 A_min=0.1771 A_mean=0.1887 |g|=7.30e-04 bin=0.003 S_flip=0.273 t=115s
[P700_h200_pad0.040_s333] it  85 J=0.18679 A_min=0.1771 A_mean=0.1888 |g|=7.41e-04 bin=0.003 S_flip=0.274 t=116s
[P700_h200_pad0.040_s333] it  86 J=0.18680 A_min=0.1771 A_mean=0.1888 |g|=7.49e-04 bin=0.003 S_flip=0.274 t=117s
[P700_h200_pad0.040_s333] it  87 J=0.18680 A_min=0.1771 A_mean=0.1888 |g|=7.55e-04 bin=0.002 S_flip=0.274 t=119s
[P700_h200_pad0.040_s333] it  88 J=0.18680 A_min=0.1771 A_mean=0.1888 |g|=7.64e-04 bin=0.002 S_flip=0.275 t=120s
[P700_h200_pad0.040_s333] it  89 J=0.18681 A_min=0.1771 A_mean=0.1888 |g|=7.76e-04 bin=0.002 S_flip=0.275 t=122s
[P700_h200_pad0.040_s333] it  90 J=0.18681 A_min=0.1771 A_mean=0.1888 |g|=7.93e-04 bin=0.002 S_flip=0.275 t=123s
[P700_h200_pad0.040_s333] it  91 J=0.18681 A_min=0.1771 A_mean=0.1888 |g|=8.13e-04 bin=0.002 S_flip=0.275 t=124s
[P700_h200_pad0.040_s333] it  92 J=0.18682 A_min=0.1771 A_mean=0.1888 |g|=8.35e-04 bin=0.002 S_flip=0.275 t=126s
[P700_h200_pad0.040_s333] it  93 J=0.18682 A_min=0.1771 A_mean=0.1888 |g|=8.58e-04 bin=0.002 S_flip=0.276 t=127s
[P700_h200_pad0.040_s333] it  94 J=0.18682 A_min=0.1771 A_mean=0.1888 |g|=8.81e-04 bin=0.002 S_flip=0.276 t=128s
[P700_h200_pad0.040_s333] it  95 J=0.18682 A_min=0.1771 A_mean=0.1888 |g|=9.03e-04 bin=0.001 S_flip=0.276 t=130s
[P700_h200_pad0.040_s333] it  96 J=0.18682 A_min=0.1771 A_mean=0.1888 |g|=9.25e-04 bin=0.001 S_flip=0.276 t=131s
[P700_h200_pad0.040_s333] it  97 J=0.18682 A_min=0.1771 A_mean=0.1888 |g|=9.47e-04 bin=0.001 S_flip=0.276 t=133s
[P700_h200_pad0.040_s333] it  98 J=0.18682 A_min=0.1771 A_mean=0.1888 |g|=9.71e-04 bin=0.001 S_flip=0.276 t=134s
[P700_h200_pad0.040_s333] it  99 J=0.18682 A_min=0.1771 A_mean=0.1888 |g|=9.96e-04 bin=0.001 S_flip=0.276 t=136s
[P700_h200_pad0.040_s333] done: J_soft=0.18682 J_hard=0.18683 A_hard=[0.1774, 0.2119, 0.1771] S_flip=0.278 wall=138s
[P700_h200_pad0.040_s1001] it   0 J=0.06874 A_min=0.0619 A_mean=0.0696 |g|=1.59e-03 bin=0.793 S_flip=0.056 t=1s
[P700_h200_pad0.040_s1001] it   1 J=0.06982 A_min=0.0630 A_mean=0.0707 |g|=1.67e-03 bin=0.789 S_flip=0.057 t=3s
[P700_h200_pad0.040_s1001] it   2 J=0.07103 A_min=0.0641 A_mean=0.0719 |g|=1.75e-03 bin=0.785 S_flip=0.058 t=4s
[P700_h200_pad0.040_s1001] it   3 J=0.07238 A_min=0.0654 A_mean=0.0732 |g|=1.85e-03 bin=0.781 S_flip=0.060 t=6s
[P700_h200_pad0.040_s1001] it   4 J=0.07388 A_min=0.0669 A_mean=0.0748 |g|=1.95e-03 bin=0.776 S_flip=0.062 t=7s
[P700_h200_pad0.040_s1001] it   5 J=0.07556 A_min=0.0685 A_mean=0.0765 |g|=2.06e-03 bin=0.771 S_flip=0.063 t=9s
[P700_h200_pad0.040_s1001] it   6 J=0.07742 A_min=0.0703 A_mean=0.0783 |g|=2.19e-03 bin=0.764 S_flip=0.065 t=10s
[P700_h200_pad0.040_s1001] it   7 J=0.07950 A_min=0.0722 A_mean=0.0804 |g|=2.32e-03 bin=0.757 S_flip=0.068 t=12s
[P700_h200_pad0.040_s1001] it   8 J=0.08179 A_min=0.0744 A_mean=0.0828 |g|=2.47e-03 bin=0.750 S_flip=0.070 t=13s
[P700_h200_pad0.040_s1001] it   9 J=0.08433 A_min=0.0769 A_mean=0.0853 |g|=2.64e-03 bin=0.741 S_flip=0.072 t=14s
[P700_h200_pad0.040_s1001] it  10 J=0.08712 A_min=0.0795 A_mean=0.0881 |g|=2.82e-03 bin=0.731 S_flip=0.075 t=16s
[P700_h200_pad0.040_s1001] it  11 J=0.09018 A_min=0.0825 A_mean=0.0912 |g|=3.02e-03 bin=0.721 S_flip=0.077 t=17s
[P700_h200_pad0.040_s1001] it  12 J=0.09352 A_min=0.0857 A_mean=0.0946 |g|=3.23e-03 bin=0.709 S_flip=0.080 t=19s
[P700_h200_pad0.040_s1001] it  13 J=0.09717 A_min=0.0891 A_mean=0.0983 |g|=3.46e-03 bin=0.696 S_flip=0.082 t=20s
[P700_h200_pad0.040_s1001] it  14 J=0.10112 A_min=0.0929 A_mean=0.1023 |g|=3.70e-03 bin=0.681 S_flip=0.085 t=22s
[P700_h200_pad0.040_s1001] it  15 J=0.10541 A_min=0.0970 A_mean=0.1066 |g|=3.94e-03 bin=0.665 S_flip=0.087 t=23s
[P700_h200_pad0.040_s1001] it  16 J=0.11004 A_min=0.1014 A_mean=0.1113 |g|=4.18e-03 bin=0.646 S_flip=0.089 t=25s
[P700_h200_pad0.040_s1001] it  17 J=0.11502 A_min=0.1061 A_mean=0.1163 |g|=4.39e-03 bin=0.625 S_flip=0.090 t=26s
[P700_h200_pad0.040_s1001] it  18 J=0.12033 A_min=0.1111 A_mean=0.1217 |g|=4.56e-03 bin=0.600 S_flip=0.091 t=27s
[P700_h200_pad0.040_s1001] it  19 J=0.12593 A_min=0.1164 A_mean=0.1273 |g|=4.66e-03 bin=0.573 S_flip=0.091 t=29s
[P700_h200_pad0.040_s1001] it  20 J=0.13173 A_min=0.1219 A_mean=0.1331 |g|=4.67e-03 bin=0.541 S_flip=0.091 t=30s
[P700_h200_pad0.040_s1001] it  21 J=0.13764 A_min=0.1275 A_mean=0.1391 |g|=4.58e-03 bin=0.506 S_flip=0.090 t=31s
[P700_h200_pad0.040_s1001] it  22 J=0.14351 A_min=0.1330 A_mean=0.1450 |g|=4.39e-03 bin=0.469 S_flip=0.089 t=33s
[P700_h200_pad0.040_s1001] it  23 J=0.14918 A_min=0.1384 A_mean=0.1507 |g|=4.12e-03 bin=0.429 S_flip=0.088 t=34s
[P700_h200_pad0.040_s1001] it  24 J=0.15451 A_min=0.1434 A_mean=0.1561 |g|=3.79e-03 bin=0.389 S_flip=0.087 t=35s
[P700_h200_pad0.040_s1001] it  25 J=0.15938 A_min=0.1481 A_mean=0.1610 |g|=3.43e-03 bin=0.350 S_flip=0.087 t=37s
[P700_h200_pad0.040_s1001] it  26 J=0.16372 A_min=0.1523 A_mean=0.1653 |g|=3.07e-03 bin=0.313 S_flip=0.087 t=38s
[P700_h200_pad0.040_s1001] it  27 J=0.16748 A_min=0.1560 A_mean=0.1691 |g|=2.71e-03 bin=0.278 S_flip=0.087 t=39s
[P700_h200_pad0.040_s1001] it  28 J=0.17067 A_min=0.1592 A_mean=0.1724 |g|=2.38e-03 bin=0.247 S_flip=0.087 t=40s
[P700_h200_pad0.040_s1001] it  29 J=0.17332 A_min=0.1620 A_mean=0.1751 |g|=2.08e-03 bin=0.219 S_flip=0.088 t=42s
[P700_h200_pad0.040_s1001] it  30 J=0.17549 A_min=0.1644 A_mean=0.1773 |g|=1.82e-03 bin=0.194 S_flip=0.090 t=43s
[P700_h200_pad0.040_s1001] it  31 J=0.17725 A_min=0.1664 A_mean=0.1791 |g|=1.60e-03 bin=0.173 S_flip=0.091 t=44s
[P700_h200_pad0.040_s1001] it  32 J=0.17866 A_min=0.1680 A_mean=0.1805 |g|=1.42e-03 bin=0.154 S_flip=0.093 t=46s
[P700_h200_pad0.040_s1001] it  33 J=0.17978 A_min=0.1695 A_mean=0.1817 |g|=1.29e-03 bin=0.138 S_flip=0.095 t=47s
[P700_h200_pad0.040_s1001] it  34 J=0.18068 A_min=0.1706 A_mean=0.1826 |g|=1.20e-03 bin=0.124 S_flip=0.097 t=49s
[P700_h200_pad0.040_s1001] it  35 J=0.18141 A_min=0.1716 A_mean=0.1834 |g|=1.15e-03 bin=0.112 S_flip=0.099 t=50s
[P700_h200_pad0.040_s1001] it  36 J=0.18201 A_min=0.1722 A_mean=0.1840 |g|=1.12e-03 bin=0.101 S_flip=0.101 t=51s
[P700_h200_pad0.040_s1001] it  37 J=0.18250 A_min=0.1724 A_mean=0.1845 |g|=1.10e-03 bin=0.092 S_flip=0.104 t=52s
[P700_h200_pad0.040_s1001] it  38 J=0.18293 A_min=0.1726 A_mean=0.1850 |g|=1.09e-03 bin=0.084 S_flip=0.106 t=54s
[P700_h200_pad0.040_s1001] it  39 J=0.18329 A_min=0.1727 A_mean=0.1854 |g|=1.09e-03 bin=0.077 S_flip=0.108 t=55s
[P700_h200_pad0.040_s1001] it  40 J=0.18360 A_min=0.1729 A_mean=0.1857 |g|=1.08e-03 bin=0.070 S_flip=0.111 t=56s
[P700_h200_pad0.040_s1001] it  41 J=0.18388 A_min=0.1730 A_mean=0.1860 |g|=1.07e-03 bin=0.065 S_flip=0.113 t=58s
[P700_h200_pad0.040_s1001] it  42 J=0.18413 A_min=0.1732 A_mean=0.1863 |g|=1.06e-03 bin=0.060 S_flip=0.116 t=59s
[P700_h200_pad0.040_s1001] it  43 J=0.18436 A_min=0.1733 A_mean=0.1865 |g|=1.05e-03 bin=0.055 S_flip=0.118 t=60s
[P700_h200_pad0.040_s1001] it  44 J=0.18456 A_min=0.1735 A_mean=0.1867 |g|=1.04e-03 bin=0.051 S_flip=0.121 t=62s
[P700_h200_pad0.040_s1001] it  45 J=0.18475 A_min=0.1736 A_mean=0.1869 |g|=1.03e-03 bin=0.047 S_flip=0.123 t=63s
[P700_h200_pad0.040_s1001] it  46 J=0.18492 A_min=0.1738 A_mean=0.1871 |g|=1.01e-03 bin=0.044 S_flip=0.125 t=64s
[P700_h200_pad0.040_s1001] it  47 J=0.18508 A_min=0.1739 A_mean=0.1872 |g|=9.95e-04 bin=0.041 S_flip=0.128 t=66s
[P700_h200_pad0.040_s1001] it  48 J=0.18522 A_min=0.1740 A_mean=0.1874 |g|=9.80e-04 bin=0.038 S_flip=0.130 t=67s
[P700_h200_pad0.040_s1001] it  49 J=0.18536 A_min=0.1742 A_mean=0.1875 |g|=9.66e-04 bin=0.035 S_flip=0.133 t=68s
[P700_h200_pad0.040_s1001] it  50 J=0.18548 A_min=0.1743 A_mean=0.1876 |g|=9.51e-04 bin=0.033 S_flip=0.135 t=70s
[P700_h200_pad0.040_s1001] it  51 J=0.18560 A_min=0.1744 A_mean=0.1877 |g|=9.37e-04 bin=0.031 S_flip=0.138 t=71s
[P700_h200_pad0.040_s1001] it  52 J=0.18571 A_min=0.1746 A_mean=0.1878 |g|=9.24e-04 bin=0.029 S_flip=0.140 t=72s
[P700_h200_pad0.040_s1001] it  53 J=0.18581 A_min=0.1747 A_mean=0.1879 |g|=9.11e-04 bin=0.027 S_flip=0.143 t=74s
[P700_h200_pad0.040_s1001] it  54 J=0.18590 A_min=0.1748 A_mean=0.1880 |g|=8.99e-04 bin=0.025 S_flip=0.145 t=75s
[P700_h200_pad0.040_s1001] it  55 J=0.18599 A_min=0.1749 A_mean=0.1881 |g|=8.88e-04 bin=0.023 S_flip=0.147 t=77s
[P700_h200_pad0.040_s1001] it  56 J=0.18607 A_min=0.1750 A_mean=0.1882 |g|=8.76e-04 bin=0.022 S_flip=0.150 t=78s
[P700_h200_pad0.040_s1001] it  57 J=0.18614 A_min=0.1751 A_mean=0.1883 |g|=8.63e-04 bin=0.020 S_flip=0.152 t=80s
[P700_h200_pad0.040_s1001] it  58 J=0.18621 A_min=0.1752 A_mean=0.1883 |g|=8.50e-04 bin=0.019 S_flip=0.154 t=81s
[P700_h200_pad0.040_s1001] it  59 J=0.18628 A_min=0.1753 A_mean=0.1884 |g|=8.35e-04 bin=0.017 S_flip=0.156 t=82s
[P700_h200_pad0.040_s1001] it  60 J=0.18634 A_min=0.1754 A_mean=0.1884 |g|=8.20e-04 bin=0.016 S_flip=0.158 t=83s
[P700_h200_pad0.040_s1001] it  61 J=0.18640 A_min=0.1755 A_mean=0.1885 |g|=8.03e-04 bin=0.015 S_flip=0.160 t=85s
[P700_h200_pad0.040_s1001] it  62 J=0.18645 A_min=0.1755 A_mean=0.1886 |g|=7.85e-04 bin=0.014 S_flip=0.162 t=86s
[P700_h200_pad0.040_s1001] it  63 J=0.18650 A_min=0.1756 A_mean=0.1886 |g|=7.65e-04 bin=0.013 S_flip=0.164 t=87s
[P700_h200_pad0.040_s1001] it  64 J=0.18654 A_min=0.1757 A_mean=0.1886 |g|=7.44e-04 bin=0.012 S_flip=0.166 t=89s
[P700_h200_pad0.040_s1001] it  65 J=0.18658 A_min=0.1757 A_mean=0.1887 |g|=7.21e-04 bin=0.011 S_flip=0.169 t=90s
[P700_h200_pad0.040_s1001] it  66 J=0.18662 A_min=0.1758 A_mean=0.1887 |g|=6.97e-04 bin=0.010 S_flip=0.171 t=91s
[P700_h200_pad0.040_s1001] it  67 J=0.18665 A_min=0.1759 A_mean=0.1887 |g|=6.74e-04 bin=0.009 S_flip=0.173 t=93s
[P700_h200_pad0.040_s1001] it  68 J=0.18668 A_min=0.1759 A_mean=0.1888 |g|=6.54e-04 bin=0.009 S_flip=0.175 t=94s
[P700_h200_pad0.040_s1001] it  69 J=0.18670 A_min=0.1759 A_mean=0.1888 |g|=6.37e-04 bin=0.008 S_flip=0.177 t=96s
[P700_h200_pad0.040_s1001] it  70 J=0.18673 A_min=0.1760 A_mean=0.1888 |g|=6.24e-04 bin=0.007 S_flip=0.179 t=97s
[P700_h200_pad0.040_s1001] it  71 J=0.18675 A_min=0.1760 A_mean=0.1888 |g|=6.14e-04 bin=0.007 S_flip=0.180 t=98s
[P700_h200_pad0.040_s1001] it  72 J=0.18676 A_min=0.1760 A_mean=0.1888 |g|=6.06e-04 bin=0.006 S_flip=0.182 t=100s
[P700_h200_pad0.040_s1001] it  73 J=0.18678 A_min=0.1761 A_mean=0.1889 |g|=6.02e-04 bin=0.006 S_flip=0.183 t=101s
[P700_h200_pad0.040_s1001] it  74 J=0.18679 A_min=0.1761 A_mean=0.1889 |g|=6.02e-04 bin=0.006 S_flip=0.184 t=103s
[P700_h200_pad0.040_s1001] it  75 J=0.18681 A_min=0.1761 A_mean=0.1889 |g|=6.05e-04 bin=0.005 S_flip=0.185 t=104s
[P700_h200_pad0.040_s1001] it  76 J=0.18682 A_min=0.1761 A_mean=0.1889 |g|=6.12e-04 bin=0.005 S_flip=0.186 t=106s
[P700_h200_pad0.040_s1001] it  77 J=0.18683 A_min=0.1761 A_mean=0.1889 |g|=6.22e-04 bin=0.005 S_flip=0.187 t=107s
[P700_h200_pad0.040_s1001] it  78 J=0.18684 A_min=0.1761 A_mean=0.1889 |g|=6.35e-04 bin=0.004 S_flip=0.188 t=109s
[P700_h200_pad0.040_s1001] it  79 J=0.18685 A_min=0.1761 A_mean=0.1889 |g|=6.51e-04 bin=0.004 S_flip=0.188 t=110s
[P700_h200_pad0.040_s1001] it  80 J=0.18686 A_min=0.1761 A_mean=0.1889 |g|=6.70e-04 bin=0.004 S_flip=0.189 t=112s
[P700_h200_pad0.040_s1001] it  81 J=0.18686 A_min=0.1762 A_mean=0.1889 |g|=6.94e-04 bin=0.004 S_flip=0.190 t=113s
[P700_h200_pad0.040_s1001] it  82 J=0.18687 A_min=0.1762 A_mean=0.1889 |g|=7.21e-04 bin=0.004 S_flip=0.190 t=115s
[P700_h200_pad0.040_s1001] it  83 J=0.18688 A_min=0.1762 A_mean=0.1890 |g|=7.51e-04 bin=0.003 S_flip=0.191 t=116s
[P700_h200_pad0.040_s1001] it  84 J=0.18689 A_min=0.1762 A_mean=0.1890 |g|=7.83e-04 bin=0.003 S_flip=0.191 t=118s
[P700_h200_pad0.040_s1001] it  85 J=0.18689 A_min=0.1762 A_mean=0.1890 |g|=8.14e-04 bin=0.003 S_flip=0.191 t=119s
[P700_h200_pad0.040_s1001] it  86 J=0.18690 A_min=0.1762 A_mean=0.1890 |g|=8.41e-04 bin=0.003 S_flip=0.192 t=120s
[P700_h200_pad0.040_s1001] it  87 J=0.18690 A_min=0.1762 A_mean=0.1890 |g|=8.64e-04 bin=0.003 S_flip=0.192 t=122s
[P700_h200_pad0.040_s1001] it  88 J=0.18691 A_min=0.1762 A_mean=0.1890 |g|=8.81e-04 bin=0.003 S_flip=0.192 t=123s
[P700_h200_pad0.040_s1001] it  89 J=0.18691 A_min=0.1762 A_mean=0.1890 |g|=8.92e-04 bin=0.003 S_flip=0.192 t=125s
[P700_h200_pad0.040_s1001] it  90 J=0.18692 A_min=0.1762 A_mean=0.1890 |g|=8.99e-04 bin=0.002 S_flip=0.193 t=126s
[P700_h200_pad0.040_s1001] it  91 J=0.18692 A_min=0.1762 A_mean=0.1890 |g|=9.02e-04 bin=0.002 S_flip=0.193 t=128s
[P700_h200_pad0.040_s1001] it  92 J=0.18692 A_min=0.1762 A_mean=0.1890 |g|=9.02e-04 bin=0.002 S_flip=0.193 t=129s
[P700_h200_pad0.040_s1001] it  93 J=0.18692 A_min=0.1762 A_mean=0.1890 |g|=9.02e-04 bin=0.002 S_flip=0.193 t=131s
[P700_h200_pad0.040_s1001] it  94 J=0.18693 A_min=0.1762 A_mean=0.1890 |g|=9.01e-04 bin=0.002 S_flip=0.194 t=132s
[P700_h200_pad0.040_s1001] it  95 J=0.18693 A_min=0.1762 A_mean=0.1890 |g|=9.00e-04 bin=0.002 S_flip=0.194 t=133s
[P700_h200_pad0.040_s1001] it  96 J=0.18693 A_min=0.1762 A_mean=0.1890 |g|=8.98e-04 bin=0.002 S_flip=0.194 t=135s
[P700_h200_pad0.040_s1001] it  97 J=0.18693 A_min=0.1762 A_mean=0.1890 |g|=8.97e-04 bin=0.001 S_flip=0.194 t=136s
[P700_h200_pad0.040_s1001] it  98 J=0.18693 A_min=0.1762 A_mean=0.1890 |g|=8.95e-04 bin=0.001 S_flip=0.194 t=137s
[P700_h200_pad0.040_s1001] it  99 J=0.18693 A_min=0.1762 A_mean=0.1890 |g|=8.92e-04 bin=0.001 S_flip=0.195 t=139s
[P700_h200_pad0.040_s1001] done: J_soft=0.18693 J_hard=0.18693 A_hard=[0.178, 0.2127, 0.1762] S_flip=0.197 wall=141s
[P700_h200_pad0.040_s7777] it   0 J=0.06961 A_min=0.0627 A_mean=0.0704 |g|=1.64e-03 bin=0.793 S_flip=0.050 t=1s
[P700_h200_pad0.040_s7777] it   1 J=0.07076 A_min=0.0638 A_mean=0.0716 |g|=1.72e-03 bin=0.789 S_flip=0.051 t=3s
[P700_h200_pad0.040_s7777] it   2 J=0.07206 A_min=0.0651 A_mean=0.0729 |g|=1.80e-03 bin=0.785 S_flip=0.052 t=4s
[P700_h200_pad0.040_s7777] it   3 J=0.07350 A_min=0.0664 A_mean=0.0744 |g|=1.90e-03 bin=0.780 S_flip=0.054 t=6s
[P700_h200_pad0.040_s7777] it   4 J=0.07512 A_min=0.0680 A_mean=0.0760 |g|=2.01e-03 bin=0.775 S_flip=0.055 t=7s
[P700_h200_pad0.040_s7777] it   5 J=0.07692 A_min=0.0697 A_mean=0.0778 |g|=2.12e-03 bin=0.769 S_flip=0.057 t=8s
[P700_h200_pad0.040_s7777] it   6 J=0.07894 A_min=0.0716 A_mean=0.0799 |g|=2.25e-03 bin=0.763 S_flip=0.058 t=10s
[P700_h200_pad0.040_s7777] it   7 J=0.08118 A_min=0.0738 A_mean=0.0821 |g|=2.39e-03 bin=0.755 S_flip=0.060 t=11s
[P700_h200_pad0.040_s7777] it   8 J=0.08367 A_min=0.0761 A_mean=0.0846 |g|=2.54e-03 bin=0.747 S_flip=0.062 t=13s
[P700_h200_pad0.040_s7777] it   9 J=0.08642 A_min=0.0788 A_mean=0.0874 |g|=2.70e-03 bin=0.738 S_flip=0.064 t=14s
[P700_h200_pad0.040_s7777] it  10 J=0.08944 A_min=0.0816 A_mean=0.0905 |g|=2.88e-03 bin=0.728 S_flip=0.066 t=16s
[P700_h200_pad0.040_s7777] it  11 J=0.09276 A_min=0.0848 A_mean=0.0938 |g|=3.07e-03 bin=0.716 S_flip=0.068 t=17s
[P700_h200_pad0.040_s7777] it  12 J=0.09638 A_min=0.0882 A_mean=0.0975 |g|=3.27e-03 bin=0.703 S_flip=0.070 t=18s
[P700_h200_pad0.040_s7777] it  13 J=0.10031 A_min=0.0920 A_mean=0.1014 |g|=3.47e-03 bin=0.688 S_flip=0.071 t=20s
[P700_h200_pad0.040_s7777] it  14 J=0.10455 A_min=0.0960 A_mean=0.1057 |g|=3.68e-03 bin=0.672 S_flip=0.073 t=21s
[P700_h200_pad0.040_s7777] it  15 J=0.10911 A_min=0.1003 A_mean=0.1103 |g|=3.89e-03 bin=0.654 S_flip=0.075 t=23s
[P700_h200_pad0.040_s7777] it  16 J=0.11398 A_min=0.1049 A_mean=0.1152 |g|=4.07e-03 bin=0.633 S_flip=0.076 t=24s
[P700_h200_pad0.040_s7777] it  17 J=0.11913 A_min=0.1097 A_mean=0.1204 |g|=4.22e-03 bin=0.609 S_flip=0.077 t=26s
[P700_h200_pad0.040_s7777] it  18 J=0.12452 A_min=0.1148 A_mean=0.1259 |g|=4.32e-03 bin=0.582 S_flip=0.077 t=27s
[P700_h200_pad0.040_s7777] it  19 J=0.13009 A_min=0.1200 A_mean=0.1315 |g|=4.34e-03 bin=0.552 S_flip=0.077 t=28s
[P700_h200_pad0.040_s7777] it  20 J=0.13575 A_min=0.1253 A_mean=0.1372 |g|=4.29e-03 bin=0.519 S_flip=0.076 t=30s
[P700_h200_pad0.040_s7777] it  21 J=0.14137 A_min=0.1305 A_mean=0.1428 |g|=4.16e-03 bin=0.484 S_flip=0.076 t=31s
[P700_h200_pad0.040_s7777] it  22 J=0.14684 A_min=0.1356 A_mean=0.1483 |g|=3.96e-03 bin=0.447 S_flip=0.075 t=32s
[P700_h200_pad0.040_s7777] it  23 J=0.15203 A_min=0.1404 A_mean=0.1535 |g|=3.70e-03 bin=0.408 S_flip=0.074 t=34s
[P700_h200_pad0.040_s7777] it  24 J=0.15684 A_min=0.1449 A_mean=0.1584 |g|=3.40e-03 bin=0.371 S_flip=0.073 t=35s
[P700_h200_pad0.040_s7777] it  25 J=0.16120 A_min=0.1490 A_mean=0.1627 |g|=3.10e-03 bin=0.334 S_flip=0.073 t=37s
[P700_h200_pad0.040_s7777] it  26 J=0.16506 A_min=0.1527 A_mean=0.1666 |g|=2.80e-03 bin=0.299 S_flip=0.073 t=38s
[P700_h200_pad0.040_s7777] it  27 J=0.16841 A_min=0.1559 A_mean=0.1700 |g|=2.51e-03 bin=0.267 S_flip=0.073 t=39s
[P700_h200_pad0.040_s7777] it  28 J=0.17126 A_min=0.1587 A_mean=0.1729 |g|=2.24e-03 bin=0.238 S_flip=0.074 t=41s
[P700_h200_pad0.040_s7777] it  29 J=0.17366 A_min=0.1611 A_mean=0.1753 |g|=1.99e-03 bin=0.212 S_flip=0.075 t=42s
[P700_h200_pad0.040_s7777] it  30 J=0.17564 A_min=0.1632 A_mean=0.1773 |g|=1.77e-03 bin=0.189 S_flip=0.076 t=43s
[P700_h200_pad0.040_s7777] it  31 J=0.17725 A_min=0.1650 A_mean=0.1789 |g|=1.57e-03 bin=0.169 S_flip=0.078 t=45s
[P700_h200_pad0.040_s7777] it  32 J=0.17856 A_min=0.1665 A_mean=0.1802 |g|=1.41e-03 bin=0.151 S_flip=0.080 t=46s
[P700_h200_pad0.040_s7777] it  33 J=0.17961 A_min=0.1677 A_mean=0.1813 |g|=1.28e-03 bin=0.136 S_flip=0.081 t=47s
[P700_h200_pad0.040_s7777] it  34 J=0.18045 A_min=0.1688 A_mean=0.1822 |g|=1.18e-03 bin=0.122 S_flip=0.083 t=48s
[P700_h200_pad0.040_s7777] it  35 J=0.18113 A_min=0.1697 A_mean=0.1829 |g|=1.12e-03 bin=0.111 S_flip=0.085 t=50s
[P700_h200_pad0.040_s7777] it  36 J=0.18169 A_min=0.1704 A_mean=0.1835 |g|=1.09e-03 bin=0.100 S_flip=0.087 t=51s
[P700_h200_pad0.040_s7777] it  37 J=0.18215 A_min=0.1711 A_mean=0.1839 |g|=1.07e-03 bin=0.091 S_flip=0.089 t=52s
[P700_h200_pad0.040_s7777] it  38 J=0.18254 A_min=0.1716 A_mean=0.1844 |g|=1.05e-03 bin=0.084 S_flip=0.091 t=54s
[P700_h200_pad0.040_s7777] it  39 J=0.18288 A_min=0.1720 A_mean=0.1847 |g|=1.05e-03 bin=0.077 S_flip=0.093 t=55s
[P700_h200_pad0.040_s7777] it  40 J=0.18317 A_min=0.1724 A_mean=0.1850 |g|=1.04e-03 bin=0.070 S_flip=0.095 t=56s
[P700_h200_pad0.040_s7777] it  41 J=0.18342 A_min=0.1727 A_mean=0.1853 |g|=1.03e-03 bin=0.065 S_flip=0.097 t=58s
[P700_h200_pad0.040_s7777] it  42 J=0.18365 A_min=0.1730 A_mean=0.1855 |g|=1.01e-03 bin=0.060 S_flip=0.099 t=59s
[P700_h200_pad0.040_s7777] it  43 J=0.18386 A_min=0.1732 A_mean=0.1857 |g|=1.00e-03 bin=0.055 S_flip=0.101 t=60s
[P700_h200_pad0.040_s7777] it  44 J=0.18404 A_min=0.1734 A_mean=0.1859 |g|=9.82e-04 bin=0.051 S_flip=0.103 t=62s
[P700_h200_pad0.040_s7777] it  45 J=0.18421 A_min=0.1736 A_mean=0.1861 |g|=9.63e-04 bin=0.047 S_flip=0.105 t=63s
[P700_h200_pad0.040_s7777] it  46 J=0.18437 A_min=0.1738 A_mean=0.1862 |g|=9.42e-04 bin=0.044 S_flip=0.108 t=64s
[P700_h200_pad0.040_s7777] it  47 J=0.18451 A_min=0.1739 A_mean=0.1863 |g|=9.20e-04 bin=0.041 S_flip=0.110 t=66s
[P700_h200_pad0.040_s7777] it  48 J=0.18464 A_min=0.1740 A_mean=0.1865 |g|=8.98e-04 bin=0.038 S_flip=0.112 t=67s
[P700_h200_pad0.040_s7777] it  49 J=0.18476 A_min=0.1741 A_mean=0.1866 |g|=8.76e-04 bin=0.035 S_flip=0.114 t=69s
[P700_h200_pad0.040_s7777] it  50 J=0.18487 A_min=0.1742 A_mean=0.1867 |g|=8.55e-04 bin=0.033 S_flip=0.117 t=70s
[P700_h200_pad0.040_s7777] it  51 J=0.18497 A_min=0.1743 A_mean=0.1868 |g|=8.34e-04 bin=0.031 S_flip=0.119 t=71s
[P700_h200_pad0.040_s7777] it  52 J=0.18506 A_min=0.1743 A_mean=0.1869 |g|=8.15e-04 bin=0.029 S_flip=0.121 t=73s
[P700_h200_pad0.040_s7777] it  53 J=0.18515 A_min=0.1744 A_mean=0.1870 |g|=7.96e-04 bin=0.027 S_flip=0.124 t=74s
[P700_h200_pad0.040_s7777] it  54 J=0.18522 A_min=0.1744 A_mean=0.1870 |g|=7.78e-04 bin=0.025 S_flip=0.126 t=75s
[P700_h200_pad0.040_s7777] it  55 J=0.18530 A_min=0.1745 A_mean=0.1871 |g|=7.61e-04 bin=0.023 S_flip=0.129 t=77s
[P700_h200_pad0.040_s7777] it  56 J=0.18536 A_min=0.1745 A_mean=0.1872 |g|=7.45e-04 bin=0.022 S_flip=0.131 t=78s
[P700_h200_pad0.040_s7777] it  57 J=0.18542 A_min=0.1745 A_mean=0.1872 |g|=7.28e-04 bin=0.020 S_flip=0.134 t=79s
[P700_h200_pad0.040_s7777] it  58 J=0.18548 A_min=0.1746 A_mean=0.1873 |g|=7.12e-04 bin=0.019 S_flip=0.136 t=81s
[P700_h200_pad0.040_s7777] it  59 J=0.18553 A_min=0.1746 A_mean=0.1873 |g|=6.96e-04 bin=0.018 S_flip=0.138 t=82s
[P700_h200_pad0.040_s7777] it  60 J=0.18558 A_min=0.1746 A_mean=0.1874 |g|=6.81e-04 bin=0.017 S_flip=0.140 t=83s
[P700_h200_pad0.040_s7777] it  61 J=0.18562 A_min=0.1746 A_mean=0.1874 |g|=6.71e-04 bin=0.015 S_flip=0.142 t=85s
[P700_h200_pad0.040_s7777] it  62 J=0.18566 A_min=0.1746 A_mean=0.1874 |g|=6.66e-04 bin=0.014 S_flip=0.144 t=86s
[P700_h200_pad0.040_s7777] it  63 J=0.18570 A_min=0.1747 A_mean=0.1875 |g|=6.66e-04 bin=0.014 S_flip=0.146 t=88s
[P700_h200_pad0.040_s7777] it  64 J=0.18573 A_min=0.1747 A_mean=0.1875 |g|=6.69e-04 bin=0.013 S_flip=0.148 t=89s
[P700_h200_pad0.040_s7777] it  65 J=0.18576 A_min=0.1747 A_mean=0.1875 |g|=6.73e-04 bin=0.012 S_flip=0.150 t=90s
[P700_h200_pad0.040_s7777] it  66 J=0.18579 A_min=0.1747 A_mean=0.1875 |g|=6.73e-04 bin=0.011 S_flip=0.152 t=92s
[P700_h200_pad0.040_s7777] it  67 J=0.18582 A_min=0.1747 A_mean=0.1876 |g|=6.65e-04 bin=0.010 S_flip=0.155 t=93s
[P700_h200_pad0.040_s7777] it  68 J=0.18585 A_min=0.1747 A_mean=0.1876 |g|=6.46e-04 bin=0.010 S_flip=0.157 t=95s
[P700_h200_pad0.040_s7777] it  69 J=0.18587 A_min=0.1747 A_mean=0.1876 |g|=6.19e-04 bin=0.009 S_flip=0.159 t=96s
[P700_h200_pad0.040_s7777] it  70 J=0.18589 A_min=0.1747 A_mean=0.1876 |g|=5.88e-04 bin=0.008 S_flip=0.161 t=97s
[P700_h200_pad0.040_s7777] it  71 J=0.18591 A_min=0.1747 A_mean=0.1877 |g|=5.56e-04 bin=0.007 S_flip=0.163 t=99s
[P700_h200_pad0.040_s7777] it  72 J=0.18593 A_min=0.1747 A_mean=0.1877 |g|=5.29e-04 bin=0.007 S_flip=0.164 t=100s
[P700_h200_pad0.040_s7777] it  73 J=0.18594 A_min=0.1747 A_mean=0.1877 |g|=5.05e-04 bin=0.006 S_flip=0.165 t=102s
[P700_h200_pad0.040_s7777] it  74 J=0.18596 A_min=0.1747 A_mean=0.1877 |g|=4.87e-04 bin=0.006 S_flip=0.167 t=103s
[P700_h200_pad0.040_s7777] it  75 J=0.18597 A_min=0.1747 A_mean=0.1877 |g|=4.74e-04 bin=0.005 S_flip=0.168 t=105s
[P700_h200_pad0.040_s7777] it  76 J=0.18598 A_min=0.1747 A_mean=0.1877 |g|=4.65e-04 bin=0.005 S_flip=0.168 t=106s
[P700_h200_pad0.040_s7777] it  77 J=0.18598 A_min=0.1747 A_mean=0.1877 |g|=4.60e-04 bin=0.005 S_flip=0.169 t=108s
[P700_h200_pad0.040_s7777] it  78 J=0.18599 A_min=0.1748 A_mean=0.1877 |g|=4.58e-04 bin=0.004 S_flip=0.170 t=109s
[P700_h200_pad0.040_s7777] it  79 J=0.18600 A_min=0.1748 A_mean=0.1877 |g|=4.59e-04 bin=0.004 S_flip=0.171 t=110s
[P700_h200_pad0.040_s7777] it  80 J=0.18600 A_min=0.1748 A_mean=0.1877 |g|=4.61e-04 bin=0.004 S_flip=0.172 t=112s
[P700_h200_pad0.040_s7777] it  81 J=0.18601 A_min=0.1748 A_mean=0.1877 |g|=4.64e-04 bin=0.004 S_flip=0.173 t=113s
[P700_h200_pad0.040_s7777] it  82 J=0.18601 A_min=0.1748 A_mean=0.1878 |g|=4.66e-04 bin=0.003 S_flip=0.173 t=115s
[P700_h200_pad0.040_s7777] it  83 J=0.18602 A_min=0.1748 A_mean=0.1878 |g|=4.68e-04 bin=0.003 S_flip=0.174 t=116s
[P700_h200_pad0.040_s7777] it  84 J=0.18602 A_min=0.1748 A_mean=0.1878 |g|=4.69e-04 bin=0.003 S_flip=0.175 t=118s
[P700_h200_pad0.040_s7777] it  85 J=0.18602 A_min=0.1748 A_mean=0.1878 |g|=4.69e-04 bin=0.003 S_flip=0.176 t=119s
[P700_h200_pad0.040_s7777] it  86 J=0.18603 A_min=0.1748 A_mean=0.1878 |g|=4.69e-04 bin=0.002 S_flip=0.176 t=120s
[P700_h200_pad0.040_s7777] it  87 J=0.18603 A_min=0.1748 A_mean=0.1878 |g|=4.69e-04 bin=0.002 S_flip=0.177 t=122s
[P700_h200_pad0.040_s7777] it  88 J=0.18603 A_min=0.1748 A_mean=0.1878 |g|=4.68e-04 bin=0.002 S_flip=0.178 t=123s
[P700_h200_pad0.040_s7777] it  89 J=0.18603 A_min=0.1748 A_mean=0.1878 |g|=4.68e-04 bin=0.002 S_flip=0.178 t=125s
[P700_h200_pad0.040_s7777] it  90 J=0.18604 A_min=0.1748 A_mean=0.1878 |g|=4.68e-04 bin=0.002 S_flip=0.179 t=126s
[P700_h200_pad0.040_s7777] it  91 J=0.18604 A_min=0.1748 A_mean=0.1878 |g|=4.68e-04 bin=0.002 S_flip=0.179 t=127s
[P700_h200_pad0.040_s7777] it  92 J=0.18604 A_min=0.1748 A_mean=0.1878 |g|=4.68e-04 bin=0.002 S_flip=0.180 t=129s
[P700_h200_pad0.040_s7777] it  93 J=0.18604 A_min=0.1748 A_mean=0.1878 |g|=4.70e-04 bin=0.001 S_flip=0.180 t=130s
[P700_h200_pad0.040_s7777] it  94 J=0.18604 A_min=0.1748 A_mean=0.1878 |g|=4.72e-04 bin=0.001 S_flip=0.181 t=132s
[P700_h200_pad0.040_s7777] it  95 J=0.18604 A_min=0.1748 A_mean=0.1878 |g|=4.76e-04 bin=0.001 S_flip=0.181 t=133s
[P700_h200_pad0.040_s7777] it  96 J=0.18604 A_min=0.1748 A_mean=0.1878 |g|=4.81e-04 bin=0.001 S_flip=0.181 t=134s
[P700_h200_pad0.040_s7777] it  97 J=0.18604 A_min=0.1748 A_mean=0.1878 |g|=4.86e-04 bin=0.001 S_flip=0.182 t=136s
[P700_h200_pad0.040_s7777] it  98 J=0.18604 A_min=0.1748 A_mean=0.1878 |g|=4.92e-04 bin=0.001 S_flip=0.182 t=137s
[P700_h200_pad0.040_s7777] it  99 J=0.18604 A_min=0.1748 A_mean=0.1878 |g|=4.98e-04 bin=0.001 S_flip=0.182 t=139s
[P700_h200_pad0.040_s7777] done: J_soft=0.18604 J_hard=0.18604 A_hard=[0.1748, 0.2093, 0.1793] S_flip=0.184 wall=141s
[P700_h200_pad0.080_s333] it   0 J=0.09615 A_min=0.0881 A_mean=0.0972 |g|=1.80e-03 bin=0.657 S_flip=0.053 t=1s
[P700_h200_pad0.080_s333] it   1 J=0.09699 A_min=0.0889 A_mean=0.0981 |g|=1.87e-03 bin=0.655 S_flip=0.054 t=3s
[P700_h200_pad0.080_s333] it   2 J=0.09793 A_min=0.0898 A_mean=0.0990 |g|=1.96e-03 bin=0.652 S_flip=0.056 t=4s
[P700_h200_pad0.080_s333] it   3 J=0.09898 A_min=0.0908 A_mean=0.1001 |g|=2.06e-03 bin=0.649 S_flip=0.057 t=6s
[P700_h200_pad0.080_s333] it   4 J=0.10016 A_min=0.0919 A_mean=0.1013 |g|=2.17e-03 bin=0.645 S_flip=0.058 t=7s
[P700_h200_pad0.080_s333] it   5 J=0.10149 A_min=0.0931 A_mean=0.1026 |g|=2.29e-03 bin=0.640 S_flip=0.060 t=8s
[P700_h200_pad0.080_s333] it   6 J=0.10300 A_min=0.0945 A_mean=0.1042 |g|=2.42e-03 bin=0.635 S_flip=0.061 t=10s
[P700_h200_pad0.080_s333] it   7 J=0.10472 A_min=0.0962 A_mean=0.1059 |g|=2.57e-03 bin=0.629 S_flip=0.063 t=11s
[P700_h200_pad0.080_s333] it   8 J=0.10666 A_min=0.0980 A_mean=0.1079 |g|=2.73e-03 bin=0.622 S_flip=0.065 t=13s
[P700_h200_pad0.080_s333] it   9 J=0.10888 A_min=0.1001 A_mean=0.1101 |g|=2.90e-03 bin=0.614 S_flip=0.067 t=14s
[P700_h200_pad0.080_s333] it  10 J=0.11139 A_min=0.1024 A_mean=0.1126 |g|=3.08e-03 bin=0.604 S_flip=0.069 t=15s
[P700_h200_pad0.080_s333] it  11 J=0.11422 A_min=0.1051 A_mean=0.1155 |g|=3.26e-03 bin=0.593 S_flip=0.071 t=17s
[P700_h200_pad0.080_s333] it  12 J=0.11741 A_min=0.1081 A_mean=0.1187 |g|=3.44e-03 bin=0.580 S_flip=0.073 t=18s
[P700_h200_pad0.080_s333] it  13 J=0.12095 A_min=0.1114 A_mean=0.1222 |g|=3.59e-03 bin=0.564 S_flip=0.075 t=19s
[P700_h200_pad0.080_s333] it  14 J=0.12485 A_min=0.1151 A_mean=0.1262 |g|=3.72e-03 bin=0.546 S_flip=0.077 t=21s
[P700_h200_pad0.080_s333] it  15 J=0.12908 A_min=0.1191 A_mean=0.1304 |g|=3.81e-03 bin=0.525 S_flip=0.078 t=22s
[P700_h200_pad0.080_s333] it  16 J=0.13359 A_min=0.1233 A_mean=0.1350 |g|=3.84e-03 bin=0.502 S_flip=0.080 t=23s
[P700_h200_pad0.080_s333] it  17 J=0.13831 A_min=0.1277 A_mean=0.1397 |g|=3.81e-03 bin=0.475 S_flip=0.082 t=25s
[P700_h200_pad0.080_s333] it  18 J=0.14313 A_min=0.1323 A_mean=0.1446 |g|=3.71e-03 bin=0.446 S_flip=0.083 t=26s
[P700_h200_pad0.080_s333] it  19 J=0.14795 A_min=0.1368 A_mean=0.1494 |g|=3.54e-03 bin=0.414 S_flip=0.085 t=28s
[P700_h200_pad0.080_s333] it  20 J=0.15262 A_min=0.1412 A_mean=0.1541 |g|=3.32e-03 bin=0.381 S_flip=0.086 t=29s
[P700_h200_pad0.080_s333] it  21 J=0.15706 A_min=0.1454 A_mean=0.1586 |g|=3.06e-03 bin=0.348 S_flip=0.088 t=31s
[P700_h200_pad0.080_s333] it  22 J=0.16115 A_min=0.1493 A_mean=0.1627 |g|=2.78e-03 bin=0.316 S_flip=0.089 t=32s
[P700_h200_pad0.080_s333] it  23 J=0.16485 A_min=0.1528 A_mean=0.1664 |g|=2.50e-03 bin=0.285 S_flip=0.091 t=34s
[P700_h200_pad0.080_s333] it  24 J=0.16812 A_min=0.1560 A_mean=0.1697 |g|=2.24e-03 bin=0.255 S_flip=0.093 t=35s
[P700_h200_pad0.080_s333] it  25 J=0.17096 A_min=0.1587 A_mean=0.1725 |g|=1.99e-03 bin=0.229 S_flip=0.095 t=37s
[P700_h200_pad0.080_s333] it  26 J=0.17338 A_min=0.1611 A_mean=0.1750 |g|=1.78e-03 bin=0.204 S_flip=0.097 t=38s
[P700_h200_pad0.080_s333] it  27 J=0.17544 A_min=0.1632 A_mean=0.1771 |g|=1.58e-03 bin=0.183 S_flip=0.100 t=39s
[P700_h200_pad0.080_s333] it  28 J=0.17716 A_min=0.1650 A_mean=0.1788 |g|=1.42e-03 bin=0.163 S_flip=0.103 t=41s
[P700_h200_pad0.080_s333] it  29 J=0.17860 A_min=0.1665 A_mean=0.1802 |g|=1.28e-03 bin=0.147 S_flip=0.106 t=42s
[P700_h200_pad0.080_s333] it  30 J=0.17979 A_min=0.1678 A_mean=0.1814 |g|=1.16e-03 bin=0.132 S_flip=0.109 t=44s
[P700_h200_pad0.080_s333] it  31 J=0.18079 A_min=0.1689 A_mean=0.1825 |g|=1.06e-03 bin=0.119 S_flip=0.112 t=45s
[P700_h200_pad0.080_s333] it  32 J=0.18162 A_min=0.1698 A_mean=0.1833 |g|=9.72e-04 bin=0.108 S_flip=0.116 t=47s
[P700_h200_pad0.080_s333] it  33 J=0.18231 A_min=0.1707 A_mean=0.1840 |g|=9.01e-04 bin=0.098 S_flip=0.120 t=48s
[P700_h200_pad0.080_s333] it  34 J=0.18290 A_min=0.1713 A_mean=0.1846 |g|=8.43e-04 bin=0.089 S_flip=0.124 t=49s
[P700_h200_pad0.080_s333] it  35 J=0.18339 A_min=0.1719 A_mean=0.1851 |g|=7.95e-04 bin=0.081 S_flip=0.127 t=51s
[P700_h200_pad0.080_s333] it  36 J=0.18381 A_min=0.1725 A_mean=0.1855 |g|=7.56e-04 bin=0.074 S_flip=0.131 t=52s
[P700_h200_pad0.080_s333] it  37 J=0.18416 A_min=0.1729 A_mean=0.1859 |g|=7.25e-04 bin=0.068 S_flip=0.135 t=53s
[P700_h200_pad0.080_s333] it  38 J=0.18447 A_min=0.1733 A_mean=0.1862 |g|=6.99e-04 bin=0.063 S_flip=0.139 t=55s
[P700_h200_pad0.080_s333] it  39 J=0.18474 A_min=0.1736 A_mean=0.1865 |g|=6.79e-04 bin=0.058 S_flip=0.143 t=56s
[P700_h200_pad0.080_s333] it  40 J=0.18497 A_min=0.1739 A_mean=0.1867 |g|=6.62e-04 bin=0.053 S_flip=0.147 t=57s
[P700_h200_pad0.080_s333] it  41 J=0.18517 A_min=0.1742 A_mean=0.1869 |g|=6.48e-04 bin=0.049 S_flip=0.151 t=59s
[P700_h200_pad0.080_s333] it  42 J=0.18534 A_min=0.1744 A_mean=0.1871 |g|=6.37e-04 bin=0.045 S_flip=0.155 t=60s
[P700_h200_pad0.080_s333] it  43 J=0.18550 A_min=0.1747 A_mean=0.1873 |g|=6.27e-04 bin=0.042 S_flip=0.159 t=62s
[P700_h200_pad0.080_s333] it  44 J=0.18563 A_min=0.1748 A_mean=0.1874 |g|=6.19e-04 bin=0.039 S_flip=0.163 t=63s
[P700_h200_pad0.080_s333] it  45 J=0.18575 A_min=0.1750 A_mean=0.1875 |g|=6.11e-04 bin=0.036 S_flip=0.167 t=64s
[P700_h200_pad0.080_s333] it  46 J=0.18586 A_min=0.1752 A_mean=0.1877 |g|=6.05e-04 bin=0.034 S_flip=0.170 t=66s
[P700_h200_pad0.080_s333] it  47 J=0.18596 A_min=0.1753 A_mean=0.1878 |g|=6.00e-04 bin=0.031 S_flip=0.174 t=67s
[P700_h200_pad0.080_s333] it  48 J=0.18604 A_min=0.1754 A_mean=0.1878 |g|=5.95e-04 bin=0.029 S_flip=0.177 t=68s
[P700_h200_pad0.080_s333] it  49 J=0.18612 A_min=0.1755 A_mean=0.1879 |g|=5.92e-04 bin=0.027 S_flip=0.180 t=70s
[P700_h200_pad0.080_s333] it  50 J=0.18619 A_min=0.1756 A_mean=0.1880 |g|=5.90e-04 bin=0.025 S_flip=0.184 t=71s
[P700_h200_pad0.080_s333] it  51 J=0.18626 A_min=0.1757 A_mean=0.1881 |g|=5.88e-04 bin=0.023 S_flip=0.187 t=72s
[P700_h200_pad0.080_s333] it  52 J=0.18632 A_min=0.1758 A_mean=0.1881 |g|=5.89e-04 bin=0.022 S_flip=0.189 t=74s
[P700_h200_pad0.080_s333] it  53 J=0.18637 A_min=0.1759 A_mean=0.1882 |g|=5.90e-04 bin=0.020 S_flip=0.192 t=75s
[P700_h200_pad0.080_s333] it  54 J=0.18642 A_min=0.1760 A_mean=0.1882 |g|=5.93e-04 bin=0.019 S_flip=0.195 t=76s
[P700_h200_pad0.080_s333] it  55 J=0.18647 A_min=0.1761 A_mean=0.1883 |g|=5.97e-04 bin=0.018 S_flip=0.197 t=78s
[P700_h200_pad0.080_s333] it  56 J=0.18651 A_min=0.1761 A_mean=0.1883 |g|=6.03e-04 bin=0.017 S_flip=0.199 t=79s
[P700_h200_pad0.080_s333] it  57 J=0.18655 A_min=0.1762 A_mean=0.1884 |g|=6.08e-04 bin=0.016 S_flip=0.201 t=80s
[P700_h200_pad0.080_s333] it  58 J=0.18659 A_min=0.1763 A_mean=0.1884 |g|=6.13e-04 bin=0.015 S_flip=0.203 t=82s
[P700_h200_pad0.080_s333] it  59 J=0.18662 A_min=0.1763 A_mean=0.1885 |g|=6.16e-04 bin=0.014 S_flip=0.205 t=83s
[P700_h200_pad0.080_s333] it  60 J=0.18666 A_min=0.1764 A_mean=0.1885 |g|=6.17e-04 bin=0.013 S_flip=0.207 t=84s
[P700_h200_pad0.080_s333] it  61 J=0.18669 A_min=0.1764 A_mean=0.1885 |g|=6.12e-04 bin=0.012 S_flip=0.209 t=86s
[P700_h200_pad0.080_s333] it  62 J=0.18672 A_min=0.1765 A_mean=0.1886 |g|=6.02e-04 bin=0.011 S_flip=0.211 t=88s
[P700_h200_pad0.080_s333] it  63 J=0.18675 A_min=0.1765 A_mean=0.1886 |g|=5.85e-04 bin=0.010 S_flip=0.212 t=89s
[P700_h200_pad0.080_s333] it  64 J=0.18678 A_min=0.1766 A_mean=0.1886 |g|=5.63e-04 bin=0.009 S_flip=0.214 t=91s
[P700_h200_pad0.080_s333] it  65 J=0.18680 A_min=0.1766 A_mean=0.1887 |g|=5.40e-04 bin=0.009 S_flip=0.215 t=92s
[P700_h200_pad0.080_s333] it  66 J=0.18682 A_min=0.1766 A_mean=0.1887 |g|=5.19e-04 bin=0.008 S_flip=0.216 t=94s
[P700_h200_pad0.080_s333] it  67 J=0.18684 A_min=0.1767 A_mean=0.1887 |g|=5.03e-04 bin=0.007 S_flip=0.217 t=95s
[P700_h200_pad0.080_s333] it  68 J=0.18686 A_min=0.1767 A_mean=0.1887 |g|=4.92e-04 bin=0.007 S_flip=0.218 t=96s
[P700_h200_pad0.080_s333] it  69 J=0.18687 A_min=0.1767 A_mean=0.1887 |g|=4.86e-04 bin=0.006 S_flip=0.219 t=98s
[P700_h200_pad0.080_s333] it  70 J=0.18688 A_min=0.1767 A_mean=0.1887 |g|=4.83e-04 bin=0.006 S_flip=0.220 t=99s
[P700_h200_pad0.080_s333] it  71 J=0.18690 A_min=0.1768 A_mean=0.1888 |g|=4.83e-04 bin=0.006 S_flip=0.221 t=101s
[P700_h200_pad0.080_s333] it  72 J=0.18691 A_min=0.1768 A_mean=0.1888 |g|=4.84e-04 bin=0.005 S_flip=0.222 t=102s
[P700_h200_pad0.080_s333] it  73 J=0.18692 A_min=0.1768 A_mean=0.1888 |g|=4.83e-04 bin=0.005 S_flip=0.222 t=103s
[P700_h200_pad0.080_s333] it  74 J=0.18693 A_min=0.1768 A_mean=0.1888 |g|=4.81e-04 bin=0.005 S_flip=0.223 t=105s
[P700_h200_pad0.080_s333] it  75 J=0.18694 A_min=0.1768 A_mean=0.1888 |g|=4.76e-04 bin=0.004 S_flip=0.223 t=106s
[P700_h200_pad0.080_s333] it  76 J=0.18694 A_min=0.1768 A_mean=0.1888 |g|=4.71e-04 bin=0.004 S_flip=0.224 t=107s
[P700_h200_pad0.080_s333] it  77 J=0.18695 A_min=0.1768 A_mean=0.1888 |g|=4.67e-04 bin=0.004 S_flip=0.224 t=109s
[P700_h200_pad0.080_s333] it  78 J=0.18696 A_min=0.1768 A_mean=0.1888 |g|=4.64e-04 bin=0.003 S_flip=0.224 t=110s
[P700_h200_pad0.080_s333] it  79 J=0.18696 A_min=0.1769 A_mean=0.1888 |g|=4.64e-04 bin=0.003 S_flip=0.225 t=112s
[P700_h200_pad0.080_s333] it  80 J=0.18697 A_min=0.1769 A_mean=0.1888 |g|=4.67e-04 bin=0.003 S_flip=0.225 t=113s
[P700_h200_pad0.080_s333] it  81 J=0.18697 A_min=0.1769 A_mean=0.1888 |g|=4.71e-04 bin=0.003 S_flip=0.226 t=114s
[P700_h200_pad0.080_s333] it  82 J=0.18698 A_min=0.1769 A_mean=0.1888 |g|=4.75e-04 bin=0.003 S_flip=0.226 t=116s
[P700_h200_pad0.080_s333] it  83 J=0.18698 A_min=0.1769 A_mean=0.1888 |g|=4.79e-04 bin=0.002 S_flip=0.226 t=117s
[P700_h200_pad0.080_s333] it  84 J=0.18698 A_min=0.1769 A_mean=0.1888 |g|=4.82e-04 bin=0.002 S_flip=0.227 t=119s
[P700_h200_pad0.080_s333] it  85 J=0.18699 A_min=0.1769 A_mean=0.1889 |g|=4.84e-04 bin=0.002 S_flip=0.227 t=120s
[P700_h200_pad0.080_s333] it  86 J=0.18699 A_min=0.1769 A_mean=0.1889 |g|=4.84e-04 bin=0.002 S_flip=0.228 t=122s
[P700_h200_pad0.080_s333] it  87 J=0.18699 A_min=0.1769 A_mean=0.1889 |g|=4.82e-04 bin=0.002 S_flip=0.228 t=123s
[P700_h200_pad0.080_s333] it  88 J=0.18700 A_min=0.1769 A_mean=0.1889 |g|=4.78e-04 bin=0.002 S_flip=0.228 t=125s
[P700_h200_pad0.080_s333] it  89 J=0.18700 A_min=0.1769 A_mean=0.1889 |g|=4.74e-04 bin=0.001 S_flip=0.229 t=126s
[P700_h200_pad0.080_s333] it  90 J=0.18700 A_min=0.1769 A_mean=0.1889 |g|=4.68e-04 bin=0.001 S_flip=0.229 t=128s
[P700_h200_pad0.080_s333] it  91 J=0.18700 A_min=0.1769 A_mean=0.1889 |g|=4.63e-04 bin=0.001 S_flip=0.229 t=129s
[P700_h200_pad0.080_s333] it  92 J=0.18700 A_min=0.1769 A_mean=0.1889 |g|=4.59e-04 bin=0.001 S_flip=0.229 t=130s
[P700_h200_pad0.080_s333] it  93 J=0.18700 A_min=0.1769 A_mean=0.1889 |g|=4.55e-04 bin=0.001 S_flip=0.230 t=132s
[P700_h200_pad0.080_s333] it  94 J=0.18700 A_min=0.1769 A_mean=0.1889 |g|=4.54e-04 bin=0.001 S_flip=0.230 t=133s
[P700_h200_pad0.080_s333] it  95 J=0.18700 A_min=0.1769 A_mean=0.1889 |g|=4.55e-04 bin=0.001 S_flip=0.230 t=134s
[P700_h200_pad0.080_s333] it  96 J=0.18700 A_min=0.1769 A_mean=0.1889 |g|=4.59e-04 bin=0.001 S_flip=0.230 t=136s
[P700_h200_pad0.080_s333] it  97 J=0.18700 A_min=0.1769 A_mean=0.1889 |g|=4.65e-04 bin=0.001 S_flip=0.230 t=137s
[P700_h200_pad0.080_s333] it  98 J=0.18700 A_min=0.1769 A_mean=0.1889 |g|=4.73e-04 bin=0.001 S_flip=0.230 t=138s
[P700_h200_pad0.080_s333] it  99 J=0.18700 A_min=0.1769 A_mean=0.1889 |g|=4.84e-04 bin=0.001 S_flip=0.231 t=140s
[P700_h200_pad0.080_s333] done: J_soft=0.18700 J_hard=0.18700 A_hard=[0.1769, 0.2114, 0.1783] S_flip=0.233 wall=142s
[P700_h200_pad0.080_s1001] it   0 J=0.09511 A_min=0.0871 A_mean=0.0962 |g|=1.79e-03 bin=0.656 S_flip=0.058 t=1s
[P700_h200_pad0.080_s1001] it   1 J=0.09591 A_min=0.0879 A_mean=0.0970 |g|=1.87e-03 bin=0.654 S_flip=0.059 t=3s
[P700_h200_pad0.080_s1001] it   2 J=0.09680 A_min=0.0887 A_mean=0.0979 |g|=1.96e-03 bin=0.651 S_flip=0.060 t=4s
[P700_h200_pad0.080_s1001] it   3 J=0.09780 A_min=0.0897 A_mean=0.0989 |g|=2.06e-03 bin=0.648 S_flip=0.061 t=6s
[P700_h200_pad0.080_s1001] it   4 J=0.09891 A_min=0.0907 A_mean=0.1000 |g|=2.17e-03 bin=0.645 S_flip=0.062 t=7s
[P700_h200_pad0.080_s1001] it   5 J=0.10018 A_min=0.0919 A_mean=0.1013 |g|=2.29e-03 bin=0.640 S_flip=0.064 t=8s
[P700_h200_pad0.080_s1001] it   6 J=0.10161 A_min=0.0933 A_mean=0.1027 |g|=2.43e-03 bin=0.636 S_flip=0.065 t=10s
[P700_h200_pad0.080_s1001] it   7 J=0.10324 A_min=0.0948 A_mean=0.1044 |g|=2.59e-03 bin=0.630 S_flip=0.066 t=11s
[P700_h200_pad0.080_s1001] it   8 J=0.10510 A_min=0.0966 A_mean=0.1063 |g|=2.76e-03 bin=0.623 S_flip=0.068 t=12s
[P700_h200_pad0.080_s1001] it   9 J=0.10723 A_min=0.0986 A_mean=0.1084 |g|=2.94e-03 bin=0.616 S_flip=0.069 t=13s
[P700_h200_pad0.080_s1001] it  10 J=0.10965 A_min=0.1009 A_mean=0.1109 |g|=3.13e-03 bin=0.607 S_flip=0.071 t=15s
[P700_h200_pad0.080_s1001] it  11 J=0.11241 A_min=0.1035 A_mean=0.1136 |g|=3.32e-03 bin=0.597 S_flip=0.072 t=16s
[P700_h200_pad0.080_s1001] it  12 J=0.11552 A_min=0.1064 A_mean=0.1168 |g|=3.52e-03 bin=0.585 S_flip=0.073 t=17s
[P700_h200_pad0.080_s1001] it  13 J=0.11902 A_min=0.1097 A_mean=0.1203 |g|=3.70e-03 bin=0.570 S_flip=0.074 t=19s
[P700_h200_pad0.080_s1001] it  14 J=0.12290 A_min=0.1133 A_mean=0.1242 |g|=3.85e-03 bin=0.554 S_flip=0.075 t=20s
[P700_h200_pad0.080_s1001] it  15 J=0.12715 A_min=0.1174 A_mean=0.1285 |g|=3.97e-03 bin=0.534 S_flip=0.075 t=22s
[P700_h200_pad0.080_s1001] it  16 J=0.13173 A_min=0.1217 A_mean=0.1331 |g|=4.02e-03 bin=0.511 S_flip=0.075 t=23s
[P700_h200_pad0.080_s1001] it  17 J=0.13656 A_min=0.1262 A_mean=0.1379 |g|=4.01e-03 bin=0.486 S_flip=0.074 t=24s
[P700_h200_pad0.080_s1001] it  18 J=0.14155 A_min=0.1309 A_mean=0.1430 |g|=3.92e-03 bin=0.457 S_flip=0.074 t=25s
[P700_h200_pad0.080_s1001] it  19 J=0.14656 A_min=0.1356 A_mean=0.1480 |g|=3.75e-03 bin=0.426 S_flip=0.073 t=27s
[P700_h200_pad0.080_s1001] it  20 J=0.15147 A_min=0.1403 A_mean=0.1529 |g|=3.52e-03 bin=0.393 S_flip=0.072 t=28s
[P700_h200_pad0.080_s1001] it  21 J=0.15614 A_min=0.1447 A_mean=0.1576 |g|=3.24e-03 bin=0.359 S_flip=0.072 t=30s
[P700_h200_pad0.080_s1001] it  22 J=0.16047 A_min=0.1488 A_mean=0.1620 |g|=2.93e-03 bin=0.326 S_flip=0.071 t=31s
[P700_h200_pad0.080_s1001] it  23 J=0.16438 A_min=0.1526 A_mean=0.1659 |g|=2.62e-03 bin=0.293 S_flip=0.071 t=32s
[P700_h200_pad0.080_s1001] it  24 J=0.16784 A_min=0.1559 A_mean=0.1694 |g|=2.33e-03 bin=0.263 S_flip=0.071 t=33s
[P700_h200_pad0.080_s1001] it  25 J=0.17083 A_min=0.1588 A_mean=0.1724 |g|=2.06e-03 bin=0.235 S_flip=0.072 t=35s
[P700_h200_pad0.080_s1001] it  26 J=0.17338 A_min=0.1614 A_mean=0.1750 |g|=1.81e-03 bin=0.210 S_flip=0.073 t=36s
[P700_h200_pad0.080_s1001] it  27 J=0.17554 A_min=0.1635 A_mean=0.1772 |g|=1.60e-03 bin=0.187 S_flip=0.074 t=37s
[P700_h200_pad0.080_s1001] it  28 J=0.17733 A_min=0.1654 A_mean=0.1790 |g|=1.42e-03 bin=0.167 S_flip=0.075 t=39s
[P700_h200_pad0.080_s1001] it  29 J=0.17882 A_min=0.1670 A_mean=0.1805 |g|=1.27e-03 bin=0.149 S_flip=0.077 t=40s
[P700_h200_pad0.080_s1001] it  30 J=0.18005 A_min=0.1683 A_mean=0.1817 |g|=1.13e-03 bin=0.134 S_flip=0.079 t=41s
[P700_h200_pad0.080_s1001] it  31 J=0.18107 A_min=0.1695 A_mean=0.1828 |g|=1.02e-03 bin=0.120 S_flip=0.081 t=43s
[P700_h200_pad0.080_s1001] it  32 J=0.18191 A_min=0.1704 A_mean=0.1836 |g|=9.32e-04 bin=0.109 S_flip=0.083 t=44s
[P700_h200_pad0.080_s1001] it  33 J=0.18261 A_min=0.1712 A_mean=0.1843 |g|=8.56e-04 bin=0.098 S_flip=0.086 t=45s
[P700_h200_pad0.080_s1001] it  34 J=0.18319 A_min=0.1719 A_mean=0.1849 |g|=7.95e-04 bin=0.089 S_flip=0.088 t=47s
[P700_h200_pad0.080_s1001] it  35 J=0.18368 A_min=0.1725 A_mean=0.1854 |g|=7.46e-04 bin=0.082 S_flip=0.091 t=48s
[P700_h200_pad0.080_s1001] it  36 J=0.18410 A_min=0.1730 A_mean=0.1859 |g|=7.07e-04 bin=0.074 S_flip=0.093 t=49s
[P700_h200_pad0.080_s1001] it  37 J=0.18445 A_min=0.1735 A_mean=0.1862 |g|=6.77e-04 bin=0.068 S_flip=0.096 t=50s
[P700_h200_pad0.080_s1001] it  38 J=0.18475 A_min=0.1739 A_mean=0.1865 |g|=6.52e-04 bin=0.063 S_flip=0.098 t=52s
[P700_h200_pad0.080_s1001] it  39 J=0.18501 A_min=0.1742 A_mean=0.1868 |g|=6.33e-04 bin=0.058 S_flip=0.101 t=53s
[P700_h200_pad0.080_s1001] it  40 J=0.18523 A_min=0.1745 A_mean=0.1870 |g|=6.18e-04 bin=0.053 S_flip=0.104 t=55s
[P700_h200_pad0.080_s1001] it  41 J=0.18543 A_min=0.1748 A_mean=0.1872 |g|=6.06e-04 bin=0.049 S_flip=0.106 t=56s
[P700_h200_pad0.080_s1001] it  42 J=0.18560 A_min=0.1750 A_mean=0.1874 |g|=5.96e-04 bin=0.045 S_flip=0.109 t=57s
[P700_h200_pad0.080_s1001] it  43 J=0.18575 A_min=0.1752 A_mean=0.1876 |g|=5.87e-04 bin=0.042 S_flip=0.112 t=59s
[P700_h200_pad0.080_s1001] it  44 J=0.18588 A_min=0.1754 A_mean=0.1877 |g|=5.80e-04 bin=0.039 S_flip=0.114 t=60s
[P700_h200_pad0.080_s1001] it  45 J=0.18599 A_min=0.1755 A_mean=0.1878 |g|=5.74e-04 bin=0.036 S_flip=0.117 t=61s
[P700_h200_pad0.080_s1001] it  46 J=0.18610 A_min=0.1757 A_mean=0.1879 |g|=5.68e-04 bin=0.033 S_flip=0.119 t=63s
[P700_h200_pad0.080_s1001] it  47 J=0.18619 A_min=0.1758 A_mean=0.1880 |g|=5.62e-04 bin=0.031 S_flip=0.122 t=64s
[P700_h200_pad0.080_s1001] it  48 J=0.18627 A_min=0.1759 A_mean=0.1881 |g|=5.55e-04 bin=0.029 S_flip=0.124 t=65s
[P700_h200_pad0.080_s1001] it  49 J=0.18635 A_min=0.1760 A_mean=0.1882 |g|=5.49e-04 bin=0.027 S_flip=0.127 t=67s
[P700_h200_pad0.080_s1001] it  50 J=0.18641 A_min=0.1761 A_mean=0.1883 |g|=5.42e-04 bin=0.025 S_flip=0.129 t=68s
[P700_h200_pad0.080_s1001] it  51 J=0.18647 A_min=0.1762 A_mean=0.1883 |g|=5.36e-04 bin=0.023 S_flip=0.132 t=69s
[P700_h200_pad0.080_s1001] it  52 J=0.18653 A_min=0.1763 A_mean=0.1884 |g|=5.29e-04 bin=0.021 S_flip=0.134 t=71s
[P700_h200_pad0.080_s1001] it  53 J=0.18658 A_min=0.1764 A_mean=0.1885 |g|=5.23e-04 bin=0.020 S_flip=0.136 t=72s
[P700_h200_pad0.080_s1001] it  54 J=0.18662 A_min=0.1765 A_mean=0.1885 |g|=5.18e-04 bin=0.019 S_flip=0.138 t=74s
[P700_h200_pad0.080_s1001] it  55 J=0.18666 A_min=0.1765 A_mean=0.1885 |g|=5.14e-04 bin=0.017 S_flip=0.140 t=75s
[P700_h200_pad0.080_s1001] it  56 J=0.18670 A_min=0.1766 A_mean=0.1886 |g|=5.12e-04 bin=0.016 S_flip=0.142 t=76s
[P700_h200_pad0.080_s1001] it  57 J=0.18673 A_min=0.1766 A_mean=0.1886 |g|=5.13e-04 bin=0.015 S_flip=0.143 t=78s
[P700_h200_pad0.080_s1001] it  58 J=0.18676 A_min=0.1767 A_mean=0.1886 |g|=5.15e-04 bin=0.014 S_flip=0.145 t=79s
[P700_h200_pad0.080_s1001] it  59 J=0.18679 A_min=0.1767 A_mean=0.1887 |g|=5.20e-04 bin=0.013 S_flip=0.146 t=80s
[P700_h200_pad0.080_s1001] it  60 J=0.18682 A_min=0.1768 A_mean=0.1887 |g|=5.27e-04 bin=0.012 S_flip=0.147 t=82s
[P700_h200_pad0.080_s1001] it  61 J=0.18684 A_min=0.1768 A_mean=0.1887 |g|=5.37e-04 bin=0.012 S_flip=0.149 t=83s
[P700_h200_pad0.080_s1001] it  62 J=0.18686 A_min=0.1768 A_mean=0.1888 |g|=5.50e-04 bin=0.011 S_flip=0.150 t=85s
[P700_h200_pad0.080_s1001] it  63 J=0.18689 A_min=0.1769 A_mean=0.1888 |g|=5.65e-04 bin=0.010 S_flip=0.151 t=86s
[P700_h200_pad0.080_s1001] it  64 J=0.18691 A_min=0.1769 A_mean=0.1888 |g|=5.83e-04 bin=0.010 S_flip=0.152 t=87s
[P700_h200_pad0.080_s1001] it  65 J=0.18693 A_min=0.1770 A_mean=0.1888 |g|=6.02e-04 bin=0.009 S_flip=0.152 t=89s
[P700_h200_pad0.080_s1001] it  66 J=0.18695 A_min=0.1770 A_mean=0.1889 |g|=6.20e-04 bin=0.008 S_flip=0.153 t=90s
[P700_h200_pad0.080_s1001] it  67 J=0.18697 A_min=0.1770 A_mean=0.1889 |g|=6.36e-04 bin=0.008 S_flip=0.154 t=92s
[P700_h200_pad0.080_s1001] it  68 J=0.18699 A_min=0.1771 A_mean=0.1889 |g|=6.45e-04 bin=0.007 S_flip=0.154 t=93s
[P700_h200_pad0.080_s1001] it  69 J=0.18701 A_min=0.1771 A_mean=0.1889 |g|=6.45e-04 bin=0.007 S_flip=0.155 t=94s
[P700_h200_pad0.080_s1001] it  70 J=0.18702 A_min=0.1771 A_mean=0.1889 |g|=6.39e-04 bin=0.006 S_flip=0.155 t=96s
[P700_h200_pad0.080_s1001] it  71 J=0.18704 A_min=0.1772 A_mean=0.1890 |g|=6.34e-04 bin=0.006 S_flip=0.156 t=97s
[P700_h200_pad0.080_s1001] it  72 J=0.18706 A_min=0.1772 A_mean=0.1890 |g|=6.38e-04 bin=0.006 S_flip=0.156 t=98s
[P700_h200_pad0.080_s1001] it  73 J=0.18707 A_min=0.1772 A_mean=0.1890 |g|=6.54e-04 bin=0.005 S_flip=0.156 t=100s
[P700_h200_pad0.080_s1001] it  74 J=0.18708 A_min=0.1772 A_mean=0.1890 |g|=6.79e-04 bin=0.005 S_flip=0.156 t=101s
[P700_h200_pad0.080_s1001] it  75 J=0.18710 A_min=0.1772 A_mean=0.1890 |g|=7.07e-04 bin=0.005 S_flip=0.156 t=102s
[P700_h200_pad0.080_s1001] it  76 J=0.18711 A_min=0.1773 A_mean=0.1890 |g|=7.27e-04 bin=0.004 S_flip=0.156 t=104s
[P700_h200_pad0.080_s1001] it  77 J=0.18712 A_min=0.1773 A_mean=0.1890 |g|=7.27e-04 bin=0.004 S_flip=0.155 t=105s
[P700_h200_pad0.080_s1001] it  78 J=0.18713 A_min=0.1773 A_mean=0.1890 |g|=6.98e-04 bin=0.004 S_flip=0.155 t=106s
[P700_h200_pad0.080_s1001] it  79 J=0.18714 A_min=0.1773 A_mean=0.1891 |g|=6.44e-04 bin=0.004 S_flip=0.155 t=108s
[P700_h200_pad0.080_s1001] it  80 J=0.18715 A_min=0.1773 A_mean=0.1891 |g|=5.86e-04 bin=0.003 S_flip=0.155 t=109s
[P700_h200_pad0.080_s1001] it  81 J=0.18716 A_min=0.1773 A_mean=0.1891 |g|=5.45e-04 bin=0.003 S_flip=0.156 t=110s
[P700_h200_pad0.080_s1001] it  82 J=0.18716 A_min=0.1773 A_mean=0.1891 |g|=5.23e-04 bin=0.003 S_flip=0.156 t=112s
[P700_h200_pad0.080_s1001] it  83 J=0.18717 A_min=0.1773 A_mean=0.1891 |g|=5.16e-04 bin=0.003 S_flip=0.156 t=113s
[P700_h200_pad0.080_s1001] it  84 J=0.18717 A_min=0.1773 A_mean=0.1891 |g|=5.17e-04 bin=0.003 S_flip=0.157 t=114s
[P700_h200_pad0.080_s1001] it  85 J=0.18718 A_min=0.1773 A_mean=0.1891 |g|=5.22e-04 bin=0.002 S_flip=0.157 t=116s
[P700_h200_pad0.080_s1001] it  86 J=0.18718 A_min=0.1773 A_mean=0.1891 |g|=5.30e-04 bin=0.002 S_flip=0.157 t=117s
[P700_h200_pad0.080_s1001] it  87 J=0.18718 A_min=0.1773 A_mean=0.1891 |g|=5.39e-04 bin=0.002 S_flip=0.158 t=118s
[P700_h200_pad0.080_s1001] it  88 J=0.18718 A_min=0.1773 A_mean=0.1891 |g|=5.48e-04 bin=0.002 S_flip=0.158 t=119s
[P700_h200_pad0.080_s1001] it  89 J=0.18719 A_min=0.1773 A_mean=0.1891 |g|=5.57e-04 bin=0.002 S_flip=0.159 t=121s
[P700_h200_pad0.080_s1001] it  90 J=0.18719 A_min=0.1773 A_mean=0.1891 |g|=5.64e-04 bin=0.002 S_flip=0.159 t=122s
[P700_h200_pad0.080_s1001] it  91 J=0.18719 A_min=0.1773 A_mean=0.1891 |g|=5.70e-04 bin=0.002 S_flip=0.159 t=123s
[P700_h200_pad0.080_s1001] it  92 J=0.18719 A_min=0.1773 A_mean=0.1891 |g|=5.74e-04 bin=0.002 S_flip=0.160 t=125s
[P700_h200_pad0.080_s1001] it  93 J=0.18719 A_min=0.1773 A_mean=0.1891 |g|=5.77e-04 bin=0.001 S_flip=0.160 t=126s
[P700_h200_pad0.080_s1001] it  94 J=0.18719 A_min=0.1773 A_mean=0.1891 |g|=5.79e-04 bin=0.001 S_flip=0.160 t=127s
[P700_h200_pad0.080_s1001] it  95 J=0.18719 A_min=0.1773 A_mean=0.1891 |g|=5.80e-04 bin=0.001 S_flip=0.161 t=129s
[P700_h200_pad0.080_s1001] it  96 J=0.18720 A_min=0.1773 A_mean=0.1891 |g|=5.82e-04 bin=0.001 S_flip=0.161 t=130s
[P700_h200_pad0.080_s1001] it  97 J=0.18720 A_min=0.1773 A_mean=0.1891 |g|=5.84e-04 bin=0.001 S_flip=0.161 t=131s
[P700_h200_pad0.080_s1001] it  98 J=0.18720 A_min=0.1773 A_mean=0.1891 |g|=5.87e-04 bin=0.001 S_flip=0.162 t=132s
[P700_h200_pad0.080_s1001] it  99 J=0.18720 A_min=0.1773 A_mean=0.1891 |g|=5.90e-04 bin=0.001 S_flip=0.162 t=134s
[P700_h200_pad0.080_s1001] done: J_soft=0.18720 J_hard=0.18720 A_hard=[0.1774, 0.2119, 0.1781] S_flip=0.164 wall=136s
[P700_h200_pad0.080_s7777] it   0 J=0.09671 A_min=0.0886 A_mean=0.0978 |g|=1.80e-03 bin=0.658 S_flip=0.050 t=1s
[P700_h200_pad0.080_s7777] it   1 J=0.09758 A_min=0.0894 A_mean=0.0987 |g|=1.88e-03 bin=0.656 S_flip=0.051 t=3s
[P700_h200_pad0.080_s7777] it   2 J=0.09855 A_min=0.0903 A_mean=0.0997 |g|=1.97e-03 bin=0.653 S_flip=0.052 t=4s
[P700_h200_pad0.080_s7777] it   3 J=0.09963 A_min=0.0914 A_mean=0.1007 |g|=2.06e-03 bin=0.650 S_flip=0.053 t=5s
[P700_h200_pad0.080_s7777] it   4 J=0.10085 A_min=0.0925 A_mean=0.1020 |g|=2.17e-03 bin=0.646 S_flip=0.054 t=6s
[P700_h200_pad0.080_s7777] it   5 J=0.10222 A_min=0.0938 A_mean=0.1034 |g|=2.30e-03 bin=0.641 S_flip=0.055 t=8s
[P700_h200_pad0.080_s7777] it   6 J=0.10378 A_min=0.0953 A_mean=0.1049 |g|=2.43e-03 bin=0.636 S_flip=0.057 t=9s
[P700_h200_pad0.080_s7777] it   7 J=0.10554 A_min=0.0969 A_mean=0.1067 |g|=2.58e-03 bin=0.629 S_flip=0.058 t=10s
[P700_h200_pad0.080_s7777] it   8 J=0.10755 A_min=0.0988 A_mean=0.1087 |g|=2.74e-03 bin=0.622 S_flip=0.059 t=12s
[P700_h200_pad0.080_s7777] it   9 J=0.10982 A_min=0.1009 A_mean=0.1110 |g|=2.91e-03 bin=0.614 S_flip=0.061 t=13s
[P700_h200_pad0.080_s7777] it  10 J=0.11239 A_min=0.1033 A_mean=0.1136 |g|=3.08e-03 bin=0.604 S_flip=0.062 t=14s
[P700_h200_pad0.080_s7777] it  11 J=0.11529 A_min=0.1060 A_mean=0.1165 |g|=3.25e-03 bin=0.592 S_flip=0.063 t=16s
[P700_h200_pad0.080_s7777] it  12 J=0.11853 A_min=0.1091 A_mean=0.1198 |g|=3.41e-03 bin=0.578 S_flip=0.064 t=17s
[P700_h200_pad0.080_s7777] it  13 J=0.12212 A_min=0.1124 A_mean=0.1234 |g|=3.56e-03 bin=0.562 S_flip=0.065 t=18s
[P700_h200_pad0.080_s7777] it  14 J=0.12605 A_min=0.1161 A_mean=0.1274 |g|=3.67e-03 bin=0.544 S_flip=0.066 t=20s
[P700_h200_pad0.080_s7777] it  15 J=0.13029 A_min=0.1201 A_mean=0.1316 |g|=3.74e-03 bin=0.523 S_flip=0.067 t=21s
[P700_h200_pad0.080_s7777] it  16 J=0.13479 A_min=0.1243 A_mean=0.1362 |g|=3.76e-03 bin=0.499 S_flip=0.067 t=22s
[P700_h200_pad0.080_s7777] it  17 J=0.13946 A_min=0.1287 A_mean=0.1409 |g|=3.70e-03 bin=0.472 S_flip=0.067 t=24s
[P700_h200_pad0.080_s7777] it  18 J=0.14420 A_min=0.1331 A_mean=0.1456 |g|=3.59e-03 bin=0.442 S_flip=0.067 t=25s
[P700_h200_pad0.080_s7777] it  19 J=0.14890 A_min=0.1375 A_mean=0.1504 |g|=3.41e-03 bin=0.411 S_flip=0.066 t=26s
[P700_h200_pad0.080_s7777] it  20 J=0.15344 A_min=0.1417 A_mean=0.1549 |g|=3.19e-03 bin=0.379 S_flip=0.066 t=28s
[P700_h200_pad0.080_s7777] it  21 J=0.15771 A_min=0.1458 A_mean=0.1592 |g|=2.93e-03 bin=0.346 S_flip=0.066 t=29s
[P700_h200_pad0.080_s7777] it  22 J=0.16165 A_min=0.1495 A_mean=0.1632 |g|=2.66e-03 bin=0.314 S_flip=0.066 t=30s
[P700_h200_pad0.080_s7777] it  23 J=0.16519 A_min=0.1528 A_mean=0.1667 |g|=2.40e-03 bin=0.283 S_flip=0.067 t=31s
[P700_h200_pad0.080_s7777] it  24 J=0.16831 A_min=0.1558 A_mean=0.1699 |g|=2.15e-03 bin=0.254 S_flip=0.068 t=33s
[P700_h200_pad0.080_s7777] it  25 J=0.17103 A_min=0.1584 A_mean=0.1726 |g|=1.93e-03 bin=0.228 S_flip=0.069 t=34s
[P700_h200_pad0.080_s7777] it  26 J=0.17335 A_min=0.1607 A_mean=0.1749 |g|=1.73e-03 bin=0.204 S_flip=0.071 t=35s
[P700_h200_pad0.080_s7777] it  27 J=0.17532 A_min=0.1626 A_mean=0.1769 |g|=1.55e-03 bin=0.182 S_flip=0.073 t=37s
[P700_h200_pad0.080_s7777] it  28 J=0.17698 A_min=0.1643 A_mean=0.1786 |g|=1.40e-03 bin=0.163 S_flip=0.075 t=38s
[P700_h200_pad0.080_s7777] it  29 J=0.17837 A_min=0.1658 A_mean=0.1800 |g|=1.28e-03 bin=0.146 S_flip=0.077 t=39s
[P700_h200_pad0.080_s7777] it  30 J=0.17953 A_min=0.1670 A_mean=0.1811 |g|=1.16e-03 bin=0.132 S_flip=0.079 t=41s
[P700_h200_pad0.080_s7777] it  31 J=0.18050 A_min=0.1681 A_mean=0.1821 |g|=1.07e-03 bin=0.119 S_flip=0.081 t=42s
[P700_h200_pad0.080_s7777] it  32 J=0.18130 A_min=0.1690 A_mean=0.1829 |g|=9.90e-04 bin=0.107 S_flip=0.084 t=44s
[P700_h200_pad0.080_s7777] it  33 J=0.18198 A_min=0.1698 A_mean=0.1836 |g|=9.22e-04 bin=0.098 S_flip=0.086 t=45s
[P700_h200_pad0.080_s7777] it  34 J=0.18256 A_min=0.1704 A_mean=0.1842 |g|=8.64e-04 bin=0.089 S_flip=0.089 t=47s
[P700_h200_pad0.080_s7777] it  35 J=0.18304 A_min=0.1710 A_mean=0.1847 |g|=8.16e-04 bin=0.081 S_flip=0.091 t=48s
[P700_h200_pad0.080_s7777] it  36 J=0.18346 A_min=0.1715 A_mean=0.1851 |g|=7.75e-04 bin=0.074 S_flip=0.094 t=49s
[P700_h200_pad0.080_s7777] it  37 J=0.18381 A_min=0.1720 A_mean=0.1855 |g|=7.41e-04 bin=0.068 S_flip=0.096 t=51s
[P700_h200_pad0.080_s7777] it  38 J=0.18412 A_min=0.1724 A_mean=0.1858 |g|=7.12e-04 bin=0.062 S_flip=0.099 t=52s
[P700_h200_pad0.080_s7777] it  39 J=0.18438 A_min=0.1727 A_mean=0.1861 |g|=6.88e-04 bin=0.057 S_flip=0.101 t=54s
[P700_h200_pad0.080_s7777] it  40 J=0.18461 A_min=0.1730 A_mean=0.1863 |g|=6.67e-04 bin=0.053 S_flip=0.104 t=55s
[P700_h200_pad0.080_s7777] it  41 J=0.18481 A_min=0.1733 A_mean=0.1865 |g|=6.50e-04 bin=0.049 S_flip=0.107 t=56s
[P700_h200_pad0.080_s7777] it  42 J=0.18498 A_min=0.1735 A_mean=0.1867 |g|=6.35e-04 bin=0.045 S_flip=0.109 t=58s
[P700_h200_pad0.080_s7777] it  43 J=0.18513 A_min=0.1737 A_mean=0.1869 |g|=6.22e-04 bin=0.042 S_flip=0.112 t=59s
[P700_h200_pad0.080_s7777] it  44 J=0.18527 A_min=0.1739 A_mean=0.1870 |g|=6.11e-04 bin=0.039 S_flip=0.115 t=60s
[P700_h200_pad0.080_s7777] it  45 J=0.18539 A_min=0.1741 A_mean=0.1871 |g|=6.01e-04 bin=0.036 S_flip=0.117 t=62s
[P700_h200_pad0.080_s7777] it  46 J=0.18550 A_min=0.1742 A_mean=0.1872 |g|=5.93e-04 bin=0.033 S_flip=0.120 t=63s
[P700_h200_pad0.080_s7777] it  47 J=0.18559 A_min=0.1744 A_mean=0.1873 |g|=5.85e-04 bin=0.031 S_flip=0.123 t=64s
[P700_h200_pad0.080_s7777] it  48 J=0.18568 A_min=0.1745 A_mean=0.1874 |g|=5.79e-04 bin=0.029 S_flip=0.125 t=66s
[P700_h200_pad0.080_s7777] it  49 J=0.18575 A_min=0.1746 A_mean=0.1875 |g|=5.73e-04 bin=0.027 S_flip=0.128 t=67s
[P700_h200_pad0.080_s7777] it  50 J=0.18582 A_min=0.1747 A_mean=0.1876 |g|=5.68e-04 bin=0.025 S_flip=0.131 t=69s
[P700_h200_pad0.080_s7777] it  51 J=0.18589 A_min=0.1748 A_mean=0.1876 |g|=5.64e-04 bin=0.023 S_flip=0.133 t=70s
[P700_h200_pad0.080_s7777] it  52 J=0.18594 A_min=0.1749 A_mean=0.1877 |g|=5.60e-04 bin=0.021 S_flip=0.136 t=71s
[P700_h200_pad0.080_s7777] it  53 J=0.18600 A_min=0.1750 A_mean=0.1878 |g|=5.57e-04 bin=0.020 S_flip=0.139 t=72s
[P700_h200_pad0.080_s7777] it  54 J=0.18605 A_min=0.1751 A_mean=0.1878 |g|=5.55e-04 bin=0.018 S_flip=0.141 t=74s
[P700_h200_pad0.080_s7777] it  55 J=0.18609 A_min=0.1752 A_mean=0.1879 |g|=5.53e-04 bin=0.017 S_flip=0.144 t=75s
[P700_h200_pad0.080_s7777] it  56 J=0.18613 A_min=0.1752 A_mean=0.1879 |g|=5.51e-04 bin=0.016 S_flip=0.147 t=76s
[P700_h200_pad0.080_s7777] it  57 J=0.18617 A_min=0.1753 A_mean=0.1879 |g|=5.49e-04 bin=0.015 S_flip=0.149 t=78s
[P700_h200_pad0.080_s7777] it  58 J=0.18620 A_min=0.1753 A_mean=0.1880 |g|=5.47e-04 bin=0.014 S_flip=0.152 t=79s
[P700_h200_pad0.080_s7777] it  59 J=0.18623 A_min=0.1754 A_mean=0.1880 |g|=5.45e-04 bin=0.013 S_flip=0.154 t=80s
[P700_h200_pad0.080_s7777] it  60 J=0.18626 A_min=0.1755 A_mean=0.1881 |g|=5.41e-04 bin=0.012 S_flip=0.156 t=82s
[P700_h200_pad0.080_s7777] it  61 J=0.18629 A_min=0.1755 A_mean=0.1881 |g|=5.36e-04 bin=0.011 S_flip=0.158 t=83s
[P700_h200_pad0.080_s7777] it  62 J=0.18632 A_min=0.1755 A_mean=0.1881 |g|=5.30e-04 bin=0.010 S_flip=0.160 t=84s
[P700_h200_pad0.080_s7777] it  63 J=0.18634 A_min=0.1756 A_mean=0.1881 |g|=5.23e-04 bin=0.009 S_flip=0.162 t=86s
[P700_h200_pad0.080_s7777] it  64 J=0.18636 A_min=0.1756 A_mean=0.1882 |g|=5.16e-04 bin=0.009 S_flip=0.164 t=87s
[P700_h200_pad0.080_s7777] it  65 J=0.18638 A_min=0.1757 A_mean=0.1882 |g|=5.08e-04 bin=0.008 S_flip=0.166 t=88s
[P700_h200_pad0.080_s7777] it  66 J=0.18640 A_min=0.1757 A_mean=0.1882 |g|=5.02e-04 bin=0.007 S_flip=0.168 t=90s
[P700_h200_pad0.080_s7777] it  67 J=0.18642 A_min=0.1757 A_mean=0.1882 |g|=4.97e-04 bin=0.007 S_flip=0.169 t=91s
[P700_h200_pad0.080_s7777] it  68 J=0.18643 A_min=0.1758 A_mean=0.1882 |g|=4.93e-04 bin=0.006 S_flip=0.171 t=92s
[P700_h200_pad0.080_s7777] it  69 J=0.18645 A_min=0.1758 A_mean=0.1882 |g|=4.91e-04 bin=0.006 S_flip=0.172 t=93s
[P700_h200_pad0.080_s7777] it  70 J=0.18646 A_min=0.1758 A_mean=0.1883 |g|=4.90e-04 bin=0.005 S_flip=0.174 t=95s
[P700_h200_pad0.080_s7777] it  71 J=0.18647 A_min=0.1758 A_mean=0.1883 |g|=4.90e-04 bin=0.005 S_flip=0.175 t=96s
[P700_h200_pad0.080_s7777] it  72 J=0.18648 A_min=0.1758 A_mean=0.1883 |g|=4.91e-04 bin=0.005 S_flip=0.176 t=97s
[P700_h200_pad0.080_s7777] it  73 J=0.18649 A_min=0.1759 A_mean=0.1883 |g|=4.91e-04 bin=0.004 S_flip=0.177 t=99s
[P700_h200_pad0.080_s7777] it  74 J=0.18650 A_min=0.1759 A_mean=0.1883 |g|=4.90e-04 bin=0.004 S_flip=0.178 t=100s
[P700_h200_pad0.080_s7777] it  75 J=0.18651 A_min=0.1759 A_mean=0.1883 |g|=4.88e-04 bin=0.004 S_flip=0.179 t=101s
[P700_h200_pad0.080_s7777] it  76 J=0.18652 A_min=0.1759 A_mean=0.1883 |g|=4.84e-04 bin=0.004 S_flip=0.179 t=102s
[P700_h200_pad0.080_s7777] it  77 J=0.18653 A_min=0.1759 A_mean=0.1883 |g|=4.78e-04 bin=0.003 S_flip=0.180 t=104s
[P700_h200_pad0.080_s7777] it  78 J=0.18654 A_min=0.1759 A_mean=0.1883 |g|=4.71e-04 bin=0.003 S_flip=0.181 t=105s
[P700_h200_pad0.080_s7777] it  79 J=0.18654 A_min=0.1759 A_mean=0.1884 |g|=4.62e-04 bin=0.003 S_flip=0.181 t=106s
[P700_h200_pad0.080_s7777] it  80 J=0.18655 A_min=0.1760 A_mean=0.1884 |g|=4.54e-04 bin=0.003 S_flip=0.182 t=108s
[P700_h200_pad0.080_s7777] it  81 J=0.18655 A_min=0.1760 A_mean=0.1884 |g|=4.47e-04 bin=0.002 S_flip=0.182 t=109s
[P700_h200_pad0.080_s7777] it  82 J=0.18656 A_min=0.1760 A_mean=0.1884 |g|=4.42e-04 bin=0.002 S_flip=0.182 t=110s
[P700_h200_pad0.080_s7777] it  83 J=0.18656 A_min=0.1760 A_mean=0.1884 |g|=4.39e-04 bin=0.002 S_flip=0.183 t=112s
[P700_h200_pad0.080_s7777] it  84 J=0.18656 A_min=0.1760 A_mean=0.1884 |g|=4.38e-04 bin=0.002 S_flip=0.183 t=113s
[P700_h200_pad0.080_s7777] it  85 J=0.18657 A_min=0.1760 A_mean=0.1884 |g|=4.40e-04 bin=0.002 S_flip=0.183 t=114s
[P700_h200_pad0.080_s7777] it  86 J=0.18657 A_min=0.1760 A_mean=0.1884 |g|=4.43e-04 bin=0.002 S_flip=0.183 t=116s
[P700_h200_pad0.080_s7777] it  87 J=0.18657 A_min=0.1760 A_mean=0.1884 |g|=4.48e-04 bin=0.001 S_flip=0.184 t=117s
[P700_h200_pad0.080_s7777] it  88 J=0.18657 A_min=0.1760 A_mean=0.1884 |g|=4.55e-04 bin=0.001 S_flip=0.184 t=118s
[P700_h200_pad0.080_s7777] it  89 J=0.18657 A_min=0.1760 A_mean=0.1884 |g|=4.63e-04 bin=0.001 S_flip=0.184 t=120s
[P700_h200_pad0.080_s7777] it  90 J=0.18658 A_min=0.1760 A_mean=0.1884 |g|=4.73e-04 bin=0.001 S_flip=0.184 t=121s
[P700_h200_pad0.080_s7777] it  91 J=0.18658 A_min=0.1760 A_mean=0.1884 |g|=4.85e-04 bin=0.001 S_flip=0.185 t=122s
[P700_h200_pad0.080_s7777] it  92 J=0.18658 A_min=0.1760 A_mean=0.1884 |g|=4.98e-04 bin=0.001 S_flip=0.185 t=124s
[P700_h200_pad0.080_s7777] it  93 J=0.18658 A_min=0.1760 A_mean=0.1884 |g|=5.13e-04 bin=0.001 S_flip=0.185 t=125s
[P700_h200_pad0.080_s7777] it  94 J=0.18658 A_min=0.1760 A_mean=0.1884 |g|=5.28e-04 bin=0.001 S_flip=0.185 t=127s
[P700_h200_pad0.080_s7777] it  95 J=0.18658 A_min=0.1760 A_mean=0.1884 |g|=5.45e-04 bin=0.001 S_flip=0.185 t=128s
[P700_h200_pad0.080_s7777] it  96 J=0.18658 A_min=0.1760 A_mean=0.1884 |g|=5.62e-04 bin=0.001 S_flip=0.186 t=129s
[P700_h200_pad0.080_s7777] it  97 J=0.18658 A_min=0.1760 A_mean=0.1884 |g|=5.80e-04 bin=0.001 S_flip=0.186 t=131s
[P700_h200_pad0.080_s7777] it  98 J=0.18658 A_min=0.1760 A_mean=0.1884 |g|=5.98e-04 bin=0.001 S_flip=0.186 t=132s
[P700_h200_pad0.080_s7777] it  99 J=0.18658 A_min=0.1760 A_mean=0.1884 |g|=6.17e-04 bin=0.001 S_flip=0.186 t=134s
[P700_h200_pad0.080_s7777] done: J_soft=0.18658 J_hard=0.18658 A_hard=[0.176, 0.2105, 0.1787] S_flip=0.189 wall=136s
[P700_h200_pad0.120_s333] it   0 J=0.10455 A_min=0.0958 A_mean=0.1057 |g|=2.27e-03 bin=0.536 S_flip=0.057 t=1s
[P700_h200_pad0.120_s333] it   1 J=0.10559 A_min=0.0968 A_mean=0.1068 |g|=2.36e-03 bin=0.535 S_flip=0.058 t=3s
[P700_h200_pad0.120_s333] it   2 J=0.10674 A_min=0.0979 A_mean=0.1079 |g|=2.45e-03 bin=0.532 S_flip=0.059 t=4s
[P700_h200_pad0.120_s333] it   3 J=0.10802 A_min=0.0991 A_mean=0.1092 |g|=2.56e-03 bin=0.530 S_flip=0.060 t=5s
[P700_h200_pad0.120_s333] it   4 J=0.10945 A_min=0.1005 A_mean=0.1107 |g|=2.68e-03 bin=0.526 S_flip=0.062 t=7s
[P700_h200_pad0.120_s333] it   5 J=0.11106 A_min=0.1020 A_mean=0.1123 |g|=2.81e-03 bin=0.522 S_flip=0.063 t=8s
[P700_h200_pad0.120_s333] it   6 J=0.11287 A_min=0.1037 A_mean=0.1141 |g|=2.95e-03 bin=0.518 S_flip=0.065 t=9s
[P700_h200_pad0.120_s333] it   7 J=0.11492 A_min=0.1057 A_mean=0.1162 |g|=3.10e-03 bin=0.512 S_flip=0.066 t=11s
[P700_h200_pad0.120_s333] it   8 J=0.11725 A_min=0.1079 A_mean=0.1185 |g|=3.25e-03 bin=0.505 S_flip=0.068 t=12s
[P700_h200_pad0.120_s333] it   9 J=0.11987 A_min=0.1104 A_mean=0.1211 |g|=3.41e-03 bin=0.497 S_flip=0.069 t=13s
[P700_h200_pad0.120_s333] it  10 J=0.12281 A_min=0.1132 A_mean=0.1241 |g|=3.56e-03 bin=0.487 S_flip=0.071 t=15s
[P700_h200_pad0.120_s333] it  11 J=0.12609 A_min=0.1163 A_mean=0.1274 |g|=3.69e-03 bin=0.476 S_flip=0.073 t=16s
[P700_h200_pad0.120_s333] it  12 J=0.12971 A_min=0.1197 A_mean=0.1310 |g|=3.80e-03 bin=0.462 S_flip=0.075 t=17s
[P700_h200_pad0.120_s333] it  13 J=0.13365 A_min=0.1235 A_mean=0.1350 |g|=3.86e-03 bin=0.446 S_flip=0.076 t=19s
[P700_h200_pad0.120_s333] it  14 J=0.13788 A_min=0.1275 A_mean=0.1393 |g|=3.88e-03 bin=0.427 S_flip=0.078 t=20s
[P700_h200_pad0.120_s333] it  15 J=0.14231 A_min=0.1318 A_mean=0.1437 |g|=3.84e-03 bin=0.405 S_flip=0.079 t=21s
[P700_h200_pad0.120_s333] it  16 J=0.14686 A_min=0.1361 A_mean=0.1483 |g|=3.72e-03 bin=0.381 S_flip=0.081 t=22s
[P700_h200_pad0.120_s333] it  17 J=0.15141 A_min=0.1405 A_mean=0.1529 |g|=3.55e-03 bin=0.356 S_flip=0.082 t=24s
[P700_h200_pad0.120_s333] it  18 J=0.15586 A_min=0.1447 A_mean=0.1573 |g|=3.32e-03 bin=0.328 S_flip=0.084 t=25s
[P700_h200_pad0.120_s333] it  19 J=0.16008 A_min=0.1488 A_mean=0.1616 |g|=3.04e-03 bin=0.300 S_flip=0.085 t=26s
[P700_h200_pad0.120_s333] it  20 J=0.16397 A_min=0.1526 A_mean=0.1655 |g|=2.74e-03 bin=0.272 S_flip=0.087 t=28s
[P700_h200_pad0.120_s333] it  21 J=0.16749 A_min=0.1560 A_mean=0.1690 |g|=2.44e-03 bin=0.245 S_flip=0.088 t=29s
[P700_h200_pad0.120_s333] it  22 J=0.17058 A_min=0.1591 A_mean=0.1721 |g|=2.15e-03 bin=0.219 S_flip=0.090 t=30s
[P700_h200_pad0.120_s333] it  23 J=0.17325 A_min=0.1617 A_mean=0.1748 |g|=1.88e-03 bin=0.196 S_flip=0.092 t=32s
[P700_h200_pad0.120_s333] it  24 J=0.17551 A_min=0.1640 A_mean=0.1771 |g|=1.63e-03 bin=0.175 S_flip=0.094 t=33s
[P700_h200_pad0.120_s333] it  25 J=0.17741 A_min=0.1659 A_mean=0.1790 |g|=1.42e-03 bin=0.156 S_flip=0.097 t=34s
[P700_h200_pad0.120_s333] it  26 J=0.17898 A_min=0.1675 A_mean=0.1806 |g|=1.23e-03 bin=0.139 S_flip=0.100 t=36s
[P700_h200_pad0.120_s333] it  27 J=0.18027 A_min=0.1688 A_mean=0.1819 |g|=1.08e-03 bin=0.125 S_flip=0.102 t=37s
[P700_h200_pad0.120_s333] it  28 J=0.18133 A_min=0.1699 A_mean=0.1830 |g|=9.41e-04 bin=0.112 S_flip=0.105 t=38s
[P700_h200_pad0.120_s333] it  29 J=0.18220 A_min=0.1708 A_mean=0.1838 |g|=8.27e-04 bin=0.101 S_flip=0.108 t=40s
[P700_h200_pad0.120_s333] it  30 J=0.18292 A_min=0.1716 A_mean=0.1846 |g|=7.30e-04 bin=0.091 S_flip=0.112 t=41s
[P700_h200_pad0.120_s333] it  31 J=0.18351 A_min=0.1722 A_mean=0.1852 |g|=6.48e-04 bin=0.083 S_flip=0.115 t=42s
[P700_h200_pad0.120_s333] it  32 J=0.18399 A_min=0.1727 A_mean=0.1856 |g|=5.79e-04 bin=0.075 S_flip=0.119 t=44s
[P700_h200_pad0.120_s333] it  33 J=0.18440 A_min=0.1731 A_mean=0.1861 |g|=5.21e-04 bin=0.069 S_flip=0.122 t=45s
[P700_h200_pad0.120_s333] it  34 J=0.18474 A_min=0.1735 A_mean=0.1864 |g|=4.73e-04 bin=0.063 S_flip=0.126 t=46s
[P700_h200_pad0.120_s333] it  35 J=0.18503 A_min=0.1738 A_mean=0.1867 |g|=4.33e-04 bin=0.058 S_flip=0.129 t=47s
[P700_h200_pad0.120_s333] it  36 J=0.18527 A_min=0.1741 A_mean=0.1869 |g|=4.00e-04 bin=0.053 S_flip=0.133 t=49s
[P700_h200_pad0.120_s333] it  37 J=0.18548 A_min=0.1743 A_mean=0.1872 |g|=3.73e-04 bin=0.049 S_flip=0.137 t=50s
[P700_h200_pad0.120_s333] it  38 J=0.18566 A_min=0.1745 A_mean=0.1873 |g|=3.52e-04 bin=0.045 S_flip=0.140 t=51s
[P700_h200_pad0.120_s333] it  39 J=0.18581 A_min=0.1747 A_mean=0.1875 |g|=3.34e-04 bin=0.042 S_flip=0.144 t=53s
[P700_h200_pad0.120_s333] it  40 J=0.18594 A_min=0.1748 A_mean=0.1876 |g|=3.20e-04 bin=0.039 S_flip=0.148 t=54s
[P700_h200_pad0.120_s333] it  41 J=0.18605 A_min=0.1750 A_mean=0.1877 |g|=3.09e-04 bin=0.036 S_flip=0.151 t=56s
[P700_h200_pad0.120_s333] it  42 J=0.18615 A_min=0.1751 A_mean=0.1878 |g|=3.00e-04 bin=0.033 S_flip=0.155 t=57s
[P700_h200_pad0.120_s333] it  43 J=0.18624 A_min=0.1752 A_mean=0.1879 |g|=2.92e-04 bin=0.031 S_flip=0.158 t=58s
[P700_h200_pad0.120_s333] it  44 J=0.18631 A_min=0.1752 A_mean=0.1880 |g|=2.86e-04 bin=0.028 S_flip=0.162 t=60s
[P700_h200_pad0.120_s333] it  45 J=0.18637 A_min=0.1753 A_mean=0.1881 |g|=2.81e-04 bin=0.026 S_flip=0.165 t=61s
[P700_h200_pad0.120_s333] it  46 J=0.18643 A_min=0.1754 A_mean=0.1881 |g|=2.77e-04 bin=0.024 S_flip=0.168 t=63s
[P700_h200_pad0.120_s333] it  47 J=0.18648 A_min=0.1754 A_mean=0.1882 |g|=2.73e-04 bin=0.023 S_flip=0.171 t=64s
[P700_h200_pad0.120_s333] it  48 J=0.18652 A_min=0.1755 A_mean=0.1882 |g|=2.71e-04 bin=0.021 S_flip=0.174 t=65s
[P700_h200_pad0.120_s333] it  49 J=0.18656 A_min=0.1755 A_mean=0.1882 |g|=2.69e-04 bin=0.020 S_flip=0.177 t=67s
[P700_h200_pad0.120_s333] it  50 J=0.18659 A_min=0.1756 A_mean=0.1883 |g|=2.67e-04 bin=0.018 S_flip=0.179 t=68s
[P700_h200_pad0.120_s333] it  51 J=0.18662 A_min=0.1756 A_mean=0.1883 |g|=2.66e-04 bin=0.017 S_flip=0.182 t=69s
[P700_h200_pad0.120_s333] it  52 J=0.18665 A_min=0.1756 A_mean=0.1883 |g|=2.65e-04 bin=0.016 S_flip=0.184 t=71s
[P700_h200_pad0.120_s333] it  53 J=0.18667 A_min=0.1757 A_mean=0.1884 |g|=2.65e-04 bin=0.015 S_flip=0.186 t=72s
[P700_h200_pad0.120_s333] it  54 J=0.18669 A_min=0.1757 A_mean=0.1884 |g|=2.65e-04 bin=0.014 S_flip=0.188 t=73s
[P700_h200_pad0.120_s333] it  55 J=0.18671 A_min=0.1757 A_mean=0.1884 |g|=2.65e-04 bin=0.013 S_flip=0.190 t=75s
[P700_h200_pad0.120_s333] it  56 J=0.18672 A_min=0.1757 A_mean=0.1884 |g|=2.66e-04 bin=0.012 S_flip=0.191 t=76s
[P700_h200_pad0.120_s333] it  57 J=0.18674 A_min=0.1758 A_mean=0.1884 |g|=2.66e-04 bin=0.011 S_flip=0.193 t=77s
[P700_h200_pad0.120_s333] it  58 J=0.18675 A_min=0.1758 A_mean=0.1884 |g|=2.67e-04 bin=0.010 S_flip=0.194 t=79s
[P700_h200_pad0.120_s333] it  59 J=0.18676 A_min=0.1758 A_mean=0.1885 |g|=2.69e-04 bin=0.009 S_flip=0.195 t=80s
[P700_h200_pad0.120_s333] it  60 J=0.18677 A_min=0.1758 A_mean=0.1885 |g|=2.71e-04 bin=0.009 S_flip=0.197 t=81s
[P700_h200_pad0.120_s333] it  61 J=0.18678 A_min=0.1758 A_mean=0.1885 |g|=2.75e-04 bin=0.008 S_flip=0.198 t=83s
[P700_h200_pad0.120_s333] it  62 J=0.18679 A_min=0.1758 A_mean=0.1885 |g|=2.80e-04 bin=0.008 S_flip=0.199 t=84s
[P700_h200_pad0.120_s333] it  63 J=0.18680 A_min=0.1758 A_mean=0.1885 |g|=2.87e-04 bin=0.007 S_flip=0.199 t=85s
[P700_h200_pad0.120_s333] it  64 J=0.18680 A_min=0.1758 A_mean=0.1885 |g|=2.96e-04 bin=0.007 S_flip=0.200 t=87s
[P700_h200_pad0.120_s333] it  65 J=0.18681 A_min=0.1759 A_mean=0.1885 |g|=3.06e-04 bin=0.006 S_flip=0.201 t=88s
[P700_h200_pad0.120_s333] it  66 J=0.18682 A_min=0.1759 A_mean=0.1885 |g|=3.19e-04 bin=0.006 S_flip=0.202 t=90s
[P700_h200_pad0.120_s333] it  67 J=0.18682 A_min=0.1759 A_mean=0.1885 |g|=3.33e-04 bin=0.006 S_flip=0.202 t=91s
[P700_h200_pad0.120_s333] it  68 J=0.18683 A_min=0.1759 A_mean=0.1885 |g|=3.48e-04 bin=0.005 S_flip=0.203 t=92s
[P700_h200_pad0.120_s333] it  69 J=0.18684 A_min=0.1759 A_mean=0.1885 |g|=3.63e-04 bin=0.005 S_flip=0.204 t=94s
[P700_h200_pad0.120_s333] it  70 J=0.18684 A_min=0.1759 A_mean=0.1885 |g|=3.78e-04 bin=0.005 S_flip=0.204 t=95s
[P700_h200_pad0.120_s333] it  71 J=0.18685 A_min=0.1759 A_mean=0.1886 |g|=3.91e-04 bin=0.004 S_flip=0.205 t=97s
[P700_h200_pad0.120_s333] it  72 J=0.18685 A_min=0.1759 A_mean=0.1886 |g|=4.02e-04 bin=0.004 S_flip=0.205 t=98s
[P700_h200_pad0.120_s333] it  73 J=0.18686 A_min=0.1759 A_mean=0.1886 |g|=4.09e-04 bin=0.004 S_flip=0.206 t=99s
[P700_h200_pad0.120_s333] it  74 J=0.18686 A_min=0.1759 A_mean=0.1886 |g|=4.12e-04 bin=0.003 S_flip=0.206 t=101s
[P700_h200_pad0.120_s333] it  75 J=0.18687 A_min=0.1760 A_mean=0.1886 |g|=4.10e-04 bin=0.003 S_flip=0.207 t=102s
[P700_h200_pad0.120_s333] it  76 J=0.18688 A_min=0.1760 A_mean=0.1886 |g|=4.06e-04 bin=0.003 S_flip=0.207 t=103s
[P700_h200_pad0.120_s333] it  77 J=0.18688 A_min=0.1760 A_mean=0.1886 |g|=4.00e-04 bin=0.003 S_flip=0.207 t=104s
[P700_h200_pad0.120_s333] it  78 J=0.18688 A_min=0.1760 A_mean=0.1886 |g|=3.96e-04 bin=0.002 S_flip=0.208 t=106s
[P700_h200_pad0.120_s333] it  79 J=0.18689 A_min=0.1760 A_mean=0.1886 |g|=3.94e-04 bin=0.002 S_flip=0.208 t=107s
[P700_h200_pad0.120_s333] it  80 J=0.18689 A_min=0.1760 A_mean=0.1886 |g|=3.94e-04 bin=0.002 S_flip=0.208 t=108s
[P700_h200_pad0.120_s333] it  81 J=0.18689 A_min=0.1760 A_mean=0.1886 |g|=3.95e-04 bin=0.002 S_flip=0.208 t=110s
[P700_h200_pad0.120_s333] it  82 J=0.18690 A_min=0.1760 A_mean=0.1886 |g|=3.95e-04 bin=0.002 S_flip=0.208 t=111s
[P700_h200_pad0.120_s333] it  83 J=0.18690 A_min=0.1760 A_mean=0.1886 |g|=3.92e-04 bin=0.002 S_flip=0.208 t=112s
[P700_h200_pad0.120_s333] it  84 J=0.18690 A_min=0.1760 A_mean=0.1886 |g|=3.87e-04 bin=0.001 S_flip=0.208 t=114s
[P700_h200_pad0.120_s333] it  85 J=0.18690 A_min=0.1760 A_mean=0.1886 |g|=3.80e-04 bin=0.001 S_flip=0.208 t=115s
[P700_h200_pad0.120_s333] it  86 J=0.18691 A_min=0.1760 A_mean=0.1886 |g|=3.73e-04 bin=0.001 S_flip=0.208 t=116s
[P700_h200_pad0.120_s333] it  87 J=0.18691 A_min=0.1760 A_mean=0.1886 |g|=3.66e-04 bin=0.001 S_flip=0.208 t=118s
[P700_h200_pad0.120_s333] it  88 J=0.18691 A_min=0.1760 A_mean=0.1886 |g|=3.60e-04 bin=0.001 S_flip=0.209 t=119s
[P700_h200_pad0.120_s333] it  89 J=0.18691 A_min=0.1760 A_mean=0.1886 |g|=3.56e-04 bin=0.001 S_flip=0.209 t=121s
[P700_h200_pad0.120_s333] it  90 J=0.18691 A_min=0.1760 A_mean=0.1886 |g|=3.54e-04 bin=0.001 S_flip=0.209 t=122s
[P700_h200_pad0.120_s333] it  91 J=0.18691 A_min=0.1760 A_mean=0.1886 |g|=3.53e-04 bin=0.001 S_flip=0.209 t=123s
[P700_h200_pad0.120_s333] it  92 J=0.18691 A_min=0.1760 A_mean=0.1886 |g|=3.55e-04 bin=0.001 S_flip=0.209 t=125s
[P700_h200_pad0.120_s333] it  93 J=0.18691 A_min=0.1760 A_mean=0.1886 |g|=3.59e-04 bin=0.001 S_flip=0.209 t=126s
[P700_h200_pad0.120_s333] it  94 J=0.18691 A_min=0.1760 A_mean=0.1886 |g|=3.64e-04 bin=0.001 S_flip=0.209 t=127s
[P700_h200_pad0.120_s333] it  95 J=0.18691 A_min=0.1760 A_mean=0.1886 |g|=3.72e-04 bin=0.001 S_flip=0.209 t=129s
[P700_h200_pad0.120_s333] it  96 J=0.18691 A_min=0.1760 A_mean=0.1886 |g|=3.81e-04 bin=0.001 S_flip=0.209 t=130s
[P700_h200_pad0.120_s333] it  97 J=0.18691 A_min=0.1760 A_mean=0.1886 |g|=3.92e-04 bin=0.001 S_flip=0.209 t=131s
[P700_h200_pad0.120_s333] it  98 J=0.18691 A_min=0.1760 A_mean=0.1886 |g|=4.04e-04 bin=0.001 S_flip=0.209 t=133s
[P700_h200_pad0.120_s333] it  99 J=0.18691 A_min=0.1760 A_mean=0.1886 |g|=4.17e-04 bin=0.001 S_flip=0.209 t=134s
[P700_h200_pad0.120_s333] done: J_soft=0.18691 J_hard=0.18692 A_hard=[0.176, 0.21, 0.1799] S_flip=0.211 wall=136s
[P700_h200_pad0.120_s1001] it   0 J=0.10323 A_min=0.0946 A_mean=0.1044 |g|=2.27e-03 bin=0.536 S_flip=0.053 t=1s
[P700_h200_pad0.120_s1001] it   1 J=0.10423 A_min=0.0955 A_mean=0.1054 |g|=2.36e-03 bin=0.534 S_flip=0.054 t=3s
[P700_h200_pad0.120_s1001] it   2 J=0.10532 A_min=0.0966 A_mean=0.1065 |g|=2.46e-03 bin=0.532 S_flip=0.055 t=4s
[P700_h200_pad0.120_s1001] it   3 J=0.10654 A_min=0.0977 A_mean=0.1077 |g|=2.57e-03 bin=0.529 S_flip=0.056 t=5s
[P700_h200_pad0.120_s1001] it   4 J=0.10791 A_min=0.0990 A_mean=0.1091 |g|=2.69e-03 bin=0.526 S_flip=0.056 t=7s
[P700_h200_pad0.120_s1001] it   5 J=0.10944 A_min=0.1005 A_mean=0.1106 |g|=2.83e-03 bin=0.523 S_flip=0.057 t=8s
[P700_h200_pad0.120_s1001] it   6 J=0.11118 A_min=0.1021 A_mean=0.1124 |g|=2.98e-03 bin=0.519 S_flip=0.058 t=9s
[P700_h200_pad0.120_s1001] it   7 J=0.11316 A_min=0.1040 A_mean=0.1144 |g|=3.13e-03 bin=0.514 S_flip=0.059 t=11s
[P700_h200_pad0.120_s1001] it   8 J=0.11540 A_min=0.1062 A_mean=0.1166 |g|=3.30e-03 bin=0.507 S_flip=0.060 t=12s
[P700_h200_pad0.120_s1001] it   9 J=0.11795 A_min=0.1086 A_mean=0.1192 |g|=3.47e-03 bin=0.500 S_flip=0.061 t=13s
[P700_h200_pad0.120_s1001] it  10 J=0.12083 A_min=0.1113 A_mean=0.1221 |g|=3.64e-03 bin=0.491 S_flip=0.061 t=15s
[P700_h200_pad0.120_s1001] it  11 J=0.12407 A_min=0.1144 A_mean=0.1253 |g|=3.79e-03 bin=0.481 S_flip=0.062 t=16s
[P700_h200_pad0.120_s1001] it  12 J=0.12767 A_min=0.1178 A_mean=0.1290 |g|=3.92e-03 bin=0.468 S_flip=0.062 t=18s
[P700_h200_pad0.120_s1001] it  13 J=0.13162 A_min=0.1216 A_mean=0.1329 |g|=4.01e-03 bin=0.453 S_flip=0.062 t=19s
[P700_h200_pad0.120_s1001] it  14 J=0.13588 A_min=0.1257 A_mean=0.1372 |g|=4.05e-03 bin=0.435 S_flip=0.061 t=20s
[P700_h200_pad0.120_s1001] it  15 J=0.14040 A_min=0.1300 A_mean=0.1418 |g|=4.03e-03 bin=0.414 S_flip=0.061 t=22s
[P700_h200_pad0.120_s1001] it  16 J=0.14508 A_min=0.1345 A_mean=0.1465 |g|=3.93e-03 bin=0.391 S_flip=0.060 t=23s
[P700_h200_pad0.120_s1001] it  17 J=0.14980 A_min=0.1390 A_mean=0.1512 |g|=3.76e-03 bin=0.366 S_flip=0.059 t=25s
[P700_h200_pad0.120_s1001] it  18 J=0.15444 A_min=0.1434 A_mean=0.1559 |g|=3.52e-03 bin=0.338 S_flip=0.058 t=26s
[P700_h200_pad0.120_s1001] it  19 J=0.15886 A_min=0.1477 A_mean=0.1603 |g|=3.23e-03 bin=0.310 S_flip=0.058 t=27s
[P700_h200_pad0.120_s1001] it  20 J=0.16297 A_min=0.1517 A_mean=0.1645 |g|=2.92e-03 bin=0.281 S_flip=0.057 t=29s
[P700_h200_pad0.120_s1001] it  21 J=0.16668 A_min=0.1553 A_mean=0.1682 |g|=2.59e-03 bin=0.253 S_flip=0.057 t=30s
[P700_h200_pad0.120_s1001] it  22 J=0.16995 A_min=0.1585 A_mean=0.1715 |g|=2.27e-03 bin=0.227 S_flip=0.057 t=31s
[P700_h200_pad0.120_s1001] it  23 J=0.17277 A_min=0.1613 A_mean=0.1743 |g|=1.98e-03 bin=0.203 S_flip=0.058 t=33s
[P700_h200_pad0.120_s1001] it  24 J=0.17517 A_min=0.1637 A_mean=0.1767 |g|=1.72e-03 bin=0.180 S_flip=0.059 t=34s
[P700_h200_pad0.120_s1001] it  25 J=0.17716 A_min=0.1657 A_mean=0.1788 |g|=1.49e-03 bin=0.161 S_flip=0.060 t=35s
[P700_h200_pad0.120_s1001] it  26 J=0.17881 A_min=0.1673 A_mean=0.1804 |g|=1.29e-03 bin=0.143 S_flip=0.062 t=37s
[P700_h200_pad0.120_s1001] it  27 J=0.18017 A_min=0.1687 A_mean=0.1818 |g|=1.13e-03 bin=0.128 S_flip=0.064 t=38s
[P700_h200_pad0.120_s1001] it  28 J=0.18127 A_min=0.1699 A_mean=0.1829 |g|=9.83e-04 bin=0.115 S_flip=0.066 t=39s
[P700_h200_pad0.120_s1001] it  29 J=0.18218 A_min=0.1708 A_mean=0.1838 |g|=8.62e-04 bin=0.103 S_flip=0.068 t=41s
[P700_h200_pad0.120_s1001] it  30 J=0.18292 A_min=0.1716 A_mean=0.1846 |g|=7.59e-04 bin=0.093 S_flip=0.071 t=42s
[P700_h200_pad0.120_s1001] it  31 J=0.18353 A_min=0.1723 A_mean=0.1852 |g|=6.71e-04 bin=0.084 S_flip=0.073 t=43s
[P700_h200_pad0.120_s1001] it  32 J=0.18403 A_min=0.1728 A_mean=0.1857 |g|=5.97e-04 bin=0.076 S_flip=0.076 t=45s
[P700_h200_pad0.120_s1001] it  33 J=0.18445 A_min=0.1733 A_mean=0.1861 |g|=5.34e-04 bin=0.070 S_flip=0.078 t=46s
[P700_h200_pad0.120_s1001] it  34 J=0.18480 A_min=0.1736 A_mean=0.1865 |g|=4.81e-04 bin=0.064 S_flip=0.081 t=48s
[P700_h200_pad0.120_s1001] it  35 J=0.18509 A_min=0.1739 A_mean=0.1868 |g|=4.37e-04 bin=0.058 S_flip=0.084 t=49s
[P700_h200_pad0.120_s1001] it  36 J=0.18534 A_min=0.1742 A_mean=0.1870 |g|=4.01e-04 bin=0.054 S_flip=0.087 t=51s
[P700_h200_pad0.120_s1001] it  37 J=0.18555 A_min=0.1744 A_mean=0.1872 |g|=3.70e-04 bin=0.049 S_flip=0.090 t=52s
[P700_h200_pad0.120_s1001] it  38 J=0.18573 A_min=0.1746 A_mean=0.1874 |g|=3.46e-04 bin=0.045 S_flip=0.093 t=54s
[P700_h200_pad0.120_s1001] it  39 J=0.18588 A_min=0.1748 A_mean=0.1876 |g|=3.25e-04 bin=0.042 S_flip=0.095 t=55s
[P700_h200_pad0.120_s1001] it  40 J=0.18601 A_min=0.1750 A_mean=0.1877 |g|=3.09e-04 bin=0.039 S_flip=0.098 t=56s
[P700_h200_pad0.120_s1001] it  41 J=0.18613 A_min=0.1751 A_mean=0.1878 |g|=2.96e-04 bin=0.036 S_flip=0.101 t=58s
[P700_h200_pad0.120_s1001] it  42 J=0.18622 A_min=0.1752 A_mean=0.1879 |g|=2.85e-04 bin=0.033 S_flip=0.104 t=59s
[P700_h200_pad0.120_s1001] it  43 J=0.18631 A_min=0.1753 A_mean=0.1880 |g|=2.76e-04 bin=0.031 S_flip=0.107 t=60s
[P700_h200_pad0.120_s1001] it  44 J=0.18638 A_min=0.1754 A_mean=0.1881 |g|=2.68e-04 bin=0.029 S_flip=0.110 t=62s
[P700_h200_pad0.120_s1001] it  45 J=0.18644 A_min=0.1754 A_mean=0.1881 |g|=2.61e-04 bin=0.026 S_flip=0.113 t=63s
[P700_h200_pad0.120_s1001] it  46 J=0.18650 A_min=0.1755 A_mean=0.1882 |g|=2.55e-04 bin=0.024 S_flip=0.116 t=64s
[P700_h200_pad0.120_s1001] it  47 J=0.18655 A_min=0.1756 A_mean=0.1883 |g|=2.50e-04 bin=0.023 S_flip=0.119 t=66s
[P700_h200_pad0.120_s1001] it  48 J=0.18659 A_min=0.1756 A_mean=0.1883 |g|=2.45e-04 bin=0.021 S_flip=0.122 t=67s
[P700_h200_pad0.120_s1001] it  49 J=0.18663 A_min=0.1757 A_mean=0.1883 |g|=2.41e-04 bin=0.020 S_flip=0.125 t=68s
[P700_h200_pad0.120_s1001] it  50 J=0.18666 A_min=0.1757 A_mean=0.1884 |g|=2.37e-04 bin=0.018 S_flip=0.128 t=70s
[P700_h200_pad0.120_s1001] it  51 J=0.18669 A_min=0.1757 A_mean=0.1884 |g|=2.33e-04 bin=0.017 S_flip=0.130 t=71s
[P700_h200_pad0.120_s1001] it  52 J=0.18671 A_min=0.1758 A_mean=0.1884 |g|=2.30e-04 bin=0.016 S_flip=0.133 t=72s
[P700_h200_pad0.120_s1001] it  53 J=0.18673 A_min=0.1758 A_mean=0.1884 |g|=2.27e-04 bin=0.014 S_flip=0.135 t=74s
[P700_h200_pad0.120_s1001] it  54 J=0.18675 A_min=0.1758 A_mean=0.1885 |g|=2.25e-04 bin=0.013 S_flip=0.138 t=75s
[P700_h200_pad0.120_s1001] it  55 J=0.18677 A_min=0.1758 A_mean=0.1885 |g|=2.24e-04 bin=0.012 S_flip=0.140 t=76s
[P700_h200_pad0.120_s1001] it  56 J=0.18678 A_min=0.1758 A_mean=0.1885 |g|=2.24e-04 bin=0.012 S_flip=0.142 t=78s
[P700_h200_pad0.120_s1001] it  57 J=0.18679 A_min=0.1759 A_mean=0.1885 |g|=2.24e-04 bin=0.011 S_flip=0.144 t=79s
[P700_h200_pad0.120_s1001] it  58 J=0.18681 A_min=0.1759 A_mean=0.1885 |g|=2.25e-04 bin=0.010 S_flip=0.146 t=81s
[P700_h200_pad0.120_s1001] it  59 J=0.18682 A_min=0.1759 A_mean=0.1885 |g|=2.27e-04 bin=0.009 S_flip=0.147 t=82s
[P700_h200_pad0.120_s1001] it  60 J=0.18682 A_min=0.1759 A_mean=0.1885 |g|=2.30e-04 bin=0.009 S_flip=0.149 t=83s
[P700_h200_pad0.120_s1001] it  61 J=0.18683 A_min=0.1759 A_mean=0.1885 |g|=2.34e-04 bin=0.008 S_flip=0.150 t=85s
[P700_h200_pad0.120_s1001] it  62 J=0.18684 A_min=0.1759 A_mean=0.1886 |g|=2.39e-04 bin=0.008 S_flip=0.151 t=86s
[P700_h200_pad0.120_s1001] it  63 J=0.18684 A_min=0.1759 A_mean=0.1886 |g|=2.46e-04 bin=0.007 S_flip=0.153 t=88s
[P700_h200_pad0.120_s1001] it  64 J=0.18685 A_min=0.1759 A_mean=0.1886 |g|=2.54e-04 bin=0.007 S_flip=0.154 t=89s
[P700_h200_pad0.120_s1001] it  65 J=0.18686 A_min=0.1759 A_mean=0.1886 |g|=2.63e-04 bin=0.006 S_flip=0.155 t=90s
[P700_h200_pad0.120_s1001] it  66 J=0.18686 A_min=0.1759 A_mean=0.1886 |g|=2.75e-04 bin=0.006 S_flip=0.156 t=92s
[P700_h200_pad0.120_s1001] it  67 J=0.18686 A_min=0.1759 A_mean=0.1886 |g|=2.87e-04 bin=0.006 S_flip=0.156 t=93s
[P700_h200_pad0.120_s1001] it  68 J=0.18687 A_min=0.1759 A_mean=0.1886 |g|=3.02e-04 bin=0.005 S_flip=0.157 t=94s
[P700_h200_pad0.120_s1001] it  69 J=0.18687 A_min=0.1760 A_mean=0.1886 |g|=3.19e-04 bin=0.005 S_flip=0.158 t=96s
[P700_h200_pad0.120_s1001] it  70 J=0.18688 A_min=0.1760 A_mean=0.1886 |g|=3.37e-04 bin=0.005 S_flip=0.158 t=97s
[P700_h200_pad0.120_s1001] it  71 J=0.18688 A_min=0.1760 A_mean=0.1886 |g|=3.57e-04 bin=0.005 S_flip=0.159 t=98s
[P700_h200_pad0.120_s1001] it  72 J=0.18688 A_min=0.1760 A_mean=0.1886 |g|=3.80e-04 bin=0.004 S_flip=0.159 t=100s
[P700_h200_pad0.120_s1001] it  73 J=0.18689 A_min=0.1760 A_mean=0.1886 |g|=4.03e-04 bin=0.004 S_flip=0.160 t=101s
[P700_h200_pad0.120_s1001] it  74 J=0.18689 A_min=0.1760 A_mean=0.1886 |g|=4.28e-04 bin=0.004 S_flip=0.160 t=102s
[P700_h200_pad0.120_s1001] it  75 J=0.18690 A_min=0.1760 A_mean=0.1886 |g|=4.51e-04 bin=0.004 S_flip=0.160 t=104s
[P700_h200_pad0.120_s1001] it  76 J=0.18690 A_min=0.1760 A_mean=0.1886 |g|=4.69e-04 bin=0.003 S_flip=0.160 t=105s
[P700_h200_pad0.120_s1001] it  77 J=0.18691 A_min=0.1760 A_mean=0.1886 |g|=4.77e-04 bin=0.003 S_flip=0.160 t=106s
[P700_h200_pad0.120_s1001] it  78 J=0.18691 A_min=0.1760 A_mean=0.1886 |g|=4.70e-04 bin=0.003 S_flip=0.161 t=107s
[P700_h200_pad0.120_s1001] it  79 J=0.18692 A_min=0.1760 A_mean=0.1886 |g|=4.47e-04 bin=0.003 S_flip=0.161 t=109s
[P700_h200_pad0.120_s1001] it  80 J=0.18692 A_min=0.1760 A_mean=0.1886 |g|=4.15e-04 bin=0.002 S_flip=0.161 t=110s
[P700_h200_pad0.120_s1001] it  81 J=0.18692 A_min=0.1761 A_mean=0.1886 |g|=3.79e-04 bin=0.002 S_flip=0.161 t=111s
[P700_h200_pad0.120_s1001] it  82 J=0.18692 A_min=0.1761 A_mean=0.1886 |g|=3.47e-04 bin=0.002 S_flip=0.162 t=112s
[P700_h200_pad0.120_s1001] it  83 J=0.18693 A_min=0.1761 A_mean=0.1886 |g|=3.21e-04 bin=0.002 S_flip=0.162 t=114s
[P700_h200_pad0.120_s1001] it  84 J=0.18693 A_min=0.1761 A_mean=0.1887 |g|=3.02e-04 bin=0.001 S_flip=0.162 t=115s
[P700_h200_pad0.120_s1001] it  85 J=0.18693 A_min=0.1761 A_mean=0.1887 |g|=2.90e-04 bin=0.001 S_flip=0.163 t=116s
[P700_h200_pad0.120_s1001] it  86 J=0.18693 A_min=0.1761 A_mean=0.1887 |g|=2.82e-04 bin=0.001 S_flip=0.163 t=118s
[P700_h200_pad0.120_s1001] it  87 J=0.18693 A_min=0.1761 A_mean=0.1887 |g|=2.79e-04 bin=0.001 S_flip=0.163 t=119s
[P700_h200_pad0.120_s1001] it  88 J=0.18693 A_min=0.1761 A_mean=0.1887 |g|=2.77e-04 bin=0.001 S_flip=0.164 t=120s
[P700_h200_pad0.120_s1001] it  89 J=0.18693 A_min=0.1761 A_mean=0.1887 |g|=2.78e-04 bin=0.001 S_flip=0.164 t=122s
[P700_h200_pad0.120_s1001] it  90 J=0.18693 A_min=0.1761 A_mean=0.1887 |g|=2.80e-04 bin=0.001 S_flip=0.164 t=123s
[P700_h200_pad0.120_s1001] it  91 J=0.18694 A_min=0.1761 A_mean=0.1887 |g|=2.83e-04 bin=0.001 S_flip=0.164 t=124s
[P700_h200_pad0.120_s1001] it  92 J=0.18694 A_min=0.1761 A_mean=0.1887 |g|=2.87e-04 bin=0.001 S_flip=0.164 t=126s
[P700_h200_pad0.120_s1001] it  93 J=0.18694 A_min=0.1761 A_mean=0.1887 |g|=2.92e-04 bin=0.001 S_flip=0.164 t=127s
[P700_h200_pad0.120_s1001] it  94 J=0.18694 A_min=0.1761 A_mean=0.1887 |g|=2.98e-04 bin=0.001 S_flip=0.165 t=128s
[P700_h200_pad0.120_s1001] it  95 J=0.18694 A_min=0.1761 A_mean=0.1887 |g|=3.05e-04 bin=0.001 S_flip=0.165 t=130s
[P700_h200_pad0.120_s1001] it  96 J=0.18694 A_min=0.1761 A_mean=0.1887 |g|=3.12e-04 bin=0.001 S_flip=0.165 t=131s
[P700_h200_pad0.120_s1001] it  97 J=0.18694 A_min=0.1761 A_mean=0.1887 |g|=3.21e-04 bin=0.000 S_flip=0.165 t=133s
[P700_h200_pad0.120_s1001] it  98 J=0.18694 A_min=0.1761 A_mean=0.1887 |g|=3.30e-04 bin=0.000 S_flip=0.165 t=134s
[P700_h200_pad0.120_s1001] it  99 J=0.18694 A_min=0.1761 A_mean=0.1887 |g|=3.39e-04 bin=0.000 S_flip=0.165 t=135s
[P700_h200_pad0.120_s1001] done: J_soft=0.18694 J_hard=0.18694 A_hard=[0.1761, 0.2101, 0.1798] S_flip=0.165 wall=137s
[P700_h200_pad0.120_s7777] it   0 J=0.10522 A_min=0.0964 A_mean=0.1064 |g|=2.27e-03 bin=0.539 S_flip=0.053 t=1s
[P700_h200_pad0.120_s7777] it   1 J=0.10629 A_min=0.0974 A_mean=0.1075 |g|=2.36e-03 bin=0.537 S_flip=0.054 t=3s
[P700_h200_pad0.120_s7777] it   2 J=0.10747 A_min=0.0986 A_mean=0.1087 |g|=2.46e-03 bin=0.535 S_flip=0.055 t=4s
[P700_h200_pad0.120_s7777] it   3 J=0.10878 A_min=0.0998 A_mean=0.1100 |g|=2.57e-03 bin=0.532 S_flip=0.056 t=5s
[P700_h200_pad0.120_s7777] it   4 J=0.11024 A_min=0.1012 A_mean=0.1115 |g|=2.68e-03 bin=0.529 S_flip=0.057 t=8s
[P700_h200_pad0.120_s7777] it   5 J=0.11189 A_min=0.1027 A_mean=0.1131 |g|=2.81e-03 bin=0.525 S_flip=0.059 t=11s
[P700_h200_pad0.120_s7777] it   6 J=0.11374 A_min=0.1045 A_mean=0.1150 |g|=2.95e-03 bin=0.520 S_flip=0.060 t=12s
[P700_h200_pad0.120_s7777] it   7 J=0.11583 A_min=0.1065 A_mean=0.1171 |g|=3.09e-03 bin=0.514 S_flip=0.061 t=14s
[P700_h200_pad0.120_s7777] it   8 J=0.11820 A_min=0.1087 A_mean=0.1195 |g|=3.24e-03 bin=0.507 S_flip=0.062 t=15s
[P700_h200_pad0.120_s7777] it   9 J=0.12086 A_min=0.1113 A_mean=0.1221 |g|=3.39e-03 bin=0.499 S_flip=0.064 t=17s
[P700_h200_pad0.120_s7777] it  10 J=0.12384 A_min=0.1141 A_mean=0.1251 |g|=3.53e-03 bin=0.489 S_flip=0.065 t=18s
[P700_h200_pad0.120_s7777] it  11 J=0.12716 A_min=0.1172 A_mean=0.1285 |g|=3.65e-03 bin=0.477 S_flip=0.066 t=19s
[P700_h200_pad0.120_s7777] it  12 J=0.13081 A_min=0.1207 A_mean=0.1322 |g|=3.75e-03 bin=0.463 S_flip=0.067 t=21s
[P700_h200_pad0.120_s7777] it  13 J=0.13476 A_min=0.1245 A_mean=0.1361 |g|=3.80e-03 bin=0.447 S_flip=0.068 t=22s
[P700_h200_pad0.120_s7777] it  14 J=0.13897 A_min=0.1285 A_mean=0.1404 |g|=3.80e-03 bin=0.428 S_flip=0.068 t=23s
[P700_h200_pad0.120_s7777] it  15 J=0.14337 A_min=0.1327 A_mean=0.1448 |g|=3.74e-03 bin=0.406 S_flip=0.069 t=25s
[P700_h200_pad0.120_s7777] it  16 J=0.14787 A_min=0.1370 A_mean=0.1493 |g|=3.61e-03 bin=0.382 S_flip=0.069 t=26s
[P700_h200_pad0.120_s7777] it  17 J=0.15235 A_min=0.1412 A_mean=0.1538 |g|=3.42e-03 bin=0.356 S_flip=0.069 t=28s
[P700_h200_pad0.120_s7777] it  18 J=0.15669 A_min=0.1454 A_mean=0.1582 |g|=3.18e-03 bin=0.329 S_flip=0.069 t=29s
[P700_h200_pad0.120_s7777] it  19 J=0.16080 A_min=0.1494 A_mean=0.1623 |g|=2.90e-03 bin=0.301 S_flip=0.069 t=31s
[P700_h200_pad0.120_s7777] it  20 J=0.16458 A_min=0.1530 A_mean=0.1661 |g|=2.61e-03 bin=0.273 S_flip=0.070 t=32s
[P700_h200_pad0.120_s7777] it  21 J=0.16798 A_min=0.1564 A_mean=0.1695 |g|=2.31e-03 bin=0.246 S_flip=0.071 t=33s
[P700_h200_pad0.120_s7777] it  22 J=0.17097 A_min=0.1593 A_mean=0.1725 |g|=2.02e-03 bin=0.221 S_flip=0.072 t=35s
[P700_h200_pad0.120_s7777] it  23 J=0.17355 A_min=0.1618 A_mean=0.1751 |g|=1.76e-03 bin=0.198 S_flip=0.074 t=36s
[P700_h200_pad0.120_s7777] it  24 J=0.17574 A_min=0.1640 A_mean=0.1773 |g|=1.53e-03 bin=0.177 S_flip=0.076 t=37s
[P700_h200_pad0.120_s7777] it  25 J=0.17757 A_min=0.1659 A_mean=0.1792 |g|=1.32e-03 bin=0.158 S_flip=0.078 t=39s
[P700_h200_pad0.120_s7777] it  26 J=0.17909 A_min=0.1674 A_mean=0.1807 |g|=1.15e-03 bin=0.141 S_flip=0.081 t=40s
[P700_h200_pad0.120_s7777] it  27 J=0.18034 A_min=0.1687 A_mean=0.1820 |g|=9.98e-04 bin=0.126 S_flip=0.084 t=41s
[P700_h200_pad0.120_s7777] it  28 J=0.18137 A_min=0.1698 A_mean=0.1830 |g|=8.72e-04 bin=0.113 S_flip=0.087 t=43s
[P700_h200_pad0.120_s7777] it  29 J=0.18222 A_min=0.1707 A_mean=0.1839 |g|=7.66e-04 bin=0.102 S_flip=0.090 t=44s
[P700_h200_pad0.120_s7777] it  30 J=0.18292 A_min=0.1714 A_mean=0.1846 |g|=6.78e-04 bin=0.092 S_flip=0.093 t=45s
[P700_h200_pad0.120_s7777] it  31 J=0.18349 A_min=0.1720 A_mean=0.1851 |g|=6.04e-04 bin=0.084 S_flip=0.096 t=47s
[P700_h200_pad0.120_s7777] it  32 J=0.18397 A_min=0.1725 A_mean=0.1856 |g|=5.42e-04 bin=0.076 S_flip=0.100 t=48s
[P700_h200_pad0.120_s7777] it  33 J=0.18437 A_min=0.1730 A_mean=0.1860 |g|=4.91e-04 bin=0.070 S_flip=0.103 t=50s
[P700_h200_pad0.120_s7777] it  34 J=0.18471 A_min=0.1734 A_mean=0.1864 |g|=4.50e-04 bin=0.064 S_flip=0.106 t=51s
[P700_h200_pad0.120_s7777] it  35 J=0.18499 A_min=0.1737 A_mean=0.1867 |g|=4.17e-04 bin=0.058 S_flip=0.110 t=52s
[P700_h200_pad0.120_s7777] it  36 J=0.18523 A_min=0.1739 A_mean=0.1869 |g|=3.90e-04 bin=0.054 S_flip=0.113 t=54s
[P700_h200_pad0.120_s7777] it  37 J=0.18544 A_min=0.1742 A_mean=0.1871 |g|=3.68e-04 bin=0.050 S_flip=0.117 t=55s
[P700_h200_pad0.120_s7777] it  38 J=0.18561 A_min=0.1744 A_mean=0.1873 |g|=3.51e-04 bin=0.046 S_flip=0.120 t=56s
[P700_h200_pad0.120_s7777] it  39 J=0.18576 A_min=0.1745 A_mean=0.1874 |g|=3.37e-04 bin=0.042 S_flip=0.124 t=58s
[P700_h200_pad0.120_s7777] it  40 J=0.18589 A_min=0.1747 A_mean=0.1876 |g|=3.26e-04 bin=0.039 S_flip=0.127 t=59s
[P700_h200_pad0.120_s7777] it  41 J=0.18600 A_min=0.1748 A_mean=0.1877 |g|=3.18e-04 bin=0.036 S_flip=0.131 t=61s
[P700_h200_pad0.120_s7777] it  42 J=0.18610 A_min=0.1749 A_mean=0.1878 |g|=3.10e-04 bin=0.033 S_flip=0.134 t=62s
[P700_h200_pad0.120_s7777] it  43 J=0.18619 A_min=0.1750 A_mean=0.1879 |g|=3.04e-04 bin=0.031 S_flip=0.137 t=63s
[P700_h200_pad0.120_s7777] it  44 J=0.18626 A_min=0.1751 A_mean=0.1879 |g|=2.99e-04 bin=0.029 S_flip=0.141 t=65s
[P700_h200_pad0.120_s7777] it  45 J=0.18633 A_min=0.1752 A_mean=0.1880 |g|=2.95e-04 bin=0.027 S_flip=0.144 t=66s
[P700_h200_pad0.120_s7777] it  46 J=0.18638 A_min=0.1753 A_mean=0.1881 |g|=2.92e-04 bin=0.025 S_flip=0.147 t=67s
[P700_h200_pad0.120_s7777] it  47 J=0.18643 A_min=0.1753 A_mean=0.1881 |g|=2.89e-04 bin=0.023 S_flip=0.149 t=69s
[P700_h200_pad0.120_s7777] it  48 J=0.18648 A_min=0.1754 A_mean=0.1882 |g|=2.87e-04 bin=0.022 S_flip=0.152 t=70s
[P700_h200_pad0.120_s7777] it  49 J=0.18652 A_min=0.1754 A_mean=0.1882 |g|=2.86e-04 bin=0.020 S_flip=0.154 t=71s
[P700_h200_pad0.120_s7777] it  50 J=0.18655 A_min=0.1755 A_mean=0.1882 |g|=2.85e-04 bin=0.019 S_flip=0.157 t=73s
[P700_h200_pad0.120_s7777] it  51 J=0.18658 A_min=0.1755 A_mean=0.1883 |g|=2.85e-04 bin=0.018 S_flip=0.159 t=74s
[P700_h200_pad0.120_s7777] it  52 J=0.18661 A_min=0.1755 A_mean=0.1883 |g|=2.87e-04 bin=0.017 S_flip=0.161 t=76s
[P700_h200_pad0.120_s7777] it  53 J=0.18663 A_min=0.1756 A_mean=0.1883 |g|=2.88e-04 bin=0.016 S_flip=0.163 t=77s
[P700_h200_pad0.120_s7777] it  54 J=0.18665 A_min=0.1756 A_mean=0.1884 |g|=2.91e-04 bin=0.015 S_flip=0.164 t=78s
[P700_h200_pad0.120_s7777] it  55 J=0.18667 A_min=0.1756 A_mean=0.1884 |g|=2.93e-04 bin=0.014 S_flip=0.166 t=80s
[P700_h200_pad0.120_s7777] it  56 J=0.18669 A_min=0.1757 A_mean=0.1884 |g|=2.96e-04 bin=0.013 S_flip=0.167 t=81s
[P700_h200_pad0.120_s7777] it  57 J=0.18671 A_min=0.1757 A_mean=0.1884 |g|=2.99e-04 bin=0.012 S_flip=0.169 t=82s
[P700_h200_pad0.120_s7777] it  58 J=0.18672 A_min=0.1757 A_mean=0.1884 |g|=3.01e-04 bin=0.011 S_flip=0.170 t=84s
[P700_h200_pad0.120_s7777] it  59 J=0.18674 A_min=0.1757 A_mean=0.1884 |g|=3.03e-04 bin=0.011 S_flip=0.172 t=85s
[P700_h200_pad0.120_s7777] it  60 J=0.18675 A_min=0.1757 A_mean=0.1885 |g|=3.05e-04 bin=0.010 S_flip=0.173 t=86s
[P700_h200_pad0.120_s7777] it  61 J=0.18676 A_min=0.1758 A_mean=0.1885 |g|=3.06e-04 bin=0.009 S_flip=0.174 t=87s
[P700_h200_pad0.120_s7777] it  62 J=0.18677 A_min=0.1758 A_mean=0.1885 |g|=3.08e-04 bin=0.009 S_flip=0.175 t=89s
[P700_h200_pad0.120_s7777] it  63 J=0.18678 A_min=0.1758 A_mean=0.1885 |g|=3.09e-04 bin=0.008 S_flip=0.176 t=90s
[P700_h200_pad0.120_s7777] it  64 J=0.18679 A_min=0.1758 A_mean=0.1885 |g|=3.11e-04 bin=0.008 S_flip=0.177 t=92s
[P700_h200_pad0.120_s7777] it  65 J=0.18680 A_min=0.1758 A_mean=0.1885 |g|=3.13e-04 bin=0.007 S_flip=0.178 t=93s
[P700_h200_pad0.120_s7777] it  66 J=0.18681 A_min=0.1759 A_mean=0.1885 |g|=3.16e-04 bin=0.006 S_flip=0.180 t=94s
[P700_h200_pad0.120_s7777] it  67 J=0.18682 A_min=0.1759 A_mean=0.1885 |g|=3.18e-04 bin=0.006 S_flip=0.181 t=96s
[P700_h200_pad0.120_s7777] it  68 J=0.18683 A_min=0.1759 A_mean=0.1885 |g|=3.21e-04 bin=0.005 S_flip=0.182 t=97s
[P700_h200_pad0.120_s7777] it  69 J=0.18683 A_min=0.1759 A_mean=0.1885 |g|=3.24e-04 bin=0.005 S_flip=0.183 t=99s
[P700_h200_pad0.120_s7777] it  70 J=0.18684 A_min=0.1759 A_mean=0.1885 |g|=3.25e-04 bin=0.005 S_flip=0.184 t=100s
[P700_h200_pad0.120_s7777] it  71 J=0.18685 A_min=0.1759 A_mean=0.1886 |g|=3.26e-04 bin=0.004 S_flip=0.185 t=101s
[P700_h200_pad0.120_s7777] it  72 J=0.18685 A_min=0.1759 A_mean=0.1886 |g|=3.25e-04 bin=0.004 S_flip=0.186 t=103s
[P700_h200_pad0.120_s7777] it  73 J=0.18686 A_min=0.1759 A_mean=0.1886 |g|=3.22e-04 bin=0.004 S_flip=0.187 t=104s
[P700_h200_pad0.120_s7777] it  74 J=0.18686 A_min=0.1759 A_mean=0.1886 |g|=3.19e-04 bin=0.003 S_flip=0.188 t=105s
[P700_h200_pad0.120_s7777] it  75 J=0.18686 A_min=0.1760 A_mean=0.1886 |g|=3.15e-04 bin=0.003 S_flip=0.188 t=107s
[P700_h200_pad0.120_s7777] it  76 J=0.18687 A_min=0.1760 A_mean=0.1886 |g|=3.11e-04 bin=0.003 S_flip=0.189 t=108s
[P700_h200_pad0.120_s7777] it  77 J=0.18687 A_min=0.1760 A_mean=0.1886 |g|=3.08e-04 bin=0.003 S_flip=0.190 t=110s
[P700_h200_pad0.120_s7777] it  78 J=0.18687 A_min=0.1760 A_mean=0.1886 |g|=3.06e-04 bin=0.002 S_flip=0.191 t=112s
[P700_h200_pad0.120_s7777] it  79 J=0.18688 A_min=0.1760 A_mean=0.1886 |g|=3.05e-04 bin=0.002 S_flip=0.191 t=113s
[P700_h200_pad0.120_s7777] it  80 J=0.18688 A_min=0.1760 A_mean=0.1886 |g|=3.05e-04 bin=0.002 S_flip=0.192 t=114s
[P700_h200_pad0.120_s7777] it  81 J=0.18688 A_min=0.1760 A_mean=0.1886 |g|=3.04e-04 bin=0.002 S_flip=0.192 t=116s
[P700_h200_pad0.120_s7777] it  82 J=0.18688 A_min=0.1760 A_mean=0.1886 |g|=3.04e-04 bin=0.002 S_flip=0.193 t=117s
[P700_h200_pad0.120_s7777] it  83 J=0.18689 A_min=0.1760 A_mean=0.1886 |g|=3.04e-04 bin=0.002 S_flip=0.193 t=119s
[P700_h200_pad0.120_s7777] it  84 J=0.18689 A_min=0.1760 A_mean=0.1886 |g|=3.04e-04 bin=0.001 S_flip=0.194 t=120s
[P700_h200_pad0.120_s7777] it  85 J=0.18689 A_min=0.1760 A_mean=0.1886 |g|=3.04e-04 bin=0.001 S_flip=0.194 t=121s
[P700_h200_pad0.120_s7777] it  86 J=0.18689 A_min=0.1760 A_mean=0.1886 |g|=3.04e-04 bin=0.001 S_flip=0.194 t=123s
[P700_h200_pad0.120_s7777] it  87 J=0.18689 A_min=0.1760 A_mean=0.1886 |g|=3.04e-04 bin=0.001 S_flip=0.195 t=124s
[P700_h200_pad0.120_s7777] it  88 J=0.18689 A_min=0.1760 A_mean=0.1886 |g|=3.05e-04 bin=0.001 S_flip=0.195 t=126s
[P700_h200_pad0.120_s7777] it  89 J=0.18689 A_min=0.1760 A_mean=0.1886 |g|=3.07e-04 bin=0.001 S_flip=0.195 t=127s
[P700_h200_pad0.120_s7777] it  90 J=0.18689 A_min=0.1760 A_mean=0.1886 |g|=3.10e-04 bin=0.001 S_flip=0.195 t=129s
[P700_h200_pad0.120_s7777] it  91 J=0.18689 A_min=0.1760 A_mean=0.1886 |g|=3.15e-04 bin=0.001 S_flip=0.196 t=130s
[P700_h200_pad0.120_s7777] it  92 J=0.18690 A_min=0.1760 A_mean=0.1886 |g|=3.21e-04 bin=0.001 S_flip=0.196 t=131s
[P700_h200_pad0.120_s7777] it  93 J=0.18690 A_min=0.1760 A_mean=0.1886 |g|=3.28e-04 bin=0.001 S_flip=0.196 t=132s
[P700_h200_pad0.120_s7777] it  94 J=0.18690 A_min=0.1760 A_mean=0.1886 |g|=3.36e-04 bin=0.001 S_flip=0.196 t=134s
[P700_h200_pad0.120_s7777] it  95 J=0.18690 A_min=0.1760 A_mean=0.1886 |g|=3.45e-04 bin=0.001 S_flip=0.196 t=135s
[P700_h200_pad0.120_s7777] it  96 J=0.18690 A_min=0.1760 A_mean=0.1886 |g|=3.53e-04 bin=0.001 S_flip=0.196 t=136s
[P700_h200_pad0.120_s7777] it  97 J=0.18690 A_min=0.1760 A_mean=0.1886 |g|=3.62e-04 bin=0.001 S_flip=0.196 t=138s
[P700_h200_pad0.120_s7777] it  98 J=0.18690 A_min=0.1760 A_mean=0.1886 |g|=3.70e-04 bin=0.001 S_flip=0.197 t=139s
[P700_h200_pad0.120_s7777] it  99 J=0.18690 A_min=0.1760 A_mean=0.1886 |g|=3.77e-04 bin=0.001 S_flip=0.197 t=140s
[P700_h200_pad0.120_s7777] done: J_soft=0.18690 J_hard=0.18690 A_hard=[0.176, 0.21, 0.1798] S_flip=0.199 wall=142s
[P775_h120_pad0.040_s333] it   0 J=0.07219 A_min=0.0640 A_mean=0.0732 |g|=1.52e-03 bin=0.797 S_flip=0.052 t=1s
[P775_h120_pad0.040_s333] it   1 J=0.07312 A_min=0.0648 A_mean=0.0742 |g|=1.60e-03 bin=0.794 S_flip=0.053 t=3s
[P775_h120_pad0.040_s333] it   2 J=0.07415 A_min=0.0658 A_mean=0.0752 |g|=1.68e-03 bin=0.790 S_flip=0.054 t=4s
[P775_h120_pad0.040_s333] it   3 J=0.07530 A_min=0.0668 A_mean=0.0764 |g|=1.77e-03 bin=0.786 S_flip=0.056 t=5s
[P775_h120_pad0.040_s333] it   4 J=0.07659 A_min=0.0680 A_mean=0.0777 |g|=1.88e-03 bin=0.782 S_flip=0.057 t=6s
[P775_h120_pad0.040_s333] it   5 J=0.07803 A_min=0.0693 A_mean=0.0792 |g|=1.99e-03 bin=0.776 S_flip=0.059 t=8s
[P775_h120_pad0.040_s333] it   6 J=0.07963 A_min=0.0708 A_mean=0.0808 |g|=2.12e-03 bin=0.771 S_flip=0.061 t=9s
[P775_h120_pad0.040_s333] it   7 J=0.08142 A_min=0.0724 A_mean=0.0826 |g|=2.27e-03 bin=0.764 S_flip=0.063 t=10s
[P775_h120_pad0.040_s333] it   8 J=0.08342 A_min=0.0742 A_mean=0.0847 |g|=2.44e-03 bin=0.757 S_flip=0.065 t=12s
[P775_h120_pad0.040_s333] it   9 J=0.08566 A_min=0.0762 A_mean=0.0869 |g|=2.63e-03 bin=0.748 S_flip=0.068 t=13s
[P775_h120_pad0.040_s333] it  10 J=0.08815 A_min=0.0784 A_mean=0.0895 |g|=2.84e-03 bin=0.739 S_flip=0.070 t=14s
[P775_h120_pad0.040_s333] it  11 J=0.09093 A_min=0.0809 A_mean=0.0923 |g|=3.07e-03 bin=0.728 S_flip=0.073 t=15s
[P775_h120_pad0.040_s333] it  12 J=0.09402 A_min=0.0836 A_mean=0.0954 |g|=3.32e-03 bin=0.715 S_flip=0.075 t=17s
[P775_h120_pad0.040_s333] it  13 J=0.09747 A_min=0.0867 A_mean=0.0989 |g|=3.59e-03 bin=0.701 S_flip=0.078 t=18s
[P775_h120_pad0.040_s333] it  14 J=0.10130 A_min=0.0900 A_mean=0.1028 |g|=3.88e-03 bin=0.685 S_flip=0.080 t=19s
[P775_h120_pad0.040_s333] it  15 J=0.10554 A_min=0.0937 A_mean=0.1072 |g|=4.16e-03 bin=0.666 S_flip=0.083 t=21s
[P775_h120_pad0.040_s333] it  16 J=0.11022 A_min=0.0977 A_mean=0.1119 |g|=4.43e-03 bin=0.645 S_flip=0.085 t=22s
[P775_h120_pad0.040_s333] it  17 J=0.11533 A_min=0.1020 A_mean=0.1171 |g|=4.65e-03 bin=0.620 S_flip=0.087 t=23s
[P775_h120_pad0.040_s333] it  18 J=0.12083 A_min=0.1066 A_mean=0.1227 |g|=4.82e-03 bin=0.591 S_flip=0.089 t=25s
[P775_h120_pad0.040_s333] it  19 J=0.12666 A_min=0.1113 A_mean=0.1286 |g|=4.90e-03 bin=0.558 S_flip=0.091 t=26s
[P775_h120_pad0.040_s333] it  20 J=0.13271 A_min=0.1162 A_mean=0.1348 |g|=4.89e-03 bin=0.523 S_flip=0.092 t=28s
[P775_h120_pad0.040_s333] it  21 J=0.13882 A_min=0.1210 A_mean=0.1410 |g|=4.77e-03 bin=0.484 S_flip=0.093 t=29s
[P775_h120_pad0.040_s333] it  22 J=0.14483 A_min=0.1257 A_mean=0.1472 |g|=4.56e-03 bin=0.444 S_flip=0.094 t=30s
[P775_h120_pad0.040_s333] it  23 J=0.15056 A_min=0.1300 A_mean=0.1531 |g|=4.30e-03 bin=0.403 S_flip=0.095 t=32s
[P775_h120_pad0.040_s333] it  24 J=0.15589 A_min=0.1340 A_mean=0.1586 |g|=4.01e-03 bin=0.364 S_flip=0.095 t=33s
[P775_h120_pad0.040_s333] it  25 J=0.16072 A_min=0.1374 A_mean=0.1637 |g|=3.73e-03 bin=0.325 S_flip=0.096 t=35s
[P775_h120_pad0.040_s333] it  26 J=0.16502 A_min=0.1405 A_mean=0.1683 |g|=3.49e-03 bin=0.290 S_flip=0.097 t=36s
[P775_h120_pad0.040_s333] it  27 J=0.16879 A_min=0.1430 A_mean=0.1724 |g|=3.29e-03 bin=0.257 S_flip=0.098 t=37s
[P775_h120_pad0.040_s333] it  28 J=0.17205 A_min=0.1452 A_mean=0.1761 |g|=3.12e-03 bin=0.227 S_flip=0.100 t=39s
[P775_h120_pad0.040_s333] it  29 J=0.17486 A_min=0.1470 A_mean=0.1793 |g|=2.99e-03 bin=0.201 S_flip=0.102 t=40s
[P775_h120_pad0.040_s333] it  30 J=0.17727 A_min=0.1484 A_mean=0.1821 |g|=2.87e-03 bin=0.178 S_flip=0.104 t=42s
[P775_h120_pad0.040_s333] it  31 J=0.17934 A_min=0.1496 A_mean=0.1846 |g|=2.76e-03 bin=0.157 S_flip=0.107 t=43s
[P775_h120_pad0.040_s333] it  32 J=0.18112 A_min=0.1506 A_mean=0.1869 |g|=2.65e-03 bin=0.139 S_flip=0.110 t=45s
[P775_h120_pad0.040_s333] it  33 J=0.18265 A_min=0.1514 A_mean=0.1889 |g|=2.54e-03 bin=0.124 S_flip=0.113 t=46s
[P775_h120_pad0.040_s333] it  34 J=0.18397 A_min=0.1521 A_mean=0.1907 |g|=2.43e-03 bin=0.111 S_flip=0.116 t=47s
[P775_h120_pad0.040_s333] it  35 J=0.18511 A_min=0.1526 A_mean=0.1924 |g|=2.30e-03 bin=0.099 S_flip=0.120 t=49s
[P775_h120_pad0.040_s333] it  36 J=0.18610 A_min=0.1529 A_mean=0.1939 |g|=2.17e-03 bin=0.089 S_flip=0.123 t=50s
[P775_h120_pad0.040_s333] it  37 J=0.18696 A_min=0.1533 A_mean=0.1954 |g|=2.03e-03 bin=0.080 S_flip=0.127 t=51s
[P775_h120_pad0.040_s333] it  38 J=0.18770 A_min=0.1535 A_mean=0.1967 |g|=1.89e-03 bin=0.072 S_flip=0.130 t=53s
[P775_h120_pad0.040_s333] it  39 J=0.18834 A_min=0.1537 A_mean=0.1979 |g|=1.74e-03 bin=0.065 S_flip=0.134 t=54s
[P775_h120_pad0.040_s333] it  40 J=0.18889 A_min=0.1538 A_mean=0.1990 |g|=1.60e-03 bin=0.059 S_flip=0.137 t=55s
[P775_h120_pad0.040_s333] it  41 J=0.18936 A_min=0.1539 A_mean=0.2000 |g|=1.45e-03 bin=0.054 S_flip=0.141 t=57s
[P775_h120_pad0.040_s333] it  42 J=0.18976 A_min=0.1539 A_mean=0.2009 |g|=1.32e-03 bin=0.050 S_flip=0.145 t=58s
[P775_h120_pad0.040_s333] it  43 J=0.19009 A_min=0.1540 A_mean=0.2017 |g|=1.20e-03 bin=0.045 S_flip=0.148 t=59s
[P775_h120_pad0.040_s333] it  44 J=0.19037 A_min=0.1540 A_mean=0.2024 |g|=1.09e-03 bin=0.042 S_flip=0.152 t=61s
[P775_h120_pad0.040_s333] it  45 J=0.19060 A_min=0.1540 A_mean=0.2030 |g|=1.00e-03 bin=0.038 S_flip=0.155 t=62s
[P775_h120_pad0.040_s333] it  46 J=0.19079 A_min=0.1540 A_mean=0.2036 |g|=9.35e-04 bin=0.035 S_flip=0.158 t=64s
[P775_h120_pad0.040_s333] it  47 J=0.19095 A_min=0.1540 A_mean=0.2040 |g|=8.90e-04 bin=0.032 S_flip=0.162 t=65s
[P775_h120_pad0.040_s333] it  48 J=0.19107 A_min=0.1540 A_mean=0.2044 |g|=8.65e-04 bin=0.030 S_flip=0.165 t=66s
[P775_h120_pad0.040_s333] it  49 J=0.19118 A_min=0.1540 A_mean=0.2048 |g|=8.57e-04 bin=0.028 S_flip=0.168 t=68s
[P775_h120_pad0.040_s333] it  50 J=0.19128 A_min=0.1540 A_mean=0.2051 |g|=8.57e-04 bin=0.026 S_flip=0.170 t=69s
[P775_h120_pad0.040_s333] it  51 J=0.19136 A_min=0.1540 A_mean=0.2053 |g|=8.60e-04 bin=0.024 S_flip=0.173 t=70s
[P775_h120_pad0.040_s333] it  52 J=0.19143 A_min=0.1540 A_mean=0.2056 |g|=8.64e-04 bin=0.022 S_flip=0.176 t=72s
[P775_h120_pad0.040_s333] it  53 J=0.19150 A_min=0.1540 A_mean=0.2058 |g|=8.65e-04 bin=0.021 S_flip=0.178 t=73s
[P775_h120_pad0.040_s333] it  54 J=0.19156 A_min=0.1540 A_mean=0.2060 |g|=8.63e-04 bin=0.020 S_flip=0.181 t=75s
[P775_h120_pad0.040_s333] it  55 J=0.19162 A_min=0.1540 A_mean=0.2062 |g|=8.58e-04 bin=0.018 S_flip=0.183 t=76s
[P775_h120_pad0.040_s333] it  56 J=0.19168 A_min=0.1540 A_mean=0.2064 |g|=8.50e-04 bin=0.017 S_flip=0.185 t=78s
[P775_h120_pad0.040_s333] it  57 J=0.19174 A_min=0.1540 A_mean=0.2066 |g|=8.37e-04 bin=0.016 S_flip=0.187 t=79s
[P775_h120_pad0.040_s333] it  58 J=0.19179 A_min=0.1540 A_mean=0.2067 |g|=8.20e-04 bin=0.015 S_flip=0.190 t=80s
[P775_h120_pad0.040_s333] it  59 J=0.19184 A_min=0.1540 A_mean=0.2069 |g|=7.98e-04 bin=0.014 S_flip=0.192 t=82s
[P775_h120_pad0.040_s333] it  60 J=0.19188 A_min=0.1540 A_mean=0.2070 |g|=7.72e-04 bin=0.013 S_flip=0.194 t=83s
[P775_h120_pad0.040_s333] it  61 J=0.19192 A_min=0.1541 A_mean=0.2072 |g|=7.42e-04 bin=0.012 S_flip=0.195 t=85s
[P775_h120_pad0.040_s333] it  62 J=0.19196 A_min=0.1541 A_mean=0.2073 |g|=7.11e-04 bin=0.011 S_flip=0.197 t=86s
[P775_h120_pad0.040_s333] it  63 J=0.19200 A_min=0.1541 A_mean=0.2074 |g|=6.79e-04 bin=0.011 S_flip=0.199 t=87s
[P775_h120_pad0.040_s333] it  64 J=0.19203 A_min=0.1541 A_mean=0.2075 |g|=6.48e-04 bin=0.010 S_flip=0.200 t=89s
[P775_h120_pad0.040_s333] it  65 J=0.19206 A_min=0.1541 A_mean=0.2075 |g|=6.20e-04 bin=0.009 S_flip=0.202 t=90s
[P775_h120_pad0.040_s333] it  66 J=0.19209 A_min=0.1541 A_mean=0.2076 |g|=5.93e-04 bin=0.008 S_flip=0.203 t=92s
[P775_h120_pad0.040_s333] it  67 J=0.19211 A_min=0.1541 A_mean=0.2076 |g|=5.69e-04 bin=0.008 S_flip=0.204 t=93s
[P775_h120_pad0.040_s333] it  68 J=0.19213 A_min=0.1542 A_mean=0.2077 |g|=5.48e-04 bin=0.007 S_flip=0.205 t=95s
[P775_h120_pad0.040_s333] it  69 J=0.19215 A_min=0.1542 A_mean=0.2077 |g|=5.31e-04 bin=0.007 S_flip=0.206 t=96s
[P775_h120_pad0.040_s333] it  70 J=0.19216 A_min=0.1542 A_mean=0.2078 |g|=5.17e-04 bin=0.006 S_flip=0.207 t=98s
[P775_h120_pad0.040_s333] it  71 J=0.19218 A_min=0.1542 A_mean=0.2078 |g|=5.06e-04 bin=0.006 S_flip=0.208 t=100s
[P775_h120_pad0.040_s333] it  72 J=0.19219 A_min=0.1542 A_mean=0.2078 |g|=4.97e-04 bin=0.006 S_flip=0.208 t=101s
[P775_h120_pad0.040_s333] it  73 J=0.19220 A_min=0.1542 A_mean=0.2078 |g|=4.88e-04 bin=0.005 S_flip=0.209 t=102s
[P775_h120_pad0.040_s333] it  74 J=0.19221 A_min=0.1542 A_mean=0.2078 |g|=4.78e-04 bin=0.005 S_flip=0.210 t=104s
[P775_h120_pad0.040_s333] it  75 J=0.19222 A_min=0.1542 A_mean=0.2078 |g|=4.68e-04 bin=0.005 S_flip=0.210 t=105s
[P775_h120_pad0.040_s333] it  76 J=0.19223 A_min=0.1543 A_mean=0.2078 |g|=4.58e-04 bin=0.004 S_flip=0.211 t=107s
[P775_h120_pad0.040_s333] it  77 J=0.19223 A_min=0.1543 A_mean=0.2078 |g|=4.50e-04 bin=0.004 S_flip=0.211 t=108s
[P775_h120_pad0.040_s333] it  78 J=0.19224 A_min=0.1543 A_mean=0.2078 |g|=4.45e-04 bin=0.004 S_flip=0.212 t=109s
[P775_h120_pad0.040_s333] it  79 J=0.19225 A_min=0.1543 A_mean=0.2079 |g|=4.43e-04 bin=0.003 S_flip=0.212 t=111s
[P775_h120_pad0.040_s333] it  80 J=0.19225 A_min=0.1543 A_mean=0.2079 |g|=4.42e-04 bin=0.003 S_flip=0.213 t=112s
[P775_h120_pad0.040_s333] it  81 J=0.19225 A_min=0.1543 A_mean=0.2079 |g|=4.44e-04 bin=0.003 S_flip=0.213 t=114s
[P775_h120_pad0.040_s333] it  82 J=0.19226 A_min=0.1543 A_mean=0.2079 |g|=4.48e-04 bin=0.003 S_flip=0.214 t=115s
[P775_h120_pad0.040_s333] it  83 J=0.19226 A_min=0.1543 A_mean=0.2079 |g|=4.55e-04 bin=0.003 S_flip=0.214 t=116s
[P775_h120_pad0.040_s333] it  84 J=0.19226 A_min=0.1543 A_mean=0.2079 |g|=4.64e-04 bin=0.003 S_flip=0.214 t=118s
[P775_h120_pad0.040_s333] it  85 J=0.19227 A_min=0.1543 A_mean=0.2079 |g|=4.75e-04 bin=0.002 S_flip=0.214 t=119s
[P775_h120_pad0.040_s333] it  86 J=0.19227 A_min=0.1543 A_mean=0.2079 |g|=4.88e-04 bin=0.002 S_flip=0.215 t=121s
[P775_h120_pad0.040_s333] it  87 J=0.19227 A_min=0.1543 A_mean=0.2079 |g|=5.01e-04 bin=0.002 S_flip=0.215 t=122s
[P775_h120_pad0.040_s333] it  88 J=0.19227 A_min=0.1543 A_mean=0.2079 |g|=5.14e-04 bin=0.002 S_flip=0.215 t=123s
[P775_h120_pad0.040_s333] it  89 J=0.19227 A_min=0.1543 A_mean=0.2079 |g|=5.27e-04 bin=0.002 S_flip=0.215 t=125s
[P775_h120_pad0.040_s333] it  90 J=0.19228 A_min=0.1543 A_mean=0.2079 |g|=5.38e-04 bin=0.002 S_flip=0.215 t=126s
[P775_h120_pad0.040_s333] it  91 J=0.19228 A_min=0.1543 A_mean=0.2079 |g|=5.48e-04 bin=0.002 S_flip=0.215 t=128s
[P775_h120_pad0.040_s333] it  92 J=0.19228 A_min=0.1543 A_mean=0.2079 |g|=5.57e-04 bin=0.002 S_flip=0.215 t=129s
[P775_h120_pad0.040_s333] it  93 J=0.19228 A_min=0.1543 A_mean=0.2079 |g|=5.66e-04 bin=0.002 S_flip=0.216 t=130s
[P775_h120_pad0.040_s333] it  94 J=0.19228 A_min=0.1543 A_mean=0.2079 |g|=5.73e-04 bin=0.002 S_flip=0.216 t=132s
[P775_h120_pad0.040_s333] it  95 J=0.19228 A_min=0.1543 A_mean=0.2079 |g|=5.80e-04 bin=0.002 S_flip=0.216 t=133s
[P775_h120_pad0.040_s333] it  96 J=0.19228 A_min=0.1543 A_mean=0.2079 |g|=5.87e-04 bin=0.001 S_flip=0.216 t=134s
[P775_h120_pad0.040_s333] it  97 J=0.19228 A_min=0.1543 A_mean=0.2079 |g|=5.94e-04 bin=0.001 S_flip=0.216 t=136s
[P775_h120_pad0.040_s333] it  98 J=0.19228 A_min=0.1543 A_mean=0.2079 |g|=6.02e-04 bin=0.001 S_flip=0.216 t=137s
[P775_h120_pad0.040_s333] it  99 J=0.19228 A_min=0.1543 A_mean=0.2079 |g|=6.10e-04 bin=0.001 S_flip=0.216 t=139s
[P775_h120_pad0.040_s333] done: J_soft=0.19228 J_hard=0.19228 A_hard=[0.1543, 0.2002, 0.2692] S_flip=0.220 wall=140s
[P775_h120_pad0.040_s1001] it   0 J=0.07116 A_min=0.0631 A_mean=0.0722 |g|=1.47e-03 bin=0.798 S_flip=0.061 t=1s
[P775_h120_pad0.040_s1001] it   1 J=0.07201 A_min=0.0639 A_mean=0.0730 |g|=1.54e-03 bin=0.795 S_flip=0.062 t=3s
[P775_h120_pad0.040_s1001] it   2 J=0.07297 A_min=0.0647 A_mean=0.0740 |g|=1.62e-03 bin=0.791 S_flip=0.063 t=4s
[P775_h120_pad0.040_s1001] it   3 J=0.07403 A_min=0.0657 A_mean=0.0751 |g|=1.71e-03 bin=0.787 S_flip=0.065 t=6s
[P775_h120_pad0.040_s1001] it   4 J=0.07521 A_min=0.0668 A_mean=0.0763 |g|=1.81e-03 bin=0.783 S_flip=0.067 t=7s
[P775_h120_pad0.040_s1001] it   5 J=0.07653 A_min=0.0680 A_mean=0.0776 |g|=1.92e-03 bin=0.778 S_flip=0.069 t=9s
[P775_h120_pad0.040_s1001] it   6 J=0.07800 A_min=0.0693 A_mean=0.0791 |g|=2.05e-03 bin=0.773 S_flip=0.071 t=10s
[P775_h120_pad0.040_s1001] it   7 J=0.07965 A_min=0.0708 A_mean=0.0808 |g|=2.20e-03 bin=0.767 S_flip=0.073 t=11s
[P775_h120_pad0.040_s1001] it   8 J=0.08148 A_min=0.0725 A_mean=0.0827 |g|=2.36e-03 bin=0.760 S_flip=0.076 t=12s
[P775_h120_pad0.040_s1001] it   9 J=0.08353 A_min=0.0744 A_mean=0.0848 |g|=2.55e-03 bin=0.752 S_flip=0.078 t=14s
[P775_h120_pad0.040_s1001] it  10 J=0.08581 A_min=0.0764 A_mean=0.0871 |g|=2.76e-03 bin=0.743 S_flip=0.081 t=15s
[P775_h120_pad0.040_s1001] it  11 J=0.08836 A_min=0.0787 A_mean=0.0897 |g|=2.99e-03 bin=0.734 S_flip=0.083 t=16s
[P775_h120_pad0.040_s1001] it  12 J=0.09121 A_min=0.0813 A_mean=0.0926 |g|=3.26e-03 bin=0.722 S_flip=0.086 t=18s
[P775_h120_pad0.040_s1001] it  13 J=0.09440 A_min=0.0841 A_mean=0.0958 |g|=3.54e-03 bin=0.710 S_flip=0.088 t=19s
[P775_h120_pad0.040_s1001] it  14 J=0.09797 A_min=0.0872 A_mean=0.0995 |g|=3.85e-03 bin=0.695 S_flip=0.090 t=21s
[P775_h120_pad0.040_s1001] it  15 J=0.10195 A_min=0.0907 A_mean=0.1035 |g|=4.16e-03 bin=0.679 S_flip=0.092 t=22s
[P775_h120_pad0.040_s1001] it  16 J=0.10639 A_min=0.0945 A_mean=0.1080 |g|=4.47e-03 bin=0.659 S_flip=0.094 t=24s
[P775_h120_pad0.040_s1001] it  17 J=0.11131 A_min=0.0987 A_mean=0.1130 |g|=4.76e-03 bin=0.637 S_flip=0.095 t=25s
[P775_h120_pad0.040_s1001] it  18 J=0.11669 A_min=0.1033 A_mean=0.1185 |g|=4.98e-03 bin=0.610 S_flip=0.095 t=26s
[P775_h120_pad0.040_s1001] it  19 J=0.12250 A_min=0.1081 A_mean=0.1244 |g|=5.12e-03 bin=0.580 S_flip=0.095 t=28s
[P775_h120_pad0.040_s1001] it  20 J=0.12862 A_min=0.1131 A_mean=0.1306 |g|=5.16e-03 bin=0.545 S_flip=0.095 t=29s
[P775_h120_pad0.040_s1001] it  21 J=0.13492 A_min=0.1182 A_mean=0.1370 |g|=5.07e-03 bin=0.507 S_flip=0.094 t=31s
[P775_h120_pad0.040_s1001] it  22 J=0.14121 A_min=0.1232 A_mean=0.1434 |g|=4.86e-03 bin=0.467 S_flip=0.093 t=32s
[P775_h120_pad0.040_s1001] it  23 J=0.14729 A_min=0.1279 A_mean=0.1497 |g|=4.58e-03 bin=0.425 S_flip=0.092 t=34s
[P775_h120_pad0.040_s1001] it  24 J=0.15300 A_min=0.1322 A_mean=0.1556 |g|=4.26e-03 bin=0.383 S_flip=0.091 t=35s
[P775_h120_pad0.040_s1001] it  25 J=0.15821 A_min=0.1360 A_mean=0.1610 |g|=3.94e-03 bin=0.343 S_flip=0.090 t=37s
[P775_h120_pad0.040_s1001] it  26 J=0.16285 A_min=0.1394 A_mean=0.1659 |g|=3.66e-03 bin=0.305 S_flip=0.090 t=38s
[P775_h120_pad0.040_s1001] it  27 J=0.16693 A_min=0.1422 A_mean=0.1703 |g|=3.42e-03 bin=0.270 S_flip=0.090 t=39s
[P775_h120_pad0.040_s1001] it  28 J=0.17046 A_min=0.1447 A_mean=0.1741 |g|=3.24e-03 bin=0.239 S_flip=0.090 t=41s
[P775_h120_pad0.040_s1001] it  29 J=0.17350 A_min=0.1467 A_mean=0.1775 |g|=3.08e-03 bin=0.210 S_flip=0.091 t=42s
[P775_h120_pad0.040_s1001] it  30 J=0.17610 A_min=0.1483 A_mean=0.1805 |g|=2.95e-03 bin=0.185 S_flip=0.092 t=44s
[P775_h120_pad0.040_s1001] it  31 J=0.17832 A_min=0.1496 A_mean=0.1831 |g|=2.84e-03 bin=0.164 S_flip=0.093 t=45s
[P775_h120_pad0.040_s1001] it  32 J=0.18023 A_min=0.1507 A_mean=0.1854 |g|=2.73e-03 bin=0.145 S_flip=0.095 t=46s
[P775_h120_pad0.040_s1001] it  33 J=0.18186 A_min=0.1516 A_mean=0.1875 |g|=2.63e-03 bin=0.128 S_flip=0.096 t=48s
[P775_h120_pad0.040_s1001] it  34 J=0.18327 A_min=0.1523 A_mean=0.1893 |g|=2.52e-03 bin=0.114 S_flip=0.098 t=49s
[P775_h120_pad0.040_s1001] it  35 J=0.18449 A_min=0.1528 A_mean=0.1910 |g|=2.41e-03 bin=0.102 S_flip=0.100 t=51s
[P775_h120_pad0.040_s1001] it  36 J=0.18555 A_min=0.1533 A_mean=0.1926 |g|=2.29e-03 bin=0.091 S_flip=0.102 t=52s
[P775_h120_pad0.040_s1001] it  37 J=0.18648 A_min=0.1536 A_mean=0.1941 |g|=2.17e-03 bin=0.082 S_flip=0.104 t=54s
[P775_h120_pad0.040_s1001] it  38 J=0.18728 A_min=0.1538 A_mean=0.1954 |g|=2.04e-03 bin=0.074 S_flip=0.106 t=55s
[P775_h120_pad0.040_s1001] it  39 J=0.18799 A_min=0.1540 A_mean=0.1967 |g|=1.90e-03 bin=0.067 S_flip=0.109 t=56s
[P775_h120_pad0.040_s1001] it  40 J=0.18860 A_min=0.1541 A_mean=0.1979 |g|=1.76e-03 bin=0.061 S_flip=0.111 t=58s
[P775_h120_pad0.040_s1001] it  41 J=0.18913 A_min=0.1542 A_mean=0.1990 |g|=1.62e-03 bin=0.055 S_flip=0.113 t=59s
[P775_h120_pad0.040_s1001] it  42 J=0.18958 A_min=0.1542 A_mean=0.2000 |g|=1.48e-03 bin=0.050 S_flip=0.116 t=60s
[P775_h120_pad0.040_s1001] it  43 J=0.18997 A_min=0.1543 A_mean=0.2009 |g|=1.34e-03 bin=0.046 S_flip=0.118 t=62s
[P775_h120_pad0.040_s1001] it  44 J=0.19029 A_min=0.1543 A_mean=0.2018 |g|=1.20e-03 bin=0.042 S_flip=0.121 t=63s
[P775_h120_pad0.040_s1001] it  45 J=0.19057 A_min=0.1543 A_mean=0.2025 |g|=1.08e-03 bin=0.039 S_flip=0.123 t=64s
[P775_h120_pad0.040_s1001] it  46 J=0.19079 A_min=0.1542 A_mean=0.2032 |g|=9.69e-04 bin=0.036 S_flip=0.125 t=66s
[P775_h120_pad0.040_s1001] it  47 J=0.19097 A_min=0.1542 A_mean=0.2037 |g|=8.87e-04 bin=0.033 S_flip=0.127 t=67s
[P775_h120_pad0.040_s1001] it  48 J=0.19111 A_min=0.1542 A_mean=0.2042 |g|=8.33e-04 bin=0.030 S_flip=0.129 t=68s
[P775_h120_pad0.040_s1001] it  49 J=0.19124 A_min=0.1542 A_mean=0.2046 |g|=8.06e-04 bin=0.028 S_flip=0.131 t=70s
[P775_h120_pad0.040_s1001] it  50 J=0.19134 A_min=0.1541 A_mean=0.2050 |g|=7.97e-04 bin=0.026 S_flip=0.133 t=71s
[P775_h120_pad0.040_s1001] it  51 J=0.19142 A_min=0.1541 A_mean=0.2053 |g|=8.00e-04 bin=0.025 S_flip=0.135 t=72s
[P775_h120_pad0.040_s1001] it  52 J=0.19150 A_min=0.1541 A_mean=0.2056 |g|=8.07e-04 bin=0.023 S_flip=0.137 t=74s
[P775_h120_pad0.040_s1001] it  53 J=0.19157 A_min=0.1540 A_mean=0.2059 |g|=8.12e-04 bin=0.021 S_flip=0.139 t=75s
[P775_h120_pad0.040_s1001] it  54 J=0.19163 A_min=0.1540 A_mean=0.2062 |g|=8.16e-04 bin=0.020 S_flip=0.141 t=76s
[P775_h120_pad0.040_s1001] it  55 J=0.19168 A_min=0.1540 A_mean=0.2064 |g|=8.16e-04 bin=0.018 S_flip=0.143 t=78s
[P775_h120_pad0.040_s1001] it  56 J=0.19173 A_min=0.1540 A_mean=0.2066 |g|=8.14e-04 bin=0.017 S_flip=0.144 t=79s
[P775_h120_pad0.040_s1001] it  57 J=0.19178 A_min=0.1540 A_mean=0.2068 |g|=8.09e-04 bin=0.016 S_flip=0.146 t=80s
[P775_h120_pad0.040_s1001] it  58 J=0.19182 A_min=0.1540 A_mean=0.2070 |g|=8.01e-04 bin=0.015 S_flip=0.147 t=82s
[P775_h120_pad0.040_s1001] it  59 J=0.19186 A_min=0.1540 A_mean=0.2071 |g|=7.89e-04 bin=0.014 S_flip=0.148 t=83s
[P775_h120_pad0.040_s1001] it  60 J=0.19190 A_min=0.1540 A_mean=0.2072 |g|=7.74e-04 bin=0.013 S_flip=0.149 t=85s
[P775_h120_pad0.040_s1001] it  61 J=0.19194 A_min=0.1540 A_mean=0.2074 |g|=7.55e-04 bin=0.012 S_flip=0.150 t=86s
[P775_h120_pad0.040_s1001] it  62 J=0.19197 A_min=0.1540 A_mean=0.2075 |g|=7.33e-04 bin=0.011 S_flip=0.151 t=87s
[P775_h120_pad0.040_s1001] it  63 J=0.19200 A_min=0.1540 A_mean=0.2075 |g|=7.09e-04 bin=0.010 S_flip=0.152 t=88s
[P775_h120_pad0.040_s1001] it  64 J=0.19203 A_min=0.1540 A_mean=0.2076 |g|=6.83e-04 bin=0.009 S_flip=0.153 t=90s
[P775_h120_pad0.040_s1001] it  65 J=0.19206 A_min=0.1541 A_mean=0.2077 |g|=6.56e-04 bin=0.009 S_flip=0.154 t=91s
[P775_h120_pad0.040_s1001] it  66 J=0.19208 A_min=0.1541 A_mean=0.2077 |g|=6.30e-04 bin=0.008 S_flip=0.155 t=92s
[P775_h120_pad0.040_s1001] it  67 J=0.19211 A_min=0.1541 A_mean=0.2078 |g|=6.05e-04 bin=0.007 S_flip=0.156 t=94s
[P775_h120_pad0.040_s1001] it  68 J=0.19213 A_min=0.1541 A_mean=0.2078 |g|=5.82e-04 bin=0.007 S_flip=0.156 t=95s
[P775_h120_pad0.040_s1001] it  69 J=0.19214 A_min=0.1541 A_mean=0.2078 |g|=5.61e-04 bin=0.006 S_flip=0.157 t=96s
[P775_h120_pad0.040_s1001] it  70 J=0.19216 A_min=0.1541 A_mean=0.2079 |g|=5.43e-04 bin=0.006 S_flip=0.157 t=98s
[P775_h120_pad0.040_s1001] it  71 J=0.19218 A_min=0.1541 A_mean=0.2079 |g|=5.28e-04 bin=0.005 S_flip=0.158 t=99s
[P775_h120_pad0.040_s1001] it  72 J=0.19219 A_min=0.1542 A_mean=0.2079 |g|=5.13e-04 bin=0.005 S_flip=0.158 t=100s
[P775_h120_pad0.040_s1001] it  73 J=0.19220 A_min=0.1542 A_mean=0.2079 |g|=4.98e-04 bin=0.005 S_flip=0.159 t=102s
[P775_h120_pad0.040_s1001] it  74 J=0.19221 A_min=0.1542 A_mean=0.2079 |g|=4.84e-04 bin=0.004 S_flip=0.159 t=103s
[P775_h120_pad0.040_s1001] it  75 J=0.19222 A_min=0.1542 A_mean=0.2080 |g|=4.70e-04 bin=0.004 S_flip=0.159 t=104s
[P775_h120_pad0.040_s1001] it  76 J=0.19223 A_min=0.1542 A_mean=0.2080 |g|=4.58e-04 bin=0.004 S_flip=0.160 t=106s
[P775_h120_pad0.040_s1001] it  77 J=0.19224 A_min=0.1542 A_mean=0.2080 |g|=4.49e-04 bin=0.004 S_flip=0.160 t=107s
[P775_h120_pad0.040_s1001] it  78 J=0.19224 A_min=0.1542 A_mean=0.2080 |g|=4.43e-04 bin=0.003 S_flip=0.161 t=108s
[P775_h120_pad0.040_s1001] it  79 J=0.19225 A_min=0.1542 A_mean=0.2080 |g|=4.39e-04 bin=0.003 S_flip=0.161 t=110s
[P775_h120_pad0.040_s1001] it  80 J=0.19225 A_min=0.1542 A_mean=0.2080 |g|=4.36e-04 bin=0.003 S_flip=0.161 t=111s
[P775_h120_pad0.040_s1001] it  81 J=0.19226 A_min=0.1542 A_mean=0.2080 |g|=4.33e-04 bin=0.003 S_flip=0.161 t=112s
[P775_h120_pad0.040_s1001] it  82 J=0.19226 A_min=0.1542 A_mean=0.2080 |g|=4.30e-04 bin=0.002 S_flip=0.162 t=114s
[P775_h120_pad0.040_s1001] it  83 J=0.19226 A_min=0.1542 A_mean=0.2080 |g|=4.27e-04 bin=0.002 S_flip=0.162 t=115s
[P775_h120_pad0.040_s1001] it  84 J=0.19227 A_min=0.1542 A_mean=0.2080 |g|=4.25e-04 bin=0.002 S_flip=0.162 t=116s
[P775_h120_pad0.040_s1001] it  85 J=0.19227 A_min=0.1542 A_mean=0.2080 |g|=4.23e-04 bin=0.002 S_flip=0.162 t=118s
[P775_h120_pad0.040_s1001] it  86 J=0.19227 A_min=0.1542 A_mean=0.2081 |g|=4.23e-04 bin=0.002 S_flip=0.163 t=119s
[P775_h120_pad0.040_s1001] it  87 J=0.19227 A_min=0.1542 A_mean=0.2081 |g|=4.23e-04 bin=0.002 S_flip=0.163 t=120s
[P775_h120_pad0.040_s1001] it  88 J=0.19227 A_min=0.1542 A_mean=0.2081 |g|=4.24e-04 bin=0.002 S_flip=0.163 t=122s
[P775_h120_pad0.040_s1001] it  89 J=0.19228 A_min=0.1542 A_mean=0.2081 |g|=4.25e-04 bin=0.001 S_flip=0.163 t=123s
[P775_h120_pad0.040_s1001] it  90 J=0.19228 A_min=0.1542 A_mean=0.2081 |g|=4.25e-04 bin=0.001 S_flip=0.163 t=125s
[P775_h120_pad0.040_s1001] it  91 J=0.19228 A_min=0.1542 A_mean=0.2081 |g|=4.26e-04 bin=0.001 S_flip=0.163 t=126s
[P775_h120_pad0.040_s1001] it  92 J=0.19228 A_min=0.1542 A_mean=0.2081 |g|=4.26e-04 bin=0.001 S_flip=0.163 t=127s
[P775_h120_pad0.040_s1001] it  93 J=0.19228 A_min=0.1542 A_mean=0.2081 |g|=4.26e-04 bin=0.001 S_flip=0.164 t=129s
[P775_h120_pad0.040_s1001] it  94 J=0.19228 A_min=0.1542 A_mean=0.2081 |g|=4.26e-04 bin=0.001 S_flip=0.164 t=130s
[P775_h120_pad0.040_s1001] it  95 J=0.19228 A_min=0.1542 A_mean=0.2081 |g|=4.26e-04 bin=0.001 S_flip=0.164 t=131s
[P775_h120_pad0.040_s1001] it  96 J=0.19228 A_min=0.1542 A_mean=0.2081 |g|=4.25e-04 bin=0.001 S_flip=0.164 t=133s
[P775_h120_pad0.040_s1001] it  97 J=0.19228 A_min=0.1542 A_mean=0.2081 |g|=4.25e-04 bin=0.001 S_flip=0.164 t=134s
[P775_h120_pad0.040_s1001] it  98 J=0.19228 A_min=0.1542 A_mean=0.2081 |g|=4.25e-04 bin=0.001 S_flip=0.164 t=136s
[P775_h120_pad0.040_s1001] it  99 J=0.19228 A_min=0.1542 A_mean=0.2081 |g|=4.25e-04 bin=0.001 S_flip=0.164 t=137s
[P775_h120_pad0.040_s1001] done: J_soft=0.19228 J_hard=0.19229 A_hard=[0.1543, 0.2002, 0.2697] S_flip=0.165 wall=139s
[P775_h120_pad0.040_s7777] it   0 J=0.07230 A_min=0.0640 A_mean=0.0733 |g|=1.53e-03 bin=0.797 S_flip=0.054 t=1s
[P775_h120_pad0.040_s7777] it   1 J=0.07325 A_min=0.0649 A_mean=0.0743 |g|=1.61e-03 bin=0.794 S_flip=0.056 t=3s
[P775_h120_pad0.040_s7777] it   2 J=0.07430 A_min=0.0658 A_mean=0.0753 |g|=1.69e-03 bin=0.790 S_flip=0.057 t=4s
[P775_h120_pad0.040_s7777] it   3 J=0.07548 A_min=0.0669 A_mean=0.0765 |g|=1.78e-03 bin=0.786 S_flip=0.058 t=6s
[P775_h120_pad0.040_s7777] it   4 J=0.07680 A_min=0.0681 A_mean=0.0779 |g|=1.89e-03 bin=0.782 S_flip=0.060 t=7s
[P775_h120_pad0.040_s7777] it   5 J=0.07828 A_min=0.0694 A_mean=0.0794 |g|=2.01e-03 bin=0.776 S_flip=0.061 t=8s
[P775_h120_pad0.040_s7777] it   6 J=0.07993 A_min=0.0709 A_mean=0.0811 |g|=2.15e-03 bin=0.770 S_flip=0.063 t=10s
[P775_h120_pad0.040_s7777] it   7 J=0.08178 A_min=0.0726 A_mean=0.0829 |g|=2.30e-03 bin=0.764 S_flip=0.065 t=11s
[P775_h120_pad0.040_s7777] it   8 J=0.08385 A_min=0.0745 A_mean=0.0850 |g|=2.47e-03 bin=0.756 S_flip=0.067 t=12s
[P775_h120_pad0.040_s7777] it   9 J=0.08617 A_min=0.0765 A_mean=0.0874 |g|=2.66e-03 bin=0.747 S_flip=0.069 t=14s
[P775_h120_pad0.040_s7777] it  10 J=0.08875 A_min=0.0788 A_mean=0.0900 |g|=2.87e-03 bin=0.737 S_flip=0.071 t=15s
[P775_h120_pad0.040_s7777] it  11 J=0.09164 A_min=0.0814 A_mean=0.0930 |g|=3.11e-03 bin=0.726 S_flip=0.073 t=16s
[P775_h120_pad0.040_s7777] it  12 J=0.09487 A_min=0.0842 A_mean=0.0962 |g|=3.37e-03 bin=0.713 S_flip=0.075 t=18s
[P775_h120_pad0.040_s7777] it  13 J=0.09846 A_min=0.0873 A_mean=0.0999 |g|=3.64e-03 bin=0.699 S_flip=0.076 t=19s
[P775_h120_pad0.040_s7777] it  14 J=0.10245 A_min=0.0908 A_mean=0.1039 |g|=3.92e-03 bin=0.682 S_flip=0.078 t=20s
[P775_h120_pad0.040_s7777] it  15 J=0.10687 A_min=0.0946 A_mean=0.1084 |g|=4.20e-03 bin=0.662 S_flip=0.079 t=21s
[P775_h120_pad0.040_s7777] it  16 J=0.11172 A_min=0.0986 A_mean=0.1133 |g|=4.45e-03 bin=0.639 S_flip=0.080 t=23s
[P775_h120_pad0.040_s7777] it  17 J=0.11699 A_min=0.1030 A_mean=0.1187 |g|=4.66e-03 bin=0.613 S_flip=0.080 t=24s
[P775_h120_pad0.040_s7777] it  18 J=0.12263 A_min=0.1077 A_mean=0.1244 |g|=4.80e-03 bin=0.584 S_flip=0.080 t=25s
[P775_h120_pad0.040_s7777] it  19 J=0.12857 A_min=0.1124 A_mean=0.1305 |g|=4.85e-03 bin=0.551 S_flip=0.080 t=26s
[P775_h120_pad0.040_s7777] it  20 J=0.13468 A_min=0.1173 A_mean=0.1367 |g|=4.80e-03 bin=0.515 S_flip=0.079 t=27s
[P775_h120_pad0.040_s7777] it  21 J=0.14079 A_min=0.1220 A_mean=0.1430 |g|=4.65e-03 bin=0.476 S_flip=0.078 t=29s
[P775_h120_pad0.040_s7777] it  22 J=0.14674 A_min=0.1265 A_mean=0.1491 |g|=4.42e-03 bin=0.436 S_flip=0.077 t=30s
[P775_h120_pad0.040_s7777] it  23 J=0.15237 A_min=0.1307 A_mean=0.1550 |g|=4.15e-03 bin=0.396 S_flip=0.076 t=31s
[P775_h120_pad0.040_s7777] it  24 J=0.15758 A_min=0.1344 A_mean=0.1605 |g|=3.87e-03 bin=0.356 S_flip=0.076 t=32s
[P775_h120_pad0.040_s7777] it  25 J=0.16229 A_min=0.1377 A_mean=0.1656 |g|=3.61e-03 bin=0.319 S_flip=0.076 t=33s
[P775_h120_pad0.040_s7777] it  26 J=0.16648 A_min=0.1405 A_mean=0.1702 |g|=3.39e-03 bin=0.284 S_flip=0.076 t=34s
[P775_h120_pad0.040_s7777] it  27 J=0.17014 A_min=0.1429 A_mean=0.1743 |g|=3.21e-03 bin=0.252 S_flip=0.077 t=36s
[P775_h120_pad0.040_s7777] it  28 J=0.17333 A_min=0.1449 A_mean=0.1780 |g|=3.07e-03 bin=0.223 S_flip=0.078 t=37s
[P775_h120_pad0.040_s7777] it  29 J=0.17608 A_min=0.1466 A_mean=0.1813 |g|=2.94e-03 bin=0.197 S_flip=0.079 t=38s
[P775_h120_pad0.040_s7777] it  30 J=0.17844 A_min=0.1479 A_mean=0.1842 |g|=2.83e-03 bin=0.175 S_flip=0.080 t=39s
[P775_h120_pad0.040_s7777] it  31 J=0.18047 A_min=0.1491 A_mean=0.1869 |g|=2.71e-03 bin=0.155 S_flip=0.082 t=40s
[P775_h120_pad0.040_s7777] it  32 J=0.18220 A_min=0.1500 A_mean=0.1893 |g|=2.58e-03 bin=0.137 S_flip=0.083 t=41s
[P775_h120_pad0.040_s7777] it  33 J=0.18368 A_min=0.1507 A_mean=0.1914 |g|=2.44e-03 bin=0.122 S_flip=0.085 t=43s
[P775_h120_pad0.040_s7777] it  34 J=0.18495 A_min=0.1513 A_mean=0.1933 |g|=2.29e-03 bin=0.109 S_flip=0.087 t=44s
[P775_h120_pad0.040_s7777] it  35 J=0.18603 A_min=0.1518 A_mean=0.1951 |g|=2.13e-03 bin=0.097 S_flip=0.089 t=45s
[P775_h120_pad0.040_s7777] it  36 J=0.18694 A_min=0.1521 A_mean=0.1967 |g|=1.96e-03 bin=0.087 S_flip=0.092 t=46s
[P775_h120_pad0.040_s7777] it  37 J=0.18772 A_min=0.1524 A_mean=0.1981 |g|=1.79e-03 bin=0.079 S_flip=0.094 t=48s
[P775_h120_pad0.040_s7777] it  38 J=0.18837 A_min=0.1527 A_mean=0.1993 |g|=1.62e-03 bin=0.071 S_flip=0.096 t=49s
[P775_h120_pad0.040_s7777] it  39 J=0.18892 A_min=0.1528 A_mean=0.2005 |g|=1.46e-03 bin=0.065 S_flip=0.099 t=50s
[P775_h120_pad0.040_s7777] it  40 J=0.18937 A_min=0.1530 A_mean=0.2014 |g|=1.31e-03 bin=0.059 S_flip=0.102 t=52s
[P775_h120_pad0.040_s7777] it  41 J=0.18974 A_min=0.1531 A_mean=0.2023 |g|=1.18e-03 bin=0.054 S_flip=0.104 t=53s
[P775_h120_pad0.040_s7777] it  42 J=0.19005 A_min=0.1532 A_mean=0.2030 |g|=1.08e-03 bin=0.049 S_flip=0.107 t=55s
[P775_h120_pad0.040_s7777] it  43 J=0.19030 A_min=0.1532 A_mean=0.2036 |g|=1.00e-03 bin=0.045 S_flip=0.110 t=56s
[P775_h120_pad0.040_s7777] it  44 J=0.19050 A_min=0.1533 A_mean=0.2041 |g|=9.55e-04 bin=0.041 S_flip=0.113 t=58s
[P775_h120_pad0.040_s7777] it  45 J=0.19067 A_min=0.1533 A_mean=0.2046 |g|=9.31e-04 bin=0.038 S_flip=0.115 t=60s
[P775_h120_pad0.040_s7777] it  46 J=0.19081 A_min=0.1534 A_mean=0.2049 |g|=9.28e-04 bin=0.035 S_flip=0.118 t=61s
[P775_h120_pad0.040_s7777] it  47 J=0.19093 A_min=0.1534 A_mean=0.2053 |g|=9.35e-04 bin=0.032 S_flip=0.120 t=63s
[P775_h120_pad0.040_s7777] it  48 J=0.19103 A_min=0.1534 A_mean=0.2055 |g|=9.48e-04 bin=0.030 S_flip=0.123 t=64s
[P775_h120_pad0.040_s7777] it  49 J=0.19113 A_min=0.1535 A_mean=0.2058 |g|=9.59e-04 bin=0.028 S_flip=0.125 t=66s
[P775_h120_pad0.040_s7777] it  50 J=0.19121 A_min=0.1535 A_mean=0.2060 |g|=9.67e-04 bin=0.026 S_flip=0.128 t=67s
[P775_h120_pad0.040_s7777] it  51 J=0.19130 A_min=0.1535 A_mean=0.2062 |g|=9.68e-04 bin=0.024 S_flip=0.130 t=69s
[P775_h120_pad0.040_s7777] it  52 J=0.19137 A_min=0.1535 A_mean=0.2064 |g|=9.63e-04 bin=0.023 S_flip=0.133 t=70s
[P775_h120_pad0.040_s7777] it  53 J=0.19145 A_min=0.1536 A_mean=0.2066 |g|=9.51e-04 bin=0.021 S_flip=0.135 t=72s
[P775_h120_pad0.040_s7777] it  54 J=0.19152 A_min=0.1536 A_mean=0.2068 |g|=9.32e-04 bin=0.020 S_flip=0.138 t=73s
[P775_h120_pad0.040_s7777] it  55 J=0.19159 A_min=0.1536 A_mean=0.2070 |g|=9.07e-04 bin=0.018 S_flip=0.140 t=75s
[P775_h120_pad0.040_s7777] it  56 J=0.19165 A_min=0.1537 A_mean=0.2072 |g|=8.78e-04 bin=0.017 S_flip=0.142 t=77s
[P775_h120_pad0.040_s7777] it  57 J=0.19171 A_min=0.1537 A_mean=0.2073 |g|=8.46e-04 bin=0.016 S_flip=0.145 t=78s
[P775_h120_pad0.040_s7777] it  58 J=0.19177 A_min=0.1537 A_mean=0.2075 |g|=8.12e-04 bin=0.015 S_flip=0.147 t=80s
[P775_h120_pad0.040_s7777] it  59 J=0.19182 A_min=0.1537 A_mean=0.2076 |g|=7.76e-04 bin=0.014 S_flip=0.149 t=81s
[P775_h120_pad0.040_s7777] it  60 J=0.19187 A_min=0.1538 A_mean=0.2077 |g|=7.41e-04 bin=0.013 S_flip=0.151 t=83s
[P775_h120_pad0.040_s7777] it  61 J=0.19191 A_min=0.1538 A_mean=0.2078 |g|=7.06e-04 bin=0.012 S_flip=0.153 t=84s
[P775_h120_pad0.040_s7777] it  62 J=0.19195 A_min=0.1538 A_mean=0.2079 |g|=6.71e-04 bin=0.011 S_flip=0.155 t=86s
[P775_h120_pad0.040_s7777] it  63 J=0.19198 A_min=0.1538 A_mean=0.2079 |g|=6.39e-04 bin=0.010 S_flip=0.156 t=87s
[P775_h120_pad0.040_s7777] it  64 J=0.19201 A_min=0.1539 A_mean=0.2080 |g|=6.10e-04 bin=0.009 S_flip=0.158 t=88s
[P775_h120_pad0.040_s7777] it  65 J=0.19204 A_min=0.1539 A_mean=0.2080 |g|=5.84e-04 bin=0.009 S_flip=0.159 t=90s
[P775_h120_pad0.040_s7777] it  66 J=0.19207 A_min=0.1539 A_mean=0.2081 |g|=5.62e-04 bin=0.008 S_flip=0.161 t=91s
[P775_h120_pad0.040_s7777] it  67 J=0.19209 A_min=0.1539 A_mean=0.2081 |g|=5.43e-04 bin=0.008 S_flip=0.162 t=92s
[P775_h120_pad0.040_s7777] it  68 J=0.19211 A_min=0.1540 A_mean=0.2081 |g|=5.26e-04 bin=0.007 S_flip=0.163 t=94s
[P775_h120_pad0.040_s7777] it  69 J=0.19213 A_min=0.1540 A_mean=0.2082 |g|=5.11e-04 bin=0.007 S_flip=0.164 t=95s
[P775_h120_pad0.040_s7777] it  70 J=0.19214 A_min=0.1540 A_mean=0.2082 |g|=4.99e-04 bin=0.006 S_flip=0.165 t=97s
[P775_h120_pad0.040_s7777] it  71 J=0.19215 A_min=0.1540 A_mean=0.2082 |g|=4.87e-04 bin=0.006 S_flip=0.166 t=98s
[P775_h120_pad0.040_s7777] it  72 J=0.19217 A_min=0.1540 A_mean=0.2082 |g|=4.75e-04 bin=0.005 S_flip=0.167 t=100s
[P775_h120_pad0.040_s7777] it  73 J=0.19218 A_min=0.1541 A_mean=0.2082 |g|=4.64e-04 bin=0.005 S_flip=0.168 t=101s
[P775_h120_pad0.040_s7777] it  74 J=0.19219 A_min=0.1541 A_mean=0.2082 |g|=4.51e-04 bin=0.004 S_flip=0.169 t=102s
[P775_h120_pad0.040_s7777] it  75 J=0.19220 A_min=0.1541 A_mean=0.2082 |g|=4.39e-04 bin=0.004 S_flip=0.170 t=104s
[P775_h120_pad0.040_s7777] it  76 J=0.19220 A_min=0.1541 A_mean=0.2082 |g|=4.29e-04 bin=0.004 S_flip=0.171 t=105s
[P775_h120_pad0.040_s7777] it  77 J=0.19221 A_min=0.1541 A_mean=0.2082 |g|=4.22e-04 bin=0.003 S_flip=0.171 t=106s
[P775_h120_pad0.040_s7777] it  78 J=0.19222 A_min=0.1541 A_mean=0.2082 |g|=4.19e-04 bin=0.003 S_flip=0.172 t=107s
[P775_h120_pad0.040_s7777] it  79 J=0.19222 A_min=0.1541 A_mean=0.2083 |g|=4.19e-04 bin=0.003 S_flip=0.173 t=108s
[P775_h120_pad0.040_s7777] it  80 J=0.19223 A_min=0.1541 A_mean=0.2083 |g|=4.23e-04 bin=0.003 S_flip=0.173 t=110s
[P775_h120_pad0.040_s7777] it  81 J=0.19223 A_min=0.1541 A_mean=0.2083 |g|=4.30e-04 bin=0.003 S_flip=0.174 t=111s
[P775_h120_pad0.040_s7777] it  82 J=0.19223 A_min=0.1541 A_mean=0.2083 |g|=4.38e-04 bin=0.002 S_flip=0.174 t=112s
[P775_h120_pad0.040_s7777] it  83 J=0.19224 A_min=0.1541 A_mean=0.2083 |g|=4.48e-04 bin=0.002 S_flip=0.175 t=113s
[P775_h120_pad0.040_s7777] it  84 J=0.19224 A_min=0.1541 A_mean=0.2083 |g|=4.60e-04 bin=0.002 S_flip=0.175 t=114s
[P775_h120_pad0.040_s7777] it  85 J=0.19224 A_min=0.1541 A_mean=0.2083 |g|=4.72e-04 bin=0.002 S_flip=0.176 t=116s
[P775_h120_pad0.040_s7777] it  86 J=0.19225 A_min=0.1541 A_mean=0.2083 |g|=4.85e-04 bin=0.002 S_flip=0.176 t=117s
[P775_h120_pad0.040_s7777] it  87 J=0.19225 A_min=0.1541 A_mean=0.2083 |g|=4.97e-04 bin=0.002 S_flip=0.176 t=119s
[P775_h120_pad0.040_s7777] it  88 J=0.19225 A_min=0.1541 A_mean=0.2083 |g|=5.09e-04 bin=0.002 S_flip=0.176 t=120s
[P775_h120_pad0.040_s7777] it  89 J=0.19225 A_min=0.1541 A_mean=0.2083 |g|=5.21e-04 bin=0.001 S_flip=0.177 t=122s
[P775_h120_pad0.040_s7777] it  90 J=0.19225 A_min=0.1541 A_mean=0.2083 |g|=5.31e-04 bin=0.001 S_flip=0.177 t=123s
[P775_h120_pad0.040_s7777] it  91 J=0.19226 A_min=0.1541 A_mean=0.2083 |g|=5.40e-04 bin=0.001 S_flip=0.177 t=124s
[P775_h120_pad0.040_s7777] it  92 J=0.19226 A_min=0.1541 A_mean=0.2083 |g|=5.48e-04 bin=0.001 S_flip=0.177 t=125s
[P775_h120_pad0.040_s7777] it  93 J=0.19226 A_min=0.1541 A_mean=0.2083 |g|=5.54e-04 bin=0.001 S_flip=0.178 t=127s
[P775_h120_pad0.040_s7777] it  94 J=0.19226 A_min=0.1541 A_mean=0.2083 |g|=5.60e-04 bin=0.001 S_flip=0.178 t=128s
[P775_h120_pad0.040_s7777] it  95 J=0.19226 A_min=0.1541 A_mean=0.2083 |g|=5.66e-04 bin=0.001 S_flip=0.178 t=129s
[P775_h120_pad0.040_s7777] it  96 J=0.19226 A_min=0.1541 A_mean=0.2083 |g|=5.70e-04 bin=0.001 S_flip=0.178 t=131s
[P775_h120_pad0.040_s7777] it  97 J=0.19226 A_min=0.1541 A_mean=0.2083 |g|=5.74e-04 bin=0.001 S_flip=0.178 t=132s
[P775_h120_pad0.040_s7777] it  98 J=0.19226 A_min=0.1541 A_mean=0.2083 |g|=5.78e-04 bin=0.001 S_flip=0.178 t=133s
[P775_h120_pad0.040_s7777] it  99 J=0.19226 A_min=0.1541 A_mean=0.2083 |g|=5.81e-04 bin=0.001 S_flip=0.178 t=135s
[P775_h120_pad0.040_s7777] done: J_soft=0.19226 J_hard=0.19226 A_hard=[0.1541, 0.2, 0.2709] S_flip=0.181 wall=137s
[P775_h120_pad0.080_s333] it   0 J=0.09042 A_min=0.0810 A_mean=0.0917 |g|=1.80e-03 bin=0.663 S_flip=0.057 t=1s
[P775_h120_pad0.080_s333] it   1 J=0.09116 A_min=0.0816 A_mean=0.0925 |g|=1.88e-03 bin=0.660 S_flip=0.058 t=3s
[P775_h120_pad0.080_s333] it   2 J=0.09198 A_min=0.0823 A_mean=0.0933 |g|=1.98e-03 bin=0.658 S_flip=0.059 t=4s
[P775_h120_pad0.080_s333] it   3 J=0.09291 A_min=0.0832 A_mean=0.0942 |g|=2.08e-03 bin=0.655 S_flip=0.060 t=6s
[P775_h120_pad0.080_s333] it   4 J=0.09396 A_min=0.0841 A_mean=0.0953 |g|=2.20e-03 bin=0.652 S_flip=0.062 t=7s
[P775_h120_pad0.080_s333] it   5 J=0.09515 A_min=0.0851 A_mean=0.0965 |g|=2.34e-03 bin=0.648 S_flip=0.063 t=8s
[P775_h120_pad0.080_s333] it   6 J=0.09651 A_min=0.0863 A_mean=0.0979 |g|=2.49e-03 bin=0.643 S_flip=0.065 t=10s
[P775_h120_pad0.080_s333] it   7 J=0.09808 A_min=0.0877 A_mean=0.0995 |g|=2.66e-03 bin=0.637 S_flip=0.067 t=11s
[P775_h120_pad0.080_s333] it   8 J=0.09989 A_min=0.0892 A_mean=0.1013 |g|=2.85e-03 bin=0.631 S_flip=0.069 t=12s
[P775_h120_pad0.080_s333] it   9 J=0.10197 A_min=0.0911 A_mean=0.1035 |g|=3.06e-03 bin=0.623 S_flip=0.070 t=14s
[P775_h120_pad0.080_s333] it  10 J=0.10436 A_min=0.0931 A_mean=0.1059 |g|=3.27e-03 bin=0.614 S_flip=0.072 t=15s
[P775_h120_pad0.080_s333] it  11 J=0.10712 A_min=0.0955 A_mean=0.1087 |g|=3.50e-03 bin=0.603 S_flip=0.074 t=16s
[P775_h120_pad0.080_s333] it  12 J=0.11027 A_min=0.0982 A_mean=0.1119 |g|=3.73e-03 bin=0.590 S_flip=0.076 t=18s
[P775_h120_pad0.080_s333] it  13 J=0.11384 A_min=0.1013 A_mean=0.1155 |g|=3.94e-03 bin=0.574 S_flip=0.078 t=19s
[P775_h120_pad0.080_s333] it  14 J=0.11784 A_min=0.1047 A_mean=0.1196 |g|=4.12e-03 bin=0.556 S_flip=0.080 t=20s
[P775_h120_pad0.080_s333] it  15 J=0.12225 A_min=0.1085 A_mean=0.1241 |g|=4.26e-03 bin=0.535 S_flip=0.082 t=22s
[P775_h120_pad0.080_s333] it  16 J=0.12704 A_min=0.1125 A_mean=0.1289 |g|=4.34e-03 bin=0.510 S_flip=0.083 t=23s
[P775_h120_pad0.080_s333] it  17 J=0.13211 A_min=0.1167 A_mean=0.1341 |g|=4.33e-03 bin=0.482 S_flip=0.085 t=25s
[P775_h120_pad0.080_s333] it  18 J=0.13735 A_min=0.1211 A_mean=0.1394 |g|=4.23e-03 bin=0.451 S_flip=0.086 t=26s
[P775_h120_pad0.080_s333] it  19 J=0.14260 A_min=0.1254 A_mean=0.1448 |g|=4.05e-03 bin=0.418 S_flip=0.087 t=27s
[P775_h120_pad0.080_s333] it  20 J=0.14770 A_min=0.1295 A_mean=0.1500 |g|=3.79e-03 bin=0.383 S_flip=0.088 t=29s
[P775_h120_pad0.080_s333] it  21 J=0.15252 A_min=0.1334 A_mean=0.1549 |g|=3.48e-03 bin=0.349 S_flip=0.089 t=30s
[P775_h120_pad0.080_s333] it  22 J=0.15694 A_min=0.1369 A_mean=0.1594 |g|=3.16e-03 bin=0.314 S_flip=0.090 t=32s
[P775_h120_pad0.080_s333] it  23 J=0.16089 A_min=0.1400 A_mean=0.1635 |g|=2.85e-03 bin=0.282 S_flip=0.092 t=33s
[P775_h120_pad0.080_s333] it  24 J=0.16433 A_min=0.1427 A_mean=0.1671 |g|=2.57e-03 bin=0.252 S_flip=0.094 t=35s
[P775_h120_pad0.080_s333] it  25 J=0.16729 A_min=0.1450 A_mean=0.1701 |g|=2.32e-03 bin=0.224 S_flip=0.095 t=36s
[P775_h120_pad0.080_s333] it  26 J=0.16980 A_min=0.1469 A_mean=0.1728 |g|=2.12e-03 bin=0.199 S_flip=0.098 t=38s
[P775_h120_pad0.080_s333] it  27 J=0.17190 A_min=0.1485 A_mean=0.1750 |g|=1.95e-03 bin=0.177 S_flip=0.100 t=39s
[P775_h120_pad0.080_s333] it  28 J=0.17366 A_min=0.1498 A_mean=0.1768 |g|=1.82e-03 bin=0.158 S_flip=0.103 t=41s
[P775_h120_pad0.080_s333] it  29 J=0.17513 A_min=0.1509 A_mean=0.1784 |g|=1.71e-03 bin=0.141 S_flip=0.106 t=42s
[P775_h120_pad0.080_s333] it  30 J=0.17636 A_min=0.1518 A_mean=0.1797 |g|=1.61e-03 bin=0.126 S_flip=0.109 t=44s
[P775_h120_pad0.080_s333] it  31 J=0.17740 A_min=0.1526 A_mean=0.1808 |g|=1.54e-03 bin=0.113 S_flip=0.113 t=45s
[P775_h120_pad0.080_s333] it  32 J=0.17828 A_min=0.1532 A_mean=0.1817 |g|=1.47e-03 bin=0.102 S_flip=0.116 t=47s
[P775_h120_pad0.080_s333] it  33 J=0.17903 A_min=0.1537 A_mean=0.1825 |g|=1.42e-03 bin=0.092 S_flip=0.120 t=48s
[P775_h120_pad0.080_s333] it  34 J=0.17968 A_min=0.1542 A_mean=0.1832 |g|=1.37e-03 bin=0.083 S_flip=0.124 t=49s
[P775_h120_pad0.080_s333] it  35 J=0.18024 A_min=0.1546 A_mean=0.1839 |g|=1.34e-03 bin=0.075 S_flip=0.127 t=51s
[P775_h120_pad0.080_s333] it  36 J=0.18074 A_min=0.1549 A_mean=0.1844 |g|=1.30e-03 bin=0.069 S_flip=0.131 t=52s
[P775_h120_pad0.080_s333] it  37 J=0.18118 A_min=0.1551 A_mean=0.1849 |g|=1.27e-03 bin=0.063 S_flip=0.135 t=54s
[P775_h120_pad0.080_s333] it  38 J=0.18157 A_min=0.1554 A_mean=0.1853 |g|=1.25e-03 bin=0.057 S_flip=0.139 t=55s
[P775_h120_pad0.080_s333] it  39 J=0.18193 A_min=0.1555 A_mean=0.1858 |g|=1.23e-03 bin=0.052 S_flip=0.142 t=57s
[P775_h120_pad0.080_s333] it  40 J=0.18225 A_min=0.1557 A_mean=0.1861 |g|=1.22e-03 bin=0.048 S_flip=0.146 t=58s
[P775_h120_pad0.080_s333] it  41 J=0.18254 A_min=0.1558 A_mean=0.1865 |g|=1.20e-03 bin=0.044 S_flip=0.150 t=59s
[P775_h120_pad0.080_s333] it  42 J=0.18281 A_min=0.1559 A_mean=0.1868 |g|=1.19e-03 bin=0.041 S_flip=0.153 t=61s
[P775_h120_pad0.080_s333] it  43 J=0.18306 A_min=0.1560 A_mean=0.1871 |g|=1.17e-03 bin=0.037 S_flip=0.157 t=62s
[P775_h120_pad0.080_s333] it  44 J=0.18329 A_min=0.1561 A_mean=0.1874 |g|=1.15e-03 bin=0.035 S_flip=0.160 t=64s
[P775_h120_pad0.080_s333] it  45 J=0.18350 A_min=0.1562 A_mean=0.1877 |g|=1.14e-03 bin=0.032 S_flip=0.163 t=65s
[P775_h120_pad0.080_s333] it  46 J=0.18370 A_min=0.1563 A_mean=0.1879 |g|=1.13e-03 bin=0.030 S_flip=0.166 t=66s
[P775_h120_pad0.080_s333] it  47 J=0.18388 A_min=0.1563 A_mean=0.1882 |g|=1.12e-03 bin=0.027 S_flip=0.169 t=68s
[P775_h120_pad0.080_s333] it  48 J=0.18405 A_min=0.1563 A_mean=0.1884 |g|=1.13e-03 bin=0.025 S_flip=0.172 t=69s
[P775_h120_pad0.080_s333] it  49 J=0.18422 A_min=0.1564 A_mean=0.1886 |g|=1.15e-03 bin=0.024 S_flip=0.174 t=71s
[P775_h120_pad0.080_s333] it  50 J=0.18437 A_min=0.1564 A_mean=0.1888 |g|=1.17e-03 bin=0.022 S_flip=0.177 t=72s
[P775_h120_pad0.080_s333] it  51 J=0.18452 A_min=0.1564 A_mean=0.1890 |g|=1.19e-03 bin=0.020 S_flip=0.179 t=74s
[P775_h120_pad0.080_s333] it  52 J=0.18467 A_min=0.1564 A_mean=0.1892 |g|=1.20e-03 bin=0.019 S_flip=0.182 t=75s
[P775_h120_pad0.080_s333] it  53 J=0.18481 A_min=0.1564 A_mean=0.1895 |g|=1.21e-03 bin=0.018 S_flip=0.185 t=76s
[P775_h120_pad0.080_s333] it  54 J=0.18495 A_min=0.1564 A_mean=0.1897 |g|=1.22e-03 bin=0.016 S_flip=0.188 t=78s
[P775_h120_pad0.080_s333] it  55 J=0.18509 A_min=0.1564 A_mean=0.1899 |g|=1.22e-03 bin=0.015 S_flip=0.191 t=79s
[P775_h120_pad0.080_s333] it  56 J=0.18521 A_min=0.1564 A_mean=0.1900 |g|=1.20e-03 bin=0.014 S_flip=0.194 t=81s
[P775_h120_pad0.080_s333] it  57 J=0.18533 A_min=0.1564 A_mean=0.1902 |g|=1.14e-03 bin=0.012 S_flip=0.197 t=82s
[P775_h120_pad0.080_s333] it  58 J=0.18544 A_min=0.1564 A_mean=0.1904 |g|=1.08e-03 bin=0.011 S_flip=0.200 t=84s
[P775_h120_pad0.080_s333] it  59 J=0.18553 A_min=0.1564 A_mean=0.1905 |g|=1.01e-03 bin=0.010 S_flip=0.202 t=85s
[P775_h120_pad0.080_s333] it  60 J=0.18562 A_min=0.1564 A_mean=0.1907 |g|=9.57e-04 bin=0.009 S_flip=0.204 t=87s
[P775_h120_pad0.080_s333] it  61 J=0.18569 A_min=0.1564 A_mean=0.1908 |g|=9.15e-04 bin=0.008 S_flip=0.206 t=88s
[P775_h120_pad0.080_s333] it  62 J=0.18576 A_min=0.1564 A_mean=0.1909 |g|=8.83e-04 bin=0.008 S_flip=0.208 t=90s
[P775_h120_pad0.080_s333] it  63 J=0.18581 A_min=0.1564 A_mean=0.1910 |g|=8.58e-04 bin=0.007 S_flip=0.209 t=91s
[P775_h120_pad0.080_s333] it  64 J=0.18587 A_min=0.1564 A_mean=0.1911 |g|=8.38e-04 bin=0.006 S_flip=0.210 t=93s
[P775_h120_pad0.080_s333] it  65 J=0.18591 A_min=0.1564 A_mean=0.1912 |g|=8.22e-04 bin=0.006 S_flip=0.211 t=94s
[P775_h120_pad0.080_s333] it  66 J=0.18595 A_min=0.1564 A_mean=0.1913 |g|=8.09e-04 bin=0.005 S_flip=0.212 t=95s
[P775_h120_pad0.080_s333] it  67 J=0.18599 A_min=0.1563 A_mean=0.1913 |g|=8.01e-04 bin=0.005 S_flip=0.213 t=97s
[P775_h120_pad0.080_s333] it  68 J=0.18603 A_min=0.1563 A_mean=0.1914 |g|=7.95e-04 bin=0.005 S_flip=0.214 t=98s
[P775_h120_pad0.080_s333] it  69 J=0.18606 A_min=0.1563 A_mean=0.1914 |g|=7.88e-04 bin=0.004 S_flip=0.215 t=100s
[P775_h120_pad0.080_s333] it  70 J=0.18609 A_min=0.1563 A_mean=0.1915 |g|=7.74e-04 bin=0.004 S_flip=0.216 t=101s
[P775_h120_pad0.080_s333] it  71 J=0.18612 A_min=0.1563 A_mean=0.1915 |g|=7.51e-04 bin=0.004 S_flip=0.217 t=102s
[P775_h120_pad0.080_s333] it  72 J=0.18614 A_min=0.1563 A_mean=0.1916 |g|=7.24e-04 bin=0.003 S_flip=0.217 t=104s
[P775_h120_pad0.080_s333] it  73 J=0.18616 A_min=0.1563 A_mean=0.1916 |g|=6.98e-04 bin=0.003 S_flip=0.218 t=105s
[P775_h120_pad0.080_s333] it  74 J=0.18618 A_min=0.1563 A_mean=0.1917 |g|=6.73e-04 bin=0.003 S_flip=0.218 t=106s
[P775_h120_pad0.080_s333] it  75 J=0.18620 A_min=0.1563 A_mean=0.1917 |g|=6.50e-04 bin=0.002 S_flip=0.219 t=108s
[P775_h120_pad0.080_s333] it  76 J=0.18621 A_min=0.1562 A_mean=0.1917 |g|=6.32e-04 bin=0.002 S_flip=0.219 t=109s
[P775_h120_pad0.080_s333] it  77 J=0.18622 A_min=0.1562 A_mean=0.1918 |g|=6.30e-04 bin=0.002 S_flip=0.219 t=111s
[P775_h120_pad0.080_s333] it  78 J=0.18623 A_min=0.1562 A_mean=0.1918 |g|=6.48e-04 bin=0.002 S_flip=0.220 t=112s
[P775_h120_pad0.080_s333] it  79 J=0.18624 A_min=0.1562 A_mean=0.1918 |g|=6.85e-04 bin=0.002 S_flip=0.220 t=113s
[P775_h120_pad0.080_s333] it  80 J=0.18625 A_min=0.1562 A_mean=0.1918 |g|=7.34e-04 bin=0.002 S_flip=0.220 t=115s
[P775_h120_pad0.080_s333] it  81 J=0.18626 A_min=0.1562 A_mean=0.1918 |g|=7.86e-04 bin=0.002 S_flip=0.220 t=116s
[P775_h120_pad0.080_s333] it  82 J=0.18627 A_min=0.1562 A_mean=0.1918 |g|=8.35e-04 bin=0.002 S_flip=0.220 t=118s
[P775_h120_pad0.080_s333] it  83 J=0.18628 A_min=0.1562 A_mean=0.1919 |g|=8.72e-04 bin=0.001 S_flip=0.220 t=119s
[P775_h120_pad0.080_s333] it  84 J=0.18629 A_min=0.1562 A_mean=0.1919 |g|=8.95e-04 bin=0.001 S_flip=0.220 t=120s
[P775_h120_pad0.080_s333] it  85 J=0.18630 A_min=0.1562 A_mean=0.1919 |g|=9.01e-04 bin=0.001 S_flip=0.220 t=122s
[P775_h120_pad0.080_s333] it  86 J=0.18630 A_min=0.1562 A_mean=0.1919 |g|=8.91e-04 bin=0.001 S_flip=0.220 t=123s
[P775_h120_pad0.080_s333] it  87 J=0.18631 A_min=0.1562 A_mean=0.1919 |g|=8.67e-04 bin=0.001 S_flip=0.220 t=125s
[P775_h120_pad0.080_s333] it  88 J=0.18631 A_min=0.1562 A_mean=0.1919 |g|=8.37e-04 bin=0.001 S_flip=0.220 t=126s
[P775_h120_pad0.080_s333] it  89 J=0.18632 A_min=0.1562 A_mean=0.1919 |g|=8.10e-04 bin=0.001 S_flip=0.220 t=128s
[P775_h120_pad0.080_s333] it  90 J=0.18632 A_min=0.1562 A_mean=0.1919 |g|=7.90e-04 bin=0.001 S_flip=0.220 t=129s
[P775_h120_pad0.080_s333] it  91 J=0.18632 A_min=0.1562 A_mean=0.1919 |g|=7.78e-04 bin=0.001 S_flip=0.220 t=130s
[P775_h120_pad0.080_s333] it  92 J=0.18633 A_min=0.1562 A_mean=0.1920 |g|=7.70e-04 bin=0.001 S_flip=0.220 t=132s
[P775_h120_pad0.080_s333] it  93 J=0.18633 A_min=0.1562 A_mean=0.1920 |g|=7.64e-04 bin=0.001 S_flip=0.220 t=133s
[P775_h120_pad0.080_s333] it  94 J=0.18633 A_min=0.1562 A_mean=0.1920 |g|=7.59e-04 bin=0.001 S_flip=0.220 t=134s
[P775_h120_pad0.080_s333] it  95 J=0.18633 A_min=0.1562 A_mean=0.1920 |g|=7.54e-04 bin=0.001 S_flip=0.220 t=136s
[P775_h120_pad0.080_s333] it  96 J=0.18633 A_min=0.1562 A_mean=0.1920 |g|=7.49e-04 bin=0.001 S_flip=0.221 t=137s
[P775_h120_pad0.080_s333] it  97 J=0.18633 A_min=0.1562 A_mean=0.1920 |g|=7.46e-04 bin=0.001 S_flip=0.221 t=138s
[P775_h120_pad0.080_s333] it  98 J=0.18633 A_min=0.1562 A_mean=0.1920 |g|=7.44e-04 bin=0.000 S_flip=0.221 t=139s
[P775_h120_pad0.080_s333] it  99 J=0.18633 A_min=0.1562 A_mean=0.1920 |g|=7.44e-04 bin=0.000 S_flip=0.221 t=140s
[P775_h120_pad0.080_s333] done: J_soft=0.18633 J_hard=0.18634 A_hard=[0.1562, 0.2019, 0.2179] S_flip=0.221 wall=142s
[P775_h120_pad0.080_s1001] it   0 J=0.08932 A_min=0.0800 A_mean=0.0906 |g|=1.77e-03 bin=0.662 S_flip=0.063 t=1s
[P775_h120_pad0.080_s1001] it   1 J=0.09001 A_min=0.0806 A_mean=0.0913 |g|=1.86e-03 bin=0.660 S_flip=0.064 t=2s
[P775_h120_pad0.080_s1001] it   2 J=0.09077 A_min=0.0813 A_mean=0.0921 |g|=1.95e-03 bin=0.658 S_flip=0.065 t=3s
[P775_h120_pad0.080_s1001] it   3 J=0.09162 A_min=0.0820 A_mean=0.0929 |g|=2.06e-03 bin=0.655 S_flip=0.066 t=5s
[P775_h120_pad0.080_s1001] it   4 J=0.09258 A_min=0.0829 A_mean=0.0939 |g|=2.18e-03 bin=0.652 S_flip=0.068 t=6s
[P775_h120_pad0.080_s1001] it   5 J=0.09368 A_min=0.0838 A_mean=0.0950 |g|=2.31e-03 bin=0.648 S_flip=0.069 t=7s
[P775_h120_pad0.080_s1001] it   6 J=0.09494 A_min=0.0850 A_mean=0.0963 |g|=2.47e-03 bin=0.644 S_flip=0.071 t=8s
[P775_h120_pad0.080_s1001] it   7 J=0.09640 A_min=0.0862 A_mean=0.0978 |g|=2.64e-03 bin=0.639 S_flip=0.072 t=9s
[P775_h120_pad0.080_s1001] it   8 J=0.09807 A_min=0.0877 A_mean=0.0995 |g|=2.83e-03 bin=0.633 S_flip=0.074 t=10s
[P775_h120_pad0.080_s1001] it   9 J=0.10002 A_min=0.0894 A_mean=0.1015 |g|=3.04e-03 bin=0.626 S_flip=0.075 t=11s
[P775_h120_pad0.080_s1001] it  10 J=0.10227 A_min=0.0914 A_mean=0.1038 |g|=3.27e-03 bin=0.617 S_flip=0.077 t=13s
[P775_h120_pad0.080_s1001] it  11 J=0.10488 A_min=0.0936 A_mean=0.1064 |g|=3.51e-03 bin=0.608 S_flip=0.078 t=14s
[P775_h120_pad0.080_s1001] it  12 J=0.10788 A_min=0.0962 A_mean=0.1095 |g|=3.76e-03 bin=0.596 S_flip=0.080 t=15s
[P775_h120_pad0.080_s1001] it  13 J=0.11132 A_min=0.0992 A_mean=0.1130 |g|=4.00e-03 bin=0.582 S_flip=0.081 t=16s
[P775_h120_pad0.080_s1001] it  14 J=0.11522 A_min=0.1026 A_mean=0.1169 |g|=4.21e-03 bin=0.565 S_flip=0.081 t=17s
[P775_h120_pad0.080_s1001] it  15 J=0.11957 A_min=0.1063 A_mean=0.1213 |g|=4.39e-03 bin=0.545 S_flip=0.081 t=18s
[P775_h120_pad0.080_s1001] it  16 J=0.12434 A_min=0.1104 A_mean=0.1262 |g|=4.50e-03 bin=0.522 S_flip=0.081 t=19s
[P775_h120_pad0.080_s1001] it  17 J=0.12946 A_min=0.1147 A_mean=0.1314 |g|=4.53e-03 bin=0.495 S_flip=0.081 t=20s
[P775_h120_pad0.080_s1001] it  18 J=0.13482 A_min=0.1192 A_mean=0.1368 |g|=4.45e-03 bin=0.465 S_flip=0.080 t=21s
[P775_h120_pad0.080_s1001] it  19 J=0.14025 A_min=0.1237 A_mean=0.1423 |g|=4.28e-03 bin=0.432 S_flip=0.079 t=22s
[P775_h120_pad0.080_s1001] it  20 J=0.14559 A_min=0.1281 A_mean=0.1478 |g|=4.02e-03 bin=0.398 S_flip=0.078 t=24s
[P775_h120_pad0.080_s1001] it  21 J=0.15067 A_min=0.1322 A_mean=0.1530 |g|=3.70e-03 bin=0.362 S_flip=0.077 t=25s
[P775_h120_pad0.080_s1001] it  22 J=0.15535 A_min=0.1360 A_mean=0.1578 |g|=3.35e-03 bin=0.327 S_flip=0.077 t=26s
[P775_h120_pad0.080_s1001] it  23 J=0.15956 A_min=0.1394 A_mean=0.1621 |g|=3.00e-03 bin=0.293 S_flip=0.076 t=27s
[P775_h120_pad0.080_s1001] it  24 J=0.16324 A_min=0.1423 A_mean=0.1659 |g|=2.69e-03 bin=0.261 S_flip=0.076 t=28s
[P775_h120_pad0.080_s1001] it  25 J=0.16640 A_min=0.1448 A_mean=0.1691 |g|=2.41e-03 bin=0.232 S_flip=0.077 t=29s
[P775_h120_pad0.080_s1001] it  26 J=0.16907 A_min=0.1469 A_mean=0.1719 |g|=2.18e-03 bin=0.206 S_flip=0.077 t=30s
[P775_h120_pad0.080_s1001] it  27 J=0.17131 A_min=0.1486 A_mean=0.1742 |g|=1.99e-03 bin=0.183 S_flip=0.079 t=31s
[P775_h120_pad0.080_s1001] it  28 J=0.17318 A_min=0.1500 A_mean=0.1762 |g|=1.84e-03 bin=0.162 S_flip=0.080 t=32s
[P775_h120_pad0.080_s1001] it  29 J=0.17473 A_min=0.1512 A_mean=0.1778 |g|=1.71e-03 bin=0.144 S_flip=0.082 t=34s
[P775_h120_pad0.080_s1001] it  30 J=0.17602 A_min=0.1522 A_mean=0.1792 |g|=1.61e-03 bin=0.129 S_flip=0.084 t=35s
[P775_h120_pad0.080_s1001] it  31 J=0.17710 A_min=0.1530 A_mean=0.1803 |g|=1.52e-03 bin=0.115 S_flip=0.086 t=36s
[P775_h120_pad0.080_s1001] it  32 J=0.17801 A_min=0.1536 A_mean=0.1813 |g|=1.45e-03 bin=0.103 S_flip=0.088 t=37s
[P775_h120_pad0.080_s1001] it  33 J=0.17878 A_min=0.1542 A_mean=0.1821 |g|=1.39e-03 bin=0.093 S_flip=0.090 t=39s
[P775_h120_pad0.080_s1001] it  34 J=0.17944 A_min=0.1546 A_mean=0.1828 |g|=1.34e-03 bin=0.084 S_flip=0.093 t=40s
[P775_h120_pad0.080_s1001] it  35 J=0.18001 A_min=0.1550 A_mean=0.1834 |g|=1.30e-03 bin=0.076 S_flip=0.095 t=41s
[P775_h120_pad0.080_s1001] it  36 J=0.18050 A_min=0.1553 A_mean=0.1840 |g|=1.27e-03 bin=0.069 S_flip=0.098 t=43s
[P775_h120_pad0.080_s1001] it  37 J=0.18094 A_min=0.1556 A_mean=0.1845 |g|=1.24e-03 bin=0.063 S_flip=0.100 t=44s
[P775_h120_pad0.080_s1001] it  38 J=0.18133 A_min=0.1558 A_mean=0.1849 |g|=1.22e-03 bin=0.058 S_flip=0.103 t=45s
[P775_h120_pad0.080_s1001] it  39 J=0.18168 A_min=0.1560 A_mean=0.1853 |g|=1.20e-03 bin=0.053 S_flip=0.106 t=47s
[P775_h120_pad0.080_s1001] it  40 J=0.18199 A_min=0.1561 A_mean=0.1857 |g|=1.18e-03 bin=0.048 S_flip=0.108 t=48s
[P775_h120_pad0.080_s1001] it  41 J=0.18228 A_min=0.1563 A_mean=0.1860 |g|=1.17e-03 bin=0.044 S_flip=0.111 t=49s
[P775_h120_pad0.080_s1001] it  42 J=0.18254 A_min=0.1564 A_mean=0.1863 |g|=1.16e-03 bin=0.041 S_flip=0.114 t=51s
[P775_h120_pad0.080_s1001] it  43 J=0.18278 A_min=0.1565 A_mean=0.1866 |g|=1.15e-03 bin=0.038 S_flip=0.116 t=52s
[P775_h120_pad0.080_s1001] it  44 J=0.18300 A_min=0.1565 A_mean=0.1869 |g|=1.14e-03 bin=0.035 S_flip=0.119 t=53s
[P775_h120_pad0.080_s1001] it  45 J=0.18321 A_min=0.1566 A_mean=0.1871 |g|=1.12e-03 bin=0.032 S_flip=0.121 t=55s
[P775_h120_pad0.080_s1001] it  46 J=0.18340 A_min=0.1566 A_mean=0.1874 |g|=1.11e-03 bin=0.030 S_flip=0.124 t=56s
[P775_h120_pad0.080_s1001] it  47 J=0.18358 A_min=0.1567 A_mean=0.1876 |g|=1.10e-03 bin=0.027 S_flip=0.126 t=57s
[P775_h120_pad0.080_s1001] it  48 J=0.18374 A_min=0.1567 A_mean=0.1878 |g|=1.10e-03 bin=0.025 S_flip=0.128 t=59s
[P775_h120_pad0.080_s1001] it  49 J=0.18390 A_min=0.1567 A_mean=0.1880 |g|=1.11e-03 bin=0.024 S_flip=0.130 t=60s
[P775_h120_pad0.080_s1001] it  50 J=0.18405 A_min=0.1568 A_mean=0.1882 |g|=1.13e-03 bin=0.022 S_flip=0.132 t=62s
[P775_h120_pad0.080_s1001] it  51 J=0.18419 A_min=0.1568 A_mean=0.1884 |g|=1.15e-03 bin=0.020 S_flip=0.134 t=63s
[P775_h120_pad0.080_s1001] it  52 J=0.18433 A_min=0.1568 A_mean=0.1886 |g|=1.16e-03 bin=0.019 S_flip=0.136 t=64s
[P775_h120_pad0.080_s1001] it  53 J=0.18446 A_min=0.1568 A_mean=0.1888 |g|=1.16e-03 bin=0.018 S_flip=0.138 t=66s
[P775_h120_pad0.080_s1001] it  54 J=0.18459 A_min=0.1568 A_mean=0.1889 |g|=1.16e-03 bin=0.017 S_flip=0.141 t=67s
[P775_h120_pad0.080_s1001] it  55 J=0.18471 A_min=0.1568 A_mean=0.1891 |g|=1.16e-03 bin=0.015 S_flip=0.143 t=69s
[P775_h120_pad0.080_s1001] it  56 J=0.18482 A_min=0.1568 A_mean=0.1893 |g|=1.17e-03 bin=0.014 S_flip=0.145 t=70s
[P775_h120_pad0.080_s1001] it  57 J=0.18494 A_min=0.1568 A_mean=0.1895 |g|=1.19e-03 bin=0.013 S_flip=0.147 t=71s
[P775_h120_pad0.080_s1001] it  58 J=0.18505 A_min=0.1568 A_mean=0.1896 |g|=1.20e-03 bin=0.012 S_flip=0.149 t=72s
[P775_h120_pad0.080_s1001] it  59 J=0.18515 A_min=0.1568 A_mean=0.1898 |g|=1.19e-03 bin=0.011 S_flip=0.150 t=74s
[P775_h120_pad0.080_s1001] it  60 J=0.18525 A_min=0.1568 A_mean=0.1899 |g|=1.16e-03 bin=0.010 S_flip=0.152 t=75s
[P775_h120_pad0.080_s1001] it  61 J=0.18534 A_min=0.1568 A_mean=0.1901 |g|=1.11e-03 bin=0.010 S_flip=0.153 t=76s
[P775_h120_pad0.080_s1001] it  62 J=0.18542 A_min=0.1568 A_mean=0.1902 |g|=1.07e-03 bin=0.009 S_flip=0.154 t=78s
[P775_h120_pad0.080_s1001] it  63 J=0.18550 A_min=0.1567 A_mean=0.1903 |g|=1.03e-03 bin=0.008 S_flip=0.155 t=79s
[P775_h120_pad0.080_s1001] it  64 J=0.18557 A_min=0.1567 A_mean=0.1904 |g|=1.01e-03 bin=0.007 S_flip=0.155 t=80s
[P775_h120_pad0.080_s1001] it  65 J=0.18563 A_min=0.1567 A_mean=0.1905 |g|=9.88e-04 bin=0.007 S_flip=0.155 t=82s
[P775_h120_pad0.080_s1001] it  66 J=0.18569 A_min=0.1567 A_mean=0.1906 |g|=9.77e-04 bin=0.006 S_flip=0.156 t=83s
[P775_h120_pad0.080_s1001] it  67 J=0.18574 A_min=0.1567 A_mean=0.1907 |g|=9.69e-04 bin=0.006 S_flip=0.156 t=85s
[P775_h120_pad0.080_s1001] it  68 J=0.18579 A_min=0.1567 A_mean=0.1908 |g|=9.63e-04 bin=0.005 S_flip=0.156 t=86s
[P775_h120_pad0.080_s1001] it  69 J=0.18583 A_min=0.1567 A_mean=0.1909 |g|=9.57e-04 bin=0.005 S_flip=0.156 t=87s
[P775_h120_pad0.080_s1001] it  70 J=0.18588 A_min=0.1567 A_mean=0.1909 |g|=9.51e-04 bin=0.005 S_flip=0.156 t=89s
[P775_h120_pad0.080_s1001] it  71 J=0.18591 A_min=0.1567 A_mean=0.1910 |g|=9.41e-04 bin=0.004 S_flip=0.156 t=90s
[P775_h120_pad0.080_s1001] it  72 J=0.18595 A_min=0.1566 A_mean=0.1911 |g|=9.21e-04 bin=0.004 S_flip=0.156 t=92s
[P775_h120_pad0.080_s1001] it  73 J=0.18598 A_min=0.1566 A_mean=0.1911 |g|=8.91e-04 bin=0.004 S_flip=0.156 t=93s
[P775_h120_pad0.080_s1001] it  74 J=0.18601 A_min=0.1566 A_mean=0.1912 |g|=8.62e-04 bin=0.003 S_flip=0.157 t=94s
[P775_h120_pad0.080_s1001] it  75 J=0.18604 A_min=0.1566 A_mean=0.1912 |g|=8.48e-04 bin=0.003 S_flip=0.157 t=96s
[P775_h120_pad0.080_s1001] it  76 J=0.18606 A_min=0.1566 A_mean=0.1913 |g|=8.56e-04 bin=0.003 S_flip=0.157 t=97s
[P775_h120_pad0.080_s1001] it  77 J=0.18608 A_min=0.1566 A_mean=0.1913 |g|=8.82e-04 bin=0.003 S_flip=0.157 t=99s
[P775_h120_pad0.080_s1001] it  78 J=0.18610 A_min=0.1566 A_mean=0.1913 |g|=9.16e-04 bin=0.002 S_flip=0.157 t=100s
[P775_h120_pad0.080_s1001] it  79 J=0.18612 A_min=0.1566 A_mean=0.1914 |g|=9.43e-04 bin=0.002 S_flip=0.157 t=101s
[P775_h120_pad0.080_s1001] it  80 J=0.18613 A_min=0.1566 A_mean=0.1914 |g|=9.56e-04 bin=0.002 S_flip=0.157 t=103s
[P775_h120_pad0.080_s1001] it  81 J=0.18615 A_min=0.1566 A_mean=0.1914 |g|=9.54e-04 bin=0.002 S_flip=0.157 t=104s
[P775_h120_pad0.080_s1001] it  82 J=0.18616 A_min=0.1566 A_mean=0.1914 |g|=9.41e-04 bin=0.002 S_flip=0.157 t=105s
[P775_h120_pad0.080_s1001] it  83 J=0.18617 A_min=0.1566 A_mean=0.1915 |g|=9.27e-04 bin=0.002 S_flip=0.157 t=107s
[P775_h120_pad0.080_s1001] it  84 J=0.18619 A_min=0.1566 A_mean=0.1915 |g|=9.27e-04 bin=0.002 S_flip=0.157 t=108s
[P775_h120_pad0.080_s1001] it  85 J=0.18620 A_min=0.1566 A_mean=0.1915 |g|=9.55e-04 bin=0.002 S_flip=0.157 t=110s
[P775_h120_pad0.080_s1001] it  86 J=0.18620 A_min=0.1566 A_mean=0.1915 |g|=1.02e-03 bin=0.001 S_flip=0.157 t=111s
[P775_h120_pad0.080_s1001] it  87 J=0.18621 A_min=0.1566 A_mean=0.1915 |g|=1.10e-03 bin=0.001 S_flip=0.158 t=112s
[P775_h120_pad0.080_s1001] it  88 J=0.18622 A_min=0.1566 A_mean=0.1915 |g|=1.20e-03 bin=0.001 S_flip=0.158 t=114s
[P775_h120_pad0.080_s1001] it  89 J=0.18623 A_min=0.1566 A_mean=0.1916 |g|=1.29e-03 bin=0.001 S_flip=0.158 t=115s
[P775_h120_pad0.080_s1001] it  90 J=0.18623 A_min=0.1566 A_mean=0.1916 |g|=1.36e-03 bin=0.001 S_flip=0.158 t=117s
[P775_h120_pad0.080_s1001] it  91 J=0.18624 A_min=0.1566 A_mean=0.1916 |g|=1.39e-03 bin=0.001 S_flip=0.158 t=118s
[P775_h120_pad0.080_s1001] it  92 J=0.18624 A_min=0.1566 A_mean=0.1916 |g|=1.40e-03 bin=0.001 S_flip=0.158 t=119s
[P775_h120_pad0.080_s1001] it  93 J=0.18625 A_min=0.1566 A_mean=0.1916 |g|=1.38e-03 bin=0.001 S_flip=0.158 t=121s
[P775_h120_pad0.080_s1001] it  94 J=0.18625 A_min=0.1566 A_mean=0.1916 |g|=1.35e-03 bin=0.001 S_flip=0.158 t=122s
[P775_h120_pad0.080_s1001] it  95 J=0.18626 A_min=0.1565 A_mean=0.1916 |g|=1.32e-03 bin=0.001 S_flip=0.159 t=124s
[P775_h120_pad0.080_s1001] it  96 J=0.18626 A_min=0.1565 A_mean=0.1916 |g|=1.29e-03 bin=0.001 S_flip=0.159 t=125s
[P775_h120_pad0.080_s1001] it  97 J=0.18626 A_min=0.1565 A_mean=0.1916 |g|=1.27e-03 bin=0.001 S_flip=0.159 t=127s
[P775_h120_pad0.080_s1001] it  98 J=0.18626 A_min=0.1565 A_mean=0.1916 |g|=1.26e-03 bin=0.001 S_flip=0.159 t=128s
[P775_h120_pad0.080_s1001] it  99 J=0.18626 A_min=0.1565 A_mean=0.1916 |g|=1.26e-03 bin=0.001 S_flip=0.159 t=130s
[P775_h120_pad0.080_s1001] done: J_soft=0.18626 J_hard=0.18627 A_hard=[0.1565, 0.2023, 0.216] S_flip=0.162 wall=132s
[P775_h120_pad0.080_s7777] it   0 J=0.09108 A_min=0.0816 A_mean=0.0924 |g|=1.81e-03 bin=0.663 S_flip=0.054 t=1s
[P775_h120_pad0.080_s7777] it   1 J=0.09186 A_min=0.0822 A_mean=0.0931 |g|=1.89e-03 bin=0.661 S_flip=0.055 t=3s
[P775_h120_pad0.080_s7777] it   2 J=0.09272 A_min=0.0830 A_mean=0.0940 |g|=1.99e-03 bin=0.659 S_flip=0.056 t=4s
[P775_h120_pad0.080_s7777] it   3 J=0.09369 A_min=0.0838 A_mean=0.0950 |g|=2.10e-03 bin=0.655 S_flip=0.057 t=5s
[P775_h120_pad0.080_s7777] it   4 J=0.09479 A_min=0.0848 A_mean=0.0961 |g|=2.22e-03 bin=0.652 S_flip=0.058 t=7s
[P775_h120_pad0.080_s7777] it   5 J=0.09603 A_min=0.0859 A_mean=0.0974 |g|=2.36e-03 bin=0.648 S_flip=0.059 t=8s
[P775_h120_pad0.080_s7777] it   6 J=0.09746 A_min=0.0871 A_mean=0.0988 |g|=2.51e-03 bin=0.643 S_flip=0.061 t=9s
[P775_h120_pad0.080_s7777] it   7 J=0.09910 A_min=0.0885 A_mean=0.1005 |g|=2.69e-03 bin=0.637 S_flip=0.062 t=11s
[P775_h120_pad0.080_s7777] it   8 J=0.10098 A_min=0.0902 A_mean=0.1024 |g|=2.87e-03 bin=0.630 S_flip=0.064 t=12s
[P775_h120_pad0.080_s7777] it   9 J=0.10315 A_min=0.0920 A_mean=0.1046 |g|=3.08e-03 bin=0.622 S_flip=0.065 t=13s
[P775_h120_pad0.080_s7777] it  10 J=0.10563 A_min=0.0942 A_mean=0.1071 |g|=3.29e-03 bin=0.612 S_flip=0.067 t=14s
[P775_h120_pad0.080_s7777] it  11 J=0.10849 A_min=0.0966 A_mean=0.1100 |g|=3.51e-03 bin=0.601 S_flip=0.068 t=16s
[P775_h120_pad0.080_s7777] it  12 J=0.11173 A_min=0.0994 A_mean=0.1133 |g|=3.73e-03 bin=0.587 S_flip=0.069 t=17s
[P775_h120_pad0.080_s7777] it  13 J=0.11540 A_min=0.1025 A_mean=0.1170 |g|=3.93e-03 bin=0.571 S_flip=0.070 t=18s
[P775_h120_pad0.080_s7777] it  14 J=0.11948 A_min=0.1060 A_mean=0.1212 |g|=4.10e-03 bin=0.552 S_flip=0.071 t=20s
[P775_h120_pad0.080_s7777] it  15 J=0.12397 A_min=0.1098 A_mean=0.1257 |g|=4.22e-03 bin=0.530 S_flip=0.071 t=21s
[P775_h120_pad0.080_s7777] it  16 J=0.12879 A_min=0.1138 A_mean=0.1306 |g|=4.27e-03 bin=0.505 S_flip=0.071 t=22s
[P775_h120_pad0.080_s7777] it  17 J=0.13386 A_min=0.1180 A_mean=0.1358 |g|=4.24e-03 bin=0.476 S_flip=0.071 t=24s
[P775_h120_pad0.080_s7777] it  18 J=0.13906 A_min=0.1222 A_mean=0.1411 |g|=4.12e-03 bin=0.445 S_flip=0.070 t=25s
[P775_h120_pad0.080_s7777] it  19 J=0.14422 A_min=0.1264 A_mean=0.1464 |g|=3.92e-03 bin=0.412 S_flip=0.070 t=27s
[P775_h120_pad0.080_s7777] it  20 J=0.14922 A_min=0.1304 A_mean=0.1515 |g|=3.65e-03 bin=0.378 S_flip=0.070 t=28s
[P775_h120_pad0.080_s7777] it  21 J=0.15390 A_min=0.1341 A_mean=0.1563 |g|=3.35e-03 bin=0.343 S_flip=0.070 t=29s
[P775_h120_pad0.080_s7777] it  22 J=0.15817 A_min=0.1375 A_mean=0.1607 |g|=3.04e-03 bin=0.309 S_flip=0.070 t=31s
[P775_h120_pad0.080_s7777] it  23 J=0.16198 A_min=0.1404 A_mean=0.1647 |g|=2.74e-03 bin=0.277 S_flip=0.071 t=32s
[P775_h120_pad0.080_s7777] it  24 J=0.16530 A_min=0.1429 A_mean=0.1681 |g|=2.48e-03 bin=0.247 S_flip=0.072 t=33s
[P775_h120_pad0.080_s7777] it  25 J=0.16815 A_min=0.1451 A_mean=0.1711 |g|=2.25e-03 bin=0.220 S_flip=0.073 t=35s
[P775_h120_pad0.080_s7777] it  26 J=0.17057 A_min=0.1469 A_mean=0.1737 |g|=2.06e-03 bin=0.196 S_flip=0.075 t=36s
[P775_h120_pad0.080_s7777] it  27 J=0.17260 A_min=0.1484 A_mean=0.1758 |g|=1.91e-03 bin=0.174 S_flip=0.077 t=37s
[P775_h120_pad0.080_s7777] it  28 J=0.17430 A_min=0.1496 A_mean=0.1776 |g|=1.79e-03 bin=0.155 S_flip=0.079 t=39s
[P775_h120_pad0.080_s7777] it  29 J=0.17573 A_min=0.1506 A_mean=0.1792 |g|=1.69e-03 bin=0.138 S_flip=0.082 t=40s
[P775_h120_pad0.080_s7777] it  30 J=0.17693 A_min=0.1515 A_mean=0.1805 |g|=1.61e-03 bin=0.123 S_flip=0.084 t=41s
[P775_h120_pad0.080_s7777] it  31 J=0.17794 A_min=0.1522 A_mean=0.1816 |g|=1.54e-03 bin=0.111 S_flip=0.087 t=43s
[P775_h120_pad0.080_s7777] it  32 J=0.17880 A_min=0.1528 A_mean=0.1825 |g|=1.49e-03 bin=0.100 S_flip=0.089 t=44s
[P775_h120_pad0.080_s7777] it  33 J=0.17954 A_min=0.1533 A_mean=0.1833 |g|=1.44e-03 bin=0.090 S_flip=0.092 t=45s
[P775_h120_pad0.080_s7777] it  34 J=0.18018 A_min=0.1537 A_mean=0.1840 |g|=1.40e-03 bin=0.081 S_flip=0.095 t=47s
[P775_h120_pad0.080_s7777] it  35 J=0.18074 A_min=0.1540 A_mean=0.1847 |g|=1.36e-03 bin=0.074 S_flip=0.097 t=48s
[P775_h120_pad0.080_s7777] it  36 J=0.18123 A_min=0.1543 A_mean=0.1852 |g|=1.33e-03 bin=0.067 S_flip=0.100 t=49s
[P775_h120_pad0.080_s7777] it  37 J=0.18167 A_min=0.1546 A_mean=0.1858 |g|=1.31e-03 bin=0.061 S_flip=0.103 t=51s
[P775_h120_pad0.080_s7777] it  38 J=0.18207 A_min=0.1548 A_mean=0.1862 |g|=1.28e-03 bin=0.056 S_flip=0.106 t=52s
[P775_h120_pad0.080_s7777] it  39 J=0.18243 A_min=0.1550 A_mean=0.1866 |g|=1.26e-03 bin=0.051 S_flip=0.109 t=53s
[P775_h120_pad0.080_s7777] it  40 J=0.18275 A_min=0.1551 A_mean=0.1870 |g|=1.25e-03 bin=0.047 S_flip=0.111 t=55s
[P775_h120_pad0.080_s7777] it  41 J=0.18305 A_min=0.1553 A_mean=0.1874 |g|=1.23e-03 bin=0.043 S_flip=0.114 t=56s
[P775_h120_pad0.080_s7777] it  42 J=0.18333 A_min=0.1554 A_mean=0.1878 |g|=1.21e-03 bin=0.040 S_flip=0.117 t=57s
[P775_h120_pad0.080_s7777] it  43 J=0.18358 A_min=0.1555 A_mean=0.1881 |g|=1.20e-03 bin=0.037 S_flip=0.120 t=59s
[P775_h120_pad0.080_s7777] it  44 J=0.18382 A_min=0.1556 A_mean=0.1884 |g|=1.18e-03 bin=0.034 S_flip=0.123 t=60s
[P775_h120_pad0.080_s7777] it  45 J=0.18403 A_min=0.1556 A_mean=0.1887 |g|=1.17e-03 bin=0.031 S_flip=0.126 t=61s
[P775_h120_pad0.080_s7777] it  46 J=0.18424 A_min=0.1557 A_mean=0.1890 |g|=1.16e-03 bin=0.029 S_flip=0.129 t=63s
[P775_h120_pad0.080_s7777] it  47 J=0.18443 A_min=0.1557 A_mean=0.1892 |g|=1.16e-03 bin=0.027 S_flip=0.131 t=64s
[P775_h120_pad0.080_s7777] it  48 J=0.18460 A_min=0.1558 A_mean=0.1895 |g|=1.16e-03 bin=0.025 S_flip=0.134 t=65s
[P775_h120_pad0.080_s7777] it  49 J=0.18477 A_min=0.1558 A_mean=0.1897 |g|=1.16e-03 bin=0.023 S_flip=0.137 t=66s
[P775_h120_pad0.080_s7777] it  50 J=0.18493 A_min=0.1558 A_mean=0.1899 |g|=1.17e-03 bin=0.021 S_flip=0.139 t=68s
[P775_h120_pad0.080_s7777] it  51 J=0.18508 A_min=0.1559 A_mean=0.1902 |g|=1.18e-03 bin=0.020 S_flip=0.141 t=69s
[P775_h120_pad0.080_s7777] it  52 J=0.18523 A_min=0.1559 A_mean=0.1904 |g|=1.20e-03 bin=0.018 S_flip=0.143 t=70s
[P775_h120_pad0.080_s7777] it  53 J=0.18536 A_min=0.1559 A_mean=0.1906 |g|=1.20e-03 bin=0.017 S_flip=0.145 t=72s
[P775_h120_pad0.080_s7777] it  54 J=0.18550 A_min=0.1559 A_mean=0.1908 |g|=1.19e-03 bin=0.016 S_flip=0.147 t=73s
[P775_h120_pad0.080_s7777] it  55 J=0.18562 A_min=0.1559 A_mean=0.1910 |g|=1.17e-03 bin=0.015 S_flip=0.149 t=74s
[P775_h120_pad0.080_s7777] it  56 J=0.18574 A_min=0.1559 A_mean=0.1912 |g|=1.15e-03 bin=0.014 S_flip=0.151 t=76s
[P775_h120_pad0.080_s7777] it  57 J=0.18585 A_min=0.1559 A_mean=0.1914 |g|=1.13e-03 bin=0.013 S_flip=0.153 t=77s
[P775_h120_pad0.080_s7777] it  58 J=0.18595 A_min=0.1559 A_mean=0.1915 |g|=1.13e-03 bin=0.012 S_flip=0.155 t=79s
[P775_h120_pad0.080_s7777] it  59 J=0.18605 A_min=0.1559 A_mean=0.1917 |g|=1.12e-03 bin=0.011 S_flip=0.157 t=80s
[P775_h120_pad0.080_s7777] it  60 J=0.18614 A_min=0.1559 A_mean=0.1918 |g|=1.12e-03 bin=0.010 S_flip=0.159 t=81s
[P775_h120_pad0.080_s7777] it  61 J=0.18623 A_min=0.1559 A_mean=0.1920 |g|=1.13e-03 bin=0.010 S_flip=0.161 t=82s
[P775_h120_pad0.080_s7777] it  62 J=0.18631 A_min=0.1559 A_mean=0.1921 |g|=1.14e-03 bin=0.009 S_flip=0.163 t=84s
[P775_h120_pad0.080_s7777] it  63 J=0.18638 A_min=0.1559 A_mean=0.1923 |g|=1.16e-03 bin=0.008 S_flip=0.165 t=85s
[P775_h120_pad0.080_s7777] it  64 J=0.18646 A_min=0.1559 A_mean=0.1924 |g|=1.20e-03 bin=0.008 S_flip=0.166 t=87s
[P775_h120_pad0.080_s7777] it  65 J=0.18653 A_min=0.1558 A_mean=0.1925 |g|=1.28e-03 bin=0.007 S_flip=0.168 t=88s
[P775_h120_pad0.080_s7777] it  66 J=0.18660 A_min=0.1558 A_mean=0.1927 |g|=1.37e-03 bin=0.007 S_flip=0.169 t=90s
[P775_h120_pad0.080_s7777] it  67 J=0.18668 A_min=0.1558 A_mean=0.1928 |g|=1.43e-03 bin=0.006 S_flip=0.170 t=91s
[P775_h120_pad0.080_s7777] it  68 J=0.18675 A_min=0.1558 A_mean=0.1929 |g|=1.42e-03 bin=0.006 S_flip=0.171 t=92s
[P775_h120_pad0.080_s7777] it  69 J=0.18682 A_min=0.1558 A_mean=0.1931 |g|=1.36e-03 bin=0.005 S_flip=0.171 t=94s
[P775_h120_pad0.080_s7777] it  70 J=0.18689 A_min=0.1558 A_mean=0.1932 |g|=1.27e-03 bin=0.005 S_flip=0.172 t=95s
[P775_h120_pad0.080_s7777] it  71 J=0.18694 A_min=0.1558 A_mean=0.1933 |g|=1.19e-03 bin=0.004 S_flip=0.172 t=96s
[P775_h120_pad0.080_s7777] it  72 J=0.18699 A_min=0.1558 A_mean=0.1934 |g|=1.15e-03 bin=0.004 S_flip=0.172 t=98s
[P775_h120_pad0.080_s7777] it  73 J=0.18704 A_min=0.1558 A_mean=0.1935 |g|=1.12e-03 bin=0.004 S_flip=0.172 t=99s
[P775_h120_pad0.080_s7777] it  74 J=0.18708 A_min=0.1557 A_mean=0.1936 |g|=1.10e-03 bin=0.003 S_flip=0.172 t=101s
[P775_h120_pad0.080_s7777] it  75 J=0.18712 A_min=0.1557 A_mean=0.1936 |g|=1.09e-03 bin=0.003 S_flip=0.172 t=102s
[P775_h120_pad0.080_s7777] it  76 J=0.18715 A_min=0.1557 A_mean=0.1937 |g|=1.06e-03 bin=0.003 S_flip=0.172 t=103s
[P775_h120_pad0.080_s7777] it  77 J=0.18718 A_min=0.1557 A_mean=0.1938 |g|=1.02e-03 bin=0.003 S_flip=0.173 t=104s
[P775_h120_pad0.080_s7777] it  78 J=0.18721 A_min=0.1557 A_mean=0.1938 |g|=9.73e-04 bin=0.002 S_flip=0.173 t=106s
[P775_h120_pad0.080_s7777] it  79 J=0.18723 A_min=0.1557 A_mean=0.1939 |g|=9.19e-04 bin=0.002 S_flip=0.173 t=107s
[P775_h120_pad0.080_s7777] it  80 J=0.18725 A_min=0.1557 A_mean=0.1939 |g|=8.63e-04 bin=0.002 S_flip=0.173 t=108s
[P775_h120_pad0.080_s7777] it  81 J=0.18727 A_min=0.1557 A_mean=0.1939 |g|=8.04e-04 bin=0.002 S_flip=0.174 t=110s
[P775_h120_pad0.080_s7777] it  82 J=0.18728 A_min=0.1557 A_mean=0.1940 |g|=7.47e-04 bin=0.002 S_flip=0.174 t=111s
[P775_h120_pad0.080_s7777] it  83 J=0.18729 A_min=0.1557 A_mean=0.1940 |g|=7.05e-04 bin=0.001 S_flip=0.174 t=112s
[P775_h120_pad0.080_s7777] it  84 J=0.18730 A_min=0.1557 A_mean=0.1940 |g|=6.88e-04 bin=0.001 S_flip=0.174 t=114s
[P775_h120_pad0.080_s7777] it  85 J=0.18731 A_min=0.1557 A_mean=0.1940 |g|=6.95e-04 bin=0.001 S_flip=0.175 t=115s
[P775_h120_pad0.080_s7777] it  86 J=0.18731 A_min=0.1557 A_mean=0.1940 |g|=7.22e-04 bin=0.001 S_flip=0.175 t=116s
[P775_h120_pad0.080_s7777] it  87 J=0.18732 A_min=0.1557 A_mean=0.1941 |g|=7.63e-04 bin=0.001 S_flip=0.175 t=118s
[P775_h120_pad0.080_s7777] it  88 J=0.18732 A_min=0.1557 A_mean=0.1941 |g|=8.12e-04 bin=0.001 S_flip=0.175 t=119s
[P775_h120_pad0.080_s7777] it  89 J=0.18733 A_min=0.1557 A_mean=0.1941 |g|=8.65e-04 bin=0.001 S_flip=0.175 t=120s
[P775_h120_pad0.080_s7777] it  90 J=0.18733 A_min=0.1557 A_mean=0.1941 |g|=9.18e-04 bin=0.001 S_flip=0.175 t=122s
[P775_h120_pad0.080_s7777] it  91 J=0.18733 A_min=0.1557 A_mean=0.1941 |g|=9.72e-04 bin=0.001 S_flip=0.175 t=123s
[P775_h120_pad0.080_s7777] it  92 J=0.18733 A_min=0.1557 A_mean=0.1941 |g|=1.02e-03 bin=0.001 S_flip=0.176 t=124s
[P775_h120_pad0.080_s7777] it  93 J=0.18734 A_min=0.1557 A_mean=0.1941 |g|=1.08e-03 bin=0.001 S_flip=0.176 t=126s
[P775_h120_pad0.080_s7777] it  94 J=0.18734 A_min=0.1557 A_mean=0.1941 |g|=1.13e-03 bin=0.001 S_flip=0.176 t=127s
[P775_h120_pad0.080_s7777] it  95 J=0.18734 A_min=0.1557 A_mean=0.1941 |g|=1.18e-03 bin=0.001 S_flip=0.176 t=129s
[P775_h120_pad0.080_s7777] it  96 J=0.18734 A_min=0.1557 A_mean=0.1941 |g|=1.23e-03 bin=0.001 S_flip=0.176 t=130s
[P775_h120_pad0.080_s7777] it  97 J=0.18734 A_min=0.1557 A_mean=0.1941 |g|=1.28e-03 bin=0.001 S_flip=0.176 t=132s
[P775_h120_pad0.080_s7777] it  98 J=0.18734 A_min=0.1557 A_mean=0.1941 |g|=1.34e-03 bin=0.001 S_flip=0.176 t=133s
[P775_h120_pad0.080_s7777] it  99 J=0.18734 A_min=0.1557 A_mean=0.1941 |g|=1.40e-03 bin=0.001 S_flip=0.176 t=135s
[P775_h120_pad0.080_s7777] done: J_soft=0.18734 J_hard=0.18736 A_hard=[0.1556, 0.2013, 0.2255] S_flip=0.176 wall=137s
[P775_h120_pad0.120_s333] it   0 J=0.09410 A_min=0.0842 A_mean=0.0955 |g|=2.15e-03 bin=0.541 S_flip=0.060 t=1s
[P775_h120_pad0.120_s333] it   1 J=0.09500 A_min=0.0850 A_mean=0.0964 |g|=2.24e-03 bin=0.539 S_flip=0.061 t=3s
[P775_h120_pad0.120_s333] it   2 J=0.09600 A_min=0.0859 A_mean=0.0974 |g|=2.34e-03 bin=0.537 S_flip=0.063 t=4s
[P775_h120_pad0.120_s333] it   3 J=0.09712 A_min=0.0869 A_mean=0.0985 |g|=2.46e-03 bin=0.535 S_flip=0.064 t=5s
[P775_h120_pad0.120_s333] it   4 J=0.09838 A_min=0.0880 A_mean=0.0998 |g|=2.60e-03 bin=0.532 S_flip=0.065 t=7s
[P775_h120_pad0.120_s333] it   5 J=0.09981 A_min=0.0893 A_mean=0.1012 |g|=2.74e-03 bin=0.528 S_flip=0.067 t=8s
[P775_h120_pad0.120_s333] it   6 J=0.10144 A_min=0.0908 A_mean=0.1029 |g|=2.90e-03 bin=0.524 S_flip=0.068 t=9s
[P775_h120_pad0.120_s333] it   7 J=0.10331 A_min=0.0925 A_mean=0.1048 |g|=3.08e-03 bin=0.519 S_flip=0.070 t=11s
[P775_h120_pad0.120_s333] it   8 J=0.10545 A_min=0.0944 A_mean=0.1070 |g|=3.27e-03 bin=0.512 S_flip=0.071 t=12s
[P775_h120_pad0.120_s333] it   9 J=0.10791 A_min=0.0966 A_mean=0.1095 |g|=3.46e-03 bin=0.505 S_flip=0.073 t=13s
[P775_h120_pad0.120_s333] it  10 J=0.11071 A_min=0.0991 A_mean=0.1123 |g|=3.66e-03 bin=0.495 S_flip=0.075 t=15s
[P775_h120_pad0.120_s333] it  11 J=0.11390 A_min=0.1019 A_mean=0.1155 |g|=3.85e-03 bin=0.484 S_flip=0.077 t=16s
[P775_h120_pad0.120_s333] it  12 J=0.11748 A_min=0.1051 A_mean=0.1192 |g|=4.01e-03 bin=0.471 S_flip=0.078 t=17s
[P775_h120_pad0.120_s333] it  13 J=0.12145 A_min=0.1086 A_mean=0.1232 |g|=4.14e-03 bin=0.455 S_flip=0.080 t=19s
[P775_h120_pad0.120_s333] it  14 J=0.12578 A_min=0.1125 A_mean=0.1276 |g|=4.22e-03 bin=0.436 S_flip=0.081 t=20s
[P775_h120_pad0.120_s333] it  15 J=0.13042 A_min=0.1166 A_mean=0.1323 |g|=4.23e-03 bin=0.415 S_flip=0.083 t=22s
[P775_h120_pad0.120_s333] it  16 J=0.13525 A_min=0.1209 A_mean=0.1372 |g|=4.15e-03 bin=0.390 S_flip=0.084 t=23s
[P775_h120_pad0.120_s333] it  17 J=0.14015 A_min=0.1252 A_mean=0.1422 |g|=3.99e-03 bin=0.364 S_flip=0.085 t=24s
[P775_h120_pad0.120_s333] it  18 J=0.14499 A_min=0.1295 A_mean=0.1471 |g|=3.75e-03 bin=0.335 S_flip=0.087 t=25s
[P775_h120_pad0.120_s333] it  19 J=0.14960 A_min=0.1335 A_mean=0.1517 |g|=3.45e-03 bin=0.306 S_flip=0.088 t=27s
[P775_h120_pad0.120_s333] it  20 J=0.15387 A_min=0.1373 A_mean=0.1561 |g|=3.12e-03 bin=0.277 S_flip=0.089 t=28s
[P775_h120_pad0.120_s333] it  21 J=0.15770 A_min=0.1407 A_mean=0.1600 |g|=2.77e-03 bin=0.248 S_flip=0.091 t=29s
[P775_h120_pad0.120_s333] it  22 J=0.16106 A_min=0.1436 A_mean=0.1634 |g|=2.44e-03 bin=0.222 S_flip=0.093 t=31s
[P775_h120_pad0.120_s333] it  23 J=0.16392 A_min=0.1462 A_mean=0.1663 |g|=2.14e-03 bin=0.197 S_flip=0.095 t=32s
[P775_h120_pad0.120_s333] it  24 J=0.16633 A_min=0.1483 A_mean=0.1687 |g|=1.87e-03 bin=0.175 S_flip=0.097 t=34s
[P775_h120_pad0.120_s333] it  25 J=0.16831 A_min=0.1501 A_mean=0.1707 |g|=1.64e-03 bin=0.155 S_flip=0.099 t=35s
[P775_h120_pad0.120_s333] it  26 J=0.16993 A_min=0.1515 A_mean=0.1724 |g|=1.45e-03 bin=0.138 S_flip=0.102 t=36s
[P775_h120_pad0.120_s333] it  27 J=0.17125 A_min=0.1527 A_mean=0.1737 |g|=1.29e-03 bin=0.123 S_flip=0.105 t=38s
[P775_h120_pad0.120_s333] it  28 J=0.17232 A_min=0.1536 A_mean=0.1748 |g|=1.15e-03 bin=0.110 S_flip=0.108 t=39s
[P775_h120_pad0.120_s333] it  29 J=0.17318 A_min=0.1544 A_mean=0.1757 |g|=1.04e-03 bin=0.099 S_flip=0.111 t=40s
[P775_h120_pad0.120_s333] it  30 J=0.17389 A_min=0.1550 A_mean=0.1764 |g|=9.48e-04 bin=0.089 S_flip=0.115 t=42s
[P775_h120_pad0.120_s333] it  31 J=0.17446 A_min=0.1555 A_mean=0.1770 |g|=8.69e-04 bin=0.080 S_flip=0.118 t=43s
[P775_h120_pad0.120_s333] it  32 J=0.17494 A_min=0.1559 A_mean=0.1775 |g|=8.02e-04 bin=0.073 S_flip=0.122 t=44s
[P775_h120_pad0.120_s333] it  33 J=0.17533 A_min=0.1563 A_mean=0.1779 |g|=7.46e-04 bin=0.066 S_flip=0.125 t=46s
[P775_h120_pad0.120_s333] it  34 J=0.17567 A_min=0.1566 A_mean=0.1782 |g|=6.99e-04 bin=0.061 S_flip=0.129 t=47s
[P775_h120_pad0.120_s333] it  35 J=0.17595 A_min=0.1568 A_mean=0.1785 |g|=6.59e-04 bin=0.055 S_flip=0.132 t=48s
[P775_h120_pad0.120_s333] it  36 J=0.17619 A_min=0.1570 A_mean=0.1787 |g|=6.26e-04 bin=0.051 S_flip=0.136 t=50s
[P775_h120_pad0.120_s333] it  37 J=0.17640 A_min=0.1572 A_mean=0.1790 |g|=5.98e-04 bin=0.047 S_flip=0.140 t=51s
[P775_h120_pad0.120_s333] it  38 J=0.17657 A_min=0.1573 A_mean=0.1791 |g|=5.74e-04 bin=0.043 S_flip=0.144 t=52s
[P775_h120_pad0.120_s333] it  39 J=0.17673 A_min=0.1574 A_mean=0.1793 |g|=5.54e-04 bin=0.040 S_flip=0.147 t=54s
[P775_h120_pad0.120_s333] it  40 J=0.17687 A_min=0.1575 A_mean=0.1794 |g|=5.36e-04 bin=0.037 S_flip=0.151 t=55s
[P775_h120_pad0.120_s333] it  41 J=0.17699 A_min=0.1576 A_mean=0.1796 |g|=5.20e-04 bin=0.034 S_flip=0.154 t=56s
[P775_h120_pad0.120_s333] it  42 J=0.17709 A_min=0.1577 A_mean=0.1797 |g|=5.05e-04 bin=0.031 S_flip=0.158 t=58s
[P775_h120_pad0.120_s333] it  43 J=0.17718 A_min=0.1578 A_mean=0.1798 |g|=4.91e-04 bin=0.029 S_flip=0.161 t=59s
[P775_h120_pad0.120_s333] it  44 J=0.17727 A_min=0.1578 A_mean=0.1798 |g|=4.77e-04 bin=0.027 S_flip=0.164 t=60s
[P775_h120_pad0.120_s333] it  45 J=0.17734 A_min=0.1579 A_mean=0.1799 |g|=4.64e-04 bin=0.025 S_flip=0.168 t=62s
[P775_h120_pad0.120_s333] it  46 J=0.17740 A_min=0.1579 A_mean=0.1800 |g|=4.51e-04 bin=0.023 S_flip=0.171 t=63s
[P775_h120_pad0.120_s333] it  47 J=0.17746 A_min=0.1580 A_mean=0.1800 |g|=4.40e-04 bin=0.021 S_flip=0.174 t=64s
[P775_h120_pad0.120_s333] it  48 J=0.17751 A_min=0.1580 A_mean=0.1801 |g|=4.31e-04 bin=0.019 S_flip=0.177 t=65s
[P775_h120_pad0.120_s333] it  49 J=0.17755 A_min=0.1580 A_mean=0.1801 |g|=4.24e-04 bin=0.018 S_flip=0.180 t=67s
[P775_h120_pad0.120_s333] it  50 J=0.17759 A_min=0.1580 A_mean=0.1802 |g|=4.21e-04 bin=0.017 S_flip=0.182 t=68s
[P775_h120_pad0.120_s333] it  51 J=0.17763 A_min=0.1581 A_mean=0.1802 |g|=4.22e-04 bin=0.015 S_flip=0.184 t=69s
[P775_h120_pad0.120_s333] it  52 J=0.17766 A_min=0.1581 A_mean=0.1802 |g|=4.28e-04 bin=0.014 S_flip=0.186 t=71s
[P775_h120_pad0.120_s333] it  53 J=0.17768 A_min=0.1581 A_mean=0.1803 |g|=4.39e-04 bin=0.013 S_flip=0.188 t=72s
[P775_h120_pad0.120_s333] it  54 J=0.17771 A_min=0.1581 A_mean=0.1803 |g|=4.55e-04 bin=0.013 S_flip=0.190 t=73s
[P775_h120_pad0.120_s333] it  55 J=0.17773 A_min=0.1581 A_mean=0.1803 |g|=4.78e-04 bin=0.012 S_flip=0.192 t=74s
[P775_h120_pad0.120_s333] it  56 J=0.17776 A_min=0.1581 A_mean=0.1804 |g|=5.05e-04 bin=0.011 S_flip=0.193 t=76s
[P775_h120_pad0.120_s333] it  57 J=0.17778 A_min=0.1581 A_mean=0.1804 |g|=5.37e-04 bin=0.010 S_flip=0.195 t=77s
[P775_h120_pad0.120_s333] it  58 J=0.17780 A_min=0.1581 A_mean=0.1804 |g|=5.72e-04 bin=0.010 S_flip=0.196 t=78s
[P775_h120_pad0.120_s333] it  59 J=0.17782 A_min=0.1581 A_mean=0.1804 |g|=6.06e-04 bin=0.009 S_flip=0.197 t=80s
[P775_h120_pad0.120_s333] it  60 J=0.17785 A_min=0.1581 A_mean=0.1804 |g|=6.36e-04 bin=0.009 S_flip=0.198 t=81s
[P775_h120_pad0.120_s333] it  61 J=0.17787 A_min=0.1581 A_mean=0.1805 |g|=6.55e-04 bin=0.008 S_flip=0.200 t=82s
[P775_h120_pad0.120_s333] it  62 J=0.17790 A_min=0.1581 A_mean=0.1805 |g|=6.58e-04 bin=0.008 S_flip=0.201 t=84s
[P775_h120_pad0.120_s333] it  63 J=0.17792 A_min=0.1581 A_mean=0.1805 |g|=6.42e-04 bin=0.007 S_flip=0.202 t=85s
[P775_h120_pad0.120_s333] it  64 J=0.17795 A_min=0.1581 A_mean=0.1806 |g|=6.08e-04 bin=0.006 S_flip=0.203 t=86s
[P775_h120_pad0.120_s333] it  65 J=0.17797 A_min=0.1581 A_mean=0.1806 |g|=5.63e-04 bin=0.006 S_flip=0.203 t=88s
[P775_h120_pad0.120_s333] it  66 J=0.17798 A_min=0.1581 A_mean=0.1806 |g|=5.17e-04 bin=0.005 S_flip=0.204 t=89s
[P775_h120_pad0.120_s333] it  67 J=0.17800 A_min=0.1581 A_mean=0.1806 |g|=4.76e-04 bin=0.005 S_flip=0.205 t=90s
[P775_h120_pad0.120_s333] it  68 J=0.17801 A_min=0.1581 A_mean=0.1806 |g|=4.44e-04 bin=0.004 S_flip=0.205 t=92s
[P775_h120_pad0.120_s333] it  69 J=0.17803 A_min=0.1581 A_mean=0.1806 |g|=4.19e-04 bin=0.004 S_flip=0.206 t=93s
[P775_h120_pad0.120_s333] it  70 J=0.17804 A_min=0.1581 A_mean=0.1806 |g|=4.00e-04 bin=0.004 S_flip=0.206 t=95s
[P775_h120_pad0.120_s333] it  71 J=0.17804 A_min=0.1581 A_mean=0.1807 |g|=3.85e-04 bin=0.003 S_flip=0.206 t=96s
[P775_h120_pad0.120_s333] it  72 J=0.17805 A_min=0.1581 A_mean=0.1807 |g|=3.74e-04 bin=0.003 S_flip=0.207 t=97s
[P775_h120_pad0.120_s333] it  73 J=0.17806 A_min=0.1581 A_mean=0.1807 |g|=3.64e-04 bin=0.003 S_flip=0.207 t=99s
[P775_h120_pad0.120_s333] it  74 J=0.17806 A_min=0.1581 A_mean=0.1807 |g|=3.57e-04 bin=0.003 S_flip=0.207 t=100s
[P775_h120_pad0.120_s333] it  75 J=0.17807 A_min=0.1581 A_mean=0.1807 |g|=3.50e-04 bin=0.002 S_flip=0.207 t=102s
[P775_h120_pad0.120_s333] it  76 J=0.17807 A_min=0.1581 A_mean=0.1807 |g|=3.45e-04 bin=0.002 S_flip=0.208 t=103s
[P775_h120_pad0.120_s333] it  77 J=0.17808 A_min=0.1581 A_mean=0.1807 |g|=3.40e-04 bin=0.002 S_flip=0.208 t=104s
[P775_h120_pad0.120_s333] it  78 J=0.17808 A_min=0.1581 A_mean=0.1807 |g|=3.35e-04 bin=0.002 S_flip=0.208 t=106s
[P775_h120_pad0.120_s333] it  79 J=0.17808 A_min=0.1581 A_mean=0.1807 |g|=3.32e-04 bin=0.002 S_flip=0.208 t=107s
[P775_h120_pad0.120_s333] it  80 J=0.17809 A_min=0.1581 A_mean=0.1807 |g|=3.28e-04 bin=0.002 S_flip=0.208 t=108s
[P775_h120_pad0.120_s333] it  81 J=0.17809 A_min=0.1581 A_mean=0.1807 |g|=3.24e-04 bin=0.002 S_flip=0.208 t=110s
[P775_h120_pad0.120_s333] it  82 J=0.17809 A_min=0.1581 A_mean=0.1807 |g|=3.21e-04 bin=0.001 S_flip=0.208 t=111s
[P775_h120_pad0.120_s333] it  83 J=0.17809 A_min=0.1581 A_mean=0.1807 |g|=3.19e-04 bin=0.001 S_flip=0.208 t=112s
[P775_h120_pad0.120_s333] it  84 J=0.17809 A_min=0.1581 A_mean=0.1807 |g|=3.17e-04 bin=0.001 S_flip=0.209 t=113s
[P775_h120_pad0.120_s333] it  85 J=0.17810 A_min=0.1581 A_mean=0.1807 |g|=3.17e-04 bin=0.001 S_flip=0.209 t=115s
[P775_h120_pad0.120_s333] it  86 J=0.17810 A_min=0.1581 A_mean=0.1807 |g|=3.19e-04 bin=0.001 S_flip=0.209 t=116s
[P775_h120_pad0.120_s333] it  87 J=0.17810 A_min=0.1581 A_mean=0.1807 |g|=3.22e-04 bin=0.001 S_flip=0.209 t=118s
[P775_h120_pad0.120_s333] it  88 J=0.17810 A_min=0.1581 A_mean=0.1807 |g|=3.25e-04 bin=0.001 S_flip=0.209 t=119s
[P775_h120_pad0.120_s333] it  89 J=0.17810 A_min=0.1581 A_mean=0.1807 |g|=3.30e-04 bin=0.001 S_flip=0.209 t=121s
[P775_h120_pad0.120_s333] it  90 J=0.17810 A_min=0.1581 A_mean=0.1807 |g|=3.35e-04 bin=0.001 S_flip=0.209 t=122s
[P775_h120_pad0.120_s333] it  91 J=0.17810 A_min=0.1581 A_mean=0.1807 |g|=3.40e-04 bin=0.001 S_flip=0.209 t=123s
[P775_h120_pad0.120_s333] it  92 J=0.17810 A_min=0.1581 A_mean=0.1807 |g|=3.46e-04 bin=0.001 S_flip=0.209 t=125s
[P775_h120_pad0.120_s333] it  93 J=0.17810 A_min=0.1581 A_mean=0.1807 |g|=3.51e-04 bin=0.001 S_flip=0.209 t=126s
[P775_h120_pad0.120_s333] it  94 J=0.17810 A_min=0.1581 A_mean=0.1807 |g|=3.56e-04 bin=0.001 S_flip=0.210 t=127s
[P775_h120_pad0.120_s333] it  95 J=0.17810 A_min=0.1581 A_mean=0.1807 |g|=3.61e-04 bin=0.001 S_flip=0.210 t=129s
[P775_h120_pad0.120_s333] it  96 J=0.17810 A_min=0.1581 A_mean=0.1807 |g|=3.66e-04 bin=0.001 S_flip=0.210 t=130s
[P775_h120_pad0.120_s333] it  97 J=0.17810 A_min=0.1581 A_mean=0.1807 |g|=3.71e-04 bin=0.001 S_flip=0.210 t=132s
[P775_h120_pad0.120_s333] it  98 J=0.17810 A_min=0.1581 A_mean=0.1807 |g|=3.76e-04 bin=0.001 S_flip=0.210 t=133s
[P775_h120_pad0.120_s333] it  99 J=0.17810 A_min=0.1581 A_mean=0.1807 |g|=3.82e-04 bin=0.001 S_flip=0.210 t=134s
[P775_h120_pad0.120_s333] done: J_soft=0.17810 J_hard=0.17811 A_hard=[0.1582, 0.2029, 0.1811] S_flip=0.212 wall=136s
[P775_h120_pad0.120_s1001] it   0 J=0.09285 A_min=0.0831 A_mean=0.0942 |g|=2.13e-03 bin=0.540 S_flip=0.059 t=1s
[P775_h120_pad0.120_s1001] it   1 J=0.09369 A_min=0.0838 A_mean=0.0950 |g|=2.22e-03 bin=0.539 S_flip=0.060 t=3s
[P775_h120_pad0.120_s1001] it   2 J=0.09462 A_min=0.0847 A_mean=0.0960 |g|=2.33e-03 bin=0.537 S_flip=0.061 t=4s
[P775_h120_pad0.120_s1001] it   3 J=0.09566 A_min=0.0856 A_mean=0.0970 |g|=2.44e-03 bin=0.535 S_flip=0.062 t=5s
[P775_h120_pad0.120_s1001] it   4 J=0.09683 A_min=0.0867 A_mean=0.0982 |g|=2.58e-03 bin=0.532 S_flip=0.063 t=7s
[P775_h120_pad0.120_s1001] it   5 J=0.09816 A_min=0.0879 A_mean=0.0996 |g|=2.73e-03 bin=0.529 S_flip=0.064 t=8s
[P775_h120_pad0.120_s1001] it   6 J=0.09969 A_min=0.0892 A_mean=0.1011 |g|=2.89e-03 bin=0.525 S_flip=0.065 t=9s
[P775_h120_pad0.120_s1001] it   7 J=0.10145 A_min=0.0908 A_mean=0.1029 |g|=3.07e-03 bin=0.521 S_flip=0.066 t=11s
[P775_h120_pad0.120_s1001] it   8 J=0.10347 A_min=0.0926 A_mean=0.1050 |g|=3.27e-03 bin=0.515 S_flip=0.067 t=12s
[P775_h120_pad0.120_s1001] it   9 J=0.10580 A_min=0.0947 A_mean=0.1073 |g|=3.48e-03 bin=0.508 S_flip=0.068 t=13s
[P775_h120_pad0.120_s1001] it  10 J=0.10848 A_min=0.0971 A_mean=0.1100 |g|=3.69e-03 bin=0.500 S_flip=0.069 t=15s
[P775_h120_pad0.120_s1001] it  11 J=0.11155 A_min=0.0999 A_mean=0.1131 |g|=3.90e-03 bin=0.490 S_flip=0.069 t=16s
[P775_h120_pad0.120_s1001] it  12 J=0.11504 A_min=0.1030 A_mean=0.1167 |g|=4.10e-03 bin=0.478 S_flip=0.069 t=18s
[P775_h120_pad0.120_s1001] it  13 J=0.11894 A_min=0.1065 A_mean=0.1206 |g|=4.26e-03 bin=0.463 S_flip=0.069 t=19s
[P775_h120_pad0.120_s1001] it  14 J=0.12325 A_min=0.1103 A_mean=0.1250 |g|=4.37e-03 bin=0.446 S_flip=0.069 t=20s
[P775_h120_pad0.120_s1001] it  15 J=0.12792 A_min=0.1145 A_mean=0.1297 |g|=4.41e-03 bin=0.425 S_flip=0.069 t=22s
[P775_h120_pad0.120_s1001] it  16 J=0.13284 A_min=0.1188 A_mean=0.1347 |g|=4.37e-03 bin=0.402 S_flip=0.068 t=23s
[P775_h120_pad0.120_s1001] it  17 J=0.13790 A_min=0.1233 A_mean=0.1399 |g|=4.23e-03 bin=0.376 S_flip=0.067 t=25s
[P775_h120_pad0.120_s1001] it  18 J=0.14293 A_min=0.1278 A_mean=0.1450 |g|=3.99e-03 bin=0.348 S_flip=0.066 t=26s
[P775_h120_pad0.120_s1001] it  19 J=0.14779 A_min=0.1321 A_mean=0.1499 |g|=3.69e-03 bin=0.318 S_flip=0.065 t=27s
[P775_h120_pad0.120_s1001] it  20 J=0.15232 A_min=0.1361 A_mean=0.1545 |g|=3.34e-03 bin=0.288 S_flip=0.064 t=29s
[P775_h120_pad0.120_s1001] it  21 J=0.15641 A_min=0.1397 A_mean=0.1586 |g|=2.97e-03 bin=0.259 S_flip=0.064 t=30s
[P775_h120_pad0.120_s1001] it  22 J=0.16001 A_min=0.1429 A_mean=0.1623 |g|=2.61e-03 bin=0.231 S_flip=0.064 t=32s
[P775_h120_pad0.120_s1001] it  23 J=0.16309 A_min=0.1456 A_mean=0.1654 |g|=2.28e-03 bin=0.205 S_flip=0.064 t=33s
[P775_h120_pad0.120_s1001] it  24 J=0.16567 A_min=0.1479 A_mean=0.1681 |g|=1.99e-03 bin=0.182 S_flip=0.065 t=35s
[P775_h120_pad0.120_s1001] it  25 J=0.16780 A_min=0.1498 A_mean=0.1702 |g|=1.74e-03 bin=0.161 S_flip=0.067 t=36s
[P775_h120_pad0.120_s1001] it  26 J=0.16955 A_min=0.1513 A_mean=0.1720 |g|=1.53e-03 bin=0.143 S_flip=0.068 t=38s
[P775_h120_pad0.120_s1001] it  27 J=0.17096 A_min=0.1526 A_mean=0.1734 |g|=1.36e-03 bin=0.127 S_flip=0.070 t=39s
[P775_h120_pad0.120_s1001] it  28 J=0.17210 A_min=0.1536 A_mean=0.1746 |g|=1.22e-03 bin=0.113 S_flip=0.072 t=40s
[P775_h120_pad0.120_s1001] it  29 J=0.17302 A_min=0.1544 A_mean=0.1755 |g|=1.10e-03 bin=0.101 S_flip=0.075 t=42s
[P775_h120_pad0.120_s1001] it  30 J=0.17377 A_min=0.1551 A_mean=0.1763 |g|=9.95e-04 bin=0.091 S_flip=0.077 t=43s
[P775_h120_pad0.120_s1001] it  31 J=0.17439 A_min=0.1556 A_mean=0.1769 |g|=9.09e-04 bin=0.082 S_flip=0.080 t=45s
[P775_h120_pad0.120_s1001] it  32 J=0.17489 A_min=0.1561 A_mean=0.1774 |g|=8.37e-04 bin=0.074 S_flip=0.082 t=46s
[P775_h120_pad0.120_s1001] it  33 J=0.17531 A_min=0.1564 A_mean=0.1778 |g|=7.75e-04 bin=0.067 S_flip=0.085 t=47s
[P775_h120_pad0.120_s1001] it  34 J=0.17566 A_min=0.1567 A_mean=0.1782 |g|=7.24e-04 bin=0.061 S_flip=0.088 t=49s
[P775_h120_pad0.120_s1001] it  35 J=0.17595 A_min=0.1570 A_mean=0.1785 |g|=6.80e-04 bin=0.056 S_flip=0.091 t=50s
[P775_h120_pad0.120_s1001] it  36 J=0.17620 A_min=0.1572 A_mean=0.1788 |g|=6.43e-04 bin=0.051 S_flip=0.093 t=51s
[P775_h120_pad0.120_s1001] it  37 J=0.17642 A_min=0.1574 A_mean=0.1790 |g|=6.12e-04 bin=0.047 S_flip=0.096 t=53s
[P775_h120_pad0.120_s1001] it  38 J=0.17660 A_min=0.1575 A_mean=0.1792 |g|=5.85e-04 bin=0.043 S_flip=0.099 t=54s
[P775_h120_pad0.120_s1001] it  39 J=0.17676 A_min=0.1576 A_mean=0.1793 |g|=5.63e-04 bin=0.040 S_flip=0.102 t=56s
[P775_h120_pad0.120_s1001] it  40 J=0.17690 A_min=0.1577 A_mean=0.1795 |g|=5.44e-04 bin=0.037 S_flip=0.105 t=57s
[P775_h120_pad0.120_s1001] it  41 J=0.17703 A_min=0.1578 A_mean=0.1796 |g|=5.28e-04 bin=0.034 S_flip=0.108 t=58s
[P775_h120_pad0.120_s1001] it  42 J=0.17713 A_min=0.1579 A_mean=0.1797 |g|=5.13e-04 bin=0.031 S_flip=0.111 t=60s
[P775_h120_pad0.120_s1001] it  43 J=0.17723 A_min=0.1580 A_mean=0.1798 |g|=5.01e-04 bin=0.029 S_flip=0.114 t=61s
[P775_h120_pad0.120_s1001] it  44 J=0.17731 A_min=0.1580 A_mean=0.1799 |g|=4.90e-04 bin=0.027 S_flip=0.117 t=63s
[P775_h120_pad0.120_s1001] it  45 J=0.17739 A_min=0.1581 A_mean=0.1800 |g|=4.81e-04 bin=0.025 S_flip=0.120 t=64s
[P775_h120_pad0.120_s1001] it  46 J=0.17746 A_min=0.1581 A_mean=0.1800 |g|=4.72e-04 bin=0.023 S_flip=0.123 t=65s
[P775_h120_pad0.120_s1001] it  47 J=0.17752 A_min=0.1581 A_mean=0.1801 |g|=4.65e-04 bin=0.021 S_flip=0.125 t=66s
[P775_h120_pad0.120_s1001] it  48 J=0.17757 A_min=0.1582 A_mean=0.1802 |g|=4.59e-04 bin=0.020 S_flip=0.128 t=68s
[P775_h120_pad0.120_s1001] it  49 J=0.17762 A_min=0.1582 A_mean=0.1802 |g|=4.53e-04 bin=0.018 S_flip=0.130 t=69s
[P775_h120_pad0.120_s1001] it  50 J=0.17767 A_min=0.1582 A_mean=0.1803 |g|=4.49e-04 bin=0.017 S_flip=0.133 t=70s
[P775_h120_pad0.120_s1001] it  51 J=0.17771 A_min=0.1582 A_mean=0.1803 |g|=4.44e-04 bin=0.016 S_flip=0.135 t=72s
[P775_h120_pad0.120_s1001] it  52 J=0.17774 A_min=0.1582 A_mean=0.1803 |g|=4.40e-04 bin=0.014 S_flip=0.137 t=73s
[P775_h120_pad0.120_s1001] it  53 J=0.17778 A_min=0.1583 A_mean=0.1804 |g|=4.34e-04 bin=0.013 S_flip=0.138 t=74s
[P775_h120_pad0.120_s1001] it  54 J=0.17781 A_min=0.1583 A_mean=0.1804 |g|=4.26e-04 bin=0.012 S_flip=0.140 t=76s
[P775_h120_pad0.120_s1001] it  55 J=0.17783 A_min=0.1583 A_mean=0.1804 |g|=4.17e-04 bin=0.011 S_flip=0.141 t=77s
[P775_h120_pad0.120_s1001] it  56 J=0.17786 A_min=0.1583 A_mean=0.1805 |g|=4.06e-04 bin=0.010 S_flip=0.143 t=79s
[P775_h120_pad0.120_s1001] it  57 J=0.17788 A_min=0.1583 A_mean=0.1805 |g|=3.95e-04 bin=0.009 S_flip=0.144 t=80s
[P775_h120_pad0.120_s1001] it  58 J=0.17790 A_min=0.1583 A_mean=0.1805 |g|=3.83e-04 bin=0.009 S_flip=0.145 t=81s
[P775_h120_pad0.120_s1001] it  59 J=0.17792 A_min=0.1583 A_mean=0.1805 |g|=3.71e-04 bin=0.008 S_flip=0.146 t=83s
[P775_h120_pad0.120_s1001] it  60 J=0.17793 A_min=0.1583 A_mean=0.1805 |g|=3.61e-04 bin=0.007 S_flip=0.147 t=84s
[P775_h120_pad0.120_s1001] it  61 J=0.17795 A_min=0.1583 A_mean=0.1806 |g|=3.51e-04 bin=0.007 S_flip=0.148 t=85s
[P775_h120_pad0.120_s1001] it  62 J=0.17796 A_min=0.1583 A_mean=0.1806 |g|=3.43e-04 bin=0.006 S_flip=0.149 t=87s
[P775_h120_pad0.120_s1001] it  63 J=0.17797 A_min=0.1583 A_mean=0.1806 |g|=3.36e-04 bin=0.006 S_flip=0.149 t=88s
[P775_h120_pad0.120_s1001] it  64 J=0.17798 A_min=0.1583 A_mean=0.1806 |g|=3.30e-04 bin=0.005 S_flip=0.150 t=90s
[P775_h120_pad0.120_s1001] it  65 J=0.17799 A_min=0.1583 A_mean=0.1806 |g|=3.25e-04 bin=0.005 S_flip=0.151 t=91s
[P775_h120_pad0.120_s1001] it  66 J=0.17800 A_min=0.1583 A_mean=0.1806 |g|=3.20e-04 bin=0.005 S_flip=0.151 t=92s
[P775_h120_pad0.120_s1001] it  67 J=0.17800 A_min=0.1583 A_mean=0.1806 |g|=3.17e-04 bin=0.004 S_flip=0.152 t=94s
[P775_h120_pad0.120_s1001] it  68 J=0.17801 A_min=0.1583 A_mean=0.1806 |g|=3.14e-04 bin=0.004 S_flip=0.153 t=95s
[P775_h120_pad0.120_s1001] it  69 J=0.17802 A_min=0.1583 A_mean=0.1806 |g|=3.11e-04 bin=0.004 S_flip=0.153 t=97s
[P775_h120_pad0.120_s1001] it  70 J=0.17802 A_min=0.1583 A_mean=0.1806 |g|=3.09e-04 bin=0.003 S_flip=0.154 t=98s
[P775_h120_pad0.120_s1001] it  71 J=0.17803 A_min=0.1583 A_mean=0.1806 |g|=3.08e-04 bin=0.003 S_flip=0.154 t=99s
[P775_h120_pad0.120_s1001] it  72 J=0.17803 A_min=0.1583 A_mean=0.1806 |g|=3.07e-04 bin=0.003 S_flip=0.155 t=101s
[P775_h120_pad0.120_s1001] it  73 J=0.17803 A_min=0.1583 A_mean=0.1806 |g|=3.07e-04 bin=0.003 S_flip=0.155 t=102s
[P775_h120_pad0.120_s1001] it  74 J=0.17804 A_min=0.1583 A_mean=0.1807 |g|=3.07e-04 bin=0.002 S_flip=0.156 t=104s
[P775_h120_pad0.120_s1001] it  75 J=0.17804 A_min=0.1583 A_mean=0.1807 |g|=3.07e-04 bin=0.002 S_flip=0.156 t=105s
[P775_h120_pad0.120_s1001] it  76 J=0.17804 A_min=0.1583 A_mean=0.1807 |g|=3.08e-04 bin=0.002 S_flip=0.156 t=106s
[P775_h120_pad0.120_s1001] it  77 J=0.17805 A_min=0.1583 A_mean=0.1807 |g|=3.10e-04 bin=0.002 S_flip=0.157 t=108s
[P775_h120_pad0.120_s1001] it  78 J=0.17805 A_min=0.1583 A_mean=0.1807 |g|=3.14e-04 bin=0.002 S_flip=0.157 t=109s
[P775_h120_pad0.120_s1001] it  79 J=0.17805 A_min=0.1583 A_mean=0.1807 |g|=3.20e-04 bin=0.002 S_flip=0.157 t=111s
[P775_h120_pad0.120_s1001] it  80 J=0.17805 A_min=0.1583 A_mean=0.1807 |g|=3.28e-04 bin=0.002 S_flip=0.157 t=112s
[P775_h120_pad0.120_s1001] it  81 J=0.17806 A_min=0.1583 A_mean=0.1807 |g|=3.39e-04 bin=0.001 S_flip=0.158 t=114s
[P775_h120_pad0.120_s1001] it  82 J=0.17806 A_min=0.1583 A_mean=0.1807 |g|=3.54e-04 bin=0.001 S_flip=0.158 t=115s
[P775_h120_pad0.120_s1001] it  83 J=0.17806 A_min=0.1583 A_mean=0.1807 |g|=3.73e-04 bin=0.001 S_flip=0.158 t=117s
[P775_h120_pad0.120_s1001] it  84 J=0.17806 A_min=0.1583 A_mean=0.1807 |g|=3.97e-04 bin=0.001 S_flip=0.158 t=118s
[P775_h120_pad0.120_s1001] it  85 J=0.17806 A_min=0.1583 A_mean=0.1807 |g|=4.26e-04 bin=0.001 S_flip=0.158 t=120s
[P775_h120_pad0.120_s1001] it  86 J=0.17806 A_min=0.1583 A_mean=0.1807 |g|=4.60e-04 bin=0.001 S_flip=0.158 t=121s
[P775_h120_pad0.120_s1001] it  87 J=0.17806 A_min=0.1583 A_mean=0.1807 |g|=5.01e-04 bin=0.001 S_flip=0.159 t=123s
[P775_h120_pad0.120_s1001] it  88 J=0.17806 A_min=0.1583 A_mean=0.1807 |g|=5.47e-04 bin=0.001 S_flip=0.159 t=124s
[P775_h120_pad0.120_s1001] it  89 J=0.17807 A_min=0.1583 A_mean=0.1807 |g|=5.99e-04 bin=0.001 S_flip=0.159 t=126s
[P775_h120_pad0.120_s1001] it  90 J=0.17807 A_min=0.1583 A_mean=0.1807 |g|=6.56e-04 bin=0.001 S_flip=0.159 t=127s
[P775_h120_pad0.120_s1001] it  91 J=0.17807 A_min=0.1583 A_mean=0.1807 |g|=7.18e-04 bin=0.001 S_flip=0.159 t=128s
[P775_h120_pad0.120_s1001] it  92 J=0.17807 A_min=0.1583 A_mean=0.1807 |g|=7.81e-04 bin=0.001 S_flip=0.159 t=130s
[P775_h120_pad0.120_s1001] it  93 J=0.17807 A_min=0.1583 A_mean=0.1807 |g|=8.45e-04 bin=0.001 S_flip=0.159 t=131s
[P775_h120_pad0.120_s1001] it  94 J=0.17807 A_min=0.1583 A_mean=0.1807 |g|=9.07e-04 bin=0.001 S_flip=0.159 t=133s
[P775_h120_pad0.120_s1001] it  95 J=0.17807 A_min=0.1583 A_mean=0.1807 |g|=9.65e-04 bin=0.001 S_flip=0.159 t=134s
[P775_h120_pad0.120_s1001] it  96 J=0.17807 A_min=0.1583 A_mean=0.1807 |g|=1.02e-03 bin=0.001 S_flip=0.160 t=136s
[P775_h120_pad0.120_s1001] it  97 J=0.17807 A_min=0.1583 A_mean=0.1807 |g|=1.07e-03 bin=0.001 S_flip=0.160 t=137s
[P775_h120_pad0.120_s1001] it  98 J=0.17807 A_min=0.1583 A_mean=0.1807 |g|=1.11e-03 bin=0.001 S_flip=0.160 t=138s
[P775_h120_pad0.120_s1001] it  99 J=0.17807 A_min=0.1583 A_mean=0.1807 |g|=1.16e-03 bin=0.001 S_flip=0.160 t=140s
[P775_h120_pad0.120_s1001] done: J_soft=0.17807 J_hard=0.17807 A_hard=[0.1583, 0.2032, 0.1805] S_flip=0.161 wall=142s
[P775_h120_pad0.120_s7777] it   0 J=0.09480 A_min=0.0848 A_mean=0.0962 |g|=2.16e-03 bin=0.544 S_flip=0.057 t=1s
[P775_h120_pad0.120_s7777] it   1 J=0.09573 A_min=0.0857 A_mean=0.0971 |g|=2.25e-03 bin=0.542 S_flip=0.058 t=3s
[P775_h120_pad0.120_s7777] it   2 J=0.09676 A_min=0.0866 A_mean=0.0981 |g|=2.36e-03 bin=0.540 S_flip=0.059 t=4s
[P775_h120_pad0.120_s7777] it   3 J=0.09792 A_min=0.0876 A_mean=0.0993 |g|=2.48e-03 bin=0.537 S_flip=0.060 t=5s
[P775_h120_pad0.120_s7777] it   4 J=0.09922 A_min=0.0888 A_mean=0.1006 |g|=2.61e-03 bin=0.534 S_flip=0.062 t=7s
[P775_h120_pad0.120_s7777] it   5 J=0.10069 A_min=0.0901 A_mean=0.1021 |g|=2.75e-03 bin=0.531 S_flip=0.063 t=8s
[P775_h120_pad0.120_s7777] it   6 J=0.10238 A_min=0.0916 A_mean=0.1038 |g|=2.92e-03 bin=0.526 S_flip=0.064 t=9s
[P775_h120_pad0.120_s7777] it   7 J=0.10430 A_min=0.0933 A_mean=0.1058 |g|=3.09e-03 bin=0.521 S_flip=0.066 t=10s
[P775_h120_pad0.120_s7777] it   8 J=0.10650 A_min=0.0953 A_mean=0.1080 |g|=3.28e-03 bin=0.514 S_flip=0.067 t=12s
[P775_h120_pad0.120_s7777] it   9 J=0.10902 A_min=0.0975 A_mean=0.1106 |g|=3.47e-03 bin=0.507 S_flip=0.068 t=13s
[P775_h120_pad0.120_s7777] it  10 J=0.11189 A_min=0.1001 A_mean=0.1135 |g|=3.66e-03 bin=0.497 S_flip=0.070 t=14s
[P775_h120_pad0.120_s7777] it  11 J=0.11514 A_min=0.1029 A_mean=0.1168 |g|=3.84e-03 bin=0.486 S_flip=0.071 t=16s
[P775_h120_pad0.120_s7777] it  12 J=0.11877 A_min=0.1062 A_mean=0.1205 |g|=3.99e-03 bin=0.472 S_flip=0.072 t=17s
[P775_h120_pad0.120_s7777] it  13 J=0.12279 A_min=0.1097 A_mean=0.1245 |g|=4.11e-03 bin=0.456 S_flip=0.072 t=18s
[P775_h120_pad0.120_s7777] it  14 J=0.12715 A_min=0.1136 A_mean=0.1290 |g|=4.17e-03 bin=0.437 S_flip=0.073 t=20s
[P775_h120_pad0.120_s7777] it  15 J=0.13179 A_min=0.1177 A_mean=0.1337 |g|=4.16e-03 bin=0.415 S_flip=0.073 t=21s
[P775_h120_pad0.120_s7777] it  16 J=0.13660 A_min=0.1219 A_mean=0.1385 |g|=4.06e-03 bin=0.390 S_flip=0.073 t=22s
[P775_h120_pad0.120_s7777] it  17 J=0.14146 A_min=0.1262 A_mean=0.1435 |g|=3.88e-03 bin=0.363 S_flip=0.073 t=24s
[P775_h120_pad0.120_s7777] it  18 J=0.14621 A_min=0.1303 A_mean=0.1483 |g|=3.63e-03 bin=0.335 S_flip=0.073 t=25s
[P775_h120_pad0.120_s7777] it  19 J=0.15072 A_min=0.1343 A_mean=0.1529 |g|=3.33e-03 bin=0.306 S_flip=0.073 t=26s
[P775_h120_pad0.120_s7777] it  20 J=0.15488 A_min=0.1379 A_mean=0.1571 |g|=2.99e-03 bin=0.277 S_flip=0.073 t=28s
[P775_h120_pad0.120_s7777] it  21 J=0.15860 A_min=0.1412 A_mean=0.1609 |g|=2.64e-03 bin=0.249 S_flip=0.074 t=29s
[P775_h120_pad0.120_s7777] it  22 J=0.16184 A_min=0.1440 A_mean=0.1642 |g|=2.32e-03 bin=0.222 S_flip=0.076 t=31s
[P775_h120_pad0.120_s7777] it  23 J=0.16461 A_min=0.1464 A_mean=0.1670 |g|=2.02e-03 bin=0.198 S_flip=0.078 t=32s
[P775_h120_pad0.120_s7777] it  24 J=0.16693 A_min=0.1485 A_mean=0.1694 |g|=1.76e-03 bin=0.175 S_flip=0.080 t=33s
[P775_h120_pad0.120_s7777] it  25 J=0.16884 A_min=0.1502 A_mean=0.1713 |g|=1.54e-03 bin=0.156 S_flip=0.082 t=35s
[P775_h120_pad0.120_s7777] it  26 J=0.17040 A_min=0.1515 A_mean=0.1729 |g|=1.35e-03 bin=0.138 S_flip=0.085 t=36s
[P775_h120_pad0.120_s7777] it  27 J=0.17167 A_min=0.1527 A_mean=0.1742 |g|=1.20e-03 bin=0.123 S_flip=0.088 t=38s
[P775_h120_pad0.120_s7777] it  28 J=0.17269 A_min=0.1536 A_mean=0.1752 |g|=1.07e-03 bin=0.110 S_flip=0.091 t=39s
[P775_h120_pad0.120_s7777] it  29 J=0.17352 A_min=0.1543 A_mean=0.1761 |g|=9.67e-04 bin=0.099 S_flip=0.094 t=40s
[P775_h120_pad0.120_s7777] it  30 J=0.17420 A_min=0.1549 A_mean=0.1767 |g|=8.80e-04 bin=0.089 S_flip=0.098 t=42s
[P775_h120_pad0.120_s7777] it  31 J=0.17475 A_min=0.1554 A_mean=0.1773 |g|=8.07e-04 bin=0.080 S_flip=0.101 t=43s
[P775_h120_pad0.120_s7777] it  32 J=0.17521 A_min=0.1558 A_mean=0.1778 |g|=7.47e-04 bin=0.073 S_flip=0.105 t=45s
[P775_h120_pad0.120_s7777] it  33 J=0.17559 A_min=0.1562 A_mean=0.1782 |g|=6.97e-04 bin=0.066 S_flip=0.108 t=46s
[P775_h120_pad0.120_s7777] it  34 J=0.17590 A_min=0.1564 A_mean=0.1785 |g|=6.55e-04 bin=0.061 S_flip=0.112 t=47s
[P775_h120_pad0.120_s7777] it  35 J=0.17617 A_min=0.1567 A_mean=0.1787 |g|=6.20e-04 bin=0.055 S_flip=0.115 t=49s
[P775_h120_pad0.120_s7777] it  36 J=0.17640 A_min=0.1569 A_mean=0.1790 |g|=5.91e-04 bin=0.051 S_flip=0.119 t=50s
[P775_h120_pad0.120_s7777] it  37 J=0.17660 A_min=0.1570 A_mean=0.1792 |g|=5.67e-04 bin=0.047 S_flip=0.122 t=52s
[P775_h120_pad0.120_s7777] it  38 J=0.17677 A_min=0.1572 A_mean=0.1794 |g|=5.46e-04 bin=0.043 S_flip=0.126 t=53s
[P775_h120_pad0.120_s7777] it  39 J=0.17692 A_min=0.1573 A_mean=0.1795 |g|=5.29e-04 bin=0.040 S_flip=0.129 t=54s
[P775_h120_pad0.120_s7777] it  40 J=0.17705 A_min=0.1574 A_mean=0.1796 |g|=5.15e-04 bin=0.037 S_flip=0.133 t=56s
[P775_h120_pad0.120_s7777] it  41 J=0.17716 A_min=0.1575 A_mean=0.1798 |g|=5.03e-04 bin=0.034 S_flip=0.136 t=57s
[P775_h120_pad0.120_s7777] it  42 J=0.17726 A_min=0.1575 A_mean=0.1799 |g|=4.94e-04 bin=0.031 S_flip=0.140 t=58s
[P775_h120_pad0.120_s7777] it  43 J=0.17735 A_min=0.1576 A_mean=0.1799 |g|=4.87e-04 bin=0.029 S_flip=0.143 t=60s
[P775_h120_pad0.120_s7777] it  44 J=0.17743 A_min=0.1577 A_mean=0.1800 |g|=4.83e-04 bin=0.027 S_flip=0.146 t=61s
[P775_h120_pad0.120_s7777] it  45 J=0.17750 A_min=0.1577 A_mean=0.1801 |g|=4.82e-04 bin=0.025 S_flip=0.149 t=62s
[P775_h120_pad0.120_s7777] it  46 J=0.17756 A_min=0.1578 A_mean=0.1802 |g|=4.83e-04 bin=0.023 S_flip=0.152 t=64s
[P775_h120_pad0.120_s7777] it  47 J=0.17762 A_min=0.1578 A_mean=0.1802 |g|=4.87e-04 bin=0.022 S_flip=0.154 t=65s
[P775_h120_pad0.120_s7777] it  48 J=0.17767 A_min=0.1578 A_mean=0.1803 |g|=4.93e-04 bin=0.020 S_flip=0.157 t=66s
[P775_h120_pad0.120_s7777] it  49 J=0.17772 A_min=0.1579 A_mean=0.1803 |g|=4.99e-04 bin=0.019 S_flip=0.159 t=68s
[P775_h120_pad0.120_s7777] it  50 J=0.17777 A_min=0.1579 A_mean=0.1804 |g|=5.04e-04 bin=0.018 S_flip=0.162 t=69s
[P775_h120_pad0.120_s7777] it  51 J=0.17781 A_min=0.1579 A_mean=0.1804 |g|=5.08e-04 bin=0.016 S_flip=0.164 t=70s
[P775_h120_pad0.120_s7777] it  52 J=0.17785 A_min=0.1579 A_mean=0.1805 |g|=5.09e-04 bin=0.015 S_flip=0.166 t=72s
[P775_h120_pad0.120_s7777] it  53 J=0.17789 A_min=0.1579 A_mean=0.1805 |g|=5.05e-04 bin=0.014 S_flip=0.168 t=73s
[P775_h120_pad0.120_s7777] it  54 J=0.17793 A_min=0.1580 A_mean=0.1805 |g|=4.97e-04 bin=0.013 S_flip=0.170 t=75s
[P775_h120_pad0.120_s7777] it  55 J=0.17796 A_min=0.1580 A_mean=0.1806 |g|=4.86e-04 bin=0.012 S_flip=0.172 t=76s
[P775_h120_pad0.120_s7777] it  56 J=0.17799 A_min=0.1580 A_mean=0.1806 |g|=4.72e-04 bin=0.011 S_flip=0.173 t=77s
[P775_h120_pad0.120_s7777] it  57 J=0.17802 A_min=0.1580 A_mean=0.1806 |g|=4.56e-04 bin=0.010 S_flip=0.174 t=79s
[P775_h120_pad0.120_s7777] it  58 J=0.17805 A_min=0.1580 A_mean=0.1807 |g|=4.42e-04 bin=0.009 S_flip=0.176 t=80s
[P775_h120_pad0.120_s7777] it  59 J=0.17807 A_min=0.1580 A_mean=0.1807 |g|=4.28e-04 bin=0.009 S_flip=0.177 t=82s
[P775_h120_pad0.120_s7777] it  60 J=0.17809 A_min=0.1580 A_mean=0.1807 |g|=4.16e-04 bin=0.008 S_flip=0.178 t=83s
[P775_h120_pad0.120_s7777] it  61 J=0.17811 A_min=0.1580 A_mean=0.1807 |g|=4.06e-04 bin=0.007 S_flip=0.179 t=84s
[P775_h120_pad0.120_s7777] it  62 J=0.17813 A_min=0.1580 A_mean=0.1808 |g|=3.97e-04 bin=0.007 S_flip=0.179 t=85s
[P775_h120_pad0.120_s7777] it  63 J=0.17814 A_min=0.1581 A_mean=0.1808 |g|=3.91e-04 bin=0.006 S_flip=0.180 t=87s
[P775_h120_pad0.120_s7777] it  64 J=0.17815 A_min=0.1581 A_mean=0.1808 |g|=3.86e-04 bin=0.006 S_flip=0.181 t=88s
[P775_h120_pad0.120_s7777] it  65 J=0.17817 A_min=0.1581 A_mean=0.1808 |g|=3.83e-04 bin=0.005 S_flip=0.181 t=90s
[P775_h120_pad0.120_s7777] it  66 J=0.17818 A_min=0.1581 A_mean=0.1808 |g|=3.82e-04 bin=0.005 S_flip=0.182 t=91s
[P775_h120_pad0.120_s7777] it  67 J=0.17819 A_min=0.1581 A_mean=0.1808 |g|=3.82e-04 bin=0.005 S_flip=0.182 t=92s
[P775_h120_pad0.120_s7777] it  68 J=0.17819 A_min=0.1581 A_mean=0.1808 |g|=3.84e-04 bin=0.004 S_flip=0.183 t=94s
[P775_h120_pad0.120_s7777] it  69 J=0.17820 A_min=0.1581 A_mean=0.1808 |g|=3.89e-04 bin=0.004 S_flip=0.183 t=95s
[P775_h120_pad0.120_s7777] it  70 J=0.17821 A_min=0.1581 A_mean=0.1808 |g|=3.96e-04 bin=0.004 S_flip=0.184 t=96s
[P775_h120_pad0.120_s7777] it  71 J=0.17822 A_min=0.1581 A_mean=0.1809 |g|=4.06e-04 bin=0.004 S_flip=0.185 t=98s
[P775_h120_pad0.120_s7777] it  72 J=0.17822 A_min=0.1581 A_mean=0.1809 |g|=4.18e-04 bin=0.003 S_flip=0.185 t=99s
[P775_h120_pad0.120_s7777] it  73 J=0.17823 A_min=0.1581 A_mean=0.1809 |g|=4.32e-04 bin=0.003 S_flip=0.186 t=100s
[P775_h120_pad0.120_s7777] it  74 J=0.17824 A_min=0.1581 A_mean=0.1809 |g|=4.46e-04 bin=0.003 S_flip=0.186 t=102s
[P775_h120_pad0.120_s7777] it  75 J=0.17824 A_min=0.1581 A_mean=0.1809 |g|=4.58e-04 bin=0.003 S_flip=0.187 t=103s
[P775_h120_pad0.120_s7777] it  76 J=0.17825 A_min=0.1581 A_mean=0.1809 |g|=4.66e-04 bin=0.003 S_flip=0.188 t=105s
[P775_h120_pad0.120_s7777] it  77 J=0.17825 A_min=0.1581 A_mean=0.1809 |g|=4.67e-04 bin=0.002 S_flip=0.188 t=106s
[P775_h120_pad0.120_s7777] it  78 J=0.17826 A_min=0.1581 A_mean=0.1809 |g|=4.60e-04 bin=0.002 S_flip=0.189 t=107s
[P775_h120_pad0.120_s7777] it  79 J=0.17826 A_min=0.1581 A_mean=0.1809 |g|=4.49e-04 bin=0.002 S_flip=0.190 t=109s
[P775_h120_pad0.120_s7777] it  80 J=0.17827 A_min=0.1581 A_mean=0.1809 |g|=4.34e-04 bin=0.002 S_flip=0.190 t=110s
[P775_h120_pad0.120_s7777] it  81 J=0.17827 A_min=0.1581 A_mean=0.1809 |g|=4.19e-04 bin=0.002 S_flip=0.191 t=111s
[P775_h120_pad0.120_s7777] it  82 J=0.17828 A_min=0.1581 A_mean=0.1809 |g|=4.04e-04 bin=0.002 S_flip=0.192 t=113s
[P775_h120_pad0.120_s7777] it  83 J=0.17828 A_min=0.1581 A_mean=0.1809 |g|=3.90e-04 bin=0.002 S_flip=0.192 t=114s
[P775_h120_pad0.120_s7777] it  84 J=0.17828 A_min=0.1581 A_mean=0.1809 |g|=3.77e-04 bin=0.001 S_flip=0.193 t=115s
[P775_h120_pad0.120_s7777] it  85 J=0.17828 A_min=0.1581 A_mean=0.1809 |g|=3.64e-04 bin=0.001 S_flip=0.193 t=117s
[P775_h120_pad0.120_s7777] it  86 J=0.17829 A_min=0.1581 A_mean=0.1809 |g|=3.52e-04 bin=0.001 S_flip=0.193 t=118s
[P775_h120_pad0.120_s7777] it  87 J=0.17829 A_min=0.1581 A_mean=0.1809 |g|=3.39e-04 bin=0.001 S_flip=0.194 t=120s
[P775_h120_pad0.120_s7777] it  88 J=0.17829 A_min=0.1581 A_mean=0.1809 |g|=3.26e-04 bin=0.001 S_flip=0.194 t=121s
[P775_h120_pad0.120_s7777] it  89 J=0.17829 A_min=0.1581 A_mean=0.1809 |g|=3.14e-04 bin=0.001 S_flip=0.194 t=122s
[P775_h120_pad0.120_s7777] it  90 J=0.17829 A_min=0.1581 A_mean=0.1809 |g|=3.02e-04 bin=0.001 S_flip=0.194 t=124s
[P775_h120_pad0.120_s7777] it  91 J=0.17829 A_min=0.1581 A_mean=0.1809 |g|=2.92e-04 bin=0.001 S_flip=0.195 t=125s
[P775_h120_pad0.120_s7777] it  92 J=0.17829 A_min=0.1581 A_mean=0.1809 |g|=2.82e-04 bin=0.001 S_flip=0.195 t=126s
[P775_h120_pad0.120_s7777] it  93 J=0.17829 A_min=0.1581 A_mean=0.1809 |g|=2.72e-04 bin=0.001 S_flip=0.195 t=128s
[P775_h120_pad0.120_s7777] it  94 J=0.17829 A_min=0.1581 A_mean=0.1809 |g|=2.64e-04 bin=0.001 S_flip=0.195 t=129s
[P775_h120_pad0.120_s7777] it  95 J=0.17829 A_min=0.1581 A_mean=0.1809 |g|=2.56e-04 bin=0.000 S_flip=0.195 t=130s
[P775_h120_pad0.120_s7777] it  96 J=0.17829 A_min=0.1581 A_mean=0.1809 |g|=2.48e-04 bin=0.000 S_flip=0.195 t=132s
[P775_h120_pad0.120_s7777] it  97 J=0.17829 A_min=0.1581 A_mean=0.1809 |g|=2.41e-04 bin=0.000 S_flip=0.195 t=133s
[P775_h120_pad0.120_s7777] it  98 J=0.17829 A_min=0.1581 A_mean=0.1809 |g|=2.33e-04 bin=0.000 S_flip=0.195 t=134s
[P775_h120_pad0.120_s7777] it  99 J=0.17829 A_min=0.1581 A_mean=0.1809 |g|=2.25e-04 bin=0.000 S_flip=0.196 t=136s
[P775_h120_pad0.120_s7777] done: J_soft=0.17829 J_hard=0.17830 A_hard=[0.1581, 0.203, 0.1816] S_flip=0.196 wall=138s
[P775_h140_pad0.040_s333] it   0 J=0.07379 A_min=0.0649 A_mean=0.0749 |g|=1.80e-03 bin=0.797 S_flip=0.052 t=1s
[P775_h140_pad0.040_s333] it   1 J=0.07497 A_min=0.0659 A_mean=0.0761 |g|=1.89e-03 bin=0.794 S_flip=0.053 t=3s
[P775_h140_pad0.040_s333] it   2 J=0.07630 A_min=0.0671 A_mean=0.0774 |g|=2.00e-03 bin=0.790 S_flip=0.054 t=4s
[P775_h140_pad0.040_s333] it   3 J=0.07779 A_min=0.0684 A_mean=0.0789 |g|=2.12e-03 bin=0.786 S_flip=0.056 t=5s
[P775_h140_pad0.040_s333] it   4 J=0.07946 A_min=0.0699 A_mean=0.0807 |g|=2.25e-03 bin=0.781 S_flip=0.057 t=7s
[P775_h140_pad0.040_s333] it   5 J=0.08133 A_min=0.0715 A_mean=0.0826 |g|=2.40e-03 bin=0.775 S_flip=0.059 t=8s
[P775_h140_pad0.040_s333] it   6 J=0.08344 A_min=0.0734 A_mean=0.0847 |g|=2.57e-03 bin=0.769 S_flip=0.061 t=9s
[P775_h140_pad0.040_s333] it   7 J=0.08581 A_min=0.0754 A_mean=0.0871 |g|=2.76e-03 bin=0.762 S_flip=0.063 t=11s
[P775_h140_pad0.040_s333] it   8 J=0.08848 A_min=0.0778 A_mean=0.0898 |g|=2.97e-03 bin=0.753 S_flip=0.065 t=12s
[P775_h140_pad0.040_s333] it   9 J=0.09148 A_min=0.0804 A_mean=0.0929 |g|=3.21e-03 bin=0.744 S_flip=0.068 t=14s
[P775_h140_pad0.040_s333] it  10 J=0.09485 A_min=0.0832 A_mean=0.0963 |g|=3.48e-03 bin=0.733 S_flip=0.070 t=15s
[P775_h140_pad0.040_s333] it  11 J=0.09864 A_min=0.0865 A_mean=0.1002 |g|=3.78e-03 bin=0.721 S_flip=0.072 t=16s
[P775_h140_pad0.040_s333] it  12 J=0.10289 A_min=0.0900 A_mean=0.1045 |g|=4.10e-03 bin=0.706 S_flip=0.075 t=18s
[P775_h140_pad0.040_s333] it  13 J=0.10766 A_min=0.0940 A_mean=0.1094 |g|=4.44e-03 bin=0.690 S_flip=0.077 t=19s
[P775_h140_pad0.040_s333] it  14 J=0.11298 A_min=0.0983 A_mean=0.1148 |g|=4.79e-03 bin=0.670 S_flip=0.080 t=20s
[P775_h140_pad0.040_s333] it  15 J=0.11888 A_min=0.1030 A_mean=0.1209 |g|=5.13e-03 bin=0.648 S_flip=0.082 t=22s
[P775_h140_pad0.040_s333] it  16 J=0.12539 A_min=0.1081 A_mean=0.1275 |g|=5.44e-03 bin=0.622 S_flip=0.084 t=23s
[P775_h140_pad0.040_s333] it  17 J=0.13246 A_min=0.1134 A_mean=0.1348 |g|=5.71e-03 bin=0.592 S_flip=0.086 t=24s
[P775_h140_pad0.040_s333] it  18 J=0.14006 A_min=0.1190 A_mean=0.1427 |g|=5.91e-03 bin=0.558 S_flip=0.087 t=26s
[P775_h140_pad0.040_s333] it  19 J=0.14806 A_min=0.1246 A_mean=0.1511 |g|=6.04e-03 bin=0.521 S_flip=0.089 t=27s
[P775_h140_pad0.040_s333] it  20 J=0.15633 A_min=0.1301 A_mean=0.1601 |g|=6.13e-03 bin=0.482 S_flip=0.090 t=28s
[P775_h140_pad0.040_s333] it  21 J=0.16472 A_min=0.1353 A_mean=0.1698 |g|=6.18e-03 bin=0.440 S_flip=0.091 t=30s
[P775_h140_pad0.040_s333] it  22 J=0.17305 A_min=0.1402 A_mean=0.1803 |g|=6.17e-03 bin=0.399 S_flip=0.091 t=31s
[P775_h140_pad0.040_s333] it  23 J=0.18105 A_min=0.1444 A_mean=0.1921 |g|=5.89e-03 bin=0.358 S_flip=0.092 t=33s
[P775_h140_pad0.040_s333] it  24 J=0.18819 A_min=0.1482 A_mean=0.2055 |g|=4.91e-03 bin=0.318 S_flip=0.092 t=34s
[P775_h140_pad0.040_s333] it  25 J=0.19356 A_min=0.1513 A_mean=0.2178 |g|=3.00e-03 bin=0.282 S_flip=0.093 t=35s
[P775_h140_pad0.040_s333] it  26 J=0.19622 A_min=0.1539 A_mean=0.2202 |g|=3.02e-03 bin=0.249 S_flip=0.095 t=37s
[P775_h140_pad0.040_s333] it  27 J=0.19526 A_min=0.1560 A_mean=0.2100 |g|=1.02e-02 bin=0.220 S_flip=0.097 t=38s
[P775_h140_pad0.040_s333] it  28 J=0.19296 A_min=0.1578 A_mean=0.2017 |g|=1.69e-02 bin=0.198 S_flip=0.100 t=39s
[P775_h140_pad0.040_s333] it  29 J=0.19445 A_min=0.1595 A_mean=0.2030 |g|=1.75e-02 bin=0.181 S_flip=0.105 t=41s
[P775_h140_pad0.040_s333] it  30 J=0.19928 A_min=0.1610 A_mean=0.2121 |g|=1.24e-02 bin=0.168 S_flip=0.111 t=42s
[P775_h140_pad0.040_s333] it  31 J=0.20361 A_min=0.1625 A_mean=0.2231 |g|=5.60e-03 bin=0.157 S_flip=0.118 t=43s
[P775_h140_pad0.040_s333] it  32 J=0.20577 A_min=0.1637 A_mean=0.2284 |g|=1.75e-03 bin=0.147 S_flip=0.126 t=44s
[P775_h140_pad0.040_s333] it  33 J=0.20649 A_min=0.1649 A_mean=0.2279 |g|=1.98e-03 bin=0.137 S_flip=0.134 t=46s
[P775_h140_pad0.040_s333] it  34 J=0.20653 A_min=0.1658 A_mean=0.2252 |g|=3.00e-03 bin=0.127 S_flip=0.143 t=47s
[P775_h140_pad0.040_s333] it  35 J=0.20637 A_min=0.1666 A_mean=0.2227 |g|=3.59e-03 bin=0.118 S_flip=0.151 t=49s
[P775_h140_pad0.040_s333] it  36 J=0.20625 A_min=0.1673 A_mean=0.2210 |g|=3.88e-03 bin=0.109 S_flip=0.159 t=50s
[P775_h140_pad0.040_s333] it  37 J=0.20624 A_min=0.1679 A_mean=0.2200 |g|=3.99e-03 bin=0.100 S_flip=0.166 t=51s
[P775_h140_pad0.040_s333] it  38 J=0.20639 A_min=0.1683 A_mean=0.2196 |g|=4.02e-03 bin=0.092 S_flip=0.173 t=53s
[P775_h140_pad0.040_s333] it  39 J=0.20667 A_min=0.1687 A_mean=0.2198 |g|=4.00e-03 bin=0.085 S_flip=0.179 t=54s
[P775_h140_pad0.040_s333] it  40 J=0.20707 A_min=0.1690 A_mean=0.2204 |g|=3.94e-03 bin=0.078 S_flip=0.185 t=56s
[P775_h140_pad0.040_s333] it  41 J=0.20757 A_min=0.1692 A_mean=0.2214 |g|=3.85e-03 bin=0.072 S_flip=0.190 t=57s
[P775_h140_pad0.040_s333] it  42 J=0.20814 A_min=0.1694 A_mean=0.2227 |g|=3.70e-03 bin=0.066 S_flip=0.195 t=59s
[P775_h140_pad0.040_s333] it  43 J=0.20875 A_min=0.1696 A_mean=0.2243 |g|=3.49e-03 bin=0.061 S_flip=0.199 t=60s
[P775_h140_pad0.040_s333] it  44 J=0.20936 A_min=0.1697 A_mean=0.2260 |g|=3.20e-03 bin=0.056 S_flip=0.203 t=61s
[P775_h140_pad0.040_s333] it  45 J=0.20994 A_min=0.1698 A_mean=0.2279 |g|=2.82e-03 bin=0.051 S_flip=0.207 t=62s
[P775_h140_pad0.040_s333] it  46 J=0.21045 A_min=0.1699 A_mean=0.2296 |g|=2.34e-03 bin=0.047 S_flip=0.211 t=64s
[P775_h140_pad0.040_s333] it  47 J=0.21087 A_min=0.1699 A_mean=0.2312 |g|=1.79e-03 bin=0.043 S_flip=0.215 t=65s
[P775_h140_pad0.040_s333] it  48 J=0.21117 A_min=0.1699 A_mean=0.2324 |g|=1.21e-03 bin=0.040 S_flip=0.218 t=66s
[P775_h140_pad0.040_s333] it  49 J=0.21135 A_min=0.1700 A_mean=0.2331 |g|=7.46e-04 bin=0.036 S_flip=0.222 t=68s
[P775_h140_pad0.040_s333] it  50 J=0.21142 A_min=0.1700 A_mean=0.2334 |g|=8.54e-04 bin=0.034 S_flip=0.225 t=69s
[P775_h140_pad0.040_s333] it  51 J=0.21141 A_min=0.1700 A_mean=0.2333 |g|=1.40e-03 bin=0.031 S_flip=0.228 t=70s
[P775_h140_pad0.040_s333] it  52 J=0.21135 A_min=0.1700 A_mean=0.2330 |g|=1.97e-03 bin=0.028 S_flip=0.232 t=71s
[P775_h140_pad0.040_s333] it  53 J=0.21130 A_min=0.1700 A_mean=0.2327 |g|=2.41e-03 bin=0.026 S_flip=0.235 t=73s
[P775_h140_pad0.040_s333] it  54 J=0.21128 A_min=0.1700 A_mean=0.2325 |g|=2.66e-03 bin=0.024 S_flip=0.239 t=74s
[P775_h140_pad0.040_s333] it  55 J=0.21131 A_min=0.1700 A_mean=0.2326 |g|=2.72e-03 bin=0.022 S_flip=0.242 t=76s
[P775_h140_pad0.040_s333] it  56 J=0.21139 A_min=0.1701 A_mean=0.2329 |g|=2.60e-03 bin=0.021 S_flip=0.245 t=77s
[P775_h140_pad0.040_s333] it  57 J=0.21149 A_min=0.1701 A_mean=0.2333 |g|=2.35e-03 bin=0.019 S_flip=0.249 t=79s
[P775_h140_pad0.040_s333] it  58 J=0.21161 A_min=0.1701 A_mean=0.2337 |g|=2.02e-03 bin=0.018 S_flip=0.252 t=80s
[P775_h140_pad0.040_s333] it  59 J=0.21171 A_min=0.1702 A_mean=0.2341 |g|=1.66e-03 bin=0.017 S_flip=0.255 t=82s
[P775_h140_pad0.040_s333] it  60 J=0.21181 A_min=0.1702 A_mean=0.2345 |g|=1.31e-03 bin=0.016 S_flip=0.258 t=83s
[P775_h140_pad0.040_s333] it  61 J=0.21188 A_min=0.1702 A_mean=0.2348 |g|=9.92e-04 bin=0.015 S_flip=0.261 t=84s
[P775_h140_pad0.040_s333] it  62 J=0.21194 A_min=0.1703 A_mean=0.2350 |g|=7.35e-04 bin=0.014 S_flip=0.263 t=86s
[P775_h140_pad0.040_s333] it  63 J=0.21197 A_min=0.1703 A_mean=0.2351 |g|=5.50e-04 bin=0.013 S_flip=0.265 t=88s
[P775_h140_pad0.040_s333] it  64 J=0.21200 A_min=0.1703 A_mean=0.2352 |g|=4.54e-04 bin=0.012 S_flip=0.267 t=89s
[P775_h140_pad0.040_s333] it  65 J=0.21202 A_min=0.1703 A_mean=0.2352 |g|=4.50e-04 bin=0.011 S_flip=0.269 t=90s
[P775_h140_pad0.040_s333] it  66 J=0.21203 A_min=0.1703 A_mean=0.2352 |g|=5.09e-04 bin=0.011 S_flip=0.271 t=92s
[P775_h140_pad0.040_s333] it  67 J=0.21203 A_min=0.1704 A_mean=0.2352 |g|=5.93e-04 bin=0.010 S_flip=0.273 t=93s
[P775_h140_pad0.040_s333] it  68 J=0.21204 A_min=0.1704 A_mean=0.2352 |g|=6.78e-04 bin=0.010 S_flip=0.274 t=95s
[P775_h140_pad0.040_s333] it  69 J=0.21204 A_min=0.1704 A_mean=0.2352 |g|=7.52e-04 bin=0.009 S_flip=0.276 t=96s
[P775_h140_pad0.040_s333] it  70 J=0.21205 A_min=0.1704 A_mean=0.2352 |g|=8.08e-04 bin=0.008 S_flip=0.277 t=98s
[P775_h140_pad0.040_s333] it  71 J=0.21205 A_min=0.1704 A_mean=0.2353 |g|=8.42e-04 bin=0.008 S_flip=0.278 t=99s
[P775_h140_pad0.040_s333] it  72 J=0.21206 A_min=0.1704 A_mean=0.2353 |g|=8.52e-04 bin=0.007 S_flip=0.279 t=101s
[P775_h140_pad0.040_s333] it  73 J=0.21207 A_min=0.1704 A_mean=0.2354 |g|=8.42e-04 bin=0.007 S_flip=0.280 t=102s
[P775_h140_pad0.040_s333] it  74 J=0.21208 A_min=0.1704 A_mean=0.2354 |g|=8.18e-04 bin=0.006 S_flip=0.281 t=104s
[P775_h140_pad0.040_s333] it  75 J=0.21209 A_min=0.1704 A_mean=0.2355 |g|=7.84e-04 bin=0.006 S_flip=0.282 t=105s
[P775_h140_pad0.040_s333] it  76 J=0.21210 A_min=0.1704 A_mean=0.2356 |g|=7.45e-04 bin=0.006 S_flip=0.282 t=107s
[P775_h140_pad0.040_s333] it  77 J=0.21211 A_min=0.1704 A_mean=0.2356 |g|=7.04e-04 bin=0.005 S_flip=0.283 t=108s
[P775_h140_pad0.040_s333] it  78 J=0.21212 A_min=0.1704 A_mean=0.2356 |g|=6.64e-04 bin=0.005 S_flip=0.283 t=109s
[P775_h140_pad0.040_s333] it  79 J=0.21212 A_min=0.1704 A_mean=0.2357 |g|=6.26e-04 bin=0.004 S_flip=0.283 t=111s
[P775_h140_pad0.040_s333] it  80 J=0.21213 A_min=0.1704 A_mean=0.2357 |g|=5.90e-04 bin=0.004 S_flip=0.284 t=112s
[P775_h140_pad0.040_s333] it  81 J=0.21214 A_min=0.1704 A_mean=0.2357 |g|=5.58e-04 bin=0.004 S_flip=0.284 t=114s
[P775_h140_pad0.040_s333] it  82 J=0.21214 A_min=0.1704 A_mean=0.2357 |g|=5.30e-04 bin=0.004 S_flip=0.284 t=115s
[P775_h140_pad0.040_s333] it  83 J=0.21214 A_min=0.1704 A_mean=0.2357 |g|=5.06e-04 bin=0.003 S_flip=0.284 t=116s
[P775_h140_pad0.040_s333] it  84 J=0.21215 A_min=0.1704 A_mean=0.2358 |g|=4.88e-04 bin=0.003 S_flip=0.284 t=118s
[P775_h140_pad0.040_s333] it  85 J=0.21215 A_min=0.1704 A_mean=0.2358 |g|=4.74e-04 bin=0.003 S_flip=0.285 t=119s
[P775_h140_pad0.040_s333] it  86 J=0.21215 A_min=0.1704 A_mean=0.2358 |g|=4.64e-04 bin=0.003 S_flip=0.285 t=121s
[P775_h140_pad0.040_s333] it  87 J=0.21215 A_min=0.1704 A_mean=0.2358 |g|=4.56e-04 bin=0.002 S_flip=0.285 t=123s
[P775_h140_pad0.040_s333] it  88 J=0.21216 A_min=0.1704 A_mean=0.2358 |g|=4.50e-04 bin=0.002 S_flip=0.285 t=124s
[P775_h140_pad0.040_s333] it  89 J=0.21216 A_min=0.1704 A_mean=0.2358 |g|=4.45e-04 bin=0.002 S_flip=0.285 t=125s
[P775_h140_pad0.040_s333] it  90 J=0.21216 A_min=0.1704 A_mean=0.2358 |g|=4.39e-04 bin=0.002 S_flip=0.285 t=127s
[P775_h140_pad0.040_s333] it  91 J=0.21216 A_min=0.1704 A_mean=0.2358 |g|=4.33e-04 bin=0.002 S_flip=0.285 t=129s
[P775_h140_pad0.040_s333] it  92 J=0.21216 A_min=0.1704 A_mean=0.2358 |g|=4.27e-04 bin=0.002 S_flip=0.285 t=130s
[P775_h140_pad0.040_s333] it  93 J=0.21216 A_min=0.1704 A_mean=0.2358 |g|=4.20e-04 bin=0.001 S_flip=0.286 t=131s
[P775_h140_pad0.040_s333] it  94 J=0.21216 A_min=0.1704 A_mean=0.2358 |g|=4.12e-04 bin=0.001 S_flip=0.286 t=133s
[P775_h140_pad0.040_s333] it  95 J=0.21216 A_min=0.1704 A_mean=0.2358 |g|=4.05e-04 bin=0.001 S_flip=0.286 t=134s
[P775_h140_pad0.040_s333] it  96 J=0.21216 A_min=0.1704 A_mean=0.2358 |g|=3.97e-04 bin=0.001 S_flip=0.286 t=135s
[P775_h140_pad0.040_s333] it  97 J=0.21216 A_min=0.1704 A_mean=0.2358 |g|=3.90e-04 bin=0.001 S_flip=0.286 t=137s
[P775_h140_pad0.040_s333] it  98 J=0.21216 A_min=0.1704 A_mean=0.2358 |g|=3.84e-04 bin=0.001 S_flip=0.286 t=138s
[P775_h140_pad0.040_s333] it  99 J=0.21216 A_min=0.1704 A_mean=0.2358 |g|=3.80e-04 bin=0.001 S_flip=0.287 t=140s
[P775_h140_pad0.040_s333] done: J_soft=0.21216 J_hard=0.21216 A_hard=[0.1704, 0.2207, 0.3163] S_flip=0.288 wall=142s
[P775_h140_pad0.040_s1001] it   0 J=0.07257 A_min=0.0639 A_mean=0.0736 |g|=1.73e-03 bin=0.798 S_flip=0.061 t=1s
[P775_h140_pad0.040_s1001] it   1 J=0.07367 A_min=0.0649 A_mean=0.0747 |g|=1.82e-03 bin=0.794 S_flip=0.062 t=3s
[P775_h140_pad0.040_s1001] it   2 J=0.07489 A_min=0.0659 A_mean=0.0760 |g|=1.92e-03 bin=0.791 S_flip=0.063 t=4s
[P775_h140_pad0.040_s1001] it   3 J=0.07626 A_min=0.0672 A_mean=0.0774 |g|=2.04e-03 bin=0.787 S_flip=0.065 t=5s
[P775_h140_pad0.040_s1001] it   4 J=0.07779 A_min=0.0685 A_mean=0.0790 |g|=2.16e-03 bin=0.782 S_flip=0.067 t=7s
[P775_h140_pad0.040_s1001] it   5 J=0.07951 A_min=0.0701 A_mean=0.0807 |g|=2.31e-03 bin=0.777 S_flip=0.069 t=8s
[P775_h140_pad0.040_s1001] it   6 J=0.08145 A_min=0.0718 A_mean=0.0827 |g|=2.47e-03 bin=0.771 S_flip=0.071 t=9s
[P775_h140_pad0.040_s1001] it   7 J=0.08362 A_min=0.0737 A_mean=0.0849 |g|=2.66e-03 bin=0.765 S_flip=0.073 t=11s
[P775_h140_pad0.040_s1001] it   8 J=0.08607 A_min=0.0758 A_mean=0.0874 |g|=2.87e-03 bin=0.757 S_flip=0.075 t=12s
[P775_h140_pad0.040_s1001] it   9 J=0.08882 A_min=0.0782 A_mean=0.0902 |g|=3.11e-03 bin=0.749 S_flip=0.077 t=14s
[P775_h140_pad0.040_s1001] it  10 J=0.09192 A_min=0.0809 A_mean=0.0934 |g|=3.37e-03 bin=0.739 S_flip=0.080 t=15s
[P775_h140_pad0.040_s1001] it  11 J=0.09541 A_min=0.0839 A_mean=0.0969 |g|=3.67e-03 bin=0.728 S_flip=0.082 t=16s
[P775_h140_pad0.040_s1001] it  12 J=0.09934 A_min=0.0873 A_mean=0.1009 |g|=4.00e-03 bin=0.715 S_flip=0.084 t=17s
[P775_h140_pad0.040_s1001] it  13 J=0.10376 A_min=0.0910 A_mean=0.1054 |g|=4.36e-03 bin=0.700 S_flip=0.086 t=19s
[P775_h140_pad0.040_s1001] it  14 J=0.10873 A_min=0.0951 A_mean=0.1105 |g|=4.73e-03 bin=0.682 S_flip=0.088 t=20s
[P775_h140_pad0.040_s1001] it  15 J=0.11430 A_min=0.0996 A_mean=0.1162 |g|=5.10e-03 bin=0.662 S_flip=0.089 t=21s
[P775_h140_pad0.040_s1001] it  16 J=0.12049 A_min=0.1046 A_mean=0.1225 |g|=5.46e-03 bin=0.638 S_flip=0.090 t=23s
[P775_h140_pad0.040_s1001] it  17 J=0.12731 A_min=0.1099 A_mean=0.1295 |g|=5.76e-03 bin=0.611 S_flip=0.091 t=24s
[P775_h140_pad0.040_s1001] it  18 J=0.13472 A_min=0.1155 A_mean=0.1371 |g|=6.00e-03 bin=0.579 S_flip=0.091 t=25s
[P775_h140_pad0.040_s1001] it  19 J=0.14262 A_min=0.1213 A_mean=0.1453 |g|=6.14e-03 bin=0.544 S_flip=0.090 t=27s
[P775_h140_pad0.040_s1001] it  20 J=0.15086 A_min=0.1271 A_mean=0.1540 |g|=6.21e-03 bin=0.505 S_flip=0.089 t=28s
[P775_h140_pad0.040_s1001] it  21 J=0.15928 A_min=0.1327 A_mean=0.1632 |g|=6.23e-03 bin=0.463 S_flip=0.088 t=30s
[P775_h140_pad0.040_s1001] it  22 J=0.16772 A_min=0.1379 A_mean=0.1729 |g|=6.25e-03 bin=0.421 S_flip=0.086 t=31s
[P775_h140_pad0.040_s1001] it  23 J=0.17599 A_min=0.1427 A_mean=0.1835 |g|=6.22e-03 bin=0.379 S_flip=0.085 t=32s
[P775_h140_pad0.040_s1001] it  24 J=0.18384 A_min=0.1468 A_mean=0.1954 |g|=5.89e-03 bin=0.337 S_flip=0.084 t=34s
[P775_h140_pad0.040_s1001] it  25 J=0.19067 A_min=0.1503 A_mean=0.2086 |g|=4.73e-03 bin=0.299 S_flip=0.083 t=35s
[P775_h140_pad0.040_s1001] it  26 J=0.19552 A_min=0.1533 A_mean=0.2195 |g|=2.64e-03 bin=0.263 S_flip=0.083 t=37s
[P775_h140_pad0.040_s1001] it  27 J=0.19738 A_min=0.1557 A_mean=0.2188 |g|=4.23e-03 bin=0.231 S_flip=0.083 t=38s
[P775_h140_pad0.040_s1001] it  28 J=0.19558 A_min=0.1577 A_mean=0.2079 |g|=1.25e-02 bin=0.205 S_flip=0.084 t=39s
[P775_h140_pad0.040_s1001] it  29 J=0.19388 A_min=0.1594 A_mean=0.2020 |g|=1.77e-02 bin=0.184 S_flip=0.086 t=41s
[P775_h140_pad0.040_s1001] it  30 J=0.19644 A_min=0.1609 A_mean=0.2056 |g|=1.66e-02 bin=0.169 S_flip=0.089 t=42s
[P775_h140_pad0.040_s1001] it  31 J=0.20136 A_min=0.1624 A_mean=0.2155 |g|=1.04e-02 bin=0.157 S_flip=0.093 t=44s
[P775_h140_pad0.040_s1001] it  32 J=0.20498 A_min=0.1638 A_mean=0.2247 |g|=4.15e-03 bin=0.146 S_flip=0.098 t=45s
[P775_h140_pad0.040_s1001] it  33 J=0.20657 A_min=0.1649 A_mean=0.2278 |g|=1.42e-03 bin=0.136 S_flip=0.104 t=46s
[P775_h140_pad0.040_s1001] it  34 J=0.20697 A_min=0.1660 A_mean=0.2265 |g|=2.34e-03 bin=0.127 S_flip=0.110 t=48s
[P775_h140_pad0.040_s1001] it  35 J=0.20690 A_min=0.1668 A_mean=0.2240 |g|=3.25e-03 bin=0.118 S_flip=0.116 t=49s
[P775_h140_pad0.040_s1001] it  36 J=0.20672 A_min=0.1675 A_mean=0.2219 |g|=3.73e-03 bin=0.109 S_flip=0.122 t=50s
[P775_h140_pad0.040_s1001] it  37 J=0.20663 A_min=0.1681 A_mean=0.2205 |g|=3.94e-03 bin=0.100 S_flip=0.127 t=52s
[P775_h140_pad0.040_s1001] it  38 J=0.20668 A_min=0.1686 A_mean=0.2199 |g|=4.01e-03 bin=0.092 S_flip=0.132 t=53s
[P775_h140_pad0.040_s1001] it  39 J=0.20688 A_min=0.1690 A_mean=0.2198 |g|=4.01e-03 bin=0.085 S_flip=0.136 t=55s
[P775_h140_pad0.040_s1001] it  40 J=0.20720 A_min=0.1693 A_mean=0.2202 |g|=3.96e-03 bin=0.078 S_flip=0.140 t=56s
[P775_h140_pad0.040_s1001] it  41 J=0.20763 A_min=0.1695 A_mean=0.2210 |g|=3.87e-03 bin=0.071 S_flip=0.143 t=57s
[P775_h140_pad0.040_s1001] it  42 J=0.20815 A_min=0.1697 A_mean=0.2221 |g|=3.74e-03 bin=0.065 S_flip=0.146 t=59s
[P775_h140_pad0.040_s1001] it  43 J=0.20872 A_min=0.1699 A_mean=0.2235 |g|=3.56e-03 bin=0.060 S_flip=0.149 t=60s
[P775_h140_pad0.040_s1001] it  44 J=0.20930 A_min=0.1700 A_mean=0.2251 |g|=3.30e-03 bin=0.055 S_flip=0.152 t=62s
[P775_h140_pad0.040_s1001] it  45 J=0.20987 A_min=0.1701 A_mean=0.2268 |g|=2.97e-03 bin=0.051 S_flip=0.154 t=63s
[P775_h140_pad0.040_s1001] it  46 J=0.21040 A_min=0.1701 A_mean=0.2286 |g|=2.56e-03 bin=0.047 S_flip=0.156 t=64s
[P775_h140_pad0.040_s1001] it  47 J=0.21085 A_min=0.1702 A_mean=0.2302 |g|=2.06e-03 bin=0.043 S_flip=0.159 t=65s
[P775_h140_pad0.040_s1001] it  48 J=0.21120 A_min=0.1702 A_mean=0.2316 |g|=1.51e-03 bin=0.039 S_flip=0.162 t=67s
[P775_h140_pad0.040_s1001] it  49 J=0.21143 A_min=0.1702 A_mean=0.2325 |g|=9.53e-04 bin=0.036 S_flip=0.164 t=68s
[P775_h140_pad0.040_s1001] it  50 J=0.21156 A_min=0.1702 A_mean=0.2331 |g|=6.47e-04 bin=0.033 S_flip=0.167 t=69s
[P775_h140_pad0.040_s1001] it  51 J=0.21160 A_min=0.1702 A_mean=0.2333 |g|=9.39e-04 bin=0.030 S_flip=0.170 t=71s
[P775_h140_pad0.040_s1001] it  52 J=0.21157 A_min=0.1702 A_mean=0.2332 |g|=1.46e-03 bin=0.028 S_flip=0.172 t=72s
[P775_h140_pad0.040_s1001] it  53 J=0.21153 A_min=0.1702 A_mean=0.2329 |g|=1.93e-03 bin=0.026 S_flip=0.175 t=73s
[P775_h140_pad0.040_s1001] it  54 J=0.21149 A_min=0.1702 A_mean=0.2328 |g|=2.27e-03 bin=0.024 S_flip=0.178 t=75s
[P775_h140_pad0.040_s1001] it  55 J=0.21148 A_min=0.1702 A_mean=0.2327 |g|=2.44e-03 bin=0.022 S_flip=0.180 t=76s
[P775_h140_pad0.040_s1001] it  56 J=0.21152 A_min=0.1702 A_mean=0.2328 |g|=2.45e-03 bin=0.021 S_flip=0.183 t=77s
[P775_h140_pad0.040_s1001] it  57 J=0.21158 A_min=0.1702 A_mean=0.2331 |g|=2.33e-03 bin=0.019 S_flip=0.186 t=79s
[P775_h140_pad0.040_s1001] it  58 J=0.21167 A_min=0.1703 A_mean=0.2334 |g|=2.11e-03 bin=0.018 S_flip=0.188 t=80s
[P775_h140_pad0.040_s1001] it  59 J=0.21176 A_min=0.1703 A_mean=0.2338 |g|=1.84e-03 bin=0.017 S_flip=0.191 t=81s
[P775_h140_pad0.040_s1001] it  60 J=0.21185 A_min=0.1703 A_mean=0.2342 |g|=1.54e-03 bin=0.016 S_flip=0.194 t=83s
[P775_h140_pad0.040_s1001] it  61 J=0.21193 A_min=0.1703 A_mean=0.2345 |g|=1.24e-03 bin=0.015 S_flip=0.196 t=84s
[P775_h140_pad0.040_s1001] it  62 J=0.21200 A_min=0.1703 A_mean=0.2348 |g|=9.59e-04 bin=0.014 S_flip=0.199 t=85s
[P775_h140_pad0.040_s1001] it  63 J=0.21204 A_min=0.1704 A_mean=0.2350 |g|=7.29e-04 bin=0.013 S_flip=0.201 t=87s
[P775_h140_pad0.040_s1001] it  64 J=0.21208 A_min=0.1704 A_mean=0.2351 |g|=5.75e-04 bin=0.012 S_flip=0.203 t=88s
[P775_h140_pad0.040_s1001] it  65 J=0.21210 A_min=0.1704 A_mean=0.2352 |g|=5.16e-04 bin=0.012 S_flip=0.206 t=89s
[P775_h140_pad0.040_s1001] it  66 J=0.21212 A_min=0.1704 A_mean=0.2353 |g|=5.34e-04 bin=0.011 S_flip=0.208 t=90s
[P775_h140_pad0.040_s1001] it  67 J=0.21213 A_min=0.1704 A_mean=0.2353 |g|=5.85e-04 bin=0.010 S_flip=0.210 t=92s
[P775_h140_pad0.040_s1001] it  68 J=0.21214 A_min=0.1704 A_mean=0.2354 |g|=6.37e-04 bin=0.009 S_flip=0.211 t=93s
[P775_h140_pad0.040_s1001] it  69 J=0.21215 A_min=0.1704 A_mean=0.2354 |g|=6.74e-04 bin=0.009 S_flip=0.213 t=94s
[P775_h140_pad0.040_s1001] it  70 J=0.21216 A_min=0.1704 A_mean=0.2355 |g|=6.95e-04 bin=0.008 S_flip=0.214 t=96s
[P775_h140_pad0.040_s1001] it  71 J=0.21216 A_min=0.1704 A_mean=0.2355 |g|=7.04e-04 bin=0.007 S_flip=0.216 t=97s
[P775_h140_pad0.040_s1001] it  72 J=0.21217 A_min=0.1704 A_mean=0.2356 |g|=7.06e-04 bin=0.007 S_flip=0.217 t=98s
[P775_h140_pad0.040_s1001] it  73 J=0.21218 A_min=0.1704 A_mean=0.2357 |g|=7.06e-04 bin=0.007 S_flip=0.219 t=100s
[P775_h140_pad0.040_s1001] it  74 J=0.21219 A_min=0.1704 A_mean=0.2357 |g|=7.03e-04 bin=0.006 S_flip=0.220 t=101s
[P775_h140_pad0.040_s1001] it  75 J=0.21220 A_min=0.1704 A_mean=0.2358 |g|=6.96e-04 bin=0.006 S_flip=0.221 t=103s
[P775_h140_pad0.040_s1001] it  76 J=0.21220 A_min=0.1704 A_mean=0.2359 |g|=6.83e-04 bin=0.005 S_flip=0.222 t=104s
[P775_h140_pad0.040_s1001] it  77 J=0.21221 A_min=0.1704 A_mean=0.2359 |g|=6.65e-04 bin=0.005 S_flip=0.223 t=105s
[P775_h140_pad0.040_s1001] it  78 J=0.21222 A_min=0.1704 A_mean=0.2360 |g|=6.45e-04 bin=0.005 S_flip=0.224 t=107s
[P775_h140_pad0.040_s1001] it  79 J=0.21223 A_min=0.1704 A_mean=0.2361 |g|=6.25e-04 bin=0.004 S_flip=0.226 t=108s
[P775_h140_pad0.040_s1001] it  80 J=0.21223 A_min=0.1704 A_mean=0.2361 |g|=6.06e-04 bin=0.004 S_flip=0.226 t=109s
[P775_h140_pad0.040_s1001] it  81 J=0.21224 A_min=0.1704 A_mean=0.2362 |g|=5.87e-04 bin=0.004 S_flip=0.227 t=111s
[P775_h140_pad0.040_s1001] it  82 J=0.21224 A_min=0.1704 A_mean=0.2362 |g|=5.69e-04 bin=0.003 S_flip=0.228 t=112s
[P775_h140_pad0.040_s1001] it  83 J=0.21225 A_min=0.1704 A_mean=0.2362 |g|=5.50e-04 bin=0.003 S_flip=0.229 t=113s
[P775_h140_pad0.040_s1001] it  84 J=0.21225 A_min=0.1704 A_mean=0.2363 |g|=5.31e-04 bin=0.003 S_flip=0.230 t=115s
[P775_h140_pad0.040_s1001] it  85 J=0.21225 A_min=0.1704 A_mean=0.2363 |g|=5.12e-04 bin=0.003 S_flip=0.230 t=116s
[P775_h140_pad0.040_s1001] it  86 J=0.21226 A_min=0.1704 A_mean=0.2363 |g|=4.96e-04 bin=0.003 S_flip=0.231 t=118s
[P775_h140_pad0.040_s1001] it  87 J=0.21226 A_min=0.1704 A_mean=0.2363 |g|=4.83e-04 bin=0.002 S_flip=0.231 t=119s
[P775_h140_pad0.040_s1001] it  88 J=0.21226 A_min=0.1704 A_mean=0.2363 |g|=4.74e-04 bin=0.002 S_flip=0.232 t=120s
[P775_h140_pad0.040_s1001] it  89 J=0.21226 A_min=0.1704 A_mean=0.2364 |g|=4.67e-04 bin=0.002 S_flip=0.232 t=122s
[P775_h140_pad0.040_s1001] it  90 J=0.21226 A_min=0.1704 A_mean=0.2364 |g|=4.63e-04 bin=0.002 S_flip=0.233 t=123s
[P775_h140_pad0.040_s1001] it  91 J=0.21227 A_min=0.1704 A_mean=0.2364 |g|=4.61e-04 bin=0.002 S_flip=0.233 t=124s
[P775_h140_pad0.040_s1001] it  92 J=0.21227 A_min=0.1704 A_mean=0.2364 |g|=4.60e-04 bin=0.002 S_flip=0.234 t=126s
[P775_h140_pad0.040_s1001] it  93 J=0.21227 A_min=0.1704 A_mean=0.2364 |g|=4.60e-04 bin=0.001 S_flip=0.234 t=127s
[P775_h140_pad0.040_s1001] it  94 J=0.21227 A_min=0.1704 A_mean=0.2364 |g|=4.61e-04 bin=0.001 S_flip=0.234 t=129s
[P775_h140_pad0.040_s1001] it  95 J=0.21227 A_min=0.1704 A_mean=0.2364 |g|=4.62e-04 bin=0.001 S_flip=0.235 t=130s
[P775_h140_pad0.040_s1001] it  96 J=0.21227 A_min=0.1704 A_mean=0.2364 |g|=4.61e-04 bin=0.001 S_flip=0.235 t=131s
[P775_h140_pad0.040_s1001] it  97 J=0.21227 A_min=0.1704 A_mean=0.2364 |g|=4.60e-04 bin=0.001 S_flip=0.235 t=133s
[P775_h140_pad0.040_s1001] it  98 J=0.21227 A_min=0.1704 A_mean=0.2364 |g|=4.57e-04 bin=0.001 S_flip=0.235 t=134s
[P775_h140_pad0.040_s1001] it  99 J=0.21227 A_min=0.1704 A_mean=0.2364 |g|=4.51e-04 bin=0.001 S_flip=0.236 t=135s
[P775_h140_pad0.040_s1001] done: J_soft=0.21227 J_hard=0.21227 A_hard=[0.1704, 0.2207, 0.3181] S_flip=0.238 wall=137s
[P775_h140_pad0.040_s7777] it   0 J=0.07393 A_min=0.0649 A_mean=0.0750 |g|=1.82e-03 bin=0.797 S_flip=0.054 t=1s
[P775_h140_pad0.040_s7777] it   1 J=0.07514 A_min=0.0659 A_mean=0.0762 |g|=1.91e-03 bin=0.794 S_flip=0.056 t=3s
[P775_h140_pad0.040_s7777] it   2 J=0.07651 A_min=0.0671 A_mean=0.0776 |g|=2.02e-03 bin=0.790 S_flip=0.057 t=4s
[P775_h140_pad0.040_s7777] it   3 J=0.07804 A_min=0.0685 A_mean=0.0792 |g|=2.15e-03 bin=0.786 S_flip=0.058 t=6s
[P775_h140_pad0.040_s7777] it   4 J=0.07976 A_min=0.0700 A_mean=0.0809 |g|=2.28e-03 bin=0.781 S_flip=0.060 t=7s
[P775_h140_pad0.040_s7777] it   5 J=0.08169 A_min=0.0717 A_mean=0.0829 |g|=2.44e-03 bin=0.775 S_flip=0.061 t=8s
[P775_h140_pad0.040_s7777] it   6 J=0.08388 A_min=0.0735 A_mean=0.0851 |g|=2.62e-03 bin=0.769 S_flip=0.063 t=10s
[P775_h140_pad0.040_s7777] it   7 J=0.08634 A_min=0.0757 A_mean=0.0876 |g|=2.82e-03 bin=0.761 S_flip=0.064 t=11s
[P775_h140_pad0.040_s7777] it   8 J=0.08912 A_min=0.0781 A_mean=0.0904 |g|=3.04e-03 bin=0.753 S_flip=0.066 t=13s
[P775_h140_pad0.040_s7777] it   9 J=0.09226 A_min=0.0807 A_mean=0.0936 |g|=3.29e-03 bin=0.743 S_flip=0.068 t=14s
[P775_h140_pad0.040_s7777] it  10 J=0.09580 A_min=0.0837 A_mean=0.0972 |g|=3.57e-03 bin=0.732 S_flip=0.070 t=15s
[P775_h140_pad0.040_s7777] it  11 J=0.09979 A_min=0.0870 A_mean=0.1013 |g|=3.87e-03 bin=0.719 S_flip=0.071 t=17s
[P775_h140_pad0.040_s7777] it  12 J=0.10427 A_min=0.0907 A_mean=0.1059 |g|=4.20e-03 bin=0.703 S_flip=0.073 t=18s
[P775_h140_pad0.040_s7777] it  13 J=0.10930 A_min=0.0948 A_mean=0.1110 |g|=4.55e-03 bin=0.686 S_flip=0.074 t=20s
[P775_h140_pad0.040_s7777] it  14 J=0.11491 A_min=0.0993 A_mean=0.1167 |g|=4.89e-03 bin=0.666 S_flip=0.075 t=21s
[P775_h140_pad0.040_s7777] it  15 J=0.12112 A_min=0.1041 A_mean=0.1231 |g|=5.22e-03 bin=0.642 S_flip=0.076 t=23s
[P775_h140_pad0.040_s7777] it  16 J=0.12794 A_min=0.1093 A_mean=0.1301 |g|=5.52e-03 bin=0.615 S_flip=0.076 t=24s
[P775_h140_pad0.040_s7777] it  17 J=0.13531 A_min=0.1147 A_mean=0.1377 |g|=5.75e-03 bin=0.584 S_flip=0.076 t=26s
[P775_h140_pad0.040_s7777] it  18 J=0.14315 A_min=0.1203 A_mean=0.1460 |g|=5.92e-03 bin=0.549 S_flip=0.075 t=27s
[P775_h140_pad0.040_s7777] it  19 J=0.15135 A_min=0.1259 A_mean=0.1549 |g|=6.02e-03 bin=0.512 S_flip=0.074 t=29s
[P775_h140_pad0.040_s7777] it  20 J=0.15975 A_min=0.1312 A_mean=0.1644 |g|=6.08e-03 bin=0.472 S_flip=0.073 t=30s
[P775_h140_pad0.040_s7777] it  21 J=0.16820 A_min=0.1363 A_mean=0.1748 |g|=6.10e-03 bin=0.430 S_flip=0.072 t=31s
[P775_h140_pad0.040_s7777] it  22 J=0.17646 A_min=0.1409 A_mean=0.1866 |g|=5.95e-03 bin=0.389 S_flip=0.071 t=33s
[P775_h140_pad0.040_s7777] it  23 J=0.18412 A_min=0.1449 A_mean=0.2002 |g|=5.28e-03 bin=0.348 S_flip=0.071 t=34s
[P775_h140_pad0.040_s7777] it  24 J=0.19040 A_min=0.1483 A_mean=0.2149 |g|=3.75e-03 bin=0.310 S_flip=0.071 t=35s
[P775_h140_pad0.040_s7777] it  25 J=0.19444 A_min=0.1512 A_mean=0.2239 |g|=2.11e-03 bin=0.274 S_flip=0.071 t=37s
[P775_h140_pad0.040_s7777] it  26 J=0.19539 A_min=0.1536 A_mean=0.2174 |g|=5.94e-03 bin=0.243 S_flip=0.072 t=38s
[P775_h140_pad0.040_s7777] it  27 J=0.19295 A_min=0.1556 A_mean=0.2045 |g|=1.45e-02 bin=0.216 S_flip=0.074 t=39s
[P775_h140_pad0.040_s7777] it  28 J=0.19205 A_min=0.1574 A_mean=0.2004 |g|=1.84e-02 bin=0.197 S_flip=0.076 t=41s
[P775_h140_pad0.040_s7777] it  29 J=0.19570 A_min=0.1590 A_mean=0.2063 |g|=1.61e-02 bin=0.182 S_flip=0.079 t=42s
[P775_h140_pad0.040_s7777] it  30 J=0.20098 A_min=0.1605 A_mean=0.2187 |g|=9.14e-03 bin=0.170 S_flip=0.083 t=43s
[P775_h140_pad0.040_s7777] it  31 J=0.20439 A_min=0.1619 A_mean=0.2290 |g|=3.31e-03 bin=0.160 S_flip=0.088 t=45s
[P775_h140_pad0.040_s7777] it  32 J=0.20583 A_min=0.1631 A_mean=0.2316 |g|=1.48e-03 bin=0.149 S_flip=0.093 t=46s
[P775_h140_pad0.040_s7777] it  33 J=0.20623 A_min=0.1642 A_mean=0.2293 |g|=2.44e-03 bin=0.139 S_flip=0.099 t=48s
[P775_h140_pad0.040_s7777] it  34 J=0.20619 A_min=0.1652 A_mean=0.2260 |g|=3.28e-03 bin=0.129 S_flip=0.105 t=49s
[P775_h140_pad0.040_s7777] it  35 J=0.20605 A_min=0.1660 A_mean=0.2233 |g|=3.73e-03 bin=0.119 S_flip=0.110 t=50s
[P775_h140_pad0.040_s7777] it  36 J=0.20598 A_min=0.1667 A_mean=0.2216 |g|=3.94e-03 bin=0.109 S_flip=0.114 t=52s
[P775_h140_pad0.040_s7777] it  37 J=0.20605 A_min=0.1673 A_mean=0.2206 |g|=4.02e-03 bin=0.101 S_flip=0.118 t=53s
[P775_h140_pad0.040_s7777] it  38 J=0.20626 A_min=0.1677 A_mean=0.2204 |g|=4.02e-03 bin=0.092 S_flip=0.122 t=55s
[P775_h140_pad0.040_s7777] it  39 J=0.20659 A_min=0.1681 A_mean=0.2206 |g|=3.99e-03 bin=0.085 S_flip=0.125 t=56s
[P775_h140_pad0.040_s7777] it  40 J=0.20704 A_min=0.1685 A_mean=0.2213 |g|=3.92e-03 bin=0.078 S_flip=0.128 t=57s
[P775_h140_pad0.040_s7777] it  41 J=0.20757 A_min=0.1687 A_mean=0.2224 |g|=3.82e-03 bin=0.072 S_flip=0.130 t=59s
[P775_h140_pad0.040_s7777] it  42 J=0.20816 A_min=0.1689 A_mean=0.2238 |g|=3.67e-03 bin=0.066 S_flip=0.132 t=60s
[P775_h140_pad0.040_s7777] it  43 J=0.20877 A_min=0.1691 A_mean=0.2255 |g|=3.45e-03 bin=0.060 S_flip=0.134 t=61s
[P775_h140_pad0.040_s7777] it  44 J=0.20939 A_min=0.1692 A_mean=0.2273 |g|=3.16e-03 bin=0.055 S_flip=0.136 t=63s
[P775_h140_pad0.040_s7777] it  45 J=0.20996 A_min=0.1693 A_mean=0.2292 |g|=2.78e-03 bin=0.051 S_flip=0.138 t=64s
[P775_h140_pad0.040_s7777] it  46 J=0.21047 A_min=0.1694 A_mean=0.2310 |g|=2.32e-03 bin=0.047 S_flip=0.140 t=65s
[P775_h140_pad0.040_s7777] it  47 J=0.21088 A_min=0.1695 A_mean=0.2326 |g|=1.80e-03 bin=0.043 S_flip=0.141 t=67s
[P775_h140_pad0.040_s7777] it  48 J=0.21118 A_min=0.1695 A_mean=0.2338 |g|=1.23e-03 bin=0.039 S_flip=0.143 t=68s
[P775_h140_pad0.040_s7777] it  49 J=0.21137 A_min=0.1696 A_mean=0.2346 |g|=7.51e-04 bin=0.036 S_flip=0.145 t=69s
[P775_h140_pad0.040_s7777] it  50 J=0.21145 A_min=0.1696 A_mean=0.2349 |g|=7.44e-04 bin=0.033 S_flip=0.147 t=71s
[P775_h140_pad0.040_s7777] it  51 J=0.21145 A_min=0.1696 A_mean=0.2348 |g|=1.23e-03 bin=0.031 S_flip=0.149 t=72s
[P775_h140_pad0.040_s7777] it  52 J=0.21140 A_min=0.1696 A_mean=0.2344 |g|=1.77e-03 bin=0.028 S_flip=0.151 t=73s
[P775_h140_pad0.040_s7777] it  53 J=0.21135 A_min=0.1696 A_mean=0.2341 |g|=2.22e-03 bin=0.026 S_flip=0.154 t=75s
[P775_h140_pad0.040_s7777] it  54 J=0.21132 A_min=0.1697 A_mean=0.2338 |g|=2.51e-03 bin=0.024 S_flip=0.156 t=76s
[P775_h140_pad0.040_s7777] it  55 J=0.21133 A_min=0.1697 A_mean=0.2338 |g|=2.61e-03 bin=0.022 S_flip=0.159 t=78s
[P775_h140_pad0.040_s7777] it  56 J=0.21139 A_min=0.1697 A_mean=0.2339 |g|=2.54e-03 bin=0.021 S_flip=0.161 t=79s
[P775_h140_pad0.040_s7777] it  57 J=0.21148 A_min=0.1698 A_mean=0.2342 |g|=2.34e-03 bin=0.019 S_flip=0.164 t=80s
[P775_h140_pad0.040_s7777] it  58 J=0.21158 A_min=0.1698 A_mean=0.2346 |g|=2.05e-03 bin=0.018 S_flip=0.167 t=81s
[P775_h140_pad0.040_s7777] it  59 J=0.21169 A_min=0.1699 A_mean=0.2350 |g|=1.73e-03 bin=0.016 S_flip=0.169 t=82s
[P775_h140_pad0.040_s7777] it  60 J=0.21178 A_min=0.1699 A_mean=0.2353 |g|=1.40e-03 bin=0.015 S_flip=0.172 t=84s
[P775_h140_pad0.040_s7777] it  61 J=0.21186 A_min=0.1699 A_mean=0.2356 |g|=1.11e-03 bin=0.014 S_flip=0.175 t=85s
[P775_h140_pad0.040_s7777] it  62 J=0.21192 A_min=0.1700 A_mean=0.2358 |g|=8.55e-04 bin=0.013 S_flip=0.177 t=86s
[P775_h140_pad0.040_s7777] it  63 J=0.21196 A_min=0.1700 A_mean=0.2359 |g|=6.49e-04 bin=0.012 S_flip=0.179 t=88s
[P775_h140_pad0.040_s7777] it  64 J=0.21199 A_min=0.1700 A_mean=0.2360 |g|=4.97e-04 bin=0.011 S_flip=0.181 t=89s
[P775_h140_pad0.040_s7777] it  65 J=0.21201 A_min=0.1701 A_mean=0.2360 |g|=4.06e-04 bin=0.010 S_flip=0.183 t=90s
[P775_h140_pad0.040_s7777] it  66 J=0.21203 A_min=0.1701 A_mean=0.2360 |g|=3.75e-04 bin=0.010 S_flip=0.185 t=92s
[P775_h140_pad0.040_s7777] it  67 J=0.21204 A_min=0.1701 A_mean=0.2360 |g|=3.88e-04 bin=0.009 S_flip=0.187 t=93s
[P775_h140_pad0.040_s7777] it  68 J=0.21204 A_min=0.1701 A_mean=0.2359 |g|=4.23e-04 bin=0.009 S_flip=0.188 t=94s
[P775_h140_pad0.040_s7777] it  69 J=0.21205 A_min=0.1702 A_mean=0.2359 |g|=4.63e-04 bin=0.008 S_flip=0.190 t=96s
[P775_h140_pad0.040_s7777] it  70 J=0.21205 A_min=0.1702 A_mean=0.2358 |g|=4.99e-04 bin=0.007 S_flip=0.191 t=97s
[P775_h140_pad0.040_s7777] it  71 J=0.21205 A_min=0.1702 A_mean=0.2358 |g|=5.29e-04 bin=0.007 S_flip=0.193 t=98s
[P775_h140_pad0.040_s7777] it  72 J=0.21206 A_min=0.1702 A_mean=0.2358 |g|=5.51e-04 bin=0.006 S_flip=0.194 t=99s
[P775_h140_pad0.040_s7777] it  73 J=0.21206 A_min=0.1702 A_mean=0.2358 |g|=5.64e-04 bin=0.006 S_flip=0.195 t=101s
[P775_h140_pad0.040_s7777] it  74 J=0.21206 A_min=0.1702 A_mean=0.2358 |g|=5.70e-04 bin=0.006 S_flip=0.196 t=102s
[P775_h140_pad0.040_s7777] it  75 J=0.21207 A_min=0.1702 A_mean=0.2358 |g|=5.69e-04 bin=0.005 S_flip=0.197 t=103s
[P775_h140_pad0.040_s7777] it  76 J=0.21207 A_min=0.1702 A_mean=0.2358 |g|=5.64e-04 bin=0.005 S_flip=0.198 t=105s
[P775_h140_pad0.040_s7777] it  77 J=0.21208 A_min=0.1702 A_mean=0.2358 |g|=5.53e-04 bin=0.004 S_flip=0.199 t=106s
[P775_h140_pad0.040_s7777] it  78 J=0.21208 A_min=0.1702 A_mean=0.2358 |g|=5.39e-04 bin=0.004 S_flip=0.200 t=108s
[P775_h140_pad0.040_s7777] it  79 J=0.21208 A_min=0.1702 A_mean=0.2358 |g|=5.21e-04 bin=0.004 S_flip=0.200 t=109s
[P775_h140_pad0.040_s7777] it  80 J=0.21209 A_min=0.1702 A_mean=0.2358 |g|=5.00e-04 bin=0.003 S_flip=0.201 t=110s
[P775_h140_pad0.040_s7777] it  81 J=0.21209 A_min=0.1702 A_mean=0.2358 |g|=4.76e-04 bin=0.003 S_flip=0.201 t=112s
[P775_h140_pad0.040_s7777] it  82 J=0.21210 A_min=0.1702 A_mean=0.2359 |g|=4.50e-04 bin=0.003 S_flip=0.202 t=113s
[P775_h140_pad0.040_s7777] it  83 J=0.21210 A_min=0.1702 A_mean=0.2359 |g|=4.24e-04 bin=0.003 S_flip=0.203 t=114s
[P775_h140_pad0.040_s7777] it  84 J=0.21210 A_min=0.1702 A_mean=0.2359 |g|=3.99e-04 bin=0.002 S_flip=0.203 t=115s
[P775_h140_pad0.040_s7777] it  85 J=0.21210 A_min=0.1702 A_mean=0.2359 |g|=3.78e-04 bin=0.002 S_flip=0.203 t=117s
[P775_h140_pad0.040_s7777] it  86 J=0.21211 A_min=0.1702 A_mean=0.2359 |g|=3.60e-04 bin=0.002 S_flip=0.204 t=118s
[P775_h140_pad0.040_s7777] it  87 J=0.21211 A_min=0.1702 A_mean=0.2359 |g|=3.47e-04 bin=0.002 S_flip=0.204 t=119s
[P775_h140_pad0.040_s7777] it  88 J=0.21211 A_min=0.1702 A_mean=0.2359 |g|=3.38e-04 bin=0.002 S_flip=0.205 t=121s
[P775_h140_pad0.040_s7777] it  89 J=0.21211 A_min=0.1702 A_mean=0.2359 |g|=3.33e-04 bin=0.002 S_flip=0.205 t=122s
[P775_h140_pad0.040_s7777] it  90 J=0.21211 A_min=0.1702 A_mean=0.2359 |g|=3.31e-04 bin=0.001 S_flip=0.205 t=124s
[P775_h140_pad0.040_s7777] it  91 J=0.21211 A_min=0.1702 A_mean=0.2359 |g|=3.32e-04 bin=0.001 S_flip=0.205 t=125s
[P775_h140_pad0.040_s7777] it  92 J=0.21211 A_min=0.1702 A_mean=0.2359 |g|=3.34e-04 bin=0.001 S_flip=0.206 t=126s
[P775_h140_pad0.040_s7777] it  93 J=0.21211 A_min=0.1702 A_mean=0.2359 |g|=3.38e-04 bin=0.001 S_flip=0.206 t=128s
[P775_h140_pad0.040_s7777] it  94 J=0.21211 A_min=0.1702 A_mean=0.2359 |g|=3.43e-04 bin=0.001 S_flip=0.206 t=129s
[P775_h140_pad0.040_s7777] it  95 J=0.21211 A_min=0.1702 A_mean=0.2359 |g|=3.49e-04 bin=0.001 S_flip=0.206 t=130s
[P775_h140_pad0.040_s7777] it  96 J=0.21211 A_min=0.1702 A_mean=0.2359 |g|=3.56e-04 bin=0.001 S_flip=0.206 t=132s
[P775_h140_pad0.040_s7777] it  97 J=0.21211 A_min=0.1702 A_mean=0.2359 |g|=3.63e-04 bin=0.001 S_flip=0.206 t=133s
[P775_h140_pad0.040_s7777] it  98 J=0.21211 A_min=0.1702 A_mean=0.2359 |g|=3.72e-04 bin=0.001 S_flip=0.206 t=135s
[P775_h140_pad0.040_s7777] it  99 J=0.21211 A_min=0.1702 A_mean=0.2359 |g|=3.80e-04 bin=0.001 S_flip=0.207 t=136s
[P775_h140_pad0.040_s7777] done: J_soft=0.21211 J_hard=0.21211 A_hard=[0.1703, 0.2208, 0.3165] S_flip=0.208 wall=138s
[P775_h140_pad0.080_s333] it   0 J=0.09592 A_min=0.0855 A_mean=0.0974 |g|=2.09e-03 bin=0.663 S_flip=0.057 t=1s
[P775_h140_pad0.080_s333] it   1 J=0.09692 A_min=0.0864 A_mean=0.0984 |g|=2.19e-03 bin=0.660 S_flip=0.058 t=3s
[P775_h140_pad0.080_s333] it   2 J=0.09804 A_min=0.0873 A_mean=0.0996 |g|=2.30e-03 bin=0.658 S_flip=0.059 t=4s
[P775_h140_pad0.080_s333] it   3 J=0.09929 A_min=0.0884 A_mean=0.1008 |g|=2.43e-03 bin=0.655 S_flip=0.060 t=5s
[P775_h140_pad0.080_s333] it   4 J=0.10071 A_min=0.0896 A_mean=0.1023 |g|=2.58e-03 bin=0.651 S_flip=0.062 t=7s
[P775_h140_pad0.080_s333] it   5 J=0.10233 A_min=0.0910 A_mean=0.1039 |g|=2.74e-03 bin=0.647 S_flip=0.063 t=8s
[P775_h140_pad0.080_s333] it   6 J=0.10418 A_min=0.0925 A_mean=0.1058 |g|=2.92e-03 bin=0.641 S_flip=0.065 t=10s
[P775_h140_pad0.080_s333] it   7 J=0.10630 A_min=0.0943 A_mean=0.1080 |g|=3.13e-03 bin=0.635 S_flip=0.066 t=11s
[P775_h140_pad0.080_s333] it   8 J=0.10874 A_min=0.0963 A_mean=0.1105 |g|=3.35e-03 bin=0.628 S_flip=0.068 t=13s
[P775_h140_pad0.080_s333] it   9 J=0.11155 A_min=0.0987 A_mean=0.1133 |g|=3.58e-03 bin=0.619 S_flip=0.070 t=14s
[P775_h140_pad0.080_s333] it  10 J=0.11477 A_min=0.1014 A_mean=0.1166 |g|=3.83e-03 bin=0.608 S_flip=0.072 t=15s
[P775_h140_pad0.080_s333] it  11 J=0.11846 A_min=0.1044 A_mean=0.1204 |g|=4.08e-03 bin=0.596 S_flip=0.074 t=17s
[P775_h140_pad0.080_s333] it  12 J=0.12264 A_min=0.1078 A_mean=0.1246 |g|=4.33e-03 bin=0.581 S_flip=0.076 t=18s
[P775_h140_pad0.080_s333] it  13 J=0.12734 A_min=0.1117 A_mean=0.1294 |g|=4.54e-03 bin=0.563 S_flip=0.077 t=20s
[P775_h140_pad0.080_s333] it  14 J=0.13255 A_min=0.1158 A_mean=0.1347 |g|=4.72e-03 bin=0.541 S_flip=0.079 t=22s
[P775_h140_pad0.080_s333] it  15 J=0.13822 A_min=0.1203 A_mean=0.1405 |g|=4.83e-03 bin=0.517 S_flip=0.081 t=26s
[P775_h140_pad0.080_s333] it  16 J=0.14427 A_min=0.1250 A_mean=0.1467 |g|=4.86e-03 bin=0.489 S_flip=0.082 t=28s
[P775_h140_pad0.080_s333] it  17 J=0.15057 A_min=0.1299 A_mean=0.1533 |g|=4.81e-03 bin=0.458 S_flip=0.083 t=29s
[P775_h140_pad0.080_s333] it  18 J=0.15697 A_min=0.1346 A_mean=0.1599 |g|=4.69e-03 bin=0.425 S_flip=0.085 t=30s
[P775_h140_pad0.080_s333] it  19 J=0.16332 A_min=0.1392 A_mean=0.1666 |g|=4.51e-03 bin=0.390 S_flip=0.086 t=32s
[P775_h140_pad0.080_s333] it  20 J=0.16945 A_min=0.1435 A_mean=0.1732 |g|=4.30e-03 bin=0.355 S_flip=0.087 t=33s
[P775_h140_pad0.080_s333] it  21 J=0.17525 A_min=0.1474 A_mean=0.1796 |g|=4.11e-03 bin=0.320 S_flip=0.088 t=35s
[P775_h140_pad0.080_s333] it  22 J=0.18064 A_min=0.1509 A_mean=0.1858 |g|=3.95e-03 bin=0.287 S_flip=0.090 t=36s
[P775_h140_pad0.080_s333] it  23 J=0.18559 A_min=0.1538 A_mean=0.1919 |g|=3.84e-03 bin=0.256 S_flip=0.091 t=38s
[P775_h140_pad0.080_s333] it  24 J=0.19007 A_min=0.1563 A_mean=0.1978 |g|=3.75e-03 bin=0.228 S_flip=0.093 t=39s
[P775_h140_pad0.080_s333] it  25 J=0.19408 A_min=0.1584 A_mean=0.2037 |g|=3.62e-03 bin=0.202 S_flip=0.095 t=41s
[P775_h140_pad0.080_s333] it  26 J=0.19758 A_min=0.1601 A_mean=0.2096 |g|=3.41e-03 bin=0.178 S_flip=0.098 t=42s
[P775_h140_pad0.080_s333] it  27 J=0.20055 A_min=0.1614 A_mean=0.2154 |g|=3.06e-03 bin=0.158 S_flip=0.100 t=44s
[P775_h140_pad0.080_s333] it  28 J=0.20296 A_min=0.1625 A_mean=0.2208 |g|=2.56e-03 bin=0.140 S_flip=0.103 t=45s
[P775_h140_pad0.080_s333] it  29 J=0.20479 A_min=0.1634 A_mean=0.2254 |g|=1.96e-03 bin=0.124 S_flip=0.106 t=46s
[P775_h140_pad0.080_s333] it  30 J=0.20606 A_min=0.1641 A_mean=0.2286 |g|=1.38e-03 bin=0.111 S_flip=0.109 t=48s
[P775_h140_pad0.080_s333] it  31 J=0.20684 A_min=0.1647 A_mean=0.2301 |g|=1.12e-03 bin=0.099 S_flip=0.113 t=49s
[P775_h140_pad0.080_s333] it  32 J=0.20723 A_min=0.1652 A_mean=0.2301 |g|=1.49e-03 bin=0.089 S_flip=0.116 t=51s
[P775_h140_pad0.080_s333] it  33 J=0.20736 A_min=0.1656 A_mean=0.2292 |g|=2.18e-03 bin=0.081 S_flip=0.120 t=52s
[P775_h140_pad0.080_s333] it  34 J=0.20736 A_min=0.1660 A_mean=0.2279 |g|=2.88e-03 bin=0.073 S_flip=0.124 t=53s
[P775_h140_pad0.080_s333] it  35 J=0.20740 A_min=0.1663 A_mean=0.2270 |g|=3.38e-03 bin=0.067 S_flip=0.128 t=55s
[P775_h140_pad0.080_s333] it  36 J=0.20758 A_min=0.1667 A_mean=0.2267 |g|=3.59e-03 bin=0.062 S_flip=0.133 t=56s
[P775_h140_pad0.080_s333] it  37 J=0.20790 A_min=0.1670 A_mean=0.2270 |g|=3.52e-03 bin=0.057 S_flip=0.137 t=58s
[P775_h140_pad0.080_s333] it  38 J=0.20835 A_min=0.1673 A_mean=0.2279 |g|=3.22e-03 bin=0.053 S_flip=0.142 t=59s
[P775_h140_pad0.080_s333] it  39 J=0.20885 A_min=0.1676 A_mean=0.2291 |g|=2.79e-03 bin=0.049 S_flip=0.146 t=60s
[P775_h140_pad0.080_s333] it  40 J=0.20933 A_min=0.1679 A_mean=0.2302 |g|=2.30e-03 bin=0.045 S_flip=0.151 t=61s
[P775_h140_pad0.080_s333] it  41 J=0.20976 A_min=0.1682 A_mean=0.2313 |g|=1.83e-03 bin=0.042 S_flip=0.156 t=63s
[P775_h140_pad0.080_s333] it  42 J=0.21011 A_min=0.1684 A_mean=0.2320 |g|=1.41e-03 bin=0.039 S_flip=0.161 t=64s
[P775_h140_pad0.080_s333] it  43 J=0.21038 A_min=0.1687 A_mean=0.2326 |g|=1.07e-03 bin=0.036 S_flip=0.166 t=65s
[P775_h140_pad0.080_s333] it  44 J=0.21058 A_min=0.1689 A_mean=0.2328 |g|=8.26e-04 bin=0.034 S_flip=0.171 t=67s
[P775_h140_pad0.080_s333] it  45 J=0.21073 A_min=0.1690 A_mean=0.2329 |g|=6.76e-04 bin=0.032 S_flip=0.175 t=68s
[P775_h140_pad0.080_s333] it  46 J=0.21083 A_min=0.1692 A_mean=0.2329 |g|=6.19e-04 bin=0.029 S_flip=0.179 t=70s
[P775_h140_pad0.080_s333] it  47 J=0.21091 A_min=0.1693 A_mean=0.2328 |g|=6.31e-04 bin=0.027 S_flip=0.183 t=71s
[P775_h140_pad0.080_s333] it  48 J=0.21096 A_min=0.1694 A_mean=0.2327 |g|=6.77e-04 bin=0.026 S_flip=0.187 t=72s
[P775_h140_pad0.080_s333] it  49 J=0.21099 A_min=0.1695 A_mean=0.2325 |g|=7.33e-04 bin=0.024 S_flip=0.191 t=74s
[P775_h140_pad0.080_s333] it  50 J=0.21102 A_min=0.1696 A_mean=0.2324 |g|=7.87e-04 bin=0.022 S_flip=0.194 t=75s
[P775_h140_pad0.080_s333] it  51 J=0.21105 A_min=0.1697 A_mean=0.2323 |g|=8.34e-04 bin=0.021 S_flip=0.197 t=76s
[P775_h140_pad0.080_s333] it  52 J=0.21107 A_min=0.1698 A_mean=0.2323 |g|=8.74e-04 bin=0.019 S_flip=0.200 t=78s
[P775_h140_pad0.080_s333] it  53 J=0.21110 A_min=0.1698 A_mean=0.2322 |g|=9.08e-04 bin=0.018 S_flip=0.202 t=79s
[P775_h140_pad0.080_s333] it  54 J=0.21113 A_min=0.1698 A_mean=0.2323 |g|=9.38e-04 bin=0.017 S_flip=0.205 t=81s
[P775_h140_pad0.080_s333] it  55 J=0.21116 A_min=0.1699 A_mean=0.2323 |g|=9.64e-04 bin=0.016 S_flip=0.207 t=82s
[P775_h140_pad0.080_s333] it  56 J=0.21119 A_min=0.1699 A_mean=0.2324 |g|=9.87e-04 bin=0.015 S_flip=0.209 t=83s
[P775_h140_pad0.080_s333] it  57 J=0.21123 A_min=0.1699 A_mean=0.2325 |g|=1.00e-03 bin=0.014 S_flip=0.211 t=84s
[P775_h140_pad0.080_s333] it  58 J=0.21127 A_min=0.1699 A_mean=0.2327 |g|=1.00e-03 bin=0.013 S_flip=0.213 t=86s
[P775_h140_pad0.080_s333] it  59 J=0.21132 A_min=0.1699 A_mean=0.2328 |g|=9.80e-04 bin=0.012 S_flip=0.215 t=87s
[P775_h140_pad0.080_s333] it  60 J=0.21136 A_min=0.1699 A_mean=0.2330 |g|=9.39e-04 bin=0.011 S_flip=0.217 t=88s
[P775_h140_pad0.080_s333] it  61 J=0.21140 A_min=0.1699 A_mean=0.2332 |g|=8.83e-04 bin=0.011 S_flip=0.219 t=90s
[P775_h140_pad0.080_s333] it  62 J=0.21144 A_min=0.1700 A_mean=0.2333 |g|=8.24e-04 bin=0.010 S_flip=0.220 t=91s
[P775_h140_pad0.080_s333] it  63 J=0.21147 A_min=0.1700 A_mean=0.2335 |g|=7.70e-04 bin=0.009 S_flip=0.222 t=92s
[P775_h140_pad0.080_s333] it  64 J=0.21151 A_min=0.1700 A_mean=0.2336 |g|=7.28e-04 bin=0.009 S_flip=0.224 t=94s
[P775_h140_pad0.080_s333] it  65 J=0.21153 A_min=0.1700 A_mean=0.2338 |g|=6.99e-04 bin=0.008 S_flip=0.225 t=95s
[P775_h140_pad0.080_s333] it  66 J=0.21156 A_min=0.1700 A_mean=0.2339 |g|=6.88e-04 bin=0.007 S_flip=0.227 t=96s
[P775_h140_pad0.080_s333] it  67 J=0.21158 A_min=0.1700 A_mean=0.2340 |g|=6.98e-04 bin=0.007 S_flip=0.228 t=98s
[P775_h140_pad0.080_s333] it  68 J=0.21160 A_min=0.1700 A_mean=0.2341 |g|=7.31e-04 bin=0.006 S_flip=0.230 t=99s
[P775_h140_pad0.080_s333] it  69 J=0.21162 A_min=0.1700 A_mean=0.2342 |g|=7.85e-04 bin=0.006 S_flip=0.231 t=100s
[P775_h140_pad0.080_s333] it  70 J=0.21165 A_min=0.1700 A_mean=0.2343 |g|=8.45e-04 bin=0.006 S_flip=0.232 t=102s
[P775_h140_pad0.080_s333] it  71 J=0.21167 A_min=0.1700 A_mean=0.2344 |g|=8.84e-04 bin=0.005 S_flip=0.234 t=103s
[P775_h140_pad0.080_s333] it  72 J=0.21169 A_min=0.1700 A_mean=0.2345 |g|=8.73e-04 bin=0.005 S_flip=0.235 t=104s
[P775_h140_pad0.080_s333] it  73 J=0.21171 A_min=0.1700 A_mean=0.2346 |g|=8.11e-04 bin=0.005 S_flip=0.237 t=106s
[P775_h140_pad0.080_s333] it  74 J=0.21172 A_min=0.1700 A_mean=0.2347 |g|=7.27e-04 bin=0.004 S_flip=0.238 t=107s
[P775_h140_pad0.080_s333] it  75 J=0.21174 A_min=0.1700 A_mean=0.2348 |g|=6.50e-04 bin=0.004 S_flip=0.239 t=109s
[P775_h140_pad0.080_s333] it  76 J=0.21175 A_min=0.1700 A_mean=0.2349 |g|=5.91e-04 bin=0.004 S_flip=0.240 t=110s
[P775_h140_pad0.080_s333] it  77 J=0.21176 A_min=0.1700 A_mean=0.2349 |g|=5.52e-04 bin=0.003 S_flip=0.241 t=111s
[P775_h140_pad0.080_s333] it  78 J=0.21177 A_min=0.1700 A_mean=0.2350 |g|=5.27e-04 bin=0.003 S_flip=0.241 t=113s
[P775_h140_pad0.080_s333] it  79 J=0.21178 A_min=0.1700 A_mean=0.2350 |g|=5.07e-04 bin=0.003 S_flip=0.242 t=114s
[P775_h140_pad0.080_s333] it  80 J=0.21178 A_min=0.1700 A_mean=0.2350 |g|=4.91e-04 bin=0.003 S_flip=0.242 t=116s
[P775_h140_pad0.080_s333] it  81 J=0.21179 A_min=0.1700 A_mean=0.2350 |g|=4.79e-04 bin=0.002 S_flip=0.243 t=117s
[P775_h140_pad0.080_s333] it  82 J=0.21179 A_min=0.1700 A_mean=0.2351 |g|=4.74e-04 bin=0.002 S_flip=0.243 t=118s
[P775_h140_pad0.080_s333] it  83 J=0.21180 A_min=0.1700 A_mean=0.2351 |g|=4.76e-04 bin=0.002 S_flip=0.244 t=120s
[P775_h140_pad0.080_s333] it  84 J=0.21180 A_min=0.1700 A_mean=0.2351 |g|=4.84e-04 bin=0.002 S_flip=0.244 t=121s
[P775_h140_pad0.080_s333] it  85 J=0.21180 A_min=0.1700 A_mean=0.2351 |g|=4.92e-04 bin=0.002 S_flip=0.244 t=122s
[P775_h140_pad0.080_s333] it  86 J=0.21181 A_min=0.1700 A_mean=0.2351 |g|=4.96e-04 bin=0.002 S_flip=0.244 t=124s
[P775_h140_pad0.080_s333] it  87 J=0.21181 A_min=0.1700 A_mean=0.2351 |g|=4.92e-04 bin=0.002 S_flip=0.245 t=125s
[P775_h140_pad0.080_s333] it  88 J=0.21181 A_min=0.1700 A_mean=0.2351 |g|=4.80e-04 bin=0.001 S_flip=0.245 t=127s
[P775_h140_pad0.080_s333] it  89 J=0.21181 A_min=0.1700 A_mean=0.2351 |g|=4.63e-04 bin=0.001 S_flip=0.245 t=128s
[P775_h140_pad0.080_s333] it  90 J=0.21181 A_min=0.1700 A_mean=0.2351 |g|=4.42e-04 bin=0.001 S_flip=0.245 t=130s
[P775_h140_pad0.080_s333] it  91 J=0.21181 A_min=0.1700 A_mean=0.2351 |g|=4.21e-04 bin=0.001 S_flip=0.245 t=131s
[P775_h140_pad0.080_s333] it  92 J=0.21182 A_min=0.1700 A_mean=0.2351 |g|=3.99e-04 bin=0.001 S_flip=0.245 t=132s
[P775_h140_pad0.080_s333] it  93 J=0.21182 A_min=0.1700 A_mean=0.2351 |g|=3.80e-04 bin=0.001 S_flip=0.246 t=134s
[P775_h140_pad0.080_s333] it  94 J=0.21182 A_min=0.1700 A_mean=0.2351 |g|=3.62e-04 bin=0.001 S_flip=0.246 t=135s
[P775_h140_pad0.080_s333] it  95 J=0.21182 A_min=0.1700 A_mean=0.2351 |g|=3.45e-04 bin=0.001 S_flip=0.246 t=136s
[P775_h140_pad0.080_s333] it  96 J=0.21182 A_min=0.1700 A_mean=0.2351 |g|=3.30e-04 bin=0.001 S_flip=0.246 t=138s
[P775_h140_pad0.080_s333] it  97 J=0.21182 A_min=0.1700 A_mean=0.2351 |g|=3.17e-04 bin=0.001 S_flip=0.246 t=139s
[P775_h140_pad0.080_s333] it  98 J=0.21182 A_min=0.1700 A_mean=0.2350 |g|=3.05e-04 bin=0.001 S_flip=0.246 t=140s
[P775_h140_pad0.080_s333] it  99 J=0.21182 A_min=0.1700 A_mean=0.2350 |g|=2.94e-04 bin=0.001 S_flip=0.246 t=142s
[P775_h140_pad0.080_s333] done: J_soft=0.21182 J_hard=0.21182 A_hard=[0.17, 0.2209, 0.3141] S_flip=0.247 wall=143s
[P775_h140_pad0.080_s1001] it   0 J=0.09467 A_min=0.0845 A_mean=0.0961 |g|=2.06e-03 bin=0.662 S_flip=0.063 t=1s
[P775_h140_pad0.080_s1001] it   1 J=0.09560 A_min=0.0853 A_mean=0.0971 |g|=2.16e-03 bin=0.660 S_flip=0.064 t=3s
[P775_h140_pad0.080_s1001] it   2 J=0.09664 A_min=0.0862 A_mean=0.0981 |g|=2.27e-03 bin=0.657 S_flip=0.065 t=4s
[P775_h140_pad0.080_s1001] it   3 J=0.09780 A_min=0.0872 A_mean=0.0993 |g|=2.40e-03 bin=0.655 S_flip=0.066 t=6s
[P775_h140_pad0.080_s1001] it   4 J=0.09912 A_min=0.0883 A_mean=0.1007 |g|=2.55e-03 bin=0.651 S_flip=0.067 t=7s
[P775_h140_pad0.080_s1001] it   5 J=0.10063 A_min=0.0896 A_mean=0.1022 |g|=2.71e-03 bin=0.647 S_flip=0.069 t=9s
[P775_h140_pad0.080_s1001] it   6 J=0.10235 A_min=0.0910 A_mean=0.1040 |g|=2.90e-03 bin=0.643 S_flip=0.070 t=10s
[P775_h140_pad0.080_s1001] it   7 J=0.10434 A_min=0.0927 A_mean=0.1060 |g|=3.10e-03 bin=0.637 S_flip=0.071 t=11s
[P775_h140_pad0.080_s1001] it   8 J=0.10663 A_min=0.0947 A_mean=0.1083 |g|=3.33e-03 bin=0.630 S_flip=0.073 t=13s
[P775_h140_pad0.080_s1001] it   9 J=0.10928 A_min=0.0969 A_mean=0.1110 |g|=3.57e-03 bin=0.622 S_flip=0.074 t=14s
[P775_h140_pad0.080_s1001] it  10 J=0.11234 A_min=0.0995 A_mean=0.1141 |g|=3.83e-03 bin=0.613 S_flip=0.076 t=15s
[P775_h140_pad0.080_s1001] it  11 J=0.11587 A_min=0.1024 A_mean=0.1177 |g|=4.10e-03 bin=0.601 S_flip=0.077 t=17s
[P775_h140_pad0.080_s1001] it  12 J=0.11990 A_min=0.1057 A_mean=0.1218 |g|=4.36e-03 bin=0.587 S_flip=0.077 t=18s
[P775_h140_pad0.080_s1001] it  13 J=0.12446 A_min=0.1095 A_mean=0.1265 |g|=4.61e-03 bin=0.571 S_flip=0.078 t=19s
[P775_h140_pad0.080_s1001] it  14 J=0.12957 A_min=0.1137 A_mean=0.1317 |g|=4.81e-03 bin=0.551 S_flip=0.078 t=21s
[P775_h140_pad0.080_s1001] it  15 J=0.13519 A_min=0.1182 A_mean=0.1374 |g|=4.96e-03 bin=0.528 S_flip=0.078 t=22s
[P775_h140_pad0.080_s1001] it  16 J=0.14125 A_min=0.1230 A_mean=0.1436 |g|=5.01e-03 bin=0.501 S_flip=0.077 t=23s
[P775_h140_pad0.080_s1001] it  17 J=0.14762 A_min=0.1280 A_mean=0.1502 |g|=4.98e-03 bin=0.471 S_flip=0.077 t=25s
[P775_h140_pad0.080_s1001] it  18 J=0.15414 A_min=0.1330 A_mean=0.1569 |g|=4.86e-03 bin=0.439 S_flip=0.076 t=26s
[P775_h140_pad0.080_s1001] it  19 J=0.16064 A_min=0.1378 A_mean=0.1637 |g|=4.66e-03 bin=0.404 S_flip=0.075 t=27s
[P775_h140_pad0.080_s1001] it  20 J=0.16695 A_min=0.1424 A_mean=0.1704 |g|=4.43e-03 bin=0.368 S_flip=0.074 t=29s
[P775_h140_pad0.080_s1001] it  21 J=0.17294 A_min=0.1466 A_mean=0.1768 |g|=4.20e-03 bin=0.333 S_flip=0.073 t=30s
[P775_h140_pad0.080_s1001] it  22 J=0.17850 A_min=0.1503 A_mean=0.1830 |g|=4.00e-03 bin=0.299 S_flip=0.072 t=31s
[P775_h140_pad0.080_s1001] it  23 J=0.18360 A_min=0.1535 A_mean=0.1889 |g|=3.87e-03 bin=0.266 S_flip=0.072 t=33s
[P775_h140_pad0.080_s1001] it  24 J=0.18823 A_min=0.1562 A_mean=0.1947 |g|=3.78e-03 bin=0.236 S_flip=0.072 t=34s
[P775_h140_pad0.080_s1001] it  25 J=0.19239 A_min=0.1584 A_mean=0.2003 |g|=3.70e-03 bin=0.209 S_flip=0.073 t=35s
[P775_h140_pad0.080_s1001] it  26 J=0.19608 A_min=0.1603 A_mean=0.2058 |g|=3.58e-03 bin=0.185 S_flip=0.074 t=37s
[P775_h140_pad0.080_s1001] it  27 J=0.19929 A_min=0.1618 A_mean=0.2113 |g|=3.35e-03 bin=0.163 S_flip=0.075 t=38s
[P775_h140_pad0.080_s1001] it  28 J=0.20198 A_min=0.1629 A_mean=0.2165 |g|=2.97e-03 bin=0.144 S_flip=0.077 t=40s
[P775_h140_pad0.080_s1001] it  29 J=0.20413 A_min=0.1639 A_mean=0.2214 |g|=2.44e-03 bin=0.128 S_flip=0.079 t=41s
[P775_h140_pad0.080_s1001] it  30 J=0.20573 A_min=0.1646 A_mean=0.2253 |g|=1.82e-03 bin=0.113 S_flip=0.081 t=43s
[P775_h140_pad0.080_s1001] it  31 J=0.20681 A_min=0.1652 A_mean=0.2279 |g|=1.25e-03 bin=0.101 S_flip=0.084 t=44s
[P775_h140_pad0.080_s1001] it  32 J=0.20743 A_min=0.1657 A_mean=0.2290 |g|=1.12e-03 bin=0.090 S_flip=0.087 t=45s
[P775_h140_pad0.080_s1001] it  33 J=0.20770 A_min=0.1661 A_mean=0.2288 |g|=1.60e-03 bin=0.082 S_flip=0.089 t=47s
[P775_h140_pad0.080_s1001] it  34 J=0.20776 A_min=0.1665 A_mean=0.2279 |g|=2.31e-03 bin=0.074 S_flip=0.092 t=48s
[P775_h140_pad0.080_s1001] it  35 J=0.20774 A_min=0.1668 A_mean=0.2268 |g|=2.95e-03 bin=0.067 S_flip=0.095 t=49s
[P775_h140_pad0.080_s1001] it  36 J=0.20779 A_min=0.1671 A_mean=0.2262 |g|=3.37e-03 bin=0.062 S_flip=0.097 t=51s
[P775_h140_pad0.080_s1001] it  37 J=0.20796 A_min=0.1674 A_mean=0.2261 |g|=3.51e-03 bin=0.057 S_flip=0.100 t=52s
[P775_h140_pad0.080_s1001] it  38 J=0.20829 A_min=0.1677 A_mean=0.2265 |g|=3.39e-03 bin=0.052 S_flip=0.102 t=53s
[P775_h140_pad0.080_s1001] it  39 J=0.20871 A_min=0.1679 A_mean=0.2274 |g|=3.07e-03 bin=0.048 S_flip=0.105 t=55s
[P775_h140_pad0.080_s1001] it  40 J=0.20917 A_min=0.1682 A_mean=0.2285 |g|=2.64e-03 bin=0.045 S_flip=0.107 t=56s
[P775_h140_pad0.080_s1001] it  41 J=0.20961 A_min=0.1685 A_mean=0.2295 |g|=2.17e-03 bin=0.042 S_flip=0.109 t=58s
[P775_h140_pad0.080_s1001] it  42 J=0.21000 A_min=0.1687 A_mean=0.2304 |g|=1.72e-03 bin=0.039 S_flip=0.112 t=59s
[P775_h140_pad0.080_s1001] it  43 J=0.21031 A_min=0.1689 A_mean=0.2311 |g|=1.33e-03 bin=0.036 S_flip=0.114 t=60s
[P775_h140_pad0.080_s1001] it  44 J=0.21055 A_min=0.1691 A_mean=0.2316 |g|=1.02e-03 bin=0.034 S_flip=0.117 t=62s
[P775_h140_pad0.080_s1001] it  45 J=0.21073 A_min=0.1693 A_mean=0.2318 |g|=7.87e-04 bin=0.031 S_flip=0.119 t=63s
[P775_h140_pad0.080_s1001] it  46 J=0.21086 A_min=0.1695 A_mean=0.2319 |g|=6.55e-04 bin=0.029 S_flip=0.121 t=64s
[P775_h140_pad0.080_s1001] it  47 J=0.21095 A_min=0.1696 A_mean=0.2319 |g|=6.14e-04 bin=0.027 S_flip=0.123 t=66s
[P775_h140_pad0.080_s1001] it  48 J=0.21101 A_min=0.1697 A_mean=0.2319 |g|=6.35e-04 bin=0.025 S_flip=0.125 t=67s
[P775_h140_pad0.080_s1001] it  49 J=0.21106 A_min=0.1698 A_mean=0.2318 |g|=6.88e-04 bin=0.024 S_flip=0.127 t=68s
[P775_h140_pad0.080_s1001] it  50 J=0.21109 A_min=0.1699 A_mean=0.2317 |g|=7.50e-04 bin=0.022 S_flip=0.129 t=70s
[P775_h140_pad0.080_s1001] it  51 J=0.21112 A_min=0.1699 A_mean=0.2316 |g|=8.11e-04 bin=0.021 S_flip=0.131 t=71s
[P775_h140_pad0.080_s1001] it  52 J=0.21114 A_min=0.1700 A_mean=0.2316 |g|=8.67e-04 bin=0.019 S_flip=0.132 t=72s
[P775_h140_pad0.080_s1001] it  53 J=0.21117 A_min=0.1700 A_mean=0.2316 |g|=9.17e-04 bin=0.018 S_flip=0.134 t=74s
[P775_h140_pad0.080_s1001] it  54 J=0.21120 A_min=0.1701 A_mean=0.2316 |g|=9.57e-04 bin=0.017 S_flip=0.135 t=75s
[P775_h140_pad0.080_s1001] it  55 J=0.21124 A_min=0.1701 A_mean=0.2317 |g|=9.85e-04 bin=0.016 S_flip=0.137 t=76s
[P775_h140_pad0.080_s1001] it  56 J=0.21127 A_min=0.1701 A_mean=0.2318 |g|=9.97e-04 bin=0.015 S_flip=0.138 t=78s
[P775_h140_pad0.080_s1001] it  57 J=0.21131 A_min=0.1701 A_mean=0.2319 |g|=9.88e-04 bin=0.014 S_flip=0.139 t=79s
[P775_h140_pad0.080_s1001] it  58 J=0.21136 A_min=0.1702 A_mean=0.2321 |g|=9.59e-04 bin=0.013 S_flip=0.141 t=80s
[P775_h140_pad0.080_s1001] it  59 J=0.21140 A_min=0.1702 A_mean=0.2323 |g|=9.18e-04 bin=0.012 S_flip=0.142 t=82s
[P775_h140_pad0.080_s1001] it  60 J=0.21144 A_min=0.1702 A_mean=0.2324 |g|=8.70e-04 bin=0.012 S_flip=0.143 t=83s
[P775_h140_pad0.080_s1001] it  61 J=0.21148 A_min=0.1702 A_mean=0.2326 |g|=8.21e-04 bin=0.011 S_flip=0.144 t=84s
[P775_h140_pad0.080_s1001] it  62 J=0.21151 A_min=0.1702 A_mean=0.2327 |g|=7.74e-04 bin=0.010 S_flip=0.146 t=86s
[P775_h140_pad0.080_s1001] it  63 J=0.21154 A_min=0.1702 A_mean=0.2329 |g|=7.31e-04 bin=0.010 S_flip=0.147 t=87s
[P775_h140_pad0.080_s1001] it  64 J=0.21157 A_min=0.1702 A_mean=0.2330 |g|=6.93e-04 bin=0.009 S_flip=0.149 t=88s
[P775_h140_pad0.080_s1001] it  65 J=0.21160 A_min=0.1702 A_mean=0.2331 |g|=6.62e-04 bin=0.008 S_flip=0.150 t=90s
[P775_h140_pad0.080_s1001] it  66 J=0.21162 A_min=0.1702 A_mean=0.2332 |g|=6.43e-04 bin=0.008 S_flip=0.152 t=91s
[P775_h140_pad0.080_s1001] it  67 J=0.21164 A_min=0.1702 A_mean=0.2333 |g|=6.40e-04 bin=0.007 S_flip=0.154 t=92s
[P775_h140_pad0.080_s1001] it  68 J=0.21166 A_min=0.1702 A_mean=0.2334 |g|=6.54e-04 bin=0.007 S_flip=0.156 t=93s
[P775_h140_pad0.080_s1001] it  69 J=0.21168 A_min=0.1702 A_mean=0.2335 |g|=6.84e-04 bin=0.006 S_flip=0.158 t=95s
[P775_h140_pad0.080_s1001] it  70 J=0.21170 A_min=0.1702 A_mean=0.2336 |g|=7.18e-04 bin=0.006 S_flip=0.159 t=96s
[P775_h140_pad0.080_s1001] it  71 J=0.21172 A_min=0.1702 A_mean=0.2337 |g|=7.36e-04 bin=0.005 S_flip=0.161 t=97s
[P775_h140_pad0.080_s1001] it  72 J=0.21173 A_min=0.1702 A_mean=0.2338 |g|=7.26e-04 bin=0.005 S_flip=0.163 t=99s
[P775_h140_pad0.080_s1001] it  73 J=0.21175 A_min=0.1702 A_mean=0.2339 |g|=6.89e-04 bin=0.004 S_flip=0.165 t=100s
[P775_h140_pad0.080_s1001] it  74 J=0.21176 A_min=0.1702 A_mean=0.2340 |g|=6.39e-04 bin=0.004 S_flip=0.166 t=102s
[P775_h140_pad0.080_s1001] it  75 J=0.21177 A_min=0.1702 A_mean=0.2341 |g|=5.92e-04 bin=0.004 S_flip=0.167 t=103s
[P775_h140_pad0.080_s1001] it  76 J=0.21178 A_min=0.1702 A_mean=0.2341 |g|=5.58e-04 bin=0.003 S_flip=0.168 t=104s
[P775_h140_pad0.080_s1001] it  77 J=0.21179 A_min=0.1702 A_mean=0.2342 |g|=5.36e-04 bin=0.003 S_flip=0.169 t=106s
[P775_h140_pad0.080_s1001] it  78 J=0.21180 A_min=0.1702 A_mean=0.2342 |g|=5.20e-04 bin=0.003 S_flip=0.169 t=107s
[P775_h140_pad0.080_s1001] it  79 J=0.21181 A_min=0.1702 A_mean=0.2343 |g|=4.99e-04 bin=0.003 S_flip=0.170 t=108s
[P775_h140_pad0.080_s1001] it  80 J=0.21181 A_min=0.1702 A_mean=0.2343 |g|=4.74e-04 bin=0.002 S_flip=0.170 t=110s
[P775_h140_pad0.080_s1001] it  81 J=0.21182 A_min=0.1702 A_mean=0.2343 |g|=4.51e-04 bin=0.002 S_flip=0.171 t=111s
[P775_h140_pad0.080_s1001] it  82 J=0.21182 A_min=0.1702 A_mean=0.2343 |g|=4.36e-04 bin=0.002 S_flip=0.171 t=112s
[P775_h140_pad0.080_s1001] it  83 J=0.21182 A_min=0.1702 A_mean=0.2343 |g|=4.31e-04 bin=0.002 S_flip=0.171 t=114s
[P775_h140_pad0.080_s1001] it  84 J=0.21183 A_min=0.1702 A_mean=0.2343 |g|=4.35e-04 bin=0.002 S_flip=0.172 t=115s
[P775_h140_pad0.080_s1001] it  85 J=0.21183 A_min=0.1702 A_mean=0.2344 |g|=4.45e-04 bin=0.002 S_flip=0.172 t=117s
[P775_h140_pad0.080_s1001] it  86 J=0.21183 A_min=0.1702 A_mean=0.2344 |g|=4.59e-04 bin=0.001 S_flip=0.172 t=118s
[P775_h140_pad0.080_s1001] it  87 J=0.21183 A_min=0.1702 A_mean=0.2344 |g|=4.76e-04 bin=0.001 S_flip=0.172 t=120s
[P775_h140_pad0.080_s1001] it  88 J=0.21183 A_min=0.1702 A_mean=0.2344 |g|=4.97e-04 bin=0.001 S_flip=0.172 t=121s
[P775_h140_pad0.080_s1001] it  89 J=0.21183 A_min=0.1702 A_mean=0.2344 |g|=5.19e-04 bin=0.001 S_flip=0.172 t=122s
[P775_h140_pad0.080_s1001] it  90 J=0.21184 A_min=0.1702 A_mean=0.2344 |g|=5.43e-04 bin=0.001 S_flip=0.173 t=124s
[P775_h140_pad0.080_s1001] it  91 J=0.21184 A_min=0.1702 A_mean=0.2344 |g|=5.68e-04 bin=0.001 S_flip=0.173 t=125s
[P775_h140_pad0.080_s1001] it  92 J=0.21184 A_min=0.1702 A_mean=0.2344 |g|=5.92e-04 bin=0.001 S_flip=0.173 t=126s
[P775_h140_pad0.080_s1001] it  93 J=0.21184 A_min=0.1702 A_mean=0.2344 |g|=6.15e-04 bin=0.001 S_flip=0.173 t=128s
[P775_h140_pad0.080_s1001] it  94 J=0.21184 A_min=0.1702 A_mean=0.2344 |g|=6.37e-04 bin=0.001 S_flip=0.173 t=129s
[P775_h140_pad0.080_s1001] it  95 J=0.21184 A_min=0.1702 A_mean=0.2344 |g|=6.57e-04 bin=0.001 S_flip=0.173 t=130s
[P775_h140_pad0.080_s1001] it  96 J=0.21184 A_min=0.1702 A_mean=0.2344 |g|=6.75e-04 bin=0.001 S_flip=0.174 t=132s
[P775_h140_pad0.080_s1001] it  97 J=0.21184 A_min=0.1702 A_mean=0.2344 |g|=6.94e-04 bin=0.001 S_flip=0.174 t=133s
[P775_h140_pad0.080_s1001] it  98 J=0.21184 A_min=0.1702 A_mean=0.2344 |g|=7.13e-04 bin=0.001 S_flip=0.174 t=134s
[P775_h140_pad0.080_s1001] it  99 J=0.21184 A_min=0.1702 A_mean=0.2344 |g|=7.32e-04 bin=0.000 S_flip=0.174 t=136s
[P775_h140_pad0.080_s1001] done: J_soft=0.21184 J_hard=0.21185 A_hard=[0.1702, 0.2211, 0.3118] S_flip=0.176 wall=138s
[P775_h140_pad0.080_s7777] it   0 J=0.09667 A_min=0.0861 A_mean=0.0981 |g|=2.11e-03 bin=0.663 S_flip=0.054 t=1s
[P775_h140_pad0.080_s7777] it   1 J=0.09771 A_min=0.0870 A_mean=0.0992 |g|=2.21e-03 bin=0.661 S_flip=0.055 t=3s
[P775_h140_pad0.080_s7777] it   2 J=0.09888 A_min=0.0880 A_mean=0.1004 |g|=2.33e-03 bin=0.658 S_flip=0.056 t=4s
[P775_h140_pad0.080_s7777] it   3 J=0.10019 A_min=0.0891 A_mean=0.1017 |g|=2.46e-03 bin=0.655 S_flip=0.057 t=6s
[P775_h140_pad0.080_s7777] it   4 J=0.10167 A_min=0.0904 A_mean=0.1032 |g|=2.61e-03 bin=0.651 S_flip=0.058 t=7s
[P775_h140_pad0.080_s7777] it   5 J=0.10336 A_min=0.0918 A_mean=0.1049 |g|=2.78e-03 bin=0.647 S_flip=0.059 t=8s
[P775_h140_pad0.080_s7777] it   6 J=0.10530 A_min=0.0934 A_mean=0.1069 |g|=2.96e-03 bin=0.641 S_flip=0.061 t=10s
[P775_h140_pad0.080_s7777] it   7 J=0.10751 A_min=0.0953 A_mean=0.1092 |g|=3.16e-03 bin=0.635 S_flip=0.062 t=11s
[P775_h140_pad0.080_s7777] it   8 J=0.11006 A_min=0.0974 A_mean=0.1118 |g|=3.39e-03 bin=0.627 S_flip=0.063 t=12s
[P775_h140_pad0.080_s7777] it   9 J=0.11299 A_min=0.0998 A_mean=0.1147 |g|=3.62e-03 bin=0.618 S_flip=0.065 t=14s
[P775_h140_pad0.080_s7777] it  10 J=0.11634 A_min=0.1026 A_mean=0.1182 |g|=3.87e-03 bin=0.607 S_flip=0.066 t=15s
[P775_h140_pad0.080_s7777] it  11 J=0.12016 A_min=0.1057 A_mean=0.1220 |g|=4.11e-03 bin=0.593 S_flip=0.067 t=16s
[P775_h140_pad0.080_s7777] it  12 J=0.12448 A_min=0.1092 A_mean=0.1264 |g|=4.34e-03 bin=0.578 S_flip=0.068 t=18s
[P775_h140_pad0.080_s7777] it  13 J=0.12931 A_min=0.1130 A_mean=0.1314 |g|=4.54e-03 bin=0.559 S_flip=0.068 t=19s
[P775_h140_pad0.080_s7777] it  14 J=0.13463 A_min=0.1173 A_mean=0.1368 |g|=4.70e-03 bin=0.537 S_flip=0.069 t=21s
[P775_h140_pad0.080_s7777] it  15 J=0.14038 A_min=0.1217 A_mean=0.1427 |g|=4.78e-03 bin=0.512 S_flip=0.069 t=22s
[P775_h140_pad0.080_s7777] it  16 J=0.14648 A_min=0.1264 A_mean=0.1490 |g|=4.79e-03 bin=0.483 S_flip=0.068 t=23s
[P775_h140_pad0.080_s7777] it  17 J=0.15278 A_min=0.1312 A_mean=0.1555 |g|=4.72e-03 bin=0.452 S_flip=0.068 t=25s
[P775_h140_pad0.080_s7777] it  18 J=0.15915 A_min=0.1358 A_mean=0.1622 |g|=4.58e-03 bin=0.419 S_flip=0.068 t=26s
[P775_h140_pad0.080_s7777] it  19 J=0.16542 A_min=0.1402 A_mean=0.1689 |g|=4.41e-03 bin=0.384 S_flip=0.067 t=28s
[P775_h140_pad0.080_s7777] it  20 J=0.17146 A_min=0.1443 A_mean=0.1756 |g|=4.22e-03 bin=0.350 S_flip=0.068 t=29s
[P775_h140_pad0.080_s7777] it  21 J=0.17718 A_min=0.1480 A_mean=0.1821 |g|=4.06e-03 bin=0.315 S_flip=0.068 t=31s
[P775_h140_pad0.080_s7777] it  22 J=0.18250 A_min=0.1512 A_mean=0.1885 |g|=3.93e-03 bin=0.282 S_flip=0.069 t=32s
[P775_h140_pad0.080_s7777] it  23 J=0.18740 A_min=0.1540 A_mean=0.1949 |g|=3.83e-03 bin=0.252 S_flip=0.070 t=34s
[P775_h140_pad0.080_s7777] it  24 J=0.19183 A_min=0.1563 A_mean=0.2014 |g|=3.70e-03 bin=0.223 S_flip=0.072 t=35s
[P775_h140_pad0.080_s7777] it  25 J=0.19576 A_min=0.1582 A_mean=0.2079 |g|=3.49e-03 bin=0.198 S_flip=0.073 t=36s
[P775_h140_pad0.080_s7777] it  26 J=0.19911 A_min=0.1598 A_mean=0.2145 |g|=3.14e-03 bin=0.175 S_flip=0.076 t=38s
[P775_h140_pad0.080_s7777] it  27 J=0.20184 A_min=0.1611 A_mean=0.2207 |g|=2.62e-03 bin=0.154 S_flip=0.078 t=39s
[P775_h140_pad0.080_s7777] it  28 J=0.20391 A_min=0.1621 A_mean=0.2261 |g|=1.99e-03 bin=0.137 S_flip=0.080 t=40s
[P775_h140_pad0.080_s7777] it  29 J=0.20535 A_min=0.1629 A_mean=0.2299 |g|=1.39e-03 bin=0.121 S_flip=0.083 t=42s
[P775_h140_pad0.080_s7777] it  30 J=0.20622 A_min=0.1636 A_mean=0.2316 |g|=1.14e-03 bin=0.108 S_flip=0.086 t=43s
[P775_h140_pad0.080_s7777] it  31 J=0.20664 A_min=0.1642 A_mean=0.2313 |g|=1.58e-03 bin=0.097 S_flip=0.089 t=44s
[P775_h140_pad0.080_s7777] it  32 J=0.20675 A_min=0.1647 A_mean=0.2298 |g|=2.37e-03 bin=0.088 S_flip=0.091 t=46s
[P775_h140_pad0.080_s7777] it  33 J=0.20673 A_min=0.1651 A_mean=0.2281 |g|=3.16e-03 bin=0.080 S_flip=0.094 t=47s
[P775_h140_pad0.080_s7777] it  34 J=0.20677 A_min=0.1655 A_mean=0.2269 |g|=3.71e-03 bin=0.073 S_flip=0.097 t=49s
[P775_h140_pad0.080_s7777] it  35 J=0.20698 A_min=0.1659 A_mean=0.2266 |g|=3.93e-03 bin=0.067 S_flip=0.100 t=50s
[P775_h140_pad0.080_s7777] it  36 J=0.20738 A_min=0.1663 A_mean=0.2271 |g|=3.80e-03 bin=0.062 S_flip=0.103 t=51s
[P775_h140_pad0.080_s7777] it  37 J=0.20792 A_min=0.1666 A_mean=0.2282 |g|=3.42e-03 bin=0.057 S_flip=0.106 t=52s
[P775_h140_pad0.080_s7777] it  38 J=0.20851 A_min=0.1670 A_mean=0.2296 |g|=2.90e-03 bin=0.053 S_flip=0.109 t=54s
[P775_h140_pad0.080_s7777] it  39 J=0.20907 A_min=0.1673 A_mean=0.2310 |g|=2.35e-03 bin=0.049 S_flip=0.112 t=55s
[P775_h140_pad0.080_s7777] it  40 J=0.20955 A_min=0.1677 A_mean=0.2322 |g|=1.83e-03 bin=0.046 S_flip=0.115 t=56s
[P775_h140_pad0.080_s7777] it  41 J=0.20994 A_min=0.1679 A_mean=0.2331 |g|=1.39e-03 bin=0.043 S_flip=0.118 t=58s
[P775_h140_pad0.080_s7777] it  42 J=0.21023 A_min=0.1682 A_mean=0.2336 |g|=1.04e-03 bin=0.040 S_flip=0.121 t=59s
[P775_h140_pad0.080_s7777] it  43 J=0.21044 A_min=0.1684 A_mean=0.2338 |g|=8.02e-04 bin=0.037 S_flip=0.124 t=61s
[P775_h140_pad0.080_s7777] it  44 J=0.21060 A_min=0.1686 A_mean=0.2338 |g|=6.80e-04 bin=0.034 S_flip=0.127 t=62s
[P775_h140_pad0.080_s7777] it  45 J=0.21070 A_min=0.1688 A_mean=0.2337 |g|=6.58e-04 bin=0.032 S_flip=0.130 t=63s
[P775_h140_pad0.080_s7777] it  46 J=0.21077 A_min=0.1690 A_mean=0.2335 |g|=6.95e-04 bin=0.030 S_flip=0.133 t=65s
[P775_h140_pad0.080_s7777] it  47 J=0.21083 A_min=0.1691 A_mean=0.2333 |g|=7.52e-04 bin=0.028 S_flip=0.135 t=66s
[P775_h140_pad0.080_s7777] it  48 J=0.21087 A_min=0.1692 A_mean=0.2331 |g|=8.10e-04 bin=0.026 S_flip=0.138 t=68s
[P775_h140_pad0.080_s7777] it  49 J=0.21090 A_min=0.1693 A_mean=0.2329 |g|=8.59e-04 bin=0.024 S_flip=0.140 t=69s
[P775_h140_pad0.080_s7777] it  50 J=0.21093 A_min=0.1694 A_mean=0.2328 |g|=8.97e-04 bin=0.022 S_flip=0.142 t=70s
[P775_h140_pad0.080_s7777] it  51 J=0.21096 A_min=0.1695 A_mean=0.2328 |g|=9.26e-04 bin=0.021 S_flip=0.145 t=72s
[P775_h140_pad0.080_s7777] it  52 J=0.21100 A_min=0.1695 A_mean=0.2327 |g|=9.47e-04 bin=0.019 S_flip=0.147 t=73s
[P775_h140_pad0.080_s7777] it  53 J=0.21103 A_min=0.1696 A_mean=0.2328 |g|=9.62e-04 bin=0.018 S_flip=0.149 t=74s
[P775_h140_pad0.080_s7777] it  54 J=0.21107 A_min=0.1696 A_mean=0.2328 |g|=9.72e-04 bin=0.017 S_flip=0.151 t=76s
[P775_h140_pad0.080_s7777] it  55 J=0.21111 A_min=0.1696 A_mean=0.2329 |g|=9.76e-04 bin=0.016 S_flip=0.152 t=77s
[P775_h140_pad0.080_s7777] it  56 J=0.21115 A_min=0.1697 A_mean=0.2330 |g|=9.73e-04 bin=0.015 S_flip=0.154 t=79s
[P775_h140_pad0.080_s7777] it  57 J=0.21120 A_min=0.1697 A_mean=0.2332 |g|=9.59e-04 bin=0.014 S_flip=0.155 t=80s
[P775_h140_pad0.080_s7777] it  58 J=0.21125 A_min=0.1697 A_mean=0.2334 |g|=9.28e-04 bin=0.013 S_flip=0.157 t=81s
[P775_h140_pad0.080_s7777] it  59 J=0.21129 A_min=0.1697 A_mean=0.2335 |g|=8.83e-04 bin=0.012 S_flip=0.158 t=83s
[P775_h140_pad0.080_s7777] it  60 J=0.21133 A_min=0.1697 A_mean=0.2337 |g|=8.26e-04 bin=0.011 S_flip=0.160 t=84s
[P775_h140_pad0.080_s7777] it  61 J=0.21137 A_min=0.1697 A_mean=0.2339 |g|=7.66e-04 bin=0.010 S_flip=0.161 t=85s
[P775_h140_pad0.080_s7777] it  62 J=0.21141 A_min=0.1697 A_mean=0.2340 |g|=7.09e-04 bin=0.009 S_flip=0.163 t=87s
[P775_h140_pad0.080_s7777] it  63 J=0.21144 A_min=0.1697 A_mean=0.2342 |g|=6.61e-04 bin=0.009 S_flip=0.164 t=88s
[P775_h140_pad0.080_s7777] it  64 J=0.21147 A_min=0.1697 A_mean=0.2343 |g|=6.22e-04 bin=0.008 S_flip=0.166 t=90s
[P775_h140_pad0.080_s7777] it  65 J=0.21149 A_min=0.1697 A_mean=0.2344 |g|=5.91e-04 bin=0.007 S_flip=0.167 t=91s
[P775_h140_pad0.080_s7777] it  66 J=0.21151 A_min=0.1697 A_mean=0.2345 |g|=5.66e-04 bin=0.007 S_flip=0.169 t=92s
[P775_h140_pad0.080_s7777] it  67 J=0.21153 A_min=0.1697 A_mean=0.2346 |g|=5.46e-04 bin=0.006 S_flip=0.170 t=94s
[P775_h140_pad0.080_s7777] it  68 J=0.21155 A_min=0.1697 A_mean=0.2347 |g|=5.31e-04 bin=0.006 S_flip=0.172 t=95s
[P775_h140_pad0.080_s7777] it  69 J=0.21156 A_min=0.1697 A_mean=0.2347 |g|=5.18e-04 bin=0.006 S_flip=0.173 t=96s
[P775_h140_pad0.080_s7777] it  70 J=0.21157 A_min=0.1697 A_mean=0.2348 |g|=5.08e-04 bin=0.005 S_flip=0.175 t=98s
[P775_h140_pad0.080_s7777] it  71 J=0.21158 A_min=0.1697 A_mean=0.2349 |g|=4.98e-04 bin=0.005 S_flip=0.176 t=99s
[P775_h140_pad0.080_s7777] it  72 J=0.21159 A_min=0.1697 A_mean=0.2349 |g|=4.91e-04 bin=0.005 S_flip=0.178 t=101s
[P775_h140_pad0.080_s7777] it  73 J=0.21160 A_min=0.1697 A_mean=0.2349 |g|=4.88e-04 bin=0.004 S_flip=0.180 t=102s
[P775_h140_pad0.080_s7777] it  74 J=0.21161 A_min=0.1697 A_mean=0.2350 |g|=4.92e-04 bin=0.004 S_flip=0.181 t=104s
[P775_h140_pad0.080_s7777] it  75 J=0.21162 A_min=0.1697 A_mean=0.2350 |g|=5.06e-04 bin=0.004 S_flip=0.182 t=105s
[P775_h140_pad0.080_s7777] it  76 J=0.21163 A_min=0.1697 A_mean=0.2350 |g|=5.32e-04 bin=0.003 S_flip=0.183 t=106s
[P775_h140_pad0.080_s7777] it  77 J=0.21163 A_min=0.1698 A_mean=0.2351 |g|=5.73e-04 bin=0.003 S_flip=0.184 t=108s
[P775_h140_pad0.080_s7777] it  78 J=0.21164 A_min=0.1698 A_mean=0.2351 |g|=6.33e-04 bin=0.003 S_flip=0.185 t=109s
[P775_h140_pad0.080_s7777] it  79 J=0.21165 A_min=0.1698 A_mean=0.2351 |g|=7.16e-04 bin=0.003 S_flip=0.186 t=111s
[P775_h140_pad0.080_s7777] it  80 J=0.21165 A_min=0.1698 A_mean=0.2352 |g|=8.27e-04 bin=0.003 S_flip=0.187 t=112s
[P775_h140_pad0.080_s7777] it  81 J=0.21166 A_min=0.1698 A_mean=0.2352 |g|=9.57e-04 bin=0.002 S_flip=0.188 t=113s
[P775_h140_pad0.080_s7777] it  82 J=0.21167 A_min=0.1698 A_mean=0.2353 |g|=1.08e-03 bin=0.002 S_flip=0.188 t=114s
[P775_h140_pad0.080_s7777] it  83 J=0.21168 A_min=0.1698 A_mean=0.2353 |g|=1.14e-03 bin=0.002 S_flip=0.189 t=116s
[P775_h140_pad0.080_s7777] it  84 J=0.21169 A_min=0.1698 A_mean=0.2354 |g|=1.13e-03 bin=0.002 S_flip=0.190 t=117s
[P775_h140_pad0.080_s7777] it  85 J=0.21170 A_min=0.1698 A_mean=0.2354 |g|=1.05e-03 bin=0.002 S_flip=0.190 t=119s
[P775_h140_pad0.080_s7777] it  86 J=0.21171 A_min=0.1697 A_mean=0.2355 |g|=9.54e-04 bin=0.002 S_flip=0.190 t=120s
[P775_h140_pad0.080_s7777] it  87 J=0.21171 A_min=0.1697 A_mean=0.2355 |g|=8.66e-04 bin=0.001 S_flip=0.191 t=121s
[P775_h140_pad0.080_s7777] it  88 J=0.21172 A_min=0.1698 A_mean=0.2355 |g|=7.98e-04 bin=0.001 S_flip=0.191 t=123s
[P775_h140_pad0.080_s7777] it  89 J=0.21172 A_min=0.1698 A_mean=0.2356 |g|=7.48e-04 bin=0.001 S_flip=0.191 t=124s
[P775_h140_pad0.080_s7777] it  90 J=0.21173 A_min=0.1698 A_mean=0.2356 |g|=7.11e-04 bin=0.001 S_flip=0.192 t=125s
[P775_h140_pad0.080_s7777] it  91 J=0.21173 A_min=0.1698 A_mean=0.2356 |g|=6.82e-04 bin=0.001 S_flip=0.192 t=127s
[P775_h140_pad0.080_s7777] it  92 J=0.21173 A_min=0.1698 A_mean=0.2356 |g|=6.59e-04 bin=0.001 S_flip=0.192 t=128s
[P775_h140_pad0.080_s7777] it  93 J=0.21173 A_min=0.1698 A_mean=0.2356 |g|=6.44e-04 bin=0.001 S_flip=0.192 t=130s
[P775_h140_pad0.080_s7777] it  94 J=0.21173 A_min=0.1698 A_mean=0.2356 |g|=6.36e-04 bin=0.001 S_flip=0.192 t=131s
[P775_h140_pad0.080_s7777] it  95 J=0.21173 A_min=0.1698 A_mean=0.2356 |g|=6.33e-04 bin=0.001 S_flip=0.192 t=132s
[P775_h140_pad0.080_s7777] it  96 J=0.21173 A_min=0.1698 A_mean=0.2356 |g|=6.34e-04 bin=0.001 S_flip=0.193 t=134s
[P775_h140_pad0.080_s7777] it  97 J=0.21173 A_min=0.1698 A_mean=0.2356 |g|=6.36e-04 bin=0.001 S_flip=0.193 t=135s
[P775_h140_pad0.080_s7777] it  98 J=0.21173 A_min=0.1698 A_mean=0.2356 |g|=6.39e-04 bin=0.001 S_flip=0.193 t=137s
[P775_h140_pad0.080_s7777] it  99 J=0.21173 A_min=0.1698 A_mean=0.2356 |g|=6.41e-04 bin=0.001 S_flip=0.193 t=138s
[P775_h140_pad0.080_s7777] done: J_soft=0.21173 J_hard=0.21173 A_hard=[0.1697, 0.2207, 0.3165] S_flip=0.194 wall=140s
[P775_h140_pad0.120_s333] it   0 J=0.10134 A_min=0.0905 A_mean=0.1029 |g|=2.49e-03 bin=0.541 S_flip=0.060 t=1s
[P775_h140_pad0.120_s333] it   1 J=0.10255 A_min=0.0915 A_mean=0.1041 |g|=2.60e-03 bin=0.539 S_flip=0.061 t=3s
[P775_h140_pad0.120_s333] it   2 J=0.10390 A_min=0.0927 A_mean=0.1055 |g|=2.73e-03 bin=0.537 S_flip=0.062 t=4s
[P775_h140_pad0.120_s333] it   3 J=0.10540 A_min=0.0940 A_mean=0.1070 |g|=2.86e-03 bin=0.535 S_flip=0.064 t=5s
[P775_h140_pad0.120_s333] it   4 J=0.10710 A_min=0.0955 A_mean=0.1088 |g|=3.02e-03 bin=0.532 S_flip=0.065 t=7s
[P775_h140_pad0.120_s333] it   5 J=0.10901 A_min=0.0972 A_mean=0.1107 |g|=3.18e-03 bin=0.528 S_flip=0.066 t=8s
[P775_h140_pad0.120_s333] it   6 J=0.11119 A_min=0.0991 A_mean=0.1129 |g|=3.36e-03 bin=0.523 S_flip=0.068 t=9s
[P775_h140_pad0.120_s333] it   7 J=0.11368 A_min=0.1013 A_mean=0.1155 |g|=3.56e-03 bin=0.517 S_flip=0.069 t=11s
[P775_h140_pad0.120_s333] it   8 J=0.11651 A_min=0.1038 A_mean=0.1183 |g|=3.76e-03 bin=0.510 S_flip=0.071 t=12s
[P775_h140_pad0.120_s333] it   9 J=0.11973 A_min=0.1066 A_mean=0.1216 |g|=3.96e-03 bin=0.501 S_flip=0.073 t=13s
[P775_h140_pad0.120_s333] it  10 J=0.12337 A_min=0.1098 A_mean=0.1253 |g|=4.16e-03 bin=0.490 S_flip=0.074 t=15s
[P775_h140_pad0.120_s333] it  11 J=0.12745 A_min=0.1133 A_mean=0.1295 |g|=4.33e-03 bin=0.478 S_flip=0.076 t=16s
[P775_h140_pad0.120_s333] it  12 J=0.13197 A_min=0.1173 A_mean=0.1341 |g|=4.47e-03 bin=0.462 S_flip=0.077 t=17s
[P775_h140_pad0.120_s333] it  13 J=0.13690 A_min=0.1215 A_mean=0.1391 |g|=4.55e-03 bin=0.444 S_flip=0.079 t=19s
[P775_h140_pad0.120_s333] it  14 J=0.14216 A_min=0.1261 A_mean=0.1444 |g|=4.55e-03 bin=0.423 S_flip=0.080 t=20s
[P775_h140_pad0.120_s333] it  15 J=0.14766 A_min=0.1308 A_mean=0.1500 |g|=4.48e-03 bin=0.399 S_flip=0.082 t=21s
[P775_h140_pad0.120_s333] it  16 J=0.15325 A_min=0.1356 A_mean=0.1557 |g|=4.31e-03 bin=0.372 S_flip=0.083 t=22s
[P775_h140_pad0.120_s333] it  17 J=0.15878 A_min=0.1403 A_mean=0.1614 |g|=4.07e-03 bin=0.344 S_flip=0.084 t=24s
[P775_h140_pad0.120_s333] it  18 J=0.16407 A_min=0.1448 A_mean=0.1668 |g|=3.76e-03 bin=0.315 S_flip=0.086 t=25s
[P775_h140_pad0.120_s333] it  19 J=0.16900 A_min=0.1490 A_mean=0.1718 |g|=3.42e-03 bin=0.286 S_flip=0.087 t=26s
[P775_h140_pad0.120_s333] it  20 J=0.17346 A_min=0.1527 A_mean=0.1764 |g|=3.07e-03 bin=0.257 S_flip=0.089 t=28s
[P775_h140_pad0.120_s333] it  21 J=0.17740 A_min=0.1560 A_mean=0.1804 |g|=2.74e-03 bin=0.230 S_flip=0.090 t=29s
[P775_h140_pad0.120_s333] it  22 J=0.18080 A_min=0.1588 A_mean=0.1839 |g|=2.44e-03 bin=0.205 S_flip=0.092 t=30s
[P775_h140_pad0.120_s333] it  23 J=0.18367 A_min=0.1612 A_mean=0.1869 |g|=2.18e-03 bin=0.182 S_flip=0.094 t=32s
[P775_h140_pad0.120_s333] it  24 J=0.18608 A_min=0.1632 A_mean=0.1893 |g|=1.96e-03 bin=0.162 S_flip=0.097 t=33s
[P775_h140_pad0.120_s333] it  25 J=0.18807 A_min=0.1648 A_mean=0.1914 |g|=1.78e-03 bin=0.144 S_flip=0.100 t=34s
[P775_h140_pad0.120_s333] it  26 J=0.18972 A_min=0.1661 A_mean=0.1931 |g|=1.64e-03 bin=0.128 S_flip=0.102 t=36s
[P775_h140_pad0.120_s333] it  27 J=0.19107 A_min=0.1671 A_mean=0.1945 |g|=1.52e-03 bin=0.115 S_flip=0.105 t=37s
[P775_h140_pad0.120_s333] it  28 J=0.19218 A_min=0.1680 A_mean=0.1957 |g|=1.42e-03 bin=0.103 S_flip=0.109 t=38s
[P775_h140_pad0.120_s333] it  29 J=0.19311 A_min=0.1687 A_mean=0.1966 |g|=1.34e-03 bin=0.093 S_flip=0.112 t=40s
[P775_h140_pad0.120_s333] it  30 J=0.19388 A_min=0.1692 A_mean=0.1975 |g|=1.28e-03 bin=0.084 S_flip=0.116 t=41s
[P775_h140_pad0.120_s333] it  31 J=0.19454 A_min=0.1697 A_mean=0.1982 |g|=1.23e-03 bin=0.076 S_flip=0.119 t=43s
[P775_h140_pad0.120_s333] it  32 J=0.19510 A_min=0.1700 A_mean=0.1988 |g|=1.18e-03 bin=0.069 S_flip=0.123 t=44s
[P775_h140_pad0.120_s333] it  33 J=0.19558 A_min=0.1703 A_mean=0.1993 |g|=1.15e-03 bin=0.063 S_flip=0.126 t=45s
[P775_h140_pad0.120_s333] it  34 J=0.19601 A_min=0.1706 A_mean=0.1997 |g|=1.12e-03 bin=0.057 S_flip=0.130 t=47s
[P775_h140_pad0.120_s333] it  35 J=0.19638 A_min=0.1708 A_mean=0.2002 |g|=1.10e-03 bin=0.052 S_flip=0.134 t=48s
[P775_h140_pad0.120_s333] it  36 J=0.19671 A_min=0.1709 A_mean=0.2005 |g|=1.08e-03 bin=0.048 S_flip=0.138 t=50s
[P775_h140_pad0.120_s333] it  37 J=0.19701 A_min=0.1710 A_mean=0.2009 |g|=1.07e-03 bin=0.044 S_flip=0.141 t=51s
[P775_h140_pad0.120_s333] it  38 J=0.19728 A_min=0.1711 A_mean=0.2012 |g|=1.06e-03 bin=0.041 S_flip=0.145 t=52s
[P775_h140_pad0.120_s333] it  39 J=0.19753 A_min=0.1712 A_mean=0.2015 |g|=1.05e-03 bin=0.037 S_flip=0.149 t=54s
[P775_h140_pad0.120_s333] it  40 J=0.19776 A_min=0.1713 A_mean=0.2017 |g|=1.05e-03 bin=0.035 S_flip=0.152 t=55s
[P775_h140_pad0.120_s333] it  41 J=0.19798 A_min=0.1713 A_mean=0.2020 |g|=1.05e-03 bin=0.032 S_flip=0.156 t=57s
[P775_h140_pad0.120_s333] it  42 J=0.19818 A_min=0.1714 A_mean=0.2023 |g|=1.05e-03 bin=0.029 S_flip=0.159 t=58s
[P775_h140_pad0.120_s333] it  43 J=0.19837 A_min=0.1714 A_mean=0.2025 |g|=1.05e-03 bin=0.027 S_flip=0.163 t=59s
[P775_h140_pad0.120_s333] it  44 J=0.19854 A_min=0.1714 A_mean=0.2027 |g|=1.05e-03 bin=0.025 S_flip=0.166 t=60s
[P775_h140_pad0.120_s333] it  45 J=0.19871 A_min=0.1714 A_mean=0.2029 |g|=1.03e-03 bin=0.023 S_flip=0.169 t=62s
[P775_h140_pad0.120_s333] it  46 J=0.19887 A_min=0.1714 A_mean=0.2031 |g|=1.01e-03 bin=0.021 S_flip=0.172 t=63s
[P775_h140_pad0.120_s333] it  47 J=0.19901 A_min=0.1714 A_mean=0.2033 |g|=9.90e-04 bin=0.020 S_flip=0.174 t=65s
[P775_h140_pad0.120_s333] it  48 J=0.19914 A_min=0.1714 A_mean=0.2035 |g|=9.71e-04 bin=0.018 S_flip=0.176 t=66s
[P775_h140_pad0.120_s333] it  49 J=0.19926 A_min=0.1714 A_mean=0.2036 |g|=9.57e-04 bin=0.017 S_flip=0.178 t=67s
[P775_h140_pad0.120_s333] it  50 J=0.19937 A_min=0.1714 A_mean=0.2038 |g|=9.52e-04 bin=0.016 S_flip=0.179 t=69s
[P775_h140_pad0.120_s333] it  51 J=0.19947 A_min=0.1714 A_mean=0.2039 |g|=9.57e-04 bin=0.015 S_flip=0.180 t=70s
[P775_h140_pad0.120_s333] it  52 J=0.19957 A_min=0.1714 A_mean=0.2041 |g|=9.74e-04 bin=0.014 S_flip=0.181 t=72s
[P775_h140_pad0.120_s333] it  53 J=0.19966 A_min=0.1714 A_mean=0.2042 |g|=1.01e-03 bin=0.013 S_flip=0.182 t=73s
[P775_h140_pad0.120_s333] it  54 J=0.19975 A_min=0.1714 A_mean=0.2043 |g|=1.05e-03 bin=0.012 S_flip=0.182 t=74s
[P775_h140_pad0.120_s333] it  55 J=0.19984 A_min=0.1714 A_mean=0.2044 |g|=1.12e-03 bin=0.012 S_flip=0.183 t=76s
[P775_h140_pad0.120_s333] it  56 J=0.19993 A_min=0.1714 A_mean=0.2046 |g|=1.22e-03 bin=0.011 S_flip=0.183 t=77s
[P775_h140_pad0.120_s333] it  57 J=0.20002 A_min=0.1713 A_mean=0.2047 |g|=1.34e-03 bin=0.011 S_flip=0.184 t=78s
[P775_h140_pad0.120_s333] it  58 J=0.20013 A_min=0.1713 A_mean=0.2049 |g|=1.48e-03 bin=0.010 S_flip=0.185 t=80s
[P775_h140_pad0.120_s333] it  59 J=0.20025 A_min=0.1713 A_mean=0.2050 |g|=1.65e-03 bin=0.010 S_flip=0.186 t=81s
[P775_h140_pad0.120_s333] it  60 J=0.20038 A_min=0.1713 A_mean=0.2052 |g|=1.78e-03 bin=0.009 S_flip=0.188 t=82s
[P775_h140_pad0.120_s333] it  61 J=0.20052 A_min=0.1713 A_mean=0.2054 |g|=1.84e-03 bin=0.009 S_flip=0.191 t=84s
[P775_h140_pad0.120_s333] it  62 J=0.20067 A_min=0.1713 A_mean=0.2056 |g|=1.83e-03 bin=0.008 S_flip=0.195 t=85s
[P775_h140_pad0.120_s333] it  63 J=0.20081 A_min=0.1713 A_mean=0.2059 |g|=1.79e-03 bin=0.007 S_flip=0.199 t=86s
[P775_h140_pad0.120_s333] it  64 J=0.20095 A_min=0.1712 A_mean=0.2061 |g|=1.71e-03 bin=0.006 S_flip=0.202 t=87s
[P775_h140_pad0.120_s333] it  65 J=0.20107 A_min=0.1712 A_mean=0.2063 |g|=1.58e-03 bin=0.005 S_flip=0.206 t=89s
[P775_h140_pad0.120_s333] it  66 J=0.20118 A_min=0.1712 A_mean=0.2064 |g|=1.40e-03 bin=0.005 S_flip=0.209 t=90s
[P775_h140_pad0.120_s333] it  67 J=0.20127 A_min=0.1712 A_mean=0.2066 |g|=1.25e-03 bin=0.004 S_flip=0.211 t=91s
[P775_h140_pad0.120_s333] it  68 J=0.20135 A_min=0.1712 A_mean=0.2067 |g|=1.14e-03 bin=0.004 S_flip=0.212 t=93s
[P775_h140_pad0.120_s333] it  69 J=0.20141 A_min=0.1712 A_mean=0.2068 |g|=1.07e-03 bin=0.003 S_flip=0.213 t=94s
[P775_h140_pad0.120_s333] it  70 J=0.20146 A_min=0.1711 A_mean=0.2069 |g|=1.02e-03 bin=0.003 S_flip=0.214 t=95s
[P775_h140_pad0.120_s333] it  71 J=0.20151 A_min=0.1711 A_mean=0.2069 |g|=9.86e-04 bin=0.003 S_flip=0.215 t=97s
[P775_h140_pad0.120_s333] it  72 J=0.20155 A_min=0.1711 A_mean=0.2070 |g|=9.60e-04 bin=0.002 S_flip=0.215 t=98s
[P775_h140_pad0.120_s333] it  73 J=0.20159 A_min=0.1711 A_mean=0.2071 |g|=9.40e-04 bin=0.002 S_flip=0.216 t=100s
[P775_h140_pad0.120_s333] it  74 J=0.20162 A_min=0.1711 A_mean=0.2071 |g|=9.24e-04 bin=0.002 S_flip=0.216 t=101s
[P775_h140_pad0.120_s333] it  75 J=0.20165 A_min=0.1711 A_mean=0.2072 |g|=9.23e-04 bin=0.002 S_flip=0.217 t=102s
[P775_h140_pad0.120_s333] it  76 J=0.20168 A_min=0.1711 A_mean=0.2072 |g|=9.36e-04 bin=0.002 S_flip=0.217 t=104s
[P775_h140_pad0.120_s333] it  77 J=0.20170 A_min=0.1711 A_mean=0.2073 |g|=9.45e-04 bin=0.002 S_flip=0.217 t=105s
[P775_h140_pad0.120_s333] it  78 J=0.20173 A_min=0.1711 A_mean=0.2073 |g|=9.26e-04 bin=0.001 S_flip=0.218 t=106s
[P775_h140_pad0.120_s333] it  79 J=0.20175 A_min=0.1711 A_mean=0.2073 |g|=8.71e-04 bin=0.001 S_flip=0.218 t=108s
[P775_h140_pad0.120_s333] it  80 J=0.20176 A_min=0.1710 A_mean=0.2074 |g|=7.96e-04 bin=0.001 S_flip=0.218 t=109s
[P775_h140_pad0.120_s333] it  81 J=0.20178 A_min=0.1710 A_mean=0.2074 |g|=7.38e-04 bin=0.001 S_flip=0.218 t=111s
[P775_h140_pad0.120_s333] it  82 J=0.20179 A_min=0.1710 A_mean=0.2074 |g|=7.15e-04 bin=0.001 S_flip=0.218 t=112s
[P775_h140_pad0.120_s333] it  83 J=0.20180 A_min=0.1710 A_mean=0.2074 |g|=7.25e-04 bin=0.001 S_flip=0.218 t=114s
[P775_h140_pad0.120_s333] it  84 J=0.20180 A_min=0.1710 A_mean=0.2074 |g|=7.58e-04 bin=0.001 S_flip=0.218 t=115s
[P775_h140_pad0.120_s333] it  85 J=0.20181 A_min=0.1710 A_mean=0.2075 |g|=8.06e-04 bin=0.001 S_flip=0.218 t=116s
[P775_h140_pad0.120_s333] it  86 J=0.20181 A_min=0.1710 A_mean=0.2075 |g|=8.64e-04 bin=0.001 S_flip=0.219 t=118s
[P775_h140_pad0.120_s333] it  87 J=0.20182 A_min=0.1710 A_mean=0.2075 |g|=9.28e-04 bin=0.001 S_flip=0.219 t=119s
[P775_h140_pad0.120_s333] it  88 J=0.20182 A_min=0.1710 A_mean=0.2075 |g|=9.99e-04 bin=0.001 S_flip=0.219 t=121s
[P775_h140_pad0.120_s333] it  89 J=0.20183 A_min=0.1710 A_mean=0.2075 |g|=1.08e-03 bin=0.001 S_flip=0.219 t=122s
[P775_h140_pad0.120_s333] it  90 J=0.20183 A_min=0.1710 A_mean=0.2075 |g|=1.16e-03 bin=0.001 S_flip=0.219 t=123s
[P775_h140_pad0.120_s333] it  91 J=0.20184 A_min=0.1710 A_mean=0.2075 |g|=1.24e-03 bin=0.001 S_flip=0.219 t=125s
[P775_h140_pad0.120_s333] it  92 J=0.20184 A_min=0.1710 A_mean=0.2075 |g|=1.32e-03 bin=0.001 S_flip=0.219 t=126s
[P775_h140_pad0.120_s333] it  93 J=0.20184 A_min=0.1710 A_mean=0.2075 |g|=1.41e-03 bin=0.001 S_flip=0.219 t=128s
[P775_h140_pad0.120_s333] it  94 J=0.20184 A_min=0.1710 A_mean=0.2075 |g|=1.48e-03 bin=0.001 S_flip=0.219 t=129s
[P775_h140_pad0.120_s333] it  95 J=0.20185 A_min=0.1710 A_mean=0.2075 |g|=1.55e-03 bin=0.001 S_flip=0.220 t=130s
[P775_h140_pad0.120_s333] it  96 J=0.20185 A_min=0.1710 A_mean=0.2075 |g|=1.61e-03 bin=0.001 S_flip=0.220 t=132s
[P775_h140_pad0.120_s333] it  97 J=0.20185 A_min=0.1710 A_mean=0.2075 |g|=1.67e-03 bin=0.001 S_flip=0.220 t=133s
[P775_h140_pad0.120_s333] it  98 J=0.20185 A_min=0.1710 A_mean=0.2075 |g|=1.71e-03 bin=0.001 S_flip=0.220 t=135s
[P775_h140_pad0.120_s333] it  99 J=0.20185 A_min=0.1710 A_mean=0.2075 |g|=1.75e-03 bin=0.000 S_flip=0.220 t=136s
[P775_h140_pad0.120_s333] done: J_soft=0.20185 J_hard=0.20185 A_hard=[0.171, 0.2221, 0.2295] S_flip=0.222 wall=138s
[P775_h140_pad0.120_s1001] it   0 J=0.09989 A_min=0.0892 A_mean=0.1014 |g|=2.47e-03 bin=0.540 S_flip=0.059 t=1s
[P775_h140_pad0.120_s1001] it   1 J=0.10103 A_min=0.0902 A_mean=0.1026 |g|=2.58e-03 bin=0.539 S_flip=0.060 t=3s
[P775_h140_pad0.120_s1001] it   2 J=0.10230 A_min=0.0913 A_mean=0.1039 |g|=2.71e-03 bin=0.537 S_flip=0.060 t=4s
[P775_h140_pad0.120_s1001] it   3 J=0.10372 A_min=0.0926 A_mean=0.1053 |g|=2.85e-03 bin=0.535 S_flip=0.061 t=6s
[P775_h140_pad0.120_s1001] it   4 J=0.10531 A_min=0.0940 A_mean=0.1069 |g|=3.00e-03 bin=0.532 S_flip=0.062 t=7s
[P775_h140_pad0.120_s1001] it   5 J=0.10712 A_min=0.0956 A_mean=0.1088 |g|=3.17e-03 bin=0.529 S_flip=0.063 t=8s
[P775_h140_pad0.120_s1001] it   6 J=0.10919 A_min=0.0974 A_mean=0.1109 |g|=3.36e-03 bin=0.524 S_flip=0.064 t=10s
[P775_h140_pad0.120_s1001] it   7 J=0.11155 A_min=0.0995 A_mean=0.1133 |g|=3.57e-03 bin=0.519 S_flip=0.065 t=11s
[P775_h140_pad0.120_s1001] it   8 J=0.11426 A_min=0.1019 A_mean=0.1160 |g|=3.78e-03 bin=0.513 S_flip=0.066 t=12s
[P775_h140_pad0.120_s1001] it   9 J=0.11736 A_min=0.1046 A_mean=0.1192 |g|=4.00e-03 bin=0.505 S_flip=0.066 t=13s
[P775_h140_pad0.120_s1001] it  10 J=0.12089 A_min=0.1077 A_mean=0.1228 |g|=4.22e-03 bin=0.495 S_flip=0.067 t=15s
[P775_h140_pad0.120_s1001] it  11 J=0.12487 A_min=0.1112 A_mean=0.1268 |g|=4.42e-03 bin=0.484 S_flip=0.067 t=16s
[P775_h140_pad0.120_s1001] it  12 J=0.12933 A_min=0.1151 A_mean=0.1314 |g|=4.58e-03 bin=0.469 S_flip=0.067 t=18s
[P775_h140_pad0.120_s1001] it  13 J=0.13424 A_min=0.1193 A_mean=0.1364 |g|=4.69e-03 bin=0.452 S_flip=0.067 t=19s
[P775_h140_pad0.120_s1001] it  14 J=0.13954 A_min=0.1239 A_mean=0.1417 |g|=4.73e-03 bin=0.432 S_flip=0.066 t=21s
[P775_h140_pad0.120_s1001] it  15 J=0.14513 A_min=0.1288 A_mean=0.1474 |g|=4.68e-03 bin=0.409 S_flip=0.065 t=22s
[P775_h140_pad0.120_s1001] it  16 J=0.15087 A_min=0.1337 A_mean=0.1533 |g|=4.53e-03 bin=0.384 S_flip=0.064 t=23s
[P775_h140_pad0.120_s1001] it  17 J=0.15660 A_min=0.1386 A_mean=0.1591 |g|=4.29e-03 bin=0.356 S_flip=0.063 t=25s
[P775_h140_pad0.120_s1001] it  18 J=0.16213 A_min=0.1434 A_mean=0.1648 |g|=3.98e-03 bin=0.326 S_flip=0.062 t=26s
[P775_h140_pad0.120_s1001] it  19 J=0.16732 A_min=0.1478 A_mean=0.1701 |g|=3.62e-03 bin=0.296 S_flip=0.062 t=27s
[P775_h140_pad0.120_s1001] it  20 J=0.17203 A_min=0.1518 A_mean=0.1749 |g|=3.25e-03 bin=0.267 S_flip=0.061 t=29s
[P775_h140_pad0.120_s1001] it  21 J=0.17621 A_min=0.1553 A_mean=0.1792 |g|=2.89e-03 bin=0.239 S_flip=0.061 t=30s
[P775_h140_pad0.120_s1001] it  22 J=0.17981 A_min=0.1583 A_mean=0.1829 |g|=2.56e-03 bin=0.213 S_flip=0.061 t=32s
[P775_h140_pad0.120_s1001] it  23 J=0.18287 A_min=0.1608 A_mean=0.1860 |g|=2.29e-03 bin=0.189 S_flip=0.062 t=33s
[P775_h140_pad0.120_s1001] it  24 J=0.18543 A_min=0.1629 A_mean=0.1886 |g|=2.05e-03 bin=0.168 S_flip=0.063 t=34s
[P775_h140_pad0.120_s1001] it  25 J=0.18754 A_min=0.1646 A_mean=0.1908 |g|=1.86e-03 bin=0.149 S_flip=0.065 t=36s
[P775_h140_pad0.120_s1001] it  26 J=0.18929 A_min=0.1660 A_mean=0.1926 |g|=1.70e-03 bin=0.132 S_flip=0.066 t=37s
[P775_h140_pad0.120_s1001] it  27 J=0.19072 A_min=0.1671 A_mean=0.1941 |g|=1.58e-03 bin=0.118 S_flip=0.068 t=39s
[P775_h140_pad0.120_s1001] it  28 J=0.19190 A_min=0.1680 A_mean=0.1953 |g|=1.47e-03 bin=0.106 S_flip=0.070 t=40s
[P775_h140_pad0.120_s1001] it  29 J=0.19287 A_min=0.1688 A_mean=0.1963 |g|=1.39e-03 bin=0.095 S_flip=0.073 t=42s
[P775_h140_pad0.120_s1001] it  30 J=0.19369 A_min=0.1694 A_mean=0.1972 |g|=1.32e-03 bin=0.085 S_flip=0.075 t=43s
[P775_h140_pad0.120_s1001] it  31 J=0.19438 A_min=0.1698 A_mean=0.1979 |g|=1.26e-03 bin=0.077 S_flip=0.078 t=45s
[P775_h140_pad0.120_s1001] it  32 J=0.19496 A_min=0.1702 A_mean=0.1986 |g|=1.21e-03 bin=0.070 S_flip=0.080 t=46s
[P775_h140_pad0.120_s1001] it  33 J=0.19547 A_min=0.1705 A_mean=0.1991 |g|=1.17e-03 bin=0.064 S_flip=0.083 t=47s
[P775_h140_pad0.120_s1001] it  34 J=0.19591 A_min=0.1708 A_mean=0.1996 |g|=1.14e-03 bin=0.058 S_flip=0.086 t=49s
[P775_h140_pad0.120_s1001] it  35 J=0.19629 A_min=0.1710 A_mean=0.2000 |g|=1.12e-03 bin=0.053 S_flip=0.089 t=50s
[P775_h140_pad0.120_s1001] it  36 J=0.19664 A_min=0.1711 A_mean=0.2004 |g|=1.10e-03 bin=0.049 S_flip=0.092 t=52s
[P775_h140_pad0.120_s1001] it  37 J=0.19695 A_min=0.1713 A_mean=0.2007 |g|=1.08e-03 bin=0.045 S_flip=0.094 t=53s
[P775_h140_pad0.120_s1001] it  38 J=0.19723 A_min=0.1714 A_mean=0.2011 |g|=1.07e-03 bin=0.041 S_flip=0.097 t=54s
[P775_h140_pad0.120_s1001] it  39 J=0.19748 A_min=0.1714 A_mean=0.2014 |g|=1.06e-03 bin=0.038 S_flip=0.100 t=56s
[P775_h140_pad0.120_s1001] it  40 J=0.19772 A_min=0.1715 A_mean=0.2016 |g|=1.06e-03 bin=0.035 S_flip=0.103 t=57s
[P775_h140_pad0.120_s1001] it  41 J=0.19794 A_min=0.1716 A_mean=0.2019 |g|=1.05e-03 bin=0.032 S_flip=0.106 t=59s
[P775_h140_pad0.120_s1001] it  42 J=0.19814 A_min=0.1716 A_mean=0.2021 |g|=1.05e-03 bin=0.030 S_flip=0.109 t=60s
[P775_h140_pad0.120_s1001] it  43 J=0.19833 A_min=0.1716 A_mean=0.2024 |g|=1.05e-03 bin=0.027 S_flip=0.113 t=61s
[P775_h140_pad0.120_s1001] it  44 J=0.19850 A_min=0.1716 A_mean=0.2026 |g|=1.04e-03 bin=0.025 S_flip=0.116 t=63s
[P775_h140_pad0.120_s1001] it  45 J=0.19867 A_min=0.1716 A_mean=0.2028 |g|=1.04e-03 bin=0.023 S_flip=0.119 t=64s
[P775_h140_pad0.120_s1001] it  46 J=0.19883 A_min=0.1716 A_mean=0.2030 |g|=1.04e-03 bin=0.021 S_flip=0.122 t=65s
[P775_h140_pad0.120_s1001] it  47 J=0.19898 A_min=0.1716 A_mean=0.2032 |g|=1.04e-03 bin=0.020 S_flip=0.124 t=67s
[P775_h140_pad0.120_s1001] it  48 J=0.19912 A_min=0.1716 A_mean=0.2034 |g|=1.03e-03 bin=0.018 S_flip=0.127 t=68s
[P775_h140_pad0.120_s1001] it  49 J=0.19925 A_min=0.1716 A_mean=0.2036 |g|=1.03e-03 bin=0.017 S_flip=0.129 t=69s
[P775_h140_pad0.120_s1001] it  50 J=0.19937 A_min=0.1716 A_mean=0.2037 |g|=1.04e-03 bin=0.016 S_flip=0.131 t=71s
[P775_h140_pad0.120_s1001] it  51 J=0.19949 A_min=0.1716 A_mean=0.2039 |g|=1.06e-03 bin=0.015 S_flip=0.133 t=72s
[P775_h140_pad0.120_s1001] it  52 J=0.19960 A_min=0.1716 A_mean=0.2040 |g|=1.09e-03 bin=0.014 S_flip=0.134 t=74s
[P775_h140_pad0.120_s1001] it  53 J=0.19971 A_min=0.1716 A_mean=0.2042 |g|=1.12e-03 bin=0.013 S_flip=0.135 t=75s
[P775_h140_pad0.120_s1001] it  54 J=0.19982 A_min=0.1715 A_mean=0.2044 |g|=1.16e-03 bin=0.012 S_flip=0.137 t=76s
[P775_h140_pad0.120_s1001] it  55 J=0.19992 A_min=0.1715 A_mean=0.2045 |g|=1.19e-03 bin=0.011 S_flip=0.138 t=78s
[P775_h140_pad0.120_s1001] it  56 J=0.20003 A_min=0.1715 A_mean=0.2047 |g|=1.20e-03 bin=0.011 S_flip=0.138 t=79s
[P775_h140_pad0.120_s1001] it  57 J=0.20013 A_min=0.1715 A_mean=0.2048 |g|=1.20e-03 bin=0.010 S_flip=0.139 t=80s
[P775_h140_pad0.120_s1001] it  58 J=0.20023 A_min=0.1715 A_mean=0.2050 |g|=1.19e-03 bin=0.009 S_flip=0.140 t=82s
[P775_h140_pad0.120_s1001] it  59 J=0.20033 A_min=0.1715 A_mean=0.2051 |g|=1.20e-03 bin=0.009 S_flip=0.141 t=83s
[P775_h140_pad0.120_s1001] it  60 J=0.20042 A_min=0.1714 A_mean=0.2052 |g|=1.21e-03 bin=0.008 S_flip=0.142 t=84s
[P775_h140_pad0.120_s1001] it  61 J=0.20051 A_min=0.1714 A_mean=0.2054 |g|=1.24e-03 bin=0.008 S_flip=0.144 t=85s
[P775_h140_pad0.120_s1001] it  62 J=0.20059 A_min=0.1714 A_mean=0.2055 |g|=1.27e-03 bin=0.007 S_flip=0.145 t=87s
[P775_h140_pad0.120_s1001] it  63 J=0.20068 A_min=0.1714 A_mean=0.2056 |g|=1.30e-03 bin=0.007 S_flip=0.147 t=88s
[P775_h140_pad0.120_s1001] it  64 J=0.20076 A_min=0.1714 A_mean=0.2057 |g|=1.32e-03 bin=0.006 S_flip=0.149 t=89s
[P775_h140_pad0.120_s1001] it  65 J=0.20084 A_min=0.1714 A_mean=0.2058 |g|=1.32e-03 bin=0.006 S_flip=0.151 t=91s
[P775_h140_pad0.120_s1001] it  66 J=0.20092 A_min=0.1714 A_mean=0.2060 |g|=1.29e-03 bin=0.005 S_flip=0.153 t=92s
[P775_h140_pad0.120_s1001] it  67 J=0.20100 A_min=0.1714 A_mean=0.2061 |g|=1.21e-03 bin=0.005 S_flip=0.156 t=94s
[P775_h140_pad0.120_s1001] it  68 J=0.20106 A_min=0.1714 A_mean=0.2062 |g|=1.11e-03 bin=0.004 S_flip=0.158 t=95s
[P775_h140_pad0.120_s1001] it  69 J=0.20112 A_min=0.1714 A_mean=0.2063 |g|=1.02e-03 bin=0.004 S_flip=0.160 t=96s
[P775_h140_pad0.120_s1001] it  70 J=0.20117 A_min=0.1714 A_mean=0.2063 |g|=9.58e-04 bin=0.003 S_flip=0.162 t=98s
[P775_h140_pad0.120_s1001] it  71 J=0.20121 A_min=0.1714 A_mean=0.2064 |g|=9.31e-04 bin=0.003 S_flip=0.162 t=99s
[P775_h140_pad0.120_s1001] it  72 J=0.20124 A_min=0.1713 A_mean=0.2064 |g|=9.25e-04 bin=0.003 S_flip=0.163 t=100s
[P775_h140_pad0.120_s1001] it  73 J=0.20127 A_min=0.1713 A_mean=0.2065 |g|=9.32e-04 bin=0.003 S_flip=0.163 t=102s
[P775_h140_pad0.120_s1001] it  74 J=0.20130 A_min=0.1713 A_mean=0.2065 |g|=9.49e-04 bin=0.002 S_flip=0.164 t=103s
[P775_h140_pad0.120_s1001] it  75 J=0.20133 A_min=0.1713 A_mean=0.2066 |g|=9.75e-04 bin=0.002 S_flip=0.164 t=105s
[P775_h140_pad0.120_s1001] it  76 J=0.20135 A_min=0.1713 A_mean=0.2066 |g|=1.02e-03 bin=0.002 S_flip=0.165 t=106s
[P775_h140_pad0.120_s1001] it  77 J=0.20138 A_min=0.1713 A_mean=0.2067 |g|=1.09e-03 bin=0.002 S_flip=0.165 t=108s
[P775_h140_pad0.120_s1001] it  78 J=0.20140 A_min=0.1713 A_mean=0.2067 |g|=1.22e-03 bin=0.002 S_flip=0.165 t=109s
[P775_h140_pad0.120_s1001] it  79 J=0.20142 A_min=0.1713 A_mean=0.2067 |g|=1.45e-03 bin=0.002 S_flip=0.166 t=110s
[P775_h140_pad0.120_s1001] it  80 J=0.20145 A_min=0.1713 A_mean=0.2068 |g|=1.80e-03 bin=0.002 S_flip=0.166 t=112s
[P775_h140_pad0.120_s1001] it  81 J=0.20148 A_min=0.1713 A_mean=0.2068 |g|=2.22e-03 bin=0.002 S_flip=0.167 t=113s
[P775_h140_pad0.120_s1001] it  82 J=0.20152 A_min=0.1713 A_mean=0.2069 |g|=2.48e-03 bin=0.001 S_flip=0.168 t=114s
[P775_h140_pad0.120_s1001] it  83 J=0.20156 A_min=0.1712 A_mean=0.2070 |g|=2.37e-03 bin=0.001 S_flip=0.169 t=116s
[P775_h140_pad0.120_s1001] it  84 J=0.20160 A_min=0.1712 A_mean=0.2070 |g|=2.09e-03 bin=0.001 S_flip=0.170 t=117s
[P775_h140_pad0.120_s1001] it  85 J=0.20163 A_min=0.1712 A_mean=0.2071 |g|=1.84e-03 bin=0.001 S_flip=0.171 t=119s
[P775_h140_pad0.120_s1001] it  86 J=0.20165 A_min=0.1712 A_mean=0.2071 |g|=1.64e-03 bin=0.001 S_flip=0.172 t=120s
[P775_h140_pad0.120_s1001] it  87 J=0.20167 A_min=0.1712 A_mean=0.2071 |g|=1.55e-03 bin=0.001 S_flip=0.172 t=121s
[P775_h140_pad0.120_s1001] it  88 J=0.20169 A_min=0.1712 A_mean=0.2072 |g|=1.59e-03 bin=0.001 S_flip=0.172 t=123s
[P775_h140_pad0.120_s1001] it  89 J=0.20170 A_min=0.1712 A_mean=0.2072 |g|=1.65e-03 bin=0.001 S_flip=0.172 t=124s
[P775_h140_pad0.120_s1001] it  90 J=0.20172 A_min=0.1712 A_mean=0.2072 |g|=1.61e-03 bin=0.001 S_flip=0.173 t=125s
[P775_h140_pad0.120_s1001] it  91 J=0.20173 A_min=0.1712 A_mean=0.2072 |g|=1.47e-03 bin=0.001 S_flip=0.173 t=127s
[P775_h140_pad0.120_s1001] it  92 J=0.20174 A_min=0.1712 A_mean=0.2072 |g|=1.28e-03 bin=0.001 S_flip=0.173 t=128s
[P775_h140_pad0.120_s1001] it  93 J=0.20174 A_min=0.1712 A_mean=0.2073 |g|=1.10e-03 bin=0.000 S_flip=0.173 t=129s
[P775_h140_pad0.120_s1001] it  94 J=0.20175 A_min=0.1712 A_mean=0.2073 |g|=9.58e-04 bin=0.000 S_flip=0.173 t=131s
[P775_h140_pad0.120_s1001] it  95 J=0.20175 A_min=0.1712 A_mean=0.2073 |g|=8.53e-04 bin=0.000 S_flip=0.173 t=132s
[P775_h140_pad0.120_s1001] it  96 J=0.20175 A_min=0.1712 A_mean=0.2073 |g|=7.76e-04 bin=0.000 S_flip=0.174 t=134s
[P775_h140_pad0.120_s1001] it  97 J=0.20175 A_min=0.1712 A_mean=0.2073 |g|=7.17e-04 bin=0.000 S_flip=0.174 t=135s
[P775_h140_pad0.120_s1001] it  98 J=0.20175 A_min=0.1712 A_mean=0.2073 |g|=6.68e-04 bin=0.000 S_flip=0.174 t=136s
[P775_h140_pad0.120_s1001] it  99 J=0.20175 A_min=0.1712 A_mean=0.2073 |g|=6.27e-04 bin=0.000 S_flip=0.174 t=138s
[P775_h140_pad0.120_s1001] done: J_soft=0.20175 J_hard=0.20176 A_hard=[0.1712, 0.2225, 0.2282] S_flip=0.174 wall=139s
[P775_h140_pad0.120_s7777] it   0 J=0.10213 A_min=0.0911 A_mean=0.1037 |g|=2.51e-03 bin=0.544 S_flip=0.057 t=1s
[P775_h140_pad0.120_s7777] it   1 J=0.10338 A_min=0.0922 A_mean=0.1050 |g|=2.62e-03 bin=0.542 S_flip=0.058 t=3s
[P775_h140_pad0.120_s7777] it   2 J=0.10477 A_min=0.0935 A_mean=0.1064 |g|=2.74e-03 bin=0.540 S_flip=0.059 t=4s
[P775_h140_pad0.120_s7777] it   3 J=0.10632 A_min=0.0948 A_mean=0.1080 |g|=2.88e-03 bin=0.537 S_flip=0.060 t=5s
[P775_h140_pad0.120_s7777] it   4 J=0.10806 A_min=0.0963 A_mean=0.1097 |g|=3.03e-03 bin=0.534 S_flip=0.061 t=7s
[P775_h140_pad0.120_s7777] it   5 J=0.11004 A_min=0.0981 A_mean=0.1117 |g|=3.20e-03 bin=0.530 S_flip=0.063 t=8s
[P775_h140_pad0.120_s7777] it   6 J=0.11229 A_min=0.1000 A_mean=0.1140 |g|=3.38e-03 bin=0.525 S_flip=0.064 t=10s
[P775_h140_pad0.120_s7777] it   7 J=0.11484 A_min=0.1023 A_mean=0.1166 |g|=3.58e-03 bin=0.519 S_flip=0.065 t=11s
[P775_h140_pad0.120_s7777] it   8 J=0.11775 A_min=0.1048 A_mean=0.1196 |g|=3.77e-03 bin=0.512 S_flip=0.066 t=13s
[P775_h140_pad0.120_s7777] it   9 J=0.12105 A_min=0.1077 A_mean=0.1229 |g|=3.97e-03 bin=0.503 S_flip=0.068 t=14s
[P775_h140_pad0.120_s7777] it  10 J=0.12477 A_min=0.1109 A_mean=0.1267 |g|=4.16e-03 bin=0.492 S_flip=0.069 t=15s
[P775_h140_pad0.120_s7777] it  11 J=0.12892 A_min=0.1145 A_mean=0.1309 |g|=4.32e-03 bin=0.478 S_flip=0.070 t=17s
[P775_h140_pad0.120_s7777] it  12 J=0.13350 A_min=0.1184 A_mean=0.1356 |g|=4.44e-03 bin=0.463 S_flip=0.070 t=18s
[P775_h140_pad0.120_s7777] it  13 J=0.13847 A_min=0.1227 A_mean=0.1407 |g|=4.50e-03 bin=0.444 S_flip=0.071 t=20s
[P775_h140_pad0.120_s7777] it  14 J=0.14376 A_min=0.1272 A_mean=0.1460 |g|=4.48e-03 bin=0.423 S_flip=0.071 t=21s
[P775_h140_pad0.120_s7777] it  15 J=0.14924 A_min=0.1319 A_mean=0.1516 |g|=4.38e-03 bin=0.399 S_flip=0.071 t=22s
[P775_h140_pad0.120_s7777] it  16 J=0.15478 A_min=0.1366 A_mean=0.1573 |g|=4.20e-03 bin=0.372 S_flip=0.071 t=24s
[P775_h140_pad0.120_s7777] it  17 J=0.16023 A_min=0.1412 A_mean=0.1629 |g|=3.94e-03 bin=0.344 S_flip=0.071 t=25s
[P775_h140_pad0.120_s7777] it  18 J=0.16542 A_min=0.1456 A_mean=0.1682 |g|=3.63e-03 bin=0.315 S_flip=0.072 t=26s
[P775_h140_pad0.120_s7777] it  19 J=0.17024 A_min=0.1496 A_mean=0.1731 |g|=3.29e-03 bin=0.286 S_flip=0.072 t=28s
[P775_h140_pad0.120_s7777] it  20 J=0.17458 A_min=0.1532 A_mean=0.1776 |g|=2.95e-03 bin=0.257 S_flip=0.073 t=29s
[P775_h140_pad0.120_s7777] it  21 J=0.17840 A_min=0.1564 A_mean=0.1815 |g|=2.62e-03 bin=0.230 S_flip=0.074 t=30s
[P775_h140_pad0.120_s7777] it  22 J=0.18170 A_min=0.1591 A_mean=0.1849 |g|=2.34e-03 bin=0.205 S_flip=0.076 t=32s
[P775_h140_pad0.120_s7777] it  23 J=0.18450 A_min=0.1613 A_mean=0.1878 |g|=2.09e-03 bin=0.183 S_flip=0.078 t=33s
[P775_h140_pad0.120_s7777] it  24 J=0.18685 A_min=0.1632 A_mean=0.1902 |g|=1.89e-03 bin=0.163 S_flip=0.081 t=34s
[P775_h140_pad0.120_s7777] it  25 J=0.18879 A_min=0.1647 A_mean=0.1922 |g|=1.72e-03 bin=0.145 S_flip=0.084 t=35s
[P775_h140_pad0.120_s7777] it  26 J=0.19040 A_min=0.1660 A_mean=0.1939 |g|=1.58e-03 bin=0.129 S_flip=0.087 t=37s
[P775_h140_pad0.120_s7777] it  27 J=0.19173 A_min=0.1670 A_mean=0.1953 |g|=1.48e-03 bin=0.115 S_flip=0.090 t=38s
[P775_h140_pad0.120_s7777] it  28 J=0.19283 A_min=0.1678 A_mean=0.1965 |g|=1.39e-03 bin=0.103 S_flip=0.093 t=39s
[P775_h140_pad0.120_s7777] it  29 J=0.19374 A_min=0.1684 A_mean=0.1974 |g|=1.32e-03 bin=0.093 S_flip=0.096 t=41s
[P775_h140_pad0.120_s7777] it  30 J=0.19451 A_min=0.1690 A_mean=0.1983 |g|=1.26e-03 bin=0.084 S_flip=0.100 t=42s
[P775_h140_pad0.120_s7777] it  31 J=0.19515 A_min=0.1694 A_mean=0.1990 |g|=1.22e-03 bin=0.076 S_flip=0.103 t=44s
[P775_h140_pad0.120_s7777] it  32 J=0.19571 A_min=0.1698 A_mean=0.1996 |g|=1.18e-03 bin=0.069 S_flip=0.107 t=45s
[P775_h140_pad0.120_s7777] it  33 J=0.19619 A_min=0.1700 A_mean=0.2001 |g|=1.15e-03 bin=0.063 S_flip=0.111 t=46s
[P775_h140_pad0.120_s7777] it  34 J=0.19661 A_min=0.1703 A_mean=0.2006 |g|=1.13e-03 bin=0.057 S_flip=0.114 t=47s
[P775_h140_pad0.120_s7777] it  35 J=0.19698 A_min=0.1704 A_mean=0.2010 |g|=1.11e-03 bin=0.052 S_flip=0.118 t=49s
[P775_h140_pad0.120_s7777] it  36 J=0.19731 A_min=0.1706 A_mean=0.2014 |g|=1.10e-03 bin=0.048 S_flip=0.121 t=50s
[P775_h140_pad0.120_s7777] it  37 J=0.19762 A_min=0.1707 A_mean=0.2017 |g|=1.09e-03 bin=0.044 S_flip=0.125 t=52s
[P775_h140_pad0.120_s7777] it  38 J=0.19789 A_min=0.1708 A_mean=0.2020 |g|=1.09e-03 bin=0.041 S_flip=0.129 t=53s
[P775_h140_pad0.120_s7777] it  39 J=0.19814 A_min=0.1709 A_mean=0.2023 |g|=1.08e-03 bin=0.037 S_flip=0.132 t=54s
[P775_h140_pad0.120_s7777] it  40 J=0.19838 A_min=0.1710 A_mean=0.2026 |g|=1.08e-03 bin=0.034 S_flip=0.136 t=55s
[P775_h140_pad0.120_s7777] it  41 J=0.19860 A_min=0.1710 A_mean=0.2029 |g|=1.07e-03 bin=0.032 S_flip=0.139 t=56s
[P775_h140_pad0.120_s7777] it  42 J=0.19880 A_min=0.1710 A_mean=0.2032 |g|=1.07e-03 bin=0.029 S_flip=0.142 t=57s
[P775_h140_pad0.120_s7777] it  43 J=0.19899 A_min=0.1711 A_mean=0.2034 |g|=1.06e-03 bin=0.027 S_flip=0.145 t=58s
[P775_h140_pad0.120_s7777] it  44 J=0.19917 A_min=0.1711 A_mean=0.2036 |g|=1.06e-03 bin=0.025 S_flip=0.148 t=59s
[P775_h140_pad0.120_s7777] it  45 J=0.19933 A_min=0.1711 A_mean=0.2039 |g|=1.05e-03 bin=0.023 S_flip=0.151 t=61s
[P775_h140_pad0.120_s7777] it  46 J=0.19949 A_min=0.1711 A_mean=0.2041 |g|=1.05e-03 bin=0.021 S_flip=0.154 t=62s
[P775_h140_pad0.120_s7777] it  47 J=0.19964 A_min=0.1711 A_mean=0.2043 |g|=1.06e-03 bin=0.020 S_flip=0.157 t=63s
[P775_h140_pad0.120_s7777] it  48 J=0.19978 A_min=0.1711 A_mean=0.2045 |g|=1.08e-03 bin=0.018 S_flip=0.160 t=64s
[P775_h140_pad0.120_s7777] it  49 J=0.19991 A_min=0.1711 A_mean=0.2047 |g|=1.12e-03 bin=0.017 S_flip=0.162 t=65s
[P775_h140_pad0.120_s7777] it  50 J=0.20005 A_min=0.1711 A_mean=0.2048 |g|=1.16e-03 bin=0.016 S_flip=0.164 t=66s
[P775_h140_pad0.120_s7777] it  51 J=0.20018 A_min=0.1711 A_mean=0.2050 |g|=1.21e-03 bin=0.015 S_flip=0.167 t=67s
[P775_h140_pad0.120_s7777] it  52 J=0.20031 A_min=0.1711 A_mean=0.2052 |g|=1.25e-03 bin=0.014 S_flip=0.169 t=68s
[P775_h140_pad0.120_s7777] it  53 J=0.20044 A_min=0.1710 A_mean=0.2054 |g|=1.29e-03 bin=0.013 S_flip=0.171 t=70s
[P775_h140_pad0.120_s7777] it  54 J=0.20058 A_min=0.1710 A_mean=0.2056 |g|=1.31e-03 bin=0.012 S_flip=0.173 t=71s
[P775_h140_pad0.120_s7777] it  55 J=0.20071 A_min=0.1710 A_mean=0.2058 |g|=1.32e-03 bin=0.011 S_flip=0.175 t=72s
[P775_h140_pad0.120_s7777] it  56 J=0.20083 A_min=0.1710 A_mean=0.2060 |g|=1.32e-03 bin=0.010 S_flip=0.177 t=73s
[P775_h140_pad0.120_s7777] it  57 J=0.20096 A_min=0.1710 A_mean=0.2062 |g|=1.30e-03 bin=0.009 S_flip=0.179 t=74s
[P775_h140_pad0.120_s7777] it  58 J=0.20107 A_min=0.1709 A_mean=0.2064 |g|=1.26e-03 bin=0.009 S_flip=0.181 t=75s
[P775_h140_pad0.120_s7777] it  59 J=0.20118 A_min=0.1709 A_mean=0.2066 |g|=1.20e-03 bin=0.008 S_flip=0.182 t=76s
[P775_h140_pad0.120_s7777] it  60 J=0.20128 A_min=0.1709 A_mean=0.2067 |g|=1.14e-03 bin=0.007 S_flip=0.184 t=77s
[P775_h140_pad0.120_s7777] it  61 J=0.20136 A_min=0.1709 A_mean=0.2069 |g|=1.10e-03 bin=0.007 S_flip=0.185 t=79s
[P775_h140_pad0.120_s7777] it  62 J=0.20144 A_min=0.1709 A_mean=0.2070 |g|=1.08e-03 bin=0.006 S_flip=0.187 t=80s
[P775_h140_pad0.120_s7777] it  63 J=0.20151 A_min=0.1708 A_mean=0.2071 |g|=1.08e-03 bin=0.006 S_flip=0.188 t=81s
[P775_h140_pad0.120_s7777] it  64 J=0.20158 A_min=0.1708 A_mean=0.2072 |g|=1.09e-03 bin=0.005 S_flip=0.189 t=82s
[P775_h140_pad0.120_s7777] it  65 J=0.20164 A_min=0.1708 A_mean=0.2073 |g|=1.12e-03 bin=0.005 S_flip=0.191 t=83s
[P775_h140_pad0.120_s7777] it  66 J=0.20170 A_min=0.1708 A_mean=0.2074 |g|=1.16e-03 bin=0.005 S_flip=0.192 t=84s
[P775_h140_pad0.120_s7777] it  67 J=0.20176 A_min=0.1708 A_mean=0.2075 |g|=1.21e-03 bin=0.004 S_flip=0.194 t=85s
[P775_h140_pad0.120_s7777] it  68 J=0.20182 A_min=0.1708 A_mean=0.2076 |g|=1.25e-03 bin=0.004 S_flip=0.195 t=86s
[P775_h140_pad0.120_s7777] it  69 J=0.20187 A_min=0.1708 A_mean=0.2077 |g|=1.25e-03 bin=0.004 S_flip=0.197 t=87s
[P775_h140_pad0.120_s7777] it  70 J=0.20193 A_min=0.1707 A_mean=0.2078 |g|=1.20e-03 bin=0.003 S_flip=0.199 t=88s
[P775_h140_pad0.120_s7777] it  71 J=0.20198 A_min=0.1707 A_mean=0.2079 |g|=1.14e-03 bin=0.003 S_flip=0.201 t=90s
[P775_h140_pad0.120_s7777] it  72 J=0.20202 A_min=0.1707 A_mean=0.2080 |g|=1.09e-03 bin=0.003 S_flip=0.202 t=91s
[P775_h140_pad0.120_s7777] it  73 J=0.20206 A_min=0.1707 A_mean=0.2080 |g|=1.07e-03 bin=0.003 S_flip=0.203 t=92s
[P775_h140_pad0.120_s7777] it  74 J=0.20209 A_min=0.1707 A_mean=0.2081 |g|=1.08e-03 bin=0.002 S_flip=0.204 t=93s
[P775_h140_pad0.120_s7777] it  75 J=0.20212 A_min=0.1707 A_mean=0.2081 |g|=1.11e-03 bin=0.002 S_flip=0.204 t=94s
[P775_h140_pad0.120_s7777] it  76 J=0.20215 A_min=0.1707 A_mean=0.2082 |g|=1.18e-03 bin=0.002 S_flip=0.205 t=95s
[P775_h140_pad0.120_s7777] it  77 J=0.20218 A_min=0.1707 A_mean=0.2082 |g|=1.29e-03 bin=0.002 S_flip=0.205 t=96s
[P775_h140_pad0.120_s7777] it  78 J=0.20221 A_min=0.1707 A_mean=0.2083 |g|=1.46e-03 bin=0.002 S_flip=0.205 t=98s
[P775_h140_pad0.120_s7777] it  79 J=0.20224 A_min=0.1707 A_mean=0.2083 |g|=1.62e-03 bin=0.002 S_flip=0.205 t=99s
[P775_h140_pad0.120_s7777] it  80 J=0.20227 A_min=0.1707 A_mean=0.2084 |g|=1.67e-03 bin=0.002 S_flip=0.204 t=100s
[P775_h140_pad0.120_s7777] it  81 J=0.20230 A_min=0.1707 A_mean=0.2084 |g|=1.56e-03 bin=0.001 S_flip=0.204 t=102s
[P775_h140_pad0.120_s7777] it  82 J=0.20233 A_min=0.1707 A_mean=0.2085 |g|=1.38e-03 bin=0.001 S_flip=0.204 t=103s
[P775_h140_pad0.120_s7777] it  83 J=0.20235 A_min=0.1707 A_mean=0.2085 |g|=1.23e-03 bin=0.001 S_flip=0.204 t=104s
[P775_h140_pad0.120_s7777] it  84 J=0.20237 A_min=0.1707 A_mean=0.2086 |g|=1.12e-03 bin=0.001 S_flip=0.203 t=106s
[P775_h140_pad0.120_s7777] it  85 J=0.20238 A_min=0.1706 A_mean=0.2086 |g|=1.06e-03 bin=0.001 S_flip=0.203 t=107s
[P775_h140_pad0.120_s7777] it  86 J=0.20239 A_min=0.1706 A_mean=0.2086 |g|=1.02e-03 bin=0.001 S_flip=0.203 t=108s
[P775_h140_pad0.120_s7777] it  87 J=0.20240 A_min=0.1706 A_mean=0.2086 |g|=9.98e-04 bin=0.001 S_flip=0.203 t=110s
[P775_h140_pad0.120_s7777] it  88 J=0.20241 A_min=0.1706 A_mean=0.2086 |g|=1.00e-03 bin=0.001 S_flip=0.203 t=111s
[P775_h140_pad0.120_s7777] it  89 J=0.20242 A_min=0.1706 A_mean=0.2086 |g|=1.02e-03 bin=0.001 S_flip=0.203 t=113s
[P775_h140_pad0.120_s7777] it  90 J=0.20242 A_min=0.1706 A_mean=0.2086 |g|=1.05e-03 bin=0.001 S_flip=0.203 t=114s
[P775_h140_pad0.120_s7777] it  91 J=0.20242 A_min=0.1706 A_mean=0.2086 |g|=1.08e-03 bin=0.001 S_flip=0.203 t=115s
[P775_h140_pad0.120_s7777] it  92 J=0.20243 A_min=0.1706 A_mean=0.2087 |g|=1.12e-03 bin=0.001 S_flip=0.203 t=117s
[P775_h140_pad0.120_s7777] it  93 J=0.20243 A_min=0.1706 A_mean=0.2087 |g|=1.15e-03 bin=0.001 S_flip=0.203 t=118s
[P775_h140_pad0.120_s7777] it  94 J=0.20243 A_min=0.1706 A_mean=0.2087 |g|=1.19e-03 bin=0.001 S_flip=0.203 t=119s
[P775_h140_pad0.120_s7777] it  95 J=0.20243 A_min=0.1706 A_mean=0.2087 |g|=1.22e-03 bin=0.001 S_flip=0.203 t=121s
[P775_h140_pad0.120_s7777] it  96 J=0.20243 A_min=0.1706 A_mean=0.2087 |g|=1.25e-03 bin=0.000 S_flip=0.203 t=122s
[P775_h140_pad0.120_s7777] it  97 J=0.20243 A_min=0.1706 A_mean=0.2087 |g|=1.27e-03 bin=0.000 S_flip=0.203 t=124s
[P775_h140_pad0.120_s7777] it  98 J=0.20243 A_min=0.1706 A_mean=0.2087 |g|=1.28e-03 bin=0.000 S_flip=0.203 t=125s
[P775_h140_pad0.120_s7777] it  99 J=0.20243 A_min=0.1706 A_mean=0.2087 |g|=1.29e-03 bin=0.000 S_flip=0.203 t=126s
[P775_h140_pad0.120_s7777] done: J_soft=0.20243 J_hard=0.20243 A_hard=[0.1706, 0.2219, 0.2334] S_flip=0.204 wall=128s
[P775_h160_pad0.040_s333] it   0 J=0.07540 A_min=0.0653 A_mean=0.0765 |g|=2.12e-03 bin=0.797 S_flip=0.052 t=1s
[P775_h160_pad0.040_s333] it   1 J=0.07689 A_min=0.0665 A_mean=0.0780 |g|=2.24e-03 bin=0.794 S_flip=0.053 t=3s
[P775_h160_pad0.040_s333] it   2 J=0.07856 A_min=0.0679 A_mean=0.0797 |g|=2.39e-03 bin=0.790 S_flip=0.054 t=4s
[P775_h160_pad0.040_s333] it   3 J=0.08045 A_min=0.0695 A_mean=0.0816 |g|=2.55e-03 bin=0.785 S_flip=0.056 t=5s
[P775_h160_pad0.040_s333] it   4 J=0.08259 A_min=0.0713 A_mean=0.0838 |g|=2.73e-03 bin=0.780 S_flip=0.057 t=6s
[P775_h160_pad0.040_s333] it   5 J=0.08502 A_min=0.0733 A_mean=0.0863 |g|=2.94e-03 bin=0.774 S_flip=0.059 t=8s
[P775_h160_pad0.040_s333] it   6 J=0.08779 A_min=0.0755 A_mean=0.0891 |g|=3.17e-03 bin=0.767 S_flip=0.061 t=9s
[P775_h160_pad0.040_s333] it   7 J=0.09094 A_min=0.0781 A_mean=0.0923 |g|=3.44e-03 bin=0.759 S_flip=0.063 t=10s
[P775_h160_pad0.040_s333] it   8 J=0.09453 A_min=0.0810 A_mean=0.0960 |g|=3.75e-03 bin=0.750 S_flip=0.065 t=12s
[P775_h160_pad0.040_s333] it   9 J=0.09864 A_min=0.0842 A_mean=0.1002 |g|=4.11e-03 bin=0.739 S_flip=0.067 t=13s
[P775_h160_pad0.040_s333] it  10 J=0.10335 A_min=0.0879 A_mean=0.1050 |g|=4.51e-03 bin=0.727 S_flip=0.069 t=14s
[P775_h160_pad0.040_s333] it  11 J=0.10874 A_min=0.0920 A_mean=0.1106 |g|=4.96e-03 bin=0.712 S_flip=0.071 t=16s
[P775_h160_pad0.040_s333] it  12 J=0.11491 A_min=0.0965 A_mean=0.1169 |g|=5.47e-03 bin=0.694 S_flip=0.074 t=17s
[P775_h160_pad0.040_s333] it  13 J=0.12198 A_min=0.1015 A_mean=0.1243 |g|=6.02e-03 bin=0.674 S_flip=0.076 t=19s
[P775_h160_pad0.040_s333] it  14 J=0.13005 A_min=0.1070 A_mean=0.1329 |g|=6.63e-03 bin=0.650 S_flip=0.078 t=20s
[P775_h160_pad0.040_s333] it  15 J=0.13922 A_min=0.1129 A_mean=0.1430 |g|=7.27e-03 bin=0.621 S_flip=0.079 t=22s
[P775_h160_pad0.040_s333] it  16 J=0.14956 A_min=0.1191 A_mean=0.1553 |g|=7.87e-03 bin=0.589 S_flip=0.081 t=23s
[P775_h160_pad0.040_s333] it  17 J=0.16095 A_min=0.1255 A_mean=0.1711 |g|=8.13e-03 bin=0.552 S_flip=0.082 t=25s
[P775_h160_pad0.040_s333] it  18 J=0.17256 A_min=0.1318 A_mean=0.1927 |g|=7.18e-03 bin=0.512 S_flip=0.083 t=26s
[P775_h160_pad0.040_s333] it  19 J=0.18226 A_min=0.1378 A_mean=0.2203 |g|=4.55e-03 bin=0.469 S_flip=0.083 t=28s
[P775_h160_pad0.040_s333] it  20 J=0.18807 A_min=0.1433 A_mean=0.2252 |g|=3.71e-03 bin=0.426 S_flip=0.084 t=29s
[P775_h160_pad0.040_s333] it  21 J=0.18402 A_min=0.1481 A_mean=0.1933 |g|=2.22e-02 bin=0.385 S_flip=0.085 t=31s
[P775_h160_pad0.040_s333] it  22 J=0.17884 A_min=0.1521 A_mean=0.1832 |g|=2.98e-02 bin=0.354 S_flip=0.088 t=32s
[P775_h160_pad0.040_s333] it  23 J=0.18514 A_min=0.1554 A_mean=0.1903 |g|=3.15e-02 bin=0.332 S_flip=0.092 t=34s
[P775_h160_pad0.040_s333] it  24 J=0.19929 A_min=0.1583 A_mean=0.2158 |g|=1.80e-02 bin=0.315 S_flip=0.098 t=35s
[P775_h160_pad0.040_s333] it  25 J=0.20671 A_min=0.1609 A_mean=0.2455 |g|=2.87e-03 bin=0.300 S_flip=0.106 t=37s
[P775_h160_pad0.040_s333] it  26 J=0.20876 A_min=0.1633 A_mean=0.2447 |g|=3.70e-03 bin=0.284 S_flip=0.114 t=38s
[P775_h160_pad0.040_s333] it  27 J=0.20909 A_min=0.1655 A_mean=0.2341 |g|=5.71e-03 bin=0.267 S_flip=0.123 t=39s
[P775_h160_pad0.040_s333] it  28 J=0.20891 A_min=0.1675 A_mean=0.2268 |g|=6.70e-03 bin=0.249 S_flip=0.132 t=41s
[P775_h160_pad0.040_s333] it  29 J=0.20894 A_min=0.1694 A_mean=0.2230 |g|=6.94e-03 bin=0.231 S_flip=0.140 t=42s
[P775_h160_pad0.040_s333] it  30 J=0.20938 A_min=0.1711 A_mean=0.2214 |g|=6.90e-03 bin=0.213 S_flip=0.147 t=44s
[P775_h160_pad0.040_s333] it  31 J=0.21020 A_min=0.1727 A_mean=0.2213 |g|=6.82e-03 bin=0.195 S_flip=0.154 t=45s
[P775_h160_pad0.040_s333] it  32 J=0.21133 A_min=0.1741 A_mean=0.2221 |g|=6.76e-03 bin=0.179 S_flip=0.159 t=46s
[P775_h160_pad0.040_s333] it  33 J=0.21272 A_min=0.1753 A_mean=0.2237 |g|=6.75e-03 bin=0.164 S_flip=0.164 t=48s
[P775_h160_pad0.040_s333] it  34 J=0.21433 A_min=0.1764 A_mean=0.2260 |g|=6.76e-03 bin=0.150 S_flip=0.169 t=49s
[P775_h160_pad0.040_s333] it  35 J=0.21612 A_min=0.1774 A_mean=0.2291 |g|=6.76e-03 bin=0.137 S_flip=0.174 t=50s
[P775_h160_pad0.040_s333] it  36 J=0.21806 A_min=0.1782 A_mean=0.2331 |g|=6.63e-03 bin=0.125 S_flip=0.178 t=52s
[P775_h160_pad0.040_s333] it  37 J=0.22004 A_min=0.1789 A_mean=0.2381 |g|=6.19e-03 bin=0.113 S_flip=0.183 t=53s
[P775_h160_pad0.040_s333] it  38 J=0.22192 A_min=0.1794 A_mean=0.2438 |g|=5.20e-03 bin=0.103 S_flip=0.188 t=55s
[P775_h160_pad0.040_s333] it  39 J=0.22341 A_min=0.1799 A_mean=0.2494 |g|=3.44e-03 bin=0.093 S_flip=0.193 t=56s
[P775_h160_pad0.040_s333] it  40 J=0.22424 A_min=0.1802 A_mean=0.2524 |g|=9.64e-04 bin=0.085 S_flip=0.198 t=57s
[P775_h160_pad0.040_s333] it  41 J=0.22414 A_min=0.1805 A_mean=0.2503 |g|=4.29e-03 bin=0.077 S_flip=0.204 t=59s
[P775_h160_pad0.040_s333] it  42 J=0.22325 A_min=0.1808 A_mean=0.2448 |g|=1.05e-02 bin=0.070 S_flip=0.210 t=60s
[P775_h160_pad0.040_s333] it  43 J=0.22273 A_min=0.1810 A_mean=0.2420 |g|=1.37e-02 bin=0.064 S_flip=0.216 t=61s
[P775_h160_pad0.040_s333] it  44 J=0.22347 A_min=0.1811 A_mean=0.2446 |g|=1.10e-02 bin=0.059 S_flip=0.223 t=63s
[P775_h160_pad0.040_s333] it  45 J=0.22457 A_min=0.1813 A_mean=0.2495 |g|=6.05e-03 bin=0.054 S_flip=0.230 t=64s
[P775_h160_pad0.040_s333] it  46 J=0.22524 A_min=0.1814 A_mean=0.2529 |g|=2.29e-03 bin=0.050 S_flip=0.237 t=66s
[P775_h160_pad0.040_s333] it  47 J=0.22548 A_min=0.1815 A_mean=0.2540 |g|=7.11e-04 bin=0.046 S_flip=0.243 t=67s
[P775_h160_pad0.040_s333] it  48 J=0.22546 A_min=0.1816 A_mean=0.2536 |g|=1.70e-03 bin=0.043 S_flip=0.250 t=68s
[P775_h160_pad0.040_s333] it  49 J=0.22535 A_min=0.1817 A_mean=0.2527 |g|=2.50e-03 bin=0.040 S_flip=0.256 t=70s
[P775_h160_pad0.040_s333] it  50 J=0.22525 A_min=0.1818 A_mean=0.2518 |g|=2.97e-03 bin=0.037 S_flip=0.261 t=71s
[P775_h160_pad0.040_s333] it  51 J=0.22518 A_min=0.1818 A_mean=0.2512 |g|=3.23e-03 bin=0.034 S_flip=0.266 t=73s
[P775_h160_pad0.040_s333] it  52 J=0.22518 A_min=0.1819 A_mean=0.2510 |g|=3.31e-03 bin=0.031 S_flip=0.271 t=74s
[P775_h160_pad0.040_s333] it  53 J=0.22524 A_min=0.1819 A_mean=0.2511 |g|=3.27e-03 bin=0.029 S_flip=0.275 t=75s
[P775_h160_pad0.040_s333] it  54 J=0.22535 A_min=0.1820 A_mean=0.2515 |g|=3.14e-03 bin=0.027 S_flip=0.279 t=77s
[P775_h160_pad0.040_s333] it  55 J=0.22549 A_min=0.1820 A_mean=0.2521 |g|=2.92e-03 bin=0.025 S_flip=0.282 t=78s
[P775_h160_pad0.040_s333] it  56 J=0.22564 A_min=0.1820 A_mean=0.2528 |g|=2.62e-03 bin=0.023 S_flip=0.286 t=80s
[P775_h160_pad0.040_s333] it  57 J=0.22579 A_min=0.1821 A_mean=0.2536 |g|=2.26e-03 bin=0.021 S_flip=0.288 t=81s
[P775_h160_pad0.040_s333] it  58 J=0.22593 A_min=0.1821 A_mean=0.2543 |g|=1.85e-03 bin=0.020 S_flip=0.291 t=82s
[P775_h160_pad0.040_s333] it  59 J=0.22604 A_min=0.1821 A_mean=0.2548 |g|=1.40e-03 bin=0.019 S_flip=0.293 t=84s
[P775_h160_pad0.040_s333] it  60 J=0.22612 A_min=0.1821 A_mean=0.2552 |g|=9.58e-04 bin=0.017 S_flip=0.296 t=85s
[P775_h160_pad0.040_s333] it  61 J=0.22617 A_min=0.1821 A_mean=0.2554 |g|=6.30e-04 bin=0.016 S_flip=0.298 t=87s
[P775_h160_pad0.040_s333] it  62 J=0.22619 A_min=0.1821 A_mean=0.2554 |g|=6.60e-04 bin=0.015 S_flip=0.300 t=88s
[P775_h160_pad0.040_s333] it  63 J=0.22619 A_min=0.1822 A_mean=0.2553 |g|=9.69e-04 bin=0.014 S_flip=0.301 t=90s
[P775_h160_pad0.040_s333] it  64 J=0.22619 A_min=0.1822 A_mean=0.2552 |g|=1.30e-03 bin=0.013 S_flip=0.303 t=91s
[P775_h160_pad0.040_s333] it  65 J=0.22618 A_min=0.1822 A_mean=0.2550 |g|=1.57e-03 bin=0.012 S_flip=0.305 t=93s
[P775_h160_pad0.040_s333] it  66 J=0.22618 A_min=0.1822 A_mean=0.2549 |g|=1.74e-03 bin=0.011 S_flip=0.306 t=94s
[P775_h160_pad0.040_s333] it  67 J=0.22619 A_min=0.1822 A_mean=0.2549 |g|=1.80e-03 bin=0.010 S_flip=0.308 t=96s
[P775_h160_pad0.040_s333] it  68 J=0.22620 A_min=0.1822 A_mean=0.2549 |g|=1.76e-03 bin=0.010 S_flip=0.309 t=97s
[P775_h160_pad0.040_s333] it  69 J=0.22623 A_min=0.1822 A_mean=0.2550 |g|=1.66e-03 bin=0.009 S_flip=0.310 t=98s
[P775_h160_pad0.040_s333] it  70 J=0.22625 A_min=0.1822 A_mean=0.2552 |g|=1.51e-03 bin=0.008 S_flip=0.312 t=100s
[P775_h160_pad0.040_s333] it  71 J=0.22628 A_min=0.1822 A_mean=0.2553 |g|=1.35e-03 bin=0.008 S_flip=0.313 t=101s
[P775_h160_pad0.040_s333] it  72 J=0.22631 A_min=0.1822 A_mean=0.2554 |g|=1.19e-03 bin=0.007 S_flip=0.314 t=103s
[P775_h160_pad0.040_s333] it  73 J=0.22633 A_min=0.1823 A_mean=0.2556 |g|=1.05e-03 bin=0.007 S_flip=0.315 t=104s
[P775_h160_pad0.040_s333] it  74 J=0.22635 A_min=0.1823 A_mean=0.2557 |g|=9.39e-04 bin=0.006 S_flip=0.315 t=106s
[P775_h160_pad0.040_s333] it  75 J=0.22636 A_min=0.1823 A_mean=0.2558 |g|=8.60e-04 bin=0.006 S_flip=0.316 t=107s
[P775_h160_pad0.040_s333] it  76 J=0.22638 A_min=0.1823 A_mean=0.2558 |g|=8.11e-04 bin=0.005 S_flip=0.317 t=109s
[P775_h160_pad0.040_s333] it  77 J=0.22639 A_min=0.1823 A_mean=0.2559 |g|=7.81e-04 bin=0.005 S_flip=0.318 t=110s
[P775_h160_pad0.040_s333] it  78 J=0.22640 A_min=0.1823 A_mean=0.2560 |g|=7.59e-04 bin=0.004 S_flip=0.318 t=112s
[P775_h160_pad0.040_s333] it  79 J=0.22641 A_min=0.1823 A_mean=0.2560 |g|=7.37e-04 bin=0.004 S_flip=0.319 t=113s
[P775_h160_pad0.040_s333] it  80 J=0.22642 A_min=0.1823 A_mean=0.2561 |g|=7.12e-04 bin=0.004 S_flip=0.319 t=115s
[P775_h160_pad0.040_s333] it  81 J=0.22642 A_min=0.1823 A_mean=0.2561 |g|=6.87e-04 bin=0.004 S_flip=0.320 t=116s
[P775_h160_pad0.040_s333] it  82 J=0.22643 A_min=0.1823 A_mean=0.2561 |g|=6.62e-04 bin=0.003 S_flip=0.320 t=117s
[P775_h160_pad0.040_s333] it  83 J=0.22644 A_min=0.1823 A_mean=0.2562 |g|=6.43e-04 bin=0.003 S_flip=0.320 t=119s
[P775_h160_pad0.040_s333] it  84 J=0.22644 A_min=0.1823 A_mean=0.2562 |g|=6.29e-04 bin=0.003 S_flip=0.321 t=120s
[P775_h160_pad0.040_s333] it  85 J=0.22644 A_min=0.1823 A_mean=0.2562 |g|=6.23e-04 bin=0.003 S_flip=0.321 t=122s
[P775_h160_pad0.040_s333] it  86 J=0.22645 A_min=0.1823 A_mean=0.2562 |g|=6.23e-04 bin=0.002 S_flip=0.321 t=123s
[P775_h160_pad0.040_s333] it  87 J=0.22645 A_min=0.1823 A_mean=0.2562 |g|=6.26e-04 bin=0.002 S_flip=0.321 t=125s
[P775_h160_pad0.040_s333] it  88 J=0.22645 A_min=0.1823 A_mean=0.2562 |g|=6.30e-04 bin=0.002 S_flip=0.322 t=126s
[P775_h160_pad0.040_s333] it  89 J=0.22646 A_min=0.1823 A_mean=0.2562 |g|=6.34e-04 bin=0.002 S_flip=0.322 t=128s
[P775_h160_pad0.040_s333] it  90 J=0.22646 A_min=0.1823 A_mean=0.2562 |g|=6.36e-04 bin=0.002 S_flip=0.322 t=129s
[P775_h160_pad0.040_s333] it  91 J=0.22646 A_min=0.1823 A_mean=0.2563 |g|=6.37e-04 bin=0.002 S_flip=0.322 t=131s
[P775_h160_pad0.040_s333] it  92 J=0.22646 A_min=0.1823 A_mean=0.2563 |g|=6.37e-04 bin=0.002 S_flip=0.322 t=132s
[P775_h160_pad0.040_s333] it  93 J=0.22646 A_min=0.1823 A_mean=0.2563 |g|=6.37e-04 bin=0.002 S_flip=0.322 t=133s
[P775_h160_pad0.040_s333] it  94 J=0.22646 A_min=0.1823 A_mean=0.2563 |g|=6.36e-04 bin=0.002 S_flip=0.323 t=135s
[P775_h160_pad0.040_s333] it  95 J=0.22646 A_min=0.1823 A_mean=0.2563 |g|=6.36e-04 bin=0.001 S_flip=0.323 t=136s
[P775_h160_pad0.040_s333] it  96 J=0.22646 A_min=0.1823 A_mean=0.2562 |g|=6.35e-04 bin=0.001 S_flip=0.323 t=138s
[P775_h160_pad0.040_s333] it  97 J=0.22646 A_min=0.1823 A_mean=0.2562 |g|=6.34e-04 bin=0.001 S_flip=0.323 t=139s
[P775_h160_pad0.040_s333] it  98 J=0.22646 A_min=0.1823 A_mean=0.2562 |g|=6.32e-04 bin=0.001 S_flip=0.323 t=140s
[P775_h160_pad0.040_s333] it  99 J=0.22646 A_min=0.1823 A_mean=0.2562 |g|=6.28e-04 bin=0.001 S_flip=0.323 t=142s
[P775_h160_pad0.040_s333] done: J_soft=0.22646 J_hard=0.22646 A_hard=[0.1823, 0.2368, 0.3496] S_flip=0.326 wall=144s
[P775_h160_pad0.040_s1001] it   0 J=0.07395 A_min=0.0642 A_mean=0.0750 |g|=2.03e-03 bin=0.798 S_flip=0.061 t=1s
[P775_h160_pad0.040_s1001] it   1 J=0.07531 A_min=0.0654 A_mean=0.0764 |g|=2.14e-03 bin=0.794 S_flip=0.062 t=3s
[P775_h160_pad0.040_s1001] it   2 J=0.07684 A_min=0.0667 A_mean=0.0780 |g|=2.28e-03 bin=0.791 S_flip=0.063 t=4s
[P775_h160_pad0.040_s1001] it   3 J=0.07857 A_min=0.0681 A_mean=0.0797 |g|=2.43e-03 bin=0.787 S_flip=0.065 t=6s
[P775_h160_pad0.040_s1001] it   4 J=0.08052 A_min=0.0698 A_mean=0.0817 |g|=2.60e-03 bin=0.782 S_flip=0.066 t=7s
[P775_h160_pad0.040_s1001] it   5 J=0.08273 A_min=0.0716 A_mean=0.0840 |g|=2.79e-03 bin=0.776 S_flip=0.068 t=9s
[P775_h160_pad0.040_s1001] it   6 J=0.08523 A_min=0.0737 A_mean=0.0865 |g|=3.02e-03 bin=0.770 S_flip=0.070 t=10s
[P775_h160_pad0.040_s1001] it   7 J=0.08809 A_min=0.0761 A_mean=0.0894 |g|=3.27e-03 bin=0.763 S_flip=0.072 t=11s
[P775_h160_pad0.040_s1001] it   8 J=0.09134 A_min=0.0788 A_mean=0.0928 |g|=3.56e-03 bin=0.755 S_flip=0.074 t=13s
[P775_h160_pad0.040_s1001] it   9 J=0.09506 A_min=0.0818 A_mean=0.0966 |g|=3.90e-03 bin=0.745 S_flip=0.076 t=14s
[P775_h160_pad0.040_s1001] it  10 J=0.09931 A_min=0.0852 A_mean=0.1009 |g|=4.27e-03 bin=0.734 S_flip=0.078 t=16s
[P775_h160_pad0.040_s1001] it  11 J=0.10418 A_min=0.0890 A_mean=0.1059 |g|=4.70e-03 bin=0.721 S_flip=0.080 t=18s
[P775_h160_pad0.040_s1001] it  12 J=0.10976 A_min=0.0933 A_mean=0.1116 |g|=5.18e-03 bin=0.705 S_flip=0.082 t=19s
[P775_h160_pad0.040_s1001] it  13 J=0.11615 A_min=0.0981 A_mean=0.1182 |g|=5.71e-03 bin=0.687 S_flip=0.084 t=20s
[P775_h160_pad0.040_s1001] it  14 J=0.12346 A_min=0.1034 A_mean=0.1258 |g|=6.28e-03 bin=0.665 S_flip=0.085 t=22s
[P775_h160_pad0.040_s1001] it  15 J=0.13178 A_min=0.1091 A_mean=0.1346 |g|=6.88e-03 bin=0.640 S_flip=0.085 t=23s
[P775_h160_pad0.040_s1001] it  16 J=0.14121 A_min=0.1153 A_mean=0.1449 |g|=7.50e-03 bin=0.610 S_flip=0.086 t=24s
[P775_h160_pad0.040_s1001] it  17 J=0.15178 A_min=0.1217 A_mean=0.1573 |g|=8.08e-03 bin=0.576 S_flip=0.085 t=26s
[P775_h160_pad0.040_s1001] it  18 J=0.16337 A_min=0.1283 A_mean=0.1729 |g|=8.38e-03 bin=0.537 S_flip=0.084 t=27s
[P775_h160_pad0.040_s1001] it  19 J=0.17525 A_min=0.1347 A_mean=0.1943 |g|=7.53e-03 bin=0.495 S_flip=0.083 t=28s
[P775_h160_pad0.040_s1001] it  20 J=0.18523 A_min=0.1407 A_mean=0.2221 |g|=4.75e-03 bin=0.452 S_flip=0.081 t=29s
[P775_h160_pad0.040_s1001] it  21 J=0.19098 A_min=0.1462 A_mean=0.2272 |g|=3.95e-03 bin=0.408 S_flip=0.079 t=31s
[P775_h160_pad0.040_s1001] it  22 J=0.18565 A_min=0.1509 A_mean=0.1938 |g|=2.53e-02 bin=0.367 S_flip=0.079 t=32s
[P775_h160_pad0.040_s1001] it  23 J=0.18118 A_min=0.1547 A_mean=0.1855 |g|=3.24e-02 bin=0.337 S_flip=0.080 t=33s
[P775_h160_pad0.040_s1001] it  24 J=0.18969 A_min=0.1579 A_mean=0.1957 |g|=3.26e-02 bin=0.316 S_flip=0.084 t=35s
[P775_h160_pad0.040_s1001] it  25 J=0.20371 A_min=0.1607 A_mean=0.2262 |g|=1.26e-02 bin=0.301 S_flip=0.091 t=36s
[P775_h160_pad0.040_s1001] it  26 J=0.20896 A_min=0.1631 A_mean=0.2480 |g|=2.42e-03 bin=0.286 S_flip=0.099 t=37s
[P775_h160_pad0.040_s1001] it  27 J=0.21015 A_min=0.1654 A_mean=0.2410 |g|=4.65e-03 bin=0.271 S_flip=0.108 t=39s
[P775_h160_pad0.040_s1001] it  28 J=0.20999 A_min=0.1675 A_mean=0.2310 |g|=6.48e-03 bin=0.254 S_flip=0.118 t=40s
[P775_h160_pad0.040_s1001] it  29 J=0.20966 A_min=0.1694 A_mean=0.2251 |g|=7.13e-03 bin=0.237 S_flip=0.128 t=41s
[P775_h160_pad0.040_s1001] it  30 J=0.20971 A_min=0.1711 A_mean=0.2222 |g|=7.20e-03 bin=0.219 S_flip=0.137 t=43s
[P775_h160_pad0.040_s1001] it  31 J=0.21021 A_min=0.1727 A_mean=0.2213 |g|=7.12e-03 bin=0.203 S_flip=0.145 t=44s
[P775_h160_pad0.040_s1001] it  32 J=0.21110 A_min=0.1741 A_mean=0.2215 |g|=7.05e-03 bin=0.186 S_flip=0.152 t=45s
[P775_h160_pad0.040_s1001] it  33 J=0.21230 A_min=0.1754 A_mean=0.2227 |g|=7.04e-03 bin=0.171 S_flip=0.157 t=47s
[P775_h160_pad0.040_s1001] it  34 J=0.21378 A_min=0.1765 A_mean=0.2246 |g|=7.08e-03 bin=0.157 S_flip=0.162 t=48s
[P775_h160_pad0.040_s1001] it  35 J=0.21550 A_min=0.1775 A_mean=0.2274 |g|=7.13e-03 bin=0.144 S_flip=0.165 t=49s
[P775_h160_pad0.040_s1001] it  36 J=0.21743 A_min=0.1783 A_mean=0.2310 |g|=7.11e-03 bin=0.131 S_flip=0.168 t=51s
[P775_h160_pad0.040_s1001] it  37 J=0.21950 A_min=0.1791 A_mean=0.2357 |g|=6.81e-03 bin=0.119 S_flip=0.170 t=52s
[P775_h160_pad0.040_s1001] it  38 J=0.22154 A_min=0.1797 A_mean=0.2414 |g|=5.94e-03 bin=0.108 S_flip=0.171 t=53s
[P775_h160_pad0.040_s1001] it  39 J=0.22327 A_min=0.1802 A_mean=0.2473 |g|=4.16e-03 bin=0.098 S_flip=0.172 t=55s
[P775_h160_pad0.040_s1001] it  40 J=0.22429 A_min=0.1806 A_mean=0.2509 |g|=1.27e-03 bin=0.088 S_flip=0.174 t=56s
[P775_h160_pad0.040_s1001] it  41 J=0.22425 A_min=0.1809 A_mean=0.2490 |g|=4.39e-03 bin=0.079 S_flip=0.176 t=58s
[P775_h160_pad0.040_s1001] it  42 J=0.22318 A_min=0.1811 A_mean=0.2432 |g|=1.17e-02 bin=0.072 S_flip=0.180 t=59s
[P775_h160_pad0.040_s1001] it  43 J=0.22256 A_min=0.1813 A_mean=0.2403 |g|=1.54e-02 bin=0.066 S_flip=0.185 t=60s
[P775_h160_pad0.040_s1001] it  44 J=0.22346 A_min=0.1815 A_mean=0.2433 |g|=1.19e-02 bin=0.060 S_flip=0.192 t=62s
[P775_h160_pad0.040_s1001] it  45 J=0.22471 A_min=0.1816 A_mean=0.2485 |g|=6.14e-03 bin=0.056 S_flip=0.201 t=63s
[P775_h160_pad0.040_s1001] it  46 J=0.22539 A_min=0.1817 A_mean=0.2519 |g|=1.97e-03 bin=0.052 S_flip=0.211 t=64s
[P775_h160_pad0.040_s1001] it  47 J=0.22557 A_min=0.1818 A_mean=0.2527 |g|=9.27e-04 bin=0.048 S_flip=0.220 t=66s
[P775_h160_pad0.040_s1001] it  48 J=0.22549 A_min=0.1819 A_mean=0.2520 |g|=2.21e-03 bin=0.044 S_flip=0.229 t=67s
[P775_h160_pad0.040_s1001] it  49 J=0.22533 A_min=0.1820 A_mean=0.2510 |g|=3.03e-03 bin=0.041 S_flip=0.237 t=68s
[P775_h160_pad0.040_s1001] it  50 J=0.22520 A_min=0.1820 A_mean=0.2501 |g|=3.49e-03 bin=0.038 S_flip=0.244 t=70s
[P775_h160_pad0.040_s1001] it  51 J=0.22513 A_min=0.1821 A_mean=0.2496 |g|=3.70e-03 bin=0.035 S_flip=0.250 t=71s
[P775_h160_pad0.040_s1001] it  52 J=0.22515 A_min=0.1821 A_mean=0.2496 |g|=3.74e-03 bin=0.032 S_flip=0.255 t=73s
[P775_h160_pad0.040_s1001] it  53 J=0.22524 A_min=0.1822 A_mean=0.2499 |g|=3.65e-03 bin=0.030 S_flip=0.259 t=74s
[P775_h160_pad0.040_s1001] it  54 J=0.22538 A_min=0.1822 A_mean=0.2505 |g|=3.44e-03 bin=0.028 S_flip=0.262 t=75s
[P775_h160_pad0.040_s1001] it  55 J=0.22556 A_min=0.1822 A_mean=0.2514 |g|=3.14e-03 bin=0.026 S_flip=0.265 t=77s
[P775_h160_pad0.040_s1001] it  56 J=0.22575 A_min=0.1822 A_mean=0.2523 |g|=2.75e-03 bin=0.024 S_flip=0.267 t=78s
[P775_h160_pad0.040_s1001] it  57 J=0.22593 A_min=0.1823 A_mean=0.2532 |g|=2.27e-03 bin=0.022 S_flip=0.269 t=80s
[P775_h160_pad0.040_s1001] it  58 J=0.22608 A_min=0.1823 A_mean=0.2540 |g|=1.72e-03 bin=0.021 S_flip=0.271 t=81s
[P775_h160_pad0.040_s1001] it  59 J=0.22618 A_min=0.1823 A_mean=0.2546 |g|=1.14e-03 bin=0.019 S_flip=0.273 t=82s
[P775_h160_pad0.040_s1001] it  60 J=0.22625 A_min=0.1823 A_mean=0.2549 |g|=6.57e-04 bin=0.018 S_flip=0.274 t=84s
[P775_h160_pad0.040_s1001] it  61 J=0.22627 A_min=0.1823 A_mean=0.2549 |g|=7.12e-04 bin=0.017 S_flip=0.276 t=85s
[P775_h160_pad0.040_s1001] it  62 J=0.22627 A_min=0.1823 A_mean=0.2548 |g|=1.19e-03 bin=0.015 S_flip=0.278 t=87s
[P775_h160_pad0.040_s1001] it  63 J=0.22625 A_min=0.1823 A_mean=0.2546 |g|=1.68e-03 bin=0.014 S_flip=0.280 t=88s
[P775_h160_pad0.040_s1001] it  64 J=0.22623 A_min=0.1823 A_mean=0.2544 |g|=2.04e-03 bin=0.013 S_flip=0.282 t=89s
[P775_h160_pad0.040_s1001] it  65 J=0.22623 A_min=0.1823 A_mean=0.2543 |g|=2.25e-03 bin=0.012 S_flip=0.284 t=91s
[P775_h160_pad0.040_s1001] it  66 J=0.22624 A_min=0.1823 A_mean=0.2544 |g|=2.30e-03 bin=0.011 S_flip=0.286 t=92s
[P775_h160_pad0.040_s1001] it  67 J=0.22626 A_min=0.1823 A_mean=0.2545 |g|=2.22e-03 bin=0.011 S_flip=0.288 t=93s
[P775_h160_pad0.040_s1001] it  68 J=0.22630 A_min=0.1823 A_mean=0.2547 |g|=2.04e-03 bin=0.010 S_flip=0.290 t=95s
[P775_h160_pad0.040_s1001] it  69 J=0.22633 A_min=0.1823 A_mean=0.2549 |g|=1.81e-03 bin=0.009 S_flip=0.291 t=96s
[P775_h160_pad0.040_s1001] it  70 J=0.22637 A_min=0.1823 A_mean=0.2551 |g|=1.54e-03 bin=0.009 S_flip=0.293 t=98s
[P775_h160_pad0.040_s1001] it  71 J=0.22641 A_min=0.1823 A_mean=0.2553 |g|=1.28e-03 bin=0.008 S_flip=0.295 t=99s
[P775_h160_pad0.040_s1001] it  72 J=0.22643 A_min=0.1823 A_mean=0.2555 |g|=1.02e-03 bin=0.008 S_flip=0.296 t=100s
[P775_h160_pad0.040_s1001] it  73 J=0.22645 A_min=0.1824 A_mean=0.2556 |g|=7.94e-04 bin=0.007 S_flip=0.297 t=102s
[P775_h160_pad0.040_s1001] it  74 J=0.22647 A_min=0.1824 A_mean=0.2557 |g|=6.14e-04 bin=0.007 S_flip=0.298 t=103s
[P775_h160_pad0.040_s1001] it  75 J=0.22648 A_min=0.1824 A_mean=0.2558 |g|=5.06e-04 bin=0.006 S_flip=0.300 t=105s
[P775_h160_pad0.040_s1001] it  76 J=0.22649 A_min=0.1824 A_mean=0.2559 |g|=4.79e-04 bin=0.006 S_flip=0.301 t=106s
[P775_h160_pad0.040_s1001] it  77 J=0.22649 A_min=0.1824 A_mean=0.2559 |g|=5.09e-04 bin=0.005 S_flip=0.302 t=108s
[P775_h160_pad0.040_s1001] it  78 J=0.22649 A_min=0.1824 A_mean=0.2559 |g|=5.60e-04 bin=0.005 S_flip=0.303 t=109s
[P775_h160_pad0.040_s1001] it  79 J=0.22650 A_min=0.1824 A_mean=0.2559 |g|=6.09e-04 bin=0.004 S_flip=0.304 t=111s
[P775_h160_pad0.040_s1001] it  80 J=0.22650 A_min=0.1824 A_mean=0.2559 |g|=6.47e-04 bin=0.004 S_flip=0.304 t=113s
[P775_h160_pad0.040_s1001] it  81 J=0.22650 A_min=0.1824 A_mean=0.2559 |g|=6.72e-04 bin=0.004 S_flip=0.305 t=114s
[P775_h160_pad0.040_s1001] it  82 J=0.22650 A_min=0.1824 A_mean=0.2560 |g|=6.87e-04 bin=0.003 S_flip=0.306 t=116s
[P775_h160_pad0.040_s1001] it  83 J=0.22651 A_min=0.1824 A_mean=0.2560 |g|=6.92e-04 bin=0.003 S_flip=0.307 t=117s
[P775_h160_pad0.040_s1001] it  84 J=0.22651 A_min=0.1824 A_mean=0.2560 |g|=6.91e-04 bin=0.003 S_flip=0.307 t=119s
[P775_h160_pad0.040_s1001] it  85 J=0.22651 A_min=0.1824 A_mean=0.2560 |g|=6.86e-04 bin=0.003 S_flip=0.308 t=120s
[P775_h160_pad0.040_s1001] it  86 J=0.22652 A_min=0.1824 A_mean=0.2560 |g|=6.78e-04 bin=0.002 S_flip=0.308 t=122s
[P775_h160_pad0.040_s1001] it  87 J=0.22652 A_min=0.1824 A_mean=0.2560 |g|=6.68e-04 bin=0.002 S_flip=0.308 t=123s
[P775_h160_pad0.040_s1001] it  88 J=0.22652 A_min=0.1824 A_mean=0.2560 |g|=6.58e-04 bin=0.002 S_flip=0.309 t=125s
[P775_h160_pad0.040_s1001] it  89 J=0.22652 A_min=0.1824 A_mean=0.2560 |g|=6.49e-04 bin=0.002 S_flip=0.309 t=126s
[P775_h160_pad0.040_s1001] it  90 J=0.22652 A_min=0.1824 A_mean=0.2560 |g|=6.41e-04 bin=0.002 S_flip=0.309 t=128s
[P775_h160_pad0.040_s1001] it  91 J=0.22653 A_min=0.1824 A_mean=0.2561 |g|=6.35e-04 bin=0.002 S_flip=0.310 t=129s
[P775_h160_pad0.040_s1001] it  92 J=0.22653 A_min=0.1824 A_mean=0.2561 |g|=6.31e-04 bin=0.002 S_flip=0.310 t=130s
[P775_h160_pad0.040_s1001] it  93 J=0.22653 A_min=0.1824 A_mean=0.2561 |g|=6.29e-04 bin=0.001 S_flip=0.310 t=132s
[P775_h160_pad0.040_s1001] it  94 J=0.22653 A_min=0.1824 A_mean=0.2561 |g|=6.28e-04 bin=0.001 S_flip=0.310 t=133s
[P775_h160_pad0.040_s1001] it  95 J=0.22653 A_min=0.1824 A_mean=0.2561 |g|=6.30e-04 bin=0.001 S_flip=0.310 t=135s
[P775_h160_pad0.040_s1001] it  96 J=0.22653 A_min=0.1824 A_mean=0.2561 |g|=6.34e-04 bin=0.001 S_flip=0.311 t=136s
[P775_h160_pad0.040_s1001] it  97 J=0.22653 A_min=0.1824 A_mean=0.2561 |g|=6.41e-04 bin=0.001 S_flip=0.311 t=137s
[P775_h160_pad0.040_s1001] it  98 J=0.22653 A_min=0.1824 A_mean=0.2561 |g|=6.50e-04 bin=0.001 S_flip=0.311 t=139s
[P775_h160_pad0.040_s1001] it  99 J=0.22653 A_min=0.1824 A_mean=0.2561 |g|=6.63e-04 bin=0.001 S_flip=0.311 t=140s
[P775_h160_pad0.040_s1001] done: J_soft=0.22653 J_hard=0.22654 A_hard=[0.1824, 0.237, 0.349] S_flip=0.313 wall=142s
[P775_h160_pad0.040_s7777] it   0 J=0.07568 A_min=0.0652 A_mean=0.0767 |g|=2.17e-03 bin=0.797 S_flip=0.054 t=1s
[P775_h160_pad0.040_s7777] it   1 J=0.07723 A_min=0.0665 A_mean=0.0783 |g|=2.30e-03 bin=0.794 S_flip=0.056 t=3s
[P775_h160_pad0.040_s7777] it   2 J=0.07897 A_min=0.0679 A_mean=0.0801 |g|=2.45e-03 bin=0.790 S_flip=0.057 t=4s
[P775_h160_pad0.040_s7777] it   3 J=0.08094 A_min=0.0695 A_mean=0.0821 |g|=2.62e-03 bin=0.785 S_flip=0.058 t=6s
[P775_h160_pad0.040_s7777] it   4 J=0.08318 A_min=0.0714 A_mean=0.0844 |g|=2.82e-03 bin=0.780 S_flip=0.059 t=7s
[P775_h160_pad0.040_s7777] it   5 J=0.08574 A_min=0.0734 A_mean=0.0870 |g|=3.04e-03 bin=0.774 S_flip=0.061 t=8s
[P775_h160_pad0.040_s7777] it   6 J=0.08865 A_min=0.0758 A_mean=0.0899 |g|=3.30e-03 bin=0.767 S_flip=0.062 t=10s
[P775_h160_pad0.040_s7777] it   7 J=0.09200 A_min=0.0784 A_mean=0.0934 |g|=3.59e-03 bin=0.758 S_flip=0.064 t=11s
[P775_h160_pad0.040_s7777] it   8 J=0.09584 A_min=0.0814 A_mean=0.0973 |g|=3.93e-03 bin=0.749 S_flip=0.065 t=12s
[P775_h160_pad0.040_s7777] it   9 J=0.10024 A_min=0.0848 A_mean=0.1018 |g|=4.31e-03 bin=0.737 S_flip=0.067 t=14s
[P775_h160_pad0.040_s7777] it  10 J=0.10532 A_min=0.0886 A_mean=0.1070 |g|=4.74e-03 bin=0.724 S_flip=0.068 t=15s
[P775_h160_pad0.040_s7777] it  11 J=0.11115 A_min=0.0928 A_mean=0.1130 |g|=5.22e-03 bin=0.708 S_flip=0.069 t=17s
[P775_h160_pad0.040_s7777] it  12 J=0.11785 A_min=0.0976 A_mean=0.1201 |g|=5.76e-03 bin=0.689 S_flip=0.070 t=18s
[P775_h160_pad0.040_s7777] it  13 J=0.12553 A_min=0.1028 A_mean=0.1283 |g|=6.34e-03 bin=0.667 S_flip=0.071 t=19s
[P775_h160_pad0.040_s7777] it  14 J=0.13429 A_min=0.1084 A_mean=0.1380 |g|=6.94e-03 bin=0.642 S_flip=0.071 t=21s
[P775_h160_pad0.040_s7777] it  15 J=0.14418 A_min=0.1144 A_mean=0.1497 |g|=7.52e-03 bin=0.612 S_flip=0.071 t=22s
[P775_h160_pad0.040_s7777] it  16 J=0.15514 A_min=0.1207 A_mean=0.1645 |g|=7.84e-03 bin=0.577 S_flip=0.070 t=24s
[P775_h160_pad0.040_s7777] it  17 J=0.16656 A_min=0.1270 A_mean=0.1846 |g|=7.28e-03 bin=0.539 S_flip=0.069 t=25s
[P775_h160_pad0.040_s7777] it  18 J=0.17680 A_min=0.1332 A_mean=0.2122 |g|=5.16e-03 bin=0.498 S_flip=0.068 t=27s
[P775_h160_pad0.040_s7777] it  19 J=0.18407 A_min=0.1389 A_mean=0.2325 |g|=3.22e-03 bin=0.456 S_flip=0.067 t=28s
[P775_h160_pad0.040_s7777] it  20 J=0.18584 A_min=0.1440 A_mean=0.2070 |g|=1.16e-02 bin=0.414 S_flip=0.066 t=30s
[P775_h160_pad0.040_s7777] it  21 J=0.17837 A_min=0.1485 A_mean=0.1836 |g|=2.76e-02 bin=0.378 S_flip=0.067 t=31s
[P775_h160_pad0.040_s7777] it  22 J=0.17913 A_min=0.1521 A_mean=0.1835 |g|=3.09e-02 bin=0.352 S_flip=0.069 t=33s
[P775_h160_pad0.040_s7777] it  23 J=0.19070 A_min=0.1552 A_mean=0.1994 |g|=2.77e-02 bin=0.333 S_flip=0.071 t=34s
[P775_h160_pad0.040_s7777] it  24 J=0.20274 A_min=0.1579 A_mean=0.2347 |g|=7.29e-03 bin=0.319 S_flip=0.075 t=36s
[P775_h160_pad0.040_s7777] it  25 J=0.20667 A_min=0.1604 A_mean=0.2528 |g|=2.56e-03 bin=0.304 S_flip=0.079 t=37s
[P775_h160_pad0.040_s7777] it  26 J=0.20802 A_min=0.1627 A_mean=0.2440 |g|=4.28e-03 bin=0.288 S_flip=0.083 t=39s
[P775_h160_pad0.040_s7777] it  27 J=0.20828 A_min=0.1648 A_mean=0.2333 |g|=5.90e-03 bin=0.271 S_flip=0.087 t=40s
[P775_h160_pad0.040_s7777] it  28 J=0.20831 A_min=0.1667 A_mean=0.2268 |g|=6.64e-03 bin=0.253 S_flip=0.091 t=41s
[P775_h160_pad0.040_s7777] it  29 J=0.20859 A_min=0.1686 A_mean=0.2236 |g|=6.85e-03 bin=0.234 S_flip=0.094 t=43s
[P775_h160_pad0.040_s7777] it  30 J=0.20927 A_min=0.1703 A_mean=0.2225 |g|=6.86e-03 bin=0.216 S_flip=0.098 t=44s
[P775_h160_pad0.040_s7777] it  31 J=0.21029 A_min=0.1718 A_mean=0.2227 |g|=6.83e-03 bin=0.199 S_flip=0.101 t=46s
[P775_h160_pad0.040_s7777] it  32 J=0.21162 A_min=0.1733 A_mean=0.2239 |g|=6.82e-03 bin=0.182 S_flip=0.104 t=47s
[P775_h160_pad0.040_s7777] it  33 J=0.21319 A_min=0.1745 A_mean=0.2260 |g|=6.83e-03 bin=0.167 S_flip=0.108 t=48s
[P775_h160_pad0.040_s7777] it  34 J=0.21498 A_min=0.1757 A_mean=0.2289 |g|=6.83e-03 bin=0.152 S_flip=0.111 t=50s
[P775_h160_pad0.040_s7777] it  35 J=0.21694 A_min=0.1766 A_mean=0.2328 |g|=6.74e-03 bin=0.139 S_flip=0.115 t=51s
[P775_h160_pad0.040_s7777] it  36 J=0.21899 A_min=0.1775 A_mean=0.2377 |g|=6.40e-03 bin=0.126 S_flip=0.120 t=52s
[P775_h160_pad0.040_s7777] it  37 J=0.22098 A_min=0.1782 A_mean=0.2437 |g|=5.62e-03 bin=0.114 S_flip=0.124 t=54s
[P775_h160_pad0.040_s7777] it  38 J=0.22269 A_min=0.1788 A_mean=0.2501 |g|=4.20e-03 bin=0.103 S_flip=0.129 t=55s
[P775_h160_pad0.040_s7777] it  39 J=0.22386 A_min=0.1793 A_mean=0.2550 |g|=2.09e-03 bin=0.093 S_flip=0.133 t=57s
[P775_h160_pad0.040_s7777] it  40 J=0.22426 A_min=0.1797 A_mean=0.2551 |g|=1.77e-03 bin=0.084 S_flip=0.137 t=58s
[P775_h160_pad0.040_s7777] it  41 J=0.22376 A_min=0.1800 A_mean=0.2500 |g|=6.93e-03 bin=0.076 S_flip=0.142 t=60s
[P775_h160_pad0.040_s7777] it  42 J=0.22293 A_min=0.1802 A_mean=0.2447 |g|=1.22e-02 bin=0.069 S_flip=0.146 t=61s
[P775_h160_pad0.040_s7777] it  43 J=0.22303 A_min=0.1805 A_mean=0.2444 |g|=1.25e-02 bin=0.063 S_flip=0.152 t=63s
[P775_h160_pad0.040_s7777] it  44 J=0.22404 A_min=0.1807 A_mean=0.2485 |g|=8.43e-03 bin=0.058 S_flip=0.157 t=64s
[P775_h160_pad0.040_s7777] it  45 J=0.22496 A_min=0.1809 A_mean=0.2531 |g|=4.09e-03 bin=0.054 S_flip=0.164 t=65s
[P775_h160_pad0.040_s7777] it  46 J=0.22543 A_min=0.1810 A_mean=0.2555 |g|=1.30e-03 bin=0.050 S_flip=0.170 t=67s
[P775_h160_pad0.040_s7777] it  47 J=0.22555 A_min=0.1812 A_mean=0.2558 |g|=9.79e-04 bin=0.046 S_flip=0.176 t=68s
[P775_h160_pad0.040_s7777] it  48 J=0.22551 A_min=0.1813 A_mean=0.2550 |g|=1.92e-03 bin=0.042 S_flip=0.182 t=70s
[P775_h160_pad0.040_s7777] it  49 J=0.22541 A_min=0.1814 A_mean=0.2539 |g|=2.56e-03 bin=0.039 S_flip=0.187 t=71s
[P775_h160_pad0.040_s7777] it  50 J=0.22532 A_min=0.1815 A_mean=0.2530 |g|=2.95e-03 bin=0.036 S_flip=0.192 t=72s
[P775_h160_pad0.040_s7777] it  51 J=0.22528 A_min=0.1816 A_mean=0.2524 |g|=3.14e-03 bin=0.033 S_flip=0.197 t=74s
[P775_h160_pad0.040_s7777] it  52 J=0.22530 A_min=0.1816 A_mean=0.2522 |g|=3.20e-03 bin=0.031 S_flip=0.201 t=75s
[P775_h160_pad0.040_s7777] it  53 J=0.22537 A_min=0.1817 A_mean=0.2523 |g|=3.14e-03 bin=0.029 S_flip=0.205 t=77s
[P775_h160_pad0.040_s7777] it  54 J=0.22549 A_min=0.1817 A_mean=0.2527 |g|=2.99e-03 bin=0.027 S_flip=0.209 t=78s
[P775_h160_pad0.040_s7777] it  55 J=0.22562 A_min=0.1818 A_mean=0.2533 |g|=2.77e-03 bin=0.025 S_flip=0.213 t=79s
[P775_h160_pad0.040_s7777] it  56 J=0.22577 A_min=0.1818 A_mean=0.2540 |g|=2.48e-03 bin=0.023 S_flip=0.216 t=81s
[P775_h160_pad0.040_s7777] it  57 J=0.22592 A_min=0.1819 A_mean=0.2546 |g|=2.12e-03 bin=0.021 S_flip=0.219 t=82s
[P775_h160_pad0.040_s7777] it  58 J=0.22604 A_min=0.1819 A_mean=0.2552 |g|=1.73e-03 bin=0.020 S_flip=0.222 t=84s
[P775_h160_pad0.040_s7777] it  59 J=0.22615 A_min=0.1819 A_mean=0.2557 |g|=1.31e-03 bin=0.018 S_flip=0.225 t=85s
[P775_h160_pad0.040_s7777] it  60 J=0.22622 A_min=0.1819 A_mean=0.2560 |g|=9.05e-04 bin=0.017 S_flip=0.227 t=87s
[P775_h160_pad0.040_s7777] it  61 J=0.22627 A_min=0.1819 A_mean=0.2561 |g|=6.37e-04 bin=0.016 S_flip=0.230 t=88s
[P775_h160_pad0.040_s7777] it  62 J=0.22629 A_min=0.1820 A_mean=0.2560 |g|=6.82e-04 bin=0.015 S_flip=0.232 t=90s
[P775_h160_pad0.040_s7777] it  63 J=0.22629 A_min=0.1820 A_mean=0.2559 |g|=9.51e-04 bin=0.014 S_flip=0.234 t=91s
[P775_h160_pad0.040_s7777] it  64 J=0.22629 A_min=0.1820 A_mean=0.2557 |g|=1.25e-03 bin=0.013 S_flip=0.236 t=93s
[P775_h160_pad0.040_s7777] it  65 J=0.22628 A_min=0.1820 A_mean=0.2556 |g|=1.48e-03 bin=0.012 S_flip=0.239 t=94s
[P775_h160_pad0.040_s7777] it  66 J=0.22629 A_min=0.1820 A_mean=0.2555 |g|=1.62e-03 bin=0.011 S_flip=0.241 t=95s
[P775_h160_pad0.040_s7777] it  67 J=0.22630 A_min=0.1820 A_mean=0.2554 |g|=1.67e-03 bin=0.010 S_flip=0.243 t=97s
[P775_h160_pad0.040_s7777] it  68 J=0.22631 A_min=0.1821 A_mean=0.2554 |g|=1.63e-03 bin=0.009 S_flip=0.244 t=98s
[P775_h160_pad0.040_s7777] it  69 J=0.22633 A_min=0.1821 A_mean=0.2555 |g|=1.53e-03 bin=0.009 S_flip=0.246 t=100s
[P775_h160_pad0.040_s7777] it  70 J=0.22636 A_min=0.1821 A_mean=0.2556 |g|=1.39e-03 bin=0.008 S_flip=0.248 t=101s
[P775_h160_pad0.040_s7777] it  71 J=0.22638 A_min=0.1821 A_mean=0.2557 |g|=1.24e-03 bin=0.007 S_flip=0.249 t=102s
[P775_h160_pad0.040_s7777] it  72 J=0.22640 A_min=0.1821 A_mean=0.2557 |g|=1.09e-03 bin=0.007 S_flip=0.250 t=104s
[P775_h160_pad0.040_s7777] it  73 J=0.22642 A_min=0.1821 A_mean=0.2558 |g|=9.58e-04 bin=0.006 S_flip=0.251 t=105s
[P775_h160_pad0.040_s7777] it  74 J=0.22644 A_min=0.1821 A_mean=0.2559 |g|=8.42e-04 bin=0.006 S_flip=0.252 t=107s
[P775_h160_pad0.040_s7777] it  75 J=0.22645 A_min=0.1822 A_mean=0.2559 |g|=7.44e-04 bin=0.005 S_flip=0.253 t=108s
[P775_h160_pad0.040_s7777] it  76 J=0.22647 A_min=0.1822 A_mean=0.2559 |g|=6.63e-04 bin=0.005 S_flip=0.254 t=110s
[P775_h160_pad0.040_s7777] it  77 J=0.22648 A_min=0.1822 A_mean=0.2560 |g|=5.97e-04 bin=0.005 S_flip=0.255 t=111s
[P775_h160_pad0.040_s7777] it  78 J=0.22648 A_min=0.1822 A_mean=0.2560 |g|=5.44e-04 bin=0.004 S_flip=0.256 t=112s
[P775_h160_pad0.040_s7777] it  79 J=0.22649 A_min=0.1822 A_mean=0.2560 |g|=5.01e-04 bin=0.004 S_flip=0.257 t=114s
[P775_h160_pad0.040_s7777] it  80 J=0.22650 A_min=0.1822 A_mean=0.2560 |g|=4.68e-04 bin=0.004 S_flip=0.257 t=115s
[P775_h160_pad0.040_s7777] it  81 J=0.22650 A_min=0.1822 A_mean=0.2560 |g|=4.43e-04 bin=0.003 S_flip=0.258 t=117s
[P775_h160_pad0.040_s7777] it  82 J=0.22650 A_min=0.1822 A_mean=0.2560 |g|=4.25e-04 bin=0.003 S_flip=0.258 t=118s
[P775_h160_pad0.040_s7777] it  83 J=0.22651 A_min=0.1822 A_mean=0.2560 |g|=4.13e-04 bin=0.003 S_flip=0.259 t=120s
[P775_h160_pad0.040_s7777] it  84 J=0.22651 A_min=0.1822 A_mean=0.2560 |g|=4.05e-04 bin=0.003 S_flip=0.259 t=121s
[P775_h160_pad0.040_s7777] it  85 J=0.22651 A_min=0.1822 A_mean=0.2560 |g|=4.00e-04 bin=0.002 S_flip=0.260 t=123s
[P775_h160_pad0.040_s7777] it  86 J=0.22651 A_min=0.1822 A_mean=0.2560 |g|=3.99e-04 bin=0.002 S_flip=0.260 t=125s
[P775_h160_pad0.040_s7777] it  87 J=0.22651 A_min=0.1822 A_mean=0.2560 |g|=4.00e-04 bin=0.002 S_flip=0.261 t=126s
[P775_h160_pad0.040_s7777] it  88 J=0.22652 A_min=0.1822 A_mean=0.2560 |g|=4.02e-04 bin=0.002 S_flip=0.261 t=128s
[P775_h160_pad0.040_s7777] it  89 J=0.22652 A_min=0.1822 A_mean=0.2560 |g|=4.06e-04 bin=0.002 S_flip=0.261 t=129s
[P775_h160_pad0.040_s7777] it  90 J=0.22652 A_min=0.1822 A_mean=0.2560 |g|=4.12e-04 bin=0.002 S_flip=0.261 t=131s
[P775_h160_pad0.040_s7777] it  91 J=0.22652 A_min=0.1822 A_mean=0.2560 |g|=4.19e-04 bin=0.002 S_flip=0.262 t=132s
[P775_h160_pad0.040_s7777] it  92 J=0.22652 A_min=0.1822 A_mean=0.2560 |g|=4.27e-04 bin=0.001 S_flip=0.262 t=134s
[P775_h160_pad0.040_s7777] it  93 J=0.22652 A_min=0.1822 A_mean=0.2560 |g|=4.35e-04 bin=0.001 S_flip=0.262 t=135s
[P775_h160_pad0.040_s7777] it  94 J=0.22652 A_min=0.1822 A_mean=0.2560 |g|=4.43e-04 bin=0.001 S_flip=0.262 t=137s
[P775_h160_pad0.040_s7777] it  95 J=0.22652 A_min=0.1822 A_mean=0.2560 |g|=4.52e-04 bin=0.001 S_flip=0.262 t=138s
[P775_h160_pad0.040_s7777] it  96 J=0.22652 A_min=0.1822 A_mean=0.2560 |g|=4.59e-04 bin=0.001 S_flip=0.263 t=140s
[P775_h160_pad0.040_s7777] it  97 J=0.22652 A_min=0.1822 A_mean=0.2560 |g|=4.67e-04 bin=0.001 S_flip=0.263 t=141s
[P775_h160_pad0.040_s7777] it  98 J=0.22652 A_min=0.1822 A_mean=0.2560 |g|=4.74e-04 bin=0.001 S_flip=0.263 t=143s
[P775_h160_pad0.040_s7777] it  99 J=0.22652 A_min=0.1822 A_mean=0.2560 |g|=4.80e-04 bin=0.001 S_flip=0.263 t=144s
[P775_h160_pad0.040_s7777] done: J_soft=0.22652 J_hard=0.22652 A_hard=[0.1822, 0.2374, 0.3484] S_flip=0.265 wall=146s
[P775_h160_pad0.080_s333] it   0 J=0.10071 A_min=0.0892 A_mean=0.1024 |g|=2.37e-03 bin=0.663 S_flip=0.057 t=1s
[P775_h160_pad0.080_s333] it   1 J=0.10198 A_min=0.0902 A_mean=0.1037 |g|=2.49e-03 bin=0.660 S_flip=0.058 t=3s
[P775_h160_pad0.080_s333] it   2 J=0.10341 A_min=0.0914 A_mean=0.1051 |g|=2.63e-03 bin=0.658 S_flip=0.059 t=4s
[P775_h160_pad0.080_s333] it   3 J=0.10501 A_min=0.0927 A_mean=0.1068 |g|=2.78e-03 bin=0.654 S_flip=0.060 t=6s
[P775_h160_pad0.080_s333] it   4 J=0.10683 A_min=0.0942 A_mean=0.1086 |g|=2.96e-03 bin=0.650 S_flip=0.062 t=7s
[P775_h160_pad0.080_s333] it   5 J=0.10890 A_min=0.0958 A_mean=0.1108 |g|=3.15e-03 bin=0.646 S_flip=0.063 t=9s
[P775_h160_pad0.080_s333] it   6 J=0.11128 A_min=0.0978 A_mean=0.1132 |g|=3.37e-03 bin=0.640 S_flip=0.065 t=10s
[P775_h160_pad0.080_s333] it   7 J=0.11401 A_min=0.0999 A_mean=0.1160 |g|=3.61e-03 bin=0.633 S_flip=0.066 t=11s
[P775_h160_pad0.080_s333] it   8 J=0.11716 A_min=0.1025 A_mean=0.1192 |g|=3.88e-03 bin=0.625 S_flip=0.068 t=13s
[P775_h160_pad0.080_s333] it   9 J=0.12078 A_min=0.1053 A_mean=0.1229 |g|=4.16e-03 bin=0.615 S_flip=0.070 t=14s
[P775_h160_pad0.080_s333] it  10 J=0.12494 A_min=0.1086 A_mean=0.1271 |g|=4.46e-03 bin=0.603 S_flip=0.071 t=16s
[P775_h160_pad0.080_s333] it  11 J=0.12969 A_min=0.1122 A_mean=0.1320 |g|=4.75e-03 bin=0.589 S_flip=0.073 t=17s
[P775_h160_pad0.080_s333] it  12 J=0.13508 A_min=0.1163 A_mean=0.1376 |g|=5.04e-03 bin=0.571 S_flip=0.075 t=18s
[P775_h160_pad0.080_s333] it  13 J=0.14112 A_min=0.1208 A_mean=0.1438 |g|=5.31e-03 bin=0.551 S_flip=0.077 t=20s
[P775_h160_pad0.080_s333] it  14 J=0.14781 A_min=0.1257 A_mean=0.1508 |g|=5.54e-03 bin=0.527 S_flip=0.078 t=21s
[P775_h160_pad0.080_s333] it  15 J=0.15511 A_min=0.1308 A_mean=0.1585 |g|=5.72e-03 bin=0.499 S_flip=0.080 t=23s
[P775_h160_pad0.080_s333] it  16 J=0.16294 A_min=0.1360 A_mean=0.1670 |g|=5.86e-03 bin=0.469 S_flip=0.081 t=24s
[P775_h160_pad0.080_s333] it  17 J=0.17120 A_min=0.1413 A_mean=0.1764 |g|=5.97e-03 bin=0.435 S_flip=0.082 t=26s
[P775_h160_pad0.080_s333] it  18 J=0.17976 A_min=0.1463 A_mean=0.1870 |g|=6.05e-03 bin=0.400 S_flip=0.083 t=27s
[P775_h160_pad0.080_s333] it  19 J=0.18843 A_min=0.1511 A_mean=0.1996 |g|=5.99e-03 bin=0.364 S_flip=0.084 t=29s
[P775_h160_pad0.080_s333] it  20 J=0.19672 A_min=0.1554 A_mean=0.2152 |g|=5.40e-03 bin=0.328 S_flip=0.085 t=30s
[P775_h160_pad0.080_s333] it  21 J=0.20363 A_min=0.1591 A_mean=0.2342 |g|=3.79e-03 bin=0.293 S_flip=0.087 t=31s
[P775_h160_pad0.080_s333] it  22 J=0.20802 A_min=0.1623 A_mean=0.2467 |g|=1.91e-03 bin=0.260 S_flip=0.088 t=33s
[P775_h160_pad0.080_s333] it  23 J=0.20823 A_min=0.1650 A_mean=0.2314 |g|=8.00e-03 bin=0.231 S_flip=0.090 t=34s
[P775_h160_pad0.080_s333] it  24 J=0.20175 A_min=0.1671 A_mean=0.2095 |g|=2.29e-02 bin=0.207 S_flip=0.093 t=35s
[P775_h160_pad0.080_s333] it  25 J=0.20022 A_min=0.1690 A_mean=0.2060 |g|=2.67e-02 bin=0.190 S_flip=0.096 t=37s
[P775_h160_pad0.080_s333] it  26 J=0.20693 A_min=0.1706 A_mean=0.2162 |g|=2.21e-02 bin=0.177 S_flip=0.101 t=38s
[P775_h160_pad0.080_s333] it  27 J=0.21487 A_min=0.1721 A_mean=0.2360 |g|=9.47e-03 bin=0.168 S_flip=0.106 t=39s
[P775_h160_pad0.080_s333] it  28 J=0.21841 A_min=0.1735 A_mean=0.2496 |g|=2.08e-03 bin=0.159 S_flip=0.111 t=41s
[P775_h160_pad0.080_s333] it  29 J=0.21937 A_min=0.1747 A_mean=0.2493 |g|=1.94e-03 bin=0.150 S_flip=0.117 t=42s
[P775_h160_pad0.080_s333] it  30 J=0.21925 A_min=0.1758 A_mean=0.2435 |g|=3.39e-03 bin=0.141 S_flip=0.124 t=43s
[P775_h160_pad0.080_s333] it  31 J=0.21873 A_min=0.1768 A_mean=0.2381 |g|=4.27e-03 bin=0.132 S_flip=0.130 t=45s
[P775_h160_pad0.080_s333] it  32 J=0.21821 A_min=0.1776 A_mean=0.2343 |g|=4.68e-03 bin=0.123 S_flip=0.136 t=46s
[P775_h160_pad0.080_s333] it  33 J=0.21789 A_min=0.1784 A_mean=0.2320 |g|=4.83e-03 bin=0.114 S_flip=0.142 t=48s
[P775_h160_pad0.080_s333] it  34 J=0.21779 A_min=0.1790 A_mean=0.2307 |g|=4.87e-03 bin=0.106 S_flip=0.148 t=49s
[P775_h160_pad0.080_s333] it  35 J=0.21792 A_min=0.1795 A_mean=0.2302 |g|=4.86e-03 bin=0.098 S_flip=0.153 t=50s
[P775_h160_pad0.080_s333] it  36 J=0.21825 A_min=0.1800 A_mean=0.2303 |g|=4.83e-03 bin=0.090 S_flip=0.158 t=52s
[P775_h160_pad0.080_s333] it  37 J=0.21875 A_min=0.1804 A_mean=0.2310 |g|=4.79e-03 bin=0.083 S_flip=0.163 t=53s
[P775_h160_pad0.080_s333] it  38 J=0.21939 A_min=0.1808 A_mean=0.2321 |g|=4.74e-03 bin=0.076 S_flip=0.168 t=54s
[P775_h160_pad0.080_s333] it  39 J=0.22014 A_min=0.1810 A_mean=0.2336 |g|=4.66e-03 bin=0.070 S_flip=0.172 t=56s
[P775_h160_pad0.080_s333] it  40 J=0.22097 A_min=0.1813 A_mean=0.2356 |g|=4.53e-03 bin=0.064 S_flip=0.177 t=57s
[P775_h160_pad0.080_s333] it  41 J=0.22185 A_min=0.1815 A_mean=0.2379 |g|=4.31e-03 bin=0.059 S_flip=0.181 t=59s
[P775_h160_pad0.080_s333] it  42 J=0.22273 A_min=0.1816 A_mean=0.2404 |g|=3.98e-03 bin=0.054 S_flip=0.186 t=60s
[P775_h160_pad0.080_s333] it  43 J=0.22355 A_min=0.1817 A_mean=0.2432 |g|=3.50e-03 bin=0.050 S_flip=0.190 t=61s
[P775_h160_pad0.080_s333] it  44 J=0.22427 A_min=0.1818 A_mean=0.2459 |g|=2.88e-03 bin=0.045 S_flip=0.195 t=63s
[P775_h160_pad0.080_s333] it  45 J=0.22484 A_min=0.1819 A_mean=0.2482 |g|=2.10e-03 bin=0.042 S_flip=0.199 t=64s
[P775_h160_pad0.080_s333] it  46 J=0.22521 A_min=0.1819 A_mean=0.2499 |g|=1.21e-03 bin=0.038 S_flip=0.203 t=66s
[P775_h160_pad0.080_s333] it  47 J=0.22539 A_min=0.1819 A_mean=0.2507 |g|=5.55e-04 bin=0.035 S_flip=0.207 t=67s
[P775_h160_pad0.080_s333] it  48 J=0.22538 A_min=0.1819 A_mean=0.2505 |g|=1.32e-03 bin=0.032 S_flip=0.211 t=69s
[P775_h160_pad0.080_s333] it  49 J=0.22524 A_min=0.1819 A_mean=0.2496 |g|=2.47e-03 bin=0.030 S_flip=0.214 t=70s
[P775_h160_pad0.080_s333] it  50 J=0.22505 A_min=0.1819 A_mean=0.2486 |g|=3.51e-03 bin=0.027 S_flip=0.218 t=72s
[P775_h160_pad0.080_s333] it  51 J=0.22491 A_min=0.1820 A_mean=0.2478 |g|=4.22e-03 bin=0.025 S_flip=0.221 t=73s
[P775_h160_pad0.080_s333] it  52 J=0.22488 A_min=0.1820 A_mean=0.2476 |g|=4.48e-03 bin=0.024 S_flip=0.225 t=75s
[P775_h160_pad0.080_s333] it  53 J=0.22498 A_min=0.1820 A_mean=0.2480 |g|=4.28e-03 bin=0.022 S_flip=0.228 t=76s
[P775_h160_pad0.080_s333] it  54 J=0.22516 A_min=0.1821 A_mean=0.2488 |g|=3.74e-03 bin=0.021 S_flip=0.231 t=78s
[P775_h160_pad0.080_s333] it  55 J=0.22538 A_min=0.1821 A_mean=0.2497 |g|=3.01e-03 bin=0.019 S_flip=0.235 t=79s
[P775_h160_pad0.080_s333] it  56 J=0.22557 A_min=0.1821 A_mean=0.2507 |g|=2.25e-03 bin=0.018 S_flip=0.238 t=80s
[P775_h160_pad0.080_s333] it  57 J=0.22572 A_min=0.1822 A_mean=0.2514 |g|=1.55e-03 bin=0.017 S_flip=0.241 t=82s
[P775_h160_pad0.080_s333] it  58 J=0.22582 A_min=0.1822 A_mean=0.2518 |g|=1.01e-03 bin=0.016 S_flip=0.244 t=83s
[P775_h160_pad0.080_s333] it  59 J=0.22588 A_min=0.1822 A_mean=0.2521 |g|=6.92e-04 bin=0.015 S_flip=0.247 t=85s
[P775_h160_pad0.080_s333] it  60 J=0.22592 A_min=0.1822 A_mean=0.2522 |g|=6.35e-04 bin=0.014 S_flip=0.250 t=86s
[P775_h160_pad0.080_s333] it  61 J=0.22593 A_min=0.1823 A_mean=0.2522 |g|=7.39e-04 bin=0.013 S_flip=0.252 t=88s
[P775_h160_pad0.080_s333] it  62 J=0.22594 A_min=0.1823 A_mean=0.2522 |g|=8.77e-04 bin=0.012 S_flip=0.255 t=89s
[P775_h160_pad0.080_s333] it  63 J=0.22594 A_min=0.1823 A_mean=0.2522 |g|=9.98e-04 bin=0.011 S_flip=0.257 t=91s
[P775_h160_pad0.080_s333] it  64 J=0.22595 A_min=0.1823 A_mean=0.2522 |g|=1.09e-03 bin=0.010 S_flip=0.258 t=92s
[P775_h160_pad0.080_s333] it  65 J=0.22596 A_min=0.1823 A_mean=0.2523 |g|=1.14e-03 bin=0.010 S_flip=0.260 t=94s
[P775_h160_pad0.080_s333] it  66 J=0.22597 A_min=0.1823 A_mean=0.2523 |g|=1.16e-03 bin=0.009 S_flip=0.262 t=95s
[P775_h160_pad0.080_s333] it  67 J=0.22599 A_min=0.1823 A_mean=0.2524 |g|=1.16e-03 bin=0.008 S_flip=0.263 t=97s
[P775_h160_pad0.080_s333] it  68 J=0.22600 A_min=0.1823 A_mean=0.2525 |g|=1.13e-03 bin=0.008 S_flip=0.264 t=98s
[P775_h160_pad0.080_s333] it  69 J=0.22602 A_min=0.1823 A_mean=0.2526 |g|=1.09e-03 bin=0.007 S_flip=0.266 t=100s
[P775_h160_pad0.080_s333] it  70 J=0.22604 A_min=0.1823 A_mean=0.2527 |g|=1.04e-03 bin=0.007 S_flip=0.267 t=101s
[P775_h160_pad0.080_s333] it  71 J=0.22606 A_min=0.1823 A_mean=0.2528 |g|=9.85e-04 bin=0.006 S_flip=0.267 t=103s
[P775_h160_pad0.080_s333] it  72 J=0.22607 A_min=0.1823 A_mean=0.2529 |g|=9.20e-04 bin=0.006 S_flip=0.268 t=104s
[P775_h160_pad0.080_s333] it  73 J=0.22609 A_min=0.1823 A_mean=0.2530 |g|=8.46e-04 bin=0.006 S_flip=0.269 t=105s
[P775_h160_pad0.080_s333] it  74 J=0.22610 A_min=0.1823 A_mean=0.2531 |g|=7.66e-04 bin=0.005 S_flip=0.269 t=107s
[P775_h160_pad0.080_s333] it  75 J=0.22611 A_min=0.1823 A_mean=0.2531 |g|=6.83e-04 bin=0.005 S_flip=0.270 t=108s
[P775_h160_pad0.080_s333] it  76 J=0.22612 A_min=0.1823 A_mean=0.2532 |g|=6.03e-04 bin=0.004 S_flip=0.271 t=110s
[P775_h160_pad0.080_s333] it  77 J=0.22613 A_min=0.1823 A_mean=0.2532 |g|=5.32e-04 bin=0.004 S_flip=0.271 t=111s
[P775_h160_pad0.080_s333] it  78 J=0.22614 A_min=0.1823 A_mean=0.2533 |g|=4.74e-04 bin=0.004 S_flip=0.272 t=113s
[P775_h160_pad0.080_s333] it  79 J=0.22614 A_min=0.1823 A_mean=0.2533 |g|=4.34e-04 bin=0.004 S_flip=0.272 t=114s
[P775_h160_pad0.080_s333] it  80 J=0.22615 A_min=0.1823 A_mean=0.2533 |g|=4.13e-04 bin=0.003 S_flip=0.272 t=116s
[P775_h160_pad0.080_s333] it  81 J=0.22615 A_min=0.1823 A_mean=0.2533 |g|=4.08e-04 bin=0.003 S_flip=0.273 t=117s
[P775_h160_pad0.080_s333] it  82 J=0.22615 A_min=0.1823 A_mean=0.2534 |g|=4.14e-04 bin=0.003 S_flip=0.273 t=118s
[P775_h160_pad0.080_s333] it  83 J=0.22616 A_min=0.1823 A_mean=0.2534 |g|=4.26e-04 bin=0.003 S_flip=0.274 t=120s
[P775_h160_pad0.080_s333] it  84 J=0.22616 A_min=0.1823 A_mean=0.2534 |g|=4.42e-04 bin=0.002 S_flip=0.274 t=121s
[P775_h160_pad0.080_s333] it  85 J=0.22616 A_min=0.1823 A_mean=0.2534 |g|=4.58e-04 bin=0.002 S_flip=0.275 t=123s
[P775_h160_pad0.080_s333] it  86 J=0.22616 A_min=0.1823 A_mean=0.2534 |g|=4.75e-04 bin=0.002 S_flip=0.275 t=124s
[P775_h160_pad0.080_s333] it  87 J=0.22616 A_min=0.1823 A_mean=0.2534 |g|=4.92e-04 bin=0.002 S_flip=0.275 t=125s
[P775_h160_pad0.080_s333] it  88 J=0.22616 A_min=0.1823 A_mean=0.2534 |g|=5.07e-04 bin=0.002 S_flip=0.276 t=127s
[P775_h160_pad0.080_s333] it  89 J=0.22616 A_min=0.1823 A_mean=0.2534 |g|=5.21e-04 bin=0.002 S_flip=0.276 t=128s
[P775_h160_pad0.080_s333] it  90 J=0.22617 A_min=0.1823 A_mean=0.2534 |g|=5.34e-04 bin=0.001 S_flip=0.276 t=130s
[P775_h160_pad0.080_s333] it  91 J=0.22617 A_min=0.1823 A_mean=0.2534 |g|=5.47e-04 bin=0.001 S_flip=0.277 t=131s
[P775_h160_pad0.080_s333] it  92 J=0.22617 A_min=0.1823 A_mean=0.2534 |g|=5.61e-04 bin=0.001 S_flip=0.277 t=132s
[P775_h160_pad0.080_s333] it  93 J=0.22617 A_min=0.1823 A_mean=0.2534 |g|=5.75e-04 bin=0.001 S_flip=0.277 t=134s
[P775_h160_pad0.080_s333] it  94 J=0.22617 A_min=0.1823 A_mean=0.2534 |g|=5.90e-04 bin=0.001 S_flip=0.277 t=135s
[P775_h160_pad0.080_s333] it  95 J=0.22617 A_min=0.1823 A_mean=0.2534 |g|=6.07e-04 bin=0.001 S_flip=0.278 t=136s
[P775_h160_pad0.080_s333] it  96 J=0.22617 A_min=0.1823 A_mean=0.2534 |g|=6.25e-04 bin=0.001 S_flip=0.278 t=138s
[P775_h160_pad0.080_s333] it  97 J=0.22617 A_min=0.1823 A_mean=0.2534 |g|=6.44e-04 bin=0.001 S_flip=0.278 t=139s
[P775_h160_pad0.080_s333] it  98 J=0.22617 A_min=0.1823 A_mean=0.2534 |g|=6.63e-04 bin=0.001 S_flip=0.278 t=140s
[P775_h160_pad0.080_s333] it  99 J=0.22617 A_min=0.1823 A_mean=0.2534 |g|=6.82e-04 bin=0.001 S_flip=0.278 t=142s
[P775_h160_pad0.080_s333] done: J_soft=0.22617 J_hard=0.22617 A_hard=[0.1823, 0.2373, 0.3407] S_flip=0.279 wall=144s
[P775_h160_pad0.080_s1001] it   0 J=0.09931 A_min=0.0881 A_mean=0.1009 |g|=2.33e-03 bin=0.662 S_flip=0.063 t=1s
[P775_h160_pad0.080_s1001] it   1 J=0.10049 A_min=0.0890 A_mean=0.1022 |g|=2.45e-03 bin=0.660 S_flip=0.064 t=3s
[P775_h160_pad0.080_s1001] it   2 J=0.10182 A_min=0.0901 A_mean=0.1035 |g|=2.59e-03 bin=0.657 S_flip=0.065 t=4s
[P775_h160_pad0.080_s1001] it   3 J=0.10332 A_min=0.0914 A_mean=0.1051 |g|=2.74e-03 bin=0.654 S_flip=0.066 t=6s
[P775_h160_pad0.080_s1001] it   4 J=0.10502 A_min=0.0928 A_mean=0.1068 |g|=2.91e-03 bin=0.651 S_flip=0.067 t=7s
[P775_h160_pad0.080_s1001] it   5 J=0.10696 A_min=0.0943 A_mean=0.1088 |g|=3.11e-03 bin=0.647 S_flip=0.068 t=8s
[P775_h160_pad0.080_s1001] it   6 J=0.10918 A_min=0.0962 A_mean=0.1110 |g|=3.33e-03 bin=0.641 S_flip=0.070 t=10s
[P775_h160_pad0.080_s1001] it   7 J=0.11175 A_min=0.0983 A_mean=0.1137 |g|=3.57e-03 bin=0.635 S_flip=0.071 t=11s
[P775_h160_pad0.080_s1001] it   8 J=0.11471 A_min=0.1006 A_mean=0.1167 |g|=3.84e-03 bin=0.628 S_flip=0.072 t=13s
[P775_h160_pad0.080_s1001] it   9 J=0.11813 A_min=0.1034 A_mean=0.1202 |g|=4.13e-03 bin=0.619 S_flip=0.073 t=14s
[P775_h160_pad0.080_s1001] it  10 J=0.12209 A_min=0.1065 A_mean=0.1242 |g|=4.43e-03 bin=0.608 S_flip=0.074 t=16s
[P775_h160_pad0.080_s1001] it  11 J=0.12663 A_min=0.1101 A_mean=0.1289 |g|=4.74e-03 bin=0.595 S_flip=0.075 t=17s
[P775_h160_pad0.080_s1001] it  12 J=0.13181 A_min=0.1141 A_mean=0.1342 |g|=5.05e-03 bin=0.579 S_flip=0.076 t=18s
[P775_h160_pad0.080_s1001] it  13 J=0.13766 A_min=0.1186 A_mean=0.1402 |g|=5.33e-03 bin=0.560 S_flip=0.076 t=20s
[P775_h160_pad0.080_s1001] it  14 J=0.14419 A_min=0.1235 A_mean=0.1469 |g|=5.57e-03 bin=0.538 S_flip=0.076 t=21s
[P775_h160_pad0.080_s1001] it  15 J=0.15134 A_min=0.1287 A_mean=0.1544 |g|=5.76e-03 bin=0.511 S_flip=0.075 t=22s
[P775_h160_pad0.080_s1001] it  16 J=0.15905 A_min=0.1341 A_mean=0.1626 |g|=5.88e-03 bin=0.482 S_flip=0.074 t=24s
[P775_h160_pad0.080_s1001] it  17 J=0.16721 A_min=0.1395 A_mean=0.1715 |g|=5.97e-03 bin=0.449 S_flip=0.073 t=25s
[P775_h160_pad0.080_s1001] it  18 J=0.17569 A_min=0.1449 A_mean=0.1813 |g|=6.05e-03 bin=0.414 S_flip=0.072 t=26s
[P775_h160_pad0.080_s1001] it  19 J=0.18435 A_min=0.1499 A_mean=0.1924 |g|=6.10e-03 bin=0.378 S_flip=0.071 t=28s
[P775_h160_pad0.080_s1001] it  20 J=0.19297 A_min=0.1545 A_mean=0.2056 |g|=5.96e-03 bin=0.341 S_flip=0.070 t=29s
[P775_h160_pad0.080_s1001] it  21 J=0.20094 A_min=0.1586 A_mean=0.2221 |g|=5.08e-03 bin=0.305 S_flip=0.069 t=31s
[P775_h160_pad0.080_s1001] it  22 J=0.20709 A_min=0.1621 A_mean=0.2404 |g|=3.08e-03 bin=0.271 S_flip=0.069 t=32s
[P775_h160_pad0.080_s1001] it  23 J=0.21015 A_min=0.1650 A_mean=0.2435 |g|=2.51e-03 bin=0.240 S_flip=0.069 t=34s
[P775_h160_pad0.080_s1001] it  24 J=0.20689 A_min=0.1673 A_mean=0.2204 |g|=1.58e-02 bin=0.213 S_flip=0.070 t=35s
[P775_h160_pad0.080_s1001] it  25 J=0.20098 A_min=0.1693 A_mean=0.2070 |g|=2.64e-02 bin=0.192 S_flip=0.070 t=37s
[P775_h160_pad0.080_s1001] it  26 J=0.20382 A_min=0.1710 A_mean=0.2104 |g|=2.62e-02 bin=0.178 S_flip=0.071 t=39s
[P775_h160_pad0.080_s1001] it  27 J=0.21232 A_min=0.1725 A_mean=0.2262 |g|=1.61e-02 bin=0.168 S_flip=0.072 t=40s
[P775_h160_pad0.080_s1001] it  28 J=0.21796 A_min=0.1739 A_mean=0.2441 |g|=4.52e-03 bin=0.159 S_flip=0.073 t=42s
[P775_h160_pad0.080_s1001] it  29 J=0.21970 A_min=0.1751 A_mean=0.2488 |g|=1.34e-03 bin=0.151 S_flip=0.075 t=43s
[P775_h160_pad0.080_s1001] it  30 J=0.21978 A_min=0.1762 A_mean=0.2443 |g|=3.08e-03 bin=0.143 S_flip=0.078 t=45s
[P775_h160_pad0.080_s1001] it  31 J=0.21922 A_min=0.1772 A_mean=0.2387 |g|=4.26e-03 bin=0.134 S_flip=0.081 t=46s
[P775_h160_pad0.080_s1001] it  32 J=0.21858 A_min=0.1780 A_mean=0.2345 |g|=4.82e-03 bin=0.125 S_flip=0.084 t=47s
[P775_h160_pad0.080_s1001] it  33 J=0.21813 A_min=0.1788 A_mean=0.2319 |g|=5.03e-03 bin=0.117 S_flip=0.087 t=49s
[P775_h160_pad0.080_s1001] it  34 J=0.21794 A_min=0.1794 A_mean=0.2304 |g|=5.08e-03 bin=0.108 S_flip=0.090 t=50s
[P775_h160_pad0.080_s1001] it  35 J=0.21800 A_min=0.1799 A_mean=0.2298 |g|=5.08e-03 bin=0.100 S_flip=0.093 t=51s
[P775_h160_pad0.080_s1001] it  36 J=0.21830 A_min=0.1804 A_mean=0.2298 |g|=5.06e-03 bin=0.093 S_flip=0.095 t=53s
[P775_h160_pad0.080_s1001] it  37 J=0.21878 A_min=0.1808 A_mean=0.2305 |g|=5.02e-03 bin=0.085 S_flip=0.097 t=54s
[P775_h160_pad0.080_s1001] it  38 J=0.21944 A_min=0.1812 A_mean=0.2316 |g|=4.97e-03 bin=0.079 S_flip=0.099 t=56s
[P775_h160_pad0.080_s1001] it  39 J=0.22022 A_min=0.1814 A_mean=0.2331 |g|=4.88e-03 bin=0.072 S_flip=0.100 t=57s
[P775_h160_pad0.080_s1001] it  40 J=0.22109 A_min=0.1817 A_mean=0.2351 |g|=4.73e-03 bin=0.066 S_flip=0.102 t=59s
[P775_h160_pad0.080_s1001] it  41 J=0.22202 A_min=0.1819 A_mean=0.2374 |g|=4.47e-03 bin=0.061 S_flip=0.104 t=60s
[P775_h160_pad0.080_s1001] it  42 J=0.22294 A_min=0.1820 A_mean=0.2400 |g|=4.08e-03 bin=0.055 S_flip=0.106 t=61s
[P775_h160_pad0.080_s1001] it  43 J=0.22380 A_min=0.1821 A_mean=0.2428 |g|=3.51e-03 bin=0.051 S_flip=0.109 t=63s
[P775_h160_pad0.080_s1001] it  44 J=0.22452 A_min=0.1822 A_mean=0.2454 |g|=2.74e-03 bin=0.046 S_flip=0.111 t=65s
[P775_h160_pad0.080_s1001] it  45 J=0.22505 A_min=0.1823 A_mean=0.2475 |g|=1.81e-03 bin=0.042 S_flip=0.114 t=66s
[P775_h160_pad0.080_s1001] it  46 J=0.22535 A_min=0.1823 A_mean=0.2487 |g|=8.04e-04 bin=0.039 S_flip=0.117 t=68s
[P775_h160_pad0.080_s1001] it  47 J=0.22542 A_min=0.1823 A_mean=0.2489 |g|=9.88e-04 bin=0.035 S_flip=0.120 t=69s
[P775_h160_pad0.080_s1001] it  48 J=0.22530 A_min=0.1823 A_mean=0.2482 |g|=2.28e-03 bin=0.033 S_flip=0.123 t=71s
[P775_h160_pad0.080_s1001] it  49 J=0.22509 A_min=0.1823 A_mean=0.2471 |g|=3.58e-03 bin=0.030 S_flip=0.126 t=72s
[P775_h160_pad0.080_s1001] it  50 J=0.22489 A_min=0.1823 A_mean=0.2462 |g|=4.54e-03 bin=0.028 S_flip=0.130 t=74s
[P775_h160_pad0.080_s1001] it  51 J=0.22483 A_min=0.1824 A_mean=0.2459 |g|=4.95e-03 bin=0.026 S_flip=0.133 t=75s
[P775_h160_pad0.080_s1001] it  52 J=0.22493 A_min=0.1824 A_mean=0.2463 |g|=4.77e-03 bin=0.024 S_flip=0.136 t=77s
[P775_h160_pad0.080_s1001] it  53 J=0.22514 A_min=0.1824 A_mean=0.2472 |g|=4.14e-03 bin=0.022 S_flip=0.139 t=78s
[P775_h160_pad0.080_s1001] it  54 J=0.22538 A_min=0.1824 A_mean=0.2483 |g|=3.29e-03 bin=0.021 S_flip=0.142 t=79s
[P775_h160_pad0.080_s1001] it  55 J=0.22561 A_min=0.1825 A_mean=0.2493 |g|=2.42e-03 bin=0.019 S_flip=0.145 t=81s
[P775_h160_pad0.080_s1001] it  56 J=0.22578 A_min=0.1825 A_mean=0.2501 |g|=1.64e-03 bin=0.018 S_flip=0.148 t=82s
[P775_h160_pad0.080_s1001] it  57 J=0.22590 A_min=0.1825 A_mean=0.2507 |g|=1.02e-03 bin=0.017 S_flip=0.150 t=84s
[P775_h160_pad0.080_s1001] it  58 J=0.22596 A_min=0.1825 A_mean=0.2510 |g|=6.30e-04 bin=0.016 S_flip=0.153 t=85s
[P775_h160_pad0.080_s1001] it  59 J=0.22599 A_min=0.1825 A_mean=0.2511 |g|=5.94e-04 bin=0.015 S_flip=0.156 t=86s
[P775_h160_pad0.080_s1001] it  60 J=0.22599 A_min=0.1825 A_mean=0.2512 |g|=7.76e-04 bin=0.014 S_flip=0.158 t=88s
[P775_h160_pad0.080_s1001] it  61 J=0.22599 A_min=0.1826 A_mean=0.2511 |g|=9.67e-04 bin=0.013 S_flip=0.161 t=89s
[P775_h160_pad0.080_s1001] it  62 J=0.22598 A_min=0.1826 A_mean=0.2511 |g|=1.11e-03 bin=0.012 S_flip=0.164 t=90s
[P775_h160_pad0.080_s1001] it  63 J=0.22598 A_min=0.1826 A_mean=0.2511 |g|=1.20e-03 bin=0.011 S_flip=0.167 t=92s
[P775_h160_pad0.080_s1001] it  64 J=0.22598 A_min=0.1826 A_mean=0.2511 |g|=1.24e-03 bin=0.010 S_flip=0.169 t=93s
[P775_h160_pad0.080_s1001] it  65 J=0.22599 A_min=0.1826 A_mean=0.2512 |g|=1.25e-03 bin=0.009 S_flip=0.171 t=95s
[P775_h160_pad0.080_s1001] it  66 J=0.22600 A_min=0.1826 A_mean=0.2512 |g|=1.24e-03 bin=0.009 S_flip=0.174 t=96s
[P775_h160_pad0.080_s1001] it  67 J=0.22602 A_min=0.1826 A_mean=0.2513 |g|=1.20e-03 bin=0.008 S_flip=0.176 t=98s
[P775_h160_pad0.080_s1001] it  68 J=0.22604 A_min=0.1826 A_mean=0.2514 |g|=1.15e-03 bin=0.007 S_flip=0.177 t=99s
[P775_h160_pad0.080_s1001] it  69 J=0.22606 A_min=0.1826 A_mean=0.2516 |g|=1.09e-03 bin=0.007 S_flip=0.179 t=100s
[P775_h160_pad0.080_s1001] it  70 J=0.22608 A_min=0.1826 A_mean=0.2517 |g|=1.04e-03 bin=0.006 S_flip=0.181 t=102s
[P775_h160_pad0.080_s1001] it  71 J=0.22610 A_min=0.1826 A_mean=0.2518 |g|=9.77e-04 bin=0.006 S_flip=0.182 t=103s
[P775_h160_pad0.080_s1001] it  72 J=0.22611 A_min=0.1826 A_mean=0.2519 |g|=9.18e-04 bin=0.005 S_flip=0.183 t=104s
[P775_h160_pad0.080_s1001] it  73 J=0.22613 A_min=0.1825 A_mean=0.2520 |g|=8.60e-04 bin=0.005 S_flip=0.184 t=106s
[P775_h160_pad0.080_s1001] it  74 J=0.22615 A_min=0.1825 A_mean=0.2521 |g|=8.06e-04 bin=0.004 S_flip=0.185 t=107s
[P775_h160_pad0.080_s1001] it  75 J=0.22616 A_min=0.1825 A_mean=0.2522 |g|=7.56e-04 bin=0.004 S_flip=0.186 t=108s
[P775_h160_pad0.080_s1001] it  76 J=0.22617 A_min=0.1825 A_mean=0.2523 |g|=7.12e-04 bin=0.004 S_flip=0.187 t=110s
[P775_h160_pad0.080_s1001] it  77 J=0.22618 A_min=0.1825 A_mean=0.2523 |g|=6.75e-04 bin=0.004 S_flip=0.187 t=111s
[P775_h160_pad0.080_s1001] it  78 J=0.22619 A_min=0.1825 A_mean=0.2524 |g|=6.45e-04 bin=0.003 S_flip=0.188 t=112s
[P775_h160_pad0.080_s1001] it  79 J=0.22620 A_min=0.1825 A_mean=0.2524 |g|=6.21e-04 bin=0.003 S_flip=0.189 t=114s
[P775_h160_pad0.080_s1001] it  80 J=0.22620 A_min=0.1825 A_mean=0.2525 |g|=6.01e-04 bin=0.003 S_flip=0.189 t=115s
[P775_h160_pad0.080_s1001] it  81 J=0.22621 A_min=0.1825 A_mean=0.2525 |g|=5.83e-04 bin=0.003 S_flip=0.190 t=116s
[P775_h160_pad0.080_s1001] it  82 J=0.22622 A_min=0.1825 A_mean=0.2525 |g|=5.66e-04 bin=0.003 S_flip=0.190 t=118s
[P775_h160_pad0.080_s1001] it  83 J=0.22622 A_min=0.1825 A_mean=0.2526 |g|=5.46e-04 bin=0.002 S_flip=0.191 t=119s
[P775_h160_pad0.080_s1001] it  84 J=0.22622 A_min=0.1825 A_mean=0.2526 |g|=5.23e-04 bin=0.002 S_flip=0.191 t=121s
[P775_h160_pad0.080_s1001] it  85 J=0.22623 A_min=0.1825 A_mean=0.2526 |g|=4.97e-04 bin=0.002 S_flip=0.192 t=122s
[P775_h160_pad0.080_s1001] it  86 J=0.22623 A_min=0.1825 A_mean=0.2526 |g|=4.70e-04 bin=0.002 S_flip=0.192 t=124s
[P775_h160_pad0.080_s1001] it  87 J=0.22623 A_min=0.1825 A_mean=0.2527 |g|=4.44e-04 bin=0.002 S_flip=0.193 t=125s
[P775_h160_pad0.080_s1001] it  88 J=0.22624 A_min=0.1825 A_mean=0.2527 |g|=4.19e-04 bin=0.002 S_flip=0.193 t=126s
[P775_h160_pad0.080_s1001] it  89 J=0.22624 A_min=0.1825 A_mean=0.2527 |g|=3.98e-04 bin=0.002 S_flip=0.194 t=128s
[P775_h160_pad0.080_s1001] it  90 J=0.22624 A_min=0.1825 A_mean=0.2527 |g|=3.80e-04 bin=0.002 S_flip=0.194 t=129s
[P775_h160_pad0.080_s1001] it  91 J=0.22624 A_min=0.1825 A_mean=0.2527 |g|=3.66e-04 bin=0.001 S_flip=0.195 t=131s
[P775_h160_pad0.080_s1001] it  92 J=0.22624 A_min=0.1825 A_mean=0.2527 |g|=3.57e-04 bin=0.001 S_flip=0.195 t=132s
[P775_h160_pad0.080_s1001] it  93 J=0.22624 A_min=0.1825 A_mean=0.2527 |g|=3.53e-04 bin=0.001 S_flip=0.195 t=133s
[P775_h160_pad0.080_s1001] it  94 J=0.22624 A_min=0.1825 A_mean=0.2527 |g|=3.52e-04 bin=0.001 S_flip=0.196 t=135s
[P775_h160_pad0.080_s1001] it  95 J=0.22624 A_min=0.1825 A_mean=0.2527 |g|=3.55e-04 bin=0.001 S_flip=0.196 t=136s
[P775_h160_pad0.080_s1001] it  96 J=0.22624 A_min=0.1825 A_mean=0.2527 |g|=3.61e-04 bin=0.001 S_flip=0.196 t=138s
[P775_h160_pad0.080_s1001] it  97 J=0.22624 A_min=0.1825 A_mean=0.2527 |g|=3.70e-04 bin=0.001 S_flip=0.197 t=139s
[P775_h160_pad0.080_s1001] it  98 J=0.22624 A_min=0.1825 A_mean=0.2527 |g|=3.81e-04 bin=0.001 S_flip=0.197 t=141s
[P775_h160_pad0.080_s1001] it  99 J=0.22624 A_min=0.1825 A_mean=0.2527 |g|=3.95e-04 bin=0.001 S_flip=0.197 t=142s
[P775_h160_pad0.080_s1001] done: J_soft=0.22624 J_hard=0.22624 A_hard=[0.1825, 0.2377, 0.338] S_flip=0.201 wall=144s
[P775_h160_pad0.080_s7777] it   0 J=0.10154 A_min=0.0898 A_mean=0.1032 |g|=2.40e-03 bin=0.663 S_flip=0.054 t=1s
[P775_h160_pad0.080_s7777] it   1 J=0.10287 A_min=0.0909 A_mean=0.1046 |g|=2.53e-03 bin=0.661 S_flip=0.055 t=3s
[P775_h160_pad0.080_s7777] it   2 J=0.10437 A_min=0.0921 A_mean=0.1061 |g|=2.67e-03 bin=0.658 S_flip=0.056 t=4s
[P775_h160_pad0.080_s7777] it   3 J=0.10605 A_min=0.0935 A_mean=0.1078 |g|=2.83e-03 bin=0.655 S_flip=0.057 t=6s
[P775_h160_pad0.080_s7777] it   4 J=0.10796 A_min=0.0950 A_mean=0.1097 |g|=3.00e-03 bin=0.651 S_flip=0.058 t=7s
[P775_h160_pad0.080_s7777] it   5 J=0.11013 A_min=0.0967 A_mean=0.1120 |g|=3.21e-03 bin=0.646 S_flip=0.059 t=9s
[P775_h160_pad0.080_s7777] it   6 J=0.11263 A_min=0.0987 A_mean=0.1145 |g|=3.43e-03 bin=0.640 S_flip=0.060 t=10s
[P775_h160_pad0.080_s7777] it   7 J=0.11550 A_min=0.1010 A_mean=0.1174 |g|=3.67e-03 bin=0.633 S_flip=0.061 t=11s
[P775_h160_pad0.080_s7777] it   8 J=0.11879 A_min=0.1036 A_mean=0.1208 |g|=3.94e-03 bin=0.624 S_flip=0.063 t=13s
[P775_h160_pad0.080_s7777] it   9 J=0.12258 A_min=0.1065 A_mean=0.1247 |g|=4.22e-03 bin=0.614 S_flip=0.064 t=14s
[P775_h160_pad0.080_s7777] it  10 J=0.12692 A_min=0.1099 A_mean=0.1291 |g|=4.52e-03 bin=0.601 S_flip=0.065 t=16s
[P775_h160_pad0.080_s7777] it  11 J=0.13187 A_min=0.1136 A_mean=0.1342 |g|=4.81e-03 bin=0.586 S_flip=0.066 t=17s
[P775_h160_pad0.080_s7777] it  12 J=0.13745 A_min=0.1178 A_mean=0.1400 |g|=5.09e-03 bin=0.568 S_flip=0.066 t=18s
[P775_h160_pad0.080_s7777] it  13 J=0.14369 A_min=0.1223 A_mean=0.1464 |g|=5.34e-03 bin=0.547 S_flip=0.067 t=20s
[P775_h160_pad0.080_s7777] it  14 J=0.15056 A_min=0.1272 A_mean=0.1537 |g|=5.54e-03 bin=0.522 S_flip=0.067 t=21s
[P775_h160_pad0.080_s7777] it  15 J=0.15801 A_min=0.1323 A_mean=0.1617 |g|=5.71e-03 bin=0.494 S_flip=0.067 t=22s
[P775_h160_pad0.080_s7777] it  16 J=0.16595 A_min=0.1375 A_mean=0.1706 |g|=5.84e-03 bin=0.463 S_flip=0.066 t=24s
[P775_h160_pad0.080_s7777] it  17 J=0.17430 A_min=0.1426 A_mean=0.1805 |g|=5.94e-03 bin=0.429 S_flip=0.066 t=25s
[P775_h160_pad0.080_s7777] it  18 J=0.18289 A_min=0.1474 A_mean=0.1920 |g|=5.98e-03 bin=0.394 S_flip=0.066 t=26s
[P775_h160_pad0.080_s7777] it  19 J=0.19143 A_min=0.1520 A_mean=0.2061 |g|=5.73e-03 bin=0.358 S_flip=0.066 t=28s
[P775_h160_pad0.080_s7777] it  20 J=0.19921 A_min=0.1560 A_mean=0.2242 |g|=4.67e-03 bin=0.322 S_flip=0.066 t=29s
[P775_h160_pad0.080_s7777] it  21 J=0.20504 A_min=0.1595 A_mean=0.2440 |g|=2.79e-03 bin=0.287 S_flip=0.067 t=31s
[P775_h160_pad0.080_s7777] it  22 J=0.20804 A_min=0.1625 A_mean=0.2457 |g|=2.43e-03 bin=0.255 S_flip=0.068 t=32s
[P775_h160_pad0.080_s7777] it  23 J=0.20493 A_min=0.1649 A_mean=0.2194 |g|=1.54e-02 bin=0.227 S_flip=0.070 t=33s
[P775_h160_pad0.080_s7777] it  24 J=0.19865 A_min=0.1669 A_mean=0.2047 |g|=2.61e-02 bin=0.206 S_flip=0.072 t=35s
[P775_h160_pad0.080_s7777] it  25 J=0.20087 A_min=0.1686 A_mean=0.2072 |g|=2.68e-02 bin=0.191 S_flip=0.074 t=36s
[P775_h160_pad0.080_s7777] it  26 J=0.20952 A_min=0.1702 A_mean=0.2227 |g|=1.82e-02 bin=0.180 S_flip=0.077 t=37s
[P775_h160_pad0.080_s7777] it  27 J=0.21609 A_min=0.1716 A_mean=0.2445 |g|=5.63e-03 bin=0.171 S_flip=0.079 t=39s
[P775_h160_pad0.080_s7777] it  28 J=0.21841 A_min=0.1729 A_mean=0.2541 |g|=1.40e-03 bin=0.163 S_flip=0.082 t=40s
[P775_h160_pad0.080_s7777] it  29 J=0.21896 A_min=0.1741 A_mean=0.2505 |g|=2.46e-03 bin=0.155 S_flip=0.086 t=41s
[P775_h160_pad0.080_s7777] it  30 J=0.21872 A_min=0.1751 A_mean=0.2438 |g|=3.71e-03 bin=0.146 S_flip=0.089 t=43s
[P775_h160_pad0.080_s7777] it  31 J=0.21823 A_min=0.1761 A_mean=0.2383 |g|=4.46e-03 bin=0.137 S_flip=0.093 t=44s
[P775_h160_pad0.080_s7777] it  32 J=0.21780 A_min=0.1769 A_mean=0.2346 |g|=4.80e-03 bin=0.127 S_flip=0.096 t=45s
[P775_h160_pad0.080_s7777] it  33 J=0.21757 A_min=0.1777 A_mean=0.2324 |g|=4.93e-03 bin=0.118 S_flip=0.100 t=47s
[P775_h160_pad0.080_s7777] it  34 J=0.21758 A_min=0.1783 A_mean=0.2313 |g|=4.97e-03 bin=0.110 S_flip=0.103 t=48s
[P775_h160_pad0.080_s7777] it  35 J=0.21780 A_min=0.1789 A_mean=0.2309 |g|=4.96e-03 bin=0.101 S_flip=0.107 t=50s
[P775_h160_pad0.080_s7777] it  36 J=0.21822 A_min=0.1794 A_mean=0.2312 |g|=4.93e-03 bin=0.093 S_flip=0.110 t=51s
[P775_h160_pad0.080_s7777] it  37 J=0.21880 A_min=0.1798 A_mean=0.2321 |g|=4.89e-03 bin=0.086 S_flip=0.113 t=52s
[P775_h160_pad0.080_s7777] it  38 J=0.21951 A_min=0.1802 A_mean=0.2334 |g|=4.83e-03 bin=0.079 S_flip=0.117 t=54s
[P775_h160_pad0.080_s7777] it  39 J=0.22033 A_min=0.1805 A_mean=0.2352 |g|=4.73e-03 bin=0.072 S_flip=0.120 t=55s
[P775_h160_pad0.080_s7777] it  40 J=0.22121 A_min=0.1808 A_mean=0.2374 |g|=4.56e-03 bin=0.066 S_flip=0.123 t=56s
[P775_h160_pad0.080_s7777] it  41 J=0.22212 A_min=0.1810 A_mean=0.2399 |g|=4.29e-03 bin=0.061 S_flip=0.126 t=58s
[P775_h160_pad0.080_s7777] it  42 J=0.22301 A_min=0.1811 A_mean=0.2427 |g|=3.89e-03 bin=0.055 S_flip=0.129 t=59s
[P775_h160_pad0.080_s7777] it  43 J=0.22382 A_min=0.1813 A_mean=0.2457 |g|=3.35e-03 bin=0.051 S_flip=0.132 t=61s
[P775_h160_pad0.080_s7777] it  44 J=0.22450 A_min=0.1814 A_mean=0.2485 |g|=2.67e-03 bin=0.046 S_flip=0.135 t=62s
[P775_h160_pad0.080_s7777] it  45 J=0.22502 A_min=0.1814 A_mean=0.2508 |g|=1.85e-03 bin=0.042 S_flip=0.138 t=64s
[P775_h160_pad0.080_s7777] it  46 J=0.22533 A_min=0.1815 A_mean=0.2522 |g|=9.65e-04 bin=0.039 S_flip=0.141 t=65s
[P775_h160_pad0.080_s7777] it  47 J=0.22546 A_min=0.1815 A_mean=0.2527 |g|=5.93e-04 bin=0.035 S_flip=0.144 t=67s
[P775_h160_pad0.080_s7777] it  48 J=0.22541 A_min=0.1816 A_mean=0.2522 |g|=1.55e-03 bin=0.033 S_flip=0.147 t=68s
[P775_h160_pad0.080_s7777] it  49 J=0.22526 A_min=0.1816 A_mean=0.2511 |g|=2.67e-03 bin=0.030 S_flip=0.150 t=69s
[P775_h160_pad0.080_s7777] it  50 J=0.22507 A_min=0.1816 A_mean=0.2499 |g|=3.65e-03 bin=0.028 S_flip=0.152 t=71s
[P775_h160_pad0.080_s7777] it  51 J=0.22495 A_min=0.1816 A_mean=0.2491 |g|=4.26e-03 bin=0.026 S_flip=0.155 t=72s
[P775_h160_pad0.080_s7777] it  52 J=0.22495 A_min=0.1817 A_mean=0.2489 |g|=4.40e-03 bin=0.024 S_flip=0.158 t=74s
[P775_h160_pad0.080_s7777] it  53 J=0.22506 A_min=0.1817 A_mean=0.2494 |g|=4.12e-03 bin=0.022 S_flip=0.161 t=75s
[P775_h160_pad0.080_s7777] it  54 J=0.22525 A_min=0.1818 A_mean=0.2502 |g|=3.57e-03 bin=0.021 S_flip=0.164 t=76s
[P775_h160_pad0.080_s7777] it  55 J=0.22545 A_min=0.1818 A_mean=0.2511 |g|=2.89e-03 bin=0.019 S_flip=0.166 t=78s
[P775_h160_pad0.080_s7777] it  56 J=0.22564 A_min=0.1819 A_mean=0.2519 |g|=2.21e-03 bin=0.018 S_flip=0.169 t=79s
[P775_h160_pad0.080_s7777] it  57 J=0.22578 A_min=0.1819 A_mean=0.2526 |g|=1.58e-03 bin=0.017 S_flip=0.172 t=80s
[P775_h160_pad0.080_s7777] it  58 J=0.22588 A_min=0.1820 A_mean=0.2531 |g|=1.04e-03 bin=0.016 S_flip=0.175 t=82s
[P775_h160_pad0.080_s7777] it  59 J=0.22595 A_min=0.1820 A_mean=0.2533 |g|=6.81e-04 bin=0.015 S_flip=0.178 t=83s
[P775_h160_pad0.080_s7777] it  60 J=0.22598 A_min=0.1820 A_mean=0.2534 |g|=5.91e-04 bin=0.014 S_flip=0.180 t=85s
[P775_h160_pad0.080_s7777] it  61 J=0.22599 A_min=0.1821 A_mean=0.2534 |g|=7.05e-04 bin=0.013 S_flip=0.183 t=86s
[P775_h160_pad0.080_s7777] it  62 J=0.22600 A_min=0.1821 A_mean=0.2533 |g|=8.56e-04 bin=0.012 S_flip=0.184 t=87s
[P775_h160_pad0.080_s7777] it  63 J=0.22600 A_min=0.1821 A_mean=0.2533 |g|=9.77e-04 bin=0.011 S_flip=0.186 t=89s
[P775_h160_pad0.080_s7777] it  64 J=0.22600 A_min=0.1821 A_mean=0.2532 |g|=1.06e-03 bin=0.010 S_flip=0.188 t=90s
[P775_h160_pad0.080_s7777] it  65 J=0.22601 A_min=0.1821 A_mean=0.2532 |g|=1.10e-03 bin=0.010 S_flip=0.189 t=92s
[P775_h160_pad0.080_s7777] it  66 J=0.22602 A_min=0.1822 A_mean=0.2532 |g|=1.12e-03 bin=0.009 S_flip=0.190 t=93s
[P775_h160_pad0.080_s7777] it  67 J=0.22603 A_min=0.1822 A_mean=0.2532 |g|=1.11e-03 bin=0.008 S_flip=0.191 t=94s
[P775_h160_pad0.080_s7777] it  68 J=0.22604 A_min=0.1822 A_mean=0.2533 |g|=1.08e-03 bin=0.008 S_flip=0.193 t=96s
[P775_h160_pad0.080_s7777] it  69 J=0.22606 A_min=0.1822 A_mean=0.2533 |g|=1.04e-03 bin=0.007 S_flip=0.194 t=97s
[P775_h160_pad0.080_s7777] it  70 J=0.22608 A_min=0.1822 A_mean=0.2534 |g|=9.96e-04 bin=0.007 S_flip=0.195 t=99s
[P775_h160_pad0.080_s7777] it  71 J=0.22609 A_min=0.1822 A_mean=0.2535 |g|=9.42e-04 bin=0.006 S_flip=0.196 t=100s
[P775_h160_pad0.080_s7777] it  72 J=0.22611 A_min=0.1822 A_mean=0.2536 |g|=8.86e-04 bin=0.006 S_flip=0.197 t=102s
[P775_h160_pad0.080_s7777] it  73 J=0.22612 A_min=0.1822 A_mean=0.2536 |g|=8.29e-04 bin=0.005 S_flip=0.198 t=103s
[P775_h160_pad0.080_s7777] it  74 J=0.22614 A_min=0.1822 A_mean=0.2537 |g|=7.71e-04 bin=0.005 S_flip=0.199 t=105s
[P775_h160_pad0.080_s7777] it  75 J=0.22615 A_min=0.1822 A_mean=0.2538 |g|=7.14e-04 bin=0.004 S_flip=0.201 t=106s
[P775_h160_pad0.080_s7777] it  76 J=0.22616 A_min=0.1822 A_mean=0.2538 |g|=6.57e-04 bin=0.004 S_flip=0.202 t=108s
[P775_h160_pad0.080_s7777] it  77 J=0.22617 A_min=0.1822 A_mean=0.2539 |g|=6.00e-04 bin=0.004 S_flip=0.203 t=109s
[P775_h160_pad0.080_s7777] it  78 J=0.22618 A_min=0.1822 A_mean=0.2539 |g|=5.45e-04 bin=0.003 S_flip=0.204 t=111s
[P775_h160_pad0.080_s7777] it  79 J=0.22618 A_min=0.1822 A_mean=0.2539 |g|=4.91e-04 bin=0.003 S_flip=0.205 t=112s
[P775_h160_pad0.080_s7777] it  80 J=0.22619 A_min=0.1822 A_mean=0.2540 |g|=4.39e-04 bin=0.003 S_flip=0.206 t=113s
[P775_h160_pad0.080_s7777] it  81 J=0.22619 A_min=0.1822 A_mean=0.2540 |g|=3.91e-04 bin=0.002 S_flip=0.207 t=115s
[P775_h160_pad0.080_s7777] it  82 J=0.22620 A_min=0.1822 A_mean=0.2540 |g|=3.47e-04 bin=0.002 S_flip=0.208 t=116s
[P775_h160_pad0.080_s7777] it  83 J=0.22620 A_min=0.1822 A_mean=0.2540 |g|=3.08e-04 bin=0.002 S_flip=0.208 t=118s
[P775_h160_pad0.080_s7777] it  84 J=0.22620 A_min=0.1822 A_mean=0.2540 |g|=2.74e-04 bin=0.002 S_flip=0.209 t=119s
[P775_h160_pad0.080_s7777] it  85 J=0.22620 A_min=0.1822 A_mean=0.2540 |g|=2.46e-04 bin=0.002 S_flip=0.210 t=121s
[P775_h160_pad0.080_s7777] it  86 J=0.22621 A_min=0.1822 A_mean=0.2540 |g|=2.23e-04 bin=0.001 S_flip=0.210 t=122s
[P775_h160_pad0.080_s7777] it  87 J=0.22621 A_min=0.1822 A_mean=0.2540 |g|=2.05e-04 bin=0.001 S_flip=0.211 t=123s
[P775_h160_pad0.080_s7777] it  88 J=0.22621 A_min=0.1822 A_mean=0.2540 |g|=1.90e-04 bin=0.001 S_flip=0.211 t=125s
[P775_h160_pad0.080_s7777] it  89 J=0.22621 A_min=0.1822 A_mean=0.2540 |g|=1.78e-04 bin=0.001 S_flip=0.211 t=126s
[P775_h160_pad0.080_s7777] it  90 J=0.22621 A_min=0.1822 A_mean=0.2540 |g|=1.69e-04 bin=0.001 S_flip=0.212 t=128s
[P775_h160_pad0.080_s7777] it  91 J=0.22621 A_min=0.1822 A_mean=0.2540 |g|=1.62e-04 bin=0.001 S_flip=0.212 t=129s
[P775_h160_pad0.080_s7777] it  92 J=0.22621 A_min=0.1822 A_mean=0.2540 |g|=1.57e-04 bin=0.001 S_flip=0.212 t=131s
[P775_h160_pad0.080_s7777] it  93 J=0.22621 A_min=0.1822 A_mean=0.2540 |g|=1.54e-04 bin=0.001 S_flip=0.212 t=132s
[P775_h160_pad0.080_s7777] it  94 J=0.22621 A_min=0.1822 A_mean=0.2540 |g|=1.53e-04 bin=0.001 S_flip=0.212 t=133s
[P775_h160_pad0.080_s7777] it  95 J=0.22621 A_min=0.1822 A_mean=0.2540 |g|=1.52e-04 bin=0.001 S_flip=0.212 t=135s
[P775_h160_pad0.080_s7777] it  96 J=0.22621 A_min=0.1822 A_mean=0.2540 |g|=1.53e-04 bin=0.001 S_flip=0.213 t=136s
[P775_h160_pad0.080_s7777] it  97 J=0.22621 A_min=0.1822 A_mean=0.2540 |g|=1.56e-04 bin=0.000 S_flip=0.213 t=138s
[P775_h160_pad0.080_s7777] it  98 J=0.22621 A_min=0.1822 A_mean=0.2540 |g|=1.59e-04 bin=0.000 S_flip=0.213 t=139s
[P775_h160_pad0.080_s7777] it  99 J=0.22621 A_min=0.1822 A_mean=0.2540 |g|=1.63e-04 bin=0.000 S_flip=0.213 t=140s
[P775_h160_pad0.080_s7777] done: J_soft=0.22621 J_hard=0.22621 A_hard=[0.1822, 0.2374, 0.3424] S_flip=0.213 wall=142s
[P775_h160_pad0.120_s333] it   0 J=0.10778 A_min=0.0958 A_mean=0.1096 |g|=2.80e-03 bin=0.541 S_flip=0.060 t=1s
[P775_h160_pad0.120_s333] it   1 J=0.10930 A_min=0.0972 A_mean=0.1111 |g|=2.92e-03 bin=0.539 S_flip=0.061 t=3s
[P775_h160_pad0.120_s333] it   2 J=0.11099 A_min=0.0986 A_mean=0.1129 |g|=3.06e-03 bin=0.537 S_flip=0.062 t=4s
[P775_h160_pad0.120_s333] it   3 J=0.11287 A_min=0.1002 A_mean=0.1148 |g|=3.22e-03 bin=0.535 S_flip=0.064 t=5s
[P775_h160_pad0.120_s333] it   4 J=0.11498 A_min=0.1020 A_mean=0.1169 |g|=3.39e-03 bin=0.531 S_flip=0.065 t=7s
[P775_h160_pad0.120_s333] it   5 J=0.11737 A_min=0.1041 A_mean=0.1194 |g|=3.57e-03 bin=0.527 S_flip=0.066 t=8s
[P775_h160_pad0.120_s333] it   6 J=0.12007 A_min=0.1064 A_mean=0.1221 |g|=3.77e-03 bin=0.522 S_flip=0.068 t=9s
[P775_h160_pad0.120_s333] it   7 J=0.12315 A_min=0.1091 A_mean=0.1253 |g|=3.98e-03 bin=0.515 S_flip=0.069 t=11s
[P775_h160_pad0.120_s333] it   8 J=0.12663 A_min=0.1120 A_mean=0.1288 |g|=4.19e-03 bin=0.507 S_flip=0.071 t=12s
[P775_h160_pad0.120_s333] it   9 J=0.13057 A_min=0.1154 A_mean=0.1329 |g|=4.40e-03 bin=0.498 S_flip=0.072 t=13s
[P775_h160_pad0.120_s333] it  10 J=0.13499 A_min=0.1192 A_mean=0.1374 |g|=4.59e-03 bin=0.486 S_flip=0.074 t=15s
[P775_h160_pad0.120_s333] it  11 J=0.13990 A_min=0.1233 A_mean=0.1424 |g|=4.75e-03 bin=0.471 S_flip=0.075 t=16s
[P775_h160_pad0.120_s333] it  12 J=0.14528 A_min=0.1279 A_mean=0.1479 |g|=4.86e-03 bin=0.454 S_flip=0.077 t=17s
[P775_h160_pad0.120_s333] it  13 J=0.15107 A_min=0.1327 A_mean=0.1538 |g|=4.91e-03 bin=0.434 S_flip=0.078 t=18s
[P775_h160_pad0.120_s333] it  14 J=0.15718 A_min=0.1378 A_mean=0.1601 |g|=4.87e-03 bin=0.411 S_flip=0.079 t=20s
[P775_h160_pad0.120_s333] it  15 J=0.16347 A_min=0.1430 A_mean=0.1665 |g|=4.74e-03 bin=0.386 S_flip=0.081 t=21s
[P775_h160_pad0.120_s333] it  16 J=0.16977 A_min=0.1481 A_mean=0.1730 |g|=4.54e-03 bin=0.358 S_flip=0.082 t=22s
[P775_h160_pad0.120_s333] it  17 J=0.17593 A_min=0.1531 A_mean=0.1793 |g|=4.27e-03 bin=0.329 S_flip=0.083 t=24s
[P775_h160_pad0.120_s333] it  18 J=0.18178 A_min=0.1577 A_mean=0.1854 |g|=3.98e-03 bin=0.299 S_flip=0.085 t=25s
[P775_h160_pad0.120_s333] it  19 J=0.18721 A_min=0.1619 A_mean=0.1911 |g|=3.68e-03 bin=0.270 S_flip=0.086 t=27s
[P775_h160_pad0.120_s333] it  20 J=0.19214 A_min=0.1656 A_mean=0.1963 |g|=3.41e-03 bin=0.242 S_flip=0.088 t=28s
[P775_h160_pad0.120_s333] it  21 J=0.19655 A_min=0.1688 A_mean=0.2010 |g|=3.19e-03 bin=0.216 S_flip=0.090 t=29s
[P775_h160_pad0.120_s333] it  22 J=0.20044 A_min=0.1715 A_mean=0.2053 |g|=3.03e-03 bin=0.192 S_flip=0.092 t=31s
[P775_h160_pad0.120_s333] it  23 J=0.20385 A_min=0.1738 A_mean=0.2091 |g|=2.92e-03 bin=0.170 S_flip=0.094 t=32s
[P775_h160_pad0.120_s333] it  24 J=0.20682 A_min=0.1756 A_mean=0.2126 |g|=2.86e-03 bin=0.151 S_flip=0.097 t=33s
[P775_h160_pad0.120_s333] it  25 J=0.20942 A_min=0.1771 A_mean=0.2158 |g|=2.83e-03 bin=0.134 S_flip=0.100 t=35s
[P775_h160_pad0.120_s333] it  26 J=0.21171 A_min=0.1783 A_mean=0.2187 |g|=2.82e-03 bin=0.120 S_flip=0.103 t=36s
[P775_h160_pad0.120_s333] it  27 J=0.21372 A_min=0.1792 A_mean=0.2215 |g|=2.81e-03 bin=0.107 S_flip=0.106 t=37s
[P775_h160_pad0.120_s333] it  28 J=0.21551 A_min=0.1800 A_mean=0.2242 |g|=2.78e-03 bin=0.096 S_flip=0.109 t=39s
[P775_h160_pad0.120_s333] it  29 J=0.21711 A_min=0.1805 A_mean=0.2268 |g|=2.73e-03 bin=0.086 S_flip=0.113 t=40s
[P775_h160_pad0.120_s333] it  30 J=0.21853 A_min=0.1810 A_mean=0.2293 |g|=2.64e-03 bin=0.077 S_flip=0.116 t=41s
[P775_h160_pad0.120_s333] it  31 J=0.21980 A_min=0.1813 A_mean=0.2319 |g|=2.50e-03 bin=0.070 S_flip=0.120 t=42s
[P775_h160_pad0.120_s333] it  32 J=0.22091 A_min=0.1815 A_mean=0.2343 |g|=2.30e-03 bin=0.063 S_flip=0.124 t=44s
[P775_h160_pad0.120_s333] it  33 J=0.22186 A_min=0.1817 A_mean=0.2366 |g|=2.05e-03 bin=0.057 S_flip=0.127 t=45s
[P775_h160_pad0.120_s333] it  34 J=0.22264 A_min=0.1818 A_mean=0.2388 |g|=1.75e-03 bin=0.052 S_flip=0.131 t=46s
[P775_h160_pad0.120_s333] it  35 J=0.22326 A_min=0.1819 A_mean=0.2406 |g|=1.40e-03 bin=0.048 S_flip=0.135 t=48s
[P775_h160_pad0.120_s333] it  36 J=0.22371 A_min=0.1820 A_mean=0.2420 |g|=1.02e-03 bin=0.044 S_flip=0.138 t=49s
[P775_h160_pad0.120_s333] it  37 J=0.22400 A_min=0.1820 A_mean=0.2430 |g|=6.66e-04 bin=0.040 S_flip=0.142 t=50s
[P775_h160_pad0.120_s333] it  38 J=0.22415 A_min=0.1820 A_mean=0.2435 |g|=5.15e-04 bin=0.037 S_flip=0.145 t=52s
[P775_h160_pad0.120_s333] it  39 J=0.22418 A_min=0.1820 A_mean=0.2436 |g|=7.46e-04 bin=0.034 S_flip=0.149 t=53s
[P775_h160_pad0.120_s333] it  40 J=0.22414 A_min=0.1820 A_mean=0.2434 |g|=1.14e-03 bin=0.031 S_flip=0.152 t=54s
[P775_h160_pad0.120_s333] it  41 J=0.22404 A_min=0.1820 A_mean=0.2430 |g|=1.54e-03 bin=0.029 S_flip=0.155 t=55s
[P775_h160_pad0.120_s333] it  42 J=0.22395 A_min=0.1821 A_mean=0.2426 |g|=1.88e-03 bin=0.027 S_flip=0.158 t=57s
[P775_h160_pad0.120_s333] it  43 J=0.22389 A_min=0.1821 A_mean=0.2423 |g|=2.13e-03 bin=0.025 S_flip=0.162 t=58s
[P775_h160_pad0.120_s333] it  44 J=0.22387 A_min=0.1821 A_mean=0.2422 |g|=2.28e-03 bin=0.024 S_flip=0.165 t=59s
[P775_h160_pad0.120_s333] it  45 J=0.22392 A_min=0.1821 A_mean=0.2424 |g|=2.32e-03 bin=0.022 S_flip=0.167 t=61s
[P775_h160_pad0.120_s333] it  46 J=0.22402 A_min=0.1821 A_mean=0.2427 |g|=2.26e-03 bin=0.021 S_flip=0.170 t=62s
[P775_h160_pad0.120_s333] it  47 J=0.22416 A_min=0.1822 A_mean=0.2431 |g|=2.10e-03 bin=0.019 S_flip=0.172 t=63s
[P775_h160_pad0.120_s333] it  48 J=0.22432 A_min=0.1822 A_mean=0.2436 |g|=1.86e-03 bin=0.018 S_flip=0.175 t=65s
[P775_h160_pad0.120_s333] it  49 J=0.22449 A_min=0.1823 A_mean=0.2442 |g|=1.57e-03 bin=0.017 S_flip=0.178 t=66s
[P775_h160_pad0.120_s333] it  50 J=0.22463 A_min=0.1823 A_mean=0.2447 |g|=1.27e-03 bin=0.016 S_flip=0.181 t=67s
[P775_h160_pad0.120_s333] it  51 J=0.22475 A_min=0.1823 A_mean=0.2451 |g|=1.00e-03 bin=0.014 S_flip=0.185 t=69s
[P775_h160_pad0.120_s333] it  52 J=0.22485 A_min=0.1824 A_mean=0.2454 |g|=7.85e-04 bin=0.013 S_flip=0.188 t=70s
[P775_h160_pad0.120_s333] it  53 J=0.22492 A_min=0.1824 A_mean=0.2456 |g|=6.32e-04 bin=0.012 S_flip=0.191 t=72s
[P775_h160_pad0.120_s333] it  54 J=0.22497 A_min=0.1824 A_mean=0.2458 |g|=5.35e-04 bin=0.011 S_flip=0.194 t=73s
[P775_h160_pad0.120_s333] it  55 J=0.22502 A_min=0.1825 A_mean=0.2459 |g|=4.79e-04 bin=0.010 S_flip=0.197 t=75s
[P775_h160_pad0.120_s333] it  56 J=0.22505 A_min=0.1825 A_mean=0.2460 |g|=4.46e-04 bin=0.009 S_flip=0.200 t=76s
[P775_h160_pad0.120_s333] it  57 J=0.22507 A_min=0.1825 A_mean=0.2460 |g|=4.26e-04 bin=0.009 S_flip=0.202 t=78s
[P775_h160_pad0.120_s333] it  58 J=0.22509 A_min=0.1825 A_mean=0.2461 |g|=4.11e-04 bin=0.008 S_flip=0.204 t=79s
[P775_h160_pad0.120_s333] it  59 J=0.22511 A_min=0.1825 A_mean=0.2461 |g|=3.99e-04 bin=0.007 S_flip=0.206 t=81s
[P775_h160_pad0.120_s333] it  60 J=0.22513 A_min=0.1826 A_mean=0.2461 |g|=3.87e-04 bin=0.007 S_flip=0.208 t=82s
[P775_h160_pad0.120_s333] it  61 J=0.22514 A_min=0.1826 A_mean=0.2461 |g|=3.77e-04 bin=0.006 S_flip=0.209 t=84s
[P775_h160_pad0.120_s333] it  62 J=0.22515 A_min=0.1826 A_mean=0.2462 |g|=3.67e-04 bin=0.006 S_flip=0.211 t=85s
[P775_h160_pad0.120_s333] it  63 J=0.22516 A_min=0.1826 A_mean=0.2462 |g|=3.59e-04 bin=0.006 S_flip=0.212 t=86s
[P775_h160_pad0.120_s333] it  64 J=0.22517 A_min=0.1826 A_mean=0.2462 |g|=3.52e-04 bin=0.005 S_flip=0.214 t=88s
[P775_h160_pad0.120_s333] it  65 J=0.22518 A_min=0.1826 A_mean=0.2462 |g|=3.45e-04 bin=0.005 S_flip=0.215 t=89s
[P775_h160_pad0.120_s333] it  66 J=0.22518 A_min=0.1826 A_mean=0.2463 |g|=3.39e-04 bin=0.004 S_flip=0.216 t=91s
[P775_h160_pad0.120_s333] it  67 J=0.22519 A_min=0.1826 A_mean=0.2463 |g|=3.34e-04 bin=0.004 S_flip=0.217 t=92s
[P775_h160_pad0.120_s333] it  68 J=0.22519 A_min=0.1826 A_mean=0.2463 |g|=3.30e-04 bin=0.004 S_flip=0.218 t=94s
[P775_h160_pad0.120_s333] it  69 J=0.22520 A_min=0.1826 A_mean=0.2463 |g|=3.26e-04 bin=0.004 S_flip=0.218 t=95s
[P775_h160_pad0.120_s333] it  70 J=0.22520 A_min=0.1826 A_mean=0.2463 |g|=3.22e-04 bin=0.003 S_flip=0.219 t=96s
[P775_h160_pad0.120_s333] it  71 J=0.22521 A_min=0.1826 A_mean=0.2463 |g|=3.20e-04 bin=0.003 S_flip=0.220 t=98s
[P775_h160_pad0.120_s333] it  72 J=0.22521 A_min=0.1826 A_mean=0.2464 |g|=3.20e-04 bin=0.003 S_flip=0.220 t=99s
[P775_h160_pad0.120_s333] it  73 J=0.22521 A_min=0.1826 A_mean=0.2464 |g|=3.22e-04 bin=0.003 S_flip=0.221 t=100s
[P775_h160_pad0.120_s333] it  74 J=0.22522 A_min=0.1826 A_mean=0.2464 |g|=3.26e-04 bin=0.003 S_flip=0.221 t=102s
[P775_h160_pad0.120_s333] it  75 J=0.22522 A_min=0.1826 A_mean=0.2464 |g|=3.33e-04 bin=0.002 S_flip=0.222 t=103s
[P775_h160_pad0.120_s333] it  76 J=0.22522 A_min=0.1826 A_mean=0.2464 |g|=3.43e-04 bin=0.002 S_flip=0.222 t=104s
[P775_h160_pad0.120_s333] it  77 J=0.22523 A_min=0.1826 A_mean=0.2464 |g|=3.53e-04 bin=0.002 S_flip=0.222 t=106s
[P775_h160_pad0.120_s333] it  78 J=0.22523 A_min=0.1826 A_mean=0.2465 |g|=3.64e-04 bin=0.002 S_flip=0.222 t=107s
[P775_h160_pad0.120_s333] it  79 J=0.22523 A_min=0.1826 A_mean=0.2465 |g|=3.73e-04 bin=0.002 S_flip=0.223 t=108s
[P775_h160_pad0.120_s333] it  80 J=0.22523 A_min=0.1826 A_mean=0.2465 |g|=3.81e-04 bin=0.002 S_flip=0.223 t=110s
[P775_h160_pad0.120_s333] it  81 J=0.22523 A_min=0.1826 A_mean=0.2465 |g|=3.87e-04 bin=0.002 S_flip=0.223 t=111s
[P775_h160_pad0.120_s333] it  82 J=0.22524 A_min=0.1826 A_mean=0.2465 |g|=3.91e-04 bin=0.002 S_flip=0.223 t=113s
[P775_h160_pad0.120_s333] it  83 J=0.22524 A_min=0.1826 A_mean=0.2465 |g|=3.95e-04 bin=0.002 S_flip=0.224 t=114s
[P775_h160_pad0.120_s333] it  84 J=0.22524 A_min=0.1826 A_mean=0.2465 |g|=4.00e-04 bin=0.001 S_flip=0.224 t=115s
[P775_h160_pad0.120_s333] it  85 J=0.22524 A_min=0.1826 A_mean=0.2466 |g|=4.05e-04 bin=0.001 S_flip=0.224 t=117s
[P775_h160_pad0.120_s333] it  86 J=0.22524 A_min=0.1826 A_mean=0.2466 |g|=4.12e-04 bin=0.001 S_flip=0.224 t=118s
[P775_h160_pad0.120_s333] it  87 J=0.22525 A_min=0.1826 A_mean=0.2466 |g|=4.21e-04 bin=0.001 S_flip=0.224 t=120s
[P775_h160_pad0.120_s333] it  88 J=0.22525 A_min=0.1826 A_mean=0.2466 |g|=4.32e-04 bin=0.001 S_flip=0.225 t=121s
[P775_h160_pad0.120_s333] it  89 J=0.22525 A_min=0.1826 A_mean=0.2466 |g|=4.43e-04 bin=0.001 S_flip=0.225 t=122s
[P775_h160_pad0.120_s333] it  90 J=0.22525 A_min=0.1826 A_mean=0.2466 |g|=4.57e-04 bin=0.001 S_flip=0.225 t=124s
[P775_h160_pad0.120_s333] it  91 J=0.22525 A_min=0.1826 A_mean=0.2466 |g|=4.72e-04 bin=0.001 S_flip=0.225 t=125s
[P775_h160_pad0.120_s333] it  92 J=0.22525 A_min=0.1826 A_mean=0.2466 |g|=4.88e-04 bin=0.001 S_flip=0.225 t=126s
[P775_h160_pad0.120_s333] it  93 J=0.22525 A_min=0.1826 A_mean=0.2466 |g|=5.05e-04 bin=0.001 S_flip=0.225 t=128s
[P775_h160_pad0.120_s333] it  94 J=0.22525 A_min=0.1826 A_mean=0.2466 |g|=5.23e-04 bin=0.001 S_flip=0.226 t=129s
[P775_h160_pad0.120_s333] it  95 J=0.22525 A_min=0.1826 A_mean=0.2466 |g|=5.42e-04 bin=0.001 S_flip=0.226 t=131s
[P775_h160_pad0.120_s333] it  96 J=0.22525 A_min=0.1826 A_mean=0.2466 |g|=5.63e-04 bin=0.001 S_flip=0.226 t=132s
[P775_h160_pad0.120_s333] it  97 J=0.22526 A_min=0.1826 A_mean=0.2466 |g|=5.84e-04 bin=0.001 S_flip=0.226 t=133s
[P775_h160_pad0.120_s333] it  98 J=0.22526 A_min=0.1826 A_mean=0.2466 |g|=6.06e-04 bin=0.001 S_flip=0.226 t=135s
[P775_h160_pad0.120_s333] it  99 J=0.22526 A_min=0.1826 A_mean=0.2466 |g|=6.30e-04 bin=0.001 S_flip=0.226 t=136s
[P775_h160_pad0.120_s333] done: J_soft=0.22526 J_hard=0.22525 A_hard=[0.1826, 0.2386, 0.3188] S_flip=0.227 wall=138s
[P775_h160_pad0.120_s1001] it   0 J=0.10617 A_min=0.0945 A_mean=0.1079 |g|=2.78e-03 bin=0.540 S_flip=0.059 t=2s
[P775_h160_pad0.120_s1001] it   1 J=0.10761 A_min=0.0957 A_mean=0.1094 |g|=2.90e-03 bin=0.539 S_flip=0.060 t=3s
[P775_h160_pad0.120_s1001] it   2 J=0.10921 A_min=0.0971 A_mean=0.1110 |g|=3.04e-03 bin=0.537 S_flip=0.060 t=4s
[P775_h160_pad0.120_s1001] it   3 J=0.11099 A_min=0.0987 A_mean=0.1129 |g|=3.20e-03 bin=0.535 S_flip=0.061 t=6s
[P775_h160_pad0.120_s1001] it   4 J=0.11300 A_min=0.1004 A_mean=0.1149 |g|=3.37e-03 bin=0.532 S_flip=0.062 t=7s
[P775_h160_pad0.120_s1001] it   5 J=0.11527 A_min=0.1024 A_mean=0.1172 |g|=3.57e-03 bin=0.528 S_flip=0.063 t=8s
[P775_h160_pad0.120_s1001] it   6 J=0.11786 A_min=0.1046 A_mean=0.1199 |g|=3.77e-03 bin=0.523 S_flip=0.063 t=10s
