tag,branch,P,H,seed,iters,stage,lossless,order_opt,runtime_s,lamT,lamCo,sha256_rho,F,Faf,T,co,Rtot,A,Rcross,abs_rx,abs_ry,dphi_deg,phase_err_deg,offdiag,n_islands,min_si_nm,min_gap_nm,edge_clear_nm,fill
D2_P400_H170_multi7,D2,400.0,170.0,multi7,110,ceiling_largeP,False,9,681.1044392585754,2.0,2.0,518aa6b7cb21058c6e8af9079c390dbbe68d42df14f7f4c4f594cee9c2ed0aac,0.6767581701278687,0.6767580509185791,0.006760214921087,0.0002933057548943,0.6770514249801636,0.3161883652210235,0.6767580509185791,0.8397775888442993,0.8055287003517151,-180.0337677001953,0.0337677001953125,2.473667700542137e-05,1,104.16666666666669,4.166666666666667,1.075762880472979,0.4105902777777778
D2_P330_H170_warm~-home-uad7868eb,D2,330.0,170.0,warm:/home/user/ENZ/rtype_perfectR_campaign/mining/seeds/oldB.npy,150,ceiling_largeP,False,9,1128.3059253692627,3.2,2.0,80dc66ebbf49d76eaa0d9bf38e662347df0fc5261b06c6801230de8f59e2c866,0.6355318427085876,0.6355319619178772,0.0107716880738735,0.0265339165925979,0.662065863609314,0.3271624445915222,0.6355319023132324,0.7737025618553162,0.8517723083496094,157.5328369140625,22.4671630859375,4.157126386417076e-05,5,24.0625,113.4375,5.277575759231411,0.2703993055555556
D2_P330_H230_warm~-home-uad7868eb,D2,330.0,230.0,warm:/home/user/ENZ/rtype_perfectR_campaign/mining/seeds/oldB.npy,110,ceiling_largeP,False,9,835.1265153884888,3.2,2.0,f5beab183a165fcaafb2cf7f79d83cea1ca0b28b788b029938e28f9241b44e12,0.6242552399635315,0.624255359172821,0.0318045727908611,0.0013584953267127,0.625613808631897,0.3425816297531128,0.6242552995681763,0.8207107782363892,0.7600404620170593,183.03782653808597,3.037826538085937,0.000165819103131,3,17.1875,3.4375,3.6537109178199785,0.2612847222222222
D2_P278_H260_warm~-home-u792a7aca,D2,278.0,260.0,warm:/home/user/ENZ/rtype_perfectR_campaign/mining/seeds/rect.npy,110,ceiling_theta0,False,7,198.13236618041992,13.107200000000004,8.192000000000002,7a201d20bbfcb05b699e2b9605babd0550b0c3eaf89253948469a372543775d8,0.6174317598342896,0.6174317598342896,0.0084284869953989,0.0024985782802104,0.6199303865432739,0.3716411292552948,0.6174318194389343,0.8113663792610168,0.7625911831855774,186.3596649169922,6.359664916992188,9.774926002137364e-05,3,14.479166666666668,2.895833333333333,2.7721016349211283,0.3033854166666667
D2_P300_H170_warm~-home-uad7868eb,D2,300.0,170.0,warm:/home/user/ENZ/rtype_perfectR_campaign/mining/seeds/oldB.npy,150,ceiling_largeP,False,9,714.1278579235077,2.0,5.120000000000001,25b9ab9aa1ce82c58487be32beb9f0bf787f16da2527d2b43bbdf4621805ddfa,0.6052769422531128,0.6052769422531128,0.0102311894297599,0.0096170958131551,0.6148940324783325,0.3748747706413269,0.6052769422531128,0.7164034247398376,0.8464952707290649,-190.81544494628903,10.815444946289062,0.0003067763173021,3,21.875,3.125,1.518230411415345,0.3224826388888889
D2_P300_H170_multi7,D2,300.0,170.0,multi7,150,ceiling_largeP,False,9,701.449770450592,2.0,2.0,d9f95caa4043105df5be5d94edba4bba1da605cff4cd4cbc88a38b415b0c7619,0.5898662209510803,0.5898662209510803,0.0211081001907587,0.0049611181020736,0.59482741355896,0.3840644955635071,0.5898662209510803,0.7094130516052246,0.8284853100776672,185.6280059814453,5.6280059814453125,2.4959326765383597e-05,1,121.875,15.625,4.552303345363754,0.4071180555555556
D2_P278_H230_warm~-home-ue54944fa,D2,278.0,230.0,warm:/home/user/ENZ/rtype_perfectR_campaign/mining/seeds/newA.npy,110,ceiling_theta0,False,7,147.77914810180664,8.192000000000002,2.0,dfa544a1c384c556e1728ac914fa94af242e2aac4185d44084bf66b0503eca71,0.5854637622833252,0.5854637622833252,0.0100513538345694,0.0056893345899879,0.5911532044410706,0.3987954556941986,0.5854637622833252,0.6933202147483826,0.8376237154006958,176.69325256347656,3.306747436523437,0.000155141329742,1,60.8125,78.1875,9.166423825547028,0.2521701388888889
D2_P272_H230_warm~-home-ue54944fa,D2,272.0,230.0,warm:/home/user/ENZ/rtype_perfectR_campaign/mining/seeds/newA.npy,110,ceiling_theta0,False,7,150.172443151474,8.192000000000002,2.0,90c4472b57c01ef838f508cddffe37b79951ae6c60a8601f04aa7493631d2970,0.5799674987792969,0.5799675583839417,0.0068237925879657,0.0075241159647703,0.5874916911125183,0.4056845307350158,0.5799675583839417,0.6833200454711914,0.8414613008499146,185.3916015625,5.3916015625,0.0002281088673043,1,65.16666666666667,76.5,7.083790539810451,0.2690972222222222
D2_P278_H200_warm~-home-ue54944fa,D2,278.0,200.0,warm:/home/user/ENZ/rtype_perfectR_campaign/mining/seeds/newA.npy,110,ceiling_theta0,False,7,142.73486590385437,2.0,2.0,432ab4ff4e855ba9ec02fbfc3b396c3e1198037e1f531b963a1185c2d1ab78ee,0.5698121786117554,0.5698121786117554,0.0108484653756022,0.0154694598168134,0.5852816700935364,0.4038698673248291,0.5698121786117554,0.6908438205718994,0.8326452970504761,164.51332092285156,15.486679077148438,5.5773034546291456e-05,1,89.77083333333334,78.1875,9.532136780363343,0.2634548611111111
D2_P278_H200_mix~-home-usb24cd6c1,D2,278.0,200.0,mix:/home/user/ENZ/rtype_perfectR_campaign/mining/seeds/newA.npy+/home/user/ENZ/rtype_perfectR_campaign/mining/seeds/oldB.npy,110,ceiling_theta0,False,7,184.56617879867557,2.0,2.0,e72d73a1858baa9e18623a71f42075a2078b1c140e93048287bf5c213803f7c1,0.565791666507721,0.5657916069030762,0.0120004070922732,0.0171416420489549,0.5829333066940308,0.4050662815570831,0.5657916069030762,0.6936635375022888,0.8274645209312439,162.91429138183594,17.085708618164062,7.921300129964948e-05,1,101.35416666666669,95.5625,6.495518517791084,0.2612847222222222
D2_P278_H200_warm~-home-u03248b5c,D2,278.0,200.0,warm:/home/user/ENZ/rtype_perfectR_campaign/mining/seeds/lowT.npy,110,ceiling_theta0,False,7,189.156435251236,2.0,2.0,4e7caee4ae6f4e4130bf30bcf1ea342da9cc5fb15d0ac50b4adac31fbe3ac8b2,0.5648600459098816,0.5648601055145264,0.015175798907876,0.0200031921267509,0.5848633050918579,0.3999609053134918,0.5648601055145264,0.6990035176277161,0.825300395488739,160.81741333007812,19.182586669921875,4.860287299379706e-05,1,107.14583333333334,89.77083333333334,11.304077816736791,0.2651909722222222
D2_P278_H200_warm~-home-uf6d5e931,D2,278.0,200.0,warm:/home/user/ENZ/rtype_perfectR_campaign/mining/seeds/oldA.npy,110,ceiling_theta0,False,7,185.20243763923645,2.0,2.0,4675bd52e9445b001c777c63310f06b4dedf0da4ea40befb97bd6c26fed14e17,0.5646805763244629,0.5646805763244629,0.0179166458547115,0.0188525803387165,0.5835331678390503,0.3985501825809479,0.5646805763244629,0.703269362449646,0.820047914981842,161.1635284423828,18.836471557617188,9.409468475496396e-05,1,107.14583333333334,95.5625,11.826166299738643,0.2621527777777778
D2_P330_H230_multi7,D2,330.0,230.0,multi7,150,ceiling_largeP,False,9,704.504025220871,8.192000000000002,8.192000000000002,6a72713fb6ddc6186396c46aba8b4ec405061ed84d98a781a65548660b9b4511,0.5631567239761353,0.56315678358078,0.036252386868,0.0244218185544013,0.587578535079956,0.3761690855026245,0.5631567239761353,0.788377046585083,0.7440556287765503,-156.69448852539062,23.30551147460937,0.0001292392116738,5,17.1875,65.3125,12.908810857061267,0.26953125
D2_P330_H170_multi7,D2,330.0,170.0,multi7,150,ceiling_largeP,False,9,885.9602558612823,3.2,2.0,0bf8b849860fb4c342aa95f1280ca4cd0cb8ee834edf91b9dc1dd145423b3f2a,0.5627356171607971,0.5627356767654419,0.0365585535764694,0.020734753459692,0.5834704637527466,0.3799709677696228,0.5627356767654419,0.7892904877662659,0.7375373840332031,-158.6011505126953,21.398849487304688,5.1529190386645496e-05,1,140.9375,37.8125,6.507533679900121,0.3467881944444444
D2_P278_H200_warm~-home-u792a7aca,D2,278.0,200.0,warm:/home/user/ENZ/rtype_perfectR_campaign/mining/seeds/rect.npy,110,ceiling_theta0,False,7,184.85248708724976,3.2,3.2,afded9029f8b235cd39e26ababc4503ffcc2c7b148dd4096e0106ae928fead98,0.5600026249885559,0.5600026249885559,0.0146376071497797,0.011494031175971,0.5714966654777527,0.413865715265274,0.5600025653839111,0.6734338998794556,0.8303493857383728,168.78564453125,11.21435546875,4.830329271499068e-05,1,95.5625,89.77083333333334,5.288492166875884,0.2625868055555556
D2_P278_H200_warm~-home-uf77f8f05,D2,278.0,200.0,warm:/home/user/ENZ/rtype_perfectR_campaign/mining/seeds/p258.npy,110,ceiling_theta0,False,7,186.38657689094543,2.0,2.0,0dd807a4387838d30271bd0b07143561528bfbb0cfe034fe226ea1833b54ccc3,0.5599846839904785,0.5599847435951233,0.0054227448999881,0.010652495548129,0.5706372261047363,0.4239400327205658,0.5599846839904785,0.6668834090232849,0.8345902562141418,170.7469940185547,9.253005981445312,0.0001505031686974,1,95.5625,95.5625,5.35915378494218,0.26953125
D2_P272_H200_warm~-home-ue54944fa,D2,272.0,200.0,warm:/home/user/ENZ/rtype_perfectR_campaign/mining/seeds/newA.npy,110,ceiling_theta0,False,7,145.6049952507019,2.0,2.0,c41c4870163cd3002b8db18842dbe6e34ecfca2b31acbe4438946a0a2879f8dc,0.5562122464179993,0.5562121272087097,0.0088475262746214,0.0109810288995504,0.5671932697296143,0.4239591956138611,0.5562121868133545,0.6667690277099609,0.8305453658103943,169.9184112548828,10.081588745117188,0.0001306044869124,1,93.5,76.5,7.083790539810451,0.2786458333333333
D2_P272_H200_warm~-home-u03248b5c,D2,272.0,200.0,warm:/home/user/ENZ/rtype_perfectR_campaign/mining/seeds/lowT.npy,110,ceiling_theta0,False,7,186.6612787246704,2.0,2.0,0b0838a36c4eab25b696cef02dec629eb49b55bcbb7dbe9dd3c89f1f57a36077,0.5549339652061462,0.5549339652061462,0.014007612131536,0.01810959354043,0.573043704032898,0.4129486978054046,0.5549339652061462,0.6827482581138611,0.824586033821106,162.46499633789062,17.535003662109375,0.0001536624185973,1,104.83333333333334,87.83333333333334,7.083790539810451,0.27734375
D2_P272_H200_mix~-home-usb24cd6c1,D2,272.0,200.0,mix:/home/user/ENZ/rtype_perfectR_campaign/mining/seeds/newA.npy+/home/user/ENZ/rtype_perfectR_campaign/mining/seeds/oldB.npy,110,ceiling_theta0,False,7,186.126232624054,2.0,2.0,4d518bd1d32175d0c0d7147e3e8a2756bb10d9d48476040d40a7366f053c9736,0.5525126457214355,0.5525126457214355,0.0141689237207174,0.0175319891422987,0.570044755935669,0.4157863259315491,0.5525126457214355,0.6815851926803589,0.8219069838523865,162.74273681640625,17.25726318359375,9.481994493398815e-05,1,99.16666666666669,93.5,5.4048612133230165,0.2721354166666667
D2_P272_H200_warm~-home-uf6d5e931,D2,272.0,200.0,warm:/home/user/ENZ/rtype_perfectR_campaign/mining/seeds/oldA.npy,110,ceiling_theta0,False,7,188.4428243637085,2.0,2.0,3776d19fd40d1103c99fef472a8ce358b9a652f167e0a9d88add9f3a76897470,0.5516431927680969,0.5516431331634521,0.0187376383692026,0.0205230545252561,0.5721662640571594,0.4090960919857025,0.5516431331634521,0.6870553493499756,0.8199313879013062,160.52870178222656,19.47129821777344,0.0001337826543021,1,104.83333333333334,87.83333333333334,7.083790539810451,0.2738715277777778
D2_P272_H200_warm~-home-u07849f62,D2,272.0,200.0,warm:/home/user/ENZ/rtype_perfectR_campaign/mining/seeds/mirror.npy,110,ceiling_theta0,False,7,189.2799777984619,13.107200000000004,20.97152000000001,c7d0f2f845c4f7cd9a15f2ceefea89f5378baf453f2e2707242f6ed9bf20b6d0,0.5495581030845642,0.549558162689209,0.0230087824165821,0.0068606897257268,0.5564188361167908,0.4205723702907562,0.549558162689209,0.6601477861404419,0.8228259682655334,177.56793212890625,2.43206787109375,0.0001366747601423,1,93.5,31.166666666666668,5.1967065331137405,0.3276909722222222
D2_P272_H200_warm~-home-uf77f8f05,D2,272.0,200.0,warm:/home/user/ENZ/rtype_perfectR_campaign/mining/seeds/p258.npy,110,ceiling_theta0,False,7,188.3147566318512,2.0,3.2,e5b816634dd28be4ff196d930a4f302f821d08b57d35a912d14491b7a3143f80,0.5486704707145691,0.5486704707145691,0.0053219739347696,0.0166715178638696,0.5653420686721802,0.4293359518051147,0.5486705303192139,0.6541500687599182,0.8383148312568665,165.95887756347656,14.041122436523438,0.0001229980989592,1,93.5,2.833333333333333,3.4081328397995776,0.2795138888888889
D2_P272_H200_warm~-home-u792a7aca,D2,272.0,200.0,warm:/home/user/ENZ/rtype_perfectR_campaign/mining/seeds/rect.npy,110,ceiling_theta0,False,7,189.59645986557007,3.2,3.2,ab28116a8d556572363e6bcb81adf12c959b71b14549be46c39d08da4dc7a225,0.5473629832267761,0.5473629832267761,0.0181278605014085,0.0205611027777194,0.5679241418838501,0.4139479994773865,0.5473630428314209,0.67779940366745,0.822457492351532,160.9093017578125,19.0906982421875,7.581405225209892e-05,1,99.16666666666669,93.5,5.822299129658859,0.2734375
D2_P264_H230_warm~-home-u792a7aca,D2,264.0,230.0,warm:/home/user/ENZ/rtype_perfectR_campaign/mining/seeds/rect.npy,110,ceiling_theta0,False,7,196.53107261657715,13.107200000000004,2.0,a0ba93793e4c03e0c602ec7725fc79d480ecaff04e19ce4c00c040d228cfdc50,0.5460860729217529,0.5460860729217529,0.0173599906265735,0.006844793446362,0.5529309511184692,0.4297090470790863,0.5460860729217529,0.6563152074813843,0.8216521143913269,180.5106658935547,0.5106658935546875,0.0002352564624743,1,63.25,68.75,4.266769539767026,0.2721354166666667
D2_P264_H230_warm~-home-ue54944fa,D2,264.0,230.0,warm:/home/user/ENZ/rtype_perfectR_campaign/mining/seeds/newA.npy,110,ceiling_theta0,False,7,151.1523504257202,13.107200000000004,3.2,c28551b66eb02e7f49c48d7d4e8cc82af102c7293b3059c99d60bd6e5039b709,0.5415039658546448,0.5415039658546448,0.0232710782438516,0.0076051806099712,0.549109160900116,0.4276197552680969,0.5415039658546448,0.6509770154953003,0.8212473392486572,182.96221923828125,2.96221923828125,0.0003150314150843,1,63.25,79.75,3.8649866310168335,0.2747395833333333
D2_P300_H170_rand11,D2,300.0,170.0,rand11,150,ceiling_largeP,False,9,775.9049513339996,3.2,2.0,ab46c0dc90d6dc2e956dd89464ef5a0d1df3c2b3b22db5765351aeffea620692,0.5414407849311829,0.5414407849311829,0.0715604200959205,0.0152670266106724,0.5567078590393066,0.3717317283153534,0.5414408445358276,0.8404272198677063,0.6380422115325928,-168.88735961914062,11.112640380859377,7.92719074524939e-05,1,109.375,9.375,3.43415978111949,0.4066840277777778
D2_P264_H230_warm~-home-uf77f8f05,D2,264.0,230.0,warm:/home/user/ENZ/rtype_perfectR_campaign/mining/seeds/p258.npy,110,ceiling_theta0,False,7,193.93432188034055,8.192000000000002,2.0,a02cf82ab326dfe4618c6ebe287b0be06363c25bcaa898317825a78870c76442,0.5402366518974304,0.5402366518974304,0.0141917495056986,0.0075575318187475,0.5477943420410156,0.4380139112472534,0.5402367115020752,0.6550346612930298,0.8164056539535522,174.92703247070312,5.072967529296875,0.0001001572090899,1,63.25,74.25,3.8649866310168335,0.2643229166666667
D2_P278_H200_mix~-home-usd4d2ddf4,D2,278.0,200.0,mix:/home/user/ENZ/rtype_perfectR_campaign/mining/seeds/mirror.npy+/home/user/ENZ/rtype_perfectR_campaign/mining/seeds/oldB.npy,110,ceiling_theta0,False,7,184.64049458503723,2.0,2.0,c8203ec19590a91971b8383a9e5eb1bffa10506758402cebd55b1a1c40999c1b,0.5394551157951355,0.5394551157951355,0.0045203370973467,0.0095847118645906,0.549039900302887,0.4464397728443146,0.5394551753997803,0.6675980687141418,0.8077082633972168,169.3123779296875,10.6876220703125,6.903443136252463e-05,1,72.39583333333334,14.479166666666668,6.996148530569471,0.2964409722222222
D2_P272_H230_warm~-home-u792a7aca,D2,272.0,230.0,warm:/home/user/ENZ/rtype_perfectR_campaign/mining/seeds/rect.npy,110,ceiling_theta0,False,7,193.37679147720337,13.107200000000004,3.2,560bc7bf056e5a6edd524b1e001d2333cba7c270f18b5a8f0b0c2824a4090337,0.5368570685386658,0.5368569493293762,0.0219034701585769,0.0189849101006984,0.5558419227600098,0.4222546219825744,0.5368569493293762,0.6826784610748291,0.8035135269165039,160.7500762939453,19.249923706054688,0.0001649331534281,1,70.83333333333334,70.83333333333334,7.507403569904838,0.2530381944444444
D2_P264_H200_warm~-home-u03248b5c,D2,264.0,200.0,warm:/home/user/ENZ/rtype_perfectR_campaign/mining/seeds/lowT.npy,110,ceiling_theta0,False,7,191.29436230659485,2.0,2.0,dcb1cb3cf9a648995b46d7e476d7a178bbf02606b5f8741d9df66bf9cc4850da,0.5365411639213562,0.5365411043167114,0.018196789547801,0.0174698270857334,0.5540109872817993,0.4277922213077545,0.5365411043167114,0.6625168919563293,0.8179812431335449,163.30075073242188,16.699249267578125,5.010395761928521e-05,1,107.25,2.75,2.866717168040765,0.2912326388888889
D2_P278_H230_warm~-home-uf6d5e931,D2,278.0,230.0,warm:/home/user/ENZ/rtype_perfectR_campaign/mining/seeds/oldA.npy,110,ceiling_theta0,False,7,350.59109902381897,2.0,2.0,5155a2321347eac26c030439ad286cecc09f77ae28053aa7560546498063ef2f,0.5358351469039917,0.5358351469039917,0.0268595088273286,0.0113662406802177,0.54720139503479,0.4259390830993652,0.5358351469039917,0.6926054358482361,0.7840284109115601,164.97947692871094,15.020523071289062,0.0001519440265838,1,60.8125,101.35416666666669,12.953192543952198,0.2391493055555555
D2_P264_H200_warm~-home-uf6d5e931,D2,264.0,200.0,warm:/home/user/ENZ/rtype_perfectR_campaign/mining/seeds/oldA.npy,110,ceiling_theta0,False,7,187.11652064323425,2.0,2.0,e8f4ba3e24f66b6c2bffb19537ec8063067b0798e042532c6128b4b42b4ca1b6,0.5356591939926147,0.5356591939926147,0.0163995120674371,0.0149071356281638,0.5505663752555847,0.4330341219902038,0.5356591939926147,0.6592679023742676,0.8163936734199524,165.36187744140625,14.63812255859375,6.254615436773747e-05,1,107.25,8.25,2.866717168040765,0.2934027777777778
D2_P278_H230_warm~-home-u03248b5c,D2,278.0,230.0,warm:/home/user/ENZ/rtype_perfectR_campaign/mining/seeds/lowT.npy,110,ceiling_theta0,False,7,338.3227710723877,2.0,2.0,9915d48ec944b4ae5af8276a770df49115c39a2a95d257b6131802917cf63153,0.5352862477302551,0.5352862477302551,0.030354093760252,0.0104277562350034,0.5457140207290649,0.4239318966865539,0.5352862477302551,0.6903440356254578,0.7841257452964783,165.83531188964844,14.164688110351562,8.869776502251625e-05,1,60.8125,101.35416666666669,12.953192543952198,0.2369791666666666
D2_P278_H170_warm~-home-uf77f8f05,D2,278.0,170.0,warm:/home/user/ENZ/rtype_perfectR_campaign/mining/seeds/p258.npy,110,ceiling_theta0,False,7,181.0674510002136,13.107200000000004,13.107200000000004,debca779c5a6e71c38845e8970b622e5c2976e3f216282dbce248a29e22f5b0c,0.5337210297584534,0.5337210297584534,0.0709939897060394,0.0554605275392532,0.5891815423965454,0.3398244678974151,0.5337210893630981,0.7356974482536316,0.7981932163238525,-215.46832275390625,35.46832275390625,0.0001205107546411,1,89.77083333333334,2.895833333333333,2.7721016349211283,0.2747395833333333
D2_P278_H170_mix~-home-usb24cd6c1,D2,278.0,170.0,mix:/home/user/ENZ/rtype_perfectR_campaign/mining/seeds/newA.npy+/home/user/ENZ/rtype_perfectR_campaign/mining/seeds/oldB.npy,110,ceiling_theta0,False,7,179.8173189163208,13.107200000000004,20.97152000000001,000e79e602b43a908fb8d039a1414d4256d9180825af3ea120a3b6e60ce1c7f2,0.533685028553009,0.533685028553009,0.0708028301596641,0.055105984210968,0.5887910723686218,0.3404060900211334,0.5336849689483643,0.7368229627609253,0.796664297580719,-215.3833770751953,35.38337707519531,0.0002382148231845,1,89.77083333333334,2.895833333333333,2.7721016349211283,0.2743055555555556
D2_P278_H170_warm~-home-ue54944fa,D2,278.0,170.0,warm:/home/user/ENZ/rtype_perfectR_campaign/mining/seeds/newA.npy,110,ceiling_theta0,False,7,139.2633728981018,8.192000000000002,13.107200000000004,07e8f2b9225827b1b4a15a91f076bb89efa61caaa921781ad53ceaae8c701e24,0.5335367321968079,0.5335367321968079,0.0768333673477172,0.052008718252182,0.5855454802513123,0.3376211524009704,0.5335366725921631,0.7422390580177307,0.7875100374221802,-214.53302001953125,34.53302001953125,0.0002654277777764,1,89.77083333333334,2.895833333333333,2.7721016349211283,0.2721354166666667
D2_P272_H230_warm~-home-uf77f8f05,D2,272.0,230.0,warm:/home/user/ENZ/rtype_perfectR_campaign/mining/seeds/p258.npy,110,ceiling_theta0,False,7,190.5966215133667,8.192000000000002,2.0,9abf916d94c1f00bc07c218bdf814b9a5ba5921fb5913727df88606b8154048b,0.5329276323318481,0.5329276323318481,0.037195861339569,0.0140383392572402,0.546966016292572,0.4158381223678589,0.5329276323318481,0.6625311970710754,0.8093110918998718,194.59593200683597,14.595932006835938,4.3282791011733934e-05,2,53.833333333333336,82.16666666666667,5.4048612133230165,0.2625868055555556
D2_P278_H230_warm~-home-uf77f8f05,D2,278.0,230.0,warm:/home/user/ENZ/rtype_perfectR_campaign/mining/seeds/p258.npy,110,ceiling_theta0,False,7,345.6952011585236,5.120000000000001,2.0,cb39927e2b7060bb049ad18528132232b97385176dcf3703adb663e53bc005dc,0.5322319269180298,0.5322318077087402,0.0350495986640453,0.0256975907832384,0.5579293966293335,0.407021015882492,0.5322318077087402,0.6767135858535767,0.8111211657524109,202.65773010253903,22.657730102539062,4.506676486926153e-05,2,55.020833333333336,83.97916666666667,6.495518517791084,0.2608506944444444
D2_P264_H200_mix~-home-usb24cd6c1,D2,264.0,200.0,mix:/home/user/ENZ/rtype_perfectR_campaign/mining/seeds/newA.npy+/home/user/ENZ/rtype_perfectR_campaign/mining/seeds/oldB.npy,110,ceiling_theta0,False,7,191.71588373184204,2.0,2.0,c0cc5323cea61f79d568e4bae985844b113c99381470e112fff9373968654fe3,0.5294403433799744,0.5294404029846191,0.0227613318711519,0.0193201564252376,0.5487605333328247,0.4284781217575073,0.5294404029846191,0.6669554114341736,0.8078932762145996,161.21266174316406,18.787338256835938,0.0001638378889765,1,101.75,90.75,3.8649866310168335,0.2890625
D2_P278_H170_warm~-home-uf6d5e931,D2,278.0,170.0,warm:/home/user/ENZ/rtype_perfectR_campaign/mining/seeds/oldA.npy,110,ceiling_theta0,False,7,178.99252653121948,13.107200000000004,20.97152000000001,d30e2b01d8b079d15c8d847764e7a93c2e6d5f6cef41a5862d6f71eab20f36be,0.5285455584526062,0.5285455584526062,0.0770239830017089,0.0576438196003437,0.5861893892288208,0.3367866277694702,0.5285455584526062,0.7240725755691528,0.8050451874732971,-216.11410522460935,36.114105224609375,0.0002048933238256,1,95.5625,2.895833333333333,2.7721016349211283,0.27734375
D2_P278_H260_warm~-home-uf6d5e931,D2,278.0,260.0,warm:/home/user/ENZ/rtype_perfectR_campaign/mining/seeds/oldA.npy,110,ceiling_theta0,False,7,196.4229211807251,13.107200000000004,5.120000000000001,579bec162b0d3d9f2a9e819dd19d565a01f0430ba297f5c96772e2d0d9892a74,0.527342677116394,0.527342677116394,0.0416423939168453,0.0043854638934135,0.531728208065033,0.4266293942928314,0.527342677116394,0.7092345952987671,0.7486271858215332,170.04441833496094,9.955581665039062,5.423726179287769e-05,1,55.020833333333336,101.35416666666669,14.015502789092553,0.2282986111111111
D2_P264_H200_warm~-home-u792a7aca,D2,264.0,200.0,warm:/home/user/ENZ/rtype_perfectR_campaign/mining/seeds/rect.npy,110,ceiling_theta0,False,7,187.52218317985532,2.0,5.120000000000001,7d4d34e2e3c7ddcc1bb2899832e75cc5535bf732908facf2b048a5d63e085bb0,0.5264042019844055,0.5264042019844055,0.0237453989684581,0.0136219374835491,0.5400261878967285,0.4362284243106842,0.5264041423797607,0.6485692262649536,0.8120408058166504,166.81556701660156,13.184432983398438,8.107479516183957e-05,1,101.75,85.25,4.266769539767026,0.2947048611111111
D2_P278_H260_warm~-home-ue54944fa,D2,278.0,260.0,warm:/home/user/ENZ/rtype_perfectR_campaign/mining/seeds/newA.npy,110,ceiling_theta0,False,7,152.1046757698059,20.97152000000001,13.107200000000004,af7992c2842de561a3f51557e6bfc8b8fa479080d67263a0c485f759d3dc8c10,0.5255914926528931,0.5255916118621826,0.0440308004617691,0.0047454079613089,0.5303369760513306,0.4256322383880615,0.5255916118621826,0.6922399401664734,0.7625467777252197,170.6459197998047,9.354080200195312,0.0006373361684381,1,55.020833333333336,26.0625,13.179973190700352,0.2170138888888889
D2_P264_H290_multi7,D2,264.0,290.0,multi7,110,ceiling_theta0,False,7,162.86598563194275,20.97152000000001,20.97152000000001,d30c9675642cdc1241b9863745a0db4d2d83278a3c933d11c28c5b1d4482e147,0.5252179503440857,0.5252178907394409,0.0205410439521074,0.0336284004151821,0.5588463544845581,0.4206126034259796,0.5252178907394409,0.8012093305587769,0.6897508502006531,207.18478393554688,27.184783935546875,0.0002477144880685,3,30.25,2.75,2.2060269439200937,0.3302951388888889
D2_P278_H230_warm~-home-u792a7aca,D2,278.0,230.0,warm:/home/user/ENZ/rtype_perfectR_campaign/mining/seeds/rect.npy,110,ceiling_theta0,False,7,360.2139871120453,20.97152000000001,13.107200000000004,ed437121bdc46da981ca142f4985ef07103e4584021b4484a05e6227a702afc2,0.5248516201972961,0.5248516201972961,0.0321321114897728,0.0246500633656978,0.5495016574859619,0.4183662235736847,0.5248515605926514,0.709841787815094,0.7714453935623169,155.98463439941406,24.015365600585938,0.0002454342902638,5,14.479166666666668,2.895833333333333,2.7721016349211283,0.2621527777777778
D2_P278_H170_mix~-home-usd4d2ddf4,D2,278.0,170.0,mix:/home/user/ENZ/rtype_perfectR_campaign/mining/seeds/mirror.npy+/home/user/ENZ/rtype_perfectR_campaign/mining/seeds/oldB.npy,110,ceiling_theta0,False,7,176.46398377418518,2.0,3.2,b7ef8166c082c3707b26d4d9674fa68277962e3409e9b52bf765ba8773adb1a1,0.5236998200416565,0.5236998200416565,0.0303140114992856,0.0175595302134752,0.5412593483924866,0.4284266531467438,0.5236998796463013,0.5925242900848389,0.8552389144897461,182.81051635742188,2.810516357421875,0.0001518826757092,1,124.52083333333334,8.6875,3.1184677667037164,0.42578125
D2_P272_H170_warm~-home-ue54944fa,D2,272.0,170.0,warm:/home/user/ENZ/rtype_perfectR_campaign/mining/seeds/newA.npy,110,ceiling_theta0,False,7,137.97344827651978,20.97152000000001,33.55443200000001,540a2dffc0210e98c21712001576c720682d0384b64d0e3223f0af3a2bfacac1,0.5231838226318359,0.5231837034225464,0.0732569247484207,0.0633366554975509,0.5865204334259033,0.3402226567268371,0.5231838226318359,0.7321510314941406,0.7981200814247131,-218.0990447998047,38.09904479980469,0.0003165411762893,1,87.83333333333334,2.833333333333333,0.5083566751987831,0.2842881944444444
D2_P272_H170_warm~-home-uad7868eb,D2,272.0,170.0,warm:/home/user/ENZ/rtype_perfectR_campaign/mining/seeds/oldB.npy,110,ceiling_theta0,False,7,138.21818327903748,20.97152000000001,33.55443200000001,31c7df906e97a6f52615f047e3ebfe4e1550a8fb7febbf70c542f354d006a6b0,0.5223748087882996,0.5223747491836548,0.0834690779447555,0.057308480143547,0.5796833038330078,0.3368476033210754,0.5223747491836548,0.7313445806503296,0.7902541756629944,-216.42013549804688,36.42013549804688,0.0002360788785154,1,87.83333333333334,2.833333333333333,0.5083566751987831,0.2838541666666667
D2_P278_H170_warm~-home-u03248b5c,D2,278.0,170.0,warm:/home/user/ENZ/rtype_perfectR_campaign/mining/seeds/lowT.npy,110,ceiling_theta0,False,7,182.77868700027463,13.107200000000004,20.97152000000001,02045c2e2ae1316016d47940918e624ca766738e4a84c268ba0192e832836444,0.5208964347839355,0.5208964347839355,0.0786546170711517,0.0665511861443519,0.5874476432800293,0.3338977396488189,0.5208964347839355,0.7161123156547546,0.8136820793151855,-218.7631683349609,38.76316833496094,6.722421676386148e-05,1,101.35416666666669,2.895833333333333,2.7721016349211283,0.2786458333333333
D2_P278_H230_mix~-home-usd4d2ddf4,D2,278.0,230.0,mix:/home/user/ENZ/rtype_perfectR_campaign/mining/seeds/mirror.npy+/home/user/ENZ/rtype_perfectR_campaign/mining/seeds/oldB.npy,110,ceiling_theta0,False,7,191.39073395729065,8.192000000000002,5.120000000000001,4123fe500343bd257c8bc1e3c6c8c8f6fa4f498393c53cc85c3c0497cbdae865,0.5207538604736328,0.520753800868988,0.0486725121736526,0.006360100582242,0.5271139740943909,0.4242135286331177,0.5207538604736328,0.6983827352523804,0.7526549696922302,168.1259765625,11.8740234375,0.0001237630203831,1,55.020833333333336,20.270833333333336,13.179973190700352,0.2452256944444444
D2_P278_H260_warm~-home-u03248b5c,D2,278.0,260.0,warm:/home/user/ENZ/rtype_perfectR_campaign/mining/seeds/lowT.npy,110,ceiling_theta0,False,7,193.13225889205933,13.107200000000004,8.192000000000002,345bebe04e42e7b4990993544194716a8903357b8360daef483beedcf9f05830,0.5200018286705017,0.5200018286705017,0.0427982807159423,0.0068406565114855,0.5268425941467285,0.4303591251373291,0.5200018882751465,0.6963919401168823,0.7541375160217285,167.72105407714844,12.278945922851562,9.989109821617605e-05,1,55.020833333333336,101.35416666666669,12.953192543952198,0.2256944444444444
D2_P264_H200_warm~-home-ue54944fa,D2,264.0,200.0,warm:/home/user/ENZ/rtype_perfectR_campaign/mining/seeds/newA.npy,110,ceiling_theta0,False,7,146.8844392299652,2.0,2.0,222932b59d2a25824ca5af7836c978179145ab5a165a346ded3dfa1c9f2b634d,0.5194602608680725,0.519460141658783,0.0292842574417591,0.0125634651631116,0.5320236682891846,0.4386920630931854,0.519460141658783,0.6340234279632568,0.8136717081069946,169.287841796875,10.712158203125,0.0001729808864183,1,96.25,8.25,4.333872659081777,0.2947048611111111
D2_P272_H170_mix~-home-usd4d2ddf4,D2,272.0,170.0,mix:/home/user/ENZ/rtype_perfectR_campaign/mining/seeds/mirror.npy+/home/user/ENZ/rtype_perfectR_campaign/mining/seeds/oldB.npy,110,ceiling_theta0,False,7,182.75408244133,2.0,8.192000000000002,f1a51633129fcaee5adea317239a6a3557148f3f8904893258b9c89e9ca33511,0.5190057754516602,0.5190058350563049,0.0140670677646994,0.0211509056389331,0.5401566624641418,0.4457762837409973,0.5190057754516602,0.5953203439712524,0.8520017862319946,168.9762420654297,11.023757934570312,7.701636059209704e-05,1,127.5,2.833333333333333,1.7136382015483207,0.44140625
D2_P400_H230_multi7,D2,400.0,230.0,multi7,110,ceiling_largeP,False,9,714.3086667060852,3.2,3.2,8a4cf966963647ae3fb85ffd52ea92148520e2857cbbce927ec3f498cd44a3e0,0.5175920128822327,0.5175920128822327,0.0187795683741569,0.0630113333463668,0.5806033611297607,0.4006170630455017,0.5175920724868774,0.864654004573822,0.6431020498275757,215.1645050048828,35.16450500488281,0.0001870487612904,2,70.83333333333334,12.5,4.891043778741761,0.3528645833333333
D2_P278_H260_mix~-home-usb24cd6c1,D2,278.0,260.0,mix:/home/user/ENZ/rtype_perfectR_campaign/mining/seeds/newA.npy+/home/user/ENZ/rtype_perfectR_campaign/mining/seeds/oldB.npy,110,ceiling_theta0,False,7,200.16811847686768,13.107200000000004,5.120000000000001,3768f40b189017cb1a2916dec3d097c84f447e41c12db80f38c84b753f94cc2c,0.5166585445404053,0.51665860414505,0.0338477715849876,0.0073551870882511,0.5240137577056885,0.4421384632587433,0.51665860414505,0.6852042078971863,0.7606068253517151,167.7494354248047,12.250564575195312,0.0001201133491122,1,49.22916666666667,95.5625,8.58369340459295,0.2252604166666666
D2_P272_H230_warm~-home-u03248b5c,D2,272.0,230.0,warm:/home/user/ENZ/rtype_perfectR_campaign/mining/seeds/lowT.npy,110,ceiling_theta0,False,7,192.30033993721008,2.0,2.0,21885c99fe727d8afa1cee147257954a956acda41885756bb9144de0c5c249f8,0.5166199803352356,0.5166200995445251,0.0417694002389907,0.0102795325219631,0.526899516582489,0.4313310980796814,0.5166200399398804,0.6804018616676331,0.7686691880226135,165.4980010986328,14.501998901367188,0.0002054843789665,1,59.5,99.16666666666669,9.72175764228558,0.2452256944444444
D2_P278_H230_mix~-home-usb24cd6c1,D2,278.0,230.0,mix:/home/user/ENZ/rtype_perfectR_campaign/mining/seeds/newA.npy+/home/user/ENZ/rtype_perfectR_campaign/mining/seeds/oldB.npy,110,ceiling_theta0,False,7,192.7849292755127,2.0,3.2,1e15ba264db5a4d0916b8638db860d90cf1fcdea39bbdbd5e73b7d9809045f5a,0.5138230323791504,0.5138230323791504,0.0431303568184375,0.0104708075523376,0.5242939591407776,0.4325756728649139,0.5138230919837952,0.6953098177909851,0.7517526745796204,164.36183166503906,15.638168334960938,0.0002634352713357,1,72.39583333333334,101.35416666666669,12.953192543952198,0.2282986111111111
D2_P264_H200_warm~-home-uf77f8f05,D2,264.0,200.0,warm:/home/user/ENZ/rtype_perfectR_campaign/mining/seeds/p258.npy,110,ceiling_theta0,False,7,191.5345540046692,2.0,3.2,d4a2a7519dc1589a13d1d209f55c987256b48b2cf9aef29cc2684d6f800fdd87,0.5121634006500244,0.5121634602546692,0.0253240093588829,0.0127906240522861,0.5249541401863098,0.4497218430042267,0.512163519859314,0.6108357310295105,0.8226712346076965,173.58734130859375,6.41265869140625,7.301297591766343e-05,1,90.75,2.75,2.866717168040765,0.2947048611111111
D2_P272_H230_warm~-home-uf6d5e931,D2,272.0,230.0,warm:/home/user/ENZ/rtype_perfectR_campaign/mining/seeds/oldA.npy,110,ceiling_theta0,False,7,194.72388529777527,2.0,2.0,efa62d26bc3124dbaf625714a40972a24a10769bb302eabb0b9bce478682b0f0,0.5118107199668884,0.5118107199668884,0.0423199087381362,0.0116973258554935,0.5235080718994141,0.4341720342636108,0.5118107199668884,0.6804627180099487,0.764190137386322,164.10206604003906,15.897933959960938,0.0001255618117284,1,65.16666666666667,99.16666666666669,10.736363907023048,0.24609375
D2_P264_H170_warm~-home-uad7868eb,D2,264.0,170.0,warm:/home/user/ENZ/rtype_perfectR_campaign/mining/seeds/oldB.npy,110,ceiling_theta0,False,7,138.84234285354614,33.55443200000001,40.0,e576e6204c056d3d9881e441c5c1057126b1942ea4cdeba912e354b03a306b9d,0.5112062096595764,0.5112061500549316,0.0858038589358329,0.101548932492733,0.6127551794052124,0.301440954208374,0.5112061500549316,0.7981184124946594,0.7671488523483276,-228.00442504882807,48.004425048828125,7.375073619186878e-05,1,90.75,2.75,1.026269138222517,0.2894965277777778
D2_P272_H200_mix~-home-usd4d2ddf4,D2,272.0,200.0,mix:/home/user/ENZ/rtype_perfectR_campaign/mining/seeds/mirror.npy+/home/user/ENZ/rtype_perfectR_campaign/mining/seeds/oldB.npy,110,ceiling_theta0,False,7,187.52568912506104,2.0,2.0,6bf220599dbf043fe186e4adb2b4c41b85d05e381a2b1bb1a465558894e5e115,0.508711576461792,0.5087116956710815,0.0085458448156714,0.0025116568431258,0.511223316192627,0.480230838060379,0.5087116360664368,0.6669188737869263,0.7600433230400085,177.01612854003906,2.983871459960937,0.0001374515995848,1,116.16666666666669,93.5,6.521411511924086,0.3111979166666667
D2_P264_H170_warm~-home-ue54944fa,D2,264.0,170.0,warm:/home/user/ENZ/rtype_perfectR_campaign/mining/seeds/newA.npy,110,ceiling_theta0,False,7,139.38395476341248,33.55443200000001,40.0,5fcef904a6b723e17014914b25901c3f9c47c0015be3bd6436cb45d5af80814b,0.5085620284080505,0.5085621476173401,0.1061360985040664,0.0902959704399108,0.5988582372665405,0.2950056791305542,0.5085622072219849,0.8054513335227966,0.7409210801124573,-225.5026397705078,45.50263977050781,0.000742130272556,1,85.25,2.75,1.026269138222517,0.2860243055555556
D2_P264_H230_warm~-home-u03248b5c,D2,264.0,230.0,warm:/home/user/ENZ/rtype_perfectR_campaign/mining/seeds/lowT.npy,110,ceiling_theta0,False,7,208.227867603302,5.120000000000001,2.0,aada39bed0d05cfcb5839d731b798249e743e92b0155e09b606ff524592ec01e,0.5070478916168213,0.5070478916168213,0.0303117297589778,0.0064007956534624,0.5134487748146057,0.4562394917011261,0.5070478916168213,0.651599109172821,0.7760902643203735,171.89395141601562,8.106048583984375,0.0003358629182912,1,63.25,8.25,2.866717168040765,0.2682291666666667
D2_P264_H230_warm~-home-uf6d5e931,D2,264.0,230.0,warm:/home/user/ENZ/rtype_perfectR_campaign/mining/seeds/oldA.npy,110,ceiling_theta0,False,7,195.53694224357605,5.120000000000001,2.0,a26bf3fdbebcdee9682917248b7894c760c0308b491bc32e8e3979029806d4ae,0.5035792589187622,0.5035791397094727,0.0336662642657756,0.00608984939754,0.5096690654754639,0.4566646814346313,0.5035791993141174,0.652629017829895,0.7703334093093872,171.71051025390625,8.28948974609375,0.0001782358740456,1,63.25,8.25,2.866717168040765,0.2673611111111111
D2_P272_H170_multi7,D2,272.0,170.0,multi7,110,ceiling_theta0,False,7,137.11548256874084,5.120000000000001,8.192000000000002,ca4b8624d08d8ccb785df61b13d118187621ec08729b5994103b98d2fcec94ab,0.5028733611106873,0.5028733611106873,0.0320049859583377,0.0144154857844114,0.5172889232635498,0.4507060945034027,0.502873420715332,0.8268780708312988,0.5923263430595398,-184.21339416503903,4.213394165039063,9.730261808726937e-05,1,138.83333333333334,2.833333333333333,0.5083566751987831,0.4592013888888889
D2_P278_H260_warm~-home-uf77f8f05,D2,278.0,260.0,warm:/home/user/ENZ/rtype_perfectR_campaign/mining/seeds/p258.npy,110,ceiling_theta0,False,7,196.83691430091855,33.55443200000001,8.192000000000002,36971408ff959c2678131fdd670ae3af55701977cd66b9e93a3895702f520bcb,0.5022100806236267,0.5022100806236267,0.0417187847197055,0.0142881739884614,0.5164982676506042,0.4417829513549804,0.5022100806236267,0.7191457152366638,0.7182102203369141,160.8518829345703,19.148117065429688,0.0003525006759446,1,66.60416666666667,78.1875,12.275612515975013,0.2109375
D2_P272_H260_warm~-home-ue54944fa,D2,272.0,260.0,warm:/home/user/ENZ/rtype_perfectR_campaign/mining/seeds/newA.npy,110,ceiling_theta0,False,7,150.90764093399048,33.55443200000001,20.97152000000001,f243b1128e03d3aed26ade619b825a354df6ef165bc2b7b0463ddb0b2f2efb73,0.5018597841262817,0.5018597841262817,0.0592945888638496,0.0002257635205751,0.5020855665206909,0.43861985206604,0.5018597841262817,0.7046476006507874,0.7124906182289124,177.6541748046875,2.3458251953125,0.0002711767156142,1,65.16666666666667,70.83333333333334,9.002666202369895,0.21875
D2_P272_H230_mix~-home-usb24cd6c1,D2,272.0,230.0,mix:/home/user/ENZ/rtype_perfectR_campaign/mining/seeds/newA.npy+/home/user/ENZ/rtype_perfectR_campaign/mining/seeds/oldB.npy,110,ceiling_theta0,False,7,191.58799362182617,3.2,3.2,bb4e7db137a96b1b45588e73fc888dd7083b2d36de2d795112a171b89ea785fc,0.4979419708251953,0.4979419708251953,0.0391906164586544,0.0160640478134155,0.5140060186386108,0.4468033611774444,0.4979419708251953,0.68270343542099,0.749618649482727,160.3213348388672,19.67866516113281,0.0001838388270698,1,70.83333333333334,99.16666666666669,10.66358262114906,0.2426215277777778
D2_P264_H200_mix~-home-usd4d2ddf4,D2,264.0,200.0,mix:/home/user/ENZ/rtype_perfectR_campaign/mining/seeds/mirror.npy+/home/user/ENZ/rtype_perfectR_campaign/mining/seeds/oldB.npy,110,ceiling_theta0,False,7,184.8492681980133,2.0,2.0,876f6a6c0b206f30431d5e402fe7212dc08210913d0cd79d9535874b1e8b95f7,0.4881733655929565,0.4881733655929565,0.0152935944497585,0.0020397948101162,0.4902132153511047,0.4944931864738464,0.4881733655929565,0.654568076133728,0.7429448366165161,181.5343475341797,1.5343475341796875,0.0001703288144199,1,118.25,85.25,3.73137570359566,0.3289930555555556
D2_P252_H200_rand11,D2,252.0,200.0,rand11,110,ceiling_theta0,False,7,147.46055674552915,5.120000000000001,2.0,87240560ce63188cb995e01aea980b8c805eb2c7822fc219a3dbd1ed8a89a3aa,0.487274169921875,0.487274169921875,0.0252578891813755,0.0095162652432918,0.4967904984951019,0.4779515862464905,0.4872741103172302,0.6083755493164062,0.7895949482917786,174.02198791503906,5.9780120849609375,0.0001266341278096,1,107.625,2.625,0.734376107056832,0.3298611111111111
D2_P252_H200_warm~-home-uad7868eb,D2,252.0,200.0,warm:/home/user/ENZ/rtype_perfectR_campaign/mining/seeds/oldB.npy,110,ceiling_theta0,False,7,147.4736349582672,3.2,5.120000000000001,8b9de638337cbe9c900a50ab37a48ac0260efe76a648eb2ac7b6883aceb2fd04,0.4855555593967438,0.4855554699897766,0.0363742411136627,0.0247072260826826,0.5102627277374268,0.4533630311489105,0.4855554699897766,0.6273418068885803,0.7918128967285156,158.08682250976562,21.91317749023437,0.0001524588296888,1,102.375,2.625,2.0545936604025457,0.3168402777777778
D2_P252_H200_mix~-home-usd4d2ddf4,D2,252.0,200.0,mix:/home/user/ENZ/rtype_perfectR_campaign/mining/seeds/mirror.npy+/home/user/ENZ/rtype_perfectR_campaign/mining/seeds/oldB.npy,110,ceiling_theta0,False,7,195.80036306381223,3.2,5.120000000000001,8034689fbb87922ea3fb823ab39ce61dbae6ab1a10786cf7e37277c239acd98d,0.4854853749275207,0.4854853749275207,0.0431288257241249,0.0227007567882537,0.5081862211227417,0.448684960603714,0.4854853749275207,0.6237742304801941,0.7920088768005371,159.51194763183594,20.488052368164062,9.096045687329024e-05,1,102.375,2.625,2.3712960930675564,0.3159722222222222
D2_P272_H230_mix~-home-usd4d2ddf4,D2,272.0,230.0,mix:/home/user/ENZ/rtype_perfectR_campaign/mining/seeds/mirror.npy+/home/user/ENZ/rtype_perfectR_campaign/mining/seeds/oldB.npy,110,ceiling_theta0,False,7,191.06004095077515,8.192000000000002,5.120000000000001,f9066e332dcfb90839eeb1cfbc22d4117b178b0e2743a584ae9980714325ff23,0.4851022064685821,0.4851022064685821,0.0533273480832576,0.0022676151711493,0.4873698353767395,0.4593028128147125,0.4851021766662597,0.677466869354248,0.718177080154419,172.9231719970703,7.076828002929688,0.0002174603432649,1,59.5,19.833333333333336,10.66358262114906,0.2565104166666667
D2_P252_H200_warm~-home-ue54944fa,D2,252.0,200.0,warm:/home/user/ENZ/rtype_perfectR_campaign/mining/seeds/newA.npy,110,ceiling_theta0,False,7,146.7746558189392,13.107200000000004,5.120000000000001,28567bd640f957e909360add78ecef72230b46c9c9833b8e07ea1c11066a4937,0.4812396466732025,0.4812396466732025,0.0373459756374359,0.0182866118848323,0.4995262622833252,0.4631277620792389,0.4812396168708801,0.6081717610359192,0.7932084202766418,163.6730499267578,16.326950073242188,0.0002081309794448,1,97.125,2.625,1.8018930452546729,0.3233506944444444
D2_P252_H230_warm~-home-ue54944fa,D2,252.0,230.0,warm:/home/user/ENZ/rtype_perfectR_campaign/mining/seeds/newA.npy,110,ceiling_theta0,False,7,150.56431031227112,13.107200000000004,3.2,0f7754f2f26f3fcad016ce1d4c07f4f7caf00853ad1b8979923db1a2bf85d6b9,0.4808503687381744,0.4808503687381744,0.0399011336266994,0.0120303779840469,0.4928807914257049,0.4672180414199829,0.4808503985404968,0.6317029595375061,0.7659718990325928,165.67393493652344,14.326065063476562,7.488310802727938e-05,1,65.625,2.625,2.879949535250404,0.29296875
D2_P264_H230_mix~-home-usd4d2ddf4,D2,264.0,230.0,mix:/home/user/ENZ/rtype_perfectR_campaign/mining/seeds/mirror.npy+/home/user/ENZ/rtype_perfectR_campaign/mining/seeds/oldB.npy,110,ceiling_theta0,False,7,191.66877579689023,13.107200000000004,5.120000000000001,0f7c0aca6374738d64f2db233e3a9d6a7e8430d3e1956fecbd7ac579fe3e1f7d,0.4804903566837311,0.4804903566837311,0.0533549897372722,0.0178996883332729,0.4983901381492615,0.4482548832893371,0.4804903864860534,0.6495935916900635,0.7581612467765808,159.93048095703125,20.06951904296875,6.720444798702374e-05,1,52.25,19.25,3.8649866310168335,0.2643229166666667
D2_P272_H170_rand11,D2,272.0,170.0,rand11,110,ceiling_theta0,False,7,136.1496067047119,2.0,3.2,d9fe7f758fa3d13c756c915ddf1604893e911c4a3add9439c2afa28403bd30d4,0.479884535074234,0.479884535074234,0.03876768425107,0.0263625383377075,0.5062470436096191,0.4549852609634399,0.4798845052719116,0.5582839250564575,0.8371458053588867,193.9799041748047,13.979904174804688,0.0001003116412903,1,133.16666666666669,2.833333333333333,0.5083566751987831,0.4592013888888889
D2_P264_H230_mix~-home-usb24cd6c1,D2,264.0,230.0,mix:/home/user/ENZ/rtype_perfectR_campaign/mining/seeds/newA.npy+/home/user/ENZ/rtype_perfectR_campaign/mining/seeds/oldB.npy,110,ceiling_theta0,False,7,211.29566383361816,8.192000000000002,2.0,8cba14816284dcc7f6ed85c2f3263083918425a07846fcef492207c7ab78d485,0.4780119359493255,0.4780119359493255,0.0497739799320697,0.0036977748386561,0.4817097187042236,0.4685162901878357,0.4780119359493255,0.6563124060630798,0.7298448085784912,171.97393798828125,8.02606201171875,0.0002719585609156,1,74.25,90.75,5.68442943594998,0.2604166666666667
D2_P272_H260_warm~-home-uad7868eb,D2,272.0,260.0,warm:/home/user/ENZ/rtype_perfectR_campaign/mining/seeds/oldB.npy,110,ceiling_theta0,False,7,151.04495477676392,13.107200000000004,8.192000000000002,4183c4abb77a7f4210090e7d62889c6e4df2afa6062bd7210c4529282452b93b,0.4776972234249115,0.4776973128318786,0.0611330494284629,0.0142947426065802,0.4919920265674591,0.4468749463558197,0.4776973128318786,0.6799381375312805,0.7222659587860107,160.6666717529297,19.333328247070312,0.0002601461892481,1,48.16666666666667,93.5,13.389268915946658,0.2326388888888889
D2_P400_H230_warm~-home-uad7868eb,D2,400.0,230.0,warm:/home/user/ENZ/rtype_perfectR_campaign/mining/seeds/oldB.npy,110,ceiling_largeP,False,9,713.4043021202087,13.107200000000004,8.192000000000002,4e4a29900db561be5b6b245012a7a35f8e692076787fe85d98adee275ef91f52,0.4772817492485046,0.4772816598415375,0.0822971314191818,0.0375645272433757,0.5148462653160095,0.4028565883636474,0.4772816896438598,0.6178418397903442,0.8049620985984802,-207.85421752929688,27.854217529296875,9.10418966668658e-05,1,162.5,4.166666666666667,3.738027215364952,0.3307291666666667
D2_P278_H140_warm~-home-uad7868eb,D2,278.0,140.0,warm:/home/user/ENZ/rtype_perfectR_campaign/mining/seeds/oldB.npy,110,ceiling_theta0,False,7,138.17702269554138,40.0,40.0,2ccb15b869c07c32ca595526f8a5138fe2184f425c20c0d7c423303a7b4b07df,0.4737738966941833,0.4737739861011505,0.1100989207625389,0.1640660464763641,0.6378400325775146,0.2520610392093658,0.4737739562988281,0.8738875389099121,0.7155421376228333,-240.31097412109372,60.31097412109375,0.0002644548658281,1,95.5625,2.895833333333333,0.2391164648426382,0.2877604166666667
D2_P278_H140_warm~-home-ue54944fa,D2,278.0,140.0,warm:/home/user/ENZ/rtype_perfectR_campaign/mining/seeds/newA.npy,110,ceiling_theta0,False,7,138.08079624176025,40.0,40.0,b847edbf35f26c38d0674441bfa3c1696294ce5127a4ac0fd98f1494b4109b31,0.4727832973003387,0.4727832973003387,0.1118516698479652,0.1653964668512344,0.6381797790527344,0.2499685585498809,0.4727832674980163,0.8779664039611816,0.7110095024108887,-240.50051879882807,60.500518798828125,0.0001387794036418,1,89.77083333333334,2.895833333333333,0.510447859556848,0.2855902777777778
D2_P252_H170_warm~-home-ue54944fa,D2,252.0,170.0,warm:/home/user/ENZ/rtype_perfectR_campaign/mining/seeds/newA.npy,110,ceiling_theta0,False,7,138.4757478237152,40.0,40.0,e1cfa48cac2bf26d7145c1075f6b4f495ff30ac5df04c9175abe973566e39d8c,0.4645352959632873,0.4645352959632873,0.1150771528482437,0.1587330549955368,0.6232684850692749,0.2616543769836426,0.4645353555679321,0.8493289351463318,0.7246910333633423,-240.20919799804688,60.20919799804688,0.0004186535661574,1,86.625,2.625,0.734376107056832,0.296875
D2_P252_H170_warm~-home-uad7868eb,D2,252.0,170.0,warm:/home/user/ENZ/rtype_perfectR_campaign/mining/seeds/oldB.npy,110,ceiling_theta0,False,7,139.44915461540222,40.0,40.0,cc81018179d738a4808370744d80f688e5d00562c7a9e0f088719924f1eff65e,0.4640076458454132,0.4640077352523803,0.1094181761145591,0.1638153493404388,0.6278231143951416,0.2627587020397186,0.4640077352523803,0.8489912152290344,0.7313413023948669,-241.08721923828125,61.08721923828125,0.0001793936098692,1,91.875,2.625,0.734376107056832,0.2986111111111111
D2_P272_H140_warm~-home-ue54944fa,D2,272.0,140.0,warm:/home/user/ENZ/rtype_perfectR_campaign/mining/seeds/newA.npy,110,ceiling_theta0,False,7,138.5412459373474,40.0,40.0,ff5816040071a357254ccdecf92e45516924d4bb72b1b74b8aae0f85356f72c1,0.4534681737422943,0.4534681737422943,0.1283741891384124,0.1812582015991211,0.6347265243530273,0.2368992865085601,0.4534682035446167,0.8913701772689819,0.6891387104988098,-243.69569396972656,63.69569396972656,0.000183971307706,1,93.5,2.833333333333333,0.3751799080213089,0.2890625
D2_P272_H140_warm~-home-uad7868eb,D2,272.0,140.0,warm:/home/user/ENZ/rtype_perfectR_campaign/mining/seeds/oldB.npy,110,ceiling_theta0,False,7,137.75642013549805,40.0,40.0,997298314346b2db01708f07edc41cee052ddf115130a9acaf580936b2816af4,0.453006386756897,0.4530064761638641,0.1224312782287597,0.1860670447349548,0.6390734910964966,0.2384952306747436,0.4530064463615417,0.8896947503089905,0.69756019115448,-244.5248260498047,64.52482604980469,0.0001158491359092,1,93.5,2.833333333333333,0.1756899920844006,0.2912326388888889
D2_P264_H170_rand11,D2,264.0,170.0,rand11,110,ceiling_theta0,False,7,136.8290355205536,2.0,5.120000000000001,b55b55478ccac1f0a8b094e868f5da351ad747ef6b84f283ce9a0e7ea287a7c7,0.4398861229419708,0.4398861229419708,0.0431259907782077,0.0366650074720382,0.4765511155128479,0.4803228974342346,0.4398861527442932,0.5072115659713745,0.8341694474220276,162.36679077148438,17.633209228515625,6.929412484169006e-05,1,134.75,2.75,0.1169120445562441,0.4700520833333333
D2_P278_H170_warm~-home-u07849f62,D2,278.0,170.0,warm:/home/user/ENZ/rtype_perfectR_campaign/mining/seeds/mirror.npy,110,ceiling_theta0,False,7,177.8941617012024,3.2,8.192000000000002,bbdd520be294d7c0e67cf64d419fe81753f89a207508724ff86817b2e1d40598,0.4340472221374511,0.434047132730484,0.0407992526888847,0.0318145379424095,0.4658617377281189,0.4933390021324157,0.4340471625328064,0.6303698420524597,0.7309975028038025,150.79776000976562,29.20223999023437,8.428044384345412e-05,1,159.27083333333334,2.895833333333333,2.082321397170702,0.4435763888888889
D2_P264_H260_warm~-home-uad7868eb,D2,264.0,260.0,warm:/home/user/ENZ/rtype_perfectR_campaign/mining/seeds/oldB.npy,110,ceiling_theta0,False,7,148.74341988563538,20.97152000000001,13.107200000000004,db7e1281b9819d3d1f1502684597c9014a75cb95ef2cf347da3fd51cc4c3a35d,0.4280400574207306,0.4280400574207306,0.0784155577421188,0.0372105874121189,0.4652506411075592,0.4563338160514831,0.4280400574207306,0.6583769917488098,0.7050113677978516,147.3528289794922,32.64717102050781,8.536175300832838e-05,1,52.25,85.25,9.979412027404749,0.2465277777777778
D2_P264_H140_warm~-home-uad7868eb,D2,264.0,140.0,warm:/home/user/ENZ/rtype_perfectR_campaign/mining/seeds/oldB.npy,110,ceiling_theta0,False,7,136.58766722679138,40.0,40.0,57fa9621860a1d4fc78a8e4296e7f5122ac6422666ce77ab611cc84e45b743ef,0.4237769842147827,0.4237769842147827,0.1583502888679504,0.197929173707962,0.6217061877250671,0.2199435234069824,0.4237769842147827,0.9026623368263244,0.6546854376792908,-247.53173828125,67.53173828125,8.92400712473318e-05,1,90.75,2.75,0.1169120445562441,0.2938368055555556
D2_P252_H200_multi7,D2,252.0,200.0,multi7,110,ceiling_theta0,False,7,146.09722924232483,3.2,2.0,a2286d45ed81ef1d63ac7a58396c6c5872d2909153c53f6c48f99164b1ac36ed,0.4236804544925689,0.4236804544925689,0.0394927971065044,0.0045908354222774,0.4282713532447815,0.532235860824585,0.4236804246902466,0.6197533011436462,0.6873489022254944,169.67572021484375,10.32427978515625,0.0002480921393726,1,118.125,2.625,1.1099626330939856,0.3519965277777778
D2_P264_H140_multi7,D2,264.0,140.0,multi7,110,ceiling_theta0,False,7,135.3583323955536,40.0,40.0,fd11d0bd8ddf82c79309c163b79889c7d19c7adf3ee45a49ce1563a6f8440b4b,0.4222354590892792,0.4222354590892792,0.1431124657392501,0.2098926603794098,0.6321282386779785,0.2247592955827713,0.4222354888916015,0.9025386571884156,0.6705821752548218,-249.46078491210935,69.46078491210938,9.935124398907648e-05,1,96.25,2.75,0.1169120445562441,0.2938368055555556
D2_P264_H140_warm~-home-ue54944fa,D2,264.0,140.0,warm:/home/user/ENZ/rtype_perfectR_campaign/mining/seeds/newA.npy,110,ceiling_theta0,False,7,136.34386205673218,40.0,40.0,e7b16812101d76847abebb0b6270348c913c53ffff5f52872bae9722f548ef4d,0.4209270775318146,0.4209270775318146,0.1350010186433792,0.218344584107399,0.6392717361450195,0.2257272452116012,0.4209270775318146,0.9033754467964172,0.6800413727760315,-250.74578857421875,70.74578857421875,0.0001057128538377,1,90.75,2.75,1.026269138222517,0.2942708333333333
D2_P278_H170_warm~-home-u792a7aca,D2,278.0,170.0,warm:/home/user/ENZ/rtype_perfectR_campaign/mining/seeds/rect.npy,110,ceiling_theta0,False,7,176.3629825115204,8.192000000000002,13.107200000000004,15eb5cc79fce071473e5c87d138dce614ee8d35f281ab98dfa75c2654fd596b8,0.4171096682548523,0.4171096682548523,0.0597240999341011,0.0648868530988693,0.4819965362548828,0.4582793712615967,0.4171096682548523,0.5714840888977051,0.798372745513916,140.53228759765625,39.46771240234375,0.0001210953487316,1,130.3125,2.895833333333333,2.702947095146712,0.3984375
D2_P264_H260_warm~-home-ue54944fa,D2,264.0,260.0,warm:/home/user/ENZ/rtype_perfectR_campaign/mining/seeds/newA.npy,110,ceiling_theta0,False,7,151.29543042182922,40.0,20.97152000000001,a62df09861076257c8c2db083b8e1cd028c265d3c53a4d40132c84f61c47885f,0.4022480845451355,0.4022481739521026,0.0958274751901626,0.0421745255589485,0.4444226622581482,0.4597498774528503,0.4022481441497803,0.7032352685928345,0.6279374957084656,144.62759399414062,35.372406005859375,0.0001090393634513,1,68.75,68.75,9.979412027404749,0.2269965277777778
D2_P252_H230_warm~-home-uad7868eb,D2,252.0,230.0,warm:/home/user/ENZ/rtype_perfectR_campaign/mining/seeds/oldB.npy,110,ceiling_theta0,False,7,150.41900730133057,20.97152000000001,2.0,1973998737bdf755d4e42cd40de77239c7bc89d0d13fe52e6144b1f4976c23c0,0.4001112878322601,0.4001113474369049,0.064247228205204,0.0623399838805198,0.4624513685703277,0.4733014404773712,0.4001113176345825,0.6361462473869324,0.7212632298469543,137.4053192138672,42.59468078613281,0.0003163026995025,1,60.375,2.625,1.4239348101055356,0.2834201388888889
D2_P239_H170_mix~-home-usd4d2ddf4,D2,239.0,170.0,mix:/home/user/ENZ/rtype_perfectR_campaign/mining/seeds/mirror.npy+/home/user/ENZ/rtype_perfectR_campaign/mining/seeds/oldB.npy,110,ceiling_theta0,False,7,183.94036030769348,33.55443200000001,40.0,cf4de24e7f201cc8990bcae5247ca66b4d7649a77ce481b6f6a980025e891447,0.3981467485427856,0.3981468379497528,0.1688859909772873,0.2032239884138107,0.6013709306716919,0.2297430783510208,0.3981468379497528,0.8682906031608582,0.6699352264404297,-250.42184448242188,70.42184448242188,0.0002777340414468,1,87.13541666666667,2.489583333333333,0.576668331806431,0.3059895833333333
D2_P239_H170_warm~-home-ue54944fa,D2,239.0,170.0,warm:/home/user/ENZ/rtype_perfectR_campaign/mining/seeds/newA.npy,110,ceiling_theta0,False,7,141.47647190093994,40.0,40.0,023ed476adacefcbe77c61e8c235bffe9893a54f39aca3e7ad0417a1fe1a7032,0.3966024816036224,0.3966024816036224,0.1378484070301056,0.2268253862857818,0.6234279274940491,0.2387236654758453,0.3966025412082672,0.8652997612953186,0.7057706713676453,-253.85894775390625,73.85894775390625,0.0001765574270393,1,87.13541666666667,2.489583333333333,0.576668331806431,0.3094618055555556
D2_P239_H170_warm~-home-uad7868eb,D2,239.0,170.0,warm:/home/user/ENZ/rtype_perfectR_campaign/mining/seeds/oldB.npy,110,ceiling_theta0,False,7,142.5348744392395,40.0,40.0,319c74da40d38674f9fd79e5277398690a2f20a13408d9f245faed4bea94f29d,0.395425021648407,0.395425021648407,0.1272581815719604,0.2366735637187957,0.6320986747741699,0.2406431436538696,0.395425021648407,0.8646299839019775,0.7187574505805969,-255.1997833251953,75.19978332519531,0.0001742887543514,1,87.13541666666667,2.489583333333333,0.576668331806431,0.3116319444444444
D2_P239_H170_multi7,D2,239.0,170.0,multi7,110,ceiling_theta0,False,7,143.36276388168335,40.0,40.0,7551eee5efa81278161a79623e16a928dde6eb79418f769ae1fd81aa3861a204,0.3953064382076263,0.3953064382076263,0.136054515838623,0.2287117540836334,0.6240183115005493,0.2399271726608276,0.3953064680099487,0.7066802382469177,0.8652396202087402,254.18931579589844,74.18931579589844,0.0001816423173295,1,87.13541666666667,2.489583333333333,0.576668331806431,0.3098958333333333
D2_P252_H290_multi7,D2,252.0,290.0,multi7,110,ceiling_theta0,False,7,163.9392876625061,40.0,40.0,78bf84210ee9303138c0bdb6c6cf2a85f6ceb1e55430afbabf4eaae4c13b600d,0.3914884030818939,0.3914884030818939,0.1075704768300056,0.0027427931781858,0.3942312896251678,0.4981982111930847,0.3914884328842163,0.6450998187065125,0.6101710796356201,189.02735900878903,9.027359008789062,0.0002485972363501,3,28.875,2.625,1.4239348101055356,0.3207465277777778
D2_P239_H200_multi7,D2,239.0,200.0,multi7,110,ceiling_theta0,False,7,149.39181232452393,20.97152000000001,20.97152000000001,ee55e026f79c3e83e862bafccb44068454a14a255f75898bf6cef4fa464fedc6,0.3809073269367218,0.3809073269367218,0.1098079085350036,0.061265155673027,0.4421725273132324,0.4480195641517639,0.3809073567390442,0.546204686164856,0.7655099630355835,139.85946655273438,40.140533447265625,4.806075958185829e-05,1,107.05208333333334,2.489583333333333,0.2194401285613736,0.3424479166666667
D2_P239_H200_rand11,D2,239.0,200.0,rand11,110,ceiling_theta0,False,7,148.18295526504517,20.97152000000001,13.107200000000004,06c67529ba35d216d8e7853c012285375e77b5c74750ce6c92fa73bd49570058,0.3792297840118408,0.3792297840118408,0.0920186787843704,0.0810476988554,0.4602775573730469,0.4477037787437439,0.3792298138141632,0.5795471668243408,0.7646438479423523,132.2892608642578,47.71073913574219,9.786411828827112e-05,1,107.05208333333334,2.489583333333333,0.2194401285613736,0.3459201388888889
D2_P252_H140_mix~-home-usd4d2ddf4,D2,252.0,140.0,mix:/home/user/ENZ/rtype_perfectR_campaign/mining/seeds/mirror.npy+/home/user/ENZ/rtype_perfectR_campaign/mining/seeds/oldB.npy,110,ceiling_theta0,False,7,181.67143607139587,33.55443200000001,40.0,0130a8d5ad6fd22302ff0d4a761771f31771e726b019c1f0412ce7840db30824,0.3780394792556762,0.378039538860321,0.2158574908971786,0.2056895941495895,0.5837292671203613,0.20041324198246,0.3780395984649658,0.9072542786598206,0.5868114233016968,-251.1113128662109,71.11131286621094,0.0007187941810116,1,91.875,2.625,0.734376107056832,0.2986111111111111
D2_P252_H140_warm~-home-ue54944fa,D2,252.0,140.0,warm:/home/user/ENZ/rtype_perfectR_campaign/mining/seeds/newA.npy,110,ceiling_theta0,False,7,136.53371286392212,40.0,40.0,275fa0a081b56a758c8e75886eb267cbd5e3dca31ce531d38bd54ba46e373547,0.3754555284976959,0.3754555284976959,0.156128317117691,0.2545532584190368,0.6300088167190552,0.2138628661632537,0.3754555583000183,0.9087380766868592,0.6589482426643372,-258.3516845703125,78.3516845703125,8.605772018199787e-05,1,91.875,2.625,0.734376107056832,0.3046875
D2_P252_H140_warm~-home-uad7868eb,D2,252.0,140.0,warm:/home/user/ENZ/rtype_perfectR_campaign/mining/seeds/oldB.npy,110,ceiling_theta0,False,7,137.0501890182495,40.0,40.0,797cf01b76249b8c375ff8dd144d44421f169af88fdc4a4cd2d5d72689a6d871,0.3735251128673553,0.3735252022743225,0.1449779719114303,0.2664103507995605,0.6399355530738831,0.2150864750146865,0.3735252022743225,0.9086915850639344,0.6739071011543274,-259.9261474609375,79.9261474609375,0.0001377579465042,1,91.875,2.625,0.734376107056832,0.3081597222222222
D2_P239_H200_mix~-home-usd4d2ddf4,D2,239.0,200.0,mix:/home/user/ENZ/rtype_perfectR_campaign/mining/seeds/mirror.npy+/home/user/ENZ/rtype_perfectR_campaign/mining/seeds/oldB.npy,110,ceiling_theta0,False,7,194.9834041595459,33.55443200000001,40.0,2d7553af7eb55a35fb64d576690a28dbd2a6629a8b447de3c176be311b02c7b7,0.3729306161403656,0.3729307055473327,0.1079956144094467,0.068966768682003,0.4418975114822387,0.4501068592071533,0.3729307055473327,0.5487809777259827,0.7633049488067627,136.5226287841797,43.47737121582031,3.8185593439266086e-05,1,107.05208333333334,2.489583333333333,0.3979010007049481,0.3450520833333333
D2_P239_H200_warm~-home-uad7868eb,D2,239.0,200.0,warm:/home/user/ENZ/rtype_perfectR_campaign/mining/seeds/oldB.npy,110,ceiling_theta0,False,7,148.53833556175232,33.55443200000001,40.0,d9f1eb26ca8972b96099a241ed73616157ab68363ad4fd42d402019a73bb73c3,0.3723325431346893,0.3723326027393341,0.1105110198259353,0.0673621296882629,0.4396946430206299,0.4497943520545959,0.3723325729370117,0.5442103147506714,0.7636913061141968,137.2052459716797,42.79475402832031,0.0002497096720617,1,107.05208333333334,2.489583333333333,0.3979010007049481,0.3446180555555556
D2_P252_H230_mix~-home-usd4d2ddf4,D2,252.0,230.0,mix:/home/user/ENZ/rtype_perfectR_campaign/mining/seeds/mirror.npy+/home/user/ENZ/rtype_perfectR_campaign/mining/seeds/oldB.npy,110,ceiling_theta0,False,7,199.42047095298767,33.55443200000001,3.2,6b3329d416fb348df52614d4cb9531ef8be66eb2895f76bbf4e80f23ab19e32d,0.3690663278102875,0.3690663278102875,0.0733360424637794,0.0905379652976989,0.4596043229103088,0.4670596420764923,0.3690663576126098,0.6612830758094788,0.694199800491333,127.35364532470705,52.64635467529297,5.7460423704469576e-05,1,65.625,2.625,2.0545936604025457,0.28125
D2_P272_H170_warm~-home-u07849f62,D2,272.0,170.0,warm:/home/user/ENZ/rtype_perfectR_campaign/mining/seeds/mirror.npy,110,ceiling_theta0,False,7,173.63787364959717,5.120000000000001,13.107200000000004,317c1bf269860acf6c2ff62d5285040397751f3aacc6133690d78aee6a91ef52,0.3686024844646454,0.3686024248600006,0.0709557309746742,0.0458128377795219,0.4144153594970703,0.5146288871765137,0.368602454662323,0.633662223815918,0.6536840796470642,141.19476318359375,38.80523681640625,0.0001169561510323,1,178.5,2.833333333333333,0.5750002883306564,0.4709201388888889
D2_P239_H200_warm~-home-ue54944fa,D2,239.0,200.0,warm:/home/user/ENZ/rtype_perfectR_campaign/mining/seeds/newA.npy,110,ceiling_theta0,False,7,149.29637360572815,40.0,20.97152000000001,8bf36808ec8a3b46d20b303d649ca3a35d8e520f0dfec5464f06b7c0b360e0a4,0.3650237917900085,0.3650237917900085,0.1306352019309997,0.0584814883768558,0.4235053062438965,0.4458594918251037,0.3650237917900085,0.5112394690513611,0.7652743458747864,141.5838165283203,38.41618347167969,9.746664727572352e-05,1,107.05208333333334,2.489583333333333,0.576668331806431,0.34375
D2_P278_H140_rand11,D2,278.0,140.0,rand11,110,ceiling_theta0,False,7,136.50198578834534,33.55443200000001,40.0,18366d132fcae53f7de3f98b6b3be52403a3265d1ecb6231b7bf9f5fe12e6891,0.359386533498764,0.3593865931034088,0.1030124276876449,0.1029273867607116,0.4623140096664428,0.434673547744751,0.3593865931034088,0.4541005492210388,0.8475970029830933,131.78297424316406,48.21702575683594,0.0001424906222382,1,165.0625,2.895833333333333,0.0360076571851948,0.51953125
D2_P252_H260_multi7,D2,252.0,260.0,multi7,110,ceiling_theta0,False,7,150.3433439731598,33.55443200000001,20.97152000000001,5561f3b30df06b36c71cf1c1f40cb958fa835dfdec506f9c2a4e7d3b1a17669b,0.3568737506866455,0.3568737506866455,0.1121583953499794,0.0025771656073629,0.3594509959220886,0.5283905863761902,0.3568737804889679,0.5863090753555298,0.6124897003173828,-170.6101837158203,9.389816284179688,0.0001822669146349,1,55.125,2.625,1.1099626330939856,0.2565104166666667
D2_P252_H260_warm~-home-uad7868eb,D2,252.0,260.0,warm:/home/user/ENZ/rtype_perfectR_campaign/mining/seeds/oldB.npy,110,ceiling_theta0,False,7,152.8117904663086,40.0,13.107200000000004,faf8ad6d07b7f9a716e0bc965539065b531afdd602f652609f75c50a9b046bd0,0.3550413250923157,0.3550413250923157,0.0979711860418319,0.053268413990736,0.4083097279071808,0.4937191009521484,0.3550412952899933,0.6116904020309448,0.6651723384857178,137.87440490722656,42.12559509277344,0.0003471613745205,1,49.875,28.875,3.4550602654871483,0.2743055555555556
D2_P264_H170_multi7,D2,264.0,170.0,multi7,110,ceiling_theta0,False,7,135.4305214881897,3.2,13.107200000000004,7ee8e94b26d198be475520d7b6c5d27ae61cbecd19bc8337ef86c246519798dd,0.3476883471012115,0.3476882874965668,0.1239800974726677,0.0503849610686302,0.3980733156204223,0.4779465794563293,0.3476882874965668,0.3683293759822845,0.8126992583274841,173.31094360351562,6.689056396484375,8.759690535953268e-05,1,134.75,2.75,0.7006825041522404,0.4782986111111111
D2_P252_H230_multi7,D2,252.0,230.0,multi7,110,ceiling_theta0,False,7,149.70529460906982,33.55443200000001,5.120000000000001,e2672d1c4262373c89b3f0e97729810dd60458d5b98ed2efdf5d9ab7f0c9102b,0.3294972777366638,0.3294972777366638,0.1271502524614334,0.0578449815511703,0.3873422741889953,0.4855074882507324,0.3294972777366638,0.6000309586524963,0.6439312100410461,-134.674072265625,45.325927734375,0.0001504611718701,1,65.625,7.875,3.3269924145331515,0.2799479166666667
D2_P239_H140_multi7,D2,239.0,140.0,multi7,110,ceiling_theta0,False,7,137.21872663497925,33.55443200000001,40.0,efb1ab7bc648535e1ed8dda9d8673b001d29915ea9b14864dc48f0ca3b5c4dbb,0.328309416770935,0.328309416770935,0.2286838591098785,0.2461544871330261,0.5744640827178955,0.1968520581722259,0.3283095359802246,0.902620017528534,0.5781044960021973,-260.9414978027344,80.94149780273438,0.0006944941123947,1,92.11458333333334,2.489583333333333,0.2788931321804,0.3111979166666667
D2_P226_H170_warm~-home-uad7868eb,D2,226.0,170.0,warm:/home/user/ENZ/rtype_perfectR_campaign/mining/seeds/oldB.npy,150,ceiling_theta0,False,7,417.4474177360535,40.0,40.0,f2883459c5f5bdc1469ff2c43c692286b116b5438dd127361d80b777f640c378,0.3265480697154999,0.326548159122467,0.1684791445732116,0.2843234539031982,0.6108716726303101,0.2206491827964782,0.326548159122467,0.8642647862434387,0.6890498399734497,-265.93414306640625,85.93414306640625,0.0002832516038324,1,91.8125,2.3541666666666665,0.1249722843092939,0.3246527777777778
D2_P226_H170_multi7,D2,226.0,170.0,multi7,150,ceiling_theta0,False,7,418.4920046329498,40.0,40.0,2da60ce50ba4d362c3ff20309d7d17057c04be66b9aee97d5bb096727bf7d269,0.3259507119655609,0.3259506523609161,0.1649545133113861,0.2873016595840454,0.6132524013519287,0.2217930853366851,0.3259506821632385,0.6931643486022949,0.8637290596961975,266.2987365722656,86.29873657226562,0.0001973855542019,1,91.8125,2.3541666666666665,0.1249722843092939,0.3255208333333333
D2_P239_H140_warm~-home-ue54944fa,D2,239.0,140.0,warm:/home/user/ENZ/rtype_perfectR_campaign/mining/seeds/newA.npy,110,ceiling_theta0,False,7,136.24950408935547,40.0,40.0,6a8d94db2fff6cd3f96d6df7ad82b57763567223b06146219910cc5119036ab9,0.3256732523441314,0.3256733119487762,0.1909604519605636,0.2807326912879944,0.6064060926437378,0.2026334553956985,0.3256733119487762,0.9052021503448486,0.6272327899932861,-265.46014404296875,85.46014404296875,0.0005392992170527,1,92.11458333333334,2.489583333333333,0.576668331806431,0.3172743055555556
D2_P239_H140_mix~-home-usd4d2ddf4,D2,239.0,140.0,mix:/home/user/ENZ/rtype_perfectR_campaign/mining/seeds/mirror.npy+/home/user/ENZ/rtype_perfectR_campaign/mining/seeds/oldB.npy,110,ceiling_theta0,False,7,180.10389590263367,40.0,40.0,684d8f1a78b7cee337bd850032799dda8d2adc205092d7c7744b00de5fd3ff00,0.3256198465824127,0.3256199061870575,0.1896314173936844,0.2818855047225952,0.6075054407119751,0.2028631418943405,0.3256198763847351,0.9053131341934204,0.6288231611251831,-265.593994140625,85.593994140625,0.0006468755309469,1,92.11458333333334,2.489583333333333,0.576668331806431,0.3177083333333333
D2_P226_H170_warm~-home-ue54944fa,D2,226.0,170.0,warm:/home/user/ENZ/rtype_perfectR_campaign/mining/seeds/newA.npy,150,ceiling_theta0,False,7,427.02137446403503,40.0,40.0,39ceee113b9a2e97fb6d397e784c1fe6fd566c72c729a9e9a7b449efbdc0650e,0.3249772489070892,0.3249772489070892,0.1634296774864196,0.2896894514560699,0.6146667003631592,0.2219036221504211,0.3249772787094116,0.8643627166748047,0.6944137811660767,-266.6296081542969,86.62960815429688,0.0002022336702793,1,91.8125,2.3541666666666665,0.2382863920161924,0.3250868055555556
D2_P239_H140_warm~-home-uad7868eb,D2,239.0,140.0,warm:/home/user/ENZ/rtype_perfectR_campaign/mining/seeds/oldB.npy,110,ceiling_theta0,False,7,135.96683382987976,40.0,40.0,f385c7496cc7e033869e7584bcba7c44fa82707f40e26b39340bb61c134988ca,0.3229393661022186,0.3229394257068634,0.1717352420091629,0.2992604374885559,0.6221998333930969,0.2060649245977401,0.322939395904541,0.9061660766601562,0.6505863666534424,-267.69805908203125,87.69805908203125,0.0002993970992974,1,92.11458333333334,2.489583333333333,0.576668331806431,0.3211805555555556
D2_P278_H290_warm~-home-uad7868eb,D2,278.0,290.0,warm:/home/user/ENZ/rtype_perfectR_campaign/mining/seeds/oldB.npy,110,ceiling_theta0,False,7,153.1923635005951,40.0,40.0,cbbd2e269ec53a379f1d79f40a5d8e875d01b1cb99f0b7e7b62954ae8e1d0c4f,0.3083761632442474,0.3083762228488922,0.1788421422243118,0.0555512383580207,0.36392742395401,0.4572304487228393,0.3083761930465698,0.7138063311576843,0.4672636985778808,220.7105407714844,40.710540771484375,9.737942309584469e-05,1,55.020833333333336,95.5625,11.975781349584452,0.2282986111111111
D2_P239_H230_multi7,D2,239.0,230.0,multi7,110,ceiling_theta0,False,7,148.43314456939697,40.0,20.97152000000001,b7e5d5fb644840447227fcc1099cc9d974476f419a0a75f1d619d5d0105d8d94,0.2836317718029022,0.2836317121982574,0.1820240169763565,0.0076215229928493,0.2912532687187195,0.5267227292060852,0.2836317420005798,0.5941579937934875,0.4790436923503876,194.134765625,14.134765625,7.80793052399531e-05,1,107.05208333333334,2.489583333333333,0.576668331806431,0.3203125
D2_P239_H230_mix~-home-usd4d2ddf4,D2,239.0,230.0,mix:/home/user/ENZ/rtype_perfectR_campaign/mining/seeds/mirror.npy+/home/user/ENZ/rtype_perfectR_campaign/mining/seeds/oldB.npy,110,ceiling_theta0,False,7,193.6840672492981,40.0,3.2,45c7292a7765e9a40d8dd830e89c0ec33a3b21345df9d4318e9bcf7c645d9f1d,0.2833346426486969,0.2833346426486969,0.1527380794286728,0.0836386680603027,0.366973340511322,0.480288565158844,0.2833346128463745,0.6435468792915344,0.5655033588409424,123.2795181274414,56.720481872558594,0.0001021654170472,1,82.15625,2.489583333333333,1.1747931937944711,0.3033854166666667
D2_P252_H260_warm~-home-ue54944fa,D2,252.0,260.0,warm:/home/user/ENZ/rtype_perfectR_campaign/mining/seeds/newA.npy,110,ceiling_theta0,False,7,152.58193230628967,40.0,13.107200000000004,241b867069571454227f73afe83dbedb4f36a6846e48cb5df60f99a74fee707b,0.2800543010234833,0.2800543010234833,0.1946610063314438,0.0336797535419464,0.3137340843677521,0.4916049242019653,0.2800543010234833,0.6798601150512695,0.4065198898315429,153.05538940429688,26.944610595703125,0.0001561528188176,1,70.875,65.625,8.843984207977257,0.25390625
D2_P226_H140_rand11,D2,226.0,140.0,rand11,150,ceiling_theta0,False,7,350.4570164680481,40.0,40.0,d4f63dc8f3f20129b78b75c3cfda963bda836a5acb7151d5cd1efa92e6346049,0.2753998935222626,0.2753998935222626,0.2414735257625579,0.2920052707195282,0.5674052834510803,0.1911211907863617,0.2753999233245849,0.5846162438392639,0.8905247449874878,271.8277893066406,91.82778930664062,0.000378516910132,1,91.8125,2.3541666666666665,0.1249722843092939,0.3307291666666667
D2_P226_H140_warm~-home-uad7868eb,D2,226.0,140.0,warm:/home/user/ENZ/rtype_perfectR_campaign/mining/seeds/oldB.npy,150,ceiling_theta0,False,7,356.0335547924042,40.0,40.0,e5c1eb55a839ea9bc23023406820cca5a8d39eabecd78d8d8705e1a90344ed63,0.2747410535812378,0.274740993976593,0.2332865893840789,0.3000193238258362,0.5747604370117188,0.1919529736042022,0.2747410535812378,0.8913820385932922,0.5957841873168945,-272.7282409667969,92.72824096679688,0.000389824504964,1,91.8125,2.3541666666666665,0.1249722843092939,0.3324652777777778
D2_P226_H140_multi7,D2,226.0,140.0,multi7,150,ceiling_theta0,False,7,353.9011244773865,40.0,40.0,301ddf04fd712361a1ad2233aaf84f4f78644e8d71e92bdf2b5eb1393a1f3495,0.2727918028831482,0.2727918028831482,0.237816572189331,0.2978895902633667,0.5706814527511597,0.1915019750595092,0.2727918326854706,0.8926263451576233,0.5870103240013123,-272.74542236328125,92.74542236328124,0.0002222119655925,1,91.8125,2.3541666666666665,1.0351928371690065,0.3294270833333333
D2_P226_H140_warm~-home-ue54944fa,D2,226.0,140.0,warm:/home/user/ENZ/rtype_perfectR_campaign/mining/seeds/newA.npy,150,ceiling_theta0,False,7,353.23877692222595,40.0,40.0,022824e7aa7a10c278e56c5c6cd3084a747945ecb45a84de104f52c5beba9d0f,0.2702601552009582,0.2702601552009582,0.2151081711053848,0.3190716505050659,0.5893319249153137,0.1955599039793014,0.270260214805603,0.8935777544975281,0.6165891885757446,-275.08258056640625,95.08258056640624,0.0006817640387453,1,96.52083333333331,2.3541666666666665,0.2382863920161924,0.3333333333333333
D2_P272_H140_rand11,D2,272.0,140.0,rand11,110,ceiling_theta0,False,7,137.7575798034668,33.55443200000001,40.0,7d88c558b8bf82f99308ab3afaa3e5337f25312bbf1198cbbbe6dbfff5f71dfb,0.2680724263191223,0.2680724859237671,0.0909948796033859,0.2368419915437698,0.5049144625663757,0.4040906429290771,0.2680724859237671,0.5348389744758606,0.8507503867149353,93.93566131591795,86.06433868408203,2.986365871038288e-05,1,167.16666666666669,2.833333333333333,0.0428794985594862,0.5264756944444444
D2_P239_H230_warm~-home-uad7868eb,D2,239.0,230.0,warm:/home/user/ENZ/rtype_perfectR_campaign/mining/seeds/oldB.npy,110,ceiling_theta0,False,7,150.38205552101135,40.0,3.2,ce05a30a0cb9dc7519d619827cffb9da7a87d3eb92607b913a12ee6cc550102a,0.2679196894168854,0.2679196894168854,0.1543468683958053,0.0871398746967315,0.3550596237182617,0.4905934929847717,0.2679197192192077,0.6432733535766602,0.5443515181541443,121.08222198486328,58.91777801513672,0.0002945700252894,1,87.13541666666667,2.489583333333333,1.1747931937944711,0.3068576388888889
D2_P226_H200_warm~-home-ue54944fa,D2,226.0,200.0,warm:/home/user/ENZ/rtype_perfectR_campaign/mining/seeds/newA.npy,150,ceiling_theta0,False,7,401.62322473526,40.0,40.0,40bb52138a7ab795747838dae1cebeac3a77140e3b89e623c3f8366f0aaf7c1c,0.2653461396694183,0.2653461992740631,0.2255111634731292,0.1349506378173828,0.4002968370914459,0.3741920292377472,0.2653461694717407,0.5282450914382935,0.7221847176551819,-250.0130920410156,70.01309204101562,0.000202285737032,1,105.9375,2.3541666666666665,0.1249722843092939,0.3446180555555556
D2_P226_H200_multi7,D2,226.0,200.0,multi7,150,ceiling_theta0,False,7,399.60191798210144,40.0,40.0,c1512d4ddf1aefb8ef3af5f17e43fe94f1045de82ae31b01072f6bc2c080feb5,0.2614005804061889,0.2614005804061889,0.2153859138488769,0.1437519788742065,0.4051526188850403,0.3794614672660827,0.2614006400108337,0.5299620032310486,0.7276299595832825,-252.23626708984372,72.23626708984375,0.0004210355400573,1,105.9375,2.3541666666666665,0.1249722843092939,0.3485243055555556
D2_P226_H200_rand11,D2,226.0,200.0,rand11,150,ceiling_theta0,False,7,401.5106101036072,40.0,40.0,457c0b3633b757d54eeab632e48faa4ae19bcf740f409ab198b95d4cc85fd49d,0.2609285116195678,0.2609285712242126,0.2147333323955536,0.1453617513179779,0.4062902927398681,0.3789763748645782,0.2609285712242126,0.5294901132583618,0.7295346260070801,-252.59176635742188,72.59176635742188,0.0002231500402558,1,105.9375,2.3541666666666665,0.1249722843092939,0.3489583333333333
D2_P239_H200_warm~-home-u07849f62,D2,239.0,200.0,warm:/home/user/ENZ/rtype_perfectR_campaign/mining/seeds/mirror.npy,110,ceiling_theta0,False,7,195.08040118217468,33.55443200000001,20.97152000000001,a1a3de82cb678126319059f8960830f81eced04756a5d721d3f8fb7c382b0613,0.2601176798343658,0.2601177394390106,0.1010529249906539,0.2000758349895477,0.4601935446262359,0.4387535452842712,0.2601177096366882,0.5341877341270447,0.7968880534172058,98.10842895507812,81.89157104492188,8.934772631619126e-05,1,87.13541666666667,2.489583333333333,0.8155042273509707,0.3684895833333333
D2_P226_H200_warm~-home-uad7868eb,D2,226.0,200.0,warm:/home/user/ENZ/rtype_perfectR_campaign/mining/seeds/oldB.npy,150,ceiling_theta0,False,7,397.2645037174225,40.0,40.0,811b1997331eacf0a34d3756f1742ee1a2be0406984c5115f2a5c1fd583f9d6c,0.2594432532787323,0.2594433128833771,0.2172795385122299,0.142638474702835,0.4020818471908569,0.3806385993957519,0.2594433426856994,0.5206578969955444,0.7301225066184998,-252.1055603027344,72.10556030273438,0.0004810692335013,1,105.9375,2.3541666666666665,0.1249722843092939,0.3493923611111111
D2_P400_H170_warm~-home-uad7868eb,D2,400.0,170.0,warm:/home/user/ENZ/rtype_perfectR_campaign/mining/seeds/oldB.npy,110,ceiling_largeP,False,9,694.074431180954,5.120000000000001,3.2,f4eae93125725f1683f0d966b5a4ad53f30745bd8fdffab621174a55d570f49d,0.2558700740337372,0.2558700740337372,0.3781156837940216,0.0422161966562271,0.2980862557888031,0.3237980306148529,0.2558700442314148,0.328816145658493,0.6986075043678284,-158.44863891601562,21.55136108398437,5.026587314205244e-05,5,4.166666666666667,137.5,21.88684057447182,0.3107638888888889
D2_P239_H260_multi7,D2,239.0,260.0,multi7,110,ceiling_theta0,False,7,158.19700241088867,40.0,5.120000000000001,7376902e2a458f5d2b8daa62e18511e2cb51871e9647b94a819b7993fd2dde03,0.2518317699432373,0.2518317699432373,0.2746777534484863,0.0455277375876903,0.2973595261573791,0.4279627203941345,0.2518317401409149,0.6829705834388733,0.3581483066082001,-212.4971923828125,32.4971923828125,0.0001562667166581,2,87.13541666666667,2.489583333333333,1.1747931937944711,0.3368055555555556
D2_P226_H290_warm~-home-uad7868eb,D2,226.0,290.0,warm:/home/user/ENZ/rtype_perfectR_campaign/mining/seeds/oldB.npy,110,ceiling_theta0,False,7,219.87955236434937,40.0,13.107200000000004,a1c74d1d12f6007a6f243aa5f025e5aa81b5f8df7ad1f49ca29a1992bb038d09,0.2494178563356399,0.2494178563356399,0.2627950012683868,0.0136098135262727,0.2630276679992676,0.4741773307323456,0.2494178563356399,0.6118892431259155,0.3894185721874237,-171.73806762695312,8.261932373046875,0.0002501771668903,1,82.39583333333333,58.85416666666666,9.39759803661893,0.3094618055555556
D2_P226_H260_warm~-home-uad7868eb,D2,226.0,260.0,warm:/home/user/ENZ/rtype_perfectR_campaign/mining/seeds/oldB.npy,110,ceiling_theta0,False,7,166.52938103675842,40.0,3.2,16c7c1a3fce881e632cea6bc10a7c39258ceb9c9da9fb0c52d0a23ddfa0624b4,0.2471463680267334,0.2471463978290558,0.2715413570404053,0.0188094656914472,0.2659558355808258,0.4625028371810913,0.2471463978290558,0.6109458208084106,0.3983174562454223,-159.76882934570312,20.231170654296875,0.0003719948290381,1,96.52083333333331,2.3541666666666665,1.4935224090429955,0.3728298611111111
D2_P239_H290_multi7,D2,239.0,290.0,multi7,110,ceiling_theta0,False,7,196.16393303871155,40.0,8.192000000000002,31da2777d9c5f07f77077c7569bf1aac45bd70cf16a18272eaa410f5811ff2ef,0.2409546077251434,0.2409546077251434,0.268278956413269,0.1247245222330093,0.3656791448593139,0.366041898727417,0.2409546226263046,0.728313148021698,0.4482389986515045,110.85680389404295,69.14319610595703,0.0003556431038305,1,67.21875,2.489583333333333,1.3549069974558705,0.3098958333333333
D2_P239_H230_warm~-home-ue54944fa,D2,239.0,230.0,warm:/home/user/ENZ/rtype_perfectR_campaign/mining/seeds/newA.npy,110,ceiling_theta0,False,7,150.41638231277466,40.0,20.97152000000001,aa2c1cbc521036986348b640fbadf0de4916c976e0cf8744ab27162aefd10898,0.2277090847492218,0.2277091145515442,0.1545222699642181,0.192962184548378,0.4206713438034057,0.4248063862323761,0.2277091145515442,0.5824066996574402,0.7086219787597656,94.8296127319336,85.1703872680664,7.099409413058311e-05,1,67.21875,2.489583333333333,2.50301350575964,0.2816840277777778
D2_P278_H290_multi7,D2,278.0,290.0,multi7,110,ceiling_theta0,False,7,157.07133960723877,40.0,13.107200000000004,a4d04a6ac580a661931a7abb5ed71ebd061085f5d8b37b1a0887135e4fdaad94,0.1935512721538543,0.1935512721538543,0.2686693668365478,0.1629793494939804,0.3565306365489959,0.3747999668121338,0.1935512721538543,0.6661510467529297,0.5189451575279236,264.9263610839844,84.92636108398438,0.0001733651879476,3,37.645833333333336,2.895833333333333,0.510447859556848,0.3576388888888889
D2_P239_H260_warm~-home-uad7868eb,D2,239.0,260.0,warm:/home/user/ENZ/rtype_perfectR_campaign/mining/seeds/oldB.npy,110,ceiling_theta0,False,7,159.53146481513977,40.0,5.120000000000001,19a3c736b5f9cb484c486a422f679406aaed863a851f0f31d93d8dc05d06951f,0.1911139637231826,0.1911139786243438,0.2496709525585174,0.0586294457316398,0.2497435212135315,0.5005855560302734,0.1911140382289886,0.6636491417884827,0.2430156916379928,145.2323760986328,34.76762390136719,0.0006206092075444,1,82.15625,77.17708333333334,7.039887243246909,0.2808159722222222
D2_P272_H290_mix~-home-usd4d2ddf4,D2,272.0,290.0,mix:/home/user/ENZ/rtype_perfectR_campaign/mining/seeds/mirror.npy+/home/user/ENZ/rtype_perfectR_campaign/mining/seeds/oldB.npy,110,ceiling_theta0,False,7,215.59292721748352,40.0,33.55443200000001,92f5ac9b746c9de31b129a86f3c76e91ebacda543848ae6f291a7be45bd40611,0.1870029270648956,0.1870029419660568,0.2735349833965301,0.1552468240261078,0.3422497808933258,0.3842152655124664,0.187002956867218,0.3831077516078949,0.7332993745803833,-263.509521484375,83.509521484375,0.000335851102136,3,53.833333333333336,8.5,0.3751799080213089,0.3997395833333333
D2_P264_H140_rand11,D2,264.0,140.0,rand11,110,ceiling_theta0,False,7,135.5755558013916,33.55443200000001,40.0,adbf1210754b2ce7b9daf942f682430c2a8048fc3ab8e830e6ab3d28641cd534,0.1575766652822494,0.1575766950845718,0.1799878776073455,0.2693217396736145,0.4268984794616699,0.3931136429309845,0.1575766801834106,0.3188613653182983,0.8672510385513306,66.16568756103516,113.83431243896484,6.995711009949446e-05,1,162.25,2.75,0.0522285376929403,0.5334201388888888
D2_P252_H170_warm~-home-u07849f62,D2,252.0,170.0,warm:/home/user/ENZ/rtype_perfectR_campaign/mining/seeds/mirror.npy,110,ceiling_theta0,False,7,181.4240369796753,40.0,40.0,f25fae2e3e36b1a5222123e181297b4021e5d62106df5fce762fb1a6380e6988,0.1559389680624008,0.1559389978647232,0.1307771503925323,0.1300489455461502,0.2859879434108734,0.5832349061965942,0.155938982963562,0.4595633745193481,0.6006474494934082,95.38182830810548,84.61817169189453,0.0002357046760153,1,144.375,13.125,0.4846942161403547,0.4809027777777778
D2_P252_H170_rand11,D2,252.0,170.0,rand11,110,ceiling_theta0,False,7,138.4592423439026,33.55443200000001,40.0,85cbb67dc786aef4599190a916e934e0bc13a2286b46036f7658695d3ce53d60,0.1542717069387436,0.1542716920375824,0.1581488102674484,0.0976107269525528,0.2518824338912964,0.589968740940094,0.1542716920375824,0.3468060791492462,0.6192659735679626,105.29729461669922,74.70270538330078,0.0002598367864266,1,139.125,2.625,0.2978023592123975,0.4917534722222222
D2_P226_H230_rand11,D2,226.0,230.0,rand11,110,ceiling_theta0,False,7,167.28362822532654,40.0,13.107200000000004,cb62fcd1a7f6d8b9fe08582d10cce1966413b69b160675858dedbb02131bdc1b,0.1529242098331451,0.1529242396354675,0.2636772096157074,0.0739483833312988,0.2268726080656051,0.5094501972198486,0.1529242396354675,0.5346302390098572,0.4097752273082733,111.1303939819336,68.8696060180664,0.0001740804145811,1,87.10416666666666,2.3541666666666665,0.1249722843092939,0.3454861111111111
D2_P272_H260_multi7,D2,272.0,260.0,multi7,110,ceiling_theta0,False,7,150.40015482902527,40.0,40.0,aec832c7e443d383d273a3740b81caacb038b0a8ff1cdcd07c3c29e227e2c744,0.152877852320671,0.152877852320671,0.2345330417156219,0.1632512807846069,0.3161291480064392,0.4493378102779388,0.152877852320671,0.6293227076530457,0.486015647649765,-271.943603515625,91.943603515625,8.545607124688104e-05,3,48.16666666666667,8.5,0.3751799080213089,0.3888888888888889
D2_P226_H230_warm~-home-uad7868eb,D2,226.0,230.0,warm:/home/user/ENZ/rtype_perfectR_campaign/mining/seeds/oldB.npy,110,ceiling_theta0,False,7,164.0166871547699,40.0,40.0,24aea84abac3a45efedb529d42f7dee13b0e4ced46c9e5a5a3a469d87e4db2c9,0.1523513495922088,0.1523513793945312,0.267402172088623,0.0648931711912155,0.2172445356845855,0.5153533220291138,0.1523513793945312,0.5394428968429565,0.3788012862205505,115.34068298339844,64.65931701660156,0.0002295545418746,1,105.9375,2.3541666666666665,0.2382863920161924,0.3467881944444444
D2_P239_H260_warm~-home-ue54944fa,D2,239.0,260.0,warm:/home/user/ENZ/rtype_perfectR_campaign/mining/seeds/newA.npy,110,ceiling_theta0,False,7,159.258403301239,40.0,13.107200000000004,8b8a3ca23ca04fc7d63c9b3d43f63d6217d1cd6a885cc3e4a234c2f2a1ec78da,0.1492773592472076,0.1492773592472076,0.2406561523675918,0.1553101241588592,0.3045875132083893,0.4547563791275024,0.1492773741483688,0.7364604473114014,0.2584589123725891,271.81622314453125,91.81622314453124,9.892531670629978e-05,1,87.13541666666667,2.489583333333333,0.9949928139376992,0.3042534722222222
D2_P226_H230_multi7,D2,226.0,230.0,multi7,110,ceiling_theta0,False,7,167.28237318992615,40.0,40.0,f4b350bf25263d3ede492549878a315285bc2b999d5ce9e06700fb8a9510a08d,0.1449014395475387,0.1449014395475387,0.2668474018573761,0.0706129223108291,0.2155143916606903,0.5176382064819336,0.1449014544486999,0.5546039938926697,0.3513447344303131,112.410888671875,67.589111328125,0.0003097422886639,1,105.9375,2.3541666666666665,0.2382863920161924,0.3502604166666667
D2_P278_H260_mix~-home-usd4d2ddf4,D2,278.0,260.0,mix:/home/user/ENZ/rtype_perfectR_campaign/mining/seeds/mirror.npy+/home/user/ENZ/rtype_perfectR_campaign/mining/seeds/oldB.npy,110,ceiling_theta0,False,7,198.02555894851685,40.0,40.0,b5157bc8f84156fd23146328ee28b7f2231b9715dd8cd9d605a4a1241cadb114,0.1440886855125427,0.1440886855125427,0.4248605966567993,0.0752915441989898,0.2193802595138549,0.3557591438293457,0.1440886855125427,0.467812180519104,0.4689480364322662,-251.72378540039065,71.72378540039062,0.0001715038670226,3,37.645833333333336,2.895833333333333,0.7143382883453029,0.4136284722222222
D2_P272_H260_mix~-home-usd4d2ddf4,D2,272.0,260.0,mix:/home/user/ENZ/rtype_perfectR_campaign/mining/seeds/mirror.npy+/home/user/ENZ/rtype_perfectR_campaign/mining/seeds/oldB.npy,110,ceiling_theta0,False,7,196.2569572925568,40.0,40.0,d3f023894200f8e96c27ea37457ae546fd26fd34a0a5494dfecb58d76483bd21,0.1424741894006729,0.1424741894006729,0.4408826529979706,0.0747988522052764,0.2172730416059494,0.3418442904949188,0.1424741744995117,0.4950685799121856,0.4352622032165527,-251.69586181640625,71.69586181640625,0.0001363008923362,3,36.833333333333336,2.833333333333333,0.3751799080213089,0.4283854166666667
D2_P264_H260_multi7,D2,264.0,260.0,multi7,110,ceiling_theta0,False,7,149.60948657989502,33.55443200000001,40.0,c3cc6939fe683c6c8870ed052c6b9a98224c5083b5b8c93d285658101fbcf338,0.1273293048143386,0.1273293048143386,0.2749808430671692,0.0948245823383331,0.222153902053833,0.5028652548789978,0.1273293197154998,0.437144935131073,0.5032018423080444,-261.50244140625,81.50244140625,8.42671943246387e-05,1,118.25,2.75,0.1169120445562441,0.4244791666666667
D2_P272_H260_rand11,D2,272.0,260.0,rand11,110,ceiling_theta0,False,7,150.50559949874878,40.0,40.0,c29c4101ba5284ba3f8f622e522f3d4df1752a7f47888edb8c4b6503b913ebaf,0.1233866512775421,0.1233866512775421,0.2769156098365783,0.1927671432495117,0.3161538243293762,0.4069305658340454,0.1233866661787033,0.4841457307338714,0.6308014988899231,-283.1310729980469,103.13107299804688,0.000233318132814,1,161.5,8.5,0.1756899920844006,0.4500868055555556
D2_P226_H230_warm~-home-ue54944fa,D2,226.0,230.0,warm:/home/user/ENZ/rtype_perfectR_campaign/mining/seeds/newA.npy,110,ceiling_theta0,False,7,165.34851455688477,40.0,33.55443200000001,83841738cb486b095988eacc14b43d79dd440018a148d103c91a70ebd81ad95e,0.120091401040554,0.120091401040554,0.2790670990943908,0.2110925167798996,0.331183910369873,0.3897489905357361,0.120091401040554,0.5235584378242493,0.6231006383895874,73.80256652832031,106.19743347167967,0.000171320294612,1,68.27083333333333,49.4375,19.267289982269048,0.2743055555555556
D2_P252_H200_warm~-home-u07849f62,D2,252.0,200.0,warm:/home/user/ENZ/rtype_perfectR_campaign/mining/seeds/mirror.npy,110,ceiling_theta0,False,7,193.25464463233948,40.0,40.0,90458325b49b5d8831c64e46ef71d8166d27ea2d06ad7bf43cf98e791f174e74,0.1191513761878013,0.1191514357924461,0.1196322739124298,0.0681852325797081,0.1873366832733154,0.6930310726165771,0.1191514283418655,0.3645775318145752,0.4916873574256897,106.51802825927734,73.48197174072266,0.000470241124276,1,86.625,2.625,0.734376107056832,0.4557291666666667
D2_P272_H290_multi7,D2,272.0,290.0,multi7,110,ceiling_theta0,False,7,155.0927529335022,40.0,20.97152000000001,5247b5a43c62f911a270b9f9b3754f343c2d85bac608b8bb7fd3dea2f768dc7d,0.1165084019303321,0.1165084019303321,0.3473433256149292,0.1039346605539321,0.2204430997371673,0.432213544845581,0.1165083944797515,0.404937207698822,0.5262243151664734,-266.6171875,86.6171875,0.0001170028263004,3,36.833333333333336,2.833333333333333,0.3751799080213089,0.3741319444444444
D2_P252_H170_multi7,D2,252.0,170.0,multi7,110,ceiling_theta0,False,7,137.91802430152893,33.55443200000001,40.0,46ddaf470d0a892e1f364af3b4f78050c4417579da7c062cc0be9ffb14c01b61,0.116236001253128,0.1162360161542892,0.1592703163623809,0.142300546169281,0.2585365772247314,0.58219313621521,0.1162360087037086,0.4262755215167999,0.5791047811508179,83.9391098022461,96.0608901977539,0.000222272996325,1,139.125,2.625,0.734376107056832,0.4713541666666667
D2_P264_H290_rand11,D2,264.0,290.0,rand11,110,ceiling_theta0,False,7,156.33836007118225,40.0,40.0,85d2efc7ebd0b75d11833535a5fdde9867cfd4799636ccd29419d74e4ba58bd5,0.1086118817329406,0.1086118817329406,0.2738625407218933,0.1116699874401092,0.2202818989753723,0.5058555603027344,0.1086118966341018,0.6071584224700928,0.2681833803653717,271.0761413574219,91.07614135742188,0.0003648181154858,1,107.25,2.75,0.0522285376929403,0.4288194444444444
D2_P264_H260_rand11,D2,264.0,260.0,rand11,110,ceiling_theta0,False,7,151.33785128593445,40.0,40.0,8b1aa352ea7da96c5ab445ecb579b6ec4bcbd8af71aa8e8749e4eb66f040f983,0.0986436083912849,0.0986436083912849,0.2653771340847015,0.1946166753768921,0.2932603061199188,0.4413625299930572,0.0986436083912849,0.452145367860794,0.6181303858757019,-290.0837097167969,110.08370971679688,0.0001187044690595,1,162.25,2.75,0.0522285376929403,0.4756944444444444
D2_P278_H290_warm~-home-ue54944fa,D2,278.0,290.0,warm:/home/user/ENZ/rtype_perfectR_campaign/mining/seeds/newA.npy,110,ceiling_theta0,False,7,152.86548328399658,40.0,40.0,ed58d97257fe6f0dad5fd3f1da96a463ba49094ba1b5b81f3f6209948639ddbe,0.0952895060181617,0.0952895060181617,0.3571914434432983,0.0764923021197319,0.1717818081378936,0.4710267782211303,0.0952895134687423,0.5519458055496216,0.1972800493240356,260.0592956542969,80.05929565429688,0.0001755929115461,1,83.97916666666667,20.270833333333336,26.46155828163326,0.2161458333333333
D2_P252_H230_rand11,D2,252.0,230.0,rand11,110,ceiling_theta0,False,7,147.77822399139404,40.0,40.0,15d06ff2b1b7072c3cc6532094d2e9dff242348bd8d0512f491e9c3383959b00,0.0918827578425407,0.0918827578425407,0.2543720304965973,0.2450209558010101,0.3369037806987762,0.4087241590023041,0.0918827652931213,0.7271352410316467,0.3808960616588592,-303.5675354003906,123.56753540039062,0.0002483113785274,1,191.625,2.625,0.2978023592123975,0.5082465277777778
D2_P272_H140_multi7,D2,272.0,140.0,multi7,110,ceiling_theta0,False,7,138.11143684387207,20.97152000000001,40.0,390b2b3ffc24e23d6fe4aef20661d0266023f0a7023f93ce62a4fb4f995a0ef0,0.0902446657419204,0.0902446806430816,0.2021596729755401,0.1633698344230651,0.2536145448684692,0.544225811958313,0.0902446806430816,0.3041156232357025,0.6440052390098572,68.0764389038086,111.9235610961914,0.0001853116264101,1,144.5,8.5,0.1756899920844006,0.4526909722222222
D2_P272_H290_warm~-home-ue54944fa,D2,272.0,290.0,warm:/home/user/ENZ/rtype_perfectR_campaign/mining/seeds/newA.npy,110,ceiling_theta0,False,7,157.95729231834412,40.0,40.0,b92dbfb7ae1c0f46e083a89c7cf25257ab1a60c07a6f996f36e65be3ac105a66,0.0828229263424873,0.0828229486942291,0.2869168817996979,0.1190017759799957,0.2018247246742248,0.5112583637237549,0.0828229412436485,0.6078153848648071,0.1849591583013534,288.77276611328125,108.77276611328124,0.000157105809194,1,70.83333333333334,14.166666666666668,6.24125547722106,0.2183159722222222
D2_P239_H290_warm~-home-uad7868eb,D2,239.0,290.0,warm:/home/user/ENZ/rtype_perfectR_campaign/mining/seeds/oldB.npy,110,ceiling_theta0,False,7,188.76039004325867,40.0,40.0,6823c0f532fbfe4b557ae97a7e2fd88c73d05a54c073151551b941b560a47c5f,0.0617461800575256,0.0617461800575256,0.3131357431411743,0.1543039381504058,0.2160501480102539,0.4708141088485718,0.0617461875081062,0.6197296380996704,0.2191699594259262,47.043487548828125,132.95651245117188,0.0001684838207438,1,92.11458333333334,72.19791666666667,3.2960643087811405,0.2855902777777778
D2_P239_H290_mix~-home-usd4d2ddf4,D2,239.0,290.0,mix:/home/user/ENZ/rtype_perfectR_campaign/mining/seeds/mirror.npy+/home/user/ENZ/rtype_perfectR_campaign/mining/seeds/oldB.npy,110,ceiling_theta0,False,7,252.0261483192444,40.0,40.0,fef40eed559ffd014d01d18fb7c5468a6c322299bd7f910afbe4ab7fc57ce89d,0.0613292977213859,0.0613292977213859,0.3209932744503021,0.1481616795063018,0.2094909995794296,0.469515711069107,0.0613293126225471,0.607739269733429,0.22278892993927,50.1101188659668,129.8898811340332,0.0002992922090925,1,92.11458333333334,72.19791666666667,4.838897554202177,0.2868923611111111
D2_P226_H290_rand11,D2,226.0,290.0,rand11,110,ceiling_theta0,False,7,213.737783908844,40.0,33.55443200000001,5484c17a02b977731d93853b188f4c6c036ef2f7af6e66b40a402c229d36d887,0.0547338388860225,0.0547338537871837,0.3242263197898865,0.1599807441234588,0.2147146314382553,0.461059033870697,0.0547338686883449,0.5771065950393677,0.3104467689990997,54.02418899536133,125.97581100463869,0.0003699996741488,3,11.770833333333332,7.0625,2.069513692856745,0.4088541666666667
D2_P239_H230_rand11,D2,239.0,230.0,rand11,110,ceiling_theta0,False,7,147.97466683387756,40.0,40.0,e8ba34725e098bfd6f08ce2f0ce71b3401bd011f085a9508bc470a8ae0343843,0.0524258390069007,0.0524258501827716,0.2191354185342788,0.3119392991065979,0.3643651604652405,0.4164994359016418,0.0524258464574813,0.7303475737571716,0.4419533014297485,36.4865837097168,143.5134162902832,0.0001978018699446,1,191.69791666666669,7.46875,0.2194401285613736,0.5355902777777778
D2_P278_H200_warm~-home-u07849f62,D2,278.0,200.0,warm:/home/user/ENZ/rtype_perfectR_campaign/mining/seeds/mirror.npy,110,ceiling_theta0,False,7,183.6585998535156,40.0,40.0,dfd29ac598bc284882b6aadd12ddd67bde4ec4cd6019fb9a8a204950bcc2ff71,0.0490547902882099,0.0490547902882099,0.2280921041965484,0.2598563134670257,0.3089111447334289,0.4629967510700226,0.0490547865629196,0.6063036918640137,0.5002180337905884,45.9677619934082,134.0322380065918,8.591606456320733e-05,1,153.47916666666669,14.479166666666668,5.99701241864679,0.5134548611111112
D2_P252_H290_warm~-home-uad7868eb,D2,252.0,290.0,warm:/home/user/ENZ/rtype_perfectR_campaign/mining/seeds/oldB.npy,110,ceiling_theta0,False,7,171.15750122070312,40.0,40.0,afad172a9b3482988b411bbe77763d29aa1d4c0f2792122af109031df7822b19,0.048299390822649,0.0482994094491004,0.2973896861076355,0.1601094156503677,0.2084089070558548,0.4942014217376709,0.0482994876801967,0.6108171343803406,0.2090931087732315,28.90216445922852,151.09783554077148,0.0006197905167937,1,97.125,76.125,8.911458466192201,0.2608506944444444
D2_P239_H260_rand11,D2,239.0,260.0,rand11,110,ceiling_theta0,False,7,154.8036789894104,40.0,40.0,9c4fc05e2785c1978baa8837870f305eda042a2e86b9d18dfa16783deb4e95e3,0.0461222492158412,0.0461222454905509,0.1907044202089309,0.2232262343168258,0.2693484723567962,0.5399470925331116,0.0461222529411315,0.6558550000190735,0.3294710218906402,34.95498275756836,145.04501724243164,0.0002567026822362,1,131.94791666666669,2.489583333333333,2.746370814022725,0.4557291666666667
D2_P272_H140_mix~-home-usd4d2ddf4,D2,272.0,140.0,mix:/home/user/ENZ/rtype_perfectR_campaign/mining/seeds/mirror.npy+/home/user/ENZ/rtype_perfectR_campaign/mining/seeds/oldB.npy,110,ceiling_theta0,False,7,182.1187207698822,33.55443200000001,40.0,6346d751c1a10754ec2c98e896807eb259feff3df2c71cda399dd151966242ee,0.0454701147973537,0.0454701147973537,0.1501541137695312,0.3052924871444702,0.3507626354694366,0.4990832805633545,0.045470118522644,0.4611635208129883,0.699180543422699,36.31152725219727,143.6884727478027,0.0002793229941744,1,138.83333333333334,36.833333333333336,5.4048612133230165,0.4279513888888889
D2_P272_H290_warm~-home-uad7868eb,D2,272.0,290.0,warm:/home/user/ENZ/rtype_perfectR_campaign/mining/seeds/oldB.npy,110,ceiling_theta0,False,7,156.22526288032532,40.0,40.0,1ddd64d6ba151aafd0bb0aa7c94ba362c606ab5ecb2612294aebf72297beb64d,0.0424803867936134,0.0424803867936134,0.2812787294387817,0.1569289565086364,0.1994093358516693,0.5193119049072266,0.042480394244194,0.6022307276725769,0.1900967806577682,1.3875256776809692,178.61247432231903,0.000223987706704,1,99.16666666666669,93.5,18.19645217968184,0.23046875
D2_P252_H230_warm~-home-u07849f62,D2,252.0,230.0,warm:/home/user/ENZ/rtype_perfectR_campaign/mining/seeds/mirror.npy,110,ceiling_theta0,False,7,195.88725781440732,40.0,40.0,6a6c1b4e72f7a2acda1506e20905547b473a6914261048f9eb6772315c99ff8c,0.0409059561789035,0.040905974805355,0.22383913397789,0.3089215457439422,0.3498275279998779,0.426333338022232,0.0409059897065162,0.7031776309013367,0.4529858529567718,32.71014404296875,147.28985595703125,0.0003560078912414,1,191.625,13.125,4.614608321912925,0.5190972222222222
D2_P252_H170_mix~-home-usd4d2ddf4,D2,252.0,170.0,mix:/home/user/ENZ/rtype_perfectR_campaign/mining/seeds/mirror.npy+/home/user/ENZ/rtype_perfectR_campaign/mining/seeds/oldB.npy,110,ceiling_theta0,False,7,182.00764894485476,20.97152000000001,40.0,bafb6983c615a2420df0d176fc89379a33424b0afd1abc566d9b50d6f181c6cd,0.0386816188693046,0.0386816188693046,0.2770253419876098,0.111714944243431,0.1503965854644775,0.5725780725479126,0.0386816225945949,0.3240501582622528,0.4424756169319153,59.37919998168945,120.62080001831056,7.169031596276909e-05,1,144.375,28.875,3.7116545821495066,0.4761284722222222
D2_P264_H290_warm~-home-uad7868eb,D2,264.0,290.0,warm:/home/user/ENZ/rtype_perfectR_campaign/mining/seeds/oldB.npy,110,ceiling_theta0,False,7,160.2550492286682,40.0,40.0,b031fa33ed56421d0934909a43ff23b1441d78b6aed579d28ad47b7d3c4db175,0.0385004803538322,0.0385004803538322,0.30199134349823,0.1479089558124542,0.186409443616867,0.5115991830825806,0.0385004878044128,0.5798442959785461,0.191309854388237,9.50035572052002,170.49964427947998,0.0001627801539143,1,96.25,85.25,15.04581298445855,0.2391493055555555
D2_P239_H290_warm~-home-ue54944fa,D2,239.0,290.0,warm:/home/user/ENZ/rtype_perfectR_campaign/mining/seeds/newA.npy,110,ceiling_theta0,False,7,188.0425081253052,40.0,40.0,881f328c687a34742382fa881cb1f01af2c551a1e54392170c2d027ef034d6eb,0.0371221788227558,0.0371221713721752,0.3854920268058777,0.101332813501358,0.1384550184011459,0.4760529398918152,0.0371221825480461,0.4922518730163574,0.1860055923461914,45.46993637084961,134.5300636291504,0.0002523532020859,1,92.11458333333334,62.239583333333336,3.664191393587629,0.2777777777777778
D2_P272_H290_rand11,D2,272.0,290.0,rand11,110,ceiling_theta0,False,7,153.66062784194946,40.0,40.0,273a9392182a3ba94671f87a4d2357d30ff1151c9ea211d668085e687abe95ef,0.0316772796213626,0.0316772870719432,0.4472491443157196,0.1939317435026168,0.2256090342998504,0.3271417915821075,0.0316772833466529,0.5518036484718323,0.3830545544624328,-320.1414489746094,140.14144897460938,8.478372183162719e-05,1,184.16666666666669,2.833333333333333,0.0428794985594862,0.5364583333333334
D2_P278_H140_multi7,D2,278.0,140.0,multi7,110,ceiling_theta0,False,7,138.1667037010193,40.0,40.0,db43285b62f3c4cb507475a4e2bb73301a7febdf68d45ea4fb6059e91a17fcf9,0.0315507464110851,0.0315507464110851,0.0729075074195861,0.3761037588119507,0.4076544940471649,0.5194379687309265,0.0315507501363754,0.651780366897583,0.624893069267273,32.225223541259766,147.77477645874023,0.0001430435222573,1,118.72916666666669,2.895833333333333,1.1231340921032995,0.46484375
D2_P278_H290_rand11,D2,278.0,290.0,rand11,110,ceiling_theta0,False,7,149.7875964641571,40.0,40.0,80092fee7e07c93b23f15ca447711fabb650cdcc94218e4c3f59a792d948079a,0.0279743392020463,0.0279743392020463,0.3816402554512024,0.1652522981166839,0.1932266354560852,0.4251331090927124,0.0279743447899818,0.3844569325447082,0.4885141849517822,316.9644470214844,136.96444702148438,0.0001972095196833,1,182.4375,2.895833333333333,0.0360076571851948,0.5360243055555556
D2_P239_H230_warm~-home-u07849f62,D2,239.0,230.0,warm:/home/user/ENZ/rtype_perfectR_campaign/mining/seeds/mirror.npy,110,ceiling_theta0,False,7,196.0376946926117,40.0,40.0,ec7227d14a51e74577fa2195c97092eb886037eb60594cbc817dc80a4aa16b21,0.026332102715969,0.0263321176171302,0.2677025198936462,0.241366297006607,0.2676984369754791,0.464599072933197,0.0263321194797754,0.627235472202301,0.3767923712730407,24.513904571533203,155.4860954284668,0.0002644151099957,1,201.65625,2.489583333333333,0.576668331806431,0.5
D2_P252_H260_mix~-home-usd4d2ddf4,D2,252.0,260.0,mix:/home/user/ENZ/rtype_perfectR_campaign/mining/seeds/mirror.npy+/home/user/ENZ/rtype_perfectR_campaign/mining/seeds/oldB.npy,110,ceiling_theta0,False,7,196.43786215782168,40.0,40.0,482da6ca4dc9954e50dd1a4f79abecbc242d8f2a6da986c845af819295c84494,0.0254392810165882,0.0254392810165882,0.279990941286087,0.1359232366085052,0.1613625437021255,0.558646559715271,0.0254392810165882,0.3925908207893371,0.4106062650680542,-313.2657470703125,133.2657470703125,0.0001826219231588,1,133.875,34.125,6.312182836301332,0.4353298611111111
D2_P264_H200_warm~-home-u07849f62,D2,264.0,200.0,warm:/home/user/ENZ/rtype_perfectR_campaign/mining/seeds/mirror.npy,110,ceiling_theta0,False,7,194.00452852249143,40.0,40.0,1ea634d563d7c169104263b5bd294e0ecc59fa3d42e1481f23de52535de515aa,0.0233977250754833,0.0233977288007736,0.1845661997795105,0.3134115040302276,0.3368092775344848,0.4786245226860046,0.0233977269381284,0.678665816783905,0.4615530669689178,22.202991485595703,157.7970085144043,6.047706847311929e-05,1,217.25,8.25,2.2060269439200937,0.5677083333333334
D2_P226_H290_multi7,D2,226.0,290.0,multi7,110,ceiling_theta0,False,7,209.1306803226471,40.0,40.0,b7a3c91de2e3af470a566728b7222c0dadc5b29d08669aa9173bbf70356967f1,0.0141794700175523,0.014179490506649,0.2510966062545776,0.2427777647972107,0.2569572329521179,0.4919461607933044,0.0141794923692941,0.4807342886924743,0.5317978858947754,-26.597671508789062,153.40232849121094,0.0003257767821196,1,72.97916666666666,2.3541666666666665,1.6659581827523198,0.4522569444444444
D2_P252_H290_warm~-home-ue54944fa,D2,252.0,290.0,warm:/home/user/ENZ/rtype_perfectR_campaign/mining/seeds/newA.npy,110,ceiling_theta0,False,7,171.4417781829834,40.0,40.0,1136bc49b20d6104bab76428cd48cca5b8e1713c644a57513229990c29cff5c0,0.0137366820126771,0.0137366913259029,0.4246312379837036,0.0856915563344955,0.0994282588362693,0.4759405255317688,0.0137366913259029,0.4064716696739197,0.18340465426445,15.158758163452148,164.84124183654785,0.0001997101499,1,91.875,70.875,12.13467967735096,0.2504340277777778
D2_P264_H290_warm~-home-ue54944fa,D2,264.0,290.0,warm:/home/user/ENZ/rtype_perfectR_campaign/mining/seeds/newA.npy,110,ceiling_theta0,False,7,164.65856456756592,40.0,40.0,19cee5505c95a0cfc8dd4413aa1c74f7e46817f07ce8900e5edde93db24172f4,0.0111603029072284,0.0111603122204542,0.4357006549835205,0.0696858316659927,0.0808462798595428,0.4834530353546142,0.0111604295670986,0.3605414927005768,0.1780503839254379,-24.260231018066406,155.7397689819336,0.0007179548847489,3,8.25,68.75,5.413010390995851,0.2170138888888889
D2_P252_H260_rand11,D2,252.0,260.0,rand11,110,ceiling_theta0,False,7,151.00528168678284,33.55443200000001,40.0,e8085f2ac463e9e27c8f942fe866778a1a7933cdf47b82f1c658fd726dafb727,0.0109673524275422,0.0109673542901873,0.365095853805542,0.0688318312168121,0.0797991901636123,0.5551049709320068,0.0109673626720905,0.2956086695194244,0.2687264084815979,316.7544860839844,136.75448608398438,0.0002003534609684,1,186.375,2.625,0.734376107056832,0.4409722222222222
D2_P278_H260_warm~-home-u07849f62,D2,278.0,260.0,warm:/home/user/ENZ/rtype_perfectR_campaign/mining/seeds/mirror.npy,110,ceiling_theta0,False,7,199.4776017665863,40.0,40.0,faea1fdbdf927d8220f54c66a60ed71c453752bd29d63f9fd79fc66a976b8adf,0.0090353116393089,0.0090353097766637,0.0867084488272667,0.5449537634849548,0.5539891123771667,0.3593024313449859,0.0090353116393089,0.7015087604522705,0.7847698330879211,-346.77313232421875,166.77313232421875,9.78998068603687e-05,1,83.97916666666667,14.479166666666668,3.744440783099563,0.4613715277777778
D2_P239_H260_mix~-home-usd4d2ddf4,D2,239.0,260.0,mix:/home/user/ENZ/rtype_perfectR_campaign/mining/seeds/mirror.npy+/home/user/ENZ/rtype_perfectR_campaign/mining/seeds/oldB.npy,110,ceiling_theta0,False,7,205.7773494720459,40.0,40.0,5bb4adb8e47123e6abb6a7fde675245e4d5f1961d54bdcc7e9106576b7fcbcaf,0.0069750943221151,0.0069750966504216,0.2231674194335937,0.1933936178684234,0.200368732213974,0.5764638185501099,0.0069751236587762,0.4773745238780975,0.4157535135746002,-339.9305725097656,159.93057250976562,0.0003372558858245,1,117.01041666666669,22.40625,5.525362911034804,0.4752604166666667
D2_P252_H290_rand11,D2,252.0,290.0,rand11,110,ceiling_theta0,False,7,165.2729847431183,40.0,20.97152000000001,85b3b76c01f84087ed1b4ae1b2b454e216050668d3524a34de09b0efaf724146,0.0058393697254359,0.0058393687941133,0.4908312559127807,0.0792315304279327,0.0850709080696106,0.4240978360176086,0.0058393692597746,0.3519221246242523,0.2151572257280349,14.239646911621094,165.7603530883789,3.05635949189309e-05,1,175.875,2.625,0.2978023592123975,0.4787326388888889
D2_P239_H290_rand11,D2,239.0,290.0,rand11,110,ceiling_theta0,False,7,181.3176839351654,40.0,33.55443200000001,4dd5fa25ad5c44af996b669fb1463b2d1d55c073ec10fa86814617ecd7eb9b6e,0.0041759209707379,0.0041759270243346,0.3382691144943237,0.2003549635410308,0.2045309245586395,0.4571999311447143,0.0041759498417377,0.4462771713733673,0.4581466615200043,16.362947463989258,163.63705253601074,0.0005431277677416,1,72.19791666666667,37.34375,5.150339260892807,0.3615451388888889
D2_P239_H170_rand11,D2,239.0,170.0,rand11,110,ceiling_theta0,False,7,140.51744389533997,33.55443200000001,40.0,33e1662f469fb9284c0591dfc74a3f09598f4d3baf775c58dda4eb9c83653951,0.0027646680828183,0.0027646687813103,0.2079406380653381,0.1718732118606567,0.174637883901596,0.6174214482307434,0.0027646697126328,0.3791970908641815,0.4533048868179321,10.32480812072754,169.67519187927246,0.0002218394656665,1,191.69791666666669,2.489583333333333,0.576668331806431,0.5394965277777778
D2_P264_H230_warm~-home-u07849f62,D2,264.0,230.0,warm:/home/user/ENZ/rtype_perfectR_campaign/mining/seeds/mirror.npy,110,ceiling_theta0,False,7,191.62361097335813,40.0,40.0,233e6942b3d43b57ba8dd4f6f63af16201d6925573529c5441d1fb66fa8c2020,0.0018984745256602,0.0018985422793775,0.2000877857208252,0.3207147121429443,0.3226132690906524,0.4772989749908447,0.0018985958304256,0.5982942581176758,0.535975992679596,6.166062831878662,173.83393716812134,0.0006976965814828,1,195.25,19.25,11.116071805018493,0.484375
D2_P252_H290_mix~-home-usd4d2ddf4,D2,252.0,290.0,mix:/home/user/ENZ/rtype_perfectR_campaign/mining/seeds/mirror.npy+/home/user/ENZ/rtype_perfectR_campaign/mining/seeds/oldB.npy,110,ceiling_theta0,False,7,224.6425802707672,40.0,40.0,cfb0c5fa7ebe618fded1e19cd39908947823cbf717cd663b1cc47c9908918ec1,0.0010054330341517,0.0010054332669824,0.2607026994228363,0.2351083159446716,0.2361137866973877,0.5031834840774536,0.0010054572485387,0.4586219191551208,0.5117552876472473,4.095340728759766,175.90465927124023,0.0003169199917465,1,102.375,28.875,9.249500922599893,0.3949652777777778
D2_P272_H290_warm~-home-u07849f62,D2,272.0,290.0,warm:/home/user/ENZ/rtype_perfectR_campaign/mining/seeds/mirror.npy,110,ceiling_theta0,False,7,201.9484395980835,40.0,40.0,489ad6492d36aa05ed20cf7f847c5d75f92a74d55922225316e44eb11e30bc0d,0.0007824685890227,0.0007824693457223,0.4011697173118591,0.2527014017105102,0.2534839510917663,0.3453463315963745,0.0007824693457223,0.5132176876068115,0.4935336709022522,-354.0354919433594,174.03549194335938,0.0001034682354656,1,240.83333333333331,2.833333333333333,0.3751799080213089,0.4774305555555556
D2_P226_H260_rand11,D2,226.0,260.0,rand11,110,ceiling_theta0,False,7,168.1419723033905,40.0,40.0,da8d3b42f77fb2a662d520d231c08dadadfb73d94fafe491469370db0aa62def,0.0006758390809409,0.0006758429226465,0.2977921366691589,0.1751680821180343,0.1758439540863037,0.5263639092445374,0.0006758428644388,0.3997347354888916,0.4380639493465423,355.1883544921875,175.1883544921875,0.0001982356770895,1,101.22916666666666,2.3541666666666665,2.3008808944959758,0.5251736111111112
D2_P252_H140_rand11,D2,252.0,140.0,rand11,110,ceiling_theta0,False,7,135.4556565284729,33.55443200000001,40.0,2d286f354ca61f1f695199797f14a901c3260f5e7afcb7220368e391eaaeb85d,0.0003233558963984,0.0003233605821151,0.1706512570381164,0.2997527420520782,0.3000760972499847,0.5292726159095764,0.000323362648487,0.5476474165916443,0.5479365587234497,3.762177467346192,176.2378225326538,0.000253893493209,1,191.625,28.875,3.007487238697891,0.4939236111111111
D2_P272_H140_warm~-home-u07849f62,D2,272.0,140.0,warm:/home/user/ENZ/rtype_perfectR_campaign/mining/seeds/mirror.npy,110,ceiling_theta0,False,7,178.5011749267578,40.0,40.0,75b57c773f6764330f54574debeb48a881ad05cf58fcf0603c19f809d8f82a27,0.0003224290267098,0.000322429172229,0.2384417802095413,0.2448440194129943,0.2451664507389068,0.5163918137550354,0.0003224294632673,0.4821716845035553,0.5077828168869019,-2.915411710739136,177.08458828926086,5.901676559005864e-05,1,189.83333333333331,14.166666666666668,19.92899910349051,0.4032118055555556
D2_P272_H230_warm~-home-u07849f62,D2,272.0,230.0,warm:/home/user/ENZ/rtype_perfectR_campaign/mining/seeds/mirror.npy,110,ceiling_theta0,False,7,192.1462905406952,33.55443200000001,40.0,9a34593efabdf50ae5730c7f01c5a98700dc2d8304faa7cd704d723157b16648,0.0002768558915704,0.0002768612175714,0.4222428798675537,0.1616840213537216,0.1619609296321869,0.415796160697937,0.0002768620615825,0.4118321239948272,0.3928309082984924,3.8924429416656494,176.10755705833435,0.0001567248546052,1,206.83333333333331,14.166666666666668,12.349886230053926,0.4900173611111111
D2_P278_H230_warm~-home-u07849f62,D2,278.0,230.0,warm:/home/user/ENZ/rtype_perfectR_campaign/mining/seeds/mirror.npy,110,ceiling_theta0,False,7,201.81840896606445,40.0,40.0,9b917c02c08e67e3df63e0d75939f79c3ea8158ee7c25227e23934602b04f75b,0.0002605222398415,0.0002605232584755,0.2299347817897796,0.2877533137798309,0.2880138754844665,0.4820513427257538,0.0002605253830552,0.5492604970932007,0.5237753987312317,2.1167030334472656,177.8832969665527,0.0001127044815802,1,199.8125,26.0625,18.8489460793426,0.4396701388888889
D2_P239_H170_warm~-home-u07849f62,D2,239.0,170.0,warm:/home/user/ENZ/rtype_perfectR_campaign/mining/seeds/mirror.npy,110,ceiling_theta0,False,7,186.2028222084045,40.0,40.0,d425151415ce363e2f4e08b1be2f1fce04b41b5556240a7a35f502c86a8d016b,0.0002551353536546,0.0002551353536546,0.1936489641666412,0.2210255861282348,0.2212807238101959,0.5850703716278076,0.0002551361103542,0.4588630199432373,0.4816702008247375,2.7264339923858643,177.27356600761414,7.070743595249951e-05,1,196.67708333333331,17.427083333333336,0.9949928139376992,0.5203993055555556
D2_P252_H140_warm~-home-u07849f62,D2,252.0,140.0,warm:/home/user/ENZ/rtype_perfectR_campaign/mining/seeds/mirror.npy,110,ceiling_theta0,False,7,191.53343868255612,40.0,40.0,350b767e3ea2092964ac7f65c188e07c3518d1560acb4adbfad729dd5166df01,0.0001960017398232,0.0001960023364517,0.1719869822263717,0.3151500821113586,0.3153461217880249,0.5126668810844421,0.0001960023364517,0.554593563079834,0.5684348940849304,-2.483975887298584,177.51602411270142,4.948733112541959e-05,1,191.625,18.375,12.763956143887796,0.46875
D2_P226_H170_rand11,D2,226.0,170.0,rand11,150,ceiling_theta0,False,7,417.6984484195709,40.0,40.0,92217c4bbad4d4b7733249c45aca82eb7817ba8ca6baa4188cb82ca794f90b8e,0.0001378692104481,0.0001378802844556,0.1823778748512268,0.2310846745967865,0.2312225848436355,0.5863995552062988,0.0001379015739075,0.4693121910095215,0.492129236459732,0.6622756123542786,179.33772438764572,0.0003681158996187,1,195.3958333333333,2.3541666666666665,0.1249722843092939,0.5750868055555556
D2_P272_H260_warm~-home-u07849f62,D2,272.0,260.0,warm:/home/user/ENZ/rtype_perfectR_campaign/mining/seeds/mirror.npy,110,ceiling_theta0,False,7,194.5223560333252,40.0,40.0,77682de0c57d10116e6238050ca333f12f96b26c8bad9c6851bb9675566d1e35,6.886639312142506e-05,6.886640767334029e-05,0.1234471648931503,0.5369294881820679,0.5369983911514282,0.3395544290542602,6.887225026730448e-05,0.7392275333404541,0.7263191342353821,-0.8157705068588257,179.18422949314115,0.0001684503658907,2,65.16666666666667,14.166666666666668,5.822299129658887,0.4856770833333333
D2_P226_H260_warm~-home-ue54944fa,D2,226.0,260.0,warm:/home/user/ENZ/rtype_perfectR_campaign/mining/seeds/newA.npy,110,ceiling_theta0,False,7,179.0880138874054,40.0,13.107200000000004,c4cb1ebd93bf7dda1bbe50d038ddd410b1d6084d51ed6b3c2f7605f2c1e116f7,6.853910599602386e-05,6.854582898085937e-05,0.409275084733963,0.0692680180072784,0.0693365633487701,0.5213884115219116,6.854721868876368e-05,0.2565721571445465,0.2698959708213806,-2.140458345413208,177.8595416545868,0.0001807415101211,1,105.9375,44.72916666666666,31.726967774612703,0.2217881944444444
D2_P252_H140_multi7,D2,252.0,140.0,multi7,110,ceiling_theta0,False,7,135.89962196350098,33.55443200000001,40.0,c4e679d7d3b92e767ab2a0a4b78047fcf655718c98c3bfd4c50f999949c013a0,5.648545993608423e-05,5.649001832352951e-05,0.1886651515960693,0.2884310483932495,0.2884875535964966,0.5228472948074341,5.649594459100626e-05,0.5357255339622498,0.5384916067123413,-1.576134443283081,178.42386555671692,0.0002061157720163,1,181.125,23.625,6.378024237256923,0.4861111111111111
D2_P239_H140_warm~-home-u07849f62,D2,239.0,140.0,warm:/home/user/ENZ/rtype_perfectR_campaign/mining/seeds/mirror.npy,110,ceiling_theta0,False,7,180.89372754096985,20.97152000000001,40.0,ce4b4481409e09d24adf310471d15fe7127f2ea66da737f7799efaa6db15e4a2,4.694936069427058e-05,4.695176176028326e-05,0.1430615782737732,0.3521929383277893,0.3522399663925171,0.5046984553337097,4.695427924161777e-05,0.5928493142127991,0.5941460728645325,-1.3170517683029177,178.68294823169708,0.0001713357341941,1,196.67708333333331,12.447916666666668,5.525362911034804,0.5256076388888888
D2_P252_H260_warm~-home-u07849f62,D2,252.0,260.0,warm:/home/user/ENZ/rtype_perfectR_campaign/mining/seeds/mirror.npy,110,ceiling_theta0,False,7,193.5244626998901,33.55443200000001,40.0,d642c5585150232070255f78da6a7c0b45f24534c9fde63f4e9fb8d8b017297d,2.7812920961878262e-05,2.7816378860734403e-05,0.42543625831604,0.0710342302918434,0.0710620582103729,0.5035016536712646,2.782001683954149e-05,0.2686599493026733,0.2644728124141693,2.080994844436645,177.91900515556335,0.0003767934977076,1,186.375,28.875,14.462078370725225,0.4153645833333333
D2_P226_H290_warm~-home-ue54944fa,D2,226.0,290.0,warm:/home/user/ENZ/rtype_perfectR_campaign/mining/seeds/newA.npy,110,ceiling_theta0,False,7,212.66998982429504,40.0,33.55443200000001,7d4943200362dedc55207ced44f5f435a41a286e09c6d8b5ebde040d62a37859,9.497457540419418e-06,9.497631253907455e-06,0.4368073940277099,0.0566716268658638,0.0566811300814151,0.5065114498138428,9.499413863522932e-06,0.2411311566829681,0.2349851429462433,0.1119467988610267,179.88805320113897,9.840878192335369e-05,1,110.64583333333331,44.72916666666666,35.60347976171088,0.2126736111111111
D2_P252_H290_warm~-home-u07849f62,D2,252.0,290.0,warm:/home/user/ENZ/rtype_perfectR_campaign/mining/seeds/mirror.npy,110,ceiling_theta0,False,7,219.22696375846863,40.0,40.0,aad53e6e19477393c273743bc13ef03374b4d4341f8215a934a778f5c090d40f,8.679692655277904e-06,8.686419278092217e-06,0.4435627460479736,0.2585562467575073,0.2585649490356445,0.2978723049163818,8.6875388660701e-06,0.5065179467201233,0.5104600191116333,-0.4934675097465515,179.50653249025345,0.0001776241551851,1,217.875,2.625,0.734376107056832,0.5303819444444444
D2_P239_H290_warm~-home-u07849f62,D2,239.0,290.0,warm:/home/user/ENZ/rtype_perfectR_campaign/mining/seeds/mirror.npy,110,ceiling_theta0,False,7,238.5758867263794,40.0,40.0,b11178b7aedd1f95a5f80baf2c213d97f3abeb3ea8532dd8b880e671e1be0a68,6.68590837449301e-06,6.69065821057302e-06,0.4931214153766632,0.1049834936857223,0.1049901843070983,0.4018884003162384,6.69188966639922e-06,0.325670450925827,0.322364866733551,0.7032772898674011,179.2967227101326,0.0001663097937125,1,201.65625,27.385416666666668,2.746370814022754,0.4735243055555556
D2_P226_H260_multi7,D2,226.0,260.0,multi7,110,ceiling_theta0,False,7,172.09812569618225,40.0,33.55443200000001,158408036921c8366c3b381ae777d0fc41f94b475c3b4812bfc9602248d13f11,9.4099124225977e-07,9.445456043977174e-07,0.4075343608856201,0.0646768733859062,0.0646778345108032,0.5277878046035767,9.459610055273516e-07,0.2552026212215423,0.2534309923648834,-0.1781586557626724,179.82184134423733,0.0002028108283411,1,115.35416666666666,44.72916666666666,36.04917489732055,0.2230902777777778
D2_P239_H260_warm~-home-u07849f62,D2,239.0,260.0,warm:/home/user/ENZ/rtype_perfectR_campaign/mining/seeds/mirror.npy,110,ceiling_theta0,False,7,209.50353622436523,40.0,40.0,2a7bba46e5a03ce77281c4917802e7eb22da5520ed7089f7e7bfc4266714b83e,3.6948412684978393e-07,3.700076263157826e-07,0.4707013666629791,0.0678538233041763,0.0678542107343673,0.4614444077014923,3.792158906890109e-07,0.2610861957073211,0.2598891854286194,0.046718493103981,179.95328150689602,0.0001977114297915,1,186.71875,17.427083333333336,10.14183574331068,0.4700520833333333
D2_P239_H140_rand11,D2,239.0,140.0,rand11,110,ceiling_theta0,False,7,136.5301535129547,13.107200000000004,40.0,659cd6c70fe381ad10d22778634cc1b480029b66997d987e4b3f23e7ade66ced,7.277896685309315e-08,7.277922264847804e-08,0.1488471329212188,0.3499231338500976,0.3499231934547424,0.5012296438217163,7.384871736348941e-08,0.5913209915161133,0.5917650461196899,-0.0296976622194051,179.9703023377806,0.0001064396274159,1,186.71875,12.447916666666668,4.404507128730515,0.5303819444444444
