tag,stage,P,h,pad_frac,realized_pad_nm,seed,n_iter,order,warm_start,Fz_soft,Fz_hard,Fx_hard,Fy_hard,Ftot_hard,A_hard,R_hard,T_hard,eta_z_hard,identity_resid_hard,mean_Ez2_hard,max_Ez2_hard,Fz_best_history,fill,fill_active,s_flip_lr,s_flip_ud,s_inv,binarization_final,wall_s
P825_h600_pad0.12_s1001,stage1,825.0,600.0,0.12,96.6796875,1001,80,5,False,0.9502650580669165,0.9502792840221587,0.027676696612048524,0.016637541903924538,0.9945935225381317,0.9947877601622008,0.0021187287058486884,0.0030935111319504585,0.9554448752060175,-0.0001942376240691157,19.824930939475603,113.70440399448003,0.950264229163183,0.2828369140625,0.48250728862973763,0.8964515478504705,0.31643242212671935,0.9002948732883175,0.0019082665491677903,81.27964186668396
P825_h500_pad0.12_s333,stage1,825.0,500.0,0.12,96.6796875,333,80,5,False,0.945648993145197,0.9456568632956494,0.028470640638645208,0.011071880780363084,0.9851993847146576,0.9853783111119939,0.01243234021901668,0.0021893486689893026,0.9598634326893526,-0.00017892639733629867,19.728497003455896,104.37385285959309,0.9456486950942286,0.33380126953125,0.5694502290712203,0.54526335185338,0.3970083775638937,0.563080626156136,0.0013199100539021396,85.90980052947998
P825_h500_pad0.08_s333,stage1,825.0,500.0,0.08,64.453125,333,80,5,False,0.9452298240551624,0.9452166527472372,0.02812302567721522,0.010956549511039948,0.9842962279354923,0.9844746779536495,0.009587267086121188,0.005938054960229265,0.960296936959494,-0.00017845001815719463,19.719313236254152,105.18130850160662,0.945229513454332,0.33453369140625,0.4699074074074074,0.6315317330639948,0.4866395985604382,0.672389232285502,0.0013351233466694621,87.2300672531128
P825_h500_pad0.08_s1001,stage1,825.0,500.0,0.08,64.453125,1001,80,5,False,0.9442986566674237,0.9442729345116674,0.027717632520936605,0.011473211133398947,0.9834637781660028,0.9836429828212385,0.012477567096080729,0.0038794500826807997,0.9601501910650743,-0.0001792046552356874,19.699625183319537,104.63463955603214,0.944298653797546,0.334228515625,0.46947873799725653,0.6361406646453956,0.3503103080220465,0.6452614262872066,0.0015872102878787971,109.44395565986633
P850_h600_pad0.12_s333,stage1,850.0,600.0,0.12,99.609375,333,80,5,False,0.9411516524028967,0.9411534456735038,0.02619759070250704,0.017753137930104346,0.9851041743061152,0.9852880308208697,0.012524333311196319,0.0021876358679340543,0.955384689478583,-0.00018385651475449905,19.634545735810907,124.08305155266956,0.9411514495063609,0.24078369140625,0.4107663473552686,0.9904486827473161,0.6129154911074965,1.0142208107598927,0.0013844044586983034,142.69717812538147
P750_h500_pad0.08_s1001,stage1,750.0,500.0,0.08,58.59375,1001,80,5,False,0.9408780196209295,0.9408938716250546,0.034649073508254066,0.015734230086331572,0.9912771752196403,0.9914935484206466,0.004892659529080609,0.003613792050272825,0.9491733443943948,-0.00021637320100631463,19.629130446147425,90.96793179704652,0.9408778641472618,0.421630859375,0.5922496570644719,0.656798220705174,0.2646954745882822,0.6611915688191097,0.001856112029277936,112.02817583084106
P750_h500_pad0.08_s333,stage1,750.0,500.0,0.08,58.59375,333,80,5,False,0.9405218814568197,0.9404893990009895,0.0355026536844803,0.015785324115759534,0.9917773768012295,0.9919941299033156,0.004067610639083289,0.0039382594576010685,0.9482868040752668,-0.0002167531020861313,19.620692251214816,90.91372138367527,0.9405216235393589,0.4259033203125,0.5982510288065843,0.6192664786867665,0.30567386993440643,0.622958114836267,0.001901637897540121,88.04592990875244
P850_h500_pad0.12_s333,stage1,850.0,500.0,0.12,99.609375,333,80,5,False,0.9398704631066075,0.9398596139343581,0.0239200243507888,0.007131373649545772,0.9709110119346928,0.9710724614156844,0.017600067726769298,0.011327470857546361,0.9680182863118837,-0.0001614494809916156,19.607553539614337,101.46355961542338,0.9398701777054156,0.3001708984375,0.5120783007080383,0.469483548982658,0.4371894412769485,0.525092218705998,0.0010873947131122782,89.40903878211975
P850_h600_pad0.12_s1001,stage1,850.0,600.0,0.12,99.609375,1001,80,5,False,0.9391383959447073,0.9391274544127932,0.026515007426495082,0.016154761282191257,0.9817972231214795,0.9819794828898317,0.016173695928839295,0.0018468211813290004,0.9565391226377438,-0.0001822597683521776,19.592279070102315,127.34325741247542,0.9391384576376565,0.2340087890625,0.39920866305705954,1.0224399305487801,0.4021330709869922,1.0254965589841163,0.0020229254936446157,81.29417490959167
P850_h400_pad0.12_s7777,stage1,850.0,400.0,0.12,99.609375,7777,80,5,False,0.9385462017675998,0.9385374325714523,0.030347751924872123,0.007396353414825724,0.9762815379111501,0.9764374811963316,0.018801503972836538,0.004761014830831881,0.9613389131372339,-0.00015594328518142575,19.579969907465557,94.5801474245639,0.9385460530315176,0.32965087890625,0.5623698458975427,0.3785588395982267,0.36562131822816274,0.41316961158738486,0.0007584837872850396,69.82045984268188
P850_h400_pad0.12_s333,stage1,850.0,400.0,0.12,99.609375,333,80,5,False,0.938334555976897,0.9383414338277537,0.030241280887015904,0.007392806743049365,0.9759755214578191,0.9761316419577587,0.019462729856506513,0.004405628185734791,0.9614395168704117,-0.00015612049993962707,19.57588093949227,94.99683945249444,0.9383344096074314,0.32769775390625,0.5590379008746356,0.4143990570769189,0.2816813526471537,0.42940875550823776,0.0007268115693619293,71.45578980445862
P850_h400_pad0.12_s1001,stage1,850.0,400.0,0.12,99.609375,1001,80,5,False,0.9383182039089323,0.9383177334569939,0.029892683235658746,0.007359395697190614,0.9755698123898432,0.9757260528091818,0.020341525305119706,0.00393242188569858,0.9618150557143693,-0.00015624041933859356,19.575386497256755,95.69082664446483,0.9383188402599515,0.32745361328125,0.5586214077467722,0.32134386966647954,0.23088629429805438,0.33829791598932635,0.0006731633952614802,69.26054954528809
P850_h400_pad0.08_s7777,stage1,850.0,400.0,0.08,66.40625,7777,80,5,False,0.9359714703426086,0.9359587749902791,0.030188836288653317,0.007645057889663228,0.9737926691685957,0.973950207231959,0.021781671689653368,0.004268121078387568,0.9611478958753936,-0.0001575380633632717,19.526173398036317,101.85298606234409,0.9359713393563226,0.3214111328125,0.45147462277091904,0.33642069407657194,0.4087906074376052,0.4313925199474558,0.0006587591023798831,66.93139624595642
P850_h400_pad0.08_s1001,stage1,850.0,400.0,0.08,66.40625,1001,80,5,False,0.9349066802873112,0.9348633586638576,0.03145138680299253,0.008028718742893523,0.9743434642097437,0.9745027540732104,0.02271301787512831,0.0027842280516612466,0.9594802993029701,-0.00015928986346669394,19.503320586882353,102.34789023242287,0.934908535875947,0.320556640625,0.4502743484224966,0.4509446799122963,0.19514284806274118,0.45178835638405307,0.000756037553540629,68.29440236091614
P850_h400_pad0.08_s333,stage1,850.0,400.0,0.08,66.40625,333,80,5,False,0.9346553179418112,0.9346539319148469,0.03088436501079503,0.007922559430336448,0.9734608563559783,0.9736198182256572,0.022647271041018754,0.003732910733324048,0.9601350951219548,-0.00015896186967889747,19.498951480972305,102.79230148213627,0.9346551668295542,0.31982421875,0.4492455418381344,0.49036518561901965,0.3101341743614693,0.5124406500730873,0.000661070821620929,71.0866425037384
P825_h400_pad0.08_s333,stage1,825.0,400.0,0.08,64.453125,333,80,5,False,0.932666791071891,0.9326408031838607,0.03315787296368174,0.009379664616408857,0.9751783407639514,0.9753447743642534,0.01826244056669183,0.0063927850690548285,0.9563797350679806,-0.00016643360030199617,19.456953156127053,92.32100170931876,0.9326670729171519,0.368896484375,0.5181755829903978,0.5322181148492222,0.38244052409131574,0.5529536836906699,0.001216391242893033,64.09901833534241
P825_h400_pad0.12_s7777,stage1,825.0,400.0,0.12,96.6796875,7777,80,5,False,0.9323565702652312,0.9323377870184516,0.031372773639647945,0.007174158624733929,0.9708847192828334,0.9710413084520859,0.017759757099824223,0.011198934448089858,0.9602971068564604,-0.00015658916925254118,19.450631567670076,83.90056079020175,0.9323561631650512,0.369140625,0.6297376093294461,0.26602104384276776,0.2954684201426394,0.33727824382342503,0.0008117651830539592,70.45995092391968
P825_h400_pad0.12_s333,stage1,825.0,400.0,0.12,96.6796875,333,80,5,False,0.9321780953403335,0.9322037789147979,0.03121487696165958,0.0071735943943234,0.9705922502707808,0.970749136097562,0.019160045962475485,0.010090817939962533,0.9604484052440424,-0.00015688582678119456,19.447835861770837,84.68195057027222,0.9321778018601469,0.36651611328125,0.6252603082049146,0.2844864780673486,0.27857135232238267,0.33001400318484203,0.0011376971436637855,69.97279000282288
P825_h400_pad0.08_s7777,stage1,825.0,400.0,0.08,64.453125,7777,80,5,False,0.9315481184541474,0.9315589968609624,0.03302144682269931,0.00940591390534654,0.9739863575890082,0.9741497294217374,0.015783009090536898,0.010067261487725701,0.95643947125392,-0.00016337183272918665,19.434384279795697,91.1409215190971,0.9315484432322217,0.37139892578125,0.5216906721536351,0.5313507384307429,0.5060034004322232,0.530112156936435,0.0011848992695680548,67.34287691116333
P825_h400_pad0.12_s1001,stage1,825.0,400.0,0.12,96.6796875,1001,80,5,False,0.9313819690271607,0.931371241797736,0.030770576931612656,0.007136328354422989,0.9692781470837718,0.9694353966658911,0.021228549088060697,0.0093360542460482,0.9608916125881051,-0.00015724958211926765,19.430467293258598,85.95014426610715,0.931381925755019,0.3646240234375,0.6220324864639734,0.1901490966112707,0.21337908225006846,0.22706110609017832,0.000787484043350628,70.24355959892273
P850_h500_pad0.08_s1001,stage1,850.0,500.0,0.08,66.40625,1001,80,5,False,0.9313314470161653,0.9313437321118254,0.022320493182474338,0.0058799565602104505,0.9595441818545102,0.9597021663382225,0.027615589789667667,0.012682243872109773,0.9706105771094544,-0.00015798448371229235,19.429893380270578,99.60214706008898,0.9313309306837319,0.28668212890625,0.4026920438957476,0.4173172835353476,0.292551781062666,0.4333352439867695,0.0007995010768885899,82.4314661026001
P825_h500_pad0.12_s1001,stage1,825.0,500.0,0.12,96.6796875,1001,80,5,False,0.9303786216840759,0.9303609702765021,0.02218307625713216,0.006280046764438345,0.9588240932980726,0.9589835439738571,0.017364985743722763,0.02365147028242006,0.9703145517300616,-0.00015945067578448935,19.409390791355065,87.03247114202675,0.9303772712254724,0.3328857421875,0.5678883798417326,0.41426701741288996,0.22167148476529214,0.4160336225164657,0.0014187702088777504,103.72663712501526
P850_h500_pad0.08_s333,stage1,850.0,500.0,0.08,66.40625,333,80,5,False,0.9288152263669178,0.9288373848571219,0.02297139870607269,0.006627301876205872,0.9584360854394005,0.9585984978205266,0.027872375627538103,0.013529126551935227,0.9691177105787822,-0.00016241238112613132,19.377605424434552,113.59688991067729,0.9288142519549732,0.28594970703125,0.4016632373113855,0.5255479429524156,0.512386593642649,0.6146555898470321,0.001060812915277192,100.11953902244568
P850_h500_pad0.12_s1001,stage1,850.0,500.0,0.12,99.609375,1001,80,5,False,0.927012421086579,0.9270201104059833,0.022658432006190617,0.006528923737324305,0.9562074661494984,0.9563613271022744,0.021527910586390375,0.022110762311335286,0.9694759173330364,-0.0001538609527760304,19.33969305372664,99.58753141289807,0.9270120948114486,0.2930908203125,0.5,0.4405516968351612,0.2738042421428314,0.4662718228079943,0.001295499977188257,82.21301507949829
P750_h600_pad0.12_s333,stage1,750.0,600.0,0.12,87.890625,333,80,5,False,0.9254596522125101,0.9249626590212768,0.03128195352300359,0.02428289326426818,0.9805275058085486,0.9807688754792714,0.017271213808229425,0.0019599107124992606,0.9433316796743476,-0.0002413696707227464,19.296770060140492,102.857341898303,0.925456366492454,0.29046630859375,0.49552269887546857,0.6664915368486696,0.48208066241729375,0.6912535549283582,0.0017142459927830948,92.59152746200562
P825_h600_pad0.12_s333,stage1,825.0,600.0,0.12,96.6796875,333,80,5,False,0.9226288669655182,0.9225456969712268,0.030577235401641825,0.029303589203665124,0.9824265215765338,0.9826174502299871,0.004911740033146896,0.012470809736865963,0.9390480373949859,-0.00019092865345338161,19.24634687768116,96.24178383783186,0.9226271411646185,0.31268310546875,0.5334235735110371,0.7060708279303608,0.34051092038612474,0.7126749077293018,0.0015506296641863261,141.054217338562
P825_h400_pad0.08_s1001,stage1,825.0,400.0,0.08,64.453125,1001,80,5,False,0.9204813177813285,0.9205030440200851,0.03176831213039064,0.008809143755508448,0.9610804999059842,0.9612432972087681,0.025056847333822983,0.013699855457408937,0.9577793370171712,-0.00016279730278390137,19.20373261220091,93.07522606557323,0.9204806266852207,0.35870361328125,0.503858024691358,0.5824849807205472,0.20624914600139788,0.5848172622447971,0.000860783928210594,70.15886044502258
P750_h600_pad0.08_s333,stage1,750.0,600.0,0.08,58.59375,333,80,5,False,0.9205142475711711,0.9204411294264532,0.03616185915734143,0.021355485003944335,0.977958473587739,0.9781905758743932,0.012013475297154963,0.009795948828451773,0.9411863123898526,-0.00023210228665415666,19.20244093662349,99.4271353584093,0.9205121648009467,0.36395263671875,0.5112311385459534,0.8501708896884521,0.4459744102261422,0.8595870058115821,0.0017584480756208172,92.93895506858826
P750_h600_pad0.08_s1001,stage1,750.0,600.0,0.08,58.59375,1001,80,5,False,0.9160863002107468,0.9160657050319925,0.036878906626439445,0.0184884583015347,0.9714330699599665,0.9716624992341595,0.013210779383801018,0.015126721382039528,0.943004447099731,-0.00022942927419300485,19.111159891240774,102.25325331716189,0.9160832357951444,0.34515380859375,0.48482510288065844,0.9602165980232601,0.3208079984714987,0.9649929105533437,0.0023080276974167565,83.73118090629578
P850_h300_pad0.12_s333,stage1,850.0,300.0,0.12,99.609375,333,80,5,False,0.9122762932732847,0.9122767529554648,0.04362755035942487,0.007847846880125426,0.963752150195015,0.9639027365265249,0.006211048765875501,0.029886214707599577,0.946588552638628,-0.0001505863315098832,19.03211395757356,95.98484820935138,0.9122762897486958,0.3228759765625,0.5508121615993337,0.4041373926477305,0.2736023082183004,0.4224333148344737,0.00012302850956039658,71.49655771255493
P850_h300_pad0.12_s1001,stage1,850.0,300.0,0.12,99.609375,1001,80,5,False,0.9119855544557399,0.9119786660972706,0.044052909258345846,0.007926415129730168,0.9639579904853467,0.9641084762931288,0.006373852589842051,0.029517671117029184,0.9460771891502193,-0.00015048580778209697,19.025895205384572,95.84600100415827,0.9119854459843706,0.32281494140625,0.5507080383173678,0.29298213734617456,0.185502134178657,0.30685124370434635,0.0003719450252844827,70.38766598701477
P850_h300_pad0.12_s7777,stage1,850.0,300.0,0.12,99.609375,7777,80,5,False,0.9118646289211879,0.9118606693174172,0.043343224352114344,0.007805054293074045,0.9630089479626055,0.9631590153599922,0.005885715062527326,0.030955269577480498,0.9468870162074813,-0.0001500673973866551,19.02343353116836,95.12404233520357,0.9118645458753211,0.32373046875,0.5522698875468555,0.3922322702763681,0.3407913778216619,0.4245483803998678,0.0004578908529679433,70.922123670578
P750_h400_pad0.04_s333,stage1,750.0,400.0,0.04,29.296875,333,80,5,False,0.9045325130254808,0.904555080455223,0.04558172354550761,0.014836101707649757,0.9649729057083805,0.9651647318534523,0.02304149804531042,0.011793770101237293,0.9373890967344777,-0.00019182614507184947,18.871022764038745,74.13419811706632,0.9045324148059336,0.50323486328125,0.5921430623384085,0.43914023724599155,0.2807768829062144,0.4495129093475549,0.0010719893353137132,68.63387846946716
P850_h300_pad0.08_s1001,stage1,850.0,300.0,0.08,66.40625,1001,80,5,False,0.8905922785074728,0.8905573882745053,0.04899212036093351,0.009472088723293812,0.9490215973587325,0.9491712219745622,0.010234625371536691,0.04059415265390113,0.9383952807323439,-0.0001496246158296799,18.578999897224048,92.08294914468377,0.890591892962516,0.34661865234375,0.4868827160493827,0.825504696031205,0.22752950964692265,0.8280604442389816,0.00036510495735828736,63.37552332878113
P850_h300_pad0.08_s333,stage1,850.0,300.0,0.08,66.40625,333,80,5,False,0.8890978721703406,0.8890895395601934,0.04826293644542342,0.009405354828914428,0.9467578308345312,0.9469067494048297,0.008676367641888328,0.044416882953282104,0.9390886566805522,-0.00014891857029841749,18.548377321440157,92.79826624711953,0.8890976289104381,0.34332275390625,0.48225308641975306,0.8810095219563622,0.2987380866987744,0.881816307401944,0.00020117151429431803,73.14731621742249
P750_h400_pad0.08_s333,stage1,750.0,400.0,0.08,58.59375,333,80,5,False,0.881046457280853,0.8810564121157973,0.04229168159899159,0.007407263807044528,0.9307553575218335,0.9309208544277726,0.02676056961008018,0.04231857596214714,0.9466036429396859,-0.00016549690593914423,18.38078848783001,70.28315902534197,0.8810455193030671,0.4830322265625,0.6784979423868313,0.2631432633629887,0.2592732986960475,0.3090742861013144,0.0009204441055501156,69.17396521568298
P825_h300_pad0.08_s333,stage1,825.0,300.0,0.08,64.453125,333,80,5,False,0.8809012784884998,0.8809002637793584,0.056936288843544104,0.027810392798960925,0.9656469454218635,0.9658295441965475,0.022722106316390225,0.011448349487062241,0.9122384407217468,-0.00018259877468407293,18.377530887629455,86.25081252307216,0.8809015051017708,0.4366455078125,0.6133401920438958,0.6106866761134088,0.2535738402906176,0.6120584936625938,0.0006324869782299674,72.55836725234985
P825_h300_pad0.12_s1001,stage1,825.0,300.0,0.12,96.6796875,1001,80,5,False,0.8808860207284263,0.8808964937811979,0.04463860453939194,0.008098924639898133,0.933634022960488,0.9337808776681435,0.0034792427863171967,0.06273987954553924,0.9435137024976199,-0.00014685470765551933,18.377452237116465,84.3052830877293,0.8808859863969304,0.3634033203125,0.6199500208246564,0.20077110335460063,0.17579418142353723,0.23613731821423203,0.00023593392142335913,64.57239246368408
P825_h300_pad0.12_s333,stage1,825.0,300.0,0.12,96.6796875,333,80,5,False,0.8806720644061391,0.8806511497495991,0.04477578829150741,0.008131471423004032,0.9335584094641106,0.9337050803677449,0.003348965102682968,0.06294595452957209,0.9433273170932264,-0.00014667090363429391,18.372333817127057,84.64256266927529,0.8806719152057048,0.36431884765625,0.6215118700541441,0.27088581631686665,0.27820837421014133,0.31967901475456806,0.0004903561125270404,72.18700289726257
P825_h300_pad0.12_s7777,stage1,825.0,300.0,0.12,96.6796875,7777,80,5,False,0.8805461036431818,0.8805479464968088,0.045333130762255494,0.008171235428207706,0.934052312687272,0.9341986311543142,0.0030224879475414536,0.06277888089814432,0.942718019682933,-0.00014631846704227236,18.370180768656255,83.23810627302993,0.8805459331193068,0.36578369140625,0.6240108288213244,0.21067775385320126,0.30073051943482465,0.33235855022383787,0.0003348974549789942,67.56973838806152
P825_h300_pad0.08_s1001,stage1,825.0,300.0,0.08,64.453125,1001,80,5,False,0.880444339317679,0.8804576654123993,0.05678260172738542,0.024524264979499513,0.9617645321192843,0.9619414843504319,0.02331683747405187,0.014741678175516162,0.9154607349392245,-0.00017695223114766456,18.368297305243285,83.95529840879885,0.8804442061661111,0.43109130859375,0.6055384087791496,0.6449577899037024,0.2012280012344592,0.6453966860347307,0.0005399176590351289,70.85487747192383
P825_h300_pad0.08_s7777,stage1,825.0,300.0,0.08,64.453125,7777,80,5,False,0.8783556445962697,0.8783623411266221,0.057612609374496034,0.024052664029581314,0.9600276145306994,0.9602016034308327,0.02322477643227804,0.016573620136889285,0.9149344537927708,-0.00017398890013331503,18.324584199044107,83.85226910197596,0.8783555065338573,0.43194580078125,0.6067386831275721,0.6054250524515263,0.2847943363999704,0.6096116758767567,0.0005763624494198607,67.61255240440369
P850_h300_pad0.08_s7777,stage1,850.0,300.0,0.08,66.40625,7777,80,5,False,0.877126089023849,0.8771227769326903,0.05465650446433854,0.010291552648764572,0.9420708340457934,0.942221629086956,0.019150684620018607,0.038627686293025494,0.9310582020311797,-0.0001507950411625547,18.29872414405508,93.01199801757907,0.8771253637970353,0.341796875,0.48010973936899864,0.7459413994601529,0.31052950170405935,0.7483314773547882,0.000411224076035036,68.09539198875427
P750_h400_pad0.08_s7777,stage1,750.0,400.0,0.08,58.59375,7777,80,5,False,0.8682410132188347,0.8682134657925938,0.04148028625056139,0.007204527013515492,0.9168982790566708,0.9170590485732448,0.03133475403699146,0.05160619738976369,0.9469027106102051,-0.00016076951657406635,18.112856177615654,68.46522825895363,0.8682395566688732,0.47955322265625,0.6736111111111112,0.19211913490246788,0.2382533702773525,0.26361368057245455,0.0007355660887098091,69.29656529426575
P750_h400_pad0.12_s333,stage1,750.0,400.0,0.12,87.890625,333,80,5,False,0.8591070049973922,0.8591283812098409,0.04084276119876413,0.007458061521095363,0.9074292039297004,0.9075899679153916,0.042687456199709144,0.049722575884899256,0.9467718004768982,-0.00016076398569120354,17.923321187786105,70.4415422682077,0.8591051564598847,0.467041015625,0.7967513536026656,0.2095473427788003,0.2181037893705518,0.2800194153525533,0.00036544980782472715,69.79620146751404
P750_h400_pad0.12_s1001,stage1,750.0,400.0,0.12,87.890625,1001,80,5,False,0.8584969323047961,0.8584903050380799,0.04030414270678671,0.007387467286737591,0.9061819150316042,0.9063428934200752,0.045608302771586895,0.048048803808337925,0.9473708212419346,-0.00016097838847106694,17.91000950536602,70.8506918400087,0.8584967598853732,0.46539306640625,0.7939400249895877,0.17518140480702835,0.18817501445615398,0.227315048220616,0.00031053333669864655,68.13198399543762
P750_h400_pad0.12_s7777,stage1,750.0,400.0,0.12,87.890625,7777,80,5,False,0.8580986999660114,0.8580902938679014,0.04096350397944485,0.007443835903165878,0.9064976337505121,0.9066575733270831,0.04176435407033238,0.051578072602584464,0.9465995959831336,-0.000159939576571011,17.901664386244573,69.74562985072032,0.8580980732310315,0.468017578125,0.7984173261141191,0.20300301551655794,0.20932860854091975,0.2721655269759087,0.00031440754190472633,67.21229314804077
P750_h500_pad0.12_s333,stage1,750.0,500.0,0.12,87.890625,333,80,5,False,0.8449477359515448,0.8449338520709138,0.020932269232653157,0.004080259356616687,0.8699463806601836,0.8701022187989885,0.06505978880812022,0.06483799239289119,0.9712481951240622,-0.00015583813880493125,17.627191865986596,66.17566683884058,0.846786915812686,0.4095458984375,0.6986672219908372,0.23671875192129868,0.2237733577713981,0.28681923873390824,0.00039508658027068817,86.44950938224792
P750_h500_pad0.12_s1001,stage1,750.0,500.0,0.12,87.890625,1001,80,5,False,0.8447962723152945,0.8447624464293577,0.020971416709337925,0.004092104650345367,0.8698259677890411,0.8699817250716153,0.0643464528659444,0.06567182206244031,0.9711855908103194,-0.0001557572825742204,17.623615964603054,66.28992988363821,0.8466471289135105,0.41021728515625,0.6998125780924614,0.18975391074980383,0.2062842492517587,0.23840465650032003,0.00045145757188463166,109.51833200454712
P825_h300_pad0.04_s333,stage1,825.0,300.0,0.04,32.2265625,333,80,5,False,0.8383209084484032,0.8382404066669918,0.07939219802300251,0.022445322868097455,0.9400779275580917,0.9402644945081426,0.04259346783156528,0.017142037660292073,0.891671192455684,-0.00018656695005092594,17.4875517674271,77.36071287244557,0.838320324198318,0.44549560546875,0.5242028152829646,0.6182589611427336,0.3800043985583432,0.6274970668019472,0.001045786578892229,70.70286893844604
P850_h600_pad0.08_s333,stage1,850.0,600.0,0.08,66.40625,333,80,5,False,0.8373852376163046,0.837374475708835,0.015635408448341562,0.005322984140041328,0.858332868297218,0.8584823769102494,0.03914152059518745,0.10237610249456314,0.9755824420076552,-0.00014950861303142382,17.469486529415015,76.01859979734111,0.8373854982778162,0.32763671875,0.46021947873799723,0.3762708223389985,0.4664608161416445,0.49059712999999555,0.0004028363017807382,144.33673977851868
P850_h600_pad0.08_s1001,stage1,850.0,600.0,0.08,66.40625,1001,80,5,False,0.8321493840705338,0.8321413218894098,0.015638328043452818,0.0050628895306820375,0.8528425394635447,0.8529916944956428,0.04188809778897291,0.10512020771538427,0.9757267999469675,-0.00014915503209811387,17.360311348170782,74.00848591732398,0.8321497581904439,0.326904296875,0.4591906721536351,0.4189321037387115,0.23666843730382114,0.42512573371857126,0.0003962091473393703,80.3561749458313
P850_h300_pad0.04_s333,stage1,850.0,300.0,0.04,33.203125,333,80,5,False,0.8308485544499813,0.8308412353972161,0.08547020257712884,0.020146872250732625,0.9364583102250776,0.9366260843253823,0.049965826646615995,0.01340808902800168,0.8872164690358971,-0.0001677741003046629,17.333188663969995,73.07979457933979,0.8308470990144721,0.39715576171875,0.4673226084458489,0.6141109989578697,0.4152465425526024,0.6313854688428199,0.00114777684486952,71.17602944374084
P825_h300_pad0.04_s1001,stage1,825.0,300.0,0.04,32.2265625,1001,80,5,False,0.8235237819482042,0.8235316704400496,0.09269365443158399,0.02093125555340439,0.937156580425038,0.9373543419576903,0.04129195101801556,0.0213537070242942,0.8787556824992309,-0.00019776153265227414,17.18069494669134,76.5829191737473,0.8235232407386595,0.43963623046875,0.5173082447572537,0.689663071376155,0.2420468962538394,0.6912716171679043,0.0009611523790350213,65.65057921409607
P850_h300_pad0.04_s1001,stage1,850.0,300.0,0.04,33.203125,1001,80,5,False,0.8231135249047342,0.8230490876817602,0.08883980786138872,0.04320681671366986,0.9550957122568189,0.9553007221309571,0.0313146735874817,0.013384604281561152,0.8617451393818506,-0.0002050098741381845,17.17062720132792,88.45842111343983,0.823111747704918,0.43377685546875,0.5104136742315427,0.5606585205298735,0.353080475853015,0.58280796056408,0.0012199588345336119,64.930983543396
P750_h600_pad0.12_s1001,stage1,750.0,600.0,0.12,87.890625,1001,80,5,False,0.8194281361287156,0.8194131048863997,0.023364206055350143,0.0039199899025733525,0.8466973008443233,0.8468591026254102,0.04468561883134636,0.1084552785432434,0.9677757376447098,-0.00016180178108693433,17.094772545725995,59.55336833027262,0.8194271570840609,0.337890625,0.5764264889629321,0.3029240924395859,0.3076575680700077,0.32031415215279535,0.0011615537735915034,83.42443799972534
P825_h300_pad0.04_s7777,stage1,825.0,300.0,0.04,32.2265625,7777,80,5,False,0.8188155317008876,0.8187789951768055,0.09733004958463512,0.022843824764946966,0.9389528695263875,0.9391561374473356,0.03919196017974095,0.02165190237292345,0.8720128791872181,-0.00020326792094815804,17.081543612493288,78.03640824659502,0.81881565722962,0.44110107421875,0.5190318873886814,0.5609397321874551,0.3008221748889862,0.5658517325252984,0.0011970784157595052,69.28665328025818
P825_h600_pad0.08_s333,stage1,825.0,600.0,0.08,64.453125,333,80,5,False,0.806295741980112,0.8062835028209883,0.01628267440907159,0.0056232771643269204,0.8281894543943867,0.8283404046594981,0.05533389633801594,0.11632569900248599,0.9735495888565531,-0.00015095026511136034,16.820859961724523,70.57271569256089,0.8062954781946045,0.34576416015625,0.4856824417009602,0.41122811351070226,0.44662112856440317,0.4888879973602647,0.0007954879318670452,139.02296948432922
P750_h300_pad0.04_s333,stage1,750.0,300.0,0.04,29.296875,333,80,5,False,0.7998198127431297,0.799820938261469,0.05795975495819342,0.03605848627601999,0.8938391794956825,0.8940799715815635,0.0808751502426098,0.025044878175826627,0.8948152605178261,-0.0002407920858810142,16.686036549030426,60.188136015641064,0.799817870105183,0.56475830078125,0.664536052858374,0.5657847611766176,0.2338481709094974,0.5673108185975929,0.001178350296650369,112.37641596794128
P850_h300_pad0.04_s7777,stage1,850.0,300.0,0.04,33.203125,7777,80,5,False,0.729581033963977,0.7295971634611604,0.017516659909707157,0.0009790435150139986,0.7480928668858815,0.7482033035017663,0.08998975847934845,0.16180693801888524,0.9752761933131191,-0.00011043661588483467,15.22101304580004,51.00715919969471,0.7295803543300498,0.44976806640625,0.5292301062912956,0.3514118626212482,0.45862906154587474,0.4598110971700701,0.0003326600665038134,67.31043076515198
P850_h400_pad0.04_s333,stage1,850.0,400.0,0.04,33.203125,333,80,5,False,0.7071920817733488,0.7071894816091826,0.015757112383586333,0.0010469930002869588,0.7239935869930559,0.7241029191614042,0.13578079737897325,0.14011628345962246,0.9767897040999142,-0.00010933216834829729,14.753539164491224,44.006793214383336,0.7071922416164043,0.4549560546875,0.5353346739442689,0.20194918163083267,0.4557123349486045,0.473045950364683,0.000533425437283836,71.30145144462585
P850_h400_pad0.04_s1001,stage1,850.0,400.0,0.04,33.203125,1001,80,5,False,0.7068198041686871,0.7068372983094147,0.015880895358085026,0.000993303306058805,0.7237114969735585,0.7238205303851022,0.1352526916046307,0.14092677801026712,0.9766838046172971,-0.00010903341154366863,14.746191840695651,43.60146611994976,0.7068196476197484,0.45623779296875,0.5368428612467682,0.21011224902569448,0.1190823328906894,0.2062566508505044,0.00034092347466909545,66.83101749420166
P850_h400_pad0.04_s7777,stage1,850.0,400.0,0.04,33.203125,7777,80,5,False,0.7063936846605037,0.7063918014108551,0.015916619088954632,0.0010169511344158915,0.7233253716342257,0.7234346309820564,0.13527412272998485,0.14129124628795872,0.9765892765725718,-0.00010925934783068136,14.736897788519421,44.12243325495098,0.7063936321115242,0.45501708984375,0.535406492387245,0.2025988096361772,0.5585744046467688,0.570925331725996,0.0004146058418272647,68.65076661109924
P750_h300_pad0.08_s1001,stage1,750.0,300.0,0.08,58.59375,1001,80,5,False,0.703034023580061,0.7030339064295452,0.0544430405622295,0.007818458544833881,0.7652954055366086,0.7654281629380845,0.025453691935055662,0.2091181451268599,0.9186438352345694,-0.00013275740147589143,14.66684466074343,56.40453322956259,0.7030338135132755,0.47467041015625,0.6667524005486969,0.17785312648933566,0.16588260131197458,0.1931047467827689,0.0003485758880287486,68.75138854980469
P750_h300_pad0.08_s333,stage1,750.0,300.0,0.08,58.59375,333,80,5,False,0.7027629612591979,0.7027724421046709,0.056186961645429453,0.007976803240435298,0.7669362069905357,0.7670688324738912,0.023042748615345547,0.2098884189107632,0.9163375463291218,-0.0001326254833555751,14.66138993572635,56.644905324663796,0.7027622528197854,0.47723388671875,0.6703532235939643,0.23990022225699664,0.2783945349208468,0.3328000167245463,0.0006244246536820865,113.13792657852173
P750_h300_pad0.08_s7777,stage1,750.0,300.0,0.08,58.59375,7777,80,5,False,0.7019871957638756,0.7019029830660434,0.05649053861702808,0.007955761534960646,0.7663492832180321,0.766481156500372,0.02196757285391985,0.21155127064570825,0.9159047948980031,-0.00013187328233987827,14.643251094140181,55.521268691940705,0.7019864522149117,0.47918701171875,0.67309670781893,0.19351345927978825,0.26563934070468864,0.3082527253860626,0.0007051834454562146,68.74313759803772
P825_h400_pad0.04_s333,stage1,825.0,400.0,0.04,32.2265625,333,80,5,False,0.6972674225885748,0.6972449759114885,0.016625735395640596,0.0008997639912242598,0.7147704752983534,0.7148801675423058,0.14325384354393822,0.14186598891375607,0.9754809410957419,-0.0001096922439524084,14.546074746399784,41.081719049928275,0.697267128172711,0.49432373046875,0.5816575696638897,0.19815172641144718,0.4124857116062249,0.4277681074742139,0.0006098195407739489,69.71229982376099
P825_h400_pad0.04_s1001,stage1,825.0,400.0,0.04,32.2265625,1001,80,5,False,0.6958445147852022,0.6958589975850195,0.0168044994153828,0.0008278602840959843,0.7134913572844982,0.7136002569881483,0.1426090456807305,0.1437906973311212,0.9752872133355808,-0.0001088997036501338,14.517160168266965,40.769959279083835,0.6958441911491509,0.49420166015625,0.5815139327779374,0.20188074572536044,0.11441708076594861,0.18662184751024288,0.0005067069980911154,66.51163578033447
P825_h400_pad0.04_s7777,stage1,825.0,400.0,0.04,32.2265625,7777,80,5,False,0.6954705078813854,0.6954717091843321,0.01685763584077348,0.0008400471208859561,0.7131693921459915,0.7132784074803409,0.14249367386188572,0.14422791865777346,0.9751844608636309,-0.0001090153343493716,14.509080474300799,41.04862641113158,0.6954704564294988,0.4947509765625,0.5821602987647228,0.2060041273100822,0.47850412524670566,0.49472918869374505,0.00035724394252381646,72.03076958656311
P750_h300_pad0.12_s1001,stage1,750.0,300.0,0.12,87.890625,1001,80,5,False,0.6944663076358721,0.6944347887587512,0.05006176245301438,0.0075428669103767484,0.7520394181221424,0.7521685193485896,0.03149706002665897,0.2163344206247514,0.923402114336997,-0.00012910122644727018,14.487448017219481,56.39104685642799,0.6944657912048615,0.46630859375,0.7955018742190754,0.15004362367403554,0.18447605159631272,0.220660597924595,0.0005644647100098895,63.55823993682861
P750_h300_pad0.12_s333,stage1,750.0,300.0,0.12,87.890625,333,80,5,False,0.6943362276794597,0.6943582915119546,0.04872263636956066,0.007308660454264883,0.7503895883357802,0.750518036185104,0.03338423853210818,0.21609772528278784,0.9253303914462723,-0.000128447849323865,14.485852115193307,55.93676258228049,0.6943360550592542,0.46728515625,0.797167846730529,0.1926008536305765,0.2408188746911743,0.2799462554779271,0.0004098364512883314,103.50064277648926
P750_h300_pad0.12_s7777,stage1,750.0,300.0,0.12,87.890625,7777,80,5,False,0.694107140449595,0.6941052787650269,0.04777863516817821,0.00716032894265307,0.7490442428758581,0.7491724322959589,0.035067704504569835,0.2157598631994713,0.9266545806427933,-0.00012818942010073275,14.480573708814271,55.654167311942686,0.6941070511436463,0.46746826171875,0.7974802165764265,0.17921795556622241,0.2423930827818598,0.27942454809496975,0.0003601142562721212,70.50361895561218
P750_h300_pad0.04_s1001,stage1,750.0,300.0,0.04,29.296875,1001,80,5,False,0.6871607412924973,0.6869981764193613,0.07458461233669181,0.016593612693584697,0.778176401449638,0.7783937466574988,0.10912972816300491,0.11247652517949623,0.8828309045861275,-0.00021734520786087508,14.332303810110137,111.04823295749343,0.6871620938660263,0.4608154296875,0.5422292444699799,0.9681004818955301,0.2781204655854787,0.9689210220755186,0.0014195835032724618,71.19556140899658
P650_h400_pad0.04_s7777,stage1,650.0,400.0,0.04,25.390625,7777,80,5,False,0.6727558109689401,0.6728805042757267,0.06979374767852223,0.006793445374490193,0.749467697328739,0.7496342837835932,0.09544614118485117,0.15491957503155562,0.8978112154453284,-0.00016658645485423396,14.037777895487345,49.4932847075598,0.672751588281402,0.64251708984375,0.7560327492099971,0.1854393830751394,0.23187605563568542,0.2560190218068391,0.0006278676447769633,69.0402250289917
P650_h400_pad0.04_s333,stage1,650.0,400.0,0.04,25.390625,333,80,5,False,0.6624699315573338,0.662389527405629,0.06822718509768651,0.006878272347078625,0.7374949848503941,0.7376576694727806,0.104106156853122,0.15823617367409742,0.8981613990771736,-0.0001626846223864442,13.818912878187364,49.24804503724928,0.6624724410677485,0.6353759765625,0.7476299913817869,0.18492670614990783,0.23193625942098375,0.2737297095502969,0.00022909147373479635,65.69497442245483
P750_h400_pad0.04_s1001,stage1,750.0,400.0,0.04,29.296875,1001,80,5,False,0.6467814407889809,0.6467749992085088,0.018681200936055575,0.0006100629559582906,0.6660662631005226,0.6661747241889238,0.21165379299991016,0.12217148281116608,0.9710370199472145,-0.0001084610884011239,13.493159230427972,38.03135474207526,0.6467812746299376,0.587890625,0.6917552427463373,0.22136694030305476,0.1397078108956302,0.22136694030305476,0.00045638117187973864,70.29430103302002
P650_h400_pad0.04_s1001,stage1,650.0,400.0,0.04,25.390625,1001,80,5,False,0.6429151860176452,0.6429612736599286,0.06906460497359113,0.007398137677331621,0.7194240163108513,0.7195847028338762,0.1044423065310868,0.17597299063503707,0.893716722103583,-0.00016068652302492215,13.413596467255127,48.535365242571054,0.6429131647582287,0.62615966796875,0.7367854064923872,0.18888089318951096,0.12720422288247515,0.19991225290239895,0.0005736942329292827,70.62567925453186
P850_h250_pad0.08_s333,stage1,850.0,250.0,0.08,66.40625,333,80,5,False,0.6413013494692348,0.6412917031151654,0.1112270022206265,0.04919210438589155,0.8017108097216833,0.8018931656552182,0.06682334685336044,0.13128348749142135,0.7999040244172235,-0.00018235593353488344,13.378765527230403,112.64055308362805,0.6413000046508394,0.435546875,0.6117969821673526,0.613287107506088,0.22209762326528779,0.6151123707905343,0.000598863158922342,125.79240894317627
P750_h400_pad0.04_s7777,stage1,750.0,400.0,0.04,29.296875,7777,80,5,False,0.6411781662035291,0.6411753006509265,0.018763281626044143,0.000711571739507979,0.6606501540164788,0.6607581210243288,0.21439162172288684,0.12485025725278433,0.9705216849687339,-0.00010796700785009605,13.376337113969669,38.34040567152726,0.6411780294664811,0.5823974609375,0.6852915828784832,0.1737306872957028,0.2490813134974176,0.27848137445258087,0.0002616980779565517,64.18551468849182
P850_h250_pad0.08_s1001,stage1,850.0,250.0,0.08,66.40625,1001,80,5,False,0.6334772366830757,0.6335125896340963,0.11163475659263905,0.04706194700832073,0.7922092932350561,0.7923901997895322,0.06972535806608546,0.1378844421443823,0.7996783110774832,-0.00018090655447611237,13.216475987591295,116.83546342206444,0.6334765619926824,0.43011474609375,0.6041666666666666,0.6535534507260043,0.17097455199979658,0.6544213839779212,0.0004994191695167044,70.29042720794678
P850_h250_pad0.08_s7777,stage1,850.0,250.0,0.08,66.40625,7777,80,5,False,0.6249008503240592,0.6249091527480768,0.11261982919660528,0.045791571397316155,0.7833205533419982,0.7834992851669027,0.07627131415754948,0.14022940067554773,0.7977693807240637,-0.0001787318249044656,13.036989235669745,117.43238545292039,0.6248993139344172,0.42730712890625,0.6002229080932785,0.6669284826082592,0.26238770460426697,0.6694936016249662,0.0006094116620522364,70.83445191383362
P825_h250_pad0.04_s333,stage1,825.0,250.0,0.04,32.2265625,333,80,5,False,0.6153830241123556,0.6153939533908362,0.09795607081636916,0.03470711598549285,0.7480571401926982,0.7482399401562253,0.10523572832196,0.14652433152181463,0.8226563457870503,-0.0001827999635271027,12.838481098846845,121.91098631497789,0.6153810751960868,0.453125,0.5331801206549842,0.7976933340403527,0.28898603951485746,0.8010634096043188,0.001413629975801856,122.9285216331482
P825_h250_pad0.04_s7777,stage1,825.0,250.0,0.04,32.2265625,7777,80,5,False,0.6101297986338308,0.610097198457526,0.10560527671651057,0.037079761052596416,0.752782236226633,0.7529654944592109,0.09504069177316943,0.15199381376761964,0.810456422983193,-0.00018325823257792084,12.727979057476707,116.41330970455513,0.6101291702272651,0.4586181640625,0.5396437805228382,0.8306095135264264,0.2352941176470588,0.8315703114341346,0.0008965771539951693,67.36283493041992
P850_h250_pad0.04_s7777,stage1,850.0,250.0,0.04,33.203125,7777,80,5,False,0.6019086965822726,0.6019151402973768,0.11568227741285016,0.03911042922720564,0.7567078469374326,0.7568835269488244,0.09125856244848027,0.15185791060269524,0.7954392738670059,-0.0001756800113917878,12.557283199222105,124.24289066181358,0.6019064212428724,0.426513671875,0.5018672795173801,0.7663501167423572,0.28610244301518273,0.7708186684145739,0.0009479951603660982,69.94725680351257
P825_h250_pad0.04_s1001,stage1,825.0,250.0,0.04,32.2265625,1001,80,5,False,0.5979153842392011,0.597919834593442,0.07439933692432674,0.03839202870460626,0.710711200222375,0.710886426210529,0.10774900421269061,0.18136456957678032,0.8412978920359752,-0.00017522598815400414,12.473932271769126,95.65865671602798,0.5979144869560024,0.47418212890625,0.5579574834817581,0.8986481745599058,0.2098120814869989,0.8992209268006907,0.001034550355428642,68.3051221370697
P750_h400_pad0.08_s1001,stage1,750.0,400.0,0.08,58.59375,1001,80,5,False,0.5968324360724209,0.5968679685391586,0.020801435764283505,0.0022436299521456505,0.6199130342555877,0.6200177826873525,0.22797342818070457,0.152008789131943,0.9628253247746235,-0.00010474843176477844,12.451988015765265,36.996845138628174,0.7276493322699524,0.55755615234375,0.783179012345679,0.22293263566330443,0.16674874826074215,0.2277901260887178,0.00019975481253709578,68.76257038116455
P825_h250_pad0.08_s7777,stage1,825.0,250.0,0.08,64.453125,7777,80,5,False,0.578269077105659,0.5783326552120213,0.12349996500296856,0.02529919868516355,0.7271318189001533,0.7273249985351184,0.11064619153924896,0.16202880992563262,0.7953615014218426,-0.0001931796349651238,12.065300320020999,140.2395268136456,0.5782672767301247,0.41888427734375,0.5883916323731139,0.6105106869243977,0.34013651038120385,0.6246666020281127,0.00036454663737056484,71.00593328475952
P850_h250_pad0.04_s1001,stage1,850.0,250.0,0.04,33.203125,1001,80,5,False,0.5652511216192051,0.565262595308379,0.0906079779440375,0.041007922202190315,0.6968784954546068,0.6970487388594064,0.11407186879543095,0.18887939234516263,0.811135081646667,-0.0001702434047996526,11.792629917412837,95.80630996772356,0.5652502483785761,0.43701171875,0.514220051709279,0.8716516140711547,0.2191909960227157,0.8726124649387496,0.0014416144832168946,66.6510317325592
P825_h250_pad0.08_s333,stage1,825.0,250.0,0.08,64.453125,333,80,5,False,0.5651499572584149,0.5651525674870924,0.1285711008381896,0.025447011840218147,0.7191706801655001,0.7193638507590485,0.10318938112833302,0.17744676811261847,0.7858392772033419,-0.00019317059354839738,11.790334493325307,140.23757272541295,0.565149231638854,0.41204833984375,0.5787894375857339,0.5803783135307244,0.33596453248275715,0.6145907735963658,0.00025675040022307536,123.95657515525818
P850_h250_pad0.04_s333,stage1,850.0,250.0,0.04,33.203125,333,80,5,False,0.5637260669296196,0.5636990334296942,0.09802047296496436,0.038344058291911474,0.7000635646865699,0.7002350703088281,0.110110101556558,0.1896548281346139,0.8052112149017091,-0.00017150562225820565,11.760010552994704,103.64494089877928,0.5637256977301901,0.42431640625,0.49928181557023843,0.8625303316826006,0.328016671388606,0.8595232440921173,0.0010033775747174724,125.48503279685974
P825_h250_pad0.08_s1001,stage1,825.0,250.0,0.08,64.453125,1001,80,5,False,0.5630288848010467,0.5630800900692088,0.12905765703768896,0.025528071200068676,0.7176658183069664,0.7178594606825477,0.1017411872184567,0.1803993520989956,0.7845992880050519,-0.00019364237558128217,11.747098023401158,138.90980420427366,0.5630263086705558,0.4112548828125,0.5776748971193416,0.6183116452006057,0.15019528200551815,0.618791514613311,0.00043632131986081257,68.73141717910767
P825_h600_pad0.08_s1001,stage1,825.0,600.0,0.08,64.453125,1001,80,5,False,0.525206105537452,0.5251205347783082,0.01693054917445175,0.0017908461566784736,0.5438419301094384,0.5439265432460529,0.28096106074729393,0.17511239600665318,0.965575667680933,-8.461313661456416e-05,10.95517761138283,44.68581410566402,0.8170034536122304,0.4281005859375,0.6013374485596708,0.5060230330247087,0.25941083913677954,0.5155135360724937,0.0010501315374991918,80.34573888778687
P750_h250_pad0.04_s1001,stage1,750.0,250.0,0.04,29.296875,1001,80,5,False,0.4961741371089555,0.49627287619300475,0.14525942011416468,0.03277600452413052,0.6743083008312999,0.6745342434730899,0.06879141991880192,0.2566743366081083,0.7359732567153485,-0.00022594264178998902,10.353351549471249,122.35772320005793,0.4961676181431443,0.5054931640625,0.5948003447285263,0.48348729183091244,0.1424252622423451,0.48348729183091244,0.0007188226964385501,69.6632661819458
P650_h400_pad0.08_s7777,stage1,650.0,400.0,0.08,50.78125,7777,80,5,False,0.48705608768362685,0.48701086894373635,0.01659328692103524,0.001829564313637882,0.5054337201784095,0.5055409019792557,0.4450209555403451,0.04943814248039924,0.9635504112622914,-0.00010718180084623441,10.160125560896098,31.379197792301422,0.48705433777963014,0.5511474609375,0.7741769547325102,0.17609018126512477,0.22959350664723435,0.25690896216252196,0.00045384718756355497,69.51710844039917
P750_h300_pad0.04_s7777,stage1,750.0,300.0,0.04,29.296875,7777,80,5,False,0.4764833827769115,0.4762022545754612,0.030699471338306018,0.003802356466315096,0.5107040823800822,0.5107974107588207,0.05283191090326678,0.4363706783379126,0.9324426238305578,-9.332837873843314e-05,9.934633921748167,45.78424945396725,0.4764744146095429,0.340087890625,0.4001723642631428,1.1669657429531213,0.37985904364199574,1.17095748060836,0.0006207303125894373,67.22871780395508
P750_h250_pad0.04_s333,stage1,750.0,250.0,0.04,29.296875,333,80,5,False,0.4700608565591384,0.4701968367900049,0.14992976366536398,0.03336565830213652,0.6534922587575055,0.653710266398644,0.05739430221890561,0.28889543138245033,0.7195140118170598,-0.0002180076411385512,9.809347603440303,113.44562020843661,0.4700510523377757,0.5001220703125,0.5884803217466246,0.43464781262003044,0.3365317224204352,0.4890801715521866,0.0008830983634752084,111.53605031967163
P650_h400_pad0.08_s333,stage1,650.0,400.0,0.08,50.78125,333,80,5,False,0.45992583787038965,0.4599364506614521,0.015259587334373574,0.00172278947042336,0.47691882746624903,0.4770220027604752,0.4843012209070576,0.03867677633246718,0.9643914732932225,-0.00010317529422615435,9.595293219817469,31.34971696293134,0.45992266807122606,0.5167236328125,0.7258230452674898,0.2300381545813519,0.280056016805602,0.3127346744643639,0.0006870207024329858,67.85627055168152
P750_h250_pad0.04_s7777,stage1,750.0,250.0,0.04,29.296875,7777,80,5,False,0.45208826116932843,0.4520609562047854,0.15337027349349006,0.0341016228910226,0.639532852589298,0.6397484934438076,0.0517764902061115,0.3084750163500809,0.7068611946587436,-0.00021564085450953563,9.430992959522621,108.29078907021245,0.452084300452776,0.4981689453125,0.5861821315713875,0.4033673503259689,0.3091355892580869,0.4188641716775485,0.00042838409455870036,69.69920897483826
P650_h400_pad0.08_s1001,stage1,650.0,400.0,0.08,50.78125,1001,80,5,False,0.44801305961399407,0.4480622532809,0.01486182052830853,0.0016867945506653741,0.46461086835987386,0.46471267092451857,0.5000681927681461,0.03521913630733538,0.9643817736391053,-0.00010180256464470405,9.347571158535894,31.00344534185303,0.4480115479007229,0.50164794921875,0.7046467764060357,0.16136056149712508,0.15363542804304475,0.1904138971945027,0.0004330239500665103,69.61995935440063
P850_h200_pad0.04_s1001,stage1,850.0,200.0,0.04,33.203125,1001,80,5,False,0.43964775773099074,0.43968092238666945,0.06915662446592079,0.04675629142420029,0.5555938382767904,0.555747221638738,0.17296782469287758,0.2712849536683843,0.7913711277835042,-0.00015338336194758995,9.172718029616018,70.93583104864052,0.4396473511859903,0.4361572265625,0.5132145935076128,0.970600582723851,0.23540521899155822,0.9714652604746008,0.001325143902203258,69.81354641914368
P825_h200_pad0.04_s7777,stage1,825.0,200.0,0.04,32.2265625,7777,80,5,False,0.4371946713580549,0.4372140080087971,0.07520324300000569,0.043221402937228454,0.5556386539460313,0.5558098599703711,0.17304439328316706,0.2711457467464618,0.7868675170523024,-0.00017120602433984278,9.121252730943066,74.40290645942986,0.4371943550000186,0.48199462890625,0.5671502441827061,0.8134926505606215,0.27701624821086784,0.8141150627791133,0.0011906125065781006,70.27622056007385
P825_h200_pad0.04_s1001,stage1,825.0,200.0,0.04,32.2265625,1001,80,5,False,0.43699854724060005,0.4370172005148439,0.07569413963410138,0.042505437370695086,0.5552167775196404,0.5553887114538159,0.17391697256340724,0.270694315982777,0.7871109415446019,-0.0001719339341754722,9.117146890647906,74.93796742782469,0.4369978881163808,0.47882080078125,0.563415685147946,0.8233371135503333,0.23628740965561215,0.8236466969843046,0.001153305684829605,70.40487623214722
P825_h200_pad0.04_s333,stage1,825.0,200.0,0.04,32.2265625,333,80,5,False,0.435994740330817,0.43594979955657565,0.07683127252301,0.04263442949507323,0.5554155015746589,0.5555886755024251,0.17789342017766804,0.2665179043199068,0.784907512160921,-0.00017317392776616813,9.09487854213374,75.39684166330613,0.43599427626545617,0.47735595703125,0.5616920425165183,0.7990852717005013,0.3426022396183137,0.7961998992111842,0.001266262414315905,67.16873598098755
P850_h200_pad0.04_s333,stage1,850.0,200.0,0.04,33.203125,333,80,5,False,0.42119911095989465,0.42120709893969865,0.07790547563424353,0.04428343086909511,0.5433960054430373,0.5435428725499609,0.17642004369063694,0.2800370837594022,0.7751383792309687,-0.00014686710692357607,8.787313148985449,72.36951660908221,0.42119882778909906,0.42572021484375,0.50093363975869,0.9117315834645295,0.44448028529321404,0.8839468350350369,0.0010230225197284653,70.53419804573059
P850_h200_pad0.04_s7777,stage1,850.0,200.0,0.04,33.203125,7777,80,5,False,0.41951280183080714,0.4195210544254303,0.07900911357279955,0.04599583014078245,0.5445259981390124,0.5446731298088743,0.1813938008562986,0.2739330693348271,0.7704334703195026,-0.00014713166986191073,8.752138525463433,73.015113809968,0.41951247028914673,0.42889404296875,0.5046681987934502,0.9080385126827802,0.3344462234240378,0.9074114141876216,0.0013411987271134509,72.11461305618286
P850_h200_pad0.08_s7777,stage1,850.0,200.0,0.08,66.40625,7777,80,5,False,0.41516315239748836,0.41515784031040776,0.0746777922066899,0.04378680573172102,0.5336224382488186,0.5337652968684516,0.17768565037118064,0.2885490527603677,0.7779992192097946,-0.00014285861963303503,8.661112213558216,60.57800609226811,0.41516287587674067,0.41448974609375,0.582218792866941,0.8457887223200076,0.3026413928947435,0.8464848448430498,0.0008042447263115264,70.67132782936096
P850_h200_pad0.08_s333,stage1,850.0,200.0,0.08,66.40625,333,80,5,False,0.4134464704769194,0.413427532588557,0.07536940274005959,0.04329633412289207,0.5320932694515086,0.5322357181123788,0.1781673552500694,0.28959692663755177,0.7769832026154468,-0.00014244866087020913,8.625014161473421,57.589769850862496,0.4134460414723544,0.40875244140625,0.5741598079561042,0.8407637475886849,0.34777820368839774,0.8382736442849092,0.0008462610736641187,72.31531929969788
P650_h400_pad0.12_s7777,stage1,650.0,400.0,0.12,76.171875,7777,80,5,False,0.4121641062857027,0.4121659100330822,0.0141454610529023,0.0016685071134557455,0.4279798781994402,0.42807607818622084,0.5351660385615118,0.03675788325226739,0.9630497390837878,-9.61999867806207e-05,8.598693920198553,30.099909227836378,0.41216298413318636,0.4512939453125,0.7698875468554769,0.19872463253969358,0.24504833834471754,0.28103907051524435,0.0005033990284887481,69.1559476852417
P850_h200_pad0.08_s1001,stage1,850.0,200.0,0.08,66.40625,1001,80,5,False,0.4092213269268685,0.40922895039556273,0.07762942634331067,0.043110614807984435,0.5299689915468578,0.5301119780889892,0.18554128012533253,0.2843467417856782,0.772175272370403,-0.00014298654213140694,8.537422436157138,53.134921193796416,0.409220999617632,0.40313720703125,0.5662722908093278,0.8792330289247312,0.1816736057216266,0.879577353601696,0.0007400705403896036,70.24850916862488
P650_h400_pad0.12_s1001,stage1,650.0,400.0,0.12,76.171875,1001,80,5,False,0.40486516447439513,0.4048935420772472,0.014020303202893497,0.001651616126282914,0.4205654614064236,0.42066067771982085,0.5424141764142344,0.03692514586594476,0.9627360761467013,-9.521631339726166e-05,8.446976214767101,30.18798451392142,0.4048641269231211,0.44287109375,0.7555185339441899,0.16266794391627773,0.1757014607440914,0.22520357077779526,0.0004551921617860944,71.56397986412048
P650_h400_pad0.12_s333,stage1,650.0,400.0,0.12,76.171875,333,80,5,False,0.40461324703937457,0.40467328239773526,0.014033387871811197,0.0016605529562977587,0.4203672232258442,0.4204622650954507,0.5419334125254514,0.037604322379097964,0.9626661167641101,-9.504186960651584e-05,8.442381109929508,30.28108284555501,0.4046114923526733,0.44189453125,0.7538525614327364,0.2204966769146119,0.23970515959384683,0.2849832795327818,0.0003573198470330512,67.3790295124054
P825_h200_pad0.08_s7777,stage1,825.0,200.0,0.08,64.453125,7777,80,5,False,0.40219273072150985,0.4022355462626607,0.11547314704564164,0.02446613598983734,0.5421748292981396,0.5423371357172754,0.14378763346150933,0.31387523082121527,0.7418926968324328,-0.00016230641913572708,8.391524534037456,79.37527690264635,0.40219062994817995,0.45062255859375,0.6329732510288066,0.6465193485489966,0.31185002837976544,0.6448411644114524,0.000659558729285421,67.92075800895691
P825_h200_pad0.08_s1001,stage1,825.0,200.0,0.08,64.453125,1001,80,5,False,0.40009253748771806,0.40005414629901653,0.11634756972922568,0.02403840549878343,0.5404401215270257,0.5406017262779916,0.13965163334747926,0.3197466403745291,0.7402376884392938,-0.00016160475096593796,8.346015698521674,77.74554200161029,0.4000900894528849,0.4488525390625,0.6304869684499315,0.6521861314594095,0.15114466699724444,0.6526029970382214,0.0007184934958029101,66.39250040054321
P825_h200_pad0.08_s333,stage1,825.0,200.0,0.08,64.453125,333,80,5,False,0.38722372135351363,0.3871799421076327,0.11896140709722129,0.0242286328118022,0.5303699820166562,0.5305274749971866,0.13701635805868143,0.33245616694413205,0.7300185818123345,-0.00015749298053036043,8.077431279934116,70.8723921535182,0.3872227875502207,0.443603515625,0.6231138545953361,0.6017768589786429,0.310342718928727,0.613999223762056,0.0004073823710798046,67.48759388923645
P850_h150_pad0.04_s1001,stage1,850.0,150.0,0.04,33.203125,1001,80,5,False,0.37866688494485584,0.37868772944467866,0.09717655857690446,0.015023102245754164,0.49088739026733724,0.4910225101888254,0.23428634792721154,0.2746911418839631,0.7714350316443153,-0.00013511992148818042,7.900264911691496,53.50839972763056,0.37866662790733335,0.395263671875,0.4650962367135881,1.1058829713792768,0.2558759736619825,1.1067204444045486,0.0006513265982043714,71.43788599967957
P850_h150_pad0.04_s7777,stage1,850.0,150.0,0.04,33.203125,7777,80,5,False,0.3760428905516053,0.3760405191030751,0.07607579570469215,0.03615582794442963,0.4882721427521969,0.4884061629359583,0.2447574146002561,0.2668364224637856,0.7701453475995651,-0.00013402018376140745,7.845038239820437,43.93074970064487,0.3760428030787948,0.45709228515625,0.5378483194484344,0.8372742529519002,0.28911808012339796,0.8382305916450807,0.0009606962957030241,69.72314691543579
P850_h150_pad0.04_s333,stage1,850.0,150.0,0.04,33.203125,333,80,5,False,0.374984170114393,0.37497403453270484,0.07762518361020779,0.035735638140869025,0.4883348562837817,0.48846948690190334,0.24441081068896495,0.2671197024091317,0.7678625224221134,-0.0001346306181216339,7.8227890091878205,43.65830455205072,0.3749839492872395,0.45721435546875,0.5379919563343867,0.8320441235745595,0.3729614640116303,0.8281846016123967,0.0010837374801849636,75.45277166366577
P850_h150_pad0.08_s7777,stage1,850.0,150.0,0.08,66.40625,7777,80,5,False,0.3622672647454261,0.36227854158302725,0.08119957250475743,0.02555609315350895,0.46903420724129363,0.46914877357587165,0.21612204598843743,0.3147291804356909,0.7723925803063098,-0.00011456633457801457,7.557932902986426,32.55291280874327,0.36226681999492594,0.4669189453125,0.6558641975308642,0.6278920018706019,0.28924061042487487,0.6295552948558575,0.0005496451201779907,65.60161209106445
P850_h150_pad0.08_s1001,stage1,850.0,150.0,0.08,66.40625,1001,80,5,False,0.3529727964836956,0.35297951305068287,0.09415016287071065,0.019955424605235174,0.46708510052662866,0.4671984525874588,0.2169719409567263,0.31582960645581487,0.7557070706231175,-0.00011335206083012972,7.363934568436137,38.519601587976716,0.3529720350094313,0.46246337890625,0.6496056241426612,0.6381890043132543,0.22097961795918022,0.6381890043132543,0.00044719391404572455,69.05173873901367
P650_h300_pad0.04_s7777,stage1,650.0,300.0,0.04,25.390625,7777,80,5,False,0.3516211336899452,0.35165166898908573,0.03213640816491193,0.0026284963193993886,0.38641657347339703,0.38649197367153076,0.20652930853629953,0.40697871779216965,0.910032573986621,-7.540019813373489e-05,7.336232799848553,24.68372116397044,0.35161998850206255,0.60003662109375,0.7060471128985923,0.16694615971052268,0.23566629453578172,0.27024855100539713,0.00042617988919306114,69.89141774177551
P650_h300_pad0.04_s333,stage1,650.0,300.0,0.04,25.390625,333,80,5,False,0.35056610777062497,0.3505865367175866,0.030807800588625596,0.002411389148562826,0.383805726454775,0.3838804967874703,0.211606004354536,0.40451349885799365,0.9134479048970033,-7.477033269531752e-05,7.314011781166024,24.827224461679833,0.35056559806410026,0.59613037109375,0.7014507325481184,0.1674922387636917,0.26656255433232107,0.2936131158862214,0.0003528450133135458,134.85343861579895
P650_h300_pad0.04_s1001,stage1,650.0,300.0,0.04,25.390625,1001,80,5,False,0.3502283890605091,0.35018192751214017,0.03028227797871691,0.002302001426495116,0.3827662069173522,0.38284065567325065,0.2134532647193267,0.40370607960742266,0.9148715878874655,-7.444875589845967e-05,7.305570736843244,24.367425007963448,0.3502277078384958,0.59503173828125,0.7001580005745476,0.17247214465268154,0.08944730625896069,0.17247214465268154,0.0004222220794844224,68.9569456577301
P850_h150_pad0.08_s333,stage1,850.0,150.0,0.08,66.40625,333,80,5,False,0.3455372118041327,0.34556963612900504,0.09196416555831877,0.019481927005158772,0.4570157286924826,0.45712367264495307,0.21007285396954428,0.3328034733855027,0.7561438577128982,-0.0001079439524704906,7.2093481213650135,38.80655559829486,0.34553548154617914,0.466064453125,0.6546639231824417,0.5454704189953404,0.31381663442511576,0.5698924199802705,0.0005713866007445692,74.91476321220398
P825_h150_pad0.04_s1001,stage1,825.0,150.0,0.04,32.2265625,1001,80,5,False,0.3455526777908368,0.3455547352842259,0.10955318403352661,0.020156854894337543,0.47526477421209,0.47540242383886033,0.2111446365384446,0.31345293962269505,0.727078365648071,-0.00013764962677031978,7.209037256734316,48.15476128552454,0.3455519841717657,0.52337646484375,0.6158431485205401,0.608779307218929,0.16519270485590254,0.6095450676565048,0.000616169430244862,69.51109313964844
P825_h150_pad0.04_s333,stage1,825.0,150.0,0.04,32.2265625,333,80,5,False,0.33561868489040736,0.33562363773639725,0.1131614046691979,0.019884945791095156,0.4686699881966903,0.4688000000553095,0.2031144981856372,0.3280855017590533,0.7161193295687274,-0.0001300118586191612,7.00185256235103,42.89717178503967,0.3356179418176452,0.5185546875,0.6101694915254238,0.5323790898334588,0.2990883826568683,0.5612234416098719,0.0006423059137816331,74.65742421150208
P825_h150_pad0.04_s7777,stage1,825.0,150.0,0.04,32.2265625,7777,80,5,False,0.33505422477201263,0.3350826305343804,0.11330731383850634,0.02029970279815448,0.4686896471710413,0.4688190162007913,0.20340647208614868,0.32777451171306,0.7149349949522077,-0.00012936902975002607,6.9905659536686375,41.88595791515818,0.3350533633444226,0.52093505859375,0.6129704108014938,0.5179835627649482,0.2768134011404914,0.5215901063247051,0.0005525483552256773,69.9352457523346
P825_h250_pad0.12_s1001,stage1,825.0,250.0,0.12,96.6796875,1001,80,5,False,0.3109981606069764,0.310999765682155,0.05670731132138209,0.006526813462188188,0.37423389046572525,0.37430450716132835,0.05336309287914994,0.5723323999595217,0.8310304694615528,-7.061669560309847e-05,6.488144044080887,43.59072876309101,0.31099809413689905,0.3367919921875,0.5745522698875468,0.2014805654833444,0.17655229827680327,0.2220207697084892,0.00038086361220422693,67.7353880405426
P825_h250_pad0.12_s333,stage1,825.0,250.0,0.12,96.6796875,333,80,5,False,0.3109097704262424,0.3109124894693468,0.0563217085259499,0.006431563292721538,0.37366576128801826,0.3737360942770577,0.05331570162736736,0.572948204095575,0.83206041783876,-7.033298903941221e-05,6.486323268945962,43.205360937385194,0.3109097457556182,0.33673095703125,0.574448146605581,0.25756630678837766,0.2992347196383015,0.34430028498757176,0.0002898682914051076,126.07721424102783
P825_h250_pad0.12_s7777,stage1,825.0,250.0,0.12,96.6796875,7777,80,5,False,0.3108897767422697,0.3108870659988104,0.05594239982130304,0.006413197714565173,0.37324266353467855,0.37331302156263135,0.0518443050578035,0.5748426733795652,0.8329355038211632,-7.035802795279933e-05,6.485792879032069,43.7664160634299,0.310889752170546,0.3358154296875,0.5728862973760933,0.2319452924379257,0.3442417214359293,0.36574518226449826,0.0002815567608615455,69.92651057243347
P850_h250_pad0.12_s1001,stage1,850.0,250.0,0.12,99.609375,1001,80,5,False,0.30755489300458666,0.30756411139058143,0.061287894964084766,0.006593347632453344,0.37544535398711953,0.37551949829953446,0.04653024907333246,0.5779502526271331,0.8191980753639398,-7.414431241492547e-05,6.416468684839055,49.76292188498091,0.3075548083945756,0.29718017578125,0.5069762598917118,0.23548432020984963,0.1933373700897963,0.258755096647537,0.00039627987388573865,67.01386260986328
P850_h250_pad0.12_s333,stage1,850.0,250.0,0.12,99.609375,333,80,5,False,0.30746234021957863,0.307449824426817,0.06080253381413252,0.006477361047309808,0.3747297192882593,0.3748034507920518,0.04659783869008649,0.5785987105178617,0.8204575420673066,-7.373150379247351e-05,6.41408440560451,49.25754222552475,0.3074622359469204,0.2972412109375,0.5070803831736777,0.29506550972758716,0.32550702828358763,0.3568053553432778,0.00039014844222454235,124.11746120452881
P850_h250_pad0.12_s7777,stage1,850.0,250.0,0.12,99.609375,7777,80,5,False,0.3072337519408039,0.3072246779670368,0.06148349539681231,0.006658476142235336,0.37536664950608445,0.3754406186860252,0.04844419259269416,0.5761151887212806,0.8184655679221626,-7.396917994073604e-05,6.4093873517052415,49.82085068130195,0.30723366834502946,0.296875,0.5064556434818825,0.27950849718747367,0.38474188203193277,0.3900489173100431,0.0003679789688171581,70.55052137374878
P850_h200_pad0.12_s7777,stage1,850.0,200.0,0.12,99.609375,7777,80,5,False,0.3057367334828305,0.3057330453751343,0.07778183845794193,0.009135106816719044,0.3926499906497953,0.39272697714717947,0.19742261512645004,0.40985040772637055,0.7786401442902815,-7.69864973841905e-05,6.378268591548361,50.520785057550974,0.3057362577008685,0.3480224609375,0.5937109537692629,0.5122148794968501,0.3892631249269831,0.5263988562631302,0.0006439981392600641,70.81810140609741
P650_h300_pad0.08_s7777,stage1,650.0,300.0,0.08,50.78125,7777,80,5,False,0.30007697489074653,0.30009305109350265,0.025784494304767532,0.001329516197982294,0.32720706159625246,0.32727258492394184,0.1985857190988628,0.47414169597719535,0.917135008118479,-6.55233276893874e-05,6.260605817022617,20.85377471280001,0.30007625434289203,0.53558349609375,0.7523148148148148,0.1727933733033471,0.239181891471694,0.2696415263021494,0.0003510308742376041,68.10902714729309
P650_h300_pad0.08_s333,stage1,650.0,300.0,0.08,50.78125,333,80,5,False,0.2981416047982858,0.2981200832699869,0.025844769010567245,0.0013278662527829717,0.32529271853333713,0.3253580711787415,0.19618654332308402,0.47845538549817446,0.9164671272512191,-6.535264540435959e-05,6.2194453376723215,21.019017177747553,0.2981418978545823,0.5321044921875,0.7474279835390947,0.18917723112553703,0.2579322012031979,0.2913449049428445,0.00024090058460734094,133.92902207374573
P850_h200_pad0.12_s1001,stage1,850.0,200.0,0.12,99.609375,1001,80,5,False,0.29789123690042846,0.29789575409682867,0.07721488404145188,0.00885986354128806,0.3839705016795686,0.3840458915318832,0.17161830659512192,0.44433580187299493,0.7758297910744948,-7.538985231458906e-05,6.214765334182455,52.187984781051355,0.2978910926718696,0.3529052734375,0.6020408163265306,0.33683163704172786,0.18411492357966466,0.33785700208342134,0.0004918559778021688,67.87113189697266
P650_h300_pad0.08_s1001,stage1,650.0,300.0,0.08,50.78125,1001,80,5,False,0.297795774136695,0.2977776110184928,0.025851293716549685,0.0013207391763975947,0.3249496439114401,0.32501506930404067,0.19552332478377474,0.47946160591218456,0.9163807888327689,-6.542539260057101e-05,6.212300607855821,20.81935446054522,0.2977960809648844,0.53021240234375,0.7447702331961591,0.18890608004917192,0.16412434955882543,0.2286088377353055,0.00046924242706876905,68.46182656288147
P850_h200_pad0.12_s333,stage1,850.0,200.0,0.12,99.609375,333,80,5,False,0.29765956673871247,0.2976545929186387,0.07954923109834197,0.009116982382946616,0.3863208063999273,0.3863959350040365,0.17465312947782213,0.4389509355181413,0.7704855342699315,-7.512860410924249e-05,6.209734177781084,51.801127557291075,0.2976587420601303,0.35223388671875,0.6008954602249063,0.33249475758137226,0.2779981412832153,0.348773130042754,0.0004615404858374845,71.7331178188324
P750_h250_pad0.08_s1001,stage1,750.0,250.0,0.08,58.59375,1001,80,5,False,0.29396352884652627,0.2939735892426451,0.05828317870533278,0.006801881351962878,0.35905864929994075,0.35913126950501717,0.028944418267922125,0.6119243122270607,0.8187341812147055,-7.262020507642353e-05,6.132940286878135,35.0429127069605,0.2939634092937153,0.455078125,0.6392318244170097,0.1895895725207051,0.15188373687757684,0.22216260526012396,0.00031360361130891486,68.24360227584839
P750_h250_pad0.08_s333,stage1,750.0,250.0,0.08,58.59375,333,80,5,False,0.29322920385881757,0.2932245058339589,0.05750597787638403,0.006651413804859185,0.3573818975152021,0.3574542083053076,0.029197172840621528,0.6133486188540709,0.8204794587321981,-7.23107901055009e-05,6.117312747590681,35.0616825929462,0.2932298786052517,0.45489501953125,0.6389746227709191,0.19589234085167098,0.28231090996621433,0.3288531152263416,0.0003290725470389836,120.90140867233276
P750_h250_pad0.08_s7777,stage1,750.0,250.0,0.08,58.59375,7777,80,5,False,0.2925366942084907,0.2925366974094929,0.052314125417098956,0.005657641655537554,0.3505084644821294,0.3505784281233921,0.025763919260602296,0.6236576526160056,0.8346066559097542,-6.996364126271581e-05,6.102963540211443,32.61275628163524,0.2925366532936276,0.4530029296875,0.6363168724279835,0.17526974245214175,0.2918085846361743,0.3174609590528734,0.00019396823663304702,69.44770455360413
P850_h150_pad0.12_s7777,stage1,850.0,150.0,0.12,99.609375,7777,80,5,False,0.29151860693465237,0.2915103652329334,0.0726845902721314,0.006462639211166475,0.3706575947162313,0.37072553781758194,0.2720108893029579,0.35726357287946015,0.7864680756268017,-6.794310135066484e-05,6.081551977459982,43.82324765020235,0.29151807181875883,0.43695068359375,0.7454185755935027,0.24621736745809408,0.2583971784479554,0.29946173250672076,0.0006854595033234047,66.98068404197693
P850_h150_pad0.12_s1001,stage1,850.0,150.0,0.12,99.609375,1001,80,5,False,0.291447854892481,0.29144759277483606,0.07081219523144262,0.006290046805405176,0.36854983481168385,0.36861748985733295,0.2670296300341811,0.36435288010848593,0.7907956136346002,-6.765504564909541e-05,6.080242404929458,43.575699374266534,0.2914478196603457,0.435791015625,0.7434402332361516,0.20083857810137348,0.17869743453458892,0.21821789023599236,0.00018905703424986194,71.80914616584778
P850_h150_pad0.12_s333,stage1,850.0,150.0,0.12,99.609375,333,80,5,False,0.291322252816001,0.2913519566777238,0.06973073476882789,0.006156099536080695,0.36723879098263235,0.36730621004721714,0.26338138777970893,0.369312402173074,0.7933583374951874,-6.741906458479496e-05,6.078247224088994,43.09510664448711,0.29132170911797006,0.4349365234375,0.7419825072886297,0.23454173015203755,0.24277375530973394,0.28529298154942123,0.0005909729743635126,68.21968102455139
P825_h200_pad0.12_s1001,stage1,825.0,200.0,0.12,96.6796875,1001,80,5,False,0.27154440468278984,0.2715237709592432,0.054003671184651506,0.005783760556643478,0.3313112027005382,0.33137678038725216,0.150650594166499,0.5179726254462488,0.8195429817827953,-6.557768671394681e-05,5.664587346268477,40.16234700047657,0.2715440952054747,0.3861083984375,0.6586838817159517,0.21631232323291652,0.17957690817598856,0.23183279157634074,0.0006340751968798642,69.23975586891174
P825_h200_pad0.12_s333,stage1,825.0,200.0,0.12,96.6796875,333,80,5,False,0.2707738428640591,0.2707694202480104,0.05266598708646876,0.005564678389778627,0.32900008572425776,0.32906522275889705,0.14792508343680968,0.5230096938042933,0.8230071419341459,-6.513703463928433e-05,5.648849919381681,39.51420549291661,0.2707739030856797,0.3846435546875,0.6561849229487714,0.24555715830390185,0.2531928767066312,0.3075274806915865,0.00036671941078600303,69.5696702003479
P750_h250_pad0.12_s7777,stage1,750.0,250.0,0.12,87.890625,7777,80,5,False,0.2704901318669051,0.27048773068195525,0.03800042704791058,0.003047888661067592,0.3115360463909334,0.31159846601545405,0.02606020414428308,0.6623413298402628,0.8682389528129648,-6.241962452063765e-05,5.642973251030271,26.69909380394845,0.2704900807385878,0.42584228515625,0.7264681382757184,0.18313593378987922,0.2671654596486909,0.2966537373333956,0.00040303236319923496,69.56051111221313
P825_h200_pad0.12_s7777,stage1,825.0,200.0,0.12,96.6796875,7777,80,5,False,0.2704203451528273,0.27042808936399976,0.05210220424370014,0.005491045175186389,0.32802133878288625,0.32808630470193034,0.1469406735274833,0.5249730217705864,0.8244222475507703,-6.496591904409099e-05,5.641729001019262,39.96114256212458,0.27041969861350335,0.38409423828125,0.6552478134110787,0.2514853380581529,0.3123599320610099,0.32920264919416004,0.0006779976578488618,70.74957132339478
P750_h250_pad0.12_s1001,stage1,750.0,250.0,0.12,87.890625,1001,80,5,False,0.2700489891755141,0.27006791191214774,0.03787438436557919,0.0030224357322809897,0.3109647320100079,0.3110270522646956,0.02613397106715679,0.6628389766681476,0.8684840565889511,-6.232025468771996e-05,5.634214901502433,26.382084646514194,0.2700488438637353,0.4251708984375,0.7253227821740942,0.15529694264926844,0.16428094393025666,0.21298636728676876,0.00033223944985519315,68.63542008399963
P750_h250_pad0.12_s333,stage1,750.0,250.0,0.12,87.890625,333,80,5,False,0.269873384657764,0.2698708183025533,0.03754508603435669,0.0029789674164665807,0.31039487175337654,0.31045712518667645,0.025282408327704068,0.6642604664856194,0.8694435471117526,-6.225343329990807e-05,5.630103092201189,26.110862714638692,0.26987541658936887,0.4232177734375,0.7219908371511871,0.1715233163539926,0.24611196422115467,0.2780292423296945,0.00010734300777159174,124.44691681861877
P825_h150_pad0.08_s7777,stage1,825.0,150.0,0.08,64.453125,7777,80,5,False,0.2692907611599421,0.2692828579656105,0.10125893290306788,0.011571355477675743,0.3821131463463542,0.3821871113026906,0.2924196327815829,0.3253932559157265,0.7047202132154012,-7.39649563364364e-05,5.617836937112862,46.15418526108022,0.26929013998206675,0.49847412109375,0.7001886145404664,0.22186139978615674,0.2585622054855402,0.28470671928043506,0.00048597144208340507,68.33845138549805
P825_h150_pad0.08_s1001,stage1,825.0,150.0,0.08,64.453125,1001,80,5,False,0.2690416054211457,0.2690135558853614,0.10551797539893787,0.012250053921076478,0.38678158520537576,0.38685679234955783,0.29901521338120624,0.3141279942692359,0.6955180033778466,-7.520714418207675e-05,5.612218699156333,46.73922537250377,0.269041416844971,0.49761962890625,0.6989883401920439,0.2307204784224801,0.14269058644090543,0.23178126782445932,0.0004517857981901339,72.1332597732544
P825_h150_pad0.08_s333,stage1,825.0,150.0,0.08,64.453125,333,80,5,False,0.2689352779234438,0.26894157277090847,0.09856587808275234,0.0112345780158996,0.3787420288695604,0.37881524140174155,0.2898742784012295,0.33131048019702897,0.7100917043023302,-7.321253218117718e-05,5.610716971930629,45.66833525729977,0.2689350306503297,0.49688720703125,0.6979595336076817,0.2287525384926839,0.2682933638296933,0.2928119750297039,0.0003434549253798025,72.5688111782074
P650_h300_pad0.12_s7777,stage1,650.0,300.0,0.12,76.171875,7777,80,5,False,0.24852164930845094,0.248571668949226,0.028082001810189203,0.0013428960330441218,0.2779965667924593,0.27805605586580484,0.13370569297126408,0.588238251162931,0.8941537365632263,-5.9489073345520005e-05,5.1857556544542,18.632585544344483,0.24852033773388124,0.46221923828125,0.7885256143273636,0.1860015945090531,0.23381167446318404,0.27626759103556786,0.0004408583784564743,69.02059960365295
P650_h300_pad0.12_s333,stage1,650.0,300.0,0.12,76.171875,333,80,5,False,0.24657139085412572,0.24659267724891074,0.028180750013483,0.0013472828670709302,0.27612071012946465,0.2761799942051424,0.1312228983026029,0.5925971074922547,0.8930611439224928,-5.928407567773464e-05,5.144469503689673,18.64050446842717,0.24656955563537403,0.45904541015625,0.7831112036651395,0.19905373806975493,0.23119329369741276,0.27817858775484716,0.00043784973350524995,113.35755848884583
P650_h300_pad0.12_s1001,stage1,650.0,300.0,0.12,76.171875,1001,80,5,False,0.2464613201094152,0.24645859912016663,0.02818230458177766,0.0013480723254585792,0.27598897602740285,0.27604835858076593,0.13111163463656259,0.5928400067826715,0.893001607048594,-5.93825533630743e-05,5.141672336911928,18.672761422915105,0.2464599749588817,0.45855712890625,0.7822782174094127,0.1867428365316159,0.1937393595486135,0.24797865113796586,0.00039337587909976635,68.90927529335022
P825_h150_pad0.12_s1001,stage1,825.0,150.0,0.12,96.6796875,1001,80,5,False,0.23990906289759362,0.23991077873632397,0.03633545984437625,0.0027638063091598615,0.2790100448898601,0.27906375045182163,0.17225563412725015,0.5486806154209283,0.8598643064303629,-5.3705561961547854e-05,5.005070298862297,29.669782627973127,0.23990905356188705,0.42279052734375,0.7212619741774261,0.16030143397028337,0.18221802039940835,0.20319378617326228,0.00034796308164427973,70.57003378868103
P825_h150_pad0.12_s7777,stage1,825.0,150.0,0.12,96.6796875,7777,80,5,False,0.23973890405606174,0.23973392814206662,0.036531752961481985,0.0027848862627322542,0.27905056736628087,0.27910415517620046,0.17689777502923293,0.5439980697945667,0.8591056825460335,-5.358780991959744e-05,5.001380803703656,29.712979275210067,0.23973913442053835,0.423828125,0.7230320699708455,0.22514716129596513,0.25513166384950636,0.2900023835910306,0.0004658425663764016,77.02206659317017
P825_h150_pad0.12_s333,stage1,825.0,150.0,0.12,96.6796875,333,80,5,False,0.23962462940461368,0.23963365293104505,0.036229677684089925,0.002746285402930804,0.2786096160180658,0.2786631924607945,0.17405300940376492,0.5472837981354406,0.86010546353686,-5.357644272874218e-05,4.999288840670398,29.55359591249236,0.2396244882055047,0.4219970703125,0.71990837151187,0.23566816735123602,0.23195662567219572,0.2845963500142319,0.0007115795515243813,73.16733717918396
P850_h100_pad0.04_s7777,stage1,850.0,100.0,0.04,33.203125,7777,80,5,False,0.2300819833833256,0.2300681850267945,0.07392419331020145,0.005741861550212768,0.3097342398872087,0.30979353737928006,0.2431290905822512,0.44707737203846876,0.7427922244262533,-5.929749207134183e-05,4.799731990601134,36.12931263701929,0.23008027014326934,0.5670166015625,0.6671933352484918,0.20646181265821073,0.24726708604399597,0.2776186603233681,0.0007841093122731536,69.51120519638062
P850_h100_pad0.04_s333,stage1,850.0,100.0,0.04,33.203125,333,80,5,False,0.2297059452097695,0.22971365958374493,0.07131502884125163,0.005562462674206256,0.30659115109920276,0.3066500679002991,0.23950106227887638,0.45384886982082456,0.7492507815707218,-5.891680109632036e-05,4.792335804508351,35.71876173274144,0.22970522532283716,0.56390380859375,0.6635305946567078,0.2561084032849022,0.2818613621454801,0.3040300086020023,0.0006577614578240123,73.81343865394592
P750_h200_pad0.04_s333,stage1,750.0,200.0,0.04,29.296875,333,80,5,False,0.22810000254910534,0.22810369446884998,0.057181543641361327,0.006861994584883609,0.29214723269509496,0.29221294317671764,0.11462818123394403,0.5931588755893383,0.7807833480555839,-6.571048162268278e-05,4.7587483657896374,33.923485316838615,0.22809948980763617,0.5032958984375,0.5922148807813846,0.18946290426660323,0.30118208377443156,0.3214386771796445,0.0002614015760594885,72.58888363838196
P850_h100_pad0.04_s1001,stage1,850.0,100.0,0.04,33.203125,1001,80,5,False,0.22794285189360916,0.22795150362929073,0.0654966060359728,0.004967281406481054,0.2984153910717446,0.2984727444457869,0.2346776392773556,0.46684961627685745,0.7638731461223023,-5.735337404233487e-05,4.755573327740705,34.64148436234509,0.22794240952248424,0.559814453125,0.6587187589773054,0.27467619599664456,0.16176091611289603,0.2840428338182884,0.0006864528418784492,69.53672099113464
P750_h200_pad0.04_s1001,stage1,750.0,200.0,0.04,29.296875,1001,80,5,False,0.2261335607217474,0.22609556434016978,0.05314047851185682,0.006039477232945975,0.28527552008497253,0.28533911337327855,0.10866066239732233,0.6060002242293991,0.7925515805661301,-6.359328830601862e-05,4.716854322861478,32.88447780346904,0.22613157789531682,0.50079345703125,0.5892703246193622,0.18005348247363506,0.13520922915612868,0.1853895547761785,0.0005557352835134297,70.0502941608429
P750_h200_pad0.04_s7777,stage1,750.0,200.0,0.04,29.296875,7777,80,5,False,0.2237141500943138,0.22372456294156387,0.04887500325024108,0.005180845112889394,0.27778041130469433,0.27784184234453047,0.10247770260903405,0.6196804550464355,0.8054007908288494,-6.143103983613507e-05,4.667389981404081,31.383795620717784,0.22371317673839466,0.4970703125,0.5848893995978167,0.20311909655921914,0.30225088786328713,0.32871721862899533,0.0005826099189210282,70.0008864402771
P850_h100_pad0.08_s1001,stage1,850.0,100.0,0.08,66.40625,1001,80,5,False,0.21482178353255477,0.21482222570345427,0.039197628706689365,0.0022941418067945,0.2563139962169381,0.25636159203600195,0.18905592088784431,0.5545824870761538,0.8381213233538515,-4.759581906382815e-05,4.481667506008807,26.72405250357606,0.21482180988133331,0.48724365234375,0.6844135802469136,0.21058070066347565,0.17554339321422774,0.22882584577326362,0.00044327017022857814,71.18918681144714
P850_h100_pad0.08_s333,stage1,850.0,100.0,0.08,66.40625,333,80,5,False,0.21466090228373197,0.21466979677597695,0.039038570661520874,0.0022619541867126146,0.25597032162421046,0.2560177067643269,0.18932090268417515,0.554661390551498,0.8386511194494386,-4.738514011642936e-05,4.478487500918487,26.340334817485235,0.2146608634251172,0.486328125,0.6831275720164609,0.25249756450374183,0.2641573706445903,0.29892713111873187,0.0004571162952534749,77.4948182106018
P850_h100_pad0.08_s7777,stage1,850.0,100.0,0.08,66.40625,7777,80,5,False,0.21458676261310472,0.21458822670468225,0.03901706179507364,0.0022402685632415494,0.25584555706299744,0.2558928526230607,0.19082303293555888,0.5532841144413804,0.8387412670677868,-4.729556006327629e-05,4.4767857685358745,26.08813462525526,0.21458675234345437,0.48712158203125,0.6842421124828533,0.21877768677597983,0.2527879876416258,0.27916857963003294,0.00036750269616440566,71.1655650138855
P850_h100_pad0.12_s7777,stage1,850.0,100.0,0.12,99.609375,7777,80,5,False,0.2108462175827271,0.21085447423981332,0.03436924986064431,0.0019027858028508133,0.24712650990330845,0.24717077728399728,0.15877747414002757,0.5940517485759751,0.8532248293487936,-4.4267380688828295e-05,4.398891421046977,24.607246421183163,0.2108461742433188,0.4342041015625,0.7407330279050396,0.22989895226848417,0.2211732967922311,0.2835574642564778,0.0005833838447317491,70.4486677646637
P850_h100_pad0.12_s1001,stage1,850.0,100.0,0.12,99.609375,1001,80,5,False,0.21077041495280208,0.21076645246970546,0.034286266282915645,0.001901638690611294,0.2469543574432324,0.24699869158076238,0.15612388893310497,0.5968774194861327,0.8534631850671212,-4.433413752996662e-05,4.39705509193521,24.45882605631332,0.21077037951757052,0.4344482421875,0.741149521032903,0.17094353303466198,0.18514667681580746,0.2211111432721638,0.0006071686783821031,69.46944880485535
P850_h100_pad0.12_s333,stage1,850.0,100.0,0.12,99.609375,333,80,5,False,0.21041568298193092,0.21041560247194854,0.03414083328081488,0.0018895928969722298,0.24644602864973567,0.24649020552688305,0.15475508409702327,0.5987547103760936,0.8537999318747562,-4.417687714738938e-05,4.38973558377314,24.284862575897257,0.21041578792432875,0.431884765625,0.7367763431903374,0.24012433184246976,0.22804995832821182,0.29119352454922615,0.0003843646286711404,77.58662390708923
P750_h200_pad0.08_s1001,stage1,750.0,200.0,0.08,58.59375,1001,80,5,False,0.20418249576502528,0.2041728943008659,0.03217545176646091,0.0018855241696648696,0.23823387023699172,0.23828596104014244,0.06811356145301131,0.6936004775068463,0.8570271477257099,-5.2090803150717235e-05,4.2594988623714265,22.591048695574898,0.20418225606706455,0.43017578125,0.6042524005486969,0.176676339514892,0.13685290412201281,0.1905842620823188,0.000724604117204652,72.02178525924683
P750_h200_pad0.08_s333,stage1,750.0,200.0,0.08,58.59375,333,80,5,False,0.20409223575243438,0.20408253917800911,0.03217481230324951,0.0018908695122533399,0.23814822099351196,0.23820036025060676,0.06850526444355705,0.6932943753058362,0.8569559677020181,-5.21392570947965e-05,4.257613854352434,22.808705665304032,0.20409228013574202,0.42962646484375,0.6034807956104252,0.21913051910036024,0.27952835075834703,0.31399609905252285,0.000571051216428317,69.32478380203247
P750_h200_pad0.08_s7777,stage1,750.0,200.0,0.08,58.59375,7777,80,5,False,0.20378125566241653,0.20377882479863987,0.03211928662568913,0.001877658409912064,0.23777576983424106,0.2378277450845162,0.06935510594144637,0.6928171489740375,0.8570209863717348,-5.19752502751436e-05,4.251277699605552,22.759275748366083,0.2037812379933975,0.42926025390625,0.6029663923182441,0.20584381550769737,0.2925687504955531,0.31503398194870047,0.0006434933511071995,69.63310265541077
P750_h200_pad0.12_s1001,stage1,750.0,200.0,0.12,87.890625,1001,80,5,False,0.19891419319440362,0.19891306185068605,0.03122591206467201,0.0018401612724119585,0.23197913518777,0.23203066004881923,0.06996788846484177,0.698001451486339,0.8574610026444,-5.1524861049229154e-05,4.149767105790698,22.389479172350256,0.1989141792963961,0.3939208984375,0.6720116618075802,0.17067285134956442,0.17778724624442818,0.21986840022621562,0.0004970119585380518,71.12684917449951
P750_h200_pad0.12_s333,stage1,750.0,200.0,0.12,87.890625,333,80,5,False,0.19878042250926234,0.19877421644499257,0.031182267417253808,0.0018320614174783948,0.23178854527972478,0.23183999375912945,0.06886283047837903,0.6992971757624915,0.8575670389799023,-5.144847940466435e-05,4.1468704830552365,22.038503523630503,0.19878041090318613,0.39190673828125,0.6685755935027072,0.22393738417779582,0.24645121783459273,0.29898858734422146,0.0005711464235648878,68.46793580055237
P750_h200_pad0.12_s7777,stage1,750.0,200.0,0.12,87.890625,7777,80,5,False,0.19865783523080585,0.19865195967367458,0.031185673228666166,0.001834534064380305,0.23167216696672105,0.23172357348210282,0.07021803465620119,0.698058391861696,0.8574701150967793,-5.140651538176888e-05,4.144319935980271,22.385539293889778,0.1986580627987851,0.39215087890625,0.6689920866305706,0.22247283749735494,0.2693124261510735,0.3151184077373799,0.0005398583569104269,73.86573791503906
P825_h100_pad0.04_s333,stage1,825.0,100.0,0.04,32.2265625,333,80,5,False,0.17976861134060418,0.17976477045288827,0.031917196012530395,0.001541795195729975,0.21322376166114862,0.213264631663311,0.14930101419967817,0.6374343541370108,0.8430803820944085,-4.087000216237979e-05,3.750291329613046,21.043831785617428,0.17976858850409824,0.5128173828125,0.603418557885665,0.26000567624221566,0.2902854647333685,0.3176922258928657,0.0008175554268768212,78.66785407066345
P825_h100_pad0.04_s1001,stage1,825.0,100.0,0.04,32.2265625,1001,80,5,False,0.1797604189771565,0.17976094034027032,0.031777911015064,0.001520984316675621,0.21305983567200995,0.21310039379279055,0.1477274369907054,0.6391721692165041,0.8437110625439473,-4.0558120780603835e-05,3.7502114249793053,20.589344848965997,0.17976041379930782,0.5125732421875,0.6031312841137604,0.21271781490575853,0.15432172268942526,0.22149334038136145,0.0005413631305173276,70.31565356254578
P825_h100_pad0.04_s7777,stage1,825.0,100.0,0.04,32.2265625,7777,80,5,False,0.17971246738293925,0.17970983139026178,0.03192311148218878,0.0015292019714162734,0.21316214484386686,0.21320294179117127,0.151292636243358,0.6355044219654707,0.8430663498994738,-4.079694730441119e-05,3.749145179064715,20.620731598083445,0.17971245953284384,0.512939453125,0.6035621947716173,0.192678951851091,0.28612196385607436,0.2967377764097384,0.0007541406428941064,68.95848631858826
P825_h100_pad0.08_s1001,stage1,825.0,100.0,0.08,64.453125,1001,80,5,False,0.17883411384057107,0.17883446943963427,0.031116445646044936,0.0015418886138723264,0.2114928036995515,0.21153362653850982,0.1440083662966778,0.6444580071648124,0.8455818179690314,-4.08228389583154e-05,3.7308831896579977,20.3533227944153,0.17883410720309265,0.47412109375,0.6659807956104252,0.17281816283231743,0.17430160774771916,0.20422922845394062,0.0007667884626110745,69.11533164978027
P825_h100_pad0.08_s333,stage1,825.0,100.0,0.08,64.453125,333,80,5,False,0.17878086814519809,0.1787812542681871,0.03109911536886955,0.001541656026238191,0.21142202566329488,0.21146273275059557,0.1443449232859113,0.6441923439634931,0.845613193361932,-4.070708730069539e-05,3.729773003298461,20.1587708430027,0.17878086161265117,0.472900390625,0.6642661179698217,0.24046075201083206,0.2659472312101265,0.30228863729468997,0.0007176420749414679,78.94671297073364
P825_h100_pad0.08_s7777,stage1,825.0,100.0,0.08,64.453125,7777,80,5,False,0.1787714990987387,0.1787673764169622,0.031181300584021878,0.0015446535660778567,0.2114933305670619,0.21153412713057718,0.14709091572248048,0.6413749571469424,0.8452624767771449,-4.079656351527183e-05,3.7294834805794577,20.308727499714227,0.17877167841799915,0.4744873046875,0.6664951989026063,0.18842228790639834,0.2615974751441628,0.2655021309296233,0.0008521970758246844,69.52417612075806
P750_h150_pad0.04_s1001,stage1,750.0,150.0,0.04,29.296875,1001,80,5,False,0.17719325881104184,0.1771961686325458,0.02978564716363236,0.001232637549035297,0.20821445334521346,0.20825960773918073,0.10189671828661254,0.6898436739742068,0.8510272259474694,-4.515439396726717e-05,3.696704605630422,19.241679238119055,0.177193250530807,0.48394775390625,0.5694484343579431,0.18177804851780402,0.1356960540858258,0.1885885603642619,0.0007548741148179265,69.9640805721283
P750_h150_pad0.04_s333,stage1,750.0,150.0,0.04,29.296875,333,80,5,False,0.17717627153337942,0.17717095577458042,0.029801429578833943,0.0012481355436142108,0.20822052089702858,0.20826573987152686,0.10218534553342283,0.6895489145950503,0.8508813397032893,-4.521897449827339e-05,3.6961786095613136,19.23782825879923,0.17717634216681144,0.48309326171875,0.5684429761562769,0.24368201061923192,0.30700394354448207,0.3322999352984714,0.0008465208378600852,76.68856072425842
P750_h150_pad0.04_s7777,stage1,750.0,150.0,0.04,29.296875,7777,80,5,False,0.17697209847832623,0.17697595370114508,0.029774045669383027,0.0012593308534746875,0.20800933022400278,0.2080544436230669,0.10452441686746469,0.6874211395094684,0.8508077667023963,-4.511339906412837e-05,3.692110434337555,18.95461454779561,0.17697212393959455,0.4814453125,0.5665038781959207,0.18840636242879674,0.28926008987470164,0.3071164059691631,0.000977326008368883,69.64014196395874
P825_h100_pad0.12_s7777,stage1,825.0,100.0,0.12,96.6796875,7777,80,5,False,0.1768438232237548,0.1768419706911196,0.030418515860152408,0.0015069614757734595,0.20876744802704547,0.208807266681037,0.12609754571195989,0.6650951876070031,0.8470763634961425,-3.981865399152462e-05,3.6893152519469896,20.147612988468484,0.1768437676832208,0.4324951171875,0.7378175760099959,0.20160238698639296,0.23399969362946765,0.2770759786405152,0.0008113752102191598,69.14662671089172
P650_h250_pad0.04_s333,stage1,650.0,250.0,0.04,25.390625,333,80,5,False,0.17672077921350293,0.1767276666874501,0.03177234693189147,0.0007926031630255305,0.2092926167823671,0.2093424539334039,0.017972641309384172,0.772684904757212,0.844404687582555,-4.9837151036791205e-05,3.686930617222278,14.065019521034838,0.17672071553263735,0.49810791015625,0.5861103131284113,0.1778026232145018,0.2916137826149573,0.31270135040056274,0.0005315669221670149,68.58864688873291
P650_h250_pad0.04_s1001,stage1,650.0,250.0,0.04,25.390625,1001,80,5,False,0.1767259982419906,0.17672417675916433,0.03177695176956889,0.0007891174092074764,0.20929024593794068,0.209340056323308,0.017989561198931338,0.7726703824777607,0.8443975779529022,-4.9810385367304866e-05,3.686857809587288,13.74793232427587,0.17672596649126524,0.4981689453125,0.5861821315713875,0.1685953907522277,0.10144749970923667,0.16417727582577962,0.0005097551610086539,68.21459436416626
P825_h100_pad0.12_s1001,stage1,825.0,100.0,0.12,96.6796875,1001,80,5,False,0.17661041092489374,0.17661367976114525,0.030335985537067577,0.0014914005185753911,0.20844106581678823,0.2084809403742185,0.12268430190927593,0.6688347577165056,0.8473075066521775,-3.987455743026391e-05,3.6845525974337883,20.153176043124972,0.17661036760204316,0.42999267578125,0.7335485214493961,0.16248600966144464,0.16933049814234752,0.21642950751833123,0.00047889529617833974,70.66186332702637
P825_h100_pad0.12_s333,stage1,825.0,100.0,0.12,96.6796875,333,80,5,False,0.17655458248230324,0.17655963510981762,0.0303495640297678,0.0014991362985000236,0.20840833543808546,0.20844819258885738,0.1231017489080916,0.6684500585030511,0.8471812547165152,-3.9857150771926975e-05,3.683425106286466,20.348367580728674,0.176554547308892,0.4288330078125,0.731570179092045,0.22255407425894735,0.22509763197904437,0.27517041791502755,0.0006002900434722094,77.47195935249329
P650_h250_pad0.04_s7777,stage1,650.0,250.0,0.04,25.390625,7777,80,5,False,0.17631678843153678,0.17630750967115336,0.03175110902628842,0.0007902977189227826,0.20884891641636458,0.2088988525373845,0.017755709369031352,0.7733454380935841,0.8441868538099755,-4.9936121019916735e-05,3.6781652111233853,13.57231280078616,0.17631751361541775,0.495361328125,0.5828784831944843,0.15540214767252133,0.27549856235743825,0.29949851300180236,0.0006071030319433772,72.00425100326538
P750_h150_pad0.08_s1001,stage1,750.0,150.0,0.08,58.59375,1001,80,5,False,0.17547538840955382,0.17547527927206177,0.029597332842222997,0.0013929563866655857,0.20646556850095035,0.2065113669548555,0.10269732895796171,0.6907913040871828,0.8499009328582265,-4.579845390514925e-05,3.6608030414274517,19.256348783404093,0.17547538087583184,0.44805908203125,0.6293724279835391,0.1675158857927107,0.15745558940386478,0.1973810270878214,0.0004158398265923876,67.76579761505127
P750_h150_pad0.08_s333,stage1,750.0,150.0,0.08,58.59375,333,80,5,False,0.17536091259061806,0.17536244000930165,0.02960370709373272,0.0014142474563480993,0.20638039455938248,0.20642616456102303,0.10458572961376539,0.6889881058252116,0.8497049362837809,-4.577000164054934e-05,3.6584489644428286,19.360659209922048,0.1753609040672288,0.447265625,0.6282578875171467,0.23363465675799888,0.2674070870757554,0.3081852785888136,0.0008436397187512709,79.72851920127869
P750_h150_pad0.08_s7777,stage1,750.0,150.0,0.08,58.59375,7777,80,5,False,0.17524845605563222,0.17524909051472415,0.02959703708592137,0.001422793835409974,0.2062689214360555,0.20631459430379862,0.10660753721443555,0.6870778684817659,0.8496146161749933,-4.567286774312396e-05,3.6560842428922204,19.311697702214033,0.1752484443549742,0.447265625,0.6282578875171467,0.19686406100475487,0.26432744018203597,0.2889901102854469,0.0005367160848949808,67.82593035697937
P750_h150_pad0.12_s1001,stage1,750.0,150.0,0.12,87.890625,1001,80,5,False,0.17401709312623834,0.17401542420523877,0.029573979041793385,0.001481974498919893,0.20507137774595205,0.20511761916041005,0.09668002829074782,0.6982023525488421,0.8485602726130498,-4.624141445799812e-05,3.630347230837841,19.44338502456498,0.1740170890831556,0.41290283203125,0.7043940024989588,0.169342888964573,0.18438688077897475,0.22745742679713427,0.000563737527862803,70.15052533149719
P750_h150_pad0.12_s333,stage1,750.0,150.0,0.12,87.890625,333,80,5,False,0.17394992125102265,0.17395266875249704,0.029579934561151624,0.0014978765870184282,0.20503047990066708,0.20507667135436713,0.09809475386845765,0.6968285747771752,0.8484234579988956,-4.619145370005073e-05,3.6290380130767064,19.635326682274524,0.17394990991994858,0.41204833984375,0.7029362765514369,0.2302806567258625,0.23911652925050123,0.29057173986724877,0.0005157315628825612,77.54056596755981
P750_h150_pad0.12_s7777,stage1,750.0,150.0,0.12,87.890625,7777,80,5,False,0.17390105410082868,0.17390048796449994,0.0295673852657707,0.0014989770130261948,0.20496685024329686,0.20501293852622926,0.09964323301430063,0.6953438284594701,0.848432259939005,-4.6088282932399416e-05,3.6279494062473208,19.59430444987258,0.17390102557177348,0.41241455078125,0.703561016243232,0.20429022873864502,0.2510890884799801,0.28736914775776645,0.0006910388747336355,64.79101777076721
P650_h250_pad0.08_s1001,stage1,650.0,250.0,0.08,50.78125,1001,80,5,False,0.16488318625616136,0.16488424474719326,0.031825082367848305,0.0010724620958596893,0.19778178921090125,0.19783207740609632,0.01738690467549962,0.784781017918404,0.8336674746701364,-5.0288195195064e-05,3.43985059979954,13.99377418114075,0.16488311229526365,0.44464111328125,0.6245713305898491,0.16651789287613103,0.14349304494108883,0.20360511931731204,0.0005052973285222475,67.24747133255005
P650_h250_pad0.08_s7777,stage1,650.0,250.0,0.08,50.78125,7777,80,5,False,0.16465077205076775,0.1646618199316463,0.03183162341984625,0.001079703833602566,0.19757314718509514,0.19762333303358437,0.017645568272776115,0.7847310986936396,0.8334220630568988,-5.0185848489231466e-05,3.4352103254280095,14.247002052264857,0.16465072393414545,0.44500732421875,0.6250857338820301,0.16808929708748307,0.26654548519831467,0.29113920276405997,0.0007263502805123793,69.60682034492493
P650_h250_pad0.08_s333,stage1,650.0,250.0,0.08,50.78125,333,80,5,False,0.16456785575978422,0.16456867636450911,0.0318380656269934,0.0010837180661769402,0.19749046005767948,0.19754063836740365,0.017700538182654043,0.7847588234499423,0.8332993721136952,-5.017830972417481e-05,3.43326714428432,14.360255417883764,0.16456767735649397,0.44439697265625,0.6242283950617284,0.18231070372666372,0.273842471536357,0.3024416502275046,0.0008417450099959722,112.39425492286682
P650_h250_pad0.12_s1001,stage1,650.0,250.0,0.12,76.171875,1001,80,5,False,0.15694664571339959,0.1569419086440797,0.03183860682521439,0.0012521505538182,0.1900326660231123,0.19008251339864668,0.01860275169175141,0.7913147349096019,0.8258680569423363,-4.984737553437313e-05,3.2741558746910644,14.653468387019151,0.15694660801113133,0.4002685546875,0.6828404831320283,0.17110586975386582,0.1814851812056711,0.2290306022639912,0.00043025279470193056,69.13926219940186
P650_h250_pad0.12_s333,stage1,650.0,250.0,0.12,76.171875,333,80,5,False,0.15670011843764592,0.15669516888098436,0.0318451390895943,0.0012610780355223458,0.189801386006101,0.18985111887019201,0.018995308478311042,0.791153572651497,0.8255744184921154,-4.973286409101774e-05,3.2690083366507916,14.913984579435455,0.1567000761850566,0.4002685546875,0.6828404831320283,0.21388233719233232,0.24323729028246988,0.2911733945867257,0.0005577644303166067,110.50139713287354
P650_h250_pad0.12_s7777,stage1,650.0,250.0,0.12,76.171875,7777,80,5,False,0.15648664287219352,0.15649071028233247,0.03184191875157107,0.0012568381618832199,0.18958946719578676,0.1896391221409981,0.01924677333317339,0.7911141045258285,0.8254187988234937,-4.9654945211335955e-05,3.2647428773627607,14.905955228988063,0.15648662350279366,0.39971923828125,0.6819033735943357,0.20001526892394483,0.26096359957930937,0.2939819866238521,0.0007048756423685395,67.54133296012878
P650_h200_pad0.04_s333,stage1,650.0,200.0,0.04,25.390625,333,80,5,False,0.15066863109205353,0.1506674602502443,0.030994915063293774,0.0007487440277222707,0.18241111934126034,0.18245912932401243,0.03679903692959505,0.7807418337463925,0.8259773899439264,-4.8009982752089675e-05,3.1432569819312497,13.731673891135449,0.15066854603693244,0.46856689453125,0.5513501867279518,0.19301330454168933,0.30066575427312525,0.3224079003993815,0.00128669258457152,72.4545156955719
P650_h200_pad0.04_s1001,stage1,650.0,200.0,0.04,25.390625,1001,80,5,False,0.1506054131832969,0.15060151996170823,0.030986077371487245,0.000741812890283303,0.18232941022347876,0.18237736205987798,0.03691681207877452,0.7807058258613475,0.8259858888213258,-4.7951836399218184e-05,3.1418813214403425,13.423149985638105,0.15060569222228778,0.46826171875,0.5509910945130709,0.18266935091101721,0.12506515507348873,0.17833665484385638,0.0007389279537559812,68.84504556655884
P650_h200_pad0.04_s7777,stage1,650.0,200.0,0.04,25.390625,7777,80,5,False,0.15041283900264787,0.15040780724203148,0.03098771571047269,0.0007684016138222418,0.18216392456632644,0.18221198566648744,0.0374982117253228,0.7802898026081898,0.825672852624931,-4.806110016100651e-05,3.1378400449921866,13.698582386041302,0.1504129137553035,0.4664306640625,0.5488365412237862,0.1757326607981156,0.2920924161742233,0.31285801266713437,0.0009046288721730527,69.84210276603699
P650_h200_pad0.08_s1001,stage1,650.0,200.0,0.08,50.78125,1001,80,5,False,0.14752364080923858,0.14752112871344497,0.030986184108084538,0.0010095348805684266,0.17951684770209791,0.1795657574189422,0.03960205247413391,0.7808321901069238,0.8217675978705422,-4.890971684429202e-05,3.0776175362666773,14.154422554852179,0.14752361832705294,0.43365478515625,0.609139231824417,0.1830233235022597,0.15649215928719032,0.21681593227201043,0.0005696569758182538,70.71423745155334
P650_h200_pad0.08_s333,stage1,650.0,200.0,0.08,50.78125,333,80,5,False,0.14737691501053385,0.14737762393581327,0.0309791990264155,0.0010221572221261127,0.17937898018435489,0.1794278661287,0.04017485348102239,0.7803972803902777,0.8215991850569528,-4.888594434510063e-05,3.074623708711065,14.461908560540977,0.14737688385214692,0.432861328125,0.6080246913580247,0.20429676610441472,0.2779751132108409,0.3123695441180183,0.0011645080800011497,70.95274806022644
P650_h200_pad0.08_s7777,stage1,650.0,200.0,0.08,50.78125,7777,80,5,False,0.14720670106707853,0.14721059216272825,0.03097217672968117,0.0010270413244437959,0.17920981021685323,0.17925865843170363,0.040724308434993334,0.7800170331333031,0.8214427099978274,-4.884821485040547e-05,3.0711390559128975,14.480012155197322,0.14720667231177437,0.43121337890625,0.6057098765432098,0.17565971092156396,0.2676203752542741,0.29383859206757024,0.0007360120548501234,69.94591760635376
P650_h200_pad0.12_s1001,stage1,650.0,200.0,0.12,76.171875,1001,80,5,False,0.1443072632784903,0.14430964256535528,0.03098741800033792,0.0011934932767946344,0.17649055384248785,0.1765394674017431,0.041538030491856524,0.7819225021064004,0.8176621321849723,-4.8913559255236994e-05,3.0106188210789897,15.103584343158863,0.1443072548990302,0.397705078125,0.6784673052894628,0.16434851946462692,0.1803754354912772,0.22976754474104702,0.00041409993850531667,67.37509369850159
P650_h200_pad0.12_s7777,stage1,650.0,200.0,0.12,76.171875,7777,80,5,False,0.14425924593027523,0.1442598386624096,0.030970498846437086,0.0011972489538508815,0.17642758646269757,0.17647645463186878,0.04236845224252603,0.7811550931256052,0.817671666629701,-4.8868169171212283e-05,3.009579801337093,14.919941229266964,0.1442592426352096,0.3985595703125,0.6799250312369846,0.18355015254484072,0.24375822128515812,0.28001312592292366,0.00040976608711235725,70.1575391292572
P650_h200_pad0.12_s333,stage1,650.0,200.0,0.12,76.171875,333,80,5,False,0.14420610318333726,0.14420475581788048,0.03097769428037507,0.0012027762996342276,0.17638522639788978,0.176434135648587,0.04215056885802126,0.7814152954933917,0.8175557486463373,-4.8909250697226625e-05,3.0084306511797645,14.921706675712606,0.14420608803659757,0.3973388671875,0.6778425655976676,0.1983030931263342,0.23775705629642285,0.27713699773684664,0.000470837182537139,71.60986137390137
P750_h100_pad0.04_s333,stage1,750.0,100.0,0.04,29.296875,333,80,5,False,0.1378939053200614,0.13789301826849196,0.02840191838801775,0.0007309686094493706,0.1670259052659591,0.1670619435834737,0.10296290288506431,0.729975153531462,0.8255786313441728,-3.603831751461395e-05,2.876753824031542,13.675722081899416,0.13789388639524805,0.51666259765625,0.6079431197931628,0.21792123191545862,0.2920485925147398,0.3168808407240114,0.0009847623476369532,78.03526830673218
P750_h100_pad0.04_s1001,stage1,750.0,100.0,0.04,29.296875,1001,80,5,False,0.13784849997185242,0.13785020521960156,0.028408329720281112,0.0007151740733967824,0.16697370901327946,0.16700967637333586,0.10134215518872346,0.7316481684379407,0.8255803026369757,-3.596736005639922e-05,2.8758606489914973,13.60045976019666,0.1378484865652959,0.513916015625,0.6047112898592358,0.18622388385184271,0.1494248673209106,0.19494807153143176,0.0007455784784765804,70.51805686950684
P750_h100_pad0.04_s7777,stage1,750.0,100.0,0.04,29.296875,7777,80,5,False,0.13770552082435925,0.13770904637246575,0.028420101663559783,0.000756328919499144,0.1668854769555247,0.1669215677754421,0.10523456667195182,0.727843865552606,0.8251709428805808,-3.6090819917400374e-05,2.8729157627427737,13.572851000214532,0.1377054644282638,0.51654052734375,0.6077994829072105,0.17049254085461138,0.2640364198468719,0.2880092164423916,0.0012806021510055447,70.41267991065979
P650_h150_pad0.04_s1001,stage1,650.0,150.0,0.04,25.390625,1001,80,5,False,0.1368995761486384,0.13690849314282327,0.030028184619220213,0.0006298968161532281,0.16756657457819674,0.16761193915091555,0.06483178309311567,0.7675562777559688,0.8170393975496196,-4.5364572718809004e-05,2.8562144489733514,12.66137505150538,0.13689955496371953,0.48797607421875,0.5741884515943695,0.1943543375006481,0.13138031813211334,0.2056123118011848,0.000847005281305311,69.77698302268982
P650_h150_pad0.04_s333,stage1,650.0,150.0,0.04,25.390625,333,80,5,False,0.13680543171067006,0.13680002879757522,0.030006789468692088,0.0006500635889451586,0.16745688185521246,0.16750221729442805,0.06578115378120504,0.7667166289243669,0.8169268845926323,-4.5335439215588025e-05,2.8539516424594216,12.861496837098818,0.1368060995724504,0.4884033203125,0.5746911806952025,0.2049134027445348,0.2897913132733413,0.3224500061999928,0.0012132744484211245,80.17751169204712
P650_h150_pad0.04_s7777,stage1,650.0,150.0,0.04,25.390625,7777,80,5,False,0.13651158402494956,0.13650863023055587,0.029983217590931165,0.0006756964043112913,0.16716754422579833,0.16721283263134756,0.06719842342535262,0.7655887439432998,0.8165976886408612,-4.528840554923752e-05,2.847872422840354,12.741505567833224,0.13651201874506783,0.48687744140625,0.5728957196207987,0.16831949657471532,0.2710372685678837,0.29665301051880183,0.000707000349656726,71.1457417011261
P750_h100_pad0.08_s1001,stage1,750.0,100.0,0.08,58.59375,1001,80,5,False,0.13594946551216736,0.13594941695117913,0.028764392261708693,0.0009608557496097822,0.1656746649624976,0.1657115067446897,0.09982732955880282,0.7344611636965075,0.8205806058636235,-3.684178219209855e-05,2.836205995053822,14.108788768051697,0.13594948487511258,0.4764404296875,0.6692386831275721,0.18939335709038663,0.17679934010494044,0.22063658395155583,0.0006843623696428825,71.02387380599976
P750_h100_pad0.08_s333,stage1,750.0,100.0,0.08,58.59375,333,80,5,False,0.13591761396846022,0.13591895061094167,0.028775219367001132,0.0009801659819823737,0.16567433595992517,0.16571126305844175,0.10133790482905343,0.7329508321125048,0.8203983424675925,-3.692709851657594e-05,2.8355703997069153,14.141750429984606,0.13591760256696533,0.47686767578125,0.6698388203017832,0.22227199124127675,0.26241111444839543,0.3006030885039667,0.001154809223333358,77.77767658233643
P750_h100_pad0.08_s7777,stage1,750.0,100.0,0.08,58.59375,7777,80,5,False,0.13578026677347296,0.13578336673893485,0.02877312138007332,0.0009837432288284339,0.16554023134783663,0.1655770999828562,0.10326731285511498,0.7311555871620289,0.8202439107000157,-3.686863501956017e-05,2.8327418197891627,13.976596468530705,0.13578026011478797,0.47735595703125,0.6705246913580247,0.16998988364643985,0.24721954646726224,0.2699642676209172,0.0004911245494042996,71.887775182724
P650_h150_pad0.08_s1001,stage1,650.0,150.0,0.08,50.78125,1001,80,5,False,0.13380965606746928,0.13381389446361838,0.030085877461691942,0.0009148041282820596,0.1648145760535924,0.16486050131896213,0.0661512050548767,0.7689882936261612,0.8119057043844617,-4.592526536972841e-05,2.7916542653177023,13.297673149541735,0.13380964190907177,0.45147705078125,0.634173525377229,0.17937448582410304,0.16525243797717976,0.21627695181512163,0.0006643538870276968,68.69445133209229
P650_h150_pad0.08_s333,stage1,650.0,150.0,0.08,50.78125,333,80,5,False,0.13363401127055,0.1336358074632711,0.03005366504956702,0.0009314446976708681,0.16462091721050898,0.16466673078543825,0.06770580279597099,0.7676274664185908,0.8117790237578639,-4.581357492927651e-05,2.787938975989117,13.40488417678256,0.1336339994850337,0.4512939453125,0.6339163237311386,0.21569471207695498,0.2631450817603075,0.30680674044180445,0.0006324752015598678,77.15699434280396
P650_h150_pad0.08_s7777,stage1,650.0,150.0,0.08,50.78125,7777,80,5,False,0.13356968897276322,0.1335718837682423,0.030028118924329904,0.0009333752134929868,0.1645333779060652,0.16457907996866183,0.06887453606874944,0.7665463839625887,0.8118224123770235,-4.57020625966309e-05,2.786605386105964,13.354774954874975,0.13356967248178783,0.45196533203125,0.6348593964334706,0.1762387429900772,0.2665203289673598,0.27938390790200895,0.0009108472822756812,67.80214762687683
P750_h100_pad0.12_s7777,stage1,750.0,100.0,0.12,87.890625,7777,80,5,False,0.1328479856615294,0.13284913619730251,0.029163680084479702,0.0010745943497583064,0.16308741063154053,0.16312455972591888,0.08455945883967017,0.7523159814344109,0.814588542934472,-3.7149094378352565e-05,2.771527270733493,14.56689274271434,0.1328479817762787,0.42633056640625,0.7273011245314452,0.1876654602800007,0.23507716639204232,0.2744161499178199,0.00020844603992826928,70.24443793296814
P750_h100_pad0.12_s333,stage1,750.0,100.0,0.12,87.890625,333,80,5,False,0.1328359470229126,0.1328394198103339,0.02917831242968848,0.0010743067118623667,0.1630920389518847,0.16312926093521707,0.08352879588948249,0.7533419431753005,0.8145058499729965,-3.722198333236393e-05,2.771324565377422,14.627611430151145,0.1328359276881257,0.4251708984375,0.7253227821740942,0.19905028602140318,0.23600658881199874,0.2721655269759087,0.0003492062578290921,78.08235836029053
P750_h100_pad0.12_s1001,stage1,750.0,100.0,0.12,87.890625,1001,80,5,False,0.13278204768454954,0.13278686252658442,0.029192096375512306,0.001069458369788246,0.16304841727188496,0.1630857111212236,0.08277211079285875,0.7541421780859177,0.8144014198258724,-3.7293849338648766e-05,2.7702281040126224,14.861849082595118,0.1327820375164812,0.4241943359375,0.7236568096626406,0.1644699355877244,0.1827054869565465,0.2288538850870233,0.0003167817422339803,72.22145700454712
P650_h150_pad0.12_s1001,stage1,650.0,150.0,0.12,76.171875,1001,80,5,False,0.13080481939210434,0.13080637127232525,0.03031571819826944,0.0010777701662436077,0.1621998596368383,0.1622458896419977,0.059351178432696265,0.7784029319253061,0.8064518154651777,-4.603000515940314e-05,2.728910669230989,13.919313903256036,0.1308048023152198,0.410888671875,0.7009579341940858,0.18564016202424358,0.19193482752082439,0.24253562503633297,0.00035853101636348575,69.40061640739441
P650_h150_pad0.12_s333,stage1,650.0,150.0,0.12,76.171875,333,80,5,False,0.1307521647247539,0.13075236637318122,0.030296016163913586,0.001082779020808741,0.16213116155790352,0.16217711538274526,0.06026852639817876,0.7775543582190759,0.8064604306586943,-4.5953824841737934e-05,2.7277840074022763,13.798136234365739,0.13075215064321974,0.4110107421875,0.7011661807580175,0.2152488010002526,0.23376923374998396,0.2863076701244344,0.0004870837118289097,73.87343907356262
P650_h150_pad0.12_s7777,stage1,650.0,150.0,0.12,76.171875,7777,80,5,False,0.13065464580058456,0.13065451451616678,0.03027893678304016,0.001084688313285056,0.16201813961249198,0.1620640470416691,0.06117529900723704,0.7767606539510938,0.8064190517719845,-4.5907429177122205e-05,2.7257426009018633,13.74664366285906,0.13065463377188025,0.41082763671875,0.70085381091212,0.19729262463546862,0.24438426016653478,0.2816636696838785,0.00038552523770154064,68.58330130577087
P550_h200_pad0.04_s1001,stage1,550.0,200.0,0.04,21.484375,1001,80,5,False,0.11581937179765346,0.11582268486147583,0.03214929457736628,0.0005955444612168698,0.14856752390005898,0.1486193419736236,0.02851892987052387,0.8228617281558526,0.7795962524043241,-5.181807356460788e-05,2.4163177785846193,9.986657731933812,0.11581936125040465,0.47332763671875,0.5569520252800919,0.1947075374634164,0.12746600411493653,0.20876969131154052,0.0006678718952213352,72.24526500701904
P550_h200_pad0.04_s333,stage1,550.0,200.0,0.04,21.484375,333,80,5,False,0.11576968903318634,0.11576568945453103,0.032148993303469486,0.0006060713796275849,0.14852075413762808,0.14857266058212426,0.028438520639361056,0.8229888187785147,0.7794579964713599,-5.1906444496180315e-05,2.4151287281385594,9.959291413825733,0.11576966576603484,0.472900390625,0.5564492961792589,0.20195226821471363,0.2962508808575592,0.32847954669476637,0.0008233574458878438,67.95900201797485
P550_h200_pad0.04_s7777,stage1,550.0,200.0,0.04,21.484375,7777,80,5,False,0.11548881416381364,0.11549213289390955,0.032142292749283076,0.0006208098670888309,0.14825523551028147,0.14830717290763473,0.02864853168224786,0.8230442954101174,0.7790087985520093,-5.1937397353263304e-05,2.4094217322968667,9.9428182311195,0.11548880330840712,0.4700927734375,0.5531456478023556,0.16900890316258857,0.27346987024147346,0.29974454630696556,0.0007455008010107185,70.92866969108582
P550_h250_pad0.04_s1001,stage1,550.0,250.0,0.04,21.484375,1001,80,5,False,0.11296705179220135,0.11296631331887802,0.032361191805559165,0.0006122900710189756,0.1459397951954562,0.14598922143934134,0.01865308910422217,0.8353576894564365,0.7740610651644604,-4.9426243885153376e-05,2.3567275407233836,9.257963902697481,0.11296702704515617,0.4603271484375,0.5416546969261706,0.18850554640010242,0.13027519166560841,0.19267960691308336,0.0010405689190313436,68.19003701210022
P650_h100_pad0.04_s1001,stage1,650.0,100.0,0.04,25.390625,1001,80,5,False,0.11293831448671654,0.11293386969702182,0.029470849620897955,0.0005290755333092433,0.142933794851229,0.14297259768400017,0.07883132516078896,0.7781960771552109,0.7901131416441279,-3.880283277116203e-05,2.3560506949018025,10.338529384833102,0.11293835241501445,0.51727294921875,0.6086613042229244,0.18625322946656703,0.15129724206748496,0.19612770507035765,0.000825125498434471,70.33213472366333
P650_h100_pad0.04_s333,stage1,650.0,100.0,0.04,25.390625,333,80,5,False,0.11292887313635862,0.11293295387591364,0.029453403218353165,0.0005378309494748009,0.1429241880437416,0.1429629669921293,0.07932753003448276,0.7777095029733879,0.7901598422329381,-3.8778948387691026e-05,2.3560315888447434,10.314559701251458,0.11292885843243594,0.5181884765625,0.6097385808675668,0.1867205037625057,0.28466912994799326,0.3046556688470766,0.0007931314821855069,79.76705980300903
P550_h250_pad0.04_s333,stage1,550.0,250.0,0.04,21.484375,333,80,5,False,0.11287105968225272,0.11288347468565652,0.032361061573616956,0.0006231343693308491,0.1458676706286043,0.14591716801911547,0.01864496281428476,0.8354378691665998,0.7738758986086142,-4.9497390511160644e-05,2.354999343328839,9.517518922372677,0.11287095749633384,0.459228515625,0.5403619649525998,0.19834509366979927,0.2961744388795462,0.3260773253630123,0.0013194647504842349,68.2800235748291
P650_h100_pad0.04_s7777,stage1,650.0,100.0,0.04,25.390625,7777,80,5,False,0.11276635385626849,0.11276784678419163,0.02940637287084873,0.0005581192380050592,0.14273233889304543,0.14277108408757766,0.08177415661163287,0.7754547593007894,0.7900651503279346,-3.8745194532230354e-05,2.352587089163395,10.260141746760418,0.11276631597720596,0.52056884765625,0.6125395001436369,0.17257099419112149,0.25669599959073336,0.2802775704069254,0.0009778492003411426,67.81162571907043
P550_h250_pad0.04_s7777,stage1,550.0,250.0,0.04,21.484375,7777,80,5,False,0.11272407061421438,0.1127226158588487,0.03236421123495291,0.000633478118382817,0.14572030521218443,0.14576988923349066,0.018449812285181545,0.8357802984813278,0.7735546236656069,-4.958402130622597e-05,2.351643471864429,9.202401406350795,0.11272404555311416,0.45574951171875,0.5362683137029589,0.1595158068056741,0.29322057318676653,0.3039845209736228,0.0008306292097946604,69.57951211929321
P550_h200_pad0.08_s1001,stage1,550.0,200.0,0.08,42.96875,1001,80,5,False,0.11194341020975211,0.11194375168153975,0.032054318026349005,0.0008315077126043647,0.14482957742049313,0.14488146335371055,0.02953155467954703,0.8255869819667424,0.772934325124254,-5.188593321742152e-05,2.33539463977264,10.596570649044462,0.11194339107403752,0.4345703125,0.6104252400548696,0.18512067124270132,0.18359701840863135,0.2346405331038968,0.0010397764659294748,71.62643218040466
P550_h200_pad0.08_s7777,stage1,550.0,200.0,0.08,42.96875,7777,80,5,False,0.11177310421155874,0.11177972187458222,0.032044074385549855,0.000839168716274501,0.14466296497640657,0.14471483338256497,0.029814489123014074,0.8254706774944209,0.772690659926766,-5.1868406158395164e-05,2.331972614637898,10.512037082825639,0.11177303980605427,0.4334716796875,0.6088820301783264,0.16948245635827833,0.27162848383421806,0.28280288388715485,0.001047061240736018,72.27922916412354
P550_h200_pad0.08_s333,stage1,550.0,200.0,0.08,42.96875,333,80,5,False,0.11176321122786628,0.11176519039067208,0.03204381186273893,0.0008389889003344086,0.1446479911537454,0.14469984094799115,0.02981157280309147,0.8254885862489174,0.7726701871156827,-5.1849794245745207e-05,2.331669455693143,10.55821925139287,0.11176319176159957,0.43310546875,0.6083676268861454,0.21102637460256726,0.26438330958207124,0.30865018709412056,0.0006796054673677106,69.44484949111938
P550_h150_pad0.04_s1001,stage1,550.0,150.0,0.04,21.484375,1001,80,5,False,0.11060693266466431,0.11060640528696772,0.03149312575447856,0.0005603357428588655,0.14265986678430514,0.14271062779248112,0.0490001723160068,0.808289199891512,0.7753154953817479,-5.076100817597018e-05,2.3074946314694715,9.734722111304306,0.1106072266605374,0.48907470703125,0.5754811835679402,0.18219784962599436,0.14735913134385523,0.20170247564393837,0.0010509026729709934,69.04592156410217
P550_h150_pad0.04_s333,stage1,550.0,150.0,0.04,21.484375,333,80,5,False,0.11059177506990639,0.11059974708959718,0.0314912407552803,0.0005691292872460877,0.14266011713212354,0.1427109441223594,0.04891847558143597,0.8083705802962046,0.7752674630651403,-5.082699023586934e-05,2.30735572672297,9.710559886015455,0.11059174430034474,0.48919677734375,0.5756248204538925,0.17941472742425202,0.28912499482501325,0.30995139779590153,0.0017853312062407363,74.13403058052063
P550_h150_pad0.04_s7777,stage1,550.0,150.0,0.04,21.484375,7777,80,5,False,0.11043921316993681,0.1104428855691307,0.031448482478811254,0.00057797524346285,0.14246934329140482,0.142520010307026,0.05022561366074807,0.8072543760322259,0.7752045669448504,-5.066701562117526e-05,2.3040832479237414,9.765625095025408,0.11043916222114927,0.48992919921875,0.5764866417696064,0.17219155461651067,0.2627109959585501,0.2880450942645728,0.0011821859134485326,68.22288203239441
P550_h250_pad0.08_s1001,stage1,550.0,250.0,0.08,42.96875,1001,80,5,False,0.10973333756694013,0.10973464208922257,0.03230941350183063,0.0008273165077229691,0.14287137209877615,0.1429211257646773,0.019330675396138,0.8377481988391847,0.7680659916484596,-4.9753665901153266e-05,2.2893077200198992,9.939356454541155,0.1097332932501138,0.42333984375,0.5946502057613169,0.19509557590325885,0.16980890270283114,0.2328302370007435,0.0009485479005146915,68.65377497673035
P550_h250_pad0.08_s333,stage1,550.0,250.0,0.08,42.96875,333,80,5,False,0.10956325383997194,0.10956190202122,0.0323077019639207,0.0008354365613142254,0.14270504054645494,0.14275481685621372,0.019348070357058007,0.8378971127867283,0.767750750791134,-4.977630975877556e-05,2.28570397954464,9.915151726449693,0.10956385531244484,0.4207763671875,0.5910493827160493,0.1834460449478827,0.2746414177178683,0.29891982308377274,0.0008238653735753718,66.08352208137512
P550_h250_pad0.08_s7777,stage1,550.0,250.0,0.08,42.96875,7777,80,5,False,0.10954697407733528,0.10954372940940627,0.03230439558316272,0.0008375279151260648,0.14268565290769503,0.14273541415283397,0.019478755756804467,0.8377858300903616,0.767727708967848,-4.97612451389462e-05,2.2853248586059274,9.932894698169237,0.10954735814911605,0.4212646484375,0.5917352537722909,0.17525904989383556,0.27129661725667975,0.2968002839911444,0.0007647875070906689,71.88517498970032
P650_h100_pad0.08_s1001,stage1,650.0,100.0,0.08,50.78125,1001,80,5,False,0.10914840929485098,0.1091562852936013,0.02970933200935229,0.0007643919848048826,0.13963000928775848,0.13966912154986877,0.07284164112758387,0.7874892373225474,0.7817537637532131,-3.9112262110285734e-05,2.2772419160774655,10.775984863508546,0.1091483713166542,0.47369384765625,0.665380658436214,0.19463225907766699,0.16759822125415214,0.2320755023341798,0.0007470131679767801,70.4393560886383
P650_h100_pad0.08_s333,stage1,650.0,100.0,0.08,50.78125,333,80,5,False,0.10906286364316377,0.10906614338679793,0.029684862880913123,0.0007779825833861657,0.1395289888510972,0.13956806318397896,0.07411361012057492,0.7863183266954461,0.7816737173032289,-3.9074332881749996e-05,2.2753613562176676,10.771463212316428,0.1090628416516395,0.47454833984375,0.6665809327846365,0.20350624313957683,0.2630515947092883,0.29091274478851187,0.0008027405398172106,78.47853922843933
P650_h100_pad0.08_s7777,stage1,650.0,100.0,0.08,50.78125,7777,80,5,False,0.1090176873671214,0.10901557985263179,0.029651805179759298,0.0007795569330298465,0.13944694196542093,0.13948591701907342,0.0759260488565167,0.7845880341244099,0.7817710328826336,-3.897505365249576e-05,2.274306488885764,10.707493347274161,0.10901766886437315,0.4765625,0.6694101508916324,0.16785776570715077,0.24586748396673183,0.26876310490351357,0.0006478713471409497,70.33490514755249
P550_h200_pad0.12_s333,stage1,550.0,200.0,0.12,64.453125,333,80,5,False,0.10798376019887963,0.10797608869812318,0.03206633723131744,0.000986730486716774,0.1410291564161574,0.14108029539591616,0.026545445747598585,0.8323742588564853,0.7656295438618436,-5.113897975875248e-05,2.2526204007042936,11.139728014025073,0.10798375109544449,0.392578125,0.6697209496043315,0.2202440979608016,0.23393667553251238,0.28651274358884277,0.0007311504964599344,71.74501061439514
P550_h200_pad0.12_s1001,stage1,550.0,200.0,0.12,64.453125,1001,80,5,False,0.1079706029428457,0.10797147232247437,0.03208937595898358,0.0009835395027222933,0.14104438778418024,0.1410955582682879,0.025710516650515082,0.833193925081197,0.7655141336618614,-5.11704841076599e-05,2.252524092881986,11.020781783559945,0.10797056649736068,0.39166259765625,0.6681591003748438,0.18431565636493644,0.18431565636493644,0.2414180743309879,0.0004892975669356535,69.81589794158936
P550_h200_pad0.12_s7777,stage1,550.0,200.0,0.12,64.453125,7777,80,5,False,0.10786789339726029,0.10786661679846576,0.032050788943053604,0.0009905216045713592,0.14090792734609073,0.1409590465592352,0.02713266876605296,0.8319082846747119,0.7655113436842299,-5.111921314446266e-05,2.2503365743734327,11.105826765312466,0.10786816148077615,0.3922119140625,0.6690962099125365,0.19802950859533486,0.24572282644990667,0.2833704045611311,0.000500610789423354,63.669647455215454
P550_h250_pad0.12_s1001,stage1,550.0,250.0,0.12,64.453125,1001,80,5,False,0.10634358123328802,0.10633931868029772,0.03225896492776305,0.0009867002683328107,0.1395849838763936,0.13963449152222984,0.01917504065736529,0.8411904678204049,0.7618249164570894,-4.950764583624978e-05,2.2184737523317746,10.631094228429884,0.10634354968437237,0.3828125,0.6530612244897959,0.16560033027670898,0.18557687223952257,0.232828657328666,0.0006660480220934986,66.50093698501587
P550_h250_pad0.12_s7777,stage1,550.0,250.0,0.12,64.453125,7777,80,5,False,0.10633774260625284,0.10633355379482227,0.03225487135656132,0.000986173830849504,0.1395745989822331,0.13962410614673482,0.019314972499393308,0.8410609213538719,0.7618402959435178,-4.950716450172199e-05,2.2183534840502848,10.441314610398187,0.10633786464904531,0.38330078125,0.6538942107455227,0.1854586327421798,0.24207173753796551,0.2798998911121367,0.0002755343021844152,71.10461235046387
P550_h150_pad0.08_s1001,stage1,550.0,150.0,0.08,42.96875,1001,80,5,False,0.10629941072182962,0.10629681045710246,0.031480642376358094,0.0007961876993056759,0.13857364053276622,0.13862405614907547,0.046575445705171616,0.814800498145753,0.767078140174633,-5.041561630925173e-05,2.217586936630985,10.264534304054076,0.10629937833658128,0.44873046875,0.630315500685871,0.19654247506556088,0.17455056542786124,0.23901320527530245,0.0008542619241129582,69.28196573257446
P550_h250_pad0.12_s333,stage1,550.0,250.0,0.12,64.453125,333,80,5,False,0.1062805722032623,0.10628077867153093,0.032256604332475895,0.0009876010101558328,0.13952498401416266,0.13957450524808346,0.019261680227251114,0.8411638145246654,0.7617329571651681,-4.9521233920796215e-05,2.2172524780700797,10.470025676802557,0.10628052207242458,0.38226318359375,0.6521241149521033,0.20138431979660018,0.24567145279325292,0.2819833498843629,0.0006892225861255003,66.92000579833984
P550_h150_pad0.08_s7777,stage1,550.0,150.0,0.08,42.96875,7777,80,5,False,0.10615185336669766,0.10614990433473258,0.03143710461510329,0.0008016924440259686,0.13838870139386183,0.1384389406701403,0.04797622329286359,0.8135848360369962,0.7670416967973717,-5.023927627845204e-05,2.2145221494894174,10.15934196354018,0.10615183687731519,0.4493408203125,0.6311728395061729,0.17751950813207687,0.2532054753915671,0.28164919675957983,0.0009885377871036477,67.2385401725769
P550_h150_pad0.08_s333,stage1,550.0,150.0,0.08,42.96875,333,80,5,False,0.10613731609807724,0.10613982121186064,0.031474926760623634,0.0007996270490387979,0.13841437502152307,0.13846474756203553,0.04666738261374064,0.8148678698242239,0.7668265756021091,-5.0372540512461095e-05,2.214311793210004,10.244740561614226,0.10613729593767278,0.4476318359375,0.6287722908093278,0.18239984307639923,0.2611046158116429,0.28602577589751377,0.000621737107905594,73.59159898757935
P650_h100_pad0.12_s7777,stage1,650.0,100.0,0.12,76.171875,7777,80,5,False,0.10439566519036005,0.10440131957564458,0.03013979716965866,0.000891552338409442,0.13543266908371268,0.13547176483311874,0.058261830602760085,0.8062664045641211,0.7708724954029575,-3.909574940605398e-05,2.178042797920252,11.206610517403265,0.10439559892678243,0.41815185546875,0.7133486047480216,0.18481233109010925,0.23981211932733143,0.2770868326540324,0.0007145530085030349,67.16982984542847
P650_h100_pad0.12_s1001,stage1,650.0,100.0,0.12,76.171875,1001,80,5,False,0.10425604310493214,0.10425775151332928,0.03017874679401985,0.0008898128337735448,0.13532631114112267,0.13536551229508254,0.0568451285801098,0.8077893591248076,0.7704174497493389,-3.9201153959861346e-05,2.17504765010595,11.424004626349992,0.10425601370480113,0.41552734375,0.7088713036234903,0.17812181099872781,0.19542355097920208,0.24117807220949544,0.0004054607424993974,68.15557336807251
P650_h100_pad0.12_s333,stage1,650.0,100.0,0.12,76.171875,333,80,5,False,0.10410050413477144,0.10410551357305069,0.030170565730212432,0.0008947935365109258,0.13517087283977405,0.13520998627156944,0.057363023567690734,0.8074269901607398,0.77017712015852,-3.911343179538451e-05,2.171871629431674,11.252025019150118,0.10410049140402373,0.4150390625,0.7080383173677635,0.21693045781865616,0.23389288649495343,0.2869720215917757,0.00025882454165507545,79.18886470794678
P550_h150_pad0.12_s7777,stage1,550.0,150.0,0.12,64.453125,7777,80,5,False,0.10152594616992679,0.10152466052459637,0.03168918582084874,0.0009362509752619406,0.13415009732070707,0.13419963422141024,0.0365949248116833,0.8292054409669065,0.756799007621184,-4.953690070316763e-05,2.1180293176915086,10.557806176574031,0.10152590890519181,0.39984130859375,0.6821116201582674,0.18737434093864622,0.23636694550268825,0.27571530318043036,0.00041799258534389624,66.16226768493652
P550_h150_pad0.12_s1001,stage1,550.0,150.0,0.12,64.453125,1001,80,5,False,0.10140869816595817,0.10140725493786101,0.03171679377328647,0.0009318822932797766,0.13405593100442725,0.13410544295026328,0.03562949198691857,0.8302650650628182,0.7564548183587043,-4.95119458360227e-05,2.115579977073364,10.782493491889085,0.10140865307268507,0.39813232421875,0.6791961682632237,0.17245555008782357,0.19733002415556597,0.2419958911727086,0.0005061550521815248,70.00249600410461
P550_h150_pad0.12_s333,stage1,550.0,150.0,0.12,64.453125,333,80,5,False,0.10124260359918932,0.10124323555020481,0.031704827753175485,0.0009382305046504295,0.13388629380803072,0.1339357726201541,0.036021703707427,0.8300425236724189,0.7561882002303366,-4.9478812123388005e-05,2.1121581693083282,10.58135726408691,0.1012425574992674,0.397216796875,0.6776343190337359,0.21895432331334075,0.231241538325895,0.2869846199640008,0.00047688247587580505,76.92790198326111
P550_h300_pad0.04_s1001,stage1,550.0,300.0,0.04,21.484375,1001,80,5,False,0.1001847978258539,0.10018761638734353,0.030954987987623916,0.0005948556889125066,0.13173746006387993,0.13178052844847632,0.05736146961342516,0.8108580019380985,0.7605097011796206,-4.306838459638973e-05,2.090135615145584,8.016689205526177,0.10018475469704327,0.441162109375,0.5191037058316575,0.1968203246036575,0.13097903024583538,0.1968203246036575,0.0015785651289705245,67.29132914543152
P550_h300_pad0.04_s333,stage1,550.0,300.0,0.04,21.484375,333,80,5,False,0.1001063488729484,0.10011435213829019,0.03099604336537639,0.0006106281021972616,0.13172102360586385,0.1317642358859844,0.056254295457434635,0.8119814686565809,0.7600483916512275,-4.321228012055256e-05,2.088607160614125,8.047678201016176,0.1001063229221918,0.4383544921875,0.5158000574547544,0.21370477271286245,0.3104061711513371,0.34361746198094084,0.0010786992189004106,126.54264211654663
P550_h300_pad0.04_s7777,stage1,550.0,300.0,0.04,21.484375,7777,80,5,False,0.10003720385399706,0.1000361630485712,0.03103477173465264,0.0006219685695431626,0.131692903352767,0.13173622913698757,0.05522411405220972,0.8130396568108027,0.7596169611402932,-4.3325784220560326e-05,2.0869759629967906,8.016813961205743,0.10003716038229482,0.43609619140625,0.5131427750646366,0.1664682747374159,0.3034672507673826,0.31344939757885515,0.0013328959661199047,68.10771131515503
P550_h300_pad0.08_s1001,stage1,550.0,300.0,0.08,42.96875,1001,80,5,False,0.09818883708960144,0.09819442785718199,0.03136268349730842,0.0007747095677268172,0.13033182092221723,0.1303757161346656,0.04490294742243684,0.8247213364428976,0.7534186752119805,-4.3895212448352705e-05,2.048553287061406,8.548045689585598,0.09818876436662417,0.403076171875,0.5661865569272977,0.18903946049881068,0.17402492911639783,0.22556208813243647,0.0011388507455382395,67.42106008529663
P550_h300_pad0.08_s333,stage1,550.0,300.0,0.08,42.96875,333,80,5,False,0.09814854133718995,0.09814466211867096,0.0313714539751344,0.0007818075736261176,0.13029792366743145,0.13034186199681852,0.04457636048167208,0.8250817775215094,0.7532327404477486,-4.3938329387066544e-05,2.047515063514158,8.536048209913517,0.09814858447832676,0.40191650390625,0.5645576131687243,0.20694105771147156,0.2931772898956437,0.32463986237518105,0.000942201658930806,130.36463069915771
P550_h300_pad0.08_s7777,stage1,550.0,300.0,0.08,42.96875,7777,80,5,False,0.09812188139250633,0.0981225138857196,0.031386301529597864,0.0007836435081379156,0.13029245892345537,0.13033640796770196,0.0442021710020779,0.8254614210302201,0.7530943440354052,-4.394904424659396e-05,2.047053002311652,8.543687974817711,0.09812186477990031,0.40087890625,0.5631001371742113,0.1727473777411494,0.28779475701980345,0.3042532440924893,0.000962638724816623,69.13813257217407
P550_h300_pad0.12_s1001,stage1,550.0,300.0,0.12,64.453125,1001,80,5,False,0.09615064119412718,0.09615184260285006,0.031587151797512224,0.000932412574497994,0.1286714069748603,0.128715911713711,0.03701231289050222,0.8342717753957868,0.7472665828674441,-4.450473885070361e-05,2.0059404338865727,9.304719983788837,0.09615061871453147,0.3673095703125,0.6266139108704707,0.16905893615831644,0.18230093920774312,0.23059447499374397,0.0006739818534900066,67.49607920646667
P550_h300_pad0.12_s333,stage1,550.0,300.0,0.12,64.453125,333,80,5,False,0.09611503620899618,0.09611457146375052,0.03159197585607983,0.0009347755293402768,0.12864132284917063,0.1286858650692495,0.036738767032389895,0.8345753678983606,0.7471516098792216,-4.454222007888031e-05,2.0051628753612976,9.156282962143287,0.09611502885259986,0.3662109375,0.6247396917950854,0.21134489978863147,0.25690465157330256,0.2932575659723036,0.0010752371223503696,133.83989691734314
P550_h300_pad0.12_s7777,stage1,550.0,300.0,0.12,64.453125,7777,80,5,False,0.09610150041243222,0.09610533618184978,0.03158701139349743,0.0009368584616610471,0.12862920603700825,0.1286737484671513,0.03701336171463688,0.8343128898182118,0.7471501935120323,-4.454243014304082e-05,2.004970206922695,9.315078023657378,0.09610152600363403,0.367431640625,0.6268221574344023,0.1858803244472402,0.25905527315902105,0.29503082782782336,0.0007055883051363717,71.11376857757568
P550_h100_pad0.04_s333,stage1,550.0,100.0,0.04,21.484375,333,80,5,False,0.0953683512991296,0.09536436341356966,0.03089575628666577,0.0005179175620897774,0.1267780372623252,0.1268231755535757,0.061999641258172665,0.8111771831882516,0.7522151744331288,-4.5138291250496065e-05,1.9895118735609387,8.541999905961019,0.09536830093143606,0.51300048828125,0.6036340132145935,0.19694272427498877,0.27723458026112824,0.3042432415514668,0.0013008809564776739,76.24791121482849
P550_h100_pad0.04_s1001,stage1,550.0,100.0,0.04,21.484375,1001,80,5,False,0.0953194220995684,0.09532010243052683,0.03092366444525665,0.0005108648372475468,0.12675463171303103,0.12679981487286962,0.061100605447865386,0.812099579679265,0.7520048864670199,-4.5183159838591e-05,1.9885884914069856,8.470025720492217,0.09531937797876011,0.51116943359375,0.6014794599253088,0.1936298977777782,0.1441392361676205,0.21468477411965192,0.0010295493433145945,72.23860478401184
P550_h100_pad0.04_s7777,stage1,550.0,100.0,0.04,21.484375,7777,80,5,False,0.09511483620080913,0.09510939151109782,0.030866258146743892,0.0005302592621820029,0.12650590892002372,0.12655094002777423,0.06304155207349274,0.8104075078987331,0.7518177792882813,-4.5031107750503896e-05,1.9841925948572974,8.420932061298549,0.09511479672950551,0.51312255859375,0.6037776501005458,0.1682549906593121,0.24630008648756616,0.27461490495086543,0.0009271760785257742,65.99423456192017
P550_h100_pad0.08_s1001,stage1,550.0,100.0,0.08,42.96875,1001,80,5,False,0.09021332843344682,0.09021560309588508,0.031084034234863774,0.0007116317544611895,0.12201126908521005,0.12205596632556559,0.052415152241398144,0.8255288814330363,0.7394038581213382,-4.469724035553735e-05,1.882097327712932,8.905084259367845,0.09021327846563394,0.45989990234375,0.6460048010973937,0.19752953295692058,0.1777243154885097,0.24437941934052673,0.0010003685535250931,68.98550224304199
P550_h100_pad0.08_s333,stage1,550.0,100.0,0.08,42.96875,333,80,5,False,0.09018353441992691,0.09018322244565469,0.031066291231193793,0.0007173861461917752,0.12196689982304026,0.12201153592754554,0.05282436175191206,0.8251641023205424,0.7394073521299632,-4.4636104505280105e-05,1.8814217956189612,8.881521452963243,0.09018351274825301,0.46051025390625,0.6468621399176955,0.20269882204537312,0.25691239001484756,0.2935128073156549,0.0006517561406018037,80.6458649635315
P550_h100_pad0.08_s7777,stage1,550.0,100.0,0.08,42.96875,7777,80,5,False,0.0901141406388055,0.09011249803925613,0.031027778629461433,0.0007221458579574447,0.121862422526675,0.12190690743242705,0.054521468850620036,0.8235716237169529,0.7394609115006803,-4.4484905752054105e-05,1.8799463278315833,8.846534484219571,0.09011412494456549,0.46240234375,0.649519890260631,0.17347921189242624,0.24208701866067223,0.2689492244310619,0.0006090671875234491,65.49645209312439
P550_h100_pad0.12_s7777,stage1,550.0,100.0,0.12,64.453125,7777,80,5,False,0.08393199616832517,0.08393494799221728,0.03134873903951916,0.0008251658273263189,0.11610885285906275,0.11615236900232295,0.039737759973361056,0.844109871024316,0.7228987792524368,-4.35161432602027e-05,1.7510689492368043,9.149240093911144,0.08393195109057909,0.39984130859375,0.6821116201582674,0.18408681657643552,0.23893622691257305,0.2746057803568668,0.0005145745155486141,69.18727827072144
P550_h100_pad0.12_s1001,stage1,550.0,100.0,0.12,64.453125,1001,80,5,False,0.08364198030382312,0.08364699513434407,0.031373082013695056,0.0008228695817796069,0.11584294672981872,0.1158864093910964,0.03877028026108095,0.8453433103478226,0.7220724048865444,-4.3462661277679504e-05,1.7450616147435187,9.350320007775421,0.08364192207813079,0.3968505859375,0.6770095793419408,0.1753846236868463,0.1953000515103954,0.24047528044366676,0.0005733938378748855,70.25401067733765
P550_h100_pad0.12_s333,stage1,550.0,100.0,0.12,64.453125,333,80,5,False,0.08353437128542178,0.08353527309458222,0.03136528560581783,0.0008261399088524037,0.11572669860925244,0.1157701258038738,0.03908169054008482,0.8451481836560414,0.7218323351350102,-4.3427194621359355e-05,1.7427308455055308,9.18981658948157,0.0835343256759259,0.3966064453125,0.6765930862140774,0.2205228963153778,0.23008556225621057,0.2839721764252394,0.0005066903102280503,82.13382148742676
P550_h400_pad0.04_s1001,stage1,550.0,400.0,0.04,21.484375,1001,80,5,False,0.06616320306426751,0.0661634358810723,0.029930526048218522,0.0004991302360184918,0.0965930921653093,0.0966290170805093,0.08258651038439507,0.8207844725350957,0.6849706785226451,-3.5924915200005736e-05,1.380315838843536,6.675205237906311,0.06813346465957178,0.3175048828125,0.37359954036196497,0.2352941176470588,0.17970885078258197,0.2401460532140371,0.0028891212410522464,68.81122612953186
P550_h400_pad0.04_s7777,stage1,550.0,400.0,0.04,21.484375,7777,80,5,False,0.06614593632529463,0.06614480904389641,0.029895386082785094,0.0005499407467038231,0.09659013587338533,0.0966257968597668,0.08246541508333052,0.8209087880569027,0.6847987990264554,-3.566098638146942e-05,1.3799272417575614,7.145504464599842,0.06793121877846757,0.313720703125,0.3691467968974433,0.2431953306944756,0.46176787673509273,0.46176787673509273,0.002405296187350496,68.85218739509583
P550_h400_pad0.04_s333,stage1,550.0,400.0,0.04,21.484375,333,80,5,False,0.06610677214500978,0.06610247408833406,0.02990989165919506,0.0005043294817499925,0.09651669522927912,0.09655262199758707,0.08323764562436708,0.8202097323780458,0.6848812418546355,-3.592676830795061e-05,1.37904404080342,6.701077339569606,0.06797940280570833,0.3175048828125,0.37359954036196497,0.25262938679853186,0.39508709175705653,0.42236586722623565,0.0026783474093663023,72.87287211418152
P550_h400_pad0.08_s7777,stage1,550.0,400.0,0.08,42.96875,7777,80,5,False,0.06586280358053133,0.06586367155748073,0.02982403371703942,0.0006694458671613308,0.09635715114168147,0.09639172579875133,0.08190374367542964,0.821704530525819,0.6835369329323177,-3.457465706985241e-05,1.3740620910104062,7.497020460978339,0.06762394112333855,0.29840087890625,0.41915294924554186,0.2367365219269566,0.39685818693318764,0.39685818693318764,0.0020193472888735504,69.99253964424133
P550_h400_pad0.08_s1001,stage1,550.0,400.0,0.08,42.96875,1001,80,5,False,0.06582977817495263,0.06582467745180441,0.02981192907971245,0.0006359704327014011,0.09627257696421826,0.09630707012330642,0.08264260550292354,0.82105032437377,0.6837323724726881,-3.449315908815587e-05,1.3732485875855944,7.02233865699185,0.06763156447352309,0.30169677734375,0.42378257887517146,0.2371521644424461,0.19398188126981117,0.25994288110347374,0.0024450232797930613,67.06767129898071
P550_h400_pad0.08_s333,stage1,550.0,400.0,0.08,42.96875,333,80,5,False,0.06578819880748694,0.06578624338767934,0.02979613043356084,0.0006411573515913093,0.0962235311728315,0.0962579648746067,0.08295549952432511,0.8207865356010682,0.6836814507411669,-3.443370177519389e-05,1.3724467678681553,6.9870576385020895,0.067577741715994,0.3013916015625,0.42335390946502055,0.27150332276601147,0.341535379650272,0.3699966612877946,0.0021955932634160017,70.87009835243225
P550_h400_pad0.12_s7777,stage1,550.0,400.0,0.12,64.453125,7777,80,5,False,0.06561345740838008,0.0656108794653728,0.029777114789627877,0.0007959460118005577,0.09618394026680123,0.09621757261791752,0.08047075565423886,0.8233116717278436,0.6821396512076455,-3.363235111629448e-05,1.3687882879797086,7.44794817480004,0.06688660046729751,0.28411865234375,0.4846938775510204,0.25301617699605117,0.3619970862319014,0.38051353168851515,0.0013890321333175138,68.37994265556335
P550_h400_pad0.12_s1001,stage1,550.0,400.0,0.12,64.453125,1001,80,5,False,0.0656066630930805,0.06560540534822257,0.029800424985312567,0.0007819413413140945,0.09618777167484924,0.09622143228552604,0.0798934265895568,0.8238851411249172,0.6820555690799601,-3.366061067680559e-05,1.3686740857695978,7.35136494837526,0.06706463390620139,0.28424072265625,0.4849021241149521,0.18879953705500394,0.17214183344677683,0.22223415137499256,0.0014344282930978966,68.63969159126282
P550_h400_pad0.12_s333,stage1,550.0,400.0,0.12,64.453125,333,80,5,False,0.06557999889663146,0.06557846504679724,0.029766921777628436,0.0007766809706496071,0.09612206779507527,0.09615558763774545,0.08074629049270174,0.8230981218695528,0.6822415138488842,-3.351984267017938e-05,1.368112051403253,7.248391112271273,0.06705617822369042,0.28619384765625,0.4882340691378592,0.2716426340299587,0.29857127623918367,0.33620008463362444,0.0016134518130783318,66.92355465888977
