Te_K,lambda_nm,eps_re_target,eps_im_target,eps_re_fit,eps_im_fit,abs_err
300,1200.0,0.510537,0.305969,0.511621,0.312661,6.780e-03
300,1201.0,0.505707,0.307138,0.506776,0.313657,6.606e-03
300,1202.0,0.500874,0.308307,0.501927,0.314655,6.434e-03
300,1203.0,0.496039,0.309480,0.497075,0.315656,6.262e-03
300,1204.0,0.491200,0.310651,0.492220,0.316660,6.095e-03
300,1205.0,0.486356,0.311824,0.487361,0.317666,5.927e-03
300,1206.0,0.481510,0.313000,0.482498,0.318675,5.760e-03
300,1207.0,0.476662,0.314175,0.477633,0.319686,5.595e-03
300,1208.0,0.471810,0.315353,0.472763,0.320700,5.431e-03
300,1209.0,0.466954,0.316531,0.467891,0.321716,5.270e-03
300,1210.0,0.462097,0.317711,0.463015,0.322736,5.108e-03
300,1211.0,0.457235,0.318890,0.458135,0.323758,4.950e-03
300,1212.0,0.452370,0.320071,0.453252,0.324782,4.793e-03
300,1213.0,0.447503,0.321255,0.448366,0.325809,4.635e-03
300,1214.0,0.442632,0.322439,0.443476,0.326839,4.480e-03
300,1215.0,0.437758,0.323624,0.438583,0.327871,4.326e-03
300,1216.0,0.432880,0.324811,0.433687,0.328906,4.174e-03
300,1217.0,0.428000,0.325998,0.428787,0.329944,4.024e-03
300,1218.0,0.423116,0.327187,0.423884,0.330985,3.874e-03
300,1219.0,0.418230,0.328378,0.418977,0.332028,3.725e-03
300,1220.0,0.413340,0.329568,0.414067,0.333073,3.580e-03
300,1221.0,0.408447,0.330761,0.409154,0.334122,3.434e-03
300,1222.0,0.403551,0.331954,0.404237,0.335173,3.291e-03
300,1223.0,0.398651,0.333149,0.399317,0.336227,3.149e-03
300,1224.0,0.393749,0.334346,0.394394,0.337283,3.007e-03
300,1225.0,0.388842,0.335543,0.389467,0.338343,2.868e-03
300,1226.0,0.383933,0.336741,0.384537,0.339404,2.731e-03
300,1227.0,0.379021,0.337941,0.379604,0.340469,2.594e-03
300,1228.0,0.374107,0.339142,0.374667,0.341536,2.459e-03
300,1229.0,0.369187,0.340344,0.369727,0.342606,2.326e-03
300,1230.0,0.364266,0.341548,0.364784,0.343679,2.193e-03
300,1231.0,0.359341,0.342752,0.359837,0.344755,2.063e-03
300,1232.0,0.354413,0.343959,0.354887,0.345833,1.933e-03
300,1233.0,0.349482,0.345166,0.349934,0.346914,1.806e-03
300,1234.0,0.344547,0.346374,0.344978,0.347998,1.680e-03
300,1235.0,0.339609,0.347584,0.340018,0.349084,1.555e-03
300,1236.0,0.334669,0.348795,0.335055,0.350174,1.432e-03
300,1237.0,0.329724,0.350007,0.330089,0.351266,1.310e-03
300,1238.0,0.324778,0.351221,0.325119,0.352360,1.190e-03
300,1239.0,0.319827,0.352435,0.320146,0.353458,1.072e-03
300,1240.0,0.314874,0.353650,0.315170,0.354558,9.549e-04
300,1241.0,0.309916,0.354867,0.310191,0.355661,8.401e-04
300,1242.0,0.304956,0.356087,0.305208,0.356767,7.256e-04
300,1243.0,0.299993,0.357306,0.300222,0.357876,6.142e-04
300,1244.0,0.295027,0.358527,0.295233,0.358987,5.044e-04
300,1245.0,0.290056,0.359749,0.290241,0.360102,3.982e-04
300,1246.0,0.285085,0.360973,0.285245,0.361219,2.941e-04
300,1247.0,0.280109,0.362197,0.280247,0.362339,1.979e-04
300,1248.0,0.275129,0.363423,0.275245,0.363461,1.220e-04
300,1249.0,0.270146,0.364651,0.270240,0.364587,1.130e-04
300,1250.0,0.265160,0.365879,0.265231,0.365715,1.783e-04
300,1251.0,0.260171,0.367109,0.260220,0.366847,2.669e-04
300,1252.0,0.255180,0.368340,0.255205,0.367981,3.603e-04
300,1253.0,0.250185,0.369573,0.250187,0.369117,4.552e-04
300,1254.0,0.245185,0.370807,0.245166,0.370257,5.498e-04
300,1255.0,0.240184,0.372041,0.240142,0.371400,6.429e-04
300,1256.0,0.235179,0.373278,0.235114,0.372545,7.357e-04
300,1257.0,0.230170,0.374516,0.230084,0.373693,8.271e-04
300,1258.0,0.225159,0.375754,0.225050,0.374845,9.162e-04
300,1259.0,0.220144,0.376995,0.220013,0.375999,1.005e-03
300,1260.0,0.215127,0.378236,0.214973,0.377155,1.091e-03
300,1261.0,0.210105,0.379479,0.209930,0.378315,1.177e-03
300,1262.0,0.205081,0.380723,0.204884,0.379478,1.261e-03
300,1263.0,0.200053,0.381968,0.199835,0.380643,1.342e-03
300,1264.0,0.195023,0.383216,0.194782,0.381812,1.424e-03
300,1265.0,0.189989,0.384462,0.189727,0.382983,1.502e-03
300,1266.0,0.184951,0.385712,0.184668,0.384158,1.580e-03
300,1267.0,0.179911,0.386963,0.179606,0.385335,1.657e-03
300,1268.0,0.174868,0.388216,0.174541,0.386515,1.732e-03
300,1269.0,0.169820,0.389469,0.169474,0.387698,1.805e-03
300,1270.0,0.164770,0.390723,0.164403,0.388884,1.876e-03
300,1271.0,0.159717,0.391979,0.159329,0.390073,1.946e-03
300,1272.0,0.154660,0.393236,0.154251,0.391264,2.014e-03
300,1273.0,0.149600,0.394496,0.149171,0.392459,2.081e-03
300,1274.0,0.144537,0.395755,0.144088,0.393657,2.146e-03
300,1275.0,0.139471,0.397016,0.139002,0.394857,2.209e-03
300,1276.0,0.134401,0.398279,0.133913,0.396061,2.271e-03
300,1277.0,0.129328,0.399544,0.128820,0.397267,2.332e-03
300,1278.0,0.124252,0.400809,0.123725,0.398477,2.391e-03
300,1279.0,0.119173,0.402075,0.118627,0.399689,2.447e-03
300,1280.0,0.114090,0.403344,0.113525,0.400905,2.504e-03
300,1281.0,0.109005,0.404613,0.108421,0.402123,2.558e-03
300,1282.0,0.103915,0.405883,0.103314,0.403345,2.609e-03
300,1283.0,0.098824,0.407156,0.098203,0.404569,2.660e-03
300,1284.0,0.093728,0.408430,0.093090,0.405796,2.709e-03
300,1285.0,0.088630,0.409704,0.087974,0.407027,2.756e-03
300,1286.0,0.083527,0.410981,0.082855,0.408260,2.803e-03
300,1287.0,0.078422,0.412259,0.077733,0.409496,2.847e-03
300,1288.0,0.073314,0.413537,0.072608,0.410736,2.888e-03
300,1289.0,0.068202,0.414816,0.067480,0.411978,2.929e-03
300,1290.0,0.063087,0.416099,0.062349,0.413224,2.968e-03
300,1291.0,0.057969,0.417382,0.057215,0.414472,3.006e-03
300,1292.0,0.052848,0.418667,0.052078,0.415724,3.042e-03
300,1293.0,0.047723,0.419953,0.046938,0.416978,3.076e-03
300,1294.0,0.042595,0.421240,0.041796,0.418236,3.108e-03
300,1295.0,0.037464,0.422528,0.036650,0.419496,3.139e-03
300,1296.0,0.032330,0.423818,0.031502,0.420760,3.168e-03
300,1297.0,0.027191,0.425109,0.026350,0.422027,3.195e-03
300,1298.0,0.022051,0.426402,0.021196,0.423296,3.221e-03
300,1299.0,0.016905,0.427696,0.016039,0.424569,3.245e-03
300,1300.0,0.011758,0.428992,0.010879,0.425845,3.267e-03
300,1301.0,0.006608,0.430289,0.005716,0.427124,3.288e-03
300,1302.0,0.001454,0.431587,0.000551,0.428406,3.307e-03
300,1303.0,-0.003703,0.432887,-0.004618,0.429691,3.324e-03
300,1304.0,-0.008863,0.434188,-0.009789,0.430980,3.339e-03
300,1305.0,-0.014028,0.435491,-0.014963,0.432271,3.353e-03
300,1306.0,-0.019194,0.436794,-0.020140,0.433565,3.365e-03
300,1307.0,-0.024365,0.438100,-0.025320,0.434863,3.375e-03
300,1308.0,-0.029538,0.439406,-0.030502,0.436163,3.383e-03
300,1309.0,-0.034715,0.440715,-0.035687,0.437467,3.390e-03
300,1310.0,-0.039895,0.442025,-0.040875,0.438774,3.395e-03
300,1311.0,-0.045078,0.443335,-0.046066,0.440084,3.398e-03
300,1312.0,-0.050265,0.444648,-0.051260,0.441397,3.400e-03
300,1313.0,-0.055455,0.445962,-0.056456,0.442713,3.400e-03
300,1314.0,-0.060647,0.447277,-0.061655,0.444032,3.398e-03
300,1315.0,-0.065844,0.448593,-0.066857,0.445355,3.393e-03
300,1316.0,-0.071045,0.449912,-0.072062,0.446681,3.387e-03
300,1317.0,-0.076247,0.451231,-0.077269,0.448009,3.380e-03
300,1318.0,-0.081452,0.452552,-0.082479,0.449341,3.371e-03
300,1319.0,-0.086663,0.453874,-0.087692,0.450676,3.360e-03
300,1320.0,-0.091875,0.455199,-0.092908,0.452015,3.348e-03
300,1321.0,-0.097090,0.456524,-0.098126,0.453356,3.333e-03
300,1322.0,-0.102311,0.457851,-0.103347,0.454701,3.316e-03
300,1323.0,-0.107533,0.459179,-0.108570,0.456048,3.298e-03
300,1324.0,-0.112759,0.460509,-0.113796,0.457399,3.278e-03
300,1325.0,-0.117987,0.461840,-0.119025,0.458753,3.257e-03
300,1326.0,-0.123220,0.463171,-0.124257,0.460111,3.232e-03
300,1327.0,-0.128455,0.464506,-0.129491,0.461471,3.207e-03
300,1328.0,-0.133694,0.465842,-0.134728,0.462835,3.180e-03
300,1329.0,-0.138936,0.467178,-0.139967,0.464202,3.150e-03
300,1330.0,-0.144181,0.468517,-0.145209,0.465572,3.119e-03
300,1331.0,-0.149431,0.469856,-0.150454,0.466945,3.086e-03
300,1332.0,-0.154682,0.471198,-0.155701,0.468321,3.051e-03
300,1333.0,-0.159937,0.472540,-0.160951,0.469701,3.015e-03
300,1334.0,-0.165196,0.473885,-0.166204,0.471084,2.977e-03
300,1335.0,-0.170458,0.475230,-0.171459,0.472470,2.936e-03
300,1336.0,-0.175723,0.476577,-0.176716,0.473860,2.894e-03
300,1337.0,-0.180990,0.477926,-0.181976,0.475252,2.850e-03
300,1338.0,-0.186262,0.479276,-0.187239,0.476648,2.803e-03
300,1339.0,-0.191537,0.480628,-0.192504,0.478047,2.756e-03
300,1340.0,-0.196815,0.481981,-0.197772,0.479449,2.706e-03
300,1341.0,-0.202096,0.483336,-0.203042,0.480855,2.655e-03
300,1342.0,-0.207381,0.484691,-0.208315,0.482264,2.600e-03
300,1343.0,-0.212669,0.486048,-0.213591,0.483676,2.545e-03
300,1344.0,-0.217960,0.487407,-0.218869,0.485091,2.488e-03
300,1345.0,-0.223255,0.488769,-0.224149,0.486510,2.429e-03
300,1346.0,-0.228552,0.490130,-0.229432,0.487932,2.368e-03
300,1347.0,-0.233853,0.491494,-0.234717,0.489357,2.305e-03
300,1348.0,-0.239158,0.492859,-0.240005,0.490786,2.240e-03
300,1349.0,-0.244466,0.494225,-0.245295,0.492217,2.172e-03
300,1350.0,-0.249776,0.495593,-0.250588,0.493652,2.104e-03
300,1351.0,-0.255090,0.496962,-0.255883,0.495091,2.032e-03
300,1352.0,-0.260407,0.498333,-0.261180,0.496532,1.960e-03
300,1353.0,-0.265728,0.499706,-0.266480,0.497977,1.885e-03
300,1354.0,-0.271052,0.501079,-0.271782,0.499426,1.808e-03
300,1355.0,-0.276379,0.502455,-0.277087,0.500877,1.730e-03
300,1356.0,-0.281710,0.503832,-0.282394,0.502332,1.649e-03
300,1357.0,-0.287043,0.505210,-0.287704,0.503790,1.566e-03
300,1358.0,-0.292380,0.506590,-0.293016,0.505252,1.482e-03
300,1359.0,-0.297720,0.507972,-0.298330,0.506716,1.396e-03
300,1360.0,-0.303064,0.509355,-0.303646,0.508184,1.307e-03
300,1361.0,-0.308411,0.510739,-0.308965,0.509656,1.217e-03
300,1362.0,-0.313762,0.512125,-0.314287,0.511131,1.124e-03
300,1363.0,-0.319115,0.513514,-0.319610,0.512609,1.031e-03
300,1364.0,-0.324471,0.514903,-0.324936,0.514090,9.358e-04
300,1365.0,-0.329832,0.516293,-0.330264,0.515575,8.379e-04
300,1366.0,-0.335195,0.517686,-0.335595,0.517063,7.396e-04
300,1367.0,-0.340562,0.519078,-0.340928,0.518555,6.383e-04
300,1368.0,-0.345932,0.520474,-0.346263,0.520050,5.380e-04
300,1369.0,-0.351305,0.521871,-0.351600,0.521548,4.367e-04
300,1370.0,-0.356681,0.523269,-0.356939,0.523050,3.388e-04
300,1371.0,-0.362061,0.524668,-0.362281,0.524555,2.479e-04
300,1372.0,-0.367444,0.526071,-0.367625,0.526063,1.810e-04
300,1373.0,-0.372830,0.527473,-0.372972,0.527575,1.741e-04
300,1374.0,-0.378220,0.528877,-0.378320,0.529090,2.347e-04
300,1375.0,-0.383613,0.530284,-0.383671,0.530608,3.298e-04
300,1376.0,-0.389009,0.531691,-0.389024,0.532130,4.400e-04
300,1377.0,-0.394408,0.533100,-0.394379,0.533656,5.564e-04
300,1378.0,-0.399811,0.534511,-0.399736,0.535184,6.772e-04
300,1379.0,-0.405216,0.535923,-0.405095,0.536716,8.022e-04
300,1380.0,-0.410626,0.537336,-0.410457,0.538252,9.310e-04
300,1381.0,-0.416038,0.538753,-0.415821,0.539791,1.061e-03
300,1382.0,-0.421454,0.540170,-0.421186,0.541333,1.193e-03
300,1383.0,-0.426873,0.541588,-0.426554,0.542879,1.329e-03
300,1384.0,-0.432296,0.543007,-0.431924,0.544428,1.468e-03
300,1385.0,-0.437721,0.544430,-0.437297,0.545980,1.608e-03
300,1386.0,-0.443150,0.545852,-0.442671,0.547536,1.751e-03
300,1387.0,-0.448583,0.547277,-0.448047,0.549096,1.896e-03
300,1388.0,-0.454018,0.548703,-0.453426,0.550658,2.043e-03
300,1389.0,-0.459457,0.550130,-0.458806,0.552225,2.193e-03
300,1390.0,-0.464899,0.551561,-0.464189,0.553794,2.344e-03
300,1391.0,-0.470344,0.552992,-0.469573,0.555367,2.498e-03
300,1392.0,-0.475793,0.554424,-0.474960,0.556944,2.654e-03
300,1393.0,-0.481244,0.555858,-0.480348,0.558524,2.812e-03
300,1394.0,-0.486700,0.557295,-0.485739,0.560107,2.972e-03
300,1395.0,-0.492159,0.558731,-0.491132,0.561694,3.136e-03
300,1396.0,-0.497620,0.560172,-0.496526,0.563285,3.300e-03
300,1397.0,-0.503086,0.561611,-0.501923,0.564878,3.468e-03
300,1398.0,-0.508554,0.563053,-0.507321,0.566476,3.637e-03
300,1399.0,-0.514025,0.564497,-0.512722,0.568076,3.809e-03
300,1400.0,-0.519501,0.565942,-0.518124,0.569681,3.984e-03
600,1200.0,0.517083,0.305165,0.518174,0.311859,6.783e-03
600,1201.0,0.512263,0.306333,0.513339,0.312853,6.609e-03
600,1202.0,0.507442,0.307500,0.508501,0.313850,6.438e-03
600,1203.0,0.502617,0.308670,0.503660,0.314849,6.266e-03
600,1204.0,0.497788,0.309839,0.498815,0.315850,6.098e-03
600,1205.0,0.492955,0.311011,0.493967,0.316854,5.930e-03
600,1206.0,0.488121,0.312184,0.489115,0.317861,5.763e-03
600,1207.0,0.483283,0.313358,0.484260,0.318870,5.598e-03
600,1208.0,0.478442,0.314534,0.479402,0.319882,5.434e-03
600,1209.0,0.473597,0.315709,0.474540,0.320897,5.273e-03
600,1210.0,0.468750,0.316887,0.469674,0.321914,5.111e-03
600,1211.0,0.463899,0.318064,0.464805,0.322934,4.953e-03
600,1212.0,0.459046,0.319243,0.459933,0.323956,4.796e-03
600,1213.0,0.454189,0.320425,0.455058,0.324981,4.638e-03
600,1214.0,0.449330,0.321607,0.450179,0.326009,4.483e-03
600,1215.0,0.444466,0.322791,0.445296,0.327040,4.329e-03
600,1216.0,0.439599,0.323975,0.440411,0.328073,4.177e-03
600,1217.0,0.434730,0.325160,0.435522,0.329108,4.027e-03
600,1218.0,0.429857,0.326347,0.430629,0.330147,3.877e-03
600,1219.0,0.424982,0.327536,0.425733,0.331188,3.728e-03
600,1220.0,0.420103,0.328724,0.420834,0.332231,3.583e-03
600,1221.0,0.415220,0.329915,0.415932,0.333278,3.437e-03
600,1222.0,0.410335,0.331106,0.411026,0.334327,3.294e-03
600,1223.0,0.405446,0.332299,0.406117,0.335379,3.152e-03
600,1224.0,0.400555,0.333494,0.401204,0.336433,3.010e-03
600,1225.0,0.395660,0.334689,0.396288,0.337490,2.871e-03
600,1226.0,0.390761,0.335885,0.391369,0.338550,2.733e-03
600,1227.0,0.385860,0.337082,0.386447,0.339613,2.597e-03
600,1228.0,0.380957,0.338281,0.381521,0.340678,2.462e-03
600,1229.0,0.376048,0.339481,0.376592,0.341746,2.329e-03
600,1230.0,0.371138,0.340683,0.371659,0.342817,2.196e-03
600,1231.0,0.366224,0.341885,0.366724,0.343890,2.066e-03
600,1232.0,0.361307,0.343090,0.361785,0.344966,1.936e-03
600,1233.0,0.356387,0.344295,0.356842,0.346045,1.809e-03
600,1234.0,0.351463,0.345501,0.351897,0.347127,1.683e-03
600,1235.0,0.346536,0.346709,0.346948,0.348211,1.558e-03
600,1236.0,0.341607,0.347918,0.341996,0.349298,1.434e-03
600,1237.0,0.336673,0.349128,0.337040,0.350388,1.313e-03
600,1238.0,0.331738,0.350339,0.332082,0.351481,1.192e-03
600,1239.0,0.326798,0.351551,0.327120,0.352576,1.074e-03
600,1240.0,0.321856,0.352765,0.322155,0.353675,9.577e-04
600,1241.0,0.316910,0.353979,0.317186,0.354776,8.428e-04
600,1242.0,0.311961,0.355197,0.312215,0.355879,7.284e-04
600,1243.0,0.307009,0.356414,0.307240,0.356986,6.169e-04
600,1244.0,0.302054,0.357633,0.302262,0.358095,5.071e-04
600,1245.0,0.297094,0.358852,0.297281,0.359207,4.010e-04
600,1246.0,0.292134,0.360074,0.292296,0.360322,2.969e-04
600,1247.0,0.287169,0.361296,0.287309,0.361440,2.006e-04
600,1248.0,0.282200,0.362521,0.282318,0.362561,1.242e-04
600,1249.0,0.277229,0.363746,0.277324,0.363684,1.131e-04
600,1250.0,0.272254,0.364972,0.272326,0.364810,1.769e-04
600,1251.0,0.267276,0.366200,0.267326,0.365939,2.650e-04
600,1252.0,0.262296,0.367428,0.262322,0.367071,3.582e-04
600,1253.0,0.257312,0.368659,0.257315,0.368206,4.530e-04
600,1254.0,0.252324,0.369891,0.252305,0.369344,5.476e-04
600,1255.0,0.247333,0.371123,0.247292,0.370484,6.406e-04
600,1256.0,0.242340,0.372358,0.242276,0.371627,7.334e-04
600,1257.0,0.237343,0.373594,0.237257,0.372773,8.248e-04
600,1258.0,0.232342,0.374830,0.232234,0.373922,9.139e-04
600,1259.0,0.227339,0.376068,0.227208,0.375074,1.002e-03
600,1260.0,0.222332,0.377307,0.222180,0.376229,1.089e-03
600,1261.0,0.217322,0.378548,0.217148,0.377386,1.174e-03
600,1262.0,0.212310,0.379790,0.212113,0.378547,1.258e-03
600,1263.0,0.207293,0.381032,0.207074,0.379710,1.340e-03
600,1264.0,0.202274,0.382278,0.202033,0.380877,1.422e-03
600,1265.0,0.197251,0.383523,0.196989,0.382046,1.500e-03
600,1266.0,0.192225,0.384770,0.191941,0.383218,1.578e-03
600,1267.0,0.187196,0.386019,0.186891,0.384393,1.654e-03
600,1268.0,0.182164,0.387269,0.181837,0.385571,1.730e-03
600,1269.0,0.177127,0.388520,0.176781,0.386751,1.802e-03
600,1270.0,0.172088,0.389772,0.171721,0.387935,1.874e-03
600,1271.0,0.167047,0.391026,0.166658,0.389122,1.943e-03
600,1272.0,0.162001,0.392281,0.161592,0.390311,2.012e-03
600,1273.0,0.156953,0.393538,0.156524,0.391504,2.079e-03
600,1274.0,0.151902,0.394795,0.151452,0.392699,2.144e-03
600,1275.0,0.146846,0.396054,0.146377,0.393898,2.207e-03
600,1276.0,0.141788,0.397314,0.141299,0.395099,2.269e-03
600,1277.0,0.136727,0.398577,0.136218,0.396303,2.330e-03
600,1278.0,0.131662,0.399840,0.131134,0.397511,2.389e-03
600,1279.0,0.126594,0.401104,0.126047,0.398721,2.445e-03
600,1280.0,0.121523,0.402370,0.120957,0.399934,2.501e-03
600,1281.0,0.116449,0.403638,0.115864,0.401150,2.555e-03
600,1282.0,0.111371,0.404906,0.110768,0.402369,2.607e-03
600,1283.0,0.106291,0.406176,0.105669,0.403592,2.658e-03
600,1284.0,0.101206,0.407447,0.100567,0.404817,2.707e-03
600,1285.0,0.096119,0.408719,0.095463,0.406045,2.754e-03
600,1286.0,0.091028,0.409994,0.090355,0.407276,2.800e-03
600,1287.0,0.085935,0.411269,0.085244,0.408510,2.845e-03
600,1288.0,0.080838,0.412545,0.080130,0.409747,2.886e-03
600,1289.0,0.075738,0.413823,0.075014,0.410987,2.926e-03
600,1290.0,0.070634,0.415102,0.069894,0.412230,2.966e-03
600,1291.0,0.065528,0.416384,0.064772,0.413477,3.004e-03
600,1292.0,0.060418,0.417666,0.059647,0.414726,3.040e-03
600,1293.0,0.055304,0.418950,0.054518,0.415978,3.074e-03
600,1294.0,0.050189,0.420234,0.049387,0.417233,3.106e-03
600,1295.0,0.045068,0.421520,0.044253,0.418492,3.136e-03
600,1296.0,0.039946,0.422808,0.039116,0.419753,3.166e-03
600,1297.0,0.034819,0.424097,0.033976,0.421017,3.193e-03
600,1298.0,0.029690,0.425387,0.028834,0.422285,3.218e-03
600,1299.0,0.024556,0.426680,0.023688,0.423555,3.242e-03
600,1300.0,0.019421,0.427973,0.018540,0.424829,3.265e-03
600,1301.0,0.014282,0.429268,0.013389,0.426106,3.286e-03
600,1302.0,0.009140,0.430563,0.008235,0.427385,3.304e-03
600,1303.0,0.003994,0.431861,0.003078,0.428668,3.321e-03
600,1304.0,-0.001155,0.433159,-0.002082,0.429954,3.336e-03
600,1305.0,-0.006307,0.434460,-0.007244,0.431243,3.351e-03
600,1306.0,-0.011462,0.435761,-0.012410,0.432535,3.362e-03
600,1307.0,-0.016621,0.437064,-0.017578,0.433830,3.373e-03
600,1308.0,-0.021783,0.438369,-0.022749,0.435129,3.381e-03
600,1309.0,-0.026948,0.439675,-0.027922,0.436430,3.388e-03
600,1310.0,-0.032117,0.440982,-0.033099,0.437735,3.393e-03
600,1311.0,-0.037288,0.442291,-0.038278,0.439042,3.396e-03
600,1312.0,-0.042463,0.443600,-0.043460,0.440353,3.397e-03
600,1313.0,-0.047641,0.444912,-0.048644,0.441667,3.397e-03
600,1314.0,-0.052822,0.446225,-0.053832,0.442984,3.395e-03
600,1315.0,-0.058007,0.447539,-0.059022,0.444304,3.390e-03
600,1316.0,-0.063196,0.448855,-0.064215,0.445627,3.385e-03
600,1317.0,-0.068387,0.450172,-0.069411,0.446954,3.377e-03
600,1318.0,-0.073580,0.451491,-0.074609,0.448283,3.369e-03
600,1319.0,-0.078779,0.452811,-0.079810,0.449616,3.357e-03
600,1320.0,-0.083979,0.454133,-0.085014,0.450952,3.345e-03
600,1321.0,-0.089183,0.455455,-0.090220,0.452291,3.330e-03
600,1322.0,-0.094391,0.456780,-0.095429,0.453633,3.314e-03
600,1323.0,-0.099602,0.458105,-0.100641,0.454978,3.295e-03
600,1324.0,-0.104816,0.459433,-0.105855,0.456327,3.275e-03
600,1325.0,-0.110033,0.460762,-0.111072,0.457678,3.254e-03
600,1326.0,-0.115253,0.462090,-0.116292,0.459033,3.229e-03
600,1327.0,-0.120477,0.463423,-0.121514,0.460391,3.204e-03
600,1328.0,-0.125704,0.464756,-0.126739,0.461753,3.177e-03
600,1329.0,-0.130934,0.466090,-0.131967,0.463117,3.147e-03
600,1330.0,-0.136168,0.467426,-0.137197,0.464485,3.116e-03
600,1331.0,-0.141405,0.468764,-0.142430,0.465856,3.083e-03
600,1332.0,-0.146644,0.470102,-0.147665,0.467230,3.048e-03
600,1333.0,-0.151888,0.471443,-0.152903,0.468607,3.012e-03
600,1334.0,-0.157135,0.472785,-0.158144,0.469988,2.974e-03
600,1335.0,-0.162385,0.474128,-0.163387,0.471371,2.933e-03
600,1336.0,-0.167638,0.475472,-0.168633,0.472758,2.890e-03
600,1337.0,-0.172893,0.476818,-0.173881,0.474149,2.847e-03
600,1338.0,-0.178154,0.478166,-0.179132,0.475542,2.800e-03
600,1339.0,-0.183416,0.479515,-0.184385,0.476939,2.753e-03
600,1340.0,-0.188683,0.480866,-0.189641,0.478339,2.703e-03
600,1341.0,-0.193951,0.482218,-0.194899,0.479742,2.652e-03
600,1342.0,-0.199225,0.483571,-0.200160,0.481148,2.597e-03
600,1343.0,-0.204501,0.484926,-0.205423,0.482558,2.541e-03
600,1344.0,-0.209780,0.486282,-0.210689,0.483971,2.484e-03
600,1345.0,-0.215063,0.487642,-0.215958,0.485387,2.426e-03
600,1346.0,-0.220348,0.489001,-0.221228,0.486806,2.365e-03
600,1347.0,-0.225637,0.490362,-0.226502,0.488229,2.302e-03
600,1348.0,-0.230930,0.491725,-0.231777,0.489655,2.236e-03
600,1349.0,-0.236226,0.493088,-0.237056,0.491084,2.168e-03
600,1350.0,-0.241524,0.494454,-0.242336,0.492517,2.100e-03
600,1351.0,-0.246826,0.495820,-0.247619,0.493953,2.028e-03
600,1352.0,-0.252131,0.497188,-0.252905,0.495392,1.956e-03
600,1353.0,-0.257440,0.498559,-0.258192,0.496834,1.882e-03
600,1354.0,-0.262752,0.499930,-0.263483,0.498280,1.804e-03
600,1355.0,-0.268067,0.501303,-0.268775,0.499729,1.726e-03
600,1356.0,-0.273386,0.502678,-0.274070,0.501181,1.645e-03
600,1357.0,-0.278707,0.504053,-0.279367,0.502637,1.562e-03
600,1358.0,-0.284032,0.505430,-0.284667,0.504096,1.478e-03
600,1359.0,-0.289360,0.506810,-0.289969,0.505558,1.392e-03
600,1360.0,-0.294692,0.508190,-0.295274,0.507024,1.303e-03
600,1361.0,-0.300027,0.509572,-0.300580,0.508493,1.213e-03
600,1362.0,-0.305365,0.510955,-0.305889,0.509965,1.120e-03
600,1363.0,-0.310707,0.512341,-0.311201,0.511441,1.027e-03
600,1364.0,-0.316051,0.513728,-0.316514,0.512920,9.314e-04
600,1365.0,-0.321399,0.515115,-0.321830,0.514402,8.335e-04
600,1366.0,-0.326750,0.516506,-0.327149,0.515888,7.351e-04
600,1367.0,-0.332105,0.517896,-0.332469,0.517377,6.339e-04
600,1368.0,-0.337463,0.519289,-0.337792,0.518869,5.335e-04
600,1369.0,-0.342824,0.520683,-0.343117,0.520365,4.323e-04
600,1370.0,-0.348187,0.522078,-0.348444,0.521864,3.346e-04
600,1371.0,-0.353555,0.523475,-0.353774,0.523366,2.442e-04
600,1372.0,-0.358927,0.524875,-0.359106,0.524872,1.790e-04
600,1373.0,-0.364300,0.526275,-0.364439,0.526381,1.753e-04
600,1374.0,-0.369678,0.527677,-0.369776,0.527894,2.381e-04
600,1375.0,-0.375059,0.529080,-0.375114,0.529410,3.342e-04
600,1376.0,-0.380443,0.530485,-0.380454,0.530929,4.447e-04
600,1377.0,-0.385829,0.531891,-0.385797,0.532452,5.614e-04
600,1378.0,-0.391220,0.533300,-0.391142,0.533978,6.823e-04
600,1379.0,-0.396613,0.534710,-0.396489,0.535507,8.074e-04
600,1380.0,-0.402010,0.536120,-0.401838,0.537040,9.364e-04
600,1381.0,-0.407410,0.537534,-0.407190,0.538577,1.066e-03
600,1382.0,-0.412814,0.538948,-0.412543,0.540116,1.199e-03
600,1383.0,-0.418221,0.540364,-0.417898,0.541659,1.335e-03
600,1384.0,-0.423631,0.541781,-0.423256,0.543206,1.474e-03
600,1385.0,-0.429044,0.543200,-0.428616,0.544756,1.613e-03
600,1386.0,-0.434461,0.544620,-0.433978,0.546309,1.757e-03
600,1387.0,-0.439882,0.546042,-0.439341,0.547866,1.902e-03
600,1388.0,-0.445304,0.547466,-0.444707,0.549426,2.049e-03
600,1389.0,-0.450731,0.548890,-0.450075,0.550990,2.199e-03
600,1390.0,-0.456161,0.550318,-0.455445,0.552557,2.350e-03
600,1391.0,-0.461593,0.551746,-0.460817,0.554127,2.504e-03
600,1392.0,-0.467030,0.553177,-0.466191,0.555701,2.660e-03
600,1393.0,-0.472469,0.554608,-0.471568,0.557278,2.819e-03
600,1394.0,-0.477912,0.556041,-0.476946,0.558859,2.979e-03
600,1395.0,-0.483359,0.557475,-0.482326,0.560443,3.143e-03
600,1396.0,-0.488808,0.558913,-0.487708,0.562031,3.306e-03
600,1397.0,-0.494261,0.560350,-0.493092,0.563622,3.475e-03
600,1398.0,-0.499716,0.561789,-0.498478,0.565217,3.644e-03
600,1399.0,-0.505175,0.563230,-0.503865,0.566815,3.817e-03
600,1400.0,-0.510639,0.564673,-0.509255,0.568416,3.991e-03
1000,1200.0,0.532482,0.303275,0.533553,0.309968,6.779e-03
1000,1201.0,0.527687,0.304438,0.528745,0.310957,6.604e-03
1000,1202.0,0.522891,0.305600,0.523932,0.311948,6.433e-03
1000,1203.0,0.518092,0.306766,0.519116,0.312942,6.261e-03
1000,1204.0,0.513289,0.307930,0.514297,0.313939,6.093e-03
1000,1205.0,0.508481,0.309097,0.509475,0.314938,5.925e-03
1000,1206.0,0.503672,0.310265,0.504649,0.315940,5.758e-03
1000,1207.0,0.498860,0.311434,0.499819,0.316944,5.593e-03
1000,1208.0,0.494044,0.312605,0.494987,0.317951,5.428e-03
1000,1209.0,0.489224,0.313776,0.490150,0.318961,5.267e-03
1000,1210.0,0.484403,0.314949,0.485311,0.319973,5.105e-03
1000,1211.0,0.479578,0.316121,0.480468,0.320988,4.947e-03
1000,1212.0,0.474749,0.317296,0.475622,0.322006,4.790e-03
1000,1213.0,0.469918,0.318473,0.470772,0.323026,4.632e-03
1000,1214.0,0.465084,0.319651,0.465919,0.324049,4.477e-03
1000,1215.0,0.460246,0.320829,0.461062,0.325074,4.323e-03
1000,1216.0,0.455405,0.322009,0.456203,0.326102,4.170e-03
1000,1217.0,0.450562,0.323188,0.451339,0.327133,4.020e-03
1000,1218.0,0.445714,0.324371,0.446473,0.328166,3.870e-03
1000,1219.0,0.440865,0.325555,0.441603,0.329202,3.721e-03
1000,1220.0,0.436011,0.326739,0.436730,0.330241,3.575e-03
1000,1221.0,0.431154,0.327925,0.431853,0.331282,3.429e-03
1000,1222.0,0.426295,0.329111,0.426973,0.332326,3.286e-03
1000,1223.0,0.421432,0.330299,0.422090,0.333373,3.144e-03
1000,1224.0,0.416566,0.331489,0.417204,0.334422,3.002e-03
1000,1225.0,0.411697,0.332679,0.412314,0.335475,2.863e-03
1000,1226.0,0.406824,0.333870,0.407421,0.336529,2.725e-03
1000,1227.0,0.401949,0.335063,0.402524,0.337587,2.589e-03
1000,1228.0,0.397072,0.336257,0.397625,0.338647,2.454e-03
1000,1229.0,0.392189,0.337452,0.392722,0.339710,2.320e-03
1000,1230.0,0.387305,0.338649,0.387815,0.340776,2.187e-03
1000,1231.0,0.382416,0.339846,0.382906,0.341844,2.057e-03
1000,1232.0,0.377525,0.341046,0.377993,0.342915,1.927e-03
1000,1233.0,0.372631,0.342245,0.373077,0.343989,1.799e-03
1000,1234.0,0.367733,0.343447,0.368158,0.345065,1.674e-03
1000,1235.0,0.362832,0.344650,0.363235,0.346145,1.548e-03
1000,1236.0,0.357929,0.345854,0.358309,0.347227,1.425e-03
1000,1237.0,0.353021,0.347059,0.353380,0.348311,1.303e-03
1000,1238.0,0.348112,0.348265,0.348448,0.349399,1.182e-03
1000,1239.0,0.343198,0.349472,0.343512,0.350489,1.064e-03
1000,1240.0,0.338282,0.350681,0.338573,0.351582,9.473e-04
1000,1241.0,0.333362,0.351891,0.333631,0.352678,8.323e-04
1000,1242.0,0.328439,0.353103,0.328686,0.353777,7.177e-04
1000,1243.0,0.323513,0.354315,0.323737,0.354878,6.060e-04
1000,1244.0,0.318584,0.355529,0.318786,0.355982,4.960e-04
1000,1245.0,0.313651,0.356743,0.313831,0.357089,3.897e-04
1000,1246.0,0.308716,0.357960,0.308873,0.358199,2.855e-04
1000,1247.0,0.303778,0.359177,0.303911,0.359312,1.894e-04
1000,1248.0,0.298835,0.360397,0.298947,0.360427,1.155e-04
1000,1249.0,0.293891,0.361617,0.293979,0.361545,1.141e-04
1000,1250.0,0.288942,0.362838,0.289008,0.362666,1.839e-04
1000,1251.0,0.283990,0.364060,0.284034,0.363790,2.741e-04
1000,1252.0,0.279036,0.365284,0.279057,0.364917,3.681e-04
1000,1253.0,0.274078,0.366510,0.274077,0.366046,4.634e-04
1000,1254.0,0.269117,0.367736,0.269094,0.367178,5.584e-04
1000,1255.0,0.264153,0.368964,0.264107,0.368314,6.517e-04
1000,1256.0,0.259186,0.370193,0.259117,0.369452,7.448e-04
1000,1257.0,0.254215,0.371424,0.254124,0.370592,8.363e-04
1000,1258.0,0.249241,0.372655,0.249128,0.371736,9.256e-04
1000,1259.0,0.244264,0.373888,0.244129,0.372883,1.014e-03
1000,1260.0,0.239284,0.375121,0.239127,0.374032,1.101e-03
1000,1261.0,0.234299,0.376358,0.234122,0.375184,1.187e-03
1000,1262.0,0.229314,0.377594,0.229113,0.376340,1.270e-03
1000,1263.0,0.224324,0.378832,0.224102,0.377498,1.352e-03
1000,1264.0,0.219331,0.380072,0.219087,0.378659,1.434e-03
1000,1265.0,0.214335,0.381312,0.214070,0.379822,1.513e-03
1000,1266.0,0.209335,0.382554,0.209049,0.380989,1.590e-03
1000,1267.0,0.204333,0.383797,0.204025,0.382159,1.667e-03
1000,1268.0,0.199328,0.385042,0.198998,0.383331,1.743e-03
1000,1269.0,0.194318,0.386288,0.193969,0.384507,1.815e-03
1000,1270.0,0.189306,0.387535,0.188936,0.385685,1.887e-03
1000,1271.0,0.184291,0.388784,0.183900,0.386866,1.957e-03
1000,1272.0,0.179272,0.390034,0.178861,0.388051,2.025e-03
1000,1273.0,0.174250,0.391285,0.173819,0.389238,2.092e-03
1000,1274.0,0.169225,0.392537,0.168774,0.390428,2.157e-03
1000,1275.0,0.164197,0.393791,0.163725,0.391621,2.221e-03
1000,1276.0,0.159165,0.395046,0.158674,0.392817,2.282e-03
1000,1277.0,0.154131,0.396303,0.153620,0.394016,2.344e-03
1000,1278.0,0.149093,0.397561,0.148563,0.395218,2.403e-03
1000,1279.0,0.144052,0.398820,0.143503,0.396422,2.459e-03
1000,1280.0,0.139007,0.400081,0.138440,0.397630,2.515e-03
1000,1281.0,0.133961,0.401343,0.133374,0.398841,2.570e-03
1000,1282.0,0.128909,0.402605,0.128305,0.400055,2.621e-03
1000,1283.0,0.123856,0.403870,0.123233,0.401271,2.673e-03
1000,1284.0,0.118799,0.405136,0.118159,0.402491,2.722e-03
1000,1285.0,0.113738,0.406403,0.113081,0.403714,2.769e-03
1000,1286.0,0.108675,0.407672,0.108000,0.404939,2.815e-03
1000,1287.0,0.103608,0.408942,0.102916,0.406168,2.860e-03
1000,1288.0,0.098538,0.410213,0.097830,0.407400,2.901e-03
1000,1289.0,0.093465,0.411485,0.092740,0.408634,2.941e-03
1000,1290.0,0.088389,0.412759,0.087648,0.409872,2.981e-03
1000,1291.0,0.083309,0.414035,0.082552,0.411113,3.019e-03
1000,1292.0,0.078226,0.415312,0.077454,0.412356,3.055e-03
1000,1293.0,0.073140,0.416590,0.072353,0.413603,3.089e-03
1000,1294.0,0.068051,0.417870,0.067249,0.414853,3.122e-03
1000,1295.0,0.062958,0.419150,0.062142,0.416106,3.152e-03
1000,1296.0,0.057863,0.420433,0.057033,0.417361,3.181e-03
1000,1297.0,0.052763,0.421716,0.051920,0.418620,3.209e-03
1000,1298.0,0.047661,0.423001,0.046805,0.419882,3.234e-03
1000,1299.0,0.042555,0.424288,0.041686,0.421147,3.258e-03
1000,1300.0,0.037447,0.425575,0.036565,0.422415,3.281e-03
1000,1301.0,0.032335,0.426865,0.031441,0.423686,3.302e-03
1000,1302.0,0.027220,0.428155,0.026315,0.424960,3.320e-03
1000,1303.0,0.022102,0.429447,0.021185,0.426238,3.337e-03
1000,1304.0,0.016980,0.430740,0.016053,0.427518,3.353e-03
1000,1305.0,0.011855,0.432035,0.010918,0.428801,3.367e-03
1000,1306.0,0.006728,0.433331,0.005780,0.430088,3.378e-03
1000,1307.0,0.001596,0.434629,0.000639,0.431378,3.389e-03
1000,1308.0,-0.003538,0.435927,-0.004505,0.432670,3.397e-03
1000,1309.0,-0.008676,0.437228,-0.009651,0.433966,3.404e-03
1000,1310.0,-0.013817,0.438530,-0.014800,0.435265,3.409e-03
1000,1311.0,-0.018961,0.439832,-0.019952,0.436567,3.412e-03
1000,1312.0,-0.024108,0.441137,-0.025106,0.437872,3.414e-03
1000,1313.0,-0.029260,0.442443,-0.030263,0.439180,3.414e-03
1000,1314.0,-0.034413,0.443750,-0.035423,0.440492,3.412e-03
1000,1315.0,-0.039570,0.445058,-0.040586,0.441806,3.407e-03
1000,1316.0,-0.044731,0.446369,-0.045751,0.443124,3.402e-03
1000,1317.0,-0.049895,0.447680,-0.050919,0.444444,3.394e-03
1000,1318.0,-0.055061,0.448994,-0.056090,0.445768,3.386e-03
1000,1319.0,-0.060232,0.450308,-0.061264,0.447095,3.374e-03
1000,1320.0,-0.065404,0.451624,-0.066440,0.448425,3.362e-03
1000,1321.0,-0.070580,0.452941,-0.071619,0.449759,3.347e-03
1000,1322.0,-0.075761,0.454260,-0.076800,0.451095,3.331e-03
1000,1323.0,-0.080944,0.455580,-0.081984,0.452435,3.312e-03
1000,1324.0,-0.086130,0.456902,-0.087171,0.453778,3.293e-03
1000,1325.0,-0.091320,0.458225,-0.092360,0.455124,3.271e-03
1000,1326.0,-0.096512,0.459548,-0.097552,0.456473,3.246e-03
1000,1327.0,-0.101708,0.460875,-0.102747,0.457825,3.222e-03
1000,1328.0,-0.106908,0.462202,-0.107944,0.459181,3.194e-03
1000,1329.0,-0.112110,0.463531,-0.113144,0.460540,3.165e-03
1000,1330.0,-0.117316,0.464861,-0.118347,0.461902,3.134e-03
1000,1331.0,-0.122525,0.466193,-0.123552,0.463267,3.101e-03
1000,1332.0,-0.127737,0.467526,-0.128759,0.464635,3.066e-03
1000,1333.0,-0.132952,0.468860,-0.133970,0.466007,3.030e-03
1000,1334.0,-0.138171,0.470197,-0.139182,0.467381,2.992e-03
1000,1335.0,-0.143393,0.471534,-0.144398,0.468759,2.951e-03
1000,1336.0,-0.148618,0.472872,-0.149616,0.470140,2.908e-03
1000,1337.0,-0.153846,0.474213,-0.154836,0.471525,2.865e-03
1000,1338.0,-0.159078,0.475554,-0.160059,0.472913,2.818e-03
1000,1339.0,-0.164313,0.476898,-0.165284,0.474303,2.771e-03
1000,1340.0,-0.169551,0.478243,-0.170512,0.475697,2.721e-03
1000,1341.0,-0.174792,0.479590,-0.175743,0.477095,2.670e-03
1000,1342.0,-0.180038,0.480936,-0.180976,0.478495,2.615e-03
1000,1343.0,-0.185285,0.482285,-0.186211,0.479899,2.560e-03
1000,1344.0,-0.190536,0.483636,-0.191449,0.481306,2.502e-03
1000,1345.0,-0.195791,0.484990,-0.196689,0.482717,2.444e-03
1000,1346.0,-0.201048,0.486343,-0.201932,0.484130,2.383e-03
1000,1347.0,-0.206309,0.487699,-0.207177,0.485547,2.320e-03
1000,1348.0,-0.211574,0.489055,-0.212425,0.486967,2.255e-03
1000,1349.0,-0.216841,0.490412,-0.217675,0.488391,2.187e-03
1000,1350.0,-0.222111,0.491773,-0.222928,0.489818,2.119e-03
1000,1351.0,-0.227385,0.493133,-0.228183,0.491248,2.047e-03
1000,1352.0,-0.232662,0.494495,-0.233440,0.492681,1.974e-03
1000,1353.0,-0.237943,0.495860,-0.238700,0.494117,1.900e-03
1000,1354.0,-0.243226,0.497225,-0.243962,0.495557,1.823e-03
1000,1355.0,-0.248513,0.498592,-0.249226,0.497000,1.744e-03
1000,1356.0,-0.253804,0.499961,-0.254493,0.498447,1.664e-03
1000,1357.0,-0.259096,0.501330,-0.259762,0.499897,1.581e-03
1000,1358.0,-0.264393,0.502702,-0.265034,0.501350,1.496e-03
1000,1359.0,-0.269693,0.504075,-0.270308,0.502806,1.410e-03
1000,1360.0,-0.274996,0.505450,-0.275584,0.504266,1.322e-03
1000,1361.0,-0.280303,0.506825,-0.280862,0.505729,1.231e-03
1000,1362.0,-0.285613,0.508202,-0.286143,0.507195,1.138e-03
1000,1363.0,-0.290926,0.509583,-0.291426,0.508665,1.046e-03
1000,1364.0,-0.296241,0.510963,-0.296712,0.510138,9.500e-04
1000,1365.0,-0.301561,0.512345,-0.301999,0.511614,8.520e-04
1000,1366.0,-0.306884,0.513729,-0.307289,0.513094,7.536e-04
1000,1367.0,-0.312210,0.515113,-0.312581,0.514577,6.523e-04
1000,1368.0,-0.317539,0.516501,-0.317876,0.516064,5.518e-04
1000,1369.0,-0.322872,0.517888,-0.323173,0.517553,4.503e-04
1000,1370.0,-0.328206,0.519278,-0.328472,0.519046,3.518e-04
1000,1371.0,-0.333546,0.520669,-0.333773,0.520543,2.596e-04
1000,1372.0,-0.338888,0.522063,-0.339076,0.522043,1.886e-04
1000,1373.0,-0.344233,0.523456,-0.344381,0.523546,1.732e-04
1000,1374.0,-0.349583,0.524852,-0.349689,0.525052,2.272e-04
1000,1375.0,-0.354934,0.526249,-0.354999,0.526562,3.196e-04
1000,1376.0,-0.360290,0.527648,-0.360311,0.528076,4.286e-04
1000,1377.0,-0.365647,0.529048,-0.365625,0.529592,5.446e-04
1000,1378.0,-0.371010,0.530451,-0.370942,0.531112,6.651e-04
1000,1379.0,-0.376373,0.531854,-0.376260,0.532636,7.900e-04
1000,1380.0,-0.381742,0.533258,-0.381581,0.534163,9.187e-04
1000,1381.0,-0.387114,0.534666,-0.386904,0.535693,1.048e-03
1000,1382.0,-0.392488,0.536075,-0.392228,0.537227,1.181e-03
1000,1383.0,-0.397866,0.537484,-0.397555,0.538764,1.317e-03
1000,1384.0,-0.403248,0.538894,-0.402884,0.540304,1.456e-03
1000,1385.0,-0.408632,0.540308,-0.408216,0.541848,1.596e-03
1000,1386.0,-0.414020,0.541721,-0.413549,0.543395,1.739e-03
1000,1387.0,-0.419412,0.543138,-0.418884,0.544946,1.884e-03
1000,1388.0,-0.424805,0.544555,-0.424221,0.546500,2.031e-03
1000,1389.0,-0.430203,0.545973,-0.429561,0.548058,2.181e-03
1000,1390.0,-0.435604,0.547395,-0.434902,0.549619,2.332e-03
1000,1391.0,-0.441007,0.548817,-0.440245,0.551183,2.486e-03
1000,1392.0,-0.446415,0.550241,-0.445591,0.552751,2.642e-03
1000,1393.0,-0.451825,0.551666,-0.450938,0.554322,2.801e-03
1000,1394.0,-0.457239,0.553093,-0.456287,0.555897,2.961e-03
1000,1395.0,-0.462657,0.554521,-0.461638,0.557475,3.125e-03
1000,1396.0,-0.468076,0.555952,-0.466992,0.559057,3.289e-03
1000,1397.0,-0.473500,0.557383,-0.472347,0.560642,3.457e-03
1000,1398.0,-0.478927,0.558816,-0.477704,0.562230,3.627e-03
1000,1399.0,-0.484356,0.560250,-0.483063,0.563822,3.799e-03
1000,1400.0,-0.489791,0.561687,-0.488424,0.565417,3.973e-03
1500,1200.0,0.562092,0.299639,0.563143,0.306370,6.812e-03
1500,1201.0,0.557346,0.300793,0.558383,0.307350,6.638e-03
1500,1202.0,0.552598,0.301947,0.553621,0.308332,6.466e-03
1500,1203.0,0.547847,0.303104,0.548854,0.309317,6.294e-03
1500,1204.0,0.543093,0.304259,0.544085,0.310304,6.126e-03
1500,1205.0,0.538334,0.305417,0.539312,0.311294,5.959e-03
1500,1206.0,0.533574,0.306576,0.534535,0.312287,5.792e-03
1500,1207.0,0.528811,0.307736,0.529756,0.313282,5.626e-03
1500,1208.0,0.524044,0.308898,0.524973,0.314280,5.462e-03
1500,1209.0,0.519273,0.310059,0.520186,0.315280,5.300e-03
1500,1210.0,0.514501,0.311223,0.515396,0.316284,5.139e-03
1500,1211.0,0.509725,0.312386,0.510603,0.317289,4.981e-03
1500,1212.0,0.504945,0.313552,0.505807,0.318297,4.823e-03
1500,1213.0,0.500163,0.314720,0.501007,0.319308,4.665e-03
1500,1214.0,0.495379,0.315888,0.496204,0.320322,4.510e-03
1500,1215.0,0.490589,0.317057,0.491397,0.321338,4.356e-03
1500,1216.0,0.485797,0.318228,0.486587,0.322357,4.204e-03
1500,1217.0,0.481003,0.319398,0.481774,0.323378,4.054e-03
1500,1218.0,0.476205,0.320572,0.476958,0.324402,3.903e-03
1500,1219.0,0.471405,0.321746,0.472138,0.325429,3.755e-03
1500,1220.0,0.466601,0.322921,0.467315,0.326458,3.609e-03
1500,1221.0,0.461794,0.324098,0.462488,0.327490,3.463e-03
1500,1222.0,0.456984,0.325274,0.457659,0.328525,3.320e-03
1500,1223.0,0.452170,0.326453,0.452826,0.329562,3.178e-03
1500,1224.0,0.447354,0.327633,0.447989,0.330602,3.036e-03
1500,1225.0,0.442534,0.328814,0.443150,0.331645,2.897e-03
1500,1226.0,0.437711,0.329996,0.438307,0.332690,2.759e-03
1500,1227.0,0.432885,0.331179,0.433461,0.333738,2.623e-03
1500,1228.0,0.428058,0.332364,0.428611,0.334789,2.488e-03
1500,1229.0,0.423225,0.333549,0.423759,0.335842,2.354e-03
1500,1230.0,0.418390,0.334737,0.418903,0.336898,2.221e-03
1500,1231.0,0.413551,0.335925,0.414044,0.337957,2.091e-03
1500,1232.0,0.408710,0.337115,0.409181,0.339019,1.961e-03
1500,1233.0,0.403866,0.338305,0.404316,0.340083,1.834e-03
1500,1234.0,0.399018,0.339497,0.399447,0.341150,1.708e-03
1500,1235.0,0.394167,0.340691,0.394575,0.342220,1.583e-03
1500,1236.0,0.389313,0.341885,0.389700,0.343292,1.459e-03
1500,1237.0,0.384456,0.343080,0.384821,0.344368,1.338e-03
1500,1238.0,0.379597,0.344278,0.379939,0.345446,1.217e-03
1500,1239.0,0.374733,0.345475,0.375055,0.346526,1.099e-03
1500,1240.0,0.369867,0.346674,0.370166,0.347610,9.826e-04
1500,1241.0,0.364997,0.347874,0.365275,0.348696,8.677e-04
1500,1242.0,0.360124,0.349077,0.360381,0.349785,7.532e-04
1500,1243.0,0.355249,0.350279,0.355483,0.350877,6.417e-04
1500,1244.0,0.350370,0.351483,0.350582,0.351971,5.318e-04
1500,1245.0,0.345487,0.352688,0.345678,0.353069,4.255e-04
1500,1246.0,0.340603,0.353895,0.340771,0.354169,3.209e-04
1500,1247.0,0.335715,0.355103,0.335861,0.355271,2.232e-04
1500,1248.0,0.330823,0.356312,0.330947,0.356377,1.405e-04
1500,1249.0,0.325928,0.357523,0.326031,0.357486,1.092e-04
1500,1250.0,0.321030,0.358734,0.321111,0.358597,1.593e-04
1500,1251.0,0.316129,0.359947,0.316188,0.359711,2.435e-04
1500,1252.0,0.311225,0.361161,0.311262,0.360828,3.352e-04
1500,1253.0,0.306318,0.362377,0.306333,0.361948,4.293e-04
1500,1254.0,0.301407,0.363594,0.301401,0.363070,5.236e-04
1500,1255.0,0.296494,0.364811,0.296465,0.364195,6.164e-04
1500,1256.0,0.291578,0.366031,0.291527,0.365324,7.090e-04
1500,1257.0,0.286657,0.367252,0.286585,0.366455,8.002e-04
1500,1258.0,0.281734,0.368473,0.281641,0.367589,8.891e-04
1500,1259.0,0.276808,0.369696,0.276693,0.368725,9.774e-04
1500,1260.0,0.271879,0.370920,0.271742,0.369865,1.064e-03
1500,1261.0,0.266946,0.372146,0.266789,0.371007,1.149e-03
1500,1262.0,0.262011,0.373373,0.261832,0.372153,1.233e-03
1500,1263.0,0.257072,0.374600,0.256872,0.373301,1.315e-03
1500,1264.0,0.252130,0.375831,0.251909,0.374452,1.396e-03
1500,1265.0,0.247185,0.377060,0.246943,0.375606,1.474e-03
1500,1266.0,0.242236,0.378292,0.241973,0.376763,1.552e-03
1500,1267.0,0.237286,0.379526,0.237001,0.377922,1.629e-03
1500,1268.0,0.232331,0.380761,0.232026,0.379085,1.704e-03
1500,1269.0,0.227373,0.381997,0.227048,0.380250,1.776e-03
1500,1270.0,0.222412,0.383234,0.222067,0.381419,1.848e-03
1500,1271.0,0.217448,0.384472,0.217082,0.382590,1.917e-03
1500,1272.0,0.212480,0.385712,0.212095,0.383764,1.985e-03
1500,1273.0,0.207510,0.386954,0.207105,0.384941,2.052e-03
1500,1274.0,0.202537,0.388196,0.202112,0.386122,2.117e-03
1500,1275.0,0.197560,0.389439,0.197116,0.387305,2.180e-03
1500,1276.0,0.192580,0.390684,0.192117,0.388490,2.242e-03
1500,1277.0,0.187597,0.391931,0.187115,0.389679,2.303e-03
1500,1278.0,0.182610,0.393179,0.182109,0.390871,2.361e-03
1500,1279.0,0.177621,0.394427,0.177101,0.392066,2.418e-03
1500,1280.0,0.172628,0.395678,0.172090,0.393264,2.474e-03
1500,1281.0,0.167633,0.396930,0.167077,0.394464,2.527e-03
1500,1282.0,0.162633,0.398182,0.162060,0.395668,2.579e-03
1500,1283.0,0.157632,0.399437,0.157040,0.396874,2.630e-03
1500,1284.0,0.152626,0.400693,0.152017,0.398084,2.679e-03
1500,1285.0,0.147618,0.401949,0.146992,0.399296,2.725e-03
1500,1286.0,0.142606,0.403208,0.141963,0.400512,2.772e-03
1500,1287.0,0.137591,0.404468,0.136932,0.401730,2.816e-03
1500,1288.0,0.132573,0.405728,0.131898,0.402952,2.857e-03
1500,1289.0,0.127552,0.406990,0.126861,0.404176,2.897e-03
1500,1290.0,0.122528,0.408254,0.121821,0.405404,2.936e-03
1500,1291.0,0.117500,0.409519,0.116778,0.406634,2.974e-03
1500,1292.0,0.112469,0.410786,0.111732,0.407868,3.010e-03
1500,1293.0,0.107435,0.412054,0.106683,0.409104,3.044e-03
1500,1294.0,0.102399,0.413322,0.101632,0.410344,3.076e-03
1500,1295.0,0.097358,0.414592,0.096578,0.411586,3.106e-03
1500,1296.0,0.092315,0.415865,0.091520,0.412832,3.135e-03
1500,1297.0,0.087267,0.417138,0.086460,0.414081,3.162e-03
1500,1298.0,0.082218,0.418412,0.081398,0.415332,3.187e-03
1500,1299.0,0.077164,0.419688,0.076332,0.416587,3.211e-03
1500,1300.0,0.072108,0.420965,0.071264,0.417845,3.233e-03
1500,1301.0,0.067049,0.422244,0.066193,0.419105,3.254e-03
1500,1302.0,0.061986,0.423524,0.061119,0.420369,3.272e-03
1500,1303.0,0.056920,0.424805,0.056042,0.421636,3.288e-03
1500,1304.0,0.051851,0.426088,0.050962,0.422906,3.303e-03
1500,1305.0,0.046779,0.427372,0.045880,0.424179,3.317e-03
1500,1306.0,0.041704,0.428657,0.040795,0.425455,3.328e-03
1500,1307.0,0.036625,0.429945,0.035707,0.426735,3.339e-03
1500,1308.0,0.031543,0.431233,0.030617,0.428017,3.347e-03
1500,1309.0,0.026458,0.432523,0.025524,0.429302,3.353e-03
1500,1310.0,0.021370,0.433814,0.020428,0.430591,3.358e-03
1500,1311.0,0.016279,0.435106,0.015329,0.431882,3.360e-03
1500,1312.0,0.011184,0.436400,0.010228,0.433177,3.362e-03
1500,1313.0,0.006086,0.437695,0.005124,0.434475,3.361e-03
1500,1314.0,0.000986,0.438992,0.000017,0.435776,3.359e-03
1500,1315.0,-0.004119,0.440289,-0.005093,0.437080,3.354e-03
1500,1316.0,-0.009227,0.441589,-0.010205,0.438387,3.348e-03
1500,1317.0,-0.014338,0.442890,-0.015320,0.439697,3.340e-03
1500,1318.0,-0.019450,0.444192,-0.020437,0.441010,3.331e-03
1500,1319.0,-0.024568,0.445495,-0.025557,0.442327,3.319e-03
1500,1320.0,-0.029688,0.446801,-0.030680,0.443647,3.307e-03
1500,1321.0,-0.034811,0.448107,-0.035805,0.444969,3.291e-03
1500,1322.0,-0.039938,0.449415,-0.040933,0.446295,3.274e-03
1500,1323.0,-0.045068,0.450724,-0.046064,0.447625,3.256e-03
1500,1324.0,-0.050201,0.452035,-0.051197,0.448957,3.235e-03
1500,1325.0,-0.055337,0.453347,-0.056333,0.450292,3.214e-03
1500,1326.0,-0.060476,0.454659,-0.061472,0.451631,3.188e-03
1500,1327.0,-0.065618,0.455975,-0.066613,0.452973,3.163e-03
1500,1328.0,-0.070765,0.457292,-0.071756,0.454318,3.135e-03
1500,1329.0,-0.075913,0.458609,-0.076902,0.455666,3.105e-03
1500,1330.0,-0.081066,0.459929,-0.082051,0.457017,3.074e-03
1500,1331.0,-0.086222,0.461249,-0.087202,0.458371,3.040e-03
1500,1332.0,-0.091380,0.462571,-0.092356,0.459729,3.005e-03
1500,1333.0,-0.096541,0.463895,-0.097513,0.461090,2.968e-03
1500,1334.0,-0.101707,0.465220,-0.102672,0.462454,2.930e-03
1500,1335.0,-0.106875,0.466546,-0.107833,0.463821,2.888e-03
1500,1336.0,-0.112047,0.467874,-0.112997,0.465192,2.845e-03
1500,1337.0,-0.117220,0.469203,-0.118163,0.466566,2.801e-03
1500,1338.0,-0.122399,0.470533,-0.123332,0.467943,2.754e-03
1500,1339.0,-0.127580,0.471866,-0.128504,0.469323,2.706e-03
1500,1340.0,-0.132764,0.473200,-0.133678,0.470706,2.656e-03
1500,1341.0,-0.137951,0.474535,-0.138854,0.472093,2.604e-03
1500,1342.0,-0.143143,0.475871,-0.144033,0.473483,2.549e-03
1500,1343.0,-0.148336,0.477209,-0.149214,0.474876,2.493e-03
1500,1344.0,-0.153533,0.478548,-0.154398,0.476272,2.435e-03
1500,1345.0,-0.158734,0.479891,-0.159584,0.477672,2.376e-03
1500,1346.0,-0.163937,0.481233,-0.164772,0.479074,2.314e-03
1500,1347.0,-0.169144,0.482577,-0.169963,0.480480,2.251e-03
1500,1348.0,-0.174354,0.483922,-0.175157,0.481890,2.185e-03
1500,1349.0,-0.179568,0.485268,-0.180353,0.483302,2.116e-03
1500,1350.0,-0.184784,0.486617,-0.185551,0.484718,2.048e-03
1500,1351.0,-0.190003,0.487966,-0.190751,0.486137,1.975e-03
1500,1352.0,-0.195226,0.489317,-0.195954,0.487560,1.902e-03
1500,1353.0,-0.200452,0.490670,-0.201159,0.488986,1.827e-03
1500,1354.0,-0.205681,0.492024,-0.206367,0.490415,1.749e-03
1500,1355.0,-0.210913,0.493380,-0.211577,0.491847,1.670e-03
1500,1356.0,-0.216150,0.494737,-0.216789,0.493282,1.589e-03
1500,1357.0,-0.221388,0.496095,-0.222004,0.494721,1.505e-03
1500,1358.0,-0.226630,0.497455,-0.227221,0.496164,1.420e-03
1500,1359.0,-0.231875,0.498817,-0.232440,0.497609,1.334e-03
1500,1360.0,-0.237124,0.500180,-0.237661,0.499058,1.244e-03
1500,1361.0,-0.242376,0.501544,-0.242885,0.500510,1.153e-03
1500,1362.0,-0.247631,0.502910,-0.248111,0.501965,1.060e-03
1500,1363.0,-0.252889,0.504279,-0.253339,0.503424,9.659e-04
1500,1364.0,-0.258150,0.505648,-0.258570,0.504886,8.696e-04
1500,1365.0,-0.263415,0.507018,-0.263803,0.506352,7.708e-04
1500,1366.0,-0.268683,0.508391,-0.269038,0.507820,6.715e-04
1500,1367.0,-0.273954,0.509763,-0.274275,0.509292,5.694e-04
1500,1368.0,-0.279229,0.511139,-0.279514,0.510768,4.682e-04
1500,1369.0,-0.284506,0.512515,-0.284756,0.512246,3.665e-04
1500,1370.0,-0.289786,0.513893,-0.290000,0.513729,2.694e-04
1500,1371.0,-0.295070,0.515272,-0.295246,0.515214,1.849e-04
1500,1372.0,-0.300358,0.516654,-0.300494,0.516703,1.444e-04
1500,1373.0,-0.305648,0.518036,-0.305744,0.518195,1.859e-04
1500,1374.0,-0.310942,0.519420,-0.310997,0.519690,2.760e-04
1500,1375.0,-0.316238,0.520806,-0.316251,0.521189,3.837e-04
1500,1376.0,-0.321538,0.522192,-0.321508,0.522692,5.001e-04
1500,1377.0,-0.326841,0.523581,-0.326767,0.524197,6.203e-04
1500,1378.0,-0.332148,0.524972,-0.332028,0.525706,7.438e-04
1500,1379.0,-0.337456,0.526364,-0.337291,0.527219,8.707e-04
1500,1380.0,-0.342770,0.527756,-0.342557,0.528734,1.001e-03
1500,1381.0,-0.348086,0.529152,-0.347824,0.530253,1.132e-03
1500,1382.0,-0.353405,0.530549,-0.353093,0.531776,1.266e-03
1500,1383.0,-0.358728,0.531946,-0.358365,0.533302,1.404e-03
1500,1384.0,-0.364054,0.533345,-0.363638,0.534831,1.543e-03
1500,1385.0,-0.369382,0.534746,-0.368914,0.536364,1.684e-03
1500,1386.0,-0.374714,0.536148,-0.374191,0.537900,1.828e-03
1500,1387.0,-0.380051,0.537552,-0.379471,0.539440,1.974e-03
1500,1388.0,-0.385389,0.538958,-0.384752,0.540982,2.122e-03
1500,1389.0,-0.390730,0.540364,-0.390036,0.542529,2.273e-03
1500,1390.0,-0.396076,0.541774,-0.395322,0.544079,2.425e-03
1500,1391.0,-0.401423,0.543184,-0.400609,0.545632,2.580e-03
1500,1392.0,-0.406776,0.544596,-0.405899,0.547188,2.737e-03
1500,1393.0,-0.412129,0.546008,-0.411190,0.548748,2.897e-03
1500,1394.0,-0.417488,0.547424,-0.416483,0.550312,3.058e-03
1500,1395.0,-0.422849,0.548839,-0.421779,0.551879,3.222e-03
1500,1396.0,-0.428213,0.550259,-0.427076,0.553449,3.387e-03
1500,1397.0,-0.433581,0.551677,-0.432375,0.555023,3.556e-03
1500,1398.0,-0.438952,0.553099,-0.437676,0.556600,3.726e-03
1500,1399.0,-0.444325,0.554521,-0.442979,0.558181,3.900e-03
1500,1400.0,-0.449703,0.555945,-0.448284,0.559765,4.075e-03
2000,1200.0,0.602540,0.294674,0.603367,0.301428,6.805e-03
2000,1201.0,0.597861,0.295815,0.598680,0.302394,6.630e-03
2000,1202.0,0.593180,0.296956,0.593990,0.303363,6.458e-03
2000,1203.0,0.588495,0.298101,0.589296,0.304334,6.284e-03
2000,1204.0,0.583808,0.299244,0.584599,0.305308,6.115e-03
2000,1205.0,0.579115,0.300389,0.579898,0.306284,5.947e-03
2000,1206.0,0.574422,0.301536,0.575194,0.307263,5.779e-03
2000,1207.0,0.569725,0.302683,0.570487,0.308244,5.613e-03
2000,1208.0,0.565025,0.303833,0.565776,0.309228,5.447e-03
2000,1209.0,0.560321,0.304982,0.561062,0.310215,5.285e-03
2000,1210.0,0.555616,0.306134,0.556345,0.311204,5.123e-03
2000,1211.0,0.550907,0.307284,0.551624,0.312196,4.964e-03
2000,1212.0,0.546194,0.308437,0.546900,0.313190,4.805e-03
2000,1213.0,0.541479,0.309592,0.542173,0.314187,4.647e-03
2000,1214.0,0.536762,0.310748,0.537442,0.315187,4.490e-03
2000,1215.0,0.532040,0.311905,0.532708,0.316189,4.336e-03
2000,1216.0,0.527315,0.313063,0.527970,0.317194,4.183e-03
2000,1217.0,0.522588,0.314221,0.523230,0.318201,4.032e-03
2000,1218.0,0.517857,0.315382,0.518485,0.319211,3.881e-03
2000,1219.0,0.513125,0.316543,0.513738,0.320224,3.731e-03
2000,1220.0,0.508388,0.317705,0.508987,0.321239,3.585e-03
2000,1221.0,0.503648,0.318869,0.504234,0.322257,3.438e-03
2000,1222.0,0.498906,0.320033,0.499476,0.323278,3.295e-03
2000,1223.0,0.494160,0.321199,0.494716,0.324301,3.152e-03
2000,1224.0,0.489411,0.322367,0.489952,0.325327,3.009e-03
2000,1225.0,0.484659,0.323535,0.485185,0.326356,2.870e-03
2000,1226.0,0.479904,0.324704,0.480414,0.327387,2.731e-03
2000,1227.0,0.475146,0.325874,0.475641,0.328421,2.594e-03
2000,1228.0,0.470386,0.327046,0.470864,0.329458,2.459e-03
2000,1229.0,0.465621,0.328219,0.466084,0.330497,2.325e-03
2000,1230.0,0.460854,0.329394,0.461300,0.331539,2.191e-03
2000,1231.0,0.456084,0.330568,0.456514,0.332583,2.061e-03
2000,1232.0,0.451311,0.331746,0.451724,0.333631,1.930e-03
2000,1233.0,0.446534,0.332923,0.446931,0.334681,1.802e-03
2000,1234.0,0.441754,0.334101,0.442134,0.335734,1.676e-03
2000,1235.0,0.436972,0.335282,0.437335,0.336789,1.550e-03
2000,1236.0,0.432186,0.336464,0.432532,0.337848,1.426e-03
2000,1237.0,0.427397,0.337646,0.427726,0.338908,1.305e-03
2000,1238.0,0.422606,0.338830,0.422917,0.339972,1.184e-03
2000,1239.0,0.417811,0.340015,0.418104,0.341039,1.065e-03
2000,1240.0,0.413014,0.341200,0.413289,0.342108,9.482e-04
2000,1241.0,0.408212,0.342387,0.408470,0.343180,8.332e-04
2000,1242.0,0.403408,0.343577,0.403648,0.344254,7.187e-04
2000,1243.0,0.398601,0.344766,0.398822,0.345332,6.074e-04
2000,1244.0,0.393791,0.345957,0.393994,0.346412,4.979e-04
2000,1245.0,0.388977,0.347149,0.389163,0.347495,3.927e-04
2000,1246.0,0.384161,0.348343,0.384328,0.348581,2.904e-04
2000,1247.0,0.379342,0.349537,0.379490,0.349669,1.985e-04
2000,1248.0,0.374519,0.350733,0.374649,0.350760,1.330e-04
2000,1249.0,0.369693,0.351931,0.369805,0.351854,1.351e-04
2000,1250.0,0.364864,0.353128,0.364957,0.352951,2.002e-04
2000,1251.0,0.360032,0.354328,0.360107,0.354051,2.871e-04
2000,1252.0,0.355197,0.355529,0.355253,0.355153,3.794e-04
2000,1253.0,0.350360,0.356731,0.350397,0.356259,4.737e-04
2000,1254.0,0.345518,0.357935,0.345537,0.357367,5.681e-04
2000,1255.0,0.340673,0.359139,0.340674,0.358478,6.611e-04
2000,1256.0,0.335827,0.360345,0.335808,0.359591,7.538e-04
2000,1257.0,0.330976,0.361552,0.330938,0.360708,8.452e-04
2000,1258.0,0.326122,0.362760,0.326066,0.361827,9.344e-04
2000,1259.0,0.321265,0.363970,0.321191,0.362950,1.023e-03
2000,1260.0,0.316406,0.365180,0.316312,0.364075,1.109e-03
2000,1261.0,0.311542,0.366393,0.311431,0.365203,1.195e-03
2000,1262.0,0.306677,0.367606,0.306546,0.366333,1.279e-03
2000,1263.0,0.301807,0.368820,0.301659,0.367467,1.361e-03
2000,1264.0,0.296935,0.370037,0.296768,0.368603,1.443e-03
2000,1265.0,0.292060,0.371252,0.291874,0.369743,1.521e-03
2000,1266.0,0.287181,0.372471,0.286977,0.370885,1.599e-03
2000,1267.0,0.282300,0.373691,0.282077,0.372030,1.676e-03
2000,1268.0,0.277416,0.374912,0.277174,0.373178,1.751e-03
2000,1269.0,0.272527,0.376135,0.272269,0.374329,1.824e-03
2000,1270.0,0.267636,0.377358,0.267360,0.375483,1.895e-03
2000,1271.0,0.262742,0.378582,0.262448,0.376639,1.965e-03
2000,1272.0,0.257845,0.379808,0.257533,0.377799,2.033e-03
2000,1273.0,0.252945,0.381036,0.252615,0.378962,2.101e-03
2000,1274.0,0.248042,0.382265,0.247694,0.380127,2.166e-03
2000,1275.0,0.243135,0.383494,0.242770,0.381295,2.229e-03
2000,1276.0,0.238225,0.384725,0.237843,0.382467,2.291e-03
2000,1277.0,0.233313,0.385959,0.232913,0.383641,2.352e-03
2000,1278.0,0.228396,0.387192,0.227980,0.384818,2.411e-03
2000,1279.0,0.223478,0.388427,0.223044,0.385998,2.467e-03
2000,1280.0,0.218555,0.389664,0.218105,0.387181,2.523e-03
2000,1281.0,0.213631,0.390901,0.213163,0.388367,2.577e-03
2000,1282.0,0.208702,0.392140,0.208219,0.389556,2.629e-03
2000,1283.0,0.203771,0.393381,0.203271,0.390748,2.680e-03
2000,1284.0,0.198836,0.394622,0.198320,0.391943,2.729e-03
2000,1285.0,0.193899,0.395865,0.193367,0.393140,2.776e-03
2000,1286.0,0.188957,0.397110,0.188410,0.394341,2.822e-03
2000,1287.0,0.184014,0.398355,0.183451,0.395545,2.866e-03
2000,1288.0,0.179066,0.399601,0.178489,0.396752,2.907e-03
2000,1289.0,0.174116,0.400849,0.173524,0.397962,2.948e-03
2000,1290.0,0.169163,0.402099,0.168556,0.399174,2.987e-03
2000,1291.0,0.164207,0.403350,0.163585,0.400390,3.025e-03
2000,1292.0,0.159247,0.404603,0.158611,0.401609,3.061e-03
2000,1293.0,0.154284,0.405856,0.153634,0.402831,3.095e-03
2000,1294.0,0.149319,0.407111,0.148655,0.404055,3.127e-03
2000,1295.0,0.144349,0.408366,0.143672,0.405283,3.157e-03
2000,1296.0,0.139377,0.409624,0.138687,0.406514,3.186e-03
2000,1297.0,0.134401,0.410883,0.133699,0.407748,3.213e-03
2000,1298.0,0.129423,0.412143,0.128708,0.408985,3.238e-03
2000,1299.0,0.124441,0.413405,0.123714,0.410225,3.262e-03
2000,1300.0,0.119456,0.414668,0.118718,0.411468,3.284e-03
2000,1301.0,0.114469,0.415933,0.113718,0.412714,3.305e-03
2000,1302.0,0.109478,0.417198,0.108716,0.413963,3.323e-03
2000,1303.0,0.104484,0.418465,0.103711,0.415215,3.340e-03
2000,1304.0,0.099487,0.419733,0.098703,0.416470,3.355e-03
2000,1305.0,0.094486,0.421003,0.093693,0.417729,3.369e-03
2000,1306.0,0.089483,0.422273,0.088679,0.418990,3.380e-03
2000,1307.0,0.084476,0.423546,0.083663,0.420254,3.391e-03
2000,1308.0,0.079466,0.424820,0.078644,0.421522,3.399e-03
2000,1309.0,0.074453,0.426095,0.073623,0.422793,3.405e-03
2000,1310.0,0.069437,0.427372,0.068598,0.424066,3.410e-03
2000,1311.0,0.064418,0.428649,0.063571,0.425343,3.413e-03
2000,1312.0,0.059395,0.429928,0.058541,0.426623,3.414e-03
2000,1313.0,0.054369,0.431209,0.053509,0.427906,3.413e-03
2000,1314.0,0.049341,0.432491,0.048473,0.429192,3.411e-03
2000,1315.0,0.044309,0.433774,0.043435,0.430482,3.406e-03
2000,1316.0,0.039273,0.435059,0.038395,0.431774,3.400e-03
2000,1317.0,0.034235,0.436345,0.033351,0.433070,3.392e-03
2000,1318.0,0.029195,0.437633,0.028305,0.434368,3.383e-03
2000,1319.0,0.024149,0.438921,0.023257,0.435670,3.371e-03
2000,1320.0,0.019103,0.440212,0.018205,0.436975,3.359e-03
2000,1321.0,0.014052,0.441503,0.013151,0.438283,3.344e-03
2000,1322.0,0.008997,0.442796,0.008094,0.439594,3.327e-03
2000,1323.0,0.003940,0.444091,0.003035,0.440909,3.308e-03
2000,1324.0,-0.001120,0.445386,-0.002027,0.442226,3.288e-03
2000,1325.0,-0.006183,0.446684,-0.007092,0.443547,3.266e-03
2000,1326.0,-0.011249,0.447981,-0.012159,0.444871,3.241e-03
2000,1327.0,-0.016319,0.449282,-0.017229,0.446198,3.216e-03
2000,1328.0,-0.021392,0.450584,-0.022301,0.447528,3.188e-03
2000,1329.0,-0.026468,0.451886,-0.027376,0.448862,3.158e-03
2000,1330.0,-0.031547,0.453191,-0.032454,0.450198,3.127e-03
2000,1331.0,-0.036630,0.454496,-0.037534,0.451538,3.093e-03
2000,1332.0,-0.041714,0.455803,-0.042617,0.452881,3.058e-03
2000,1333.0,-0.046803,0.457112,-0.047703,0.454227,3.021e-03
2000,1334.0,-0.051895,0.458422,-0.052791,0.455577,2.983e-03
2000,1335.0,-0.056990,0.459733,-0.057881,0.456930,2.941e-03
2000,1336.0,-0.062088,0.461045,-0.062974,0.458285,2.898e-03
2000,1337.0,-0.067188,0.462360,-0.068070,0.459645,2.854e-03
2000,1338.0,-0.072293,0.463675,-0.073168,0.461007,2.807e-03
2000,1339.0,-0.077401,0.464992,-0.078268,0.462373,2.760e-03
2000,1340.0,-0.082512,0.466311,-0.083371,0.463741,2.709e-03
2000,1341.0,-0.087625,0.467631,-0.088477,0.465113,2.658e-03
2000,1342.0,-0.092743,0.468951,-0.093585,0.466489,2.602e-03
2000,1343.0,-0.097863,0.470274,-0.098696,0.467867,2.546e-03
2000,1344.0,-0.102986,0.471598,-0.103809,0.469249,2.489e-03
2000,1345.0,-0.108113,0.472925,-0.108924,0.470634,2.430e-03
2000,1346.0,-0.113241,0.474251,-0.114042,0.472022,2.369e-03
2000,1347.0,-0.118375,0.475580,-0.119163,0.473414,2.305e-03
2000,1348.0,-0.123511,0.476910,-0.124285,0.474809,2.240e-03
2000,1349.0,-0.128651,0.478241,-0.129411,0.476207,2.171e-03
2000,1350.0,-0.133792,0.479574,-0.134538,0.477608,2.103e-03
2000,1351.0,-0.138938,0.480908,-0.139668,0.479013,2.030e-03
2000,1352.0,-0.144086,0.482244,-0.144801,0.480421,1.957e-03
2000,1353.0,-0.149238,0.483581,-0.149936,0.481833,1.883e-03
2000,1354.0,-0.154393,0.484919,-0.155073,0.483247,1.805e-03
2000,1355.0,-0.159551,0.486259,-0.160213,0.484665,1.726e-03
2000,1356.0,-0.164713,0.487601,-0.165355,0.486086,1.646e-03
2000,1357.0,-0.169876,0.488944,-0.170499,0.487511,1.562e-03
2000,1358.0,-0.175044,0.490288,-0.175646,0.488939,1.478e-03
2000,1359.0,-0.180215,0.491635,-0.180795,0.490370,1.392e-03
2000,1360.0,-0.185388,0.492982,-0.185946,0.491804,1.303e-03
2000,1361.0,-0.190566,0.494330,-0.191100,0.493242,1.212e-03
2000,1362.0,-0.195747,0.495680,-0.196256,0.494683,1.119e-03
2000,1363.0,-0.200930,0.497033,-0.201414,0.496128,1.027e-03
2000,1364.0,-0.206116,0.498386,-0.206574,0.497576,9.315e-04
2000,1365.0,-0.211306,0.499741,-0.211737,0.499027,8.342e-04
2000,1366.0,-0.216499,0.501098,-0.216902,0.500481,7.367e-04
2000,1367.0,-0.221695,0.502454,-0.222070,0.501939,6.368e-04
2000,1368.0,-0.226895,0.503814,-0.227239,0.503400,5.385e-04
2000,1369.0,-0.232097,0.505174,-0.232411,0.504865,4.408e-04
2000,1370.0,-0.237302,0.506536,-0.237585,0.506333,3.489e-04
2000,1371.0,-0.242511,0.507900,-0.242762,0.507804,2.684e-04
2000,1372.0,-0.247723,0.509266,-0.247940,0.509279,2.173e-04
2000,1373.0,-0.252938,0.510632,-0.253121,0.510757,2.218e-04
2000,1374.0,-0.258157,0.512000,-0.258304,0.512239,2.805e-04
2000,1375.0,-0.263378,0.513370,-0.263489,0.513724,3.708e-04
2000,1376.0,-0.268603,0.514740,-0.268676,0.515212,4.773e-04
2000,1377.0,-0.273830,0.516113,-0.273866,0.516704,5.915e-04
2000,1378.0,-0.279061,0.517488,-0.279057,0.518199,7.108e-04
2000,1379.0,-0.284294,0.518863,-0.284251,0.519697,8.349e-04
2000,1380.0,-0.289532,0.520240,-0.289447,0.521199,9.630e-04
2000,1381.0,-0.294772,0.521619,-0.294645,0.522704,1.092e-03
2000,1382.0,-0.300016,0.523000,-0.299845,0.524213,1.225e-03
2000,1383.0,-0.305263,0.524381,-0.305047,0.525725,1.361e-03
2000,1384.0,-0.310513,0.525764,-0.310252,0.527241,1.500e-03
2000,1385.0,-0.315765,0.527149,-0.315458,0.528760,1.640e-03
2000,1386.0,-0.321021,0.528534,-0.320667,0.530282,1.783e-03
2000,1387.0,-0.326282,0.529922,-0.325877,0.531808,1.928e-03
2000,1388.0,-0.331544,0.531312,-0.331090,0.533337,2.076e-03
2000,1389.0,-0.336809,0.532702,-0.336304,0.534870,2.226e-03
2000,1390.0,-0.342079,0.534095,-0.341521,0.536406,2.378e-03
2000,1391.0,-0.347350,0.535488,-0.346740,0.537946,2.532e-03
2000,1392.0,-0.352626,0.536884,-0.351960,0.539489,2.688e-03
2000,1393.0,-0.357904,0.538280,-0.357183,0.541035,2.847e-03
2000,1394.0,-0.363186,0.539679,-0.362408,0.542585,3.008e-03
2000,1395.0,-0.368471,0.541079,-0.367635,0.544139,3.172e-03
2000,1396.0,-0.373758,0.542481,-0.372863,0.545696,3.336e-03
2000,1397.0,-0.379050,0.543884,-0.378094,0.547256,3.505e-03
2000,1398.0,-0.384344,0.545288,-0.383326,0.548820,3.675e-03
2000,1399.0,-0.389641,0.546694,-0.388561,0.550387,3.848e-03
2000,1400.0,-0.394942,0.548101,-0.393797,0.551958,4.023e-03
3000,1200.0,0.712045,0.281230,0.713213,0.287992,6.862e-03
3000,1201.0,0.707546,0.282338,0.708697,0.288925,6.687e-03
3000,1202.0,0.703045,0.283446,0.704179,0.289861,6.515e-03
3000,1203.0,0.698540,0.284557,0.699657,0.290799,6.342e-03
3000,1204.0,0.694033,0.285666,0.695132,0.291740,6.173e-03
3000,1205.0,0.689521,0.286778,0.690603,0.292684,6.004e-03
3000,1206.0,0.685008,0.287891,0.686072,0.293630,5.836e-03
3000,1207.0,0.680492,0.289005,0.681537,0.294578,5.670e-03
3000,1208.0,0.675973,0.290121,0.677000,0.295529,5.505e-03
3000,1209.0,0.671450,0.291237,0.672459,0.296483,5.342e-03
3000,1210.0,0.666926,0.292354,0.667915,0.297439,5.180e-03
3000,1211.0,0.662398,0.293471,0.663367,0.298398,5.021e-03
3000,1212.0,0.657867,0.294590,0.658817,0.299359,4.862e-03
3000,1213.0,0.653334,0.295711,0.654264,0.300322,4.704e-03
3000,1214.0,0.648798,0.296833,0.649707,0.301289,4.547e-03
3000,1215.0,0.644258,0.297956,0.645147,0.302257,4.393e-03
3000,1216.0,0.639715,0.299079,0.640584,0.303229,4.239e-03
3000,1217.0,0.635170,0.300203,0.636018,0.304203,4.089e-03
3000,1218.0,0.630622,0.301330,0.631449,0.305179,3.937e-03
3000,1219.0,0.626071,0.302457,0.626877,0.306158,3.788e-03
3000,1220.0,0.621517,0.303585,0.622301,0.307140,3.641e-03
3000,1221.0,0.616960,0.304714,0.617723,0.308124,3.494e-03
3000,1222.0,0.612400,0.305844,0.613141,0.309111,3.350e-03
3000,1223.0,0.607837,0.306975,0.608557,0.310101,3.207e-03
3000,1224.0,0.603272,0.308109,0.603969,0.311093,3.064e-03
3000,1225.0,0.598703,0.309242,0.599378,0.312087,2.924e-03
3000,1226.0,0.594131,0.310376,0.594784,0.313085,2.786e-03
3000,1227.0,0.589557,0.311512,0.590187,0.314084,2.649e-03
3000,1228.0,0.584981,0.312649,0.585587,0.315087,2.512e-03
3000,1229.0,0.580399,0.313787,0.580984,0.316092,2.378e-03
3000,1230.0,0.575817,0.314927,0.576378,0.317100,2.244e-03
3000,1231.0,0.571230,0.316067,0.571769,0.318110,2.114e-03
3000,1232.0,0.566641,0.317209,0.567157,0.319123,1.982e-03
3000,1233.0,0.562049,0.318351,0.562542,0.320139,1.854e-03
3000,1234.0,0.557454,0.319495,0.557923,0.321157,1.728e-03
3000,1235.0,0.552856,0.320640,0.553302,0.322178,1.601e-03
3000,1236.0,0.548255,0.321786,0.548678,0.323202,1.477e-03
3000,1237.0,0.543651,0.322933,0.544050,0.324229,1.355e-03
3000,1238.0,0.539045,0.324082,0.539420,0.325258,1.234e-03
3000,1239.0,0.534435,0.325231,0.534787,0.326289,1.115e-03
3000,1240.0,0.529823,0.326382,0.530150,0.327324,9.973e-04
3000,1241.0,0.525207,0.327533,0.525511,0.328361,8.817e-04
3000,1242.0,0.520589,0.328687,0.520869,0.329400,7.665e-04
3000,1243.0,0.515967,0.329841,0.516224,0.330443,6.543e-04
3000,1244.0,0.511343,0.330996,0.511575,0.331488,5.438e-04
3000,1245.0,0.506715,0.332152,0.506924,0.332536,4.371e-04
3000,1246.0,0.502086,0.333310,0.502270,0.333587,3.322e-04
3000,1247.0,0.497453,0.334469,0.497613,0.334640,2.346e-04
3000,1248.0,0.492816,0.335629,0.492953,0.335696,1.525e-04
3000,1249.0,0.488177,0.336791,0.488290,0.336755,1.185e-04
3000,1250.0,0.483534,0.337952,0.483624,0.337816,1.628e-04
3000,1251.0,0.478889,0.339116,0.478955,0.338880,2.445e-04
3000,1252.0,0.474242,0.340280,0.474284,0.339947,3.356e-04
3000,1253.0,0.469591,0.341446,0.469609,0.341017,4.297e-04
3000,1254.0,0.464937,0.342614,0.464931,0.342090,5.243e-04
3000,1255.0,0.460280,0.343782,0.460251,0.343165,6.176e-04
3000,1256.0,0.455621,0.344952,0.455567,0.344243,7.108e-04
3000,1257.0,0.450958,0.346123,0.450881,0.345324,8.026e-04
3000,1258.0,0.446292,0.347294,0.446192,0.346407,8.923e-04
3000,1259.0,0.441623,0.348467,0.441500,0.347493,9.812e-04
3000,1260.0,0.436952,0.349641,0.436805,0.348582,1.068e-03
3000,1261.0,0.432276,0.350817,0.432107,0.349674,1.155e-03
3000,1262.0,0.427600,0.351993,0.427407,0.350769,1.239e-03
3000,1263.0,0.422918,0.353170,0.422703,0.351866,1.321e-03
3000,1264.0,0.418235,0.354350,0.417997,0.352967,1.404e-03
3000,1265.0,0.413549,0.355529,0.413288,0.354070,1.483e-03
3000,1266.0,0.408859,0.356711,0.408576,0.355176,1.561e-03
3000,1267.0,0.404167,0.357894,0.403861,0.356284,1.639e-03
3000,1268.0,0.399472,0.359078,0.399144,0.357396,1.714e-03
3000,1269.0,0.394772,0.360264,0.394423,0.358510,1.788e-03
3000,1270.0,0.390071,0.361450,0.389700,0.359627,1.860e-03
3000,1271.0,0.385367,0.362637,0.384974,0.360747,1.930e-03
3000,1272.0,0.380659,0.363826,0.380245,0.361870,1.999e-03
3000,1273.0,0.375949,0.365016,0.375514,0.362996,2.067e-03
3000,1274.0,0.371236,0.366207,0.370779,0.364125,2.132e-03
3000,1275.0,0.366520,0.367400,0.366042,0.365256,2.196e-03
3000,1276.0,0.361801,0.368593,0.361302,0.366390,2.258e-03
3000,1277.0,0.357078,0.369789,0.356560,0.367527,2.320e-03
3000,1278.0,0.352353,0.370985,0.351814,0.368667,2.379e-03
3000,1279.0,0.347625,0.372182,0.347066,0.369810,2.436e-03
3000,1280.0,0.342893,0.373381,0.342315,0.370956,2.493e-03
3000,1281.0,0.338160,0.374581,0.337562,0.372105,2.548e-03
3000,1282.0,0.333422,0.375782,0.332805,0.373256,2.600e-03
3000,1283.0,0.328683,0.376985,0.328046,0.374411,2.652e-03
3000,1284.0,0.323940,0.378188,0.323285,0.375568,2.701e-03
3000,1285.0,0.319193,0.379393,0.318520,0.376728,2.748e-03
3000,1286.0,0.314444,0.380600,0.313753,0.377891,2.795e-03
3000,1287.0,0.309692,0.381807,0.308983,0.379057,2.840e-03
3000,1288.0,0.304937,0.383015,0.304211,0.380226,2.882e-03
3000,1289.0,0.300179,0.384225,0.299436,0.381398,2.923e-03
3000,1290.0,0.295418,0.385436,0.294658,0.382573,2.962e-03
3000,1291.0,0.290654,0.386649,0.289877,0.383751,3.001e-03
3000,1292.0,0.285887,0.387863,0.285094,0.384931,3.037e-03
3000,1293.0,0.281117,0.389078,0.280309,0.386115,3.072e-03
3000,1294.0,0.276344,0.390294,0.275520,0.387302,3.104e-03
3000,1295.0,0.271568,0.391511,0.270729,0.388491,3.135e-03
3000,1296.0,0.266789,0.392731,0.265936,0.389684,3.165e-03
3000,1297.0,0.262006,0.393951,0.261139,0.390879,3.192e-03
3000,1298.0,0.257222,0.395172,0.256341,0.392077,3.218e-03
3000,1299.0,0.252433,0.396395,0.251539,0.393279,3.242e-03
3000,1300.0,0.247642,0.397619,0.246735,0.394483,3.265e-03
3000,1301.0,0.242849,0.398845,0.241929,0.395690,3.286e-03
3000,1302.0,0.238052,0.400071,0.237119,0.396901,3.305e-03
3000,1303.0,0.233252,0.401299,0.232308,0.398114,3.322e-03
3000,1304.0,0.228449,0.402528,0.227493,0.399330,3.337e-03
3000,1305.0,0.223642,0.403759,0.222677,0.400549,3.352e-03
3000,1306.0,0.218834,0.404990,0.217857,0.401772,3.364e-03
3000,1307.0,0.214022,0.406224,0.213035,0.402997,3.374e-03
3000,1308.0,0.209207,0.407458,0.208211,0.404225,3.383e-03
3000,1309.0,0.204388,0.408694,0.203384,0.405457,3.390e-03
3000,1310.0,0.199567,0.409931,0.198555,0.406691,3.395e-03
3000,1311.0,0.194743,0.411169,0.193723,0.407928,3.398e-03
3000,1312.0,0.189917,0.412409,0.188888,0.409169,3.399e-03
3000,1313.0,0.185086,0.413650,0.184052,0.410412,3.399e-03
3000,1314.0,0.180254,0.414892,0.179212,0.411658,3.397e-03
3000,1315.0,0.175417,0.416135,0.174370,0.412908,3.393e-03
3000,1316.0,0.170577,0.417380,0.169526,0.414160,3.387e-03
3000,1317.0,0.165736,0.418627,0.164679,0.415416,3.380e-03
3000,1318.0,0.160892,0.419874,0.159830,0.416675,3.371e-03
3000,1319.0,0.156042,0.421123,0.154979,0.417936,3.359e-03
3000,1320.0,0.151192,0.422374,0.150125,0.419201,3.347e-03
3000,1321.0,0.146338,0.423625,0.145268,0.420469,3.332e-03
3000,1322.0,0.141480,0.424878,0.140409,0.421740,3.316e-03
3000,1323.0,0.136620,0.426132,0.135548,0.423014,3.297e-03
3000,1324.0,0.131757,0.427388,0.130684,0.424291,3.277e-03
3000,1325.0,0.126891,0.428645,0.125818,0.425571,3.256e-03
3000,1326.0,0.122022,0.429902,0.120950,0.426854,3.230e-03
3000,1327.0,0.117150,0.431162,0.116079,0.428141,3.206e-03
3000,1328.0,0.112274,0.432423,0.111206,0.429430,3.178e-03
3000,1329.0,0.107396,0.433685,0.106331,0.430722,3.148e-03
3000,1330.0,0.102515,0.434949,0.101453,0.432018,3.117e-03
3000,1331.0,0.097630,0.436214,0.096573,0.433317,3.084e-03
3000,1332.0,0.092744,0.437480,0.091691,0.434619,3.049e-03
3000,1333.0,0.087853,0.438748,0.086806,0.435924,3.012e-03
3000,1334.0,0.082959,0.440017,0.081919,0.437232,2.974e-03
3000,1335.0,0.078063,0.441287,0.077029,0.438543,2.932e-03
3000,1336.0,0.073163,0.442559,0.072138,0.439857,2.889e-03
3000,1337.0,0.068262,0.443832,0.067244,0.441175,2.845e-03
3000,1338.0,0.063356,0.445106,0.062348,0.442495,2.798e-03
3000,1339.0,0.058448,0.446382,0.057449,0.443819,2.751e-03
3000,1340.0,0.053536,0.447660,0.052549,0.445146,2.700e-03
3000,1341.0,0.048622,0.448938,0.047646,0.446476,2.649e-03
3000,1342.0,0.043704,0.450217,0.042741,0.447809,2.593e-03
3000,1343.0,0.038784,0.451499,0.037833,0.449146,2.537e-03
3000,1344.0,0.033861,0.452781,0.032924,0.450485,2.480e-03
3000,1345.0,0.028933,0.454067,0.028012,0.451828,2.421e-03
3000,1346.0,0.024005,0.455352,0.023098,0.453174,2.359e-03
3000,1347.0,0.019072,0.456639,0.018182,0.454523,2.295e-03
3000,1348.0,0.014136,0.457927,0.013264,0.455875,2.230e-03
3000,1349.0,0.009197,0.459216,0.008343,0.457231,2.161e-03
3000,1350.0,0.004256,0.460508,0.003421,0.458589,2.092e-03
3000,1351.0,-0.000689,0.461799,-0.001504,0.459951,2.020e-03
3000,1352.0,-0.005637,0.463093,-0.006431,0.461316,1.946e-03
3000,1353.0,-0.010587,0.464389,-0.011360,0.462684,1.871e-03
3000,1354.0,-0.015541,0.465685,-0.016291,0.464056,1.793e-03
3000,1355.0,-0.020497,0.466983,-0.021224,0.465430,1.714e-03
3000,1356.0,-0.025458,0.468283,-0.026159,0.466808,1.633e-03
3000,1357.0,-0.030420,0.469583,-0.031097,0.468189,1.549e-03
3000,1358.0,-0.035386,0.470885,-0.036036,0.469574,1.464e-03
3000,1359.0,-0.040355,0.472189,-0.040978,0.470961,1.377e-03
3000,1360.0,-0.045327,0.473494,-0.045921,0.472352,1.288e-03
3000,1361.0,-0.050302,0.474800,-0.050867,0.473746,1.196e-03
3000,1362.0,-0.055281,0.476107,-0.055815,0.475143,1.102e-03
3000,1363.0,-0.060261,0.477418,-0.060764,0.476543,1.009e-03
3000,1364.0,-0.065245,0.478728,-0.065716,0.477947,9.123e-04
3000,1365.0,-0.070232,0.480040,-0.070670,0.479354,8.136e-04
3000,1366.0,-0.075222,0.481354,-0.075626,0.480764,7.145e-04
3000,1367.0,-0.080216,0.482668,-0.080583,0.482177,6.126e-04
3000,1368.0,-0.085212,0.483985,-0.085543,0.483594,5.119e-04
3000,1369.0,-0.090211,0.485302,-0.090505,0.485014,4.109e-04
3000,1370.0,-0.095213,0.486621,-0.095468,0.486437,3.147e-04
3000,1371.0,-0.100218,0.487941,-0.100434,0.487864,2.291e-04
3000,1372.0,-0.105227,0.489265,-0.105401,0.489293,1.765e-04
3000,1373.0,-0.110238,0.490587,-0.110371,0.490726,1.924e-04
3000,1374.0,-0.115253,0.491912,-0.115342,0.492163,2.662e-04
3000,1375.0,-0.120270,0.493238,-0.120315,0.493602,3.666e-04
3000,1376.0,-0.125290,0.494565,-0.125290,0.495045,4.795e-04
3000,1377.0,-0.130313,0.495895,-0.130267,0.496491,5.979e-04
3000,1378.0,-0.135340,0.497226,-0.135246,0.497940,7.205e-04
3000,1379.0,-0.140368,0.498558,-0.140227,0.499393,8.471e-04
3000,1380.0,-0.145402,0.499891,-0.145209,0.500849,9.775e-04
3000,1381.0,-0.150437,0.501227,-0.150194,0.502308,1.109e-03
3000,1382.0,-0.155476,0.502563,-0.155180,0.503771,1.243e-03
3000,1383.0,-0.160517,0.503901,-0.160168,0.505237,1.381e-03
3000,1384.0,-0.165562,0.505240,-0.165158,0.506706,1.521e-03
3000,1385.0,-0.170609,0.506581,-0.170150,0.508178,1.662e-03
3000,1386.0,-0.175660,0.507922,-0.175143,0.509654,1.807e-03
3000,1387.0,-0.180715,0.509266,-0.180138,0.511133,1.954e-03
3000,1388.0,-0.185771,0.510611,-0.185135,0.512616,2.103e-03
3000,1389.0,-0.190830,0.511957,-0.190134,0.514102,2.255e-03
3000,1390.0,-0.195894,0.513306,-0.195135,0.515591,2.407e-03
3000,1391.0,-0.200959,0.514655,-0.200137,0.517083,2.563e-03
3000,1392.0,-0.206028,0.516007,-0.205141,0.518579,2.721e-03
3000,1393.0,-0.211099,0.517359,-0.210146,0.520078,2.881e-03
3000,1394.0,-0.216175,0.518713,-0.215154,0.521580,3.044e-03
3000,1395.0,-0.221253,0.520068,-0.220163,0.523086,3.209e-03
3000,1396.0,-0.226334,0.521426,-0.225173,0.524595,3.375e-03
3000,1397.0,-0.231418,0.522783,-0.230186,0.526108,3.545e-03
3000,1398.0,-0.236505,0.524143,-0.235200,0.527623,3.717e-03
3000,1399.0,-0.241595,0.525504,-0.240215,0.529143,3.891e-03
3000,1400.0,-0.246689,0.526867,-0.245233,0.530665,4.068e-03
4500,1200.0,0.929821,0.254493,0.931020,0.261379,6.989e-03
4500,1201.0,0.925679,0.255536,0.926862,0.262245,6.813e-03
4500,1202.0,0.921536,0.256577,0.922701,0.263113,6.639e-03
4500,1203.0,0.917390,0.257622,0.918537,0.263983,6.464e-03
4500,1204.0,0.913241,0.258664,0.914370,0.264856,6.293e-03
4500,1205.0,0.909088,0.259710,0.910200,0.265731,6.123e-03
4500,1206.0,0.904935,0.260756,0.906028,0.266609,5.954e-03
4500,1207.0,0.900778,0.261803,0.901852,0.267489,5.786e-03
4500,1208.0,0.896619,0.262852,0.897674,0.268371,5.619e-03
4500,1209.0,0.892456,0.263900,0.893493,0.269256,5.455e-03
4500,1210.0,0.888292,0.264951,0.889308,0.270143,5.291e-03
4500,1211.0,0.884124,0.266000,0.885121,0.271033,5.130e-03
4500,1212.0,0.879954,0.267052,0.880931,0.271925,4.970e-03
4500,1213.0,0.875782,0.268106,0.876739,0.272820,4.810e-03
4500,1214.0,0.871607,0.269160,0.872543,0.273717,4.652e-03
4500,1215.0,0.867429,0.270215,0.868344,0.274616,4.496e-03
4500,1216.0,0.863248,0.271271,0.864143,0.275518,4.341e-03
4500,1217.0,0.859065,0.272326,0.859939,0.276423,4.189e-03
4500,1218.0,0.854879,0.273385,0.855732,0.277330,4.036e-03
4500,1219.0,0.850692,0.274444,0.851522,0.278239,3.885e-03
4500,1220.0,0.846501,0.275503,0.847309,0.279151,3.736e-03
4500,1221.0,0.842307,0.276565,0.843093,0.280065,3.588e-03
4500,1222.0,0.838111,0.277625,0.838875,0.280982,3.443e-03
4500,1223.0,0.833911,0.278688,0.834654,0.281902,3.298e-03
4500,1224.0,0.829710,0.279753,0.830430,0.282823,3.154e-03
4500,1225.0,0.825505,0.280817,0.826203,0.283748,3.012e-03
4500,1226.0,0.821299,0.281883,0.821973,0.284675,2.872e-03
4500,1227.0,0.817089,0.282950,0.817741,0.285604,2.733e-03
4500,1228.0,0.812878,0.284017,0.813506,0.286536,2.596e-03
4500,1229.0,0.808662,0.285086,0.809268,0.287470,2.460e-03
4500,1230.0,0.804445,0.286157,0.805027,0.288407,2.325e-03
4500,1231.0,0.800225,0.287227,0.800784,0.289347,2.193e-03
4500,1232.0,0.796003,0.288300,0.796537,0.290289,2.060e-03
4500,1233.0,0.791778,0.289372,0.792288,0.291234,1.931e-03
4500,1234.0,0.787549,0.290446,0.788037,0.292181,1.803e-03
4500,1235.0,0.783318,0.291522,0.783782,0.293131,1.675e-03
4500,1236.0,0.779085,0.292597,0.779525,0.294083,1.549e-03
4500,1237.0,0.774848,0.293674,0.775265,0.295038,1.426e-03
4500,1238.0,0.770611,0.294753,0.771002,0.295995,1.303e-03
4500,1239.0,0.766369,0.295832,0.766737,0.296955,1.182e-03
4500,1240.0,0.762126,0.296911,0.762469,0.297918,1.063e-03
4500,1241.0,0.757878,0.297992,0.758198,0.298883,9.462e-04
4500,1242.0,0.753629,0.299075,0.753924,0.299851,8.295e-04
4500,1243.0,0.749377,0.300158,0.749648,0.300821,7.158e-04
4500,1244.0,0.745123,0.301243,0.745369,0.301794,6.036e-04
4500,1245.0,0.740865,0.302328,0.741087,0.302770,4.948e-04
4500,1246.0,0.736606,0.303415,0.736803,0.303748,3.873e-04
4500,1247.0,0.732343,0.304502,0.732516,0.304729,2.852e-04
4500,1248.0,0.728077,0.305591,0.728226,0.305712,1.922e-04
4500,1249.0,0.723810,0.306681,0.723934,0.306698,1.257e-04
4500,1250.0,0.719538,0.307771,0.719639,0.307687,1.311e-04
4500,1251.0,0.715265,0.308863,0.715341,0.308678,1.998e-04
4500,1252.0,0.710989,0.309955,0.711041,0.309672,2.879e-04
4500,1253.0,0.706711,0.311050,0.706738,0.310669,3.817e-04
4500,1254.0,0.702429,0.312145,0.702433,0.311668,4.768e-04
4500,1255.0,0.698145,0.313241,0.698125,0.312670,5.709e-04
4500,1256.0,0.693859,0.314338,0.693814,0.313675,6.650e-04
4500,1257.0,0.689569,0.315437,0.689501,0.314682,7.579e-04
4500,1258.0,0.685277,0.316536,0.685185,0.315692,8.486e-04
4500,1259.0,0.680982,0.317636,0.680866,0.316705,9.387e-04
4500,1260.0,0.676685,0.318737,0.676545,0.317720,1.027e-03
4500,1261.0,0.672383,0.319840,0.672221,0.318738,1.114e-03
4500,1262.0,0.668082,0.320944,0.667895,0.319759,1.200e-03
4500,1263.0,0.663776,0.322048,0.663566,0.320782,1.283e-03
4500,1264.0,0.659468,0.323155,0.659235,0.321808,1.367e-03
4500,1265.0,0.655157,0.324261,0.654901,0.322837,1.447e-03
4500,1266.0,0.650843,0.325369,0.650564,0.323868,1.526e-03
4500,1267.0,0.646527,0.326479,0.646225,0.324903,1.605e-03
4500,1268.0,0.642208,0.327589,0.641883,0.325940,1.681e-03
4500,1269.0,0.637885,0.328701,0.637539,0.326979,1.756e-03
4500,1270.0,0.633561,0.329813,0.633193,0.328022,1.829e-03
4500,1271.0,0.629234,0.330926,0.628843,0.329067,1.900e-03
4500,1272.0,0.624904,0.332041,0.624492,0.330115,1.970e-03
4500,1273.0,0.620572,0.333157,0.620138,0.331165,2.039e-03
4500,1274.0,0.616237,0.334274,0.615781,0.332219,2.105e-03
4500,1275.0,0.611899,0.335392,0.611422,0.333275,2.170e-03
4500,1276.0,0.607558,0.336510,0.607060,0.334334,2.233e-03
4500,1277.0,0.603215,0.337632,0.602696,0.335395,2.296e-03
4500,1278.0,0.598868,0.338753,0.598330,0.336460,2.356e-03
4500,1279.0,0.594520,0.339875,0.593961,0.337527,2.414e-03
4500,1280.0,0.590168,0.340999,0.589589,0.338597,2.471e-03
4500,1281.0,0.585815,0.342124,0.585215,0.339670,2.526e-03
4500,1282.0,0.581457,0.343250,0.580839,0.340746,2.579e-03
4500,1283.0,0.577098,0.344377,0.576460,0.341824,2.632e-03
4500,1284.0,0.572736,0.345506,0.572079,0.342905,2.682e-03
4500,1285.0,0.568371,0.346634,0.567695,0.343989,2.730e-03
4500,1286.0,0.564003,0.347766,0.563309,0.345076,2.778e-03
4500,1287.0,0.559633,0.348898,0.558921,0.346165,2.823e-03
4500,1288.0,0.555259,0.350029,0.554530,0.347258,2.866e-03
4500,1289.0,0.550884,0.351163,0.550137,0.348353,2.907e-03
4500,1290.0,0.546505,0.352298,0.545741,0.349451,2.948e-03
4500,1291.0,0.542124,0.353435,0.541344,0.350552,2.987e-03
4500,1292.0,0.537740,0.354573,0.536943,0.351656,3.024e-03
4500,1293.0,0.533353,0.355712,0.532541,0.352762,3.059e-03
4500,1294.0,0.528964,0.356851,0.528136,0.353872,3.092e-03
4500,1295.0,0.524572,0.357991,0.523728,0.354984,3.123e-03
4500,1296.0,0.520177,0.359134,0.519319,0.356099,3.154e-03
4500,1297.0,0.515778,0.360277,0.514907,0.357217,3.182e-03
4500,1298.0,0.511379,0.361421,0.510493,0.358338,3.208e-03
4500,1299.0,0.506975,0.362567,0.506076,0.359462,3.233e-03
4500,1300.0,0.502569,0.363714,0.501657,0.360588,3.256e-03
4500,1301.0,0.498161,0.364862,0.497236,0.361718,3.278e-03
4500,1302.0,0.493750,0.366011,0.492813,0.362850,3.297e-03
4500,1303.0,0.489336,0.367161,0.488387,0.363985,3.314e-03
4500,1304.0,0.484920,0.368312,0.483959,0.365123,3.330e-03
4500,1305.0,0.480500,0.369466,0.479529,0.366264,3.345e-03
4500,1306.0,0.476078,0.370619,0.475097,0.367408,3.357e-03
4500,1307.0,0.471653,0.371774,0.470662,0.368555,3.368e-03
4500,1308.0,0.467226,0.372930,0.466225,0.369705,3.377e-03
4500,1309.0,0.462795,0.374088,0.461786,0.370858,3.384e-03
4500,1310.0,0.458362,0.375247,0.457345,0.372013,3.390e-03
4500,1311.0,0.453926,0.376406,0.452901,0.373172,3.393e-03
4500,1312.0,0.449488,0.377567,0.448455,0.374333,3.395e-03
4500,1313.0,0.445046,0.378730,0.444008,0.375498,3.395e-03
4500,1314.0,0.440603,0.379893,0.439557,0.376665,3.393e-03
4500,1315.0,0.436156,0.381057,0.435105,0.377835,3.389e-03
4500,1316.0,0.431706,0.382223,0.430651,0.379008,3.383e-03
4500,1317.0,0.427254,0.383390,0.426194,0.380184,3.376e-03
4500,1318.0,0.422800,0.384558,0.421736,0.381364,3.367e-03
4500,1319.0,0.418341,0.385727,0.417275,0.382546,3.355e-03
4500,1320.0,0.413882,0.386899,0.412812,0.383731,3.344e-03
4500,1321.0,0.409419,0.388070,0.408347,0.384919,3.329e-03
4500,1322.0,0.404952,0.389243,0.403879,0.386110,3.312e-03
4500,1323.0,0.400483,0.390417,0.399410,0.387303,3.293e-03
4500,1324.0,0.396012,0.391593,0.394939,0.388500,3.273e-03
4500,1325.0,0.391539,0.392770,0.390465,0.389700,3.252e-03
4500,1326.0,0.387062,0.393946,0.385990,0.390903,3.226e-03
4500,1327.0,0.382583,0.395127,0.381512,0.392109,3.202e-03
4500,1328.0,0.378100,0.396307,0.377033,0.393318,3.174e-03
4500,1329.0,0.373615,0.397488,0.372551,0.394530,3.144e-03
4500,1330.0,0.369127,0.398671,0.368067,0.395745,3.112e-03
4500,1331.0,0.364636,0.399855,0.363581,0.396963,3.079e-03
4500,1332.0,0.360144,0.401040,0.359094,0.398184,3.043e-03
4500,1333.0,0.355648,0.402227,0.354604,0.399407,3.006e-03
4500,1334.0,0.351148,0.403415,0.350112,0.400634,2.968e-03
4500,1335.0,0.346647,0.404603,0.345618,0.401864,2.926e-03
4500,1336.0,0.342142,0.405794,0.341123,0.403097,2.883e-03
4500,1337.0,0.337637,0.406985,0.336625,0.404333,2.838e-03
4500,1338.0,0.333126,0.408178,0.332125,0.405572,2.791e-03
4500,1339.0,0.328614,0.409372,0.327624,0.406815,2.743e-03
4500,1340.0,0.324098,0.410568,0.323120,0.408060,2.692e-03
4500,1341.0,0.319581,0.411764,0.318615,0.409308,2.640e-03
4500,1342.0,0.315060,0.412961,0.314107,0.410559,2.584e-03
4500,1343.0,0.310536,0.414160,0.309598,0.411814,2.527e-03
4500,1344.0,0.306011,0.415360,0.305087,0.413071,2.469e-03
4500,1345.0,0.301481,0.416563,0.300574,0.414331,2.409e-03
4500,1346.0,0.296950,0.417765,0.296059,0.415595,2.347e-03
4500,1347.0,0.292415,0.418970,0.291542,0.416862,2.282e-03
4500,1348.0,0.287878,0.420175,0.287023,0.418131,2.216e-03
4500,1349.0,0.283337,0.421381,0.282502,0.419404,2.146e-03
4500,1350.0,0.278795,0.422589,0.277980,0.420680,2.076e-03
4500,1351.0,0.274250,0.423798,0.273456,0.421959,2.003e-03
4500,1352.0,0.269702,0.425008,0.268930,0.423241,1.929e-03
4500,1353.0,0.265151,0.426221,0.264402,0.424526,1.853e-03
4500,1354.0,0.260598,0.427433,0.259872,0.425814,1.774e-03
4500,1355.0,0.256041,0.428647,0.255340,0.427105,1.694e-03
4500,1356.0,0.251481,0.429863,0.250807,0.428400,1.611e-03
4500,1357.0,0.246920,0.431079,0.246272,0.429697,1.526e-03
4500,1358.0,0.242355,0.432297,0.241735,0.430998,1.440e-03
4500,1359.0,0.237788,0.433517,0.237197,0.432302,1.351e-03
4500,1360.0,0.233218,0.434738,0.232656,0.433609,1.261e-03
4500,1361.0,0.228644,0.435959,0.228114,0.434919,1.168e-03
4500,1362.0,0.224068,0.437182,0.223571,0.436232,1.072e-03
4500,1363.0,0.219490,0.438408,0.219025,0.437548,9.771e-04
4500,1364.0,0.214909,0.439633,0.214478,0.438868,8.788e-04
4500,1365.0,0.210325,0.440860,0.209929,0.440190,7.780e-04
4500,1366.0,0.205738,0.442089,0.205379,0.441516,6.766e-04
4500,1367.0,0.201148,0.443317,0.200826,0.442845,5.721e-04
4500,1368.0,0.196556,0.444549,0.196272,0.444177,4.682e-04
4500,1369.0,0.191961,0.445781,0.191717,0.445512,3.633e-04
4500,1370.0,0.187364,0.447014,0.187160,0.446850,2.620e-04
4500,1371.0,0.182763,0.448249,0.182601,0.448191,1.720e-04
4500,1372.0,0.178159,0.449487,0.178041,0.449536,1.284e-04
4500,1373.0,0.173554,0.450723,0.173479,0.450884,1.772e-04
4500,1374.0,0.168944,0.451962,0.168915,0.452235,2.744e-04
4500,1375.0,0.164333,0.453202,0.164350,0.453589,3.870e-04
4500,1376.0,0.159719,0.454443,0.159783,0.454946,5.072e-04
4500,1377.0,0.155102,0.455686,0.155215,0.456307,6.307e-04
4500,1378.0,0.150482,0.456931,0.150645,0.457670,7.572e-04
4500,1379.0,0.145860,0.458176,0.146074,0.459037,8.871e-04
4500,1380.0,0.141234,0.459422,0.141501,0.460407,1.021e-03
4500,1381.0,0.136606,0.460671,0.136926,0.461780,1.154e-03
4500,1382.0,0.131976,0.461921,0.132350,0.463157,1.291e-03
4500,1383.0,0.127342,0.463171,0.127773,0.464536,1.432e-03
4500,1384.0,0.122705,0.464423,0.123194,0.465919,1.574e-03
4500,1385.0,0.118067,0.465677,0.118614,0.467305,1.718e-03
4500,1386.0,0.113425,0.466930,0.114032,0.468694,1.865e-03
4500,1387.0,0.108779,0.468187,0.109449,0.470087,2.014e-03
4500,1388.0,0.104132,0.469444,0.104864,0.471482,2.165e-03
4500,1389.0,0.099482,0.470702,0.100278,0.472881,2.320e-03
4500,1390.0,0.094829,0.471963,0.095690,0.474283,2.475e-03
4500,1391.0,0.090174,0.473224,0.091102,0.475688,2.633e-03
4500,1392.0,0.085515,0.474487,0.086511,0.477097,2.793e-03
4500,1393.0,0.080854,0.475751,0.081920,0.478508,2.956e-03
4500,1394.0,0.076190,0.477017,0.077326,0.479923,3.121e-03
4500,1395.0,0.071523,0.478283,0.072732,0.481341,3.289e-03
4500,1396.0,0.066854,0.479552,0.068136,0.482763,3.457e-03
4500,1397.0,0.062181,0.480821,0.063539,0.484187,3.630e-03
4500,1398.0,0.057506,0.482092,0.058941,0.485615,3.804e-03
4500,1399.0,0.052829,0.483364,0.054341,0.487046,3.981e-03
4500,1400.0,0.048148,0.484637,0.049740,0.488480,4.160e-03
6000,1200.0,1.181834,0.223554,1.183214,0.230499,7.081e-03
6000,1201.0,1.178106,0.224519,1.179466,0.231286,6.901e-03
6000,1202.0,1.174377,0.225484,1.175715,0.232075,6.725e-03
6000,1203.0,1.170646,0.226452,1.171962,0.232866,6.548e-03
6000,1204.0,1.166912,0.227418,1.168206,0.233660,6.375e-03
6000,1205.0,1.163174,0.228386,1.164448,0.234456,6.202e-03
6000,1206.0,1.159436,0.229355,1.160687,0.235254,6.030e-03
6000,1207.0,1.155695,0.230325,1.156923,0.236055,5.860e-03
6000,1208.0,1.151952,0.231296,1.153157,0.236858,5.691e-03
6000,1209.0,1.148205,0.232267,1.149388,0.237663,5.524e-03
6000,1210.0,1.144459,0.233239,1.145617,0.238470,5.358e-03
6000,1211.0,1.140708,0.234211,1.141843,0.239280,5.195e-03
6000,1212.0,1.136955,0.235185,1.138066,0.240093,5.032e-03
6000,1213.0,1.133201,0.236160,1.134287,0.240907,4.870e-03
6000,1214.0,1.129444,0.237136,1.130506,0.241724,4.709e-03
6000,1215.0,1.125684,0.238112,1.126722,0.242543,4.551e-03
6000,1216.0,1.121922,0.239090,1.122935,0.243365,4.393e-03
6000,1217.0,1.118159,0.240067,1.119146,0.244189,4.239e-03
6000,1218.0,1.114392,0.241047,1.115355,0.245015,4.083e-03
6000,1219.0,1.110624,0.242027,1.111561,0.245844,3.930e-03
6000,1220.0,1.106854,0.243007,1.107764,0.246675,3.779e-03
6000,1221.0,1.103080,0.243989,1.103965,0.247508,3.628e-03
6000,1222.0,1.099305,0.244971,1.100164,0.248344,3.480e-03
6000,1223.0,1.095527,0.245954,1.096360,0.249182,3.333e-03
6000,1224.0,1.091747,0.246939,1.092553,0.250022,3.187e-03
6000,1225.0,1.087964,0.247924,1.088744,0.250865,3.043e-03
6000,1226.0,1.084179,0.248910,1.084933,0.251711,2.900e-03
6000,1227.0,1.080392,0.249897,1.081119,0.252558,2.759e-03
6000,1228.0,1.076604,0.250884,1.077303,0.253409,2.619e-03
6000,1229.0,1.072811,0.251873,1.073484,0.254261,2.482e-03
6000,1230.0,1.069017,0.252863,1.069663,0.255116,2.344e-03
6000,1231.0,1.065220,0.253853,1.065839,0.255974,2.209e-03
6000,1232.0,1.061422,0.254845,1.062013,0.256833,2.074e-03
6000,1233.0,1.057621,0.255837,1.058185,0.257696,1.942e-03
6000,1234.0,1.053817,0.256830,1.054354,0.258560,1.812e-03
6000,1235.0,1.050011,0.257825,1.050521,0.259428,1.682e-03
6000,1236.0,1.046203,0.258820,1.046685,0.260297,1.554e-03
6000,1237.0,1.042393,0.259815,1.042847,0.261169,1.428e-03
6000,1238.0,1.038581,0.260812,1.039006,0.262044,1.303e-03
6000,1239.0,1.034765,0.261810,1.035164,0.262921,1.180e-03
6000,1240.0,1.030948,0.262808,1.031318,0.263800,1.059e-03
6000,1241.0,1.027128,0.263807,1.027471,0.264682,9.396e-04
6000,1242.0,1.023306,0.264809,1.023621,0.265566,8.207e-04
6000,1243.0,1.019482,0.265810,1.019769,0.266453,7.047e-04
6000,1244.0,1.015655,0.266812,1.015914,0.267343,5.904e-04
6000,1245.0,1.011825,0.267815,1.012057,0.268235,4.796e-04
6000,1246.0,1.007995,0.268819,1.008198,0.269129,3.704e-04
6000,1247.0,1.004161,0.269824,1.004336,0.270026,2.673e-04
6000,1248.0,1.000324,0.270830,1.000472,0.270925,1.757e-04
6000,1249.0,0.996486,0.271838,0.996606,0.271827,1.203e-04
6000,1250.0,0.992644,0.272845,0.992737,0.272732,1.462e-04
6000,1251.0,0.988801,0.273854,0.988866,0.273638,2.248e-04
6000,1252.0,0.984956,0.274863,0.984993,0.274548,3.174e-04
6000,1253.0,0.981108,0.275874,0.981118,0.275460,4.142e-04
6000,1254.0,0.977258,0.276886,0.977240,0.276375,5.119e-04
6000,1255.0,0.973405,0.277898,0.973360,0.277292,6.083e-04
6000,1256.0,0.969550,0.278912,0.969477,0.278211,7.048e-04
6000,1257.0,0.965692,0.279927,0.965593,0.279133,7.998e-04
6000,1258.0,0.961832,0.280942,0.961706,0.280058,8.927e-04
6000,1259.0,0.957970,0.281958,0.957817,0.280986,9.849e-04
6000,1260.0,0.954106,0.282975,0.953926,0.281915,1.075e-03
6000,1261.0,0.950238,0.283994,0.950032,0.282848,1.165e-03
6000,1262.0,0.946370,0.285013,0.946136,0.283783,1.252e-03
6000,1263.0,0.942498,0.286033,0.942238,0.284721,1.338e-03
6000,1264.0,0.938624,0.287055,0.938338,0.285661,1.423e-03
6000,1265.0,0.934748,0.288076,0.934436,0.286604,1.505e-03
6000,1266.0,0.930869,0.289099,0.930531,0.287549,1.587e-03
6000,1267.0,0.926989,0.290124,0.926624,0.288497,1.667e-03
6000,1268.0,0.923105,0.291149,0.922715,0.289448,1.746e-03
6000,1269.0,0.919218,0.292175,0.918804,0.290401,1.822e-03
6000,1270.0,0.915330,0.293202,0.914891,0.291357,1.897e-03
6000,1271.0,0.911440,0.294230,0.910975,0.292315,1.970e-03
6000,1272.0,0.907547,0.295259,0.907058,0.293276,2.042e-03
6000,1273.0,0.903651,0.296290,0.903138,0.294240,2.113e-03
6000,1274.0,0.899754,0.297320,0.899216,0.295206,2.181e-03
6000,1275.0,0.895854,0.298352,0.895292,0.296175,2.248e-03
6000,1276.0,0.891951,0.299384,0.891366,0.297147,2.313e-03
6000,1277.0,0.888046,0.300419,0.887437,0.298121,2.377e-03
6000,1278.0,0.884139,0.301454,0.883507,0.299098,2.439e-03
6000,1279.0,0.880229,0.302489,0.879574,0.300078,2.499e-03
6000,1280.0,0.876317,0.303527,0.875640,0.301060,2.558e-03
6000,1281.0,0.872403,0.304565,0.871703,0.302045,2.615e-03
6000,1282.0,0.868486,0.305603,0.867764,0.303033,2.670e-03
6000,1283.0,0.864567,0.306644,0.863824,0.304023,2.724e-03
6000,1284.0,0.860645,0.307685,0.859881,0.305016,2.776e-03
6000,1285.0,0.856721,0.308726,0.855936,0.306012,2.826e-03
6000,1286.0,0.852795,0.309770,0.851989,0.307010,2.875e-03
6000,1287.0,0.848866,0.310814,0.848040,0.308011,2.922e-03
6000,1288.0,0.844935,0.311858,0.844089,0.309015,2.966e-03
6000,1289.0,0.841001,0.312904,0.840136,0.310022,3.009e-03
6000,1290.0,0.837066,0.313951,0.836181,0.311031,3.051e-03
6000,1291.0,0.833127,0.314999,0.832224,0.312043,3.092e-03
6000,1292.0,0.829187,0.316049,0.828265,0.313057,3.131e-03
6000,1293.0,0.825243,0.317099,0.824304,0.314075,3.167e-03
6000,1294.0,0.821298,0.318150,0.820340,0.315095,3.202e-03
6000,1295.0,0.817350,0.319201,0.816375,0.316118,3.234e-03
6000,1296.0,0.813400,0.320255,0.812409,0.317143,3.266e-03
6000,1297.0,0.809446,0.321309,0.808440,0.318172,3.295e-03
6000,1298.0,0.805492,0.322364,0.804469,0.319203,3.323e-03
6000,1299.0,0.801533,0.323421,0.800496,0.320236,3.349e-03
6000,1300.0,0.797573,0.324478,0.796521,0.321273,3.373e-03
6000,1301.0,0.793612,0.325537,0.792545,0.322312,3.397e-03
6000,1302.0,0.789647,0.326596,0.788566,0.323354,3.417e-03
6000,1303.0,0.785679,0.327656,0.784586,0.324399,3.436e-03
6000,1304.0,0.781710,0.328718,0.780603,0.325447,3.453e-03
6000,1305.0,0.777738,0.329781,0.776619,0.326497,3.469e-03
6000,1306.0,0.773764,0.330844,0.772633,0.327551,3.482e-03
6000,1307.0,0.769787,0.331909,0.768645,0.328607,3.494e-03
6000,1308.0,0.765808,0.332974,0.764655,0.329665,3.504e-03
6000,1309.0,0.761826,0.334042,0.760664,0.330727,3.512e-03
6000,1310.0,0.757842,0.335109,0.756670,0.331791,3.519e-03
6000,1311.0,0.753855,0.336178,0.752675,0.332859,3.523e-03
6000,1312.0,0.749867,0.337248,0.748678,0.333929,3.526e-03
6000,1313.0,0.745875,0.338319,0.744679,0.335001,3.527e-03
6000,1314.0,0.741882,0.339391,0.740678,0.336077,3.526e-03
6000,1315.0,0.737886,0.340463,0.736676,0.337155,3.522e-03
6000,1316.0,0.733886,0.341538,0.732671,0.338237,3.518e-03
6000,1317.0,0.729886,0.342613,0.728665,0.339321,3.511e-03
6000,1318.0,0.725883,0.343690,0.724657,0.340408,3.503e-03
6000,1319.0,0.721876,0.344767,0.720648,0.341498,3.492e-03
6000,1320.0,0.717869,0.345846,0.716636,0.342590,3.481e-03
6000,1321.0,0.713859,0.346925,0.712623,0.343686,3.467e-03
6000,1322.0,0.709845,0.348006,0.708609,0.344784,3.451e-03
6000,1323.0,0.705829,0.349088,0.704592,0.345885,3.433e-03
6000,1324.0,0.701811,0.350170,0.700574,0.346989,3.413e-03
6000,1325.0,0.697791,0.351255,0.696554,0.348096,3.392e-03
6000,1326.0,0.693769,0.352338,0.692532,0.349206,3.368e-03
6000,1327.0,0.689744,0.353425,0.688509,0.350319,3.343e-03
6000,1328.0,0.685716,0.354513,0.684484,0.351434,3.316e-03
6000,1329.0,0.681686,0.355600,0.680457,0.352553,3.286e-03
6000,1330.0,0.677654,0.356690,0.676429,0.353674,3.255e-03
6000,1331.0,0.673618,0.357780,0.672399,0.354798,3.222e-03
6000,1332.0,0.669582,0.358872,0.668368,0.355925,3.187e-03
6000,1333.0,0.665542,0.359964,0.664335,0.357055,3.150e-03
6000,1334.0,0.661500,0.361059,0.660300,0.358188,3.112e-03
6000,1335.0,0.657455,0.362153,0.656263,0.359324,3.070e-03
6000,1336.0,0.653408,0.363249,0.652225,0.360462,3.027e-03
6000,1337.0,0.649360,0.364346,0.648186,0.361604,2.983e-03
6000,1338.0,0.645307,0.365444,0.644145,0.362748,2.935e-03
6000,1339.0,0.641253,0.366544,0.640102,0.363896,2.887e-03
6000,1340.0,0.637196,0.367644,0.636058,0.365046,2.836e-03
6000,1341.0,0.633138,0.368746,0.632012,0.366199,2.784e-03
6000,1342.0,0.629075,0.369847,0.627965,0.367356,2.728e-03
6000,1343.0,0.625011,0.370951,0.623916,0.368515,2.671e-03
6000,1344.0,0.620945,0.372056,0.619866,0.369677,2.613e-03
6000,1345.0,0.616876,0.373163,0.615814,0.370842,2.553e-03
6000,1346.0,0.612806,0.374270,0.611761,0.372010,2.490e-03
6000,1347.0,0.608731,0.375379,0.607706,0.373181,2.425e-03
6000,1348.0,0.604655,0.376488,0.603650,0.374354,2.359e-03
6000,1349.0,0.600576,0.377598,0.599593,0.375531,2.289e-03
6000,1350.0,0.596496,0.378710,0.595534,0.376711,2.219e-03
6000,1351.0,0.592412,0.379822,0.591473,0.377894,2.145e-03
6000,1352.0,0.588327,0.380936,0.587411,0.379079,2.070e-03
6000,1353.0,0.584238,0.382052,0.583348,0.380268,1.994e-03
6000,1354.0,0.580148,0.383167,0.579283,0.381459,1.914e-03
6000,1355.0,0.576055,0.384285,0.575217,0.382654,1.833e-03
6000,1356.0,0.571958,0.385403,0.571150,0.383852,1.750e-03
6000,1357.0,0.567861,0.386522,0.567081,0.385052,1.664e-03
6000,1358.0,0.563760,0.387643,0.563011,0.386256,1.577e-03
6000,1359.0,0.559658,0.388765,0.558939,0.387462,1.488e-03
6000,1360.0,0.555552,0.389888,0.554866,0.388672,1.397e-03
6000,1361.0,0.551444,0.391012,0.550792,0.389884,1.303e-03
6000,1362.0,0.547334,0.392137,0.546717,0.391100,1.207e-03
6000,1363.0,0.543221,0.393265,0.542640,0.392318,1.111e-03
6000,1364.0,0.539106,0.394392,0.538562,0.393539,1.012e-03
6000,1365.0,0.534989,0.395520,0.534482,0.394764,9.103e-04
6000,1366.0,0.530869,0.396651,0.530402,0.395991,8.081e-04
6000,1367.0,0.526746,0.397781,0.526320,0.397222,7.029e-04
6000,1368.0,0.522621,0.398914,0.522237,0.398455,5.982e-04
6000,1369.0,0.518493,0.400047,0.518153,0.399692,4.922e-04
6000,1370.0,0.514365,0.401181,0.514067,0.400931,3.885e-04
6000,1371.0,0.510232,0.402317,0.509980,0.402174,2.894e-04
6000,1372.0,0.506097,0.403455,0.505892,0.403420,2.075e-04
6000,1373.0,0.501960,0.404592,0.501803,0.404668,1.742e-04
6000,1374.0,0.497820,0.405731,0.497713,0.405920,2.166e-04
6000,1375.0,0.493678,0.406872,0.493622,0.407174,3.075e-04
6000,1376.0,0.489534,0.408013,0.489529,0.408432,4.190e-04
6000,1377.0,0.485388,0.409156,0.485435,0.409693,5.388e-04
6000,1378.0,0.481238,0.410301,0.481341,0.410957,6.638e-04
6000,1379.0,0.477087,0.411446,0.477245,0.412223,7.935e-04
6000,1380.0,0.472932,0.412591,0.473148,0.413493,9.274e-04
6000,1381.0,0.468776,0.413740,0.469050,0.414766,1.062e-03
6000,1382.0,0.464617,0.414889,0.464951,0.416042,1.200e-03
6000,1383.0,0.460455,0.416038,0.460850,0.417321,1.342e-03
6000,1384.0,0.456291,0.417189,0.456749,0.418603,1.487e-03
6000,1385.0,0.452125,0.418342,0.452647,0.419888,1.632e-03
6000,1386.0,0.447957,0.419494,0.448543,0.421176,1.781e-03
6000,1387.0,0.443784,0.420649,0.444439,0.422467,1.933e-03
6000,1388.0,0.439611,0.421805,0.440334,0.423762,2.086e-03
6000,1389.0,0.435435,0.422961,0.436227,0.425059,2.242e-03
6000,1390.0,0.431256,0.424120,0.432120,0.426359,2.400e-03
6000,1391.0,0.427076,0.425280,0.428012,0.427663,2.561e-03
6000,1392.0,0.422891,0.426440,0.423903,0.428969,2.724e-03
6000,1393.0,0.418706,0.427602,0.419793,0.430279,2.889e-03
6000,1394.0,0.414518,0.428765,0.415682,0.431592,3.057e-03
6000,1395.0,0.410326,0.429929,0.411570,0.432907,3.228e-03
6000,1396.0,0.406133,0.431096,0.407457,0.434226,3.399e-03
6000,1397.0,0.401937,0.432262,0.403343,0.435548,3.575e-03
6000,1398.0,0.397739,0.433430,0.399229,0.436873,3.752e-03
6000,1399.0,0.393539,0.434598,0.395113,0.438201,3.932e-03
6000,1400.0,0.389335,0.435769,0.390997,0.439532,4.114e-03
8000,1200.0,1.523149,0.181651,1.524441,0.188857,7.321e-03
8000,1201.0,1.519982,0.182513,1.521257,0.189535,7.137e-03
8000,1202.0,1.516814,0.183373,1.518070,0.190215,6.956e-03
8000,1203.0,1.513645,0.184237,1.514882,0.190896,6.774e-03
8000,1204.0,1.510473,0.185098,1.511692,0.191580,6.596e-03
8000,1205.0,1.507297,0.185962,1.508499,0.192266,6.418e-03
8000,1206.0,1.504122,0.186826,1.505304,0.192955,6.241e-03
8000,1207.0,1.500945,0.187691,1.502107,0.193645,6.066e-03
8000,1208.0,1.497765,0.188558,1.498907,0.194338,5.892e-03
8000,1209.0,1.494582,0.189423,1.495706,0.195032,5.721e-03
8000,1210.0,1.491400,0.190291,1.492502,0.195729,5.549e-03
8000,1211.0,1.488215,0.191157,1.489297,0.196428,5.382e-03
8000,1212.0,1.485028,0.192025,1.486089,0.197130,5.214e-03
8000,1213.0,1.481839,0.192894,1.482879,0.197833,5.047e-03
8000,1214.0,1.478649,0.193764,1.479666,0.198539,4.882e-03
8000,1215.0,1.475456,0.194634,1.476452,0.199246,4.718e-03
8000,1216.0,1.472261,0.195505,1.473235,0.199956,4.557e-03
8000,1217.0,1.469065,0.196376,1.470017,0.200669,4.397e-03
8000,1218.0,1.465867,0.197249,1.466796,0.201383,4.237e-03
8000,1219.0,1.462667,0.198123,1.463573,0.202100,4.079e-03
8000,1220.0,1.459465,0.198996,1.460348,0.202819,3.924e-03
8000,1221.0,1.456261,0.199871,1.457121,0.203540,3.768e-03
8000,1222.0,1.453056,0.200745,1.453892,0.204263,3.616e-03
8000,1223.0,1.449848,0.201621,1.450660,0.204989,3.465e-03
8000,1224.0,1.446639,0.202498,1.447427,0.205716,3.314e-03
8000,1225.0,1.443427,0.203375,1.444192,0.206447,3.165e-03
8000,1226.0,1.440214,0.204253,1.440954,0.207179,3.018e-03
8000,1227.0,1.436999,0.205131,1.437714,0.207913,2.873e-03
8000,1228.0,1.433783,0.206010,1.434473,0.208650,2.729e-03
8000,1229.0,1.430563,0.206890,1.431229,0.209389,2.586e-03
8000,1230.0,1.427343,0.207772,1.427983,0.210131,2.444e-03
8000,1231.0,1.424120,0.208653,1.424735,0.210875,2.305e-03
8000,1232.0,1.420895,0.209536,1.421485,0.211620,2.166e-03
8000,1233.0,1.417669,0.210418,1.418234,0.212369,2.030e-03
8000,1234.0,1.414440,0.211302,1.414980,0.213119,1.896e-03
8000,1235.0,1.411210,0.212187,1.411724,0.213872,1.761e-03
8000,1236.0,1.407978,0.213072,1.408466,0.214627,1.630e-03
8000,1237.0,1.404744,0.213958,1.405206,0.215385,1.500e-03
8000,1238.0,1.401509,0.214845,1.401944,0.216145,1.370e-03
8000,1239.0,1.398271,0.215732,1.398680,0.216907,1.244e-03
8000,1240.0,1.395031,0.216620,1.395414,0.217671,1.119e-03
8000,1241.0,1.391789,0.217508,1.392146,0.218438,9.957e-04
8000,1242.0,1.388546,0.218399,1.388876,0.219207,8.731e-04
8000,1243.0,1.385300,0.219289,1.385604,0.219979,7.535e-04
8000,1244.0,1.382053,0.220180,1.382330,0.220752,6.357e-04
8000,1245.0,1.378803,0.221071,1.379054,0.221529,5.215e-04
8000,1246.0,1.375553,0.221964,1.375776,0.222307,4.092e-04
8000,1247.0,1.372300,0.222857,1.372497,0.223088,3.031e-04
8000,1248.0,1.369045,0.223752,1.369215,0.223871,2.082e-04
8000,1249.0,1.365788,0.224647,1.365931,0.224657,1.439e-04
8000,1250.0,1.362528,0.225542,1.362646,0.225445,1.522e-04
8000,1251.0,1.359268,0.226439,1.359359,0.226236,2.225e-04
8000,1252.0,1.356006,0.227336,1.356069,0.227028,3.137e-04
8000,1253.0,1.352741,0.228234,1.352778,0.227824,4.118e-04
8000,1254.0,1.349474,0.229133,1.349485,0.228621,5.116e-04
8000,1255.0,1.346206,0.230032,1.346190,0.229421,6.108e-04
8000,1256.0,1.342936,0.230933,1.342893,0.230224,7.101e-04
8000,1257.0,1.339663,0.231834,1.339594,0.231029,8.082e-04
8000,1258.0,1.336389,0.232735,1.336294,0.231836,9.042e-04
8000,1259.0,1.333113,0.233638,1.332991,0.232646,9.995e-04
8000,1260.0,1.329835,0.234541,1.329687,0.233458,1.093e-03
8000,1261.0,1.326554,0.235446,1.326381,0.234273,1.186e-03
8000,1262.0,1.323273,0.236350,1.323073,0.235090,1.276e-03
8000,1263.0,1.319989,0.237255,1.319763,0.235909,1.365e-03
8000,1264.0,1.316703,0.238163,1.316451,0.236731,1.454e-03
8000,1265.0,1.313415,0.239069,1.313138,0.237556,1.539e-03
8000,1266.0,1.310125,0.239977,1.309822,0.238383,1.623e-03
8000,1267.0,1.306835,0.240887,1.306505,0.239212,1.707e-03
8000,1268.0,1.303541,0.241797,1.303186,0.240044,1.788e-03
8000,1269.0,1.300245,0.242707,1.299866,0.240878,1.868e-03
8000,1270.0,1.296947,0.243618,1.296543,0.241715,1.946e-03
8000,1271.0,1.293648,0.244530,1.293219,0.242555,2.022e-03
8000,1272.0,1.290347,0.245443,1.289893,0.243396,2.096e-03
8000,1273.0,1.287043,0.246357,1.286565,0.244241,2.170e-03
8000,1274.0,1.283739,0.247272,1.283236,0.245088,2.241e-03
8000,1275.0,1.280431,0.248187,1.279905,0.245937,2.310e-03
8000,1276.0,1.277122,0.249102,1.276572,0.246789,2.378e-03
8000,1277.0,1.273811,0.250020,1.273237,0.247643,2.445e-03
8000,1278.0,1.270498,0.250938,1.269901,0.248500,2.510e-03
8000,1279.0,1.267183,0.251856,1.266563,0.249360,2.572e-03
8000,1280.0,1.263866,0.252776,1.263223,0.250222,2.634e-03
8000,1281.0,1.260548,0.253696,1.259882,0.251086,2.693e-03
8000,1282.0,1.257226,0.254617,1.256539,0.251954,2.750e-03
8000,1283.0,1.253904,0.255539,1.253194,0.252823,2.807e-03
8000,1284.0,1.250579,0.256462,1.249847,0.253695,2.862e-03
8000,1285.0,1.247252,0.257385,1.246499,0.254570,2.914e-03
8000,1286.0,1.243923,0.258310,1.243150,0.255448,2.965e-03
8000,1287.0,1.240593,0.259235,1.239798,0.256328,3.014e-03
8000,1288.0,1.237260,0.260160,1.236445,0.257210,3.061e-03
8000,1289.0,1.233926,0.261087,1.233091,0.258095,3.106e-03
8000,1290.0,1.230589,0.262015,1.229734,0.258983,3.150e-03
8000,1291.0,1.227251,0.262944,1.226377,0.259873,3.193e-03
8000,1292.0,1.223910,0.263874,1.223017,0.260766,3.233e-03
8000,1293.0,1.220568,0.264804,1.219656,0.261662,3.272e-03
8000,1294.0,1.217224,0.265735,1.216294,0.262560,3.308e-03
8000,1295.0,1.213877,0.266666,1.212929,0.263461,3.343e-03
8000,1296.0,1.210530,0.267599,1.209564,0.264364,3.376e-03
8000,1297.0,1.207178,0.268533,1.206196,0.265270,3.407e-03
8000,1298.0,1.203827,0.269467,1.202828,0.266179,3.437e-03
8000,1299.0,1.200471,0.270403,1.199457,0.267090,3.465e-03
8000,1300.0,1.197115,0.271339,1.196086,0.268004,3.491e-03
8000,1301.0,1.193758,0.272277,1.192712,0.268920,3.515e-03
8000,1302.0,1.190398,0.273214,1.189337,0.269840,3.537e-03
8000,1303.0,1.187035,0.274153,1.185961,0.270761,3.557e-03
8000,1304.0,1.183672,0.275092,1.182583,0.271686,3.576e-03
8000,1305.0,1.180305,0.276033,1.179204,0.272613,3.593e-03
8000,1306.0,1.176938,0.276974,1.175823,0.273543,3.608e-03
8000,1307.0,1.173567,0.277917,1.172441,0.274475,3.621e-03
8000,1308.0,1.170196,0.278860,1.169057,0.275411,3.632e-03
8000,1309.0,1.166821,0.279804,1.165672,0.276349,3.642e-03
8000,1310.0,1.163445,0.280749,1.162286,0.277289,3.649e-03
8000,1311.0,1.160068,0.281694,1.158898,0.278232,3.654e-03
8000,1312.0,1.156688,0.282641,1.155509,0.279178,3.658e-03
8000,1313.0,1.153306,0.283589,1.152118,0.280127,3.660e-03
8000,1314.0,1.149922,0.284537,1.148726,0.281078,3.660e-03
8000,1315.0,1.146536,0.285486,1.145332,0.282032,3.657e-03
8000,1316.0,1.143147,0.286436,1.141937,0.282989,3.653e-03
8000,1317.0,1.139758,0.287387,1.138541,0.283949,3.648e-03
8000,1318.0,1.136367,0.288339,1.135144,0.284911,3.640e-03
8000,1319.0,1.132972,0.289292,1.131745,0.285876,3.630e-03
8000,1320.0,1.129577,0.290246,1.128344,0.286844,3.619e-03
8000,1321.0,1.126180,0.291200,1.124943,0.287814,3.605e-03
8000,1322.0,1.122779,0.292156,1.121540,0.288787,3.590e-03
8000,1323.0,1.119377,0.293112,1.118136,0.289763,3.572e-03
8000,1324.0,1.115974,0.294070,1.114731,0.290742,3.553e-03
8000,1325.0,1.112568,0.295029,1.111324,0.291723,3.532e-03
8000,1326.0,1.109160,0.295986,1.107916,0.292707,3.507e-03
8000,1327.0,1.105751,0.296947,1.104507,0.293694,3.483e-03
8000,1328.0,1.102339,0.297908,1.101096,0.294684,3.455e-03
8000,1329.0,1.098926,0.298870,1.097685,0.295676,3.426e-03
8000,1330.0,1.095510,0.299833,1.094272,0.296672,3.395e-03
8000,1331.0,1.092091,0.300796,1.090858,0.297670,3.361e-03
8000,1332.0,1.088673,0.301760,1.087442,0.298671,3.326e-03
8000,1333.0,1.085251,0.302726,1.084026,0.299674,3.289e-03
8000,1334.0,1.081827,0.303693,1.080608,0.300681,3.250e-03
8000,1335.0,1.078401,0.304660,1.077189,0.301690,3.208e-03
8000,1336.0,1.074973,0.305628,1.073769,0.302702,3.164e-03
8000,1337.0,1.071545,0.306597,1.070348,0.303717,3.119e-03
8000,1338.0,1.068112,0.307567,1.066926,0.304734,3.071e-03
8000,1339.0,1.064679,0.308539,1.063503,0.305755,3.022e-03
8000,1340.0,1.061243,0.309510,1.060078,0.306778,2.971e-03
8000,1341.0,1.057806,0.310483,1.056652,0.307804,2.917e-03
8000,1342.0,1.054365,0.311456,1.053226,0.308833,2.860e-03
8000,1343.0,1.050924,0.312431,1.049798,0.309864,2.803e-03
8000,1344.0,1.047481,0.313407,1.046369,0.310899,2.743e-03
8000,1345.0,1.044034,0.314385,1.042939,0.311936,2.682e-03
8000,1346.0,1.040588,0.315362,1.039508,0.312976,2.618e-03
8000,1347.0,1.037137,0.316341,1.036076,0.314019,2.552e-03
8000,1348.0,1.033685,0.317320,1.032643,0.315065,2.484e-03
8000,1349.0,1.030231,0.318300,1.029209,0.316114,2.413e-03
8000,1350.0,1.026776,0.319282,1.025774,0.317166,2.341e-03
8000,1351.0,1.023319,0.320263,1.022338,0.318220,2.266e-03
8000,1352.0,1.019859,0.321246,1.018902,0.319277,2.189e-03
8000,1353.0,1.016397,0.322231,1.015464,0.320338,2.111e-03
8000,1354.0,1.012934,0.323215,1.012025,0.321401,2.030e-03
8000,1355.0,1.009468,0.324202,1.008585,0.322467,1.947e-03
8000,1356.0,1.006000,0.325189,1.005144,0.323535,1.862e-03
8000,1357.0,1.002531,0.326176,1.001703,0.324607,1.774e-03
8000,1358.0,0.999059,0.327165,0.998260,0.325681,1.685e-03
8000,1359.0,0.995585,0.328156,0.994817,0.326759,1.594e-03
8000,1360.0,0.992110,0.329146,0.991373,0.327839,1.501e-03
8000,1361.0,0.988632,0.330138,0.987927,0.328922,1.405e-03
8000,1362.0,0.985151,0.331130,0.984482,0.330008,1.306e-03
8000,1363.0,0.981670,0.332125,0.981035,0.331097,1.208e-03
8000,1364.0,0.978186,0.333119,0.977587,0.332189,1.107e-03
8000,1365.0,0.974700,0.334115,0.974139,0.333284,1.003e-03
8000,1366.0,0.971212,0.335112,0.970689,0.334382,8.982e-04
8000,1367.0,0.967722,0.336108,0.967239,0.335482,7.907e-04
8000,1368.0,0.964230,0.337108,0.963789,0.336586,6.837e-04
8000,1369.0,0.960736,0.338107,0.960337,0.337692,5.755e-04
8000,1370.0,0.957241,0.339107,0.956885,0.338801,4.695e-04
8000,1371.0,0.953743,0.340108,0.953432,0.339914,3.672e-04
8000,1372.0,0.950243,0.341112,0.949978,0.341029,2.774e-04
8000,1373.0,0.946741,0.342115,0.946523,0.342147,2.200e-04
8000,1374.0,0.943237,0.343119,0.943068,0.343268,2.249e-04
8000,1375.0,0.939731,0.344124,0.939612,0.344392,2.924e-04
8000,1376.0,0.936223,0.345130,0.936156,0.345519,3.942e-04
8000,1377.0,0.932714,0.346138,0.932699,0.346648,5.109e-04
8000,1378.0,0.929201,0.347147,0.929241,0.347781,6.357e-04
8000,1379.0,0.925688,0.348156,0.925782,0.348917,7.667e-04
8000,1380.0,0.922171,0.349165,0.922323,0.350055,9.029e-04
8000,1381.0,0.918653,0.350178,0.918864,0.351197,1.041e-03
8000,1382.0,0.915133,0.351191,0.915403,0.352341,1.182e-03
8000,1383.0,0.911611,0.352203,0.911943,0.353489,1.327e-03
8000,1384.0,0.908087,0.353217,0.908481,0.354639,1.476e-03
8000,1385.0,0.904561,0.354233,0.905019,0.355793,1.625e-03
8000,1386.0,0.901033,0.355249,0.901557,0.356949,1.779e-03
8000,1387.0,0.897502,0.356266,0.898094,0.358108,1.935e-03
8000,1388.0,0.893970,0.357284,0.894630,0.359270,2.093e-03
8000,1389.0,0.890436,0.358303,0.891166,0.360435,2.254e-03
8000,1390.0,0.886899,0.359324,0.887702,0.361604,2.416e-03
8000,1391.0,0.883362,0.360345,0.884237,0.362775,2.582e-03
8000,1392.0,0.879821,0.361368,0.880772,0.363949,2.750e-03
8000,1393.0,0.876280,0.362391,0.877306,0.365126,2.921e-03
8000,1394.0,0.872735,0.363416,0.873840,0.366306,3.094e-03
8000,1395.0,0.869188,0.364440,0.870373,0.367489,3.270e-03
8000,1396.0,0.865640,0.365468,0.866906,0.368674,3.447e-03
8000,1397.0,0.862090,0.366495,0.863439,0.369863,3.629e-03
8000,1398.0,0.858538,0.367523,0.859971,0.371055,3.812e-03
8000,1399.0,0.854984,0.368552,0.856503,0.372250,3.998e-03
8000,1400.0,0.851426,0.369583,0.853034,0.373448,4.186e-03
